rank_channel_index,x,y,z,power,temperature
0,0,0,0,0.0552051,54.0363
0,1,0,0,5.80095e-05,51.1034
0,2,0,0,4.26701e-05,49.4428
0,3,0,0,0.000119367,48.2658
0,4,0,0,0.000100588,47.34
0,5,0,0,6.13575e-05,46.582
0,6,0,0,0.000100588,45.9497
0,7,0,0,9.89145e-05,45.4086
0,8,0,0,5.80095e-05,44.9421
0,9,0,0,0.000197829,44.5421
0,10,0,0,0.000119367,44.1822
0,11,0,0,6.13575e-05,43.863
0,12,0,0,0.000102262,43.5833
0,13,0,0,4.0905e-05,43.3303
0,14,0,0,9.89145e-05,43.1084
0,15,0,0,7.8462e-05,42.908
0,16,0,0,0.00015525,42.7294
0,17,0,0,8.181e-05,42.562
0,18,0,0,0.000117693,42.4141
0,19,0,0,0.000158598,42.2778
0,20,0,0,2.04525e-05,42.1463
0,21,0,0,4.0905e-05,42.0332
0,22,0,0,0.000138146,41.9347
0,23,0,0,9.72405e-05,41.8396
0,24,0,0,4.0905e-05,41.7503
0,25,0,0,4.0905e-05,41.671
0,26,0,0,9.63579e-05,41.6023
0,27,0,0,9.89145e-05,41.5382
0,28,0,0,8.52491e-05,41.4787
0,29,0,0,8.0136e-05,41.4227
0,30,0,0,1.87785e-05,41.3696
0,31,0,0,0.000158598,41.328
0,32,0,0,8.0136e-05,41.2824
0,33,0,0,6.13575e-05,41.241
0,34,0,0,0.000105283,41.2055
0,35,0,0,6.99097e-05,41.1707
0,36,0,0,8.0136e-05,41.1368
0,37,0,0,3.41179e-05,41.1029
0,38,0,0,7.8462e-05,41.0755
0,39,0,0,9.72405e-05,41.0522
0,40,0,0,0.000101471,41.0304
0,41,0,0,7.8462e-05,41.0079
0,42,0,0,0.000121041,40.9878
0,43,0,0,5.96835e-05,40.9666
0,44,0,0,9.89145e-05,40.9517
0,45,0,0,8.0136e-05,40.9353
0,46,0,0,5.96835e-05,40.9182
0,47,0,0,0.00015172,40.9052
0,48,0,0,8.0136e-05,40.8875
0,49,0,0,2.04525e-05,40.8718
0,50,0,0,3.45364e-05,40.8625
0,51,0,0,9.55665e-05,40.8558
0,52,0,0,1.87785e-05,40.8464
0,53,0,0,9.89145e-05,40.8441
0,54,0,0,5.80095e-05,40.8402
0,55,0,0,8.78512e-05,40.8394
0,56,0,0,0.000243429,40.8401
0,57,0,0,9.89145e-05,40.8283
0,58,0,0,0.000115928,40.819
0,59,0,0,4.0905e-05,40.8086
0,60,0,0,8.0136e-05,40.805
0,61,0,0,0.000121041,40.8012
0,62,0,0,0.000128802,40.7968
0,63,0,0,9.71494e-05,40.7909
0,64,0,0,3.9231e-05,40.7849
0,65,0,0,0.000117693,40.7847
0,66,0,0,8.0136e-05,40.7833
0,67,0,0,0.000113672,40.7848
0,68,0,0,0.000117693,40.783
0,69,0,0,0.00013982,40.7813
0,70,0,0,0.000160272,40.7783
0,71,0,0,9.72405e-05,40.7717
0,72,0,0,7.15837e-05,40.7665
0,73,0,0,0.00013982,40.765
0,74,0,0,3.9231e-05,40.7588
0,75,0,0,8.27837e-05,40.7574
0,76,0,0,0.000156251,40.7577
0,77,0,0,0.000121041,40.7542
0,78,0,0,6.22401e-05,40.7497
0,79,0,0,7.8462e-05,40.749
0,80,0,0,9.01986e-05,40.7504
0,81,0,0,0.000153485,40.7538
0,82,0,0,5.33149e-05,40.7495
0,83,0,0,0.000121041,40.7497
0,84,0,0,9.39465e-05,40.7459
0,85,0,0,0.00021164,40.7454
0,86,0,0,8.0136e-05,40.7345
0,87,0,0,7.54414e-05,40.7262
0,88,0,0,8.0136e-05,40.7195
0,89,0,0,5.80095e-05,40.7143
0,90,0,0,0.00010068,40.711
0,91,0,0,0.000122715,40.7075
0,92,0,0,4.79469e-05,40.7017
0,93,0,0,8.181e-05,40.6983
0,94,0,0,7.8462e-05,40.6937
0,95,0,0,4.0905e-05,40.6876
0,96,0,0,3.7557e-05,40.6851
0,97,0,0,4.0905e-05,40.6869
0,98,0,0,3.9231e-05,40.6924
0,99,0,0,0.000175756,40.7038
0,100,0,0,9.65672e-05,40.7043
0,101,0,0,0.000119367,40.7046
0,102,0,0,6.47966e-05,40.701
0,103,0,0,9.55665e-05,40.7002
0,104,0,0,0.000115045,40.7008
0,105,0,0,1.87785e-05,40.6987
0,106,0,0,0.000171335,40.7039
0,107,0,0,3.9231e-05,40.7016
0,108,0,0,0.000138146,40.7084
0,109,0,0,0.000142167,40.7111
0,110,0,0,7.8462e-05,40.7091
0,111,0,0,0.000116019,40.7106
0,112,0,0,8.0136e-05,40.71
0,113,0,0,8.86882e-05,40.7105
0,114,0,0,0.000141493,40.7136
0,115,0,0,0.000117693,40.7141
0,116,0,0,0.000121924,40.7158
0,117,0,0,0.000172409,40.7173
0,118,0,0,0.000114672,40.7133
0,119,0,0,6.64706e-05,40.7081
0,120,0,0,3.9231e-05,40.7053
0,121,0,0,0.000182399,40.7088
0,122,0,0,4.60181e-05,40.7021
0,123,0,0,5.96835e-05,40.7007
0,124,0,0,0.000109141,40.7024
0,125,0,0,0.000117693,40.7012
0,126,0,0,8.31566e-05,40.6979
0,127,0,0,0.000146861,40.6962
0,0,1,0,8.57468e-05,51.0998
0,1,1,0,7.8462e-05,49.9467
0,2,1,0,3.57919e-05,48.8177
0,3,1,0,5.96835e-05,47.8609
0,4,1,0,3.45364e-05,47.0556
0,5,1,0,9.72405e-05,46.3765
0,6,1,0,0.000185419,45.796
0,7,1,0,8.19011e-05,45.2864
0,8,1,0,8.0136e-05,44.8444
0,9,1,0,0.000121041,44.4594
0,10,1,0,9.72405e-05,44.1148
0,11,1,0,5.80095e-05,43.8076
0,12,1,0,0.000145187,43.538
0,13,1,0,5.96835e-05,43.2905
0,14,1,0,5.96835e-05,43.0715
0,15,1,0,8.181e-05,42.8757
0,16,1,0,8.78057e-05,42.698
0,17,1,0,0,42.5326
0,18,1,0,0.000100588,42.3889
0,19,1,0,7.8462e-05,42.2536
0,20,1,0,3.9231e-05,42.1272
0,21,1,0,4.0905e-05,42.0151
0,22,1,0,4.94573e-05,41.9153
0,23,1,0,9.25459e-05,41.8242
0,24,1,0,9.55665e-05,41.7381
0,25,1,0,4.0905e-05,41.6577
0,26,1,0,6.22401e-05,41.5878
0,27,1,0,4.0905e-05,41.5237
0,28,1,0,0.000131358,41.4682
0,29,1,0,0.000111697,41.4127
0,30,1,0,5.88009e-05,41.3594
0,31,1,0,8.0136e-05,41.3143
0,32,1,0,9.89145e-05,41.2716
0,33,1,0,8.0136e-05,41.2308
0,34,1,0,5.49889e-05,41.1945
0,35,1,0,0.000201687,41.1658
0,36,1,0,0.00013982,41.1306
0,37,1,0,8.69231e-05,41.0953
0,38,1,0,2.55656e-06,41.0635
0,39,1,0,6.13575e-05,41.041
0,40,1,0,0.000130385,41.0216
0,41,1,0,0.000116019,40.9991
0,42,1,0,5.47155e-05,40.9756
0,43,1,0,1.87785e-05,40.9554
0,44,1,0,0.000134798,40.9439
0,45,1,0,0.000167987,40.9297
0,46,1,0,9.89145e-05,40.9104
0,47,1,0,4.60181e-05,40.8926
0,48,1,0,5.96835e-05,40.8777
0,49,1,0,6.13575e-05,40.8655
0,50,1,0,0.000146188,40.8588
0,51,1,0,9.03622e-05,40.8488
0,52,1,0,7.6788e-05,40.8401
0,53,1,0,8.0136e-05,40.8354
0,54,1,0,0.000119367,40.8331
0,55,1,0,0.000158736,40.8311
0,56,1,0,7.54414e-05,40.824
0,57,1,0,0.000119367,40.8171
0,58,1,0,8.35751e-05,40.8075
0,59,1,0,4.0905e-05,40.7989
0,60,1,0,0.00017905,40.7979
0,61,1,0,3.9231e-05,40.7884
0,62,1,0,6.56792e-05,40.784
0,63,1,0,0.00010068,40.7809
0,64,1,0,0.000102262,40.7767
0,65,1,0,4.0905e-05,40.7724
0,66,1,0,6.73532e-05,40.7728
0,67,1,0,0.000198502,40.7769
0,68,1,0,8.0136e-05,40.7709
0,69,1,0,8.0136e-05,40.7673
0,70,1,0,6.73532e-05,40.7636
0,71,1,0,9.89145e-05,40.7604
0,72,1,0,8.86882e-05,40.7564
0,73,1,0,8.0136e-05,40.7537
0,74,1,0,0.00014405,40.7524
0,75,1,0,9.29188e-05,40.7476
0,76,1,0,4.32523e-05,40.7432
0,77,1,0,7.8462e-05,40.7418
0,78,1,0,9.80319e-05,40.7404
0,79,1,0,7.14201e-05,40.7387
0,80,1,0,6.50514e-05,40.7397
0,81,1,0,0.000181607,40.745
0,82,1,0,0.000122388,40.7423
0,83,1,0,0.000184073,40.7418
0,84,1,0,6.13575e-05,40.7339
0,85,1,0,0.000101471,40.7312
0,86,1,0,0.000113999,40.725
0,87,1,0,0.000100261,40.7174
0,88,1,0,3.9231e-05,40.7095
0,89,1,0,0.000143259,40.7079
0,90,1,0,5.28964e-05,40.7005
0,91,1,0,3.06787e-05,40.6961
0,92,1,0,0.000149882,40.6966
0,93,1,0,0.000100588,40.6919
0,94,1,0,0.000122715,40.6879
0,95,1,0,5.63355e-05,40.6807
0,96,1,0,1.87785e-05,40.6769
0,97,1,0,6.13575e-05,40.6794
0,98,1,0,3.7557e-05,40.684
0,99,1,0,0.000180725,40.6953
0,100,1,0,0.000128501,40.6966
0,101,1,0,0.000138145,40.6964
0,102,1,0,0.000110233,40.6928
0,103,1,0,2.04525e-05,40.6882
0,104,1,0,8.78057e-05,40.6905
0,105,1,0,0.000126245,40.6921
0,106,1,0,4.69462e-05,40.6901
0,107,1,0,1.87785e-05,40.6898
0,108,1,0,0.000121041,40.6971
0,109,1,0,0.000135798,40.7002
0,110,1,0,7.6788e-05,40.6985
0,111,1,0,0.000100588,40.6999
0,112,1,0,0.00013982,40.7012
0,113,1,0,5.71725e-05,40.6985
0,114,1,0,8.0136e-05,40.6996
0,115,1,0,4.55996e-05,40.6997
0,116,1,0,0.000115136,40.7031
0,117,1,0,8.181e-05,40.7029
0,118,1,0,0.000114882,40.7027
0,119,1,0,0.000114254,40.6999
0,120,1,0,8.181e-05,40.6967
0,121,1,0,0.000119367,40.6973
0,122,1,0,9.71494e-05,40.694
0,123,1,0,8.181e-05,40.6924
0,124,1,0,0.000150046,40.6943
0,125,1,0,8.31566e-05,40.6909
0,126,1,0,9.42199e-05,40.6889
0,127,1,0,0.000168661,40.6879
0,0,2,0,6.69683e-05,49.4304
0,1,2,0,0,48.8077
0,2,2,0,0,48.0607
0,3,2,0,0,47.3344
0,4,2,0,4.69463e-06,46.6736
0,5,2,0,0,46.0863
0,6,2,0,1.40839e-05,45.5677
0,7,2,0,1.53394e-05,45.1067
0,8,2,0,0,44.6977
0,9,2,0,0,44.3352
0,10,2,0,0,44.011
0,11,2,0,0,43.7206
0,12,2,0,1.17366e-05,43.461
0,13,2,0,0,43.2253
0,14,2,0,0,43.0137
0,15,2,0,0,42.823
0,16,2,0,1.27828e-05,42.65
0,17,2,0,0,42.4911
0,18,2,0,0,42.3479
0,19,2,0,0,42.2162
0,20,2,0,0,42.0951
0,21,2,0,0,41.9854
0,22,2,0,1.02263e-05,41.8864
0,23,2,0,4.69463e-06,41.7952
0,24,2,0,0,41.7108
0,25,2,0,0,41.6332
0,26,2,0,0,41.5632
0,27,2,0,0,41.4994
0,28,2,0,0,41.4416
0,29,2,0,7.66969e-06,41.3875
0,30,2,0,2.55656e-06,41.3364
0,31,2,0,0,41.2901
0,32,2,0,0,41.2473
0,33,2,0,0,41.2076
0,34,2,0,0,41.1714
0,35,2,0,4.69463e-06,41.1388
0,36,2,0,0,41.1057
0,37,2,0,0,41.0741
0,38,2,0,1.78959e-05,41.0457
0,39,2,0,0,41.0205
0,40,2,0,1.02263e-05,40.9985
0,41,2,0,0,40.9762
0,42,2,0,0,40.955
0,43,2,0,0,40.9361
0,44,2,0,0,40.9205
0,45,2,0,9.38925e-06,40.9053
0,46,2,0,0,40.8886
0,47,2,0,5.11312e-06,40.873
0,48,2,0,0,40.8589
0,49,2,0,0,40.8471
0,50,2,0,0,40.8377
0,51,2,0,1.02263e-05,40.829
0,52,2,0,0,40.8206
0,53,2,0,0,40.8144
0,54,2,0,0,40.8097
0,55,2,0,4.28287e-06,40.8052
0,56,2,0,0,40.7989
0,57,2,0,0,40.7921
0,58,2,0,0,40.7848
0,59,2,0,0,40.7781
0,60,2,0,0,40.7733
0,61,2,0,0,40.7672
0,62,2,0,0,40.7625
0,63,2,0,0,40.7586
0,64,2,0,0,40.7549
0,65,2,0,0,40.7519
0,66,2,0,1.27828e-05,40.7509
0,67,2,0,0,40.7498
0,68,2,0,0,40.7465
0,69,2,0,0,40.7433
0,70,2,0,1.27828e-05,40.7405
0,71,2,0,0,40.7369
0,72,2,0,0,40.7336
0,73,2,0,0,40.7309
0,74,2,0,1.78959e-05,40.729
0,75,2,0,0,40.7251
0,76,2,0,0,40.7218
0,77,2,0,0,40.7197
0,78,2,0,0,40.7182
0,79,2,0,7.04194e-06,40.7173
0,80,2,0,0,40.7169
0,81,2,0,2.55656e-06,40.7177
0,82,2,0,0,40.7161
0,83,2,0,0,40.714
0,84,2,0,0,40.7099
0,85,2,0,1.78959e-05,40.7067
0,86,2,0,7.04194e-06,40.7014
0,87,2,0,0,40.6953
0,88,2,0,0,40.6899
0,89,2,0,1.53394e-05,40.6865
0,90,2,0,0,40.6813
0,91,2,0,1.02263e-05,40.6778
0,92,2,0,0,40.6749
0,93,2,0,0,40.6714
0,94,2,0,0,40.6678
0,95,2,0,0,40.6639
0,96,2,0,0,40.6619
0,97,2,0,0,40.6627
0,98,2,0,0,40.6655
0,99,2,0,0,40.6701
0,100,2,0,1.53394e-05,40.6724
0,101,2,0,0,40.6719
0,102,2,0,2.34731e-06,40.6705
0,103,2,0,0,40.6689
0,104,2,0,0,40.6695
0,105,2,0,3.06787e-05,40.6711
0,106,2,0,0,40.6699
0,107,2,0,0,40.6703
0,108,2,0,0,40.6729
0,109,2,0,0,40.6747
0,110,2,0,0,40.6751
0,111,2,0,0,40.6758
0,112,2,0,0,40.6764
0,113,2,0,9.38925e-06,40.6764
0,114,2,0,0,40.6766
0,115,2,0,1.40839e-05,40.6774
0,116,2,0,0,40.6781
0,117,2,0,0,40.6783
0,118,2,0,2.96325e-05,40.6788
0,119,2,0,0,40.6761
0,120,2,0,0,40.6741
0,121,2,0,0,40.673
0,122,2,0,0,40.6713
0,123,2,0,0,40.6701
0,124,2,0,0,40.6698
0,125,2,0,1.40839e-05,40.6686
0,126,2,0,0,40.6663
0,127,2,0,0,40.6642
0,0,3,0,6.69683e-05,48.2402
0,1,3,0,0,47.839
0,2,3,0,0,47.3237
0,3,3,0,0,46.7785
0,4,3,0,0,46.2492
0,5,3,0,0,45.7557
0,6,3,0,0,45.3045
0,7,3,0,0,44.8948
0,8,3,0,0,44.5246
0,9,3,0,0,44.191
0,10,3,0,0,43.8898
0,11,3,0,0,43.6178
0,12,3,0,0,43.3719
0,13,3,0,0,43.1488
0,14,3,0,0,42.9466
0,15,3,0,0,42.7631
0,16,3,0,0,42.5961
0,17,3,0,0,42.4433
0,18,3,0,0,42.304
0,19,3,0,0,42.1763
0,20,3,0,0,42.0593
0,21,3,0,0,41.9524
0,22,3,0,0,41.8548
0,23,3,0,0,41.7653
0,24,3,0,0,41.6828
0,25,3,0,0,41.6071
0,26,3,0,0,41.5379
0,27,3,0,0,41.4747
0,28,3,0,0,41.4167
0,29,3,0,0,41.3629
0,30,3,0,0,41.313
0,31,3,0,0,41.2671
0,32,3,0,0,41.2246
0,33,3,0,0,41.1853
0,34,3,0,0,41.1491
0,35,3,0,0,41.1156
0,36,3,0,0,41.0836
0,37,3,0,0,41.0535
0,38,3,0,0,41.0259
0,39,3,0,0,41.0007
0,40,3,0,0,40.9777
0,41,3,0,0,40.956
0,42,3,0,0,40.9356
0,43,3,0,0,40.917
0,44,3,0,0,40.9003
0,45,3,0,0,40.8845
0,46,3,0,0,40.8689
0,47,3,0,0,40.8543
0,48,3,0,0,40.8411
0,49,3,0,0,40.8294
0,50,3,0,0,40.8193
0,51,3,0,0,40.8103
0,52,3,0,0,40.8022
0,53,3,0,0,40.7952
0,54,3,0,0,40.7892
0,55,3,0,0,40.7835
0,56,3,0,0,40.7773
0,57,3,0,0,40.7709
0,58,3,0,0,40.7645
0,59,3,0,0,40.7584
0,60,3,0,0,40.7531
0,61,3,0,0,40.7478
0,62,3,0,0,40.7431
0,63,3,0,0,40.739
0,64,3,0,0,40.7354
0,65,3,0,0,40.7324
0,66,3,0,0,40.7301
0,67,3,0,0,40.7279
0,68,3,0,0,40.725
0,69,3,0,0,40.7221
0,70,3,0,0,40.7191
0,71,3,0,0,40.716
0,72,3,0,0,40.713
0,73,3,0,0,40.7103
0,74,3,0,0,40.7078
0,75,3,0,0,40.7048
0,76,3,0,0,40.7022
0,77,3,0,0,40.7
0,78,3,0,0,40.6983
0,79,3,0,0,40.697
0,80,3,0,0,40.696
0,81,3,0,0,40.6951
0,82,3,0,0,40.6935
0,83,3,0,0,40.6911
0,84,3,0,0,40.6879
0,85,3,0,0,40.6845
0,86,3,0,0,40.6802
0,87,3,0,0,40.6755
0,88,3,0,0,40.671
0,89,3,0,0,40.6672
0,90,3,0,0,40.6632
0,91,3,0,0,40.6597
0,92,3,0,0,40.6566
0,93,3,0,0,40.6536
0,94,3,0,0,40.6506
0,95,3,0,0,40.6481
0,96,3,0,0,40.6466
0,97,3,0,0,40.6467
0,98,3,0,0,40.648
0,99,3,0,0,40.6499
0,100,3,0,0,40.6511
0,101,3,0,0,40.6512
0,102,3,0,0,40.6506
0,103,3,0,0,40.6501
0,104,3,0,0,40.6502
0,105,3,0,0,40.6507
0,106,3,0,0,40.6507
0,107,3,0,0,40.6512
0,108,3,0,0,40.6524
0,109,3,0,0,40.6535
0,110,3,0,0,40.6541
0,111,3,0,0,40.6547
0,112,3,0,0,40.6551
0,113,3,0,0,40.6553
0,114,3,0,0,40.6555
0,115,3,0,0,40.6559
0,116,3,0,0,40.6562
0,117,3,0,0,40.6562
0,118,3,0,0,40.6559
0,119,3,0,0,40.6546
0,120,3,0,0,40.6532
0,121,3,0,0,40.652
0,122,3,0,0,40.6508
0,123,3,0,0,40.6497
0,124,3,0,0,40.6489
0,125,3,0,0,40.6478
0,126,3,0,0,40.6463
0,127,3,0,0,40.6448
0,0,4,0,6.69683e-05,47.3051
0,1,4,0,0,47.0237
0,2,4,0,0,46.6527
0,3,4,0,0,46.2393
0,4,4,0,0,45.818
0,5,4,0,0,45.4091
0,6,4,0,0,45.0232
0,7,4,0,0,44.6645
0,8,4,0,0,44.3342
0,9,4,0,0,44.0317
0,10,4,0,0,43.7554
0,11,4,0,0,43.5033
0,12,4,0,0,43.2734
0,13,4,0,0,43.0635
0,14,4,0,0,42.8721
0,15,4,0,0,42.6973
0,16,4,0,0,42.5375
0,17,4,0,0,42.3911
0,18,4,0,0,42.2569
0,19,4,0,0,42.1338
0,20,4,0,0,42.0208
0,21,4,0,0,41.9171
0,22,4,0,0,41.822
0,23,4,0,0,41.7346
0,24,4,0,0,41.6542
0,25,4,0,0,41.5802
0,26,4,0,0,41.5123
0,27,4,0,0,41.45
0,28,4,0,0,41.3926
0,29,4,0,0,41.3395
0,30,4,0,0,41.2904
0,31,4,0,0,41.2451
0,32,4,0,0,41.2031
0,33,4,0,0,41.1643
0,34,4,0,0,41.1284
0,35,4,0,0,41.095
0,36,4,0,0,41.0637
0,37,4,0,0,41.0344
0,38,4,0,0,41.0073
0,39,4,0,0,40.9824
0,40,4,0,0,40.9593
0,41,4,0,0,40.9379
0,42,4,0,0,40.9179
0,43,4,0,0,40.8995
0,44,4,0,0,40.8825
0,45,4,0,0,40.8666
0,46,4,0,0,40.8516
0,47,4,0,0,40.8376
0,48,4,0,0,40.8248
0,49,4,0,0,40.8133
0,50,4,0,0,40.803
0,51,4,0,0,40.7938
0,52,4,0,0,40.7855
0,53,4,0,0,40.7782
0,54,4,0,0,40.7715
0,55,4,0,0,40.7652
0,56,4,0,0,40.759
0,57,4,0,0,40.7528
0,58,4,0,0,40.7467
0,59,4,0,0,40.741
0,60,4,0,0,40.7357
0,61,4,0,0,40.7306
0,62,4,0,0,40.7261
0,63,4,0,0,40.7219
0,64,4,0,0,40.7182
0,65,4,0,0,40.715
0,66,4,0,0,40.7121
0,67,4,0,0,40.7094
0,68,4,0,0,40.7065
0,69,4,0,0,40.7036
0,70,4,0,0,40.7007
0,71,4,0,0,40.6978
0,72,4,0,0,40.695
0,73,4,0,0,40.6923
0,74,4,0,0,40.6897
0,75,4,0,0,40.6871
0,76,4,0,0,40.6847
0,77,4,0,0,40.6826
0,78,4,0,0,40.6807
0,79,4,0,0,40.6791
0,80,4,0,0,40.6777
0,81,4,0,0,40.6762
0,82,4,0,0,40.6742
0,83,4,0,0,40.6719
0,84,4,0,0,40.669
0,85,4,0,0,40.6657
0,86,4,0,0,40.662
0,87,4,0,0,40.6581
0,88,4,0,0,40.6542
0,89,4,0,0,40.6506
0,90,4,0,0,40.6471
0,91,4,0,0,40.6439
0,92,4,0,0,40.6409
0,93,4,0,0,40.6382
0,94,4,0,0,40.6357
0,95,4,0,0,40.6336
0,96,4,0,0,40.6323
0,97,4,0,0,40.6319
0,98,4,0,0,40.6323
0,99,4,0,0,40.633
0,100,4,0,0,40.6335
0,101,4,0,0,40.6336
0,102,4,0,0,40.6334
0,103,4,0,0,40.6331
0,104,4,0,0,40.6332
0,105,4,0,0,40.6333
0,106,4,0,0,40.6335
0,107,4,0,0,40.6339
0,108,4,0,0,40.6346
0,109,4,0,0,40.6353
0,110,4,0,0,40.6358
0,111,4,0,0,40.6363
0,112,4,0,0,40.6366
0,113,4,0,0,40.6368
0,114,4,0,0,40.637
0,115,4,0,0,40.6371
0,116,4,0,0,40.6372
0,117,4,0,0,40.637
0,118,4,0,0,40.6366
0,119,4,0,0,40.6357
0,120,4,0,0,40.6347
0,121,4,0,0,40.6337
0,122,4,0,0,40.6327
0,123,4,0,0,40.6317
0,124,4,0,0,40.6308
0,125,4,0,0,40.6298
0,126,4,0,0,40.6288
0,127,4,0,0,40.6278
0,0,5,0,6.69683e-05,46.5389
0,1,5,0,0,46.3322
0,2,5,0,0,46.0557
0,3,5,0,0,45.7372
0,4,5,0,0,45.4008
0,5,5,0,0,45.0637
0,6,5,0,0,44.7366
0,7,5,0,0,44.4257
0,8,5,0,0,44.134
0,9,5,0,0,43.8628
0,10,5,0,0,43.6118
0,11,5,0,0,43.3804
0,12,5,0,0,43.1674
0,13,5,0,0,42.9717
0,14,5,0,0,42.7919
0,15,5,0,0,42.6267
0,16,5,0,0,42.475
0,17,5,0,0,42.3354
0,18,5,0,0,42.2071
0,19,5,0,0,42.0889
0,20,5,0,0,41.9802
0,21,5,0,0,41.8801
0,22,5,0,0,41.788
0,23,5,0,0,41.7032
0,24,5,0,0,41.625
0,25,5,0,0,41.553
0,26,5,0,0,41.4866
0,27,5,0,0,41.4255
0,28,5,0,0,41.3691
0,29,5,0,0,41.317
0,30,5,0,0,41.2688
0,31,5,0,0,41.2242
0,32,5,0,0,41.1829
0,33,5,0,0,41.1446
0,34,5,0,0,41.1092
0,35,5,0,0,41.0762
0,36,5,0,0,41.0455
0,37,5,0,0,41.0169
0,38,5,0,0,40.9903
0,39,5,0,0,40.9657
0,40,5,0,0,40.9429
0,41,5,0,0,40.9217
0,42,5,0,0,40.902
0,43,5,0,0,40.8838
0,44,5,0,0,40.8669
0,45,5,0,0,40.8511
0,46,5,0,0,40.8365
0,47,5,0,0,40.8228
0,48,5,0,0,40.8103
0,49,5,0,0,40.7989
0,50,5,0,0,40.7886
0,51,5,0,0,40.7793
0,52,5,0,0,40.7709
0,53,5,0,0,40.7633
0,54,5,0,0,40.7563
0,55,5,0,0,40.7497
0,56,5,0,0,40.7435
0,57,5,0,0,40.7374
0,58,5,0,0,40.7315
0,59,5,0,0,40.726
0,60,5,0,0,40.7207
0,61,5,0,0,40.7158
0,62,5,0,0,40.7113
0,63,5,0,0,40.7071
0,64,5,0,0,40.7034
0,65,5,0,0,40.6999
0,66,5,0,0,40.6968
0,67,5,0,0,40.6937
0,68,5,0,0,40.6908
0,69,5,0,0,40.6879
0,70,5,0,0,40.685
0,71,5,0,0,40.6822
0,72,5,0,0,40.6795
0,73,5,0,0,40.6768
0,74,5,0,0,40.6743
0,75,5,0,0,40.6719
0,76,5,0,0,40.6696
0,77,5,0,0,40.6675
0,78,5,0,0,40.6656
0,79,5,0,0,40.6638
0,80,5,0,0,40.662
0,81,5,0,0,40.6602
0,82,5,0,0,40.6581
0,83,5,0,0,40.6557
0,84,5,0,0,40.653
0,85,5,0,0,40.6499
0,86,5,0,0,40.6466
0,87,5,0,0,40.6432
0,88,5,0,0,40.6398
0,89,5,0,0,40.6364
0,90,5,0,0,40.6332
0,91,5,0,0,40.6302
0,92,5,0,0,40.6274
0,93,5,0,0,40.6249
0,94,5,0,0,40.6227
0,95,5,0,0,40.6209
0,96,5,0,0,40.6196
0,97,5,0,0,40.6189
0,98,5,0,0,40.6187
0,99,5,0,0,40.6187
0,100,5,0,0,40.6188
0,101,5,0,0,40.6187
0,102,5,0,0,40.6186
0,103,5,0,0,40.6184
0,104,5,0,0,40.6184
0,105,5,0,0,40.6185
0,106,5,0,0,40.6186
0,107,5,0,0,40.6189
0,108,5,0,0,40.6193
0,109,5,0,0,40.6197
0,110,5,0,0,40.6201
0,111,5,0,0,40.6204
0,112,5,0,0,40.6206
0,113,5,0,0,40.6208
0,114,5,0,0,40.6209
0,115,5,0,0,40.6209
0,116,5,0,0,40.6209
0,117,5,0,0,40.6206
0,118,5,0,0,40.6202
0,119,5,0,0,40.6195
0,120,5,0,0,40.6187
0,121,5,0,0,40.6179
0,122,5,0,0,40.617
0,123,5,0,0,40.6161
0,124,5,0,0,40.6153
0,125,5,0,0,40.6145
0,126,5,0,0,40.6136
0,127,5,0,0,40.613
0,0,6,0,6.69683e-05,45.8971
0,1,6,0,0,45.7404
0,2,6,0,0,45.5285
0,3,6,0,0,45.279
0,4,6,0,0,45.0085
0,5,6,0,0,44.7303
0,6,6,0,0,44.4541
0,7,6,0,0,44.1862
0,8,6,0,0,43.9305
0,9,6,0,0,43.6891
0,10,6,0,0,43.463
0,11,6,0,0,43.2523
0,12,6,0,0,43.0565
0,13,6,0,0,42.8752
0,14,6,0,0,42.7075
0,15,6,0,0,42.5525
0,16,6,0,0,42.4093
0,17,6,0,0,42.2771
0,18,6,0,0,42.155
0,19,6,0,0,42.0422
0,20,6,0,0,41.9381
0,21,6,0,0,41.8419
0,22,6,0,0,41.7531
0,23,6,0,0,41.6712
0,24,6,0,0,41.5954
0,25,6,0,0,41.5255
0,26,6,0,0,41.4609
0,27,6,0,0,41.4013
0,28,6,0,0,41.3461
0,29,6,0,0,41.2952
0,30,6,0,0,41.248
0,31,6,0,0,41.2043
0,32,6,0,0,41.1638
0,33,6,0,0,41.1262
0,34,6,0,0,41.0914
0,35,6,0,0,41.059
0,36,6,0,0,41.0289
0,37,6,0,0,41.0009
0,38,6,0,0,40.9749
0,39,6,0,0,40.9507
0,40,6,0,0,40.9282
0,41,6,0,0,40.9074
0,42,6,0,0,40.888
0,43,6,0,0,40.87
0,44,6,0,0,40.8532
0,45,6,0,0,40.8377
0,46,6,0,0,40.8233
0,47,6,0,0,40.8099
0,48,6,0,0,40.7976
0,49,6,0,0,40.7864
0,50,6,0,0,40.7762
0,51,6,0,0,40.7669
0,52,6,0,0,40.7584
0,53,6,0,0,40.7506
0,54,6,0,0,40.7435
0,55,6,0,0,40.7368
0,56,6,0,0,40.7305
0,57,6,0,0,40.7245
0,58,6,0,0,40.7188
0,59,6,0,0,40.7133
0,60,6,0,0,40.7082
0,61,6,0,0,40.7034
0,62,6,0,0,40.6988
0,63,6,0,0,40.6947
0,64,6,0,0,40.6908
0,65,6,0,0,40.6872
0,66,6,0,0,40.6839
0,67,6,0,0,40.6807
0,68,6,0,0,40.6776
0,69,6,0,0,40.6747
0,70,6,0,0,40.6718
0,71,6,0,0,40.6691
0,72,6,0,0,40.6664
0,73,6,0,0,40.6639
0,74,6,0,0,40.6615
0,75,6,0,0,40.6591
0,76,6,0,0,40.6569
0,77,6,0,0,40.6548
0,78,6,0,0,40.6528
0,79,6,0,0,40.6509
0,80,6,0,0,40.649
0,81,6,0,0,40.647
0,82,6,0,0,40.6448
0,83,6,0,0,40.6424
0,84,6,0,0,40.6398
0,85,6,0,0,40.6369
0,86,6,0,0,40.6339
0,87,6,0,0,40.6308
0,88,6,0,0,40.6276
0,89,6,0,0,40.6245
0,90,6,0,0,40.6215
0,91,6,0,0,40.6187
0,92,6,0,0,40.6161
0,93,6,0,0,40.6138
0,94,6,0,0,40.6117
0,95,6,0,0,40.61
0,96,6,0,0,40.6086
0,97,6,0,0,40.6077
0,98,6,0,0,40.6071
0,99,6,0,0,40.6068
0,100,6,0,0,40.6065
0,101,6,0,0,40.6063
0,102,6,0,0,40.6061
0,103,6,0,0,40.6059
0,104,6,0,0,40.6058
0,105,6,0,0,40.6058
0,106,6,0,0,40.6059
0,107,6,0,0,40.6061
0,108,6,0,0,40.6063
0,109,6,0,0,40.6066
0,110,6,0,0,40.6068
0,111,6,0,0,40.607
0,112,6,0,0,40.6072
0,113,6,0,0,40.6073
0,114,6,0,0,40.6073
0,115,6,0,0,40.6072
0,116,6,0,0,40.6071
0,117,6,0,0,40.6068
0,118,6,0,0,40.6064
0,119,6,0,0,40.6058
0,120,6,0,0,40.6052
0,121,6,0,0,40.6044
0,122,6,0,0,40.6037
0,123,6,0,0,40.6029
0,124,6,0,0,40.6021
0,125,6,0,0,40.6014
0,126,6,0,0,40.6007
0,127,6,0,0,40.6002
0,0,7,0,6.69683e-05,45.3518
0,1,7,0,0,45.2297
0,2,7,0,0,45.0637
0,3,7,0,0,44.8651
0,4,7,0,0,44.6456
0,5,7,0,0,44.4152
0,6,7,0,0,44.182
0,7,7,0,0,43.9518
0,8,7,0,0,43.7286
0,9,7,0,0,43.515
0,10,7,0,0,43.3125
0,11,7,0,0,43.1217
0,12,7,0,0,42.943
0,13,7,0,0,42.776
0,14,7,0,0,42.6205
0,15,7,0,0,42.4759
0,16,7,0,0,42.3416
0,17,7,0,0,42.217
0,18,7,0,0,42.1014
0,19,7,0,0,41.9942
0,20,7,0,0,41.8949
0,21,7,0,0,41.8029
0,22,7,0,0,41.7177
0,23,7,0,0,41.6388
0,24,7,0,0,41.5657
0,25,7,0,0,41.4981
0,26,7,0,0,41.4355
0,27,7,0,0,41.3775
0,28,7,0,0,41.3238
0,29,7,0,0,41.2741
0,30,7,0,0,41.2281
0,31,7,0,0,41.1854
0,32,7,0,0,41.1458
0,33,7,0,0,41.1091
0,34,7,0,0,41.0751
0,35,7,0,0,41.0434
0,36,7,0,0,41.0139
0,37,7,0,0,40.9866
0,38,7,0,0,40.9611
0,39,7,0,0,40.9374
0,40,7,0,0,40.9153
0,41,7,0,0,40.8948
0,42,7,0,0,40.8757
0,43,7,0,0,40.858
0,44,7,0,0,40.8415
0,45,7,0,0,40.8262
0,46,7,0,0,40.812
0,47,7,0,0,40.7989
0,48,7,0,0,40.7868
0,49,7,0,0,40.7757
0,50,7,0,0,40.7656
0,51,7,0,0,40.7564
0,52,7,0,0,40.7479
0,53,7,0,0,40.7401
0,54,7,0,0,40.733
0,55,7,0,0,40.7263
0,56,7,0,0,40.72
0,57,7,0,0,40.714
0,58,7,0,0,40.7084
0,59,7,0,0,40.703
0,60,7,0,0,40.698
0,61,7,0,0,40.6932
0,62,7,0,0,40.6887
0,63,7,0,0,40.6845
0,64,7,0,0,40.6805
0,65,7,0,0,40.6768
0,66,7,0,0,40.6733
0,67,7,0,0,40.6701
0,68,7,0,0,40.6669
0,69,7,0,0,40.664
0,70,7,0,0,40.6611
0,71,7,0,0,40.6584
0,72,7,0,0,40.6558
0,73,7,0,0,40.6533
0,74,7,0,0,40.651
0,75,7,0,0,40.6487
0,76,7,0,0,40.6466
0,77,7,0,0,40.6445
0,78,7,0,0,40.6425
0,79,7,0,0,40.6405
0,80,7,0,0,40.6385
0,81,7,0,0,40.6364
0,82,7,0,0,40.6342
0,83,7,0,0,40.6318
0,84,7,0,0,40.6293
0,85,7,0,0,40.6265
0,86,7,0,0,40.6237
0,87,7,0,0,40.6207
0,88,7,0,0,40.6178
0,89,7,0,0,40.6148
0,90,7,0,0,40.612
0,91,7,0,0,40.6094
0,92,7,0,0,40.6069
0,93,7,0,0,40.6046
0,94,7,0,0,40.6026
0,95,7,0,0,40.6009
0,96,7,0,0,40.5995
0,97,7,0,0,40.5984
0,98,7,0,0,40.5976
0,99,7,0,0,40.597
0,100,7,0,0,40.5966
0,101,7,0,0,40.5962
0,102,7,0,0,40.5959
0,103,7,0,0,40.5957
0,104,7,0,0,40.5955
0,105,7,0,0,40.5954
0,106,7,0,0,40.5954
0,107,7,0,0,40.5955
0,108,7,0,0,40.5956
0,109,7,0,0,40.5958
0,110,7,0,0,40.5959
0,111,7,0,0,40.596
0,112,7,0,0,40.5961
0,113,7,0,0,40.5961
0,114,7,0,0,40.596
0,115,7,0,0,40.5959
0,116,7,0,0,40.5957
0,117,7,0,0,40.5955
0,118,7,0,0,40.5951
0,119,7,0,0,40.5946
0,120,7,0,0,40.594
0,121,7,0,0,40.5933
0,122,7,0,0,40.5926
0,123,7,0,0,40.5919
0,124,7,0,0,40.5912
0,125,7,0,0,40.5905
0,126,7,0,0,40.59
0,127,7,0,0,40.5895
0,0,8,0,6.69683e-05,44.8834
0,1,8,0,0,44.7861
0,2,8,0,0,44.6535
0,3,8,0,0,44.4931
0,4,8,0,0,44.3133
0,5,8,0,0,44.1215
0,6,8,0,0,43.9242
0,7,8,0,0,43.7265
0,8,8,0,0,43.5321
0,9,8,0,0,43.3437
0,10,8,0,0,43.163
0,11,8,0,0,42.9912
0,12,8,0,0,42.8287
0,13,8,0,0,42.6758
0,14,8,0,0,42.5324
0,15,8,0,0,42.3982
0,16,8,0,0,42.2728
0,17,8,0,0,42.1559
0,18,8,0,0,42.047
0,19,8,0,0,41.9456
0,20,8,0,0,41.8512
0,21,8,0,0,41.7635
0,22,8,0,0,41.682
0,23,8,0,0,41.6064
0,24,8,0,0,41.5361
0,25,8,0,0,41.4709
0,26,8,0,0,41.4104
0,27,8,0,0,41.3542
0,28,8,0,0,41.3022
0,29,8,0,0,41.2539
0,30,8,0,0,41.2091
0,31,8,0,0,41.1676
0,32,8,0,0,41.1291
0,33,8,0,0,41.0933
0,34,8,0,0,41.0601
0,35,8,0,0,41.0292
0,36,8,0,0,41.0005
0,37,8,0,0,40.9738
0,38,8,0,0,40.9489
0,39,8,0,0,40.9257
0,40,8,0,0,40.9041
0,41,8,0,0,40.884
0,42,8,0,0,40.8653
0,43,8,0,0,40.8478
0,44,8,0,0,40.8316
0,45,8,0,0,40.8166
0,46,8,0,0,40.8026
0,47,8,0,0,40.7897
0,48,8,0,0,40.7779
0,49,8,0,0,40.767
0,50,8,0,0,40.757
0,51,8,0,0,40.7478
0,52,8,0,0,40.7395
0,53,8,0,0,40.7317
0,54,8,0,0,40.7246
0,55,8,0,0,40.718
0,56,8,0,0,40.7118
0,57,8,0,0,40.7059
0,58,8,0,0,40.7003
0,59,8,0,0,40.695
0,60,8,0,0,40.69
0,61,8,0,0,40.6853
0,62,8,0,0,40.6808
0,63,8,0,0,40.6765
0,64,8,0,0,40.6725
0,65,8,0,0,40.6687
0,66,8,0,0,40.6651
0,67,8,0,0,40.6618
0,68,8,0,0,40.6586
0,69,8,0,0,40.6556
0,70,8,0,0,40.6527
0,71,8,0,0,40.65
0,72,8,0,0,40.6475
0,73,8,0,0,40.6451
0,74,8,0,0,40.6428
0,75,8,0,0,40.6406
0,76,8,0,0,40.6385
0,77,8,0,0,40.6365
0,78,8,0,0,40.6345
0,79,8,0,0,40.6325
0,80,8,0,0,40.6305
0,81,8,0,0,40.6284
0,82,8,0,0,40.6261
0,83,8,0,0,40.6238
0,84,8,0,0,40.6212
0,85,8,0,0,40.6186
0,86,8,0,0,40.6158
0,87,8,0,0,40.613
0,88,8,0,0,40.6102
0,89,8,0,0,40.6074
0,90,8,0,0,40.6047
0,91,8,0,0,40.6021
0,92,8,0,0,40.5997
0,93,8,0,0,40.5975
0,94,8,0,0,40.5955
0,95,8,0,0,40.5938
0,96,8,0,0,40.5923
0,97,8,0,0,40.5911
0,98,8,0,0,40.5901
0,99,8,0,0,40.5894
0,100,8,0,0,40.5887
0,101,8,0,0,40.5883
0,102,8,0,0,40.5879
0,103,8,0,0,40.5876
0,104,8,0,0,40.5873
0,105,8,0,0,40.5872
0,106,8,0,0,40.5871
0,107,8,0,0,40.5871
0,108,8,0,0,40.5871
0,109,8,0,0,40.5872
0,110,8,0,0,40.5872
0,111,8,0,0,40.5873
0,112,8,0,0,40.5872
0,113,8,0,0,40.5872
0,114,8,0,0,40.5871
0,115,8,0,0,40.587
0,116,8,0,0,40.5867
0,117,8,0,0,40.5865
0,118,8,0,0,40.5861
0,119,8,0,0,40.5856
0,120,8,0,0,40.5851
0,121,8,0,0,40.5845
0,122,8,0,0,40.5838
0,123,8,0,0,40.5831
0,124,8,0,0,40.5825
0,125,8,0,0,40.5818
0,126,8,0,0,40.5813
0,127,8,0,0,40.5808
0,0,9,0,6.69683e-05,44.4776
0,1,9,0,0,44.3986
0,2,9,0,0,44.2908
0,3,9,0,0,44.1596
0,4,9,0,0,44.0108
0,5,9,0,0,43.8502
0,6,9,0,0,43.6827
0,7,9,0,0,43.5127
0,8,9,0,0,43.3435
0,9,9,0,0,43.1777
0,10,9,0,0,43.017
0,11,9,0,0,42.8627
0,12,9,0,0,42.7156
0,13,9,0,0,42.5761
0,14,9,0,0,42.4444
0,15,9,0,0,42.3203
0,16,9,0,0,42.2038
0,17,9,0,0,42.0946
0,18,9,0,0,41.9924
0,19,9,0,0,41.8968
0,20,9,0,0,41.8075
0,21,9,0,0,41.7242
0,22,9,0,0,41.6465
0,23,9,0,0,41.5742
0,24,9,0,0,41.5068
0,25,9,0,0,41.4441
0,26,9,0,0,41.3858
0,27,9,0,0,41.3317
0,28,9,0,0,41.2813
0,29,9,0,0,41.2346
0,30,9,0,0,41.1912
0,31,9,0,0,41.1509
0,32,9,0,0,41.1135
0,33,9,0,0,41.0787
0,34,9,0,0,41.0465
0,35,9,0,0,41.0165
0,36,9,0,0,40.9886
0,37,9,0,0,40.9626
0,38,9,0,0,40.9384
0,39,9,0,0,40.9158
0,40,9,0,0,40.8947
0,41,9,0,0,40.875
0,42,9,0,0,40.8566
0,43,9,0,0,40.8395
0,44,9,0,0,40.8235
0,45,9,0,0,40.8088
0,46,9,0,0,40.795
0,47,9,0,0,40.7824
0,48,9,0,0,40.7707
0,49,9,0,0,40.76
0,50,9,0,0,40.7502
0,51,9,0,0,40.7412
0,52,9,0,0,40.733
0,53,9,0,0,40.7254
0,54,9,0,0,40.7184
0,55,9,0,0,40.7119
0,56,9,0,0,40.7058
0,57,9,0,0,40.7
0,58,9,0,0,40.6945
0,59,9,0,0,40.6893
0,60,9,0,0,40.6844
0,61,9,0,0,40.6796
0,62,9,0,0,40.6751
0,63,9,0,0,40.6708
0,64,9,0,0,40.6668
0,65,9,0,0,40.6629
0,66,9,0,0,40.6592
0,67,9,0,0,40.6557
0,68,9,0,0,40.6525
0,69,9,0,0,40.6494
0,70,9,0,0,40.6466
0,71,9,0,0,40.6439
0,72,9,0,0,40.6414
0,73,9,0,0,40.6391
0,74,9,0,0,40.6369
0,75,9,0,0,40.6348
0,76,9,0,0,40.6328
0,77,9,0,0,40.6309
0,78,9,0,0,40.6289
0,79,9,0,0,40.627
0,80,9,0,0,40.6249
0,81,9,0,0,40.6228
0,82,9,0,0,40.6205
0,83,9,0,0,40.6182
0,84,9,0,0,40.6157
0,85,9,0,0,40.6131
0,86,9,0,0,40.6104
0,87,9,0,0,40.6076
0,88,9,0,0,40.6048
0,89,9,0,0,40.6021
0,90,9,0,0,40.5994
0,91,9,0,0,40.5969
0,92,9,0,0,40.5945
0,93,9,0,0,40.5924
0,94,9,0,0,40.5904
0,95,9,0,0,40.5886
0,96,9,0,0,40.5871
0,97,9,0,0,40.5858
0,98,9,0,0,40.5846
0,99,9,0,0,40.5837
0,100,9,0,0,40.583
0,101,9,0,0,40.5824
0,102,9,0,0,40.5819
0,103,9,0,0,40.5815
0,104,9,0,0,40.5813
0,105,9,0,0,40.5811
0,106,9,0,0,40.5809
0,107,9,0,0,40.5809
0,108,9,0,0,40.5808
0,109,9,0,0,40.5808
0,110,9,0,0,40.5808
0,111,9,0,0,40.5807
0,112,9,0,0,40.5807
0,113,9,0,0,40.5806
0,114,9,0,0,40.5804
0,115,9,0,0,40.5802
0,116,9,0,0,40.58
0,117,9,0,0,40.5797
0,118,9,0,0,40.5794
0,119,9,0,0,40.579
0,120,9,0,0,40.5785
0,121,9,0,0,40.5779
0,122,9,0,0,40.5772
0,123,9,0,0,40.5766
0,124,9,0,0,40.5759
0,125,9,0,0,40.5752
0,126,9,0,0,40.5746
0,127,9,0,0,40.5741
0,0,10,0,6.69683e-05,44.1235
0,1,10,0,0,44.0583
0,2,10,0,0,43.9695
0,3,10,0,0,43.8608
0,4,10,0,0,43.7367
0,5,10,0,0,43.6012
0,6,10,0,0,43.4585
0,7,10,0,0,43.312
0,8,10,0,0,43.1647
0,9,10,0,0,43.0187
0,10,10,0,0,42.876
0,11,10,0,0,42.7378
0,12,10,0,0,42.605
0,13,10,0,0,42.4781
0,14,10,0,0,42.3576
0,15,10,0,0,42.2434
0,16,10,0,0,42.1355
0,17,10,0,0,42.0339
0,18,10,0,0,41.9382
0,19,10,0,0,41.8484
0,20,10,0,0,41.7641
0,21,10,0,0,41.6852
0,22,10,0,0,41.6115
0,23,10,0,0,41.5425
0,24,10,0,0,41.4781
0,25,10,0,0,41.4181
0,26,10,0,0,41.3621
0,27,10,0,0,41.3099
0,28,10,0,0,41.2613
0,29,10,0,0,41.2162
0,30,10,0,0,41.1742
0,31,10,0,0,41.1353
0,32,10,0,0,41.0991
0,33,10,0,0,41.0655
0,34,10,0,0,41.0343
0,35,10,0,0,41.0053
0,36,10,0,0,40.9783
0,37,10,0,0,40.9531
0,38,10,0,0,40.9296
0,39,10,0,0,40.9076
0,40,10,0,0,40.887
0,41,10,0,0,40.8678
0,42,10,0,0,40.8497
0,43,10,0,0,40.8329
0,44,10,0,0,40.8173
0,45,10,0,0,40.8027
0,46,10,0,0,40.7893
0,47,10,0,0,40.7768
0,48,10,0,0,40.7654
0,49,10,0,0,40.7549
0,50,10,0,0,40.7453
0,51,10,0,0,40.7366
0,52,10,0,0,40.7286
0,53,10,0,0,40.7212
0,54,10,0,0,40.7144
0,55,10,0,0,40.708
0,56,10,0,0,40.7021
0,57,10,0,0,40.6964
0,58,10,0,0,40.691
0,59,10,0,0,40.6859
0,60,10,0,0,40.681
0,61,10,0,0,40.6763
0,62,10,0,0,40.6718
0,63,10,0,0,40.6674
0,64,10,0,0,40.6633
0,65,10,0,0,40.6593
0,66,10,0,0,40.6555
0,67,10,0,0,40.6519
0,68,10,0,0,40.6486
0,69,10,0,0,40.6455
0,70,10,0,0,40.6426
0,71,10,0,0,40.64
0,72,10,0,0,40.6375
0,73,10,0,0,40.6353
0,74,10,0,0,40.6332
0,75,10,0,0,40.6313
0,76,10,0,0,40.6294
0,77,10,0,0,40.6276
0,78,10,0,0,40.6257
0,79,10,0,0,40.6238
0,80,10,0,0,40.6218
0,81,10,0,0,40.6196
0,82,10,0,0,40.6174
0,83,10,0,0,40.615
0,84,10,0,0,40.6125
0,85,10,0,0,40.6099
0,86,10,0,0,40.6072
0,87,10,0,0,40.6045
0,88,10,0,0,40.6017
0,89,10,0,0,40.599
0,90,10,0,0,40.5963
0,91,10,0,0,40.5938
0,92,10,0,0,40.5914
0,93,10,0,0,40.5892
0,94,10,0,0,40.5872
0,95,10,0,0,40.5854
0,96,10,0,0,40.5838
0,97,10,0,0,40.5824
0,98,10,0,0,40.5811
0,99,10,0,0,40.5801
0,100,10,0,0,40.5792
0,101,10,0,0,40.5785
0,102,10,0,0,40.578
0,103,10,0,0,40.5776
0,104,10,0,0,40.5773
0,105,10,0,0,40.577
0,106,10,0,0,40.5769
0,107,10,0,0,40.5767
0,108,10,0,0,40.5766
0,109,10,0,0,40.5766
0,110,10,0,0,40.5765
0,111,10,0,0,40.5764
0,112,10,0,0,40.5763
0,113,10,0,0,40.5761
0,114,10,0,0,40.5759
0,115,10,0,0,40.5757
0,116,10,0,0,40.5755
0,117,10,0,0,40.5752
0,118,10,0,0,40.5749
0,119,10,0,0,40.5745
0,120,10,0,0,40.5741
0,121,10,0,0,40.5735
0,122,10,0,0,40.5729
0,123,10,0,0,40.5721
0,124,10,0,0,40.5714
0,125,10,0,0,40.5706
0,126,10,0,0,40.5699
0,127,10,0,0,40.5693
0,0,11,0,6.69683e-05,43.8128
0,1,11,0,0,43.7582
0,2,11,0,0,43.6841
0,3,11,0,0,43.5932
0,4,11,0,0,43.4887
0,5,11,0,0,43.3738
0,6,11,0,0,43.2517
0,7,11,0,0,43.1251
0,8,11,0,0,42.9966
0,9,11,0,0,42.8681
0,10,11,0,0,42.7414
0,11,11,0,0,42.6177
0,12,11,0,0,42.4981
0,13,11,0,0,42.3831
0,14,11,0,0,42.2731
0,15,11,0,0,42.1683
0,16,11,0,0,42.0688
0,17,11,0,0,41.9744
0,18,11,0,0,41.8852
0,19,11,0,0,41.801
0,20,11,0,0,41.7217
0,21,11,0,0,41.6472
0,22,11,0,0,41.5772
0,23,11,0,0,41.5117
0,24,11,0,0,41.4503
0,25,11,0,0,41.3929
0,26,11,0,0,41.3392
0,27,11,0,0,41.2891
0,28,11,0,0,41.2424
0,29,11,0,0,41.1989
0,30,11,0,0,41.1584
0,31,11,0,0,41.1209
0,32,11,0,0,41.086
0,33,11,0,0,41.0537
0,34,11,0,0,41.0236
0,35,11,0,0,40.9956
0,36,11,0,0,40.9696
0,37,11,0,0,40.9453
0,38,11,0,0,40.9225
0,39,11,0,0,40.9012
0,40,11,0,0,40.8812
0,41,11,0,0,40.8624
0,42,11,0,0,40.8447
0,43,11,0,0,40.8282
0,44,11,0,0,40.8128
0,45,11,0,0,40.7985
0,46,11,0,0,40.7853
0,47,11,0,0,40.7731
0,48,11,0,0,40.7619
0,49,11,0,0,40.7516
0,50,11,0,0,40.7423
0,51,11,0,0,40.7338
0,52,11,0,0,40.7261
0,53,11,0,0,40.719
0,54,11,0,0,40.7125
0,55,11,0,0,40.7063
0,56,11,0,0,40.7006
0,57,11,0,0,40.6951
0,58,11,0,0,40.6898
0,59,11,0,0,40.6848
0,60,11,0,0,40.6799
0,61,11,0,0,40.6752
0,62,11,0,0,40.6707
0,63,11,0,0,40.6663
0,64,11,0,0,40.662
0,65,11,0,0,40.6579
0,66,11,0,0,40.654
0,67,11,0,0,40.6503
0,68,11,0,0,40.6469
0,69,11,0,0,40.6437
0,70,11,0,0,40.6408
0,71,11,0,0,40.6382
0,72,11,0,0,40.6359
0,73,11,0,0,40.6337
0,74,11,0,0,40.6318
0,75,11,0,0,40.63
0,76,11,0,0,40.6284
0,77,11,0,0,40.6267
0,78,11,0,0,40.6249
0,79,11,0,0,40.623
0,80,11,0,0,40.621
0,81,11,0,0,40.6189
0,82,11,0,0,40.6166
0,83,11,0,0,40.6143
0,84,11,0,0,40.6118
0,85,11,0,0,40.6091
0,86,11,0,0,40.6064
0,87,11,0,0,40.6036
0,88,11,0,0,40.6008
0,89,11,0,0,40.5979
0,90,11,0,0,40.5952
0,91,11,0,0,40.5927
0,92,11,0,0,40.5903
0,93,11,0,0,40.588
0,94,11,0,0,40.586
0,95,11,0,0,40.5841
0,96,11,0,0,40.5825
0,97,11,0,0,40.5809
0,98,11,0,0,40.5796
0,99,11,0,0,40.5784
0,100,11,0,0,40.5774
0,101,11,0,0,40.5767
0,102,11,0,0,40.5761
0,103,11,0,0,40.5757
0,104,11,0,0,40.5754
0,105,11,0,0,40.5751
0,106,11,0,0,40.5749
0,107,11,0,0,40.5747
0,108,11,0,0,40.5745
0,109,11,0,0,40.5745
0,110,11,0,0,40.5744
0,111,11,0,0,40.5743
0,112,11,0,0,40.5741
0,113,11,0,0,40.5738
0,114,11,0,0,40.5736
0,115,11,0,0,40.5734
0,116,11,0,0,40.5732
0,117,11,0,0,40.5729
0,118,11,0,0,40.5727
0,119,11,0,0,40.5723
0,120,11,0,0,40.5719
0,121,11,0,0,40.5713
0,122,11,0,0,40.5707
0,123,11,0,0,40.5699
0,124,11,0,0,40.569
0,125,11,0,0,40.568
0,126,11,0,0,40.5671
0,127,11,0,0,40.5664
0,0,12,0,6.69683e-05,43.5389
0,1,12,0,0,43.4926
0,2,12,0,0,43.4302
0,3,12,0,0,43.3536
0,4,12,0,0,43.265
0,5,12,0,0,43.1669
0,6,12,0,0,43.0619
0,7,12,0,0,42.9522
0,8,12,0,0,42.8398
0,9,12,0,0,42.7266
0,10,12,0,0,42.614
0,11,12,0,0,42.5034
0,12,12,0,0,42.3957
0,13,12,0,0,42.2916
0,14,12,0,0,42.1916
0,15,12,0,0,42.0958
0,16,12,0,0,42.0043
0,17,12,0,0,41.9169
0,18,12,0,0,41.8338
0,19,12,0,0,41.755
0,20,12,0,0,41.6806
0,21,12,0,0,41.6103
0,22,12,0,0,41.5442
0,23,12,0,0,41.482
0,24,12,0,0,41.4237
0,25,12,0,0,41.3689
0,26,12,0,0,41.3175
0,27,12,0,0,41.2694
0,28,12,0,0,41.2245
0,29,12,0,0,41.1827
0,30,12,0,0,41.1438
0,31,12,0,0,41.1077
0,32,12,0,0,41.0743
0,33,12,0,0,41.0432
0,34,12,0,0,41.0143
0,35,12,0,0,40.9875
0,36,12,0,0,40.9626
0,37,12,0,0,40.9393
0,38,12,0,0,40.9174
0,39,12,0,0,40.8967
0,40,12,0,0,40.8773
0,41,12,0,0,40.8589
0,42,12,0,0,40.8416
0,43,12,0,0,40.8253
0,44,12,0,0,40.8102
0,45,12,0,0,40.7961
0,46,12,0,0,40.7831
0,47,12,0,0,40.7712
0,48,12,0,0,40.7602
0,49,12,0,0,40.7501
0,50,12,0,0,40.7411
0,51,12,0,0,40.733
0,52,12,0,0,40.7257
0,53,12,0,0,40.719
0,54,12,0,0,40.7127
0,55,12,0,0,40.7069
0,56,12,0,0,40.7013
0,57,12,0,0,40.6961
0,58,12,0,0,40.6909
0,59,12,0,0,40.686
0,60,12,0,0,40.6812
0,61,12,0,0,40.6765
0,62,12,0,0,40.6719
0,63,12,0,0,40.6674
0,64,12,0,0,40.663
0,65,12,0,0,40.6588
0,66,12,0,0,40.6547
0,67,12,0,0,40.6508
0,68,12,0,0,40.6473
0,69,12,0,0,40.644
0,70,12,0,0,40.6411
0,71,12,0,0,40.6386
0,72,12,0,0,40.6363
0,73,12,0,0,40.6343
0,74,12,0,0,40.6326
0,75,12,0,0,40.6311
0,76,12,0,0,40.6296
0,77,12,0,0,40.6282
0,78,12,0,0,40.6266
0,79,12,0,0,40.6247
0,80,12,0,0,40.6227
0,81,12,0,0,40.6205
0,82,12,0,0,40.6183
0,83,12,0,0,40.6159
0,84,12,0,0,40.6134
0,85,12,0,0,40.6108
0,86,12,0,0,40.608
0,87,12,0,0,40.605
0,88,12,0,0,40.602
0,89,12,0,0,40.5991
0,90,12,0,0,40.5963
0,91,12,0,0,40.5936
0,92,12,0,0,40.5912
0,93,12,0,0,40.5889
0,94,12,0,0,40.5868
0,95,12,0,0,40.5849
0,96,12,0,0,40.5831
0,97,12,0,0,40.5815
0,98,12,0,0,40.58
0,99,12,0,0,40.5787
0,100,12,0,0,40.5776
0,101,12,0,0,40.5768
0,102,12,0,0,40.5762
0,103,12,0,0,40.5758
0,104,12,0,0,40.5755
0,105,12,0,0,40.5752
0,106,12,0,0,40.575
0,107,12,0,0,40.5747
0,108,12,0,0,40.5746
0,109,12,0,0,40.5745
0,110,12,0,0,40.5744
0,111,12,0,0,40.5743
0,112,12,0,0,40.5741
0,113,12,0,0,40.5737
0,114,12,0,0,40.5734
0,115,12,0,0,40.5732
0,116,12,0,0,40.573
0,117,12,0,0,40.5728
0,118,12,0,0,40.5726
0,119,12,0,0,40.5723
0,120,12,0,0,40.5719
0,121,12,0,0,40.5714
0,122,12,0,0,40.5708
0,123,12,0,0,40.5699
0,124,12,0,0,40.5688
0,125,12,0,0,40.5676
0,126,12,0,0,40.5663
0,127,12,0,0,40.5652
0,0,13,0,6.69683e-05,43.2965
0,1,13,0,0,43.257
0,2,13,0,0,43.2041
0,3,13,0,0,43.139
0,4,13,0,0,43.0634
0,5,13,0,0,42.9792
0,6,13,0,0,42.8885
0,7,13,0,0,42.7931
0,8,13,0,0,42.6946
0,9,13,0,0,42.5946
0,10,13,0,0,42.4945
0,11,13,0,0,42.3955
0,12,13,0,0,42.2986
0,13,13,0,0,42.2045
0,14,13,0,0,42.1139
0,15,13,0,0,42.0267
0,16,13,0,0,41.9427
0,17,13,0,0,41.862
0,18,13,0,0,41.7847
0,19,13,0,0,41.711
0,20,13,0,0,41.6412
0,21,13,0,0,41.5751
0,22,13,0,0,41.5127
0,23,13,0,0,41.4538
0,24,13,0,0,41.3984
0,25,13,0,0,41.3463
0,26,13,0,0,41.2972
0,27,13,0,0,41.251
0,28,13,0,0,41.2079
0,29,13,0,0,41.1677
0,30,13,0,0,41.1304
0,31,13,0,0,41.0959
0,32,13,0,0,41.0639
0,33,13,0,0,41.0342
0,34,13,0,0,41.0066
0,35,13,0,0,40.9811
0,36,13,0,0,40.9574
0,37,13,0,0,40.9352
0,38,13,0,0,40.9142
0,39,13,0,0,40.8943
0,40,13,0,0,40.8754
0,41,13,0,0,40.8574
0,42,13,0,0,40.8404
0,43,13,0,0,40.8244
0,44,13,0,0,40.8094
0,45,13,0,0,40.7955
0,46,13,0,0,40.7828
0,47,13,0,0,40.771
0,48,13,0,0,40.7603
0,49,13,0,0,40.7504
0,50,13,0,0,40.7417
0,51,13,0,0,40.7341
0,52,13,0,0,40.7273
0,53,13,0,0,40.7211
0,54,13,0,0,40.7152
0,55,13,0,0,40.7097
0,56,13,0,0,40.7045
0,57,13,0,0,40.6994
0,58,13,0,0,40.6945
0,59,13,0,0,40.6897
0,60,13,0,0,40.6849
0,61,13,0,0,40.6802
0,62,13,0,0,40.6756
0,63,13,0,0,40.671
0,64,13,0,0,40.6664
0,65,13,0,0,40.662
0,66,13,0,0,40.6576
0,67,13,0,0,40.6535
0,68,13,0,0,40.6498
0,69,13,0,0,40.6465
0,70,13,0,0,40.6435
0,71,13,0,0,40.641
0,72,13,0,0,40.6388
0,73,13,0,0,40.637
0,74,13,0,0,40.6355
0,75,13,0,0,40.6343
0,76,13,0,0,40.6333
0,77,13,0,0,40.6322
0,78,13,0,0,40.6308
0,79,13,0,0,40.629
0,80,13,0,0,40.6269
0,81,13,0,0,40.6247
0,82,13,0,0,40.6224
0,83,13,0,0,40.6201
0,84,13,0,0,40.6176
0,85,13,0,0,40.6148
0,86,13,0,0,40.6119
0,87,13,0,0,40.6088
0,88,13,0,0,40.6055
0,89,13,0,0,40.6023
0,90,13,0,0,40.5994
0,91,13,0,0,40.5967
0,92,13,0,0,40.5941
0,93,13,0,0,40.5917
0,94,13,0,0,40.5895
0,95,13,0,0,40.5877
0,96,13,0,0,40.5859
0,97,13,0,0,40.5841
0,98,13,0,0,40.5824
0,99,13,0,0,40.5808
0,100,13,0,0,40.5797
0,101,13,0,0,40.5789
0,102,13,0,0,40.5783
0,103,13,0,0,40.578
0,104,13,0,0,40.5778
0,105,13,0,0,40.5775
0,106,13,0,0,40.5772
0,107,13,0,0,40.5769
0,108,13,0,0,40.5767
0,109,13,0,0,40.5767
0,110,13,0,0,40.5767
0,111,13,0,0,40.5766
0,112,13,0,0,40.5763
0,113,13,0,0,40.5758
0,114,13,0,0,40.5753
0,115,13,0,0,40.575
0,116,13,0,0,40.575
0,117,13,0,0,40.5749
0,118,13,0,0,40.5748
0,119,13,0,0,40.5745
0,120,13,0,0,40.5742
0,121,13,0,0,40.5738
0,122,13,0,0,40.5732
0,123,13,0,0,40.5723
0,124,13,0,0,40.5709
0,125,13,0,0,40.5692
0,126,13,0,0,40.5674
0,127,13,0,0,40.5658
0,0,14,0,6.69683e-05,43.081
0,1,14,0,0,43.0475
0,2,14,0,0,43.0027
0,3,14,0,0,42.9471
0,4,14,0,0,42.8822
0,5,14,0,0,42.8095
0,6,14,0,0,42.7308
0,7,14,0,0,42.6476
0,8,14,0,0,42.5611
0,9,14,0,0,42.4725
0,10,14,0,0,42.383
0,11,14,0,0,42.2942
0,12,14,0,0,42.2069
0,13,14,0,0,42.1221
0,14,14,0,0,42.0404
0,15,14,0,0,41.9618
0,16,14,0,0,41.8849
0,17,14,0,0,41.8104
0,18,14,0,0,41.7384
0,19,14,0,0,41.6693
0,20,14,0,0,41.6039
0,21,14,0,0,41.5418
0,22,14,0,0,41.4829
0,23,14,0,0,41.4272
0,24,14,0,0,41.3748
0,25,14,0,0,41.3254
0,26,14,0,0,41.2784
0,27,14,0,0,41.234
0,28,14,0,0,41.1926
0,29,14,0,0,41.1541
0,30,14,0,0,41.1182
0,31,14,0,0,41.0854
0,32,14,0,0,41.055
0,33,14,0,0,41.0268
0,34,14,0,0,41.0005
0,35,14,0,0,40.9764
0,36,14,0,0,40.9541
0,37,14,0,0,40.9331
0,38,14,0,0,40.9133
0,39,14,0,0,40.8942
0,40,14,0,0,40.8758
0,41,14,0,0,40.858
0,42,14,0,0,40.8412
0,43,14,0,0,40.8253
0,44,14,0,0,40.8104
0,45,14,0,0,40.7967
0,46,14,0,0,40.7842
0,47,14,0,0,40.7728
0,48,14,0,0,40.7622
0,49,14,0,0,40.7523
0,50,14,0,0,40.7438
0,51,14,0,0,40.7369
0,52,14,0,0,40.7311
0,53,14,0,0,40.7256
0,54,14,0,0,40.72
0,55,14,0,0,40.7148
0,56,14,0,0,40.7101
0,57,14,0,0,40.7053
0,58,14,0,0,40.7004
0,59,14,0,0,40.6958
0,60,14,0,0,40.6911
0,61,14,0,0,40.6865
0,62,14,0,0,40.6819
0,63,14,0,0,40.6771
0,64,14,0,0,40.6722
0,65,14,0,0,40.6675
0,66,14,0,0,40.6628
0,67,14,0,0,40.6582
0,68,14,0,0,40.6543
0,69,14,0,0,40.651
0,70,14,0,0,40.6479
0,71,14,0,0,40.6454
0,72,14,0,0,40.6434
0,73,14,0,0,40.6418
0,74,14,0,0,40.6405
0,75,14,0,0,40.6398
0,76,14,0,0,40.6395
0,77,14,0,0,40.639
0,78,14,0,0,40.6379
0,79,14,0,0,40.636
0,80,14,0,0,40.6335
0,81,14,0,0,40.6312
0,82,14,0,0,40.629
0,83,14,0,0,40.6268
0,84,14,0,0,40.6243
0,85,14,0,0,40.6215
0,86,14,0,0,40.6184
0,87,14,0,0,40.615
0,88,14,0,0,40.6112
0,89,14,0,0,40.6076
0,90,14,0,0,40.6045
0,91,14,0,0,40.6019
0,92,14,0,0,40.5992
0,93,14,0,0,40.5964
0,94,14,0,0,40.5943
0,95,14,0,0,40.5926
0,96,14,0,0,40.5908
0,97,14,0,0,40.5889
0,98,14,0,0,40.5868
0,99,14,0,0,40.5848
0,100,14,0,0,40.5836
0,101,14,0,0,40.5828
0,102,14,0,0,40.5823
0,103,14,0,0,40.5823
0,104,14,0,0,40.5824
0,105,14,0,0,40.5821
0,106,14,0,0,40.5815
0,107,14,0,0,40.581
0,108,14,0,0,40.5808
0,109,14,0,0,40.581
0,110,14,0,0,40.5814
0,111,14,0,0,40.5814
0,112,14,0,0,40.5808
0,113,14,0,0,40.58
0,114,14,0,0,40.5792
0,115,14,0,0,40.5788
0,116,14,0,0,40.5792
0,117,14,0,0,40.5793
0,118,14,0,0,40.5792
0,119,14,0,0,40.579
0,120,14,0,0,40.5788
0,121,14,0,0,40.5786
0,122,14,0,0,40.5782
0,123,14,0,0,40.5772
0,124,14,0,0,40.5755
0,125,14,0,0,40.5731
0,126,14,0,0,40.5705
0,127,14,0,0,40.5678
0,0,15,0,6.69683e-05,42.8891
0,1,15,0,0,42.8611
0,2,15,0,0,42.8238
0,3,15,0,0,42.7757
0,4,15,0,0,42.7197
0,5,15,0,0,42.6564
0,6,15,0,0,42.588
0,7,15,0,0,42.5153
0,8,15,0,0,42.4392
0,9,15,0,0,42.3604
0,10,15,0,0,42.2798
0,11,15,0,0,42.1997
0,12,15,0,0,42.121
0,13,15,0,0,42.044
0,14,15,0,0,41.9714
0,15,15,0,0,41.9021
0,16,15,0,0,41.8316
0,17,15,0,0,41.7628
0,18,15,0,0,41.6954
0,19,15,0,0,41.6298
0,20,15,0,0,41.569
0,21,15,0,0,41.5109
0,22,15,0,0,41.4553
0,23,15,0,0,41.4024
0,24,15,0,0,41.3531
0,25,15,0,0,41.307
0,26,15,0,0,41.2615
0,27,15,0,0,41.2184
0,28,15,0,0,41.1788
0,29,15,0,0,41.1417
0,30,15,0,0,41.1071
0,31,15,0,0,41.0762
0,32,15,0,0,41.0479
0,33,15,0,0,41.021
0,34,15,0,0,40.9958
0,35,15,0,0,40.9735
0,36,15,0,0,40.9528
0,37,15,0,0,40.9333
0,38,15,0,0,40.9151
0,39,15,0,0,40.8965
0,40,15,0,0,40.8789
0,41,15,0,0,40.8609
0,42,15,0,0,40.8441
0,43,15,0,0,40.8284
0,44,15,0,0,40.8133
0,45,15,0,0,40.7994
0,46,15,0,0,40.7875
0,47,15,0,0,40.7766
0,48,15,0,0,40.7662
0,49,15,0,0,40.7558
0,50,15,0,0,40.747
0,51,15,0,0,40.7415
0,52,15,0,0,40.7375
0,53,15,0,0,40.7328
0,54,15,0,0,40.7271
0,55,15,0,0,40.7222
0,56,15,0,0,40.7186
0,57,15,0,0,40.7139
0,58,15,0,0,40.7088
0,59,15,0,0,40.7047
0,60,15,0,0,40.6999
0,61,15,0,0,40.6952
0,62,15,0,0,40.691
0,63,15,0,0,40.6858
0,64,15,0,0,40.6803
0,65,15,0,0,40.6756
0,66,15,0,0,40.6705
0,67,15,0,0,40.6647
0,68,15,0,0,40.6607
0,69,15,0,0,40.6576
0,70,15,0,0,40.6543
0,71,15,0,0,40.6518
0,72,15,0,0,40.6501
0,73,15,0,0,40.6487
0,74,15,0,0,40.6475
0,75,15,0,0,40.6475
0,76,15,0,0,40.6484
0,77,15,0,0,40.6487
0,78,15,0,0,40.6482
0,79,15,0,0,40.646
0,80,15,0,0,40.6425
0,81,15,0,0,40.6401
0,82,15,0,0,40.6379
0,83,15,0,0,40.6364
0,84,15,0,0,40.6339
0,85,15,0,0,40.6307
0,86,15,0,0,40.6275
0,87,15,0,0,40.6241
0,88,15,0,0,40.6189
0,89,15,0,0,40.6147
0,90,15,0,0,40.6115
0,91,15,0,0,40.6094
0,92,15,0,0,40.6067
0,93,15,0,0,40.6028
0,94,15,0,0,40.6008
0,95,15,0,0,40.5997
0,96,15,0,0,40.5983
0,97,15,0,0,40.5961
0,98,15,0,0,40.5932
0,99,15,0,0,40.5903
0,100,15,0,0,40.5892
0,101,15,0,0,40.5887
0,102,15,0,0,40.5882
0,103,15,0,0,40.5886
0,104,15,0,0,40.5896
0,105,15,0,0,40.5891
0,106,15,0,0,40.588
0,107,15,0,0,40.5871
0,108,15,0,0,40.5867
0,109,15,0,0,40.5875
0,110,15,0,0,40.5886
0,111,15,0,0,40.5889
0,112,15,0,0,40.5879
0,113,15,0,0,40.5863
0,114,15,0,0,40.5849
0,115,15,0,0,40.5841
0,116,15,0,0,40.5858
0,117,15,0,0,40.5863
0,118,15,0,0,40.586
0,119,15,0,0,40.5857
0,120,15,0,0,40.5857
0,121,15,0,0,40.5858
0,122,15,0,0,40.5859
0,123,15,0,0,40.585
0,124,15,0,0,40.5831
0,125,15,0,0,40.5795
0,126,15,0,0,40.5758
0,127,15,0,0,40.571
0,0,16,0,0.000167557,42.7179
0,1,16,0,8.181e-05,42.695
0,2,16,0,0.000158598,42.6665
0,3,16,0,5.96835e-05,42.6228
0,4,16,0,9.89145e-05,42.5748
0,5,16,0,6.13575e-05,42.5184
0,6,16,0,0.000102262,42.4591
0,7,16,0,0.000119367,42.3958
0,8,16,0,0.000122715,42.3291
0,9,16,0,0.000121041,42.2589
0,10,16,0,7.8462e-05,42.1845
0,11,16,0,7.8462e-05,42.112
0,12,16,0,9.72405e-05,42.041
0,13,16,0,1.78959e-05,41.9692
0,14,16,0,4.0905e-05,41.9063
0,15,16,0,0.000240408,41.8507
0,16,16,0,9.89145e-05,41.7832
0,17,16,0,0.000136472,41.7202
0,18,16,0,0.000131504,41.6567
0,19,16,0,2.04525e-05,41.5916
0,20,16,0,0.000121041,41.5371
0,21,16,0,0.000121041,41.4828
0,22,16,0,0.000122715,41.4302
0,23,16,0,5.96835e-05,41.3789
0,24,16,0,8.0136e-05,41.3332
0,25,16,0,0.000172682,41.2926
0,26,16,0,8.0136e-05,41.2467
0,27,16,0,2.04525e-05,41.2036
0,28,16,0,5.80095e-05,41.1669
0,29,16,0,5.96835e-05,41.1309
0,30,16,0,0,41.0963
0,31,16,0,5.80095e-05,41.0683
0,32,16,0,0.000100588,41.043
0,33,16,0,0.000108977,41.0172
0,34,16,0,5.80095e-05,40.9918
0,35,16,0,8.181e-05,40.9726
0,36,16,0,9.72405e-05,40.9539
0,37,16,0,9.76134e-05,40.9358
0,38,16,0,0.000161946,40.9205
0,39,16,0,7.6788e-05,40.9013
0,40,16,0,0.000141494,40.8856
0,41,16,0,6.43781e-05,40.8659
0,42,16,0,8.0136e-05,40.8489
0,43,16,0,0.000117693,40.8341
0,44,16,0,8.0136e-05,40.8182
0,45,16,0,5.96835e-05,40.8031
0,46,16,0,0.000102262,40.7929
0,47,16,0,9.03622e-05,40.7829
0,48,16,0,0.000121041,40.773
0,49,16,0,5.80095e-05,40.7604
0,50,16,0,0,40.7498
0,51,16,0,5.96835e-05,40.7473
0,52,16,0,0.00013982,40.7473
0,53,16,0,0.000138146,40.7439
0,54,16,0,7.6788e-05,40.7362
0,55,16,0,5.96835e-05,40.7309
0,56,16,0,0.000138146,40.7311
0,57,16,0,0.000121041,40.7257
0,58,16,0,5.96835e-05,40.719
0,59,16,0,0.000156924,40.7172
0,60,16,0,0.000105702,40.7114
0,61,16,0,6.67254e-05,40.7062
0,62,16,0,0.000137472,40.7037
0,63,16,0,0.000119367,40.6974
0,64,16,0,8.181e-05,40.6903
0,65,16,0,0.000140165,40.6869
0,66,16,0,0.000140165,40.6814
0,67,16,0,3.9231e-05,40.6719
0,68,16,0,6.13575e-05,40.6687
0,69,16,0,0.000121041,40.6673
0,70,16,0,5.80095e-05,40.6622
0,71,16,0,7.8462e-05,40.6601
0,72,16,0,0.000100588,40.6591
0,73,16,0,0.000106584,40.658
0,74,16,0,5.80095e-05,40.6557
0,75,16,0,7.8462e-05,40.6567
0,76,16,0,0.00013982,40.6606
0,77,16,0,0.000136472,40.6618
0,78,16,0,0.000158598,40.6629
0,79,16,0,0.000161946,40.6598
0,80,16,0,8.0136e-05,40.653
0,81,16,0,0.000137263,40.6516
0,82,16,0,7.5168e-05,40.6485
0,83,16,0,0.00013982,40.6494
0,84,16,0,0.000160272,40.6468
0,85,16,0,0.000119367,40.6423
0,86,16,0,0.000100588,40.6395
0,87,16,0,0.000189368,40.6375
0,88,16,0,7.6788e-05,40.6281
0,89,16,0,9.89145e-05,40.6233
0,90,16,0,5.63355e-05,40.6198
0,91,16,0,9.89145e-05,40.6199
0,92,16,0,9.72405e-05,40.6176
0,93,16,0,2.04525e-05,40.6099
0,94,16,0,8.181e-05,40.6087
0,95,16,0,0.000131777,40.6096
0,96,16,0,0.00013982,40.6089
0,97,16,0,0.000121041,40.6065
0,98,16,0,8.41573e-05,40.6019
0,99,16,0,4.0905e-05,40.5962
0,100,16,0,0.000100588,40.5967
0,101,16,0,0.000100588,40.5968
0,102,16,0,7.8462e-05,40.5954
0,103,16,0,8.181e-05,40.5966
0,104,16,0,0.000144933,40.6007
0,105,16,0,0.000102262,40.5991
0,106,16,0,7.8462e-05,40.5966
0,107,16,0,7.3494e-05,40.595
0,108,16,0,5.11312e-05,40.5938
0,109,16,0,6.03568e-05,40.596
0,110,16,0,7.8462e-05,40.5989
0,111,16,0,5.63355e-05,40.5999
0,112,16,0,6.13575e-05,40.5981
0,113,16,0,6.13575e-05,40.5946
0,114,16,0,6.37048e-05,40.5922
0,115,16,0,0,40.5894
0,116,16,0,0.000153903,40.5959
0,117,16,0,0.000114399,40.5963
0,118,16,0,6.67254e-05,40.5949
0,119,16,0,7.8462e-05,40.5946
0,120,16,0,7.8462e-05,40.5947
0,121,16,0,0.000100588,40.5955
0,122,16,0,0.000119367,40.5968
0,123,16,0,0.000100588,40.5961
0,124,16,0,0.000140702,40.5949
0,125,16,0,5.80095e-05,40.5881
0,126,16,0,0.00013982,40.5846
0,127,16,0,4.0905e-05,40.5748
0,0,17,0,0.000107873,42.5515
0,1,17,0,2.04525e-05,42.5312
0,2,17,0,0.000117693,42.5085
0,3,17,0,0.000141494,42.4745
0,4,17,0,0.000127082,42.4319
0,5,17,0,0.000139819,42.3828
0,6,17,0,7.8462e-05,42.3268
0,7,17,0,6.13575e-05,42.2691
0,8,17,0,9.65672e-05,42.2111
0,9,17,0,0.000139911,42.1503
0,10,17,0,6.13575e-05,42.0824
0,11,17,0,8.181e-05,42.0176
0,12,17,0,8.0136e-05,41.9534
0,13,17,0,3.66744e-05,41.8897
0,14,17,0,0.000115045,41.834
0,15,17,0,0.000122715,41.7787
0,16,17,0,0.000136472,41.7206
0,17,17,0,0.000121041,41.662
0,18,17,0,0.00013982,41.6042
0,19,17,0,9.55665e-05,41.5451
0,20,17,0,8.181e-05,41.4907
0,21,17,0,6.82357e-05,41.4387
0,22,17,0,4.0905e-05,41.389
0,23,17,0,0.000121041,41.3451
0,24,17,0,5.96835e-05,41.3
0,25,17,0,8.48306e-05,41.2601
0,26,17,0,8.85246e-05,41.2204
0,27,17,0,0.000117602,41.1835
0,28,17,0,0.000143167,41.1489
0,29,17,0,8.181e-05,41.1131
0,30,17,0,0.000138146,41.0828
0,31,17,0,6.99097e-05,41.052
0,32,17,0,0.000102262,41.0261
0,33,17,0,4.79469e-05,40.9991
0,34,17,0,1.87785e-05,40.9757
0,35,17,0,0.000156924,40.9614
0,36,17,0,0.000111697,40.942
0,37,17,0,8.31111e-05,40.923
0,38,17,0,7.77887e-05,40.9068
0,39,17,0,0.000160272,40.8934
0,40,17,0,0.00011702,40.8766
0,41,17,0,0.000168988,40.861
0,42,17,0,9.72405e-05,40.8416
0,43,17,0,5.28508e-05,40.8247
0,44,17,0,0.000141494,40.8122
0,45,17,0,4.0905e-05,40.7951
0,46,17,0,5.80095e-05,40.7844
0,47,17,0,0.000131267,40.7771
0,48,17,0,8.0136e-05,40.7659
0,49,17,0,9.03622e-05,40.7562
0,50,17,0,7.6788e-05,40.7476
0,51,17,0,9.72405e-05,40.7436
0,52,17,0,8.0136e-05,40.7406
0,53,17,0,0.000145397,40.7396
0,54,17,0,0.000122715,40.7334
0,55,17,0,5.80095e-05,40.7272
0,56,17,0,0.00021326,40.7294
0,57,17,0,9.89145e-05,40.7217
0,58,17,0,0.000158598,40.7177
0,59,17,0,7.182e-05,40.7107
0,60,17,0,0.000101844,40.7076
0,61,17,0,0.000189905,40.7067
0,62,17,0,0.000131941,40.7004
0,63,17,0,0.000114345,40.6932
0,64,17,0,0.000100588,40.6861
0,65,17,0,7.30941e-05,40.68
0,66,17,0,0.000112325,40.6759
0,67,17,0,7.07923e-05,40.6693
0,68,17,0,0.000134851,40.6676
0,69,17,0,8.61317e-05,40.6633
0,70,17,0,0.000115346,40.6604
0,71,17,0,9.38925e-05,40.6569
0,72,17,0,8.0136e-05,40.6544
0,73,17,0,8.95708e-05,40.6536
0,74,17,0,0.000121041,40.6537
0,75,17,0,8.181e-05,40.6528
0,76,17,0,0.000119367,40.6552
0,77,17,0,8.181e-05,40.6553
0,78,17,0,0.000182399,40.6584
0,79,17,0,0.000108349,40.6534
0,80,17,0,7.8462e-05,40.6476
0,81,17,0,6.22401e-05,40.6447
0,82,17,0,0.000121041,40.6454
0,83,17,0,0.000175703,40.6458
0,84,17,0,2.53564e-05,40.6378
0,85,17,0,5.71269e-05,40.6354
0,86,17,0,0.000179051,40.6367
0,87,17,0,8.35751e-05,40.6298
0,88,17,0,7.6788e-05,40.6228
0,89,17,0,1.87785e-05,40.6168
0,90,17,0,9.89145e-05,40.6177
0,91,17,0,0.000123689,40.6192
0,92,17,0,0.000242082,40.6206
0,93,17,0,7.8462e-05,40.6095
0,94,17,0,3.9231e-05,40.6034
0,95,17,0,6.10301e-05,40.6021
0,96,17,0,3.9231e-05,40.6006
0,97,17,0,0.000103145,40.6018
0,98,17,0,0.000156251,40.6003
0,99,17,0,2.04525e-05,40.5917
0,100,17,0,3.7557e-05,40.5904
0,101,17,0,0.000105702,40.5923
0,102,17,0,3.9231e-05,40.5897
0,103,17,0,4.0905e-05,40.5908
0,104,17,0,0.000133032,40.5961
0,105,17,0,0.000107757,40.5955
0,106,17,0,9.22725e-05,40.5938
0,107,17,0,0.000100588,40.5929
0,108,17,0,4.77833e-05,40.5914
0,109,17,0,0.00011702,40.5961
0,110,17,0,0.000123689,40.6007
0,111,17,0,0.000265091,40.6072
0,112,17,0,0.000179051,40.6022
0,113,17,0,7.8462e-05,40.5944
0,114,17,0,0.000115346,40.5917
0,115,17,0,4.77832e-05,40.5876
0,116,17,0,5.67084e-05,40.5892
0,117,17,0,8.61772e-05,40.5918
0,118,17,0,0.000151556,40.5943
0,119,17,0,9.72405e-05,40.5925
0,120,17,0,0.000122715,40.5925
0,121,17,0,5.96835e-05,40.5905
0,122,17,0,0.000102354,40.5926
0,123,17,0,0.000141494,40.5938
0,124,17,0,0.000129593,40.5915
0,125,17,0,0.000119367,40.5863
0,126,17,0,8.0136e-05,40.5791
0,127,17,0,5.96835e-05,40.5711
0,0,18,0,6.69683e-05,42.3956
0,1,18,0,0,42.3761
0,2,18,0,0,42.352
0,3,18,0,0,42.321
0,4,18,0,9.38925e-06,42.2837
0,5,18,0,0,42.2401
0,6,18,0,0,42.192
0,7,18,0,0,42.1411
0,8,18,0,2.34731e-06,42.0885
0,9,18,0,1.53394e-05,42.0337
0,10,18,0,0,41.975
0,11,18,0,0,41.9168
0,12,18,0,0,41.8592
0,13,18,0,5.11312e-06,41.803
0,14,18,0,7.66969e-06,41.7493
0,15,18,0,0,41.696
0,16,18,0,0,41.6426
0,17,18,0,0,41.5891
0,18,18,0,0,41.5362
0,19,18,0,0,41.4838
0,20,18,0,0,41.4338
0,21,18,0,1.02263e-05,41.3863
0,22,18,0,0,41.3404
0,23,18,0,0,41.2976
0,24,18,0,0,41.2564
0,25,18,0,0,41.2179
0,26,18,0,7.04194e-06,41.1813
0,27,18,0,5.11312e-06,41.1462
0,28,18,0,0,41.1127
0,29,18,0,0,41.0806
0,30,18,0,0,41.0511
0,31,18,0,1.02263e-05,41.0234
0,32,18,0,0,40.9973
0,33,18,0,0,40.973
0,34,18,0,0,40.9513
0,35,18,0,0,40.9331
0,36,18,0,7.66969e-06,40.9151
0,37,18,0,0,40.8972
0,38,18,0,2.34731e-06,40.8811
0,39,18,0,0,40.8659
0,40,18,0,2.34731e-06,40.8505
0,41,18,0,7.04194e-06,40.8354
0,42,18,0,0,40.8194
0,43,18,0,2.72852e-05,40.8052
0,44,18,0,0,40.7908
0,45,18,0,0,40.7771
0,46,18,0,0,40.766
0,47,18,0,0,40.7566
0,48,18,0,0,40.7472
0,49,18,0,1.02263e-05,40.7389
0,50,18,0,0,40.7312
0,51,18,0,0,40.7258
0,52,18,0,0,40.7219
0,53,18,0,3.19798e-05,40.7194
0,54,18,0,0,40.7134
0,55,18,0,0,40.7085
0,56,18,0,0,40.7056
0,57,18,0,0,40.7007
0,58,18,0,0,40.6961
0,59,18,0,0,40.6913
0,60,18,0,1.40839e-05,40.688
0,61,18,0,2.55656e-06,40.6841
0,62,18,0,1.02263e-05,40.6792
0,63,18,0,0,40.673
0,64,18,0,0,40.6671
0,65,18,0,0,40.6618
0,66,18,0,0,40.6573
0,67,18,0,7.66969e-06,40.653
0,68,18,0,0,40.6495
0,69,18,0,1.27828e-05,40.6464
0,70,18,0,2.34731e-06,40.643
0,71,18,0,0,40.6399
0,72,18,0,0,40.6376
0,73,18,0,0,40.6362
0,74,18,0,0,40.6355
0,75,18,0,0,40.6349
0,76,18,0,0,40.6352
0,77,18,0,0,40.6351
0,78,18,0,0,40.635
0,79,18,0,7.66969e-06,40.6327
0,80,18,0,0,40.6292
0,81,18,0,0,40.6268
0,82,18,0,0,40.6256
0,83,18,0,0,40.6243
0,84,18,0,3.43271e-05,40.6218
0,85,18,0,2.55656e-06,40.6179
0,86,18,0,0,40.6154
0,87,18,0,0,40.611
0,88,18,0,0,40.6064
0,89,18,0,0,40.6027
0,90,18,0,0,40.6014
0,91,18,0,1.27828e-05,40.601
0,92,18,0,0,40.5988
0,93,18,0,0,40.5936
0,94,18,0,0,40.5894
0,95,18,0,0,40.5871
0,96,18,0,0,40.5856
0,97,18,0,1.78959e-05,40.5852
0,98,18,0,0,40.5826
0,99,18,0,0,40.5788
0,100,18,0,0,40.5772
0,101,18,0,1.53394e-05,40.5774
0,102,18,0,0,40.5761
0,103,18,0,0,40.5763
0,104,18,0,0,40.5779
0,105,18,0,0,40.578
0,106,18,0,0,40.5775
0,107,18,0,0,40.5772
0,108,18,0,0,40.5774
0,109,18,0,0,40.5797
0,110,18,0,1.27828e-05,40.5828
0,111,18,0,1.78959e-05,40.5848
0,112,18,0,0,40.5822
0,113,18,0,0,40.5785
0,114,18,0,0,40.5762
0,115,18,0,1.02263e-05,40.5747
0,116,18,0,7.66969e-06,40.5747
0,117,18,0,9.38925e-06,40.5755
0,118,18,0,0,40.5757
0,119,18,0,0,40.5751
0,120,18,0,0,40.5747
0,121,18,0,0,40.5741
0,122,18,0,1.53394e-05,40.5748
0,123,18,0,0,40.574
0,124,18,0,7.66969e-06,40.5724
0,125,18,0,2.04525e-05,40.5692
0,126,18,0,0,40.5638
0,127,18,0,0,40.5588
0,0,19,0,6.69683e-05,42.2536
0,1,19,0,0,42.2346
0,2,19,0,0,42.2111
0,3,19,0,0,42.1825
0,4,19,0,0,42.1488
0,5,19,0,0,42.1104
0,6,19,0,0,42.068
0,7,19,0,0,42.0228
0,8,19,0,0,41.9753
0,9,19,0,0,41.9258
0,10,19,0,0,41.8743
0,11,19,0,0,41.8224
0,12,19,0,0,41.7705
0,13,19,0,0,41.7194
0,14,19,0,0,41.6693
0,15,19,0,0,41.6197
0,16,19,0,0,41.5704
0,17,19,0,0,41.5215
0,18,19,0,0,41.4731
0,19,19,0,0,41.4256
0,20,19,0,0,41.3797
0,21,19,0,0,41.3357
0,22,19,0,0,41.2933
0,23,19,0,0,41.2531
0,24,19,0,0,41.2148
0,25,19,0,0,41.1784
0,26,19,0,0,41.1437
0,27,19,0,0,41.1107
0,28,19,0,0,41.0793
0,29,19,0,0,41.0494
0,30,19,0,0,41.0214
0,31,19,0,0,40.9951
0,32,19,0,0,40.9705
0,33,19,0,0,40.9477
0,34,19,0,0,40.9268
0,35,19,0,0,40.908
0,36,19,0,0,40.8902
0,37,19,0,0,40.8732
0,38,19,0,0,40.8572
0,39,19,0,0,40.842
0,40,19,0,0,40.8272
0,41,19,0,0,40.8126
0,42,19,0,0,40.7983
0,43,19,0,0,40.7847
0,44,19,0,0,40.7717
0,45,19,0,0,40.7595
0,46,19,0,0,40.7487
0,47,19,0,0,40.7391
0,48,19,0,0,40.7303
0,49,19,0,0,40.7223
0,50,19,0,0,40.7151
0,51,19,0,0,40.7093
0,52,19,0,0,40.7045
0,53,19,0,0,40.7002
0,54,19,0,0,40.6953
0,55,19,0,0,40.6906
0,56,19,0,0,40.6865
0,57,19,0,0,40.682
0,58,19,0,0,40.6776
0,59,19,0,0,40.6732
0,60,19,0,0,40.6692
0,61,19,0,0,40.665
0,62,19,0,0,40.6603
0,63,19,0,0,40.6552
0,64,19,0,0,40.6501
0,65,19,0,0,40.6453
0,66,19,0,0,40.641
0,67,19,0,0,40.6371
0,68,19,0,0,40.6335
0,69,19,0,0,40.6304
0,70,19,0,0,40.6273
0,71,19,0,0,40.6246
0,72,19,0,0,40.6224
0,73,19,0,0,40.6207
0,74,19,0,0,40.6195
0,75,19,0,0,40.6186
0,76,19,0,0,40.618
0,77,19,0,0,40.6173
0,78,19,0,0,40.6164
0,79,19,0,0,40.6146
0,80,19,0,0,40.6122
0,81,19,0,0,40.6101
0,82,19,0,0,40.6083
0,83,19,0,0,40.6064
0,84,19,0,0,40.6041
0,85,19,0,0,40.6012
0,86,19,0,0,40.5983
0,87,19,0,0,40.595
0,88,19,0,0,40.5915
0,89,19,0,0,40.5886
0,90,19,0,0,40.5865
0,91,19,0,0,40.5848
0,92,19,0,0,40.5824
0,93,19,0,0,40.5791
0,94,19,0,0,40.576
0,95,19,0,0,40.5736
0,96,19,0,0,40.5718
0,97,19,0,0,40.5703
0,98,19,0,0,40.5682
0,99,19,0,0,40.566
0,100,19,0,0,40.5645
0,101,19,0,0,40.5638
0,102,19,0,0,40.5631
0,103,19,0,0,40.5629
0,104,19,0,0,40.5633
0,105,19,0,0,40.5634
0,106,19,0,0,40.5633
0,107,19,0,0,40.5633
0,108,19,0,0,40.5637
0,109,19,0,0,40.5648
0,110,19,0,0,40.5661
0,111,19,0,0,40.5667
0,112,19,0,0,40.5655
0,113,19,0,0,40.5637
0,114,19,0,0,40.562
0,115,19,0,0,40.5609
0,116,19,0,0,40.5605
0,117,19,0,0,40.5604
0,118,19,0,0,40.5602
0,119,19,0,0,40.5598
0,120,19,0,0,40.5593
0,121,19,0,0,40.5588
0,122,19,0,0,40.5584
0,123,19,0,0,40.5574
0,124,19,0,0,40.5558
0,125,19,0,0,40.5533
0,126,19,0,0,40.5501
0,127,19,0,0,40.5471
0,0,20,0,6.69683e-05,42.1241
0,1,20,0,0,42.1059
0,2,20,0,0,42.0836
0,3,20,0,0,42.0572
0,4,20,0,0,42.0266
0,5,20,0,0,41.9922
0,6,20,0,0,41.9544
0,7,20,0,0,41.914
0,8,20,0,0,41.8713
0,9,20,0,0,41.8269
0,10,20,0,0,41.781
0,11,20,0,0,41.7343
0,12,20,0,0,41.6875
0,13,20,0,0,41.6409
0,14,20,0,0,41.5947
0,15,20,0,0,41.549
0,16,20,0,0,41.5036
0,17,20,0,0,41.4587
0,18,20,0,0,41.4144
0,19,20,0,0,41.371
0,20,20,0,0,41.3288
0,21,20,0,0,41.288
0,22,20,0,0,41.2488
0,23,20,0,0,41.2113
0,24,20,0,0,41.1755
0,25,20,0,0,41.1413
0,26,20,0,0,41.1087
0,27,20,0,0,41.0776
0,28,20,0,0,41.0481
0,29,20,0,0,41.02
0,30,20,0,0,40.9936
0,31,20,0,0,40.9688
0,32,20,0,0,40.9455
0,33,20,0,0,40.9238
0,34,20,0,0,40.9037
0,35,20,0,0,40.8851
0,36,20,0,0,40.8677
0,37,20,0,0,40.8512
0,38,20,0,0,40.8356
0,39,20,0,0,40.8208
0,40,20,0,0,40.8065
0,41,20,0,0,40.7927
0,42,20,0,0,40.7793
0,43,20,0,0,40.7666
0,44,20,0,0,40.7545
0,45,20,0,0,40.7432
0,46,20,0,0,40.733
0,47,20,0,0,40.7236
0,48,20,0,0,40.7151
0,49,20,0,0,40.7074
0,50,20,0,0,40.7005
0,51,20,0,0,40.6945
0,52,20,0,0,40.6891
0,53,20,0,0,40.6843
0,54,20,0,0,40.6794
0,55,20,0,0,40.6748
0,56,20,0,0,40.6704
0,57,20,0,0,40.666
0,58,20,0,0,40.6616
0,59,20,0,0,40.6573
0,60,20,0,0,40.6531
0,61,20,0,0,40.6489
0,62,20,0,0,40.6444
0,63,20,0,0,40.6399
0,64,20,0,0,40.6353
0,65,20,0,0,40.6309
0,66,20,0,0,40.6269
0,67,20,0,0,40.6231
0,68,20,0,0,40.6197
0,69,20,0,0,40.6166
0,70,20,0,0,40.6137
0,71,20,0,0,40.6111
0,72,20,0,0,40.609
0,73,20,0,0,40.6072
0,74,20,0,0,40.6057
0,75,20,0,0,40.6045
0,76,20,0,0,40.6034
0,77,20,0,0,40.6023
0,78,20,0,0,40.601
0,79,20,0,0,40.5993
0,80,20,0,0,40.5973
0,81,20,0,0,40.5954
0,82,20,0,0,40.5935
0,83,20,0,0,40.5915
0,84,20,0,0,40.5892
0,85,20,0,0,40.5867
0,86,20,0,0,40.5841
0,87,20,0,0,40.5813
0,88,20,0,0,40.5784
0,89,20,0,0,40.5758
0,90,20,0,0,40.5736
0,91,20,0,0,40.5715
0,92,20,0,0,40.5691
0,93,20,0,0,40.5665
0,94,20,0,0,40.564
0,95,20,0,0,40.5617
0,96,20,0,0,40.5598
0,97,20,0,0,40.5581
0,98,20,0,0,40.5563
0,99,20,0,0,40.5546
0,100,20,0,0,40.5532
0,101,20,0,0,40.5523
0,102,20,0,0,40.5516
0,103,20,0,0,40.5513
0,104,20,0,0,40.5512
0,105,20,0,0,40.5511
0,106,20,0,0,40.551
0,107,20,0,0,40.5511
0,108,20,0,0,40.5514
0,109,20,0,0,40.5519
0,110,20,0,0,40.5524
0,111,20,0,0,40.5525
0,112,20,0,0,40.5518
0,113,20,0,0,40.5507
0,114,20,0,0,40.5496
0,115,20,0,0,40.5487
0,116,20,0,0,40.5481
0,117,20,0,0,40.5476
0,118,20,0,0,40.5472
0,119,20,0,0,40.5467
0,120,20,0,0,40.5461
0,121,20,0,0,40.5454
0,122,20,0,0,40.5447
0,123,20,0,0,40.5436
0,124,20,0,0,40.5422
0,125,20,0,0,40.5403
0,126,20,0,0,40.5382
0,127,20,0,0,40.5364
0,0,21,0,6.69683e-05,42.0063
0,1,21,0,0,41.9888
0,2,21,0,0,41.9679
0,3,21,0,0,41.9434
0,4,21,0,0,41.9156
0,5,21,0,0,41.8845
0,6,21,0,0,41.8506
0,7,21,0,0,41.8143
0,8,21,0,0,41.7759
0,9,21,0,0,41.7359
0,10,21,0,0,41.6947
0,11,21,0,0,41.6526
0,12,21,0,0,41.6102
0,13,21,0,0,41.5677
0,14,21,0,0,41.5254
0,15,21,0,0,41.4834
0,16,21,0,0,41.4417
0,17,21,0,0,41.4004
0,18,21,0,0,41.3598
0,19,21,0,0,41.3199
0,20,21,0,0,41.281
0,21,21,0,0,41.2434
0,22,21,0,0,41.207
0,23,21,0,0,41.1721
0,24,21,0,0,41.1386
0,25,21,0,0,41.1066
0,26,21,0,0,41.076
0,27,21,0,0,41.0468
0,28,21,0,0,41.019
0,29,21,0,0,40.9927
0,30,21,0,0,40.9678
0,31,21,0,0,40.9443
0,32,21,0,0,40.9222
0,33,21,0,0,40.9016
0,34,21,0,0,40.8823
0,35,21,0,0,40.8643
0,36,21,0,0,40.8474
0,37,21,0,0,40.8315
0,38,21,0,0,40.8164
0,39,21,0,0,40.802
0,40,21,0,0,40.7883
0,41,21,0,0,40.7752
0,42,21,0,0,40.7626
0,43,21,0,0,40.7506
0,44,21,0,0,40.7393
0,45,21,0,0,40.7287
0,46,21,0,0,40.719
0,47,21,0,0,40.71
0,48,21,0,0,40.7018
0,49,21,0,0,40.6943
0,50,21,0,0,40.6876
0,51,21,0,0,40.6815
0,52,21,0,0,40.6759
0,53,21,0,0,40.6708
0,54,21,0,0,40.6659
0,55,21,0,0,40.6613
0,56,21,0,0,40.6568
0,57,21,0,0,40.6524
0,58,21,0,0,40.648
0,59,21,0,0,40.6438
0,60,21,0,0,40.6396
0,61,21,0,0,40.6354
0,62,21,0,0,40.6312
0,63,21,0,0,40.6269
0,64,21,0,0,40.6227
0,65,21,0,0,40.6186
0,66,21,0,0,40.6148
0,67,21,0,0,40.6112
0,68,21,0,0,40.6079
0,69,21,0,0,40.6049
0,70,21,0,0,40.6021
0,71,21,0,0,40.5996
0,72,21,0,0,40.5975
0,73,21,0,0,40.5956
0,74,21,0,0,40.5939
0,75,21,0,0,40.5924
0,76,21,0,0,40.5911
0,77,21,0,0,40.5897
0,78,21,0,0,40.5882
0,79,21,0,0,40.5866
0,80,21,0,0,40.5848
0,81,21,0,0,40.5829
0,82,21,0,0,40.581
0,83,21,0,0,40.579
0,84,21,0,0,40.5769
0,85,21,0,0,40.5746
0,86,21,0,0,40.5722
0,87,21,0,0,40.5698
0,88,21,0,0,40.5673
0,89,21,0,0,40.565
0,90,21,0,0,40.5627
0,91,21,0,0,40.5606
0,92,21,0,0,40.5583
0,93,21,0,0,40.556
0,94,21,0,0,40.5538
0,95,21,0,0,40.5517
0,96,21,0,0,40.5498
0,97,21,0,0,40.548
0,98,21,0,0,40.5464
0,99,21,0,0,40.5448
0,100,21,0,0,40.5436
0,101,21,0,0,40.5426
0,102,21,0,0,40.5419
0,103,21,0,0,40.5414
0,104,21,0,0,40.5411
0,105,21,0,0,40.5409
0,106,21,0,0,40.5408
0,107,21,0,0,40.5408
0,108,21,0,0,40.5409
0,109,21,0,0,40.5411
0,110,21,0,0,40.5412
0,111,21,0,0,40.5411
0,112,21,0,0,40.5406
0,113,21,0,0,40.5398
0,114,21,0,0,40.539
0,115,21,0,0,40.5382
0,116,21,0,0,40.5375
0,117,21,0,0,40.5369
0,118,21,0,0,40.5363
0,119,21,0,0,40.5357
0,120,21,0,0,40.535
0,121,21,0,0,40.5342
0,122,21,0,0,40.5334
0,123,21,0,0,40.5323
0,124,21,0,0,40.5311
0,125,21,0,0,40.5296
0,126,21,0,0,40.5282
0,127,21,0,0,40.5269
0,0,22,0,6.69683e-05,41.8991
0,1,22,0,0,41.8824
0,2,22,0,0,41.8628
0,3,22,0,0,41.8402
0,4,22,0,0,41.8147
0,5,22,0,0,41.7865
0,6,22,0,0,41.7559
0,7,22,0,0,41.7231
0,8,22,0,0,41.6885
0,9,22,0,0,41.6524
0,10,22,0,0,41.6152
0,11,22,0,0,41.5772
0,12,22,0,0,41.5387
0,13,22,0,0,41.5
0,14,22,0,0,41.4613
0,15,22,0,0,41.4227
0,16,22,0,0,41.3844
0,17,22,0,0,41.3465
0,18,22,0,0,41.3091
0,19,22,0,0,41.2725
0,20,22,0,0,41.2366
0,21,22,0,0,41.2018
0,22,22,0,0,41.1681
0,23,22,0,0,41.1356
0,24,22,0,0,41.1043
0,25,22,0,0,41.0744
0,26,22,0,0,41.0457
0,27,22,0,0,41.0183
0,28,22,0,0,40.9922
0,29,22,0,0,40.9674
0,30,22,0,0,40.9439
0,31,22,0,0,40.9218
0,32,22,0,0,40.9009
0,33,22,0,0,40.8812
0,34,22,0,0,40.8628
0,35,22,0,0,40.8455
0,36,22,0,0,40.8292
0,37,22,0,0,40.8139
0,38,22,0,0,40.7993
0,39,22,0,0,40.7855
0,40,22,0,0,40.7724
0,41,22,0,0,40.7599
0,42,22,0,0,40.748
0,43,22,0,0,40.7367
0,44,22,0,0,40.726
0,45,22,0,0,40.716
0,46,22,0,0,40.7068
0,47,22,0,0,40.6982
0,48,22,0,0,40.6903
0,49,22,0,0,40.6831
0,50,22,0,0,40.6765
0,51,22,0,0,40.6704
0,52,22,0,0,40.6648
0,53,22,0,0,40.6596
0,54,22,0,0,40.6547
0,55,22,0,0,40.65
0,56,22,0,0,40.6455
0,57,22,0,0,40.6411
0,58,22,0,0,40.6368
0,59,22,0,0,40.6326
0,60,22,0,0,40.6285
0,61,22,0,0,40.6244
0,62,22,0,0,40.6203
0,63,22,0,0,40.6162
0,64,22,0,0,40.6122
0,65,22,0,0,40.6084
0,66,22,0,0,40.6047
0,67,22,0,0,40.6013
0,68,22,0,0,40.5981
0,69,22,0,0,40.5952
0,70,22,0,0,40.5925
0,71,22,0,0,40.5901
0,72,22,0,0,40.5879
0,73,22,0,0,40.5859
0,74,22,0,0,40.5842
0,75,22,0,0,40.5825
0,76,22,0,0,40.581
0,77,22,0,0,40.5795
0,78,22,0,0,40.5779
0,79,22,0,0,40.5762
0,80,22,0,0,40.5745
0,81,22,0,0,40.5727
0,82,22,0,0,40.5708
0,83,22,0,0,40.5689
0,84,22,0,0,40.5669
0,85,22,0,0,40.5648
0,86,22,0,0,40.5626
0,87,22,0,0,40.5604
0,88,22,0,0,40.5582
0,89,22,0,0,40.556
0,90,22,0,0,40.5539
0,91,22,0,0,40.5518
0,92,22,0,0,40.5497
0,93,22,0,0,40.5476
0,94,22,0,0,40.5455
0,95,22,0,0,40.5435
0,96,22,0,0,40.5416
0,97,22,0,0,40.5399
0,98,22,0,0,40.5383
0,99,22,0,0,40.5369
0,100,22,0,0,40.5357
0,101,22,0,0,40.5347
0,102,22,0,0,40.5339
0,103,22,0,0,40.5333
0,104,22,0,0,40.5329
0,105,22,0,0,40.5326
0,106,22,0,0,40.5325
0,107,22,0,0,40.5324
0,108,22,0,0,40.5324
0,109,22,0,0,40.5324
0,110,22,0,0,40.5323
0,111,22,0,0,40.5321
0,112,22,0,0,40.5317
0,113,22,0,0,40.5311
0,114,22,0,0,40.5304
0,115,22,0,0,40.5296
0,116,22,0,0,40.5289
0,117,22,0,0,40.5282
0,118,22,0,0,40.5275
0,119,22,0,0,40.5268
0,120,22,0,0,40.526
0,121,22,0,0,40.5251
0,122,22,0,0,40.5242
0,123,22,0,0,40.5232
0,124,22,0,0,40.5221
0,125,22,0,0,40.5209
0,126,22,0,0,40.5198
0,127,22,0,0,40.519
0,0,23,0,6.69683e-05,41.8017
0,1,23,0,0,41.7858
0,2,23,0,0,41.7674
0,3,23,0,0,41.7464
0,4,23,0,0,41.723
0,5,23,0,0,41.6974
0,6,23,0,0,41.6696
0,7,23,0,0,41.6399
0,8,23,0,0,41.6086
0,9,23,0,0,41.576
0,10,23,0,0,41.5423
0,11,23,0,0,41.5078
0,12,23,0,0,41.4728
0,13,23,0,0,41.4375
0,14,23,0,0,41.4021
0,15,23,0,0,41.3668
0,16,23,0,0,41.3316
0,17,23,0,0,41.2968
0,18,23,0,0,41.2624
0,19,23,0,0,41.2286
0,20,23,0,0,41.1956
0,21,23,0,0,41.1633
0,22,23,0,0,41.1321
0,23,23,0,0,41.1018
0,24,23,0,0,41.0726
0,25,23,0,0,41.0446
0,26,23,0,0,41.0177
0,27,23,0,0,40.992
0,28,23,0,0,40.9675
0,29,23,0,0,40.9442
0,30,23,0,0,40.9221
0,31,23,0,0,40.9012
0,32,23,0,0,40.8814
0,33,23,0,0,40.8628
0,34,23,0,0,40.8452
0,35,23,0,0,40.8287
0,36,23,0,0,40.8131
0,37,23,0,0,40.7983
0,38,23,0,0,40.7844
0,39,23,0,0,40.7712
0,40,23,0,0,40.7587
0,41,23,0,0,40.7467
0,42,23,0,0,40.7354
0,43,23,0,0,40.7248
0,44,23,0,0,40.7147
0,45,23,0,0,40.7052
0,46,23,0,0,40.6964
0,47,23,0,0,40.6883
0,48,23,0,0,40.6807
0,49,23,0,0,40.6737
0,50,23,0,0,40.6673
0,51,23,0,0,40.6613
0,52,23,0,0,40.6558
0,53,23,0,0,40.6506
0,54,23,0,0,40.6457
0,55,23,0,0,40.641
0,56,23,0,0,40.6365
0,57,23,0,0,40.6321
0,58,23,0,0,40.6279
0,59,23,0,0,40.6237
0,60,23,0,0,40.6196
0,61,23,0,0,40.6156
0,62,23,0,0,40.6116
0,63,23,0,0,40.6077
0,64,23,0,0,40.6039
0,65,23,0,0,40.6002
0,66,23,0,0,40.5967
0,67,23,0,0,40.5934
0,68,23,0,0,40.5903
0,69,23,0,0,40.5875
0,70,23,0,0,40.5848
0,71,23,0,0,40.5825
0,72,23,0,0,40.5803
0,73,23,0,0,40.5783
0,74,23,0,0,40.5764
0,75,23,0,0,40.5747
0,76,23,0,0,40.573
0,77,23,0,0,40.5714
0,78,23,0,0,40.5698
0,79,23,0,0,40.5681
0,80,23,0,0,40.5664
0,81,23,0,0,40.5646
0,82,23,0,0,40.5628
0,83,23,0,0,40.561
0,84,23,0,0,40.5591
0,85,23,0,0,40.5572
0,86,23,0,0,40.5552
0,87,23,0,0,40.5532
0,88,23,0,0,40.5512
0,89,23,0,0,40.5491
0,90,23,0,0,40.5471
0,91,23,0,0,40.5451
0,92,23,0,0,40.5431
0,93,23,0,0,40.5411
0,94,23,0,0,40.5391
0,95,23,0,0,40.5372
0,96,23,0,0,40.5354
0,97,23,0,0,40.5337
0,98,23,0,0,40.5322
0,99,23,0,0,40.5308
0,100,23,0,0,40.5296
0,101,23,0,0,40.5285
0,102,23,0,0,40.5277
0,103,23,0,0,40.5271
0,104,23,0,0,40.5266
0,105,23,0,0,40.5263
0,106,23,0,0,40.526
0,107,23,0,0,40.5259
0,108,23,0,0,40.5258
0,109,23,0,0,40.5257
0,110,23,0,0,40.5256
0,111,23,0,0,40.5253
0,112,23,0,0,40.5249
0,113,23,0,0,40.5244
0,114,23,0,0,40.5237
0,115,23,0,0,40.523
0,116,23,0,0,40.5223
0,117,23,0,0,40.5215
0,118,23,0,0,40.5207
0,119,23,0,0,40.5199
0,120,23,0,0,40.519
0,121,23,0,0,40.5181
0,122,23,0,0,40.5171
0,123,23,0,0,40.5161
0,124,23,0,0,40.5151
0,125,23,0,0,40.5141
0,126,23,0,0,40.5132
0,127,23,0,0,40.5125
0,0,24,0,6.69683e-05,41.7133
0,1,24,0,0,41.6981
0,2,24,0,0,41.6808
0,3,24,0,0,41.6614
0,4,24,0,0,41.6398
0,5,24,0,0,41.6163
0,6,24,0,0,41.591
0,7,24,0,0,41.5641
0,8,24,0,0,41.5357
0,9,24,0,0,41.5061
0,10,24,0,0,41.4756
0,11,24,0,0,41.4442
0,12,24,0,0,41.4124
0,13,24,0,0,41.3802
0,14,24,0,0,41.3478
0,15,24,0,0,41.3154
0,16,24,0,0,41.2832
0,17,24,0,0,41.2512
0,18,24,0,0,41.2195
0,19,24,0,0,41.1884
0,20,24,0,0,41.1578
0,21,24,0,0,41.128
0,22,24,0,0,41.0989
0,23,24,0,0,41.0708
0,24,24,0,0,41.0436
0,25,24,0,0,41.0173
0,26,24,0,0,40.9922
0,27,24,0,0,40.9681
0,28,24,0,0,40.9451
0,29,24,0,0,40.9231
0,30,24,0,0,40.9023
0,31,24,0,0,40.8826
0,32,24,0,0,40.8639
0,33,24,0,0,40.8462
0,34,24,0,0,40.8295
0,35,24,0,0,40.8138
0,36,24,0,0,40.7989
0,37,24,0,0,40.7848
0,38,24,0,0,40.7715
0,39,24,0,0,40.7589
0,40,24,0,0,40.747
0,41,24,0,0,40.7357
0,42,24,0,0,40.7249
0,43,24,0,0,40.7148
0,44,24,0,0,40.7053
0,45,24,0,0,40.6963
0,46,24,0,0,40.688
0,47,24,0,0,40.6802
0,48,24,0,0,40.6729
0,49,24,0,0,40.6662
0,50,24,0,0,40.66
0,51,24,0,0,40.6542
0,52,24,0,0,40.6487
0,53,24,0,0,40.6436
0,54,24,0,0,40.6388
0,55,24,0,0,40.6341
0,56,24,0,0,40.6297
0,57,24,0,0,40.6253
0,58,24,0,0,40.6211
0,59,24,0,0,40.617
0,60,24,0,0,40.613
0,61,24,0,0,40.609
0,62,24,0,0,40.6051
0,63,24,0,0,40.6013
0,64,24,0,0,40.5976
0,65,24,0,0,40.5941
0,66,24,0,0,40.5906
0,67,24,0,0,40.5874
0,68,24,0,0,40.5844
0,69,24,0,0,40.5817
0,70,24,0,0,40.5791
0,71,24,0,0,40.5768
0,72,24,0,0,40.5746
0,73,24,0,0,40.5726
0,74,24,0,0,40.5707
0,75,24,0,0,40.5689
0,76,24,0,0,40.5672
0,77,24,0,0,40.5655
0,78,24,0,0,40.5638
0,79,24,0,0,40.5621
0,80,24,0,0,40.5604
0,81,24,0,0,40.5586
0,82,24,0,0,40.5569
0,83,24,0,0,40.5552
0,84,24,0,0,40.5534
0,85,24,0,0,40.5516
0,86,24,0,0,40.5498
0,87,24,0,0,40.548
0,88,24,0,0,40.5461
0,89,24,0,0,40.5443
0,90,24,0,0,40.5424
0,91,24,0,0,40.5405
0,92,24,0,0,40.5385
0,93,24,0,0,40.5366
0,94,24,0,0,40.5346
0,95,24,0,0,40.5328
0,96,24,0,0,40.531
0,97,24,0,0,40.5293
0,98,24,0,0,40.5278
0,99,24,0,0,40.5264
0,100,24,0,0,40.5252
0,101,24,0,0,40.5241
0,102,24,0,0,40.5233
0,103,24,0,0,40.5226
0,104,24,0,0,40.5221
0,105,24,0,0,40.5217
0,106,24,0,0,40.5215
0,107,24,0,0,40.5213
0,108,24,0,0,40.5211
0,109,24,0,0,40.521
0,110,24,0,0,40.5209
0,111,24,0,0,40.5206
0,112,24,0,0,40.5202
0,113,24,0,0,40.5197
0,114,24,0,0,40.5191
0,115,24,0,0,40.5184
0,116,24,0,0,40.5176
0,117,24,0,0,40.5167
0,118,24,0,0,40.5158
0,119,24,0,0,40.5149
0,120,24,0,0,40.514
0,121,24,0,0,40.513
0,122,24,0,0,40.512
0,123,24,0,0,40.511
0,124,24,0,0,40.51
0,125,24,0,0,40.509
0,126,24,0,0,40.5082
0,127,24,0,0,40.5076
0,0,25,0,6.69683e-05,41.6332
0,1,25,0,0,41.6187
0,2,25,0,0,41.6024
0,3,25,0,0,41.5843
0,4,25,0,0,41.5645
0,5,25,0,0,41.5429
0,6,25,0,0,41.5198
0,7,25,0,0,41.4952
0,8,25,0,0,41.4694
0,9,25,0,0,41.4425
0,10,25,0,0,41.4148
0,11,25,0,0,41.3863
0,12,25,0,0,41.3572
0,13,25,0,0,41.3278
0,14,25,0,0,41.2982
0,15,25,0,0,41.2686
0,16,25,0,0,41.239
0,17,25,0,0,41.2095
0,18,25,0,0,41.1804
0,19,25,0,0,41.1517
0,20,25,0,0,41.1234
0,21,25,0,0,41.0958
0,22,25,0,0,41.0688
0,23,25,0,0,41.0425
0,24,25,0,0,41.0171
0,25,25,0,0,40.9926
0,26,25,0,0,40.969
0,27,25,0,0,40.9464
0,28,25,0,0,40.9248
0,29,25,0,0,40.9042
0,30,25,0,0,40.8846
0,31,25,0,0,40.8661
0,32,25,0,0,40.8484
0,33,25,0,0,40.8317
0,34,25,0,0,40.8159
0,35,25,0,0,40.8009
0,36,25,0,0,40.7868
0,37,25,0,0,40.7733
0,38,25,0,0,40.7607
0,39,25,0,0,40.7487
0,40,25,0,0,40.7373
0,41,25,0,0,40.7266
0,42,25,0,0,40.7164
0,43,25,0,0,40.7069
0,44,25,0,0,40.6978
0,45,25,0,0,40.6893
0,46,25,0,0,40.6814
0,47,25,0,0,40.674
0,48,25,0,0,40.6671
0,49,25,0,0,40.6607
0,50,25,0,0,40.6547
0,51,25,0,0,40.649
0,52,25,0,0,40.6438
0,53,25,0,0,40.6387
0,54,25,0,0,40.634
0,55,25,0,0,40.6294
0,56,25,0,0,40.625
0,57,25,0,0,40.6207
0,58,25,0,0,40.6166
0,59,25,0,0,40.6125
0,60,25,0,0,40.6085
0,61,25,0,0,40.6046
0,62,25,0,0,40.6008
0,63,25,0,0,40.5971
0,64,25,0,0,40.5934
0,65,25,0,0,40.5899
0,66,25,0,0,40.5866
0,67,25,0,0,40.5834
0,68,25,0,0,40.5805
0,69,25,0,0,40.5778
0,70,25,0,0,40.5753
0,71,25,0,0,40.573
0,72,25,0,0,40.5709
0,73,25,0,0,40.5689
0,74,25,0,0,40.567
0,75,25,0,0,40.5652
0,76,25,0,0,40.5634
0,77,25,0,0,40.5617
0,78,25,0,0,40.5599
0,79,25,0,0,40.5582
0,80,25,0,0,40.5565
0,81,25,0,0,40.5548
0,82,25,0,0,40.5531
0,83,25,0,0,40.5514
0,84,25,0,0,40.5498
0,85,25,0,0,40.5481
0,86,25,0,0,40.5465
0,87,25,0,0,40.5448
0,88,25,0,0,40.5432
0,89,25,0,0,40.5414
0,90,25,0,0,40.5397
0,91,25,0,0,40.5378
0,92,25,0,0,40.5359
0,93,25,0,0,40.534
0,94,25,0,0,40.5321
0,95,25,0,0,40.5302
0,96,25,0,0,40.5284
0,97,25,0,0,40.5267
0,98,25,0,0,40.5251
0,99,25,0,0,40.5237
0,100,25,0,0,40.5225
0,101,25,0,0,40.5215
0,102,25,0,0,40.5206
0,103,25,0,0,40.5199
0,104,25,0,0,40.5194
0,105,25,0,0,40.519
0,106,25,0,0,40.5187
0,107,25,0,0,40.5185
0,108,25,0,0,40.5184
0,109,25,0,0,40.5183
0,110,25,0,0,40.5182
0,111,25,0,0,40.5179
0,112,25,0,0,40.5176
0,113,25,0,0,40.5171
0,114,25,0,0,40.5165
0,115,25,0,0,40.5157
0,116,25,0,0,40.5149
0,117,25,0,0,40.5139
0,118,25,0,0,40.5129
0,119,25,0,0,40.5119
0,120,25,0,0,40.5108
0,121,25,0,0,40.5098
0,122,25,0,0,40.5087
0,123,25,0,0,40.5077
0,124,25,0,0,40.5067
0,125,25,0,0,40.5057
0,126,25,0,0,40.5049
0,127,25,0,0,40.5042
0,0,26,0,6.69683e-05,41.5608
0,1,26,0,0,41.5469
0,2,26,0,0,41.5316
0,3,26,0,0,41.5147
0,4,26,0,0,41.4963
0,5,26,0,0,41.4765
0,6,26,0,0,41.4553
0,7,26,0,0,41.4329
0,8,26,0,0,41.4094
0,9,26,0,0,41.3849
0,10,26,0,0,41.3597
0,11,26,0,0,41.3337
0,12,26,0,0,41.3072
0,13,26,0,0,41.2804
0,14,26,0,0,41.2533
0,15,26,0,0,41.2261
0,16,26,0,0,41.1989
0,17,26,0,0,41.1718
0,18,26,0,0,41.145
0,19,26,0,0,41.1185
0,20,26,0,0,41.0924
0,21,26,0,0,41.0667
0,22,26,0,0,41.0416
0,23,26,0,0,41.0171
0,24,26,0,0,40.9933
0,25,26,0,0,40.9703
0,26,26,0,0,40.9482
0,27,26,0,0,40.927
0,28,26,0,0,40.9067
0,29,26,0,0,40.8874
0,30,26,0,0,40.8691
0,31,26,0,0,40.8516
0,32,26,0,0,40.835
0,33,26,0,0,40.8192
0,34,26,0,0,40.8043
0,35,26,0,0,40.7901
0,36,26,0,0,40.7766
0,37,26,0,0,40.7639
0,38,26,0,0,40.7518
0,39,26,0,0,40.7404
0,40,26,0,0,40.7297
0,41,26,0,0,40.7195
0,42,26,0,0,40.7099
0,43,26,0,0,40.7009
0,44,26,0,0,40.6923
0,45,26,0,0,40.6843
0,46,26,0,0,40.6768
0,47,26,0,0,40.6697
0,48,26,0,0,40.6632
0,49,26,0,0,40.6571
0,50,26,0,0,40.6513
0,51,26,0,0,40.6459
0,52,26,0,0,40.6408
0,53,26,0,0,40.6359
0,54,26,0,0,40.6313
0,55,26,0,0,40.6268
0,56,26,0,0,40.6225
0,57,26,0,0,40.6183
0,58,26,0,0,40.6141
0,59,26,0,0,40.6101
0,60,26,0,0,40.6062
0,61,26,0,0,40.6024
0,62,26,0,0,40.5986
0,63,26,0,0,40.5949
0,64,26,0,0,40.5913
0,65,26,0,0,40.5878
0,66,26,0,0,40.5844
0,67,26,0,0,40.5813
0,68,26,0,0,40.5784
0,69,26,0,0,40.5758
0,70,26,0,0,40.5733
0,71,26,0,0,40.5712
0,72,26,0,0,40.5691
0,73,26,0,0,40.5672
0,74,26,0,0,40.5653
0,75,26,0,0,40.5635
0,76,26,0,0,40.5617
0,77,26,0,0,40.5599
0,78,26,0,0,40.5581
0,79,26,0,0,40.5563
0,80,26,0,0,40.5546
0,81,26,0,0,40.5529
0,82,26,0,0,40.5513
0,83,26,0,0,40.5497
0,84,26,0,0,40.5481
0,85,26,0,0,40.5467
0,86,26,0,0,40.5452
0,87,26,0,0,40.5437
0,88,26,0,0,40.5422
0,89,26,0,0,40.5406
0,90,26,0,0,40.539
0,91,26,0,0,40.5372
0,92,26,0,0,40.5354
0,93,26,0,0,40.5334
0,94,26,0,0,40.5315
0,95,26,0,0,40.5295
0,96,26,0,0,40.5277
0,97,26,0,0,40.5259
0,98,26,0,0,40.5243
0,99,26,0,0,40.5229
0,100,26,0,0,40.5216
0,101,26,0,0,40.5206
0,102,26,0,0,40.5197
0,103,26,0,0,40.519
0,104,26,0,0,40.5184
0,105,26,0,0,40.518
0,106,26,0,0,40.5178
0,107,26,0,0,40.5176
0,108,26,0,0,40.5175
0,109,26,0,0,40.5175
0,110,26,0,0,40.5174
0,111,26,0,0,40.5173
0,112,26,0,0,40.517
0,113,26,0,0,40.5166
0,114,26,0,0,40.5159
0,115,26,0,0,40.5151
0,116,26,0,0,40.5141
0,117,26,0,0,40.513
0,118,26,0,0,40.5119
0,119,26,0,0,40.5107
0,120,26,0,0,40.5096
0,121,26,0,0,40.5085
0,122,26,0,0,40.5074
0,123,26,0,0,40.5063
0,124,26,0,0,40.5052
0,125,26,0,0,40.5041
0,126,26,0,0,40.5032
0,127,26,0,0,40.5025
0,0,27,0,6.69683e-05,41.4954
0,1,27,0,0,41.4822
0,2,27,0,0,41.4678
0,3,27,0,0,41.452
0,4,27,0,0,41.4349
0,5,27,0,0,41.4166
0,6,27,0,0,41.3972
0,7,27,0,0,41.3767
0,8,27,0,0,41.3553
0,9,27,0,0,41.333
0,10,27,0,0,41.31
0,11,27,0,0,41.2863
0,12,27,0,0,41.2621
0,13,27,0,0,41.2376
0,14,27,0,0,41.2128
0,15,27,0,0,41.1879
0,16,27,0,0,41.1629
0,17,27,0,0,41.138
0,18,27,0,0,41.1133
0,19,27,0,0,41.0888
0,20,27,0,0,41.0647
0,21,27,0,0,41.0409
0,22,27,0,0,41.0175
0,23,27,0,0,40.9946
0,24,27,0,0,40.9723
0,25,27,0,0,40.9506
0,26,27,0,0,40.9298
0,27,27,0,0,40.9099
0,28,27,0,0,40.8909
0,29,27,0,0,40.8728
0,30,27,0,0,40.8556
0,31,27,0,0,40.8393
0,32,27,0,0,40.8237
0,33,27,0,0,40.8089
0,34,27,0,0,40.7947
0,35,27,0,0,40.7813
0,36,27,0,0,40.7685
0,37,27,0,0,40.7565
0,38,27,0,0,40.745
0,39,27,0,0,40.7342
0,40,27,0,0,40.7241
0,41,27,0,0,40.7145
0,42,27,0,0,40.7054
0,43,27,0,0,40.6969
0,44,27,0,0,40.6888
0,45,27,0,0,40.6812
0,46,27,0,0,40.6741
0,47,27,0,0,40.6674
0,48,27,0,0,40.6612
0,49,27,0,0,40.6555
0,50,27,0,0,40.65
0,51,27,0,0,40.6449
0,52,27,0,0,40.64
0,53,27,0,0,40.6353
0,54,27,0,0,40.6307
0,55,27,0,0,40.6264
0,56,27,0,0,40.6221
0,57,27,0,0,40.6179
0,58,27,0,0,40.6139
0,59,27,0,0,40.6099
0,60,27,0,0,40.6061
0,61,27,0,0,40.6023
0,62,27,0,0,40.5986
0,63,27,0,0,40.5949
0,64,27,0,0,40.5912
0,65,27,0,0,40.5877
0,66,27,0,0,40.5843
0,67,27,0,0,40.5811
0,68,27,0,0,40.5782
0,69,27,0,0,40.5756
0,70,27,0,0,40.5733
0,71,27,0,0,40.5713
0,72,27,0,0,40.5694
0,73,27,0,0,40.5675
0,74,27,0,0,40.5657
0,75,27,0,0,40.5638
0,76,27,0,0,40.562
0,77,27,0,0,40.5601
0,78,27,0,0,40.5583
0,79,27,0,0,40.5565
0,80,27,0,0,40.5548
0,81,27,0,0,40.5531
0,82,27,0,0,40.5514
0,83,27,0,0,40.5499
0,84,27,0,0,40.5485
0,85,27,0,0,40.5472
0,86,27,0,0,40.5459
0,87,27,0,0,40.5447
0,88,27,0,0,40.5434
0,89,27,0,0,40.5419
0,90,27,0,0,40.5404
0,91,27,0,0,40.5387
0,92,27,0,0,40.5368
0,93,27,0,0,40.5348
0,94,27,0,0,40.5328
0,95,27,0,0,40.5307
0,96,27,0,0,40.5288
0,97,27,0,0,40.5269
0,98,27,0,0,40.5252
0,99,27,0,0,40.5237
0,100,27,0,0,40.5224
0,101,27,0,0,40.5214
0,102,27,0,0,40.5205
0,103,27,0,0,40.5198
0,104,27,0,0,40.5192
0,105,27,0,0,40.5188
0,106,27,0,0,40.5186
0,107,27,0,0,40.5185
0,108,27,0,0,40.5186
0,109,27,0,0,40.5187
0,110,27,0,0,40.5187
0,111,27,0,0,40.5187
0,112,27,0,0,40.5186
0,113,27,0,0,40.5182
0,114,27,0,0,40.5175
0,115,27,0,0,40.5165
0,116,27,0,0,40.5153
0,117,27,0,0,40.514
0,118,27,0,0,40.5127
0,119,27,0,0,40.5114
0,120,27,0,0,40.5102
0,121,27,0,0,40.509
0,122,27,0,0,40.5079
0,123,27,0,0,40.5067
0,124,27,0,0,40.5055
0,125,27,0,0,40.5042
0,126,27,0,0,40.5031
0,127,27,0,0,40.5022
0,0,28,0,6.69683e-05,41.4367
0,1,28,0,0,41.4241
0,2,28,0,0,41.4105
0,3,28,0,0,41.3957
0,4,28,0,0,41.3798
0,5,28,0,0,41.3629
0,6,28,0,0,41.345
0,7,28,0,0,41.3263
0,8,28,0,0,41.3069
0,9,28,0,0,41.2866
0,10,28,0,0,41.2656
0,11,28,0,0,41.2439
0,12,28,0,0,41.2218
0,13,28,0,0,41.1994
0,14,28,0,0,41.1768
0,15,28,0,0,41.1539
0,16,28,0,0,41.131
0,17,28,0,0,41.108
0,18,28,0,0,41.0852
0,19,28,0,0,41.0626
0,20,28,0,0,41.0403
0,21,28,0,0,41.0183
0,22,28,0,0,40.9964
0,23,28,0,0,40.9749
0,24,28,0,0,40.9539
0,25,28,0,0,40.9335
0,26,28,0,0,40.9139
0,27,28,0,0,40.8951
0,28,28,0,0,40.8773
0,29,28,0,0,40.8604
0,30,28,0,0,40.8444
0,31,28,0,0,40.8291
0,32,28,0,0,40.8146
0,33,28,0,0,40.8007
0,34,28,0,0,40.7873
0,35,28,0,0,40.7746
0,36,28,0,0,40.7625
0,37,28,0,0,40.7511
0,38,28,0,0,40.7402
0,39,28,0,0,40.73
0,40,28,0,0,40.7204
0,41,28,0,0,40.7114
0,42,28,0,0,40.703
0,43,28,0,0,40.6949
0,44,28,0,0,40.6873
0,45,28,0,0,40.6801
0,46,28,0,0,40.6734
0,47,28,0,0,40.6671
0,48,28,0,0,40.6613
0,49,28,0,0,40.6559
0,50,28,0,0,40.6509
0,51,28,0,0,40.646
0,52,28,0,0,40.6413
0,53,28,0,0,40.6367
0,54,28,0,0,40.6323
0,55,28,0,0,40.6281
0,56,28,0,0,40.624
0,57,28,0,0,40.6198
0,58,28,0,0,40.6158
0,59,28,0,0,40.6119
0,60,28,0,0,40.6081
0,61,28,0,0,40.6044
0,62,28,0,0,40.6007
0,63,28,0,0,40.597
0,64,28,0,0,40.5932
0,65,28,0,0,40.5895
0,66,28,0,0,40.586
0,67,28,0,0,40.5827
0,68,28,0,0,40.5798
0,69,28,0,0,40.5773
0,70,28,0,0,40.5752
0,71,28,0,0,40.5733
0,72,28,0,0,40.5716
0,73,28,0,0,40.5699
0,74,28,0,0,40.5681
0,75,28,0,0,40.5663
0,76,28,0,0,40.5643
0,77,28,0,0,40.5624
0,78,28,0,0,40.5605
0,79,28,0,0,40.5587
0,80,28,0,0,40.5569
0,81,28,0,0,40.5552
0,82,28,0,0,40.5535
0,83,28,0,0,40.5521
0,84,28,0,0,40.5508
0,85,28,0,0,40.5497
0,86,28,0,0,40.5487
0,87,28,0,0,40.5477
0,88,28,0,0,40.5466
0,89,28,0,0,40.5454
0,90,28,0,0,40.5439
0,91,28,0,0,40.5423
0,92,28,0,0,40.5404
0,93,28,0,0,40.5383
0,94,28,0,0,40.5361
0,95,28,0,0,40.5339
0,96,28,0,0,40.5317
0,97,28,0,0,40.5297
0,98,28,0,0,40.5278
0,99,28,0,0,40.5263
0,100,28,0,0,40.525
0,101,28,0,0,40.5239
0,102,28,0,0,40.5231
0,103,28,0,0,40.5223
0,104,28,0,0,40.5218
0,105,28,0,0,40.5214
0,106,28,0,0,40.5212
0,107,28,0,0,40.5213
0,108,28,0,0,40.5215
0,109,28,0,0,40.5218
0,110,28,0,0,40.522
0,111,28,0,0,40.5222
0,112,28,0,0,40.5222
0,113,28,0,0,40.522
0,114,28,0,0,40.5213
0,115,28,0,0,40.5201
0,116,28,0,0,40.5186
0,117,28,0,0,40.517
0,118,28,0,0,40.5155
0,119,28,0,0,40.514
0,120,28,0,0,40.5127
0,121,28,0,0,40.5114
0,122,28,0,0,40.5102
0,123,28,0,0,40.509
0,124,28,0,0,40.5077
0,125,28,0,0,40.5062
0,126,28,0,0,40.5046
0,127,28,0,0,40.5034
0,0,29,0,6.69683e-05,41.384
0,1,29,0,0,41.3723
0,2,29,0,0,41.3595
0,3,29,0,0,41.3456
0,4,29,0,0,41.3307
0,5,29,0,0,41.315
0,6,29,0,0,41.2985
0,7,29,0,0,41.2815
0,8,29,0,0,41.2638
0,9,29,0,0,41.2454
0,10,29,0,0,41.2263
0,11,29,0,0,41.2065
0,12,29,0,0,41.1862
0,13,29,0,0,41.1657
0,14,29,0,0,41.1451
0,15,29,0,0,41.1241
0,16,29,0,0,41.103
0,17,29,0,0,41.0818
0,18,29,0,0,41.0607
0,19,29,0,0,41.0399
0,20,29,0,0,41.0194
0,21,29,0,0,40.999
0,22,29,0,0,40.9786
0,23,29,0,0,40.9582
0,24,29,0,0,40.9382
0,25,29,0,0,40.9188
0,26,29,0,0,40.9002
0,27,29,0,0,40.8826
0,28,29,0,0,40.8659
0,29,29,0,0,40.8502
0,30,29,0,0,40.8353
0,31,29,0,0,40.8213
0,32,29,0,0,40.8078
0,33,29,0,0,40.7947
0,34,29,0,0,40.7821
0,35,29,0,0,40.77
0,36,29,0,0,40.7586
0,37,29,0,0,40.7478
0,38,29,0,0,40.7375
0,39,29,0,0,40.7278
0,40,29,0,0,40.7189
0,41,29,0,0,40.7105
0,42,29,0,0,40.7026
0,43,29,0,0,40.6951
0,44,29,0,0,40.6878
0,45,29,0,0,40.681
0,46,29,0,0,40.6746
0,47,29,0,0,40.6687
0,48,29,0,0,40.6633
0,49,29,0,0,40.6585
0,50,29,0,0,40.6539
0,51,29,0,0,40.6493
0,52,29,0,0,40.6448
0,53,29,0,0,40.6403
0,54,29,0,0,40.6361
0,55,29,0,0,40.6322
0,56,29,0,0,40.6281
0,57,29,0,0,40.6239
0,58,29,0,0,40.6198
0,59,29,0,0,40.6159
0,60,29,0,0,40.6123
0,61,29,0,0,40.6087
0,62,29,0,0,40.6051
0,63,29,0,0,40.6013
0,64,29,0,0,40.5974
0,65,29,0,0,40.5934
0,66,29,0,0,40.5896
0,67,29,0,0,40.5862
0,68,29,0,0,40.5832
0,69,29,0,0,40.5808
0,70,29,0,0,40.5789
0,71,29,0,0,40.5774
0,72,29,0,0,40.576
0,73,29,0,0,40.5745
0,74,29,0,0,40.5728
0,75,29,0,0,40.5709
0,76,29,0,0,40.5688
0,77,29,0,0,40.5668
0,78,29,0,0,40.5648
0,79,29,0,0,40.563
0,80,29,0,0,40.5611
0,81,29,0,0,40.5593
0,82,29,0,0,40.5576
0,83,29,0,0,40.5561
0,84,29,0,0,40.555
0,85,29,0,0,40.5541
0,86,29,0,0,40.5535
0,87,29,0,0,40.5529
0,88,29,0,0,40.5522
0,89,29,0,0,40.5511
0,90,29,0,0,40.5498
0,91,29,0,0,40.5482
0,92,29,0,0,40.5462
0,93,29,0,0,40.5439
0,94,29,0,0,40.5415
0,95,29,0,0,40.5389
0,96,29,0,0,40.5364
0,97,29,0,0,40.5342
0,98,29,0,0,40.5322
0,99,29,0,0,40.5305
0,100,29,0,0,40.5292
0,101,29,0,0,40.5282
0,102,29,0,0,40.5274
0,103,29,0,0,40.5267
0,104,29,0,0,40.5261
0,105,29,0,0,40.5257
0,106,29,0,0,40.5256
0,107,29,0,0,40.5258
0,108,29,0,0,40.5263
0,109,29,0,0,40.5268
0,110,29,0,0,40.5274
0,111,29,0,0,40.5279
0,112,29,0,0,40.5282
0,113,29,0,0,40.5281
0,114,29,0,0,40.5274
0,115,29,0,0,40.526
0,116,29,0,0,40.524
0,117,29,0,0,40.5219
0,118,29,0,0,40.52
0,119,29,0,0,40.5184
0,120,29,0,0,40.5169
0,121,29,0,0,40.5157
0,122,29,0,0,40.5146
0,123,29,0,0,40.5134
0,124,29,0,0,40.5119
0,125,29,0,0,40.51
0,126,29,0,0,40.5078
0,127,29,0,0,40.5059
0,0,30,0,6.69683e-05,41.3369
0,1,30,0,0,41.3265
0,2,30,0,0,41.3144
0,3,30,0,0,41.3013
0,4,30,0,0,41.2871
0,5,30,0,0,41.2724
0,6,30,0,0,41.2572
0,7,30,0,0,41.2418
0,8,30,0,0,41.226
0,9,30,0,0,41.2094
0,10,30,0,0,41.1919
0,11,30,0,0,41.1737
0,12,30,0,0,41.155
0,13,30,0,0,41.1362
0,14,30,0,0,41.1177
0,15,30,0,0,41.0986
0,16,30,0,0,41.0791
0,17,30,0,0,41.0592
0,18,30,0,0,41.0397
0,19,30,0,0,41.0207
0,20,30,0,0,41.0021
0,21,30,0,0,40.9834
0,22,30,0,0,40.9642
0,23,30,0,0,40.9446
0,24,30,0,0,40.9253
0,25,30,0,0,40.9067
0,26,30,0,0,40.8889
0,27,30,0,0,40.8722
0,28,30,0,0,40.8567
0,29,30,0,0,40.8421
0,30,30,0,0,40.8286
0,31,30,0,0,40.8157
0,32,30,0,0,40.8035
0,33,30,0,0,40.7913
0,34,30,0,0,40.7791
0,35,30,0,0,40.7677
0,36,30,0,0,40.7568
0,37,30,0,0,40.7466
0,38,30,0,0,40.7368
0,39,30,0,0,40.7276
0,40,30,0,0,40.7193
0,41,30,0,0,40.7116
0,42,30,0,0,40.7045
0,43,30,0,0,40.6975
0,44,30,0,0,40.6905
0,45,30,0,0,40.684
0,46,30,0,0,40.678
0,47,30,0,0,40.6722
0,48,30,0,0,40.6673
0,49,30,0,0,40.6632
0,50,30,0,0,40.6593
0,51,30,0,0,40.655
0,52,30,0,0,40.6506
0,53,30,0,0,40.6461
0,54,30,0,0,40.6421
0,55,30,0,0,40.6387
0,56,30,0,0,40.6347
0,57,30,0,0,40.6303
0,58,30,0,0,40.626
0,59,30,0,0,40.6221
0,60,30,0,0,40.6187
0,61,30,0,0,40.6155
0,62,30,0,0,40.612
0,63,30,0,0,40.6079
0,64,30,0,0,40.6039
0,65,30,0,0,40.5994
0,66,30,0,0,40.5951
0,67,30,0,0,40.5915
0,68,30,0,0,40.5883
0,69,30,0,0,40.5859
0,70,30,0,0,40.5843
0,71,30,0,0,40.5835
0,72,30,0,0,40.5828
0,73,30,0,0,40.5815
0,74,30,0,0,40.5799
0,75,30,0,0,40.5778
0,76,30,0,0,40.5753
0,77,30,0,0,40.5732
0,78,30,0,0,40.5712
0,79,30,0,0,40.5694
0,80,30,0,0,40.5674
0,81,30,0,0,40.5653
0,82,30,0,0,40.5634
0,83,30,0,0,40.562
0,84,30,0,0,40.561
0,85,30,0,0,40.5603
0,86,30,0,0,40.5602
0,87,30,0,0,40.5606
0,88,30,0,0,40.5601
0,89,30,0,0,40.5591
0,90,30,0,0,40.5579
0,91,30,0,0,40.5566
0,92,30,0,0,40.5544
0,93,30,0,0,40.5518
0,94,30,0,0,40.549
0,95,30,0,0,40.5458
0,96,30,0,0,40.543
0,97,30,0,0,40.5405
0,98,30,0,0,40.5383
0,99,30,0,0,40.5364
0,100,30,0,0,40.535
0,101,30,0,0,40.5343
0,102,30,0,0,40.5338
0,103,30,0,0,40.533
0,104,30,0,0,40.5321
0,105,30,0,0,40.5316
0,106,30,0,0,40.5316
0,107,30,0,0,40.5321
0,108,30,0,0,40.5329
0,109,30,0,0,40.5338
0,110,30,0,0,40.5348
0,111,30,0,0,40.5357
0,112,30,0,0,40.5365
0,113,30,0,0,40.537
0,114,30,0,0,40.5363
0,115,30,0,0,40.5343
0,116,30,0,0,40.5315
0,117,30,0,0,40.5286
0,118,30,0,0,40.5262
0,119,30,0,0,40.5245
0,120,30,0,0,40.523
0,121,30,0,0,40.5218
0,122,30,0,0,40.5209
0,123,30,0,0,40.52
0,124,30,0,0,40.5184
0,125,30,0,0,40.5159
0,126,30,0,0,40.5126
0,127,30,0,0,40.5095
0,0,31,0,6.69683e-05,41.295
0,1,31,0,0,41.2872
0,2,31,0,0,41.2753
0,3,31,0,0,41.2626
0,4,31,0,0,41.2487
0,5,31,0,0,41.2351
0,6,31,0,0,41.2206
0,7,31,0,0,41.207
0,8,31,0,0,41.1932
0,9,31,0,0,41.1788
0,10,31,0,0,41.1626
0,11,31,0,0,41.1457
0,12,31,0,0,41.1278
0,13,31,0,0,41.1107
0,14,31,0,0,41.0948
0,15,31,0,0,41.0775
0,16,31,0,0,41.0593
0,17,31,0,0,41.0402
0,18,31,0,0,41.0217
0,19,31,0,0,41.0049
0,20,31,0,0,40.9883
0,21,31,0,0,40.9719
0,22,31,0,0,40.9537
0,23,31,0,0,40.934
0,24,31,0,0,40.9151
0,25,31,0,0,40.897
0,26,31,0,0,40.8795
0,27,31,0,0,40.8638
0,28,31,0,0,40.8496
0,29,31,0,0,40.836
0,30,31,0,0,40.8241
0,31,31,0,0,40.8123
0,32,31,0,0,40.8023
0,33,31,0,0,40.7906
0,34,31,0,0,40.7783
0,35,31,0,0,40.7675
0,36,31,0,0,40.7573
0,37,31,0,0,40.7477
0,38,31,0,0,40.7381
0,39,31,0,0,40.7293
0,40,31,0,0,40.7219
0,41,31,0,0,40.7149
0,42,31,0,0,40.7087
0,43,31,0,0,40.7026
0,44,31,0,0,40.6953
0,45,31,0,0,40.689
0,46,31,0,0,40.6836
0,47,31,0,0,40.6775
0,48,31,0,0,40.673
0,49,31,0,0,40.6703
0,50,31,0,0,40.6677
0,51,31,0,0,40.6633
0,52,31,0,0,40.659
0,53,31,0,0,40.6537
0,54,31,0,0,40.65
0,55,31,0,0,40.6481
0,56,31,0,0,40.6442
0,57,31,0,0,40.639
0,58,31,0,0,40.6341
0,59,31,0,0,40.6301
0,60,31,0,0,40.6273
0,61,31,0,0,40.6248
0,62,31,0,0,40.6217
0,63,31,0,0,40.6168
0,64,31,0,0,40.6132
0,65,31,0,0,40.6076
0,66,31,0,0,40.6022
0,67,31,0,0,40.5985
0,68,31,0,0,40.5948
0,69,31,0,0,40.5924
0,70,31,0,0,40.5914
0,71,31,0,0,40.5916
0,72,31,0,0,40.5924
0,73,31,0,0,40.5911
0,74,31,0,0,40.5898
0,75,31,0,0,40.5872
0,76,31,0,0,40.5838
0,77,31,0,0,40.5815
0,78,31,0,0,40.5797
0,79,31,0,0,40.5781
0,80,31,0,0,40.5758
0,81,31,0,0,40.5735
0,82,31,0,0,40.5708
0,83,31,0,0,40.5697
0,84,31,0,0,40.5689
0,85,31,0,0,40.5679
0,86,31,0,0,40.5688
0,87,31,0,0,40.5711
0,88,31,0,0,40.5706
0,89,31,0,0,40.5694
0,90,31,0,0,40.5685
0,91,31,0,0,40.568
0,92,31,0,0,40.565
0,93,31,0,0,40.5622
0,94,31,0,0,40.559
0,95,31,0,0,40.5544
0,96,31,0,0,40.5513
0,97,31,0,0,40.5486
0,98,31,0,0,40.5463
0,99,31,0,0,40.5437
0,100,31,0,0,40.5423
0,101,31,0,0,40.5423
0,102,31,0,0,40.5424
0,103,31,0,0,40.5413
0,104,31,0,0,40.5398
0,105,31,0,0,40.5391
0,106,31,0,0,40.5391
0,107,31,0,0,40.5403
0,108,31,0,0,40.5414
0,109,31,0,0,40.5429
0,110,31,0,0,40.5444
0,111,31,0,0,40.5457
0,112,31,0,0,40.5472
0,113,31,0,0,40.5492
0,114,31,0,0,40.5486
0,115,31,0,0,40.5457
0,116,31,0,0,40.541
0,117,31,0,0,40.5368
0,118,31,0,0,40.5339
0,119,31,0,0,40.5324
0,120,31,0,0,40.5307
0,121,31,0,0,40.5296
0,122,31,0,0,40.5293
0,123,31,0,0,40.5294
0,124,31,0,0,40.5277
0,125,31,0,0,40.5247
0,126,31,0,0,40.5191
0,127,31,0,0,40.5136
0,0,32,0,0.000126652,41.2575
0,1,32,0,0.000236387,41.2567
0,2,32,0,7.8462e-05,41.2417
0,3,32,0,0.000130103,41.2299
0,4,32,0,6.13575e-05,41.2147
0,5,32,0,0.000119367,41.2029
0,6,32,0,4.0905e-05,41.1877
0,7,32,0,7.93446e-05,41.1769
0,8,32,0,9.72405e-05,41.1652
0,9,32,0,0.00015525,41.1544
0,10,32,0,9.72405e-05,41.1382
0,11,32,0,9.72405e-05,41.1228
0,12,32,0,3.9231e-05,41.1041
0,13,32,0,2.04525e-05,41.0879
0,14,32,0,0.000121041,41.0774
0,15,32,0,9.38014e-05,41.0612
0,16,32,0,0.000112725,41.0443
0,17,32,0,7.8462e-05,41.0242
0,18,32,0,5.96835e-05,41.0059
0,19,32,0,9.89145e-05,40.9925
0,20,32,0,7.8462e-05,40.978
0,21,32,0,0.000174083,40.9659
0,22,32,0,0.000158598,40.948
0,23,32,0,8.0136e-05,40.9262
0,24,32,0,8.10186e-05,40.9074
0,25,32,0,0.000100588,40.8899
0,26,32,0,5.96835e-05,40.8717
0,27,32,0,5.96835e-05,40.857
0,28,32,0,0.000106584,40.8452
0,29,32,0,4.0905e-05,40.8313
0,30,32,0,9.58939e-05,40.8226
0,31,32,0,1.87785e-05,40.8103
0,32,32,0,0.000141494,40.8056
0,33,32,0,0.000119367,40.7936
0,34,32,0,3.9231e-05,40.7787
0,35,32,0,6.13575e-05,40.7697
0,36,32,0,4.0905e-05,40.7599
0,37,32,0,8.181e-05,40.7518
0,38,32,0,3.9231e-05,40.7414
0,39,32,0,5.36878e-05,40.7324
0,40,32,0,9.97059e-05,40.7266
0,41,32,0,8.0136e-05,40.72
0,42,32,0,9.67764e-05,40.7157
0,43,32,0,0.00015525,40.7115
0,44,32,0,5.96835e-05,40.7016
0,45,32,0,7.8462e-05,40.6958
0,46,32,0,0.00016362,40.6926
0,47,32,0,5.96835e-05,40.6837
0,48,32,0,8.181e-05,40.6796
0,49,32,0,0.000121041,40.6798
0,50,32,0,0.000194481,40.6806
0,51,32,0,7.8462e-05,40.674
0,52,32,0,0.000143259,40.6711
0,53,32,0,5.96835e-05,40.6624
0,54,32,0,4.94573e-05,40.6587
0,55,32,0,0.000182399,40.662
0,56,32,0,0.000155304,40.6577
0,57,32,0,7.92534e-05,40.6498
0,58,32,0,6.13575e-05,40.6436
0,59,32,0,7.8462e-05,40.6396
0,60,32,0,8.0136e-05,40.638
0,61,32,0,0.000136472,40.6373
0,62,32,0,0.000199503,40.6359
0,63,32,0,3.9231e-05,40.6266
0,64,32,0,0.000218282,40.627
0,65,32,0,0.000121041,40.6179
0,66,32,0,5.96835e-05,40.6098
0,67,32,0,0.000119367,40.608
0,68,32,0,4.26701e-05,40.6022
0,69,32,0,3.9231e-05,40.5998
0,70,32,0,3.9231e-05,40.5996
0,71,32,0,5.45704e-05,40.6013
0,72,32,0,0.000184164,40.6065
0,73,32,0,9.71494e-05,40.6031
0,74,32,0,0.000160272,40.6033
0,75,32,0,0.000114345,40.5998
0,76,32,0,6.13575e-05,40.5936
0,77,32,0,7.8462e-05,40.5918
0,78,32,0,7.5114e-05,40.5902
0,79,32,0,0.000102262,40.5898
0,80,32,0,7.41403e-05,40.5865
0,81,32,0,0.000121041,40.5843
0,82,32,0,1.87785e-05,40.5788
0,83,32,0,8.10186e-05,40.5793
0,84,32,0,0.000117693,40.5793
0,85,32,0,2.81222e-05,40.5759
0,86,32,0,4.0905e-05,40.5781
0,87,32,0,0.000211913,40.5868
0,88,32,0,0.000121041,40.5842
0,89,32,0,8.181e-05,40.5816
0,90,32,0,6.13575e-05,40.581
0,91,32,0,0.000180725,40.584
0,92,32,0,6.73987e-05,40.5776
0,93,32,0,0.00011681,40.5752
0,94,32,0,0.000156924,40.5724
0,95,32,0,3.7557e-05,40.5639
0,96,32,0,0.000100588,40.5614
0,97,32,0,9.01986e-05,40.5584
0,98,32,0,0.000124735,40.5568
0,99,32,0,5.96835e-05,40.5519
0,100,32,0,3.9231e-05,40.5501
0,101,32,0,8.35751e-05,40.5523
0,102,32,0,0.000143167,40.5545
0,103,32,0,9.55665e-05,40.5521
0,104,32,0,5.96835e-05,40.5488
0,105,32,0,4.0905e-05,40.5479
0,106,32,0,1.87785e-05,40.5476
0,107,32,0,7.8462e-05,40.5505
0,108,32,0,5.96835e-05,40.5518
0,109,32,0,7.8462e-05,40.5541
0,110,32,0,8.52491e-05,40.5563
0,111,32,0,0.000101098,40.5576
0,112,32,0,6.13575e-05,40.5594
0,113,32,0,0.000175703,40.5663
0,114,32,0,0.000138146,40.5653
0,115,32,0,0.000119367,40.561
0,116,32,0,3.9231e-05,40.5523
0,117,32,0,4.0905e-05,40.5457
0,118,32,0,3.9231e-05,40.5422
0,119,32,0,9.89145e-05,40.5426
0,120,32,0,6.13575e-05,40.54
0,121,32,0,4.0905e-05,40.5385
0,122,32,0,3.9231e-05,40.5393
0,123,32,0,0.000157715,40.5429
0,124,32,0,8.181e-05,40.5402
0,125,32,0,0.000179051,40.5383
0,126,32,0,7.6788e-05,40.5276
0,127,32,0,0,40.5173
0,0,33,0,0.000106199,41.2117
0,1,33,0,6.37048e-05,41.2065
0,2,33,0,8.181e-05,41.1966
0,3,33,0,4.22516e-05,41.1837
0,4,33,0,6.13575e-05,41.1716
0,5,33,0,3.9231e-05,41.1591
0,6,33,0,6.13575e-05,41.1481
0,7,33,0,0.000118484,41.1388
0,8,33,0,4.0905e-05,41.1248
0,9,33,0,7.8462e-05,41.1141
0,10,33,0,5.96835e-05,41.1012
0,11,33,0,0.000158598,41.0914
0,12,33,0,0.000121041,41.0756
0,13,33,0,8.0136e-05,41.0601
0,14,33,0,0.000157552,41.0499
0,15,33,0,0.00012448,41.0342
0,16,33,0,0.000141494,41.0178
0,17,33,0,8.0136e-05,40.9976
0,18,33,0,2.04525e-05,40.9791
0,19,33,0,0.000116019,40.9687
0,20,33,0,0.000138146,40.9562
0,21,33,0,9.80319e-05,40.9408
0,22,33,0,9.48932e-05,40.9239
0,23,33,0,8.181e-05,40.9056
0,24,33,0,9.63579e-05,40.8885
0,25,33,0,4.79469e-05,40.8702
0,26,33,0,4.32523e-05,40.8541
0,27,33,0,5.96835e-05,40.8407
0,28,33,0,5.36878e-05,40.8286
0,29,33,0,4.22516e-05,40.8177
0,30,33,0,0.000147862,40.8121
0,31,33,0,6.13575e-05,40.8006
0,32,33,0,0.000182399,40.7962
0,33,33,0,9.89145e-05,40.7829
0,34,33,0,3.9231e-05,40.7699
0,35,33,0,0.000160272,40.7654
0,36,33,0,0.000152602,40.7572
0,37,33,0,0.000117693,40.7475
0,38,33,0,0.000179051,40.7396
0,39,33,0,5.62899e-05,40.7263
0,40,33,0,7.93446e-05,40.7188
0,41,33,0,5.96835e-05,40.7122
0,42,33,0,0.000133642,40.7097
0,43,33,0,9.38014e-05,40.7034
0,44,33,0,0.000115136,40.697
0,45,33,0,9.72405e-05,40.6899
0,46,33,0,6.13575e-05,40.6831
0,47,33,0,0.000100588,40.6779
0,48,33,0,2.04525e-05,40.6712
0,49,33,0,7.50229e-05,40.6715
0,50,33,0,9.54754e-05,40.6719
0,51,33,0,0.00013982,40.6709
0,52,33,0,0.000172263,40.6681
0,53,33,0,6.60521e-05,40.6588
0,54,33,0,6.82357e-05,40.6549
0,55,33,0,0.00013982,40.6562
0,56,33,0,0.000100588,40.6521
0,57,33,0,0.000142376,40.6487
0,58,33,0,0.00013982,40.6434
0,59,33,0,4.32523e-05,40.6365
0,60,33,0,0.000175756,40.6373
0,61,33,0,4.85747e-05,40.6305
0,62,33,0,9.03622e-05,40.628
0,63,33,0,0.000100588,40.6228
0,64,33,0,6.03568e-05,40.6171
0,65,33,0,4.0905e-05,40.6098
0,66,33,0,1.87785e-05,40.604
0,67,33,0,9.55665e-05,40.6041
0,68,33,0,8.0136e-05,40.6016
0,69,33,0,0.000102262,40.6011
0,70,33,0,0.000130476,40.6017
0,71,33,0,0.000104028,40.601
0,72,33,0,0.000107885,40.6013
0,73,33,0,6.64706e-05,40.598
0,74,33,0,4.26701e-05,40.5966
0,75,33,0,0.000179051,40.5987
0,76,33,0,3.9231e-05,40.5912
0,77,33,0,0.000116019,40.5912
0,78,33,0,9.72405e-05,40.5898
0,79,33,0,0.00013982,40.5898
0,80,33,0,0.000127037,40.5865
0,81,33,0,4.0905e-05,40.5807
0,82,33,0,0.000119367,40.5803
0,83,33,0,9.63579e-05,40.5784
0,84,33,0,6.13575e-05,40.5761
0,85,33,0,9.29188e-05,40.5761
0,86,33,0,6.13575e-05,40.5766
0,87,33,0,0.000122388,40.5815
0,88,33,0,8.0136e-05,40.5804
0,89,33,0,9.72405e-05,40.5806
0,90,33,0,0.00013982,40.5824
0,91,33,0,0.000138937,40.5823
0,92,33,0,0.000121087,40.5777
0,93,33,0,6.39141e-05,40.5717
0,94,33,0,8.48306e-05,40.5684
0,95,33,0,9.72405e-05,40.5634
0,96,33,0,4.17876e-05,40.5576
0,97,33,0,4.79469e-05,40.5543
0,98,33,0,6.27041e-05,40.5524
0,99,33,0,4.0905e-05,40.5494
0,100,33,0,8.181e-05,40.5499
0,101,33,0,9.31281e-05,40.5508
0,102,33,0,4.69007e-05,40.5498
0,103,33,0,0.000100588,40.5504
0,104,33,0,3.9231e-05,40.548
0,105,33,0,0.000132941,40.5515
0,106,33,0,0.00013215,40.5522
0,107,33,0,8.0136e-05,40.5515
0,108,33,0,0.00011681,40.5537
0,109,33,0,9.72405e-05,40.5548
0,110,33,0,0.000150191,40.5574
0,111,33,0,3.53734e-05,40.5548
0,112,33,0,9.55665e-05,40.5589
0,113,33,0,0.000156924,40.5648
0,114,33,0,0.000143167,40.5651
0,115,33,0,0.000180725,40.5636
0,116,33,0,0.000174029,40.5572
0,117,33,0,6.13575e-05,40.547
0,118,33,0,5.96835e-05,40.5425
0,119,33,0,8.78057e-05,40.5419
0,120,33,0,7.92534e-05,40.5403
0,121,33,0,9.89145e-05,40.5405
0,122,33,0,0.000160272,40.5423
0,123,33,0,4.17876e-05,40.5388
0,124,33,0,0.00017905,40.5407
0,125,33,0,7.8462e-05,40.5335
0,126,33,0,6.13575e-05,40.5252
0,127,33,0,4.60181e-05,40.5174
0,0,34,0,6.69683e-05,41.1635
0,1,34,0,0,41.1553
0,2,34,0,0,41.1455
0,3,34,0,0,41.1344
0,4,34,0,0,41.1231
0,5,34,0,0,41.1118
0,6,34,0,0,41.1009
0,7,34,0,0,41.0903
0,8,34,0,0,41.0786
0,9,34,0,0,41.0673
0,10,34,0,0,41.0556
0,11,34,0,0,41.0441
0,12,34,0,0,41.0309
0,13,34,0,0,41.0178
0,14,34,0,1.98248e-05,41.006
0,15,34,0,0,40.9912
0,16,34,0,0,40.9759
0,17,34,0,0,40.9597
0,18,34,0,0,40.9444
0,19,34,0,0,40.9315
0,20,34,0,0,40.9185
0,21,34,0,2.55656e-06,40.9044
0,22,34,0,2.34731e-06,40.8894
0,23,34,0,0,40.8737
0,24,34,0,0,40.8584
0,25,34,0,1.17366e-05,40.8437
0,26,34,0,1.64312e-05,40.8297
0,27,34,0,0,40.8164
0,28,34,0,0,40.8049
0,29,34,0,1.40839e-05,40.7952
0,30,34,0,0,40.7862
0,31,34,0,0,40.7768
0,32,34,0,0,40.7688
0,33,34,0,0,40.7588
0,34,34,0,0,40.749
0,35,34,0,0,40.7416
0,36,34,0,7.66969e-06,40.7339
0,37,34,0,0,40.7251
0,38,34,0,0,40.7168
0,39,34,0,9.38925e-06,40.7078
0,40,34,0,0,40.6999
0,41,34,0,0,40.6935
0,42,34,0,0,40.6884
0,43,34,0,5.11312e-06,40.6828
0,44,34,0,2.55656e-06,40.6768
0,45,34,0,0,40.6705
0,46,34,0,0,40.6647
0,47,34,0,0,40.6597
0,48,34,0,0,40.6553
0,49,34,0,5.11312e-06,40.6533
0,50,34,0,5.11312e-06,40.6517
0,51,34,0,0,40.6493
0,52,34,0,0,40.6461
0,53,34,0,1.40839e-05,40.6417
0,54,34,0,0,40.6376
0,55,34,0,0,40.6353
0,56,34,0,0,40.6321
0,57,34,0,0,40.6286
0,58,34,0,0,40.6247
0,59,34,0,1.64312e-05,40.621
0,60,34,0,0,40.6179
0,61,34,0,1.27828e-05,40.6141
0,62,34,0,1.02263e-05,40.6104
0,63,34,0,0,40.6057
0,64,34,0,1.64312e-05,40.6014
0,65,34,0,0,40.5958
0,66,34,0,0,40.5916
0,67,34,0,0,40.5897
0,68,34,0,1.53394e-05,40.5884
0,69,34,0,0,40.5868
0,70,34,0,7.66969e-06,40.5863
0,71,34,0,0,40.5852
0,72,34,0,4.69463e-06,40.5845
0,73,34,0,0,40.5827
0,74,34,0,1.53394e-05,40.5818
0,75,34,0,0,40.5803
0,76,34,0,0,40.5772
0,77,34,0,0,40.5756
0,78,34,0,0,40.5742
0,79,34,0,0,40.5728
0,80,34,0,0,40.5704
0,81,34,0,0,40.5675
0,82,34,0,0,40.5659
0,83,34,0,0,40.5643
0,84,34,0,0,40.563
0,85,34,0,0,40.5627
0,86,34,0,0,40.563
0,87,34,0,0,40.5644
0,88,34,0,0,40.5645
0,89,34,0,0,40.5646
0,90,34,0,0,40.565
0,91,34,0,2.30091e-05,40.5649
0,92,34,0,7.66969e-06,40.5615
0,93,34,0,0,40.5574
0,94,34,0,1.40839e-05,40.5543
0,95,34,0,0,40.5501
0,96,34,0,1.78959e-05,40.5468
0,97,34,0,0,40.5431
0,98,34,0,7.04194e-06,40.541
0,99,34,0,0,40.5388
0,100,34,0,0,40.5381
0,101,34,0,2.34731e-06,40.5381
0,102,34,0,1.27828e-05,40.538
0,103,34,0,0,40.5374
0,104,34,0,0,40.537
0,105,34,0,1.02263e-05,40.5383
0,106,34,0,7.66969e-06,40.5388
0,107,34,0,0,40.5387
0,108,34,0,2.55656e-06,40.5396
0,109,34,0,0,40.5404
0,110,34,0,0,40.5414
0,111,34,0,0,40.5416
0,112,34,0,0,40.5434
0,113,34,0,0,40.5454
0,114,34,0,0,40.5455
0,115,34,0,0,40.5438
0,116,34,0,0,40.5398
0,117,34,0,0,40.5346
0,118,34,0,0,40.5312
0,119,34,0,1.27828e-05,40.5298
0,120,34,0,2.55656e-06,40.528
0,121,34,0,0,40.5271
0,122,34,0,0,40.5265
0,123,34,0,0,40.5247
0,124,34,0,0,40.5233
0,125,34,0,0,40.5192
0,126,34,0,0,40.5143
0,127,34,0,1.53394e-05,40.5102
0,0,35,0,6.69683e-05,41.1193
0,1,35,0,0,41.1098
0,2,35,0,0,41.0999
0,3,35,0,0,41.0895
0,4,35,0,0,41.0788
0,5,35,0,0,41.0681
0,6,35,0,0,41.0574
0,7,35,0,0,41.0468
0,8,35,0,0,41.0358
0,9,35,0,0,41.0248
0,10,35,0,0,41.0136
0,11,35,0,0,41.0021
0,12,35,0,0,40.9901
0,13,35,0,0,40.9779
0,14,35,0,0,40.9656
0,15,35,0,0,40.9524
0,16,35,0,0,40.9386
0,17,35,0,0,40.9245
0,18,35,0,0,40.9108
0,19,35,0,0,40.8979
0,20,35,0,0,40.8851
0,21,35,0,0,40.872
0,22,35,0,0,40.8584
0,23,35,0,0,40.8446
0,24,35,0,0,40.831
0,25,35,0,0,40.8178
0,26,35,0,0,40.8052
0,27,35,0,0,40.7933
0,28,35,0,0,40.7825
0,29,35,0,0,40.7727
0,30,35,0,0,40.7636
0,31,35,0,0,40.7547
0,32,35,0,0,40.7462
0,33,35,0,0,40.7373
0,34,35,0,0,40.7287
0,35,35,0,0,40.7208
0,36,35,0,0,40.7131
0,37,35,0,0,40.7051
0,38,35,0,0,40.6973
0,39,35,0,0,40.6895
0,40,35,0,0,40.6823
0,41,35,0,0,40.6759
0,42,35,0,0,40.6702
0,43,35,0,0,40.6646
0,44,35,0,0,40.6589
0,45,35,0,0,40.6533
0,46,35,0,0,40.6481
0,47,35,0,0,40.6434
0,48,35,0,0,40.6395
0,49,35,0,0,40.6365
0,50,35,0,0,40.6339
0,51,35,0,0,40.6311
0,52,35,0,0,40.6279
0,53,35,0,0,40.6244
0,54,35,0,0,40.6209
0,55,35,0,0,40.618
0,56,35,0,0,40.6149
0,57,35,0,0,40.6116
0,58,35,0,0,40.6081
0,59,35,0,0,40.6048
0,60,35,0,0,40.6015
0,61,35,0,0,40.598
0,62,35,0,0,40.5945
0,63,35,0,0,40.5906
0,64,35,0,0,40.5867
0,65,35,0,0,40.5827
0,66,35,0,0,40.5793
0,67,35,0,0,40.577
0,68,35,0,0,40.5752
0,69,35,0,0,40.5736
0,70,35,0,0,40.5725
0,71,35,0,0,40.5713
0,72,35,0,0,40.5702
0,73,35,0,0,40.5688
0,74,35,0,0,40.5675
0,75,35,0,0,40.5659
0,76,35,0,0,40.5639
0,77,35,0,0,40.5622
0,78,35,0,0,40.5607
0,79,35,0,0,40.5591
0,80,35,0,0,40.5572
0,81,35,0,0,40.5552
0,82,35,0,0,40.5536
0,83,35,0,0,40.5523
0,84,35,0,0,40.5513
0,85,35,0,0,40.5507
0,86,35,0,0,40.5507
0,87,35,0,0,40.5509
0,88,35,0,0,40.5509
0,89,35,0,0,40.5507
0,90,35,0,0,40.5503
0,91,35,0,0,40.5493
0,92,35,0,0,40.5471
0,93,35,0,0,40.5442
0,94,35,0,0,40.5414
0,95,35,0,0,40.5382
0,96,35,0,0,40.5353
0,97,35,0,0,40.5326
0,98,35,0,0,40.5305
0,99,35,0,0,40.5288
0,100,35,0,0,40.5278
0,101,35,0,0,40.5272
0,102,35,0,0,40.5268
0,103,35,0,0,40.5264
0,104,35,0,0,40.5262
0,105,35,0,0,40.5266
0,106,35,0,0,40.5268
0,107,35,0,0,40.527
0,108,35,0,0,40.5275
0,109,35,0,0,40.528
0,110,35,0,0,40.5285
0,111,35,0,0,40.5289
0,112,35,0,0,40.5297
0,113,35,0,0,40.5303
0,114,35,0,0,40.5299
0,115,35,0,0,40.5285
0,116,35,0,0,40.5258
0,117,35,0,0,40.5227
0,118,35,0,0,40.5201
0,119,35,0,0,40.5182
0,120,35,0,0,40.5166
0,121,35,0,0,40.5152
0,122,35,0,0,40.514
0,123,35,0,0,40.5124
0,124,35,0,0,40.5105
0,125,35,0,0,40.5077
0,126,35,0,0,40.5046
0,127,35,0,0,40.5019
0,0,36,0,6.69683e-05,41.0789
0,1,36,0,0,41.0689
0,2,36,0,0,41.0589
0,3,36,0,0,41.0487
0,4,36,0,0,41.0384
0,5,36,0,0,41.0281
0,6,36,0,0,41.0178
0,7,36,0,0,41.0074
0,8,36,0,0,40.9969
0,9,36,0,0,40.9862
0,10,36,0,0,40.9754
0,11,36,0,0,40.9644
0,12,36,0,0,40.9531
0,13,36,0,0,40.9415
0,14,36,0,0,40.9297
0,15,36,0,0,40.9175
0,16,36,0,0,40.905
0,17,36,0,0,40.8923
0,18,36,0,0,40.8798
0,19,36,0,0,40.8675
0,20,36,0,0,40.8554
0,21,36,0,0,40.8431
0,22,36,0,0,40.8308
0,23,36,0,0,40.8184
0,24,36,0,0,40.8061
0,25,36,0,0,40.7942
0,26,36,0,0,40.7828
0,27,36,0,0,40.7719
0,28,36,0,0,40.7618
0,29,36,0,0,40.7524
0,30,36,0,0,40.7435
0,31,36,0,0,40.7349
0,32,36,0,0,40.7266
0,33,36,0,0,40.7184
0,34,36,0,0,40.7103
0,35,36,0,0,40.7027
0,36,36,0,0,40.6951
0,37,36,0,0,40.6877
0,38,36,0,0,40.6803
0,39,36,0,0,40.6732
0,40,36,0,0,40.6665
0,41,36,0,0,40.6602
0,42,36,0,0,40.6544
0,43,36,0,0,40.6488
0,44,36,0,0,40.6434
0,45,36,0,0,40.6382
0,46,36,0,0,40.6334
0,47,36,0,0,40.629
0,48,36,0,0,40.625
0,49,36,0,0,40.6217
0,50,36,0,0,40.6186
0,51,36,0,0,40.6156
0,52,36,0,0,40.6125
0,53,36,0,0,40.6093
0,54,36,0,0,40.6061
0,55,36,0,0,40.6031
0,56,36,0,0,40.6001
0,57,36,0,0,40.597
0,58,36,0,0,40.5939
0,59,36,0,0,40.5907
0,60,36,0,0,40.5876
0,61,36,0,0,40.5844
0,62,36,0,0,40.5811
0,63,36,0,0,40.5777
0,64,36,0,0,40.5744
0,65,36,0,0,40.5711
0,66,36,0,0,40.5682
0,67,36,0,0,40.5659
0,68,36,0,0,40.5639
0,69,36,0,0,40.5623
0,70,36,0,0,40.5609
0,71,36,0,0,40.5596
0,72,36,0,0,40.5583
0,73,36,0,0,40.557
0,74,36,0,0,40.5556
0,75,36,0,0,40.5541
0,76,36,0,0,40.5525
0,77,36,0,0,40.5509
0,78,36,0,0,40.5494
0,79,36,0,0,40.5479
0,80,36,0,0,40.5462
0,81,36,0,0,40.5446
0,82,36,0,0,40.5432
0,83,36,0,0,40.542
0,84,36,0,0,40.5411
0,85,36,0,0,40.5404
0,86,36,0,0,40.5401
0,87,36,0,0,40.5398
0,88,36,0,0,40.5395
0,89,36,0,0,40.539
0,90,36,0,0,40.5383
0,91,36,0,0,40.5371
0,92,36,0,0,40.5353
0,93,36,0,0,40.5331
0,94,36,0,0,40.5307
0,95,36,0,0,40.5282
0,96,36,0,0,40.5258
0,97,36,0,0,40.5236
0,98,36,0,0,40.5217
0,99,36,0,0,40.5201
0,100,36,0,0,40.519
0,101,36,0,0,40.5182
0,102,36,0,0,40.5176
0,103,36,0,0,40.5172
0,104,36,0,0,40.5169
0,105,36,0,0,40.5169
0,106,36,0,0,40.517
0,107,36,0,0,40.5171
0,108,36,0,0,40.5173
0,109,36,0,0,40.5175
0,110,36,0,0,40.5178
0,111,36,0,0,40.518
0,112,36,0,0,40.5182
0,113,36,0,0,40.5182
0,114,36,0,0,40.5176
0,115,36,0,0,40.5163
0,116,36,0,0,40.5144
0,117,36,0,0,40.5122
0,118,36,0,0,40.5101
0,119,36,0,0,40.5084
0,120,36,0,0,40.5068
0,121,36,0,0,40.5053
0,122,36,0,0,40.5039
0,123,36,0,0,40.5023
0,124,36,0,0,40.5006
0,125,36,0,0,40.4985
0,126,36,0,0,40.4963
0,127,36,0,0,40.4946
0,0,37,0,6.69683e-05,41.0421
0,1,37,0,0,41.0319
0,2,37,0,0,41.0219
0,3,37,0,0,41.0119
0,4,37,0,0,41.0019
0,5,37,0,0,40.9919
0,6,37,0,0,40.9818
0,7,37,0,0,40.9718
0,8,37,0,0,40.9616
0,9,37,0,0,40.9514
0,10,37,0,0,40.941
0,11,37,0,0,40.9305
0,12,37,0,0,40.9197
0,13,37,0,0,40.9088
0,14,37,0,0,40.8976
0,15,37,0,0,40.8863
0,16,37,0,0,40.8747
0,17,37,0,0,40.8631
0,18,37,0,0,40.8516
0,19,37,0,0,40.8401
0,20,37,0,0,40.8288
0,21,37,0,0,40.8175
0,22,37,0,0,40.8062
0,23,37,0,0,40.7949
0,24,37,0,0,40.7838
0,25,37,0,0,40.773
0,26,37,0,0,40.7626
0,27,37,0,0,40.7527
0,28,37,0,0,40.7432
0,29,37,0,0,40.7343
0,30,37,0,0,40.7258
0,31,37,0,0,40.7176
0,32,37,0,0,40.7096
0,33,37,0,0,40.7018
0,34,37,0,0,40.6943
0,35,37,0,0,40.6869
0,36,37,0,0,40.6797
0,37,37,0,0,40.6726
0,38,37,0,0,40.6657
0,39,37,0,0,40.659
0,40,37,0,0,40.6526
0,41,37,0,0,40.6465
0,42,37,0,0,40.6408
0,43,37,0,0,40.6353
0,44,37,0,0,40.6301
0,45,37,0,0,40.6252
0,46,37,0,0,40.6205
0,47,37,0,0,40.6163
0,48,37,0,0,40.6124
0,49,37,0,0,40.6089
0,50,37,0,0,40.6057
0,51,37,0,0,40.6026
0,52,37,0,0,40.5995
0,53,37,0,0,40.5965
0,54,37,0,0,40.5935
0,55,37,0,0,40.5906
0,56,37,0,0,40.5877
0,57,37,0,0,40.5848
0,58,37,0,0,40.5819
0,59,37,0,0,40.5789
0,60,37,0,0,40.576
0,61,37,0,0,40.5731
0,62,37,0,0,40.5701
0,63,37,0,0,40.567
0,64,37,0,0,40.5641
0,65,37,0,0,40.5613
0,66,37,0,0,40.5587
0,67,37,0,0,40.5565
0,68,37,0,0,40.5545
0,69,37,0,0,40.5529
0,70,37,0,0,40.5514
0,71,37,0,0,40.55
0,72,37,0,0,40.5486
0,73,37,0,0,40.5473
0,74,37,0,0,40.5459
0,75,37,0,0,40.5445
0,76,37,0,0,40.5431
0,77,37,0,0,40.5416
0,78,37,0,0,40.5402
0,79,37,0,0,40.5388
0,80,37,0,0,40.5373
0,81,37,0,0,40.536
0,82,37,0,0,40.5347
0,83,37,0,0,40.5336
0,84,37,0,0,40.5327
0,85,37,0,0,40.532
0,86,37,0,0,40.5314
0,87,37,0,0,40.5309
0,88,37,0,0,40.5304
0,89,37,0,0,40.5297
0,90,37,0,0,40.5288
0,91,37,0,0,40.5276
0,92,37,0,0,40.5261
0,93,37,0,0,40.5242
0,94,37,0,0,40.5222
0,95,37,0,0,40.5201
0,96,37,0,0,40.5181
0,97,37,0,0,40.5162
0,98,37,0,0,40.5145
0,99,37,0,0,40.513
0,100,37,0,0,40.5119
0,101,37,0,0,40.511
0,102,37,0,0,40.5103
0,103,37,0,0,40.5097
0,104,37,0,0,40.5094
0,105,37,0,0,40.5092
0,106,37,0,0,40.509
0,107,37,0,0,40.509
0,108,37,0,0,40.509
0,109,37,0,0,40.509
0,110,37,0,0,40.5091
0,111,37,0,0,40.509
0,112,37,0,0,40.5089
0,113,37,0,0,40.5086
0,114,37,0,0,40.5079
0,115,37,0,0,40.5068
0,116,37,0,0,40.5053
0,117,37,0,0,40.5036
0,118,37,0,0,40.5019
0,119,37,0,0,40.5002
0,120,37,0,0,40.4987
0,121,37,0,0,40.4973
0,122,37,0,0,40.4959
0,123,37,0,0,40.4944
0,124,37,0,0,40.4928
0,125,37,0,0,40.4912
0,126,37,0,0,40.4896
0,127,37,0,0,40.4884
0,0,38,0,6.69683e-05,41.0088
0,1,38,0,0,40.9986
0,2,38,0,0,40.9886
0,3,38,0,0,40.9787
0,4,38,0,0,40.9689
0,5,38,0,0,40.9592
0,6,38,0,0,40.9494
0,7,38,0,0,40.9397
0,8,38,0,0,40.9299
0,9,38,0,0,40.9201
0,10,38,0,0,40.9101
0,11,38,0,0,40.9
0,12,38,0,0,40.8898
0,13,38,0,0,40.8795
0,14,38,0,0,40.869
0,15,38,0,0,40.8584
0,16,38,0,0,40.8477
0,17,38,0,0,40.8369
0,18,38,0,0,40.8263
0,19,38,0,0,40.8157
0,20,38,0,0,40.8052
0,21,38,0,0,40.7948
0,22,38,0,0,40.7844
0,23,38,0,0,40.7741
0,24,38,0,0,40.7641
0,25,38,0,0,40.7543
0,26,38,0,0,40.7447
0,27,38,0,0,40.7356
0,28,38,0,0,40.7268
0,29,38,0,0,40.7184
0,30,38,0,0,40.7104
0,31,38,0,0,40.7026
0,32,38,0,0,40.695
0,33,38,0,0,40.6877
0,34,38,0,0,40.6805
0,35,38,0,0,40.6734
0,36,38,0,0,40.6665
0,37,38,0,0,40.6598
0,38,38,0,0,40.6532
0,39,38,0,0,40.6468
0,40,38,0,0,40.6407
0,41,38,0,0,40.6348
0,42,38,0,0,40.6292
0,43,38,0,0,40.6239
0,44,38,0,0,40.6189
0,45,38,0,0,40.6141
0,46,38,0,0,40.6096
0,47,38,0,0,40.6055
0,48,38,0,0,40.6017
0,49,38,0,0,40.5982
0,50,38,0,0,40.5949
0,51,38,0,0,40.5918
0,52,38,0,0,40.5888
0,53,38,0,0,40.5859
0,54,38,0,0,40.583
0,55,38,0,0,40.5802
0,56,38,0,0,40.5775
0,57,38,0,0,40.5748
0,58,38,0,0,40.572
0,59,38,0,0,40.5693
0,60,38,0,0,40.5666
0,61,38,0,0,40.5639
0,62,38,0,0,40.5612
0,63,38,0,0,40.5584
0,64,38,0,0,40.5558
0,65,38,0,0,40.5533
0,66,38,0,0,40.5509
0,67,38,0,0,40.5488
0,68,38,0,0,40.547
0,69,38,0,0,40.5453
0,70,38,0,0,40.5438
0,71,38,0,0,40.5424
0,72,38,0,0,40.541
0,73,38,0,0,40.5397
0,74,38,0,0,40.5384
0,75,38,0,0,40.537
0,76,38,0,0,40.5357
0,77,38,0,0,40.5343
0,78,38,0,0,40.533
0,79,38,0,0,40.5317
0,80,38,0,0,40.5304
0,81,38,0,0,40.5292
0,82,38,0,0,40.528
0,83,38,0,0,40.527
0,84,38,0,0,40.5261
0,85,38,0,0,40.5253
0,86,38,0,0,40.5246
0,87,38,0,0,40.524
0,88,38,0,0,40.5233
0,89,38,0,0,40.5226
0,90,38,0,0,40.5216
0,91,38,0,0,40.5205
0,92,38,0,0,40.5191
0,93,38,0,0,40.5175
0,94,38,0,0,40.5158
0,95,38,0,0,40.514
0,96,38,0,0,40.5122
0,97,38,0,0,40.5105
0,98,38,0,0,40.5089
0,99,38,0,0,40.5076
0,100,38,0,0,40.5064
0,101,38,0,0,40.5054
0,102,38,0,0,40.5046
0,103,38,0,0,40.504
0,104,38,0,0,40.5035
0,105,38,0,0,40.5032
0,106,38,0,0,40.5029
0,107,38,0,0,40.5028
0,108,38,0,0,40.5026
0,109,38,0,0,40.5025
0,110,38,0,0,40.5023
0,111,38,0,0,40.5021
0,112,38,0,0,40.5018
0,113,38,0,0,40.5013
0,114,38,0,0,40.5006
0,115,38,0,0,40.4995
0,116,38,0,0,40.4983
0,117,38,0,0,40.4969
0,118,38,0,0,40.4954
0,119,38,0,0,40.4939
0,120,38,0,0,40.4925
0,121,38,0,0,40.4911
0,122,38,0,0,40.4897
0,123,38,0,0,40.4884
0,124,38,0,0,40.487
0,125,38,0,0,40.4856
0,126,38,0,0,40.4845
0,127,38,0,0,40.4835
0,0,39,0,6.69683e-05,40.9789
0,1,39,0,0,40.9687
0,2,39,0,0,40.9587
0,3,39,0,0,40.949
0,4,39,0,0,40.9394
0,5,39,0,0,40.9299
0,6,39,0,0,40.9205
0,7,39,0,0,40.911
0,8,39,0,0,40.9016
0,9,39,0,0,40.8921
0,10,39,0,0,40.8826
0,11,39,0,0,40.8729
0,12,39,0,0,40.8632
0,13,39,0,0,40.8534
0,14,39,0,0,40.8435
0,15,39,0,0,40.8336
0,16,39,0,0,40.8236
0,17,39,0,0,40.8137
0,18,39,0,0,40.8038
0,19,39,0,0,40.794
0,20,39,0,0,40.7844
0,21,39,0,0,40.7748
0,22,39,0,0,40.7653
0,23,39,0,0,40.756
0,24,39,0,0,40.7468
0,25,39,0,0,40.7378
0,26,39,0,0,40.7292
0,27,39,0,0,40.7207
0,28,39,0,0,40.7126
0,29,39,0,0,40.7048
0,30,39,0,0,40.6972
0,31,39,0,0,40.6899
0,32,39,0,0,40.6828
0,33,39,0,0,40.6758
0,34,39,0,0,40.669
0,35,39,0,0,40.6623
0,36,39,0,0,40.6557
0,37,39,0,0,40.6493
0,38,39,0,0,40.643
0,39,39,0,0,40.6368
0,40,39,0,0,40.6309
0,41,39,0,0,40.6252
0,42,39,0,0,40.6197
0,43,39,0,0,40.6145
0,44,39,0,0,40.6096
0,45,39,0,0,40.605
0,46,39,0,0,40.6006
0,47,39,0,0,40.5966
0,48,39,0,0,40.5928
0,49,39,0,0,40.5894
0,50,39,0,0,40.5861
0,51,39,0,0,40.583
0,52,39,0,0,40.5801
0,53,39,0,0,40.5773
0,54,39,0,0,40.5746
0,55,39,0,0,40.572
0,56,39,0,0,40.5694
0,57,39,0,0,40.5669
0,58,39,0,0,40.5643
0,59,39,0,0,40.5618
0,60,39,0,0,40.5593
0,61,39,0,0,40.5568
0,62,39,0,0,40.5543
0,63,39,0,0,40.5518
0,64,39,0,0,40.5494
0,65,39,0,0,40.5472
0,66,39,0,0,40.545
0,67,39,0,0,40.543
0,68,39,0,0,40.5412
0,69,39,0,0,40.5396
0,70,39,0,0,40.5381
0,71,39,0,0,40.5367
0,72,39,0,0,40.5354
0,73,39,0,0,40.5341
0,74,39,0,0,40.5328
0,75,39,0,0,40.5315
0,76,39,0,0,40.5303
0,77,39,0,0,40.529
0,78,39,0,0,40.5278
0,79,39,0,0,40.5265
0,80,39,0,0,40.5254
0,81,39,0,0,40.5242
0,82,39,0,0,40.5232
0,83,39,0,0,40.5222
0,84,39,0,0,40.5213
0,85,39,0,0,40.5205
0,86,39,0,0,40.5198
0,87,39,0,0,40.5191
0,88,39,0,0,40.5183
0,89,39,0,0,40.5175
0,90,39,0,0,40.5166
0,91,39,0,0,40.5155
0,92,39,0,0,40.5143
0,93,39,0,0,40.5128
0,94,39,0,0,40.5113
0,95,39,0,0,40.5097
0,96,39,0,0,40.5081
0,97,39,0,0,40.5065
0,98,39,0,0,40.5051
0,99,39,0,0,40.5038
0,100,39,0,0,40.5026
0,101,39,0,0,40.5016
0,102,39,0,0,40.5007
0,103,39,0,0,40.5
0,104,39,0,0,40.4995
0,105,39,0,0,40.499
0,106,39,0,0,40.4987
0,107,39,0,0,40.4984
0,108,39,0,0,40.4981
0,109,39,0,0,40.4978
0,110,39,0,0,40.4975
0,111,39,0,0,40.4972
0,112,39,0,0,40.4967
0,113,39,0,0,40.4961
0,114,39,0,0,40.4954
0,115,39,0,0,40.4944
0,116,39,0,0,40.4933
0,117,39,0,0,40.492
0,118,39,0,0,40.4907
0,119,39,0,0,40.4894
0,120,39,0,0,40.488
0,121,39,0,0,40.4867
0,122,39,0,0,40.4854
0,123,39,0,0,40.4841
0,124,39,0,0,40.4829
0,125,39,0,0,40.4818
0,126,39,0,0,40.4808
0,127,39,0,0,40.48
0,0,40,0,6.69683e-05,40.9522
0,1,40,0,0,40.942
0,2,40,0,0,40.9322
0,3,40,0,0,40.9226
0,4,40,0,0,40.9132
0,5,40,0,0,40.9039
0,6,40,0,0,40.8947
0,7,40,0,0,40.8856
0,8,40,0,0,40.8765
0,9,40,0,0,40.8674
0,10,40,0,0,40.8582
0,11,40,0,0,40.849
0,12,40,0,0,40.8398
0,13,40,0,0,40.8305
0,14,40,0,0,40.8211
0,15,40,0,0,40.8118
0,16,40,0,0,40.8025
0,17,40,0,0,40.7933
0,18,40,0,0,40.7841
0,19,40,0,0,40.7751
0,20,40,0,0,40.7662
0,21,40,0,0,40.7574
0,22,40,0,0,40.7488
0,23,40,0,0,40.7403
0,24,40,0,0,40.732
0,25,40,0,0,40.7238
0,26,40,0,0,40.7159
0,27,40,0,0,40.7082
0,28,40,0,0,40.7007
0,29,40,0,0,40.6934
0,30,40,0,0,40.6864
0,31,40,0,0,40.6795
0,32,40,0,0,40.6728
0,33,40,0,0,40.6662
0,34,40,0,0,40.6598
0,35,40,0,0,40.6534
0,36,40,0,0,40.6471
0,37,40,0,0,40.6409
0,38,40,0,0,40.6348
0,39,40,0,0,40.6289
0,40,40,0,0,40.6231
0,41,40,0,0,40.6176
0,42,40,0,0,40.6122
0,43,40,0,0,40.6071
0,44,40,0,0,40.6023
0,45,40,0,0,40.5978
0,46,40,0,0,40.5935
0,47,40,0,0,40.5895
0,48,40,0,0,40.5859
0,49,40,0,0,40.5825
0,50,40,0,0,40.5793
0,51,40,0,0,40.5763
0,52,40,0,0,40.5735
0,53,40,0,0,40.5708
0,54,40,0,0,40.5682
0,55,40,0,0,40.5658
0,56,40,0,0,40.5634
0,57,40,0,0,40.561
0,58,40,0,0,40.5587
0,59,40,0,0,40.5564
0,60,40,0,0,40.5541
0,61,40,0,0,40.5518
0,62,40,0,0,40.5495
0,63,40,0,0,40.5472
0,64,40,0,0,40.545
0,65,40,0,0,40.5429
0,66,40,0,0,40.5409
0,67,40,0,0,40.539
0,68,40,0,0,40.5373
0,69,40,0,0,40.5358
0,70,40,0,0,40.5343
0,71,40,0,0,40.533
0,72,40,0,0,40.5317
0,73,40,0,0,40.5304
0,74,40,0,0,40.5292
0,75,40,0,0,40.528
0,76,40,0,0,40.5268
0,77,40,0,0,40.5256
0,78,40,0,0,40.5245
0,79,40,0,0,40.5233
0,80,40,0,0,40.5222
0,81,40,0,0,40.5212
0,82,40,0,0,40.5202
0,83,40,0,0,40.5192
0,84,40,0,0,40.5184
0,85,40,0,0,40.5176
0,86,40,0,0,40.5168
0,87,40,0,0,40.5161
0,88,40,0,0,40.5154
0,89,40,0,0,40.5146
0,90,40,0,0,40.5137
0,91,40,0,0,40.5126
0,92,40,0,0,40.5115
0,93,40,0,0,40.5102
0,94,40,0,0,40.5088
0,95,40,0,0,40.5073
0,96,40,0,0,40.5058
0,97,40,0,0,40.5044
0,98,40,0,0,40.503
0,99,40,0,0,40.5017
0,100,40,0,0,40.5005
0,101,40,0,0,40.4994
0,102,40,0,0,40.4985
0,103,40,0,0,40.4978
0,104,40,0,0,40.4971
0,105,40,0,0,40.4966
0,106,40,0,0,40.4962
0,107,40,0,0,40.4958
0,108,40,0,0,40.4954
0,109,40,0,0,40.495
0,110,40,0,0,40.4946
0,111,40,0,0,40.4942
0,112,40,0,0,40.4936
0,113,40,0,0,40.493
0,114,40,0,0,40.4922
0,115,40,0,0,40.4913
0,116,40,0,0,40.4903
0,117,40,0,0,40.4891
0,118,40,0,0,40.4879
0,119,40,0,0,40.4867
0,120,40,0,0,40.4854
0,121,40,0,0,40.4841
0,122,40,0,0,40.4829
0,123,40,0,0,40.4817
0,124,40,0,0,40.4805
0,125,40,0,0,40.4795
0,126,40,0,0,40.4786
0,127,40,0,0,40.478
0,0,41,0,6.69683e-05,40.9286
0,1,41,0,0,40.9185
0,2,41,0,0,40.9088
0,3,41,0,0,40.8993
0,4,41,0,0,40.8901
0,5,41,0,0,40.8811
0,6,41,0,0,40.8721
0,7,41,0,0,40.8633
0,8,41,0,0,40.8545
0,9,41,0,0,40.8458
0,10,41,0,0,40.837
0,11,41,0,0,40.8282
0,12,41,0,0,40.8193
0,13,41,0,0,40.8105
0,14,41,0,0,40.8016
0,15,41,0,0,40.7928
0,16,41,0,0,40.7841
0,17,41,0,0,40.7755
0,18,41,0,0,40.7671
0,19,41,0,0,40.7588
0,20,41,0,0,40.7506
0,21,41,0,0,40.7426
0,22,41,0,0,40.7348
0,23,41,0,0,40.7271
0,24,41,0,0,40.7195
0,25,41,0,0,40.7122
0,26,41,0,0,40.7049
0,27,41,0,0,40.6979
0,28,41,0,0,40.691
0,29,41,0,0,40.6843
0,30,41,0,0,40.6778
0,31,41,0,0,40.6714
0,32,41,0,0,40.6651
0,33,41,0,0,40.6589
0,34,41,0,0,40.6528
0,35,41,0,0,40.6468
0,36,41,0,0,40.6407
0,37,41,0,0,40.6348
0,38,41,0,0,40.6289
0,39,41,0,0,40.6231
0,40,41,0,0,40.6174
0,41,41,0,0,40.6119
0,42,41,0,0,40.6067
0,43,41,0,0,40.6016
0,44,41,0,0,40.5969
0,45,41,0,0,40.5924
0,46,41,0,0,40.5882
0,47,41,0,0,40.5844
0,48,41,0,0,40.5808
0,49,41,0,0,40.5775
0,50,41,0,0,40.5744
0,51,41,0,0,40.5715
0,52,41,0,0,40.5688
0,53,41,0,0,40.5662
0,54,41,0,0,40.5638
0,55,41,0,0,40.5616
0,56,41,0,0,40.5594
0,57,41,0,0,40.5572
0,58,41,0,0,40.5551
0,59,41,0,0,40.553
0,60,41,0,0,40.5509
0,61,41,0,0,40.5487
0,62,41,0,0,40.5466
0,63,41,0,0,40.5445
0,64,41,0,0,40.5425
0,65,41,0,0,40.5405
0,66,41,0,0,40.5386
0,67,41,0,0,40.5369
0,68,41,0,0,40.5352
0,69,41,0,0,40.5338
0,70,41,0,0,40.5324
0,71,41,0,0,40.5311
0,72,41,0,0,40.5299
0,73,41,0,0,40.5287
0,74,41,0,0,40.5276
0,75,41,0,0,40.5264
0,76,41,0,0,40.5253
0,77,41,0,0,40.5242
0,78,41,0,0,40.5231
0,79,41,0,0,40.522
0,80,41,0,0,40.521
0,81,41,0,0,40.52
0,82,41,0,0,40.519
0,83,41,0,0,40.5181
0,84,41,0,0,40.5173
0,85,41,0,0,40.5165
0,86,41,0,0,40.5158
0,87,41,0,0,40.5151
0,88,41,0,0,40.5144
0,89,41,0,0,40.5136
0,90,41,0,0,40.5128
0,91,41,0,0,40.5118
0,92,41,0,0,40.5107
0,93,41,0,0,40.5095
0,94,41,0,0,40.5082
0,95,41,0,0,40.5069
0,96,41,0,0,40.5054
0,97,41,0,0,40.504
0,98,41,0,0,40.5026
0,99,41,0,0,40.5013
0,100,41,0,0,40.5001
0,101,41,0,0,40.499
0,102,41,0,0,40.498
0,103,41,0,0,40.4972
0,104,41,0,0,40.4965
0,105,41,0,0,40.496
0,106,41,0,0,40.4955
0,107,41,0,0,40.495
0,108,41,0,0,40.4946
0,109,41,0,0,40.4941
0,110,41,0,0,40.4936
0,111,41,0,0,40.4931
0,112,41,0,0,40.4925
0,113,41,0,0,40.4918
0,114,41,0,0,40.491
0,115,41,0,0,40.4902
0,116,41,0,0,40.4892
0,117,41,0,0,40.4881
0,118,41,0,0,40.487
0,119,41,0,0,40.4858
0,120,41,0,0,40.4845
0,121,41,0,0,40.4833
0,122,41,0,0,40.4821
0,123,41,0,0,40.4809
0,124,41,0,0,40.4798
0,125,41,0,0,40.4788
0,126,41,0,0,40.478
0,127,41,0,0,40.4774
0,0,42,0,6.69683e-05,40.908
0,1,42,0,0,40.898
0,2,42,0,0,40.8884
0,3,42,0,0,40.8791
0,4,42,0,0,40.8701
0,5,42,0,0,40.8612
0,6,42,0,0,40.8526
0,7,42,0,0,40.8441
0,8,42,0,0,40.8356
0,9,42,0,0,40.8272
0,10,42,0,0,40.8187
0,11,42,0,0,40.8102
0,12,42,0,0,40.8018
0,13,42,0,0,40.7933
0,14,42,0,0,40.7849
0,15,42,0,0,40.7766
0,16,42,0,0,40.7684
0,17,42,0,0,40.7604
0,18,42,0,0,40.7526
0,19,42,0,0,40.745
0,20,42,0,0,40.7376
0,21,42,0,0,40.7303
0,22,42,0,0,40.7233
0,23,42,0,0,40.7163
0,24,42,0,0,40.7095
0,25,42,0,0,40.7029
0,26,42,0,0,40.6963
0,27,42,0,0,40.6899
0,28,42,0,0,40.6837
0,29,42,0,0,40.6775
0,30,42,0,0,40.6715
0,31,42,0,0,40.6656
0,32,42,0,0,40.6598
0,33,42,0,0,40.654
0,34,42,0,0,40.6482
0,35,42,0,0,40.6424
0,36,42,0,0,40.6366
0,37,42,0,0,40.6309
0,38,42,0,0,40.6251
0,39,42,0,0,40.6194
0,40,42,0,0,40.6138
0,41,42,0,0,40.6083
0,42,42,0,0,40.6031
0,43,42,0,0,40.598
0,44,42,0,0,40.5933
0,45,42,0,0,40.5889
0,46,42,0,0,40.5848
0,47,42,0,0,40.581
0,48,42,0,0,40.5775
0,49,42,0,0,40.5743
0,50,42,0,0,40.5713
0,51,42,0,0,40.5686
0,52,42,0,0,40.566
0,53,42,0,0,40.5636
0,54,42,0,0,40.5614
0,55,42,0,0,40.5593
0,56,42,0,0,40.5574
0,57,42,0,0,40.5554
0,58,42,0,0,40.5535
0,59,42,0,0,40.5516
0,60,42,0,0,40.5497
0,61,42,0,0,40.5477
0,62,42,0,0,40.5458
0,63,42,0,0,40.5438
0,64,42,0,0,40.5419
0,65,42,0,0,40.54
0,66,42,0,0,40.5382
0,67,42,0,0,40.5365
0,68,42,0,0,40.535
0,69,42,0,0,40.5336
0,70,42,0,0,40.5323
0,71,42,0,0,40.5311
0,72,42,0,0,40.53
0,73,42,0,0,40.5289
0,74,42,0,0,40.5278
0,75,42,0,0,40.5267
0,76,42,0,0,40.5257
0,77,42,0,0,40.5246
0,78,42,0,0,40.5236
0,79,42,0,0,40.5226
0,80,42,0,0,40.5216
0,81,42,0,0,40.5207
0,82,42,0,0,40.5197
0,83,42,0,0,40.5189
0,84,42,0,0,40.518
0,85,42,0,0,40.5173
0,86,42,0,0,40.5166
0,87,42,0,0,40.516
0,88,42,0,0,40.5153
0,89,42,0,0,40.5147
0,90,42,0,0,40.5139
0,91,42,0,0,40.513
0,92,42,0,0,40.512
0,93,42,0,0,40.5108
0,94,42,0,0,40.5096
0,95,42,0,0,40.5083
0,96,42,0,0,40.5069
0,97,42,0,0,40.5055
0,98,42,0,0,40.5041
0,99,42,0,0,40.5027
0,100,42,0,0,40.5014
0,101,42,0,0,40.5002
0,102,42,0,0,40.4992
0,103,42,0,0,40.4984
0,104,42,0,0,40.4977
0,105,42,0,0,40.4971
0,106,42,0,0,40.4965
0,107,42,0,0,40.496
0,108,42,0,0,40.4956
0,109,42,0,0,40.4951
0,110,42,0,0,40.4945
0,111,42,0,0,40.4939
0,112,42,0,0,40.4933
0,113,42,0,0,40.4925
0,114,42,0,0,40.4918
0,115,42,0,0,40.4909
0,116,42,0,0,40.49
0,117,42,0,0,40.4889
0,118,42,0,0,40.4879
0,119,42,0,0,40.4867
0,120,42,0,0,40.4855
0,121,42,0,0,40.4843
0,122,42,0,0,40.483
0,123,42,0,0,40.4818
0,124,42,0,0,40.4807
0,125,42,0,0,40.4797
0,126,42,0,0,40.4788
0,127,42,0,0,40.4782
0,0,43,0,6.69683e-05,40.8904
0,1,43,0,0,40.8805
0,2,43,0,0,40.871
0,3,43,0,0,40.8618
0,4,43,0,0,40.8529
0,5,43,0,0,40.8443
0,6,43,0,0,40.8359
0,7,43,0,0,40.8277
0,8,43,0,0,40.8196
0,9,43,0,0,40.8115
0,10,43,0,0,40.8034
0,11,43,0,0,40.7952
0,12,43,0,0,40.787
0,13,43,0,0,40.7789
0,14,43,0,0,40.7709
0,15,43,0,0,40.763
0,16,43,0,0,40.7553
0,17,43,0,0,40.7478
0,18,43,0,0,40.7406
0,19,43,0,0,40.7337
0,20,43,0,0,40.727
0,21,43,0,0,40.7205
0,22,43,0,0,40.7142
0,23,43,0,0,40.708
0,24,43,0,0,40.7019
0,25,43,0,0,40.6959
0,26,43,0,0,40.6901
0,27,43,0,0,40.6843
0,28,43,0,0,40.6786
0,29,43,0,0,40.673
0,30,43,0,0,40.6676
0,31,43,0,0,40.6621
0,32,43,0,0,40.6567
0,33,43,0,0,40.6513
0,34,43,0,0,40.6459
0,35,43,0,0,40.6404
0,36,43,0,0,40.6349
0,37,43,0,0,40.6292
0,38,43,0,0,40.6236
0,39,43,0,0,40.6179
0,40,43,0,0,40.6123
0,41,43,0,0,40.6068
0,42,43,0,0,40.6014
0,43,43,0,0,40.5963
0,44,43,0,0,40.5916
0,45,43,0,0,40.5872
0,46,43,0,0,40.5832
0,47,43,0,0,40.5795
0,48,43,0,0,40.5762
0,49,43,0,0,40.573
0,50,43,0,0,40.5702
0,51,43,0,0,40.5675
0,52,43,0,0,40.5651
0,53,43,0,0,40.5629
0,54,43,0,0,40.5609
0,55,43,0,0,40.5591
0,56,43,0,0,40.5573
0,57,43,0,0,40.5556
0,58,43,0,0,40.5539
0,59,43,0,0,40.5522
0,60,43,0,0,40.5505
0,61,43,0,0,40.5488
0,62,43,0,0,40.547
0,63,43,0,0,40.5451
0,64,43,0,0,40.5432
0,65,43,0,0,40.5414
0,66,43,0,0,40.5397
0,67,43,0,0,40.538
0,68,43,0,0,40.5366
0,69,43,0,0,40.5353
0,70,43,0,0,40.5341
0,71,43,0,0,40.5331
0,72,43,0,0,40.5321
0,73,43,0,0,40.5311
0,74,43,0,0,40.53
0,75,43,0,0,40.529
0,76,43,0,0,40.528
0,77,43,0,0,40.527
0,78,43,0,0,40.526
0,79,43,0,0,40.5251
0,80,43,0,0,40.5242
0,81,43,0,0,40.5232
0,82,43,0,0,40.5223
0,83,43,0,0,40.5215
0,84,43,0,0,40.5206
0,85,43,0,0,40.5199
0,86,43,0,0,40.5193
0,87,43,0,0,40.5187
0,88,43,0,0,40.5182
0,89,43,0,0,40.5177
0,90,43,0,0,40.517
0,91,43,0,0,40.5162
0,92,43,0,0,40.5153
0,93,43,0,0,40.5142
0,94,43,0,0,40.513
0,95,43,0,0,40.5117
0,96,43,0,0,40.5103
0,97,43,0,0,40.5089
0,98,43,0,0,40.5074
0,99,43,0,0,40.5058
0,100,43,0,0,40.5044
0,101,43,0,0,40.5032
0,102,43,0,0,40.5021
0,103,43,0,0,40.5012
0,104,43,0,0,40.5005
0,105,43,0,0,40.4999
0,106,43,0,0,40.4994
0,107,43,0,0,40.4989
0,108,43,0,0,40.4984
0,109,43,0,0,40.4979
0,110,43,0,0,40.4973
0,111,43,0,0,40.4966
0,112,43,0,0,40.4959
0,113,43,0,0,40.4952
0,114,43,0,0,40.4944
0,115,43,0,0,40.4936
0,116,43,0,0,40.4927
0,117,43,0,0,40.4917
0,118,43,0,0,40.4906
0,119,43,0,0,40.4895
0,120,43,0,0,40.4883
0,121,43,0,0,40.487
0,122,43,0,0,40.4857
0,123,43,0,0,40.4845
0,124,43,0,0,40.4833
0,125,43,0,0,40.4822
0,126,43,0,0,40.4812
0,127,43,0,0,40.4805
0,0,44,0,6.69683e-05,40.8755
0,1,44,0,0,40.8658
0,2,44,0,0,40.8564
0,3,44,0,0,40.8474
0,4,44,0,0,40.8387
0,5,44,0,0,40.8303
0,6,44,0,0,40.8221
0,7,44,0,0,40.8143
0,8,44,0,0,40.8065
0,9,44,0,0,40.7988
0,10,44,0,0,40.791
0,11,44,0,0,40.7831
0,12,44,0,0,40.7751
0,13,44,0,0,40.7672
0,14,44,0,0,40.7594
0,15,44,0,0,40.7519
0,16,44,0,0,40.7446
0,17,44,0,0,40.7376
0,18,44,0,0,40.731
0,19,44,0,0,40.7247
0,20,44,0,0,40.7187
0,21,44,0,0,40.7131
0,22,44,0,0,40.7075
0,23,44,0,0,40.7021
0,24,44,0,0,40.6967
0,25,44,0,0,40.6914
0,26,44,0,0,40.6862
0,27,44,0,0,40.681
0,28,44,0,0,40.6759
0,29,44,0,0,40.6709
0,30,44,0,0,40.666
0,31,44,0,0,40.661
0,32,44,0,0,40.6561
0,33,44,0,0,40.6511
0,34,44,0,0,40.6461
0,35,44,0,0,40.6408
0,36,44,0,0,40.6354
0,37,44,0,0,40.6299
0,38,44,0,0,40.6243
0,39,44,0,0,40.6186
0,40,44,0,0,40.6129
0,41,44,0,0,40.6072
0,42,44,0,0,40.6017
0,43,44,0,0,40.5964
0,44,44,0,0,40.5916
0,45,44,0,0,40.5873
0,46,44,0,0,40.5834
0,47,44,0,0,40.5799
0,48,44,0,0,40.5766
0,49,44,0,0,40.5736
0,50,44,0,0,40.5708
0,51,44,0,0,40.5683
0,52,44,0,0,40.566
0,53,44,0,0,40.564
0,54,44,0,0,40.5623
0,55,44,0,0,40.5608
0,56,44,0,0,40.5594
0,57,44,0,0,40.5579
0,58,44,0,0,40.5565
0,59,44,0,0,40.5549
0,60,44,0,0,40.5534
0,61,44,0,0,40.5519
0,62,44,0,0,40.5502
0,63,44,0,0,40.5484
0,64,44,0,0,40.5466
0,65,44,0,0,40.5447
0,66,44,0,0,40.543
0,67,44,0,0,40.5414
0,68,44,0,0,40.54
0,69,44,0,0,40.5388
0,70,44,0,0,40.5378
0,71,44,0,0,40.537
0,72,44,0,0,40.5361
0,73,44,0,0,40.5352
0,74,44,0,0,40.5342
0,75,44,0,0,40.5332
0,76,44,0,0,40.5322
0,77,44,0,0,40.5313
0,78,44,0,0,40.5304
0,79,44,0,0,40.5295
0,80,44,0,0,40.5286
0,81,44,0,0,40.5278
0,82,44,0,0,40.5269
0,83,44,0,0,40.5259
0,84,44,0,0,40.5251
0,85,44,0,0,40.5244
0,86,44,0,0,40.5238
0,87,44,0,0,40.5234
0,88,44,0,0,40.5231
0,89,44,0,0,40.5228
0,90,44,0,0,40.5223
0,91,44,0,0,40.5216
0,92,44,0,0,40.5206
0,93,44,0,0,40.5195
0,94,44,0,0,40.5183
0,95,44,0,0,40.5171
0,96,44,0,0,40.5157
0,97,44,0,0,40.5142
0,98,44,0,0,40.5125
0,99,44,0,0,40.5108
0,100,44,0,0,40.5092
0,101,44,0,0,40.5078
0,102,44,0,0,40.5067
0,103,44,0,0,40.5058
0,104,44,0,0,40.5051
0,105,44,0,0,40.5046
0,106,44,0,0,40.5041
0,107,44,0,0,40.5037
0,108,44,0,0,40.5032
0,109,44,0,0,40.5026
0,110,44,0,0,40.502
0,111,44,0,0,40.5013
0,112,44,0,0,40.5005
0,113,44,0,0,40.4997
0,114,44,0,0,40.4989
0,115,44,0,0,40.4981
0,116,44,0,0,40.4973
0,117,44,0,0,40.4964
0,118,44,0,0,40.4953
0,119,44,0,0,40.4942
0,120,44,0,0,40.4929
0,121,44,0,0,40.4916
0,122,44,0,0,40.4902
0,123,44,0,0,40.4889
0,124,44,0,0,40.4875
0,125,44,0,0,40.4863
0,126,44,0,0,40.4852
0,127,44,0,0,40.4843
0,0,45,0,6.69683e-05,40.8634
0,1,45,0,0,40.8539
0,2,45,0,0,40.8447
0,3,45,0,0,40.8357
0,4,45,0,0,40.8271
0,5,45,0,0,40.8189
0,6,45,0,0,40.8111
0,7,45,0,0,40.8036
0,8,45,0,0,40.7963
0,9,45,0,0,40.7891
0,10,45,0,0,40.7816
0,11,45,0,0,40.7738
0,12,45,0,0,40.7658
0,13,45,0,0,40.758
0,14,45,0,0,40.7505
0,15,45,0,0,40.7432
0,16,45,0,0,40.7363
0,17,45,0,0,40.7297
0,18,45,0,0,40.7236
0,19,45,0,0,40.718
0,20,45,0,0,40.7129
0,21,45,0,0,40.708
0,22,45,0,0,40.7033
0,23,45,0,0,40.6986
0,24,45,0,0,40.694
0,25,45,0,0,40.6894
0,26,45,0,0,40.6848
0,27,45,0,0,40.6802
0,28,45,0,0,40.6757
0,29,45,0,0,40.6712
0,30,45,0,0,40.6668
0,31,45,0,0,40.6623
0,32,45,0,0,40.6579
0,33,45,0,0,40.6534
0,34,45,0,0,40.6487
0,35,45,0,0,40.6438
0,36,45,0,0,40.6385
0,37,45,0,0,40.633
0,38,45,0,0,40.6274
0,39,45,0,0,40.6216
0,40,45,0,0,40.6158
0,41,45,0,0,40.6098
0,42,45,0,0,40.6038
0,43,45,0,0,40.5983
0,44,45,0,0,40.5934
0,45,45,0,0,40.5892
0,46,45,0,0,40.5854
0,47,45,0,0,40.582
0,48,45,0,0,40.5789
0,49,45,0,0,40.5761
0,50,45,0,0,40.5734
0,51,45,0,0,40.5709
0,52,45,0,0,40.5688
0,53,45,0,0,40.567
0,54,45,0,0,40.5655
0,55,45,0,0,40.5645
0,56,45,0,0,40.5635
0,57,45,0,0,40.5623
0,58,45,0,0,40.5611
0,59,45,0,0,40.5597
0,60,45,0,0,40.5585
0,61,45,0,0,40.5571
0,62,45,0,0,40.5556
0,63,45,0,0,40.5539
0,64,45,0,0,40.552
0,65,45,0,0,40.55
0,66,45,0,0,40.5481
0,67,45,0,0,40.5466
0,68,45,0,0,40.5452
0,69,45,0,0,40.5442
0,70,45,0,0,40.5434
0,71,45,0,0,40.5428
0,72,45,0,0,40.5422
0,73,45,0,0,40.5415
0,74,45,0,0,40.5405
0,75,45,0,0,40.5394
0,76,45,0,0,40.5384
0,77,45,0,0,40.5375
0,78,45,0,0,40.5367
0,79,45,0,0,40.5359
0,80,45,0,0,40.5351
0,81,45,0,0,40.5343
0,82,45,0,0,40.5333
0,83,45,0,0,40.5324
0,84,45,0,0,40.5314
0,85,45,0,0,40.5306
0,86,45,0,0,40.5302
0,87,45,0,0,40.53
0,88,45,0,0,40.53
0,89,45,0,0,40.53
0,90,45,0,0,40.5297
0,91,45,0,0,40.5291
0,92,45,0,0,40.5281
0,93,45,0,0,40.5269
0,94,45,0,0,40.5257
0,95,45,0,0,40.5246
0,96,45,0,0,40.5233
0,97,45,0,0,40.5216
0,98,45,0,0,40.5196
0,99,45,0,0,40.5176
0,100,45,0,0,40.5157
0,101,45,0,0,40.5142
0,102,45,0,0,40.5129
0,103,45,0,0,40.512
0,104,45,0,0,40.5115
0,105,45,0,0,40.5111
0,106,45,0,0,40.5108
0,107,45,0,0,40.5104
0,108,45,0,0,40.5098
0,109,45,0,0,40.5093
0,110,45,0,0,40.5087
0,111,45,0,0,40.5079
0,112,45,0,0,40.5069
0,113,45,0,0,40.5061
0,114,45,0,0,40.5054
0,115,45,0,0,40.5047
0,116,45,0,0,40.5039
0,117,45,0,0,40.503
0,118,45,0,0,40.502
0,119,45,0,0,40.5008
0,120,45,0,0,40.4995
0,121,45,0,0,40.4981
0,122,45,0,0,40.4966
0,123,45,0,0,40.4951
0,124,45,0,0,40.4936
0,125,45,0,0,40.4921
0,126,45,0,0,40.4908
0,127,45,0,0,40.4896
0,0,46,0,6.69683e-05,40.854
0,1,46,0,0,40.845
0,2,46,0,0,40.8359
0,3,46,0,0,40.8268
0,4,46,0,0,40.8182
0,5,46,0,0,40.8102
0,6,46,0,0,40.8027
0,7,46,0,0,40.7957
0,8,46,0,0,40.789
0,9,46,0,0,40.7825
0,10,46,0,0,40.7753
0,11,46,0,0,40.7674
0,12,46,0,0,40.7592
0,13,46,0,0,40.7513
0,14,46,0,0,40.7441
0,15,46,0,0,40.737
0,16,46,0,0,40.7303
0,17,46,0,0,40.7239
0,18,46,0,0,40.7182
0,19,46,0,0,40.7134
0,20,46,0,0,40.7093
0,21,46,0,0,40.7055
0,22,46,0,0,40.7015
0,23,46,0,0,40.6977
0,24,46,0,0,40.6939
0,25,46,0,0,40.6899
0,26,46,0,0,40.6858
0,27,46,0,0,40.6817
0,28,46,0,0,40.6778
0,29,46,0,0,40.674
0,30,46,0,0,40.6701
0,31,46,0,0,40.6661
0,32,46,0,0,40.6622
0,33,46,0,0,40.6583
0,34,46,0,0,40.6542
0,35,46,0,0,40.6495
0,36,46,0,0,40.6442
0,37,46,0,0,40.6387
0,38,46,0,0,40.6328
0,39,46,0,0,40.6271
0,40,46,0,0,40.6211
0,41,46,0,0,40.6146
0,42,46,0,0,40.6078
0,43,46,0,0,40.6017
0,44,46,0,0,40.5968
0,45,46,0,0,40.5928
0,46,46,0,0,40.5892
0,47,46,0,0,40.586
0,48,46,0,0,40.5831
0,49,46,0,0,40.5806
0,50,46,0,0,40.578
0,51,46,0,0,40.5754
0,52,46,0,0,40.5732
0,53,46,0,0,40.5717
0,54,46,0,0,40.5706
0,55,46,0,0,40.5702
0,56,46,0,0,40.5698
0,57,46,0,0,40.569
0,58,46,0,0,40.5679
0,59,46,0,0,40.5666
0,60,46,0,0,40.5656
0,61,46,0,0,40.5647
0,62,46,0,0,40.5633
0,63,46,0,0,40.5617
0,64,46,0,0,40.5595
0,65,46,0,0,40.5571
0,66,46,0,0,40.5551
0,67,46,0,0,40.5535
0,68,46,0,0,40.5522
0,69,46,0,0,40.5514
0,70,46,0,0,40.5509
0,71,46,0,0,40.5506
0,72,46,0,0,40.5506
0,73,46,0,0,40.55
0,74,46,0,0,40.5489
0,75,46,0,0,40.5476
0,76,46,0,0,40.5465
0,77,46,0,0,40.5458
0,78,46,0,0,40.5451
0,79,46,0,0,40.5444
0,80,46,0,0,40.5437
0,81,46,0,0,40.543
0,82,46,0,0,40.5419
0,83,46,0,0,40.5407
0,84,46,0,0,40.5397
0,85,46,0,0,40.5386
0,86,46,0,0,40.5382
0,87,46,0,0,40.5384
0,88,46,0,0,40.5389
0,89,46,0,0,40.5395
0,90,46,0,0,40.5396
0,91,46,0,0,40.539
0,92,46,0,0,40.5378
0,93,46,0,0,40.5364
0,94,46,0,0,40.5351
0,95,46,0,0,40.5342
0,96,46,0,0,40.5331
0,97,46,0,0,40.5315
0,98,46,0,0,40.5288
0,99,46,0,0,40.5261
0,100,46,0,0,40.5238
0,101,46,0,0,40.5222
0,102,46,0,0,40.5208
0,103,46,0,0,40.5199
0,104,46,0,0,40.5195
0,105,46,0,0,40.5197
0,106,46,0,0,40.5195
0,107,46,0,0,40.5191
0,108,46,0,0,40.5185
0,109,46,0,0,40.518
0,110,46,0,0,40.5174
0,111,46,0,0,40.5166
0,112,46,0,0,40.5152
0,113,46,0,0,40.5143
0,114,46,0,0,40.5138
0,115,46,0,0,40.5132
0,116,46,0,0,40.5125
0,117,46,0,0,40.5117
0,118,46,0,0,40.5107
0,119,46,0,0,40.5096
0,120,46,0,0,40.508
0,121,46,0,0,40.5065
0,122,46,0,0,40.5049
0,123,46,0,0,40.5032
0,124,46,0,0,40.5014
0,125,46,0,0,40.4996
0,126,46,0,0,40.498
0,127,46,0,0,40.4962
0,0,47,0,6.69683e-05,40.8475
0,1,47,0,0,40.8395
0,2,47,0,0,40.8302
0,3,47,0,0,40.8204
0,4,47,0,0,40.8118
0,5,47,0,0,40.8041
0,6,47,0,0,40.7966
0,7,47,0,0,40.7903
0,8,47,0,0,40.7845
0,9,47,0,0,40.7793
0,10,47,0,0,40.7727
0,11,47,0,0,40.7641
0,12,47,0,0,40.7549
0,13,47,0,0,40.7468
0,14,47,0,0,40.7401
0,15,47,0,0,40.7331
0,16,47,0,0,40.7266
0,17,47,0,0,40.72
0,18,47,0,0,40.7147
0,19,47,0,0,40.7108
0,20,47,0,0,40.708
0,21,47,0,0,40.7057
0,22,47,0,0,40.7021
0,23,47,0,0,40.6996
0,24,47,0,0,40.6963
0,25,47,0,0,40.6933
0,26,47,0,0,40.6893
0,27,47,0,0,40.6858
0,28,47,0,0,40.6822
0,29,47,0,0,40.6796
0,30,47,0,0,40.6759
0,31,47,0,0,40.6724
0,32,47,0,0,40.669
0,33,47,0,0,40.6659
0,34,47,0,0,40.6626
0,35,47,0,0,40.6584
0,36,47,0,0,40.6526
0,37,47,0,0,40.6471
0,38,47,0,0,40.6406
0,39,47,0,0,40.6352
0,40,47,0,0,40.6293
0,41,47,0,0,40.6221
0,42,47,0,0,40.6134
0,43,47,0,0,40.6061
0,44,47,0,0,40.6014
0,45,47,0,0,40.5984
0,46,47,0,0,40.5949
0,47,47,0,0,40.5919
0,48,47,0,0,40.5891
0,49,47,0,0,40.5873
0,50,47,0,0,40.5846
0,51,47,0,0,40.5817
0,52,47,0,0,40.5793
0,53,47,0,0,40.578
0,54,47,0,0,40.5771
0,55,47,0,0,40.578
0,56,47,0,0,40.579
0,57,47,0,0,40.578
0,58,47,0,0,40.5769
0,59,47,0,0,40.5755
0,60,47,0,0,40.575
0,61,47,0,0,40.5747
0,62,47,0,0,40.5735
0,63,47,0,0,40.5723
0,64,47,0,0,40.5694
0,65,47,0,0,40.5661
0,66,47,0,0,40.5638
0,67,47,0,0,40.5624
0,68,47,0,0,40.5607
0,69,47,0,0,40.5605
0,70,47,0,0,40.5603
0,71,47,0,0,40.5604
0,72,47,0,0,40.5615
0,73,47,0,0,40.5614
0,74,47,0,0,40.5595
0,75,47,0,0,40.5577
0,76,47,0,0,40.5564
0,77,47,0,0,40.556
0,78,47,0,0,40.5556
0,79,47,0,0,40.5549
0,80,47,0,0,40.5544
0,81,47,0,0,40.5543
0,82,47,0,0,40.5526
0,83,47,0,0,40.5511
0,84,47,0,0,40.5499
0,85,47,0,0,40.5481
0,86,47,0,0,40.5477
0,87,47,0,0,40.5487
0,88,47,0,0,40.5498
0,89,47,0,0,40.5515
0,90,47,0,0,40.5523
0,91,47,0,0,40.5517
0,92,47,0,0,40.5496
0,93,47,0,0,40.5478
0,94,47,0,0,40.5463
0,95,47,0,0,40.5461
0,96,47,0,0,40.5455
0,97,47,0,0,40.5444
0,98,47,0,0,40.5401
0,99,47,0,0,40.5363
0,100,47,0,0,40.5333
0,101,47,0,0,40.5319
0,102,47,0,0,40.5304
0,103,47,0,0,40.5291
0,104,47,0,0,40.529
0,105,47,0,0,40.5305
0,106,47,0,0,40.5306
0,107,47,0,0,40.5299
0,108,47,0,0,40.5292
0,109,47,0,0,40.5288
0,110,47,0,0,40.5285
0,111,47,0,0,40.5278
0,112,47,0,0,40.5251
0,113,47,0,0,40.5243
0,114,47,0,0,40.5241
0,115,47,0,0,40.524
0,116,47,0,0,40.5231
0,117,47,0,0,40.5227
0,118,47,0,0,40.5215
0,119,47,0,0,40.521
0,120,47,0,0,40.5183
0,121,47,0,0,40.5169
0,122,47,0,0,40.5154
0,123,47,0,0,40.5132
0,124,47,0,0,40.5114
0,125,47,0,0,40.5087
0,126,47,0,0,40.5074
0,127,47,0,0,40.5044
0,0,48,0,0.000167557,40.8444
0,1,48,0,0.000121041,40.8385
0,2,48,0,9.72405e-05,40.8282
0,3,48,0,2.04525e-05,40.8161
0,4,48,0,5.96835e-05,40.8075
0,5,48,0,9.89145e-05,40.8007
0,6,48,0,4.0905e-05,40.7923
0,7,48,0,5.96835e-05,40.7876
0,8,48,0,4.0905e-05,40.7824
0,9,48,0,0.000112489,40.7804
0,10,48,0,0.000138146,40.7748
0,11,48,0,0.000100588,40.7645
0,12,48,0,4.0905e-05,40.7523
0,13,48,0,3.9231e-05,40.7438
0,14,48,0,0.000116019,40.7393
0,15,48,0,5.96835e-05,40.7313
0,16,48,0,0.000100588,40.7256
0,17,48,0,4.0905e-05,40.7177
0,18,48,0,1.87785e-05,40.7122
0,19,48,0,3.7557e-05,40.7098
0,20,48,0,4.0905e-05,40.7089
0,21,48,0,0.000124062,40.7099
0,22,48,0,3.9231e-05,40.7042
0,23,48,0,0.00013982,40.7048
0,24,48,0,8.0136e-05,40.7011
0,25,48,0,0.000134852,40.7002
0,26,48,0,7.5114e-05,40.6952
0,27,48,0,0.000100588,40.6924
0,28,48,0,5.80095e-05,40.6884
0,29,48,0,0.000150928,40.6889
0,30,48,0,8.181e-05,40.6841
0,31,48,0,0.000113371,40.6814
0,32,48,0,7.5168e-05,40.678
0,33,48,0,8.44577e-05,40.6762
0,34,48,0,0.000105702,40.6746
0,35,48,0,0.000119367,40.6714
0,36,48,0,5.80095e-05,40.6634
0,37,48,0,0.000149464,40.6591
0,38,48,0,5.88009e-05,40.6497
0,39,48,0,0.000138146,40.6465
0,40,48,0,0.000138146,40.6412
0,41,48,0,0.000143167,40.6334
0,42,48,0,4.0905e-05,40.6199
0,43,48,0,2.04525e-05,40.6103
0,44,48,0,5.96835e-05,40.6066
0,45,48,0,0.000141494,40.6066
0,46,48,0,8.78057e-05,40.6026
0,47,48,0,9.89145e-05,40.5998
0,48,48,0,5.96835e-05,40.5962
0,49,48,0,0.00013982,40.5974
0,50,48,0,7.39766e-05,40.5937
0,51,48,0,5.96835e-05,40.5896
0,52,48,0,2.04525e-05,40.5866
0,53,48,0,7.8462e-05,40.5863
0,54,48,0,1.87785e-05,40.5838
0,55,48,0,8.78057e-05,40.5882
0,56,48,0,0.000176494,40.5922
0,57,48,0,0.000116019,40.5895
0,58,48,0,0.000138054,40.5887
0,59,48,0,8.0136e-05,40.5857
0,60,48,0,9.89145e-05,40.5863
0,61,48,0,0.00013982,40.5879
0,62,48,0,7.6788e-05,40.5862
0,63,48,0,0.00013982,40.5867
0,64,48,0,7.8462e-05,40.5819
0,65,48,0,3.9231e-05,40.5761
0,66,48,0,6.82357e-05,40.5739
0,67,48,0,0.000145024,40.5738
0,68,48,0,5.80095e-05,40.57
0,69,48,0,0.000119367,40.5719
0,70,48,0,8.52491e-05,40.5715
0,71,48,0,3.9231e-05,40.5713
0,72,48,0,0.000119367,40.576
0,73,48,0,0.000133751,40.5766
0,74,48,0,7.75794e-05,40.5724
0,75,48,0,7.8462e-05,40.5693
0,76,48,0,8.0136e-05,40.5678
0,77,48,0,9.89145e-05,40.5684
0,78,48,0,0.000100588,40.5687
0,79,48,0,9.72405e-05,40.5675
0,80,48,0,8.0136e-05,40.5668
0,81,48,0,0.000168105,40.5693
0,82,48,0,9.89145e-05,40.5653
0,83,48,0,0.000112725,40.5634
0,84,48,0,0.000160272,40.5629
0,85,48,0,5.96835e-05,40.5584
0,86,48,0,5.88009e-05,40.5578
0,87,48,0,0.000100588,40.5612
0,88,48,0,5.63355e-05,40.5623
0,89,48,0,0.000118484,40.5665
0,90,48,0,0.00013982,40.5686
0,91,48,0,0.000117693,40.5682
0,92,48,0,7.92534e-05,40.5635
0,93,48,0,0.000117693,40.561
0,94,48,0,8.24833e-05,40.5585
0,95,48,0,0.000131358,40.5605
0,96,48,0,8.0136e-05,40.5607
0,97,48,0,0.000223304,40.5627
0,98,48,0,6.37048e-05,40.5529
0,99,48,0,7.15837e-05,40.5478
0,100,48,0,4.0905e-05,40.5432
0,101,48,0,0.000138146,40.544
0,102,48,0,9.89145e-05,40.5416
0,103,48,0,8.0136e-05,40.5394
0,104,48,0,3.9231e-05,40.5389
0,105,48,0,0.000161946,40.545
0,106,48,0,0.000119367,40.5445
0,107,48,0,6.90727e-05,40.5427
0,108,48,0,7.8462e-05,40.5418
0,109,48,0,9.97059e-05,40.5417
0,110,48,0,0.000117693,40.5421
0,111,48,0,0.000200531,40.5432
0,112,48,0,2.04525e-05,40.535
0,113,48,0,7.14201e-05,40.5357
0,114,48,0,5.80095e-05,40.5363
0,115,48,0,0.000102262,40.5377
0,116,48,0,4.34616e-05,40.5352
0,117,48,0,0.000134798,40.5367
0,118,48,0,5.80095e-05,40.5335
0,119,48,0,0.000221629,40.5368
0,120,48,0,3.9231e-05,40.5293
0,121,48,0,0.000100588,40.5295
0,122,48,0,9.89145e-05,40.5288
0,123,48,0,3.9231e-05,40.5249
0,124,48,0,0.000117693,40.5243
0,125,48,0,0,40.5183
0,126,48,0,0.000134798,40.5204
0,127,48,0,8.0136e-05,40.5147
0,0,49,0,0.000165883,40.8313
0,1,49,0,0.000121041,40.8255
0,2,49,0,5.96835e-05,40.8151
0,3,49,0,0.000161946,40.8082
0,4,49,0,3.9231e-05,40.7947
0,5,49,0,2.04525e-05,40.7856
0,6,49,0,5.96835e-05,40.7808
0,7,49,0,0.000108931,40.7783
0,8,49,0,0.000100588,40.7735
0,9,49,0,0.000131267,40.7697
0,10,49,0,0.000100588,40.7621
0,11,49,0,0.000100588,40.753
0,12,49,0,7.6788e-05,40.7423
0,13,49,0,5.96835e-05,40.7331
0,14,49,0,4.0905e-05,40.7257
0,15,49,0,7.14201e-05,40.7201
0,16,49,0,3.9231e-05,40.7133
0,17,49,0,5.80095e-05,40.7087
0,18,49,0,0.000100588,40.7065
0,19,49,0,7.8462e-05,40.7037
0,20,49,0,0.000119367,40.7039
0,21,49,0,0.000152229,40.7033
0,22,49,0,6.13575e-05,40.6965
0,23,49,0,5.88009e-05,40.6939
0,24,49,0,8.26926e-05,40.6928
0,25,49,0,0.000105956,40.692
0,26,49,0,0.000102262,40.689
0,27,49,0,0.000114672,40.6867
0,28,49,0,9.89145e-05,40.6833
0,29,49,0,9.54754e-05,40.6815
0,30,49,0,0.000128756,40.6795
0,31,49,0,5.96835e-05,40.675
0,32,49,0,0.00014284,40.676
0,33,49,0,0.000154276,40.6752
0,34,49,0,0.000155159,40.6737
0,35,49,0,0.000223304,40.6722
0,36,49,0,0.000161946,40.6636
0,37,49,0,0.000109723,40.6543
0,38,49,0,8.26926e-05,40.6455
0,39,49,0,8.0136e-05,40.6399
0,40,49,0,0.000104028,40.6355
0,41,49,0,0.000141494,40.6295
0,42,49,0,0.000100588,40.6184
0,43,49,0,4.77833e-05,40.6076
0,44,49,0,2.04525e-05,40.6007
0,45,49,0,2.30091e-05,40.5981
0,46,49,0,7.24663e-05,40.5971
0,47,49,0,6.43781e-05,40.5945
0,48,49,0,3.9231e-05,40.5913
0,49,49,0,5.96835e-05,40.5918
0,50,49,0,0.000145979,40.5933
0,51,49,0,6.20308e-05,40.5892
0,52,49,0,0.000158598,40.59
0,53,49,0,9.89145e-05,40.5863
0,54,49,0,4.0905e-05,40.5829
0,55,49,0,0.000135498,40.5868
0,56,49,0,8.10186e-05,40.5856
0,57,49,0,3.7557e-05,40.5824
0,58,49,0,6.47966e-05,40.5823
0,59,49,0,5.88921e-05,40.5816
0,60,49,0,7.8462e-05,40.5826
0,61,49,0,8.0136e-05,40.584
0,62,49,0,0.000138146,40.5863
0,63,49,0,0.000119367,40.5859
0,64,49,0,0.00017905,40.585
0,65,49,0,0.000117693,40.5786
0,66,49,0,8.86882e-05,40.5729
0,67,49,0,1.02263e-05,40.5673
0,68,49,0,4.0905e-05,40.5664
0,69,49,0,6.13575e-05,40.5682
0,70,49,0,9.54754e-05,40.5708
0,71,49,0,0.000100588,40.5731
0,72,49,0,0.000156924,40.5775
0,73,49,0,0.000138545,40.5771
0,74,49,0,0.000123598,40.5736
0,75,49,0,7.8462e-05,40.5689
0,76,49,0,5.80095e-05,40.5662
0,77,49,0,8.181e-05,40.5671
0,78,49,0,0.000141493,40.569
0,79,49,0,7.5114e-05,40.566
0,80,49,0,8.181e-05,40.5652
0,81,49,0,0.000102099,40.5655
0,82,49,0,8.181e-05,40.5622
0,83,49,0,3.9231e-05,40.558
0,84,49,0,1.87785e-05,40.556
0,85,49,0,8.43666e-05,40.5571
0,86,49,0,4.01136e-05,40.5567
0,87,49,0,0.000121041,40.5619
0,88,49,0,0.00012983,40.5647
0,89,49,0,0.000125272,40.5666
0,90,49,0,7.8462e-05,40.567
0,91,49,0,0.00023706,40.5718
0,92,49,0,0.000121924,40.5646
0,93,49,0,3.9231e-05,40.5573
0,94,49,0,3.68837e-05,40.5549
0,95,49,0,6.47966e-05,40.5575
0,96,49,0,0.000216608,40.5634
0,97,49,0,9.89145e-05,40.5586
0,98,49,0,9.48932e-05,40.553
0,99,49,0,0.000129593,40.5494
0,100,49,0,8.0136e-05,40.5433
0,101,49,0,2.04525e-05,40.5388
0,102,49,0,8.0136e-05,40.5388
0,103,49,0,5.11312e-05,40.5371
0,104,49,0,6.13575e-05,40.5379
0,105,49,0,9.89145e-05,40.5416
0,106,49,0,8.0136e-05,40.5426
0,107,49,0,0.000169661,40.5455
0,108,49,0,0.000117693,40.5429
0,109,49,0,8.26926e-05,40.5399
0,110,49,0,6.13575e-05,40.5379
0,111,49,0,7.24663e-05,40.5373
0,112,49,0,6.13575e-05,40.5351
0,113,49,0,0.000105956,40.5375
0,114,49,0,0.000156041,40.5406
0,115,49,0,0.00015525,40.541
0,116,49,0,0.000127664,40.5383
0,117,49,0,0.000100588,40.5354
0,118,49,0,8.0136e-05,40.5318
0,119,49,0,4.0905e-05,40.5294
0,120,49,0,7.8462e-05,40.5282
0,121,49,0,7.8462e-05,40.5286
0,122,49,0,0.000160272,40.5313
0,123,49,0,0.00013982,40.529
0,124,49,0,9.71494e-05,40.5254
0,125,49,0,0.000100588,40.5221
0,126,49,0,0.000138145,40.5214
0,127,49,0,0.000110651,40.5157
0,0,50,0,6.69683e-05,40.8084
0,1,50,0,0,40.8007
0,2,50,0,0,40.7919
0,3,50,0,0,40.7835
0,4,50,0,0,40.774
0,5,50,0,0,40.7661
0,6,50,0,0,40.7603
0,7,50,0,2.9214e-05,40.7565
0,8,50,0,0,40.7502
0,9,50,0,0,40.7443
0,10,50,0,0,40.7374
0,11,50,0,0,40.7295
0,12,50,0,0,40.7212
0,13,50,0,0,40.7134
0,14,50,0,0,40.7066
0,15,50,0,7.04194e-06,40.701
0,16,50,0,0,40.6952
0,17,50,0,0,40.6907
0,18,50,0,0,40.6874
0,19,50,0,0,40.6846
0,20,50,0,0,40.6828
0,21,50,0,0,40.6806
0,22,50,0,0,40.6771
0,23,50,0,2.55656e-06,40.6747
0,24,50,0,1.78959e-05,40.6734
0,25,50,0,1.17366e-05,40.6713
0,26,50,0,0,40.6683
0,27,50,0,4.69463e-06,40.6658
0,28,50,0,0,40.6631
0,29,50,0,1.27828e-05,40.6613
0,30,50,0,9.38925e-06,40.659
0,31,50,0,7.66969e-06,40.6562
0,32,50,0,1.40839e-05,40.6549
0,33,50,0,0,40.6525
0,34,50,0,0,40.6499
0,35,50,0,0,40.6465
0,36,50,0,0,40.6406
0,37,50,0,0,40.6338
0,38,50,0,0,40.6272
0,39,50,0,0,40.6216
0,40,50,0,1.53394e-05,40.6168
0,41,50,0,0,40.6102
0,42,50,0,0,40.6025
0,43,50,0,1.02263e-05,40.5954
0,44,50,0,0,40.5896
0,45,50,0,1.78959e-05,40.5866
0,46,50,0,0,40.5836
0,47,50,0,1.40839e-05,40.5815
0,48,50,0,0,40.5788
0,49,50,0,0,40.5777
0,50,50,0,0,40.5772
0,51,50,0,1.64312e-05,40.5759
0,52,50,0,0,40.5742
0,53,50,0,0,40.5721
0,54,50,0,0,40.5704
0,55,50,0,0,40.5706
0,56,50,0,0,40.5699
0,57,50,0,0,40.5686
0,58,50,0,0,40.5682
0,59,50,0,1.78959e-05,40.5685
0,60,50,0,0,40.5681
0,61,50,0,0,40.5685
0,62,50,0,0,40.5689
0,63,50,0,0,40.5683
0,64,50,0,0,40.5668
0,65,50,0,0,40.5634
0,66,50,0,0,40.5597
0,67,50,0,0,40.5567
0,68,50,0,0,40.5555
0,69,50,0,0,40.556
0,70,50,0,0,40.5572
0,71,50,0,0,40.5587
0,72,50,0,0,40.5603
0,73,50,0,1.27828e-05,40.5605
0,74,50,0,0,40.5583
0,75,50,0,0,40.5557
0,76,50,0,0,40.554
0,77,50,0,0,40.5536
0,78,50,0,0,40.5535
0,79,50,0,0,40.5523
0,80,50,0,0,40.5515
0,81,50,0,1.27828e-05,40.551
0,82,50,0,0,40.5486
0,83,50,0,0,40.5464
0,84,50,0,0,40.5452
0,85,50,0,1.78959e-05,40.5459
0,86,50,0,0,40.5456
0,87,50,0,0,40.5474
0,88,50,0,0,40.549
0,89,50,0,0,40.5501
0,90,50,0,0,40.5506
0,91,50,0,0,40.551
0,92,50,0,0,40.548
0,93,50,0,0,40.5445
0,94,50,0,0,40.5427
0,95,50,0,0,40.5428
0,96,50,0,0,40.5436
0,97,50,0,0,40.5413
0,98,50,0,0,40.5378
0,99,50,0,0,40.5345
0,100,50,0,0,40.5308
0,101,50,0,0,40.5279
0,102,50,0,0,40.5267
0,103,50,0,1.02263e-05,40.5262
0,104,50,0,0,40.526
0,105,50,0,0,40.5271
0,106,50,0,0,40.5278
0,107,50,0,0,40.5284
0,108,50,0,0,40.5273
0,109,50,0,0,40.5257
0,110,50,0,0,40.5243
0,111,50,0,0,40.5235
0,112,50,0,0,40.5227
0,113,50,0,0,40.5233
0,114,50,0,2.55656e-06,40.5243
0,115,50,0,0,40.5241
0,116,50,0,9.5985e-06,40.5229
0,117,50,0,0,40.5204
0,118,50,0,0,40.518
0,119,50,0,0,40.5162
0,120,50,0,0,40.515
0,121,50,0,0,40.5147
0,122,50,0,0,40.5148
0,123,50,0,0,40.5136
0,124,50,0,2.55656e-05,40.5123
0,125,50,0,0,40.509
0,126,50,0,0,40.5068
0,127,50,0,7.04194e-06,40.5037
0,0,51,0,6.69683e-05,40.7886
0,1,51,0,0,40.78
0,2,51,0,0,40.7713
0,3,51,0,0,40.763
0,4,51,0,0,40.7546
0,5,51,0,0,40.7472
0,6,51,0,0,40.7408
0,7,51,0,0,40.7352
0,8,51,0,0,40.7291
0,9,51,0,0,40.7229
0,10,51,0,0,40.7163
0,11,51,0,0,40.7093
0,12,51,0,0,40.7021
0,13,51,0,0,40.6953
0,14,51,0,0,40.689
0,15,51,0,0,40.6835
0,16,51,0,0,40.6783
0,17,51,0,0,40.6739
0,18,51,0,0,40.6703
0,19,51,0,0,40.6672
0,20,51,0,0,40.6646
0,21,51,0,0,40.662
0,22,51,0,0,40.6591
0,23,51,0,0,40.6566
0,24,51,0,0,40.6545
0,25,51,0,0,40.6521
0,26,51,0,0,40.6495
0,27,51,0,0,40.647
0,28,51,0,0,40.6445
0,29,51,0,0,40.6422
0,30,51,0,0,40.6399
0,31,51,0,0,40.6374
0,32,51,0,0,40.6352
0,33,51,0,0,40.6326
0,34,51,0,0,40.6296
0,35,51,0,0,40.6259
0,36,51,0,0,40.6211
0,37,51,0,0,40.6157
0,38,51,0,0,40.6102
0,39,51,0,0,40.605
0,40,51,0,0,40.5999
0,41,51,0,0,40.5942
0,42,51,0,0,40.5883
0,43,51,0,0,40.5827
0,44,51,0,0,40.5779
0,45,51,0,0,40.5744
0,46,51,0,0,40.5714
0,47,51,0,0,40.569
0,48,51,0,0,40.5668
0,49,51,0,0,40.5652
0,50,51,0,0,40.564
0,51,51,0,0,40.5626
0,52,51,0,0,40.5611
0,53,51,0,0,40.5596
0,54,51,0,0,40.5583
0,55,51,0,0,40.5577
0,56,51,0,0,40.5569
0,57,51,0,0,40.5561
0,58,51,0,0,40.5557
0,59,51,0,0,40.5554
0,60,51,0,0,40.5552
0,61,51,0,0,40.555
0,62,51,0,0,40.5548
0,63,51,0,0,40.5541
0,64,51,0,0,40.5527
0,65,51,0,0,40.5505
0,66,51,0,0,40.5482
0,67,51,0,0,40.5463
0,68,51,0,0,40.5453
0,69,51,0,0,40.5452
0,70,51,0,0,40.5456
0,71,51,0,0,40.5463
0,72,51,0,0,40.5468
0,73,51,0,0,40.5466
0,74,51,0,0,40.5454
0,75,51,0,0,40.5439
0,76,51,0,0,40.5427
0,77,51,0,0,40.5419
0,78,51,0,0,40.5413
0,79,51,0,0,40.5404
0,80,51,0,0,40.5395
0,81,51,0,0,40.5386
0,82,51,0,0,40.5371
0,83,51,0,0,40.5357
0,84,51,0,0,40.5348
0,85,51,0,0,40.5347
0,86,51,0,0,40.5347
0,87,51,0,0,40.5353
0,88,51,0,0,40.536
0,89,51,0,0,40.5364
0,90,51,0,0,40.5365
0,91,51,0,0,40.5359
0,92,51,0,0,40.5342
0,93,51,0,0,40.5322
0,94,51,0,0,40.5306
0,95,51,0,0,40.5298
0,96,51,0,0,40.529
0,97,51,0,0,40.5272
0,98,51,0,0,40.5248
0,99,51,0,0,40.5222
0,100,51,0,0,40.5195
0,101,51,0,0,40.5174
0,102,51,0,0,40.516
0,103,51,0,0,40.5152
0,104,51,0,0,40.5149
0,105,51,0,0,40.5151
0,106,51,0,0,40.5152
0,107,51,0,0,40.5151
0,108,51,0,0,40.5144
0,109,51,0,0,40.5134
0,110,51,0,0,40.5124
0,111,51,0,0,40.5116
0,112,51,0,0,40.511
0,113,51,0,0,40.5109
0,114,51,0,0,40.5109
0,115,51,0,0,40.5103
0,116,51,0,0,40.5092
0,117,51,0,0,40.5076
0,118,51,0,0,40.5058
0,119,51,0,0,40.5043
0,120,51,0,0,40.5031
0,121,51,0,0,40.5023
0,122,51,0,0,40.5016
0,123,51,0,0,40.5005
0,124,51,0,0,40.499
0,125,51,0,0,40.497
0,126,51,0,0,40.4951
0,127,51,0,0,40.4931
0,0,52,0,6.69683e-05,40.7713
0,1,52,0,0,40.7622
0,2,52,0,0,40.7535
0,3,52,0,0,40.7452
0,4,52,0,0,40.7373
0,5,52,0,0,40.73
0,6,52,0,0,40.7233
0,7,52,0,0,40.7171
0,8,52,0,0,40.7109
0,9,52,0,0,40.7047
0,10,52,0,0,40.6983
0,11,52,0,0,40.6918
0,12,52,0,0,40.6854
0,13,52,0,0,40.6792
0,14,52,0,0,40.6734
0,15,52,0,0,40.668
0,16,52,0,0,40.6632
0,17,52,0,0,40.6589
0,18,52,0,0,40.6551
0,19,52,0,0,40.6518
0,20,52,0,0,40.6489
0,21,52,0,0,40.646
0,22,52,0,0,40.6432
0,23,52,0,0,40.6406
0,24,52,0,0,40.6382
0,25,52,0,0,40.6357
0,26,52,0,0,40.6332
0,27,52,0,0,40.6307
0,28,52,0,0,40.6282
0,29,52,0,0,40.6257
0,30,52,0,0,40.6233
0,31,52,0,0,40.6208
0,32,52,0,0,40.6182
0,33,52,0,0,40.6155
0,34,52,0,0,40.6123
0,35,52,0,0,40.6088
0,36,52,0,0,40.6046
0,37,52,0,0,40.6
0,38,52,0,0,40.5952
0,39,52,0,0,40.5905
0,40,52,0,0,40.5858
0,41,52,0,0,40.5809
0,42,52,0,0,40.576
0,43,52,0,0,40.5713
0,44,52,0,0,40.5672
0,45,52,0,0,40.5638
0,46,52,0,0,40.5609
0,47,52,0,0,40.5584
0,48,52,0,0,40.5563
0,49,52,0,0,40.5546
0,50,52,0,0,40.5531
0,51,52,0,0,40.5516
0,52,52,0,0,40.5502
0,53,52,0,0,40.5489
0,54,52,0,0,40.5478
0,55,52,0,0,40.5469
0,56,52,0,0,40.5462
0,57,52,0,0,40.5455
0,58,52,0,0,40.545
0,59,52,0,0,40.5446
0,60,52,0,0,40.5442
0,61,52,0,0,40.5438
0,62,52,0,0,40.5434
0,63,52,0,0,40.5426
0,64,52,0,0,40.5415
0,65,52,0,0,40.54
0,66,52,0,0,40.5384
0,67,52,0,0,40.5371
0,68,52,0,0,40.5363
0,69,52,0,0,40.5359
0,70,52,0,0,40.5359
0,71,52,0,0,40.5361
0,72,52,0,0,40.5361
0,73,52,0,0,40.5358
0,74,52,0,0,40.535
0,75,52,0,0,40.534
0,76,52,0,0,40.5331
0,77,52,0,0,40.5322
0,78,52,0,0,40.5315
0,79,52,0,0,40.5306
0,80,52,0,0,40.5297
0,81,52,0,0,40.5288
0,82,52,0,0,40.5276
0,83,52,0,0,40.5266
0,84,52,0,0,40.5258
0,85,52,0,0,40.5254
0,86,52,0,0,40.5252
0,87,52,0,0,40.5252
0,88,52,0,0,40.5253
0,89,52,0,0,40.5253
0,90,52,0,0,40.5249
0,91,52,0,0,40.5242
0,92,52,0,0,40.5229
0,93,52,0,0,40.5214
0,94,52,0,0,40.52
0,95,52,0,0,40.5188
0,96,52,0,0,40.5175
0,97,52,0,0,40.5159
0,98,52,0,0,40.5139
0,99,52,0,0,40.5118
0,100,52,0,0,40.5098
0,101,52,0,0,40.5081
0,102,52,0,0,40.5068
0,103,52,0,0,40.5059
0,104,52,0,0,40.5054
0,105,52,0,0,40.5051
0,106,52,0,0,40.5048
0,107,52,0,0,40.5045
0,108,52,0,0,40.5039
0,109,52,0,0,40.5031
0,110,52,0,0,40.5023
0,111,52,0,0,40.5015
0,112,52,0,0,40.5009
0,113,52,0,0,40.5004
0,114,52,0,0,40.4999
0,115,52,0,0,40.4992
0,116,52,0,0,40.4981
0,117,52,0,0,40.4968
0,118,52,0,0,40.4953
0,119,52,0,0,40.494
0,120,52,0,0,40.4928
0,121,52,0,0,40.4918
0,122,52,0,0,40.4908
0,123,52,0,0,40.4897
0,124,52,0,0,40.4883
0,125,52,0,0,40.4868
0,126,52,0,0,40.4853
0,127,52,0,0,40.484
0,0,53,0,6.69683e-05,40.7563
0,1,53,0,0,40.7469
0,2,53,0,0,40.7382
0,3,53,0,0,40.73
0,4,53,0,0,40.7222
0,5,53,0,0,40.7149
0,6,53,0,0,40.7081
0,7,53,0,0,40.7016
0,8,53,0,0,40.6953
0,9,53,0,0,40.6892
0,10,53,0,0,40.683
0,11,53,0,0,40.6769
0,12,53,0,0,40.6709
0,13,53,0,0,40.6651
0,14,53,0,0,40.6597
0,15,53,0,0,40.6546
0,16,53,0,0,40.65
0,17,53,0,0,40.6457
0,18,53,0,0,40.6419
0,19,53,0,0,40.6385
0,20,53,0,0,40.6354
0,21,53,0,0,40.6324
0,22,53,0,0,40.6296
0,23,53,0,0,40.6269
0,24,53,0,0,40.6243
0,25,53,0,0,40.6217
0,26,53,0,0,40.6192
0,27,53,0,0,40.6166
0,28,53,0,0,40.6141
0,29,53,0,0,40.6116
0,30,53,0,0,40.6091
0,31,53,0,0,40.6065
0,32,53,0,0,40.6039
0,33,53,0,0,40.601
0,34,53,0,0,40.5979
0,35,53,0,0,40.5945
0,36,53,0,0,40.5908
0,37,53,0,0,40.5867
0,38,53,0,0,40.5825
0,39,53,0,0,40.5783
0,40,53,0,0,40.5741
0,41,53,0,0,40.5698
0,42,53,0,0,40.5656
0,43,53,0,0,40.5616
0,44,53,0,0,40.558
0,45,53,0,0,40.5548
0,46,53,0,0,40.552
0,47,53,0,0,40.5496
0,48,53,0,0,40.5475
0,49,53,0,0,40.5457
0,50,53,0,0,40.5441
0,51,53,0,0,40.5427
0,52,53,0,0,40.5414
0,53,53,0,0,40.5401
0,54,53,0,0,40.5391
0,55,53,0,0,40.5382
0,56,53,0,0,40.5374
0,57,53,0,0,40.5367
0,58,53,0,0,40.5362
0,59,53,0,0,40.5357
0,60,53,0,0,40.5353
0,61,53,0,0,40.5348
0,62,53,0,0,40.5343
0,63,53,0,0,40.5336
0,64,53,0,0,40.5326
0,65,53,0,0,40.5316
0,66,53,0,0,40.5304
0,67,53,0,0,40.5295
0,68,53,0,0,40.5288
0,69,53,0,0,40.5283
0,70,53,0,0,40.5281
0,71,53,0,0,40.528
0,72,53,0,0,40.5278
0,73,53,0,0,40.5274
0,74,53,0,0,40.5268
0,75,53,0,0,40.5261
0,76,53,0,0,40.5253
0,77,53,0,0,40.5245
0,78,53,0,0,40.5237
0,79,53,0,0,40.5229
0,80,53,0,0,40.522
0,81,53,0,0,40.5211
0,82,53,0,0,40.5201
0,83,53,0,0,40.5192
0,84,53,0,0,40.5184
0,85,53,0,0,40.5179
0,86,53,0,0,40.5174
0,87,53,0,0,40.5171
0,88,53,0,0,40.5168
0,89,53,0,0,40.5164
0,90,53,0,0,40.5158
0,91,53,0,0,40.5149
0,92,53,0,0,40.5138
0,93,53,0,0,40.5125
0,94,53,0,0,40.5111
0,95,53,0,0,40.5098
0,96,53,0,0,40.5084
0,97,53,0,0,40.5069
0,98,53,0,0,40.5052
0,99,53,0,0,40.5034
0,100,53,0,0,40.5018
0,101,53,0,0,40.5003
0,102,53,0,0,40.4991
0,103,53,0,0,40.4981
0,104,53,0,0,40.4975
0,105,53,0,0,40.497
0,106,53,0,0,40.4965
0,107,53,0,0,40.496
0,108,53,0,0,40.4954
0,109,53,0,0,40.4947
0,110,53,0,0,40.494
0,111,53,0,0,40.4932
0,112,53,0,0,40.4925
0,113,53,0,0,40.4919
0,114,53,0,0,40.4911
0,115,53,0,0,40.4903
0,116,53,0,0,40.4892
0,117,53,0,0,40.488
0,118,53,0,0,40.4867
0,119,53,0,0,40.4854
0,120,53,0,0,40.4842
0,121,53,0,0,40.4831
0,122,53,0,0,40.482
0,123,53,0,0,40.4809
0,124,53,0,0,40.4797
0,125,53,0,0,40.4784
0,126,53,0,0,40.4773
0,127,53,0,0,40.4763
0,0,54,0,6.69683e-05,40.7433
0,1,54,0,0,40.7339
0,2,54,0,0,40.7252
0,3,54,0,0,40.717
0,4,54,0,0,40.7092
0,5,54,0,0,40.7019
0,6,54,0,0,40.6951
0,7,54,0,0,40.6885
0,8,54,0,0,40.6823
0,9,54,0,0,40.6761
0,10,54,0,0,40.6701
0,11,54,0,0,40.6643
0,12,54,0,0,40.6586
0,13,54,0,0,40.6531
0,14,54,0,0,40.648
0,15,54,0,0,40.6431
0,16,54,0,0,40.6386
0,17,54,0,0,40.6345
0,18,54,0,0,40.6307
0,19,54,0,0,40.6272
0,20,54,0,0,40.624
0,21,54,0,0,40.621
0,22,54,0,0,40.6181
0,23,54,0,0,40.6153
0,24,54,0,0,40.6126
0,25,54,0,0,40.61
0,26,54,0,0,40.6074
0,27,54,0,0,40.6049
0,28,54,0,0,40.6023
0,29,54,0,0,40.5998
0,30,54,0,0,40.5972
0,31,54,0,0,40.5946
0,32,54,0,0,40.5919
0,33,54,0,0,40.5891
0,34,54,0,0,40.5861
0,35,54,0,0,40.5829
0,36,54,0,0,40.5794
0,37,54,0,0,40.5758
0,38,54,0,0,40.5721
0,39,54,0,0,40.5683
0,40,54,0,0,40.5645
0,41,54,0,0,40.5607
0,42,54,0,0,40.5571
0,43,54,0,0,40.5536
0,44,54,0,0,40.5504
0,45,54,0,0,40.5474
0,46,54,0,0,40.5448
0,47,54,0,0,40.5425
0,48,54,0,0,40.5405
0,49,54,0,0,40.5387
0,50,54,0,0,40.5371
0,51,54,0,0,40.5357
0,52,54,0,0,40.5344
0,53,54,0,0,40.5332
0,54,54,0,0,40.5322
0,55,54,0,0,40.5313
0,56,54,0,0,40.5305
0,57,54,0,0,40.5299
0,58,54,0,0,40.5293
0,59,54,0,0,40.5288
0,60,54,0,0,40.5284
0,61,54,0,0,40.5279
0,62,54,0,0,40.5274
0,63,54,0,0,40.5267
0,64,54,0,0,40.526
0,65,54,0,0,40.5251
0,66,54,0,0,40.5243
0,67,54,0,0,40.5236
0,68,54,0,0,40.523
0,69,54,0,0,40.5225
0,70,54,0,0,40.5222
0,71,54,0,0,40.522
0,72,54,0,0,40.5217
0,73,54,0,0,40.5213
0,74,54,0,0,40.5208
0,75,54,0,0,40.5202
0,76,54,0,0,40.5195
0,77,54,0,0,40.5188
0,78,54,0,0,40.518
0,79,54,0,0,40.5172
0,80,54,0,0,40.5163
0,81,54,0,0,40.5154
0,82,54,0,0,40.5145
0,83,54,0,0,40.5137
0,84,54,0,0,40.5129
0,85,54,0,0,40.5121
0,86,54,0,0,40.5115
0,87,54,0,0,40.511
0,88,54,0,0,40.5104
0,89,54,0,0,40.5097
0,90,54,0,0,40.5089
0,91,54,0,0,40.5079
0,92,54,0,0,40.5068
0,93,54,0,0,40.5055
0,94,54,0,0,40.5042
0,95,54,0,0,40.5028
0,96,54,0,0,40.5014
0,97,54,0,0,40.5
0,98,54,0,0,40.4984
0,99,54,0,0,40.4969
0,100,54,0,0,40.4954
0,101,54,0,0,40.4941
0,102,54,0,0,40.4929
0,103,54,0,0,40.492
0,104,54,0,0,40.4913
0,105,54,0,0,40.4907
0,106,54,0,0,40.4901
0,107,54,0,0,40.4895
0,108,54,0,0,40.4889
0,109,54,0,0,40.4883
0,110,54,0,0,40.4875
0,111,54,0,0,40.4868
0,112,54,0,0,40.486
0,113,54,0,0,40.4852
0,114,54,0,0,40.4844
0,115,54,0,0,40.4834
0,116,54,0,0,40.4823
0,117,54,0,0,40.4811
0,118,54,0,0,40.4799
0,119,54,0,0,40.4786
0,120,54,0,0,40.4774
0,121,54,0,0,40.4763
0,122,54,0,0,40.4751
0,123,54,0,0,40.474
0,124,54,0,0,40.4728
0,125,54,0,0,40.4717
0,126,54,0,0,40.4708
0,127,54,0,0,40.4701
0,0,55,0,6.69683e-05,40.7325
0,1,55,0,0,40.7231
0,2,55,0,0,40.7143
0,3,55,0,0,40.7061
0,4,55,0,0,40.6984
0,5,55,0,0,40.6912
0,6,55,0,0,40.6843
0,7,55,0,0,40.6778
0,8,55,0,0,40.6715
0,9,55,0,0,40.6654
0,10,55,0,0,40.6596
0,11,55,0,0,40.6539
0,12,55,0,0,40.6485
0,13,55,0,0,40.6433
0,14,55,0,0,40.6383
0,15,55,0,0,40.6336
0,16,55,0,0,40.6293
0,17,55,0,0,40.6252
0,18,55,0,0,40.6215
0,19,55,0,0,40.618
0,20,55,0,0,40.6147
0,21,55,0,0,40.6116
0,22,55,0,0,40.6087
0,23,55,0,0,40.6059
0,24,55,0,0,40.6032
0,25,55,0,0,40.6005
0,26,55,0,0,40.5979
0,27,55,0,0,40.5953
0,28,55,0,0,40.5928
0,29,55,0,0,40.5902
0,30,55,0,0,40.5876
0,31,55,0,0,40.585
0,32,55,0,0,40.5823
0,33,55,0,0,40.5795
0,34,55,0,0,40.5766
0,35,55,0,0,40.5736
0,36,55,0,0,40.5704
0,37,55,0,0,40.5671
0,38,55,0,0,40.5638
0,39,55,0,0,40.5604
0,40,55,0,0,40.557
0,41,55,0,0,40.5536
0,42,55,0,0,40.5504
0,43,55,0,0,40.5473
0,44,55,0,0,40.5444
0,45,55,0,0,40.5418
0,46,55,0,0,40.5394
0,47,55,0,0,40.5372
0,48,55,0,0,40.5352
0,49,55,0,0,40.5335
0,50,55,0,0,40.5319
0,51,55,0,0,40.5305
0,52,55,0,0,40.5292
0,53,55,0,0,40.5281
0,54,55,0,0,40.5271
0,55,55,0,0,40.5262
0,56,55,0,0,40.5255
0,57,55,0,0,40.5249
0,58,55,0,0,40.5244
0,59,55,0,0,40.5239
0,60,55,0,0,40.5234
0,61,55,0,0,40.523
0,62,55,0,0,40.5225
0,63,55,0,0,40.522
0,64,55,0,0,40.5214
0,65,55,0,0,40.5207
0,66,55,0,0,40.5201
0,67,55,0,0,40.5195
0,68,55,0,0,40.519
0,69,55,0,0,40.5186
0,70,55,0,0,40.5182
0,71,55,0,0,40.518
0,72,55,0,0,40.5177
0,73,55,0,0,40.5173
0,74,55,0,0,40.5169
0,75,55,0,0,40.5163
0,76,55,0,0,40.5157
0,77,55,0,0,40.515
0,78,55,0,0,40.5143
0,79,55,0,0,40.5135
0,80,55,0,0,40.5126
0,81,55,0,0,40.5117
0,82,55,0,0,40.5108
0,83,55,0,0,40.5099
0,84,55,0,0,40.5091
0,85,55,0,0,40.5083
0,86,55,0,0,40.5075
0,87,55,0,0,40.5067
0,88,55,0,0,40.5059
0,89,55,0,0,40.5051
0,90,55,0,0,40.5041
0,91,55,0,0,40.503
0,92,55,0,0,40.5018
0,93,55,0,0,40.5005
0,94,55,0,0,40.4992
0,95,55,0,0,40.4978
0,96,55,0,0,40.4964
0,97,55,0,0,40.495
0,98,55,0,0,40.4935
0,99,55,0,0,40.4921
0,100,55,0,0,40.4907
0,101,55,0,0,40.4895
0,102,55,0,0,40.4885
0,103,55,0,0,40.4876
0,104,55,0,0,40.4868
0,105,55,0,0,40.4861
0,106,55,0,0,40.4855
0,107,55,0,0,40.485
0,108,55,0,0,40.4843
0,109,55,0,0,40.4837
0,110,55,0,0,40.483
0,111,55,0,0,40.4822
0,112,55,0,0,40.4814
0,113,55,0,0,40.4805
0,114,55,0,0,40.4795
0,115,55,0,0,40.4785
0,116,55,0,0,40.4773
0,117,55,0,0,40.4761
0,118,55,0,0,40.4749
0,119,55,0,0,40.4736
0,120,55,0,0,40.4724
0,121,55,0,0,40.4712
0,122,55,0,0,40.47
0,123,55,0,0,40.4688
0,124,55,0,0,40.4677
0,125,55,0,0,40.4667
0,126,55,0,0,40.4659
0,127,55,0,0,40.4652
0,0,56,0,6.69683e-05,40.7237
0,1,56,0,0,40.7143
0,2,56,0,0,40.7056
0,3,56,0,0,40.6975
0,4,56,0,0,40.6898
0,5,56,0,0,40.6826
0,6,56,0,0,40.6757
0,7,56,0,0,40.6692
0,8,56,0,0,40.663
0,9,56,0,0,40.657
0,10,56,0,0,40.6512
0,11,56,0,0,40.6457
0,12,56,0,0,40.6405
0,13,56,0,0,40.6354
0,14,56,0,0,40.6306
0,15,56,0,0,40.6261
0,16,56,0,0,40.6219
0,17,56,0,0,40.6179
0,18,56,0,0,40.6142
0,19,56,0,0,40.6107
0,20,56,0,0,40.6074
0,21,56,0,0,40.6043
0,22,56,0,0,40.6014
0,23,56,0,0,40.5986
0,24,56,0,0,40.5958
0,25,56,0,0,40.5932
0,26,56,0,0,40.5905
0,27,56,0,0,40.5879
0,28,56,0,0,40.5853
0,29,56,0,0,40.5828
0,30,56,0,0,40.5802
0,31,56,0,0,40.5776
0,32,56,0,0,40.5749
0,33,56,0,0,40.5722
0,34,56,0,0,40.5694
0,35,56,0,0,40.5666
0,36,56,0,0,40.5636
0,37,56,0,0,40.5606
0,38,56,0,0,40.5576
0,39,56,0,0,40.5545
0,40,56,0,0,40.5514
0,41,56,0,0,40.5485
0,42,56,0,0,40.5456
0,43,56,0,0,40.5429
0,44,56,0,0,40.5403
0,45,56,0,0,40.5379
0,46,56,0,0,40.5357
0,47,56,0,0,40.5336
0,48,56,0,0,40.5317
0,49,56,0,0,40.53
0,50,56,0,0,40.5284
0,51,56,0,0,40.5271
0,52,56,0,0,40.5258
0,53,56,0,0,40.5247
0,54,56,0,0,40.5238
0,55,56,0,0,40.523
0,56,56,0,0,40.5223
0,57,56,0,0,40.5218
0,58,56,0,0,40.5213
0,59,56,0,0,40.5209
0,60,56,0,0,40.5205
0,61,56,0,0,40.5201
0,62,56,0,0,40.5197
0,63,56,0,0,40.5192
0,64,56,0,0,40.5187
0,65,56,0,0,40.5182
0,66,56,0,0,40.5177
0,67,56,0,0,40.5172
0,68,56,0,0,40.5168
0,69,56,0,0,40.5164
0,70,56,0,0,40.5161
0,71,56,0,0,40.5159
0,72,56,0,0,40.5156
0,73,56,0,0,40.5153
0,74,56,0,0,40.5149
0,75,56,0,0,40.5145
0,76,56,0,0,40.5139
0,77,56,0,0,40.5132
0,78,56,0,0,40.5125
0,79,56,0,0,40.5117
0,80,56,0,0,40.5109
0,81,56,0,0,40.51
0,82,56,0,0,40.509
0,83,56,0,0,40.5081
0,84,56,0,0,40.5072
0,85,56,0,0,40.5062
0,86,56,0,0,40.5053
0,87,56,0,0,40.5044
0,88,56,0,0,40.5034
0,89,56,0,0,40.5024
0,90,56,0,0,40.5013
0,91,56,0,0,40.5001
0,92,56,0,0,40.4988
0,93,56,0,0,40.4975
0,94,56,0,0,40.4961
0,95,56,0,0,40.4947
0,96,56,0,0,40.4932
0,97,56,0,0,40.4918
0,98,56,0,0,40.4904
0,99,56,0,0,40.4891
0,100,56,0,0,40.4878
0,101,56,0,0,40.4866
0,102,56,0,0,40.4856
0,103,56,0,0,40.4848
0,104,56,0,0,40.484
0,105,56,0,0,40.4834
0,106,56,0,0,40.4828
0,107,56,0,0,40.4822
0,108,56,0,0,40.4816
0,109,56,0,0,40.481
0,110,56,0,0,40.4802
0,111,56,0,0,40.4794
0,112,56,0,0,40.4786
0,113,56,0,0,40.4776
0,114,56,0,0,40.4765
0,115,56,0,0,40.4754
0,116,56,0,0,40.4742
0,117,56,0,0,40.4729
0,118,56,0,0,40.4716
0,119,56,0,0,40.4703
0,120,56,0,0,40.469
0,121,56,0,0,40.4678
0,122,56,0,0,40.4665
0,123,56,0,0,40.4654
0,124,56,0,0,40.4642
0,125,56,0,0,40.4632
0,126,56,0,0,40.4624
0,127,56,0,0,40.4618
0,0,57,0,6.69683e-05,40.717
0,1,57,0,0,40.7076
0,2,57,0,0,40.699
0,3,57,0,0,40.6909
0,4,57,0,0,40.6833
0,5,57,0,0,40.6761
0,6,57,0,0,40.6693
0,7,57,0,0,40.6628
0,8,57,0,0,40.6566
0,9,57,0,0,40.6507
0,10,57,0,0,40.645
0,11,57,0,0,40.6396
0,12,57,0,0,40.6345
0,13,57,0,0,40.6296
0,14,57,0,0,40.625
0,15,57,0,0,40.6206
0,16,57,0,0,40.6165
0,17,57,0,0,40.6126
0,18,57,0,0,40.6089
0,19,57,0,0,40.6054
0,20,57,0,0,40.6022
0,21,57,0,0,40.5991
0,22,57,0,0,40.5962
0,23,57,0,0,40.5934
0,24,57,0,0,40.5906
0,25,57,0,0,40.588
0,26,57,0,0,40.5853
0,27,57,0,0,40.5827
0,28,57,0,0,40.5801
0,29,57,0,0,40.5775
0,30,57,0,0,40.5749
0,31,57,0,0,40.5723
0,32,57,0,0,40.5697
0,33,57,0,0,40.5671
0,34,57,0,0,40.5644
0,35,57,0,0,40.5617
0,36,57,0,0,40.559
0,37,57,0,0,40.5562
0,38,57,0,0,40.5534
0,39,57,0,0,40.5506
0,40,57,0,0,40.5479
0,41,57,0,0,40.5452
0,42,57,0,0,40.5427
0,43,57,0,0,40.5402
0,44,57,0,0,40.5379
0,45,57,0,0,40.5358
0,46,57,0,0,40.5337
0,47,57,0,0,40.5318
0,48,57,0,0,40.53
0,49,57,0,0,40.5283
0,50,57,0,0,40.5268
0,51,57,0,0,40.5254
0,52,57,0,0,40.5242
0,53,57,0,0,40.5232
0,54,57,0,0,40.5223
0,55,57,0,0,40.5216
0,56,57,0,0,40.521
0,57,57,0,0,40.5205
0,58,57,0,0,40.52
0,59,57,0,0,40.5197
0,60,57,0,0,40.5194
0,61,57,0,0,40.5191
0,62,57,0,0,40.5188
0,63,57,0,0,40.5184
0,64,57,0,0,40.518
0,65,57,0,0,40.5176
0,66,57,0,0,40.5172
0,67,57,0,0,40.5168
0,68,57,0,0,40.5164
0,69,57,0,0,40.5161
0,70,57,0,0,40.5159
0,71,57,0,0,40.5157
0,72,57,0,0,40.5155
0,73,57,0,0,40.5153
0,74,57,0,0,40.515
0,75,57,0,0,40.5146
0,76,57,0,0,40.5141
0,77,57,0,0,40.5135
0,78,57,0,0,40.5127
0,79,57,0,0,40.5119
0,80,57,0,0,40.511
0,81,57,0,0,40.5101
0,82,57,0,0,40.5091
0,83,57,0,0,40.5081
0,84,57,0,0,40.5071
0,85,57,0,0,40.5061
0,86,57,0,0,40.5051
0,87,57,0,0,40.504
0,88,57,0,0,40.5029
0,89,57,0,0,40.5017
0,90,57,0,0,40.5005
0,91,57,0,0,40.4992
0,92,57,0,0,40.4978
0,93,57,0,0,40.4963
0,94,57,0,0,40.4949
0,95,57,0,0,40.4934
0,96,57,0,0,40.4919
0,97,57,0,0,40.4905
0,98,57,0,0,40.4891
0,99,57,0,0,40.4878
0,100,57,0,0,40.4865
0,101,57,0,0,40.4854
0,102,57,0,0,40.4845
0,103,57,0,0,40.4836
0,104,57,0,0,40.4829
0,105,57,0,0,40.4824
0,106,57,0,0,40.4818
0,107,57,0,0,40.4813
0,108,57,0,0,40.4807
0,109,57,0,0,40.4801
0,110,57,0,0,40.4794
0,111,57,0,0,40.4786
0,112,57,0,0,40.4776
0,113,57,0,0,40.4766
0,114,57,0,0,40.4754
0,115,57,0,0,40.4742
0,116,57,0,0,40.4729
0,117,57,0,0,40.4715
0,118,57,0,0,40.4702
0,119,57,0,0,40.4688
0,120,57,0,0,40.4674
0,121,57,0,0,40.4661
0,122,57,0,0,40.4648
0,123,57,0,0,40.4635
0,124,57,0,0,40.4624
0,125,57,0,0,40.4613
0,126,57,0,0,40.4604
0,127,57,0,0,40.4598
0,0,58,0,6.69683e-05,40.7122
0,1,58,0,0,40.7029
0,2,58,0,0,40.6944
0,3,58,0,0,40.6864
0,4,58,0,0,40.6789
0,5,58,0,0,40.6718
0,6,58,0,0,40.665
0,7,58,0,0,40.6585
0,8,58,0,0,40.6523
0,9,58,0,0,40.6464
0,10,58,0,0,40.6409
0,11,58,0,0,40.6356
0,12,58,0,0,40.6306
0,13,58,0,0,40.6259
0,14,58,0,0,40.6214
0,15,58,0,0,40.6171
0,16,58,0,0,40.6131
0,17,58,0,0,40.6092
0,18,58,0,0,40.6056
0,19,58,0,0,40.6021
0,20,58,0,0,40.5989
0,21,58,0,0,40.5959
0,22,58,0,0,40.593
0,23,58,0,0,40.5902
0,24,58,0,0,40.5875
0,25,58,0,0,40.5848
0,26,58,0,0,40.5822
0,27,58,0,0,40.5795
0,28,58,0,0,40.5769
0,29,58,0,0,40.5743
0,30,58,0,0,40.5717
0,31,58,0,0,40.5691
0,32,58,0,0,40.5666
0,33,58,0,0,40.564
0,34,58,0,0,40.5615
0,35,58,0,0,40.559
0,36,58,0,0,40.5564
0,37,58,0,0,40.5539
0,38,58,0,0,40.5513
0,39,58,0,0,40.5487
0,40,58,0,0,40.5462
0,41,58,0,0,40.5439
0,42,58,0,0,40.5416
0,43,58,0,0,40.5395
0,44,58,0,0,40.5374
0,45,58,0,0,40.5355
0,46,58,0,0,40.5336
0,47,58,0,0,40.5318
0,48,58,0,0,40.5301
0,49,58,0,0,40.5284
0,50,58,0,0,40.5269
0,51,58,0,0,40.5256
0,52,58,0,0,40.5244
0,53,58,0,0,40.5234
0,54,58,0,0,40.5226
0,55,58,0,0,40.522
0,56,58,0,0,40.5214
0,57,58,0,0,40.521
0,58,58,0,0,40.5207
0,59,58,0,0,40.5204
0,60,58,0,0,40.5202
0,61,58,0,0,40.5201
0,62,58,0,0,40.5199
0,63,58,0,0,40.5196
0,64,58,0,0,40.5193
0,65,58,0,0,40.5189
0,66,58,0,0,40.5186
0,67,58,0,0,40.5182
0,68,58,0,0,40.5179
0,69,58,0,0,40.5177
0,70,58,0,0,40.5175
0,71,58,0,0,40.5175
0,72,58,0,0,40.5174
0,73,58,0,0,40.5173
0,74,58,0,0,40.5171
0,75,58,0,0,40.5168
0,76,58,0,0,40.5163
0,77,58,0,0,40.5157
0,78,58,0,0,40.515
0,79,58,0,0,40.5141
0,80,58,0,0,40.5132
0,81,58,0,0,40.5122
0,82,58,0,0,40.5112
0,83,58,0,0,40.5101
0,84,58,0,0,40.509
0,85,58,0,0,40.5079
0,86,58,0,0,40.5067
0,87,58,0,0,40.5055
0,88,58,0,0,40.5043
0,89,58,0,0,40.503
0,90,58,0,0,40.5016
0,91,58,0,0,40.5001
0,92,58,0,0,40.4986
0,93,58,0,0,40.497
0,94,58,0,0,40.4955
0,95,58,0,0,40.4939
0,96,58,0,0,40.4924
0,97,58,0,0,40.4909
0,98,58,0,0,40.4895
0,99,58,0,0,40.4882
0,100,58,0,0,40.487
0,101,58,0,0,40.4859
0,102,58,0,0,40.485
0,103,58,0,0,40.4842
0,104,58,0,0,40.4836
0,105,58,0,0,40.4831
0,106,58,0,0,40.4826
0,107,58,0,0,40.4822
0,108,58,0,0,40.4817
0,109,58,0,0,40.4811
0,110,58,0,0,40.4804
0,111,58,0,0,40.4796
0,112,58,0,0,40.4786
0,113,58,0,0,40.4774
0,114,58,0,0,40.4762
0,115,58,0,0,40.4748
0,116,58,0,0,40.4734
0,117,58,0,0,40.4719
0,118,58,0,0,40.4704
0,119,58,0,0,40.469
0,120,58,0,0,40.4675
0,121,58,0,0,40.4661
0,122,58,0,0,40.4647
0,123,58,0,0,40.4634
0,124,58,0,0,40.4621
0,125,58,0,0,40.4609
0,126,58,0,0,40.4599
0,127,58,0,0,40.4592
0,0,59,0,6.69683e-05,40.7093
0,1,59,0,0,40.7002
0,2,59,0,0,40.6919
0,3,59,0,0,40.6841
0,4,59,0,0,40.6767
0,5,59,0,0,40.6697
0,6,59,0,0,40.6629
0,7,59,0,0,40.6563
0,8,59,0,0,40.6501
0,9,59,0,0,40.6443
0,10,59,0,0,40.6388
0,11,59,0,0,40.6336
0,12,59,0,0,40.6288
0,13,59,0,0,40.6242
0,14,59,0,0,40.6198
0,15,59,0,0,40.6156
0,16,59,0,0,40.6116
0,17,59,0,0,40.6078
0,18,59,0,0,40.6042
0,19,59,0,0,40.6008
0,20,59,0,0,40.5976
0,21,59,0,0,40.5946
0,22,59,0,0,40.5918
0,23,59,0,0,40.5891
0,24,59,0,0,40.5865
0,25,59,0,0,40.5839
0,26,59,0,0,40.5812
0,27,59,0,0,40.5785
0,28,59,0,0,40.5758
0,29,59,0,0,40.5731
0,30,59,0,0,40.5705
0,31,59,0,0,40.568
0,32,59,0,0,40.5655
0,33,59,0,0,40.5631
0,34,59,0,0,40.5607
0,35,59,0,0,40.5583
0,36,59,0,0,40.5559
0,37,59,0,0,40.5536
0,38,59,0,0,40.5512
0,39,59,0,0,40.5488
0,40,59,0,0,40.5465
0,41,59,0,0,40.5444
0,42,59,0,0,40.5424
0,43,59,0,0,40.5406
0,44,59,0,0,40.5388
0,45,59,0,0,40.5372
0,46,59,0,0,40.5355
0,47,59,0,0,40.5337
0,48,59,0,0,40.532
0,49,59,0,0,40.5303
0,50,59,0,0,40.5288
0,51,59,0,0,40.5274
0,52,59,0,0,40.5264
0,53,59,0,0,40.5255
0,54,59,0,0,40.5247
0,55,59,0,0,40.5241
0,56,59,0,0,40.5237
0,57,59,0,0,40.5233
0,58,59,0,0,40.5231
0,59,59,0,0,40.523
0,60,59,0,0,40.523
0,61,59,0,0,40.523
0,62,59,0,0,40.5229
0,63,59,0,0,40.5228
0,64,59,0,0,40.5226
0,65,59,0,0,40.5222
0,66,59,0,0,40.5219
0,67,59,0,0,40.5215
0,68,59,0,0,40.5212
0,69,59,0,0,40.5211
0,70,59,0,0,40.5211
0,71,59,0,0,40.5211
0,72,59,0,0,40.5213
0,73,59,0,0,40.5213
0,74,59,0,0,40.5212
0,75,59,0,0,40.521
0,76,59,0,0,40.5206
0,77,59,0,0,40.52
0,78,59,0,0,40.5192
0,79,59,0,0,40.5183
0,80,59,0,0,40.5173
0,81,59,0,0,40.5162
0,82,59,0,0,40.5151
0,83,59,0,0,40.514
0,84,59,0,0,40.5128
0,85,59,0,0,40.5115
0,86,59,0,0,40.5103
0,87,59,0,0,40.509
0,88,59,0,0,40.5076
0,89,59,0,0,40.5062
0,90,59,0,0,40.5046
0,91,59,0,0,40.503
0,92,59,0,0,40.5013
0,93,59,0,0,40.4996
0,94,59,0,0,40.4979
0,95,59,0,0,40.4962
0,96,59,0,0,40.4946
0,97,59,0,0,40.4931
0,98,59,0,0,40.4917
0,99,59,0,0,40.4903
0,100,59,0,0,40.4891
0,101,59,0,0,40.488
0,102,59,0,0,40.4871
0,103,59,0,0,40.4864
0,104,59,0,0,40.4859
0,105,59,0,0,40.4855
0,106,59,0,0,40.4852
0,107,59,0,0,40.485
0,108,59,0,0,40.4846
0,109,59,0,0,40.4841
0,110,59,0,0,40.4834
0,111,59,0,0,40.4825
0,112,59,0,0,40.4814
0,113,59,0,0,40.4802
0,114,59,0,0,40.4788
0,115,59,0,0,40.4773
0,116,59,0,0,40.4757
0,117,59,0,0,40.474
0,118,59,0,0,40.4724
0,119,59,0,0,40.4708
0,120,59,0,0,40.4693
0,121,59,0,0,40.4678
0,122,59,0,0,40.4663
0,123,59,0,0,40.4648
0,124,59,0,0,40.4634
0,125,59,0,0,40.462
0,126,59,0,0,40.4609
0,127,59,0,0,40.46
0,0,60,0,6.69683e-05,40.7083
0,1,60,0,0,40.6995
0,2,60,0,0,40.6914
0,3,60,0,0,40.6839
0,4,60,0,0,40.6768
0,5,60,0,0,40.6698
0,6,60,0,0,40.6629
0,7,60,0,0,40.6563
0,8,60,0,0,40.65
0,9,60,0,0,40.6441
0,10,60,0,0,40.6387
0,11,60,0,0,40.6336
0,12,60,0,0,40.629
0,13,60,0,0,40.6246
0,14,60,0,0,40.6203
0,15,60,0,0,40.6162
0,16,60,0,0,40.6123
0,17,60,0,0,40.6085
0,18,60,0,0,40.6049
0,19,60,0,0,40.6015
0,20,60,0,0,40.5984
0,21,60,0,0,40.5954
0,22,60,0,0,40.5927
0,23,60,0,0,40.5901
0,24,60,0,0,40.5876
0,25,60,0,0,40.585
0,26,60,0,0,40.5824
0,27,60,0,0,40.5796
0,28,60,0,0,40.5768
0,29,60,0,0,40.574
0,30,60,0,0,40.5714
0,31,60,0,0,40.5689
0,32,60,0,0,40.5665
0,33,60,0,0,40.5642
0,34,60,0,0,40.5619
0,35,60,0,0,40.5596
0,36,60,0,0,40.5575
0,37,60,0,0,40.5553
0,38,60,0,0,40.5531
0,39,60,0,0,40.5509
0,40,60,0,0,40.5487
0,41,60,0,0,40.5467
0,42,60,0,0,40.545
0,43,60,0,0,40.5435
0,44,60,0,0,40.5422
0,45,60,0,0,40.5409
0,46,60,0,0,40.5393
0,47,60,0,0,40.5376
0,48,60,0,0,40.5358
0,49,60,0,0,40.534
0,50,60,0,0,40.5324
0,51,60,0,0,40.5311
0,52,60,0,0,40.53
0,53,60,0,0,40.5292
0,54,60,0,0,40.5286
0,55,60,0,0,40.5281
0,56,60,0,0,40.5278
0,57,60,0,0,40.5275
0,58,60,0,0,40.5274
0,59,60,0,0,40.5275
0,60,60,0,0,40.5277
0,61,60,0,0,40.5279
0,62,60,0,0,40.528
0,63,60,0,0,40.528
0,64,60,0,0,40.5279
0,65,60,0,0,40.5275
0,66,60,0,0,40.5271
0,67,60,0,0,40.5267
0,68,60,0,0,40.5264
0,69,60,0,0,40.5263
0,70,60,0,0,40.5265
0,71,60,0,0,40.5268
0,72,60,0,0,40.5271
0,73,60,0,0,40.5274
0,74,60,0,0,40.5275
0,75,60,0,0,40.5274
0,76,60,0,0,40.527
0,77,60,0,0,40.5264
0,78,60,0,0,40.5256
0,79,60,0,0,40.5246
0,80,60,0,0,40.5235
0,81,60,0,0,40.5223
0,82,60,0,0,40.5211
0,83,60,0,0,40.5198
0,84,60,0,0,40.5185
0,85,60,0,0,40.5172
0,86,60,0,0,40.5158
0,87,60,0,0,40.5145
0,88,60,0,0,40.513
0,89,60,0,0,40.5114
0,90,60,0,0,40.5097
0,91,60,0,0,40.5079
0,92,60,0,0,40.506
0,93,60,0,0,40.504
0,94,60,0,0,40.5022
0,95,60,0,0,40.5004
0,96,60,0,0,40.4987
0,97,60,0,0,40.4971
0,98,60,0,0,40.4956
0,99,60,0,0,40.4942
0,100,60,0,0,40.4929
0,101,60,0,0,40.4918
0,102,60,0,0,40.4909
0,103,60,0,0,40.4902
0,104,60,0,0,40.4898
0,105,60,0,0,40.4896
0,106,60,0,0,40.4896
0,107,60,0,0,40.4896
0,108,60,0,0,40.4894
0,109,60,0,0,40.489
0,110,60,0,0,40.4884
0,111,60,0,0,40.4875
0,112,60,0,0,40.4863
0,113,60,0,0,40.4849
0,114,60,0,0,40.4833
0,115,60,0,0,40.4816
0,116,60,0,0,40.4798
0,117,60,0,0,40.4779
0,118,60,0,0,40.4761
0,119,60,0,0,40.4744
0,120,60,0,0,40.4729
0,121,60,0,0,40.4713
0,122,60,0,0,40.4696
0,123,60,0,0,40.468
0,124,60,0,0,40.4663
0,125,60,0,0,40.4647
0,126,60,0,0,40.4632
0,127,60,0,0,40.462
0,0,61,0,6.69683e-05,40.7091
0,1,61,0,0,40.7007
0,2,61,0,0,40.6931
0,3,61,0,0,40.686
0,4,61,0,0,40.6792
0,5,61,0,0,40.6723
0,6,61,0,0,40.6652
0,7,61,0,0,40.6584
0,8,61,0,0,40.6519
0,9,61,0,0,40.6459
0,10,61,0,0,40.6405
0,11,61,0,0,40.6356
0,12,61,0,0,40.6312
0,13,61,0,0,40.6271
0,14,61,0,0,40.6229
0,15,61,0,0,40.6189
0,16,61,0,0,40.615
0,17,61,0,0,40.6112
0,18,61,0,0,40.6076
0,19,61,0,0,40.6042
0,20,61,0,0,40.601
0,21,61,0,0,40.5982
0,22,61,0,0,40.5957
0,23,61,0,0,40.5933
0,24,61,0,0,40.591
0,25,61,0,0,40.5885
0,26,61,0,0,40.5858
0,27,61,0,0,40.5828
0,28,61,0,0,40.5798
0,29,61,0,0,40.577
0,30,61,0,0,40.5743
0,31,61,0,0,40.5719
0,32,61,0,0,40.5695
0,33,61,0,0,40.5673
0,34,61,0,0,40.5651
0,35,61,0,0,40.563
0,36,61,0,0,40.5611
0,37,61,0,0,40.5591
0,38,61,0,0,40.5571
0,39,61,0,0,40.5549
0,40,61,0,0,40.5527
0,41,61,0,0,40.5508
0,42,61,0,0,40.5494
0,43,61,0,0,40.5484
0,44,61,0,0,40.5476
0,45,61,0,0,40.5467
0,46,61,0,0,40.5454
0,47,61,0,0,40.5437
0,48,61,0,0,40.5416
0,49,61,0,0,40.5395
0,50,61,0,0,40.5377
0,51,61,0,0,40.5364
0,52,61,0,0,40.5355
0,53,61,0,0,40.5348
0,54,61,0,0,40.5344
0,55,61,0,0,40.534
0,56,61,0,0,40.5337
0,57,61,0,0,40.5335
0,58,61,0,0,40.5335
0,59,61,0,0,40.5339
0,60,61,0,0,40.5344
0,61,61,0,0,40.5349
0,62,61,0,0,40.5352
0,63,61,0,0,40.5354
0,64,61,0,0,40.5353
0,65,61,0,0,40.535
0,66,61,0,0,40.5343
0,67,61,0,0,40.5337
0,68,61,0,0,40.5333
0,69,61,0,0,40.5334
0,70,61,0,0,40.5337
0,71,61,0,0,40.5343
0,72,61,0,0,40.5351
0,73,61,0,0,40.5357
0,74,61,0,0,40.536
0,75,61,0,0,40.5361
0,76,61,0,0,40.5357
0,77,61,0,0,40.535
0,78,61,0,0,40.5341
0,79,61,0,0,40.5329
0,80,61,0,0,40.5317
0,81,61,0,0,40.5304
0,82,61,0,0,40.5291
0,83,61,0,0,40.5277
0,84,61,0,0,40.5263
0,85,61,0,0,40.5248
0,86,61,0,0,40.5233
0,87,61,0,0,40.522
0,88,61,0,0,40.5204
0,89,61,0,0,40.5187
0,90,61,0,0,40.5168
0,91,61,0,0,40.5147
0,92,61,0,0,40.5126
0,93,61,0,0,40.5103
0,94,61,0,0,40.5083
0,95,61,0,0,40.5063
0,96,61,0,0,40.5045
0,97,61,0,0,40.5028
0,98,61,0,0,40.5012
0,99,61,0,0,40.4997
0,100,61,0,0,40.4984
0,101,61,0,0,40.4972
0,102,61,0,0,40.4962
0,103,61,0,0,40.4957
0,104,61,0,0,40.4954
0,105,61,0,0,40.4955
0,106,61,0,0,40.4959
0,107,61,0,0,40.4963
0,108,61,0,0,40.4964
0,109,61,0,0,40.4961
0,110,61,0,0,40.4955
0,111,61,0,0,40.4945
0,112,61,0,0,40.4932
0,113,61,0,0,40.4916
0,114,61,0,0,40.4898
0,115,61,0,0,40.4879
0,116,61,0,0,40.4858
0,117,61,0,0,40.4835
0,118,61,0,0,40.4815
0,119,61,0,0,40.4797
0,120,61,0,0,40.4782
0,121,61,0,0,40.4766
0,122,61,0,0,40.4747
0,123,61,0,0,40.4729
0,124,61,0,0,40.471
0,125,61,0,0,40.469
0,126,61,0,0,40.467
0,127,61,0,0,40.4653
0,0,62,0,6.69683e-05,40.7115
0,1,62,0,0,40.7038
0,2,62,0,0,40.6969
0,3,62,0,0,40.6906
0,4,62,0,0,40.6843
0,5,62,0,0,40.6774
0,6,62,0,0,40.6699
0,7,62,0,0,40.6626
0,8,62,0,0,40.6558
0,9,62,0,0,40.6497
0,10,62,0,0,40.6442
0,11,62,0,0,40.6396
0,12,62,0,0,40.6357
0,13,62,0,0,40.6318
0,14,62,0,0,40.6277
0,15,62,0,0,40.6239
0,16,62,0,0,40.6199
0,17,62,0,0,40.6161
0,18,62,0,0,40.6125
0,19,62,0,0,40.6089
0,20,62,0,0,40.6056
0,21,62,0,0,40.603
0,22,62,0,0,40.6006
0,23,62,0,0,40.5986
0,24,62,0,0,40.5968
0,25,62,0,0,40.5944
0,26,62,0,0,40.5917
0,27,62,0,0,40.5883
0,28,62,0,0,40.5849
0,29,62,0,0,40.5819
0,30,62,0,0,40.5793
0,31,62,0,0,40.5768
0,32,62,0,0,40.5746
0,33,62,0,0,40.5725
0,34,62,0,0,40.5704
0,35,62,0,0,40.5684
0,36,62,0,0,40.5668
0,37,62,0,0,40.5652
0,38,62,0,0,40.5634
0,39,62,0,0,40.561
0,40,62,0,0,40.5584
0,41,62,0,0,40.5565
0,42,62,0,0,40.5556
0,43,62,0,0,40.5551
0,44,62,0,0,40.5553
0,45,62,0,0,40.555
0,46,62,0,0,40.5539
0,47,62,0,0,40.5521
0,48,62,0,0,40.5495
0,49,62,0,0,40.5467
0,50,62,0,0,40.5446
0,51,62,0,0,40.5433
0,52,62,0,0,40.5427
0,53,62,0,0,40.5423
0,54,62,0,0,40.5421
0,55,62,0,0,40.5419
0,56,62,0,0,40.5416
0,57,62,0,0,40.5412
0,58,62,0,0,40.5413
0,59,62,0,0,40.5421
0,60,62,0,0,40.5432
0,61,62,0,0,40.5443
0,62,62,0,0,40.5446
0,63,62,0,0,40.5449
0,64,62,0,0,40.5452
0,65,62,0,0,40.5447
0,66,62,0,0,40.5437
0,67,62,0,0,40.5425
0,68,62,0,0,40.542
0,69,62,0,0,40.5421
0,70,62,0,0,40.5427
0,71,62,0,0,40.5438
0,72,62,0,0,40.5452
0,73,62,0,0,40.5463
0,74,62,0,0,40.5469
0,75,62,0,0,40.5472
0,76,62,0,0,40.5469
0,77,62,0,0,40.546
0,78,62,0,0,40.5449
0,79,62,0,0,40.5435
0,80,62,0,0,40.5419
0,81,62,0,0,40.5405
0,82,62,0,0,40.5392
0,83,62,0,0,40.5378
0,84,62,0,0,40.536
0,85,62,0,0,40.5343
0,86,62,0,0,40.5329
0,87,62,0,0,40.5317
0,88,62,0,0,40.5301
0,89,62,0,0,40.5281
0,90,62,0,0,40.5259
0,91,62,0,0,40.5237
0,92,62,0,0,40.5212
0,93,62,0,0,40.5185
0,94,62,0,0,40.5161
0,95,62,0,0,40.5141
0,96,62,0,0,40.5121
0,97,62,0,0,40.5104
0,98,62,0,0,40.5087
0,99,62,0,0,40.5071
0,100,62,0,0,40.5056
0,101,62,0,0,40.5042
0,102,62,0,0,40.5032
0,103,62,0,0,40.5027
0,104,62,0,0,40.5025
0,105,62,0,0,40.5029
0,106,62,0,0,40.504
0,107,62,0,0,40.5053
0,108,62,0,0,40.5056
0,109,62,0,0,40.5054
0,110,62,0,0,40.505
0,111,62,0,0,40.5039
0,112,62,0,0,40.5022
0,113,62,0,0,40.5003
0,114,62,0,0,40.4984
0,115,62,0,0,40.4963
0,116,62,0,0,40.4937
0,117,62,0,0,40.4908
0,118,62,0,0,40.4884
0,119,62,0,0,40.4867
0,120,62,0,0,40.4855
0,121,62,0,0,40.4838
0,122,62,0,0,40.4817
0,123,62,0,0,40.4796
0,124,62,0,0,40.4775
0,125,62,0,0,40.475
0,126,62,0,0,40.4722
0,127,62,0,0,40.4695
0,0,63,0,6.69683e-05,40.7158
0,1,63,0,0,40.7088
0,2,63,0,0,40.703
0,3,63,0,0,40.6976
0,4,63,0,0,40.6928
0,5,63,0,0,40.6858
0,6,63,0,0,40.677
0,7,63,0,0,40.6688
0,8,63,0,0,40.6615
0,9,63,0,0,40.6552
0,10,63,0,0,40.6494
0,11,63,0,0,40.6452
0,12,63,0,0,40.6425
0,13,63,0,0,40.6393
0,14,63,0,0,40.6347
0,15,63,0,0,40.6314
0,16,63,0,0,40.6271
0,17,63,0,0,40.623
0,18,63,0,0,40.6196
0,19,63,0,0,40.6156
0,20,63,0,0,40.6119
0,21,63,0,0,40.6097
0,22,63,0,0,40.6075
0,23,63,0,0,40.6061
0,24,63,0,0,40.6054
0,25,63,0,0,40.603
0,26,63,0,0,40.6004
0,27,63,0,0,40.5961
0,28,63,0,0,40.5917
0,29,63,0,0,40.5887
0,30,63,0,0,40.5862
0,31,63,0,0,40.5838
0,32,63,0,0,40.5817
0,33,63,0,0,40.5799
0,34,63,0,0,40.5776
0,35,63,0,0,40.5757
0,36,63,0,0,40.5746
0,37,63,0,0,40.5738
0,38,63,0,0,40.5723
0,39,63,0,0,40.5695
0,40,63,0,0,40.5656
0,41,63,0,0,40.5634
0,42,63,0,0,40.5633
0,43,63,0,0,40.5634
0,44,63,0,0,40.5654
0,45,63,0,0,40.5664
0,46,63,0,0,40.5653
0,47,63,0,0,40.5637
0,48,63,0,0,40.5595
0,49,63,0,0,40.5554
0,50,63,0,0,40.5528
0,51,63,0,0,40.5516
0,52,63,0,0,40.5519
0,53,63,0,0,40.5516
0,54,63,0,0,40.5518
0,55,63,0,0,40.5519
0,56,63,0,0,40.5517
0,57,63,0,0,40.5506
0,58,63,0,0,40.5506
0,59,63,0,0,40.552
0,60,63,0,0,40.5541
0,61,63,0,0,40.5565
0,62,63,0,0,40.556
0,63,63,0,0,40.5567
0,64,63,0,0,40.558
0,65,63,0,0,40.557
0,66,63,0,0,40.5554
0,67,63,0,0,40.5526
0,68,63,0,0,40.5521
0,69,63,0,0,40.5525
0,70,63,0,0,40.5533
0,71,63,0,0,40.555
0,72,63,0,0,40.5578
0,73,63,0,0,40.5595
0,74,63,0,0,40.5604
0,75,63,0,0,40.5612
0,76,63,0,0,40.5608
0,77,63,0,0,40.5592
0,78,63,0,0,40.5581
0,79,63,0,0,40.5565
0,80,63,0,0,40.5541
0,81,63,0,0,40.5526
0,82,63,0,0,40.5515
0,83,63,0,0,40.5505
0,84,63,0,0,40.5479
0,85,63,0,0,40.5455
0,86,63,0,0,40.5442
0,87,63,0,0,40.544
0,88,63,0,0,40.5425
0,89,63,0,0,40.5395
0,90,63,0,0,40.5373
0,91,63,0,0,40.535
0,92,63,0,0,40.532
0,93,63,0,0,40.5282
0,94,63,0,0,40.5257
0,95,63,0,0,40.5238
0,96,63,0,0,40.5215
0,97,63,0,0,40.5199
0,98,63,0,0,40.518
0,99,63,0,0,40.5163
0,100,63,0,0,40.5146
0,101,63,0,0,40.5127
0,102,63,0,0,40.5116
0,103,63,0,0,40.5114
0,104,63,0,0,40.5109
0,105,63,0,0,40.5115
0,106,63,0,0,40.5141
0,107,63,0,0,40.5171
0,108,63,0,0,40.5173
0,109,63,0,0,40.5167
0,110,63,0,0,40.5174
0,111,63,0,0,40.5157
0,112,63,0,0,40.5135
0,113,63,0,0,40.5108
0,114,63,0,0,40.5093
0,115,63,0,0,40.5071
0,116,63,0,0,40.504
0,117,63,0,0,40.4996
0,118,63,0,0,40.4964
0,119,63,0,0,40.495
0,120,63,0,0,40.495
0,121,63,0,0,40.4935
0,122,63,0,0,40.4904
0,123,63,0,0,40.4882
0,124,63,0,0,40.4863
0,125,63,0,0,40.4831
0,126,63,0,0,40.4792
0,127,63,0,0,40.4746
0,0,64,0,0.000188009,40.7227
0,1,64,0,8.0136e-05,40.7155
0,2,64,0,0.000102262,40.7114
0,3,64,0,6.13575e-05,40.707
0,4,64,0,0.000143167,40.7064
0,5,64,0,0.000119367,40.6985
0,6,64,0,6.13575e-05,40.6863
0,7,64,0,7.5114e-05,40.6767
0,8,64,0,5.96835e-05,40.6686
0,9,64,0,8.181e-05,40.663
0,10,64,0,6.13575e-05,40.6556
0,11,64,0,4.0905e-05,40.6516
0,12,64,0,0.000105283,40.6525
0,13,64,0,0.000143259,40.6506
0,14,64,0,4.0905e-05,40.6427
0,15,64,0,0.000158598,40.6424
0,16,64,0,8.0136e-05,40.6365
0,17,64,0,5.80095e-05,40.6315
0,18,64,0,0.000121041,40.6298
0,19,64,0,5.96835e-05,40.6243
0,20,64,0,2.04525e-05,40.6189
0,21,64,0,8.0136e-05,40.619
0,22,64,0,2.04525e-05,40.6157
0,23,64,0,3.7557e-05,40.6154
0,24,64,0,0.000141494,40.6182
0,25,64,0,6.13575e-05,40.614
0,26,64,0,0.000160272,40.6132
0,27,64,0,9.42199e-05,40.6063
0,28,64,0,2.58204e-05,40.5994
0,29,64,0,5.80095e-05,40.5973
0,30,64,0,5.96835e-05,40.5952
0,31,64,0,5.96835e-05,40.5929
0,32,64,0,5.96835e-05,40.5907
0,33,64,0,0.000136472,40.5901
0,34,64,0,9.89145e-05,40.5866
0,35,64,0,7.8462e-05,40.5846
0,36,64,0,7.8462e-05,40.5843
0,37,64,0,0.000122342,40.5852
0,38,64,0,0.000141494,40.5848
0,39,64,0,0.00015525,40.5813
0,40,64,0,5.96835e-05,40.5734
0,41,64,0,3.9231e-05,40.5703
0,42,64,0,0.000136472,40.5732
0,43,64,0,4.0905e-05,40.572
0,44,64,0,0.00013982,40.5789
0,45,64,0,0.000160272,40.582
0,46,64,0,8.52491e-05,40.5796
0,47,64,0,0.000194535,40.58
0,48,64,0,7.8462e-05,40.5716
0,49,64,0,4.0905e-05,40.565
0,50,64,0,5.36878e-05,40.5616
0,51,64,0,4.0905e-05,40.5605
0,52,64,0,0.000121041,40.5637
0,53,64,0,7.8462e-05,40.5629
0,54,64,0,0.000103145,40.5636
0,55,64,0,0.000100588,40.5645
0,56,64,0,0.000117693,40.565
0,57,64,0,3.9231e-05,40.5609
0,58,64,0,4.0905e-05,40.5607
0,59,64,0,9.38925e-05,40.5635
0,60,64,0,7.50229e-05,40.5668
0,61,64,0,0.00022163,40.5739
0,62,64,0,4.0905e-05,40.5685
0,63,64,0,7.8462e-05,40.5703
0,64,64,0,0.000199648,40.5752
0,65,64,0,0.000102262,40.5721
0,66,64,0,0.00015525,40.5704
0,67,64,0,0,40.5629
0,68,64,0,6.13575e-05,40.5633
0,69,64,0,9.89145e-05,40.5648
0,70,64,0,8.0136e-05,40.5653
0,71,64,0,6.13575e-05,40.5672
0,72,64,0,0.000156924,40.5739
0,73,64,0,0.000136472,40.5758
0,74,64,0,0.000110815,40.5761
0,75,64,0,0.000160272,40.5787
0,76,64,0,0.000154276,40.5781
0,77,64,0,9.20362e-05,40.5743
0,78,64,0,0.000127919,40.574
0,79,64,0,0.000177377,40.5727
0,80,64,0,0.000119367,40.5678
0,81,64,0,0.000121041,40.5666
0,82,64,0,0.000100588,40.5659
0,83,64,0,0.000158743,40.5669
0,84,64,0,7.6788e-05,40.5619
0,85,64,0,4.0905e-05,40.5579
0,86,64,0,6.13575e-05,40.5565
0,87,64,0,0.000178168,40.5598
0,88,64,0,0.000168033,40.5584
0,89,64,0,8.0136e-05,40.5524
0,90,64,0,0.000119367,40.5511
0,91,64,0,0.00013215,40.5491
0,92,64,0,0.000167059,40.5458
0,93,64,0,6.22401e-05,40.5387
0,94,64,0,7.37674e-05,40.5368
0,95,64,0,0.000106957,40.5362
0,96,64,0,3.9231e-05,40.5321
0,97,64,0,9.55665e-05,40.5316
0,98,64,0,7.8462e-05,40.5293
0,99,64,0,5.96835e-05,40.5276
0,100,64,0,8.0136e-05,40.526
0,101,64,0,5.80095e-05,40.5224
0,102,64,0,5.80095e-05,40.521
0,103,64,0,0.000100588,40.5223
0,104,64,0,5.96835e-05,40.5203
0,105,64,0,2.27998e-05,40.5202
0,106,64,0,7.75794e-05,40.5257
0,107,64,0,0.000199503,40.5338
0,108,64,0,0.000116019,40.532
0,109,64,0,3.21891e-05,40.5287
0,110,64,0,0.000201177,40.5343
0,111,64,0,0.000109141,40.5301
0,112,64,0,0.000121041,40.5274
0,113,64,0,3.7557e-05,40.5224
0,114,64,0,0.000129593,40.5229
0,115,64,0,9.42199e-05,40.5207
0,116,64,0,0.000141494,40.5176
0,117,64,0,4.0905e-05,40.5091
0,118,64,0,3.9231e-05,40.5046
0,119,64,0,4.0905e-05,40.5039
0,120,64,0,0.00013043,40.5081
0,121,64,0,0.000141493,40.5068
0,122,64,0,2.04525e-05,40.5003
0,123,64,0,3.9231e-05,40.4985
0,124,64,0,0.000117693,40.4983
0,125,64,0,0.00010168,40.4938
0,126,64,0,0.000121041,40.4887
0,127,64,0,2.04525e-05,40.4797
0,0,65,0,0.000208462,40.7183
0,1,65,0,1.87785e-05,40.7087
0,2,65,0,8.0136e-05,40.7064
0,3,65,0,9.89145e-05,40.7053
0,4,65,0,0.00022163,40.7067
0,5,65,0,0.000197829,40.6989
0,6,65,0,0.000121041,40.6856
0,7,65,0,6.64706e-05,40.6736
0,8,65,0,8.0136e-05,40.6662
0,9,65,0,0.000158598,40.6618
0,10,65,0,5.11312e-06,40.6507
0,11,65,0,8.0136e-05,40.6493
0,12,65,0,0.000152229,40.6505
0,13,65,0,0.00013638,40.6469
0,14,65,0,6.47966e-05,40.6392
0,15,65,0,5.80095e-05,40.6355
0,16,65,0,0.000138146,40.6345
0,17,65,0,0.000102262,40.6298
0,18,65,0,7.66969e-05,40.6263
0,19,65,0,0.000172355,40.6258
0,20,65,0,5.96835e-05,40.6193
0,21,65,0,0.000156924,40.6212
0,22,65,0,0.000160272,40.6201
0,23,65,0,0.000131267,40.6179
0,24,65,0,0.000136472,40.617
0,25,65,0,0.00015525,40.6143
0,26,65,0,8.181e-05,40.6083
0,27,65,0,8.48306e-05,40.6035
0,28,65,0,0.000113999,40.6006
0,29,65,0,0.000119367,40.5986
0,30,65,0,0.000138146,40.5971
0,31,65,0,0.000136472,40.5945
0,32,65,0,0.000141494,40.5908
0,33,65,0,1.87785e-05,40.583
0,34,65,0,3.28624e-05,40.5804
0,35,65,0,8.181e-05,40.5813
0,36,65,0,0.000119367,40.5823
0,37,65,0,7.54869e-05,40.5804
0,38,65,0,0.000105702,40.5795
0,39,65,0,6.13575e-05,40.5743
0,40,65,0,4.0905e-05,40.569
0,41,65,0,5.96835e-05,40.5672
0,42,65,0,3.9231e-05,40.5669
0,43,65,0,2.51471e-05,40.5681
0,44,65,0,0.000119367,40.5755
0,45,65,0,0.00013982,40.5794
0,46,65,0,0.000156833,40.5794
0,47,65,0,9.89145e-05,40.5756
0,48,65,0,0.000116019,40.5714
0,49,65,0,0.000119367,40.5668
0,50,65,0,6.73532e-05,40.5617
0,51,65,0,7.8462e-05,40.5606
0,52,65,0,0.000100588,40.562
0,53,65,0,0.000102262,40.5619
0,54,65,0,5.71269e-05,40.5608
0,55,65,0,9.55665e-05,40.5633
0,56,65,0,0.000158598,40.5661
0,57,65,0,9.29188e-05,40.5631
0,58,65,0,0.000131412,40.5633
0,59,65,0,3.7557e-05,40.5613
0,60,65,0,0.000104028,40.5658
0,61,65,0,0.000119367,40.5697
0,62,65,0,0.000115928,40.5696
0,63,65,0,0.000116019,40.5701
0,64,65,0,7.50229e-05,40.5702
0,65,65,0,0.000145187,40.5716
0,66,65,0,7.5168e-05,40.5681
0,67,65,0,0.000143167,40.5675
0,68,65,0,0.000117693,40.5658
0,69,65,0,8.0136e-05,40.5643
0,70,65,0,9.21274e-05,40.5651
0,71,65,0,8.0136e-05,40.5668
0,72,65,0,0.000121041,40.5716
0,73,65,0,0.000121041,40.5737
0,74,65,0,9.21274e-05,40.5739
0,75,65,0,0.000117693,40.5756
0,76,65,0,0.000128711,40.5756
0,77,65,0,0.000110815,40.5734
0,78,65,0,0.00015172,40.5723
0,79,65,0,5.80095e-05,40.5657
0,80,65,0,0,40.5604
0,81,65,0,8.181e-05,40.5626
0,82,65,0,0.000112998,40.5646
0,83,65,0,0.000128338,40.5657
0,84,65,0,0.000138146,40.5645
0,85,65,0,0.000197829,40.5634
0,86,65,0,8.181e-05,40.5564
0,87,65,0,4.34616e-05,40.5534
0,88,65,0,0.000109932,40.5536
0,89,65,0,8.181e-05,40.55
0,90,65,0,0.000100588,40.5481
0,91,65,0,0.000106584,40.545
0,92,65,0,1.53394e-05,40.5383
0,93,65,0,5.54529e-05,40.5361
0,94,65,0,0.000103609,40.5368
0,95,65,0,0.000114672,40.5366
0,96,65,0,0.000122806,40.5349
0,97,65,0,9.03622e-05,40.5318
0,98,65,0,5.96835e-05,40.5292
0,99,65,0,0.000158598,40.5312
0,100,65,0,0.00013982,40.5285
0,101,65,0,5.63355e-05,40.5224
0,102,65,0,5.49889e-05,40.5205
0,103,65,0,0.000116019,40.5222
0,104,65,0,5.80095e-05,40.5201
0,105,65,0,9.48932e-05,40.5218
0,106,65,0,6.39141e-05,40.5242
0,107,65,0,0.000121041,40.53
0,108,65,0,0.00013982,40.5314
0,109,65,0,8.55039e-05,40.5289
0,110,65,0,0.000110815,40.53
0,111,65,0,8.78057e-05,40.5275
0,112,65,0,9.89145e-05,40.5258
0,113,65,0,0.00013982,40.5243
0,114,65,0,4.77833e-05,40.5202
0,115,65,0,0.000178723,40.5219
0,116,65,0,8.181e-05,40.5154
0,117,65,0,0.000100588,40.5101
0,118,65,0,5.63355e-05,40.5047
0,119,65,0,3.9231e-05,40.5031
0,120,65,0,0.000150883,40.5075
0,121,65,0,5.96835e-05,40.5041
0,122,65,0,0.000134798,40.504
0,123,65,0,0.000160272,40.5027
0,124,65,0,0.000100588,40.4973
0,125,65,0,5.69177e-05,40.4904
0,126,65,0,2.64482e-05,40.4841
0,127,65,0,7.6788e-05,40.4798
0,0,66,0,6.69683e-05,40.7017
0,1,66,0,0,40.6945
0,2,66,0,0,40.6901
0,3,66,0,4.0905e-05,40.6878
0,4,66,0,0,40.6826
0,5,66,0,0,40.6755
0,6,66,0,0,40.6663
0,7,66,0,1.53394e-05,40.6579
0,8,66,0,0,40.6501
0,9,66,0,0,40.644
0,10,66,0,1.53394e-05,40.638
0,11,66,0,0,40.6337
0,12,66,0,0,40.6311
0,13,66,0,0,40.6276
0,14,66,0,1.53394e-05,40.6234
0,15,66,0,0,40.6191
0,16,66,0,0,40.6161
0,17,66,0,0,40.6127
0,18,66,0,5.11312e-06,40.6099
0,19,66,0,0,40.6074
0,20,66,0,0,40.6042
0,21,66,0,0,40.6031
0,22,66,0,0,40.6017
0,23,66,0,1.02263e-05,40.6002
0,24,66,0,0,40.5979
0,25,66,0,0,40.595
0,26,66,0,0,40.5911
0,27,66,0,0,40.5875
0,28,66,0,0,40.5846
0,29,66,0,0,40.5822
0,30,66,0,0,40.58
0,31,66,0,0,40.5773
0,32,66,0,0,40.574
0,33,66,0,0,40.57
0,34,66,0,4.69463e-06,40.5677
0,35,66,0,0,40.5666
0,36,66,0,0,40.5659
0,37,66,0,0,40.5646
0,38,66,0,1.53394e-05,40.5634
0,39,66,0,0,40.5599
0,40,66,0,0,40.5567
0,41,66,0,0,40.5551
0,42,66,0,0,40.5548
0,43,66,0,1.40839e-05,40.5563
0,44,66,0,0,40.5585
0,45,66,0,0,40.56
0,46,66,0,0,40.5598
0,47,66,0,0,40.5577
0,48,66,0,0,40.5549
0,49,66,0,0,40.5519
0,50,66,0,0,40.549
0,51,66,0,0,40.5477
0,52,66,0,0,40.5476
0,53,66,0,0,40.5474
0,54,66,0,0,40.5473
0,55,66,0,0,40.5483
0,56,66,0,0,40.5493
0,57,66,0,7.66969e-06,40.5491
0,58,66,0,5.11312e-06,40.549
0,59,66,0,0,40.5488
0,60,66,0,0,40.5506
0,61,66,0,0,40.5525
0,62,66,0,5.11312e-06,40.5534
0,63,66,0,0,40.5537
0,64,66,0,0,40.554
0,65,66,0,1.17366e-05,40.5545
0,66,66,0,0,40.5529
0,67,66,0,0,40.552
0,68,66,0,0,40.5511
0,69,66,0,0,40.5507
0,70,66,0,5.11312e-06,40.5513
0,71,66,0,0,40.5524
0,72,66,0,0,40.5545
0,73,66,0,0,40.5561
0,74,66,0,1.53394e-05,40.5573
0,75,66,0,0,40.5573
0,76,66,0,0,40.5568
0,77,66,0,0,40.5554
0,78,66,0,0,40.5537
0,79,66,0,0,40.5504
0,80,66,0,0,40.5478
0,81,66,0,0,40.5477
0,82,66,0,4.69463e-06,40.5482
0,83,66,0,4.69463e-06,40.548
0,84,66,0,0,40.5467
0,85,66,0,0,40.5448
0,86,66,0,0,40.5414
0,87,66,0,0,40.5388
0,88,66,0,0,40.5371
0,89,66,0,0,40.5346
0,90,66,0,0,40.5323
0,91,66,0,0,40.5294
0,92,66,0,0,40.5259
0,93,66,0,0,40.5237
0,94,66,0,0,40.5228
0,95,66,0,0,40.522
0,96,66,0,1.53394e-05,40.5211
0,97,66,0,1.02263e-05,40.519
0,98,66,0,0,40.5167
0,99,66,0,0,40.5158
0,100,66,0,0,40.5137
0,101,66,0,0,40.5109
0,102,66,0,4.69463e-06,40.5095
0,103,66,0,0,40.5091
0,104,66,0,0,40.5086
0,105,66,0,0,40.5093
0,106,66,0,0,40.5108
0,107,66,0,0,40.5131
0,108,66,0,0,40.514
0,109,66,0,0,40.5135
0,110,66,0,1.02263e-05,40.5136
0,111,66,0,2.55656e-06,40.5119
0,112,66,0,0,40.5101
0,113,66,0,0,40.5083
0,114,66,0,0,40.5059
0,115,66,0,0,40.5043
0,116,66,0,0,40.5007
0,117,66,0,0,40.497
0,118,66,0,0,40.4936
0,119,66,0,0,40.4919
0,120,66,0,0,40.4919
0,121,66,0,0,40.4904
0,122,66,0,0,40.489
0,123,66,0,0,40.487
0,124,66,0,0,40.4833
0,125,66,0,0,40.479
0,126,66,0,1.27828e-05,40.4752
0,127,66,0,0,40.4713
0,0,67,0,6.69683e-05,40.6879
0,1,67,0,0,40.6804
0,2,67,0,0,40.6744
0,3,67,0,0,40.6693
0,4,67,0,0,40.6634
0,5,67,0,0,40.6566
0,6,67,0,0,40.6491
0,7,67,0,0,40.6417
0,8,67,0,0,40.6349
0,9,67,0,0,40.6288
0,10,67,0,0,40.6234
0,11,67,0,0,40.6189
0,12,67,0,0,40.6151
0,13,67,0,0,40.6114
0,14,67,0,0,40.6076
0,15,67,0,0,40.6039
0,16,67,0,0,40.6006
0,17,67,0,0,40.5975
0,18,67,0,0,40.5946
0,19,67,0,0,40.592
0,20,67,0,0,40.5895
0,21,67,0,0,40.5876
0,22,67,0,0,40.5858
0,23,67,0,0,40.5839
0,24,67,0,0,40.5816
0,25,67,0,0,40.579
0,26,67,0,0,40.576
0,27,67,0,0,40.573
0,28,67,0,0,40.5703
0,29,67,0,0,40.5679
0,30,67,0,0,40.5655
0,31,67,0,0,40.563
0,32,67,0,0,40.5603
0,33,67,0,0,40.5575
0,34,67,0,0,40.5553
0,35,67,0,0,40.5538
0,36,67,0,0,40.5525
0,37,67,0,0,40.551
0,38,67,0,0,40.5494
0,39,67,0,0,40.5471
0,40,67,0,0,40.545
0,41,67,0,0,40.5437
0,42,67,0,0,40.5432
0,43,67,0,0,40.5436
0,44,67,0,0,40.5443
0,45,67,0,0,40.5447
0,46,67,0,0,40.5442
0,47,67,0,0,40.5429
0,48,67,0,0,40.541
0,49,67,0,0,40.5389
0,50,67,0,0,40.537
0,51,67,0,0,40.5359
0,52,67,0,0,40.5353
0,53,67,0,0,40.535
0,54,67,0,0,40.535
0,55,67,0,0,40.5354
0,56,67,0,0,40.5358
0,57,67,0,0,40.536
0,58,67,0,0,40.5361
0,59,67,0,0,40.5365
0,60,67,0,0,40.5374
0,61,67,0,0,40.5385
0,62,67,0,0,40.5392
0,63,67,0,0,40.5396
0,64,67,0,0,40.5398
0,65,67,0,0,40.5399
0,66,67,0,0,40.5393
0,67,67,0,0,40.5387
0,68,67,0,0,40.5382
0,69,67,0,0,40.5381
0,70,67,0,0,40.5385
0,71,67,0,0,40.5392
0,72,67,0,0,40.5403
0,73,67,0,0,40.5412
0,74,67,0,0,40.5418
0,75,67,0,0,40.5418
0,76,67,0,0,40.5413
0,77,67,0,0,40.5402
0,78,67,0,0,40.5387
0,79,67,0,0,40.5368
0,80,67,0,0,40.5351
0,81,67,0,0,40.5343
0,82,67,0,0,40.5338
0,83,67,0,0,40.533
0,84,67,0,0,40.5318
0,85,67,0,0,40.53
0,86,67,0,0,40.5277
0,87,67,0,0,40.5254
0,88,67,0,0,40.5234
0,89,67,0,0,40.5213
0,90,67,0,0,40.519
0,91,67,0,0,40.5166
0,92,67,0,0,40.5141
0,93,67,0,0,40.5122
0,94,67,0,0,40.5108
0,95,67,0,0,40.5096
0,96,67,0,0,40.5083
0,97,67,0,0,40.5066
0,98,67,0,0,40.5049
0,99,67,0,0,40.5035
0,100,67,0,0,40.5018
0,101,67,0,0,40.5001
0,102,67,0,0,40.4988
0,103,67,0,0,40.4981
0,104,67,0,0,40.4978
0,105,67,0,0,40.498
0,106,67,0,0,40.4987
0,107,67,0,0,40.4996
0,108,67,0,0,40.5
0,109,67,0,0,40.4997
0,110,67,0,0,40.4992
0,111,67,0,0,40.498
0,112,67,0,0,40.4965
0,113,67,0,0,40.4948
0,114,67,0,0,40.4928
0,115,67,0,0,40.4908
0,116,67,0,0,40.4881
0,117,67,0,0,40.4854
0,118,67,0,0,40.4829
0,119,67,0,0,40.4811
0,120,67,0,0,40.4799
0,121,67,0,0,40.4784
0,122,67,0,0,40.4768
0,123,67,0,0,40.4747
0,124,67,0,0,40.4719
0,125,67,0,0,40.4689
0,126,67,0,0,40.466
0,127,67,0,0,40.4635
0,0,68,0,6.69683e-05,40.6757
0,1,68,0,0,40.6676
0,2,68,0,0,40.6606
0,3,68,0,0,40.6542
0,4,68,0,0,40.6478
0,5,68,0,0,40.6411
0,6,68,0,0,40.6343
0,7,68,0,0,40.6275
0,8,68,0,0,40.6212
0,9,68,0,0,40.6154
0,10,68,0,0,40.6102
0,11,68,0,0,40.6056
0,12,68,0,0,40.6015
0,13,68,0,0,40.5977
0,14,68,0,0,40.594
0,15,68,0,0,40.5905
0,16,68,0,0,40.5872
0,17,68,0,0,40.5842
0,18,68,0,0,40.5814
0,19,68,0,0,40.5788
0,20,68,0,0,40.5764
0,21,68,0,0,40.5743
0,22,68,0,0,40.5723
0,23,68,0,0,40.5702
0,24,68,0,0,40.568
0,25,68,0,0,40.5656
0,26,68,0,0,40.5631
0,27,68,0,0,40.5605
0,28,68,0,0,40.558
0,29,68,0,0,40.5557
0,30,68,0,0,40.5534
0,31,68,0,0,40.5511
0,32,68,0,0,40.5488
0,33,68,0,0,40.5465
0,34,68,0,0,40.5445
0,35,68,0,0,40.5428
0,36,68,0,0,40.5412
0,37,68,0,0,40.5397
0,38,68,0,0,40.5381
0,39,68,0,0,40.5363
0,40,68,0,0,40.5347
0,41,68,0,0,40.5335
0,42,68,0,0,40.5328
0,43,68,0,0,40.5326
0,44,68,0,0,40.5325
0,45,68,0,0,40.5323
0,46,68,0,0,40.5317
0,47,68,0,0,40.5306
0,48,68,0,0,40.5293
0,49,68,0,0,40.5278
0,50,68,0,0,40.5264
0,51,68,0,0,40.5254
0,52,68,0,0,40.5248
0,53,68,0,0,40.5245
0,54,68,0,0,40.5244
0,55,68,0,0,40.5245
0,56,68,0,0,40.5248
0,57,68,0,0,40.525
0,58,68,0,0,40.5252
0,59,68,0,0,40.5256
0,60,68,0,0,40.5262
0,61,68,0,0,40.5269
0,62,68,0,0,40.5274
0,63,68,0,0,40.5278
0,64,68,0,0,40.528
0,65,68,0,0,40.528
0,66,68,0,0,40.5277
0,67,68,0,0,40.5274
0,68,68,0,0,40.5272
0,69,68,0,0,40.5271
0,70,68,0,0,40.5273
0,71,68,0,0,40.5278
0,72,68,0,0,40.5283
0,73,68,0,0,40.5288
0,74,68,0,0,40.529
0,75,68,0,0,40.5289
0,76,68,0,0,40.5284
0,77,68,0,0,40.5275
0,78,68,0,0,40.5263
0,79,68,0,0,40.5249
0,80,68,0,0,40.5236
0,81,68,0,0,40.5226
0,82,68,0,0,40.5217
0,83,68,0,0,40.5207
0,84,68,0,0,40.5194
0,85,68,0,0,40.5178
0,86,68,0,0,40.5159
0,87,68,0,0,40.514
0,88,68,0,0,40.512
0,89,68,0,0,40.51
0,90,68,0,0,40.508
0,91,68,0,0,40.5059
0,92,68,0,0,40.5039
0,93,68,0,0,40.5021
0,94,68,0,0,40.5006
0,95,68,0,0,40.4992
0,96,68,0,0,40.4978
0,97,68,0,0,40.4963
0,98,68,0,0,40.4948
0,99,68,0,0,40.4934
0,100,68,0,0,40.492
0,101,68,0,0,40.4906
0,102,68,0,0,40.4895
0,103,68,0,0,40.4888
0,104,68,0,0,40.4884
0,105,68,0,0,40.4883
0,106,68,0,0,40.4884
0,107,68,0,0,40.4886
0,108,68,0,0,40.4886
0,109,68,0,0,40.4882
0,110,68,0,0,40.4875
0,111,68,0,0,40.4864
0,112,68,0,0,40.4851
0,113,68,0,0,40.4835
0,114,68,0,0,40.4817
0,115,68,0,0,40.4798
0,116,68,0,0,40.4776
0,117,68,0,0,40.4754
0,118,68,0,0,40.4733
0,119,68,0,0,40.4715
0,120,68,0,0,40.47
0,121,68,0,0,40.4685
0,122,68,0,0,40.4668
0,123,68,0,0,40.4649
0,124,68,0,0,40.4627
0,125,68,0,0,40.4605
0,126,68,0,0,40.4584
0,127,68,0,0,40.4567
0,0,69,0,6.69683e-05,40.6649
0,1,69,0,0,40.6563
0,2,69,0,0,40.6487
0,3,69,0,0,40.6416
0,4,69,0,0,40.6349
0,5,69,0,0,40.6282
0,6,69,0,0,40.6217
0,7,69,0,0,40.6154
0,8,69,0,0,40.6094
0,9,69,0,0,40.6038
0,10,69,0,0,40.5987
0,11,69,0,0,40.5941
0,12,69,0,0,40.59
0,13,69,0,0,40.5861
0,14,69,0,0,40.5825
0,15,69,0,0,40.579
0,16,69,0,0,40.5759
0,17,69,0,0,40.5729
0,18,69,0,0,40.5702
0,19,69,0,0,40.5676
0,20,69,0,0,40.5653
0,21,69,0,0,40.5631
0,22,69,0,0,40.561
0,23,69,0,0,40.5589
0,24,69,0,0,40.5568
0,25,69,0,0,40.5545
0,26,69,0,0,40.5523
0,27,69,0,0,40.55
0,28,69,0,0,40.5477
0,29,69,0,0,40.5456
0,30,69,0,0,40.5434
0,31,69,0,0,40.5413
0,32,69,0,0,40.5392
0,33,69,0,0,40.5372
0,34,69,0,0,40.5353
0,35,69,0,0,40.5336
0,36,69,0,0,40.5321
0,37,69,0,0,40.5305
0,38,69,0,0,40.529
0,39,69,0,0,40.5274
0,40,69,0,0,40.526
0,41,69,0,0,40.5249
0,42,69,0,0,40.524
0,43,69,0,0,40.5234
0,44,69,0,0,40.523
0,45,69,0,0,40.5224
0,46,69,0,0,40.5217
0,47,69,0,0,40.5208
0,48,69,0,0,40.5197
0,49,69,0,0,40.5185
0,50,69,0,0,40.5175
0,51,69,0,0,40.5166
0,52,69,0,0,40.5161
0,53,69,0,0,40.5157
0,54,69,0,0,40.5155
0,55,69,0,0,40.5156
0,56,69,0,0,40.5157
0,57,69,0,0,40.5159
0,58,69,0,0,40.5162
0,59,69,0,0,40.5165
0,60,69,0,0,40.517
0,61,69,0,0,40.5174
0,62,69,0,0,40.5179
0,63,69,0,0,40.5182
0,64,69,0,0,40.5183
0,65,69,0,0,40.5183
0,66,69,0,0,40.5182
0,67,69,0,0,40.5181
0,68,69,0,0,40.518
0,69,69,0,0,40.5179
0,70,69,0,0,40.518
0,71,69,0,0,40.5182
0,72,69,0,0,40.5185
0,73,69,0,0,40.5186
0,74,69,0,0,40.5186
0,75,69,0,0,40.5184
0,76,69,0,0,40.5179
0,77,69,0,0,40.5171
0,78,69,0,0,40.5161
0,79,69,0,0,40.515
0,80,69,0,0,40.5139
0,81,69,0,0,40.5128
0,82,69,0,0,40.5118
0,83,69,0,0,40.5107
0,84,69,0,0,40.5093
0,85,69,0,0,40.5079
0,86,69,0,0,40.5062
0,87,69,0,0,40.5044
0,88,69,0,0,40.5027
0,89,69,0,0,40.5008
0,90,69,0,0,40.499
0,91,69,0,0,40.4971
0,92,69,0,0,40.4953
0,93,69,0,0,40.4937
0,94,69,0,0,40.4921
0,95,69,0,0,40.4907
0,96,69,0,0,40.4893
0,97,69,0,0,40.4879
0,98,69,0,0,40.4865
0,99,69,0,0,40.4852
0,100,69,0,0,40.4839
0,101,69,0,0,40.4827
0,102,69,0,0,40.4818
0,103,69,0,0,40.481
0,104,69,0,0,40.4805
0,105,69,0,0,40.4801
0,106,69,0,0,40.4799
0,107,69,0,0,40.4797
0,108,69,0,0,40.4794
0,109,69,0,0,40.4789
0,110,69,0,0,40.4781
0,111,69,0,0,40.477
0,112,69,0,0,40.4758
0,113,69,0,0,40.4743
0,114,69,0,0,40.4726
0,115,69,0,0,40.4709
0,116,69,0,0,40.469
0,117,69,0,0,40.4671
0,118,69,0,0,40.4652
0,119,69,0,0,40.4635
0,120,69,0,0,40.462
0,121,69,0,0,40.4604
0,122,69,0,0,40.4588
0,123,69,0,0,40.4571
0,124,69,0,0,40.4553
0,125,69,0,0,40.4536
0,126,69,0,0,40.452
0,127,69,0,0,40.4508
0,0,70,0,6.69683e-05,40.6555
0,1,70,0,0,40.6467
0,2,70,0,0,40.6387
0,3,70,0,0,40.6313
0,4,70,0,0,40.6244
0,5,70,0,0,40.6177
0,6,70,0,0,40.6113
0,7,70,0,0,40.6052
0,8,70,0,0,40.5994
0,9,70,0,0,40.594
0,10,70,0,0,40.589
0,11,70,0,0,40.5845
0,12,70,0,0,40.5803
0,13,70,0,0,40.5765
0,14,70,0,0,40.5729
0,15,70,0,0,40.5695
0,16,70,0,0,40.5664
0,17,70,0,0,40.5635
0,18,70,0,0,40.5608
0,19,70,0,0,40.5583
0,20,70,0,0,40.556
0,21,70,0,0,40.5538
0,22,70,0,0,40.5517
0,23,70,0,0,40.5497
0,24,70,0,0,40.5477
0,25,70,0,0,40.5456
0,26,70,0,0,40.5435
0,27,70,0,0,40.5415
0,28,70,0,0,40.5394
0,29,70,0,0,40.5374
0,30,70,0,0,40.5355
0,31,70,0,0,40.5336
0,32,70,0,0,40.5317
0,33,70,0,0,40.5298
0,34,70,0,0,40.528
0,35,70,0,0,40.5264
0,36,70,0,0,40.5248
0,37,70,0,0,40.5233
0,38,70,0,0,40.5218
0,39,70,0,0,40.5204
0,40,70,0,0,40.5191
0,41,70,0,0,40.5179
0,42,70,0,0,40.517
0,43,70,0,0,40.5161
0,44,70,0,0,40.5154
0,45,70,0,0,40.5147
0,46,70,0,0,40.5139
0,47,70,0,0,40.513
0,48,70,0,0,40.512
0,49,70,0,0,40.5111
0,50,70,0,0,40.5102
0,51,70,0,0,40.5095
0,52,70,0,0,40.509
0,53,70,0,0,40.5086
0,54,70,0,0,40.5085
0,55,70,0,0,40.5084
0,56,70,0,0,40.5085
0,57,70,0,0,40.5087
0,58,70,0,0,40.509
0,59,70,0,0,40.5093
0,60,70,0,0,40.5097
0,61,70,0,0,40.51
0,62,70,0,0,40.5104
0,63,70,0,0,40.5106
0,64,70,0,0,40.5108
0,65,70,0,0,40.5108
0,66,70,0,0,40.5108
0,67,70,0,0,40.5107
0,68,70,0,0,40.5106
0,69,70,0,0,40.5106
0,70,70,0,0,40.5106
0,71,70,0,0,40.5106
0,72,70,0,0,40.5107
0,73,70,0,0,40.5106
0,74,70,0,0,40.5105
0,75,70,0,0,40.5102
0,76,70,0,0,40.5097
0,77,70,0,0,40.509
0,78,70,0,0,40.5081
0,79,70,0,0,40.5071
0,80,70,0,0,40.5061
0,81,70,0,0,40.505
0,82,70,0,0,40.5039
0,83,70,0,0,40.5027
0,84,70,0,0,40.5014
0,85,70,0,0,40.5
0,86,70,0,0,40.4985
0,87,70,0,0,40.4969
0,88,70,0,0,40.4953
0,89,70,0,0,40.4936
0,90,70,0,0,40.4919
0,91,70,0,0,40.4902
0,92,70,0,0,40.4885
0,93,70,0,0,40.487
0,94,70,0,0,40.4855
0,95,70,0,0,40.484
0,96,70,0,0,40.4827
0,97,70,0,0,40.4813
0,98,70,0,0,40.48
0,99,70,0,0,40.4788
0,100,70,0,0,40.4776
0,101,70,0,0,40.4765
0,102,70,0,0,40.4756
0,103,70,0,0,40.4748
0,104,70,0,0,40.4742
0,105,70,0,0,40.4737
0,106,70,0,0,40.4732
0,107,70,0,0,40.4728
0,108,70,0,0,40.4723
0,109,70,0,0,40.4716
0,110,70,0,0,40.4707
0,111,70,0,0,40.4697
0,112,70,0,0,40.4684
0,113,70,0,0,40.467
0,114,70,0,0,40.4655
0,115,70,0,0,40.4639
0,116,70,0,0,40.4622
0,117,70,0,0,40.4605
0,118,70,0,0,40.4588
0,119,70,0,0,40.4572
0,120,70,0,0,40.4556
0,121,70,0,0,40.4541
0,122,70,0,0,40.4526
0,123,70,0,0,40.4511
0,124,70,0,0,40.4496
0,125,70,0,0,40.4482
0,126,70,0,0,40.447
0,127,70,0,0,40.4461
0,0,71,0,6.69683e-05,40.6478
0,1,71,0,0,40.6388
0,2,71,0,0,40.6305
0,3,71,0,0,40.623
0,4,71,0,0,40.6159
0,5,71,0,0,40.6092
0,6,71,0,0,40.6029
0,7,71,0,0,40.5969
0,8,71,0,0,40.5913
0,9,71,0,0,40.586
0,10,71,0,0,40.5811
0,11,71,0,0,40.5766
0,12,71,0,0,40.5725
0,13,71,0,0,40.5687
0,14,71,0,0,40.5651
0,15,71,0,0,40.5619
0,16,71,0,0,40.5588
0,17,71,0,0,40.556
0,18,71,0,0,40.5534
0,19,71,0,0,40.551
0,20,71,0,0,40.5487
0,21,71,0,0,40.5466
0,22,71,0,0,40.5445
0,23,71,0,0,40.5425
0,24,71,0,0,40.5406
0,25,71,0,0,40.5387
0,26,71,0,0,40.5368
0,27,71,0,0,40.5349
0,28,71,0,0,40.5331
0,29,71,0,0,40.5313
0,30,71,0,0,40.5295
0,31,71,0,0,40.5277
0,32,71,0,0,40.526
0,33,71,0,0,40.5243
0,34,71,0,0,40.5226
0,35,71,0,0,40.521
0,36,71,0,0,40.5195
0,37,71,0,0,40.518
0,38,71,0,0,40.5166
0,39,71,0,0,40.5152
0,40,71,0,0,40.5139
0,41,71,0,0,40.5127
0,42,71,0,0,40.5116
0,43,71,0,0,40.5107
0,44,71,0,0,40.5098
0,45,71,0,0,40.5089
0,46,71,0,0,40.5081
0,47,71,0,0,40.5072
0,48,71,0,0,40.5063
0,49,71,0,0,40.5055
0,50,71,0,0,40.5048
0,51,71,0,0,40.5041
0,52,71,0,0,40.5037
0,53,71,0,0,40.5033
0,54,71,0,0,40.5031
0,55,71,0,0,40.5031
0,56,71,0,0,40.5032
0,57,71,0,0,40.5034
0,58,71,0,0,40.5036
0,59,71,0,0,40.5039
0,60,71,0,0,40.5043
0,61,71,0,0,40.5046
0,62,71,0,0,40.5049
0,63,71,0,0,40.5051
0,64,71,0,0,40.5053
0,65,71,0,0,40.5053
0,66,71,0,0,40.5053
0,67,71,0,0,40.5053
0,68,71,0,0,40.5052
0,69,71,0,0,40.5051
0,70,71,0,0,40.505
0,71,71,0,0,40.505
0,72,71,0,0,40.5049
0,73,71,0,0,40.5047
0,74,71,0,0,40.5045
0,75,71,0,0,40.5041
0,76,71,0,0,40.5036
0,77,71,0,0,40.5029
0,78,71,0,0,40.5021
0,79,71,0,0,40.5012
0,80,71,0,0,40.5002
0,81,71,0,0,40.4991
0,82,71,0,0,40.498
0,83,71,0,0,40.4968
0,84,71,0,0,40.4956
0,85,71,0,0,40.4942
0,86,71,0,0,40.4928
0,87,71,0,0,40.4913
0,88,71,0,0,40.4897
0,89,71,0,0,40.4882
0,90,71,0,0,40.4866
0,91,71,0,0,40.485
0,92,71,0,0,40.4835
0,93,71,0,0,40.482
0,94,71,0,0,40.4805
0,95,71,0,0,40.4791
0,96,71,0,0,40.4778
0,97,71,0,0,40.4765
0,98,71,0,0,40.4752
0,99,71,0,0,40.4741
0,100,71,0,0,40.473
0,101,71,0,0,40.4719
0,102,71,0,0,40.471
0,103,71,0,0,40.4702
0,104,71,0,0,40.4695
0,105,71,0,0,40.4689
0,106,71,0,0,40.4683
0,107,71,0,0,40.4677
0,108,71,0,0,40.4671
0,109,71,0,0,40.4663
0,110,71,0,0,40.4653
0,111,71,0,0,40.4642
0,112,71,0,0,40.463
0,113,71,0,0,40.4617
0,114,71,0,0,40.4602
0,115,71,0,0,40.4587
0,116,71,0,0,40.4571
0,117,71,0,0,40.4555
0,118,71,0,0,40.454
0,119,71,0,0,40.4524
0,120,71,0,0,40.451
0,121,71,0,0,40.4496
0,122,71,0,0,40.4482
0,123,71,0,0,40.4468
0,124,71,0,0,40.4455
0,125,71,0,0,40.4443
0,126,71,0,0,40.4433
0,127,71,0,0,40.4426
0,0,72,0,6.69683e-05,40.6416
0,1,72,0,0,40.6325
0,2,72,0,0,40.6242
0,3,72,0,0,40.6165
0,4,72,0,0,40.6094
0,5,72,0,0,40.6027
0,6,72,0,0,40.5964
0,7,72,0,0,40.5905
0,8,72,0,0,40.5849
0,9,72,0,0,40.5798
0,10,72,0,0,40.575
0,11,72,0,0,40.5705
0,12,72,0,0,40.5665
0,13,72,0,0,40.5627
0,14,72,0,0,40.5592
0,15,72,0,0,40.556
0,16,72,0,0,40.5531
0,17,72,0,0,40.5504
0,18,72,0,0,40.5478
0,19,72,0,0,40.5455
0,20,72,0,0,40.5433
0,21,72,0,0,40.5412
0,22,72,0,0,40.5392
0,23,72,0,0,40.5373
0,24,72,0,0,40.5355
0,25,72,0,0,40.5337
0,26,72,0,0,40.532
0,27,72,0,0,40.5303
0,28,72,0,0,40.5287
0,29,72,0,0,40.5271
0,30,72,0,0,40.5255
0,31,72,0,0,40.5238
0,32,72,0,0,40.5222
0,33,72,0,0,40.5206
0,34,72,0,0,40.5191
0,35,72,0,0,40.5175
0,36,72,0,0,40.516
0,37,72,0,0,40.5145
0,38,72,0,0,40.5131
0,39,72,0,0,40.5118
0,40,72,0,0,40.5105
0,41,72,0,0,40.5092
0,42,72,0,0,40.5081
0,43,72,0,0,40.507
0,44,72,0,0,40.506
0,45,72,0,0,40.5051
0,46,72,0,0,40.5042
0,47,72,0,0,40.5033
0,48,72,0,0,40.5025
0,49,72,0,0,40.5017
0,50,72,0,0,40.501
0,51,72,0,0,40.5005
0,52,72,0,0,40.5
0,53,72,0,0,40.4997
0,54,72,0,0,40.4995
0,55,72,0,0,40.4995
0,56,72,0,0,40.4996
0,57,72,0,0,40.4998
0,58,72,0,0,40.5001
0,59,72,0,0,40.5004
0,60,72,0,0,40.5008
0,61,72,0,0,40.5011
0,62,72,0,0,40.5014
0,63,72,0,0,40.5016
0,64,72,0,0,40.5018
0,65,72,0,0,40.5018
0,66,72,0,0,40.5018
0,67,72,0,0,40.5017
0,68,72,0,0,40.5016
0,69,72,0,0,40.5015
0,70,72,0,0,40.5014
0,71,72,0,0,40.5012
0,72,72,0,0,40.501
0,73,72,0,0,40.5008
0,74,72,0,0,40.5005
0,75,72,0,0,40.5
0,76,72,0,0,40.4995
0,77,72,0,0,40.4989
0,78,72,0,0,40.4981
0,79,72,0,0,40.4972
0,80,72,0,0,40.4963
0,81,72,0,0,40.4952
0,82,72,0,0,40.4941
0,83,72,0,0,40.4929
0,84,72,0,0,40.4916
0,85,72,0,0,40.4903
0,86,72,0,0,40.4889
0,87,72,0,0,40.4875
0,88,72,0,0,40.4861
0,89,72,0,0,40.4846
0,90,72,0,0,40.4832
0,91,72,0,0,40.4817
0,92,72,0,0,40.4802
0,93,72,0,0,40.4788
0,94,72,0,0,40.4774
0,95,72,0,0,40.476
0,96,72,0,0,40.4747
0,97,72,0,0,40.4734
0,98,72,0,0,40.4722
0,99,72,0,0,40.471
0,100,72,0,0,40.47
0,101,72,0,0,40.469
0,102,72,0,0,40.4681
0,103,72,0,0,40.4673
0,104,72,0,0,40.4666
0,105,72,0,0,40.4659
0,106,72,0,0,40.4652
0,107,72,0,0,40.4645
0,108,72,0,0,40.4637
0,109,72,0,0,40.4628
0,110,72,0,0,40.4618
0,111,72,0,0,40.4607
0,112,72,0,0,40.4595
0,113,72,0,0,40.4581
0,114,72,0,0,40.4567
0,115,72,0,0,40.4552
0,116,72,0,0,40.4537
0,117,72,0,0,40.4523
0,118,72,0,0,40.4508
0,119,72,0,0,40.4493
0,120,72,0,0,40.448
0,121,72,0,0,40.4466
0,122,72,0,0,40.4453
0,123,72,0,0,40.4441
0,124,72,0,0,40.4429
0,125,72,0,0,40.4419
0,126,72,0,0,40.441
0,127,72,0,0,40.4404
0,0,73,0,6.69683e-05,40.6371
0,1,73,0,0,40.6279
0,2,73,0,0,40.6196
0,3,73,0,0,40.6119
0,4,73,0,0,40.6047
0,5,73,0,0,40.5981
0,6,73,0,0,40.5918
0,7,73,0,0,40.5859
0,8,73,0,0,40.5804
0,9,73,0,0,40.5753
0,10,73,0,0,40.5706
0,11,73,0,0,40.5662
0,12,73,0,0,40.5622
0,13,73,0,0,40.5585
0,14,73,0,0,40.5551
0,15,73,0,0,40.552
0,16,73,0,0,40.5492
0,17,73,0,0,40.5465
0,18,73,0,0,40.5441
0,19,73,0,0,40.5418
0,20,73,0,0,40.5397
0,21,73,0,0,40.5377
0,22,73,0,0,40.5358
0,23,73,0,0,40.5341
0,24,73,0,0,40.5323
0,25,73,0,0,40.5307
0,26,73,0,0,40.5292
0,27,73,0,0,40.5277
0,28,73,0,0,40.5262
0,29,73,0,0,40.5248
0,30,73,0,0,40.5233
0,31,73,0,0,40.5219
0,32,73,0,0,40.5204
0,33,73,0,0,40.5189
0,34,73,0,0,40.5174
0,35,73,0,0,40.5159
0,36,73,0,0,40.5144
0,37,73,0,0,40.5129
0,38,73,0,0,40.5115
0,39,73,0,0,40.5102
0,40,73,0,0,40.5089
0,41,73,0,0,40.5076
0,42,73,0,0,40.5064
0,43,73,0,0,40.5052
0,44,73,0,0,40.5041
0,45,73,0,0,40.503
0,46,73,0,0,40.5021
0,47,73,0,0,40.5012
0,48,73,0,0,40.5004
0,49,73,0,0,40.4997
0,50,73,0,0,40.4991
0,51,73,0,0,40.4985
0,52,73,0,0,40.4981
0,53,73,0,0,40.4978
0,54,73,0,0,40.4977
0,55,73,0,0,40.4976
0,56,73,0,0,40.4978
0,57,73,0,0,40.498
0,58,73,0,0,40.4983
0,59,73,0,0,40.4987
0,60,73,0,0,40.4991
0,61,73,0,0,40.4995
0,62,73,0,0,40.4998
0,63,73,0,0,40.5
0,64,73,0,0,40.5002
0,65,73,0,0,40.5002
0,66,73,0,0,40.5002
0,67,73,0,0,40.5001
0,68,73,0,0,40.5
0,69,73,0,0,40.4998
0,70,73,0,0,40.4996
0,71,73,0,0,40.4994
0,72,73,0,0,40.4991
0,73,73,0,0,40.4988
0,74,73,0,0,40.4984
0,75,73,0,0,40.498
0,76,73,0,0,40.4974
0,77,73,0,0,40.4968
0,78,73,0,0,40.4961
0,79,73,0,0,40.4952
0,80,73,0,0,40.4943
0,81,73,0,0,40.4932
0,82,73,0,0,40.4921
0,83,73,0,0,40.4909
0,84,73,0,0,40.4896
0,85,73,0,0,40.4883
0,86,73,0,0,40.487
0,87,73,0,0,40.4856
0,88,73,0,0,40.4843
0,89,73,0,0,40.4829
0,90,73,0,0,40.4815
0,91,73,0,0,40.4801
0,92,73,0,0,40.4787
0,93,73,0,0,40.4773
0,94,73,0,0,40.4759
0,95,73,0,0,40.4746
0,96,73,0,0,40.4733
0,97,73,0,0,40.472
0,98,73,0,0,40.4708
0,99,73,0,0,40.4697
0,100,73,0,0,40.4687
0,101,73,0,0,40.4677
0,102,73,0,0,40.4669
0,103,73,0,0,40.4661
0,104,73,0,0,40.4653
0,105,73,0,0,40.4646
0,106,73,0,0,40.4639
0,107,73,0,0,40.4631
0,108,73,0,0,40.4622
0,109,73,0,0,40.4612
0,110,73,0,0,40.4601
0,111,73,0,0,40.459
0,112,73,0,0,40.4577
0,113,73,0,0,40.4564
0,114,73,0,0,40.455
0,115,73,0,0,40.4535
0,116,73,0,0,40.4521
0,117,73,0,0,40.4506
0,118,73,0,0,40.4492
0,119,73,0,0,40.4479
0,120,73,0,0,40.4466
0,121,73,0,0,40.4453
0,122,73,0,0,40.4441
0,123,73,0,0,40.4429
0,124,73,0,0,40.4418
0,125,73,0,0,40.4409
0,126,73,0,0,40.4401
0,127,73,0,0,40.4395
0,0,74,0,6.69683e-05,40.6342
0,1,74,0,0,40.625
0,2,74,0,0,40.6167
0,3,74,0,0,40.609
0,4,74,0,0,40.6019
0,5,74,0,0,40.5952
0,6,74,0,0,40.589
0,7,74,0,0,40.5832
0,8,74,0,0,40.5777
0,9,74,0,0,40.5726
0,10,74,0,0,40.5679
0,11,74,0,0,40.5636
0,12,74,0,0,40.5597
0,13,74,0,0,40.5561
0,14,74,0,0,40.5528
0,15,74,0,0,40.5498
0,16,74,0,0,40.547
0,17,74,0,0,40.5445
0,18,74,0,0,40.5422
0,19,74,0,0,40.54
0,20,74,0,0,40.538
0,21,74,0,0,40.5361
0,22,74,0,0,40.5343
0,23,74,0,0,40.5327
0,24,74,0,0,40.5311
0,25,74,0,0,40.5296
0,26,74,0,0,40.5282
0,27,74,0,0,40.5269
0,28,74,0,0,40.5256
0,29,74,0,0,40.5244
0,30,74,0,0,40.5232
0,31,74,0,0,40.5219
0,32,74,0,0,40.5205
0,33,74,0,0,40.5191
0,34,74,0,0,40.5176
0,35,74,0,0,40.5161
0,36,74,0,0,40.5146
0,37,74,0,0,40.5132
0,38,74,0,0,40.5118
0,39,74,0,0,40.5104
0,40,74,0,0,40.5091
0,41,74,0,0,40.5078
0,42,74,0,0,40.5064
0,43,74,0,0,40.5051
0,44,74,0,0,40.5039
0,45,74,0,0,40.5028
0,46,74,0,0,40.5018
0,47,74,0,0,40.5009
0,48,74,0,0,40.5001
0,49,74,0,0,40.4994
0,50,74,0,0,40.4988
0,51,74,0,0,40.4983
0,52,74,0,0,40.4979
0,53,74,0,0,40.4976
0,54,74,0,0,40.4975
0,55,74,0,0,40.4975
0,56,74,0,0,40.4976
0,57,74,0,0,40.498
0,58,74,0,0,40.4984
0,59,74,0,0,40.4989
0,60,74,0,0,40.4994
0,61,74,0,0,40.4998
0,62,74,0,0,40.5002
0,63,74,0,0,40.5004
0,64,74,0,0,40.5006
0,65,74,0,0,40.5006
0,66,74,0,0,40.5005
0,67,74,0,0,40.5004
0,68,74,0,0,40.5002
0,69,74,0,0,40.5
0,70,74,0,0,40.4997
0,71,74,0,0,40.4994
0,72,74,0,0,40.4991
0,73,74,0,0,40.4987
0,74,74,0,0,40.4983
0,75,74,0,0,40.4978
0,76,74,0,0,40.4973
0,77,74,0,0,40.4967
0,78,74,0,0,40.496
0,79,74,0,0,40.4952
0,80,74,0,0,40.4942
0,81,74,0,0,40.4931
0,82,74,0,0,40.492
0,83,74,0,0,40.4907
0,84,74,0,0,40.4894
0,85,74,0,0,40.4881
0,86,74,0,0,40.4868
0,87,74,0,0,40.4855
0,88,74,0,0,40.4843
0,89,74,0,0,40.483
0,90,74,0,0,40.4817
0,91,74,0,0,40.4803
0,92,74,0,0,40.479
0,93,74,0,0,40.4776
0,94,74,0,0,40.4762
0,95,74,0,0,40.4749
0,96,74,0,0,40.4736
0,97,74,0,0,40.4723
0,98,74,0,0,40.4711
0,99,74,0,0,40.47
0,100,74,0,0,40.469
0,101,74,0,0,40.4681
0,102,74,0,0,40.4673
0,103,74,0,0,40.4665
0,104,74,0,0,40.4658
0,105,74,0,0,40.4651
0,106,74,0,0,40.4643
0,107,74,0,0,40.4634
0,108,74,0,0,40.4625
0,109,74,0,0,40.4615
0,110,74,0,0,40.4603
0,111,74,0,0,40.459
0,112,74,0,0,40.4577
0,113,74,0,0,40.4563
0,114,74,0,0,40.4549
0,115,74,0,0,40.4535
0,116,74,0,0,40.4521
0,117,74,0,0,40.4507
0,118,74,0,0,40.4493
0,119,74,0,0,40.448
0,120,74,0,0,40.4467
0,121,74,0,0,40.4455
0,122,74,0,0,40.4444
0,123,74,0,0,40.4433
0,124,74,0,0,40.4423
0,125,74,0,0,40.4414
0,126,74,0,0,40.4406
0,127,74,0,0,40.44
0,0,75,0,6.69683e-05,40.6328
0,1,75,0,0,40.6238
0,2,75,0,0,40.6155
0,3,75,0,0,40.6079
0,4,75,0,0,40.6009
0,5,75,0,0,40.5943
0,6,75,0,0,40.5881
0,7,75,0,0,40.5822
0,8,75,0,0,40.5767
0,9,75,0,0,40.5716
0,10,75,0,0,40.5669
0,11,75,0,0,40.5627
0,12,75,0,0,40.5588
0,13,75,0,0,40.5554
0,14,75,0,0,40.5522
0,15,75,0,0,40.5493
0,16,75,0,0,40.5467
0,17,75,0,0,40.5442
0,18,75,0,0,40.5421
0,19,75,0,0,40.54
0,20,75,0,0,40.5382
0,21,75,0,0,40.5364
0,22,75,0,0,40.5347
0,23,75,0,0,40.5331
0,24,75,0,0,40.5316
0,25,75,0,0,40.5303
0,26,75,0,0,40.5291
0,27,75,0,0,40.528
0,28,75,0,0,40.527
0,29,75,0,0,40.526
0,30,75,0,0,40.525
0,31,75,0,0,40.5239
0,32,75,0,0,40.5226
0,33,75,0,0,40.5212
0,34,75,0,0,40.5198
0,35,75,0,0,40.5182
0,36,75,0,0,40.5168
0,37,75,0,0,40.5153
0,38,75,0,0,40.5139
0,39,75,0,0,40.5126
0,40,75,0,0,40.5112
0,41,75,0,0,40.5098
0,42,75,0,0,40.5084
0,43,75,0,0,40.5069
0,44,75,0,0,40.5055
0,45,75,0,0,40.5043
0,46,75,0,0,40.5032
0,47,75,0,0,40.5022
0,48,75,0,0,40.5015
0,49,75,0,0,40.5009
0,50,75,0,0,40.5004
0,51,75,0,0,40.4999
0,52,75,0,0,40.4995
0,53,75,0,0,40.4992
0,54,75,0,0,40.499
0,55,75,0,0,40.499
0,56,75,0,0,40.4992
0,57,75,0,0,40.4996
0,58,75,0,0,40.5002
0,59,75,0,0,40.5009
0,60,75,0,0,40.5016
0,61,75,0,0,40.5021
0,62,75,0,0,40.5026
0,63,75,0,0,40.5028
0,64,75,0,0,40.5029
0,65,75,0,0,40.5029
0,66,75,0,0,40.5028
0,67,75,0,0,40.5026
0,68,75,0,0,40.5023
0,69,75,0,0,40.5021
0,70,75,0,0,40.5018
0,71,75,0,0,40.5014
0,72,75,0,0,40.501
0,73,75,0,0,40.5006
0,74,75,0,0,40.5001
0,75,75,0,0,40.4997
0,76,75,0,0,40.4991
0,77,75,0,0,40.4986
0,78,75,0,0,40.4979
0,79,75,0,0,40.4971
0,80,75,0,0,40.4962
0,81,75,0,0,40.495
0,82,75,0,0,40.4938
0,83,75,0,0,40.4924
0,84,75,0,0,40.4911
0,85,75,0,0,40.4898
0,86,75,0,0,40.4885
0,87,75,0,0,40.4873
0,88,75,0,0,40.4861
0,89,75,0,0,40.4849
0,90,75,0,0,40.4837
0,91,75,0,0,40.4824
0,92,75,0,0,40.481
0,93,75,0,0,40.4796
0,94,75,0,0,40.4783
0,95,75,0,0,40.4769
0,96,75,0,0,40.4756
0,97,75,0,0,40.4743
0,98,75,0,0,40.4731
0,99,75,0,0,40.472
0,100,75,0,0,40.471
0,101,75,0,0,40.4701
0,102,75,0,0,40.4694
0,103,75,0,0,40.4687
0,104,75,0,0,40.468
0,105,75,0,0,40.4673
0,106,75,0,0,40.4665
0,107,75,0,0,40.4656
0,108,75,0,0,40.4646
0,109,75,0,0,40.4635
0,110,75,0,0,40.4623
0,111,75,0,0,40.4609
0,112,75,0,0,40.4595
0,113,75,0,0,40.4581
0,114,75,0,0,40.4566
0,115,75,0,0,40.4552
0,116,75,0,0,40.4537
0,117,75,0,0,40.4523
0,118,75,0,0,40.451
0,119,75,0,0,40.4497
0,120,75,0,0,40.4485
0,121,75,0,0,40.4474
0,122,75,0,0,40.4463
0,123,75,0,0,40.4452
0,124,75,0,0,40.4443
0,125,75,0,0,40.4433
0,126,75,0,0,40.4425
0,127,75,0,0,40.4418
0,0,76,0,6.69683e-05,40.633
0,1,76,0,0,40.6241
0,2,76,0,0,40.616
0,3,76,0,0,40.6086
0,4,76,0,0,40.6016
0,5,76,0,0,40.5951
0,6,76,0,0,40.589
0,7,76,0,0,40.5831
0,8,76,0,0,40.5775
0,9,76,0,0,40.5723
0,10,76,0,0,40.5676
0,11,76,0,0,40.5634
0,12,76,0,0,40.5597
0,13,76,0,0,40.5564
0,14,76,0,0,40.5534
0,15,76,0,0,40.5506
0,16,76,0,0,40.5481
0,17,76,0,0,40.5458
0,18,76,0,0,40.5438
0,19,76,0,0,40.5419
0,20,76,0,0,40.5402
0,21,76,0,0,40.5386
0,22,76,0,0,40.537
0,23,76,0,0,40.5354
0,24,76,0,0,40.534
0,25,76,0,0,40.5328
0,26,76,0,0,40.5318
0,27,76,0,0,40.531
0,28,76,0,0,40.5302
0,29,76,0,0,40.5296
0,30,76,0,0,40.5288
0,31,76,0,0,40.528
0,32,76,0,0,40.5268
0,33,76,0,0,40.5255
0,34,76,0,0,40.5239
0,35,76,0,0,40.5223
0,36,76,0,0,40.5207
0,37,76,0,0,40.5193
0,38,76,0,0,40.518
0,39,76,0,0,40.5167
0,40,76,0,0,40.5153
0,41,76,0,0,40.5138
0,42,76,0,0,40.5122
0,43,76,0,0,40.5105
0,44,76,0,0,40.5089
0,45,76,0,0,40.5075
0,46,76,0,0,40.5063
0,47,76,0,0,40.5053
0,48,76,0,0,40.5047
0,49,76,0,0,40.5042
0,50,76,0,0,40.5037
0,51,76,0,0,40.5033
0,52,76,0,0,40.5028
0,53,76,0,0,40.5024
0,54,76,0,0,40.5022
0,55,76,0,0,40.5021
0,56,76,0,0,40.5024
0,57,76,0,0,40.503
0,58,76,0,0,40.5039
0,59,76,0,0,40.5048
0,60,76,0,0,40.5057
0,61,76,0,0,40.5065
0,62,76,0,0,40.507
0,63,76,0,0,40.5072
0,64,76,0,0,40.5073
0,65,76,0,0,40.5072
0,66,76,0,0,40.507
0,67,76,0,0,40.5067
0,68,76,0,0,40.5064
0,69,76,0,0,40.5061
0,70,76,0,0,40.5057
0,71,76,0,0,40.5053
0,72,76,0,0,40.5049
0,73,76,0,0,40.5044
0,74,76,0,0,40.5039
0,75,76,0,0,40.5034
0,76,76,0,0,40.5029
0,77,76,0,0,40.5024
0,78,76,0,0,40.5018
0,79,76,0,0,40.5011
0,80,76,0,0,40.5001
0,81,76,0,0,40.4989
0,82,76,0,0,40.4975
0,83,76,0,0,40.496
0,84,76,0,0,40.4946
0,85,76,0,0,40.4932
0,86,76,0,0,40.492
0,87,76,0,0,40.4908
0,88,76,0,0,40.4897
0,89,76,0,0,40.4887
0,90,76,0,0,40.4875
0,91,76,0,0,40.4863
0,92,76,0,0,40.4849
0,93,76,0,0,40.4835
0,94,76,0,0,40.4821
0,95,76,0,0,40.4807
0,96,76,0,0,40.4793
0,97,76,0,0,40.478
0,98,76,0,0,40.4768
0,99,76,0,0,40.4756
0,100,76,0,0,40.4746
0,101,76,0,0,40.4738
0,102,76,0,0,40.4731
0,103,76,0,0,40.4725
0,104,76,0,0,40.4719
0,105,76,0,0,40.4713
0,106,76,0,0,40.4706
0,107,76,0,0,40.4697
0,108,76,0,0,40.4687
0,109,76,0,0,40.4674
0,110,76,0,0,40.466
0,111,76,0,0,40.4646
0,112,76,0,0,40.463
0,113,76,0,0,40.4615
0,114,76,0,0,40.46
0,115,76,0,0,40.4585
0,116,76,0,0,40.457
0,117,76,0,0,40.4556
0,118,76,0,0,40.4543
0,119,76,0,0,40.4531
0,120,76,0,0,40.4519
0,121,76,0,0,40.4508
0,122,76,0,0,40.4498
0,123,76,0,0,40.4488
0,124,76,0,0,40.4478
0,125,76,0,0,40.4468
0,126,76,0,0,40.4458
0,127,76,0,0,40.445
0,0,77,0,6.69683e-05,40.6348
0,1,77,0,0,40.6262
0,2,77,0,0,40.6183
0,3,77,0,0,40.6111
0,4,77,0,0,40.6043
0,5,77,0,0,40.5979
0,6,77,0,0,40.5918
0,7,77,0,0,40.5858
0,8,77,0,0,40.5801
0,9,77,0,0,40.5747
0,10,77,0,0,40.5699
0,11,77,0,0,40.5658
0,12,77,0,0,40.5623
0,13,77,0,0,40.5592
0,14,77,0,0,40.5564
0,15,77,0,0,40.5537
0,16,77,0,0,40.5513
0,17,77,0,0,40.5491
0,18,77,0,0,40.5473
0,19,77,0,0,40.5457
0,20,77,0,0,40.5443
0,21,77,0,0,40.5427
0,22,77,0,0,40.5411
0,23,77,0,0,40.5396
0,24,77,0,0,40.5382
0,25,77,0,0,40.5372
0,26,77,0,0,40.5364
0,27,77,0,0,40.5358
0,28,77,0,0,40.5354
0,29,77,0,0,40.5352
0,30,77,0,0,40.5349
0,31,77,0,0,40.5343
0,32,77,0,0,40.5333
0,33,77,0,0,40.5318
0,34,77,0,0,40.53
0,35,77,0,0,40.5282
0,36,77,0,0,40.5266
0,37,77,0,0,40.5252
0,38,77,0,0,40.524
0,39,77,0,0,40.5228
0,40,77,0,0,40.5214
0,41,77,0,0,40.5197
0,42,77,0,0,40.5179
0,43,77,0,0,40.516
0,44,77,0,0,40.5141
0,45,77,0,0,40.5124
0,46,77,0,0,40.511
0,47,77,0,0,40.5101
0,48,77,0,0,40.5096
0,49,77,0,0,40.5093
0,50,77,0,0,40.5089
0,51,77,0,0,40.5085
0,52,77,0,0,40.508
0,53,77,0,0,40.5074
0,54,77,0,0,40.507
0,55,77,0,0,40.5069
0,56,77,0,0,40.5072
0,57,77,0,0,40.5081
0,58,77,0,0,40.5094
0,59,77,0,0,40.5107
0,60,77,0,0,40.512
0,61,77,0,0,40.513
0,62,77,0,0,40.5135
0,63,77,0,0,40.5138
0,64,77,0,0,40.5137
0,65,77,0,0,40.5135
0,66,77,0,0,40.5132
0,67,77,0,0,40.5128
0,68,77,0,0,40.5125
0,69,77,0,0,40.5121
0,70,77,0,0,40.5117
0,71,77,0,0,40.5112
0,72,77,0,0,40.5106
0,73,77,0,0,40.5101
0,74,77,0,0,40.5096
0,75,77,0,0,40.509
0,76,77,0,0,40.5085
0,77,77,0,0,40.5082
0,78,77,0,0,40.5079
0,79,77,0,0,40.5072
0,80,77,0,0,40.5062
0,81,77,0,0,40.5049
0,82,77,0,0,40.5032
0,83,77,0,0,40.5015
0,84,77,0,0,40.4998
0,85,77,0,0,40.4984
0,86,77,0,0,40.4972
0,87,77,0,0,40.4962
0,88,77,0,0,40.4953
0,89,77,0,0,40.4944
0,90,77,0,0,40.4933
0,91,77,0,0,40.4921
0,92,77,0,0,40.4907
0,93,77,0,0,40.4892
0,94,77,0,0,40.4877
0,95,77,0,0,40.4862
0,96,77,0,0,40.4848
0,97,77,0,0,40.4835
0,98,77,0,0,40.4821
0,99,77,0,0,40.4809
0,100,77,0,0,40.4799
0,101,77,0,0,40.4791
0,102,77,0,0,40.4786
0,103,77,0,0,40.4782
0,104,77,0,0,40.4778
0,105,77,0,0,40.4772
0,106,77,0,0,40.4766
0,107,77,0,0,40.4757
0,108,77,0,0,40.4746
0,109,77,0,0,40.4733
0,110,77,0,0,40.4717
0,111,77,0,0,40.47
0,112,77,0,0,40.4683
0,113,77,0,0,40.4667
0,114,77,0,0,40.4651
0,115,77,0,0,40.4636
0,116,77,0,0,40.462
0,117,77,0,0,40.4605
0,118,77,0,0,40.4592
0,119,77,0,0,40.4581
0,120,77,0,0,40.457
0,121,77,0,0,40.4559
0,122,77,0,0,40.4549
0,123,77,0,0,40.454
0,124,77,0,0,40.4531
0,125,77,0,0,40.452
0,126,77,0,0,40.4507
0,127,77,0,0,40.4494
0,0,78,0,6.69683e-05,40.6381
0,1,78,0,0,40.6298
0,2,78,0,0,40.6224
0,3,78,0,0,40.6154
0,4,78,0,0,40.609
0,5,78,0,0,40.6028
0,6,78,0,0,40.5967
0,7,78,0,0,40.5906
0,8,78,0,0,40.5844
0,9,78,0,0,40.5786
0,10,78,0,0,40.5737
0,11,78,0,0,40.5697
0,12,78,0,0,40.5665
0,13,78,0,0,40.5639
0,14,78,0,0,40.5614
0,15,78,0,0,40.5587
0,16,78,0,0,40.5562
0,17,78,0,0,40.5542
0,18,78,0,0,40.5525
0,19,78,0,0,40.5514
0,20,78,0,0,40.5504
0,21,78,0,0,40.549
0,22,78,0,0,40.5473
0,23,78,0,0,40.5455
0,24,78,0,0,40.5442
0,25,78,0,0,40.5433
0,26,78,0,0,40.5428
0,27,78,0,0,40.5426
0,28,78,0,0,40.5426
0,29,78,0,0,40.5429
0,30,78,0,0,40.5432
0,31,78,0,0,40.543
0,32,78,0,0,40.5424
0,33,78,0,0,40.5405
0,34,78,0,0,40.5382
0,35,78,0,0,40.5361
0,36,78,0,0,40.5342
0,37,78,0,0,40.5328
0,38,78,0,0,40.5319
0,39,78,0,0,40.5311
0,40,78,0,0,40.5298
0,41,78,0,0,40.5279
0,42,78,0,0,40.5257
0,43,78,0,0,40.5236
0,44,78,0,0,40.5211
0,45,78,0,0,40.5188
0,46,78,0,0,40.5172
0,47,78,0,0,40.5163
0,48,78,0,0,40.5162
0,49,78,0,0,40.5163
0,50,78,0,0,40.5162
0,51,78,0,0,40.5158
0,52,78,0,0,40.5151
0,53,78,0,0,40.5142
0,54,78,0,0,40.5134
0,55,78,0,0,40.513
0,56,78,0,0,40.5134
0,57,78,0,0,40.5148
0,58,78,0,0,40.5166
0,59,78,0,0,40.5187
0,60,78,0,0,40.5205
0,61,78,0,0,40.5218
0,62,78,0,0,40.5224
0,63,78,0,0,40.5225
0,64,78,0,0,40.5224
0,65,78,0,0,40.522
0,66,78,0,0,40.5214
0,67,78,0,0,40.5208
0,68,78,0,0,40.5205
0,69,78,0,0,40.5203
0,70,78,0,0,40.5198
0,71,78,0,0,40.519
0,72,78,0,0,40.5183
0,73,78,0,0,40.5179
0,74,78,0,0,40.5172
0,75,78,0,0,40.5165
0,76,78,0,0,40.516
0,77,78,0,0,40.5161
0,78,78,0,0,40.5161
0,79,78,0,0,40.5157
0,80,78,0,0,40.5147
0,81,78,0,0,40.5132
0,82,78,0,0,40.511
0,83,78,0,0,40.5088
0,84,78,0,0,40.5067
0,85,78,0,0,40.5052
0,86,78,0,0,40.5042
0,87,78,0,0,40.5034
0,88,78,0,0,40.5027
0,89,78,0,0,40.5021
0,90,78,0,0,40.5012
0,91,78,0,0,40.5001
0,92,78,0,0,40.4985
0,93,78,0,0,40.4969
0,94,78,0,0,40.4952
0,95,78,0,0,40.4936
0,96,78,0,0,40.4922
0,97,78,0,0,40.4907
0,98,78,0,0,40.4892
0,99,78,0,0,40.4878
0,100,78,0,0,40.4867
0,101,78,0,0,40.486
0,102,78,0,0,40.4859
0,103,78,0,0,40.4858
0,104,78,0,0,40.4855
0,105,78,0,0,40.4851
0,106,78,0,0,40.4845
0,107,78,0,0,40.4838
0,108,78,0,0,40.4827
0,109,78,0,0,40.4812
0,110,78,0,0,40.4792
0,111,78,0,0,40.4772
0,112,78,0,0,40.4754
0,113,78,0,0,40.4736
0,114,78,0,0,40.472
0,115,78,0,0,40.4704
0,116,78,0,0,40.4686
0,117,78,0,0,40.467
0,118,78,0,0,40.4657
0,119,78,0,0,40.4648
0,120,78,0,0,40.4638
0,121,78,0,0,40.4627
0,122,78,0,0,40.4617
0,123,78,0,0,40.461
0,124,78,0,0,40.4603
0,125,78,0,0,40.459
0,126,78,0,0,40.4573
0,127,78,0,0,40.4551
0,0,79,0,6.69683e-05,40.6431
0,1,79,0,0,40.6352
0,2,79,0,0,40.6286
0,3,79,0,0,40.6217
0,4,79,0,0,40.6158
0,5,79,0,0,40.6098
0,6,79,0,0,40.6039
0,7,79,0,0,40.5978
0,8,79,0,0,40.5906
0,9,79,0,0,40.5839
0,10,79,0,0,40.5788
0,11,79,0,0,40.5751
0,12,79,0,0,40.5722
0,13,79,0,0,40.5705
0,14,79,0,0,40.5687
0,15,79,0,0,40.5656
0,16,79,0,0,40.5628
0,17,79,0,0,40.5611
0,18,79,0,0,40.5594
0,19,79,0,0,40.559
0,20,79,0,0,40.5592
0,21,79,0,0,40.5577
0,22,79,0,0,40.5555
0,23,79,0,0,40.5533
0,24,79,0,0,40.5517
0,25,79,0,0,40.5511
0,26,79,0,0,40.5512
0,27,79,0,0,40.5511
0,28,79,0,0,40.5515
0,29,79,0,0,40.5527
0,30,79,0,0,40.554
0,31,79,0,0,40.5544
0,32,79,0,0,40.5548
0,33,79,0,0,40.5516
0,34,79,0,0,40.5483
0,35,79,0,0,40.5457
0,36,79,0,0,40.5435
0,37,79,0,0,40.542
0,38,79,0,0,40.542
0,39,79,0,0,40.5419
0,40,79,0,0,40.5408
0,41,79,0,0,40.5383
0,42,79,0,0,40.5354
0,43,79,0,0,40.5335
0,44,79,0,0,40.5299
0,45,79,0,0,40.5266
0,46,79,0,0,40.5245
0,47,79,0,0,40.524
0,48,79,0,0,40.5245
0,49,79,0,0,40.5255
0,50,79,0,0,40.5259
0,51,79,0,0,40.5253
0,52,79,0,0,40.5246
0,53,79,0,0,40.5227
0,54,79,0,0,40.5215
0,55,79,0,0,40.5204
0,56,79,0,0,40.5207
0,57,79,0,0,40.5228
0,58,79,0,0,40.5258
0,59,79,0,0,40.5289
0,60,79,0,0,40.5315
0,61,79,0,0,40.5335
0,62,79,0,0,40.5338
0,63,79,0,0,40.5337
0,64,79,0,0,40.5333
0,65,79,0,0,40.5327
0,66,79,0,0,40.5318
0,67,79,0,0,40.5307
0,68,79,0,0,40.5304
0,69,79,0,0,40.5307
0,70,79,0,0,40.5301
0,71,79,0,0,40.5288
0,72,79,0,0,40.5278
0,73,79,0,0,40.528
0,74,79,0,0,40.5269
0,75,79,0,0,40.5257
0,76,79,0,0,40.5248
0,77,79,0,0,40.5263
0,78,79,0,0,40.5267
0,79,79,0,0,40.5267
0,80,79,0,0,40.5256
0,81,79,0,0,40.5242
0,82,79,0,0,40.5207
0,83,79,0,0,40.518
0,84,79,0,0,40.5151
0,85,79,0,0,40.5136
0,86,79,0,0,40.5128
0,87,79,0,0,40.5124
0,88,79,0,0,40.512
0,89,79,0,0,40.5121
0,90,79,0,0,40.5112
0,91,79,0,0,40.5105
0,92,79,0,0,40.5082
0,93,79,0,0,40.5066
0,94,79,0,0,40.5043
0,95,79,0,0,40.5028
0,96,79,0,0,40.5014
0,97,79,0,0,40.5001
0,98,79,0,0,40.498
0,99,79,0,0,40.4963
0,100,79,0,0,40.4951
0,101,79,0,0,40.4942
0,102,79,0,0,40.4949
0,103,79,0,0,40.4954
0,104,79,0,0,40.4952
0,105,79,0,0,40.495
0,106,79,0,0,40.4946
0,107,79,0,0,40.4942
0,108,79,0,0,40.493
0,109,79,0,0,40.4916
0,110,79,0,0,40.4887
0,111,79,0,0,40.486
0,112,79,0,0,40.4842
0,113,79,0,0,40.4823
0,114,79,0,0,40.4806
0,115,79,0,0,40.4793
0,116,79,0,0,40.4768
0,117,79,0,0,40.475
0,118,79,0,0,40.4737
0,119,79,0,0,40.4734
0,120,79,0,0,40.4724
0,121,79,0,0,40.471
0,122,79,0,0,40.4701
0,123,79,0,0,40.4696
0,124,79,0,0,40.47
0,125,79,0,0,40.4683
0,126,79,0,0,40.4661
0,127,79,0,0,40.4619
0,0,80,0,0.000188009,40.651
0,1,80,0,2.04525e-05,40.6417
0,2,80,0,9.72405e-05,40.6377
0,3,80,0,5.96835e-05,40.6294
0,4,80,0,0.000117693,40.6252
0,5,80,0,9.56205e-05,40.6191
0,6,80,0,9.42199e-05,40.6138
0,7,80,0,0.000136472,40.6084
0,8,80,0,9.72405e-05,40.5986
0,9,80,0,5.96835e-05,40.5899
0,10,80,0,6.13575e-05,40.5849
0,11,80,0,6.13575e-05,40.5818
0,12,80,0,1.87785e-05,40.5788
0,13,80,0,7.15837e-05,40.5796
0,14,80,0,0.000138146,40.5795
0,15,80,0,7.8462e-05,40.5745
0,16,80,0,5.80095e-05,40.5707
0,17,80,0,9.89145e-05,40.57
0,18,80,0,5.80095e-05,40.567
0,19,80,0,8.0136e-05,40.5684
0,20,80,0,0.000132104,40.5718
0,21,80,0,0.000100588,40.5692
0,22,80,0,0.000110023,40.5661
0,23,80,0,7.8462e-05,40.5624
0,24,80,0,5.96835e-05,40.5603
0,25,80,0,6.13575e-05,40.5603
0,26,80,0,8.94797e-05,40.5618
0,27,80,0,6.13575e-05,40.5614
0,28,80,0,5.96835e-05,40.5617
0,29,80,0,6.33774e-05,40.5648
0,30,80,0,0.000119367,40.5679
0,31,80,0,7.6788e-05,40.5679
0,32,80,0,0.000231947,40.5731
0,33,80,0,7.37674e-05,40.5651
0,34,80,0,5.96835e-05,40.56
0,35,80,0,8.0136e-05,40.5571
0,36,80,0,5.96835e-05,40.5542
0,37,80,0,2.81222e-05,40.5518
0,38,80,0,8.48306e-05,40.5543
0,39,80,0,0.000100588,40.5557
0,40,80,0,0.000151073,40.5555
0,41,80,0,0.000121041,40.5514
0,42,80,0,4.0905e-05,40.5461
0,43,80,0,0.00017905,40.5473
0,44,80,0,8.0136e-05,40.5406
0,45,80,0,4.85747e-05,40.5352
0,46,80,0,4.0905e-05,40.5324
0,47,80,0,3.9231e-05,40.5325
0,48,80,0,5.80095e-05,40.5345
0,49,80,0,9.89145e-05,40.5375
0,50,80,0,0.000102262,40.5387
0,51,80,0,7.6788e-05,40.537
0,52,80,0,0.00015525,40.5372
0,53,80,0,8.0136e-05,40.5328
0,54,80,0,0.000102262,40.5316
0,55,80,0,3.9231e-05,40.5284
0,56,80,0,4.0905e-05,40.5283
0,57,80,0,6.47966e-05,40.5321
0,58,80,0,8.0136e-05,40.5368
0,59,80,0,0.000100588,40.5418
0,60,80,0,9.89145e-05,40.5454
0,61,80,0,0.00013982,40.549
0,62,80,0,0.000102262,40.5479
0,63,80,0,8.61317e-05,40.5472
0,64,80,0,8.95708e-05,40.5465
0,65,80,0,9.22725e-05,40.5458
0,66,80,0,8.78512e-05,40.5444
0,67,80,0,4.0905e-05,40.5417
0,68,80,0,5.96835e-05,40.5421
0,69,80,0,0.000104282,40.544
0,70,80,0,9.20362e-05,40.5434
0,71,80,0,5.96835e-05,40.5402
0,72,80,0,4.34616e-05,40.5383
0,73,80,0,0.000141494,40.5415
0,74,80,0,0.000100588,40.5389
0,75,80,0,9.89145e-05,40.5366
0,76,80,0,2.04525e-05,40.5334
0,77,80,0,0.00016564,40.5396
0,78,80,0,8.95252e-05,40.5399
0,79,80,0,0.000119367,40.5411
0,80,80,0,8.181e-05,40.5388
0,81,80,0,0.000191833,40.5395
0,82,80,0,5.96835e-05,40.5316
0,83,80,0,0.000102262,40.5294
0,84,80,0,4.94572e-05,40.5242
0,85,80,0,9.58939e-05,40.5234
0,86,80,0,9.55665e-05,40.5233
0,87,80,0,0.000100588,40.5233
0,88,80,0,8.0136e-05,40.5228
0,89,80,0,0.000141493,40.5252
0,90,80,0,8.181e-05,40.523
0,91,80,0,0.000179051,40.5244
0,92,80,0,8.26926e-05,40.5195
0,93,80,0,0.000121041,40.5188
0,94,80,0,8.0136e-05,40.5149
0,95,80,0,9.89145e-05,40.5138
0,96,80,0,7.75794e-05,40.5126
0,97,80,0,9.89145e-05,40.5121
0,98,80,0,4.0905e-05,40.5083
0,99,80,0,3.9231e-05,40.5065
0,100,80,0,7.182e-05,40.505
0,101,80,0,3.9231e-05,40.5029
0,102,80,0,0.000106584,40.5061
0,103,80,0,0.000119367,40.5078
0,104,80,0,6.13575e-05,40.5069
0,105,80,0,9.22725e-05,40.507
0,106,80,0,8.10186e-05,40.5067
0,107,80,0,0.000116019,40.5073
0,108,80,0,9.82412e-05,40.5057
0,109,80,0,0.000138146,40.5053
0,110,80,0,7.6788e-05,40.4999
0,111,80,0,4.0905e-05,40.4958
0,112,80,0,9.80319e-05,40.4951
0,113,80,0,4.0905e-05,40.4926
0,114,80,0,3.9231e-05,40.4908
0,115,80,0,0.000138146,40.4914
0,116,80,0,5.96835e-05,40.4862
0,117,80,0,7.77887e-05,40.4842
0,118,80,0,6.13575e-05,40.4827
0,119,80,0,0.000121041,40.4845
0,120,80,0,9.89145e-05,40.4833
0,121,80,0,5.49889e-05,40.4807
0,122,80,0,8.0136e-05,40.4801
0,123,80,0,2.04525e-05,40.4792
0,124,80,0,0.00013982,40.4836
0,125,80,0,5.80095e-05,40.4798
0,126,80,0,0.000160272,40.4789
0,127,80,0,1.87785e-05,40.469
0,0,81,0,0.000165883,40.6482
0,1,81,0,0.000100588,40.6424
0,2,81,0,0.000161946,40.6378
0,3,81,0,3.9231e-05,40.6259
0,4,81,0,5.80095e-05,40.6196
0,5,81,0,5.96835e-05,40.6143
0,6,81,0,0.000125736,40.6111
0,7,81,0,0.000100588,40.6034
0,8,81,0,2.04525e-05,40.592
0,9,81,0,2.04525e-05,40.5846
0,10,81,0,4.0905e-05,40.5812
0,11,81,0,7.8462e-05,40.5806
0,12,81,0,0.000119367,40.5808
0,13,81,0,0.000143404,40.5803
0,14,81,0,6.13575e-05,40.575
0,15,81,0,7.5114e-05,40.5714
0,16,81,0,5.96835e-05,40.5681
0,17,81,0,0.000100588,40.5673
0,18,81,0,2.04525e-05,40.5631
0,19,81,0,4.0905e-05,40.5649
0,20,81,0,0.000177122,40.5712
0,21,81,0,9.72405e-05,40.5668
0,22,81,0,4.85747e-05,40.5617
0,23,81,0,5.96835e-05,40.5595
0,24,81,0,8.0136e-05,40.5593
0,25,81,0,9.55665e-05,40.5604
0,26,81,0,0.000104655,40.5619
0,27,81,0,0.000138146,40.5632
0,28,81,0,4.0905e-05,40.5615
0,29,81,0,0.000200131,40.5687
0,30,81,0,0.000121041,40.5676
0,31,81,0,7.8462e-05,40.5662
0,32,81,0,0.000141585,40.569
0,33,81,0,0.000127501,40.5659
0,34,81,0,0.000133032,40.5622
0,35,81,0,8.0136e-05,40.5575
0,36,81,0,0.00013982,40.5569
0,37,81,0,9.12448e-05,40.5543
0,38,81,0,0.000131777,40.5561
0,39,81,0,0.000173937,40.5571
0,40,81,0,7.41403e-05,40.5517
0,41,81,0,7.61147e-05,40.5481
0,42,81,0,0.000119367,40.546
0,43,81,0,5.96835e-05,40.5419
0,44,81,0,8.24833e-05,40.5388
0,45,81,0,8.78057e-05,40.5356
0,46,81,0,5.56622e-05,40.5328
0,47,81,0,0.000105956,40.5347
0,48,81,0,0.000117693,40.5364
0,49,81,0,8.88519e-05,40.5371
0,50,81,0,0.000161946,40.5397
0,51,81,0,0.000119367,40.5365
0,52,81,0,4.0905e-05,40.5312
0,53,81,0,4.0905e-05,40.5286
0,54,81,0,7.33489e-05,40.5291
0,55,81,0,0.000100588,40.5289
0,56,81,0,3.7557e-05,40.5274
0,57,81,0,9.54754e-05,40.5321
0,58,81,0,9.72405e-05,40.5366
0,59,81,0,0.00012448,40.5418
0,60,81,0,0.000119367,40.5452
0,61,81,0,0.000156041,40.5486
0,62,81,0,9.89145e-05,40.5473
0,63,81,0,0.000150928,40.5487
0,64,81,0,0.000121041,40.5475
0,65,81,0,0.000117693,40.5466
0,66,81,0,0.00013043,40.5463
0,67,81,0,0.000125272,40.5453
0,68,81,0,0.000115091,40.5447
0,69,81,0,0.000110651,40.5449
0,70,81,0,0.000171572,40.5464
0,71,81,0,0.000138146,40.543
0,72,81,0,6.81902e-05,40.5387
0,73,81,0,0.00013043,40.5398
0,74,81,0,7.8462e-05,40.5363
0,75,81,0,0.000102262,40.5346
0,76,81,0,3.9231e-05,40.5312
0,77,81,0,5.09676e-05,40.5341
0,78,81,0,0.000149209,40.5398
0,79,81,0,0.000175703,40.5418
0,80,81,0,0.000117693,40.5379
0,81,81,0,8.61317e-05,40.534
0,82,81,0,5.96835e-05,40.5293
0,83,81,0,0.000153903,40.5294
0,84,81,0,6.99097e-05,40.5228
0,85,81,0,2.51471e-05,40.5189
0,86,81,0,7.6788e-05,40.52
0,87,81,0,8.26926e-05,40.5205
0,88,81,0,6.13575e-05,40.5199
0,89,81,0,0.000102262,40.5217
0,90,81,0,8.86882e-05,40.5201
0,91,81,0,5.80095e-05,40.5176
0,92,81,0,3.83484e-05,40.5149
0,93,81,0,0.00013982,40.5168
0,94,81,0,3.9231e-05,40.5115
0,95,81,0,5.80095e-05,40.5109
0,96,81,0,0.000104819,40.5126
0,97,81,0,0.000117438,40.5133
0,98,81,0,0.000117693,40.512
0,99,81,0,0.000179051,40.5119
0,100,81,0,7.8462e-05,40.5057
0,101,81,0,3.9231e-05,40.502
0,102,81,0,7.07923e-05,40.5035
0,103,81,0,5.96835e-05,40.5051
0,104,81,0,0.000174029,40.5096
0,105,81,0,7.24663e-05,40.5065
0,106,81,0,0.000111442,40.5069
0,107,81,0,9.89145e-05,40.5056
0,108,81,0,6.37048e-05,40.5031
0,109,81,0,0.000119367,40.5034
0,110,81,0,7.6788e-05,40.4994
0,111,81,0,0.000121041,40.4977
0,112,81,0,2.30091e-05,40.4936
0,113,81,0,0.000180725,40.4975
0,114,81,0,0.000138146,40.4943
0,115,81,0,5.80095e-05,40.4886
0,116,81,0,5.96835e-05,40.4846
0,117,81,0,5.86828e-05,40.4821
0,118,81,0,3.68196e-05,40.4802
0,119,81,0,5.96835e-05,40.4809
0,120,81,0,7.20934e-05,40.4812
0,121,81,0,0.000103609,40.4813
0,122,81,0,4.0905e-05,40.4791
0,123,81,0,0.000117693,40.4822
0,124,81,0,0.000141494,40.4843
0,125,81,0,0.000113371,40.4811
0,126,81,0,6.56792e-05,40.4761
0,127,81,0,0.000100588,40.471
0,0,82,0,6.69683e-05,40.6351
0,1,82,0,0,40.6281
0,2,82,0,0,40.6212
0,3,82,0,0,40.6129
0,4,82,0,0,40.6061
0,5,82,0,0,40.6001
0,6,82,0,0,40.5947
0,7,82,0,0,40.588
0,8,82,0,0,40.5804
0,9,82,0,0,40.5744
0,10,82,0,0,40.5704
0,11,82,0,0,40.5681
0,12,82,0,0,40.5664
0,13,82,0,0,40.5644
0,14,82,0,0,40.5611
0,15,82,0,0,40.5581
0,16,82,0,0,40.5555
0,17,82,0,0,40.5537
0,18,82,0,0,40.552
0,19,82,0,0,40.5524
0,20,82,0,3.17706e-05,40.5545
0,21,82,0,0,40.5516
0,22,82,0,0,40.5486
0,23,82,0,0,40.5468
0,24,82,0,0,40.5462
0,25,82,0,0,40.5465
0,26,82,0,7.04194e-06,40.5474
0,27,82,0,0,40.5477
0,28,82,0,0,40.5481
0,29,82,0,1.27828e-05,40.5506
0,30,82,0,0,40.5502
0,31,82,0,0,40.5497
0,32,82,0,0,40.5498
0,33,82,0,1.53394e-05,40.5487
0,34,82,0,5.11312e-06,40.5459
0,35,82,0,0,40.5428
0,36,82,0,0,40.5411
0,37,82,0,0,40.5396
0,38,82,0,0,40.5393
0,39,82,0,5.11312e-06,40.5387
0,40,82,0,1.02263e-05,40.5362
0,41,82,0,2.34731e-06,40.5331
0,42,82,0,0,40.5305
0,43,82,0,0,40.5278
0,44,82,0,1.64312e-05,40.526
0,45,82,0,5.11312e-06,40.5233
0,46,82,0,2.34731e-06,40.5216
0,47,82,0,1.17366e-05,40.5219
0,48,82,0,0,40.522
0,49,82,0,1.17366e-05,40.5226
0,50,82,0,0,40.5223
0,51,82,0,0,40.5205
0,52,82,0,0,40.5181
0,53,82,0,0,40.5168
0,54,82,0,2.55656e-05,40.5173
0,55,82,0,0,40.5163
0,56,82,0,0,40.5164
0,57,82,0,0,40.5187
0,58,82,0,0,40.5219
0,59,82,0,1.53394e-05,40.5257
0,60,82,0,0,40.5277
0,61,82,0,2.55656e-06,40.5296
0,62,82,0,0,40.5299
0,63,82,0,0,40.5305
0,64,82,0,7.66969e-06,40.5305
0,65,82,0,0,40.5299
0,66,82,0,0,40.5298
0,67,82,0,1.78959e-05,40.5301
0,68,82,0,2.47286e-05,40.53
0,69,82,0,0,40.5287
0,70,82,0,9.38925e-06,40.5285
0,71,82,0,0,40.5264
0,72,82,0,9.38925e-06,40.5246
0,73,82,0,9.38925e-06,40.5236
0,74,82,0,0,40.5213
0,75,82,0,0,40.5197
0,76,82,0,0,40.5185
0,77,82,0,0,40.5194
0,78,82,0,0,40.5213
0,79,82,0,0,40.5218
0,80,82,0,0,40.52
0,81,82,0,0,40.5175
0,82,82,0,0,40.5148
0,83,82,0,4.69463e-06,40.513
0,84,82,0,0,40.5096
0,85,82,0,0,40.5073
0,86,82,0,0,40.5068
0,87,82,0,1.78959e-05,40.5073
0,88,82,0,0,40.5066
0,89,82,0,2.04525e-05,40.5072
0,90,82,0,1.02263e-05,40.5057
0,91,82,0,0,40.5035
0,92,82,0,0,40.5018
0,93,82,0,0,40.501
0,94,82,0,0,40.499
0,95,82,0,0,40.4983
0,96,82,0,0,40.4986
0,97,82,0,2.23813e-05,40.4992
0,98,82,0,0,40.4975
0,99,82,0,0,40.4961
0,100,82,0,0,40.4933
0,101,82,0,0,40.4913
0,102,82,0,0,40.4913
0,103,82,0,0,40.492
0,104,82,0,0,40.4933
0,105,82,0,7.66969e-06,40.4929
0,106,82,0,7.04194e-06,40.4924
0,107,82,0,0,40.491
0,108,82,0,0,40.4894
0,109,82,0,0,40.4883
0,110,82,0,0,40.4861
0,111,82,0,0,40.4843
0,112,82,0,0,40.4823
0,113,82,0,0,40.4819
0,114,82,0,0,40.4798
0,115,82,0,0,40.4766
0,116,82,0,0,40.4738
0,117,82,0,0,40.4718
0,118,82,0,1.78959e-05,40.471
0,119,82,0,0,40.4699
0,120,82,0,4.69463e-06,40.4696
0,121,82,0,0,40.469
0,122,82,0,0,40.4683
0,123,82,0,0,40.4688
0,124,82,0,0,40.469
0,125,82,0,7.66969e-06,40.4676
0,126,82,0,1.27828e-05,40.4648
0,127,82,0,0,40.4609
0,0,83,0,6.69683e-05,40.6242
0,1,83,0,0,40.6161
0,2,83,0,0,40.6086
0,3,83,0,0,40.601
0,4,83,0,0,40.5941
0,5,83,0,0,40.5878
0,6,83,0,0,40.5818
0,7,83,0,0,40.5757
0,8,83,0,0,40.5696
0,9,83,0,0,40.5643
0,10,83,0,0,40.5602
0,11,83,0,0,40.557
0,12,83,0,0,40.5545
0,13,83,0,0,40.5519
0,14,83,0,0,40.5492
0,15,83,0,0,40.5465
0,16,83,0,0,40.5442
0,17,83,0,0,40.5423
0,18,83,0,0,40.5409
0,19,83,0,0,40.5403
0,20,83,0,0,40.54
0,21,83,0,0,40.5384
0,22,83,0,0,40.5366
0,23,83,0,0,40.5352
0,24,83,0,0,40.5344
0,25,83,0,0,40.5342
0,26,83,0,0,40.5343
0,27,83,0,0,40.5345
0,28,83,0,0,40.5347
0,29,83,0,0,40.5354
0,30,83,0,0,40.5352
0,31,83,0,0,40.5348
0,32,83,0,0,40.5342
0,33,83,0,0,40.533
0,34,83,0,0,40.5311
0,35,83,0,0,40.5291
0,36,83,0,0,40.5274
0,37,83,0,0,40.526
0,38,83,0,0,40.5249
0,39,83,0,0,40.5236
0,40,83,0,0,40.5217
0,41,83,0,0,40.5195
0,42,83,0,0,40.5172
0,43,83,0,0,40.5151
0,44,83,0,0,40.5132
0,45,83,0,0,40.5114
0,46,83,0,0,40.5101
0,47,83,0,0,40.5096
0,48,83,0,0,40.5093
0,49,83,0,0,40.509
0,50,83,0,0,40.5085
0,51,83,0,0,40.5074
0,52,83,0,0,40.506
0,53,83,0,0,40.5052
0,54,83,0,0,40.5049
0,55,83,0,0,40.5047
0,56,83,0,0,40.5052
0,57,83,0,0,40.5066
0,58,83,0,0,40.5086
0,59,83,0,0,40.5108
0,60,83,0,0,40.5126
0,61,83,0,0,40.5139
0,62,83,0,0,40.5146
0,63,83,0,0,40.515
0,64,83,0,0,40.5151
0,65,83,0,0,40.515
0,66,83,0,0,40.5148
0,67,83,0,0,40.5148
0,68,83,0,0,40.5145
0,69,83,0,0,40.5137
0,70,83,0,0,40.513
0,71,83,0,0,40.5117
0,72,83,0,0,40.5104
0,73,83,0,0,40.5092
0,74,83,0,0,40.5078
0,75,83,0,0,40.5066
0,76,83,0,0,40.5059
0,77,83,0,0,40.5059
0,78,83,0,0,40.5063
0,79,83,0,0,40.5061
0,80,83,0,0,40.5049
0,81,83,0,0,40.5032
0,82,83,0,0,40.5013
0,83,83,0,0,40.4995
0,84,83,0,0,40.4974
0,85,83,0,0,40.4957
0,86,83,0,0,40.4949
0,87,83,0,0,40.4945
0,88,83,0,0,40.4939
0,89,83,0,0,40.4934
0,90,83,0,0,40.4924
0,91,83,0,0,40.491
0,92,83,0,0,40.4896
0,93,83,0,0,40.4886
0,94,83,0,0,40.4874
0,95,83,0,0,40.4866
0,96,83,0,0,40.4862
0,97,83,0,0,40.4859
0,98,83,0,0,40.4848
0,99,83,0,0,40.4835
0,100,83,0,0,40.4819
0,101,83,0,0,40.4807
0,102,83,0,0,40.4803
0,103,83,0,0,40.4803
0,104,83,0,0,40.4805
0,105,83,0,0,40.4802
0,106,83,0,0,40.4796
0,107,83,0,0,40.4786
0,108,83,0,0,40.4774
0,109,83,0,0,40.4761
0,110,83,0,0,40.4745
0,111,83,0,0,40.4729
0,112,83,0,0,40.4713
0,113,83,0,0,40.47
0,114,83,0,0,40.4682
0,115,83,0,0,40.466
0,116,83,0,0,40.4639
0,117,83,0,0,40.4622
0,118,83,0,0,40.4611
0,119,83,0,0,40.46
0,120,83,0,0,40.4593
0,121,83,0,0,40.4586
0,122,83,0,0,40.4581
0,123,83,0,0,40.4578
0,124,83,0,0,40.4572
0,125,83,0,0,40.456
0,126,83,0,0,40.4542
0,127,83,0,0,40.4521
0,0,84,0,6.69683e-05,40.6148
0,1,84,0,0,40.6062
0,2,84,0,0,40.5983
0,3,84,0,0,40.5908
0,4,84,0,0,40.5839
0,5,84,0,0,40.5775
0,6,84,0,0,40.5715
0,7,84,0,0,40.5656
0,8,84,0,0,40.5601
0,9,84,0,0,40.5552
0,10,84,0,0,40.5511
0,11,84,0,0,40.5476
0,12,84,0,0,40.5446
0,13,84,0,0,40.5419
0,14,84,0,0,40.5392
0,15,84,0,0,40.5367
0,16,84,0,0,40.5345
0,17,84,0,0,40.5326
0,18,84,0,0,40.5311
0,19,84,0,0,40.53
0,20,84,0,0,40.529
0,21,84,0,0,40.5276
0,22,84,0,0,40.5262
0,23,84,0,0,40.525
0,24,84,0,0,40.5241
0,25,84,0,0,40.5236
0,26,84,0,0,40.5233
0,27,84,0,0,40.5231
0,28,84,0,0,40.523
0,29,84,0,0,40.523
0,30,84,0,0,40.5227
0,31,84,0,0,40.5221
0,32,84,0,0,40.5213
0,33,84,0,0,40.5201
0,34,84,0,0,40.5186
0,35,84,0,0,40.517
0,36,84,0,0,40.5154
0,37,84,0,0,40.514
0,38,84,0,0,40.5127
0,39,84,0,0,40.5113
0,40,84,0,0,40.5096
0,41,84,0,0,40.5078
0,42,84,0,0,40.5059
0,43,84,0,0,40.5041
0,44,84,0,0,40.5024
0,45,84,0,0,40.5009
0,46,84,0,0,40.4998
0,47,84,0,0,40.499
0,48,84,0,0,40.4984
0,49,84,0,0,40.4978
0,50,84,0,0,40.4972
0,51,84,0,0,40.4963
0,52,84,0,0,40.4955
0,53,84,0,0,40.4948
0,54,84,0,0,40.4945
0,55,84,0,0,40.4945
0,56,84,0,0,40.4949
0,57,84,0,0,40.4958
0,58,84,0,0,40.4971
0,59,84,0,0,40.4986
0,60,84,0,0,40.4998
0,61,84,0,0,40.5008
0,62,84,0,0,40.5015
0,63,84,0,0,40.5019
0,64,84,0,0,40.502
0,65,84,0,0,40.502
0,66,84,0,0,40.5019
0,67,84,0,0,40.5017
0,68,84,0,0,40.5013
0,69,84,0,0,40.5008
0,70,84,0,0,40.5
0,71,84,0,0,40.4991
0,72,84,0,0,40.498
0,73,84,0,0,40.497
0,74,84,0,0,40.4959
0,75,84,0,0,40.495
0,76,84,0,0,40.4944
0,77,84,0,0,40.4941
0,78,84,0,0,40.4939
0,79,84,0,0,40.4934
0,80,84,0,0,40.4924
0,81,84,0,0,40.4911
0,82,84,0,0,40.4897
0,83,84,0,0,40.4882
0,84,84,0,0,40.4867
0,85,84,0,0,40.4854
0,86,84,0,0,40.4844
0,87,84,0,0,40.4837
0,88,84,0,0,40.483
0,89,84,0,0,40.4823
0,90,84,0,0,40.4813
0,91,84,0,0,40.4802
0,92,84,0,0,40.4791
0,93,84,0,0,40.4781
0,94,84,0,0,40.4772
0,95,84,0,0,40.4764
0,96,84,0,0,40.4758
0,97,84,0,0,40.4751
0,98,84,0,0,40.4742
0,99,84,0,0,40.4732
0,100,84,0,0,40.4721
0,101,84,0,0,40.4712
0,102,84,0,0,40.4707
0,103,84,0,0,40.4704
0,104,84,0,0,40.4702
0,105,84,0,0,40.4698
0,106,84,0,0,40.4691
0,107,84,0,0,40.4683
0,108,84,0,0,40.4672
0,109,84,0,0,40.466
0,110,84,0,0,40.4647
0,111,84,0,0,40.4633
0,112,84,0,0,40.4619
0,113,84,0,0,40.4605
0,114,84,0,0,40.4589
0,115,84,0,0,40.4571
0,116,84,0,0,40.4554
0,117,84,0,0,40.4539
0,118,84,0,0,40.4527
0,119,84,0,0,40.4517
0,120,84,0,0,40.4508
0,121,84,0,0,40.45
0,122,84,0,0,40.4493
0,123,84,0,0,40.4487
0,124,84,0,0,40.4479
0,125,84,0,0,40.4469
0,126,84,0,0,40.4456
0,127,84,0,0,40.4444
0,0,85,0,6.69683e-05,40.6069
0,1,85,0,0,40.598
0,2,85,0,0,40.5899
0,3,85,0,0,40.5824
0,4,85,0,0,40.5754
0,5,85,0,0,40.569
0,6,85,0,0,40.563
0,7,85,0,0,40.5574
0,8,85,0,0,40.5522
0,9,85,0,0,40.5475
0,10,85,0,0,40.5434
0,11,85,0,0,40.5398
0,12,85,0,0,40.5366
0,13,85,0,0,40.5337
0,14,85,0,0,40.5311
0,15,85,0,0,40.5286
0,16,85,0,0,40.5264
0,17,85,0,0,40.5245
0,18,85,0,0,40.5229
0,19,85,0,0,40.5215
0,20,85,0,0,40.5202
0,21,85,0,0,40.5189
0,22,85,0,0,40.5176
0,23,85,0,0,40.5164
0,24,85,0,0,40.5155
0,25,85,0,0,40.5148
0,26,85,0,0,40.5142
0,27,85,0,0,40.5137
0,28,85,0,0,40.5133
0,29,85,0,0,40.5129
0,30,85,0,0,40.5123
0,31,85,0,0,40.5116
0,32,85,0,0,40.5107
0,33,85,0,0,40.5095
0,34,85,0,0,40.5082
0,35,85,0,0,40.5068
0,36,85,0,0,40.5054
0,37,85,0,0,40.504
0,38,85,0,0,40.5026
0,39,85,0,0,40.5012
0,40,85,0,0,40.4996
0,41,85,0,0,40.498
0,42,85,0,0,40.4964
0,43,85,0,0,40.4948
0,44,85,0,0,40.4934
0,45,85,0,0,40.4921
0,46,85,0,0,40.491
0,47,85,0,0,40.4901
0,48,85,0,0,40.4893
0,49,85,0,0,40.4887
0,50,85,0,0,40.488
0,51,85,0,0,40.4872
0,52,85,0,0,40.4866
0,53,85,0,0,40.486
0,54,85,0,0,40.4857
0,55,85,0,0,40.4857
0,56,85,0,0,40.486
0,57,85,0,0,40.4866
0,58,85,0,0,40.4874
0,59,85,0,0,40.4884
0,60,85,0,0,40.4893
0,61,85,0,0,40.49
0,62,85,0,0,40.4906
0,63,85,0,0,40.4909
0,64,85,0,0,40.4911
0,65,85,0,0,40.4911
0,66,85,0,0,40.491
0,67,85,0,0,40.4908
0,68,85,0,0,40.4904
0,69,85,0,0,40.4899
0,70,85,0,0,40.4892
0,71,85,0,0,40.4885
0,72,85,0,0,40.4876
0,73,85,0,0,40.4867
0,74,85,0,0,40.4859
0,75,85,0,0,40.4851
0,76,85,0,0,40.4845
0,77,85,0,0,40.484
0,78,85,0,0,40.4836
0,79,85,0,0,40.483
0,80,85,0,0,40.4822
0,81,85,0,0,40.4812
0,82,85,0,0,40.48
0,83,85,0,0,40.4788
0,84,85,0,0,40.4776
0,85,85,0,0,40.4765
0,86,85,0,0,40.4756
0,87,85,0,0,40.4747
0,88,85,0,0,40.474
0,89,85,0,0,40.4732
0,90,85,0,0,40.4723
0,91,85,0,0,40.4714
0,92,85,0,0,40.4704
0,93,85,0,0,40.4695
0,94,85,0,0,40.4686
0,95,85,0,0,40.4678
0,96,85,0,0,40.4671
0,97,85,0,0,40.4664
0,98,85,0,0,40.4656
0,99,85,0,0,40.4648
0,100,85,0,0,40.4639
0,101,85,0,0,40.4632
0,102,85,0,0,40.4626
0,103,85,0,0,40.4622
0,104,85,0,0,40.4618
0,105,85,0,0,40.4613
0,106,85,0,0,40.4607
0,107,85,0,0,40.4599
0,108,85,0,0,40.459
0,109,85,0,0,40.4579
0,110,85,0,0,40.4568
0,111,85,0,0,40.4555
0,112,85,0,0,40.4542
0,113,85,0,0,40.4529
0,114,85,0,0,40.4514
0,115,85,0,0,40.4499
0,116,85,0,0,40.4485
0,117,85,0,0,40.4471
0,118,85,0,0,40.4459
0,119,85,0,0,40.4448
0,120,85,0,0,40.4439
0,121,85,0,0,40.443
0,122,85,0,0,40.4422
0,123,85,0,0,40.4414
0,124,85,0,0,40.4406
0,125,85,0,0,40.4397
0,126,85,0,0,40.4388
0,127,85,0,0,40.4379
0,0,86,0,6.69683e-05,40.6004
0,1,86,0,0,40.5914
0,2,86,0,0,40.5832
0,3,86,0,0,40.5756
0,4,86,0,0,40.5687
0,5,86,0,0,40.5623
0,6,86,0,0,40.5563
0,7,86,0,0,40.5509
0,8,86,0,0,40.5458
0,9,86,0,0,40.5412
0,10,86,0,0,40.5372
0,11,86,0,0,40.5335
0,12,86,0,0,40.5303
0,13,86,0,0,40.5274
0,14,86,0,0,40.5247
0,15,86,0,0,40.5223
0,16,86,0,0,40.5201
0,17,86,0,0,40.5181
0,18,86,0,0,40.5164
0,19,86,0,0,40.5148
0,20,86,0,0,40.5134
0,21,86,0,0,40.5121
0,22,86,0,0,40.5108
0,23,86,0,0,40.5096
0,24,86,0,0,40.5086
0,25,86,0,0,40.5077
0,26,86,0,0,40.5069
0,27,86,0,0,40.5062
0,28,86,0,0,40.5056
0,29,86,0,0,40.5049
0,30,86,0,0,40.5041
0,31,86,0,0,40.5033
0,32,86,0,0,40.5023
0,33,86,0,0,40.5011
0,34,86,0,0,40.4998
0,35,86,0,0,40.4985
0,36,86,0,0,40.4972
0,37,86,0,0,40.4958
0,38,86,0,0,40.4944
0,39,86,0,0,40.4931
0,40,86,0,0,40.4916
0,41,86,0,0,40.4902
0,42,86,0,0,40.4888
0,43,86,0,0,40.4874
0,44,86,0,0,40.4861
0,45,86,0,0,40.4849
0,46,86,0,0,40.4838
0,47,86,0,0,40.4829
0,48,86,0,0,40.4821
0,49,86,0,0,40.4813
0,50,86,0,0,40.4806
0,51,86,0,0,40.4799
0,52,86,0,0,40.4793
0,53,86,0,0,40.4788
0,54,86,0,0,40.4785
0,55,86,0,0,40.4784
0,56,86,0,0,40.4786
0,57,86,0,0,40.4789
0,58,86,0,0,40.4795
0,59,86,0,0,40.4801
0,60,86,0,0,40.4807
0,61,86,0,0,40.4813
0,62,86,0,0,40.4817
0,63,86,0,0,40.482
0,64,86,0,0,40.4822
0,65,86,0,0,40.4822
0,66,86,0,0,40.4821
0,67,86,0,0,40.4819
0,68,86,0,0,40.4815
0,69,86,0,0,40.481
0,70,86,0,0,40.4804
0,71,86,0,0,40.4798
0,72,86,0,0,40.479
0,73,86,0,0,40.4783
0,74,86,0,0,40.4776
0,75,86,0,0,40.4769
0,76,86,0,0,40.4763
0,77,86,0,0,40.4758
0,78,86,0,0,40.4753
0,79,86,0,0,40.4747
0,80,86,0,0,40.474
0,81,86,0,0,40.4731
0,82,86,0,0,40.4722
0,83,86,0,0,40.4712
0,84,86,0,0,40.4702
0,85,86,0,0,40.4693
0,86,86,0,0,40.4684
0,87,86,0,0,40.4676
0,88,86,0,0,40.4668
0,89,86,0,0,40.466
0,90,86,0,0,40.4652
0,91,86,0,0,40.4643
0,92,86,0,0,40.4634
0,93,86,0,0,40.4626
0,94,86,0,0,40.4618
0,95,86,0,0,40.461
0,96,86,0,0,40.4603
0,97,86,0,0,40.4596
0,98,86,0,0,40.4588
0,99,86,0,0,40.4581
0,100,86,0,0,40.4574
0,101,86,0,0,40.4567
0,102,86,0,0,40.4562
0,103,86,0,0,40.4557
0,104,86,0,0,40.4553
0,105,86,0,0,40.4548
0,106,86,0,0,40.4542
0,107,86,0,0,40.4535
0,108,86,0,0,40.4526
0,109,86,0,0,40.4517
0,110,86,0,0,40.4507
0,111,86,0,0,40.4496
0,112,86,0,0,40.4484
0,113,86,0,0,40.4471
0,114,86,0,0,40.4458
0,115,86,0,0,40.4444
0,116,86,0,0,40.4431
0,117,86,0,0,40.4418
0,118,86,0,0,40.4406
0,119,86,0,0,40.4395
0,120,86,0,0,40.4385
0,121,86,0,0,40.4376
0,122,86,0,0,40.4367
0,123,86,0,0,40.4358
0,124,86,0,0,40.435
0,125,86,0,0,40.4342
0,126,86,0,0,40.4334
0,127,86,0,0,40.4328
0,0,87,0,6.69683e-05,40.5954
0,1,87,0,0,40.5863
0,2,87,0,0,40.578
0,3,87,0,0,40.5705
0,4,87,0,0,40.5636
0,5,87,0,0,40.5572
0,6,87,0,0,40.5513
0,7,87,0,0,40.5459
0,8,87,0,0,40.541
0,9,87,0,0,40.5365
0,10,87,0,0,40.5325
0,11,87,0,0,40.5289
0,12,87,0,0,40.5256
0,13,87,0,0,40.5227
0,14,87,0,0,40.52
0,15,87,0,0,40.5176
0,16,87,0,0,40.5154
0,17,87,0,0,40.5134
0,18,87,0,0,40.5116
0,19,87,0,0,40.51
0,20,87,0,0,40.5085
0,21,87,0,0,40.5071
0,22,87,0,0,40.5057
0,23,87,0,0,40.5045
0,24,87,0,0,40.5034
0,25,87,0,0,40.5024
0,26,87,0,0,40.5014
0,27,87,0,0,40.5006
0,28,87,0,0,40.4997
0,29,87,0,0,40.4988
0,30,87,0,0,40.4979
0,31,87,0,0,40.4969
0,32,87,0,0,40.4959
0,33,87,0,0,40.4947
0,34,87,0,0,40.4934
0,35,87,0,0,40.4921
0,36,87,0,0,40.4908
0,37,87,0,0,40.4895
0,38,87,0,0,40.4882
0,39,87,0,0,40.4869
0,40,87,0,0,40.4855
0,41,87,0,0,40.4842
0,42,87,0,0,40.4829
0,43,87,0,0,40.4816
0,44,87,0,0,40.4805
0,45,87,0,0,40.4793
0,46,87,0,0,40.4783
0,47,87,0,0,40.4774
0,48,87,0,0,40.4766
0,49,87,0,0,40.4758
0,50,87,0,0,40.4751
0,51,87,0,0,40.4744
0,52,87,0,0,40.4737
0,53,87,0,0,40.4732
0,54,87,0,0,40.4729
0,55,87,0,0,40.4727
0,56,87,0,0,40.4727
0,57,87,0,0,40.4729
0,58,87,0,0,40.4732
0,59,87,0,0,40.4736
0,60,87,0,0,40.4741
0,61,87,0,0,40.4745
0,62,87,0,0,40.4748
0,63,87,0,0,40.4751
0,64,87,0,0,40.4752
0,65,87,0,0,40.4752
0,66,87,0,0,40.4751
0,67,87,0,0,40.4749
0,68,87,0,0,40.4745
0,69,87,0,0,40.4741
0,70,87,0,0,40.4736
0,71,87,0,0,40.473
0,72,87,0,0,40.4723
0,73,87,0,0,40.4717
0,74,87,0,0,40.471
0,75,87,0,0,40.4704
0,76,87,0,0,40.4699
0,77,87,0,0,40.4694
0,78,87,0,0,40.4689
0,79,87,0,0,40.4683
0,80,87,0,0,40.4677
0,81,87,0,0,40.467
0,82,87,0,0,40.4662
0,83,87,0,0,40.4654
0,84,87,0,0,40.4646
0,85,87,0,0,40.4637
0,86,87,0,0,40.4629
0,87,87,0,0,40.4621
0,88,87,0,0,40.4614
0,89,87,0,0,40.4606
0,90,87,0,0,40.4598
0,91,87,0,0,40.459
0,92,87,0,0,40.4582
0,93,87,0,0,40.4574
0,94,87,0,0,40.4566
0,95,87,0,0,40.4559
0,96,87,0,0,40.4552
0,97,87,0,0,40.4545
0,98,87,0,0,40.4538
0,99,87,0,0,40.4531
0,100,87,0,0,40.4525
0,101,87,0,0,40.4519
0,102,87,0,0,40.4514
0,103,87,0,0,40.4509
0,104,87,0,0,40.4505
0,105,87,0,0,40.45
0,106,87,0,0,40.4495
0,107,87,0,0,40.4488
0,108,87,0,0,40.4481
0,109,87,0,0,40.4473
0,110,87,0,0,40.4463
0,111,87,0,0,40.4453
0,112,87,0,0,40.4442
0,113,87,0,0,40.4431
0,114,87,0,0,40.4419
0,115,87,0,0,40.4406
0,116,87,0,0,40.4394
0,117,87,0,0,40.4381
0,118,87,0,0,40.4369
0,119,87,0,0,40.4358
0,120,87,0,0,40.4348
0,121,87,0,0,40.4337
0,122,87,0,0,40.4328
0,123,87,0,0,40.4319
0,124,87,0,0,40.431
0,125,87,0,0,40.4303
0,126,87,0,0,40.4296
0,127,87,0,0,40.4291
0,0,88,0,6.69683e-05,40.5918
0,1,88,0,0,40.5827
0,2,88,0,0,40.5744
0,3,88,0,0,40.5669
0,4,88,0,0,40.56
0,5,88,0,0,40.5537
0,6,88,0,0,40.5479
0,7,88,0,0,40.5426
0,8,88,0,0,40.5378
0,9,88,0,0,40.5334
0,10,88,0,0,40.5294
0,11,88,0,0,40.5258
0,12,88,0,0,40.5226
0,13,88,0,0,40.5197
0,14,88,0,0,40.5171
0,15,88,0,0,40.5147
0,16,88,0,0,40.5125
0,17,88,0,0,40.5105
0,18,88,0,0,40.5086
0,19,88,0,0,40.5069
0,20,88,0,0,40.5053
0,21,88,0,0,40.5039
0,22,88,0,0,40.5025
0,23,88,0,0,40.5012
0,24,88,0,0,40.5
0,25,88,0,0,40.4988
0,26,88,0,0,40.4978
0,27,88,0,0,40.4968
0,28,88,0,0,40.4957
0,29,88,0,0,40.4947
0,30,88,0,0,40.4937
0,31,88,0,0,40.4926
0,32,88,0,0,40.4914
0,33,88,0,0,40.4902
0,34,88,0,0,40.4889
0,35,88,0,0,40.4876
0,36,88,0,0,40.4863
0,37,88,0,0,40.485
0,38,88,0,0,40.4837
0,39,88,0,0,40.4825
0,40,88,0,0,40.4812
0,41,88,0,0,40.48
0,42,88,0,0,40.4788
0,43,88,0,0,40.4776
0,44,88,0,0,40.4765
0,45,88,0,0,40.4755
0,46,88,0,0,40.4745
0,47,88,0,0,40.4736
0,48,88,0,0,40.4728
0,49,88,0,0,40.472
0,50,88,0,0,40.4712
0,51,88,0,0,40.4705
0,52,88,0,0,40.4698
0,53,88,0,0,40.4693
0,54,88,0,0,40.4688
0,55,88,0,0,40.4686
0,56,88,0,0,40.4684
0,57,88,0,0,40.4685
0,58,88,0,0,40.4687
0,59,88,0,0,40.4689
0,60,88,0,0,40.4692
0,61,88,0,0,40.4696
0,62,88,0,0,40.4698
0,63,88,0,0,40.47
0,64,88,0,0,40.4701
0,65,88,0,0,40.4701
0,66,88,0,0,40.47
0,67,88,0,0,40.4698
0,68,88,0,0,40.4695
0,69,88,0,0,40.469
0,70,88,0,0,40.4685
0,71,88,0,0,40.468
0,72,88,0,0,40.4674
0,73,88,0,0,40.4668
0,74,88,0,0,40.4662
0,75,88,0,0,40.4657
0,76,88,0,0,40.4652
0,77,88,0,0,40.4647
0,78,88,0,0,40.4643
0,79,88,0,0,40.4638
0,80,88,0,0,40.4633
0,81,88,0,0,40.4627
0,82,88,0,0,40.4621
0,83,88,0,0,40.4614
0,84,88,0,0,40.4607
0,85,88,0,0,40.4599
0,86,88,0,0,40.4592
0,87,88,0,0,40.4584
0,88,88,0,0,40.4577
0,89,88,0,0,40.4569
0,90,88,0,0,40.4562
0,91,88,0,0,40.4554
0,92,88,0,0,40.4546
0,93,88,0,0,40.4539
0,94,88,0,0,40.4531
0,95,88,0,0,40.4524
0,96,88,0,0,40.4517
0,97,88,0,0,40.451
0,98,88,0,0,40.4504
0,99,88,0,0,40.4498
0,100,88,0,0,40.4492
0,101,88,0,0,40.4487
0,102,88,0,0,40.4483
0,103,88,0,0,40.4478
0,104,88,0,0,40.4474
0,105,88,0,0,40.447
0,106,88,0,0,40.4465
0,107,88,0,0,40.446
0,108,88,0,0,40.4453
0,109,88,0,0,40.4446
0,110,88,0,0,40.4438
0,111,88,0,0,40.4429
0,112,88,0,0,40.4419
0,113,88,0,0,40.4408
0,114,88,0,0,40.4396
0,115,88,0,0,40.4384
0,116,88,0,0,40.4372
0,117,88,0,0,40.436
0,118,88,0,0,40.4348
0,119,88,0,0,40.4337
0,120,88,0,0,40.4325
0,121,88,0,0,40.4315
0,122,88,0,0,40.4305
0,123,88,0,0,40.4295
0,124,88,0,0,40.4286
0,125,88,0,0,40.4278
0,126,88,0,0,40.4271
0,127,88,0,0,40.4267
0,0,89,0,6.69683e-05,40.5896
0,1,89,0,0,40.5806
0,2,89,0,0,40.5723
0,3,89,0,0,40.5649
0,4,89,0,0,40.558
0,5,89,0,0,40.5518
0,6,89,0,0,40.5461
0,7,89,0,0,40.5408
0,8,89,0,0,40.5361
0,9,89,0,0,40.5317
0,10,89,0,0,40.5278
0,11,89,0,0,40.5243
0,12,89,0,0,40.5212
0,13,89,0,0,40.5183
0,14,89,0,0,40.5157
0,15,89,0,0,40.5134
0,16,89,0,0,40.5112
0,17,89,0,0,40.5092
0,18,89,0,0,40.5073
0,19,89,0,0,40.5056
0,20,89,0,0,40.5039
0,21,89,0,0,40.5024
0,22,89,0,0,40.501
0,23,89,0,0,40.4996
0,24,89,0,0,40.4983
0,25,89,0,0,40.4971
0,26,89,0,0,40.4959
0,27,89,0,0,40.4948
0,28,89,0,0,40.4936
0,29,89,0,0,40.4925
0,30,89,0,0,40.4913
0,31,89,0,0,40.4901
0,32,89,0,0,40.4888
0,33,89,0,0,40.4875
0,34,89,0,0,40.4862
0,35,89,0,0,40.4849
0,36,89,0,0,40.4836
0,37,89,0,0,40.4823
0,38,89,0,0,40.4811
0,39,89,0,0,40.4798
0,40,89,0,0,40.4787
0,41,89,0,0,40.4775
0,42,89,0,0,40.4764
0,43,89,0,0,40.4753
0,44,89,0,0,40.4743
0,45,89,0,0,40.4734
0,46,89,0,0,40.4724
0,47,89,0,0,40.4716
0,48,89,0,0,40.4707
0,49,89,0,0,40.4699
0,50,89,0,0,40.469
0,51,89,0,0,40.4683
0,52,89,0,0,40.4675
0,53,89,0,0,40.4669
0,54,89,0,0,40.4664
0,55,89,0,0,40.466
0,56,89,0,0,40.4658
0,57,89,0,0,40.4657
0,58,89,0,0,40.4657
0,59,89,0,0,40.4659
0,60,89,0,0,40.4662
0,61,89,0,0,40.4664
0,62,89,0,0,40.4667
0,63,89,0,0,40.4668
0,64,89,0,0,40.4669
0,65,89,0,0,40.4669
0,66,89,0,0,40.4668
0,67,89,0,0,40.4666
0,68,89,0,0,40.4662
0,69,89,0,0,40.4658
0,70,89,0,0,40.4653
0,71,89,0,0,40.4647
0,72,89,0,0,40.4642
0,73,89,0,0,40.4636
0,74,89,0,0,40.4631
0,75,89,0,0,40.4626
0,76,89,0,0,40.4622
0,77,89,0,0,40.4618
0,78,89,0,0,40.4614
0,79,89,0,0,40.461
0,80,89,0,0,40.4606
0,81,89,0,0,40.4602
0,82,89,0,0,40.4597
0,83,89,0,0,40.4591
0,84,89,0,0,40.4585
0,85,89,0,0,40.4578
0,86,89,0,0,40.4571
0,87,89,0,0,40.4564
0,88,89,0,0,40.4557
0,89,89,0,0,40.455
0,90,89,0,0,40.4542
0,91,89,0,0,40.4535
0,92,89,0,0,40.4527
0,93,89,0,0,40.452
0,94,89,0,0,40.4513
0,95,89,0,0,40.4506
0,96,89,0,0,40.4499
0,97,89,0,0,40.4493
0,98,89,0,0,40.4487
0,99,89,0,0,40.4481
0,100,89,0,0,40.4476
0,101,89,0,0,40.4472
0,102,89,0,0,40.4468
0,103,89,0,0,40.4464
0,104,89,0,0,40.4461
0,105,89,0,0,40.4457
0,106,89,0,0,40.4453
0,107,89,0,0,40.4449
0,108,89,0,0,40.4443
0,109,89,0,0,40.4437
0,110,89,0,0,40.443
0,111,89,0,0,40.4421
0,112,89,0,0,40.4412
0,113,89,0,0,40.4402
0,114,89,0,0,40.439
0,115,89,0,0,40.4379
0,116,89,0,0,40.4367
0,117,89,0,0,40.4355
0,118,89,0,0,40.4343
0,119,89,0,0,40.4331
0,120,89,0,0,40.4319
0,121,89,0,0,40.4308
0,122,89,0,0,40.4297
0,123,89,0,0,40.4286
0,124,89,0,0,40.4277
0,125,89,0,0,40.4268
0,126,89,0,0,40.4261
0,127,89,0,0,40.4256
0,0,90,0,6.69683e-05,40.5888
0,1,90,0,0,40.5798
0,2,90,0,0,40.5717
0,3,90,0,0,40.5643
0,4,90,0,0,40.5576
0,5,90,0,0,40.5514
0,6,90,0,0,40.5458
0,7,90,0,0,40.5406
0,8,90,0,0,40.5359
0,9,90,0,0,40.5317
0,10,90,0,0,40.5279
0,11,90,0,0,40.5244
0,12,90,0,0,40.5214
0,13,90,0,0,40.5186
0,14,90,0,0,40.5161
0,15,90,0,0,40.5138
0,16,90,0,0,40.5117
0,17,90,0,0,40.5096
0,18,90,0,0,40.5078
0,19,90,0,0,40.506
0,20,90,0,0,40.5043
0,21,90,0,0,40.5027
0,22,90,0,0,40.5013
0,23,90,0,0,40.4998
0,24,90,0,0,40.4985
0,25,90,0,0,40.4972
0,26,90,0,0,40.4959
0,27,90,0,0,40.4946
0,28,90,0,0,40.4934
0,29,90,0,0,40.4921
0,30,90,0,0,40.4908
0,31,90,0,0,40.4894
0,32,90,0,0,40.4881
0,33,90,0,0,40.4867
0,34,90,0,0,40.4854
0,35,90,0,0,40.484
0,36,90,0,0,40.4827
0,37,90,0,0,40.4814
0,38,90,0,0,40.4802
0,39,90,0,0,40.479
0,40,90,0,0,40.4778
0,41,90,0,0,40.4768
0,42,90,0,0,40.4757
0,43,90,0,0,40.4748
0,44,90,0,0,40.4738
0,45,90,0,0,40.4729
0,46,90,0,0,40.4721
0,47,90,0,0,40.4712
0,48,90,0,0,40.4703
0,49,90,0,0,40.4695
0,50,90,0,0,40.4686
0,51,90,0,0,40.4677
0,52,90,0,0,40.4669
0,53,90,0,0,40.4662
0,54,90,0,0,40.4655
0,55,90,0,0,40.465
0,56,90,0,0,40.4647
0,57,90,0,0,40.4645
0,58,90,0,0,40.4644
0,59,90,0,0,40.4646
0,60,90,0,0,40.4648
0,61,90,0,0,40.465
0,62,90,0,0,40.4653
0,63,90,0,0,40.4655
0,64,90,0,0,40.4656
0,65,90,0,0,40.4656
0,66,90,0,0,40.4655
0,67,90,0,0,40.4652
0,68,90,0,0,40.4649
0,69,90,0,0,40.4644
0,70,90,0,0,40.4639
0,71,90,0,0,40.4633
0,72,90,0,0,40.4627
0,73,90,0,0,40.4621
0,74,90,0,0,40.4616
0,75,90,0,0,40.4612
0,76,90,0,0,40.4609
0,77,90,0,0,40.4605
0,78,90,0,0,40.4603
0,79,90,0,0,40.46
0,80,90,0,0,40.4597
0,81,90,0,0,40.4594
0,82,90,0,0,40.459
0,83,90,0,0,40.4586
0,84,90,0,0,40.4581
0,85,90,0,0,40.4575
0,86,90,0,0,40.4568
0,87,90,0,0,40.4561
0,88,90,0,0,40.4554
0,89,90,0,0,40.4547
0,90,90,0,0,40.454
0,91,90,0,0,40.4533
0,92,90,0,0,40.4525
0,93,90,0,0,40.4518
0,94,90,0,0,40.4511
0,95,90,0,0,40.4504
0,96,90,0,0,40.4498
0,97,90,0,0,40.4492
0,98,90,0,0,40.4486
0,99,90,0,0,40.448
0,100,90,0,0,40.4476
0,101,90,0,0,40.4472
0,102,90,0,0,40.4469
0,103,90,0,0,40.4466
0,104,90,0,0,40.4464
0,105,90,0,0,40.4462
0,106,90,0,0,40.4459
0,107,90,0,0,40.4455
0,108,90,0,0,40.4451
0,109,90,0,0,40.4446
0,110,90,0,0,40.4439
0,111,90,0,0,40.4432
0,112,90,0,0,40.4423
0,113,90,0,0,40.4413
0,114,90,0,0,40.4402
0,115,90,0,0,40.439
0,116,90,0,0,40.4378
0,117,90,0,0,40.4366
0,118,90,0,0,40.4353
0,119,90,0,0,40.4341
0,120,90,0,0,40.4329
0,121,90,0,0,40.4316
0,122,90,0,0,40.4304
0,123,90,0,0,40.4293
0,124,90,0,0,40.4282
0,125,90,0,0,40.4272
0,126,90,0,0,40.4264
0,127,90,0,0,40.4259
0,0,91,0,6.69683e-05,40.5894
0,1,91,0,0,40.5805
0,2,91,0,0,40.5725
0,3,91,0,0,40.5653
0,4,91,0,0,40.5587
0,5,91,0,0,40.5526
0,6,91,0,0,40.547
0,7,91,0,0,40.542
0,8,91,0,0,40.5373
0,9,91,0,0,40.5332
0,10,91,0,0,40.5294
0,11,91,0,0,40.5261
0,12,91,0,0,40.5232
0,13,91,0,0,40.5206
0,14,91,0,0,40.5182
0,15,91,0,0,40.516
0,16,91,0,0,40.5139
0,17,91,0,0,40.5119
0,18,91,0,0,40.51
0,19,91,0,0,40.5082
0,20,91,0,0,40.5065
0,21,91,0,0,40.5049
0,22,91,0,0,40.5033
0,23,91,0,0,40.5018
0,24,91,0,0,40.5004
0,25,91,0,0,40.499
0,26,91,0,0,40.4977
0,27,91,0,0,40.4963
0,28,91,0,0,40.4949
0,29,91,0,0,40.4935
0,30,91,0,0,40.4921
0,31,91,0,0,40.4906
0,32,91,0,0,40.4892
0,33,91,0,0,40.4877
0,34,91,0,0,40.4863
0,35,91,0,0,40.4849
0,36,91,0,0,40.4835
0,37,91,0,0,40.4822
0,38,91,0,0,40.481
0,39,91,0,0,40.4798
0,40,91,0,0,40.4788
0,41,91,0,0,40.4778
0,42,91,0,0,40.4768
0,43,91,0,0,40.4759
0,44,91,0,0,40.4751
0,45,91,0,0,40.4743
0,46,91,0,0,40.4734
0,47,91,0,0,40.4726
0,48,91,0,0,40.4717
0,49,91,0,0,40.4708
0,50,91,0,0,40.4699
0,51,91,0,0,40.4689
0,52,91,0,0,40.468
0,53,91,0,0,40.4671
0,54,91,0,0,40.4663
0,55,91,0,0,40.4656
0,56,91,0,0,40.4651
0,57,91,0,0,40.4648
0,58,91,0,0,40.4647
0,59,91,0,0,40.4648
0,60,91,0,0,40.4651
0,61,91,0,0,40.4654
0,62,91,0,0,40.4657
0,63,91,0,0,40.4659
0,64,91,0,0,40.4661
0,65,91,0,0,40.4661
0,66,91,0,0,40.466
0,67,91,0,0,40.4657
0,68,91,0,0,40.4653
0,69,91,0,0,40.4648
0,70,91,0,0,40.4642
0,71,91,0,0,40.4635
0,72,91,0,0,40.4629
0,73,91,0,0,40.4623
0,74,91,0,0,40.4619
0,75,91,0,0,40.4615
0,76,91,0,0,40.4612
0,77,91,0,0,40.461
0,78,91,0,0,40.4608
0,79,91,0,0,40.4607
0,80,91,0,0,40.4606
0,81,91,0,0,40.4604
0,82,91,0,0,40.4602
0,83,91,0,0,40.4599
0,84,91,0,0,40.4594
0,85,91,0,0,40.4589
0,86,91,0,0,40.4583
0,87,91,0,0,40.4576
0,88,91,0,0,40.4569
0,89,91,0,0,40.4561
0,90,91,0,0,40.4554
0,91,91,0,0,40.4547
0,92,91,0,0,40.454
0,93,91,0,0,40.4533
0,94,91,0,0,40.4526
0,95,91,0,0,40.4519
0,96,91,0,0,40.4513
0,97,91,0,0,40.4507
0,98,91,0,0,40.4501
0,99,91,0,0,40.4496
0,100,91,0,0,40.4491
0,101,91,0,0,40.4488
0,102,91,0,0,40.4486
0,103,91,0,0,40.4485
0,104,91,0,0,40.4484
0,105,91,0,0,40.4483
0,106,91,0,0,40.4482
0,107,91,0,0,40.4479
0,108,91,0,0,40.4476
0,109,91,0,0,40.4472
0,110,91,0,0,40.4467
0,111,91,0,0,40.446
0,112,91,0,0,40.4451
0,113,91,0,0,40.4441
0,114,91,0,0,40.443
0,115,91,0,0,40.4418
0,116,91,0,0,40.4406
0,117,91,0,0,40.4393
0,118,91,0,0,40.438
0,119,91,0,0,40.4367
0,120,91,0,0,40.4354
0,121,91,0,0,40.4341
0,122,91,0,0,40.4328
0,123,91,0,0,40.4314
0,124,91,0,0,40.4302
0,125,91,0,0,40.4291
0,126,91,0,0,40.4281
0,127,91,0,0,40.4275
0,0,92,0,6.69683e-05,40.5913
0,1,92,0,0,40.5826
0,2,92,0,0,40.5749
0,3,92,0,0,40.5678
0,4,92,0,0,40.5614
0,5,92,0,0,40.5554
0,6,92,0,0,40.5499
0,7,92,0,0,40.5449
0,8,92,0,0,40.5403
0,9,92,0,0,40.5362
0,10,92,0,0,40.5326
0,11,92,0,0,40.5294
0,12,92,0,0,40.5267
0,13,92,0,0,40.5242
0,14,92,0,0,40.522
0,15,92,0,0,40.5199
0,16,92,0,0,40.5179
0,17,92,0,0,40.5159
0,18,92,0,0,40.514
0,19,92,0,0,40.5122
0,20,92,0,0,40.5104
0,21,92,0,0,40.5088
0,22,92,0,0,40.5072
0,23,92,0,0,40.5057
0,24,92,0,0,40.5042
0,25,92,0,0,40.5028
0,26,92,0,0,40.5013
0,27,92,0,0,40.4999
0,28,92,0,0,40.4984
0,29,92,0,0,40.4969
0,30,92,0,0,40.4953
0,31,92,0,0,40.4937
0,32,92,0,0,40.4921
0,33,92,0,0,40.4905
0,34,92,0,0,40.489
0,35,92,0,0,40.4875
0,36,92,0,0,40.4861
0,37,92,0,0,40.4848
0,38,92,0,0,40.4836
0,39,92,0,0,40.4824
0,40,92,0,0,40.4814
0,41,92,0,0,40.4805
0,42,92,0,0,40.4796
0,43,92,0,0,40.4788
0,44,92,0,0,40.4781
0,45,92,0,0,40.4773
0,46,92,0,0,40.4766
0,47,92,0,0,40.4758
0,48,92,0,0,40.4749
0,49,92,0,0,40.474
0,50,92,0,0,40.4729
0,51,92,0,0,40.4718
0,52,92,0,0,40.4707
0,53,92,0,0,40.4696
0,54,92,0,0,40.4686
0,55,92,0,0,40.4677
0,56,92,0,0,40.4671
0,57,92,0,0,40.4667
0,58,92,0,0,40.4666
0,59,92,0,0,40.4667
0,60,92,0,0,40.4671
0,61,92,0,0,40.4675
0,62,92,0,0,40.4679
0,63,92,0,0,40.4682
0,64,92,0,0,40.4684
0,65,92,0,0,40.4685
0,66,92,0,0,40.4684
0,67,92,0,0,40.4681
0,68,92,0,0,40.4676
0,69,92,0,0,40.467
0,70,92,0,0,40.4663
0,71,92,0,0,40.4655
0,72,92,0,0,40.4648
0,73,92,0,0,40.4641
0,74,92,0,0,40.4637
0,75,92,0,0,40.4634
0,76,92,0,0,40.4633
0,77,92,0,0,40.4631
0,78,92,0,0,40.4631
0,79,92,0,0,40.4631
0,80,92,0,0,40.4632
0,81,92,0,0,40.4633
0,82,92,0,0,40.4632
0,83,92,0,0,40.463
0,84,92,0,0,40.4626
0,85,92,0,0,40.4621
0,86,92,0,0,40.4615
0,87,92,0,0,40.4608
0,88,92,0,0,40.46
0,89,92,0,0,40.4593
0,90,92,0,0,40.4586
0,91,92,0,0,40.4579
0,92,92,0,0,40.4572
0,93,92,0,0,40.4565
0,94,92,0,0,40.4558
0,95,92,0,0,40.4551
0,96,92,0,0,40.4545
0,97,92,0,0,40.4539
0,98,92,0,0,40.4533
0,99,92,0,0,40.4527
0,100,92,0,0,40.4523
0,101,92,0,0,40.452
0,102,92,0,0,40.4519
0,103,92,0,0,40.4519
0,104,92,0,0,40.4521
0,105,92,0,0,40.4522
0,106,92,0,0,40.4523
0,107,92,0,0,40.4521
0,108,92,0,0,40.4519
0,109,92,0,0,40.4517
0,110,92,0,0,40.4513
0,111,92,0,0,40.4507
0,112,92,0,0,40.4498
0,113,92,0,0,40.4488
0,114,92,0,0,40.4476
0,115,92,0,0,40.4464
0,116,92,0,0,40.4451
0,117,92,0,0,40.4437
0,118,92,0,0,40.4424
0,119,92,0,0,40.441
0,120,92,0,0,40.4396
0,121,92,0,0,40.4382
0,122,92,0,0,40.4367
0,123,92,0,0,40.4352
0,124,92,0,0,40.4337
0,125,92,0,0,40.4324
0,126,92,0,0,40.4312
0,127,92,0,0,40.4303
0,0,93,0,6.69683e-05,40.5944
0,1,93,0,0,40.5862
0,2,93,0,0,40.5787
0,3,93,0,0,40.5719
0,4,93,0,0,40.5657
0,5,93,0,0,40.5599
0,6,93,0,0,40.5544
0,7,93,0,0,40.5494
0,8,93,0,0,40.5448
0,9,93,0,0,40.5408
0,10,93,0,0,40.5373
0,11,93,0,0,40.5343
0,12,93,0,0,40.5317
0,13,93,0,0,40.5296
0,14,93,0,0,40.5277
0,15,93,0,0,40.5258
0,16,93,0,0,40.5238
0,17,93,0,0,40.5218
0,18,93,0,0,40.5199
0,19,93,0,0,40.5181
0,20,93,0,0,40.5163
0,21,93,0,0,40.5145
0,22,93,0,0,40.5129
0,23,93,0,0,40.5113
0,24,93,0,0,40.5099
0,25,93,0,0,40.5084
0,26,93,0,0,40.5069
0,27,93,0,0,40.5054
0,28,93,0,0,40.5038
0,29,93,0,0,40.5021
0,30,93,0,0,40.5004
0,31,93,0,0,40.4986
0,32,93,0,0,40.4969
0,33,93,0,0,40.4952
0,34,93,0,0,40.4935
0,35,93,0,0,40.4919
0,36,93,0,0,40.4904
0,37,93,0,0,40.4891
0,38,93,0,0,40.4878
0,39,93,0,0,40.4867
0,40,93,0,0,40.4857
0,41,93,0,0,40.4849
0,42,93,0,0,40.4842
0,43,93,0,0,40.4835
0,44,93,0,0,40.4828
0,45,93,0,0,40.4822
0,46,93,0,0,40.4816
0,47,93,0,0,40.4809
0,48,93,0,0,40.48
0,49,93,0,0,40.479
0,50,93,0,0,40.4778
0,51,93,0,0,40.4765
0,52,93,0,0,40.4752
0,53,93,0,0,40.4738
0,54,93,0,0,40.4725
0,55,93,0,0,40.4714
0,56,93,0,0,40.4705
0,57,93,0,0,40.47
0,58,93,0,0,40.4699
0,59,93,0,0,40.4702
0,60,93,0,0,40.4708
0,61,93,0,0,40.4714
0,62,93,0,0,40.4719
0,63,93,0,0,40.4723
0,64,93,0,0,40.4727
0,65,93,0,0,40.4729
0,66,93,0,0,40.4728
0,67,93,0,0,40.4724
0,68,93,0,0,40.4719
0,69,93,0,0,40.4712
0,70,93,0,0,40.4703
0,71,93,0,0,40.4692
0,72,93,0,0,40.4682
0,73,93,0,0,40.4675
0,74,93,0,0,40.4671
0,75,93,0,0,40.467
0,76,93,0,0,40.467
0,77,93,0,0,40.467
0,78,93,0,0,40.467
0,79,93,0,0,40.4672
0,80,93,0,0,40.4676
0,81,93,0,0,40.468
0,82,93,0,0,40.4682
0,83,93,0,0,40.4681
0,84,93,0,0,40.4677
0,85,93,0,0,40.4672
0,86,93,0,0,40.4665
0,87,93,0,0,40.4657
0,88,93,0,0,40.4649
0,89,93,0,0,40.4642
0,90,93,0,0,40.4635
0,91,93,0,0,40.4629
0,92,93,0,0,40.4622
0,93,93,0,0,40.4614
0,94,93,0,0,40.4607
0,95,93,0,0,40.46
0,96,93,0,0,40.4594
0,97,93,0,0,40.4587
0,98,93,0,0,40.4581
0,99,93,0,0,40.4575
0,100,93,0,0,40.457
0,101,93,0,0,40.4568
0,102,93,0,0,40.4567
0,103,93,0,0,40.457
0,104,93,0,0,40.4575
0,105,93,0,0,40.458
0,106,93,0,0,40.4582
0,107,93,0,0,40.4581
0,108,93,0,0,40.458
0,109,93,0,0,40.4579
0,110,93,0,0,40.4578
0,111,93,0,0,40.4573
0,112,93,0,0,40.4565
0,113,93,0,0,40.4553
0,114,93,0,0,40.454
0,115,93,0,0,40.4527
0,116,93,0,0,40.4514
0,117,93,0,0,40.4499
0,118,93,0,0,40.4484
0,119,93,0,0,40.4469
0,120,93,0,0,40.4455
0,121,93,0,0,40.444
0,122,93,0,0,40.4423
0,123,93,0,0,40.4405
0,124,93,0,0,40.4387
0,125,93,0,0,40.4371
0,126,93,0,0,40.4356
0,127,93,0,0,40.4344
0,0,94,0,6.69683e-05,40.5988
0,1,94,0,0,40.5912
0,2,94,0,0,40.5842
0,3,94,0,0,40.5777
0,4,94,0,0,40.5718
0,5,94,0,0,40.5662
0,6,94,0,0,40.5606
0,7,94,0,0,40.5554
0,8,94,0,0,40.5509
0,9,94,0,0,40.547
0,10,94,0,0,40.5436
0,11,94,0,0,40.5407
0,12,94,0,0,40.5384
0,13,94,0,0,40.5369
0,14,94,0,0,40.5354
0,15,94,0,0,40.5338
0,16,94,0,0,40.5317
0,17,94,0,0,40.5297
0,18,94,0,0,40.5277
0,19,94,0,0,40.5258
0,20,94,0,0,40.524
0,21,94,0,0,40.5222
0,22,94,0,0,40.5204
0,23,94,0,0,40.5189
0,24,94,0,0,40.5176
0,25,94,0,0,40.516
0,26,94,0,0,40.5144
0,27,94,0,0,40.5129
0,28,94,0,0,40.5112
0,29,94,0,0,40.5094
0,30,94,0,0,40.5074
0,31,94,0,0,40.5054
0,32,94,0,0,40.5035
0,33,94,0,0,40.5017
0,34,94,0,0,40.4998
0,35,94,0,0,40.4981
0,36,94,0,0,40.4965
0,37,94,0,0,40.4952
0,38,94,0,0,40.4939
0,39,94,0,0,40.4927
0,40,94,0,0,40.4917
0,41,94,0,0,40.4911
0,42,94,0,0,40.4906
0,43,94,0,0,40.49
0,44,94,0,0,40.4894
0,45,94,0,0,40.489
0,46,94,0,0,40.4885
0,47,94,0,0,40.488
0,48,94,0,0,40.4872
0,49,94,0,0,40.4859
0,50,94,0,0,40.4847
0,51,94,0,0,40.4831
0,52,94,0,0,40.4815
0,53,94,0,0,40.4798
0,54,94,0,0,40.4781
0,55,94,0,0,40.4766
0,56,94,0,0,40.4754
0,57,94,0,0,40.4748
0,58,94,0,0,40.4746
0,59,94,0,0,40.4752
0,60,94,0,0,40.4762
0,61,94,0,0,40.4771
0,62,94,0,0,40.4778
0,63,94,0,0,40.4784
0,64,94,0,0,40.479
0,65,94,0,0,40.4794
0,66,94,0,0,40.4792
0,67,94,0,0,40.4787
0,68,94,0,0,40.4781
0,69,94,0,0,40.4774
0,70,94,0,0,40.4762
0,71,94,0,0,40.4746
0,72,94,0,0,40.4733
0,73,94,0,0,40.4724
0,74,94,0,0,40.4721
0,75,94,0,0,40.4723
0,76,94,0,0,40.4725
0,77,94,0,0,40.4725
0,78,94,0,0,40.4725
0,79,94,0,0,40.4729
0,80,94,0,0,40.4738
0,81,94,0,0,40.4748
0,82,94,0,0,40.4752
0,83,94,0,0,40.4751
0,84,94,0,0,40.4748
0,85,94,0,0,40.4743
0,86,94,0,0,40.4735
0,87,94,0,0,40.4725
0,88,94,0,0,40.4716
0,89,94,0,0,40.4707
0,90,94,0,0,40.4702
0,91,94,0,0,40.4697
0,92,94,0,0,40.4689
0,93,94,0,0,40.4681
0,94,94,0,0,40.4673
0,95,94,0,0,40.4666
0,96,94,0,0,40.466
0,97,94,0,0,40.4653
0,98,94,0,0,40.4648
0,99,94,0,0,40.4639
0,100,94,0,0,40.4633
0,101,94,0,0,40.463
0,102,94,0,0,40.463
0,103,94,0,0,40.4637
0,104,94,0,0,40.4648
0,105,94,0,0,40.4658
0,106,94,0,0,40.4663
0,107,94,0,0,40.4659
0,108,94,0,0,40.4658
0,109,94,0,0,40.4661
0,110,94,0,0,40.4665
0,111,94,0,0,40.4662
0,112,94,0,0,40.4652
0,113,94,0,0,40.4637
0,114,94,0,0,40.4623
0,115,94,0,0,40.4609
0,116,94,0,0,40.4595
0,117,94,0,0,40.4577
0,118,94,0,0,40.4561
0,119,94,0,0,40.4546
0,120,94,0,0,40.4532
0,121,94,0,0,40.4517
0,122,94,0,0,40.4498
0,123,94,0,0,40.4475
0,124,94,0,0,40.4452
0,125,94,0,0,40.4433
0,126,94,0,0,40.4415
0,127,94,0,0,40.4397
0,0,95,0,6.69683e-05,40.6044
0,1,95,0,0,40.598
0,2,95,0,0,40.5915
0,3,95,0,0,40.585
0,4,95,0,0,40.58
0,5,95,0,0,40.5747
0,6,95,0,0,40.5686
0,7,95,0,0,40.563
0,8,95,0,0,40.5585
0,9,95,0,0,40.5548
0,10,95,0,0,40.5516
0,11,95,0,0,40.5484
0,12,95,0,0,40.5465
0,13,95,0,0,40.5462
0,14,95,0,0,40.5454
0,15,95,0,0,40.5442
0,16,95,0,0,40.5417
0,17,95,0,0,40.5394
0,18,95,0,0,40.5375
0,19,95,0,0,40.5356
0,20,95,0,0,40.5338
0,21,95,0,0,40.5319
0,22,95,0,0,40.5296
0,23,95,0,0,40.5282
0,24,95,0,0,40.5277
0,25,95,0,0,40.5257
0,26,95,0,0,40.5237
0,27,95,0,0,40.5226
0,28,95,0,0,40.5206
0,29,95,0,0,40.5189
0,30,95,0,0,40.5165
0,31,95,0,0,40.5139
0,32,95,0,0,40.5119
0,33,95,0,0,40.5102
0,34,95,0,0,40.5079
0,35,95,0,0,40.506
0,36,95,0,0,40.5043
0,37,95,0,0,40.5032
0,38,95,0,0,40.5017
0,39,95,0,0,40.5004
0,40,95,0,0,40.4994
0,41,95,0,0,40.4989
0,42,95,0,0,40.499
0,43,95,0,0,40.4985
0,44,95,0,0,40.4977
0,45,95,0,0,40.4977
0,46,95,0,0,40.4975
0,47,95,0,0,40.4972
0,48,95,0,0,40.4968
0,49,95,0,0,40.4948
0,50,95,0,0,40.4938
0,51,95,0,0,40.4916
0,52,95,0,0,40.49
0,53,95,0,0,40.4874
0,54,95,0,0,40.4855
0,55,95,0,0,40.4833
0,56,95,0,0,40.4816
0,57,95,0,0,40.481
0,58,95,0,0,40.4804
0,59,95,0,0,40.4816
0,60,95,0,0,40.4836
0,61,95,0,0,40.4849
0,62,95,0,0,40.4858
0,63,95,0,0,40.4863
0,64,95,0,0,40.4873
0,65,95,0,0,40.4884
0,66,95,0,0,40.4878
0,67,95,0,0,40.487
0,68,95,0,0,40.4865
0,69,95,0,0,40.4858
0,70,95,0,0,40.4844
0,71,95,0,0,40.4816
0,72,95,0,0,40.4796
0,73,95,0,0,40.4786
0,74,95,0,0,40.4783
0,75,95,0,0,40.4795
0,76,95,0,0,40.4802
0,77,95,0,0,40.4799
0,78,95,0,0,40.4796
0,79,95,0,0,40.4798
0,80,95,0,0,40.4817
0,81,95,0,0,40.4841
0,82,95,0,0,40.4844
0,83,95,0,0,40.4844
0,84,95,0,0,40.4839
0,85,95,0,0,40.4835
0,86,95,0,0,40.4826
0,87,95,0,0,40.481
0,88,95,0,0,40.48
0,89,95,0,0,40.4787
0,90,95,0,0,40.4787
0,91,95,0,0,40.4789
0,92,95,0,0,40.4774
0,93,95,0,0,40.4765
0,94,95,0,0,40.4757
0,95,95,0,0,40.4751
0,96,95,0,0,40.4743
0,97,95,0,0,40.4737
0,98,95,0,0,40.4735
0,99,95,0,0,40.472
0,100,95,0,0,40.4711
0,101,95,0,0,40.4709
0,102,95,0,0,40.4703
0,103,95,0,0,40.4719
0,104,95,0,0,40.4738
0,105,95,0,0,40.476
0,106,95,0,0,40.477
0,107,95,0,0,40.4753
0,108,95,0,0,40.4751
0,109,95,0,0,40.476
0,110,95,0,0,40.4776
0,111,95,0,0,40.4775
0,112,95,0,0,40.4763
0,113,95,0,0,40.4738
0,114,95,0,0,40.4722
0,115,95,0,0,40.471
0,116,95,0,0,40.4698
0,117,95,0,0,40.4671
0,118,95,0,0,40.4657
0,119,95,0,0,40.4637
0,120,95,0,0,40.463
0,121,95,0,0,40.4615
0,122,95,0,0,40.4596
0,123,95,0,0,40.4562
0,124,95,0,0,40.453
0,125,95,0,0,40.4511
0,126,95,0,0,40.4492
0,127,95,0,0,40.4462
0,0,96,0,0.000164209,40.6117
0,1,96,0,0.000109304,40.6074
0,2,96,0,0.000119367,40.6013
0,3,96,0,3.9231e-05,40.5931
0,4,96,0,0.000117693,40.5909
0,5,96,0,0.000119367,40.5864
0,6,96,0,5.96835e-05,40.5782
0,7,96,0,7.59054e-05,40.5719
0,8,96,0,8.0136e-05,40.5673
0,9,96,0,8.0136e-05,40.5642
0,10,96,0,8.52491e-05,40.5618
0,11,96,0,4.94573e-05,40.5569
0,12,96,0,5.96835e-05,40.5553
0,13,96,0,0.000121041,40.558
0,14,96,0,0.000109141,40.5579
0,15,96,0,0.000135543,40.5581
0,16,96,0,8.0136e-05,40.5536
0,17,96,0,8.181e-05,40.551
0,18,96,0,8.181e-05,40.5495
0,19,96,0,5.96835e-05,40.5473
0,20,96,0,9.89145e-05,40.5459
0,21,96,0,0.000117693,40.544
0,22,96,0,6.56792e-05,40.54
0,23,96,0,8.0136e-05,40.5388
0,24,96,0,0.000179051,40.5415
0,25,96,0,7.8462e-05,40.5375
0,26,96,0,4.43441e-05,40.5341
0,27,96,0,0.000138146,40.5353
0,28,96,0,5.80095e-05,40.532
0,29,96,0,0.000100588,40.531
0,30,96,0,0.000121041,40.5279
0,31,96,0,9.72405e-05,40.5239
0,32,96,0,0.000102262,40.5223
0,33,96,0,0.000100588,40.5213
0,34,96,0,3.9231e-05,40.5177
0,35,96,0,5.96835e-05,40.5157
0,36,96,0,3.7557e-05,40.5134
0,37,96,0,0.000116019,40.5138
0,38,96,0,7.8462e-05,40.5111
0,39,96,0,7.8462e-05,40.5099
0,40,96,0,4.79469e-05,40.5085
0,41,96,0,6.20308e-05,40.5083
0,42,96,0,0.000121041,40.5099
0,43,96,0,9.89145e-05,40.5092
0,44,96,0,5.96835e-05,40.5071
0,45,96,0,9.89145e-05,40.5087
0,46,96,0,8.0136e-05,40.5085
0,47,96,0,5.96835e-05,40.5084
0,48,96,0,0.000112325,40.5099
0,49,96,0,1.87785e-05,40.5045
0,50,96,0,0.000138146,40.5062
0,51,96,0,6.13575e-05,40.5015
0,52,96,0,0.000138146,40.5012
0,53,96,0,5.96835e-05,40.4964
0,54,96,0,7.8462e-05,40.4949
0,55,96,0,6.13575e-05,40.4915
0,56,96,0,1.87785e-05,40.4887
0,57,96,0,6.13575e-05,40.4888
0,58,96,0,0,40.4863
0,59,96,0,3.32353e-05,40.4892
0,60,96,0,8.24833e-05,40.4936
0,61,96,0,9.89145e-05,40.495
0,62,96,0,0.000110906,40.496
0,63,96,0,5.96835e-05,40.4955
0,64,96,0,6.13575e-05,40.4976
0,65,96,0,0.000136472,40.5009
0,66,96,0,8.0136e-05,40.4986
0,67,96,0,4.85747e-05,40.4969
0,68,96,0,8.0136e-05,40.497
0,69,96,0,0.000112325,40.4968
0,70,96,0,0.000154276,40.4959
0,71,96,0,8.0136e-05,40.4899
0,72,96,0,5.80095e-05,40.4868
0,73,96,0,8.0136e-05,40.486
0,74,96,0,2.04525e-05,40.4848
0,75,96,0,0.000100588,40.4891
0,76,96,0,0.000119786,40.4907
0,77,96,0,9.72405e-05,40.4891
0,78,96,0,7.8462e-05,40.4882
0,79,96,0,4.0905e-05,40.4869
0,80,96,0,8.0136e-05,40.4912
0,81,96,0,0.000158598,40.4973
0,82,96,0,7.8462e-05,40.4958
0,83,96,0,0.000117693,40.4963
0,84,96,0,9.89145e-05,40.4949
0,85,96,0,0.000117693,40.495
0,86,96,0,0.000117693,40.4944
0,87,96,0,6.13575e-05,40.4909
0,88,96,0,9.55665e-05,40.4905
0,89,96,0,1.87785e-05,40.4875
0,90,96,0,6.13575e-05,40.4889
0,91,96,0,0.000138146,40.4915
0,92,96,0,6.13575e-05,40.4873
0,93,96,0,8.181e-05,40.4866
0,94,96,0,8.31566e-05,40.4859
0,95,96,0,0.000107467,40.4857
0,96,96,0,6.82357e-05,40.4844
0,97,96,0,4.0905e-05,40.4835
0,98,96,0,8.0136e-05,40.4854
0,99,96,0,4.0905e-05,40.4813
0,100,96,0,5.96835e-05,40.48
0,101,96,0,0.000119367,40.4809
0,102,96,0,2.04525e-05,40.4775
0,103,96,0,0.000114345,40.4817
0,104,96,0,9.79138e-05,40.4844
0,105,96,0,0.000149254,40.4893
0,106,96,0,0.000209966,40.4925
0,107,96,0,2.04525e-05,40.4852
0,108,96,0,6.13575e-05,40.485
0,109,96,0,6.73532e-05,40.4872
0,110,96,0,0.000161946,40.4926
0,111,96,0,0.00013982,40.4919
0,112,96,0,0.000161946,40.4906
0,113,96,0,5.96835e-05,40.4848
0,114,96,0,0.000100588,40.4837
0,115,96,0,9.72405e-05,40.4831
0,116,96,0,0.000151956,40.4835
0,117,96,0,4.0905e-05,40.477
0,118,96,0,0.000153485,40.4779
0,119,96,0,5.80095e-05,40.4735
0,120,96,0,0.000138146,40.4753
0,121,96,0,0.000100588,40.4735
0,122,96,0,0.000156924,40.4729
0,123,96,0,5.80095e-05,40.4665
0,124,96,0,2.04525e-05,40.4612
0,125,96,0,7.8462e-05,40.4607
0,126,96,0,0.000122715,40.4598
0,127,96,0,5.09676e-05,40.4541
0,0,97,0,0.000104525,40.607
0,1,97,0,7.61147e-05,40.6031
0,2,97,0,4.0905e-05,40.5963
0,3,97,0,6.60521e-05,40.5912
0,4,97,0,6.13575e-05,40.5872
0,5,97,0,0.000121041,40.5847
0,6,97,0,0.000119367,40.5783
0,7,97,0,4.17876e-05,40.5691
0,8,97,0,3.9231e-05,40.5639
0,9,97,0,5.96835e-05,40.5621
0,10,97,0,0.000156833,40.5628
0,11,97,0,7.15837e-05,40.5564
0,12,97,0,2.04525e-05,40.5523
0,13,97,0,0.000100588,40.555
0,14,97,0,6.99097e-05,40.5547
0,15,97,0,0.00014577,40.5567
0,16,97,0,8.65046e-05,40.5527
0,17,97,0,8.181e-05,40.5504
0,18,97,0,0.000131504,40.5511
0,19,97,0,0.000177377,40.5506
0,20,97,0,8.0136e-05,40.5445
0,21,97,0,8.181e-05,40.5413
0,22,97,0,0.000111697,40.539
0,23,97,0,3.9231e-05,40.5346
0,24,97,0,3.9231e-05,40.5347
0,25,97,0,0.000158598,40.538
0,26,97,0,0.000107212,40.5349
0,27,97,0,4.60181e-05,40.5319
0,28,97,0,0.000160272,40.5338
0,29,97,0,0.000156924,40.5311
0,30,97,0,4.0905e-05,40.5225
0,31,97,0,1.87785e-05,40.5176
0,32,97,0,3.9231e-05,40.5174
0,33,97,0,0.000119367,40.5206
0,34,97,0,0.000161155,40.5215
0,35,97,0,0.000117693,40.5182
0,36,97,0,0.000138146,40.5157
0,37,97,0,4.85747e-05,40.5104
0,38,97,0,5.96835e-05,40.5084
0,39,97,0,8.0136e-05,40.5087
0,40,97,0,0.000149882,40.5106
0,41,97,0,9.82412e-05,40.5079
0,42,97,0,3.7557e-05,40.5053
0,43,97,0,0.000110651,40.5071
0,44,97,0,5.96835e-05,40.5053
0,45,97,0,0.000102262,40.5073
0,46,97,0,9.89145e-05,40.5083
0,47,97,0,0.000119367,40.5104
0,48,97,0,0.000226997,40.5138
0,49,97,0,7.41403e-05,40.506
0,50,97,0,0.000121041,40.5044
0,51,97,0,6.13575e-05,40.499
0,52,97,0,5.45704e-05,40.4963
0,53,97,0,5.96835e-05,40.4945
0,54,97,0,0.000138146,40.4955
0,55,97,0,4.15783e-05,40.4909
0,56,97,0,0.000116019,40.4917
0,57,97,0,0.000121041,40.4913
0,58,97,0,6.13575e-05,40.4888
0,59,97,0,0.000106584,40.4918
0,60,97,0,0.000148954,40.495
0,61,97,0,4.0905e-05,40.4914
0,62,97,0,4.26701e-05,40.4915
0,63,97,0,8.0136e-05,40.4945
0,64,97,0,0.000135543,40.4987
0,65,97,0,0.000101471,40.4989
0,66,97,0,8.0136e-05,40.4976
0,67,97,0,0.00015595,40.4991
0,68,97,0,0.000121041,40.4966
0,69,97,0,6.58429e-05,40.4923
0,70,97,0,6.73532e-05,40.4892
0,71,97,0,2.04525e-05,40.4843
0,72,97,0,7.6788e-05,40.484
0,73,97,0,4.0905e-05,40.4826
0,74,97,0,8.43666e-05,40.4846
0,75,97,0,0.000100588,40.4869
0,76,97,0,9.14541e-05,40.4867
0,77,97,0,2.04525e-05,40.4837
0,78,97,0,0.000117693,40.4862
0,79,97,0,2.04525e-05,40.4836
0,80,97,0,6.13575e-05,40.4879
0,81,97,0,0.000135498,40.4943
0,82,97,0,0.000119367,40.4946
0,83,97,0,8.43666e-05,40.4928
0,84,97,0,5.80095e-05,40.4904
0,85,97,0,4.55996e-05,40.4898
0,86,97,0,0.000119367,40.4919
0,87,97,0,7.6788e-05,40.4897
0,88,97,0,9.45928e-05,40.49
0,89,97,0,0.00013982,40.4909
0,90,97,0,0.000100588,40.4898
0,91,97,0,0.000141494,40.4905
0,92,97,0,5.28964e-05,40.4855
0,93,97,0,9.89145e-05,40.4854
0,94,97,0,8.14371e-05,40.4838
0,95,97,0,3.06787e-05,40.4819
0,96,97,0,0.000116183,40.485
0,97,97,0,8.0136e-05,40.4858
0,98,97,0,0.000271969,40.4923
0,99,97,0,8.0136e-05,40.4831
0,100,97,0,5.96835e-05,40.4788
0,101,97,0,8.0136e-05,40.4778
0,102,97,0,4.69007e-05,40.4755
0,103,97,0,4.0905e-05,40.4763
0,104,97,0,5.56622e-05,40.4788
0,105,97,0,4.85747e-05,40.4819
0,106,97,0,9.89145e-05,40.4861
0,107,97,0,0.000139819,40.4867
0,108,97,0,8.0136e-05,40.4847
0,109,97,0,8.95708e-05,40.486
0,110,97,0,0.000141494,40.4892
0,111,97,0,5.96835e-05,40.486
0,112,97,0,8.0136e-05,40.4851
0,113,97,0,0.000105702,40.4835
0,114,97,0,5.96835e-05,40.4803
0,115,97,0,8.0136e-05,40.4802
0,116,97,0,0.000143259,40.4811
0,117,97,0,6.13575e-05,40.4749
0,118,97,0,6.31226e-05,40.4723
0,119,97,0,4.0905e-05,40.4694
0,120,97,0,8.181e-05,40.4705
0,121,97,0,8.26926e-05,40.4699
0,122,97,0,5.96835e-05,40.4681
0,123,97,0,0.000151956,40.4682
0,124,97,0,9.89145e-05,40.4632
0,125,97,0,8.0136e-05,40.4597
0,126,97,0,5.49889e-05,40.4569
0,127,97,0,0.000156924,40.4563
0,0,98,0,6.69683e-05,40.5977
0,1,98,0,1.40839e-05,40.5919
0,2,98,0,0,40.5851
0,3,98,0,1.40839e-05,40.5799
0,4,98,0,0,40.5744
0,5,98,0,0,40.5696
0,6,98,0,0,40.5639
0,7,98,0,0,40.5577
0,8,98,0,0,40.553
0,9,98,0,0,40.5499
0,10,98,0,0,40.5476
0,11,98,0,0,40.544
0,12,98,0,0,40.5413
0,13,98,0,0,40.5407
0,14,98,0,0,40.5401
0,15,98,0,0,40.5397
0,16,98,0,1.40839e-05,40.5382
0,17,98,0,0,40.5358
0,18,98,0,0,40.5345
0,19,98,0,0,40.5326
0,20,98,0,0,40.5293
0,21,98,0,0,40.5265
0,22,98,0,0,40.524
0,23,98,0,0,40.5216
0,24,98,0,0,40.5208
0,25,98,0,0,40.521
0,26,98,0,2.58204e-05,40.5205
0,27,98,0,1.53394e-05,40.5182
0,28,98,0,0,40.5162
0,29,98,0,0,40.5133
0,30,98,0,0,40.509
0,31,98,0,0,40.5058
0,32,98,0,0,40.5046
0,33,98,0,0,40.505
0,34,98,0,1.78959e-05,40.5052
0,35,98,0,0,40.5027
0,36,98,0,0,40.5004
0,37,98,0,1.27828e-05,40.498
0,38,98,0,0,40.4957
0,39,98,0,0,40.4949
0,40,98,0,0,40.4947
0,41,98,0,0,40.4934
0,42,98,0,0,40.4923
0,43,98,0,7.04194e-06,40.4925
0,44,98,0,0,40.4919
0,45,98,0,0,40.4923
0,46,98,0,0,40.4929
0,47,98,0,0,40.4936
0,48,98,0,0,40.4939
0,49,98,0,7.66969e-06,40.4913
0,50,98,0,0,40.4887
0,51,98,0,0,40.4857
0,52,98,0,5.11312e-06,40.4836
0,53,98,0,0,40.4819
0,54,98,0,0,40.4812
0,55,98,0,1.64312e-05,40.48
0,56,98,0,0,40.4788
0,57,98,0,0,40.4782
0,58,98,0,0,40.4776
0,59,98,0,0,40.4789
0,60,98,0,2.94232e-05,40.4809
0,61,98,0,0,40.4793
0,62,98,0,0,40.4794
0,63,98,0,0,40.481
0,64,98,0,2.47286e-05,40.4838
0,65,98,0,1.78959e-05,40.4839
0,66,98,0,0,40.4826
0,67,98,0,0,40.482
0,68,98,0,0,40.4803
0,69,98,0,2.55656e-06,40.4778
0,70,98,0,0,40.4752
0,71,98,0,0,40.4727
0,72,98,0,0,40.4716
0,73,98,0,0,40.4712
0,74,98,0,1.78959e-05,40.4724
0,75,98,0,0,40.4725
0,76,98,0,7.04194e-06,40.4725
0,77,98,0,0,40.4716
0,78,98,0,0,40.4721
0,79,98,0,0,40.4722
0,80,98,0,0,40.4743
0,81,98,0,7.66969e-06,40.4772
0,82,98,0,0,40.4779
0,83,98,0,1.78959e-05,40.478
0,84,98,0,0,40.4766
0,85,98,0,1.40839e-05,40.4765
0,86,98,0,0,40.4762
0,87,98,0,0,40.4755
0,88,98,0,7.66969e-06,40.4755
0,89,98,0,0,40.4752
0,90,98,0,0,40.4746
0,91,98,0,0,40.474
0,92,98,0,5.11312e-06,40.4723
0,93,98,0,0,40.4713
0,94,98,0,1.27828e-05,40.4708
0,95,98,0,0,40.4698
0,96,98,0,1.17366e-05,40.4709
0,97,98,0,0,40.4712
0,98,98,0,7.66969e-06,40.4723
0,99,98,0,0,40.4689
0,100,98,0,0,40.4663
0,101,98,0,0,40.4651
0,102,98,0,1.27828e-05,40.4645
0,103,98,0,0,40.4644
0,104,98,0,0,40.4656
0,105,98,0,0,40.4673
0,106,98,0,0,40.4693
0,107,98,0,0,40.47
0,108,98,0,0,40.4699
0,109,98,0,0,40.4704
0,110,98,0,0,40.471
0,111,98,0,0,40.4701
0,112,98,0,0,40.4692
0,113,98,0,1.53394e-05,40.4684
0,114,98,0,0,40.4662
0,115,98,0,0,40.4651
0,116,98,0,1.53394e-05,40.4645
0,117,98,0,0,40.4611
0,118,98,0,0,40.4586
0,119,98,0,0,40.4567
0,120,98,0,0,40.4561
0,121,98,0,1.78959e-05,40.4558
0,122,98,0,0,40.4537
0,123,98,0,0,40.4521
0,124,98,0,0,40.4493
0,125,98,0,0,40.4467
0,126,98,0,4.69463e-06,40.4447
0,127,98,0,7.04194e-06,40.443
0,0,99,0,6.69683e-05,40.5891
0,1,99,0,0,40.5817
0,2,99,0,0,40.5749
0,3,99,0,0,40.5688
0,4,99,0,0,40.5631
0,5,99,0,0,40.5577
0,6,99,0,0,40.5523
0,7,99,0,0,40.5471
0,8,99,0,0,40.5426
0,9,99,0,0,40.539
0,10,99,0,0,40.5359
0,11,99,0,0,40.5328
0,12,99,0,0,40.5303
0,13,99,0,0,40.5287
0,14,99,0,0,40.5273
0,15,99,0,0,40.526
0,16,99,0,0,40.5243
0,17,99,0,0,40.5223
0,18,99,0,0,40.5205
0,19,99,0,0,40.5184
0,20,99,0,0,40.5158
0,21,99,0,0,40.5134
0,22,99,0,0,40.5111
0,23,99,0,0,40.5091
0,24,99,0,0,40.5078
0,25,99,0,0,40.5068
0,26,99,0,0,40.5056
0,27,99,0,0,40.5038
0,28,99,0,0,40.5017
0,29,99,0,0,40.4992
0,30,99,0,0,40.4963
0,31,99,0,0,40.4939
0,32,99,0,0,40.4924
0,33,99,0,0,40.4916
0,34,99,0,0,40.4907
0,35,99,0,0,40.489
0,36,99,0,0,40.4871
0,37,99,0,0,40.4853
0,38,99,0,0,40.4836
0,39,99,0,0,40.4825
0,40,99,0,0,40.4817
0,41,99,0,0,40.4808
0,42,99,0,0,40.48
0,43,99,0,0,40.4797
0,44,99,0,0,40.4793
0,45,99,0,0,40.4793
0,46,99,0,0,40.4793
0,47,99,0,0,40.4793
0,48,99,0,0,40.4788
0,49,99,0,0,40.4773
0,50,99,0,0,40.4755
0,51,99,0,0,40.4734
0,52,99,0,0,40.4717
0,53,99,0,0,40.4703
0,54,99,0,0,40.4693
0,55,99,0,0,40.4683
0,56,99,0,0,40.4674
0,57,99,0,0,40.4668
0,58,99,0,0,40.4666
0,59,99,0,0,40.467
0,60,99,0,0,40.4676
0,61,99,0,0,40.4674
0,62,99,0,0,40.4676
0,63,99,0,0,40.4683
0,64,99,0,0,40.4693
0,65,99,0,0,40.4694
0,66,99,0,0,40.4688
0,67,99,0,0,40.468
0,68,99,0,0,40.4666
0,69,99,0,0,40.4649
0,70,99,0,0,40.4631
0,71,99,0,0,40.4615
0,72,99,0,0,40.4605
0,73,99,0,0,40.46
0,74,99,0,0,40.4602
0,75,99,0,0,40.4602
0,76,99,0,0,40.4601
0,77,99,0,0,40.4599
0,78,99,0,0,40.4601
0,79,99,0,0,40.4606
0,80,99,0,0,40.4617
0,81,99,0,0,40.4631
0,82,99,0,0,40.4637
0,83,99,0,0,40.4638
0,84,99,0,0,40.4634
0,85,99,0,0,40.4632
0,86,99,0,0,40.4628
0,87,99,0,0,40.4624
0,88,99,0,0,40.4621
0,89,99,0,0,40.4617
0,90,99,0,0,40.4612
0,91,99,0,0,40.4605
0,92,99,0,0,40.4595
0,93,99,0,0,40.4587
0,94,99,0,0,40.4581
0,95,99,0,0,40.4577
0,96,99,0,0,40.4577
0,97,99,0,0,40.4577
0,98,99,0,0,40.4574
0,99,99,0,0,40.4559
0,100,99,0,0,40.4544
0,101,99,0,0,40.4535
0,102,99,0,0,40.453
0,103,99,0,0,40.453
0,104,99,0,0,40.4536
0,105,99,0,0,40.4545
0,106,99,0,0,40.4555
0,107,99,0,0,40.4561
0,108,99,0,0,40.4563
0,109,99,0,0,40.4565
0,110,99,0,0,40.4565
0,111,99,0,0,40.4559
0,112,99,0,0,40.4552
0,113,99,0,0,40.4542
0,114,99,0,0,40.4528
0,115,99,0,0,40.4515
0,116,99,0,0,40.4502
0,117,99,0,0,40.4481
0,118,99,0,0,40.4461
0,119,99,0,0,40.4445
0,120,99,0,0,40.4434
0,121,99,0,0,40.4423
0,122,99,0,0,40.4407
0,123,99,0,0,40.439
0,124,99,0,0,40.437
0,125,99,0,0,40.435
0,126,99,0,0,40.4333
0,127,99,0,0,40.4318
0,0,100,0,6.69683e-05,40.5815
0,1,100,0,0,40.5734
0,2,100,0,0,40.5661
0,3,100,0,0,40.5596
0,4,100,0,0,40.5536
0,5,100,0,0,40.5481
0,6,100,0,0,40.5428
0,7,100,0,0,40.5379
0,8,100,0,0,40.5334
0,9,100,0,0,40.5296
0,10,100,0,0,40.5263
0,11,100,0,0,40.5232
0,12,100,0,0,40.5206
0,13,100,0,0,40.5184
0,14,100,0,0,40.5165
0,15,100,0,0,40.5147
0,16,100,0,0,40.5128
0,17,100,0,0,40.5108
0,18,100,0,0,40.5088
0,19,100,0,0,40.5066
0,20,100,0,0,40.5043
0,21,100,0,0,40.5021
0,22,100,0,0,40.4999
0,23,100,0,0,40.498
0,24,100,0,0,40.4964
0,25,100,0,0,40.4949
0,26,100,0,0,40.4934
0,27,100,0,0,40.4916
0,28,100,0,0,40.4896
0,29,100,0,0,40.4874
0,30,100,0,0,40.4851
0,31,100,0,0,40.483
0,32,100,0,0,40.4814
0,33,100,0,0,40.4801
0,34,100,0,0,40.4788
0,35,100,0,0,40.4774
0,36,100,0,0,40.4758
0,37,100,0,0,40.4742
0,38,100,0,0,40.4728
0,39,100,0,0,40.4717
0,40,100,0,0,40.4708
0,41,100,0,0,40.4699
0,42,100,0,0,40.4692
0,43,100,0,0,40.4687
0,44,100,0,0,40.4683
0,45,100,0,0,40.468
0,46,100,0,0,40.4677
0,47,100,0,0,40.4674
0,48,100,0,0,40.4667
0,49,100,0,0,40.4656
0,50,100,0,0,40.4642
0,51,100,0,0,40.4627
0,52,100,0,0,40.4613
0,53,100,0,0,40.4601
0,54,100,0,0,40.4591
0,55,100,0,0,40.4582
0,56,100,0,0,40.4575
0,57,100,0,0,40.457
0,58,100,0,0,40.4567
0,59,100,0,0,40.4568
0,60,100,0,0,40.4569
0,61,100,0,0,40.4569
0,62,100,0,0,40.457
0,63,100,0,0,40.4573
0,64,100,0,0,40.4576
0,65,100,0,0,40.4575
0,66,100,0,0,40.457
0,67,100,0,0,40.4563
0,68,100,0,0,40.4552
0,69,100,0,0,40.4539
0,70,100,0,0,40.4526
0,71,100,0,0,40.4514
0,72,100,0,0,40.4506
0,73,100,0,0,40.45
0,74,100,0,0,40.4498
0,75,100,0,0,40.4497
0,76,100,0,0,40.4496
0,77,100,0,0,40.4496
0,78,100,0,0,40.4498
0,79,100,0,0,40.4501
0,80,100,0,0,40.4508
0,81,100,0,0,40.4515
0,82,100,0,0,40.4519
0,83,100,0,0,40.452
0,84,100,0,0,40.4519
0,85,100,0,0,40.4517
0,86,100,0,0,40.4514
0,87,100,0,0,40.451
0,88,100,0,0,40.4507
0,89,100,0,0,40.4502
0,90,100,0,0,40.4497
0,91,100,0,0,40.4491
0,92,100,0,0,40.4484
0,93,100,0,0,40.4477
0,94,100,0,0,40.4472
0,95,100,0,0,40.4467
0,96,100,0,0,40.4464
0,97,100,0,0,40.4461
0,98,100,0,0,40.4456
0,99,100,0,0,40.4448
0,100,100,0,0,40.4438
0,101,100,0,0,40.4431
0,102,100,0,0,40.4427
0,103,100,0,0,40.4427
0,104,100,0,0,40.443
0,105,100,0,0,40.4435
0,106,100,0,0,40.444
0,107,100,0,0,40.4444
0,108,100,0,0,40.4445
0,109,100,0,0,40.4445
0,110,100,0,0,40.4443
0,111,100,0,0,40.4438
0,112,100,0,0,40.4431
0,113,100,0,0,40.4422
0,114,100,0,0,40.441
0,115,100,0,0,40.4398
0,116,100,0,0,40.4384
0,117,100,0,0,40.4367
0,118,100,0,0,40.4351
0,119,100,0,0,40.4336
0,120,100,0,0,40.4323
0,121,100,0,0,40.431
0,122,100,0,0,40.4295
0,123,100,0,0,40.428
0,124,100,0,0,40.4263
0,125,100,0,0,40.4248
0,126,100,0,0,40.4234
0,127,100,0,0,40.4223
0,0,101,0,6.69683e-05,40.5749
0,1,101,0,0,40.5664
0,2,101,0,0,40.5589
0,3,101,0,0,40.5521
0,4,101,0,0,40.5459
0,5,101,0,0,40.5403
0,6,101,0,0,40.535
0,7,101,0,0,40.5302
0,8,101,0,0,40.5258
0,9,101,0,0,40.5218
0,10,101,0,0,40.5183
0,11,101,0,0,40.5152
0,12,101,0,0,40.5124
0,13,101,0,0,40.5099
0,14,101,0,0,40.5076
0,15,101,0,0,40.5055
0,16,101,0,0,40.5034
0,17,101,0,0,40.5012
0,18,101,0,0,40.4991
0,19,101,0,0,40.4969
0,20,101,0,0,40.4947
0,21,101,0,0,40.4925
0,22,101,0,0,40.4904
0,23,101,0,0,40.4885
0,24,101,0,0,40.4867
0,25,101,0,0,40.485
0,26,101,0,0,40.4833
0,27,101,0,0,40.4814
0,28,101,0,0,40.4795
0,29,101,0,0,40.4775
0,30,101,0,0,40.4755
0,31,101,0,0,40.4736
0,32,101,0,0,40.472
0,33,101,0,0,40.4705
0,34,101,0,0,40.4691
0,35,101,0,0,40.4677
0,36,101,0,0,40.4662
0,37,101,0,0,40.4648
0,38,101,0,0,40.4636
0,39,101,0,0,40.4625
0,40,101,0,0,40.4615
0,41,101,0,0,40.4607
0,42,101,0,0,40.46
0,43,101,0,0,40.4594
0,44,101,0,0,40.4589
0,45,101,0,0,40.4585
0,46,101,0,0,40.458
0,47,101,0,0,40.4575
0,48,101,0,0,40.4568
0,49,101,0,0,40.4559
0,50,101,0,0,40.4548
0,51,101,0,0,40.4537
0,52,101,0,0,40.4525
0,53,101,0,0,40.4515
0,54,101,0,0,40.4506
0,55,101,0,0,40.4498
0,56,101,0,0,40.4492
0,57,101,0,0,40.4487
0,58,101,0,0,40.4483
0,59,101,0,0,40.4482
0,60,101,0,0,40.4481
0,61,101,0,0,40.448
0,62,101,0,0,40.448
0,63,101,0,0,40.448
0,64,101,0,0,40.448
0,65,101,0,0,40.4478
0,66,101,0,0,40.4473
0,67,101,0,0,40.4466
0,68,101,0,0,40.4458
0,69,101,0,0,40.4448
0,70,101,0,0,40.4437
0,71,101,0,0,40.4428
0,72,101,0,0,40.442
0,73,101,0,0,40.4415
0,74,101,0,0,40.4412
0,75,101,0,0,40.4409
0,76,101,0,0,40.4408
0,77,101,0,0,40.4408
0,78,101,0,0,40.4409
0,79,101,0,0,40.4411
0,80,101,0,0,40.4415
0,81,101,0,0,40.4419
0,82,101,0,0,40.4422
0,83,101,0,0,40.4422
0,84,101,0,0,40.4422
0,85,101,0,0,40.442
0,86,101,0,0,40.4417
0,87,101,0,0,40.4414
0,88,101,0,0,40.441
0,89,101,0,0,40.4406
0,90,101,0,0,40.4401
0,91,101,0,0,40.4395
0,92,101,0,0,40.4389
0,93,101,0,0,40.4383
0,94,101,0,0,40.4378
0,95,101,0,0,40.4373
0,96,101,0,0,40.4369
0,97,101,0,0,40.4365
0,98,101,0,0,40.436
0,99,101,0,0,40.4353
0,100,101,0,0,40.4347
0,101,101,0,0,40.4342
0,102,101,0,0,40.4339
0,103,101,0,0,40.4338
0,104,101,0,0,40.4339
0,105,101,0,0,40.4342
0,106,101,0,0,40.4344
0,107,101,0,0,40.4346
0,108,101,0,0,40.4346
0,109,101,0,0,40.4345
0,110,101,0,0,40.4342
0,111,101,0,0,40.4337
0,112,101,0,0,40.433
0,113,101,0,0,40.4321
0,114,101,0,0,40.4311
0,115,101,0,0,40.4299
0,116,101,0,0,40.4285
0,117,101,0,0,40.4271
0,118,101,0,0,40.4256
0,119,101,0,0,40.4242
0,120,101,0,0,40.4228
0,121,101,0,0,40.4215
0,122,101,0,0,40.4201
0,123,101,0,0,40.4187
0,124,101,0,0,40.4173
0,125,101,0,0,40.416
0,126,101,0,0,40.4148
0,127,101,0,0,40.414
0,0,102,0,6.69683e-05,40.5695
0,1,102,0,0,40.5608
0,2,102,0,0,40.5531
0,3,102,0,0,40.5461
0,4,102,0,0,40.5399
0,5,102,0,0,40.5341
0,6,102,0,0,40.5288
0,7,102,0,0,40.524
0,8,102,0,0,40.5196
0,9,102,0,0,40.5156
0,10,102,0,0,40.512
0,11,102,0,0,40.5087
0,12,102,0,0,40.5058
0,13,102,0,0,40.5031
0,14,102,0,0,40.5005
0,15,102,0,0,40.4982
0,16,102,0,0,40.4959
0,17,102,0,0,40.4936
0,18,102,0,0,40.4914
0,19,102,0,0,40.4892
0,20,102,0,0,40.4869
0,21,102,0,0,40.4848
0,22,102,0,0,40.4827
0,23,102,0,0,40.4807
0,24,102,0,0,40.4788
0,25,102,0,0,40.477
0,26,102,0,0,40.4751
0,27,102,0,0,40.4733
0,28,102,0,0,40.4714
0,29,102,0,0,40.4694
0,30,102,0,0,40.4675
0,31,102,0,0,40.4658
0,32,102,0,0,40.4641
0,33,102,0,0,40.4626
0,34,102,0,0,40.4611
0,35,102,0,0,40.4597
0,36,102,0,0,40.4584
0,37,102,0,0,40.4571
0,38,102,0,0,40.4559
0,39,102,0,0,40.4549
0,40,102,0,0,40.454
0,41,102,0,0,40.4531
0,42,102,0,0,40.4524
0,43,102,0,0,40.4518
0,44,102,0,0,40.4512
0,45,102,0,0,40.4507
0,46,102,0,0,40.4502
0,47,102,0,0,40.4496
0,48,102,0,0,40.4489
0,49,102,0,0,40.4481
0,50,102,0,0,40.4472
0,51,102,0,0,40.4463
0,52,102,0,0,40.4454
0,53,102,0,0,40.4445
0,54,102,0,0,40.4437
0,55,102,0,0,40.443
0,56,102,0,0,40.4423
0,57,102,0,0,40.4419
0,58,102,0,0,40.4415
0,59,102,0,0,40.4412
0,60,102,0,0,40.441
0,61,102,0,0,40.4408
0,62,102,0,0,40.4407
0,63,102,0,0,40.4405
0,64,102,0,0,40.4403
0,65,102,0,0,40.44
0,66,102,0,0,40.4395
0,67,102,0,0,40.4389
0,68,102,0,0,40.4382
0,69,102,0,0,40.4373
0,70,102,0,0,40.4365
0,71,102,0,0,40.4357
0,72,102,0,0,40.435
0,73,102,0,0,40.4344
0,74,102,0,0,40.434
0,75,102,0,0,40.4338
0,76,102,0,0,40.4336
0,77,102,0,0,40.4335
0,78,102,0,0,40.4336
0,79,102,0,0,40.4337
0,80,102,0,0,40.4339
0,81,102,0,0,40.4341
0,82,102,0,0,40.4343
0,83,102,0,0,40.4343
0,84,102,0,0,40.4342
0,85,102,0,0,40.4341
0,86,102,0,0,40.4338
0,87,102,0,0,40.4335
0,88,102,0,0,40.4331
0,89,102,0,0,40.4327
0,90,102,0,0,40.4322
0,91,102,0,0,40.4317
0,92,102,0,0,40.4312
0,93,102,0,0,40.4306
0,94,102,0,0,40.43
0,95,102,0,0,40.4295
0,96,102,0,0,40.4291
0,97,102,0,0,40.4286
0,98,102,0,0,40.4281
0,99,102,0,0,40.4276
0,100,102,0,0,40.4271
0,101,102,0,0,40.4267
0,102,102,0,0,40.4265
0,103,102,0,0,40.4264
0,104,102,0,0,40.4264
0,105,102,0,0,40.4265
0,106,102,0,0,40.4266
0,107,102,0,0,40.4266
0,108,102,0,0,40.4266
0,109,102,0,0,40.4264
0,110,102,0,0,40.426
0,111,102,0,0,40.4255
0,112,102,0,0,40.4248
0,113,102,0,0,40.4239
0,114,102,0,0,40.4229
0,115,102,0,0,40.4217
0,116,102,0,0,40.4205
0,117,102,0,0,40.4191
0,118,102,0,0,40.4177
0,119,102,0,0,40.4164
0,120,102,0,0,40.415
0,121,102,0,0,40.4136
0,122,102,0,0,40.4123
0,123,102,0,0,40.411
0,124,102,0,0,40.4097
0,125,102,0,0,40.4086
0,126,102,0,0,40.4076
0,127,102,0,0,40.4069
0,0,103,0,6.69683e-05,40.5653
0,1,103,0,0,40.5565
0,2,103,0,0,40.5487
0,3,103,0,0,40.5417
0,4,103,0,0,40.5353
0,5,103,0,0,40.5295
0,6,103,0,0,40.5243
0,7,103,0,0,40.5194
0,8,103,0,0,40.515
0,9,103,0,0,40.511
0,10,103,0,0,40.5073
0,11,103,0,0,40.5039
0,12,103,0,0,40.5008
0,13,103,0,0,40.4979
0,14,103,0,0,40.4952
0,15,103,0,0,40.4927
0,16,103,0,0,40.4902
0,17,103,0,0,40.4878
0,18,103,0,0,40.4855
0,19,103,0,0,40.4832
0,20,103,0,0,40.481
0,21,103,0,0,40.4788
0,22,103,0,0,40.4767
0,23,103,0,0,40.4746
0,24,103,0,0,40.4727
0,25,103,0,0,40.4707
0,26,103,0,0,40.4688
0,27,103,0,0,40.4669
0,28,103,0,0,40.465
0,29,103,0,0,40.4631
0,30,103,0,0,40.4613
0,31,103,0,0,40.4595
0,32,103,0,0,40.4579
0,33,103,0,0,40.4563
0,34,103,0,0,40.4549
0,35,103,0,0,40.4535
0,36,103,0,0,40.4522
0,37,103,0,0,40.451
0,38,103,0,0,40.4499
0,39,103,0,0,40.4489
0,40,103,0,0,40.448
0,41,103,0,0,40.4472
0,42,103,0,0,40.4464
0,43,103,0,0,40.4458
0,44,103,0,0,40.4452
0,45,103,0,0,40.4446
0,46,103,0,0,40.4441
0,47,103,0,0,40.4435
0,48,103,0,0,40.4429
0,49,103,0,0,40.4422
0,50,103,0,0,40.4414
0,51,103,0,0,40.4406
0,52,103,0,0,40.4398
0,53,103,0,0,40.439
0,54,103,0,0,40.4383
0,55,103,0,0,40.4377
0,56,103,0,0,40.4371
0,57,103,0,0,40.4366
0,58,103,0,0,40.4362
0,59,103,0,0,40.4358
0,60,103,0,0,40.4355
0,61,103,0,0,40.4353
0,62,103,0,0,40.435
0,63,103,0,0,40.4347
0,64,103,0,0,40.4344
0,65,103,0,0,40.434
0,66,103,0,0,40.4336
0,67,103,0,0,40.433
0,68,103,0,0,40.4323
0,69,103,0,0,40.4315
0,70,103,0,0,40.4308
0,71,103,0,0,40.43
0,72,103,0,0,40.4294
0,73,103,0,0,40.4288
0,74,103,0,0,40.4284
0,75,103,0,0,40.4281
0,76,103,0,0,40.4279
0,77,103,0,0,40.4278
0,78,103,0,0,40.4278
0,79,103,0,0,40.4279
0,80,103,0,0,40.428
0,81,103,0,0,40.4281
0,82,103,0,0,40.4281
0,83,103,0,0,40.4281
0,84,103,0,0,40.428
0,85,103,0,0,40.4279
0,86,103,0,0,40.4276
0,87,103,0,0,40.4273
0,88,103,0,0,40.427
0,89,103,0,0,40.4265
0,90,103,0,0,40.4261
0,91,103,0,0,40.4256
0,92,103,0,0,40.425
0,93,103,0,0,40.4245
0,94,103,0,0,40.4239
0,95,103,0,0,40.4234
0,96,103,0,0,40.4228
0,97,103,0,0,40.4223
0,98,103,0,0,40.4219
0,99,103,0,0,40.4214
0,100,103,0,0,40.421
0,101,103,0,0,40.4207
0,102,103,0,0,40.4205
0,103,103,0,0,40.4204
0,104,103,0,0,40.4204
0,105,103,0,0,40.4204
0,106,103,0,0,40.4204
0,107,103,0,0,40.4204
0,108,103,0,0,40.4203
0,109,103,0,0,40.42
0,110,103,0,0,40.4196
0,111,103,0,0,40.4191
0,112,103,0,0,40.4183
0,113,103,0,0,40.4175
0,114,103,0,0,40.4165
0,115,103,0,0,40.4153
0,116,103,0,0,40.4141
0,117,103,0,0,40.4128
0,118,103,0,0,40.4114
0,119,103,0,0,40.4101
0,120,103,0,0,40.4087
0,121,103,0,0,40.4074
0,122,103,0,0,40.4061
0,123,103,0,0,40.4048
0,124,103,0,0,40.4036
0,125,103,0,0,40.4025
0,126,103,0,0,40.4016
0,127,103,0,0,40.401
0,0,104,0,6.69683e-05,40.5622
0,1,104,0,0,40.5534
0,2,104,0,0,40.5456
0,3,104,0,0,40.5386
0,4,104,0,0,40.5322
0,5,104,0,0,40.5265
0,6,104,0,0,40.5212
0,7,104,0,0,40.5164
0,8,104,0,0,40.512
0,9,104,0,0,40.508
0,10,104,0,0,40.5042
0,11,104,0,0,40.5007
0,12,104,0,0,40.4975
0,13,104,0,0,40.4945
0,14,104,0,0,40.4916
0,15,104,0,0,40.4889
0,16,104,0,0,40.4863
0,17,104,0,0,40.4838
0,18,104,0,0,40.4814
0,19,104,0,0,40.479
0,20,104,0,0,40.4768
0,21,104,0,0,40.4745
0,22,104,0,0,40.4724
0,23,104,0,0,40.4703
0,24,104,0,0,40.4682
0,25,104,0,0,40.4662
0,26,104,0,0,40.4642
0,27,104,0,0,40.4623
0,28,104,0,0,40.4604
0,29,104,0,0,40.4585
0,30,104,0,0,40.4566
0,31,104,0,0,40.4549
0,32,104,0,0,40.4533
0,33,104,0,0,40.4517
0,34,104,0,0,40.4503
0,35,104,0,0,40.4489
0,36,104,0,0,40.4477
0,37,104,0,0,40.4465
0,38,104,0,0,40.4454
0,39,104,0,0,40.4445
0,40,104,0,0,40.4436
0,41,104,0,0,40.4428
0,42,104,0,0,40.442
0,43,104,0,0,40.4414
0,44,104,0,0,40.4408
0,45,104,0,0,40.4402
0,46,104,0,0,40.4396
0,47,104,0,0,40.4391
0,48,104,0,0,40.4385
0,49,104,0,0,40.4379
0,50,104,0,0,40.4373
0,51,104,0,0,40.4366
0,52,104,0,0,40.4359
0,53,104,0,0,40.4352
0,54,104,0,0,40.4346
0,55,104,0,0,40.434
0,56,104,0,0,40.4334
0,57,104,0,0,40.4329
0,58,104,0,0,40.4325
0,59,104,0,0,40.432
0,60,104,0,0,40.4317
0,61,104,0,0,40.4313
0,62,104,0,0,40.431
0,63,104,0,0,40.4306
0,64,104,0,0,40.4302
0,65,104,0,0,40.4298
0,66,104,0,0,40.4293
0,67,104,0,0,40.4288
0,68,104,0,0,40.4281
0,69,104,0,0,40.4274
0,70,104,0,0,40.4267
0,71,104,0,0,40.426
0,72,104,0,0,40.4253
0,73,104,0,0,40.4248
0,74,104,0,0,40.4243
0,75,104,0,0,40.424
0,76,104,0,0,40.4237
0,77,104,0,0,40.4236
0,78,104,0,0,40.4235
0,79,104,0,0,40.4236
0,80,104,0,0,40.4236
0,81,104,0,0,40.4237
0,82,104,0,0,40.4237
0,83,104,0,0,40.4237
0,84,104,0,0,40.4235
0,85,104,0,0,40.4234
0,86,104,0,0,40.4231
0,87,104,0,0,40.4228
0,88,104,0,0,40.4224
0,89,104,0,0,40.422
0,90,104,0,0,40.4216
0,91,104,0,0,40.421
0,92,104,0,0,40.4205
0,93,104,0,0,40.4199
0,94,104,0,0,40.4193
0,95,104,0,0,40.4187
0,96,104,0,0,40.4182
0,97,104,0,0,40.4177
0,98,104,0,0,40.4172
0,99,104,0,0,40.4168
0,100,104,0,0,40.4164
0,101,104,0,0,40.4162
0,102,104,0,0,40.4161
0,103,104,0,0,40.416
0,104,104,0,0,40.416
0,105,104,0,0,40.416
0,106,104,0,0,40.4159
0,107,104,0,0,40.4158
0,108,104,0,0,40.4157
0,109,104,0,0,40.4154
0,110,104,0,0,40.4149
0,111,104,0,0,40.4144
0,112,104,0,0,40.4136
0,113,104,0,0,40.4128
0,114,104,0,0,40.4117
0,115,104,0,0,40.4106
0,116,104,0,0,40.4093
0,117,104,0,0,40.408
0,118,104,0,0,40.4067
0,119,104,0,0,40.4053
0,120,104,0,0,40.404
0,121,104,0,0,40.4026
0,122,104,0,0,40.4013
0,123,104,0,0,40.4
0,124,104,0,0,40.3988
0,125,104,0,0,40.3978
0,126,104,0,0,40.3969
0,127,104,0,0,40.3963
0,0,105,0,6.69683e-05,40.5604
0,1,105,0,0,40.5516
0,2,105,0,0,40.5438
0,3,105,0,0,40.5369
0,4,105,0,0,40.5306
0,5,105,0,0,40.5249
0,6,105,0,0,40.5197
0,7,105,0,0,40.515
0,8,105,0,0,40.5106
0,9,105,0,0,40.5065
0,10,105,0,0,40.5027
0,11,105,0,0,40.4992
0,12,105,0,0,40.4958
0,13,105,0,0,40.4927
0,14,105,0,0,40.4897
0,15,105,0,0,40.4868
0,16,105,0,0,40.4841
0,17,105,0,0,40.4815
0,18,105,0,0,40.479
0,19,105,0,0,40.4766
0,20,105,0,0,40.4742
0,21,105,0,0,40.472
0,22,105,0,0,40.4698
0,23,105,0,0,40.4676
0,24,105,0,0,40.4655
0,25,105,0,0,40.4634
0,26,105,0,0,40.4614
0,27,105,0,0,40.4594
0,28,105,0,0,40.4574
0,29,105,0,0,40.4555
0,30,105,0,0,40.4536
0,31,105,0,0,40.4519
0,32,105,0,0,40.4502
0,33,105,0,0,40.4487
0,34,105,0,0,40.4472
0,35,105,0,0,40.4459
0,36,105,0,0,40.4447
0,37,105,0,0,40.4436
0,38,105,0,0,40.4425
0,39,105,0,0,40.4416
0,40,105,0,0,40.4408
0,41,105,0,0,40.44
0,42,105,0,0,40.4392
0,43,105,0,0,40.4386
0,44,105,0,0,40.438
0,45,105,0,0,40.4374
0,46,105,0,0,40.4369
0,47,105,0,0,40.4364
0,48,105,0,0,40.4359
0,49,105,0,0,40.4354
0,50,105,0,0,40.4348
0,51,105,0,0,40.4342
0,52,105,0,0,40.4336
0,53,105,0,0,40.433
0,54,105,0,0,40.4324
0,55,105,0,0,40.4318
0,56,105,0,0,40.4313
0,57,105,0,0,40.4308
0,58,105,0,0,40.4303
0,59,105,0,0,40.4298
0,60,105,0,0,40.4294
0,61,105,0,0,40.429
0,62,105,0,0,40.4286
0,63,105,0,0,40.4281
0,64,105,0,0,40.4277
0,65,105,0,0,40.4273
0,66,105,0,0,40.4268
0,67,105,0,0,40.4262
0,68,105,0,0,40.4256
0,69,105,0,0,40.4249
0,70,105,0,0,40.4241
0,71,105,0,0,40.4234
0,72,105,0,0,40.4227
0,73,105,0,0,40.4221
0,74,105,0,0,40.4216
0,75,105,0,0,40.4213
0,76,105,0,0,40.421
0,77,105,0,0,40.4209
0,78,105,0,0,40.4208
0,79,105,0,0,40.4208
0,80,105,0,0,40.4209
0,81,105,0,0,40.4209
0,82,105,0,0,40.4209
0,83,105,0,0,40.4208
0,84,105,0,0,40.4207
0,85,105,0,0,40.4205
0,86,105,0,0,40.4202
0,87,105,0,0,40.4199
0,88,105,0,0,40.4195
0,89,105,0,0,40.4191
0,90,105,0,0,40.4187
0,91,105,0,0,40.4181
0,92,105,0,0,40.4176
0,93,105,0,0,40.417
0,94,105,0,0,40.4163
0,95,105,0,0,40.4157
0,96,105,0,0,40.4151
0,97,105,0,0,40.4145
0,98,105,0,0,40.414
0,99,105,0,0,40.4136
0,100,105,0,0,40.4133
0,101,105,0,0,40.4132
0,102,105,0,0,40.4131
0,103,105,0,0,40.4131
0,104,105,0,0,40.4131
0,105,105,0,0,40.4131
0,106,105,0,0,40.413
0,107,105,0,0,40.4129
0,108,105,0,0,40.4127
0,109,105,0,0,40.4124
0,110,105,0,0,40.412
0,111,105,0,0,40.4114
0,112,105,0,0,40.4106
0,113,105,0,0,40.4097
0,114,105,0,0,40.4087
0,115,105,0,0,40.4075
0,116,105,0,0,40.4062
0,117,105,0,0,40.4049
0,118,105,0,0,40.4035
0,119,105,0,0,40.4021
0,120,105,0,0,40.4007
0,121,105,0,0,40.3993
0,122,105,0,0,40.398
0,123,105,0,0,40.3967
0,124,105,0,0,40.3954
0,125,105,0,0,40.3943
0,126,105,0,0,40.3934
0,127,105,0,0,40.3927
0,0,106,0,6.69683e-05,40.5596
0,1,106,0,0,40.551
0,2,106,0,0,40.5434
0,3,106,0,0,40.5366
0,4,106,0,0,40.5305
0,5,106,0,0,40.5249
0,6,106,0,0,40.5198
0,7,106,0,0,40.5151
0,8,106,0,0,40.5108
0,9,106,0,0,40.5067
0,10,106,0,0,40.5029
0,11,106,0,0,40.4993
0,12,106,0,0,40.4958
0,13,106,0,0,40.4926
0,14,106,0,0,40.4894
0,15,106,0,0,40.4865
0,16,106,0,0,40.4836
0,17,106,0,0,40.4809
0,18,106,0,0,40.4783
0,19,106,0,0,40.4758
0,20,106,0,0,40.4734
0,21,106,0,0,40.4711
0,22,106,0,0,40.4689
0,23,106,0,0,40.4667
0,24,106,0,0,40.4645
0,25,106,0,0,40.4624
0,26,106,0,0,40.4602
0,27,106,0,0,40.4581
0,28,106,0,0,40.4561
0,29,106,0,0,40.4541
0,30,106,0,0,40.4523
0,31,106,0,0,40.4505
0,32,106,0,0,40.4488
0,33,106,0,0,40.4472
0,34,106,0,0,40.4457
0,35,106,0,0,40.4444
0,36,106,0,0,40.4433
0,37,106,0,0,40.4422
0,38,106,0,0,40.4412
0,39,106,0,0,40.4403
0,40,106,0,0,40.4395
0,41,106,0,0,40.4387
0,42,106,0,0,40.438
0,43,106,0,0,40.4373
0,44,106,0,0,40.4367
0,45,106,0,0,40.4362
0,46,106,0,0,40.4357
0,47,106,0,0,40.4353
0,48,106,0,0,40.4349
0,49,106,0,0,40.4345
0,50,106,0,0,40.434
0,51,106,0,0,40.4335
0,52,106,0,0,40.4329
0,53,106,0,0,40.4323
0,54,106,0,0,40.4318
0,55,106,0,0,40.4312
0,56,106,0,0,40.4307
0,57,106,0,0,40.4302
0,58,106,0,0,40.4297
0,59,106,0,0,40.4293
0,60,106,0,0,40.4287
0,61,106,0,0,40.4282
0,62,106,0,0,40.4278
0,63,106,0,0,40.4273
0,64,106,0,0,40.4268
0,65,106,0,0,40.4264
0,66,106,0,0,40.4259
0,67,106,0,0,40.4254
0,68,106,0,0,40.4247
0,69,106,0,0,40.424
0,70,106,0,0,40.4232
0,71,106,0,0,40.4224
0,72,106,0,0,40.4217
0,73,106,0,0,40.421
0,74,106,0,0,40.4205
0,75,106,0,0,40.42
0,76,106,0,0,40.4198
0,77,106,0,0,40.4196
0,78,106,0,0,40.4196
0,79,106,0,0,40.4196
0,80,106,0,0,40.4197
0,81,106,0,0,40.4197
0,82,106,0,0,40.4197
0,83,106,0,0,40.4197
0,84,106,0,0,40.4195
0,85,106,0,0,40.4193
0,86,106,0,0,40.419
0,87,106,0,0,40.4187
0,88,106,0,0,40.4183
0,89,106,0,0,40.4179
0,90,106,0,0,40.4174
0,91,106,0,0,40.4169
0,92,106,0,0,40.4163
0,93,106,0,0,40.4156
0,94,106,0,0,40.4149
0,95,106,0,0,40.4142
0,96,106,0,0,40.4134
0,97,106,0,0,40.4128
0,98,106,0,0,40.4123
0,99,106,0,0,40.4119
0,100,106,0,0,40.4117
0,101,106,0,0,40.4116
0,102,106,0,0,40.4116
0,103,106,0,0,40.4117
0,104,106,0,0,40.4118
0,105,106,0,0,40.4118
0,106,106,0,0,40.4118
0,107,106,0,0,40.4117
0,108,106,0,0,40.4115
0,109,106,0,0,40.4112
0,110,106,0,0,40.4107
0,111,106,0,0,40.4101
0,112,106,0,0,40.4094
0,113,106,0,0,40.4084
0,114,106,0,0,40.4073
0,115,106,0,0,40.406
0,116,106,0,0,40.4047
0,117,106,0,0,40.4033
0,118,106,0,0,40.4018
0,119,106,0,0,40.4004
0,120,106,0,0,40.399
0,121,106,0,0,40.3975
0,122,106,0,0,40.3961
0,123,106,0,0,40.3947
0,124,106,0,0,40.3934
0,125,106,0,0,40.3922
0,126,106,0,0,40.3911
0,127,106,0,0,40.3903
0,0,107,0,6.69683e-05,40.56
0,1,107,0,0,40.5516
0,2,107,0,0,40.5442
0,3,107,0,0,40.5377
0,4,107,0,0,40.5318
0,5,107,0,0,40.5264
0,6,107,0,0,40.5215
0,7,107,0,0,40.5169
0,8,107,0,0,40.5126
0,9,107,0,0,40.5086
0,10,107,0,0,40.5047
0,11,107,0,0,40.5011
0,12,107,0,0,40.4976
0,13,107,0,0,40.4942
0,14,107,0,0,40.4909
0,15,107,0,0,40.4878
0,16,107,0,0,40.4848
0,17,107,0,0,40.482
0,18,107,0,0,40.4793
0,19,107,0,0,40.4768
0,20,107,0,0,40.4743
0,21,107,0,0,40.472
0,22,107,0,0,40.4697
0,23,107,0,0,40.4675
0,24,107,0,0,40.4652
0,25,107,0,0,40.463
0,26,107,0,0,40.4608
0,27,107,0,0,40.4586
0,28,107,0,0,40.4565
0,29,107,0,0,40.4544
0,30,107,0,0,40.4525
0,31,107,0,0,40.4506
0,32,107,0,0,40.4489
0,33,107,0,0,40.4472
0,34,107,0,0,40.4458
0,35,107,0,0,40.4445
0,36,107,0,0,40.4434
0,37,107,0,0,40.4424
0,38,107,0,0,40.4415
0,39,107,0,0,40.4407
0,40,107,0,0,40.4399
0,41,107,0,0,40.4391
0,42,107,0,0,40.4384
0,43,107,0,0,40.4377
0,44,107,0,0,40.4371
0,45,107,0,0,40.4366
0,46,107,0,0,40.4362
0,47,107,0,0,40.4358
0,48,107,0,0,40.4355
0,49,107,0,0,40.4352
0,50,107,0,0,40.4349
0,51,107,0,0,40.4344
0,52,107,0,0,40.4339
0,53,107,0,0,40.4333
0,54,107,0,0,40.4328
0,55,107,0,0,40.4323
0,56,107,0,0,40.4318
0,57,107,0,0,40.4313
0,58,107,0,0,40.4308
0,59,107,0,0,40.4303
0,60,107,0,0,40.4297
0,61,107,0,0,40.4291
0,62,107,0,0,40.4285
0,63,107,0,0,40.428
0,64,107,0,0,40.4276
0,65,107,0,0,40.4272
0,66,107,0,0,40.4267
0,67,107,0,0,40.4262
0,68,107,0,0,40.4255
0,69,107,0,0,40.4247
0,70,107,0,0,40.4239
0,71,107,0,0,40.423
0,72,107,0,0,40.4221
0,73,107,0,0,40.4213
0,74,107,0,0,40.4207
0,75,107,0,0,40.4202
0,76,107,0,0,40.42
0,77,107,0,0,40.4199
0,78,107,0,0,40.4199
0,79,107,0,0,40.42
0,80,107,0,0,40.4201
0,81,107,0,0,40.4202
0,82,107,0,0,40.4202
0,83,107,0,0,40.4202
0,84,107,0,0,40.42
0,85,107,0,0,40.4198
0,86,107,0,0,40.4194
0,87,107,0,0,40.4191
0,88,107,0,0,40.4187
0,89,107,0,0,40.4182
0,90,107,0,0,40.4178
0,91,107,0,0,40.4172
0,92,107,0,0,40.4166
0,93,107,0,0,40.4159
0,94,107,0,0,40.415
0,95,107,0,0,40.4142
0,96,107,0,0,40.4133
0,97,107,0,0,40.4125
0,98,107,0,0,40.412
0,99,107,0,0,40.4116
0,100,107,0,0,40.4115
0,101,107,0,0,40.4115
0,102,107,0,0,40.4116
0,103,107,0,0,40.4119
0,104,107,0,0,40.412
0,105,107,0,0,40.4122
0,106,107,0,0,40.4122
0,107,107,0,0,40.4121
0,108,107,0,0,40.4119
0,109,107,0,0,40.4116
0,110,107,0,0,40.4112
0,111,107,0,0,40.4106
0,112,107,0,0,40.4098
0,113,107,0,0,40.4088
0,114,107,0,0,40.4076
0,115,107,0,0,40.4062
0,116,107,0,0,40.4047
0,117,107,0,0,40.4032
0,118,107,0,0,40.4017
0,119,107,0,0,40.4002
0,120,107,0,0,40.3987
0,121,107,0,0,40.3972
0,122,107,0,0,40.3957
0,123,107,0,0,40.3942
0,124,107,0,0,40.3927
0,125,107,0,0,40.3913
0,126,107,0,0,40.39
0,127,107,0,0,40.3891
0,0,108,0,6.69683e-05,40.5614
0,1,108,0,0,40.5534
0,2,108,0,0,40.5464
0,3,108,0,0,40.5402
0,4,108,0,0,40.5346
0,5,108,0,0,40.5295
0,6,108,0,0,40.5248
0,7,108,0,0,40.5203
0,8,108,0,0,40.5162
0,9,108,0,0,40.5122
0,10,108,0,0,40.5084
0,11,108,0,0,40.5047
0,12,108,0,0,40.501
0,13,108,0,0,40.4975
0,14,108,0,0,40.4941
0,15,108,0,0,40.4909
0,16,108,0,0,40.4878
0,17,108,0,0,40.4848
0,18,108,0,0,40.482
0,19,108,0,0,40.4794
0,20,108,0,0,40.4769
0,21,108,0,0,40.4746
0,22,108,0,0,40.4723
0,23,108,0,0,40.47
0,24,108,0,0,40.4677
0,25,108,0,0,40.4653
0,26,108,0,0,40.463
0,27,108,0,0,40.4607
0,28,108,0,0,40.4585
0,29,108,0,0,40.4563
0,30,108,0,0,40.4543
0,31,108,0,0,40.4524
0,32,108,0,0,40.4505
0,33,108,0,0,40.4488
0,34,108,0,0,40.4474
0,35,108,0,0,40.4461
0,36,108,0,0,40.445
0,37,108,0,0,40.4441
0,38,108,0,0,40.4433
0,39,108,0,0,40.4426
0,40,108,0,0,40.4419
0,41,108,0,0,40.4411
0,42,108,0,0,40.4404
0,43,108,0,0,40.4397
0,44,108,0,0,40.439
0,45,108,0,0,40.4385
0,46,108,0,0,40.4382
0,47,108,0,0,40.438
0,48,108,0,0,40.4379
0,49,108,0,0,40.4377
0,50,108,0,0,40.4375
0,51,108,0,0,40.4371
0,52,108,0,0,40.4366
0,53,108,0,0,40.436
0,54,108,0,0,40.4354
0,55,108,0,0,40.4349
0,56,108,0,0,40.4345
0,57,108,0,0,40.4341
0,58,108,0,0,40.4336
0,59,108,0,0,40.433
0,60,108,0,0,40.4323
0,61,108,0,0,40.4316
0,62,108,0,0,40.4309
0,63,108,0,0,40.4303
0,64,108,0,0,40.4299
0,65,108,0,0,40.4296
0,66,108,0,0,40.4293
0,67,108,0,0,40.4288
0,68,108,0,0,40.4281
0,69,108,0,0,40.4272
0,70,108,0,0,40.4262
0,71,108,0,0,40.4251
0,72,108,0,0,40.4241
0,73,108,0,0,40.4231
0,74,108,0,0,40.4224
0,75,108,0,0,40.4218
0,76,108,0,0,40.4216
0,77,108,0,0,40.4216
0,78,108,0,0,40.4218
0,79,108,0,0,40.422
0,80,108,0,0,40.4222
0,81,108,0,0,40.4223
0,82,108,0,0,40.4224
0,83,108,0,0,40.4223
0,84,108,0,0,40.4222
0,85,108,0,0,40.4219
0,86,108,0,0,40.4215
0,87,108,0,0,40.4211
0,88,108,0,0,40.4206
0,89,108,0,0,40.4202
0,90,108,0,0,40.4198
0,91,108,0,0,40.4193
0,92,108,0,0,40.4186
0,93,108,0,0,40.4178
0,94,108,0,0,40.4168
0,95,108,0,0,40.4157
0,96,108,0,0,40.4146
0,97,108,0,0,40.4137
0,98,108,0,0,40.413
0,99,108,0,0,40.4126
0,100,108,0,0,40.4126
0,101,108,0,0,40.4128
0,102,108,0,0,40.4132
0,103,108,0,0,40.4136
0,104,108,0,0,40.414
0,105,108,0,0,40.4142
0,106,108,0,0,40.4142
0,107,108,0,0,40.4141
0,108,108,0,0,40.414
0,109,108,0,0,40.4138
0,110,108,0,0,40.4135
0,111,108,0,0,40.4129
0,112,108,0,0,40.412
0,113,108,0,0,40.411
0,114,108,0,0,40.4096
0,115,108,0,0,40.4081
0,116,108,0,0,40.4064
0,117,108,0,0,40.4046
0,118,108,0,0,40.403
0,119,108,0,0,40.4014
0,120,108,0,0,40.3999
0,121,108,0,0,40.3984
0,122,108,0,0,40.3969
0,123,108,0,0,40.3952
0,124,108,0,0,40.3934
0,125,108,0,0,40.3917
0,126,108,0,0,40.39
0,127,108,0,0,40.3888
0,0,109,0,6.69683e-05,40.5638
0,1,109,0,0,40.5563
0,2,109,0,0,40.55
0,3,109,0,0,40.5443
0,4,109,0,0,40.5391
0,5,109,0,0,40.5343
0,6,109,0,0,40.5298
0,7,109,0,0,40.5255
0,8,109,0,0,40.5215
0,9,109,0,0,40.5176
0,10,109,0,0,40.5138
0,11,109,0,0,40.5101
0,12,109,0,0,40.5064
0,13,109,0,0,40.5027
0,14,109,0,0,40.4991
0,15,109,0,0,40.4956
0,16,109,0,0,40.4924
0,17,109,0,0,40.4893
0,18,109,0,0,40.4864
0,19,109,0,0,40.4837
0,20,109,0,0,40.4812
0,21,109,0,0,40.4789
0,22,109,0,0,40.4768
0,23,109,0,0,40.4745
0,24,109,0,0,40.472
0,25,109,0,0,40.4694
0,26,109,0,0,40.467
0,27,109,0,0,40.4645
0,28,109,0,0,40.4621
0,29,109,0,0,40.4599
0,30,109,0,0,40.4578
0,31,109,0,0,40.4557
0,32,109,0,0,40.4538
0,33,109,0,0,40.4519
0,34,109,0,0,40.4504
0,35,109,0,0,40.4492
0,36,109,0,0,40.4482
0,37,109,0,0,40.4475
0,38,109,0,0,40.4468
0,39,109,0,0,40.4462
0,40,109,0,0,40.4455
0,41,109,0,0,40.4448
0,42,109,0,0,40.4441
0,43,109,0,0,40.4433
0,44,109,0,0,40.4424
0,45,109,0,0,40.4419
0,46,109,0,0,40.4417
0,47,109,0,0,40.4418
0,48,109,0,0,40.4419
0,49,109,0,0,40.442
0,50,109,0,0,40.442
0,51,109,0,0,40.4415
0,52,109,0,0,40.441
0,53,109,0,0,40.4403
0,54,109,0,0,40.4397
0,55,109,0,0,40.4392
0,56,109,0,0,40.4388
0,57,109,0,0,40.4386
0,58,109,0,0,40.4381
0,59,109,0,0,40.4375
0,60,109,0,0,40.4366
0,61,109,0,0,40.4357
0,62,109,0,0,40.4348
0,63,109,0,0,40.4341
0,64,109,0,0,40.4337
0,65,109,0,0,40.4336
0,66,109,0,0,40.4336
0,67,109,0,0,40.4332
0,68,109,0,0,40.4325
0,69,109,0,0,40.4314
0,70,109,0,0,40.4302
0,71,109,0,0,40.4289
0,72,109,0,0,40.4276
0,73,109,0,0,40.4264
0,74,109,0,0,40.4254
0,75,109,0,0,40.4248
0,76,109,0,0,40.4246
0,77,109,0,0,40.4248
0,78,109,0,0,40.4251
0,79,109,0,0,40.4256
0,80,109,0,0,40.4259
0,81,109,0,0,40.4262
0,82,109,0,0,40.4263
0,83,109,0,0,40.4263
0,84,109,0,0,40.4261
0,85,109,0,0,40.4257
0,86,109,0,0,40.4253
0,87,109,0,0,40.4247
0,88,109,0,0,40.4242
0,89,109,0,0,40.4238
0,90,109,0,0,40.4235
0,91,109,0,0,40.4231
0,92,109,0,0,40.4225
0,93,109,0,0,40.4216
0,94,109,0,0,40.4203
0,95,109,0,0,40.4189
0,96,109,0,0,40.4174
0,97,109,0,0,40.4161
0,98,109,0,0,40.4153
0,99,109,0,0,40.4149
0,100,109,0,0,40.4151
0,101,109,0,0,40.4155
0,102,109,0,0,40.4162
0,103,109,0,0,40.417
0,104,109,0,0,40.4177
0,105,109,0,0,40.418
0,106,109,0,0,40.4179
0,107,109,0,0,40.4178
0,108,109,0,0,40.4178
0,109,109,0,0,40.4177
0,110,109,0,0,40.4175
0,111,109,0,0,40.417
0,112,109,0,0,40.4161
0,113,109,0,0,40.4149
0,114,109,0,0,40.4135
0,115,109,0,0,40.4116
0,116,109,0,0,40.4096
0,117,109,0,0,40.4076
0,118,109,0,0,40.4058
0,119,109,0,0,40.4042
0,120,109,0,0,40.4027
0,121,109,0,0,40.4012
0,122,109,0,0,40.3996
0,123,109,0,0,40.3978
0,124,109,0,0,40.3957
0,125,109,0,0,40.3934
0,126,109,0,0,40.3912
0,127,109,0,0,40.3894
0,0,110,0,6.69683e-05,40.5668
0,1,110,0,0,40.5604
0,2,110,0,0,40.555
0,3,110,0,0,40.5502
0,4,110,0,0,40.5454
0,5,110,0,0,40.541
0,6,110,0,0,40.5366
0,7,110,0,0,40.5326
0,8,110,0,0,40.5287
0,9,110,0,0,40.5251
0,10,110,0,0,40.5212
0,11,110,0,0,40.5175
0,12,110,0,0,40.5136
0,13,110,0,0,40.5097
0,14,110,0,0,40.5059
0,15,110,0,0,40.5021
0,16,110,0,0,40.4987
0,17,110,0,0,40.4956
0,18,110,0,0,40.4925
0,19,110,0,0,40.4897
0,20,110,0,0,40.4872
0,21,110,0,0,40.485
0,22,110,0,0,40.4831
0,23,110,0,0,40.481
0,24,110,0,0,40.4781
0,25,110,0,0,40.4753
0,26,110,0,0,40.4727
0,27,110,0,0,40.4699
0,28,110,0,0,40.4674
0,29,110,0,0,40.4652
0,30,110,0,0,40.4629
0,31,110,0,0,40.4607
0,32,110,0,0,40.4586
0,33,110,0,0,40.4565
0,34,110,0,0,40.4549
0,35,110,0,0,40.4538
0,36,110,0,0,40.453
0,37,110,0,0,40.4524
0,38,110,0,0,40.4521
0,39,110,0,0,40.4517
0,40,110,0,0,40.4509
0,41,110,0,0,40.4503
0,42,110,0,0,40.4496
0,43,110,0,0,40.4486
0,44,110,0,0,40.4473
0,45,110,0,0,40.4466
0,46,110,0,0,40.4466
0,47,110,0,0,40.4471
0,48,110,0,0,40.4478
0,49,110,0,0,40.4483
0,50,110,0,0,40.4485
0,51,110,0,0,40.4479
0,52,110,0,0,40.4471
0,53,110,0,0,40.4463
0,54,110,0,0,40.4456
0,55,110,0,0,40.4449
0,56,110,0,0,40.4448
0,57,110,0,0,40.4449
0,58,110,0,0,40.4446
0,59,110,0,0,40.4439
0,60,110,0,0,40.4426
0,61,110,0,0,40.4414
0,62,110,0,0,40.4403
0,63,110,0,0,40.4394
0,64,110,0,0,40.439
0,65,110,0,0,40.4393
0,66,110,0,0,40.4399
0,67,110,0,0,40.4398
0,68,110,0,0,40.4389
0,69,110,0,0,40.4375
0,70,110,0,0,40.4359
0,71,110,0,0,40.4343
0,72,110,0,0,40.4327
0,73,110,0,0,40.431
0,74,110,0,0,40.4297
0,75,110,0,0,40.4289
0,76,110,0,0,40.4289
0,77,110,0,0,40.4294
0,78,110,0,0,40.4301
0,79,110,0,0,40.4309
0,80,110,0,0,40.4314
0,81,110,0,0,40.4318
0,82,110,0,0,40.4322
0,83,110,0,0,40.432
0,84,110,0,0,40.4317
0,85,110,0,0,40.4313
0,86,110,0,0,40.4308
0,87,110,0,0,40.43
0,88,110,0,0,40.4293
0,89,110,0,0,40.429
0,90,110,0,0,40.4289
0,91,110,0,0,40.4288
0,92,110,0,0,40.4283
0,93,110,0,0,40.4272
0,94,110,0,0,40.4257
0,95,110,0,0,40.4237
0,96,110,0,0,40.4217
0,97,110,0,0,40.4198
0,98,110,0,0,40.4187
0,99,110,0,0,40.4184
0,100,110,0,0,40.4188
0,101,110,0,0,40.4197
0,102,110,0,0,40.4208
0,103,110,0,0,40.4222
0,104,110,0,0,40.4234
0,105,110,0,0,40.4237
0,106,110,0,0,40.4234
0,107,110,0,0,40.4231
0,108,110,0,0,40.4231
0,109,110,0,0,40.4235
0,110,110,0,0,40.4235
0,111,110,0,0,40.4231
0,112,110,0,0,40.4221
0,113,110,0,0,40.4208
0,114,110,0,0,40.4194
0,115,110,0,0,40.417
0,116,110,0,0,40.4143
0,117,110,0,0,40.4119
0,118,110,0,0,40.4099
0,119,110,0,0,40.4085
0,120,110,0,0,40.4071
0,121,110,0,0,40.4057
0,122,110,0,0,40.4041
0,123,110,0,0,40.4022
0,124,110,0,0,40.3997
0,125,110,0,0,40.3965
0,126,110,0,0,40.3933
0,127,110,0,0,40.3908
0,0,111,0,6.69683e-05,40.5701
0,1,111,0,0,40.566
0,2,111,0,0,40.5616
0,3,111,0,0,40.5581
0,4,111,0,0,40.5537
0,5,111,0,0,40.5496
0,6,111,0,0,40.5454
0,7,111,0,0,40.5415
0,8,111,0,0,40.5378
0,9,111,0,0,40.5348
0,10,111,0,0,40.5306
0,11,111,0,0,40.5271
0,12,111,0,0,40.523
0,13,111,0,0,40.5185
0,14,111,0,0,40.5147
0,15,111,0,0,40.51
0,16,111,0,0,40.5067
0,17,111,0,0,40.5037
0,18,111,0,0,40.5004
0,19,111,0,0,40.4972
0,20,111,0,0,40.4948
0,21,111,0,0,40.4927
0,22,111,0,0,40.4916
0,23,111,0,0,40.4901
0,24,111,0,0,40.4861
0,25,111,0,0,40.4829
0,26,111,0,0,40.4806
0,27,111,0,0,40.4769
0,28,111,0,0,40.4744
0,29,111,0,0,40.4722
0,30,111,0,0,40.4699
0,31,111,0,0,40.4674
0,32,111,0,0,40.4653
0,33,111,0,0,40.4625
0,34,111,0,0,40.4605
0,35,111,0,0,40.46
0,36,111,0,0,40.4593
0,37,111,0,0,40.4589
0,38,111,0,0,40.4591
0,39,111,0,0,40.4592
0,40,111,0,0,40.458
0,41,111,0,0,40.4577
0,42,111,0,0,40.4571
0,43,111,0,0,40.4559
0,44,111,0,0,40.4534
0,45,111,0,0,40.4525
0,46,111,0,0,40.4529
0,47,111,0,0,40.4542
0,48,111,0,0,40.4556
0,49,111,0,0,40.4565
0,50,111,0,0,40.4576
0,51,111,0,0,40.4562
0,52,111,0,0,40.4552
0,53,111,0,0,40.4539
0,54,111,0,0,40.4531
0,55,111,0,0,40.4519
0,56,111,0,0,40.4523
0,57,111,0,0,40.4536
0,58,111,0,0,40.4532
0,59,111,0,0,40.4527
0,60,111,0,0,40.4503
0,61,111,0,0,40.4487
0,62,111,0,0,40.4473
0,63,111,0,0,40.4457
0,64,111,0,0,40.4455
0,65,111,0,0,40.4463
0,66,111,0,0,40.4489
0,67,111,0,0,40.4489
0,68,111,0,0,40.4474
0,69,111,0,0,40.4457
0,70,111,0,0,40.4433
0,71,111,0,0,40.4415
0,72,111,0,0,40.4395
0,73,111,0,0,40.4371
0,74,111,0,0,40.4352
0,75,111,0,0,40.4338
0,76,111,0,0,40.4344
0,77,111,0,0,40.4357
0,78,111,0,0,40.4366
0,79,111,0,0,40.4382
0,80,111,0,0,40.4388
0,81,111,0,0,40.4393
0,82,111,0,0,40.4402
0,83,111,0,0,40.4394
0,84,111,0,0,40.4394
0,85,111,0,0,40.4387
0,86,111,0,0,40.4383
0,87,111,0,0,40.4369
0,88,111,0,0,40.4358
0,89,111,0,0,40.4358
0,90,111,0,0,40.436
0,91,111,0,0,40.4367
0,92,111,0,0,40.4362
0,93,111,0,0,40.4352
0,94,111,0,0,40.4331
0,95,111,0,0,40.4302
0,96,111,0,0,40.4275
0,97,111,0,0,40.4242
0,98,111,0,0,40.423
0,99,111,0,0,40.4228
0,100,111,0,0,40.4237
0,101,111,0,0,40.4253
0,102,111,0,0,40.4267
0,103,111,0,0,40.4293
0,104,111,0,0,40.4318
0,105,111,0,0,40.4316
0,106,111,0,0,40.4305
0,107,111,0,0,40.4298
0,108,111,0,0,40.4299
0,109,111,0,0,40.4313
0,110,111,0,0,40.4317
0,111,111,0,0,40.4316
0,112,111,0,0,40.4301
0,113,111,0,0,40.4285
0,114,111,0,0,40.4279
0,115,111,0,0,40.4245
0,116,111,0,0,40.4205
0,117,111,0,0,40.4174
0,118,111,0,0,40.4151
0,119,111,0,0,40.4143
0,120,111,0,0,40.4132
0,121,111,0,0,40.4118
0,122,111,0,0,40.4107
0,123,111,0,0,40.4087
0,124,111,0,0,40.4059
0,125,111,0,0,40.401
0,126,111,0,0,40.3965
0,127,111,0,0,40.3926
0,0,112,0,8.57468e-05,40.5731
0,1,112,0,0.000119367,40.5741
0,2,112,0,7.8462e-05,40.5698
0,3,112,0,0.000160272,40.5692
0,4,112,0,9.80319e-05,40.5638
0,5,112,0,0.000100588,40.5607
0,6,112,0,5.96835e-05,40.556
0,7,112,0,0.000100588,40.5526
0,8,112,0,9.03622e-05,40.5485
0,9,112,0,0.000175703,40.5477
0,10,112,0,9.89145e-05,40.5416
0,11,112,0,0.00013982,40.5396
0,12,112,0,0.000138146,40.5348
0,13,112,0,7.66969e-05,40.5287
0,14,112,0,0.000179051,40.5267
0,15,112,0,8.0136e-05,40.5187
0,16,112,0,0.000138146,40.5166
0,17,112,0,0.000138146,40.5141
0,18,112,0,0.000119367,40.5104
0,19,112,0,9.89145e-05,40.5059
0,20,112,0,0.000113371,40.5041
0,21,112,0,6.91183e-05,40.5015
0,22,112,0,0.000102262,40.5025
0,23,112,0,0.000189277,40.5038
0,24,112,0,5.63355e-05,40.4951
0,25,112,0,5.96835e-05,40.4918
0,26,112,0,0.000162619,40.4918
0,27,112,0,5.36878e-05,40.4844
0,28,112,0,9.72405e-05,40.4832
0,29,112,0,0.000100588,40.4813
0,30,112,0,0.000112725,40.479
0,31,112,0,8.0136e-05,40.4755
0,32,112,0,0.00013982,40.4745
0,33,112,0,8.0136e-05,40.4695
0,34,112,0,5.80095e-05,40.4665
0,35,112,0,0.000119367,40.4683
0,36,112,0,0.000105702,40.467
0,37,112,0,9.21274e-05,40.4666
0,38,112,0,0.000122715,40.4681
0,39,112,0,0.000168087,40.4701
0,40,112,0,5.63355e-05,40.4661
0,41,112,0,7.8462e-05,40.4671
0,42,112,0,9.71494e-05,40.4672
0,43,112,0,0.00012025,40.4664
0,44,112,0,1.87785e-05,40.4597
0,45,112,0,4.0905e-05,40.4589
0,46,112,0,3.9231e-05,40.4601
0,47,112,0,7.8462e-05,40.4629
0,48,112,0,9.72405e-05,40.4656
0,49,112,0,7.182e-05,40.4667
0,50,112,0,0.000213077,40.4709
0,51,112,0,9.55665e-05,40.4661
0,52,112,0,0.000122715,40.4655
0,53,112,0,8.0136e-05,40.463
0,54,112,0,0.000110023,40.4629
0,55,112,0,3.9231e-05,40.4593
0,56,112,0,4.45989e-05,40.4606
0,57,112,0,0.000160272,40.4658
0,58,112,0,8.0136e-05,40.4639
0,59,112,0,0.000177377,40.4653
0,60,112,0,5.96835e-05,40.4592
0,61,112,0,8.0136e-05,40.4576
0,62,112,0,7.8462e-05,40.4562
0,63,112,0,4.39256e-05,40.4527
0,64,112,0,7.3494e-05,40.4526
0,65,112,0,4.0905e-05,40.4535
0,66,112,0,0.000201177,40.4622
0,67,112,0,0.00013982,40.4614
0,68,112,0,8.65046e-05,40.4582
0,69,112,0,0.000117693,40.4563
0,70,112,0,3.9231e-05,40.4519
0,71,112,0,0.000110023,40.4505
0,72,112,0,0.000131504,40.4487
0,73,112,0,8.181e-05,40.4444
0,74,112,0,0.000100588,40.4421
0,75,112,0,3.9231e-05,40.4384
0,76,112,0,8.0136e-05,40.4409
0,77,112,0,0.000121041,40.4441
0,78,112,0,6.13575e-05,40.444
0,79,112,0,0.000138146,40.4486
0,80,112,0,8.0136e-05,40.4479
0,81,112,0,5.63355e-05,40.4481
0,82,112,0,0.000171381,40.4518
0,83,112,0,4.0905e-05,40.448
0,84,112,0,0.000117693,40.4495
0,85,112,0,5.96835e-05,40.4474
0,86,112,0,0.000122715,40.4488
0,87,112,0,5.96835e-05,40.4451
0,88,112,0,2.04525e-05,40.4429
0,89,112,0,7.44407e-05,40.4443
0,90,112,0,3.9231e-05,40.4441
0,91,112,0,0.000128756,40.4479
0,92,112,0,9.89145e-05,40.4462
0,93,112,0,0.000146234,40.4462
0,94,112,0,0.00013982,40.4431
0,95,112,0,8.181e-05,40.4383
0,96,112,0,0.000121041,40.4356
0,97,112,0,0,40.4281
0,98,112,0,7.8462e-05,40.4282
0,99,112,0,4.0905e-05,40.4278
0,100,112,0,5.80095e-05,40.4295
0,101,112,0,0.000112725,40.4327
0,102,112,0,5.96835e-05,40.4333
0,103,112,0,0.00010461,40.4382
0,104,112,0,0.000219955,40.4447
0,105,112,0,0.000141494,40.4424
0,106,112,0,8.0136e-05,40.4388
0,107,112,0,0.000100588,40.4375
0,108,112,0,6.47966e-05,40.437
0,109,112,0,0.000156833,40.4419
0,110,112,0,0.000119367,40.4423
0,111,112,0,0.000124062,40.4431
0,112,112,0,9.89145e-05,40.44
0,113,112,0,4.0905e-05,40.4368
0,114,112,0,0.000196783,40.441
0,115,112,0,8.0136e-05,40.4342
0,116,112,0,5.96835e-05,40.4275
0,117,112,0,5.16409e-05,40.4237
0,118,112,0,2.04525e-05,40.4205
0,119,112,0,0.000119367,40.4221
0,120,112,0,0.000119367,40.4213
0,121,112,0,8.0136e-05,40.4193
0,122,112,0,0.000121041,40.4197
0,123,112,0,0.000116019,40.4179
0,124,112,0,0.000161063,40.4158
0,125,112,0,5.96835e-05,40.4069
0,126,112,0,4.0905e-05,40.4004
0,127,112,0,1.87785e-05,40.3946
0,0,113,0,0.000126652,40.5702
0,1,113,0,0.000138146,40.5702
0,2,113,0,6.13575e-05,40.564
0,3,113,0,7.8462e-05,40.5612
0,4,113,0,6.39141e-05,40.5581
0,5,113,0,0.000149399,40.5592
0,6,113,0,0.000206481,40.5581
0,7,113,0,0.000116019,40.55
0,8,113,0,8.86882e-05,40.5435
0,9,113,0,9.72405e-05,40.5396
0,10,113,0,5.96835e-05,40.5344
0,11,113,0,0.00015525,40.5341
0,12,113,0,7.41403e-05,40.5277
0,13,113,0,0.000144933,40.5245
0,14,113,0,7.8462e-05,40.5175
0,15,113,0,5.80095e-05,40.5105
0,16,113,0,3.9231e-05,40.5062
0,17,113,0,8.0136e-05,40.5052
0,18,113,0,0.000119367,40.5036
0,19,113,0,4.0905e-05,40.498
0,20,113,0,8.78057e-05,40.4977
0,21,113,0,0.000103236,40.4976
0,22,113,0,0.000123061,40.4985
0,23,113,0,0.00016715,40.4986
0,24,113,0,8.0136e-05,40.4915
0,25,113,0,0.00013982,40.4896
0,26,113,0,0.00011702,40.4857
0,27,113,0,4.85747e-05,40.4791
0,28,113,0,0.000114345,40.4787
0,29,113,0,0.00010461,40.4763
0,30,113,0,8.0136e-05,40.4727
0,31,113,0,9.72405e-05,40.4701
0,32,113,0,7.8462e-05,40.4668
0,33,113,0,7.8462e-05,40.4633
0,34,113,0,3.9231e-05,40.4601
0,35,113,0,0.000121041,40.462
0,36,113,0,3.57919e-05,40.4586
0,37,113,0,8.35751e-05,40.4593
0,38,113,0,2.74944e-05,40.4584
0,39,113,0,8.181e-05,40.4613
0,40,113,0,6.83994e-05,40.4618
0,41,113,0,0.000182399,40.4666
0,42,113,0,0.000100006,40.4644
0,43,113,0,0.000167942,40.4649
0,44,113,0,7.8462e-05,40.4589
0,45,113,0,9.89145e-05,40.4586
0,46,113,0,0.00015525,40.4611
0,47,113,0,9.89145e-05,40.4608
0,48,113,0,0.000136472,40.4633
0,49,113,0,0.00015525,40.464
0,50,113,0,5.11312e-05,40.4602
0,51,113,0,5.80095e-05,40.4583
0,52,113,0,0.000102262,40.4594
0,53,113,0,7.75794e-05,40.4585
0,54,113,0,0.000138146,40.46
0,55,113,0,7.8462e-05,40.4573
0,56,113,0,0.00012943,40.4595
0,57,113,0,0.000114254,40.4609
0,58,113,0,0.000121041,40.4602
0,59,113,0,8.48306e-05,40.4581
0,60,113,0,9.89145e-05,40.4559
0,61,113,0,0.000100588,40.455
0,62,113,0,0.000180724,40.4562
0,63,113,0,9.42199e-05,40.451
0,64,113,0,8.0136e-05,40.4486
0,65,113,0,3.7557e-05,40.4479
0,66,113,0,0.000119367,40.4541
0,67,113,0,0.000109141,40.4553
0,68,113,0,0.000148881,40.4554
0,69,113,0,8.181e-05,40.452
0,70,113,0,0.00021396,40.4529
0,71,113,0,4.52267e-05,40.444
0,72,113,0,6.13575e-05,40.4406
0,73,113,0,7.6788e-05,40.4382
0,74,113,0,7.8462e-05,40.4357
0,75,113,0,2.04525e-05,40.4322
0,76,113,0,8.0136e-05,40.4353
0,77,113,0,9.38925e-05,40.4379
0,78,113,0,6.13575e-05,40.4387
0,79,113,0,0.000117693,40.4433
0,80,113,0,0.000121041,40.445
0,81,113,0,0.000138146,40.4461
0,82,113,0,6.73532e-05,40.4448
0,83,113,0,0.000138146,40.4464
0,84,113,0,0.000108677,40.4458
0,85,113,0,9.89145e-05,40.4449
0,86,113,0,0.000141494,40.4462
0,87,113,0,0.000100588,40.444
0,88,113,0,0.000158598,40.445
0,89,113,0,0.000121714,40.4439
0,90,113,0,0.000120395,40.4439
0,91,113,0,0.000164639,40.4452
0,92,113,0,7.8462e-05,40.4404
0,93,113,0,9.25003e-05,40.4381
0,94,113,0,3.9231e-05,40.4338
0,95,113,0,0.000100588,40.4329
0,96,113,0,9.45928e-05,40.4304
0,97,113,0,9.89145e-05,40.4264
0,98,113,0,2.04525e-05,40.4226
0,99,113,0,0.000117693,40.4257
0,100,113,0,0.000100588,40.4262
0,101,113,0,5.96835e-05,40.426
0,102,113,0,8.0136e-05,40.4278
0,103,113,0,7.61147e-05,40.4301
0,104,113,0,5.80095e-05,40.4322
0,105,113,0,7.8462e-05,40.4333
0,106,113,0,0.000121924,40.4337
0,107,113,0,4.0905e-05,40.4298
0,108,113,0,5.62444e-05,40.4301
0,109,113,0,8.52491e-05,40.4332
0,110,113,0,5.96835e-05,40.4347
0,111,113,0,0.000196482,40.4401
0,112,113,0,9.82412e-05,40.4357
0,113,113,0,8.0136e-05,40.4331
0,114,113,0,0.000122087,40.4345
0,115,113,0,0.000173846,40.4327
0,116,113,0,4.0905e-05,40.4237
0,117,113,0,0.000125736,40.4227
0,118,113,0,0.000121714,40.4197
0,119,113,0,3.9231e-05,40.4145
0,120,113,0,3.9231e-05,40.4126
0,121,113,0,8.0136e-05,40.4131
0,122,113,0,9.45928e-05,40.4129
0,123,113,0,6.13575e-05,40.41
0,124,113,0,8.63865e-05,40.4079
0,125,113,0,5.80095e-05,40.4023
0,126,113,0,9.04078e-05,40.3988
0,127,113,0,9.29188e-05,40.3938
0,0,114,0,6.69683e-05,40.557
0,1,114,0,0,40.5524
0,2,114,0,0,40.5472
0,3,114,0,0,40.5432
0,4,114,0,0,40.5398
0,5,114,0,2.55656e-06,40.5379
0,6,114,0,2.72852e-05,40.5356
0,7,114,0,0,40.5293
0,8,114,0,0,40.5237
0,9,114,0,0,40.5191
0,10,114,0,0,40.5148
0,11,114,0,0,40.5116
0,12,114,0,7.66969e-06,40.5073
0,13,114,0,0,40.5028
0,14,114,0,0,40.4975
0,15,114,0,0,40.4924
0,16,114,0,0,40.4884
0,17,114,0,0,40.4858
0,18,114,0,0,40.4833
0,19,114,0,0,40.4802
0,20,114,0,0,40.4786
0,21,114,0,0,40.4777
0,22,114,0,1.17366e-05,40.4773
0,23,114,0,0,40.4753
0,24,114,0,0,40.4716
0,25,114,0,0,40.4686
0,26,114,0,0,40.4653
0,27,114,0,0,40.4615
0,28,114,0,0,40.4594
0,29,114,0,1.64312e-05,40.4575
0,30,114,0,0,40.4541
0,31,114,0,0,40.4513
0,32,114,0,0,40.4486
0,33,114,0,0,40.4459
0,34,114,0,0,40.4439
0,35,114,0,0,40.4433
0,36,114,0,0,40.442
0,37,114,0,0,40.4419
0,38,114,0,1.17366e-05,40.4424
0,39,114,0,7.66969e-06,40.4433
0,40,114,0,1.17366e-05,40.4441
0,41,114,0,0,40.445
0,42,114,0,2.34731e-06,40.4446
0,43,114,0,1.02263e-05,40.4442
0,44,114,0,0,40.4417
0,45,114,0,0,40.441
0,46,114,0,0,40.4415
0,47,114,0,0,40.4417
0,48,114,0,0,40.4424
0,49,114,0,0,40.4423
0,50,114,0,0,40.441
0,51,114,0,0,40.4401
0,52,114,0,0,40.4403
0,53,114,0,2.30091e-05,40.441
0,54,114,0,7.66969e-06,40.4406
0,55,114,0,0,40.4395
0,56,114,0,0,40.4401
0,57,114,0,2.55656e-05,40.4413
0,58,114,0,0,40.44
0,59,114,0,1.40839e-05,40.439
0,60,114,0,0,40.437
0,61,114,0,0,40.4359
0,62,114,0,0,40.4351
0,63,114,0,0,40.4329
0,64,114,0,0,40.4315
0,65,114,0,0,40.4314
0,66,114,0,0,40.4333
0,67,114,0,1.02263e-05,40.4343
0,68,114,0,0,40.4336
0,69,114,0,0,40.432
0,70,114,0,7.66969e-06,40.4307
0,71,114,0,0,40.4265
0,72,114,0,0,40.4235
0,73,114,0,0,40.4212
0,74,114,0,0,40.4193
0,75,114,0,0,40.418
0,76,114,0,0,40.4188
0,77,114,0,0,40.4201
0,78,114,0,0,40.4214
0,79,114,0,0,40.4235
0,80,114,0,0,40.4248
0,81,114,0,0,40.4256
0,82,114,0,0,40.4257
0,83,114,0,0,40.4263
0,84,114,0,1.23643e-05,40.4266
0,85,114,0,0,40.4259
0,86,114,0,0,40.4258
0,87,114,0,0,40.425
0,88,114,0,0,40.4249
0,89,114,0,0,40.4245
0,90,114,0,1.27828e-05,40.4245
0,91,114,0,0,40.4235
0,92,114,0,0,40.4211
0,93,114,0,0,40.4188
0,94,114,0,0,40.4163
0,95,114,0,0,40.4146
0,96,114,0,7.66969e-06,40.4128
0,97,114,0,0,40.4102
0,98,114,0,0,40.4084
0,99,114,0,0,40.4087
0,100,114,0,0,40.409
0,101,114,0,0,40.4093
0,102,114,0,0,40.4104
0,103,114,0,0,40.4117
0,104,114,0,0,40.4129
0,105,114,0,0,40.4139
0,106,114,0,1.78959e-05,40.4146
0,107,114,0,0,40.413
0,108,114,0,0,40.4129
0,109,114,0,0,40.4141
0,110,114,0,0,40.4152
0,111,114,0,0,40.4167
0,112,114,0,2.34731e-06,40.4155
0,113,114,0,0,40.414
0,114,114,0,0,40.4133
0,115,114,0,1.02263e-05,40.4115
0,116,114,0,0,40.4072
0,117,114,0,0,40.4048
0,118,114,0,1.64312e-05,40.4027
0,119,114,0,0,40.3991
0,120,114,0,0,40.397
0,121,114,0,0,40.396
0,122,114,0,7.66969e-06,40.3952
0,123,114,0,0,40.393
0,124,114,0,1.17366e-05,40.3911
0,125,114,0,0,40.3876
0,126,114,0,2.72852e-05,40.3855
0,127,114,0,7.66969e-06,40.3814
0,0,115,0,6.69683e-05,40.5439
0,1,115,0,0,40.5373
0,2,115,0,0,40.5316
0,3,115,0,0,40.5267
0,4,115,0,0,40.5225
0,5,115,0,0,40.5188
0,6,115,0,0,40.515
0,7,115,0,0,40.51
0,8,115,0,0,40.5051
0,9,115,0,0,40.5005
0,10,115,0,0,40.4962
0,11,115,0,0,40.4922
0,12,115,0,0,40.4881
0,13,115,0,0,40.4838
0,14,115,0,0,40.4793
0,15,115,0,0,40.475
0,16,115,0,0,40.4713
0,17,115,0,0,40.4682
0,18,115,0,0,40.4655
0,19,115,0,0,40.4629
0,20,115,0,0,40.4609
0,21,115,0,0,40.4593
0,22,115,0,0,40.4577
0,23,115,0,0,40.4556
0,24,115,0,0,40.4528
0,25,115,0,0,40.45
0,26,115,0,0,40.4471
0,27,115,0,0,40.4442
0,28,115,0,0,40.4418
0,29,115,0,0,40.4395
0,30,115,0,0,40.4368
0,31,115,0,0,40.4343
0,32,115,0,0,40.4319
0,33,115,0,0,40.4298
0,34,115,0,0,40.4281
0,35,115,0,0,40.427
0,36,115,0,0,40.4261
0,37,115,0,0,40.4257
0,38,115,0,0,40.4257
0,39,115,0,0,40.426
0,40,115,0,0,40.4263
0,41,115,0,0,40.4265
0,42,115,0,0,40.4262
0,43,115,0,0,40.4257
0,44,115,0,0,40.4246
0,45,115,0,0,40.4241
0,46,115,0,0,40.424
0,47,115,0,0,40.424
0,48,115,0,0,40.424
0,49,115,0,0,40.4238
0,50,115,0,0,40.4232
0,51,115,0,0,40.4227
0,52,115,0,0,40.4226
0,53,115,0,0,40.4226
0,54,115,0,0,40.4223
0,55,115,0,0,40.4219
0,56,115,0,0,40.4219
0,57,115,0,0,40.422
0,58,115,0,0,40.4213
0,59,115,0,0,40.4204
0,60,115,0,0,40.4192
0,61,115,0,0,40.4181
0,62,115,0,0,40.4171
0,63,115,0,0,40.4159
0,64,115,0,0,40.415
0,65,115,0,0,40.4147
0,66,115,0,0,40.4151
0,67,115,0,0,40.4152
0,68,115,0,0,40.4146
0,69,115,0,0,40.4134
0,70,115,0,0,40.4119
0,71,115,0,0,40.4095
0,72,115,0,0,40.4073
0,73,115,0,0,40.4055
0,74,115,0,0,40.4041
0,75,115,0,0,40.4033
0,76,115,0,0,40.4034
0,77,115,0,0,40.4041
0,78,115,0,0,40.4049
0,79,115,0,0,40.4061
0,80,115,0,0,40.407
0,81,115,0,0,40.4076
0,82,115,0,0,40.4079
0,83,115,0,0,40.4082
0,84,115,0,0,40.4083
0,85,115,0,0,40.408
0,86,115,0,0,40.4077
0,87,115,0,0,40.4073
0,88,115,0,0,40.4069
0,89,115,0,0,40.4065
0,90,115,0,0,40.4059
0,91,115,0,0,40.4049
0,92,115,0,0,40.4033
0,93,115,0,0,40.4015
0,94,115,0,0,40.3997
0,95,115,0,0,40.3981
0,96,115,0,0,40.3965
0,97,115,0,0,40.3949
0,98,115,0,0,40.3937
0,99,115,0,0,40.3934
0,100,115,0,0,40.3934
0,101,115,0,0,40.3937
0,102,115,0,0,40.3942
0,103,115,0,0,40.395
0,104,115,0,0,40.3958
0,105,115,0,0,40.3963
0,106,115,0,0,40.3966
0,107,115,0,0,40.3963
0,108,115,0,0,40.3963
0,109,115,0,0,40.3967
0,110,115,0,0,40.3972
0,111,115,0,0,40.3975
0,112,115,0,0,40.3969
0,113,115,0,0,40.3959
0,114,115,0,0,40.3947
0,115,115,0,0,40.393
0,116,115,0,0,40.3905
0,117,115,0,0,40.3883
0,118,115,0,0,40.3861
0,119,115,0,0,40.3837
0,120,115,0,0,40.3819
0,121,115,0,0,40.3804
0,122,115,0,0,40.3791
0,123,115,0,0,40.3774
0,124,115,0,0,40.3755
0,125,115,0,0,40.3732
0,126,115,0,0,40.3711
0,127,115,0,0,40.3688
0,0,116,0,6.69683e-05,40.5313
0,1,116,0,0,40.5237
0,2,116,0,0,40.5172
0,3,116,0,0,40.5116
0,4,116,0,0,40.5066
0,5,116,0,0,40.502
0,6,116,0,0,40.4975
0,7,116,0,0,40.4928
0,8,116,0,0,40.4881
0,9,116,0,0,40.4835
0,10,116,0,0,40.4792
0,11,116,0,0,40.4751
0,12,116,0,0,40.471
0,13,116,0,0,40.4668
0,14,116,0,0,40.4628
0,15,116,0,0,40.4589
0,16,116,0,0,40.4554
0,17,116,0,0,40.4522
0,18,116,0,0,40.4494
0,19,116,0,0,40.4469
0,20,116,0,0,40.4446
0,21,116,0,0,40.4426
0,22,116,0,0,40.4406
0,23,116,0,0,40.4384
0,24,116,0,0,40.4359
0,25,116,0,0,40.4333
0,26,116,0,0,40.4307
0,27,116,0,0,40.4281
0,28,116,0,0,40.4257
0,29,116,0,0,40.4234
0,30,116,0,0,40.4211
0,31,116,0,0,40.4189
0,32,116,0,0,40.4168
0,33,116,0,0,40.4149
0,34,116,0,0,40.4134
0,35,116,0,0,40.4122
0,36,116,0,0,40.4113
0,37,116,0,0,40.4107
0,38,116,0,0,40.4104
0,39,116,0,0,40.4103
0,40,116,0,0,40.4103
0,41,116,0,0,40.4102
0,42,116,0,0,40.4099
0,43,116,0,0,40.4094
0,44,116,0,0,40.4088
0,45,116,0,0,40.4083
0,46,116,0,0,40.408
0,47,116,0,0,40.4078
0,48,116,0,0,40.4077
0,49,116,0,0,40.4074
0,50,116,0,0,40.407
0,51,116,0,0,40.4066
0,52,116,0,0,40.4064
0,53,116,0,0,40.4062
0,54,116,0,0,40.4059
0,55,116,0,0,40.4056
0,56,116,0,0,40.4054
0,57,116,0,0,40.4051
0,58,116,0,0,40.4045
0,59,116,0,0,40.4038
0,60,116,0,0,40.4028
0,61,116,0,0,40.4019
0,62,116,0,0,40.401
0,63,116,0,0,40.4002
0,64,116,0,0,40.3994
0,65,116,0,0,40.399
0,66,116,0,0,40.3988
0,67,116,0,0,40.3985
0,68,116,0,0,40.3979
0,69,116,0,0,40.3969
0,70,116,0,0,40.3955
0,71,116,0,0,40.3939
0,72,116,0,0,40.3923
0,73,116,0,0,40.3909
0,74,116,0,0,40.3898
0,75,116,0,0,40.3892
0,76,116,0,0,40.3891
0,77,116,0,0,40.3894
0,78,116,0,0,40.3899
0,79,116,0,0,40.3905
0,80,116,0,0,40.3911
0,81,116,0,0,40.3915
0,82,116,0,0,40.3918
0,83,116,0,0,40.3919
0,84,116,0,0,40.3919
0,85,116,0,0,40.3917
0,86,116,0,0,40.3914
0,87,116,0,0,40.3911
0,88,116,0,0,40.3907
0,89,116,0,0,40.3901
0,90,116,0,0,40.3895
0,91,116,0,0,40.3885
0,92,116,0,0,40.3873
0,93,116,0,0,40.3859
0,94,116,0,0,40.3845
0,95,116,0,0,40.3831
0,96,116,0,0,40.3818
0,97,116,0,0,40.3806
0,98,116,0,0,40.3797
0,99,116,0,0,40.3793
0,100,116,0,0,40.3791
0,101,116,0,0,40.3792
0,102,116,0,0,40.3795
0,103,116,0,0,40.3799
0,104,116,0,0,40.3803
0,105,116,0,0,40.3807
0,106,116,0,0,40.3808
0,107,116,0,0,40.3808
0,108,116,0,0,40.3808
0,109,116,0,0,40.3809
0,110,116,0,0,40.381
0,111,116,0,0,40.3809
0,112,116,0,0,40.3804
0,113,116,0,0,40.3795
0,114,116,0,0,40.3784
0,115,116,0,0,40.3769
0,116,116,0,0,40.375
0,117,116,0,0,40.3732
0,118,116,0,0,40.3713
0,119,116,0,0,40.3694
0,120,116,0,0,40.3678
0,121,116,0,0,40.3663
0,122,116,0,0,40.3649
0,123,116,0,0,40.3633
0,124,116,0,0,40.3617
0,125,116,0,0,40.36
0,126,116,0,0,40.3584
0,127,116,0,0,40.3569
0,0,117,0,6.69683e-05,40.5193
0,1,117,0,0,40.5112
0,2,117,0,0,40.5041
0,3,117,0,0,40.4979
0,4,117,0,0,40.4923
0,5,117,0,0,40.4872
0,6,117,0,0,40.4823
0,7,117,0,0,40.4775
0,8,117,0,0,40.4728
0,9,117,0,0,40.4682
0,10,117,0,0,40.4639
0,11,117,0,0,40.4597
0,12,117,0,0,40.4557
0,13,117,0,0,40.4517
0,14,117,0,0,40.4478
0,15,117,0,0,40.4442
0,16,117,0,0,40.4408
0,17,117,0,0,40.4377
0,18,117,0,0,40.4348
0,19,117,0,0,40.4322
0,20,117,0,0,40.4298
0,21,117,0,0,40.4276
0,22,117,0,0,40.4254
0,23,117,0,0,40.4231
0,24,117,0,0,40.4208
0,25,117,0,0,40.4183
0,26,117,0,0,40.4159
0,27,117,0,0,40.4135
0,28,117,0,0,40.4113
0,29,117,0,0,40.4091
0,30,117,0,0,40.4069
0,31,117,0,0,40.4049
0,32,117,0,0,40.403
0,33,117,0,0,40.4013
0,34,117,0,0,40.3998
0,35,117,0,0,40.3986
0,36,117,0,0,40.3977
0,37,117,0,0,40.397
0,38,117,0,0,40.3965
0,39,117,0,0,40.3962
0,40,117,0,0,40.3959
0,41,117,0,0,40.3956
0,42,117,0,0,40.3953
0,43,117,0,0,40.3948
0,44,117,0,0,40.3943
0,45,117,0,0,40.3939
0,46,117,0,0,40.3935
0,47,117,0,0,40.3932
0,48,117,0,0,40.393
0,49,117,0,0,40.3927
0,50,117,0,0,40.3923
0,51,117,0,0,40.392
0,52,117,0,0,40.3917
0,53,117,0,0,40.3914
0,54,117,0,0,40.3911
0,55,117,0,0,40.3908
0,56,117,0,0,40.3904
0,57,117,0,0,40.39
0,58,117,0,0,40.3895
0,59,117,0,0,40.3888
0,60,117,0,0,40.3881
0,61,117,0,0,40.3873
0,62,117,0,0,40.3865
0,63,117,0,0,40.3858
0,64,117,0,0,40.3852
0,65,117,0,0,40.3846
0,66,117,0,0,40.3842
0,67,117,0,0,40.3837
0,68,117,0,0,40.383
0,69,117,0,0,40.3821
0,70,117,0,0,40.3811
0,71,117,0,0,40.3798
0,72,117,0,0,40.3786
0,73,117,0,0,40.3775
0,74,117,0,0,40.3767
0,75,117,0,0,40.3761
0,76,117,0,0,40.3759
0,77,117,0,0,40.376
0,78,117,0,0,40.3762
0,79,117,0,0,40.3765
0,80,117,0,0,40.3769
0,81,117,0,0,40.3771
0,82,117,0,0,40.3773
0,83,117,0,0,40.3773
0,84,117,0,0,40.3773
0,85,117,0,0,40.3771
0,86,117,0,0,40.3768
0,87,117,0,0,40.3764
0,88,117,0,0,40.376
0,89,117,0,0,40.3755
0,90,117,0,0,40.3748
0,91,117,0,0,40.374
0,92,117,0,0,40.3729
0,93,117,0,0,40.3718
0,94,117,0,0,40.3707
0,95,117,0,0,40.3695
0,96,117,0,0,40.3685
0,97,117,0,0,40.3675
0,98,117,0,0,40.3668
0,99,117,0,0,40.3663
0,100,117,0,0,40.3661
0,101,117,0,0,40.366
0,102,117,0,0,40.3661
0,103,117,0,0,40.3663
0,104,117,0,0,40.3665
0,105,117,0,0,40.3666
0,106,117,0,0,40.3667
0,107,117,0,0,40.3667
0,108,117,0,0,40.3666
0,109,117,0,0,40.3666
0,110,117,0,0,40.3665
0,111,117,0,0,40.3662
0,112,117,0,0,40.3656
0,113,117,0,0,40.3648
0,114,117,0,0,40.3638
0,115,117,0,0,40.3625
0,116,117,0,0,40.3611
0,117,117,0,0,40.3595
0,118,117,0,0,40.3579
0,119,117,0,0,40.3564
0,120,117,0,0,40.3549
0,121,117,0,0,40.3535
0,122,117,0,0,40.3522
0,123,117,0,0,40.3508
0,124,117,0,0,40.3495
0,125,117,0,0,40.3481
0,126,117,0,0,40.3469
0,127,117,0,0,40.3459
0,0,118,0,6.69683e-05,40.5081
0,1,118,0,0,40.4996
0,2,118,0,0,40.4921
0,3,118,0,0,40.4855
0,4,118,0,0,40.4795
0,5,118,0,0,40.474
0,6,118,0,0,40.4688
0,7,118,0,0,40.4638
0,8,118,0,0,40.4591
0,9,118,0,0,40.4546
0,10,118,0,0,40.4502
0,11,118,0,0,40.4461
0,12,118,0,0,40.442
0,13,118,0,0,40.4381
0,14,118,0,0,40.4344
0,15,118,0,0,40.4309
0,16,118,0,0,40.4276
0,17,118,0,0,40.4245
0,18,118,0,0,40.4216
0,19,118,0,0,40.419
0,20,118,0,0,40.4165
0,21,118,0,0,40.4141
0,22,118,0,0,40.4118
0,23,118,0,0,40.4096
0,24,118,0,0,40.4073
0,25,118,0,0,40.4049
0,26,118,0,0,40.4027
0,27,118,0,0,40.4004
0,28,118,0,0,40.3983
0,29,118,0,0,40.3962
0,30,118,0,0,40.3942
0,31,118,0,0,40.3923
0,32,118,0,0,40.3905
0,33,118,0,0,40.3889
0,34,118,0,0,40.3875
0,35,118,0,0,40.3864
0,36,118,0,0,40.3854
0,37,118,0,0,40.3846
0,38,118,0,0,40.384
0,39,118,0,0,40.3835
0,40,118,0,0,40.3831
0,41,118,0,0,40.3826
0,42,118,0,0,40.3822
0,43,118,0,0,40.3818
0,44,118,0,0,40.3813
0,45,118,0,0,40.3809
0,46,118,0,0,40.3805
0,47,118,0,0,40.3801
0,48,118,0,0,40.3798
0,49,118,0,0,40.3795
0,50,118,0,0,40.3791
0,51,118,0,0,40.3788
0,52,118,0,0,40.3785
0,53,118,0,0,40.3781
0,54,118,0,0,40.3778
0,55,118,0,0,40.3774
0,56,118,0,0,40.377
0,57,118,0,0,40.3766
0,58,118,0,0,40.3761
0,59,118,0,0,40.3755
0,60,118,0,0,40.3749
0,61,118,0,0,40.3742
0,62,118,0,0,40.3735
0,63,118,0,0,40.3728
0,64,118,0,0,40.3722
0,65,118,0,0,40.3717
0,66,118,0,0,40.3711
0,67,118,0,0,40.3705
0,68,118,0,0,40.3699
0,69,118,0,0,40.3691
0,70,118,0,0,40.3682
0,71,118,0,0,40.3672
0,72,118,0,0,40.3662
0,73,118,0,0,40.3654
0,74,118,0,0,40.3647
0,75,118,0,0,40.3642
0,76,118,0,0,40.3639
0,77,118,0,0,40.3638
0,78,118,0,0,40.3639
0,79,118,0,0,40.364
0,80,118,0,0,40.3641
0,81,118,0,0,40.3642
0,82,118,0,0,40.3643
0,83,118,0,0,40.3643
0,84,118,0,0,40.3642
0,85,118,0,0,40.364
0,86,118,0,0,40.3637
0,87,118,0,0,40.3633
0,88,118,0,0,40.3629
0,89,118,0,0,40.3624
0,90,118,0,0,40.3617
0,91,118,0,0,40.361
0,92,118,0,0,40.3601
0,93,118,0,0,40.3592
0,94,118,0,0,40.3582
0,95,118,0,0,40.3573
0,96,118,0,0,40.3564
0,97,118,0,0,40.3556
0,98,118,0,0,40.355
0,99,118,0,0,40.3545
0,100,118,0,0,40.3542
0,101,118,0,0,40.3541
0,102,118,0,0,40.354
0,103,118,0,0,40.354
0,104,118,0,0,40.3541
0,105,118,0,0,40.3541
0,106,118,0,0,40.3541
0,107,118,0,0,40.354
0,108,118,0,0,40.3539
0,109,118,0,0,40.3537
0,110,118,0,0,40.3535
0,111,118,0,0,40.3531
0,112,118,0,0,40.3526
0,113,118,0,0,40.3518
0,114,118,0,0,40.3509
0,115,118,0,0,40.3498
0,116,118,0,0,40.3486
0,117,118,0,0,40.3472
0,118,118,0,0,40.3459
0,119,118,0,0,40.3445
0,120,118,0,0,40.3432
0,121,118,0,0,40.342
0,122,118,0,0,40.3408
0,123,118,0,0,40.3396
0,124,118,0,0,40.3385
0,125,118,0,0,40.3374
0,126,118,0,0,40.3365
0,127,118,0,0,40.3358
0,0,119,0,6.69683e-05,40.4978
0,1,119,0,0,40.489
0,2,119,0,0,40.4813
0,3,119,0,0,40.4743
0,4,119,0,0,40.468
0,5,119,0,0,40.4622
0,6,119,0,0,40.4569
0,7,119,0,0,40.4518
0,8,119,0,0,40.447
0,9,119,0,0,40.4424
0,10,119,0,0,40.4381
0,11,119,0,0,40.4339
0,12,119,0,0,40.4299
0,13,119,0,0,40.4261
0,14,119,0,0,40.4224
0,15,119,0,0,40.419
0,16,119,0,0,40.4157
0,17,119,0,0,40.4127
0,18,119,0,0,40.4098
0,19,119,0,0,40.4071
0,20,119,0,0,40.4046
0,21,119,0,0,40.4022
0,22,119,0,0,40.3998
0,23,119,0,0,40.3975
0,24,119,0,0,40.3953
0,25,119,0,0,40.393
0,26,119,0,0,40.3908
0,27,119,0,0,40.3887
0,28,119,0,0,40.3867
0,29,119,0,0,40.3847
0,30,119,0,0,40.3828
0,31,119,0,0,40.381
0,32,119,0,0,40.3793
0,33,119,0,0,40.3778
0,34,119,0,0,40.3765
0,35,119,0,0,40.3753
0,36,119,0,0,40.3743
0,37,119,0,0,40.3735
0,38,119,0,0,40.3728
0,39,119,0,0,40.3722
0,40,119,0,0,40.3716
0,41,119,0,0,40.3711
0,42,119,0,0,40.3706
0,43,119,0,0,40.3702
0,44,119,0,0,40.3697
0,45,119,0,0,40.3693
0,46,119,0,0,40.3688
0,47,119,0,0,40.3685
0,48,119,0,0,40.3681
0,49,119,0,0,40.3677
0,50,119,0,0,40.3674
0,51,119,0,0,40.367
0,52,119,0,0,40.3667
0,53,119,0,0,40.3663
0,54,119,0,0,40.3659
0,55,119,0,0,40.3655
0,56,119,0,0,40.3651
0,57,119,0,0,40.3647
0,58,119,0,0,40.3642
0,59,119,0,0,40.3636
0,60,119,0,0,40.363
0,61,119,0,0,40.3624
0,62,119,0,0,40.3618
0,63,119,0,0,40.3612
0,64,119,0,0,40.3606
0,65,119,0,0,40.36
0,66,119,0,0,40.3595
0,67,119,0,0,40.3589
0,68,119,0,0,40.3582
0,69,119,0,0,40.3575
0,70,119,0,0,40.3567
0,71,119,0,0,40.3559
0,72,119,0,0,40.3551
0,73,119,0,0,40.3544
0,74,119,0,0,40.3538
0,75,119,0,0,40.3533
0,76,119,0,0,40.353
0,77,119,0,0,40.3529
0,78,119,0,0,40.3528
0,79,119,0,0,40.3528
0,80,119,0,0,40.3528
0,81,119,0,0,40.3528
0,82,119,0,0,40.3528
0,83,119,0,0,40.3527
0,84,119,0,0,40.3525
0,85,119,0,0,40.3523
0,86,119,0,0,40.352
0,87,119,0,0,40.3517
0,88,119,0,0,40.3512
0,89,119,0,0,40.3507
0,90,119,0,0,40.3501
0,91,119,0,0,40.3495
0,92,119,0,0,40.3487
0,93,119,0,0,40.3479
0,94,119,0,0,40.3471
0,95,119,0,0,40.3463
0,96,119,0,0,40.3456
0,97,119,0,0,40.3449
0,98,119,0,0,40.3443
0,99,119,0,0,40.3439
0,100,119,0,0,40.3436
0,101,119,0,0,40.3433
0,102,119,0,0,40.3432
0,103,119,0,0,40.3431
0,104,119,0,0,40.343
0,105,119,0,0,40.343
0,106,119,0,0,40.3429
0,107,119,0,0,40.3427
0,108,119,0,0,40.3425
0,109,119,0,0,40.3423
0,110,119,0,0,40.342
0,111,119,0,0,40.3416
0,112,119,0,0,40.341
0,113,119,0,0,40.3403
0,114,119,0,0,40.3395
0,115,119,0,0,40.3385
0,116,119,0,0,40.3374
0,117,119,0,0,40.3363
0,118,119,0,0,40.3351
0,119,119,0,0,40.334
0,120,119,0,0,40.3328
0,121,119,0,0,40.3317
0,122,119,0,0,40.3307
0,123,119,0,0,40.3296
0,124,119,0,0,40.3287
0,125,119,0,0,40.3278
0,126,119,0,0,40.3271
0,127,119,0,0,40.3266
0,0,120,0,6.69683e-05,40.4883
0,1,120,0,0,40.4794
0,2,120,0,0,40.4715
0,3,120,0,0,40.4643
0,4,120,0,0,40.4578
0,5,120,0,0,40.4519
0,6,120,0,0,40.4463
0,7,120,0,0,40.4412
0,8,120,0,0,40.4363
0,9,120,0,0,40.4317
0,10,120,0,0,40.4273
0,11,120,0,0,40.4232
0,12,120,0,0,40.4192
0,13,120,0,0,40.4154
0,14,120,0,0,40.4118
0,15,120,0,0,40.4084
0,16,120,0,0,40.4052
0,17,120,0,0,40.4021
0,18,120,0,0,40.3993
0,19,120,0,0,40.3966
0,20,120,0,0,40.394
0,21,120,0,0,40.3916
0,22,120,0,0,40.3892
0,23,120,0,0,40.3869
0,24,120,0,0,40.3847
0,25,120,0,0,40.3825
0,26,120,0,0,40.3804
0,27,120,0,0,40.3784
0,28,120,0,0,40.3764
0,29,120,0,0,40.3745
0,30,120,0,0,40.3727
0,31,120,0,0,40.371
0,32,120,0,0,40.3694
0,33,120,0,0,40.3679
0,34,120,0,0,40.3666
0,35,120,0,0,40.3655
0,36,120,0,0,40.3644
0,37,120,0,0,40.3636
0,38,120,0,0,40.3628
0,39,120,0,0,40.3621
0,40,120,0,0,40.3615
0,41,120,0,0,40.3609
0,42,120,0,0,40.3604
0,43,120,0,0,40.3599
0,44,120,0,0,40.3594
0,45,120,0,0,40.359
0,46,120,0,0,40.3585
0,47,120,0,0,40.3581
0,48,120,0,0,40.3577
0,49,120,0,0,40.3573
0,50,120,0,0,40.357
0,51,120,0,0,40.3566
0,52,120,0,0,40.3562
0,53,120,0,0,40.3558
0,54,120,0,0,40.3554
0,55,120,0,0,40.355
0,56,120,0,0,40.3546
0,57,120,0,0,40.3542
0,58,120,0,0,40.3537
0,59,120,0,0,40.3531
0,60,120,0,0,40.3526
0,61,120,0,0,40.352
0,62,120,0,0,40.3514
0,63,120,0,0,40.3509
0,64,120,0,0,40.3503
0,65,120,0,0,40.3497
0,66,120,0,0,40.3492
0,67,120,0,0,40.3486
0,68,120,0,0,40.348
0,69,120,0,0,40.3473
0,70,120,0,0,40.3466
0,71,120,0,0,40.3459
0,72,120,0,0,40.3452
0,73,120,0,0,40.3446
0,74,120,0,0,40.3441
0,75,120,0,0,40.3437
0,76,120,0,0,40.3433
0,77,120,0,0,40.3431
0,78,120,0,0,40.3429
0,79,120,0,0,40.3428
0,80,120,0,0,40.3428
0,81,120,0,0,40.3427
0,82,120,0,0,40.3426
0,83,120,0,0,40.3424
0,84,120,0,0,40.3422
0,85,120,0,0,40.342
0,86,120,0,0,40.3417
0,87,120,0,0,40.3414
0,88,120,0,0,40.3409
0,89,120,0,0,40.3405
0,90,120,0,0,40.3399
0,91,120,0,0,40.3393
0,92,120,0,0,40.3387
0,93,120,0,0,40.338
0,94,120,0,0,40.3373
0,95,120,0,0,40.3366
0,96,120,0,0,40.3359
0,97,120,0,0,40.3353
0,98,120,0,0,40.3348
0,99,120,0,0,40.3344
0,100,120,0,0,40.334
0,101,120,0,0,40.3338
0,102,120,0,0,40.3336
0,103,120,0,0,40.3334
0,104,120,0,0,40.3332
0,105,120,0,0,40.3331
0,106,120,0,0,40.3329
0,107,120,0,0,40.3327
0,108,120,0,0,40.3325
0,109,120,0,0,40.3322
0,110,120,0,0,40.3318
0,111,120,0,0,40.3314
0,112,120,0,0,40.3308
0,113,120,0,0,40.3302
0,114,120,0,0,40.3294
0,115,120,0,0,40.3286
0,116,120,0,0,40.3276
0,117,120,0,0,40.3266
0,118,120,0,0,40.3256
0,119,120,0,0,40.3246
0,120,120,0,0,40.3236
0,121,120,0,0,40.3226
0,122,120,0,0,40.3217
0,123,120,0,0,40.3208
0,124,120,0,0,40.32
0,125,120,0,0,40.3193
0,126,120,0,0,40.3187
0,127,120,0,0,40.3183
0,0,121,0,6.69683e-05,40.4797
0,1,121,0,0,40.4708
0,2,121,0,0,40.4627
0,3,121,0,0,40.4555
0,4,121,0,0,40.4488
0,5,121,0,0,40.4427
0,6,121,0,0,40.4371
0,7,121,0,0,40.4319
0,8,121,0,0,40.427
0,9,121,0,0,40.4223
0,10,121,0,0,40.4179
0,11,121,0,0,40.4138
0,12,121,0,0,40.4098
0,13,121,0,0,40.4061
0,14,121,0,0,40.4025
0,15,121,0,0,40.3992
0,16,121,0,0,40.396
0,17,121,0,0,40.3929
0,18,121,0,0,40.3901
0,19,121,0,0,40.3874
0,20,121,0,0,40.3848
0,21,121,0,0,40.3823
0,22,121,0,0,40.38
0,23,121,0,0,40.3777
0,24,121,0,0,40.3755
0,25,121,0,0,40.3734
0,26,121,0,0,40.3713
0,27,121,0,0,40.3693
0,28,121,0,0,40.3674
0,29,121,0,0,40.3655
0,30,121,0,0,40.3638
0,31,121,0,0,40.3622
0,32,121,0,0,40.3607
0,33,121,0,0,40.3592
0,34,121,0,0,40.358
0,35,121,0,0,40.3568
0,36,121,0,0,40.3558
0,37,121,0,0,40.3548
0,38,121,0,0,40.354
0,39,121,0,0,40.3533
0,40,121,0,0,40.3526
0,41,121,0,0,40.352
0,42,121,0,0,40.3515
0,43,121,0,0,40.3509
0,44,121,0,0,40.3504
0,45,121,0,0,40.3499
0,46,121,0,0,40.3495
0,47,121,0,0,40.349
0,48,121,0,0,40.3486
0,49,121,0,0,40.3482
0,50,121,0,0,40.3478
0,51,121,0,0,40.3474
0,52,121,0,0,40.347
0,53,121,0,0,40.3467
0,54,121,0,0,40.3463
0,55,121,0,0,40.3458
0,56,121,0,0,40.3454
0,57,121,0,0,40.345
0,58,121,0,0,40.3445
0,59,121,0,0,40.344
0,60,121,0,0,40.3435
0,61,121,0,0,40.3429
0,62,121,0,0,40.3424
0,63,121,0,0,40.3418
0,64,121,0,0,40.3413
0,65,121,0,0,40.3407
0,66,121,0,0,40.3402
0,67,121,0,0,40.3396
0,68,121,0,0,40.339
0,69,121,0,0,40.3384
0,70,121,0,0,40.3378
0,71,121,0,0,40.3372
0,72,121,0,0,40.3366
0,73,121,0,0,40.336
0,74,121,0,0,40.3355
0,75,121,0,0,40.3351
0,76,121,0,0,40.3348
0,77,121,0,0,40.3345
0,78,121,0,0,40.3343
0,79,121,0,0,40.3341
0,80,121,0,0,40.334
0,81,121,0,0,40.3338
0,82,121,0,0,40.3337
0,83,121,0,0,40.3335
0,84,121,0,0,40.3333
0,85,121,0,0,40.333
0,86,121,0,0,40.3327
0,87,121,0,0,40.3324
0,88,121,0,0,40.332
0,89,121,0,0,40.3315
0,90,121,0,0,40.331
0,91,121,0,0,40.3304
0,92,121,0,0,40.3299
0,93,121,0,0,40.3292
0,94,121,0,0,40.3286
0,95,121,0,0,40.328
0,96,121,0,0,40.3274
0,97,121,0,0,40.3269
0,98,121,0,0,40.3264
0,99,121,0,0,40.326
0,100,121,0,0,40.3256
0,101,121,0,0,40.3253
0,102,121,0,0,40.3251
0,103,121,0,0,40.3249
0,104,121,0,0,40.3247
0,105,121,0,0,40.3245
0,106,121,0,0,40.3242
0,107,121,0,0,40.324
0,108,121,0,0,40.3237
0,109,121,0,0,40.3234
0,110,121,0,0,40.323
0,111,121,0,0,40.3225
0,112,121,0,0,40.322
0,113,121,0,0,40.3214
0,114,121,0,0,40.3207
0,115,121,0,0,40.3199
0,116,121,0,0,40.3191
0,117,121,0,0,40.3182
0,118,121,0,0,40.3173
0,119,121,0,0,40.3164
0,120,121,0,0,40.3155
0,121,121,0,0,40.3146
0,122,121,0,0,40.3138
0,123,121,0,0,40.3131
0,124,121,0,0,40.3124
0,125,121,0,0,40.3118
0,126,121,0,0,40.3113
0,127,121,0,0,40.3109
0,0,122,0,6.69683e-05,40.4721
0,1,122,0,0,40.4631
0,2,122,0,0,40.455
0,3,122,0,0,40.4477
0,4,122,0,0,40.441
0,5,122,0,0,40.4348
0,6,122,0,0,40.4291
0,7,122,0,0,40.4239
0,8,122,0,0,40.4189
0,9,122,0,0,40.4142
0,10,122,0,0,40.4099
0,11,122,0,0,40.4057
0,12,122,0,0,40.4018
0,13,122,0,0,40.398
0,14,122,0,0,40.3945
0,15,122,0,0,40.3911
0,16,122,0,0,40.388
0,17,122,0,0,40.3849
0,18,122,0,0,40.3821
0,19,122,0,0,40.3794
0,20,122,0,0,40.3768
0,21,122,0,0,40.3743
0,22,122,0,0,40.372
0,23,122,0,0,40.3697
0,24,122,0,0,40.3675
0,25,122,0,0,40.3654
0,26,122,0,0,40.3634
0,27,122,0,0,40.3615
0,28,122,0,0,40.3596
0,29,122,0,0,40.3578
0,30,122,0,0,40.3561
0,31,122,0,0,40.3546
0,32,122,0,0,40.3531
0,33,122,0,0,40.3517
0,34,122,0,0,40.3504
0,35,122,0,0,40.3493
0,36,122,0,0,40.3482
0,37,122,0,0,40.3473
0,38,122,0,0,40.3464
0,39,122,0,0,40.3457
0,40,122,0,0,40.345
0,41,122,0,0,40.3443
0,42,122,0,0,40.3437
0,43,122,0,0,40.3432
0,44,122,0,0,40.3426
0,45,122,0,0,40.3421
0,46,122,0,0,40.3417
0,47,122,0,0,40.3412
0,48,122,0,0,40.3408
0,49,122,0,0,40.3404
0,50,122,0,0,40.3399
0,51,122,0,0,40.3395
0,52,122,0,0,40.3391
0,53,122,0,0,40.3387
0,54,122,0,0,40.3383
0,55,122,0,0,40.3379
0,56,122,0,0,40.3375
0,57,122,0,0,40.337
0,58,122,0,0,40.3365
0,59,122,0,0,40.3361
0,60,122,0,0,40.3356
0,61,122,0,0,40.335
0,62,122,0,0,40.3345
0,63,122,0,0,40.334
0,64,122,0,0,40.3335
0,65,122,0,0,40.3329
0,66,122,0,0,40.3324
0,67,122,0,0,40.3318
0,68,122,0,0,40.3313
0,69,122,0,0,40.3307
0,70,122,0,0,40.3301
0,71,122,0,0,40.3296
0,72,122,0,0,40.329
0,73,122,0,0,40.3285
0,74,122,0,0,40.3281
0,75,122,0,0,40.3277
0,76,122,0,0,40.3273
0,77,122,0,0,40.327
0,78,122,0,0,40.3268
0,79,122,0,0,40.3266
0,80,122,0,0,40.3264
0,81,122,0,0,40.3262
0,82,122,0,0,40.326
0,83,122,0,0,40.3258
0,84,122,0,0,40.3255
0,85,122,0,0,40.3253
0,86,122,0,0,40.325
0,87,122,0,0,40.3246
0,88,122,0,0,40.3242
0,89,122,0,0,40.3238
0,90,122,0,0,40.3233
0,91,122,0,0,40.3228
0,92,122,0,0,40.3223
0,93,122,0,0,40.3217
0,94,122,0,0,40.3212
0,95,122,0,0,40.3206
0,96,122,0,0,40.3201
0,97,122,0,0,40.3196
0,98,122,0,0,40.3191
0,99,122,0,0,40.3187
0,100,122,0,0,40.3184
0,101,122,0,0,40.318
0,102,122,0,0,40.3178
0,103,122,0,0,40.3175
0,104,122,0,0,40.3172
0,105,122,0,0,40.317
0,106,122,0,0,40.3167
0,107,122,0,0,40.3165
0,108,122,0,0,40.3161
0,109,122,0,0,40.3158
0,110,122,0,0,40.3154
0,111,122,0,0,40.3149
0,112,122,0,0,40.3144
0,113,122,0,0,40.3138
0,114,122,0,0,40.3132
0,115,122,0,0,40.3124
0,116,122,0,0,40.3117
0,117,122,0,0,40.3109
0,118,122,0,0,40.3101
0,119,122,0,0,40.3093
0,120,122,0,0,40.3085
0,121,122,0,0,40.3077
0,122,122,0,0,40.307
0,123,122,0,0,40.3063
0,124,122,0,0,40.3057
0,125,122,0,0,40.3052
0,126,122,0,0,40.3048
0,127,122,0,0,40.3046
0,0,123,0,6.69683e-05,40.4652
0,1,123,0,0,40.4563
0,2,123,0,0,40.4482
0,3,123,0,0,40.4409
0,4,123,0,0,40.4342
0,5,123,0,0,40.428
0,6,123,0,0,40.4223
0,7,123,0,0,40.417
0,8,123,0,0,40.4121
0,9,123,0,0,40.4074
0,10,123,0,0,40.403
0,11,123,0,0,40.3989
0,12,123,0,0,40.3949
0,13,123,0,0,40.3912
0,14,123,0,0,40.3877
0,15,123,0,0,40.3843
0,16,123,0,0,40.3812
0,17,123,0,0,40.3782
0,18,123,0,0,40.3753
0,19,123,0,0,40.3726
0,20,123,0,0,40.37
0,21,123,0,0,40.3676
0,22,123,0,0,40.3652
0,23,123,0,0,40.363
0,24,123,0,0,40.3608
0,25,123,0,0,40.3587
0,26,123,0,0,40.3567
0,27,123,0,0,40.3548
0,28,123,0,0,40.353
0,29,123,0,0,40.3513
0,30,123,0,0,40.3496
0,31,123,0,0,40.3481
0,32,123,0,0,40.3466
0,33,123,0,0,40.3453
0,34,123,0,0,40.344
0,35,123,0,0,40.3429
0,36,123,0,0,40.3418
0,37,123,0,0,40.3409
0,38,123,0,0,40.34
0,39,123,0,0,40.3392
0,40,123,0,0,40.3385
0,41,123,0,0,40.3378
0,42,123,0,0,40.3372
0,43,123,0,0,40.3366
0,44,123,0,0,40.3361
0,45,123,0,0,40.3355
0,46,123,0,0,40.3351
0,47,123,0,0,40.3346
0,48,123,0,0,40.3341
0,49,123,0,0,40.3337
0,50,123,0,0,40.3333
0,51,123,0,0,40.3329
0,52,123,0,0,40.3324
0,53,123,0,0,40.332
0,54,123,0,0,40.3316
0,55,123,0,0,40.3312
0,56,123,0,0,40.3307
0,57,123,0,0,40.3303
0,58,123,0,0,40.3298
0,59,123,0,0,40.3294
0,60,123,0,0,40.3289
0,61,123,0,0,40.3284
0,62,123,0,0,40.3279
0,63,123,0,0,40.3274
0,64,123,0,0,40.3268
0,65,123,0,0,40.3263
0,66,123,0,0,40.3258
0,67,123,0,0,40.3253
0,68,123,0,0,40.3247
0,69,123,0,0,40.3242
0,70,123,0,0,40.3237
0,71,123,0,0,40.3232
0,72,123,0,0,40.3227
0,73,123,0,0,40.3222
0,74,123,0,0,40.3218
0,75,123,0,0,40.3214
0,76,123,0,0,40.321
0,77,123,0,0,40.3207
0,78,123,0,0,40.3204
0,79,123,0,0,40.3202
0,80,123,0,0,40.32
0,81,123,0,0,40.3197
0,82,123,0,0,40.3195
0,83,123,0,0,40.3193
0,84,123,0,0,40.319
0,85,123,0,0,40.3187
0,86,123,0,0,40.3184
0,87,123,0,0,40.3181
0,88,123,0,0,40.3177
0,89,123,0,0,40.3173
0,90,123,0,0,40.3168
0,91,123,0,0,40.3163
0,92,123,0,0,40.3158
0,93,123,0,0,40.3153
0,94,123,0,0,40.3148
0,95,123,0,0,40.3143
0,96,123,0,0,40.3138
0,97,123,0,0,40.3134
0,98,123,0,0,40.3129
0,99,123,0,0,40.3125
0,100,123,0,0,40.3122
0,101,123,0,0,40.3118
0,102,123,0,0,40.3115
0,103,123,0,0,40.3112
0,104,123,0,0,40.311
0,105,123,0,0,40.3107
0,106,123,0,0,40.3104
0,107,123,0,0,40.3101
0,108,123,0,0,40.3097
0,109,123,0,0,40.3094
0,110,123,0,0,40.3089
0,111,123,0,0,40.3085
0,112,123,0,0,40.308
0,113,123,0,0,40.3074
0,114,123,0,0,40.3068
0,115,123,0,0,40.3061
0,116,123,0,0,40.3054
0,117,123,0,0,40.3047
0,118,123,0,0,40.304
0,119,123,0,0,40.3033
0,120,123,0,0,40.3026
0,121,123,0,0,40.3019
0,122,123,0,0,40.3012
0,123,123,0,0,40.3006
0,124,123,0,0,40.3001
0,125,123,0,0,40.2997
0,126,123,0,0,40.2993
0,127,123,0,0,40.2991
0,0,124,0,6.69683e-05,40.4593
0,1,124,0,0,40.4504
0,2,124,0,0,40.4424
0,3,124,0,0,40.4351
0,4,124,0,0,40.4285
0,5,124,0,0,40.4224
0,6,124,0,0,40.4167
0,7,124,0,0,40.4114
0,8,124,0,0,40.4064
0,9,124,0,0,40.4017
0,10,124,0,0,40.3974
0,11,124,0,0,40.3932
0,12,124,0,0,40.3893
0,13,124,0,0,40.3856
0,14,124,0,0,40.3821
0,15,124,0,0,40.3787
0,16,124,0,0,40.3756
0,17,124,0,0,40.3726
0,18,124,0,0,40.3697
0,19,124,0,0,40.367
0,20,124,0,0,40.3645
0,21,124,0,0,40.362
0,22,124,0,0,40.3597
0,23,124,0,0,40.3574
0,24,124,0,0,40.3553
0,25,124,0,0,40.3532
0,26,124,0,0,40.3512
0,27,124,0,0,40.3494
0,28,124,0,0,40.3476
0,29,124,0,0,40.3459
0,30,124,0,0,40.3443
0,31,124,0,0,40.3427
0,32,124,0,0,40.3413
0,33,124,0,0,40.34
0,34,124,0,0,40.3387
0,35,124,0,0,40.3376
0,36,124,0,0,40.3365
0,37,124,0,0,40.3356
0,38,124,0,0,40.3347
0,39,124,0,0,40.3339
0,40,124,0,0,40.3331
0,41,124,0,0,40.3324
0,42,124,0,0,40.3318
0,43,124,0,0,40.3312
0,44,124,0,0,40.3306
0,45,124,0,0,40.3301
0,46,124,0,0,40.3296
0,47,124,0,0,40.3291
0,48,124,0,0,40.3286
0,49,124,0,0,40.3282
0,50,124,0,0,40.3278
0,51,124,0,0,40.3273
0,52,124,0,0,40.3269
0,53,124,0,0,40.3265
0,54,124,0,0,40.3261
0,55,124,0,0,40.3256
0,56,124,0,0,40.3252
0,57,124,0,0,40.3247
0,58,124,0,0,40.3243
0,59,124,0,0,40.3238
0,60,124,0,0,40.3234
0,61,124,0,0,40.3229
0,62,124,0,0,40.3224
0,63,124,0,0,40.3219
0,64,124,0,0,40.3214
0,65,124,0,0,40.3209
0,66,124,0,0,40.3204
0,67,124,0,0,40.3199
0,68,124,0,0,40.3193
0,69,124,0,0,40.3188
0,70,124,0,0,40.3183
0,71,124,0,0,40.3178
0,72,124,0,0,40.3174
0,73,124,0,0,40.3169
0,74,124,0,0,40.3165
0,75,124,0,0,40.3161
0,76,124,0,0,40.3158
0,77,124,0,0,40.3155
0,78,124,0,0,40.3152
0,79,124,0,0,40.3149
0,80,124,0,0,40.3147
0,81,124,0,0,40.3144
0,82,124,0,0,40.3141
0,83,124,0,0,40.3139
0,84,124,0,0,40.3136
0,85,124,0,0,40.3133
0,86,124,0,0,40.313
0,87,124,0,0,40.3126
0,88,124,0,0,40.3123
0,89,124,0,0,40.3119
0,90,124,0,0,40.3114
0,91,124,0,0,40.311
0,92,124,0,0,40.3105
0,93,124,0,0,40.3101
0,94,124,0,0,40.3096
0,95,124,0,0,40.3091
0,96,124,0,0,40.3087
0,97,124,0,0,40.3082
0,98,124,0,0,40.3078
0,99,124,0,0,40.3074
0,100,124,0,0,40.307
0,101,124,0,0,40.3067
0,102,124,0,0,40.3064
0,103,124,0,0,40.3061
0,104,124,0,0,40.3058
0,105,124,0,0,40.3055
0,106,124,0,0,40.3051
0,107,124,0,0,40.3048
0,108,124,0,0,40.3045
0,109,124,0,0,40.3041
0,110,124,0,0,40.3036
0,111,124,0,0,40.3032
0,112,124,0,0,40.3027
0,113,124,0,0,40.3021
0,114,124,0,0,40.3016
0,115,124,0,0,40.3009
0,116,124,0,0,40.3003
0,117,124,0,0,40.2996
0,118,124,0,0,40.299
0,119,124,0,0,40.2983
0,120,124,0,0,40.2977
0,121,124,0,0,40.297
0,122,124,0,0,40.2965
0,123,124,0,0,40.2959
0,124,124,0,0,40.2955
0,125,124,0,0,40.2951
0,126,124,0,0,40.2948
0,127,124,0,0,40.2946
0,0,125,0,6.69683e-05,40.454
0,1,125,0,0,40.4453
0,2,125,0,0,40.4375
0,3,125,0,0,40.4304
0,4,125,0,0,40.4238
0,5,125,0,0,40.4178
0,6,125,0,0,40.4121
0,7,125,0,0,40.4069
0,8,125,0,0,40.4019
0,9,125,0,0,40.3972
0,10,125,0,0,40.3929
0,11,125,0,0,40.3887
0,12,125,0,0,40.3848
0,13,125,0,0,40.3811
0,14,125,0,0,40.3776
0,15,125,0,0,40.3743
0,16,125,0,0,40.3711
0,17,125,0,0,40.3681
0,18,125,0,0,40.3653
0,19,125,0,0,40.3626
0,20,125,0,0,40.36
0,21,125,0,0,40.3576
0,22,125,0,0,40.3552
0,23,125,0,0,40.353
0,24,125,0,0,40.3509
0,25,125,0,0,40.3488
0,26,125,0,0,40.3469
0,27,125,0,0,40.345
0,28,125,0,0,40.3433
0,29,125,0,0,40.3416
0,30,125,0,0,40.34
0,31,125,0,0,40.3385
0,32,125,0,0,40.3371
0,33,125,0,0,40.3357
0,34,125,0,0,40.3345
0,35,125,0,0,40.3334
0,36,125,0,0,40.3323
0,37,125,0,0,40.3314
0,38,125,0,0,40.3305
0,39,125,0,0,40.3296
0,40,125,0,0,40.3289
0,41,125,0,0,40.3282
0,42,125,0,0,40.3275
0,43,125,0,0,40.3269
0,44,125,0,0,40.3263
0,45,125,0,0,40.3258
0,46,125,0,0,40.3252
0,47,125,0,0,40.3248
0,48,125,0,0,40.3243
0,49,125,0,0,40.3238
0,50,125,0,0,40.3234
0,51,125,0,0,40.3229
0,52,125,0,0,40.3225
0,53,125,0,0,40.3221
0,54,125,0,0,40.3217
0,55,125,0,0,40.3212
0,56,125,0,0,40.3208
0,57,125,0,0,40.3203
0,58,125,0,0,40.3199
0,59,125,0,0,40.3194
0,60,125,0,0,40.319
0,61,125,0,0,40.3185
0,62,125,0,0,40.318
0,63,125,0,0,40.3175
0,64,125,0,0,40.317
0,65,125,0,0,40.3165
0,66,125,0,0,40.3161
0,67,125,0,0,40.3156
0,68,125,0,0,40.3151
0,69,125,0,0,40.3146
0,70,125,0,0,40.3141
0,71,125,0,0,40.3136
0,72,125,0,0,40.3132
0,73,125,0,0,40.3127
0,74,125,0,0,40.3123
0,75,125,0,0,40.312
0,76,125,0,0,40.3116
0,77,125,0,0,40.3113
0,78,125,0,0,40.311
0,79,125,0,0,40.3107
0,80,125,0,0,40.3104
0,81,125,0,0,40.3102
0,82,125,0,0,40.3099
0,83,125,0,0,40.3096
0,84,125,0,0,40.3093
0,85,125,0,0,40.309
0,86,125,0,0,40.3087
0,87,125,0,0,40.3084
0,88,125,0,0,40.308
0,89,125,0,0,40.3076
0,90,125,0,0,40.3072
0,91,125,0,0,40.3068
0,92,125,0,0,40.3063
0,93,125,0,0,40.3059
0,94,125,0,0,40.3054
0,95,125,0,0,40.305
0,96,125,0,0,40.3045
0,97,125,0,0,40.3041
0,98,125,0,0,40.3037
0,99,125,0,0,40.3033
0,100,125,0,0,40.303
0,101,125,0,0,40.3026
0,102,125,0,0,40.3023
0,103,125,0,0,40.302
0,104,125,0,0,40.3016
0,105,125,0,0,40.3013
0,106,125,0,0,40.301
0,107,125,0,0,40.3006
0,108,125,0,0,40.3003
0,109,125,0,0,40.2999
0,110,125,0,0,40.2994
0,111,125,0,0,40.299
0,112,125,0,0,40.2985
0,113,125,0,0,40.298
0,114,125,0,0,40.2974
0,115,125,0,0,40.2968
0,116,125,0,0,40.2962
0,117,125,0,0,40.2956
0,118,125,0,0,40.295
0,119,125,0,0,40.2944
0,120,125,0,0,40.2938
0,121,125,0,0,40.2932
0,122,125,0,0,40.2927
0,123,125,0,0,40.2922
0,124,125,0,0,40.2918
0,125,125,0,0,40.2914
0,126,125,0,0,40.2911
0,127,125,0,0,40.2909
0,0,126,0,6.69683e-05,40.4494
0,1,126,0,0,40.441
0,2,126,0,0,40.4335
0,3,126,0,0,40.4266
0,4,126,0,0,40.4203
0,5,126,0,0,40.4143
0,6,126,0,0,40.4087
0,7,126,0,0,40.4035
0,8,126,0,0,40.3985
0,9,126,0,0,40.3939
0,10,126,0,0,40.3895
0,11,126,0,0,40.3854
0,12,126,0,0,40.3815
0,13,126,0,0,40.3778
0,14,126,0,0,40.3743
0,15,126,0,0,40.3709
0,16,126,0,0,40.3678
0,17,126,0,0,40.3648
0,18,126,0,0,40.362
0,19,126,0,0,40.3593
0,20,126,0,0,40.3567
0,21,126,0,0,40.3543
0,22,126,0,0,40.3519
0,23,126,0,0,40.3497
0,24,126,0,0,40.3476
0,25,126,0,0,40.3456
0,26,126,0,0,40.3436
0,27,126,0,0,40.3418
0,28,126,0,0,40.34
0,29,126,0,0,40.3384
0,30,126,0,0,40.3368
0,31,126,0,0,40.3353
0,32,126,0,0,40.3339
0,33,126,0,0,40.3326
0,34,126,0,0,40.3314
0,35,126,0,0,40.3302
0,36,126,0,0,40.3292
0,37,126,0,0,40.3282
0,38,126,0,0,40.3273
0,39,126,0,0,40.3265
0,40,126,0,0,40.3257
0,41,126,0,0,40.325
0,42,126,0,0,40.3243
0,43,126,0,0,40.3237
0,44,126,0,0,40.3231
0,45,126,0,0,40.3225
0,46,126,0,0,40.322
0,47,126,0,0,40.3215
0,48,126,0,0,40.321
0,49,126,0,0,40.3206
0,50,126,0,0,40.3201
0,51,126,0,0,40.3197
0,52,126,0,0,40.3192
0,53,126,0,0,40.3188
0,54,126,0,0,40.3184
0,55,126,0,0,40.3179
0,56,126,0,0,40.3175
0,57,126,0,0,40.3171
0,58,126,0,0,40.3166
0,59,126,0,0,40.3162
0,60,126,0,0,40.3157
0,61,126,0,0,40.3152
0,62,126,0,0,40.3148
0,63,126,0,0,40.3143
0,64,126,0,0,40.3138
0,65,126,0,0,40.3133
0,66,126,0,0,40.3128
0,67,126,0,0,40.3124
0,68,126,0,0,40.3119
0,69,126,0,0,40.3114
0,70,126,0,0,40.3109
0,71,126,0,0,40.3105
0,72,126,0,0,40.31
0,73,126,0,0,40.3096
0,74,126,0,0,40.3092
0,75,126,0,0,40.3089
0,76,126,0,0,40.3085
0,77,126,0,0,40.3082
0,78,126,0,0,40.3079
0,79,126,0,0,40.3076
0,80,126,0,0,40.3073
0,81,126,0,0,40.307
0,82,126,0,0,40.3067
0,83,126,0,0,40.3064
0,84,126,0,0,40.3061
0,85,126,0,0,40.3058
0,86,126,0,0,40.3055
0,87,126,0,0,40.3052
0,88,126,0,0,40.3048
0,89,126,0,0,40.3044
0,90,126,0,0,40.304
0,91,126,0,0,40.3036
0,92,126,0,0,40.3032
0,93,126,0,0,40.3028
0,94,126,0,0,40.3023
0,95,126,0,0,40.3019
0,96,126,0,0,40.3015
0,97,126,0,0,40.3011
0,98,126,0,0,40.3007
0,99,126,0,0,40.3003
0,100,126,0,0,40.2999
0,101,126,0,0,40.2996
0,102,126,0,0,40.2992
0,103,126,0,0,40.2989
0,104,126,0,0,40.2986
0,105,126,0,0,40.2982
0,106,126,0,0,40.2979
0,107,126,0,0,40.2975
0,108,126,0,0,40.2971
0,109,126,0,0,40.2967
0,110,126,0,0,40.2963
0,111,126,0,0,40.2959
0,112,126,0,0,40.2954
0,113,126,0,0,40.2949
0,114,126,0,0,40.2943
0,115,126,0,0,40.2938
0,116,126,0,0,40.2932
0,117,126,0,0,40.2926
0,118,126,0,0,40.292
0,119,126,0,0,40.2914
0,120,126,0,0,40.2909
0,121,126,0,0,40.2903
0,122,126,0,0,40.2898
0,123,126,0,0,40.2894
0,124,126,0,0,40.289
0,125,126,0,0,40.2887
0,126,126,0,0,40.2884
0,127,126,0,0,40.2882
0,0,127,0,6.69683e-05,40.445
0,1,127,0,0,40.4374
0,2,127,0,0,40.4305
0,3,127,0,0,40.424
0,4,127,0,0,40.4178
0,5,127,0,0,40.412
0,6,127,0,0,40.4064
0,7,127,0,0,40.4012
0,8,127,0,0,40.3963
0,9,127,0,0,40.3917
0,10,127,0,0,40.3873
0,11,127,0,0,40.3831
0,12,127,0,0,40.3792
0,13,127,0,0,40.3756
0,14,127,0,0,40.3721
0,15,127,0,0,40.3687
0,16,127,0,0,40.3656
0,17,127,0,0,40.3626
0,18,127,0,0,40.3598
0,19,127,0,0,40.3571
0,20,127,0,0,40.3545
0,21,127,0,0,40.3521
0,22,127,0,0,40.3498
0,23,127,0,0,40.3475
0,24,127,0,0,40.3454
0,25,127,0,0,40.3434
0,26,127,0,0,40.3415
0,27,127,0,0,40.3396
0,28,127,0,0,40.3379
0,29,127,0,0,40.3362
0,30,127,0,0,40.3347
0,31,127,0,0,40.3332
0,32,127,0,0,40.3318
0,33,127,0,0,40.3305
0,34,127,0,0,40.3293
0,35,127,0,0,40.3281
0,36,127,0,0,40.3271
0,37,127,0,0,40.3261
0,38,127,0,0,40.3252
0,39,127,0,0,40.3244
0,40,127,0,0,40.3236
0,41,127,0,0,40.3229
0,42,127,0,0,40.3222
0,43,127,0,0,40.3215
0,44,127,0,0,40.321
0,45,127,0,0,40.3204
0,46,127,0,0,40.3199
0,47,127,0,0,40.3194
0,48,127,0,0,40.3189
0,49,127,0,0,40.3184
0,50,127,0,0,40.318
0,51,127,0,0,40.3175
0,52,127,0,0,40.3171
0,53,127,0,0,40.3166
0,54,127,0,0,40.3162
0,55,127,0,0,40.3158
0,56,127,0,0,40.3153
0,57,127,0,0,40.3149
0,58,127,0,0,40.3144
0,59,127,0,0,40.314
0,60,127,0,0,40.3135
0,61,127,0,0,40.3131
0,62,127,0,0,40.3126
0,63,127,0,0,40.3121
0,64,127,0,0,40.3117
0,65,127,0,0,40.3112
0,66,127,0,0,40.3107
0,67,127,0,0,40.3102
0,68,127,0,0,40.3098
0,69,127,0,0,40.3093
0,70,127,0,0,40.3088
0,71,127,0,0,40.3084
0,72,127,0,0,40.308
0,73,127,0,0,40.3075
0,74,127,0,0,40.3072
0,75,127,0,0,40.3068
0,76,127,0,0,40.3064
0,77,127,0,0,40.3061
0,78,127,0,0,40.3058
0,79,127,0,0,40.3055
0,80,127,0,0,40.3052
0,81,127,0,0,40.3049
0,82,127,0,0,40.3046
0,83,127,0,0,40.3043
0,84,127,0,0,40.304
0,85,127,0,0,40.3037
0,86,127,0,0,40.3034
0,87,127,0,0,40.3031
0,88,127,0,0,40.3027
0,89,127,0,0,40.3023
0,90,127,0,0,40.3019
0,91,127,0,0,40.3015
0,92,127,0,0,40.3011
0,93,127,0,0,40.3007
0,94,127,0,0,40.3003
0,95,127,0,0,40.2999
0,96,127,0,0,40.2994
0,97,127,0,0,40.299
0,98,127,0,0,40.2986
0,99,127,0,0,40.2983
0,100,127,0,0,40.2979
0,101,127,0,0,40.2975
0,102,127,0,0,40.2972
0,103,127,0,0,40.2968
0,104,127,0,0,40.2965
0,105,127,0,0,40.2962
0,106,127,0,0,40.2958
0,107,127,0,0,40.2955
0,108,127,0,0,40.2951
0,109,127,0,0,40.2947
0,110,127,0,0,40.2942
0,111,127,0,0,40.2938
0,112,127,0,0,40.2933
0,113,127,0,0,40.2928
0,114,127,0,0,40.2923
0,115,127,0,0,40.2917
0,116,127,0,0,40.2912
0,117,127,0,0,40.2906
0,118,127,0,0,40.29
0,119,127,0,0,40.2895
0,120,127,0,0,40.2889
0,121,127,0,0,40.2884
0,122,127,0,0,40.288
0,123,127,0,0,40.2875
0,124,127,0,0,40.2871
0,125,127,0,0,40.2868
0,126,127,0,0,40.2866
0,127,127,0,0,40.2864
1,0,0,0,0.0552426,54.0875
1,1,0,0,0.000109978,51.1532
1,2,0,0,5.96835e-05,49.4863
1,3,0,0,4.60181e-05,48.3
1,4,0,0,0.000180725,47.3737
1,5,0,0,7.8462e-05,46.606
1,6,0,0,7.8462e-05,45.9645
1,7,0,0,4.79469e-05,45.419
1,8,0,0,0.000119367,44.9536
1,9,0,0,8.52491e-05,44.5467
1,10,0,0,9.89145e-05,44.1926
1,11,0,0,0.000138146,43.881
1,12,0,0,6.13575e-05,43.6011
1,13,0,0,0.000100588,43.356
1,14,0,0,0.000119367,43.1358
1,15,0,0,0.000102262,42.9335
1,16,0,0,4.0905e-05,42.7495
1,17,0,0,0.00013043,42.5886
1,18,0,0,6.90272e-05,42.4375
1,19,0,0,8.0136e-05,42.3025
1,20,0,0,0.000100588,42.1788
1,21,0,0,3.9231e-05,42.0642
1,22,0,0,3.9231e-05,41.962
1,23,0,0,8.10186e-05,41.8725
1,24,0,0,0.000121041,41.7913
1,25,0,0,0.000117693,41.7143
1,26,0,0,5.80095e-05,41.6407
1,27,0,0,6.13575e-05,41.5754
1,28,0,0,0.000123388,41.5167
1,29,0,0,4.85747e-05,41.4582
1,30,0,0,0.000158507,41.4103
1,31,0,0,0.000138145,41.3614
1,32,0,0,5.80095e-05,41.3132
1,33,0,0,7.5114e-05,41.2728
1,34,0,0,0.00013982,41.2369
1,35,0,0,0.000100588,41.1999
1,36,0,0,0.000138146,41.1664
1,37,0,0,7.8462e-05,41.1326
1,38,0,0,0.000121041,41.1055
1,39,0,0,0.000121041,41.0795
1,40,0,0,0.000100588,41.0524
1,41,0,0,5.80095e-05,41.0251
1,42,0,0,7.6788e-05,41.0023
1,43,0,0,0.000119367,40.9812
1,44,0,0,5.96835e-05,40.959
1,45,0,0,7.8462e-05,40.9419
1,46,0,0,0.000136472,40.927
1,47,0,0,0.000119367,40.91
1,48,0,0,5.80095e-05,40.89
1,49,0,0,7.5168e-05,40.8749
1,50,0,0,0.000136472,40.8634
1,51,0,0,0.000121041,40.8483
1,52,0,0,6.13575e-05,40.8337
1,53,0,0,0.000132568,40.8263
1,54,0,0,5.80095e-05,40.8167
1,55,0,0,0.00013215,40.813
1,56,0,0,5.96835e-05,40.8055
1,57,0,0,5.96835e-05,40.802
1,58,0,0,0.000209083,40.8042
1,59,0,0,0.000143167,40.7988
1,60,0,0,0.000160272,40.7935
1,61,0,0,8.0136e-05,40.7843
1,62,0,0,5.20138e-05,40.7761
1,63,0,0,6.73532e-05,40.7738
1,64,0,0,0.00020185,40.7752
1,65,0,0,0.000100588,40.7671
1,66,0,0,0.000129593,40.7587
1,67,0,0,9.38014e-05,40.7481
1,68,0,0,1.87785e-05,40.7387
1,69,0,0,0.000141493,40.7366
1,70,0,0,2.04525e-05,40.7288
1,71,0,0,0.000139911,40.7296
1,72,0,0,9.03622e-05,40.7239
1,73,0,0,0.00013638,40.7193
1,74,0,0,7.8462e-05,40.7104
1,75,0,0,7.59054e-05,40.7048
1,76,0,0,5.80095e-05,40.7
1,77,0,0,3.7557e-05,40.6965
1,78,0,0,1.17366e-05,40.6949
1,79,0,0,0.000119367,40.6997
1,80,0,0,0.000100588,40.7012
1,81,0,0,0.000115209,40.7015
1,82,0,0,3.9231e-05,40.6985
1,83,0,0,0.000105956,40.6997
1,84,0,0,6.13575e-05,40.6999
1,85,0,0,9.89145e-05,40.7031
1,86,0,0,7.50229e-05,40.7053
1,87,0,0,0.000119367,40.709
1,88,0,0,0.00012448,40.71
1,89,0,0,0.000156924,40.7085
1,90,0,0,0.000108977,40.7036
1,91,0,0,0.00017905,40.6997
1,92,0,0,8.0136e-05,40.688
1,93,0,0,5.96835e-05,40.6787
1,94,0,0,5.96835e-05,40.6715
1,95,0,0,5.96835e-05,40.6656
1,96,0,0,8.181e-05,40.6613
1,97,0,0,8.86882e-05,40.6573
1,98,0,0,6.13575e-05,40.6538
1,99,0,0,8.44577e-05,40.6536
1,100,0,0,8.0136e-05,40.6529
1,101,0,0,9.89145e-05,40.6543
1,102,0,0,8.0136e-05,40.6542
1,103,0,0,9.46839e-05,40.6557
1,104,0,0,0.000119367,40.6569
1,105,0,0,9.89145e-05,40.6566
1,106,0,0,0.000134916,40.6579
1,107,0,0,0.000119367,40.6574
1,108,0,0,8.181e-05,40.6568
1,109,0,0,0.000158598,40.6586
1,110,0,0,9.72405e-05,40.6546
1,111,0,0,7.8462e-05,40.6502
1,112,0,0,9.89145e-05,40.6478
1,113,0,0,7.8462e-05,40.6445
1,114,0,0,0.000121041,40.6424
1,115,0,0,0.000100588,40.6383
1,116,0,0,2.04525e-05,40.6341
1,117,0,0,5.80095e-05,40.6366
1,118,0,0,0.000133178,40.642
1,119,0,0,0.000109304,40.6419
1,120,0,0,5.80095e-05,40.6393
1,121,0,0,0.000117693,40.6405
1,122,0,0,5.96835e-05,40.6388
1,123,0,0,4.0905e-05,40.6414
1,124,0,0,0.000238734,40.6508
1,125,0,0,0.000117693,40.6458
1,126,0,0,4.0905e-05,40.638
1,127,0,0,5.96835e-05,40.6325
1,0,1,0,0.000164079,51.1508
1,1,1,0,0.000137145,49.9962
1,2,1,0,0.000121041,48.8632
1,3,1,0,5.62444e-05,47.8972
1,4,1,0,9.89145e-05,47.088
1,5,1,0,5.80095e-05,46.3972
1,6,1,0,7.8462e-05,45.8072
1,7,1,0,7.30941e-05,45.2972
1,8,1,0,7.0146e-05,44.8541
1,9,1,0,3.57919e-05,44.4649
1,10,1,0,8.0136e-05,44.1251
1,11,1,0,5.96835e-05,43.8225
1,12,1,0,5.20138e-05,43.5531
1,13,1,0,9.42199e-05,43.3154
1,14,1,0,0.000168824,43.102
1,15,1,0,7.6788e-05,42.9017
1,16,1,0,6.13575e-05,42.722
1,17,1,0,0.000109978,42.5627
1,18,1,0,5.20138e-05,42.4143
1,19,1,0,0.000138146,42.2835
1,20,1,0,3.9231e-05,42.1586
1,21,1,0,0.000117693,42.0493
1,22,1,0,5.80095e-05,41.9467
1,23,1,0,7.92534e-05,41.8566
1,24,1,0,8.0136e-05,41.7745
1,25,1,0,9.89145e-05,41.6992
1,26,1,0,0.000102262,41.6288
1,27,1,0,0.00013982,41.5651
1,28,1,0,0.00010935,41.5036
1,29,1,0,7.07923e-05,41.4451
1,30,1,0,6.64706e-05,41.3936
1,31,1,0,7.8462e-05,41.3459
1,32,1,0,7.14201e-05,41.3011
1,33,1,0,0.000134124,41.2623
1,34,1,0,7.6788e-05,41.2227
1,35,1,0,0.000102262,41.1869
1,36,1,0,6.20308e-05,41.1513
1,37,1,0,4.0905e-05,41.1184
1,38,1,0,5.80095e-05,41.0914
1,39,1,0,0.000135125,41.0686
1,40,1,0,0.000138145,41.0434
1,41,1,0,9.71494e-05,41.0168
1,42,1,0,0.000133915,40.994
1,43,1,0,5.96835e-05,40.9694
1,44,1,0,7.8462e-05,40.9493
1,45,1,0,0.000119367,40.9326
1,46,1,0,5.63355e-05,40.9144
1,47,1,0,0.000161946,40.9009
1,48,1,0,7.6788e-05,40.8807
1,49,1,0,5.80095e-05,40.8641
1,50,1,0,0.000119367,40.8516
1,51,1,0,2.04525e-05,40.8336
1,52,1,0,0,40.8198
1,53,1,0,4.64822e-05,40.8124
1,54,1,0,5.80095e-05,40.8056
1,55,1,0,8.61317e-05,40.8013
1,56,1,0,9.89145e-05,40.7962
1,57,1,0,9.55665e-05,40.7913
1,58,1,0,4.17876e-05,40.7863
1,59,1,0,7.6788e-05,40.7831
1,60,1,0,8.0136e-05,40.7792
1,61,1,0,0.00017905,40.7761
1,62,1,0,2.81222e-05,40.7654
1,63,1,0,0.00013215,40.7646
1,64,1,0,9.65672e-05,40.7616
1,65,1,0,0.000194481,40.7586
1,66,1,0,8.86882e-05,40.747
1,67,1,0,4.60181e-05,40.7366
1,68,1,0,0.000117693,40.7317
1,69,1,0,7.6788e-05,40.7256
1,70,1,0,5.96835e-05,40.7204
1,71,1,0,0.000155159,40.7209
1,72,1,0,9.60255e-05,40.7145
1,73,1,0,0.000105702,40.7085
1,74,1,0,2.04525e-05,40.6991
1,75,1,0,8.26926e-05,40.6963
1,76,1,0,8.181e-05,40.6933
1,77,1,0,0.000117693,40.6921
1,78,1,0,8.88519e-05,40.6898
1,79,1,0,5.80095e-05,40.6897
1,80,1,0,0.000116019,40.6926
1,81,1,0,9.81045e-05,40.6926
1,82,1,0,0.00013982,40.6926
1,83,1,0,3.21891e-05,40.6889
1,84,1,0,9.25459e-05,40.6913
1,85,1,0,8.43666e-05,40.6938
1,86,1,0,0.000123598,40.6974
1,87,1,0,0.000127828,40.6999
1,88,1,0,0.000162829,40.7004
1,89,1,0,5.96835e-05,40.6944
1,90,1,0,0.000123061,40.6922
1,91,1,0,0.000117693,40.687
1,92,1,0,7.8462e-05,40.678
1,93,1,0,9.72405e-05,40.6712
1,94,1,0,9.72405e-05,40.6648
1,95,1,0,8.41573e-05,40.6585
1,96,1,0,6.13575e-05,40.6521
1,97,1,0,3.06787e-05,40.6466
1,98,1,0,4.0905e-05,40.6443
1,99,1,0,9.29188e-05,40.6448
1,100,1,0,2.04525e-05,40.6421
1,101,1,0,9.65672e-05,40.6449
1,102,1,0,5.96835e-05,40.6444
1,103,1,0,0.000103145,40.6462
1,104,1,0,6.13575e-05,40.6448
1,105,1,0,5.80095e-05,40.644
1,106,1,0,4.41349e-05,40.6436
1,107,1,0,3.9231e-05,40.6439
1,108,1,0,9.97971e-05,40.6465
1,109,1,0,7.50229e-05,40.6461
1,110,1,0,0.000122715,40.6454
1,111,1,0,5.96835e-05,40.6403
1,112,1,0,7.24663e-05,40.638
1,113,1,0,0.000100588,40.6355
1,114,1,0,3.9231e-05,40.6301
1,115,1,0,2.04525e-05,40.6264
1,116,1,0,6.13575e-05,40.6264
1,117,1,0,5.96835e-05,40.6282
1,118,1,0,0.000116019,40.6327
1,119,1,0,0.000100425,40.6328
1,120,1,0,8.0136e-05,40.6307
1,121,1,0,5.96835e-05,40.6293
1,122,1,0,3.06787e-05,40.6284
1,123,1,0,8.181e-05,40.6323
1,124,1,0,9.72405e-05,40.6368
1,125,1,0,0.000133451,40.6374
1,126,1,0,0.000138146,40.6341
1,127,1,0,0.000150046,40.6292
1,0,2,0,6.18169e-05,49.4737
1,1,2,0,7.04194e-06,48.8501
1,2,2,0,0,48.0996
1,3,2,0,0,47.3681
1,4,2,0,0,46.7022
1,5,2,0,0,46.1082
1,6,2,0,0,45.5834
1,7,2,0,0,45.1199
1,8,2,0,0,44.7102
1,9,2,0,0,44.3468
1,10,2,0,0,44.0244
1,11,2,0,0,43.7364
1,12,2,0,7.66969e-06,43.479
1,13,2,0,4.69463e-06,43.248
1,14,2,0,1.02263e-05,43.0394
1,15,2,0,0,42.8479
1,16,2,0,0,42.6744
1,17,2,0,0,42.5176
1,18,2,0,0,42.3743
1,19,2,0,0,42.2443
1,20,2,0,0,42.1245
1,21,2,0,0,42.016
1,22,2,0,0,41.9166
1,23,2,0,0,41.8266
1,24,2,0,0,41.7445
1,25,2,0,0,41.6692
1,26,2,0,0,41.5996
1,27,2,0,0,41.5354
1,28,2,0,7.66969e-06,41.4754
1,29,2,0,0,41.4188
1,30,2,0,0,41.3672
1,31,2,0,0,41.3198
1,32,2,0,7.04194e-06,41.276
1,33,2,0,2.34731e-06,41.2355
1,34,2,0,0,41.197
1,35,2,0,0,41.1612
1,36,2,0,1.64312e-05,41.1279
1,37,2,0,0,41.0959
1,38,2,0,0,41.0677
1,39,2,0,4.69463e-06,41.0423
1,40,2,0,0,41.0171
1,41,2,0,5.11312e-06,40.9927
1,42,2,0,2.55656e-06,40.9695
1,43,2,0,0,40.9471
1,44,2,0,0,40.9271
1,45,2,0,0,40.909
1,46,2,0,0,40.8916
1,47,2,0,0,40.8756
1,48,2,0,0,40.8587
1,49,2,0,0,40.8431
1,50,2,0,0,40.8291
1,51,2,0,0,40.8148
1,52,2,0,0,40.8026
1,53,2,0,0,40.7934
1,54,2,0,0,40.7857
1,55,2,0,0,40.7795
1,56,2,0,0,40.7737
1,57,2,0,0,40.7683
1,58,2,0,0,40.7632
1,59,2,0,0,40.7587
1,60,2,0,0,40.7541
1,61,2,0,0,40.7494
1,62,2,0,0,40.7433
1,63,2,0,0,40.7393
1,64,2,0,0,40.7351
1,65,2,0,0,40.7301
1,66,2,0,0,40.7227
1,67,2,0,0,40.7152
1,68,2,0,0,40.7095
1,69,2,0,0,40.7042
1,70,2,0,0,40.6997
1,71,2,0,0,40.6965
1,72,2,0,8.14725e-06,40.6921
1,73,2,0,0,40.6866
1,74,2,0,0,40.6809
1,75,2,0,0,40.6771
1,76,2,0,0,40.6743
1,77,2,0,0,40.6723
1,78,2,0,0,40.6707
1,79,2,0,0,40.6702
1,80,2,0,0,40.6706
1,81,2,0,0,40.6706
1,82,2,0,0,40.6702
1,83,2,0,0,40.6694
1,84,2,0,4.69463e-06,40.6705
1,85,2,0,1.78959e-05,40.6724
1,86,2,0,2.55656e-06,40.6734
1,87,2,0,1.53394e-05,40.6746
1,88,2,0,1.27828e-05,40.6736
1,89,2,0,0,40.6699
1,90,2,0,0,40.6664
1,91,2,0,0,40.6618
1,92,2,0,0,40.6559
1,93,2,0,0,40.6502
1,94,2,0,0,40.6449
1,95,2,0,1.64312e-05,40.6403
1,96,2,0,0,40.6347
1,97,2,0,0,40.6304
1,98,2,0,0,40.6278
1,99,2,0,0,40.6266
1,100,2,0,0,40.6253
1,101,2,0,2.34731e-06,40.6256
1,102,2,0,0,40.6253
1,103,2,0,0,40.6254
1,104,2,0,0,40.6248
1,105,2,0,0,40.6243
1,106,2,0,0,40.624
1,107,2,0,0,40.6242
1,108,2,0,1.78959e-05,40.6254
1,109,2,0,5.11312e-06,40.6245
1,110,2,0,0,40.623
1,111,2,0,0,40.6205
1,112,2,0,2.81222e-05,40.6192
1,113,2,0,0,40.6157
1,114,2,0,0,40.6123
1,115,2,0,0,40.6099
1,116,2,0,0,40.6093
1,117,2,0,0,40.6099
1,118,2,0,0,40.6115
1,119,2,0,1.02263e-05,40.612
1,120,2,0,0,40.611
1,121,2,0,0,40.6104
1,122,2,0,1.02263e-05,40.6107
1,123,2,0,0,40.6119
1,124,2,0,0,40.6134
1,125,2,0,4.69463e-06,40.6136
1,126,2,0,0,40.6117
1,127,2,0,1.02263e-05,40.6091
1,0,3,0,6.18169e-05,48.2781
1,1,3,0,0,47.8759
1,2,3,0,0,47.3583
1,3,3,0,0,46.8096
1,4,3,0,0,46.2763
1,5,3,0,0,45.7785
1,6,3,0,0,45.3233
1,7,3,0,0,44.9113
1,8,3,0,0,44.54
1,9,3,0,0,44.2059
1,10,3,0,0,43.9056
1,11,3,0,0,43.635
1,12,3,0,0,43.3909
1,13,3,0,0,43.1702
1,14,3,0,0,42.9699
1,15,3,0,0,42.7869
1,16,3,0,0,42.6202
1,17,3,0,0,42.4684
1,18,3,0,0,42.3298
1,19,3,0,0,42.2031
1,20,3,0,0,42.0871
1,21,3,0,0,41.981
1,22,3,0,0,41.884
1,23,3,0,0,41.7954
1,24,3,0,0,41.7142
1,25,3,0,0,41.6396
1,26,3,0,0,41.5707
1,27,3,0,0,41.5071
1,28,3,0,0,41.4479
1,29,3,0,0,41.3928
1,30,3,0,0,41.3419
1,31,3,0,0,41.2948
1,32,3,0,0,41.2513
1,33,3,0,0,41.2108
1,34,3,0,0,41.1729
1,35,3,0,0,41.1376
1,36,3,0,0,41.1046
1,37,3,0,0,41.0737
1,38,3,0,0,41.0453
1,39,3,0,0,41.0191
1,40,3,0,0,40.994
1,41,3,0,0,40.9702
1,42,3,0,0,40.9476
1,43,3,0,0,40.9262
1,44,3,0,0,40.9064
1,45,3,0,0,40.888
1,46,3,0,0,40.8708
1,47,3,0,0,40.8545
1,48,3,0,0,40.8387
1,49,3,0,0,40.8238
1,50,3,0,0,40.81
1,51,3,0,0,40.797
1,52,3,0,0,40.7855
1,53,3,0,0,40.7758
1,54,3,0,0,40.7675
1,55,3,0,0,40.7604
1,56,3,0,0,40.7539
1,57,3,0,0,40.748
1,58,3,0,0,40.7424
1,59,3,0,0,40.7373
1,60,3,0,0,40.7322
1,61,3,0,0,40.7272
1,62,3,0,0,40.7219
1,63,3,0,0,40.7171
1,64,3,0,0,40.7124
1,65,3,0,0,40.7071
1,66,3,0,0,40.7011
1,67,3,0,0,40.6951
1,68,3,0,0,40.6896
1,69,3,0,0,40.6847
1,70,3,0,0,40.6803
1,71,3,0,0,40.6764
1,72,3,0,0,40.6721
1,73,3,0,0,40.6677
1,74,3,0,0,40.6633
1,75,3,0,0,40.6598
1,76,3,0,0,40.657
1,77,3,0,0,40.6549
1,78,3,0,0,40.6533
1,79,3,0,0,40.6524
1,80,3,0,0,40.6519
1,81,3,0,0,40.6515
1,82,3,0,0,40.651
1,83,3,0,0,40.6507
1,84,3,0,0,40.6509
1,85,3,0,0,40.6515
1,86,3,0,0,40.6518
1,87,3,0,0,40.6516
1,88,3,0,0,40.6503
1,89,3,0,0,40.6477
1,90,3,0,0,40.6446
1,91,3,0,0,40.6407
1,92,3,0,0,40.6361
1,93,3,0,0,40.6315
1,94,3,0,0,40.627
1,95,3,0,0,40.6228
1,96,3,0,0,40.6186
1,97,3,0,0,40.6151
1,98,3,0,0,40.6125
1,99,3,0,0,40.6108
1,100,3,0,0,40.6095
1,101,3,0,0,40.6089
1,102,3,0,0,40.6083
1,103,3,0,0,40.6079
1,104,3,0,0,40.6073
1,105,3,0,0,40.6068
1,106,3,0,0,40.6063
1,107,3,0,0,40.6062
1,108,3,0,0,40.6061
1,109,3,0,0,40.6053
1,110,3,0,0,40.6039
1,111,3,0,0,40.6022
1,112,3,0,0,40.6005
1,113,3,0,0,40.5982
1,114,3,0,0,40.5959
1,115,3,0,0,40.5942
1,116,3,0,0,40.5934
1,117,3,0,0,40.5933
1,118,3,0,0,40.5936
1,119,3,0,0,40.5937
1,120,3,0,0,40.5933
1,121,3,0,0,40.593
1,122,3,0,0,40.5931
1,123,3,0,0,40.5935
1,124,3,0,0,40.5939
1,125,3,0,0,40.5938
1,126,3,0,0,40.5927
1,127,3,0,0,40.5911
1,0,4,0,6.18169e-05,47.3388
1,1,4,0,0,47.0568
1,2,4,0,0,46.6841
1,3,4,0,0,46.2683
1,4,4,0,0,45.8441
1,5,4,0,0,45.4323
1,6,4,0,0,45.0437
1,7,4,0,0,44.6831
1,8,4,0,0,44.3517
1,9,4,0,0,44.0488
1,10,4,0,0,43.7728
1,11,4,0,0,43.5215
1,12,4,0,0,43.2928
1,13,4,0,0,43.0845
1,14,4,0,0,42.8942
1,15,4,0,0,42.7202
1,16,4,0,0,42.561
1,17,4,0,0,42.4153
1,18,4,0,0,42.2818
1,19,4,0,0,42.1595
1,20,4,0,0,42.0472
1,21,4,0,0,41.9443
1,22,4,0,0,41.8498
1,23,4,0,0,41.7632
1,24,4,0,0,41.6835
1,25,4,0,0,41.6102
1,26,4,0,0,41.5424
1,27,4,0,0,41.4797
1,28,4,0,0,41.4216
1,29,4,0,0,41.3676
1,30,4,0,0,41.3175
1,31,4,0,0,41.2711
1,32,4,0,0,41.228
1,33,4,0,0,41.188
1,34,4,0,0,41.1506
1,35,4,0,0,41.1157
1,36,4,0,0,41.0832
1,37,4,0,0,41.0528
1,38,4,0,0,41.0246
1,39,4,0,0,40.9983
1,40,4,0,0,40.9735
1,41,4,0,0,40.9501
1,42,4,0,0,40.9279
1,43,4,0,0,40.9071
1,44,4,0,0,40.8876
1,45,4,0,0,40.8694
1,46,4,0,0,40.8523
1,47,4,0,0,40.8362
1,48,4,0,0,40.8209
1,49,4,0,0,40.8065
1,50,4,0,0,40.7932
1,51,4,0,0,40.7808
1,52,4,0,0,40.7696
1,53,4,0,0,40.7598
1,54,4,0,0,40.7511
1,55,4,0,0,40.7434
1,56,4,0,0,40.7365
1,57,4,0,0,40.7301
1,58,4,0,0,40.7242
1,59,4,0,0,40.7186
1,60,4,0,0,40.7132
1,61,4,0,0,40.708
1,62,4,0,0,40.7028
1,63,4,0,0,40.6978
1,64,4,0,0,40.6928
1,65,4,0,0,40.6877
1,66,4,0,0,40.6824
1,67,4,0,0,40.6771
1,68,4,0,0,40.672
1,69,4,0,0,40.6674
1,70,4,0,0,40.6631
1,71,4,0,0,40.6591
1,72,4,0,0,40.6551
1,73,4,0,0,40.6512
1,74,4,0,0,40.6475
1,75,4,0,0,40.6443
1,76,4,0,0,40.6416
1,77,4,0,0,40.6395
1,78,4,0,0,40.6378
1,79,4,0,0,40.6366
1,80,4,0,0,40.6357
1,81,4,0,0,40.635
1,82,4,0,0,40.6344
1,83,4,0,0,40.6339
1,84,4,0,0,40.6337
1,85,4,0,0,40.6335
1,86,4,0,0,40.6331
1,87,4,0,0,40.6324
1,88,4,0,0,40.631
1,89,4,0,0,40.6288
1,90,4,0,0,40.626
1,91,4,0,0,40.6227
1,92,4,0,0,40.619
1,93,4,0,0,40.6152
1,94,4,0,0,40.6114
1,95,4,0,0,40.6077
1,96,4,0,0,40.6043
1,97,4,0,0,40.6013
1,98,4,0,0,40.5988
1,99,4,0,0,40.5969
1,100,4,0,0,40.5955
1,101,4,0,0,40.5945
1,102,4,0,0,40.5936
1,103,4,0,0,40.5929
1,104,4,0,0,40.5922
1,105,4,0,0,40.5915
1,106,4,0,0,40.5909
1,107,4,0,0,40.5904
1,108,4,0,0,40.5898
1,109,4,0,0,40.5889
1,110,4,0,0,40.5877
1,111,4,0,0,40.5863
1,112,4,0,0,40.5847
1,113,4,0,0,40.5829
1,114,4,0,0,40.5813
1,115,4,0,0,40.5799
1,116,4,0,0,40.579
1,117,4,0,0,40.5786
1,118,4,0,0,40.5784
1,119,4,0,0,40.5782
1,120,4,0,0,40.5778
1,121,4,0,0,40.5776
1,122,4,0,0,40.5775
1,123,4,0,0,40.5775
1,124,4,0,0,40.5774
1,125,4,0,0,40.5771
1,126,4,0,0,40.5764
1,127,4,0,0,40.5755
1,0,5,0,6.18169e-05,46.5696
1,1,5,0,0,46.3625
1,2,5,0,0,46.0848
1,3,5,0,0,45.7646
1,4,5,0,0,45.4263
1,5,5,0,0,45.0871
1,6,5,0,0,44.7581
1,7,5,0,0,44.4457
1,8,5,0,0,44.1531
1,9,5,0,0,43.8813
1,10,5,0,0,43.6304
1,11,5,0,0,43.3995
1,12,5,0,0,43.1873
1,13,5,0,0,42.9924
1,14,5,0,0,42.8134
1,15,5,0,0,42.6489
1,16,5,0,0,42.4978
1,17,5,0,0,42.3588
1,18,5,0,0,42.2311
1,19,5,0,0,42.1136
1,20,5,0,0,42.0055
1,21,5,0,0,41.906
1,22,5,0,0,41.8145
1,23,5,0,0,41.7302
1,24,5,0,0,41.6526
1,25,5,0,0,41.5809
1,26,5,0,0,41.5146
1,27,5,0,0,41.4532
1,28,5,0,0,41.3962
1,29,5,0,0,41.3433
1,30,5,0,0,41.2942
1,31,5,0,0,41.2486
1,32,5,0,0,41.2062
1,33,5,0,0,41.1668
1,34,5,0,0,41.13
1,35,5,0,0,41.0957
1,36,5,0,0,41.0636
1,37,5,0,0,41.0337
1,38,5,0,0,41.0058
1,39,5,0,0,40.9797
1,40,5,0,0,40.9552
1,41,5,0,0,40.9321
1,42,5,0,0,40.9104
1,43,5,0,0,40.89
1,44,5,0,0,40.8708
1,45,5,0,0,40.8529
1,46,5,0,0,40.836
1,47,5,0,0,40.8202
1,48,5,0,0,40.8053
1,49,5,0,0,40.7913
1,50,5,0,0,40.7783
1,51,5,0,0,40.7663
1,52,5,0,0,40.7553
1,53,5,0,0,40.7454
1,54,5,0,0,40.7365
1,55,5,0,0,40.7285
1,56,5,0,0,40.7212
1,57,5,0,0,40.7145
1,58,5,0,0,40.7083
1,59,5,0,0,40.7024
1,60,5,0,0,40.6968
1,61,5,0,0,40.6915
1,62,5,0,0,40.6862
1,63,5,0,0,40.6811
1,64,5,0,0,40.6762
1,65,5,0,0,40.6712
1,66,5,0,0,40.6662
1,67,5,0,0,40.6613
1,68,5,0,0,40.6566
1,69,5,0,0,40.6523
1,70,5,0,0,40.6481
1,71,5,0,0,40.6443
1,72,5,0,0,40.6406
1,73,5,0,0,40.637
1,74,5,0,0,40.6337
1,75,5,0,0,40.6308
1,76,5,0,0,40.6282
1,77,5,0,0,40.6261
1,78,5,0,0,40.6243
1,79,5,0,0,40.6229
1,80,5,0,0,40.6218
1,81,5,0,0,40.6209
1,82,5,0,0,40.62
1,83,5,0,0,40.6193
1,84,5,0,0,40.6187
1,85,5,0,0,40.6181
1,86,5,0,0,40.6174
1,87,5,0,0,40.6163
1,88,5,0,0,40.6148
1,89,5,0,0,40.6128
1,90,5,0,0,40.6104
1,91,5,0,0,40.6075
1,92,5,0,0,40.6044
1,93,5,0,0,40.6012
1,94,5,0,0,40.5979
1,95,5,0,0,40.5948
1,96,5,0,0,40.5918
1,97,5,0,0,40.5891
1,98,5,0,0,40.5868
1,99,5,0,0,40.5849
1,100,5,0,0,40.5834
1,101,5,0,0,40.5821
1,102,5,0,0,40.5811
1,103,5,0,0,40.5801
1,104,5,0,0,40.5793
1,105,5,0,0,40.5784
1,106,5,0,0,40.5777
1,107,5,0,0,40.5769
1,108,5,0,0,40.5761
1,109,5,0,0,40.5752
1,110,5,0,0,40.574
1,111,5,0,0,40.5727
1,112,5,0,0,40.5714
1,113,5,0,0,40.5699
1,114,5,0,0,40.5685
1,115,5,0,0,40.5674
1,116,5,0,0,40.5665
1,117,5,0,0,40.5658
1,118,5,0,0,40.5654
1,119,5,0,0,40.565
1,120,5,0,0,40.5646
1,121,5,0,0,40.5642
1,122,5,0,0,40.5639
1,123,5,0,0,40.5637
1,124,5,0,0,40.5634
1,125,5,0,0,40.5631
1,126,5,0,0,40.5625
1,127,5,0,0,40.562
1,0,6,0,6.18169e-05,45.9256
1,1,6,0,0,45.7686
1,2,6,0,0,45.556
1,3,6,0,0,45.3053
1,4,6,0,0,45.0334
1,5,6,0,0,44.7538
1,6,6,0,0,44.4762
1,7,6,0,0,44.2071
1,8,6,0,0,43.9506
1,9,6,0,0,43.7088
1,10,6,0,0,43.4825
1,11,6,0,0,43.2719
1,12,6,0,0,43.0766
1,13,6,0,0,42.8958
1,14,6,0,0,42.7287
1,15,6,0,0,42.5742
1,16,6,0,0,42.4315
1,17,6,0,0,42.2998
1,18,6,0,0,42.1782
1,19,6,0,0,42.066
1,20,6,0,0,41.9624
1,21,6,0,0,41.8667
1,22,6,0,0,41.7785
1,23,6,0,0,41.6969
1,24,6,0,0,41.6216
1,25,6,0,0,41.5519
1,26,6,0,0,41.4873
1,27,6,0,0,41.4274
1,28,6,0,0,41.3718
1,29,6,0,0,41.3201
1,30,6,0,0,41.2721
1,31,6,0,0,41.2274
1,32,6,0,0,41.1858
1,33,6,0,0,41.1471
1,34,6,0,0,41.1109
1,35,6,0,0,41.0772
1,36,6,0,0,41.0458
1,37,6,0,0,41.0163
1,38,6,0,0,40.9889
1,39,6,0,0,40.9631
1,40,6,0,0,40.939
1,41,6,0,0,40.9163
1,42,6,0,0,40.8949
1,43,6,0,0,40.8749
1,44,6,0,0,40.856
1,45,6,0,0,40.8384
1,46,6,0,0,40.8218
1,47,6,0,0,40.8063
1,48,6,0,0,40.7917
1,49,6,0,0,40.778
1,50,6,0,0,40.7653
1,51,6,0,0,40.7535
1,52,6,0,0,40.7427
1,53,6,0,0,40.7328
1,54,6,0,0,40.7238
1,55,6,0,0,40.7156
1,56,6,0,0,40.7081
1,57,6,0,0,40.7012
1,58,6,0,0,40.6947
1,59,6,0,0,40.6886
1,60,6,0,0,40.6829
1,61,6,0,0,40.6774
1,62,6,0,0,40.6721
1,63,6,0,0,40.667
1,64,6,0,0,40.662
1,65,6,0,0,40.6572
1,66,6,0,0,40.6524
1,67,6,0,0,40.6479
1,68,6,0,0,40.6435
1,69,6,0,0,40.6393
1,70,6,0,0,40.6354
1,71,6,0,0,40.6317
1,72,6,0,0,40.6283
1,73,6,0,0,40.625
1,74,6,0,0,40.6219
1,75,6,0,0,40.6192
1,76,6,0,0,40.6168
1,77,6,0,0,40.6147
1,78,6,0,0,40.6129
1,79,6,0,0,40.6114
1,80,6,0,0,40.6101
1,81,6,0,0,40.6089
1,82,6,0,0,40.608
1,83,6,0,0,40.6071
1,84,6,0,0,40.6062
1,85,6,0,0,40.6053
1,86,6,0,0,40.6043
1,87,6,0,0,40.6031
1,88,6,0,0,40.6015
1,89,6,0,0,40.5997
1,90,6,0,0,40.5975
1,91,6,0,0,40.595
1,92,6,0,0,40.5923
1,93,6,0,0,40.5895
1,94,6,0,0,40.5867
1,95,6,0,0,40.5839
1,96,6,0,0,40.5813
1,97,6,0,0,40.5788
1,98,6,0,0,40.5767
1,99,6,0,0,40.5748
1,100,6,0,0,40.5732
1,101,6,0,0,40.5718
1,102,6,0,0,40.5706
1,103,6,0,0,40.5695
1,104,6,0,0,40.5685
1,105,6,0,0,40.5675
1,106,6,0,0,40.5666
1,107,6,0,0,40.5657
1,108,6,0,0,40.5648
1,109,6,0,0,40.5638
1,110,6,0,0,40.5627
1,111,6,0,0,40.5615
1,112,6,0,0,40.5603
1,113,6,0,0,40.559
1,114,6,0,0,40.5578
1,115,6,0,0,40.5567
1,116,6,0,0,40.5558
1,117,6,0,0,40.5551
1,118,6,0,0,40.5545
1,119,6,0,0,40.5539
1,120,6,0,0,40.5534
1,121,6,0,0,40.553
1,122,6,0,0,40.5525
1,123,6,0,0,40.5521
1,124,6,0,0,40.5517
1,125,6,0,0,40.5513
1,126,6,0,0,40.5508
1,127,6,0,0,40.5504
1,0,7,0,6.18169e-05,45.3787
1,1,7,0,0,45.2566
1,2,7,0,0,45.0901
1,3,7,0,0,44.8907
1,4,7,0,0,44.6702
1,5,7,0,0,44.4388
1,6,7,0,0,44.2045
1,7,7,0,0,43.9734
1,8,7,0,0,43.7495
1,9,7,0,0,43.5354
1,10,7,0,0,43.3326
1,11,7,0,0,43.1419
1,12,7,0,0,42.9633
1,13,7,0,0,42.7966
1,14,7,0,0,42.6415
1,15,7,0,0,42.4972
1,16,7,0,0,42.3633
1,17,7,0,0,42.2391
1,18,7,0,0,42.1239
1,19,7,0,0,42.0172
1,20,7,0,0,41.9183
1,21,7,0,0,41.8268
1,22,7,0,0,41.742
1,23,7,0,0,41.6634
1,24,7,0,0,41.5907
1,25,7,0,0,41.5232
1,26,7,0,0,41.4605
1,27,7,0,0,41.4023
1,28,7,0,0,41.3482
1,29,7,0,0,41.2979
1,30,7,0,0,41.251
1,31,7,0,0,41.2074
1,32,7,0,0,41.1667
1,33,7,0,0,41.1288
1,34,7,0,0,41.0934
1,35,7,0,0,41.0604
1,36,7,0,0,41.0295
1,37,7,0,0,41.0007
1,38,7,0,0,40.9737
1,39,7,0,0,40.9484
1,40,7,0,0,40.9246
1,41,7,0,0,40.9023
1,42,7,0,0,40.8814
1,43,7,0,0,40.8617
1,44,7,0,0,40.8432
1,45,7,0,0,40.8258
1,46,7,0,0,40.8096
1,47,7,0,0,40.7943
1,48,7,0,0,40.78
1,49,7,0,0,40.7666
1,50,7,0,0,40.7541
1,51,7,0,0,40.7425
1,52,7,0,0,40.7318
1,53,7,0,0,40.722
1,54,7,0,0,40.713
1,55,7,0,0,40.7047
1,56,7,0,0,40.697
1,57,7,0,0,40.6899
1,58,7,0,0,40.6833
1,59,7,0,0,40.6771
1,60,7,0,0,40.6712
1,61,7,0,0,40.6656
1,62,7,0,0,40.6602
1,63,7,0,0,40.6551
1,64,7,0,0,40.6502
1,65,7,0,0,40.6455
1,66,7,0,0,40.641
1,67,7,0,0,40.6366
1,68,7,0,0,40.6325
1,69,7,0,0,40.6286
1,70,7,0,0,40.6249
1,71,7,0,0,40.6214
1,72,7,0,0,40.6181
1,73,7,0,0,40.615
1,74,7,0,0,40.6122
1,75,7,0,0,40.6096
1,76,7,0,0,40.6073
1,77,7,0,0,40.6052
1,78,7,0,0,40.6034
1,79,7,0,0,40.6018
1,80,7,0,0,40.6005
1,81,7,0,0,40.5992
1,82,7,0,0,40.5981
1,83,7,0,0,40.597
1,84,7,0,0,40.596
1,85,7,0,0,40.5949
1,86,7,0,0,40.5937
1,87,7,0,0,40.5924
1,88,7,0,0,40.5909
1,89,7,0,0,40.5891
1,90,7,0,0,40.5871
1,91,7,0,0,40.5849
1,92,7,0,0,40.5825
1,93,7,0,0,40.5801
1,94,7,0,0,40.5776
1,95,7,0,0,40.5751
1,96,7,0,0,40.5727
1,97,7,0,0,40.5705
1,98,7,0,0,40.5684
1,99,7,0,0,40.5666
1,100,7,0,0,40.565
1,101,7,0,0,40.5635
1,102,7,0,0,40.5622
1,103,7,0,0,40.5609
1,104,7,0,0,40.5598
1,105,7,0,0,40.5587
1,106,7,0,0,40.5577
1,107,7,0,0,40.5567
1,108,7,0,0,40.5557
1,109,7,0,0,40.5547
1,110,7,0,0,40.5536
1,111,7,0,0,40.5524
1,112,7,0,0,40.5513
1,113,7,0,0,40.5501
1,114,7,0,0,40.549
1,115,7,0,0,40.548
1,116,7,0,0,40.5471
1,117,7,0,0,40.5463
1,118,7,0,0,40.5456
1,119,7,0,0,40.5449
1,120,7,0,0,40.5443
1,121,7,0,0,40.5437
1,122,7,0,0,40.5432
1,123,7,0,0,40.5426
1,124,7,0,0,40.5421
1,125,7,0,0,40.5416
1,126,7,0,0,40.5412
1,127,7,0,0,40.5408
1,0,8,0,6.18169e-05,44.9093
1,1,8,0,0,44.8122
1,2,8,0,0,44.6793
1,3,8,0,0,44.5184
1,4,8,0,0,44.3378
1,5,8,0,0,44.1452
1,6,8,0,0,43.947
1,7,8,0,0,43.7486
1,8,8,0,0,43.5535
1,9,8,0,0,43.3646
1,10,8,0,0,43.1837
1,11,8,0,0,43.0117
1,12,8,0,0,42.8492
1,13,8,0,0,42.6964
1,14,8,0,0,42.5531
1,15,8,0,0,42.4191
1,16,8,0,0,42.294
1,17,8,0,0,42.1774
1,18,8,0,0,42.0688
1,19,8,0,0,41.9677
1,20,8,0,0,41.8738
1,21,8,0,0,41.7865
1,22,8,0,0,41.7054
1,23,8,0,0,41.6301
1,24,8,0,0,41.5601
1,25,8,0,0,41.495
1,26,8,0,0,41.4345
1,27,8,0,0,41.3782
1,28,8,0,0,41.3257
1,29,8,0,0,41.2768
1,30,8,0,0,41.2312
1,31,8,0,0,41.1887
1,32,8,0,0,41.1491
1,33,8,0,0,41.1121
1,34,8,0,0,41.0775
1,35,8,0,0,41.0452
1,36,8,0,0,41.015
1,37,8,0,0,40.9867
1,38,8,0,0,40.9603
1,39,8,0,0,40.9355
1,40,8,0,0,40.9122
1,41,8,0,0,40.8903
1,42,8,0,0,40.8697
1,43,8,0,0,40.8504
1,44,8,0,0,40.8323
1,45,8,0,0,40.8152
1,46,8,0,0,40.7992
1,47,8,0,0,40.7842
1,48,8,0,0,40.7702
1,49,8,0,0,40.757
1,50,8,0,0,40.7448
1,51,8,0,0,40.7334
1,52,8,0,0,40.7228
1,53,8,0,0,40.713
1,54,8,0,0,40.704
1,55,8,0,0,40.6957
1,56,8,0,0,40.6879
1,57,8,0,0,40.6807
1,58,8,0,0,40.674
1,59,8,0,0,40.6677
1,60,8,0,0,40.6617
1,61,8,0,0,40.656
1,62,8,0,0,40.6506
1,63,8,0,0,40.6455
1,64,8,0,0,40.6407
1,65,8,0,0,40.6361
1,66,8,0,0,40.6317
1,67,8,0,0,40.6275
1,68,8,0,0,40.6236
1,69,8,0,0,40.6199
1,70,8,0,0,40.6164
1,71,8,0,0,40.6131
1,72,8,0,0,40.61
1,73,8,0,0,40.6072
1,74,8,0,0,40.6045
1,75,8,0,0,40.602
1,76,8,0,0,40.5998
1,77,8,0,0,40.5978
1,78,8,0,0,40.596
1,79,8,0,0,40.5944
1,80,8,0,0,40.5929
1,81,8,0,0,40.5916
1,82,8,0,0,40.5903
1,83,8,0,0,40.5892
1,84,8,0,0,40.588
1,85,8,0,0,40.5868
1,86,8,0,0,40.5856
1,87,8,0,0,40.5842
1,88,8,0,0,40.5827
1,89,8,0,0,40.581
1,90,8,0,0,40.5792
1,91,8,0,0,40.5772
1,92,8,0,0,40.575
1,93,8,0,0,40.5728
1,94,8,0,0,40.5706
1,95,8,0,0,40.5683
1,96,8,0,0,40.5661
1,97,8,0,0,40.5641
1,98,8,0,0,40.5621
1,99,8,0,0,40.5603
1,100,8,0,0,40.5586
1,101,8,0,0,40.5571
1,102,8,0,0,40.5557
1,103,8,0,0,40.5544
1,104,8,0,0,40.5531
1,105,8,0,0,40.552
1,106,8,0,0,40.5509
1,107,8,0,0,40.5498
1,108,8,0,0,40.5487
1,109,8,0,0,40.5476
1,110,8,0,0,40.5465
1,111,8,0,0,40.5454
1,112,8,0,0,40.5443
1,113,8,0,0,40.5432
1,114,8,0,0,40.5422
1,115,8,0,0,40.5412
1,116,8,0,0,40.5403
1,117,8,0,0,40.5394
1,118,8,0,0,40.5386
1,119,8,0,0,40.5379
1,120,8,0,0,40.5372
1,121,8,0,0,40.5365
1,122,8,0,0,40.5358
1,123,8,0,0,40.5352
1,124,8,0,0,40.5345
1,125,8,0,0,40.5339
1,126,8,0,0,40.5334
1,127,8,0,0,40.533
1,0,9,0,6.18169e-05,44.503
1,1,9,0,0,44.4242
1,2,9,0,0,44.3163
1,3,9,0,0,44.1848
1,4,9,0,0,44.0354
1,5,9,0,0,43.8741
1,6,9,0,0,43.706
1,7,9,0,0,43.5353
1,8,9,0,0,43.3654
1,9,9,0,0,43.1991
1,10,9,0,0,43.038
1,11,9,0,0,42.8835
1,12,9,0,0,42.7362
1,13,9,0,0,42.5967
1,14,9,0,0,42.4649
1,15,9,0,0,42.341
1,16,9,0,0,42.2246
1,17,9,0,0,42.1156
1,18,9,0,0,42.0135
1,19,9,0,0,41.9182
1,20,9,0,0,41.8293
1,21,9,0,0,41.7464
1,22,9,0,0,41.6691
1,23,9,0,0,41.5972
1,24,9,0,0,41.5301
1,25,9,0,0,41.4676
1,26,9,0,0,41.4093
1,27,9,0,0,41.355
1,28,9,0,0,41.3042
1,29,9,0,0,41.2569
1,30,9,0,0,41.2127
1,31,9,0,0,41.1714
1,32,9,0,0,41.1328
1,33,9,0,0,41.0968
1,34,9,0,0,41.0631
1,35,9,0,0,41.0316
1,36,9,0,0,41.0021
1,37,9,0,0,40.9745
1,38,9,0,0,40.9486
1,39,9,0,0,40.9244
1,40,9,0,0,40.9016
1,41,9,0,0,40.8801
1,42,9,0,0,40.8599
1,43,9,0,0,40.841
1,44,9,0,0,40.8232
1,45,9,0,0,40.8065
1,46,9,0,0,40.7908
1,47,9,0,0,40.7761
1,48,9,0,0,40.7623
1,49,9,0,0,40.7494
1,50,9,0,0,40.7373
1,51,9,0,0,40.726
1,52,9,0,0,40.7156
1,53,9,0,0,40.7059
1,54,9,0,0,40.6969
1,55,9,0,0,40.6886
1,56,9,0,0,40.6808
1,57,9,0,0,40.6736
1,58,9,0,0,40.6668
1,59,9,0,0,40.6603
1,60,9,0,0,40.6543
1,61,9,0,0,40.6485
1,62,9,0,0,40.6431
1,63,9,0,0,40.638
1,64,9,0,0,40.6332
1,65,9,0,0,40.6287
1,66,9,0,0,40.6245
1,67,9,0,0,40.6205
1,68,9,0,0,40.6168
1,69,9,0,0,40.6133
1,70,9,0,0,40.61
1,71,9,0,0,40.6069
1,72,9,0,0,40.604
1,73,9,0,0,40.6013
1,74,9,0,0,40.5988
1,75,9,0,0,40.5965
1,76,9,0,0,40.5943
1,77,9,0,0,40.5924
1,78,9,0,0,40.5906
1,79,9,0,0,40.589
1,80,9,0,0,40.5875
1,81,9,0,0,40.5861
1,82,9,0,0,40.5848
1,83,9,0,0,40.5835
1,84,9,0,0,40.5822
1,85,9,0,0,40.581
1,86,9,0,0,40.5797
1,87,9,0,0,40.5783
1,88,9,0,0,40.5768
1,89,9,0,0,40.5752
1,90,9,0,0,40.5735
1,91,9,0,0,40.5717
1,92,9,0,0,40.5698
1,93,9,0,0,40.5678
1,94,9,0,0,40.5657
1,95,9,0,0,40.5636
1,96,9,0,0,40.5616
1,97,9,0,0,40.5596
1,98,9,0,0,40.5577
1,99,9,0,0,40.5559
1,100,9,0,0,40.5542
1,101,9,0,0,40.5527
1,102,9,0,0,40.5512
1,103,9,0,0,40.5498
1,104,9,0,0,40.5485
1,105,9,0,0,40.5472
1,106,9,0,0,40.546
1,107,9,0,0,40.5448
1,108,9,0,0,40.5437
1,109,9,0,0,40.5426
1,110,9,0,0,40.5416
1,111,9,0,0,40.5405
1,112,9,0,0,40.5394
1,113,9,0,0,40.5384
1,114,9,0,0,40.5373
1,115,9,0,0,40.5363
1,116,9,0,0,40.5354
1,117,9,0,0,40.5345
1,118,9,0,0,40.5337
1,119,9,0,0,40.5329
1,120,9,0,0,40.5321
1,121,9,0,0,40.5313
1,122,9,0,0,40.5305
1,123,9,0,0,40.5296
1,124,9,0,0,40.5288
1,125,9,0,0,40.5281
1,126,9,0,0,40.5275
1,127,9,0,0,40.527
1,0,10,0,6.18169e-05,44.1488
1,1,10,0,0,44.0838
1,2,10,0,0,43.995
1,3,10,0,0,43.8862
1,4,10,0,0,43.7616
1,5,10,0,0,43.6256
1,6,10,0,0,43.4822
1,7,10,0,0,43.335
1,8,10,0,0,43.187
1,9,10,0,0,43.0406
1,10,10,0,0,42.8974
1,11,10,0,0,42.7588
1,12,10,0,0,42.6258
1,13,10,0,0,42.4987
1,14,10,0,0,42.3781
1,15,10,0,0,42.2638
1,16,10,0,0,42.1559
1,17,10,0,0,42.0543
1,18,10,0,0,41.9588
1,19,10,0,0,41.8692
1,20,10,0,0,41.7853
1,21,10,0,0,41.7068
1,22,10,0,0,41.6334
1,23,10,0,0,41.5649
1,24,10,0,0,41.5009
1,25,10,0,0,41.4411
1,26,10,0,0,41.3852
1,27,10,0,0,41.3329
1,28,10,0,0,41.284
1,29,10,0,0,41.2382
1,30,10,0,0,41.1954
1,31,10,0,0,41.1554
1,32,10,0,0,41.118
1,33,10,0,0,41.083
1,34,10,0,0,41.0502
1,35,10,0,0,41.0196
1,36,10,0,0,40.9909
1,37,10,0,0,40.964
1,38,10,0,0,40.9388
1,39,10,0,0,40.9151
1,40,10,0,0,40.8928
1,41,10,0,0,40.8718
1,42,10,0,0,40.852
1,43,10,0,0,40.8334
1,44,10,0,0,40.816
1,45,10,0,0,40.7996
1,46,10,0,0,40.7842
1,47,10,0,0,40.7698
1,48,10,0,0,40.7562
1,49,10,0,0,40.7435
1,50,10,0,0,40.7316
1,51,10,0,0,40.7205
1,52,10,0,0,40.7102
1,53,10,0,0,40.7006
1,54,10,0,0,40.6917
1,55,10,0,0,40.6834
1,56,10,0,0,40.6757
1,57,10,0,0,40.6684
1,58,10,0,0,40.6616
1,59,10,0,0,40.6551
1,60,10,0,0,40.6489
1,61,10,0,0,40.6431
1,62,10,0,0,40.6377
1,63,10,0,0,40.6326
1,64,10,0,0,40.6278
1,65,10,0,0,40.6234
1,66,10,0,0,40.6194
1,67,10,0,0,40.6156
1,68,10,0,0,40.6121
1,69,10,0,0,40.6088
1,70,10,0,0,40.6057
1,71,10,0,0,40.6027
1,72,10,0,0,40.6
1,73,10,0,0,40.5975
1,74,10,0,0,40.5951
1,75,10,0,0,40.5929
1,76,10,0,0,40.5909
1,77,10,0,0,40.589
1,78,10,0,0,40.5873
1,79,10,0,0,40.5856
1,80,10,0,0,40.5841
1,81,10,0,0,40.5826
1,82,10,0,0,40.5813
1,83,10,0,0,40.5799
1,84,10,0,0,40.5786
1,85,10,0,0,40.5773
1,86,10,0,0,40.576
1,87,10,0,0,40.5746
1,88,10,0,0,40.5732
1,89,10,0,0,40.5717
1,90,10,0,0,40.5702
1,91,10,0,0,40.5685
1,92,10,0,0,40.5667
1,93,10,0,0,40.5649
1,94,10,0,0,40.563
1,95,10,0,0,40.561
1,96,10,0,0,40.559
1,97,10,0,0,40.5571
1,98,10,0,0,40.5553
1,99,10,0,0,40.5535
1,100,10,0,0,40.5518
1,101,10,0,0,40.5502
1,102,10,0,0,40.5487
1,103,10,0,0,40.5472
1,104,10,0,0,40.5458
1,105,10,0,0,40.5444
1,106,10,0,0,40.5431
1,107,10,0,0,40.5419
1,108,10,0,0,40.5408
1,109,10,0,0,40.5397
1,110,10,0,0,40.5386
1,111,10,0,0,40.5376
1,112,10,0,0,40.5365
1,113,10,0,0,40.5354
1,114,10,0,0,40.5344
1,115,10,0,0,40.5334
1,116,10,0,0,40.5324
1,117,10,0,0,40.5315
1,118,10,0,0,40.5307
1,119,10,0,0,40.5298
1,120,10,0,0,40.5289
1,121,10,0,0,40.528
1,122,10,0,0,40.527
1,123,10,0,0,40.526
1,124,10,0,0,40.5251
1,125,10,0,0,40.5241
1,126,10,0,0,40.5234
1,127,10,0,0,40.5228
1,0,11,0,6.18169e-05,43.8384
1,1,11,0,0,43.784
1,2,11,0,0,43.71
1,3,11,0,0,43.619
1,4,11,0,0,43.5142
1,5,11,0,0,43.3987
1,6,11,0,0,43.2759
1,7,11,0,0,43.1487
1,8,11,0,0,43.0194
1,9,11,0,0,42.8903
1,10,11,0,0,42.7631
1,11,11,0,0,42.639
1,12,11,0,0,42.519
1,13,11,0,0,42.4037
1,14,11,0,0,42.2935
1,15,11,0,0,42.1885
1,16,11,0,0,42.0888
1,17,11,0,0,41.9943
1,18,11,0,0,41.9051
1,19,11,0,0,41.8211
1,20,11,0,0,41.7422
1,21,11,0,0,41.6681
1,22,11,0,0,41.5987
1,23,11,0,0,41.5337
1,24,11,0,0,41.4728
1,25,11,0,0,41.4158
1,26,11,0,0,41.3623
1,27,11,0,0,41.3122
1,28,11,0,0,41.2651
1,29,11,0,0,41.221
1,30,11,0,0,41.1796
1,31,11,0,0,41.1409
1,32,11,0,0,41.1047
1,33,11,0,0,41.0707
1,34,11,0,0,41.039
1,35,11,0,0,41.0092
1,36,11,0,0,40.9814
1,37,11,0,0,40.9553
1,38,11,0,0,40.9308
1,39,11,0,0,40.9077
1,40,11,0,0,40.8859
1,41,11,0,0,40.8653
1,42,11,0,0,40.846
1,43,11,0,0,40.8277
1,44,11,0,0,40.8106
1,45,11,0,0,40.7945
1,46,11,0,0,40.7795
1,47,11,0,0,40.7653
1,48,11,0,0,40.752
1,49,11,0,0,40.7395
1,50,11,0,0,40.7278
1,51,11,0,0,40.7168
1,52,11,0,0,40.7066
1,53,11,0,0,40.6971
1,54,11,0,0,40.6883
1,55,11,0,0,40.6802
1,56,11,0,0,40.6725
1,57,11,0,0,40.6653
1,58,11,0,0,40.6584
1,59,11,0,0,40.6519
1,60,11,0,0,40.6456
1,61,11,0,0,40.6397
1,62,11,0,0,40.6342
1,63,11,0,0,40.629
1,64,11,0,0,40.6243
1,65,11,0,0,40.6201
1,66,11,0,0,40.6162
1,67,11,0,0,40.6126
1,68,11,0,0,40.6093
1,69,11,0,0,40.6062
1,70,11,0,0,40.6033
1,71,11,0,0,40.6006
1,72,11,0,0,40.598
1,73,11,0,0,40.5957
1,74,11,0,0,40.5934
1,75,11,0,0,40.5914
1,76,11,0,0,40.5894
1,77,11,0,0,40.5876
1,78,11,0,0,40.5859
1,79,11,0,0,40.5843
1,80,11,0,0,40.5828
1,81,11,0,0,40.5813
1,82,11,0,0,40.5799
1,83,11,0,0,40.5785
1,84,11,0,0,40.5772
1,85,11,0,0,40.5758
1,86,11,0,0,40.5745
1,87,11,0,0,40.5732
1,88,11,0,0,40.5718
1,89,11,0,0,40.5704
1,90,11,0,0,40.569
1,91,11,0,0,40.5675
1,92,11,0,0,40.5658
1,93,11,0,0,40.5641
1,94,11,0,0,40.5623
1,95,11,0,0,40.5605
1,96,11,0,0,40.5585
1,97,11,0,0,40.5566
1,98,11,0,0,40.5548
1,99,11,0,0,40.553
1,100,11,0,0,40.5513
1,101,11,0,0,40.5497
1,102,11,0,0,40.5481
1,103,11,0,0,40.5465
1,104,11,0,0,40.545
1,105,11,0,0,40.5436
1,106,11,0,0,40.5422
1,107,11,0,0,40.5409
1,108,11,0,0,40.5397
1,109,11,0,0,40.5387
1,110,11,0,0,40.5376
1,111,11,0,0,40.5366
1,112,11,0,0,40.5356
1,113,11,0,0,40.5345
1,114,11,0,0,40.5334
1,115,11,0,0,40.5324
1,116,11,0,0,40.5314
1,117,11,0,0,40.5305
1,118,11,0,0,40.5296
1,119,11,0,0,40.5287
1,120,11,0,0,40.5278
1,121,11,0,0,40.5267
1,122,11,0,0,40.5256
1,123,11,0,0,40.5244
1,124,11,0,0,40.5231
1,125,11,0,0,40.522
1,126,11,0,0,40.5209
1,127,11,0,0,40.5202
1,0,12,0,6.18169e-05,43.5651
1,1,12,0,0,43.5192
1,2,12,0,0,43.4569
1,3,12,0,0,43.3801
1,4,12,0,0,43.2912
1,5,12,0,0,43.1926
1,6,12,0,0,43.0869
1,7,12,0,0,42.9763
1,8,12,0,0,42.8632
1,9,12,0,0,42.7492
1,10,12,0,0,42.636
1,11,12,0,0,42.5249
1,12,12,0,0,42.4168
1,13,12,0,0,42.3124
1,14,12,0,0,42.212
1,15,12,0,0,42.1158
1,16,12,0,0,42.0239
1,17,12,0,0,41.9363
1,18,12,0,0,41.8531
1,19,12,0,0,41.7745
1,20,12,0,0,41.7003
1,21,12,0,0,41.6306
1,22,12,0,0,41.5652
1,23,12,0,0,41.5038
1,24,12,0,0,41.4461
1,25,12,0,0,41.3919
1,26,12,0,0,41.3409
1,27,12,0,0,41.2929
1,28,12,0,0,41.2478
1,29,12,0,0,41.2053
1,30,12,0,0,41.1654
1,31,12,0,0,41.128
1,32,12,0,0,41.093
1,33,12,0,0,41.0602
1,34,12,0,0,41.0294
1,35,12,0,0,41.0006
1,36,12,0,0,40.9736
1,37,12,0,0,40.9483
1,38,12,0,0,40.9246
1,39,12,0,0,40.9022
1,40,12,0,0,40.881
1,41,12,0,0,40.8608
1,42,12,0,0,40.8418
1,43,12,0,0,40.8239
1,44,12,0,0,40.8071
1,45,12,0,0,40.7914
1,46,12,0,0,40.7767
1,47,12,0,0,40.7628
1,48,12,0,0,40.7498
1,49,12,0,0,40.7375
1,50,12,0,0,40.7259
1,51,12,0,0,40.715
1,52,12,0,0,40.7049
1,53,12,0,0,40.6955
1,54,12,0,0,40.6869
1,55,12,0,0,40.6789
1,56,12,0,0,40.6714
1,57,12,0,0,40.6642
1,58,12,0,0,40.6574
1,59,12,0,0,40.6507
1,60,12,0,0,40.6443
1,61,12,0,0,40.6382
1,62,12,0,0,40.6326
1,63,12,0,0,40.6274
1,64,12,0,0,40.6227
1,65,12,0,0,40.6186
1,66,12,0,0,40.6149
1,67,12,0,0,40.6116
1,68,12,0,0,40.6086
1,69,12,0,0,40.6058
1,70,12,0,0,40.6031
1,71,12,0,0,40.6005
1,72,12,0,0,40.5981
1,73,12,0,0,40.5959
1,74,12,0,0,40.5938
1,75,12,0,0,40.5919
1,76,12,0,0,40.5901
1,77,12,0,0,40.5884
1,78,12,0,0,40.5867
1,79,12,0,0,40.5851
1,80,12,0,0,40.5835
1,81,12,0,0,40.5821
1,82,12,0,0,40.5807
1,83,12,0,0,40.5793
1,84,12,0,0,40.5779
1,85,12,0,0,40.5765
1,86,12,0,0,40.5752
1,87,12,0,0,40.5739
1,88,12,0,0,40.5726
1,89,12,0,0,40.5713
1,90,12,0,0,40.57
1,91,12,0,0,40.5686
1,92,12,0,0,40.5672
1,93,12,0,0,40.5656
1,94,12,0,0,40.5639
1,95,12,0,0,40.562
1,96,12,0,0,40.5601
1,97,12,0,0,40.5582
1,98,12,0,0,40.5563
1,99,12,0,0,40.5546
1,100,12,0,0,40.5529
1,101,12,0,0,40.5512
1,102,12,0,0,40.5495
1,103,12,0,0,40.5479
1,104,12,0,0,40.5462
1,105,12,0,0,40.5446
1,106,12,0,0,40.5432
1,107,12,0,0,40.5418
1,108,12,0,0,40.5406
1,109,12,0,0,40.5396
1,110,12,0,0,40.5387
1,111,12,0,0,40.5377
1,112,12,0,0,40.5366
1,113,12,0,0,40.5355
1,114,12,0,0,40.5343
1,115,12,0,0,40.5332
1,116,12,0,0,40.5323
1,117,12,0,0,40.5314
1,118,12,0,0,40.5305
1,119,12,0,0,40.5297
1,120,12,0,0,40.5287
1,121,12,0,0,40.5275
1,122,12,0,0,40.5262
1,123,12,0,0,40.5247
1,124,12,0,0,40.5231
1,125,12,0,0,40.5215
1,126,12,0,0,40.5202
1,127,12,0,0,40.5192
1,0,13,0,6.18169e-05,43.3236
1,1,13,0,0,43.2846
1,2,13,0,0,43.2318
1,3,13,0,0,43.1667
1,4,13,0,0,43.0908
1,5,13,0,0,43.006
1,6,13,0,0,42.9144
1,7,13,0,0,42.818
1,8,13,0,0,42.7185
1,9,13,0,0,42.6175
1,10,13,0,0,42.5167
1,11,13,0,0,42.4171
1,12,13,0,0,42.3198
1,13,13,0,0,42.2254
1,14,13,0,0,42.1343
1,15,13,0,0,42.0465
1,16,13,0,0,41.9619
1,17,13,0,0,41.8807
1,18,13,0,0,41.8032
1,19,13,0,0,41.7296
1,20,13,0,0,41.6601
1,21,13,0,0,41.5946
1,22,13,0,0,41.5332
1,23,13,0,0,41.4754
1,24,13,0,0,41.421
1,25,13,0,0,41.3697
1,26,13,0,0,41.3213
1,27,13,0,0,41.2755
1,28,13,0,0,41.2321
1,29,13,0,0,41.1912
1,30,13,0,0,41.1527
1,31,13,0,0,41.1167
1,32,13,0,0,41.0829
1,33,13,0,0,41.0513
1,34,13,0,0,41.0216
1,35,13,0,0,40.9937
1,36,13,0,0,40.9675
1,37,13,0,0,40.9432
1,38,13,0,0,40.9204
1,39,13,0,0,40.8988
1,40,13,0,0,40.8782
1,41,13,0,0,40.8583
1,42,13,0,0,40.8394
1,43,13,0,0,40.8218
1,44,13,0,0,40.8055
1,45,13,0,0,40.7901
1,46,13,0,0,40.7757
1,47,13,0,0,40.7622
1,48,13,0,0,40.7495
1,49,13,0,0,40.7374
1,50,13,0,0,40.7259
1,51,13,0,0,40.7151
1,52,13,0,0,40.7049
1,53,13,0,0,40.6957
1,54,13,0,0,40.6873
1,55,13,0,0,40.6796
1,56,13,0,0,40.6723
1,57,13,0,0,40.6653
1,58,13,0,0,40.6585
1,59,13,0,0,40.6517
1,60,13,0,0,40.6451
1,61,13,0,0,40.6387
1,62,13,0,0,40.6328
1,63,13,0,0,40.6275
1,64,13,0,0,40.6229
1,65,13,0,0,40.619
1,66,13,0,0,40.6156
1,67,13,0,0,40.6127
1,68,13,0,0,40.61
1,69,13,0,0,40.6074
1,70,13,0,0,40.6049
1,71,13,0,0,40.6025
1,72,13,0,0,40.6003
1,73,13,0,0,40.5981
1,74,13,0,0,40.5962
1,75,13,0,0,40.5944
1,76,13,0,0,40.5928
1,77,13,0,0,40.5913
1,78,13,0,0,40.5897
1,79,13,0,0,40.588
1,80,13,0,0,40.5864
1,81,13,0,0,40.585
1,82,13,0,0,40.5836
1,83,13,0,0,40.5822
1,84,13,0,0,40.5807
1,85,13,0,0,40.5792
1,86,13,0,0,40.5779
1,87,13,0,0,40.5767
1,88,13,0,0,40.5755
1,89,13,0,0,40.5744
1,90,13,0,0,40.5733
1,91,13,0,0,40.5721
1,92,13,0,0,40.5708
1,93,13,0,0,40.5693
1,94,13,0,0,40.5677
1,95,13,0,0,40.5658
1,96,13,0,0,40.5638
1,97,13,0,0,40.5617
1,98,13,0,0,40.5598
1,99,13,0,0,40.5581
1,100,13,0,0,40.5565
1,101,13,0,0,40.5548
1,102,13,0,0,40.553
1,103,13,0,0,40.5512
1,104,13,0,0,40.5495
1,105,13,0,0,40.5477
1,106,13,0,0,40.546
1,107,13,0,0,40.5445
1,108,13,0,0,40.5434
1,109,13,0,0,40.5425
1,110,13,0,0,40.5417
1,111,13,0,0,40.5409
1,112,13,0,0,40.5398
1,113,13,0,0,40.5385
1,114,13,0,0,40.5372
1,115,13,0,0,40.536
1,116,13,0,0,40.535
1,117,13,0,0,40.5342
1,118,13,0,0,40.5335
1,119,13,0,0,40.5327
1,120,13,0,0,40.5317
1,121,13,0,0,40.5305
1,122,13,0,0,40.5289
1,123,13,0,0,40.527
1,124,13,0,0,40.5249
1,125,13,0,0,40.5229
1,126,13,0,0,40.521
1,127,13,0,0,40.5196
1,0,14,0,6.18169e-05,43.1096
1,1,14,0,0,43.0764
1,2,14,0,0,43.0318
1,3,14,0,0,42.9763
1,4,14,0,0,42.9111
1,5,14,0,0,42.8377
1,6,14,0,0,42.7578
1,7,14,0,0,42.6734
1,8,14,0,0,42.5856
1,9,14,0,0,42.4956
1,10,14,0,0,42.4054
1,11,14,0,0,42.316
1,12,14,0,0,42.2285
1,13,14,0,0,42.1434
1,14,14,0,0,42.061
1,15,14,0,0,41.9813
1,16,14,0,0,41.9037
1,17,14,0,0,41.8282
1,18,14,0,0,41.7559
1,19,14,0,0,41.6868
1,20,14,0,0,41.6216
1,21,14,0,0,41.5604
1,22,14,0,0,41.503
1,23,14,0,0,41.449
1,24,14,0,0,41.3979
1,25,14,0,0,41.3495
1,26,14,0,0,41.3037
1,27,14,0,0,41.2601
1,28,14,0,0,41.2185
1,29,14,0,0,41.1789
1,30,14,0,0,41.1418
1,31,14,0,0,41.1071
1,32,14,0,0,41.0746
1,33,14,0,0,41.0442
1,34,14,0,0,41.0156
1,35,14,0,0,40.9886
1,36,14,0,0,40.9632
1,37,14,0,0,40.9399
1,38,14,0,0,40.9182
1,39,14,0,0,40.8978
1,40,14,0,0,40.8779
1,41,14,0,0,40.8579
1,42,14,0,0,40.8389
1,43,14,0,0,40.8215
1,44,14,0,0,40.8058
1,45,14,0,0,40.7908
1,46,14,0,0,40.7768
1,47,14,0,0,40.7637
1,48,14,0,0,40.7513
1,49,14,0,0,40.7393
1,50,14,0,0,40.7279
1,51,14,0,0,40.717
1,52,14,0,0,40.7067
1,53,14,0,0,40.6976
1,54,14,0,0,40.6897
1,55,14,0,0,40.6824
1,56,14,0,0,40.6754
1,57,14,0,0,40.6687
1,58,14,0,0,40.6621
1,59,14,0,0,40.655
1,60,14,0,0,40.648
1,61,14,0,0,40.6412
1,62,14,0,0,40.6348
1,63,14,0,0,40.6292
1,64,14,0,0,40.6247
1,65,14,0,0,40.6211
1,66,14,0,0,40.6182
1,67,14,0,0,40.6157
1,68,14,0,0,40.6135
1,69,14,0,0,40.6112
1,70,14,0,0,40.6089
1,71,14,0,0,40.6067
1,72,14,0,0,40.6046
1,73,14,0,0,40.6025
1,74,14,0,0,40.6007
1,75,14,0,0,40.599
1,76,14,0,0,40.5977
1,77,14,0,0,40.5965
1,78,14,0,0,40.595
1,79,14,0,0,40.593
1,80,14,0,0,40.5913
1,81,14,0,0,40.59
1,82,14,0,0,40.5888
1,83,14,0,0,40.5875
1,84,14,0,0,40.5857
1,85,14,0,0,40.584
1,86,14,0,0,40.5828
1,87,14,0,0,40.5816
1,88,14,0,0,40.5806
1,89,14,0,0,40.5797
1,90,14,0,0,40.5787
1,91,14,0,0,40.5777
1,92,14,0,0,40.5767
1,93,14,0,0,40.5753
1,94,14,0,0,40.5739
1,95,14,0,0,40.572
1,96,14,0,0,40.5696
1,97,14,0,0,40.5672
1,98,14,0,0,40.5652
1,99,14,0,0,40.5637
1,100,14,0,0,40.5622
1,101,14,0,0,40.5606
1,102,14,0,0,40.5586
1,103,14,0,0,40.5565
1,104,14,0,0,40.5548
1,105,14,0,0,40.5527
1,106,14,0,0,40.5508
1,107,14,0,0,40.549
1,108,14,0,0,40.5479
1,109,14,0,0,40.5473
1,110,14,0,0,40.5469
1,111,14,0,0,40.5464
1,112,14,0,0,40.5452
1,113,14,0,0,40.5437
1,114,14,0,0,40.542
1,115,14,0,0,40.5405
1,116,14,0,0,40.5396
1,117,14,0,0,40.5391
1,118,14,0,0,40.5385
1,119,14,0,0,40.5379
1,120,14,0,0,40.537
1,121,14,0,0,40.5357
1,122,14,0,0,40.5339
1,123,14,0,0,40.5315
1,124,14,0,0,40.5288
1,125,14,0,0,40.5259
1,126,14,0,0,40.5234
1,127,14,0,0,40.5213
1,0,15,0,6.18169e-05,42.9195
1,1,15,0,0,42.8917
1,2,15,0,0,42.8542
1,3,15,0,0,42.8071
1,4,15,0,0,42.7507
1,5,15,0,0,42.6866
1,6,15,0,0,42.6163
1,7,15,0,0,42.5422
1,8,15,0,0,42.4645
1,9,15,0,0,42.3831
1,10,15,0,0,42.3021
1,11,15,0,0,42.2216
1,12,15,0,0,42.1429
1,13,15,0,0,42.0664
1,14,15,0,0,41.9925
1,15,15,0,0,41.9213
1,16,15,0,0,41.85
1,17,15,0,0,41.7792
1,18,15,0,0,41.7115
1,19,15,0,0,41.6463
1,20,15,0,0,41.585
1,21,15,0,0,41.5278
1,22,15,0,0,41.4746
1,23,15,0,0,41.4249
1,24,15,0,0,41.3772
1,25,15,0,0,41.3315
1,26,15,0,0,41.2885
1,27,15,0,0,41.2472
1,28,15,0,0,41.2072
1,29,15,0,0,41.1684
1,30,15,0,0,41.1324
1,31,15,0,0,41.0994
1,32,15,0,0,41.068
1,33,15,0,0,41.039
1,34,15,0,0,41.0117
1,35,15,0,0,40.9855
1,36,15,0,0,40.9602
1,37,15,0,0,40.9385
1,38,15,0,0,40.9182
1,39,15,0,0,40.8996
1,40,15,0,0,40.8809
1,41,15,0,0,40.8597
1,42,15,0,0,40.8397
1,43,15,0,0,40.8226
1,44,15,0,0,40.8082
1,45,15,0,0,40.7935
1,46,15,0,0,40.7797
1,47,15,0,0,40.7675
1,48,15,0,0,40.7553
1,49,15,0,0,40.7433
1,50,15,0,0,40.7323
1,51,15,0,0,40.7209
1,52,15,0,0,40.7099
1,53,15,0,0,40.7009
1,54,15,0,0,40.6939
1,55,15,0,0,40.6876
1,56,15,0,0,40.6806
1,57,15,0,0,40.6745
1,58,15,0,0,40.6685
1,59,15,0,0,40.6608
1,60,15,0,0,40.6531
1,61,15,0,0,40.6455
1,62,15,0,0,40.6384
1,63,15,0,0,40.6321
1,64,15,0,0,40.6278
1,65,15,0,0,40.6247
1,66,15,0,0,40.6228
1,67,15,0,0,40.6207
1,68,15,0,0,40.6193
1,69,15,0,0,40.6175
1,70,15,0,0,40.6151
1,71,15,0,0,40.613
1,72,15,0,0,40.6112
1,73,15,0,0,40.6087
1,74,15,0,0,40.6073
1,75,15,0,0,40.6056
1,76,15,0,0,40.6047
1,77,15,0,0,40.6042
1,78,15,0,0,40.6032
1,79,15,0,0,40.5999
1,80,15,0,0,40.5982
1,81,15,0,0,40.597
1,82,15,0,0,40.5962
1,83,15,0,0,40.5955
1,84,15,0,0,40.5928
1,85,15,0,0,40.5907
1,86,15,0,0,40.5898
1,87,15,0,0,40.5885
1,88,15,0,0,40.5879
1,89,15,0,0,40.5872
1,90,15,0,0,40.5865
1,91,15,0,0,40.5856
1,92,15,0,0,40.5853
1,93,15,0,0,40.5836
1,94,15,0,0,40.5827
1,95,15,0,0,40.5809
1,96,15,0,0,40.5776
1,97,15,0,0,40.5744
1,98,15,0,0,40.5722
1,99,15,0,0,40.5716
1,100,15,0,0,40.5701
1,101,15,0,0,40.569
1,102,15,0,0,40.5663
1,103,15,0,0,40.5638
1,104,15,0,0,40.5625
1,105,15,0,0,40.5598
1,106,15,0,0,40.5574
1,107,15,0,0,40.5549
1,108,15,0,0,40.5539
1,109,15,0,0,40.554
1,110,15,0,0,40.5544
1,111,15,0,0,40.5546
1,112,15,0,0,40.5529
1,113,15,0,0,40.5512
1,114,15,0,0,40.5485
1,115,15,0,0,40.5466
1,116,15,0,0,40.546
1,117,15,0,0,40.546
1,118,15,0,0,40.5457
1,119,15,0,0,40.5454
1,120,15,0,0,40.5449
1,121,15,0,0,40.5434
1,122,15,0,0,40.5417
1,123,15,0,0,40.5383
1,124,15,0,0,40.5347
1,125,15,0,0,40.5307
1,126,15,0,0,40.5273
1,127,15,0,0,40.5243
1,0,16,0,0.00017951,42.7511
1,1,16,0,9.72405e-05,42.7279
1,2,16,0,0.000121041,42.6972
1,3,16,0,0.000160272,42.6577
1,4,16,0,0.000155159,42.6087
1,5,16,0,0.00011742,42.5518
1,6,16,0,8.0136e-05,42.4886
1,7,16,0,0.000121041,42.424
1,8,16,0,0.000175611,42.3564
1,9,16,0,5.80095e-05,42.2789
1,10,16,0,0.000100588,42.2071
1,11,16,0,5.96835e-05,42.1334
1,12,16,0,6.50514e-05,42.0629
1,13,16,0,6.56792e-05,41.9945
1,14,16,0,7.6788e-05,41.9287
1,15,16,0,0.000175703,41.8682
1,16,16,0,0.000161946,41.8028
1,17,16,0,5.80095e-05,41.7336
1,18,16,0,0.000112725,41.6709
1,19,16,0,7.8462e-05,41.6078
1,20,16,0,5.96835e-05,41.5499
1,21,16,0,7.6788e-05,41.4969
1,22,16,0,9.89145e-05,41.4481
1,23,16,0,0.00011681,41.4039
1,24,16,0,0.000111051,41.3593
1,25,16,0,5.80095e-05,41.3158
1,26,16,0,8.0136e-05,41.2763
1,27,16,0,0.000116019,41.2376
1,28,16,0,0.000104028,41.1992
1,29,16,0,8.181e-05,41.1594
1,30,16,0,8.0136e-05,41.124
1,31,16,0,0.000136472,41.0942
1,32,16,0,8.0136e-05,41.0629
1,33,16,0,0.000114345,41.036
1,34,16,0,0.000131568,41.0105
1,35,16,0,0.000141494,40.9852
1,36,16,0,0,40.9571
1,37,16,0,0.000119367,40.9392
1,38,16,0,0.000100588,40.9199
1,39,16,0,0.000122715,40.9047
1,40,16,0,0.000231947,40.8896
1,41,16,0,0.000119367,40.8637
1,42,16,0,5.96835e-05,40.8407
1,43,16,0,3.32353e-05,40.8242
1,44,16,0,0.000149882,40.8138
1,45,16,0,0.000100588,40.7984
1,46,16,0,5.96835e-05,40.7839
1,47,16,0,0.000122715,40.7742
1,48,16,0,0.000114254,40.7621
1,49,16,0,7.6788e-05,40.7493
1,50,16,0,0.000122715,40.7398
1,51,16,0,9.89145e-05,40.7272
1,52,16,0,5.96835e-05,40.7139
1,53,16,0,4.0905e-05,40.7048
1,54,16,0,6.22401e-05,40.7
1,55,16,0,0.000122715,40.6961
1,56,16,0,5.80095e-05,40.6876
1,57,16,0,8.0136e-05,40.6826
1,58,16,0,0.000189486,40.6794
1,59,16,0,0.000100588,40.669
1,60,16,0,7.77887e-05,40.6605
1,61,16,0,5.80095e-05,40.652
1,62,16,0,6.13575e-05,40.6437
1,63,16,0,5.11312e-06,40.6353
1,64,16,0,3.52097e-05,40.6323
1,65,16,0,4.0905e-05,40.6296
1,66,16,0,9.01986e-05,40.63
1,67,16,0,4.0905e-05,40.6274
1,68,16,0,9.89145e-05,40.6279
1,69,16,0,0.000119367,40.6268
1,70,16,0,8.03908e-05,40.6232
1,71,16,0,7.8462e-05,40.6213
1,72,16,0,0.000117693,40.6209
1,73,16,0,4.0905e-05,40.6163
1,74,16,0,9.72405e-05,40.6165
1,75,16,0,5.96835e-05,40.6138
1,76,16,0,8.0136e-05,40.6135
1,77,16,0,0.000117693,40.6149
1,78,16,0,0.000180724,40.616
1,79,16,0,2.04525e-05,40.6075
1,80,16,0,9.72405e-05,40.6069
1,81,16,0,8.55039e-05,40.6061
1,82,16,0,7.8462e-05,40.606
1,83,16,0,0.000174083,40.6078
1,84,16,0,6.13575e-05,40.6017
1,85,16,0,2.04525e-05,40.5983
1,86,16,0,0.000106584,40.5997
1,87,16,0,6.13575e-05,40.5972
1,88,16,0,9.55665e-05,40.5974
1,89,16,0,8.181e-05,40.5972
1,90,16,0,8.0136e-05,40.5967
1,91,16,0,5.80095e-05,40.5952
1,92,16,0,0.000149254,40.5974
1,93,16,0,6.13575e-05,40.5936
1,94,16,0,0.000121924,40.5945
1,95,16,0,0.00015525,40.5935
1,96,16,0,9.89145e-05,40.5879
1,97,16,0,5.96835e-05,40.583
1,98,16,0,2.04525e-05,40.5798
1,99,16,0,0.000117693,40.5828
1,100,16,0,3.7557e-05,40.5798
1,101,16,0,0.000136472,40.5815
1,102,16,0,5.80095e-05,40.5759
1,103,16,0,1.87785e-05,40.572
1,104,16,0,0.000121041,40.5737
1,105,16,0,5.80095e-05,40.569
1,106,16,0,7.6788e-05,40.5663
1,107,16,0,2.04525e-05,40.5615
1,108,16,0,2.04525e-05,40.561
1,109,16,0,4.32523e-05,40.5624
1,110,16,0,8.78512e-05,40.5644
1,111,16,0,0.00015172,40.5669
1,112,16,0,8.181e-05,40.5628
1,113,16,0,0.000138146,40.5617
1,114,16,0,6.47966e-05,40.5565
1,115,16,0,3.9231e-05,40.5535
1,116,16,0,7.6788e-05,40.5539
1,117,16,0,0.000100588,40.5552
1,118,16,0,8.181e-05,40.555
1,119,16,0,7.6788e-05,40.5552
1,120,16,0,0.00010763,40.556
1,121,16,0,4.85747e-05,40.5533
1,122,16,0,0.000114254,40.5534
1,123,16,0,5.96835e-05,40.5474
1,124,16,0,0.000100588,40.5432
1,125,16,0,5.96835e-05,40.5368
1,126,16,0,5.96835e-05,40.5328
1,127,16,0,3.7557e-05,40.5285
1,0,17,0,0.000181184,42.5871
1,1,17,0,7.8462e-05,42.566
1,2,17,0,0.000135798,42.5396
1,3,17,0,8.0136e-05,42.5019
1,4,17,0,6.31226e-05,42.4588
1,5,17,0,0.000171008,42.4139
1,6,17,0,0.00013982,42.3585
1,7,17,0,7.8462e-05,42.2981
1,8,17,0,0.000165385,42.2384
1,9,17,0,2.04525e-05,42.1681
1,10,17,0,0.000108977,42.1055
1,11,17,0,7.75794e-05,42.0401
1,12,17,0,0.000107303,41.9778
1,13,17,0,0.00013215,41.9165
1,14,17,0,6.37048e-05,41.8542
1,15,17,0,0.00013982,41.7983
1,16,17,0,0.000142167,41.7393
1,17,17,0,0.00013982,41.6784
1,18,17,0,0.000138146,41.6185
1,19,17,0,2.04525e-05,41.5569
1,20,17,0,0.000114254,41.5059
1,21,17,0,7.75794e-05,41.4546
1,22,17,0,0,41.4062
1,23,17,0,0.000161155,41.3692
1,24,17,0,8.0136e-05,41.327
1,25,17,0,0.000179051,41.2915
1,26,17,0,0.000219956,41.255
1,27,17,0,7.8462e-05,41.2131
1,28,17,0,0.000235295,41.1801
1,29,17,0,5.20138e-05,41.1368
1,30,17,0,4.0905e-05,41.1012
1,31,17,0,8.0136e-05,41.0722
1,32,17,0,9.89145e-05,41.0443
1,33,17,0,7.8462e-05,41.0169
1,34,17,0,6.45874e-05,40.9913
1,35,17,0,7.6788e-05,40.9682
1,36,17,0,0.00013982,40.9473
1,37,17,0,8.44577e-05,40.9252
1,38,17,0,2.04525e-05,40.9046
1,39,17,0,0.000172009,40.8932
1,40,17,0,0.000148281,40.8745
1,41,17,0,2.04525e-05,40.8483
1,42,17,0,1.87785e-05,40.8288
1,43,17,0,0.000128711,40.8172
1,44,17,0,8.71779e-05,40.8031
1,45,17,0,8.181e-05,40.7891
1,46,17,0,8.181e-05,40.7764
1,47,17,0,0.000114672,40.7662
1,48,17,0,8.35751e-05,40.7537
1,49,17,0,8.0136e-05,40.7422
1,50,17,0,0.000121041,40.7331
1,51,17,0,0.000100588,40.7207
1,52,17,0,2.04525e-05,40.7069
1,53,17,0,6.13575e-05,40.7002
1,54,17,0,0.000137263,40.6977
1,55,17,0,0.000121041,40.692
1,56,17,0,9.55665e-05,40.6843
1,57,17,0,0.000121924,40.6785
1,58,17,0,4.7574e-05,40.6692
1,59,17,0,4.0905e-05,40.6614
1,60,17,0,0.000118694,40.6576
1,61,17,0,0.000138146,40.6514
1,62,17,0,6.47966e-05,40.6415
1,63,17,0,5.62444e-05,40.6347
1,64,17,0,0.000140493,40.6332
1,65,17,0,3.7557e-05,40.6271
1,66,17,0,0.00010763,40.6278
1,67,17,0,0.000117693,40.6267
1,68,17,0,8.78057e-05,40.6242
1,69,17,0,7.8462e-05,40.6216
1,70,17,0,7.48592e-05,40.6191
1,71,17,0,8.0136e-05,40.6178
1,72,17,0,0.000121041,40.618
1,73,17,0,8.0136e-05,40.6149
1,74,17,0,0.000131104,40.6153
1,75,17,0,9.89145e-05,40.6123
1,76,17,0,7.8462e-05,40.61
1,77,17,0,5.71269e-05,40.6092
1,78,17,0,0.000138146,40.6113
1,79,17,0,9.0153e-05,40.6064
1,80,17,0,4.0905e-05,40.6024
1,81,17,0,9.01986e-05,40.603
1,82,17,0,0.000102608,40.6033
1,83,17,0,8.0136e-05,40.6021
1,84,17,0,7.92534e-05,40.6001
1,85,17,0,0.000134852,40.6002
1,86,17,0,0.000113371,40.5985
1,87,17,0,8.0136e-05,40.5953
1,88,17,0,5.96835e-05,40.5941
1,89,17,0,0.000116019,40.5964
1,90,17,0,0.000150209,40.5974
1,91,17,0,8.0136e-05,40.5939
1,92,17,0,0.000106584,40.5937
1,93,17,0,8.181e-05,40.5912
1,94,17,0,0.000109286,40.5908
1,95,17,0,8.181e-05,40.5878
1,96,17,0,5.80095e-05,40.5837
1,97,17,0,0.000100588,40.5823
1,98,17,0,6.73532e-05,40.5802
1,99,17,0,0.00013982,40.5829
1,100,17,0,0.000102354,40.5811
1,101,17,0,0.000141494,40.5811
1,102,17,0,0.000102262,40.5767
1,103,17,0,9.72405e-05,40.5738
1,104,17,0,0.000143167,40.5738
1,105,17,0,8.181e-05,40.5689
1,106,17,0,0.000116019,40.5669
1,107,17,0,5.96835e-05,40.5629
1,108,17,0,0.000134706,40.5649
1,109,17,0,0.000157925,40.5656
1,110,17,0,5.02942e-05,40.5617
1,111,17,0,0.000127919,40.5632
1,112,17,0,6.13575e-05,40.5586
1,113,17,0,5.96835e-05,40.5561
1,114,17,0,7.16749e-05,40.5539
1,115,17,0,0.000100588,40.5529
1,116,17,0,4.0905e-05,40.5504
1,117,17,0,8.0136e-05,40.5519
1,118,17,0,8.0136e-05,40.5526
1,119,17,0,9.89145e-05,40.5541
1,120,17,0,0.000114882,40.5553
1,121,17,0,0.000113371,40.5546
1,122,17,0,0.000184164,40.5549
1,123,17,0,9.72405e-05,40.5469
1,124,17,0,6.13575e-05,40.5396
1,125,17,0,2.04525e-05,40.5329
1,126,17,0,6.13575e-05,40.5308
1,127,17,0,0.000119367,40.5293
1,0,18,0,6.18169e-05,42.4259
1,1,18,0,0,42.4062
1,2,18,0,2.34731e-06,42.3806
1,3,18,0,0,42.3479
1,4,18,0,0,42.3099
1,5,18,0,0,42.2675
1,6,18,0,0,42.2194
1,7,18,0,0,42.1671
1,8,18,0,0,42.1124
1,9,18,0,0,42.0541
1,10,18,0,7.04194e-06,41.9968
1,11,18,0,2.55656e-06,41.9386
1,12,18,0,0,41.8813
1,13,18,0,0,41.825
1,14,18,0,1.64312e-05,41.7696
1,15,18,0,0,41.715
1,16,18,0,1.64312e-05,41.6609
1,17,18,0,0,41.6054
1,18,18,0,0,41.551
1,19,18,0,0,41.4979
1,20,18,0,5.11312e-06,41.449
1,21,18,0,2.55656e-06,41.402
1,22,18,0,0,41.3579
1,23,18,0,0,41.3185
1,24,18,0,0,41.2798
1,25,18,0,0,41.2436
1,26,18,0,0,41.2078
1,27,18,0,0,41.1715
1,28,18,0,0,41.1372
1,29,18,0,7.66969e-06,41.102
1,30,18,0,0,41.0692
1,31,18,0,0,41.04
1,32,18,0,0,41.0127
1,33,18,0,0,40.9868
1,34,18,0,0,40.9626
1,35,18,0,0,40.9401
1,36,18,0,0,40.9193
1,37,18,0,1.27828e-05,40.8995
1,38,18,0,0,40.8803
1,39,18,0,7.04194e-06,40.8641
1,40,18,0,0,40.8459
1,41,18,0,0,40.8263
1,42,18,0,0,40.809
1,43,18,0,0,40.7948
1,44,18,0,0,40.7811
1,45,18,0,0,40.768
1,46,18,0,0,40.7559
1,47,18,0,4.69463e-06,40.7449
1,48,18,0,0,40.7334
1,49,18,0,0,40.7226
1,50,18,0,0,40.7126
1,51,18,0,0,40.7021
1,52,18,0,0,40.6919
1,53,18,0,0,40.6844
1,54,18,0,0,40.6787
1,55,18,0,0,40.6726
1,56,18,0,0,40.6662
1,57,18,0,1.78959e-05,40.6603
1,58,18,0,0,40.6525
1,59,18,0,0,40.6457
1,60,18,0,4.69463e-06,40.6404
1,61,18,0,0,40.6343
1,62,18,0,1.53394e-05,40.6281
1,63,18,0,0,40.6219
1,64,18,0,0,40.6181
1,65,18,0,0,40.6142
1,66,18,0,0,40.6124
1,67,18,0,0,40.6106
1,68,18,0,1.27828e-05,40.6088
1,69,18,0,0,40.606
1,70,18,0,0,40.6038
1,71,18,0,0,40.6021
1,72,18,0,0,40.6009
1,73,18,0,0,40.5992
1,74,18,0,7.04194e-06,40.5983
1,75,18,0,0,40.5962
1,76,18,0,0,40.5945
1,77,18,0,2.55656e-06,40.5936
1,78,18,0,0,40.5933
1,79,18,0,2.9214e-05,40.592
1,80,18,0,0,40.5888
1,81,18,0,0,40.5878
1,82,18,0,1.17366e-05,40.5876
1,83,18,0,0,40.5864
1,84,18,0,2.30091e-05,40.5859
1,85,18,0,0,40.5841
1,86,18,0,0,40.5825
1,87,18,0,0,40.5808
1,88,18,0,0,40.5799
1,89,18,0,0,40.5802
1,90,18,0,1.17366e-05,40.5804
1,91,18,0,0,40.5784
1,92,18,0,0,40.5772
1,93,18,0,0,40.5756
1,94,18,0,2.55656e-06,40.5743
1,95,18,0,0,40.572
1,96,18,0,0,40.5696
1,97,18,0,0,40.5681
1,98,18,0,1.27828e-05,40.5673
1,99,18,0,0,40.5668
1,100,18,0,1.53394e-05,40.5661
1,101,18,0,0,40.5642
1,102,18,0,0,40.5616
1,103,18,0,0,40.5593
1,104,18,0,0,40.5575
1,105,18,0,0,40.5548
1,106,18,0,0,40.5527
1,107,18,0,0,40.5507
1,108,18,0,5.11312e-06,40.5504
1,109,18,0,0,40.5496
1,110,18,0,0,40.5478
1,111,18,0,0,40.5468
1,112,18,0,0,40.5445
1,113,18,0,0,40.5424
1,114,18,0,0,40.5407
1,115,18,0,0,40.5394
1,116,18,0,0,40.5383
1,117,18,0,0,40.5383
1,118,18,0,0,40.5387
1,119,18,0,0,40.5392
1,120,18,0,1.78959e-05,40.54
1,121,18,0,0,40.5385
1,122,18,0,0,40.5366
1,123,18,0,0,40.5322
1,124,18,0,0,40.5274
1,125,18,0,0,40.5231
1,126,18,0,0,40.5204
1,127,18,0,0,40.5182
1,0,19,0,6.18169e-05,42.2803
1,1,19,0,0,42.2614
1,2,19,0,0,42.2373
1,3,19,0,0,42.2079
1,4,19,0,0,42.1738
1,5,19,0,0,42.1354
1,6,19,0,0,42.0927
1,7,19,0,0,42.0465
1,8,19,0,0,41.9977
1,9,19,0,0,41.9467
1,10,19,0,0,41.895
1,11,19,0,0,41.8428
1,12,19,0,0,41.7907
1,13,19,0,0,41.7391
1,14,19,0,0,41.6881
1,15,19,0,0,41.6375
1,16,19,0,0,41.5873
1,17,19,0,0,41.5371
1,18,19,0,0,41.4878
1,19,19,0,0,41.44
1,20,19,0,0,41.3945
1,21,19,0,0,41.3511
1,22,19,0,0,41.31
1,23,19,0,0,41.2717
1,24,19,0,0,41.2349
1,25,19,0,0,41.1998
1,26,19,0,0,41.1656
1,27,19,0,0,41.132
1,28,19,0,0,41.0995
1,29,19,0,0,41.0677
1,30,19,0,0,41.0376
1,31,19,0,0,41.0096
1,32,19,0,0,40.9834
1,33,19,0,0,40.9588
1,34,19,0,0,40.9356
1,35,19,0,0,40.914
1,36,19,0,0,40.8937
1,37,19,0,0,40.8744
1,38,19,0,0,40.8562
1,39,19,0,0,40.8391
1,40,19,0,0,40.822
1,41,19,0,0,40.8049
1,42,19,0,0,40.7891
1,43,19,0,0,40.7748
1,44,19,0,0,40.7615
1,45,19,0,0,40.7489
1,46,19,0,0,40.7371
1,47,19,0,0,40.7261
1,48,19,0,0,40.7153
1,49,19,0,0,40.705
1,50,19,0,0,40.6952
1,51,19,0,0,40.6857
1,52,19,0,0,40.6769
1,53,19,0,0,40.6693
1,54,19,0,0,40.6626
1,55,19,0,0,40.6563
1,56,19,0,0,40.65
1,57,19,0,0,40.6438
1,58,19,0,0,40.6373
1,59,19,0,0,40.6311
1,60,19,0,0,40.6255
1,61,19,0,0,40.6199
1,62,19,0,0,40.6144
1,63,19,0,0,40.6094
1,64,19,0,0,40.6053
1,65,19,0,0,40.6018
1,66,19,0,0,40.5991
1,67,19,0,0,40.5968
1,68,19,0,0,40.5946
1,69,19,0,0,40.5923
1,70,19,0,0,40.5902
1,71,19,0,0,40.5883
1,72,19,0,0,40.5868
1,73,19,0,0,40.5852
1,74,19,0,0,40.5838
1,75,19,0,0,40.5821
1,76,19,0,0,40.5807
1,77,19,0,0,40.5795
1,78,19,0,0,40.5785
1,79,19,0,0,40.5771
1,80,19,0,0,40.5754
1,81,19,0,0,40.5742
1,82,19,0,0,40.5734
1,83,19,0,0,40.5724
1,84,19,0,0,40.5715
1,85,19,0,0,40.5703
1,86,19,0,0,40.569
1,87,19,0,0,40.5678
1,88,19,0,0,40.5669
1,89,19,0,0,40.5664
1,90,19,0,0,40.5658
1,91,19,0,0,40.5646
1,92,19,0,0,40.5634
1,93,19,0,0,40.562
1,94,19,0,0,40.5605
1,95,19,0,0,40.5587
1,96,19,0,0,40.5569
1,97,19,0,0,40.5554
1,98,19,0,0,40.5543
1,99,19,0,0,40.5533
1,100,19,0,0,40.5521
1,101,19,0,0,40.5504
1,102,19,0,0,40.5483
1,103,19,0,0,40.5463
1,104,19,0,0,40.5444
1,105,19,0,0,40.5424
1,106,19,0,0,40.5405
1,107,19,0,0,40.5389
1,108,19,0,0,40.5378
1,109,19,0,0,40.5367
1,110,19,0,0,40.5353
1,111,19,0,0,40.5339
1,112,19,0,0,40.5323
1,113,19,0,0,40.5306
1,114,19,0,0,40.5292
1,115,19,0,0,40.528
1,116,19,0,0,40.5271
1,117,19,0,0,40.5267
1,118,19,0,0,40.5265
1,119,19,0,0,40.5264
1,120,19,0,0,40.5261
1,121,19,0,0,40.5248
1,122,19,0,0,40.5229
1,123,19,0,0,40.52
1,124,19,0,0,40.5168
1,125,19,0,0,40.5137
1,126,19,0,0,40.5114
1,127,19,0,0,40.5096
1,0,20,0,6.18169e-05,42.1482
1,1,20,0,0,42.13
1,2,20,0,0,42.1076
1,3,20,0,0,42.0808
1,4,20,0,0,42.05
1,5,20,0,0,42.0153
1,6,20,0,0,41.9772
1,7,20,0,0,41.936
1,8,20,0,0,41.8924
1,9,20,0,0,41.847
1,10,20,0,0,41.8006
1,11,20,0,0,41.7535
1,12,20,0,0,41.7062
1,13,20,0,0,41.659
1,14,20,0,0,41.6121
1,15,20,0,0,41.5655
1,16,20,0,0,41.5193
1,17,20,0,0,41.4735
1,18,20,0,0,41.4286
1,19,20,0,0,41.3849
1,20,20,0,0,41.3428
1,21,20,0,0,41.3026
1,22,20,0,0,41.2642
1,23,20,0,0,41.2277
1,24,20,0,0,41.1928
1,25,20,0,0,41.1593
1,26,20,0,0,41.1269
1,27,20,0,0,41.0954
1,28,20,0,0,41.065
1,29,20,0,0,41.0356
1,30,20,0,0,41.0075
1,31,20,0,0,40.9811
1,32,20,0,0,40.9562
1,33,20,0,0,40.9327
1,34,20,0,0,40.9106
1,35,20,0,0,40.8898
1,36,20,0,0,40.8702
1,37,20,0,0,40.8516
1,38,20,0,0,40.834
1,39,20,0,0,40.8173
1,40,20,0,0,40.801
1,41,20,0,0,40.7853
1,42,20,0,0,40.7705
1,43,20,0,0,40.7568
1,44,20,0,0,40.7439
1,45,20,0,0,40.7318
1,46,20,0,0,40.7204
1,47,20,0,0,40.7096
1,48,20,0,0,40.6993
1,49,20,0,0,40.6895
1,50,20,0,0,40.6802
1,51,20,0,0,40.6714
1,52,20,0,0,40.6631
1,53,20,0,0,40.6556
1,54,20,0,0,40.6488
1,55,20,0,0,40.6424
1,56,20,0,0,40.6362
1,57,20,0,0,40.6301
1,58,20,0,0,40.6241
1,59,20,0,0,40.6183
1,60,20,0,0,40.6128
1,61,20,0,0,40.6076
1,62,20,0,0,40.6027
1,63,20,0,0,40.5981
1,64,20,0,0,40.5941
1,65,20,0,0,40.5907
1,66,20,0,0,40.5878
1,67,20,0,0,40.5852
1,68,20,0,0,40.5828
1,69,20,0,0,40.5806
1,70,20,0,0,40.5785
1,71,20,0,0,40.5766
1,72,20,0,0,40.5748
1,73,20,0,0,40.5732
1,74,20,0,0,40.5716
1,75,20,0,0,40.5701
1,76,20,0,0,40.5687
1,77,20,0,0,40.5674
1,78,20,0,0,40.5662
1,79,20,0,0,40.5649
1,80,20,0,0,40.5636
1,81,20,0,0,40.5625
1,82,20,0,0,40.5615
1,83,20,0,0,40.5606
1,84,20,0,0,40.5596
1,85,20,0,0,40.5586
1,86,20,0,0,40.5575
1,87,20,0,0,40.5565
1,88,20,0,0,40.5557
1,89,20,0,0,40.5549
1,90,20,0,0,40.5541
1,91,20,0,0,40.5531
1,92,20,0,0,40.5519
1,93,20,0,0,40.5506
1,94,20,0,0,40.5491
1,95,20,0,0,40.5476
1,96,20,0,0,40.546
1,97,20,0,0,40.5446
1,98,20,0,0,40.5433
1,99,20,0,0,40.542
1,100,20,0,0,40.5406
1,101,20,0,0,40.539
1,102,20,0,0,40.5372
1,103,20,0,0,40.5354
1,104,20,0,0,40.5336
1,105,20,0,0,40.5318
1,106,20,0,0,40.5301
1,107,20,0,0,40.5286
1,108,20,0,0,40.5273
1,109,20,0,0,40.5261
1,110,20,0,0,40.5248
1,111,20,0,0,40.5234
1,112,20,0,0,40.522
1,113,20,0,0,40.5206
1,114,20,0,0,40.5194
1,115,20,0,0,40.5183
1,116,20,0,0,40.5174
1,117,20,0,0,40.5168
1,118,20,0,0,40.5163
1,119,20,0,0,40.5158
1,120,20,0,0,40.5151
1,121,20,0,0,40.5139
1,122,20,0,0,40.5123
1,123,20,0,0,40.5101
1,124,20,0,0,40.5078
1,125,20,0,0,40.5056
1,126,20,0,0,40.5038
1,127,20,0,0,40.5025
1,0,21,0,6.18169e-05,42.0281
1,1,21,0,0,42.0109
1,2,21,0,0,41.99
1,3,21,0,0,41.9655
1,4,21,0,0,41.9374
1,5,21,0,0,41.9061
1,6,21,0,0,41.8718
1,7,21,0,0,41.8349
1,8,21,0,0,41.7958
1,9,21,0,0,41.7551
1,10,21,0,0,41.7132
1,11,21,0,0,41.6706
1,12,21,0,0,41.6276
1,13,21,0,0,41.5845
1,14,21,0,0,41.5415
1,15,21,0,0,41.4987
1,16,21,0,0,41.4563
1,17,21,0,0,41.4143
1,18,21,0,0,41.3731
1,19,21,0,0,41.333
1,20,21,0,0,41.2942
1,21,21,0,0,41.2568
1,22,21,0,0,41.2209
1,23,21,0,0,41.1866
1,24,21,0,0,41.1536
1,25,21,0,0,41.1219
1,26,21,0,0,41.0913
1,27,21,0,0,41.0617
1,28,21,0,0,41.0332
1,29,21,0,0,41.0057
1,30,21,0,0,40.9795
1,31,21,0,0,40.9546
1,32,21,0,0,40.931
1,33,21,0,0,40.9086
1,34,21,0,0,40.8875
1,35,21,0,0,40.8676
1,36,21,0,0,40.8488
1,37,21,0,0,40.8309
1,38,21,0,0,40.814
1,39,21,0,0,40.7979
1,40,21,0,0,40.7825
1,41,21,0,0,40.7677
1,42,21,0,0,40.7537
1,43,21,0,0,40.7406
1,44,21,0,0,40.7282
1,45,21,0,0,40.7166
1,46,21,0,0,40.7056
1,47,21,0,0,40.6953
1,48,21,0,0,40.6854
1,49,21,0,0,40.6761
1,50,21,0,0,40.6672
1,51,21,0,0,40.6589
1,52,21,0,0,40.651
1,53,21,0,0,40.6438
1,54,21,0,0,40.637
1,55,21,0,0,40.6306
1,56,21,0,0,40.6245
1,57,21,0,0,40.6186
1,58,21,0,0,40.6129
1,59,21,0,0,40.6075
1,60,21,0,0,40.6023
1,61,21,0,0,40.5974
1,62,21,0,0,40.5927
1,63,21,0,0,40.5885
1,64,21,0,0,40.5847
1,65,21,0,0,40.5813
1,66,21,0,0,40.5783
1,67,21,0,0,40.5756
1,68,21,0,0,40.5731
1,69,21,0,0,40.5709
1,70,21,0,0,40.5687
1,71,21,0,0,40.5668
1,72,21,0,0,40.565
1,73,21,0,0,40.5633
1,74,21,0,0,40.5617
1,75,21,0,0,40.5601
1,76,21,0,0,40.5587
1,77,21,0,0,40.5574
1,78,21,0,0,40.5561
1,79,21,0,0,40.5549
1,80,21,0,0,40.5537
1,81,21,0,0,40.5527
1,82,21,0,0,40.5517
1,83,21,0,0,40.5508
1,84,21,0,0,40.55
1,85,21,0,0,40.5491
1,86,21,0,0,40.5482
1,87,21,0,0,40.5473
1,88,21,0,0,40.5465
1,89,21,0,0,40.5456
1,90,21,0,0,40.5448
1,91,21,0,0,40.5437
1,92,21,0,0,40.5426
1,93,21,0,0,40.5414
1,94,21,0,0,40.54
1,95,21,0,0,40.5386
1,96,21,0,0,40.5371
1,97,21,0,0,40.5357
1,98,21,0,0,40.5343
1,99,21,0,0,40.5329
1,100,21,0,0,40.5314
1,101,21,0,0,40.5298
1,102,21,0,0,40.5282
1,103,21,0,0,40.5265
1,104,21,0,0,40.5248
1,105,21,0,0,40.5231
1,106,21,0,0,40.5216
1,107,21,0,0,40.5201
1,108,21,0,0,40.5188
1,109,21,0,0,40.5175
1,110,21,0,0,40.5163
1,111,21,0,0,40.515
1,112,21,0,0,40.5137
1,113,21,0,0,40.5125
1,114,21,0,0,40.5114
1,115,21,0,0,40.5103
1,116,21,0,0,40.5095
1,117,21,0,0,40.5087
1,118,21,0,0,40.5081
1,119,21,0,0,40.5074
1,120,21,0,0,40.5065
1,121,21,0,0,40.5054
1,122,21,0,0,40.504
1,123,21,0,0,40.5024
1,124,21,0,0,40.5007
1,125,21,0,0,40.499
1,126,21,0,0,40.4976
1,127,21,0,0,40.4966
1,0,22,0,6.18169e-05,41.919
1,1,22,0,0,41.9027
1,2,22,0,0,41.8833
1,3,22,0,0,41.8607
1,4,22,0,0,41.8352
1,5,22,0,0,41.8068
1,6,22,0,0,41.7758
1,7,22,0,0,41.7425
1,8,22,0,0,41.7073
1,9,22,0,0,41.6706
1,10,22,0,0,41.6328
1,11,22,0,0,41.5941
1,12,22,0,0,41.5549
1,13,22,0,0,41.5155
1,14,22,0,0,41.4761
1,15,22,0,0,41.4368
1,16,22,0,0,41.3979
1,17,22,0,0,41.3593
1,18,22,0,0,41.3215
1,19,22,0,0,41.2845
1,20,22,0,0,41.2486
1,21,22,0,0,41.2139
1,22,22,0,0,41.1805
1,23,22,0,0,41.1483
1,24,22,0,0,41.1173
1,25,22,0,0,41.0874
1,26,22,0,0,41.0586
1,27,22,0,0,41.0308
1,28,22,0,0,41.004
1,29,22,0,0,40.9783
1,30,22,0,0,40.9536
1,31,22,0,0,40.9301
1,32,22,0,0,40.9078
1,33,22,0,0,40.8865
1,34,22,0,0,40.8665
1,35,22,0,0,40.8474
1,36,22,0,0,40.8294
1,37,22,0,0,40.8123
1,38,22,0,0,40.7961
1,39,22,0,0,40.7807
1,40,22,0,0,40.766
1,41,22,0,0,40.7521
1,42,22,0,0,40.7388
1,43,22,0,0,40.7263
1,44,22,0,0,40.7145
1,45,22,0,0,40.7034
1,46,22,0,0,40.6929
1,47,22,0,0,40.6829
1,48,22,0,0,40.6735
1,49,22,0,0,40.6646
1,50,22,0,0,40.6562
1,51,22,0,0,40.6482
1,52,22,0,0,40.6407
1,53,22,0,0,40.6337
1,54,22,0,0,40.6271
1,55,22,0,0,40.6209
1,56,22,0,0,40.615
1,57,22,0,0,40.6093
1,58,22,0,0,40.6038
1,59,22,0,0,40.5986
1,60,22,0,0,40.5937
1,61,22,0,0,40.589
1,62,22,0,0,40.5846
1,63,22,0,0,40.5806
1,64,22,0,0,40.5769
1,65,22,0,0,40.5736
1,66,22,0,0,40.5706
1,67,22,0,0,40.5679
1,68,22,0,0,40.5654
1,69,22,0,0,40.5631
1,70,22,0,0,40.5609
1,71,22,0,0,40.5589
1,72,22,0,0,40.5571
1,73,22,0,0,40.5553
1,74,22,0,0,40.5537
1,75,22,0,0,40.5521
1,76,22,0,0,40.5507
1,77,22,0,0,40.5493
1,78,22,0,0,40.5481
1,79,22,0,0,40.5469
1,80,22,0,0,40.5458
1,81,22,0,0,40.5448
1,82,22,0,0,40.544
1,83,22,0,0,40.5431
1,84,22,0,0,40.5424
1,85,22,0,0,40.5416
1,86,22,0,0,40.5408
1,87,22,0,0,40.5401
1,88,22,0,0,40.5393
1,89,22,0,0,40.5385
1,90,22,0,0,40.5376
1,91,22,0,0,40.5366
1,92,22,0,0,40.5355
1,93,22,0,0,40.5343
1,94,22,0,0,40.533
1,95,22,0,0,40.5316
1,96,22,0,0,40.5302
1,97,22,0,0,40.5288
1,98,22,0,0,40.5273
1,99,22,0,0,40.5258
1,100,22,0,0,40.5243
1,101,22,0,0,40.5228
1,102,22,0,0,40.5212
1,103,22,0,0,40.5195
1,104,22,0,0,40.5179
1,105,22,0,0,40.5164
1,106,22,0,0,40.5149
1,107,22,0,0,40.5135
1,108,22,0,0,40.5122
1,109,22,0,0,40.5109
1,110,22,0,0,40.5097
1,111,22,0,0,40.5085
1,112,22,0,0,40.5073
1,113,22,0,0,40.5062
1,114,22,0,0,40.5051
1,115,22,0,0,40.5042
1,116,22,0,0,40.5033
1,117,22,0,0,40.5025
1,118,22,0,0,40.5017
1,119,22,0,0,40.501
1,120,22,0,0,40.5001
1,121,22,0,0,40.4991
1,122,22,0,0,40.4979
1,123,22,0,0,40.4966
1,124,22,0,0,40.4953
1,125,22,0,0,40.494
1,126,22,0,0,40.4929
1,127,22,0,0,40.4921
1,0,23,0,6.18169e-05,41.82
1,1,23,0,0,41.8046
1,2,23,0,0,41.7865
1,3,23,0,0,41.7657
1,4,23,0,0,41.7423
1,5,23,0,0,41.7165
1,6,23,0,0,41.6884
1,7,23,0,0,41.6583
1,8,23,0,0,41.6265
1,9,23,0,0,41.5932
1,10,23,0,0,41.5589
1,11,23,0,0,41.5237
1,12,23,0,0,41.488
1,13,23,0,0,41.452
1,14,23,0,0,41.4158
1,15,23,0,0,41.3798
1,16,23,0,0,41.3439
1,17,23,0,0,41.3085
1,18,23,0,0,41.2736
1,19,23,0,0,41.2395
1,20,23,0,0,41.2063
1,21,23,0,0,41.174
1,22,23,0,0,41.1429
1,23,23,0,0,41.1127
1,24,23,0,0,41.0837
1,25,23,0,0,41.0557
1,26,23,0,0,41.0286
1,27,23,0,0,41.0025
1,28,23,0,0,40.9773
1,29,23,0,0,40.9531
1,30,23,0,0,40.9299
1,31,23,0,0,40.9078
1,32,23,0,0,40.8866
1,33,23,0,0,40.8665
1,34,23,0,0,40.8474
1,35,23,0,0,40.8292
1,36,23,0,0,40.8121
1,37,23,0,0,40.7957
1,38,23,0,0,40.7803
1,39,23,0,0,40.7656
1,40,23,0,0,40.7516
1,41,23,0,0,40.7384
1,42,23,0,0,40.7258
1,43,23,0,0,40.7139
1,44,23,0,0,40.7027
1,45,23,0,0,40.6921
1,46,23,0,0,40.682
1,47,23,0,0,40.6725
1,48,23,0,0,40.6636
1,49,23,0,0,40.6551
1,50,23,0,0,40.647
1,51,23,0,0,40.6395
1,52,23,0,0,40.6323
1,53,23,0,0,40.6256
1,54,23,0,0,40.6192
1,55,23,0,0,40.6131
1,56,23,0,0,40.6074
1,57,23,0,0,40.6019
1,58,23,0,0,40.5967
1,59,23,0,0,40.5917
1,60,23,0,0,40.587
1,61,23,0,0,40.5825
1,62,23,0,0,40.5783
1,63,23,0,0,40.5745
1,64,23,0,0,40.5709
1,65,23,0,0,40.5677
1,66,23,0,0,40.5647
1,67,23,0,0,40.562
1,68,23,0,0,40.5595
1,69,23,0,0,40.5572
1,70,23,0,0,40.5551
1,71,23,0,0,40.553
1,72,23,0,0,40.5511
1,73,23,0,0,40.5493
1,74,23,0,0,40.5477
1,75,23,0,0,40.5461
1,76,23,0,0,40.5446
1,77,23,0,0,40.5432
1,78,23,0,0,40.5419
1,79,23,0,0,40.5408
1,80,23,0,0,40.5398
1,81,23,0,0,40.5389
1,82,23,0,0,40.5381
1,83,23,0,0,40.5374
1,84,23,0,0,40.5368
1,85,23,0,0,40.5361
1,86,23,0,0,40.5355
1,87,23,0,0,40.5348
1,88,23,0,0,40.5341
1,89,23,0,0,40.5333
1,90,23,0,0,40.5325
1,91,23,0,0,40.5315
1,92,23,0,0,40.5305
1,93,23,0,0,40.5293
1,94,23,0,0,40.528
1,95,23,0,0,40.5267
1,96,23,0,0,40.5253
1,97,23,0,0,40.5238
1,98,23,0,0,40.5223
1,99,23,0,0,40.5208
1,100,23,0,0,40.5193
1,101,23,0,0,40.5177
1,102,23,0,0,40.5161
1,103,23,0,0,40.5145
1,104,23,0,0,40.5129
1,105,23,0,0,40.5114
1,106,23,0,0,40.51
1,107,23,0,0,40.5087
1,108,23,0,0,40.5074
1,109,23,0,0,40.5062
1,110,23,0,0,40.505
1,111,23,0,0,40.5038
1,112,23,0,0,40.5027
1,113,23,0,0,40.5017
1,114,23,0,0,40.5007
1,115,23,0,0,40.4997
1,116,23,0,0,40.4989
1,117,23,0,0,40.4981
1,118,23,0,0,40.4973
1,119,23,0,0,40.4965
1,120,23,0,0,40.4957
1,121,23,0,0,40.4948
1,122,23,0,0,40.4938
1,123,23,0,0,40.4927
1,124,23,0,0,40.4916
1,125,23,0,0,40.4906
1,126,23,0,0,40.4897
1,127,23,0,0,40.4891
1,0,24,0,6.18169e-05,41.7303
1,1,24,0,0,41.7157
1,2,24,0,0,41.6988
1,3,24,0,0,41.6796
1,4,24,0,0,41.6581
1,5,24,0,0,41.6346
1,6,24,0,0,41.609
1,7,24,0,0,41.5816
1,8,24,0,0,41.5527
1,9,24,0,0,41.5225
1,10,24,0,0,41.4913
1,11,24,0,0,41.4592
1,12,24,0,0,41.4266
1,13,24,0,0,41.3936
1,14,24,0,0,41.3604
1,15,24,0,0,41.3273
1,16,24,0,0,41.2943
1,17,24,0,0,41.2616
1,18,24,0,0,41.2295
1,19,24,0,0,41.1979
1,20,24,0,0,41.1672
1,21,24,0,0,41.1372
1,22,24,0,0,41.1082
1,23,24,0,0,41.0801
1,24,24,0,0,41.0529
1,25,24,0,0,41.0266
1,26,24,0,0,41.0012
1,27,24,0,0,40.9768
1,28,24,0,0,40.9531
1,29,24,0,0,40.9304
1,30,24,0,0,40.9085
1,31,24,0,0,40.8876
1,32,24,0,0,40.8676
1,33,24,0,0,40.8485
1,34,24,0,0,40.8303
1,35,24,0,0,40.8131
1,36,24,0,0,40.7967
1,37,24,0,0,40.7811
1,38,24,0,0,40.7664
1,39,24,0,0,40.7525
1,40,24,0,0,40.7392
1,41,24,0,0,40.7266
1,42,24,0,0,40.7147
1,43,24,0,0,40.7034
1,44,24,0,0,40.6927
1,45,24,0,0,40.6826
1,46,24,0,0,40.6731
1,47,24,0,0,40.664
1,48,24,0,0,40.6555
1,49,24,0,0,40.6474
1,50,24,0,0,40.6398
1,51,24,0,0,40.6326
1,52,24,0,0,40.6257
1,53,24,0,0,40.6193
1,54,24,0,0,40.6132
1,55,24,0,0,40.6073
1,56,24,0,0,40.6018
1,57,24,0,0,40.5965
1,58,24,0,0,40.5914
1,59,24,0,0,40.5866
1,60,24,0,0,40.5821
1,61,24,0,0,40.5778
1,62,24,0,0,40.5738
1,63,24,0,0,40.5701
1,64,24,0,0,40.5667
1,65,24,0,0,40.5636
1,66,24,0,0,40.5607
1,67,24,0,0,40.558
1,68,24,0,0,40.5555
1,69,24,0,0,40.5532
1,70,24,0,0,40.5511
1,71,24,0,0,40.549
1,72,24,0,0,40.5471
1,73,24,0,0,40.5453
1,74,24,0,0,40.5435
1,75,24,0,0,40.5419
1,76,24,0,0,40.5404
1,77,24,0,0,40.539
1,78,24,0,0,40.5377
1,79,24,0,0,40.5366
1,80,24,0,0,40.5357
1,81,24,0,0,40.5349
1,82,24,0,0,40.5342
1,83,24,0,0,40.5337
1,84,24,0,0,40.5332
1,85,24,0,0,40.5327
1,86,24,0,0,40.5322
1,87,24,0,0,40.5316
1,88,24,0,0,40.531
1,89,24,0,0,40.5303
1,90,24,0,0,40.5295
1,91,24,0,0,40.5286
1,92,24,0,0,40.5275
1,93,24,0,0,40.5264
1,94,24,0,0,40.5251
1,95,24,0,0,40.5237
1,96,24,0,0,40.5223
1,97,24,0,0,40.5208
1,98,24,0,0,40.5193
1,99,24,0,0,40.5177
1,100,24,0,0,40.5161
1,101,24,0,0,40.5145
1,102,24,0,0,40.5129
1,103,24,0,0,40.5113
1,104,24,0,0,40.5098
1,105,24,0,0,40.5083
1,106,24,0,0,40.5069
1,107,24,0,0,40.5056
1,108,24,0,0,40.5044
1,109,24,0,0,40.5032
1,110,24,0,0,40.5021
1,111,24,0,0,40.501
1,112,24,0,0,40.5
1,113,24,0,0,40.499
1,114,24,0,0,40.498
1,115,24,0,0,40.4971
1,116,24,0,0,40.4962
1,117,24,0,0,40.4955
1,118,24,0,0,40.4947
1,119,24,0,0,40.494
1,120,24,0,0,40.4932
1,121,24,0,0,40.4924
1,122,24,0,0,40.4915
1,123,24,0,0,40.4906
1,124,24,0,0,40.4897
1,125,24,0,0,40.4888
1,126,24,0,0,40.4881
1,127,24,0,0,40.4876
1,0,25,0,6.18169e-05,41.6492
1,1,25,0,0,41.6353
1,2,25,0,0,41.6195
1,3,25,0,0,41.6017
1,4,25,0,0,41.582
1,5,25,0,0,41.5604
1,6,25,0,0,41.5371
1,7,25,0,0,41.5122
1,8,25,0,0,41.4858
1,9,25,0,0,41.4583
1,10,25,0,0,41.4297
1,11,25,0,0,41.4004
1,12,25,0,0,41.3705
1,13,25,0,0,41.3403
1,14,25,0,0,41.3098
1,15,25,0,0,41.2793
1,16,25,0,0,41.2489
1,17,25,0,0,41.2187
1,18,25,0,0,41.189
1,19,25,0,0,41.1598
1,20,25,0,0,41.1313
1,21,25,0,0,41.1035
1,22,25,0,0,41.0764
1,23,25,0,0,41.0502
1,24,25,0,0,41.0249
1,25,25,0,0,41.0003
1,26,25,0,0,40.9765
1,27,25,0,0,40.9536
1,28,25,0,0,40.9314
1,29,25,0,0,40.91
1,30,25,0,0,40.8894
1,31,25,0,0,40.8696
1,32,25,0,0,40.8507
1,33,25,0,0,40.8326
1,34,25,0,0,40.8153
1,35,25,0,0,40.7989
1,36,25,0,0,40.7833
1,37,25,0,0,40.7685
1,38,25,0,0,40.7545
1,39,25,0,0,40.7413
1,40,25,0,0,40.7287
1,41,25,0,0,40.7168
1,42,25,0,0,40.7055
1,43,25,0,0,40.6948
1,44,25,0,0,40.6847
1,45,25,0,0,40.6751
1,46,25,0,0,40.666
1,47,25,0,0,40.6574
1,48,25,0,0,40.6493
1,49,25,0,0,40.6417
1,50,25,0,0,40.6344
1,51,25,0,0,40.6276
1,52,25,0,0,40.6211
1,53,25,0,0,40.6149
1,54,25,0,0,40.609
1,55,25,0,0,40.6034
1,56,25,0,0,40.5981
1,57,25,0,0,40.593
1,58,25,0,0,40.5881
1,59,25,0,0,40.5834
1,60,25,0,0,40.5791
1,61,25,0,0,40.575
1,62,25,0,0,40.5711
1,63,25,0,0,40.5676
1,64,25,0,0,40.5643
1,65,25,0,0,40.5612
1,66,25,0,0,40.5584
1,67,25,0,0,40.5558
1,68,25,0,0,40.5534
1,69,25,0,0,40.5511
1,70,25,0,0,40.549
1,71,25,0,0,40.5469
1,72,25,0,0,40.545
1,73,25,0,0,40.5431
1,74,25,0,0,40.5413
1,75,25,0,0,40.5396
1,76,25,0,0,40.538
1,77,25,0,0,40.5366
1,78,25,0,0,40.5353
1,79,25,0,0,40.5342
1,80,25,0,0,40.5333
1,81,25,0,0,40.5327
1,82,25,0,0,40.5322
1,83,25,0,0,40.5318
1,84,25,0,0,40.5315
1,85,25,0,0,40.5312
1,86,25,0,0,40.5309
1,87,25,0,0,40.5305
1,88,25,0,0,40.5299
1,89,25,0,0,40.5293
1,90,25,0,0,40.5285
1,91,25,0,0,40.5277
1,92,25,0,0,40.5266
1,93,25,0,0,40.5255
1,94,25,0,0,40.5242
1,95,25,0,0,40.5228
1,96,25,0,0,40.5214
1,97,25,0,0,40.5198
1,98,25,0,0,40.5182
1,99,25,0,0,40.5166
1,100,25,0,0,40.5149
1,101,25,0,0,40.5133
1,102,25,0,0,40.5116
1,103,25,0,0,40.51
1,104,25,0,0,40.5084
1,105,25,0,0,40.507
1,106,25,0,0,40.5056
1,107,25,0,0,40.5044
1,108,25,0,0,40.5032
1,109,25,0,0,40.5021
1,110,25,0,0,40.5011
1,111,25,0,0,40.5
1,112,25,0,0,40.499
1,113,25,0,0,40.498
1,114,25,0,0,40.4971
1,115,25,0,0,40.4962
1,116,25,0,0,40.4954
1,117,25,0,0,40.4946
1,118,25,0,0,40.4939
1,119,25,0,0,40.4933
1,120,25,0,0,40.4926
1,121,25,0,0,40.4919
1,122,25,0,0,40.4911
1,123,25,0,0,40.4903
1,124,25,0,0,40.4895
1,125,25,0,0,40.4887
1,126,25,0,0,40.488
1,127,25,0,0,40.4876
1,0,26,0,6.18169e-05,41.5758
1,1,26,0,0,41.5627
1,2,26,0,0,41.5479
1,3,26,0,0,41.5315
1,4,26,0,0,41.5134
1,5,26,0,0,41.4936
1,6,26,0,0,41.4723
1,7,26,0,0,41.4494
1,8,26,0,0,41.4253
1,9,26,0,0,41.4001
1,10,26,0,0,41.374
1,11,26,0,0,41.3471
1,12,26,0,0,41.3197
1,13,26,0,0,41.2918
1,14,26,0,0,41.2638
1,15,26,0,0,41.2356
1,16,26,0,0,41.2075
1,17,26,0,0,41.1796
1,18,26,0,0,41.1521
1,19,26,0,0,41.1251
1,20,26,0,0,41.0986
1,21,26,0,0,41.0728
1,22,26,0,0,41.0477
1,23,26,0,0,41.0233
1,24,26,0,0,40.9996
1,25,26,0,0,40.9767
1,26,26,0,0,40.9544
1,27,26,0,0,40.9329
1,28,26,0,0,40.9121
1,29,26,0,0,40.892
1,30,26,0,0,40.8726
1,31,26,0,0,40.8539
1,32,26,0,0,40.8359
1,33,26,0,0,40.8187
1,34,26,0,0,40.8023
1,35,26,0,0,40.7866
1,36,26,0,0,40.7718
1,37,26,0,0,40.7578
1,38,26,0,0,40.7446
1,39,26,0,0,40.732
1,40,26,0,0,40.7202
1,41,26,0,0,40.7089
1,42,26,0,0,40.6983
1,43,26,0,0,40.6881
1,44,26,0,0,40.6785
1,45,26,0,0,40.6694
1,46,26,0,0,40.6608
1,47,26,0,0,40.6527
1,48,26,0,0,40.645
1,49,26,0,0,40.6378
1,50,26,0,0,40.631
1,51,26,0,0,40.6245
1,52,26,0,0,40.6183
1,53,26,0,0,40.6125
1,54,26,0,0,40.6068
1,55,26,0,0,40.6015
1,56,26,0,0,40.5963
1,57,26,0,0,40.5913
1,58,26,0,0,40.5866
1,59,26,0,0,40.5821
1,60,26,0,0,40.5779
1,61,26,0,0,40.5739
1,62,26,0,0,40.5702
1,63,26,0,0,40.5668
1,64,26,0,0,40.5636
1,65,26,0,0,40.5607
1,66,26,0,0,40.558
1,67,26,0,0,40.5555
1,68,26,0,0,40.5532
1,69,26,0,0,40.5509
1,70,26,0,0,40.5488
1,71,26,0,0,40.5468
1,72,26,0,0,40.5448
1,73,26,0,0,40.5428
1,74,26,0,0,40.541
1,75,26,0,0,40.5392
1,76,26,0,0,40.5375
1,77,26,0,0,40.536
1,78,26,0,0,40.5346
1,79,26,0,0,40.5336
1,80,26,0,0,40.5328
1,81,26,0,0,40.5323
1,82,26,0,0,40.532
1,83,26,0,0,40.5318
1,84,26,0,0,40.5318
1,85,26,0,0,40.5317
1,86,26,0,0,40.5316
1,87,26,0,0,40.5314
1,88,26,0,0,40.531
1,89,26,0,0,40.5304
1,90,26,0,0,40.5297
1,91,26,0,0,40.5288
1,92,26,0,0,40.5278
1,93,26,0,0,40.5267
1,94,26,0,0,40.5254
1,95,26,0,0,40.5239
1,96,26,0,0,40.5224
1,97,26,0,0,40.5208
1,98,26,0,0,40.5192
1,99,26,0,0,40.5174
1,100,26,0,0,40.5157
1,101,26,0,0,40.5139
1,102,26,0,0,40.5122
1,103,26,0,0,40.5105
1,104,26,0,0,40.5089
1,105,26,0,0,40.5074
1,106,26,0,0,40.5061
1,107,26,0,0,40.5049
1,108,26,0,0,40.5038
1,109,26,0,0,40.5028
1,110,26,0,0,40.5018
1,111,26,0,0,40.5008
1,112,26,0,0,40.4999
1,113,26,0,0,40.4989
1,114,26,0,0,40.4979
1,115,26,0,0,40.4971
1,116,26,0,0,40.4963
1,117,26,0,0,40.4956
1,118,26,0,0,40.495
1,119,26,0,0,40.4944
1,120,26,0,0,40.4938
1,121,26,0,0,40.4932
1,122,26,0,0,40.4925
1,123,26,0,0,40.4918
1,124,26,0,0,40.491
1,125,26,0,0,40.4903
1,126,26,0,0,40.4896
1,127,26,0,0,40.4891
1,0,27,0,6.18169e-05,41.5097
1,1,27,0,0,41.4973
1,2,27,0,0,41.4836
1,3,27,0,0,41.4684
1,4,27,0,0,41.4518
1,5,27,0,0,41.4337
1,6,27,0,0,41.4141
1,7,27,0,0,41.3931
1,8,27,0,0,41.371
1,9,27,0,0,41.3478
1,10,27,0,0,41.3238
1,11,27,0,0,41.2991
1,12,27,0,0,41.2738
1,13,27,0,0,41.2482
1,14,27,0,0,41.2223
1,15,27,0,0,41.1962
1,16,27,0,0,41.1702
1,17,27,0,0,41.1443
1,18,27,0,0,41.1188
1,19,27,0,0,41.0937
1,20,27,0,0,41.0691
1,21,27,0,0,41.0451
1,22,27,0,0,41.0218
1,23,27,0,0,40.9991
1,24,27,0,0,40.9771
1,25,27,0,0,40.9557
1,26,27,0,0,40.935
1,27,27,0,0,40.9149
1,28,27,0,0,40.8954
1,29,27,0,0,40.8765
1,30,27,0,0,40.8582
1,31,27,0,0,40.8405
1,32,27,0,0,40.8234
1,33,27,0,0,40.807
1,34,27,0,0,40.7913
1,35,27,0,0,40.7764
1,36,27,0,0,40.7623
1,37,27,0,0,40.749
1,38,27,0,0,40.7365
1,39,27,0,0,40.7247
1,40,27,0,0,40.7136
1,41,27,0,0,40.703
1,42,27,0,0,40.693
1,43,27,0,0,40.6834
1,44,27,0,0,40.6743
1,45,27,0,0,40.6657
1,46,27,0,0,40.6575
1,47,27,0,0,40.6499
1,48,27,0,0,40.6427
1,49,27,0,0,40.6359
1,50,27,0,0,40.6294
1,51,27,0,0,40.6233
1,52,27,0,0,40.6175
1,53,27,0,0,40.612
1,54,27,0,0,40.6066
1,55,27,0,0,40.6015
1,56,27,0,0,40.5965
1,57,27,0,0,40.5917
1,58,27,0,0,40.587
1,59,27,0,0,40.5826
1,60,27,0,0,40.5785
1,61,27,0,0,40.5747
1,62,27,0,0,40.5712
1,63,27,0,0,40.5679
1,64,27,0,0,40.5648
1,65,27,0,0,40.562
1,66,27,0,0,40.5594
1,67,27,0,0,40.557
1,68,27,0,0,40.5548
1,69,27,0,0,40.5527
1,70,27,0,0,40.5506
1,71,27,0,0,40.5485
1,72,27,0,0,40.5465
1,73,27,0,0,40.5445
1,74,27,0,0,40.5425
1,75,27,0,0,40.5406
1,76,27,0,0,40.5388
1,77,27,0,0,40.5371
1,78,27,0,0,40.5357
1,79,27,0,0,40.5346
1,80,27,0,0,40.5339
1,81,27,0,0,40.5336
1,82,27,0,0,40.5335
1,83,27,0,0,40.5337
1,84,27,0,0,40.534
1,85,27,0,0,40.5343
1,86,27,0,0,40.5344
1,87,27,0,0,40.5344
1,88,27,0,0,40.5341
1,89,27,0,0,40.5337
1,90,27,0,0,40.533
1,91,27,0,0,40.5321
1,92,27,0,0,40.5311
1,93,27,0,0,40.5299
1,94,27,0,0,40.5286
1,95,27,0,0,40.5271
1,96,27,0,0,40.5255
1,97,27,0,0,40.5238
1,98,27,0,0,40.522
1,99,27,0,0,40.5202
1,100,27,0,0,40.5183
1,101,27,0,0,40.5164
1,102,27,0,0,40.5145
1,103,27,0,0,40.5127
1,104,27,0,0,40.5111
1,105,27,0,0,40.5096
1,106,27,0,0,40.5083
1,107,27,0,0,40.5072
1,108,27,0,0,40.5062
1,109,27,0,0,40.5054
1,110,27,0,0,40.5045
1,111,27,0,0,40.5035
1,112,27,0,0,40.5025
1,113,27,0,0,40.5015
1,114,27,0,0,40.5006
1,115,27,0,0,40.4997
1,116,27,0,0,40.4989
1,117,27,0,0,40.4983
1,118,27,0,0,40.4978
1,119,27,0,0,40.4973
1,120,27,0,0,40.4969
1,121,27,0,0,40.4964
1,122,27,0,0,40.4959
1,123,27,0,0,40.4952
1,124,27,0,0,40.4944
1,125,27,0,0,40.4936
1,126,27,0,0,40.4928
1,127,27,0,0,40.4922
1,0,28,0,6.18169e-05,41.4502
1,1,28,0,0,41.4386
1,2,28,0,0,41.426
1,3,28,0,0,41.4121
1,4,28,0,0,41.3969
1,5,28,0,0,41.3803
1,6,28,0,0,41.3622
1,7,28,0,0,41.343
1,8,28,0,0,41.3226
1,9,28,0,0,41.3012
1,10,28,0,0,41.279
1,11,28,0,0,41.2561
1,12,28,0,0,41.2328
1,13,28,0,0,41.2091
1,14,28,0,0,41.1852
1,15,28,0,0,41.161
1,16,28,0,0,41.1368
1,17,28,0,0,41.1127
1,18,28,0,0,41.0889
1,19,28,0,0,41.0655
1,20,28,0,0,41.0427
1,21,28,0,0,41.0205
1,22,28,0,0,40.9989
1,23,28,0,0,40.9779
1,24,28,0,0,40.9574
1,25,28,0,0,40.9375
1,26,28,0,0,40.9182
1,27,28,0,0,40.8994
1,28,28,0,0,40.8812
1,29,28,0,0,40.8634
1,30,28,0,0,40.8462
1,31,28,0,0,40.8294
1,32,28,0,0,40.8131
1,33,28,0,0,40.7974
1,34,28,0,0,40.7823
1,35,28,0,0,40.7681
1,36,28,0,0,40.7547
1,37,28,0,0,40.7421
1,38,28,0,0,40.7304
1,39,28,0,0,40.7194
1,40,28,0,0,40.709
1,41,28,0,0,40.6991
1,42,28,0,0,40.6897
1,43,28,0,0,40.6807
1,44,28,0,0,40.6721
1,45,28,0,0,40.6639
1,46,28,0,0,40.6561
1,47,28,0,0,40.6489
1,48,28,0,0,40.6422
1,49,28,0,0,40.6359
1,50,28,0,0,40.6299
1,51,28,0,0,40.6242
1,52,28,0,0,40.6187
1,53,28,0,0,40.6135
1,54,28,0,0,40.6085
1,55,28,0,0,40.6035
1,56,28,0,0,40.5987
1,57,28,0,0,40.5939
1,58,28,0,0,40.5894
1,59,28,0,0,40.585
1,60,28,0,0,40.581
1,61,28,0,0,40.5773
1,62,28,0,0,40.5739
1,63,28,0,0,40.5708
1,64,28,0,0,40.5678
1,65,28,0,0,40.5652
1,66,28,0,0,40.5627
1,67,28,0,0,40.5605
1,68,28,0,0,40.5584
1,69,28,0,0,40.5564
1,70,28,0,0,40.5543
1,71,28,0,0,40.5523
1,72,28,0,0,40.5502
1,73,28,0,0,40.5481
1,74,28,0,0,40.546
1,75,28,0,0,40.5439
1,76,28,0,0,40.5419
1,77,28,0,0,40.54
1,78,28,0,0,40.5384
1,79,28,0,0,40.5372
1,80,28,0,0,40.5366
1,81,28,0,0,40.5366
1,82,28,0,0,40.5369
1,83,28,0,0,40.5375
1,84,28,0,0,40.5382
1,85,28,0,0,40.5389
1,86,28,0,0,40.5394
1,87,28,0,0,40.5396
1,88,28,0,0,40.5395
1,89,28,0,0,40.5391
1,90,28,0,0,40.5385
1,91,28,0,0,40.5376
1,92,28,0,0,40.5366
1,93,28,0,0,40.5354
1,94,28,0,0,40.5339
1,95,28,0,0,40.5324
1,96,28,0,0,40.5307
1,97,28,0,0,40.5289
1,98,28,0,0,40.5269
1,99,28,0,0,40.525
1,100,28,0,0,40.5229
1,101,28,0,0,40.5208
1,102,28,0,0,40.5187
1,103,28,0,0,40.5168
1,104,28,0,0,40.515
1,105,28,0,0,40.5135
1,106,28,0,0,40.5122
1,107,28,0,0,40.5113
1,108,28,0,0,40.5105
1,109,28,0,0,40.5098
1,110,28,0,0,40.509
1,111,28,0,0,40.5081
1,112,28,0,0,40.5071
1,113,28,0,0,40.5061
1,114,28,0,0,40.505
1,115,28,0,0,40.504
1,116,28,0,0,40.5033
1,117,28,0,0,40.5027
1,118,28,0,0,40.5023
1,119,28,0,0,40.5021
1,120,28,0,0,40.5019
1,121,28,0,0,40.5016
1,122,28,0,0,40.5011
1,123,28,0,0,40.5005
1,124,28,0,0,40.4997
1,125,28,0,0,40.4987
1,126,28,0,0,40.4977
1,127,28,0,0,40.4969
1,0,29,0,6.18169e-05,41.3968
1,1,29,0,0,41.3861
1,2,29,0,0,41.3747
1,3,29,0,0,41.3623
1,4,29,0,0,41.3484
1,5,29,0,0,41.3332
1,6,29,0,0,41.3165
1,7,29,0,0,41.2987
1,8,29,0,0,41.2798
1,9,29,0,0,41.26
1,10,29,0,0,41.2393
1,11,29,0,0,41.2181
1,12,29,0,0,41.1965
1,13,29,0,0,41.1747
1,14,29,0,0,41.1525
1,15,29,0,0,41.13
1,16,29,0,0,41.1073
1,17,29,0,0,41.0847
1,18,29,0,0,41.0625
1,19,29,0,0,41.0406
1,20,29,0,0,41.0194
1,21,29,0,0,40.9989
1,22,29,0,0,40.9789
1,23,29,0,0,40.9595
1,24,29,0,0,40.9405
1,25,29,0,0,40.9221
1,26,29,0,0,40.9041
1,27,29,0,0,40.8866
1,28,29,0,0,40.8696
1,29,29,0,0,40.853
1,30,29,0,0,40.8367
1,31,29,0,0,40.8208
1,32,29,0,0,40.8051
1,33,29,0,0,40.7899
1,34,29,0,0,40.7754
1,35,29,0,0,40.7617
1,36,29,0,0,40.7489
1,37,29,0,0,40.7371
1,38,29,0,0,40.7262
1,39,29,0,0,40.716
1,40,29,0,0,40.7064
1,41,29,0,0,40.6972
1,42,29,0,0,40.6884
1,43,29,0,0,40.68
1,44,29,0,0,40.6719
1,45,29,0,0,40.664
1,46,29,0,0,40.6566
1,47,29,0,0,40.6498
1,48,29,0,0,40.6437
1,49,29,0,0,40.6379
1,50,29,0,0,40.6323
1,51,29,0,0,40.627
1,52,29,0,0,40.622
1,53,29,0,0,40.6172
1,54,29,0,0,40.6124
1,55,29,0,0,40.6077
1,56,29,0,0,40.603
1,57,29,0,0,40.5982
1,58,29,0,0,40.5937
1,59,29,0,0,40.5893
1,60,29,0,0,40.5853
1,61,29,0,0,40.5818
1,62,29,0,0,40.5786
1,63,29,0,0,40.5756
1,64,29,0,0,40.5727
1,65,29,0,0,40.5702
1,66,29,0,0,40.5679
1,67,29,0,0,40.5659
1,68,29,0,0,40.564
1,69,29,0,0,40.5621
1,70,29,0,0,40.5602
1,71,29,0,0,40.5582
1,72,29,0,0,40.556
1,73,29,0,0,40.5538
1,74,29,0,0,40.5515
1,75,29,0,0,40.5493
1,76,29,0,0,40.547
1,77,29,0,0,40.5447
1,78,29,0,0,40.5427
1,79,29,0,0,40.5413
1,80,29,0,0,40.5408
1,81,29,0,0,40.5411
1,82,29,0,0,40.542
1,83,29,0,0,40.5433
1,84,29,0,0,40.5445
1,85,29,0,0,40.5457
1,86,29,0,0,40.5467
1,87,29,0,0,40.5472
1,88,29,0,0,40.5472
1,89,29,0,0,40.5468
1,90,29,0,0,40.5462
1,91,29,0,0,40.5454
1,92,29,0,0,40.5443
1,93,29,0,0,40.543
1,94,29,0,0,40.5415
1,95,29,0,0,40.5398
1,96,29,0,0,40.5379
1,97,29,0,0,40.536
1,98,29,0,0,40.5339
1,99,29,0,0,40.5318
1,100,29,0,0,40.5295
1,101,29,0,0,40.5272
1,102,29,0,0,40.5248
1,103,29,0,0,40.5226
1,104,29,0,0,40.5206
1,105,29,0,0,40.519
1,106,29,0,0,40.5178
1,107,29,0,0,40.5171
1,108,29,0,0,40.5166
1,109,29,0,0,40.5161
1,110,29,0,0,40.5156
1,111,29,0,0,40.5148
1,112,29,0,0,40.5137
1,113,29,0,0,40.5125
1,114,29,0,0,40.5112
1,115,29,0,0,40.5101
1,116,29,0,0,40.5093
1,117,29,0,0,40.5088
1,118,29,0,0,40.5087
1,119,29,0,0,40.5087
1,120,29,0,0,40.5088
1,121,29,0,0,40.5088
1,122,29,0,0,40.5085
1,123,29,0,0,40.5078
1,124,29,0,0,40.5069
1,125,29,0,0,40.5057
1,126,29,0,0,40.5044
1,127,29,0,0,40.5031
1,0,30,0,6.18169e-05,41.3488
1,1,30,0,0,41.3395
1,2,30,0,0,41.3295
1,3,30,0,0,41.3187
1,4,30,0,0,41.3062
1,5,30,0,0,41.2923
1,6,30,0,0,41.2767
1,7,30,0,0,41.26
1,8,30,0,0,41.2426
1,9,30,0,0,41.2241
1,10,30,0,0,41.2046
1,11,30,0,0,41.1847
1,12,30,0,0,41.1648
1,13,30,0,0,41.1447
1,14,30,0,0,41.1243
1,15,30,0,0,41.1032
1,16,30,0,0,41.0817
1,17,30,0,0,41.0603
1,18,30,0,0,41.0393
1,19,30,0,0,41.0188
1,20,30,0,0,40.9991
1,21,30,0,0,40.9802
1,22,30,0,0,40.962
1,23,30,0,0,40.944
1,24,30,0,0,40.9266
1,25,30,0,0,40.9094
1,26,30,0,0,40.8927
1,27,30,0,0,40.8765
1,28,30,0,0,40.8609
1,29,30,0,0,40.8452
1,30,30,0,0,40.8298
1,31,30,0,0,40.8148
1,32,30,0,0,40.7997
1,33,30,0,0,40.7847
1,34,30,0,0,40.7703
1,35,30,0,0,40.7572
1,36,30,0,0,40.745
1,37,30,0,0,40.7338
1,38,30,0,0,40.7238
1,39,30,0,0,40.7147
1,40,30,0,0,40.7059
1,41,30,0,0,40.6975
1,42,30,0,0,40.6894
1,43,30,0,0,40.6815
1,44,30,0,0,40.6738
1,45,30,0,0,40.6662
1,46,30,0,0,40.6588
1,47,30,0,0,40.6526
1,48,30,0,0,40.6472
1,49,30,0,0,40.6421
1,50,30,0,0,40.6368
1,51,30,0,0,40.6318
1,52,30,0,0,40.6273
1,53,30,0,0,40.623
1,54,30,0,0,40.6186
1,55,30,0,0,40.6143
1,56,30,0,0,40.6095
1,57,30,0,0,40.6047
1,58,30,0,0,40.5999
1,59,30,0,0,40.5954
1,60,30,0,0,40.5914
1,61,30,0,0,40.588
1,62,30,0,0,40.5851
1,63,30,0,0,40.5824
1,64,30,0,0,40.5795
1,65,30,0,0,40.577
1,66,30,0,0,40.5749
1,67,30,0,0,40.5733
1,68,30,0,0,40.5717
1,69,30,0,0,40.5701
1,70,30,0,0,40.5682
1,71,30,0,0,40.5663
1,72,30,0,0,40.564
1,73,30,0,0,40.5616
1,74,30,0,0,40.5591
1,75,30,0,0,40.5567
1,76,30,0,0,40.5541
1,77,30,0,0,40.551
1,78,30,0,0,40.5483
1,79,30,0,0,40.5466
1,80,30,0,0,40.5462
1,81,30,0,0,40.5471
1,82,30,0,0,40.5488
1,83,30,0,0,40.5511
1,84,30,0,0,40.553
1,85,30,0,0,40.5549
1,86,30,0,0,40.5566
1,87,30,0,0,40.5575
1,88,30,0,0,40.5574
1,89,30,0,0,40.5569
1,90,30,0,0,40.5563
1,91,30,0,0,40.5554
1,92,30,0,0,40.5543
1,93,30,0,0,40.553
1,94,30,0,0,40.5513
1,95,30,0,0,40.5494
1,96,30,0,0,40.5474
1,97,30,0,0,40.5453
1,98,30,0,0,40.543
1,99,30,0,0,40.5407
1,100,30,0,0,40.5383
1,101,30,0,0,40.5356
1,102,30,0,0,40.5328
1,103,30,0,0,40.53
1,104,30,0,0,40.5278
1,105,30,0,0,40.526
1,106,30,0,0,40.5249
1,107,30,0,0,40.5246
1,108,30,0,0,40.5245
1,109,30,0,0,40.5246
1,110,30,0,0,40.5243
1,111,30,0,0,40.5236
1,112,30,0,0,40.5223
1,113,30,0,0,40.5208
1,114,30,0,0,40.5192
1,115,30,0,0,40.5178
1,116,30,0,0,40.5169
1,117,30,0,0,40.5165
1,118,30,0,0,40.5168
1,119,30,0,0,40.5173
1,120,30,0,0,40.5179
1,121,30,0,0,40.5182
1,122,30,0,0,40.5181
1,123,30,0,0,40.5174
1,124,30,0,0,40.5164
1,125,30,0,0,40.5147
1,126,30,0,0,40.5128
1,127,30,0,0,40.5109
1,0,31,0,6.18169e-05,41.3059
1,1,31,0,0,41.2983
1,2,31,0,0,41.2901
1,3,31,0,0,41.2815
1,4,31,0,0,41.2702
1,5,31,0,0,41.258
1,6,31,0,0,41.2425
1,7,31,0,0,41.2266
1,8,31,0,0,41.2109
1,9,31,0,0,41.1935
1,10,31,0,0,41.1746
1,11,31,0,0,41.1556
1,12,31,0,0,41.1374
1,13,31,0,0,41.1191
1,14,31,0,0,41.1009
1,15,31,0,0,41.0806
1,16,31,0,0,41.0598
1,17,31,0,0,41.0392
1,18,31,0,0,41.0194
1,19,31,0,0,40.9998
1,20,31,0,0,40.9815
1,21,31,0,0,40.9645
1,22,31,0,0,40.9481
1,23,31,0,0,40.9316
1,24,31,0,0,40.9156
1,25,31,0,0,40.8995
1,26,31,0,0,40.884
1,27,31,0,0,40.869
1,28,31,0,0,40.8553
1,29,31,0,0,40.8404
1,30,31,0,0,40.8256
1,31,31,0,0,40.8119
1,32,31,0,0,40.797
1,33,31,0,0,40.7817
1,34,31,0,0,40.7667
1,35,31,0,0,40.7544
1,36,31,0,0,40.7428
1,37,31,0,0,40.7319
1,38,31,0,0,40.7233
1,39,31,0,0,40.7155
1,40,31,0,0,40.7078
1,41,31,0,0,40.6999
1,42,31,0,0,40.6926
1,43,31,0,0,40.6854
1,44,31,0,0,40.6783
1,45,31,0,0,40.6705
1,46,31,0,0,40.6624
1,47,31,0,0,40.6568
1,48,31,0,0,40.653
1,49,31,0,0,40.6488
1,50,31,0,0,40.6434
1,51,31,0,0,40.6386
1,52,31,0,0,40.635
1,53,31,0,0,40.6313
1,54,31,0,0,40.6272
1,55,31,0,0,40.6235
1,56,31,0,0,40.6184
1,57,31,0,0,40.6132
1,58,31,0,0,40.6083
1,59,31,0,0,40.6033
1,60,31,0,0,40.5992
1,61,31,0,0,40.5959
1,62,31,0,0,40.5938
1,63,31,0,0,40.5916
1,64,31,0,0,40.5882
1,65,31,0,0,40.5856
1,66,31,0,0,40.5835
1,67,31,0,0,40.5829
1,68,31,0,0,40.5817
1,69,31,0,0,40.5804
1,70,31,0,0,40.5785
1,71,31,0,0,40.5769
1,72,31,0,0,40.5741
1,73,31,0,0,40.5718
1,74,31,0,0,40.5688
1,75,31,0,0,40.5665
1,76,31,0,0,40.5637
1,77,31,0,0,40.5592
1,78,31,0,0,40.555
1,79,31,0,0,40.5528
1,80,31,0,0,40.5525
1,81,31,0,0,40.5542
1,82,31,0,0,40.5572
1,83,31,0,0,40.5614
1,84,31,0,0,40.5635
1,85,31,0,0,40.5665
1,86,31,0,0,40.5695
1,87,31,0,0,40.5708
1,88,31,0,0,40.5703
1,89,31,0,0,40.5691
1,90,31,0,0,40.5688
1,91,31,0,0,40.5679
1,92,31,0,0,40.5666
1,93,31,0,0,40.5655
1,94,31,0,0,40.5635
1,95,31,0,0,40.5613
1,96,31,0,0,40.5591
1,97,31,0,0,40.5568
1,98,31,0,0,40.5543
1,99,31,0,0,40.5517
1,100,31,0,0,40.5496
1,101,31,0,0,40.5461
1,102,31,0,0,40.5428
1,103,31,0,0,40.5391
1,104,31,0,0,40.5365
1,105,31,0,0,40.5344
1,106,31,0,0,40.5333
1,107,31,0,0,40.5338
1,108,31,0,0,40.5345
1,109,31,0,0,40.5353
1,110,31,0,0,40.5355
1,111,31,0,0,40.5351
1,112,31,0,0,40.5332
1,113,31,0,0,40.5313
1,114,31,0,0,40.529
1,115,31,0,0,40.5271
1,116,31,0,0,40.5259
1,117,31,0,0,40.5256
1,118,31,0,0,40.5266
1,119,31,0,0,40.5276
1,120,31,0,0,40.5293
1,121,31,0,0,40.5301
1,122,31,0,0,40.5302
1,123,31,0,0,40.5295
1,124,31,0,0,40.5284
1,125,31,0,0,40.5259
1,126,31,0,0,40.5233
1,127,31,0,0,40.5201
1,0,32,0,0.000143627,41.2677
1,1,32,0,7.75794e-05,41.2626
1,2,32,0,4.0905e-05,41.2558
1,3,32,0,0.000138146,41.2518
1,4,32,0,4.0905e-05,41.2396
1,5,32,0,0.000202851,41.2315
1,6,32,0,8.38299e-05,41.2132
1,7,32,0,7.8462e-05,41.1976
1,8,32,0,0.000148608,41.1855
1,9,32,0,0.000117693,41.1688
1,10,32,0,8.0136e-05,41.149
1,11,32,0,8.181e-05,41.1301
1,12,32,0,9.89145e-05,41.1141
1,13,32,0,7.8462e-05,41.0975
1,14,32,0,0.000161946,41.0835
1,15,32,0,0.000100588,41.0626
1,16,32,0,6.90272e-05,41.0416
1,17,32,0,5.80095e-05,41.0212
1,18,32,0,8.0136e-05,41.0029
1,19,32,0,6.13575e-05,40.9832
1,20,32,0,5.80095e-05,40.966
1,21,32,0,7.50229e-05,40.9518
1,22,32,0,7.8462e-05,40.9377
1,23,32,0,8.181e-05,40.922
1,24,32,0,0.000106584,40.908
1,25,32,0,9.55665e-05,40.8926
1,26,32,0,9.72405e-05,40.878
1,27,32,0,5.96835e-05,40.8634
1,28,32,0,0.00015525,40.854
1,29,32,0,8.0136e-05,40.8384
1,30,32,0,5.80095e-05,40.8235
1,31,32,0,0.000145815,40.8131
1,32,32,0,0.000115509,40.7977
1,33,32,0,9.72405e-05,40.7813
1,34,32,0,7.66969e-06,40.7634
1,35,32,0,9.89145e-05,40.7538
1,36,32,0,8.26926e-05,40.7426
1,37,32,0,2.04525e-05,40.7306
1,38,32,0,6.22401e-05,40.7244
1,39,32,0,7.8462e-05,40.7191
1,40,32,0,8.181e-05,40.7126
1,41,32,0,3.7557e-05,40.7044
1,42,32,0,7.6788e-05,40.6984
1,43,32,0,8.0136e-05,40.6918
1,44,32,0,0.000100588,40.6861
1,45,32,0,0.000100588,40.6775
1,46,32,0,2.04525e-05,40.6661
1,47,32,0,3.9231e-05,40.6617
1,48,32,0,0.000119367,40.6617
1,49,32,0,0.000121924,40.6591
1,50,32,0,7.30941e-05,40.6519
1,51,32,0,4.0905e-05,40.6468
1,52,32,0,4.69007e-05,40.645
1,53,32,0,0.000116019,40.6424
1,54,32,0,8.0136e-05,40.6377
1,55,32,0,0.000160272,40.6367
1,56,32,0,8.78512e-05,40.6298
1,57,32,0,0.000102262,40.6241
1,58,32,0,0.000115928,40.619
1,59,32,0,6.13575e-05,40.6126
1,60,32,0,7.6788e-05,40.6086
1,61,32,0,5.80095e-05,40.605
1,62,32,0,0.000102262,40.6048
1,63,32,0,0.000138146,40.6043
1,64,32,0,5.02942e-05,40.5984
1,65,32,0,7.15837e-05,40.596
1,66,32,0,1.87785e-05,40.593
1,67,32,0,0.000100588,40.5955
1,68,32,0,6.73532e-05,40.594
1,69,32,0,0.000102262,40.5938
1,70,32,0,8.0136e-05,40.5908
1,71,32,0,0.000119367,40.5909
1,72,32,0,5.73362e-05,40.5862
1,73,32,0,0.000100588,40.5847
1,74,32,0,3.9231e-05,40.5801
1,75,32,0,9.01986e-05,40.579
1,76,32,0,0.00013982,40.5772
1,77,32,0,6.67254e-05,40.5693
1,78,32,0,1.87785e-05,40.5618
1,79,32,0,3.9231e-05,40.5592
1,80,32,0,1.87785e-05,40.5588
1,81,32,0,5.96835e-05,40.5624
1,82,32,0,3.9231e-05,40.5664
1,83,32,0,0.000196155,40.5762
1,84,32,0,5.96835e-05,40.5753
1,85,32,0,0.000115136,40.5804
1,86,32,0,0.000187493,40.5862
1,87,32,0,0.000201177,40.5885
1,88,32,0,0.000122715,40.586
1,89,32,0,8.0136e-05,40.5829
1,90,32,0,0.000100588,40.5841
1,91,32,0,0.000100588,40.583
1,92,32,0,8.24833e-05,40.5813
1,93,32,0,0.00013982,40.581
1,94,32,0,0.000100588,40.578
1,95,32,0,8.95252e-05,40.5755
1,96,32,0,0.00010763,40.5731
1,97,32,0,0.000121041,40.5709
1,98,32,0,0.000121041,40.5681
1,99,32,0,5.80095e-05,40.5642
1,100,32,0,0.00017905,40.5646
1,101,32,0,7.8462e-05,40.5584
1,102,32,0,0.000113371,40.5555
1,103,32,0,4.0905e-05,40.5491
1,104,32,0,7.6788e-05,40.5469
1,105,32,0,7.8462e-05,40.5439
1,106,32,0,5.96835e-05,40.5421
1,107,32,0,9.89145e-05,40.545
1,108,32,0,8.181e-05,40.5465
1,109,32,0,9.89145e-05,40.5487
1,110,32,0,9.55665e-05,40.5496
1,111,32,0,0.000151956,40.5502
1,112,32,0,7.8462e-05,40.5463
1,113,32,0,0.000104819,40.5444
1,114,32,0,6.86087e-05,40.5406
1,115,32,0,5.96835e-05,40.5376
1,116,32,0,2.81222e-05,40.5359
1,117,32,0,2.90047e-05,40.5356
1,118,32,0,9.72405e-05,40.5386
1,119,32,0,6.13575e-05,40.5395
1,120,32,0,0.000121041,40.5435
1,121,32,0,9.89145e-05,40.545
1,122,32,0,0.000121041,40.5453
1,123,32,0,0.000102262,40.544
1,124,32,0,0.000160272,40.5441
1,125,32,0,9.55665e-05,40.5392
1,126,32,0,9.72405e-05,40.5364
1,127,32,0,0.000101471,40.5315
1,0,33,0,8.22694e-05,41.2223
1,1,33,0,0.000103145,41.2208
1,2,33,0,0.000119367,41.2167
1,3,33,0,0.000156924,41.2122
1,4,33,0,0.000192716,41.203
1,5,33,0,5.96835e-05,41.1865
1,6,33,0,9.18726e-05,41.1721
1,7,33,0,5.96835e-05,41.1569
1,8,33,0,7.8462e-05,41.1445
1,9,33,0,0.000142167,41.1321
1,10,33,0,0.000119367,41.1138
1,11,33,0,0,41.0923
1,12,33,0,9.89145e-05,41.0796
1,13,33,0,8.0136e-05,41.0644
1,14,33,0,0.000119367,41.0504
1,15,33,0,8.0136e-05,41.032
1,16,33,0,0.00013215,41.0154
1,17,33,0,8.0136e-05,40.9955
1,18,33,0,0.000119367,40.9783
1,19,33,0,3.7557e-05,40.9576
1,20,33,0,3.9231e-05,40.9416
1,21,33,0,8.35751e-05,40.9301
1,22,33,0,0.00017905,40.9197
1,23,33,0,4.0905e-05,40.9007
1,24,33,0,9.35921e-05,40.8877
1,25,33,0,5.96835e-05,40.8724
1,26,33,0,8.0136e-05,40.8593
1,27,33,0,5.96835e-05,40.8462
1,28,33,0,9.89145e-05,40.8368
1,29,33,0,0.000143259,40.8258
1,30,33,0,8.0136e-05,40.8105
1,31,33,0,0.000113371,40.7986
1,32,33,0,7.73516e-05,40.7835
1,33,33,0,0.000100588,40.7694
1,34,33,0,5.20138e-05,40.7533
1,35,33,0,4.0905e-05,40.7414
1,36,33,0,7.59054e-05,40.7324
1,37,33,0,5.80095e-05,40.723
1,38,33,0,7.75794e-05,40.7173
1,39,33,0,0.000119367,40.7136
1,40,33,0,0.000122715,40.7086
1,41,33,0,0.000155204,40.7032
1,42,33,0,0.000117693,40.6949
1,43,33,0,7.8462e-05,40.6869
1,44,33,0,0.000161946,40.683
1,45,33,0,0.000119367,40.6735
1,46,33,0,3.9231e-05,40.6622
1,47,33,0,8.181e-05,40.6583
1,48,33,0,6.40052e-05,40.656
1,49,33,0,0.000175611,40.6567
1,50,33,0,6.67254e-05,40.6491
1,51,33,0,9.72405e-05,40.6473
1,52,33,0,0.000294096,40.651
1,53,33,0,5.96835e-05,40.639
1,54,33,0,8.0136e-05,40.634
1,55,33,0,0.000116019,40.6321
1,56,33,0,0.000150883,40.6282
1,57,33,0,7.182e-05,40.6199
1,58,33,0,6.47966e-05,40.6145
1,59,33,0,0.000121041,40.6118
1,60,33,0,9.89145e-05,40.6074
1,61,33,0,7.8462e-05,40.6034
1,62,33,0,7.8462e-05,40.602
1,63,33,0,0.000121041,40.6022
1,64,33,0,0.000104956,40.5993
1,65,33,0,0.000114254,40.5977
1,66,33,0,0.000102262,40.5961
1,67,33,0,0.000152602,40.598
1,68,33,0,0.000131267,40.5966
1,69,33,0,0.000158598,40.5953
1,70,33,0,3.7557e-05,40.5895
1,71,33,0,0.000180725,40.5925
1,72,33,0,0.000102936,40.5881
1,73,33,0,0.000138146,40.5868
1,74,33,0,0.000141493,40.5838
1,75,33,0,0.00010763,40.5798
1,76,33,0,0.000104173,40.5761
1,77,33,0,0.000108977,40.5703
1,78,33,0,5.80095e-05,40.5628
1,79,33,0,3.7557e-05,40.5591
1,80,33,0,7.8462e-05,40.5603
1,81,33,0,8.0136e-05,40.5626
1,82,33,0,6.13575e-05,40.5656
1,83,33,0,0.000107376,40.572
1,84,33,0,8.0136e-05,40.5736
1,85,33,0,0.000113371,40.5774
1,86,33,0,4.79469e-05,40.578
1,87,33,0,5.80095e-05,40.5805
1,88,33,0,0.000160272,40.5845
1,89,33,0,4.52267e-05,40.5818
1,90,33,0,0.000209729,40.5879
1,91,33,0,0.000117602,40.5845
1,92,33,0,0.000159599,40.5833
1,93,33,0,8.0136e-05,40.5789
1,94,33,0,0.000119367,40.5781
1,95,33,0,0.000169661,40.5774
1,96,33,0,9.18726e-05,40.5717
1,97,33,0,8.181e-05,40.568
1,98,33,0,7.33489e-05,40.5654
1,99,33,0,0.000160272,40.5653
1,100,33,0,4.0905e-05,40.5592
1,101,33,0,8.35751e-05,40.557
1,102,33,0,0.000115928,40.5552
1,103,33,0,9.22725e-05,40.5506
1,104,33,0,0.000121041,40.5477
1,105,33,0,3.9231e-05,40.5414
1,106,33,0,0,40.5387
1,107,33,0,9.55665e-05,40.5437
1,108,33,0,9.89145e-05,40.5466
1,109,33,0,0.000128483,40.5496
1,110,33,0,0.000141494,40.5504
1,111,33,0,6.43781e-05,40.5473
1,112,33,0,0.000117693,40.5467
1,113,33,0,9.56846e-05,40.5443
1,114,33,0,0.000112116,40.5423
1,115,33,0,6.13575e-05,40.5393
1,116,33,0,0.000169707,40.5421
1,117,33,0,0.000110815,40.5398
1,118,33,0,6.99097e-05,40.5388
1,119,33,0,9.89145e-05,40.5405
1,120,33,0,8.0136e-05,40.5425
1,121,33,0,0.000177377,40.547
1,122,33,0,9.89145e-05,40.5444
1,123,33,0,9.72405e-05,40.5426
1,124,33,0,0.000100588,40.541
1,125,33,0,4.39256e-05,40.5368
1,126,33,0,0.000155304,40.5377
1,127,33,0,0.00011681,40.5321
1,0,34,0,6.18169e-05,41.1748
1,1,34,0,0,41.1692
1,2,34,0,0,41.1632
1,3,34,0,0,41.1561
1,4,34,0,5.11312e-06,41.1467
1,5,34,0,0,41.1341
1,6,34,0,0,41.121
1,7,34,0,0,41.1078
1,8,34,0,0,41.0951
1,9,34,0,1.64312e-05,41.0823
1,10,34,0,0,41.0663
1,11,34,0,0,41.0497
1,12,34,0,0,41.0353
1,13,34,0,0,41.0208
1,14,34,0,0,41.0063
1,15,34,0,0,40.9904
1,16,34,0,0,40.9744
1,17,34,0,0,40.9576
1,18,34,0,0,40.9413
1,19,34,0,0,40.9247
1,20,34,0,0,40.9099
1,21,34,0,0,40.897
1,22,34,0,0,40.8845
1,23,34,0,0,40.8703
1,24,34,0,1.64312e-05,40.8575
1,25,34,0,0,40.8436
1,26,34,0,0,40.8308
1,27,34,0,0,40.8188
1,28,34,0,0,40.808
1,29,34,0,1.53394e-05,40.7972
1,30,34,0,0,40.784
1,31,34,0,0,40.7717
1,32,34,0,0,40.7587
1,33,34,0,0,40.746
1,34,34,0,0,40.7333
1,35,34,0,0,40.7223
1,36,34,0,0,40.7131
1,37,34,0,0,40.7048
1,38,34,0,0,40.6982
1,39,34,0,0,40.6928
1,40,34,0,0,40.6874
1,41,34,0,2.21721e-05,40.6823
1,42,34,0,0,40.6747
1,43,34,0,0,40.6676
1,44,34,0,0,40.6616
1,45,34,0,0,40.6543
1,46,34,0,0,40.6471
1,47,34,0,0,40.6423
1,48,34,0,1.27828e-05,40.6394
1,49,34,0,2.55656e-06,40.6364
1,50,34,0,0,40.632
1,51,34,0,0,40.6291
1,52,34,0,0,40.627
1,53,34,0,0,40.6213
1,54,34,0,0,40.6167
1,55,34,0,0,40.6131
1,56,34,0,0,40.6089
1,57,34,0,0,40.6036
1,58,34,0,0,40.599
1,59,34,0,0,40.5955
1,60,34,0,0,40.592
1,61,34,0,0,40.589
1,62,34,0,0,40.587
1,63,34,0,0,40.5857
1,64,34,0,0,40.5841
1,65,34,0,1.53394e-05,40.5831
1,66,34,0,0,40.5815
1,67,34,0,7.66969e-06,40.5812
1,68,34,0,2.55656e-06,40.5798
1,69,34,0,0,40.578
1,70,34,0,0,40.5754
1,71,34,0,0,40.5745
1,72,34,0,0,40.5722
1,73,34,0,0,40.5702
1,74,34,0,0,40.5677
1,75,34,0,0,40.5649
1,76,34,0,3.06787e-05,40.5626
1,77,34,0,0,40.5573
1,78,34,0,0,40.5528
1,79,34,0,0,40.5502
1,80,34,0,0,40.55
1,81,34,0,0,40.5512
1,82,34,0,0,40.5535
1,83,34,0,1.53394e-05,40.5572
1,84,34,0,0,40.5589
1,85,34,0,1.02263e-05,40.5613
1,86,34,0,0,40.5623
1,87,34,0,0,40.564
1,88,34,0,0,40.566
1,89,34,0,1.27828e-05,40.567
1,90,34,0,3.06787e-05,40.5691
1,91,34,0,5.11312e-06,40.567
1,92,34,0,0,40.565
1,93,34,0,0,40.5625
1,94,34,0,0,40.5607
1,95,34,0,0,40.5589
1,96,34,0,0,40.5557
1,97,34,0,0,40.5529
1,98,34,0,5.11312e-06,40.5507
1,99,34,0,0,40.5486
1,100,34,0,0,40.5455
1,101,34,0,1.53394e-05,40.5436
1,102,34,0,1.27828e-05,40.5411
1,103,34,0,0,40.5374
1,104,34,0,0,40.5343
1,105,34,0,0,40.5311
1,106,34,0,0,40.5297
1,107,34,0,0,40.5309
1,108,34,0,0,40.5325
1,109,34,0,4.69463e-06,40.534
1,110,34,0,0,40.5342
1,111,34,0,1.40839e-05,40.5335
1,112,34,0,0,40.532
1,113,34,0,2.34731e-06,40.5304
1,114,34,0,0,40.5288
1,115,34,0,0,40.5275
1,116,34,0,0,40.5276
1,117,34,0,0,40.5269
1,118,34,0,1.02263e-05,40.527
1,119,34,0,0,40.5273
1,120,34,0,0,40.5282
1,121,34,0,0,40.5294
1,122,34,0,0,40.5286
1,123,34,0,0,40.5274
1,124,34,0,0,40.526
1,125,34,0,1.40839e-05,40.5244
1,126,34,0,0,40.5224
1,127,34,0,0,40.5192
1,0,35,0,6.18169e-05,41.13
1,1,35,0,0,41.1225
1,2,35,0,0,41.1149
1,3,35,0,0,41.1067
1,4,35,0,0,41.0972
1,5,35,0,0,41.0861
1,6,35,0,0,41.0744
1,7,35,0,0,41.0622
1,8,35,0,0,41.0499
1,9,35,0,0,41.0371
1,10,35,0,0,41.0231
1,11,35,0,0,41.0088
1,12,35,0,0,40.9949
1,13,35,0,0,40.9811
1,14,35,0,0,40.9671
1,15,35,0,0,40.9526
1,16,35,0,0,40.9379
1,17,35,0,0,40.9229
1,18,35,0,0,40.908
1,19,35,0,0,40.8934
1,20,35,0,0,40.8796
1,21,35,0,0,40.8667
1,22,35,0,0,40.8542
1,23,35,0,0,40.8415
1,24,35,0,0,40.8291
1,25,35,0,0,40.8166
1,26,35,0,0,40.8047
1,27,35,0,0,40.7932
1,28,35,0,0,40.7823
1,29,35,0,0,40.7713
1,30,35,0,0,40.7597
1,31,35,0,0,40.7482
1,32,35,0,0,40.7366
1,33,35,0,0,40.7252
1,34,35,0,0,40.7143
1,35,35,0,0,40.7043
1,36,35,0,0,40.6954
1,37,35,0,0,40.6874
1,38,35,0,0,40.6806
1,39,35,0,0,40.6745
1,40,35,0,0,40.6686
1,41,35,0,0,40.6628
1,42,35,0,0,40.6564
1,43,35,0,0,40.65
1,44,35,0,0,40.6439
1,45,35,0,0,40.6377
1,46,35,0,0,40.6319
1,47,35,0,0,40.6271
1,48,35,0,0,40.6232
1,49,35,0,0,40.6196
1,50,35,0,0,40.6159
1,51,35,0,0,40.6125
1,52,35,0,0,40.6092
1,53,35,0,0,40.605
1,54,35,0,0,40.6009
1,55,35,0,0,40.597
1,56,35,0,0,40.5931
1,57,35,0,0,40.5888
1,58,35,0,0,40.5849
1,59,35,0,0,40.5815
1,60,35,0,0,40.5784
1,61,35,0,0,40.5757
1,62,35,0,0,40.5736
1,63,35,0,0,40.5719
1,64,35,0,0,40.5704
1,65,35,0,0,40.5691
1,66,35,0,0,40.5677
1,67,35,0,0,40.5667
1,68,35,0,0,40.5653
1,69,35,0,0,40.5637
1,70,35,0,0,40.5619
1,71,35,0,0,40.5603
1,72,35,0,0,40.5584
1,73,35,0,0,40.5564
1,74,35,0,0,40.5542
1,75,35,0,0,40.5517
1,76,35,0,0,40.5492
1,77,35,0,0,40.5459
1,78,35,0,0,40.5429
1,79,35,0,0,40.541
1,80,35,0,0,40.5405
1,81,35,0,0,40.541
1,82,35,0,0,40.5423
1,83,35,0,0,40.5442
1,84,35,0,0,40.5457
1,85,35,0,0,40.5472
1,86,35,0,0,40.5483
1,87,35,0,0,40.5495
1,88,35,0,0,40.5506
1,89,35,0,0,40.5513
1,90,35,0,0,40.5518
1,91,35,0,0,40.5508
1,92,35,0,0,40.5494
1,93,35,0,0,40.5476
1,94,35,0,0,40.5458
1,95,35,0,0,40.5439
1,96,35,0,0,40.5416
1,97,35,0,0,40.5393
1,98,35,0,0,40.5371
1,99,35,0,0,40.535
1,100,35,0,0,40.5327
1,101,35,0,0,40.5306
1,102,35,0,0,40.5282
1,103,35,0,0,40.5256
1,104,35,0,0,40.5232
1,105,35,0,0,40.5211
1,106,35,0,0,40.52
1,107,35,0,0,40.52
1,108,35,0,0,40.5205
1,109,35,0,0,40.521
1,110,35,0,0,40.521
1,111,35,0,0,40.5204
1,112,35,0,0,40.5194
1,113,35,0,0,40.5183
1,114,35,0,0,40.5172
1,115,35,0,0,40.5163
1,116,35,0,0,40.5159
1,117,35,0,0,40.5155
1,118,35,0,0,40.5153
1,119,35,0,0,40.5154
1,120,35,0,0,40.5157
1,121,35,0,0,40.5159
1,122,35,0,0,40.5155
1,123,35,0,0,40.5146
1,124,35,0,0,40.5134
1,125,35,0,0,40.5121
1,126,35,0,0,40.5105
1,127,35,0,0,40.5086
1,0,36,0,6.18169e-05,41.0884
1,1,36,0,0,41.0799
1,2,36,0,0,41.0715
1,3,36,0,0,41.0627
1,4,36,0,0,41.0532
1,5,36,0,0,41.0429
1,6,36,0,0,41.032
1,7,36,0,0,41.0206
1,8,36,0,0,41.0089
1,9,36,0,0,40.9968
1,10,36,0,0,40.9841
1,11,36,0,0,40.9711
1,12,36,0,0,40.9581
1,13,36,0,0,40.9451
1,14,36,0,0,40.9319
1,15,36,0,0,40.9185
1,16,36,0,0,40.9049
1,17,36,0,0,40.8913
1,18,36,0,0,40.8777
1,19,36,0,0,40.8644
1,20,36,0,0,40.8516
1,21,36,0,0,40.8393
1,22,36,0,0,40.8273
1,23,36,0,0,40.8154
1,24,36,0,0,40.8037
1,25,36,0,0,40.7922
1,26,36,0,0,40.7809
1,27,36,0,0,40.7701
1,28,36,0,0,40.7594
1,29,36,0,0,40.7489
1,30,36,0,0,40.7382
1,31,36,0,0,40.7276
1,32,36,0,0,40.717
1,33,36,0,0,40.7067
1,34,36,0,0,40.6969
1,35,36,0,0,40.6877
1,36,36,0,0,40.6793
1,37,36,0,0,40.6716
1,38,36,0,0,40.6647
1,39,36,0,0,40.6584
1,40,36,0,0,40.6523
1,41,36,0,0,40.6464
1,42,36,0,0,40.6404
1,43,36,0,0,40.6345
1,44,36,0,0,40.6288
1,45,36,0,0,40.6232
1,46,36,0,0,40.618
1,47,36,0,0,40.6133
1,48,36,0,0,40.6092
1,49,36,0,0,40.6054
1,50,36,0,0,40.6017
1,51,36,0,0,40.5981
1,52,36,0,0,40.5946
1,53,36,0,0,40.5908
1,54,36,0,0,40.5871
1,55,36,0,0,40.5834
1,56,36,0,0,40.5797
1,57,36,0,0,40.5761
1,58,36,0,0,40.5726
1,59,36,0,0,40.5695
1,60,36,0,0,40.5666
1,61,36,0,0,40.5641
1,62,36,0,0,40.562
1,63,36,0,0,40.5602
1,64,36,0,0,40.5587
1,65,36,0,0,40.5572
1,66,36,0,0,40.5559
1,67,36,0,0,40.5546
1,68,36,0,0,40.5533
1,69,36,0,0,40.5518
1,70,36,0,0,40.5502
1,71,36,0,0,40.5486
1,72,36,0,0,40.5469
1,73,36,0,0,40.545
1,74,36,0,0,40.543
1,75,36,0,0,40.5409
1,76,36,0,0,40.5386
1,77,36,0,0,40.5362
1,78,36,0,0,40.5341
1,79,36,0,0,40.5326
1,80,36,0,0,40.532
1,81,36,0,0,40.532
1,82,36,0,0,40.5326
1,83,36,0,0,40.5336
1,84,36,0,0,40.5346
1,85,36,0,0,40.5356
1,86,36,0,0,40.5364
1,87,36,0,0,40.5372
1,88,36,0,0,40.5378
1,89,36,0,0,40.5381
1,90,36,0,0,40.5381
1,91,36,0,0,40.5374
1,92,36,0,0,40.5362
1,93,36,0,0,40.5348
1,94,36,0,0,40.5332
1,95,36,0,0,40.5315
1,96,36,0,0,40.5296
1,97,36,0,0,40.5276
1,98,36,0,0,40.5257
1,99,36,0,0,40.5237
1,100,36,0,0,40.5217
1,101,36,0,0,40.5198
1,102,36,0,0,40.5178
1,103,36,0,0,40.5157
1,104,36,0,0,40.5138
1,105,36,0,0,40.5122
1,106,36,0,0,40.5112
1,107,36,0,0,40.5107
1,108,36,0,0,40.5106
1,109,36,0,0,40.5106
1,110,36,0,0,40.5103
1,111,36,0,0,40.5098
1,112,36,0,0,40.509
1,113,36,0,0,40.5082
1,114,36,0,0,40.5073
1,115,36,0,0,40.5066
1,116,36,0,0,40.5061
1,117,36,0,0,40.5057
1,118,36,0,0,40.5055
1,119,36,0,0,40.5054
1,120,36,0,0,40.5053
1,121,36,0,0,40.5052
1,122,36,0,0,40.5047
1,123,36,0,0,40.504
1,124,36,0,0,40.503
1,125,36,0,0,40.5019
1,126,36,0,0,40.5008
1,127,36,0,0,40.4996
1,0,37,0,6.18169e-05,41.0502
1,1,37,0,0,41.0412
1,2,37,0,0,41.0323
1,3,37,0,0,41.0233
1,4,37,0,0,41.0139
1,5,37,0,0,41.0041
1,6,37,0,0,40.9937
1,7,37,0,0,40.983
1,8,37,0,0,40.972
1,9,37,0,0,40.9606
1,10,37,0,0,40.9489
1,11,37,0,0,40.9369
1,12,37,0,0,40.9248
1,13,37,0,0,40.9126
1,14,37,0,0,40.9003
1,15,37,0,0,40.8878
1,16,37,0,0,40.8753
1,17,37,0,0,40.8628
1,18,37,0,0,40.8503
1,19,37,0,0,40.8381
1,20,37,0,0,40.8262
1,21,37,0,0,40.8145
1,22,37,0,0,40.8032
1,23,37,0,0,40.792
1,24,37,0,0,40.781
1,25,37,0,0,40.7703
1,26,37,0,0,40.7597
1,27,37,0,0,40.7494
1,28,37,0,0,40.7393
1,29,37,0,0,40.7293
1,30,37,0,0,40.7193
1,31,37,0,0,40.7095
1,32,37,0,0,40.6998
1,33,37,0,0,40.6904
1,34,37,0,0,40.6813
1,35,37,0,0,40.6728
1,36,37,0,0,40.6648
1,37,37,0,0,40.6575
1,38,37,0,0,40.6507
1,39,37,0,0,40.6444
1,40,37,0,0,40.6384
1,41,37,0,0,40.6325
1,42,37,0,0,40.6268
1,43,37,0,0,40.6212
1,44,37,0,0,40.6158
1,45,37,0,0,40.6107
1,46,37,0,0,40.6058
1,47,37,0,0,40.6013
1,48,37,0,0,40.5971
1,49,37,0,0,40.5933
1,50,37,0,0,40.5896
1,51,37,0,0,40.586
1,52,37,0,0,40.5825
1,53,37,0,0,40.5789
1,54,37,0,0,40.5754
1,55,37,0,0,40.5719
1,56,37,0,0,40.5685
1,57,37,0,0,40.5652
1,58,37,0,0,40.5621
1,59,37,0,0,40.5592
1,60,37,0,0,40.5566
1,61,37,0,0,40.5543
1,62,37,0,0,40.5522
1,63,37,0,0,40.5505
1,64,37,0,0,40.5489
1,65,37,0,0,40.5474
1,66,37,0,0,40.5461
1,67,37,0,0,40.5448
1,68,37,0,0,40.5435
1,69,37,0,0,40.5421
1,70,37,0,0,40.5406
1,71,37,0,0,40.5391
1,72,37,0,0,40.5375
1,73,37,0,0,40.5358
1,74,37,0,0,40.534
1,75,37,0,0,40.5321
1,76,37,0,0,40.5302
1,77,37,0,0,40.5283
1,78,37,0,0,40.5267
1,79,37,0,0,40.5254
1,80,37,0,0,40.5247
1,81,37,0,0,40.5245
1,82,37,0,0,40.5246
1,83,37,0,0,40.5251
1,84,37,0,0,40.5256
1,85,37,0,0,40.5262
1,86,37,0,0,40.5266
1,87,37,0,0,40.527
1,88,37,0,0,40.5273
1,89,37,0,0,40.5273
1,90,37,0,0,40.5271
1,91,37,0,0,40.5264
1,92,37,0,0,40.5255
1,93,37,0,0,40.5243
1,94,37,0,0,40.5229
1,95,37,0,0,40.5214
1,96,37,0,0,40.5197
1,97,37,0,0,40.518
1,98,37,0,0,40.5163
1,99,37,0,0,40.5145
1,100,37,0,0,40.5128
1,101,37,0,0,40.511
1,102,37,0,0,40.5093
1,103,37,0,0,40.5076
1,104,37,0,0,40.506
1,105,37,0,0,40.5047
1,106,37,0,0,40.5037
1,107,37,0,0,40.503
1,108,37,0,0,40.5026
1,109,37,0,0,40.5023
1,110,37,0,0,40.5018
1,111,37,0,0,40.5013
1,112,37,0,0,40.5007
1,113,37,0,0,40.5
1,114,37,0,0,40.4993
1,115,37,0,0,40.4987
1,116,37,0,0,40.4982
1,117,37,0,0,40.4978
1,118,37,0,0,40.4975
1,119,37,0,0,40.4972
1,120,37,0,0,40.497
1,121,37,0,0,40.4966
1,122,37,0,0,40.4961
1,123,37,0,0,40.4955
1,124,37,0,0,40.4947
1,125,37,0,0,40.4938
1,126,37,0,0,40.493
1,127,37,0,0,40.4922
1,0,38,0,6.18169e-05,41.0154
1,1,38,0,0,41.0061
1,2,38,0,0,40.9971
1,3,38,0,0,40.9881
1,4,38,0,0,40.9788
1,5,38,0,0,40.9693
1,6,38,0,0,40.9595
1,7,38,0,0,40.9494
1,8,38,0,0,40.939
1,9,38,0,0,40.9283
1,10,38,0,0,40.9173
1,11,38,0,0,40.9062
1,12,38,0,0,40.8949
1,13,38,0,0,40.8835
1,14,38,0,0,40.872
1,15,38,0,0,40.8604
1,16,38,0,0,40.8488
1,17,38,0,0,40.8372
1,18,38,0,0,40.8258
1,19,38,0,0,40.8144
1,20,38,0,0,40.8033
1,21,38,0,0,40.7924
1,22,38,0,0,40.7818
1,23,38,0,0,40.7713
1,24,38,0,0,40.761
1,25,38,0,0,40.7509
1,26,38,0,0,40.741
1,27,38,0,0,40.7312
1,28,38,0,0,40.7217
1,29,38,0,0,40.7123
1,30,38,0,0,40.703
1,31,38,0,0,40.6938
1,32,38,0,0,40.6848
1,33,38,0,0,40.6761
1,34,38,0,0,40.6677
1,35,38,0,0,40.6598
1,36,38,0,0,40.6523
1,37,38,0,0,40.6452
1,38,38,0,0,40.6386
1,39,38,0,0,40.6324
1,40,38,0,0,40.6265
1,41,38,0,0,40.6208
1,42,38,0,0,40.6153
1,43,38,0,0,40.61
1,44,38,0,0,40.6049
1,45,38,0,0,40.6
1,46,38,0,0,40.5954
1,47,38,0,0,40.5911
1,48,38,0,0,40.587
1,49,38,0,0,40.5832
1,50,38,0,0,40.5795
1,51,38,0,0,40.576
1,52,38,0,0,40.5725
1,53,38,0,0,40.5691
1,54,38,0,0,40.5658
1,55,38,0,0,40.5625
1,56,38,0,0,40.5594
1,57,38,0,0,40.5563
1,58,38,0,0,40.5535
1,59,38,0,0,40.5508
1,60,38,0,0,40.5484
1,61,38,0,0,40.5462
1,62,38,0,0,40.5443
1,63,38,0,0,40.5425
1,64,38,0,0,40.541
1,65,38,0,0,40.5396
1,66,38,0,0,40.5383
1,67,38,0,0,40.537
1,68,38,0,0,40.5358
1,69,38,0,0,40.5345
1,70,38,0,0,40.5332
1,71,38,0,0,40.5318
1,72,38,0,0,40.5303
1,73,38,0,0,40.5288
1,74,38,0,0,40.5271
1,75,38,0,0,40.5255
1,76,38,0,0,40.5238
1,77,38,0,0,40.5222
1,78,38,0,0,40.5208
1,79,38,0,0,40.5197
1,80,38,0,0,40.5189
1,81,38,0,0,40.5185
1,82,38,0,0,40.5183
1,83,38,0,0,40.5184
1,84,38,0,0,40.5186
1,85,38,0,0,40.5188
1,86,38,0,0,40.519
1,87,38,0,0,40.5191
1,88,38,0,0,40.5191
1,89,38,0,0,40.5189
1,90,38,0,0,40.5185
1,91,38,0,0,40.5178
1,92,38,0,0,40.5169
1,93,38,0,0,40.5159
1,94,38,0,0,40.5146
1,95,38,0,0,40.5133
1,96,38,0,0,40.5119
1,97,38,0,0,40.5104
1,98,38,0,0,40.5088
1,99,38,0,0,40.5073
1,100,38,0,0,40.5058
1,101,38,0,0,40.5042
1,102,38,0,0,40.5027
1,103,38,0,0,40.5013
1,104,38,0,0,40.4999
1,105,38,0,0,40.4987
1,106,38,0,0,40.4978
1,107,38,0,0,40.497
1,108,38,0,0,40.4964
1,109,38,0,0,40.4959
1,110,38,0,0,40.4954
1,111,38,0,0,40.4949
1,112,38,0,0,40.4943
1,113,38,0,0,40.4937
1,114,38,0,0,40.4931
1,115,38,0,0,40.4925
1,116,38,0,0,40.4921
1,117,38,0,0,40.4917
1,118,38,0,0,40.4913
1,119,38,0,0,40.4909
1,120,38,0,0,40.4906
1,121,38,0,0,40.4902
1,122,38,0,0,40.4896
1,123,38,0,0,40.489
1,124,38,0,0,40.4883
1,125,38,0,0,40.4876
1,126,38,0,0,40.4869
1,127,38,0,0,40.4864
1,0,39,0,6.18169e-05,40.9839
1,1,39,0,0,40.9746
1,2,39,0,0,40.9655
1,3,39,0,0,40.9565
1,4,39,0,0,40.9475
1,5,39,0,0,40.9383
1,6,39,0,0,40.9289
1,7,39,0,0,40.9193
1,8,39,0,0,40.9095
1,9,39,0,0,40.8995
1,10,39,0,0,40.8892
1,11,39,0,0,40.8788
1,12,39,0,0,40.8683
1,13,39,0,0,40.8576
1,14,39,0,0,40.8469
1,15,39,0,0,40.8361
1,16,39,0,0,40.8253
1,17,39,0,0,40.8146
1,18,39,0,0,40.804
1,19,39,0,0,40.7935
1,20,39,0,0,40.7831
1,21,39,0,0,40.7729
1,22,39,0,0,40.763
1,23,39,0,0,40.7531
1,24,39,0,0,40.7435
1,25,39,0,0,40.734
1,26,39,0,0,40.7247
1,27,39,0,0,40.7155
1,28,39,0,0,40.7065
1,29,39,0,0,40.6977
1,30,39,0,0,40.689
1,31,39,0,0,40.6804
1,32,39,0,0,40.6721
1,33,39,0,0,40.6639
1,34,39,0,0,40.6561
1,35,39,0,0,40.6486
1,36,39,0,0,40.6415
1,37,39,0,0,40.6348
1,38,39,0,0,40.6285
1,39,39,0,0,40.6224
1,40,39,0,0,40.6167
1,41,39,0,0,40.6112
1,42,39,0,0,40.6059
1,43,39,0,0,40.6009
1,44,39,0,0,40.596
1,45,39,0,0,40.5914
1,46,39,0,0,40.5869
1,47,39,0,0,40.5828
1,48,39,0,0,40.5788
1,49,39,0,0,40.5751
1,50,39,0,0,40.5715
1,51,39,0,0,40.568
1,52,39,0,0,40.5646
1,53,39,0,0,40.5614
1,54,39,0,0,40.5582
1,55,39,0,0,40.5551
1,56,39,0,0,40.5521
1,57,39,0,0,40.5493
1,58,39,0,0,40.5467
1,59,39,0,0,40.5442
1,60,39,0,0,40.5419
1,61,39,0,0,40.5399
1,62,39,0,0,40.5381
1,63,39,0,0,40.5364
1,64,39,0,0,40.535
1,65,39,0,0,40.5337
1,66,39,0,0,40.5324
1,67,39,0,0,40.5313
1,68,39,0,0,40.5301
1,69,39,0,0,40.529
1,70,39,0,0,40.5278
1,71,39,0,0,40.5265
1,72,39,0,0,40.5251
1,73,39,0,0,40.5237
1,74,39,0,0,40.5223
1,75,39,0,0,40.5207
1,76,39,0,0,40.5193
1,77,39,0,0,40.5178
1,78,39,0,0,40.5166
1,79,39,0,0,40.5155
1,80,39,0,0,40.5147
1,81,39,0,0,40.5141
1,82,39,0,0,40.5138
1,83,39,0,0,40.5136
1,84,39,0,0,40.5134
1,85,39,0,0,40.5134
1,86,39,0,0,40.5133
1,87,39,0,0,40.5132
1,88,39,0,0,40.5129
1,89,39,0,0,40.5126
1,90,39,0,0,40.5121
1,91,39,0,0,40.5114
1,92,39,0,0,40.5106
1,93,39,0,0,40.5096
1,94,39,0,0,40.5085
1,95,39,0,0,40.5073
1,96,39,0,0,40.506
1,97,39,0,0,40.5047
1,98,39,0,0,40.5033
1,99,39,0,0,40.502
1,100,39,0,0,40.5006
1,101,39,0,0,40.4993
1,102,39,0,0,40.498
1,103,39,0,0,40.4967
1,104,39,0,0,40.4955
1,105,39,0,0,40.4944
1,106,39,0,0,40.4935
1,107,39,0,0,40.4927
1,108,39,0,0,40.492
1,109,39,0,0,40.4914
1,110,39,0,0,40.4909
1,111,39,0,0,40.4903
1,112,39,0,0,40.4897
1,113,39,0,0,40.4892
1,114,39,0,0,40.4887
1,115,39,0,0,40.4882
1,116,39,0,0,40.4877
1,117,39,0,0,40.4873
1,118,39,0,0,40.4869
1,119,39,0,0,40.4865
1,120,39,0,0,40.4861
1,121,39,0,0,40.4856
1,122,39,0,0,40.4851
1,123,39,0,0,40.4844
1,124,39,0,0,40.4838
1,125,39,0,0,40.4831
1,126,39,0,0,40.4825
1,127,39,0,0,40.4821
1,0,40,0,6.18169e-05,40.9556
1,1,40,0,0,40.9464
1,2,40,0,0,40.9374
1,3,40,0,0,40.9285
1,4,40,0,0,40.9197
1,5,40,0,0,40.9109
1,6,40,0,0,40.9019
1,7,40,0,0,40.8928
1,8,40,0,0,40.8836
1,9,40,0,0,40.8741
1,10,40,0,0,40.8645
1,11,40,0,0,40.8547
1,12,40,0,0,40.8448
1,13,40,0,0,40.8348
1,14,40,0,0,40.8248
1,15,40,0,0,40.8147
1,16,40,0,0,40.8047
1,17,40,0,0,40.7947
1,18,40,0,0,40.7849
1,19,40,0,0,40.7751
1,20,40,0,0,40.7655
1,21,40,0,0,40.756
1,22,40,0,0,40.7467
1,23,40,0,0,40.7375
1,24,40,0,0,40.7284
1,25,40,0,0,40.7195
1,26,40,0,0,40.7108
1,27,40,0,0,40.7022
1,28,40,0,0,40.6937
1,29,40,0,0,40.6854
1,30,40,0,0,40.6773
1,31,40,0,0,40.6693
1,32,40,0,0,40.6615
1,33,40,0,0,40.6539
1,34,40,0,0,40.6465
1,35,40,0,0,40.6395
1,36,40,0,0,40.6327
1,37,40,0,0,40.6263
1,38,40,0,0,40.6202
1,39,40,0,0,40.6144
1,40,40,0,0,40.6089
1,41,40,0,0,40.6036
1,42,40,0,0,40.5985
1,43,40,0,0,40.5937
1,44,40,0,0,40.589
1,45,40,0,0,40.5846
1,46,40,0,0,40.5804
1,47,40,0,0,40.5764
1,48,40,0,0,40.5725
1,49,40,0,0,40.5689
1,50,40,0,0,40.5654
1,51,40,0,0,40.562
1,52,40,0,0,40.5587
1,53,40,0,0,40.5556
1,54,40,0,0,40.5525
1,55,40,0,0,40.5496
1,56,40,0,0,40.5468
1,57,40,0,0,40.5442
1,58,40,0,0,40.5417
1,59,40,0,0,40.5394
1,60,40,0,0,40.5373
1,61,40,0,0,40.5354
1,62,40,0,0,40.5337
1,63,40,0,0,40.5321
1,64,40,0,0,40.5308
1,65,40,0,0,40.5296
1,66,40,0,0,40.5285
1,67,40,0,0,40.5275
1,68,40,0,0,40.5265
1,69,40,0,0,40.5254
1,70,40,0,0,40.5244
1,71,40,0,0,40.5232
1,72,40,0,0,40.522
1,73,40,0,0,40.5207
1,74,40,0,0,40.5193
1,75,40,0,0,40.5179
1,76,40,0,0,40.5166
1,77,40,0,0,40.5153
1,78,40,0,0,40.5141
1,79,40,0,0,40.513
1,80,40,0,0,40.5121
1,81,40,0,0,40.5115
1,82,40,0,0,40.5109
1,83,40,0,0,40.5105
1,84,40,0,0,40.5102
1,85,40,0,0,40.5099
1,86,40,0,0,40.5096
1,87,40,0,0,40.5093
1,88,40,0,0,40.5089
1,89,40,0,0,40.5084
1,90,40,0,0,40.5078
1,91,40,0,0,40.5071
1,92,40,0,0,40.5062
1,93,40,0,0,40.5053
1,94,40,0,0,40.5043
1,95,40,0,0,40.5032
1,96,40,0,0,40.5021
1,97,40,0,0,40.5009
1,98,40,0,0,40.4997
1,99,40,0,0,40.4985
1,100,40,0,0,40.4974
1,101,40,0,0,40.4962
1,102,40,0,0,40.495
1,103,40,0,0,40.4939
1,104,40,0,0,40.4928
1,105,40,0,0,40.4918
1,106,40,0,0,40.4909
1,107,40,0,0,40.4901
1,108,40,0,0,40.4894
1,109,40,0,0,40.4887
1,110,40,0,0,40.4881
1,111,40,0,0,40.4875
1,112,40,0,0,40.487
1,113,40,0,0,40.4865
1,114,40,0,0,40.486
1,115,40,0,0,40.4856
1,116,40,0,0,40.4852
1,117,40,0,0,40.4848
1,118,40,0,0,40.4844
1,119,40,0,0,40.4839
1,120,40,0,0,40.4835
1,121,40,0,0,40.4829
1,122,40,0,0,40.4824
1,123,40,0,0,40.4817
1,124,40,0,0,40.481
1,125,40,0,0,40.4804
1,126,40,0,0,40.4798
1,127,40,0,0,40.4794
1,0,41,0,6.18169e-05,40.9305
1,1,41,0,0,40.9213
1,2,41,0,0,40.9125
1,3,41,0,0,40.9038
1,4,41,0,0,40.8953
1,5,41,0,0,40.8868
1,6,41,0,0,40.8783
1,7,41,0,0,40.8697
1,8,41,0,0,40.8609
1,9,41,0,0,40.852
1,10,41,0,0,40.843
1,11,41,0,0,40.8338
1,12,41,0,0,40.8244
1,13,41,0,0,40.8151
1,14,41,0,0,40.8057
1,15,41,0,0,40.7962
1,16,41,0,0,40.7869
1,17,41,0,0,40.7776
1,18,41,0,0,40.7684
1,19,41,0,0,40.7594
1,20,41,0,0,40.7505
1,21,41,0,0,40.7416
1,22,41,0,0,40.7329
1,23,41,0,0,40.7243
1,24,41,0,0,40.7158
1,25,41,0,0,40.7075
1,26,41,0,0,40.6993
1,27,41,0,0,40.6912
1,28,41,0,0,40.6833
1,29,41,0,0,40.6755
1,30,41,0,0,40.6678
1,31,41,0,0,40.6603
1,32,41,0,0,40.653
1,33,41,0,0,40.6459
1,34,41,0,0,40.639
1,35,41,0,0,40.6323
1,36,41,0,0,40.6259
1,37,41,0,0,40.6198
1,38,41,0,0,40.6139
1,39,41,0,0,40.6083
1,40,41,0,0,40.603
1,41,41,0,0,40.5979
1,42,41,0,0,40.593
1,43,41,0,0,40.5884
1,44,41,0,0,40.584
1,45,41,0,0,40.5797
1,46,41,0,0,40.5757
1,47,41,0,0,40.5718
1,48,41,0,0,40.5682
1,49,41,0,0,40.5646
1,50,41,0,0,40.5612
1,51,41,0,0,40.5579
1,52,41,0,0,40.5548
1,53,41,0,0,40.5517
1,54,41,0,0,40.5488
1,55,41,0,0,40.546
1,56,41,0,0,40.5433
1,57,41,0,0,40.5408
1,58,41,0,0,40.5385
1,59,41,0,0,40.5363
1,60,41,0,0,40.5344
1,61,41,0,0,40.5326
1,62,41,0,0,40.531
1,63,41,0,0,40.5296
1,64,41,0,0,40.5284
1,65,41,0,0,40.5274
1,66,41,0,0,40.5264
1,67,41,0,0,40.5256
1,68,41,0,0,40.5247
1,69,41,0,0,40.5239
1,70,41,0,0,40.523
1,71,41,0,0,40.522
1,72,41,0,0,40.5209
1,73,41,0,0,40.5197
1,74,41,0,0,40.5184
1,75,41,0,0,40.517
1,76,41,0,0,40.5157
1,77,41,0,0,40.5145
1,78,41,0,0,40.5133
1,79,41,0,0,40.5122
1,80,41,0,0,40.5113
1,81,41,0,0,40.5105
1,82,41,0,0,40.5099
1,83,41,0,0,40.5093
1,84,41,0,0,40.5088
1,85,41,0,0,40.5083
1,86,41,0,0,40.5078
1,87,41,0,0,40.5073
1,88,41,0,0,40.5068
1,89,41,0,0,40.5062
1,90,41,0,0,40.5055
1,91,41,0,0,40.5047
1,92,41,0,0,40.5039
1,93,41,0,0,40.503
1,94,41,0,0,40.502
1,95,41,0,0,40.501
1,96,41,0,0,40.5
1,97,41,0,0,40.499
1,98,41,0,0,40.498
1,99,41,0,0,40.4969
1,100,41,0,0,40.4959
1,101,41,0,0,40.4949
1,102,41,0,0,40.4939
1,103,41,0,0,40.4929
1,104,41,0,0,40.4919
1,105,41,0,0,40.491
1,106,41,0,0,40.4901
1,107,41,0,0,40.4892
1,108,41,0,0,40.4885
1,109,41,0,0,40.4878
1,110,41,0,0,40.4872
1,111,41,0,0,40.4866
1,112,41,0,0,40.4861
1,113,41,0,0,40.4856
1,114,41,0,0,40.4851
1,115,41,0,0,40.4847
1,116,41,0,0,40.4844
1,117,41,0,0,40.484
1,118,41,0,0,40.4836
1,119,41,0,0,40.4832
1,120,41,0,0,40.4827
1,121,41,0,0,40.4821
1,122,41,0,0,40.4815
1,123,41,0,0,40.4808
1,124,41,0,0,40.4801
1,125,41,0,0,40.4794
1,126,41,0,0,40.4787
1,127,41,0,0,40.4783
1,0,42,0,6.18169e-05,40.9084
1,1,42,0,0,40.8993
1,2,42,0,0,40.8907
1,3,42,0,0,40.8823
1,4,42,0,0,40.8741
1,5,42,0,0,40.866
1,6,42,0,0,40.8579
1,7,42,0,0,40.8497
1,8,42,0,0,40.8415
1,9,42,0,0,40.8331
1,10,42,0,0,40.8246
1,11,42,0,0,40.8159
1,12,42,0,0,40.8071
1,13,42,0,0,40.7982
1,14,42,0,0,40.7894
1,15,42,0,0,40.7805
1,16,42,0,0,40.7718
1,17,42,0,0,40.7631
1,18,42,0,0,40.7546
1,19,42,0,0,40.7462
1,20,42,0,0,40.738
1,21,42,0,0,40.7298
1,22,42,0,0,40.7217
1,23,42,0,0,40.7136
1,24,42,0,0,40.7057
1,25,42,0,0,40.6978
1,26,42,0,0,40.6901
1,27,42,0,0,40.6826
1,28,42,0,0,40.6751
1,29,42,0,0,40.6678
1,30,42,0,0,40.6607
1,31,42,0,0,40.6536
1,32,42,0,0,40.6467
1,33,42,0,0,40.64
1,34,42,0,0,40.6335
1,35,42,0,0,40.6271
1,36,42,0,0,40.6211
1,37,42,0,0,40.6152
1,38,42,0,0,40.6096
1,39,42,0,0,40.6042
1,40,42,0,0,40.599
1,41,42,0,0,40.5941
1,42,42,0,0,40.5895
1,43,42,0,0,40.585
1,44,42,0,0,40.5808
1,45,42,0,0,40.5768
1,46,42,0,0,40.5729
1,47,42,0,0,40.5693
1,48,42,0,0,40.5657
1,49,42,0,0,40.5623
1,50,42,0,0,40.559
1,51,42,0,0,40.5558
1,52,42,0,0,40.5527
1,53,42,0,0,40.5497
1,54,42,0,0,40.5469
1,55,42,0,0,40.5442
1,56,42,0,0,40.5417
1,57,42,0,0,40.5393
1,58,42,0,0,40.5371
1,59,42,0,0,40.5351
1,60,42,0,0,40.5332
1,61,42,0,0,40.5316
1,62,42,0,0,40.5302
1,63,42,0,0,40.5289
1,64,42,0,0,40.5278
1,65,42,0,0,40.5269
1,66,42,0,0,40.5262
1,67,42,0,0,40.5256
1,68,42,0,0,40.525
1,69,42,0,0,40.5244
1,70,42,0,0,40.5237
1,71,42,0,0,40.5228
1,72,42,0,0,40.5218
1,73,42,0,0,40.5206
1,74,42,0,0,40.5193
1,75,42,0,0,40.518
1,76,42,0,0,40.5167
1,77,42,0,0,40.5155
1,78,42,0,0,40.5143
1,79,42,0,0,40.5132
1,80,42,0,0,40.5122
1,81,42,0,0,40.5114
1,82,42,0,0,40.5106
1,83,42,0,0,40.5099
1,84,42,0,0,40.5093
1,85,42,0,0,40.5086
1,86,42,0,0,40.508
1,87,42,0,0,40.5073
1,88,42,0,0,40.5066
1,89,42,0,0,40.5059
1,90,42,0,0,40.5052
1,91,42,0,0,40.5044
1,92,42,0,0,40.5035
1,93,42,0,0,40.5026
1,94,42,0,0,40.5017
1,95,42,0,0,40.5008
1,96,42,0,0,40.4998
1,97,42,0,0,40.4989
1,98,42,0,0,40.498
1,99,42,0,0,40.4972
1,100,42,0,0,40.4963
1,101,42,0,0,40.4955
1,102,42,0,0,40.4946
1,103,42,0,0,40.4937
1,104,42,0,0,40.4928
1,105,42,0,0,40.4919
1,106,42,0,0,40.491
1,107,42,0,0,40.4901
1,108,42,0,0,40.4893
1,109,42,0,0,40.4886
1,110,42,0,0,40.488
1,111,42,0,0,40.4874
1,112,42,0,0,40.4869
1,113,42,0,0,40.4864
1,114,42,0,0,40.486
1,115,42,0,0,40.4857
1,116,42,0,0,40.4854
1,117,42,0,0,40.4851
1,118,42,0,0,40.4847
1,119,42,0,0,40.4843
1,120,42,0,0,40.4838
1,121,42,0,0,40.4832
1,122,42,0,0,40.4825
1,123,42,0,0,40.4817
1,124,42,0,0,40.4808
1,125,42,0,0,40.48
1,126,42,0,0,40.4793
1,127,42,0,0,40.4787
1,0,43,0,6.18169e-05,40.8891
1,1,43,0,0,40.8803
1,2,43,0,0,40.8719
1,3,43,0,0,40.8638
1,4,43,0,0,40.856
1,5,43,0,0,40.8482
1,6,43,0,0,40.8406
1,7,43,0,0,40.833
1,8,43,0,0,40.8252
1,9,43,0,0,40.8173
1,10,43,0,0,40.8093
1,11,43,0,0,40.801
1,12,43,0,0,40.7926
1,13,43,0,0,40.7842
1,14,43,0,0,40.7758
1,15,43,0,0,40.7675
1,16,43,0,0,40.7593
1,17,43,0,0,40.7512
1,18,43,0,0,40.7433
1,19,43,0,0,40.7356
1,20,43,0,0,40.728
1,21,43,0,0,40.7204
1,22,43,0,0,40.7129
1,23,43,0,0,40.7054
1,24,43,0,0,40.6979
1,25,43,0,0,40.6905
1,26,43,0,0,40.6833
1,27,43,0,0,40.6762
1,28,43,0,0,40.6693
1,29,43,0,0,40.6624
1,30,43,0,0,40.6557
1,31,43,0,0,40.6491
1,32,43,0,0,40.6426
1,33,43,0,0,40.6362
1,34,43,0,0,40.63
1,35,43,0,0,40.624
1,36,43,0,0,40.6182
1,37,43,0,0,40.6126
1,38,43,0,0,40.6072
1,39,43,0,0,40.602
1,40,43,0,0,40.597
1,41,43,0,0,40.5923
1,42,43,0,0,40.5878
1,43,43,0,0,40.5836
1,44,43,0,0,40.5796
1,45,43,0,0,40.5758
1,46,43,0,0,40.5721
1,47,43,0,0,40.5686
1,48,43,0,0,40.5652
1,49,43,0,0,40.5619
1,50,43,0,0,40.5587
1,51,43,0,0,40.5555
1,52,43,0,0,40.5525
1,53,43,0,0,40.5496
1,54,43,0,0,40.5469
1,55,43,0,0,40.5443
1,56,43,0,0,40.5419
1,57,43,0,0,40.5396
1,58,43,0,0,40.5375
1,59,43,0,0,40.5356
1,60,43,0,0,40.5339
1,61,43,0,0,40.5324
1,62,43,0,0,40.531
1,63,43,0,0,40.5299
1,64,43,0,0,40.529
1,65,43,0,0,40.5283
1,66,43,0,0,40.5278
1,67,43,0,0,40.5275
1,68,43,0,0,40.5272
1,69,43,0,0,40.5269
1,70,43,0,0,40.5264
1,71,43,0,0,40.5257
1,72,43,0,0,40.5248
1,73,43,0,0,40.5236
1,74,43,0,0,40.5223
1,75,43,0,0,40.5209
1,76,43,0,0,40.5196
1,77,43,0,0,40.5183
1,78,43,0,0,40.5171
1,79,43,0,0,40.516
1,80,43,0,0,40.515
1,81,43,0,0,40.514
1,82,43,0,0,40.5132
1,83,43,0,0,40.5124
1,84,43,0,0,40.5116
1,85,43,0,0,40.5108
1,86,43,0,0,40.51
1,87,43,0,0,40.5092
1,88,43,0,0,40.5084
1,89,43,0,0,40.5076
1,90,43,0,0,40.5068
1,91,43,0,0,40.5059
1,92,43,0,0,40.505
1,93,43,0,0,40.5041
1,94,43,0,0,40.5032
1,95,43,0,0,40.5024
1,96,43,0,0,40.5015
1,97,43,0,0,40.5007
1,98,43,0,0,40.5
1,99,43,0,0,40.4992
1,100,43,0,0,40.4986
1,101,43,0,0,40.4979
1,102,43,0,0,40.4972
1,103,43,0,0,40.4964
1,104,43,0,0,40.4955
1,105,43,0,0,40.4946
1,106,43,0,0,40.4936
1,107,43,0,0,40.4927
1,108,43,0,0,40.4919
1,109,43,0,0,40.4911
1,110,43,0,0,40.4905
1,111,43,0,0,40.4899
1,112,43,0,0,40.4894
1,113,43,0,0,40.489
1,114,43,0,0,40.4887
1,115,43,0,0,40.4884
1,116,43,0,0,40.4882
1,117,43,0,0,40.488
1,118,43,0,0,40.4877
1,119,43,0,0,40.4874
1,120,43,0,0,40.4868
1,121,43,0,0,40.4862
1,122,43,0,0,40.4853
1,123,43,0,0,40.4844
1,124,43,0,0,40.4834
1,125,43,0,0,40.4824
1,126,43,0,0,40.4814
1,127,43,0,0,40.4807
1,0,44,0,6.18169e-05,40.8726
1,1,44,0,0,40.864
1,2,44,0,0,40.856
1,3,44,0,0,40.8483
1,4,44,0,0,40.8408
1,5,44,0,0,40.8335
1,6,44,0,0,40.8264
1,7,44,0,0,40.8193
1,8,44,0,0,40.8121
1,9,44,0,0,40.8047
1,10,44,0,0,40.797
1,11,44,0,0,40.7891
1,12,44,0,0,40.7811
1,13,44,0,0,40.773
1,14,44,0,0,40.765
1,15,44,0,0,40.7571
1,16,44,0,0,40.7494
1,17,44,0,0,40.7418
1,18,44,0,0,40.7346
1,19,44,0,0,40.7275
1,20,44,0,0,40.7206
1,21,44,0,0,40.7137
1,22,44,0,0,40.7067
1,23,44,0,0,40.6996
1,24,44,0,0,40.6925
1,25,44,0,0,40.6856
1,26,44,0,0,40.6788
1,27,44,0,0,40.6722
1,28,44,0,0,40.6657
1,29,44,0,0,40.6594
1,30,44,0,0,40.6531
1,31,44,0,0,40.6468
1,32,44,0,0,40.6406
1,33,44,0,0,40.6345
1,34,44,0,0,40.6287
1,35,44,0,0,40.623
1,36,44,0,0,40.6174
1,37,44,0,0,40.612
1,38,44,0,0,40.6068
1,39,44,0,0,40.6017
1,40,44,0,0,40.5969
1,41,44,0,0,40.5924
1,42,44,0,0,40.5881
1,43,44,0,0,40.5841
1,44,44,0,0,40.5803
1,45,44,0,0,40.5767
1,46,44,0,0,40.5732
1,47,44,0,0,40.5699
1,48,44,0,0,40.5667
1,49,44,0,0,40.5635
1,50,44,0,0,40.5603
1,51,44,0,0,40.5572
1,52,44,0,0,40.5542
1,53,44,0,0,40.5514
1,54,44,0,0,40.5488
1,55,44,0,0,40.5463
1,56,44,0,0,40.5439
1,57,44,0,0,40.5417
1,58,44,0,0,40.5397
1,59,44,0,0,40.5379
1,60,44,0,0,40.5363
1,61,44,0,0,40.5349
1,62,44,0,0,40.5337
1,63,44,0,0,40.5327
1,64,44,0,0,40.532
1,65,44,0,0,40.5315
1,66,44,0,0,40.5313
1,67,44,0,0,40.5313
1,68,44,0,0,40.5314
1,69,44,0,0,40.5315
1,70,44,0,0,40.5314
1,71,44,0,0,40.5309
1,72,44,0,0,40.53
1,73,44,0,0,40.5287
1,74,44,0,0,40.5272
1,75,44,0,0,40.5257
1,76,44,0,0,40.5243
1,77,44,0,0,40.5231
1,78,44,0,0,40.5218
1,79,44,0,0,40.5206
1,80,44,0,0,40.5195
1,81,44,0,0,40.5185
1,82,44,0,0,40.5177
1,83,44,0,0,40.5168
1,84,44,0,0,40.5159
1,85,44,0,0,40.5149
1,86,44,0,0,40.5139
1,87,44,0,0,40.513
1,88,44,0,0,40.5121
1,89,44,0,0,40.5112
1,90,44,0,0,40.5103
1,91,44,0,0,40.5094
1,92,44,0,0,40.5084
1,93,44,0,0,40.5075
1,94,44,0,0,40.5066
1,95,44,0,0,40.5058
1,96,44,0,0,40.5051
1,97,44,0,0,40.5044
1,98,44,0,0,40.5037
1,99,44,0,0,40.5032
1,100,44,0,0,40.5027
1,101,44,0,0,40.5022
1,102,44,0,0,40.5016
1,103,44,0,0,40.501
1,104,44,0,0,40.5002
1,105,44,0,0,40.4992
1,106,44,0,0,40.4981
1,107,44,0,0,40.4971
1,108,44,0,0,40.4962
1,109,44,0,0,40.4954
1,110,44,0,0,40.4948
1,111,44,0,0,40.4942
1,112,44,0,0,40.4937
1,113,44,0,0,40.4934
1,114,44,0,0,40.4931
1,115,44,0,0,40.4929
1,116,44,0,0,40.4928
1,117,44,0,0,40.4928
1,118,44,0,0,40.4926
1,119,44,0,0,40.4924
1,120,44,0,0,40.4918
1,121,44,0,0,40.4911
1,122,44,0,0,40.4901
1,123,44,0,0,40.489
1,124,44,0,0,40.4878
1,125,44,0,0,40.4864
1,126,44,0,0,40.4851
1,127,44,0,0,40.4841
1,0,45,0,6.18169e-05,40.8585
1,1,45,0,0,40.8504
1,2,45,0,0,40.8429
1,3,45,0,0,40.8356
1,4,45,0,0,40.8286
1,5,45,0,0,40.8217
1,6,45,0,0,40.815
1,7,45,0,0,40.8086
1,8,45,0,0,40.8021
1,9,45,0,0,40.7953
1,10,45,0,0,40.7879
1,11,45,0,0,40.7802
1,12,45,0,0,40.7724
1,13,45,0,0,40.7646
1,14,45,0,0,40.7569
1,15,45,0,0,40.7493
1,16,45,0,0,40.7419
1,17,45,0,0,40.7348
1,18,45,0,0,40.7282
1,19,45,0,0,40.722
1,20,45,0,0,40.7159
1,21,45,0,0,40.7096
1,22,45,0,0,40.7031
1,23,45,0,0,40.6963
1,24,45,0,0,40.6896
1,25,45,0,0,40.683
1,26,45,0,0,40.6766
1,27,45,0,0,40.6704
1,28,45,0,0,40.6645
1,29,45,0,0,40.6586
1,30,45,0,0,40.6527
1,31,45,0,0,40.6468
1,32,45,0,0,40.6408
1,33,45,0,0,40.635
1,34,45,0,0,40.6295
1,35,45,0,0,40.6241
1,36,45,0,0,40.6187
1,37,45,0,0,40.6135
1,38,45,0,0,40.6084
1,39,45,0,0,40.6035
1,40,45,0,0,40.5988
1,41,45,0,0,40.5944
1,42,45,0,0,40.5903
1,43,45,0,0,40.5865
1,44,45,0,0,40.5829
1,45,45,0,0,40.5796
1,46,45,0,0,40.5764
1,47,45,0,0,40.5732
1,48,45,0,0,40.5702
1,49,45,0,0,40.5671
1,50,45,0,0,40.564
1,51,45,0,0,40.5609
1,52,45,0,0,40.5578
1,53,45,0,0,40.5551
1,54,45,0,0,40.5525
1,55,45,0,0,40.5501
1,56,45,0,0,40.5477
1,57,45,0,0,40.5456
1,58,45,0,0,40.5437
1,59,45,0,0,40.542
1,60,45,0,0,40.5405
1,61,45,0,0,40.5392
1,62,45,0,0,40.5381
1,63,45,0,0,40.5372
1,64,45,0,0,40.5366
1,65,45,0,0,40.5364
1,66,45,0,0,40.5365
1,67,45,0,0,40.537
1,68,45,0,0,40.5377
1,69,45,0,0,40.5384
1,70,45,0,0,40.5387
1,71,45,0,0,40.5385
1,72,45,0,0,40.5376
1,73,45,0,0,40.536
1,74,45,0,0,40.5342
1,75,45,0,0,40.5324
1,76,45,0,0,40.531
1,77,45,0,0,40.5297
1,78,45,0,0,40.5284
1,79,45,0,0,40.527
1,80,45,0,0,40.5259
1,81,45,0,0,40.5249
1,82,45,0,0,40.524
1,83,45,0,0,40.5232
1,84,45,0,0,40.5222
1,85,45,0,0,40.521
1,86,45,0,0,40.5197
1,87,45,0,0,40.5186
1,88,45,0,0,40.5177
1,89,45,0,0,40.5168
1,90,45,0,0,40.5158
1,91,45,0,0,40.5148
1,92,45,0,0,40.5137
1,93,45,0,0,40.5127
1,94,45,0,0,40.5118
1,95,45,0,0,40.5111
1,96,45,0,0,40.5105
1,97,45,0,0,40.5099
1,98,45,0,0,40.5093
1,99,45,0,0,40.5089
1,100,45,0,0,40.5087
1,101,45,0,0,40.5084
1,102,45,0,0,40.5081
1,103,45,0,0,40.5076
1,104,45,0,0,40.5068
1,105,45,0,0,40.5058
1,106,45,0,0,40.5045
1,107,45,0,0,40.5033
1,108,45,0,0,40.5022
1,109,45,0,0,40.5015
1,110,45,0,0,40.5009
1,111,45,0,0,40.5003
1,112,45,0,0,40.4998
1,113,45,0,0,40.4994
1,114,45,0,0,40.4993
1,115,45,0,0,40.4992
1,116,45,0,0,40.4993
1,117,45,0,0,40.4995
1,118,45,0,0,40.4996
1,119,45,0,0,40.4995
1,120,45,0,0,40.499
1,121,45,0,0,40.4981
1,122,45,0,0,40.497
1,123,45,0,0,40.4957
1,124,45,0,0,40.4941
1,125,45,0,0,40.4923
1,126,45,0,0,40.4904
1,127,45,0,0,40.4889
1,0,46,0,6.18169e-05,40.8469
1,1,46,0,0,40.8395
1,2,46,0,0,40.8327
1,3,46,0,0,40.826
1,4,46,0,0,40.8191
1,5,46,0,0,40.8126
1,6,46,0,0,40.8065
1,7,46,0,0,40.801
1,8,46,0,0,40.7955
1,9,46,0,0,40.7892
1,10,46,0,0,40.7821
1,11,46,0,0,40.7743
1,12,46,0,0,40.7664
1,13,46,0,0,40.7587
1,14,46,0,0,40.7514
1,15,46,0,0,40.7441
1,16,46,0,0,40.7369
1,17,46,0,0,40.7301
1,18,46,0,0,40.7242
1,19,46,0,0,40.719
1,20,46,0,0,40.7139
1,21,46,0,0,40.7084
1,22,46,0,0,40.7023
1,23,46,0,0,40.6956
1,24,46,0,0,40.6891
1,25,46,0,0,40.6827
1,26,46,0,0,40.6765
1,27,46,0,0,40.671
1,28,46,0,0,40.6656
1,29,46,0,0,40.6603
1,30,46,0,0,40.6549
1,31,46,0,0,40.6492
1,32,46,0,0,40.6431
1,33,46,0,0,40.6376
1,34,46,0,0,40.6326
1,35,46,0,0,40.6275
1,36,46,0,0,40.6222
1,37,46,0,0,40.6171
1,38,46,0,0,40.6121
1,39,46,0,0,40.6072
1,40,46,0,0,40.6026
1,41,46,0,0,40.5983
1,42,46,0,0,40.5944
1,43,46,0,0,40.5908
1,44,46,0,0,40.5876
1,45,46,0,0,40.5845
1,46,46,0,0,40.5816
1,47,46,0,0,40.5787
1,48,46,0,0,40.5758
1,49,46,0,0,40.573
1,50,46,0,0,40.5698
1,51,46,0,0,40.5666
1,52,46,0,0,40.5632
1,53,46,0,0,40.5605
1,54,46,0,0,40.5583
1,55,46,0,0,40.556
1,56,46,0,0,40.5534
1,57,46,0,0,40.5512
1,58,46,0,0,40.5494
1,59,46,0,0,40.548
1,60,46,0,0,40.5466
1,61,46,0,0,40.5453
1,62,46,0,0,40.5443
1,63,46,0,0,40.5435
1,64,46,0,0,40.543
1,65,46,0,0,40.5429
1,66,46,0,0,40.5433
1,67,46,0,0,40.5445
1,68,46,0,0,40.546
1,69,46,0,0,40.5476
1,70,46,0,0,40.5487
1,71,46,0,0,40.5488
1,72,46,0,0,40.5478
1,73,46,0,0,40.5457
1,74,46,0,0,40.5431
1,75,46,0,0,40.5408
1,76,46,0,0,40.5395
1,77,46,0,0,40.5385
1,78,46,0,0,40.537
1,79,46,0,0,40.5353
1,80,46,0,0,40.5341
1,81,46,0,0,40.5332
1,82,46,0,0,40.5324
1,83,46,0,0,40.5318
1,84,46,0,0,40.5306
1,85,46,0,0,40.5291
1,86,46,0,0,40.5274
1,87,46,0,0,40.526
1,88,46,0,0,40.5252
1,89,46,0,0,40.5245
1,90,46,0,0,40.5234
1,91,46,0,0,40.5221
1,92,46,0,0,40.521
1,93,46,0,0,40.5199
1,94,46,0,0,40.5188
1,95,46,0,0,40.5182
1,96,46,0,0,40.5178
1,97,46,0,0,40.5172
1,98,46,0,0,40.5168
1,99,46,0,0,40.5164
1,100,46,0,0,40.5165
1,101,46,0,0,40.5167
1,102,46,0,0,40.5168
1,103,46,0,0,40.5166
1,104,46,0,0,40.5158
1,105,46,0,0,40.5144
1,106,46,0,0,40.5128
1,107,46,0,0,40.5112
1,108,46,0,0,40.5099
1,109,46,0,0,40.5092
1,110,46,0,0,40.509
1,111,46,0,0,40.5083
1,112,46,0,0,40.5077
1,113,46,0,0,40.5072
1,114,46,0,0,40.5073
1,115,46,0,0,40.5073
1,116,46,0,0,40.5077
1,117,46,0,0,40.5081
1,118,46,0,0,40.5087
1,119,46,0,0,40.5089
1,120,46,0,0,40.5084
1,121,46,0,0,40.5071
1,122,46,0,0,40.5059
1,123,46,0,0,40.5044
1,124,46,0,0,40.5027
1,125,46,0,0,40.5
1,126,46,0,0,40.4972
1,127,46,0,0,40.495
1,0,47,0,6.18169e-05,40.8374
1,1,47,0,0,40.8311
1,2,47,0,0,40.8254
1,3,47,0,0,40.8195
1,4,47,0,0,40.8125
1,5,47,0,0,40.8061
1,6,47,0,0,40.8004
1,7,47,0,0,40.7964
1,8,47,0,0,40.7925
1,9,47,0,0,40.787
1,10,47,0,0,40.7799
1,11,47,0,0,40.7714
1,12,47,0,0,40.7629
1,13,47,0,0,40.7555
1,14,47,0,0,40.7485
1,15,47,0,0,40.7415
1,16,47,0,0,40.7341
1,17,47,0,0,40.7271
1,18,47,0,0,40.7221
1,19,47,0,0,40.7185
1,20,47,0,0,40.7149
1,21,47,0,0,40.7103
1,22,47,0,0,40.7049
1,23,47,0,0,40.6972
1,24,47,0,0,40.691
1,25,47,0,0,40.6847
1,26,47,0,0,40.6785
1,27,47,0,0,40.674
1,28,47,0,0,40.669
1,29,47,0,0,40.6647
1,30,47,0,0,40.6598
1,31,47,0,0,40.6546
1,32,47,0,0,40.6471
1,33,47,0,0,40.6421
1,34,47,0,0,40.6384
1,35,47,0,0,40.6332
1,36,47,0,0,40.628
1,37,47,0,0,40.623
1,38,47,0,0,40.6181
1,39,47,0,0,40.6128
1,40,47,0,0,40.6083
1,41,47,0,0,40.6041
1,42,47,0,0,40.6004
1,43,47,0,0,40.597
1,44,47,0,0,40.5945
1,45,47,0,0,40.5913
1,46,47,0,0,40.589
1,47,47,0,0,40.5863
1,48,47,0,0,40.5835
1,49,47,0,0,40.5814
1,50,47,0,0,40.5779
1,51,47,0,0,40.5746
1,52,47,0,0,40.5702
1,53,47,0,0,40.5676
1,54,47,0,0,40.5662
1,55,47,0,0,40.5644
1,56,47,0,0,40.5609
1,57,47,0,0,40.5585
1,58,47,0,0,40.557
1,59,47,0,0,40.5561
1,60,47,0,0,40.5547
1,61,47,0,0,40.5533
1,62,47,0,0,40.5524
1,63,47,0,0,40.5515
1,64,47,0,0,40.5509
1,65,47,0,0,40.551
1,66,47,0,0,40.5516
1,67,47,0,0,40.5539
1,68,47,0,0,40.5564
1,69,47,0,0,40.5594
1,70,47,0,0,40.5618
1,71,47,0,0,40.5623
1,72,47,0,0,40.5613
1,73,47,0,0,40.5582
1,74,47,0,0,40.5536
1,75,47,0,0,40.5505
1,76,47,0,0,40.5496
1,77,47,0,0,40.5501
1,78,47,0,0,40.5478
1,79,47,0,0,40.5451
1,80,47,0,0,40.5442
1,81,47,0,0,40.5436
1,82,47,0,0,40.5425
1,83,47,0,0,40.543
1,84,47,0,0,40.5415
1,85,47,0,0,40.5394
1,86,47,0,0,40.5369
1,87,47,0,0,40.5349
1,88,47,0,0,40.5347
1,89,47,0,0,40.5345
1,90,47,0,0,40.5333
1,91,47,0,0,40.5314
1,92,47,0,0,40.5302
1,93,47,0,0,40.529
1,94,47,0,0,40.5271
1,95,47,0,0,40.5273
1,96,47,0,0,40.5273
1,97,47,0,0,40.5263
1,98,47,0,0,40.5263
1,99,47,0,0,40.5254
1,100,47,0,0,40.5264
1,101,47,0,0,40.5272
1,102,47,0,0,40.5278
1,103,47,0,0,40.5281
1,104,47,0,0,40.5272
1,105,47,0,0,40.5254
1,106,47,0,0,40.5231
1,107,47,0,0,40.5207
1,108,47,0,0,40.519
1,109,47,0,0,40.5186
1,110,47,0,0,40.5195
1,111,47,0,0,40.518
1,112,47,0,0,40.5173
1,113,47,0,0,40.5165
1,114,47,0,0,40.5171
1,115,47,0,0,40.5172
1,116,47,0,0,40.5179
1,117,47,0,0,40.5187
1,118,47,0,0,40.52
1,119,47,0,0,40.5212
1,120,47,0,0,40.5204
1,121,47,0,0,40.5182
1,122,47,0,0,40.517
1,123,47,0,0,40.5154
1,124,47,0,0,40.5141
1,125,47,0,0,40.5098
1,126,47,0,0,40.5053
1,127,47,0,0,40.5023
1,0,48,0,0.000101048,40.83
1,1,48,0,5.96835e-05,40.8255
1,2,48,0,8.0136e-05,40.8217
1,3,48,0,0.000109377,40.8171
1,4,48,0,6.13575e-05,40.8083
1,5,48,0,7.8462e-05,40.8021
1,6,48,0,2.04525e-05,40.7957
1,7,48,0,8.0136e-05,40.7947
1,8,48,0,0.000155159,40.7941
1,9,48,0,0.000134798,40.7893
1,10,48,0,0.000143167,40.7819
1,11,48,0,7.8462e-05,40.7715
1,12,48,0,4.0905e-05,40.7614
1,13,48,0,4.69007e-05,40.7545
1,14,48,0,8.0136e-05,40.7486
1,15,48,0,0.000119367,40.7423
1,16,48,0,8.0136e-05,40.7335
1,17,48,0,3.7557e-05,40.7249
1,18,48,0,7.8462e-05,40.7214
1,19,48,0,0.000114254,40.7206
1,20,48,0,0.00016715,40.7198
1,21,48,0,0.000137563,40.7157
1,22,48,0,0.000219956,40.7125
1,23,48,0,5.80095e-05,40.7002
1,24,48,0,0.00012983,40.6956
1,25,48,0,9.48932e-05,40.6891
1,26,48,0,2.04525e-05,40.6813
1,27,48,0,0.00013215,40.6801
1,28,48,0,6.13575e-05,40.6741
1,29,48,0,0.000100588,40.6724
1,30,48,0,6.67254e-05,40.6676
1,31,48,0,0.000197829,40.6648
1,32,48,0,1.87785e-05,40.6512
1,33,48,0,6.13575e-05,40.6478
1,34,48,0,0.000152602,40.648
1,35,48,0,8.72691e-05,40.6416
1,36,48,0,0.000104028,40.6358
1,37,48,0,0.000100588,40.6313
1,38,48,0,0.000119367,40.6268
1,39,48,0,5.96835e-05,40.62
1,40,48,0,7.8462e-05,40.6161
1,41,48,0,5.80095e-05,40.6118
1,42,48,0,5.80095e-05,40.6083
1,43,48,0,3.32353e-05,40.6046
1,44,48,0,0.000121041,40.6043
1,45,48,0,4.0905e-05,40.5994
1,46,48,0,0.000116019,40.5993
1,47,48,0,0.000100588,40.5962
1,48,48,0,4.0905e-05,40.5928
1,49,48,0,0.000133824,40.5936
1,50,48,0,6.05661e-05,40.588
1,51,48,0,0.000141493,40.5859
1,52,48,0,2.04525e-05,40.5774
1,53,48,0,5.96835e-05,40.5758
1,54,48,0,0.000122715,40.5768
1,55,48,0,0.000158598,40.5765
1,56,48,0,4.0905e-05,40.5695
1,57,48,0,5.80095e-05,40.5669
1,58,48,0,6.13575e-05,40.5661
1,59,48,0,0.000117693,40.5668
1,60,48,0,9.72405e-05,40.565
1,61,48,0,7.8462e-05,40.5629
1,62,48,0,9.80319e-05,40.5626
1,63,48,0,6.05661e-05,40.5612
1,64,48,0,5.96835e-05,40.5606
1,65,48,0,8.0136e-05,40.5606
1,66,48,0,2.55656e-05,40.5603
1,67,48,0,9.72405e-05,40.5652
1,68,48,0,8.181e-05,40.5686
1,69,48,0,0.000126154,40.5741
1,70,48,0,0.000173055,40.5791
1,71,48,0,0.000161946,40.5797
1,72,48,0,0.000193507,40.5792
1,73,48,0,0.000177468,40.5744
1,74,48,0,6.13575e-05,40.565
1,75,48,0,4.88295e-05,40.5603
1,76,48,0,6.13575e-05,40.5605
1,77,48,0,0.000250725,40.5666
1,78,48,0,0.00013982,40.5613
1,79,48,0,7.8462e-05,40.5553
1,80,48,0,0.000136472,40.5561
1,81,48,0,0.000138146,40.5567
1,82,48,0,2.04525e-05,40.5531
1,83,48,0,0.000174083,40.5585
1,84,48,0,7.92534e-05,40.5551
1,85,48,0,7.8462e-05,40.5523
1,86,48,0,5.96835e-05,40.5479
1,87,48,0,3.9231e-05,40.5443
1,88,48,0,9.72405e-05,40.5461
1,89,48,0,0.000119367,40.5476
1,90,48,0,0.00013982,40.5461
1,91,48,0,8.0136e-05,40.542
1,92,48,0,9.89145e-05,40.5413
1,93,48,0,0.000138146,40.5411
1,94,48,0,2.04525e-05,40.5356
1,95,48,0,0.000119367,40.5386
1,96,48,0,0.000119367,40.54
1,97,48,0,2.04525e-05,40.5364
1,98,48,0,0.00013982,40.5388
1,99,48,0,2.04525e-05,40.5344
1,100,48,0,9.70312e-05,40.5387
1,101,48,0,0.000100588,40.5399
1,102,48,0,0.000117693,40.5411
1,103,48,0,0.000141494,40.543
1,104,48,0,0.000138146,40.5417
1,105,48,0,0.000100588,40.5388
1,106,48,0,0.000105283,40.5359
1,107,48,0,7.8462e-05,40.5315
1,108,48,0,4.0905e-05,40.5287
1,109,48,0,3.9231e-05,40.5287
1,110,48,0,0.000214933,40.5346
1,111,48,0,4.92936e-05,40.529
1,112,48,0,9.89145e-05,40.5291
1,113,48,0,4.34616e-05,40.5265
1,114,48,0,0.000117693,40.5297
1,115,48,0,7.15837e-05,40.5285
1,116,48,0,0.000114345,40.53
1,117,48,0,0.000100588,40.5308
1,118,48,0,9.89145e-05,40.5336
1,119,48,0,0.00017905,40.5377
1,120,48,0,0.000139819,40.5358
1,121,48,0,5.96835e-05,40.5305
1,122,48,0,0.000119367,40.5306
1,123,48,0,7.6788e-05,40.5283
1,124,48,0,0.000196155,40.5306
1,125,48,0,0.000102262,40.5218
1,126,48,0,2.04525e-05,40.5141
1,127,48,0,0.000121041,40.5117
1,0,49,0,0.000199962,40.8199
1,1,49,0,6.13575e-05,40.8126
1,2,49,0,9.89145e-05,40.8088
1,3,49,0,0.000125363,40.8041
1,4,49,0,6.13575e-05,40.7947
1,5,49,0,6.13575e-05,40.7885
1,6,49,0,0.000102262,40.7852
1,7,49,0,0.000119367,40.7825
1,8,49,0,6.14486e-05,40.7776
1,9,49,0,0.000138937,40.7751
1,10,49,0,5.80095e-05,40.7666
1,11,49,0,0.000132941,40.7616
1,12,49,0,8.181e-05,40.7526
1,13,49,0,0.000154276,40.7479
1,14,49,0,0.00010491,40.7388
1,15,49,0,4.0905e-05,40.7287
1,16,49,0,9.89145e-05,40.7225
1,17,49,0,6.13575e-05,40.7141
1,18,49,0,2.04525e-05,40.7079
1,19,49,0,8.19011e-05,40.7069
1,20,49,0,4.77833e-05,40.7034
1,21,49,0,7.56962e-05,40.7006
1,22,49,0,6.22401e-05,40.6958
1,23,49,0,5.80095e-05,40.6886
1,24,49,0,4.0905e-05,40.6835
1,25,49,0,0.000129384,40.6821
1,26,49,0,0.000112671,40.6768
1,27,49,0,8.78057e-05,40.672
1,28,49,0,5.96835e-05,40.6676
1,29,49,0,0.000170498,40.6692
1,30,49,0,0.000175448,40.6653
1,31,49,0,0.000100588,40.6559
1,32,49,0,1.87785e-05,40.6446
1,33,49,0,8.181e-05,40.6423
1,34,49,0,0.000127037,40.6418
1,35,49,0,0.000146443,40.6374
1,36,49,0,2.47286e-05,40.628
1,37,49,0,0.000100588,40.6254
1,38,49,0,7.8462e-05,40.6208
1,39,49,0,9.72405e-05,40.6171
1,40,49,0,9.89145e-05,40.6139
1,41,49,0,0.000115136,40.6115
1,42,49,0,0.000141494,40.6095
1,43,49,0,0.000127037,40.6057
1,44,49,0,8.31566e-05,40.6015
1,45,49,0,0.000100588,40.5984
1,46,49,0,9.72405e-05,40.5959
1,47,49,0,4.26701e-05,40.5922
1,48,49,0,0.00013982,40.5937
1,49,49,0,0.000147489,40.5926
1,50,49,0,9.97059e-05,40.5871
1,51,49,0,0.000102262,40.5828
1,52,49,0,7.42314e-05,40.5768
1,53,49,0,8.0136e-05,40.5737
1,54,49,0,3.7557e-05,40.571
1,55,49,0,9.72405e-05,40.5718
1,56,49,0,9.89145e-05,40.5691
1,57,49,0,7.8462e-05,40.5664
1,58,49,0,0.000110815,40.5659
1,59,49,0,5.96835e-05,40.5631
1,60,49,0,8.181e-05,40.562
1,61,49,0,5.80095e-05,40.56
1,62,49,0,5.75454e-05,40.5601
1,63,49,0,0.000125272,40.5626
1,64,49,0,0.000111697,40.5619
1,65,49,0,5.80095e-05,40.5598
1,66,49,0,9.71494e-05,40.5617
1,67,49,0,8.69231e-05,40.5643
1,68,49,0,9.89145e-05,40.5676
1,69,49,0,9.54754e-05,40.571
1,70,49,0,0.000130385,40.5749
1,71,49,0,9.38014e-05,40.5741
1,72,49,0,8.44577e-05,40.572
1,73,49,0,8.181e-05,40.5685
1,74,49,0,0.000100588,40.564
1,75,49,0,7.05375e-05,40.5593
1,76,49,0,8.70142e-05,40.5579
1,77,49,0,2.38916e-05,40.5556
1,78,49,0,9.89145e-05,40.5547
1,79,49,0,0,40.5483
1,80,49,0,0,40.5481
1,81,49,0,0.000117693,40.5535
1,82,49,0,9.03622e-05,40.5538
1,83,49,0,0.000121041,40.5567
1,84,49,0,0.000142376,40.5572
1,85,49,0,0.000177377,40.5563
1,86,49,0,0.000127037,40.5506
1,87,49,0,3.9231e-05,40.5439
1,88,49,0,7.37674e-05,40.5443
1,89,49,0,0.000158598,40.5466
1,90,49,0,3.9231e-05,40.5406
1,91,49,0,5.80095e-05,40.5384
1,92,49,0,7.8462e-05,40.5382
1,93,49,0,0.000100588,40.5378
1,94,49,0,5.96835e-05,40.5343
1,95,49,0,2.04525e-05,40.5341
1,96,49,0,0.000158598,40.5403
1,97,49,0,0.000138145,40.5395
1,98,49,0,0.000100588,40.5373
1,99,49,0,2.04525e-05,40.5338
1,100,49,0,0.000175912,40.5402
1,101,49,0,9.65672e-05,40.5384
1,102,49,0,3.9231e-05,40.5367
1,103,49,0,0.000134706,40.5401
1,104,49,0,5.36878e-05,40.5373
1,105,49,0,0.000134798,40.5382
1,106,49,0,0.000111324,40.5349
1,107,49,0,4.0905e-05,40.5299
1,108,49,0,0.000141493,40.5312
1,109,49,0,7.8462e-05,40.5285
1,110,49,0,5.30415e-05,40.5282
1,111,49,0,8.71779e-05,40.5284
1,112,49,0,0.00013982,40.5296
1,113,49,0,3.83484e-05,40.5258
1,114,49,0,0.00013982,40.5294
1,115,49,0,8.70142e-05,40.5274
1,116,49,0,5.80095e-05,40.5262
1,117,49,0,4.0905e-05,40.5268
1,118,49,0,0.000121041,40.5317
1,119,49,0,8.71779e-05,40.5331
1,120,49,0,0.00013982,40.534
1,121,49,0,8.0136e-05,40.5298
1,122,49,0,0.000114399,40.5291
1,123,49,0,5.96835e-05,40.5262
1,124,49,0,0.000180724,40.5281
1,125,49,0,2.04525e-05,40.5183
1,126,49,0,0.000138146,40.5161
1,127,49,0,5.80095e-05,40.509
1,0,50,0,6.18169e-05,40.7961
1,1,50,0,0,40.7894
1,2,50,0,0,40.7838
1,3,50,0,1.27828e-05,40.7783
1,4,50,0,0,40.771
1,5,50,0,0,40.765
1,6,50,0,0,40.7603
1,7,50,0,0,40.7561
1,8,50,0,0,40.7515
1,9,50,0,2.55656e-06,40.7472
1,10,50,0,0,40.7414
1,11,50,0,3.06787e-05,40.7367
1,12,50,0,0,40.7291
1,13,50,0,2.04525e-05,40.7234
1,14,50,0,1.27828e-05,40.7157
1,15,50,0,0,40.7073
1,16,50,0,0,40.7004
1,17,50,0,0,40.6938
1,18,50,0,0,40.6885
1,19,50,0,0,40.6849
1,20,50,0,0,40.6813
1,21,50,0,0,40.6778
1,22,50,0,1.78959e-05,40.674
1,23,50,0,0,40.6682
1,24,50,0,0,40.6637
1,25,50,0,1.27828e-05,40.6606
1,26,50,0,0,40.6559
1,27,50,0,0,40.6517
1,28,50,0,0,40.6481
1,29,50,0,1.02263e-05,40.6462
1,30,50,0,1.53394e-05,40.6422
1,31,50,0,0,40.6353
1,32,50,0,0,40.6284
1,33,50,0,0,40.6242
1,34,50,0,0,40.6211
1,35,50,0,0,40.617
1,36,50,0,9.38925e-06,40.6119
1,37,50,0,0,40.6076
1,38,50,0,0,40.6036
1,39,50,0,0,40.6001
1,40,50,0,0,40.597
1,41,50,0,2.55656e-06,40.5944
1,42,50,0,0,40.5918
1,43,50,0,0,40.5888
1,44,50,0,1.40839e-05,40.5861
1,45,50,0,0,40.5828
1,46,50,0,0,40.5803
1,47,50,0,1.53394e-05,40.5784
1,48,50,0,0,40.5765
1,49,50,0,0,40.5744
1,50,50,0,0,40.5708
1,51,50,0,0,40.5672
1,52,50,0,2.55656e-06,40.5633
1,53,50,0,0,40.5603
1,54,50,0,0,40.558
1,55,50,0,0,40.5567
1,56,50,0,0,40.5549
1,57,50,0,0,40.5531
1,58,50,0,1.02263e-05,40.5521
1,59,50,0,0,40.5501
1,60,50,0,0,40.5488
1,61,50,0,0,40.5478
1,62,50,0,4.69463e-06,40.548
1,63,50,0,1.53394e-05,40.549
1,64,50,0,7.66969e-06,40.5486
1,65,50,0,0,40.5478
1,66,50,0,0,40.5488
1,67,50,0,1.53394e-05,40.551
1,68,50,0,0,40.5524
1,69,50,0,0,40.5544
1,70,50,0,0,40.5562
1,71,50,0,2.55656e-05,40.5569
1,72,50,0,0,40.5547
1,73,50,0,1.53394e-05,40.5525
1,74,50,0,0,40.5489
1,75,50,0,0,40.5458
1,76,50,0,1.02263e-05,40.544
1,77,50,0,0,40.5417
1,78,50,0,0,40.5398
1,79,50,0,0,40.5372
1,80,50,0,0,40.5368
1,81,50,0,0,40.5383
1,82,50,0,1.02263e-05,40.5393
1,83,50,0,0,40.5398
1,84,50,0,0,40.5396
1,85,50,0,0,40.5384
1,86,50,0,1.27828e-05,40.5358
1,87,50,0,0,40.5321
1,88,50,0,4.69463e-06,40.5308
1,89,50,0,0,40.5299
1,90,50,0,0,40.5273
1,91,50,0,0,40.5254
1,92,50,0,0,40.5244
1,93,50,0,0,40.5235
1,94,50,0,0,40.5222
1,95,50,0,0,40.5221
1,96,50,0,0,40.5237
1,97,50,0,0,40.5237
1,98,50,0,0,40.5228
1,99,50,0,0,40.522
1,100,50,0,0,40.5234
1,101,50,0,2.34731e-06,40.5233
1,102,50,0,0,40.5229
1,103,50,0,5.11312e-06,40.5236
1,104,50,0,7.66969e-06,40.5228
1,105,50,0,0,40.5217
1,106,50,0,0,40.5198
1,107,50,0,0,40.5175
1,108,50,0,0,40.5167
1,109,50,0,0,40.5154
1,110,50,0,0,40.5148
1,111,50,0,0,40.5145
1,112,50,0,0,40.5145
1,113,50,0,0,40.5135
1,114,50,0,0,40.514
1,115,50,0,0,40.5135
1,116,50,0,0,40.5133
1,117,50,0,0,40.5139
1,118,50,0,0,40.5157
1,119,50,0,1.17366e-05,40.517
1,120,50,0,0,40.5165
1,121,50,0,0,40.5148
1,122,50,0,0,40.5134
1,123,50,0,0,40.5115
1,124,50,0,0,40.51
1,125,50,0,0,40.5058
1,126,50,0,0,40.5026
1,127,50,0,0,40.4986
1,0,51,0,6.18169e-05,40.7755
1,1,51,0,0,40.7682
1,2,51,0,0,40.7616
1,3,51,0,0,40.7554
1,4,51,0,0,40.7489
1,5,51,0,0,40.743
1,6,51,0,0,40.7378
1,7,51,0,0,40.733
1,8,51,0,0,40.7282
1,9,51,0,0,40.7233
1,10,51,0,0,40.718
1,11,51,0,0,40.7126
1,12,51,0,0,40.7064
1,13,51,0,0,40.7004
1,14,51,0,0,40.6938
1,15,51,0,0,40.687
1,16,51,0,0,40.6807
1,17,51,0,0,40.6749
1,18,51,0,0,40.6699
1,19,51,0,0,40.6657
1,20,51,0,0,40.6617
1,21,51,0,0,40.6578
1,22,51,0,0,40.6537
1,23,51,0,0,40.6492
1,24,51,0,0,40.645
1,25,51,0,0,40.6411
1,26,51,0,0,40.6371
1,27,51,0,0,40.6331
1,28,51,0,0,40.6295
1,29,51,0,0,40.6262
1,30,51,0,0,40.6221
1,31,51,0,0,40.617
1,32,51,0,0,40.6118
1,33,51,0,0,40.6076
1,34,51,0,0,40.6038
1,35,51,0,0,40.5999
1,36,51,0,0,40.5957
1,37,51,0,0,40.5919
1,38,51,0,0,40.5883
1,39,51,0,0,40.585
1,40,51,0,0,40.582
1,41,51,0,0,40.5793
1,42,51,0,0,40.5767
1,43,51,0,0,40.574
1,44,51,0,0,40.5714
1,45,51,0,0,40.5687
1,46,51,0,0,40.5663
1,47,51,0,0,40.5642
1,48,51,0,0,40.5621
1,49,51,0,0,40.5597
1,50,51,0,0,40.5569
1,51,51,0,0,40.5539
1,52,51,0,0,40.5509
1,53,51,0,0,40.5483
1,54,51,0,0,40.5462
1,55,51,0,0,40.5445
1,56,51,0,0,40.5428
1,57,51,0,0,40.5412
1,58,51,0,0,40.5399
1,59,51,0,0,40.5385
1,60,51,0,0,40.5374
1,61,51,0,0,40.5366
1,62,51,0,0,40.5364
1,63,51,0,0,40.5365
1,64,51,0,0,40.5364
1,65,51,0,0,40.5363
1,66,51,0,0,40.5369
1,67,51,0,0,40.538
1,68,51,0,0,40.539
1,69,51,0,0,40.5401
1,70,51,0,0,40.5408
1,71,51,0,0,40.5408
1,72,51,0,0,40.5396
1,73,51,0,0,40.5378
1,74,51,0,0,40.5355
1,75,51,0,0,40.5332
1,76,51,0,0,40.5313
1,77,51,0,0,40.5294
1,78,51,0,0,40.5277
1,79,51,0,0,40.5262
1,80,51,0,0,40.5255
1,81,51,0,0,40.5257
1,82,51,0,0,40.5259
1,83,51,0,0,40.5258
1,84,51,0,0,40.5252
1,85,51,0,0,40.5241
1,86,51,0,0,40.5222
1,87,51,0,0,40.52
1,88,51,0,0,40.5184
1,89,51,0,0,40.517
1,90,51,0,0,40.5152
1,91,51,0,0,40.5137
1,92,51,0,0,40.5126
1,93,51,0,0,40.5117
1,94,51,0,0,40.5109
1,95,51,0,0,40.5106
1,96,51,0,0,40.5109
1,97,51,0,0,40.5107
1,98,51,0,0,40.5104
1,99,51,0,0,40.51
1,100,51,0,0,40.5103
1,101,51,0,0,40.5102
1,102,51,0,0,40.51
1,103,51,0,0,40.5099
1,104,51,0,0,40.5093
1,105,51,0,0,40.5083
1,106,51,0,0,40.507
1,107,51,0,0,40.5056
1,108,51,0,0,40.5046
1,109,51,0,0,40.5037
1,110,51,0,0,40.503
1,111,51,0,0,40.5026
1,112,51,0,0,40.5022
1,113,51,0,0,40.5018
1,114,51,0,0,40.5017
1,115,51,0,0,40.5015
1,116,51,0,0,40.5014
1,117,51,0,0,40.5018
1,118,51,0,0,40.5025
1,119,51,0,0,40.5028
1,120,51,0,0,40.5024
1,121,51,0,0,40.5014
1,122,51,0,0,40.5001
1,123,51,0,0,40.4986
1,124,51,0,0,40.4968
1,125,51,0,0,40.4942
1,126,51,0,0,40.4918
1,127,51,0,0,40.4894
1,0,52,0,6.18169e-05,40.757
1,1,52,0,0,40.7492
1,2,52,0,0,40.7421
1,3,52,0,0,40.7355
1,4,52,0,0,40.7292
1,5,52,0,0,40.7232
1,6,52,0,0,40.7178
1,7,52,0,0,40.7126
1,8,52,0,0,40.7075
1,9,52,0,0,40.7025
1,10,52,0,0,40.6973
1,11,52,0,0,40.6919
1,12,52,0,0,40.6863
1,13,52,0,0,40.6806
1,14,52,0,0,40.6747
1,15,52,0,0,40.6688
1,16,52,0,0,40.6631
1,17,52,0,0,40.6578
1,18,52,0,0,40.653
1,19,52,0,0,40.6486
1,20,52,0,0,40.6445
1,21,52,0,0,40.6405
1,22,52,0,0,40.6364
1,23,52,0,0,40.6323
1,24,52,0,0,40.6283
1,25,52,0,0,40.6244
1,26,52,0,0,40.6205
1,27,52,0,0,40.6167
1,28,52,0,0,40.613
1,29,52,0,0,40.6093
1,30,52,0,0,40.6054
1,31,52,0,0,40.6011
1,32,52,0,0,40.5967
1,33,52,0,0,40.5927
1,34,52,0,0,40.5889
1,35,52,0,0,40.5852
1,36,52,0,0,40.5816
1,37,52,0,0,40.5781
1,38,52,0,0,40.5748
1,39,52,0,0,40.5718
1,40,52,0,0,40.569
1,41,52,0,0,40.5663
1,42,52,0,0,40.5638
1,43,52,0,0,40.5613
1,44,52,0,0,40.5589
1,45,52,0,0,40.5565
1,46,52,0,0,40.5543
1,47,52,0,0,40.5521
1,48,52,0,0,40.55
1,49,52,0,0,40.5477
1,50,52,0,0,40.5453
1,51,52,0,0,40.5427
1,52,52,0,0,40.5403
1,53,52,0,0,40.538
1,54,52,0,0,40.536
1,55,52,0,0,40.5342
1,56,52,0,0,40.5326
1,57,52,0,0,40.5312
1,58,52,0,0,40.5299
1,59,52,0,0,40.5287
1,60,52,0,0,40.5277
1,61,52,0,0,40.527
1,62,52,0,0,40.5266
1,63,52,0,0,40.5264
1,64,52,0,0,40.5262
1,65,52,0,0,40.5262
1,66,52,0,0,40.5265
1,67,52,0,0,40.5271
1,68,52,0,0,40.5276
1,69,52,0,0,40.5281
1,70,52,0,0,40.5284
1,71,52,0,0,40.5281
1,72,52,0,0,40.5272
1,73,52,0,0,40.5258
1,74,52,0,0,40.5241
1,75,52,0,0,40.5223
1,76,52,0,0,40.5206
1,77,52,0,0,40.519
1,78,52,0,0,40.5176
1,79,52,0,0,40.5163
1,80,52,0,0,40.5155
1,81,52,0,0,40.5151
1,82,52,0,0,40.5148
1,83,52,0,0,40.5143
1,84,52,0,0,40.5135
1,85,52,0,0,40.5124
1,86,52,0,0,40.5109
1,87,52,0,0,40.5093
1,88,52,0,0,40.5078
1,89,52,0,0,40.5064
1,90,52,0,0,40.5049
1,91,52,0,0,40.5036
1,92,52,0,0,40.5026
1,93,52,0,0,40.5017
1,94,52,0,0,40.5009
1,95,52,0,0,40.5005
1,96,52,0,0,40.5003
1,97,52,0,0,40.5001
1,98,52,0,0,40.4998
1,99,52,0,0,40.4995
1,100,52,0,0,40.4994
1,101,52,0,0,40.4993
1,102,52,0,0,40.499
1,103,52,0,0,40.4987
1,104,52,0,0,40.4981
1,105,52,0,0,40.4973
1,106,52,0,0,40.4964
1,107,52,0,0,40.4953
1,108,52,0,0,40.4944
1,109,52,0,0,40.4936
1,110,52,0,0,40.493
1,111,52,0,0,40.4925
1,112,52,0,0,40.4921
1,113,52,0,0,40.4917
1,114,52,0,0,40.4915
1,115,52,0,0,40.4913
1,116,52,0,0,40.4912
1,117,52,0,0,40.4913
1,118,52,0,0,40.4914
1,119,52,0,0,40.4914
1,120,52,0,0,40.491
1,121,52,0,0,40.4902
1,122,52,0,0,40.4891
1,123,52,0,0,40.4878
1,124,52,0,0,40.4863
1,125,52,0,0,40.4845
1,126,52,0,0,40.4828
1,127,52,0,0,40.4812
1,0,53,0,6.18169e-05,40.7404
1,1,53,0,0,40.7323
1,2,53,0,0,40.7249
1,3,53,0,0,40.7181
1,4,53,0,0,40.7117
1,5,53,0,0,40.7057
1,6,53,0,0,40.7001
1,7,53,0,0,40.6947
1,8,53,0,0,40.6895
1,9,53,0,0,40.6844
1,10,53,0,0,40.6793
1,11,53,0,0,40.6741
1,12,53,0,0,40.6688
1,13,53,0,0,40.6635
1,14,53,0,0,40.6581
1,15,53,0,0,40.6527
1,16,53,0,0,40.6475
1,17,53,0,0,40.6426
1,18,53,0,0,40.638
1,19,53,0,0,40.6337
1,20,53,0,0,40.6296
1,21,53,0,0,40.6256
1,22,53,0,0,40.6216
1,23,53,0,0,40.6176
1,24,53,0,0,40.6137
1,25,53,0,0,40.6099
1,26,53,0,0,40.6061
1,27,53,0,0,40.6024
1,28,53,0,0,40.5987
1,29,53,0,0,40.5951
1,30,53,0,0,40.5913
1,31,53,0,0,40.5874
1,32,53,0,0,40.5835
1,33,53,0,0,40.5798
1,34,53,0,0,40.5762
1,35,53,0,0,40.5728
1,36,53,0,0,40.5695
1,37,53,0,0,40.5663
1,38,53,0,0,40.5633
1,39,53,0,0,40.5605
1,40,53,0,0,40.5579
1,41,53,0,0,40.5554
1,42,53,0,0,40.553
1,43,53,0,0,40.5507
1,44,53,0,0,40.5485
1,45,53,0,0,40.5463
1,46,53,0,0,40.5442
1,47,53,0,0,40.5421
1,48,53,0,0,40.5401
1,49,53,0,0,40.538
1,50,53,0,0,40.5358
1,51,53,0,0,40.5336
1,52,53,0,0,40.5314
1,53,53,0,0,40.5294
1,54,53,0,0,40.5275
1,55,53,0,0,40.5259
1,56,53,0,0,40.5243
1,57,53,0,0,40.5229
1,58,53,0,0,40.5217
1,59,53,0,0,40.5206
1,60,53,0,0,40.5197
1,61,53,0,0,40.519
1,62,53,0,0,40.5185
1,63,53,0,0,40.5181
1,64,53,0,0,40.5179
1,65,53,0,0,40.5179
1,66,53,0,0,40.5179
1,67,53,0,0,40.5181
1,68,53,0,0,40.5184
1,69,53,0,0,40.5185
1,70,53,0,0,40.5184
1,71,53,0,0,40.518
1,72,53,0,0,40.5172
1,73,53,0,0,40.5161
1,74,53,0,0,40.5147
1,75,53,0,0,40.5133
1,76,53,0,0,40.5118
1,77,53,0,0,40.5104
1,78,53,0,0,40.5092
1,79,53,0,0,40.508
1,80,53,0,0,40.5071
1,81,53,0,0,40.5064
1,82,53,0,0,40.5058
1,83,53,0,0,40.5051
1,84,53,0,0,40.5042
1,85,53,0,0,40.5031
1,86,53,0,0,40.5018
1,87,53,0,0,40.5004
1,88,53,0,0,40.4991
1,89,53,0,0,40.4977
1,90,53,0,0,40.4965
1,91,53,0,0,40.4953
1,92,53,0,0,40.4943
1,93,53,0,0,40.4934
1,94,53,0,0,40.4927
1,95,53,0,0,40.4921
1,96,53,0,0,40.4917
1,97,53,0,0,40.4914
1,98,53,0,0,40.4911
1,99,53,0,0,40.4908
1,100,53,0,0,40.4906
1,101,53,0,0,40.4903
1,102,53,0,0,40.49
1,103,53,0,0,40.4896
1,104,53,0,0,40.4891
1,105,53,0,0,40.4884
1,106,53,0,0,40.4876
1,107,53,0,0,40.4868
1,108,53,0,0,40.486
1,109,53,0,0,40.4853
1,110,53,0,0,40.4847
1,111,53,0,0,40.4842
1,112,53,0,0,40.4837
1,113,53,0,0,40.4834
1,114,53,0,0,40.4831
1,115,53,0,0,40.4828
1,116,53,0,0,40.4827
1,117,53,0,0,40.4826
1,118,53,0,0,40.4825
1,119,53,0,0,40.4823
1,120,53,0,0,40.4818
1,121,53,0,0,40.4811
1,122,53,0,0,40.4802
1,123,53,0,0,40.4791
1,124,53,0,0,40.4779
1,125,53,0,0,40.4766
1,126,53,0,0,40.4753
1,127,53,0,0,40.4743
1,0,54,0,6.18169e-05,40.7258
1,1,54,0,0,40.7175
1,2,54,0,0,40.7099
1,3,54,0,0,40.7029
1,4,54,0,0,40.6964
1,5,54,0,0,40.6904
1,6,54,0,0,40.6847
1,7,54,0,0,40.6792
1,8,54,0,0,40.674
1,9,54,0,0,40.6689
1,10,54,0,0,40.6639
1,11,54,0,0,40.6589
1,12,54,0,0,40.6538
1,13,54,0,0,40.6488
1,14,54,0,0,40.6438
1,15,54,0,0,40.6389
1,16,54,0,0,40.6341
1,17,54,0,0,40.6295
1,18,54,0,0,40.6251
1,19,54,0,0,40.6209
1,20,54,0,0,40.6168
1,21,54,0,0,40.6129
1,22,54,0,0,40.609
1,23,54,0,0,40.6052
1,24,54,0,0,40.6014
1,25,54,0,0,40.5976
1,26,54,0,0,40.5939
1,27,54,0,0,40.5903
1,28,54,0,0,40.5867
1,29,54,0,0,40.5831
1,30,54,0,0,40.5795
1,31,54,0,0,40.5759
1,32,54,0,0,40.5723
1,33,54,0,0,40.5689
1,34,54,0,0,40.5655
1,35,54,0,0,40.5624
1,36,54,0,0,40.5593
1,37,54,0,0,40.5564
1,38,54,0,0,40.5537
1,39,54,0,0,40.5511
1,40,54,0,0,40.5487
1,41,54,0,0,40.5464
1,42,54,0,0,40.5442
1,43,54,0,0,40.5421
1,44,54,0,0,40.5401
1,45,54,0,0,40.5381
1,46,54,0,0,40.5361
1,47,54,0,0,40.5342
1,48,54,0,0,40.5323
1,49,54,0,0,40.5303
1,50,54,0,0,40.5283
1,51,54,0,0,40.5264
1,52,54,0,0,40.5244
1,53,54,0,0,40.5226
1,54,54,0,0,40.5209
1,55,54,0,0,40.5193
1,56,54,0,0,40.5179
1,57,54,0,0,40.5165
1,58,54,0,0,40.5154
1,59,54,0,0,40.5143
1,60,54,0,0,40.5134
1,61,54,0,0,40.5127
1,62,54,0,0,40.5122
1,63,54,0,0,40.5118
1,64,54,0,0,40.5115
1,65,54,0,0,40.5113
1,66,54,0,0,40.5112
1,67,54,0,0,40.5112
1,68,54,0,0,40.5111
1,69,54,0,0,40.511
1,70,54,0,0,40.5108
1,71,54,0,0,40.5103
1,72,54,0,0,40.5095
1,73,54,0,0,40.5086
1,74,54,0,0,40.5074
1,75,54,0,0,40.5062
1,76,54,0,0,40.5049
1,77,54,0,0,40.5037
1,78,54,0,0,40.5025
1,79,54,0,0,40.5014
1,80,54,0,0,40.5005
1,81,54,0,0,40.4996
1,82,54,0,0,40.4988
1,83,54,0,0,40.4979
1,84,54,0,0,40.497
1,85,54,0,0,40.4959
1,86,54,0,0,40.4947
1,87,54,0,0,40.4934
1,88,54,0,0,40.4922
1,89,54,0,0,40.4909
1,90,54,0,0,40.4897
1,91,54,0,0,40.4886
1,92,54,0,0,40.4877
1,93,54,0,0,40.4868
1,94,54,0,0,40.4861
1,95,54,0,0,40.4855
1,96,54,0,0,40.485
1,97,54,0,0,40.4846
1,98,54,0,0,40.4842
1,99,54,0,0,40.4839
1,100,54,0,0,40.4836
1,101,54,0,0,40.4833
1,102,54,0,0,40.4829
1,103,54,0,0,40.4825
1,104,54,0,0,40.482
1,105,54,0,0,40.4815
1,106,54,0,0,40.4808
1,107,54,0,0,40.4801
1,108,54,0,0,40.4794
1,109,54,0,0,40.4788
1,110,54,0,0,40.4782
1,111,54,0,0,40.4776
1,112,54,0,0,40.4772
1,113,54,0,0,40.4768
1,114,54,0,0,40.4764
1,115,54,0,0,40.4762
1,116,54,0,0,40.4759
1,117,54,0,0,40.4757
1,118,54,0,0,40.4755
1,119,54,0,0,40.4752
1,120,54,0,0,40.4747
1,121,54,0,0,40.4741
1,122,54,0,0,40.4733
1,123,54,0,0,40.4724
1,124,54,0,0,40.4714
1,125,54,0,0,40.4704
1,126,54,0,0,40.4695
1,127,54,0,0,40.4688
1,0,55,0,6.18169e-05,40.713
1,1,55,0,0,40.7046
1,2,55,0,0,40.697
1,3,55,0,0,40.6899
1,4,55,0,0,40.6834
1,5,55,0,0,40.6773
1,6,55,0,0,40.6715
1,7,55,0,0,40.6661
1,8,55,0,0,40.6608
1,9,55,0,0,40.6558
1,10,55,0,0,40.6509
1,11,55,0,0,40.646
1,12,55,0,0,40.6412
1,13,55,0,0,40.6365
1,14,55,0,0,40.6318
1,15,55,0,0,40.6272
1,16,55,0,0,40.6228
1,17,55,0,0,40.6184
1,18,55,0,0,40.6142
1,19,55,0,0,40.6102
1,20,55,0,0,40.6062
1,21,55,0,0,40.6024
1,22,55,0,0,40.5986
1,23,55,0,0,40.5949
1,24,55,0,0,40.5912
1,25,55,0,0,40.5875
1,26,55,0,0,40.5839
1,27,55,0,0,40.5803
1,28,55,0,0,40.5768
1,29,55,0,0,40.5733
1,30,55,0,0,40.5699
1,31,55,0,0,40.5665
1,32,55,0,0,40.5631
1,33,55,0,0,40.5599
1,34,55,0,0,40.5568
1,35,55,0,0,40.5538
1,36,55,0,0,40.551
1,37,55,0,0,40.5484
1,38,55,0,0,40.5459
1,39,55,0,0,40.5436
1,40,55,0,0,40.5414
1,41,55,0,0,40.5393
1,42,55,0,0,40.5373
1,43,55,0,0,40.5354
1,44,55,0,0,40.5336
1,45,55,0,0,40.5318
1,46,55,0,0,40.53
1,47,55,0,0,40.5282
1,48,55,0,0,40.5264
1,49,55,0,0,40.5246
1,50,55,0,0,40.5228
1,51,55,0,0,40.5211
1,52,55,0,0,40.5193
1,53,55,0,0,40.5176
1,54,55,0,0,40.516
1,55,55,0,0,40.5145
1,56,55,0,0,40.5132
1,57,55,0,0,40.5119
1,58,55,0,0,40.5108
1,59,55,0,0,40.5098
1,60,55,0,0,40.5089
1,61,55,0,0,40.5082
1,62,55,0,0,40.5076
1,63,55,0,0,40.5071
1,64,55,0,0,40.5068
1,65,55,0,0,40.5065
1,66,55,0,0,40.5063
1,67,55,0,0,40.5061
1,68,55,0,0,40.5059
1,69,55,0,0,40.5057
1,70,55,0,0,40.5053
1,71,55,0,0,40.5047
1,72,55,0,0,40.504
1,73,55,0,0,40.5031
1,74,55,0,0,40.5021
1,75,55,0,0,40.501
1,76,55,0,0,40.4999
1,77,55,0,0,40.4987
1,78,55,0,0,40.4976
1,79,55,0,0,40.4966
1,80,55,0,0,40.4956
1,81,55,0,0,40.4946
1,82,55,0,0,40.4937
1,83,55,0,0,40.4927
1,84,55,0,0,40.4917
1,85,55,0,0,40.4906
1,86,55,0,0,40.4895
1,87,55,0,0,40.4883
1,88,55,0,0,40.4871
1,89,55,0,0,40.4859
1,90,55,0,0,40.4848
1,91,55,0,0,40.4837
1,92,55,0,0,40.4828
1,93,55,0,0,40.4819
1,94,55,0,0,40.4811
1,95,55,0,0,40.4805
1,96,55,0,0,40.4799
1,97,55,0,0,40.4795
1,98,55,0,0,40.4791
1,99,55,0,0,40.4787
1,100,55,0,0,40.4784
1,101,55,0,0,40.4781
1,102,55,0,0,40.4777
1,103,55,0,0,40.4773
1,104,55,0,0,40.4769
1,105,55,0,0,40.4764
1,106,55,0,0,40.4758
1,107,55,0,0,40.4752
1,108,55,0,0,40.4745
1,109,55,0,0,40.4739
1,110,55,0,0,40.4733
1,111,55,0,0,40.4728
1,112,55,0,0,40.4723
1,113,55,0,0,40.4719
1,114,55,0,0,40.4715
1,115,55,0,0,40.4712
1,116,55,0,0,40.4709
1,117,55,0,0,40.4706
1,118,55,0,0,40.4703
1,119,55,0,0,40.47
1,120,55,0,0,40.4695
1,121,55,0,0,40.469
1,122,55,0,0,40.4683
1,123,55,0,0,40.4675
1,124,55,0,0,40.4667
1,125,55,0,0,40.4659
1,126,55,0,0,40.4652
1,127,55,0,0,40.4646
1,0,56,0,6.18169e-05,40.7021
1,1,56,0,0,40.6937
1,2,56,0,0,40.686
1,3,56,0,0,40.6789
1,4,56,0,0,40.6724
1,5,56,0,0,40.6663
1,6,56,0,0,40.6605
1,7,56,0,0,40.6551
1,8,56,0,0,40.6499
1,9,56,0,0,40.6449
1,10,56,0,0,40.6401
1,11,56,0,0,40.6355
1,12,56,0,0,40.6309
1,13,56,0,0,40.6264
1,14,56,0,0,40.622
1,15,56,0,0,40.6177
1,16,56,0,0,40.6135
1,17,56,0,0,40.6094
1,18,56,0,0,40.6055
1,19,56,0,0,40.6016
1,20,56,0,0,40.5978
1,21,56,0,0,40.594
1,22,56,0,0,40.5903
1,23,56,0,0,40.5867
1,24,56,0,0,40.583
1,25,56,0,0,40.5795
1,26,56,0,0,40.5759
1,27,56,0,0,40.5724
1,28,56,0,0,40.569
1,29,56,0,0,40.5656
1,30,56,0,0,40.5623
1,31,56,0,0,40.559
1,32,56,0,0,40.5559
1,33,56,0,0,40.5528
1,34,56,0,0,40.5499
1,35,56,0,0,40.5472
1,36,56,0,0,40.5446
1,37,56,0,0,40.5422
1,38,56,0,0,40.54
1,39,56,0,0,40.5379
1,40,56,0,0,40.5359
1,41,56,0,0,40.5341
1,42,56,0,0,40.5324
1,43,56,0,0,40.5307
1,44,56,0,0,40.529
1,45,56,0,0,40.5274
1,46,56,0,0,40.5258
1,47,56,0,0,40.5242
1,48,56,0,0,40.5226
1,49,56,0,0,40.5209
1,50,56,0,0,40.5193
1,51,56,0,0,40.5176
1,52,56,0,0,40.516
1,53,56,0,0,40.5145
1,54,56,0,0,40.513
1,55,56,0,0,40.5116
1,56,56,0,0,40.5103
1,57,56,0,0,40.5091
1,58,56,0,0,40.508
1,59,56,0,0,40.507
1,60,56,0,0,40.5062
1,61,56,0,0,40.5054
1,62,56,0,0,40.5048
1,63,56,0,0,40.5043
1,64,56,0,0,40.5039
1,65,56,0,0,40.5035
1,66,56,0,0,40.5032
1,67,56,0,0,40.503
1,68,56,0,0,40.5026
1,69,56,0,0,40.5023
1,70,56,0,0,40.5018
1,71,56,0,0,40.5013
1,72,56,0,0,40.5006
1,73,56,0,0,40.4997
1,74,56,0,0,40.4988
1,75,56,0,0,40.4978
1,76,56,0,0,40.4967
1,77,56,0,0,40.4956
1,78,56,0,0,40.4946
1,79,56,0,0,40.4935
1,80,56,0,0,40.4925
1,81,56,0,0,40.4914
1,82,56,0,0,40.4904
1,83,56,0,0,40.4894
1,84,56,0,0,40.4883
1,85,56,0,0,40.4872
1,86,56,0,0,40.4861
1,87,56,0,0,40.4849
1,88,56,0,0,40.4838
1,89,56,0,0,40.4826
1,90,56,0,0,40.4815
1,91,56,0,0,40.4805
1,92,56,0,0,40.4795
1,93,56,0,0,40.4787
1,94,56,0,0,40.4779
1,95,56,0,0,40.4772
1,96,56,0,0,40.4766
1,97,56,0,0,40.4761
1,98,56,0,0,40.4757
1,99,56,0,0,40.4753
1,100,56,0,0,40.475
1,101,56,0,0,40.4747
1,102,56,0,0,40.4743
1,103,56,0,0,40.474
1,104,56,0,0,40.4736
1,105,56,0,0,40.4731
1,106,56,0,0,40.4726
1,107,56,0,0,40.472
1,108,56,0,0,40.4714
1,109,56,0,0,40.4708
1,110,56,0,0,40.4702
1,111,56,0,0,40.4697
1,112,56,0,0,40.4692
1,113,56,0,0,40.4687
1,114,56,0,0,40.4683
1,115,56,0,0,40.468
1,116,56,0,0,40.4676
1,117,56,0,0,40.4673
1,118,56,0,0,40.467
1,119,56,0,0,40.4667
1,120,56,0,0,40.4662
1,121,56,0,0,40.4657
1,122,56,0,0,40.4651
1,123,56,0,0,40.4645
1,124,56,0,0,40.4638
1,125,56,0,0,40.4631
1,126,56,0,0,40.4624
1,127,56,0,0,40.462
1,0,57,0,6.18169e-05,40.693
1,1,57,0,0,40.6846
1,2,57,0,0,40.677
1,3,57,0,0,40.67
1,4,57,0,0,40.6635
1,5,57,0,0,40.6574
1,6,57,0,0,40.6516
1,7,57,0,0,40.6462
1,8,57,0,0,40.6411
1,9,57,0,0,40.6363
1,10,57,0,0,40.6316
1,11,57,0,0,40.6271
1,12,57,0,0,40.6228
1,13,57,0,0,40.6185
1,14,57,0,0,40.6144
1,15,57,0,0,40.6104
1,16,57,0,0,40.6064
1,17,57,0,0,40.6026
1,18,57,0,0,40.5988
1,19,57,0,0,40.5951
1,20,57,0,0,40.5914
1,21,57,0,0,40.5878
1,22,57,0,0,40.5842
1,23,57,0,0,40.5806
1,24,57,0,0,40.577
1,25,57,0,0,40.5735
1,26,57,0,0,40.57
1,27,57,0,0,40.5665
1,28,57,0,0,40.5632
1,29,57,0,0,40.5599
1,30,57,0,0,40.5566
1,31,57,0,0,40.5535
1,32,57,0,0,40.5505
1,33,57,0,0,40.5477
1,34,57,0,0,40.5449
1,35,57,0,0,40.5424
1,36,57,0,0,40.54
1,37,57,0,0,40.5379
1,38,57,0,0,40.5359
1,39,57,0,0,40.5341
1,40,57,0,0,40.5324
1,41,57,0,0,40.5308
1,42,57,0,0,40.5293
1,43,57,0,0,40.5278
1,44,57,0,0,40.5264
1,45,57,0,0,40.525
1,46,57,0,0,40.5236
1,47,57,0,0,40.5221
1,48,57,0,0,40.5206
1,49,57,0,0,40.5191
1,50,57,0,0,40.5176
1,51,57,0,0,40.5161
1,52,57,0,0,40.5146
1,53,57,0,0,40.5131
1,54,57,0,0,40.5117
1,55,57,0,0,40.5104
1,56,57,0,0,40.5091
1,57,57,0,0,40.508
1,58,57,0,0,40.5069
1,59,57,0,0,40.506
1,60,57,0,0,40.5051
1,61,57,0,0,40.5044
1,62,57,0,0,40.5038
1,63,57,0,0,40.5033
1,64,57,0,0,40.5028
1,65,57,0,0,40.5024
1,66,57,0,0,40.502
1,67,57,0,0,40.5017
1,68,57,0,0,40.5013
1,69,57,0,0,40.5009
1,70,57,0,0,40.5004
1,71,57,0,0,40.4998
1,72,57,0,0,40.4991
1,73,57,0,0,40.4983
1,74,57,0,0,40.4974
1,75,57,0,0,40.4964
1,76,57,0,0,40.4954
1,77,57,0,0,40.4944
1,78,57,0,0,40.4933
1,79,57,0,0,40.4922
1,80,57,0,0,40.4912
1,81,57,0,0,40.4901
1,82,57,0,0,40.489
1,83,57,0,0,40.4879
1,84,57,0,0,40.4868
1,85,57,0,0,40.4857
1,86,57,0,0,40.4846
1,87,57,0,0,40.4834
1,88,57,0,0,40.4822
1,89,57,0,0,40.4811
1,90,57,0,0,40.48
1,91,57,0,0,40.479
1,92,57,0,0,40.478
1,93,57,0,0,40.4771
1,94,57,0,0,40.4763
1,95,57,0,0,40.4756
1,96,57,0,0,40.4749
1,97,57,0,0,40.4744
1,98,57,0,0,40.474
1,99,57,0,0,40.4736
1,100,57,0,0,40.4733
1,101,57,0,0,40.473
1,102,57,0,0,40.4728
1,103,57,0,0,40.4725
1,104,57,0,0,40.4721
1,105,57,0,0,40.4717
1,106,57,0,0,40.4712
1,107,57,0,0,40.4707
1,108,57,0,0,40.4701
1,109,57,0,0,40.4694
1,110,57,0,0,40.4688
1,111,57,0,0,40.4683
1,112,57,0,0,40.4677
1,113,57,0,0,40.4672
1,114,57,0,0,40.4668
1,115,57,0,0,40.4664
1,116,57,0,0,40.4661
1,117,57,0,0,40.4658
1,118,57,0,0,40.4655
1,119,57,0,0,40.4651
1,120,57,0,0,40.4648
1,121,57,0,0,40.4643
1,122,57,0,0,40.4638
1,123,57,0,0,40.4632
1,124,57,0,0,40.4625
1,125,57,0,0,40.4618
1,126,57,0,0,40.4612
1,127,57,0,0,40.4608
1,0,58,0,6.18169e-05,40.6858
1,1,58,0,0,40.6775
1,2,58,0,0,40.6699
1,3,58,0,0,40.663
1,4,58,0,0,40.6565
1,5,58,0,0,40.6505
1,6,58,0,0,40.6448
1,7,58,0,0,40.6395
1,8,58,0,0,40.6344
1,9,58,0,0,40.6297
1,10,58,0,0,40.6252
1,11,58,0,0,40.6209
1,12,58,0,0,40.6168
1,13,58,0,0,40.6128
1,14,58,0,0,40.6089
1,15,58,0,0,40.6051
1,16,58,0,0,40.6014
1,17,58,0,0,40.5978
1,18,58,0,0,40.5942
1,19,58,0,0,40.5907
1,20,58,0,0,40.5871
1,21,58,0,0,40.5836
1,22,58,0,0,40.5801
1,23,58,0,0,40.5766
1,24,58,0,0,40.573
1,25,58,0,0,40.5695
1,26,58,0,0,40.566
1,27,58,0,0,40.5626
1,28,58,0,0,40.5593
1,29,58,0,0,40.5561
1,30,58,0,0,40.5529
1,31,58,0,0,40.5499
1,32,58,0,0,40.547
1,33,58,0,0,40.5443
1,34,58,0,0,40.5418
1,35,58,0,0,40.5394
1,36,58,0,0,40.5372
1,37,58,0,0,40.5353
1,38,58,0,0,40.5336
1,39,58,0,0,40.532
1,40,58,0,0,40.5306
1,41,58,0,0,40.5293
1,42,58,0,0,40.5281
1,43,58,0,0,40.5269
1,44,58,0,0,40.5257
1,45,58,0,0,40.5245
1,46,58,0,0,40.5233
1,47,58,0,0,40.522
1,48,58,0,0,40.5206
1,49,58,0,0,40.5193
1,50,58,0,0,40.5179
1,51,58,0,0,40.5165
1,52,58,0,0,40.515
1,53,58,0,0,40.5136
1,54,58,0,0,40.5123
1,55,58,0,0,40.511
1,56,58,0,0,40.5098
1,57,58,0,0,40.5087
1,58,58,0,0,40.5076
1,59,58,0,0,40.5067
1,60,58,0,0,40.5059
1,61,58,0,0,40.5052
1,62,58,0,0,40.5045
1,63,58,0,0,40.504
1,64,58,0,0,40.5035
1,65,58,0,0,40.5031
1,66,58,0,0,40.5027
1,67,58,0,0,40.5023
1,68,58,0,0,40.5019
1,69,58,0,0,40.5014
1,70,58,0,0,40.5009
1,71,58,0,0,40.5003
1,72,58,0,0,40.4995
1,73,58,0,0,40.4987
1,74,58,0,0,40.4979
1,75,58,0,0,40.497
1,76,58,0,0,40.496
1,77,58,0,0,40.495
1,78,58,0,0,40.4939
1,79,58,0,0,40.4928
1,80,58,0,0,40.4917
1,81,58,0,0,40.4906
1,82,58,0,0,40.4894
1,83,58,0,0,40.4883
1,84,58,0,0,40.4872
1,85,58,0,0,40.486
1,86,58,0,0,40.4848
1,87,58,0,0,40.4836
1,88,58,0,0,40.4824
1,89,58,0,0,40.4813
1,90,58,0,0,40.4802
1,91,58,0,0,40.4792
1,92,58,0,0,40.4782
1,93,58,0,0,40.4773
1,94,58,0,0,40.4764
1,95,58,0,0,40.4756
1,96,58,0,0,40.4749
1,97,58,0,0,40.4744
1,98,58,0,0,40.4739
1,99,58,0,0,40.4736
1,100,58,0,0,40.4733
1,101,58,0,0,40.4731
1,102,58,0,0,40.473
1,103,58,0,0,40.4728
1,104,58,0,0,40.4725
1,105,58,0,0,40.4721
1,106,58,0,0,40.4716
1,107,58,0,0,40.4711
1,108,58,0,0,40.4705
1,109,58,0,0,40.4698
1,110,58,0,0,40.4691
1,111,58,0,0,40.4685
1,112,58,0,0,40.4679
1,113,58,0,0,40.4674
1,114,58,0,0,40.467
1,115,58,0,0,40.4666
1,116,58,0,0,40.4663
1,117,58,0,0,40.466
1,118,58,0,0,40.4657
1,119,58,0,0,40.4654
1,120,58,0,0,40.4651
1,121,58,0,0,40.4647
1,122,58,0,0,40.4642
1,123,58,0,0,40.4636
1,124,58,0,0,40.4629
1,125,58,0,0,40.4622
1,126,58,0,0,40.4616
1,127,58,0,0,40.4611
1,0,59,0,6.18169e-05,40.6802
1,1,59,0,0,40.6721
1,2,59,0,0,40.6648
1,3,59,0,0,40.658
1,4,59,0,0,40.6517
1,5,59,0,0,40.6457
1,6,59,0,0,40.64
1,7,59,0,0,40.6347
1,8,59,0,0,40.6298
1,9,59,0,0,40.6252
1,10,59,0,0,40.6208
1,11,59,0,0,40.6168
1,12,59,0,0,40.6129
1,13,59,0,0,40.6092
1,14,59,0,0,40.6056
1,15,59,0,0,40.602
1,16,59,0,0,40.5986
1,17,59,0,0,40.5951
1,18,59,0,0,40.5917
1,19,59,0,0,40.5884
1,20,59,0,0,40.585
1,21,59,0,0,40.5816
1,22,59,0,0,40.5781
1,23,59,0,0,40.5746
1,24,59,0,0,40.5711
1,25,59,0,0,40.5676
1,26,59,0,0,40.5641
1,27,59,0,0,40.5607
1,28,59,0,0,40.5574
1,29,59,0,0,40.5542
1,30,59,0,0,40.5511
1,31,59,0,0,40.5482
1,32,59,0,0,40.5454
1,33,59,0,0,40.5428
1,34,59,0,0,40.5404
1,35,59,0,0,40.5381
1,36,59,0,0,40.5362
1,37,59,0,0,40.5345
1,38,59,0,0,40.533
1,39,59,0,0,40.5318
1,40,59,0,0,40.5307
1,41,59,0,0,40.5298
1,42,59,0,0,40.5288
1,43,59,0,0,40.5279
1,44,59,0,0,40.527
1,45,59,0,0,40.526
1,46,59,0,0,40.525
1,47,59,0,0,40.5238
1,48,59,0,0,40.5226
1,49,59,0,0,40.5214
1,50,59,0,0,40.5201
1,51,59,0,0,40.5187
1,52,59,0,0,40.5174
1,53,59,0,0,40.516
1,54,59,0,0,40.5146
1,55,59,0,0,40.5134
1,56,59,0,0,40.5122
1,57,59,0,0,40.5111
1,58,59,0,0,40.5102
1,59,59,0,0,40.5092
1,60,59,0,0,40.5084
1,61,59,0,0,40.5077
1,62,59,0,0,40.5071
1,63,59,0,0,40.5065
1,64,59,0,0,40.506
1,65,59,0,0,40.5056
1,66,59,0,0,40.5052
1,67,59,0,0,40.5048
1,68,59,0,0,40.5043
1,69,59,0,0,40.5039
1,70,59,0,0,40.5033
1,71,59,0,0,40.5027
1,72,59,0,0,40.502
1,73,59,0,0,40.5012
1,74,59,0,0,40.5003
1,75,59,0,0,40.4994
1,76,59,0,0,40.4984
1,77,59,0,0,40.4974
1,78,59,0,0,40.4964
1,79,59,0,0,40.4952
1,80,59,0,0,40.4941
1,81,59,0,0,40.4929
1,82,59,0,0,40.4917
1,83,59,0,0,40.4905
1,84,59,0,0,40.4893
1,85,59,0,0,40.4881
1,86,59,0,0,40.4869
1,87,59,0,0,40.4857
1,88,59,0,0,40.4844
1,89,59,0,0,40.4832
1,90,59,0,0,40.4821
1,91,59,0,0,40.481
1,92,59,0,0,40.4801
1,93,59,0,0,40.4792
1,94,59,0,0,40.4782
1,95,59,0,0,40.4774
1,96,59,0,0,40.4766
1,97,59,0,0,40.476
1,98,59,0,0,40.4755
1,99,59,0,0,40.4752
1,100,59,0,0,40.475
1,101,59,0,0,40.475
1,102,59,0,0,40.4749
1,103,59,0,0,40.4749
1,104,59,0,0,40.4747
1,105,59,0,0,40.4744
1,106,59,0,0,40.4739
1,107,59,0,0,40.4733
1,108,59,0,0,40.4726
1,109,59,0,0,40.4719
1,110,59,0,0,40.4712
1,111,59,0,0,40.4705
1,112,59,0,0,40.4698
1,113,59,0,0,40.4693
1,114,59,0,0,40.4688
1,115,59,0,0,40.4684
1,116,59,0,0,40.4681
1,117,59,0,0,40.4679
1,118,59,0,0,40.4676
1,119,59,0,0,40.4674
1,120,59,0,0,40.4672
1,121,59,0,0,40.4669
1,122,59,0,0,40.4664
1,123,59,0,0,40.4659
1,124,59,0,0,40.4651
1,125,59,0,0,40.4643
1,126,59,0,0,40.4635
1,127,59,0,0,40.4629
1,0,60,0,6.18169e-05,40.6763
1,1,60,0,0,40.6685
1,2,60,0,0,40.6615
1,3,60,0,0,40.6551
1,4,60,0,0,40.6489
1,5,60,0,0,40.6429
1,6,60,0,0,40.6372
1,7,60,0,0,40.6319
1,8,60,0,0,40.6271
1,9,60,0,0,40.6226
1,10,60,0,0,40.6185
1,11,60,0,0,40.6147
1,12,60,0,0,40.6111
1,13,60,0,0,40.6077
1,14,60,0,0,40.6043
1,15,60,0,0,40.601
1,16,60,0,0,40.5978
1,17,60,0,0,40.5946
1,18,60,0,0,40.5914
1,19,60,0,0,40.5882
1,20,60,0,0,40.585
1,21,60,0,0,40.5817
1,22,60,0,0,40.5784
1,23,60,0,0,40.5749
1,24,60,0,0,40.5713
1,25,60,0,0,40.5677
1,26,60,0,0,40.5642
1,27,60,0,0,40.5607
1,28,60,0,0,40.5574
1,29,60,0,0,40.5543
1,30,60,0,0,40.5512
1,31,60,0,0,40.5483
1,32,60,0,0,40.5456
1,33,60,0,0,40.5431
1,34,60,0,0,40.5407
1,35,60,0,0,40.5386
1,36,60,0,0,40.5368
1,37,60,0,0,40.5353
1,38,60,0,0,40.5342
1,39,60,0,0,40.5334
1,40,60,0,0,40.5327
1,41,60,0,0,40.5321
1,42,60,0,0,40.5315
1,43,60,0,0,40.5309
1,44,60,0,0,40.5303
1,45,60,0,0,40.5295
1,46,60,0,0,40.5287
1,47,60,0,0,40.5277
1,48,60,0,0,40.5266
1,49,60,0,0,40.5255
1,50,60,0,0,40.5243
1,51,60,0,0,40.523
1,52,60,0,0,40.5216
1,53,60,0,0,40.5203
1,54,60,0,0,40.5189
1,55,60,0,0,40.5176
1,56,60,0,0,40.5165
1,57,60,0,0,40.5155
1,58,60,0,0,40.5145
1,59,60,0,0,40.5136
1,60,60,0,0,40.5127
1,61,60,0,0,40.512
1,62,60,0,0,40.5114
1,63,60,0,0,40.5109
1,64,60,0,0,40.5104
1,65,60,0,0,40.51
1,66,60,0,0,40.5095
1,67,60,0,0,40.5091
1,68,60,0,0,40.5087
1,69,60,0,0,40.5083
1,70,60,0,0,40.5078
1,71,60,0,0,40.5071
1,72,60,0,0,40.5063
1,73,60,0,0,40.5055
1,74,60,0,0,40.5046
1,75,60,0,0,40.5038
1,76,60,0,0,40.5028
1,77,60,0,0,40.5018
1,78,60,0,0,40.5007
1,79,60,0,0,40.4995
1,80,60,0,0,40.4983
1,81,60,0,0,40.497
1,82,60,0,0,40.4958
1,83,60,0,0,40.4945
1,84,60,0,0,40.4933
1,85,60,0,0,40.4921
1,86,60,0,0,40.4908
1,87,60,0,0,40.4895
1,88,60,0,0,40.4881
1,89,60,0,0,40.4868
1,90,60,0,0,40.4857
1,91,60,0,0,40.4846
1,92,60,0,0,40.4837
1,93,60,0,0,40.4828
1,94,60,0,0,40.4818
1,95,60,0,0,40.4807
1,96,60,0,0,40.4798
1,97,60,0,0,40.4792
1,98,60,0,0,40.4787
1,99,60,0,0,40.4785
1,100,60,0,0,40.4784
1,101,60,0,0,40.4786
1,102,60,0,0,40.4787
1,103,60,0,0,40.4788
1,104,60,0,0,40.4788
1,105,60,0,0,40.4785
1,106,60,0,0,40.4781
1,107,60,0,0,40.4774
1,108,60,0,0,40.4766
1,109,60,0,0,40.4758
1,110,60,0,0,40.4749
1,111,60,0,0,40.4741
1,112,60,0,0,40.4734
1,113,60,0,0,40.4728
1,114,60,0,0,40.4723
1,115,60,0,0,40.4719
1,116,60,0,0,40.4717
1,117,60,0,0,40.4715
1,118,60,0,0,40.4713
1,119,60,0,0,40.4712
1,120,60,0,0,40.4711
1,121,60,0,0,40.4709
1,122,60,0,0,40.4706
1,123,60,0,0,40.47
1,124,60,0,0,40.4692
1,125,60,0,0,40.4681
1,126,60,0,0,40.467
1,127,60,0,0,40.4661
1,0,61,0,6.18169e-05,40.6739
1,1,61,0,0,40.6667
1,2,61,0,0,40.6603
1,3,61,0,0,40.6543
1,4,61,0,0,40.6483
1,5,61,0,0,40.6422
1,6,61,0,0,40.6364
1,7,61,0,0,40.6311
1,8,61,0,0,40.6263
1,9,61,0,0,40.622
1,10,61,0,0,40.6181
1,11,61,0,0,40.6146
1,12,61,0,0,40.6114
1,13,61,0,0,40.6083
1,14,61,0,0,40.6053
1,15,61,0,0,40.6022
1,16,61,0,0,40.5992
1,17,61,0,0,40.5963
1,18,61,0,0,40.5934
1,19,61,0,0,40.5903
1,20,61,0,0,40.5872
1,21,61,0,0,40.5841
1,22,61,0,0,40.5808
1,23,61,0,0,40.5773
1,24,61,0,0,40.5736
1,25,61,0,0,40.5698
1,26,61,0,0,40.5662
1,27,61,0,0,40.5627
1,28,61,0,0,40.5594
1,29,61,0,0,40.5563
1,30,61,0,0,40.5531
1,31,61,0,0,40.5502
1,32,61,0,0,40.5475
1,33,61,0,0,40.5452
1,34,61,0,0,40.5429
1,35,61,0,0,40.5408
1,36,61,0,0,40.539
1,37,61,0,0,40.5378
1,38,61,0,0,40.5372
1,39,61,0,0,40.5368
1,40,61,0,0,40.5366
1,41,61,0,0,40.5363
1,42,61,0,0,40.5361
1,43,61,0,0,40.5359
1,44,61,0,0,40.5357
1,45,61,0,0,40.5352
1,46,61,0,0,40.5345
1,47,61,0,0,40.5336
1,48,61,0,0,40.5326
1,49,61,0,0,40.5316
1,50,61,0,0,40.5305
1,51,61,0,0,40.5293
1,52,61,0,0,40.528
1,53,61,0,0,40.5265
1,54,61,0,0,40.5249
1,55,61,0,0,40.5236
1,56,61,0,0,40.5225
1,57,61,0,0,40.5217
1,58,61,0,0,40.5207
1,59,61,0,0,40.5198
1,60,61,0,0,40.5189
1,61,61,0,0,40.5182
1,62,61,0,0,40.5176
1,63,61,0,0,40.5172
1,64,61,0,0,40.5167
1,65,61,0,0,40.5163
1,66,61,0,0,40.5158
1,67,61,0,0,40.5154
1,68,61,0,0,40.5151
1,69,61,0,0,40.5148
1,70,61,0,0,40.5143
1,71,61,0,0,40.5136
1,72,61,0,0,40.5127
1,73,61,0,0,40.5117
1,74,61,0,0,40.5108
1,75,61,0,0,40.5101
1,76,61,0,0,40.5092
1,77,61,0,0,40.5082
1,78,61,0,0,40.5071
1,79,61,0,0,40.5058
1,80,61,0,0,40.5044
1,81,61,0,0,40.503
1,82,61,0,0,40.5017
1,83,61,0,0,40.5004
1,84,61,0,0,40.4992
1,85,61,0,0,40.498
1,86,61,0,0,40.4966
1,87,61,0,0,40.4952
1,88,61,0,0,40.4937
1,89,61,0,0,40.4922
1,90,61,0,0,40.4909
1,91,61,0,0,40.49
1,92,61,0,0,40.4892
1,93,61,0,0,40.4884
1,94,61,0,0,40.4871
1,95,61,0,0,40.4858
1,96,61,0,0,40.4847
1,97,61,0,0,40.4839
1,98,61,0,0,40.4835
1,99,61,0,0,40.4834
1,100,61,0,0,40.4835
1,101,61,0,0,40.4839
1,102,61,0,0,40.4844
1,103,61,0,0,40.4848
1,104,61,0,0,40.4849
1,105,61,0,0,40.4847
1,106,61,0,0,40.4842
1,107,61,0,0,40.4834
1,108,61,0,0,40.4825
1,109,61,0,0,40.4814
1,110,61,0,0,40.4804
1,111,61,0,0,40.4794
1,112,61,0,0,40.4787
1,113,61,0,0,40.4779
1,114,61,0,0,40.4774
1,115,61,0,0,40.4771
1,116,61,0,0,40.4769
1,117,61,0,0,40.4769
1,118,61,0,0,40.4768
1,119,61,0,0,40.4768
1,120,61,0,0,40.4768
1,121,61,0,0,40.4769
1,122,61,0,0,40.4768
1,123,61,0,0,40.4762
1,124,61,0,0,40.4751
1,125,61,0,0,40.4737
1,126,61,0,0,40.4722
1,127,61,0,0,40.4707
1,0,62,0,6.18169e-05,40.6729
1,1,62,0,0,40.6665
1,2,62,0,0,40.6613
1,3,62,0,0,40.6561
1,4,62,0,0,40.6502
1,5,62,0,0,40.6436
1,6,62,0,0,40.6374
1,7,62,0,0,40.632
1,8,62,0,0,40.6275
1,9,62,0,0,40.6234
1,10,62,0,0,40.6197
1,11,62,0,0,40.6165
1,12,62,0,0,40.6137
1,13,62,0,0,40.6113
1,14,62,0,0,40.6085
1,15,62,0,0,40.6056
1,16,62,0,0,40.6027
1,17,62,0,0,40.6002
1,18,62,0,0,40.5976
1,19,62,0,0,40.5947
1,20,62,0,0,40.5917
1,21,62,0,0,40.5888
1,22,62,0,0,40.5857
1,23,62,0,0,40.5821
1,24,62,0,0,40.5781
1,25,62,0,0,40.574
1,26,62,0,0,40.5701
1,27,62,0,0,40.5666
1,28,62,0,0,40.5633
1,29,62,0,0,40.5603
1,30,62,0,0,40.557
1,31,62,0,0,40.5538
1,32,62,0,0,40.5513
1,33,62,0,0,40.5492
1,34,62,0,0,40.547
1,35,62,0,0,40.5446
1,36,62,0,0,40.5427
1,37,62,0,0,40.5418
1,38,62,0,0,40.5418
1,39,62,0,0,40.5422
1,40,62,0,0,40.5425
1,41,62,0,0,40.5426
1,42,62,0,0,40.5428
1,43,62,0,0,40.5431
1,44,62,0,0,40.5433
1,45,62,0,0,40.5432
1,46,62,0,0,40.5425
1,47,62,0,0,40.5417
1,48,62,0,0,40.5407
1,49,62,0,0,40.5399
1,50,62,0,0,40.5389
1,51,62,0,0,40.5377
1,52,62,0,0,40.5365
1,53,62,0,0,40.5347
1,54,62,0,0,40.5329
1,55,62,0,0,40.5313
1,56,62,0,0,40.5305
1,57,62,0,0,40.5299
1,58,62,0,0,40.529
1,59,62,0,0,40.528
1,60,62,0,0,40.5269
1,61,62,0,0,40.5261
1,62,62,0,0,40.5256
1,63,62,0,0,40.5254
1,64,62,0,0,40.5251
1,65,62,0,0,40.5245
1,66,62,0,0,40.524
1,67,62,0,0,40.5236
1,68,62,0,0,40.5235
1,69,62,0,0,40.5234
1,70,62,0,0,40.523
1,71,62,0,0,40.5222
1,72,62,0,0,40.5211
1,73,62,0,0,40.5199
1,74,62,0,0,40.5189
1,75,62,0,0,40.5185
1,76,62,0,0,40.5177
1,77,62,0,0,40.5166
1,78,62,0,0,40.5156
1,79,62,0,0,40.5142
1,80,62,0,0,40.5125
1,81,62,0,0,40.5109
1,82,62,0,0,40.5095
1,83,62,0,0,40.508
1,84,62,0,0,40.507
1,85,62,0,0,40.506
1,86,62,0,0,40.5044
1,87,62,0,0,40.5028
1,88,62,0,0,40.5011
1,89,62,0,0,40.4992
1,90,62,0,0,40.4977
1,91,62,0,0,40.4969
1,92,62,0,0,40.4967
1,93,62,0,0,40.4961
1,94,62,0,0,40.4944
1,95,62,0,0,40.4925
1,96,62,0,0,40.491
1,97,62,0,0,40.4901
1,98,62,0,0,40.4898
1,99,62,0,0,40.4899
1,100,62,0,0,40.4901
1,101,62,0,0,40.4909
1,102,62,0,0,40.492
1,103,62,0,0,40.4928
1,104,62,0,0,40.4933
1,105,62,0,0,40.4931
1,106,62,0,0,40.4925
1,107,62,0,0,40.4914
1,108,62,0,0,40.4902
1,109,62,0,0,40.489
1,110,62,0,0,40.4876
1,111,62,0,0,40.4864
1,112,62,0,0,40.4857
1,113,62,0,0,40.4848
1,114,62,0,0,40.484
1,115,62,0,0,40.4839
1,116,62,0,0,40.484
1,117,62,0,0,40.484
1,118,62,0,0,40.4839
1,119,62,0,0,40.4841
1,120,62,0,0,40.4844
1,121,62,0,0,40.4849
1,122,62,0,0,40.4852
1,123,62,0,0,40.4847
1,124,62,0,0,40.4833
1,125,62,0,0,40.4813
1,126,62,0,0,40.479
1,127,62,0,0,40.4765
1,0,63,0,6.18169e-05,40.6728
1,1,63,0,0,40.6679
1,2,63,0,0,40.6646
1,3,63,0,0,40.6611
1,4,63,0,0,40.6553
1,5,63,0,0,40.6471
1,6,63,0,0,40.6401
1,7,63,0,0,40.6345
1,8,63,0,0,40.6305
1,9,63,0,0,40.6268
1,10,63,0,0,40.623
1,11,63,0,0,40.6202
1,12,63,0,0,40.6181
1,13,63,0,0,40.6168
1,14,63,0,0,40.6141
1,15,63,0,0,40.6112
1,16,63,0,0,40.6082
1,17,63,0,0,40.6064
1,18,63,0,0,40.6044
1,19,63,0,0,40.6013
1,20,63,0,0,40.5984
1,21,63,0,0,40.5958
1,22,63,0,0,40.5934
1,23,63,0,0,40.5895
1,24,63,0,0,40.5849
1,25,63,0,0,40.5803
1,26,63,0,0,40.5757
1,27,63,0,0,40.5724
1,28,63,0,0,40.5692
1,29,63,0,0,40.5667
1,30,63,0,0,40.5628
1,31,63,0,0,40.5589
1,32,63,0,0,40.5566
1,33,63,0,0,40.5556
1,34,63,0,0,40.5531
1,35,63,0,0,40.5501
1,36,63,0,0,40.5475
1,37,63,0,0,40.5468
1,38,63,0,0,40.5481
1,39,63,0,0,40.5498
1,40,63,0,0,40.5506
1,41,63,0,0,40.5509
1,42,63,0,0,40.5513
1,43,63,0,0,40.5525
1,44,63,0,0,40.5532
1,45,63,0,0,40.5539
1,46,63,0,0,40.5528
1,47,63,0,0,40.5519
1,48,63,0,0,40.5509
1,49,63,0,0,40.5505
1,50,63,0,0,40.5495
1,51,63,0,0,40.5481
1,52,63,0,0,40.5475
1,53,63,0,0,40.5453
1,54,63,0,0,40.5425
1,55,63,0,0,40.5405
1,56,63,0,0,40.5402
1,57,63,0,0,40.5404
1,58,63,0,0,40.5395
1,59,63,0,0,40.5383
1,60,63,0,0,40.5366
1,61,63,0,0,40.5358
1,62,63,0,0,40.5354
1,63,63,0,0,40.5358
1,64,63,0,0,40.5357
1,65,63,0,0,40.5347
1,66,63,0,0,40.534
1,67,63,0,0,40.5338
1,68,63,0,0,40.5338
1,69,63,0,0,40.5342
1,70,63,0,0,40.5342
1,71,63,0,0,40.5333
1,72,63,0,0,40.5317
1,73,63,0,0,40.5297
1,74,63,0,0,40.5285
1,75,63,0,0,40.5291
1,76,63,0,0,40.5285
1,77,63,0,0,40.527
1,78,63,0,0,40.5264
1,79,63,0,0,40.5248
1,80,63,0,0,40.5225
1,81,63,0,0,40.5205
1,82,63,0,0,40.5193
1,83,63,0,0,40.5172
1,84,63,0,0,40.5168
1,85,63,0,0,40.5165
1,86,63,0,0,40.5143
1,87,63,0,0,40.5124
1,88,63,0,0,40.5106
1,89,63,0,0,40.5078
1,90,63,0,0,40.5055
1,91,63,0,0,40.5053
1,92,63,0,0,40.5063
1,93,63,0,0,40.5069
1,94,63,0,0,40.5038
1,95,63,0,0,40.5008
1,96,63,0,0,40.4986
1,97,63,0,0,40.4977
1,98,63,0,0,40.4977
1,99,63,0,0,40.4981
1,100,63,0,0,40.4979
1,101,63,0,0,40.4996
1,102,63,0,0,40.5018
1,103,63,0,0,40.5031
1,104,63,0,0,40.5041
1,105,63,0,0,40.504
1,106,63,0,0,40.5032
1,107,63,0,0,40.5013
1,108,63,0,0,40.4999
1,109,63,0,0,40.4985
1,110,63,0,0,40.4966
1,111,63,0,0,40.4949
1,112,63,0,0,40.4946
1,113,63,0,0,40.4935
1,114,63,0,0,40.4918
1,115,63,0,0,40.4922
1,116,63,0,0,40.4931
1,117,63,0,0,40.4933
1,118,63,0,0,40.4927
1,119,63,0,0,40.4931
1,120,63,0,0,40.4936
1,121,63,0,0,40.4951
1,122,63,0,0,40.4963
1,123,63,0,0,40.496
1,124,63,0,0,40.4938
1,125,63,0,0,40.491
1,126,63,0,0,40.4879
1,127,63,0,0,40.4833
1,0,64,0,8.22694e-05,40.6731
1,1,64,0,2.55656e-05,40.6704
1,2,64,0,6.47966e-05,40.6709
1,3,64,0,0.000136525,40.6711
1,4,64,0,0.000141494,40.6652
1,5,64,0,3.9231e-05,40.6521
1,6,64,0,4.0905e-05,40.6437
1,7,64,0,2.04525e-05,40.6377
1,8,64,0,8.0136e-05,40.6356
1,9,64,0,0.000108258,40.6329
1,10,64,0,5.96835e-05,40.6277
1,11,64,0,5.45704e-05,40.6255
1,12,64,0,3.7557e-05,40.6241
1,13,64,0,0.000141494,40.6261
1,14,64,0,8.0136e-05,40.6225
1,15,64,0,7.6788e-05,40.619
1,16,64,0,6.13575e-05,40.615
1,17,64,0,9.03622e-05,40.6152
1,18,64,0,0.00013982,40.6146
1,19,64,0,9.89145e-05,40.6101
1,20,64,0,9.72405e-05,40.607
1,21,64,0,9.89145e-05,40.6049
1,22,64,0,0.000169943,40.605
1,23,64,0,0.000119367,40.5999
1,24,64,0,6.13575e-05,40.5938
1,25,64,0,8.61317e-05,40.5888
1,26,64,0,4.0905e-05,40.5823
1,27,64,0,0.000100588,40.5802
1,28,64,0,6.13575e-05,40.5766
1,29,64,0,0.000136472,40.5765
1,30,64,0,7.8462e-05,40.571
1,31,64,0,1.87785e-05,40.5644
1,32,64,0,2.04525e-05,40.5628
1,33,64,0,0.000138146,40.5655
1,34,64,0,8.181e-05,40.5619
1,35,64,0,8.0136e-05,40.5575
1,36,64,0,1.87785e-05,40.5525
1,37,64,0,0,40.5518
1,38,64,0,6.64706e-05,40.5562
1,39,64,0,0.000119367,40.5605
1,40,64,0,0.000100588,40.5615
1,41,64,0,9.72405e-05,40.5613
1,42,64,0,3.7557e-05,40.5612
1,43,64,0,0.000121041,40.5648
1,44,64,0,6.99097e-05,40.5652
1,45,64,0,0.00013982,40.5688
1,46,64,0,8.181e-05,40.5649
1,47,64,0,0.000136472,40.5645
1,48,64,0,7.8462e-05,40.5625
1,49,64,0,0.000141494,40.564
1,50,64,0,0.00013982,40.5628
1,51,64,0,8.181e-05,40.56
1,52,64,0,0.000214933,40.5625
1,53,64,0,0.000138146,40.5585
1,54,64,0,9.97059e-05,40.5536
1,55,64,0,5.96835e-05,40.55
1,56,64,0,0.000119367,40.5516
1,57,64,0,0.00016715,40.5544
1,58,64,0,9.55665e-05,40.5524
1,59,64,0,0.00012025,40.5512
1,60,64,0,7.8462e-05,40.5476
1,61,64,0,0.000117693,40.5472
1,62,64,0,7.8462e-05,40.5466
1,63,64,0,0.000119367,40.5487
1,64,64,0,0.000141494,40.5494
1,65,64,0,9.89145e-05,40.547
1,66,64,0,9.72405e-05,40.5455
1,67,64,0,9.72405e-05,40.5457
1,68,64,0,8.181e-05,40.546
1,69,64,0,0.000119367,40.5477
1,70,64,0,0.000141494,40.5484
1,71,64,0,0.000121041,40.5471
1,72,64,0,0.000117693,40.545
1,73,64,0,5.96835e-05,40.5407
1,74,64,0,3.9231e-05,40.5385
1,75,64,0,0.000156978,40.5431
1,76,64,0,0.000116019,40.5424
1,77,64,0,3.9231e-05,40.5386
1,78,64,0,0.000121041,40.5403
1,79,64,0,0.000100588,40.5382
1,80,64,0,7.8462e-05,40.5342
1,81,64,0,6.13575e-05,40.5315
1,82,64,0,0.00013982,40.532
1,83,64,0,4.0905e-05,40.5269
1,84,64,0,8.0136e-05,40.5284
1,85,64,0,0.000158598,40.5309
1,86,64,0,8.0136e-05,40.5259
1,87,64,0,0.000100588,40.524
1,88,64,0,0.00013982,40.5231
1,89,64,0,7.61147e-05,40.5177
1,90,64,0,2.04525e-05,40.5134
1,91,64,0,5.80095e-05,40.5146
1,92,64,0,9.72405e-05,40.5183
1,93,64,0,0.000220629,40.5236
1,94,64,0,6.99097e-05,40.5151
1,95,64,0,7.54414e-05,40.5102
1,96,64,0,4.0905e-05,40.5067
1,97,64,0,6.13575e-05,40.5063
1,98,64,0,7.8462e-05,40.5071
1,99,64,0,0.000102262,40.5088
1,100,64,0,0,40.5057
1,101,64,0,5.96835e-05,40.51
1,102,64,0,9.89145e-05,40.5144
1,103,64,0,6.22401e-05,40.5156
1,104,64,0,9.45928e-05,40.5182
1,105,64,0,9.72405e-05,40.5175
1,106,64,0,0.000127828,40.5169
1,107,64,0,5.96835e-05,40.5129
1,108,64,0,8.0136e-05,40.5114
1,109,64,0,9.03622e-05,40.5107
1,110,64,0,5.71269e-05,40.5073
1,111,64,0,1.87785e-05,40.5039
1,112,64,0,0.000105702,40.5063
1,113,64,0,0.000129593,40.5048
1,114,64,0,2.04525e-05,40.4995
1,115,64,0,5.96835e-05,40.502
1,116,64,0,0.000100588,40.5047
1,117,64,0,0.000116019,40.5052
1,118,64,0,4.0905e-05,40.5024
1,119,64,0,9.89145e-05,40.5039
1,120,64,0,5.73362e-05,40.5038
1,121,64,0,8.71779e-05,40.5076
1,122,64,0,0.000117693,40.5108
1,123,64,0,0.000151556,40.5113
1,124,64,0,9.89145e-05,40.507
1,125,64,0,7.8462e-05,40.5028
1,126,64,0,0.000130385,40.5004
1,127,64,0,2.81677e-05,40.4904
1,0,65,0,0.0001215,40.6706
1,1,65,0,5.45704e-05,40.668
1,2,65,0,0.000134706,40.6695
1,3,65,0,0.000138146,40.6676
1,4,65,0,0.000156924,40.6617
1,5,65,0,4.26701e-05,40.6485
1,6,65,0,5.96835e-05,40.6408
1,7,65,0,0.000100588,40.6363
1,8,65,0,6.13575e-05,40.6307
1,9,65,0,5.36878e-05,40.6262
1,10,65,0,2.04525e-05,40.622
1,11,65,0,0.000107376,40.6235
1,12,65,0,0.000113371,40.623
1,13,65,0,6.13575e-05,40.6204
1,14,65,0,0.000117693,40.6199
1,15,65,0,0.000138146,40.6173
1,16,65,0,7.66969e-06,40.6101
1,17,65,0,0.000139028,40.6123
1,18,65,0,8.0136e-05,40.6083
1,19,65,0,5.96835e-05,40.6038
1,20,65,0,7.6788e-05,40.6012
1,21,65,0,5.96835e-05,40.5981
1,22,65,0,5.71269e-05,40.5963
1,23,65,0,6.22401e-05,40.5942
1,24,65,0,0.000161946,40.5939
1,25,65,0,9.38014e-05,40.5871
1,26,65,0,6.31226e-05,40.5802
1,27,65,0,4.26701e-05,40.5754
1,28,65,0,5.96835e-05,40.5727
1,29,65,0,7.8462e-05,40.5717
1,30,65,0,0.000117693,40.5696
1,31,65,0,6.13575e-05,40.5642
1,32,65,0,0.000114345,40.5636
1,33,65,0,6.13575e-05,40.5612
1,34,65,0,0.000128802,40.5605
1,35,65,0,3.9231e-05,40.5543
1,36,65,0,5.63355e-05,40.5523
1,37,65,0,0.000101262,40.554
1,38,65,0,9.54754e-05,40.5556
1,39,65,0,7.8462e-05,40.5571
1,40,65,0,0.000117693,40.5592
1,41,65,0,3.7557e-05,40.558
1,42,65,0,0.000180724,40.5637
1,43,65,0,7.8462e-05,40.5626
1,44,65,0,9.54754e-05,40.5649
1,45,65,0,0.000242082,40.5705
1,46,65,0,7.8462e-05,40.5626
1,47,65,0,4.0905e-05,40.5588
1,48,65,0,0.000121041,40.5602
1,49,65,0,9.72405e-05,40.5591
1,50,65,0,7.8462e-05,40.5571
1,51,65,0,0.000106584,40.5557
1,52,65,0,0,40.5511
1,53,65,0,0.000100588,40.5522
1,54,65,0,8.43666e-05,40.5494
1,55,65,0,7.6788e-05,40.5466
1,56,65,0,1.87785e-05,40.5446
1,57,65,0,6.99097e-05,40.5479
1,58,65,0,0.000141494,40.5511
1,59,65,0,0.000115928,40.5491
1,60,65,0,7.8462e-05,40.5448
1,61,65,0,2.04525e-05,40.5417
1,62,65,0,0.000102262,40.5445
1,63,65,0,0.000102262,40.5458
1,64,65,0,7.75794e-05,40.5452
1,65,65,0,9.89145e-05,40.5443
1,66,65,0,3.9231e-05,40.5416
1,67,65,0,9.89145e-05,40.544
1,68,65,0,0.000119367,40.5455
1,69,65,0,0.000100588,40.5451
1,70,65,0,5.96835e-05,40.5435
1,71,65,0,9.89145e-05,40.5442
1,72,65,0,0.000100588,40.5434
1,73,65,0,0.000136472,40.5422
1,74,65,0,3.9231e-05,40.5373
1,75,65,0,5.80095e-05,40.539
1,76,65,0,0.000151956,40.5427
1,77,65,0,0.000100588,40.5404
1,78,65,0,0.000119367,40.5405
1,79,65,0,0.000136472,40.5391
1,80,65,0,8.0136e-05,40.5341
1,81,65,0,8.181e-05,40.5313
1,82,65,0,9.39465e-05,40.5297
1,83,65,0,2.04525e-05,40.5252
1,84,65,0,0.000100734,40.5281
1,85,65,0,0.000131504,40.529
1,86,65,0,5.80095e-05,40.5234
1,87,65,0,4.0905e-05,40.5201
1,88,65,0,7.8462e-05,40.5194
1,89,65,0,6.03568e-05,40.5162
1,90,65,0,7.6788e-05,40.5145
1,91,65,0,5.96835e-05,40.5138
1,92,65,0,3.9231e-05,40.515
1,93,65,0,0.000157925,40.5199
1,94,65,0,7.15837e-05,40.5135
1,95,65,0,2.34731e-05,40.5078
1,96,65,0,8.0136e-05,40.5071
1,97,65,0,6.13575e-05,40.5057
1,98,65,0,2.04525e-05,40.5049
1,99,65,0,0.000120158,40.5094
1,100,65,0,5.96835e-05,40.5084
1,101,65,0,0.000100588,40.5124
1,102,65,0,0.000110815,40.5161
1,103,65,0,0.000115136,40.5187
1,104,65,0,0.000190068,40.522
1,105,65,0,7.8462e-05,40.5172
1,106,65,0,7.50229e-05,40.5152
1,107,65,0,0.000112489,40.5142
1,108,65,0,5.20138e-05,40.5111
1,109,65,0,0.000131267,40.5127
1,110,65,0,0.000139028,40.5109
1,111,65,0,5.96835e-05,40.5059
1,112,65,0,0.00013638,40.5066
1,113,65,0,3.06787e-05,40.5007
1,114,65,0,0,40.4979
1,115,65,0,0.00013982,40.504
1,116,65,0,9.18726e-05,40.5042
1,117,65,0,7.6788e-05,40.5036
1,118,65,0,9.89145e-05,40.5033
1,119,65,0,6.13575e-05,40.5021
1,120,65,0,4.32523e-05,40.5027
1,121,65,0,0.000131104,40.5084
1,122,65,0,0.000141494,40.5108
1,123,65,0,8.88519e-05,40.5086
1,124,65,0,0.000102354,40.5062
1,125,65,0,6.13575e-05,40.5019
1,126,65,0,0.000158134,40.5011
1,127,65,0,5.02942e-05,40.491
1,0,66,0,6.18169e-05,40.6598
1,1,66,0,0,40.6553
1,2,66,0,0,40.6522
1,3,66,0,0,40.6482
1,4,66,0,0,40.6424
1,5,66,0,1.53394e-05,40.6349
1,6,66,0,0,40.6276
1,7,66,0,0,40.622
1,8,66,0,0,40.617
1,9,66,0,0,40.6128
1,10,66,0,0,40.6096
1,11,66,0,0,40.6085
1,12,66,0,2.81222e-05,40.608
1,13,66,0,0,40.6049
1,14,66,0,0,40.6027
1,15,66,0,0,40.6001
1,16,66,0,1.27828e-05,40.597
1,17,66,0,7.66969e-06,40.5951
1,18,66,0,0,40.5917
1,19,66,0,0,40.5883
1,20,66,0,0,40.5855
1,21,66,0,0,40.5828
1,22,66,0,0,40.5807
1,23,66,0,1.78959e-05,40.5791
1,24,66,0,0,40.5763
1,25,66,0,1.78959e-05,40.5726
1,26,66,0,1.53394e-05,40.5679
1,27,66,0,1.53394e-05,40.5636
1,28,66,0,0,40.5598
1,29,66,0,0,40.5572
1,30,66,0,0,40.5546
1,31,66,0,0,40.5515
1,32,66,0,0,40.5494
1,33,66,0,0,40.5475
1,34,66,0,7.66969e-06,40.5458
1,35,66,0,0,40.5427
1,36,66,0,0,40.5413
1,37,66,0,1.64312e-05,40.5419
1,38,66,0,0,40.5419
1,39,66,0,0,40.5425
1,40,66,0,0,40.5433
1,41,66,0,0,40.5438
1,42,66,0,0,40.5457
1,43,66,0,0,40.5464
1,44,66,0,1.53394e-05,40.548
1,45,66,0,0,40.5484
1,46,66,0,0,40.5456
1,47,66,0,0,40.5435
1,48,66,0,0,40.5427
1,49,66,0,0,40.5416
1,50,66,0,0,40.5403
1,51,66,0,1.27828e-05,40.5391
1,52,66,0,0,40.5365
1,53,66,0,0,40.5354
1,54,66,0,0,40.5337
1,55,66,0,0,40.5322
1,56,66,0,0,40.5314
1,57,66,0,0,40.5325
1,58,66,0,2.04525e-05,40.534
1,59,66,0,2.55656e-06,40.5325
1,60,66,0,0,40.5303
1,61,66,0,0,40.529
1,62,66,0,0,40.5295
1,63,66,0,0,40.5302
1,64,66,0,2.30091e-05,40.5309
1,65,66,0,0,40.5295
1,66,66,0,0,40.5286
1,67,66,0,0,40.529
1,68,66,0,0,40.5295
1,69,66,0,0,40.5294
1,70,66,0,0,40.5289
1,71,66,0,0,40.5287
1,72,66,0,0,40.5281
1,73,66,0,0,40.527
1,74,66,0,0,40.5254
1,75,66,0,0,40.5256
1,76,66,0,0,40.5263
1,77,66,0,0,40.5256
1,78,66,0,0,40.5249
1,79,66,0,0,40.5234
1,80,66,0,0,40.5208
1,81,66,0,0,40.5187
1,82,66,0,0,40.5169
1,83,66,0,0,40.5151
1,84,66,0,1.53394e-05,40.5155
1,85,66,0,0,40.5142
1,86,66,0,0,40.5114
1,87,66,0,0,40.509
1,88,66,0,0,40.5074
1,89,66,0,0,40.5055
1,90,66,0,0,40.5041
1,91,66,0,0,40.5034
1,92,66,0,0,40.5035
1,93,66,0,0,40.504
1,94,66,0,0,40.5014
1,95,66,0,0,40.4986
1,96,66,0,0,40.4972
1,97,66,0,0,40.4963
1,98,66,0,0,40.4962
1,99,66,0,2.55656e-06,40.4978
1,100,66,0,0,40.4985
1,101,66,0,0,40.5005
1,102,66,0,1.02263e-05,40.503
1,103,66,0,0,40.5042
1,104,66,0,0,40.505
1,105,66,0,0,40.5035
1,106,66,0,0,40.5022
1,107,66,0,1.02263e-05,40.5014
1,108,66,0,7.66969e-06,40.4998
1,109,66,0,0,40.4987
1,110,66,0,0,40.497
1,111,66,0,0,40.4946
1,112,66,0,0,40.4931
1,113,66,0,0,40.4907
1,114,66,0,0,40.4895
1,115,66,0,0,40.4909
1,116,66,0,7.04194e-06,40.4915
1,117,66,0,0,40.4911
1,118,66,0,0,40.4908
1,119,66,0,0,40.4906
1,120,66,0,0,40.4913
1,121,66,0,0,40.4934
1,122,66,0,0,40.4943
1,123,66,0,0,40.4936
1,124,66,0,1.53394e-05,40.4924
1,125,66,0,0,40.4895
1,126,66,0,1.49209e-05,40.4874
1,127,66,0,0,40.4822
1,0,67,0,6.18169e-05,40.6498
1,1,67,0,0,40.6436
1,2,67,0,0,40.6385
1,3,67,0,0,40.6333
1,4,67,0,0,40.6275
1,5,67,0,0,40.6211
1,6,67,0,0,40.615
1,7,67,0,0,40.6096
1,8,67,0,0,40.6048
1,9,67,0,0,40.6008
1,10,67,0,0,40.5975
1,11,67,0,0,40.5953
1,12,67,0,0,40.5933
1,13,67,0,0,40.5907
1,14,67,0,0,40.5883
1,15,67,0,0,40.5857
1,16,67,0,0,40.583
1,17,67,0,0,40.5804
1,18,67,0,0,40.5775
1,19,67,0,0,40.5746
1,20,67,0,0,40.5718
1,21,67,0,0,40.5692
1,22,67,0,0,40.5669
1,23,67,0,0,40.5645
1,24,67,0,0,40.5617
1,25,67,0,0,40.5584
1,26,67,0,0,40.5547
1,27,67,0,0,40.5511
1,28,67,0,0,40.5478
1,29,67,0,0,40.545
1,30,67,0,0,40.5423
1,31,67,0,0,40.5397
1,32,67,0,0,40.5375
1,33,67,0,0,40.5354
1,34,67,0,0,40.5336
1,35,67,0,0,40.5315
1,36,67,0,0,40.5302
1,37,67,0,0,40.5298
1,38,67,0,0,40.5296
1,39,67,0,0,40.5297
1,40,67,0,0,40.53
1,41,67,0,0,40.5303
1,42,67,0,0,40.531
1,43,67,0,0,40.5315
1,44,67,0,0,40.5319
1,45,67,0,0,40.5316
1,46,67,0,0,40.5303
1,47,67,0,0,40.5289
1,48,67,0,0,40.5278
1,49,67,0,0,40.5266
1,50,67,0,0,40.5254
1,51,67,0,0,40.5241
1,52,67,0,0,40.5225
1,53,67,0,0,40.5213
1,54,67,0,0,40.52
1,55,67,0,0,40.519
1,56,67,0,0,40.5185
1,57,67,0,0,40.5186
1,58,67,0,0,40.5188
1,59,67,0,0,40.5182
1,60,67,0,0,40.5172
1,61,67,0,0,40.5165
1,62,67,0,0,40.5166
1,63,67,0,0,40.5168
1,64,67,0,0,40.5169
1,65,67,0,0,40.5165
1,66,67,0,0,40.5161
1,67,67,0,0,40.5162
1,68,67,0,0,40.5164
1,69,67,0,0,40.5163
1,70,67,0,0,40.516
1,71,67,0,0,40.5157
1,72,67,0,0,40.5153
1,73,67,0,0,40.5146
1,74,67,0,0,40.5138
1,75,67,0,0,40.5136
1,76,67,0,0,40.5135
1,77,67,0,0,40.513
1,78,67,0,0,40.5122
1,79,67,0,0,40.511
1,80,67,0,0,40.5093
1,81,67,0,0,40.5077
1,82,67,0,0,40.5062
1,83,67,0,0,40.5049
1,84,67,0,0,40.5041
1,85,67,0,0,40.5028
1,86,67,0,0,40.501
1,87,67,0,0,40.4992
1,88,67,0,0,40.4977
1,89,67,0,0,40.4962
1,90,67,0,0,40.495
1,91,67,0,0,40.4942
1,92,67,0,0,40.4936
1,93,67,0,0,40.493
1,94,67,0,0,40.4916
1,95,67,0,0,40.4899
1,96,67,0,0,40.4887
1,97,67,0,0,40.488
1,98,67,0,0,40.4879
1,99,67,0,0,40.4885
1,100,67,0,0,40.4891
1,101,67,0,0,40.4903
1,102,67,0,0,40.4915
1,103,67,0,0,40.4922
1,104,67,0,0,40.4924
1,105,67,0,0,40.4917
1,106,67,0,0,40.4908
1,107,67,0,0,40.4898
1,108,67,0,0,40.4885
1,109,67,0,0,40.4873
1,110,67,0,0,40.4858
1,111,67,0,0,40.4842
1,112,67,0,0,40.4827
1,113,67,0,0,40.4813
1,114,67,0,0,40.4804
1,115,67,0,0,40.4805
1,116,67,0,0,40.4805
1,117,67,0,0,40.4804
1,118,67,0,0,40.4802
1,119,67,0,0,40.4802
1,120,67,0,0,40.4806
1,121,67,0,0,40.4813
1,122,67,0,0,40.4816
1,123,67,0,0,40.4811
1,124,67,0,0,40.48
1,125,67,0,0,40.4782
1,126,67,0,0,40.4762
1,127,67,0,0,40.4736
1,0,68,0,6.18169e-05,40.6406
1,1,68,0,0,40.6335
1,2,68,0,0,40.6272
1,3,68,0,0,40.6213
1,4,68,0,0,40.6155
1,5,68,0,0,40.6096
1,6,68,0,0,40.6039
1,7,68,0,0,40.5988
1,8,68,0,0,40.5942
1,9,68,0,0,40.5902
1,10,68,0,0,40.5868
1,11,68,0,0,40.584
1,12,68,0,0,40.5814
1,13,68,0,0,40.5788
1,14,68,0,0,40.5762
1,15,68,0,0,40.5736
1,16,68,0,0,40.5709
1,17,68,0,0,40.5683
1,18,68,0,0,40.5656
1,19,68,0,0,40.5629
1,20,68,0,0,40.5602
1,21,68,0,0,40.5576
1,22,68,0,0,40.5551
1,23,68,0,0,40.5526
1,24,68,0,0,40.5498
1,25,68,0,0,40.5468
1,26,68,0,0,40.5436
1,27,68,0,0,40.5404
1,28,68,0,0,40.5374
1,29,68,0,0,40.5346
1,30,68,0,0,40.532
1,31,68,0,0,40.5296
1,32,68,0,0,40.5273
1,33,68,0,0,40.5253
1,34,68,0,0,40.5234
1,35,68,0,0,40.5217
1,36,68,0,0,40.5204
1,37,68,0,0,40.5196
1,38,68,0,0,40.519
1,39,68,0,0,40.5187
1,40,68,0,0,40.5186
1,41,68,0,0,40.5186
1,42,68,0,0,40.5187
1,43,68,0,0,40.5187
1,44,68,0,0,40.5186
1,45,68,0,0,40.5181
1,46,68,0,0,40.5171
1,47,68,0,0,40.516
1,48,68,0,0,40.5149
1,49,68,0,0,40.5138
1,50,68,0,0,40.5126
1,51,68,0,0,40.5115
1,52,68,0,0,40.5102
1,53,68,0,0,40.5092
1,54,68,0,0,40.5082
1,55,68,0,0,40.5074
1,56,68,0,0,40.5069
1,57,68,0,0,40.5067
1,58,68,0,0,40.5066
1,59,68,0,0,40.5062
1,60,68,0,0,40.5058
1,61,68,0,0,40.5054
1,62,68,0,0,40.5054
1,63,68,0,0,40.5054
1,64,68,0,0,40.5055
1,65,68,0,0,40.5054
1,66,68,0,0,40.5053
1,67,68,0,0,40.5053
1,68,68,0,0,40.5054
1,69,68,0,0,40.5054
1,70,68,0,0,40.5052
1,71,68,0,0,40.505
1,72,68,0,0,40.5047
1,73,68,0,0,40.5042
1,74,68,0,0,40.5038
1,75,68,0,0,40.5035
1,76,68,0,0,40.5031
1,77,68,0,0,40.5026
1,78,68,0,0,40.5019
1,79,68,0,0,40.5009
1,80,68,0,0,40.4997
1,81,68,0,0,40.4985
1,82,68,0,0,40.4972
1,83,68,0,0,40.4961
1,84,68,0,0,40.4951
1,85,68,0,0,40.4939
1,86,68,0,0,40.4925
1,87,68,0,0,40.4911
1,88,68,0,0,40.4898
1,89,68,0,0,40.4885
1,90,68,0,0,40.4874
1,91,68,0,0,40.4865
1,92,68,0,0,40.4857
1,93,68,0,0,40.4849
1,94,68,0,0,40.4838
1,95,68,0,0,40.4826
1,96,68,0,0,40.4817
1,97,68,0,0,40.4811
1,98,68,0,0,40.4808
1,99,68,0,0,40.4809
1,100,68,0,0,40.4813
1,101,68,0,0,40.4818
1,102,68,0,0,40.4823
1,103,68,0,0,40.4826
1,104,68,0,0,40.4825
1,105,68,0,0,40.482
1,106,68,0,0,40.4812
1,107,68,0,0,40.4803
1,108,68,0,0,40.4792
1,109,68,0,0,40.478
1,110,68,0,0,40.4768
1,111,68,0,0,40.4754
1,112,68,0,0,40.4742
1,113,68,0,0,40.4731
1,114,68,0,0,40.4723
1,115,68,0,0,40.4719
1,116,68,0,0,40.4717
1,117,68,0,0,40.4715
1,118,68,0,0,40.4714
1,119,68,0,0,40.4713
1,120,68,0,0,40.4714
1,121,68,0,0,40.4716
1,122,68,0,0,40.4715
1,123,68,0,0,40.471
1,124,68,0,0,40.4701
1,125,68,0,0,40.4689
1,126,68,0,0,40.4675
1,127,68,0,0,40.466
1,0,69,0,6.18169e-05,40.6326
1,1,69,0,0,40.6249
1,2,69,0,0,40.6181
1,3,69,0,0,40.6118
1,4,69,0,0,40.6058
1,5,69,0,0,40.6001
1,6,69,0,0,40.5947
1,7,69,0,0,40.5897
1,8,69,0,0,40.5852
1,9,69,0,0,40.5812
1,10,69,0,0,40.5777
1,11,69,0,0,40.5746
1,12,69,0,0,40.5717
1,13,69,0,0,40.569
1,14,69,0,0,40.5663
1,15,69,0,0,40.5637
1,16,69,0,0,40.5611
1,17,69,0,0,40.5584
1,18,69,0,0,40.5558
1,19,69,0,0,40.5532
1,20,69,0,0,40.5506
1,21,69,0,0,40.548
1,22,69,0,0,40.5455
1,23,69,0,0,40.5429
1,24,69,0,0,40.5402
1,25,69,0,0,40.5374
1,26,69,0,0,40.5345
1,27,69,0,0,40.5316
1,28,69,0,0,40.5288
1,29,69,0,0,40.5261
1,30,69,0,0,40.5236
1,31,69,0,0,40.5212
1,32,69,0,0,40.519
1,33,69,0,0,40.517
1,34,69,0,0,40.5151
1,35,69,0,0,40.5134
1,36,69,0,0,40.512
1,37,69,0,0,40.511
1,38,69,0,0,40.5101
1,39,69,0,0,40.5095
1,40,69,0,0,40.5091
1,41,69,0,0,40.5087
1,42,69,0,0,40.5084
1,43,69,0,0,40.5081
1,44,69,0,0,40.5076
1,45,69,0,0,40.507
1,46,69,0,0,40.5061
1,47,69,0,0,40.505
1,48,69,0,0,40.504
1,49,69,0,0,40.5029
1,50,69,0,0,40.5019
1,51,69,0,0,40.5008
1,52,69,0,0,40.4998
1,53,69,0,0,40.4989
1,54,69,0,0,40.4981
1,55,69,0,0,40.4974
1,56,69,0,0,40.497
1,57,69,0,0,40.4967
1,58,69,0,0,40.4965
1,59,69,0,0,40.4963
1,60,69,0,0,40.4961
1,61,69,0,0,40.496
1,62,69,0,0,40.496
1,63,69,0,0,40.4961
1,64,69,0,0,40.4962
1,65,69,0,0,40.4962
1,66,69,0,0,40.4963
1,67,69,0,0,40.4964
1,68,69,0,0,40.4965
1,69,69,0,0,40.4965
1,70,69,0,0,40.4964
1,71,69,0,0,40.4963
1,72,69,0,0,40.4961
1,73,69,0,0,40.4958
1,74,69,0,0,40.4955
1,75,69,0,0,40.4952
1,76,69,0,0,40.4949
1,77,69,0,0,40.4944
1,78,69,0,0,40.4938
1,79,69,0,0,40.493
1,80,69,0,0,40.4921
1,81,69,0,0,40.4911
1,82,69,0,0,40.4901
1,83,69,0,0,40.4891
1,84,69,0,0,40.4882
1,85,69,0,0,40.4871
1,86,69,0,0,40.486
1,87,69,0,0,40.4848
1,88,69,0,0,40.4836
1,89,69,0,0,40.4825
1,90,69,0,0,40.4815
1,91,69,0,0,40.4806
1,92,69,0,0,40.4797
1,93,69,0,0,40.4789
1,94,69,0,0,40.4779
1,95,69,0,0,40.477
1,96,69,0,0,40.4761
1,97,69,0,0,40.4755
1,98,69,0,0,40.4752
1,99,69,0,0,40.475
1,100,69,0,0,40.4751
1,101,69,0,0,40.4752
1,102,69,0,0,40.4753
1,103,69,0,0,40.4752
1,104,69,0,0,40.475
1,105,69,0,0,40.4745
1,106,69,0,0,40.4737
1,107,69,0,0,40.4728
1,108,69,0,0,40.4718
1,109,69,0,0,40.4707
1,110,69,0,0,40.4696
1,111,69,0,0,40.4684
1,112,69,0,0,40.4673
1,113,69,0,0,40.4663
1,114,69,0,0,40.4656
1,115,69,0,0,40.4651
1,116,69,0,0,40.4647
1,117,69,0,0,40.4644
1,118,69,0,0,40.4642
1,119,69,0,0,40.464
1,120,69,0,0,40.4639
1,121,69,0,0,40.4638
1,122,69,0,0,40.4636
1,123,69,0,0,40.4631
1,124,69,0,0,40.4624
1,125,69,0,0,40.4615
1,126,69,0,0,40.4605
1,127,69,0,0,40.4596
1,0,70,0,6.18169e-05,40.6259
1,1,70,0,0,40.6179
1,2,70,0,0,40.6108
1,3,70,0,0,40.6043
1,4,70,0,0,40.5982
1,5,70,0,0,40.5925
1,6,70,0,0,40.5872
1,7,70,0,0,40.5824
1,8,70,0,0,40.5779
1,9,70,0,0,40.5739
1,10,70,0,0,40.5703
1,11,70,0,0,40.5671
1,12,70,0,0,40.5641
1,13,70,0,0,40.5612
1,14,70,0,0,40.5585
1,15,70,0,0,40.5558
1,16,70,0,0,40.5532
1,17,70,0,0,40.5507
1,18,70,0,0,40.5481
1,19,70,0,0,40.5455
1,20,70,0,0,40.543
1,21,70,0,0,40.5405
1,22,70,0,0,40.538
1,23,70,0,0,40.5354
1,24,70,0,0,40.5328
1,25,70,0,0,40.5301
1,26,70,0,0,40.5274
1,27,70,0,0,40.5247
1,28,70,0,0,40.522
1,29,70,0,0,40.5194
1,30,70,0,0,40.517
1,31,70,0,0,40.5146
1,32,70,0,0,40.5124
1,33,70,0,0,40.5104
1,34,70,0,0,40.5085
1,35,70,0,0,40.5067
1,36,70,0,0,40.5053
1,37,70,0,0,40.504
1,38,70,0,0,40.503
1,39,70,0,0,40.5021
1,40,70,0,0,40.5014
1,41,70,0,0,40.5007
1,42,70,0,0,40.5001
1,43,70,0,0,40.4995
1,44,70,0,0,40.4988
1,45,70,0,0,40.498
1,46,70,0,0,40.4971
1,47,70,0,0,40.496
1,48,70,0,0,40.495
1,49,70,0,0,40.494
1,50,70,0,0,40.493
1,51,70,0,0,40.492
1,52,70,0,0,40.4911
1,53,70,0,0,40.4903
1,54,70,0,0,40.4896
1,55,70,0,0,40.4891
1,56,70,0,0,40.4887
1,57,70,0,0,40.4885
1,58,70,0,0,40.4884
1,59,70,0,0,40.4883
1,60,70,0,0,40.4882
1,61,70,0,0,40.4883
1,62,70,0,0,40.4884
1,63,70,0,0,40.4885
1,64,70,0,0,40.4887
1,65,70,0,0,40.4889
1,66,70,0,0,40.4891
1,67,70,0,0,40.4893
1,68,70,0,0,40.4895
1,69,70,0,0,40.4896
1,70,70,0,0,40.4896
1,71,70,0,0,40.4896
1,72,70,0,0,40.4895
1,73,70,0,0,40.4894
1,74,70,0,0,40.4892
1,75,70,0,0,40.4889
1,76,70,0,0,40.4886
1,77,70,0,0,40.4883
1,78,70,0,0,40.4878
1,79,70,0,0,40.4871
1,80,70,0,0,40.4864
1,81,70,0,0,40.4857
1,82,70,0,0,40.4849
1,83,70,0,0,40.484
1,84,70,0,0,40.4832
1,85,70,0,0,40.4823
1,86,70,0,0,40.4813
1,87,70,0,0,40.4803
1,88,70,0,0,40.4793
1,89,70,0,0,40.4783
1,90,70,0,0,40.4774
1,91,70,0,0,40.4764
1,92,70,0,0,40.4756
1,93,70,0,0,40.4747
1,94,70,0,0,40.4738
1,95,70,0,0,40.4729
1,96,70,0,0,40.4722
1,97,70,0,0,40.4715
1,98,70,0,0,40.4711
1,99,70,0,0,40.4707
1,100,70,0,0,40.4705
1,101,70,0,0,40.4704
1,102,70,0,0,40.4702
1,103,70,0,0,40.4699
1,104,70,0,0,40.4695
1,105,70,0,0,40.4689
1,106,70,0,0,40.4681
1,107,70,0,0,40.4673
1,108,70,0,0,40.4663
1,109,70,0,0,40.4652
1,110,70,0,0,40.4641
1,111,70,0,0,40.4631
1,112,70,0,0,40.462
1,113,70,0,0,40.4611
1,114,70,0,0,40.4604
1,115,70,0,0,40.4598
1,116,70,0,0,40.4593
1,117,70,0,0,40.459
1,118,70,0,0,40.4587
1,119,70,0,0,40.4584
1,120,70,0,0,40.4582
1,121,70,0,0,40.458
1,122,70,0,0,40.4577
1,123,70,0,0,40.4572
1,124,70,0,0,40.4566
1,125,70,0,0,40.4559
1,126,70,0,0,40.4552
1,127,70,0,0,40.4547
1,0,71,0,6.18169e-05,40.6207
1,1,71,0,0,40.6125
1,2,71,0,0,40.6052
1,3,71,0,0,40.5985
1,4,71,0,0,40.5924
1,5,71,0,0,40.5868
1,6,71,0,0,40.5816
1,7,71,0,0,40.5768
1,8,71,0,0,40.5724
1,9,71,0,0,40.5684
1,10,71,0,0,40.5647
1,11,71,0,0,40.5614
1,12,71,0,0,40.5583
1,13,71,0,0,40.5554
1,14,71,0,0,40.5527
1,15,71,0,0,40.55
1,16,71,0,0,40.5474
1,17,71,0,0,40.5449
1,18,71,0,0,40.5424
1,19,71,0,0,40.5399
1,20,71,0,0,40.5374
1,21,71,0,0,40.5349
1,22,71,0,0,40.5324
1,23,71,0,0,40.5299
1,24,71,0,0,40.5274
1,25,71,0,0,40.5248
1,26,71,0,0,40.5222
1,27,71,0,0,40.5196
1,28,71,0,0,40.5171
1,29,71,0,0,40.5146
1,30,71,0,0,40.5121
1,31,71,0,0,40.5098
1,32,71,0,0,40.5076
1,33,71,0,0,40.5055
1,34,71,0,0,40.5035
1,35,71,0,0,40.5017
1,36,71,0,0,40.5001
1,37,71,0,0,40.4987
1,38,71,0,0,40.4975
1,39,71,0,0,40.4964
1,40,71,0,0,40.4954
1,41,71,0,0,40.4945
1,42,71,0,0,40.4937
1,43,71,0,0,40.4928
1,44,71,0,0,40.4919
1,45,71,0,0,40.491
1,46,71,0,0,40.49
1,47,71,0,0,40.4889
1,48,71,0,0,40.4879
1,49,71,0,0,40.4869
1,50,71,0,0,40.4859
1,51,71,0,0,40.485
1,52,71,0,0,40.4842
1,53,71,0,0,40.4835
1,54,71,0,0,40.4829
1,55,71,0,0,40.4825
1,56,71,0,0,40.4822
1,57,71,0,0,40.482
1,58,71,0,0,40.482
1,59,71,0,0,40.482
1,60,71,0,0,40.4821
1,61,71,0,0,40.4823
1,62,71,0,0,40.4825
1,63,71,0,0,40.4828
1,64,71,0,0,40.4831
1,65,71,0,0,40.4835
1,66,71,0,0,40.4838
1,67,71,0,0,40.4841
1,68,71,0,0,40.4843
1,69,71,0,0,40.4846
1,70,71,0,0,40.4847
1,71,71,0,0,40.4848
1,72,71,0,0,40.4848
1,73,71,0,0,40.4848
1,74,71,0,0,40.4847
1,75,71,0,0,40.4845
1,76,71,0,0,40.4843
1,77,71,0,0,40.484
1,78,71,0,0,40.4837
1,79,71,0,0,40.4832
1,80,71,0,0,40.4826
1,81,71,0,0,40.4821
1,82,71,0,0,40.4814
1,83,71,0,0,40.4807
1,84,71,0,0,40.48
1,85,71,0,0,40.4793
1,86,71,0,0,40.4784
1,87,71,0,0,40.4776
1,88,71,0,0,40.4767
1,89,71,0,0,40.4758
1,90,71,0,0,40.4749
1,91,71,0,0,40.474
1,92,71,0,0,40.4732
1,93,71,0,0,40.4723
1,94,71,0,0,40.4714
1,95,71,0,0,40.4706
1,96,71,0,0,40.4698
1,97,71,0,0,40.4692
1,98,71,0,0,40.4686
1,99,71,0,0,40.4681
1,100,71,0,0,40.4677
1,101,71,0,0,40.4673
1,102,71,0,0,40.4669
1,103,71,0,0,40.4665
1,104,71,0,0,40.4659
1,105,71,0,0,40.4653
1,106,71,0,0,40.4645
1,107,71,0,0,40.4636
1,108,71,0,0,40.4626
1,109,71,0,0,40.4615
1,110,71,0,0,40.4605
1,111,71,0,0,40.4594
1,112,71,0,0,40.4584
1,113,71,0,0,40.4575
1,114,71,0,0,40.4567
1,115,71,0,0,40.4561
1,116,71,0,0,40.4556
1,117,71,0,0,40.4552
1,118,71,0,0,40.4548
1,119,71,0,0,40.4546
1,120,71,0,0,40.4543
1,121,71,0,0,40.454
1,122,71,0,0,40.4536
1,123,71,0,0,40.4532
1,124,71,0,0,40.4527
1,125,71,0,0,40.4521
1,126,71,0,0,40.4516
1,127,71,0,0,40.4511
1,0,72,0,6.18169e-05,40.6169
1,1,72,0,0,40.6086
1,2,72,0,0,40.6013
1,3,72,0,0,40.5946
1,4,72,0,0,40.5884
1,5,72,0,0,40.5828
1,6,72,0,0,40.5776
1,7,72,0,0,40.5729
1,8,72,0,0,40.5685
1,9,72,0,0,40.5645
1,10,72,0,0,40.5609
1,11,72,0,0,40.5575
1,12,72,0,0,40.5544
1,13,72,0,0,40.5515
1,14,72,0,0,40.5488
1,15,72,0,0,40.5462
1,16,72,0,0,40.5436
1,17,72,0,0,40.5411
1,18,72,0,0,40.5386
1,19,72,0,0,40.5362
1,20,72,0,0,40.5338
1,21,72,0,0,40.5313
1,22,72,0,0,40.5289
1,23,72,0,0,40.5264
1,24,72,0,0,40.524
1,25,72,0,0,40.5215
1,26,72,0,0,40.5189
1,27,72,0,0,40.5164
1,28,72,0,0,40.514
1,29,72,0,0,40.5115
1,30,72,0,0,40.5091
1,31,72,0,0,40.5067
1,32,72,0,0,40.5045
1,33,72,0,0,40.5023
1,34,72,0,0,40.5003
1,35,72,0,0,40.4984
1,36,72,0,0,40.4966
1,37,72,0,0,40.4951
1,38,72,0,0,40.4937
1,39,72,0,0,40.4924
1,40,72,0,0,40.4912
1,41,72,0,0,40.4901
1,42,72,0,0,40.4891
1,43,72,0,0,40.488
1,44,72,0,0,40.4869
1,45,72,0,0,40.4858
1,46,72,0,0,40.4847
1,47,72,0,0,40.4836
1,48,72,0,0,40.4826
1,49,72,0,0,40.4815
1,50,72,0,0,40.4806
1,51,72,0,0,40.4797
1,52,72,0,0,40.479
1,53,72,0,0,40.4783
1,54,72,0,0,40.4778
1,55,72,0,0,40.4775
1,56,72,0,0,40.4773
1,57,72,0,0,40.4772
1,58,72,0,0,40.4773
1,59,72,0,0,40.4775
1,60,72,0,0,40.4777
1,61,72,0,0,40.478
1,62,72,0,0,40.4784
1,63,72,0,0,40.4789
1,64,72,0,0,40.4794
1,65,72,0,0,40.4798
1,66,72,0,0,40.4803
1,67,72,0,0,40.4807
1,68,72,0,0,40.4811
1,69,72,0,0,40.4814
1,70,72,0,0,40.4817
1,71,72,0,0,40.4818
1,72,72,0,0,40.482
1,73,72,0,0,40.482
1,74,72,0,0,40.482
1,75,72,0,0,40.482
1,76,72,0,0,40.4819
1,77,72,0,0,40.4817
1,78,72,0,0,40.4814
1,79,72,0,0,40.4811
1,80,72,0,0,40.4807
1,81,72,0,0,40.4803
1,82,72,0,0,40.4798
1,83,72,0,0,40.4793
1,84,72,0,0,40.4787
1,85,72,0,0,40.4781
1,86,72,0,0,40.4774
1,87,72,0,0,40.4767
1,88,72,0,0,40.4759
1,89,72,0,0,40.4751
1,90,72,0,0,40.4743
1,91,72,0,0,40.4734
1,92,72,0,0,40.4725
1,93,72,0,0,40.4717
1,94,72,0,0,40.4708
1,95,72,0,0,40.47
1,96,72,0,0,40.4692
1,97,72,0,0,40.4684
1,98,72,0,0,40.4677
1,99,72,0,0,40.4671
1,100,72,0,0,40.4666
1,101,72,0,0,40.466
1,102,72,0,0,40.4655
1,103,72,0,0,40.4649
1,104,72,0,0,40.4642
1,105,72,0,0,40.4635
1,106,72,0,0,40.4626
1,107,72,0,0,40.4617
1,108,72,0,0,40.4606
1,109,72,0,0,40.4596
1,110,72,0,0,40.4585
1,111,72,0,0,40.4574
1,112,72,0,0,40.4564
1,113,72,0,0,40.4555
1,114,72,0,0,40.4546
1,115,72,0,0,40.454
1,116,72,0,0,40.4534
1,117,72,0,0,40.453
1,118,72,0,0,40.4526
1,119,72,0,0,40.4523
1,120,72,0,0,40.452
1,121,72,0,0,40.4517
1,122,72,0,0,40.4514
1,123,72,0,0,40.4509
1,124,72,0,0,40.4504
1,125,72,0,0,40.4499
1,126,72,0,0,40.4494
1,127,72,0,0,40.4491
1,0,73,0,6.18169e-05,40.6145
1,1,73,0,0,40.6063
1,2,73,0,0,40.5989
1,3,73,0,0,40.5922
1,4,73,0,0,40.5861
1,5,73,0,0,40.5806
1,6,73,0,0,40.5754
1,7,73,0,0,40.5707
1,8,73,0,0,40.5664
1,9,73,0,0,40.5624
1,10,73,0,0,40.5588
1,11,73,0,0,40.5555
1,12,73,0,0,40.5524
1,13,73,0,0,40.5495
1,14,73,0,0,40.5468
1,15,73,0,0,40.5442
1,16,73,0,0,40.5417
1,17,73,0,0,40.5392
1,18,73,0,0,40.5368
1,19,73,0,0,40.5345
1,20,73,0,0,40.5321
1,21,73,0,0,40.5297
1,22,73,0,0,40.5273
1,23,73,0,0,40.5249
1,24,73,0,0,40.5225
1,25,73,0,0,40.52
1,26,73,0,0,40.5176
1,27,73,0,0,40.5151
1,28,73,0,0,40.5127
1,29,73,0,0,40.5103
1,30,73,0,0,40.5079
1,31,73,0,0,40.5055
1,32,73,0,0,40.5031
1,33,73,0,0,40.5009
1,34,73,0,0,40.4987
1,35,73,0,0,40.4967
1,36,73,0,0,40.4948
1,37,73,0,0,40.4931
1,38,73,0,0,40.4915
1,39,73,0,0,40.4901
1,40,73,0,0,40.4888
1,41,73,0,0,40.4875
1,42,73,0,0,40.4863
1,43,73,0,0,40.485
1,44,73,0,0,40.4838
1,45,73,0,0,40.4825
1,46,73,0,0,40.4813
1,47,73,0,0,40.4801
1,48,73,0,0,40.4789
1,49,73,0,0,40.4779
1,50,73,0,0,40.4769
1,51,73,0,0,40.4761
1,52,73,0,0,40.4754
1,53,73,0,0,40.4748
1,54,73,0,0,40.4744
1,55,73,0,0,40.4741
1,56,73,0,0,40.474
1,57,73,0,0,40.4741
1,58,73,0,0,40.4743
1,59,73,0,0,40.4746
1,60,73,0,0,40.475
1,61,73,0,0,40.4755
1,62,73,0,0,40.4761
1,63,73,0,0,40.4767
1,64,73,0,0,40.4773
1,65,73,0,0,40.478
1,66,73,0,0,40.4786
1,67,73,0,0,40.4792
1,68,73,0,0,40.4797
1,69,73,0,0,40.4801
1,70,73,0,0,40.4805
1,71,73,0,0,40.4808
1,72,73,0,0,40.481
1,73,73,0,0,40.4812
1,74,73,0,0,40.4813
1,75,73,0,0,40.4813
1,76,73,0,0,40.4813
1,77,73,0,0,40.4812
1,78,73,0,0,40.4811
1,79,73,0,0,40.4809
1,80,73,0,0,40.4806
1,81,73,0,0,40.4804
1,82,73,0,0,40.48
1,83,73,0,0,40.4797
1,84,73,0,0,40.4793
1,85,73,0,0,40.4788
1,86,73,0,0,40.4782
1,87,73,0,0,40.4776
1,88,73,0,0,40.4769
1,89,73,0,0,40.4762
1,90,73,0,0,40.4754
1,91,73,0,0,40.4745
1,92,73,0,0,40.4737
1,93,73,0,0,40.4728
1,94,73,0,0,40.4719
1,95,73,0,0,40.471
1,96,73,0,0,40.4702
1,97,73,0,0,40.4693
1,98,73,0,0,40.4686
1,99,73,0,0,40.4678
1,100,73,0,0,40.4672
1,101,73,0,0,40.4665
1,102,73,0,0,40.4658
1,103,73,0,0,40.4651
1,104,73,0,0,40.4644
1,105,73,0,0,40.4635
1,106,73,0,0,40.4626
1,107,73,0,0,40.4616
1,108,73,0,0,40.4605
1,109,73,0,0,40.4593
1,110,73,0,0,40.4582
1,111,73,0,0,40.457
1,112,73,0,0,40.4559
1,113,73,0,0,40.455
1,114,73,0,0,40.4541
1,115,73,0,0,40.4534
1,116,73,0,0,40.4529
1,117,73,0,0,40.4524
1,118,73,0,0,40.4521
1,119,73,0,0,40.4518
1,120,73,0,0,40.4515
1,121,73,0,0,40.4512
1,122,73,0,0,40.4508
1,123,73,0,0,40.4504
1,124,73,0,0,40.4499
1,125,73,0,0,40.4494
1,126,73,0,0,40.4489
1,127,73,0,0,40.4485
1,0,74,0,6.18169e-05,40.6136
1,1,74,0,0,40.6055
1,2,74,0,0,40.5982
1,3,74,0,0,40.5916
1,4,74,0,0,40.5855
1,5,74,0,0,40.58
1,6,74,0,0,40.5749
1,7,74,0,0,40.5703
1,8,74,0,0,40.566
1,9,74,0,0,40.5621
1,10,74,0,0,40.5585
1,11,74,0,0,40.5552
1,12,74,0,0,40.5522
1,13,74,0,0,40.5494
1,14,74,0,0,40.5467
1,15,74,0,0,40.5442
1,16,74,0,0,40.5417
1,17,74,0,0,40.5393
1,18,74,0,0,40.537
1,19,74,0,0,40.5347
1,20,74,0,0,40.5324
1,21,74,0,0,40.5301
1,22,74,0,0,40.5277
1,23,74,0,0,40.5253
1,24,74,0,0,40.5229
1,25,74,0,0,40.5205
1,26,74,0,0,40.5181
1,27,74,0,0,40.5157
1,28,74,0,0,40.5133
1,29,74,0,0,40.5109
1,30,74,0,0,40.5085
1,31,74,0,0,40.506
1,32,74,0,0,40.5036
1,33,74,0,0,40.5012
1,34,74,0,0,40.4989
1,35,74,0,0,40.4967
1,36,74,0,0,40.4946
1,37,74,0,0,40.4928
1,38,74,0,0,40.4911
1,39,74,0,0,40.4895
1,40,74,0,0,40.4881
1,41,74,0,0,40.4867
1,42,74,0,0,40.4853
1,43,74,0,0,40.4839
1,44,74,0,0,40.4824
1,45,74,0,0,40.481
1,46,74,0,0,40.4796
1,47,74,0,0,40.4782
1,48,74,0,0,40.477
1,49,74,0,0,40.4759
1,50,74,0,0,40.4749
1,51,74,0,0,40.4741
1,52,74,0,0,40.4734
1,53,74,0,0,40.4729
1,54,74,0,0,40.4725
1,55,74,0,0,40.4723
1,56,74,0,0,40.4724
1,57,74,0,0,40.4725
1,58,74,0,0,40.4729
1,59,74,0,0,40.4734
1,60,74,0,0,40.4739
1,61,74,0,0,40.4746
1,62,74,0,0,40.4754
1,63,74,0,0,40.4762
1,64,74,0,0,40.4771
1,65,74,0,0,40.478
1,66,74,0,0,40.4788
1,67,74,0,0,40.4795
1,68,74,0,0,40.4801
1,69,74,0,0,40.4807
1,70,74,0,0,40.4811
1,71,74,0,0,40.4815
1,72,74,0,0,40.4819
1,73,74,0,0,40.4821
1,74,74,0,0,40.4823
1,75,74,0,0,40.4825
1,76,74,0,0,40.4826
1,77,74,0,0,40.4826
1,78,74,0,0,40.4826
1,79,74,0,0,40.4825
1,80,74,0,0,40.4824
1,81,74,0,0,40.4823
1,82,74,0,0,40.4821
1,83,74,0,0,40.4819
1,84,74,0,0,40.4816
1,85,74,0,0,40.4813
1,86,74,0,0,40.4809
1,87,74,0,0,40.4804
1,88,74,0,0,40.4798
1,89,74,0,0,40.4791
1,90,74,0,0,40.4783
1,91,74,0,0,40.4775
1,92,74,0,0,40.4766
1,93,74,0,0,40.4757
1,94,74,0,0,40.4747
1,95,74,0,0,40.4738
1,96,74,0,0,40.4729
1,97,74,0,0,40.472
1,98,74,0,0,40.4711
1,99,74,0,0,40.4703
1,100,74,0,0,40.4695
1,101,74,0,0,40.4687
1,102,74,0,0,40.4679
1,103,74,0,0,40.4671
1,104,74,0,0,40.4663
1,105,74,0,0,40.4654
1,106,74,0,0,40.4644
1,107,74,0,0,40.4632
1,108,74,0,0,40.4621
1,109,74,0,0,40.4608
1,110,74,0,0,40.4595
1,111,74,0,0,40.4583
1,112,74,0,0,40.4571
1,113,74,0,0,40.456
1,114,74,0,0,40.4551
1,115,74,0,0,40.4544
1,116,74,0,0,40.4538
1,117,74,0,0,40.4534
1,118,74,0,0,40.4531
1,119,74,0,0,40.4529
1,120,74,0,0,40.4527
1,121,74,0,0,40.4524
1,122,74,0,0,40.452
1,123,74,0,0,40.4516
1,124,74,0,0,40.451
1,125,74,0,0,40.4504
1,126,74,0,0,40.4499
1,127,74,0,0,40.4494
1,0,75,0,6.18169e-05,40.6142
1,1,75,0,0,40.6061
1,2,75,0,0,40.599
1,3,75,0,0,40.5925
1,4,75,0,0,40.5866
1,5,75,0,0,40.5812
1,6,75,0,0,40.5762
1,7,75,0,0,40.5716
1,8,75,0,0,40.5673
1,9,75,0,0,40.5635
1,10,75,0,0,40.5599
1,11,75,0,0,40.5568
1,12,75,0,0,40.5538
1,13,75,0,0,40.5511
1,14,75,0,0,40.5485
1,15,75,0,0,40.5461
1,16,75,0,0,40.5437
1,17,75,0,0,40.5414
1,18,75,0,0,40.5391
1,19,75,0,0,40.5369
1,20,75,0,0,40.5346
1,21,75,0,0,40.5324
1,22,75,0,0,40.5301
1,23,75,0,0,40.5277
1,24,75,0,0,40.5254
1,25,75,0,0,40.523
1,26,75,0,0,40.5206
1,27,75,0,0,40.5182
1,28,75,0,0,40.5159
1,29,75,0,0,40.5134
1,30,75,0,0,40.511
1,31,75,0,0,40.5084
1,32,75,0,0,40.5058
1,33,75,0,0,40.5032
1,34,75,0,0,40.5007
1,35,75,0,0,40.4983
1,36,75,0,0,40.4961
1,37,75,0,0,40.4941
1,38,75,0,0,40.4923
1,39,75,0,0,40.4906
1,40,75,0,0,40.4891
1,41,75,0,0,40.4876
1,42,75,0,0,40.4861
1,43,75,0,0,40.4845
1,44,75,0,0,40.4828
1,45,75,0,0,40.4811
1,46,75,0,0,40.4795
1,47,75,0,0,40.478
1,48,75,0,0,40.4767
1,49,75,0,0,40.4755
1,50,75,0,0,40.4745
1,51,75,0,0,40.4736
1,52,75,0,0,40.473
1,53,75,0,0,40.4725
1,54,75,0,0,40.4722
1,55,75,0,0,40.4721
1,56,75,0,0,40.4722
1,57,75,0,0,40.4726
1,58,75,0,0,40.4731
1,59,75,0,0,40.4738
1,60,75,0,0,40.4746
1,61,75,0,0,40.4754
1,62,75,0,0,40.4764
1,63,75,0,0,40.4775
1,64,75,0,0,40.4786
1,65,75,0,0,40.4797
1,66,75,0,0,40.4808
1,67,75,0,0,40.4817
1,68,75,0,0,40.4825
1,69,75,0,0,40.4831
1,70,75,0,0,40.4837
1,71,75,0,0,40.4842
1,72,75,0,0,40.4846
1,73,75,0,0,40.485
1,74,75,0,0,40.4853
1,75,75,0,0,40.4855
1,76,75,0,0,40.4857
1,77,75,0,0,40.4859
1,78,75,0,0,40.486
1,79,75,0,0,40.486
1,80,75,0,0,40.486
1,81,75,0,0,40.486
1,82,75,0,0,40.486
1,83,75,0,0,40.486
1,84,75,0,0,40.4859
1,85,75,0,0,40.4858
1,86,75,0,0,40.4855
1,87,75,0,0,40.4851
1,88,75,0,0,40.4845
1,89,75,0,0,40.4838
1,90,75,0,0,40.4831
1,91,75,0,0,40.4822
1,92,75,0,0,40.4813
1,93,75,0,0,40.4803
1,94,75,0,0,40.4794
1,95,75,0,0,40.4784
1,96,75,0,0,40.4774
1,97,75,0,0,40.4764
1,98,75,0,0,40.4754
1,99,75,0,0,40.4744
1,100,75,0,0,40.4735
1,101,75,0,0,40.4726
1,102,75,0,0,40.4718
1,103,75,0,0,40.4709
1,104,75,0,0,40.4701
1,105,75,0,0,40.4691
1,106,75,0,0,40.468
1,107,75,0,0,40.4667
1,108,75,0,0,40.4654
1,109,75,0,0,40.4641
1,110,75,0,0,40.4626
1,111,75,0,0,40.4612
1,112,75,0,0,40.4598
1,113,75,0,0,40.4586
1,114,75,0,0,40.4576
1,115,75,0,0,40.4569
1,116,75,0,0,40.4564
1,117,75,0,0,40.456
1,118,75,0,0,40.4558
1,119,75,0,0,40.4557
1,120,75,0,0,40.4555
1,121,75,0,0,40.4554
1,122,75,0,0,40.455
1,123,75,0,0,40.4545
1,124,75,0,0,40.4539
1,125,75,0,0,40.4531
1,126,75,0,0,40.4524
1,127,75,0,0,40.4518
1,0,76,0,6.18169e-05,40.6161
1,1,76,0,0,40.6083
1,2,76,0,0,40.6014
1,3,76,0,0,40.5952
1,4,76,0,0,40.5895
1,5,76,0,0,40.5842
1,6,76,0,0,40.5792
1,7,76,0,0,40.5747
1,8,76,0,0,40.5704
1,9,76,0,0,40.5666
1,10,76,0,0,40.5632
1,11,76,0,0,40.5601
1,12,76,0,0,40.5573
1,13,76,0,0,40.5547
1,14,76,0,0,40.5523
1,15,76,0,0,40.5499
1,16,76,0,0,40.5476
1,17,76,0,0,40.5454
1,18,76,0,0,40.5432
1,19,76,0,0,40.5411
1,20,76,0,0,40.5389
1,21,76,0,0,40.5368
1,22,76,0,0,40.5345
1,23,76,0,0,40.5321
1,24,76,0,0,40.5297
1,25,76,0,0,40.5273
1,26,76,0,0,40.525
1,27,76,0,0,40.5226
1,28,76,0,0,40.5203
1,29,76,0,0,40.518
1,30,76,0,0,40.5154
1,31,76,0,0,40.5127
1,32,76,0,0,40.5099
1,33,76,0,0,40.5071
1,34,76,0,0,40.5043
1,35,76,0,0,40.5017
1,36,76,0,0,40.4992
1,37,76,0,0,40.4971
1,38,76,0,0,40.4952
1,39,76,0,0,40.4935
1,40,76,0,0,40.4919
1,41,76,0,0,40.4904
1,42,76,0,0,40.4888
1,43,76,0,0,40.487
1,44,76,0,0,40.485
1,45,76,0,0,40.483
1,46,76,0,0,40.4811
1,47,76,0,0,40.4795
1,48,76,0,0,40.478
1,49,76,0,0,40.4767
1,50,76,0,0,40.4757
1,51,76,0,0,40.4748
1,52,76,0,0,40.4741
1,53,76,0,0,40.4736
1,54,76,0,0,40.4734
1,55,76,0,0,40.4734
1,56,76,0,0,40.4737
1,57,76,0,0,40.4742
1,58,76,0,0,40.475
1,59,76,0,0,40.4759
1,60,76,0,0,40.4768
1,61,76,0,0,40.4779
1,62,76,0,0,40.4791
1,63,76,0,0,40.4805
1,64,76,0,0,40.482
1,65,76,0,0,40.4834
1,66,76,0,0,40.4847
1,67,76,0,0,40.4858
1,68,76,0,0,40.4867
1,69,76,0,0,40.4875
1,70,76,0,0,40.4881
1,71,76,0,0,40.4887
1,72,76,0,0,40.4892
1,73,76,0,0,40.4897
1,74,76,0,0,40.4901
1,75,76,0,0,40.4905
1,76,76,0,0,40.4908
1,77,76,0,0,40.491
1,78,76,0,0,40.4912
1,79,76,0,0,40.4913
1,80,76,0,0,40.4914
1,81,76,0,0,40.4915
1,82,76,0,0,40.4917
1,83,76,0,0,40.4919
1,84,76,0,0,40.4921
1,85,76,0,0,40.4922
1,86,76,0,0,40.4921
1,87,76,0,0,40.4917
1,88,76,0,0,40.4912
1,89,76,0,0,40.4905
1,90,76,0,0,40.4897
1,91,76,0,0,40.4889
1,92,76,0,0,40.4879
1,93,76,0,0,40.4869
1,94,76,0,0,40.4858
1,95,76,0,0,40.4847
1,96,76,0,0,40.4836
1,97,76,0,0,40.4825
1,98,76,0,0,40.4814
1,99,76,0,0,40.4803
1,100,76,0,0,40.4792
1,101,76,0,0,40.4783
1,102,76,0,0,40.4774
1,103,76,0,0,40.4766
1,104,76,0,0,40.4757
1,105,76,0,0,40.4746
1,106,76,0,0,40.4734
1,107,76,0,0,40.4721
1,108,76,0,0,40.4706
1,109,76,0,0,40.4691
1,110,76,0,0,40.4675
1,111,76,0,0,40.4658
1,112,76,0,0,40.4641
1,113,76,0,0,40.4627
1,114,76,0,0,40.4616
1,115,76,0,0,40.4609
1,116,76,0,0,40.4604
1,117,76,0,0,40.4602
1,118,76,0,0,40.4601
1,119,76,0,0,40.4602
1,120,76,0,0,40.4602
1,121,76,0,0,40.4602
1,122,76,0,0,40.4599
1,123,76,0,0,40.4593
1,124,76,0,0,40.4585
1,125,76,0,0,40.4575
1,126,76,0,0,40.4565
1,127,76,0,0,40.4556
1,0,77,0,6.18169e-05,40.6194
1,1,77,0,0,40.612
1,2,77,0,0,40.6055
1,3,77,0,0,40.5996
1,4,77,0,0,40.5942
1,5,77,0,0,40.589
1,6,77,0,0,40.5841
1,7,77,0,0,40.5795
1,8,77,0,0,40.5753
1,9,77,0,0,40.5714
1,10,77,0,0,40.5681
1,11,77,0,0,40.5653
1,12,77,0,0,40.5627
1,13,77,0,0,40.5603
1,14,77,0,0,40.558
1,15,77,0,0,40.5557
1,16,77,0,0,40.5535
1,17,77,0,0,40.5514
1,18,77,0,0,40.5493
1,19,77,0,0,40.5473
1,20,77,0,0,40.5453
1,21,77,0,0,40.5432
1,22,77,0,0,40.541
1,23,77,0,0,40.5386
1,24,77,0,0,40.5361
1,25,77,0,0,40.5336
1,26,77,0,0,40.5313
1,27,77,0,0,40.529
1,28,77,0,0,40.5269
1,29,77,0,0,40.5246
1,30,77,0,0,40.522
1,31,77,0,0,40.5191
1,32,77,0,0,40.516
1,33,77,0,0,40.5128
1,34,77,0,0,40.5096
1,35,77,0,0,40.5066
1,36,77,0,0,40.504
1,37,77,0,0,40.5017
1,38,77,0,0,40.4997
1,39,77,0,0,40.498
1,40,77,0,0,40.4965
1,41,77,0,0,40.495
1,42,77,0,0,40.4935
1,43,77,0,0,40.4915
1,44,77,0,0,40.4891
1,45,77,0,0,40.4866
1,46,77,0,0,40.4844
1,47,77,0,0,40.4825
1,48,77,0,0,40.4809
1,49,77,0,0,40.4795
1,50,77,0,0,40.4784
1,51,77,0,0,40.4776
1,52,77,0,0,40.4768
1,53,77,0,0,40.4763
1,54,77,0,0,40.4761
1,55,77,0,0,40.4762
1,56,77,0,0,40.4766
1,57,77,0,0,40.4774
1,58,77,0,0,40.4785
1,59,77,0,0,40.4797
1,60,77,0,0,40.4808
1,61,77,0,0,40.482
1,62,77,0,0,40.4835
1,63,77,0,0,40.4852
1,64,77,0,0,40.4872
1,65,77,0,0,40.4891
1,66,77,0,0,40.4907
1,67,77,0,0,40.492
1,68,77,0,0,40.493
1,69,77,0,0,40.4938
1,70,77,0,0,40.4945
1,71,77,0,0,40.4951
1,72,77,0,0,40.4957
1,73,77,0,0,40.4963
1,74,77,0,0,40.4969
1,75,77,0,0,40.4974
1,76,77,0,0,40.4977
1,77,77,0,0,40.4981
1,78,77,0,0,40.4984
1,79,77,0,0,40.4986
1,80,77,0,0,40.4987
1,81,77,0,0,40.4989
1,82,77,0,0,40.4992
1,83,77,0,0,40.4998
1,84,77,0,0,40.5003
1,85,77,0,0,40.5007
1,86,77,0,0,40.5007
1,87,77,0,0,40.5005
1,88,77,0,0,40.4999
1,89,77,0,0,40.4991
1,90,77,0,0,40.4984
1,91,77,0,0,40.4975
1,92,77,0,0,40.4964
1,93,77,0,0,40.4953
1,94,77,0,0,40.4941
1,95,77,0,0,40.4929
1,96,77,0,0,40.4917
1,97,77,0,0,40.4906
1,98,77,0,0,40.4893
1,99,77,0,0,40.488
1,100,77,0,0,40.4867
1,101,77,0,0,40.4856
1,102,77,0,0,40.4848
1,103,77,0,0,40.4841
1,104,77,0,0,40.4833
1,105,77,0,0,40.4822
1,106,77,0,0,40.4808
1,107,77,0,0,40.4793
1,108,77,0,0,40.4777
1,109,77,0,0,40.476
1,110,77,0,0,40.4742
1,111,77,0,0,40.472
1,112,77,0,0,40.4699
1,113,77,0,0,40.4682
1,114,77,0,0,40.4671
1,115,77,0,0,40.4663
1,116,77,0,0,40.4659
1,117,77,0,0,40.4659
1,118,77,0,0,40.466
1,119,77,0,0,40.4664
1,120,77,0,0,40.4668
1,121,77,0,0,40.4669
1,122,77,0,0,40.4668
1,123,77,0,0,40.4661
1,124,77,0,0,40.4651
1,125,77,0,0,40.4637
1,126,77,0,0,40.4622
1,127,77,0,0,40.4608
1,0,78,0,6.18169e-05,40.6238
1,1,78,0,0,40.6172
1,2,78,0,0,40.6114
1,3,78,0,0,40.6059
1,4,78,0,0,40.6008
1,5,78,0,0,40.5959
1,6,78,0,0,40.5909
1,7,78,0,0,40.5863
1,8,78,0,0,40.582
1,9,78,0,0,40.5779
1,10,78,0,0,40.5747
1,11,78,0,0,40.5723
1,12,78,0,0,40.57
1,13,78,0,0,40.5678
1,14,78,0,0,40.5657
1,15,78,0,0,40.5637
1,16,78,0,0,40.5614
1,17,78,0,0,40.5594
1,18,78,0,0,40.5574
1,19,78,0,0,40.5555
1,20,78,0,0,40.5538
1,21,78,0,0,40.552
1,22,78,0,0,40.5497
1,23,78,0,0,40.5472
1,24,78,0,0,40.5444
1,25,78,0,0,40.5419
1,26,78,0,0,40.5395
1,27,78,0,0,40.5373
1,28,78,0,0,40.5355
1,29,78,0,0,40.5337
1,30,78,0,0,40.5309
1,31,78,0,0,40.5276
1,32,78,0,0,40.5241
1,33,78,0,0,40.5205
1,34,78,0,0,40.5167
1,35,78,0,0,40.5132
1,36,78,0,0,40.5102
1,37,78,0,0,40.5078
1,38,78,0,0,40.5057
1,39,78,0,0,40.5043
1,40,78,0,0,40.503
1,41,78,0,0,40.5017
1,42,78,0,0,40.5004
1,43,78,0,0,40.4982
1,44,78,0,0,40.4952
1,45,78,0,0,40.4919
1,46,78,0,0,40.489
1,47,78,0,0,40.487
1,48,78,0,0,40.4853
1,49,78,0,0,40.4839
1,50,78,0,0,40.4827
1,51,78,0,0,40.482
1,52,78,0,0,40.4812
1,53,78,0,0,40.4805
1,54,78,0,0,40.4803
1,55,78,0,0,40.4804
1,56,78,0,0,40.481
1,57,78,0,0,40.4821
1,58,78,0,0,40.4837
1,59,78,0,0,40.4854
1,60,78,0,0,40.4864
1,61,78,0,0,40.4877
1,62,78,0,0,40.4895
1,63,78,0,0,40.4916
1,64,78,0,0,40.4942
1,65,78,0,0,40.4969
1,66,78,0,0,40.4989
1,67,78,0,0,40.5003
1,68,78,0,0,40.5014
1,69,78,0,0,40.5022
1,70,78,0,0,40.5028
1,71,78,0,0,40.5036
1,72,78,0,0,40.5041
1,73,78,0,0,40.5048
1,74,78,0,0,40.5056
1,75,78,0,0,40.5063
1,76,78,0,0,40.5067
1,77,78,0,0,40.5071
1,78,78,0,0,40.5076
1,79,78,0,0,40.5078
1,80,78,0,0,40.5079
1,81,78,0,0,40.508
1,82,78,0,0,40.5085
1,83,78,0,0,40.5095
1,84,78,0,0,40.5105
1,85,78,0,0,40.5114
1,86,78,0,0,40.5117
1,87,78,0,0,40.5115
1,88,78,0,0,40.5106
1,89,78,0,0,40.5097
1,90,78,0,0,40.5091
1,91,78,0,0,40.5082
1,92,78,0,0,40.507
1,93,78,0,0,40.5057
1,94,78,0,0,40.5043
1,95,78,0,0,40.5031
1,96,78,0,0,40.5017
1,97,78,0,0,40.5005
1,98,78,0,0,40.4993
1,99,78,0,0,40.4975
1,100,78,0,0,40.4959
1,101,78,0,0,40.4946
1,102,78,0,0,40.4939
1,103,78,0,0,40.4936
1,104,78,0,0,40.493
1,105,78,0,0,40.492
1,106,78,0,0,40.4903
1,107,78,0,0,40.4884
1,108,78,0,0,40.4867
1,109,78,0,0,40.485
1,110,78,0,0,40.4829
1,111,78,0,0,40.48
1,112,78,0,0,40.4771
1,113,78,0,0,40.475
1,114,78,0,0,40.4739
1,115,78,0,0,40.4732
1,116,78,0,0,40.4729
1,117,78,0,0,40.4731
1,118,78,0,0,40.4736
1,119,78,0,0,40.4744
1,120,78,0,0,40.4753
1,121,78,0,0,40.4758
1,122,78,0,0,40.4759
1,123,78,0,0,40.4751
1,124,78,0,0,40.4738
1,125,78,0,0,40.4718
1,126,78,0,0,40.4695
1,127,78,0,0,40.4672
1,0,79,0,6.18169e-05,40.6294
1,1,79,0,0,40.6242
1,2,79,0,0,40.6193
1,3,79,0,0,40.6143
1,4,79,0,0,40.6096
1,5,79,0,0,40.605
1,6,79,0,0,40.5997
1,7,79,0,0,40.5951
1,8,79,0,0,40.5906
1,9,79,0,0,40.5856
1,10,79,0,0,40.5827
1,11,79,0,0,40.5816
1,12,79,0,0,40.5795
1,13,79,0,0,40.5775
1,14,79,0,0,40.5757
1,15,79,0,0,40.574
1,16,79,0,0,40.5711
1,17,79,0,0,40.5696
1,18,79,0,0,40.5678
1,19,79,0,0,40.5655
1,20,79,0,0,40.5647
1,21,79,0,0,40.5632
1,22,79,0,0,40.5609
1,23,79,0,0,40.5581
1,24,79,0,0,40.5547
1,25,79,0,0,40.552
1,26,79,0,0,40.5494
1,27,79,0,0,40.5475
1,28,79,0,0,40.5462
1,29,79,0,0,40.5459
1,30,79,0,0,40.5422
1,31,79,0,0,40.5385
1,32,79,0,0,40.5343
1,33,79,0,0,40.5304
1,34,79,0,0,40.5256
1,35,79,0,0,40.5211
1,36,79,0,0,40.5179
1,37,79,0,0,40.5156
1,38,79,0,0,40.5131
1,39,79,0,0,40.5124
1,40,79,0,0,40.5112
1,41,79,0,0,40.5103
1,42,79,0,0,40.5103
1,43,79,0,0,40.5075
1,44,79,0,0,40.5035
1,45,79,0,0,40.4985
1,46,79,0,0,40.4948
1,47,79,0,0,40.4929
1,48,79,0,0,40.4913
1,49,79,0,0,40.4898
1,50,79,0,0,40.4884
1,51,79,0,0,40.4882
1,52,79,0,0,40.4872
1,53,79,0,0,40.4861
1,54,79,0,0,40.4859
1,55,79,0,0,40.4859
1,56,79,0,0,40.4867
1,57,79,0,0,40.4883
1,58,79,0,0,40.4905
1,59,79,0,0,40.4936
1,60,79,0,0,40.4936
1,61,79,0,0,40.4947
1,62,79,0,0,40.497
1,63,79,0,0,40.4995
1,64,79,0,0,40.5031
1,65,79,0,0,40.5072
1,66,79,0,0,40.5099
1,67,79,0,0,40.5107
1,68,79,0,0,40.5122
1,69,79,0,0,40.5127
1,70,79,0,0,40.513
1,71,79,0,0,40.5142
1,72,79,0,0,40.5142
1,73,79,0,0,40.5154
1,74,79,0,0,40.5165
1,75,79,0,0,40.5175
1,76,79,0,0,40.5176
1,77,79,0,0,40.518
1,78,79,0,0,40.5191
1,79,79,0,0,40.5191
1,80,79,0,0,40.5192
1,81,79,0,0,40.5188
1,82,79,0,0,40.5193
1,83,79,0,0,40.5214
1,84,79,0,0,40.5229
1,85,79,0,0,40.5248
1,86,79,0,0,40.5253
1,87,79,0,0,40.5252
1,88,79,0,0,40.5233
1,89,79,0,0,40.5221
1,90,79,0,0,40.5223
1,91,79,0,0,40.5212
1,92,79,0,0,40.5198
1,93,79,0,0,40.518
1,94,79,0,0,40.5163
1,95,79,0,0,40.5154
1,96,79,0,0,40.5133
1,97,79,0,0,40.5126
1,98,79,0,0,40.5118
1,99,79,0,0,40.5086
1,100,79,0,0,40.5069
1,101,79,0,0,40.505
1,102,79,0,0,40.5044
1,103,79,0,0,40.5054
1,104,79,0,0,40.5053
1,105,79,0,0,40.5042
1,106,79,0,0,40.5018
1,107,79,0,0,40.4993
1,108,79,0,0,40.4975
1,109,79,0,0,40.4962
1,110,79,0,0,40.4946
1,111,79,0,0,40.4897
1,112,79,0,0,40.4854
1,113,79,0,0,40.4828
1,114,79,0,0,40.482
1,115,79,0,0,40.4814
1,116,79,0,0,40.4814
1,117,79,0,0,40.4819
1,118,79,0,0,40.4826
1,119,79,0,0,40.4841
1,120,79,0,0,40.486
1,121,79,0,0,40.487
1,122,79,0,0,40.4877
1,123,79,0,0,40.4866
1,124,79,0,0,40.4851
1,125,79,0,0,40.482
1,126,79,0,0,40.4785
1,127,79,0,0,40.4746
1,0,80,0,0.000101048,40.6359
1,1,80,0,8.0136e-05,40.6335
1,2,80,0,9.89145e-05,40.6296
1,3,80,0,8.78057e-05,40.6248
1,4,80,0,8.181e-05,40.6207
1,5,80,0,0.000119367,40.6174
1,6,80,0,5.80095e-05,40.6102
1,7,80,0,9.03622e-05,40.6061
1,8,80,0,0.00013982,40.6021
1,9,80,0,4.0905e-05,40.5935
1,10,80,0,4.0905e-05,40.5911
1,11,80,0,0.000138146,40.5941
1,12,80,0,8.181e-05,40.5911
1,13,80,0,9.89145e-05,40.5893
1,14,80,0,7.66969e-05,40.5878
1,15,80,0,0.000133178,40.5876
1,16,80,0,1.87785e-05,40.5818
1,17,80,0,9.79138e-05,40.5822
1,18,80,0,0.000119367,40.5808
1,19,80,0,3.9231e-05,40.5764
1,20,80,0,0.000119367,40.5784
1,21,80,0,0.00013982,40.5775
1,22,80,0,0.000138146,40.5749
1,23,80,0,0.000150046,40.572
1,24,80,0,0.000100588,40.5664
1,25,80,0,0.000123388,40.5644
1,26,80,0,8.0136e-05,40.5609
1,27,80,0,7.8462e-05,40.5592
1,28,80,0,3.9231e-05,40.558
1,29,80,0,0.000240408,40.5637
1,30,80,0,6.45874e-05,40.5555
1,31,80,0,0.000121041,40.5522
1,32,80,0,0.000100588,40.5462
1,33,80,0,0.00013982,40.5434
1,34,80,0,0.000100588,40.5362
1,35,80,0,5.96835e-05,40.5298
1,36,80,0,6.90727e-05,40.5267
1,37,80,0,0.000122715,40.5257
1,38,80,0,2.04525e-05,40.5207
1,39,80,0,0.000119367,40.523
1,40,80,0,8.181e-05,40.5213
1,41,80,0,5.96835e-05,40.5202
1,42,80,0,0.000197829,40.5248
1,43,80,0,0.000100588,40.5202
1,44,80,0,0.000100588,40.5147
1,45,80,0,2.04525e-05,40.5057
1,46,80,0,2.04525e-05,40.5007
1,47,80,0,9.03622e-05,40.5004
1,48,80,0,9.89145e-05,40.4992
1,49,80,0,9.01986e-05,40.4977
1,50,80,0,2.04525e-05,40.4946
1,51,80,0,0.000121041,40.4974
1,52,80,0,8.0136e-05,40.4952
1,53,80,0,3.57919e-05,40.4925
1,54,80,0,8.0136e-05,40.4934
1,55,80,0,4.0905e-05,40.4924
1,56,80,0,6.13575e-05,40.4936
1,57,80,0,5.63355e-05,40.4956
1,58,80,0,3.9231e-05,40.4984
1,59,80,0,0.000201177,40.5068
1,60,80,0,3.32353e-05,40.5018
1,61,80,0,4.0905e-05,40.5023
1,62,80,0,8.0136e-05,40.5062
1,63,80,0,3.9231e-05,40.5082
1,64,80,0,5.80095e-05,40.5135
1,65,80,0,0.000119367,40.5208
1,66,80,0,0.000141494,40.5248
1,67,80,0,4.43441e-05,40.5225
1,68,80,0,0.000130476,40.5259
1,69,80,0,9.89145e-05,40.5254
1,70,80,0,3.9231e-05,40.5244
1,71,80,0,0.000141493,40.5281
1,72,80,0,2.04525e-05,40.5251
1,73,80,0,0.000100588,40.5279
1,74,80,0,0.000100588,40.5297
1,75,80,0,0.000126154,40.5318
1,76,80,0,7.8462e-05,40.5301
1,77,80,0,4.77833e-05,40.5303
1,78,80,0,9.72405e-05,40.5339
1,79,80,0,3.7557e-05,40.5326
1,80,80,0,8.0136e-05,40.5329
1,81,80,0,4.0905e-05,40.5306
1,82,80,0,4.69007e-05,40.5307
1,83,80,0,0.00011258,40.5358
1,84,80,0,9.45928e-05,40.5371
1,85,80,0,0.000160272,40.5417
1,86,80,0,0.000100588,40.5415
1,87,80,0,0.000160272,40.5429
1,88,80,0,5.96835e-05,40.5375
1,89,80,0,3.9231e-05,40.5353
1,90,80,0,0.000147535,40.5387
1,91,80,0,0.000100588,40.5366
1,92,80,0,9.95878e-05,40.5352
1,93,80,0,8.0136e-05,40.5324
1,94,80,0,5.96835e-05,40.5296
1,95,80,0,0.000160272,40.5311
1,96,80,0,4.0905e-05,40.5257
1,97,80,0,7.8462e-05,40.5268
1,98,80,0,0.000195418,40.5289
1,99,80,0,2.11258e-05,40.5202
1,100,80,0,0.000119367,40.5201
1,101,80,0,6.50514e-05,40.5162
1,102,80,0,4.0905e-05,40.5153
1,103,80,0,0.00013982,40.5204
1,104,80,0,0.000103145,40.5204
1,105,80,0,0.000141494,40.5199
1,106,80,0,8.44577e-05,40.5154
1,107,80,0,5.80095e-05,40.5116
1,108,80,0,5.80095e-05,40.5099
1,109,80,0,6.90727e-05,40.5099
1,110,80,0,0.000191833,40.5114
1,111,80,0,5.80095e-05,40.5007
1,112,80,0,3.9231e-05,40.4939
1,113,80,0,4.0905e-05,40.4906
1,114,80,0,9.72405e-05,40.4918
1,115,80,0,8.0136e-05,40.4909
1,116,80,0,8.26926e-05,40.4913
1,117,80,0,0.000100588,40.4923
1,118,80,0,8.0136e-05,40.4929
1,119,80,0,7.8462e-05,40.4953
1,120,80,0,0.000135125,40.4998
1,121,80,0,7.8462e-05,40.5003
1,122,80,0,0.00013982,40.5034
1,123,80,0,5.96835e-05,40.5003
1,124,80,0,0.00013982,40.5
1,125,80,0,9.89145e-05,40.4946
1,126,80,0,0.000106083,40.4898
1,127,80,0,2.30091e-05,40.4828
1,0,81,0,0.000160731,40.6373
1,1,81,0,0.000111324,40.6338
1,2,81,0,6.13575e-05,40.6273
1,3,81,0,7.24663e-05,40.623
1,4,81,0,0.000100588,40.62
1,5,81,0,0.000115928,40.6165
1,6,81,0,9.72405e-05,40.6104
1,7,81,0,9.45928e-05,40.6048
1,8,81,0,5.96835e-05,40.5977
1,9,81,0,1.87785e-05,40.5907
1,10,81,0,5.80095e-05,40.59
1,11,81,0,0.00011258,40.5922
1,12,81,0,0.000113371,40.5907
1,13,81,0,4.0905e-05,40.5868
1,14,81,0,0.000125153,40.5886
1,15,81,0,0.000110815,40.5875
1,16,81,0,0.000141494,40.5857
1,17,81,0,0.00011702,40.5829
1,18,81,0,0.000100588,40.5798
1,19,81,0,8.0136e-05,40.5767
1,20,81,0,0.00015323,40.5779
1,21,81,0,7.6788e-05,40.573
1,22,81,0,6.13575e-05,40.5689
1,23,81,0,9.03622e-05,40.5662
1,24,81,0,2.04525e-05,40.5604
1,25,81,0,7.77887e-05,40.5603
1,26,81,0,9.72405e-05,40.5599
1,27,81,0,0.000122715,40.5599
1,28,81,0,0.000116019,40.5588
1,29,81,0,0.000100588,40.5583
1,30,81,0,0.000135589,40.5558
1,31,81,0,0.00013982,40.5508
1,32,81,0,0,40.5408
1,33,81,0,0.000136472,40.5402
1,34,81,0,3.9231e-05,40.5319
1,35,81,0,6.13575e-05,40.5273
1,36,81,0,6.90727e-05,40.5244
1,37,81,0,6.13575e-05,40.5219
1,38,81,0,6.13575e-05,40.5196
1,39,81,0,8.181e-05,40.5201
1,40,81,0,0.000100588,40.5195
1,41,81,0,3.9231e-05,40.5166
1,42,81,0,6.13575e-05,40.5182
1,43,81,0,0.000142121,40.5196
1,44,81,0,0.000122715,40.5149
1,45,81,0,0.000100588,40.5077
1,46,81,0,6.13575e-05,40.5007
1,47,81,0,3.06787e-05,40.496
1,48,81,0,0,40.493
1,49,81,0,6.83994e-05,40.4944
1,50,81,0,6.37048e-05,40.4937
1,51,81,0,6.13575e-05,40.4935
1,52,81,0,5.96835e-05,40.4924
1,53,81,0,6.47966e-05,40.4916
1,54,81,0,6.13575e-05,40.4915
1,55,81,0,7.8462e-05,40.492
1,56,81,0,4.0905e-05,40.4917
1,57,81,0,8.181e-05,40.4947
1,58,81,0,4.0905e-05,40.4965
1,59,81,0,0.000119367,40.5025
1,60,81,0,6.73532e-05,40.5012
1,61,81,0,4.86202e-05,40.5018
1,62,81,0,0.000100588,40.5064
1,63,81,0,8.181e-05,40.5093
1,64,81,0,0.000100588,40.5145
1,65,81,0,0.000119367,40.5205
1,66,81,0,0.00016362,40.5251
1,67,81,0,9.54754e-05,40.5233
1,68,81,0,0.000106584,40.5245
1,69,81,0,8.181e-05,40.5245
1,70,81,0,0.000136472,40.527
1,71,81,0,0.000100588,40.5277
1,72,81,0,0.000156924,40.5292
1,73,81,0,7.8462e-05,40.5273
1,74,81,0,7.41403e-05,40.5282
1,75,81,0,0.000131358,40.5313
1,76,81,0,6.73987e-05,40.5302
1,77,81,0,0.000107467,40.5336
1,78,81,0,0.000193134,40.5397
1,79,81,0,0.000187603,40.5405
1,80,81,0,0.00015525,40.5384
1,81,81,0,0.00013982,40.5355
1,82,81,0,3.32353e-05,40.5317
1,83,81,0,0.000178168,40.5378
1,84,81,0,3.06787e-05,40.5349
1,85,81,0,0.000111051,40.5395
1,86,81,0,0.000121714,40.5418
1,87,81,0,0.000156924,40.5436
1,88,81,0,0.000136472,40.5409
1,89,81,0,0.000116019,40.5386
1,90,81,0,0.000128756,40.5388
1,91,81,0,9.54754e-05,40.537
1,92,81,0,0.000154577,40.5379
1,93,81,0,0.00015525,40.5358
1,94,81,0,9.72405e-05,40.5312
1,95,81,0,9.89145e-05,40.5294
1,96,81,0,8.0136e-05,40.5271
1,97,81,0,0.000160272,40.5293
1,98,81,0,0.000120158,40.5271
1,99,81,0,8.88975e-05,40.5218
1,100,81,0,0.000100588,40.5195
1,101,81,0,6.97461e-05,40.5161
1,102,81,0,5.96835e-05,40.5155
1,103,81,0,0.000122715,40.5198
1,104,81,0,0.000152693,40.5215
1,105,81,0,9.55665e-05,40.5185
1,106,81,0,0.000113371,40.5165
1,107,81,0,0.000119367,40.5145
1,108,81,0,0.000117693,40.5131
1,109,81,0,0.000142567,40.5128
1,110,81,0,0.000169616,40.511
1,111,81,0,5.96835e-05,40.5005
1,112,81,0,8.0136e-05,40.4946
1,113,81,0,1.87785e-05,40.4891
1,114,81,0,8.181e-05,40.4898
1,115,81,0,3.9231e-05,40.488
1,116,81,0,7.75794e-05,40.4891
1,117,81,0,3.7557e-05,40.4885
1,118,81,0,5.80095e-05,40.4904
1,119,81,0,7.6788e-05,40.4936
1,120,81,0,8.65046e-05,40.4973
1,121,81,0,0.000102262,40.5004
1,122,81,0,0.000156041,40.5043
1,123,81,0,0.000160272,40.5035
1,124,81,0,0.000121041,40.4993
1,125,81,0,6.13575e-05,40.4924
1,126,81,0,3.9231e-05,40.4879
1,127,81,0,0.000175547,40.4879
1,0,82,0,6.18169e-05,40.6268
1,1,82,0,4.69463e-06,40.6213
1,2,82,0,0,40.6154
1,3,82,0,0,40.6103
1,4,82,0,0,40.606
1,5,82,0,5.11312e-06,40.6018
1,6,82,0,0,40.5966
1,7,82,0,1.78959e-05,40.592
1,8,82,0,0,40.5859
1,9,82,0,0,40.581
1,10,82,0,0,40.5787
1,11,82,0,5.11312e-06,40.578
1,12,82,0,7.66969e-06,40.5765
1,13,82,0,0,40.5743
1,14,82,0,1.64312e-05,40.574
1,15,82,0,1.02263e-05,40.5723
1,16,82,0,0,40.5698
1,17,82,0,0,40.5672
1,18,82,0,0,40.5645
1,19,82,0,0,40.5622
1,20,82,0,7.04194e-06,40.5607
1,21,82,0,0,40.5573
1,22,82,0,0,40.554
1,23,82,0,0,40.5509
1,24,82,0,0,40.5476
1,25,82,0,0,40.546
1,26,82,0,0,40.5448
1,27,82,0,0,40.5437
1,28,82,0,0,40.5424
1,29,82,0,0,40.5409
1,30,82,0,1.64312e-05,40.5387
1,31,82,0,0,40.5339
1,32,82,0,0,40.5282
1,33,82,0,0,40.5244
1,34,82,0,0,40.5194
1,35,82,0,0,40.5154
1,36,82,0,0,40.5123
1,37,82,0,0,40.5098
1,38,82,0,0,40.5078
1,39,82,0,0,40.5068
1,40,82,0,0,40.5057
1,41,82,0,0,40.5043
1,42,82,0,0,40.504
1,43,82,0,1.98248e-05,40.5037
1,44,82,0,0,40.4998
1,45,82,0,0,40.495
1,46,82,0,0,40.4903
1,47,82,0,0,40.4867
1,48,82,0,0,40.4844
1,49,82,0,0,40.4839
1,50,82,0,1.64312e-05,40.4837
1,51,82,0,0,40.4826
1,52,82,0,0,40.4817
1,53,82,0,0,40.4811
1,54,82,0,0,40.481
1,55,82,0,0,40.4813
1,56,82,0,0,40.4819
1,57,82,0,0,40.4835
1,58,82,0,0,40.4855
1,59,82,0,0,40.4882
1,60,82,0,0,40.4894
1,61,82,0,9.38925e-06,40.4913
1,62,82,0,0,40.4938
1,63,82,0,0,40.4967
1,64,82,0,0,40.5003
1,65,82,0,0,40.5041
1,66,82,0,0,40.507
1,67,82,0,0,40.5079
1,68,82,0,0,40.5089
1,69,82,0,0,40.5098
1,70,82,0,0,40.5111
1,71,82,0,0,40.5121
1,72,82,0,0,40.513
1,73,82,0,0,40.5133
1,74,82,0,7.66969e-06,40.5144
1,75,82,0,0,40.5158
1,76,82,0,9.38925e-06,40.517
1,77,82,0,0,40.5188
1,78,82,0,4.69463e-06,40.5216
1,79,82,0,1.02263e-05,40.5227
1,80,82,0,0,40.5217
1,81,82,0,0,40.5204
1,82,82,0,0,40.5197
1,83,82,0,7.66969e-06,40.5217
1,84,82,0,1.78959e-05,40.5223
1,85,82,0,0,40.5235
1,86,82,0,1.64312e-05,40.5252
1,87,82,0,0,40.5251
1,88,82,0,0,40.524
1,89,82,0,0,40.5228
1,90,82,0,0,40.5221
1,91,82,0,5.11312e-06,40.5213
1,92,82,0,0,40.5204
1,93,82,0,0,40.5187
1,94,82,0,0,40.5163
1,95,82,0,0,40.5144
1,96,82,0,0,40.5129
1,97,82,0,0,40.5124
1,98,82,0,0,40.5107
1,99,82,0,7.66969e-06,40.5082
1,100,82,0,0,40.5058
1,101,82,0,0,40.5038
1,102,82,0,0,40.5031
1,103,82,0,0,40.504
1,104,82,0,0,40.5042
1,105,82,0,0,40.5028
1,106,82,0,0,40.5012
1,107,82,0,0,40.4995
1,108,82,0,0,40.4979
1,109,82,0,0,40.4962
1,110,82,0,0,40.4934
1,111,82,0,0,40.4882
1,112,82,0,0,40.4837
1,113,82,0,0,40.4803
1,114,82,0,0,40.4789
1,115,82,0,0,40.4779
1,116,82,0,0,40.4778
1,117,82,0,0,40.4779
1,118,82,0,0,40.4791
1,119,82,0,0,40.481
1,120,82,0,0,40.4831
1,121,82,0,0,40.4851
1,122,82,0,2.55656e-06,40.4866
1,123,82,0,0,40.4859
1,124,82,0,0,40.4834
1,125,82,0,0,40.4799
1,126,82,0,0,40.4771
1,127,82,0,1.64312e-05,40.4757
1,0,83,0,6.18169e-05,40.6179
1,1,83,0,0,40.6112
1,2,83,0,0,40.605
1,3,83,0,0,40.5994
1,4,83,0,0,40.5944
1,5,83,0,0,40.5896
1,6,83,0,0,40.5848
1,7,83,0,0,40.58
1,8,83,0,0,40.5752
1,9,83,0,0,40.5711
1,10,83,0,0,40.5682
1,11,83,0,0,40.5661
1,12,83,0,0,40.5641
1,13,83,0,0,40.5621
1,14,83,0,0,40.5605
1,15,83,0,0,40.5586
1,16,83,0,0,40.5562
1,17,83,0,0,40.5538
1,18,83,0,0,40.5513
1,19,83,0,0,40.5489
1,20,83,0,0,40.5466
1,21,83,0,0,40.5438
1,22,83,0,0,40.5409
1,23,83,0,0,40.5381
1,24,83,0,0,40.5354
1,25,83,0,0,40.5334
1,26,83,0,0,40.5317
1,27,83,0,0,40.5301
1,28,83,0,0,40.5283
1,29,83,0,0,40.5262
1,30,83,0,0,40.5236
1,31,83,0,0,40.5199
1,32,83,0,0,40.5158
1,33,83,0,0,40.512
1,34,83,0,0,40.5081
1,35,83,0,0,40.5046
1,36,83,0,0,40.5016
1,37,83,0,0,40.4992
1,38,83,0,0,40.4972
1,39,83,0,0,40.4956
1,40,83,0,0,40.4942
1,41,83,0,0,40.4929
1,42,83,0,0,40.4917
1,43,83,0,0,40.4902
1,44,83,0,0,40.4874
1,45,83,0,0,40.4841
1,46,83,0,0,40.4808
1,47,83,0,0,40.478
1,48,83,0,0,40.476
1,49,83,0,0,40.4748
1,50,83,0,0,40.474
1,51,83,0,0,40.4732
1,52,83,0,0,40.4725
1,53,83,0,0,40.472
1,54,83,0,0,40.4719
1,55,83,0,0,40.4722
1,56,83,0,0,40.4728
1,57,83,0,0,40.474
1,58,83,0,0,40.4755
1,59,83,0,0,40.4773
1,60,83,0,0,40.4789
1,61,83,0,0,40.4807
1,62,83,0,0,40.4829
1,63,83,0,0,40.4853
1,64,83,0,0,40.488
1,65,83,0,0,40.4907
1,66,83,0,0,40.4929
1,67,83,0,0,40.4944
1,68,83,0,0,40.4956
1,69,83,0,0,40.4967
1,70,83,0,0,40.4978
1,71,83,0,0,40.4988
1,72,83,0,0,40.4996
1,73,83,0,0,40.5004
1,74,83,0,0,40.5014
1,75,83,0,0,40.5025
1,76,83,0,0,40.5037
1,77,83,0,0,40.5051
1,78,83,0,0,40.5066
1,79,83,0,0,40.5074
1,80,83,0,0,40.5073
1,81,83,0,0,40.5071
1,82,83,0,0,40.507
1,83,83,0,0,40.5078
1,84,83,0,0,40.5085
1,85,83,0,0,40.5092
1,86,83,0,0,40.5099
1,87,83,0,0,40.5099
1,88,83,0,0,40.5093
1,89,83,0,0,40.5085
1,90,83,0,0,40.5078
1,91,83,0,0,40.5069
1,92,83,0,0,40.5059
1,93,83,0,0,40.5045
1,94,83,0,0,40.5028
1,95,83,0,0,40.5012
1,96,83,0,0,40.4998
1,97,83,0,0,40.4987
1,98,83,0,0,40.4972
1,99,83,0,0,40.4954
1,100,83,0,0,40.4936
1,101,83,0,0,40.4921
1,102,83,0,0,40.4913
1,103,83,0,0,40.491
1,104,83,0,0,40.4905
1,105,83,0,0,40.4894
1,106,83,0,0,40.488
1,107,83,0,0,40.4865
1,108,83,0,0,40.4848
1,109,83,0,0,40.4829
1,110,83,0,0,40.4803
1,111,83,0,0,40.4769
1,112,83,0,0,40.4738
1,113,83,0,0,40.4712
1,114,83,0,0,40.4696
1,115,83,0,0,40.4686
1,116,83,0,0,40.4683
1,117,83,0,0,40.4683
1,118,83,0,0,40.4689
1,119,83,0,0,40.47
1,120,83,0,0,40.4712
1,121,83,0,0,40.4722
1,122,83,0,0,40.4727
1,123,83,0,0,40.4721
1,124,83,0,0,40.4706
1,125,83,0,0,40.4685
1,126,83,0,0,40.4666
1,127,83,0,0,40.4652
1,0,84,0,6.18169e-05,40.6104
1,1,84,0,0,40.6029
1,2,84,0,0,40.5963
1,3,84,0,0,40.5904
1,4,84,0,0,40.5849
1,5,84,0,0,40.5799
1,6,84,0,0,40.575
1,7,84,0,0,40.5704
1,8,84,0,0,40.566
1,9,84,0,0,40.5621
1,10,84,0,0,40.5589
1,11,84,0,0,40.5563
1,12,84,0,0,40.5539
1,13,84,0,0,40.5516
1,14,84,0,0,40.5495
1,15,84,0,0,40.5473
1,16,84,0,0,40.545
1,17,84,0,0,40.5425
1,18,84,0,0,40.5401
1,19,84,0,0,40.5376
1,20,84,0,0,40.5351
1,21,84,0,0,40.5325
1,22,84,0,0,40.5298
1,23,84,0,0,40.5272
1,24,84,0,0,40.5248
1,25,84,0,0,40.5226
1,26,84,0,0,40.5206
1,27,84,0,0,40.5186
1,28,84,0,0,40.5166
1,29,84,0,0,40.5143
1,30,84,0,0,40.5116
1,31,84,0,0,40.5084
1,32,84,0,0,40.505
1,33,84,0,0,40.5016
1,34,84,0,0,40.4983
1,35,84,0,0,40.4952
1,36,84,0,0,40.4924
1,37,84,0,0,40.49
1,38,84,0,0,40.488
1,39,84,0,0,40.4862
1,40,84,0,0,40.4846
1,41,84,0,0,40.4831
1,42,84,0,0,40.4816
1,43,84,0,0,40.4799
1,44,84,0,0,40.4776
1,45,84,0,0,40.4751
1,46,84,0,0,40.4725
1,47,84,0,0,40.4703
1,48,84,0,0,40.4685
1,49,84,0,0,40.4672
1,50,84,0,0,40.4662
1,51,84,0,0,40.4654
1,52,84,0,0,40.4648
1,53,84,0,0,40.4644
1,54,84,0,0,40.4643
1,55,84,0,0,40.4645
1,56,84,0,0,40.4651
1,57,84,0,0,40.466
1,58,84,0,0,40.4671
1,59,84,0,0,40.4685
1,60,84,0,0,40.47
1,61,84,0,0,40.4716
1,62,84,0,0,40.4735
1,63,84,0,0,40.4755
1,64,84,0,0,40.4777
1,65,84,0,0,40.4798
1,66,84,0,0,40.4816
1,67,84,0,0,40.4831
1,68,84,0,0,40.4843
1,69,84,0,0,40.4854
1,70,84,0,0,40.4865
1,71,84,0,0,40.4875
1,72,84,0,0,40.4883
1,73,84,0,0,40.4892
1,74,84,0,0,40.4901
1,75,84,0,0,40.4911
1,76,84,0,0,40.4922
1,77,84,0,0,40.4933
1,78,84,0,0,40.4943
1,79,84,0,0,40.495
1,80,84,0,0,40.4953
1,81,84,0,0,40.4954
1,82,84,0,0,40.4956
1,83,84,0,0,40.4961
1,84,84,0,0,40.4965
1,85,84,0,0,40.497
1,86,84,0,0,40.4973
1,87,84,0,0,40.4972
1,88,84,0,0,40.4968
1,89,84,0,0,40.4962
1,90,84,0,0,40.4955
1,91,84,0,0,40.4947
1,92,84,0,0,40.4937
1,93,84,0,0,40.4925
1,94,84,0,0,40.4912
1,95,84,0,0,40.4898
1,96,84,0,0,40.4886
1,97,84,0,0,40.4873
1,98,84,0,0,40.4859
1,99,84,0,0,40.4845
1,100,84,0,0,40.483
1,101,84,0,0,40.4818
1,102,84,0,0,40.4808
1,103,84,0,0,40.4801
1,104,84,0,0,40.4793
1,105,84,0,0,40.4782
1,106,84,0,0,40.4769
1,107,84,0,0,40.4755
1,108,84,0,0,40.4739
1,109,84,0,0,40.472
1,110,84,0,0,40.4698
1,111,84,0,0,40.4674
1,112,84,0,0,40.465
1,113,84,0,0,40.463
1,114,84,0,0,40.4616
1,115,84,0,0,40.4606
1,116,84,0,0,40.4601
1,117,84,0,0,40.4599
1,118,84,0,0,40.4601
1,119,84,0,0,40.4606
1,120,84,0,0,40.4612
1,121,84,0,0,40.4616
1,122,84,0,0,40.4617
1,123,84,0,0,40.4612
1,124,84,0,0,40.4602
1,125,84,0,0,40.4588
1,126,84,0,0,40.4576
1,127,84,0,0,40.4565
1,0,85,0,6.18169e-05,40.6041
1,1,85,0,0,40.5962
1,2,85,0,0,40.5893
1,3,85,0,0,40.5831
1,4,85,0,0,40.5774
1,5,85,0,0,40.5721
1,6,85,0,0,40.5672
1,7,85,0,0,40.5627
1,8,85,0,0,40.5584
1,9,85,0,0,40.5546
1,10,85,0,0,40.5513
1,11,85,0,0,40.5483
1,12,85,0,0,40.5457
1,13,85,0,0,40.5432
1,14,85,0,0,40.5408
1,15,85,0,0,40.5384
1,16,85,0,0,40.5359
1,17,85,0,0,40.5334
1,18,85,0,0,40.5309
1,19,85,0,0,40.5284
1,20,85,0,0,40.5259
1,21,85,0,0,40.5233
1,22,85,0,0,40.5207
1,23,85,0,0,40.5182
1,24,85,0,0,40.5158
1,25,85,0,0,40.5135
1,26,85,0,0,40.5114
1,27,85,0,0,40.5092
1,28,85,0,0,40.507
1,29,85,0,0,40.5047
1,30,85,0,0,40.5021
1,31,85,0,0,40.4992
1,32,85,0,0,40.4961
1,33,85,0,0,40.4931
1,34,85,0,0,40.4901
1,35,85,0,0,40.4873
1,36,85,0,0,40.4847
1,37,85,0,0,40.4824
1,38,85,0,0,40.4803
1,39,85,0,0,40.4785
1,40,85,0,0,40.4768
1,41,85,0,0,40.4752
1,42,85,0,0,40.4736
1,43,85,0,0,40.4718
1,44,85,0,0,40.4699
1,45,85,0,0,40.4678
1,46,85,0,0,40.4657
1,47,85,0,0,40.4639
1,48,85,0,0,40.4623
1,49,85,0,0,40.461
1,50,85,0,0,40.46
1,51,85,0,0,40.4592
1,52,85,0,0,40.4586
1,53,85,0,0,40.4582
1,54,85,0,0,40.4581
1,55,85,0,0,40.4583
1,56,85,0,0,40.4587
1,57,85,0,0,40.4594
1,58,85,0,0,40.4603
1,59,85,0,0,40.4614
1,60,85,0,0,40.4627
1,61,85,0,0,40.4641
1,62,85,0,0,40.4657
1,63,85,0,0,40.4674
1,64,85,0,0,40.4692
1,65,85,0,0,40.4709
1,66,85,0,0,40.4725
1,67,85,0,0,40.4738
1,68,85,0,0,40.4751
1,69,85,0,0,40.4762
1,70,85,0,0,40.4772
1,71,85,0,0,40.4781
1,72,85,0,0,40.479
1,73,85,0,0,40.4799
1,74,85,0,0,40.4807
1,75,85,0,0,40.4816
1,76,85,0,0,40.4826
1,77,85,0,0,40.4835
1,78,85,0,0,40.4843
1,79,85,0,0,40.4849
1,80,85,0,0,40.4853
1,81,85,0,0,40.4856
1,82,85,0,0,40.4859
1,83,85,0,0,40.4862
1,84,85,0,0,40.4866
1,85,85,0,0,40.4868
1,86,85,0,0,40.4869
1,87,85,0,0,40.4868
1,88,85,0,0,40.4865
1,89,85,0,0,40.486
1,90,85,0,0,40.4854
1,91,85,0,0,40.4846
1,92,85,0,0,40.4837
1,93,85,0,0,40.4826
1,94,85,0,0,40.4815
1,95,85,0,0,40.4803
1,96,85,0,0,40.4791
1,97,85,0,0,40.4779
1,98,85,0,0,40.4767
1,99,85,0,0,40.4754
1,100,85,0,0,40.4742
1,101,85,0,0,40.473
1,102,85,0,0,40.472
1,103,85,0,0,40.4711
1,104,85,0,0,40.4702
1,105,85,0,0,40.4691
1,106,85,0,0,40.4679
1,107,85,0,0,40.4665
1,108,85,0,0,40.465
1,109,85,0,0,40.4633
1,110,85,0,0,40.4615
1,111,85,0,0,40.4595
1,112,85,0,0,40.4577
1,113,85,0,0,40.4561
1,114,85,0,0,40.4548
1,115,85,0,0,40.4538
1,116,85,0,0,40.4532
1,117,85,0,0,40.4529
1,118,85,0,0,40.4529
1,119,85,0,0,40.453
1,120,85,0,0,40.4531
1,121,85,0,0,40.4532
1,122,85,0,0,40.453
1,123,85,0,0,40.4526
1,124,85,0,0,40.4518
1,125,85,0,0,40.4509
1,126,85,0,0,40.45
1,127,85,0,0,40.4493
1,0,86,0,6.18169e-05,40.5991
1,1,86,0,0,40.5911
1,2,86,0,0,40.5839
1,3,86,0,0,40.5774
1,4,86,0,0,40.5716
1,5,86,0,0,40.5662
1,6,86,0,0,40.5613
1,7,86,0,0,40.5567
1,8,86,0,0,40.5526
1,9,86,0,0,40.5488
1,10,86,0,0,40.5453
1,11,86,0,0,40.5422
1,12,86,0,0,40.5393
1,13,86,0,0,40.5366
1,14,86,0,0,40.534
1,15,86,0,0,40.5315
1,16,86,0,0,40.5289
1,17,86,0,0,40.5263
1,18,86,0,0,40.5238
1,19,86,0,0,40.5212
1,20,86,0,0,40.5186
1,21,86,0,0,40.5161
1,22,86,0,0,40.5135
1,23,86,0,0,40.511
1,24,86,0,0,40.5087
1,25,86,0,0,40.5064
1,26,86,0,0,40.5041
1,27,86,0,0,40.5019
1,28,86,0,0,40.4996
1,29,86,0,0,40.4972
1,30,86,0,0,40.4947
1,31,86,0,0,40.492
1,32,86,0,0,40.4892
1,33,86,0,0,40.4864
1,34,86,0,0,40.4836
1,35,86,0,0,40.481
1,36,86,0,0,40.4786
1,37,86,0,0,40.4763
1,38,86,0,0,40.4743
1,39,86,0,0,40.4724
1,40,86,0,0,40.4707
1,41,86,0,0,40.4691
1,42,86,0,0,40.4675
1,43,86,0,0,40.4658
1,44,86,0,0,40.4641
1,45,86,0,0,40.4623
1,46,86,0,0,40.4605
1,47,86,0,0,40.4589
1,48,86,0,0,40.4575
1,49,86,0,0,40.4563
1,50,86,0,0,40.4553
1,51,86,0,0,40.4545
1,52,86,0,0,40.4539
1,53,86,0,0,40.4535
1,54,86,0,0,40.4534
1,55,86,0,0,40.4534
1,56,86,0,0,40.4537
1,57,86,0,0,40.4543
1,58,86,0,0,40.455
1,59,86,0,0,40.4559
1,60,86,0,0,40.457
1,61,86,0,0,40.4582
1,62,86,0,0,40.4596
1,63,86,0,0,40.461
1,64,86,0,0,40.4625
1,65,86,0,0,40.4639
1,66,86,0,0,40.4653
1,67,86,0,0,40.4666
1,68,86,0,0,40.4677
1,69,86,0,0,40.4688
1,70,86,0,0,40.4697
1,71,86,0,0,40.4706
1,72,86,0,0,40.4715
1,73,86,0,0,40.4723
1,74,86,0,0,40.4732
1,75,86,0,0,40.474
1,76,86,0,0,40.4748
1,77,86,0,0,40.4756
1,78,86,0,0,40.4763
1,79,86,0,0,40.4769
1,80,86,0,0,40.4773
1,81,86,0,0,40.4777
1,82,86,0,0,40.478
1,83,86,0,0,40.4783
1,84,86,0,0,40.4785
1,85,86,0,0,40.4787
1,86,86,0,0,40.4787
1,87,86,0,0,40.4786
1,88,86,0,0,40.4783
1,89,86,0,0,40.4778
1,90,86,0,0,40.4772
1,91,86,0,0,40.4765
1,92,86,0,0,40.4757
1,93,86,0,0,40.4747
1,94,86,0,0,40.4737
1,95,86,0,0,40.4726
1,96,86,0,0,40.4715
1,97,86,0,0,40.4704
1,98,86,0,0,40.4693
1,99,86,0,0,40.4682
1,100,86,0,0,40.467
1,101,86,0,0,40.466
1,102,86,0,0,40.465
1,103,86,0,0,40.464
1,104,86,0,0,40.463
1,105,86,0,0,40.4619
1,106,86,0,0,40.4607
1,107,86,0,0,40.4594
1,108,86,0,0,40.458
1,109,86,0,0,40.4566
1,110,86,0,0,40.455
1,111,86,0,0,40.4534
1,112,86,0,0,40.4519
1,113,86,0,0,40.4505
1,114,86,0,0,40.4494
1,115,86,0,0,40.4485
1,116,86,0,0,40.4478
1,117,86,0,0,40.4474
1,118,86,0,0,40.4472
1,119,86,0,0,40.447
1,120,86,0,0,40.4469
1,121,86,0,0,40.4467
1,122,86,0,0,40.4464
1,123,86,0,0,40.4459
1,124,86,0,0,40.4453
1,125,86,0,0,40.4446
1,126,86,0,0,40.444
1,127,86,0,0,40.4434
1,0,87,0,6.18169e-05,40.5955
1,1,87,0,0,40.5873
1,2,87,0,0,40.58
1,3,87,0,0,40.5735
1,4,87,0,0,40.5675
1,5,87,0,0,40.5621
1,6,87,0,0,40.5571
1,7,87,0,0,40.5526
1,8,87,0,0,40.5484
1,9,87,0,0,40.5446
1,10,87,0,0,40.5411
1,11,87,0,0,40.5379
1,12,87,0,0,40.5349
1,13,87,0,0,40.532
1,14,87,0,0,40.5293
1,15,87,0,0,40.5266
1,16,87,0,0,40.5239
1,17,87,0,0,40.5213
1,18,87,0,0,40.5186
1,19,87,0,0,40.5159
1,20,87,0,0,40.5133
1,21,87,0,0,40.5107
1,22,87,0,0,40.5082
1,23,87,0,0,40.5057
1,24,87,0,0,40.5033
1,25,87,0,0,40.501
1,26,87,0,0,40.4987
1,27,87,0,0,40.4965
1,28,87,0,0,40.4942
1,29,87,0,0,40.4918
1,30,87,0,0,40.4893
1,31,87,0,0,40.4867
1,32,87,0,0,40.4841
1,33,87,0,0,40.4814
1,34,87,0,0,40.4788
1,35,87,0,0,40.4763
1,36,87,0,0,40.474
1,37,87,0,0,40.4718
1,38,87,0,0,40.4698
1,39,87,0,0,40.468
1,40,87,0,0,40.4663
1,41,87,0,0,40.4647
1,42,87,0,0,40.4631
1,43,87,0,0,40.4616
1,44,87,0,0,40.46
1,45,87,0,0,40.4585
1,46,87,0,0,40.4569
1,47,87,0,0,40.4555
1,48,87,0,0,40.4542
1,49,87,0,0,40.453
1,50,87,0,0,40.4521
1,51,87,0,0,40.4513
1,52,87,0,0,40.4507
1,53,87,0,0,40.4503
1,54,87,0,0,40.4501
1,55,87,0,0,40.4501
1,56,87,0,0,40.4503
1,57,87,0,0,40.4507
1,58,87,0,0,40.4512
1,59,87,0,0,40.452
1,60,87,0,0,40.4528
1,61,87,0,0,40.4539
1,62,87,0,0,40.455
1,63,87,0,0,40.4563
1,64,87,0,0,40.4575
1,65,87,0,0,40.4588
1,66,87,0,0,40.46
1,67,87,0,0,40.4612
1,68,87,0,0,40.4623
1,69,87,0,0,40.4632
1,70,87,0,0,40.4641
1,71,87,0,0,40.465
1,72,87,0,0,40.4658
1,73,87,0,0,40.4666
1,74,87,0,0,40.4674
1,75,87,0,0,40.4681
1,76,87,0,0,40.4689
1,77,87,0,0,40.4696
1,78,87,0,0,40.4702
1,79,87,0,0,40.4708
1,80,87,0,0,40.4713
1,81,87,0,0,40.4717
1,82,87,0,0,40.472
1,83,87,0,0,40.4722
1,84,87,0,0,40.4724
1,85,87,0,0,40.4725
1,86,87,0,0,40.4725
1,87,87,0,0,40.4723
1,88,87,0,0,40.472
1,89,87,0,0,40.4716
1,90,87,0,0,40.471
1,91,87,0,0,40.4703
1,92,87,0,0,40.4696
1,93,87,0,0,40.4687
1,94,87,0,0,40.4677
1,95,87,0,0,40.4668
1,96,87,0,0,40.4658
1,97,87,0,0,40.4647
1,98,87,0,0,40.4637
1,99,87,0,0,40.4627
1,100,87,0,0,40.4616
1,101,87,0,0,40.4606
1,102,87,0,0,40.4596
1,103,87,0,0,40.4587
1,104,87,0,0,40.4576
1,105,87,0,0,40.4566
1,106,87,0,0,40.4554
1,107,87,0,0,40.4542
1,108,87,0,0,40.4529
1,109,87,0,0,40.4516
1,110,87,0,0,40.4502
1,111,87,0,0,40.4489
1,112,87,0,0,40.4476
1,113,87,0,0,40.4464
1,114,87,0,0,40.4454
1,115,87,0,0,40.4446
1,116,87,0,0,40.4439
1,117,87,0,0,40.4434
1,118,87,0,0,40.443
1,119,87,0,0,40.4427
1,120,87,0,0,40.4424
1,121,87,0,0,40.4421
1,122,87,0,0,40.4417
1,123,87,0,0,40.4412
1,124,87,0,0,40.4406
1,125,87,0,0,40.44
1,126,87,0,0,40.4395
1,127,87,0,0,40.439
1,0,88,0,6.18169e-05,40.5932
1,1,88,0,0,40.585
1,2,88,0,0,40.5777
1,3,88,0,0,40.5711
1,4,88,0,0,40.5651
1,5,88,0,0,40.5596
1,6,88,0,0,40.5547
1,7,88,0,0,40.5501
1,8,88,0,0,40.5459
1,9,88,0,0,40.5421
1,10,88,0,0,40.5386
1,11,88,0,0,40.5353
1,12,88,0,0,40.5323
1,13,88,0,0,40.5293
1,14,88,0,0,40.5265
1,15,88,0,0,40.5237
1,16,88,0,0,40.5209
1,17,88,0,0,40.5181
1,18,88,0,0,40.5153
1,19,88,0,0,40.5126
1,20,88,0,0,40.5099
1,21,88,0,0,40.5073
1,22,88,0,0,40.5047
1,23,88,0,0,40.5022
1,24,88,0,0,40.4998
1,25,88,0,0,40.4975
1,26,88,0,0,40.4952
1,27,88,0,0,40.4929
1,28,88,0,0,40.4906
1,29,88,0,0,40.4883
1,30,88,0,0,40.4859
1,31,88,0,0,40.4834
1,32,88,0,0,40.4808
1,33,88,0,0,40.4782
1,34,88,0,0,40.4757
1,35,88,0,0,40.4733
1,36,88,0,0,40.471
1,37,88,0,0,40.4689
1,38,88,0,0,40.4669
1,39,88,0,0,40.4651
1,40,88,0,0,40.4635
1,41,88,0,0,40.462
1,42,88,0,0,40.4605
1,43,88,0,0,40.4591
1,44,88,0,0,40.4577
1,45,88,0,0,40.4563
1,46,88,0,0,40.4549
1,47,88,0,0,40.4536
1,48,88,0,0,40.4524
1,49,88,0,0,40.4513
1,50,88,0,0,40.4503
1,51,88,0,0,40.4496
1,52,88,0,0,40.449
1,53,88,0,0,40.4485
1,54,88,0,0,40.4483
1,55,88,0,0,40.4482
1,56,88,0,0,40.4483
1,57,88,0,0,40.4485
1,58,88,0,0,40.4489
1,59,88,0,0,40.4495
1,60,88,0,0,40.4502
1,61,88,0,0,40.4511
1,62,88,0,0,40.4521
1,63,88,0,0,40.4532
1,64,88,0,0,40.4543
1,65,88,0,0,40.4555
1,66,88,0,0,40.4566
1,67,88,0,0,40.4576
1,68,88,0,0,40.4586
1,69,88,0,0,40.4595
1,70,88,0,0,40.4603
1,71,88,0,0,40.4611
1,72,88,0,0,40.4619
1,73,88,0,0,40.4626
1,74,88,0,0,40.4633
1,75,88,0,0,40.4641
1,76,88,0,0,40.4647
1,77,88,0,0,40.4654
1,78,88,0,0,40.466
1,79,88,0,0,40.4666
1,80,88,0,0,40.4671
1,81,88,0,0,40.4675
1,82,88,0,0,40.4678
1,83,88,0,0,40.468
1,84,88,0,0,40.4682
1,85,88,0,0,40.4682
1,86,88,0,0,40.4682
1,87,88,0,0,40.468
1,88,88,0,0,40.4677
1,89,88,0,0,40.4672
1,90,88,0,0,40.4667
1,91,88,0,0,40.4661
1,92,88,0,0,40.4653
1,93,88,0,0,40.4645
1,94,88,0,0,40.4636
1,95,88,0,0,40.4627
1,96,88,0,0,40.4617
1,97,88,0,0,40.4608
1,98,88,0,0,40.4598
1,99,88,0,0,40.4589
1,100,88,0,0,40.4579
1,101,88,0,0,40.457
1,102,88,0,0,40.456
1,103,88,0,0,40.4551
1,104,88,0,0,40.4541
1,105,88,0,0,40.453
1,106,88,0,0,40.4519
1,107,88,0,0,40.4508
1,108,88,0,0,40.4496
1,109,88,0,0,40.4484
1,110,88,0,0,40.4471
1,111,88,0,0,40.446
1,112,88,0,0,40.4448
1,113,88,0,0,40.4438
1,114,88,0,0,40.4429
1,115,88,0,0,40.4421
1,116,88,0,0,40.4415
1,117,88,0,0,40.4409
1,118,88,0,0,40.4404
1,119,88,0,0,40.44
1,120,88,0,0,40.4396
1,121,88,0,0,40.4391
1,122,88,0,0,40.4386
1,123,88,0,0,40.4381
1,124,88,0,0,40.4375
1,125,88,0,0,40.437
1,126,88,0,0,40.4365
1,127,88,0,0,40.4361
1,0,89,0,6.18169e-05,40.5924
1,1,89,0,0,40.5842
1,2,89,0,0,40.5769
1,3,89,0,0,40.5702
1,4,89,0,0,40.5642
1,5,89,0,0,40.5588
1,6,89,0,0,40.5539
1,7,89,0,0,40.5493
1,8,89,0,0,40.5452
1,9,89,0,0,40.5414
1,10,89,0,0,40.5379
1,11,89,0,0,40.5346
1,12,89,0,0,40.5315
1,13,89,0,0,40.5285
1,14,89,0,0,40.5256
1,15,89,0,0,40.5227
1,16,89,0,0,40.5198
1,17,89,0,0,40.5169
1,18,89,0,0,40.514
1,19,89,0,0,40.5111
1,20,89,0,0,40.5083
1,21,89,0,0,40.5056
1,22,89,0,0,40.503
1,23,89,0,0,40.5005
1,24,89,0,0,40.4981
1,25,89,0,0,40.4958
1,26,89,0,0,40.4935
1,27,89,0,0,40.4913
1,28,89,0,0,40.489
1,29,89,0,0,40.4867
1,30,89,0,0,40.4843
1,31,89,0,0,40.4818
1,32,89,0,0,40.4793
1,33,89,0,0,40.4768
1,34,89,0,0,40.4743
1,35,89,0,0,40.4718
1,36,89,0,0,40.4696
1,37,89,0,0,40.4675
1,38,89,0,0,40.4656
1,39,89,0,0,40.4639
1,40,89,0,0,40.4623
1,41,89,0,0,40.4609
1,42,89,0,0,40.4596
1,43,89,0,0,40.4583
1,44,89,0,0,40.457
1,45,89,0,0,40.4558
1,46,89,0,0,40.4545
1,47,89,0,0,40.4533
1,48,89,0,0,40.4521
1,49,89,0,0,40.451
1,50,89,0,0,40.4501
1,51,89,0,0,40.4493
1,52,89,0,0,40.4487
1,53,89,0,0,40.4482
1,54,89,0,0,40.4479
1,55,89,0,0,40.4477
1,56,89,0,0,40.4477
1,57,89,0,0,40.4479
1,58,89,0,0,40.4481
1,59,89,0,0,40.4486
1,60,89,0,0,40.4492
1,61,89,0,0,40.4499
1,62,89,0,0,40.4508
1,63,89,0,0,40.4517
1,64,89,0,0,40.4528
1,65,89,0,0,40.4538
1,66,89,0,0,40.4549
1,67,89,0,0,40.4558
1,68,89,0,0,40.4567
1,69,89,0,0,40.4576
1,70,89,0,0,40.4583
1,71,89,0,0,40.459
1,72,89,0,0,40.4597
1,73,89,0,0,40.4604
1,74,89,0,0,40.4611
1,75,89,0,0,40.4617
1,76,89,0,0,40.4624
1,77,89,0,0,40.463
1,78,89,0,0,40.4636
1,79,89,0,0,40.4642
1,80,89,0,0,40.4647
1,81,89,0,0,40.4651
1,82,89,0,0,40.4654
1,83,89,0,0,40.4657
1,84,89,0,0,40.4658
1,85,89,0,0,40.4658
1,86,89,0,0,40.4657
1,87,89,0,0,40.4655
1,88,89,0,0,40.4652
1,89,89,0,0,40.4648
1,90,89,0,0,40.4643
1,91,89,0,0,40.4636
1,92,89,0,0,40.4629
1,93,89,0,0,40.4621
1,94,89,0,0,40.4613
1,95,89,0,0,40.4604
1,96,89,0,0,40.4595
1,97,89,0,0,40.4586
1,98,89,0,0,40.4577
1,99,89,0,0,40.4568
1,100,89,0,0,40.456
1,101,89,0,0,40.4551
1,102,89,0,0,40.4542
1,103,89,0,0,40.4532
1,104,89,0,0,40.4523
1,105,89,0,0,40.4512
1,106,89,0,0,40.4502
1,107,89,0,0,40.4491
1,108,89,0,0,40.448
1,109,89,0,0,40.4468
1,110,89,0,0,40.4457
1,111,89,0,0,40.4446
1,112,89,0,0,40.4437
1,113,89,0,0,40.4427
1,114,89,0,0,40.4419
1,115,89,0,0,40.4412
1,116,89,0,0,40.4406
1,117,89,0,0,40.44
1,118,89,0,0,40.4395
1,119,89,0,0,40.4389
1,120,89,0,0,40.4384
1,121,89,0,0,40.4379
1,122,89,0,0,40.4373
1,123,89,0,0,40.4367
1,124,89,0,0,40.4361
1,125,89,0,0,40.4355
1,126,89,0,0,40.435
1,127,89,0,0,40.4346
1,0,90,0,6.18169e-05,40.593
1,1,90,0,0,40.5848
1,2,90,0,0,40.5775
1,3,90,0,0,40.5709
1,4,90,0,0,40.565
1,5,90,0,0,40.5596
1,6,90,0,0,40.5547
1,7,90,0,0,40.5503
1,8,90,0,0,40.5462
1,9,90,0,0,40.5424
1,10,90,0,0,40.5389
1,11,90,0,0,40.5357
1,12,90,0,0,40.5326
1,13,90,0,0,40.5296
1,14,90,0,0,40.5266
1,15,90,0,0,40.5236
1,16,90,0,0,40.5206
1,17,90,0,0,40.5175
1,18,90,0,0,40.5145
1,19,90,0,0,40.5115
1,20,90,0,0,40.5086
1,21,90,0,0,40.5058
1,22,90,0,0,40.5031
1,23,90,0,0,40.5005
1,24,90,0,0,40.4981
1,25,90,0,0,40.4958
1,26,90,0,0,40.4936
1,27,90,0,0,40.4915
1,28,90,0,0,40.4893
1,29,90,0,0,40.487
1,30,90,0,0,40.4846
1,31,90,0,0,40.4821
1,32,90,0,0,40.4796
1,33,90,0,0,40.477
1,34,90,0,0,40.4745
1,35,90,0,0,40.472
1,36,90,0,0,40.4697
1,37,90,0,0,40.4676
1,38,90,0,0,40.4658
1,39,90,0,0,40.4641
1,40,90,0,0,40.4627
1,41,90,0,0,40.4615
1,42,90,0,0,40.4603
1,43,90,0,0,40.4592
1,44,90,0,0,40.4581
1,45,90,0,0,40.457
1,46,90,0,0,40.4558
1,47,90,0,0,40.4545
1,48,90,0,0,40.4534
1,49,90,0,0,40.4523
1,50,90,0,0,40.4514
1,51,90,0,0,40.4506
1,52,90,0,0,40.4499
1,53,90,0,0,40.4494
1,54,90,0,0,40.4491
1,55,90,0,0,40.4488
1,56,90,0,0,40.4487
1,57,90,0,0,40.4487
1,58,90,0,0,40.4489
1,59,90,0,0,40.4491
1,60,90,0,0,40.4496
1,61,90,0,0,40.4502
1,62,90,0,0,40.451
1,63,90,0,0,40.4519
1,64,90,0,0,40.4529
1,65,90,0,0,40.4539
1,66,90,0,0,40.4549
1,67,90,0,0,40.4558
1,68,90,0,0,40.4566
1,69,90,0,0,40.4574
1,70,90,0,0,40.4581
1,71,90,0,0,40.4587
1,72,90,0,0,40.4593
1,73,90,0,0,40.4599
1,74,90,0,0,40.4605
1,75,90,0,0,40.4612
1,76,90,0,0,40.4618
1,77,90,0,0,40.4624
1,78,90,0,0,40.463
1,79,90,0,0,40.4636
1,80,90,0,0,40.4641
1,81,90,0,0,40.4646
1,82,90,0,0,40.4649
1,83,90,0,0,40.4652
1,84,90,0,0,40.4653
1,85,90,0,0,40.4653
1,86,90,0,0,40.4652
1,87,90,0,0,40.465
1,88,90,0,0,40.4646
1,89,90,0,0,40.4642
1,90,90,0,0,40.4637
1,91,90,0,0,40.463
1,92,90,0,0,40.4623
1,93,90,0,0,40.4615
1,94,90,0,0,40.4607
1,95,90,0,0,40.4598
1,96,90,0,0,40.4589
1,97,90,0,0,40.4581
1,98,90,0,0,40.4573
1,99,90,0,0,40.4565
1,100,90,0,0,40.4557
1,101,90,0,0,40.4549
1,102,90,0,0,40.454
1,103,90,0,0,40.4531
1,104,90,0,0,40.4522
1,105,90,0,0,40.4512
1,106,90,0,0,40.4501
1,107,90,0,0,40.4491
1,108,90,0,0,40.448
1,109,90,0,0,40.4469
1,110,90,0,0,40.4459
1,111,90,0,0,40.4449
1,112,90,0,0,40.444
1,113,90,0,0,40.4432
1,114,90,0,0,40.4425
1,115,90,0,0,40.4419
1,116,90,0,0,40.4413
1,117,90,0,0,40.4407
1,118,90,0,0,40.4401
1,119,90,0,0,40.4395
1,120,90,0,0,40.4389
1,121,90,0,0,40.4383
1,122,90,0,0,40.4376
1,123,90,0,0,40.4369
1,124,90,0,0,40.4363
1,125,90,0,0,40.4356
1,126,90,0,0,40.435
1,127,90,0,0,40.4346
1,0,91,0,6.18169e-05,40.595
1,1,91,0,0,40.5869
1,2,91,0,0,40.5797
1,3,91,0,0,40.5732
1,4,91,0,0,40.5674
1,5,91,0,0,40.5621
1,6,91,0,0,40.5573
1,7,91,0,0,40.5529
1,8,91,0,0,40.5488
1,9,91,0,0,40.5452
1,10,91,0,0,40.5418
1,11,91,0,0,40.5386
1,12,91,0,0,40.5356
1,13,91,0,0,40.5326
1,14,91,0,0,40.5296
1,15,91,0,0,40.5266
1,16,91,0,0,40.5234
1,17,91,0,0,40.5202
1,18,91,0,0,40.5169
1,19,91,0,0,40.5137
1,20,91,0,0,40.5106
1,21,91,0,0,40.5077
1,22,91,0,0,40.5049
1,23,91,0,0,40.5023
1,24,91,0,0,40.4999
1,25,91,0,0,40.4977
1,26,91,0,0,40.4956
1,27,91,0,0,40.4935
1,28,91,0,0,40.4914
1,29,91,0,0,40.4892
1,30,91,0,0,40.4868
1,31,91,0,0,40.4843
1,32,91,0,0,40.4817
1,33,91,0,0,40.479
1,34,91,0,0,40.4764
1,35,91,0,0,40.4738
1,36,91,0,0,40.4714
1,37,91,0,0,40.4693
1,38,91,0,0,40.4674
1,39,91,0,0,40.4659
1,40,91,0,0,40.4646
1,41,91,0,0,40.4636
1,42,91,0,0,40.4627
1,43,91,0,0,40.4618
1,44,91,0,0,40.4609
1,45,91,0,0,40.4599
1,46,91,0,0,40.4587
1,47,91,0,0,40.4575
1,48,91,0,0,40.4563
1,49,91,0,0,40.4551
1,50,91,0,0,40.4542
1,51,91,0,0,40.4534
1,52,91,0,0,40.4527
1,53,91,0,0,40.4522
1,54,91,0,0,40.4518
1,55,91,0,0,40.4514
1,56,91,0,0,40.4512
1,57,91,0,0,40.4511
1,58,91,0,0,40.4511
1,59,91,0,0,40.4512
1,60,91,0,0,40.4515
1,61,91,0,0,40.4521
1,62,91,0,0,40.4528
1,63,91,0,0,40.4537
1,64,91,0,0,40.4547
1,65,91,0,0,40.4558
1,66,91,0,0,40.4568
1,67,91,0,0,40.4576
1,68,91,0,0,40.4584
1,69,91,0,0,40.459
1,70,91,0,0,40.4595
1,71,91,0,0,40.4601
1,72,91,0,0,40.4606
1,73,91,0,0,40.4612
1,74,91,0,0,40.4617
1,75,91,0,0,40.4623
1,76,91,0,0,40.4629
1,77,91,0,0,40.4635
1,78,91,0,0,40.4642
1,79,91,0,0,40.4648
1,80,91,0,0,40.4654
1,81,91,0,0,40.4659
1,82,91,0,0,40.4663
1,83,91,0,0,40.4665
1,84,91,0,0,40.4666
1,85,91,0,0,40.4666
1,86,91,0,0,40.4665
1,87,91,0,0,40.4663
1,88,91,0,0,40.4659
1,89,91,0,0,40.4655
1,90,91,0,0,40.4649
1,91,91,0,0,40.4643
1,92,91,0,0,40.4635
1,93,91,0,0,40.4627
1,94,91,0,0,40.4618
1,95,91,0,0,40.461
1,96,91,0,0,40.4601
1,97,91,0,0,40.4593
1,98,91,0,0,40.4586
1,99,91,0,0,40.4579
1,100,91,0,0,40.4572
1,101,91,0,0,40.4564
1,102,91,0,0,40.4557
1,103,91,0,0,40.4548
1,104,91,0,0,40.4538
1,105,91,0,0,40.4528
1,106,91,0,0,40.4518
1,107,91,0,0,40.4508
1,108,91,0,0,40.4497
1,109,91,0,0,40.4487
1,110,91,0,0,40.4477
1,111,91,0,0,40.4468
1,112,91,0,0,40.446
1,113,91,0,0,40.4453
1,114,91,0,0,40.4447
1,115,91,0,0,40.4442
1,116,91,0,0,40.4437
1,117,91,0,0,40.4431
1,118,91,0,0,40.4425
1,119,91,0,0,40.4418
1,120,91,0,0,40.4411
1,121,91,0,0,40.4403
1,122,91,0,0,40.4396
1,123,91,0,0,40.4388
1,124,91,0,0,40.438
1,125,91,0,0,40.4372
1,126,91,0,0,40.4365
1,127,91,0,0,40.436
1,0,92,0,6.18169e-05,40.5984
1,1,92,0,0,40.5904
1,2,92,0,0,40.5834
1,3,92,0,0,40.5771
1,4,92,0,0,40.5714
1,5,92,0,0,40.5663
1,6,92,0,0,40.5616
1,7,92,0,0,40.5573
1,8,92,0,0,40.5533
1,9,92,0,0,40.5497
1,10,92,0,0,40.5464
1,11,92,0,0,40.5435
1,12,92,0,0,40.5406
1,13,92,0,0,40.5378
1,14,92,0,0,40.5348
1,15,92,0,0,40.5316
1,16,92,0,0,40.5282
1,17,92,0,0,40.5248
1,18,92,0,0,40.5213
1,19,92,0,0,40.5178
1,20,92,0,0,40.5144
1,21,92,0,0,40.5113
1,22,92,0,0,40.5084
1,23,92,0,0,40.5057
1,24,92,0,0,40.5034
1,25,92,0,0,40.5013
1,26,92,0,0,40.4994
1,27,92,0,0,40.4975
1,28,92,0,0,40.4956
1,29,92,0,0,40.4934
1,30,92,0,0,40.491
1,31,92,0,0,40.4884
1,32,92,0,0,40.4857
1,33,92,0,0,40.4829
1,34,92,0,0,40.48
1,35,92,0,0,40.4772
1,36,92,0,0,40.4746
1,37,92,0,0,40.4724
1,38,92,0,0,40.4706
1,39,92,0,0,40.4691
1,40,92,0,0,40.4681
1,41,92,0,0,40.4674
1,42,92,0,0,40.4668
1,43,92,0,0,40.4662
1,44,92,0,0,40.4656
1,45,92,0,0,40.4647
1,46,92,0,0,40.4635
1,47,92,0,0,40.4621
1,48,92,0,0,40.4607
1,49,92,0,0,40.4595
1,50,92,0,0,40.4585
1,51,92,0,0,40.4577
1,52,92,0,0,40.4571
1,53,92,0,0,40.4565
1,54,92,0,0,40.4561
1,55,92,0,0,40.4557
1,56,92,0,0,40.4553
1,57,92,0,0,40.455
1,58,92,0,0,40.4549
1,59,92,0,0,40.4548
1,60,92,0,0,40.455
1,61,92,0,0,40.4554
1,62,92,0,0,40.4561
1,63,92,0,0,40.4571
1,64,92,0,0,40.4582
1,65,92,0,0,40.4594
1,66,92,0,0,40.4604
1,67,92,0,0,40.4613
1,68,92,0,0,40.4619
1,69,92,0,0,40.4624
1,70,92,0,0,40.4628
1,71,92,0,0,40.4632
1,72,92,0,0,40.4637
1,73,92,0,0,40.4642
1,74,92,0,0,40.4647
1,75,92,0,0,40.4652
1,76,92,0,0,40.4658
1,77,92,0,0,40.4664
1,78,92,0,0,40.4671
1,79,92,0,0,40.4678
1,80,92,0,0,40.4686
1,81,92,0,0,40.4692
1,82,92,0,0,40.4696
1,83,92,0,0,40.4698
1,84,92,0,0,40.4698
1,85,92,0,0,40.4697
1,86,92,0,0,40.4696
1,87,92,0,0,40.4694
1,88,92,0,0,40.4691
1,89,92,0,0,40.4686
1,90,92,0,0,40.468
1,91,92,0,0,40.4673
1,92,92,0,0,40.4666
1,93,92,0,0,40.4657
1,94,92,0,0,40.4648
1,95,92,0,0,40.4638
1,96,92,0,0,40.463
1,97,92,0,0,40.4622
1,98,92,0,0,40.4616
1,99,92,0,0,40.461
1,100,92,0,0,40.4604
1,101,92,0,0,40.4598
1,102,92,0,0,40.4591
1,103,92,0,0,40.4583
1,104,92,0,0,40.4573
1,105,92,0,0,40.4563
1,106,92,0,0,40.4552
1,107,92,0,0,40.4542
1,108,92,0,0,40.4531
1,109,92,0,0,40.4521
1,110,92,0,0,40.4511
1,111,92,0,0,40.4502
1,112,92,0,0,40.4495
1,113,92,0,0,40.449
1,114,92,0,0,40.4485
1,115,92,0,0,40.4482
1,116,92,0,0,40.4478
1,117,92,0,0,40.4472
1,118,92,0,0,40.4465
1,119,92,0,0,40.4457
1,120,92,0,0,40.4449
1,121,92,0,0,40.4441
1,122,92,0,0,40.4433
1,123,92,0,0,40.4424
1,124,92,0,0,40.4414
1,125,92,0,0,40.4405
1,126,92,0,0,40.4395
1,127,92,0,0,40.4387
1,0,93,0,6.18169e-05,40.6031
1,1,93,0,0,40.5955
1,2,93,0,0,40.5887
1,3,93,0,0,40.5826
1,4,93,0,0,40.5771
1,5,93,0,0,40.5723
1,6,93,0,0,40.5677
1,7,93,0,0,40.5634
1,8,93,0,0,40.5594
1,9,93,0,0,40.5559
1,10,93,0,0,40.553
1,11,93,0,0,40.5503
1,12,93,0,0,40.5477
1,13,93,0,0,40.545
1,14,93,0,0,40.5422
1,15,93,0,0,40.5388
1,16,93,0,0,40.5352
1,17,93,0,0,40.5314
1,18,93,0,0,40.5275
1,19,93,0,0,40.5237
1,20,93,0,0,40.52
1,21,93,0,0,40.5166
1,22,93,0,0,40.5135
1,23,93,0,0,40.5108
1,24,93,0,0,40.5085
1,25,93,0,0,40.5066
1,26,93,0,0,40.505
1,27,93,0,0,40.5035
1,28,93,0,0,40.5018
1,29,93,0,0,40.4997
1,30,93,0,0,40.4973
1,31,93,0,0,40.4946
1,32,93,0,0,40.4916
1,33,93,0,0,40.4885
1,34,93,0,0,40.4853
1,35,93,0,0,40.4822
1,36,93,0,0,40.4793
1,37,93,0,0,40.4769
1,38,93,0,0,40.475
1,39,93,0,0,40.4738
1,40,93,0,0,40.473
1,41,93,0,0,40.4727
1,42,93,0,0,40.4726
1,43,93,0,0,40.4725
1,44,93,0,0,40.4722
1,45,93,0,0,40.4715
1,46,93,0,0,40.4702
1,47,93,0,0,40.4686
1,48,93,0,0,40.4669
1,49,93,0,0,40.4654
1,50,93,0,0,40.4643
1,51,93,0,0,40.4636
1,52,93,0,0,40.463
1,53,93,0,0,40.4626
1,54,93,0,0,40.462
1,55,93,0,0,40.4615
1,56,93,0,0,40.4611
1,57,93,0,0,40.4606
1,58,93,0,0,40.4603
1,59,93,0,0,40.4599
1,60,93,0,0,40.4599
1,61,93,0,0,40.4601
1,62,93,0,0,40.4608
1,63,93,0,0,40.4619
1,64,93,0,0,40.4634
1,65,93,0,0,40.465
1,66,93,0,0,40.4661
1,67,93,0,0,40.4669
1,68,93,0,0,40.4673
1,69,93,0,0,40.4676
1,70,93,0,0,40.4678
1,71,93,0,0,40.4681
1,72,93,0,0,40.4684
1,73,93,0,0,40.4689
1,74,93,0,0,40.4693
1,75,93,0,0,40.4698
1,76,93,0,0,40.4703
1,77,93,0,0,40.471
1,78,93,0,0,40.4718
1,79,93,0,0,40.4727
1,80,93,0,0,40.4736
1,81,93,0,0,40.4745
1,82,93,0,0,40.475
1,83,93,0,0,40.4751
1,84,93,0,0,40.4749
1,85,93,0,0,40.4748
1,86,93,0,0,40.4747
1,87,93,0,0,40.4746
1,88,93,0,0,40.4742
1,89,93,0,0,40.4736
1,90,93,0,0,40.473
1,91,93,0,0,40.4723
1,92,93,0,0,40.4716
1,93,93,0,0,40.4706
1,94,93,0,0,40.4694
1,95,93,0,0,40.4684
1,96,93,0,0,40.4675
1,97,93,0,0,40.4668
1,98,93,0,0,40.4663
1,99,93,0,0,40.4658
1,100,93,0,0,40.4654
1,101,93,0,0,40.465
1,102,93,0,0,40.4644
1,103,93,0,0,40.4636
1,104,93,0,0,40.4626
1,105,93,0,0,40.4615
1,106,93,0,0,40.4603
1,107,93,0,0,40.4593
1,108,93,0,0,40.4583
1,109,93,0,0,40.4572
1,110,93,0,0,40.4561
1,111,93,0,0,40.4552
1,112,93,0,0,40.4546
1,113,93,0,0,40.4542
1,114,93,0,0,40.454
1,115,93,0,0,40.4539
1,116,93,0,0,40.4537
1,117,93,0,0,40.4533
1,118,93,0,0,40.4524
1,119,93,0,0,40.4514
1,120,93,0,0,40.4504
1,121,93,0,0,40.4496
1,122,93,0,0,40.4487
1,123,93,0,0,40.4477
1,124,93,0,0,40.4466
1,125,93,0,0,40.4453
1,126,93,0,0,40.444
1,127,93,0,0,40.4429
1,0,94,0,6.18169e-05,40.6092
1,1,94,0,0,40.6021
1,2,94,0,0,40.5956
1,3,94,0,0,40.5897
1,4,94,0,0,40.5846
1,5,94,0,0,40.5801
1,6,94,0,0,40.5759
1,7,94,0,0,40.5715
1,8,94,0,0,40.5673
1,9,94,0,0,40.5639
1,10,94,0,0,40.5614
1,11,94,0,0,40.5591
1,12,94,0,0,40.5569
1,13,94,0,0,40.5547
1,14,94,0,0,40.5521
1,15,94,0,0,40.5485
1,16,94,0,0,40.5445
1,17,94,0,0,40.5402
1,18,94,0,0,40.5358
1,19,94,0,0,40.5314
1,20,94,0,0,40.5273
1,21,94,0,0,40.5237
1,22,94,0,0,40.5203
1,23,94,0,0,40.5174
1,24,94,0,0,40.5151
1,25,94,0,0,40.5135
1,26,94,0,0,40.5125
1,27,94,0,0,40.5115
1,28,94,0,0,40.5103
1,29,94,0,0,40.5083
1,30,94,0,0,40.5058
1,31,94,0,0,40.5028
1,32,94,0,0,40.4996
1,33,94,0,0,40.4961
1,34,94,0,0,40.4925
1,35,94,0,0,40.4887
1,36,94,0,0,40.4854
1,37,94,0,0,40.4827
1,38,94,0,0,40.4807
1,39,94,0,0,40.4796
1,40,94,0,0,40.4794
1,41,94,0,0,40.4797
1,42,94,0,0,40.4803
1,43,94,0,0,40.4808
1,44,94,0,0,40.4811
1,45,94,0,0,40.4806
1,46,94,0,0,40.4791
1,47,94,0,0,40.4769
1,48,94,0,0,40.4745
1,49,94,0,0,40.4726
1,50,94,0,0,40.4715
1,51,94,0,0,40.4712
1,52,94,0,0,40.4707
1,53,94,0,0,40.4704
1,54,94,0,0,40.4698
1,55,94,0,0,40.4692
1,56,94,0,0,40.4685
1,57,94,0,0,40.4679
1,58,94,0,0,40.4673
1,59,94,0,0,40.4666
1,60,94,0,0,40.4662
1,61,94,0,0,40.4662
1,62,94,0,0,40.4669
1,63,94,0,0,40.4683
1,64,94,0,0,40.4704
1,65,94,0,0,40.4727
1,66,94,0,0,40.4739
1,67,94,0,0,40.4746
1,68,94,0,0,40.4747
1,69,94,0,0,40.4747
1,70,94,0,0,40.4745
1,71,94,0,0,40.4746
1,72,94,0,0,40.4749
1,73,94,0,0,40.4754
1,74,94,0,0,40.4758
1,75,94,0,0,40.4762
1,76,94,0,0,40.4766
1,77,94,0,0,40.4772
1,78,94,0,0,40.4782
1,79,94,0,0,40.4792
1,80,94,0,0,40.4805
1,81,94,0,0,40.4819
1,82,94,0,0,40.4827
1,83,94,0,0,40.4824
1,84,94,0,0,40.4819
1,85,94,0,0,40.4815
1,86,94,0,0,40.4816
1,87,94,0,0,40.4818
1,88,94,0,0,40.4814
1,89,94,0,0,40.4805
1,90,94,0,0,40.4798
1,91,94,0,0,40.4792
1,92,94,0,0,40.4786
1,93,94,0,0,40.4774
1,94,94,0,0,40.4759
1,95,94,0,0,40.4745
1,96,94,0,0,40.4737
1,97,94,0,0,40.4731
1,98,94,0,0,40.4727
1,99,94,0,0,40.4725
1,100,94,0,0,40.4723
1,101,94,0,0,40.4721
1,102,94,0,0,40.4717
1,103,94,0,0,40.4709
1,104,94,0,0,40.4698
1,105,94,0,0,40.4684
1,106,94,0,0,40.4671
1,107,94,0,0,40.4661
1,108,94,0,0,40.4653
1,109,94,0,0,40.4642
1,110,94,0,0,40.4627
1,111,94,0,0,40.4617
1,112,94,0,0,40.4612
1,113,94,0,0,40.461
1,114,94,0,0,40.4611
1,115,94,0,0,40.4615
1,116,94,0,0,40.4617
1,117,94,0,0,40.4614
1,118,94,0,0,40.4602
1,119,94,0,0,40.4586
1,120,94,0,0,40.4576
1,121,94,0,0,40.4568
1,122,94,0,0,40.4559
1,123,94,0,0,40.4548
1,124,94,0,0,40.4536
1,125,94,0,0,40.452
1,126,94,0,0,40.45
1,127,94,0,0,40.4483
1,0,95,0,6.18169e-05,40.6168
1,1,95,0,0,40.6106
1,2,95,0,0,40.6043
1,3,95,0,0,40.5986
1,4,95,0,0,40.5936
1,5,95,0,0,40.59
1,6,95,0,0,40.5865
1,7,95,0,0,40.5817
1,8,95,0,0,40.5765
1,9,95,0,0,40.5731
1,10,95,0,0,40.5718
1,11,95,0,0,40.5701
1,12,95,0,0,40.5682
1,13,95,0,0,40.5671
1,14,95,0,0,40.5652
1,15,95,0,0,40.5607
1,16,95,0,0,40.5561
1,17,95,0,0,40.5513
1,18,95,0,0,40.5461
1,19,95,0,0,40.541
1,20,95,0,0,40.5362
1,21,95,0,0,40.5326
1,22,95,0,0,40.5286
1,23,95,0,0,40.5255
1,24,95,0,0,40.5231
1,25,95,0,0,40.5217
1,26,95,0,0,40.5221
1,27,95,0,0,40.5218
1,28,95,0,0,40.5216
1,29,95,0,0,40.5195
1,30,95,0,0,40.5166
1,31,95,0,0,40.5134
1,32,95,0,0,40.5097
1,33,95,0,0,40.5059
1,34,95,0,0,40.5017
1,35,95,0,0,40.4967
1,36,95,0,0,40.4929
1,37,95,0,0,40.4896
1,38,95,0,0,40.4874
1,39,95,0,0,40.4864
1,40,95,0,0,40.4871
1,41,95,0,0,40.4883
1,42,95,0,0,40.49
1,43,95,0,0,40.4911
1,44,95,0,0,40.4926
1,45,95,0,0,40.4927
1,46,95,0,0,40.4906
1,47,95,0,0,40.4874
1,48,95,0,0,40.4836
1,49,95,0,0,40.4808
1,50,95,0,0,40.4798
1,51,95,0,0,40.4808
1,52,95,0,0,40.4802
1,53,95,0,0,40.4803
1,54,95,0,0,40.4793
1,55,95,0,0,40.4787
1,56,95,0,0,40.4776
1,57,95,0,0,40.4771
1,58,95,0,0,40.4764
1,59,95,0,0,40.4747
1,60,95,0,0,40.4739
1,61,95,0,0,40.4734
1,62,95,0,0,40.4742
1,63,95,0,0,40.4756
1,64,95,0,0,40.479
1,65,95,0,0,40.4832
1,66,95,0,0,40.4843
1,67,95,0,0,40.4846
1,68,95,0,0,40.4842
1,69,95,0,0,40.4839
1,70,95,0,0,40.4826
1,71,95,0,0,40.4828
1,72,95,0,0,40.4832
1,73,95,0,0,40.484
1,74,95,0,0,40.4842
1,75,95,0,0,40.4843
1,76,95,0,0,40.4847
1,77,95,0,0,40.4849
1,78,95,0,0,40.4864
1,79,95,0,0,40.4875
1,80,95,0,0,40.4892
1,81,95,0,0,40.4918
1,82,95,0,0,40.4933
1,83,95,0,0,40.4919
1,84,95,0,0,40.4908
1,85,95,0,0,40.4896
1,86,95,0,0,40.4903
1,87,95,0,0,40.4916
1,88,95,0,0,40.4911
1,89,95,0,0,40.4891
1,90,95,0,0,40.4884
1,91,95,0,0,40.4879
1,92,95,0,0,40.4881
1,93,95,0,0,40.4865
1,94,95,0,0,40.484
1,95,95,0,0,40.4821
1,96,95,0,0,40.4815
1,97,95,0,0,40.4809
1,98,95,0,0,40.4807
1,99,95,0,0,40.4809
1,100,95,0,0,40.4811
1,101,95,0,0,40.4814
1,102,95,0,0,40.4812
1,103,95,0,0,40.4804
1,104,95,0,0,40.4792
1,105,95,0,0,40.4772
1,106,95,0,0,40.4755
1,107,95,0,0,40.4744
1,108,95,0,0,40.4743
1,109,95,0,0,40.4734
1,110,95,0,0,40.4707
1,111,95,0,0,40.4695
1,112,95,0,0,40.4695
1,113,95,0,0,40.4691
1,114,95,0,0,40.4698
1,115,95,0,0,40.4709
1,116,95,0,0,40.4721
1,117,95,0,0,40.4725
1,118,95,0,0,40.47
1,119,95,0,0,40.4673
1,120,95,0,0,40.4663
1,121,95,0,0,40.466
1,122,95,0,0,40.4651
1,123,95,0,0,40.4636
1,124,95,0,0,40.463
1,125,95,0,0,40.4609
1,126,95,0,0,40.4574
1,127,95,0,0,40.455
1,0,96,0,0.000162405,40.6269
1,1,96,0,9.72405e-05,40.6216
1,2,96,0,9.54754e-05,40.6148
1,3,96,0,7.8462e-05,40.609
1,4,96,0,6.13575e-05,40.6039
1,5,96,0,0.000136525,40.6022
1,6,96,0,0.000177377,40.6007
1,7,96,0,0.000136472,40.5947
1,8,96,0,4.0905e-05,40.5863
1,9,96,0,3.83484e-05,40.5825
1,10,96,0,9.89145e-05,40.5849
1,11,96,0,0.000106584,40.5837
1,12,96,0,4.0905e-05,40.5811
1,13,96,0,0.000102262,40.5825
1,14,96,0,0.00020206,40.5833
1,15,96,0,9.25459e-05,40.5752
1,16,96,0,0.000138146,40.5704
1,17,96,0,0.000121041,40.5648
1,18,96,0,0.000100588,40.5586
1,19,96,0,9.72405e-05,40.5526
1,20,96,0,6.13575e-05,40.5461
1,21,96,0,0.00013982,40.5441
1,22,96,0,3.68837e-05,40.5379
1,23,96,0,8.181e-05,40.5351
1,24,96,0,6.13575e-05,40.5323
1,25,96,0,3.9231e-05,40.5303
1,26,96,0,0.000158598,40.5346
1,27,96,0,8.71779e-05,40.5339
1,28,96,0,0.000177377,40.5371
1,29,96,0,0.000136472,40.5335
1,30,96,0,0.000138146,40.53
1,31,96,0,0.000123225,40.5265
1,32,96,0,0.000100588,40.5221
1,33,96,0,7.8462e-05,40.5182
1,34,96,0,9.89145e-05,40.5136
1,35,96,0,3.9231e-05,40.5055
1,36,96,0,6.56792e-05,40.5016
1,37,96,0,4.0905e-05,40.4975
1,38,96,0,5.96835e-05,40.495
1,39,96,0,3.9231e-05,40.4933
1,40,96,0,8.95252e-05,40.4963
1,41,96,0,8.181e-05,40.4983
1,42,96,0,0.000141494,40.5021
1,43,96,0,0.000100588,40.5032
1,44,96,0,0.000151956,40.5076
1,45,96,0,0.000160272,40.5088
1,46,96,0,0.000138146,40.5053
1,47,96,0,0.000136472,40.5005
1,48,96,0,6.73987e-05,40.4935
1,49,96,0,5.96835e-05,40.4891
1,50,96,0,3.9231e-05,40.488
1,51,96,0,0.000168824,40.4939
1,52,96,0,5.63355e-05,40.4908
1,53,96,0,0.000117693,40.4932
1,54,96,0,3.9231e-05,40.4905
1,55,96,0,9.89145e-05,40.4908
1,56,96,0,5.20138e-05,40.488
1,57,96,0,9.89145e-05,40.4885
1,58,96,0,0.000138146,40.4884
1,59,96,0,7.07467e-05,40.4837
1,60,96,0,0.000100588,40.4831
1,61,96,0,4.0905e-05,40.4813
1,62,96,0,6.13575e-05,40.4827
1,63,96,0,0,40.4828
1,64,96,0,4.86202e-05,40.4889
1,65,96,0,0.000214934,40.4987
1,66,96,0,0.000100588,40.4974
1,67,96,0,0.000125062,40.4975
1,68,96,0,9.89145e-05,40.4956
1,69,96,0,0.000158598,40.4959
1,70,96,0,4.0905e-05,40.4914
1,71,96,0,7.8462e-05,40.4928
1,72,96,0,4.0905e-05,40.4929
1,73,96,0,7.63239e-05,40.495
1,74,96,0,8.69231e-05,40.4947
1,75,96,0,6.90272e-05,40.4939
1,76,96,0,0.00011681,40.4951
1,77,96,0,3.06787e-05,40.4932
1,78,96,0,0.000121041,40.4969
1,79,96,0,5.96835e-05,40.4973
1,80,96,0,5.80095e-05,40.4988
1,81,96,0,0.000119367,40.5049
1,82,96,0,0.000201177,40.5089
1,83,96,0,8.94797e-05,40.5032
1,84,96,0,0.000108977,40.5017
1,85,96,0,3.66744e-05,40.4978
1,86,96,0,7.6788e-05,40.5002
1,87,96,0,0.000170335,40.5053
1,88,96,0,0.00013982,40.5041
1,89,96,0,3.9231e-05,40.4985
1,90,96,0,9.89145e-05,40.4987
1,91,96,0,7.24663e-05,40.4981
1,92,96,0,0.00013982,40.5013
1,93,96,0,0.000117693,40.4986
1,94,96,0,6.03568e-05,40.4936
1,95,96,0,4.0905e-05,40.4901
1,96,96,0,9.38925e-05,40.4911
1,97,96,0,8.0136e-05,40.4904
1,98,96,0,7.6788e-05,40.4903
1,99,96,0,8.35751e-05,40.4913
1,100,96,0,8.0136e-05,40.4919
1,101,96,0,0.000100588,40.493
1,102,96,0,0.000119367,40.4932
1,103,96,0,0.000130476,40.4925
1,104,96,0,0.000110023,40.4913
1,105,96,0,5.96835e-05,40.4875
1,106,96,0,7.8462e-05,40.4854
1,107,96,0,6.13575e-05,40.4838
1,108,96,0,0.000122715,40.4861
1,109,96,0,0.000161946,40.4864
1,110,96,0,1.87785e-05,40.4789
1,111,96,0,5.96835e-05,40.4782
1,112,96,0,0.000111998,40.4799
1,113,96,0,4.45989e-05,40.478
1,114,96,0,0.000112725,40.4801
1,115,96,0,0.000121041,40.4823
1,116,96,0,0.000141494,40.4851
1,117,96,0,0.000219956,40.4883
1,118,96,0,9.12448e-05,40.482
1,119,96,0,3.7557e-05,40.476
1,120,96,0,5.45704e-05,40.4763
1,121,96,0,9.12448e-05,40.4778
1,122,96,0,7.8462e-05,40.4768
1,123,96,0,3.9231e-05,40.4736
1,124,96,0,0.000117693,40.4755
1,125,96,0,0.000119367,40.4732
1,126,96,0,2.04525e-05,40.4654
1,127,96,0,0.000104159,40.464
1,0,97,0,0.000239193,40.6275
1,1,97,0,0.000141494,40.621
1,2,97,0,4.60181e-05,40.6113
1,3,97,0,0.000140611,40.6086
1,4,97,0,0.000136472,40.603
1,5,97,0,1.87785e-05,40.5945
1,6,97,0,8.181e-05,40.593
1,7,97,0,9.72405e-05,40.5901
1,8,97,0,0.00013982,40.5871
1,9,97,0,4.17876e-05,40.5821
1,10,97,0,0.000219956,40.5877
1,11,97,0,9.29188e-05,40.5837
1,12,97,0,0.000196482,40.5858
1,13,97,0,0.000180816,40.5844
1,14,97,0,0.00013215,40.5797
1,15,97,0,0.000144514,40.5736
1,16,97,0,6.13575e-05,40.5652
1,17,97,0,0.000121041,40.5617
1,18,97,0,0.000115045,40.5566
1,19,97,0,0.000121041,40.5509
1,20,97,0,7.8462e-05,40.5437
1,21,97,0,3.7557e-05,40.539
1,22,97,0,0.000184746,40.5401
1,23,97,0,5.96835e-05,40.5335
1,24,97,0,0.000138146,40.5326
1,25,97,0,6.13575e-05,40.5282
1,26,97,0,6.13575e-05,40.5284
1,27,97,0,9.18726e-05,40.5301
1,28,97,0,0.000158598,40.5326
1,29,97,0,8.0136e-05,40.5273
1,30,97,0,3.9231e-05,40.5228
1,31,97,0,0.000115509,40.5227
1,32,97,0,7.8462e-05,40.5196
1,33,97,0,0.000180725,40.5203
1,34,97,0,0.000158598,40.5151
1,35,97,0,6.13575e-05,40.5056
1,36,97,0,9.45928e-05,40.502
1,37,97,0,0.000119367,40.499
1,38,97,0,6.13575e-05,40.4938
1,39,97,0,2.90047e-05,40.4912
1,40,97,0,8.78512e-05,40.4939
1,41,97,0,7.8462e-05,40.495
1,42,97,0,5.96835e-05,40.496
1,43,97,0,3.9231e-05,40.4974
1,44,97,0,0.000117693,40.5031
1,45,97,0,0.000158598,40.5055
1,46,97,0,0.000100588,40.501
1,47,97,0,5.73362e-05,40.4953
1,48,97,0,0.000102936,40.4919
1,49,97,0,3.9231e-05,40.4863
1,50,97,0,2.04525e-05,40.485
1,51,97,0,0.000127919,40.4904
1,52,97,0,3.9231e-05,40.4887
1,53,97,0,0.000148372,40.4939
1,54,97,0,0.000160272,40.4943
1,55,97,0,0.000119367,40.4917
1,56,97,0,0.00010491,40.4887
1,57,97,0,8.0136e-05,40.4862
1,58,97,0,9.03622e-05,40.4843
1,59,97,0,1.87785e-05,40.4792
1,60,97,0,4.0905e-05,40.479
1,61,97,0,8.0136e-05,40.4811
1,62,97,0,0.000117693,40.4844
1,63,97,0,0.000109377,40.4861
1,64,97,0,0.000108304,40.4893
1,65,97,0,7.24663e-05,40.4922
1,66,97,0,0.000121041,40.4947
1,67,97,0,0.000104237,40.4939
1,68,97,0,5.96835e-05,40.4906
1,69,97,0,3.9231e-05,40.4889
1,70,97,0,5.96835e-05,40.4894
1,71,97,0,0.000121041,40.4934
1,72,97,0,0.00013638,40.4959
1,73,97,0,0.000181189,40.4979
1,74,97,0,7.41403e-05,40.4934
1,75,97,0,9.12448e-05,40.4924
1,76,97,0,6.22401e-05,40.4915
1,77,97,0,0.000107467,40.4928
1,78,97,0,3.7557e-05,40.4928
1,79,97,0,0.000164967,40.4984
1,80,97,0,4.0905e-05,40.4966
1,81,97,0,0.000143167,40.5025
1,82,97,0,0.000136472,40.5034
1,83,97,0,3.15613e-05,40.4979
1,84,97,0,0.000126409,40.4991
1,85,97,0,6.22401e-05,40.4959
1,86,97,0,7.92534e-05,40.497
1,87,97,0,8.71779e-05,40.4995
1,88,97,0,0.00013043,40.5009
1,89,97,0,0.000100588,40.4977
1,90,97,0,8.0136e-05,40.4956
1,91,97,0,4.52267e-05,40.4946
1,92,97,0,0.000179051,40.4998
1,93,97,0,8.0136e-05,40.4955
1,94,97,0,0.000135798,40.4939
1,95,97,0,6.13575e-05,40.4891
1,96,97,0,9.89145e-05,40.4892
1,97,97,0,7.8462e-05,40.4881
1,98,97,0,8.0136e-05,40.4884
1,99,97,0,0.000110815,40.4903
1,100,97,0,0.000115136,40.4912
1,101,97,0,0.000121041,40.4911
1,102,97,0,8.181e-05,40.4885
1,103,97,0,7.66969e-06,40.4856
1,104,97,0,0.000148372,40.4901
1,105,97,0,0.00013982,40.4884
1,106,97,0,8.181e-05,40.4838
1,107,97,0,6.13575e-05,40.4811
1,108,97,0,7.6788e-05,40.4817
1,109,97,0,0.000121041,40.4828
1,110,97,0,0.000100588,40.4792
1,111,97,0,6.13575e-05,40.4765
1,112,97,0,9.95878e-05,40.4777
1,113,97,0,0.000131104,40.4777
1,114,97,0,2.04525e-05,40.4738
1,115,97,0,6.13575e-05,40.4754
1,116,97,0,3.9231e-05,40.4765
1,117,97,0,8.0136e-05,40.4798
1,118,97,0,0.000156041,40.4806
1,119,97,0,2.04525e-05,40.4743
1,120,97,0,0.000146607,40.4783
1,121,97,0,0.000123689,40.479
1,122,97,0,0.000189368,40.48
1,123,97,0,5.96835e-05,40.4738
1,124,97,0,0.000128711,40.4751
1,125,97,0,0.000158598,40.4735
1,126,97,0,6.13575e-05,40.4657
1,127,97,0,0.000146711,40.464
1,0,98,0,6.18169e-05,40.6096
1,1,98,0,0,40.603
1,2,98,0,0,40.5959
1,3,98,0,2.55656e-06,40.5907
1,4,98,0,0,40.585
1,5,98,0,0,40.5794
1,6,98,0,0,40.5757
1,7,98,0,0,40.5724
1,8,98,0,0,40.5693
1,9,98,0,0,40.5666
1,10,98,0,0,40.5665
1,11,98,0,0,40.5648
1,12,98,0,4.69463e-06,40.5642
1,13,98,0,1.53394e-05,40.5625
1,14,98,0,5.11312e-06,40.5582
1,15,98,0,0,40.553
1,16,98,0,0,40.5473
1,17,98,0,0,40.5429
1,18,98,0,7.66969e-06,40.5385
1,19,98,0,0,40.5333
1,20,98,0,0,40.5282
1,21,98,0,0,40.5243
1,22,98,0,0,40.522
1,23,98,0,0,40.5185
1,24,98,0,0,40.5162
1,25,98,0,0,40.5137
1,26,98,0,0,40.5127
1,27,98,0,0,40.5125
1,28,98,0,0,40.5122
1,29,98,0,0,40.5096
1,30,98,0,0,40.5068
1,31,98,0,0,40.505
1,32,98,0,0,40.5028
1,33,98,0,0,40.5009
1,34,98,0,0,40.4971
1,35,98,0,0,40.4919
1,36,98,0,0,40.4882
1,37,98,0,0,40.4851
1,38,98,0,0,40.4822
1,39,98,0,1.02263e-05,40.4808
1,40,98,0,0,40.4807
1,41,98,0,0,40.4811
1,42,98,0,0,40.4817
1,43,98,0,0,40.4829
1,44,98,0,0,40.4848
1,45,98,0,0,40.4854
1,46,98,0,0,40.4833
1,47,98,0,2.34731e-06,40.4804
1,48,98,0,7.04194e-06,40.4778
1,49,98,0,0,40.4748
1,50,98,0,0,40.4738
1,51,98,0,0,40.475
1,52,98,0,0,40.4754
1,53,98,0,1.02263e-05,40.4772
1,54,98,0,0,40.4769
1,55,98,0,0,40.4755
1,56,98,0,0,40.4737
1,57,98,0,0,40.472
1,58,98,0,1.02263e-05,40.4708
1,59,98,0,9.38925e-06,40.4687
1,60,98,0,0,40.4678
1,61,98,0,0,40.4686
1,62,98,0,0,40.4703
1,63,98,0,0,40.472
1,64,98,0,0,40.4741
1,65,98,0,7.66969e-06,40.4763
1,66,98,0,0,40.4774
1,67,98,0,1.27828e-05,40.4777
1,68,98,0,0,40.4762
1,69,98,0,0,40.4755
1,70,98,0,0,40.476
1,71,98,0,0,40.4777
1,72,98,0,5.11312e-06,40.4793
1,73,98,0,0,40.4798
1,74,98,0,2.55656e-06,40.4786
1,75,98,0,0,40.4778
1,76,98,0,0,40.4776
1,77,98,0,0,40.4782
1,78,98,0,0,40.4792
1,79,98,0,1.40839e-05,40.4817
1,80,98,0,0,40.482
1,81,98,0,0,40.4838
1,82,98,0,0,40.4841
1,83,98,0,0,40.4826
1,84,98,0,0,40.4823
1,85,98,0,0,40.4814
1,86,98,0,2.55656e-06,40.4817
1,87,98,0,0,40.4825
1,88,98,0,9.38925e-06,40.483
1,89,98,0,0,40.4814
1,90,98,0,0,40.4802
1,91,98,0,0,40.4797
1,92,98,0,0,40.4804
1,93,98,0,0,40.4788
1,94,98,0,0,40.4772
1,95,98,0,0,40.4751
1,96,98,0,0,40.4742
1,97,98,0,0,40.4736
1,98,98,0,0,40.4736
1,99,98,0,5.11312e-06,40.4744
1,100,98,0,2.55656e-06,40.4745
1,101,98,0,0,40.474
1,102,98,0,0,40.4728
1,103,98,0,0,40.4719
1,104,98,0,1.78959e-05,40.4731
1,105,98,0,0,40.4713
1,106,98,0,0,40.4689
1,107,98,0,0,40.4671
1,108,98,0,0,40.4664
1,109,98,0,0,40.4659
1,110,98,0,0,40.4642
1,111,98,0,0,40.4627
1,112,98,0,0,40.4624
1,113,98,0,0,40.4618
1,114,98,0,0,40.4606
1,115,98,0,0,40.4608
1,116,98,0,0,40.4614
1,117,98,0,0,40.4625
1,118,98,0,1.02263e-05,40.4629
1,119,98,0,0,40.461
1,120,98,0,0,40.4614
1,121,98,0,0,40.4616
1,122,98,0,5.11312e-06,40.4613
1,123,98,0,0,40.459
1,124,98,0,1.27828e-05,40.4583
1,125,98,0,0,40.4558
1,126,98,0,0,40.452
1,127,98,0,0,40.4493
1,0,99,0,6.18169e-05,40.5951
1,1,99,0,0,40.5879
1,2,99,0,0,40.5811
1,3,99,0,0,40.5752
1,4,99,0,0,40.5696
1,5,99,0,0,40.5645
1,6,99,0,0,40.5603
1,7,99,0,0,40.5567
1,8,99,0,0,40.5535
1,9,99,0,0,40.5509
1,10,99,0,0,40.5491
1,11,99,0,0,40.5472
1,12,99,0,0,40.5453
1,13,99,0,0,40.5428
1,14,99,0,0,40.5393
1,15,99,0,0,40.535
1,16,99,0,0,40.5305
1,17,99,0,0,40.5263
1,18,99,0,0,40.5221
1,19,99,0,0,40.5178
1,20,99,0,0,40.5136
1,21,99,0,0,40.5101
1,22,99,0,0,40.5072
1,23,99,0,0,40.5043
1,24,99,0,0,40.5019
1,25,99,0,0,40.4998
1,26,99,0,0,40.4984
1,27,99,0,0,40.4973
1,28,99,0,0,40.496
1,29,99,0,0,40.4941
1,30,99,0,0,40.4919
1,31,99,0,0,40.4899
1,32,99,0,0,40.4877
1,33,99,0,0,40.4854
1,34,99,0,0,40.4823
1,35,99,0,0,40.4789
1,36,99,0,0,40.4758
1,37,99,0,0,40.4731
1,38,99,0,0,40.4709
1,39,99,0,0,40.4695
1,40,99,0,0,40.4689
1,41,99,0,0,40.4688
1,42,99,0,0,40.469
1,43,99,0,0,40.4694
1,44,99,0,0,40.47
1,45,99,0,0,40.4698
1,46,99,0,0,40.4686
1,47,99,0,0,40.4668
1,48,99,0,0,40.4649
1,49,99,0,0,40.4632
1,50,99,0,0,40.4623
1,51,99,0,0,40.4623
1,52,99,0,0,40.4625
1,53,99,0,0,40.4629
1,54,99,0,0,40.4626
1,55,99,0,0,40.4617
1,56,99,0,0,40.4605
1,57,99,0,0,40.4593
1,58,99,0,0,40.4583
1,59,99,0,0,40.4572
1,60,99,0,0,40.4568
1,61,99,0,0,40.4572
1,62,99,0,0,40.4582
1,63,99,0,0,40.4594
1,64,99,0,0,40.4608
1,65,99,0,0,40.4621
1,66,99,0,0,40.463
1,67,99,0,0,40.4633
1,68,99,0,0,40.463
1,69,99,0,0,40.4628
1,70,99,0,0,40.4632
1,71,99,0,0,40.4641
1,72,99,0,0,40.4649
1,73,99,0,0,40.4652
1,74,99,0,0,40.4649
1,75,99,0,0,40.4647
1,76,99,0,0,40.4647
1,77,99,0,0,40.4651
1,78,99,0,0,40.4659
1,79,99,0,0,40.4671
1,80,99,0,0,40.4677
1,81,99,0,0,40.4685
1,82,99,0,0,40.4687
1,83,99,0,0,40.4683
1,84,99,0,0,40.4679
1,85,99,0,0,40.4675
1,86,99,0,0,40.4675
1,87,99,0,0,40.4677
1,88,99,0,0,40.4676
1,89,99,0,0,40.4668
1,90,99,0,0,40.4661
1,91,99,0,0,40.4655
1,92,99,0,0,40.4652
1,93,99,0,0,40.4642
1,94,99,0,0,40.463
1,95,99,0,0,40.4618
1,96,99,0,0,40.4609
1,97,99,0,0,40.4603
1,98,99,0,0,40.4601
1,99,99,0,0,40.4602
1,100,99,0,0,40.46
1,101,99,0,0,40.4596
1,102,99,0,0,40.4588
1,103,99,0,0,40.4582
1,104,99,0,0,40.4579
1,105,99,0,0,40.4567
1,106,99,0,0,40.4552
1,107,99,0,0,40.4539
1,108,99,0,0,40.4529
1,109,99,0,0,40.452
1,110,99,0,0,40.4509
1,111,99,0,0,40.4498
1,112,99,0,0,40.4491
1,113,99,0,0,40.4484
1,114,99,0,0,40.4477
1,115,99,0,0,40.4476
1,116,99,0,0,40.4477
1,117,99,0,0,40.4479
1,118,99,0,0,40.4478
1,119,99,0,0,40.4471
1,120,99,0,0,40.4468
1,121,99,0,0,40.4464
1,122,99,0,0,40.4457
1,123,99,0,0,40.4444
1,124,99,0,0,40.4431
1,125,99,0,0,40.4412
1,126,99,0,0,40.4389
1,127,99,0,0,40.437
1,0,100,0,6.18169e-05,40.5824
1,1,100,0,0,40.5747
1,2,100,0,0,40.5678
1,3,100,0,0,40.5616
1,4,100,0,0,40.556
1,5,100,0,0,40.551
1,6,100,0,0,40.5466
1,7,100,0,0,40.5428
1,8,100,0,0,40.5394
1,9,100,0,0,40.5365
1,10,100,0,0,40.5341
1,11,100,0,0,40.5317
1,12,100,0,0,40.5292
1,13,100,0,0,40.5265
1,14,100,0,0,40.5232
1,15,100,0,0,40.5195
1,16,100,0,0,40.5156
1,17,100,0,0,40.5117
1,18,100,0,0,40.5079
1,19,100,0,0,40.5041
1,20,100,0,0,40.5005
1,21,100,0,0,40.4972
1,22,100,0,0,40.4943
1,23,100,0,0,40.4917
1,24,100,0,0,40.4894
1,25,100,0,0,40.4873
1,26,100,0,0,40.4856
1,27,100,0,0,40.4841
1,28,100,0,0,40.4825
1,29,100,0,0,40.4807
1,30,100,0,0,40.4788
1,31,100,0,0,40.4768
1,32,100,0,0,40.4747
1,33,100,0,0,40.4725
1,34,100,0,0,40.4699
1,35,100,0,0,40.4673
1,36,100,0,0,40.4647
1,37,100,0,0,40.4625
1,38,100,0,0,40.4606
1,39,100,0,0,40.4593
1,40,100,0,0,40.4584
1,41,100,0,0,40.458
1,42,100,0,0,40.4578
1,43,100,0,0,40.4577
1,44,100,0,0,40.4576
1,45,100,0,0,40.4572
1,46,100,0,0,40.4563
1,47,100,0,0,40.455
1,48,100,0,0,40.4537
1,49,100,0,0,40.4525
1,50,100,0,0,40.4517
1,51,100,0,0,40.4513
1,52,100,0,0,40.4512
1,53,100,0,0,40.451
1,54,100,0,0,40.4507
1,55,100,0,0,40.45
1,56,100,0,0,40.4492
1,57,100,0,0,40.4483
1,58,100,0,0,40.4476
1,59,100,0,0,40.447
1,60,100,0,0,40.4467
1,61,100,0,0,40.447
1,62,100,0,0,40.4476
1,63,100,0,0,40.4484
1,64,100,0,0,40.4494
1,65,100,0,0,40.4503
1,66,100,0,0,40.4509
1,67,100,0,0,40.4513
1,68,100,0,0,40.4514
1,69,100,0,0,40.4515
1,70,100,0,0,40.4518
1,71,100,0,0,40.4523
1,72,100,0,0,40.4528
1,73,100,0,0,40.453
1,74,100,0,0,40.4531
1,75,100,0,0,40.4531
1,76,100,0,0,40.4532
1,77,100,0,0,40.4535
1,78,100,0,0,40.4541
1,79,100,0,0,40.4547
1,80,100,0,0,40.4553
1,81,100,0,0,40.4557
1,82,100,0,0,40.4558
1,83,100,0,0,40.4557
1,84,100,0,0,40.4555
1,85,100,0,0,40.4552
1,86,100,0,0,40.4551
1,87,100,0,0,40.4549
1,88,100,0,0,40.4547
1,89,100,0,0,40.4542
1,90,100,0,0,40.4536
1,91,100,0,0,40.453
1,92,100,0,0,40.4524
1,93,100,0,0,40.4516
1,94,100,0,0,40.4507
1,95,100,0,0,40.4498
1,96,100,0,0,40.4491
1,97,100,0,0,40.4486
1,98,100,0,0,40.4482
1,99,100,0,0,40.4479
1,100,100,0,0,40.4476
1,101,100,0,0,40.4472
1,102,100,0,0,40.4466
1,103,100,0,0,40.4459
1,104,100,0,0,40.4453
1,105,100,0,0,40.4444
1,106,100,0,0,40.4432
1,107,100,0,0,40.4421
1,108,100,0,0,40.4411
1,109,100,0,0,40.4402
1,110,100,0,0,40.4392
1,111,100,0,0,40.4383
1,112,100,0,0,40.4375
1,113,100,0,0,40.4368
1,114,100,0,0,40.4362
1,115,100,0,0,40.4358
1,116,100,0,0,40.4356
1,117,100,0,0,40.4354
1,118,100,0,0,40.4351
1,119,100,0,0,40.4346
1,120,100,0,0,40.434
1,121,100,0,0,40.4334
1,122,100,0,0,40.4326
1,123,100,0,0,40.4315
1,124,100,0,0,40.4303
1,125,100,0,0,40.4289
1,126,100,0,0,40.4273
1,127,100,0,0,40.426
1,0,101,0,6.18169e-05,40.571
1,1,101,0,0,40.5631
1,2,101,0,0,40.556
1,3,101,0,0,40.5497
1,4,101,0,0,40.544
1,5,101,0,0,40.539
1,6,101,0,0,40.5345
1,7,101,0,0,40.5305
1,8,101,0,0,40.527
1,9,101,0,0,40.5239
1,10,101,0,0,40.521
1,11,101,0,0,40.5183
1,12,101,0,0,40.5156
1,13,101,0,0,40.5127
1,14,101,0,0,40.5095
1,15,101,0,0,40.5061
1,16,101,0,0,40.5026
1,17,101,0,0,40.4991
1,18,101,0,0,40.4956
1,19,101,0,0,40.4922
1,20,101,0,0,40.4889
1,21,101,0,0,40.4859
1,22,101,0,0,40.4832
1,23,101,0,0,40.4807
1,24,101,0,0,40.4784
1,25,101,0,0,40.4763
1,26,101,0,0,40.4745
1,27,101,0,0,40.4728
1,28,101,0,0,40.4712
1,29,101,0,0,40.4694
1,30,101,0,0,40.4676
1,31,101,0,0,40.4657
1,32,101,0,0,40.4638
1,33,101,0,0,40.4617
1,34,101,0,0,40.4595
1,35,101,0,0,40.4573
1,36,101,0,0,40.4552
1,37,101,0,0,40.4533
1,38,101,0,0,40.4516
1,39,101,0,0,40.4503
1,40,101,0,0,40.4494
1,41,101,0,0,40.4487
1,42,101,0,0,40.4482
1,43,101,0,0,40.4478
1,44,101,0,0,40.4474
1,45,101,0,0,40.4469
1,46,101,0,0,40.446
1,47,101,0,0,40.4451
1,48,101,0,0,40.4441
1,49,101,0,0,40.4431
1,50,101,0,0,40.4424
1,51,101,0,0,40.4419
1,52,101,0,0,40.4416
1,53,101,0,0,40.4412
1,54,101,0,0,40.4408
1,55,101,0,0,40.4402
1,56,101,0,0,40.4396
1,57,101,0,0,40.439
1,58,101,0,0,40.4384
1,59,101,0,0,40.4381
1,60,101,0,0,40.4379
1,61,101,0,0,40.4381
1,62,101,0,0,40.4385
1,63,101,0,0,40.4391
1,64,101,0,0,40.4397
1,65,101,0,0,40.4404
1,66,101,0,0,40.4409
1,67,101,0,0,40.4413
1,68,101,0,0,40.4415
1,69,101,0,0,40.4417
1,70,101,0,0,40.442
1,71,101,0,0,40.4423
1,72,101,0,0,40.4427
1,73,101,0,0,40.4429
1,74,101,0,0,40.443
1,75,101,0,0,40.4431
1,76,101,0,0,40.4433
1,77,101,0,0,40.4435
1,78,101,0,0,40.4439
1,79,101,0,0,40.4443
1,80,101,0,0,40.4447
1,81,101,0,0,40.4449
1,82,101,0,0,40.445
1,83,101,0,0,40.445
1,84,101,0,0,40.4448
1,85,101,0,0,40.4446
1,86,101,0,0,40.4444
1,87,101,0,0,40.4441
1,88,101,0,0,40.4438
1,89,101,0,0,40.4433
1,90,101,0,0,40.4428
1,91,101,0,0,40.4422
1,92,101,0,0,40.4416
1,93,101,0,0,40.4409
1,94,101,0,0,40.4402
1,95,101,0,0,40.4395
1,96,101,0,0,40.4388
1,97,101,0,0,40.4383
1,98,101,0,0,40.4379
1,99,101,0,0,40.4375
1,100,101,0,0,40.4371
1,101,101,0,0,40.4367
1,102,101,0,0,40.4361
1,103,101,0,0,40.4355
1,104,101,0,0,40.4348
1,105,101,0,0,40.4339
1,106,101,0,0,40.433
1,107,101,0,0,40.432
1,108,101,0,0,40.431
1,109,101,0,0,40.4301
1,110,101,0,0,40.4292
1,111,101,0,0,40.4283
1,112,101,0,0,40.4275
1,113,101,0,0,40.4268
1,114,101,0,0,40.4262
1,115,101,0,0,40.4257
1,116,101,0,0,40.4252
1,117,101,0,0,40.4248
1,118,101,0,0,40.4243
1,119,101,0,0,40.4237
1,120,101,0,0,40.423
1,121,101,0,0,40.4223
1,122,101,0,0,40.4215
1,123,101,0,0,40.4205
1,124,101,0,0,40.4194
1,125,101,0,0,40.4182
1,126,101,0,0,40.4171
1,127,101,0,0,40.4162
1,0,102,0,6.18169e-05,40.5609
1,1,102,0,0,40.5529
1,2,102,0,0,40.5457
1,3,102,0,0,40.5393
1,4,102,0,0,40.5336
1,5,102,0,0,40.5285
1,6,102,0,0,40.524
1,7,102,0,0,40.5199
1,8,102,0,0,40.5163
1,9,102,0,0,40.5129
1,10,102,0,0,40.5099
1,11,102,0,0,40.507
1,12,102,0,0,40.5041
1,13,102,0,0,40.5011
1,14,102,0,0,40.498
1,15,102,0,0,40.4949
1,16,102,0,0,40.4916
1,17,102,0,0,40.4884
1,18,102,0,0,40.4852
1,19,102,0,0,40.482
1,20,102,0,0,40.479
1,21,102,0,0,40.4762
1,22,102,0,0,40.4736
1,23,102,0,0,40.4712
1,24,102,0,0,40.469
1,25,102,0,0,40.467
1,26,102,0,0,40.4651
1,27,102,0,0,40.4633
1,28,102,0,0,40.4617
1,29,102,0,0,40.46
1,30,102,0,0,40.4582
1,31,102,0,0,40.4565
1,32,102,0,0,40.4547
1,33,102,0,0,40.4528
1,34,102,0,0,40.4509
1,35,102,0,0,40.449
1,36,102,0,0,40.4472
1,37,102,0,0,40.4455
1,38,102,0,0,40.444
1,39,102,0,0,40.4427
1,40,102,0,0,40.4417
1,41,102,0,0,40.4409
1,42,102,0,0,40.4402
1,43,102,0,0,40.4397
1,44,102,0,0,40.4391
1,45,102,0,0,40.4384
1,46,102,0,0,40.4377
1,47,102,0,0,40.4369
1,48,102,0,0,40.436
1,49,102,0,0,40.4353
1,50,102,0,0,40.4346
1,51,102,0,0,40.4341
1,52,102,0,0,40.4336
1,53,102,0,0,40.4332
1,54,102,0,0,40.4327
1,55,102,0,0,40.4322
1,56,102,0,0,40.4317
1,57,102,0,0,40.4312
1,58,102,0,0,40.4308
1,59,102,0,0,40.4306
1,60,102,0,0,40.4305
1,61,102,0,0,40.4306
1,62,102,0,0,40.4309
1,63,102,0,0,40.4313
1,64,102,0,0,40.4318
1,65,102,0,0,40.4323
1,66,102,0,0,40.4327
1,67,102,0,0,40.4331
1,68,102,0,0,40.4333
1,69,102,0,0,40.4336
1,70,102,0,0,40.4338
1,71,102,0,0,40.4341
1,72,102,0,0,40.4343
1,73,102,0,0,40.4345
1,74,102,0,0,40.4346
1,75,102,0,0,40.4348
1,76,102,0,0,40.4349
1,77,102,0,0,40.4351
1,78,102,0,0,40.4354
1,79,102,0,0,40.4356
1,80,102,0,0,40.4359
1,81,102,0,0,40.436
1,82,102,0,0,40.4361
1,83,102,0,0,40.436
1,84,102,0,0,40.4359
1,85,102,0,0,40.4357
1,86,102,0,0,40.4354
1,87,102,0,0,40.4351
1,88,102,0,0,40.4347
1,89,102,0,0,40.4343
1,90,102,0,0,40.4338
1,91,102,0,0,40.4332
1,92,102,0,0,40.4326
1,93,102,0,0,40.432
1,94,102,0,0,40.4314
1,95,102,0,0,40.4307
1,96,102,0,0,40.4302
1,97,102,0,0,40.4297
1,98,102,0,0,40.4292
1,99,102,0,0,40.4288
1,100,102,0,0,40.4284
1,101,102,0,0,40.4279
1,102,102,0,0,40.4273
1,103,102,0,0,40.4267
1,104,102,0,0,40.426
1,105,102,0,0,40.4252
1,106,102,0,0,40.4244
1,107,102,0,0,40.4235
1,108,102,0,0,40.4226
1,109,102,0,0,40.4217
1,110,102,0,0,40.4208
1,111,102,0,0,40.4199
1,112,102,0,0,40.4191
1,113,102,0,0,40.4184
1,114,102,0,0,40.4177
1,115,102,0,0,40.417
1,116,102,0,0,40.4164
1,117,102,0,0,40.4158
1,118,102,0,0,40.4152
1,119,102,0,0,40.4145
1,120,102,0,0,40.4137
1,121,102,0,0,40.4129
1,122,102,0,0,40.4121
1,123,102,0,0,40.4111
1,124,102,0,0,40.4101
1,125,102,0,0,40.4092
1,126,102,0,0,40.4083
1,127,102,0,0,40.4076
1,0,103,0,6.18169e-05,40.5521
1,1,103,0,0,40.544
1,2,103,0,0,40.5368
1,3,103,0,0,40.5304
1,4,103,0,0,40.5246
1,5,103,0,0,40.5195
1,6,103,0,0,40.515
1,7,103,0,0,40.5108
1,8,103,0,0,40.5071
1,9,103,0,0,40.5037
1,10,103,0,0,40.5005
1,11,103,0,0,40.4975
1,12,103,0,0,40.4945
1,13,103,0,0,40.4916
1,14,103,0,0,40.4886
1,15,103,0,0,40.4855
1,16,103,0,0,40.4825
1,17,103,0,0,40.4794
1,18,103,0,0,40.4765
1,19,103,0,0,40.4735
1,20,103,0,0,40.4708
1,21,103,0,0,40.4681
1,22,103,0,0,40.4656
1,23,103,0,0,40.4633
1,24,103,0,0,40.4612
1,25,103,0,0,40.4592
1,26,103,0,0,40.4573
1,27,103,0,0,40.4556
1,28,103,0,0,40.4539
1,29,103,0,0,40.4523
1,30,103,0,0,40.4506
1,31,103,0,0,40.449
1,32,103,0,0,40.4473
1,33,103,0,0,40.4457
1,34,103,0,0,40.444
1,35,103,0,0,40.4423
1,36,103,0,0,40.4407
1,37,103,0,0,40.4392
1,38,103,0,0,40.4378
1,39,103,0,0,40.4366
1,40,103,0,0,40.4355
1,41,103,0,0,40.4346
1,42,103,0,0,40.4339
1,43,103,0,0,40.4332
1,44,103,0,0,40.4325
1,45,103,0,0,40.4318
1,46,103,0,0,40.4311
1,47,103,0,0,40.4304
1,48,103,0,0,40.4296
1,49,103,0,0,40.4289
1,50,103,0,0,40.4283
1,51,103,0,0,40.4278
1,52,103,0,0,40.4273
1,53,103,0,0,40.4268
1,54,103,0,0,40.4263
1,55,103,0,0,40.4258
1,56,103,0,0,40.4254
1,57,103,0,0,40.425
1,58,103,0,0,40.4247
1,59,103,0,0,40.4245
1,60,103,0,0,40.4245
1,61,103,0,0,40.4246
1,62,103,0,0,40.4248
1,63,103,0,0,40.4251
1,64,103,0,0,40.4255
1,65,103,0,0,40.4259
1,66,103,0,0,40.4262
1,67,103,0,0,40.4266
1,68,103,0,0,40.4268
1,69,103,0,0,40.4271
1,70,103,0,0,40.4273
1,71,103,0,0,40.4275
1,72,103,0,0,40.4277
1,73,103,0,0,40.4278
1,74,103,0,0,40.428
1,75,103,0,0,40.4281
1,76,103,0,0,40.4282
1,77,103,0,0,40.4283
1,78,103,0,0,40.4285
1,79,103,0,0,40.4287
1,80,103,0,0,40.4288
1,81,103,0,0,40.4289
1,82,103,0,0,40.4289
1,83,103,0,0,40.4288
1,84,103,0,0,40.4287
1,85,103,0,0,40.4284
1,86,103,0,0,40.4282
1,87,103,0,0,40.4278
1,88,103,0,0,40.4274
1,89,103,0,0,40.4269
1,90,103,0,0,40.4264
1,91,103,0,0,40.4259
1,92,103,0,0,40.4253
1,93,103,0,0,40.4247
1,94,103,0,0,40.4241
1,95,103,0,0,40.4236
1,96,103,0,0,40.4231
1,97,103,0,0,40.4226
1,98,103,0,0,40.4222
1,99,103,0,0,40.4218
1,100,103,0,0,40.4213
1,101,103,0,0,40.4208
1,102,103,0,0,40.4203
1,103,103,0,0,40.4197
1,104,103,0,0,40.419
1,105,103,0,0,40.4182
1,106,103,0,0,40.4174
1,107,103,0,0,40.4166
1,108,103,0,0,40.4157
1,109,103,0,0,40.4148
1,110,103,0,0,40.4139
1,111,103,0,0,40.4131
1,112,103,0,0,40.4123
1,113,103,0,0,40.4115
1,114,103,0,0,40.4107
1,115,103,0,0,40.41
1,116,103,0,0,40.4092
1,117,103,0,0,40.4085
1,118,103,0,0,40.4077
1,119,103,0,0,40.4069
1,120,103,0,0,40.4061
1,121,103,0,0,40.4052
1,122,103,0,0,40.4043
1,123,103,0,0,40.4033
1,124,103,0,0,40.4024
1,125,103,0,0,40.4015
1,126,103,0,0,40.4008
1,127,103,0,0,40.4002
1,0,104,0,6.18169e-05,40.5444
1,1,104,0,0,40.5363
1,2,104,0,0,40.5292
1,3,104,0,0,40.5228
1,4,104,0,0,40.5171
1,5,104,0,0,40.512
1,6,104,0,0,40.5075
1,7,104,0,0,40.5033
1,8,104,0,0,40.4996
1,9,104,0,0,40.4962
1,10,104,0,0,40.4929
1,11,104,0,0,40.4899
1,12,104,0,0,40.4869
1,13,104,0,0,40.4839
1,14,104,0,0,40.481
1,15,104,0,0,40.4781
1,16,104,0,0,40.4752
1,17,104,0,0,40.4723
1,18,104,0,0,40.4695
1,19,104,0,0,40.4667
1,20,104,0,0,40.4641
1,21,104,0,0,40.4616
1,22,104,0,0,40.4593
1,23,104,0,0,40.457
1,24,104,0,0,40.4549
1,25,104,0,0,40.453
1,26,104,0,0,40.4512
1,27,104,0,0,40.4494
1,28,104,0,0,40.4478
1,29,104,0,0,40.4463
1,30,104,0,0,40.4447
1,31,104,0,0,40.4432
1,32,104,0,0,40.4417
1,33,104,0,0,40.4402
1,34,104,0,0,40.4387
1,35,104,0,0,40.4372
1,36,104,0,0,40.4358
1,37,104,0,0,40.4344
1,38,104,0,0,40.4331
1,39,104,0,0,40.4319
1,40,104,0,0,40.4308
1,41,104,0,0,40.4299
1,42,104,0,0,40.429
1,43,104,0,0,40.4282
1,44,104,0,0,40.4275
1,45,104,0,0,40.4268
1,46,104,0,0,40.4261
1,47,104,0,0,40.4255
1,48,104,0,0,40.4248
1,49,104,0,0,40.4242
1,50,104,0,0,40.4236
1,51,104,0,0,40.423
1,52,104,0,0,40.4225
1,53,104,0,0,40.422
1,54,104,0,0,40.4215
1,55,104,0,0,40.4211
1,56,104,0,0,40.4207
1,57,104,0,0,40.4203
1,58,104,0,0,40.42
1,59,104,0,0,40.4199
1,60,104,0,0,40.4199
1,61,104,0,0,40.42
1,62,104,0,0,40.4202
1,63,104,0,0,40.4205
1,64,104,0,0,40.4208
1,65,104,0,0,40.4211
1,66,104,0,0,40.4214
1,67,104,0,0,40.4217
1,68,104,0,0,40.422
1,69,104,0,0,40.4222
1,70,104,0,0,40.4224
1,71,104,0,0,40.4226
1,72,104,0,0,40.4227
1,73,104,0,0,40.4228
1,74,104,0,0,40.4229
1,75,104,0,0,40.4229
1,76,104,0,0,40.423
1,77,104,0,0,40.4231
1,78,104,0,0,40.4232
1,79,104,0,0,40.4233
1,80,104,0,0,40.4234
1,81,104,0,0,40.4235
1,82,104,0,0,40.4234
1,83,104,0,0,40.4233
1,84,104,0,0,40.4232
1,85,104,0,0,40.4229
1,86,104,0,0,40.4226
1,87,104,0,0,40.4222
1,88,104,0,0,40.4217
1,89,104,0,0,40.4212
1,90,104,0,0,40.4207
1,91,104,0,0,40.4201
1,92,104,0,0,40.4196
1,93,104,0,0,40.419
1,94,104,0,0,40.4185
1,95,104,0,0,40.418
1,96,104,0,0,40.4175
1,97,104,0,0,40.4171
1,98,104,0,0,40.4167
1,99,104,0,0,40.4163
1,100,104,0,0,40.4159
1,101,104,0,0,40.4154
1,102,104,0,0,40.4149
1,103,104,0,0,40.4143
1,104,104,0,0,40.4136
1,105,104,0,0,40.4129
1,106,104,0,0,40.4121
1,107,104,0,0,40.4112
1,108,104,0,0,40.4104
1,109,104,0,0,40.4095
1,110,104,0,0,40.4087
1,111,104,0,0,40.4078
1,112,104,0,0,40.4069
1,113,104,0,0,40.4061
1,114,104,0,0,40.4052
1,115,104,0,0,40.4044
1,116,104,0,0,40.4036
1,117,104,0,0,40.4027
1,118,104,0,0,40.4018
1,119,104,0,0,40.4009
1,120,104,0,0,40.4
1,121,104,0,0,40.399
1,122,104,0,0,40.3981
1,123,104,0,0,40.3971
1,124,104,0,0,40.3962
1,125,104,0,0,40.3953
1,126,104,0,0,40.3946
1,127,104,0,0,40.3941
1,0,105,0,6.18169e-05,40.538
1,1,105,0,0,40.5299
1,2,105,0,0,40.5228
1,3,105,0,0,40.5165
1,4,105,0,0,40.5109
1,5,105,0,0,40.5059
1,6,105,0,0,40.5014
1,7,105,0,0,40.4974
1,8,105,0,0,40.4937
1,9,105,0,0,40.4903
1,10,105,0,0,40.4871
1,11,105,0,0,40.484
1,12,105,0,0,40.481
1,13,105,0,0,40.4781
1,14,105,0,0,40.4753
1,15,105,0,0,40.4724
1,16,105,0,0,40.4696
1,17,105,0,0,40.4668
1,18,105,0,0,40.4641
1,19,105,0,0,40.4616
1,20,105,0,0,40.4591
1,21,105,0,0,40.4567
1,22,105,0,0,40.4544
1,23,105,0,0,40.4523
1,24,105,0,0,40.4503
1,25,105,0,0,40.4484
1,26,105,0,0,40.4466
1,27,105,0,0,40.4449
1,28,105,0,0,40.4434
1,29,105,0,0,40.4419
1,30,105,0,0,40.4405
1,31,105,0,0,40.4391
1,32,105,0,0,40.4378
1,33,105,0,0,40.4364
1,34,105,0,0,40.4351
1,35,105,0,0,40.4338
1,36,105,0,0,40.4324
1,37,105,0,0,40.4312
1,38,105,0,0,40.4299
1,39,105,0,0,40.4287
1,40,105,0,0,40.4276
1,41,105,0,0,40.4266
1,42,105,0,0,40.4257
1,43,105,0,0,40.4249
1,44,105,0,0,40.4241
1,45,105,0,0,40.4234
1,46,105,0,0,40.4227
1,47,105,0,0,40.4221
1,48,105,0,0,40.4215
1,49,105,0,0,40.4209
1,50,105,0,0,40.4204
1,51,105,0,0,40.4198
1,52,105,0,0,40.4193
1,53,105,0,0,40.4188
1,54,105,0,0,40.4183
1,55,105,0,0,40.4178
1,56,105,0,0,40.4174
1,57,105,0,0,40.4171
1,58,105,0,0,40.4169
1,59,105,0,0,40.4168
1,60,105,0,0,40.4168
1,61,105,0,0,40.4169
1,62,105,0,0,40.4171
1,63,105,0,0,40.4174
1,64,105,0,0,40.4176
1,65,105,0,0,40.4179
1,66,105,0,0,40.4182
1,67,105,0,0,40.4185
1,68,105,0,0,40.4187
1,69,105,0,0,40.419
1,70,105,0,0,40.4191
1,71,105,0,0,40.4193
1,72,105,0,0,40.4194
1,73,105,0,0,40.4194
1,74,105,0,0,40.4194
1,75,105,0,0,40.4194
1,76,105,0,0,40.4194
1,77,105,0,0,40.4195
1,78,105,0,0,40.4195
1,79,105,0,0,40.4196
1,80,105,0,0,40.4197
1,81,105,0,0,40.4197
1,82,105,0,0,40.4196
1,83,105,0,0,40.4195
1,84,105,0,0,40.4193
1,85,105,0,0,40.419
1,86,105,0,0,40.4187
1,87,105,0,0,40.4182
1,88,105,0,0,40.4177
1,89,105,0,0,40.4172
1,90,105,0,0,40.4166
1,91,105,0,0,40.416
1,92,105,0,0,40.4154
1,93,105,0,0,40.4149
1,94,105,0,0,40.4143
1,95,105,0,0,40.4139
1,96,105,0,0,40.4135
1,97,105,0,0,40.4131
1,98,105,0,0,40.4128
1,99,105,0,0,40.4125
1,100,105,0,0,40.4121
1,101,105,0,0,40.4117
1,102,105,0,0,40.4112
1,103,105,0,0,40.4106
1,104,105,0,0,40.4099
1,105,105,0,0,40.4091
1,106,105,0,0,40.4083
1,107,105,0,0,40.4075
1,108,105,0,0,40.4066
1,109,105,0,0,40.4058
1,110,105,0,0,40.4049
1,111,105,0,0,40.404
1,112,105,0,0,40.4031
1,113,105,0,0,40.4022
1,114,105,0,0,40.4013
1,115,105,0,0,40.4004
1,116,105,0,0,40.3994
1,117,105,0,0,40.3985
1,118,105,0,0,40.3975
1,119,105,0,0,40.3965
1,120,105,0,0,40.3954
1,121,105,0,0,40.3944
1,122,105,0,0,40.3933
1,123,105,0,0,40.3923
1,124,105,0,0,40.3913
1,125,105,0,0,40.3904
1,126,105,0,0,40.3897
1,127,105,0,0,40.3892
1,0,106,0,6.18169e-05,40.5326
1,1,106,0,0,40.5247
1,2,106,0,0,40.5177
1,3,106,0,0,40.5116
1,4,106,0,0,40.5061
1,5,106,0,0,40.5012
1,6,106,0,0,40.4969
1,7,106,0,0,40.4929
1,8,106,0,0,40.4894
1,9,106,0,0,40.486
1,10,106,0,0,40.4829
1,11,106,0,0,40.4799
1,12,106,0,0,40.4769
1,13,106,0,0,40.4741
1,14,106,0,0,40.4712
1,15,106,0,0,40.4685
1,16,106,0,0,40.4657
1,17,106,0,0,40.463
1,18,106,0,0,40.4605
1,19,106,0,0,40.458
1,20,106,0,0,40.4556
1,21,106,0,0,40.4534
1,22,106,0,0,40.4512
1,23,106,0,0,40.4492
1,24,106,0,0,40.4472
1,25,106,0,0,40.4453
1,26,106,0,0,40.4436
1,27,106,0,0,40.4419
1,28,106,0,0,40.4405
1,29,106,0,0,40.4391
1,30,106,0,0,40.4378
1,31,106,0,0,40.4366
1,32,106,0,0,40.4354
1,33,106,0,0,40.4342
1,34,106,0,0,40.4331
1,35,106,0,0,40.4319
1,36,106,0,0,40.4307
1,37,106,0,0,40.4295
1,38,106,0,0,40.4283
1,39,106,0,0,40.4271
1,40,106,0,0,40.426
1,41,106,0,0,40.4249
1,42,106,0,0,40.4239
1,43,106,0,0,40.423
1,44,106,0,0,40.4222
1,45,106,0,0,40.4215
1,46,106,0,0,40.4209
1,47,106,0,0,40.4204
1,48,106,0,0,40.4198
1,49,106,0,0,40.4193
1,50,106,0,0,40.4187
1,51,106,0,0,40.4182
1,52,106,0,0,40.4176
1,53,106,0,0,40.4171
1,54,106,0,0,40.4166
1,55,106,0,0,40.4161
1,56,106,0,0,40.4157
1,57,106,0,0,40.4153
1,58,106,0,0,40.4151
1,59,106,0,0,40.415
1,60,106,0,0,40.4151
1,61,106,0,0,40.4153
1,62,106,0,0,40.4155
1,63,106,0,0,40.4158
1,64,106,0,0,40.4161
1,65,106,0,0,40.4164
1,66,106,0,0,40.4166
1,67,106,0,0,40.4169
1,68,106,0,0,40.4171
1,69,106,0,0,40.4173
1,70,106,0,0,40.4175
1,71,106,0,0,40.4176
1,72,106,0,0,40.4176
1,73,106,0,0,40.4176
1,74,106,0,0,40.4175
1,75,106,0,0,40.4175
1,76,106,0,0,40.4174
1,77,106,0,0,40.4174
1,78,106,0,0,40.4174
1,79,106,0,0,40.4175
1,80,106,0,0,40.4175
1,81,106,0,0,40.4175
1,82,106,0,0,40.4175
1,83,106,0,0,40.4174
1,84,106,0,0,40.4171
1,85,106,0,0,40.4168
1,86,106,0,0,40.4164
1,87,106,0,0,40.4159
1,88,106,0,0,40.4154
1,89,106,0,0,40.4147
1,90,106,0,0,40.4141
1,91,106,0,0,40.4134
1,92,106,0,0,40.4128
1,93,106,0,0,40.4122
1,94,106,0,0,40.4117
1,95,106,0,0,40.4113
1,96,106,0,0,40.411
1,97,106,0,0,40.4107
1,98,106,0,0,40.4105
1,99,106,0,0,40.4102
1,100,106,0,0,40.4099
1,101,106,0,0,40.4095
1,102,106,0,0,40.409
1,103,106,0,0,40.4084
1,104,106,0,0,40.4078
1,105,106,0,0,40.407
1,106,106,0,0,40.4061
1,107,106,0,0,40.4053
1,108,106,0,0,40.4044
1,109,106,0,0,40.4035
1,110,106,0,0,40.4027
1,111,106,0,0,40.4018
1,112,106,0,0,40.4009
1,113,106,0,0,40.3999
1,114,106,0,0,40.3989
1,115,106,0,0,40.3979
1,116,106,0,0,40.3968
1,117,106,0,0,40.3957
1,118,106,0,0,40.3946
1,119,106,0,0,40.3935
1,120,106,0,0,40.3924
1,121,106,0,0,40.3912
1,122,106,0,0,40.39
1,123,106,0,0,40.3889
1,124,106,0,0,40.3878
1,125,106,0,0,40.3868
1,126,106,0,0,40.3861
1,127,106,0,0,40.3855
1,0,107,0,6.18169e-05,40.5283
1,1,107,0,0,40.5205
1,2,107,0,0,40.5138
1,3,107,0,0,40.5079
1,4,107,0,0,40.5026
1,5,107,0,0,40.498
1,6,107,0,0,40.4938
1,7,107,0,0,40.49
1,8,107,0,0,40.4866
1,9,107,0,0,40.4834
1,10,107,0,0,40.4804
1,11,107,0,0,40.4774
1,12,107,0,0,40.4746
1,13,107,0,0,40.4718
1,14,107,0,0,40.469
1,15,107,0,0,40.4662
1,16,107,0,0,40.4635
1,17,107,0,0,40.4609
1,18,107,0,0,40.4584
1,19,107,0,0,40.456
1,20,107,0,0,40.4538
1,21,107,0,0,40.4517
1,22,107,0,0,40.4496
1,23,107,0,0,40.4476
1,24,107,0,0,40.4456
1,25,107,0,0,40.4438
1,26,107,0,0,40.442
1,27,107,0,0,40.4405
1,28,107,0,0,40.4391
1,29,107,0,0,40.4379
1,30,107,0,0,40.4367
1,31,107,0,0,40.4357
1,32,107,0,0,40.4347
1,33,107,0,0,40.4337
1,34,107,0,0,40.4327
1,35,107,0,0,40.4317
1,36,107,0,0,40.4306
1,37,107,0,0,40.4294
1,38,107,0,0,40.4282
1,39,107,0,0,40.427
1,40,107,0,0,40.4258
1,41,107,0,0,40.4247
1,42,107,0,0,40.4236
1,43,107,0,0,40.4227
1,44,107,0,0,40.4219
1,45,107,0,0,40.4212
1,46,107,0,0,40.4206
1,47,107,0,0,40.4201
1,48,107,0,0,40.4197
1,49,107,0,0,40.4192
1,50,107,0,0,40.4187
1,51,107,0,0,40.4181
1,52,107,0,0,40.4176
1,53,107,0,0,40.417
1,54,107,0,0,40.4164
1,55,107,0,0,40.4158
1,56,107,0,0,40.4154
1,57,107,0,0,40.415
1,58,107,0,0,40.4148
1,59,107,0,0,40.4148
1,60,107,0,0,40.4149
1,61,107,0,0,40.4151
1,62,107,0,0,40.4154
1,63,107,0,0,40.4158
1,64,107,0,0,40.4161
1,65,107,0,0,40.4164
1,66,107,0,0,40.4166
1,67,107,0,0,40.4168
1,68,107,0,0,40.4171
1,69,107,0,0,40.4173
1,70,107,0,0,40.4175
1,71,107,0,0,40.4175
1,72,107,0,0,40.4175
1,73,107,0,0,40.4174
1,74,107,0,0,40.4172
1,75,107,0,0,40.417
1,76,107,0,0,40.4169
1,77,107,0,0,40.4168
1,78,107,0,0,40.4169
1,79,107,0,0,40.4169
1,80,107,0,0,40.417
1,81,107,0,0,40.4171
1,82,107,0,0,40.417
1,83,107,0,0,40.4169
1,84,107,0,0,40.4166
1,85,107,0,0,40.4163
1,86,107,0,0,40.4158
1,87,107,0,0,40.4152
1,88,107,0,0,40.4146
1,89,107,0,0,40.4139
1,90,107,0,0,40.4132
1,91,107,0,0,40.4124
1,92,107,0,0,40.4117
1,93,107,0,0,40.4111
1,94,107,0,0,40.4106
1,95,107,0,0,40.4102
1,96,107,0,0,40.41
1,97,107,0,0,40.4098
1,98,107,0,0,40.4097
1,99,107,0,0,40.4095
1,100,107,0,0,40.4093
1,101,107,0,0,40.409
1,102,107,0,0,40.4086
1,103,107,0,0,40.408
1,104,107,0,0,40.4073
1,105,107,0,0,40.4064
1,106,107,0,0,40.4055
1,107,107,0,0,40.4046
1,108,107,0,0,40.4037
1,109,107,0,0,40.4028
1,110,107,0,0,40.402
1,111,107,0,0,40.4011
1,112,107,0,0,40.4001
1,113,107,0,0,40.3991
1,114,107,0,0,40.398
1,115,107,0,0,40.3969
1,116,107,0,0,40.3957
1,117,107,0,0,40.3945
1,118,107,0,0,40.3933
1,119,107,0,0,40.3921
1,120,107,0,0,40.3908
1,121,107,0,0,40.3895
1,122,107,0,0,40.3882
1,123,107,0,0,40.3869
1,124,107,0,0,40.3856
1,125,107,0,0,40.3845
1,126,107,0,0,40.3836
1,127,107,0,0,40.3829
1,0,108,0,6.18169e-05,40.525
1,1,108,0,0,40.5175
1,2,108,0,0,40.5111
1,3,108,0,0,40.5055
1,4,108,0,0,40.5005
1,5,108,0,0,40.4961
1,6,108,0,0,40.4922
1,7,108,0,0,40.4887
1,8,108,0,0,40.4855
1,9,108,0,0,40.4825
1,10,108,0,0,40.4796
1,11,108,0,0,40.4768
1,12,108,0,0,40.474
1,13,108,0,0,40.4712
1,14,108,0,0,40.4685
1,15,108,0,0,40.4657
1,16,108,0,0,40.463
1,17,108,0,0,40.4604
1,18,108,0,0,40.4579
1,19,108,0,0,40.4557
1,20,108,0,0,40.4536
1,21,108,0,0,40.4516
1,22,108,0,0,40.4497
1,23,108,0,0,40.4477
1,24,108,0,0,40.4457
1,25,108,0,0,40.4438
1,26,108,0,0,40.442
1,27,108,0,0,40.4405
1,28,108,0,0,40.4392
1,29,108,0,0,40.4382
1,30,108,0,0,40.4372
1,31,108,0,0,40.4364
1,32,108,0,0,40.4356
1,33,108,0,0,40.4348
1,34,108,0,0,40.434
1,35,108,0,0,40.4331
1,36,108,0,0,40.4321
1,37,108,0,0,40.431
1,38,108,0,0,40.4298
1,39,108,0,0,40.4285
1,40,108,0,0,40.4272
1,41,108,0,0,40.4259
1,42,108,0,0,40.4248
1,43,108,0,0,40.4238
1,44,108,0,0,40.423
1,45,108,0,0,40.4223
1,46,108,0,0,40.4219
1,47,108,0,0,40.4215
1,48,108,0,0,40.4211
1,49,108,0,0,40.4207
1,50,108,0,0,40.4203
1,51,108,0,0,40.4197
1,52,108,0,0,40.4191
1,53,108,0,0,40.4184
1,54,108,0,0,40.4178
1,55,108,0,0,40.4171
1,56,108,0,0,40.4165
1,57,108,0,0,40.4161
1,58,108,0,0,40.4159
1,59,108,0,0,40.4159
1,60,108,0,0,40.4161
1,61,108,0,0,40.4165
1,62,108,0,0,40.4169
1,63,108,0,0,40.4173
1,64,108,0,0,40.4177
1,65,108,0,0,40.418
1,66,108,0,0,40.4182
1,67,108,0,0,40.4184
1,68,108,0,0,40.4186
1,69,108,0,0,40.4189
1,70,108,0,0,40.4191
1,71,108,0,0,40.4192
1,72,108,0,0,40.4191
1,73,108,0,0,40.4189
1,74,108,0,0,40.4185
1,75,108,0,0,40.4182
1,76,108,0,0,40.4179
1,77,108,0,0,40.4178
1,78,108,0,0,40.4178
1,79,108,0,0,40.418
1,80,108,0,0,40.4181
1,81,108,0,0,40.4182
1,82,108,0,0,40.4182
1,83,108,0,0,40.4181
1,84,108,0,0,40.4178
1,85,108,0,0,40.4174
1,86,108,0,0,40.4169
1,87,108,0,0,40.4162
1,88,108,0,0,40.4154
1,89,108,0,0,40.4146
1,90,108,0,0,40.4138
1,91,108,0,0,40.4129
1,92,108,0,0,40.4121
1,93,108,0,0,40.4113
1,94,108,0,0,40.4108
1,95,108,0,0,40.4105
1,96,108,0,0,40.4104
1,97,108,0,0,40.4104
1,98,108,0,0,40.4104
1,99,108,0,0,40.4104
1,100,108,0,0,40.4104
1,101,108,0,0,40.4102
1,102,108,0,0,40.4098
1,103,108,0,0,40.4092
1,104,108,0,0,40.4084
1,105,108,0,0,40.4075
1,106,108,0,0,40.4065
1,107,108,0,0,40.4055
1,108,108,0,0,40.4045
1,109,108,0,0,40.4036
1,110,108,0,0,40.4028
1,111,108,0,0,40.402
1,112,108,0,0,40.401
1,113,108,0,0,40.3999
1,114,108,0,0,40.3987
1,115,108,0,0,40.3974
1,116,108,0,0,40.3961
1,117,108,0,0,40.3948
1,118,108,0,0,40.3935
1,119,108,0,0,40.3922
1,120,108,0,0,40.3908
1,121,108,0,0,40.3893
1,122,108,0,0,40.3878
1,123,108,0,0,40.3862
1,124,108,0,0,40.3848
1,125,108,0,0,40.3835
1,126,108,0,0,40.3824
1,127,108,0,0,40.3815
1,0,109,0,6.18169e-05,40.5225
1,1,109,0,0,40.5154
1,2,109,0,0,40.5095
1,3,109,0,0,40.5044
1,4,109,0,0,40.4999
1,5,109,0,0,40.4957
1,6,109,0,0,40.4921
1,7,109,0,0,40.4889
1,8,109,0,0,40.486
1,9,109,0,0,40.4833
1,10,109,0,0,40.4806
1,11,109,0,0,40.4778
1,12,109,0,0,40.4751
1,13,109,0,0,40.4724
1,14,109,0,0,40.4697
1,15,109,0,0,40.4669
1,16,109,0,0,40.4642
1,17,109,0,0,40.4614
1,18,109,0,0,40.4589
1,19,109,0,0,40.4568
1,20,109,0,0,40.455
1,21,109,0,0,40.4533
1,22,109,0,0,40.4514
1,23,109,0,0,40.4494
1,24,109,0,0,40.4473
1,25,109,0,0,40.4453
1,26,109,0,0,40.4435
1,27,109,0,0,40.442
1,28,109,0,0,40.4408
1,29,109,0,0,40.44
1,30,109,0,0,40.4393
1,31,109,0,0,40.4387
1,32,109,0,0,40.4382
1,33,109,0,0,40.4377
1,34,109,0,0,40.4371
1,35,109,0,0,40.4364
1,36,109,0,0,40.4354
1,37,109,0,0,40.4343
1,38,109,0,0,40.4331
1,39,109,0,0,40.4317
1,40,109,0,0,40.4302
1,41,109,0,0,40.4287
1,42,109,0,0,40.4274
1,43,109,0,0,40.4263
1,44,109,0,0,40.4255
1,45,109,0,0,40.425
1,46,109,0,0,40.4246
1,47,109,0,0,40.4244
1,48,109,0,0,40.4242
1,49,109,0,0,40.424
1,50,109,0,0,40.4236
1,51,109,0,0,40.4229
1,52,109,0,0,40.4222
1,53,109,0,0,40.4214
1,54,109,0,0,40.4207
1,55,109,0,0,40.4199
1,56,109,0,0,40.4192
1,57,109,0,0,40.4186
1,58,109,0,0,40.4183
1,59,109,0,0,40.4184
1,60,109,0,0,40.4188
1,61,109,0,0,40.4195
1,62,109,0,0,40.4201
1,63,109,0,0,40.4205
1,64,109,0,0,40.4209
1,65,109,0,0,40.4212
1,66,109,0,0,40.4214
1,67,109,0,0,40.4216
1,68,109,0,0,40.4218
1,69,109,0,0,40.4221
1,70,109,0,0,40.4224
1,71,109,0,0,40.4226
1,72,109,0,0,40.4226
1,73,109,0,0,40.4221
1,74,109,0,0,40.4214
1,75,109,0,0,40.4208
1,76,109,0,0,40.4204
1,77,109,0,0,40.4202
1,78,109,0,0,40.4203
1,79,109,0,0,40.4206
1,80,109,0,0,40.4209
1,81,109,0,0,40.4211
1,82,109,0,0,40.4212
1,83,109,0,0,40.4211
1,84,109,0,0,40.4207
1,85,109,0,0,40.4203
1,86,109,0,0,40.4197
1,87,109,0,0,40.4188
1,88,109,0,0,40.4179
1,89,109,0,0,40.417
1,90,109,0,0,40.4161
1,91,109,0,0,40.415
1,92,109,0,0,40.4139
1,93,109,0,0,40.413
1,94,109,0,0,40.4124
1,95,109,0,0,40.4122
1,96,109,0,0,40.4123
1,97,109,0,0,40.4126
1,98,109,0,0,40.4128
1,99,109,0,0,40.413
1,100,109,0,0,40.4131
1,101,109,0,0,40.4131
1,102,109,0,0,40.4129
1,103,109,0,0,40.4122
1,104,109,0,0,40.4113
1,105,109,0,0,40.4102
1,106,109,0,0,40.409
1,107,109,0,0,40.4078
1,108,109,0,0,40.4068
1,109,109,0,0,40.4059
1,110,109,0,0,40.4052
1,111,109,0,0,40.4045
1,112,109,0,0,40.4035
1,113,109,0,0,40.4024
1,114,109,0,0,40.4011
1,115,109,0,0,40.3996
1,116,109,0,0,40.398
1,117,109,0,0,40.3965
1,118,109,0,0,40.3952
1,119,109,0,0,40.3939
1,120,109,0,0,40.3924
1,121,109,0,0,40.3907
1,122,109,0,0,40.3888
1,123,109,0,0,40.3869
1,124,109,0,0,40.3852
1,125,109,0,0,40.3837
1,126,109,0,0,40.3823
1,127,109,0,0,40.3812
1,0,110,0,6.18169e-05,40.5206
1,1,110,0,0,40.5141
1,2,110,0,0,40.5091
1,3,110,0,0,40.5049
1,4,110,0,0,40.5007
1,5,110,0,0,40.4968
1,6,110,0,0,40.4935
1,7,110,0,0,40.4906
1,8,110,0,0,40.4882
1,9,110,0,0,40.4859
1,10,110,0,0,40.4834
1,11,110,0,0,40.4808
1,12,110,0,0,40.4781
1,13,110,0,0,40.4755
1,14,110,0,0,40.4729
1,15,110,0,0,40.4699
1,16,110,0,0,40.4671
1,17,110,0,0,40.464
1,18,110,0,0,40.4614
1,19,110,0,0,40.4594
1,20,110,0,0,40.4581
1,21,110,0,0,40.4568
1,22,110,0,0,40.4552
1,23,110,0,0,40.4529
1,24,110,0,0,40.4506
1,25,110,0,0,40.4483
1,26,110,0,0,40.4465
1,27,110,0,0,40.4448
1,28,110,0,0,40.4438
1,29,110,0,0,40.4434
1,30,110,0,0,40.443
1,31,110,0,0,40.4426
1,32,110,0,0,40.4423
1,33,110,0,0,40.4423
1,34,110,0,0,40.4421
1,35,110,0,0,40.4415
1,36,110,0,0,40.4406
1,37,110,0,0,40.4395
1,38,110,0,0,40.4383
1,39,110,0,0,40.4367
1,40,110,0,0,40.4349
1,41,110,0,0,40.4331
1,42,110,0,0,40.4314
1,43,110,0,0,40.4302
1,44,110,0,0,40.4294
1,45,110,0,0,40.429
1,46,110,0,0,40.429
1,47,110,0,0,40.4289
1,48,110,0,0,40.429
1,49,110,0,0,40.429
1,50,110,0,0,40.4287
1,51,110,0,0,40.428
1,52,110,0,0,40.4269
1,53,110,0,0,40.4261
1,54,110,0,0,40.4254
1,55,110,0,0,40.4243
1,56,110,0,0,40.4232
1,57,110,0,0,40.4224
1,58,110,0,0,40.422
1,59,110,0,0,40.4222
1,60,110,0,0,40.4229
1,61,110,0,0,40.4241
1,62,110,0,0,40.4251
1,63,110,0,0,40.4255
1,64,110,0,0,40.4258
1,65,110,0,0,40.4262
1,66,110,0,0,40.4263
1,67,110,0,0,40.4263
1,68,110,0,0,40.4266
1,69,110,0,0,40.427
1,70,110,0,0,40.4275
1,71,110,0,0,40.428
1,72,110,0,0,40.428
1,73,110,0,0,40.4271
1,74,110,0,0,40.4259
1,75,110,0,0,40.4249
1,76,110,0,0,40.4242
1,77,110,0,0,40.424
1,78,110,0,0,40.4243
1,79,110,0,0,40.4248
1,80,110,0,0,40.4254
1,81,110,0,0,40.4258
1,82,110,0,0,40.426
1,83,110,0,0,40.4259
1,84,110,0,0,40.4254
1,85,110,0,0,40.425
1,86,110,0,0,40.4243
1,87,110,0,0,40.4232
1,88,110,0,0,40.422
1,89,110,0,0,40.4211
1,90,110,0,0,40.4201
1,91,110,0,0,40.4187
1,92,110,0,0,40.4171
1,93,110,0,0,40.4158
1,94,110,0,0,40.4152
1,95,110,0,0,40.4153
1,96,110,0,0,40.4157
1,97,110,0,0,40.4164
1,98,110,0,0,40.4168
1,99,110,0,0,40.4173
1,100,110,0,0,40.4177
1,101,110,0,0,40.418
1,102,110,0,0,40.4179
1,103,110,0,0,40.417
1,104,110,0,0,40.416
1,105,110,0,0,40.4147
1,106,110,0,0,40.413
1,107,110,0,0,40.4115
1,108,110,0,0,40.4105
1,109,110,0,0,40.4097
1,110,110,0,0,40.4093
1,111,110,0,0,40.4087
1,112,110,0,0,40.4078
1,113,110,0,0,40.4066
1,114,110,0,0,40.4052
1,115,110,0,0,40.4032
1,116,110,0,0,40.4013
1,117,110,0,0,40.3996
1,118,110,0,0,40.3984
1,119,110,0,0,40.3972
1,120,110,0,0,40.3958
1,121,110,0,0,40.3937
1,122,110,0,0,40.3912
1,123,110,0,0,40.389
1,124,110,0,0,40.387
1,125,110,0,0,40.3853
1,126,110,0,0,40.3835
1,127,110,0,0,40.3818
1,0,111,0,6.18169e-05,40.5193
1,1,111,0,0,40.5135
1,2,111,0,0,40.5099
1,3,111,0,0,40.5072
1,4,111,0,0,40.5032
1,5,111,0,0,40.4992
1,6,111,0,0,40.4964
1,7,111,0,0,40.4938
1,8,111,0,0,40.4923
1,9,111,0,0,40.4907
1,10,111,0,0,40.4883
1,11,111,0,0,40.4856
1,12,111,0,0,40.4829
1,13,111,0,0,40.4805
1,14,111,0,0,40.4782
1,15,111,0,0,40.4746
1,16,111,0,0,40.4719
1,17,111,0,0,40.4681
1,18,111,0,0,40.4649
1,19,111,0,0,40.4632
1,20,111,0,0,40.4629
1,21,111,0,0,40.4624
1,22,111,0,0,40.4613
1,23,111,0,0,40.4583
1,24,111,0,0,40.4556
1,25,111,0,0,40.4527
1,26,111,0,0,40.4509
1,27,111,0,0,40.4487
1,28,111,0,0,40.4478
1,29,111,0,0,40.4486
1,30,111,0,0,40.4485
1,31,111,0,0,40.4481
1,32,111,0,0,40.448
1,33,111,0,0,40.4489
1,34,111,0,0,40.4492
1,35,111,0,0,40.4485
1,36,111,0,0,40.4478
1,37,111,0,0,40.4464
1,38,111,0,0,40.4456
1,39,111,0,0,40.4436
1,40,111,0,0,40.4414
1,41,111,0,0,40.4389
1,42,111,0,0,40.4367
1,43,111,0,0,40.4355
1,44,111,0,0,40.4345
1,45,111,0,0,40.4343
1,46,111,0,0,40.4352
1,47,111,0,0,40.435
1,48,111,0,0,40.4354
1,49,111,0,0,40.4361
1,50,111,0,0,40.4361
1,51,111,0,0,40.4351
1,52,111,0,0,40.433
1,53,111,0,0,40.4323
1,54,111,0,0,40.4323
1,55,111,0,0,40.4304
1,56,111,0,0,40.4287
1,57,111,0,0,40.4274
1,58,111,0,0,40.4269
1,59,111,0,0,40.427
1,60,111,0,0,40.4282
1,61,111,0,0,40.4306
1,62,111,0,0,40.4322
1,63,111,0,0,40.4321
1,64,111,0,0,40.4324
1,65,111,0,0,40.4333
1,66,111,0,0,40.433
1,67,111,0,0,40.4324
1,68,111,0,0,40.433
1,69,111,0,0,40.4334
1,70,111,0,0,40.4343
1,71,111,0,0,40.4356
1,72,111,0,0,40.4361
1,73,111,0,0,40.4341
1,74,111,0,0,40.432
1,75,111,0,0,40.4304
1,76,111,0,0,40.4293
1,77,111,0,0,40.4288
1,78,111,0,0,40.4296
1,79,111,0,0,40.4309
1,80,111,0,0,40.4316
1,81,111,0,0,40.4324
1,82,111,0,0,40.4327
1,83,111,0,0,40.4328
1,84,111,0,0,40.4319
1,85,111,0,0,40.4315
1,86,111,0,0,40.431
1,87,111,0,0,40.4294
1,88,111,0,0,40.4276
1,89,111,0,0,40.4269
1,90,111,0,0,40.4262
1,91,111,0,0,40.4243
1,92,111,0,0,40.4216
1,93,111,0,0,40.4195
1,94,111,0,0,40.4192
1,95,111,0,0,40.4195
1,96,111,0,0,40.4206
1,97,111,0,0,40.4221
1,98,111,0,0,40.4224
1,99,111,0,0,40.4233
1,100,111,0,0,40.4238
1,101,111,0,0,40.4251
1,102,111,0,0,40.4253
1,103,111,0,0,40.4237
1,104,111,0,0,40.4227
1,105,111,0,0,40.4212
1,106,111,0,0,40.4186
1,107,111,0,0,40.4165
1,108,111,0,0,40.4156
1,109,111,0,0,40.4146
1,110,111,0,0,40.4151
1,111,111,0,0,40.4151
1,112,111,0,0,40.4139
1,113,111,0,0,40.4128
1,114,111,0,0,40.4115
1,115,111,0,0,40.4085
1,116,111,0,0,40.406
1,117,111,0,0,40.4038
1,118,111,0,0,40.4032
1,119,111,0,0,40.4023
1,120,111,0,0,40.4014
1,121,111,0,0,40.3985
1,122,111,0,0,40.3951
1,123,111,0,0,40.3921
1,124,111,0,0,40.3902
1,125,111,0,0,40.3884
1,126,111,0,0,40.3859
1,127,111,0,0,40.3835
1,0,112,0,0.0001215,40.5188
1,1,112,0,0,40.5126
1,2,112,0,5.63355e-05,40.5119
1,3,112,0,0.000156924,40.5131
1,4,112,0,9.89145e-05,40.5077
1,5,112,0,3.9231e-05,40.5023
1,6,112,0,0.000100588,40.5013
1,7,112,0,4.0905e-05,40.4977
1,8,112,0,9.89145e-05,40.4985
1,9,112,0,0.000119367,40.4983
1,10,112,0,0.000110815,40.4954
1,11,112,0,0.000121041,40.4924
1,12,112,0,9.89145e-05,40.4892
1,13,112,0,0.000100588,40.4874
1,14,112,0,0.000161946,40.4868
1,15,112,0,5.96835e-05,40.4804
1,16,112,0,0.000148372,40.4798
1,17,112,0,7.8462e-05,40.4735
1,18,112,0,3.9231e-05,40.4688
1,19,112,0,5.96835e-05,40.4673
1,20,112,0,0.000119367,40.4698
1,21,112,0,9.72405e-05,40.4706
1,22,112,0,0.000138146,40.4713
1,23,112,0,3.9231e-05,40.4651
1,24,112,0,0.000117693,40.4627
1,25,112,0,5.96835e-05,40.4578
1,26,112,0,0.000141494,40.4576
1,27,112,0,6.13575e-05,40.4529
1,28,112,0,3.7557e-05,40.4519
1,29,112,0,0.000122715,40.4564
1,30,112,0,0.000116019,40.4562
1,31,112,0,0.000102262,40.455
1,32,112,0,6.64706e-05,40.4546
1,33,112,0,0.000122715,40.4581
1,34,112,0,0.000102262,40.459
1,35,112,0,8.0136e-05,40.4575
1,36,112,0,0.000119367,40.4574
1,37,112,0,4.07413e-05,40.4548
1,38,112,0,0.000136472,40.4558
1,39,112,0,9.95878e-05,40.4525
1,40,112,0,0.000117693,40.4499
1,41,112,0,0.000100588,40.4463
1,42,112,0,5.80095e-05,40.4427
1,43,112,0,7.8462e-05,40.4424
1,44,112,0,6.05661e-05,40.4406
1,45,112,0,2.04525e-05,40.4402
1,46,112,0,0.000140702,40.4443
1,47,112,0,5.80095e-05,40.4421
1,48,112,0,8.08093e-05,40.4435
1,49,112,0,9.89145e-05,40.4455
1,50,112,0,0.000102262,40.4463
1,51,112,0,0.00013982,40.4449
1,52,112,0,4.0905e-05,40.4396
1,53,112,0,8.181e-05,40.4395
1,54,112,0,0.000179051,40.4428
1,55,112,0,6.31226e-05,40.4379
1,56,112,0,7.6788e-05,40.4354
1,57,112,0,6.13575e-05,40.4332
1,58,112,0,6.99097e-05,40.4327
1,59,112,0,6.47966e-05,40.4326
1,60,112,0,5.96835e-05,40.4341
1,61,112,0,0.000111051,40.4395
1,62,112,0,0.000180725,40.443
1,63,112,0,0.000102262,40.4402
1,64,112,0,9.89145e-05,40.4403
1,65,112,0,0.000138146,40.4432
1,66,112,0,9.89145e-05,40.4418
1,67,112,0,4.0905e-05,40.4391
1,68,112,0,9.63579e-05,40.4412
1,69,112,0,7.07923e-05,40.4412
1,70,112,0,8.0136e-05,40.4424
1,71,112,0,0.00013638,40.4459
1,72,112,0,0.000177377,40.4485
1,73,112,0,7.6788e-05,40.443
1,74,112,0,5.49889e-05,40.4392
1,75,112,0,4.92936e-05,40.4371
1,76,112,0,5.96835e-05,40.4355
1,77,112,0,1.87785e-05,40.434
1,78,112,0,5.96835e-05,40.4364
1,79,112,0,0.000121041,40.4391
1,80,112,0,0.000100588,40.4396
1,81,112,0,0.000121924,40.4413
1,82,112,0,9.89145e-05,40.4414
1,83,112,0,0.000146988,40.4425
1,84,112,0,8.181e-05,40.4395
1,85,112,0,0.000100588,40.44
1,86,112,0,0.000138146,40.4407
1,87,112,0,9.89145e-05,40.4374
1,88,112,0,6.13575e-05,40.4338
1,89,112,0,8.0136e-05,40.4343
1,90,112,0,0.000102262,40.4353
1,91,112,0,9.89145e-05,40.4325
1,92,112,0,3.9231e-05,40.4273
1,93,112,0,1.87785e-05,40.423
1,94,112,0,7.8462e-05,40.4242
1,95,112,0,6.13575e-05,40.4245
1,96,112,0,5.80095e-05,40.4267
1,97,112,0,0.000119367,40.4308
1,98,112,0,2.04525e-05,40.429
1,99,112,0,0.000118484,40.4315
1,100,112,0,8.181e-05,40.431
1,101,112,0,0.000138146,40.4349
1,102,112,0,0.00016362,40.4363
1,103,112,0,5.96835e-05,40.4315
1,104,112,0,0.000117693,40.4316
1,105,112,0,0.000147489,40.4305
1,106,112,0,8.181e-05,40.4253
1,107,112,0,4.0905e-05,40.4218
1,108,112,0,0.000116019,40.4227
1,109,112,0,2.04525e-05,40.4197
1,110,112,0,9.46839e-05,40.4231
1,111,112,0,0.000113371,40.4242
1,112,112,0,5.80095e-05,40.4217
1,113,112,0,5.96835e-05,40.4206
1,114,112,0,0.000121041,40.4214
1,115,112,0,6.13575e-05,40.4149
1,116,112,0,8.0136e-05,40.4119
1,117,112,0,0,40.408
1,118,112,0,7.8462e-05,40.4101
1,119,112,0,5.96835e-05,40.409
1,120,112,0,0.000177376,40.4107
1,121,112,0,0.000100588,40.4055
1,122,112,0,7.6788e-05,40.4001
1,123,112,0,3.9231e-05,40.3959
1,124,112,0,5.96835e-05,40.3946
1,125,112,0,9.39465e-05,40.3939
1,126,112,0,4.55996e-05,40.3897
1,127,112,0,6.47966e-05,40.3865
1,0,113,0,9.93739e-05,40.5122
1,1,113,0,5.80095e-05,40.5081
1,2,113,0,6.13575e-05,40.5051
1,3,113,0,3.7557e-05,40.5018
1,4,113,0,2.81222e-05,40.4981
1,5,113,0,8.0136e-05,40.4966
1,6,113,0,6.47966e-05,40.4943
1,7,113,0,8.0136e-05,40.4925
1,8,113,0,8.0136e-05,40.4916
1,9,113,0,0.000119367,40.4912
1,10,113,0,6.99097e-05,40.4864
1,11,113,0,3.9231e-05,40.4818
1,12,113,0,5.80095e-05,40.4797
1,13,113,0,8.181e-05,40.4787
1,14,113,0,8.0136e-05,40.4766
1,15,113,0,5.96835e-05,40.4725
1,16,113,0,9.20362e-05,40.471
1,17,113,0,5.80095e-05,40.4665
1,18,113,0,0.000119367,40.4649
1,19,113,0,1.87785e-05,40.4597
1,20,113,0,4.0905e-05,40.4608
1,21,113,0,0.000102936,40.4648
1,22,113,0,0.000160272,40.4673
1,23,113,0,0.000166268,40.4639
1,24,113,0,3.9231e-05,40.4548
1,25,113,0,5.63355e-05,40.4504
1,26,113,0,4.0905e-05,40.4475
1,27,113,0,3.9231e-05,40.4454
1,28,113,0,5.80095e-05,40.4464
1,29,113,0,0.00013982,40.4506
1,30,113,0,5.80095e-05,40.4477
1,31,113,0,3.9231e-05,40.4463
1,32,113,0,7.33489e-05,40.4483
1,33,113,0,7.8462e-05,40.4515
1,34,113,0,0.000179051,40.4565
1,35,113,0,0.000113672,40.454
1,36,113,0,6.13575e-05,40.4518
1,37,113,0,0.000199667,40.4549
1,38,113,0,7.95538e-05,40.4497
1,39,113,0,9.48932e-05,40.4464
1,40,113,0,5.96835e-05,40.442
1,41,113,0,5.80095e-05,40.439
1,42,113,0,6.13575e-05,40.4378
1,43,113,0,0.000138146,40.4398
1,44,113,0,5.71269e-05,40.4371
1,45,113,0,0.000156924,40.4401
1,46,113,0,7.75794e-05,40.4384
1,47,113,0,7.8462e-05,40.4379
1,48,113,0,9.82412e-05,40.4397
1,49,113,0,0.000104819,40.4418
1,50,113,0,0.000179051,40.4439
1,51,113,0,4.22516e-05,40.4376
1,52,113,0,0.000121041,40.4363
1,53,113,0,1.87785e-05,40.4318
1,54,113,0,8.0136e-05,40.4341
1,55,113,0,0.000134706,40.4347
1,56,113,0,8.181e-05,40.4311
1,57,113,0,8.0136e-05,40.4292
1,58,113,0,8.86882e-05,40.4286
1,59,113,0,7.50229e-05,40.4279
1,60,113,0,3.9231e-05,40.4281
1,61,113,0,0.000143167,40.4339
1,62,113,0,6.13575e-05,40.4324
1,63,113,0,4.0905e-05,40.4305
1,64,113,0,2.04525e-05,40.4308
1,65,113,0,0.000121041,40.4366
1,66,113,0,0.000122715,40.4377
1,67,113,0,9.05985e-05,40.4363
1,68,113,0,0.000101471,40.4373
1,69,113,0,0.000112953,40.4382
1,70,113,0,8.0136e-05,40.437
1,71,113,0,2.55656e-05,40.4367
1,72,113,0,0.000134706,40.4417
1,73,113,0,0.000103191,40.4396
1,74,113,0,0.000105283,40.4376
1,75,113,0,0.000146861,40.4371
1,76,113,0,8.0136e-05,40.4336
1,77,113,0,0.000117693,40.4341
1,78,113,0,0.00013982,40.4349
1,79,113,0,3.9231e-05,40.4314
1,80,113,0,6.13575e-05,40.4319
1,81,113,0,7.82527e-05,40.4337
1,82,113,0,9.72405e-05,40.4347
1,83,113,0,8.181e-05,40.434
1,84,113,0,5.96835e-05,40.4323
1,85,113,0,9.72405e-05,40.4335
1,86,113,0,0.000100588,40.4335
1,87,113,0,9.89145e-05,40.4314
1,88,113,0,3.9231e-05,40.4278
1,89,113,0,9.05985e-05,40.43
1,90,113,0,0.000177377,40.4333
1,91,113,0,7.8462e-05,40.4286
1,92,113,0,0.000171472,40.4276
1,93,113,0,2.55656e-05,40.4195
1,94,113,0,5.96835e-05,40.419
1,95,113,0,4.62729e-05,40.4195
1,96,113,0,8.70142e-05,40.4233
1,97,113,0,0.000119367,40.4275
1,98,113,0,0.000178168,40.4297
1,99,113,0,6.39141e-05,40.4251
1,100,113,0,9.38925e-06,40.4224
1,101,113,0,8.0136e-05,40.4263
1,102,113,0,0.000103818,40.4285
1,103,113,0,9.72405e-05,40.4264
1,104,113,0,7.8462e-05,40.4241
1,105,113,0,7.15837e-05,40.4218
1,106,113,0,5.96835e-05,40.4187
1,107,113,0,9.55665e-05,40.4179
1,108,113,0,6.13575e-05,40.4163
1,109,113,0,7.8462e-05,40.4167
1,110,113,0,0.000123598,40.4198
1,111,113,0,0.000106584,40.4202
1,112,113,0,0.000136472,40.4204
1,113,113,0,9.55665e-05,40.4186
1,114,113,0,0.000218281,40.4204
1,115,113,0,2.04525e-05,40.4095
1,116,113,0,6.13575e-05,40.4073
1,117,113,0,0.000112725,40.4079
1,118,113,0,0.000156041,40.409
1,119,113,0,9.89145e-05,40.4047
1,120,113,0,2.04525e-05,40.3996
1,121,113,0,8.0136e-05,40.3977
1,122,113,0,3.7557e-05,40.3931
1,123,113,0,7.8462e-05,40.3918
1,124,113,0,7.8462e-05,40.3904
1,125,113,0,8.0136e-05,40.3889
1,126,113,0,9.58939e-05,40.3868
1,127,113,0,9.38014e-05,40.383
1,0,114,0,6.18169e-05,40.5007
1,1,114,0,0,40.4951
1,2,114,0,0,40.4907
1,3,114,0,0,40.4868
1,4,114,0,1.27828e-05,40.4837
1,5,114,0,0,40.4805
1,6,114,0,1.53394e-05,40.4783
1,7,114,0,0,40.4754
1,8,114,0,0,40.4732
1,9,114,0,0,40.471
1,10,114,0,0,40.4677
1,11,114,0,0,40.4643
1,12,114,0,0,40.4617
1,13,114,0,0,40.4596
1,14,114,0,0,40.4572
1,15,114,0,0,40.4544
1,16,114,0,0,40.4519
1,17,114,0,0,40.449
1,18,114,0,0,40.4468
1,19,114,0,0,40.4444
1,20,114,0,0,40.4442
1,21,114,0,1.64312e-05,40.4456
1,22,114,0,0,40.445
1,23,114,0,1.27828e-05,40.4428
1,24,114,0,0,40.4378
1,25,114,0,0,40.4342
1,26,114,0,0,40.4316
1,27,114,0,0,40.4301
1,28,114,0,0,40.43
1,29,114,0,0,40.4308
1,30,114,0,0,40.4301
1,31,114,0,0,40.4298
1,32,114,0,0,40.4306
1,33,114,0,0,40.4322
1,34,114,0,0,40.4339
1,35,114,0,2.34731e-06,40.4335
1,36,114,0,0,40.4326
1,37,114,0,0,40.4326
1,38,114,0,1.76867e-05,40.4308
1,39,114,0,0,40.4276
1,40,114,0,0,40.4246
1,41,114,0,0,40.4224
1,42,114,0,0,40.4213
1,43,114,0,0,40.4212
1,44,114,0,0,40.4205
1,45,114,0,0,40.4209
1,46,114,0,0,40.4205
1,47,114,0,0,40.4205
1,48,114,0,0,40.4214
1,49,114,0,1.78959e-05,40.4228
1,50,114,0,0,40.4223
1,51,114,0,1.40839e-05,40.4203
1,52,114,0,0,40.418
1,53,114,0,0,40.416
1,54,114,0,0,40.4157
1,55,114,0,0,40.4152
1,56,114,0,0,40.4137
1,57,114,0,0,40.4124
1,58,114,0,0,40.4118
1,59,114,0,0,40.4115
1,60,114,0,0,40.4121
1,61,114,0,0,40.4138
1,62,114,0,0,40.4139
1,63,114,0,0,40.4137
1,64,114,0,0,40.4145
1,65,114,0,0,40.4166
1,66,114,0,0,40.4177
1,67,114,0,0,40.418
1,68,114,0,0,40.419
1,69,114,0,3.28624e-05,40.4206
1,70,114,0,0,40.4194
1,71,114,0,0,40.4197
1,72,114,0,2.55656e-05,40.4219
1,73,114,0,1.45024e-05,40.421
1,74,114,0,0,40.4191
1,75,114,0,0,40.418
1,76,114,0,0,40.4165
1,77,114,0,0,40.4163
1,78,114,0,2.04525e-05,40.4168
1,79,114,0,0,40.415
1,80,114,0,0,40.4148
1,81,114,0,1.64312e-05,40.4159
1,82,114,0,0,40.4155
1,83,114,0,0,40.415
1,84,114,0,0,40.4143
1,85,114,0,0,40.4142
1,86,114,0,0,40.4138
1,87,114,0,0,40.4126
1,88,114,0,0,40.4113
1,89,114,0,0,40.4115
1,90,114,0,0,40.4119
1,91,114,0,0,40.4102
1,92,114,0,2.55656e-06,40.4087
1,93,114,0,1.53394e-05,40.4061
1,94,114,0,0,40.4047
1,95,114,0,1.17366e-05,40.4053
1,96,114,0,1.02263e-05,40.4069
1,97,114,0,0,40.4085
1,98,114,0,2.30091e-05,40.41
1,99,114,0,0,40.408
1,100,114,0,9.38925e-06,40.4073
1,101,114,0,0,40.4082
1,102,114,0,3.43271e-05,40.4098
1,103,114,0,0,40.4075
1,104,114,0,0,40.4056
1,105,114,0,2.55656e-06,40.4038
1,106,114,0,0,40.4019
1,107,114,0,0,40.4007
1,108,114,0,0,40.3998
1,109,114,0,0,40.3998
1,110,114,0,0,40.4006
1,111,114,0,0,40.4007
1,112,114,0,0,40.4004
1,113,114,0,0,40.3993
1,114,114,0,0,40.3981
1,115,114,0,0,40.3939
1,116,114,0,0,40.3915
1,117,114,0,0,40.3905
1,118,114,0,2.55656e-06,40.3895
1,119,114,0,0,40.3868
1,120,114,0,0,40.3837
1,121,114,0,0,40.3812
1,122,114,0,0,40.3784
1,123,114,0,0,40.3765
1,124,114,0,0,40.3749
1,125,114,0,0,40.3732
1,126,114,0,0,40.3713
1,127,114,0,0,40.3688
1,0,115,0,6.18169e-05,40.4896
1,1,115,0,0,40.4831
1,2,115,0,0,40.4776
1,3,115,0,0,40.473
1,4,115,0,0,40.4691
1,5,115,0,0,40.4655
1,6,115,0,0,40.4624
1,7,115,0,0,40.4594
1,8,115,0,0,40.4566
1,9,115,0,0,40.4538
1,10,115,0,0,40.4508
1,11,115,0,0,40.4478
1,12,115,0,0,40.4451
1,13,115,0,0,40.4427
1,14,115,0,0,40.4402
1,15,115,0,0,40.4376
1,16,115,0,0,40.4352
1,17,115,0,0,40.4327
1,18,115,0,0,40.4306
1,19,115,0,0,40.4288
1,20,115,0,0,40.4279
1,21,115,0,0,40.4274
1,22,115,0,0,40.4263
1,23,115,0,0,40.4242
1,24,115,0,0,40.4213
1,25,115,0,0,40.4185
1,26,115,0,0,40.4164
1,27,115,0,0,40.415
1,28,115,0,0,40.4144
1,29,115,0,0,40.4142
1,30,115,0,0,40.4138
1,31,115,0,0,40.4137
1,32,115,0,0,40.414
1,33,115,0,0,40.4146
1,34,115,0,0,40.4152
1,35,115,0,0,40.415
1,36,115,0,0,40.4144
1,37,115,0,0,40.4137
1,38,115,0,0,40.4123
1,39,115,0,0,40.4102
1,40,115,0,0,40.4082
1,41,115,0,0,40.4066
1,42,115,0,0,40.4055
1,43,115,0,0,40.4049
1,44,115,0,0,40.4043
1,45,115,0,0,40.4042
1,46,115,0,0,40.404
1,47,115,0,0,40.4039
1,48,115,0,0,40.4042
1,49,115,0,0,40.4044
1,50,115,0,0,40.4039
1,51,115,0,0,40.4028
1,52,115,0,0,40.4013
1,53,115,0,0,40.4
1,54,115,0,0,40.3993
1,55,115,0,0,40.3985
1,56,115,0,0,40.3976
1,57,115,0,0,40.3968
1,58,115,0,0,40.3963
1,59,115,0,0,40.3961
1,60,115,0,0,40.3964
1,61,115,0,0,40.3971
1,62,115,0,0,40.3974
1,63,115,0,0,40.3977
1,64,115,0,0,40.3984
1,65,115,0,0,40.3995
1,66,115,0,0,40.4003
1,67,115,0,0,40.4009
1,68,115,0,0,40.4015
1,69,115,0,0,40.4022
1,70,115,0,0,40.4022
1,71,115,0,0,40.4024
1,72,115,0,0,40.403
1,73,115,0,0,40.4026
1,74,115,0,0,40.4017
1,75,115,0,0,40.4008
1,76,115,0,0,40.4
1,77,115,0,0,40.3995
1,78,115,0,0,40.3993
1,79,115,0,0,40.3986
1,80,115,0,0,40.3983
1,81,115,0,0,40.3984
1,82,115,0,0,40.3982
1,83,115,0,0,40.3978
1,84,115,0,0,40.3973
1,85,115,0,0,40.397
1,86,115,0,0,40.3964
1,87,115,0,0,40.3957
1,88,115,0,0,40.3949
1,89,115,0,0,40.3946
1,90,115,0,0,40.3942
1,91,115,0,0,40.3932
1,92,115,0,0,40.392
1,93,115,0,0,40.3907
1,94,115,0,0,40.3898
1,95,115,0,0,40.3899
1,96,115,0,0,40.3906
1,97,115,0,0,40.3913
1,98,115,0,0,40.3918
1,99,115,0,0,40.3912
1,100,115,0,0,40.3909
1,101,115,0,0,40.391
1,102,115,0,0,40.391
1,103,115,0,0,40.39
1,104,115,0,0,40.3886
1,105,115,0,0,40.3872
1,106,115,0,0,40.3859
1,107,115,0,0,40.3848
1,108,115,0,0,40.3841
1,109,115,0,0,40.3838
1,110,115,0,0,40.3837
1,111,115,0,0,40.3834
1,112,115,0,0,40.3829
1,113,115,0,0,40.3818
1,114,115,0,0,40.3803
1,115,115,0,0,40.378
1,116,115,0,0,40.376
1,117,115,0,0,40.3745
1,118,115,0,0,40.373
1,119,115,0,0,40.3709
1,120,115,0,0,40.3686
1,121,115,0,0,40.3664
1,122,115,0,0,40.3643
1,123,115,0,0,40.3625
1,124,115,0,0,40.3609
1,125,115,0,0,40.3593
1,126,115,0,0,40.3578
1,127,115,0,0,40.3562
1,0,116,0,6.18169e-05,40.479
1,1,116,0,0,40.4718
1,2,116,0,0,40.4657
1,3,116,0,0,40.4605
1,4,116,0,0,40.4559
1,5,116,0,0,40.4519
1,6,116,0,0,40.4483
1,7,116,0,0,40.4449
1,8,116,0,0,40.4418
1,9,116,0,0,40.4387
1,10,116,0,0,40.4357
1,11,116,0,0,40.4328
1,12,116,0,0,40.43
1,13,116,0,0,40.4274
1,14,116,0,0,40.4249
1,15,116,0,0,40.4224
1,16,116,0,0,40.4201
1,17,116,0,0,40.4178
1,18,116,0,0,40.4158
1,19,116,0,0,40.4141
1,20,116,0,0,40.4127
1,21,116,0,0,40.4115
1,22,116,0,0,40.4101
1,23,116,0,0,40.4082
1,24,116,0,0,40.4061
1,25,116,0,0,40.404
1,26,116,0,0,40.4022
1,27,116,0,0,40.4009
1,28,116,0,0,40.4
1,29,116,0,0,40.3994
1,30,116,0,0,40.399
1,31,116,0,0,40.3987
1,32,116,0,0,40.3987
1,33,116,0,0,40.3988
1,34,116,0,0,40.3988
1,35,116,0,0,40.3985
1,36,116,0,0,40.398
1,37,116,0,0,40.3971
1,38,116,0,0,40.396
1,39,116,0,0,40.3945
1,40,116,0,0,40.393
1,41,116,0,0,40.3917
1,42,116,0,0,40.3907
1,43,116,0,0,40.39
1,44,116,0,0,40.3895
1,45,116,0,0,40.3891
1,46,116,0,0,40.3888
1,47,116,0,0,40.3887
1,48,116,0,0,40.3886
1,49,116,0,0,40.3884
1,50,116,0,0,40.3879
1,51,116,0,0,40.3871
1,52,116,0,0,40.3861
1,53,116,0,0,40.3851
1,54,116,0,0,40.3843
1,55,116,0,0,40.3836
1,56,116,0,0,40.3829
1,57,116,0,0,40.3823
1,58,116,0,0,40.382
1,59,116,0,0,40.3818
1,60,116,0,0,40.3819
1,61,116,0,0,40.3823
1,62,116,0,0,40.3826
1,63,116,0,0,40.3829
1,64,116,0,0,40.3834
1,65,116,0,0,40.3841
1,66,116,0,0,40.3847
1,67,116,0,0,40.3852
1,68,116,0,0,40.3857
1,69,116,0,0,40.3861
1,70,116,0,0,40.3863
1,71,116,0,0,40.3864
1,72,116,0,0,40.3865
1,73,116,0,0,40.3863
1,74,116,0,0,40.3858
1,75,116,0,0,40.3852
1,76,116,0,0,40.3846
1,77,116,0,0,40.3841
1,78,116,0,0,40.3838
1,79,116,0,0,40.3833
1,80,116,0,0,40.383
1,81,116,0,0,40.3828
1,82,116,0,0,40.3826
1,83,116,0,0,40.3822
1,84,116,0,0,40.3818
1,85,116,0,0,40.3814
1,86,116,0,0,40.3809
1,87,116,0,0,40.3803
1,88,116,0,0,40.3798
1,89,116,0,0,40.3792
1,90,116,0,0,40.3787
1,91,116,0,0,40.3779
1,92,116,0,0,40.3771
1,93,116,0,0,40.3762
1,94,116,0,0,40.3757
1,95,116,0,0,40.3755
1,96,116,0,0,40.3757
1,97,116,0,0,40.3759
1,98,116,0,0,40.376
1,99,116,0,0,40.3758
1,100,116,0,0,40.3755
1,101,116,0,0,40.3753
1,102,116,0,0,40.375
1,103,116,0,0,40.3742
1,104,116,0,0,40.3732
1,105,116,0,0,40.3721
1,106,116,0,0,40.3711
1,107,116,0,0,40.3702
1,108,116,0,0,40.3695
1,109,116,0,0,40.3689
1,110,116,0,0,40.3685
1,111,116,0,0,40.368
1,112,116,0,0,40.3673
1,113,116,0,0,40.3663
1,114,116,0,0,40.3649
1,115,116,0,0,40.3632
1,116,116,0,0,40.3616
1,117,116,0,0,40.3601
1,118,116,0,0,40.3585
1,119,116,0,0,40.3567
1,120,116,0,0,40.3549
1,121,116,0,0,40.353
1,122,116,0,0,40.3512
1,123,116,0,0,40.3496
1,124,116,0,0,40.3482
1,125,116,0,0,40.3469
1,126,116,0,0,40.3456
1,127,116,0,0,40.3446
1,0,117,0,6.18169e-05,40.4688
1,1,117,0,0,40.4613
1,2,117,0,0,40.4547
1,3,117,0,0,40.449
1,4,117,0,0,40.4441
1,5,117,0,0,40.4396
1,6,117,0,0,40.4356
1,7,117,0,0,40.4319
1,8,117,0,0,40.4285
1,9,117,0,0,40.4253
1,10,117,0,0,40.4222
1,11,117,0,0,40.4192
1,12,117,0,0,40.4164
1,13,117,0,0,40.4138
1,14,117,0,0,40.4112
1,15,117,0,0,40.4088
1,16,117,0,0,40.4064
1,17,117,0,0,40.4043
1,18,117,0,0,40.4023
1,19,117,0,0,40.4005
1,20,117,0,0,40.3989
1,21,117,0,0,40.3974
1,22,117,0,0,40.3959
1,23,117,0,0,40.3941
1,24,117,0,0,40.3923
1,25,117,0,0,40.3906
1,26,117,0,0,40.389
1,27,117,0,0,40.3877
1,28,117,0,0,40.3868
1,29,117,0,0,40.386
1,30,117,0,0,40.3855
1,31,117,0,0,40.3851
1,32,117,0,0,40.3848
1,33,117,0,0,40.3846
1,34,117,0,0,40.3843
1,35,117,0,0,40.3839
1,36,117,0,0,40.3833
1,37,117,0,0,40.3825
1,38,117,0,0,40.3815
1,39,117,0,0,40.3804
1,40,117,0,0,40.3792
1,41,117,0,0,40.3781
1,42,117,0,0,40.3772
1,43,117,0,0,40.3765
1,44,117,0,0,40.3759
1,45,117,0,0,40.3755
1,46,117,0,0,40.3751
1,47,117,0,0,40.3748
1,48,117,0,0,40.3745
1,49,117,0,0,40.3742
1,50,117,0,0,40.3737
1,51,117,0,0,40.373
1,52,117,0,0,40.3723
1,53,117,0,0,40.3715
1,54,117,0,0,40.3708
1,55,117,0,0,40.3702
1,56,117,0,0,40.3697
1,57,117,0,0,40.3692
1,58,117,0,0,40.3689
1,59,117,0,0,40.3687
1,60,117,0,0,40.3688
1,61,117,0,0,40.3689
1,62,117,0,0,40.3691
1,63,117,0,0,40.3694
1,64,117,0,0,40.3698
1,65,117,0,0,40.3703
1,66,117,0,0,40.3707
1,67,117,0,0,40.3711
1,68,117,0,0,40.3715
1,69,117,0,0,40.3717
1,70,117,0,0,40.3719
1,71,117,0,0,40.372
1,72,117,0,0,40.372
1,73,117,0,0,40.3718
1,74,117,0,0,40.3714
1,75,117,0,0,40.371
1,76,117,0,0,40.3706
1,77,117,0,0,40.3702
1,78,117,0,0,40.3698
1,79,117,0,0,40.3694
1,80,117,0,0,40.3691
1,81,117,0,0,40.3689
1,82,117,0,0,40.3686
1,83,117,0,0,40.3682
1,84,117,0,0,40.3678
1,85,117,0,0,40.3674
1,86,117,0,0,40.367
1,87,117,0,0,40.3665
1,88,117,0,0,40.3659
1,89,117,0,0,40.3654
1,90,117,0,0,40.3649
1,91,117,0,0,40.3642
1,92,117,0,0,40.3636
1,93,117,0,0,40.363
1,94,117,0,0,40.3625
1,95,117,0,0,40.3623
1,96,117,0,0,40.3622
1,97,117,0,0,40.3622
1,98,117,0,0,40.3621
1,99,117,0,0,40.3619
1,100,117,0,0,40.3616
1,101,117,0,0,40.3613
1,102,117,0,0,40.3608
1,103,117,0,0,40.3602
1,104,117,0,0,40.3594
1,105,117,0,0,40.3585
1,106,117,0,0,40.3576
1,107,117,0,0,40.3568
1,108,117,0,0,40.3561
1,109,117,0,0,40.3555
1,110,117,0,0,40.3549
1,111,117,0,0,40.3542
1,112,117,0,0,40.3534
1,113,117,0,0,40.3524
1,114,117,0,0,40.3512
1,115,117,0,0,40.3499
1,116,117,0,0,40.3485
1,117,117,0,0,40.347
1,118,117,0,0,40.3456
1,119,117,0,0,40.344
1,120,117,0,0,40.3424
1,121,117,0,0,40.3409
1,122,117,0,0,40.3394
1,123,117,0,0,40.338
1,124,117,0,0,40.3367
1,125,117,0,0,40.3356
1,126,117,0,0,40.3346
1,127,117,0,0,40.3339
1,0,118,0,6.18169e-05,40.4594
1,1,118,0,0,40.4515
1,2,118,0,0,40.4447
1,3,118,0,0,40.4387
1,4,118,0,0,40.4333
1,5,118,0,0,40.4286
1,6,118,0,0,40.4243
1,7,118,0,0,40.4203
1,8,118,0,0,40.4167
1,9,118,0,0,40.4133
1,10,118,0,0,40.4101
1,11,118,0,0,40.4071
1,12,118,0,0,40.4042
1,13,118,0,0,40.4015
1,14,118,0,0,40.3989
1,15,118,0,0,40.3965
1,16,118,0,0,40.3942
1,17,118,0,0,40.392
1,18,118,0,0,40.39
1,19,118,0,0,40.3882
1,20,118,0,0,40.3865
1,21,118,0,0,40.3849
1,22,118,0,0,40.3833
1,23,118,0,0,40.3816
1,24,118,0,0,40.38
1,25,118,0,0,40.3784
1,26,118,0,0,40.377
1,27,118,0,0,40.3758
1,28,118,0,0,40.3748
1,29,118,0,0,40.3739
1,30,118,0,0,40.3733
1,31,118,0,0,40.3727
1,32,118,0,0,40.3723
1,33,118,0,0,40.3719
1,34,118,0,0,40.3714
1,35,118,0,0,40.3709
1,36,118,0,0,40.3703
1,37,118,0,0,40.3695
1,38,118,0,0,40.3686
1,39,118,0,0,40.3677
1,40,118,0,0,40.3667
1,41,118,0,0,40.3658
1,42,118,0,0,40.365
1,43,118,0,0,40.3643
1,44,118,0,0,40.3637
1,45,118,0,0,40.3632
1,46,118,0,0,40.3627
1,47,118,0,0,40.3624
1,48,118,0,0,40.362
1,49,118,0,0,40.3616
1,50,118,0,0,40.3611
1,51,118,0,0,40.3605
1,52,118,0,0,40.3599
1,53,118,0,0,40.3593
1,54,118,0,0,40.3587
1,55,118,0,0,40.3581
1,56,118,0,0,40.3577
1,57,118,0,0,40.3573
1,58,118,0,0,40.357
1,59,118,0,0,40.3568
1,60,118,0,0,40.3568
1,61,118,0,0,40.3569
1,62,118,0,0,40.357
1,63,118,0,0,40.3573
1,64,118,0,0,40.3575
1,65,118,0,0,40.3578
1,66,118,0,0,40.3582
1,67,118,0,0,40.3585
1,68,118,0,0,40.3587
1,69,118,0,0,40.3589
1,70,118,0,0,40.359
1,71,118,0,0,40.3591
1,72,118,0,0,40.359
1,73,118,0,0,40.3588
1,74,118,0,0,40.3586
1,75,118,0,0,40.3583
1,76,118,0,0,40.3579
1,77,118,0,0,40.3576
1,78,118,0,0,40.3572
1,79,118,0,0,40.3569
1,80,118,0,0,40.3566
1,81,118,0,0,40.3563
1,82,118,0,0,40.356
1,83,118,0,0,40.3557
1,84,118,0,0,40.3553
1,85,118,0,0,40.3549
1,86,118,0,0,40.3545
1,87,118,0,0,40.354
1,88,118,0,0,40.3535
1,89,118,0,0,40.353
1,90,118,0,0,40.3525
1,91,118,0,0,40.352
1,92,118,0,0,40.3514
1,93,118,0,0,40.3509
1,94,118,0,0,40.3505
1,95,118,0,0,40.3502
1,96,118,0,0,40.35
1,97,118,0,0,40.3499
1,98,118,0,0,40.3497
1,99,118,0,0,40.3494
1,100,118,0,0,40.3491
1,101,118,0,0,40.3487
1,102,118,0,0,40.3482
1,103,118,0,0,40.3476
1,104,118,0,0,40.3469
1,105,118,0,0,40.3462
1,106,118,0,0,40.3454
1,107,118,0,0,40.3447
1,108,118,0,0,40.344
1,109,118,0,0,40.3433
1,110,118,0,0,40.3426
1,111,118,0,0,40.3419
1,112,118,0,0,40.3411
1,113,118,0,0,40.3401
1,114,118,0,0,40.3391
1,115,118,0,0,40.3379
1,116,118,0,0,40.3366
1,117,118,0,0,40.3353
1,118,118,0,0,40.334
1,119,118,0,0,40.3327
1,120,118,0,0,40.3313
1,121,118,0,0,40.3299
1,122,118,0,0,40.3287
1,123,118,0,0,40.3275
1,124,118,0,0,40.3264
1,125,118,0,0,40.3254
1,126,118,0,0,40.3247
1,127,118,0,0,40.3241
1,0,119,0,6.18169e-05,40.4506
1,1,119,0,0,40.4426
1,2,119,0,0,40.4355
1,3,119,0,0,40.4293
1,4,119,0,0,40.4237
1,5,119,0,0,40.4187
1,6,119,0,0,40.4141
1,7,119,0,0,40.41
1,8,119,0,0,40.4062
1,9,119,0,0,40.4027
1,10,119,0,0,40.3994
1,11,119,0,0,40.3963
1,12,119,0,0,40.3934
1,13,119,0,0,40.3906
1,14,119,0,0,40.388
1,15,119,0,0,40.3856
1,16,119,0,0,40.3833
1,17,119,0,0,40.3811
1,18,119,0,0,40.3791
1,19,119,0,0,40.3772
1,20,119,0,0,40.3755
1,21,119,0,0,40.3738
1,22,119,0,0,40.3722
1,23,119,0,0,40.3706
1,24,119,0,0,40.369
1,25,119,0,0,40.3675
1,26,119,0,0,40.3662
1,27,119,0,0,40.365
1,28,119,0,0,40.364
1,29,119,0,0,40.3631
1,30,119,0,0,40.3623
1,31,119,0,0,40.3617
1,32,119,0,0,40.3611
1,33,119,0,0,40.3605
1,34,119,0,0,40.36
1,35,119,0,0,40.3594
1,36,119,0,0,40.3587
1,37,119,0,0,40.358
1,38,119,0,0,40.3572
1,39,119,0,0,40.3564
1,40,119,0,0,40.3555
1,41,119,0,0,40.3547
1,42,119,0,0,40.3539
1,43,119,0,0,40.3533
1,44,119,0,0,40.3527
1,45,119,0,0,40.3522
1,46,119,0,0,40.3517
1,47,119,0,0,40.3512
1,48,119,0,0,40.3508
1,49,119,0,0,40.3504
1,50,119,0,0,40.3499
1,51,119,0,0,40.3494
1,52,119,0,0,40.3489
1,53,119,0,0,40.3483
1,54,119,0,0,40.3478
1,55,119,0,0,40.3473
1,56,119,0,0,40.3469
1,57,119,0,0,40.3466
1,58,119,0,0,40.3463
1,59,119,0,0,40.3462
1,60,119,0,0,40.3461
1,61,119,0,0,40.3461
1,62,119,0,0,40.3462
1,63,119,0,0,40.3464
1,64,119,0,0,40.3465
1,65,119,0,0,40.3468
1,66,119,0,0,40.347
1,67,119,0,0,40.3472
1,68,119,0,0,40.3474
1,69,119,0,0,40.3475
1,70,119,0,0,40.3476
1,71,119,0,0,40.3476
1,72,119,0,0,40.3475
1,73,119,0,0,40.3474
1,74,119,0,0,40.3471
1,75,119,0,0,40.3469
1,76,119,0,0,40.3466
1,77,119,0,0,40.3463
1,78,119,0,0,40.346
1,79,119,0,0,40.3457
1,80,119,0,0,40.3454
1,81,119,0,0,40.3451
1,82,119,0,0,40.3448
1,83,119,0,0,40.3444
1,84,119,0,0,40.3441
1,85,119,0,0,40.3437
1,86,119,0,0,40.3433
1,87,119,0,0,40.3429
1,88,119,0,0,40.3424
1,89,119,0,0,40.342
1,90,119,0,0,40.3415
1,91,119,0,0,40.341
1,92,119,0,0,40.3405
1,93,119,0,0,40.3401
1,94,119,0,0,40.3397
1,95,119,0,0,40.3394
1,96,119,0,0,40.3391
1,97,119,0,0,40.3389
1,98,119,0,0,40.3386
1,99,119,0,0,40.3383
1,100,119,0,0,40.3379
1,101,119,0,0,40.3375
1,102,119,0,0,40.3371
1,103,119,0,0,40.3365
1,104,119,0,0,40.3359
1,105,119,0,0,40.3352
1,106,119,0,0,40.3345
1,107,119,0,0,40.3338
1,108,119,0,0,40.3331
1,109,119,0,0,40.3324
1,110,119,0,0,40.3317
1,111,119,0,0,40.331
1,112,119,0,0,40.3302
1,113,119,0,0,40.3293
1,114,119,0,0,40.3283
1,115,119,0,0,40.3272
1,116,119,0,0,40.3261
1,117,119,0,0,40.3249
1,118,119,0,0,40.3237
1,119,119,0,0,40.3225
1,120,119,0,0,40.3213
1,121,119,0,0,40.3202
1,122,119,0,0,40.3191
1,123,119,0,0,40.318
1,124,119,0,0,40.3171
1,125,119,0,0,40.3163
1,126,119,0,0,40.3157
1,127,119,0,0,40.3152
1,0,120,0,6.18169e-05,40.4426
1,1,120,0,0,40.4344
1,2,120,0,0,40.4272
1,3,120,0,0,40.4208
1,4,120,0,0,40.415
1,5,120,0,0,40.4098
1,6,120,0,0,40.4051
1,7,120,0,0,40.4009
1,8,120,0,0,40.3969
1,9,120,0,0,40.3933
1,10,120,0,0,40.3899
1,11,120,0,0,40.3867
1,12,120,0,0,40.3838
1,13,120,0,0,40.381
1,14,120,0,0,40.3784
1,15,120,0,0,40.3759
1,16,120,0,0,40.3736
1,17,120,0,0,40.3714
1,18,120,0,0,40.3694
1,19,120,0,0,40.3675
1,20,120,0,0,40.3657
1,21,120,0,0,40.364
1,22,120,0,0,40.3623
1,23,120,0,0,40.3608
1,24,120,0,0,40.3593
1,25,120,0,0,40.3579
1,26,120,0,0,40.3566
1,27,120,0,0,40.3554
1,28,120,0,0,40.3543
1,29,120,0,0,40.3534
1,30,120,0,0,40.3526
1,31,120,0,0,40.3518
1,32,120,0,0,40.3512
1,33,120,0,0,40.3505
1,34,120,0,0,40.3499
1,35,120,0,0,40.3493
1,36,120,0,0,40.3486
1,37,120,0,0,40.3479
1,38,120,0,0,40.3471
1,39,120,0,0,40.3463
1,40,120,0,0,40.3456
1,41,120,0,0,40.3448
1,42,120,0,0,40.3441
1,43,120,0,0,40.3435
1,44,120,0,0,40.3429
1,45,120,0,0,40.3424
1,46,120,0,0,40.3419
1,47,120,0,0,40.3414
1,48,120,0,0,40.341
1,49,120,0,0,40.3405
1,50,120,0,0,40.34
1,51,120,0,0,40.3396
1,52,120,0,0,40.3391
1,53,120,0,0,40.3386
1,54,120,0,0,40.3382
1,55,120,0,0,40.3377
1,56,120,0,0,40.3374
1,57,120,0,0,40.3371
1,58,120,0,0,40.3368
1,59,120,0,0,40.3367
1,60,120,0,0,40.3366
1,61,120,0,0,40.3366
1,62,120,0,0,40.3366
1,63,120,0,0,40.3367
1,64,120,0,0,40.3368
1,65,120,0,0,40.3369
1,66,120,0,0,40.3371
1,67,120,0,0,40.3372
1,68,120,0,0,40.3373
1,69,120,0,0,40.3374
1,70,120,0,0,40.3374
1,71,120,0,0,40.3374
1,72,120,0,0,40.3374
1,73,120,0,0,40.3372
1,74,120,0,0,40.337
1,75,120,0,0,40.3368
1,76,120,0,0,40.3366
1,77,120,0,0,40.3363
1,78,120,0,0,40.336
1,79,120,0,0,40.3357
1,80,120,0,0,40.3354
1,81,120,0,0,40.3351
1,82,120,0,0,40.3348
1,83,120,0,0,40.3345
1,84,120,0,0,40.3342
1,85,120,0,0,40.3338
1,86,120,0,0,40.3334
1,87,120,0,0,40.333
1,88,120,0,0,40.3326
1,89,120,0,0,40.3322
1,90,120,0,0,40.3317
1,91,120,0,0,40.3313
1,92,120,0,0,40.3309
1,93,120,0,0,40.3305
1,94,120,0,0,40.3301
1,95,120,0,0,40.3297
1,96,120,0,0,40.3294
1,97,120,0,0,40.3291
1,98,120,0,0,40.3288
1,99,120,0,0,40.3285
1,100,120,0,0,40.3281
1,101,120,0,0,40.3277
1,102,120,0,0,40.3272
1,103,120,0,0,40.3267
1,104,120,0,0,40.3261
1,105,120,0,0,40.3255
1,106,120,0,0,40.3248
1,107,120,0,0,40.3241
1,108,120,0,0,40.3235
1,109,120,0,0,40.3228
1,110,120,0,0,40.3221
1,111,120,0,0,40.3213
1,112,120,0,0,40.3206
1,113,120,0,0,40.3197
1,114,120,0,0,40.3188
1,115,120,0,0,40.3178
1,116,120,0,0,40.3168
1,117,120,0,0,40.3157
1,118,120,0,0,40.3147
1,119,120,0,0,40.3136
1,120,120,0,0,40.3125
1,121,120,0,0,40.3115
1,122,120,0,0,40.3106
1,123,120,0,0,40.3097
1,124,120,0,0,40.3089
1,125,120,0,0,40.3082
1,126,120,0,0,40.3077
1,127,120,0,0,40.3073
1,0,121,0,6.18169e-05,40.4353
1,1,121,0,0,40.4271
1,2,121,0,0,40.4198
1,3,121,0,0,40.4132
1,4,121,0,0,40.4074
1,5,121,0,0,40.4021
1,6,121,0,0,40.3972
1,7,121,0,0,40.3928
1,8,121,0,0,40.3888
1,9,121,0,0,40.3851
1,10,121,0,0,40.3816
1,11,121,0,0,40.3784
1,12,121,0,0,40.3754
1,13,121,0,0,40.3726
1,14,121,0,0,40.3699
1,15,121,0,0,40.3674
1,16,121,0,0,40.3651
1,17,121,0,0,40.3629
1,18,121,0,0,40.3609
1,19,121,0,0,40.3589
1,20,121,0,0,40.3571
1,21,121,0,0,40.3554
1,22,121,0,0,40.3538
1,23,121,0,0,40.3522
1,24,121,0,0,40.3508
1,25,121,0,0,40.3494
1,26,121,0,0,40.3481
1,27,121,0,0,40.3469
1,28,121,0,0,40.3459
1,29,121,0,0,40.3449
1,30,121,0,0,40.344
1,31,121,0,0,40.3432
1,32,121,0,0,40.3425
1,33,121,0,0,40.3418
1,34,121,0,0,40.3411
1,35,121,0,0,40.3404
1,36,121,0,0,40.3398
1,37,121,0,0,40.339
1,38,121,0,0,40.3383
1,39,121,0,0,40.3376
1,40,121,0,0,40.3369
1,41,121,0,0,40.3362
1,42,121,0,0,40.3355
1,43,121,0,0,40.3349
1,44,121,0,0,40.3343
1,45,121,0,0,40.3338
1,46,121,0,0,40.3333
1,47,121,0,0,40.3328
1,48,121,0,0,40.3323
1,49,121,0,0,40.3319
1,50,121,0,0,40.3314
1,51,121,0,0,40.331
1,52,121,0,0,40.3305
1,53,121,0,0,40.3301
1,54,121,0,0,40.3297
1,55,121,0,0,40.3293
1,56,121,0,0,40.329
1,57,121,0,0,40.3287
1,58,121,0,0,40.3285
1,59,121,0,0,40.3283
1,60,121,0,0,40.3282
1,61,121,0,0,40.3281
1,62,121,0,0,40.3281
1,63,121,0,0,40.3282
1,64,121,0,0,40.3282
1,65,121,0,0,40.3283
1,66,121,0,0,40.3284
1,67,121,0,0,40.3285
1,68,121,0,0,40.3286
1,69,121,0,0,40.3286
1,70,121,0,0,40.3286
1,71,121,0,0,40.3286
1,72,121,0,0,40.3285
1,73,121,0,0,40.3284
1,74,121,0,0,40.3282
1,75,121,0,0,40.328
1,76,121,0,0,40.3278
1,77,121,0,0,40.3275
1,78,121,0,0,40.3273
1,79,121,0,0,40.327
1,80,121,0,0,40.3267
1,81,121,0,0,40.3264
1,82,121,0,0,40.3261
1,83,121,0,0,40.3258
1,84,121,0,0,40.3255
1,85,121,0,0,40.3251
1,86,121,0,0,40.3248
1,87,121,0,0,40.3244
1,88,121,0,0,40.324
1,89,121,0,0,40.3236
1,90,121,0,0,40.3232
1,91,121,0,0,40.3228
1,92,121,0,0,40.3224
1,93,121,0,0,40.322
1,94,121,0,0,40.3216
1,95,121,0,0,40.3213
1,96,121,0,0,40.3209
1,97,121,0,0,40.3206
1,98,121,0,0,40.3203
1,99,121,0,0,40.3199
1,100,121,0,0,40.3195
1,101,121,0,0,40.3191
1,102,121,0,0,40.3186
1,103,121,0,0,40.3181
1,104,121,0,0,40.3175
1,105,121,0,0,40.3169
1,106,121,0,0,40.3163
1,107,121,0,0,40.3157
1,108,121,0,0,40.315
1,109,121,0,0,40.3143
1,110,121,0,0,40.3137
1,111,121,0,0,40.3129
1,112,121,0,0,40.3122
1,113,121,0,0,40.3113
1,114,121,0,0,40.3105
1,115,121,0,0,40.3096
1,116,121,0,0,40.3086
1,117,121,0,0,40.3077
1,118,121,0,0,40.3067
1,119,121,0,0,40.3058
1,120,121,0,0,40.3048
1,121,121,0,0,40.3039
1,122,121,0,0,40.3031
1,123,121,0,0,40.3023
1,124,121,0,0,40.3016
1,125,121,0,0,40.301
1,126,121,0,0,40.3006
1,127,121,0,0,40.3003
1,0,122,0,6.18169e-05,40.4287
1,1,122,0,0,40.4205
1,2,122,0,0,40.4132
1,3,122,0,0,40.4066
1,4,122,0,0,40.4006
1,5,122,0,0,40.3953
1,6,122,0,0,40.3904
1,7,122,0,0,40.3859
1,8,122,0,0,40.3818
1,9,122,0,0,40.378
1,10,122,0,0,40.3745
1,11,122,0,0,40.3712
1,12,122,0,0,40.3681
1,13,122,0,0,40.3653
1,14,122,0,0,40.3626
1,15,122,0,0,40.3601
1,16,122,0,0,40.3578
1,17,122,0,0,40.3556
1,18,122,0,0,40.3535
1,19,122,0,0,40.3516
1,20,122,0,0,40.3497
1,21,122,0,0,40.348
1,22,122,0,0,40.3464
1,23,122,0,0,40.3449
1,24,122,0,0,40.3434
1,25,122,0,0,40.342
1,26,122,0,0,40.3408
1,27,122,0,0,40.3396
1,28,122,0,0,40.3385
1,29,122,0,0,40.3375
1,30,122,0,0,40.3366
1,31,122,0,0,40.3358
1,32,122,0,0,40.335
1,33,122,0,0,40.3343
1,34,122,0,0,40.3335
1,35,122,0,0,40.3328
1,36,122,0,0,40.3321
1,37,122,0,0,40.3314
1,38,122,0,0,40.3307
1,39,122,0,0,40.33
1,40,122,0,0,40.3294
1,41,122,0,0,40.3287
1,42,122,0,0,40.3281
1,43,122,0,0,40.3274
1,44,122,0,0,40.3269
1,45,122,0,0,40.3263
1,46,122,0,0,40.3258
1,47,122,0,0,40.3254
1,48,122,0,0,40.3249
1,49,122,0,0,40.3244
1,50,122,0,0,40.324
1,51,122,0,0,40.3236
1,52,122,0,0,40.3232
1,53,122,0,0,40.3227
1,54,122,0,0,40.3224
1,55,122,0,0,40.322
1,56,122,0,0,40.3217
1,57,122,0,0,40.3214
1,58,122,0,0,40.3212
1,59,122,0,0,40.3211
1,60,122,0,0,40.3209
1,61,122,0,0,40.3209
1,62,122,0,0,40.3208
1,63,122,0,0,40.3208
1,64,122,0,0,40.3208
1,65,122,0,0,40.3209
1,66,122,0,0,40.3209
1,67,122,0,0,40.321
1,68,122,0,0,40.321
1,69,122,0,0,40.321
1,70,122,0,0,40.321
1,71,122,0,0,40.3209
1,72,122,0,0,40.3209
1,73,122,0,0,40.3207
1,74,122,0,0,40.3206
1,75,122,0,0,40.3204
1,76,122,0,0,40.3202
1,77,122,0,0,40.32
1,78,122,0,0,40.3197
1,79,122,0,0,40.3195
1,80,122,0,0,40.3192
1,81,122,0,0,40.3189
1,82,122,0,0,40.3186
1,83,122,0,0,40.3183
1,84,122,0,0,40.318
1,85,122,0,0,40.3177
1,86,122,0,0,40.3173
1,87,122,0,0,40.3169
1,88,122,0,0,40.3166
1,89,122,0,0,40.3162
1,90,122,0,0,40.3158
1,91,122,0,0,40.3154
1,92,122,0,0,40.315
1,93,122,0,0,40.3147
1,94,122,0,0,40.3143
1,95,122,0,0,40.3139
1,96,122,0,0,40.3136
1,97,122,0,0,40.3132
1,98,122,0,0,40.3129
1,99,122,0,0,40.3125
1,100,122,0,0,40.3121
1,101,122,0,0,40.3116
1,102,122,0,0,40.3112
1,103,122,0,0,40.3107
1,104,122,0,0,40.3101
1,105,122,0,0,40.3096
1,106,122,0,0,40.309
1,107,122,0,0,40.3083
1,108,122,0,0,40.3077
1,109,122,0,0,40.3071
1,110,122,0,0,40.3064
1,111,122,0,0,40.3057
1,112,122,0,0,40.3049
1,113,122,0,0,40.3041
1,114,122,0,0,40.3033
1,115,122,0,0,40.3025
1,116,122,0,0,40.3016
1,117,122,0,0,40.3008
1,118,122,0,0,40.2999
1,119,122,0,0,40.299
1,120,122,0,0,40.2982
1,121,122,0,0,40.2974
1,122,122,0,0,40.2966
1,123,122,0,0,40.2959
1,124,122,0,0,40.2953
1,125,122,0,0,40.2948
1,126,122,0,0,40.2944
1,127,122,0,0,40.2941
1,0,123,0,6.18169e-05,40.4229
1,1,123,0,0,40.4147
1,2,123,0,0,40.4074
1,3,123,0,0,40.4008
1,4,123,0,0,40.3948
1,5,123,0,0,40.3894
1,6,123,0,0,40.3845
1,7,123,0,0,40.38
1,8,123,0,0,40.3758
1,9,123,0,0,40.372
1,10,123,0,0,40.3684
1,11,123,0,0,40.3651
1,12,123,0,0,40.362
1,13,123,0,0,40.3591
1,14,123,0,0,40.3565
1,15,123,0,0,40.3539
1,16,123,0,0,40.3516
1,17,123,0,0,40.3494
1,18,123,0,0,40.3473
1,19,123,0,0,40.3453
1,20,123,0,0,40.3435
1,21,123,0,0,40.3418
1,22,123,0,0,40.3401
1,23,123,0,0,40.3386
1,24,123,0,0,40.3372
1,25,123,0,0,40.3358
1,26,123,0,0,40.3345
1,27,123,0,0,40.3334
1,28,123,0,0,40.3323
1,29,123,0,0,40.3313
1,30,123,0,0,40.3303
1,31,123,0,0,40.3295
1,32,123,0,0,40.3287
1,33,123,0,0,40.3279
1,34,123,0,0,40.3271
1,35,123,0,0,40.3264
1,36,123,0,0,40.3257
1,37,123,0,0,40.325
1,38,123,0,0,40.3243
1,39,123,0,0,40.3236
1,40,123,0,0,40.323
1,41,123,0,0,40.3223
1,42,123,0,0,40.3217
1,43,123,0,0,40.3211
1,44,123,0,0,40.3206
1,45,123,0,0,40.32
1,46,123,0,0,40.3195
1,47,123,0,0,40.3191
1,48,123,0,0,40.3186
1,49,123,0,0,40.3181
1,50,123,0,0,40.3177
1,51,123,0,0,40.3173
1,52,123,0,0,40.3169
1,53,123,0,0,40.3165
1,54,123,0,0,40.3162
1,55,123,0,0,40.3158
1,56,123,0,0,40.3155
1,57,123,0,0,40.3153
1,58,123,0,0,40.3151
1,59,123,0,0,40.3149
1,60,123,0,0,40.3148
1,61,123,0,0,40.3147
1,62,123,0,0,40.3146
1,63,123,0,0,40.3146
1,64,123,0,0,40.3146
1,65,123,0,0,40.3146
1,66,123,0,0,40.3146
1,67,123,0,0,40.3146
1,68,123,0,0,40.3146
1,69,123,0,0,40.3146
1,70,123,0,0,40.3145
1,71,123,0,0,40.3145
1,72,123,0,0,40.3144
1,73,123,0,0,40.3143
1,74,123,0,0,40.3141
1,75,123,0,0,40.3139
1,76,123,0,0,40.3138
1,77,123,0,0,40.3135
1,78,123,0,0,40.3133
1,79,123,0,0,40.3131
1,80,123,0,0,40.3128
1,81,123,0,0,40.3125
1,82,123,0,0,40.3122
1,83,123,0,0,40.3119
1,84,123,0,0,40.3116
1,85,123,0,0,40.3113
1,86,123,0,0,40.311
1,87,123,0,0,40.3106
1,88,123,0,0,40.3103
1,89,123,0,0,40.3099
1,90,123,0,0,40.3095
1,91,123,0,0,40.3092
1,92,123,0,0,40.3088
1,93,123,0,0,40.3084
1,94,123,0,0,40.3081
1,95,123,0,0,40.3077
1,96,123,0,0,40.3073
1,97,123,0,0,40.307
1,98,123,0,0,40.3066
1,99,123,0,0,40.3062
1,100,123,0,0,40.3058
1,101,123,0,0,40.3053
1,102,123,0,0,40.3049
1,103,123,0,0,40.3044
1,104,123,0,0,40.3039
1,105,123,0,0,40.3033
1,106,123,0,0,40.3027
1,107,123,0,0,40.3021
1,108,123,0,0,40.3015
1,109,123,0,0,40.3009
1,110,123,0,0,40.3002
1,111,123,0,0,40.2995
1,112,123,0,0,40.2988
1,113,123,0,0,40.2981
1,114,123,0,0,40.2973
1,115,123,0,0,40.2965
1,116,123,0,0,40.2957
1,117,123,0,0,40.2949
1,118,123,0,0,40.2941
1,119,123,0,0,40.2933
1,120,123,0,0,40.2925
1,121,123,0,0,40.2918
1,122,123,0,0,40.2911
1,123,123,0,0,40.2905
1,124,123,0,0,40.2899
1,125,123,0,0,40.2895
1,126,123,0,0,40.2891
1,127,123,0,0,40.2889
1,0,124,0,6.18169e-05,40.4177
1,1,124,0,0,40.4096
1,2,124,0,0,40.4023
1,3,124,0,0,40.3958
1,4,124,0,0,40.3899
1,5,124,0,0,40.3845
1,6,124,0,0,40.3796
1,7,124,0,0,40.375
1,8,124,0,0,40.3709
1,9,124,0,0,40.367
1,10,124,0,0,40.3634
1,11,124,0,0,40.3601
1,12,124,0,0,40.357
1,13,124,0,0,40.3541
1,14,124,0,0,40.3514
1,15,124,0,0,40.3488
1,16,124,0,0,40.3464
1,17,124,0,0,40.3442
1,18,124,0,0,40.3421
1,19,124,0,0,40.3402
1,20,124,0,0,40.3383
1,21,124,0,0,40.3366
1,22,124,0,0,40.335
1,23,124,0,0,40.3334
1,24,124,0,0,40.332
1,25,124,0,0,40.3306
1,26,124,0,0,40.3294
1,27,124,0,0,40.3282
1,28,124,0,0,40.3271
1,29,124,0,0,40.3261
1,30,124,0,0,40.3251
1,31,124,0,0,40.3242
1,32,124,0,0,40.3234
1,33,124,0,0,40.3226
1,34,124,0,0,40.3219
1,35,124,0,0,40.3211
1,36,124,0,0,40.3204
1,37,124,0,0,40.3197
1,38,124,0,0,40.319
1,39,124,0,0,40.3184
1,40,124,0,0,40.3177
1,41,124,0,0,40.3171
1,42,124,0,0,40.3165
1,43,124,0,0,40.3159
1,44,124,0,0,40.3154
1,45,124,0,0,40.3148
1,46,124,0,0,40.3143
1,47,124,0,0,40.3138
1,48,124,0,0,40.3134
1,49,124,0,0,40.3129
1,50,124,0,0,40.3125
1,51,124,0,0,40.3121
1,52,124,0,0,40.3117
1,53,124,0,0,40.3114
1,54,124,0,0,40.311
1,55,124,0,0,40.3107
1,56,124,0,0,40.3104
1,57,124,0,0,40.3102
1,58,124,0,0,40.31
1,59,124,0,0,40.3098
1,60,124,0,0,40.3097
1,61,124,0,0,40.3096
1,62,124,0,0,40.3095
1,63,124,0,0,40.3094
1,64,124,0,0,40.3094
1,65,124,0,0,40.3094
1,66,124,0,0,40.3093
1,67,124,0,0,40.3093
1,68,124,0,0,40.3093
1,69,124,0,0,40.3093
1,70,124,0,0,40.3092
1,71,124,0,0,40.3091
1,72,124,0,0,40.3091
1,73,124,0,0,40.3089
1,74,124,0,0,40.3088
1,75,124,0,0,40.3086
1,76,124,0,0,40.3084
1,77,124,0,0,40.3082
1,78,124,0,0,40.308
1,79,124,0,0,40.3078
1,80,124,0,0,40.3075
1,81,124,0,0,40.3073
1,82,124,0,0,40.307
1,83,124,0,0,40.3067
1,84,124,0,0,40.3064
1,85,124,0,0,40.3061
1,86,124,0,0,40.3058
1,87,124,0,0,40.3054
1,88,124,0,0,40.3051
1,89,124,0,0,40.3047
1,90,124,0,0,40.3044
1,91,124,0,0,40.304
1,92,124,0,0,40.3036
1,93,124,0,0,40.3033
1,94,124,0,0,40.3029
1,95,124,0,0,40.3025
1,96,124,0,0,40.3022
1,97,124,0,0,40.3018
1,98,124,0,0,40.3014
1,99,124,0,0,40.301
1,100,124,0,0,40.3006
1,101,124,0,0,40.3002
1,102,124,0,0,40.2997
1,103,124,0,0,40.2992
1,104,124,0,0,40.2987
1,105,124,0,0,40.2982
1,106,124,0,0,40.2976
1,107,124,0,0,40.297
1,108,124,0,0,40.2964
1,109,124,0,0,40.2958
1,110,124,0,0,40.2951
1,111,124,0,0,40.2944
1,112,124,0,0,40.2937
1,113,124,0,0,40.293
1,114,124,0,0,40.2923
1,115,124,0,0,40.2916
1,116,124,0,0,40.2908
1,117,124,0,0,40.29
1,118,124,0,0,40.2893
1,119,124,0,0,40.2885
1,120,124,0,0,40.2878
1,121,124,0,0,40.2872
1,122,124,0,0,40.2866
1,123,124,0,0,40.286
1,124,124,0,0,40.2855
1,125,124,0,0,40.2851
1,126,124,0,0,40.2848
1,127,124,0,0,40.2846
1,0,125,0,6.18169e-05,40.4131
1,1,125,0,0,40.4052
1,2,125,0,0,40.3981
1,3,125,0,0,40.3917
1,4,125,0,0,40.3859
1,5,125,0,0,40.3806
1,6,125,0,0,40.3756
1,7,125,0,0,40.3711
1,8,125,0,0,40.3669
1,9,125,0,0,40.363
1,10,125,0,0,40.3594
1,11,125,0,0,40.3561
1,12,125,0,0,40.353
1,13,125,0,0,40.35
1,14,125,0,0,40.3473
1,15,125,0,0,40.3448
1,16,125,0,0,40.3424
1,17,125,0,0,40.3401
1,18,125,0,0,40.338
1,19,125,0,0,40.3361
1,20,125,0,0,40.3342
1,21,125,0,0,40.3325
1,22,125,0,0,40.3309
1,23,125,0,0,40.3293
1,24,125,0,0,40.3279
1,25,125,0,0,40.3265
1,26,125,0,0,40.3253
1,27,125,0,0,40.3241
1,28,125,0,0,40.323
1,29,125,0,0,40.322
1,30,125,0,0,40.321
1,31,125,0,0,40.3201
1,32,125,0,0,40.3192
1,33,125,0,0,40.3184
1,34,125,0,0,40.3177
1,35,125,0,0,40.3169
1,36,125,0,0,40.3162
1,37,125,0,0,40.3155
1,38,125,0,0,40.3148
1,39,125,0,0,40.3142
1,40,125,0,0,40.3135
1,41,125,0,0,40.3129
1,42,125,0,0,40.3123
1,43,125,0,0,40.3118
1,44,125,0,0,40.3112
1,45,125,0,0,40.3107
1,46,125,0,0,40.3102
1,47,125,0,0,40.3097
1,48,125,0,0,40.3093
1,49,125,0,0,40.3088
1,50,125,0,0,40.3084
1,51,125,0,0,40.308
1,52,125,0,0,40.3076
1,53,125,0,0,40.3073
1,54,125,0,0,40.307
1,55,125,0,0,40.3066
1,56,125,0,0,40.3064
1,57,125,0,0,40.3061
1,58,125,0,0,40.3059
1,59,125,0,0,40.3057
1,60,125,0,0,40.3056
1,61,125,0,0,40.3055
1,62,125,0,0,40.3054
1,63,125,0,0,40.3053
1,64,125,0,0,40.3053
1,65,125,0,0,40.3052
1,66,125,0,0,40.3052
1,67,125,0,0,40.3052
1,68,125,0,0,40.3051
1,69,125,0,0,40.3051
1,70,125,0,0,40.305
1,71,125,0,0,40.3049
1,72,125,0,0,40.3048
1,73,125,0,0,40.3047
1,74,125,0,0,40.3046
1,75,125,0,0,40.3044
1,76,125,0,0,40.3042
1,77,125,0,0,40.304
1,78,125,0,0,40.3038
1,79,125,0,0,40.3036
1,80,125,0,0,40.3033
1,81,125,0,0,40.3031
1,82,125,0,0,40.3028
1,83,125,0,0,40.3025
1,84,125,0,0,40.3022
1,85,125,0,0,40.3019
1,86,125,0,0,40.3016
1,87,125,0,0,40.3013
1,88,125,0,0,40.3009
1,89,125,0,0,40.3006
1,90,125,0,0,40.3002
1,91,125,0,0,40.2999
1,92,125,0,0,40.2995
1,93,125,0,0,40.2992
1,94,125,0,0,40.2988
1,95,125,0,0,40.2984
1,96,125,0,0,40.2981
1,97,125,0,0,40.2977
1,98,125,0,0,40.2973
1,99,125,0,0,40.2969
1,100,125,0,0,40.2965
1,101,125,0,0,40.296
1,102,125,0,0,40.2956
1,103,125,0,0,40.2951
1,104,125,0,0,40.2946
1,105,125,0,0,40.2941
1,106,125,0,0,40.2935
1,107,125,0,0,40.2929
1,108,125,0,0,40.2923
1,109,125,0,0,40.2917
1,110,125,0,0,40.2911
1,111,125,0,0,40.2904
1,112,125,0,0,40.2897
1,113,125,0,0,40.2891
1,114,125,0,0,40.2883
1,115,125,0,0,40.2876
1,116,125,0,0,40.2869
1,117,125,0,0,40.2862
1,118,125,0,0,40.2855
1,119,125,0,0,40.2848
1,120,125,0,0,40.2841
1,121,125,0,0,40.2835
1,122,125,0,0,40.2829
1,123,125,0,0,40.2824
1,124,125,0,0,40.282
1,125,125,0,0,40.2816
1,126,125,0,0,40.2813
1,127,125,0,0,40.2811
1,0,126,0,6.18169e-05,40.4091
1,1,126,0,0,40.4014
1,2,126,0,0,40.3946
1,3,126,0,0,40.3885
1,4,126,0,0,40.3828
1,5,126,0,0,40.3775
1,6,126,0,0,40.3727
1,7,126,0,0,40.3682
1,8,126,0,0,40.364
1,9,126,0,0,40.3601
1,10,126,0,0,40.3565
1,11,126,0,0,40.3531
1,12,126,0,0,40.35
1,13,126,0,0,40.347
1,14,126,0,0,40.3443
1,15,126,0,0,40.3417
1,16,126,0,0,40.3393
1,17,126,0,0,40.3371
1,18,126,0,0,40.335
1,19,126,0,0,40.333
1,20,126,0,0,40.3312
1,21,126,0,0,40.3294
1,22,126,0,0,40.3278
1,23,126,0,0,40.3263
1,24,126,0,0,40.3248
1,25,126,0,0,40.3235
1,26,126,0,0,40.3222
1,27,126,0,0,40.321
1,28,126,0,0,40.3199
1,29,126,0,0,40.3189
1,30,126,0,0,40.3179
1,31,126,0,0,40.317
1,32,126,0,0,40.3161
1,33,126,0,0,40.3153
1,34,126,0,0,40.3145
1,35,126,0,0,40.3138
1,36,126,0,0,40.3131
1,37,126,0,0,40.3124
1,38,126,0,0,40.3117
1,39,126,0,0,40.311
1,40,126,0,0,40.3104
1,41,126,0,0,40.3098
1,42,126,0,0,40.3092
1,43,126,0,0,40.3087
1,44,126,0,0,40.3081
1,45,126,0,0,40.3076
1,46,126,0,0,40.3071
1,47,126,0,0,40.3066
1,48,126,0,0,40.3062
1,49,126,0,0,40.3057
1,50,126,0,0,40.3053
1,51,126,0,0,40.3049
1,52,126,0,0,40.3046
1,53,126,0,0,40.3042
1,54,126,0,0,40.3039
1,55,126,0,0,40.3036
1,56,126,0,0,40.3033
1,57,126,0,0,40.3031
1,58,126,0,0,40.3029
1,59,126,0,0,40.3027
1,60,126,0,0,40.3026
1,61,126,0,0,40.3024
1,62,126,0,0,40.3023
1,63,126,0,0,40.3023
1,64,126,0,0,40.3022
1,65,126,0,0,40.3021
1,66,126,0,0,40.3021
1,67,126,0,0,40.302
1,68,126,0,0,40.302
1,69,126,0,0,40.3019
1,70,126,0,0,40.3019
1,71,126,0,0,40.3018
1,72,126,0,0,40.3017
1,73,126,0,0,40.3015
1,74,126,0,0,40.3014
1,75,126,0,0,40.3013
1,76,126,0,0,40.3011
1,77,126,0,0,40.3009
1,78,126,0,0,40.3007
1,79,126,0,0,40.3004
1,80,126,0,0,40.3002
1,81,126,0,0,40.3
1,82,126,0,0,40.2997
1,83,126,0,0,40.2994
1,84,126,0,0,40.2991
1,85,126,0,0,40.2988
1,86,126,0,0,40.2985
1,87,126,0,0,40.2982
1,88,126,0,0,40.2979
1,89,126,0,0,40.2975
1,90,126,0,0,40.2972
1,91,126,0,0,40.2968
1,92,126,0,0,40.2965
1,93,126,0,0,40.2961
1,94,126,0,0,40.2958
1,95,126,0,0,40.2954
1,96,126,0,0,40.295
1,97,126,0,0,40.2946
1,98,126,0,0,40.2942
1,99,126,0,0,40.2938
1,100,126,0,0,40.2934
1,101,126,0,0,40.293
1,102,126,0,0,40.2925
1,103,126,0,0,40.292
1,104,126,0,0,40.2915
1,105,126,0,0,40.291
1,106,126,0,0,40.2905
1,107,126,0,0,40.2899
1,108,126,0,0,40.2893
1,109,126,0,0,40.2887
1,110,126,0,0,40.2881
1,111,126,0,0,40.2874
1,112,126,0,0,40.2868
1,113,126,0,0,40.2861
1,114,126,0,0,40.2854
1,115,126,0,0,40.2847
1,116,126,0,0,40.284
1,117,126,0,0,40.2833
1,118,126,0,0,40.2827
1,119,126,0,0,40.282
1,120,126,0,0,40.2814
1,121,126,0,0,40.2808
1,122,126,0,0,40.2802
1,123,126,0,0,40.2798
1,124,126,0,0,40.2793
1,125,126,0,0,40.279
1,126,126,0,0,40.2787
1,127,126,0,0,40.2785
1,0,127,0,6.18169e-05,40.4052
1,1,127,0,0,40.3982
1,2,127,0,0,40.392
1,3,127,0,0,40.3862
1,4,127,0,0,40.3807
1,5,127,0,0,40.3755
1,6,127,0,0,40.3707
1,7,127,0,0,40.3662
1,8,127,0,0,40.362
1,9,127,0,0,40.3581
1,10,127,0,0,40.3545
1,11,127,0,0,40.3511
1,12,127,0,0,40.348
1,13,127,0,0,40.345
1,14,127,0,0,40.3423
1,15,127,0,0,40.3397
1,16,127,0,0,40.3373
1,17,127,0,0,40.3351
1,18,127,0,0,40.333
1,19,127,0,0,40.331
1,20,127,0,0,40.3291
1,21,127,0,0,40.3274
1,22,127,0,0,40.3258
1,23,127,0,0,40.3242
1,24,127,0,0,40.3228
1,25,127,0,0,40.3215
1,26,127,0,0,40.3202
1,27,127,0,0,40.319
1,28,127,0,0,40.3179
1,29,127,0,0,40.3168
1,30,127,0,0,40.3159
1,31,127,0,0,40.3149
1,32,127,0,0,40.3141
1,33,127,0,0,40.3133
1,34,127,0,0,40.3125
1,35,127,0,0,40.3117
1,36,127,0,0,40.311
1,37,127,0,0,40.3103
1,38,127,0,0,40.3096
1,39,127,0,0,40.309
1,40,127,0,0,40.3083
1,41,127,0,0,40.3077
1,42,127,0,0,40.3072
1,43,127,0,0,40.3066
1,44,127,0,0,40.3061
1,45,127,0,0,40.3055
1,46,127,0,0,40.3051
1,47,127,0,0,40.3046
1,48,127,0,0,40.3041
1,49,127,0,0,40.3037
1,50,127,0,0,40.3033
1,51,127,0,0,40.3029
1,52,127,0,0,40.3025
1,53,127,0,0,40.3022
1,54,127,0,0,40.3019
1,55,127,0,0,40.3016
1,56,127,0,0,40.3013
1,57,127,0,0,40.3011
1,58,127,0,0,40.3009
1,59,127,0,0,40.3007
1,60,127,0,0,40.3006
1,61,127,0,0,40.3004
1,62,127,0,0,40.3003
1,63,127,0,0,40.3002
1,64,127,0,0,40.3002
1,65,127,0,0,40.3001
1,66,127,0,0,40.3
1,67,127,0,0,40.3
1,68,127,0,0,40.2999
1,69,127,0,0,40.2999
1,70,127,0,0,40.2998
1,71,127,0,0,40.2997
1,72,127,0,0,40.2996
1,73,127,0,0,40.2995
1,74,127,0,0,40.2993
1,75,127,0,0,40.2992
1,76,127,0,0,40.299
1,77,127,0,0,40.2988
1,78,127,0,0,40.2986
1,79,127,0,0,40.2984
1,80,127,0,0,40.2981
1,81,127,0,0,40.2979
1,82,127,0,0,40.2976
1,83,127,0,0,40.2973
1,84,127,0,0,40.2971
1,85,127,0,0,40.2968
1,86,127,0,0,40.2965
1,87,127,0,0,40.2961
1,88,127,0,0,40.2958
1,89,127,0,0,40.2955
1,90,127,0,0,40.2951
1,91,127,0,0,40.2948
1,92,127,0,0,40.2944
1,93,127,0,0,40.2941
1,94,127,0,0,40.2937
1,95,127,0,0,40.2934
1,96,127,0,0,40.293
1,97,127,0,0,40.2926
1,98,127,0,0,40.2922
1,99,127,0,0,40.2918
1,100,127,0,0,40.2914
1,101,127,0,0,40.2909
1,102,127,0,0,40.2905
1,103,127,0,0,40.29
1,104,127,0,0,40.2895
1,105,127,0,0,40.289
1,106,127,0,0,40.2884
1,107,127,0,0,40.2879
1,108,127,0,0,40.2873
1,109,127,0,0,40.2867
1,110,127,0,0,40.2861
1,111,127,0,0,40.2854
1,112,127,0,0,40.2848
1,113,127,0,0,40.2841
1,114,127,0,0,40.2835
1,115,127,0,0,40.2828
1,116,127,0,0,40.2821
1,117,127,0,0,40.2814
1,118,127,0,0,40.2808
1,119,127,0,0,40.2801
1,120,127,0,0,40.2795
1,121,127,0,0,40.279
1,122,127,0,0,40.2784
1,123,127,0,0,40.278
1,124,127,0,0,40.2776
1,125,127,0,0,40.2772
1,126,127,0,0,40.277
1,127,127,0,0,40.2768
