rank_channel_index,x,y,z,power,temperature
0,0,0,0,0.0774033,59.3065
0,1,0,0,2.778e-05,55.186
0,2,0,0,2.1435e-05,52.851
0,3,0,0,5.316e-05,51.1898
0,4,0,0,5.316e-05,49.8849
0,5,0,0,2.538e-05,48.8141
0,6,0,0,4.35e-05,47.9178
0,7,0,0,4.47e-05,47.1554
0,8,0,0,2.778e-05,46.4992
0,9,0,0,8.94e-05,45.9316
0,10,0,0,5.316e-05,45.4308
0,11,0,0,2.538e-05,44.9892
0,12,0,0,4.23e-05,44.5996
0,13,0,0,1.692e-05,44.2517
0,14,0,0,5.316e-05,43.9421
0,15,0,0,3.624e-05,43.6629
0,16,0,0,7.368e-05,43.4117
0,17,0,0,4.23e-05,43.1821
0,18,0,0,6.624e-05,42.9752
0,19,0,0,7.47e-05,42.7852
0,20,0,0,8.46e-06,42.6092
0,21,0,0,2.538e-05,42.4521
0,22,0,0,6.282e-05,42.31
0,23,0,0,5.556e-05,42.1784
0,24,0,0,1.692e-05,42.0562
0,25,0,0,2.658e-05,41.9452
0,26,0,0,4.36425e-05,41.8441
0,27,0,0,4.47e-05,41.7497
0,28,0,0,3.7155e-05,41.662
0,29,0,0,4.47e-05,41.5817
0,30,0,0,9.66e-06,41.507
0,31,0,0,7.128e-05,41.4416
0,32,0,0,5.196e-05,41.3786
0,33,0,0,2.538e-05,41.3198
0,34,0,0,4.5915e-05,41.2664
0,35,0,0,3.081e-05,41.2158
0,36,0,0,3.504e-05,41.1697
0,37,0,0,1.6005e-05,41.1271
0,38,0,0,4.47e-05,41.0895
0,39,0,0,5.6565e-05,41.0538
0,40,0,0,5.42175e-05,41.0189
0,41,0,0,3.624e-05,40.9859
0,42,0,0,5.196e-05,40.9568
0,43,0,0,2.658e-05,40.9282
0,44,0,0,4.47e-05,40.9037
0,45,0,0,3.504e-05,40.88
0,46,0,0,2.658e-05,40.8578
0,47,0,0,6.465e-05,40.8384
0,48,0,0,3.846e-05,40.8167
0,49,0,0,8.46e-06,40.7962
0,50,0,0,2.5365e-05,40.7803
0,51,0,0,5.556e-05,40.7669
0,52,0,0,1.812e-05,40.753
0,53,0,0,4.47e-05,40.7422
0,54,0,0,4.893e-05,40.7322
0,55,0,0,4.107e-05,40.7229
0,56,0,0,0.000117195,40.7161
0,57,0,0,4.47e-05,40.7032
0,58,0,0,4.9845e-05,40.693
0,59,0,0,2.8695e-05,40.6837
0,60,0,0,5.196e-05,40.6768
0,61,0,0,5.196e-05,40.6703
0,62,0,0,6.08475e-05,40.6631
0,63,0,0,4.0185e-05,40.6557
0,64,0,0,1.812e-05,40.6494
0,65,0,0,5.436e-05,40.645
0,66,0,0,3.504e-05,40.6397
0,67,0,0,6.40125e-05,40.6355
0,68,0,0,5.436e-05,40.6313
0,69,0,0,7.008e-05,40.6282
0,70,0,0,7.854e-05,40.6246
0,71,0,0,4.59e-05,40.6197
0,72,0,0,4.653e-05,40.6167
0,73,0,0,6.162e-05,40.6137
0,74,0,0,1.812e-05,40.609
0,75,0,0,4.18125e-05,40.607
0,76,0,0,7.00725e-05,40.6052
0,77,0,0,5.196e-05,40.6011
0,78,0,0,3.95175e-05,40.5972
0,79,0,0,3.624e-05,40.5938
0,80,0,0,5.07375e-05,40.5911
0,81,0,0,6.9165e-05,40.588
0,82,0,0,2.5365e-05,40.5826
0,83,0,0,5.196e-05,40.5801
0,84,0,0,4.35e-05,40.5766
0,85,0,0,9.282e-05,40.5749
0,86,0,0,3.504e-05,40.57
0,87,0,0,3.2625e-05,40.5675
0,88,0,0,3.504e-05,40.5651
0,89,0,0,3.624e-05,40.5621
0,90,0,0,5.7675e-05,40.5598
0,91,0,0,5.076e-05,40.5557
0,92,0,0,2.05425e-05,40.5502
0,93,0,0,3.384e-05,40.5455
0,94,0,0,3.624e-05,40.5414
0,95,0,0,1.692e-05,40.5372
0,96,0,0,1.932e-05,40.5347
0,97,0,0,1.692e-05,40.5337
0,98,0,0,1.812e-05,40.5343
0,99,0,0,8.7e-05,40.5371
0,100,0,0,4.34925e-05,40.5359
0,101,0,0,5.316e-05,40.5356
0,102,0,0,3.8355e-05,40.535
0,103,0,0,5.556e-05,40.5356
0,104,0,0,4.75875e-05,40.5354
0,105,0,0,1.812e-05,40.5353
0,106,0,0,7.371e-05,40.5386
0,107,0,0,1.812e-05,40.5386
0,108,0,0,6.282e-05,40.5406
0,109,0,0,6.28275e-05,40.5408
0,110,0,0,3.624e-05,40.5402
0,111,0,0,5.556e-05,40.54
0,112,0,0,4.35e-05,40.5388
0,113,0,0,4.047e-05,40.5379
0,114,0,0,7.734e-05,40.5388
0,115,0,0,6.402e-05,40.5369
0,116,0,0,6.26775e-05,40.5344
0,117,0,0,7.128e-05,40.5311
0,118,0,0,5.0745e-05,40.527
0,119,0,0,3.7155e-05,40.5238
0,120,0,0,3.744e-05,40.5221
0,121,0,0,7.734e-05,40.5211
0,122,0,0,2.7495e-05,40.5163
0,123,0,0,2.658e-05,40.5139
0,124,0,0,5.739e-05,40.5139
0,125,0,0,5.436e-05,40.5123
0,126,0,0,4.8315e-05,40.5098
0,127,0,0,6.52425e-05,40.5069
0,0,1,0,0.000123529,55.1935
0,1,1,0,3.504e-05,53.5691
0,2,1,0,5.7105e-05,51.983
0,3,1,0,2.538e-05,50.6327
0,4,1,0,6.888e-05,49.4983
0,5,1,0,6.162e-05,48.5336
0,6,1,0,2.538e-05,47.706
0,7,1,0,3.864e-05,46.9926
0,8,1,0,3.504e-05,46.3714
0,9,1,0,3.384e-05,45.8274
0,10,1,0,2.538e-05,45.3468
0,11,1,0,2.538e-05,44.9212
0,12,1,0,4.5915e-05,44.5438
0,13,1,0,6.4935e-05,44.2061
0,14,1,0,2.538e-05,43.9013
0,15,1,0,7.128e-05,43.629
0,16,1,0,3.504e-05,43.3802
0,17,1,0,2.778e-05,43.1548
0,18,1,0,6.042e-05,42.9513
0,19,1,0,2.658e-05,42.7631
0,20,1,0,2.538e-05,42.5915
0,21,1,0,3.504e-05,42.4362
0,22,1,0,1.692e-05,42.294
0,23,1,0,3.744e-05,42.165
0,24,1,0,6.888e-05,42.0465
0,25,1,0,3.384e-05,41.9357
0,26,1,0,7.11375e-05,41.8357
0,27,1,0,4.6515e-05,41.7411
0,28,1,0,1.96275e-05,41.6531
0,29,1,0,3.624e-05,41.5737
0,30,1,0,3.504e-05,41.5002
0,31,1,0,2.658e-05,41.433
0,32,1,0,3.624e-05,41.3715
0,33,1,0,6.402e-05,41.315
0,34,1,0,6.0405e-05,41.2615
0,35,1,0,4.047e-05,41.2109
0,36,1,0,3.624e-05,41.165
0,37,1,0,5.60325e-05,41.1239
0,38,1,0,6.042e-05,41.0856
0,39,1,0,7.6095e-05,41.0497
0,40,1,0,3.39825e-05,41.0134
0,41,1,0,1.812e-05,40.9806
0,42,1,0,7.368e-05,40.953
0,43,1,0,1.692e-05,40.9239
0,44,1,0,6.162e-05,40.9006
0,45,1,0,7.008e-05,40.8778
0,46,1,0,4.5615e-05,40.8554
0,47,1,0,9.243e-05,40.8361
0,48,1,0,4.59e-05,40.8139
0,49,1,0,1.692e-05,40.7934
0,50,1,0,4.15425e-05,40.7776
0,51,1,0,2.538e-05,40.7629
0,52,1,0,5.72475e-05,40.7507
0,53,1,0,3.624e-05,40.7385
0,54,1,0,4.87875e-05,40.7284
0,55,1,0,4.833e-05,40.7186
0,56,1,0,7.0065e-05,40.7099
0,57,1,0,3.12e-05,40.698
0,58,1,0,3.7155e-05,40.6884
0,59,1,0,5.4645e-05,40.6804
0,60,1,0,3.2925e-05,40.6727
0,61,1,0,9.888e-05,40.6678
0,62,1,0,2.00925e-05,40.6582
0,63,1,0,3.8355e-05,40.6523
0,64,1,0,0.000100995,40.6488
0,65,1,0,4.23e-05,40.6418
0,66,1,0,9.06e-05,40.6374
0,67,1,0,9.6675e-06,40.6296
0,68,1,0,4.23e-05,40.6259
0,69,1,0,4.812e-05,40.6224
0,70,1,0,3.504e-05,40.6182
0,71,1,0,2.538e-05,40.6145
0,72,1,0,8.637e-05,40.6139
0,73,1,0,6.402e-05,40.6105
0,74,1,0,6.465e-05,40.6072
0,75,1,0,7.53675e-05,40.6048
0,76,1,0,6.6915e-05,40.6017
0,77,1,0,4.773e-05,40.5974
0,78,1,0,6.59925e-05,40.5947
0,79,1,0,8.094e-05,40.5919
0,80,1,0,6.52425e-05,40.588
0,81,1,0,6.2535e-05,40.5841
0,82,1,0,4.5915e-05,40.5796
0,83,1,0,7.2195e-05,40.5769
0,84,1,0,3.744e-05,40.5721
0,85,1,0,1.692e-05,40.5682
0,86,1,0,2.538e-05,40.5659
0,87,1,0,7.98975e-05,40.5662
0,88,1,0,0.000100508,40.5648
0,89,1,0,4.47e-05,40.5599
0,90,1,0,6.7965e-05,40.5575
0,91,1,0,6.69075e-05,40.5541
0,92,1,0,8.54925e-05,40.55
0,93,1,0,2.76375e-05,40.5434
0,94,1,0,3.3825e-05,40.5391
0,95,1,0,4.4715e-05,40.536
0,96,1,0,1.812e-05,40.5327
0,97,1,0,4.71e-05,40.5325
0,98,1,0,5.316e-05,40.5325
0,99,1,0,2.658e-05,40.5321
0,100,1,0,4.93275e-05,40.5323
0,101,1,0,3.624e-05,40.5316
0,102,1,0,3.4125e-05,40.5312
0,103,1,0,4.692e-05,40.5317
0,104,1,0,2.97525e-05,40.5313
0,105,1,0,2.65875e-05,40.532
0,106,1,0,4.84725e-05,40.5349
0,107,1,0,9.786e-05,40.5378
0,108,1,0,5.556e-05,40.5371
0,109,1,0,2.295e-05,40.5363
0,110,1,0,9.666e-05,40.5385
0,111,1,0,4.893e-05,40.5367
0,112,1,0,6.162e-05,40.5356
0,113,1,0,2.355e-05,40.5335
0,114,1,0,7.431e-05,40.5345
0,115,1,0,4.2285e-05,40.532
0,116,1,0,6.78225e-05,40.5299
0,117,1,0,1.692e-05,40.5249
0,118,1,0,2.0535e-05,40.5216
0,119,1,0,2.3265e-05,40.5196
0,120,1,0,6.525e-05,40.5195
0,121,1,0,6.042e-05,40.5173
0,122,1,0,2.3265e-05,40.5127
0,123,1,0,1.812e-05,40.5103
0,124,1,0,5.859e-05,40.5107
0,125,1,0,4.56075e-05,40.5089
0,126,1,0,5.9205e-05,40.5066
0,127,1,0,1.44975e-05,40.502
0,0,2,0,7.15688e-05,52.8594
0,1,2,0,0,51.9835
0,2,2,0,0,50.9328
0,3,2,0,0,49.9093
0,4,2,0,0,48.977
0,5,2,0,0,48.1462
0,6,2,0,0,47.4112
0,7,2,0,0,46.7623
0,8,2,0,0,46.1882
0,9,2,0,0,45.679
0,10,2,0,0,45.2255
0,11,2,0,0,44.8208
0,12,2,0,7.245e-06,44.4589
0,13,2,0,6.345e-06,44.1333
0,14,2,0,0,43.839
0,15,2,0,0,43.5735
0,16,2,0,0,43.3322
0,17,2,0,0,43.1128
0,18,2,0,0,42.9131
0,19,2,0,0,42.7301
0,20,2,0,0,42.5628
0,21,2,0,0,42.4101
0,22,2,0,0,42.2704
0,23,2,0,0,42.1426
0,24,2,0,0,42.0251
0,25,2,0,0,41.9165
0,26,2,0,0,41.8168
0,27,2,0,6.645e-06,41.7244
0,28,2,0,6.0375e-06,41.6385
0,29,2,0,0,41.5593
0,30,2,0,0,41.4866
0,31,2,0,0,41.4197
0,32,2,0,0,41.3582
0,33,2,0,0,41.3014
0,34,2,0,0,41.2484
0,35,2,0,0,41.1991
0,36,2,0,0,41.1538
0,37,2,0,1.61625e-05,41.1128
0,38,2,0,0,41.0735
0,39,2,0,0,41.0371
0,40,2,0,0,41.0026
0,41,2,0,0,40.9708
0,42,2,0,0,40.9419
0,43,2,0,0,40.9146
0,44,2,0,0,40.8901
0,45,2,0,0,40.8671
0,46,2,0,6.345e-06,40.8455
0,47,2,0,0,40.8249
0,48,2,0,0,40.8047
0,49,2,0,0,40.7861
0,50,2,0,3.1725e-06,40.7698
0,51,2,0,0,40.755
0,52,2,0,3.1725e-06,40.7419
0,53,2,0,0,40.7297
0,54,2,0,7.4025e-06,40.7188
0,55,2,0,0,40.7082
0,56,2,0,0,40.6983
0,57,2,0,0,40.688
0,58,2,0,0,40.6787
0,59,2,0,0,40.6705
0,60,2,0,2.115e-06,40.663
0,61,2,0,0,40.6562
0,62,2,0,0,40.6489
0,63,2,0,0,40.6428
0,64,2,0,6.345e-06,40.6377
0,65,2,0,0,40.6316
0,66,2,0,0,40.6261
0,67,2,0,0,40.6204
0,68,2,0,0,40.6159
0,69,2,0,0,40.6118
0,70,2,0,0,40.608
0,71,2,0,0,40.6046
0,72,2,0,0,40.6021
0,73,2,0,0,40.5992
0,74,2,0,4.23e-06,40.5963
0,75,2,0,0,40.5933
0,76,2,0,1.16325e-05,40.5906
0,77,2,0,4.23e-06,40.5869
0,78,2,0,4.23e-06,40.5836
0,79,2,0,0,40.5802
0,80,2,0,0,40.5767
0,81,2,0,0,40.5731
0,82,2,0,0,40.5695
0,83,2,0,6.345e-06,40.5665
0,84,2,0,0,40.5627
0,85,2,0,0,40.5595
0,86,2,0,0,40.5572
0,87,2,0,9.5175e-06,40.556
0,88,2,0,3.1725e-06,40.5536
0,89,2,0,0,40.5502
0,90,2,0,0,40.5473
0,91,2,0,3.1725e-06,40.5442
0,92,2,0,6.345e-06,40.5407
0,93,2,0,7.4025e-06,40.5364
0,94,2,0,2.415e-06,40.5325
0,95,2,0,7.245e-06,40.5295
0,96,2,0,0,40.5268
0,97,2,0,0,40.5254
0,98,2,0,0,40.5247
0,99,2,0,0,40.524
0,100,2,0,0,40.5237
0,101,2,0,0,40.5233
0,102,2,0,0,40.523
0,103,2,0,0,40.5231
0,104,2,0,0,40.5234
0,105,2,0,8.4525e-06,40.5244
0,106,2,0,1.0575e-06,40.5255
0,107,2,0,0,40.5267
0,108,2,0,0,40.5269
0,109,2,0,3.6225e-06,40.527
0,110,2,0,0,40.5273
0,111,2,0,4.23e-06,40.5266
0,112,2,0,0,40.5256
0,113,2,0,0,40.5244
0,114,2,0,4.23e-06,40.5237
0,115,2,0,2.415e-06,40.5218
0,116,2,0,0,40.5195
0,117,2,0,0,40.5164
0,118,2,0,0,40.5137
0,119,2,0,0,40.5116
0,120,2,0,4.83e-06,40.5103
0,121,2,0,0,40.508
0,122,2,0,0,40.5052
0,123,2,0,0,40.5031
0,124,2,0,0,40.5019
0,125,2,0,7.5525e-06,40.5005
0,126,2,0,0,40.4981
0,127,2,0,0,40.4955
0,0,3,0,7.15688e-05,51.1992
0,1,3,0,0,50.6359
0,2,3,0,0,49.9114
0,3,3,0,0,49.1437
0,4,3,0,0,48.3974
0,5,3,0,0,47.7009
0,6,3,0,0,47.0638
0,7,3,0,0,46.4869
0,8,3,0,0,45.9668
0,9,3,0,0,45.4985
0,10,3,0,0,45.0769
0,11,3,0,0,44.697
0,12,3,0,0,44.3542
0,13,3,0,0,44.044
0,14,3,0,0,43.7628
0,15,3,0,0,43.5074
0,16,3,0,0,43.2748
0,17,3,0,0,43.0626
0,18,3,0,0,42.8688
0,19,3,0,0,42.6913
0,20,3,0,0,42.5287
0,21,3,0,0,42.3797
0,22,3,0,0,42.2431
0,23,3,0,0,42.1176
0,24,3,0,0,42.002
0,25,3,0,0,41.8954
0,26,3,0,0,41.797
0,27,3,0,0,41.7061
0,28,3,0,0,41.6218
0,29,3,0,0,41.544
0,30,3,0,0,41.4722
0,31,3,0,0,41.4061
0,32,3,0,0,41.345
0,33,3,0,0,41.2885
0,34,3,0,0,41.236
0,35,3,0,0,41.1874
0,36,3,0,0,41.1425
0,37,3,0,0,41.1011
0,38,3,0,0,41.0624
0,39,3,0,0,41.0264
0,40,3,0,0,40.9927
0,41,3,0,0,40.9615
0,42,3,0,0,40.9327
0,43,3,0,0,40.9059
0,44,3,0,0,40.8812
0,45,3,0,0,40.8582
0,46,3,0,0,40.8367
0,47,3,0,0,40.8163
0,48,3,0,0,40.7971
0,49,3,0,0,40.7792
0,50,3,0,0,40.7629
0,51,3,0,0,40.7481
0,52,3,0,0,40.7346
0,53,3,0,0,40.7221
0,54,3,0,0,40.7106
0,55,3,0,0,40.6998
0,56,3,0,0,40.6895
0,57,3,0,0,40.6797
0,58,3,0,0,40.6706
0,59,3,0,0,40.6623
0,60,3,0,0,40.6547
0,61,3,0,0,40.6477
0,62,3,0,0,40.6409
0,63,3,0,0,40.6347
0,64,3,0,0,40.6289
0,65,3,0,0,40.6231
0,66,3,0,0,40.6177
0,67,3,0,0,40.6124
0,68,3,0,0,40.6077
0,69,3,0,0,40.6035
0,70,3,0,0,40.5997
0,71,3,0,0,40.5962
0,72,3,0,0,40.5932
0,73,3,0,0,40.5901
0,74,3,0,0,40.5871
0,75,3,0,0,40.584
0,76,3,0,0,40.5809
0,77,3,0,0,40.5776
0,78,3,0,0,40.5743
0,79,3,0,0,40.571
0,80,3,0,0,40.5676
0,81,3,0,0,40.5643
0,82,3,0,0,40.561
0,83,3,0,0,40.558
0,84,3,0,0,40.5548
0,85,3,0,0,40.552
0,86,3,0,0,40.5496
0,87,3,0,0,40.5475
0,88,3,0,0,40.5451
0,89,3,0,0,40.5423
0,90,3,0,0,40.5395
0,91,3,0,0,40.5365
0,92,3,0,0,40.5333
0,93,3,0,0,40.5298
0,94,3,0,0,40.5266
0,95,3,0,0,40.5238
0,96,3,0,0,40.5215
0,97,3,0,0,40.5198
0,98,3,0,0,40.5187
0,99,3,0,0,40.5178
0,100,3,0,0,40.5172
0,101,3,0,0,40.5168
0,102,3,0,0,40.5165
0,103,3,0,0,40.5165
0,104,3,0,0,40.5167
0,105,3,0,0,40.5173
0,106,3,0,0,40.5179
0,107,3,0,0,40.5185
0,108,3,0,0,40.5189
0,109,3,0,0,40.519
0,110,3,0,0,40.519
0,111,3,0,0,40.5185
0,112,3,0,0,40.5177
0,113,3,0,0,40.5167
0,114,3,0,0,40.5155
0,115,3,0,0,40.5139
0,116,3,0,0,40.5118
0,117,3,0,0,40.5094
0,118,3,0,0,40.5071
0,119,3,0,0,40.505
0,120,3,0,0,40.5032
0,121,3,0,0,40.5011
0,122,3,0,0,40.4989
0,123,3,0,0,40.497
0,124,3,0,0,40.4953
0,125,3,0,0,40.4936
0,126,3,0,0,40.4918
0,127,3,0,0,40.49
0,0,4,0,7.15688e-05,49.8971
0,1,4,0,0,49.5032
0,2,4,0,0,48.9822
0,3,4,0,0,48.4008
0,4,4,0,0,47.8075
0,5,4,0,0,47.2313
0,6,4,0,0,46.6876
0,7,4,0,0,46.1828
0,8,4,0,0,45.7187
0,9,4,0,0,45.2943
0,10,4,0,0,44.9072
0,11,4,0,0,44.5547
0,12,4,0,0,44.2338
0,13,4,0,0,43.9415
0,14,4,0,0,43.6749
0,15,4,0,0,43.4316
0,16,4,0,0,43.2091
0,17,4,0,0,43.0054
0,18,4,0,0,42.8187
0,19,4,0,0,42.6474
0,20,4,0,0,42.4901
0,21,4,0,0,42.3455
0,22,4,0,0,42.2125
0,23,4,0,0,42.09
0,24,4,0,0,41.977
0,25,4,0,0,41.8727
0,26,4,0,0,41.7762
0,27,4,0,0,41.687
0,28,4,0,0,41.6045
0,29,4,0,0,41.5281
0,30,4,0,0,41.4575
0,31,4,0,0,41.3923
0,32,4,0,0,41.3319
0,33,4,0,0,41.276
0,34,4,0,0,41.2242
0,35,4,0,0,41.1762
0,36,4,0,0,41.1318
0,37,4,0,0,41.0907
0,38,4,0,0,41.0525
0,39,4,0,0,41.0169
0,40,4,0,0,40.9839
0,41,4,0,0,40.9532
0,42,4,0,0,40.9248
0,43,4,0,0,40.8984
0,44,4,0,0,40.8738
0,45,4,0,0,40.851
0,46,4,0,0,40.8296
0,47,4,0,0,40.8097
0,48,4,0,0,40.7909
0,49,4,0,0,40.7736
0,50,4,0,0,40.7575
0,51,4,0,0,40.7426
0,52,4,0,0,40.7289
0,53,4,0,0,40.7162
0,54,4,0,0,40.7044
0,55,4,0,0,40.6934
0,56,4,0,0,40.683
0,57,4,0,0,40.6732
0,58,4,0,0,40.6642
0,59,4,0,0,40.656
0,60,4,0,0,40.6484
0,61,4,0,0,40.6414
0,62,4,0,0,40.6348
0,63,4,0,0,40.6285
0,64,4,0,0,40.6226
0,65,4,0,0,40.6168
0,66,4,0,0,40.6113
0,67,4,0,0,40.6061
0,68,4,0,0,40.6014
0,69,4,0,0,40.5971
0,70,4,0,0,40.5932
0,71,4,0,0,40.5897
0,72,4,0,0,40.5865
0,73,4,0,0,40.5833
0,74,4,0,0,40.5802
0,75,4,0,0,40.577
0,76,4,0,0,40.5738
0,77,4,0,0,40.5705
0,78,4,0,0,40.5673
0,79,4,0,0,40.564
0,80,4,0,0,40.5608
0,81,4,0,0,40.5576
0,82,4,0,0,40.5546
0,83,4,0,0,40.5517
0,84,4,0,0,40.5489
0,85,4,0,0,40.5462
0,86,4,0,0,40.5438
0,87,4,0,0,40.5416
0,88,4,0,0,40.5391
0,89,4,0,0,40.5365
0,90,4,0,0,40.5338
0,91,4,0,0,40.531
0,92,4,0,0,40.5281
0,93,4,0,0,40.5251
0,94,4,0,0,40.5223
0,95,4,0,0,40.5197
0,96,4,0,0,40.5175
0,97,4,0,0,40.5157
0,98,4,0,0,40.5143
0,99,4,0,0,40.5133
0,100,4,0,0,40.5126
0,101,4,0,0,40.5121
0,102,4,0,0,40.5118
0,103,4,0,0,40.5117
0,104,4,0,0,40.5118
0,105,4,0,0,40.512
0,106,4,0,0,40.5124
0,107,4,0,0,40.5128
0,108,4,0,0,40.5131
0,109,4,0,0,40.5132
0,110,4,0,0,40.5131
0,111,4,0,0,40.5128
0,112,4,0,0,40.5121
0,113,4,0,0,40.5112
0,114,4,0,0,40.5099
0,115,4,0,0,40.5083
0,116,4,0,0,40.5064
0,117,4,0,0,40.5043
0,118,4,0,0,40.5022
0,119,4,0,0,40.5002
0,120,4,0,0,40.4983
0,121,4,0,0,40.4963
0,122,4,0,0,40.4943
0,123,4,0,0,40.4925
0,124,4,0,0,40.4907
0,125,4,0,0,40.4889
0,126,4,0,0,40.4872
0,127,4,0,0,40.4858
0,0,5,0,7.15688e-05,48.8323
0,1,5,0,0,48.544
0,2,5,0,0,48.1565
0,3,5,0,0,47.7092
0,4,5,0,0,47.2362
0,5,5,0,0,46.7619
0,6,5,0,0,46.3016
0,7,5,0,0,45.8645
0,8,5,0,0,45.4549
0,9,5,0,0,45.0744
0,10,5,0,0,44.7227
0,11,5,0,0,44.3989
0,12,5,0,0,44.1014
0,13,5,0,0,43.8283
0,14,5,0,0,43.5778
0,15,5,0,0,43.3478
0,16,5,0,0,43.1364
0,17,5,0,0,42.9422
0,18,5,0,0,42.7635
0,19,5,0,0,42.5991
0,20,5,0,0,42.4477
0,21,5,0,0,42.3081
0,22,5,0,0,42.1794
0,23,5,0,0,42.0604
0,24,5,0,0,41.9504
0,25,5,0,0,41.8486
0,26,5,0,0,41.7544
0,27,5,0,0,41.6672
0,28,5,0,0,41.5865
0,29,5,0,0,41.5117
0,30,5,0,0,41.4425
0,31,5,0,0,41.3785
0,32,5,0,0,41.3191
0,33,5,0,0,41.264
0,34,5,0,0,41.2129
0,35,5,0,0,41.1655
0,36,5,0,0,41.1217
0,37,5,0,0,41.0812
0,38,5,0,0,41.0436
0,39,5,0,0,41.0086
0,40,5,0,0,40.9762
0,41,5,0,0,40.9461
0,42,5,0,0,40.9182
0,43,5,0,0,40.8922
0,44,5,0,0,40.8679
0,45,5,0,0,40.8453
0,46,5,0,0,40.8243
0,47,5,0,0,40.8046
0,48,5,0,0,40.7864
0,49,5,0,0,40.7694
0,50,5,0,0,40.7536
0,51,5,0,0,40.7388
0,52,5,0,0,40.725
0,53,5,0,0,40.7121
0,54,5,0,0,40.7001
0,55,5,0,0,40.6888
0,56,5,0,0,40.6783
0,57,5,0,0,40.6685
0,58,5,0,0,40.6595
0,59,5,0,0,40.6514
0,60,5,0,0,40.644
0,61,5,0,0,40.6372
0,62,5,0,0,40.6306
0,63,5,0,0,40.6244
0,64,5,0,0,40.6184
0,65,5,0,0,40.6125
0,66,5,0,0,40.6069
0,67,5,0,0,40.6017
0,68,5,0,0,40.5968
0,69,5,0,0,40.5925
0,70,5,0,0,40.5887
0,71,5,0,0,40.5852
0,72,5,0,0,40.582
0,73,5,0,0,40.5787
0,74,5,0,0,40.5755
0,75,5,0,0,40.5722
0,76,5,0,0,40.5689
0,77,5,0,0,40.5656
0,78,5,0,0,40.5624
0,79,5,0,0,40.5591
0,80,5,0,0,40.556
0,81,5,0,0,40.553
0,82,5,0,0,40.5501
0,83,5,0,0,40.5474
0,84,5,0,0,40.5448
0,85,5,0,0,40.5423
0,86,5,0,0,40.54
0,87,5,0,0,40.5378
0,88,5,0,0,40.5354
0,89,5,0,0,40.5329
0,90,5,0,0,40.5303
0,91,5,0,0,40.5277
0,92,5,0,0,40.5251
0,93,5,0,0,40.5223
0,94,5,0,0,40.5197
0,95,5,0,0,40.5172
0,96,5,0,0,40.515
0,97,5,0,0,40.5131
0,98,5,0,0,40.5117
0,99,5,0,0,40.5105
0,100,5,0,0,40.5097
0,101,5,0,0,40.5092
0,102,5,0,0,40.5089
0,103,5,0,0,40.5087
0,104,5,0,0,40.5086
0,105,5,0,0,40.5086
0,106,5,0,0,40.5088
0,107,5,0,0,40.5091
0,108,5,0,0,40.5094
0,109,5,0,0,40.5096
0,110,5,0,0,40.5096
0,111,5,0,0,40.5093
0,112,5,0,0,40.5088
0,113,5,0,0,40.5079
0,114,5,0,0,40.5067
0,115,5,0,0,40.505
0,116,5,0,0,40.5032
0,117,5,0,0,40.5012
0,118,5,0,0,40.4992
0,119,5,0,0,40.4973
0,120,5,0,0,40.4954
0,121,5,0,0,40.4934
0,122,5,0,0,40.4915
0,123,5,0,0,40.4897
0,124,5,0,0,40.4879
0,125,5,0,0,40.4861
0,126,5,0,0,40.4843
0,127,5,0,0,40.4828
0,0,6,0,7.15688e-05,47.9418
0,1,6,0,0,47.7244
0,2,6,0,0,47.4284
0,3,6,0,0,47.0787
0,4,6,0,0,46.6988
0,5,6,0,0,46.308
0,6,6,0,0,45.9197
0,7,6,0,0,45.5435
0,8,6,0,0,45.1847
0,9,6,0,0,44.8462
0,10,6,0,0,44.5292
0,11,6,0,0,44.234
0,12,6,0,0,43.9603
0,13,6,0,0,43.7072
0,14,6,0,0,43.4736
0,15,6,0,0,43.2577
0,16,6,0,0,43.0583
0,17,6,0,0,42.8741
0,18,6,0,0,42.7041
0,19,6,0,0,42.5471
0,20,6,0,0,42.4022
0,21,6,0,0,42.2682
0,22,6,0,0,42.1441
0,23,6,0,0,42.029
0,24,6,0,0,41.9224
0,25,6,0,0,41.8235
0,26,6,0,0,41.7318
0,27,6,0,0,41.6469
0,28,6,0,0,41.5681
0,29,6,0,0,41.4951
0,30,6,0,0,41.4275
0,31,6,0,0,41.3647
0,32,6,0,0,41.3066
0,33,6,0,0,41.2525
0,34,6,0,0,41.2021
0,35,6,0,0,41.1554
0,36,6,0,0,41.1123
0,37,6,0,0,41.0726
0,38,6,0,0,41.0356
0,39,6,0,0,41.0014
0,40,6,0,0,40.9696
0,41,6,0,0,40.9402
0,42,6,0,0,40.9129
0,43,6,0,0,40.8874
0,44,6,0,0,40.8634
0,45,6,0,0,40.8412
0,46,6,0,0,40.8205
0,47,6,0,0,40.8012
0,48,6,0,0,40.7834
0,49,6,0,0,40.7669
0,50,6,0,0,40.7514
0,51,6,0,0,40.7366
0,52,6,0,0,40.7227
0,53,6,0,0,40.7097
0,54,6,0,0,40.6975
0,55,6,0,0,40.6861
0,56,6,0,0,40.6754
0,57,6,0,0,40.6654
0,58,6,0,0,40.6564
0,59,6,0,0,40.6484
0,60,6,0,0,40.6414
0,61,6,0,0,40.635
0,62,6,0,0,40.6286
0,63,6,0,0,40.6223
0,64,6,0,0,40.6164
0,65,6,0,0,40.6104
0,66,6,0,0,40.6045
0,67,6,0,0,40.5991
0,68,6,0,0,40.5941
0,69,6,0,0,40.5897
0,70,6,0,0,40.5859
0,71,6,0,0,40.5827
0,72,6,0,0,40.5796
0,73,6,0,0,40.5764
0,74,6,0,0,40.5731
0,75,6,0,0,40.5696
0,76,6,0,0,40.5662
0,77,6,0,0,40.5629
0,78,6,0,0,40.5595
0,79,6,0,0,40.5563
0,80,6,0,0,40.5533
0,81,6,0,0,40.5504
0,82,6,0,0,40.5476
0,83,6,0,0,40.5451
0,84,6,0,0,40.5427
0,85,6,0,0,40.5404
0,86,6,0,0,40.5383
0,87,6,0,0,40.5363
0,88,6,0,0,40.5339
0,89,6,0,0,40.5313
0,90,6,0,0,40.5289
0,91,6,0,0,40.5266
0,92,6,0,0,40.5241
0,93,6,0,0,40.5215
0,94,6,0,0,40.5189
0,95,6,0,0,40.5163
0,96,6,0,0,40.5141
0,97,6,0,0,40.5122
0,98,6,0,0,40.5106
0,99,6,0,0,40.5093
0,100,6,0,0,40.5084
0,101,6,0,0,40.508
0,102,6,0,0,40.5077
0,103,6,0,0,40.5074
0,104,6,0,0,40.5072
0,105,6,0,0,40.5071
0,106,6,0,0,40.5071
0,107,6,0,0,40.5073
0,108,6,0,0,40.5077
0,109,6,0,0,40.5081
0,110,6,0,0,40.5083
0,111,6,0,0,40.5082
0,112,6,0,0,40.5077
0,113,6,0,0,40.507
0,114,6,0,0,40.5057
0,115,6,0,0,40.504
0,116,6,0,0,40.502
0,117,6,0,0,40.5
0,118,6,0,0,40.4981
0,119,6,0,0,40.4962
0,120,6,0,0,40.4943
0,121,6,0,0,40.4924
0,122,6,0,0,40.4906
0,123,6,0,0,40.4888
0,124,6,0,0,40.4869
0,125,6,0,0,40.485
0,126,6,0,0,40.4829
0,127,6,0,0,40.481
0,0,7,0,7.15688e-05,47.1861
0,1,7,0,0,47.0189
0,2,7,0,0,46.7875
0,3,7,0,0,46.5097
0,4,7,0,0,46.2019
0,5,7,0,0,45.8786
0,6,7,0,0,45.5508
0,7,7,0,0,45.228
0,8,7,0,0,44.9154
0,9,7,0,0,44.6161
0,10,7,0,0,44.3318
0,11,7,0,0,44.0642
0,12,7,0,0,43.8139
0,13,7,0,0,43.5808
0,14,7,0,0,43.3646
0,15,7,0,0,43.1634
0,16,7,0,0,42.9762
0,17,7,0,0,42.8024
0,18,7,0,0,42.6413
0,19,7,0,0,42.4922
0,20,7,0,0,42.3542
0,21,7,0,0,42.2265
0,22,7,0,0,42.1074
0,23,7,0,0,41.9964
0,24,7,0,0,41.8934
0,25,7,0,0,41.7977
0,26,7,0,0,41.7085
0,27,7,0,0,41.626
0,28,7,0,0,41.5495
0,29,7,0,0,41.4783
0,30,7,0,0,41.4125
0,31,7,0,0,41.3512
0,32,7,0,0,41.2947
0,33,7,0,0,41.2417
0,34,7,0,0,41.1917
0,35,7,0,0,41.1457
0,36,7,0,0,41.1035
0,37,7,0,0,41.0649
0,38,7,0,0,41.0288
0,39,7,0,0,40.9951
0,40,7,0,0,40.9642
0,41,7,0,0,40.9356
0,42,7,0,0,40.9091
0,43,7,0,0,40.8843
0,44,7,0,0,40.8604
0,45,7,0,0,40.8385
0,46,7,0,0,40.8183
0,47,7,0,0,40.7991
0,48,7,0,0,40.7819
0,49,7,0,0,40.7662
0,50,7,0,0,40.7513
0,51,7,0,0,40.7362
0,52,7,0,0,40.7224
0,53,7,0,0,40.709
0,54,7,0,0,40.6966
0,55,7,0,0,40.6854
0,56,7,0,0,40.6743
0,57,7,0,0,40.6638
0,58,7,0,0,40.6546
0,59,7,0,0,40.647
0,60,7,0,0,40.6407
0,61,7,0,0,40.635
0,62,7,0,0,40.629
0,63,7,0,0,40.6223
0,64,7,0,0,40.6167
0,65,7,0,0,40.6104
0,66,7,0,0,40.6039
0,67,7,0,0,40.5983
0,68,7,0,0,40.593
0,69,7,0,0,40.5885
0,70,7,0,0,40.5849
0,71,7,0,0,40.5821
0,72,7,0,0,40.5797
0,73,7,0,0,40.5764
0,74,7,0,0,40.5729
0,75,7,0,0,40.5692
0,76,7,0,0,40.5655
0,77,7,0,0,40.5623
0,78,7,0,0,40.5588
0,79,7,0,0,40.5555
0,80,7,0,0,40.5525
0,81,7,0,0,40.5498
0,82,7,0,0,40.5469
0,83,7,0,0,40.5447
0,84,7,0,0,40.5426
0,85,7,0,0,40.5402
0,86,7,0,0,40.5385
0,87,7,0,0,40.5372
0,88,7,0,0,40.5346
0,89,7,0,0,40.5317
0,90,7,0,0,40.5293
0,91,7,0,0,40.5276
0,92,7,0,0,40.5252
0,93,7,0,0,40.5226
0,94,7,0,0,40.5201
0,95,7,0,0,40.5171
0,96,7,0,0,40.5148
0,97,7,0,0,40.5128
0,98,7,0,0,40.5113
0,99,7,0,0,40.5096
0,100,7,0,0,40.5087
0,101,7,0,0,40.5085
0,102,7,0,0,40.5086
0,103,7,0,0,40.5082
0,104,7,0,0,40.5076
0,105,7,0,0,40.5073
0,106,7,0,0,40.5072
0,107,7,0,0,40.5074
0,108,7,0,0,40.5079
0,109,7,0,0,40.5088
0,110,7,0,0,40.5093
0,111,7,0,0,40.5094
0,112,7,0,0,40.5089
0,113,7,0,0,40.5085
0,114,7,0,0,40.5072
0,115,7,0,0,40.5052
0,116,7,0,0,40.5028
0,117,7,0,0,40.5005
0,118,7,0,0,40.4989
0,119,7,0,0,40.4972
0,120,7,0,0,40.4952
0,121,7,0,0,40.4932
0,122,7,0,0,40.4914
0,123,7,0,0,40.4899
0,124,7,0,0,40.4879
0,125,7,0,0,40.4859
0,126,7,0,0,40.4831
0,127,7,0,0,40.4802
0,0,8,0,9.81488e-05,46.5376
0,1,8,0,0.000113573,46.4089
0,2,8,0,3.624e-05,46.2228
0,3,8,0,6.2805e-05,45.9993
0,4,8,0,3.504e-05,45.7469
0,5,8,0,6.282e-05,45.4785
0,6,8,0,1.692e-05,45.2
0,7,8,0,4.19175e-05,44.9238
0,8,8,0,5.436e-05,44.6526
0,9,8,0,7.368e-05,44.3892
0,10,8,0,4.59e-05,44.1346
0,11,8,0,4.59e-05,43.893
0,12,8,0,2.658e-05,43.6646
0,13,8,0,8.46e-06,43.451
0,14,8,0,5.196e-05,43.2533
0,15,8,0,4.2585e-05,43.0667
0,16,8,0,4.47e-05,42.8916
0,17,8,0,4.47e-05,42.7283
0,18,8,0,3.624e-05,42.576
0,19,8,0,4.47e-05,42.4352
0,20,8,0,3.624e-05,42.3045
0,21,8,0,7.008e-05,42.1841
0,22,8,0,7.128e-05,42.0702
0,23,8,0,3.846e-05,41.9627
0,24,8,0,3.72975e-05,41.8639
0,25,8,0,5.316e-05,41.7716
0,26,8,0,2.658e-05,41.6845
0,27,8,0,2.658e-05,41.6048
0,28,8,0,4.78725e-05,41.5312
0,29,8,0,1.692e-05,41.4613
0,30,8,0,4.1085e-05,41.3979
0,31,8,0,9.66e-06,41.3375
0,32,8,0,6.042e-05,41.284
0,33,8,0,5.9505e-05,41.2321
0,34,8,0,1.812e-05,41.1815
0,35,8,0,2.538e-05,41.1364
0,36,8,0,1.692e-05,41.095
0,37,8,0,4.23e-05,41.0585
0,38,8,0,3.744e-05,41.023
0,39,8,0,2.22075e-05,40.9897
0,40,8,0,4.12425e-05,40.96
0,41,8,0,3.504e-05,40.932
0,42,8,0,4.33425e-05,40.907
0,43,8,0,7.368e-05,40.8835
0,44,8,0,2.658e-05,40.8584
0,45,8,0,3.624e-05,40.8372
0,46,8,0,6.768e-05,40.818
0,47,8,0,2.658e-05,40.7979
0,48,8,0,4.23e-05,40.7817
0,49,8,0,6.6765e-05,40.7675
0,50,8,0,0.00010146,40.7542
0,51,8,0,3.624e-05,40.7373
0,52,8,0,6.8355e-05,40.7243
0,53,8,0,4.47e-05,40.71
0,54,8,0,3.081e-05,40.6971
0,55,8,0,7.734e-05,40.6871
0,56,8,0,6.042e-05,40.6751
0,57,8,0,3.27825e-05,40.6633
0,58,8,0,2.538e-05,40.6535
0,59,8,0,3.624e-05,40.6468
0,60,8,0,4.35e-05,40.6418
0,61,8,0,7.248e-05,40.6377
0,62,8,0,9.666e-05,40.6324
0,63,8,0,1.812e-05,40.6235
0,64,8,0,0.00010632,40.6203
0,65,8,0,6.042e-05,40.6128
0,66,8,0,2.658e-05,40.6048
0,67,8,0,5.658e-05,40.5996
0,68,8,0,2.1435e-05,40.5932
0,69,8,0,1.812e-05,40.5887
0,70,8,0,1.812e-05,40.5854
0,71,8,0,3.2925e-05,40.5835
0,72,8,0,9.1515e-05,40.583
0,73,8,0,5.8305e-05,40.5788
0,74,8,0,7.008e-05,40.5751
0,75,8,0,5.676e-05,40.571
0,76,8,0,2.538e-05,40.5665
0,77,8,0,6.282e-05,40.5642
0,78,8,0,3.864e-05,40.5599
0,79,8,0,4.23e-05,40.5564
0,80,8,0,3.06675e-05,40.5535
0,81,8,0,5.196e-05,40.5516
0,82,8,0,9.66e-06,40.5475
0,83,8,0,3.72975e-05,40.5464
0,84,8,0,5.436e-05,40.5449
0,85,8,0,1.16325e-05,40.5416
0,86,8,0,1.79775e-05,40.5403
0,87,8,0,9.6645e-05,40.5413
0,88,8,0,6.042e-05,40.5378
0,89,8,0,4.35e-05,40.5337
0,90,8,0,2.538e-05,40.531
0,91,8,0,7.854e-05,40.5315
0,92,8,0,5.295e-05,40.5285
0,93,8,0,5.21025e-05,40.5258
0,94,8,0,7.248e-05,40.5237
0,95,8,0,1.932e-05,40.5191
0,96,8,0,4.35e-05,40.5171
0,97,8,0,4.22775e-05,40.5151
0,98,8,0,5.79825e-05,40.514
0,99,8,0,2.658e-05,40.5112
0,100,8,0,2.658e-05,40.5102
0,101,8,0,3.8355e-05,40.5109
0,102,8,0,6.888e-05,40.5118
0,103,8,0,4.71e-05,40.5111
0,104,8,0,2.658e-05,40.5097
0,105,8,0,1.692e-05,40.5091
0,106,8,0,1.932e-05,40.5091
0,107,8,0,3.624e-05,40.5092
0,108,8,0,2.658e-05,40.5097
0,109,8,0,5.778e-05,40.512
0,110,8,0,4.6815e-05,40.5128
0,111,8,0,4.8915e-05,40.513
0,112,8,0,2.538e-05,40.5121
0,113,8,0,8.214e-05,40.513
0,114,8,0,7.248e-05,40.5115
0,115,8,0,5.316e-05,40.5086
0,116,8,0,2.778e-05,40.5053
0,117,8,0,1.692e-05,40.5024
0,118,8,0,3.504e-05,40.5017
0,119,8,0,5.316e-05,40.5004
0,120,8,0,2.538e-05,40.4978
0,121,8,0,2.538e-05,40.4957
0,122,8,0,1.812e-05,40.4939
0,123,8,0,6.90225e-05,40.4935
0,124,8,0,4.23e-05,40.4907
0,125,8,0,7.974e-05,40.4897
0,126,8,0,3.744e-05,40.4851
0,127,8,0,0,40.48
0,0,9,0,0.000117469,45.9706
0,1,9,0,5.679e-05,45.8655
0,2,9,0,5.5725e-05,45.7165
0,3,9,0,2.8995e-05,45.533
0,4,9,0,6.282e-05,45.3262
0,5,9,0,5.316e-05,45.1011
0,6,9,0,3.504e-05,44.8653
0,7,9,0,4.2585e-05,44.6277
0,8,9,0,5.538e-05,44.3916
0,9,9,0,3.504e-05,44.1586
0,10,9,0,3.7155e-05,43.9329
0,11,9,0,2.235e-05,43.7159
0,12,9,0,2.658e-05,43.5101
0,13,9,0,5.196e-05,43.3168
0,14,9,0,5.859e-05,43.1347
0,15,9,0,7.794e-05,42.9627
0,16,9,0,3.846e-05,42.7985
0,17,9,0,5.316e-05,42.6459
0,18,9,0,3.384e-05,42.5024
0,19,9,0,3e-05,42.3695
0,20,9,0,6.162e-05,42.247
0,21,9,0,5.436e-05,42.1314
0,22,9,0,3.09525e-05,42.0222
0,23,9,0,3.504e-05,41.9211
0,24,9,0,9.05625e-05,41.8284
0,25,9,0,3.624e-05,41.738
0,26,9,0,2.8695e-05,41.6547
0,27,9,0,6.282e-05,41.5788
0,28,9,0,3.30675e-05,41.5065
0,29,9,0,5.196e-05,41.4403
0,30,9,0,5.4375e-05,41.3785
0,31,9,0,4.59e-05,41.3202
0,32,9,0,4.23e-05,41.2664
0,33,9,0,4.5615e-05,41.2157
0,34,9,0,2.658e-05,41.1671
0,35,9,0,2.658e-05,41.123
0,36,9,0,1.932e-05,41.0829
0,37,9,0,6.402e-05,41.0478
0,38,9,0,3.624e-05,41.0127
0,39,9,0,4.78725e-05,40.9807
0,40,9,0,3.006e-05,40.9505
0,41,9,0,2.77875e-05,40.9233
0,42,9,0,6.17775e-05,40.8994
0,43,9,0,6.162e-05,40.8756
0,44,9,0,2.658e-05,40.8513
0,45,9,0,6.162e-05,40.831
0,46,9,0,3.504e-05,40.8105
0,47,9,0,2.658e-05,40.7915
0,48,9,0,4.95375e-05,40.7756
0,49,9,0,2.1435e-05,40.7598
0,50,9,0,6.282e-05,40.7468
0,51,9,0,2.538e-05,40.7312
0,52,9,0,6.9165e-05,40.7191
0,53,9,0,3.504e-05,40.7048
0,54,9,0,4.047e-05,40.6923
0,55,9,0,4.23e-05,40.6808
0,56,9,0,1.812e-05,40.6685
0,57,9,0,2.64375e-05,40.6578
0,58,9,0,0,40.6478
0,59,9,0,1.37475e-05,40.6414
0,60,9,0,5.31675e-05,40.6374
0,61,9,0,4.47e-05,40.632
0,62,9,0,5.3445e-05,40.6262
0,63,9,0,2.658e-05,40.6184
0,64,9,0,2.538e-05,40.613
0,65,9,0,6.402e-05,40.6081
0,66,9,0,3.504e-05,40.6009
0,67,9,0,2.85525e-05,40.595
0,68,9,0,4.1385e-05,40.5904
0,69,9,0,4.95375e-05,40.5868
0,70,9,0,6.57075e-05,40.5839
0,71,9,0,4.5615e-05,40.5802
0,72,9,0,4.2585e-05,40.5772
0,73,9,0,4.5615e-05,40.5734
0,74,9,0,8.46e-06,40.5685
0,75,9,0,4.35e-05,40.5662
0,76,9,0,5.286e-05,40.5634
0,77,9,0,4.59e-05,40.56
0,78,9,0,4.47e-05,40.5561
0,79,9,0,1.692e-05,40.552
0,80,9,0,4.66725e-05,40.5506
0,81,9,0,7.128e-05,40.5494
0,82,9,0,3.624e-05,40.5457
0,83,9,0,6.17625e-05,40.5445
0,84,9,0,4.47e-05,40.5423
0,85,9,0,6.93075e-05,40.541
0,86,9,0,7.14225e-05,40.5392
0,87,9,0,3.6255e-05,40.5363
0,88,9,0,5.676e-05,40.5338
0,89,9,0,1.70625e-05,40.5293
0,90,9,0,2.538e-05,40.5275
0,91,9,0,7.128e-05,40.5279
0,92,9,0,4.713e-05,40.525
0,93,9,0,3.48975e-05,40.522
0,94,9,0,3.8655e-05,40.5199
0,95,9,0,5.979e-05,40.5176
0,96,9,0,3.201e-05,40.5142
0,97,9,0,2.05425e-05,40.5116
0,98,9,0,4.95375e-05,40.5109
0,99,9,0,2.538e-05,40.5085
0,100,9,0,2.658e-05,40.5077
0,101,9,0,5.9505e-05,40.5086
0,102,9,0,8.46e-06,40.5073
0,103,9,0,5.676e-05,40.5088
0,104,9,0,4.83075e-05,40.5088
0,105,9,0,6.93075e-05,40.5095
0,106,9,0,9.06e-05,40.5097
0,107,9,0,8.46e-06,40.5064
0,108,9,0,4.23e-05,40.5076
0,109,9,0,3.82125e-05,40.5091
0,110,9,0,7.5225e-05,40.5114
0,111,9,0,6.8265e-05,40.5116
0,112,9,0,8.7e-05,40.5114
0,113,9,0,2.658e-05,40.5084
0,114,9,0,4.35e-05,40.5073
0,115,9,0,4.59e-05,40.5059
0,116,9,0,8.094e-05,40.5049
0,117,9,0,3.384e-05,40.5014
0,118,9,0,7.7625e-05,40.5011
0,119,9,0,2.778e-05,40.4982
0,120,9,0,7.56525e-05,40.4979
0,121,9,0,6.042e-05,40.4957
0,122,9,0,7.248e-05,40.4938
0,123,9,0,3.72975e-05,40.4902
0,124,9,0,8.46e-06,40.4866
0,125,9,0,4.36425e-05,40.4858
0,126,9,0,5.076e-05,40.4832
0,127,9,0,3.26175e-05,40.4792
0,0,10,0,7.15688e-05,45.469
0,1,10,0,6.0375e-06,45.3816
0,2,10,0,8.55e-07,45.2593
0,3,10,0,0,45.1084
0,4,10,0,0,44.9355
0,5,10,0,0,44.7463
0,6,10,0,0,44.5464
0,7,10,0,1.0575e-06,44.3416
0,8,10,0,0,44.1356
0,9,10,0,0,43.9313
0,10,10,0,6.345e-06,43.7316
0,11,10,0,1.269e-05,43.5382
0,12,10,0,0,43.352
0,13,10,0,0,43.1753
0,14,10,0,4.23e-06,43.0078
0,15,10,0,1.1175e-05,42.849
0,16,10,0,0,42.6976
0,17,10,0,0,42.5554
0,18,10,0,0,42.4218
0,19,10,0,0,42.297
0,20,10,0,0,42.1804
0,21,10,0,0,42.071
0,22,10,0,5.2875e-06,41.9684
0,23,10,0,0,41.872
0,24,10,0,0,41.7823
0,25,10,0,0,41.6975
0,26,10,0,6.345e-06,41.6185
0,27,10,0,0,41.5447
0,28,10,0,0,41.4756
0,29,10,0,0,41.4115
0,30,10,0,0,41.3516
0,31,10,0,0,41.2955
0,32,10,0,0,41.2431
0,33,10,0,0,41.1941
0,34,10,0,0,41.148
0,35,10,0,0,41.1054
0,36,10,0,0,41.0663
0,37,10,0,0,41.0305
0,38,10,0,0,40.9968
0,39,10,0,0,40.9655
0,40,10,0,6.0375e-06,40.9367
0,41,10,0,8.4525e-06,40.9099
0,42,10,0,0,40.8849
0,43,10,0,0,40.8613
0,44,10,0,0,40.8388
0,45,10,0,0,40.8181
0,46,10,0,0,40.7986
0,47,10,0,0,40.7805
0,48,10,0,3.6225e-06,40.7642
0,49,10,0,0,40.7486
0,50,10,0,0,40.7344
0,51,10,0,0,40.7203
0,52,10,0,0,40.7074
0,53,10,0,8.46e-06,40.6948
0,54,10,0,0,40.6824
0,55,10,0,0,40.6709
0,56,10,0,0,40.6598
0,57,10,0,0,40.6497
0,58,10,0,0,40.6408
0,59,10,0,3.1725e-06,40.6338
0,60,10,0,8.4525e-06,40.628
0,61,10,0,0,40.6217
0,62,10,0,2.115e-06,40.6156
0,63,10,0,0,40.6091
0,64,10,0,0,40.6033
0,65,10,0,0,40.5978
0,66,10,0,0,40.592
0,67,10,0,5.2875e-06,40.5869
0,68,10,0,0,40.5822
0,69,10,0,3.6225e-06,40.5783
0,70,10,0,3.1725e-06,40.5747
0,71,10,0,0,40.5709
0,72,10,0,0,40.5674
0,73,10,0,0,40.5638
0,74,10,0,0,40.5601
0,75,10,0,0,40.5571
0,76,10,0,8.76e-06,40.5544
0,77,10,0,0,40.5508
0,78,10,0,0,40.5474
0,79,10,0,0,40.5443
0,80,10,0,0,40.542
0,81,10,0,0,40.54
0,82,10,0,0,40.5375
0,83,10,0,0,40.5356
0,84,10,0,0,40.5335
0,85,10,0,0,40.5316
0,86,10,0,0,40.5295
0,87,10,0,0,40.527
0,88,10,0,0,40.5245
0,89,10,0,1.0575e-06,40.5216
0,90,10,0,0,40.5195
0,91,10,0,0,40.5181
0,92,10,0,0,40.5159
0,93,10,0,0,40.5137
0,94,10,0,7.245e-06,40.5118
0,95,10,0,4.23e-06,40.5096
0,96,10,0,4.23e-06,40.5071
0,97,10,0,0,40.5049
0,98,10,0,0,40.5034
0,99,10,0,0,40.5019
0,100,10,0,0,40.5011
0,101,10,0,0,40.5009
0,102,10,0,0,40.5005
0,103,10,0,0,40.5009
0,104,10,0,8.4525e-06,40.5013
0,105,10,0,3.1725e-06,40.5012
0,106,10,0,0,40.5008
0,107,10,0,0,40.4999
0,108,10,0,0,40.5002
0,109,10,0,5.2875e-06,40.501
0,110,10,0,0,40.5017
0,111,10,0,0,40.5017
0,112,10,0,0,40.5011
0,113,10,0,0,40.4997
0,114,10,0,0,40.4984
0,115,10,0,0,40.4971
0,116,10,0,0,40.4957
0,117,10,0,0,40.4938
0,118,10,0,2.115e-06,40.4925
0,119,10,0,0,40.4907
0,120,10,0,5.2875e-06,40.4895
0,121,10,0,0,40.4875
0,122,10,0,0,40.4854
0,123,10,0,0,40.4828
0,124,10,0,0,40.4803
0,125,10,0,1.0575e-06,40.4785
0,126,10,0,0,40.4764
0,127,10,0,3.6225e-06,40.4741
0,0,11,0,7.15688e-05,45.0275
0,1,11,0,0,44.954
0,2,11,0,0,44.8523
0,3,11,0,0,44.7265
0,4,11,0,0,44.5813
0,5,11,0,0,44.4211
0,6,11,0,0,44.2504
0,7,11,0,0,44.0736
0,8,11,0,0,43.894
0,9,11,0,0,43.7144
0,10,11,0,0,43.5373
0,11,11,0,0,43.3643
0,12,11,0,0,43.1969
0,13,11,0,0,43.0363
0,14,11,0,0,42.8828
0,15,11,0,0,42.7365
0,16,11,0,0,42.5972
0,17,11,0,0,42.4655
0,18,11,0,0,42.3412
0,19,11,0,0,42.2243
0,20,11,0,0,42.1145
0,21,11,0,0,42.0113
0,22,11,0,0,41.9142
0,23,11,0,0,41.8231
0,24,11,0,0,41.7375
0,25,11,0,0,41.6571
0,26,11,0,0,41.5817
0,27,11,0,0,41.5111
0,28,11,0,0,41.4451
0,29,11,0,0,41.3833
0,30,11,0,0,41.3256
0,31,11,0,0,41.2716
0,32,11,0,0,41.221
0,33,11,0,0,41.1737
0,34,11,0,0,41.1294
0,35,11,0,0,41.0883
0,36,11,0,0,41.0502
0,37,11,0,0,41.0149
0,38,11,0,0,40.982
0,39,11,0,0,40.9514
0,40,11,0,0,40.9231
0,41,11,0,0,40.8967
0,42,11,0,0,40.8721
0,43,11,0,0,40.8491
0,44,11,0,0,40.8274
0,45,11,0,0,40.8072
0,46,11,0,0,40.7882
0,47,11,0,0,40.7705
0,48,11,0,0,40.7542
0,49,11,0,0,40.7389
0,50,11,0,0,40.7246
0,51,11,0,0,40.7109
0,52,11,0,0,40.6981
0,53,11,0,0,40.6858
0,54,11,0,0,40.6741
0,55,11,0,0,40.663
0,56,11,0,0,40.6526
0,57,11,0,0,40.643
0,58,11,0,0,40.6343
0,59,11,0,0,40.6268
0,60,11,0,0,40.6201
0,61,11,0,0,40.6137
0,62,11,0,0,40.6074
0,63,11,0,0,40.6013
0,64,11,0,0,40.5955
0,65,11,0,0,40.59
0,66,11,0,0,40.5847
0,67,11,0,0,40.5798
0,68,11,0,0,40.5752
0,69,11,0,0,40.5711
0,70,11,0,0,40.5673
0,71,11,0,0,40.5636
0,72,11,0,0,40.56
0,73,11,0,0,40.5565
0,74,11,0,0,40.553
0,75,11,0,0,40.5499
0,76,11,0,0,40.5468
0,77,11,0,0,40.5436
0,78,11,0,0,40.5406
0,79,11,0,0,40.5378
0,80,11,0,0,40.5353
0,81,11,0,0,40.5331
0,82,11,0,0,40.5309
0,83,11,0,0,40.5288
0,84,11,0,0,40.5267
0,85,11,0,0,40.5246
0,86,11,0,0,40.5223
0,87,11,0,0,40.5199
0,88,11,0,0,40.5175
0,89,11,0,0,40.515
0,90,11,0,0,40.5128
0,91,11,0,0,40.5109
0,92,11,0,0,40.509
0,93,11,0,0,40.5069
0,94,11,0,0,40.505
0,95,11,0,0,40.503
0,96,11,0,0,40.501
0,97,11,0,0,40.4993
0,98,11,0,0,40.4979
0,99,11,0,0,40.4967
0,100,11,0,0,40.4959
0,101,11,0,0,40.4953
0,102,11,0,0,40.4949
0,103,11,0,0,40.4948
0,104,11,0,0,40.4948
0,105,11,0,0,40.4946
0,106,11,0,0,40.4943
0,107,11,0,0,40.494
0,108,11,0,0,40.4941
0,109,11,0,0,40.4944
0,110,11,0,0,40.4945
0,111,11,0,0,40.4943
0,112,11,0,0,40.4937
0,113,11,0,0,40.4927
0,114,11,0,0,40.4915
0,115,11,0,0,40.4902
0,116,11,0,0,40.4889
0,117,11,0,0,40.4874
0,118,11,0,0,40.486
0,119,11,0,0,40.4845
0,120,11,0,0,40.483
0,121,11,0,0,40.4812
0,122,11,0,0,40.4793
0,123,11,0,0,40.4772
0,124,11,0,0,40.4751
0,125,11,0,0,40.4733
0,126,11,0,0,40.4715
0,127,11,0,0,40.4699
0,0,12,0,7.15688e-05,44.6369
0,1,12,0,0,44.5745
0,2,12,0,0,44.4889
0,3,12,0,0,44.383
0,4,12,0,0,44.2601
0,5,12,0,0,44.1237
0,6,12,0,0,43.9773
0,7,12,0,0,43.8241
0,8,12,0,0,43.6673
0,9,12,0,0,43.5092
0,10,12,0,0,43.3521
0,11,12,0,0,43.1975
0,12,12,0,0,43.0469
0,13,12,0,0,42.9012
0,14,12,0,0,42.7611
0,15,12,0,0,42.6269
0,16,12,0,0,42.4987
0,17,12,0,0,42.3769
0,18,12,0,0,42.2615
0,19,12,0,0,42.1524
0,20,12,0,0,42.0495
0,21,12,0,0,41.9524
0,22,12,0,0,41.861
0,23,12,0,0,41.7749
0,24,12,0,0,41.6938
0,25,12,0,0,41.6174
0,26,12,0,0,41.5457
0,27,12,0,0,41.4783
0,28,12,0,0,41.4152
0,29,12,0,0,41.356
0,30,12,0,0,41.3006
0,31,12,0,0,41.2486
0,32,12,0,0,41.1999
0,33,12,0,0,41.1543
0,34,12,0,0,41.1116
0,35,12,0,0,41.0719
0,36,12,0,0,41.0349
0,37,12,0,0,41.0004
0,38,12,0,0,40.9683
0,39,12,0,0,40.9385
0,40,12,0,0,40.9108
0,41,12,0,0,40.885
0,42,12,0,0,40.861
0,43,12,0,0,40.8385
0,44,12,0,0,40.8175
0,45,12,0,0,40.7978
0,46,12,0,0,40.7793
0,47,12,0,0,40.7621
0,48,12,0,0,40.7459
0,49,12,0,0,40.7308
0,50,12,0,0,40.7167
0,51,12,0,0,40.7033
0,52,12,0,0,40.6907
0,53,12,0,0,40.6788
0,54,12,0,0,40.6676
0,55,12,0,0,40.6569
0,56,12,0,0,40.6469
0,57,12,0,0,40.6376
0,58,12,0,0,40.6291
0,59,12,0,0,40.6214
0,60,12,0,0,40.6143
0,61,12,0,0,40.6077
0,62,12,0,0,40.6014
0,63,12,0,0,40.5954
0,64,12,0,0,40.5897
0,65,12,0,0,40.5843
0,66,12,0,0,40.5792
0,67,12,0,0,40.5745
0,68,12,0,0,40.57
0,69,12,0,0,40.5658
0,70,12,0,0,40.5619
0,71,12,0,0,40.5582
0,72,12,0,0,40.5546
0,73,12,0,0,40.5512
0,74,12,0,0,40.5478
0,75,12,0,0,40.5446
0,76,12,0,0,40.5415
0,77,12,0,0,40.5384
0,78,12,0,0,40.5355
0,79,12,0,0,40.5329
0,80,12,0,0,40.5305
0,81,12,0,0,40.5283
0,82,12,0,0,40.5262
0,83,12,0,0,40.5241
0,84,12,0,0,40.5219
0,85,12,0,0,40.5196
0,86,12,0,0,40.5173
0,87,12,0,0,40.5149
0,88,12,0,0,40.5124
0,89,12,0,0,40.5101
0,90,12,0,0,40.5079
0,91,12,0,0,40.5059
0,92,12,0,0,40.5039
0,93,12,0,0,40.502
0,94,12,0,0,40.5002
0,95,12,0,0,40.4984
0,96,12,0,0,40.4967
0,97,12,0,0,40.4952
0,98,12,0,0,40.494
0,99,12,0,0,40.493
0,100,12,0,0,40.4922
0,101,12,0,0,40.4915
0,102,12,0,0,40.4909
0,103,12,0,0,40.4906
0,104,12,0,0,40.4903
0,105,12,0,0,40.4901
0,106,12,0,0,40.4899
0,107,12,0,0,40.4897
0,108,12,0,0,40.4897
0,109,12,0,0,40.4897
0,110,12,0,0,40.4896
0,111,12,0,0,40.4893
0,112,12,0,0,40.4886
0,113,12,0,0,40.4877
0,114,12,0,0,40.4866
0,115,12,0,0,40.4854
0,116,12,0,0,40.4841
0,117,12,0,0,40.4828
0,118,12,0,0,40.4815
0,119,12,0,0,40.4801
0,120,12,0,0,40.4786
0,121,12,0,0,40.477
0,122,12,0,0,40.4752
0,123,12,0,0,40.4733
0,124,12,0,0,40.4715
0,125,12,0,0,40.4697
0,126,12,0,0,40.4682
0,127,12,0,0,40.4669
0,0,13,0,7.15688e-05,44.2898
0,1,13,0,0,44.2363
0,2,13,0,0,44.1636
0,3,13,0,0,44.0738
0,4,13,0,0,43.9691
0,5,13,0,0,43.8523
0,6,13,0,0,43.7261
0,7,13,0,0,43.593
0,8,13,0,0,43.4557
0,9,13,0,0,43.3163
0,10,13,0,0,43.1768
0,11,13,0,0,43.0386
0,12,13,0,0,42.9031
0,13,13,0,0,42.7711
0,14,13,0,0,42.6435
0,15,13,0,0,42.5206
0,16,13,0,0,42.4028
0,17,13,0,0,42.2904
0,18,13,0,0,42.1834
0,19,13,0,0,42.082
0,20,13,0,0,41.9858
0,21,13,0,0,41.8949
0,22,13,0,0,41.809
0,23,13,0,0,41.7278
0,24,13,0,0,41.6512
0,25,13,0,0,41.5788
0,26,13,0,0,41.5106
0,27,13,0,0,41.4465
0,28,13,0,0,41.3863
0,29,13,0,0,41.3298
0,30,13,0,0,41.2766
0,31,13,0,0,41.2267
0,32,13,0,0,41.1799
0,33,13,0,0,41.136
0,34,13,0,0,41.0949
0,35,13,0,0,41.0565
0,36,13,0,0,41.0206
0,37,13,0,0,40.987
0,38,13,0,0,40.9558
0,39,13,0,0,40.9267
0,40,13,0,0,40.8998
0,41,13,0,0,40.8747
0,42,13,0,0,40.8513
0,43,13,0,0,40.8295
0,44,13,0,0,40.8092
0,45,13,0,0,40.7901
0,46,13,0,0,40.7721
0,47,13,0,0,40.7552
0,48,13,0,0,40.7393
0,49,13,0,0,40.7245
0,50,13,0,0,40.7106
0,51,13,0,0,40.6975
0,52,13,0,0,40.6853
0,53,13,0,0,40.6737
0,54,13,0,0,40.6629
0,55,13,0,0,40.6526
0,56,13,0,0,40.6429
0,57,13,0,0,40.6338
0,58,13,0,0,40.6253
0,59,13,0,0,40.6175
0,60,13,0,0,40.6104
0,61,13,0,0,40.6036
0,62,13,0,0,40.5973
0,63,13,0,0,40.5914
0,64,13,0,0,40.5857
0,65,13,0,0,40.5805
0,66,13,0,0,40.5756
0,67,13,0,0,40.571
0,68,13,0,0,40.5666
0,69,13,0,0,40.5624
0,70,13,0,0,40.5585
0,71,13,0,0,40.5547
0,72,13,0,0,40.5512
0,73,13,0,0,40.5479
0,74,13,0,0,40.5446
0,75,13,0,0,40.5413
0,76,13,0,0,40.5381
0,77,13,0,0,40.5351
0,78,13,0,0,40.5323
0,79,13,0,0,40.5297
0,80,13,0,0,40.5275
0,81,13,0,0,40.5254
0,82,13,0,0,40.5234
0,83,13,0,0,40.5214
0,84,13,0,0,40.5191
0,85,13,0,0,40.5168
0,86,13,0,0,40.5143
0,87,13,0,0,40.5118
0,88,13,0,0,40.5092
0,89,13,0,0,40.5069
0,90,13,0,0,40.5047
0,91,13,0,0,40.5026
0,92,13,0,0,40.5008
0,93,13,0,0,40.499
0,94,13,0,0,40.4972
0,95,13,0,0,40.4955
0,96,13,0,0,40.494
0,97,13,0,0,40.4928
0,98,13,0,0,40.4918
0,99,13,0,0,40.491
0,100,13,0,0,40.4902
0,101,13,0,0,40.4894
0,102,13,0,0,40.4886
0,103,13,0,0,40.488
0,104,13,0,0,40.4876
0,105,13,0,0,40.4874
0,106,13,0,0,40.4872
0,107,13,0,0,40.4871
0,108,13,0,0,40.4871
0,109,13,0,0,40.4871
0,110,13,0,0,40.4869
0,111,13,0,0,40.4864
0,112,13,0,0,40.4857
0,113,13,0,0,40.4848
0,114,13,0,0,40.4837
0,115,13,0,0,40.4825
0,116,13,0,0,40.4813
0,117,13,0,0,40.4801
0,118,13,0,0,40.4789
0,119,13,0,0,40.4776
0,120,13,0,0,40.4762
0,121,13,0,0,40.4747
0,122,13,0,0,40.473
0,123,13,0,0,40.4713
0,124,13,0,0,40.4695
0,125,13,0,0,40.4678
0,126,13,0,0,40.4663
0,127,13,0,0,40.4651
0,0,14,0,7.15688e-05,43.98
0,1,14,0,0,43.934
0,2,14,0,0,43.8718
0,3,14,0,0,43.795
0,4,14,0,0,43.7055
0,5,14,0,0,43.6051
0,6,14,0,0,43.4958
0,7,14,0,0,43.3797
0,8,14,0,0,43.259
0,9,14,0,0,43.1359
0,10,14,0,0,43.0118
0,11,14,0,0,42.8883
0,12,14,0,0,42.7664
0,13,14,0,0,42.6468
0,14,14,0,0,42.5306
0,15,14,0,0,42.4183
0,16,14,0,0,42.3102
0,17,14,0,0,42.2066
0,18,14,0,0,42.1077
0,19,14,0,0,42.0135
0,20,14,0,0,41.9239
0,21,14,0,0,41.839
0,22,14,0,0,41.7586
0,23,14,0,0,41.6824
0,24,14,0,0,41.6101
0,25,14,0,0,41.5415
0,26,14,0,0,41.4768
0,27,14,0,0,41.4159
0,28,14,0,0,41.3587
0,29,14,0,0,41.3048
0,30,14,0,0,41.2539
0,31,14,0,0,41.2061
0,32,14,0,0,41.1611
0,33,14,0,0,41.1188
0,34,14,0,0,41.0793
0,35,14,0,0,41.0425
0,36,14,0,0,41.0077
0,37,14,0,0,40.9749
0,38,14,0,0,40.9443
0,39,14,0,0,40.9161
0,40,14,0,0,40.8901
0,41,14,0,0,40.8658
0,42,14,0,0,40.843
0,43,14,0,0,40.822
0,44,14,0,0,40.8026
0,45,14,0,0,40.7842
0,46,14,0,0,40.7666
0,47,14,0,0,40.75
0,48,14,0,0,40.7344
0,49,14,0,0,40.7199
0,50,14,0,0,40.7063
0,51,14,0,0,40.6935
0,52,14,0,0,40.6815
0,53,14,0,0,40.6704
0,54,14,0,0,40.66
0,55,14,0,0,40.6502
0,56,14,0,0,40.6407
0,57,14,0,0,40.6317
0,58,14,0,0,40.6232
0,59,14,0,0,40.6154
0,60,14,0,0,40.6083
0,61,14,0,0,40.6014
0,62,14,0,0,40.5951
0,63,14,0,0,40.5892
0,64,14,0,0,40.5836
0,65,14,0,0,40.5785
0,66,14,0,0,40.5738
0,67,14,0,0,40.5695
0,68,14,0,0,40.5651
0,69,14,0,0,40.5609
0,70,14,0,0,40.5569
0,71,14,0,0,40.5532
0,72,14,0,0,40.5498
0,73,14,0,0,40.5465
0,74,14,0,0,40.5433
0,75,14,0,0,40.54
0,76,14,0,0,40.5366
0,77,14,0,0,40.5335
0,78,14,0,0,40.5307
0,79,14,0,0,40.5283
0,80,14,0,0,40.5262
0,81,14,0,0,40.5245
0,82,14,0,0,40.5227
0,83,14,0,0,40.5208
0,84,14,0,0,40.5185
0,85,14,0,0,40.516
0,86,14,0,0,40.5133
0,87,14,0,0,40.5105
0,88,14,0,0,40.5079
0,89,14,0,0,40.5055
0,90,14,0,0,40.5032
0,91,14,0,0,40.5012
0,92,14,0,0,40.4995
0,93,14,0,0,40.4978
0,94,14,0,0,40.4961
0,95,14,0,0,40.4944
0,96,14,0,0,40.4929
0,97,14,0,0,40.4919
0,98,14,0,0,40.4913
0,99,14,0,0,40.4908
0,100,14,0,0,40.4901
0,101,14,0,0,40.4891
0,102,14,0,0,40.4881
0,103,14,0,0,40.4872
0,104,14,0,0,40.4867
0,105,14,0,0,40.4865
0,106,14,0,0,40.4862
0,107,14,0,0,40.4863
0,108,14,0,0,40.4865
0,109,14,0,0,40.4865
0,110,14,0,0,40.4862
0,111,14,0,0,40.4857
0,112,14,0,0,40.4849
0,113,14,0,0,40.4838
0,114,14,0,0,40.4826
0,115,14,0,0,40.4815
0,116,14,0,0,40.4804
0,117,14,0,0,40.4792
0,118,14,0,0,40.4782
0,119,14,0,0,40.477
0,120,14,0,0,40.4757
0,121,14,0,0,40.4743
0,122,14,0,0,40.4727
0,123,14,0,0,40.4711
0,124,14,0,0,40.4693
0,125,14,0,0,40.4675
0,126,14,0,0,40.4659
0,127,14,0,0,40.4646
0,0,15,0,7.15688e-05,43.7026
0,1,15,0,0,43.6631
0,2,15,0,0,43.6093
0,3,15,0,0,43.5436
0,4,15,0,0,43.4668
0,5,15,0,0,43.3805
0,6,15,0,0,43.2857
0,7,15,0,0,43.1835
0,8,15,0,0,43.0769
0,9,15,0,0,42.9679
0,10,15,0,0,42.8575
0,11,15,0,0,42.7469
0,12,15,0,0,42.6373
0,13,15,0,0,42.5287
0,14,15,0,0,42.4229
0,15,15,0,0,42.3205
0,16,15,0,0,42.2214
0,17,15,0,0,42.1258
0,18,15,0,0,42.0348
0,19,15,0,0,41.9476
0,20,15,0,0,41.8641
0,21,15,0,0,41.7851
0,22,15,0,0,41.7101
0,23,15,0,0,41.6389
0,24,15,0,0,41.5709
0,25,15,0,0,41.5057
0,26,15,0,0,41.4444
0,27,15,0,0,41.3865
0,28,15,0,0,41.3325
0,29,15,0,0,41.2812
0,30,15,0,0,41.2325
0,31,15,0,0,41.1868
0,32,15,0,0,41.1436
0,33,15,0,0,41.1028
0,34,15,0,0,41.0649
0,35,15,0,0,41.03
0,36,15,0,0,40.9962
0,37,15,0,0,40.9639
0,38,15,0,0,40.9339
0,39,15,0,0,40.9067
0,40,15,0,0,40.8818
0,41,15,0,0,40.8583
0,42,15,0,0,40.8361
0,43,15,0,0,40.8158
0,44,15,0,0,40.7977
0,45,15,0,0,40.7803
0,46,15,0,0,40.763
0,47,15,0,0,40.7464
0,48,15,0,0,40.7311
0,49,15,0,0,40.7169
0,50,15,0,0,40.7037
0,51,15,0,0,40.6912
0,52,15,0,0,40.6794
0,53,15,0,0,40.6687
0,54,15,0,0,40.6591
0,55,15,0,0,40.6497
0,56,15,0,0,40.6403
0,57,15,0,0,40.6313
0,58,15,0,0,40.6227
0,59,15,0,0,40.6148
0,60,15,0,0,40.6081
0,61,15,0,0,40.601
0,62,15,0,0,40.5946
0,63,15,0,0,40.5889
0,64,15,0,0,40.5833
0,65,15,0,0,40.5781
0,66,15,0,0,40.5737
0,67,15,0,0,40.5702
0,68,15,0,0,40.5657
0,69,15,0,0,40.5611
0,70,15,0,0,40.5571
0,71,15,0,0,40.5535
0,72,15,0,0,40.5502
0,73,15,0,0,40.5472
0,74,15,0,0,40.5444
0,75,15,0,0,40.5406
0,76,15,0,0,40.5368
0,77,15,0,0,40.5337
0,78,15,0,0,40.5309
0,79,15,0,0,40.5285
0,80,15,0,0,40.5266
0,81,15,0,0,40.5256
0,82,15,0,0,40.5242
0,83,15,0,0,40.5226
0,84,15,0,0,40.52
0,85,15,0,0,40.5174
0,86,15,0,0,40.5144
0,87,15,0,0,40.5111
0,88,15,0,0,40.5081
0,89,15,0,0,40.5059
0,90,15,0,0,40.5033
0,91,15,0,0,40.5013
0,92,15,0,0,40.5001
0,93,15,0,0,40.4985
0,94,15,0,0,40.4968
0,95,15,0,0,40.4949
0,96,15,0,0,40.4933
0,97,15,0,0,40.4925
0,98,15,0,0,40.4924
0,99,15,0,0,40.4928
0,100,15,0,0,40.4921
0,101,15,0,0,40.4908
0,102,15,0,0,40.4891
0,103,15,0,0,40.4878
0,104,15,0,0,40.4875
0,105,15,0,0,40.4873
0,106,15,0,0,40.4869
0,107,15,0,0,40.4871
0,108,15,0,0,40.488
0,109,15,0,0,40.4881
0,110,15,0,0,40.4876
0,111,15,0,0,40.487
0,112,15,0,0,40.4863
0,113,15,0,0,40.4849
0,114,15,0,0,40.4834
0,115,15,0,0,40.4822
0,116,15,0,0,40.4812
0,117,15,0,0,40.4802
0,118,15,0,0,40.4793
0,119,15,0,0,40.4785
0,120,15,0,0,40.4772
0,121,15,0,0,40.4759
0,122,15,0,0,40.4744
0,123,15,0,0,40.4727
0,124,15,0,0,40.4709
0,125,15,0,0,40.4688
0,126,15,0,0,40.4669
0,127,15,0,0,40.4656
0,0,16,0,8.12288e-05,43.4535
0,1,16,0,5.5275e-05,43.4202
0,2,16,0,8.46e-06,43.3726
0,3,16,0,2.658e-05,43.3166
0,4,16,0,1.5705e-05,43.2506
0,5,16,0,4.59e-05,43.177
0,6,16,0,8.9415e-05,43.0952
0,7,16,0,5.1435e-05,43.0036
0,8,16,0,3.504e-05,42.9084
0,9,16,0,5.196e-05,42.8123
0,10,16,0,5.556e-05,42.7136
0,11,16,0,4.71e-05,42.6146
0,12,16,0,6.64425e-05,42.5166
0,13,16,0,2.658e-05,42.4169
0,14,16,0,2.658e-05,42.3204
0,15,16,0,5.076e-05,42.2278
0,16,16,0,3.82125e-05,42.1368
0,17,16,0,8.46e-06,42.048
0,18,16,0,4.35e-05,41.9652
0,19,16,0,3.966e-05,41.8848
0,20,16,0,1.812e-05,41.8064
0,21,16,0,2.538e-05,41.7334
0,22,16,0,3.201e-05,41.664
0,23,16,0,4.3485e-05,41.5979
0,24,16,0,6.402e-05,41.5344
0,25,16,0,1.692e-05,41.4714
0,26,16,0,5.538e-05,41.4138
0,27,16,0,1.692e-05,41.3579
0,28,16,0,6.402e-05,41.3083
0,29,16,0,5.84475e-05,41.2598
0,30,16,0,2.43225e-05,41.2124
0,31,16,0,4.47e-05,41.1692
0,32,16,0,4.47e-05,41.1277
0,33,16,0,4.35e-05,41.088
0,34,16,0,2.538e-05,41.0513
0,35,16,0,8.8185e-05,41.02
0,36,16,0,6.162e-05,40.9869
0,37,16,0,3.384e-05,40.9541
0,38,16,0,1.0575e-06,40.9239
0,39,16,0,2.538e-05,40.8983
0,40,16,0,5.499e-05,40.8753
0,41,16,0,6.402e-05,40.8528
0,42,16,0,3.504e-05,40.8302
0,43,16,0,1.932e-05,40.8104
0,44,16,0,6.522e-05,40.7952
0,45,16,0,7.953e-05,40.7793
0,46,16,0,4.47e-05,40.7613
0,47,16,0,3.1725e-05,40.7443
0,48,16,0,3.504e-05,40.7293
0,49,16,0,3.384e-05,40.7155
0,50,16,0,6.042e-05,40.7032
0,51,16,0,3.927e-05,40.6905
0,52,16,0,3.744e-05,40.6789
0,53,16,0,3.504e-05,40.6685
0,54,16,0,7.128e-05,40.6604
0,55,16,0,6.90225e-05,40.6517
0,56,16,0,4.23e-05,40.642
0,57,16,0,5.5275e-05,40.6331
0,58,16,0,3.624e-05,40.6236
0,59,16,0,2.538e-05,40.6155
0,60,16,0,7.974e-05,40.6106
0,61,16,0,2.658e-05,40.6021
0,62,16,0,2.778e-05,40.5957
0,63,16,0,5.556e-05,40.5908
0,64,16,0,4.23e-05,40.5847
0,65,16,0,2.538e-05,40.5792
0,66,16,0,2.12925e-05,40.575
0,67,16,0,9.06e-05,40.574
0,68,16,0,5.196e-05,40.5685
0,69,16,0,3.504e-05,40.563
0,70,16,0,3.82125e-05,40.5589
0,71,16,0,4.47e-05,40.5556
0,72,16,0,3.624e-05,40.5524
0,73,16,0,3.504e-05,40.5499
0,74,16,0,7.83975e-05,40.5484
0,75,16,0,4.47e-05,40.5435
0,76,16,0,1.692e-05,40.5383
0,77,16,0,3.624e-05,40.5355
0,78,16,0,3.504e-05,40.5328
0,79,16,0,4.10775e-05,40.5303
0,80,16,0,2.778e-05,40.5282
0,81,16,0,7.02225e-05,40.529
0,82,16,0,5.436e-05,40.5281
0,83,16,0,7.614e-05,40.5273
0,84,16,0,2.538e-05,40.5235
0,85,16,0,4.57575e-05,40.5213
0,86,16,0,5.79975e-05,40.5178
0,87,16,0,4.71e-05,40.5134
0,88,16,0,1.812e-05,40.5096
0,89,16,0,6.4935e-05,40.5086
0,90,16,0,1.932e-05,40.5048
0,91,16,0,1.269e-05,40.5025
0,92,16,0,7.128e-05,40.5029
0,93,16,0,5.196e-05,40.5012
0,94,16,0,5.076e-05,40.4996
0,95,16,0,2.898e-05,40.4969
0,96,16,0,9.66e-06,40.4947
0,97,16,0,2.538e-05,40.4944
0,98,16,0,1.932e-05,40.4949
0,99,16,0,8.7e-05,40.498
0,100,16,0,5.4075e-05,40.4965
0,101,16,0,6.282e-05,40.4946
0,102,16,0,4.46925e-05,40.4918
0,103,16,0,8.46e-06,40.4893
0,104,16,0,4.35e-05,40.4899
0,105,16,0,5.979e-05,40.4904
0,106,16,0,1.932e-05,40.4887
0,107,16,0,1.932e-05,40.4893
0,108,16,0,6.888e-05,40.4921
0,109,16,0,6.282e-05,40.4922
0,110,16,0,3.744e-05,40.491
0,111,16,0,4.35e-05,40.4903
0,112,16,0,6.162e-05,40.4902
0,113,16,0,2.415e-05,40.4878
0,114,16,0,3.504e-05,40.486
0,115,16,0,1.9335e-05,40.4846
0,116,16,0,4.59e-05,40.484
0,117,16,0,3.384e-05,40.4828
0,118,16,0,4.818e-05,40.4824
0,119,16,0,6.402e-05,40.482
0,120,16,0,4.35e-05,40.4807
0,121,16,0,5.316e-05,40.4796
0,122,16,0,4.35e-05,40.478
0,123,16,0,3.384e-05,40.4761
0,124,16,0,6.162e-05,40.4748
0,125,16,0,3.8655e-05,40.4715
0,126,16,0,3.504e-05,40.4692
0,127,16,0,8.214e-05,40.4687
0,0,17,0,0.000131989,43.2271
0,1,17,0,2.4465e-05,43.1957
0,2,17,0,3.504e-05,43.1555
0,3,17,0,5.778e-05,43.1077
0,4,17,0,9.7875e-05,43.0517
0,5,17,0,9.786e-05,42.986
0,6,17,0,6.8865e-05,42.9114
0,7,17,0,3.384e-05,42.8299
0,8,17,0,3.504e-05,42.746
0,9,17,0,7.128e-05,42.6609
0,10,17,0,1.1775e-05,42.571
0,11,17,0,3.504e-05,42.4831
0,12,17,0,6.88575e-05,42.3958
0,13,17,0,5.196e-05,42.3064
0,14,17,0,2.8695e-05,42.218
0,15,17,0,2.778e-05,42.133
0,16,17,0,6.81075e-05,42.0515
0,17,17,0,4.23e-05,41.9702
0,18,17,0,3.1725e-05,41.8929
0,19,17,0,8.98275e-05,41.8204
0,20,17,0,2.658e-05,41.7467
0,21,17,0,7.248e-05,41.68
0,22,17,0,7.431e-05,41.6153
0,23,17,0,7.5525e-05,41.5529
0,24,17,0,6.402e-05,41.4923
0,25,17,0,7.368e-05,41.434
0,26,17,0,3.384e-05,41.3774
0,27,17,0,3.504e-05,41.3251
0,28,17,0,4.23e-05,41.2772
0,29,17,0,5.63325e-05,41.232
0,30,17,0,6.38775e-05,41.1884
0,31,17,0,6.402e-05,41.1469
0,32,17,0,6.384e-05,41.1067
0,33,17,0,9.66e-06,41.0667
0,34,17,0,1.6905e-05,41.0319
0,35,17,0,3.6255e-05,41.0009
0,36,17,0,6.162e-05,40.9708
0,37,17,0,2.274e-05,40.9396
0,38,17,0,5.30175e-05,40.9124
0,39,17,0,3.384e-05,40.8862
0,40,17,0,2.961e-05,40.8624
0,41,17,0,2.658e-05,40.84
0,42,17,0,1.812e-05,40.8188
0,43,17,0,1.0875e-05,40.8001
0,44,17,0,5.316e-05,40.7855
0,45,17,0,6.645e-05,40.7704
0,46,17,0,6.042e-05,40.7539
0,47,17,0,4.6815e-05,40.7377
0,48,17,0,5.898e-05,40.7235
0,49,17,0,5.316e-05,40.7095
0,50,17,0,2.658e-05,40.696
0,51,17,0,5.739e-05,40.685
0,52,17,0,4.35e-05,40.6734
0,53,17,0,4.23e-05,40.6629
0,54,17,0,1.812e-05,40.6531
0,55,17,0,4.81575e-05,40.6458
0,56,17,0,7.974e-05,40.6384
0,57,17,0,4.66725e-05,40.6287
0,58,17,0,4.8645e-05,40.6197
0,59,17,0,1.932e-05,40.611
0,60,17,0,5.658e-05,40.6059
0,61,17,0,5.316e-05,40.5991
0,62,17,0,4.9845e-05,40.5928
0,63,17,0,5.556e-05,40.5872
0,64,17,0,2.658e-05,40.5808
0,65,17,0,6.64425e-05,40.5771
0,66,17,0,3.06675e-05,40.5719
0,67,17,0,6.768e-05,40.5697
0,68,17,0,5.436e-05,40.5649
0,69,17,0,4.47e-05,40.5599
0,70,17,0,4.90725e-05,40.556
0,71,17,0,3.504e-05,40.5522
0,72,17,0,6.042e-05,40.5503
0,73,17,0,6.888e-05,40.5481
0,74,17,0,5.66175e-05,40.545
0,75,17,0,6.282e-05,40.5413
0,76,17,0,5.316e-05,40.5369
0,77,17,0,4.35e-05,40.5333
0,78,17,0,6.042e-05,40.5308
0,79,17,0,3.14025e-05,40.527
0,80,17,0,1.28325e-05,40.5243
0,81,17,0,3.48975e-05,40.5246
0,82,17,0,6.0405e-05,40.5251
0,83,17,0,6.1605e-05,40.5245
0,84,17,0,8.214e-05,40.5232
0,85,17,0,0.000103148,40.521
0,86,17,0,3.74625e-05,40.5146
0,87,17,0,8.46e-06,40.5093
0,88,17,0,4.23e-05,40.5074
0,89,17,0,4.0185e-05,40.5055
0,90,17,0,5.316e-05,40.5035
0,91,17,0,4.893e-05,40.501
0,92,17,0,8.46e-06,40.4981
0,93,17,0,2.67225e-05,40.4974
0,94,17,0,5.436e-05,40.4972
0,95,17,0,4.35e-05,40.4956
0,96,17,0,5.6475e-05,40.4946
0,97,17,0,3.927e-05,40.4934
0,98,17,0,3.846e-05,40.4935
0,99,17,0,7.128e-05,40.4954
0,100,17,0,7.6425e-05,40.4946
0,101,17,0,2.898e-05,40.4909
0,102,17,0,2.53725e-05,40.4887
0,103,17,0,5.556e-05,40.4883
0,104,17,0,2.778e-05,40.4872
0,105,17,0,5.739e-05,40.488
0,106,17,0,2.88e-05,40.4868
0,107,17,0,5.196e-05,40.4881
0,108,17,0,6.162e-05,40.4896
0,109,17,0,4.59e-05,40.4894
0,110,17,0,7.047e-05,40.4896
0,111,17,0,3.39825e-05,40.4879
0,112,17,0,6.162e-05,40.4884
0,113,17,0,9.303e-05,40.488
0,114,17,0,1.932e-05,40.4842
0,115,17,0,9.0585e-05,40.4849
0,116,17,0,3.384e-05,40.4819
0,117,17,0,5.196e-05,40.481
0,118,17,0,4.242e-05,40.4795
0,119,17,0,1.812e-05,40.478
0,120,17,0,6.888e-05,40.4787
0,121,17,0,3.504e-05,40.4769
0,122,17,0,6.522e-05,40.4767
0,123,17,0,7.008e-05,40.4753
0,124,17,0,5.316e-05,40.4725
0,125,17,0,3.3825e-05,40.4688
0,126,17,0,1.28325e-05,40.4656
0,127,17,0,3.744e-05,40.4645
0,0,18,0,7.15688e-05,43.0159
0,1,18,0,0,42.9878
0,2,18,0,0,42.952
0,3,18,0,1.692e-05,42.9091
0,4,18,0,0,42.8577
0,5,18,0,0,42.7991
0,6,18,0,0,42.7338
0,7,18,0,6.345e-06,42.6633
0,8,18,0,0,42.589
0,9,18,0,0,42.5124
0,10,18,0,6.345e-06,42.4337
0,11,18,0,0,42.3541
0,12,18,0,0,42.2745
0,13,18,0,0,42.1945
0,14,18,0,6.345e-06,42.1154
0,15,18,0,0,42.0377
0,16,18,0,0,41.9622
0,17,18,0,0,41.8884
0,18,18,0,2.115e-06,41.8172
0,19,18,0,3.1725e-06,41.7488
0,20,18,0,0,41.682
0,21,18,0,0,41.6186
0,22,18,0,0,41.5578
0,23,18,0,4.23e-06,41.4993
0,24,18,0,0,41.4425
0,25,18,0,0,41.3881
0,26,18,0,0,41.336
0,27,18,0,0,41.287
0,28,18,0,0,41.241
0,29,18,0,0,41.1976
0,30,18,0,0,41.1562
0,31,18,0,0,41.1167
0,32,18,0,0,41.0789
0,33,18,0,0,41.0427
0,34,18,0,2.415e-06,41.0094
0,35,18,0,0,40.9785
0,36,18,0,0,40.9491
0,37,18,0,0,40.9208
0,38,18,0,6.345e-06,40.8946
0,39,18,0,0,40.8695
0,40,18,0,0,40.8463
0,41,18,0,0,40.8247
0,42,18,0,0,40.8048
0,43,18,0,7.245e-06,40.7869
0,44,18,0,0,40.7704
0,45,18,0,0,40.7548
0,46,18,0,0,40.7393
0,47,18,0,0,40.7243
0,48,18,0,0,40.7103
0,49,18,0,0,40.697
0,50,18,0,0,40.6845
0,51,18,0,0,40.6731
0,52,18,0,0,40.6622
0,53,18,0,0,40.6521
0,54,18,0,0,40.6428
0,55,18,0,0,40.6345
0,56,18,0,0,40.6265
0,57,18,0,3.1725e-06,40.6182
0,58,18,0,2.115e-06,40.61
0,59,18,0,0,40.6022
0,60,18,0,0,40.5957
0,61,18,0,0,40.5893
0,62,18,0,2.115e-06,40.5833
0,63,18,0,0,40.5776
0,64,18,0,0,40.5721
0,65,18,0,6.0375e-06,40.5677
0,66,18,0,0,40.5629
0,67,18,0,0,40.5591
0,68,18,0,0,40.5549
0,69,18,0,0,40.5506
0,70,18,0,2.115e-06,40.5469
0,71,18,0,0,40.5434
0,72,18,0,0,40.5406
0,73,18,0,0,40.538
0,74,18,0,6.345e-06,40.5352
0,75,18,0,0,40.5317
0,76,18,0,0,40.5281
0,77,18,0,0,40.5249
0,78,18,0,0,40.5221
0,79,18,0,0,40.5194
0,80,18,0,5.2875e-06,40.5175
0,81,18,0,0,40.5163
0,82,18,0,2.415e-06,40.5155
0,83,18,0,2.415e-06,40.5143
0,84,18,0,0,40.5125
0,85,18,0,2.115e-06,40.5101
0,86,18,0,0,40.5062
0,87,18,0,0,40.5026
0,88,18,0,0,40.5
0,89,18,0,0,40.4979
0,90,18,0,0,40.4958
0,91,18,0,0,40.4937
0,92,18,0,0,40.4917
0,93,18,0,1.0575e-06,40.4904
0,94,18,0,0,40.4894
0,95,18,0,0,40.4883
0,96,18,0,6.345e-06,40.4875
0,97,18,0,4.23e-06,40.4865
0,98,18,0,0,40.4859
0,99,18,0,0,40.4858
0,100,18,0,0,40.4849
0,101,18,0,0,40.4831
0,102,18,0,2.415e-06,40.4817
0,103,18,0,0,40.4807
0,104,18,0,0,40.48
0,105,18,0,0,40.4799
0,106,18,0,0,40.4796
0,107,18,0,0,40.48
0,108,18,0,0,40.4805
0,109,18,0,0,40.4806
0,110,18,0,4.23e-06,40.4806
0,111,18,0,1.0575e-06,40.4797
0,112,18,0,0,40.4793
0,113,18,0,0,40.4784
0,114,18,0,0,40.4767
0,115,18,0,0,40.4758
0,116,18,0,0,40.4742
0,117,18,0,0,40.4729
0,118,18,0,0,40.4717
0,119,18,0,0,40.4705
0,120,18,0,0,40.4699
0,121,18,0,0,40.4688
0,122,18,0,0,40.4678
0,123,18,0,0,40.4664
0,124,18,0,0,40.4643
0,125,18,0,0,40.4618
0,126,18,0,5.2875e-06,40.4598
0,127,18,0,0,40.4581
0,0,19,0,7.15688e-05,42.8246
0,1,19,0,0,42.7989
0,2,19,0,0,42.7663
0,3,19,0,0,42.7272
0,4,19,0,0,42.6812
0,5,19,0,0,42.6291
0,6,19,0,0,42.5715
0,7,19,0,0,42.5093
0,8,19,0,0,42.4435
0,9,19,0,0,42.3752
0,10,19,0,0,42.305
0,11,19,0,0,42.2336
0,12,19,0,0,42.1617
0,13,19,0,0,42.0896
0,14,19,0,0,42.018
0,15,19,0,0,41.9474
0,16,19,0,0,41.8782
0,17,19,0,0,41.8105
0,18,19,0,0,41.7449
0,19,19,0,0,41.6813
0,20,19,0,0,41.6197
0,21,19,0,0,41.5604
0,22,19,0,0,41.5034
0,23,19,0,0,41.4485
0,24,19,0,0,41.3956
0,25,19,0,0,41.3448
0,26,19,0,0,41.2962
0,27,19,0,0,41.2502
0,28,19,0,0,41.2067
0,29,19,0,0,41.1654
0,30,19,0,0,41.1262
0,31,19,0,0,41.0889
0,32,19,0,0,41.0533
0,33,19,0,0,41.0195
0,34,19,0,0,40.9879
0,35,19,0,0,40.9581
0,36,19,0,0,40.9299
0,37,19,0,0,40.903
0,38,19,0,0,40.8778
0,39,19,0,0,40.8539
0,40,19,0,0,40.8316
0,41,19,0,0,40.8108
0,42,19,0,0,40.7916
0,43,19,0,0,40.7738
0,44,19,0,0,40.7574
0,45,19,0,0,40.7418
0,46,19,0,0,40.7268
0,47,19,0,0,40.7126
0,48,19,0,0,40.6991
0,49,19,0,0,40.6863
0,50,19,0,0,40.6743
0,51,19,0,0,40.6632
0,52,19,0,0,40.6527
0,53,19,0,0,40.6429
0,54,19,0,0,40.6339
0,55,19,0,0,40.6254
0,56,19,0,0,40.6173
0,57,19,0,0,40.6094
0,58,19,0,0,40.6017
0,59,19,0,0,40.5944
0,60,19,0,0,40.5877
0,61,19,0,0,40.5814
0,62,19,0,0,40.5754
0,63,19,0,0,40.5698
0,64,19,0,0,40.5645
0,65,19,0,0,40.5597
0,66,19,0,0,40.5552
0,67,19,0,0,40.551
0,68,19,0,0,40.5469
0,69,19,0,0,40.543
0,70,19,0,0,40.5393
0,71,19,0,0,40.5359
0,72,19,0,0,40.5329
0,73,19,0,0,40.53
0,74,19,0,0,40.5271
0,75,19,0,0,40.5241
0,76,19,0,0,40.521
0,77,19,0,0,40.5181
0,78,19,0,0,40.5155
0,79,19,0,0,40.5131
0,80,19,0,0,40.511
0,81,19,0,0,40.5094
0,82,19,0,0,40.508
0,83,19,0,0,40.5064
0,84,19,0,0,40.5045
0,85,19,0,0,40.5022
0,86,19,0,0,40.4994
0,87,19,0,0,40.4966
0,88,19,0,0,40.4943
0,89,19,0,0,40.4922
0,90,19,0,0,40.4902
0,91,19,0,0,40.4883
0,92,19,0,0,40.4865
0,93,19,0,0,40.485
0,94,19,0,0,40.4837
0,95,19,0,0,40.4824
0,96,19,0,0,40.4814
0,97,19,0,0,40.4804
0,98,19,0,0,40.4796
0,99,19,0,0,40.4789
0,100,19,0,0,40.4779
0,101,19,0,0,40.4767
0,102,19,0,0,40.4756
0,103,19,0,0,40.4747
0,104,19,0,0,40.4741
0,105,19,0,0,40.4738
0,106,19,0,0,40.4736
0,107,19,0,0,40.4737
0,108,19,0,0,40.4738
0,109,19,0,0,40.4737
0,110,19,0,0,40.4735
0,111,19,0,0,40.4729
0,112,19,0,0,40.4723
0,113,19,0,0,40.4715
0,114,19,0,0,40.4704
0,115,19,0,0,40.4693
0,116,19,0,0,40.468
0,117,19,0,0,40.4667
0,118,19,0,0,40.4655
0,119,19,0,0,40.4644
0,120,19,0,0,40.4635
0,121,19,0,0,40.4624
0,122,19,0,0,40.4612
0,123,19,0,0,40.4598
0,124,19,0,0,40.4581
0,125,19,0,0,40.4563
0,126,19,0,0,40.4546
0,127,19,0,0,40.4532
0,0,20,0,7.15688e-05,42.6508
0,1,20,0,0,42.6271
0,2,20,0,0,42.5974
0,3,20,0,0,42.5619
0,4,20,0,0,42.5207
0,5,20,0,0,42.4742
0,6,20,0,0,42.423
0,7,20,0,0,42.3678
0,8,20,0,0,42.3094
0,9,20,0,0,42.2484
0,10,20,0,0,42.1856
0,11,20,0,0,42.1215
0,12,20,0,0,42.0567
0,13,20,0,0,41.9916
0,14,20,0,0,41.9267
0,15,20,0,0,41.8624
0,16,20,0,0,41.7991
0,17,20,0,0,41.7371
0,18,20,0,0,41.6766
0,19,20,0,0,41.6178
0,20,20,0,0,41.5607
0,21,20,0,0,41.5055
0,22,20,0,0,41.4522
0,23,20,0,0,41.4008
0,24,20,0,0,41.3514
0,25,20,0,0,41.3039
0,26,20,0,0,41.2585
0,27,20,0,0,41.2153
0,28,20,0,0,41.1743
0,29,20,0,0,41.1353
0,30,20,0,0,41.0983
0,31,20,0,0,41.0631
0,32,20,0,0,41.0296
0,33,20,0,0,40.9979
0,34,20,0,0,40.9678
0,35,20,0,0,40.9395
0,36,20,0,0,40.9125
0,37,20,0,0,40.887
0,38,20,0,0,40.8628
0,39,20,0,0,40.8399
0,40,20,0,0,40.8184
0,41,20,0,0,40.7984
0,42,20,0,0,40.7797
0,43,20,0,0,40.7624
0,44,20,0,0,40.7462
0,45,20,0,0,40.7309
0,46,20,0,0,40.7164
0,47,20,0,0,40.7026
0,48,20,0,0,40.6896
0,49,20,0,0,40.6774
0,50,20,0,0,40.6659
0,51,20,0,0,40.6551
0,52,20,0,0,40.645
0,53,20,0,0,40.6355
0,54,20,0,0,40.6266
0,55,20,0,0,40.6183
0,56,20,0,0,40.6103
0,57,20,0,0,40.6026
0,58,20,0,0,40.5953
0,59,20,0,0,40.5882
0,60,20,0,0,40.5816
0,61,20,0,0,40.5753
0,62,20,0,0,40.5694
0,63,20,0,0,40.5638
0,64,20,0,0,40.5585
0,65,20,0,0,40.5537
0,66,20,0,0,40.5491
0,67,20,0,0,40.5449
0,68,20,0,0,40.5409
0,69,20,0,0,40.5371
0,70,20,0,0,40.5335
0,71,20,0,0,40.5301
0,72,20,0,0,40.527
0,73,20,0,0,40.5241
0,74,20,0,0,40.5213
0,75,20,0,0,40.5185
0,76,20,0,0,40.5157
0,77,20,0,0,40.513
0,78,20,0,0,40.5106
0,79,20,0,0,40.5082
0,80,20,0,0,40.5062
0,81,20,0,0,40.5043
0,82,20,0,0,40.5025
0,83,20,0,0,40.5007
0,84,20,0,0,40.4988
0,85,20,0,0,40.4967
0,86,20,0,0,40.4944
0,87,20,0,0,40.4922
0,88,20,0,0,40.4901
0,89,20,0,0,40.4882
0,90,20,0,0,40.4863
0,91,20,0,0,40.4845
0,92,20,0,0,40.4827
0,93,20,0,0,40.4811
0,94,20,0,0,40.4796
0,95,20,0,0,40.4783
0,96,20,0,0,40.4771
0,97,20,0,0,40.476
0,98,20,0,0,40.475
0,99,20,0,0,40.474
0,100,20,0,0,40.473
0,101,20,0,0,40.472
0,102,20,0,0,40.471
0,103,20,0,0,40.4703
0,104,20,0,0,40.4698
0,105,20,0,0,40.4694
0,106,20,0,0,40.4693
0,107,20,0,0,40.4692
0,108,20,0,0,40.4691
0,109,20,0,0,40.4689
0,110,20,0,0,40.4685
0,111,20,0,0,40.468
0,112,20,0,0,40.4674
0,113,20,0,0,40.4667
0,114,20,0,0,40.4658
0,115,20,0,0,40.4647
0,116,20,0,0,40.4635
0,117,20,0,0,40.4623
0,118,20,0,0,40.461
0,119,20,0,0,40.4599
0,120,20,0,0,40.4589
0,121,20,0,0,40.4578
0,122,20,0,0,40.4567
0,123,20,0,0,40.4553
0,124,20,0,0,40.4538
0,125,20,0,0,40.4523
0,126,20,0,0,40.4508
0,127,20,0,0,40.4496
0,0,21,0,7.15688e-05,42.4928
0,1,21,0,0,42.4709
0,2,21,0,0,42.4438
0,3,21,0,0,42.4116
0,4,21,0,0,42.3745
0,5,21,0,0,42.3329
0,6,21,0,0,42.2873
0,7,21,0,0,42.2381
0,8,21,0,0,42.1859
0,9,21,0,0,42.1315
0,10,21,0,0,42.0753
0,11,21,0,0,42.0177
0,12,21,0,0,41.9593
0,13,21,0,0,41.9005
0,14,21,0,0,41.8416
0,15,21,0,0,41.7831
0,16,21,0,0,41.7252
0,17,21,0,0,41.6682
0,18,21,0,0,41.6125
0,19,21,0,0,41.5582
0,20,21,0,0,41.5053
0,21,21,0,0,41.4539
0,22,21,0,0,41.4042
0,23,21,0,0,41.3561
0,24,21,0,0,41.3099
0,25,21,0,0,41.2655
0,26,21,0,0,41.223
0,27,21,0,0,41.1825
0,28,21,0,0,41.1439
0,29,21,0,0,41.1073
0,30,21,0,0,41.0725
0,31,21,0,0,41.0393
0,32,21,0,0,41.0079
0,33,21,0,0,40.978
0,34,21,0,0,40.9496
0,35,21,0,0,40.9227
0,36,21,0,0,40.8971
0,37,21,0,0,40.8727
0,38,21,0,0,40.8494
0,39,21,0,0,40.8274
0,40,21,0,0,40.8067
0,41,21,0,0,40.7873
0,42,21,0,0,40.7693
0,43,21,0,0,40.7525
0,44,21,0,0,40.7367
0,45,21,0,0,40.7218
0,46,21,0,0,40.7078
0,47,21,0,0,40.6945
0,48,21,0,0,40.6819
0,49,21,0,0,40.6701
0,50,21,0,0,40.6591
0,51,21,0,0,40.6487
0,52,21,0,0,40.6389
0,53,21,0,0,40.6297
0,54,21,0,0,40.6211
0,55,21,0,0,40.613
0,56,21,0,0,40.6053
0,57,21,0,0,40.5978
0,58,21,0,0,40.5907
0,59,21,0,0,40.5838
0,60,21,0,0,40.5773
0,61,21,0,0,40.571
0,62,21,0,0,40.5651
0,63,21,0,0,40.5595
0,64,21,0,0,40.5542
0,65,21,0,0,40.5493
0,66,21,0,0,40.5448
0,67,21,0,0,40.5406
0,68,21,0,0,40.5367
0,69,21,0,0,40.533
0,70,21,0,0,40.5294
0,71,21,0,0,40.5261
0,72,21,0,0,40.5229
0,73,21,0,0,40.52
0,74,21,0,0,40.5173
0,75,21,0,0,40.5147
0,76,21,0,0,40.5122
0,77,21,0,0,40.5097
0,78,21,0,0,40.5074
0,79,21,0,0,40.5051
0,80,21,0,0,40.503
0,81,21,0,0,40.501
0,82,21,0,0,40.499
0,83,21,0,0,40.4971
0,84,21,0,0,40.4952
0,85,21,0,0,40.4933
0,86,21,0,0,40.4913
0,87,21,0,0,40.4895
0,88,21,0,0,40.4877
0,89,21,0,0,40.486
0,90,21,0,0,40.4843
0,91,21,0,0,40.4825
0,92,21,0,0,40.4807
0,93,21,0,0,40.479
0,94,21,0,0,40.4773
0,95,21,0,0,40.4758
0,96,21,0,0,40.4745
0,97,21,0,0,40.4733
0,98,21,0,0,40.4722
0,99,21,0,0,40.4711
0,100,21,0,0,40.47
0,101,21,0,0,40.469
0,102,21,0,0,40.4681
0,103,21,0,0,40.4674
0,104,21,0,0,40.467
0,105,21,0,0,40.4667
0,106,21,0,0,40.4666
0,107,21,0,0,40.4664
0,108,21,0,0,40.4662
0,109,21,0,0,40.4659
0,110,21,0,0,40.4655
0,111,21,0,0,40.465
0,112,21,0,0,40.4645
0,113,21,0,0,40.4639
0,114,21,0,0,40.4631
0,115,21,0,0,40.4621
0,116,21,0,0,40.4609
0,117,21,0,0,40.4595
0,118,21,0,0,40.4582
0,119,21,0,0,40.4571
0,120,21,0,0,40.4561
0,121,21,0,0,40.4551
0,122,21,0,0,40.454
0,123,21,0,0,40.4528
0,124,21,0,0,40.4514
0,125,21,0,0,40.4498
0,126,21,0,0,40.4484
0,127,21,0,0,40.4472
0,0,22,0,7.15688e-05,42.349
0,1,22,0,0,42.3287
0,2,22,0,0,42.304
0,3,22,0,0,42.2748
0,4,22,0,0,42.2414
0,5,22,0,0,42.2041
0,6,22,0,0,42.1632
0,7,22,0,0,42.1192
0,8,22,0,0,42.0726
0,9,22,0,0,42.0239
0,10,22,0,0,41.9736
0,11,22,0,0,41.9219
0,12,22,0,0,41.8693
0,13,22,0,0,41.8161
0,14,22,0,0,41.7627
0,15,22,0,0,41.7093
0,16,22,0,0,41.6563
0,17,22,0,0,41.6039
0,18,22,0,0,41.5526
0,19,22,0,0,41.5026
0,20,22,0,0,41.4536
0,21,22,0,0,41.4058
0,22,22,0,0,41.3593
0,23,22,0,0,41.3144
0,24,22,0,0,41.2712
0,25,22,0,0,41.2296
0,26,22,0,0,41.1898
0,27,22,0,0,41.1518
0,28,22,0,0,41.1157
0,29,22,0,0,41.0813
0,30,22,0,0,41.0487
0,31,22,0,0,41.0176
0,32,22,0,0,40.9881
0,33,22,0,0,40.96
0,34,22,0,0,40.9333
0,35,22,0,0,40.908
0,36,22,0,0,40.8836
0,37,22,0,0,40.8603
0,38,22,0,0,40.838
0,39,22,0,0,40.8166
0,40,22,0,0,40.7965
0,41,22,0,0,40.7778
0,42,22,0,0,40.7604
0,43,22,0,0,40.7443
0,44,22,0,0,40.7291
0,45,22,0,0,40.7146
0,46,22,0,0,40.7009
0,47,22,0,0,40.6881
0,48,22,0,0,40.676
0,49,22,0,0,40.6647
0,50,22,0,0,40.6541
0,51,22,0,0,40.6441
0,52,22,0,0,40.6347
0,53,22,0,0,40.6257
0,54,22,0,0,40.6174
0,55,22,0,0,40.6096
0,56,22,0,0,40.6021
0,57,22,0,0,40.595
0,58,22,0,0,40.588
0,59,22,0,0,40.5812
0,60,22,0,0,40.5748
0,61,22,0,0,40.5685
0,62,22,0,0,40.5626
0,63,22,0,0,40.557
0,64,22,0,0,40.5517
0,65,22,0,0,40.5467
0,66,22,0,0,40.5422
0,67,22,0,0,40.5381
0,68,22,0,0,40.5343
0,69,22,0,0,40.5306
0,70,22,0,0,40.5272
0,71,22,0,0,40.5238
0,72,22,0,0,40.5206
0,73,22,0,0,40.5177
0,74,22,0,0,40.5152
0,75,22,0,0,40.513
0,76,22,0,0,40.5105
0,77,22,0,0,40.5083
0,78,22,0,0,40.506
0,79,22,0,0,40.5038
0,80,22,0,0,40.5016
0,81,22,0,0,40.4994
0,82,22,0,0,40.4974
0,83,22,0,0,40.4954
0,84,22,0,0,40.4934
0,85,22,0,0,40.4917
0,86,22,0,0,40.49
0,87,22,0,0,40.4885
0,88,22,0,0,40.4871
0,89,22,0,0,40.4857
0,90,22,0,0,40.4842
0,91,22,0,0,40.4825
0,92,22,0,0,40.4805
0,93,22,0,0,40.4785
0,94,22,0,0,40.4767
0,95,22,0,0,40.4751
0,96,22,0,0,40.4735
0,97,22,0,0,40.4722
0,98,22,0,0,40.4711
0,99,22,0,0,40.4699
0,100,22,0,0,40.4687
0,101,22,0,0,40.4677
0,102,22,0,0,40.4668
0,103,22,0,0,40.4661
0,104,22,0,0,40.4657
0,105,22,0,0,40.4657
0,106,22,0,0,40.4657
0,107,22,0,0,40.4656
0,108,22,0,0,40.4653
0,109,22,0,0,40.4649
0,110,22,0,0,40.4643
0,111,22,0,0,40.4638
0,112,22,0,0,40.4634
0,113,22,0,0,40.4631
0,114,22,0,0,40.4624
0,115,22,0,0,40.4615
0,116,22,0,0,40.4602
0,117,22,0,0,40.4585
0,118,22,0,0,40.457
0,119,22,0,0,40.4558
0,120,22,0,0,40.455
0,121,22,0,0,40.4542
0,122,22,0,0,40.4533
0,123,22,0,0,40.4521
0,124,22,0,0,40.4507
0,125,22,0,0,40.4491
0,126,22,0,0,40.4474
0,127,22,0,0,40.446
0,0,23,0,7.15688e-05,42.218
0,1,23,0,0,42.1995
0,2,23,0,0,42.177
0,3,23,0,0,42.1504
0,4,23,0,0,42.1202
0,5,23,0,0,42.0866
0,6,23,0,0,42.05
0,7,23,0,0,42.0106
0,8,23,0,0,41.9686
0,9,23,0,0,41.9252
0,10,23,0,0,41.8801
0,11,23,0,0,41.834
0,12,23,0,0,41.7863
0,13,23,0,0,41.7382
0,14,23,0,0,41.69
0,15,23,0,0,41.6412
0,16,23,0,0,41.5926
0,17,23,0,0,41.5442
0,18,23,0,0,41.497
0,19,23,0,0,41.4512
0,20,23,0,0,41.4058
0,21,23,0,0,41.3611
0,22,23,0,0,41.3177
0,23,23,0,0,41.2756
0,24,23,0,0,41.2352
0,25,23,0,0,41.1963
0,26,23,0,0,41.1589
0,27,23,0,0,41.1234
0,28,23,0,0,41.0895
0,29,23,0,0,41.0575
0,30,23,0,0,41.027
0,31,23,0,0,40.9977
0,32,23,0,0,40.9705
0,33,23,0,0,40.9441
0,34,23,0,0,40.919
0,35,23,0,0,40.8954
0,36,23,0,0,40.8723
0,37,23,0,0,40.8499
0,38,23,0,0,40.8286
0,39,23,0,0,40.8076
0,40,23,0,0,40.7879
0,41,23,0,0,40.7696
0,42,23,0,0,40.7531
0,43,23,0,0,40.7378
0,44,23,0,0,40.7233
0,45,23,0,0,40.7093
0,46,23,0,0,40.6958
0,47,23,0,0,40.6835
0,48,23,0,0,40.6717
0,49,23,0,0,40.6609
0,50,23,0,0,40.6508
0,51,23,0,0,40.6414
0,52,23,0,0,40.6324
0,53,23,0,0,40.6233
0,54,23,0,0,40.6154
0,55,23,0,0,40.6081
0,56,23,0,0,40.601
0,57,23,0,0,40.5942
0,58,23,0,0,40.5874
0,59,23,0,0,40.5804
0,60,23,0,0,40.5743
0,61,23,0,0,40.5678
0,62,23,0,0,40.5618
0,63,23,0,0,40.5563
0,64,23,0,0,40.5509
0,65,23,0,0,40.5456
0,66,23,0,0,40.5411
0,67,23,0,0,40.5375
0,68,23,0,0,40.5337
0,69,23,0,0,40.5302
0,70,23,0,0,40.5268
0,71,23,0,0,40.5233
0,72,23,0,0,40.52
0,73,23,0,0,40.517
0,74,23,0,0,40.5149
0,75,23,0,0,40.5132
0,76,23,0,0,40.5107
0,77,23,0,0,40.5086
0,78,23,0,0,40.5066
0,79,23,0,0,40.5044
0,80,23,0,0,40.502
0,81,23,0,0,40.4996
0,82,23,0,0,40.4977
0,83,23,0,0,40.4955
0,84,23,0,0,40.4934
0,85,23,0,0,40.4918
0,86,23,0,0,40.4904
0,87,23,0,0,40.4894
0,88,23,0,0,40.4882
0,89,23,0,0,40.4872
0,90,23,0,0,40.4861
0,91,23,0,0,40.4845
0,92,23,0,0,40.4821
0,93,23,0,0,40.4796
0,94,23,0,0,40.4777
0,95,23,0,0,40.476
0,96,23,0,0,40.4742
0,97,23,0,0,40.4728
0,98,23,0,0,40.4719
0,99,23,0,0,40.4704
0,100,23,0,0,40.4692
0,101,23,0,0,40.468
0,102,23,0,0,40.4669
0,103,23,0,0,40.4663
0,104,23,0,0,40.4659
0,105,23,0,0,40.4663
0,106,23,0,0,40.4667
0,107,23,0,0,40.4666
0,108,23,0,0,40.4663
0,109,23,0,0,40.4657
0,110,23,0,0,40.465
0,111,23,0,0,40.4641
0,112,23,0,0,40.4642
0,113,23,0,0,40.4643
0,114,23,0,0,40.4638
0,115,23,0,0,40.4631
0,116,23,0,0,40.4616
0,117,23,0,0,40.4592
0,118,23,0,0,40.4572
0,119,23,0,0,40.456
0,120,23,0,0,40.4555
0,121,23,0,0,40.4554
0,122,23,0,0,40.4545
0,123,23,0,0,40.4532
0,124,23,0,0,40.4521
0,125,23,0,0,40.4501
0,126,23,0,0,40.4478
0,127,23,0,0,40.446
0,0,24,0,8.96888e-05,42.0988
0,1,24,0,2.538e-05,42.0822
0,2,24,0,3.807e-05,42.062
0,3,24,0,1.932e-05,42.0372
0,4,24,0,2.538e-05,42.01
0,5,24,0,1.812e-05,41.9797
0,6,24,0,2.538e-05,41.9469
0,7,24,0,4.35e-05,41.9115
0,8,24,0,1.692e-05,41.8731
0,9,24,0,4.47e-05,41.8349
0,10,24,0,2.658e-05,41.7943
0,11,24,0,7.974e-05,41.7541
0,12,24,0,5.196e-05,41.7101
0,13,24,0,4.35e-05,41.6665
0,14,24,0,7.203e-05,41.6237
0,15,24,0,5.316e-05,41.5789
0,16,24,0,6.042e-05,41.5342
0,17,24,0,3.504e-05,41.4888
0,18,24,0,1.692e-05,41.4452
0,19,24,0,5.556e-05,41.4044
0,20,24,0,6.282e-05,41.3625
0,21,24,0,4.24425e-05,41.32
0,22,24,0,4.46925e-05,41.2794
0,23,24,0,3.384e-05,41.2396
0,24,24,0,4.59e-05,41.2022
0,25,24,0,3.02025e-05,41.1658
0,26,24,0,1.81275e-05,41.1303
0,27,24,0,2.658e-05,41.0971
0,28,24,0,1.692e-05,41.0655
0,29,24,0,2.1735e-05,41.0358
0,30,24,0,5.922e-05,41.0077
0,31,24,0,2.538e-05,40.9794
0,32,24,0,8.58e-05,40.9557
0,33,24,0,4.47e-05,40.9302
0,34,24,0,2.658e-05,40.9065
0,35,24,0,7.008e-05,40.8856
0,36,24,0,6.69075e-05,40.8635
0,37,24,0,5.436e-05,40.8414
0,38,24,0,9.47925e-05,40.8219
0,39,24,0,4.107e-05,40.8001
0,40,24,0,3.744e-05,40.7807
0,41,24,0,2.658e-05,40.7625
0,42,24,0,4.59e-05,40.7472
0,43,24,0,5.2245e-05,40.7332
0,44,24,0,6.29625e-05,40.7197
0,45,24,0,5.436e-05,40.7059
0,46,24,0,2.538e-05,40.6922
0,47,24,0,4.35e-05,40.6808
0,48,24,0,8.46e-06,40.6688
0,49,24,0,4.1385e-05,40.6589
0,50,24,0,4.1385e-05,40.6492
0,51,24,0,6.162e-05,40.6407
0,52,24,0,8.094e-05,40.6324
0,53,24,0,2.7795e-05,40.6222
0,54,24,0,3.744e-05,40.615
0,55,24,0,6.162e-05,40.6087
0,56,24,0,4.35e-05,40.6017
0,57,24,0,6.162e-05,40.5957
0,58,24,0,7.128e-05,40.589
0,59,24,0,1.81275e-05,40.581
0,60,24,0,7.734e-05,40.5766
0,61,24,0,2.97525e-05,40.5685
0,62,24,0,3.927e-05,40.5627
0,63,24,0,5.196e-05,40.5578
0,64,24,0,2.89875e-05,40.5519
0,65,24,0,1.692e-05,40.5459
0,66,24,0,9.66e-06,40.5412
0,67,24,0,4.71e-05,40.5389
0,68,24,0,2.8695e-05,40.5349
0,69,24,0,4.572e-05,40.5316
0,70,24,0,5.96475e-05,40.5285
0,71,24,0,4.7115e-05,40.5245
0,72,24,0,4.3485e-05,40.5211
0,73,24,0,2.22075e-05,40.5174
0,74,24,0,2.4855e-05,40.516
0,75,24,0,8.82e-05,40.5164
0,76,24,0,2.658e-05,40.5123
0,77,24,0,5.556e-05,40.5109
0,78,24,0,5.436e-05,40.5093
0,79,24,0,6.162e-05,40.5072
0,80,24,0,5.316e-05,40.5044
0,81,24,0,1.692e-05,40.5012
0,82,24,0,5.316e-05,40.5002
0,83,24,0,3.624e-05,40.4973
0,84,24,0,2.538e-05,40.4947
0,85,24,0,4.47e-05,40.4937
0,86,24,0,2.538e-05,40.4924
0,87,24,0,5.436e-05,40.4923
0,88,24,0,3.504e-05,40.491
0,89,24,0,4.59e-05,40.4908
0,90,24,0,6.162e-05,40.4905
0,91,24,0,6.90225e-05,40.4892
0,92,24,0,4.99875e-05,40.4856
0,93,24,0,2.538e-05,40.4821
0,94,24,0,4.0875e-05,40.4804
0,95,24,0,5.436e-05,40.4787
0,96,24,0,1.91775e-05,40.4762
0,97,24,0,1.692e-05,40.4749
0,98,24,0,3.26175e-05,40.4749
0,99,24,0,1.692e-05,40.4725
0,100,24,0,3.384e-05,40.4713
0,101,24,0,3.38325e-05,40.4701
0,102,24,0,2.12925e-05,40.4685
0,103,24,0,4.35e-05,40.468
0,104,24,0,1.812e-05,40.467
0,105,24,0,5.499e-05,40.4689
0,106,24,0,5.84475e-05,40.47
0,107,24,0,4.35e-05,40.4697
0,108,24,0,5.21025e-05,40.4693
0,109,24,0,4.59e-05,40.4684
0,110,24,0,5.196e-05,40.4677
0,111,24,0,1.188e-05,40.4653
0,112,24,0,5.556e-05,40.4668
0,113,24,0,7.248e-05,40.4678
0,114,24,0,5.922e-05,40.4671
0,115,24,0,7.854e-05,40.4672
0,116,24,0,8.334e-05,40.4658
0,117,24,0,3.504e-05,40.4611
0,118,24,0,2.658e-05,40.4583
0,119,24,0,3.82125e-05,40.4574
0,120,24,0,3.27825e-05,40.4573
0,121,24,0,7.974e-05,40.459
0,122,24,0,7.008e-05,40.4581
0,123,24,0,2.658e-05,40.4559
0,124,24,0,7.974e-05,40.4561
0,125,24,0,5.316e-05,40.453
0,126,24,0,2.538e-05,40.4495
0,127,24,0,2.7495e-05,40.4475
0,0,25,0,9.93488e-05,41.9877
0,1,25,0,3.2415e-05,41.972
0,2,25,0,2.115e-05,41.9525
0,3,25,0,2.7795e-05,41.9305
0,4,25,0,3.384e-05,41.9061
0,5,25,0,5.196e-05,41.8793
0,6,25,0,5.316e-05,41.8491
0,7,25,0,1.812e-05,41.8153
0,8,25,0,2.658e-05,41.7811
0,9,25,0,3.504e-05,41.7463
0,10,25,0,6.042e-05,41.7103
0,11,25,0,2.538e-05,41.671
0,12,25,0,8.46e-06,41.631
0,13,25,0,4.35e-05,41.5927
0,14,25,0,4.395e-05,41.5534
0,15,25,0,5.196e-05,41.5132
0,16,25,0,3.6255e-05,41.472
0,17,25,0,3.384e-05,41.4313
0,18,25,0,6.282e-05,41.3928
0,19,25,0,8.094e-05,41.3546
0,20,25,0,4.35e-05,41.3141
0,21,25,0,3.48975e-05,41.2748
0,22,25,0,5.43675e-05,41.2375
0,23,25,0,2.658e-05,41.1999
0,24,25,0,1.812e-05,41.1649
0,25,25,0,7.73175e-05,41.1335
0,26,25,0,4.953e-05,41.1004
0,27,25,0,3.474e-05,41.0688
0,28,25,0,7.008e-05,41.0405
0,29,25,0,8.9385e-05,41.0126
0,30,25,0,2.658e-05,40.9827
0,31,25,0,1.812e-05,40.9557
0,32,25,0,1.812e-05,40.932
0,33,25,0,5.316e-05,40.9107
0,34,25,0,8.19975e-05,40.8902
0,35,25,0,6.402e-05,40.8685
0,36,25,0,6.59925e-05,40.847
0,37,25,0,2.00925e-05,40.8245
0,38,25,0,3.18675e-05,40.8051
0,39,25,0,3.987e-05,40.7864
0,40,25,0,6.282e-05,40.7691
0,41,25,0,3.384e-05,40.751
0,42,25,0,1.932e-05,40.7352
0,43,25,0,5.28525e-05,40.7224
0,44,25,0,3.72975e-05,40.7088
0,45,25,0,4.23e-05,40.6962
0,46,25,0,5.316e-05,40.6847
0,47,25,0,6.162e-05,40.6743
0,48,25,0,0.00010632,40.6649
0,49,25,0,4.12425e-05,40.6523
0,50,25,0,5.4075e-05,40.6423
0,51,25,0,2.538e-05,40.632
0,52,25,0,2.4465e-05,40.6234
0,53,25,0,3.5025e-05,40.6159
0,54,25,0,7.128e-05,40.6101
0,55,25,0,2.77875e-05,40.6023
0,56,25,0,6.402e-05,40.5968
0,57,25,0,5.196e-05,40.59
0,58,25,0,2.538e-05,40.5826
0,59,25,0,5.31525e-05,40.5772
0,60,25,0,6.375e-05,40.572
0,61,25,0,3.06675e-05,40.5643
0,62,25,0,3.201e-05,40.5584
0,63,25,0,3.504e-05,40.5538
0,64,25,0,7.58175e-05,40.5504
0,65,25,0,4.57575e-05,40.5443
0,66,25,0,3.504e-05,40.5392
0,67,25,0,5.922e-05,40.5365
0,68,25,0,6.7965e-05,40.5329
0,69,25,0,2.43225e-05,40.5273
0,70,25,0,2.97525e-05,40.5235
0,71,25,0,1.5705e-05,40.5195
0,72,25,0,3.9855e-05,40.5172
0,73,25,0,2.00925e-05,40.514
0,74,25,0,4.12425e-05,40.513
0,75,25,0,4.35e-05,40.5117
0,76,25,0,3.26175e-05,40.5088
0,77,25,0,1.812e-05,40.5064
0,78,25,0,5.436e-05,40.5056
0,79,25,0,1.692e-05,40.5023
0,80,25,0,2.538e-05,40.5005
0,81,25,0,5.60475e-05,40.4997
0,82,25,0,5.316e-05,40.498
0,83,25,0,3.48975e-05,40.4949
0,84,25,0,2.778e-05,40.4922
0,85,25,0,1.9335e-05,40.4906
0,86,25,0,5.316e-05,40.4907
0,87,25,0,3.744e-05,40.4896
0,88,25,0,3.91275e-05,40.4889
0,89,25,0,6.162e-05,40.489
0,90,25,0,4.35e-05,40.4876
0,91,25,0,7.33575e-05,40.4868
0,92,25,0,2.88375e-05,40.4827
0,93,25,0,4.47e-05,40.4804
0,94,25,0,4.54575e-05,40.4783
0,95,25,0,8.46e-06,40.4754
0,96,25,0,5.5725e-05,40.4756
0,97,25,0,3.846e-05,40.4749
0,98,25,0,0.00012369,40.4769
0,99,25,0,4.47e-05,40.4724
0,100,25,0,3.504e-05,40.4699
0,101,25,0,5.31675e-05,40.4689
0,102,25,0,4.59e-05,40.4671
0,103,25,0,2.538e-05,40.4651
0,104,25,0,1.812e-05,40.4641
0,105,25,0,2.961e-05,40.4652
0,106,25,0,4.78725e-05,40.4668
0,107,25,0,7.008e-05,40.4677
0,108,25,0,4.45575e-05,40.4663
0,109,25,0,3.744e-05,40.4652
0,110,25,0,6.888e-05,40.4652
0,111,25,0,2.658e-05,40.4626
0,112,25,0,3.504e-05,40.4627
0,113,25,0,4.5615e-05,40.463
0,114,25,0,2.658e-05,40.4619
0,115,25,0,3.504e-05,40.4618
0,116,25,0,6.61425e-05,40.4615
0,117,25,0,2.538e-05,40.4574
0,118,25,0,2.778e-05,40.4549
0,119,25,0,2.22075e-05,40.4535
0,120,25,0,3.48975e-05,40.4536
0,121,25,0,3.60975e-05,40.454
0,122,25,0,2.658e-05,40.4533
0,123,25,0,6.282e-05,40.4536
0,124,25,0,5.316e-05,40.4523
0,125,25,0,3.504e-05,40.4495
0,126,25,0,2.4165e-05,40.4471
0,127,25,0,9.33225e-05,40.4474
0,0,26,0,7.15688e-05,41.8826
0,1,26,0,7.245e-06,41.8674
0,2,26,0,0,41.8491
0,3,26,0,7.245e-06,41.8287
0,4,26,0,0,41.8056
0,5,26,0,0,41.7804
0,6,26,0,0,41.7528
0,7,26,0,0,41.7228
0,8,26,0,0,41.6916
0,9,26,0,0,41.6592
0,10,26,0,0,41.6256
0,11,26,0,0,41.5904
0,12,26,0,0,41.5545
0,13,26,0,0,41.5186
0,14,26,0,0,41.4823
0,15,26,0,0,41.4455
0,16,26,0,7.245e-06,41.4084
0,17,26,0,0,41.3711
0,18,26,0,0,41.3347
0,19,26,0,0,41.2986
0,20,26,0,0,41.2622
0,21,26,0,0,41.2263
0,22,26,0,0,41.1915
0,23,26,0,0,41.1575
0,24,26,0,0,41.1251
0,25,26,0,0,41.0945
0,26,26,0,1.32825e-05,41.0647
0,27,26,0,8.76e-06,41.0354
0,28,26,0,0,41.0074
0,29,26,0,0,40.9805
0,30,26,0,0,40.954
0,31,26,0,0,40.9291
0,32,26,0,0,40.9062
0,33,26,0,0,40.885
0,34,26,0,7.4025e-06,40.8647
0,35,26,0,0,40.8441
0,36,26,0,0,40.8239
0,37,26,0,5.2875e-06,40.8041
0,38,26,0,0,40.7853
0,39,26,0,0,40.7675
0,40,26,0,0,40.7508
0,41,26,0,0,40.7345
0,42,26,0,0,40.7197
0,43,26,0,3.6225e-06,40.7063
0,44,26,0,0,40.6933
0,45,26,0,0,40.6811
0,46,26,0,0,40.6698
0,47,26,0,0,40.6593
0,48,26,0,0,40.6493
0,49,26,0,3.1725e-06,40.6389
0,50,26,0,0,40.6291
0,51,26,0,0,40.6199
0,52,26,0,2.115e-06,40.6118
0,53,26,0,0,40.6043
0,54,26,0,0,40.5978
0,55,26,0,8.4525e-06,40.5913
0,56,26,0,0,40.5849
0,57,26,0,0,40.5785
0,58,26,0,0,40.5723
0,59,26,0,0,40.5668
0,60,26,0,1.359e-05,40.5618
0,61,26,0,0,40.5553
0,62,26,0,0,40.5498
0,63,26,0,0,40.5451
0,64,26,0,1.1175e-05,40.5412
0,65,26,0,7.4025e-06,40.5362
0,66,26,0,0,40.5313
0,67,26,0,0,40.5274
0,68,26,0,0,40.5236
0,69,26,0,1.0575e-06,40.5194
0,70,26,0,0,40.5156
0,71,26,0,0,40.5123
0,72,26,0,0,40.5096
0,73,26,0,0,40.5071
0,74,26,0,7.4025e-06,40.5056
0,75,26,0,0,40.5035
0,76,26,0,3.6225e-06,40.5014
0,77,26,0,0,40.4992
0,78,26,0,0,40.4974
0,79,26,0,0,40.4953
0,80,26,0,0,40.4935
0,81,26,0,3.1725e-06,40.492
0,82,26,0,0,40.4902
0,83,26,0,7.4025e-06,40.4882
0,84,26,0,0,40.486
0,85,26,0,7.245e-06,40.4846
0,86,26,0,0,40.4834
0,87,26,0,0,40.4822
0,88,26,0,3.1725e-06,40.4814
0,89,26,0,0,40.4804
0,90,26,0,0,40.4791
0,91,26,0,0,40.4776
0,92,26,0,2.115e-06,40.4753
0,93,26,0,0,40.4731
0,94,26,0,5.2875e-06,40.4714
0,95,26,0,0,40.4694
0,96,26,0,6.0375e-06,40.4686
0,97,26,0,0,40.4676
0,98,26,0,3.1725e-06,40.4671
0,99,26,0,0,40.4649
0,100,26,0,0,40.4629
0,101,26,0,0,40.4615
0,102,26,0,5.2875e-06,40.4603
0,103,26,0,0,40.4587
0,104,26,0,0,40.4579
0,105,26,0,0,40.4579
0,106,26,0,0,40.4583
0,107,26,0,0,40.4583
0,108,26,0,0,40.4575
0,109,26,0,0,40.4567
0,110,26,0,0,40.456
0,111,26,0,0,40.4548
0,112,26,0,0,40.4542
0,113,26,0,6.345e-06,40.4541
0,114,26,0,0,40.4532
0,115,26,0,0,40.4526
0,116,26,0,1.47975e-05,40.4521
0,117,26,0,0,40.4495
0,118,26,0,0,40.4476
0,119,26,0,0,40.4464
0,120,26,0,0,40.4459
0,121,26,0,7.4025e-06,40.4458
0,122,26,0,0,40.4449
0,123,26,0,0,40.4443
0,124,26,0,0,40.4431
0,125,26,0,0,40.4414
0,126,26,0,2.415e-06,40.44
0,127,26,0,3.6225e-06,40.439
0,0,27,0,7.15688e-05,41.7864
0,1,27,0,0,41.7714
0,2,27,0,0,41.7542
0,3,27,0,0,41.7351
0,4,27,0,0,41.7137
0,5,27,0,0,41.6904
0,6,27,0,0,41.665
0,7,27,0,0,41.6378
0,8,27,0,0,41.6092
0,9,27,0,0,41.5793
0,10,27,0,0,41.5483
0,11,27,0,0,41.5162
0,12,27,0,0,41.4835
0,13,27,0,0,41.4503
0,14,27,0,0,41.4168
0,15,27,0,0,41.383
0,16,27,0,0,41.349
0,17,27,0,0,41.3149
0,18,27,0,0,41.2811
0,19,27,0,0,41.2475
0,20,27,0,0,41.2141
0,21,27,0,0,41.1812
0,22,27,0,0,41.149
0,23,27,0,0,41.1176
0,24,27,0,0,41.0874
0,25,27,0,0,41.0584
0,26,27,0,0,41.0303
0,27,27,0,0,41.003
0,28,27,0,0,40.9767
0,29,27,0,0,40.9515
0,30,27,0,0,40.9271
0,31,27,0,0,40.9039
0,32,27,0,0,40.8821
0,33,27,0,0,40.8615
0,34,27,0,0,40.8417
0,35,27,0,0,40.8222
0,36,27,0,0,40.8033
0,37,27,0,0,40.7849
0,38,27,0,0,40.7673
0,39,27,0,0,40.7505
0,40,27,0,0,40.7346
0,41,27,0,0,40.7194
0,42,27,0,0,40.7052
0,43,27,0,0,40.692
0,44,27,0,0,40.6795
0,45,27,0,0,40.6677
0,46,27,0,0,40.6566
0,47,27,0,0,40.6463
0,48,27,0,0,40.6364
0,49,27,0,0,40.6268
0,50,27,0,0,40.6177
0,51,27,0,0,40.6092
0,52,27,0,0,40.6014
0,53,27,0,0,40.5942
0,54,27,0,0,40.5875
0,55,27,0,0,40.5812
0,56,27,0,0,40.5751
0,57,27,0,0,40.5692
0,58,27,0,0,40.5634
0,59,27,0,0,40.5581
0,60,27,0,0,40.5529
0,61,27,0,0,40.5475
0,62,27,0,0,40.5424
0,63,27,0,0,40.5377
0,64,27,0,0,40.5333
0,65,27,0,0,40.5288
0,66,27,0,0,40.5244
0,67,27,0,0,40.5204
0,68,27,0,0,40.5166
0,69,27,0,0,40.5128
0,70,27,0,0,40.5094
0,71,27,0,0,40.5063
0,72,27,0,0,40.5036
0,73,27,0,0,40.5013
0,74,27,0,0,40.4994
0,75,27,0,0,40.4974
0,76,27,0,0,40.4954
0,77,27,0,0,40.4935
0,78,27,0,0,40.4916
0,79,27,0,0,40.4897
0,80,27,0,0,40.4879
0,81,27,0,0,40.4862
0,82,27,0,0,40.4844
0,83,27,0,0,40.4825
0,84,27,0,0,40.4807
0,85,27,0,0,40.4792
0,86,27,0,0,40.4778
0,87,27,0,0,40.4765
0,88,27,0,0,40.4753
0,89,27,0,0,40.4741
0,90,27,0,0,40.4726
0,91,27,0,0,40.471
0,92,27,0,0,40.4692
0,93,27,0,0,40.4673
0,94,27,0,0,40.4656
0,95,27,0,0,40.464
0,96,27,0,0,40.4628
0,97,27,0,0,40.4616
0,98,27,0,0,40.4604
0,99,27,0,0,40.4588
0,100,27,0,0,40.4572
0,101,27,0,0,40.4559
0,102,27,0,0,40.4546
0,103,27,0,0,40.4535
0,104,27,0,0,40.4526
0,105,27,0,0,40.4522
0,106,27,0,0,40.4518
0,107,27,0,0,40.4514
0,108,27,0,0,40.4507
0,109,27,0,0,40.4498
0,110,27,0,0,40.4489
0,111,27,0,0,40.448
0,112,27,0,0,40.4472
0,113,27,0,0,40.4466
0,114,27,0,0,40.4459
0,115,27,0,0,40.4451
0,116,27,0,0,40.4442
0,117,27,0,0,40.4427
0,118,27,0,0,40.4413
0,119,27,0,0,40.4402
0,120,27,0,0,40.4395
0,121,27,0,0,40.4389
0,122,27,0,0,40.4381
0,123,27,0,0,40.4372
0,124,27,0,0,40.4361
0,125,27,0,0,40.4349
0,126,27,0,0,40.4336
0,127,27,0,0,40.4327
0,0,28,0,7.15688e-05,41.6984
0,1,28,0,0,41.6839
0,2,28,0,0,41.6677
0,3,28,0,0,41.6497
0,4,28,0,0,41.6299
0,5,28,0,0,41.6082
0,6,28,0,0,41.5849
0,7,28,0,0,41.56
0,8,28,0,0,41.5336
0,9,28,0,0,41.5061
0,10,28,0,0,41.4775
0,11,28,0,0,41.448
0,12,28,0,0,41.418
0,13,28,0,0,41.3875
0,14,28,0,0,41.3567
0,15,28,0,0,41.3256
0,16,28,0,0,41.2944
0,17,28,0,0,41.263
0,18,28,0,0,41.2317
0,19,28,0,0,41.2006
0,20,28,0,0,41.1698
0,21,28,0,0,41.1394
0,22,28,0,0,41.1096
0,23,28,0,0,41.0805
0,24,28,0,0,41.0523
0,25,28,0,0,41.0251
0,26,28,0,0,40.9987
0,27,28,0,0,40.9731
0,28,28,0,0,40.9485
0,29,28,0,0,40.9249
0,30,28,0,0,40.9022
0,31,28,0,0,40.8806
0,32,28,0,0,40.8599
0,33,28,0,0,40.8402
0,34,28,0,0,40.8213
0,35,28,0,0,40.8028
0,36,28,0,0,40.785
0,37,28,0,0,40.7678
0,38,28,0,0,40.7512
0,39,28,0,0,40.7354
0,40,28,0,0,40.7203
0,41,28,0,0,40.706
0,42,28,0,0,40.6924
0,43,28,0,0,40.6795
0,44,28,0,0,40.6674
0,45,28,0,0,40.656
0,46,28,0,0,40.6452
0,47,28,0,0,40.6351
0,48,28,0,0,40.6256
0,49,28,0,0,40.6165
0,50,28,0,0,40.6079
0,51,28,0,0,40.5999
0,52,28,0,0,40.5925
0,53,28,0,0,40.5857
0,54,28,0,0,40.5792
0,55,28,0,0,40.5731
0,56,28,0,0,40.5673
0,57,28,0,0,40.5617
0,58,28,0,0,40.5563
0,59,28,0,0,40.5513
0,60,28,0,0,40.5463
0,61,28,0,0,40.5414
0,62,28,0,0,40.5366
0,63,28,0,0,40.5321
0,64,28,0,0,40.5277
0,65,28,0,0,40.5233
0,66,28,0,0,40.5191
0,67,28,0,0,40.5151
0,68,28,0,0,40.5114
0,69,28,0,0,40.5079
0,70,28,0,0,40.5047
0,71,28,0,0,40.5018
0,72,28,0,0,40.4993
0,73,28,0,0,40.4971
0,74,28,0,0,40.495
0,75,28,0,0,40.4931
0,76,28,0,0,40.4913
0,77,28,0,0,40.4895
0,78,28,0,0,40.4877
0,79,28,0,0,40.4859
0,80,28,0,0,40.4841
0,81,28,0,0,40.4823
0,82,28,0,0,40.4805
0,83,28,0,0,40.4787
0,84,28,0,0,40.477
0,85,28,0,0,40.4754
0,86,28,0,0,40.474
0,87,28,0,0,40.4725
0,88,28,0,0,40.4711
0,89,28,0,0,40.4697
0,90,28,0,0,40.4682
0,91,28,0,0,40.4665
0,92,28,0,0,40.4648
0,93,28,0,0,40.4631
0,94,28,0,0,40.4615
0,95,28,0,0,40.46
0,96,28,0,0,40.4587
0,97,28,0,0,40.4573
0,98,28,0,0,40.4559
0,99,28,0,0,40.4545
0,100,28,0,0,40.4531
0,101,28,0,0,40.4518
0,102,28,0,0,40.4507
0,103,28,0,0,40.4496
0,104,28,0,0,40.4487
0,105,28,0,0,40.448
0,106,28,0,0,40.4473
0,107,28,0,0,40.4465
0,108,28,0,0,40.4456
0,109,28,0,0,40.4447
0,110,28,0,0,40.4437
0,111,28,0,0,40.4427
0,112,28,0,0,40.4418
0,113,28,0,0,40.441
0,114,28,0,0,40.4402
0,115,28,0,0,40.4395
0,116,28,0,0,40.4386
0,117,28,0,0,40.4375
0,118,28,0,0,40.4364
0,119,28,0,0,40.4354
0,120,28,0,0,40.4346
0,121,28,0,0,40.4338
0,122,28,0,0,40.433
0,123,28,0,0,40.4321
0,124,28,0,0,40.431
0,125,28,0,0,40.4299
0,126,28,0,0,40.4288
0,127,28,0,0,40.4278
0,0,29,0,7.15688e-05,41.6181
0,1,29,0,0,41.6042
0,2,29,0,0,41.5889
0,3,29,0,0,41.572
0,4,29,0,0,41.5536
0,5,29,0,0,41.5335
0,6,29,0,0,41.512
0,7,29,0,0,41.489
0,8,29,0,0,41.4647
0,9,29,0,0,41.4392
0,10,29,0,0,41.4127
0,11,29,0,0,41.3855
0,12,29,0,0,41.3578
0,13,29,0,0,41.3298
0,14,29,0,0,41.3015
0,15,29,0,0,41.2731
0,16,29,0,0,41.2444
0,17,29,0,0,41.2154
0,18,29,0,0,41.1865
0,19,29,0,0,41.1577
0,20,29,0,0,41.1292
0,21,29,0,0,41.101
0,22,29,0,0,41.0734
0,23,29,0,0,41.0463
0,24,29,0,0,41.02
0,25,29,0,0,40.9945
0,26,29,0,0,40.9697
0,27,29,0,0,40.9458
0,28,29,0,0,40.9227
0,29,29,0,0,40.9006
0,30,29,0,0,40.8795
0,31,29,0,0,40.8593
0,32,29,0,0,40.8399
0,33,29,0,0,40.8213
0,34,29,0,0,40.8032
0,35,29,0,0,40.7858
0,36,29,0,0,40.7689
0,37,29,0,0,40.7527
0,38,29,0,0,40.7372
0,39,29,0,0,40.7223
0,40,29,0,0,40.708
0,41,29,0,0,40.6943
0,42,29,0,0,40.6812
0,43,29,0,0,40.6688
0,44,29,0,0,40.657
0,45,29,0,0,40.6459
0,46,29,0,0,40.6355
0,47,29,0,0,40.6257
0,48,29,0,0,40.6166
0,49,29,0,0,40.6079
0,50,29,0,0,40.5998
0,51,29,0,0,40.5923
0,52,29,0,0,40.5854
0,53,29,0,0,40.5789
0,54,29,0,0,40.5727
0,55,29,0,0,40.5668
0,56,29,0,0,40.5613
0,57,29,0,0,40.5561
0,58,29,0,0,40.5511
0,59,29,0,0,40.5464
0,60,29,0,0,40.5417
0,61,29,0,0,40.5372
0,62,29,0,0,40.5327
0,63,29,0,0,40.5282
0,64,29,0,0,40.5239
0,65,29,0,0,40.5197
0,66,29,0,0,40.5155
0,67,29,0,0,40.5116
0,68,29,0,0,40.5079
0,69,29,0,0,40.5046
0,70,29,0,0,40.5016
0,71,29,0,0,40.4989
0,72,29,0,0,40.4965
0,73,29,0,0,40.4944
0,74,29,0,0,40.4925
0,75,29,0,0,40.4907
0,76,29,0,0,40.489
0,77,29,0,0,40.4874
0,78,29,0,0,40.4857
0,79,29,0,0,40.4839
0,80,29,0,0,40.482
0,81,29,0,0,40.4802
0,82,29,0,0,40.4783
0,83,29,0,0,40.4766
0,84,29,0,0,40.475
0,85,29,0,0,40.4734
0,86,29,0,0,40.4719
0,87,29,0,0,40.4704
0,88,29,0,0,40.4688
0,89,29,0,0,40.4672
0,90,29,0,0,40.4656
0,91,29,0,0,40.4639
0,92,29,0,0,40.4623
0,93,29,0,0,40.4606
0,94,29,0,0,40.4591
0,95,29,0,0,40.4577
0,96,29,0,0,40.4563
0,97,29,0,0,40.4548
0,98,29,0,0,40.4533
0,99,29,0,0,40.4518
0,100,29,0,0,40.4505
0,101,29,0,0,40.4494
0,102,29,0,0,40.4483
0,103,29,0,0,40.4473
0,104,29,0,0,40.4464
0,105,29,0,0,40.4455
0,106,29,0,0,40.4445
0,107,29,0,0,40.4435
0,108,29,0,0,40.4424
0,109,29,0,0,40.4413
0,110,29,0,0,40.4402
0,111,29,0,0,40.4391
0,112,29,0,0,40.438
0,113,29,0,0,40.4371
0,114,29,0,0,40.4363
0,115,29,0,0,40.4356
0,116,29,0,0,40.4349
0,117,29,0,0,40.434
0,118,29,0,0,40.4331
0,119,29,0,0,40.4322
0,120,29,0,0,40.4313
0,121,29,0,0,40.4305
0,122,29,0,0,40.4297
0,123,29,0,0,40.4287
0,124,29,0,0,40.4277
0,125,29,0,0,40.4265
0,126,29,0,0,40.4253
0,127,29,0,0,40.4243
0,0,30,0,7.15688e-05,41.5447
0,1,30,0,0,41.5315
0,2,30,0,0,41.5173
0,3,30,0,0,41.5015
0,4,30,0,0,41.4844
0,5,30,0,0,41.4657
0,6,30,0,0,41.4459
0,7,30,0,0,41.4246
0,8,30,0,0,41.4021
0,9,30,0,0,41.3783
0,10,30,0,0,41.3537
0,11,30,0,0,41.3284
0,12,30,0,0,41.3028
0,13,30,0,0,41.2769
0,14,30,0,0,41.2512
0,15,30,0,0,41.2253
0,16,30,0,0,41.1989
0,17,30,0,0,41.1722
0,18,30,0,0,41.1453
0,19,30,0,0,41.1185
0,20,30,0,0,41.0921
0,21,30,0,0,41.0661
0,22,30,0,0,41.0403
0,23,30,0,0,41.0151
0,24,30,0,0,40.9905
0,25,30,0,0,40.9667
0,26,30,0,0,40.9434
0,27,30,0,0,40.9208
0,28,30,0,0,40.8993
0,29,30,0,0,40.8786
0,30,30,0,0,40.8589
0,31,30,0,0,40.8402
0,32,30,0,0,40.8222
0,33,30,0,0,40.8047
0,34,30,0,0,40.7875
0,35,30,0,0,40.7709
0,36,30,0,0,40.755
0,37,30,0,0,40.7397
0,38,30,0,0,40.7252
0,39,30,0,0,40.7111
0,40,30,0,0,40.6976
0,41,30,0,0,40.6845
0,42,30,0,0,40.672
0,43,30,0,0,40.66
0,44,30,0,0,40.6484
0,45,30,0,0,40.6375
0,46,30,0,0,40.6274
0,47,30,0,0,40.6181
0,48,30,0,0,40.6094
0,49,30,0,0,40.601
0,50,30,0,0,40.5933
0,51,30,0,0,40.5864
0,52,30,0,0,40.5801
0,53,30,0,0,40.574
0,54,30,0,0,40.568
0,55,30,0,0,40.5624
0,56,30,0,0,40.5572
0,57,30,0,0,40.5523
0,58,30,0,0,40.5477
0,59,30,0,0,40.5434
0,60,30,0,0,40.5392
0,61,30,0,0,40.5349
0,62,30,0,0,40.5307
0,63,30,0,0,40.5263
0,64,30,0,0,40.522
0,65,30,0,0,40.5179
0,66,30,0,0,40.5137
0,67,30,0,0,40.5096
0,68,30,0,0,40.506
0,69,30,0,0,40.5029
0,70,30,0,0,40.5
0,71,30,0,0,40.4976
0,72,30,0,0,40.4954
0,73,30,0,0,40.4935
0,74,30,0,0,40.4916
0,75,30,0,0,40.49
0,76,30,0,0,40.4886
0,77,30,0,0,40.4872
0,78,30,0,0,40.4857
0,79,30,0,0,40.4839
0,80,30,0,0,40.4819
0,81,30,0,0,40.4799
0,82,30,0,0,40.4779
0,83,30,0,0,40.4762
0,84,30,0,0,40.4747
0,85,30,0,0,40.4731
0,86,30,0,0,40.4716
0,87,30,0,0,40.47
0,88,30,0,0,40.4683
0,89,30,0,0,40.4665
0,90,30,0,0,40.4648
0,91,30,0,0,40.4631
0,92,30,0,0,40.4615
0,93,30,0,0,40.4598
0,94,30,0,0,40.4584
0,95,30,0,0,40.4571
0,96,30,0,0,40.4557
0,97,30,0,0,40.454
0,98,30,0,0,40.4523
0,99,30,0,0,40.4507
0,100,30,0,0,40.4495
0,101,30,0,0,40.4485
0,102,30,0,0,40.4476
0,103,30,0,0,40.4467
0,104,30,0,0,40.4458
0,105,30,0,0,40.4447
0,106,30,0,0,40.4434
0,107,30,0,0,40.4422
0,108,30,0,0,40.4409
0,109,30,0,0,40.4397
0,110,30,0,0,40.4383
0,111,30,0,0,40.437
0,112,30,0,0,40.4358
0,113,30,0,0,40.4347
0,114,30,0,0,40.4339
0,115,30,0,0,40.4334
0,116,30,0,0,40.4329
0,117,30,0,0,40.4322
0,118,30,0,0,40.4314
0,119,30,0,0,40.4305
0,120,30,0,0,40.4297
0,121,30,0,0,40.4289
0,122,30,0,0,40.4281
0,123,30,0,0,40.4272
0,124,30,0,0,40.4261
0,125,30,0,0,40.4247
0,126,30,0,0,40.4233
0,127,30,0,0,40.4219
0,0,31,0,7.15688e-05,41.4778
0,1,31,0,0,41.4656
0,2,31,0,0,41.4526
0,3,31,0,0,41.4378
0,4,31,0,0,41.4219
0,5,31,0,0,41.4044
0,6,31,0,0,41.3861
0,7,31,0,0,41.3666
0,8,31,0,0,41.3457
0,9,31,0,0,41.3232
0,10,31,0,0,41.3
0,11,31,0,0,41.2763
0,12,31,0,0,41.2524
0,13,31,0,0,41.2285
0,14,31,0,0,41.2053
0,15,31,0,0,41.1824
0,16,31,0,0,41.1579
0,17,31,0,0,41.1332
0,18,31,0,0,41.108
0,19,31,0,0,41.0828
0,20,31,0,0,41.0586
0,21,31,0,0,41.0346
0,22,31,0,0,41.0105
0,23,31,0,0,40.9867
0,24,31,0,0,40.9638
0,25,31,0,0,40.9418
0,26,31,0,0,40.9196
0,27,31,0,0,40.8982
0,28,31,0,0,40.8781
0,29,31,0,0,40.8588
0,30,31,0,0,40.8405
0,31,31,0,0,40.8235
0,32,31,0,0,40.8071
0,33,31,0,0,40.7905
0,34,31,0,0,40.774
0,35,31,0,0,40.7581
0,36,31,0,0,40.743
0,37,31,0,0,40.7288
0,38,31,0,0,40.7153
0,39,31,0,0,40.702
0,40,31,0,0,40.6892
0,41,31,0,0,40.6765
0,42,31,0,0,40.6646
0,43,31,0,0,40.6532
0,44,31,0,0,40.6415
0,45,31,0,0,40.6306
0,46,31,0,0,40.6209
0,47,31,0,0,40.6121
0,48,31,0,0,40.604
0,49,31,0,0,40.5958
0,50,31,0,0,40.5881
0,51,31,0,0,40.582
0,52,31,0,0,40.5766
0,53,31,0,0,40.571
0,54,31,0,0,40.5652
0,55,31,0,0,40.5595
0,56,31,0,0,40.5548
0,57,31,0,0,40.5502
0,58,31,0,0,40.546
0,59,31,0,0,40.5425
0,60,31,0,0,40.5387
0,61,31,0,0,40.5346
0,62,31,0,0,40.5308
0,63,31,0,0,40.5263
0,64,31,0,0,40.522
0,65,31,0,0,40.5181
0,66,31,0,0,40.5138
0,67,31,0,0,40.5092
0,68,31,0,0,40.5055
0,69,31,0,0,40.5027
0,70,31,0,0,40.5
0,71,31,0,0,40.4978
0,72,31,0,0,40.4961
0,73,31,0,0,40.4943
0,74,31,0,0,40.4924
0,75,31,0,0,40.491
0,76,31,0,0,40.49
0,77,31,0,0,40.4891
0,78,31,0,0,40.4878
0,79,31,0,0,40.4859
0,80,31,0,0,40.4835
0,81,31,0,0,40.4814
0,82,31,0,0,40.4791
0,83,31,0,0,40.4776
0,84,31,0,0,40.4762
0,85,31,0,0,40.4746
0,86,31,0,0,40.4732
0,87,31,0,0,40.4718
0,88,31,0,0,40.4695
0,89,31,0,0,40.4676
0,90,31,0,0,40.4657
0,91,31,0,0,40.4642
0,92,31,0,0,40.4624
0,93,31,0,0,40.4604
0,94,31,0,0,40.4593
0,95,31,0,0,40.4584
0,96,31,0,0,40.4571
0,97,31,0,0,40.4552
0,98,31,0,0,40.4529
0,99,31,0,0,40.451
0,100,31,0,0,40.4501
0,101,31,0,0,40.4494
0,102,31,0,0,40.4487
0,103,31,0,0,40.4478
0,104,31,0,0,40.4471
0,105,31,0,0,40.4458
0,106,31,0,0,40.4441
0,107,31,0,0,40.4425
0,108,31,0,0,40.4411
0,109,31,0,0,40.4398
0,110,31,0,0,40.4382
0,111,31,0,0,40.4365
0,112,31,0,0,40.435
0,113,31,0,0,40.4338
0,114,31,0,0,40.4331
0,115,31,0,0,40.4327
0,116,31,0,0,40.4329
0,117,31,0,0,40.4323
0,118,31,0,0,40.4313
0,119,31,0,0,40.4305
0,120,31,0,0,40.4296
0,121,31,0,0,40.4289
0,122,31,0,0,40.4282
0,123,31,0,0,40.4274
0,124,31,0,0,40.4264
0,125,31,0,0,40.4246
0,126,31,0,0,40.423
0,127,31,0,0,40.4207
0,0,32,0,0.000115069,41.4172
0,1,32,0,3.384e-05,41.4057
0,2,32,0,7.128e-05,41.3949
0,3,32,0,3.504e-05,41.3804
0,4,32,0,6.282e-05,41.3663
0,5,32,0,2.538e-05,41.3487
0,6,32,0,5.196e-05,41.3326
0,7,32,0,5.316e-05,41.315
0,8,32,0,6.888e-05,41.2955
0,9,32,0,5.196e-05,41.2736
0,10,32,0,4.47e-05,41.2513
0,11,32,0,3.966e-05,41.2289
0,12,32,0,4.59e-05,41.2066
0,13,32,0,7.4025e-06,41.1836
0,14,32,0,1.692e-05,41.1635
0,15,32,0,0.00010512,41.1453
0,16,32,0,4.47e-05,41.1213
0,17,32,0,6.402e-05,41.0989
0,18,32,0,5.436e-05,41.0747
0,19,32,0,8.46e-06,41.0498
0,20,32,0,5.196e-05,41.0288
0,21,32,0,5.196e-05,41.0067
0,22,32,0,5.076e-05,40.9841
0,23,32,0,2.658e-05,40.9608
0,24,32,0,3.504e-05,40.9397
0,25,32,0,7.8525e-05,40.9204
0,26,32,0,3.504e-05,40.8983
0,27,32,0,1.812e-05,40.8775
0,28,32,0,3.624e-05,40.8591
0,29,32,0,3.504e-05,40.8412
0,30,32,0,8.46e-06,40.8237
0,31,32,0,3.624e-05,40.8091
0,32,32,0,5.196e-05,40.795
0,33,32,0,6.15975e-05,40.7793
0,34,32,0,4.47e-05,40.7626
0,35,32,0,4.35e-05,40.7473
0,36,32,0,4.59e-05,40.733
0,37,32,0,4.27425e-05,40.7196
0,38,32,0,6.888e-05,40.708
0,39,32,0,3.744e-05,40.6948
0,40,32,0,6.042e-05,40.6835
0,41,32,0,2.8995e-05,40.6704
0,42,32,0,4.47e-05,40.6592
0,43,32,0,6.744e-05,40.649
0,44,32,0,3.504e-05,40.6362
0,45,32,0,2.658e-05,40.6249
0,46,32,0,4.23e-05,40.6159
0,47,32,0,3.927e-05,40.6077
0,48,32,0,7.008e-05,40.601
0,49,32,0,3.744e-05,40.5921
0,50,32,0,0,40.5837
0,51,32,0,2.658e-05,40.579
0,52,32,0,6.162e-05,40.5757
0,53,32,0,6.282e-05,40.5704
0,54,32,0,5.898e-05,40.5644
0,55,32,0,2.658e-05,40.5577
0,56,32,0,6.282e-05,40.5544
0,57,32,0,5.538e-05,40.55
0,58,32,0,2.658e-05,40.5456
0,59,32,0,7.248e-05,40.544
0,60,32,0,6.2535e-05,40.5405
0,61,32,0,3.86625e-05,40.5363
0,62,32,0,7.97325e-05,40.5335
0,63,32,0,5.316e-05,40.5282
0,64,32,0,3.384e-05,40.5234
0,65,32,0,7.34625e-05,40.5208
0,66,32,0,7.00425e-05,40.5162
0,67,32,0,2.658e-05,40.5098
0,68,32,0,2.88e-05,40.5061
0,69,32,0,5.196e-05,40.5044
0,70,32,0,3.624e-05,40.5014
0,71,32,0,3.624e-05,40.4995
0,72,32,0,6.162e-05,40.4987
0,73,32,0,5.63325e-05,40.4972
0,74,32,0,3.624e-05,40.4946
0,75,32,0,3.624e-05,40.4933
0,76,32,0,6.162e-05,40.4933
0,77,32,0,6.402e-05,40.4933
0,78,32,0,7.128e-05,40.4923
0,79,32,0,6.888e-05,40.4902
0,80,32,0,4.35e-05,40.4869
0,81,32,0,6.05625e-05,40.4851
0,82,32,0,2.538e-05,40.4813
0,83,32,0,6.162e-05,40.4808
0,84,32,0,7.008e-05,40.4797
0,85,32,0,5.316e-05,40.4778
0,86,32,0,5.196e-05,40.4766
0,87,32,0,8.9685e-05,40.4762
0,88,32,0,3.744e-05,40.4724
0,89,32,0,4.47e-05,40.4704
0,90,32,0,2.898e-05,40.468
0,91,32,0,4.47e-05,40.4673
0,92,32,0,5.556e-05,40.4654
0,93,32,0,8.46e-06,40.462
0,94,32,0,3.384e-05,40.4617
0,95,32,0,6.1605e-05,40.462
0,96,32,0,7.008e-05,40.4609
0,97,32,0,6.162e-05,40.4584
0,98,32,0,4.35075e-05,40.4549
0,99,32,0,1.692e-05,40.4519
0,100,32,0,5.196e-05,40.4522
0,101,32,0,5.196e-05,40.4519
0,102,32,0,5.316e-05,40.4516
0,103,32,0,3.384e-05,40.4505
0,104,32,0,6.3735e-05,40.4506
0,105,32,0,5.922e-05,40.4491
0,106,32,0,3.624e-05,40.4466
0,107,32,0,2.658e-05,40.4444
0,108,32,0,2.115e-05,40.4427
0,109,32,0,3.74475e-05,40.442
0,110,32,0,3.624e-05,40.4398
0,111,32,0,2.898e-05,40.4373
0,112,32,0,2.538e-05,40.4357
0,113,32,0,2.538e-05,40.4342
0,114,32,0,2.65875e-05,40.4335
0,115,32,0,0,40.433
0,116,32,0,6.8865e-05,40.4354
0,117,32,0,4.35e-05,40.4343
0,118,32,0,3.1485e-05,40.4328
0,119,32,0,3.624e-05,40.4321
0,120,32,0,3.624e-05,40.4312
0,121,32,0,4.35e-05,40.4305
0,122,32,0,5.316e-05,40.4302
0,123,32,0,5.196e-05,40.4294
0,124,32,0,6.38775e-05,40.429
0,125,32,0,2.778e-05,40.4261
0,126,32,0,6.162e-05,40.4249
0,127,32,0,2.538e-05,40.4204
0,0,33,0,0.000133189,41.3573
0,1,33,0,8.46e-06,41.3446
0,2,33,0,4.59e-05,41.3343
0,3,33,0,4.35e-05,41.3217
0,4,33,0,7.128e-05,41.3088
0,5,33,0,3.384e-05,41.2922
0,6,33,0,5.0745e-05,41.277
0,7,33,0,7.71e-05,41.261
0,8,33,0,4.59e-05,41.2413
0,9,33,0,2.658e-05,41.2203
0,10,33,0,2.538e-05,41.1997
0,11,33,0,3.504e-05,41.1794
0,12,33,0,9.66e-06,41.1582
0,13,33,0,3.06675e-05,41.139
0,14,33,0,6.282e-05,41.1209
0,15,33,0,4.47e-05,41.1011
0,16,33,0,2.778e-05,41.0796
0,17,33,0,6.504e-05,41.0597
0,18,33,0,3.624e-05,41.0371
0,19,33,0,3.504e-05,41.0152
0,20,33,0,5.559e-05,40.9954
0,21,33,0,4.35e-05,40.9743
0,22,33,0,5.11875e-05,40.9535
0,23,33,0,3.624e-05,40.9319
0,24,33,0,2.658e-05,40.9114
0,25,33,0,2.7795e-05,40.8923
0,26,33,0,3.70125e-05,40.8733
0,27,33,0,3.504e-05,40.8545
0,28,33,0,2.658e-05,40.8367
0,29,33,0,3.26025e-05,40.8206
0,30,33,0,5.316e-05,40.8057
0,31,33,0,3.744e-05,40.7911
0,32,33,0,0.000105405,40.779
0,33,33,0,3.74475e-05,40.7616
0,34,33,0,2.658e-05,40.7455
0,35,33,0,3.504e-05,40.7311
0,36,33,0,2.658e-05,40.7172
0,37,33,0,2.205e-05,40.7045
0,38,33,0,3.7455e-05,40.6935
0,39,33,0,4.35e-05,40.6823
0,40,33,0,6.90225e-05,40.672
0,41,33,0,5.9205e-05,40.66
0,42,33,0,2.538e-05,40.6479
0,43,33,0,7.974e-05,40.6389
0,44,33,0,3.504e-05,40.6262
0,45,33,0,2.00925e-05,40.6148
0,46,33,0,1.692e-05,40.6054
0,47,33,0,2.577e-05,40.5977
0,48,33,0,2.778e-05,40.5908
0,49,33,0,4.47e-05,40.5843
0,50,33,0,4.23e-05,40.5776
0,51,33,0,3.744e-05,40.5724
0,52,33,0,7.368e-05,40.5689
0,53,33,0,3.504e-05,40.5624
0,54,33,0,4.23e-05,40.5567
0,55,33,0,1.812e-05,40.5505
0,56,33,0,3.384e-05,40.5468
0,57,33,0,2.8695e-05,40.543
0,58,33,0,4.35e-05,40.5401
0,59,33,0,4.35e-05,40.5375
0,60,33,0,5.1045e-05,40.535
0,61,33,0,7.73175e-05,40.5324
0,62,33,0,4.35075e-05,40.5275
0,63,33,0,3.94125e-05,40.523
0,64,33,0,5.23875e-05,40.5193
0,65,33,0,4.56975e-05,40.5154
0,66,33,0,4.71075e-05,40.5109
0,67,33,0,1.692e-05,40.5052
0,68,33,0,2.658e-05,40.5021
0,69,33,0,4.95225e-05,40.5006
0,70,33,0,3.807e-05,40.498
0,71,33,0,4.35e-05,40.4959
0,72,33,0,1.79775e-05,40.4938
0,73,33,0,6.57075e-05,40.4939
0,74,33,0,4.35e-05,40.4916
0,75,33,0,5.436e-05,40.4903
0,76,33,0,1.692e-05,40.4885
0,77,33,0,7.49025e-05,40.4899
0,78,33,0,4.953e-05,40.4882
0,79,33,0,6.282e-05,40.4866
0,80,33,0,3.384e-05,40.4834
0,81,33,0,8.6085e-05,40.4827
0,82,33,0,2.658e-05,40.4781
0,83,33,0,4.23e-05,40.4764
0,84,33,0,2.235e-05,40.4743
0,85,33,0,4.1085e-05,40.4735
0,86,33,0,4.71e-05,40.4726
0,87,33,0,4.5615e-05,40.4713
0,88,33,0,4.47e-05,40.4693
0,89,33,0,6.042e-05,40.468
0,90,33,0,3.384e-05,40.4657
0,91,33,0,8.94e-05,40.4661
0,92,33,0,3.60975e-05,40.4627
0,93,33,0,5.196e-05,40.4609
0,94,33,0,5.316e-05,40.4597
0,95,33,0,5.5575e-05,40.4587
0,96,33,0,3.39825e-05,40.4563
0,97,33,0,5.316e-05,40.4546
0,98,33,0,2.53725e-05,40.451
0,99,33,0,2.658e-05,40.4488
0,100,33,0,2.778e-05,40.448
0,101,33,0,2.658e-05,40.4477
0,102,33,0,4.78725e-05,40.4485
0,103,33,0,6.282e-05,40.4484
0,104,33,0,4.0185e-05,40.4469
0,105,33,0,3.624e-05,40.4455
0,106,33,0,4.69575e-05,40.4444
0,107,33,0,5.556e-05,40.4432
0,108,33,0,4.65225e-05,40.4417
0,109,33,0,8.31525e-05,40.4414
0,110,33,0,3.744e-05,40.4375
0,111,33,0,1.692e-05,40.4344
0,112,33,0,5.21025e-05,40.4337
0,113,33,0,1.692e-05,40.4312
0,114,33,0,2.65725e-05,40.431
0,115,33,0,6.282e-05,40.4321
0,116,33,0,3.7455e-05,40.4318
0,117,33,0,5.07525e-05,40.4315
0,118,33,0,3.3555e-05,40.43
0,119,33,0,5.196e-05,40.4296
0,120,33,0,4.47e-05,40.4283
0,121,33,0,2.4165e-05,40.4264
0,122,33,0,3.504e-05,40.4257
0,123,33,0,8.46e-06,40.4242
0,124,33,0,6.90225e-05,40.4255
0,125,33,0,3.624e-05,40.423
0,126,33,0,7.008e-05,40.4217
0,127,33,0,9.66e-06,40.4164
0,0,34,0,7.15688e-05,41.2963
0,1,34,0,0,41.2847
0,2,34,0,0,41.2733
0,3,34,0,0,41.261
0,4,34,0,0,41.2479
0,5,34,0,0,41.2334
0,6,34,0,2.415e-06,41.2186
0,7,34,0,0,41.2027
0,8,34,0,0,41.1852
0,9,34,0,0,41.1667
0,10,34,0,0,41.148
0,11,34,0,0,41.1292
0,12,34,0,0,41.1104
0,13,34,0,4.23e-06,41.0921
0,14,34,0,0,41.0738
0,15,34,0,0,41.0551
0,16,34,0,0,41.0357
0,17,34,0,0,41.0164
0,18,34,0,0,40.9964
0,19,34,0,0,40.9767
0,20,34,0,4.83e-06,40.9576
0,21,34,0,0,40.9381
0,22,34,0,3.1725e-06,40.9189
0,23,34,0,0,40.8994
0,24,34,0,0,40.8806
0,25,34,0,0,40.8626
0,26,34,0,5.2875e-06,40.8452
0,27,34,0,0,40.8279
0,28,34,0,0,40.8115
0,29,34,0,6.0375e-06,40.7963
0,30,34,0,0,40.7815
0,31,34,0,0,40.7674
0,32,34,0,2.115e-06,40.754
0,33,34,0,2.415e-06,40.7394
0,34,34,0,0,40.7249
0,35,34,0,0,40.7114
0,36,34,0,0,40.6985
0,37,34,0,5.2875e-06,40.6867
0,38,34,0,7.245e-06,40.6755
0,39,34,0,0,40.6643
0,40,34,0,1.0575e-06,40.6536
0,41,34,0,0,40.6426
0,42,34,0,0,40.6318
0,43,34,0,0,40.6218
0,44,34,0,0,40.6114
0,45,34,0,5.2875e-06,40.6017
0,46,34,0,0,40.5927
0,47,34,0,0,40.5849
0,48,34,0,0,40.5779
0,49,34,0,0,40.5714
0,50,34,0,0,40.5654
0,51,34,0,0,40.56
0,52,34,0,0,40.5552
0,53,34,0,0,40.5499
0,54,34,0,0,40.5448
0,55,34,0,0,40.5399
0,56,34,0,0,40.5359
0,57,34,0,6.345e-06,40.5325
0,58,34,0,0,40.5291
0,59,34,0,0,40.5261
0,60,34,0,0,40.5232
0,61,34,0,0,40.52
0,62,34,0,0,40.5163
0,63,34,0,5.2875e-06,40.5126
0,64,34,0,3.1725e-06,40.5089
0,65,34,0,0,40.505
0,66,34,0,4.83e-06,40.5012
0,67,34,0,0,40.4971
0,68,34,0,0,40.494
0,69,34,0,6.0375e-06,40.492
0,70,34,0,4.23e-06,40.4896
0,71,34,0,0,40.4873
0,72,34,0,7.4025e-06,40.4857
0,73,34,0,0,40.4841
0,74,34,0,0,40.4824
0,75,34,0,0,40.4809
0,76,34,0,0,40.4797
0,77,34,0,6.0375e-06,40.4794
0,78,34,0,4.83e-06,40.478
0,79,34,0,0,40.476
0,80,34,0,0,40.4739
0,81,34,0,3.1725e-06,40.4722
0,82,34,0,0,40.4694
0,83,34,0,0,40.4675
0,84,34,0,4.23e-06,40.4658
0,85,34,0,2.415e-06,40.4644
0,86,34,0,0,40.463
0,87,34,0,0,40.4616
0,88,34,0,0,40.46
0,89,34,0,0,40.4586
0,90,34,0,0,40.4571
0,91,34,0,0,40.456
0,92,34,0,7.4025e-06,40.4544
0,93,34,0,0,40.4524
0,94,34,0,0,40.4509
0,95,34,0,0,40.4493
0,96,34,0,1.0575e-06,40.4475
0,97,34,0,0,40.4456
0,98,34,0,0,40.4433
0,99,34,0,0,40.4416
0,100,34,0,0,40.4405
0,101,34,0,0,40.44
0,102,34,0,5.2875e-06,40.44
0,103,34,0,0,40.4394
0,104,34,0,0,40.4383
0,105,34,0,0,40.4373
0,106,34,0,7.4025e-06,40.4365
0,107,34,0,0,40.435
0,108,34,0,1.2075e-06,40.4337
0,109,34,0,0,40.4323
0,110,34,0,0,40.43
0,111,34,0,0,40.4279
0,112,34,0,1.0575e-06,40.4266
0,113,34,0,0,40.4251
0,114,34,0,0,40.4244
0,115,34,0,0,40.4242
0,116,34,0,0,40.4238
0,117,34,0,1.2075e-06,40.4232
0,118,34,0,0,40.4222
0,119,34,0,0,40.4213
0,120,34,0,0,40.4202
0,121,34,0,2.415e-06,40.4189
0,122,34,0,0,40.4178
0,123,34,0,0,40.4166
0,124,34,0,0,40.416
0,125,34,0,0,40.4144
0,126,34,0,0,40.4126
0,127,34,0,0,40.4101
0,0,35,0,7.15688e-05,41.2408
0,1,35,0,0,41.2294
0,2,35,0,0,41.2178
0,3,35,0,0,41.2057
0,4,35,0,0,41.193
0,5,35,0,0,41.1794
0,6,35,0,0,41.1652
0,7,35,0,0,41.1502
0,8,35,0,0,41.1342
0,9,35,0,0,41.1176
0,10,35,0,0,41.1005
0,11,35,0,0,41.0832
0,12,35,0,0,41.0658
0,13,35,0,0,41.0485
0,14,35,0,0,41.0311
0,15,35,0,0,41.0134
0,16,35,0,0,40.9955
0,17,35,0,0,40.9774
0,18,35,0,0,40.9591
0,19,35,0,0,40.9408
0,20,35,0,0,40.9229
0,21,35,0,0,40.905
0,22,35,0,0,40.8872
0,23,35,0,0,40.8695
0,24,35,0,0,40.8522
0,25,35,0,0,40.8354
0,26,35,0,0,40.8191
0,27,35,0,0,40.8032
0,28,35,0,0,40.788
0,29,35,0,0,40.7735
0,30,35,0,0,40.7594
0,31,35,0,0,40.7459
0,32,35,0,0,40.7327
0,33,35,0,0,40.7193
0,34,35,0,0,40.7061
0,35,35,0,0,40.6935
0,36,35,0,0,40.6814
0,37,35,0,0,40.6699
0,38,35,0,0,40.6589
0,39,35,0,0,40.6482
0,40,35,0,0,40.6377
0,41,35,0,0,40.6273
0,42,35,0,0,40.6172
0,43,35,0,0,40.6075
0,44,35,0,0,40.5981
0,45,35,0,0,40.5892
0,46,35,0,0,40.5809
0,47,35,0,0,40.5735
0,48,35,0,0,40.5667
0,49,35,0,0,40.5604
0,50,35,0,0,40.5545
0,51,35,0,0,40.5492
0,52,35,0,0,40.5442
0,53,35,0,0,40.5393
0,54,35,0,0,40.5347
0,55,35,0,0,40.5303
0,56,35,0,0,40.5265
0,57,35,0,0,40.5231
0,58,35,0,0,40.5198
0,59,35,0,0,40.5166
0,60,35,0,0,40.5135
0,61,35,0,0,40.5103
0,62,35,0,0,40.5069
0,63,35,0,0,40.5035
0,64,35,0,0,40.5
0,65,35,0,0,40.4965
0,66,35,0,0,40.4931
0,67,35,0,0,40.4898
0,68,35,0,0,40.4869
0,69,35,0,0,40.4845
0,70,35,0,0,40.4822
0,71,35,0,0,40.4801
0,72,35,0,0,40.4782
0,73,35,0,0,40.4764
0,74,35,0,0,40.4747
0,75,35,0,0,40.4732
0,76,35,0,0,40.4718
0,77,35,0,0,40.4707
0,78,35,0,0,40.4693
0,79,35,0,0,40.4676
0,80,35,0,0,40.4658
0,81,35,0,0,40.4639
0,82,35,0,0,40.4619
0,83,35,0,0,40.46
0,84,35,0,0,40.4583
0,85,35,0,0,40.4568
0,86,35,0,0,40.4553
0,87,35,0,0,40.4538
0,88,35,0,0,40.4524
0,89,35,0,0,40.451
0,90,35,0,0,40.4497
0,91,35,0,0,40.4484
0,92,35,0,0,40.4469
0,93,35,0,0,40.4453
0,94,35,0,0,40.4437
0,95,35,0,0,40.4421
0,96,35,0,0,40.4404
0,97,35,0,0,40.4386
0,98,35,0,0,40.4368
0,99,35,0,0,40.4353
0,100,35,0,0,40.4343
0,101,35,0,0,40.4335
0,102,35,0,0,40.433
0,103,35,0,0,40.4324
0,104,35,0,0,40.4315
0,105,35,0,0,40.4306
0,106,35,0,0,40.4297
0,107,35,0,0,40.4285
0,108,35,0,0,40.4272
0,109,35,0,0,40.4258
0,110,35,0,0,40.4241
0,111,35,0,0,40.4225
0,112,35,0,0,40.421
0,113,35,0,0,40.4198
0,114,35,0,0,40.4189
0,115,35,0,0,40.4182
0,116,35,0,0,40.4176
0,117,35,0,0,40.4168
0,118,35,0,0,40.4159
0,119,35,0,0,40.4149
0,120,35,0,0,40.4138
0,121,35,0,0,40.4126
0,122,35,0,0,40.4114
0,123,35,0,0,40.4102
0,124,35,0,0,40.409
0,125,35,0,0,40.4075
0,126,35,0,0,40.406
0,127,35,0,0,40.4044
0,0,36,0,7.15688e-05,41.19
0,1,36,0,0,41.1787
0,2,36,0,0,41.1672
0,3,36,0,0,41.1554
0,4,36,0,0,41.1431
0,5,36,0,0,41.1303
0,6,36,0,0,41.1168
0,7,36,0,0,41.1027
0,8,36,0,0,41.088
0,9,36,0,0,41.0728
0,10,36,0,0,41.0571
0,11,36,0,0,41.0411
0,12,36,0,0,41.0249
0,13,36,0,0,41.0087
0,14,36,0,0,40.9923
0,15,36,0,0,40.9757
0,16,36,0,0,40.9589
0,17,36,0,0,40.942
0,18,36,0,0,40.925
0,19,36,0,0,40.9081
0,20,36,0,0,40.8914
0,21,36,0,0,40.8749
0,22,36,0,0,40.8585
0,23,36,0,0,40.8423
0,24,36,0,0,40.8263
0,25,36,0,0,40.8108
0,26,36,0,0,40.7956
0,27,36,0,0,40.7809
0,28,36,0,0,40.7666
0,29,36,0,0,40.7529
0,30,36,0,0,40.7396
0,31,36,0,0,40.7267
0,32,36,0,0,40.7141
0,33,36,0,0,40.7016
0,34,36,0,0,40.6894
0,35,36,0,0,40.6776
0,36,36,0,0,40.6661
0,37,36,0,0,40.6552
0,38,36,0,0,40.6445
0,39,36,0,0,40.6342
0,40,36,0,0,40.624
0,41,36,0,0,40.6141
0,42,36,0,0,40.6045
0,43,36,0,0,40.5953
0,44,36,0,0,40.5865
0,45,36,0,0,40.5782
0,46,36,0,0,40.5706
0,47,36,0,0,40.5635
0,48,36,0,0,40.557
0,49,36,0,0,40.551
0,50,36,0,0,40.5453
0,51,36,0,0,40.5401
0,52,36,0,0,40.5351
0,53,36,0,0,40.5305
0,54,36,0,0,40.5262
0,55,36,0,0,40.5223
0,56,36,0,0,40.5187
0,57,36,0,0,40.5154
0,58,36,0,0,40.5122
0,59,36,0,0,40.5091
0,60,36,0,0,40.506
0,61,36,0,0,40.5028
0,62,36,0,0,40.4996
0,63,36,0,0,40.4963
0,64,36,0,0,40.493
0,65,36,0,0,40.4898
0,66,36,0,0,40.4868
0,67,36,0,0,40.4839
0,68,36,0,0,40.4812
0,69,36,0,0,40.4788
0,70,36,0,0,40.4765
0,71,36,0,0,40.4744
0,72,36,0,0,40.4724
0,73,36,0,0,40.4705
0,74,36,0,0,40.4687
0,75,36,0,0,40.4671
0,76,36,0,0,40.4656
0,77,36,0,0,40.4642
0,78,36,0,0,40.4627
0,79,36,0,0,40.4611
0,80,36,0,0,40.4595
0,81,36,0,0,40.4577
0,82,36,0,0,40.4559
0,83,36,0,0,40.4541
0,84,36,0,0,40.4524
0,85,36,0,0,40.4508
0,86,36,0,0,40.4493
0,87,36,0,0,40.4479
0,88,36,0,0,40.4465
0,89,36,0,0,40.4452
0,90,36,0,0,40.444
0,91,36,0,0,40.4427
0,92,36,0,0,40.4413
0,93,36,0,0,40.4398
0,94,36,0,0,40.4383
0,95,36,0,0,40.4367
0,96,36,0,0,40.435
0,97,36,0,0,40.4334
0,98,36,0,0,40.4318
0,99,36,0,0,40.4304
0,100,36,0,0,40.4293
0,101,36,0,0,40.4285
0,102,36,0,0,40.4279
0,103,36,0,0,40.4272
0,104,36,0,0,40.4265
0,105,36,0,0,40.4256
0,106,36,0,0,40.4247
0,107,36,0,0,40.4237
0,108,36,0,0,40.4225
0,109,36,0,0,40.4212
0,110,36,0,0,40.4198
0,111,36,0,0,40.4184
0,112,36,0,0,40.417
0,113,36,0,0,40.4157
0,114,36,0,0,40.4147
0,115,36,0,0,40.4138
0,116,36,0,0,40.413
0,117,36,0,0,40.4122
0,118,36,0,0,40.4113
0,119,36,0,0,40.4103
0,120,36,0,0,40.4092
0,121,36,0,0,40.4079
0,122,36,0,0,40.4066
0,123,36,0,0,40.4053
0,124,36,0,0,40.4039
0,125,36,0,0,40.4024
0,126,36,0,0,40.4009
0,127,36,0,0,40.3997
0,0,37,0,7.15688e-05,41.1435
0,1,37,0,0,41.1324
0,2,37,0,0,41.1212
0,3,37,0,0,41.1098
0,4,37,0,0,41.098
0,5,37,0,0,41.0857
0,6,37,0,0,41.073
0,7,37,0,0,41.0599
0,8,37,0,0,41.0462
0,9,37,0,0,41.0322
0,10,37,0,0,41.0177
0,11,37,0,0,41.0029
0,12,37,0,0,40.9878
0,13,37,0,0,40.9725
0,14,37,0,0,40.9572
0,15,37,0,0,40.9416
0,16,37,0,0,40.9258
0,17,37,0,0,40.91
0,18,37,0,0,40.8942
0,19,37,0,0,40.8785
0,20,37,0,0,40.863
0,21,37,0,0,40.8478
0,22,37,0,0,40.8327
0,23,37,0,0,40.8178
0,24,37,0,0,40.8031
0,25,37,0,0,40.7886
0,26,37,0,0,40.7745
0,27,37,0,0,40.7608
0,28,37,0,0,40.7475
0,29,37,0,0,40.7346
0,30,37,0,0,40.7221
0,31,37,0,0,40.7099
0,32,37,0,0,40.698
0,33,37,0,0,40.6863
0,34,37,0,0,40.6748
0,35,37,0,0,40.6637
0,36,37,0,0,40.6529
0,37,37,0,0,40.6424
0,38,37,0,0,40.6322
0,39,37,0,0,40.6222
0,40,37,0,0,40.6125
0,41,37,0,0,40.6029
0,42,37,0,0,40.5936
0,43,37,0,0,40.5848
0,44,37,0,0,40.5765
0,45,37,0,0,40.5688
0,46,37,0,0,40.5617
0,47,37,0,0,40.5551
0,48,37,0,0,40.5489
0,49,37,0,0,40.5432
0,50,37,0,0,40.5377
0,51,37,0,0,40.5326
0,52,37,0,0,40.5278
0,53,37,0,0,40.5234
0,54,37,0,0,40.5194
0,55,37,0,0,40.5159
0,56,37,0,0,40.5127
0,57,37,0,0,40.5096
0,58,37,0,0,40.5065
0,59,37,0,0,40.5035
0,60,37,0,0,40.5004
0,61,37,0,0,40.4973
0,62,37,0,0,40.4941
0,63,37,0,0,40.4909
0,64,37,0,0,40.4878
0,65,37,0,0,40.4849
0,66,37,0,0,40.4822
0,67,37,0,0,40.4796
0,68,37,0,0,40.4771
0,69,37,0,0,40.4747
0,70,37,0,0,40.4725
0,71,37,0,0,40.4703
0,72,37,0,0,40.4683
0,73,37,0,0,40.4663
0,74,37,0,0,40.4644
0,75,37,0,0,40.4627
0,76,37,0,0,40.461
0,77,37,0,0,40.4595
0,78,37,0,0,40.458
0,79,37,0,0,40.4565
0,80,37,0,0,40.455
0,81,37,0,0,40.4534
0,82,37,0,0,40.4517
0,83,37,0,0,40.4499
0,84,37,0,0,40.4482
0,85,37,0,0,40.4465
0,86,37,0,0,40.4449
0,87,37,0,0,40.4435
0,88,37,0,0,40.4423
0,89,37,0,0,40.4411
0,90,37,0,0,40.44
0,91,37,0,0,40.4388
0,92,37,0,0,40.4375
0,93,37,0,0,40.4361
0,94,37,0,0,40.4346
0,95,37,0,0,40.433
0,96,37,0,0,40.4314
0,97,37,0,0,40.4298
0,98,37,0,0,40.4282
0,99,37,0,0,40.4268
0,100,37,0,0,40.4258
0,101,37,0,0,40.425
0,102,37,0,0,40.4244
0,103,37,0,0,40.4238
0,104,37,0,0,40.4232
0,105,37,0,0,40.4224
0,106,37,0,0,40.4216
0,107,37,0,0,40.4206
0,108,37,0,0,40.4195
0,109,37,0,0,40.4184
0,110,37,0,0,40.4172
0,111,37,0,0,40.4158
0,112,37,0,0,40.4144
0,113,37,0,0,40.4131
0,114,37,0,0,40.412
0,115,37,0,0,40.411
0,116,37,0,0,40.4101
0,117,37,0,0,40.4093
0,118,37,0,0,40.4084
0,119,37,0,0,40.4074
0,120,37,0,0,40.4062
0,121,37,0,0,40.4049
0,122,37,0,0,40.4035
0,123,37,0,0,40.4019
0,124,37,0,0,40.4004
0,125,37,0,0,40.3987
0,126,37,0,0,40.3972
0,127,37,0,0,40.3959
0,0,38,0,7.15688e-05,41.101
0,1,38,0,0,41.0904
0,2,38,0,0,41.0796
0,3,38,0,0,41.0685
0,4,38,0,0,41.0572
0,5,38,0,0,41.0456
0,6,38,0,0,41.0335
0,7,38,0,0,41.0212
0,8,38,0,0,41.0086
0,9,38,0,0,40.9957
0,10,38,0,0,40.9824
0,11,38,0,0,40.9685
0,12,38,0,0,40.9543
0,13,38,0,0,40.94
0,14,38,0,0,40.9257
0,15,38,0,0,40.911
0,16,38,0,0,40.8962
0,17,38,0,0,40.8812
0,18,38,0,0,40.8664
0,19,38,0,0,40.8518
0,20,38,0,0,40.8375
0,21,38,0,0,40.8235
0,22,38,0,0,40.8096
0,23,38,0,0,40.796
0,24,38,0,0,40.7824
0,25,38,0,0,40.769
0,26,38,0,0,40.7558
0,27,38,0,0,40.743
0,28,38,0,0,40.7306
0,29,38,0,0,40.7186
0,30,38,0,0,40.7069
0,31,38,0,0,40.6954
0,32,38,0,0,40.6842
0,33,38,0,0,40.6731
0,34,38,0,0,40.6624
0,35,38,0,0,40.6519
0,36,38,0,0,40.6417
0,37,38,0,0,40.6318
0,38,38,0,0,40.622
0,39,38,0,0,40.6124
0,40,38,0,0,40.6029
0,41,38,0,0,40.5935
0,42,38,0,0,40.5844
0,43,38,0,0,40.5758
0,44,38,0,0,40.5681
0,45,38,0,0,40.561
0,46,38,0,0,40.5544
0,47,38,0,0,40.5483
0,48,38,0,0,40.5425
0,49,38,0,0,40.5371
0,50,38,0,0,40.5318
0,51,38,0,0,40.5267
0,52,38,0,0,40.522
0,53,38,0,0,40.5178
0,54,38,0,0,40.5142
0,55,38,0,0,40.5111
0,56,38,0,0,40.5084
0,57,38,0,0,40.5056
0,58,38,0,0,40.5028
0,59,38,0,0,40.4998
0,60,38,0,0,40.4968
0,61,38,0,0,40.4938
0,62,38,0,0,40.4906
0,63,38,0,0,40.4874
0,64,38,0,0,40.4843
0,65,38,0,0,40.4816
0,66,38,0,0,40.4793
0,67,38,0,0,40.4771
0,68,38,0,0,40.4747
0,69,38,0,0,40.4724
0,70,38,0,0,40.4701
0,71,38,0,0,40.4679
0,72,38,0,0,40.4659
0,73,38,0,0,40.4639
0,74,38,0,0,40.4618
0,75,38,0,0,40.4598
0,76,38,0,0,40.4581
0,77,38,0,0,40.4566
0,78,38,0,0,40.4551
0,79,38,0,0,40.4537
0,80,38,0,0,40.4523
0,81,38,0,0,40.4509
0,82,38,0,0,40.4492
0,83,38,0,0,40.4475
0,84,38,0,0,40.4456
0,85,38,0,0,40.4437
0,86,38,0,0,40.4421
0,87,38,0,0,40.4407
0,88,38,0,0,40.4396
0,89,38,0,0,40.4387
0,90,38,0,0,40.4379
0,91,38,0,0,40.4368
0,92,38,0,0,40.4356
0,93,38,0,0,40.4342
0,94,38,0,0,40.4327
0,95,38,0,0,40.4311
0,96,38,0,0,40.4294
0,97,38,0,0,40.4278
0,98,38,0,0,40.426
0,99,38,0,0,40.4246
0,100,38,0,0,40.4235
0,101,38,0,0,40.423
0,102,38,0,0,40.4225
0,103,38,0,0,40.4221
0,104,38,0,0,40.4216
0,105,38,0,0,40.421
0,106,38,0,0,40.4202
0,107,38,0,0,40.4192
0,108,38,0,0,40.4183
0,109,38,0,0,40.4174
0,110,38,0,0,40.4163
0,111,38,0,0,40.4149
0,112,38,0,0,40.4133
0,113,38,0,0,40.4119
0,114,38,0,0,40.4107
0,115,38,0,0,40.4097
0,116,38,0,0,40.4087
0,117,38,0,0,40.408
0,118,38,0,0,40.4071
0,119,38,0,0,40.4062
0,120,38,0,0,40.4049
0,121,38,0,0,40.4035
0,122,38,0,0,40.402
0,123,38,0,0,40.4002
0,124,38,0,0,40.3984
0,125,38,0,0,40.3965
0,126,38,0,0,40.3947
0,127,38,0,0,40.3932
0,0,39,0,7.15688e-05,41.0623
0,1,39,0,0,41.0525
0,2,39,0,0,41.0422
0,3,39,0,0,41.0313
0,4,39,0,0,41.0205
0,5,39,0,0,41.0097
0,6,39,0,0,40.998
0,7,39,0,0,40.9865
0,8,39,0,0,40.9748
0,9,39,0,0,40.9634
0,10,39,0,0,40.9511
0,11,39,0,0,40.9378
0,12,39,0,0,40.9242
0,13,39,0,0,40.9109
0,14,39,0,0,40.8978
0,15,39,0,0,40.8838
0,16,39,0,0,40.8699
0,17,39,0,0,40.8555
0,18,39,0,0,40.8414
0,19,39,0,0,40.8278
0,20,39,0,0,40.8147
0,21,39,0,0,40.8021
0,22,39,0,0,40.7893
0,23,39,0,0,40.7771
0,24,39,0,0,40.7644
0,25,39,0,0,40.7519
0,26,39,0,0,40.7396
0,27,39,0,0,40.7275
0,28,39,0,0,40.7159
0,29,39,0,0,40.7051
0,30,39,0,0,40.6939
0,31,39,0,0,40.6833
0,32,39,0,0,40.6727
0,33,39,0,0,40.6622
0,34,39,0,0,40.6521
0,35,39,0,0,40.6423
0,36,39,0,0,40.6326
0,37,39,0,0,40.6233
0,38,39,0,0,40.6138
0,39,39,0,0,40.6048
0,40,39,0,0,40.5956
0,41,39,0,0,40.5862
0,42,39,0,0,40.5767
0,43,39,0,0,40.5683
0,44,39,0,0,40.561
0,45,39,0,0,40.5548
0,46,39,0,0,40.5487
0,47,39,0,0,40.5432
0,48,39,0,0,40.5377
0,49,39,0,0,40.5329
0,50,39,0,0,40.5277
0,51,39,0,0,40.5225
0,52,39,0,0,40.5176
0,53,39,0,0,40.5137
0,54,39,0,0,40.5102
0,55,39,0,0,40.5079
0,56,39,0,0,40.506
0,57,39,0,0,40.5037
0,58,39,0,0,40.5011
0,59,39,0,0,40.498
0,60,39,0,0,40.4951
0,61,39,0,0,40.4923
0,62,39,0,0,40.4889
0,63,39,0,0,40.4856
0,64,39,0,0,40.4823
0,65,39,0,0,40.4797
0,66,39,0,0,40.4782
0,67,39,0,0,40.4766
0,68,39,0,0,40.4741
0,69,39,0,0,40.4719
0,70,39,0,0,40.4694
0,71,39,0,0,40.4672
0,72,39,0,0,40.4654
0,73,39,0,0,40.4634
0,74,39,0,0,40.4608
0,75,39,0,0,40.4586
0,76,39,0,0,40.4567
0,77,39,0,0,40.4554
0,78,39,0,0,40.454
0,79,39,0,0,40.4527
0,80,39,0,0,40.4514
0,81,39,0,0,40.4503
0,82,39,0,0,40.4487
0,83,39,0,0,40.4468
0,84,39,0,0,40.4449
0,85,39,0,0,40.4425
0,86,39,0,0,40.4406
0,87,39,0,0,40.4394
0,88,39,0,0,40.4385
0,89,39,0,0,40.438
0,90,39,0,0,40.4376
0,91,39,0,0,40.4367
0,92,39,0,0,40.4353
0,93,39,0,0,40.4342
0,94,39,0,0,40.4326
0,95,39,0,0,40.4309
0,96,39,0,0,40.4291
0,97,39,0,0,40.4275
0,98,39,0,0,40.4253
0,99,39,0,0,40.4235
0,100,39,0,0,40.4225
0,101,39,0,0,40.4225
0,102,39,0,0,40.4223
0,103,39,0,0,40.422
0,104,39,0,0,40.4217
0,105,39,0,0,40.4215
0,106,39,0,0,40.4205
0,107,39,0,0,40.4194
0,108,39,0,0,40.4186
0,109,39,0,0,40.4181
0,110,39,0,0,40.4173
0,111,39,0,0,40.416
0,112,39,0,0,40.4136
0,113,39,0,0,40.412
0,114,39,0,0,40.4109
0,115,39,0,0,40.4099
0,116,39,0,0,40.4088
0,117,39,0,0,40.4084
0,118,39,0,0,40.4074
0,119,39,0,0,40.407
0,120,39,0,0,40.4052
0,121,39,0,0,40.4039
0,122,39,0,0,40.4022
0,123,39,0,0,40.4001
0,124,39,0,0,40.3982
0,125,39,0,0,40.3956
0,126,39,0,0,40.3936
0,127,39,0,0,40.3913
0,0,40,0,0.000115069,41.0272
0,1,40,0,5.196e-05,41.019
0,2,40,0,4.59e-05,41.0091
0,3,40,0,1.812e-05,40.9979
0,4,40,0,2.658e-05,40.9876
0,5,40,0,6.402e-05,40.9783
0,6,40,0,2.538e-05,40.9661
0,7,40,0,4.35e-05,40.9555
0,8,40,0,1.692e-05,40.9443
0,9,40,0,5.076e-05,40.9353
0,10,40,0,6.624e-05,40.9242
0,11,40,0,4.35e-05,40.9109
0,12,40,0,1.692e-05,40.8971
0,13,40,0,2.658e-05,40.8849
0,14,40,0,6.402e-05,40.874
0,15,40,0,2.658e-05,40.8598
0,16,40,0,5.316e-05,40.8473
0,17,40,0,1.692e-05,40.8326
0,18,40,0,1.932e-05,40.819
0,19,40,0,1.932e-05,40.8061
0,20,40,0,2.538e-05,40.7945
0,21,40,0,5.5575e-05,40.7838
0,22,40,0,1.812e-05,40.7712
0,23,40,0,6.162e-05,40.7614
0,24,40,0,4.35e-05,40.7489
0,25,40,0,5.196e-05,40.7373
0,26,40,0,4.71e-05,40.7258
0,27,40,0,4.35e-05,40.714
0,28,40,0,2.778e-05,40.7031
0,29,40,0,7.65675e-05,40.6945
0,30,40,0,3.384e-05,40.683
0,31,40,0,5.84475e-05,40.6737
0,32,40,0,4.35e-05,40.6635
0,33,40,0,4.06125e-05,40.6533
0,34,40,0,4.5615e-05,40.6439
0,35,40,0,5.316e-05,40.6349
0,36,40,0,3.624e-05,40.6254
0,37,40,0,6.91575e-05,40.6175
0,38,40,0,2.43225e-05,40.6073
0,39,40,0,6.282e-05,40.5998
0,40,40,0,6.282e-05,40.5907
0,41,40,0,5.922e-05,40.581
0,42,40,0,1.692e-05,40.5702
0,43,40,0,8.46e-06,40.5616
0,44,40,0,2.658e-05,40.5551
0,45,40,0,6.042e-05,40.5504
0,46,40,0,4.66725e-05,40.5447
0,47,40,0,5.778e-05,40.5399
0,48,40,0,2.658e-05,40.5343
0,49,40,0,7.008e-05,40.5312
0,50,40,0,3.3675e-05,40.5257
0,51,40,0,2.658e-05,40.5197
0,52,40,0,8.46e-06,40.5143
0,53,40,0,3.624e-05,40.511
0,54,40,0,9.66e-06,40.5071
0,55,40,0,3.82125e-05,40.506
0,56,40,0,7.86825e-05,40.5062
0,57,40,0,5.556e-05,40.5041
0,58,40,0,6.5565e-05,40.5017
0,59,40,0,3.504e-05,40.498
0,60,40,0,4.812e-05,40.4953
0,61,40,0,7.854e-05,40.4934
0,62,40,0,4.59e-05,40.489
0,63,40,0,6.162e-05,40.4856
0,64,40,0,3.624e-05,40.4815
0,65,40,0,1.812e-05,40.4787
0,66,40,0,3.201e-05,40.4789
0,67,40,0,7.911e-05,40.4789
0,68,40,0,2.778e-05,40.475
0,69,40,0,6.282e-05,40.4736
0,70,40,0,3.801e-05,40.4703
0,71,40,0,2.658e-05,40.4678
0,72,40,0,5.316e-05,40.467
0,73,40,0,6.939e-05,40.4651
0,74,40,0,3.39825e-05,40.4612
0,75,40,0,4.59e-05,40.4588
0,76,40,0,3.504e-05,40.4567
0,77,40,0,4.47e-05,40.4559
0,78,40,0,4.35e-05,40.4544
0,79,40,0,4.59e-05,40.4535
0,80,40,0,3.504e-05,40.4521
0,81,40,0,7.0245e-05,40.4522
0,82,40,0,4.47e-05,40.4501
0,83,40,0,4.47e-05,40.4479
0,84,40,0,7.008e-05,40.4465
0,85,40,0,2.658e-05,40.4424
0,86,40,0,2.43225e-05,40.4403
0,87,40,0,4.35e-05,40.4395
0,88,40,0,4.086e-05,40.4387
0,89,40,0,5.09025e-05,40.4391
0,90,40,0,7.128e-05,40.4394
0,91,40,0,6.282e-05,40.4387
0,92,40,0,3.27825e-05,40.4366
0,93,40,0,6.282e-05,40.4365
0,94,40,0,3.62475e-05,40.4341
0,95,40,0,6.1905e-05,40.4326
0,96,40,0,3.504e-05,40.4301
0,97,40,0,9.426e-05,40.4297
0,98,40,0,3.50475e-05,40.4257
0,99,40,0,2.961e-05,40.4233
0,100,40,0,1.692e-05,40.4221
0,101,40,0,6.282e-05,40.4239
0,102,40,0,5.316e-05,40.4238
0,103,40,0,4.47e-05,40.4238
0,104,40,0,1.812e-05,40.4234
0,105,40,0,6.888e-05,40.4244
0,106,40,0,5.316e-05,40.4227
0,107,40,0,3.141e-05,40.4208
0,108,40,0,3.624e-05,40.4204
0,109,40,0,4.97025e-05,40.4208
0,110,40,0,5.436e-05,40.4205
0,111,40,0,8.29125e-05,40.4197
0,112,40,0,8.46e-06,40.4148
0,113,40,0,3.26175e-05,40.4133
0,114,40,0,2.778e-05,40.4125
0,115,40,0,5.196e-05,40.4118
0,116,40,0,1.79775e-05,40.4097
0,117,40,0,8.676e-05,40.411
0,118,40,0,2.778e-05,40.4088
0,119,40,0,0.00010392,40.4106
0,120,40,0,1.812e-05,40.4068
0,121,40,0,5.316e-05,40.4063
0,122,40,0,5.316e-05,40.4044
0,123,40,0,1.812e-05,40.4013
0,124,40,0,7.128e-05,40.4004
0,125,40,0,9.66e-06,40.3955
0,126,40,0,6.522e-05,40.3942
0,127,40,0,3.504e-05,40.3904
0,0,41,0,8.12288e-05,40.9892
0,1,41,0,6.282e-05,40.9827
0,2,41,0,4.932e-05,40.9734
0,3,41,0,7.854e-05,40.9644
0,4,41,0,4.24425e-05,40.953
0,5,41,0,5.196e-05,40.943
0,6,41,0,3.504e-05,40.9317
0,7,41,0,4.35e-05,40.9217
0,8,41,0,3.927e-05,40.9121
0,9,41,0,0.00010368,40.9046
0,10,41,0,4.47e-05,40.892
0,11,41,0,6.162e-05,40.8807
0,12,41,0,7.248e-05,40.8691
0,13,41,0,4.0185e-05,40.8565
0,14,41,0,7.974e-05,40.8461
0,15,41,0,4.47e-05,40.8328
0,16,41,0,6.282e-05,40.8212
0,17,41,0,7.59e-05,40.809
0,18,41,0,5.316e-05,40.7956
0,19,41,0,4.47e-05,40.7831
0,20,41,0,4.87875e-05,40.7719
0,21,41,0,4.99725e-05,40.7612
0,22,41,0,4.23e-05,40.7503
0,23,41,0,8.397e-05,40.7412
0,24,41,0,3.744e-05,40.7283
0,25,41,0,2.658e-05,40.7168
0,26,41,0,7.12875e-05,40.7075
0,27,41,0,2.22075e-05,40.6953
0,28,41,0,4.59e-05,40.6859
0,29,41,0,5.63325e-05,40.677
0,30,41,0,4.47e-05,40.6669
0,31,41,0,4.16325e-05,40.6578
0,32,41,0,7.854e-05,40.6498
0,33,41,0,4.99875e-05,40.6395
0,34,41,0,4.3785e-05,40.6301
0,35,41,0,5.316e-05,40.6217
0,36,41,0,4.9035e-05,40.6131
0,37,41,0,5.55675e-05,40.6051
0,38,41,0,5.18175e-05,40.5963
0,39,41,0,6.57075e-05,40.5883
0,40,41,0,2.898e-05,40.5782
0,41,41,0,3.624e-05,40.5695
0,42,41,0,4.0185e-05,40.561
0,43,41,0,5.54175e-05,40.5535
0,44,41,0,1.932e-05,40.5452
0,45,41,0,1.692e-05,40.5391
0,46,41,0,2.34075e-05,40.5342
0,47,41,0,3.624e-05,40.5302
0,48,41,0,4.59e-05,40.5262
0,49,41,0,3.12e-05,40.5224
0,50,41,0,0.000101055,40.5206
0,51,41,0,4.71e-05,40.5141
0,52,41,0,6.23925e-05,40.5096
0,53,41,0,3.504e-05,40.5048
0,54,41,0,5.11875e-05,40.5017
0,55,41,0,2.34075e-05,40.4986
0,56,41,0,2.4e-05,40.4976
0,57,41,0,7.974e-05,40.4979
0,58,41,0,3.7155e-05,40.4947
0,59,41,0,8.94e-05,40.4934
0,60,41,0,3.504e-05,40.4887
0,61,41,0,4.35e-05,40.4859
0,62,41,0,5.316e-05,40.4827
0,63,41,0,2.0535e-05,40.4783
0,64,41,0,2.658e-05,40.4753
0,65,41,0,1.692e-05,40.4737
0,66,41,0,0.00010935,40.4764
0,67,41,0,6.585e-05,40.4741
0,68,41,0,4.5915e-05,40.4708
0,69,41,0,6.282e-05,40.4689
0,70,41,0,4.39425e-05,40.4659
0,71,41,0,5.96475e-05,40.4643
0,72,41,0,7.248e-05,40.4628
0,73,41,0,4.275e-05,40.4594
0,74,41,0,5.42175e-05,40.4565
0,75,41,0,1.812e-05,40.4528
0,76,41,0,3.504e-05,40.4516
0,77,41,0,6.888e-05,40.4516
0,78,41,0,2.538e-05,40.4491
0,79,41,0,6.282e-05,40.4491
0,80,41,0,4.47e-05,40.4474
0,81,41,0,3.6075e-05,40.4463
0,82,41,0,8.62275e-05,40.4464
0,83,41,0,2.538e-05,40.4425
0,84,41,0,6.282e-05,40.4413
0,85,41,0,2.658e-05,40.4376
0,86,41,0,5.52375e-05,40.4364
0,87,41,0,3.504e-05,40.4343
0,88,41,0,1.692e-05,40.4327
0,89,41,0,5.05725e-05,40.4335
0,90,41,0,1.812e-05,40.4325
0,91,41,0,5.799e-05,40.4335
0,92,41,0,4.57575e-05,40.4324
0,93,41,0,7.41525e-05,40.4326
0,94,41,0,7.00725e-05,40.4305
0,95,41,0,3.5955e-05,40.4271
0,96,41,0,5.196e-05,40.4249
0,97,41,0,8.46e-06,40.4217
0,98,41,0,4.46925e-05,40.4206
0,99,41,0,3.807e-05,40.4188
0,100,41,0,2.778e-05,40.4176
0,101,41,0,4.47e-05,40.4185
0,102,41,0,2.658e-05,40.4184
0,103,41,0,5.19675e-05,40.4202
0,104,41,0,0.00010512,40.4223
0,105,41,0,6.042e-05,40.4205
0,106,41,0,3.504e-05,40.4182
0,107,41,0,4.833e-05,40.4174
0,108,41,0,4.0575e-05,40.417
0,109,41,0,6.78225e-05,40.4179
0,110,41,0,5.316e-05,40.4169
0,111,41,0,6.08625e-05,40.4157
0,112,41,0,5.316e-05,40.4127
0,113,41,0,2.05425e-05,40.4101
0,114,41,0,9.015e-05,40.4113
0,115,41,0,4.35e-05,40.4083
0,116,41,0,3.39825e-05,40.4059
0,117,41,0,2.6565e-05,40.4046
0,118,41,0,8.46e-06,40.4031
0,119,41,0,5.316e-05,40.4047
0,120,41,0,5.316e-05,40.4037
0,121,41,0,6.042e-05,40.4028
0,122,41,0,5.196e-05,40.4009
0,123,41,0,5.556e-05,40.3988
0,124,41,0,6.66225e-05,40.3967
0,125,41,0,2.658e-05,40.3916
0,126,41,0,1.692e-05,40.3882
0,127,41,0,9.66e-06,40.3849
0,0,42,0,7.15688e-05,40.9512
0,1,42,0,0,40.9424
0,2,42,0,0,40.9332
0,3,42,0,0,40.9238
0,4,42,0,1.0575e-06,40.9138
0,5,42,0,0,40.9038
0,6,42,0,0,40.8936
0,7,42,0,0,40.8839
0,8,42,0,4.23e-06,40.8746
0,9,42,0,0,40.8652
0,10,42,0,0,40.8546
0,11,42,0,0,40.844
0,12,42,0,0,40.8332
0,13,42,0,1.0575e-05,40.8225
0,14,42,0,0,40.8113
0,15,42,0,0,40.7998
0,16,42,0,0,40.7885
0,17,42,0,0,40.7772
0,18,42,0,0,40.7655
0,19,42,0,0,40.7543
0,20,42,0,3.1725e-06,40.7437
0,21,42,0,3.1725e-06,40.7334
0,22,42,0,0,40.7232
0,23,42,0,1.269e-05,40.7138
0,24,42,0,0,40.7027
0,25,42,0,0,40.6923
0,26,42,0,8.4525e-06,40.6829
0,27,42,0,3.1725e-06,40.6726
0,28,42,0,0,40.6631
0,29,42,0,0,40.6541
0,30,42,0,0,40.6451
0,31,42,0,0,40.6363
0,32,42,0,0,40.6279
0,33,42,0,0,40.6191
0,34,42,0,0,40.6105
0,35,42,0,0,40.6024
0,36,42,0,6.345e-06,40.5946
0,37,42,0,2.115e-06,40.5865
0,38,42,0,0,40.5784
0,39,42,0,3.1725e-06,40.5705
0,40,42,0,0,40.5619
0,41,42,0,0,40.5539
0,42,42,0,2.115e-06,40.5463
0,43,42,0,7.4025e-06,40.5393
0,44,42,0,0,40.532
0,45,42,0,0,40.526
0,46,42,0,0,40.5209
0,47,42,0,0,40.5164
0,48,42,0,0,40.5124
0,49,42,0,0,40.5087
0,50,42,0,4.23e-06,40.5054
0,51,42,0,0,40.5009
0,52,42,0,5.2875e-06,40.497
0,53,42,0,0,40.493
0,54,42,0,3.1725e-06,40.49
0,55,42,0,0,40.4873
0,56,42,0,6.0375e-06,40.4856
0,57,42,0,0,40.484
0,58,42,0,0,40.4817
0,59,42,0,0,40.4795
0,60,42,0,0,40.4764
0,61,42,0,0,40.4736
0,62,42,0,0,40.4708
0,63,42,0,7.245e-06,40.4679
0,64,42,0,0,40.4652
0,65,42,0,0,40.4635
0,66,42,0,0,40.463
0,67,42,0,0,40.4614
0,68,42,0,7.245e-06,40.4594
0,69,42,0,0,40.457
0,70,42,0,1.2075e-06,40.4547
0,71,42,0,3.1725e-06,40.4528
0,72,42,0,0,40.4506
0,73,42,0,0,40.448
0,74,42,0,0,40.4455
0,75,42,0,0,40.443
0,76,42,0,0,40.4414
0,77,42,0,0,40.4403
0,78,42,0,0,40.4388
0,79,42,0,0,40.4378
0,80,42,0,0,40.4365
0,81,42,0,0,40.4353
0,82,42,0,3.1725e-06,40.4342
0,83,42,0,0,40.4319
0,84,42,0,0,40.43
0,85,42,0,0,40.4278
0,86,42,0,0,40.4261
0,87,42,0,0,40.4245
0,88,42,0,0,40.4234
0,89,42,0,7.245e-06,40.4232
0,90,42,0,0,40.4224
0,91,42,0,1.329e-05,40.4225
0,92,42,0,0,40.4213
0,93,42,0,5.5875e-06,40.4204
0,94,42,0,0,40.4185
0,95,42,0,0,40.4161
0,96,42,0,0,40.414
0,97,42,0,0,40.4119
0,98,42,0,0,40.4104
0,99,42,0,0,40.4091
0,100,42,0,0,40.4083
0,101,42,0,0,40.4083
0,102,42,0,0,40.4085
0,103,42,0,8.4525e-06,40.4094
0,104,42,0,0,40.4097
0,105,42,0,0,40.409
0,106,42,0,0,40.4079
0,107,42,0,0,40.4074
0,108,42,0,6.345e-06,40.4074
0,109,42,0,1.0575e-05,40.4074
0,110,42,0,0,40.4063
0,111,42,0,7.245e-06,40.4053
0,112,42,0,0,40.4032
0,113,42,0,0,40.4016
0,114,42,0,8.91e-06,40.401
0,115,42,0,0,40.3989
0,116,42,0,0,40.397
0,117,42,0,2.415e-06,40.3957
0,118,42,0,0,40.3945
0,119,42,0,0,40.3942
0,120,42,0,0,40.3934
0,121,42,0,0,40.3923
0,122,42,0,0,40.3906
0,123,42,0,0,40.3887
0,124,42,0,1.0575e-06,40.3865
0,125,42,0,0,40.3834
0,126,42,0,0,40.3807
0,127,42,0,0,40.3785
0,0,43,0,7.15688e-05,40.9157
0,1,43,0,0,40.9061
0,2,43,0,0,40.8967
0,3,43,0,0,40.8873
0,4,43,0,0,40.8777
0,5,43,0,0,40.8681
0,6,43,0,0,40.8585
0,7,43,0,0,40.849
0,8,43,0,0,40.8396
0,9,43,0,0,40.8302
0,10,43,0,0,40.8204
0,11,43,0,0,40.8104
0,12,43,0,0,40.8003
0,13,43,0,0,40.7902
0,14,43,0,0,40.7798
0,15,43,0,0,40.7693
0,16,43,0,0,40.7589
0,17,43,0,0,40.7484
0,18,43,0,0,40.7378
0,19,43,0,0,40.7275
0,20,43,0,0,40.7175
0,21,43,0,0,40.7077
0,22,43,0,0,40.6981
0,23,43,0,0,40.6887
0,24,43,0,0,40.679
0,25,43,0,0,40.6695
0,26,43,0,0,40.6604
0,27,43,0,0,40.6512
0,28,43,0,0,40.6424
0,29,43,0,0,40.6338
0,30,43,0,0,40.6253
0,31,43,0,0,40.617
0,32,43,0,0,40.6089
0,33,43,0,0,40.6008
0,34,43,0,0,40.5928
0,35,43,0,0,40.5851
0,36,43,0,0,40.5775
0,37,43,0,0,40.57
0,38,43,0,0,40.5624
0,39,43,0,0,40.5549
0,40,43,0,0,40.5473
0,41,43,0,0,40.5399
0,42,43,0,0,40.5328
0,43,43,0,0,40.5261
0,44,43,0,0,40.5197
0,45,43,0,0,40.5139
0,46,43,0,0,40.5088
0,47,43,0,0,40.5043
0,48,43,0,0,40.5002
0,49,43,0,0,40.4964
0,50,43,0,0,40.4928
0,51,43,0,0,40.4891
0,52,43,0,0,40.4855
0,53,43,0,0,40.4821
0,54,43,0,0,40.4792
0,55,43,0,0,40.4767
0,56,43,0,0,40.4746
0,57,43,0,0,40.4727
0,58,43,0,0,40.4705
0,59,43,0,0,40.4683
0,60,43,0,0,40.4657
0,61,43,0,0,40.4632
0,62,43,0,0,40.4606
0,63,43,0,0,40.4582
0,64,43,0,0,40.4558
0,65,43,0,0,40.454
0,66,43,0,0,40.4525
0,67,43,0,0,40.4508
0,68,43,0,0,40.4489
0,69,43,0,0,40.4469
0,70,43,0,0,40.4448
0,71,43,0,0,40.4427
0,72,43,0,0,40.4406
0,73,43,0,0,40.4384
0,74,43,0,0,40.4362
0,75,43,0,0,40.4342
0,76,43,0,0,40.4325
0,77,43,0,0,40.4312
0,78,43,0,0,40.4298
0,79,43,0,0,40.4286
0,80,43,0,0,40.4273
0,81,43,0,0,40.4259
0,82,43,0,0,40.4245
0,83,43,0,0,40.4227
0,84,43,0,0,40.4209
0,85,43,0,0,40.419
0,86,43,0,0,40.4174
0,87,43,0,0,40.4159
0,88,43,0,0,40.4148
0,89,43,0,0,40.414
0,90,43,0,0,40.4132
0,91,43,0,0,40.4125
0,92,43,0,0,40.4114
0,93,43,0,0,40.4101
0,94,43,0,0,40.4085
0,95,43,0,0,40.4066
0,96,43,0,0,40.4048
0,97,43,0,0,40.4031
0,98,43,0,0,40.4017
0,99,43,0,0,40.4006
0,100,43,0,0,40.3998
0,101,43,0,0,40.3995
0,102,43,0,0,40.3994
0,103,43,0,0,40.3996
0,104,43,0,0,40.3997
0,105,43,0,0,40.3993
0,106,43,0,0,40.3989
0,107,43,0,0,40.3985
0,108,43,0,0,40.3983
0,109,43,0,0,40.3981
0,110,43,0,0,40.3973
0,111,43,0,0,40.3964
0,112,43,0,0,40.395
0,113,43,0,0,40.3936
0,114,43,0,0,40.3923
0,115,43,0,0,40.3907
0,116,43,0,0,40.3891
0,117,43,0,0,40.3878
0,118,43,0,0,40.3867
0,119,43,0,0,40.3859
0,120,43,0,0,40.3849
0,121,43,0,0,40.3837
0,122,43,0,0,40.3823
0,123,43,0,0,40.3805
0,124,43,0,0,40.3786
0,125,43,0,0,40.3763
0,126,43,0,0,40.3743
0,127,43,0,0,40.3726
0,0,44,0,7.15688e-05,40.8829
0,1,44,0,0,40.873
0,2,44,0,0,40.8635
0,3,44,0,0,40.8542
0,4,44,0,0,40.8449
0,5,44,0,0,40.8355
0,6,44,0,0,40.8262
0,7,44,0,0,40.817
0,8,44,0,0,40.8078
0,9,44,0,0,40.7987
0,10,44,0,0,40.7893
0,11,44,0,0,40.7799
0,12,44,0,0,40.7704
0,13,44,0,0,40.7609
0,14,44,0,0,40.7513
0,15,44,0,0,40.7417
0,16,44,0,0,40.732
0,17,44,0,0,40.7223
0,18,44,0,0,40.7127
0,19,44,0,0,40.7031
0,20,44,0,0,40.6937
0,21,44,0,0,40.6844
0,22,44,0,0,40.6754
0,23,44,0,0,40.6664
0,24,44,0,0,40.6575
0,25,44,0,0,40.6488
0,26,44,0,0,40.6403
0,27,44,0,0,40.6319
0,28,44,0,0,40.6237
0,29,44,0,0,40.6156
0,30,44,0,0,40.6076
0,31,44,0,0,40.5998
0,32,44,0,0,40.5921
0,33,44,0,0,40.5845
0,34,44,0,0,40.577
0,35,44,0,0,40.5698
0,36,44,0,0,40.5626
0,37,44,0,0,40.5555
0,38,44,0,0,40.5485
0,39,44,0,0,40.5414
0,40,44,0,0,40.5344
0,41,44,0,0,40.5276
0,42,44,0,0,40.5209
0,43,44,0,0,40.5146
0,44,44,0,0,40.5086
0,45,44,0,0,40.5031
0,46,44,0,0,40.4981
0,47,44,0,0,40.4936
0,48,44,0,0,40.4896
0,49,44,0,0,40.4858
0,50,44,0,0,40.4823
0,51,44,0,0,40.4788
0,52,44,0,0,40.4756
0,53,44,0,0,40.4726
0,54,44,0,0,40.4699
0,55,44,0,0,40.4675
0,56,44,0,0,40.4654
0,57,44,0,0,40.4633
0,58,44,0,0,40.4613
0,59,44,0,0,40.4591
0,60,44,0,0,40.4569
0,61,44,0,0,40.4546
0,62,44,0,0,40.4523
0,63,44,0,0,40.45
0,64,44,0,0,40.4478
0,65,44,0,0,40.4458
0,66,44,0,0,40.4441
0,67,44,0,0,40.4423
0,68,44,0,0,40.4404
0,69,44,0,0,40.4385
0,70,44,0,0,40.4365
0,71,44,0,0,40.4345
0,72,44,0,0,40.4324
0,73,44,0,0,40.4304
0,74,44,0,0,40.4284
0,75,44,0,0,40.4266
0,76,44,0,0,40.4251
0,77,44,0,0,40.4237
0,78,44,0,0,40.4224
0,79,44,0,0,40.421
0,80,44,0,0,40.4197
0,81,44,0,0,40.4183
0,82,44,0,0,40.4168
0,83,44,0,0,40.4151
0,84,44,0,0,40.4134
0,85,44,0,0,40.4117
0,86,44,0,0,40.4101
0,87,44,0,0,40.4087
0,88,44,0,0,40.4074
0,89,44,0,0,40.4064
0,90,44,0,0,40.4054
0,91,44,0,0,40.4044
0,92,44,0,0,40.4032
0,93,44,0,0,40.4018
0,94,44,0,0,40.4003
0,95,44,0,0,40.3986
0,96,44,0,0,40.3971
0,97,44,0,0,40.3956
0,98,44,0,0,40.3943
0,99,44,0,0,40.3932
0,100,44,0,0,40.3924
0,101,44,0,0,40.3919
0,102,44,0,0,40.3917
0,103,44,0,0,40.3916
0,104,44,0,0,40.3916
0,105,44,0,0,40.3914
0,106,44,0,0,40.3912
0,107,44,0,0,40.391
0,108,44,0,0,40.3909
0,109,44,0,0,40.3907
0,110,44,0,0,40.3902
0,111,44,0,0,40.3894
0,112,44,0,0,40.3883
0,113,44,0,0,40.387
0,114,44,0,0,40.3855
0,115,44,0,0,40.384
0,116,44,0,0,40.3826
0,117,44,0,0,40.3813
0,118,44,0,0,40.3802
0,119,44,0,0,40.3791
0,120,44,0,0,40.3781
0,121,44,0,0,40.3769
0,122,44,0,0,40.3756
0,123,44,0,0,40.3741
0,124,44,0,0,40.3724
0,125,44,0,0,40.3706
0,126,44,0,0,40.3689
0,127,44,0,0,40.3675
0,0,45,0,7.15688e-05,40.8525
0,1,45,0,0,40.8427
0,2,45,0,0,40.8334
0,3,45,0,0,40.8242
0,4,45,0,0,40.8152
0,5,45,0,0,40.8061
0,6,45,0,0,40.797
0,7,45,0,0,40.788
0,8,45,0,0,40.779
0,9,45,0,0,40.7701
0,10,45,0,0,40.7612
0,11,45,0,0,40.7523
0,12,45,0,0,40.7434
0,13,45,0,0,40.7345
0,14,45,0,0,40.7256
0,15,45,0,0,40.7167
0,16,45,0,0,40.7079
0,17,45,0,0,40.6989
0,18,45,0,0,40.69
0,19,45,0,0,40.681
0,20,45,0,0,40.6722
0,21,45,0,0,40.6635
0,22,45,0,0,40.6549
0,23,45,0,0,40.6465
0,24,45,0,0,40.6383
0,25,45,0,0,40.6303
0,26,45,0,0,40.6225
0,27,45,0,0,40.6148
0,28,45,0,0,40.6071
0,29,45,0,0,40.5996
0,30,45,0,0,40.5921
0,31,45,0,0,40.5846
0,32,45,0,0,40.5773
0,33,45,0,0,40.5702
0,34,45,0,0,40.5633
0,35,45,0,0,40.5565
0,36,45,0,0,40.5498
0,37,45,0,0,40.5431
0,38,45,0,0,40.5365
0,39,45,0,0,40.53
0,40,45,0,0,40.5235
0,41,45,0,0,40.517
0,42,45,0,0,40.5107
0,43,45,0,0,40.5046
0,44,45,0,0,40.4989
0,45,45,0,0,40.4936
0,46,45,0,0,40.4888
0,47,45,0,0,40.4845
0,48,45,0,0,40.4805
0,49,45,0,0,40.4769
0,50,45,0,0,40.4735
0,51,45,0,0,40.4703
0,52,45,0,0,40.4673
0,53,45,0,0,40.4646
0,54,45,0,0,40.4621
0,55,45,0,0,40.4599
0,56,45,0,0,40.4578
0,57,45,0,0,40.4558
0,58,45,0,0,40.4538
0,59,45,0,0,40.4518
0,60,45,0,0,40.4498
0,61,45,0,0,40.4478
0,62,45,0,0,40.4456
0,63,45,0,0,40.4434
0,64,45,0,0,40.4412
0,65,45,0,0,40.4392
0,66,45,0,0,40.4373
0,67,45,0,0,40.4355
0,68,45,0,0,40.4337
0,69,45,0,0,40.4319
0,70,45,0,0,40.4299
0,71,45,0,0,40.4279
0,72,45,0,0,40.4259
0,73,45,0,0,40.424
0,74,45,0,0,40.4222
0,75,45,0,0,40.4205
0,76,45,0,0,40.4191
0,77,45,0,0,40.4178
0,78,45,0,0,40.4165
0,79,45,0,0,40.4152
0,80,45,0,0,40.4138
0,81,45,0,0,40.4124
0,82,45,0,0,40.4109
0,83,45,0,0,40.4092
0,84,45,0,0,40.4075
0,85,45,0,0,40.4058
0,86,45,0,0,40.4043
0,87,45,0,0,40.4028
0,88,45,0,0,40.4014
0,89,45,0,0,40.4003
0,90,45,0,0,40.3992
0,91,45,0,0,40.3981
0,92,45,0,0,40.3969
0,93,45,0,0,40.3953
0,94,45,0,0,40.3937
0,95,45,0,0,40.3921
0,96,45,0,0,40.3907
0,97,45,0,0,40.3894
0,98,45,0,0,40.3882
0,99,45,0,0,40.3871
0,100,45,0,0,40.3862
0,101,45,0,0,40.3856
0,102,45,0,0,40.3853
0,103,45,0,0,40.3851
0,104,45,0,0,40.3851
0,105,45,0,0,40.3851
0,106,45,0,0,40.3851
0,107,45,0,0,40.3851
0,108,45,0,0,40.3851
0,109,45,0,0,40.3851
0,110,45,0,0,40.3849
0,111,45,0,0,40.3844
0,112,45,0,0,40.3834
0,113,45,0,0,40.382
0,114,45,0,0,40.3804
0,115,45,0,0,40.3788
0,116,45,0,0,40.3773
0,117,45,0,0,40.3761
0,118,45,0,0,40.375
0,119,45,0,0,40.3739
0,120,45,0,0,40.3729
0,121,45,0,0,40.3718
0,122,45,0,0,40.3706
0,123,45,0,0,40.3693
0,124,45,0,0,40.3677
0,125,45,0,0,40.3661
0,126,45,0,0,40.3645
0,127,45,0,0,40.3632
0,0,46,0,7.15688e-05,40.8246
0,1,46,0,0,40.8151
0,2,46,0,0,40.8061
0,3,46,0,0,40.7973
0,4,46,0,0,40.7885
0,5,46,0,0,40.7796
0,6,46,0,0,40.7706
0,7,46,0,0,40.7617
0,8,46,0,0,40.753
0,9,46,0,0,40.7444
0,10,46,0,0,40.7359
0,11,46,0,0,40.7274
0,12,46,0,0,40.719
0,13,46,0,0,40.7107
0,14,46,0,0,40.7025
0,15,46,0,0,40.6944
0,16,46,0,0,40.6863
0,17,46,0,0,40.6781
0,18,46,0,0,40.6697
0,19,46,0,0,40.6613
0,20,46,0,0,40.653
0,21,46,0,0,40.6448
0,22,46,0,0,40.6367
0,23,46,0,0,40.6289
0,24,46,0,0,40.6212
0,25,46,0,0,40.6139
0,26,46,0,0,40.6068
0,27,46,0,0,40.5998
0,28,46,0,0,40.5927
0,29,46,0,0,40.5857
0,30,46,0,0,40.5786
0,31,46,0,0,40.5715
0,32,46,0,0,40.5646
0,33,46,0,0,40.5578
0,34,46,0,0,40.5514
0,35,46,0,0,40.5452
0,36,46,0,0,40.539
0,37,46,0,0,40.5327
0,38,46,0,0,40.5266
0,39,46,0,0,40.5206
0,40,46,0,0,40.5145
0,41,46,0,0,40.5083
0,42,46,0,0,40.5021
0,43,46,0,0,40.4962
0,44,46,0,0,40.4907
0,45,46,0,0,40.4855
0,46,46,0,0,40.4808
0,47,46,0,0,40.4767
0,48,46,0,0,40.4729
0,49,46,0,0,40.4695
0,50,46,0,0,40.4662
0,51,46,0,0,40.4633
0,52,46,0,0,40.4605
0,53,46,0,0,40.4581
0,54,46,0,0,40.4558
0,55,46,0,0,40.4538
0,56,46,0,0,40.452
0,57,46,0,0,40.45
0,58,46,0,0,40.4482
0,59,46,0,0,40.4463
0,60,46,0,0,40.4446
0,61,46,0,0,40.4428
0,62,46,0,0,40.4408
0,63,46,0,0,40.4386
0,64,46,0,0,40.4363
0,65,46,0,0,40.4341
0,66,46,0,0,40.4322
0,67,46,0,0,40.4305
0,68,46,0,0,40.4288
0,69,46,0,0,40.427
0,70,46,0,0,40.4251
0,71,46,0,0,40.4231
0,72,46,0,0,40.421
0,73,46,0,0,40.4192
0,74,46,0,0,40.4174
0,75,46,0,0,40.4158
0,76,46,0,0,40.4145
0,77,46,0,0,40.4134
0,78,46,0,0,40.4124
0,79,46,0,0,40.4111
0,80,46,0,0,40.4097
0,81,46,0,0,40.4082
0,82,46,0,0,40.4067
0,83,46,0,0,40.405
0,84,46,0,0,40.4031
0,85,46,0,0,40.4015
0,86,46,0,0,40.4
0,87,46,0,0,40.3984
0,88,46,0,0,40.3969
0,89,46,0,0,40.3956
0,90,46,0,0,40.3946
0,91,46,0,0,40.3936
0,92,46,0,0,40.3923
0,93,46,0,0,40.3905
0,94,46,0,0,40.3886
0,95,46,0,0,40.3871
0,96,46,0,0,40.3858
0,97,46,0,0,40.3847
0,98,46,0,0,40.3836
0,99,46,0,0,40.3824
0,100,46,0,0,40.3813
0,101,46,0,0,40.3806
0,102,46,0,0,40.3801
0,103,46,0,0,40.38
0,104,46,0,0,40.3802
0,105,46,0,0,40.3804
0,106,46,0,0,40.3805
0,107,46,0,0,40.3806
0,108,46,0,0,40.3808
0,109,46,0,0,40.3812
0,110,46,0,0,40.3815
0,111,46,0,0,40.3813
0,112,46,0,0,40.3803
0,113,46,0,0,40.3786
0,114,46,0,0,40.3768
0,115,46,0,0,40.3749
0,116,46,0,0,40.3733
0,117,46,0,0,40.3721
0,118,46,0,0,40.3712
0,119,46,0,0,40.3702
0,120,46,0,0,40.3693
0,121,46,0,0,40.3683
0,122,46,0,0,40.3672
0,123,46,0,0,40.366
0,124,46,0,0,40.3646
0,125,46,0,0,40.363
0,126,46,0,0,40.3613
0,127,46,0,0,40.3597
0,0,47,0,7.15688e-05,40.7988
0,1,47,0,0,40.79
0,2,47,0,0,40.7818
0,3,47,0,0,40.7734
0,4,47,0,0,40.7648
0,5,47,0,0,40.756
0,6,47,0,0,40.7469
0,7,47,0,0,40.738
0,8,47,0,0,40.7296
0,9,47,0,0,40.7214
0,10,47,0,0,40.7131
0,11,47,0,0,40.7051
0,12,47,0,0,40.6973
0,13,47,0,0,40.6894
0,14,47,0,0,40.682
0,15,47,0,0,40.6746
0,16,47,0,0,40.6674
0,17,47,0,0,40.6599
0,18,47,0,0,40.652
0,19,47,0,0,40.644
0,20,47,0,0,40.6361
0,21,47,0,0,40.6283
0,22,47,0,0,40.6205
0,23,47,0,0,40.6133
0,24,47,0,0,40.6061
0,25,47,0,0,40.5995
0,26,47,0,0,40.5933
0,27,47,0,0,40.5871
0,28,47,0,0,40.5806
0,29,47,0,0,40.574
0,30,47,0,0,40.5674
0,31,47,0,0,40.5604
0,32,47,0,0,40.5538
0,33,47,0,0,40.5472
0,34,47,0,0,40.5413
0,35,47,0,0,40.5362
0,36,47,0,0,40.5303
0,37,47,0,0,40.524
0,38,47,0,0,40.5185
0,39,47,0,0,40.5133
0,40,47,0,0,40.5075
0,41,47,0,0,40.5015
0,42,47,0,0,40.4952
0,43,47,0,0,40.4892
0,44,47,0,0,40.484
0,45,47,0,0,40.4786
0,46,47,0,0,40.4741
0,47,47,0,0,40.4704
0,48,47,0,0,40.4669
0,49,47,0,0,40.4636
0,50,47,0,0,40.4606
0,51,47,0,0,40.4578
0,52,47,0,0,40.4551
0,53,47,0,0,40.4532
0,54,47,0,0,40.451
0,55,47,0,0,40.4492
0,56,47,0,0,40.4479
0,57,47,0,0,40.446
0,58,47,0,0,40.4443
0,59,47,0,0,40.4424
0,60,47,0,0,40.441
0,61,47,0,0,40.4399
0,62,47,0,0,40.4379
0,63,47,0,0,40.4356
0,64,47,0,0,40.4329
0,65,47,0,0,40.4304
0,66,47,0,0,40.4286
0,67,47,0,0,40.427
0,68,47,0,0,40.4257
0,69,47,0,0,40.4239
0,70,47,0,0,40.422
0,71,47,0,0,40.4199
0,72,47,0,0,40.4176
0,73,47,0,0,40.4158
0,74,47,0,0,40.4141
0,75,47,0,0,40.4125
0,76,47,0,0,40.4114
0,77,47,0,0,40.4106
0,78,47,0,0,40.4102
0,79,47,0,0,40.4089
0,80,47,0,0,40.4071
0,81,47,0,0,40.4055
0,82,47,0,0,40.4043
0,83,47,0,0,40.4027
0,84,47,0,0,40.4001
0,85,47,0,0,40.3985
0,86,47,0,0,40.3974
0,87,47,0,0,40.3954
0,88,47,0,0,40.3936
0,89,47,0,0,40.3922
0,90,47,0,0,40.3916
0,91,47,0,0,40.3911
0,92,47,0,0,40.3898
0,93,47,0,0,40.3872
0,94,47,0,0,40.3848
0,95,47,0,0,40.3832
0,96,47,0,0,40.3821
0,97,47,0,0,40.3816
0,98,47,0,0,40.3806
0,99,47,0,0,40.3789
0,100,47,0,0,40.3775
0,101,47,0,0,40.3767
0,102,47,0,0,40.376
0,103,47,0,0,40.3761
0,104,47,0,0,40.3769
0,105,47,0,0,40.3771
0,106,47,0,0,40.3773
0,107,47,0,0,40.3775
0,108,47,0,0,40.3778
0,109,47,0,0,40.3789
0,110,47,0,0,40.3801
0,111,47,0,0,40.3807
0,112,47,0,0,40.3794
0,113,47,0,0,40.377
0,114,47,0,0,40.3747
0,115,47,0,0,40.3723
0,116,47,0,0,40.3705
0,117,47,0,0,40.3695
0,118,47,0,0,40.3688
0,119,47,0,0,40.3679
0,120,47,0,0,40.3672
0,121,47,0,0,40.3662
0,122,47,0,0,40.3653
0,123,47,0,0,40.3645
0,124,47,0,0,40.3632
0,125,47,0,0,40.3615
0,126,47,0,0,40.3594
0,127,47,0,0,40.3571
0,0,48,0,9.16613e-05,40.7752
0,1,48,0,2.658e-05,40.7674
0,2,48,0,5.436e-05,40.7607
0,3,48,0,6.042e-05,40.7525
0,4,48,0,5.919e-05,40.7442
0,5,48,0,6.162e-05,40.7355
0,6,48,0,3.624e-05,40.7259
0,7,48,0,2.538e-05,40.7167
0,8,48,0,4.34925e-05,40.7085
0,9,48,0,6.7335e-05,40.7013
0,10,48,0,3.504e-05,40.6925
0,11,48,0,4.35e-05,40.6853
0,12,48,0,4.35e-05,40.6781
0,13,48,0,2.4465e-05,40.6702
0,14,48,0,4.75875e-05,40.6638
0,15,48,0,5.076e-05,40.6573
0,16,48,0,6.402e-05,40.6511
0,17,48,0,6.888e-05,40.6445
0,18,48,0,6.162e-05,40.6368
0,19,48,0,4.71e-05,40.6289
0,20,48,0,3.384e-05,40.6216
0,21,48,0,4.167e-05,40.6142
0,22,48,0,1.692e-05,40.6059
0,23,48,0,5.196e-05,40.6001
0,24,48,0,2.658e-05,40.5927
0,25,48,0,3.504e-05,40.5871
0,26,48,0,4.68975e-05,40.5821
0,27,48,0,4.8645e-05,40.5767
0,28,48,0,5.922e-05,40.5708
0,29,48,0,3.384e-05,40.5644
0,30,48,0,6.282e-05,40.5588
0,31,48,0,3.081e-05,40.5511
0,32,48,0,4.23e-05,40.5449
0,33,48,0,1.692e-05,40.538
0,34,48,0,9.66e-06,40.5326
0,35,48,0,8.214e-05,40.5299
0,36,48,0,5.96475e-05,40.5239
0,37,48,0,2.538e-05,40.5167
0,38,48,0,3.38325e-05,40.512
0,39,48,0,7.008e-05,40.5086
0,40,48,0,6.04125e-05,40.5027
0,41,48,0,6.52575e-05,40.4968
0,42,48,0,4.59e-05,40.49
0,43,48,0,2.28075e-05,40.4833
0,44,48,0,6.888e-05,40.4793
0,45,48,0,2.538e-05,40.4728
0,46,48,0,2.778e-05,40.4684
0,47,48,0,5.196e-05,40.4659
0,48,48,0,3.504e-05,40.4623
0,49,48,0,3.927e-05,40.4593
0,50,48,0,3.744e-05,40.4565
0,51,48,0,4.59e-05,40.4538
0,52,48,0,3.504e-05,40.4509
0,53,48,0,7.47525e-05,40.4503
0,54,48,0,5.076e-05,40.4477
0,55,48,0,3.624e-05,40.4458
0,56,48,0,0.00010146,40.4464
0,57,48,0,4.47e-05,40.4433
0,58,48,0,7.47e-05,40.4425
0,59,48,0,2.778e-05,40.4395
0,60,48,0,3.6255e-05,40.4389
0,61,48,0,8.59425e-05,40.4397
0,62,48,0,5.739e-05,40.437
0,63,48,0,6.522e-05,40.4347
0,64,48,0,4.35e-05,40.431
0,65,48,0,2.538e-05,40.4278
0,66,48,0,4.35e-05,40.4265
0,67,48,0,3.30675e-05,40.425
0,68,48,0,7.008e-05,40.4249
0,69,48,0,3.94125e-05,40.4224
0,70,48,0,5.31525e-05,40.421
0,71,48,0,4.83e-05,40.4185
0,72,48,0,3.504e-05,40.4154
0,73,48,0,4.59e-05,40.4141
0,74,48,0,5.538e-05,40.4125
0,75,48,0,3.384e-05,40.4101
0,76,48,0,5.316e-05,40.4096
0,77,48,0,4.23e-05,40.4091
0,78,48,0,8.58e-05,40.4106
0,79,48,0,5.23875e-05,40.4087
0,80,48,0,3.624e-05,40.406
0,81,48,0,3.504e-05,40.4041
0,82,48,0,6.888e-05,40.404
0,83,48,0,9.06e-05,40.403
0,84,48,0,1.0725e-05,40.3976
0,85,48,0,4.58625e-05,40.3967
0,86,48,0,9.162e-05,40.3973
0,87,48,0,3.624e-05,40.3937
0,88,48,0,4.59e-05,40.3916
0,89,48,0,1.812e-05,40.3896
0,90,48,0,4.47e-05,40.3901
0,91,48,0,7.56525e-05,40.3908
0,92,48,0,0.00010392,40.3901
0,93,48,0,3.624e-05,40.3853
0,94,48,0,1.812e-05,40.3815
0,95,48,0,2.898e-05,40.3803
0,96,48,0,1.812e-05,40.3795
0,97,48,0,4.45575e-05,40.3803
0,98,48,0,6.162e-05,40.38
0,99,48,0,8.46e-06,40.3765
0,100,48,0,1.932e-05,40.3747
0,101,48,0,4.5615e-05,40.3742
0,102,48,0,1.812e-05,40.3727
0,103,48,0,1.692e-05,40.3731
0,104,48,0,5.436e-05,40.3757
0,105,48,0,3.504e-05,40.3753
0,106,48,0,4.59e-05,40.3758
0,107,48,0,4.35e-05,40.3759
0,108,48,0,1.932e-05,40.3756
0,109,48,0,4.35e-05,40.3779
0,110,48,0,6.71925e-05,40.3808
0,111,48,0,0.000121898,40.3836
0,112,48,0,8.94e-05,40.381
0,113,48,0,3.624e-05,40.3769
0,114,48,0,4.47e-05,40.374
0,115,48,0,3.201e-05,40.3706
0,116,48,0,2.34075e-05,40.3682
0,117,48,0,4.227e-05,40.3679
0,118,48,0,7.008e-05,40.3681
0,119,48,0,4.59e-05,40.3669
0,120,48,0,6.888e-05,40.367
0,121,48,0,3.624e-05,40.3653
0,122,48,0,4.8015e-05,40.3649
0,123,48,0,6.042e-05,40.3649
0,124,48,0,4.99875e-05,40.3636
0,125,48,0,5.316e-05,40.3618
0,126,48,0,5.316e-05,40.359
0,127,48,0,3.504e-05,40.3554
0,0,49,0,0.000131216,40.7508
0,1,49,0,4.35e-05,40.7424
0,2,49,0,6.888e-05,40.735
0,3,49,0,1.812e-05,40.7249
0,4,49,0,4.227e-05,40.7171
0,5,49,0,2.658e-05,40.7085
0,6,49,0,6.384e-05,40.7014
0,7,49,0,6.384e-05,40.6927
0,8,49,0,9.6675e-06,40.6822
0,9,49,0,1.4805e-05,40.6743
0,10,49,0,2.538e-05,40.6672
0,11,49,0,3.624e-05,40.661
0,12,49,0,5.316e-05,40.655
0,13,49,0,5.5275e-05,40.648
0,14,49,0,2.85525e-05,40.6403
0,15,49,0,3.864e-05,40.6339
0,16,49,0,2.658e-05,40.6272
0,17,49,0,4.35e-05,40.6213
0,18,49,0,2.41575e-05,40.6141
0,19,49,0,2.538e-05,40.608
0,20,49,0,8.52825e-05,40.604
0,21,49,0,6.321e-05,40.5965
0,22,49,0,3.504e-05,40.5882
0,23,49,0,5.316e-05,40.5823
0,24,49,0,3.504e-05,40.5755
0,25,49,0,4.71e-05,40.5704
0,26,49,0,4.812e-05,40.5657
0,27,49,0,7.8015e-05,40.5613
0,28,49,0,1.692e-05,40.554
0,29,49,0,8.17125e-05,40.5505
0,30,49,0,6.162e-05,40.5443
0,31,49,0,4.047e-05,40.5372
0,32,49,0,6.402e-05,40.5322
0,33,49,0,5.6475e-05,40.5264
0,34,49,0,7.6005e-05,40.5216
0,35,49,0,3.504e-05,40.5156
0,36,49,0,6.47925e-05,40.5109
0,37,49,0,3.624e-05,40.5046
0,38,49,0,6.40275e-05,40.5009
0,39,49,0,7.7625e-05,40.4968
0,40,49,0,4.04775e-05,40.49
0,41,49,0,3.8655e-05,40.4842
0,42,49,0,6.162e-05,40.4791
0,43,49,0,3.88125e-05,40.4727
0,44,49,0,4.47075e-05,40.4679
0,45,49,0,3.2925e-05,40.4624
0,46,49,0,2.65725e-05,40.4581
0,47,49,0,4.83225e-05,40.4559
0,48,49,0,5.436e-05,40.4531
0,49,49,0,4.16925e-05,40.45
0,50,49,0,6.888e-05,40.4481
0,51,49,0,5.316e-05,40.4445
0,52,49,0,1.692e-05,40.4403
0,53,49,0,3.49875e-05,40.439
0,54,49,0,3.4125e-05,40.4372
0,55,49,0,4.35e-05,40.4357
0,56,49,0,1.932e-05,40.4338
0,57,49,0,3.504e-05,40.4328
0,58,49,0,4.59e-05,40.4324
0,59,49,0,5.5275e-05,40.4317
0,60,49,0,6.0405e-05,40.4311
0,61,49,0,7.128e-05,40.4307
0,62,49,0,4.893e-05,40.4281
0,63,49,0,6.282e-05,40.4262
0,64,49,0,4.87875e-05,40.4232
0,65,49,0,5.436e-05,40.4209
0,66,49,0,5.196e-05,40.4192
0,67,49,0,5.499e-05,40.4179
0,68,49,0,5.0445e-05,40.4166
0,69,49,0,4.99875e-05,40.415
0,70,49,0,7.73175e-05,40.4143
0,71,49,0,6.282e-05,40.4113
0,72,49,0,2.175e-05,40.4074
0,73,49,0,6.645e-05,40.4069
0,74,49,0,3.624e-05,40.4041
0,75,49,0,4.23e-05,40.4022
0,76,49,0,2.658e-05,40.4006
0,77,49,0,2.778e-05,40.4004
0,78,49,0,6.162e-05,40.4021
0,79,49,0,8.53125e-05,40.4023
0,80,49,0,6.402e-05,40.3997
0,81,49,0,4.7115e-05,40.397
0,82,49,0,2.658e-05,40.3948
0,83,49,0,6.8865e-05,40.3944
0,84,49,0,4.2435e-05,40.3906
0,85,49,0,9.5175e-06,40.3876
0,86,49,0,4.59e-05,40.3878
0,87,49,0,4.45575e-05,40.3861
0,88,49,0,2.538e-05,40.3837
0,89,49,0,4.23e-05,40.383
0,90,49,0,4.893e-05,40.3825
0,91,49,0,3.30675e-05,40.3811
0,92,49,0,1.692e-05,40.3792
0,93,49,0,6.162e-05,40.378
0,94,49,0,1.812e-05,40.3744
0,95,49,0,3.624e-05,40.3737
0,96,49,0,5.196e-05,40.374
0,97,49,0,5.9055e-05,40.3744
0,98,49,0,6.282e-05,40.3739
0,99,49,0,7.974e-05,40.3724
0,100,49,0,4.47e-05,40.3691
0,101,49,0,2.4465e-05,40.3667
0,102,49,0,2.778e-05,40.3659
0,103,49,0,2.658e-05,40.3667
0,104,49,0,9.18e-05,40.37
0,105,49,0,3.18675e-05,40.3683
0,106,49,0,3.98775e-05,40.3686
0,107,49,0,5.316e-05,40.3692
0,108,49,0,3.504e-05,40.3691
0,109,49,0,5.316e-05,40.3709
0,110,49,0,4.27275e-05,40.3721
0,111,49,0,6.78225e-05,40.3736
0,112,49,0,1.188e-05,40.3709
0,113,49,0,8.82e-05,40.3713
0,114,49,0,6.282e-05,40.3682
0,115,49,0,3.201e-05,40.3641
0,116,49,0,2.97525e-05,40.3616
0,117,49,0,3.381e-05,40.3604
0,118,49,0,9.5175e-06,40.3588
0,119,49,0,2.658e-05,40.3587
0,120,49,0,3.5025e-05,40.3588
0,121,49,0,4.47e-05,40.3585
0,122,49,0,3.1725e-05,40.3578
0,123,49,0,5.436e-05,40.3583
0,124,49,0,6.35925e-05,40.3578
0,125,49,0,5.72475e-05,40.3557
0,126,49,0,3.09525e-05,40.3523
0,127,49,0,4.35e-05,40.3495
0,0,50,0,7.15688e-05,40.7209
0,1,50,0,0,40.712
0,2,50,0,0,40.7036
0,3,50,0,0,40.6948
0,4,50,0,0,40.6866
0,5,50,0,0,40.6785
0,6,50,0,0,40.6708
0,7,50,0,0,40.6626
0,8,50,0,0,40.6542
0,9,50,0,0,40.6465
0,10,50,0,0,40.6395
0,11,50,0,0,40.6329
0,12,50,0,0,40.6265
0,13,50,0,0,40.6199
0,14,50,0,0,40.6132
0,15,50,0,0,40.6068
0,16,50,0,0,40.6006
0,17,50,0,0,40.5947
0,18,50,0,3.6225e-06,40.5887
0,19,50,0,0,40.583
0,20,50,0,1.47975e-05,40.5782
0,21,50,0,0,40.5714
0,22,50,0,0,40.5647
0,23,50,0,0,40.5588
0,24,50,0,0,40.553
0,25,50,0,0,40.5479
0,26,50,0,3.6225e-06,40.5431
0,27,50,0,0,40.5382
0,28,50,0,0,40.5327
0,29,50,0,5.2875e-06,40.5281
0,30,50,0,0,40.5225
0,31,50,0,0,40.5168
0,32,50,0,0,40.5116
0,33,50,0,6.345e-06,40.5067
0,34,50,0,2.115e-06,40.5015
0,35,50,0,0,40.4961
0,36,50,0,0,40.4911
0,37,50,0,0,40.486
0,38,50,0,0,40.4815
0,39,50,0,2.115e-06,40.477
0,40,50,0,4.23e-06,40.4717
0,41,50,0,1.2075e-06,40.4664
0,42,50,0,0,40.4613
0,43,50,0,0,40.4562
0,44,50,0,8.4525e-06,40.4518
0,45,50,0,2.115e-06,40.447
0,46,50,0,1.2075e-06,40.4431
0,47,50,0,6.0375e-06,40.4402
0,48,50,0,0,40.4372
0,49,50,0,6.0375e-06,40.4345
0,50,50,0,0,40.4317
0,51,50,0,0,40.4288
0,52,50,0,0,40.4259
0,53,50,0,0,40.424
0,54,50,0,1.0575e-05,40.4226
0,55,50,0,0,40.4206
0,56,50,0,0,40.4189
0,57,50,0,0,40.4177
0,58,50,0,0,40.4169
0,59,50,0,6.345e-06,40.4162
0,60,50,0,0,40.4151
0,61,50,0,1.0575e-06,40.414
0,62,50,0,0,40.4122
0,63,50,0,0,40.4104
0,64,50,0,3.1725e-06,40.4083
0,65,50,0,0,40.4062
0,66,50,0,0,40.4046
0,67,50,0,7.4025e-06,40.4035
0,68,50,0,1.1175e-05,40.4022
0,69,50,0,0,40.4002
0,70,50,0,4.83e-06,40.3988
0,71,50,0,0,40.3965
0,72,50,0,4.83e-06,40.3943
0,73,50,0,4.83e-06,40.3926
0,74,50,0,0,40.3904
0,75,50,0,0,40.3887
0,76,50,0,0,40.3874
0,77,50,0,0,40.3868
0,78,50,0,0,40.3868
0,79,50,0,0,40.3862
0,80,50,0,0,40.3847
0,81,50,0,7.245e-06,40.3831
0,82,50,0,0,40.3811
0,83,50,0,2.415e-06,40.3797
0,84,50,0,0,40.3774
0,85,50,0,0,40.3754
0,86,50,0,0,40.3744
0,87,50,0,7.4025e-06,40.3733
0,88,50,0,0,40.3716
0,89,50,0,8.46e-06,40.3708
0,90,50,0,4.23e-06,40.3696
0,91,50,0,0,40.3679
0,92,50,0,0,40.3663
0,93,50,0,0,40.3647
0,94,50,0,0,40.3628
0,95,50,0,0,40.3617
0,96,50,0,0,40.3613
0,97,50,0,9.9675e-06,40.3612
0,98,50,0,0,40.3601
0,99,50,0,0,40.3586
0,100,50,0,0,40.3567
0,101,50,0,0,40.3552
0,102,50,0,0,40.3545
0,103,50,0,0,40.3547
0,104,50,0,0,40.3557
0,105,50,0,3.1725e-06,40.3558
0,106,50,0,3.6225e-06,40.3559
0,107,50,0,0,40.3561
0,108,50,0,0,40.3564
0,109,50,0,0,40.3572
0,110,50,0,0,40.3578
0,111,50,0,0,40.3581
0,112,50,0,0,40.3572
0,113,50,0,0,40.3565
0,114,50,0,0,40.3546
0,115,50,0,0,40.3522
0,116,50,0,0,40.3503
0,117,50,0,0,40.349
0,118,50,0,7.4025e-06,40.3481
0,119,50,0,0,40.3472
0,120,50,0,2.415e-06,40.3468
0,121,50,0,0,40.3463
0,122,50,0,0,40.3457
0,123,50,0,0,40.3453
0,124,50,0,0,40.3445
0,125,50,0,3.1725e-06,40.3432
0,126,50,0,5.2875e-06,40.3411
0,127,50,0,0,40.339
0,0,51,0,7.15688e-05,40.6933
0,1,51,0,0,40.684
0,2,51,0,0,40.6752
0,3,51,0,0,40.6667
0,4,51,0,0,40.6585
0,5,51,0,0,40.6507
0,6,51,0,0,40.643
0,7,51,0,0,40.6354
0,8,51,0,0,40.6278
0,9,51,0,0,40.6205
0,10,51,0,0,40.6136
0,11,51,0,0,40.6071
0,12,51,0,0,40.6006
0,13,51,0,0,40.5943
0,14,51,0,0,40.5879
0,15,51,0,0,40.5818
0,16,51,0,0,40.5759
0,17,51,0,0,40.5702
0,18,51,0,0,40.5647
0,19,51,0,0,40.5593
0,20,51,0,0,40.5541
0,21,51,0,0,40.5484
0,22,51,0,0,40.5427
0,23,51,0,0,40.5372
0,24,51,0,0,40.532
0,25,51,0,0,40.527
0,26,51,0,0,40.5223
0,27,51,0,0,40.5175
0,28,51,0,0,40.5127
0,29,51,0,0,40.5079
0,30,51,0,0,40.5029
0,31,51,0,0,40.4978
0,32,51,0,0,40.4929
0,33,51,0,0,40.488
0,34,51,0,0,40.4831
0,35,51,0,0,40.4782
0,36,51,0,0,40.4733
0,37,51,0,0,40.4685
0,38,51,0,0,40.464
0,39,51,0,0,40.4594
0,40,51,0,0,40.4547
0,41,51,0,0,40.4499
0,42,51,0,0,40.4452
0,43,51,0,0,40.4406
0,44,51,0,0,40.4364
0,45,51,0,0,40.4323
0,46,51,0,0,40.4287
0,47,51,0,0,40.4255
0,48,51,0,0,40.4226
0,49,51,0,0,40.4199
0,50,51,0,0,40.4172
0,51,51,0,0,40.4146
0,52,51,0,0,40.4122
0,53,51,0,0,40.4102
0,54,51,0,0,40.4085
0,55,51,0,0,40.4067
0,56,51,0,0,40.4052
0,57,51,0,0,40.4039
0,58,51,0,0,40.4028
0,59,51,0,0,40.4019
0,60,51,0,0,40.4008
0,61,51,0,0,40.3995
0,62,51,0,0,40.398
0,63,51,0,0,40.3963
0,64,51,0,0,40.3945
0,65,51,0,0,40.3927
0,66,51,0,0,40.3911
0,67,51,0,0,40.3896
0,68,51,0,0,40.3882
0,69,51,0,0,40.3866
0,70,51,0,0,40.385
0,71,51,0,0,40.3831
0,72,51,0,0,40.3813
0,73,51,0,0,40.3796
0,74,51,0,0,40.3779
0,75,51,0,0,40.3763
0,76,51,0,0,40.3751
0,77,51,0,0,40.3742
0,78,51,0,0,40.3736
0,79,51,0,0,40.3727
0,80,51,0,0,40.3714
0,81,51,0,0,40.37
0,82,51,0,0,40.3684
0,83,51,0,0,40.3669
0,84,51,0,0,40.3652
0,85,51,0,0,40.3637
0,86,51,0,0,40.3626
0,87,51,0,0,40.3614
0,88,51,0,0,40.3602
0,89,51,0,0,40.3591
0,90,51,0,0,40.3578
0,91,51,0,0,40.3563
0,92,51,0,0,40.3548
0,93,51,0,0,40.3532
0,94,51,0,0,40.3517
0,95,51,0,0,40.3506
0,96,51,0,0,40.3497
0,97,51,0,0,40.349
0,98,51,0,0,40.3479
0,99,51,0,0,40.3467
0,100,51,0,0,40.3453
0,101,51,0,0,40.3442
0,102,51,0,0,40.3436
0,103,51,0,0,40.3435
0,104,51,0,0,40.3438
0,105,51,0,0,40.344
0,106,51,0,0,40.3441
0,107,51,0,0,40.3444
0,108,51,0,0,40.3446
0,109,51,0,0,40.345
0,110,51,0,0,40.3453
0,111,51,0,0,40.3453
0,112,51,0,0,40.3449
0,113,51,0,0,40.3441
0,114,51,0,0,40.3429
0,115,51,0,0,40.3413
0,116,51,0,0,40.3399
0,117,51,0,0,40.3386
0,118,51,0,0,40.3376
0,119,51,0,0,40.3367
0,120,51,0,0,40.336
0,121,51,0,0,40.3354
0,122,51,0,0,40.3348
0,123,51,0,0,40.3341
0,124,51,0,0,40.3333
0,125,51,0,0,40.3321
0,126,51,0,0,40.3307
0,127,51,0,0,40.3293
0,0,52,0,7.15688e-05,40.6675
0,1,52,0,0,40.658
0,2,52,0,0,40.6491
0,3,52,0,0,40.6407
0,4,52,0,0,40.6327
0,5,52,0,0,40.6251
0,6,52,0,0,40.6177
0,7,52,0,0,40.6104
0,8,52,0,0,40.6033
0,9,52,0,0,40.5964
0,10,52,0,0,40.5898
0,11,52,0,0,40.5833
0,12,52,0,0,40.577
0,13,52,0,0,40.5707
0,14,52,0,0,40.5647
0,15,52,0,0,40.5588
0,16,52,0,0,40.5532
0,17,52,0,0,40.5478
0,18,52,0,0,40.5425
0,19,52,0,0,40.5375
0,20,52,0,0,40.5325
0,21,52,0,0,40.5274
0,22,52,0,0,40.5223
0,23,52,0,0,40.5174
0,24,52,0,0,40.5126
0,25,52,0,0,40.508
0,26,52,0,0,40.5035
0,27,52,0,0,40.499
0,28,52,0,0,40.4944
0,29,52,0,0,40.4899
0,30,52,0,0,40.4853
0,31,52,0,0,40.4806
0,32,52,0,0,40.4759
0,33,52,0,0,40.4713
0,34,52,0,0,40.4666
0,35,52,0,0,40.462
0,36,52,0,0,40.4573
0,37,52,0,0,40.4527
0,38,52,0,0,40.4482
0,39,52,0,0,40.4438
0,40,52,0,0,40.4394
0,41,52,0,0,40.435
0,42,52,0,0,40.4307
0,43,52,0,0,40.4265
0,44,52,0,0,40.4225
0,45,52,0,0,40.4187
0,46,52,0,0,40.4153
0,47,52,0,0,40.4122
0,48,52,0,0,40.4094
0,49,52,0,0,40.4067
0,50,52,0,0,40.4042
0,51,52,0,0,40.4019
0,52,52,0,0,40.3997
0,53,52,0,0,40.3977
0,54,52,0,0,40.396
0,55,52,0,0,40.3943
0,56,52,0,0,40.3928
0,57,52,0,0,40.3915
0,58,52,0,0,40.3903
0,59,52,0,0,40.3892
0,60,52,0,0,40.3881
0,61,52,0,0,40.3869
0,62,52,0,0,40.3855
0,63,52,0,0,40.384
0,64,52,0,0,40.3824
0,65,52,0,0,40.3806
0,66,52,0,0,40.3789
0,67,52,0,0,40.3774
0,68,52,0,0,40.3759
0,69,52,0,0,40.3744
0,70,52,0,0,40.3729
0,71,52,0,0,40.3713
0,72,52,0,0,40.3697
0,73,52,0,0,40.3682
0,74,52,0,0,40.3666
0,75,52,0,0,40.3652
0,76,52,0,0,40.3639
0,77,52,0,0,40.3629
0,78,52,0,0,40.362
0,79,52,0,0,40.361
0,80,52,0,0,40.3598
0,81,52,0,0,40.3585
0,82,52,0,0,40.3571
0,83,52,0,0,40.3557
0,84,52,0,0,40.3544
0,85,52,0,0,40.3532
0,86,52,0,0,40.3521
0,87,52,0,0,40.3511
0,88,52,0,0,40.35
0,89,52,0,0,40.3489
0,90,52,0,0,40.3476
0,91,52,0,0,40.3462
0,92,52,0,0,40.3446
0,93,52,0,0,40.3431
0,94,52,0,0,40.3417
0,95,52,0,0,40.3405
0,96,52,0,0,40.3395
0,97,52,0,0,40.3385
0,98,52,0,0,40.3374
0,99,52,0,0,40.3362
0,100,52,0,0,40.3351
0,101,52,0,0,40.3341
0,102,52,0,0,40.3335
0,103,52,0,0,40.3333
0,104,52,0,0,40.3333
0,105,52,0,0,40.3335
0,106,52,0,0,40.3337
0,107,52,0,0,40.3339
0,108,52,0,0,40.3341
0,109,52,0,0,40.3343
0,110,52,0,0,40.3345
0,111,52,0,0,40.3345
0,112,52,0,0,40.3342
0,113,52,0,0,40.3337
0,114,52,0,0,40.3328
0,115,52,0,0,40.3317
0,116,52,0,0,40.3305
0,117,52,0,0,40.3293
0,118,52,0,0,40.3282
0,119,52,0,0,40.3273
0,120,52,0,0,40.3265
0,121,52,0,0,40.3259
0,122,52,0,0,40.3252
0,123,52,0,0,40.3245
0,124,52,0,0,40.3236
0,125,52,0,0,40.3226
0,126,52,0,0,40.3215
0,127,52,0,0,40.3205
0,0,53,0,7.15688e-05,40.6434
0,1,53,0,0,40.6339
0,2,53,0,0,40.6251
0,3,53,0,0,40.6168
0,4,53,0,0,40.609
0,5,53,0,0,40.6015
0,6,53,0,0,40.5945
0,7,53,0,0,40.5876
0,8,53,0,0,40.5809
0,9,53,0,0,40.5743
0,10,53,0,0,40.5678
0,11,53,0,0,40.5615
0,12,53,0,0,40.5553
0,13,53,0,0,40.5492
0,14,53,0,0,40.5433
0,15,53,0,0,40.5376
0,16,53,0,0,40.5322
0,17,53,0,0,40.5271
0,18,53,0,0,40.5223
0,19,53,0,0,40.5176
0,20,53,0,0,40.513
0,21,53,0,0,40.5084
0,22,53,0,0,40.5038
0,23,53,0,0,40.4993
0,24,53,0,0,40.495
0,25,53,0,0,40.4907
0,26,53,0,0,40.4865
0,27,53,0,0,40.4823
0,28,53,0,0,40.4781
0,29,53,0,0,40.4738
0,30,53,0,0,40.4695
0,31,53,0,0,40.4651
0,32,53,0,0,40.4608
0,33,53,0,0,40.4564
0,34,53,0,0,40.452
0,35,53,0,0,40.4475
0,36,53,0,0,40.4429
0,37,53,0,0,40.4384
0,38,53,0,0,40.4341
0,39,53,0,0,40.4299
0,40,53,0,0,40.4258
0,41,53,0,0,40.4218
0,42,53,0,0,40.4178
0,43,53,0,0,40.4138
0,44,53,0,0,40.41
0,45,53,0,0,40.4064
0,46,53,0,0,40.4032
0,47,53,0,0,40.4003
0,48,53,0,0,40.3976
0,49,53,0,0,40.395
0,50,53,0,0,40.3927
0,51,53,0,0,40.3905
0,52,53,0,0,40.3885
0,53,53,0,0,40.3866
0,54,53,0,0,40.3848
0,55,53,0,0,40.3832
0,56,53,0,0,40.3817
0,57,53,0,0,40.3804
0,58,53,0,0,40.3792
0,59,53,0,0,40.3781
0,60,53,0,0,40.377
0,61,53,0,0,40.376
0,62,53,0,0,40.3748
0,63,53,0,0,40.3734
0,64,53,0,0,40.3717
0,65,53,0,0,40.37
0,66,53,0,0,40.3682
0,67,53,0,0,40.3665
0,68,53,0,0,40.365
0,69,53,0,0,40.3637
0,70,53,0,0,40.3624
0,71,53,0,0,40.361
0,72,53,0,0,40.3596
0,73,53,0,0,40.3581
0,74,53,0,0,40.3566
0,75,53,0,0,40.3552
0,76,53,0,0,40.354
0,77,53,0,0,40.3529
0,78,53,0,0,40.352
0,79,53,0,0,40.3509
0,80,53,0,0,40.3498
0,81,53,0,0,40.3485
0,82,53,0,0,40.3472
0,83,53,0,0,40.3459
0,84,53,0,0,40.3448
0,85,53,0,0,40.3439
0,86,53,0,0,40.3431
0,87,53,0,0,40.3422
0,88,53,0,0,40.3413
0,89,53,0,0,40.3402
0,90,53,0,0,40.339
0,91,53,0,0,40.3375
0,92,53,0,0,40.3359
0,93,53,0,0,40.3342
0,94,53,0,0,40.3327
0,95,53,0,0,40.3315
0,96,53,0,0,40.3305
0,97,53,0,0,40.3294
0,98,53,0,0,40.3282
0,99,53,0,0,40.3271
0,100,53,0,0,40.326
0,101,53,0,0,40.325
0,102,53,0,0,40.3244
0,103,53,0,0,40.3241
0,104,53,0,0,40.3241
0,105,53,0,0,40.3243
0,106,53,0,0,40.3245
0,107,53,0,0,40.3248
0,108,53,0,0,40.3249
0,109,53,0,0,40.325
0,110,53,0,0,40.3251
0,111,53,0,0,40.3251
0,112,53,0,0,40.3251
0,113,53,0,0,40.3249
0,114,53,0,0,40.3244
0,115,53,0,0,40.3235
0,116,53,0,0,40.3225
0,117,53,0,0,40.3212
0,118,53,0,0,40.3201
0,119,53,0,0,40.319
0,120,53,0,0,40.3182
0,121,53,0,0,40.3176
0,122,53,0,0,40.317
0,123,53,0,0,40.3163
0,124,53,0,0,40.3154
0,125,53,0,0,40.3144
0,126,53,0,0,40.3134
0,127,53,0,0,40.3125
0,0,54,0,7.15688e-05,40.6207
0,1,54,0,0,40.6115
0,2,54,0,0,40.6029
0,3,54,0,0,40.5949
0,4,54,0,0,40.5871
0,5,54,0,0,40.5799
0,6,54,0,0,40.5733
0,7,54,0,0,40.5669
0,8,54,0,0,40.5606
0,9,54,0,0,40.5543
0,10,54,0,0,40.5479
0,11,54,0,0,40.5417
0,12,54,0,0,40.5355
0,13,54,0,0,40.5295
0,14,54,0,0,40.5236
0,15,54,0,0,40.5181
0,16,54,0,0,40.5129
0,17,54,0,0,40.5082
0,18,54,0,0,40.5038
0,19,54,0,0,40.4995
0,20,54,0,0,40.4954
0,21,54,0,0,40.4913
0,22,54,0,0,40.4871
0,23,54,0,0,40.483
0,24,54,0,0,40.4791
0,25,54,0,0,40.4752
0,26,54,0,0,40.4713
0,27,54,0,0,40.4675
0,28,54,0,0,40.4635
0,29,54,0,0,40.4595
0,30,54,0,0,40.4555
0,31,54,0,0,40.4514
0,32,54,0,0,40.4474
0,33,54,0,0,40.4433
0,34,54,0,0,40.439
0,35,54,0,0,40.4348
0,36,54,0,0,40.4302
0,37,54,0,0,40.4257
0,38,54,0,0,40.4214
0,39,54,0,0,40.4175
0,40,54,0,0,40.4138
0,41,54,0,0,40.4102
0,42,54,0,0,40.4064
0,43,54,0,0,40.4025
0,44,54,0,0,40.3987
0,45,54,0,0,40.3954
0,46,54,0,0,40.3924
0,47,54,0,0,40.3897
0,48,54,0,0,40.3871
0,49,54,0,0,40.3847
0,50,54,0,0,40.3825
0,51,54,0,0,40.3805
0,52,54,0,0,40.3787
0,53,54,0,0,40.3768
0,54,54,0,0,40.3751
0,55,54,0,0,40.3735
0,56,54,0,0,40.372
0,57,54,0,0,40.3706
0,58,54,0,0,40.3694
0,59,54,0,0,40.3684
0,60,54,0,0,40.3675
0,61,54,0,0,40.3666
0,62,54,0,0,40.3657
0,63,54,0,0,40.3644
0,64,54,0,0,40.3627
0,65,54,0,0,40.3608
0,66,54,0,0,40.3588
0,67,54,0,0,40.3569
0,68,54,0,0,40.3555
0,69,54,0,0,40.3543
0,70,54,0,0,40.3533
0,71,54,0,0,40.3522
0,72,54,0,0,40.351
0,73,54,0,0,40.3495
0,74,54,0,0,40.348
0,75,54,0,0,40.3465
0,76,54,0,0,40.3453
0,77,54,0,0,40.3443
0,78,54,0,0,40.3434
0,79,54,0,0,40.3423
0,80,54,0,0,40.3412
0,81,54,0,0,40.3399
0,82,54,0,0,40.3386
0,83,54,0,0,40.3374
0,84,54,0,0,40.3364
0,85,54,0,0,40.3358
0,86,54,0,0,40.3353
0,87,54,0,0,40.3348
0,88,54,0,0,40.3341
0,89,54,0,0,40.3331
0,90,54,0,0,40.3319
0,91,54,0,0,40.3304
0,92,54,0,0,40.3285
0,93,54,0,0,40.3264
0,94,54,0,0,40.3248
0,95,54,0,0,40.3237
0,96,54,0,0,40.3229
0,97,54,0,0,40.3217
0,98,54,0,0,40.3204
0,99,54,0,0,40.3191
0,100,54,0,0,40.3179
0,101,54,0,0,40.3169
0,102,54,0,0,40.3162
0,103,54,0,0,40.3159
0,104,54,0,0,40.316
0,105,54,0,0,40.3163
0,106,54,0,0,40.3167
0,107,54,0,0,40.317
0,108,54,0,0,40.3171
0,109,54,0,0,40.317
0,110,54,0,0,40.3171
0,111,54,0,0,40.3172
0,112,54,0,0,40.3174
0,113,54,0,0,40.3176
0,114,54,0,0,40.3175
0,115,54,0,0,40.3169
0,116,54,0,0,40.3158
0,117,54,0,0,40.3144
0,118,54,0,0,40.313
0,119,54,0,0,40.3118
0,120,54,0,0,40.311
0,121,54,0,0,40.3105
0,122,54,0,0,40.3101
0,123,54,0,0,40.3095
0,124,54,0,0,40.3086
0,125,54,0,0,40.3075
0,126,54,0,0,40.3065
0,127,54,0,0,40.3054
0,0,55,0,7.15688e-05,40.5995
0,1,55,0,0,40.5909
0,2,55,0,0,40.5826
0,3,55,0,0,40.5749
0,4,55,0,0,40.5669
0,5,55,0,0,40.5599
0,6,55,0,0,40.554
0,7,55,0,0,40.5482
0,8,55,0,0,40.5422
0,9,55,0,0,40.5363
0,10,55,0,0,40.5299
0,11,55,0,0,40.5237
0,12,55,0,0,40.5176
0,13,55,0,0,40.5116
0,14,55,0,0,40.5056
0,15,55,0,0,40.5002
0,16,55,0,0,40.4952
0,17,55,0,0,40.4908
0,18,55,0,0,40.4869
0,19,55,0,0,40.4831
0,20,55,0,0,40.4797
0,21,55,0,0,40.4761
0,22,55,0,0,40.4721
0,23,55,0,0,40.4683
0,24,55,0,0,40.4649
0,25,55,0,0,40.4615
0,26,55,0,0,40.458
0,27,55,0,0,40.4546
0,28,55,0,0,40.4508
0,29,55,0,0,40.4471
0,30,55,0,0,40.4434
0,31,55,0,0,40.4393
0,32,55,0,0,40.4359
0,33,55,0,0,40.4319
0,34,55,0,0,40.4279
0,35,55,0,0,40.424
0,36,55,0,0,40.4192
0,37,55,0,0,40.4143
0,38,55,0,0,40.41
0,39,55,0,0,40.4064
0,40,55,0,0,40.4033
0,41,55,0,0,40.4003
0,42,55,0,0,40.3966
0,43,55,0,0,40.3926
0,44,55,0,0,40.3886
0,45,55,0,0,40.3854
0,46,55,0,0,40.3829
0,47,55,0,0,40.3804
0,48,55,0,0,40.3778
0,49,55,0,0,40.3756
0,50,55,0,0,40.3736
0,51,55,0,0,40.3717
0,52,55,0,0,40.3704
0,53,55,0,0,40.3685
0,54,55,0,0,40.3666
0,55,55,0,0,40.3652
0,56,55,0,0,40.3636
0,57,55,0,0,40.3622
0,58,55,0,0,40.361
0,59,55,0,0,40.36
0,60,55,0,0,40.3593
0,61,55,0,0,40.3588
0,62,55,0,0,40.3583
0,63,55,0,0,40.3571
0,64,55,0,0,40.3555
0,65,55,0,0,40.3531
0,66,55,0,0,40.3506
0,67,55,0,0,40.3483
0,68,55,0,0,40.347
0,69,55,0,0,40.3462
0,70,55,0,0,40.3458
0,71,55,0,0,40.3449
0,72,55,0,0,40.344
0,73,55,0,0,40.3424
0,74,55,0,0,40.3406
0,75,55,0,0,40.3389
0,76,55,0,0,40.3376
0,77,55,0,0,40.3368
0,78,55,0,0,40.3364
0,79,55,0,0,40.3352
0,80,55,0,0,40.3341
0,81,55,0,0,40.3327
0,82,55,0,0,40.3313
0,83,55,0,0,40.3299
0,84,55,0,0,40.329
0,85,55,0,0,40.3289
0,86,55,0,0,40.329
0,87,55,0,0,40.329
0,88,55,0,0,40.3285
0,89,55,0,0,40.3275
0,90,55,0,0,40.3263
0,91,55,0,0,40.3252
0,92,55,0,0,40.3225
0,93,55,0,0,40.3195
0,94,55,0,0,40.3175
0,95,55,0,0,40.3169
0,96,55,0,0,40.3169
0,97,55,0,0,40.3153
0,98,55,0,0,40.3137
0,99,55,0,0,40.3124
0,100,55,0,0,40.311
0,101,55,0,0,40.3096
0,102,55,0,0,40.3089
0,103,55,0,0,40.3085
0,104,55,0,0,40.3088
0,105,55,0,0,40.3095
0,106,55,0,0,40.3101
0,107,55,0,0,40.3107
0,108,55,0,0,40.3106
0,109,55,0,0,40.3102
0,110,55,0,0,40.3101
0,111,55,0,0,40.3106
0,112,55,0,0,40.3111
0,113,55,0,0,40.3119
0,114,55,0,0,40.3125
0,115,55,0,0,40.3121
0,116,55,0,0,40.3107
0,117,55,0,0,40.3089
0,118,55,0,0,40.3069
0,119,55,0,0,40.3053
0,120,55,0,0,40.3046
0,121,55,0,0,40.3045
0,122,55,0,0,40.3048
0,123,55,0,0,40.3043
0,124,55,0,0,40.303
0,125,55,0,0,40.3019
0,126,55,0,0,40.3008
0,127,55,0,0,40.2994
0,0,56,0,0.000116269,40.5799
0,1,56,0,5.196e-05,40.5724
0,2,56,0,3.504e-05,40.5639
0,3,56,0,7.854e-05,40.5574
0,4,56,0,1.812e-05,40.5478
0,5,56,0,8.46e-06,40.5411
0,6,56,0,2.658e-05,40.5365
0,7,56,0,4.908e-05,40.5319
0,8,56,0,4.35e-05,40.526
0,9,56,0,6.888e-05,40.5208
0,10,56,0,4.35e-05,40.5138
0,11,56,0,4.35e-05,40.5078
0,12,56,0,3.744e-05,40.5014
0,13,56,0,4.35e-05,40.4956
0,14,56,0,1.692e-05,40.4889
0,15,56,0,3.26175e-05,40.4837
0,16,56,0,1.812e-05,40.4785
0,17,56,0,2.778e-05,40.4748
0,18,56,0,4.35e-05,40.4719
0,19,56,0,3.624e-05,40.4682
0,20,56,0,5.316e-05,40.4659
0,21,56,0,6.282e-05,40.4633
0,22,56,0,2.538e-05,40.4586
0,23,56,0,2.43225e-05,40.455
0,24,56,0,4.57575e-05,40.4525
0,25,56,0,4.83225e-05,40.4497
0,26,56,0,4.23e-05,40.4462
0,27,56,0,7.6125e-05,40.4438
0,28,56,0,4.47e-05,40.4397
0,29,56,0,4.66725e-05,40.4363
0,30,56,0,6.645e-05,40.4333
0,31,56,0,2.34075e-05,40.4284
0,32,56,0,8.3355e-05,40.4266
0,33,56,0,6.042e-05,40.4221
0,34,56,0,6.162e-05,40.4183
0,35,56,0,9.426e-05,40.4157
0,36,56,0,6.888e-05,40.4099
0,37,56,0,4.23e-05,40.4041
0,38,56,0,3.504e-05,40.3994
0,39,56,0,3.504e-05,40.3964
0,40,56,0,4.6815e-05,40.3943
0,41,56,0,6.042e-05,40.3925
0,42,56,0,5.316e-05,40.3888
0,43,56,0,4.047e-05,40.3843
0,44,56,0,1.812e-05,40.3793
0,45,56,0,9.5175e-06,40.3761
0,46,56,0,3.624e-05,40.375
0,47,56,0,3.7455e-05,40.3727
0,48,56,0,1.812e-05,40.3697
0,49,56,0,2.658e-05,40.3677
0,50,56,0,5.196e-05,40.3661
0,51,56,0,2.77875e-05,40.3639
0,52,56,0,7.128e-05,40.364
0,53,56,0,4.47e-05,40.3615
0,54,56,0,1.692e-05,40.359
0,55,56,0,5.076e-05,40.3584
0,56,56,0,3.624e-05,40.3566
0,57,56,0,2.778e-05,40.3549
0,58,56,0,3.504e-05,40.3538
0,59,56,0,3.00375e-05,40.3527
0,60,56,0,3.624e-05,40.3524
0,61,56,0,3.504e-05,40.3522
0,62,56,0,7.128e-05,40.3533
0,63,56,0,5.658e-05,40.3517
0,64,56,0,8.316e-05,40.3505
0,65,56,0,5.436e-05,40.347
0,66,56,0,3.624e-05,40.3435
0,67,56,0,0,40.34
0,68,56,0,1.692e-05,40.3395
0,69,56,0,2.538e-05,40.3392
0,70,56,0,5.538e-05,40.3401
0,71,56,0,4.35e-05,40.3388
0,72,56,0,8.3355e-05,40.3391
0,73,56,0,5.75325e-05,40.337
0,74,56,0,5.196e-05,40.3345
0,75,56,0,3.624e-05,40.3321
0,76,56,0,3.744e-05,40.331
0,77,56,0,3.384e-05,40.3304
0,78,56,0,7.854e-05,40.3313
0,79,56,0,3.864e-05,40.3295
0,80,56,0,4.23e-05,40.3285
0,81,56,0,3.82125e-05,40.327
0,82,56,0,4.23e-05,40.3252
0,83,56,0,1.812e-05,40.3231
0,84,56,0,9.66e-06,40.3221
0,85,56,0,3.48975e-05,40.3232
0,86,56,0,3.744e-05,40.324
0,87,56,0,6.162e-05,40.325
0,88,56,0,6.402e-05,40.3249
0,89,56,0,5.076e-05,40.3233
0,90,56,0,3.624e-05,40.3219
0,91,56,0,0.00010752,40.3228
0,92,56,0,6.282e-05,40.3182
0,93,56,0,1.812e-05,40.3129
0,94,56,0,8.46e-06,40.3102
0,95,56,0,2.658e-05,40.3109
0,96,56,0,0.00010752,40.3136
0,97,56,0,4.47e-05,40.3104
0,98,56,0,3.624e-05,40.3079
0,99,56,0,4.47e-05,40.307
0,100,56,0,4.35e-05,40.3053
0,101,56,0,1.692e-05,40.3029
0,102,56,0,3.504e-05,40.3024
0,103,56,0,2.115e-05,40.3017
0,104,56,0,2.538e-05,40.3024
0,105,56,0,5.1045e-05,40.3041
0,106,56,0,3.504e-05,40.3047
0,107,56,0,8.196e-05,40.3065
0,108,56,0,6.624e-05,40.3058
0,109,56,0,3.504e-05,40.3041
0,110,56,0,2.538e-05,40.3039
0,111,56,0,3.504e-05,40.3052
0,112,56,0,2.538e-05,40.3057
0,113,56,0,4.47e-05,40.3075
0,114,56,0,7.02225e-05,40.3096
0,115,56,0,7.368e-05,40.3096
0,116,56,0,5.814e-05,40.3072
0,117,56,0,5.196e-05,40.3048
0,118,56,0,3.504e-05,40.3018
0,119,56,0,1.692e-05,40.2991
0,120,56,0,3.624e-05,40.299
0,121,56,0,3.624e-05,40.2995
0,122,56,0,7.974e-05,40.3015
0,123,56,0,7.974e-05,40.301
0,124,56,0,4.0185e-05,40.2986
0,125,56,0,4.35e-05,40.2973
0,126,56,0,6.282e-05,40.2968
0,127,56,0,6.03975e-05,40.2947
0,0,57,0,0.000106609,40.5556
0,1,57,0,6.624e-05,40.5488
0,2,57,0,2.538e-05,40.5395
0,3,57,0,3.624e-05,40.5324
0,4,57,0,2.538e-05,40.5251
0,5,57,0,6.17625e-05,40.5208
0,6,57,0,8.44275e-05,40.5169
0,7,57,0,6.93e-05,40.5109
0,8,57,0,4.47e-05,40.5039
0,9,57,0,4.59e-05,40.4978
0,10,57,0,2.658e-05,40.4913
0,11,57,0,7.368e-05,40.4872
0,12,57,0,3.06675e-05,40.4802
0,13,57,0,5.316e-05,40.4753
0,14,57,0,5.778e-05,40.4698
0,15,57,0,3.14025e-05,40.4637
0,16,57,0,4.1385e-05,40.4592
0,17,57,0,3.504e-05,40.4552
0,18,57,0,5.316e-05,40.4522
0,19,57,0,1.692e-05,40.4477
0,20,57,0,3.504e-05,40.4456
0,21,57,0,4.71e-05,40.4438
0,22,57,0,7.10625e-05,40.4418
0,23,57,0,6.50775e-05,40.4384
0,24,57,0,4.24425e-05,40.4347
0,25,57,0,7.61175e-05,40.4326
0,26,57,0,4.35e-05,40.4279
0,27,57,0,1.9335e-05,40.424
0,28,57,0,6.522e-05,40.4224
0,29,57,0,4.8795e-05,40.419
0,30,57,0,5.919e-05,40.416
0,31,57,0,5.75325e-05,40.4121
0,32,57,0,4.3485e-05,40.408
0,33,57,0,3.624e-05,40.4036
0,34,57,0,1.812e-05,40.3992
0,35,57,0,5.196e-05,40.3966
0,36,57,0,1.692e-05,40.3911
0,37,57,0,3.624e-05,40.3872
0,38,57,0,2.05425e-05,40.3832
0,39,57,0,4.03275e-05,40.3811
0,40,57,0,3.53475e-05,40.3791
0,41,57,0,7.734e-05,40.3783
0,42,57,0,4.46925e-05,40.3744
0,43,57,0,7.008e-05,40.3715
0,44,57,0,3.624e-05,40.3668
0,45,57,0,5.21025e-05,40.3646
0,46,57,0,7.71e-05,40.3637
0,47,57,0,6.0405e-05,40.3612
0,48,57,0,7.368e-05,40.3591
0,49,57,0,7.368e-05,40.3564
0,50,57,0,1.692e-05,40.3521
0,51,57,0,3.9855e-05,40.3508
0,52,57,0,4.23e-05,40.35
0,53,57,0,4.24425e-05,40.3488
0,54,57,0,7.15275e-05,40.3482
0,55,57,0,4.47e-05,40.3461
0,56,57,0,5.436e-05,40.3449
0,57,57,0,5.9505e-05,40.3438
0,58,57,0,5.196e-05,40.3423
0,59,57,0,4.48575e-05,40.3411
0,60,57,0,6.282e-05,40.341
0,61,57,0,4.692e-05,40.3401
0,62,57,0,7.854e-05,40.3406
0,63,57,0,4.47e-05,40.338
0,64,57,0,3.504e-05,40.3356
0,65,57,0,3.624e-05,40.3334
0,66,57,0,5.316e-05,40.3319
0,67,57,0,4.893e-05,40.3302
0,68,57,0,8.334e-05,40.3302
0,69,57,0,3.384e-05,40.3281
0,70,57,0,9.22875e-05,40.3291
0,71,57,0,1.932e-05,40.3253
0,72,57,0,3.2625e-05,40.3245
0,73,57,0,5.23875e-05,40.3237
0,74,57,0,3.624e-05,40.3214
0,75,57,0,3e-05,40.3194
0,76,57,0,4.35e-05,40.3189
0,77,57,0,4.83e-05,40.3184
0,78,57,0,2.538e-05,40.3175
0,79,57,0,5.436e-05,40.3179
0,80,57,0,6.162e-05,40.3177
0,81,57,0,7.3395e-05,40.3168
0,82,57,0,2.658e-05,40.3138
0,83,57,0,6.282e-05,40.3137
0,84,57,0,4.63725e-05,40.3128
0,85,57,0,6.17625e-05,40.3135
0,86,57,0,6.888e-05,40.3139
0,87,57,0,4.35e-05,40.3132
0,88,57,0,7.128e-05,40.3137
0,89,57,0,5.316e-05,40.312
0,90,57,0,4.78725e-05,40.3105
0,91,57,0,6.522e-05,40.3096
0,92,57,0,3.624e-05,40.3055
0,93,57,0,3.504e-05,40.3019
0,94,57,0,1.812e-05,40.2993
0,95,57,0,4.35e-05,40.2997
0,96,57,0,3.91275e-05,40.2999
0,97,57,0,5.658e-05,40.2989
0,98,57,0,8.46e-06,40.2957
0,99,57,0,6.282e-05,40.2963
0,100,57,0,4.35e-05,40.2945
0,101,57,0,3.624e-05,40.2926
0,102,57,0,3.504e-05,40.2917
0,103,57,0,3.081e-05,40.2912
0,104,57,0,4.59e-05,40.2921
0,105,57,0,3.8355e-05,40.2928
0,106,57,0,5.42175e-05,40.2936
0,107,57,0,1.692e-05,40.2925
0,108,57,0,2.538e-05,40.2924
0,109,57,0,2.658e-05,40.2922
0,110,57,0,2.658e-05,40.2931
0,111,57,0,8.157e-05,40.2962
0,112,57,0,5.19525e-05,40.2962
0,113,57,0,4.35e-05,40.2969
0,114,57,0,6.87375e-05,40.2987
0,115,57,0,8.037e-05,40.2988
0,116,57,0,3.006e-05,40.2954
0,117,57,0,5.196e-05,40.294
0,118,57,0,5.43675e-05,40.2919
0,119,57,0,2.658e-05,40.2889
0,120,57,0,2.778e-05,40.2879
0,121,57,0,3.504e-05,40.2882
0,122,57,0,3.91275e-05,40.2887
0,123,57,0,2.538e-05,40.288
0,124,57,0,5.16375e-05,40.2877
0,125,57,0,2.778e-05,40.286
0,126,57,0,4.21275e-05,40.2854
0,127,57,0,4.395e-05,40.2835
0,0,58,0,7.15688e-05,40.5273
0,1,58,0,0,40.519
0,2,58,0,0,40.5109
0,3,58,0,0,40.5037
0,4,58,0,0,40.4973
0,5,58,0,1.0575e-06,40.4921
0,6,58,0,1.22325e-05,40.4874
0,7,58,0,0,40.4814
0,8,58,0,0,40.4754
0,9,58,0,0,40.4697
0,10,58,0,0,40.4641
0,11,58,0,0,40.4591
0,12,58,0,3.1725e-06,40.4538
0,13,58,0,0,40.4487
0,14,58,0,0,40.4437
0,15,58,0,0,40.4387
0,16,58,0,2.115e-06,40.4345
0,17,58,0,0,40.4305
0,18,58,0,0,40.4271
0,19,58,0,0,40.4236
0,20,58,0,0,40.421
0,21,58,0,0,40.4186
0,22,58,0,6.0375e-06,40.4163
0,23,58,0,0,40.4131
0,24,58,0,0,40.41
0,25,58,0,0,40.407
0,26,58,0,0,40.4036
0,27,58,0,0,40.4004
0,28,58,0,0,40.3978
0,29,58,0,8.4525e-06,40.3951
0,30,58,0,0,40.3916
0,31,58,0,0,40.388
0,32,58,0,0,40.3843
0,33,58,0,0,40.3805
0,34,58,0,0,40.3768
0,35,58,0,0,40.3734
0,36,58,0,0,40.3696
0,37,58,0,0,40.3661
0,38,58,0,6.0375e-06,40.3631
0,39,58,0,3.1725e-06,40.3605
0,40,58,0,6.0375e-06,40.3583
0,41,58,0,0,40.3561
0,42,58,0,1.2075e-06,40.3532
0,43,58,0,4.23e-06,40.3504
0,44,58,0,0,40.3471
0,45,58,0,0,40.3447
0,46,58,0,0,40.3428
0,47,58,0,0,40.3407
0,48,58,0,0,40.3385
0,49,58,0,0,40.3362
0,50,58,0,0,40.3336
0,51,58,0,6.0375e-06,40.3322
0,52,58,0,0,40.3308
0,53,58,0,9.5175e-06,40.3298
0,54,58,0,3.1725e-06,40.3285
0,55,58,0,0,40.3268
0,56,58,0,0,40.3256
0,57,58,0,1.0575e-05,40.3248
0,58,58,0,0,40.3233
0,59,58,0,7.245e-06,40.3224
0,60,58,0,0,40.3213
0,61,58,0,0,40.3204
0,62,58,0,0,40.3196
0,63,58,0,0,40.318
0,64,58,0,0,40.3162
0,65,58,0,0,40.3145
0,66,58,0,0,40.3131
0,67,58,0,4.23e-06,40.3119
0,68,58,0,0,40.3109
0,69,58,0,0,40.3097
0,70,58,0,3.1725e-06,40.309
0,71,58,0,0,40.3071
0,72,58,0,0,40.3059
0,73,58,0,0,40.3046
0,74,58,0,0,40.3031
0,75,58,0,0,40.3018
0,76,58,0,0,40.3009
0,77,58,0,0,40.3002
0,78,58,0,0,40.2996
0,79,58,0,0,40.2992
0,80,58,0,0,40.2988
0,81,58,0,3.1725e-06,40.298
0,82,58,0,0,40.2966
0,83,58,0,0,40.2959
0,84,58,0,5.5875e-06,40.2955
0,85,58,0,0,40.2952
0,86,58,0,0,40.295
0,87,58,0,0,40.2946
0,88,58,0,0,40.2941
0,89,58,0,0,40.2931
0,90,58,0,5.2875e-06,40.292
0,91,58,0,0,40.2903
0,92,58,0,0,40.2878
0,93,58,0,0,40.2854
0,94,58,0,0,40.2836
0,95,58,0,0,40.2829
0,96,58,0,3.1725e-06,40.2824
0,97,58,0,0,40.2812
0,98,58,0,0,40.2797
0,99,58,0,0,40.279
0,100,58,0,0,40.2778
0,101,58,0,0,40.2767
0,102,58,0,0,40.2759
0,103,58,0,0,40.2756
0,104,58,0,0,40.2758
0,105,58,0,0,40.2761
0,106,58,0,7.4025e-06,40.2766
0,107,58,0,0,40.2761
0,108,58,0,0,40.276
0,109,58,0,0,40.2761
0,110,58,0,0,40.2768
0,111,58,0,4.23e-06,40.2782
0,112,58,0,1.2075e-06,40.2786
0,113,58,0,0,40.2791
0,114,58,0,0,40.2796
0,115,58,0,4.23e-06,40.2795
0,116,58,0,0,40.2779
0,117,58,0,0,40.2766
0,118,58,0,8.4525e-06,40.2753
0,119,58,0,0,40.2734
0,120,58,0,0,40.2723
0,121,58,0,0,40.272
0,122,58,0,3.1725e-06,40.272
0,123,58,0,0,40.2714
0,124,58,0,6.0375e-06,40.2711
0,125,58,0,0,40.2701
0,126,58,0,1.22325e-05,40.2696
0,127,58,0,3.1725e-06,40.268
0,0,59,0,7.15688e-05,40.4999
0,1,59,0,0,40.4912
0,2,59,0,0,40.4833
0,3,59,0,0,40.4763
0,4,59,0,0,40.47
0,5,59,0,0,40.4645
0,6,59,0,0,40.4593
0,7,59,0,0,40.4539
0,8,59,0,0,40.4484
0,9,59,0,0,40.4432
0,10,59,0,0,40.4381
0,11,59,0,0,40.4332
0,12,59,0,0,40.4284
0,13,59,0,0,40.4237
0,14,59,0,0,40.4191
0,15,59,0,0,40.4147
0,16,59,0,0,40.4107
0,17,59,0,0,40.407
0,18,59,0,0,40.4036
0,19,59,0,0,40.4004
0,20,59,0,0,40.3976
0,21,59,0,0,40.3949
0,22,59,0,0,40.3923
0,23,59,0,0,40.3895
0,24,59,0,0,40.3865
0,25,59,0,0,40.3836
0,26,59,0,0,40.3806
0,27,59,0,0,40.3776
0,28,59,0,0,40.3749
0,29,59,0,0,40.372
0,30,59,0,0,40.3689
0,31,59,0,0,40.3656
0,32,59,0,0,40.3623
0,33,59,0,0,40.3589
0,34,59,0,0,40.3555
0,35,59,0,0,40.3523
0,36,59,0,0,40.349
0,37,59,0,0,40.3459
0,38,59,0,0,40.343
0,39,59,0,0,40.3405
0,40,59,0,0,40.3381
0,41,59,0,0,40.3357
0,42,59,0,0,40.3332
0,43,59,0,0,40.3306
0,44,59,0,0,40.328
0,45,59,0,0,40.3257
0,46,59,0,0,40.3236
0,47,59,0,0,40.3215
0,48,59,0,0,40.3195
0,49,59,0,0,40.3174
0,50,59,0,0,40.3154
0,51,59,0,0,40.3138
0,52,59,0,0,40.3124
0,53,59,0,0,40.3111
0,54,59,0,0,40.3098
0,55,59,0,0,40.3084
0,56,59,0,0,40.3072
0,57,59,0,0,40.3062
0,58,59,0,0,40.305
0,59,59,0,0,40.3039
0,60,59,0,0,40.3029
0,61,59,0,0,40.3019
0,62,59,0,0,40.3008
0,63,59,0,0,40.2995
0,64,59,0,0,40.298
0,65,59,0,0,40.2966
0,66,59,0,0,40.2953
0,67,59,0,0,40.2941
0,68,59,0,0,40.293
0,69,59,0,0,40.2919
0,70,59,0,0,40.2909
0,71,59,0,0,40.2896
0,72,59,0,0,40.2883
0,73,59,0,0,40.2871
0,74,59,0,0,40.2859
0,75,59,0,0,40.2848
0,76,59,0,0,40.2839
0,77,59,0,0,40.2831
0,78,59,0,0,40.2825
0,79,59,0,0,40.2819
0,80,59,0,0,40.2813
0,81,59,0,0,40.2806
0,82,59,0,0,40.2797
0,83,59,0,0,40.279
0,84,59,0,0,40.2785
0,85,59,0,0,40.278
0,86,59,0,0,40.2776
0,87,59,0,0,40.2771
0,88,59,0,0,40.2764
0,89,59,0,0,40.2755
0,90,59,0,0,40.2744
0,91,59,0,0,40.2729
0,92,59,0,0,40.2711
0,93,59,0,0,40.2694
0,94,59,0,0,40.268
0,95,59,0,0,40.267
0,96,59,0,0,40.2661
0,97,59,0,0,40.2651
0,98,59,0,0,40.264
0,99,59,0,0,40.2631
0,100,59,0,0,40.2622
0,101,59,0,0,40.2614
0,102,59,0,0,40.2608
0,103,59,0,0,40.2604
0,104,59,0,0,40.2604
0,105,59,0,0,40.2605
0,106,59,0,0,40.2606
0,107,59,0,0,40.2605
0,108,59,0,0,40.2604
0,109,59,0,0,40.2606
0,110,59,0,0,40.261
0,111,59,0,0,40.2617
0,112,59,0,0,40.262
0,113,59,0,0,40.2623
0,114,59,0,0,40.2624
0,115,59,0,0,40.2621
0,116,59,0,0,40.2612
0,117,59,0,0,40.2602
0,118,59,0,0,40.2592
0,119,59,0,0,40.258
0,120,59,0,0,40.2571
0,121,59,0,0,40.2566
0,122,59,0,0,40.2563
0,123,59,0,0,40.2558
0,124,59,0,0,40.2553
0,125,59,0,0,40.2547
0,126,59,0,0,40.2541
0,127,59,0,0,40.2532
0,0,60,0,7.15688e-05,40.4733
0,1,60,0,0,40.4645
0,2,60,0,0,40.4568
0,3,60,0,0,40.4499
0,4,60,0,0,40.4438
0,5,60,0,0,40.4383
0,6,60,0,0,40.4331
0,7,60,0,0,40.428
0,8,60,0,0,40.423
0,9,60,0,0,40.4181
0,10,60,0,0,40.4134
0,11,60,0,0,40.4088
0,12,60,0,0,40.4044
0,13,60,0,0,40.4
0,14,60,0,0,40.3959
0,15,60,0,0,40.3919
0,16,60,0,0,40.3881
0,17,60,0,0,40.3846
0,18,60,0,0,40.3813
0,19,60,0,0,40.3783
0,20,60,0,0,40.3754
0,21,60,0,0,40.3727
0,22,60,0,0,40.37
0,23,60,0,0,40.3673
0,24,60,0,0,40.3645
0,25,60,0,0,40.3618
0,26,60,0,0,40.3589
0,27,60,0,0,40.3561
0,28,60,0,0,40.3534
0,29,60,0,0,40.3506
0,30,60,0,0,40.3477
0,31,60,0,0,40.3447
0,32,60,0,0,40.3416
0,33,60,0,0,40.3385
0,34,60,0,0,40.3355
0,35,60,0,0,40.3325
0,36,60,0,0,40.3295
0,37,60,0,0,40.3267
0,38,60,0,0,40.324
0,39,60,0,0,40.3215
0,40,60,0,0,40.3191
0,41,60,0,0,40.3168
0,42,60,0,0,40.3144
0,43,60,0,0,40.3121
0,44,60,0,0,40.3098
0,45,60,0,0,40.3076
0,46,60,0,0,40.3055
0,47,60,0,0,40.3036
0,48,60,0,0,40.3016
0,49,60,0,0,40.2998
0,50,60,0,0,40.298
0,51,60,0,0,40.2964
0,52,60,0,0,40.295
0,53,60,0,0,40.2937
0,54,60,0,0,40.2924
0,55,60,0,0,40.2911
0,56,60,0,0,40.2899
0,57,60,0,0,40.2888
0,58,60,0,0,40.2877
0,59,60,0,0,40.2866
0,60,60,0,0,40.2855
0,61,60,0,0,40.2845
0,62,60,0,0,40.2834
0,63,60,0,0,40.2822
0,64,60,0,0,40.2809
0,65,60,0,0,40.2797
0,66,60,0,0,40.2785
0,67,60,0,0,40.2773
0,68,60,0,0,40.2763
0,69,60,0,0,40.2752
0,70,60,0,0,40.2741
0,71,60,0,0,40.273
0,72,60,0,0,40.2719
0,73,60,0,0,40.2708
0,74,60,0,0,40.2697
0,75,60,0,0,40.2687
0,76,60,0,0,40.2679
0,77,60,0,0,40.2671
0,78,60,0,0,40.2664
0,79,60,0,0,40.2657
0,80,60,0,0,40.2651
0,81,60,0,0,40.2644
0,82,60,0,0,40.2637
0,83,60,0,0,40.263
0,84,60,0,0,40.2624
0,85,60,0,0,40.2619
0,86,60,0,0,40.2614
0,87,60,0,0,40.2608
0,88,60,0,0,40.26
0,89,60,0,0,40.2592
0,90,60,0,0,40.2581
0,91,60,0,0,40.2569
0,92,60,0,0,40.2555
0,93,60,0,0,40.2542
0,94,60,0,0,40.2529
0,95,60,0,0,40.2519
0,96,60,0,0,40.251
0,97,60,0,0,40.2501
0,98,60,0,0,40.2492
0,99,60,0,0,40.2484
0,100,60,0,0,40.2476
0,101,60,0,0,40.2469
0,102,60,0,0,40.2463
0,103,60,0,0,40.246
0,104,60,0,0,40.2458
0,105,60,0,0,40.2458
0,106,60,0,0,40.2457
0,107,60,0,0,40.2457
0,108,60,0,0,40.2457
0,109,60,0,0,40.2458
0,110,60,0,0,40.246
0,111,60,0,0,40.2463
0,112,60,0,0,40.2466
0,113,60,0,0,40.2467
0,114,60,0,0,40.2466
0,115,60,0,0,40.2463
0,116,60,0,0,40.2457
0,117,60,0,0,40.245
0,118,60,0,0,40.2441
0,119,60,0,0,40.2433
0,120,60,0,0,40.2426
0,121,60,0,0,40.2421
0,122,60,0,0,40.2416
0,123,60,0,0,40.2412
0,124,60,0,0,40.2407
0,125,60,0,0,40.2402
0,126,60,0,0,40.2397
0,127,60,0,0,40.2392
0,0,61,0,7.15688e-05,40.4472
0,1,61,0,0,40.4386
0,2,61,0,0,40.4311
0,3,61,0,0,40.4246
0,4,61,0,0,40.4187
0,5,61,0,0,40.4134
0,6,61,0,0,40.4084
0,7,61,0,0,40.4036
0,8,61,0,0,40.3989
0,9,61,0,0,40.3944
0,10,61,0,0,40.3901
0,11,61,0,0,40.3858
0,12,61,0,0,40.3817
0,13,61,0,0,40.3777
0,14,61,0,0,40.3739
0,15,61,0,0,40.3702
0,16,61,0,0,40.3667
0,17,61,0,0,40.3634
0,18,61,0,0,40.3602
0,19,61,0,0,40.3573
0,20,61,0,0,40.3545
0,21,61,0,0,40.3518
0,22,61,0,0,40.3492
0,23,61,0,0,40.3465
0,24,61,0,0,40.3439
0,25,61,0,0,40.3412
0,26,61,0,0,40.3386
0,27,61,0,0,40.3359
0,28,61,0,0,40.3333
0,29,61,0,0,40.3306
0,30,61,0,0,40.3279
0,31,61,0,0,40.3251
0,32,61,0,0,40.3223
0,33,61,0,0,40.3194
0,34,61,0,0,40.3166
0,35,61,0,0,40.3138
0,36,61,0,0,40.3111
0,37,61,0,0,40.3085
0,38,61,0,0,40.306
0,39,61,0,0,40.3036
0,40,61,0,0,40.3013
0,41,61,0,0,40.2991
0,42,61,0,0,40.2969
0,43,61,0,0,40.2947
0,44,61,0,0,40.2926
0,45,61,0,0,40.2905
0,46,61,0,0,40.2886
0,47,61,0,0,40.2867
0,48,61,0,0,40.2849
0,49,61,0,0,40.2832
0,50,61,0,0,40.2815
0,51,61,0,0,40.28
0,52,61,0,0,40.2786
0,53,61,0,0,40.2773
0,54,61,0,0,40.276
0,55,61,0,0,40.2748
0,56,61,0,0,40.2736
0,57,61,0,0,40.2725
0,58,61,0,0,40.2714
0,59,61,0,0,40.2703
0,60,61,0,0,40.2693
0,61,61,0,0,40.2683
0,62,61,0,0,40.2672
0,63,61,0,0,40.2661
0,64,61,0,0,40.2649
0,65,61,0,0,40.2638
0,66,61,0,0,40.2627
0,67,61,0,0,40.2616
0,68,61,0,0,40.2605
0,69,61,0,0,40.2595
0,70,61,0,0,40.2585
0,71,61,0,0,40.2575
0,72,61,0,0,40.2564
0,73,61,0,0,40.2554
0,74,61,0,0,40.2545
0,75,61,0,0,40.2536
0,76,61,0,0,40.2527
0,77,61,0,0,40.252
0,78,61,0,0,40.2513
0,79,61,0,0,40.2506
0,80,61,0,0,40.2499
0,81,61,0,0,40.2493
0,82,61,0,0,40.2486
0,83,61,0,0,40.248
0,84,61,0,0,40.2474
0,85,61,0,0,40.2468
0,86,61,0,0,40.2462
0,87,61,0,0,40.2456
0,88,61,0,0,40.2448
0,89,61,0,0,40.244
0,90,61,0,0,40.243
0,91,61,0,0,40.242
0,92,61,0,0,40.2409
0,93,61,0,0,40.2397
0,94,61,0,0,40.2387
0,95,61,0,0,40.2377
0,96,61,0,0,40.2368
0,97,61,0,0,40.236
0,98,61,0,0,40.2352
0,99,61,0,0,40.2345
0,100,61,0,0,40.2338
0,101,61,0,0,40.2332
0,102,61,0,0,40.2327
0,103,61,0,0,40.2323
0,104,61,0,0,40.2321
0,105,61,0,0,40.232
0,106,61,0,0,40.2319
0,107,61,0,0,40.2318
0,108,61,0,0,40.2318
0,109,61,0,0,40.2318
0,110,61,0,0,40.2319
0,111,61,0,0,40.2321
0,112,61,0,0,40.2321
0,113,61,0,0,40.2321
0,114,61,0,0,40.232
0,115,61,0,0,40.2317
0,116,61,0,0,40.2313
0,117,61,0,0,40.2307
0,118,61,0,0,40.2301
0,119,61,0,0,40.2294
0,120,61,0,0,40.2289
0,121,61,0,0,40.2284
0,122,61,0,0,40.2279
0,123,61,0,0,40.2275
0,124,61,0,0,40.2271
0,125,61,0,0,40.2267
0,126,61,0,0,40.2263
0,127,61,0,0,40.226
0,0,62,0,7.15688e-05,40.4213
0,1,62,0,0,40.4131
0,2,62,0,0,40.4061
0,3,62,0,0,40.4001
0,4,62,0,0,40.3947
0,5,62,0,0,40.3897
0,6,62,0,0,40.385
0,7,62,0,0,40.3805
0,8,62,0,0,40.3762
0,9,62,0,0,40.3721
0,10,62,0,0,40.368
0,11,62,0,0,40.3641
0,12,62,0,0,40.3603
0,13,62,0,0,40.3566
0,14,62,0,0,40.3531
0,15,62,0,0,40.3496
0,16,62,0,0,40.3464
0,17,62,0,0,40.3433
0,18,62,0,0,40.3403
0,19,62,0,0,40.3375
0,20,62,0,0,40.3348
0,21,62,0,0,40.3321
0,22,62,0,0,40.3296
0,23,62,0,0,40.327
0,24,62,0,0,40.3245
0,25,62,0,0,40.322
0,26,62,0,0,40.3194
0,27,62,0,0,40.3169
0,28,62,0,0,40.3144
0,29,62,0,0,40.3118
0,30,62,0,0,40.3093
0,31,62,0,0,40.3067
0,32,62,0,0,40.3041
0,33,62,0,0,40.3015
0,34,62,0,0,40.2989
0,35,62,0,0,40.2963
0,36,62,0,0,40.2938
0,37,62,0,0,40.2914
0,38,62,0,0,40.289
0,39,62,0,0,40.2868
0,40,62,0,0,40.2846
0,41,62,0,0,40.2825
0,42,62,0,0,40.2804
0,43,62,0,0,40.2783
0,44,62,0,0,40.2764
0,45,62,0,0,40.2744
0,46,62,0,0,40.2726
0,47,62,0,0,40.2708
0,48,62,0,0,40.2691
0,49,62,0,0,40.2675
0,50,62,0,0,40.266
0,51,62,0,0,40.2645
0,52,62,0,0,40.2631
0,53,62,0,0,40.2618
0,54,62,0,0,40.2606
0,55,62,0,0,40.2594
0,56,62,0,0,40.2583
0,57,62,0,0,40.2572
0,58,62,0,0,40.2561
0,59,62,0,0,40.2551
0,60,62,0,0,40.2541
0,61,62,0,0,40.253
0,62,62,0,0,40.252
0,63,62,0,0,40.251
0,64,62,0,0,40.2499
0,65,62,0,0,40.2488
0,66,62,0,0,40.2478
0,67,62,0,0,40.2468
0,68,62,0,0,40.2458
0,69,62,0,0,40.2448
0,70,62,0,0,40.2439
0,71,62,0,0,40.2429
0,72,62,0,0,40.2419
0,73,62,0,0,40.241
0,74,62,0,0,40.2401
0,75,62,0,0,40.2393
0,76,62,0,0,40.2385
0,77,62,0,0,40.2378
0,78,62,0,0,40.2371
0,79,62,0,0,40.2364
0,80,62,0,0,40.2357
0,81,62,0,0,40.2351
0,82,62,0,0,40.2345
0,83,62,0,0,40.2338
0,84,62,0,0,40.2332
0,85,62,0,0,40.2326
0,86,62,0,0,40.232
0,87,62,0,0,40.2314
0,88,62,0,0,40.2306
0,89,62,0,0,40.2299
0,90,62,0,0,40.229
0,91,62,0,0,40.2281
0,92,62,0,0,40.2271
0,93,62,0,0,40.2262
0,94,62,0,0,40.2252
0,95,62,0,0,40.2244
0,96,62,0,0,40.2235
0,97,62,0,0,40.2228
0,98,62,0,0,40.222
0,99,62,0,0,40.2214
0,100,62,0,0,40.2208
0,101,62,0,0,40.2202
0,102,62,0,0,40.2198
0,103,62,0,0,40.2194
0,104,62,0,0,40.2192
0,105,62,0,0,40.219
0,106,62,0,0,40.2188
0,107,62,0,0,40.2187
0,108,62,0,0,40.2187
0,109,62,0,0,40.2187
0,110,62,0,0,40.2187
0,111,62,0,0,40.2187
0,112,62,0,0,40.2187
0,113,62,0,0,40.2186
0,114,62,0,0,40.2185
0,115,62,0,0,40.2182
0,116,62,0,0,40.2178
0,117,62,0,0,40.2174
0,118,62,0,0,40.2169
0,119,62,0,0,40.2164
0,120,62,0,0,40.2159
0,121,62,0,0,40.2154
0,122,62,0,0,40.215
0,123,62,0,0,40.2147
0,124,62,0,0,40.2143
0,125,62,0,0,40.214
0,126,62,0,0,40.2137
0,127,62,0,0,40.2135
0,0,63,0,7.15688e-05,40.3953
0,1,63,0,0,40.3879
0,2,63,0,0,40.3818
0,3,63,0,0,40.3765
0,4,63,0,0,40.3716
0,5,63,0,0,40.3671
0,6,63,0,0,40.3628
0,7,63,0,0,40.3587
0,8,63,0,0,40.3547
0,9,63,0,0,40.3509
0,10,63,0,0,40.3472
0,11,63,0,0,40.3436
0,12,63,0,0,40.3401
0,13,63,0,0,40.3367
0,14,63,0,0,40.3334
0,15,63,0,0,40.3302
0,16,63,0,0,40.3272
0,17,63,0,0,40.3242
0,18,63,0,0,40.3214
0,19,63,0,0,40.3187
0,20,63,0,0,40.3161
0,21,63,0,0,40.3136
0,22,63,0,0,40.3111
0,23,63,0,0,40.3087
0,24,63,0,0,40.3063
0,25,63,0,0,40.3039
0,26,63,0,0,40.3015
0,27,63,0,0,40.2991
0,28,63,0,0,40.2967
0,29,63,0,0,40.2943
0,30,63,0,0,40.2918
0,31,63,0,0,40.2894
0,32,63,0,0,40.287
0,33,63,0,0,40.2846
0,34,63,0,0,40.2822
0,35,63,0,0,40.2798
0,36,63,0,0,40.2775
0,37,63,0,0,40.2752
0,38,63,0,0,40.273
0,39,63,0,0,40.2709
0,40,63,0,0,40.2688
0,41,63,0,0,40.2668
0,42,63,0,0,40.2648
0,43,63,0,0,40.2629
0,44,63,0,0,40.2611
0,45,63,0,0,40.2593
0,46,63,0,0,40.2575
0,47,63,0,0,40.2559
0,48,63,0,0,40.2543
0,49,63,0,0,40.2527
0,50,63,0,0,40.2513
0,51,63,0,0,40.2499
0,52,63,0,0,40.2486
0,53,63,0,0,40.2473
0,54,63,0,0,40.2461
0,55,63,0,0,40.245
0,56,63,0,0,40.2439
0,57,63,0,0,40.2428
0,58,63,0,0,40.2418
0,59,63,0,0,40.2408
0,60,63,0,0,40.2398
0,61,63,0,0,40.2388
0,62,63,0,0,40.2378
0,63,63,0,0,40.2368
0,64,63,0,0,40.2358
0,65,63,0,0,40.2348
0,66,63,0,0,40.2338
0,67,63,0,0,40.2329
0,68,63,0,0,40.2319
0,69,63,0,0,40.231
0,70,63,0,0,40.2301
0,71,63,0,0,40.2292
0,72,63,0,0,40.2283
0,73,63,0,0,40.2275
0,74,63,0,0,40.2266
0,75,63,0,0,40.2258
0,76,63,0,0,40.2251
0,77,63,0,0,40.2244
0,78,63,0,0,40.2237
0,79,63,0,0,40.223
0,80,63,0,0,40.2224
0,81,63,0,0,40.2218
0,82,63,0,0,40.2211
0,83,63,0,0,40.2205
0,84,63,0,0,40.2199
0,85,63,0,0,40.2193
0,86,63,0,0,40.2187
0,87,63,0,0,40.2181
0,88,63,0,0,40.2174
0,89,63,0,0,40.2167
0,90,63,0,0,40.2159
0,91,63,0,0,40.2151
0,92,63,0,0,40.2142
0,93,63,0,0,40.2134
0,94,63,0,0,40.2126
0,95,63,0,0,40.2118
0,96,63,0,0,40.211
0,97,63,0,0,40.2103
0,98,63,0,0,40.2097
0,99,63,0,0,40.209
0,100,63,0,0,40.2085
0,101,63,0,0,40.208
0,102,63,0,0,40.2076
0,103,63,0,0,40.2072
0,104,63,0,0,40.207
0,105,63,0,0,40.2067
0,106,63,0,0,40.2066
0,107,63,0,0,40.2064
0,108,63,0,0,40.2064
0,109,63,0,0,40.2063
0,110,63,0,0,40.2062
0,111,63,0,0,40.2062
0,112,63,0,0,40.2061
0,113,63,0,0,40.206
0,114,63,0,0,40.2058
0,115,63,0,0,40.2056
0,116,63,0,0,40.2053
0,117,63,0,0,40.2049
0,118,63,0,0,40.2045
0,119,63,0,0,40.2041
0,120,63,0,0,40.2037
0,121,63,0,0,40.2033
0,122,63,0,0,40.2029
0,123,63,0,0,40.2026
0,124,63,0,0,40.2023
0,125,63,0,0,40.202
0,126,63,0,0,40.2018
0,127,63,0,0,40.2016
0,0,64,0,3.57844e-05,40.368
0,1,64,0,0,40.3629
0,2,64,0,0,40.3582
0,3,64,0,0,40.3538
0,4,64,0,0,40.3495
0,5,64,0,0,40.3455
0,6,64,0,0,40.3417
0,7,64,0,0,40.338
0,8,64,0,0,40.3344
0,9,64,0,0,40.3309
0,10,64,0,0,40.3275
0,11,64,0,0,40.3242
0,12,64,0,0,40.321
0,13,64,0,0,40.3178
0,14,64,0,0,40.3148
0,15,64,0,0,40.3118
0,16,64,0,0,40.309
0,17,64,0,0,40.3062
0,18,64,0,0,40.3036
0,19,64,0,0,40.301
0,20,64,0,0,40.2985
0,21,64,0,0,40.2961
0,22,64,0,0,40.2937
0,23,64,0,0,40.2914
0,24,64,0,0,40.2891
0,25,64,0,0,40.2868
0,26,64,0,0,40.2845
0,27,64,0,0,40.2823
0,28,64,0,0,40.28
0,29,64,0,0,40.2777
0,30,64,0,0,40.2755
0,31,64,0,0,40.2732
0,32,64,0,0,40.2709
0,33,64,0,0,40.2687
0,34,64,0,0,40.2664
0,35,64,0,0,40.2642
0,36,64,0,0,40.2621
0,37,64,0,0,40.26
0,38,64,0,0,40.2579
0,39,64,0,0,40.2559
0,40,64,0,0,40.254
0,41,64,0,0,40.2521
0,42,64,0,0,40.2502
0,43,64,0,0,40.2484
0,44,64,0,0,40.2467
0,45,64,0,0,40.245
0,46,64,0,0,40.2434
0,47,64,0,0,40.2418
0,48,64,0,0,40.2403
0,49,64,0,0,40.2388
0,50,64,0,0,40.2374
0,51,64,0,0,40.2361
0,52,64,0,0,40.2348
0,53,64,0,0,40.2336
0,54,64,0,0,40.2325
0,55,64,0,0,40.2314
0,56,64,0,0,40.2303
0,57,64,0,0,40.2293
0,58,64,0,0,40.2283
0,59,64,0,0,40.2273
0,60,64,0,0,40.2263
0,61,64,0,0,40.2254
0,62,64,0,0,40.2244
0,63,64,0,0,40.2235
0,64,64,0,0,40.2225
0,65,64,0,0,40.2216
0,66,64,0,0,40.2207
0,67,64,0,0,40.2198
0,68,64,0,0,40.2189
0,69,64,0,0,40.218
0,70,64,0,0,40.2172
0,71,64,0,0,40.2163
0,72,64,0,0,40.2155
0,73,64,0,0,40.2147
0,74,64,0,0,40.2139
0,75,64,0,0,40.2132
0,76,64,0,0,40.2125
0,77,64,0,0,40.2118
0,78,64,0,0,40.2111
0,79,64,0,0,40.2105
0,80,64,0,0,40.2098
0,81,64,0,0,40.2092
0,82,64,0,0,40.2086
0,83,64,0,0,40.208
0,84,64,0,0,40.2075
0,85,64,0,0,40.2069
0,86,64,0,0,40.2063
0,87,64,0,0,40.2056
0,88,64,0,0,40.205
0,89,64,0,0,40.2043
0,90,64,0,0,40.2036
0,91,64,0,0,40.2029
0,92,64,0,0,40.2021
0,93,64,0,0,40.2014
0,94,64,0,0,40.2006
0,95,64,0,0,40.1999
0,96,64,0,0,40.1992
0,97,64,0,0,40.1986
0,98,64,0,0,40.198
0,99,64,0,0,40.1974
0,100,64,0,0,40.1969
0,101,64,0,0,40.1965
0,102,64,0,0,40.1961
0,103,64,0,0,40.1957
0,104,64,0,0,40.1954
0,105,64,0,0,40.1952
0,106,64,0,0,40.195
0,107,64,0,0,40.1949
0,108,64,0,0,40.1947
0,109,64,0,0,40.1946
0,110,64,0,0,40.1946
0,111,64,0,0,40.1945
0,112,64,0,0,40.1944
0,113,64,0,0,40.1942
0,114,64,0,0,40.194
0,115,64,0,0,40.1938
0,116,64,0,0,40.1935
0,117,64,0,0,40.1932
0,118,64,0,0,40.1929
0,119,64,0,0,40.1925
0,120,64,0,0,40.1922
0,121,64,0,0,40.1919
0,122,64,0,0,40.1916
0,123,64,0,0,40.1913
0,124,64,0,0,40.191
0,125,64,0,0,40.1908
0,126,64,0,0,40.1906
0,127,64,0,0,40.1905
0,0,65,0,0,40.3417
0,1,65,0,0,40.339
0,2,65,0,0,40.3356
0,3,65,0,0,40.3321
0,4,65,0,0,40.3286
0,5,65,0,0,40.3251
0,6,65,0,0,40.3217
0,7,65,0,0,40.3184
0,8,65,0,0,40.3152
0,9,65,0,0,40.312
0,10,65,0,0,40.3089
0,11,65,0,0,40.3058
0,12,65,0,0,40.3029
0,13,65,0,0,40.3
0,14,65,0,0,40.2971
0,15,65,0,0,40.2944
0,16,65,0,0,40.2918
0,17,65,0,0,40.2892
0,18,65,0,0,40.2867
0,19,65,0,0,40.2843
0,20,65,0,0,40.2819
0,21,65,0,0,40.2796
0,22,65,0,0,40.2774
0,23,65,0,0,40.2751
0,24,65,0,0,40.2729
0,25,65,0,0,40.2708
0,26,65,0,0,40.2686
0,27,65,0,0,40.2665
0,28,65,0,0,40.2643
0,29,65,0,0,40.2622
0,30,65,0,0,40.26
0,31,65,0,0,40.2579
0,32,65,0,0,40.2558
0,33,65,0,0,40.2537
0,34,65,0,0,40.2516
0,35,65,0,0,40.2496
0,36,65,0,0,40.2476
0,37,65,0,0,40.2456
0,38,65,0,0,40.2437
0,39,65,0,0,40.2418
0,40,65,0,0,40.2399
0,41,65,0,0,40.2382
0,42,65,0,0,40.2364
0,43,65,0,0,40.2347
0,44,65,0,0,40.2331
0,45,65,0,0,40.2315
0,46,65,0,0,40.23
0,47,65,0,0,40.2285
0,48,65,0,0,40.2271
0,49,65,0,0,40.2257
0,50,65,0,0,40.2244
0,51,65,0,0,40.2231
0,52,65,0,0,40.2219
0,53,65,0,0,40.2207
0,54,65,0,0,40.2196
0,55,65,0,0,40.2186
0,56,65,0,0,40.2175
0,57,65,0,0,40.2165
0,58,65,0,0,40.2156
0,59,65,0,0,40.2146
0,60,65,0,0,40.2137
0,61,65,0,0,40.2128
0,62,65,0,0,40.2119
0,63,65,0,0,40.211
0,64,65,0,0,40.2101
0,65,65,0,0,40.2092
0,66,65,0,0,40.2083
0,67,65,0,0,40.2075
0,68,65,0,0,40.2066
0,69,65,0,0,40.2058
0,70,65,0,0,40.205
0,71,65,0,0,40.2042
0,72,65,0,0,40.2034
0,73,65,0,0,40.2027
0,74,65,0,0,40.202
0,75,65,0,0,40.2012
0,76,65,0,0,40.2006
0,77,65,0,0,40.1999
0,78,65,0,0,40.1993
0,79,65,0,0,40.1986
0,80,65,0,0,40.198
0,81,65,0,0,40.1975
0,82,65,0,0,40.1969
0,83,65,0,0,40.1963
0,84,65,0,0,40.1957
0,85,65,0,0,40.1952
0,86,65,0,0,40.1946
0,87,65,0,0,40.194
0,88,65,0,0,40.1934
0,89,65,0,0,40.1927
0,90,65,0,0,40.1921
0,91,65,0,0,40.1914
0,92,65,0,0,40.1907
0,93,65,0,0,40.19
0,94,65,0,0,40.1894
0,95,65,0,0,40.1887
0,96,65,0,0,40.1881
0,97,65,0,0,40.1875
0,98,65,0,0,40.187
0,99,65,0,0,40.1865
0,100,65,0,0,40.186
0,101,65,0,0,40.1856
0,102,65,0,0,40.1852
0,103,65,0,0,40.1849
0,104,65,0,0,40.1846
0,105,65,0,0,40.1843
0,106,65,0,0,40.1841
0,107,65,0,0,40.184
0,108,65,0,0,40.1838
0,109,65,0,0,40.1837
0,110,65,0,0,40.1836
0,111,65,0,0,40.1835
0,112,65,0,0,40.1833
0,113,65,0,0,40.1832
0,114,65,0,0,40.183
0,115,65,0,0,40.1828
0,116,65,0,0,40.1825
0,117,65,0,0,40.1823
0,118,65,0,0,40.182
0,119,65,0,0,40.1817
0,120,65,0,0,40.1814
0,121,65,0,0,40.1811
0,122,65,0,0,40.1808
0,123,65,0,0,40.1806
0,124,65,0,0,40.1804
0,125,65,0,0,40.1802
0,126,65,0,0,40.18
0,127,65,0,0,40.1799
0,0,66,0,0,40.3187
0,1,66,0,0,40.3168
0,2,66,0,0,40.3144
0,3,66,0,0,40.3116
0,4,66,0,0,40.3087
0,5,66,0,0,40.3058
0,6,66,0,0,40.3028
0,7,66,0,0,40.2998
0,8,66,0,0,40.2969
0,9,66,0,0,40.2941
0,10,66,0,0,40.2912
0,11,66,0,0,40.2885
0,12,66,0,0,40.2858
0,13,66,0,0,40.2831
0,14,66,0,0,40.2805
0,15,66,0,0,40.2779
0,16,66,0,0,40.2755
0,17,66,0,0,40.2731
0,18,66,0,0,40.2707
0,19,66,0,0,40.2684
0,20,66,0,0,40.2662
0,21,66,0,0,40.264
0,22,66,0,0,40.2619
0,23,66,0,0,40.2598
0,24,66,0,0,40.2577
0,25,66,0,0,40.2556
0,26,66,0,0,40.2536
0,27,66,0,0,40.2516
0,28,66,0,0,40.2496
0,29,66,0,0,40.2475
0,30,66,0,0,40.2455
0,31,66,0,0,40.2435
0,32,66,0,0,40.2416
0,33,66,0,0,40.2396
0,34,66,0,0,40.2377
0,35,66,0,0,40.2357
0,36,66,0,0,40.2339
0,37,66,0,0,40.232
0,38,66,0,0,40.2302
0,39,66,0,0,40.2284
0,40,66,0,0,40.2267
0,41,66,0,0,40.225
0,42,66,0,0,40.2234
0,43,66,0,0,40.2218
0,44,66,0,0,40.2203
0,45,66,0,0,40.2188
0,46,66,0,0,40.2173
0,47,66,0,0,40.2159
0,48,66,0,0,40.2146
0,49,66,0,0,40.2133
0,50,66,0,0,40.212
0,51,66,0,0,40.2108
0,52,66,0,0,40.2097
0,53,66,0,0,40.2086
0,54,66,0,0,40.2075
0,55,66,0,0,40.2065
0,56,66,0,0,40.2055
0,57,66,0,0,40.2045
0,58,66,0,0,40.2036
0,59,66,0,0,40.2027
0,60,66,0,0,40.2018
0,61,66,0,0,40.2009
0,62,66,0,0,40.2001
0,63,66,0,0,40.1992
0,64,66,0,0,40.1984
0,65,66,0,0,40.1975
0,66,66,0,0,40.1967
0,67,66,0,0,40.1959
0,68,66,0,0,40.1951
0,69,66,0,0,40.1943
0,70,66,0,0,40.1936
0,71,66,0,0,40.1928
0,72,66,0,0,40.1921
0,73,66,0,0,40.1914
0,74,66,0,0,40.1907
0,75,66,0,0,40.19
0,76,66,0,0,40.1894
0,77,66,0,0,40.1887
0,78,66,0,0,40.1881
0,79,66,0,0,40.1875
0,80,66,0,0,40.1869
0,81,66,0,0,40.1864
0,82,66,0,0,40.1858
0,83,66,0,0,40.1853
0,84,66,0,0,40.1847
0,85,66,0,0,40.1842
0,86,66,0,0,40.1836
0,87,66,0,0,40.183
0,88,66,0,0,40.1824
0,89,66,0,0,40.1818
0,90,66,0,0,40.1812
0,91,66,0,0,40.1806
0,92,66,0,0,40.18
0,93,66,0,0,40.1794
0,94,66,0,0,40.1788
0,95,66,0,0,40.1782
0,96,66,0,0,40.1776
0,97,66,0,0,40.1771
0,98,66,0,0,40.1766
0,99,66,0,0,40.1761
0,100,66,0,0,40.1757
0,101,66,0,0,40.1753
0,102,66,0,0,40.1749
0,103,66,0,0,40.1746
0,104,66,0,0,40.1743
0,105,66,0,0,40.1741
0,106,66,0,0,40.1739
0,107,66,0,0,40.1737
0,108,66,0,0,40.1735
0,109,66,0,0,40.1734
0,110,66,0,0,40.1733
0,111,66,0,0,40.1731
0,112,66,0,0,40.173
0,113,66,0,0,40.1728
0,114,66,0,0,40.1726
0,115,66,0,0,40.1724
0,116,66,0,0,40.1722
0,117,66,0,0,40.172
0,118,66,0,0,40.1717
0,119,66,0,0,40.1715
0,120,66,0,0,40.1712
0,121,66,0,0,40.171
0,122,66,0,0,40.1707
0,123,66,0,0,40.1705
0,124,66,0,0,40.1703
0,125,66,0,0,40.1702
0,126,66,0,0,40.1701
0,127,66,0,0,40.17
0,0,67,0,0,40.2978
0,1,67,0,0,40.2965
0,2,67,0,0,40.2946
0,3,67,0,0,40.2924
0,4,67,0,0,40.29
0,5,67,0,0,40.2875
0,6,67,0,0,40.2849
0,7,67,0,0,40.2823
0,8,67,0,0,40.2797
0,9,67,0,0,40.2771
0,10,67,0,0,40.2746
0,11,67,0,0,40.2721
0,12,67,0,0,40.2696
0,13,67,0,0,40.2671
0,14,67,0,0,40.2647
0,15,67,0,0,40.2624
0,16,67,0,0,40.2601
0,17,67,0,0,40.2578
0,18,67,0,0,40.2556
0,19,67,0,0,40.2535
0,20,67,0,0,40.2514
0,21,67,0,0,40.2493
0,22,67,0,0,40.2473
0,23,67,0,0,40.2453
0,24,67,0,0,40.2434
0,25,67,0,0,40.2414
0,26,67,0,0,40.2395
0,27,67,0,0,40.2376
0,28,67,0,0,40.2357
0,29,67,0,0,40.2338
0,30,67,0,0,40.2319
0,31,67,0,0,40.23
0,32,67,0,0,40.2282
0,33,67,0,0,40.2263
0,34,67,0,0,40.2245
0,35,67,0,0,40.2227
0,36,67,0,0,40.221
0,37,67,0,0,40.2192
0,38,67,0,0,40.2175
0,39,67,0,0,40.2159
0,40,67,0,0,40.2143
0,41,67,0,0,40.2127
0,42,67,0,0,40.2111
0,43,67,0,0,40.2097
0,44,67,0,0,40.2082
0,45,67,0,0,40.2068
0,46,67,0,0,40.2054
0,47,67,0,0,40.2041
0,48,67,0,0,40.2028
0,49,67,0,0,40.2016
0,50,67,0,0,40.2004
0,51,67,0,0,40.1993
0,52,67,0,0,40.1982
0,53,67,0,0,40.1971
0,54,67,0,0,40.1961
0,55,67,0,0,40.1951
0,56,67,0,0,40.1942
0,57,67,0,0,40.1932
0,58,67,0,0,40.1923
0,59,67,0,0,40.1915
0,60,67,0,0,40.1906
0,61,67,0,0,40.1898
0,62,67,0,0,40.1889
0,63,67,0,0,40.1881
0,64,67,0,0,40.1873
0,65,67,0,0,40.1865
0,66,67,0,0,40.1858
0,67,67,0,0,40.185
0,68,67,0,0,40.1842
0,69,67,0,0,40.1835
0,70,67,0,0,40.1828
0,71,67,0,0,40.1821
0,72,67,0,0,40.1814
0,73,67,0,0,40.1807
0,74,67,0,0,40.1801
0,75,67,0,0,40.1794
0,76,67,0,0,40.1788
0,77,67,0,0,40.1782
0,78,67,0,0,40.1776
0,79,67,0,0,40.1771
0,80,67,0,0,40.1765
0,81,67,0,0,40.1759
0,82,67,0,0,40.1754
0,83,67,0,0,40.1749
0,84,67,0,0,40.1743
0,85,67,0,0,40.1738
0,86,67,0,0,40.1733
0,87,67,0,0,40.1727
0,88,67,0,0,40.1722
0,89,67,0,0,40.1716
0,90,67,0,0,40.1711
0,91,67,0,0,40.1705
0,92,67,0,0,40.1699
0,93,67,0,0,40.1694
0,94,67,0,0,40.1688
0,95,67,0,0,40.1683
0,96,67,0,0,40.1678
0,97,67,0,0,40.1673
0,98,67,0,0,40.1668
0,99,67,0,0,40.1664
0,100,67,0,0,40.166
0,101,67,0,0,40.1656
0,102,67,0,0,40.1653
0,103,67,0,0,40.165
0,104,67,0,0,40.1647
0,105,67,0,0,40.1644
0,106,67,0,0,40.1642
0,107,67,0,0,40.164
0,108,67,0,0,40.1639
0,109,67,0,0,40.1637
0,110,67,0,0,40.1635
0,111,67,0,0,40.1634
0,112,67,0,0,40.1632
0,113,67,0,0,40.1631
0,114,67,0,0,40.1629
0,115,67,0,0,40.1627
0,116,67,0,0,40.1625
0,117,67,0,0,40.1623
0,118,67,0,0,40.1621
0,119,67,0,0,40.1619
0,120,67,0,0,40.1616
0,121,67,0,0,40.1614
0,122,67,0,0,40.1612
0,123,67,0,0,40.1611
0,124,67,0,0,40.1609
0,125,67,0,0,40.1608
0,126,67,0,0,40.1607
0,127,67,0,0,40.1606
0,0,68,0,0,40.2787
0,1,68,0,0,40.2776
0,2,68,0,0,40.2762
0,3,68,0,0,40.2744
0,4,68,0,0,40.2724
0,5,68,0,0,40.2703
0,6,68,0,0,40.2681
0,7,68,0,0,40.2658
0,8,68,0,0,40.2635
0,9,68,0,0,40.2612
0,10,68,0,0,40.2589
0,11,68,0,0,40.2566
0,12,68,0,0,40.2543
0,13,68,0,0,40.252
0,14,68,0,0,40.2498
0,15,68,0,0,40.2477
0,16,68,0,0,40.2455
0,17,68,0,0,40.2434
0,18,68,0,0,40.2414
0,19,68,0,0,40.2394
0,20,68,0,0,40.2374
0,21,68,0,0,40.2355
0,22,68,0,0,40.2336
0,23,68,0,0,40.2317
0,24,68,0,0,40.2298
0,25,68,0,0,40.228
0,26,68,0,0,40.2262
0,27,68,0,0,40.2243
0,28,68,0,0,40.2226
0,29,68,0,0,40.2208
0,30,68,0,0,40.219
0,31,68,0,0,40.2172
0,32,68,0,0,40.2155
0,33,68,0,0,40.2138
0,34,68,0,0,40.2121
0,35,68,0,0,40.2104
0,36,68,0,0,40.2088
0,37,68,0,0,40.2071
0,38,68,0,0,40.2056
0,39,68,0,0,40.204
0,40,68,0,0,40.2025
0,41,68,0,0,40.201
0,42,68,0,0,40.1996
0,43,68,0,0,40.1982
0,44,68,0,0,40.1968
0,45,68,0,0,40.1955
0,46,68,0,0,40.1942
0,47,68,0,0,40.1929
0,48,68,0,0,40.1917
0,49,68,0,0,40.1906
0,50,68,0,0,40.1894
0,51,68,0,0,40.1884
0,52,68,0,0,40.1873
0,53,68,0,0,40.1863
0,54,68,0,0,40.1853
0,55,68,0,0,40.1844
0,56,68,0,0,40.1835
0,57,68,0,0,40.1826
0,58,68,0,0,40.1817
0,59,68,0,0,40.1809
0,60,68,0,0,40.1801
0,61,68,0,0,40.1793
0,62,68,0,0,40.1785
0,63,68,0,0,40.1777
0,64,68,0,0,40.1769
0,65,68,0,0,40.1762
0,66,68,0,0,40.1754
0,67,68,0,0,40.1747
0,68,68,0,0,40.174
0,69,68,0,0,40.1733
0,70,68,0,0,40.1726
0,71,68,0,0,40.172
0,72,68,0,0,40.1713
0,73,68,0,0,40.1707
0,74,68,0,0,40.1701
0,75,68,0,0,40.1695
0,76,68,0,0,40.1689
0,77,68,0,0,40.1683
0,78,68,0,0,40.1677
0,79,68,0,0,40.1672
0,80,68,0,0,40.1667
0,81,68,0,0,40.1661
0,82,68,0,0,40.1656
0,83,68,0,0,40.1651
0,84,68,0,0,40.1646
0,85,68,0,0,40.1641
0,86,68,0,0,40.1636
0,87,68,0,0,40.1631
0,88,68,0,0,40.1625
0,89,68,0,0,40.162
0,90,68,0,0,40.1615
0,91,68,0,0,40.161
0,92,68,0,0,40.1605
0,93,68,0,0,40.1599
0,94,68,0,0,40.1594
0,95,68,0,0,40.1589
0,96,68,0,0,40.1585
0,97,68,0,0,40.158
0,98,68,0,0,40.1576
0,99,68,0,0,40.1572
0,100,68,0,0,40.1568
0,101,68,0,0,40.1565
0,102,68,0,0,40.1561
0,103,68,0,0,40.1558
0,104,68,0,0,40.1556
0,105,68,0,0,40.1553
0,106,68,0,0,40.1551
0,107,68,0,0,40.1549
0,108,68,0,0,40.1547
0,109,68,0,0,40.1546
0,110,68,0,0,40.1544
0,111,68,0,0,40.1543
0,112,68,0,0,40.1541
0,113,68,0,0,40.1539
0,114,68,0,0,40.1538
0,115,68,0,0,40.1536
0,116,68,0,0,40.1534
0,117,68,0,0,40.1532
0,118,68,0,0,40.153
0,119,68,0,0,40.1528
0,120,68,0,0,40.1526
0,121,68,0,0,40.1525
0,122,68,0,0,40.1523
0,123,68,0,0,40.1521
0,124,68,0,0,40.152
0,125,68,0,0,40.1519
0,126,68,0,0,40.1518
0,127,68,0,0,40.1517
0,0,69,0,0,40.261
0,1,69,0,0,40.2602
0,2,69,0,0,40.259
0,3,69,0,0,40.2576
0,4,69,0,0,40.2559
0,5,69,0,0,40.2541
0,6,69,0,0,40.2522
0,7,69,0,0,40.2502
0,8,69,0,0,40.2481
0,9,69,0,0,40.2461
0,10,69,0,0,40.244
0,11,69,0,0,40.2419
0,12,69,0,0,40.2398
0,13,69,0,0,40.2378
0,14,69,0,0,40.2358
0,15,69,0,0,40.2337
0,16,69,0,0,40.2318
0,17,69,0,0,40.2298
0,18,69,0,0,40.2279
0,19,69,0,0,40.226
0,20,69,0,0,40.2242
0,21,69,0,0,40.2224
0,22,69,0,0,40.2206
0,23,69,0,0,40.2188
0,24,69,0,0,40.217
0,25,69,0,0,40.2153
0,26,69,0,0,40.2136
0,27,69,0,0,40.2119
0,28,69,0,0,40.2102
0,29,69,0,0,40.2085
0,30,69,0,0,40.2069
0,31,69,0,0,40.2052
0,32,69,0,0,40.2036
0,33,69,0,0,40.202
0,34,69,0,0,40.2004
0,35,69,0,0,40.1988
0,36,69,0,0,40.1973
0,37,69,0,0,40.1958
0,38,69,0,0,40.1943
0,39,69,0,0,40.1928
0,40,69,0,0,40.1914
0,41,69,0,0,40.19
0,42,69,0,0,40.1886
0,43,69,0,0,40.1873
0,44,69,0,0,40.186
0,45,69,0,0,40.1848
0,46,69,0,0,40.1836
0,47,69,0,0,40.1824
0,48,69,0,0,40.1812
0,49,69,0,0,40.1801
0,50,69,0,0,40.1791
0,51,69,0,0,40.178
0,52,69,0,0,40.1771
0,53,69,0,0,40.1761
0,54,69,0,0,40.1752
0,55,69,0,0,40.1743
0,56,69,0,0,40.1734
0,57,69,0,0,40.1725
0,58,69,0,0,40.1717
0,59,69,0,0,40.1709
0,60,69,0,0,40.1701
0,61,69,0,0,40.1694
0,62,69,0,0,40.1686
0,63,69,0,0,40.1679
0,64,69,0,0,40.1671
0,65,69,0,0,40.1664
0,66,69,0,0,40.1657
0,67,69,0,0,40.165
0,68,69,0,0,40.1644
0,69,69,0,0,40.1637
0,70,69,0,0,40.1631
0,71,69,0,0,40.1624
0,72,69,0,0,40.1618
0,73,69,0,0,40.1612
0,74,69,0,0,40.1606
0,75,69,0,0,40.1601
0,76,69,0,0,40.1595
0,77,69,0,0,40.1589
0,78,69,0,0,40.1584
0,79,69,0,0,40.1579
0,80,69,0,0,40.1574
0,81,69,0,0,40.1569
0,82,69,0,0,40.1564
0,83,69,0,0,40.1559
0,84,69,0,0,40.1554
0,85,69,0,0,40.1549
0,86,69,0,0,40.1544
0,87,69,0,0,40.1539
0,88,69,0,0,40.1535
0,89,69,0,0,40.153
0,90,69,0,0,40.1525
0,91,69,0,0,40.152
0,92,69,0,0,40.1515
0,93,69,0,0,40.1511
0,94,69,0,0,40.1506
0,95,69,0,0,40.1501
0,96,69,0,0,40.1497
0,97,69,0,0,40.1493
0,98,69,0,0,40.1489
0,99,69,0,0,40.1485
0,100,69,0,0,40.1481
0,101,69,0,0,40.1478
0,102,69,0,0,40.1475
0,103,69,0,0,40.1472
0,104,69,0,0,40.147
0,105,69,0,0,40.1467
0,106,69,0,0,40.1465
0,107,69,0,0,40.1463
0,108,69,0,0,40.1462
0,109,69,0,0,40.146
0,110,69,0,0,40.1458
0,111,69,0,0,40.1457
0,112,69,0,0,40.1455
0,113,69,0,0,40.1453
0,114,69,0,0,40.1452
0,115,69,0,0,40.145
0,116,69,0,0,40.1448
0,117,69,0,0,40.1447
0,118,69,0,0,40.1445
0,119,69,0,0,40.1443
0,120,69,0,0,40.1441
0,121,69,0,0,40.144
0,122,69,0,0,40.1438
0,123,69,0,0,40.1437
0,124,69,0,0,40.1436
0,125,69,0,0,40.1435
0,126,69,0,0,40.1434
0,127,69,0,0,40.1434
0,0,70,0,0,40.2447
0,1,70,0,0,40.244
0,2,70,0,0,40.2431
0,3,70,0,0,40.2419
0,4,70,0,0,40.2405
0,5,70,0,0,40.2389
0,6,70,0,0,40.2373
0,7,70,0,0,40.2355
0,8,70,0,0,40.2337
0,9,70,0,0,40.2318
0,10,70,0,0,40.23
0,11,70,0,0,40.2281
0,12,70,0,0,40.2262
0,13,70,0,0,40.2243
0,14,70,0,0,40.2225
0,15,70,0,0,40.2206
0,16,70,0,0,40.2188
0,17,70,0,0,40.217
0,18,70,0,0,40.2152
0,19,70,0,0,40.2134
0,20,70,0,0,40.2117
0,21,70,0,0,40.21
0,22,70,0,0,40.2083
0,23,70,0,0,40.2066
0,24,70,0,0,40.205
0,25,70,0,0,40.2034
0,26,70,0,0,40.2017
0,27,70,0,0,40.2001
0,28,70,0,0,40.1985
0,29,70,0,0,40.197
0,30,70,0,0,40.1954
0,31,70,0,0,40.1939
0,32,70,0,0,40.1923
0,33,70,0,0,40.1908
0,34,70,0,0,40.1893
0,35,70,0,0,40.1879
0,36,70,0,0,40.1864
0,37,70,0,0,40.185
0,38,70,0,0,40.1836
0,39,70,0,0,40.1822
0,40,70,0,0,40.1809
0,41,70,0,0,40.1796
0,42,70,0,0,40.1783
0,43,70,0,0,40.1771
0,44,70,0,0,40.1759
0,45,70,0,0,40.1747
0,46,70,0,0,40.1735
0,47,70,0,0,40.1724
0,48,70,0,0,40.1713
0,49,70,0,0,40.1703
0,50,70,0,0,40.1693
0,51,70,0,0,40.1683
0,52,70,0,0,40.1674
0,53,70,0,0,40.1665
0,54,70,0,0,40.1656
0,55,70,0,0,40.1647
0,56,70,0,0,40.1639
0,57,70,0,0,40.1631
0,58,70,0,0,40.1623
0,59,70,0,0,40.1615
0,60,70,0,0,40.1608
0,61,70,0,0,40.16
0,62,70,0,0,40.1593
0,63,70,0,0,40.1586
0,64,70,0,0,40.1579
0,65,70,0,0,40.1572
0,66,70,0,0,40.1566
0,67,70,0,0,40.1559
0,68,70,0,0,40.1553
0,69,70,0,0,40.1547
0,70,70,0,0,40.1541
0,71,70,0,0,40.1535
0,72,70,0,0,40.1529
0,73,70,0,0,40.1523
0,74,70,0,0,40.1517
0,75,70,0,0,40.1512
0,76,70,0,0,40.1507
0,77,70,0,0,40.1501
0,78,70,0,0,40.1496
0,79,70,0,0,40.1491
0,80,70,0,0,40.1486
0,81,70,0,0,40.1482
0,82,70,0,0,40.1477
0,83,70,0,0,40.1472
0,84,70,0,0,40.1468
0,85,70,0,0,40.1463
0,86,70,0,0,40.1458
0,87,70,0,0,40.1454
0,88,70,0,0,40.1449
0,89,70,0,0,40.1445
0,90,70,0,0,40.144
0,91,70,0,0,40.1436
0,92,70,0,0,40.1431
0,93,70,0,0,40.1427
0,94,70,0,0,40.1422
0,95,70,0,0,40.1418
0,96,70,0,0,40.1414
0,97,70,0,0,40.141
0,98,70,0,0,40.1407
0,99,70,0,0,40.1403
0,100,70,0,0,40.14
0,101,70,0,0,40.1397
0,102,70,0,0,40.1394
0,103,70,0,0,40.1391
0,104,70,0,0,40.1389
0,105,70,0,0,40.1386
0,106,70,0,0,40.1384
0,107,70,0,0,40.1382
0,108,70,0,0,40.1381
0,109,70,0,0,40.1379
0,110,70,0,0,40.1377
0,111,70,0,0,40.1376
0,112,70,0,0,40.1374
0,113,70,0,0,40.1372
0,114,70,0,0,40.1371
0,115,70,0,0,40.1369
0,116,70,0,0,40.1368
0,117,70,0,0,40.1366
0,118,70,0,0,40.1365
0,119,70,0,0,40.1363
0,120,70,0,0,40.1362
0,121,70,0,0,40.136
0,122,70,0,0,40.1359
0,123,70,0,0,40.1358
0,124,70,0,0,40.1357
0,125,70,0,0,40.1356
0,126,70,0,0,40.1355
0,127,70,0,0,40.1355
0,0,71,0,0,40.2296
0,1,71,0,0,40.229
0,2,71,0,0,40.2282
0,3,71,0,0,40.2272
0,4,71,0,0,40.226
0,5,71,0,0,40.2247
0,6,71,0,0,40.2232
0,7,71,0,0,40.2217
0,8,71,0,0,40.2201
0,9,71,0,0,40.2184
0,10,71,0,0,40.2167
0,11,71,0,0,40.215
0,12,71,0,0,40.2133
0,13,71,0,0,40.2116
0,14,71,0,0,40.2099
0,15,71,0,0,40.2082
0,16,71,0,0,40.2065
0,17,71,0,0,40.2048
0,18,71,0,0,40.2032
0,19,71,0,0,40.2015
0,20,71,0,0,40.1999
0,21,71,0,0,40.1983
0,22,71,0,0,40.1967
0,23,71,0,0,40.1952
0,24,71,0,0,40.1936
0,25,71,0,0,40.1921
0,26,71,0,0,40.1906
0,27,71,0,0,40.1891
0,28,71,0,0,40.1876
0,29,71,0,0,40.1861
0,30,71,0,0,40.1846
0,31,71,0,0,40.1832
0,32,71,0,0,40.1817
0,33,71,0,0,40.1803
0,34,71,0,0,40.1789
0,35,71,0,0,40.1775
0,36,71,0,0,40.1762
0,37,71,0,0,40.1748
0,38,71,0,0,40.1735
0,39,71,0,0,40.1723
0,40,71,0,0,40.171
0,41,71,0,0,40.1698
0,42,71,0,0,40.1686
0,43,71,0,0,40.1674
0,44,71,0,0,40.1663
0,45,71,0,0,40.1651
0,46,71,0,0,40.1641
0,47,71,0,0,40.163
0,48,71,0,0,40.162
0,49,71,0,0,40.161
0,50,71,0,0,40.1601
0,51,71,0,0,40.1591
0,52,71,0,0,40.1582
0,53,71,0,0,40.1574
0,54,71,0,0,40.1565
0,55,71,0,0,40.1557
0,56,71,0,0,40.1549
0,57,71,0,0,40.1541
0,58,71,0,0,40.1534
0,59,71,0,0,40.1526
0,60,71,0,0,40.1519
0,61,71,0,0,40.1512
0,62,71,0,0,40.1505
0,63,71,0,0,40.1499
0,64,71,0,0,40.1492
0,65,71,0,0,40.1486
0,66,71,0,0,40.1479
0,67,71,0,0,40.1473
0,68,71,0,0,40.1467
0,69,71,0,0,40.1461
0,70,71,0,0,40.1456
0,71,71,0,0,40.145
0,72,71,0,0,40.1444
0,73,71,0,0,40.1439
0,74,71,0,0,40.1434
0,75,71,0,0,40.1428
0,76,71,0,0,40.1423
0,77,71,0,0,40.1418
0,78,71,0,0,40.1414
0,79,71,0,0,40.1409
0,80,71,0,0,40.1404
0,81,71,0,0,40.14
0,82,71,0,0,40.1395
0,83,71,0,0,40.1391
0,84,71,0,0,40.1386
0,85,71,0,0,40.1382
0,86,71,0,0,40.1377
0,87,71,0,0,40.1373
0,88,71,0,0,40.1369
0,89,71,0,0,40.1364
0,90,71,0,0,40.136
0,91,71,0,0,40.1356
0,92,71,0,0,40.1352
0,93,71,0,0,40.1348
0,94,71,0,0,40.1344
0,95,71,0,0,40.134
0,96,71,0,0,40.1336
0,97,71,0,0,40.1333
0,98,71,0,0,40.1329
0,99,71,0,0,40.1326
0,100,71,0,0,40.1323
0,101,71,0,0,40.132
0,102,71,0,0,40.1317
0,103,71,0,0,40.1315
0,104,71,0,0,40.1312
0,105,71,0,0,40.131
0,106,71,0,0,40.1308
0,107,71,0,0,40.1306
0,108,71,0,0,40.1304
0,109,71,0,0,40.1302
0,110,71,0,0,40.1301
0,111,71,0,0,40.1299
0,112,71,0,0,40.1298
0,113,71,0,0,40.1296
0,114,71,0,0,40.1295
0,115,71,0,0,40.1293
0,116,71,0,0,40.1292
0,117,71,0,0,40.129
0,118,71,0,0,40.1289
0,119,71,0,0,40.1288
0,120,71,0,0,40.1286
0,121,71,0,0,40.1285
0,122,71,0,0,40.1284
0,123,71,0,0,40.1283
0,124,71,0,0,40.1282
0,125,71,0,0,40.1281
0,126,71,0,0,40.1281
0,127,71,0,0,40.128
0,0,72,0,0,40.2155
0,1,72,0,0,40.215
0,2,72,0,0,40.2143
0,3,72,0,0,40.2135
0,4,72,0,0,40.2125
0,5,72,0,0,40.2113
0,6,72,0,0,40.21
0,7,72,0,0,40.2087
0,8,72,0,0,40.2073
0,9,72,0,0,40.2058
0,10,72,0,0,40.2043
0,11,72,0,0,40.2027
0,12,72,0,0,40.2012
0,13,72,0,0,40.1996
0,14,72,0,0,40.198
0,15,72,0,0,40.1965
0,16,72,0,0,40.1949
0,17,72,0,0,40.1933
0,18,72,0,0,40.1918
0,19,72,0,0,40.1903
0,20,72,0,0,40.1888
0,21,72,0,0,40.1873
0,22,72,0,0,40.1858
0,23,72,0,0,40.1843
0,24,72,0,0,40.1829
0,25,72,0,0,40.1814
0,26,72,0,0,40.18
0,27,72,0,0,40.1786
0,28,72,0,0,40.1772
0,29,72,0,0,40.1758
0,30,72,0,0,40.1744
0,31,72,0,0,40.1731
0,32,72,0,0,40.1717
0,33,72,0,0,40.1704
0,34,72,0,0,40.1691
0,35,72,0,0,40.1678
0,36,72,0,0,40.1665
0,37,72,0,0,40.1653
0,38,72,0,0,40.164
0,39,72,0,0,40.1628
0,40,72,0,0,40.1616
0,41,72,0,0,40.1605
0,42,72,0,0,40.1594
0,43,72,0,0,40.1583
0,44,72,0,0,40.1572
0,45,72,0,0,40.1561
0,46,72,0,0,40.1551
0,47,72,0,0,40.1541
0,48,72,0,0,40.1532
0,49,72,0,0,40.1522
0,50,72,0,0,40.1513
0,51,72,0,0,40.1504
0,52,72,0,0,40.1496
0,53,72,0,0,40.1488
0,54,72,0,0,40.148
0,55,72,0,0,40.1472
0,56,72,0,0,40.1464
0,57,72,0,0,40.1457
0,58,72,0,0,40.145
0,59,72,0,0,40.1443
0,60,72,0,0,40.1436
0,61,72,0,0,40.1429
0,62,72,0,0,40.1423
0,63,72,0,0,40.1416
0,64,72,0,0,40.141
0,65,72,0,0,40.1404
0,66,72,0,0,40.1398
0,67,72,0,0,40.1392
0,68,72,0,0,40.1386
0,69,72,0,0,40.1381
0,70,72,0,0,40.1375
0,71,72,0,0,40.137
0,72,72,0,0,40.1365
0,73,72,0,0,40.136
0,74,72,0,0,40.1355
0,75,72,0,0,40.135
0,76,72,0,0,40.1345
0,77,72,0,0,40.134
0,78,72,0,0,40.1335
0,79,72,0,0,40.1331
0,80,72,0,0,40.1326
0,81,72,0,0,40.1322
0,82,72,0,0,40.1318
0,83,72,0,0,40.1314
0,84,72,0,0,40.1309
0,85,72,0,0,40.1305
0,86,72,0,0,40.1301
0,87,72,0,0,40.1297
0,88,72,0,0,40.1293
0,89,72,0,0,40.1289
0,90,72,0,0,40.1285
0,91,72,0,0,40.1281
0,92,72,0,0,40.1277
0,93,72,0,0,40.1273
0,94,72,0,0,40.127
0,95,72,0,0,40.1266
0,96,72,0,0,40.1263
0,97,72,0,0,40.1259
0,98,72,0,0,40.1256
0,99,72,0,0,40.1253
0,100,72,0,0,40.125
0,101,72,0,0,40.1247
0,102,72,0,0,40.1245
0,103,72,0,0,40.1242
0,104,72,0,0,40.124
0,105,72,0,0,40.1238
0,106,72,0,0,40.1236
0,107,72,0,0,40.1234
0,108,72,0,0,40.1232
0,109,72,0,0,40.1231
0,110,72,0,0,40.1229
0,111,72,0,0,40.1227
0,112,72,0,0,40.1226
0,113,72,0,0,40.1224
0,114,72,0,0,40.1223
0,115,72,0,0,40.1222
0,116,72,0,0,40.122
0,117,72,0,0,40.1219
0,118,72,0,0,40.1218
0,119,72,0,0,40.1216
0,120,72,0,0,40.1215
0,121,72,0,0,40.1214
0,122,72,0,0,40.1213
0,123,72,0,0,40.1212
0,124,72,0,0,40.1211
0,125,72,0,0,40.1211
0,126,72,0,0,40.121
0,127,72,0,0,40.121
0,0,73,0,0,40.2024
0,1,73,0,0,40.202
0,2,73,0,0,40.2014
0,3,73,0,0,40.2007
0,4,73,0,0,40.1998
0,5,73,0,0,40.1988
0,6,73,0,0,40.1977
0,7,73,0,0,40.1965
0,8,73,0,0,40.1952
0,9,73,0,0,40.1939
0,10,73,0,0,40.1925
0,11,73,0,0,40.1911
0,12,73,0,0,40.1897
0,13,73,0,0,40.1883
0,14,73,0,0,40.1868
0,15,73,0,0,40.1854
0,16,73,0,0,40.1839
0,17,73,0,0,40.1825
0,18,73,0,0,40.1811
0,19,73,0,0,40.1797
0,20,73,0,0,40.1782
0,21,73,0,0,40.1768
0,22,73,0,0,40.1755
0,23,73,0,0,40.1741
0,24,73,0,0,40.1727
0,25,73,0,0,40.1714
0,26,73,0,0,40.17
0,27,73,0,0,40.1687
0,28,73,0,0,40.1674
0,29,73,0,0,40.1661
0,30,73,0,0,40.1648
0,31,73,0,0,40.1635
0,32,73,0,0,40.1623
0,33,73,0,0,40.161
0,34,73,0,0,40.1598
0,35,73,0,0,40.1586
0,36,73,0,0,40.1574
0,37,73,0,0,40.1562
0,38,73,0,0,40.1551
0,39,73,0,0,40.1539
0,40,73,0,0,40.1528
0,41,73,0,0,40.1517
0,42,73,0,0,40.1507
0,43,73,0,0,40.1496
0,44,73,0,0,40.1486
0,45,73,0,0,40.1476
0,46,73,0,0,40.1467
0,47,73,0,0,40.1457
0,48,73,0,0,40.1448
0,49,73,0,0,40.1439
0,50,73,0,0,40.1431
0,51,73,0,0,40.1422
0,52,73,0,0,40.1414
0,53,73,0,0,40.1407
0,54,73,0,0,40.1399
0,55,73,0,0,40.1391
0,56,73,0,0,40.1384
0,57,73,0,0,40.1377
0,58,73,0,0,40.137
0,59,73,0,0,40.1364
0,60,73,0,0,40.1357
0,61,73,0,0,40.1351
0,62,73,0,0,40.1345
0,63,73,0,0,40.1339
0,64,73,0,0,40.1333
0,65,73,0,0,40.1327
0,66,73,0,0,40.1321
0,67,73,0,0,40.1316
0,68,73,0,0,40.131
0,69,73,0,0,40.1305
0,70,73,0,0,40.13
0,71,73,0,0,40.1295
0,72,73,0,0,40.129
0,73,73,0,0,40.1285
0,74,73,0,0,40.128
0,75,73,0,0,40.1275
0,76,73,0,0,40.1271
0,77,73,0,0,40.1266
0,78,73,0,0,40.1262
0,79,73,0,0,40.1257
0,80,73,0,0,40.1253
0,81,73,0,0,40.1249
0,82,73,0,0,40.1245
0,83,73,0,0,40.1241
0,84,73,0,0,40.1237
0,85,73,0,0,40.1233
0,86,73,0,0,40.1229
0,87,73,0,0,40.1225
0,88,73,0,0,40.1221
0,89,73,0,0,40.1218
0,90,73,0,0,40.1214
0,91,73,0,0,40.121
0,92,73,0,0,40.1207
0,93,73,0,0,40.1203
0,94,73,0,0,40.12
0,95,73,0,0,40.1196
0,96,73,0,0,40.1193
0,97,73,0,0,40.119
0,98,73,0,0,40.1187
0,99,73,0,0,40.1184
0,100,73,0,0,40.1181
0,101,73,0,0,40.1179
0,102,73,0,0,40.1176
0,103,73,0,0,40.1174
0,104,73,0,0,40.1172
0,105,73,0,0,40.117
0,106,73,0,0,40.1168
0,107,73,0,0,40.1166
0,108,73,0,0,40.1164
0,109,73,0,0,40.1163
0,110,73,0,0,40.1161
0,111,73,0,0,40.116
0,112,73,0,0,40.1158
0,113,73,0,0,40.1157
0,114,73,0,0,40.1155
0,115,73,0,0,40.1154
0,116,73,0,0,40.1153
0,117,73,0,0,40.1152
0,118,73,0,0,40.115
0,119,73,0,0,40.1149
0,120,73,0,0,40.1148
0,121,73,0,0,40.1147
0,122,73,0,0,40.1146
0,123,73,0,0,40.1145
0,124,73,0,0,40.1145
0,125,73,0,0,40.1144
0,126,73,0,0,40.1144
0,127,73,0,0,40.1143
0,0,74,0,0,40.1901
0,1,74,0,0,40.1898
0,2,74,0,0,40.1893
0,3,74,0,0,40.1886
0,4,74,0,0,40.1879
0,5,74,0,0,40.187
0,6,74,0,0,40.186
0,7,74,0,0,40.185
0,8,74,0,0,40.1838
0,9,74,0,0,40.1826
0,10,74,0,0,40.1814
0,11,74,0,0,40.1802
0,12,74,0,0,40.1789
0,13,74,0,0,40.1776
0,14,74,0,0,40.1762
0,15,74,0,0,40.1749
0,16,74,0,0,40.1736
0,17,74,0,0,40.1723
0,18,74,0,0,40.1709
0,19,74,0,0,40.1696
0,20,74,0,0,40.1683
0,21,74,0,0,40.167
0,22,74,0,0,40.1657
0,23,74,0,0,40.1644
0,24,74,0,0,40.1632
0,25,74,0,0,40.1619
0,26,74,0,0,40.1606
0,27,74,0,0,40.1594
0,28,74,0,0,40.1582
0,29,74,0,0,40.1569
0,30,74,0,0,40.1557
0,31,74,0,0,40.1545
0,32,74,0,0,40.1533
0,33,74,0,0,40.1522
0,34,74,0,0,40.151
0,35,74,0,0,40.1499
0,36,74,0,0,40.1488
0,37,74,0,0,40.1477
0,38,74,0,0,40.1466
0,39,74,0,0,40.1455
0,40,74,0,0,40.1445
0,41,74,0,0,40.1435
0,42,74,0,0,40.1425
0,43,74,0,0,40.1415
0,44,74,0,0,40.1405
0,45,74,0,0,40.1396
0,46,74,0,0,40.1387
0,47,74,0,0,40.1378
0,48,74,0,0,40.1369
0,49,74,0,0,40.1361
0,50,74,0,0,40.1353
0,51,74,0,0,40.1345
0,52,74,0,0,40.1337
0,53,74,0,0,40.133
0,54,74,0,0,40.1323
0,55,74,0,0,40.1316
0,56,74,0,0,40.1309
0,57,74,0,0,40.1302
0,58,74,0,0,40.1296
0,59,74,0,0,40.1289
0,60,74,0,0,40.1283
0,61,74,0,0,40.1277
0,62,74,0,0,40.1271
0,63,74,0,0,40.1265
0,64,74,0,0,40.126
0,65,74,0,0,40.1254
0,66,74,0,0,40.1249
0,67,74,0,0,40.1244
0,68,74,0,0,40.1238
0,69,74,0,0,40.1233
0,70,74,0,0,40.1228
0,71,74,0,0,40.1224
0,72,74,0,0,40.1219
0,73,74,0,0,40.1214
0,74,74,0,0,40.121
0,75,74,0,0,40.1205
0,76,74,0,0,40.1201
0,77,74,0,0,40.1197
0,78,74,0,0,40.1192
0,79,74,0,0,40.1188
0,80,74,0,0,40.1184
0,81,74,0,0,40.118
0,82,74,0,0,40.1176
0,83,74,0,0,40.1173
0,84,74,0,0,40.1169
0,85,74,0,0,40.1165
0,86,74,0,0,40.1161
0,87,74,0,0,40.1158
0,88,74,0,0,40.1154
0,89,74,0,0,40.1151
0,90,74,0,0,40.1147
0,91,74,0,0,40.1144
0,92,74,0,0,40.114
0,93,74,0,0,40.1137
0,94,74,0,0,40.1134
0,95,74,0,0,40.1131
0,96,74,0,0,40.1128
0,97,74,0,0,40.1125
0,98,74,0,0,40.1122
0,99,74,0,0,40.1119
0,100,74,0,0,40.1116
0,101,74,0,0,40.1114
0,102,74,0,0,40.1112
0,103,74,0,0,40.111
0,104,74,0,0,40.1107
0,105,74,0,0,40.1105
0,106,74,0,0,40.1104
0,107,74,0,0,40.1102
0,108,74,0,0,40.11
0,109,74,0,0,40.1099
0,110,74,0,0,40.1097
0,111,74,0,0,40.1096
0,112,74,0,0,40.1094
0,113,74,0,0,40.1093
0,114,74,0,0,40.1092
0,115,74,0,0,40.109
0,116,74,0,0,40.1089
0,117,74,0,0,40.1088
0,118,74,0,0,40.1087
0,119,74,0,0,40.1086
0,120,74,0,0,40.1085
0,121,74,0,0,40.1084
0,122,74,0,0,40.1083
0,123,74,0,0,40.1082
0,124,74,0,0,40.1082
0,125,74,0,0,40.1081
0,126,74,0,0,40.1081
0,127,74,0,0,40.1081
0,0,75,0,0,40.1787
0,1,75,0,0,40.1784
0,2,75,0,0,40.178
0,3,75,0,0,40.1774
0,4,75,0,0,40.1767
0,5,75,0,0,40.176
0,6,75,0,0,40.1751
0,7,75,0,0,40.1742
0,8,75,0,0,40.1731
0,9,75,0,0,40.1721
0,10,75,0,0,40.171
0,11,75,0,0,40.1698
0,12,75,0,0,40.1687
0,13,75,0,0,40.1675
0,14,75,0,0,40.1663
0,15,75,0,0,40.165
0,16,75,0,0,40.1638
0,17,75,0,0,40.1626
0,18,75,0,0,40.1614
0,19,75,0,0,40.1601
0,20,75,0,0,40.1589
0,21,75,0,0,40.1577
0,22,75,0,0,40.1565
0,23,75,0,0,40.1553
0,24,75,0,0,40.1541
0,25,75,0,0,40.1529
0,26,75,0,0,40.1518
0,27,75,0,0,40.1506
0,28,75,0,0,40.1494
0,29,75,0,0,40.1483
0,30,75,0,0,40.1472
0,31,75,0,0,40.146
0,32,75,0,0,40.1449
0,33,75,0,0,40.1438
0,34,75,0,0,40.1427
0,35,75,0,0,40.1417
0,36,75,0,0,40.1406
0,37,75,0,0,40.1396
0,38,75,0,0,40.1386
0,39,75,0,0,40.1376
0,40,75,0,0,40.1366
0,41,75,0,0,40.1356
0,42,75,0,0,40.1347
0,43,75,0,0,40.1338
0,44,75,0,0,40.1329
0,45,75,0,0,40.132
0,46,75,0,0,40.1311
0,47,75,0,0,40.1303
0,48,75,0,0,40.1295
0,49,75,0,0,40.1287
0,50,75,0,0,40.1279
0,51,75,0,0,40.1272
0,52,75,0,0,40.1265
0,53,75,0,0,40.1258
0,54,75,0,0,40.1251
0,55,75,0,0,40.1244
0,56,75,0,0,40.1237
0,57,75,0,0,40.1231
0,58,75,0,0,40.1225
0,59,75,0,0,40.1219
0,60,75,0,0,40.1213
0,61,75,0,0,40.1207
0,62,75,0,0,40.1202
0,63,75,0,0,40.1196
0,64,75,0,0,40.1191
0,65,75,0,0,40.1186
0,66,75,0,0,40.118
0,67,75,0,0,40.1175
0,68,75,0,0,40.1171
0,69,75,0,0,40.1166
0,70,75,0,0,40.1161
0,71,75,0,0,40.1156
0,72,75,0,0,40.1152
0,73,75,0,0,40.1148
0,74,75,0,0,40.1143
0,75,75,0,0,40.1139
0,76,75,0,0,40.1135
0,77,75,0,0,40.1131
0,78,75,0,0,40.1127
0,79,75,0,0,40.1123
0,80,75,0,0,40.1119
0,81,75,0,0,40.1115
0,82,75,0,0,40.1112
0,83,75,0,0,40.1108
0,84,75,0,0,40.1104
0,85,75,0,0,40.1101
0,86,75,0,0,40.1097
0,87,75,0,0,40.1094
0,88,75,0,0,40.1091
0,89,75,0,0,40.1087
0,90,75,0,0,40.1084
0,91,75,0,0,40.1081
0,92,75,0,0,40.1078
0,93,75,0,0,40.1074
0,94,75,0,0,40.1071
0,95,75,0,0,40.1068
0,96,75,0,0,40.1066
0,97,75,0,0,40.1063
0,98,75,0,0,40.106
0,99,75,0,0,40.1058
0,100,75,0,0,40.1055
0,101,75,0,0,40.1053
0,102,75,0,0,40.1051
0,103,75,0,0,40.1049
0,104,75,0,0,40.1047
0,105,75,0,0,40.1045
0,106,75,0,0,40.1043
0,107,75,0,0,40.1041
0,108,75,0,0,40.104
0,109,75,0,0,40.1038
0,110,75,0,0,40.1037
0,111,75,0,0,40.1035
0,112,75,0,0,40.1034
0,113,75,0,0,40.1033
0,114,75,0,0,40.1032
0,115,75,0,0,40.103
0,116,75,0,0,40.1029
0,117,75,0,0,40.1028
0,118,75,0,0,40.1027
0,119,75,0,0,40.1026
0,120,75,0,0,40.1025
0,121,75,0,0,40.1025
0,122,75,0,0,40.1024
0,123,75,0,0,40.1023
0,124,75,0,0,40.1023
0,125,75,0,0,40.1022
0,126,75,0,0,40.1022
0,127,75,0,0,40.1021
0,0,76,0,0,40.168
0,1,76,0,0,40.1677
0,2,76,0,0,40.1674
0,3,76,0,0,40.1669
0,4,76,0,0,40.1663
0,5,76,0,0,40.1656
0,6,76,0,0,40.1648
0,7,76,0,0,40.164
0,8,76,0,0,40.1631
0,9,76,0,0,40.1621
0,10,76,0,0,40.1611
0,11,76,0,0,40.1601
0,12,76,0,0,40.159
0,13,76,0,0,40.158
0,14,76,0,0,40.1568
0,15,76,0,0,40.1557
0,16,76,0,0,40.1546
0,17,76,0,0,40.1535
0,18,76,0,0,40.1523
0,19,76,0,0,40.1512
0,20,76,0,0,40.1501
0,21,76,0,0,40.1489
0,22,76,0,0,40.1478
0,23,76,0,0,40.1467
0,24,76,0,0,40.1456
0,25,76,0,0,40.1445
0,26,76,0,0,40.1434
0,27,76,0,0,40.1423
0,28,76,0,0,40.1412
0,29,76,0,0,40.1401
0,30,76,0,0,40.1391
0,31,76,0,0,40.138
0,32,76,0,0,40.137
0,33,76,0,0,40.1359
0,34,76,0,0,40.1349
0,35,76,0,0,40.1339
0,36,76,0,0,40.1329
0,37,76,0,0,40.132
0,38,76,0,0,40.131
0,39,76,0,0,40.1301
0,40,76,0,0,40.1291
0,41,76,0,0,40.1282
0,42,76,0,0,40.1274
0,43,76,0,0,40.1265
0,44,76,0,0,40.1256
0,45,76,0,0,40.1248
0,46,76,0,0,40.124
0,47,76,0,0,40.1232
0,48,76,0,0,40.1225
0,49,76,0,0,40.1217
0,50,76,0,0,40.121
0,51,76,0,0,40.1203
0,52,76,0,0,40.1196
0,53,76,0,0,40.1189
0,54,76,0,0,40.1183
0,55,76,0,0,40.1176
0,56,76,0,0,40.117
0,57,76,0,0,40.1164
0,58,76,0,0,40.1158
0,59,76,0,0,40.1152
0,60,76,0,0,40.1147
0,61,76,0,0,40.1141
0,62,76,0,0,40.1136
0,63,76,0,0,40.1131
0,64,76,0,0,40.1126
0,65,76,0,0,40.1121
0,66,76,0,0,40.1116
0,67,76,0,0,40.1111
0,68,76,0,0,40.1107
0,69,76,0,0,40.1102
0,70,76,0,0,40.1097
0,71,76,0,0,40.1093
0,72,76,0,0,40.1089
0,73,76,0,0,40.1085
0,74,76,0,0,40.1081
0,75,76,0,0,40.1077
0,76,76,0,0,40.1073
0,77,76,0,0,40.1069
0,78,76,0,0,40.1065
0,79,76,0,0,40.1061
0,80,76,0,0,40.1058
0,81,76,0,0,40.1054
0,82,76,0,0,40.1051
0,83,76,0,0,40.1047
0,84,76,0,0,40.1044
0,85,76,0,0,40.104
0,86,76,0,0,40.1037
0,87,76,0,0,40.1034
0,88,76,0,0,40.1031
0,89,76,0,0,40.1028
0,90,76,0,0,40.1024
0,91,76,0,0,40.1021
0,92,76,0,0,40.1018
0,93,76,0,0,40.1016
0,94,76,0,0,40.1013
0,95,76,0,0,40.101
0,96,76,0,0,40.1007
0,97,76,0,0,40.1005
0,98,76,0,0,40.1002
0,99,76,0,0,40.1
0,100,76,0,0,40.0998
0,101,76,0,0,40.0995
0,102,76,0,0,40.0993
0,103,76,0,0,40.0991
0,104,76,0,0,40.0989
0,105,76,0,0,40.0988
0,106,76,0,0,40.0986
0,107,76,0,0,40.0984
0,108,76,0,0,40.0983
0,109,76,0,0,40.0981
0,110,76,0,0,40.098
0,111,76,0,0,40.0979
0,112,76,0,0,40.0977
0,113,76,0,0,40.0976
0,114,76,0,0,40.0975
0,115,76,0,0,40.0974
0,116,76,0,0,40.0973
0,117,76,0,0,40.0972
0,118,76,0,0,40.0971
0,119,76,0,0,40.097
0,120,76,0,0,40.0969
0,121,76,0,0,40.0968
0,122,76,0,0,40.0968
0,123,76,0,0,40.0967
0,124,76,0,0,40.0967
0,125,76,0,0,40.0966
0,126,76,0,0,40.0966
0,127,76,0,0,40.0966
0,0,77,0,0,40.158
0,1,77,0,0,40.1578
0,2,77,0,0,40.1574
0,3,77,0,0,40.157
0,4,77,0,0,40.1565
0,5,77,0,0,40.1559
0,6,77,0,0,40.1552
0,7,77,0,0,40.1545
0,8,77,0,0,40.1536
0,9,77,0,0,40.1528
0,10,77,0,0,40.1519
0,11,77,0,0,40.1509
0,12,77,0,0,40.15
0,13,77,0,0,40.149
0,14,77,0,0,40.148
0,15,77,0,0,40.1469
0,16,77,0,0,40.1459
0,17,77,0,0,40.1449
0,18,77,0,0,40.1438
0,19,77,0,0,40.1427
0,20,77,0,0,40.1417
0,21,77,0,0,40.1406
0,22,77,0,0,40.1396
0,23,77,0,0,40.1385
0,24,77,0,0,40.1375
0,25,77,0,0,40.1365
0,26,77,0,0,40.1354
0,27,77,0,0,40.1344
0,28,77,0,0,40.1334
0,29,77,0,0,40.1324
0,30,77,0,0,40.1314
0,31,77,0,0,40.1304
0,32,77,0,0,40.1295
0,33,77,0,0,40.1285
0,34,77,0,0,40.1275
0,35,77,0,0,40.1266
0,36,77,0,0,40.1257
0,37,77,0,0,40.1248
0,38,77,0,0,40.1239
0,39,77,0,0,40.123
0,40,77,0,0,40.1221
0,41,77,0,0,40.1213
0,42,77,0,0,40.1204
0,43,77,0,0,40.1196
0,44,77,0,0,40.1188
0,45,77,0,0,40.118
0,46,77,0,0,40.1173
0,47,77,0,0,40.1165
0,48,77,0,0,40.1158
0,49,77,0,0,40.1151
0,50,77,0,0,40.1144
0,51,77,0,0,40.1137
0,52,77,0,0,40.1131
0,53,77,0,0,40.1125
0,54,77,0,0,40.1118
0,55,77,0,0,40.1112
0,56,77,0,0,40.1106
0,57,77,0,0,40.1101
0,58,77,0,0,40.1095
0,59,77,0,0,40.109
0,60,77,0,0,40.1084
0,61,77,0,0,40.1079
0,62,77,0,0,40.1074
0,63,77,0,0,40.1069
0,64,77,0,0,40.1064
0,65,77,0,0,40.106
0,66,77,0,0,40.1055
0,67,77,0,0,40.1051
0,68,77,0,0,40.1046
0,69,77,0,0,40.1042
0,70,77,0,0,40.1038
0,71,77,0,0,40.1033
0,72,77,0,0,40.1029
0,73,77,0,0,40.1025
0,74,77,0,0,40.1021
0,75,77,0,0,40.1018
0,76,77,0,0,40.1014
0,77,77,0,0,40.101
0,78,77,0,0,40.1007
0,79,77,0,0,40.1003
0,80,77,0,0,40.1
0,81,77,0,0,40.0996
0,82,77,0,0,40.0993
0,83,77,0,0,40.099
0,84,77,0,0,40.0986
0,85,77,0,0,40.0983
0,86,77,0,0,40.098
0,87,77,0,0,40.0977
0,88,77,0,0,40.0974
0,89,77,0,0,40.0971
0,90,77,0,0,40.0968
0,91,77,0,0,40.0965
0,92,77,0,0,40.0963
0,93,77,0,0,40.096
0,94,77,0,0,40.0957
0,95,77,0,0,40.0955
0,96,77,0,0,40.0952
0,97,77,0,0,40.095
0,98,77,0,0,40.0947
0,99,77,0,0,40.0945
0,100,77,0,0,40.0943
0,101,77,0,0,40.0941
0,102,77,0,0,40.0939
0,103,77,0,0,40.0937
0,104,77,0,0,40.0935
0,105,77,0,0,40.0934
0,106,77,0,0,40.0932
0,107,77,0,0,40.093
0,108,77,0,0,40.0929
0,109,77,0,0,40.0928
0,110,77,0,0,40.0926
0,111,77,0,0,40.0925
0,112,77,0,0,40.0924
0,113,77,0,0,40.0923
0,114,77,0,0,40.0922
0,115,77,0,0,40.092
0,116,77,0,0,40.0919
0,117,77,0,0,40.0919
0,118,77,0,0,40.0918
0,119,77,0,0,40.0917
0,120,77,0,0,40.0916
0,121,77,0,0,40.0915
0,122,77,0,0,40.0915
0,123,77,0,0,40.0914
0,124,77,0,0,40.0914
0,125,77,0,0,40.0913
0,126,77,0,0,40.0913
0,127,77,0,0,40.0913
0,0,78,0,0,40.1486
0,1,78,0,0,40.1484
0,2,78,0,0,40.1481
0,3,78,0,0,40.1478
0,4,78,0,0,40.1473
0,5,78,0,0,40.1468
0,6,78,0,0,40.1462
0,7,78,0,0,40.1455
0,8,78,0,0,40.1448
0,9,78,0,0,40.144
0,10,78,0,0,40.1432
0,11,78,0,0,40.1423
0,12,78,0,0,40.1414
0,13,78,0,0,40.1405
0,14,78,0,0,40.1396
0,15,78,0,0,40.1386
0,16,78,0,0,40.1377
0,17,78,0,0,40.1367
0,18,78,0,0,40.1358
0,19,78,0,0,40.1348
0,20,78,0,0,40.1338
0,21,78,0,0,40.1328
0,22,78,0,0,40.1318
0,23,78,0,0,40.1309
0,24,78,0,0,40.1299
0,25,78,0,0,40.1289
0,26,78,0,0,40.128
0,27,78,0,0,40.127
0,28,78,0,0,40.1261
0,29,78,0,0,40.1251
0,30,78,0,0,40.1242
0,31,78,0,0,40.1233
0,32,78,0,0,40.1224
0,33,78,0,0,40.1215
0,34,78,0,0,40.1206
0,35,78,0,0,40.1197
0,36,78,0,0,40.1188
0,37,78,0,0,40.118
0,38,78,0,0,40.1171
0,39,78,0,0,40.1163
0,40,78,0,0,40.1155
0,41,78,0,0,40.1147
0,42,78,0,0,40.1139
0,43,78,0,0,40.1131
0,44,78,0,0,40.1124
0,45,78,0,0,40.1116
0,46,78,0,0,40.1109
0,47,78,0,0,40.1102
0,48,78,0,0,40.1095
0,49,78,0,0,40.1089
0,50,78,0,0,40.1082
0,51,78,0,0,40.1076
0,52,78,0,0,40.107
0,53,78,0,0,40.1064
0,54,78,0,0,40.1058
0,55,78,0,0,40.1052
0,56,78,0,0,40.1046
0,57,78,0,0,40.1041
0,58,78,0,0,40.1036
0,59,78,0,0,40.1031
0,60,78,0,0,40.1025
0,61,78,0,0,40.1021
0,62,78,0,0,40.1016
0,63,78,0,0,40.1011
0,64,78,0,0,40.1006
0,65,78,0,0,40.1002
0,66,78,0,0,40.0998
0,67,78,0,0,40.0993
0,68,78,0,0,40.0989
0,69,78,0,0,40.0985
0,70,78,0,0,40.0981
0,71,78,0,0,40.0977
0,72,78,0,0,40.0973
0,73,78,0,0,40.0969
0,74,78,0,0,40.0966
0,75,78,0,0,40.0962
0,76,78,0,0,40.0958
0,77,78,0,0,40.0955
0,78,78,0,0,40.0952
0,79,78,0,0,40.0948
0,80,78,0,0,40.0945
0,81,78,0,0,40.0942
0,82,78,0,0,40.0939
0,83,78,0,0,40.0935
0,84,78,0,0,40.0932
0,85,78,0,0,40.0929
0,86,78,0,0,40.0927
0,87,78,0,0,40.0924
0,88,78,0,0,40.0921
0,89,78,0,0,40.0918
0,90,78,0,0,40.0915
0,91,78,0,0,40.0913
0,92,78,0,0,40.091
0,93,78,0,0,40.0907
0,94,78,0,0,40.0905
0,95,78,0,0,40.0902
0,96,78,0,0,40.09
0,97,78,0,0,40.0898
0,98,78,0,0,40.0896
0,99,78,0,0,40.0893
0,100,78,0,0,40.0891
0,101,78,0,0,40.089
0,102,78,0,0,40.0888
0,103,78,0,0,40.0886
0,104,78,0,0,40.0884
0,105,78,0,0,40.0883
0,106,78,0,0,40.0881
0,107,78,0,0,40.088
0,108,78,0,0,40.0878
0,109,78,0,0,40.0877
0,110,78,0,0,40.0876
0,111,78,0,0,40.0874
0,112,78,0,0,40.0873
0,113,78,0,0,40.0872
0,114,78,0,0,40.0871
0,115,78,0,0,40.087
0,116,78,0,0,40.0869
0,117,78,0,0,40.0868
0,118,78,0,0,40.0867
0,119,78,0,0,40.0867
0,120,78,0,0,40.0866
0,121,78,0,0,40.0865
0,122,78,0,0,40.0865
0,123,78,0,0,40.0864
0,124,78,0,0,40.0864
0,125,78,0,0,40.0863
0,126,78,0,0,40.0863
0,127,78,0,0,40.0863
0,0,79,0,0,40.1398
0,1,79,0,0,40.1397
0,2,79,0,0,40.1394
0,3,79,0,0,40.1391
0,4,79,0,0,40.1387
0,5,79,0,0,40.1382
0,6,79,0,0,40.1376
0,7,79,0,0,40.137
0,8,79,0,0,40.1364
0,9,79,0,0,40.1357
0,10,79,0,0,40.1349
0,11,79,0,0,40.1342
0,12,79,0,0,40.1334
0,13,79,0,0,40.1325
0,14,79,0,0,40.1317
0,15,79,0,0,40.1308
0,16,79,0,0,40.1299
0,17,79,0,0,40.129
0,18,79,0,0,40.1282
0,19,79,0,0,40.1272
0,20,79,0,0,40.1263
0,21,79,0,0,40.1254
0,22,79,0,0,40.1245
0,23,79,0,0,40.1236
0,24,79,0,0,40.1227
0,25,79,0,0,40.1218
0,26,79,0,0,40.1209
0,27,79,0,0,40.12
0,28,79,0,0,40.1191
0,29,79,0,0,40.1182
0,30,79,0,0,40.1174
0,31,79,0,0,40.1165
0,32,79,0,0,40.1157
0,33,79,0,0,40.1148
0,34,79,0,0,40.114
0,35,79,0,0,40.1131
0,36,79,0,0,40.1123
0,37,79,0,0,40.1115
0,38,79,0,0,40.1107
0,39,79,0,0,40.11
0,40,79,0,0,40.1092
0,41,79,0,0,40.1084
0,42,79,0,0,40.1077
0,43,79,0,0,40.107
0,44,79,0,0,40.1063
0,45,79,0,0,40.1056
0,46,79,0,0,40.1049
0,47,79,0,0,40.1042
0,48,79,0,0,40.1036
0,49,79,0,0,40.103
0,50,79,0,0,40.1023
0,51,79,0,0,40.1017
0,52,79,0,0,40.1012
0,53,79,0,0,40.1006
0,54,79,0,0,40.1
0,55,79,0,0,40.0995
0,56,79,0,0,40.099
0,57,79,0,0,40.0984
0,58,79,0,0,40.0979
0,59,79,0,0,40.0975
0,60,79,0,0,40.097
0,61,79,0,0,40.0965
0,62,79,0,0,40.0961
0,63,79,0,0,40.0956
0,64,79,0,0,40.0952
0,65,79,0,0,40.0947
0,66,79,0,0,40.0943
0,67,79,0,0,40.0939
0,68,79,0,0,40.0935
0,69,79,0,0,40.0931
0,70,79,0,0,40.0927
0,71,79,0,0,40.0924
0,72,79,0,0,40.092
0,73,79,0,0,40.0916
0,74,79,0,0,40.0913
0,75,79,0,0,40.091
0,76,79,0,0,40.0906
0,77,79,0,0,40.0903
0,78,79,0,0,40.09
0,79,79,0,0,40.0896
0,80,79,0,0,40.0893
0,81,79,0,0,40.089
0,82,79,0,0,40.0887
0,83,79,0,0,40.0884
0,84,79,0,0,40.0881
0,85,79,0,0,40.0879
0,86,79,0,0,40.0876
0,87,79,0,0,40.0873
0,88,79,0,0,40.087
0,89,79,0,0,40.0868
0,90,79,0,0,40.0865
0,91,79,0,0,40.0863
0,92,79,0,0,40.086
0,93,79,0,0,40.0858
0,94,79,0,0,40.0855
0,95,79,0,0,40.0853
0,96,79,0,0,40.0851
0,97,79,0,0,40.0849
0,98,79,0,0,40.0847
0,99,79,0,0,40.0845
0,100,79,0,0,40.0843
0,101,79,0,0,40.0841
0,102,79,0,0,40.0839
0,103,79,0,0,40.0838
0,104,79,0,0,40.0836
0,105,79,0,0,40.0834
0,106,79,0,0,40.0833
0,107,79,0,0,40.0832
0,108,79,0,0,40.083
0,109,79,0,0,40.0829
0,110,79,0,0,40.0828
0,111,79,0,0,40.0827
0,112,79,0,0,40.0825
0,113,79,0,0,40.0824
0,114,79,0,0,40.0823
0,115,79,0,0,40.0823
0,116,79,0,0,40.0822
0,117,79,0,0,40.0821
0,118,79,0,0,40.082
0,119,79,0,0,40.0819
0,120,79,0,0,40.0819
0,121,79,0,0,40.0818
0,122,79,0,0,40.0818
0,123,79,0,0,40.0817
0,124,79,0,0,40.0817
0,125,79,0,0,40.0816
0,126,79,0,0,40.0816
0,127,79,0,0,40.0816
0,0,80,0,0,40.1316
0,1,80,0,0,40.1315
0,2,80,0,0,40.1312
0,3,80,0,0,40.1309
0,4,80,0,0,40.1306
0,5,80,0,0,40.1301
0,6,80,0,0,40.1297
0,7,80,0,0,40.1291
0,8,80,0,0,40.1285
0,9,80,0,0,40.1279
0,10,80,0,0,40.1272
0,11,80,0,0,40.1265
0,12,80,0,0,40.1258
0,13,80,0,0,40.125
0,14,80,0,0,40.1242
0,15,80,0,0,40.1234
0,16,80,0,0,40.1226
0,17,80,0,0,40.1218
0,18,80,0,0,40.121
0,19,80,0,0,40.1201
0,20,80,0,0,40.1193
0,21,80,0,0,40.1185
0,22,80,0,0,40.1176
0,23,80,0,0,40.1168
0,24,80,0,0,40.1159
0,25,80,0,0,40.1151
0,26,80,0,0,40.1142
0,27,80,0,0,40.1134
0,28,80,0,0,40.1126
0,29,80,0,0,40.1117
0,30,80,0,0,40.1109
0,31,80,0,0,40.1101
0,32,80,0,0,40.1093
0,33,80,0,0,40.1085
0,34,80,0,0,40.1077
0,35,80,0,0,40.107
0,36,80,0,0,40.1062
0,37,80,0,0,40.1054
0,38,80,0,0,40.1047
0,39,80,0,0,40.104
0,40,80,0,0,40.1033
0,41,80,0,0,40.1025
0,42,80,0,0,40.1019
0,43,80,0,0,40.1012
0,44,80,0,0,40.1005
0,45,80,0,0,40.0999
0,46,80,0,0,40.0992
0,47,80,0,0,40.0986
0,48,80,0,0,40.098
0,49,80,0,0,40.0974
0,50,80,0,0,40.0968
0,51,80,0,0,40.0962
0,52,80,0,0,40.0957
0,53,80,0,0,40.0951
0,54,80,0,0,40.0946
0,55,80,0,0,40.0941
0,56,80,0,0,40.0936
0,57,80,0,0,40.0931
0,58,80,0,0,40.0926
0,59,80,0,0,40.0922
0,60,80,0,0,40.0917
0,61,80,0,0,40.0913
0,62,80,0,0,40.0908
0,63,80,0,0,40.0904
0,64,80,0,0,40.09
0,65,80,0,0,40.0896
0,66,80,0,0,40.0892
0,67,80,0,0,40.0888
0,68,80,0,0,40.0884
0,69,80,0,0,40.0881
0,70,80,0,0,40.0877
0,71,80,0,0,40.0873
0,72,80,0,0,40.087
0,73,80,0,0,40.0867
0,74,80,0,0,40.0863
0,75,80,0,0,40.086
0,76,80,0,0,40.0857
0,77,80,0,0,40.0854
0,78,80,0,0,40.0851
0,79,80,0,0,40.0848
0,80,80,0,0,40.0845
0,81,80,0,0,40.0842
0,82,80,0,0,40.0839
0,83,80,0,0,40.0836
0,84,80,0,0,40.0833
0,85,80,0,0,40.0831
0,86,80,0,0,40.0828
0,87,80,0,0,40.0825
0,88,80,0,0,40.0823
0,89,80,0,0,40.082
0,90,80,0,0,40.0818
0,91,80,0,0,40.0816
0,92,80,0,0,40.0813
0,93,80,0,0,40.0811
0,94,80,0,0,40.0809
0,95,80,0,0,40.0807
0,96,80,0,0,40.0805
0,97,80,0,0,40.0803
0,98,80,0,0,40.0801
0,99,80,0,0,40.0799
0,100,80,0,0,40.0797
0,101,80,0,0,40.0795
0,102,80,0,0,40.0793
0,103,80,0,0,40.0792
0,104,80,0,0,40.079
0,105,80,0,0,40.0789
0,106,80,0,0,40.0788
0,107,80,0,0,40.0786
0,108,80,0,0,40.0785
0,109,80,0,0,40.0784
0,110,80,0,0,40.0783
0,111,80,0,0,40.0781
0,112,80,0,0,40.078
0,113,80,0,0,40.0779
0,114,80,0,0,40.0779
0,115,80,0,0,40.0778
0,116,80,0,0,40.0777
0,117,80,0,0,40.0776
0,118,80,0,0,40.0775
0,119,80,0,0,40.0775
0,120,80,0,0,40.0774
0,121,80,0,0,40.0773
0,122,80,0,0,40.0773
0,123,80,0,0,40.0773
0,124,80,0,0,40.0772
0,125,80,0,0,40.0772
0,126,80,0,0,40.0772
0,127,80,0,0,40.0772
0,0,81,0,0,40.1239
0,1,81,0,0,40.1238
0,2,81,0,0,40.1236
0,3,81,0,0,40.1233
0,4,81,0,0,40.123
0,5,81,0,0,40.1226
0,6,81,0,0,40.1221
0,7,81,0,0,40.1217
0,8,81,0,0,40.1211
0,9,81,0,0,40.1205
0,10,81,0,0,40.1199
0,11,81,0,0,40.1193
0,12,81,0,0,40.1186
0,13,81,0,0,40.1179
0,14,81,0,0,40.1172
0,15,81,0,0,40.1165
0,16,81,0,0,40.1157
0,17,81,0,0,40.115
0,18,81,0,0,40.1142
0,19,81,0,0,40.1134
0,20,81,0,0,40.1127
0,21,81,0,0,40.1119
0,22,81,0,0,40.1111
0,23,81,0,0,40.1103
0,24,81,0,0,40.1095
0,25,81,0,0,40.1087
0,26,81,0,0,40.1079
0,27,81,0,0,40.1072
0,28,81,0,0,40.1064
0,29,81,0,0,40.1056
0,30,81,0,0,40.1048
0,31,81,0,0,40.1041
0,32,81,0,0,40.1033
0,33,81,0,0,40.1026
0,34,81,0,0,40.1019
0,35,81,0,0,40.1011
0,36,81,0,0,40.1004
0,37,81,0,0,40.0997
0,38,81,0,0,40.099
0,39,81,0,0,40.0983
0,40,81,0,0,40.0976
0,41,81,0,0,40.097
0,42,81,0,0,40.0963
0,43,81,0,0,40.0957
0,44,81,0,0,40.0951
0,45,81,0,0,40.0944
0,46,81,0,0,40.0938
0,47,81,0,0,40.0933
0,48,81,0,0,40.0927
0,49,81,0,0,40.0921
0,50,81,0,0,40.0916
0,51,81,0,0,40.091
0,52,81,0,0,40.0905
0,53,81,0,0,40.09
0,54,81,0,0,40.0895
0,55,81,0,0,40.089
0,56,81,0,0,40.0885
0,57,81,0,0,40.0881
0,58,81,0,0,40.0876
0,59,81,0,0,40.0872
0,60,81,0,0,40.0867
0,61,81,0,0,40.0863
0,62,81,0,0,40.0859
0,63,81,0,0,40.0855
0,64,81,0,0,40.0851
0,65,81,0,0,40.0847
0,66,81,0,0,40.0844
0,67,81,0,0,40.084
0,68,81,0,0,40.0836
0,69,81,0,0,40.0833
0,70,81,0,0,40.0829
0,71,81,0,0,40.0826
0,72,81,0,0,40.0823
0,73,81,0,0,40.0819
0,74,81,0,0,40.0816
0,75,81,0,0,40.0813
0,76,81,0,0,40.081
0,77,81,0,0,40.0807
0,78,81,0,0,40.0804
0,79,81,0,0,40.0801
0,80,81,0,0,40.0799
0,81,81,0,0,40.0796
0,82,81,0,0,40.0793
0,83,81,0,0,40.0791
0,84,81,0,0,40.0788
0,85,81,0,0,40.0785
0,86,81,0,0,40.0783
0,87,81,0,0,40.078
0,88,81,0,0,40.0778
0,89,81,0,0,40.0776
0,90,81,0,0,40.0773
0,91,81,0,0,40.0771
0,92,81,0,0,40.0769
0,93,81,0,0,40.0767
0,94,81,0,0,40.0765
0,95,81,0,0,40.0763
0,96,81,0,0,40.0761
0,97,81,0,0,40.0759
0,98,81,0,0,40.0757
0,99,81,0,0,40.0755
0,100,81,0,0,40.0754
0,101,81,0,0,40.0752
0,102,81,0,0,40.075
0,103,81,0,0,40.0749
0,104,81,0,0,40.0747
0,105,81,0,0,40.0746
0,106,81,0,0,40.0745
0,107,81,0,0,40.0743
0,108,81,0,0,40.0742
0,109,81,0,0,40.0741
0,110,81,0,0,40.074
0,111,81,0,0,40.0739
0,112,81,0,0,40.0738
0,113,81,0,0,40.0737
0,114,81,0,0,40.0736
0,115,81,0,0,40.0735
0,116,81,0,0,40.0735
0,117,81,0,0,40.0734
0,118,81,0,0,40.0733
0,119,81,0,0,40.0732
0,120,81,0,0,40.0732
0,121,81,0,0,40.0731
0,122,81,0,0,40.0731
0,123,81,0,0,40.0731
0,124,81,0,0,40.073
0,125,81,0,0,40.073
0,126,81,0,0,40.073
0,127,81,0,0,40.073
0,0,82,0,0,40.1167
0,1,82,0,0,40.1166
0,2,82,0,0,40.1164
0,3,82,0,0,40.1161
0,4,82,0,0,40.1158
0,5,82,0,0,40.1155
0,6,82,0,0,40.1151
0,7,82,0,0,40.1146
0,8,82,0,0,40.1142
0,9,82,0,0,40.1136
0,10,82,0,0,40.1131
0,11,82,0,0,40.1125
0,12,82,0,0,40.1119
0,13,82,0,0,40.1113
0,14,82,0,0,40.1106
0,15,82,0,0,40.1099
0,16,82,0,0,40.1092
0,17,82,0,0,40.1085
0,18,82,0,0,40.1078
0,19,82,0,0,40.1071
0,20,82,0,0,40.1064
0,21,82,0,0,40.1057
0,22,82,0,0,40.1049
0,23,82,0,0,40.1042
0,24,82,0,0,40.1035
0,25,82,0,0,40.1027
0,26,82,0,0,40.102
0,27,82,0,0,40.1013
0,28,82,0,0,40.1005
0,29,82,0,0,40.0998
0,30,82,0,0,40.0991
0,31,82,0,0,40.0984
0,32,82,0,0,40.0977
0,33,82,0,0,40.097
0,34,82,0,0,40.0963
0,35,82,0,0,40.0956
0,36,82,0,0,40.0949
0,37,82,0,0,40.0943
0,38,82,0,0,40.0936
0,39,82,0,0,40.093
0,40,82,0,0,40.0923
0,41,82,0,0,40.0917
0,42,82,0,0,40.0911
0,43,82,0,0,40.0905
0,44,82,0,0,40.0899
0,45,82,0,0,40.0893
0,46,82,0,0,40.0888
0,47,82,0,0,40.0882
0,48,82,0,0,40.0877
0,49,82,0,0,40.0871
0,50,82,0,0,40.0866
0,51,82,0,0,40.0861
0,52,82,0,0,40.0856
0,53,82,0,0,40.0851
0,54,82,0,0,40.0847
0,55,82,0,0,40.0842
0,56,82,0,0,40.0838
0,57,82,0,0,40.0833
0,58,82,0,0,40.0829
0,59,82,0,0,40.0825
0,60,82,0,0,40.0821
0,61,82,0,0,40.0817
0,62,82,0,0,40.0813
0,63,82,0,0,40.0809
0,64,82,0,0,40.0805
0,65,82,0,0,40.0801
0,66,82,0,0,40.0798
0,67,82,0,0,40.0794
0,68,82,0,0,40.0791
0,69,82,0,0,40.0788
0,70,82,0,0,40.0784
0,71,82,0,0,40.0781
0,72,82,0,0,40.0778
0,73,82,0,0,40.0775
0,74,82,0,0,40.0772
0,75,82,0,0,40.0769
0,76,82,0,0,40.0766
0,77,82,0,0,40.0763
0,78,82,0,0,40.0761
0,79,82,0,0,40.0758
0,80,82,0,0,40.0755
0,81,82,0,0,40.0753
0,82,82,0,0,40.075
0,83,82,0,0,40.0748
0,84,82,0,0,40.0745
0,85,82,0,0,40.0743
0,86,82,0,0,40.074
0,87,82,0,0,40.0738
0,88,82,0,0,40.0736
0,89,82,0,0,40.0734
0,90,82,0,0,40.0731
0,91,82,0,0,40.0729
0,92,82,0,0,40.0727
0,93,82,0,0,40.0725
0,94,82,0,0,40.0723
0,95,82,0,0,40.0721
0,96,82,0,0,40.0719
0,97,82,0,0,40.0718
0,98,82,0,0,40.0716
0,99,82,0,0,40.0714
0,100,82,0,0,40.0713
0,101,82,0,0,40.0711
0,102,82,0,0,40.071
0,103,82,0,0,40.0708
0,104,82,0,0,40.0707
0,105,82,0,0,40.0705
0,106,82,0,0,40.0704
0,107,82,0,0,40.0703
0,108,82,0,0,40.0702
0,109,82,0,0,40.0701
0,110,82,0,0,40.07
0,111,82,0,0,40.0699
0,112,82,0,0,40.0698
0,113,82,0,0,40.0697
0,114,82,0,0,40.0696
0,115,82,0,0,40.0695
0,116,82,0,0,40.0695
0,117,82,0,0,40.0694
0,118,82,0,0,40.0693
0,119,82,0,0,40.0693
0,120,82,0,0,40.0692
0,121,82,0,0,40.0692
0,122,82,0,0,40.0691
0,123,82,0,0,40.0691
0,124,82,0,0,40.0691
0,125,82,0,0,40.069
0,126,82,0,0,40.069
0,127,82,0,0,40.069
0,0,83,0,0,40.1099
0,1,83,0,0,40.1098
0,2,83,0,0,40.1096
0,3,83,0,0,40.1094
0,4,83,0,0,40.1091
0,5,83,0,0,40.1088
0,6,83,0,0,40.1085
0,7,83,0,0,40.1081
0,8,83,0,0,40.1076
0,9,83,0,0,40.1071
0,10,83,0,0,40.1066
0,11,83,0,0,40.1061
0,12,83,0,0,40.1055
0,13,83,0,0,40.105
0,14,83,0,0,40.1044
0,15,83,0,0,40.1037
0,16,83,0,0,40.1031
0,17,83,0,0,40.1025
0,18,83,0,0,40.1018
0,19,83,0,0,40.1011
0,20,83,0,0,40.1005
0,21,83,0,0,40.0998
0,22,83,0,0,40.0991
0,23,83,0,0,40.0984
0,24,83,0,0,40.0977
0,25,83,0,0,40.0971
0,26,83,0,0,40.0964
0,27,83,0,0,40.0957
0,28,83,0,0,40.095
0,29,83,0,0,40.0943
0,30,83,0,0,40.0937
0,31,83,0,0,40.093
0,32,83,0,0,40.0924
0,33,83,0,0,40.0917
0,34,83,0,0,40.0911
0,35,83,0,0,40.0904
0,36,83,0,0,40.0898
0,37,83,0,0,40.0892
0,38,83,0,0,40.0885
0,39,83,0,0,40.0879
0,40,83,0,0,40.0873
0,41,83,0,0,40.0868
0,42,83,0,0,40.0862
0,43,83,0,0,40.0856
0,44,83,0,0,40.0851
0,45,83,0,0,40.0845
0,46,83,0,0,40.084
0,47,83,0,0,40.0835
0,48,83,0,0,40.0829
0,49,83,0,0,40.0824
0,50,83,0,0,40.0819
0,51,83,0,0,40.0815
0,52,83,0,0,40.081
0,53,83,0,0,40.0805
0,54,83,0,0,40.0801
0,55,83,0,0,40.0797
0,56,83,0,0,40.0792
0,57,83,0,0,40.0788
0,58,83,0,0,40.0784
0,59,83,0,0,40.078
0,60,83,0,0,40.0776
0,61,83,0,0,40.0772
0,62,83,0,0,40.0769
0,63,83,0,0,40.0765
0,64,83,0,0,40.0762
0,65,83,0,0,40.0758
0,66,83,0,0,40.0755
0,67,83,0,0,40.0751
0,68,83,0,0,40.0748
0,69,83,0,0,40.0745
0,70,83,0,0,40.0742
0,71,83,0,0,40.0739
0,72,83,0,0,40.0736
0,73,83,0,0,40.0733
0,74,83,0,0,40.073
0,75,83,0,0,40.0727
0,76,83,0,0,40.0725
0,77,83,0,0,40.0722
0,78,83,0,0,40.0719
0,79,83,0,0,40.0717
0,80,83,0,0,40.0714
0,81,83,0,0,40.0712
0,82,83,0,0,40.0709
0,83,83,0,0,40.0707
0,84,83,0,0,40.0705
0,85,83,0,0,40.0702
0,86,83,0,0,40.07
0,87,83,0,0,40.0698
0,88,83,0,0,40.0696
0,89,83,0,0,40.0694
0,90,83,0,0,40.0692
0,91,83,0,0,40.069
0,92,83,0,0,40.0688
0,93,83,0,0,40.0686
0,94,83,0,0,40.0684
0,95,83,0,0,40.0682
0,96,83,0,0,40.068
0,97,83,0,0,40.0679
0,98,83,0,0,40.0677
0,99,83,0,0,40.0675
0,100,83,0,0,40.0674
0,101,83,0,0,40.0672
0,102,83,0,0,40.0671
0,103,83,0,0,40.067
0,104,83,0,0,40.0668
0,105,83,0,0,40.0667
0,106,83,0,0,40.0666
0,107,83,0,0,40.0665
0,108,83,0,0,40.0664
0,109,83,0,0,40.0663
0,110,83,0,0,40.0662
0,111,83,0,0,40.0661
0,112,83,0,0,40.066
0,113,83,0,0,40.0659
0,114,83,0,0,40.0658
0,115,83,0,0,40.0658
0,116,83,0,0,40.0657
0,117,83,0,0,40.0656
0,118,83,0,0,40.0656
0,119,83,0,0,40.0655
0,120,83,0,0,40.0655
0,121,83,0,0,40.0654
0,122,83,0,0,40.0654
0,123,83,0,0,40.0653
0,124,83,0,0,40.0653
0,125,83,0,0,40.0653
0,126,83,0,0,40.0653
0,127,83,0,0,40.0653
0,0,84,0,0,40.1035
0,1,84,0,0,40.1034
0,2,84,0,0,40.1033
0,3,84,0,0,40.1031
0,4,84,0,0,40.1028
0,5,84,0,0,40.1025
0,6,84,0,0,40.1022
0,7,84,0,0,40.1019
0,8,84,0,0,40.1015
0,9,84,0,0,40.101
0,10,84,0,0,40.1006
0,11,84,0,0,40.1001
0,12,84,0,0,40.0996
0,13,84,0,0,40.099
0,14,84,0,0,40.0985
0,15,84,0,0,40.0979
0,16,84,0,0,40.0973
0,17,84,0,0,40.0967
0,18,84,0,0,40.0961
0,19,84,0,0,40.0955
0,20,84,0,0,40.0949
0,21,84,0,0,40.0943
0,22,84,0,0,40.0936
0,23,84,0,0,40.093
0,24,84,0,0,40.0924
0,25,84,0,0,40.0917
0,26,84,0,0,40.0911
0,27,84,0,0,40.0904
0,28,84,0,0,40.0898
0,29,84,0,0,40.0892
0,30,84,0,0,40.0886
0,31,84,0,0,40.0879
0,32,84,0,0,40.0873
0,33,84,0,0,40.0867
0,34,84,0,0,40.0861
0,35,84,0,0,40.0855
0,36,84,0,0,40.0849
0,37,84,0,0,40.0843
0,38,84,0,0,40.0837
0,39,84,0,0,40.0832
0,40,84,0,0,40.0826
0,41,84,0,0,40.0821
0,42,84,0,0,40.0815
0,43,84,0,0,40.081
0,44,84,0,0,40.0805
0,45,84,0,0,40.0799
0,46,84,0,0,40.0794
0,47,84,0,0,40.079
0,48,84,0,0,40.0785
0,49,84,0,0,40.078
0,50,84,0,0,40.0775
0,51,84,0,0,40.0771
0,52,84,0,0,40.0766
0,53,84,0,0,40.0762
0,54,84,0,0,40.0758
0,55,84,0,0,40.0754
0,56,84,0,0,40.075
0,57,84,0,0,40.0746
0,58,84,0,0,40.0742
0,59,84,0,0,40.0738
0,60,84,0,0,40.0734
0,61,84,0,0,40.0731
0,62,84,0,0,40.0727
0,63,84,0,0,40.0724
0,64,84,0,0,40.072
0,65,84,0,0,40.0717
0,66,84,0,0,40.0714
0,67,84,0,0,40.0711
0,68,84,0,0,40.0708
0,69,84,0,0,40.0705
0,70,84,0,0,40.0702
0,71,84,0,0,40.0699
0,72,84,0,0,40.0696
0,73,84,0,0,40.0693
0,74,84,0,0,40.0691
0,75,84,0,0,40.0688
0,76,84,0,0,40.0685
0,77,84,0,0,40.0683
0,78,84,0,0,40.068
0,79,84,0,0,40.0678
0,80,84,0,0,40.0675
0,81,84,0,0,40.0673
0,82,84,0,0,40.0671
0,83,84,0,0,40.0669
0,84,84,0,0,40.0666
0,85,84,0,0,40.0664
0,86,84,0,0,40.0662
0,87,84,0,0,40.066
0,88,84,0,0,40.0658
0,89,84,0,0,40.0656
0,90,84,0,0,40.0654
0,91,84,0,0,40.0652
0,92,84,0,0,40.065
0,93,84,0,0,40.0649
0,94,84,0,0,40.0647
0,95,84,0,0,40.0645
0,96,84,0,0,40.0644
0,97,84,0,0,40.0642
0,98,84,0,0,40.064
0,99,84,0,0,40.0639
0,100,84,0,0,40.0637
0,101,84,0,0,40.0636
0,102,84,0,0,40.0635
0,103,84,0,0,40.0633
0,104,84,0,0,40.0632
0,105,84,0,0,40.0631
0,106,84,0,0,40.063
0,107,84,0,0,40.0629
0,108,84,0,0,40.0628
0,109,84,0,0,40.0627
0,110,84,0,0,40.0626
0,111,84,0,0,40.0625
0,112,84,0,0,40.0624
0,113,84,0,0,40.0623
0,114,84,0,0,40.0623
0,115,84,0,0,40.0622
0,116,84,0,0,40.0621
0,117,84,0,0,40.0621
0,118,84,0,0,40.062
0,119,84,0,0,40.062
0,120,84,0,0,40.0619
0,121,84,0,0,40.0619
0,122,84,0,0,40.0618
0,123,84,0,0,40.0618
0,124,84,0,0,40.0618
0,125,84,0,0,40.0618
0,126,84,0,0,40.0617
0,127,84,0,0,40.0617
0,0,85,0,0,40.0975
0,1,85,0,0,40.0974
0,2,85,0,0,40.0973
0,3,85,0,0,40.0971
0,4,85,0,0,40.0969
0,5,85,0,0,40.0967
0,6,85,0,0,40.0964
0,7,85,0,0,40.096
0,8,85,0,0,40.0957
0,9,85,0,0,40.0953
0,10,85,0,0,40.0949
0,11,85,0,0,40.0944
0,12,85,0,0,40.0939
0,13,85,0,0,40.0934
0,14,85,0,0,40.0929
0,15,85,0,0,40.0924
0,16,85,0,0,40.0919
0,17,85,0,0,40.0913
0,18,85,0,0,40.0908
0,19,85,0,0,40.0902
0,20,85,0,0,40.0896
0,21,85,0,0,40.089
0,22,85,0,0,40.0884
0,23,85,0,0,40.0879
0,24,85,0,0,40.0873
0,25,85,0,0,40.0867
0,26,85,0,0,40.0861
0,27,85,0,0,40.0855
0,28,85,0,0,40.0849
0,29,85,0,0,40.0843
0,30,85,0,0,40.0837
0,31,85,0,0,40.0831
0,32,85,0,0,40.0826
0,33,85,0,0,40.082
0,34,85,0,0,40.0814
0,35,85,0,0,40.0809
0,36,85,0,0,40.0803
0,37,85,0,0,40.0797
0,38,85,0,0,40.0792
0,39,85,0,0,40.0787
0,40,85,0,0,40.0781
0,41,85,0,0,40.0776
0,42,85,0,0,40.0771
0,43,85,0,0,40.0766
0,44,85,0,0,40.0761
0,45,85,0,0,40.0756
0,46,85,0,0,40.0752
0,47,85,0,0,40.0747
0,48,85,0,0,40.0742
0,49,85,0,0,40.0738
0,50,85,0,0,40.0734
0,51,85,0,0,40.0729
0,52,85,0,0,40.0725
0,53,85,0,0,40.0721
0,54,85,0,0,40.0717
0,55,85,0,0,40.0713
0,56,85,0,0,40.0709
0,57,85,0,0,40.0706
0,58,85,0,0,40.0702
0,59,85,0,0,40.0698
0,60,85,0,0,40.0695
0,61,85,0,0,40.0691
0,62,85,0,0,40.0688
0,63,85,0,0,40.0685
0,64,85,0,0,40.0682
0,65,85,0,0,40.0678
0,66,85,0,0,40.0675
0,67,85,0,0,40.0672
0,68,85,0,0,40.067
0,69,85,0,0,40.0667
0,70,85,0,0,40.0664
0,71,85,0,0,40.0661
0,72,85,0,0,40.0658
0,73,85,0,0,40.0656
0,74,85,0,0,40.0653
0,75,85,0,0,40.0651
0,76,85,0,0,40.0648
0,77,85,0,0,40.0646
0,78,85,0,0,40.0644
0,79,85,0,0,40.0641
0,80,85,0,0,40.0639
0,81,85,0,0,40.0637
0,82,85,0,0,40.0635
0,83,85,0,0,40.0632
0,84,85,0,0,40.063
0,85,85,0,0,40.0628
0,86,85,0,0,40.0626
0,87,85,0,0,40.0624
0,88,85,0,0,40.0622
0,89,85,0,0,40.0621
0,90,85,0,0,40.0619
0,91,85,0,0,40.0617
0,92,85,0,0,40.0615
0,93,85,0,0,40.0614
0,94,85,0,0,40.0612
0,95,85,0,0,40.061
0,96,85,0,0,40.0609
0,97,85,0,0,40.0607
0,98,85,0,0,40.0606
0,99,85,0,0,40.0604
0,100,85,0,0,40.0603
0,101,85,0,0,40.0602
0,102,85,0,0,40.06
0,103,85,0,0,40.0599
0,104,85,0,0,40.0598
0,105,85,0,0,40.0597
0,106,85,0,0,40.0596
0,107,85,0,0,40.0595
0,108,85,0,0,40.0594
0,109,85,0,0,40.0593
0,110,85,0,0,40.0592
0,111,85,0,0,40.0591
0,112,85,0,0,40.059
0,113,85,0,0,40.059
0,114,85,0,0,40.0589
0,115,85,0,0,40.0588
0,116,85,0,0,40.0588
0,117,85,0,0,40.0587
0,118,85,0,0,40.0587
0,119,85,0,0,40.0586
0,120,85,0,0,40.0586
0,121,85,0,0,40.0585
0,122,85,0,0,40.0585
0,123,85,0,0,40.0585
0,124,85,0,0,40.0584
0,125,85,0,0,40.0584
0,126,85,0,0,40.0584
0,127,85,0,0,40.0584
0,0,86,0,0,40.0919
0,1,86,0,0,40.0918
0,2,86,0,0,40.0917
0,3,86,0,0,40.0915
0,4,86,0,0,40.0913
0,5,86,0,0,40.0911
0,6,86,0,0,40.0908
0,7,86,0,0,40.0905
0,8,86,0,0,40.0902
0,9,86,0,0,40.0899
0,10,86,0,0,40.0895
0,11,86,0,0,40.0891
0,12,86,0,0,40.0886
0,13,86,0,0,40.0882
0,14,86,0,0,40.0877
0,15,86,0,0,40.0872
0,16,86,0,0,40.0867
0,17,86,0,0,40.0862
0,18,86,0,0,40.0857
0,19,86,0,0,40.0852
0,20,86,0,0,40.0846
0,21,86,0,0,40.0841
0,22,86,0,0,40.0836
0,23,86,0,0,40.083
0,24,86,0,0,40.0825
0,25,86,0,0,40.0819
0,26,86,0,0,40.0814
0,27,86,0,0,40.0808
0,28,86,0,0,40.0802
0,29,86,0,0,40.0797
0,30,86,0,0,40.0791
0,31,86,0,0,40.0786
0,32,86,0,0,40.0781
0,33,86,0,0,40.0775
0,34,86,0,0,40.077
0,35,86,0,0,40.0765
0,36,86,0,0,40.0759
0,37,86,0,0,40.0754
0,38,86,0,0,40.0749
0,39,86,0,0,40.0744
0,40,86,0,0,40.0739
0,41,86,0,0,40.0734
0,42,86,0,0,40.073
0,43,86,0,0,40.0725
0,44,86,0,0,40.072
0,45,86,0,0,40.0716
0,46,86,0,0,40.0711
0,47,86,0,0,40.0707
0,48,86,0,0,40.0702
0,49,86,0,0,40.0698
0,50,86,0,0,40.0694
0,51,86,0,0,40.069
0,52,86,0,0,40.0686
0,53,86,0,0,40.0682
0,54,86,0,0,40.0678
0,55,86,0,0,40.0675
0,56,86,0,0,40.0671
0,57,86,0,0,40.0668
0,58,86,0,0,40.0664
0,59,86,0,0,40.0661
0,60,86,0,0,40.0657
0,61,86,0,0,40.0654
0,62,86,0,0,40.0651
0,63,86,0,0,40.0648
0,64,86,0,0,40.0645
0,65,86,0,0,40.0642
0,66,86,0,0,40.0639
0,67,86,0,0,40.0636
0,68,86,0,0,40.0633
0,69,86,0,0,40.0631
0,70,86,0,0,40.0628
0,71,86,0,0,40.0626
0,72,86,0,0,40.0623
0,73,86,0,0,40.062
0,74,86,0,0,40.0618
0,75,86,0,0,40.0616
0,76,86,0,0,40.0613
0,77,86,0,0,40.0611
0,78,86,0,0,40.0609
0,79,86,0,0,40.0607
0,80,86,0,0,40.0604
0,81,86,0,0,40.0602
0,82,86,0,0,40.06
0,83,86,0,0,40.0598
0,84,86,0,0,40.0596
0,85,86,0,0,40.0594
0,86,86,0,0,40.0592
0,87,86,0,0,40.0591
0,88,86,0,0,40.0589
0,89,86,0,0,40.0587
0,90,86,0,0,40.0585
0,91,86,0,0,40.0584
0,92,86,0,0,40.0582
0,93,86,0,0,40.058
0,94,86,0,0,40.0579
0,95,86,0,0,40.0577
0,96,86,0,0,40.0576
0,97,86,0,0,40.0574
0,98,86,0,0,40.0573
0,99,86,0,0,40.0572
0,100,86,0,0,40.057
0,101,86,0,0,40.0569
0,102,86,0,0,40.0568
0,103,86,0,0,40.0567
0,104,86,0,0,40.0566
0,105,86,0,0,40.0565
0,106,86,0,0,40.0564
0,107,86,0,0,40.0563
0,108,86,0,0,40.0562
0,109,86,0,0,40.0561
0,110,86,0,0,40.056
0,111,86,0,0,40.0559
0,112,86,0,0,40.0559
0,113,86,0,0,40.0558
0,114,86,0,0,40.0557
0,115,86,0,0,40.0557
0,116,86,0,0,40.0556
0,117,86,0,0,40.0555
0,118,86,0,0,40.0555
0,119,86,0,0,40.0554
0,120,86,0,0,40.0554
0,121,86,0,0,40.0554
0,122,86,0,0,40.0553
0,123,86,0,0,40.0553
0,124,86,0,0,40.0553
0,125,86,0,0,40.0553
0,126,86,0,0,40.0553
0,127,86,0,0,40.0552
0,0,87,0,0,40.0866
0,1,87,0,0,40.0866
0,2,87,0,0,40.0864
0,3,87,0,0,40.0863
0,4,87,0,0,40.0861
0,5,87,0,0,40.0859
0,6,87,0,0,40.0857
0,7,87,0,0,40.0854
0,8,87,0,0,40.0851
0,9,87,0,0,40.0848
0,10,87,0,0,40.0844
0,11,87,0,0,40.084
0,12,87,0,0,40.0836
0,13,87,0,0,40.0832
0,14,87,0,0,40.0828
0,15,87,0,0,40.0824
0,16,87,0,0,40.0819
0,17,87,0,0,40.0814
0,18,87,0,0,40.0809
0,19,87,0,0,40.0805
0,20,87,0,0,40.08
0,21,87,0,0,40.0795
0,22,87,0,0,40.0789
0,23,87,0,0,40.0784
0,24,87,0,0,40.0779
0,25,87,0,0,40.0774
0,26,87,0,0,40.0769
0,27,87,0,0,40.0764
0,28,87,0,0,40.0759
0,29,87,0,0,40.0753
0,30,87,0,0,40.0748
0,31,87,0,0,40.0743
0,32,87,0,0,40.0738
0,33,87,0,0,40.0733
0,34,87,0,0,40.0728
0,35,87,0,0,40.0723
0,36,87,0,0,40.0718
0,37,87,0,0,40.0714
0,38,87,0,0,40.0709
0,39,87,0,0,40.0704
0,40,87,0,0,40.0699
0,41,87,0,0,40.0695
0,42,87,0,0,40.069
0,43,87,0,0,40.0686
0,44,87,0,0,40.0681
0,45,87,0,0,40.0677
0,46,87,0,0,40.0673
0,47,87,0,0,40.0669
0,48,87,0,0,40.0665
0,49,87,0,0,40.0661
0,50,87,0,0,40.0657
0,51,87,0,0,40.0653
0,52,87,0,0,40.0649
0,53,87,0,0,40.0646
0,54,87,0,0,40.0642
0,55,87,0,0,40.0639
0,56,87,0,0,40.0635
0,57,87,0,0,40.0632
0,58,87,0,0,40.0629
0,59,87,0,0,40.0625
0,60,87,0,0,40.0622
0,61,87,0,0,40.0619
0,62,87,0,0,40.0616
0,63,87,0,0,40.0613
0,64,87,0,0,40.061
0,65,87,0,0,40.0608
0,66,87,0,0,40.0605
0,67,87,0,0,40.0602
0,68,87,0,0,40.0599
0,69,87,0,0,40.0597
0,70,87,0,0,40.0594
0,71,87,0,0,40.0592
0,72,87,0,0,40.0589
0,73,87,0,0,40.0587
0,74,87,0,0,40.0585
0,75,87,0,0,40.0583
0,76,87,0,0,40.058
0,77,87,0,0,40.0578
0,78,87,0,0,40.0576
0,79,87,0,0,40.0574
0,80,87,0,0,40.0572
0,81,87,0,0,40.057
0,82,87,0,0,40.0568
0,83,87,0,0,40.0566
0,84,87,0,0,40.0564
0,85,87,0,0,40.0562
0,86,87,0,0,40.0561
0,87,87,0,0,40.0559
0,88,87,0,0,40.0557
0,89,87,0,0,40.0555
0,90,87,0,0,40.0554
0,91,87,0,0,40.0552
0,92,87,0,0,40.0551
0,93,87,0,0,40.0549
0,94,87,0,0,40.0548
0,95,87,0,0,40.0546
0,96,87,0,0,40.0545
0,97,87,0,0,40.0544
0,98,87,0,0,40.0542
0,99,87,0,0,40.0541
0,100,87,0,0,40.054
0,101,87,0,0,40.0539
0,102,87,0,0,40.0537
0,103,87,0,0,40.0536
0,104,87,0,0,40.0535
0,105,87,0,0,40.0534
0,106,87,0,0,40.0533
0,107,87,0,0,40.0532
0,108,87,0,0,40.0532
0,109,87,0,0,40.0531
0,110,87,0,0,40.053
0,111,87,0,0,40.0529
0,112,87,0,0,40.0528
0,113,87,0,0,40.0528
0,114,87,0,0,40.0527
0,115,87,0,0,40.0527
0,116,87,0,0,40.0526
0,117,87,0,0,40.0526
0,118,87,0,0,40.0525
0,119,87,0,0,40.0525
0,120,87,0,0,40.0524
0,121,87,0,0,40.0524
0,122,87,0,0,40.0524
0,123,87,0,0,40.0523
0,124,87,0,0,40.0523
0,125,87,0,0,40.0523
0,126,87,0,0,40.0523
0,127,87,0,0,40.0523
0,0,88,0,0,40.0817
0,1,88,0,0,40.0816
0,2,88,0,0,40.0815
0,3,88,0,0,40.0814
0,4,88,0,0,40.0812
0,5,88,0,0,40.081
0,6,88,0,0,40.0808
0,7,88,0,0,40.0805
0,8,88,0,0,40.0803
0,9,88,0,0,40.08
0,10,88,0,0,40.0796
0,11,88,0,0,40.0793
0,12,88,0,0,40.0789
0,13,88,0,0,40.0786
0,14,88,0,0,40.0782
0,15,88,0,0,40.0778
0,16,88,0,0,40.0773
0,17,88,0,0,40.0769
0,18,88,0,0,40.0765
0,19,88,0,0,40.076
0,20,88,0,0,40.0755
0,21,88,0,0,40.0751
0,22,88,0,0,40.0746
0,23,88,0,0,40.0741
0,24,88,0,0,40.0736
0,25,88,0,0,40.0732
0,26,88,0,0,40.0727
0,27,88,0,0,40.0722
0,28,88,0,0,40.0717
0,29,88,0,0,40.0712
0,30,88,0,0,40.0708
0,31,88,0,0,40.0703
0,32,88,0,0,40.0698
0,33,88,0,0,40.0693
0,34,88,0,0,40.0689
0,35,88,0,0,40.0684
0,36,88,0,0,40.068
0,37,88,0,0,40.0675
0,38,88,0,0,40.0671
0,39,88,0,0,40.0666
0,40,88,0,0,40.0662
0,41,88,0,0,40.0657
0,42,88,0,0,40.0653
0,43,88,0,0,40.0649
0,44,88,0,0,40.0645
0,45,88,0,0,40.0641
0,46,88,0,0,40.0637
0,47,88,0,0,40.0633
0,48,88,0,0,40.0629
0,49,88,0,0,40.0625
0,50,88,0,0,40.0622
0,51,88,0,0,40.0618
0,52,88,0,0,40.0615
0,53,88,0,0,40.0611
0,54,88,0,0,40.0608
0,55,88,0,0,40.0604
0,56,88,0,0,40.0601
0,57,88,0,0,40.0598
0,58,88,0,0,40.0595
0,59,88,0,0,40.0592
0,60,88,0,0,40.0589
0,61,88,0,0,40.0586
0,62,88,0,0,40.0583
0,63,88,0,0,40.058
0,64,88,0,0,40.0578
0,65,88,0,0,40.0575
0,66,88,0,0,40.0572
0,67,88,0,0,40.057
0,68,88,0,0,40.0567
0,69,88,0,0,40.0565
0,70,88,0,0,40.0562
0,71,88,0,0,40.056
0,72,88,0,0,40.0558
0,73,88,0,0,40.0556
0,74,88,0,0,40.0553
0,75,88,0,0,40.0551
0,76,88,0,0,40.0549
0,77,88,0,0,40.0547
0,78,88,0,0,40.0545
0,79,88,0,0,40.0543
0,80,88,0,0,40.0541
0,81,88,0,0,40.0539
0,82,88,0,0,40.0537
0,83,88,0,0,40.0536
0,84,88,0,0,40.0534
0,85,88,0,0,40.0532
0,86,88,0,0,40.053
0,87,88,0,0,40.0529
0,88,88,0,0,40.0527
0,89,88,0,0,40.0526
0,90,88,0,0,40.0524
0,91,88,0,0,40.0523
0,92,88,0,0,40.0521
0,93,88,0,0,40.052
0,94,88,0,0,40.0518
0,95,88,0,0,40.0517
0,96,88,0,0,40.0516
0,97,88,0,0,40.0514
0,98,88,0,0,40.0513
0,99,88,0,0,40.0512
0,100,88,0,0,40.0511
0,101,88,0,0,40.051
0,102,88,0,0,40.0509
0,103,88,0,0,40.0508
0,104,88,0,0,40.0507
0,105,88,0,0,40.0506
0,106,88,0,0,40.0505
0,107,88,0,0,40.0504
0,108,88,0,0,40.0503
0,109,88,0,0,40.0502
0,110,88,0,0,40.0501
0,111,88,0,0,40.0501
0,112,88,0,0,40.05
0,113,88,0,0,40.0499
0,114,88,0,0,40.0499
0,115,88,0,0,40.0498
0,116,88,0,0,40.0498
0,117,88,0,0,40.0497
0,118,88,0,0,40.0497
0,119,88,0,0,40.0496
0,120,88,0,0,40.0496
0,121,88,0,0,40.0496
0,122,88,0,0,40.0495
0,123,88,0,0,40.0495
0,124,88,0,0,40.0495
0,125,88,0,0,40.0495
0,126,88,0,0,40.0495
0,127,88,0,0,40.0495
0,0,89,0,0,40.077
0,1,89,0,0,40.077
0,2,89,0,0,40.0769
0,3,89,0,0,40.0767
0,4,89,0,0,40.0766
0,5,89,0,0,40.0764
0,6,89,0,0,40.0762
0,7,89,0,0,40.076
0,8,89,0,0,40.0757
0,9,89,0,0,40.0755
0,10,89,0,0,40.0752
0,11,89,0,0,40.0748
0,12,89,0,0,40.0745
0,13,89,0,0,40.0742
0,14,89,0,0,40.0738
0,15,89,0,0,40.0734
0,16,89,0,0,40.073
0,17,89,0,0,40.0726
0,18,89,0,0,40.0722
0,19,89,0,0,40.0718
0,20,89,0,0,40.0714
0,21,89,0,0,40.0709
0,22,89,0,0,40.0705
0,23,89,0,0,40.0701
0,24,89,0,0,40.0696
0,25,89,0,0,40.0692
0,26,89,0,0,40.0687
0,27,89,0,0,40.0683
0,28,89,0,0,40.0678
0,29,89,0,0,40.0674
0,30,89,0,0,40.0669
0,31,89,0,0,40.0665
0,32,89,0,0,40.066
0,33,89,0,0,40.0656
0,34,89,0,0,40.0652
0,35,89,0,0,40.0647
0,36,89,0,0,40.0643
0,37,89,0,0,40.0639
0,38,89,0,0,40.0634
0,39,89,0,0,40.063
0,40,89,0,0,40.0626
0,41,89,0,0,40.0622
0,42,89,0,0,40.0618
0,43,89,0,0,40.0614
0,44,89,0,0,40.061
0,45,89,0,0,40.0607
0,46,89,0,0,40.0603
0,47,89,0,0,40.0599
0,48,89,0,0,40.0595
0,49,89,0,0,40.0592
0,50,89,0,0,40.0588
0,51,89,0,0,40.0585
0,52,89,0,0,40.0582
0,53,89,0,0,40.0578
0,54,89,0,0,40.0575
0,55,89,0,0,40.0572
0,56,89,0,0,40.0569
0,57,89,0,0,40.0566
0,58,89,0,0,40.0563
0,59,89,0,0,40.056
0,60,89,0,0,40.0557
0,61,89,0,0,40.0555
0,62,89,0,0,40.0552
0,63,89,0,0,40.0549
0,64,89,0,0,40.0547
0,65,89,0,0,40.0544
0,66,89,0,0,40.0542
0,67,89,0,0,40.0539
0,68,89,0,0,40.0537
0,69,89,0,0,40.0535
0,70,89,0,0,40.0532
0,71,89,0,0,40.053
0,72,89,0,0,40.0528
0,73,89,0,0,40.0526
0,74,89,0,0,40.0524
0,75,89,0,0,40.0522
0,76,89,0,0,40.052
0,77,89,0,0,40.0518
0,78,89,0,0,40.0516
0,79,89,0,0,40.0514
0,80,89,0,0,40.0512
0,81,89,0,0,40.051
0,82,89,0,0,40.0509
0,83,89,0,0,40.0507
0,84,89,0,0,40.0505
0,85,89,0,0,40.0504
0,86,89,0,0,40.0502
0,87,89,0,0,40.05
0,88,89,0,0,40.0499
0,89,89,0,0,40.0497
0,90,89,0,0,40.0496
0,91,89,0,0,40.0495
0,92,89,0,0,40.0493
0,93,89,0,0,40.0492
0,94,89,0,0,40.049
0,95,89,0,0,40.0489
0,96,89,0,0,40.0488
0,97,89,0,0,40.0487
0,98,89,0,0,40.0486
0,99,89,0,0,40.0484
0,100,89,0,0,40.0483
0,101,89,0,0,40.0482
0,102,89,0,0,40.0481
0,103,89,0,0,40.048
0,104,89,0,0,40.0479
0,105,89,0,0,40.0479
0,106,89,0,0,40.0478
0,107,89,0,0,40.0477
0,108,89,0,0,40.0476
0,109,89,0,0,40.0475
0,110,89,0,0,40.0475
0,111,89,0,0,40.0474
0,112,89,0,0,40.0473
0,113,89,0,0,40.0473
0,114,89,0,0,40.0472
0,115,89,0,0,40.0472
0,116,89,0,0,40.0471
0,117,89,0,0,40.0471
0,118,89,0,0,40.047
0,119,89,0,0,40.047
0,120,89,0,0,40.0469
0,121,89,0,0,40.0469
0,122,89,0,0,40.0469
0,123,89,0,0,40.0469
0,124,89,0,0,40.0468
0,125,89,0,0,40.0468
0,126,89,0,0,40.0468
0,127,89,0,0,40.0468
0,0,90,0,0,40.0726
0,1,90,0,0,40.0726
0,2,90,0,0,40.0725
0,3,90,0,0,40.0724
0,4,90,0,0,40.0723
0,5,90,0,0,40.0721
0,6,90,0,0,40.0719
0,7,90,0,0,40.0717
0,8,90,0,0,40.0715
0,9,90,0,0,40.0712
0,10,90,0,0,40.0709
0,11,90,0,0,40.0707
0,12,90,0,0,40.0703
0,13,90,0,0,40.07
0,14,90,0,0,40.0697
0,15,90,0,0,40.0693
0,16,90,0,0,40.069
0,17,90,0,0,40.0686
0,18,90,0,0,40.0682
0,19,90,0,0,40.0678
0,20,90,0,0,40.0674
0,21,90,0,0,40.067
0,22,90,0,0,40.0666
0,23,90,0,0,40.0662
0,24,90,0,0,40.0658
0,25,90,0,0,40.0654
0,26,90,0,0,40.065
0,27,90,0,0,40.0646
0,28,90,0,0,40.0641
0,29,90,0,0,40.0637
0,30,90,0,0,40.0633
0,31,90,0,0,40.0629
0,32,90,0,0,40.0625
0,33,90,0,0,40.0621
0,34,90,0,0,40.0616
0,35,90,0,0,40.0612
0,36,90,0,0,40.0608
0,37,90,0,0,40.0604
0,38,90,0,0,40.06
0,39,90,0,0,40.0596
0,40,90,0,0,40.0593
0,41,90,0,0,40.0589
0,42,90,0,0,40.0585
0,43,90,0,0,40.0581
0,44,90,0,0,40.0578
0,45,90,0,0,40.0574
0,46,90,0,0,40.0571
0,47,90,0,0,40.0567
0,48,90,0,0,40.0564
0,49,90,0,0,40.056
0,50,90,0,0,40.0557
0,51,90,0,0,40.0554
0,52,90,0,0,40.0551
0,53,90,0,0,40.0548
0,54,90,0,0,40.0545
0,55,90,0,0,40.0542
0,56,90,0,0,40.0539
0,57,90,0,0,40.0536
0,58,90,0,0,40.0533
0,59,90,0,0,40.053
0,60,90,0,0,40.0528
0,61,90,0,0,40.0525
0,62,90,0,0,40.0523
0,63,90,0,0,40.052
0,64,90,0,0,40.0518
0,65,90,0,0,40.0515
0,66,90,0,0,40.0513
0,67,90,0,0,40.0511
0,68,90,0,0,40.0508
0,69,90,0,0,40.0506
0,70,90,0,0,40.0504
0,71,90,0,0,40.0502
0,72,90,0,0,40.05
0,73,90,0,0,40.0498
0,74,90,0,0,40.0496
0,75,90,0,0,40.0494
0,76,90,0,0,40.0492
0,77,90,0,0,40.049
0,78,90,0,0,40.0488
0,79,90,0,0,40.0487
0,80,90,0,0,40.0485
0,81,90,0,0,40.0483
0,82,90,0,0,40.0481
0,83,90,0,0,40.048
0,84,90,0,0,40.0478
0,85,90,0,0,40.0477
0,86,90,0,0,40.0475
0,87,90,0,0,40.0474
0,88,90,0,0,40.0472
0,89,90,0,0,40.0471
0,90,90,0,0,40.0469
0,91,90,0,0,40.0468
0,92,90,0,0,40.0467
0,93,90,0,0,40.0465
0,94,90,0,0,40.0464
0,95,90,0,0,40.0463
0,96,90,0,0,40.0462
0,97,90,0,0,40.0461
0,98,90,0,0,40.046
0,99,90,0,0,40.0459
0,100,90,0,0,40.0458
0,101,90,0,0,40.0457
0,102,90,0,0,40.0456
0,103,90,0,0,40.0455
0,104,90,0,0,40.0454
0,105,90,0,0,40.0453
0,106,90,0,0,40.0452
0,107,90,0,0,40.0451
0,108,90,0,0,40.0451
0,109,90,0,0,40.045
0,110,90,0,0,40.0449
0,111,90,0,0,40.0449
0,112,90,0,0,40.0448
0,113,90,0,0,40.0447
0,114,90,0,0,40.0447
0,115,90,0,0,40.0446
0,116,90,0,0,40.0446
0,117,90,0,0,40.0445
0,118,90,0,0,40.0445
0,119,90,0,0,40.0445
0,120,90,0,0,40.0444
0,121,90,0,0,40.0444
0,122,90,0,0,40.0444
0,123,90,0,0,40.0444
0,124,90,0,0,40.0443
0,125,90,0,0,40.0443
0,126,90,0,0,40.0443
0,127,90,0,0,40.0443
0,0,91,0,0,40.0685
0,1,91,0,0,40.0685
0,2,91,0,0,40.0684
0,3,91,0,0,40.0683
0,4,91,0,0,40.0682
0,5,91,0,0,40.068
0,6,91,0,0,40.0679
0,7,91,0,0,40.0677
0,8,91,0,0,40.0675
0,9,91,0,0,40.0672
0,10,91,0,0,40.067
0,11,91,0,0,40.0667
0,12,91,0,0,40.0664
0,13,91,0,0,40.0661
0,14,91,0,0,40.0658
0,15,91,0,0,40.0655
0,16,91,0,0,40.0652
0,17,91,0,0,40.0648
0,18,91,0,0,40.0645
0,19,91,0,0,40.0641
0,20,91,0,0,40.0637
0,21,91,0,0,40.0634
0,22,91,0,0,40.063
0,23,91,0,0,40.0626
0,24,91,0,0,40.0622
0,25,91,0,0,40.0618
0,26,91,0,0,40.0614
0,27,91,0,0,40.0611
0,28,91,0,0,40.0607
0,29,91,0,0,40.0603
0,30,91,0,0,40.0599
0,31,91,0,0,40.0595
0,32,91,0,0,40.0591
0,33,91,0,0,40.0587
0,34,91,0,0,40.0583
0,35,91,0,0,40.0579
0,36,91,0,0,40.0576
0,37,91,0,0,40.0572
0,38,91,0,0,40.0568
0,39,91,0,0,40.0565
0,40,91,0,0,40.0561
0,41,91,0,0,40.0557
0,42,91,0,0,40.0554
0,43,91,0,0,40.055
0,44,91,0,0,40.0547
0,45,91,0,0,40.0544
0,46,91,0,0,40.054
0,47,91,0,0,40.0537
0,48,91,0,0,40.0534
0,49,91,0,0,40.0531
0,50,91,0,0,40.0527
0,51,91,0,0,40.0524
0,52,91,0,0,40.0521
0,53,91,0,0,40.0519
0,54,91,0,0,40.0516
0,55,91,0,0,40.0513
0,56,91,0,0,40.051
0,57,91,0,0,40.0507
0,58,91,0,0,40.0505
0,59,91,0,0,40.0502
0,60,91,0,0,40.05
0,61,91,0,0,40.0497
0,62,91,0,0,40.0495
0,63,91,0,0,40.0492
0,64,91,0,0,40.049
0,65,91,0,0,40.0488
0,66,91,0,0,40.0486
0,67,91,0,0,40.0483
0,68,91,0,0,40.0481
0,69,91,0,0,40.0479
0,70,91,0,0,40.0477
0,71,91,0,0,40.0475
0,72,91,0,0,40.0473
0,73,91,0,0,40.0471
0,74,91,0,0,40.0469
0,75,91,0,0,40.0468
0,76,91,0,0,40.0466
0,77,91,0,0,40.0464
0,78,91,0,0,40.0462
0,79,91,0,0,40.0461
0,80,91,0,0,40.0459
0,81,91,0,0,40.0457
0,82,91,0,0,40.0456
0,83,91,0,0,40.0454
0,84,91,0,0,40.0453
0,85,91,0,0,40.0451
0,86,91,0,0,40.045
0,87,91,0,0,40.0448
0,88,91,0,0,40.0447
0,89,91,0,0,40.0446
0,90,91,0,0,40.0444
0,91,91,0,0,40.0443
0,92,91,0,0,40.0442
0,93,91,0,0,40.0441
0,94,91,0,0,40.044
0,95,91,0,0,40.0438
0,96,91,0,0,40.0437
0,97,91,0,0,40.0436
0,98,91,0,0,40.0435
0,99,91,0,0,40.0434
0,100,91,0,0,40.0433
0,101,91,0,0,40.0432
0,102,91,0,0,40.0431
0,103,91,0,0,40.043
0,104,91,0,0,40.043
0,105,91,0,0,40.0429
0,106,91,0,0,40.0428
0,107,91,0,0,40.0427
0,108,91,0,0,40.0427
0,109,91,0,0,40.0426
0,110,91,0,0,40.0425
0,111,91,0,0,40.0425
0,112,91,0,0,40.0424
0,113,91,0,0,40.0424
0,114,91,0,0,40.0423
0,115,91,0,0,40.0423
0,116,91,0,0,40.0422
0,117,91,0,0,40.0422
0,118,91,0,0,40.0421
0,119,91,0,0,40.0421
0,120,91,0,0,40.0421
0,121,91,0,0,40.042
0,122,91,0,0,40.042
0,123,91,0,0,40.042
0,124,91,0,0,40.042
0,125,91,0,0,40.042
0,126,91,0,0,40.042
0,127,91,0,0,40.042
0,0,92,0,0,40.0647
0,1,92,0,0,40.0646
0,2,92,0,0,40.0645
0,3,92,0,0,40.0645
0,4,92,0,0,40.0643
0,5,92,0,0,40.0642
0,6,92,0,0,40.064
0,7,92,0,0,40.0639
0,8,92,0,0,40.0637
0,9,92,0,0,40.0635
0,10,92,0,0,40.0632
0,11,92,0,0,40.063
0,12,92,0,0,40.0627
0,13,92,0,0,40.0625
0,14,92,0,0,40.0622
0,15,92,0,0,40.0619
0,16,92,0,0,40.0616
0,17,92,0,0,40.0612
0,18,92,0,0,40.0609
0,19,92,0,0,40.0606
0,20,92,0,0,40.0602
0,21,92,0,0,40.0599
0,22,92,0,0,40.0595
0,23,92,0,0,40.0592
0,24,92,0,0,40.0588
0,25,92,0,0,40.0585
0,26,92,0,0,40.0581
0,27,92,0,0,40.0577
0,28,92,0,0,40.0574
0,29,92,0,0,40.057
0,30,92,0,0,40.0566
0,31,92,0,0,40.0563
0,32,92,0,0,40.0559
0,33,92,0,0,40.0556
0,34,92,0,0,40.0552
0,35,92,0,0,40.0548
0,36,92,0,0,40.0545
0,37,92,0,0,40.0541
0,38,92,0,0,40.0538
0,39,92,0,0,40.0534
0,40,92,0,0,40.0531
0,41,92,0,0,40.0528
0,42,92,0,0,40.0524
0,43,92,0,0,40.0521
0,44,92,0,0,40.0518
0,45,92,0,0,40.0515
0,46,92,0,0,40.0511
0,47,92,0,0,40.0508
0,48,92,0,0,40.0505
0,49,92,0,0,40.0502
0,50,92,0,0,40.0499
0,51,92,0,0,40.0497
0,52,92,0,0,40.0494
0,53,92,0,0,40.0491
0,54,92,0,0,40.0488
0,55,92,0,0,40.0486
0,56,92,0,0,40.0483
0,57,92,0,0,40.0481
0,58,92,0,0,40.0478
0,59,92,0,0,40.0476
0,60,92,0,0,40.0473
0,61,92,0,0,40.0471
0,62,92,0,0,40.0469
0,63,92,0,0,40.0466
0,64,92,0,0,40.0464
0,65,92,0,0,40.0462
0,66,92,0,0,40.046
0,67,92,0,0,40.0458
0,68,92,0,0,40.0456
0,69,92,0,0,40.0454
0,70,92,0,0,40.0452
0,71,92,0,0,40.045
0,72,92,0,0,40.0448
0,73,92,0,0,40.0446
0,74,92,0,0,40.0445
0,75,92,0,0,40.0443
0,76,92,0,0,40.0441
0,77,92,0,0,40.0439
0,78,92,0,0,40.0438
0,79,92,0,0,40.0436
0,80,92,0,0,40.0435
0,81,92,0,0,40.0433
0,82,92,0,0,40.0432
0,83,92,0,0,40.043
0,84,92,0,0,40.0429
0,85,92,0,0,40.0427
0,86,92,0,0,40.0426
0,87,92,0,0,40.0425
0,88,92,0,0,40.0423
0,89,92,0,0,40.0422
0,90,92,0,0,40.0421
0,91,92,0,0,40.042
0,92,92,0,0,40.0418
0,93,92,0,0,40.0417
0,94,92,0,0,40.0416
0,95,92,0,0,40.0415
0,96,92,0,0,40.0414
0,97,92,0,0,40.0413
0,98,92,0,0,40.0412
0,99,92,0,0,40.0411
0,100,92,0,0,40.041
0,101,92,0,0,40.0409
0,102,92,0,0,40.0408
0,103,92,0,0,40.0408
0,104,92,0,0,40.0407
0,105,92,0,0,40.0406
0,106,92,0,0,40.0405
0,107,92,0,0,40.0405
0,108,92,0,0,40.0404
0,109,92,0,0,40.0403
0,110,92,0,0,40.0403
0,111,92,0,0,40.0402
0,112,92,0,0,40.0402
0,113,92,0,0,40.0401
0,114,92,0,0,40.0401
0,115,92,0,0,40.04
0,116,92,0,0,40.04
0,117,92,0,0,40.0399
0,118,92,0,0,40.0399
0,119,92,0,0,40.0399
0,120,92,0,0,40.0398
0,121,92,0,0,40.0398
0,122,92,0,0,40.0398
0,123,92,0,0,40.0398
0,124,92,0,0,40.0398
0,125,92,0,0,40.0397
0,126,92,0,0,40.0397
0,127,92,0,0,40.0397
0,0,93,0,0,40.061
0,1,93,0,0,40.061
0,2,93,0,0,40.0609
0,3,93,0,0,40.0608
0,4,93,0,0,40.0607
0,5,93,0,0,40.0606
0,6,93,0,0,40.0605
0,7,93,0,0,40.0603
0,8,93,0,0,40.0601
0,9,93,0,0,40.0599
0,10,93,0,0,40.0597
0,11,93,0,0,40.0595
0,12,93,0,0,40.0593
0,13,93,0,0,40.059
0,14,93,0,0,40.0587
0,15,93,0,0,40.0585
0,16,93,0,0,40.0582
0,17,93,0,0,40.0579
0,18,93,0,0,40.0576
0,19,93,0,0,40.0573
0,20,93,0,0,40.057
0,21,93,0,0,40.0566
0,22,93,0,0,40.0563
0,23,93,0,0,40.056
0,24,93,0,0,40.0556
0,25,93,0,0,40.0553
0,26,93,0,0,40.055
0,27,93,0,0,40.0546
0,28,93,0,0,40.0543
0,29,93,0,0,40.0539
0,30,93,0,0,40.0536
0,31,93,0,0,40.0533
0,32,93,0,0,40.0529
0,33,93,0,0,40.0526
0,34,93,0,0,40.0522
0,35,93,0,0,40.0519
0,36,93,0,0,40.0516
0,37,93,0,0,40.0512
0,38,93,0,0,40.0509
0,39,93,0,0,40.0506
0,40,93,0,0,40.0503
0,41,93,0,0,40.05
0,42,93,0,0,40.0496
0,43,93,0,0,40.0493
0,44,93,0,0,40.049
0,45,93,0,0,40.0487
0,46,93,0,0,40.0484
0,47,93,0,0,40.0482
0,48,93,0,0,40.0479
0,49,93,0,0,40.0476
0,50,93,0,0,40.0473
0,51,93,0,0,40.047
0,52,93,0,0,40.0468
0,53,93,0,0,40.0465
0,54,93,0,0,40.0463
0,55,93,0,0,40.046
0,56,93,0,0,40.0458
0,57,93,0,0,40.0455
0,58,93,0,0,40.0453
0,59,93,0,0,40.0451
0,60,93,0,0,40.0448
0,61,93,0,0,40.0446
0,62,93,0,0,40.0444
0,63,93,0,0,40.0442
0,64,93,0,0,40.044
0,65,93,0,0,40.0438
0,66,93,0,0,40.0436
0,67,93,0,0,40.0434
0,68,93,0,0,40.0432
0,69,93,0,0,40.043
0,70,93,0,0,40.0428
0,71,93,0,0,40.0426
0,72,93,0,0,40.0424
0,73,93,0,0,40.0423
0,74,93,0,0,40.0421
0,75,93,0,0,40.0419
0,76,93,0,0,40.0418
0,77,93,0,0,40.0416
0,78,93,0,0,40.0415
0,79,93,0,0,40.0413
0,80,93,0,0,40.0412
0,81,93,0,0,40.041
0,82,93,0,0,40.0409
0,83,93,0,0,40.0407
0,84,93,0,0,40.0406
0,85,93,0,0,40.0405
0,86,93,0,0,40.0403
0,87,93,0,0,40.0402
0,88,93,0,0,40.0401
0,89,93,0,0,40.04
0,90,93,0,0,40.0399
0,91,93,0,0,40.0397
0,92,93,0,0,40.0396
0,93,93,0,0,40.0395
0,94,93,0,0,40.0394
0,95,93,0,0,40.0393
0,96,93,0,0,40.0392
0,97,93,0,0,40.0391
0,98,93,0,0,40.039
0,99,93,0,0,40.0389
0,100,93,0,0,40.0388
0,101,93,0,0,40.0388
0,102,93,0,0,40.0387
0,103,93,0,0,40.0386
0,104,93,0,0,40.0385
0,105,93,0,0,40.0385
0,106,93,0,0,40.0384
0,107,93,0,0,40.0383
0,108,93,0,0,40.0383
0,109,93,0,0,40.0382
0,110,93,0,0,40.0381
0,111,93,0,0,40.0381
0,112,93,0,0,40.038
0,113,93,0,0,40.038
0,114,93,0,0,40.0379
0,115,93,0,0,40.0379
0,116,93,0,0,40.0379
0,117,93,0,0,40.0378
0,118,93,0,0,40.0378
0,119,93,0,0,40.0378
0,120,93,0,0,40.0377
0,121,93,0,0,40.0377
0,122,93,0,0,40.0377
0,123,93,0,0,40.0377
0,124,93,0,0,40.0377
0,125,93,0,0,40.0376
0,126,93,0,0,40.0376
0,127,93,0,0,40.0376
0,0,94,0,0,40.0576
0,1,94,0,0,40.0576
0,2,94,0,0,40.0575
0,3,94,0,0,40.0574
0,4,94,0,0,40.0573
0,5,94,0,0,40.0572
0,6,94,0,0,40.0571
0,7,94,0,0,40.057
0,8,94,0,0,40.0568
0,9,94,0,0,40.0566
0,10,94,0,0,40.0564
0,11,94,0,0,40.0562
0,12,94,0,0,40.056
0,13,94,0,0,40.0558
0,14,94,0,0,40.0555
0,15,94,0,0,40.0553
0,16,94,0,0,40.055
0,17,94,0,0,40.0547
0,18,94,0,0,40.0544
0,19,94,0,0,40.0542
0,20,94,0,0,40.0539
0,21,94,0,0,40.0536
0,22,94,0,0,40.0533
0,23,94,0,0,40.0529
0,24,94,0,0,40.0526
0,25,94,0,0,40.0523
0,26,94,0,0,40.052
0,27,94,0,0,40.0517
0,28,94,0,0,40.0514
0,29,94,0,0,40.0511
0,30,94,0,0,40.0507
0,31,94,0,0,40.0504
0,32,94,0,0,40.0501
0,33,94,0,0,40.0498
0,34,94,0,0,40.0495
0,35,94,0,0,40.0491
0,36,94,0,0,40.0488
0,37,94,0,0,40.0485
0,38,94,0,0,40.0482
0,39,94,0,0,40.0479
0,40,94,0,0,40.0476
0,41,94,0,0,40.0473
0,42,94,0,0,40.047
0,43,94,0,0,40.0467
0,44,94,0,0,40.0464
0,45,94,0,0,40.0462
0,46,94,0,0,40.0459
0,47,94,0,0,40.0456
0,48,94,0,0,40.0453
0,49,94,0,0,40.0451
0,50,94,0,0,40.0448
0,51,94,0,0,40.0446
0,52,94,0,0,40.0443
0,53,94,0,0,40.0441
0,54,94,0,0,40.0438
0,55,94,0,0,40.0436
0,56,94,0,0,40.0434
0,57,94,0,0,40.0431
0,58,94,0,0,40.0429
0,59,94,0,0,40.0427
0,60,94,0,0,40.0425
0,61,94,0,0,40.0423
0,62,94,0,0,40.0421
0,63,94,0,0,40.0419
0,64,94,0,0,40.0417
0,65,94,0,0,40.0415
0,66,94,0,0,40.0413
0,67,94,0,0,40.0411
0,68,94,0,0,40.0409
0,69,94,0,0,40.0407
0,70,94,0,0,40.0405
0,71,94,0,0,40.0404
0,72,94,0,0,40.0402
0,73,94,0,0,40.04
0,74,94,0,0,40.0399
0,75,94,0,0,40.0397
0,76,94,0,0,40.0396
0,77,94,0,0,40.0394
0,78,94,0,0,40.0393
0,79,94,0,0,40.0391
0,80,94,0,0,40.039
0,81,94,0,0,40.0389
0,82,94,0,0,40.0387
0,83,94,0,0,40.0386
0,84,94,0,0,40.0385
0,85,94,0,0,40.0383
0,86,94,0,0,40.0382
0,87,94,0,0,40.0381
0,88,94,0,0,40.038
0,89,94,0,0,40.0379
0,90,94,0,0,40.0378
0,91,94,0,0,40.0376
0,92,94,0,0,40.0375
0,93,94,0,0,40.0374
0,94,94,0,0,40.0373
0,95,94,0,0,40.0372
0,96,94,0,0,40.0371
0,97,94,0,0,40.0371
0,98,94,0,0,40.037
0,99,94,0,0,40.0369
0,100,94,0,0,40.0368
0,101,94,0,0,40.0367
0,102,94,0,0,40.0366
0,103,94,0,0,40.0366
0,104,94,0,0,40.0365
0,105,94,0,0,40.0364
0,106,94,0,0,40.0364
0,107,94,0,0,40.0363
0,108,94,0,0,40.0362
0,109,94,0,0,40.0362
0,110,94,0,0,40.0361
0,111,94,0,0,40.0361
0,112,94,0,0,40.036
0,113,94,0,0,40.036
0,114,94,0,0,40.0359
0,115,94,0,0,40.0359
0,116,94,0,0,40.0359
0,117,94,0,0,40.0358
0,118,94,0,0,40.0358
0,119,94,0,0,40.0358
0,120,94,0,0,40.0357
0,121,94,0,0,40.0357
0,122,94,0,0,40.0357
0,123,94,0,0,40.0357
0,124,94,0,0,40.0357
0,125,94,0,0,40.0357
0,126,94,0,0,40.0357
0,127,94,0,0,40.0356
0,0,95,0,0,40.0544
0,1,95,0,0,40.0544
0,2,95,0,0,40.0543
0,3,95,0,0,40.0543
0,4,95,0,0,40.0542
0,5,95,0,0,40.0541
0,6,95,0,0,40.0539
0,7,95,0,0,40.0538
0,8,95,0,0,40.0537
0,9,95,0,0,40.0535
0,10,95,0,0,40.0533
0,11,95,0,0,40.0531
0,12,95,0,0,40.0529
0,13,95,0,0,40.0527
0,14,95,0,0,40.0525
0,15,95,0,0,40.0522
0,16,95,0,0,40.052
0,17,95,0,0,40.0517
0,18,95,0,0,40.0515
0,19,95,0,0,40.0512
0,20,95,0,0,40.0509
0,21,95,0,0,40.0507
0,22,95,0,0,40.0504
0,23,95,0,0,40.0501
0,24,95,0,0,40.0498
0,25,95,0,0,40.0495
0,26,95,0,0,40.0492
0,27,95,0,0,40.0489
0,28,95,0,0,40.0486
0,29,95,0,0,40.0483
0,30,95,0,0,40.048
0,31,95,0,0,40.0477
0,32,95,0,0,40.0474
0,33,95,0,0,40.0471
0,34,95,0,0,40.0468
0,35,95,0,0,40.0465
0,36,95,0,0,40.0462
0,37,95,0,0,40.046
0,38,95,0,0,40.0457
0,39,95,0,0,40.0454
0,40,95,0,0,40.0451
0,41,95,0,0,40.0448
0,42,95,0,0,40.0445
0,43,95,0,0,40.0443
0,44,95,0,0,40.044
0,45,95,0,0,40.0437
0,46,95,0,0,40.0435
0,47,95,0,0,40.0432
0,48,95,0,0,40.043
0,49,95,0,0,40.0427
0,50,95,0,0,40.0425
0,51,95,0,0,40.0422
0,52,95,0,0,40.042
0,53,95,0,0,40.0418
0,54,95,0,0,40.0415
0,55,95,0,0,40.0413
0,56,95,0,0,40.0411
0,57,95,0,0,40.0409
0,58,95,0,0,40.0407
0,59,95,0,0,40.0404
0,60,95,0,0,40.0402
0,61,95,0,0,40.04
0,62,95,0,0,40.0399
0,63,95,0,0,40.0397
0,64,95,0,0,40.0395
0,65,95,0,0,40.0393
0,66,95,0,0,40.0391
0,67,95,0,0,40.0389
0,68,95,0,0,40.0388
0,69,95,0,0,40.0386
0,70,95,0,0,40.0384
0,71,95,0,0,40.0383
0,72,95,0,0,40.0381
0,73,95,0,0,40.038
0,74,95,0,0,40.0378
0,75,95,0,0,40.0377
0,76,95,0,0,40.0375
0,77,95,0,0,40.0374
0,78,95,0,0,40.0372
0,79,95,0,0,40.0371
0,80,95,0,0,40.037
0,81,95,0,0,40.0368
0,82,95,0,0,40.0367
0,83,95,0,0,40.0366
0,84,95,0,0,40.0364
0,85,95,0,0,40.0363
0,86,95,0,0,40.0362
0,87,95,0,0,40.0361
0,88,95,0,0,40.036
0,89,95,0,0,40.0359
0,90,95,0,0,40.0358
0,91,95,0,0,40.0357
0,92,95,0,0,40.0356
0,93,95,0,0,40.0355
0,94,95,0,0,40.0354
0,95,95,0,0,40.0353
0,96,95,0,0,40.0352
0,97,95,0,0,40.0351
0,98,95,0,0,40.035
0,99,95,0,0,40.0349
0,100,95,0,0,40.0349
0,101,95,0,0,40.0348
0,102,95,0,0,40.0347
0,103,95,0,0,40.0347
0,104,95,0,0,40.0346
0,105,95,0,0,40.0345
0,106,95,0,0,40.0345
0,107,95,0,0,40.0344
0,108,95,0,0,40.0343
0,109,95,0,0,40.0343
0,110,95,0,0,40.0342
0,111,95,0,0,40.0342
0,112,95,0,0,40.0341
0,113,95,0,0,40.0341
0,114,95,0,0,40.0341
0,115,95,0,0,40.034
0,116,95,0,0,40.034
0,117,95,0,0,40.034
0,118,95,0,0,40.0339
0,119,95,0,0,40.0339
0,120,95,0,0,40.0339
0,121,95,0,0,40.0339
0,122,95,0,0,40.0338
0,123,95,0,0,40.0338
0,124,95,0,0,40.0338
0,125,95,0,0,40.0338
0,126,95,0,0,40.0338
0,127,95,0,0,40.0338
0,0,96,0,0,40.0514
0,1,96,0,0,40.0514
0,2,96,0,0,40.0513
0,3,96,0,0,40.0513
0,4,96,0,0,40.0512
0,5,96,0,0,40.0511
0,6,96,0,0,40.051
0,7,96,0,0,40.0508
0,8,96,0,0,40.0507
0,9,96,0,0,40.0506
0,10,96,0,0,40.0504
0,11,96,0,0,40.0502
0,12,96,0,0,40.05
0,13,96,0,0,40.0498
0,14,96,0,0,40.0496
0,15,96,0,0,40.0494
0,16,96,0,0,40.0492
0,17,96,0,0,40.0489
0,18,96,0,0,40.0487
0,19,96,0,0,40.0484
0,20,96,0,0,40.0482
0,21,96,0,0,40.0479
0,22,96,0,0,40.0477
0,23,96,0,0,40.0474
0,24,96,0,0,40.0471
0,25,96,0,0,40.0469
0,26,96,0,0,40.0466
0,27,96,0,0,40.0463
0,28,96,0,0,40.046
0,29,96,0,0,40.0458
0,30,96,0,0,40.0455
0,31,96,0,0,40.0452
0,32,96,0,0,40.0449
0,33,96,0,0,40.0446
0,34,96,0,0,40.0444
0,35,96,0,0,40.0441
0,36,96,0,0,40.0438
0,37,96,0,0,40.0435
0,38,96,0,0,40.0433
0,39,96,0,0,40.043
0,40,96,0,0,40.0427
0,41,96,0,0,40.0425
0,42,96,0,0,40.0422
0,43,96,0,0,40.042
0,44,96,0,0,40.0417
0,45,96,0,0,40.0414
0,46,96,0,0,40.0412
0,47,96,0,0,40.041
0,48,96,0,0,40.0407
0,49,96,0,0,40.0405
0,50,96,0,0,40.0403
0,51,96,0,0,40.04
0,52,96,0,0,40.0398
0,53,96,0,0,40.0396
0,54,96,0,0,40.0394
0,55,96,0,0,40.0392
0,56,96,0,0,40.0389
0,57,96,0,0,40.0387
0,58,96,0,0,40.0385
0,59,96,0,0,40.0383
0,60,96,0,0,40.0382
0,61,96,0,0,40.038
0,62,96,0,0,40.0378
0,63,96,0,0,40.0376
0,64,96,0,0,40.0374
0,65,96,0,0,40.0372
0,66,96,0,0,40.0371
0,67,96,0,0,40.0369
0,68,96,0,0,40.0367
0,69,96,0,0,40.0366
0,70,96,0,0,40.0364
0,71,96,0,0,40.0363
0,72,96,0,0,40.0361
0,73,96,0,0,40.036
0,74,96,0,0,40.0358
0,75,96,0,0,40.0357
0,76,96,0,0,40.0356
0,77,96,0,0,40.0354
0,78,96,0,0,40.0353
0,79,96,0,0,40.0352
0,80,96,0,0,40.035
0,81,96,0,0,40.0349
0,82,96,0,0,40.0348
0,83,96,0,0,40.0347
0,84,96,0,0,40.0345
0,85,96,0,0,40.0344
0,86,96,0,0,40.0343
0,87,96,0,0,40.0342
0,88,96,0,0,40.0341
0,89,96,0,0,40.034
0,90,96,0,0,40.0339
0,91,96,0,0,40.0338
0,92,96,0,0,40.0337
0,93,96,0,0,40.0336
0,94,96,0,0,40.0335
0,95,96,0,0,40.0334
0,96,96,0,0,40.0334
0,97,96,0,0,40.0333
0,98,96,0,0,40.0332
0,99,96,0,0,40.0331
0,100,96,0,0,40.0331
0,101,96,0,0,40.033
0,102,96,0,0,40.0329
0,103,96,0,0,40.0328
0,104,96,0,0,40.0328
0,105,96,0,0,40.0327
0,106,96,0,0,40.0327
0,107,96,0,0,40.0326
0,108,96,0,0,40.0326
0,109,96,0,0,40.0325
0,110,96,0,0,40.0325
0,111,96,0,0,40.0324
0,112,96,0,0,40.0324
0,113,96,0,0,40.0323
0,114,96,0,0,40.0323
0,115,96,0,0,40.0322
0,116,96,0,0,40.0322
0,117,96,0,0,40.0322
0,118,96,0,0,40.0322
0,119,96,0,0,40.0321
0,120,96,0,0,40.0321
0,121,96,0,0,40.0321
0,122,96,0,0,40.0321
0,123,96,0,0,40.0321
0,124,96,0,0,40.032
0,125,96,0,0,40.032
0,126,96,0,0,40.032
0,127,96,0,0,40.032
0,0,97,0,0,40.0486
0,1,97,0,0,40.0485
0,2,97,0,0,40.0485
0,3,97,0,0,40.0484
0,4,97,0,0,40.0484
0,5,97,0,0,40.0483
0,6,97,0,0,40.0482
0,7,97,0,0,40.0481
0,8,97,0,0,40.0479
0,9,97,0,0,40.0478
0,10,97,0,0,40.0476
0,11,97,0,0,40.0475
0,12,97,0,0,40.0473
0,13,97,0,0,40.0471
0,14,97,0,0,40.0469
0,15,97,0,0,40.0467
0,16,97,0,0,40.0465
0,17,97,0,0,40.0463
0,18,97,0,0,40.0461
0,19,97,0,0,40.0458
0,20,97,0,0,40.0456
0,21,97,0,0,40.0454
0,22,97,0,0,40.0451
0,23,97,0,0,40.0449
0,24,97,0,0,40.0446
0,25,97,0,0,40.0444
0,26,97,0,0,40.0441
0,27,97,0,0,40.0439
0,28,97,0,0,40.0436
0,29,97,0,0,40.0433
0,30,97,0,0,40.0431
0,31,97,0,0,40.0428
0,32,97,0,0,40.0426
0,33,97,0,0,40.0423
0,34,97,0,0,40.042
0,35,97,0,0,40.0418
0,36,97,0,0,40.0415
0,37,97,0,0,40.0413
0,38,97,0,0,40.041
0,39,97,0,0,40.0408
0,40,97,0,0,40.0405
0,41,97,0,0,40.0403
0,42,97,0,0,40.04
0,43,97,0,0,40.0398
0,44,97,0,0,40.0395
0,45,97,0,0,40.0393
0,46,97,0,0,40.0391
0,47,97,0,0,40.0388
0,48,97,0,0,40.0386
0,49,97,0,0,40.0384
0,50,97,0,0,40.0382
0,51,97,0,0,40.0379
0,52,97,0,0,40.0377
0,53,97,0,0,40.0375
0,54,97,0,0,40.0373
0,55,97,0,0,40.0371
0,56,97,0,0,40.0369
0,57,97,0,0,40.0367
0,58,97,0,0,40.0365
0,59,97,0,0,40.0364
0,60,97,0,0,40.0362
0,61,97,0,0,40.036
0,62,97,0,0,40.0358
0,63,97,0,0,40.0356
0,64,97,0,0,40.0355
0,65,97,0,0,40.0353
0,66,97,0,0,40.0352
0,67,97,0,0,40.035
0,68,97,0,0,40.0348
0,69,97,0,0,40.0347
0,70,97,0,0,40.0345
0,71,97,0,0,40.0344
0,72,97,0,0,40.0342
0,73,97,0,0,40.0341
0,74,97,0,0,40.034
0,75,97,0,0,40.0338
0,76,97,0,0,40.0337
0,77,97,0,0,40.0336
0,78,97,0,0,40.0335
0,79,97,0,0,40.0333
0,80,97,0,0,40.0332
0,81,97,0,0,40.0331
0,82,97,0,0,40.033
0,83,97,0,0,40.0329
0,84,97,0,0,40.0328
0,85,97,0,0,40.0326
0,86,97,0,0,40.0325
0,87,97,0,0,40.0324
0,88,97,0,0,40.0323
0,89,97,0,0,40.0322
0,90,97,0,0,40.0322
0,91,97,0,0,40.0321
0,92,97,0,0,40.032
0,93,97,0,0,40.0319
0,94,97,0,0,40.0318
0,95,97,0,0,40.0317
0,96,97,0,0,40.0316
0,97,97,0,0,40.0316
0,98,97,0,0,40.0315
0,99,97,0,0,40.0314
0,100,97,0,0,40.0313
0,101,97,0,0,40.0313
0,102,97,0,0,40.0312
0,103,97,0,0,40.0311
0,104,97,0,0,40.0311
0,105,97,0,0,40.031
0,106,97,0,0,40.031
0,107,97,0,0,40.0309
0,108,97,0,0,40.0309
0,109,97,0,0,40.0308
0,110,97,0,0,40.0308
0,111,97,0,0,40.0307
0,112,97,0,0,40.0307
0,113,97,0,0,40.0306
0,114,97,0,0,40.0306
0,115,97,0,0,40.0306
0,116,97,0,0,40.0305
0,117,97,0,0,40.0305
0,118,97,0,0,40.0305
0,119,97,0,0,40.0305
0,120,97,0,0,40.0304
0,121,97,0,0,40.0304
0,122,97,0,0,40.0304
0,123,97,0,0,40.0304
0,124,97,0,0,40.0304
0,125,97,0,0,40.0304
0,126,97,0,0,40.0304
0,127,97,0,0,40.0304
0,0,98,0,0,40.0459
0,1,98,0,0,40.0459
0,2,98,0,0,40.0459
0,3,98,0,0,40.0458
0,4,98,0,0,40.0457
0,5,98,0,0,40.0457
0,6,98,0,0,40.0456
0,7,98,0,0,40.0455
0,8,98,0,0,40.0453
0,9,98,0,0,40.0452
0,10,98,0,0,40.0451
0,11,98,0,0,40.0449
0,12,98,0,0,40.0448
0,13,98,0,0,40.0446
0,14,98,0,0,40.0444
0,15,98,0,0,40.0442
0,16,98,0,0,40.044
0,17,98,0,0,40.0438
0,18,98,0,0,40.0436
0,19,98,0,0,40.0434
0,20,98,0,0,40.0432
0,21,98,0,0,40.043
0,22,98,0,0,40.0427
0,23,98,0,0,40.0425
0,24,98,0,0,40.0423
0,25,98,0,0,40.042
0,26,98,0,0,40.0418
0,27,98,0,0,40.0415
0,28,98,0,0,40.0413
0,29,98,0,0,40.0411
0,30,98,0,0,40.0408
0,31,98,0,0,40.0406
0,32,98,0,0,40.0403
0,33,98,0,0,40.0401
0,34,98,0,0,40.0398
0,35,98,0,0,40.0396
0,36,98,0,0,40.0393
0,37,98,0,0,40.0391
0,38,98,0,0,40.0389
0,39,98,0,0,40.0386
0,40,98,0,0,40.0384
0,41,98,0,0,40.0382
0,42,98,0,0,40.0379
0,43,98,0,0,40.0377
0,44,98,0,0,40.0375
0,45,98,0,0,40.0373
0,46,98,0,0,40.037
0,47,98,0,0,40.0368
0,48,98,0,0,40.0366
0,49,98,0,0,40.0364
0,50,98,0,0,40.0362
0,51,98,0,0,40.036
0,52,98,0,0,40.0358
0,53,98,0,0,40.0356
0,54,98,0,0,40.0354
0,55,98,0,0,40.0352
0,56,98,0,0,40.035
0,57,98,0,0,40.0348
0,58,98,0,0,40.0347
0,59,98,0,0,40.0345
0,60,98,0,0,40.0343
0,61,98,0,0,40.0341
0,62,98,0,0,40.034
0,63,98,0,0,40.0338
0,64,98,0,0,40.0337
0,65,98,0,0,40.0335
0,66,98,0,0,40.0333
0,67,98,0,0,40.0332
0,68,98,0,0,40.033
0,69,98,0,0,40.0329
0,70,98,0,0,40.0328
0,71,98,0,0,40.0326
0,72,98,0,0,40.0325
0,73,98,0,0,40.0324
0,74,98,0,0,40.0322
0,75,98,0,0,40.0321
0,76,98,0,0,40.032
0,77,98,0,0,40.0319
0,78,98,0,0,40.0317
0,79,98,0,0,40.0316
0,80,98,0,0,40.0315
0,81,98,0,0,40.0314
0,82,98,0,0,40.0313
0,83,98,0,0,40.0312
0,84,98,0,0,40.0311
0,85,98,0,0,40.031
0,86,98,0,0,40.0309
0,87,98,0,0,40.0308
0,88,98,0,0,40.0307
0,89,98,0,0,40.0306
0,90,98,0,0,40.0305
0,91,98,0,0,40.0304
0,92,98,0,0,40.0303
0,93,98,0,0,40.0302
0,94,98,0,0,40.0302
0,95,98,0,0,40.0301
0,96,98,0,0,40.03
0,97,98,0,0,40.0299
0,98,98,0,0,40.0299
0,99,98,0,0,40.0298
0,100,98,0,0,40.0297
0,101,98,0,0,40.0297
0,102,98,0,0,40.0296
0,103,98,0,0,40.0295
0,104,98,0,0,40.0295
0,105,98,0,0,40.0294
0,106,98,0,0,40.0294
0,107,98,0,0,40.0293
0,108,98,0,0,40.0293
0,109,98,0,0,40.0292
0,110,98,0,0,40.0292
0,111,98,0,0,40.0291
0,112,98,0,0,40.0291
0,113,98,0,0,40.0291
0,114,98,0,0,40.029
0,115,98,0,0,40.029
0,116,98,0,0,40.029
0,117,98,0,0,40.0289
0,118,98,0,0,40.0289
0,119,98,0,0,40.0289
0,120,98,0,0,40.0289
0,121,98,0,0,40.0289
0,122,98,0,0,40.0288
0,123,98,0,0,40.0288
0,124,98,0,0,40.0288
0,125,98,0,0,40.0288
0,126,98,0,0,40.0288
0,127,98,0,0,40.0288
0,0,99,0,0,40.0434
0,1,99,0,0,40.0434
0,2,99,0,0,40.0434
0,3,99,0,0,40.0433
0,4,99,0,0,40.0433
0,5,99,0,0,40.0432
0,6,99,0,0,40.0431
0,7,99,0,0,40.043
0,8,99,0,0,40.0429
0,9,99,0,0,40.0428
0,10,99,0,0,40.0426
0,11,99,0,0,40.0425
0,12,99,0,0,40.0424
0,13,99,0,0,40.0422
0,14,99,0,0,40.042
0,15,99,0,0,40.0419
0,16,99,0,0,40.0417
0,17,99,0,0,40.0415
0,18,99,0,0,40.0413
0,19,99,0,0,40.0411
0,20,99,0,0,40.0409
0,21,99,0,0,40.0407
0,22,99,0,0,40.0405
0,23,99,0,0,40.0403
0,24,99,0,0,40.04
0,25,99,0,0,40.0398
0,26,99,0,0,40.0396
0,27,99,0,0,40.0394
0,28,99,0,0,40.0391
0,29,99,0,0,40.0389
0,30,99,0,0,40.0387
0,31,99,0,0,40.0385
0,32,99,0,0,40.0382
0,33,99,0,0,40.038
0,34,99,0,0,40.0378
0,35,99,0,0,40.0375
0,36,99,0,0,40.0373
0,37,99,0,0,40.0371
0,38,99,0,0,40.0369
0,39,99,0,0,40.0366
0,40,99,0,0,40.0364
0,41,99,0,0,40.0362
0,42,99,0,0,40.036
0,43,99,0,0,40.0358
0,44,99,0,0,40.0356
0,45,99,0,0,40.0353
0,46,99,0,0,40.0351
0,47,99,0,0,40.0349
0,48,99,0,0,40.0347
0,49,99,0,0,40.0345
0,50,99,0,0,40.0343
0,51,99,0,0,40.0341
0,52,99,0,0,40.034
0,53,99,0,0,40.0338
0,54,99,0,0,40.0336
0,55,99,0,0,40.0334
0,56,99,0,0,40.0332
0,57,99,0,0,40.0331
0,58,99,0,0,40.0329
0,59,99,0,0,40.0327
0,60,99,0,0,40.0326
0,61,99,0,0,40.0324
0,62,99,0,0,40.0322
0,63,99,0,0,40.0321
0,64,99,0,0,40.0319
0,65,99,0,0,40.0318
0,66,99,0,0,40.0316
0,67,99,0,0,40.0315
0,68,99,0,0,40.0314
0,69,99,0,0,40.0312
0,70,99,0,0,40.0311
0,71,99,0,0,40.031
0,72,99,0,0,40.0308
0,73,99,0,0,40.0307
0,74,99,0,0,40.0306
0,75,99,0,0,40.0305
0,76,99,0,0,40.0303
0,77,99,0,0,40.0302
0,78,99,0,0,40.0301
0,79,99,0,0,40.03
0,80,99,0,0,40.0299
0,81,99,0,0,40.0298
0,82,99,0,0,40.0297
0,83,99,0,0,40.0296
0,84,99,0,0,40.0295
0,85,99,0,0,40.0294
0,86,99,0,0,40.0293
0,87,99,0,0,40.0292
0,88,99,0,0,40.0291
0,89,99,0,0,40.029
0,90,99,0,0,40.0289
0,91,99,0,0,40.0289
0,92,99,0,0,40.0288
0,93,99,0,0,40.0287
0,94,99,0,0,40.0286
0,95,99,0,0,40.0285
0,96,99,0,0,40.0285
0,97,99,0,0,40.0284
0,98,99,0,0,40.0283
0,99,99,0,0,40.0283
0,100,99,0,0,40.0282
0,101,99,0,0,40.0281
0,102,99,0,0,40.0281
0,103,99,0,0,40.028
0,104,99,0,0,40.028
0,105,99,0,0,40.0279
0,106,99,0,0,40.0279
0,107,99,0,0,40.0278
0,108,99,0,0,40.0278
0,109,99,0,0,40.0277
0,110,99,0,0,40.0277
0,111,99,0,0,40.0277
0,112,99,0,0,40.0276
0,113,99,0,0,40.0276
0,114,99,0,0,40.0275
0,115,99,0,0,40.0275
0,116,99,0,0,40.0275
0,117,99,0,0,40.0275
0,118,99,0,0,40.0274
0,119,99,0,0,40.0274
0,120,99,0,0,40.0274
0,121,99,0,0,40.0274
0,122,99,0,0,40.0274
0,123,99,0,0,40.0274
0,124,99,0,0,40.0273
0,125,99,0,0,40.0273
0,126,99,0,0,40.0273
0,127,99,0,0,40.0273
0,0,100,0,0,40.0411
0,1,100,0,0,40.0411
0,2,100,0,0,40.041
0,3,100,0,0,40.041
0,4,100,0,0,40.0409
0,5,100,0,0,40.0409
0,6,100,0,0,40.0408
0,7,100,0,0,40.0407
0,8,100,0,0,40.0406
0,9,100,0,0,40.0405
0,10,100,0,0,40.0404
0,11,100,0,0,40.0402
0,12,100,0,0,40.0401
0,13,100,0,0,40.04
0,14,100,0,0,40.0398
0,15,100,0,0,40.0396
0,16,100,0,0,40.0395
0,17,100,0,0,40.0393
0,18,100,0,0,40.0391
0,19,100,0,0,40.0389
0,20,100,0,0,40.0387
0,21,100,0,0,40.0385
0,22,100,0,0,40.0383
0,23,100,0,0,40.0381
0,24,100,0,0,40.0379
0,25,100,0,0,40.0377
0,26,100,0,0,40.0375
0,27,100,0,0,40.0373
0,28,100,0,0,40.0371
0,29,100,0,0,40.0369
0,30,100,0,0,40.0367
0,31,100,0,0,40.0365
0,32,100,0,0,40.0362
0,33,100,0,0,40.036
0,34,100,0,0,40.0358
0,35,100,0,0,40.0356
0,36,100,0,0,40.0354
0,37,100,0,0,40.0352
0,38,100,0,0,40.035
0,39,100,0,0,40.0348
0,40,100,0,0,40.0346
0,41,100,0,0,40.0343
0,42,100,0,0,40.0341
0,43,100,0,0,40.0339
0,44,100,0,0,40.0337
0,45,100,0,0,40.0335
0,46,100,0,0,40.0333
0,47,100,0,0,40.0332
0,48,100,0,0,40.033
0,49,100,0,0,40.0328
0,50,100,0,0,40.0326
0,51,100,0,0,40.0324
0,52,100,0,0,40.0322
0,53,100,0,0,40.0321
0,54,100,0,0,40.0319
0,55,100,0,0,40.0317
0,56,100,0,0,40.0315
0,57,100,0,0,40.0314
0,58,100,0,0,40.0312
0,59,100,0,0,40.0311
0,60,100,0,0,40.0309
0,61,100,0,0,40.0308
0,62,100,0,0,40.0306
0,63,100,0,0,40.0305
0,64,100,0,0,40.0303
0,65,100,0,0,40.0302
0,66,100,0,0,40.03
0,67,100,0,0,40.0299
0,68,100,0,0,40.0298
0,69,100,0,0,40.0296
0,70,100,0,0,40.0295
0,71,100,0,0,40.0294
0,72,100,0,0,40.0293
0,73,100,0,0,40.0291
0,74,100,0,0,40.029
0,75,100,0,0,40.0289
0,76,100,0,0,40.0288
0,77,100,0,0,40.0287
0,78,100,0,0,40.0286
0,79,100,0,0,40.0285
0,80,100,0,0,40.0284
0,81,100,0,0,40.0283
0,82,100,0,0,40.0282
0,83,100,0,0,40.0281
0,84,100,0,0,40.028
0,85,100,0,0,40.0279
0,86,100,0,0,40.0278
0,87,100,0,0,40.0277
0,88,100,0,0,40.0276
0,89,100,0,0,40.0275
0,90,100,0,0,40.0275
0,91,100,0,0,40.0274
0,92,100,0,0,40.0273
0,93,100,0,0,40.0272
0,94,100,0,0,40.0272
0,95,100,0,0,40.0271
0,96,100,0,0,40.027
0,97,100,0,0,40.027
0,98,100,0,0,40.0269
0,99,100,0,0,40.0268
0,100,100,0,0,40.0268
0,101,100,0,0,40.0267
0,102,100,0,0,40.0267
0,103,100,0,0,40.0266
0,104,100,0,0,40.0266
0,105,100,0,0,40.0265
0,106,100,0,0,40.0265
0,107,100,0,0,40.0264
0,108,100,0,0,40.0264
0,109,100,0,0,40.0263
0,110,100,0,0,40.0263
0,111,100,0,0,40.0262
0,112,100,0,0,40.0262
0,113,100,0,0,40.0262
0,114,100,0,0,40.0261
0,115,100,0,0,40.0261
0,116,100,0,0,40.0261
0,117,100,0,0,40.0261
0,118,100,0,0,40.026
0,119,100,0,0,40.026
0,120,100,0,0,40.026
0,121,100,0,0,40.026
0,122,100,0,0,40.026
0,123,100,0,0,40.026
0,124,100,0,0,40.026
0,125,100,0,0,40.0259
0,126,100,0,0,40.0259
0,127,100,0,0,40.0259
0,0,101,0,0,40.0389
0,1,101,0,0,40.0389
0,2,101,0,0,40.0389
0,3,101,0,0,40.0388
0,4,101,0,0,40.0388
0,5,101,0,0,40.0387
0,6,101,0,0,40.0386
0,7,101,0,0,40.0385
0,8,101,0,0,40.0384
0,9,101,0,0,40.0383
0,10,101,0,0,40.0382
0,11,101,0,0,40.0381
0,12,101,0,0,40.038
0,13,101,0,0,40.0378
0,14,101,0,0,40.0377
0,15,101,0,0,40.0376
0,16,101,0,0,40.0374
0,17,101,0,0,40.0372
0,18,101,0,0,40.0371
0,19,101,0,0,40.0369
0,20,101,0,0,40.0367
0,21,101,0,0,40.0365
0,22,101,0,0,40.0364
0,23,101,0,0,40.0362
0,24,101,0,0,40.036
0,25,101,0,0,40.0358
0,26,101,0,0,40.0356
0,27,101,0,0,40.0354
0,28,101,0,0,40.0352
0,29,101,0,0,40.035
0,30,101,0,0,40.0348
0,31,101,0,0,40.0346
0,32,101,0,0,40.0344
0,33,101,0,0,40.0342
0,34,101,0,0,40.034
0,35,101,0,0,40.0338
0,36,101,0,0,40.0336
0,37,101,0,0,40.0334
0,38,101,0,0,40.0332
0,39,101,0,0,40.033
0,40,101,0,0,40.0328
0,41,101,0,0,40.0326
0,42,101,0,0,40.0324
0,43,101,0,0,40.0322
0,44,101,0,0,40.032
0,45,101,0,0,40.0318
0,46,101,0,0,40.0317
0,47,101,0,0,40.0315
0,48,101,0,0,40.0313
0,49,101,0,0,40.0311
0,50,101,0,0,40.0309
0,51,101,0,0,40.0308
0,52,101,0,0,40.0306
0,53,101,0,0,40.0304
0,54,101,0,0,40.0303
0,55,101,0,0,40.0301
0,56,101,0,0,40.03
0,57,101,0,0,40.0298
0,58,101,0,0,40.0297
0,59,101,0,0,40.0295
0,60,101,0,0,40.0294
0,61,101,0,0,40.0292
0,62,101,0,0,40.0291
0,63,101,0,0,40.0289
0,64,101,0,0,40.0288
0,65,101,0,0,40.0287
0,66,101,0,0,40.0285
0,67,101,0,0,40.0284
0,68,101,0,0,40.0283
0,69,101,0,0,40.0281
0,70,101,0,0,40.028
0,71,101,0,0,40.0279
0,72,101,0,0,40.0278
0,73,101,0,0,40.0277
0,74,101,0,0,40.0276
0,75,101,0,0,40.0275
0,76,101,0,0,40.0274
0,77,101,0,0,40.0272
0,78,101,0,0,40.0271
0,79,101,0,0,40.027
0,80,101,0,0,40.0269
0,81,101,0,0,40.0269
0,82,101,0,0,40.0268
0,83,101,0,0,40.0267
0,84,101,0,0,40.0266
0,85,101,0,0,40.0265
0,86,101,0,0,40.0264
0,87,101,0,0,40.0263
0,88,101,0,0,40.0262
0,89,101,0,0,40.0262
0,90,101,0,0,40.0261
0,91,101,0,0,40.026
0,92,101,0,0,40.0259
0,93,101,0,0,40.0259
0,94,101,0,0,40.0258
0,95,101,0,0,40.0257
0,96,101,0,0,40.0257
0,97,101,0,0,40.0256
0,98,101,0,0,40.0255
0,99,101,0,0,40.0255
0,100,101,0,0,40.0254
0,101,101,0,0,40.0254
0,102,101,0,0,40.0253
0,103,101,0,0,40.0253
0,104,101,0,0,40.0252
0,105,101,0,0,40.0252
0,106,101,0,0,40.0251
0,107,101,0,0,40.0251
0,108,101,0,0,40.025
0,109,101,0,0,40.025
0,110,101,0,0,40.025
0,111,101,0,0,40.0249
0,112,101,0,0,40.0249
0,113,101,0,0,40.0249
0,114,101,0,0,40.0248
0,115,101,0,0,40.0248
0,116,101,0,0,40.0248
0,117,101,0,0,40.0248
0,118,101,0,0,40.0247
0,119,101,0,0,40.0247
0,120,101,0,0,40.0247
0,121,101,0,0,40.0247
0,122,101,0,0,40.0247
0,123,101,0,0,40.0247
0,124,101,0,0,40.0246
0,125,101,0,0,40.0246
0,126,101,0,0,40.0246
0,127,101,0,0,40.0246
0,0,102,0,0,40.0369
0,1,102,0,0,40.0368
0,2,102,0,0,40.0368
0,3,102,0,0,40.0368
0,4,102,0,0,40.0367
0,5,102,0,0,40.0367
0,6,102,0,0,40.0366
0,7,102,0,0,40.0365
0,8,102,0,0,40.0364
0,9,102,0,0,40.0363
0,10,102,0,0,40.0362
0,11,102,0,0,40.0361
0,12,102,0,0,40.036
0,13,102,0,0,40.0359
0,14,102,0,0,40.0357
0,15,102,0,0,40.0356
0,16,102,0,0,40.0355
0,17,102,0,0,40.0353
0,18,102,0,0,40.0351
0,19,102,0,0,40.035
0,20,102,0,0,40.0348
0,21,102,0,0,40.0347
0,22,102,0,0,40.0345
0,23,102,0,0,40.0343
0,24,102,0,0,40.0341
0,25,102,0,0,40.034
0,26,102,0,0,40.0338
0,27,102,0,0,40.0336
0,28,102,0,0,40.0334
0,29,102,0,0,40.0332
0,30,102,0,0,40.033
0,31,102,0,0,40.0328
0,32,102,0,0,40.0326
0,33,102,0,0,40.0325
0,34,102,0,0,40.0323
0,35,102,0,0,40.0321
0,36,102,0,0,40.0319
0,37,102,0,0,40.0317
0,38,102,0,0,40.0315
0,39,102,0,0,40.0313
0,40,102,0,0,40.0311
0,41,102,0,0,40.031
0,42,102,0,0,40.0308
0,43,102,0,0,40.0306
0,44,102,0,0,40.0304
0,45,102,0,0,40.0302
0,46,102,0,0,40.0301
0,47,102,0,0,40.0299
0,48,102,0,0,40.0297
0,49,102,0,0,40.0296
0,50,102,0,0,40.0294
0,51,102,0,0,40.0292
0,52,102,0,0,40.0291
0,53,102,0,0,40.0289
0,54,102,0,0,40.0288
0,55,102,0,0,40.0286
0,56,102,0,0,40.0285
0,57,102,0,0,40.0283
0,58,102,0,0,40.0282
0,59,102,0,0,40.028
0,60,102,0,0,40.0279
0,61,102,0,0,40.0278
0,62,102,0,0,40.0276
0,63,102,0,0,40.0275
0,64,102,0,0,40.0274
0,65,102,0,0,40.0272
0,66,102,0,0,40.0271
0,67,102,0,0,40.027
0,68,102,0,0,40.0269
0,69,102,0,0,40.0267
0,70,102,0,0,40.0266
0,71,102,0,0,40.0265
0,72,102,0,0,40.0264
0,73,102,0,0,40.0263
0,74,102,0,0,40.0262
0,75,102,0,0,40.0261
0,76,102,0,0,40.026
0,77,102,0,0,40.0259
0,78,102,0,0,40.0258
0,79,102,0,0,40.0257
0,80,102,0,0,40.0256
0,81,102,0,0,40.0255
0,82,102,0,0,40.0254
0,83,102,0,0,40.0253
0,84,102,0,0,40.0253
0,85,102,0,0,40.0252
0,86,102,0,0,40.0251
0,87,102,0,0,40.025
0,88,102,0,0,40.0249
0,89,102,0,0,40.0249
0,90,102,0,0,40.0248
0,91,102,0,0,40.0247
0,92,102,0,0,40.0246
0,93,102,0,0,40.0246
0,94,102,0,0,40.0245
0,95,102,0,0,40.0244
0,96,102,0,0,40.0244
0,97,102,0,0,40.0243
0,98,102,0,0,40.0243
0,99,102,0,0,40.0242
0,100,102,0,0,40.0242
0,101,102,0,0,40.0241
0,102,102,0,0,40.0241
0,103,102,0,0,40.024
0,104,102,0,0,40.024
0,105,102,0,0,40.0239
0,106,102,0,0,40.0239
0,107,102,0,0,40.0238
0,108,102,0,0,40.0238
0,109,102,0,0,40.0238
0,110,102,0,0,40.0237
0,111,102,0,0,40.0237
0,112,102,0,0,40.0237
0,113,102,0,0,40.0236
0,114,102,0,0,40.0236
0,115,102,0,0,40.0236
0,116,102,0,0,40.0235
0,117,102,0,0,40.0235
0,118,102,0,0,40.0235
0,119,102,0,0,40.0235
0,120,102,0,0,40.0235
0,121,102,0,0,40.0235
0,122,102,0,0,40.0234
0,123,102,0,0,40.0234
0,124,102,0,0,40.0234
0,125,102,0,0,40.0234
0,126,102,0,0,40.0234
0,127,102,0,0,40.0234
0,0,103,0,0,40.0349
0,1,103,0,0,40.0349
0,2,103,0,0,40.0349
0,3,103,0,0,40.0348
0,4,103,0,0,40.0348
0,5,103,0,0,40.0347
0,6,103,0,0,40.0347
0,7,103,0,0,40.0346
0,8,103,0,0,40.0345
0,9,103,0,0,40.0344
0,10,103,0,0,40.0343
0,11,103,0,0,40.0342
0,12,103,0,0,40.0341
0,13,103,0,0,40.034
0,14,103,0,0,40.0339
0,15,103,0,0,40.0338
0,16,103,0,0,40.0336
0,17,103,0,0,40.0335
0,18,103,0,0,40.0333
0,19,103,0,0,40.0332
0,20,103,0,0,40.033
0,21,103,0,0,40.0329
0,22,103,0,0,40.0327
0,23,103,0,0,40.0326
0,24,103,0,0,40.0324
0,25,103,0,0,40.0322
0,26,103,0,0,40.0321
0,27,103,0,0,40.0319
0,28,103,0,0,40.0317
0,29,103,0,0,40.0315
0,30,103,0,0,40.0314
0,31,103,0,0,40.0312
0,32,103,0,0,40.031
0,33,103,0,0,40.0308
0,34,103,0,0,40.0306
0,35,103,0,0,40.0305
0,36,103,0,0,40.0303
0,37,103,0,0,40.0301
0,38,103,0,0,40.0299
0,39,103,0,0,40.0298
0,40,103,0,0,40.0296
0,41,103,0,0,40.0294
0,42,103,0,0,40.0293
0,43,103,0,0,40.0291
0,44,103,0,0,40.0289
0,45,103,0,0,40.0288
0,46,103,0,0,40.0286
0,47,103,0,0,40.0284
0,48,103,0,0,40.0283
0,49,103,0,0,40.0281
0,50,103,0,0,40.028
0,51,103,0,0,40.0278
0,52,103,0,0,40.0276
0,53,103,0,0,40.0275
0,54,103,0,0,40.0274
0,55,103,0,0,40.0272
0,56,103,0,0,40.0271
0,57,103,0,0,40.0269
0,58,103,0,0,40.0268
0,59,103,0,0,40.0267
0,60,103,0,0,40.0265
0,61,103,0,0,40.0264
0,62,103,0,0,40.0263
0,63,103,0,0,40.0261
0,64,103,0,0,40.026
0,65,103,0,0,40.0259
0,66,103,0,0,40.0258
0,67,103,0,0,40.0257
0,68,103,0,0,40.0255
0,69,103,0,0,40.0254
0,70,103,0,0,40.0253
0,71,103,0,0,40.0252
0,72,103,0,0,40.0251
0,73,103,0,0,40.025
0,74,103,0,0,40.0249
0,75,103,0,0,40.0248
0,76,103,0,0,40.0247
0,77,103,0,0,40.0246
0,78,103,0,0,40.0245
0,79,103,0,0,40.0244
0,80,103,0,0,40.0243
0,81,103,0,0,40.0243
0,82,103,0,0,40.0242
0,83,103,0,0,40.0241
0,84,103,0,0,40.024
0,85,103,0,0,40.0239
0,86,103,0,0,40.0239
0,87,103,0,0,40.0238
0,88,103,0,0,40.0237
0,89,103,0,0,40.0236
0,90,103,0,0,40.0236
0,91,103,0,0,40.0235
0,92,103,0,0,40.0234
0,93,103,0,0,40.0234
0,94,103,0,0,40.0233
0,95,103,0,0,40.0232
0,96,103,0,0,40.0232
0,97,103,0,0,40.0231
0,98,103,0,0,40.0231
0,99,103,0,0,40.023
0,100,103,0,0,40.023
0,101,103,0,0,40.0229
0,102,103,0,0,40.0229
0,103,103,0,0,40.0228
0,104,103,0,0,40.0228
0,105,103,0,0,40.0227
0,106,103,0,0,40.0227
0,107,103,0,0,40.0227
0,108,103,0,0,40.0226
0,109,103,0,0,40.0226
0,110,103,0,0,40.0226
0,111,103,0,0,40.0225
0,112,103,0,0,40.0225
0,113,103,0,0,40.0225
0,114,103,0,0,40.0224
0,115,103,0,0,40.0224
0,116,103,0,0,40.0224
0,117,103,0,0,40.0224
0,118,103,0,0,40.0223
0,119,103,0,0,40.0223
0,120,103,0,0,40.0223
0,121,103,0,0,40.0223
0,122,103,0,0,40.0223
0,123,103,0,0,40.0223
0,124,103,0,0,40.0223
0,125,103,0,0,40.0223
0,126,103,0,0,40.0223
0,127,103,0,0,40.0223
0,0,104,0,0,40.0331
0,1,104,0,0,40.0331
0,2,104,0,0,40.0331
0,3,104,0,0,40.0331
0,4,104,0,0,40.033
0,5,104,0,0,40.033
0,6,104,0,0,40.0329
0,7,104,0,0,40.0328
0,8,104,0,0,40.0328
0,9,104,0,0,40.0327
0,10,104,0,0,40.0326
0,11,104,0,0,40.0325
0,12,104,0,0,40.0324
0,13,104,0,0,40.0323
0,14,104,0,0,40.0322
0,15,104,0,0,40.032
0,16,104,0,0,40.0319
0,17,104,0,0,40.0318
0,18,104,0,0,40.0317
0,19,104,0,0,40.0315
0,20,104,0,0,40.0314
0,21,104,0,0,40.0312
0,22,104,0,0,40.0311
0,23,104,0,0,40.0309
0,24,104,0,0,40.0308
0,25,104,0,0,40.0306
0,26,104,0,0,40.0305
0,27,104,0,0,40.0303
0,28,104,0,0,40.0301
0,29,104,0,0,40.03
0,30,104,0,0,40.0298
0,31,104,0,0,40.0296
0,32,104,0,0,40.0295
0,33,104,0,0,40.0293
0,34,104,0,0,40.0291
0,35,104,0,0,40.029
0,36,104,0,0,40.0288
0,37,104,0,0,40.0286
0,38,104,0,0,40.0285
0,39,104,0,0,40.0283
0,40,104,0,0,40.0281
0,41,104,0,0,40.028
0,42,104,0,0,40.0278
0,43,104,0,0,40.0277
0,44,104,0,0,40.0275
0,45,104,0,0,40.0273
0,46,104,0,0,40.0272
0,47,104,0,0,40.027
0,48,104,0,0,40.0269
0,49,104,0,0,40.0267
0,50,104,0,0,40.0266
0,51,104,0,0,40.0264
0,52,104,0,0,40.0263
0,53,104,0,0,40.0262
0,54,104,0,0,40.026
0,55,104,0,0,40.0259
0,56,104,0,0,40.0257
0,57,104,0,0,40.0256
0,58,104,0,0,40.0255
0,59,104,0,0,40.0254
0,60,104,0,0,40.0252
0,61,104,0,0,40.0251
0,62,104,0,0,40.025
0,63,104,0,0,40.0249
0,64,104,0,0,40.0247
0,65,104,0,0,40.0246
0,66,104,0,0,40.0245
0,67,104,0,0,40.0244
0,68,104,0,0,40.0243
0,69,104,0,0,40.0242
0,70,104,0,0,40.0241
0,71,104,0,0,40.024
0,72,104,0,0,40.0239
0,73,104,0,0,40.0238
0,74,104,0,0,40.0237
0,75,104,0,0,40.0236
0,76,104,0,0,40.0235
0,77,104,0,0,40.0234
0,78,104,0,0,40.0233
0,79,104,0,0,40.0232
0,80,104,0,0,40.0232
0,81,104,0,0,40.0231
0,82,104,0,0,40.023
0,83,104,0,0,40.0229
0,84,104,0,0,40.0228
0,85,104,0,0,40.0228
0,86,104,0,0,40.0227
0,87,104,0,0,40.0226
0,88,104,0,0,40.0226
0,89,104,0,0,40.0225
0,90,104,0,0,40.0224
0,91,104,0,0,40.0224
0,92,104,0,0,40.0223
0,93,104,0,0,40.0222
0,94,104,0,0,40.0222
0,95,104,0,0,40.0221
0,96,104,0,0,40.0221
0,97,104,0,0,40.022
0,98,104,0,0,40.022
0,99,104,0,0,40.0219
0,100,104,0,0,40.0219
0,101,104,0,0,40.0218
0,102,104,0,0,40.0218
0,103,104,0,0,40.0217
0,104,104,0,0,40.0217
0,105,104,0,0,40.0216
0,106,104,0,0,40.0216
0,107,104,0,0,40.0216
0,108,104,0,0,40.0215
0,109,104,0,0,40.0215
0,110,104,0,0,40.0215
0,111,104,0,0,40.0214
0,112,104,0,0,40.0214
0,113,104,0,0,40.0214
0,114,104,0,0,40.0213
0,115,104,0,0,40.0213
0,116,104,0,0,40.0213
0,117,104,0,0,40.0213
0,118,104,0,0,40.0213
0,119,104,0,0,40.0212
0,120,104,0,0,40.0212
0,121,104,0,0,40.0212
0,122,104,0,0,40.0212
0,123,104,0,0,40.0212
0,124,104,0,0,40.0212
0,125,104,0,0,40.0212
0,126,104,0,0,40.0212
0,127,104,0,0,40.0212
0,0,105,0,0,40.0314
0,1,105,0,0,40.0314
0,2,105,0,0,40.0314
0,3,105,0,0,40.0314
0,4,105,0,0,40.0313
0,5,105,0,0,40.0313
0,6,105,0,0,40.0312
0,7,105,0,0,40.0312
0,8,105,0,0,40.0311
0,9,105,0,0,40.031
0,10,105,0,0,40.0309
0,11,105,0,0,40.0309
0,12,105,0,0,40.0308
0,13,105,0,0,40.0307
0,14,105,0,0,40.0306
0,15,105,0,0,40.0304
0,16,105,0,0,40.0303
0,17,105,0,0,40.0302
0,18,105,0,0,40.0301
0,19,105,0,0,40.0299
0,20,105,0,0,40.0298
0,21,105,0,0,40.0297
0,22,105,0,0,40.0295
0,23,105,0,0,40.0294
0,24,105,0,0,40.0292
0,25,105,0,0,40.0291
0,26,105,0,0,40.0289
0,27,105,0,0,40.0288
0,28,105,0,0,40.0286
0,29,105,0,0,40.0285
0,30,105,0,0,40.0283
0,31,105,0,0,40.0282
0,32,105,0,0,40.028
0,33,105,0,0,40.0279
0,34,105,0,0,40.0277
0,35,105,0,0,40.0276
0,36,105,0,0,40.0274
0,37,105,0,0,40.0272
0,38,105,0,0,40.0271
0,39,105,0,0,40.0269
0,40,105,0,0,40.0268
0,41,105,0,0,40.0266
0,42,105,0,0,40.0265
0,43,105,0,0,40.0263
0,44,105,0,0,40.0262
0,45,105,0,0,40.026
0,46,105,0,0,40.0259
0,47,105,0,0,40.0257
0,48,105,0,0,40.0256
0,49,105,0,0,40.0254
0,50,105,0,0,40.0253
0,51,105,0,0,40.0252
0,52,105,0,0,40.025
0,53,105,0,0,40.0249
0,54,105,0,0,40.0248
0,55,105,0,0,40.0246
0,56,105,0,0,40.0245
0,57,105,0,0,40.0244
0,58,105,0,0,40.0243
0,59,105,0,0,40.0241
0,60,105,0,0,40.024
0,61,105,0,0,40.0239
0,62,105,0,0,40.0238
0,63,105,0,0,40.0237
0,64,105,0,0,40.0236
0,65,105,0,0,40.0235
0,66,105,0,0,40.0233
0,67,105,0,0,40.0232
0,68,105,0,0,40.0231
0,69,105,0,0,40.023
0,70,105,0,0,40.0229
0,71,105,0,0,40.0228
0,72,105,0,0,40.0227
0,73,105,0,0,40.0227
0,74,105,0,0,40.0226
0,75,105,0,0,40.0225
0,76,105,0,0,40.0224
0,77,105,0,0,40.0223
0,78,105,0,0,40.0222
0,79,105,0,0,40.0221
0,80,105,0,0,40.0221
0,81,105,0,0,40.022
0,82,105,0,0,40.0219
0,83,105,0,0,40.0218
0,84,105,0,0,40.0217
0,85,105,0,0,40.0217
0,86,105,0,0,40.0216
0,87,105,0,0,40.0215
0,88,105,0,0,40.0215
0,89,105,0,0,40.0214
0,90,105,0,0,40.0213
0,91,105,0,0,40.0213
0,92,105,0,0,40.0212
0,93,105,0,0,40.0212
0,94,105,0,0,40.0211
0,95,105,0,0,40.0211
0,96,105,0,0,40.021
0,97,105,0,0,40.021
0,98,105,0,0,40.0209
0,99,105,0,0,40.0209
0,100,105,0,0,40.0208
0,101,105,0,0,40.0208
0,102,105,0,0,40.0207
0,103,105,0,0,40.0207
0,104,105,0,0,40.0206
0,105,105,0,0,40.0206
0,106,105,0,0,40.0206
0,107,105,0,0,40.0205
0,108,105,0,0,40.0205
0,109,105,0,0,40.0205
0,110,105,0,0,40.0204
0,111,105,0,0,40.0204
0,112,105,0,0,40.0204
0,113,105,0,0,40.0203
0,114,105,0,0,40.0203
0,115,105,0,0,40.0203
0,116,105,0,0,40.0203
0,117,105,0,0,40.0203
0,118,105,0,0,40.0202
0,119,105,0,0,40.0202
0,120,105,0,0,40.0202
0,121,105,0,0,40.0202
0,122,105,0,0,40.0202
0,123,105,0,0,40.0202
0,124,105,0,0,40.0202
0,125,105,0,0,40.0202
0,126,105,0,0,40.0202
0,127,105,0,0,40.0202
0,0,106,0,0,40.0299
0,1,106,0,0,40.0299
0,2,106,0,0,40.0298
0,3,106,0,0,40.0298
0,4,106,0,0,40.0298
0,5,106,0,0,40.0297
0,6,106,0,0,40.0297
0,7,106,0,0,40.0296
0,8,106,0,0,40.0296
0,9,106,0,0,40.0295
0,10,106,0,0,40.0294
0,11,106,0,0,40.0293
0,12,106,0,0,40.0292
0,13,106,0,0,40.0291
0,14,106,0,0,40.029
0,15,106,0,0,40.0289
0,16,106,0,0,40.0288
0,17,106,0,0,40.0287
0,18,106,0,0,40.0286
0,19,106,0,0,40.0285
0,20,106,0,0,40.0283
0,21,106,0,0,40.0282
0,22,106,0,0,40.0281
0,23,106,0,0,40.028
0,24,106,0,0,40.0278
0,25,106,0,0,40.0277
0,26,106,0,0,40.0275
0,27,106,0,0,40.0274
0,28,106,0,0,40.0273
0,29,106,0,0,40.0271
0,30,106,0,0,40.027
0,31,106,0,0,40.0268
0,32,106,0,0,40.0267
0,33,106,0,0,40.0265
0,34,106,0,0,40.0264
0,35,106,0,0,40.0262
0,36,106,0,0,40.0261
0,37,106,0,0,40.0259
0,38,106,0,0,40.0258
0,39,106,0,0,40.0256
0,40,106,0,0,40.0255
0,41,106,0,0,40.0253
0,42,106,0,0,40.0252
0,43,106,0,0,40.0251
0,44,106,0,0,40.0249
0,45,106,0,0,40.0248
0,46,106,0,0,40.0246
0,47,106,0,0,40.0245
0,48,106,0,0,40.0244
0,49,106,0,0,40.0242
0,50,106,0,0,40.0241
0,51,106,0,0,40.024
0,52,106,0,0,40.0238
0,53,106,0,0,40.0237
0,54,106,0,0,40.0236
0,55,106,0,0,40.0235
0,56,106,0,0,40.0234
0,57,106,0,0,40.0232
0,58,106,0,0,40.0231
0,59,106,0,0,40.023
0,60,106,0,0,40.0229
0,61,106,0,0,40.0228
0,62,106,0,0,40.0227
0,63,106,0,0,40.0226
0,64,106,0,0,40.0224
0,65,106,0,0,40.0223
0,66,106,0,0,40.0222
0,67,106,0,0,40.0221
0,68,106,0,0,40.022
0,69,106,0,0,40.0219
0,70,106,0,0,40.0219
0,71,106,0,0,40.0218
0,72,106,0,0,40.0217
0,73,106,0,0,40.0216
0,74,106,0,0,40.0215
0,75,106,0,0,40.0214
0,76,106,0,0,40.0213
0,77,106,0,0,40.0212
0,78,106,0,0,40.0212
0,79,106,0,0,40.0211
0,80,106,0,0,40.021
0,81,106,0,0,40.0209
0,82,106,0,0,40.0209
0,83,106,0,0,40.0208
0,84,106,0,0,40.0207
0,85,106,0,0,40.0207
0,86,106,0,0,40.0206
0,87,106,0,0,40.0205
0,88,106,0,0,40.0205
0,89,106,0,0,40.0204
0,90,106,0,0,40.0203
0,91,106,0,0,40.0203
0,92,106,0,0,40.0202
0,93,106,0,0,40.0202
0,94,106,0,0,40.0201
0,95,106,0,0,40.0201
0,96,106,0,0,40.02
0,97,106,0,0,40.02
0,98,106,0,0,40.0199
0,99,106,0,0,40.0199
0,100,106,0,0,40.0198
0,101,106,0,0,40.0198
0,102,106,0,0,40.0197
0,103,106,0,0,40.0197
0,104,106,0,0,40.0197
0,105,106,0,0,40.0196
0,106,106,0,0,40.0196
0,107,106,0,0,40.0196
0,108,106,0,0,40.0195
0,109,106,0,0,40.0195
0,110,106,0,0,40.0195
0,111,106,0,0,40.0194
0,112,106,0,0,40.0194
0,113,106,0,0,40.0194
0,114,106,0,0,40.0194
0,115,106,0,0,40.0193
0,116,106,0,0,40.0193
0,117,106,0,0,40.0193
0,118,106,0,0,40.0193
0,119,106,0,0,40.0193
0,120,106,0,0,40.0193
0,121,106,0,0,40.0192
0,122,106,0,0,40.0192
0,123,106,0,0,40.0192
0,124,106,0,0,40.0192
0,125,106,0,0,40.0192
0,126,106,0,0,40.0192
0,127,106,0,0,40.0192
0,0,107,0,0,40.0284
0,1,107,0,0,40.0284
0,2,107,0,0,40.0284
0,3,107,0,0,40.0283
0,4,107,0,0,40.0283
0,5,107,0,0,40.0283
0,6,107,0,0,40.0282
0,7,107,0,0,40.0282
0,8,107,0,0,40.0281
0,9,107,0,0,40.028
0,10,107,0,0,40.028
0,11,107,0,0,40.0279
0,12,107,0,0,40.0278
0,13,107,0,0,40.0277
0,14,107,0,0,40.0276
0,15,107,0,0,40.0275
0,16,107,0,0,40.0274
0,17,107,0,0,40.0273
0,18,107,0,0,40.0272
0,19,107,0,0,40.0271
0,20,107,0,0,40.027
0,21,107,0,0,40.0269
0,22,107,0,0,40.0267
0,23,107,0,0,40.0266
0,24,107,0,0,40.0265
0,25,107,0,0,40.0264
0,26,107,0,0,40.0262
0,27,107,0,0,40.0261
0,28,107,0,0,40.026
0,29,107,0,0,40.0258
0,30,107,0,0,40.0257
0,31,107,0,0,40.0255
0,32,107,0,0,40.0254
0,33,107,0,0,40.0253
0,34,107,0,0,40.0251
0,35,107,0,0,40.025
0,36,107,0,0,40.0248
0,37,107,0,0,40.0247
0,38,107,0,0,40.0246
0,39,107,0,0,40.0244
0,40,107,0,0,40.0243
0,41,107,0,0,40.0242
0,42,107,0,0,40.024
0,43,107,0,0,40.0239
0,44,107,0,0,40.0238
0,45,107,0,0,40.0236
0,46,107,0,0,40.0235
0,47,107,0,0,40.0234
0,48,107,0,0,40.0232
0,49,107,0,0,40.0231
0,50,107,0,0,40.023
0,51,107,0,0,40.0229
0,52,107,0,0,40.0227
0,53,107,0,0,40.0226
0,54,107,0,0,40.0225
0,55,107,0,0,40.0224
0,56,107,0,0,40.0223
0,57,107,0,0,40.0222
0,58,107,0,0,40.022
0,59,107,0,0,40.0219
0,60,107,0,0,40.0218
0,61,107,0,0,40.0217
0,62,107,0,0,40.0216
0,63,107,0,0,40.0215
0,64,107,0,0,40.0214
0,65,107,0,0,40.0213
0,66,107,0,0,40.0212
0,67,107,0,0,40.0211
0,68,107,0,0,40.021
0,69,107,0,0,40.0209
0,70,107,0,0,40.0208
0,71,107,0,0,40.0208
0,72,107,0,0,40.0207
0,73,107,0,0,40.0206
0,74,107,0,0,40.0205
0,75,107,0,0,40.0204
0,76,107,0,0,40.0203
0,77,107,0,0,40.0203
0,78,107,0,0,40.0202
0,79,107,0,0,40.0201
0,80,107,0,0,40.02
0,81,107,0,0,40.02
0,82,107,0,0,40.0199
0,83,107,0,0,40.0198
0,84,107,0,0,40.0198
0,85,107,0,0,40.0197
0,86,107,0,0,40.0196
0,87,107,0,0,40.0196
0,88,107,0,0,40.0195
0,89,107,0,0,40.0195
0,90,107,0,0,40.0194
0,91,107,0,0,40.0193
0,92,107,0,0,40.0193
0,93,107,0,0,40.0192
0,94,107,0,0,40.0192
0,95,107,0,0,40.0191
0,96,107,0,0,40.0191
0,97,107,0,0,40.019
0,98,107,0,0,40.019
0,99,107,0,0,40.0189
0,100,107,0,0,40.0189
0,101,107,0,0,40.0189
0,102,107,0,0,40.0188
0,103,107,0,0,40.0188
0,104,107,0,0,40.0188
0,105,107,0,0,40.0187
0,106,107,0,0,40.0187
0,107,107,0,0,40.0186
0,108,107,0,0,40.0186
0,109,107,0,0,40.0186
0,110,107,0,0,40.0186
0,111,107,0,0,40.0185
0,112,107,0,0,40.0185
0,113,107,0,0,40.0185
0,114,107,0,0,40.0185
0,115,107,0,0,40.0184
0,116,107,0,0,40.0184
0,117,107,0,0,40.0184
0,118,107,0,0,40.0184
0,119,107,0,0,40.0184
0,120,107,0,0,40.0184
0,121,107,0,0,40.0184
0,122,107,0,0,40.0183
0,123,107,0,0,40.0183
0,124,107,0,0,40.0183
0,125,107,0,0,40.0183
0,126,107,0,0,40.0183
0,127,107,0,0,40.0183
0,0,108,0,0,40.027
0,1,108,0,0,40.027
0,2,108,0,0,40.027
0,3,108,0,0,40.027
0,4,108,0,0,40.0269
0,5,108,0,0,40.0269
0,6,108,0,0,40.0269
0,7,108,0,0,40.0268
0,8,108,0,0,40.0268
0,9,108,0,0,40.0267
0,10,108,0,0,40.0266
0,11,108,0,0,40.0265
0,12,108,0,0,40.0265
0,13,108,0,0,40.0264
0,14,108,0,0,40.0263
0,15,108,0,0,40.0262
0,16,108,0,0,40.0261
0,17,108,0,0,40.026
0,18,108,0,0,40.0259
0,19,108,0,0,40.0258
0,20,108,0,0,40.0257
0,21,108,0,0,40.0256
0,22,108,0,0,40.0255
0,23,108,0,0,40.0254
0,24,108,0,0,40.0252
0,25,108,0,0,40.0251
0,26,108,0,0,40.025
0,27,108,0,0,40.0249
0,28,108,0,0,40.0247
0,29,108,0,0,40.0246
0,30,108,0,0,40.0245
0,31,108,0,0,40.0244
0,32,108,0,0,40.0242
0,33,108,0,0,40.0241
0,34,108,0,0,40.024
0,35,108,0,0,40.0238
0,36,108,0,0,40.0237
0,37,108,0,0,40.0236
0,38,108,0,0,40.0234
0,39,108,0,0,40.0233
0,40,108,0,0,40.0232
0,41,108,0,0,40.023
0,42,108,0,0,40.0229
0,43,108,0,0,40.0228
0,44,108,0,0,40.0227
0,45,108,0,0,40.0225
0,46,108,0,0,40.0224
0,47,108,0,0,40.0223
0,48,108,0,0,40.0222
0,49,108,0,0,40.0221
0,50,108,0,0,40.0219
0,51,108,0,0,40.0218
0,52,108,0,0,40.0217
0,53,108,0,0,40.0216
0,54,108,0,0,40.0215
0,55,108,0,0,40.0214
0,56,108,0,0,40.0213
0,57,108,0,0,40.0211
0,58,108,0,0,40.021
0,59,108,0,0,40.0209
0,60,108,0,0,40.0208
0,61,108,0,0,40.0207
0,62,108,0,0,40.0206
0,63,108,0,0,40.0205
0,64,108,0,0,40.0204
0,65,108,0,0,40.0203
0,66,108,0,0,40.0202
0,67,108,0,0,40.0202
0,68,108,0,0,40.0201
0,69,108,0,0,40.02
0,70,108,0,0,40.0199
0,71,108,0,0,40.0198
0,72,108,0,0,40.0197
0,73,108,0,0,40.0196
0,74,108,0,0,40.0196
0,75,108,0,0,40.0195
0,76,108,0,0,40.0194
0,77,108,0,0,40.0193
0,78,108,0,0,40.0193
0,79,108,0,0,40.0192
0,80,108,0,0,40.0191
0,81,108,0,0,40.0191
0,82,108,0,0,40.019
0,83,108,0,0,40.0189
0,84,108,0,0,40.0189
0,85,108,0,0,40.0188
0,86,108,0,0,40.0187
0,87,108,0,0,40.0187
0,88,108,0,0,40.0186
0,89,108,0,0,40.0186
0,90,108,0,0,40.0185
0,91,108,0,0,40.0185
0,92,108,0,0,40.0184
0,93,108,0,0,40.0184
0,94,108,0,0,40.0183
0,95,108,0,0,40.0183
0,96,108,0,0,40.0182
0,97,108,0,0,40.0182
0,98,108,0,0,40.0181
0,99,108,0,0,40.0181
0,100,108,0,0,40.018
0,101,108,0,0,40.018
0,102,108,0,0,40.018
0,103,108,0,0,40.0179
0,104,108,0,0,40.0179
0,105,108,0,0,40.0179
0,106,108,0,0,40.0178
0,107,108,0,0,40.0178
0,108,108,0,0,40.0178
0,109,108,0,0,40.0177
0,110,108,0,0,40.0177
0,111,108,0,0,40.0177
0,112,108,0,0,40.0177
0,113,108,0,0,40.0176
0,114,108,0,0,40.0176
0,115,108,0,0,40.0176
0,116,108,0,0,40.0176
0,117,108,0,0,40.0176
0,118,108,0,0,40.0176
0,119,108,0,0,40.0175
0,120,108,0,0,40.0175
0,121,108,0,0,40.0175
0,122,108,0,0,40.0175
0,123,108,0,0,40.0175
0,124,108,0,0,40.0175
0,125,108,0,0,40.0175
0,126,108,0,0,40.0175
0,127,108,0,0,40.0175
0,0,109,0,0,40.0258
0,1,109,0,0,40.0257
0,2,109,0,0,40.0257
0,3,109,0,0,40.0257
0,4,109,0,0,40.0257
0,5,109,0,0,40.0256
0,6,109,0,0,40.0256
0,7,109,0,0,40.0255
0,8,109,0,0,40.0255
0,9,109,0,0,40.0254
0,10,109,0,0,40.0254
0,11,109,0,0,40.0253
0,12,109,0,0,40.0252
0,13,109,0,0,40.0252
0,14,109,0,0,40.0251
0,15,109,0,0,40.025
0,16,109,0,0,40.0249
0,17,109,0,0,40.0248
0,18,109,0,0,40.0247
0,19,109,0,0,40.0246
0,20,109,0,0,40.0245
0,21,109,0,0,40.0244
0,22,109,0,0,40.0243
0,23,109,0,0,40.0242
0,24,109,0,0,40.0241
0,25,109,0,0,40.024
0,26,109,0,0,40.0238
0,27,109,0,0,40.0237
0,28,109,0,0,40.0236
0,29,109,0,0,40.0235
0,30,109,0,0,40.0234
0,31,109,0,0,40.0232
0,32,109,0,0,40.0231
0,33,109,0,0,40.023
0,34,109,0,0,40.0229
0,35,109,0,0,40.0227
0,36,109,0,0,40.0226
0,37,109,0,0,40.0225
0,38,109,0,0,40.0224
0,39,109,0,0,40.0223
0,40,109,0,0,40.0221
0,41,109,0,0,40.022
0,42,109,0,0,40.0219
0,43,109,0,0,40.0218
0,44,109,0,0,40.0216
0,45,109,0,0,40.0215
0,46,109,0,0,40.0214
0,47,109,0,0,40.0213
0,48,109,0,0,40.0212
0,49,109,0,0,40.0211
0,50,109,0,0,40.021
0,51,109,0,0,40.0208
0,52,109,0,0,40.0207
0,53,109,0,0,40.0206
0,54,109,0,0,40.0205
0,55,109,0,0,40.0204
0,56,109,0,0,40.0203
0,57,109,0,0,40.0202
0,58,109,0,0,40.0201
0,59,109,0,0,40.02
0,60,109,0,0,40.0199
0,61,109,0,0,40.0198
0,62,109,0,0,40.0197
0,63,109,0,0,40.0196
0,64,109,0,0,40.0195
0,65,109,0,0,40.0194
0,66,109,0,0,40.0193
0,67,109,0,0,40.0193
0,68,109,0,0,40.0192
0,69,109,0,0,40.0191
0,70,109,0,0,40.019
0,71,109,0,0,40.0189
0,72,109,0,0,40.0189
0,73,109,0,0,40.0188
0,74,109,0,0,40.0187
0,75,109,0,0,40.0186
0,76,109,0,0,40.0186
0,77,109,0,0,40.0185
0,78,109,0,0,40.0184
0,79,109,0,0,40.0183
0,80,109,0,0,40.0183
0,81,109,0,0,40.0182
0,82,109,0,0,40.0181
0,83,109,0,0,40.0181
0,84,109,0,0,40.018
0,85,109,0,0,40.018
0,86,109,0,0,40.0179
0,87,109,0,0,40.0179
0,88,109,0,0,40.0178
0,89,109,0,0,40.0177
0,90,109,0,0,40.0177
0,91,109,0,0,40.0176
0,92,109,0,0,40.0176
0,93,109,0,0,40.0175
0,94,109,0,0,40.0175
0,95,109,0,0,40.0174
0,96,109,0,0,40.0174
0,97,109,0,0,40.0174
0,98,109,0,0,40.0173
0,99,109,0,0,40.0173
0,100,109,0,0,40.0172
0,101,109,0,0,40.0172
0,102,109,0,0,40.0172
0,103,109,0,0,40.0171
0,104,109,0,0,40.0171
0,105,109,0,0,40.0171
0,106,109,0,0,40.017
0,107,109,0,0,40.017
0,108,109,0,0,40.017
0,109,109,0,0,40.017
0,110,109,0,0,40.0169
0,111,109,0,0,40.0169
0,112,109,0,0,40.0169
0,113,109,0,0,40.0169
0,114,109,0,0,40.0168
0,115,109,0,0,40.0168
0,116,109,0,0,40.0168
0,117,109,0,0,40.0168
0,118,109,0,0,40.0168
0,119,109,0,0,40.0168
0,120,109,0,0,40.0168
0,121,109,0,0,40.0167
0,122,109,0,0,40.0167
0,123,109,0,0,40.0167
0,124,109,0,0,40.0167
0,125,109,0,0,40.0167
0,126,109,0,0,40.0167
0,127,109,0,0,40.0167
0,0,110,0,0,40.0246
0,1,110,0,0,40.0246
0,2,110,0,0,40.0245
0,3,110,0,0,40.0245
0,4,110,0,0,40.0245
0,5,110,0,0,40.0245
0,6,110,0,0,40.0244
0,7,110,0,0,40.0244
0,8,110,0,0,40.0243
0,9,110,0,0,40.0243
0,10,110,0,0,40.0242
0,11,110,0,0,40.0241
0,12,110,0,0,40.0241
0,13,110,0,0,40.024
0,14,110,0,0,40.0239
0,15,110,0,0,40.0238
0,16,110,0,0,40.0238
0,17,110,0,0,40.0237
0,18,110,0,0,40.0236
0,19,110,0,0,40.0235
0,20,110,0,0,40.0234
0,21,110,0,0,40.0233
0,22,110,0,0,40.0232
0,23,110,0,0,40.0231
0,24,110,0,0,40.023
0,25,110,0,0,40.0229
0,26,110,0,0,40.0228
0,27,110,0,0,40.0227
0,28,110,0,0,40.0225
0,29,110,0,0,40.0224
0,30,110,0,0,40.0223
0,31,110,0,0,40.0222
0,32,110,0,0,40.0221
0,33,110,0,0,40.022
0,34,110,0,0,40.0219
0,35,110,0,0,40.0217
0,36,110,0,0,40.0216
0,37,110,0,0,40.0215
0,38,110,0,0,40.0214
0,39,110,0,0,40.0213
0,40,110,0,0,40.0212
0,41,110,0,0,40.021
0,42,110,0,0,40.0209
0,43,110,0,0,40.0208
0,44,110,0,0,40.0207
0,45,110,0,0,40.0206
0,46,110,0,0,40.0205
0,47,110,0,0,40.0204
0,48,110,0,0,40.0203
0,49,110,0,0,40.0201
0,50,110,0,0,40.02
0,51,110,0,0,40.0199
0,52,110,0,0,40.0198
0,53,110,0,0,40.0197
0,54,110,0,0,40.0196
0,55,110,0,0,40.0195
0,56,110,0,0,40.0194
0,57,110,0,0,40.0193
0,58,110,0,0,40.0192
0,59,110,0,0,40.0191
0,60,110,0,0,40.019
0,61,110,0,0,40.0189
0,62,110,0,0,40.0189
0,63,110,0,0,40.0188
0,64,110,0,0,40.0187
0,65,110,0,0,40.0186
0,66,110,0,0,40.0185
0,67,110,0,0,40.0184
0,68,110,0,0,40.0183
0,69,110,0,0,40.0183
0,70,110,0,0,40.0182
0,71,110,0,0,40.0181
0,72,110,0,0,40.018
0,73,110,0,0,40.018
0,74,110,0,0,40.0179
0,75,110,0,0,40.0178
0,76,110,0,0,40.0177
0,77,110,0,0,40.0177
0,78,110,0,0,40.0176
0,79,110,0,0,40.0175
0,80,110,0,0,40.0175
0,81,110,0,0,40.0174
0,82,110,0,0,40.0174
0,83,110,0,0,40.0173
0,84,110,0,0,40.0172
0,85,110,0,0,40.0172
0,86,110,0,0,40.0171
0,87,110,0,0,40.0171
0,88,110,0,0,40.017
0,89,110,0,0,40.017
0,90,110,0,0,40.0169
0,91,110,0,0,40.0169
0,92,110,0,0,40.0168
0,93,110,0,0,40.0168
0,94,110,0,0,40.0167
0,95,110,0,0,40.0167
0,96,110,0,0,40.0167
0,97,110,0,0,40.0166
0,98,110,0,0,40.0166
0,99,110,0,0,40.0165
0,100,110,0,0,40.0165
0,101,110,0,0,40.0165
0,102,110,0,0,40.0164
0,103,110,0,0,40.0164
0,104,110,0,0,40.0164
0,105,110,0,0,40.0163
0,106,110,0,0,40.0163
0,107,110,0,0,40.0163
0,108,110,0,0,40.0162
0,109,110,0,0,40.0162
0,110,110,0,0,40.0162
0,111,110,0,0,40.0162
0,112,110,0,0,40.0162
0,113,110,0,0,40.0161
0,114,110,0,0,40.0161
0,115,110,0,0,40.0161
0,116,110,0,0,40.0161
0,117,110,0,0,40.0161
0,118,110,0,0,40.016
0,119,110,0,0,40.016
0,120,110,0,0,40.016
0,121,110,0,0,40.016
0,122,110,0,0,40.016
0,123,110,0,0,40.016
0,124,110,0,0,40.016
0,125,110,0,0,40.016
0,126,110,0,0,40.016
0,127,110,0,0,40.016
0,0,111,0,0,40.0235
0,1,111,0,0,40.0234
0,2,111,0,0,40.0234
0,3,111,0,0,40.0234
0,4,111,0,0,40.0234
0,5,111,0,0,40.0234
0,6,111,0,0,40.0233
0,7,111,0,0,40.0233
0,8,111,0,0,40.0232
0,9,111,0,0,40.0232
0,10,111,0,0,40.0231
0,11,111,0,0,40.0231
0,12,111,0,0,40.023
0,13,111,0,0,40.0229
0,14,111,0,0,40.0229
0,15,111,0,0,40.0228
0,16,111,0,0,40.0227
0,17,111,0,0,40.0226
0,18,111,0,0,40.0225
0,19,111,0,0,40.0225
0,20,111,0,0,40.0224
0,21,111,0,0,40.0223
0,22,111,0,0,40.0222
0,23,111,0,0,40.0221
0,24,111,0,0,40.022
0,25,111,0,0,40.0219
0,26,111,0,0,40.0218
0,27,111,0,0,40.0217
0,28,111,0,0,40.0216
0,29,111,0,0,40.0215
0,30,111,0,0,40.0214
0,31,111,0,0,40.0212
0,32,111,0,0,40.0211
0,33,111,0,0,40.021
0,34,111,0,0,40.0209
0,35,111,0,0,40.0208
0,36,111,0,0,40.0207
0,37,111,0,0,40.0206
0,38,111,0,0,40.0205
0,39,111,0,0,40.0204
0,40,111,0,0,40.0202
0,41,111,0,0,40.0201
0,42,111,0,0,40.02
0,43,111,0,0,40.0199
0,44,111,0,0,40.0198
0,45,111,0,0,40.0197
0,46,111,0,0,40.0196
0,47,111,0,0,40.0195
0,48,111,0,0,40.0194
0,49,111,0,0,40.0193
0,50,111,0,0,40.0192
0,51,111,0,0,40.0191
0,52,111,0,0,40.019
0,53,111,0,0,40.0189
0,54,111,0,0,40.0188
0,55,111,0,0,40.0187
0,56,111,0,0,40.0186
0,57,111,0,0,40.0185
0,58,111,0,0,40.0184
0,59,111,0,0,40.0183
0,60,111,0,0,40.0182
0,61,111,0,0,40.0181
0,62,111,0,0,40.0181
0,63,111,0,0,40.018
0,64,111,0,0,40.0179
0,65,111,0,0,40.0178
0,66,111,0,0,40.0177
0,67,111,0,0,40.0176
0,68,111,0,0,40.0176
0,69,111,0,0,40.0175
0,70,111,0,0,40.0174
0,71,111,0,0,40.0173
0,72,111,0,0,40.0173
0,73,111,0,0,40.0172
0,74,111,0,0,40.0171
0,75,111,0,0,40.0171
0,76,111,0,0,40.017
0,77,111,0,0,40.0169
0,78,111,0,0,40.0169
0,79,111,0,0,40.0168
0,80,111,0,0,40.0167
0,81,111,0,0,40.0167
0,82,111,0,0,40.0166
0,83,111,0,0,40.0166
0,84,111,0,0,40.0165
0,85,111,0,0,40.0165
0,86,111,0,0,40.0164
0,87,111,0,0,40.0164
0,88,111,0,0,40.0163
0,89,111,0,0,40.0163
0,90,111,0,0,40.0162
0,91,111,0,0,40.0162
0,92,111,0,0,40.0161
0,93,111,0,0,40.0161
0,94,111,0,0,40.016
0,95,111,0,0,40.016
0,96,111,0,0,40.0159
0,97,111,0,0,40.0159
0,98,111,0,0,40.0159
0,99,111,0,0,40.0158
0,100,111,0,0,40.0158
0,101,111,0,0,40.0158
0,102,111,0,0,40.0157
0,103,111,0,0,40.0157
0,104,111,0,0,40.0157
0,105,111,0,0,40.0156
0,106,111,0,0,40.0156
0,107,111,0,0,40.0156
0,108,111,0,0,40.0156
0,109,111,0,0,40.0155
0,110,111,0,0,40.0155
0,111,111,0,0,40.0155
0,112,111,0,0,40.0155
0,113,111,0,0,40.0155
0,114,111,0,0,40.0154
0,115,111,0,0,40.0154
0,116,111,0,0,40.0154
0,117,111,0,0,40.0154
0,118,111,0,0,40.0154
0,119,111,0,0,40.0154
0,120,111,0,0,40.0153
0,121,111,0,0,40.0153
0,122,111,0,0,40.0153
0,123,111,0,0,40.0153
0,124,111,0,0,40.0153
0,125,111,0,0,40.0153
0,126,111,0,0,40.0153
0,127,111,0,0,40.0153
0,0,112,0,0,40.0224
0,1,112,0,0,40.0224
0,2,112,0,0,40.0224
0,3,112,0,0,40.0224
0,4,112,0,0,40.0224
0,5,112,0,0,40.0223
0,6,112,0,0,40.0223
0,7,112,0,0,40.0223
0,8,112,0,0,40.0222
0,9,112,0,0,40.0222
0,10,112,0,0,40.0221
0,11,112,0,0,40.0221
0,12,112,0,0,40.022
0,13,112,0,0,40.0219
0,14,112,0,0,40.0219
0,15,112,0,0,40.0218
0,16,112,0,0,40.0217
0,17,112,0,0,40.0217
0,18,112,0,0,40.0216
0,19,112,0,0,40.0215
0,20,112,0,0,40.0214
0,21,112,0,0,40.0213
0,22,112,0,0,40.0212
0,23,112,0,0,40.0211
0,24,112,0,0,40.021
0,25,112,0,0,40.021
0,26,112,0,0,40.0209
0,27,112,0,0,40.0208
0,28,112,0,0,40.0207
0,29,112,0,0,40.0206
0,30,112,0,0,40.0205
0,31,112,0,0,40.0203
0,32,112,0,0,40.0202
0,33,112,0,0,40.0201
0,34,112,0,0,40.02
0,35,112,0,0,40.0199
0,36,112,0,0,40.0198
0,37,112,0,0,40.0197
0,38,112,0,0,40.0196
0,39,112,0,0,40.0195
0,40,112,0,0,40.0194
0,41,112,0,0,40.0193
0,42,112,0,0,40.0192
0,43,112,0,0,40.0191
0,44,112,0,0,40.019
0,45,112,0,0,40.0189
0,46,112,0,0,40.0188
0,47,112,0,0,40.0187
0,48,112,0,0,40.0186
0,49,112,0,0,40.0185
0,50,112,0,0,40.0184
0,51,112,0,0,40.0183
0,52,112,0,0,40.0182
0,53,112,0,0,40.0181
0,54,112,0,0,40.018
0,55,112,0,0,40.0179
0,56,112,0,0,40.0178
0,57,112,0,0,40.0177
0,58,112,0,0,40.0177
0,59,112,0,0,40.0176
0,60,112,0,0,40.0175
0,61,112,0,0,40.0174
0,62,112,0,0,40.0173
0,63,112,0,0,40.0172
0,64,112,0,0,40.0172
0,65,112,0,0,40.0171
0,66,112,0,0,40.017
0,67,112,0,0,40.0169
0,68,112,0,0,40.0169
0,69,112,0,0,40.0168
0,70,112,0,0,40.0167
0,71,112,0,0,40.0166
0,72,112,0,0,40.0166
0,73,112,0,0,40.0165
0,74,112,0,0,40.0164
0,75,112,0,0,40.0164
0,76,112,0,0,40.0163
0,77,112,0,0,40.0162
0,78,112,0,0,40.0162
0,79,112,0,0,40.0161
0,80,112,0,0,40.0161
0,81,112,0,0,40.016
0,82,112,0,0,40.0159
0,83,112,0,0,40.0159
0,84,112,0,0,40.0158
0,85,112,0,0,40.0158
0,86,112,0,0,40.0157
0,87,112,0,0,40.0157
0,88,112,0,0,40.0156
0,89,112,0,0,40.0156
0,90,112,0,0,40.0155
0,91,112,0,0,40.0155
0,92,112,0,0,40.0155
0,93,112,0,0,40.0154
0,94,112,0,0,40.0154
0,95,112,0,0,40.0153
0,96,112,0,0,40.0153
0,97,112,0,0,40.0153
0,98,112,0,0,40.0152
0,99,112,0,0,40.0152
0,100,112,0,0,40.0152
0,101,112,0,0,40.0151
0,102,112,0,0,40.0151
0,103,112,0,0,40.0151
0,104,112,0,0,40.015
0,105,112,0,0,40.015
0,106,112,0,0,40.015
0,107,112,0,0,40.0149
0,108,112,0,0,40.0149
0,109,112,0,0,40.0149
0,110,112,0,0,40.0149
0,111,112,0,0,40.0149
0,112,112,0,0,40.0148
0,113,112,0,0,40.0148
0,114,112,0,0,40.0148
0,115,112,0,0,40.0148
0,116,112,0,0,40.0148
0,117,112,0,0,40.0148
0,118,112,0,0,40.0147
0,119,112,0,0,40.0147
0,120,112,0,0,40.0147
0,121,112,0,0,40.0147
0,122,112,0,0,40.0147
0,123,112,0,0,40.0147
0,124,112,0,0,40.0147
0,125,112,0,0,40.0147
0,126,112,0,0,40.0147
0,127,112,0,0,40.0147
0,0,113,0,0,40.0215
0,1,113,0,0,40.0215
0,2,113,0,0,40.0215
0,3,113,0,0,40.0215
0,4,113,0,0,40.0214
0,5,113,0,0,40.0214
0,6,113,0,0,40.0214
0,7,113,0,0,40.0213
0,8,113,0,0,40.0213
0,9,113,0,0,40.0212
0,10,113,0,0,40.0212
0,11,113,0,0,40.0211
0,12,113,0,0,40.0211
0,13,113,0,0,40.021
0,14,113,0,0,40.021
0,15,113,0,0,40.0209
0,16,113,0,0,40.0208
0,17,113,0,0,40.0208
0,18,113,0,0,40.0207
0,19,113,0,0,40.0206
0,20,113,0,0,40.0205
0,21,113,0,0,40.0204
0,22,113,0,0,40.0204
0,23,113,0,0,40.0203
0,24,113,0,0,40.0202
0,25,113,0,0,40.0201
0,26,113,0,0,40.02
0,27,113,0,0,40.0199
0,28,113,0,0,40.0198
0,29,113,0,0,40.0197
0,30,113,0,0,40.0196
0,31,113,0,0,40.0195
0,32,113,0,0,40.0194
0,33,113,0,0,40.0193
0,34,113,0,0,40.0192
0,35,113,0,0,40.0191
0,36,113,0,0,40.019
0,37,113,0,0,40.0189
0,38,113,0,0,40.0188
0,39,113,0,0,40.0187
0,40,113,0,0,40.0186
0,41,113,0,0,40.0185
0,42,113,0,0,40.0184
0,43,113,0,0,40.0183
0,44,113,0,0,40.0182
0,45,113,0,0,40.0181
0,46,113,0,0,40.018
0,47,113,0,0,40.0179
0,48,113,0,0,40.0179
0,49,113,0,0,40.0178
0,50,113,0,0,40.0177
0,51,113,0,0,40.0176
0,52,113,0,0,40.0175
0,53,113,0,0,40.0174
0,54,113,0,0,40.0173
0,55,113,0,0,40.0172
0,56,113,0,0,40.0171
0,57,113,0,0,40.017
0,58,113,0,0,40.017
0,59,113,0,0,40.0169
0,60,113,0,0,40.0168
0,61,113,0,0,40.0167
0,62,113,0,0,40.0166
0,63,113,0,0,40.0166
0,64,113,0,0,40.0165
0,65,113,0,0,40.0164
0,66,113,0,0,40.0163
0,67,113,0,0,40.0163
0,68,113,0,0,40.0162
0,69,113,0,0,40.0161
0,70,113,0,0,40.016
0,71,113,0,0,40.016
0,72,113,0,0,40.0159
0,73,113,0,0,40.0158
0,74,113,0,0,40.0158
0,75,113,0,0,40.0157
0,76,113,0,0,40.0157
0,77,113,0,0,40.0156
0,78,113,0,0,40.0155
0,79,113,0,0,40.0155
0,80,113,0,0,40.0154
0,81,113,0,0,40.0154
0,82,113,0,0,40.0153
0,83,113,0,0,40.0153
0,84,113,0,0,40.0152
0,85,113,0,0,40.0152
0,86,113,0,0,40.0151
0,87,113,0,0,40.0151
0,88,113,0,0,40.015
0,89,113,0,0,40.015
0,90,113,0,0,40.0149
0,91,113,0,0,40.0149
0,92,113,0,0,40.0148
0,93,113,0,0,40.0148
0,94,113,0,0,40.0148
0,95,113,0,0,40.0147
0,96,113,0,0,40.0147
0,97,113,0,0,40.0147
0,98,113,0,0,40.0146
0,99,113,0,0,40.0146
0,100,113,0,0,40.0146
0,101,113,0,0,40.0145
0,102,113,0,0,40.0145
0,103,113,0,0,40.0145
0,104,113,0,0,40.0144
0,105,113,0,0,40.0144
0,106,113,0,0,40.0144
0,107,113,0,0,40.0144
0,108,113,0,0,40.0143
0,109,113,0,0,40.0143
0,110,113,0,0,40.0143
0,111,113,0,0,40.0143
0,112,113,0,0,40.0143
0,113,113,0,0,40.0142
0,114,113,0,0,40.0142
0,115,113,0,0,40.0142
0,116,113,0,0,40.0142
0,117,113,0,0,40.0142
0,118,113,0,0,40.0142
0,119,113,0,0,40.0142
0,120,113,0,0,40.0141
0,121,113,0,0,40.0141
0,122,113,0,0,40.0141
0,123,113,0,0,40.0141
0,124,113,0,0,40.0141
0,125,113,0,0,40.0141
0,126,113,0,0,40.0141
0,127,113,0,0,40.0141
0,0,114,0,0,40.0206
0,1,114,0,0,40.0206
0,2,114,0,0,40.0206
0,3,114,0,0,40.0206
0,4,114,0,0,40.0206
0,5,114,0,0,40.0205
0,6,114,0,0,40.0205
0,7,114,0,0,40.0205
0,8,114,0,0,40.0204
0,9,114,0,0,40.0204
0,10,114,0,0,40.0203
0,11,114,0,0,40.0203
0,12,114,0,0,40.0202
0,13,114,0,0,40.0202
0,14,114,0,0,40.0201
0,15,114,0,0,40.0201
0,16,114,0,0,40.02
0,17,114,0,0,40.0199
0,18,114,0,0,40.0199
0,19,114,0,0,40.0198
0,20,114,0,0,40.0197
0,21,114,0,0,40.0196
0,22,114,0,0,40.0196
0,23,114,0,0,40.0195
0,24,114,0,0,40.0194
0,25,114,0,0,40.0193
0,26,114,0,0,40.0192
0,27,114,0,0,40.0191
0,28,114,0,0,40.019
0,29,114,0,0,40.0189
0,30,114,0,0,40.0189
0,31,114,0,0,40.0188
0,32,114,0,0,40.0187
0,33,114,0,0,40.0186
0,34,114,0,0,40.0185
0,35,114,0,0,40.0184
0,36,114,0,0,40.0183
0,37,114,0,0,40.0182
0,38,114,0,0,40.0181
0,39,114,0,0,40.018
0,40,114,0,0,40.0179
0,41,114,0,0,40.0178
0,42,114,0,0,40.0177
0,43,114,0,0,40.0176
0,44,114,0,0,40.0175
0,45,114,0,0,40.0174
0,46,114,0,0,40.0173
0,47,114,0,0,40.0173
0,48,114,0,0,40.0172
0,49,114,0,0,40.0171
0,50,114,0,0,40.017
0,51,114,0,0,40.0169
0,52,114,0,0,40.0168
0,53,114,0,0,40.0167
0,54,114,0,0,40.0166
0,55,114,0,0,40.0166
0,56,114,0,0,40.0165
0,57,114,0,0,40.0164
0,58,114,0,0,40.0163
0,59,114,0,0,40.0162
0,60,114,0,0,40.0162
0,61,114,0,0,40.0161
0,62,114,0,0,40.016
0,63,114,0,0,40.0159
0,64,114,0,0,40.0159
0,65,114,0,0,40.0158
0,66,114,0,0,40.0157
0,67,114,0,0,40.0156
0,68,114,0,0,40.0156
0,69,114,0,0,40.0155
0,70,114,0,0,40.0154
0,71,114,0,0,40.0154
0,72,114,0,0,40.0153
0,73,114,0,0,40.0152
0,74,114,0,0,40.0152
0,75,114,0,0,40.0151
0,76,114,0,0,40.0151
0,77,114,0,0,40.015
0,78,114,0,0,40.015
0,79,114,0,0,40.0149
0,80,114,0,0,40.0148
0,81,114,0,0,40.0148
0,82,114,0,0,40.0147
0,83,114,0,0,40.0147
0,84,114,0,0,40.0146
0,85,114,0,0,40.0146
0,86,114,0,0,40.0145
0,87,114,0,0,40.0145
0,88,114,0,0,40.0145
0,89,114,0,0,40.0144
0,90,114,0,0,40.0144
0,91,114,0,0,40.0143
0,92,114,0,0,40.0143
0,93,114,0,0,40.0142
0,94,114,0,0,40.0142
0,95,114,0,0,40.0142
0,96,114,0,0,40.0141
0,97,114,0,0,40.0141
0,98,114,0,0,40.0141
0,99,114,0,0,40.014
0,100,114,0,0,40.014
0,101,114,0,0,40.014
0,102,114,0,0,40.0139
0,103,114,0,0,40.0139
0,104,114,0,0,40.0139
0,105,114,0,0,40.0139
0,106,114,0,0,40.0138
0,107,114,0,0,40.0138
0,108,114,0,0,40.0138
0,109,114,0,0,40.0138
0,110,114,0,0,40.0138
0,111,114,0,0,40.0137
0,112,114,0,0,40.0137
0,113,114,0,0,40.0137
0,114,114,0,0,40.0137
0,115,114,0,0,40.0137
0,116,114,0,0,40.0137
0,117,114,0,0,40.0136
0,118,114,0,0,40.0136
0,119,114,0,0,40.0136
0,120,114,0,0,40.0136
0,121,114,0,0,40.0136
0,122,114,0,0,40.0136
0,123,114,0,0,40.0136
0,124,114,0,0,40.0136
0,125,114,0,0,40.0136
0,126,114,0,0,40.0136
0,127,114,0,0,40.0136
0,0,115,0,0,40.0198
0,1,115,0,0,40.0198
0,2,115,0,0,40.0198
0,3,115,0,0,40.0198
0,4,115,0,0,40.0198
0,5,115,0,0,40.0197
0,6,115,0,0,40.0197
0,7,115,0,0,40.0197
0,8,115,0,0,40.0196
0,9,115,0,0,40.0196
0,10,115,0,0,40.0196
0,11,115,0,0,40.0195
0,12,115,0,0,40.0195
0,13,115,0,0,40.0194
0,14,115,0,0,40.0194
0,15,115,0,0,40.0193
0,16,115,0,0,40.0192
0,17,115,0,0,40.0192
0,18,115,0,0,40.0191
0,19,115,0,0,40.019
0,20,115,0,0,40.019
0,21,115,0,0,40.0189
0,22,115,0,0,40.0188
0,23,115,0,0,40.0187
0,24,115,0,0,40.0187
0,25,115,0,0,40.0186
0,26,115,0,0,40.0185
0,27,115,0,0,40.0184
0,28,115,0,0,40.0183
0,29,115,0,0,40.0182
0,30,115,0,0,40.0181
0,31,115,0,0,40.0181
0,32,115,0,0,40.018
0,33,115,0,0,40.0179
0,34,115,0,0,40.0178
0,35,115,0,0,40.0177
0,36,115,0,0,40.0176
0,37,115,0,0,40.0175
0,38,115,0,0,40.0174
0,39,115,0,0,40.0173
0,40,115,0,0,40.0172
0,41,115,0,0,40.0172
0,42,115,0,0,40.0171
0,43,115,0,0,40.017
0,44,115,0,0,40.0169
0,45,115,0,0,40.0168
0,46,115,0,0,40.0167
0,47,115,0,0,40.0166
0,48,115,0,0,40.0165
0,49,115,0,0,40.0165
0,50,115,0,0,40.0164
0,51,115,0,0,40.0163
0,52,115,0,0,40.0162
0,53,115,0,0,40.0161
0,54,115,0,0,40.016
0,55,115,0,0,40.016
0,56,115,0,0,40.0159
0,57,115,0,0,40.0158
0,58,115,0,0,40.0157
0,59,115,0,0,40.0156
0,60,115,0,0,40.0156
0,61,115,0,0,40.0155
0,62,115,0,0,40.0154
0,63,115,0,0,40.0153
0,64,115,0,0,40.0153
0,65,115,0,0,40.0152
0,66,115,0,0,40.0151
0,67,115,0,0,40.0151
0,68,115,0,0,40.015
0,69,115,0,0,40.0149
0,70,115,0,0,40.0149
0,71,115,0,0,40.0148
0,72,115,0,0,40.0148
0,73,115,0,0,40.0147
0,74,115,0,0,40.0146
0,75,115,0,0,40.0146
0,76,115,0,0,40.0145
0,77,115,0,0,40.0145
0,78,115,0,0,40.0144
0,79,115,0,0,40.0144
0,80,115,0,0,40.0143
0,81,115,0,0,40.0143
0,82,115,0,0,40.0142
0,83,115,0,0,40.0142
0,84,115,0,0,40.0141
0,85,115,0,0,40.0141
0,86,115,0,0,40.014
0,87,115,0,0,40.014
0,88,115,0,0,40.0139
0,89,115,0,0,40.0139
0,90,115,0,0,40.0138
0,91,115,0,0,40.0138
0,92,115,0,0,40.0138
0,93,115,0,0,40.0137
0,94,115,0,0,40.0137
0,95,115,0,0,40.0137
0,96,115,0,0,40.0136
0,97,115,0,0,40.0136
0,98,115,0,0,40.0136
0,99,115,0,0,40.0135
0,100,115,0,0,40.0135
0,101,115,0,0,40.0135
0,102,115,0,0,40.0134
0,103,115,0,0,40.0134
0,104,115,0,0,40.0134
0,105,115,0,0,40.0134
0,106,115,0,0,40.0133
0,107,115,0,0,40.0133
0,108,115,0,0,40.0133
0,109,115,0,0,40.0133
0,110,115,0,0,40.0133
0,111,115,0,0,40.0132
0,112,115,0,0,40.0132
0,113,115,0,0,40.0132
0,114,115,0,0,40.0132
0,115,115,0,0,40.0132
0,116,115,0,0,40.0132
0,117,115,0,0,40.0131
0,118,115,0,0,40.0131
0,119,115,0,0,40.0131
0,120,115,0,0,40.0131
0,121,115,0,0,40.0131
0,122,115,0,0,40.0131
0,123,115,0,0,40.0131
0,124,115,0,0,40.0131
0,125,115,0,0,40.0131
0,126,115,0,0,40.0131
0,127,115,0,0,40.0131
0,0,116,0,0,40.0191
0,1,116,0,0,40.0191
0,2,116,0,0,40.0191
0,3,116,0,0,40.0191
0,4,116,0,0,40.019
0,5,116,0,0,40.019
0,6,116,0,0,40.019
0,7,116,0,0,40.019
0,8,116,0,0,40.0189
0,9,116,0,0,40.0189
0,10,116,0,0,40.0188
0,11,116,0,0,40.0188
0,12,116,0,0,40.0188
0,13,116,0,0,40.0187
0,14,116,0,0,40.0187
0,15,116,0,0,40.0186
0,16,116,0,0,40.0185
0,17,116,0,0,40.0185
0,18,116,0,0,40.0184
0,19,116,0,0,40.0183
0,20,116,0,0,40.0183
0,21,116,0,0,40.0182
0,22,116,0,0,40.0181
0,23,116,0,0,40.0181
0,24,116,0,0,40.018
0,25,116,0,0,40.0179
0,26,116,0,0,40.0178
0,27,116,0,0,40.0177
0,28,116,0,0,40.0177
0,29,116,0,0,40.0176
0,30,116,0,0,40.0175
0,31,116,0,0,40.0174
0,32,116,0,0,40.0173
0,33,116,0,0,40.0172
0,34,116,0,0,40.0172
0,35,116,0,0,40.0171
0,36,116,0,0,40.017
0,37,116,0,0,40.0169
0,38,116,0,0,40.0168
0,39,116,0,0,40.0167
0,40,116,0,0,40.0166
0,41,116,0,0,40.0166
0,42,116,0,0,40.0165
0,43,116,0,0,40.0164
0,44,116,0,0,40.0163
0,45,116,0,0,40.0162
0,46,116,0,0,40.0161
0,47,116,0,0,40.016
0,48,116,0,0,40.016
0,49,116,0,0,40.0159
0,50,116,0,0,40.0158
0,51,116,0,0,40.0157
0,52,116,0,0,40.0156
0,53,116,0,0,40.0156
0,54,116,0,0,40.0155
0,55,116,0,0,40.0154
0,56,116,0,0,40.0153
0,57,116,0,0,40.0153
0,58,116,0,0,40.0152
0,59,116,0,0,40.0151
0,60,116,0,0,40.015
0,61,116,0,0,40.015
0,62,116,0,0,40.0149
0,63,116,0,0,40.0148
0,64,116,0,0,40.0148
0,65,116,0,0,40.0147
0,66,116,0,0,40.0146
0,67,116,0,0,40.0146
0,68,116,0,0,40.0145
0,69,116,0,0,40.0144
0,70,116,0,0,40.0144
0,71,116,0,0,40.0143
0,72,116,0,0,40.0142
0,73,116,0,0,40.0142
0,74,116,0,0,40.0141
0,75,116,0,0,40.0141
0,76,116,0,0,40.014
0,77,116,0,0,40.014
0,78,116,0,0,40.0139
0,79,116,0,0,40.0139
0,80,116,0,0,40.0138
0,81,116,0,0,40.0138
0,82,116,0,0,40.0137
0,83,116,0,0,40.0137
0,84,116,0,0,40.0136
0,85,116,0,0,40.0136
0,86,116,0,0,40.0135
0,87,116,0,0,40.0135
0,88,116,0,0,40.0135
0,89,116,0,0,40.0134
0,90,116,0,0,40.0134
0,91,116,0,0,40.0133
0,92,116,0,0,40.0133
0,93,116,0,0,40.0133
0,94,116,0,0,40.0132
0,95,116,0,0,40.0132
0,96,116,0,0,40.0132
0,97,116,0,0,40.0131
0,98,116,0,0,40.0131
0,99,116,0,0,40.0131
0,100,116,0,0,40.013
0,101,116,0,0,40.013
0,102,116,0,0,40.013
0,103,116,0,0,40.013
0,104,116,0,0,40.0129
0,105,116,0,0,40.0129
0,106,116,0,0,40.0129
0,107,116,0,0,40.0129
0,108,116,0,0,40.0128
0,109,116,0,0,40.0128
0,110,116,0,0,40.0128
0,111,116,0,0,40.0128
0,112,116,0,0,40.0128
0,113,116,0,0,40.0127
0,114,116,0,0,40.0127
0,115,116,0,0,40.0127
0,116,116,0,0,40.0127
0,117,116,0,0,40.0127
0,118,116,0,0,40.0127
0,119,116,0,0,40.0127
0,120,116,0,0,40.0127
0,121,116,0,0,40.0127
0,122,116,0,0,40.0126
0,123,116,0,0,40.0126
0,124,116,0,0,40.0126
0,125,116,0,0,40.0126
0,126,116,0,0,40.0126
0,127,116,0,0,40.0126
0,0,117,0,0,40.0184
0,1,117,0,0,40.0184
0,2,117,0,0,40.0184
0,3,117,0,0,40.0184
0,4,117,0,0,40.0184
0,5,117,0,0,40.0184
0,6,117,0,0,40.0183
0,7,117,0,0,40.0183
0,8,117,0,0,40.0183
0,9,117,0,0,40.0182
0,10,117,0,0,40.0182
0,11,117,0,0,40.0182
0,12,117,0,0,40.0181
0,13,117,0,0,40.0181
0,14,117,0,0,40.018
0,15,117,0,0,40.018
0,16,117,0,0,40.0179
0,17,117,0,0,40.0178
0,18,117,0,0,40.0178
0,19,117,0,0,40.0177
0,20,117,0,0,40.0177
0,21,117,0,0,40.0176
0,22,117,0,0,40.0175
0,23,117,0,0,40.0174
0,24,117,0,0,40.0174
0,25,117,0,0,40.0173
0,26,117,0,0,40.0172
0,27,117,0,0,40.0171
0,28,117,0,0,40.0171
0,29,117,0,0,40.017
0,30,117,0,0,40.0169
0,31,117,0,0,40.0168
0,32,117,0,0,40.0168
0,33,117,0,0,40.0167
0,34,117,0,0,40.0166
0,35,117,0,0,40.0165
0,36,117,0,0,40.0164
0,37,117,0,0,40.0163
0,38,117,0,0,40.0163
0,39,117,0,0,40.0162
0,40,117,0,0,40.0161
0,41,117,0,0,40.016
0,42,117,0,0,40.0159
0,43,117,0,0,40.0158
0,44,117,0,0,40.0158
0,45,117,0,0,40.0157
0,46,117,0,0,40.0156
0,47,117,0,0,40.0155
0,48,117,0,0,40.0154
0,49,117,0,0,40.0154
0,50,117,0,0,40.0153
0,51,117,0,0,40.0152
0,52,117,0,0,40.0151
0,53,117,0,0,40.015
0,54,117,0,0,40.015
0,55,117,0,0,40.0149
0,56,117,0,0,40.0148
0,57,117,0,0,40.0148
0,58,117,0,0,40.0147
0,59,117,0,0,40.0146
0,60,117,0,0,40.0145
0,61,117,0,0,40.0145
0,62,117,0,0,40.0144
0,63,117,0,0,40.0143
0,64,117,0,0,40.0143
0,65,117,0,0,40.0142
0,66,117,0,0,40.0141
0,67,117,0,0,40.0141
0,68,117,0,0,40.014
0,69,117,0,0,40.014
0,70,117,0,0,40.0139
0,71,117,0,0,40.0138
0,72,117,0,0,40.0138
0,73,117,0,0,40.0137
0,74,117,0,0,40.0137
0,75,117,0,0,40.0136
0,76,117,0,0,40.0136
0,77,117,0,0,40.0135
0,78,117,0,0,40.0135
0,79,117,0,0,40.0134
0,80,117,0,0,40.0134
0,81,117,0,0,40.0133
0,82,117,0,0,40.0133
0,83,117,0,0,40.0132
0,84,117,0,0,40.0132
0,85,117,0,0,40.0131
0,86,117,0,0,40.0131
0,87,117,0,0,40.0131
0,88,117,0,0,40.013
0,89,117,0,0,40.013
0,90,117,0,0,40.0129
0,91,117,0,0,40.0129
0,92,117,0,0,40.0129
0,93,117,0,0,40.0128
0,94,117,0,0,40.0128
0,95,117,0,0,40.0128
0,96,117,0,0,40.0127
0,97,117,0,0,40.0127
0,98,117,0,0,40.0127
0,99,117,0,0,40.0126
0,100,117,0,0,40.0126
0,101,117,0,0,40.0126
0,102,117,0,0,40.0126
0,103,117,0,0,40.0125
0,104,117,0,0,40.0125
0,105,117,0,0,40.0125
0,106,117,0,0,40.0125
0,107,117,0,0,40.0124
0,108,117,0,0,40.0124
0,109,117,0,0,40.0124
0,110,117,0,0,40.0124
0,111,117,0,0,40.0124
0,112,117,0,0,40.0123
0,113,117,0,0,40.0123
0,114,117,0,0,40.0123
0,115,117,0,0,40.0123
0,116,117,0,0,40.0123
0,117,117,0,0,40.0123
0,118,117,0,0,40.0123
0,119,117,0,0,40.0123
0,120,117,0,0,40.0123
0,121,117,0,0,40.0122
0,122,117,0,0,40.0122
0,123,117,0,0,40.0122
0,124,117,0,0,40.0122
0,125,117,0,0,40.0122
0,126,117,0,0,40.0122
0,127,117,0,0,40.0122
0,0,118,0,0,40.0178
0,1,118,0,0,40.0178
0,2,118,0,0,40.0178
0,3,118,0,0,40.0178
0,4,118,0,0,40.0178
0,5,118,0,0,40.0178
0,6,118,0,0,40.0177
0,7,118,0,0,40.0177
0,8,118,0,0,40.0177
0,9,118,0,0,40.0176
0,10,118,0,0,40.0176
0,11,118,0,0,40.0176
0,12,118,0,0,40.0175
0,13,118,0,0,40.0175
0,14,118,0,0,40.0174
0,15,118,0,0,40.0174
0,16,118,0,0,40.0173
0,17,118,0,0,40.0173
0,18,118,0,0,40.0172
0,19,118,0,0,40.0171
0,20,118,0,0,40.0171
0,21,118,0,0,40.017
0,22,118,0,0,40.017
0,23,118,0,0,40.0169
0,24,118,0,0,40.0168
0,25,118,0,0,40.0168
0,26,118,0,0,40.0167
0,27,118,0,0,40.0166
0,28,118,0,0,40.0165
0,29,118,0,0,40.0165
0,30,118,0,0,40.0164
0,31,118,0,0,40.0163
0,32,118,0,0,40.0162
0,33,118,0,0,40.0161
0,34,118,0,0,40.0161
0,35,118,0,0,40.016
0,36,118,0,0,40.0159
0,37,118,0,0,40.0158
0,38,118,0,0,40.0157
0,39,118,0,0,40.0157
0,40,118,0,0,40.0156
0,41,118,0,0,40.0155
0,42,118,0,0,40.0154
0,43,118,0,0,40.0154
0,44,118,0,0,40.0153
0,45,118,0,0,40.0152
0,46,118,0,0,40.0151
0,47,118,0,0,40.015
0,48,118,0,0,40.015
0,49,118,0,0,40.0149
0,50,118,0,0,40.0148
0,51,118,0,0,40.0147
0,52,118,0,0,40.0147
0,53,118,0,0,40.0146
0,54,118,0,0,40.0145
0,55,118,0,0,40.0144
0,56,118,0,0,40.0144
0,57,118,0,0,40.0143
0,58,118,0,0,40.0142
0,59,118,0,0,40.0142
0,60,118,0,0,40.0141
0,61,118,0,0,40.014
0,62,118,0,0,40.014
0,63,118,0,0,40.0139
0,64,118,0,0,40.0138
0,65,118,0,0,40.0138
0,66,118,0,0,40.0137
0,67,118,0,0,40.0137
0,68,118,0,0,40.0136
0,69,118,0,0,40.0135
0,70,118,0,0,40.0135
0,71,118,0,0,40.0134
0,72,118,0,0,40.0134
0,73,118,0,0,40.0133
0,74,118,0,0,40.0133
0,75,118,0,0,40.0132
0,76,118,0,0,40.0132
0,77,118,0,0,40.0131
0,78,118,0,0,40.0131
0,79,118,0,0,40.013
0,80,118,0,0,40.013
0,81,118,0,0,40.0129
0,82,118,0,0,40.0129
0,83,118,0,0,40.0128
0,84,118,0,0,40.0128
0,85,118,0,0,40.0127
0,86,118,0,0,40.0127
0,87,118,0,0,40.0127
0,88,118,0,0,40.0126
0,89,118,0,0,40.0126
0,90,118,0,0,40.0125
0,91,118,0,0,40.0125
0,92,118,0,0,40.0125
0,93,118,0,0,40.0124
0,94,118,0,0,40.0124
0,95,118,0,0,40.0124
0,96,118,0,0,40.0123
0,97,118,0,0,40.0123
0,98,118,0,0,40.0123
0,99,118,0,0,40.0123
0,100,118,0,0,40.0122
0,101,118,0,0,40.0122
0,102,118,0,0,40.0122
0,103,118,0,0,40.0121
0,104,118,0,0,40.0121
0,105,118,0,0,40.0121
0,106,118,0,0,40.0121
0,107,118,0,0,40.0121
0,108,118,0,0,40.012
0,109,118,0,0,40.012
0,110,118,0,0,40.012
0,111,118,0,0,40.012
0,112,118,0,0,40.012
0,113,118,0,0,40.012
0,114,118,0,0,40.0119
0,115,118,0,0,40.0119
0,116,118,0,0,40.0119
0,117,118,0,0,40.0119
0,118,118,0,0,40.0119
0,119,118,0,0,40.0119
0,120,118,0,0,40.0119
0,121,118,0,0,40.0119
0,122,118,0,0,40.0119
0,123,118,0,0,40.0119
0,124,118,0,0,40.0119
0,125,118,0,0,40.0118
0,126,118,0,0,40.0118
0,127,118,0,0,40.0118
0,0,119,0,0,40.0173
0,1,119,0,0,40.0173
0,2,119,0,0,40.0173
0,3,119,0,0,40.0173
0,4,119,0,0,40.0172
0,5,119,0,0,40.0172
0,6,119,0,0,40.0172
0,7,119,0,0,40.0172
0,8,119,0,0,40.0171
0,9,119,0,0,40.0171
0,10,119,0,0,40.0171
0,11,119,0,0,40.017
0,12,119,0,0,40.017
0,13,119,0,0,40.017
0,14,119,0,0,40.0169
0,15,119,0,0,40.0169
0,16,119,0,0,40.0168
0,17,119,0,0,40.0168
0,18,119,0,0,40.0167
0,19,119,0,0,40.0166
0,20,119,0,0,40.0166
0,21,119,0,0,40.0165
0,22,119,0,0,40.0165
0,23,119,0,0,40.0164
0,24,119,0,0,40.0163
0,25,119,0,0,40.0163
0,26,119,0,0,40.0162
0,27,119,0,0,40.0161
0,28,119,0,0,40.016
0,29,119,0,0,40.016
0,30,119,0,0,40.0159
0,31,119,0,0,40.0158
0,32,119,0,0,40.0158
0,33,119,0,0,40.0157
0,34,119,0,0,40.0156
0,35,119,0,0,40.0155
0,36,119,0,0,40.0154
0,37,119,0,0,40.0154
0,38,119,0,0,40.0153
0,39,119,0,0,40.0152
0,40,119,0,0,40.0151
0,41,119,0,0,40.0151
0,42,119,0,0,40.015
0,43,119,0,0,40.0149
0,44,119,0,0,40.0148
0,45,119,0,0,40.0148
0,46,119,0,0,40.0147
0,47,119,0,0,40.0146
0,48,119,0,0,40.0145
0,49,119,0,0,40.0145
0,50,119,0,0,40.0144
0,51,119,0,0,40.0143
0,52,119,0,0,40.0142
0,53,119,0,0,40.0142
0,54,119,0,0,40.0141
0,55,119,0,0,40.014
0,56,119,0,0,40.014
0,57,119,0,0,40.0139
0,58,119,0,0,40.0138
0,59,119,0,0,40.0138
0,60,119,0,0,40.0137
0,61,119,0,0,40.0136
0,62,119,0,0,40.0136
0,63,119,0,0,40.0135
0,64,119,0,0,40.0134
0,65,119,0,0,40.0134
0,66,119,0,0,40.0133
0,67,119,0,0,40.0133
0,68,119,0,0,40.0132
0,69,119,0,0,40.0132
0,70,119,0,0,40.0131
0,71,119,0,0,40.013
0,72,119,0,0,40.013
0,73,119,0,0,40.0129
0,74,119,0,0,40.0129
0,75,119,0,0,40.0128
0,76,119,0,0,40.0128
0,77,119,0,0,40.0127
0,78,119,0,0,40.0127
0,79,119,0,0,40.0126
0,80,119,0,0,40.0126
0,81,119,0,0,40.0125
0,82,119,0,0,40.0125
0,83,119,0,0,40.0125
0,84,119,0,0,40.0124
0,85,119,0,0,40.0124
0,86,119,0,0,40.0123
0,87,119,0,0,40.0123
0,88,119,0,0,40.0123
0,89,119,0,0,40.0122
0,90,119,0,0,40.0122
0,91,119,0,0,40.0122
0,92,119,0,0,40.0121
0,93,119,0,0,40.0121
0,94,119,0,0,40.0121
0,95,119,0,0,40.012
0,96,119,0,0,40.012
0,97,119,0,0,40.012
0,98,119,0,0,40.0119
0,99,119,0,0,40.0119
0,100,119,0,0,40.0119
0,101,119,0,0,40.0119
0,102,119,0,0,40.0118
0,103,119,0,0,40.0118
0,104,119,0,0,40.0118
0,105,119,0,0,40.0118
0,106,119,0,0,40.0117
0,107,119,0,0,40.0117
0,108,119,0,0,40.0117
0,109,119,0,0,40.0117
0,110,119,0,0,40.0117
0,111,119,0,0,40.0116
0,112,119,0,0,40.0116
0,113,119,0,0,40.0116
0,114,119,0,0,40.0116
0,115,119,0,0,40.0116
0,116,119,0,0,40.0116
0,117,119,0,0,40.0116
0,118,119,0,0,40.0116
0,119,119,0,0,40.0116
0,120,119,0,0,40.0115
0,121,119,0,0,40.0115
0,122,119,0,0,40.0115
0,123,119,0,0,40.0115
0,124,119,0,0,40.0115
0,125,119,0,0,40.0115
0,126,119,0,0,40.0115
0,127,119,0,0,40.0115
0,0,120,0,0,40.0168
0,1,120,0,0,40.0168
0,2,120,0,0,40.0168
0,3,120,0,0,40.0168
0,4,120,0,0,40.0168
0,5,120,0,0,40.0167
0,6,120,0,0,40.0167
0,7,120,0,0,40.0167
0,8,120,0,0,40.0167
0,9,120,0,0,40.0166
0,10,120,0,0,40.0166
0,11,120,0,0,40.0166
0,12,120,0,0,40.0165
0,13,120,0,0,40.0165
0,14,120,0,0,40.0164
0,15,120,0,0,40.0164
0,16,120,0,0,40.0163
0,17,120,0,0,40.0163
0,18,120,0,0,40.0162
0,19,120,0,0,40.0162
0,20,120,0,0,40.0161
0,21,120,0,0,40.0161
0,22,120,0,0,40.016
0,23,120,0,0,40.0159
0,24,120,0,0,40.0159
0,25,120,0,0,40.0158
0,26,120,0,0,40.0157
0,27,120,0,0,40.0157
0,28,120,0,0,40.0156
0,29,120,0,0,40.0155
0,30,120,0,0,40.0155
0,31,120,0,0,40.0154
0,32,120,0,0,40.0153
0,33,120,0,0,40.0153
0,34,120,0,0,40.0152
0,35,120,0,0,40.0151
0,36,120,0,0,40.015
0,37,120,0,0,40.015
0,38,120,0,0,40.0149
0,39,120,0,0,40.0148
0,40,120,0,0,40.0147
0,41,120,0,0,40.0147
0,42,120,0,0,40.0146
0,43,120,0,0,40.0145
0,44,120,0,0,40.0144
0,45,120,0,0,40.0144
0,46,120,0,0,40.0143
0,47,120,0,0,40.0142
0,48,120,0,0,40.0142
0,49,120,0,0,40.0141
0,50,120,0,0,40.014
0,51,120,0,0,40.0139
0,52,120,0,0,40.0139
0,53,120,0,0,40.0138
0,54,120,0,0,40.0137
0,55,120,0,0,40.0137
0,56,120,0,0,40.0136
0,57,120,0,0,40.0135
0,58,120,0,0,40.0135
0,59,120,0,0,40.0134
0,60,120,0,0,40.0133
0,61,120,0,0,40.0133
0,62,120,0,0,40.0132
0,63,120,0,0,40.0132
0,64,120,0,0,40.0131
0,65,120,0,0,40.013
0,66,120,0,0,40.013
0,67,120,0,0,40.0129
0,68,120,0,0,40.0129
0,69,120,0,0,40.0128
0,70,120,0,0,40.0128
0,71,120,0,0,40.0127
0,72,120,0,0,40.0126
0,73,120,0,0,40.0126
0,74,120,0,0,40.0125
0,75,120,0,0,40.0125
0,76,120,0,0,40.0125
0,77,120,0,0,40.0124
0,78,120,0,0,40.0124
0,79,120,0,0,40.0123
0,80,120,0,0,40.0123
0,81,120,0,0,40.0122
0,82,120,0,0,40.0122
0,83,120,0,0,40.0121
0,84,120,0,0,40.0121
0,85,120,0,0,40.0121
0,86,120,0,0,40.012
0,87,120,0,0,40.012
0,88,120,0,0,40.0119
0,89,120,0,0,40.0119
0,90,120,0,0,40.0119
0,91,120,0,0,40.0118
0,92,120,0,0,40.0118
0,93,120,0,0,40.0118
0,94,120,0,0,40.0117
0,95,120,0,0,40.0117
0,96,120,0,0,40.0117
0,97,120,0,0,40.0117
0,98,120,0,0,40.0116
0,99,120,0,0,40.0116
0,100,120,0,0,40.0116
0,101,120,0,0,40.0115
0,102,120,0,0,40.0115
0,103,120,0,0,40.0115
0,104,120,0,0,40.0115
0,105,120,0,0,40.0115
0,106,120,0,0,40.0114
0,107,120,0,0,40.0114
0,108,120,0,0,40.0114
0,109,120,0,0,40.0114
0,110,120,0,0,40.0114
0,111,120,0,0,40.0113
0,112,120,0,0,40.0113
0,113,120,0,0,40.0113
0,114,120,0,0,40.0113
0,115,120,0,0,40.0113
0,116,120,0,0,40.0113
0,117,120,0,0,40.0113
0,118,120,0,0,40.0113
0,119,120,0,0,40.0113
0,120,120,0,0,40.0112
0,121,120,0,0,40.0112
0,122,120,0,0,40.0112
0,123,120,0,0,40.0112
0,124,120,0,0,40.0112
0,125,120,0,0,40.0112
0,126,120,0,0,40.0112
0,127,120,0,0,40.0112
0,0,121,0,0,40.0164
0,1,121,0,0,40.0164
0,2,121,0,0,40.0164
0,3,121,0,0,40.0164
0,4,121,0,0,40.0163
0,5,121,0,0,40.0163
0,6,121,0,0,40.0163
0,7,121,0,0,40.0163
0,8,121,0,0,40.0162
0,9,121,0,0,40.0162
0,10,121,0,0,40.0162
0,11,121,0,0,40.0162
0,12,121,0,0,40.0161
0,13,121,0,0,40.0161
0,14,121,0,0,40.016
0,15,121,0,0,40.016
0,16,121,0,0,40.0159
0,17,121,0,0,40.0159
0,18,121,0,0,40.0158
0,19,121,0,0,40.0158
0,20,121,0,0,40.0157
0,21,121,0,0,40.0157
0,22,121,0,0,40.0156
0,23,121,0,0,40.0156
0,24,121,0,0,40.0155
0,25,121,0,0,40.0154
0,26,121,0,0,40.0154
0,27,121,0,0,40.0153
0,28,121,0,0,40.0152
0,29,121,0,0,40.0152
0,30,121,0,0,40.0151
0,31,121,0,0,40.015
0,32,121,0,0,40.015
0,33,121,0,0,40.0149
0,34,121,0,0,40.0148
0,35,121,0,0,40.0147
0,36,121,0,0,40.0147
0,37,121,0,0,40.0146
0,38,121,0,0,40.0145
0,39,121,0,0,40.0145
0,40,121,0,0,40.0144
0,41,121,0,0,40.0143
0,42,121,0,0,40.0142
0,43,121,0,0,40.0142
0,44,121,0,0,40.0141
0,45,121,0,0,40.014
0,46,121,0,0,40.014
0,47,121,0,0,40.0139
0,48,121,0,0,40.0138
0,49,121,0,0,40.0137
0,50,121,0,0,40.0137
0,51,121,0,0,40.0136
0,52,121,0,0,40.0135
0,53,121,0,0,40.0135
0,54,121,0,0,40.0134
0,55,121,0,0,40.0133
0,56,121,0,0,40.0133
0,57,121,0,0,40.0132
0,58,121,0,0,40.0132
0,59,121,0,0,40.0131
0,60,121,0,0,40.013
0,61,121,0,0,40.013
0,62,121,0,0,40.0129
0,63,121,0,0,40.0128
0,64,121,0,0,40.0128
0,65,121,0,0,40.0127
0,66,121,0,0,40.0127
0,67,121,0,0,40.0126
0,68,121,0,0,40.0126
0,69,121,0,0,40.0125
0,70,121,0,0,40.0125
0,71,121,0,0,40.0124
0,72,121,0,0,40.0124
0,73,121,0,0,40.0123
0,74,121,0,0,40.0123
0,75,121,0,0,40.0122
0,76,121,0,0,40.0122
0,77,121,0,0,40.0121
0,78,121,0,0,40.0121
0,79,121,0,0,40.012
0,80,121,0,0,40.012
0,81,121,0,0,40.0119
0,82,121,0,0,40.0119
0,83,121,0,0,40.0119
0,84,121,0,0,40.0118
0,85,121,0,0,40.0118
0,86,121,0,0,40.0117
0,87,121,0,0,40.0117
0,88,121,0,0,40.0117
0,89,121,0,0,40.0116
0,90,121,0,0,40.0116
0,91,121,0,0,40.0116
0,92,121,0,0,40.0115
0,93,121,0,0,40.0115
0,94,121,0,0,40.0115
0,95,121,0,0,40.0114
0,96,121,0,0,40.0114
0,97,121,0,0,40.0114
0,98,121,0,0,40.0114
0,99,121,0,0,40.0113
0,100,121,0,0,40.0113
0,101,121,0,0,40.0113
0,102,121,0,0,40.0113
0,103,121,0,0,40.0112
0,104,121,0,0,40.0112
0,105,121,0,0,40.0112
0,106,121,0,0,40.0112
0,107,121,0,0,40.0111
0,108,121,0,0,40.0111
0,109,121,0,0,40.0111
0,110,121,0,0,40.0111
0,111,121,0,0,40.0111
0,112,121,0,0,40.0111
0,113,121,0,0,40.0111
0,114,121,0,0,40.011
0,115,121,0,0,40.011
0,116,121,0,0,40.011
0,117,121,0,0,40.011
0,118,121,0,0,40.011
0,119,121,0,0,40.011
0,120,121,0,0,40.011
0,121,121,0,0,40.011
0,122,121,0,0,40.011
0,123,121,0,0,40.011
0,124,121,0,0,40.011
0,125,121,0,0,40.011
0,126,121,0,0,40.011
0,127,121,0,0,40.011
0,0,122,0,0,40.016
0,1,122,0,0,40.016
0,2,122,0,0,40.016
0,3,122,0,0,40.016
0,4,122,0,0,40.016
0,5,122,0,0,40.016
0,6,122,0,0,40.0159
0,7,122,0,0,40.0159
0,8,122,0,0,40.0159
0,9,122,0,0,40.0159
0,10,122,0,0,40.0158
0,11,122,0,0,40.0158
0,12,122,0,0,40.0158
0,13,122,0,0,40.0157
0,14,122,0,0,40.0157
0,15,122,0,0,40.0156
0,16,122,0,0,40.0156
0,17,122,0,0,40.0155
0,18,122,0,0,40.0155
0,19,122,0,0,40.0154
0,20,122,0,0,40.0154
0,21,122,0,0,40.0153
0,22,122,0,0,40.0153
0,23,122,0,0,40.0152
0,24,122,0,0,40.0152
0,25,122,0,0,40.0151
0,26,122,0,0,40.015
0,27,122,0,0,40.015
0,28,122,0,0,40.0149
0,29,122,0,0,40.0148
0,30,122,0,0,40.0148
0,31,122,0,0,40.0147
0,32,122,0,0,40.0146
0,33,122,0,0,40.0146
0,34,122,0,0,40.0145
0,35,122,0,0,40.0144
0,36,122,0,0,40.0144
0,37,122,0,0,40.0143
0,38,122,0,0,40.0142
0,39,122,0,0,40.0142
0,40,122,0,0,40.0141
0,41,122,0,0,40.014
0,42,122,0,0,40.0139
0,43,122,0,0,40.0139
0,44,122,0,0,40.0138
0,45,122,0,0,40.0137
0,46,122,0,0,40.0137
0,47,122,0,0,40.0136
0,48,122,0,0,40.0135
0,49,122,0,0,40.0135
0,50,122,0,0,40.0134
0,51,122,0,0,40.0133
0,52,122,0,0,40.0133
0,53,122,0,0,40.0132
0,54,122,0,0,40.0131
0,55,122,0,0,40.0131
0,56,122,0,0,40.013
0,57,122,0,0,40.0129
0,58,122,0,0,40.0129
0,59,122,0,0,40.0128
0,60,122,0,0,40.0128
0,61,122,0,0,40.0127
0,62,122,0,0,40.0126
0,63,122,0,0,40.0126
0,64,122,0,0,40.0125
0,65,122,0,0,40.0125
0,66,122,0,0,40.0124
0,67,122,0,0,40.0124
0,68,122,0,0,40.0123
0,69,122,0,0,40.0122
0,70,122,0,0,40.0122
0,71,122,0,0,40.0121
0,72,122,0,0,40.0121
0,73,122,0,0,40.012
0,74,122,0,0,40.012
0,75,122,0,0,40.012
0,76,122,0,0,40.0119
0,77,122,0,0,40.0119
0,78,122,0,0,40.0118
0,79,122,0,0,40.0118
0,80,122,0,0,40.0117
0,81,122,0,0,40.0117
0,82,122,0,0,40.0116
0,83,122,0,0,40.0116
0,84,122,0,0,40.0116
0,85,122,0,0,40.0115
0,86,122,0,0,40.0115
0,87,122,0,0,40.0115
0,88,122,0,0,40.0114
0,89,122,0,0,40.0114
0,90,122,0,0,40.0114
0,91,122,0,0,40.0113
0,92,122,0,0,40.0113
0,93,122,0,0,40.0113
0,94,122,0,0,40.0112
0,95,122,0,0,40.0112
0,96,122,0,0,40.0112
0,97,122,0,0,40.0111
0,98,122,0,0,40.0111
0,99,122,0,0,40.0111
0,100,122,0,0,40.0111
0,101,122,0,0,40.011
0,102,122,0,0,40.011
0,103,122,0,0,40.011
0,104,122,0,0,40.011
0,105,122,0,0,40.011
0,106,122,0,0,40.0109
0,107,122,0,0,40.0109
0,108,122,0,0,40.0109
0,109,122,0,0,40.0109
0,110,122,0,0,40.0109
0,111,122,0,0,40.0109
0,112,122,0,0,40.0108
0,113,122,0,0,40.0108
0,114,122,0,0,40.0108
0,115,122,0,0,40.0108
0,116,122,0,0,40.0108
0,117,122,0,0,40.0108
0,118,122,0,0,40.0108
0,119,122,0,0,40.0108
0,120,122,0,0,40.0108
0,121,122,0,0,40.0107
0,122,122,0,0,40.0107
0,123,122,0,0,40.0107
0,124,122,0,0,40.0107
0,125,122,0,0,40.0107
0,126,122,0,0,40.0107
0,127,122,0,0,40.0107
0,0,123,0,0,40.0157
0,1,123,0,0,40.0157
0,2,123,0,0,40.0157
0,3,123,0,0,40.0157
0,4,123,0,0,40.0157
0,5,123,0,0,40.0156
0,6,123,0,0,40.0156
0,7,123,0,0,40.0156
0,8,123,0,0,40.0156
0,9,123,0,0,40.0155
0,10,123,0,0,40.0155
0,11,123,0,0,40.0155
0,12,123,0,0,40.0154
0,13,123,0,0,40.0154
0,14,123,0,0,40.0154
0,15,123,0,0,40.0153
0,16,123,0,0,40.0153
0,17,123,0,0,40.0152
0,18,123,0,0,40.0152
0,19,123,0,0,40.0151
0,20,123,0,0,40.0151
0,21,123,0,0,40.015
0,22,123,0,0,40.015
0,23,123,0,0,40.0149
0,24,123,0,0,40.0149
0,25,123,0,0,40.0148
0,26,123,0,0,40.0147
0,27,123,0,0,40.0147
0,28,123,0,0,40.0146
0,29,123,0,0,40.0146
0,30,123,0,0,40.0145
0,31,123,0,0,40.0144
0,32,123,0,0,40.0144
0,33,123,0,0,40.0143
0,34,123,0,0,40.0142
0,35,123,0,0,40.0142
0,36,123,0,0,40.0141
0,37,123,0,0,40.014
0,38,123,0,0,40.014
0,39,123,0,0,40.0139
0,40,123,0,0,40.0138
0,41,123,0,0,40.0138
0,42,123,0,0,40.0137
0,43,123,0,0,40.0136
0,44,123,0,0,40.0135
0,45,123,0,0,40.0135
0,46,123,0,0,40.0134
0,47,123,0,0,40.0133
0,48,123,0,0,40.0133
0,49,123,0,0,40.0132
0,50,123,0,0,40.0131
0,51,123,0,0,40.0131
0,52,123,0,0,40.013
0,53,123,0,0,40.013
0,54,123,0,0,40.0129
0,55,123,0,0,40.0128
0,56,123,0,0,40.0128
0,57,123,0,0,40.0127
0,58,123,0,0,40.0126
0,59,123,0,0,40.0126
0,60,123,0,0,40.0125
0,61,123,0,0,40.0125
0,62,123,0,0,40.0124
0,63,123,0,0,40.0123
0,64,123,0,0,40.0123
0,65,123,0,0,40.0122
0,66,123,0,0,40.0122
0,67,123,0,0,40.0121
0,68,123,0,0,40.0121
0,69,123,0,0,40.012
0,70,123,0,0,40.012
0,71,123,0,0,40.0119
0,72,123,0,0,40.0119
0,73,123,0,0,40.0118
0,74,123,0,0,40.0118
0,75,123,0,0,40.0117
0,76,123,0,0,40.0117
0,77,123,0,0,40.0116
0,78,123,0,0,40.0116
0,79,123,0,0,40.0116
0,80,123,0,0,40.0115
0,81,123,0,0,40.0115
0,82,123,0,0,40.0114
0,83,123,0,0,40.0114
0,84,123,0,0,40.0114
0,85,123,0,0,40.0113
0,86,123,0,0,40.0113
0,87,123,0,0,40.0112
0,88,123,0,0,40.0112
0,89,123,0,0,40.0112
0,90,123,0,0,40.0111
0,91,123,0,0,40.0111
0,92,123,0,0,40.0111
0,93,123,0,0,40.0111
0,94,123,0,0,40.011
0,95,123,0,0,40.011
0,96,123,0,0,40.011
0,97,123,0,0,40.0109
0,98,123,0,0,40.0109
0,99,123,0,0,40.0109
0,100,123,0,0,40.0109
0,101,123,0,0,40.0108
0,102,123,0,0,40.0108
0,103,123,0,0,40.0108
0,104,123,0,0,40.0108
0,105,123,0,0,40.0108
0,106,123,0,0,40.0107
0,107,123,0,0,40.0107
0,108,123,0,0,40.0107
0,109,123,0,0,40.0107
0,110,123,0,0,40.0107
0,111,123,0,0,40.0107
0,112,123,0,0,40.0106
0,113,123,0,0,40.0106
0,114,123,0,0,40.0106
0,115,123,0,0,40.0106
0,116,123,0,0,40.0106
0,117,123,0,0,40.0106
0,118,123,0,0,40.0106
0,119,123,0,0,40.0106
0,120,123,0,0,40.0106
0,121,123,0,0,40.0106
0,122,123,0,0,40.0105
0,123,123,0,0,40.0105
0,124,123,0,0,40.0105
0,125,123,0,0,40.0105
0,126,123,0,0,40.0105
0,127,123,0,0,40.0105
0,0,124,0,0,40.0154
0,1,124,0,0,40.0154
0,2,124,0,0,40.0154
0,3,124,0,0,40.0154
0,4,124,0,0,40.0154
0,5,124,0,0,40.0154
0,6,124,0,0,40.0154
0,7,124,0,0,40.0153
0,8,124,0,0,40.0153
0,9,124,0,0,40.0153
0,10,124,0,0,40.0153
0,11,124,0,0,40.0152
0,12,124,0,0,40.0152
0,13,124,0,0,40.0152
0,14,124,0,0,40.0151
0,15,124,0,0,40.0151
0,16,124,0,0,40.015
0,17,124,0,0,40.015
0,18,124,0,0,40.0149
0,19,124,0,0,40.0149
0,20,124,0,0,40.0148
0,21,124,0,0,40.0148
0,22,124,0,0,40.0147
0,23,124,0,0,40.0147
0,24,124,0,0,40.0146
0,25,124,0,0,40.0146
0,26,124,0,0,40.0145
0,27,124,0,0,40.0144
0,28,124,0,0,40.0144
0,29,124,0,0,40.0143
0,30,124,0,0,40.0143
0,31,124,0,0,40.0142
0,32,124,0,0,40.0141
0,33,124,0,0,40.0141
0,34,124,0,0,40.014
0,35,124,0,0,40.0139
0,36,124,0,0,40.0139
0,37,124,0,0,40.0138
0,38,124,0,0,40.0137
0,39,124,0,0,40.0137
0,40,124,0,0,40.0136
0,41,124,0,0,40.0135
0,42,124,0,0,40.0135
0,43,124,0,0,40.0134
0,44,124,0,0,40.0133
0,45,124,0,0,40.0133
0,46,124,0,0,40.0132
0,47,124,0,0,40.0131
0,48,124,0,0,40.0131
0,49,124,0,0,40.013
0,50,124,0,0,40.0129
0,51,124,0,0,40.0129
0,52,124,0,0,40.0128
0,53,124,0,0,40.0128
0,54,124,0,0,40.0127
0,55,124,0,0,40.0126
0,56,124,0,0,40.0126
0,57,124,0,0,40.0125
0,58,124,0,0,40.0124
0,59,124,0,0,40.0124
0,60,124,0,0,40.0123
0,61,124,0,0,40.0123
0,62,124,0,0,40.0122
0,63,124,0,0,40.0122
0,64,124,0,0,40.0121
0,65,124,0,0,40.0121
0,66,124,0,0,40.012
0,67,124,0,0,40.0119
0,68,124,0,0,40.0119
0,69,124,0,0,40.0118
0,70,124,0,0,40.0118
0,71,124,0,0,40.0117
0,72,124,0,0,40.0117
0,73,124,0,0,40.0116
0,74,124,0,0,40.0116
0,75,124,0,0,40.0116
0,76,124,0,0,40.0115
0,77,124,0,0,40.0115
0,78,124,0,0,40.0114
0,79,124,0,0,40.0114
0,80,124,0,0,40.0113
0,81,124,0,0,40.0113
0,82,124,0,0,40.0113
0,83,124,0,0,40.0112
0,84,124,0,0,40.0112
0,85,124,0,0,40.0111
0,86,124,0,0,40.0111
0,87,124,0,0,40.0111
0,88,124,0,0,40.011
0,89,124,0,0,40.011
0,90,124,0,0,40.011
0,91,124,0,0,40.0109
0,92,124,0,0,40.0109
0,93,124,0,0,40.0109
0,94,124,0,0,40.0109
0,95,124,0,0,40.0108
0,96,124,0,0,40.0108
0,97,124,0,0,40.0108
0,98,124,0,0,40.0107
0,99,124,0,0,40.0107
0,100,124,0,0,40.0107
0,101,124,0,0,40.0107
0,102,124,0,0,40.0107
0,103,124,0,0,40.0106
0,104,124,0,0,40.0106
0,105,124,0,0,40.0106
0,106,124,0,0,40.0106
0,107,124,0,0,40.0106
0,108,124,0,0,40.0105
0,109,124,0,0,40.0105
0,110,124,0,0,40.0105
0,111,124,0,0,40.0105
0,112,124,0,0,40.0105
0,113,124,0,0,40.0105
0,114,124,0,0,40.0105
0,115,124,0,0,40.0104
0,116,124,0,0,40.0104
0,117,124,0,0,40.0104
0,118,124,0,0,40.0104
0,119,124,0,0,40.0104
0,120,124,0,0,40.0104
0,121,124,0,0,40.0104
0,122,124,0,0,40.0104
0,123,124,0,0,40.0104
0,124,124,0,0,40.0104
0,125,124,0,0,40.0104
0,126,124,0,0,40.0104
0,127,124,0,0,40.0104
0,0,125,0,0,40.0152
0,1,125,0,0,40.0152
0,2,125,0,0,40.0152
0,3,125,0,0,40.0152
0,4,125,0,0,40.0152
0,5,125,0,0,40.0152
0,6,125,0,0,40.0152
0,7,125,0,0,40.0151
0,8,125,0,0,40.0151
0,9,125,0,0,40.0151
0,10,125,0,0,40.0151
0,11,125,0,0,40.015
0,12,125,0,0,40.015
0,13,125,0,0,40.015
0,14,125,0,0,40.0149
0,15,125,0,0,40.0149
0,16,125,0,0,40.0148
0,17,125,0,0,40.0148
0,18,125,0,0,40.0147
0,19,125,0,0,40.0147
0,20,125,0,0,40.0147
0,21,125,0,0,40.0146
0,22,125,0,0,40.0145
0,23,125,0,0,40.0145
0,24,125,0,0,40.0144
0,25,125,0,0,40.0144
0,26,125,0,0,40.0143
0,27,125,0,0,40.0143
0,28,125,0,0,40.0142
0,29,125,0,0,40.0141
0,30,125,0,0,40.0141
0,31,125,0,0,40.014
0,32,125,0,0,40.014
0,33,125,0,0,40.0139
0,34,125,0,0,40.0138
0,35,125,0,0,40.0138
0,36,125,0,0,40.0137
0,37,125,0,0,40.0136
0,38,125,0,0,40.0136
0,39,125,0,0,40.0135
0,40,125,0,0,40.0134
0,41,125,0,0,40.0134
0,42,125,0,0,40.0133
0,43,125,0,0,40.0132
0,44,125,0,0,40.0132
0,45,125,0,0,40.0131
0,46,125,0,0,40.013
0,47,125,0,0,40.013
0,48,125,0,0,40.0129
0,49,125,0,0,40.0128
0,50,125,0,0,40.0128
0,51,125,0,0,40.0127
0,52,125,0,0,40.0127
0,53,125,0,0,40.0126
0,54,125,0,0,40.0125
0,55,125,0,0,40.0125
0,56,125,0,0,40.0124
0,57,125,0,0,40.0124
0,58,125,0,0,40.0123
0,59,125,0,0,40.0122
0,60,125,0,0,40.0122
0,61,125,0,0,40.0121
0,62,125,0,0,40.0121
0,63,125,0,0,40.012
0,64,125,0,0,40.012
0,65,125,0,0,40.0119
0,66,125,0,0,40.0118
0,67,125,0,0,40.0118
0,68,125,0,0,40.0117
0,69,125,0,0,40.0117
0,70,125,0,0,40.0116
0,71,125,0,0,40.0116
0,72,125,0,0,40.0116
0,73,125,0,0,40.0115
0,74,125,0,0,40.0115
0,75,125,0,0,40.0114
0,76,125,0,0,40.0114
0,77,125,0,0,40.0113
0,78,125,0,0,40.0113
0,79,125,0,0,40.0112
0,80,125,0,0,40.0112
0,81,125,0,0,40.0112
0,82,125,0,0,40.0111
0,83,125,0,0,40.0111
0,84,125,0,0,40.011
0,85,125,0,0,40.011
0,86,125,0,0,40.011
0,87,125,0,0,40.0109
0,88,125,0,0,40.0109
0,89,125,0,0,40.0109
0,90,125,0,0,40.0108
0,91,125,0,0,40.0108
0,92,125,0,0,40.0108
0,93,125,0,0,40.0108
0,94,125,0,0,40.0107
0,95,125,0,0,40.0107
0,96,125,0,0,40.0107
0,97,125,0,0,40.0106
0,98,125,0,0,40.0106
0,99,125,0,0,40.0106
0,100,125,0,0,40.0106
0,101,125,0,0,40.0105
0,102,125,0,0,40.0105
0,103,125,0,0,40.0105
0,104,125,0,0,40.0105
0,105,125,0,0,40.0105
0,106,125,0,0,40.0104
0,107,125,0,0,40.0104
0,108,125,0,0,40.0104
0,109,125,0,0,40.0104
0,110,125,0,0,40.0104
0,111,125,0,0,40.0104
0,112,125,0,0,40.0103
0,113,125,0,0,40.0103
0,114,125,0,0,40.0103
0,115,125,0,0,40.0103
0,116,125,0,0,40.0103
0,117,125,0,0,40.0103
0,118,125,0,0,40.0103
0,119,125,0,0,40.0103
0,120,125,0,0,40.0103
0,121,125,0,0,40.0103
0,122,125,0,0,40.0103
0,123,125,0,0,40.0103
0,124,125,0,0,40.0102
0,125,125,0,0,40.0102
0,126,125,0,0,40.0102
0,127,125,0,0,40.0102
0,0,126,0,0,40.0151
0,1,126,0,0,40.0151
0,2,126,0,0,40.0151
0,3,126,0,0,40.0151
0,4,126,0,0,40.015
0,5,126,0,0,40.015
0,6,126,0,0,40.015
0,7,126,0,0,40.015
0,8,126,0,0,40.015
0,9,126,0,0,40.0149
0,10,126,0,0,40.0149
0,11,126,0,0,40.0149
0,12,126,0,0,40.0148
0,13,126,0,0,40.0148
0,14,126,0,0,40.0148
0,15,126,0,0,40.0147
0,16,126,0,0,40.0147
0,17,126,0,0,40.0146
0,18,126,0,0,40.0146
0,19,126,0,0,40.0146
0,20,126,0,0,40.0145
0,21,126,0,0,40.0145
0,22,126,0,0,40.0144
0,23,126,0,0,40.0143
0,24,126,0,0,40.0143
0,25,126,0,0,40.0142
0,26,126,0,0,40.0142
0,27,126,0,0,40.0141
0,28,126,0,0,40.0141
0,29,126,0,0,40.014
0,30,126,0,0,40.0139
0,31,126,0,0,40.0139
0,32,126,0,0,40.0138
0,33,126,0,0,40.0138
0,34,126,0,0,40.0137
0,35,126,0,0,40.0136
0,36,126,0,0,40.0136
0,37,126,0,0,40.0135
0,38,126,0,0,40.0134
0,39,126,0,0,40.0134
0,40,126,0,0,40.0133
0,41,126,0,0,40.0132
0,42,126,0,0,40.0132
0,43,126,0,0,40.0131
0,44,126,0,0,40.013
0,45,126,0,0,40.013
0,46,126,0,0,40.0129
0,47,126,0,0,40.0128
0,48,126,0,0,40.0128
0,49,126,0,0,40.0127
0,50,126,0,0,40.0127
0,51,126,0,0,40.0126
0,52,126,0,0,40.0125
0,53,126,0,0,40.0125
0,54,126,0,0,40.0124
0,55,126,0,0,40.0124
0,56,126,0,0,40.0123
0,57,126,0,0,40.0122
0,58,126,0,0,40.0122
0,59,126,0,0,40.0121
0,60,126,0,0,40.0121
0,61,126,0,0,40.012
0,62,126,0,0,40.012
0,63,126,0,0,40.0119
0,64,126,0,0,40.0118
0,65,126,0,0,40.0118
0,66,126,0,0,40.0117
0,67,126,0,0,40.0117
0,68,126,0,0,40.0116
0,69,126,0,0,40.0116
0,70,126,0,0,40.0115
0,71,126,0,0,40.0115
0,72,126,0,0,40.0114
0,73,126,0,0,40.0114
0,74,126,0,0,40.0114
0,75,126,0,0,40.0113
0,76,126,0,0,40.0113
0,77,126,0,0,40.0112
0,78,126,0,0,40.0112
0,79,126,0,0,40.0111
0,80,126,0,0,40.0111
0,81,126,0,0,40.0111
0,82,126,0,0,40.011
0,83,126,0,0,40.011
0,84,126,0,0,40.0109
0,85,126,0,0,40.0109
0,86,126,0,0,40.0109
0,87,126,0,0,40.0108
0,88,126,0,0,40.0108
0,89,126,0,0,40.0108
0,90,126,0,0,40.0107
0,91,126,0,0,40.0107
0,92,126,0,0,40.0107
0,93,126,0,0,40.0107
0,94,126,0,0,40.0106
0,95,126,0,0,40.0106
0,96,126,0,0,40.0106
0,97,126,0,0,40.0105
0,98,126,0,0,40.0105
0,99,126,0,0,40.0105
0,100,126,0,0,40.0105
0,101,126,0,0,40.0104
0,102,126,0,0,40.0104
0,103,126,0,0,40.0104
0,104,126,0,0,40.0104
0,105,126,0,0,40.0104
0,106,126,0,0,40.0103
0,107,126,0,0,40.0103
0,108,126,0,0,40.0103
0,109,126,0,0,40.0103
0,110,126,0,0,40.0103
0,111,126,0,0,40.0103
0,112,126,0,0,40.0103
0,113,126,0,0,40.0102
0,114,126,0,0,40.0102
0,115,126,0,0,40.0102
0,116,126,0,0,40.0102
0,117,126,0,0,40.0102
0,118,126,0,0,40.0102
0,119,126,0,0,40.0102
0,120,126,0,0,40.0102
0,121,126,0,0,40.0102
0,122,126,0,0,40.0102
0,123,126,0,0,40.0102
0,124,126,0,0,40.0102
0,125,126,0,0,40.0101
0,126,126,0,0,40.0101
0,127,126,0,0,40.0101
0,0,127,0,0,40.015
0,1,127,0,0,40.015
0,2,127,0,0,40.015
0,3,127,0,0,40.015
0,4,127,0,0,40.0149
0,5,127,0,0,40.0149
0,6,127,0,0,40.0149
0,7,127,0,0,40.0149
0,8,127,0,0,40.0149
0,9,127,0,0,40.0148
0,10,127,0,0,40.0148
0,11,127,0,0,40.0148
0,12,127,0,0,40.0147
0,13,127,0,0,40.0147
0,14,127,0,0,40.0147
0,15,127,0,0,40.0146
0,16,127,0,0,40.0146
0,17,127,0,0,40.0146
0,18,127,0,0,40.0145
0,19,127,0,0,40.0145
0,20,127,0,0,40.0144
0,21,127,0,0,40.0144
0,22,127,0,0,40.0143
0,23,127,0,0,40.0143
0,24,127,0,0,40.0142
0,25,127,0,0,40.0141
0,26,127,0,0,40.0141
0,27,127,0,0,40.014
0,28,127,0,0,40.014
0,29,127,0,0,40.0139
0,30,127,0,0,40.0139
0,31,127,0,0,40.0138
0,32,127,0,0,40.0137
0,33,127,0,0,40.0137
0,34,127,0,0,40.0136
0,35,127,0,0,40.0135
0,36,127,0,0,40.0135
0,37,127,0,0,40.0134
0,38,127,0,0,40.0133
0,39,127,0,0,40.0133
0,40,127,0,0,40.0132
0,41,127,0,0,40.0132
0,42,127,0,0,40.0131
0,43,127,0,0,40.013
0,44,127,0,0,40.013
0,45,127,0,0,40.0129
0,46,127,0,0,40.0128
0,47,127,0,0,40.0128
0,48,127,0,0,40.0127
0,49,127,0,0,40.0126
0,50,127,0,0,40.0126
0,51,127,0,0,40.0125
0,52,127,0,0,40.0125
0,53,127,0,0,40.0124
0,54,127,0,0,40.0123
0,55,127,0,0,40.0123
0,56,127,0,0,40.0122
0,57,127,0,0,40.0122
0,58,127,0,0,40.0121
0,59,127,0,0,40.012
0,60,127,0,0,40.012
0,61,127,0,0,40.0119
0,62,127,0,0,40.0119
0,63,127,0,0,40.0118
0,64,127,0,0,40.0118
0,65,127,0,0,40.0117
0,66,127,0,0,40.0117
0,67,127,0,0,40.0116
0,68,127,0,0,40.0116
0,69,127,0,0,40.0115
0,70,127,0,0,40.0115
0,71,127,0,0,40.0114
0,72,127,0,0,40.0114
0,73,127,0,0,40.0113
0,74,127,0,0,40.0113
0,75,127,0,0,40.0112
0,76,127,0,0,40.0112
0,77,127,0,0,40.0111
0,78,127,0,0,40.0111
0,79,127,0,0,40.0111
0,80,127,0,0,40.011
0,81,127,0,0,40.011
0,82,127,0,0,40.0109
0,83,127,0,0,40.0109
0,84,127,0,0,40.0109
0,85,127,0,0,40.0108
0,86,127,0,0,40.0108
0,87,127,0,0,40.0108
0,88,127,0,0,40.0107
0,89,127,0,0,40.0107
0,90,127,0,0,40.0107
0,91,127,0,0,40.0106
0,92,127,0,0,40.0106
0,93,127,0,0,40.0106
0,94,127,0,0,40.0106
0,95,127,0,0,40.0105
0,96,127,0,0,40.0105
0,97,127,0,0,40.0105
0,98,127,0,0,40.0105
0,99,127,0,0,40.0104
0,100,127,0,0,40.0104
0,101,127,0,0,40.0104
0,102,127,0,0,40.0104
0,103,127,0,0,40.0103
0,104,127,0,0,40.0103
0,105,127,0,0,40.0103
0,106,127,0,0,40.0103
0,107,127,0,0,40.0103
0,108,127,0,0,40.0102
0,109,127,0,0,40.0102
0,110,127,0,0,40.0102
0,111,127,0,0,40.0102
0,112,127,0,0,40.0102
0,113,127,0,0,40.0102
0,114,127,0,0,40.0102
0,115,127,0,0,40.0102
0,116,127,0,0,40.0101
0,117,127,0,0,40.0101
0,118,127,0,0,40.0101
0,119,127,0,0,40.0101
0,120,127,0,0,40.0101
0,121,127,0,0,40.0101
0,122,127,0,0,40.0101
0,123,127,0,0,40.0101
0,124,127,0,0,40.0101
0,125,127,0,0,40.0101
0,126,127,0,0,40.0101
0,127,127,0,0,40.0101
1,0,0,0,0.0774729,59.3054
1,1,0,0,4.833e-05,55.1832
1,2,0,0,2.658e-05,52.8466
1,3,0,0,1.9035e-05,51.1845
1,4,0,0,8.82e-05,49.8817
1,5,0,0,3.624e-05,48.8096
1,6,0,0,3.624e-05,47.9125
1,7,0,0,2.05425e-05,47.1503
1,8,0,0,5.316e-05,46.4971
1,9,0,0,3.7155e-05,45.9286
1,10,0,0,5.436e-05,45.4313
1,11,0,0,6.282e-05,44.9928
1,12,0,0,2.538e-05,44.6029
1,13,0,0,6.042e-05,44.2583
1,14,0,0,6.162e-05,43.9485
1,15,0,0,5.076e-05,43.6688
1,16,0,0,4.35e-05,43.4166
1,17,0,0,6.525e-05,43.1896
1,18,0,0,2.85525e-05,42.9818
1,19,0,0,5.316e-05,42.7941
1,20,0,0,5.316e-05,42.622
1,21,0,0,1.812e-05,42.4637
1,22,0,0,3.504e-05,42.3208
1,23,0,0,3.72975e-05,42.1891
1,24,0,0,5.196e-05,42.0682
1,25,0,0,5.436e-05,41.9568
1,26,0,0,3.744e-05,41.8534
1,27,0,0,3.384e-05,41.7591
1,28,0,0,5.31675e-05,41.6728
1,29,0,0,2.00925e-05,41.592
1,30,0,0,6.5565e-05,41.5194
1,31,0,0,7.47e-05,41.4506
1,32,0,0,2.778e-05,41.385
1,33,0,0,4.71e-05,41.3273
1,34,0,0,6.162e-05,41.2734
1,35,0,0,4.35e-05,41.2221
1,36,0,0,7.128e-05,41.1756
1,37,0,0,3.624e-05,41.1312
1,38,0,0,5.196e-05,41.0925
1,39,0,0,6.042e-05,41.0568
1,40,0,0,5.196e-05,41.0221
1,41,0,0,2.778e-05,40.9891
1,42,0,0,5.052e-05,40.9604
1,43,0,0,5.316e-05,40.9338
1,44,0,0,2.658e-05,40.9081
1,45,0,0,5.316e-05,40.8863
1,46,0,0,6.402e-05,40.8653
1,47,0,0,5.316e-05,40.8445
1,48,0,0,2.778e-05,40.8243
1,49,0,0,3.384e-05,40.8072
1,50,0,0,6.402e-05,40.7924
1,51,0,0,5.196e-05,40.7769
1,52,0,0,3.384e-05,40.7624
1,53,0,0,6.66075e-05,40.7495
1,54,0,0,3.624e-05,40.7352
1,55,0,0,5.84475e-05,40.7235
1,56,0,0,3.02025e-05,40.7119
1,57,0,0,2.658e-05,40.7021
1,58,0,0,8.83425e-05,40.6949
1,59,0,0,6.768e-05,40.6849
1,60,0,0,7.854e-05,40.675
1,61,0,0,3.504e-05,40.6633
1,62,0,0,2.34075e-05,40.6536
1,63,0,0,2.97525e-05,40.6467
1,64,0,0,8.94075e-05,40.6421
1,65,0,0,5.316e-05,40.6336
1,66,0,0,5.739e-05,40.626
1,67,0,0,5.1045e-05,40.6184
1,68,0,0,2.658e-05,40.6109
1,69,0,0,6.888e-05,40.6059
1,70,0,0,8.46e-06,40.5981
1,71,0,0,7.6995e-05,40.5944
1,72,0,0,3.927e-05,40.5874
1,73,0,0,5.8305e-05,40.5815
1,74,0,0,3.624e-05,40.575
1,75,0,0,3.51825e-05,40.5699
1,76,0,0,2.778e-05,40.5647
1,77,0,0,1.932e-05,40.5597
1,78,0,0,6.0375e-06,40.5567
1,79,0,0,5.316e-05,40.5563
1,80,0,0,4.35e-05,40.5544
1,81,0,0,5.919e-05,40.553
1,82,0,0,1.812e-05,40.5501
1,83,0,0,4.9605e-05,40.5496
1,84,0,0,2.538e-05,40.5483
1,85,0,0,4.47e-05,40.549
1,86,0,0,3.2925e-05,40.5485
1,87,0,0,6.162e-05,40.5495
1,88,0,0,5.5275e-05,40.5491
1,89,0,0,8.094e-05,40.5481
1,90,0,0,5.19375e-05,40.5449
1,91,0,0,8.82e-05,40.5431
1,92,0,0,3.504e-05,40.5381
1,93,0,0,2.658e-05,40.5344
1,94,0,0,3.504e-05,40.5305
1,95,0,0,2.658e-05,40.5265
1,96,0,0,3.384e-05,40.5239
1,97,0,0,5.013e-05,40.5225
1,98,0,0,2.538e-05,40.5202
1,99,0,0,4.06125e-05,40.5197
1,100,0,0,3.846e-05,40.5191
1,101,0,0,6.402e-05,40.5203
1,102,0,0,3.504e-05,40.5197
1,103,0,0,5.33025e-05,40.5203
1,104,0,0,5.316e-05,40.5202
1,105,0,0,4.47e-05,40.5194
1,106,0,0,5.9355e-05,40.519
1,107,0,0,5.316e-05,40.5171
1,108,0,0,3.384e-05,40.5149
1,109,0,0,7.128e-05,40.5144
1,110,0,0,5.436e-05,40.5118
1,111,0,0,3.624e-05,40.5092
1,112,0,0,4.47e-05,40.5085
1,113,0,0,4.47e-05,40.5072
1,114,0,0,5.196e-05,40.5051
1,115,0,0,4.35e-05,40.5029
1,116,0,0,8.46e-06,40.5006
1,117,0,0,2.778e-05,40.5011
1,118,0,0,5.316e-05,40.5021
1,119,0,0,4.59225e-05,40.5023
1,120,0,0,2.778e-05,40.5017
1,121,0,0,6.282e-05,40.5032
1,122,0,0,3.624e-05,40.5022
1,123,0,0,1.692e-05,40.5015
1,124,0,0,0.00010632,40.5034
1,125,0,0,5.436e-05,40.4989
1,126,0,0,1.692e-05,40.4937
1,127,0,0,3.846e-05,40.4904
1,0,1,0,7.28719e-05,55.1863
1,1,1,0,2.3865e-05,53.563
1,2,1,0,2.8695e-05,51.9767
1,3,1,0,6.0525e-05,50.6287
1,4,1,0,6.888e-05,49.4935
1,5,1,0,1.812e-05,48.5267
1,6,1,0,1.692e-05,47.7002
1,7,1,0,1.44975e-05,46.9875
1,8,1,0,4.35e-05,46.3695
1,9,1,0,5.64375e-05,45.8273
1,10,1,0,2.658e-05,45.3476
1,11,1,0,2.4465e-05,44.9232
1,12,1,0,1.932e-05,44.5456
1,13,1,0,6.042e-05,44.2103
1,14,1,0,5.316e-05,43.9073
1,15,1,0,3.744e-05,43.6331
1,16,1,0,2.538e-05,43.3854
1,17,1,0,4.41e-05,43.1626
1,18,1,0,6.69075e-05,42.9599
1,19,1,0,4.812e-05,42.7738
1,20,1,0,4.59e-05,42.604
1,21,1,0,4.47e-05,42.449
1,22,1,0,8.43975e-05,42.3087
1,23,1,0,6.05625e-05,42.1771
1,24,1,0,2.538e-05,42.0554
1,25,1,0,3.94125e-05,41.9451
1,26,1,0,2.538e-05,41.8429
1,27,1,0,5.316e-05,41.7504
1,28,1,0,3.38325e-05,41.664
1,29,1,0,6.93075e-05,41.5854
1,30,1,0,3.8355e-05,41.5106
1,31,1,0,1.812e-05,41.4409
1,32,1,0,8.46e-06,41.377
1,33,1,0,6.282e-05,41.3208
1,34,1,0,4.35e-05,41.2663
1,35,1,0,3.504e-05,41.2149
1,36,1,0,9.66e-06,41.167
1,37,1,0,8.46e-06,41.1238
1,38,1,0,2.7495e-05,41.0858
1,39,1,0,6.282e-05,41.0514
1,40,1,0,5.196e-05,41.0171
1,41,1,0,4.59e-05,40.9847
1,42,1,0,1.932e-05,40.9547
1,43,1,0,6.042e-05,40.9293
1,44,1,0,4.047e-05,40.9041
1,45,1,0,6.162e-05,40.882
1,46,1,0,4.23e-05,40.8601
1,47,1,0,6.402e-05,40.8404
1,48,1,0,4.59e-05,40.8207
1,49,1,0,6.042e-05,40.8039
1,50,1,0,6.162e-05,40.788
1,51,1,0,3.384e-05,40.7723
1,52,1,0,0.00010026,40.7604
1,53,1,0,6.62925e-05,40.7456
1,54,1,0,4.12425e-05,40.7309
1,55,1,0,2.97525e-05,40.7186
1,56,1,0,7.73175e-05,40.7094
1,57,1,0,7.671e-05,40.6995
1,58,1,0,4.81575e-05,40.6891
1,59,1,0,5.54175e-05,40.6795
1,60,1,0,5.436e-05,40.6696
1,61,1,0,5.436e-05,40.6595
1,62,1,0,3.94125e-05,40.6502
1,63,1,0,6.81075e-05,40.6439
1,64,1,0,6.88725e-05,40.6372
1,65,1,0,4.47e-05,40.6288
1,66,1,0,5.013e-05,40.6215
1,67,1,0,5.1435e-05,40.6145
1,68,1,0,5.196e-05,40.608
1,69,1,0,6.162e-05,40.6024
1,70,1,0,6.042e-05,40.5962
1,71,1,0,5.8305e-05,40.5906
1,72,1,0,5.859e-05,40.5842
1,73,1,0,2.8695e-05,40.5771
1,74,1,0,2.658e-05,40.5716
1,75,1,0,6.87375e-05,40.5684
1,76,1,0,6.402e-05,40.5636
1,77,1,0,1.812e-05,40.5578
1,78,1,0,6.24225e-05,40.556
1,79,1,0,4.35e-05,40.5535
1,80,1,0,3.624e-05,40.5511
1,81,1,0,3.021e-05,40.5492
1,82,1,0,6.162e-05,40.5484
1,83,1,0,2.5095e-05,40.5462
1,84,1,0,3.504e-05,40.5459
1,85,1,0,7.86825e-05,40.5473
1,86,1,0,3.7155e-05,40.5457
1,87,1,0,5.196e-05,40.5459
1,88,1,0,7.6425e-05,40.5458
1,89,1,0,3.50325e-05,40.5425
1,90,1,0,3.02025e-05,40.5396
1,91,1,0,2.778e-05,40.5373
1,92,1,0,4.59e-05,40.5354
1,93,1,0,9.90675e-05,40.5344
1,94,1,0,4.24425e-05,40.5288
1,95,1,0,3.2625e-05,40.5242
1,96,1,0,1.692e-05,40.5205
1,97,1,0,2.961e-05,40.519
1,98,1,0,3.624e-05,40.5177
1,99,1,0,4.75875e-05,40.5168
1,100,1,0,0,40.5145
1,101,1,0,3.504e-05,40.5159
1,102,1,0,5.316e-05,40.5168
1,103,1,0,4.1775e-05,40.5167
1,104,1,0,4.87875e-05,40.5166
1,105,1,0,4.59e-05,40.516
1,106,1,0,6.36e-05,40.5156
1,107,1,0,3.39825e-05,40.513
1,108,1,0,4.35e-05,40.5113
1,109,1,0,3.927e-05,40.5096
1,110,1,0,2.55225e-05,40.507
1,111,1,0,9.66e-06,40.5049
1,112,1,0,5.5275e-05,40.5058
1,113,1,0,6.70575e-05,40.5049
1,114,1,0,8.46e-06,40.5008
1,115,1,0,2.658e-05,40.4996
1,116,1,0,4.35e-05,40.4992
1,117,1,0,5.556e-05,40.4994
1,118,1,0,1.692e-05,40.4983
1,119,1,0,6.03975e-05,40.4997
1,120,1,0,2.53725e-05,40.4987
1,121,1,0,4.83225e-05,40.5
1,122,1,0,5.436e-05,40.5002
1,123,1,0,6.76575e-05,40.5002
1,124,1,0,5.316e-05,40.4989
1,125,1,0,3.624e-05,40.4954
1,126,1,0,5.39325e-05,40.4922
1,127,1,0,1.449e-05,40.4876
1,0,2,0,6.44119e-05,52.8517
1,1,2,0,6.345e-06,51.977
1,2,2,0,6.345e-06,50.927
1,3,2,0,0,49.9041
1,4,2,0,0,48.9719
1,5,2,0,0,48.1409
1,6,2,0,0,47.4066
1,7,2,0,0,46.7587
1,8,2,0,0,46.1864
1,9,2,0,5.2875e-06,45.6789
1,10,2,0,0,45.2263
1,11,2,0,2.115e-06,44.8225
1,12,2,0,0,44.461
1,13,2,0,0,44.1366
1,14,2,0,0,43.8437
1,15,2,0,0,43.5784
1,16,2,0,0,43.338
1,17,2,0,4.23e-06,43.1201
1,18,2,0,0,42.9212
1,19,2,0,0,42.7394
1,20,2,0,0,42.5732
1,21,2,0,0,42.4212
1,22,2,0,7.4025e-06,42.2822
1,23,2,0,0,42.1532
1,24,2,0,0,42.0345
1,25,2,0,5.2875e-06,41.9257
1,26,2,0,0,41.8252
1,27,2,0,0,41.733
1,28,2,0,0,41.6478
1,29,2,0,0,41.5691
1,30,2,0,0,41.4957
1,31,2,0,0,41.4276
1,32,2,0,0,41.3647
1,33,2,0,0,41.3072
1,34,2,0,0,41.2533
1,35,2,0,0,41.203
1,36,2,0,0,41.1563
1,37,2,0,0,41.1137
1,38,2,0,6.345e-06,41.0752
1,39,2,0,0,41.0392
1,40,2,0,0,41.0055
1,41,2,0,0,40.9739
1,42,2,0,0,40.9447
1,43,2,0,0,40.9183
1,44,2,0,4.23e-06,40.8936
1,45,2,0,0,40.8706
1,46,2,0,0,40.849
1,47,2,0,0,40.829
1,48,2,0,0,40.81
1,49,2,0,0,40.7927
1,50,2,0,0,40.7765
1,51,2,0,0,40.7613
1,52,2,0,0,40.7475
1,53,2,0,0,40.7337
1,54,2,0,1.0575e-06,40.7204
1,55,2,0,0,40.7083
1,56,2,0,0,40.6977
1,57,2,0,4.23e-06,40.6876
1,58,2,0,0,40.6775
1,59,2,0,7.4025e-06,40.6679
1,60,2,0,0,40.6581
1,61,2,0,0,40.6487
1,62,2,0,0,40.6401
1,63,2,0,0,40.6326
1,64,2,0,0,40.6254
1,65,2,0,0,40.618
1,66,2,0,0,40.6109
1,67,2,0,0,40.6042
1,68,2,0,0,40.5979
1,69,2,0,0,40.592
1,70,2,0,0,40.5861
1,71,2,0,0,40.5804
1,72,2,0,0,40.5745
1,73,2,0,0,40.5687
1,74,2,0,0,40.5636
1,75,2,0,0,40.5594
1,76,2,0,0,40.5551
1,77,2,0,0,40.551
1,78,2,0,0,40.5481
1,79,2,0,0,40.5456
1,80,2,0,0,40.5434
1,81,2,0,0,40.5416
1,82,2,0,0,40.5402
1,83,2,0,0,40.5389
1,84,2,0,0,40.5382
1,85,2,0,1.0575e-06,40.538
1,86,2,0,0,40.537
1,87,2,0,0,40.5363
1,88,2,0,0,40.5352
1,89,2,0,1.2075e-06,40.5331
1,90,2,0,0,40.5308
1,91,2,0,0,40.5286
1,92,2,0,0,40.5266
1,93,2,0,8.4525e-06,40.5248
1,94,2,0,9.5175e-06,40.5213
1,95,2,0,2.415e-06,40.5175
1,96,2,0,0,40.5144
1,97,2,0,0,40.5123
1,98,2,0,0,40.5108
1,99,2,0,0,40.5095
1,100,2,0,0,40.5083
1,101,2,0,0,40.5082
1,102,2,0,0,40.5083
1,103,2,0,7.4025e-06,40.5083
1,104,2,0,3.1725e-06,40.5078
1,105,2,0,0,40.5069
1,106,2,0,6.345e-06,40.5062
1,107,2,0,1.0575e-06,40.5044
1,108,2,0,0,40.5028
1,109,2,0,4.23e-06,40.5014
1,110,2,0,1.0575e-06,40.4995
1,111,2,0,0,40.4981
1,112,2,0,6.345e-06,40.4978
1,113,2,0,1.26825e-05,40.4968
1,114,2,0,0,40.4943
1,115,2,0,0,40.4929
1,116,2,0,0,40.4921
1,117,2,0,0,40.4918
1,118,2,0,0,40.4913
1,119,2,0,0,40.4915
1,120,2,0,1.2075e-06,40.4914
1,121,2,0,6.0375e-06,40.4918
1,122,2,0,0,40.4915
1,123,2,0,3.6225e-06,40.4911
1,124,2,0,0,40.4897
1,125,2,0,0,40.4876
1,126,2,0,5.2875e-06,40.4854
1,127,2,0,4.83e-06,40.4828
1,0,3,0,6.44119e-05,51.1906
1,1,3,0,0,50.6284
1,2,3,0,0,49.9048
1,3,3,0,0,49.1379
1,4,3,0,0,48.3922
1,5,3,0,0,47.6962
1,6,3,0,0,47.0599
1,7,3,0,0,46.484
1,8,3,0,0,45.9652
1,9,3,0,0,45.4983
1,10,3,0,0,45.0777
1,11,3,0,0,44.6987
1,12,3,0,0,44.3567
1,13,3,0,0,44.0475
1,14,3,0,0,43.7672
1,15,3,0,0,43.5124
1,16,3,0,0,43.2806
1,17,3,0,0,43.0693
1,18,3,0,0,42.8762
1,19,3,0,0,42.6995
1,20,3,0,0,42.5375
1,21,3,0,0,42.389
1,22,3,0,0,42.2526
1,23,3,0,0,42.1268
1,24,3,0,0,42.0108
1,25,3,0,0,41.9041
1,26,3,0,0,41.8056
1,27,3,0,0,41.7148
1,28,3,0,0,41.6309
1,29,3,0,0,41.5532
1,30,3,0,0,41.481
1,31,3,0,0,41.414
1,32,3,0,0,41.3519
1,33,3,0,0,41.2946
1,34,3,0,0,41.2412
1,35,3,0,0,41.1916
1,36,3,0,0,41.1457
1,37,3,0,0,41.1034
1,38,3,0,0,41.0647
1,39,3,0,0,41.0287
1,40,3,0,0,40.9953
1,41,3,0,0,40.9642
1,42,3,0,0,40.9353
1,43,3,0,0,40.9088
1,44,3,0,0,40.8841
1,45,3,0,0,40.8611
1,46,3,0,0,40.8395
1,47,3,0,0,40.8195
1,48,3,0,0,40.8007
1,49,3,0,0,40.7832
1,50,3,0,0,40.767
1,51,3,0,0,40.7517
1,52,3,0,0,40.7375
1,53,3,0,0,40.724
1,54,3,0,0,40.7111
1,55,3,0,0,40.6992
1,56,3,0,0,40.6882
1,57,3,0,0,40.6778
1,58,3,0,0,40.6677
1,59,3,0,0,40.658
1,60,3,0,0,40.6486
1,61,3,0,0,40.6396
1,62,3,0,0,40.6313
1,63,3,0,0,40.6236
1,64,3,0,0,40.6162
1,65,3,0,0,40.6091
1,66,3,0,0,40.6023
1,67,3,0,0,40.5958
1,68,3,0,0,40.5897
1,69,3,0,0,40.5838
1,70,3,0,0,40.578
1,71,3,0,0,40.5725
1,72,3,0,0,40.567
1,73,3,0,0,40.5618
1,74,3,0,0,40.557
1,75,3,0,0,40.5527
1,76,3,0,0,40.5487
1,77,3,0,0,40.5451
1,78,3,0,0,40.5421
1,79,3,0,0,40.5395
1,80,3,0,0,40.5374
1,81,3,0,0,40.5356
1,82,3,0,0,40.5342
1,83,3,0,0,40.533
1,84,3,0,0,40.532
1,85,3,0,0,40.5313
1,86,3,0,0,40.5303
1,87,3,0,0,40.5292
1,88,3,0,0,40.5278
1,89,3,0,0,40.5259
1,90,3,0,0,40.5239
1,91,3,0,0,40.5218
1,92,3,0,0,40.5197
1,93,3,0,0,40.5175
1,94,3,0,0,40.5147
1,95,3,0,0,40.5119
1,96,3,0,0,40.5093
1,97,3,0,0,40.5072
1,98,3,0,0,40.5055
1,99,3,0,0,40.5042
1,100,3,0,0,40.503
1,101,3,0,0,40.5024
1,102,3,0,0,40.5019
1,103,3,0,0,40.5013
1,104,3,0,0,40.5006
1,105,3,0,0,40.4997
1,106,3,0,0,40.4987
1,107,3,0,0,40.4974
1,108,3,0,0,40.4961
1,109,3,0,0,40.4948
1,110,3,0,0,40.4934
1,111,3,0,0,40.4922
1,112,3,0,0,40.4913
1,113,3,0,0,40.4901
1,114,3,0,0,40.4887
1,115,3,0,0,40.4875
1,116,3,0,0,40.4866
1,117,3,0,0,40.4861
1,118,3,0,0,40.4857
1,119,3,0,0,40.4855
1,120,3,0,0,40.4854
1,121,3,0,0,40.4853
1,122,3,0,0,40.485
1,123,3,0,0,40.4843
1,124,3,0,0,40.4832
1,125,3,0,0,40.4817
1,126,3,0,0,40.48
1,127,3,0,0,40.4784
1,0,4,0,6.44119e-05,49.8878
1,1,4,0,0,49.4948
1,2,4,0,0,48.9749
1,3,4,0,0,48.3945
1,4,4,0,0,47.8022
1,5,4,0,0,47.227
1,6,4,0,0,46.6842
1,7,4,0,0,46.1804
1,8,4,0,0,45.7175
1,9,4,0,0,45.2941
1,10,4,0,0,44.9081
1,11,4,0,0,44.5566
1,12,4,0,0,44.2367
1,13,4,0,0,43.9452
1,14,4,0,0,43.6795
1,15,4,0,0,43.4367
1,16,4,0,0,43.2148
1,17,4,0,0,43.0116
1,18,4,0,0,42.8254
1,19,4,0,0,42.6545
1,20,4,0,0,42.4975
1,21,4,0,0,42.3532
1,22,4,0,0,42.2204
1,23,4,0,0,42.098
1,24,4,0,0,41.9851
1,25,4,0,0,41.8809
1,26,4,0,0,41.7847
1,27,4,0,0,41.6958
1,28,4,0,0,41.6135
1,29,4,0,0,41.5371
1,30,4,0,0,41.4663
1,31,4,0,0,41.4004
1,32,4,0,0,41.3392
1,33,4,0,0,41.2825
1,34,4,0,0,41.2297
1,35,4,0,0,41.1808
1,36,4,0,0,41.1355
1,37,4,0,0,41.0937
1,38,4,0,0,41.0551
1,39,4,0,0,41.0194
1,40,4,0,0,40.9863
1,41,4,0,0,40.9556
1,42,4,0,0,40.9271
1,43,4,0,0,40.9007
1,44,4,0,0,40.8761
1,45,4,0,0,40.8531
1,46,4,0,0,40.8317
1,47,4,0,0,40.8117
1,48,4,0,0,40.793
1,49,4,0,0,40.7755
1,50,4,0,0,40.7592
1,51,4,0,0,40.7439
1,52,4,0,0,40.7297
1,53,4,0,0,40.7163
1,54,4,0,0,40.7036
1,55,4,0,0,40.6918
1,56,4,0,0,40.6807
1,57,4,0,0,40.6701
1,58,4,0,0,40.66
1,59,4,0,0,40.6504
1,60,4,0,0,40.6411
1,61,4,0,0,40.6324
1,62,4,0,0,40.6241
1,63,4,0,0,40.6165
1,64,4,0,0,40.6092
1,65,4,0,0,40.6023
1,66,4,0,0,40.5957
1,67,4,0,0,40.5894
1,68,4,0,0,40.5834
1,69,4,0,0,40.5776
1,70,4,0,0,40.572
1,71,4,0,0,40.5666
1,72,4,0,0,40.5614
1,73,4,0,0,40.5565
1,74,4,0,0,40.552
1,75,4,0,0,40.5478
1,76,4,0,0,40.544
1,77,4,0,0,40.5406
1,78,4,0,0,40.5376
1,79,4,0,0,40.5351
1,80,4,0,0,40.533
1,81,4,0,0,40.5313
1,82,4,0,0,40.53
1,83,4,0,0,40.5288
1,84,4,0,0,40.5278
1,85,4,0,0,40.5268
1,86,4,0,0,40.5257
1,87,4,0,0,40.5244
1,88,4,0,0,40.5229
1,89,4,0,0,40.521
1,90,4,0,0,40.519
1,91,4,0,0,40.517
1,92,4,0,0,40.5149
1,93,4,0,0,40.5127
1,94,4,0,0,40.5103
1,95,4,0,0,40.5079
1,96,4,0,0,40.5056
1,97,4,0,0,40.5036
1,98,4,0,0,40.5019
1,99,4,0,0,40.5005
1,100,4,0,0,40.4993
1,101,4,0,0,40.4982
1,102,4,0,0,40.4974
1,103,4,0,0,40.4965
1,104,4,0,0,40.4956
1,105,4,0,0,40.4946
1,106,4,0,0,40.4935
1,107,4,0,0,40.4924
1,108,4,0,0,40.4913
1,109,4,0,0,40.4901
1,110,4,0,0,40.489
1,111,4,0,0,40.4879
1,112,4,0,0,40.4868
1,113,4,0,0,40.4858
1,114,4,0,0,40.4846
1,115,4,0,0,40.4836
1,116,4,0,0,40.4827
1,117,4,0,0,40.4821
1,118,4,0,0,40.4817
1,119,4,0,0,40.4814
1,120,4,0,0,40.4811
1,121,4,0,0,40.4809
1,122,4,0,0,40.4805
1,123,4,0,0,40.4799
1,124,4,0,0,40.479
1,125,4,0,0,40.4778
1,126,4,0,0,40.4765
1,127,4,0,0,40.4753
1,0,5,0,6.44119e-05,48.822
1,1,5,0,0,48.5348
1,2,5,0,0,48.1484
1,3,5,0,0,47.7025
1,4,5,0,0,47.2308
1,5,5,0,0,46.7577
1,6,5,0,0,46.2986
1,7,5,0,0,45.8626
1,8,5,0,0,45.454
1,9,5,0,0,45.0744
1,10,5,0,0,44.7238
1,11,5,0,0,44.4011
1,12,5,0,0,44.1046
1,13,5,0,0,43.8325
1,14,5,0,0,43.5826
1,15,5,0,0,43.3531
1,16,5,0,0,43.1421
1,17,5,0,0,42.948
1,18,5,0,0,42.7695
1,19,5,0,0,42.6052
1,20,5,0,0,42.4539
1,21,5,0,0,42.3144
1,22,5,0,0,42.1858
1,23,5,0,0,42.0671
1,24,5,0,0,41.9576
1,25,5,0,0,41.8564
1,26,5,0,0,41.7627
1,27,5,0,0,41.6761
1,28,5,0,0,41.5957
1,29,5,0,0,41.5211
1,30,5,0,0,41.4517
1,31,5,0,0,41.3871
1,32,5,0,0,41.3269
1,33,5,0,0,41.2709
1,34,5,0,0,41.2188
1,35,5,0,0,41.1705
1,36,5,0,0,41.1258
1,37,5,0,0,41.0845
1,38,5,0,0,41.0464
1,39,5,0,0,41.0111
1,40,5,0,0,40.9785
1,41,5,0,0,40.9482
1,42,5,0,0,40.9201
1,43,5,0,0,40.894
1,44,5,0,0,40.8696
1,45,5,0,0,40.8468
1,46,5,0,0,40.8254
1,47,5,0,0,40.8055
1,48,5,0,0,40.7869
1,49,5,0,0,40.7694
1,50,5,0,0,40.7531
1,51,5,0,0,40.7379
1,52,5,0,0,40.7237
1,53,5,0,0,40.7104
1,54,5,0,0,40.698
1,55,5,0,0,40.6862
1,56,5,0,0,40.6752
1,57,5,0,0,40.6646
1,58,5,0,0,40.6544
1,59,5,0,0,40.6447
1,60,5,0,0,40.6355
1,61,5,0,0,40.6269
1,62,5,0,0,40.6188
1,63,5,0,0,40.6113
1,64,5,0,0,40.6042
1,65,5,0,0,40.5974
1,66,5,0,0,40.591
1,67,5,0,0,40.585
1,68,5,0,0,40.5791
1,69,5,0,0,40.5735
1,70,5,0,0,40.568
1,71,5,0,0,40.5628
1,72,5,0,0,40.5577
1,73,5,0,0,40.553
1,74,5,0,0,40.5486
1,75,5,0,0,40.5447
1,76,5,0,0,40.541
1,77,5,0,0,40.5376
1,78,5,0,0,40.5347
1,79,5,0,0,40.5322
1,80,5,0,0,40.5303
1,81,5,0,0,40.5288
1,82,5,0,0,40.5276
1,83,5,0,0,40.5265
1,84,5,0,0,40.5255
1,85,5,0,0,40.5245
1,86,5,0,0,40.5234
1,87,5,0,0,40.522
1,88,5,0,0,40.5202
1,89,5,0,0,40.5183
1,90,5,0,0,40.5162
1,91,5,0,0,40.5142
1,92,5,0,0,40.5121
1,93,5,0,0,40.51
1,94,5,0,0,40.5078
1,95,5,0,0,40.5057
1,96,5,0,0,40.5036
1,97,5,0,0,40.5017
1,98,5,0,0,40.5
1,99,5,0,0,40.4985
1,100,5,0,0,40.4972
1,101,5,0,0,40.4959
1,102,5,0,0,40.4948
1,103,5,0,0,40.4936
1,104,5,0,0,40.4925
1,105,5,0,0,40.4914
1,106,5,0,0,40.4903
1,107,5,0,0,40.4893
1,108,5,0,0,40.4883
1,109,5,0,0,40.4874
1,110,5,0,0,40.4864
1,111,5,0,0,40.4854
1,112,5,0,0,40.4844
1,113,5,0,0,40.4833
1,114,5,0,0,40.4823
1,115,5,0,0,40.4813
1,116,5,0,0,40.4805
1,117,5,0,0,40.4798
1,118,5,0,0,40.4794
1,119,5,0,0,40.479
1,120,5,0,0,40.4788
1,121,5,0,0,40.4785
1,122,5,0,0,40.4782
1,123,5,0,0,40.4777
1,124,5,0,0,40.4769
1,125,5,0,0,40.4758
1,126,5,0,0,40.4746
1,127,5,0,0,40.4736
1,0,6,0,6.44119e-05,47.9305
1,1,6,0,0,47.7141
1,2,6,0,0,47.4195
1,3,6,0,0,47.0715
1,4,6,0,0,46.6934
1,5,6,0,0,46.3041
1,6,6,0,0,45.9172
1,7,6,0,0,45.542
1,8,6,0,0,45.184
1,9,6,0,0,44.8464
1,10,6,0,0,44.5305
1,11,6,0,0,44.2365
1,12,6,0,0,43.964
1,13,6,0,0,43.712
1,14,6,0,0,43.479
1,15,6,0,0,43.2634
1,16,6,0,0,43.064
1,17,6,0,0,42.8797
1,18,6,0,0,42.7095
1,19,6,0,0,42.5523
1,20,6,0,0,42.4071
1,21,6,0,0,42.273
1,22,6,0,0,42.149
1,23,6,0,0,42.0345
1,24,6,0,0,41.9287
1,25,6,0,0,41.8307
1,26,6,0,0,41.74
1,27,6,0,0,41.6559
1,28,6,0,0,41.5779
1,29,6,0,0,41.5052
1,30,6,0,0,41.4374
1,31,6,0,0,41.3741
1,32,6,0,0,41.315
1,33,6,0,0,41.2598
1,34,6,0,0,41.2083
1,35,6,0,0,41.1608
1,36,6,0,0,41.1167
1,37,6,0,0,41.0759
1,38,6,0,0,41.0384
1,39,6,0,0,41.0038
1,40,6,0,0,40.9718
1,41,6,0,0,40.9421
1,42,6,0,0,40.9145
1,43,6,0,0,40.8887
1,44,6,0,0,40.8646
1,45,6,0,0,40.842
1,46,6,0,0,40.8208
1,47,6,0,0,40.801
1,48,6,0,0,40.7825
1,49,6,0,0,40.7651
1,50,6,0,0,40.7487
1,51,6,0,0,40.7335
1,52,6,0,0,40.7194
1,53,6,0,0,40.7064
1,54,6,0,0,40.6941
1,55,6,0,0,40.6826
1,56,6,0,0,40.6716
1,57,6,0,0,40.661
1,58,6,0,0,40.6508
1,59,6,0,0,40.641
1,60,6,0,0,40.6318
1,61,6,0,0,40.6232
1,62,6,0,0,40.6153
1,63,6,0,0,40.608
1,64,6,0,0,40.601
1,65,6,0,0,40.5945
1,66,6,0,0,40.5883
1,67,6,0,0,40.5825
1,68,6,0,0,40.5768
1,69,6,0,0,40.5714
1,70,6,0,0,40.566
1,71,6,0,0,40.5608
1,72,6,0,0,40.5558
1,73,6,0,0,40.5512
1,74,6,0,0,40.547
1,75,6,0,0,40.5432
1,76,6,0,0,40.5397
1,77,6,0,0,40.5363
1,78,6,0,0,40.5333
1,79,6,0,0,40.5309
1,80,6,0,0,40.5291
1,81,6,0,0,40.5279
1,82,6,0,0,40.527
1,83,6,0,0,40.5262
1,84,6,0,0,40.5253
1,85,6,0,0,40.5243
1,86,6,0,0,40.5233
1,87,6,0,0,40.5219
1,88,6,0,0,40.5198
1,89,6,0,0,40.5176
1,90,6,0,0,40.5154
1,91,6,0,0,40.5134
1,92,6,0,0,40.5114
1,93,6,0,0,40.5095
1,94,6,0,0,40.5073
1,95,6,0,0,40.5053
1,96,6,0,0,40.5033
1,97,6,0,0,40.5015
1,98,6,0,0,40.4998
1,99,6,0,0,40.4983
1,100,6,0,0,40.4969
1,101,6,0,0,40.4954
1,102,6,0,0,40.494
1,103,6,0,0,40.4926
1,104,6,0,0,40.4913
1,105,6,0,0,40.4901
1,106,6,0,0,40.489
1,107,6,0,0,40.4881
1,108,6,0,0,40.4873
1,109,6,0,0,40.4865
1,110,6,0,0,40.4857
1,111,6,0,0,40.4848
1,112,6,0,0,40.4837
1,113,6,0,0,40.4827
1,114,6,0,0,40.4817
1,115,6,0,0,40.4807
1,116,6,0,0,40.4799
1,117,6,0,0,40.4792
1,118,6,0,0,40.4788
1,119,6,0,0,40.4784
1,120,6,0,0,40.4782
1,121,6,0,0,40.4781
1,122,6,0,0,40.4779
1,123,6,0,0,40.4775
1,124,6,0,0,40.4769
1,125,6,0,0,40.4757
1,126,6,0,0,40.4744
1,127,6,0,0,40.4732
1,0,7,0,6.44119e-05,47.1738
1,1,7,0,0,47.0069
1,2,7,0,0,46.7775
1,3,7,0,0,46.502
1,4,7,0,0,46.1963
1,5,7,0,0,45.8754
1,6,7,0,0,45.5493
1,7,7,0,0,45.2271
1,8,7,0,0,44.9149
1,9,7,0,0,44.6162
1,10,7,0,0,44.333
1,11,7,0,0,44.067
1,12,7,0,0,43.8183
1,13,7,0,0,43.5866
1,14,7,0,0,43.371
1,15,7,0,0,43.1696
1,16,7,0,0,42.9822
1,17,7,0,0,42.8079
1,18,7,0,0,42.6463
1,19,7,0,0,42.4965
1,20,7,0,0,42.3579
1,21,7,0,0,42.2296
1,22,7,0,0,42.1105
1,23,7,0,0,42.0003
1,24,7,0,0,41.8986
1,25,7,0,0,41.8044
1,26,7,0,0,41.7169
1,27,7,0,0,41.6356
1,28,7,0,0,41.5604
1,29,7,0,0,41.4896
1,30,7,0,0,41.4235
1,31,7,0,0,41.3619
1,32,7,0,0,41.3038
1,33,7,0,0,41.2493
1,34,7,0,0,41.1983
1,35,7,0,0,41.1516
1,36,7,0,0,41.1082
1,37,7,0,0,41.0679
1,38,7,0,0,41.0313
1,39,7,0,0,40.9975
1,40,7,0,0,40.9662
1,41,7,0,0,40.9373
1,42,7,0,0,40.9103
1,43,7,0,0,40.885
1,44,7,0,0,40.8613
1,45,7,0,0,40.8389
1,46,7,0,0,40.8176
1,47,7,0,0,40.798
1,48,7,0,0,40.7799
1,49,7,0,0,40.7625
1,50,7,0,0,40.7459
1,51,7,0,0,40.7306
1,52,7,0,0,40.7167
1,53,7,0,0,40.7041
1,54,7,0,0,40.6921
1,55,7,0,0,40.6811
1,56,7,0,0,40.6701
1,57,7,0,0,40.6596
1,58,7,0,0,40.6492
1,59,7,0,0,40.639
1,60,7,0,0,40.6298
1,61,7,0,0,40.6212
1,62,7,0,0,40.6136
1,63,7,0,0,40.6065
1,64,7,0,0,40.5996
1,65,7,0,0,40.5934
1,66,7,0,0,40.5873
1,67,7,0,0,40.582
1,68,7,0,0,40.5766
1,69,7,0,0,40.5713
1,70,7,0,0,40.5658
1,71,7,0,0,40.5607
1,72,7,0,0,40.5556
1,73,7,0,0,40.5512
1,74,7,0,0,40.547
1,75,7,0,0,40.5436
1,76,7,0,0,40.5403
1,77,7,0,0,40.5367
1,78,7,0,0,40.5333
1,79,7,0,0,40.5309
1,80,7,0,0,40.5295
1,81,7,0,0,40.5287
1,82,7,0,0,40.5283
1,83,7,0,0,40.5282
1,84,7,0,0,40.527
1,85,7,0,0,40.5263
1,86,7,0,0,40.5258
1,87,7,0,0,40.5244
1,88,7,0,0,40.5216
1,89,7,0,0,40.5187
1,90,7,0,0,40.5165
1,91,7,0,0,40.5146
1,92,7,0,0,40.5127
1,93,7,0,0,40.511
1,94,7,0,0,40.5087
1,95,7,0,0,40.5066
1,96,7,0,0,40.5049
1,97,7,0,0,40.5032
1,98,7,0,0,40.5014
1,99,7,0,0,40.4997
1,100,7,0,0,40.4987
1,101,7,0,0,40.4968
1,102,7,0,0,40.4952
1,103,7,0,0,40.4933
1,104,7,0,0,40.4919
1,105,7,0,0,40.4905
1,106,7,0,0,40.4893
1,107,7,0,0,40.4886
1,108,7,0,0,40.4881
1,109,7,0,0,40.4877
1,110,7,0,0,40.4869
1,111,7,0,0,40.4861
1,112,7,0,0,40.485
1,113,7,0,0,40.484
1,114,7,0,0,40.4829
1,115,7,0,0,40.4819
1,116,7,0,0,40.481
1,117,7,0,0,40.4803
1,118,7,0,0,40.4799
1,119,7,0,0,40.4793
1,120,7,0,0,40.4794
1,121,7,0,0,40.4795
1,122,7,0,0,40.4797
1,123,7,0,0,40.4795
1,124,7,0,0,40.4791
1,125,7,0,0,40.4777
1,126,7,0,0,40.476
1,127,7,0,0,40.4744
1,0,8,0,9.82519e-05,46.5246
1,1,8,0,3.39825e-05,46.3935
1,2,8,0,2.658e-05,46.2114
1,3,8,0,6.282e-05,45.9911
1,4,8,0,3.504e-05,45.7411
1,5,8,0,8.58e-05,45.4766
1,6,8,0,4.10625e-05,45.2004
1,7,8,0,3.966e-05,44.9235
1,8,8,0,6.522e-05,44.6521
1,9,8,0,6.402e-05,44.3887
1,10,8,0,3.504e-05,44.1355
1,11,8,0,3.384e-05,43.8958
1,12,8,0,4.47e-05,43.6702
1,13,8,0,4.47e-05,43.4587
1,14,8,0,7.734e-05,43.2614
1,15,8,0,5.316e-05,43.0736
1,16,8,0,5.51325e-05,42.8983
1,17,8,0,3.624e-05,42.7336
1,18,8,0,3.504e-05,42.5807
1,19,8,0,2.538e-05,42.4385
1,20,8,0,2.778e-05,42.3068
1,21,8,0,4.66725e-05,42.185
1,22,8,0,3.624e-05,42.0704
1,23,8,0,3.384e-05,41.9648
1,24,8,0,4.78725e-05,41.8677
1,25,8,0,5.556e-05,41.7777
1,26,8,0,4.59e-05,41.6936
1,27,8,0,2.658e-05,41.6148
1,28,8,0,7.368e-05,41.5439
1,29,8,0,4.35e-05,41.4746
1,30,8,0,3.624e-05,41.4102
1,31,8,0,6.59925e-05,41.3511
1,32,8,0,5.0145e-05,41.2938
1,33,8,0,4.59e-05,41.2396
1,34,8,0,3.1725e-06,41.1882
1,35,8,0,4.47e-05,41.1432
1,36,8,0,4.45575e-05,41.1006
1,37,8,0,8.46e-06,41.0599
1,38,8,0,3.60975e-05,41.025
1,39,8,0,3.624e-05,40.9923
1,40,8,0,3.384e-05,40.9618
1,41,8,0,3.744e-05,40.9338
1,42,8,0,3.744e-05,40.9076
1,43,8,0,3.504e-05,40.8827
1,44,8,0,4.35e-05,40.8599
1,45,8,0,4.35e-05,40.8378
1,46,8,0,1.812e-05,40.8158
1,47,8,0,1.812e-05,40.7963
1,48,8,0,6.282e-05,40.7796
1,49,8,0,5.42175e-05,40.7621
1,50,8,0,3.14175e-05,40.7444
1,51,8,0,1.692e-05,40.7289
1,52,8,0,2.12925e-05,40.7153
1,53,8,0,5.556e-05,40.704
1,54,8,0,3.504e-05,40.6916
1,55,8,0,7.854e-05,40.6821
1,56,8,0,5.073e-05,40.6706
1,57,8,0,5.922e-05,40.6605
1,58,8,0,4.9845e-05,40.6498
1,59,8,0,2.538e-05,40.6385
1,60,8,0,3.744e-05,40.6295
1,61,8,0,2.778e-05,40.6206
1,62,8,0,4.23e-05,40.6136
1,63,8,0,6.282e-05,40.6072
1,64,8,0,2.175e-05,40.5998
1,65,8,0,2.961e-05,40.5945
1,66,8,0,9.66e-06,40.588
1,67,8,0,4.35e-05,40.5837
1,68,8,0,2.97525e-05,40.5783
1,69,8,0,5.196e-05,40.5737
1,70,8,0,3.504e-05,40.5674
1,71,8,0,5.316e-05,40.5627
1,72,8,0,2.53725e-05,40.5568
1,73,8,0,4.35e-05,40.5529
1,74,8,0,1.812e-05,40.5484
1,75,8,0,4.22775e-05,40.5458
1,76,8,0,6.162e-05,40.5434
1,77,8,0,4.83225e-05,40.539
1,78,8,0,9.66e-06,40.5343
1,79,8,0,1.812e-05,40.5319
1,80,8,0,3.12e-05,40.5312
1,81,8,0,3.504e-05,40.5312
1,82,8,0,1.812e-05,40.5312
1,83,8,0,0.00010026,40.5334
1,84,8,0,2.658e-05,40.5302
1,85,8,0,5.33025e-05,40.5301
1,86,8,0,8.33775e-05,40.5311
1,87,8,0,9.546e-05,40.5303
1,88,8,0,5.076e-05,40.5256
1,89,8,0,3.504e-05,40.5213
1,90,8,0,4.35e-05,40.5192
1,91,8,0,5.196e-05,40.5177
1,92,8,0,3.6675e-05,40.5159
1,93,8,0,7.008e-05,40.515
1,94,8,0,4.692e-05,40.5119
1,95,8,0,3.987e-05,40.5096
1,96,8,0,5.67825e-05,40.5085
1,97,8,0,6.162e-05,40.5069
1,98,8,0,5.196e-05,40.5047
1,99,8,0,2.778e-05,40.5026
1,100,8,0,8.82e-05,40.5031
1,101,8,0,3.624e-05,40.4999
1,102,8,0,5.72475e-05,40.4986
1,103,8,0,1.692e-05,40.4955
1,104,8,0,4.71e-05,40.4945
1,105,8,0,3.624e-05,40.4924
1,106,8,0,2.658e-05,40.491
1,107,8,0,4.47e-05,40.4909
1,108,8,0,3.384e-05,40.4906
1,109,8,0,5.316e-05,40.4911
1,110,8,0,4.71e-05,40.49
1,111,8,0,6.282e-05,40.4897
1,112,8,0,3.624e-05,40.4881
1,113,8,0,4.33575e-05,40.4871
1,114,8,0,3.73125e-05,40.4861
1,115,8,0,2.658e-05,40.4846
1,116,8,0,2.00925e-05,40.4837
1,117,8,0,1.389e-05,40.4831
1,118,8,0,4.59e-05,40.483
1,119,8,0,2.538e-05,40.4816
1,120,8,0,5.196e-05,40.4824
1,121,8,0,4.47e-05,40.4829
1,122,8,0,6.042e-05,40.4836
1,123,8,0,5.076e-05,40.4835
1,124,8,0,7.974e-05,40.4843
1,125,8,0,4.71e-05,40.4818
1,126,8,0,4.59e-05,40.4792
1,127,8,0,5.42175e-05,40.4774
1,0,9,0,0.000116372,45.9584
1,1,9,0,5.03775e-05,45.853
1,2,9,0,5.1045e-05,45.706
1,3,9,0,3.624e-05,45.5249
1,4,9,0,2.538e-05,45.3189
1,5,9,0,5.076e-05,45.0981
1,6,9,0,9.88575e-05,44.8669
1,7,9,0,6.402e-05,44.628
1,8,9,0,1.692e-05,44.3893
1,9,9,0,2.43225e-05,44.1577
1,10,9,0,5.436e-05,43.9347
1,11,9,0,5.63325e-05,43.72
1,12,9,0,2.538e-05,43.5146
1,13,9,0,4.23e-05,43.3222
1,14,9,0,8.92575e-05,43.1418
1,15,9,0,5.1945e-05,42.9679
1,16,9,0,6.81075e-05,42.8052
1,17,9,0,5.196e-05,42.6514
1,18,9,0,5.196e-05,42.5081
1,19,9,0,6.282e-05,42.3747
1,20,9,0,5.316e-05,42.2496
1,21,9,0,6.69075e-05,42.1334
1,22,9,0,1.69125e-05,42.0227
1,23,9,0,3.384e-05,41.9221
1,24,9,0,3.06675e-05,41.8287
1,25,9,0,2.658e-05,41.7423
1,26,9,0,7.128e-05,41.6634
1,27,9,0,3.86625e-05,41.5876
1,28,9,0,8.094e-05,41.5192
1,29,9,0,6.402e-05,41.4528
1,30,9,0,7.128e-05,41.3908
1,31,9,0,6.14625e-05,41.3323
1,32,9,0,6.3435e-05,41.2769
1,33,9,0,4.59e-05,41.2241
1,34,9,0,5.84475e-05,41.1753
1,35,9,0,1.812e-05,41.129
1,36,9,0,3.8355e-05,41.0878
1,37,9,0,1.692e-05,41.0485
1,38,9,0,3.39825e-05,41.0142
1,39,9,0,3.744e-05,40.9824
1,40,9,0,3.987e-05,40.9529
1,41,9,0,4.23e-05,40.9257
1,42,9,0,7.008e-05,40.9009
1,43,9,0,4.35e-05,40.8759
1,44,9,0,6.282e-05,40.8538
1,45,9,0,7.008e-05,40.8325
1,46,9,0,6.282e-05,40.8114
1,47,9,0,6.402e-05,40.7917
1,48,9,0,3.603e-05,40.7727
1,49,9,0,5.09025e-05,40.7556
1,50,9,0,2.17425e-05,40.7385
1,51,9,0,7.551e-05,40.7253
1,52,9,0,4.39275e-05,40.7108
1,53,9,0,6.402e-05,40.6986
1,54,9,0,1.812e-05,40.685
1,55,9,0,4.47e-05,40.6748
1,56,9,0,2.82375e-05,40.6639
1,57,9,0,5.316e-05,40.6549
1,58,9,0,6.4935e-05,40.6452
1,59,9,0,3.021e-05,40.6341
1,60,9,0,5.196e-05,40.6254
1,61,9,0,2.658e-05,40.6159
1,62,9,0,3.384e-05,40.6084
1,63,9,0,0,40.6008
1,64,9,0,3.624e-05,40.5967
1,65,9,0,0.00010449,40.5941
1,66,9,0,5.196e-05,40.587
1,67,9,0,5.19675e-05,40.5817
1,68,9,0,5.9505e-05,40.5767
1,69,9,0,7.128e-05,40.5715
1,70,9,0,1.692e-05,40.5638
1,71,9,0,4.47e-05,40.5594
1,72,9,0,2.658e-05,40.554
1,73,9,0,3.48825e-05,40.5504
1,74,9,0,4.4415e-05,40.5468
1,75,9,0,3.2175e-05,40.5431
1,76,9,0,5.21025e-05,40.5404
1,77,9,0,1.87275e-05,40.5358
1,78,9,0,5.196e-05,40.5333
1,79,9,0,2.658e-05,40.5302
1,80,9,0,2.778e-05,40.5292
1,81,9,0,5.316e-05,40.5301
1,82,9,0,8.7e-05,40.5312
1,83,9,0,3.70125e-05,40.5294
1,84,9,0,6.03975e-05,40.5283
1,85,9,0,1.812e-05,40.526
1,86,9,0,4.95225e-05,40.5267
1,87,9,0,7.73175e-05,40.5266
1,88,9,0,6.162e-05,40.5229
1,89,9,0,1.812e-05,40.5179
1,90,9,0,4.47e-05,40.5163
1,91,9,0,3.18675e-05,40.5145
1,92,9,0,7.3065e-05,40.5143
1,93,9,0,5.436e-05,40.5119
1,94,9,0,2.89875e-05,40.5085
1,95,9,0,4.329e-05,40.5068
1,96,9,0,5.43375e-05,40.5055
1,97,9,0,3.504e-05,40.503
1,98,9,0,3.744e-05,40.5013
1,99,9,0,5.5275e-05,40.5004
1,100,9,0,3.504e-05,40.4987
1,101,9,0,4.35e-05,40.4972
1,102,9,0,5.63325e-05,40.4963
1,103,9,0,5.96475e-05,40.4946
1,104,9,0,5.11875e-05,40.4925
1,105,9,0,2.658e-05,40.4898
1,106,9,0,4.59e-05,40.489
1,107,9,0,2.538e-05,40.4879
1,108,9,0,5.076e-05,40.4887
1,109,9,0,7.734e-05,40.4893
1,110,9,0,1.812e-05,40.4865
1,111,9,0,3.504e-05,40.4863
1,112,9,0,5.89725e-05,40.4865
1,113,9,0,3.0345e-05,40.485
1,114,9,0,6.90075e-05,40.4856
1,115,9,0,5.196e-05,40.4845
1,116,9,0,6.57075e-05,40.4846
1,117,9,0,0.00010431,40.4851
1,118,9,0,4.15275e-05,40.4817
1,119,9,0,1.932e-05,40.4792
1,120,9,0,2.4465e-05,40.4793
1,121,9,0,5.11875e-05,40.4805
1,122,9,0,3.624e-05,40.4803
1,123,9,0,2.658e-05,40.4802
1,124,9,0,6.744e-05,40.4817
1,125,9,0,7.008e-05,40.4803
1,126,9,0,8.46e-06,40.4762
1,127,9,0,6.30675e-05,40.4756
1,0,10,0,6.44119e-05,45.4576
1,1,10,0,0,45.3708
1,2,10,0,2.115e-06,45.2501
1,3,10,0,0,45.1008
1,4,10,0,0,44.9294
1,5,10,0,0,44.7424
1,6,10,0,0,44.5446
1,7,10,0,0,44.34
1,8,10,0,0,44.1338
1,9,10,0,1.0575e-06,43.9303
1,10,10,0,0,43.7319
1,11,10,0,5.2875e-06,43.5399
1,12,10,0,0,43.355
1,13,10,0,0,43.1793
1,14,10,0,7.4025e-06,43.0127
1,15,10,0,2.415e-06,42.8533
1,16,10,0,0,42.7024
1,17,10,0,0,42.56
1,18,10,0,0,42.4262
1,19,10,0,0,42.3007
1,20,10,0,0,42.183
1,21,10,0,0,42.0728
1,22,10,0,1.2075e-06,41.9694
1,23,10,0,0,41.8733
1,24,10,0,0,41.7841
1,25,10,0,0,41.7012
1,26,10,0,0,41.6243
1,27,10,0,6.0375e-06,41.5522
1,28,10,0,0,41.4847
1,29,10,0,0,41.4211
1,30,10,0,0,41.3613
1,31,10,0,6.645e-06,41.3051
1,32,10,0,0,41.2517
1,33,10,0,0,41.2014
1,34,10,0,0,41.1545
1,35,10,0,0,41.1108
1,36,10,0,5.2875e-06,41.0707
1,37,10,0,0,41.0331
1,38,10,0,0,40.999
1,39,10,0,0,40.9676
1,40,10,0,4.83e-06,40.9387
1,41,10,0,0,40.9115
1,42,10,0,0,40.8862
1,43,10,0,0,40.8622
1,44,10,0,0,40.8398
1,45,10,0,0,40.8186
1,46,10,0,0,40.7982
1,47,10,0,0,40.779
1,48,10,0,4.83e-06,40.7609
1,49,10,0,0,40.7437
1,50,10,0,0,40.7277
1,51,10,0,4.23e-06,40.7135
1,52,10,0,0,40.6995
1,53,10,0,0,40.6867
1,54,10,0,0,40.6745
1,55,10,0,0,40.6636
1,56,10,0,3.1725e-06,40.6533
1,57,10,0,0,40.6435
1,58,10,0,0,40.634
1,59,10,0,4.83e-06,40.6246
1,60,10,0,0,40.6157
1,61,10,0,0,40.6074
1,62,10,0,0,40.6
1,63,10,0,0,40.5933
1,64,10,0,4.83e-06,40.5883
1,65,10,0,0,40.5834
1,66,10,0,0,40.5779
1,67,10,0,8.4525e-06,40.573
1,68,10,0,7.4025e-06,40.5678
1,69,10,0,0,40.5622
1,70,10,0,0,40.5565
1,71,10,0,0,40.5517
1,72,10,0,1.2075e-06,40.5474
1,73,10,0,1.94775e-05,40.5442
1,74,10,0,6.345e-06,40.5401
1,75,10,0,5.2875e-06,40.5364
1,76,10,0,1.0575e-06,40.5329
1,77,10,0,4.23e-06,40.5295
1,78,10,0,0,40.5266
1,79,10,0,0,40.5242
1,80,10,0,0,40.5227
1,81,10,0,0,40.5222
1,82,10,0,0,40.5219
1,83,10,0,5.2875e-06,40.5209
1,84,10,0,3.6225e-06,40.5196
1,85,10,0,1.0575e-06,40.518
1,86,10,0,0,40.5171
1,87,10,0,3.6225e-06,40.516
1,88,10,0,0,40.5134
1,89,10,0,0,40.5104
1,90,10,0,0,40.5082
1,91,10,0,3.1725e-06,40.5065
1,92,10,0,0,40.5049
1,93,10,0,0,40.5028
1,94,10,0,8.4525e-06,40.5007
1,95,10,0,0,40.4984
1,96,10,0,0,40.4966
1,97,10,0,0,40.4947
1,98,10,0,0,40.4931
1,99,10,0,6.345e-06,40.4919
1,100,10,0,0,40.4903
1,101,10,0,0,40.4888
1,102,10,0,0,40.4876
1,103,10,0,3.1725e-06,40.4863
1,104,10,0,3.1725e-06,40.4846
1,105,10,0,0,40.4828
1,106,10,0,0,40.4816
1,107,10,0,0,40.4808
1,108,10,0,0,40.4806
1,109,10,0,0,40.4803
1,110,10,0,0,40.4792
1,111,10,0,0,40.4787
1,112,10,0,1.08675e-05,40.4788
1,113,10,0,6.0375e-06,40.4779
1,114,10,0,0,40.4772
1,115,10,0,0,40.4766
1,116,10,0,0,40.4762
1,117,10,0,0,40.4758
1,118,10,0,3.1725e-06,40.4744
1,119,10,0,0,40.4731
1,120,10,0,2.115e-06,40.4729
1,121,10,0,3.1725e-06,40.4731
1,122,10,0,0,40.4729
1,123,10,0,0,40.4728
1,124,10,0,0,40.4728
1,125,10,0,0,40.4718
1,126,10,0,0,40.47
1,127,10,0,2.115e-06,40.4689
1,0,11,0,6.44119e-05,45.0172
1,1,11,0,0,44.9446
1,2,11,0,0,44.844
1,3,11,0,0,44.7194
1,4,11,0,0,44.5753
1,5,11,0,0,44.4165
1,6,11,0,0,44.247
1,7,11,0,0,44.0708
1,8,11,0,0,43.8917
1,9,11,0,0,43.7129
1,10,11,0,0,43.5368
1,11,11,0,0,43.365
1,12,11,0,0,43.1988
1,13,11,0,0,43.0391
1,14,11,0,0,42.8863
1,15,11,0,0,42.7401
1,16,11,0,0,42.601
1,17,11,0,0,42.4691
1,18,11,0,0,42.3445
1,19,11,0,0,42.2271
1,20,11,0,0,42.1166
1,21,11,0,0,42.0128
1,22,11,0,0,41.9154
1,23,11,0,0,41.8244
1,24,11,0,0,41.7394
1,25,11,0,0,41.6602
1,26,11,0,0,41.5861
1,27,11,0,0,41.5168
1,28,11,0,0,41.4517
1,29,11,0,0,41.3905
1,30,11,0,0,41.3329
1,31,11,0,0,41.2788
1,32,11,0,0,41.2277
1,33,11,0,0,41.1797
1,34,11,0,0,41.1347
1,35,11,0,0,41.0928
1,36,11,0,0,41.054
1,37,11,0,0,41.0179
1,38,11,0,0,40.9846
1,39,11,0,0,40.9538
1,40,11,0,0,40.9253
1,41,11,0,0,40.8986
1,42,11,0,0,40.8735
1,43,11,0,0,40.85
1,44,11,0,0,40.8278
1,45,11,0,0,40.8068
1,46,11,0,0,40.7868
1,47,11,0,0,40.768
1,48,11,0,0,40.7502
1,49,11,0,0,40.7334
1,50,11,0,0,40.7177
1,51,11,0,0,40.7032
1,52,11,0,0,40.6896
1,53,11,0,0,40.6769
1,54,11,0,0,40.6651
1,55,11,0,0,40.6542
1,56,11,0,0,40.644
1,57,11,0,0,40.6343
1,58,11,0,0,40.6251
1,59,11,0,0,40.6163
1,60,11,0,0,40.6079
1,61,11,0,0,40.6001
1,62,11,0,0,40.593
1,63,11,0,0,40.5866
1,64,11,0,0,40.581
1,65,11,0,0,40.5757
1,66,11,0,0,40.5705
1,67,11,0,0,40.5654
1,68,11,0,0,40.5604
1,69,11,0,0,40.5553
1,70,11,0,0,40.5502
1,71,11,0,0,40.5457
1,72,11,0,0,40.5415
1,73,11,0,0,40.5378
1,74,11,0,0,40.534
1,75,11,0,0,40.5305
1,76,11,0,0,40.5272
1,77,11,0,0,40.5241
1,78,11,0,0,40.5213
1,79,11,0,0,40.5191
1,80,11,0,0,40.5174
1,81,11,0,0,40.5162
1,82,11,0,0,40.5151
1,83,11,0,0,40.5139
1,84,11,0,0,40.5126
1,85,11,0,0,40.5112
1,86,11,0,0,40.5098
1,87,11,0,0,40.5083
1,88,11,0,0,40.5062
1,89,11,0,0,40.5039
1,90,11,0,0,40.5018
1,91,11,0,0,40.4998
1,92,11,0,0,40.4979
1,93,11,0,0,40.4958
1,94,11,0,0,40.4937
1,95,11,0,0,40.4916
1,96,11,0,0,40.4897
1,97,11,0,0,40.4878
1,98,11,0,0,40.4862
1,99,11,0,0,40.4849
1,100,11,0,0,40.4834
1,101,11,0,0,40.4821
1,102,11,0,0,40.4809
1,103,11,0,0,40.4796
1,104,11,0,0,40.4783
1,105,11,0,0,40.4769
1,106,11,0,0,40.4758
1,107,11,0,0,40.475
1,108,11,0,0,40.4744
1,109,11,0,0,40.4739
1,110,11,0,0,40.4731
1,111,11,0,0,40.4725
1,112,11,0,0,40.4721
1,113,11,0,0,40.4714
1,114,11,0,0,40.4708
1,115,11,0,0,40.4702
1,116,11,0,0,40.4697
1,117,11,0,0,40.4692
1,118,11,0,0,40.4685
1,119,11,0,0,40.4678
1,120,11,0,0,40.4675
1,121,11,0,0,40.4674
1,122,11,0,0,40.4672
1,123,11,0,0,40.467
1,124,11,0,0,40.4667
1,125,11,0,0,40.4661
1,126,11,0,0,40.465
1,127,11,0,0,40.4642
1,0,12,0,6.44119e-05,44.6278
1,1,12,0,0,44.5662
1,2,12,0,0,44.4815
1,3,12,0,0,44.3764
1,4,12,0,0,44.2542
1,5,12,0,0,44.1185
1,6,12,0,0,43.9728
1,7,12,0,0,43.8203
1,8,12,0,0,43.664
1,9,12,0,0,43.5068
1,10,12,0,0,43.3507
1,11,12,0,0,43.1973
1,12,12,0,0,43.0478
1,13,12,0,0,42.9031
1,14,12,0,0,42.7638
1,15,12,0,0,42.6299
1,16,12,0,0,42.5018
1,17,12,0,0,42.3799
1,18,12,0,0,42.2641
1,19,12,0,0,42.1545
1,20,12,0,0,42.0511
1,21,12,0,0,41.9536
1,22,12,0,0,41.8619
1,23,12,0,0,41.7758
1,24,12,0,0,41.6952
1,25,12,0,0,41.6197
1,26,12,0,0,41.5488
1,27,12,0,0,41.4824
1,28,12,0,0,41.4199
1,29,12,0,0,41.3611
1,30,12,0,0,41.3059
1,31,12,0,0,41.2539
1,32,12,0,0,41.2049
1,33,12,0,0,41.159
1,34,12,0,0,41.1159
1,35,12,0,0,41.0757
1,36,12,0,0,41.0382
1,37,12,0,0,41.0034
1,38,12,0,0,40.9712
1,39,12,0,0,40.9413
1,40,12,0,0,40.9133
1,41,12,0,0,40.8872
1,42,12,0,0,40.8626
1,43,12,0,0,40.8394
1,44,12,0,0,40.8175
1,45,12,0,0,40.7968
1,46,12,0,0,40.7772
1,47,12,0,0,40.7587
1,48,12,0,0,40.7412
1,49,12,0,0,40.7246
1,50,12,0,0,40.7091
1,51,12,0,0,40.6947
1,52,12,0,0,40.6812
1,53,12,0,0,40.6688
1,54,12,0,0,40.6572
1,55,12,0,0,40.6465
1,56,12,0,0,40.6365
1,57,12,0,0,40.627
1,58,12,0,0,40.6181
1,59,12,0,0,40.6097
1,60,12,0,0,40.6017
1,61,12,0,0,40.5943
1,62,12,0,0,40.5875
1,63,12,0,0,40.5812
1,64,12,0,0,40.5755
1,65,12,0,0,40.5702
1,66,12,0,0,40.565
1,67,12,0,0,40.56
1,68,12,0,0,40.5551
1,69,12,0,0,40.5503
1,70,12,0,0,40.5456
1,71,12,0,0,40.5413
1,72,12,0,0,40.5372
1,73,12,0,0,40.5334
1,74,12,0,0,40.5298
1,75,12,0,0,40.5264
1,76,12,0,0,40.5232
1,77,12,0,0,40.5203
1,78,12,0,0,40.5176
1,79,12,0,0,40.5154
1,80,12,0,0,40.5135
1,81,12,0,0,40.5119
1,82,12,0,0,40.5105
1,83,12,0,0,40.509
1,84,12,0,0,40.5076
1,85,12,0,0,40.5062
1,86,12,0,0,40.5047
1,87,12,0,0,40.5031
1,88,12,0,0,40.5012
1,89,12,0,0,40.4991
1,90,12,0,0,40.4971
1,91,12,0,0,40.495
1,92,12,0,0,40.4929
1,93,12,0,0,40.4908
1,94,12,0,0,40.4886
1,95,12,0,0,40.4865
1,96,12,0,0,40.4845
1,97,12,0,0,40.4827
1,98,12,0,0,40.4811
1,99,12,0,0,40.4797
1,100,12,0,0,40.4784
1,101,12,0,0,40.4772
1,102,12,0,0,40.4761
1,103,12,0,0,40.4749
1,104,12,0,0,40.4737
1,105,12,0,0,40.4726
1,106,12,0,0,40.4716
1,107,12,0,0,40.4708
1,108,12,0,0,40.4701
1,109,12,0,0,40.4694
1,110,12,0,0,40.4687
1,111,12,0,0,40.468
1,112,12,0,0,40.4674
1,113,12,0,0,40.4667
1,114,12,0,0,40.4661
1,115,12,0,0,40.4656
1,116,12,0,0,40.4651
1,117,12,0,0,40.4647
1,118,12,0,0,40.4643
1,119,12,0,0,40.4639
1,120,12,0,0,40.4636
1,121,12,0,0,40.4635
1,122,12,0,0,40.4633
1,123,12,0,0,40.4632
1,124,12,0,0,40.4629
1,125,12,0,0,40.4624
1,126,12,0,0,40.4617
1,127,12,0,0,40.461
1,0,13,0,6.44119e-05,44.2818
1,1,13,0,0,44.2292
1,2,13,0,0,44.1571
1,3,13,0,0,44.0676
1,4,13,0,0,43.9632
1,5,13,0,0,43.8466
1,6,13,0,0,43.7206
1,7,13,0,0,43.588
1,8,13,0,0,43.4513
1,9,13,0,0,43.3127
1,10,13,0,0,43.1743
1,11,13,0,0,43.0375
1,12,13,0,0,42.9033
1,13,13,0,0,42.7725
1,14,13,0,0,42.6457
1,15,13,0,0,42.5233
1,16,13,0,0,42.4056
1,17,13,0,0,42.2929
1,18,13,0,0,42.1855
1,19,13,0,0,42.0835
1,20,13,0,0,41.9868
1,21,13,0,0,41.8954
1,22,13,0,0,41.8092
1,23,13,0,0,41.728
1,24,13,0,0,41.6518
1,25,13,0,0,41.5801
1,26,13,0,0,41.5126
1,27,13,0,0,41.4491
1,28,13,0,0,41.3894
1,29,13,0,0,41.333
1,30,13,0,0,41.2801
1,31,13,0,0,41.2303
1,32,13,0,0,41.1834
1,33,13,0,0,41.1394
1,34,13,0,0,41.0981
1,35,13,0,0,41.0595
1,36,13,0,0,41.0234
1,37,13,0,0,40.99
1,38,13,0,0,40.9589
1,39,13,0,0,40.93
1,40,13,0,0,40.9029
1,41,13,0,0,40.8773
1,42,13,0,0,40.8532
1,43,13,0,0,40.8305
1,44,13,0,0,40.809
1,45,13,0,0,40.7887
1,46,13,0,0,40.7694
1,47,13,0,0,40.7511
1,48,13,0,0,40.7338
1,49,13,0,0,40.7175
1,50,13,0,0,40.7021
1,51,13,0,0,40.6877
1,52,13,0,0,40.6744
1,53,13,0,0,40.6621
1,54,13,0,0,40.6509
1,55,13,0,0,40.6404
1,56,13,0,0,40.6307
1,57,13,0,0,40.6216
1,58,13,0,0,40.613
1,59,13,0,0,40.6049
1,60,13,0,0,40.5973
1,61,13,0,0,40.5902
1,62,13,0,0,40.5836
1,63,13,0,0,40.5775
1,64,13,0,0,40.5719
1,65,13,0,0,40.5666
1,66,13,0,0,40.5614
1,67,13,0,0,40.5565
1,68,13,0,0,40.5517
1,69,13,0,0,40.5472
1,70,13,0,0,40.5428
1,71,13,0,0,40.5386
1,72,13,0,0,40.5347
1,73,13,0,0,40.5309
1,74,13,0,0,40.5273
1,75,13,0,0,40.524
1,76,13,0,0,40.5209
1,77,13,0,0,40.5181
1,78,13,0,0,40.5155
1,79,13,0,0,40.5132
1,80,13,0,0,40.5112
1,81,13,0,0,40.5094
1,82,13,0,0,40.5077
1,83,13,0,0,40.5061
1,84,13,0,0,40.5046
1,85,13,0,0,40.5031
1,86,13,0,0,40.5017
1,87,13,0,0,40.5001
1,88,13,0,0,40.4983
1,89,13,0,0,40.4963
1,90,13,0,0,40.4942
1,91,13,0,0,40.4921
1,92,13,0,0,40.4899
1,93,13,0,0,40.4876
1,94,13,0,0,40.4854
1,95,13,0,0,40.4831
1,96,13,0,0,40.481
1,97,13,0,0,40.4791
1,98,13,0,0,40.4775
1,99,13,0,0,40.4762
1,100,13,0,0,40.475
1,101,13,0,0,40.474
1,102,13,0,0,40.473
1,103,13,0,0,40.472
1,104,13,0,0,40.471
1,105,13,0,0,40.4699
1,106,13,0,0,40.469
1,107,13,0,0,40.4682
1,108,13,0,0,40.4675
1,109,13,0,0,40.4668
1,110,13,0,0,40.4661
1,111,13,0,0,40.4653
1,112,13,0,0,40.4645
1,113,13,0,0,40.4637
1,114,13,0,0,40.463
1,115,13,0,0,40.4626
1,116,13,0,0,40.4623
1,117,13,0,0,40.462
1,118,13,0,0,40.4619
1,119,13,0,0,40.4617
1,120,13,0,0,40.4615
1,121,13,0,0,40.4614
1,122,13,0,0,40.4613
1,123,13,0,0,40.4612
1,124,13,0,0,40.461
1,125,13,0,0,40.4607
1,126,13,0,0,40.4601
1,127,13,0,0,40.4594
1,0,14,0,6.44119e-05,43.9734
1,1,14,0,0,43.9282
1,2,14,0,0,43.8664
1,3,14,0,0,43.7895
1,4,14,0,0,43.6996
1,5,14,0,0,43.5988
1,6,14,0,0,43.4892
1,7,14,0,0,43.3733
1,8,14,0,0,43.2532
1,9,14,0,0,43.1309
1,10,14,0,0,43.0081
1,11,14,0,0,42.8861
1,12,14,0,0,42.7658
1,13,14,0,0,42.648
1,14,14,0,0,42.533
1,15,14,0,0,42.421
1,16,14,0,0,42.3128
1,17,14,0,0,42.2088
1,18,14,0,0,42.1092
1,19,14,0,0,42.0144
1,20,14,0,0,41.9242
1,21,14,0,0,41.8387
1,22,14,0,0,41.7577
1,23,14,0,0,41.6814
1,24,14,0,0,41.6096
1,25,14,0,0,41.5418
1,26,14,0,0,41.4777
1,27,14,0,0,41.4173
1,28,14,0,0,41.3602
1,29,14,0,0,41.3063
1,30,14,0,0,41.2556
1,31,14,0,0,41.208
1,32,14,0,0,41.1633
1,33,14,0,0,41.1212
1,34,14,0,0,41.0816
1,35,14,0,0,41.0444
1,36,14,0,0,41.0097
1,37,14,0,0,40.9776
1,38,14,0,0,40.9479
1,39,14,0,0,40.9202
1,40,14,0,0,40.8941
1,41,14,0,0,40.8692
1,42,14,0,0,40.8456
1,43,14,0,0,40.8233
1,44,14,0,0,40.8023
1,45,14,0,0,40.7823
1,46,14,0,0,40.7633
1,47,14,0,0,40.7453
1,48,14,0,0,40.7281
1,49,14,0,0,40.7119
1,50,14,0,0,40.6967
1,51,14,0,0,40.6822
1,52,14,0,0,40.6689
1,53,14,0,0,40.6569
1,54,14,0,0,40.6461
1,55,14,0,0,40.636
1,56,14,0,0,40.6267
1,57,14,0,0,40.6178
1,58,14,0,0,40.6095
1,59,14,0,0,40.6018
1,60,14,0,0,40.5945
1,61,14,0,0,40.5878
1,62,14,0,0,40.5813
1,63,14,0,0,40.5754
1,64,14,0,0,40.57
1,65,14,0,0,40.5649
1,66,14,0,0,40.5597
1,67,14,0,0,40.5549
1,68,14,0,0,40.5503
1,69,14,0,0,40.5459
1,70,14,0,0,40.5418
1,71,14,0,0,40.5378
1,72,14,0,0,40.5339
1,73,14,0,0,40.5302
1,74,14,0,0,40.5266
1,75,14,0,0,40.5233
1,76,14,0,0,40.5204
1,77,14,0,0,40.5177
1,78,14,0,0,40.5151
1,79,14,0,0,40.5128
1,80,14,0,0,40.5107
1,81,14,0,0,40.5087
1,82,14,0,0,40.5069
1,83,14,0,0,40.5049
1,84,14,0,0,40.5034
1,85,14,0,0,40.502
1,86,14,0,0,40.5007
1,87,14,0,0,40.4992
1,88,14,0,0,40.4975
1,89,14,0,0,40.4955
1,90,14,0,0,40.4934
1,91,14,0,0,40.4911
1,92,14,0,0,40.4887
1,93,14,0,0,40.4863
1,94,14,0,0,40.4839
1,95,14,0,0,40.4814
1,96,14,0,0,40.4791
1,97,14,0,0,40.4771
1,98,14,0,0,40.4755
1,99,14,0,0,40.4743
1,100,14,0,0,40.4733
1,101,14,0,0,40.4726
1,102,14,0,0,40.4718
1,103,14,0,0,40.471
1,104,14,0,0,40.47
1,105,14,0,0,40.4689
1,106,14,0,0,40.468
1,107,14,0,0,40.4672
1,108,14,0,0,40.4667
1,109,14,0,0,40.4661
1,110,14,0,0,40.4653
1,111,14,0,0,40.4643
1,112,14,0,0,40.4633
1,113,14,0,0,40.4624
1,114,14,0,0,40.4616
1,115,14,0,0,40.4611
1,116,14,0,0,40.461
1,117,14,0,0,40.4611
1,118,14,0,0,40.4612
1,119,14,0,0,40.4611
1,120,14,0,0,40.461
1,121,14,0,0,40.4609
1,122,14,0,0,40.4609
1,123,14,0,0,40.4611
1,124,14,0,0,40.4611
1,125,14,0,0,40.4609
1,126,14,0,0,40.4603
1,127,14,0,0,40.4594
1,0,15,0,6.44119e-05,43.6976
1,1,15,0,0,43.6588
1,2,15,0,0,43.6055
1,3,15,0,0,43.5389
1,4,15,0,0,43.4611
1,5,15,0,0,43.3732
1,6,15,0,0,43.2773
1,7,15,0,0,43.1755
1,8,15,0,0,43.0694
1,9,15,0,0,42.961
1,10,15,0,0,42.8522
1,11,15,0,0,42.7436
1,12,15,0,0,42.636
1,13,15,0,0,42.5301
1,14,15,0,0,42.4262
1,15,15,0,0,42.3238
1,16,15,0,0,42.2241
1,17,15,0,0,42.128
1,18,15,0,0,42.0357
1,19,15,0,0,41.9479
1,20,15,0,0,41.8636
1,21,15,0,0,41.7838
1,22,15,0,0,41.7078
1,23,15,0,0,41.6363
1,24,15,0,0,41.569
1,25,15,0,0,41.5051
1,26,15,0,0,41.4444
1,27,15,0,0,41.3871
1,28,15,0,0,41.3325
1,29,15,0,0,41.2809
1,30,15,0,0,41.2325
1,31,15,0,0,41.1871
1,32,15,0,0,41.1446
1,33,15,0,0,41.1045
1,34,15,0,0,41.0663
1,35,15,0,0,41.0305
1,36,15,0,0,40.997
1,37,15,0,0,40.9663
1,38,15,0,0,40.9382
1,39,15,0,0,40.9123
1,40,15,0,0,40.8871
1,41,15,0,0,40.8627
1,42,15,0,0,40.8399
1,43,15,0,0,40.8178
1,44,15,0,0,40.7974
1,45,15,0,0,40.7779
1,46,15,0,0,40.7589
1,47,15,0,0,40.7413
1,48,15,0,0,40.7242
1,49,15,0,0,40.708
1,50,15,0,0,40.6929
1,51,15,0,0,40.678
1,52,15,0,0,40.6645
1,53,15,0,0,40.6531
1,54,15,0,0,40.6428
1,55,15,0,0,40.6333
1,56,15,0,0,40.6244
1,57,15,0,0,40.6159
1,58,15,0,0,40.6078
1,59,15,0,0,40.6005
1,60,15,0,0,40.5935
1,61,15,0,0,40.5872
1,62,15,0,0,40.5806
1,63,15,0,0,40.5751
1,64,15,0,0,40.57
1,65,15,0,0,40.5653
1,66,15,0,0,40.5599
1,67,15,0,0,40.555
1,68,15,0,0,40.5508
1,69,15,0,0,40.5465
1,70,15,0,0,40.5426
1,71,15,0,0,40.539
1,72,15,0,0,40.535
1,73,15,0,0,40.5314
1,74,15,0,0,40.5275
1,75,15,0,0,40.5243
1,76,15,0,0,40.5215
1,77,15,0,0,40.519
1,78,15,0,0,40.5164
1,79,15,0,0,40.514
1,80,15,0,0,40.512
1,81,15,0,0,40.5099
1,82,15,0,0,40.508
1,83,15,0,0,40.5054
1,84,15,0,0,40.5039
1,85,15,0,0,40.5027
1,86,15,0,0,40.5017
1,87,15,0,0,40.5006
1,88,15,0,0,40.4989
1,89,15,0,0,40.4965
1,90,15,0,0,40.4945
1,91,15,0,0,40.4922
1,92,15,0,0,40.4895
1,93,15,0,0,40.4869
1,94,15,0,0,40.4842
1,95,15,0,0,40.4815
1,96,15,0,0,40.4788
1,97,15,0,0,40.4765
1,98,15,0,0,40.4749
1,99,15,0,0,40.474
1,100,15,0,0,40.4732
1,101,15,0,0,40.4729
1,102,15,0,0,40.4725
1,103,15,0,0,40.472
1,104,15,0,0,40.4709
1,105,15,0,0,40.4696
1,106,15,0,0,40.4684
1,107,15,0,0,40.4679
1,108,15,0,0,40.4678
1,109,15,0,0,40.4673
1,110,15,0,0,40.4664
1,111,15,0,0,40.465
1,112,15,0,0,40.4638
1,113,15,0,0,40.4627
1,114,15,0,0,40.4616
1,115,15,0,0,40.4611
1,116,15,0,0,40.4614
1,117,15,0,0,40.4619
1,118,15,0,0,40.4624
1,119,15,0,0,40.4624
1,120,15,0,0,40.4624
1,121,15,0,0,40.4622
1,122,15,0,0,40.4623
1,123,15,0,0,40.4628
1,124,15,0,0,40.4632
1,125,15,0,0,40.4634
1,126,15,0,0,40.4627
1,127,15,0,0,40.461
1,0,16,0,0.000106712,43.4505
1,1,16,0,6.15975e-05,43.4178
1,2,16,0,5.196e-05,43.3716
1,3,16,0,1.692e-05,43.3127
1,4,16,0,4.47e-05,43.2457
1,5,16,0,3.744e-05,43.1682
1,6,16,0,3.624e-05,43.0836
1,7,16,0,2.88e-05,42.9936
1,8,16,0,2.898e-05,42.8993
1,9,16,0,8.46e-06,42.8024
1,10,16,0,3.504e-05,42.7065
1,11,16,0,2.658e-05,42.6098
1,12,16,0,3.18675e-05,42.5141
1,13,16,0,4.2285e-05,42.4193
1,14,16,0,7.551e-05,42.3266
1,15,16,0,4.71e-05,42.2321
1,16,16,0,4.23e-05,42.1396
1,17,16,0,4.35e-05,42.0511
1,18,16,0,1.812e-05,41.9649
1,19,16,0,6.282e-05,41.8845
1,20,16,0,1.812e-05,41.8052
1,21,16,0,5.436e-05,41.7315
1,22,16,0,2.778e-05,41.6595
1,23,16,0,2.538e-05,41.5926
1,24,16,0,4.35e-05,41.5304
1,25,16,0,5.436e-05,41.4706
1,26,16,0,4.23e-05,41.4129
1,27,16,0,6.162e-05,41.3589
1,28,16,0,4.87875e-05,41.3066
1,29,16,0,2.778e-05,41.2568
1,30,16,0,2.538e-05,41.2106
1,31,16,0,3.624e-05,41.1677
1,32,16,0,3.26175e-05,41.1274
1,33,16,0,6.28125e-05,41.0898
1,34,16,0,3.744e-05,41.0525
1,35,16,0,4.23e-05,41.0178
1,36,16,0,2.77875e-05,40.9852
1,37,16,0,1.692e-05,40.9556
1,38,16,0,3.624e-05,40.9299
1,39,16,0,7.8525e-05,40.9068
1,40,16,0,7.128e-05,40.8827
1,41,16,0,4.0185e-05,40.8579
1,42,16,0,6.63825e-05,40.8365
1,43,16,0,2.658e-05,40.8136
1,44,16,0,4.47e-05,40.7943
1,45,16,0,5.316e-05,40.7758
1,46,16,0,2.898e-05,40.7561
1,47,16,0,6.888e-05,40.7394
1,48,16,0,3.744e-05,40.7218
1,49,16,0,2.778e-05,40.7057
1,50,16,0,6.28275e-05,40.6916
1,51,16,0,8.46e-06,40.6748
1,52,16,0,0,40.6606
1,53,16,0,1.812e-05,40.6503
1,54,16,0,2.778e-05,40.6411
1,55,16,0,3.624e-05,40.6324
1,56,16,0,4.47e-05,40.624
1,57,16,0,4.71e-05,40.6158
1,58,16,0,1.812e-05,40.6075
1,59,16,0,4.71e-05,40.601
1,60,16,0,3.504e-05,40.5941
1,61,16,0,8.82e-05,40.5892
1,62,16,0,8.46e-06,40.5809
1,63,16,0,5.316e-05,40.5767
1,64,16,0,3.504e-05,40.5716
1,65,16,0,9.18e-05,40.5687
1,66,16,0,3.72975e-05,40.5617
1,67,16,0,2.538e-05,40.5566
1,68,16,0,5.436e-05,40.5534
1,69,16,0,3.744e-05,40.5487
1,70,16,0,4.812e-05,40.5453
1,71,16,0,7.128e-05,40.5426
1,72,16,0,3.2625e-05,40.5378
1,73,16,0,6.384e-05,40.5349
1,74,16,0,2.658e-05,40.5296
1,75,16,0,4.47e-05,40.5269
1,76,16,0,3.384e-05,40.5244
1,77,16,0,5.436e-05,40.5225
1,78,16,0,3.74625e-05,40.5195
1,79,16,0,2.778e-05,40.5167
1,80,16,0,5.556e-05,40.5152
1,81,16,0,4.23e-05,40.5129
1,82,16,0,8.6085e-05,40.5117
1,83,16,0,8.46e-06,40.5066
1,84,16,0,4.3485e-05,40.5062
1,85,16,0,3.48975e-05,40.5052
1,86,16,0,5.09025e-05,40.5047
1,87,16,0,6.87375e-05,40.5044
1,88,16,0,7.44525e-05,40.503
1,89,16,0,2.658e-05,40.4992
1,90,16,0,5.898e-05,40.4979
1,91,16,0,6.402e-05,40.4957
1,92,16,0,3.624e-05,40.4919
1,93,16,0,4.59e-05,40.4896
1,94,16,0,4.59e-05,40.4865
1,95,16,0,4.35075e-05,40.4833
1,96,16,0,2.538e-05,40.4798
1,97,16,0,1.692e-05,40.477
1,98,16,0,1.692e-05,40.4755
1,99,16,0,3.504e-05,40.4755
1,100,16,0,8.46e-06,40.4742
1,101,16,0,4.34925e-05,40.4754
1,102,16,0,2.658e-05,40.475
1,103,16,0,4.35e-05,40.4752
1,104,16,0,3.504e-05,40.474
1,105,16,0,2.778e-05,40.4719
1,106,16,0,1.812e-05,40.4701
1,107,16,0,2.154e-05,40.4699
1,108,16,0,5.66175e-05,40.4711
1,109,16,0,4.1385e-05,40.4706
1,110,16,0,5.076e-05,40.4699
1,111,16,0,2.658e-05,40.4673
1,112,16,0,3.18675e-05,40.4661
1,113,16,0,4.35e-05,40.4647
1,114,16,0,2.0235e-05,40.4626
1,115,16,0,8.46e-06,40.4623
1,116,16,0,2.538e-05,40.4633
1,117,16,0,3.504e-05,40.4644
1,118,16,0,5.556e-05,40.4658
1,119,16,0,4.047e-05,40.4656
1,120,16,0,4.47e-05,40.4656
1,121,16,0,2.658e-05,40.465
1,122,16,0,1.269e-05,40.4649
1,123,16,0,4.23e-05,40.4663
1,124,16,0,4.59e-05,40.4673
1,125,16,0,7.7715e-05,40.4686
1,126,16,0,7.128e-05,40.4677
1,127,16,0,6.585e-05,40.4646
1,0,17,0,9.09919e-05,43.2225
1,1,17,0,2.17425e-05,43.1932
1,2,17,0,6.162e-05,43.1545
1,3,17,0,6.282e-05,43.1044
1,4,17,0,8.094e-05,43.0455
1,5,17,0,3.9555e-05,42.976
1,6,17,0,2.658e-05,42.9009
1,7,17,0,5.196e-05,42.8221
1,8,17,0,2.538e-05,42.7378
1,9,17,0,1.692e-05,42.6517
1,10,17,0,1.692e-05,42.5656
1,11,17,0,4.23e-05,42.4804
1,12,17,0,6.04125e-05,42.3949
1,13,17,0,3.6255e-05,42.3084
1,14,17,0,8.859e-05,42.2248
1,15,17,0,7.128e-05,42.1385
1,16,17,0,3.1725e-06,42.052
1,17,17,0,6.08475e-05,41.9721
1,18,17,0,3.504e-05,41.8924
1,19,17,0,2.658e-05,41.8166
1,20,17,0,4.932e-05,41.7445
1,21,17,0,3.624e-05,41.6746
1,22,17,0,1.812e-05,41.6075
1,23,17,0,2.76375e-05,41.5455
1,24,17,0,6.888e-05,41.4878
1,25,17,0,3.72975e-05,41.4303
1,26,17,0,3.9555e-05,41.3757
1,27,17,0,2.1435e-05,41.3235
1,28,17,0,3.82125e-05,41.275
1,29,17,0,4.59e-05,41.229
1,30,17,0,5.436e-05,41.1855
1,31,17,0,3.384e-05,41.1439
1,32,17,0,6.88425e-05,41.1061
1,33,17,0,2.65875e-05,41.0682
1,34,17,0,6.08475e-05,41.034
1,35,17,0,1.812e-05,40.9996
1,36,17,0,3.74325e-05,40.9695
1,37,17,0,4.59075e-05,40.9418
1,38,17,0,4.35e-05,40.9162
1,39,17,0,4.7115e-05,40.8927
1,40,17,0,7.974e-05,40.8705
1,41,17,0,2.1435e-05,40.8461
1,42,17,0,8.80575e-05,40.8268
1,43,17,0,3.624e-05,40.8045
1,44,17,0,5.5275e-05,40.7861
1,45,17,0,0.00010392,40.7692
1,46,17,0,3.624e-05,40.7481
1,47,17,0,1.692e-05,40.7299
1,48,17,0,5.196e-05,40.7147
1,49,17,0,4.59e-05,40.6994
1,50,17,0,5.31525e-05,40.6851
1,51,17,0,4.78725e-05,40.6701
1,52,17,0,0,40.6553
1,53,17,0,4.35e-05,40.6459
1,54,17,0,5.076e-05,40.6368
1,55,17,0,4.59e-05,40.6276
1,56,17,0,2.778e-05,40.6183
1,57,17,0,2.658e-05,40.6105
1,58,17,0,7.23e-05,40.6047
1,59,17,0,4.24425e-05,40.5966
1,60,17,0,3.624e-05,40.5892
1,61,17,0,8.46e-06,40.5823
1,62,17,0,6.042e-05,40.578
1,63,17,0,4.23e-05,40.5725
1,64,17,0,3.39825e-05,40.5674
1,65,17,0,4.812e-05,40.5634
1,66,17,0,2.55225e-05,40.5576
1,67,17,0,5.436e-05,40.5543
1,68,17,0,6.282e-05,40.5507
1,69,17,0,4.35e-05,40.5458
1,70,17,0,2.658e-05,40.5413
1,71,17,0,4.47e-05,40.5387
1,72,17,0,4.5915e-05,40.5353
1,73,17,0,7.248e-05,40.5326
1,74,17,0,1.812e-05,40.5267
1,75,17,0,2.778e-05,40.524
1,76,17,0,6.59925e-05,40.5231
1,77,17,0,4.35e-05,40.5203
1,78,17,0,5.91975e-05,40.5182
1,79,17,0,6.402e-05,40.5157
1,80,17,0,3.504e-05,40.5123
1,81,17,0,4.35e-05,40.5099
1,82,17,0,3.7155e-05,40.5073
1,83,17,0,8.46e-06,40.5037
1,84,17,0,4.803e-05,40.5039
1,85,17,0,6.17625e-05,40.5034
1,86,17,0,2.88375e-05,40.5011
1,87,17,0,3.27825e-05,40.5001
1,88,17,0,4.99875e-05,40.4993
1,89,17,0,4.47e-05,40.4968
1,90,17,0,3.744e-05,40.4945
1,91,17,0,4.35e-05,40.4922
1,92,17,0,1.812e-05,40.4887
1,93,17,0,6.042e-05,40.4874
1,94,17,0,2.538e-05,40.4834
1,95,17,0,1.81125e-05,40.48
1,96,17,0,3.504e-05,40.4778
1,97,17,0,2.538e-05,40.4753
1,98,17,0,1.692e-05,40.4737
1,99,17,0,4.97025e-05,40.4742
1,100,17,0,2.658e-05,40.4731
1,101,17,0,4.47075e-05,40.474
1,102,17,0,5.619e-05,40.4746
1,103,17,0,5.556e-05,40.4745
1,104,17,0,7.734e-05,40.4741
1,105,17,0,4.47e-05,40.4712
1,106,17,0,2.658e-05,40.469
1,107,17,0,4.653e-05,40.469
1,108,17,0,3.081e-05,40.4686
1,109,17,0,5.4075e-05,40.4692
1,110,17,0,7.248e-05,40.4689
1,111,17,0,2.658e-05,40.4658
1,112,17,0,6.35925e-05,40.4651
1,113,17,0,1.812e-05,40.462
1,114,17,0,6.345e-06,40.4605
1,115,17,0,6.162e-05,40.4624
1,116,17,0,4.44975e-05,40.4626
1,117,17,0,3.744e-05,40.4629
1,118,17,0,4.47e-05,40.4637
1,119,17,0,3.807e-05,40.4636
1,120,17,0,3.50325e-05,40.4638
1,121,17,0,5.316e-05,40.4648
1,122,17,0,7.311e-05,40.4658
1,123,17,0,4.23e-05,40.4652
1,124,17,0,4.8015e-05,40.4654
1,125,17,0,3.2025e-05,40.465
1,126,17,0,7.1895e-05,40.4651
1,127,17,0,2.115e-05,40.4609
1,0,18,0,6.44119e-05,43.0132
1,1,18,0,0,42.9861
1,2,18,0,0,42.9506
1,3,18,0,0,42.9062
1,4,18,0,0,42.8539
1,5,18,0,6.345e-06,42.794
1,6,18,0,0,42.728
1,7,18,0,0,42.6578
1,8,18,0,0,42.5839
1,9,18,0,0,42.5076
1,10,18,0,0,42.4305
1,11,18,0,0,42.353
1,12,18,0,1.284e-05,42.2756
1,13,18,0,0,42.1969
1,14,18,0,0,42.1192
1,15,18,0,0,42.0413
1,16,18,0,5.2875e-06,41.9644
1,17,18,0,3.1725e-06,41.8898
1,18,18,0,0,41.817
1,19,18,0,0,41.7469
1,20,18,0,0,41.6796
1,21,18,0,0,41.6149
1,22,18,0,0,41.5531
1,23,18,0,7.4025e-06,41.4948
1,24,18,0,0,41.4392
1,25,18,0,7.4025e-06,41.3858
1,26,18,0,6.345e-06,41.3346
1,27,18,0,6.345e-06,41.2857
1,28,18,0,0,41.2392
1,29,18,0,0,41.1954
1,30,18,0,0,41.1539
1,31,18,0,0,41.1146
1,32,18,0,0,41.0777
1,33,18,0,0,41.0424
1,34,18,0,3.1725e-06,41.0094
1,35,18,0,0,40.9776
1,36,18,0,0,40.9486
1,37,18,0,8.4525e-06,40.9219
1,38,18,0,0,40.8965
1,39,18,0,0,40.873
1,40,18,0,0,40.8507
1,41,18,0,0,40.8288
1,42,18,0,0,40.8085
1,43,18,0,0,40.7886
1,44,18,0,6.345e-06,40.7703
1,45,18,0,0,40.7524
1,46,18,0,0,40.7342
1,47,18,0,0,40.7172
1,48,18,0,0,40.7018
1,49,18,0,0,40.6871
1,50,18,0,0,40.6732
1,51,18,0,5.2875e-06,40.6599
1,52,18,0,0,40.647
1,53,18,0,0,40.6364
1,54,18,0,0,40.6267
1,55,18,0,0,40.6176
1,56,18,0,0,40.6089
1,57,18,0,0,40.6012
1,58,18,0,8.46e-06,40.5945
1,59,18,0,1.0575e-06,40.587
1,60,18,0,0,40.58
1,61,18,0,0,40.5737
1,62,18,0,0,40.5684
1,63,18,0,0,40.5633
1,64,18,0,9.5175e-06,40.5588
1,65,18,0,0,40.554
1,66,18,0,0,40.5492
1,67,18,0,0,40.5452
1,68,18,0,0,40.5414
1,69,18,0,0,40.5373
1,70,18,0,0,40.5334
1,71,18,0,0,40.5301
1,72,18,0,0,40.5269
1,73,18,0,0,40.5236
1,74,18,0,0,40.5198
1,75,18,0,0,40.5169
1,76,18,0,5.2875e-06,40.5149
1,77,18,0,0,40.5121
1,78,18,0,0,40.5097
1,79,18,0,0,40.5071
1,80,18,0,0,40.5044
1,81,18,0,0,40.502
1,82,18,0,0,40.4997
1,83,18,0,0,40.4975
1,84,18,0,6.345e-06,40.4966
1,85,18,0,0,40.4952
1,86,18,0,0,40.4936
1,87,18,0,0,40.4922
1,88,18,0,0,40.4909
1,89,18,0,0,40.489
1,90,18,0,0,40.4869
1,91,18,0,0,40.4847
1,92,18,0,0,40.4822
1,93,18,0,0,40.48
1,94,18,0,0,40.4772
1,95,18,0,0,40.4745
1,96,18,0,0,40.4723
1,97,18,0,0,40.4703
1,98,18,0,0,40.4689
1,99,18,0,1.0575e-06,40.4683
1,100,18,0,0,40.4676
1,101,18,0,0,40.4675
1,102,18,0,4.23e-06,40.4674
1,103,18,0,0,40.4668
1,104,18,0,0,40.466
1,105,18,0,0,40.4644
1,106,18,0,0,40.463
1,107,18,0,4.23e-06,40.4626
1,108,18,0,3.1725e-06,40.462
1,109,18,0,0,40.4615
1,110,18,0,0,40.4607
1,111,18,0,0,40.4592
1,112,18,0,0,40.458
1,113,18,0,0,40.4565
1,114,18,0,0,40.4557
1,115,18,0,0,40.456
1,116,18,0,3.6225e-06,40.4563
1,117,18,0,0,40.4565
1,118,18,0,0,40.4568
1,119,18,0,0,40.457
1,120,18,0,1.2075e-06,40.4574
1,121,18,0,0,40.4578
1,122,18,0,0,40.4582
1,123,18,0,0,40.4581
1,124,18,0,6.345e-06,40.4582
1,125,18,0,0,40.4576
1,126,18,0,6.645e-06,40.457
1,127,18,0,0,40.4548
1,0,19,0,6.44119e-05,42.8237
1,1,19,0,0,42.7987
1,2,19,0,0,42.7664
1,3,19,0,0,42.7267
1,4,19,0,0,42.6802
1,5,19,0,0,42.6274
1,6,19,0,0,42.5693
1,7,19,0,0,42.5071
1,8,19,0,0,42.4415
1,9,19,0,0,42.3736
1,10,19,0,0,42.3043
1,11,19,0,0,42.2341
1,12,19,0,0,42.1634
1,13,19,0,0,42.0922
1,14,19,0,0,42.0212
1,15,19,0,0,41.9504
1,16,19,0,0,41.8804
1,17,19,0,0,41.812
1,18,19,0,0,41.7452
1,19,19,0,0,41.6805
1,20,19,0,0,41.6181
1,21,19,0,0,41.5581
1,22,19,0,0,41.5006
1,23,19,0,0,41.4457
1,24,19,0,0,41.3932
1,25,19,0,0,41.343
1,26,19,0,0,41.2948
1,27,19,0,0,41.2489
1,28,19,0,0,41.2051
1,29,19,0,0,41.1636
1,30,19,0,0,41.1242
1,31,19,0,0,41.0869
1,32,19,0,0,41.0516
1,33,19,0,0,41.0181
1,34,19,0,0,40.9864
1,35,19,0,0,40.9565
1,36,19,0,0,40.9286
1,37,19,0,0,40.9026
1,38,19,0,0,40.8782
1,39,19,0,0,40.8553
1,40,19,0,0,40.8335
1,41,19,0,0,40.8127
1,42,19,0,0,40.793
1,43,19,0,0,40.774
1,44,19,0,0,40.756
1,45,19,0,0,40.7386
1,46,19,0,0,40.7217
1,47,19,0,0,40.7057
1,48,19,0,0,40.6907
1,49,19,0,0,40.6766
1,50,19,0,0,40.6633
1,51,19,0,0,40.6507
1,52,19,0,0,40.6389
1,53,19,0,0,40.6282
1,54,19,0,0,40.6185
1,55,19,0,0,40.6094
1,56,19,0,0,40.6009
1,57,19,0,0,40.5931
1,58,19,0,0,40.5859
1,59,19,0,0,40.5788
1,60,19,0,0,40.5722
1,61,19,0,0,40.5662
1,62,19,0,0,40.5608
1,63,19,0,0,40.5558
1,64,19,0,0,40.5511
1,65,19,0,0,40.5465
1,66,19,0,0,40.5422
1,67,19,0,0,40.5381
1,68,19,0,0,40.5343
1,69,19,0,0,40.5305
1,70,19,0,0,40.527
1,71,19,0,0,40.5236
1,72,19,0,0,40.5204
1,73,19,0,0,40.5172
1,74,19,0,0,40.5139
1,75,19,0,0,40.511
1,76,19,0,0,40.5084
1,77,19,0,0,40.5057
1,78,19,0,0,40.5032
1,79,19,0,0,40.5007
1,80,19,0,0,40.4982
1,81,19,0,0,40.496
1,82,19,0,0,40.4938
1,83,19,0,0,40.4919
1,84,19,0,0,40.4905
1,85,19,0,0,40.4891
1,86,19,0,0,40.4876
1,87,19,0,0,40.4863
1,88,19,0,0,40.4848
1,89,19,0,0,40.4832
1,90,19,0,0,40.4814
1,91,19,0,0,40.4794
1,92,19,0,0,40.4773
1,93,19,0,0,40.4751
1,94,19,0,0,40.4727
1,95,19,0,0,40.4704
1,96,19,0,0,40.4684
1,97,19,0,0,40.4666
1,98,19,0,0,40.4651
1,99,19,0,0,40.4641
1,100,19,0,0,40.4632
1,101,19,0,0,40.4626
1,102,19,0,0,40.462
1,103,19,0,0,40.4612
1,104,19,0,0,40.4603
1,105,19,0,0,40.4591
1,106,19,0,0,40.458
1,107,19,0,0,40.4573
1,108,19,0,0,40.4566
1,109,19,0,0,40.4559
1,110,19,0,0,40.4551
1,111,19,0,0,40.454
1,112,19,0,0,40.453
1,113,19,0,0,40.452
1,114,19,0,0,40.4514
1,115,19,0,0,40.4513
1,116,19,0,0,40.4514
1,117,19,0,0,40.4516
1,118,19,0,0,40.4519
1,119,19,0,0,40.4521
1,120,19,0,0,40.4524
1,121,19,0,0,40.4527
1,122,19,0,0,40.4528
1,123,19,0,0,40.4527
1,124,19,0,0,40.4524
1,125,19,0,0,40.4518
1,126,19,0,0,40.4511
1,127,19,0,0,40.4499
1,0,20,0,6.44119e-05,42.6519
1,1,20,0,0,42.6289
1,2,20,0,0,42.5995
1,3,20,0,0,42.564
1,4,20,0,0,42.5224
1,5,20,0,0,42.4755
1,6,20,0,0,42.424
1,7,20,0,0,42.3686
1,8,20,0,0,42.3102
1,9,20,0,0,42.2495
1,10,20,0,0,42.1871
1,11,20,0,0,42.1237
1,12,20,0,0,42.0595
1,13,20,0,0,41.9948
1,14,20,0,0,41.9301
1,15,20,0,0,41.8655
1,16,20,0,0,41.8016
1,17,20,0,0,41.7388
1,18,20,0,0,41.6774
1,19,20,0,0,41.6177
1,20,20,0,0,41.5599
1,21,20,0,0,41.5042
1,22,20,0,0,41.4506
1,23,20,0,0,41.3992
1,24,20,0,0,41.3499
1,25,20,0,0,41.3027
1,26,20,0,0,41.2574
1,27,20,0,0,41.2142
1,28,20,0,0,41.173
1,29,20,0,0,41.1338
1,30,20,0,0,41.0965
1,31,20,0,0,41.061
1,32,20,0,0,41.0274
1,33,20,0,0,40.9955
1,34,20,0,0,40.9653
1,35,20,0,0,40.9368
1,36,20,0,0,40.9101
1,37,20,0,0,40.885
1,38,20,0,0,40.8615
1,39,20,0,0,40.8394
1,40,20,0,0,40.8185
1,41,20,0,0,40.7985
1,42,20,0,0,40.7795
1,43,20,0,0,40.7612
1,44,20,0,0,40.7438
1,45,20,0,0,40.7271
1,46,20,0,0,40.711
1,47,20,0,0,40.6957
1,48,20,0,0,40.6813
1,49,20,0,0,40.6677
1,50,20,0,0,40.655
1,51,20,0,0,40.6431
1,52,20,0,0,40.6319
1,53,20,0,0,40.6215
1,54,20,0,0,40.6119
1,55,20,0,0,40.6029
1,56,20,0,0,40.5944
1,57,20,0,0,40.5866
1,58,20,0,0,40.5793
1,59,20,0,0,40.5724
1,60,20,0,0,40.566
1,61,20,0,0,40.5602
1,62,20,0,0,40.5548
1,63,20,0,0,40.5499
1,64,20,0,0,40.5453
1,65,20,0,0,40.5409
1,66,20,0,0,40.5368
1,67,20,0,0,40.5329
1,68,20,0,0,40.5292
1,69,20,0,0,40.5256
1,70,20,0,0,40.5222
1,71,20,0,0,40.519
1,72,20,0,0,40.5159
1,73,20,0,0,40.5128
1,74,20,0,0,40.5097
1,75,20,0,0,40.5067
1,76,20,0,0,40.5039
1,77,20,0,0,40.5011
1,78,20,0,0,40.4986
1,79,20,0,0,40.4961
1,80,20,0,0,40.4938
1,81,20,0,0,40.4916
1,82,20,0,0,40.4896
1,83,20,0,0,40.4878
1,84,20,0,0,40.4863
1,85,20,0,0,40.4848
1,86,20,0,0,40.4835
1,87,20,0,0,40.4822
1,88,20,0,0,40.4809
1,89,20,0,0,40.4795
1,90,20,0,0,40.4779
1,91,20,0,0,40.4761
1,92,20,0,0,40.4742
1,93,20,0,0,40.4721
1,94,20,0,0,40.47
1,95,20,0,0,40.4679
1,96,20,0,0,40.4659
1,97,20,0,0,40.4642
1,98,20,0,0,40.4627
1,99,20,0,0,40.4615
1,100,20,0,0,40.4604
1,101,20,0,0,40.4595
1,102,20,0,0,40.4586
1,103,20,0,0,40.4576
1,104,20,0,0,40.4566
1,105,20,0,0,40.4555
1,106,20,0,0,40.4545
1,107,20,0,0,40.4537
1,108,20,0,0,40.453
1,109,20,0,0,40.4523
1,110,20,0,0,40.4515
1,111,20,0,0,40.4506
1,112,20,0,0,40.4497
1,113,20,0,0,40.4489
1,114,20,0,0,40.4484
1,115,20,0,0,40.4482
1,116,20,0,0,40.4482
1,117,20,0,0,40.4484
1,118,20,0,0,40.4486
1,119,20,0,0,40.4489
1,120,20,0,0,40.4492
1,121,20,0,0,40.4493
1,122,20,0,0,40.4494
1,123,20,0,0,40.4491
1,124,20,0,0,40.4487
1,125,20,0,0,40.448
1,126,20,0,0,40.4473
1,127,20,0,0,40.4464
1,0,21,0,6.44119e-05,42.496
1,1,21,0,0,42.4749
1,2,21,0,0,42.4484
1,3,21,0,0,42.4165
1,4,21,0,0,42.3792
1,5,21,0,0,42.3372
1,6,21,0,0,42.2911
1,7,21,0,0,42.2417
1,8,21,0,0,42.1895
1,9,21,0,0,42.135
1,10,21,0,0,42.0789
1,11,21,0,0,42.0215
1,12,21,0,0,41.9633
1,13,21,0,0,41.9045
1,14,21,0,0,41.8455
1,15,21,0,0,41.7866
1,16,21,0,0,41.7281
1,17,21,0,0,41.6704
1,18,21,0,0,41.6138
1,19,21,0,0,41.5587
1,20,21,0,0,41.5051
1,21,21,0,0,41.4534
1,22,21,0,0,41.4035
1,23,21,0,0,41.3554
1,24,21,0,0,41.3092
1,25,21,0,0,41.2649
1,26,21,0,0,41.2224
1,27,21,0,0,41.1818
1,28,21,0,0,41.1431
1,29,21,0,0,41.106
1,30,21,0,0,41.0707
1,31,21,0,0,41.037
1,32,21,0,0,41.005
1,33,21,0,0,40.9746
1,34,21,0,0,40.9458
1,35,21,0,0,40.9186
1,36,21,0,0,40.893
1,37,21,0,0,40.869
1,38,21,0,0,40.8465
1,39,21,0,0,40.8254
1,40,21,0,0,40.8054
1,41,21,0,0,40.7863
1,42,21,0,0,40.768
1,43,21,0,0,40.7504
1,44,21,0,0,40.7336
1,45,21,0,0,40.7175
1,46,21,0,0,40.702
1,47,21,0,0,40.6873
1,48,21,0,0,40.6735
1,49,21,0,0,40.6605
1,50,21,0,0,40.6484
1,51,21,0,0,40.6371
1,52,21,0,0,40.6264
1,53,21,0,0,40.6163
1,54,21,0,0,40.6068
1,55,21,0,0,40.5979
1,56,21,0,0,40.5896
1,57,21,0,0,40.5817
1,58,21,0,0,40.5744
1,59,21,0,0,40.5676
1,60,21,0,0,40.5614
1,61,21,0,0,40.5557
1,62,21,0,0,40.5505
1,63,21,0,0,40.5458
1,64,21,0,0,40.5413
1,65,21,0,0,40.5371
1,66,21,0,0,40.5332
1,67,21,0,0,40.5295
1,68,21,0,0,40.5259
1,69,21,0,0,40.5225
1,70,21,0,0,40.5193
1,71,21,0,0,40.5163
1,72,21,0,0,40.5133
1,73,21,0,0,40.5103
1,74,21,0,0,40.5072
1,75,21,0,0,40.5041
1,76,21,0,0,40.5012
1,77,21,0,0,40.4983
1,78,21,0,0,40.4957
1,79,21,0,0,40.4932
1,80,21,0,0,40.491
1,81,21,0,0,40.489
1,82,21,0,0,40.4871
1,83,21,0,0,40.4854
1,84,21,0,0,40.4838
1,85,21,0,0,40.4824
1,86,21,0,0,40.4811
1,87,21,0,0,40.48
1,88,21,0,0,40.4789
1,89,21,0,0,40.4778
1,90,21,0,0,40.4764
1,91,21,0,0,40.4748
1,92,21,0,0,40.473
1,93,21,0,0,40.471
1,94,21,0,0,40.469
1,95,21,0,0,40.467
1,96,21,0,0,40.465
1,97,21,0,0,40.4633
1,98,21,0,0,40.4618
1,99,21,0,0,40.4604
1,100,21,0,0,40.4592
1,101,21,0,0,40.458
1,102,21,0,0,40.4569
1,103,21,0,0,40.4558
1,104,21,0,0,40.4546
1,105,21,0,0,40.4535
1,106,21,0,0,40.4525
1,107,21,0,0,40.4517
1,108,21,0,0,40.4511
1,109,21,0,0,40.4504
1,110,21,0,0,40.4496
1,111,21,0,0,40.4488
1,112,21,0,0,40.4479
1,113,21,0,0,40.4472
1,114,21,0,0,40.4467
1,115,21,0,0,40.4466
1,116,21,0,0,40.4466
1,117,21,0,0,40.4468
1,118,21,0,0,40.447
1,119,21,0,0,40.4474
1,120,21,0,0,40.4477
1,121,21,0,0,40.4479
1,122,21,0,0,40.4479
1,123,21,0,0,40.4475
1,124,21,0,0,40.4469
1,125,21,0,0,40.4461
1,126,21,0,0,40.4452
1,127,21,0,0,40.4444
1,0,22,0,6.44119e-05,42.3546
1,1,22,0,0,42.3355
1,2,22,0,0,42.3116
1,3,22,0,0,42.2829
1,4,22,0,0,42.2494
1,5,22,0,0,42.2114
1,6,22,0,0,42.1698
1,7,22,0,0,42.1255
1,8,22,0,0,42.0787
1,9,22,0,0,42.0299
1,10,22,0,0,41.9792
1,11,22,0,0,41.9273
1,12,22,0,0,41.8746
1,13,22,0,0,41.8213
1,14,22,0,0,41.7674
1,15,22,0,0,41.7135
1,16,22,0,0,41.6598
1,17,22,0,0,41.6067
1,18,22,0,0,41.5545
1,19,22,0,0,41.5034
1,20,22,0,0,41.4538
1,21,22,0,0,41.4059
1,22,22,0,0,41.3595
1,23,22,0,0,41.3146
1,24,22,0,0,41.2713
1,25,22,0,0,41.2297
1,26,22,0,0,41.1898
1,27,22,0,0,41.1517
1,28,22,0,0,41.1154
1,29,22,0,0,41.0805
1,30,22,0,0,41.047
1,31,22,0,0,41.015
1,32,22,0,0,40.9846
1,33,22,0,0,40.9557
1,34,22,0,0,40.9282
1,35,22,0,0,40.9021
1,36,22,0,0,40.8776
1,37,22,0,0,40.8547
1,38,22,0,0,40.8332
1,39,22,0,0,40.8132
1,40,22,0,0,40.7942
1,41,22,0,0,40.7761
1,42,22,0,0,40.7585
1,43,22,0,0,40.7416
1,44,22,0,0,40.7255
1,45,22,0,0,40.7098
1,46,22,0,0,40.6948
1,47,22,0,0,40.6805
1,48,22,0,0,40.6673
1,49,22,0,0,40.6549
1,50,22,0,0,40.6433
1,51,22,0,0,40.6327
1,52,22,0,0,40.6226
1,53,22,0,0,40.6128
1,54,22,0,0,40.6035
1,55,22,0,0,40.5947
1,56,22,0,0,40.5863
1,57,22,0,0,40.5784
1,58,22,0,0,40.571
1,59,22,0,0,40.5644
1,60,22,0,0,40.5583
1,61,22,0,0,40.5528
1,62,22,0,0,40.5479
1,63,22,0,0,40.5434
1,64,22,0,0,40.5391
1,65,22,0,0,40.5351
1,66,22,0,0,40.5314
1,67,22,0,0,40.5279
1,68,22,0,0,40.5244
1,69,22,0,0,40.5212
1,70,22,0,0,40.5182
1,71,22,0,0,40.5155
1,72,22,0,0,40.5127
1,73,22,0,0,40.5098
1,74,22,0,0,40.5066
1,75,22,0,0,40.5034
1,76,22,0,0,40.5002
1,77,22,0,0,40.4972
1,78,22,0,0,40.4945
1,79,22,0,0,40.4921
1,80,22,0,0,40.4899
1,81,22,0,0,40.488
1,82,22,0,0,40.4863
1,83,22,0,0,40.4846
1,84,22,0,0,40.483
1,85,22,0,0,40.4816
1,86,22,0,0,40.4804
1,87,22,0,0,40.4795
1,88,22,0,0,40.4789
1,89,22,0,0,40.4781
1,90,22,0,0,40.4771
1,91,22,0,0,40.4756
1,92,22,0,0,40.4738
1,93,22,0,0,40.4717
1,94,22,0,0,40.4697
1,95,22,0,0,40.4677
1,96,22,0,0,40.4658
1,97,22,0,0,40.464
1,98,22,0,0,40.4624
1,99,22,0,0,40.461
1,100,22,0,0,40.4596
1,101,22,0,0,40.4583
1,102,22,0,0,40.457
1,103,22,0,0,40.4557
1,104,22,0,0,40.4544
1,105,22,0,0,40.453
1,106,22,0,0,40.452
1,107,22,0,0,40.4514
1,108,22,0,0,40.4509
1,109,22,0,0,40.4503
1,110,22,0,0,40.4496
1,111,22,0,0,40.4487
1,112,22,0,0,40.4478
1,113,22,0,0,40.447
1,114,22,0,0,40.4465
1,115,22,0,0,40.4464
1,116,22,0,0,40.4466
1,117,22,0,0,40.4468
1,118,22,0,0,40.4471
1,119,22,0,0,40.4476
1,120,22,0,0,40.4481
1,121,22,0,0,40.4485
1,122,22,0,0,40.4484
1,123,22,0,0,40.4478
1,124,22,0,0,40.447
1,125,22,0,0,40.446
1,126,22,0,0,40.4449
1,127,22,0,0,40.4438
1,0,23,0,6.44119e-05,42.2261
1,1,23,0,0,42.2092
1,2,23,0,0,42.188
1,3,23,0,0,42.1624
1,4,23,0,0,42.132
1,5,23,0,0,42.0969
1,6,23,0,0,42.0592
1,7,23,0,0,42.0192
1,8,23,0,0,41.9775
1,9,23,0,0,41.9337
1,10,23,0,0,41.8879
1,11,23,0,0,41.8405
1,12,23,0,0,41.7931
1,13,23,0,0,41.7449
1,14,23,0,0,41.6957
1,15,23,0,0,41.6461
1,16,23,0,0,41.5968
1,17,23,0,0,41.5477
1,18,23,0,0,41.4995
1,19,23,0,0,41.452
1,20,23,0,0,41.4058
1,21,23,0,0,41.3616
1,22,23,0,0,41.319
1,23,23,0,0,41.2766
1,24,23,0,0,41.2361
1,25,23,0,0,41.197
1,26,23,0,0,41.1596
1,27,23,0,0,41.124
1,28,23,0,0,41.0901
1,29,23,0,0,41.0574
1,30,23,0,0,41.0254
1,31,23,0,0,40.9951
1,32,23,0,0,40.966
1,33,23,0,0,40.9388
1,34,23,0,0,40.9124
1,35,23,0,0,40.8871
1,36,23,0,0,40.8637
1,37,23,0,0,40.8418
1,38,23,0,0,40.8215
1,39,23,0,0,40.8028
1,40,23,0,0,40.7852
1,41,23,0,0,40.7681
1,42,23,0,0,40.751
1,43,23,0,0,40.7347
1,44,23,0,0,40.7195
1,45,23,0,0,40.7043
1,46,23,0,0,40.6892
1,47,23,0,0,40.6753
1,48,23,0,0,40.6625
1,49,23,0,0,40.6509
1,50,23,0,0,40.6397
1,51,23,0,0,40.63
1,52,23,0,0,40.621
1,53,23,0,0,40.611
1,54,23,0,0,40.6018
1,55,23,0,0,40.5934
1,56,23,0,0,40.5849
1,57,23,0,0,40.5766
1,58,23,0,0,40.5691
1,59,23,0,0,40.5627
1,60,23,0,0,40.5567
1,61,23,0,0,40.5514
1,62,23,0,0,40.5469
1,63,23,0,0,40.5428
1,64,23,0,0,40.5387
1,65,23,0,0,40.5348
1,66,23,0,0,40.5313
1,67,23,0,0,40.5282
1,68,23,0,0,40.5247
1,69,23,0,0,40.5217
1,70,23,0,0,40.5187
1,71,23,0,0,40.5169
1,72,23,0,0,40.5141
1,73,23,0,0,40.5114
1,74,23,0,0,40.5082
1,75,23,0,0,40.5044
1,76,23,0,0,40.501
1,77,23,0,0,40.4978
1,78,23,0,0,40.4948
1,79,23,0,0,40.4925
1,80,23,0,0,40.4905
1,81,23,0,0,40.4889
1,82,23,0,0,40.4871
1,83,23,0,0,40.4855
1,84,23,0,0,40.484
1,85,23,0,0,40.4825
1,86,23,0,0,40.4811
1,87,23,0,0,40.4806
1,88,23,0,0,40.4808
1,89,23,0,0,40.4804
1,90,23,0,0,40.48
1,91,23,0,0,40.4784
1,92,23,0,0,40.4766
1,93,23,0,0,40.4742
1,94,23,0,0,40.4722
1,95,23,0,0,40.4703
1,96,23,0,0,40.468
1,97,23,0,0,40.4663
1,98,23,0,0,40.4647
1,99,23,0,0,40.4634
1,100,23,0,0,40.4617
1,101,23,0,0,40.4604
1,102,23,0,0,40.459
1,103,23,0,0,40.4573
1,104,23,0,0,40.4558
1,105,23,0,0,40.4541
1,106,23,0,0,40.4527
1,107,23,0,0,40.4526
1,108,23,0,0,40.4526
1,109,23,0,0,40.4522
1,110,23,0,0,40.4514
1,111,23,0,0,40.4502
1,112,23,0,0,40.4493
1,113,23,0,0,40.4483
1,114,23,0,0,40.4476
1,115,23,0,0,40.4475
1,116,23,0,0,40.4482
1,117,23,0,0,40.4484
1,118,23,0,0,40.4487
1,119,23,0,0,40.4494
1,120,23,0,0,40.4504
1,121,23,0,0,40.4514
1,122,23,0,0,40.4511
1,123,23,0,0,40.4502
1,124,23,0,0,40.4489
1,125,23,0,0,40.4476
1,126,23,0,0,40.4463
1,127,23,0,0,40.4445
1,0,24,0,7.28719e-05,42.1091
1,1,24,0,4.35e-05,42.0953
1,2,24,0,5.316e-05,42.0767
1,3,24,0,7.248e-05,42.0546
1,4,24,0,8.7285e-05,42.027
1,5,24,0,3.504e-05,41.9926
1,6,24,0,3.504e-05,41.958
1,7,24,0,2.658e-05,41.9219
1,8,24,0,4.59e-05,41.8853
1,9,24,0,6.28275e-05,41.8465
1,10,24,0,5.316e-05,41.805
1,11,24,0,0,41.7602
1,12,24,0,4.47e-05,41.719
1,13,24,0,4.692e-05,41.6756
1,14,24,0,5.316e-05,41.6303
1,15,24,0,3.504e-05,41.5841
1,16,24,0,6.504e-05,41.5393
1,17,24,0,3.504e-05,41.4933
1,18,24,0,5.316e-05,41.449
1,19,24,0,3.744e-05,41.4044
1,20,24,0,1.812e-05,41.3608
1,21,24,0,3.624e-05,41.3206
1,22,24,0,8.316e-05,41.2828
1,23,24,0,1.692e-05,41.2413
1,24,24,0,3.74475e-05,41.2038
1,25,24,0,3.504e-05,41.1669
1,26,24,0,3.504e-05,41.1317
1,27,24,0,2.658e-05,41.0984
1,28,24,0,4.47e-05,41.0675
1,29,24,0,7.1775e-05,41.0373
1,30,24,0,3.504e-05,41.0058
1,31,24,0,5.196e-05,40.9775
1,32,24,0,1.812e-05,40.9492
1,33,24,0,4.35e-05,40.9243
1,34,24,0,2.778e-05,40.8986
1,35,24,0,1.692e-05,40.8736
1,36,24,0,2.778e-05,40.8513
1,37,24,0,2.778e-05,40.8305
1,38,24,0,2.658e-05,40.811
1,39,24,0,5.316e-05,40.7943
1,40,24,0,6.768e-05,40.7787
1,41,24,0,7.08225e-05,40.7627
1,42,24,0,5.436e-05,40.7455
1,43,24,0,3.966e-05,40.7294
1,44,24,0,6.888e-05,40.716
1,45,24,0,6.282e-05,40.7012
1,46,24,0,2.658e-05,40.685
1,47,24,0,4.23e-05,40.6715
1,48,24,0,3.21525e-05,40.6591
1,49,24,0,6.90225e-05,40.6488
1,50,24,0,2.658e-05,40.6371
1,51,24,0,4.59e-05,40.6291
1,52,24,0,0.00012084,40.6226
1,53,24,0,2.658e-05,40.6106
1,54,24,0,3.504e-05,40.6017
1,55,24,0,6.522e-05,40.5942
1,56,24,0,6.042e-05,40.5855
1,57,24,0,3.744e-05,40.5761
1,58,24,0,2.658e-05,40.5682
1,59,24,0,6.042e-05,40.5626
1,60,24,0,4.47e-05,40.5565
1,61,24,0,3.624e-05,40.5515
1,62,24,0,3.624e-05,40.5475
1,63,24,0,5.30175e-05,40.5443
1,64,24,0,4.71e-05,40.5401
1,65,24,0,4.6815e-05,40.5363
1,66,24,0,4.23e-05,40.533
1,67,24,0,7.53675e-05,40.5308
1,68,24,0,5.09025e-05,40.5267
1,69,24,0,7.128e-05,40.5239
1,70,24,0,1.932e-05,40.5202
1,71,24,0,9.546e-05,40.5211
1,72,24,0,4.35e-05,40.5175
1,73,24,0,6.282e-05,40.5154
1,74,24,0,7.854e-05,40.5122
1,75,24,0,4.35e-05,40.5071
1,76,24,0,4.773e-05,40.5035
1,77,24,0,4.59e-05,40.5001
1,78,24,0,2.778e-05,40.4964
1,79,24,0,2.778e-05,40.4943
1,80,24,0,3.624e-05,40.4926
1,81,24,0,4.35e-05,40.4917
1,82,24,0,3.384e-05,40.4898
1,83,24,0,4.4415e-05,40.4882
1,84,24,0,4.47e-05,40.4868
1,85,24,0,4.773e-05,40.4851
1,86,24,0,1.692e-05,40.4828
1,87,24,0,2.778e-05,40.483
1,88,24,0,7.008e-05,40.4851
1,89,24,0,3.94125e-05,40.4846
1,90,24,0,0.00010089,40.4861
1,91,24,0,5.7105e-05,40.4833
1,92,24,0,6.768e-05,40.4818
1,93,24,0,3.846e-05,40.4783
1,94,24,0,5.316e-05,40.4766
1,95,24,0,7.008e-05,40.4749
1,96,24,0,3.504e-05,40.4717
1,97,24,0,4.4415e-05,40.4702
1,98,24,0,3.4125e-05,40.4684
1,99,24,0,7.008e-05,40.468
1,100,24,0,2.538e-05,40.4652
1,101,24,0,4.6815e-05,40.4643
1,102,24,0,5.85525e-05,40.4629
1,103,24,0,4.47e-05,40.4606
1,104,24,0,5.196e-05,40.4594
1,105,24,0,1.812e-05,40.4563
1,106,24,0,0,40.4541
1,107,24,0,4.71e-05,40.4554
1,108,24,0,6.282e-05,40.4565
1,109,24,0,5.0745e-05,40.4561
1,110,24,0,6.042e-05,40.4553
1,111,24,0,3.7455e-05,40.4533
1,112,24,0,5.436e-05,40.4527
1,113,24,0,3.38325e-05,40.451
1,114,24,0,3.504e-05,40.4497
1,115,24,0,2.538e-05,40.4497
1,116,24,0,8.094e-05,40.4521
1,117,24,0,4.35e-05,40.4516
1,118,24,0,3.081e-05,40.4517
1,119,24,0,4.47e-05,40.4527
1,120,24,0,3.504e-05,40.4545
1,121,24,0,8.94e-05,40.4574
1,122,24,0,5.316e-05,40.4563
1,123,24,0,5.436e-05,40.4546
1,124,24,0,4.35e-05,40.4526
1,125,24,0,2.8995e-05,40.4508
1,126,24,0,6.888e-05,40.4501
1,127,24,0,4.47e-05,40.4469
1,0,25,0,0.000145352,42.0011
1,1,25,0,6.042e-05,41.9864
1,2,25,0,3.624e-05,41.9678
1,3,25,0,7.50825e-05,41.9478
1,4,25,0,6.6135e-05,41.9217
1,5,25,0,9.66e-06,41.89
1,6,25,0,3.384e-05,41.8595
1,7,25,0,4.59e-05,41.8277
1,8,25,0,6.162e-05,41.7945
1,9,25,0,2.65725e-05,41.7581
1,10,25,0,9.666e-05,41.7231
1,11,25,0,3.504e-05,41.6826
1,12,25,0,8.4585e-05,41.6456
1,13,25,0,0.000110835,41.6067
1,14,25,0,5.1045e-05,41.5629
1,15,25,0,6.162e-05,41.5205
1,16,25,0,3.384e-05,41.4777
1,17,25,0,6.162e-05,41.4369
1,18,25,0,4.75875e-05,41.3954
1,19,25,0,5.196e-05,41.3546
1,20,25,0,3.624e-05,41.3141
1,21,25,0,2.274e-05,41.276
1,22,25,0,7.734e-05,41.2413
1,23,25,0,3.624e-05,41.2035
1,24,25,0,7.12725e-05,41.1691
1,25,25,0,3.384e-05,41.1334
1,26,25,0,3.384e-05,41.1004
1,27,25,0,4.47e-05,41.0697
1,28,25,0,7.128e-05,41.0409
1,29,25,0,4.1385e-05,41.0106
1,30,25,0,1.812e-05,40.9809
1,31,25,0,4.35e-05,40.9548
1,32,25,0,3.624e-05,40.9293
1,33,25,0,7.854e-05,40.9068
1,34,25,0,7.974e-05,40.8829
1,35,25,0,3.384e-05,40.8578
1,36,25,0,3.384e-05,40.8359
1,37,25,0,5.316e-05,40.8162
1,38,25,0,2.538e-05,40.7964
1,39,25,0,1.389e-05,40.7789
1,40,25,0,3.624e-05,40.7641
1,41,25,0,7.29375e-05,40.75
1,42,25,0,3.504e-05,40.7329
1,43,25,0,1.812e-05,40.7174
1,44,25,0,7.128e-05,40.7056
1,45,25,0,7.128e-05,40.6917
1,46,25,0,4.35e-05,40.6763
1,47,25,0,2.53725e-05,40.6623
1,48,25,0,4.73025e-05,40.6508
1,49,25,0,2.76375e-05,40.6392
1,50,25,0,1.812e-05,40.6287
1,51,25,0,6.402e-05,40.6215
1,52,25,0,1.812e-05,40.6122
1,53,25,0,6.705e-05,40.6049
1,54,25,0,7.008e-05,40.5968
1,55,25,0,5.316e-05,40.588
1,56,25,0,4.59e-05,40.5791
1,57,25,0,3.504e-05,40.5703
1,58,25,0,3.927e-05,40.5627
1,59,25,0,6.945e-06,40.5553
1,60,25,0,1.692e-05,40.55
1,61,25,0,4.35e-05,40.5466
1,62,25,0,5.436e-05,40.5434
1,63,25,0,6.29625e-05,40.5401
1,64,25,0,4.47e-05,40.5355
1,65,25,0,3.82125e-05,40.5315
1,66,25,0,5.196e-05,40.5286
1,67,25,0,4.1385e-05,40.5251
1,68,25,0,2.76375e-05,40.5209
1,69,25,0,1.812e-05,40.5176
1,70,25,0,2.658e-05,40.5158
1,71,25,0,6.162e-05,40.5162
1,72,25,0,5.8305e-05,40.5143
1,73,25,0,8.094e-05,40.5124
1,74,25,0,3.27825e-05,40.5072
1,75,25,0,3.624e-05,40.5032
1,76,25,0,3.927e-05,40.4999
1,77,25,0,4.59e-05,40.497
1,78,25,0,1.932e-05,40.4936
1,79,25,0,7.335e-05,40.4933
1,80,25,0,1.692e-05,40.49
1,81,25,0,6.888e-05,40.4902
1,82,25,0,6.402e-05,40.4884
1,83,25,0,2.5665e-05,40.4853
1,84,25,0,5.316e-05,40.4845
1,85,25,0,3.927e-05,40.4825
1,86,25,0,3.27825e-05,40.4809
1,87,25,0,3.504e-05,40.4809
1,88,25,0,5.679e-05,40.4824
1,89,25,0,5.84475e-05,40.4824
1,90,25,0,5.619e-05,40.4819
1,91,25,0,2.1435e-05,40.4794
1,92,25,0,8.94e-05,40.48
1,93,25,0,3.504e-05,40.476
1,94,25,0,5.658e-05,40.4743
1,95,25,0,2.538e-05,40.4712
1,96,25,0,4.47e-05,40.4698
1,97,25,0,6.0705e-05,40.4689
1,98,25,0,4.6815e-05,40.4669
1,99,25,0,4.1385e-05,40.4655
1,100,25,0,6.17625e-05,40.4645
1,101,25,0,5.8305e-05,40.4628
1,102,25,0,3.91275e-05,40.46
1,103,25,0,8.46e-06,40.4573
1,104,25,0,6.38775e-05,40.4581
1,105,25,0,7.128e-05,40.4566
1,106,25,0,3.384e-05,40.4535
1,107,25,0,2.538e-05,40.4527
1,108,25,0,3.744e-05,40.4533
1,109,25,0,6.2835e-05,40.4539
1,110,25,0,4.35e-05,40.4524
1,111,25,0,3.2625e-05,40.4507
1,112,25,0,3.624e-05,40.4499
1,113,25,0,6.28275e-05,40.4495
1,114,25,0,8.46e-06,40.4467
1,115,25,0,3.504e-05,40.4471
1,116,25,0,1.812e-05,40.4475
1,117,25,0,3.504e-05,40.4488
1,118,25,0,7.128e-05,40.4506
1,119,25,0,8.46e-06,40.4497
1,120,25,0,7.854e-05,40.4534
1,121,25,0,5.556e-05,40.4545
1,122,25,0,9.8145e-05,40.4554
1,123,25,0,3.504e-05,40.452
1,124,25,0,5.51325e-05,40.451
1,125,25,0,7.8525e-05,40.45
1,126,25,0,3.384e-05,40.4468
1,127,25,0,6.282e-05,40.4448
1,0,26,0,6.44119e-05,41.8931
1,1,26,0,0,41.8788
1,2,26,0,0,41.8615
1,3,26,0,1.0575e-06,41.8417
1,4,26,0,0,41.8182
1,5,26,0,0,41.7914
1,6,26,0,0,41.7634
1,7,26,0,0,41.7339
1,8,26,0,0,41.703
1,9,26,0,0,41.6704
1,10,26,0,0,41.637
1,11,26,0,0,41.6016
1,12,26,0,2.415e-06,41.5664
1,13,26,0,6.345e-06,41.53
1,14,26,0,2.115e-06,41.4914
1,15,26,0,0,41.4527
1,16,26,0,0,41.414
1,17,26,0,0,41.376
1,18,26,0,3.1725e-06,41.3382
1,19,26,0,0,41.3007
1,20,26,0,0,41.264
1,21,26,0,0,41.2286
1,22,26,0,0,41.1947
1,23,26,0,0,41.1607
1,24,26,0,0,41.128
1,25,26,0,0,41.0958
1,26,26,0,0,41.0651
1,27,26,0,0,41.0358
1,28,26,0,0,41.0077
1,29,26,0,0,40.9799
1,30,26,0,0,40.9531
1,31,26,0,0,40.9279
1,32,26,0,0,40.9038
1,33,26,0,0,40.8811
1,34,26,0,0,40.8586
1,35,26,0,0,40.8364
1,36,26,0,0,40.8157
1,37,26,0,0,40.7965
1,38,26,0,0,40.7782
1,39,26,0,4.23e-06,40.7614
1,40,26,0,0,40.7458
1,41,26,0,0,40.7309
1,42,26,0,0,40.7157
1,43,26,0,0,40.7013
1,44,26,0,0,40.6882
1,45,26,0,0,40.6749
1,46,26,0,0,40.6614
1,47,26,0,1.2075e-06,40.6488
1,48,26,0,4.905e-06,40.6374
1,49,26,0,0,40.6264
1,50,26,0,0,40.6164
1,51,26,0,0,40.6078
1,52,26,0,0,40.5993
1,53,26,0,4.23e-06,40.5915
1,54,26,0,0,40.5834
1,55,26,0,0,40.5752
1,56,26,0,0,40.5673
1,57,26,0,0,40.5597
1,58,26,0,4.23e-06,40.5529
1,59,26,0,1.1175e-05,40.5467
1,60,26,0,0,40.541
1,61,26,0,0,40.5365
1,62,26,0,0,40.5326
1,63,26,0,0,40.5289
1,64,26,0,0,40.5251
1,65,26,0,3.1725e-06,40.5216
1,66,26,0,0,40.5183
1,67,26,0,5.2875e-06,40.5152
1,68,26,0,0,40.5118
1,69,26,0,0,40.5089
1,70,26,0,0,40.5069
1,71,26,0,0,40.5055
1,72,26,0,2.115e-06,40.5037
1,73,26,0,0,40.5012
1,74,26,0,1.0575e-06,40.4978
1,75,26,0,0,40.4945
1,76,26,0,0,40.4916
1,77,26,0,0,40.4889
1,78,26,0,0,40.4865
1,79,26,0,9.81e-06,40.4852
1,80,26,0,0,40.4829
1,81,26,0,0,40.4815
1,82,26,0,0,40.4798
1,83,26,0,0,40.4779
1,84,26,0,0,40.4765
1,85,26,0,0,40.475
1,86,26,0,1.0575e-06,40.474
1,87,26,0,0,40.4735
1,88,26,0,4.83e-06,40.4737
1,89,26,0,0,40.4732
1,90,26,0,0,40.4723
1,91,26,0,0,40.4709
1,92,26,0,0,40.4698
1,93,26,0,0,40.4677
1,94,26,0,0,40.4658
1,95,26,0,0,40.4637
1,96,26,0,0,40.4621
1,97,26,0,0,40.4606
1,98,26,0,0,40.4591
1,99,26,0,2.115e-06,40.4577
1,100,26,0,1.0575e-06,40.4562
1,101,26,0,0,40.4545
1,102,26,0,0,40.4526
1,103,26,0,0,40.4509
1,104,26,0,7.4025e-06,40.4503
1,105,26,0,0,40.4487
1,106,26,0,0,40.447
1,107,26,0,0,40.446
1,108,26,0,0,40.4457
1,109,26,0,0,40.4454
1,110,26,0,0,40.4445
1,111,26,0,0,40.4434
1,112,26,0,0,40.4426
1,113,26,0,0,40.4418
1,114,26,0,0,40.4407
1,115,26,0,0,40.4405
1,116,26,0,0,40.4407
1,117,26,0,0,40.4414
1,118,26,0,4.23e-06,40.4424
1,119,26,0,0,40.4426
1,120,26,0,0,40.4438
1,121,26,0,0,40.4445
1,122,26,0,2.115e-06,40.4445
1,123,26,0,0,40.4431
1,124,26,0,5.2875e-06,40.442
1,125,26,0,0,40.4404
1,126,26,0,0,40.4384
1,127,26,0,0,40.4366
1,0,27,0,6.44119e-05,41.7949
1,1,27,0,0,41.7809
1,2,27,0,0,41.7645
1,3,27,0,0,41.7457
1,4,27,0,0,41.7243
1,5,27,0,0,41.7005
1,6,27,0,0,41.6749
1,7,27,0,0,41.6478
1,8,27,0,0,41.6193
1,9,27,0,0,41.5894
1,10,27,0,0,41.5585
1,11,27,0,0,41.5263
1,12,27,0,0,41.4935
1,13,27,0,0,41.4598
1,14,27,0,0,41.425
1,15,27,0,0,41.3899
1,16,27,0,0,41.3546
1,17,27,0,0,41.3196
1,18,27,0,0,41.2849
1,19,27,0,0,41.2506
1,20,27,0,0,41.2169
1,21,27,0,0,41.1841
1,22,27,0,0,41.1522
1,23,27,0,0,41.1209
1,24,27,0,0,41.0904
1,25,27,0,0,41.0607
1,26,27,0,0,41.032
1,27,27,0,0,41.0044
1,28,27,0,0,40.9778
1,29,27,0,0,40.9519
1,30,27,0,0,40.9269
1,31,27,0,0,40.9031
1,32,27,0,0,40.8802
1,33,27,0,0,40.8583
1,34,27,0,0,40.8371
1,35,27,0,0,40.8165
1,36,27,0,0,40.797
1,37,27,0,0,40.7786
1,38,27,0,0,40.7612
1,39,27,0,0,40.7449
1,40,27,0,0,40.7295
1,41,27,0,0,40.7148
1,42,27,0,0,40.7004
1,43,27,0,0,40.6866
1,44,27,0,0,40.6734
1,45,27,0,0,40.6606
1,46,27,0,0,40.6481
1,47,27,0,0,40.6363
1,48,27,0,0,40.6252
1,49,27,0,0,40.6148
1,50,27,0,0,40.6051
1,51,27,0,0,40.5963
1,52,27,0,0,40.5879
1,53,27,0,0,40.5799
1,54,27,0,0,40.5721
1,55,27,0,0,40.5645
1,56,27,0,0,40.5572
1,57,27,0,0,40.5503
1,58,27,0,0,40.5439
1,59,27,0,0,40.538
1,60,27,0,0,40.5326
1,61,27,0,0,40.5279
1,62,27,0,0,40.5238
1,63,27,0,0,40.5199
1,64,27,0,0,40.5163
1,65,27,0,0,40.5129
1,66,27,0,0,40.5098
1,67,27,0,0,40.5069
1,68,27,0,0,40.504
1,69,27,0,0,40.5014
1,70,27,0,0,40.4992
1,71,27,0,0,40.4973
1,72,27,0,0,40.4952
1,73,27,0,0,40.4928
1,74,27,0,0,40.4901
1,75,27,0,0,40.4874
1,76,27,0,0,40.4848
1,77,27,0,0,40.4824
1,78,27,0,0,40.4803
1,79,27,0,0,40.4785
1,80,27,0,0,40.4766
1,81,27,0,0,40.475
1,82,27,0,0,40.4734
1,83,27,0,0,40.4718
1,84,27,0,0,40.4703
1,85,27,0,0,40.4691
1,86,27,0,0,40.468
1,87,27,0,0,40.4673
1,88,27,0,0,40.4668
1,89,27,0,0,40.466
1,90,27,0,0,40.4651
1,91,27,0,0,40.4639
1,92,27,0,0,40.4626
1,93,27,0,0,40.461
1,94,27,0,0,40.4593
1,95,27,0,0,40.4575
1,96,27,0,0,40.4559
1,97,27,0,0,40.4543
1,98,27,0,0,40.4528
1,99,27,0,0,40.4513
1,100,27,0,0,40.4498
1,101,27,0,0,40.4482
1,102,27,0,0,40.4466
1,103,27,0,0,40.4452
1,104,27,0,0,40.444
1,105,27,0,0,40.4427
1,106,27,0,0,40.4414
1,107,27,0,0,40.4405
1,108,27,0,0,40.4398
1,109,27,0,0,40.4392
1,110,27,0,0,40.4385
1,111,27,0,0,40.4377
1,112,27,0,0,40.4369
1,113,27,0,0,40.4362
1,114,27,0,0,40.4355
1,115,27,0,0,40.4352
1,116,27,0,0,40.4352
1,117,27,0,0,40.4355
1,118,27,0,0,40.4359
1,119,27,0,0,40.4362
1,120,27,0,0,40.4366
1,121,27,0,0,40.4368
1,122,27,0,0,40.4365
1,123,27,0,0,40.4355
1,124,27,0,0,40.4344
1,125,27,0,0,40.4331
1,126,27,0,0,40.4316
1,127,27,0,0,40.4302
1,0,28,0,6.44119e-05,41.7053
1,1,28,0,0,41.6917
1,2,28,0,0,41.6762
1,3,28,0,0,41.6587
1,4,28,0,0,41.639
1,5,28,0,0,41.6173
1,6,28,0,0,41.5939
1,7,28,0,0,41.569
1,8,28,0,0,41.5427
1,9,28,0,0,41.5152
1,10,28,0,0,41.4866
1,11,28,0,0,41.4571
1,12,28,0,0,41.4268
1,13,28,0,0,41.3958
1,14,28,0,0,41.3641
1,15,28,0,0,41.332
1,16,28,0,0,41.2998
1,17,28,0,0,41.2677
1,18,28,0,0,41.2358
1,19,28,0,0,41.2042
1,20,28,0,0,41.1732
1,21,28,0,0,41.1429
1,22,28,0,0,41.1133
1,23,28,0,0,41.0842
1,24,28,0,0,41.0559
1,25,28,0,0,41.0283
1,26,28,0,0,41.0015
1,27,28,0,0,40.9756
1,28,28,0,0,40.9506
1,29,28,0,0,40.9264
1,30,28,0,0,40.903
1,31,28,0,0,40.8805
1,32,28,0,0,40.8589
1,33,28,0,0,40.838
1,34,28,0,0,40.8179
1,35,28,0,0,40.7985
1,36,28,0,0,40.78
1,37,28,0,0,40.7625
1,38,28,0,0,40.7459
1,39,28,0,0,40.7302
1,40,28,0,0,40.7153
1,41,28,0,0,40.7009
1,42,28,0,0,40.687
1,43,28,0,0,40.6737
1,44,28,0,0,40.6609
1,45,28,0,0,40.6485
1,46,28,0,0,40.6366
1,47,28,0,0,40.6254
1,48,28,0,0,40.6147
1,49,28,0,0,40.6047
1,50,28,0,0,40.5953
1,51,28,0,0,40.5865
1,52,28,0,0,40.5782
1,53,28,0,0,40.5703
1,54,28,0,0,40.5628
1,55,28,0,0,40.5557
1,56,28,0,0,40.5489
1,57,28,0,0,40.5424
1,58,28,0,0,40.5364
1,59,28,0,0,40.5308
1,60,28,0,0,40.5255
1,61,28,0,0,40.5208
1,62,28,0,0,40.5165
1,63,28,0,0,40.5126
1,64,28,0,0,40.5091
1,65,28,0,0,40.506
1,66,28,0,0,40.5031
1,67,28,0,0,40.5003
1,68,28,0,0,40.4978
1,69,28,0,0,40.4954
1,70,28,0,0,40.4932
1,71,28,0,0,40.4911
1,72,28,0,0,40.489
1,73,28,0,0,40.4867
1,74,28,0,0,40.4844
1,75,28,0,0,40.482
1,76,28,0,0,40.4797
1,77,28,0,0,40.4775
1,78,28,0,0,40.4755
1,79,28,0,0,40.4736
1,80,28,0,0,40.4718
1,81,28,0,0,40.4702
1,82,28,0,0,40.4687
1,83,28,0,0,40.4672
1,84,28,0,0,40.4659
1,85,28,0,0,40.4646
1,86,28,0,0,40.4636
1,87,28,0,0,40.4626
1,88,28,0,0,40.4618
1,89,28,0,0,40.461
1,90,28,0,0,40.46
1,91,28,0,0,40.4589
1,92,28,0,0,40.4576
1,93,28,0,0,40.4562
1,94,28,0,0,40.4546
1,95,28,0,0,40.453
1,96,28,0,0,40.4514
1,97,28,0,0,40.4497
1,98,28,0,0,40.4482
1,99,28,0,0,40.4467
1,100,28,0,0,40.4452
1,101,28,0,0,40.4437
1,102,28,0,0,40.4423
1,103,28,0,0,40.4409
1,104,28,0,0,40.4396
1,105,28,0,0,40.4384
1,106,28,0,0,40.4372
1,107,28,0,0,40.4363
1,108,28,0,0,40.4355
1,109,28,0,0,40.4349
1,110,28,0,0,40.4342
1,111,28,0,0,40.4336
1,112,28,0,0,40.4329
1,113,28,0,0,40.4322
1,114,28,0,0,40.4316
1,115,28,0,0,40.4313
1,116,28,0,0,40.4311
1,117,28,0,0,40.4312
1,118,28,0,0,40.4313
1,119,28,0,0,40.4314
1,120,28,0,0,40.4314
1,121,28,0,0,40.4312
1,122,28,0,0,40.4307
1,123,28,0,0,40.4299
1,124,28,0,0,40.4288
1,125,28,0,0,40.4275
1,126,28,0,0,40.4262
1,127,28,0,0,40.4251
1,0,29,0,6.44119e-05,41.6235
1,1,29,0,0,41.6105
1,2,29,0,0,41.596
1,3,29,0,0,41.5796
1,4,29,0,0,41.5615
1,5,29,0,0,41.5415
1,6,29,0,0,41.52
1,7,29,0,0,41.497
1,8,29,0,0,41.4728
1,9,29,0,0,41.4474
1,10,29,0,0,41.421
1,11,29,0,0,41.3937
1,12,29,0,0,41.3658
1,13,29,0,0,41.3373
1,14,29,0,0,41.3083
1,15,29,0,0,41.2791
1,16,29,0,0,41.2495
1,17,29,0,0,41.22
1,18,29,0,0,41.1906
1,19,29,0,0,41.1615
1,20,29,0,0,41.133
1,21,29,0,0,41.105
1,22,29,0,0,41.0776
1,23,29,0,0,41.0507
1,24,29,0,0,41.0244
1,25,29,0,0,40.9986
1,26,29,0,0,40.9736
1,27,29,0,0,40.9494
1,28,29,0,0,40.926
1,29,29,0,0,40.9033
1,30,29,0,0,40.8814
1,31,29,0,0,40.8602
1,32,29,0,0,40.8398
1,33,29,0,0,40.82
1,34,29,0,0,40.8009
1,35,29,0,0,40.7825
1,36,29,0,0,40.7649
1,37,29,0,0,40.7482
1,38,29,0,0,40.7324
1,39,29,0,0,40.7174
1,40,29,0,0,40.703
1,41,29,0,0,40.6891
1,42,29,0,0,40.6757
1,43,29,0,0,40.6627
1,44,29,0,0,40.6502
1,45,29,0,0,40.6383
1,46,29,0,0,40.6269
1,47,29,0,0,40.6161
1,48,29,0,0,40.6058
1,49,29,0,0,40.5961
1,50,29,0,0,40.587
1,51,29,0,0,40.5783
1,52,29,0,0,40.5702
1,53,29,0,0,40.5625
1,54,29,0,0,40.5553
1,55,29,0,0,40.5485
1,56,29,0,0,40.5422
1,57,29,0,0,40.5362
1,58,29,0,0,40.5306
1,59,29,0,0,40.5251
1,60,29,0,0,40.5199
1,61,29,0,0,40.5151
1,62,29,0,0,40.5108
1,63,29,0,0,40.5069
1,64,29,0,0,40.5036
1,65,29,0,0,40.5006
1,66,29,0,0,40.498
1,67,29,0,0,40.4956
1,68,29,0,0,40.4933
1,69,29,0,0,40.4911
1,70,29,0,0,40.4889
1,71,29,0,0,40.4868
1,72,29,0,0,40.4847
1,73,29,0,0,40.4826
1,74,29,0,0,40.4804
1,75,29,0,0,40.4783
1,76,29,0,0,40.4762
1,77,29,0,0,40.4742
1,78,29,0,0,40.4723
1,79,29,0,0,40.4704
1,80,29,0,0,40.4688
1,81,29,0,0,40.4672
1,82,29,0,0,40.4658
1,83,29,0,0,40.4644
1,84,29,0,0,40.4631
1,85,29,0,0,40.4618
1,86,29,0,0,40.4607
1,87,29,0,0,40.4597
1,88,29,0,0,40.4587
1,89,29,0,0,40.4577
1,90,29,0,0,40.4567
1,91,29,0,0,40.4557
1,92,29,0,0,40.4545
1,93,29,0,0,40.4532
1,94,29,0,0,40.4518
1,95,29,0,0,40.4502
1,96,29,0,0,40.4485
1,97,29,0,0,40.4468
1,98,29,0,0,40.4452
1,99,29,0,0,40.4437
1,100,29,0,0,40.4423
1,101,29,0,0,40.4409
1,102,29,0,0,40.4395
1,103,29,0,0,40.4382
1,104,29,0,0,40.4369
1,105,29,0,0,40.4357
1,106,29,0,0,40.4345
1,107,29,0,0,40.4335
1,108,29,0,0,40.4327
1,109,29,0,0,40.4322
1,110,29,0,0,40.4317
1,111,29,0,0,40.4311
1,112,29,0,0,40.4305
1,113,29,0,0,40.4298
1,114,29,0,0,40.4292
1,115,29,0,0,40.4288
1,116,29,0,0,40.4285
1,117,29,0,0,40.4284
1,118,29,0,0,40.4283
1,119,29,0,0,40.4282
1,120,29,0,0,40.428
1,121,29,0,0,40.4277
1,122,29,0,0,40.427
1,123,29,0,0,40.4261
1,124,29,0,0,40.4249
1,125,29,0,0,40.4236
1,126,29,0,0,40.4222
1,127,29,0,0,40.4211
1,0,30,0,6.44119e-05,41.5488
1,1,30,0,0,41.5367
1,2,30,0,0,41.5232
1,3,30,0,0,41.5081
1,4,30,0,0,41.4913
1,5,30,0,0,41.4728
1,6,30,0,0,41.4528
1,7,30,0,0,41.4317
1,8,30,0,0,41.4093
1,9,30,0,0,41.3856
1,10,30,0,0,41.3612
1,11,30,0,0,41.3359
1,12,30,0,0,41.3102
1,13,30,0,0,41.284
1,14,30,0,0,41.2575
1,15,30,0,0,41.2308
1,16,30,0,0,41.2036
1,17,30,0,0,41.1763
1,18,30,0,0,41.1492
1,19,30,0,0,41.1225
1,20,30,0,0,41.0962
1,21,30,0,0,41.0705
1,22,30,0,0,41.0452
1,23,30,0,0,41.0203
1,24,30,0,0,40.9958
1,25,30,0,0,40.9718
1,26,30,0,0,40.9485
1,27,30,0,0,40.9259
1,28,30,0,0,40.9039
1,29,30,0,0,40.8827
1,30,30,0,0,40.8621
1,31,30,0,0,40.8423
1,32,30,0,0,40.8229
1,33,30,0,0,40.8043
1,34,30,0,0,40.7861
1,35,30,0,0,40.7684
1,36,30,0,0,40.7516
1,37,30,0,0,40.7357
1,38,30,0,0,40.7207
1,39,30,0,0,40.7065
1,40,30,0,0,40.6929
1,41,30,0,0,40.6794
1,42,30,0,0,40.6662
1,43,30,0,0,40.6535
1,44,30,0,0,40.6415
1,45,30,0,0,40.6298
1,46,30,0,0,40.6188
1,47,30,0,0,40.6085
1,48,30,0,0,40.5986
1,49,30,0,0,40.5893
1,50,30,0,0,40.5804
1,51,30,0,0,40.5719
1,52,30,0,0,40.5638
1,53,30,0,0,40.5563
1,54,30,0,0,40.5493
1,55,30,0,0,40.543
1,56,30,0,0,40.5371
1,57,30,0,0,40.5317
1,58,30,0,0,40.5265
1,59,30,0,0,40.5212
1,60,30,0,0,40.5158
1,61,30,0,0,40.5109
1,62,30,0,0,40.5064
1,63,30,0,0,40.5026
1,64,30,0,0,40.4995
1,65,30,0,0,40.4969
1,66,30,0,0,40.4947
1,67,30,0,0,40.4925
1,68,30,0,0,40.4905
1,69,30,0,0,40.4886
1,70,30,0,0,40.4864
1,71,30,0,0,40.4843
1,72,30,0,0,40.4823
1,73,30,0,0,40.4802
1,74,30,0,0,40.4784
1,75,30,0,0,40.4765
1,76,30,0,0,40.4746
1,77,30,0,0,40.4727
1,78,30,0,0,40.4709
1,79,30,0,0,40.4689
1,80,30,0,0,40.4673
1,81,30,0,0,40.4659
1,82,30,0,0,40.4646
1,83,30,0,0,40.4633
1,84,30,0,0,40.4619
1,85,30,0,0,40.4607
1,86,30,0,0,40.4596
1,87,30,0,0,40.4584
1,88,30,0,0,40.4574
1,89,30,0,0,40.4563
1,90,30,0,0,40.4553
1,91,30,0,0,40.4543
1,92,30,0,0,40.4533
1,93,30,0,0,40.452
1,94,30,0,0,40.4508
1,95,30,0,0,40.4493
1,96,30,0,0,40.4475
1,97,30,0,0,40.4456
1,98,30,0,0,40.4439
1,99,30,0,0,40.4424
1,100,30,0,0,40.441
1,101,30,0,0,40.4397
1,102,30,0,0,40.4383
1,103,30,0,0,40.437
1,104,30,0,0,40.4358
1,105,30,0,0,40.4346
1,106,30,0,0,40.4334
1,107,30,0,0,40.4322
1,108,30,0,0,40.4314
1,109,30,0,0,40.431
1,110,30,0,0,40.4308
1,111,30,0,0,40.4304
1,112,30,0,0,40.4297
1,113,30,0,0,40.429
1,114,30,0,0,40.4283
1,115,30,0,0,40.4277
1,116,30,0,0,40.4274
1,117,30,0,0,40.4272
1,118,30,0,0,40.427
1,119,30,0,0,40.4268
1,120,30,0,0,40.4265
1,121,30,0,0,40.426
1,122,30,0,0,40.4253
1,123,30,0,0,40.4242
1,124,30,0,0,40.4228
1,125,30,0,0,40.4213
1,126,30,0,0,40.4197
1,127,30,0,0,40.4183
1,0,31,0,6.44119e-05,41.4808
1,1,31,0,0,41.4698
1,2,31,0,0,41.4575
1,3,31,0,0,41.4437
1,4,31,0,0,41.4282
1,5,31,0,0,41.4109
1,6,31,0,0,41.392
1,7,31,0,0,41.3726
1,8,31,0,0,41.352
1,9,31,0,0,41.3296
1,10,31,0,0,41.3069
1,11,31,0,0,41.2834
1,12,31,0,0,41.2595
1,13,31,0,0,41.2355
1,14,31,0,0,41.2114
1,15,31,0,0,41.1873
1,16,31,0,0,41.1622
1,17,31,0,0,41.1367
1,18,31,0,0,41.1116
1,19,31,0,0,41.0869
1,20,31,0,0,41.0627
1,21,31,0,0,41.0392
1,22,31,0,0,41.0162
1,23,31,0,0,40.9932
1,24,31,0,0,40.9703
1,25,31,0,0,40.9478
1,26,31,0,0,40.9259
1,27,31,0,0,40.9049
1,28,31,0,0,40.8844
1,29,31,0,0,40.8645
1,30,31,0,0,40.8453
1,31,31,0,0,40.8268
1,32,31,0,0,40.8084
1,33,31,0,0,40.7909
1,34,31,0,0,40.7736
1,35,31,0,0,40.7564
1,36,31,0,0,40.7399
1,37,31,0,0,40.7251
1,38,31,0,0,40.7109
1,39,31,0,0,40.6977
1,40,31,0,0,40.6852
1,41,31,0,0,40.672
1,42,31,0,0,40.6588
1,43,31,0,0,40.6462
1,44,31,0,0,40.6347
1,45,31,0,0,40.6231
1,46,31,0,0,40.6123
1,47,31,0,0,40.6026
1,48,31,0,0,40.5932
1,49,31,0,0,40.5841
1,50,31,0,0,40.5755
1,51,31,0,0,40.5671
1,52,31,0,0,40.5589
1,53,31,0,0,40.5515
1,54,31,0,0,40.5449
1,55,31,0,0,40.539
1,56,31,0,0,40.5335
1,57,31,0,0,40.5289
1,58,31,0,0,40.5245
1,59,31,0,0,40.5192
1,60,31,0,0,40.5133
1,61,31,0,0,40.508
1,62,31,0,0,40.5034
1,63,31,0,0,40.4996
1,64,31,0,0,40.4967
1,65,31,0,0,40.4947
1,66,31,0,0,40.4931
1,67,31,0,0,40.4911
1,68,31,0,0,40.4897
1,69,31,0,0,40.488
1,70,31,0,0,40.4858
1,71,31,0,0,40.4836
1,72,31,0,0,40.4816
1,73,31,0,0,40.4796
1,74,31,0,0,40.4782
1,75,31,0,0,40.4764
1,76,31,0,0,40.4747
1,77,31,0,0,40.473
1,78,31,0,0,40.4713
1,79,31,0,0,40.4689
1,80,31,0,0,40.4674
1,81,31,0,0,40.4662
1,82,31,0,0,40.4651
1,83,31,0,0,40.4641
1,84,31,0,0,40.4624
1,85,31,0,0,40.4612
1,86,31,0,0,40.4602
1,87,31,0,0,40.4589
1,88,31,0,0,40.4577
1,89,31,0,0,40.4566
1,90,31,0,0,40.4556
1,91,31,0,0,40.4548
1,92,31,0,0,40.4541
1,93,31,0,0,40.4527
1,94,31,0,0,40.4517
1,95,31,0,0,40.4505
1,96,31,0,0,40.4482
1,97,31,0,0,40.4459
1,98,31,0,0,40.444
1,99,31,0,0,40.4428
1,100,31,0,0,40.4414
1,101,31,0,0,40.4403
1,102,31,0,0,40.4387
1,103,31,0,0,40.4374
1,104,31,0,0,40.4365
1,105,31,0,0,40.4352
1,106,31,0,0,40.4338
1,107,31,0,0,40.4321
1,108,31,0,0,40.4313
1,109,31,0,0,40.4314
1,110,31,0,0,40.4318
1,111,31,0,0,40.4317
1,112,31,0,0,40.4306
1,113,31,0,0,40.4298
1,114,31,0,0,40.4288
1,115,31,0,0,40.4281
1,116,31,0,0,40.4278
1,117,31,0,0,40.4276
1,118,31,0,0,40.4273
1,119,31,0,0,40.4271
1,120,31,0,0,40.4269
1,121,31,0,0,40.4262
1,122,31,0,0,40.4256
1,123,31,0,0,40.4241
1,124,31,0,0,40.4226
1,125,31,0,0,40.4205
1,126,31,0,0,40.4185
1,127,31,0,0,40.4167
1,0,32,0,0.000122192,41.4193
1,1,32,0,5.778e-05,41.4097
1,2,32,0,6.042e-05,41.3986
1,3,32,0,7.008e-05,41.3861
1,4,32,0,7.6425e-05,41.3719
1,5,32,0,6.5235e-05,41.3554
1,6,32,0,3.504e-05,41.3368
1,7,32,0,6.042e-05,41.3196
1,8,32,0,8.4885e-05,41.3013
1,9,32,0,3.744e-05,41.2787
1,10,32,0,6.042e-05,41.258
1,11,32,0,3.624e-05,41.236
1,12,32,0,3.14025e-05,41.2135
1,13,32,0,3.43725e-05,41.1914
1,14,32,0,3.744e-05,41.1696
1,15,32,0,8.214e-05,41.149
1,16,32,0,6.888e-05,41.1252
1,17,32,0,2.778e-05,41.1005
1,18,32,0,4.47e-05,41.0778
1,19,32,0,3.624e-05,41.0545
1,20,32,0,2.658e-05,41.0323
1,21,32,0,3.744e-05,41.0113
1,22,32,0,4.47e-05,40.9906
1,23,32,0,5.21025e-05,40.9698
1,24,32,0,4.59e-05,40.9478
1,25,32,0,4.47e-05,40.9265
1,26,32,0,3.504e-05,40.9057
1,27,32,0,6.402e-05,40.8869
1,28,32,0,4.6815e-05,40.8673
1,29,32,0,3.384e-05,40.8488
1,30,32,0,4.35e-05,40.8309
1,31,32,0,7.248e-05,40.8143
1,32,32,0,3.504e-05,40.796
1,33,32,0,6.522e-05,40.7803
1,34,32,0,7.0215e-05,40.7639
1,35,32,0,6.042e-05,40.7465
1,36,32,0,8.46e-06,40.7292
1,37,32,0,6.282e-05,40.7166
1,38,32,0,4.35e-05,40.7025
1,39,32,0,5.076e-05,40.6908
1,40,32,0,0.000105405,40.6807
1,41,32,0,7.008e-05,40.6669
1,42,32,0,3.504e-05,40.6531
1,43,32,0,1.37475e-05,40.64
1,44,32,0,7.73175e-05,40.6304
1,45,32,0,4.35e-05,40.6179
1,46,32,0,3.504e-05,40.607
1,47,32,0,5.922e-05,40.5988
1,48,32,0,5.1045e-05,40.5897
1,49,32,0,3.744e-05,40.5805
1,50,32,0,5.922e-05,40.5726
1,51,32,0,4.47e-05,40.5641
1,52,32,0,2.658e-05,40.5554
1,53,32,0,3.504e-05,40.5481
1,54,32,0,2.76375e-05,40.5417
1,55,32,0,5.076e-05,40.5366
1,56,32,0,2.778e-05,40.5311
1,57,32,0,4.47e-05,40.5278
1,58,32,0,9.348e-05,40.5255
1,59,32,0,6.042e-05,40.5197
1,60,32,0,3.38325e-05,40.5122
1,61,32,0,2.778e-05,40.5062
1,62,32,0,2.538e-05,40.5016
1,63,32,0,1.0575e-05,40.4973
1,64,32,0,1.81125e-05,40.4951
1,65,32,0,1.692e-05,40.4938
1,66,32,0,5.19375e-05,40.4937
1,67,32,0,1.692e-05,40.4911
1,68,32,0,4.47e-05,40.491
1,69,32,0,6.162e-05,40.49
1,70,32,0,3.77475e-05,40.4869
1,71,32,0,3.624e-05,40.4847
1,72,32,0,5.436e-05,40.4829
1,73,32,0,1.692e-05,40.4803
1,74,32,0,5.436e-05,40.4801
1,75,32,0,3.624e-05,40.4781
1,76,32,0,4.47e-05,40.4765
1,77,32,0,5.436e-05,40.4753
1,78,32,0,7.854e-05,40.4741
1,79,32,0,1.692e-05,40.4698
1,80,32,0,4.59e-05,40.4691
1,81,32,0,5.17425e-05,40.4683
1,82,32,0,4.812e-05,40.4674
1,83,32,0,7.008e-05,40.4673
1,84,32,0,2.538e-05,40.4644
1,85,32,0,1.692e-05,40.4631
1,86,32,0,4.78725e-05,40.4629
1,87,32,0,2.538e-05,40.461
1,88,32,0,4.71e-05,40.46
1,89,32,0,3.384e-05,40.4583
1,90,32,0,3.504e-05,40.4577
1,91,32,0,2.778e-05,40.4568
1,92,32,0,7.77675e-05,40.4575
1,93,32,0,2.538e-05,40.4546
1,94,32,0,5.42175e-05,40.4546
1,95,32,0,8.334e-05,40.4545
1,96,32,0,4.812e-05,40.4507
1,97,32,0,2.658e-05,40.4474
1,98,32,0,8.46e-06,40.4453
1,99,32,0,5.436e-05,40.445
1,100,32,0,1.932e-05,40.4432
1,101,32,0,6.402e-05,40.4432
1,102,32,0,2.778e-05,40.4405
1,103,32,0,9.66e-06,40.4389
1,104,32,0,5.196e-05,40.4394
1,105,32,0,2.778e-05,40.4376
1,106,32,0,3.744e-05,40.436
1,107,32,0,8.46e-06,40.433
1,108,32,0,8.46e-06,40.432
1,109,32,0,1.81275e-05,40.433
1,110,32,0,4.107e-05,40.4351
1,111,32,0,7.311e-05,40.4355
1,112,32,0,3.384e-05,40.433
1,113,32,0,6.282e-05,40.4326
1,114,32,0,2.8695e-05,40.4306
1,115,32,0,2.658e-05,40.4297
1,116,32,0,3.744e-05,40.4299
1,117,32,0,4.35e-05,40.4298
1,118,32,0,3.384e-05,40.4292
1,119,32,0,3.744e-05,40.4292
1,120,32,0,4.71225e-05,40.4295
1,121,32,0,2.00925e-05,40.4279
1,122,32,0,6.0705e-05,40.4284
1,123,32,0,2.658e-05,40.4257
1,124,32,0,5.196e-05,40.4247
1,125,32,0,2.658e-05,40.4214
1,126,32,0,2.658e-05,40.4187
1,127,32,0,2.778e-05,40.4161
1,0,33,0,0.000100652,41.3561
1,1,33,0,3.504e-05,41.3466
1,2,33,0,4.47e-05,41.3361
1,3,33,0,3.82125e-05,41.3239
1,4,33,0,3.5955e-05,41.3105
1,5,33,0,6.0405e-05,41.2963
1,6,33,0,3.624e-05,41.2793
1,7,33,0,3.927e-05,41.2627
1,8,33,0,6.3735e-05,41.2455
1,9,33,0,1.692e-05,41.2244
1,10,33,0,1.692e-05,41.2051
1,11,33,0,7.47e-05,41.1874
1,12,33,0,3.98775e-05,41.1661
1,13,33,0,4.99875e-05,41.1457
1,14,33,0,3.1725e-05,41.1247
1,15,33,0,5.316e-05,41.1047
1,16,33,0,9.66e-06,41.0819
1,17,33,0,4.83075e-05,41.0617
1,18,33,0,5.316e-05,41.0409
1,19,33,0,2.778e-05,41.0191
1,20,33,0,5.658e-05,40.9999
1,21,33,0,6.162e-05,40.9806
1,22,33,0,6.282e-05,40.9614
1,23,33,0,8.50275e-05,40.9423
1,24,33,0,4.35e-05,40.9207
1,25,33,0,5.31675e-05,40.9009
1,26,33,0,4.812e-05,40.8812
1,27,33,0,3.624e-05,40.8623
1,28,33,0,3.2925e-05,40.8447
1,29,33,0,0.00010512,40.83
1,30,33,0,3.7305e-05,40.811
1,31,33,0,5.196e-05,40.7946
1,32,33,0,5.316e-05,40.7782
1,33,33,0,6.162e-05,40.7627
1,34,33,0,4.89375e-05,40.7463
1,35,33,0,2.658e-05,40.7296
1,36,33,0,3.987e-05,40.715
1,37,33,0,6.264e-05,40.7021
1,38,33,0,8.46e-06,40.6873
1,39,33,0,5.316e-05,40.6767
1,40,33,0,3.5955e-05,40.665
1,41,33,0,2.658e-05,40.6531
1,42,33,0,9.282e-05,40.6435
1,43,33,0,5.51325e-05,40.6305
1,44,33,0,4.71225e-05,40.6187
1,45,33,0,1.812e-05,40.6062
1,46,33,0,8.46e-06,40.5957
1,47,33,0,3.927e-05,40.5883
1,48,33,0,4.6815e-05,40.5803
1,49,33,0,4.22775e-05,40.5716
1,50,33,0,1.692e-05,40.5628
1,51,33,0,5.196e-05,40.5562
1,52,33,0,4.35e-05,40.5482
1,53,33,0,1.4805e-05,40.5402
1,54,33,0,4.24425e-05,40.5347
1,55,33,0,1.692e-05,40.5285
1,56,33,0,2.538e-05,40.5239
1,57,33,0,3.744e-05,40.5205
1,58,33,0,2.25e-05,40.5167
1,59,33,0,8.7e-05,40.514
1,60,33,0,1.4955e-05,40.5059
1,61,33,0,1.692e-05,40.5005
1,62,33,0,4.35e-05,40.4972
1,63,33,0,2.4465e-05,40.4933
1,64,33,0,2.89875e-05,40.4913
1,65,33,0,5.316e-05,40.491
1,66,33,0,6.40425e-05,40.4904
1,67,33,0,2.8695e-05,40.4877
1,68,33,0,5.96475e-05,40.4876
1,69,33,0,6.162e-05,40.4861
1,70,33,0,2.62725e-05,40.4826
1,71,33,0,6.042e-05,40.4813
1,72,33,0,8.46e-06,40.4778
1,73,33,0,5.196e-05,40.4776
1,74,33,0,5.538e-05,40.477
1,75,33,0,5.4075e-05,40.4752
1,76,33,0,3.624e-05,40.4726
1,77,33,0,2.355e-05,40.4704
1,78,33,0,4.59e-05,40.4692
1,79,33,0,1.932e-05,40.4661
1,80,33,0,4.35e-05,40.4654
1,81,33,0,2.29575e-05,40.4637
1,82,33,0,2.12925e-05,40.4629
1,83,33,0,5.2245e-05,40.4635
1,84,33,0,3.91275e-05,40.4624
1,85,33,0,8.82e-05,40.4632
1,86,33,0,5.56275e-05,40.4613
1,87,33,0,7.008e-05,40.4598
1,88,33,0,3.504e-05,40.4569
1,89,33,0,2.778e-05,40.4554
1,90,33,0,6.765e-05,40.456
1,91,33,0,4.35e-05,40.4544
1,92,33,0,5.028e-05,40.4536
1,93,33,0,3.504e-05,40.4514
1,94,33,0,3.39825e-05,40.4505
1,95,33,0,7.008e-05,40.4504
1,96,33,0,1.692e-05,40.4465
1,97,33,0,3.624e-05,40.4451
1,98,33,0,8.07975e-05,40.4451
1,99,33,0,1.08675e-05,40.4417
1,100,33,0,5.316e-05,40.4415
1,101,33,0,3.98625e-05,40.4402
1,102,33,0,2.175e-05,40.4383
1,103,33,0,6.162e-05,40.4386
1,104,33,0,4.45575e-05,40.4378
1,105,33,0,6.042e-05,40.437
1,106,33,0,5.99325e-05,40.4353
1,107,33,0,2.778e-05,40.432
1,108,33,0,2.778e-05,40.4311
1,109,33,0,3.98625e-05,40.4323
1,110,33,0,0.000107978,40.4352
1,111,33,0,3.201e-05,40.4319
1,112,33,0,2.658e-05,40.4295
1,113,33,0,1.692e-05,40.4282
1,114,33,0,5.2245e-05,40.4285
1,115,33,0,3.504e-05,40.4275
1,116,33,0,4.91775e-05,40.4278
1,117,33,0,4.35e-05,40.4272
1,118,33,0,3.504e-05,40.4264
1,119,33,0,3.624e-05,40.4266
1,120,33,0,7.37025e-05,40.4278
1,121,33,0,4.15275e-05,40.4261
1,122,33,0,7.2195e-05,40.4261
1,123,33,0,2.658e-05,40.4229
1,124,33,0,6.162e-05,40.4221
1,125,33,0,4.47e-05,40.4192
1,126,33,0,3.624e-05,40.416
1,127,33,0,1.91775e-05,40.4128
1,0,34,0,6.44119e-05,41.2936
1,1,34,0,0,41.2837
1,2,34,0,0,41.273
1,3,34,0,5.2875e-06,41.2615
1,4,34,0,0,41.2486
1,5,34,0,0,41.2349
1,6,34,0,0,41.2199
1,7,34,0,4.23e-06,41.2044
1,8,34,0,0,41.1878
1,9,34,0,0,41.1699
1,10,34,0,0,41.1521
1,11,34,0,0,41.1344
1,12,34,0,0,41.1156
1,13,34,0,0,41.0967
1,14,34,0,2.115e-06,41.0775
1,15,34,0,0,41.0582
1,16,34,0,0,41.0385
1,17,34,0,8.4525e-06,41.0195
1,18,34,0,0,40.9998
1,19,34,0,0,40.9804
1,20,34,0,0,40.9618
1,21,34,0,0,40.9435
1,22,34,0,0,40.9252
1,23,34,0,4.23e-06,40.907
1,24,34,0,0,40.8879
1,25,34,0,8.4525e-06,40.8696
1,26,34,0,0,40.8512
1,27,34,0,0,40.8336
1,28,34,0,0,40.8169
1,29,34,0,0,40.8014
1,30,34,0,1.5855e-05,40.7855
1,31,34,0,0,40.7692
1,32,34,0,0,40.7536
1,33,34,0,0,40.7386
1,34,34,0,5.2875e-06,40.7238
1,35,34,0,0,40.7088
1,36,34,0,4.83e-06,40.6951
1,37,34,0,0,40.6819
1,38,34,0,0,40.669
1,39,34,0,0,40.6574
1,40,34,0,0,40.6461
1,41,34,0,0,40.635
1,42,34,0,0,40.6244
1,43,34,0,0,40.6133
1,44,34,0,0,40.6024
1,45,34,0,0,40.5918
1,46,34,0,0,40.5822
1,47,34,0,4.23e-06,40.5741
1,48,34,0,0,40.566
1,49,34,0,3.6225e-06,40.5581
1,50,34,0,0,40.5502
1,51,34,0,0,40.5431
1,52,34,0,0,40.536
1,53,34,0,2.115e-06,40.5294
1,54,34,0,0,40.5235
1,55,34,0,0,40.518
1,56,34,0,0,40.5133
1,57,34,0,0,40.5092
1,58,34,0,0,40.5053
1,59,34,0,0,40.5014
1,60,34,0,3.1725e-06,40.4964
1,61,34,0,0,40.4918
1,62,34,0,0,40.4882
1,63,34,0,0,40.4851
1,64,34,0,0,40.4829
1,65,34,0,0,40.4816
1,66,34,0,0,40.4804
1,67,34,0,6.345e-06,40.479
1,68,34,0,3.1725e-06,40.4778
1,69,34,0,0,40.476
1,70,34,0,0,40.4739
1,71,34,0,0,40.4721
1,72,34,0,0,40.47
1,73,34,0,0,40.4688
1,74,34,0,0,40.4677
1,75,34,0,6.345e-06,40.4663
1,76,34,0,0,40.4642
1,77,34,0,4.23e-06,40.4624
1,78,34,0,0,40.4606
1,79,34,0,0,40.4587
1,80,34,0,0,40.4573
1,81,34,0,0,40.4561
1,82,34,0,5.2875e-06,40.4554
1,83,34,0,2.115e-06,40.4548
1,84,34,0,3.1725e-06,40.454
1,85,34,0,0,40.4532
1,86,34,0,0,40.4519
1,87,34,0,0,40.4504
1,88,34,0,0,40.4487
1,89,34,0,0,40.4475
1,90,34,0,1.449e-05,40.4474
1,91,34,0,0,40.4458
1,92,34,0,8.4525e-06,40.4448
1,93,34,0,0,40.4429
1,94,34,0,0,40.4417
1,95,34,0,0,40.4406
1,96,34,0,0,40.4387
1,97,34,0,0,40.4374
1,98,34,0,7.4025e-06,40.4368
1,99,34,0,8.4525e-06,40.4353
1,100,34,0,0,40.434
1,101,34,0,6.0375e-06,40.4331
1,102,34,0,4.83e-06,40.4319
1,103,34,0,0,40.4311
1,104,34,0,7.4025e-06,40.4305
1,105,34,0,0,40.4292
1,106,34,0,5.2875e-06,40.4279
1,107,34,0,0,40.426
1,108,34,0,0,40.4251
1,109,34,0,4.83e-06,40.4252
1,110,34,0,3.1725e-06,40.4254
1,111,34,0,0,40.4238
1,112,34,0,0,40.4223
1,113,34,0,0,40.4212
1,114,34,0,0,40.4207
1,115,34,0,0,40.4201
1,116,34,0,7.4025e-06,40.4201
1,117,34,0,0,40.4193
1,118,34,0,0,40.4188
1,119,34,0,0,40.4186
1,120,34,0,2.415e-06,40.4186
1,121,34,0,0,40.4177
1,122,34,0,0,40.4167
1,123,34,0,0,40.415
1,124,34,0,0,40.4134
1,125,34,0,0,40.4113
1,126,34,0,0,40.4092
1,127,34,0,7.4025e-06,40.4073
1,0,35,0,6.44119e-05,41.2363
1,1,35,0,0,41.2261
1,2,35,0,0,41.2154
1,3,35,0,0,41.2042
1,4,35,0,0,41.192
1,5,35,0,0,41.1791
1,6,35,0,0,41.1653
1,7,35,0,0,41.1509
1,8,35,0,0,41.1356
1,9,35,0,0,41.1196
1,10,35,0,0,41.1032
1,11,35,0,0,41.0864
1,12,35,0,0,41.0692
1,13,35,0,0,41.0517
1,14,35,0,0,41.0339
1,15,35,0,0,41.016
1,16,35,0,0,40.998
1,17,35,0,0,40.9801
1,18,35,0,0,40.9622
1,19,35,0,0,40.9444
1,20,35,0,0,40.9269
1,21,35,0,0,40.9096
1,22,35,0,0,40.8923
1,23,35,0,0,40.875
1,24,35,0,0,40.8575
1,25,35,0,0,40.8403
1,26,35,0,0,40.8234
1,27,35,0,0,40.8069
1,28,35,0,0,40.7911
1,29,35,0,0,40.7759
1,30,35,0,0,40.7609
1,31,35,0,0,40.7459
1,32,35,0,0,40.7313
1,33,35,0,0,40.7171
1,34,35,0,0,40.7032
1,35,35,0,0,40.6895
1,36,35,0,0,40.6765
1,37,35,0,0,40.6639
1,38,35,0,0,40.6518
1,39,35,0,0,40.6404
1,40,35,0,0,40.6294
1,41,35,0,0,40.6187
1,42,35,0,0,40.6083
1,43,35,0,0,40.598
1,44,35,0,0,40.588
1,45,35,0,0,40.5784
1,46,35,0,0,40.5695
1,47,35,0,0,40.5614
1,48,35,0,0,40.5536
1,49,35,0,0,40.5461
1,50,35,0,0,40.5388
1,51,35,0,0,40.532
1,52,35,0,0,40.5255
1,53,35,0,0,40.5194
1,54,35,0,0,40.5138
1,55,35,0,0,40.5086
1,56,35,0,0,40.504
1,57,35,0,0,40.4998
1,58,35,0,0,40.4958
1,59,35,0,0,40.4919
1,60,35,0,0,40.4878
1,61,35,0,0,40.484
1,62,35,0,0,40.4807
1,63,35,0,0,40.4779
1,64,35,0,0,40.4756
1,65,35,0,0,40.4739
1,66,35,0,0,40.4724
1,67,35,0,0,40.4711
1,68,35,0,0,40.4697
1,69,35,0,0,40.4682
1,70,35,0,0,40.4665
1,71,35,0,0,40.4649
1,72,35,0,0,40.4633
1,73,35,0,0,40.4618
1,74,35,0,0,40.4604
1,75,35,0,0,40.4589
1,76,35,0,0,40.4572
1,77,35,0,0,40.4555
1,78,35,0,0,40.4539
1,79,35,0,0,40.4524
1,80,35,0,0,40.451
1,81,35,0,0,40.4498
1,82,35,0,0,40.4488
1,83,35,0,0,40.4478
1,84,35,0,0,40.4468
1,85,35,0,0,40.4457
1,86,35,0,0,40.4444
1,87,35,0,0,40.443
1,88,35,0,0,40.4416
1,89,35,0,0,40.4404
1,90,35,0,0,40.4395
1,91,35,0,0,40.4383
1,92,35,0,0,40.4371
1,93,35,0,0,40.4357
1,94,35,0,0,40.4344
1,95,35,0,0,40.4332
1,96,35,0,0,40.4319
1,97,35,0,0,40.4308
1,98,35,0,0,40.4299
1,99,35,0,0,40.4288
1,100,35,0,0,40.4279
1,101,35,0,0,40.427
1,102,35,0,0,40.4261
1,103,35,0,0,40.4252
1,104,35,0,0,40.4243
1,105,35,0,0,40.4232
1,106,35,0,0,40.4219
1,107,35,0,0,40.4206
1,108,35,0,0,40.4196
1,109,35,0,0,40.4191
1,110,35,0,0,40.4185
1,111,35,0,0,40.4174
1,112,35,0,0,40.4162
1,113,35,0,0,40.4152
1,114,35,0,0,40.4145
1,115,35,0,0,40.4139
1,116,35,0,0,40.4135
1,117,35,0,0,40.4129
1,118,35,0,0,40.4125
1,119,35,0,0,40.4121
1,120,35,0,0,40.4116
1,121,35,0,0,40.4108
1,122,35,0,0,40.4098
1,123,35,0,0,40.4084
1,124,35,0,0,40.4069
1,125,35,0,0,40.4052
1,126,35,0,0,40.4035
1,127,35,0,0,40.4021
1,0,36,0,6.44119e-05,41.1835
1,1,36,0,0,41.1733
1,2,36,0,0,41.1629
1,3,36,0,0,41.152
1,4,36,0,0,41.1405
1,5,36,0,0,41.1284
1,6,36,0,0,41.1156
1,7,36,0,0,41.1022
1,8,36,0,0,41.0882
1,9,36,0,0,41.0736
1,10,36,0,0,41.0585
1,11,36,0,0,41.0429
1,12,36,0,0,41.0269
1,13,36,0,0,41.0106
1,14,36,0,0,40.9942
1,15,36,0,0,40.9776
1,16,36,0,0,40.961
1,17,36,0,0,40.9444
1,18,36,0,0,40.9278
1,19,36,0,0,40.9114
1,20,36,0,0,40.8952
1,21,36,0,0,40.8789
1,22,36,0,0,40.8627
1,23,36,0,0,40.8463
1,24,36,0,0,40.83
1,25,36,0,0,40.8139
1,26,36,0,0,40.798
1,27,36,0,0,40.7825
1,28,36,0,0,40.7676
1,29,36,0,0,40.7531
1,30,36,0,0,40.7389
1,31,36,0,0,40.7249
1,32,36,0,0,40.7112
1,33,36,0,0,40.6979
1,34,36,0,0,40.6849
1,35,36,0,0,40.6722
1,36,36,0,0,40.6598
1,37,36,0,0,40.6479
1,38,36,0,0,40.6364
1,39,36,0,0,40.6254
1,40,36,0,0,40.6147
1,41,36,0,0,40.6044
1,42,36,0,0,40.5944
1,43,36,0,0,40.5847
1,44,36,0,0,40.5754
1,45,36,0,0,40.5665
1,46,36,0,0,40.5582
1,47,36,0,0,40.5504
1,48,36,0,0,40.5429
1,49,36,0,0,40.5359
1,50,36,0,0,40.5291
1,51,36,0,0,40.5227
1,52,36,0,0,40.5166
1,53,36,0,0,40.5109
1,54,36,0,0,40.5056
1,55,36,0,0,40.5007
1,56,36,0,0,40.4961
1,57,36,0,0,40.492
1,58,36,0,0,40.4881
1,59,36,0,0,40.4844
1,60,36,0,0,40.4808
1,61,36,0,0,40.4775
1,62,36,0,0,40.4744
1,63,36,0,0,40.4718
1,64,36,0,0,40.4696
1,65,36,0,0,40.4678
1,66,36,0,0,40.4662
1,67,36,0,0,40.4649
1,68,36,0,0,40.4636
1,69,36,0,0,40.4623
1,70,36,0,0,40.461
1,71,36,0,0,40.4595
1,72,36,0,0,40.458
1,73,36,0,0,40.4565
1,74,36,0,0,40.455
1,75,36,0,0,40.4534
1,76,36,0,0,40.4519
1,77,36,0,0,40.4504
1,78,36,0,0,40.449
1,79,36,0,0,40.4476
1,80,36,0,0,40.4463
1,81,36,0,0,40.445
1,82,36,0,0,40.4438
1,83,36,0,0,40.4426
1,84,36,0,0,40.4413
1,85,36,0,0,40.44
1,86,36,0,0,40.4387
1,87,36,0,0,40.4373
1,88,36,0,0,40.436
1,89,36,0,0,40.4348
1,90,36,0,0,40.4337
1,91,36,0,0,40.4325
1,92,36,0,0,40.4313
1,93,36,0,0,40.43
1,94,36,0,0,40.4288
1,95,36,0,0,40.4277
1,96,36,0,0,40.4266
1,97,36,0,0,40.4256
1,98,36,0,0,40.4248
1,99,36,0,0,40.424
1,100,36,0,0,40.4232
1,101,36,0,0,40.4225
1,102,36,0,0,40.4218
1,103,36,0,0,40.421
1,104,36,0,0,40.42
1,105,36,0,0,40.4189
1,106,36,0,0,40.4177
1,107,36,0,0,40.4165
1,108,36,0,0,40.4154
1,109,36,0,0,40.4145
1,110,36,0,0,40.4137
1,111,36,0,0,40.4126
1,112,36,0,0,40.4116
1,113,36,0,0,40.4106
1,114,36,0,0,40.4098
1,115,36,0,0,40.4092
1,116,36,0,0,40.4086
1,117,36,0,0,40.4081
1,118,36,0,0,40.4076
1,119,36,0,0,40.4072
1,120,36,0,0,40.4066
1,121,36,0,0,40.4058
1,122,36,0,0,40.4048
1,123,36,0,0,40.4036
1,124,36,0,0,40.4022
1,125,36,0,0,40.4007
1,126,36,0,0,40.3992
1,127,36,0,0,40.398
1,0,37,0,6.44119e-05,41.135
1,1,37,0,0,41.1251
1,2,37,0,0,41.115
1,3,37,0,0,41.1047
1,4,37,0,0,41.0938
1,5,37,0,0,41.0824
1,6,37,0,0,41.0705
1,7,37,0,0,41.0582
1,8,37,0,0,41.0454
1,9,37,0,0,41.032
1,10,37,0,0,41.018
1,11,37,0,0,41.0034
1,12,37,0,0,40.9885
1,13,37,0,0,40.9734
1,14,37,0,0,40.9581
1,15,37,0,0,40.9427
1,16,37,0,0,40.9273
1,17,37,0,0,40.9119
1,18,37,0,0,40.8966
1,19,37,0,0,40.8816
1,20,37,0,0,40.8666
1,21,37,0,0,40.8515
1,22,37,0,0,40.8362
1,23,37,0,0,40.8207
1,24,37,0,0,40.8053
1,25,37,0,0,40.79
1,26,37,0,0,40.7751
1,27,37,0,0,40.7605
1,28,37,0,0,40.7464
1,29,37,0,0,40.7327
1,30,37,0,0,40.7193
1,31,37,0,0,40.7062
1,32,37,0,0,40.6934
1,33,37,0,0,40.6809
1,34,37,0,0,40.6688
1,35,37,0,0,40.6569
1,36,37,0,0,40.6452
1,37,37,0,0,40.6339
1,38,37,0,0,40.6229
1,39,37,0,0,40.6122
1,40,37,0,0,40.6019
1,41,37,0,0,40.5919
1,42,37,0,0,40.5824
1,43,37,0,0,40.5732
1,44,37,0,0,40.5645
1,45,37,0,0,40.5562
1,46,37,0,0,40.5484
1,47,37,0,0,40.541
1,48,37,0,0,40.534
1,49,37,0,0,40.5273
1,50,37,0,0,40.5209
1,51,37,0,0,40.5149
1,52,37,0,0,40.5091
1,53,37,0,0,40.5038
1,54,37,0,0,40.4988
1,55,37,0,0,40.4942
1,56,37,0,0,40.4898
1,57,37,0,0,40.4857
1,58,37,0,0,40.4821
1,59,37,0,0,40.4786
1,60,37,0,0,40.4754
1,61,37,0,0,40.4724
1,62,37,0,0,40.4696
1,63,37,0,0,40.4671
1,64,37,0,0,40.465
1,65,37,0,0,40.4631
1,66,37,0,0,40.4616
1,67,37,0,0,40.4603
1,68,37,0,0,40.4592
1,69,37,0,0,40.4583
1,70,37,0,0,40.4572
1,71,37,0,0,40.456
1,72,37,0,0,40.4546
1,73,37,0,0,40.453
1,74,37,0,0,40.4513
1,75,37,0,0,40.4497
1,76,37,0,0,40.4483
1,77,37,0,0,40.447
1,78,37,0,0,40.4457
1,79,37,0,0,40.4444
1,80,37,0,0,40.4432
1,81,37,0,0,40.4419
1,82,37,0,0,40.4405
1,83,37,0,0,40.4391
1,84,37,0,0,40.4377
1,85,37,0,0,40.4362
1,86,37,0,0,40.4347
1,87,37,0,0,40.4333
1,88,37,0,0,40.432
1,89,37,0,0,40.4308
1,90,37,0,0,40.4296
1,91,37,0,0,40.4284
1,92,37,0,0,40.4271
1,93,37,0,0,40.4259
1,94,37,0,0,40.4248
1,95,37,0,0,40.4238
1,96,37,0,0,40.4228
1,97,37,0,0,40.422
1,98,37,0,0,40.4213
1,99,37,0,0,40.4207
1,100,37,0,0,40.4202
1,101,37,0,0,40.4198
1,102,37,0,0,40.4192
1,103,37,0,0,40.4185
1,104,37,0,0,40.4175
1,105,37,0,0,40.4163
1,106,37,0,0,40.415
1,107,37,0,0,40.4138
1,108,37,0,0,40.4126
1,109,37,0,0,40.4116
1,110,37,0,0,40.4107
1,111,37,0,0,40.4095
1,112,37,0,0,40.4084
1,113,37,0,0,40.4074
1,114,37,0,0,40.4066
1,115,37,0,0,40.4059
1,116,37,0,0,40.4053
1,117,37,0,0,40.4048
1,118,37,0,0,40.4044
1,119,37,0,0,40.4039
1,120,37,0,0,40.4034
1,121,37,0,0,40.4026
1,122,37,0,0,40.4016
1,123,37,0,0,40.4004
1,124,37,0,0,40.3991
1,125,37,0,0,40.3976
1,126,37,0,0,40.3961
1,127,37,0,0,40.3949
1,0,38,0,6.44119e-05,41.0905
1,1,38,0,0,41.081
1,2,38,0,0,41.0716
1,3,38,0,0,41.0618
1,4,38,0,0,41.0515
1,5,38,0,0,41.0407
1,6,38,0,0,41.0296
1,7,38,0,0,41.0184
1,8,38,0,0,41.0068
1,9,38,0,0,40.9946
1,10,38,0,0,40.9816
1,11,38,0,0,40.9679
1,12,38,0,0,40.9539
1,13,38,0,0,40.9398
1,14,38,0,0,40.9255
1,15,38,0,0,40.9112
1,16,38,0,0,40.8968
1,17,38,0,0,40.8825
1,18,38,0,0,40.8685
1,19,38,0,0,40.8548
1,20,38,0,0,40.8412
1,21,38,0,0,40.8273
1,22,38,0,0,40.8129
1,23,38,0,0,40.7981
1,24,38,0,0,40.7833
1,25,38,0,0,40.7688
1,26,38,0,0,40.7545
1,27,38,0,0,40.7408
1,28,38,0,0,40.7274
1,29,38,0,0,40.7146
1,30,38,0,0,40.7021
1,31,38,0,0,40.6899
1,32,38,0,0,40.6777
1,33,38,0,0,40.6661
1,34,38,0,0,40.6549
1,35,38,0,0,40.6437
1,36,38,0,0,40.6327
1,37,38,0,0,40.6218
1,38,38,0,0,40.6113
1,39,38,0,0,40.6009
1,40,38,0,0,40.5909
1,41,38,0,0,40.5813
1,42,38,0,0,40.5721
1,43,38,0,0,40.5633
1,44,38,0,0,40.5552
1,45,38,0,0,40.5474
1,46,38,0,0,40.5402
1,47,38,0,0,40.5333
1,48,38,0,0,40.5266
1,49,38,0,0,40.5204
1,50,38,0,0,40.5144
1,51,38,0,0,40.5087
1,52,38,0,0,40.5032
1,53,38,0,0,40.4982
1,54,38,0,0,40.4937
1,55,38,0,0,40.4892
1,56,38,0,0,40.4849
1,57,38,0,0,40.481
1,58,38,0,0,40.4775
1,59,38,0,0,40.4745
1,60,38,0,0,40.4715
1,61,38,0,0,40.4688
1,62,38,0,0,40.4663
1,63,38,0,0,40.4639
1,64,38,0,0,40.4618
1,65,38,0,0,40.4599
1,66,38,0,0,40.4584
1,67,38,0,0,40.4573
1,68,38,0,0,40.4566
1,69,38,0,0,40.456
1,70,38,0,0,40.4554
1,71,38,0,0,40.4545
1,72,38,0,0,40.4532
1,73,38,0,0,40.4514
1,74,38,0,0,40.4493
1,75,38,0,0,40.4475
1,76,38,0,0,40.4462
1,77,38,0,0,40.4453
1,78,38,0,0,40.4442
1,79,38,0,0,40.443
1,80,38,0,0,40.4418
1,81,38,0,0,40.4405
1,82,38,0,0,40.4389
1,83,38,0,0,40.4374
1,84,38,0,0,40.4357
1,85,38,0,0,40.434
1,86,38,0,0,40.4323
1,87,38,0,0,40.4308
1,88,38,0,0,40.4296
1,89,38,0,0,40.4285
1,90,38,0,0,40.4273
1,91,38,0,0,40.4259
1,92,38,0,0,40.4246
1,93,38,0,0,40.4234
1,94,38,0,0,40.4223
1,95,38,0,0,40.4214
1,96,38,0,0,40.4206
1,97,38,0,0,40.4199
1,98,38,0,0,40.4194
1,99,38,0,0,40.419
1,100,38,0,0,40.4189
1,101,38,0,0,40.4188
1,102,38,0,0,40.4185
1,103,38,0,0,40.4178
1,104,38,0,0,40.4168
1,105,38,0,0,40.4155
1,106,38,0,0,40.414
1,107,38,0,0,40.4126
1,108,38,0,0,40.4113
1,109,38,0,0,40.4103
1,110,38,0,0,40.4094
1,111,38,0,0,40.408
1,112,38,0,0,40.4067
1,113,38,0,0,40.4056
1,114,38,0,0,40.4048
1,115,38,0,0,40.404
1,116,38,0,0,40.4034
1,117,38,0,0,40.403
1,118,38,0,0,40.4027
1,119,38,0,0,40.4024
1,120,38,0,0,40.4019
1,121,38,0,0,40.4011
1,122,38,0,0,40.4001
1,123,38,0,0,40.3991
1,124,38,0,0,40.3977
1,125,38,0,0,40.396
1,126,38,0,0,40.3942
1,127,38,0,0,40.3928
1,0,39,0,6.44119e-05,41.0495
1,1,39,0,0,41.0408
1,2,39,0,0,41.0323
1,3,39,0,0,41.0234
1,4,39,0,0,41.0134
1,5,39,0,0,41.0031
1,6,39,0,0,40.9926
1,7,39,0,0,40.9826
1,8,39,0,0,40.9726
1,9,39,0,0,40.9615
1,10,39,0,0,40.9494
1,11,39,0,0,40.9363
1,12,39,0,0,40.9229
1,13,39,0,0,40.9095
1,14,39,0,0,40.8964
1,15,39,0,0,40.8831
1,16,39,0,0,40.8694
1,17,39,0,0,40.8559
1,18,39,0,0,40.8431
1,19,39,0,0,40.8311
1,20,39,0,0,40.8192
1,21,39,0,0,40.8066
1,22,39,0,0,40.7929
1,23,39,0,0,40.7782
1,24,39,0,0,40.764
1,25,39,0,0,40.7499
1,26,39,0,0,40.7362
1,27,39,0,0,40.7233
1,28,39,0,0,40.7106
1,29,39,0,0,40.6988
1,30,39,0,0,40.6873
1,31,39,0,0,40.676
1,32,39,0,0,40.6641
1,33,39,0,0,40.6533
1,34,39,0,0,40.6433
1,35,39,0,0,40.6328
1,36,39,0,0,40.6222
1,37,39,0,0,40.6118
1,38,39,0,0,40.6017
1,39,39,0,0,40.5915
1,40,39,0,0,40.5818
1,41,39,0,0,40.5724
1,42,39,0,0,40.5634
1,43,39,0,0,40.555
1,44,39,0,0,40.5475
1,45,39,0,0,40.5401
1,46,39,0,0,40.5337
1,47,39,0,0,40.5272
1,48,39,0,0,40.5208
1,49,39,0,0,40.5152
1,50,39,0,0,40.5096
1,51,39,0,0,40.5043
1,52,39,0,0,40.4987
1,53,39,0,0,40.4942
1,54,39,0,0,40.4902
1,55,39,0,0,40.4861
1,56,39,0,0,40.4814
1,57,39,0,0,40.4776
1,58,39,0,0,40.4745
1,59,39,0,0,40.4719
1,60,39,0,0,40.4693
1,61,39,0,0,40.4669
1,62,39,0,0,40.4646
1,63,39,0,0,40.4622
1,64,39,0,0,40.46
1,65,39,0,0,40.4582
1,66,39,0,0,40.4566
1,67,39,0,0,40.4558
1,68,39,0,0,40.4554
1,69,39,0,0,40.4556
1,70,39,0,0,40.4556
1,71,39,0,0,40.4551
1,72,39,0,0,40.454
1,73,39,0,0,40.4517
1,74,39,0,0,40.4486
1,75,39,0,0,40.4465
1,76,39,0,0,40.4455
1,77,39,0,0,40.4455
1,78,39,0,0,40.4445
1,79,39,0,0,40.4434
1,80,39,0,0,40.4423
1,81,39,0,0,40.4409
1,82,39,0,0,40.4391
1,83,39,0,0,40.4376
1,84,39,0,0,40.4355
1,85,39,0,0,40.4334
1,86,39,0,0,40.4314
1,87,39,0,0,40.4298
1,88,39,0,0,40.4288
1,89,39,0,0,40.4278
1,90,39,0,0,40.4267
1,91,39,0,0,40.4251
1,92,39,0,0,40.4237
1,93,39,0,0,40.4224
1,94,39,0,0,40.4211
1,95,39,0,0,40.4206
1,96,39,0,0,40.42
1,97,39,0,0,40.4191
1,98,39,0,0,40.4189
1,99,39,0,0,40.4186
1,100,39,0,0,40.4191
1,101,39,0,0,40.4196
1,102,39,0,0,40.4197
1,103,39,0,0,40.4192
1,104,39,0,0,40.418
1,105,39,0,0,40.4164
1,106,39,0,0,40.4145
1,107,39,0,0,40.4128
1,108,39,0,0,40.4113
1,109,39,0,0,40.4105
1,110,39,0,0,40.41
1,111,39,0,0,40.4081
1,112,39,0,0,40.4064
1,113,39,0,0,40.405
1,114,39,0,0,40.4045
1,115,39,0,0,40.4036
1,116,39,0,0,40.403
1,117,39,0,0,40.4025
1,118,39,0,0,40.4025
1,119,39,0,0,40.4028
1,120,39,0,0,40.4023
1,121,39,0,0,40.4012
1,122,39,0,0,40.4004
1,123,39,0,0,40.3995
1,124,39,0,0,40.3983
1,125,39,0,0,40.3959
1,126,39,0,0,40.3934
1,127,39,0,0,40.3918
1,0,40,0,8.25319e-05,41.0119
1,1,40,0,2.658e-05,41.0041
1,2,40,0,4.35e-05,40.9973
1,3,40,0,5.556e-05,40.9897
1,4,40,0,3.504e-05,40.9794
1,5,40,0,3.624e-05,40.9692
1,6,40,0,1.692e-05,40.9588
1,7,40,0,3.504e-05,40.9503
1,8,40,0,7.431e-05,40.943
1,9,40,0,6.522e-05,40.9329
1,10,40,0,6.888e-05,40.9216
1,11,40,0,3.624e-05,40.9082
1,12,40,0,3.384e-05,40.8952
1,13,40,0,2.12925e-05,40.8824
1,14,40,0,3.504e-05,40.8706
1,15,40,0,5.316e-05,40.8586
1,16,40,0,3.504e-05,40.8451
1,17,40,0,1.932e-05,40.8316
1,18,40,0,3.624e-05,40.8201
1,19,40,0,5.1045e-05,40.8102
1,20,40,0,8.517e-05,40.8011
1,21,40,0,8.42475e-05,40.7897
1,22,40,0,9.666e-05,40.7769
1,23,40,0,3.624e-05,40.7606
1,24,40,0,5.556e-05,40.7474
1,25,40,0,4.46925e-05,40.7335
1,26,40,0,1.692e-05,40.7197
1,27,40,0,5.84475e-05,40.7084
1,28,40,0,2.538e-05,40.6955
1,29,40,0,4.35e-05,40.6852
1,30,40,0,3.1485e-05,40.6746
1,31,40,0,8.94e-05,40.6654
1,32,40,0,9.66e-06,40.6516
1,33,40,0,2.538e-05,40.6421
1,34,40,0,7.99875e-05,40.6347
1,35,40,0,5.28375e-05,40.6242
1,36,40,0,4.6815e-05,40.614
1,37,40,0,4.35e-05,40.6038
1,38,40,0,5.316e-05,40.5945
1,39,40,0,2.658e-05,40.5838
1,40,40,0,3.624e-05,40.5746
1,41,40,0,2.778e-05,40.5652
1,42,40,0,2.778e-05,40.5563
1,43,40,0,1.37475e-05,40.5478
1,44,40,0,6.042e-05,40.5419
1,45,40,0,1.692e-05,40.5339
1,46,40,0,5.556e-05,40.5294
1,47,40,0,5.316e-05,40.5231
1,48,40,0,1.692e-05,40.5161
1,49,40,0,5.72475e-05,40.5121
1,50,40,0,2.88375e-05,40.5063
1,51,40,0,6.042e-05,40.502
1,52,40,0,8.46e-06,40.4949
1,53,40,0,2.658e-05,40.4914
1,54,40,0,5.076e-05,40.4889
1,55,40,0,7.128e-05,40.4852
1,56,40,0,2.538e-05,40.4791
1,57,40,0,2.778e-05,40.4752
1,58,40,0,3.384e-05,40.4727
1,59,40,0,6.402e-05,40.4713
1,60,40,0,4.59e-05,40.4686
1,61,40,0,4.812e-05,40.4667
1,62,40,0,4.24425e-05,40.4647
1,63,40,0,3.72975e-05,40.4621
1,64,40,0,3.504e-05,40.4598
1,65,40,0,3.504e-05,40.458
1,66,40,0,1.0575e-05,40.4556
1,67,40,0,4.59e-05,40.4557
1,68,40,0,3.384e-05,40.4556
1,69,40,0,6.2535e-05,40.4571
1,70,40,0,7.53675e-05,40.4581
1,71,40,0,6.888e-05,40.4581
1,72,40,0,8.72475e-05,40.4578
1,73,40,0,8.6655e-05,40.4547
1,74,40,0,2.538e-05,40.4488
1,75,40,0,2.28e-05,40.4461
1,76,40,0,2.538e-05,40.4456
1,77,40,0,0.000115065,40.4486
1,78,40,0,6.162e-05,40.4466
1,79,40,0,5.316e-05,40.4455
1,80,40,0,6.402e-05,40.4449
1,81,40,0,6.282e-05,40.4436
1,82,40,0,2.538e-05,40.4407
1,83,40,0,7.2195e-05,40.4403
1,84,40,0,3.27825e-05,40.4368
1,85,40,0,3.966e-05,40.4344
1,86,40,0,2.658e-05,40.4319
1,87,40,0,1.812e-05,40.4298
1,88,40,0,4.59e-05,40.4295
1,89,40,0,5.316e-05,40.4291
1,90,40,0,6.162e-05,40.4283
1,91,40,0,3.504e-05,40.4258
1,92,40,0,4.47e-05,40.4242
1,93,40,0,6.282e-05,40.4232
1,94,40,0,1.812e-05,40.4209
1,95,40,0,5.316e-05,40.4215
1,96,40,0,6.282e-05,40.4213
1,97,40,0,8.46e-06,40.4192
1,98,40,0,6.162e-05,40.4203
1,99,40,0,8.46e-06,40.419
1,100,40,0,4.605e-05,40.4209
1,101,40,0,5.196e-05,40.4224
1,102,40,0,6.402e-05,40.4234
1,103,40,0,7.008e-05,40.4228
1,104,40,0,6.282e-05,40.4214
1,105,40,0,5.196e-05,40.4192
1,106,40,0,4.5915e-05,40.4166
1,107,40,0,4.59e-05,40.4143
1,108,40,0,2.538e-05,40.4124
1,109,40,0,3.504e-05,40.412
1,110,40,0,0.00010872,40.4139
1,111,40,0,2.53575e-05,40.4094
1,112,40,0,4.47e-05,40.4074
1,113,40,0,1.79775e-05,40.4053
1,114,40,0,6.282e-05,40.4061
1,115,40,0,3.927e-05,40.4045
1,116,40,0,5.676e-05,40.4042
1,117,40,0,4.35e-05,40.4031
1,118,40,0,4.47e-05,40.4037
1,119,40,0,7.974e-05,40.4055
1,120,40,0,6.162e-05,40.405
1,121,40,0,3.504e-05,40.4028
1,122,40,0,5.316e-05,40.4022
1,123,40,0,6.522e-05,40.4018
1,124,40,0,0.00010026,40.4017
1,125,40,0,5.196e-05,40.3976
1,126,40,0,8.46e-06,40.3932
1,127,40,0,6.3735e-05,40.3924
1,0,41,0,9.94519e-05,40.9747
1,1,41,0,8.46e-06,40.966
1,2,41,0,2.898e-05,40.9595
1,3,41,0,7.248e-05,40.9533
1,4,41,0,4.47e-05,40.9433
1,5,41,0,2.658e-05,40.9329
1,6,41,0,4.35e-05,40.9239
1,7,41,0,1.692e-05,40.9145
1,8,41,0,4.99875e-05,40.9074
1,9,41,0,5.316e-05,40.8984
1,10,41,0,4.773e-05,40.888
1,11,41,0,6.042e-05,40.877
1,12,41,0,5.316e-05,40.8652
1,13,41,0,5.84475e-05,40.8538
1,14,41,0,6.888e-05,40.8426
1,15,41,0,3.624e-05,40.8298
1,16,41,0,6.705e-05,40.8184
1,17,41,0,3.624e-05,40.8049
1,18,41,0,1.812e-05,40.7928
1,19,41,0,2.8695e-05,40.7829
1,20,41,0,5.739e-05,40.7743
1,21,41,0,5.34525e-05,40.7635
1,22,41,0,6.282e-05,40.7515
1,23,41,0,1.812e-05,40.7367
1,24,41,0,5.436e-05,40.7252
1,25,41,0,3.74475e-05,40.7124
1,26,41,0,6.042e-05,40.7008
1,27,41,0,2.85525e-05,40.688
1,28,41,0,1.932e-05,40.6764
1,29,41,0,5.076e-05,40.6674
1,30,41,0,6.3735e-05,40.6579
1,31,41,0,4.23e-05,40.6471
1,32,41,0,2.7495e-05,40.6358
1,33,41,0,5.076e-05,40.6271
1,34,41,0,4.54725e-05,40.6184
1,35,41,0,4.74225e-05,40.6092
1,36,41,0,5.9505e-05,40.6002
1,37,41,0,2.95875e-05,40.5901
1,38,41,0,6.402e-05,40.5822
1,39,41,0,4.71075e-05,40.5726
1,40,41,0,5.436e-05,40.5638
1,41,41,0,5.316e-05,40.555
1,42,41,0,4.59e-05,40.5462
1,43,41,0,3.94125e-05,40.538
1,44,41,0,2.88375e-05,40.5305
1,45,41,0,8.46e-06,40.5233
1,46,41,0,6.38775e-05,40.5197
1,47,41,0,2.778e-05,40.513
1,48,41,0,3.74475e-05,40.5077
1,49,41,0,4.78725e-05,40.5033
1,50,41,0,4.97025e-05,40.4987
1,51,41,0,7.128e-05,40.4946
1,52,41,0,2.538e-05,40.488
1,53,41,0,5.196e-05,40.485
1,54,41,0,7.974e-05,40.4825
1,55,41,0,2.9895e-05,40.4768
1,56,41,0,3.744e-05,40.4723
1,57,41,0,3.504e-05,40.4686
1,58,41,0,4.389e-05,40.4662
1,59,41,0,2.8695e-05,40.4634
1,60,41,0,2.658e-05,40.4612
1,61,41,0,4.59e-05,40.4606
1,62,41,0,7.95975e-05,40.4602
1,63,41,0,4.97025e-05,40.4573
1,64,41,0,4.47e-05,40.4552
1,65,41,0,6.64425e-05,40.4543
1,66,41,0,6.0705e-05,40.4524
1,67,41,0,2.538e-05,40.4501
1,68,41,0,4.36425e-05,40.4503
1,69,41,0,3.94125e-05,40.4506
1,70,41,0,3.82125e-05,40.4511
1,71,41,0,5.8305e-05,40.4521
1,72,41,0,8.41125e-05,40.452
1,73,41,0,4.3785e-05,40.4479
1,74,41,0,2.4165e-05,40.4436
1,75,41,0,3.87975e-05,40.4415
1,76,41,0,2.658e-05,40.4399
1,77,41,0,1.1775e-05,40.4395
1,78,41,0,2.658e-05,40.4395
1,79,41,0,5.538e-05,40.4402
1,80,41,0,4.35e-05,40.4396
1,81,41,0,6.26775e-05,40.4392
1,82,41,0,5.436e-05,40.4374
1,83,41,0,5.9505e-05,40.436
1,84,41,0,5.30175e-05,40.4334
1,85,41,0,4.35e-05,40.4309
1,86,41,0,6.282e-05,40.4293
1,87,41,0,4.47e-05,40.4267
1,88,41,0,2.538e-05,40.4246
1,89,41,0,3.504e-05,40.4238
1,90,41,0,4.23e-05,40.4231
1,91,41,0,5.316e-05,40.4216
1,92,41,0,1.812e-05,40.4185
1,93,41,0,9.66e-06,40.4167
1,94,41,0,3.624e-05,40.4165
1,95,41,0,2.538e-05,40.416
1,96,41,0,3.12e-05,40.4161
1,97,41,0,5.316e-05,40.4163
1,98,41,0,2.778e-05,40.4157
1,99,41,0,5.09025e-05,40.4165
1,100,41,0,4.335e-05,40.4174
1,101,41,0,6.282e-05,40.4191
1,102,41,0,7.734e-05,40.4197
1,103,41,0,3e-05,40.4174
1,104,41,0,5.436e-05,40.417
1,105,41,0,6.47925e-05,40.4156
1,106,41,0,4.1085e-05,40.4124
1,107,41,0,1.692e-05,40.4095
1,108,41,0,6.522e-05,40.4095
1,109,41,0,1.812e-05,40.4072
1,110,41,0,5.45025e-05,40.4079
1,111,41,0,5.241e-05,40.4057
1,112,41,0,2.778e-05,40.4028
1,113,41,0,3.39825e-05,40.4014
1,114,41,0,5.196e-05,40.4013
1,115,41,0,2.961e-05,40.3994
1,116,41,0,3.504e-05,40.3983
1,117,41,0,0,40.3965
1,118,41,0,3.624e-05,40.398
1,119,41,0,2.658e-05,40.399
1,120,41,0,8.094e-05,40.4008
1,121,41,0,4.692e-05,40.3986
1,122,41,0,3.744e-05,40.3968
1,123,41,0,1.812e-05,40.3949
1,124,41,0,2.658e-05,40.3941
1,125,41,0,5.436e-05,40.3928
1,126,41,0,2.7795e-05,40.3894
1,127,41,0,3.504e-05,40.3874
1,0,42,0,6.44119e-05,40.9365
1,1,42,0,0,40.9279
1,2,42,0,0,40.9201
1,3,42,0,0,40.9124
1,4,42,0,0,40.9036
1,5,42,0,0,40.8945
1,6,42,0,0,40.8856
1,7,42,0,0,40.877
1,8,42,0,7.4025e-06,40.869
1,9,42,0,0,40.8599
1,10,42,0,4.23e-06,40.8503
1,11,42,0,0,40.84
1,12,42,0,0,40.8294
1,13,42,0,0,40.8187
1,14,42,0,0,40.8079
1,15,42,0,0,40.7967
1,16,42,0,4.23e-06,40.7857
1,17,42,0,0,40.774
1,18,42,0,0,40.763
1,19,42,0,0,40.7528
1,20,42,0,0,40.743
1,21,42,0,0,40.7326
1,22,42,0,0,40.7214
1,23,42,0,0,40.7094
1,24,42,0,0,40.6981
1,25,42,0,0,40.6867
1,26,42,0,0,40.6755
1,27,42,0,0,40.6644
1,28,42,0,0,40.6538
1,29,42,0,0,40.6442
1,30,42,0,0,40.6347
1,31,42,0,0,40.6249
1,32,42,0,6.345e-06,40.6153
1,33,42,0,0,40.6061
1,34,42,0,0,40.5973
1,35,42,0,0,40.5887
1,36,42,0,0,40.5801
1,37,42,0,7.8525e-06,40.5717
1,38,42,0,0,40.5632
1,39,42,0,8.4525e-06,40.5549
1,40,42,0,0,40.5463
1,41,42,0,0,40.5381
1,42,42,0,0,40.5302
1,43,42,0,0,40.5228
1,44,42,0,7.4025e-06,40.5162
1,45,42,0,0,40.5097
1,46,42,0,7.4025e-06,40.5047
1,47,42,0,0,40.4989
1,48,42,0,8.4525e-06,40.494
1,49,42,0,0,40.489
1,50,42,0,0,40.4844
1,51,42,0,0,40.48
1,52,42,0,0,40.4753
1,53,42,0,0,40.4716
1,54,42,0,0,40.4682
1,55,42,0,6.345e-06,40.4643
1,56,42,0,0,40.4602
1,57,42,0,0,40.457
1,58,42,0,4.23e-06,40.4545
1,59,42,0,6.345e-06,40.4521
1,60,42,0,0,40.4499
1,61,42,0,0,40.4484
1,62,42,0,0,40.4472
1,63,42,0,0,40.4453
1,64,42,0,0,40.4438
1,65,42,0,6.0375e-06,40.4427
1,66,42,0,0,40.4411
1,67,42,0,0,40.4398
1,68,42,0,1.0575e-06,40.4394
1,69,42,0,3.1725e-06,40.4394
1,70,42,0,0,40.4393
1,71,42,0,2.115e-06,40.4392
1,72,42,0,0,40.4383
1,73,42,0,0,40.4361
1,74,42,0,2.415e-06,40.4338
1,75,42,0,3.6225e-06,40.432
1,76,42,0,0,40.4305
1,77,42,0,0,40.4296
1,78,42,0,0,40.4292
1,79,42,0,0,40.429
1,80,42,0,0,40.4285
1,81,42,0,7.4025e-06,40.428
1,82,42,0,0,40.4264
1,83,42,0,0,40.4248
1,84,42,0,0,40.4229
1,85,42,0,0,40.421
1,86,42,0,0,40.4193
1,87,42,0,0,40.4174
1,88,42,0,0,40.4157
1,89,42,0,0,40.4146
1,90,42,0,0,40.4134
1,91,42,0,0,40.412
1,92,42,0,0,40.4101
1,93,42,0,0,40.4088
1,94,42,0,0,40.408
1,95,42,0,0,40.4075
1,96,42,0,0,40.4072
1,97,42,0,0,40.4071
1,98,42,0,0,40.4069
1,99,42,0,1.0575e-06,40.4072
1,100,42,0,0,40.4076
1,101,42,0,0,40.4081
1,102,42,0,0,40.4081
1,103,42,0,0,40.4071
1,104,42,0,0,40.4062
1,105,42,0,5.2875e-06,40.405
1,106,42,0,0,40.4028
1,107,42,0,0,40.4009
1,108,42,0,0,40.3997
1,109,42,0,0,40.3983
1,110,42,0,1.0575e-06,40.3974
1,111,42,0,3.1725e-06,40.3958
1,112,42,0,0,40.3938
1,113,42,0,0,40.3924
1,114,42,0,0,40.3913
1,115,42,0,0,40.3901
1,116,42,0,0,40.3891
1,117,42,0,0,40.3883
1,118,42,0,0,40.3885
1,119,42,0,0,40.3888
1,120,42,0,0,40.3891
1,121,42,0,0,40.3881
1,122,42,0,0,40.3868
1,123,42,0,0,40.3854
1,124,42,0,0,40.3842
1,125,42,0,0,40.3829
1,126,42,0,7.245e-06,40.3812
1,127,42,0,6.345e-06,40.3795
1,0,43,0,6.44119e-05,40.9013
1,1,43,0,0,40.8925
1,2,43,0,0,40.8841
1,3,43,0,0,40.876
1,4,43,0,0,40.8675
1,5,43,0,0,40.8589
1,6,43,0,0,40.8504
1,7,43,0,0,40.842
1,8,43,0,0,40.8337
1,9,43,0,0,40.8249
1,10,43,0,0,40.8158
1,11,43,0,0,40.8063
1,12,43,0,0,40.7966
1,13,43,0,0,40.7866
1,14,43,0,0,40.7766
1,15,43,0,0,40.7663
1,16,43,0,0,40.7559
1,17,43,0,0,40.7454
1,18,43,0,0,40.735
1,19,43,0,0,40.725
1,20,43,0,0,40.7151
1,21,43,0,0,40.7051
1,22,43,0,0,40.6947
1,23,43,0,0,40.684
1,24,43,0,0,40.6736
1,25,43,0,0,40.6631
1,26,43,0,0,40.6529
1,27,43,0,0,40.6427
1,28,43,0,0,40.6328
1,29,43,0,0,40.6233
1,30,43,0,0,40.614
1,31,43,0,0,40.6047
1,32,43,0,0,40.5957
1,33,43,0,0,40.5869
1,34,43,0,0,40.5785
1,35,43,0,0,40.5702
1,36,43,0,0,40.5621
1,37,43,0,0,40.5541
1,38,43,0,0,40.5461
1,39,43,0,0,40.5383
1,40,43,0,0,40.5306
1,41,43,0,0,40.523
1,42,43,0,0,40.5158
1,43,43,0,0,40.5089
1,44,43,0,0,40.5025
1,45,43,0,0,40.4965
1,46,43,0,0,40.4911
1,47,43,0,0,40.4858
1,48,43,0,0,40.4809
1,49,43,0,0,40.4762
1,50,43,0,0,40.4717
1,51,43,0,0,40.4674
1,52,43,0,0,40.4633
1,53,43,0,0,40.4596
1,54,43,0,0,40.4561
1,55,43,0,0,40.4526
1,56,43,0,0,40.4492
1,57,43,0,0,40.4462
1,58,43,0,0,40.4437
1,59,43,0,0,40.4414
1,60,43,0,0,40.4394
1,61,43,0,0,40.4378
1,62,43,0,0,40.4364
1,63,43,0,0,40.4349
1,64,43,0,0,40.4336
1,65,43,0,0,40.4325
1,66,43,0,0,40.4313
1,67,43,0,0,40.4304
1,68,43,0,0,40.4298
1,69,43,0,0,40.4294
1,70,43,0,0,40.4291
1,71,43,0,0,40.4286
1,72,43,0,0,40.4277
1,73,43,0,0,40.4263
1,74,43,0,0,40.4247
1,75,43,0,0,40.4232
1,76,43,0,0,40.422
1,77,43,0,0,40.4211
1,78,43,0,0,40.4204
1,79,43,0,0,40.4199
1,80,43,0,0,40.4192
1,81,43,0,0,40.4183
1,82,43,0,0,40.4171
1,83,43,0,0,40.4157
1,84,43,0,0,40.4142
1,85,43,0,0,40.4126
1,86,43,0,0,40.4111
1,87,43,0,0,40.4095
1,88,43,0,0,40.4081
1,89,43,0,0,40.4069
1,90,43,0,0,40.4056
1,91,43,0,0,40.4043
1,92,43,0,0,40.403
1,93,43,0,0,40.4018
1,94,43,0,0,40.4009
1,95,43,0,0,40.4003
1,96,43,0,0,40.3998
1,97,43,0,0,40.3995
1,98,43,0,0,40.3993
1,99,43,0,0,40.3993
1,100,43,0,0,40.3993
1,101,43,0,0,40.3993
1,102,43,0,0,40.399
1,103,43,0,0,40.3983
1,104,43,0,0,40.3974
1,105,43,0,0,40.3962
1,106,43,0,0,40.3946
1,107,43,0,0,40.3931
1,108,43,0,0,40.3917
1,109,43,0,0,40.3903
1,110,43,0,0,40.389
1,111,43,0,0,40.3875
1,112,43,0,0,40.3858
1,113,43,0,0,40.3844
1,114,43,0,0,40.3832
1,115,43,0,0,40.3821
1,116,43,0,0,40.3812
1,117,43,0,0,40.3806
1,118,43,0,0,40.3804
1,119,43,0,0,40.3803
1,120,43,0,0,40.3801
1,121,43,0,0,40.3794
1,122,43,0,0,40.3784
1,123,43,0,0,40.3772
1,124,43,0,0,40.376
1,125,43,0,0,40.3747
1,126,43,0,0,40.3734
1,127,43,0,0,40.3721
1,0,44,0,6.44119e-05,40.8688
1,1,44,0,0,40.8598
1,2,44,0,0,40.8513
1,3,44,0,0,40.843
1,4,44,0,0,40.8347
1,5,44,0,0,40.8265
1,6,44,0,0,40.8182
1,7,44,0,0,40.81
1,8,44,0,0,40.8017
1,9,44,0,0,40.7933
1,10,44,0,0,40.7847
1,11,44,0,0,40.7758
1,12,44,0,0,40.7668
1,13,44,0,0,40.7576
1,14,44,0,0,40.7483
1,15,44,0,0,40.7388
1,16,44,0,0,40.7291
1,17,44,0,0,40.7193
1,18,44,0,0,40.7094
1,19,44,0,0,40.6997
1,20,44,0,0,40.6901
1,21,44,0,0,40.6804
1,22,44,0,0,40.6707
1,23,44,0,0,40.6611
1,24,44,0,0,40.6515
1,25,44,0,0,40.6419
1,26,44,0,0,40.6325
1,27,44,0,0,40.623
1,28,44,0,0,40.6137
1,29,44,0,0,40.6045
1,30,44,0,0,40.5955
1,31,44,0,0,40.5867
1,32,44,0,0,40.578
1,33,44,0,0,40.5697
1,34,44,0,0,40.5616
1,35,44,0,0,40.5537
1,36,44,0,0,40.546
1,37,44,0,0,40.5384
1,38,44,0,0,40.531
1,39,44,0,0,40.5237
1,40,44,0,0,40.5165
1,41,44,0,0,40.5095
1,42,44,0,0,40.5028
1,43,44,0,0,40.4964
1,44,44,0,0,40.4903
1,45,44,0,0,40.4846
1,46,44,0,0,40.4793
1,47,44,0,0,40.4742
1,48,44,0,0,40.4694
1,49,44,0,0,40.4649
1,50,44,0,0,40.4606
1,51,44,0,0,40.4565
1,52,44,0,0,40.4527
1,53,44,0,0,40.4491
1,54,44,0,0,40.4458
1,55,44,0,0,40.4426
1,56,44,0,0,40.4396
1,57,44,0,0,40.4368
1,58,44,0,0,40.4343
1,59,44,0,0,40.4322
1,60,44,0,0,40.4303
1,61,44,0,0,40.4287
1,62,44,0,0,40.4273
1,63,44,0,0,40.426
1,64,44,0,0,40.4249
1,65,44,0,0,40.4239
1,66,44,0,0,40.423
1,67,44,0,0,40.4222
1,68,44,0,0,40.4216
1,69,44,0,0,40.4211
1,70,44,0,0,40.4206
1,71,44,0,0,40.4201
1,72,44,0,0,40.4193
1,73,44,0,0,40.4183
1,74,44,0,0,40.4171
1,75,44,0,0,40.4159
1,76,44,0,0,40.4148
1,77,44,0,0,40.414
1,78,44,0,0,40.4132
1,79,44,0,0,40.4125
1,80,44,0,0,40.4116
1,81,44,0,0,40.4107
1,82,44,0,0,40.4096
1,83,44,0,0,40.4084
1,84,44,0,0,40.4071
1,85,44,0,0,40.4058
1,86,44,0,0,40.4045
1,87,44,0,0,40.4032
1,88,44,0,0,40.4019
1,89,44,0,0,40.4007
1,90,44,0,0,40.3995
1,91,44,0,0,40.3983
1,92,44,0,0,40.3972
1,93,44,0,0,40.3961
1,94,44,0,0,40.3952
1,95,44,0,0,40.3944
1,96,44,0,0,40.3939
1,97,44,0,0,40.3934
1,98,44,0,0,40.3931
1,99,44,0,0,40.3929
1,100,44,0,0,40.3927
1,101,44,0,0,40.3924
1,102,44,0,0,40.392
1,103,44,0,0,40.3913
1,104,44,0,0,40.3904
1,105,44,0,0,40.3893
1,106,44,0,0,40.388
1,107,44,0,0,40.3866
1,108,44,0,0,40.3852
1,109,44,0,0,40.3838
1,110,44,0,0,40.3823
1,111,44,0,0,40.3807
1,112,44,0,0,40.3791
1,113,44,0,0,40.3777
1,114,44,0,0,40.3764
1,115,44,0,0,40.3754
1,116,44,0,0,40.3745
1,117,44,0,0,40.374
1,118,44,0,0,40.3737
1,119,44,0,0,40.3735
1,120,44,0,0,40.3732
1,121,44,0,0,40.3726
1,122,44,0,0,40.3717
1,123,44,0,0,40.3706
1,124,44,0,0,40.3693
1,125,44,0,0,40.3681
1,126,44,0,0,40.3669
1,127,44,0,0,40.3659
1,0,45,0,6.44119e-05,40.8388
1,1,45,0,0,40.8299
1,2,45,0,0,40.8213
1,3,45,0,0,40.8131
1,4,45,0,0,40.805
1,5,45,0,0,40.797
1,6,45,0,0,40.789
1,7,45,0,0,40.781
1,8,45,0,0,40.7729
1,9,45,0,0,40.7647
1,10,45,0,0,40.7566
1,11,45,0,0,40.7483
1,12,45,0,0,40.74
1,13,45,0,0,40.7315
1,14,45,0,0,40.7229
1,15,45,0,0,40.7141
1,16,45,0,0,40.705
1,17,45,0,0,40.6957
1,18,45,0,0,40.6863
1,19,45,0,0,40.6769
1,20,45,0,0,40.6676
1,21,45,0,0,40.6584
1,22,45,0,0,40.6493
1,23,45,0,0,40.6404
1,24,45,0,0,40.6317
1,25,45,0,0,40.623
1,26,45,0,0,40.6143
1,27,45,0,0,40.6055
1,28,45,0,0,40.5966
1,29,45,0,0,40.5878
1,30,45,0,0,40.579
1,31,45,0,0,40.5705
1,32,45,0,0,40.5622
1,33,45,0,0,40.5542
1,34,45,0,0,40.5465
1,35,45,0,0,40.539
1,36,45,0,0,40.5318
1,37,45,0,0,40.5247
1,38,45,0,0,40.5177
1,39,45,0,0,40.5109
1,40,45,0,0,40.5042
1,41,45,0,0,40.4977
1,42,45,0,0,40.4914
1,43,45,0,0,40.4854
1,44,45,0,0,40.4797
1,45,45,0,0,40.4742
1,46,45,0,0,40.469
1,47,45,0,0,40.4641
1,48,45,0,0,40.4595
1,49,45,0,0,40.4551
1,50,45,0,0,40.451
1,51,45,0,0,40.4471
1,52,45,0,0,40.4435
1,53,45,0,0,40.4401
1,54,45,0,0,40.437
1,55,45,0,0,40.4341
1,56,45,0,0,40.4313
1,57,45,0,0,40.4287
1,58,45,0,0,40.4263
1,59,45,0,0,40.4243
1,60,45,0,0,40.4226
1,61,45,0,0,40.4211
1,62,45,0,0,40.4197
1,63,45,0,0,40.4186
1,64,45,0,0,40.4176
1,65,45,0,0,40.4168
1,66,45,0,0,40.4161
1,67,45,0,0,40.4155
1,68,45,0,0,40.4149
1,69,45,0,0,40.4144
1,70,45,0,0,40.414
1,71,45,0,0,40.4134
1,72,45,0,0,40.4128
1,73,45,0,0,40.412
1,74,45,0,0,40.4111
1,75,45,0,0,40.4101
1,76,45,0,0,40.4092
1,77,45,0,0,40.4083
1,78,45,0,0,40.4075
1,79,45,0,0,40.4067
1,80,45,0,0,40.4058
1,81,45,0,0,40.4049
1,82,45,0,0,40.4038
1,83,45,0,0,40.4028
1,84,45,0,0,40.4017
1,85,45,0,0,40.4006
1,86,45,0,0,40.3995
1,87,45,0,0,40.3983
1,88,45,0,0,40.3972
1,89,45,0,0,40.3961
1,90,45,0,0,40.395
1,91,45,0,0,40.3939
1,92,45,0,0,40.3928
1,93,45,0,0,40.3917
1,94,45,0,0,40.3908
1,95,45,0,0,40.39
1,96,45,0,0,40.3893
1,97,45,0,0,40.3888
1,98,45,0,0,40.3883
1,99,45,0,0,40.388
1,100,45,0,0,40.3876
1,101,45,0,0,40.3872
1,102,45,0,0,40.3867
1,103,45,0,0,40.386
1,104,45,0,0,40.3852
1,105,45,0,0,40.3841
1,106,45,0,0,40.383
1,107,45,0,0,40.3817
1,108,45,0,0,40.3803
1,109,45,0,0,40.3788
1,110,45,0,0,40.3772
1,111,45,0,0,40.3755
1,112,45,0,0,40.3738
1,113,45,0,0,40.3723
1,114,45,0,0,40.3709
1,115,45,0,0,40.3699
1,116,45,0,0,40.3691
1,117,45,0,0,40.3686
1,118,45,0,0,40.3683
1,119,45,0,0,40.3682
1,120,45,0,0,40.3679
1,121,45,0,0,40.3674
1,122,45,0,0,40.3666
1,123,45,0,0,40.3655
1,124,45,0,0,40.3642
1,125,45,0,0,40.3628
1,126,45,0,0,40.3616
1,127,45,0,0,40.3606
1,0,46,0,6.44119e-05,40.8114
1,1,46,0,0,40.8026
1,2,46,0,0,40.7942
1,3,46,0,0,40.786
1,4,46,0,0,40.7782
1,5,46,0,0,40.7705
1,6,46,0,0,40.7628
1,7,46,0,0,40.7549
1,8,46,0,0,40.7469
1,9,46,0,0,40.739
1,10,46,0,0,40.7314
1,11,46,0,0,40.7237
1,12,46,0,0,40.716
1,13,46,0,0,40.7082
1,14,46,0,0,40.7003
1,15,46,0,0,40.6922
1,16,46,0,0,40.6838
1,17,46,0,0,40.6749
1,18,46,0,0,40.6657
1,19,46,0,0,40.6564
1,20,46,0,0,40.6474
1,21,46,0,0,40.6385
1,22,46,0,0,40.63
1,23,46,0,0,40.6219
1,24,46,0,0,40.6141
1,25,46,0,0,40.6064
1,26,46,0,0,40.5986
1,27,46,0,0,40.5903
1,28,46,0,0,40.5818
1,29,46,0,0,40.5731
1,30,46,0,0,40.5645
1,31,46,0,0,40.5562
1,32,46,0,0,40.5483
1,33,46,0,0,40.5406
1,34,46,0,0,40.5332
1,35,46,0,0,40.5262
1,36,46,0,0,40.5194
1,37,46,0,0,40.5128
1,38,46,0,0,40.5062
1,39,46,0,0,40.5
1,40,46,0,0,40.4937
1,41,46,0,0,40.4874
1,42,46,0,0,40.4815
1,43,46,0,0,40.476
1,44,46,0,0,40.4705
1,45,46,0,0,40.4652
1,46,46,0,0,40.4602
1,47,46,0,0,40.4554
1,48,46,0,0,40.4509
1,49,46,0,0,40.4468
1,50,46,0,0,40.4429
1,51,46,0,0,40.4392
1,52,46,0,0,40.4357
1,53,46,0,0,40.4326
1,54,46,0,0,40.4298
1,55,46,0,0,40.4271
1,56,46,0,0,40.4245
1,57,46,0,0,40.422
1,58,46,0,0,40.4196
1,59,46,0,0,40.4177
1,60,46,0,0,40.4162
1,61,46,0,0,40.4149
1,62,46,0,0,40.4136
1,63,46,0,0,40.4126
1,64,46,0,0,40.4119
1,65,46,0,0,40.4113
1,66,46,0,0,40.4108
1,67,46,0,0,40.4103
1,68,46,0,0,40.4098
1,69,46,0,0,40.4094
1,70,46,0,0,40.4089
1,71,46,0,0,40.4085
1,72,46,0,0,40.4081
1,73,46,0,0,40.4075
1,74,46,0,0,40.4068
1,75,46,0,0,40.4059
1,76,46,0,0,40.405
1,77,46,0,0,40.4042
1,78,46,0,0,40.4036
1,79,46,0,0,40.4027
1,80,46,0,0,40.4017
1,81,46,0,0,40.4007
1,82,46,0,0,40.3997
1,83,46,0,0,40.3987
1,84,46,0,0,40.3978
1,85,46,0,0,40.397
1,86,46,0,0,40.3961
1,87,46,0,0,40.3951
1,88,46,0,0,40.3941
1,89,46,0,0,40.3931
1,90,46,0,0,40.3921
1,91,46,0,0,40.391
1,92,46,0,0,40.3899
1,93,46,0,0,40.3888
1,94,46,0,0,40.3879
1,95,46,0,0,40.3869
1,96,46,0,0,40.3861
1,97,46,0,0,40.3855
1,98,46,0,0,40.385
1,99,46,0,0,40.3846
1,100,46,0,0,40.3842
1,101,46,0,0,40.3836
1,102,46,0,0,40.383
1,103,46,0,0,40.3824
1,104,46,0,0,40.3816
1,105,46,0,0,40.3807
1,106,46,0,0,40.3796
1,107,46,0,0,40.3784
1,108,46,0,0,40.3771
1,109,46,0,0,40.3755
1,110,46,0,0,40.3736
1,111,46,0,0,40.3717
1,112,46,0,0,40.3698
1,113,46,0,0,40.3681
1,114,46,0,0,40.3666
1,115,46,0,0,40.3655
1,116,46,0,0,40.3647
1,117,46,0,0,40.3643
1,118,46,0,0,40.3643
1,119,46,0,0,40.3644
1,120,46,0,0,40.3644
1,121,46,0,0,40.364
1,122,46,0,0,40.3633
1,123,46,0,0,40.362
1,124,46,0,0,40.3604
1,125,46,0,0,40.3589
1,126,46,0,0,40.3575
1,127,46,0,0,40.3564
1,0,47,0,6.44119e-05,40.7864
1,1,47,0,0,40.778
1,2,47,0,0,40.7698
1,3,47,0,0,40.7616
1,4,47,0,0,40.754
1,5,47,0,0,40.747
1,6,47,0,0,40.7395
1,7,47,0,0,40.7315
1,8,47,0,0,40.7237
1,9,47,0,0,40.7157
1,10,47,0,0,40.7088
1,11,47,0,0,40.7017
1,12,47,0,0,40.6947
1,13,47,0,0,40.6876
1,14,47,0,0,40.6804
1,15,47,0,0,40.6732
1,16,47,0,0,40.6655
1,17,47,0,0,40.6569
1,18,47,0,0,40.6476
1,19,47,0,0,40.6381
1,20,47,0,0,40.6295
1,21,47,0,0,40.6208
1,22,47,0,0,40.6125
1,23,47,0,0,40.6056
1,24,47,0,0,40.5986
1,25,47,0,0,40.5923
1,26,47,0,0,40.5856
1,27,47,0,0,40.5775
1,28,47,0,0,40.5695
1,29,47,0,0,40.5603
1,30,47,0,0,40.5516
1,31,47,0,0,40.5437
1,32,47,0,0,40.536
1,33,47,0,0,40.5286
1,34,47,0,0,40.5215
1,35,47,0,0,40.515
1,36,47,0,0,40.5089
1,37,47,0,0,40.5026
1,38,47,0,0,40.4963
1,39,47,0,0,40.4909
1,40,47,0,0,40.485
1,41,47,0,0,40.4786
1,42,47,0,0,40.473
1,43,47,0,0,40.4682
1,44,47,0,0,40.463
1,45,47,0,0,40.4578
1,46,47,0,0,40.4528
1,47,47,0,0,40.4483
1,48,47,0,0,40.4437
1,49,47,0,0,40.4398
1,50,47,0,0,40.4364
1,51,47,0,0,40.4328
1,52,47,0,0,40.429
1,53,47,0,0,40.4263
1,54,47,0,0,40.424
1,55,47,0,0,40.4217
1,56,47,0,0,40.4192
1,57,47,0,0,40.4167
1,58,47,0,0,40.414
1,59,47,0,0,40.4122
1,60,47,0,0,40.4112
1,61,47,0,0,40.4103
1,62,47,0,0,40.4088
1,63,47,0,0,40.4078
1,64,47,0,0,40.4077
1,65,47,0,0,40.4072
1,66,47,0,0,40.4071
1,67,47,0,0,40.4068
1,68,47,0,0,40.4063
1,69,47,0,0,40.4059
1,70,47,0,0,40.4054
1,71,47,0,0,40.4052
1,72,47,0,0,40.4052
1,73,47,0,0,40.4047
1,74,47,0,0,40.4042
1,75,47,0,0,40.4032
1,76,47,0,0,40.4023
1,77,47,0,0,40.4016
1,78,47,0,0,40.4014
1,79,47,0,0,40.4004
1,80,47,0,0,40.399
1,81,47,0,0,40.3981
1,82,47,0,0,40.3971
1,83,47,0,0,40.3962
1,84,47,0,0,40.3954
1,85,47,0,0,40.3951
1,86,47,0,0,40.3943
1,87,47,0,0,40.3933
1,88,47,0,0,40.3924
1,89,47,0,0,40.3918
1,90,47,0,0,40.3909
1,91,47,0,0,40.3896
1,92,47,0,0,40.3885
1,93,47,0,0,40.3874
1,94,47,0,0,40.3865
1,95,47,0,0,40.3851
1,96,47,0,0,40.3842
1,97,47,0,0,40.3837
1,98,47,0,0,40.3831
1,99,47,0,0,40.3829
1,100,47,0,0,40.3823
1,101,47,0,0,40.3817
1,102,47,0,0,40.3809
1,103,47,0,0,40.3805
1,104,47,0,0,40.3799
1,105,47,0,0,40.3788
1,106,47,0,0,40.3778
1,107,47,0,0,40.3766
1,108,47,0,0,40.3757
1,109,47,0,0,40.374
1,110,47,0,0,40.3715
1,111,47,0,0,40.3694
1,112,47,0,0,40.3671
1,113,47,0,0,40.3651
1,114,47,0,0,40.3635
1,115,47,0,0,40.3623
1,116,47,0,0,40.3613
1,117,47,0,0,40.3612
1,118,47,0,0,40.3616
1,119,47,0,0,40.3622
1,120,47,0,0,40.3625
1,121,47,0,0,40.3625
1,122,47,0,0,40.362
1,123,47,0,0,40.3603
1,124,47,0,0,40.358
1,125,47,0,0,40.3561
1,126,47,0,0,40.3546
1,127,47,0,0,40.3533
1,0,48,0,0.000127232,40.7643
1,1,48,0,4.47e-05,40.7562
1,2,48,0,6.16125e-05,40.7483
1,3,48,0,3.504e-05,40.7393
1,4,48,0,2.778e-05,40.732
1,5,48,0,7.248e-05,40.7268
1,6,48,0,6.162e-05,40.7193
1,7,48,0,4.59e-05,40.7109
1,8,48,0,7.008e-05,40.7034
1,9,48,0,8.46e-06,40.6938
1,10,48,0,6.50175e-05,40.6892
1,11,48,0,3.39825e-05,40.6822
1,12,48,0,5.556e-05,40.6763
1,13,48,0,5.316e-05,40.6695
1,14,48,0,4.47075e-05,40.6631
1,15,48,0,6.162e-05,40.6573
1,16,48,0,7.47075e-05,40.6507
1,17,48,0,7.008e-05,40.6419
1,18,48,0,6.282e-05,40.6321
1,19,48,0,8.46e-06,40.6211
1,20,48,0,5.1045e-05,40.6141
1,21,48,0,3.39825e-05,40.6048
1,22,48,0,0,40.5959
1,23,48,0,7.128e-05,40.5915
1,24,48,0,3.504e-05,40.5846
1,25,48,0,7.974e-05,40.5809
1,26,48,0,0.00010632,40.576
1,27,48,0,4.47e-05,40.567
1,28,48,0,9.666e-05,40.5604
1,29,48,0,2.34075e-05,40.5492
1,30,48,0,1.692e-05,40.5401
1,31,48,0,3.504e-05,40.5329
1,32,48,0,4.47e-05,40.5255
1,33,48,0,3.624e-05,40.5184
1,34,48,0,2.658e-05,40.5111
1,35,48,0,3.744e-05,40.5054
1,36,48,0,6.162e-05,40.5005
1,37,48,0,5.75325e-05,40.4944
1,38,48,0,8.46e-06,40.4872
1,39,48,0,7.61175e-05,40.4844
1,40,48,0,5.922e-05,40.4785
1,41,48,0,1.692e-05,40.4709
1,42,48,0,9.66e-06,40.4656
1,43,48,0,5.196e-05,40.4626
1,44,48,0,3.504e-05,40.4572
1,45,48,0,3.384e-05,40.4518
1,46,48,0,3.384e-05,40.4468
1,47,48,0,5.9205e-05,40.4428
1,48,48,0,3.624e-05,40.4376
1,49,48,0,3.504e-05,40.434
1,50,48,0,6.042e-05,40.4318
1,51,48,0,5.196e-05,40.428
1,52,48,0,8.46e-06,40.423
1,53,48,0,3.504e-05,40.4213
1,54,48,0,5.316e-05,40.42
1,55,48,0,5.196e-05,40.418
1,56,48,0,5.02725e-05,40.4155
1,57,48,0,6.26775e-05,40.4133
1,58,48,0,1.932e-05,40.4092
1,59,48,0,1.692e-05,40.4075
1,60,48,0,4.9545e-05,40.4078
1,61,48,0,7.974e-05,40.408
1,62,48,0,2.8695e-05,40.4052
1,63,48,0,1.692e-05,40.4038
1,64,48,0,6.282e-05,40.4053
1,65,48,0,2.898e-05,40.4045
1,66,48,0,4.35e-05,40.4051
1,67,48,0,5.436e-05,40.405
1,68,48,0,3.82125e-05,40.4042
1,69,48,0,5.556e-05,40.4041
1,70,48,0,3.624e-05,40.4034
1,71,48,0,3.504e-05,40.4033
1,72,48,0,6.042e-05,40.4044
1,73,48,0,4.47e-05,40.4036
1,74,48,0,7.22775e-05,40.4037
1,75,48,0,4.47e-05,40.4021
1,76,48,0,4.59e-05,40.401
1,77,48,0,2.55225e-05,40.4001
1,78,48,0,6.282e-05,40.4015
1,79,48,0,3.942e-05,40.4001
1,80,48,0,1.692e-05,40.3976
1,81,48,0,3.966e-05,40.397
1,82,48,0,5.07225e-05,40.3962
1,83,48,0,3.504e-05,40.395
1,84,48,0,3.62025e-05,40.3942
1,85,48,0,6.042e-05,40.3951
1,86,48,0,5.316e-05,40.3944
1,87,48,0,3.504e-05,40.393
1,88,48,0,2.658e-05,40.3919
1,89,48,0,6.402e-05,40.3925
1,90,48,0,6.28425e-05,40.3915
1,91,48,0,4.35e-05,40.3896
1,92,48,0,4.47e-05,40.3886
1,93,48,0,3.384e-05,40.3874
1,94,48,0,6.90225e-05,40.3871
1,95,48,0,3.384e-05,40.3845
1,96,48,0,3.744e-05,40.3835
1,97,48,0,4.35e-05,40.3834
1,98,48,0,2.97525e-05,40.3824
1,99,48,0,7.128e-05,40.3832
1,100,48,0,4.8015e-05,40.382
1,101,48,0,6.042e-05,40.3813
1,102,48,0,4.23e-05,40.38
1,103,48,0,4.59e-05,40.3801
1,104,48,0,5.922e-05,40.3802
1,105,48,0,3.384e-05,40.3782
1,106,48,0,5.556e-05,40.3777
1,107,48,0,2.658e-05,40.376
1,108,48,0,6.9165e-05,40.3766
1,109,48,0,6.888e-05,40.3748
1,110,48,0,1.692e-05,40.3706
1,111,48,0,5.436e-05,40.3688
1,112,48,0,3.384e-05,40.3655
1,113,48,0,3.846e-05,40.3632
1,114,48,0,2.898e-05,40.3613
1,115,48,0,4.35e-05,40.3602
1,116,48,0,1.692e-05,40.3585
1,117,48,0,3.504e-05,40.359
1,118,48,0,4.35e-05,40.3603
1,119,48,0,5.436e-05,40.3617
1,120,48,0,5.30175e-05,40.3625
1,121,48,0,5.316e-05,40.3629
1,122,48,0,7.974e-05,40.3635
1,123,48,0,4.59e-05,40.3605
1,124,48,0,2.538e-05,40.3567
1,125,48,0,2.778e-05,40.3542
1,126,48,0,4.47e-05,40.353
1,127,48,0,5.316e-05,40.3517
1,0,49,0,0.000109112,40.7371
1,1,49,0,6.2805e-05,40.73
1,2,49,0,2.65875e-05,40.7206
1,3,49,0,2.658e-05,40.7125
1,4,49,0,4.35e-05,40.7061
1,5,49,0,4.9845e-05,40.6999
1,6,49,0,4.59e-05,40.6926
1,7,49,0,3.48975e-05,40.6844
1,8,49,0,2.658e-05,40.6763
1,9,49,0,9.66e-06,40.6683
1,10,49,0,3.98625e-05,40.6637
1,11,49,0,6.17625e-05,40.6587
1,12,49,0,4.87875e-05,40.6521
1,13,49,0,1.692e-05,40.6448
1,14,49,0,6.402e-05,40.6405
1,15,49,0,5.619e-05,40.6345
1,16,49,0,7.85325e-05,40.6283
1,17,49,0,4.35e-05,40.6189
1,18,49,0,4.35e-05,40.61
1,19,49,0,3.504e-05,40.6012
1,20,49,0,7.82325e-05,40.5949
1,21,49,0,3.84975e-05,40.5853
1,22,49,0,2.538e-05,40.5768
1,23,49,0,3.504e-05,40.5707
1,24,49,0,8.46e-06,40.5639
1,25,49,0,3.384e-05,40.5598
1,26,49,0,4.59e-05,40.5552
1,27,49,0,5.076e-05,40.5489
1,28,49,0,5.556e-05,40.5423
1,29,49,0,5.63325e-05,40.5341
1,30,49,0,4.59075e-05,40.5259
1,31,49,0,6.504e-05,40.5188
1,32,49,0,0,40.5094
1,33,49,0,6.402e-05,40.5045
1,34,49,0,2.658e-05,40.4968
1,35,49,0,2.538e-05,40.4906
1,36,49,0,2.658e-05,40.4852
1,37,49,0,3.06675e-05,40.4798
1,38,49,0,2.538e-05,40.4743
1,39,49,0,3.74625e-05,40.4704
1,40,49,0,4.35e-05,40.4657
1,41,49,0,3.624e-05,40.4601
1,42,49,0,4.47e-05,40.4559
1,43,49,0,6.963e-05,40.4529
1,44,49,0,5.076e-05,40.4473
1,45,49,0,4.35e-05,40.4416
1,46,49,0,3.384e-05,40.436
1,47,49,0,2.0535e-05,40.4306
1,48,49,0,0,40.4254
1,49,49,0,2.538e-05,40.4229
1,50,49,0,2.65875e-05,40.4204
1,51,49,0,4.23e-05,40.4178
1,52,49,0,2.658e-05,40.4139
1,53,49,0,4.24425e-05,40.412
1,54,49,0,2.538e-05,40.4094
1,55,49,0,4.812e-05,40.408
1,56,49,0,2.22075e-05,40.4049
1,57,49,0,4.12425e-05,40.4032
1,58,49,0,2.538e-05,40.4004
1,59,49,0,5.316e-05,40.3997
1,60,49,0,2.8995e-05,40.398
1,61,49,0,2.295e-05,40.3972
1,62,49,0,4.9845e-05,40.3969
1,63,49,0,3.384e-05,40.3959
1,64,49,0,4.35e-05,40.3965
1,65,49,0,5.316e-05,40.3972
1,66,49,0,7.734e-05,40.3982
1,67,49,0,4.35e-05,40.3969
1,68,49,0,5.84475e-05,40.3966
1,69,49,0,3.384e-05,40.3956
1,70,49,0,6.402e-05,40.3963
1,71,49,0,4.35e-05,40.396
1,72,49,0,8.094e-05,40.3974
1,73,49,0,5.316e-05,40.3959
1,74,49,0,3.429e-05,40.3947
1,75,49,0,6.402e-05,40.3948
1,76,49,0,4.107e-05,40.3936
1,77,49,0,4.69575e-05,40.3938
1,78,49,0,8.6985e-05,40.3959
1,79,49,0,9.891e-05,40.3959
1,80,49,0,7.368e-05,40.3934
1,81,49,0,6.162e-05,40.3912
1,82,49,0,3.26175e-05,40.389
1,83,49,0,7.53675e-05,40.3893
1,84,49,0,1.9035e-05,40.387
1,85,49,0,6.282e-05,40.3884
1,86,49,0,5.43675e-05,40.3882
1,87,49,0,8.094e-05,40.3884
1,88,49,0,6.402e-05,40.3869
1,89,49,0,5.556e-05,40.3857
1,90,49,0,4.95375e-05,40.3844
1,91,49,0,4.1385e-05,40.3831
1,92,49,0,7.248e-05,40.3834
1,93,49,0,7.368e-05,40.3824
1,94,49,0,4.69575e-05,40.3802
1,95,49,0,4.47e-05,40.3783
1,96,49,0,3.504e-05,40.3773
1,97,49,0,8.7e-05,40.3786
1,98,49,0,4.75875e-05,40.3764
1,99,49,0,3.18675e-05,40.3752
1,100,49,0,5.9505e-05,40.3751
1,101,49,0,2.778e-05,40.3731
1,102,49,0,2.658e-05,40.3725
1,103,49,0,5.922e-05,40.3739
1,104,49,0,8.334e-05,40.3746
1,105,49,0,4.71e-05,40.3723
1,106,49,0,5.316e-05,40.3713
1,107,49,0,5.316e-05,40.3703
1,108,49,0,6.4935e-05,40.3701
1,109,49,0,6.282e-05,40.3685
1,110,49,0,6.888e-05,40.3658
1,111,49,0,4.47e-05,40.3623
1,112,49,0,3.504e-05,40.3588
1,113,49,0,1.812e-05,40.356
1,114,49,0,4.692e-05,40.3551
1,115,49,0,2.658e-05,40.3532
1,116,49,0,2.658e-05,40.352
1,117,49,0,1.932e-05,40.3518
1,118,49,0,3.624e-05,40.3531
1,119,49,0,3.744e-05,40.3543
1,120,49,0,5.09025e-05,40.3556
1,121,49,0,4.33575e-05,40.356
1,122,49,0,7.02225e-05,40.3569
1,123,49,0,7.854e-05,40.3554
1,124,49,0,5.538e-05,40.3516
1,125,49,0,2.538e-05,40.3477
1,126,49,0,1.812e-05,40.3457
1,127,49,0,6.16275e-05,40.3454
1,0,50,0,6.44119e-05,40.7065
1,1,50,0,2.415e-06,40.6985
1,2,50,0,0,40.6901
1,3,50,0,0,40.6824
1,4,50,0,0,40.6754
1,5,50,0,2.115e-06,40.6688
1,6,50,0,0,40.6618
1,7,50,0,7.4025e-06,40.6547
1,8,50,0,0,40.6472
1,9,50,0,0,40.6403
1,10,50,0,0,40.6346
1,11,50,0,2.115e-06,40.629
1,12,50,0,3.1725e-06,40.623
1,13,50,0,0,40.6168
1,14,50,0,8.4525e-06,40.6115
1,15,50,0,4.23e-06,40.6053
1,16,50,0,0,40.5984
1,17,50,0,0,40.5907
1,18,50,0,0,40.5829
1,19,50,0,0,40.5753
1,20,50,0,3.6225e-06,40.5684
1,21,50,0,0,40.5606
1,22,50,0,0,40.5534
1,23,50,0,0,40.547
1,24,50,0,0,40.541
1,25,50,0,0,40.5359
1,26,50,0,0,40.5307
1,27,50,0,0,40.5249
1,28,50,0,0,40.5187
1,29,50,0,0,40.5119
1,30,50,0,8.4525e-06,40.5052
1,31,50,0,0,40.498
1,32,50,0,0,40.4909
1,33,50,0,0,40.4848
1,34,50,0,0,40.4785
1,35,50,0,0,40.4727
1,36,50,0,0,40.4673
1,37,50,0,0,40.4622
1,38,50,0,0,40.4573
1,39,50,0,0,40.4529
1,40,50,0,0,40.4484
1,41,50,0,0,40.4438
1,42,50,0,0,40.4396
1,43,50,0,8.91e-06,40.436
1,44,50,0,0,40.431
1,45,50,0,0,40.426
1,46,50,0,0,40.4211
1,47,50,0,0,40.4165
1,48,50,0,0,40.4123
1,49,50,0,0,40.4092
1,50,50,0,8.4525e-06,40.4066
1,51,50,0,0,40.4034
1,52,50,0,0,40.4003
1,53,50,0,1.0575e-06,40.3978
1,54,50,0,0,40.3954
1,55,50,0,0,40.3932
1,56,50,0,0,40.3909
1,57,50,0,0,40.3889
1,58,50,0,0,40.3869
1,59,50,0,0,40.3856
1,60,50,0,0,40.3843
1,61,50,0,4.83e-06,40.3836
1,62,50,0,0,40.3828
1,63,50,0,0,40.3822
1,64,50,0,0,40.3822
1,65,50,0,0,40.3824
1,66,50,0,0,40.3826
1,67,50,0,0,40.3822
1,68,50,0,0,40.3819
1,69,50,0,0,40.3815
1,70,50,0,0,40.3815
1,71,50,0,0,40.3814
1,72,50,0,0,40.3815
1,73,50,0,0,40.381
1,74,50,0,3.1725e-06,40.3804
1,75,50,0,0,40.38
1,76,50,0,4.83e-06,40.3796
1,77,50,0,0,40.3794
1,78,50,0,2.415e-06,40.3799
1,79,50,0,4.23e-06,40.3797
1,80,50,0,0,40.3782
1,81,50,0,0,40.3768
1,82,50,0,0,40.3757
1,83,50,0,3.1725e-06,40.3753
1,84,50,0,7.4025e-06,40.3747
1,85,50,0,0,40.3745
1,86,50,0,8.4525e-06,40.3745
1,87,50,0,0,40.3737
1,88,50,0,0,40.3727
1,89,50,0,0,40.3717
1,90,50,0,0,40.3707
1,91,50,0,2.115e-06,40.3698
1,92,50,0,0,40.3691
1,93,50,0,0,40.3681
1,94,50,0,0,40.3668
1,95,50,0,0,40.3655
1,96,50,0,0,40.3647
1,97,50,0,0,40.3644
1,98,50,0,0,40.3634
1,99,50,0,3.1725e-06,40.3625
1,100,50,0,0,40.3617
1,101,50,0,0,40.3606
1,102,50,0,0,40.3601
1,103,50,0,0,40.3601
1,104,50,0,0,40.3598
1,105,50,0,0,40.3587
1,106,50,0,0,40.3577
1,107,50,0,0,40.3568
1,108,50,0,0,40.3558
1,109,50,0,0,40.3543
1,110,50,0,0,40.3522
1,111,50,0,0,40.3498
1,112,50,0,0,40.3473
1,113,50,0,0,40.3452
1,114,50,0,0,40.3438
1,115,50,0,0,40.3425
1,116,50,0,0,40.3415
1,117,50,0,0,40.3412
1,118,50,0,0,40.3416
1,119,50,0,0,40.3421
1,120,50,0,0,40.3427
1,121,50,0,7.4025e-06,40.3431
1,122,50,0,1.0575e-06,40.3426
1,123,50,0,0,40.3412
1,124,50,0,0,40.3389
1,125,50,0,0,40.3366
1,126,50,0,0,40.3349
1,127,50,0,8.4525e-06,40.3341
1,0,51,0,6.44119e-05,40.6782
1,1,51,0,0,40.6697
1,2,51,0,0,40.6616
1,3,51,0,0,40.654
1,4,51,0,0,40.647
1,5,51,0,0,40.6402
1,6,51,0,0,40.6334
1,7,51,0,0,40.6267
1,8,51,0,0,40.62
1,9,51,0,0,40.6136
1,10,51,0,0,40.6076
1,11,51,0,0,40.6019
1,12,51,0,0,40.596
1,13,51,0,0,40.5901
1,14,51,0,0,40.5843
1,15,51,0,0,40.5782
1,16,51,0,0,40.5717
1,17,51,0,0,40.5648
1,18,51,0,0,40.5578
1,19,51,0,0,40.5509
1,20,51,0,0,40.5442
1,21,51,0,0,40.5375
1,22,51,0,0,40.5311
1,23,51,0,0,40.5251
1,24,51,0,0,40.5194
1,25,51,0,0,40.5141
1,26,51,0,0,40.5089
1,27,51,0,0,40.5034
1,28,51,0,0,40.4976
1,29,51,0,0,40.4916
1,30,51,0,0,40.4855
1,31,51,0,0,40.4792
1,32,51,0,0,40.473
1,33,51,0,0,40.4672
1,34,51,0,0,40.4615
1,35,51,0,0,40.4561
1,36,51,0,0,40.451
1,37,51,0,0,40.4462
1,38,51,0,0,40.4416
1,39,51,0,0,40.4372
1,40,51,0,0,40.4329
1,41,51,0,0,40.4286
1,42,51,0,0,40.4246
1,43,51,0,0,40.4206
1,44,51,0,0,40.4163
1,45,51,0,0,40.4119
1,46,51,0,0,40.4076
1,47,51,0,0,40.4035
1,48,51,0,0,40.3998
1,49,51,0,0,40.3965
1,50,51,0,0,40.3935
1,51,51,0,0,40.3904
1,52,51,0,0,40.3875
1,53,51,0,0,40.3849
1,54,51,0,0,40.3825
1,55,51,0,0,40.3802
1,56,51,0,0,40.3781
1,57,51,0,0,40.3761
1,58,51,0,0,40.3743
1,59,51,0,0,40.3729
1,60,51,0,0,40.3717
1,61,51,0,0,40.3707
1,62,51,0,0,40.37
1,63,51,0,0,40.3695
1,64,51,0,0,40.3693
1,65,51,0,0,40.3692
1,66,51,0,0,40.3692
1,67,51,0,0,40.3689
1,68,51,0,0,40.3687
1,69,51,0,0,40.3684
1,70,51,0,0,40.3682
1,71,51,0,0,40.3681
1,72,51,0,0,40.3679
1,73,51,0,0,40.3675
1,74,51,0,0,40.3671
1,75,51,0,0,40.3666
1,76,51,0,0,40.3663
1,77,51,0,0,40.366
1,78,51,0,0,40.3658
1,79,51,0,0,40.3654
1,80,51,0,0,40.3646
1,81,51,0,0,40.3638
1,82,51,0,0,40.3631
1,83,51,0,0,40.3626
1,84,51,0,0,40.3622
1,85,51,0,0,40.3619
1,86,51,0,0,40.3615
1,87,51,0,0,40.3609
1,88,51,0,0,40.3601
1,89,51,0,0,40.3592
1,90,51,0,0,40.3584
1,91,51,0,0,40.3575
1,92,51,0,0,40.3567
1,93,51,0,0,40.3558
1,94,51,0,0,40.3548
1,95,51,0,0,40.3538
1,96,51,0,0,40.353
1,97,51,0,0,40.3524
1,98,51,0,0,40.3516
1,99,51,0,0,40.3508
1,100,51,0,0,40.35
1,101,51,0,0,40.3491
1,102,51,0,0,40.3485
1,103,51,0,0,40.348
1,104,51,0,0,40.3474
1,105,51,0,0,40.3466
1,106,51,0,0,40.3456
1,107,51,0,0,40.3446
1,108,51,0,0,40.3435
1,109,51,0,0,40.3422
1,110,51,0,0,40.3405
1,111,51,0,0,40.3387
1,112,51,0,0,40.3368
1,113,51,0,0,40.3352
1,114,51,0,0,40.3338
1,115,51,0,0,40.3327
1,116,51,0,0,40.3318
1,117,51,0,0,40.3314
1,118,51,0,0,40.3312
1,119,51,0,0,40.3313
1,120,51,0,0,40.3313
1,121,51,0,0,40.3311
1,122,51,0,0,40.3305
1,123,51,0,0,40.3293
1,124,51,0,0,40.3277
1,125,51,0,0,40.3261
1,126,51,0,0,40.3247
1,127,51,0,0,40.3237
1,0,52,0,6.44119e-05,40.6517
1,1,52,0,0,40.6431
1,2,52,0,0,40.6351
1,3,52,0,0,40.6277
1,4,52,0,0,40.6207
1,5,52,0,0,40.614
1,6,52,0,0,40.6075
1,7,52,0,0,40.6011
1,8,52,0,0,40.5948
1,9,52,0,0,40.5887
1,10,52,0,0,40.5828
1,11,52,0,0,40.577
1,12,52,0,0,40.5713
1,13,52,0,0,40.5655
1,14,52,0,0,40.5597
1,15,52,0,0,40.5537
1,16,52,0,0,40.5475
1,17,52,0,0,40.5411
1,18,52,0,0,40.5347
1,19,52,0,0,40.5283
1,20,52,0,0,40.5222
1,21,52,0,0,40.5161
1,22,52,0,0,40.5103
1,23,52,0,0,40.5047
1,24,52,0,0,40.4993
1,25,52,0,0,40.4942
1,26,52,0,0,40.4891
1,27,52,0,0,40.484
1,28,52,0,0,40.4787
1,29,52,0,0,40.4733
1,30,52,0,0,40.4677
1,31,52,0,0,40.4621
1,32,52,0,0,40.4565
1,33,52,0,0,40.4512
1,34,52,0,0,40.446
1,35,52,0,0,40.441
1,36,52,0,0,40.4362
1,37,52,0,0,40.4316
1,38,52,0,0,40.4272
1,39,52,0,0,40.423
1,40,52,0,0,40.4189
1,41,52,0,0,40.415
1,42,52,0,0,40.4111
1,43,52,0,0,40.4072
1,44,52,0,0,40.4033
1,45,52,0,0,40.3993
1,46,52,0,0,40.3955
1,47,52,0,0,40.3917
1,48,52,0,0,40.3883
1,49,52,0,0,40.385
1,50,52,0,0,40.3819
1,51,52,0,0,40.3789
1,52,52,0,0,40.376
1,53,52,0,0,40.3733
1,54,52,0,0,40.3709
1,55,52,0,0,40.3686
1,56,52,0,0,40.3665
1,57,52,0,0,40.3646
1,58,52,0,0,40.3628
1,59,52,0,0,40.3614
1,60,52,0,0,40.3601
1,61,52,0,0,40.3592
1,62,52,0,0,40.3584
1,63,52,0,0,40.3579
1,64,52,0,0,40.3576
1,65,52,0,0,40.3575
1,66,52,0,0,40.3573
1,67,52,0,0,40.3571
1,68,52,0,0,40.3569
1,69,52,0,0,40.3567
1,70,52,0,0,40.3565
1,71,52,0,0,40.3562
1,72,52,0,0,40.356
1,73,52,0,0,40.3556
1,74,52,0,0,40.3551
1,75,52,0,0,40.3547
1,76,52,0,0,40.3542
1,77,52,0,0,40.3538
1,78,52,0,0,40.3534
1,79,52,0,0,40.353
1,80,52,0,0,40.3525
1,81,52,0,0,40.3521
1,82,52,0,0,40.3517
1,83,52,0,0,40.3514
1,84,52,0,0,40.3511
1,85,52,0,0,40.3507
1,86,52,0,0,40.3503
1,87,52,0,0,40.3497
1,88,52,0,0,40.349
1,89,52,0,0,40.3482
1,90,52,0,0,40.3474
1,91,52,0,0,40.3466
1,92,52,0,0,40.3458
1,93,52,0,0,40.3449
1,94,52,0,0,40.3441
1,95,52,0,0,40.3433
1,96,52,0,0,40.3426
1,97,52,0,0,40.342
1,98,52,0,0,40.3412
1,99,52,0,0,40.3405
1,100,52,0,0,40.3397
1,101,52,0,0,40.3389
1,102,52,0,0,40.3381
1,103,52,0,0,40.3375
1,104,52,0,0,40.3367
1,105,52,0,0,40.3359
1,106,52,0,0,40.3349
1,107,52,0,0,40.3339
1,108,52,0,0,40.3329
1,109,52,0,0,40.3317
1,110,52,0,0,40.3303
1,111,52,0,0,40.3289
1,112,52,0,0,40.3275
1,113,52,0,0,40.3262
1,114,52,0,0,40.3249
1,115,52,0,0,40.3239
1,116,52,0,0,40.3231
1,117,52,0,0,40.3225
1,118,52,0,0,40.3221
1,119,52,0,0,40.3218
1,120,52,0,0,40.3214
1,121,52,0,0,40.321
1,122,52,0,0,40.3202
1,123,52,0,0,40.3192
1,124,52,0,0,40.3179
1,125,52,0,0,40.3166
1,126,52,0,0,40.3154
1,127,52,0,0,40.3145
1,0,53,0,6.44119e-05,40.6269
1,1,53,0,0,40.6184
1,2,53,0,0,40.6105
1,3,53,0,0,40.6032
1,4,53,0,0,40.5964
1,5,53,0,0,40.5899
1,6,53,0,0,40.5836
1,7,53,0,0,40.5776
1,8,53,0,0,40.5716
1,9,53,0,0,40.5657
1,10,53,0,0,40.5599
1,11,53,0,0,40.5543
1,12,53,0,0,40.5487
1,13,53,0,0,40.543
1,14,53,0,0,40.5373
1,15,53,0,0,40.5315
1,16,53,0,0,40.5255
1,17,53,0,0,40.5194
1,18,53,0,0,40.5134
1,19,53,0,0,40.5076
1,20,53,0,0,40.5019
1,21,53,0,0,40.4964
1,22,53,0,0,40.4911
1,23,53,0,0,40.4859
1,24,53,0,0,40.4809
1,25,53,0,0,40.4761
1,26,53,0,0,40.4713
1,27,53,0,0,40.4665
1,28,53,0,0,40.4617
1,29,53,0,0,40.4568
1,30,53,0,0,40.4518
1,31,53,0,0,40.4467
1,32,53,0,0,40.4416
1,33,53,0,0,40.4367
1,34,53,0,0,40.4319
1,35,53,0,0,40.4273
1,36,53,0,0,40.4228
1,37,53,0,0,40.4185
1,38,53,0,0,40.4143
1,39,53,0,0,40.4104
1,40,53,0,0,40.4065
1,41,53,0,0,40.4027
1,42,53,0,0,40.3991
1,43,53,0,0,40.3954
1,44,53,0,0,40.3918
1,45,53,0,0,40.3882
1,46,53,0,0,40.3846
1,47,53,0,0,40.3812
1,48,53,0,0,40.378
1,49,53,0,0,40.3748
1,50,53,0,0,40.3717
1,51,53,0,0,40.3686
1,52,53,0,0,40.3657
1,53,53,0,0,40.363
1,54,53,0,0,40.3605
1,55,53,0,0,40.3583
1,56,53,0,0,40.3562
1,57,53,0,0,40.3543
1,58,53,0,0,40.3525
1,59,53,0,0,40.351
1,60,53,0,0,40.3497
1,61,53,0,0,40.3487
1,62,53,0,0,40.348
1,63,53,0,0,40.3475
1,64,53,0,0,40.3472
1,65,53,0,0,40.3471
1,66,53,0,0,40.3469
1,67,53,0,0,40.3468
1,68,53,0,0,40.3466
1,69,53,0,0,40.3464
1,70,53,0,0,40.3461
1,71,53,0,0,40.3459
1,72,53,0,0,40.3455
1,73,53,0,0,40.3451
1,74,53,0,0,40.3446
1,75,53,0,0,40.3441
1,76,53,0,0,40.3435
1,77,53,0,0,40.343
1,78,53,0,0,40.3425
1,79,53,0,0,40.3421
1,80,53,0,0,40.3418
1,81,53,0,0,40.3417
1,82,53,0,0,40.3416
1,83,53,0,0,40.3416
1,84,53,0,0,40.3414
1,85,53,0,0,40.3411
1,86,53,0,0,40.3406
1,87,53,0,0,40.3399
1,88,53,0,0,40.3393
1,89,53,0,0,40.3386
1,90,53,0,0,40.3378
1,91,53,0,0,40.337
1,92,53,0,0,40.3362
1,93,53,0,0,40.3354
1,94,53,0,0,40.3347
1,95,53,0,0,40.3341
1,96,53,0,0,40.3336
1,97,53,0,0,40.333
1,98,53,0,0,40.3323
1,99,53,0,0,40.3315
1,100,53,0,0,40.3307
1,101,53,0,0,40.3299
1,102,53,0,0,40.3291
1,103,53,0,0,40.3283
1,104,53,0,0,40.3275
1,105,53,0,0,40.3266
1,106,53,0,0,40.3256
1,107,53,0,0,40.3246
1,108,53,0,0,40.3236
1,109,53,0,0,40.3226
1,110,53,0,0,40.3215
1,111,53,0,0,40.3205
1,112,53,0,0,40.3194
1,113,53,0,0,40.3183
1,114,53,0,0,40.3172
1,115,53,0,0,40.3162
1,116,53,0,0,40.3153
1,117,53,0,0,40.3146
1,118,53,0,0,40.3141
1,119,53,0,0,40.3136
1,120,53,0,0,40.313
1,121,53,0,0,40.3123
1,122,53,0,0,40.3115
1,123,53,0,0,40.3105
1,124,53,0,0,40.3094
1,125,53,0,0,40.3082
1,126,53,0,0,40.307
1,127,53,0,0,40.3061
1,0,54,0,6.44119e-05,40.6037
1,1,54,0,0,40.5953
1,2,54,0,0,40.5877
1,3,54,0,0,40.5807
1,4,54,0,0,40.5739
1,5,54,0,0,40.5677
1,6,54,0,0,40.5618
1,7,54,0,0,40.5561
1,8,54,0,0,40.5504
1,9,54,0,0,40.5447
1,10,54,0,0,40.539
1,11,54,0,0,40.5335
1,12,54,0,0,40.5281
1,13,54,0,0,40.5227
1,14,54,0,0,40.5171
1,15,54,0,0,40.5113
1,16,54,0,0,40.5055
1,17,54,0,0,40.4996
1,18,54,0,0,40.4939
1,19,54,0,0,40.4885
1,20,54,0,0,40.4833
1,21,54,0,0,40.4784
1,22,54,0,0,40.4736
1,23,54,0,0,40.4688
1,24,54,0,0,40.4641
1,25,54,0,0,40.4596
1,26,54,0,0,40.4552
1,27,54,0,0,40.4508
1,28,54,0,0,40.4464
1,29,54,0,0,40.4422
1,30,54,0,0,40.4377
1,31,54,0,0,40.4329
1,32,54,0,0,40.4281
1,33,54,0,0,40.4237
1,34,54,0,0,40.4194
1,35,54,0,0,40.4151
1,36,54,0,0,40.4108
1,37,54,0,0,40.4067
1,38,54,0,0,40.4029
1,39,54,0,0,40.3992
1,40,54,0,0,40.3955
1,41,54,0,0,40.392
1,42,54,0,0,40.3886
1,43,54,0,0,40.3852
1,44,54,0,0,40.3818
1,45,54,0,0,40.3784
1,46,54,0,0,40.3751
1,47,54,0,0,40.372
1,48,54,0,0,40.3691
1,49,54,0,0,40.366
1,50,54,0,0,40.3628
1,51,54,0,0,40.3596
1,52,54,0,0,40.3565
1,53,54,0,0,40.3538
1,54,54,0,0,40.3513
1,55,54,0,0,40.3492
1,56,54,0,0,40.3471
1,57,54,0,0,40.3451
1,58,54,0,0,40.3433
1,59,54,0,0,40.3417
1,60,54,0,0,40.3403
1,61,54,0,0,40.3393
1,62,54,0,0,40.3386
1,63,54,0,0,40.3383
1,64,54,0,0,40.3381
1,65,54,0,0,40.338
1,66,54,0,0,40.3379
1,67,54,0,0,40.3378
1,68,54,0,0,40.3377
1,69,54,0,0,40.3375
1,70,54,0,0,40.3372
1,71,54,0,0,40.3369
1,72,54,0,0,40.3365
1,73,54,0,0,40.336
1,74,54,0,0,40.3355
1,75,54,0,0,40.3349
1,76,54,0,0,40.3342
1,77,54,0,0,40.3335
1,78,54,0,0,40.3329
1,79,54,0,0,40.3324
1,80,54,0,0,40.3322
1,81,54,0,0,40.3326
1,82,54,0,0,40.3329
1,83,54,0,0,40.3332
1,84,54,0,0,40.3332
1,85,54,0,0,40.333
1,86,54,0,0,40.3323
1,87,54,0,0,40.3316
1,88,54,0,0,40.331
1,89,54,0,0,40.3304
1,90,54,0,0,40.3297
1,91,54,0,0,40.3289
1,92,54,0,0,40.3281
1,93,54,0,0,40.3272
1,94,54,0,0,40.3265
1,95,54,0,0,40.3261
1,96,54,0,0,40.326
1,97,54,0,0,40.3256
1,98,54,0,0,40.3247
1,99,54,0,0,40.3238
1,100,54,0,0,40.323
1,101,54,0,0,40.3222
1,102,54,0,0,40.3213
1,103,54,0,0,40.3206
1,104,54,0,0,40.3196
1,105,54,0,0,40.3186
1,106,54,0,0,40.3176
1,107,54,0,0,40.3166
1,108,54,0,0,40.3158
1,109,54,0,0,40.3149
1,110,54,0,0,40.314
1,111,54,0,0,40.3133
1,112,54,0,0,40.3126
1,113,54,0,0,40.3116
1,114,54,0,0,40.3106
1,115,54,0,0,40.3095
1,116,54,0,0,40.3086
1,117,54,0,0,40.3079
1,118,54,0,0,40.3073
1,119,54,0,0,40.3067
1,120,54,0,0,40.3059
1,121,54,0,0,40.305
1,122,54,0,0,40.3042
1,123,54,0,0,40.3032
1,124,54,0,0,40.3021
1,125,54,0,0,40.3009
1,126,54,0,0,40.2997
1,127,54,0,0,40.2985
1,0,55,0,6.44119e-05,40.5819
1,1,55,0,0,40.5739
1,2,55,0,0,40.5666
1,3,55,0,0,40.5599
1,4,55,0,0,40.5532
1,5,55,0,0,40.5472
1,6,55,0,0,40.542
1,7,55,0,0,40.5368
1,8,55,0,0,40.5312
1,9,55,0,0,40.5258
1,10,55,0,0,40.52
1,11,55,0,0,40.5147
1,12,55,0,0,40.5094
1,13,55,0,0,40.5045
1,14,55,0,0,40.4989
1,15,55,0,0,40.493
1,16,55,0,0,40.4873
1,17,55,0,0,40.4816
1,18,55,0,0,40.476
1,19,55,0,0,40.4709
1,20,55,0,0,40.4662
1,21,55,0,0,40.462
1,22,55,0,0,40.4578
1,23,55,0,0,40.4534
1,24,55,0,0,40.4489
1,25,55,0,0,40.4448
1,26,55,0,0,40.4408
1,27,55,0,0,40.4366
1,28,55,0,0,40.4328
1,29,55,0,0,40.4295
1,30,55,0,0,40.4255
1,31,55,0,0,40.4208
1,32,55,0,0,40.416
1,33,55,0,0,40.4121
1,34,55,0,0,40.4086
1,35,55,0,0,40.4045
1,36,55,0,0,40.4
1,37,55,0,0,40.3964
1,38,55,0,0,40.3928
1,39,55,0,0,40.3894
1,40,55,0,0,40.3858
1,41,55,0,0,40.3826
1,42,55,0,0,40.3795
1,43,55,0,0,40.3764
1,44,55,0,0,40.3731
1,45,55,0,0,40.3701
1,46,55,0,0,40.3669
1,47,55,0,0,40.3641
1,48,55,0,0,40.3618
1,49,55,0,0,40.3588
1,50,55,0,0,40.3553
1,51,55,0,0,40.3518
1,52,55,0,0,40.3485
1,53,55,0,0,40.3456
1,54,55,0,0,40.3432
1,55,55,0,0,40.3413
1,56,55,0,0,40.3393
1,57,55,0,0,40.3372
1,58,55,0,0,40.3353
1,59,55,0,0,40.3333
1,60,55,0,0,40.332
1,61,55,0,0,40.331
1,62,55,0,0,40.3303
1,63,55,0,0,40.3301
1,64,55,0,0,40.3301
1,65,55,0,0,40.3302
1,66,55,0,0,40.3302
1,67,55,0,0,40.3302
1,68,55,0,0,40.3301
1,69,55,0,0,40.3299
1,70,55,0,0,40.3297
1,71,55,0,0,40.3293
1,72,55,0,0,40.3288
1,73,55,0,0,40.3283
1,74,55,0,0,40.3278
1,75,55,0,0,40.3271
1,76,55,0,0,40.3262
1,77,55,0,0,40.3252
1,78,55,0,0,40.3246
1,79,55,0,0,40.3235
1,80,55,0,0,40.3236
1,81,55,0,0,40.3247
1,82,55,0,0,40.3256
1,83,55,0,0,40.3264
1,84,55,0,0,40.3267
1,85,55,0,0,40.3265
1,86,55,0,0,40.3256
1,87,55,0,0,40.3244
1,88,55,0,0,40.3239
1,89,55,0,0,40.3238
1,90,55,0,0,40.3228
1,91,55,0,0,40.322
1,92,55,0,0,40.3212
1,93,55,0,0,40.3202
1,94,55,0,0,40.3193
1,95,55,0,0,40.3191
1,96,55,0,0,40.3199
1,97,55,0,0,40.3198
1,98,55,0,0,40.3186
1,99,55,0,0,40.3172
1,100,55,0,0,40.3167
1,101,55,0,0,40.3158
1,102,55,0,0,40.3148
1,103,55,0,0,40.3143
1,104,55,0,0,40.3129
1,105,55,0,0,40.312
1,106,55,0,0,40.3108
1,107,55,0,0,40.3097
1,108,55,0,0,40.3092
1,109,55,0,0,40.3084
1,110,55,0,0,40.3076
1,111,55,0,0,40.3074
1,112,55,0,0,40.3072
1,113,55,0,0,40.3062
1,114,55,0,0,40.3054
1,115,55,0,0,40.304
1,116,55,0,0,40.3029
1,117,55,0,0,40.3022
1,118,55,0,0,40.3018
1,119,55,0,0,40.3011
1,120,55,0,0,40.3001
1,121,55,0,0,40.299
1,122,55,0,0,40.2981
1,123,55,0,0,40.2971
1,124,55,0,0,40.2963
1,125,55,0,0,40.2947
1,126,55,0,0,40.2935
1,127,55,0,0,40.2917
1,0,56,0,0.000127232,40.562
1,1,56,0,3.384e-05,40.5538
1,2,56,0,4.47e-05,40.5472
1,3,56,0,6.59925e-05,40.5414
1,4,56,0,3.504e-05,40.5339
1,5,56,0,2.538e-05,40.528
1,6,56,0,5.076e-05,40.5241
1,7,56,0,7.128e-05,40.52
1,8,56,0,3.744e-05,40.5138
1,9,56,0,6.78225e-05,40.5093
1,10,56,0,2.778e-05,40.5024
1,11,56,0,5.499e-05,40.4978
1,12,56,0,3.384e-05,40.4923
1,13,56,0,6.888e-05,40.4887
1,14,56,0,5.75325e-05,40.483
1,15,56,0,3.384e-05,40.4764
1,16,56,0,4.47e-05,40.4711
1,17,56,0,3.60975e-05,40.4653
1,18,56,0,8.46e-06,40.4592
1,19,56,0,3.744e-05,40.4549
1,20,56,0,1.932e-05,40.4503
1,21,56,0,2.778e-05,40.4473
1,22,56,0,2.76375e-05,40.4439
1,23,56,0,2.778e-05,40.4398
1,24,56,0,1.692e-05,40.4348
1,25,56,0,4.66725e-05,40.4317
1,26,56,0,6.138e-05,40.4283
1,27,56,0,4.35e-05,40.4238
1,28,56,0,2.658e-05,40.4202
1,29,56,0,7.431e-05,40.4193
1,30,56,0,7.3395e-05,40.4156
1,31,56,0,6.162e-05,40.4103
1,32,56,0,1.812e-05,40.4044
1,33,56,0,3.384e-05,40.4017
1,34,56,0,5.316e-05,40.3998
1,35,56,0,5.316e-05,40.3958
1,36,56,0,4.83e-06,40.3898
1,37,56,0,4.35e-05,40.3876
1,38,56,0,3.624e-05,40.3839
1,39,56,0,6.522e-05,40.3814
1,40,56,0,4.47e-05,40.3773
1,41,56,0,5.33025e-05,40.3745
1,42,56,0,6.042e-05,40.3721
1,43,56,0,5.316e-05,40.3693
1,44,56,0,4.077e-05,40.3657
1,45,56,0,5.316e-05,40.3633
1,46,56,0,4.59e-05,40.3598
1,47,56,0,2.9895e-05,40.3569
1,48,56,0,8.7e-05,40.3567
1,49,56,0,7.128e-05,40.3537
1,50,56,0,3.726e-05,40.3491
1,51,56,0,4.23e-05,40.345
1,52,56,0,3.63825e-05,40.3415
1,53,56,0,3.504e-05,40.3383
1,54,56,0,2.778e-05,40.336
1,55,56,0,4.59e-05,40.3349
1,56,56,0,4.47e-05,40.3327
1,57,56,0,3.624e-05,40.3304
1,58,56,0,4.773e-05,40.3286
1,59,56,0,2.658e-05,40.3258
1,60,56,0,3.384e-05,40.3245
1,61,56,0,2.778e-05,40.3236
1,62,56,0,2.4165e-05,40.3227
1,63,56,0,4.4415e-05,40.3231
1,64,56,0,4.99875e-05,40.3235
1,65,56,0,3.744e-05,40.3237
1,66,56,0,3.384e-05,40.3237
1,67,56,0,3.9375e-05,40.3239
1,68,56,0,4.47e-05,40.3241
1,69,56,0,3.504e-05,40.3237
1,70,56,0,5.076e-05,40.3238
1,71,56,0,4.2585e-05,40.323
1,72,56,0,3.744e-05,40.3226
1,73,56,0,2.7495e-05,40.3219
1,74,56,0,4.35e-05,40.3217
1,75,56,0,3.384e-05,40.3207
1,76,56,0,4.167e-05,40.3197
1,77,56,0,9.66e-06,40.3177
1,78,56,0,5.316e-05,40.3179
1,79,56,0,0,40.3148
1,80,56,0,8.46e-06,40.3152
1,81,56,0,5.778e-05,40.3183
1,82,56,0,3.927e-05,40.3196
1,83,56,0,7.128e-05,40.3216
1,84,56,0,6.162e-05,40.3218
1,85,56,0,8.094e-05,40.3223
1,86,56,0,5.63325e-05,40.3204
1,87,56,0,1.812e-05,40.3177
1,88,56,0,3.3825e-05,40.3178
1,89,56,0,8.094e-05,40.3195
1,90,56,0,1.812e-05,40.3171
1,91,56,0,2.778e-05,40.3163
1,92,56,0,3.624e-05,40.316
1,93,56,0,4.35e-05,40.3143
1,94,56,0,2.658e-05,40.3126
1,95,56,0,8.46e-06,40.3124
1,96,56,0,8.094e-05,40.3161
1,97,56,0,7.248e-05,40.3163
1,98,56,0,4.35e-05,40.3141
1,99,56,0,1.812e-05,40.3112
1,100,56,0,7.248e-05,40.3118
1,101,56,0,6.16125e-05,40.3109
1,102,56,0,1.812e-05,40.309
1,103,56,0,8.6085e-05,40.3102
1,104,56,0,2.22075e-05,40.307
1,105,56,0,6.522e-05,40.3069
1,106,56,0,4.59e-05,40.3051
1,107,56,0,1.692e-05,40.3035
1,108,56,0,6.042e-05,40.3042
1,109,56,0,4.47e-05,40.3032
1,110,56,0,1.812e-05,40.3019
1,111,56,0,3.504e-05,40.3027
1,112,56,0,7.008e-05,40.3041
1,113,56,0,1.812e-05,40.3017
1,114,56,0,6.162e-05,40.3022
1,115,56,0,3.744e-05,40.2993
1,116,56,0,3.744e-05,40.298
1,117,56,0,3.504e-05,40.2976
1,118,56,0,5.196e-05,40.298
1,119,56,0,4.71225e-05,40.2969
1,120,56,0,6.162e-05,40.2957
1,121,56,0,3.504e-05,40.2939
1,122,56,0,6.162e-05,40.2936
1,123,56,0,2.658e-05,40.2918
1,124,56,0,7.854e-05,40.2925
1,125,56,0,1.812e-05,40.2893
1,126,56,0,6.282e-05,40.2891
1,127,56,0,3.744e-05,40.2859
1,0,57,0,9.21919e-05,40.5363
1,1,57,0,2.778e-05,40.5289
1,2,57,0,2.538e-05,40.5219
1,3,57,0,2.46075e-05,40.5156
1,4,57,0,2.00925e-05,40.5094
1,5,57,0,4.35e-05,40.5048
1,6,57,0,2.8695e-05,40.4999
1,7,57,0,4.35e-05,40.4957
1,8,57,0,3.504e-05,40.4905
1,9,57,0,5.42175e-05,40.4861
1,10,57,0,3.504e-05,40.4799
1,11,57,0,3.081e-05,40.4745
1,12,57,0,2.778e-05,40.4696
1,13,57,0,4.23e-05,40.4657
1,14,57,0,4.03275e-05,40.4606
1,15,57,0,2.658e-05,40.4546
1,16,57,0,3.384e-05,40.4498
1,17,57,0,3.51825e-05,40.445
1,18,57,0,6.282e-05,40.4409
1,19,57,0,9.66e-06,40.4347
1,20,57,0,2.658e-05,40.4315
1,21,57,0,5.43675e-05,40.43
1,22,57,0,7.74825e-05,40.428
1,23,57,0,8.63325e-05,40.4243
1,24,57,0,3.624e-05,40.4177
1,25,57,0,3.42675e-05,40.4129
1,26,57,0,1.692e-05,40.4083
1,27,57,0,1.812e-05,40.4046
1,28,57,0,2.778e-05,40.4022
1,29,57,0,6.585e-05,40.4013
1,30,57,0,4.2585e-05,40.3971
1,31,57,0,1.812e-05,40.3918
1,32,57,0,2.778e-05,40.3883
1,33,57,0,4.47e-05,40.3866
1,34,57,0,8.82e-05,40.386
1,35,57,0,7.36725e-05,40.3821
1,36,57,0,3.021e-05,40.3764
1,37,57,0,8.58e-05,40.3747
1,38,57,0,3.83475e-05,40.3696
1,39,57,0,3.624e-05,40.3657
1,40,57,0,2.658e-05,40.3617
1,41,57,0,2.88375e-05,40.3588
1,42,57,0,2.538e-05,40.3565
1,43,57,0,7.128e-05,40.3557
1,44,57,0,3.171e-05,40.3519
1,45,57,0,7.248e-05,40.3503
1,46,57,0,2.658e-05,40.3459
1,47,57,0,4.2585e-05,40.3436
1,48,57,0,3.384e-05,40.3416
1,49,57,0,4.33575e-05,40.3398
1,50,57,0,7.974e-05,40.3376
1,51,57,0,2.1735e-05,40.3322
1,52,57,0,5.30175e-05,40.3295
1,53,57,0,1.812e-05,40.3256
1,54,57,0,4.35e-05,40.3243
1,55,57,0,6.162e-05,40.3233
1,56,57,0,3.384e-05,40.3204
1,57,57,0,4.47e-05,40.3185
1,58,57,0,4.047e-05,40.3163
1,59,57,0,2.658e-05,40.3136
1,60,57,0,1.812e-05,40.3122
1,61,57,0,6.768e-05,40.3131
1,62,57,0,2.88525e-05,40.3111
1,63,57,0,2.3265e-05,40.3102
1,64,57,0,1.16325e-05,40.3102
1,65,57,0,6.042e-05,40.3125
1,66,57,0,5.922e-05,40.313
1,67,57,0,4.3785e-05,40.3125
1,68,57,0,4.47e-05,40.3126
1,69,57,0,5.4375e-05,40.3127
1,70,57,0,3.7455e-05,40.3116
1,71,57,0,1.9035e-05,40.3105
1,72,57,0,5.9505e-05,40.3119
1,73,57,0,6.222e-05,40.3118
1,74,57,0,4.35e-05,40.3105
1,75,57,0,6.162e-05,40.3102
1,76,57,0,4.269e-05,40.3086
1,77,57,0,5.436e-05,40.3078
1,78,57,0,6.162e-05,40.3071
1,79,57,0,1.812e-05,40.304
1,80,57,0,2.538e-05,40.304
1,81,57,0,2.89875e-05,40.3056
1,82,57,0,5.75325e-05,40.3078
1,83,57,0,4.23e-05,40.3082
1,84,57,0,2.658e-05,40.3078
1,85,57,0,4.59e-05,40.3085
1,86,57,0,4.87875e-05,40.308
1,87,57,0,4.47e-05,40.3067
1,88,57,0,2.8995e-05,40.306
1,89,57,0,4.71e-05,40.3072
1,90,57,0,8.094e-05,40.3081
1,91,57,0,4.78725e-05,40.3068
1,92,57,0,0.000110063,40.3076
1,93,57,0,1.0575e-05,40.3025
1,94,57,0,2.658e-05,40.3013
1,95,57,0,3.02025e-05,40.3017
1,96,57,0,5.133e-05,40.3039
1,97,57,0,6.162e-05,40.3048
1,98,57,0,8.4885e-05,40.3042
1,99,57,0,2.538e-05,40.2999
1,100,57,0,4.83e-06,40.2979
1,101,57,0,3.62475e-05,40.2983
1,102,57,0,4.6965e-05,40.2983
1,103,57,0,4.8015e-05,40.2977
1,104,57,0,3.94125e-05,40.2957
1,105,57,0,2.43225e-05,40.294
1,106,57,0,2.658e-05,40.2931
1,107,57,0,5.556e-05,40.2933
1,108,57,0,3.384e-05,40.2924
1,109,57,0,3.624e-05,40.292
1,110,57,0,5.196e-05,40.2924
1,111,57,0,4.47e-05,40.2928
1,112,57,0,8.214e-05,40.2944
1,113,57,0,4.71e-05,40.2928
1,114,57,0,0.0001047,40.2934
1,115,57,0,8.46e-06,40.2881
1,116,57,0,3.384e-05,40.2873
1,117,57,0,4.47e-05,40.2875
1,118,57,0,7.02225e-05,40.2882
1,119,57,0,5.91975e-05,40.2865
1,120,57,0,8.46e-06,40.2832
1,121,57,0,3.846e-05,40.2826
1,122,57,0,2.898e-05,40.2816
1,123,57,0,3.624e-05,40.281
1,124,57,0,4.59e-05,40.2808
1,125,57,0,3.504e-05,40.2792
1,126,57,0,5.922e-05,40.2786
1,127,57,0,3.624e-05,40.2755
1,0,58,0,6.44119e-05,40.5086
1,1,58,0,0,40.5009
1,2,58,0,0,40.4939
1,3,58,0,0,40.4877
1,4,58,0,5.2875e-06,40.4821
1,5,58,0,0,40.4768
1,6,58,0,6.345e-06,40.4721
1,7,58,0,0,40.4673
1,8,58,0,0,40.4624
1,9,58,0,0,40.4577
1,10,58,0,0,40.4526
1,11,58,0,0,40.4477
1,12,58,0,0,40.443
1,13,58,0,0,40.4387
1,14,58,0,0,40.434
1,15,58,0,0,40.4291
1,16,58,0,0,40.4246
1,17,58,0,0,40.4202
1,18,58,0,0,40.416
1,19,58,0,0,40.4116
1,20,58,0,0,40.4083
1,21,58,0,8.4525e-06,40.4059
1,22,58,0,0,40.4027
1,23,58,0,5.2875e-06,40.3992
1,24,58,0,0,40.3944
1,25,58,0,0,40.3901
1,26,58,0,0,40.3861
1,27,58,0,0,40.3826
1,28,58,0,0,40.3798
1,29,58,0,0,40.3774
1,30,58,0,0,40.374
1,31,58,0,0,40.3703
1,32,58,0,0,40.3671
1,33,58,0,0,40.3647
1,34,58,0,0,40.3626
1,35,58,0,1.2075e-06,40.3594
1,36,58,0,0,40.3557
1,37,58,0,0,40.3527
1,38,58,0,7.5525e-06,40.3492
1,39,58,0,0,40.3455
1,40,58,0,0,40.3421
1,41,58,0,0,40.3392
1,42,58,0,0,40.3368
1,43,58,0,0,40.3348
1,44,58,0,0,40.3321
1,45,58,0,0,40.3297
1,46,58,0,0,40.3268
1,47,58,0,0,40.3244
1,48,58,0,0,40.3223
1,49,58,0,7.4025e-06,40.3204
1,50,58,0,0,40.3177
1,51,58,0,7.245e-06,40.3145
1,52,58,0,0,40.3114
1,53,58,0,0,40.3086
1,54,58,0,0,40.3066
1,55,58,0,0,40.3049
1,56,58,0,0,40.3028
1,57,58,0,0,40.3009
1,58,58,0,0,40.299
1,59,58,0,0,40.2972
1,60,58,0,0,40.296
1,61,58,0,0,40.2955
1,62,58,0,7.4025e-06,40.2948
1,63,58,0,0,40.2939
1,64,58,0,0,40.2938
1,65,58,0,0,40.2944
1,66,58,0,0,40.2947
1,67,58,0,0,40.2947
1,68,58,0,0,40.2948
1,69,58,0,1.6905e-05,40.2954
1,70,58,0,7.245e-06,40.2946
1,71,58,0,0,40.2938
1,72,58,0,1.0575e-05,40.2942
1,73,58,0,6.945e-06,40.2938
1,74,58,0,0,40.2927
1,75,58,0,0,40.2919
1,76,58,0,0,40.291
1,77,58,0,0,40.2903
1,78,58,0,8.46e-06,40.2898
1,79,58,0,0,40.2883
1,80,58,0,0,40.2881
1,81,58,0,8.4525e-06,40.289
1,82,58,0,1.0575e-06,40.2896
1,83,58,0,0,40.2898
1,84,58,0,0,40.2898
1,85,58,0,0,40.2898
1,86,58,0,0,40.2895
1,87,58,0,0,40.289
1,88,58,0,0,40.2887
1,89,58,0,0,40.2889
1,90,58,0,0,40.2891
1,91,58,0,5.2875e-06,40.2888
1,92,58,0,1.0575e-06,40.2882
1,93,58,0,6.345e-06,40.2865
1,94,58,0,0,40.2853
1,95,58,0,6.0375e-06,40.2855
1,96,58,0,4.23e-06,40.2859
1,97,58,0,0,40.2859
1,98,58,0,1.0575e-05,40.2855
1,99,58,0,0,40.2833
1,100,58,0,4.83e-06,40.2821
1,101,58,0,0,40.2815
1,102,58,0,1.5855e-05,40.2815
1,103,58,0,0,40.2802
1,104,58,0,0,40.2788
1,105,58,0,1.0575e-06,40.2776
1,106,58,0,0,40.2767
1,107,58,0,0,40.2763
1,108,58,0,0,40.2758
1,109,58,0,0,40.2755
1,110,58,0,0,40.2754
1,111,58,0,0,40.2756
1,112,58,0,0,40.2758
1,113,58,0,0,40.2751
1,114,58,0,0,40.2744
1,115,58,0,0,40.2724
1,116,58,0,0,40.2713
1,117,58,0,0,40.2708
1,118,58,0,1.0575e-06,40.2704
1,119,58,0,0,40.2692
1,120,58,0,0,40.2676
1,121,58,0,0,40.2665
1,122,58,0,0,40.2657
1,123,58,0,0,40.2649
1,124,58,0,0,40.2643
1,125,58,0,0,40.2632
1,126,58,0,0,40.2622
1,127,58,0,0,40.2606
1,0,59,0,6.44119e-05,40.4821
1,1,59,0,0,40.4742
1,2,59,0,0,40.4672
1,3,59,0,0,40.4609
1,4,59,0,0,40.4553
1,5,59,0,0,40.4501
1,6,59,0,0,40.4453
1,7,59,0,0,40.4406
1,8,59,0,0,40.4359
1,9,59,0,0,40.4314
1,10,59,0,0,40.4268
1,11,59,0,0,40.4223
1,12,59,0,0,40.4179
1,13,59,0,0,40.4136
1,14,59,0,0,40.4093
1,15,59,0,0,40.405
1,16,59,0,0,40.4007
1,17,59,0,0,40.3967
1,18,59,0,0,40.3928
1,19,59,0,0,40.389
1,20,59,0,0,40.3856
1,21,59,0,0,40.3826
1,22,59,0,0,40.3794
1,23,59,0,0,40.376
1,24,59,0,0,40.3721
1,25,59,0,0,40.3683
1,26,59,0,0,40.3648
1,27,59,0,0,40.3615
1,28,59,0,0,40.3586
1,29,59,0,0,40.3557
1,30,59,0,0,40.3527
1,31,59,0,0,40.3496
1,32,59,0,0,40.3467
1,33,59,0,0,40.344
1,34,59,0,0,40.3415
1,35,59,0,0,40.3386
1,36,59,0,0,40.3355
1,37,59,0,0,40.3325
1,38,59,0,0,40.3294
1,39,59,0,0,40.3262
1,40,59,0,0,40.3232
1,41,59,0,0,40.3205
1,42,59,0,0,40.318
1,43,59,0,0,40.3157
1,44,59,0,0,40.3133
1,45,59,0,0,40.311
1,46,59,0,0,40.3085
1,47,59,0,0,40.3062
1,48,59,0,0,40.304
1,49,59,0,0,40.3019
1,50,59,0,0,40.2995
1,51,59,0,0,40.2968
1,52,59,0,0,40.2943
1,53,59,0,0,40.2919
1,54,59,0,0,40.2898
1,55,59,0,0,40.288
1,56,59,0,0,40.2861
1,57,59,0,0,40.2844
1,58,59,0,0,40.2828
1,59,59,0,0,40.2813
1,60,59,0,0,40.2802
1,61,59,0,0,40.2794
1,62,59,0,0,40.2787
1,63,59,0,0,40.2781
1,64,59,0,0,40.2778
1,65,59,0,0,40.2778
1,66,59,0,0,40.2779
1,67,59,0,0,40.2779
1,68,59,0,0,40.2779
1,69,59,0,0,40.2779
1,70,59,0,0,40.2775
1,71,59,0,0,40.277
1,72,59,0,0,40.2768
1,73,59,0,0,40.2764
1,74,59,0,0,40.2757
1,75,59,0,0,40.2751
1,76,59,0,0,40.2743
1,77,59,0,0,40.2737
1,78,59,0,0,40.2731
1,79,59,0,0,40.2724
1,80,59,0,0,40.2722
1,81,59,0,0,40.2724
1,82,59,0,0,40.2727
1,83,59,0,0,40.2728
1,84,59,0,0,40.2728
1,85,59,0,0,40.2727
1,86,59,0,0,40.2725
1,87,59,0,0,40.2722
1,88,59,0,0,40.272
1,89,59,0,0,40.2719
1,90,59,0,0,40.2718
1,91,59,0,0,40.2714
1,92,59,0,0,40.2709
1,93,59,0,0,40.27
1,94,59,0,0,40.2693
1,95,59,0,0,40.269
1,96,59,0,0,40.2689
1,97,59,0,0,40.2686
1,98,59,0,0,40.268
1,99,59,0,0,40.2669
1,100,59,0,0,40.2659
1,101,59,0,0,40.2652
1,102,59,0,0,40.2647
1,103,59,0,0,40.2637
1,104,59,0,0,40.2627
1,105,59,0,0,40.2618
1,106,59,0,0,40.2611
1,107,59,0,0,40.2605
1,108,59,0,0,40.2601
1,109,59,0,0,40.2597
1,110,59,0,0,40.2595
1,111,59,0,0,40.2593
1,112,59,0,0,40.2591
1,113,59,0,0,40.2586
1,114,59,0,0,40.2578
1,115,59,0,0,40.2567
1,116,59,0,0,40.2558
1,117,59,0,0,40.2551
1,118,59,0,0,40.2544
1,119,59,0,0,40.2535
1,120,59,0,0,40.2524
1,121,59,0,0,40.2514
1,122,59,0,0,40.2506
1,123,59,0,0,40.2499
1,124,59,0,0,40.2492
1,125,59,0,0,40.2484
1,126,59,0,0,40.2475
1,127,59,0,0,40.2466
1,0,60,0,6.44119e-05,40.4563
1,1,60,0,0,40.4483
1,2,60,0,0,40.4414
1,3,60,0,0,40.4353
1,4,60,0,0,40.4297
1,5,60,0,0,40.4247
1,6,60,0,0,40.42
1,7,60,0,0,40.4154
1,8,60,0,0,40.411
1,9,60,0,0,40.4067
1,10,60,0,0,40.4025
1,11,60,0,0,40.3983
1,12,60,0,0,40.3942
1,13,60,0,0,40.3901
1,14,60,0,0,40.3861
1,15,60,0,0,40.3821
1,16,60,0,0,40.3783
1,17,60,0,0,40.3745
1,18,60,0,0,40.3708
1,19,60,0,0,40.3673
1,20,60,0,0,40.3641
1,21,60,0,0,40.3609
1,22,60,0,0,40.3578
1,23,60,0,0,40.3545
1,24,60,0,0,40.3511
1,25,60,0,0,40.3477
1,26,60,0,0,40.3445
1,27,60,0,0,40.3414
1,28,60,0,0,40.3385
1,29,60,0,0,40.3357
1,30,60,0,0,40.3328
1,31,60,0,0,40.33
1,32,60,0,0,40.3272
1,33,60,0,0,40.3246
1,34,60,0,0,40.322
1,35,60,0,0,40.3192
1,36,60,0,0,40.3164
1,37,60,0,0,40.3136
1,38,60,0,0,40.3108
1,39,60,0,0,40.308
1,40,60,0,0,40.3052
1,41,60,0,0,40.3027
1,42,60,0,0,40.3003
1,43,60,0,0,40.298
1,44,60,0,0,40.2957
1,45,60,0,0,40.2935
1,46,60,0,0,40.2912
1,47,60,0,0,40.289
1,48,60,0,0,40.2869
1,49,60,0,0,40.2848
1,50,60,0,0,40.2825
1,51,60,0,0,40.2803
1,52,60,0,0,40.278
1,53,60,0,0,40.2759
1,54,60,0,0,40.274
1,55,60,0,0,40.2722
1,56,60,0,0,40.2705
1,57,60,0,0,40.2689
1,58,60,0,0,40.2674
1,59,60,0,0,40.2661
1,60,60,0,0,40.2651
1,61,60,0,0,40.2642
1,62,60,0,0,40.2635
1,63,60,0,0,40.2629
1,64,60,0,0,40.2625
1,65,60,0,0,40.2623
1,66,60,0,0,40.2622
1,67,60,0,0,40.2621
1,68,60,0,0,40.2619
1,69,60,0,0,40.2618
1,70,60,0,0,40.2615
1,71,60,0,0,40.2611
1,72,60,0,0,40.2608
1,73,60,0,0,40.2604
1,74,60,0,0,40.2598
1,75,60,0,0,40.2593
1,76,60,0,0,40.2587
1,77,60,0,0,40.2581
1,78,60,0,0,40.2576
1,79,60,0,0,40.2572
1,80,60,0,0,40.257
1,81,60,0,0,40.2569
1,82,60,0,0,40.257
1,83,60,0,0,40.257
1,84,60,0,0,40.2569
1,85,60,0,0,40.2568
1,86,60,0,0,40.2566
1,87,60,0,0,40.2564
1,88,60,0,0,40.2562
1,89,60,0,0,40.256
1,90,60,0,0,40.2557
1,91,60,0,0,40.2554
1,92,60,0,0,40.2549
1,93,60,0,0,40.2543
1,94,60,0,0,40.2538
1,95,60,0,0,40.2534
1,96,60,0,0,40.2531
1,97,60,0,0,40.2527
1,98,60,0,0,40.2521
1,99,60,0,0,40.2513
1,100,60,0,0,40.2506
1,101,60,0,0,40.2499
1,102,60,0,0,40.2492
1,103,60,0,0,40.2484
1,104,60,0,0,40.2476
1,105,60,0,0,40.2469
1,106,60,0,0,40.2462
1,107,60,0,0,40.2457
1,108,60,0,0,40.2452
1,109,60,0,0,40.2448
1,110,60,0,0,40.2445
1,111,60,0,0,40.2442
1,112,60,0,0,40.2438
1,113,60,0,0,40.2433
1,114,60,0,0,40.2427
1,115,60,0,0,40.2419
1,116,60,0,0,40.2411
1,117,60,0,0,40.2404
1,118,60,0,0,40.2397
1,119,60,0,0,40.2389
1,120,60,0,0,40.238
1,121,60,0,0,40.2372
1,122,60,0,0,40.2365
1,123,60,0,0,40.2358
1,124,60,0,0,40.2351
1,125,60,0,0,40.2345
1,126,60,0,0,40.2338
1,127,60,0,0,40.2332
1,0,61,0,6.44119e-05,40.431
1,1,61,0,0,40.4232
1,2,61,0,0,40.4165
1,3,61,0,0,40.4106
1,4,61,0,0,40.4054
1,5,61,0,0,40.4005
1,6,61,0,0,40.396
1,7,61,0,0,40.3917
1,8,61,0,0,40.3875
1,9,61,0,0,40.3835
1,10,61,0,0,40.3795
1,11,61,0,0,40.3756
1,12,61,0,0,40.3718
1,13,61,0,0,40.368
1,14,61,0,0,40.3643
1,15,61,0,0,40.3606
1,16,61,0,0,40.357
1,17,61,0,0,40.3535
1,18,61,0,0,40.3501
1,19,61,0,0,40.3468
1,20,61,0,0,40.3437
1,21,61,0,0,40.3406
1,22,61,0,0,40.3376
1,23,61,0,0,40.3345
1,24,61,0,0,40.3314
1,25,61,0,0,40.3283
1,26,61,0,0,40.3253
1,27,61,0,0,40.3224
1,28,61,0,0,40.3196
1,29,61,0,0,40.3168
1,30,61,0,0,40.3141
1,31,61,0,0,40.3115
1,32,61,0,0,40.3089
1,33,61,0,0,40.3063
1,34,61,0,0,40.3037
1,35,61,0,0,40.3012
1,36,61,0,0,40.2986
1,37,61,0,0,40.296
1,38,61,0,0,40.2934
1,39,61,0,0,40.2908
1,40,61,0,0,40.2883
1,41,61,0,0,40.2859
1,42,61,0,0,40.2836
1,43,61,0,0,40.2814
1,44,61,0,0,40.2792
1,45,61,0,0,40.277
1,46,61,0,0,40.2749
1,47,61,0,0,40.2728
1,48,61,0,0,40.2708
1,49,61,0,0,40.2688
1,50,61,0,0,40.2667
1,51,61,0,0,40.2647
1,52,61,0,0,40.2627
1,53,61,0,0,40.2608
1,54,61,0,0,40.259
1,55,61,0,0,40.2573
1,56,61,0,0,40.2557
1,57,61,0,0,40.2543
1,58,61,0,0,40.2529
1,59,61,0,0,40.2517
1,60,61,0,0,40.2507
1,61,61,0,0,40.2499
1,62,61,0,0,40.2491
1,63,61,0,0,40.2485
1,64,61,0,0,40.2481
1,65,61,0,0,40.2478
1,66,61,0,0,40.2475
1,67,61,0,0,40.2473
1,68,61,0,0,40.2471
1,69,61,0,0,40.2468
1,70,61,0,0,40.2465
1,71,61,0,0,40.2462
1,72,61,0,0,40.2458
1,73,61,0,0,40.2454
1,74,61,0,0,40.2449
1,75,61,0,0,40.2445
1,76,61,0,0,40.244
1,77,61,0,0,40.2435
1,78,61,0,0,40.2431
1,79,61,0,0,40.2427
1,80,61,0,0,40.2425
1,81,61,0,0,40.2423
1,82,61,0,0,40.2423
1,83,61,0,0,40.2422
1,84,61,0,0,40.2421
1,85,61,0,0,40.2419
1,86,61,0,0,40.2417
1,87,61,0,0,40.2415
1,88,61,0,0,40.2413
1,89,61,0,0,40.2411
1,90,61,0,0,40.2408
1,91,61,0,0,40.2405
1,92,61,0,0,40.2401
1,93,61,0,0,40.2396
1,94,61,0,0,40.2391
1,95,61,0,0,40.2387
1,96,61,0,0,40.2383
1,97,61,0,0,40.2379
1,98,61,0,0,40.2373
1,99,61,0,0,40.2367
1,100,61,0,0,40.2361
1,101,61,0,0,40.2354
1,102,61,0,0,40.2348
1,103,61,0,0,40.2341
1,104,61,0,0,40.2335
1,105,61,0,0,40.2328
1,106,61,0,0,40.2322
1,107,61,0,0,40.2317
1,108,61,0,0,40.2312
1,109,61,0,0,40.2308
1,110,61,0,0,40.2304
1,111,61,0,0,40.2301
1,112,61,0,0,40.2297
1,113,61,0,0,40.2292
1,114,61,0,0,40.2286
1,115,61,0,0,40.2279
1,116,61,0,0,40.2272
1,117,61,0,0,40.2266
1,118,61,0,0,40.2259
1,119,61,0,0,40.2252
1,120,61,0,0,40.2245
1,121,61,0,0,40.2238
1,122,61,0,0,40.2232
1,123,61,0,0,40.2226
1,124,61,0,0,40.222
1,125,61,0,0,40.2214
1,126,61,0,0,40.2209
1,127,61,0,0,40.2205
1,0,62,0,6.44119e-05,40.4061
1,1,62,0,0,40.3987
1,2,62,0,0,40.3924
1,3,62,0,0,40.3869
1,4,62,0,0,40.382
1,5,62,0,0,40.3775
1,6,62,0,0,40.3733
1,7,62,0,0,40.3692
1,8,62,0,0,40.3654
1,9,62,0,0,40.3616
1,10,62,0,0,40.3579
1,11,62,0,0,40.3542
1,12,62,0,0,40.3507
1,13,62,0,0,40.3472
1,14,62,0,0,40.3437
1,15,62,0,0,40.3403
1,16,62,0,0,40.337
1,17,62,0,0,40.3337
1,18,62,0,0,40.3305
1,19,62,0,0,40.3274
1,20,62,0,0,40.3244
1,21,62,0,0,40.3215
1,22,62,0,0,40.3186
1,23,62,0,0,40.3157
1,24,62,0,0,40.3128
1,25,62,0,0,40.3099
1,26,62,0,0,40.3071
1,27,62,0,0,40.3044
1,28,62,0,0,40.3017
1,29,62,0,0,40.2991
1,30,62,0,0,40.2966
1,31,62,0,0,40.294
1,32,62,0,0,40.2916
1,33,62,0,0,40.2891
1,34,62,0,0,40.2867
1,35,62,0,0,40.2842
1,36,62,0,0,40.2818
1,37,62,0,0,40.2794
1,38,62,0,0,40.277
1,39,62,0,0,40.2746
1,40,62,0,0,40.2723
1,41,62,0,0,40.27
1,42,62,0,0,40.2678
1,43,62,0,0,40.2657
1,44,62,0,0,40.2636
1,45,62,0,0,40.2616
1,46,62,0,0,40.2596
1,47,62,0,0,40.2577
1,48,62,0,0,40.2557
1,49,62,0,0,40.2538
1,50,62,0,0,40.2519
1,51,62,0,0,40.2501
1,52,62,0,0,40.2482
1,53,62,0,0,40.2465
1,54,62,0,0,40.2448
1,55,62,0,0,40.2433
1,56,62,0,0,40.2418
1,57,62,0,0,40.2405
1,58,62,0,0,40.2392
1,59,62,0,0,40.2381
1,60,62,0,0,40.2371
1,61,62,0,0,40.2363
1,62,62,0,0,40.2356
1,63,62,0,0,40.235
1,64,62,0,0,40.2345
1,65,62,0,0,40.2341
1,66,62,0,0,40.2337
1,67,62,0,0,40.2334
1,68,62,0,0,40.2331
1,69,62,0,0,40.2328
1,70,62,0,0,40.2325
1,71,62,0,0,40.2322
1,72,62,0,0,40.2318
1,73,62,0,0,40.2314
1,74,62,0,0,40.231
1,75,62,0,0,40.2306
1,76,62,0,0,40.2302
1,77,62,0,0,40.2297
1,78,62,0,0,40.2294
1,79,62,0,0,40.2291
1,80,62,0,0,40.2288
1,81,62,0,0,40.2286
1,82,62,0,0,40.2285
1,83,62,0,0,40.2283
1,84,62,0,0,40.2282
1,85,62,0,0,40.228
1,86,62,0,0,40.2278
1,87,62,0,0,40.2276
1,88,62,0,0,40.2274
1,89,62,0,0,40.2271
1,90,62,0,0,40.2268
1,91,62,0,0,40.2265
1,92,62,0,0,40.2262
1,93,62,0,0,40.2257
1,94,62,0,0,40.2253
1,95,62,0,0,40.2249
1,96,62,0,0,40.2245
1,97,62,0,0,40.2241
1,98,62,0,0,40.2236
1,99,62,0,0,40.223
1,100,62,0,0,40.2225
1,101,62,0,0,40.2219
1,102,62,0,0,40.2213
1,103,62,0,0,40.2207
1,104,62,0,0,40.2201
1,105,62,0,0,40.2195
1,106,62,0,0,40.219
1,107,62,0,0,40.2185
1,108,62,0,0,40.2181
1,109,62,0,0,40.2176
1,110,62,0,0,40.2172
1,111,62,0,0,40.2168
1,112,62,0,0,40.2164
1,113,62,0,0,40.2159
1,114,62,0,0,40.2154
1,115,62,0,0,40.2148
1,116,62,0,0,40.2142
1,117,62,0,0,40.2136
1,118,62,0,0,40.213
1,119,62,0,0,40.2124
1,120,62,0,0,40.2118
1,121,62,0,0,40.2112
1,122,62,0,0,40.2106
1,123,62,0,0,40.2101
1,124,62,0,0,40.2096
1,125,62,0,0,40.2092
1,126,62,0,0,40.2088
1,127,62,0,0,40.2085
1,0,63,0,6.44119e-05,40.3811
1,1,63,0,0,40.3744
1,2,63,0,0,40.3689
1,3,63,0,0,40.3641
1,4,63,0,0,40.3597
1,5,63,0,0,40.3556
1,6,63,0,0,40.3517
1,7,63,0,0,40.348
1,8,63,0,0,40.3444
1,9,63,0,0,40.3409
1,10,63,0,0,40.3375
1,11,63,0,0,40.3341
1,12,63,0,0,40.3308
1,13,63,0,0,40.3275
1,14,63,0,0,40.3243
1,15,63,0,0,40.3211
1,16,63,0,0,40.318
1,17,63,0,0,40.315
1,18,63,0,0,40.312
1,19,63,0,0,40.3091
1,20,63,0,0,40.3063
1,21,63,0,0,40.3035
1,22,63,0,0,40.3007
1,23,63,0,0,40.298
1,24,63,0,0,40.2953
1,25,63,0,0,40.2926
1,26,63,0,0,40.29
1,27,63,0,0,40.2874
1,28,63,0,0,40.2849
1,29,63,0,0,40.2824
1,30,63,0,0,40.28
1,31,63,0,0,40.2776
1,32,63,0,0,40.2753
1,33,63,0,0,40.2729
1,34,63,0,0,40.2706
1,35,63,0,0,40.2683
1,36,63,0,0,40.2661
1,37,63,0,0,40.2638
1,38,63,0,0,40.2615
1,39,63,0,0,40.2593
1,40,63,0,0,40.2571
1,41,63,0,0,40.255
1,42,63,0,0,40.253
1,43,63,0,0,40.251
1,44,63,0,0,40.249
1,45,63,0,0,40.2471
1,46,63,0,0,40.2452
1,47,63,0,0,40.2434
1,48,63,0,0,40.2416
1,49,63,0,0,40.2398
1,50,63,0,0,40.238
1,51,63,0,0,40.2363
1,52,63,0,0,40.2346
1,53,63,0,0,40.233
1,54,63,0,0,40.2315
1,55,63,0,0,40.23
1,56,63,0,0,40.2287
1,57,63,0,0,40.2274
1,58,63,0,0,40.2263
1,59,63,0,0,40.2252
1,60,63,0,0,40.2243
1,61,63,0,0,40.2235
1,62,63,0,0,40.2227
1,63,63,0,0,40.2221
1,64,63,0,0,40.2216
1,65,63,0,0,40.2212
1,66,63,0,0,40.2208
1,67,63,0,0,40.2204
1,68,63,0,0,40.2201
1,69,63,0,0,40.2197
1,70,63,0,0,40.2194
1,71,63,0,0,40.2191
1,72,63,0,0,40.2187
1,73,63,0,0,40.2183
1,74,63,0,0,40.2179
1,75,63,0,0,40.2175
1,76,63,0,0,40.2172
1,77,63,0,0,40.2168
1,78,63,0,0,40.2165
1,79,63,0,0,40.2162
1,80,63,0,0,40.2159
1,81,63,0,0,40.2157
1,82,63,0,0,40.2155
1,83,63,0,0,40.2153
1,84,63,0,0,40.2151
1,85,63,0,0,40.215
1,86,63,0,0,40.2148
1,87,63,0,0,40.2145
1,88,63,0,0,40.2143
1,89,63,0,0,40.2141
1,90,63,0,0,40.2138
1,91,63,0,0,40.2135
1,92,63,0,0,40.2131
1,93,63,0,0,40.2128
1,94,63,0,0,40.2124
1,95,63,0,0,40.212
1,96,63,0,0,40.2116
1,97,63,0,0,40.2112
1,98,63,0,0,40.2107
1,99,63,0,0,40.2102
1,100,63,0,0,40.2097
1,101,63,0,0,40.2092
1,102,63,0,0,40.2086
1,103,63,0,0,40.2081
1,104,63,0,0,40.2076
1,105,63,0,0,40.2071
1,106,63,0,0,40.2066
1,107,63,0,0,40.2061
1,108,63,0,0,40.2057
1,109,63,0,0,40.2053
1,110,63,0,0,40.2048
1,111,63,0,0,40.2044
1,112,63,0,0,40.204
1,113,63,0,0,40.2036
1,114,63,0,0,40.2031
1,115,63,0,0,40.2026
1,116,63,0,0,40.202
1,117,63,0,0,40.2015
1,118,63,0,0,40.201
1,119,63,0,0,40.2004
1,120,63,0,0,40.1999
1,121,63,0,0,40.1994
1,122,63,0,0,40.1989
1,123,63,0,0,40.1984
1,124,63,0,0,40.198
1,125,63,0,0,40.1976
1,126,63,0,0,40.1973
1,127,63,0,0,40.1971
1,0,64,0,3.22059e-05,40.355
1,1,64,0,0,40.3505
1,2,64,0,0,40.3462
1,3,64,0,0,40.3422
1,4,64,0,0,40.3383
1,5,64,0,0,40.3347
1,6,64,0,0,40.3312
1,7,64,0,0,40.3278
1,8,64,0,0,40.3245
1,9,64,0,0,40.3213
1,10,64,0,0,40.3182
1,11,64,0,0,40.315
1,12,64,0,0,40.312
1,13,64,0,0,40.309
1,14,64,0,0,40.306
1,15,64,0,0,40.303
1,16,64,0,0,40.3002
1,17,64,0,0,40.2973
1,18,64,0,0,40.2946
1,19,64,0,0,40.2918
1,20,64,0,0,40.2891
1,21,64,0,0,40.2865
1,22,64,0,0,40.2839
1,23,64,0,0,40.2814
1,24,64,0,0,40.2788
1,25,64,0,0,40.2763
1,26,64,0,0,40.2739
1,27,64,0,0,40.2714
1,28,64,0,0,40.2691
1,29,64,0,0,40.2667
1,30,64,0,0,40.2644
1,31,64,0,0,40.2622
1,32,64,0,0,40.2599
1,33,64,0,0,40.2577
1,34,64,0,0,40.2555
1,35,64,0,0,40.2534
1,36,64,0,0,40.2512
1,37,64,0,0,40.2491
1,38,64,0,0,40.247
1,39,64,0,0,40.2449
1,40,64,0,0,40.2429
1,41,64,0,0,40.2409
1,42,64,0,0,40.239
1,43,64,0,0,40.2371
1,44,64,0,0,40.2353
1,45,64,0,0,40.2334
1,46,64,0,0,40.2317
1,47,64,0,0,40.2299
1,48,64,0,0,40.2282
1,49,64,0,0,40.2266
1,50,64,0,0,40.2249
1,51,64,0,0,40.2233
1,52,64,0,0,40.2218
1,53,64,0,0,40.2203
1,54,64,0,0,40.2189
1,55,64,0,0,40.2175
1,56,64,0,0,40.2163
1,57,64,0,0,40.2151
1,58,64,0,0,40.214
1,59,64,0,0,40.213
1,60,64,0,0,40.2121
1,61,64,0,0,40.2113
1,62,64,0,0,40.2106
1,63,64,0,0,40.21
1,64,64,0,0,40.2095
1,65,64,0,0,40.209
1,66,64,0,0,40.2086
1,67,64,0,0,40.2082
1,68,64,0,0,40.2078
1,69,64,0,0,40.2074
1,70,64,0,0,40.2071
1,71,64,0,0,40.2067
1,72,64,0,0,40.2064
1,73,64,0,0,40.206
1,74,64,0,0,40.2057
1,75,64,0,0,40.2053
1,76,64,0,0,40.205
1,77,64,0,0,40.2046
1,78,64,0,0,40.2043
1,79,64,0,0,40.204
1,80,64,0,0,40.2038
1,81,64,0,0,40.2035
1,82,64,0,0,40.2033
1,83,64,0,0,40.2031
1,84,64,0,0,40.2029
1,85,64,0,0,40.2027
1,86,64,0,0,40.2025
1,87,64,0,0,40.2023
1,88,64,0,0,40.2021
1,89,64,0,0,40.2018
1,90,64,0,0,40.2015
1,91,64,0,0,40.2012
1,92,64,0,0,40.2009
1,93,64,0,0,40.2006
1,94,64,0,0,40.2002
1,95,64,0,0,40.1998
1,96,64,0,0,40.1995
1,97,64,0,0,40.1991
1,98,64,0,0,40.1986
1,99,64,0,0,40.1982
1,100,64,0,0,40.1977
1,101,64,0,0,40.1972
1,102,64,0,0,40.1968
1,103,64,0,0,40.1963
1,104,64,0,0,40.1958
1,105,64,0,0,40.1953
1,106,64,0,0,40.1949
1,107,64,0,0,40.1944
1,108,64,0,0,40.194
1,109,64,0,0,40.1936
1,110,64,0,0,40.1932
1,111,64,0,0,40.1928
1,112,64,0,0,40.1924
1,113,64,0,0,40.192
1,114,64,0,0,40.1915
1,115,64,0,0,40.1911
1,116,64,0,0,40.1906
1,117,64,0,0,40.1901
1,118,64,0,0,40.1896
1,119,64,0,0,40.1892
1,120,64,0,0,40.1887
1,121,64,0,0,40.1882
1,122,64,0,0,40.1878
1,123,64,0,0,40.1874
1,124,64,0,0,40.1871
1,125,64,0,0,40.1867
1,126,64,0,0,40.1865
1,127,64,0,0,40.1863
1,0,65,0,0,40.33
1,1,65,0,0,40.3275
1,2,65,0,0,40.3244
1,3,65,0,0,40.3212
1,4,65,0,0,40.3181
1,5,65,0,0,40.3149
1,6,65,0,0,40.3118
1,7,65,0,0,40.3088
1,8,65,0,0,40.3058
1,9,65,0,0,40.3028
1,10,65,0,0,40.2999
1,11,65,0,0,40.2971
1,12,65,0,0,40.2942
1,13,65,0,0,40.2914
1,14,65,0,0,40.2887
1,15,65,0,0,40.286
1,16,65,0,0,40.2833
1,17,65,0,0,40.2806
1,18,65,0,0,40.2781
1,19,65,0,0,40.2755
1,20,65,0,0,40.273
1,21,65,0,0,40.2705
1,22,65,0,0,40.2681
1,23,65,0,0,40.2657
1,24,65,0,0,40.2633
1,25,65,0,0,40.2609
1,26,65,0,0,40.2586
1,27,65,0,0,40.2563
1,28,65,0,0,40.2541
1,29,65,0,0,40.2519
1,30,65,0,0,40.2497
1,31,65,0,0,40.2476
1,32,65,0,0,40.2455
1,33,65,0,0,40.2434
1,34,65,0,0,40.2413
1,35,65,0,0,40.2393
1,36,65,0,0,40.2373
1,37,65,0,0,40.2353
1,38,65,0,0,40.2333
1,39,65,0,0,40.2314
1,40,65,0,0,40.2295
1,41,65,0,0,40.2276
1,42,65,0,0,40.2258
1,43,65,0,0,40.224
1,44,65,0,0,40.2223
1,45,65,0,0,40.2206
1,46,65,0,0,40.2189
1,47,65,0,0,40.2173
1,48,65,0,0,40.2157
1,49,65,0,0,40.2141
1,50,65,0,0,40.2126
1,51,65,0,0,40.2111
1,52,65,0,0,40.2097
1,53,65,0,0,40.2083
1,54,65,0,0,40.207
1,55,65,0,0,40.2057
1,56,65,0,0,40.2046
1,57,65,0,0,40.2035
1,58,65,0,0,40.2024
1,59,65,0,0,40.2015
1,60,65,0,0,40.2006
1,61,65,0,0,40.1999
1,62,65,0,0,40.1992
1,63,65,0,0,40.1986
1,64,65,0,0,40.198
1,65,65,0,0,40.1975
1,66,65,0,0,40.1971
1,67,65,0,0,40.1966
1,68,65,0,0,40.1963
1,69,65,0,0,40.1959
1,70,65,0,0,40.1955
1,71,65,0,0,40.1952
1,72,65,0,0,40.1948
1,73,65,0,0,40.1945
1,74,65,0,0,40.1941
1,75,65,0,0,40.1938
1,76,65,0,0,40.1935
1,77,65,0,0,40.1931
1,78,65,0,0,40.1928
1,79,65,0,0,40.1926
1,80,65,0,0,40.1923
1,81,65,0,0,40.1921
1,82,65,0,0,40.1919
1,83,65,0,0,40.1916
1,84,65,0,0,40.1914
1,85,65,0,0,40.1912
1,86,65,0,0,40.191
1,87,65,0,0,40.1908
1,88,65,0,0,40.1905
1,89,65,0,0,40.1903
1,90,65,0,0,40.19
1,91,65,0,0,40.1897
1,92,65,0,0,40.1894
1,93,65,0,0,40.1891
1,94,65,0,0,40.1888
1,95,65,0,0,40.1884
1,96,65,0,0,40.1881
1,97,65,0,0,40.1877
1,98,65,0,0,40.1873
1,99,65,0,0,40.1869
1,100,65,0,0,40.1865
1,101,65,0,0,40.186
1,102,65,0,0,40.1856
1,103,65,0,0,40.1851
1,104,65,0,0,40.1847
1,105,65,0,0,40.1843
1,106,65,0,0,40.1839
1,107,65,0,0,40.1834
1,108,65,0,0,40.183
1,109,65,0,0,40.1827
1,110,65,0,0,40.1823
1,111,65,0,0,40.1819
1,112,65,0,0,40.1815
1,113,65,0,0,40.1811
1,114,65,0,0,40.1807
1,115,65,0,0,40.1803
1,116,65,0,0,40.1798
1,117,65,0,0,40.1794
1,118,65,0,0,40.179
1,119,65,0,0,40.1786
1,120,65,0,0,40.1781
1,121,65,0,0,40.1778
1,122,65,0,0,40.1774
1,123,65,0,0,40.177
1,124,65,0,0,40.1767
1,125,65,0,0,40.1765
1,126,65,0,0,40.1763
1,127,65,0,0,40.1761
1,0,66,0,0,40.3079
1,1,66,0,0,40.3062
1,2,66,0,0,40.304
1,3,66,0,0,40.3015
1,4,66,0,0,40.2989
1,5,66,0,0,40.2962
1,6,66,0,0,40.2934
1,7,66,0,0,40.2907
1,8,66,0,0,40.288
1,9,66,0,0,40.2854
1,10,66,0,0,40.2827
1,11,66,0,0,40.2801
1,12,66,0,0,40.2775
1,13,66,0,0,40.2749
1,14,66,0,0,40.2724
1,15,66,0,0,40.2698
1,16,66,0,0,40.2674
1,17,66,0,0,40.2649
1,18,66,0,0,40.2625
1,19,66,0,0,40.2601
1,20,66,0,0,40.2577
1,21,66,0,0,40.2554
1,22,66,0,0,40.2531
1,23,66,0,0,40.2509
1,24,66,0,0,40.2486
1,25,66,0,0,40.2464
1,26,66,0,0,40.2442
1,27,66,0,0,40.2421
1,28,66,0,0,40.24
1,29,66,0,0,40.2379
1,30,66,0,0,40.2359
1,31,66,0,0,40.2339
1,32,66,0,0,40.2319
1,33,66,0,0,40.2299
1,34,66,0,0,40.228
1,35,66,0,0,40.226
1,36,66,0,0,40.2242
1,37,66,0,0,40.2223
1,38,66,0,0,40.2204
1,39,66,0,0,40.2186
1,40,66,0,0,40.2168
1,41,66,0,0,40.2151
1,42,66,0,0,40.2134
1,43,66,0,0,40.2117
1,44,66,0,0,40.2101
1,45,66,0,0,40.2085
1,46,66,0,0,40.2069
1,47,66,0,0,40.2053
1,48,66,0,0,40.2038
1,49,66,0,0,40.2024
1,50,66,0,0,40.201
1,51,66,0,0,40.1996
1,52,66,0,0,40.1982
1,53,66,0,0,40.197
1,54,66,0,0,40.1957
1,55,66,0,0,40.1946
1,56,66,0,0,40.1935
1,57,66,0,0,40.1924
1,58,66,0,0,40.1915
1,59,66,0,0,40.1906
1,60,66,0,0,40.1898
1,61,66,0,0,40.189
1,62,66,0,0,40.1883
1,63,66,0,0,40.1877
1,64,66,0,0,40.1872
1,65,66,0,0,40.1867
1,66,66,0,0,40.1862
1,67,66,0,0,40.1858
1,68,66,0,0,40.1854
1,69,66,0,0,40.185
1,70,66,0,0,40.1847
1,71,66,0,0,40.1843
1,72,66,0,0,40.184
1,73,66,0,0,40.1836
1,74,66,0,0,40.1833
1,75,66,0,0,40.183
1,76,66,0,0,40.1826
1,77,66,0,0,40.1823
1,78,66,0,0,40.1821
1,79,66,0,0,40.1818
1,80,66,0,0,40.1815
1,81,66,0,0,40.1813
1,82,66,0,0,40.1811
1,83,66,0,0,40.1808
1,84,66,0,0,40.1806
1,85,66,0,0,40.1804
1,86,66,0,0,40.1802
1,87,66,0,0,40.18
1,88,66,0,0,40.1797
1,89,66,0,0,40.1795
1,90,66,0,0,40.1792
1,91,66,0,0,40.179
1,92,66,0,0,40.1787
1,93,66,0,0,40.1784
1,94,66,0,0,40.178
1,95,66,0,0,40.1777
1,96,66,0,0,40.1774
1,97,66,0,0,40.177
1,98,66,0,0,40.1767
1,99,66,0,0,40.1763
1,100,66,0,0,40.1759
1,101,66,0,0,40.1755
1,102,66,0,0,40.1751
1,103,66,0,0,40.1747
1,104,66,0,0,40.1743
1,105,66,0,0,40.1739
1,106,66,0,0,40.1735
1,107,66,0,0,40.1731
1,108,66,0,0,40.1727
1,109,66,0,0,40.1724
1,110,66,0,0,40.172
1,111,66,0,0,40.1716
1,112,66,0,0,40.1713
1,113,66,0,0,40.1709
1,114,66,0,0,40.1705
1,115,66,0,0,40.1701
1,116,66,0,0,40.1697
1,117,66,0,0,40.1694
1,118,66,0,0,40.169
1,119,66,0,0,40.1686
1,120,66,0,0,40.1682
1,121,66,0,0,40.1679
1,122,66,0,0,40.1676
1,123,66,0,0,40.1673
1,124,66,0,0,40.167
1,125,66,0,0,40.1668
1,126,66,0,0,40.1666
1,127,66,0,0,40.1665
1,0,67,0,0,40.2879
1,1,67,0,0,40.2867
1,2,67,0,0,40.285
1,3,67,0,0,40.2829
1,4,67,0,0,40.2808
1,5,67,0,0,40.2785
1,6,67,0,0,40.2761
1,7,67,0,0,40.2737
1,8,67,0,0,40.2713
1,9,67,0,0,40.2689
1,10,67,0,0,40.2665
1,11,67,0,0,40.2641
1,12,67,0,0,40.2617
1,13,67,0,0,40.2593
1,14,67,0,0,40.2569
1,15,67,0,0,40.2546
1,16,67,0,0,40.2523
1,17,67,0,0,40.25
1,18,67,0,0,40.2478
1,19,67,0,0,40.2455
1,20,67,0,0,40.2433
1,21,67,0,0,40.2412
1,22,67,0,0,40.239
1,23,67,0,0,40.2369
1,24,67,0,0,40.2348
1,25,67,0,0,40.2327
1,26,67,0,0,40.2307
1,27,67,0,0,40.2287
1,28,67,0,0,40.2267
1,29,67,0,0,40.2247
1,30,67,0,0,40.2228
1,31,67,0,0,40.2209
1,32,67,0,0,40.219
1,33,67,0,0,40.2172
1,34,67,0,0,40.2154
1,35,67,0,0,40.2135
1,36,67,0,0,40.2118
1,37,67,0,0,40.21
1,38,67,0,0,40.2083
1,39,67,0,0,40.2066
1,40,67,0,0,40.2049
1,41,67,0,0,40.2033
1,42,67,0,0,40.2016
1,43,67,0,0,40.2001
1,44,67,0,0,40.1985
1,45,67,0,0,40.197
1,46,67,0,0,40.1955
1,47,67,0,0,40.1941
1,48,67,0,0,40.1927
1,49,67,0,0,40.1913
1,50,67,0,0,40.19
1,51,67,0,0,40.1887
1,52,67,0,0,40.1875
1,53,67,0,0,40.1863
1,54,67,0,0,40.1851
1,55,67,0,0,40.184
1,56,67,0,0,40.183
1,57,67,0,0,40.182
1,58,67,0,0,40.1811
1,59,67,0,0,40.1803
1,60,67,0,0,40.1795
1,61,67,0,0,40.1788
1,62,67,0,0,40.1781
1,63,67,0,0,40.1775
1,64,67,0,0,40.177
1,65,67,0,0,40.1765
1,66,67,0,0,40.176
1,67,67,0,0,40.1756
1,68,67,0,0,40.1752
1,69,67,0,0,40.1748
1,70,67,0,0,40.1744
1,71,67,0,0,40.1741
1,72,67,0,0,40.1737
1,73,67,0,0,40.1734
1,74,67,0,0,40.1731
1,75,67,0,0,40.1728
1,76,67,0,0,40.1725
1,77,67,0,0,40.1722
1,78,67,0,0,40.1719
1,79,67,0,0,40.1716
1,80,67,0,0,40.1714
1,81,67,0,0,40.1711
1,82,67,0,0,40.1709
1,83,67,0,0,40.1707
1,84,67,0,0,40.1705
1,85,67,0,0,40.1703
1,86,67,0,0,40.17
1,87,67,0,0,40.1698
1,88,67,0,0,40.1696
1,89,67,0,0,40.1693
1,90,67,0,0,40.1691
1,91,67,0,0,40.1688
1,92,67,0,0,40.1685
1,93,67,0,0,40.1683
1,94,67,0,0,40.168
1,95,67,0,0,40.1676
1,96,67,0,0,40.1673
1,97,67,0,0,40.167
1,98,67,0,0,40.1666
1,99,67,0,0,40.1663
1,100,67,0,0,40.1659
1,101,67,0,0,40.1656
1,102,67,0,0,40.1652
1,103,67,0,0,40.1648
1,104,67,0,0,40.1645
1,105,67,0,0,40.1641
1,106,67,0,0,40.1637
1,107,67,0,0,40.1634
1,108,67,0,0,40.163
1,109,67,0,0,40.1627
1,110,67,0,0,40.1623
1,111,67,0,0,40.162
1,112,67,0,0,40.1616
1,113,67,0,0,40.1613
1,114,67,0,0,40.1609
1,115,67,0,0,40.1606
1,116,67,0,0,40.1602
1,117,67,0,0,40.1599
1,118,67,0,0,40.1595
1,119,67,0,0,40.1592
1,120,67,0,0,40.1589
1,121,67,0,0,40.1586
1,122,67,0,0,40.1583
1,123,67,0,0,40.158
1,124,67,0,0,40.1578
1,125,67,0,0,40.1576
1,126,67,0,0,40.1575
1,127,67,0,0,40.1574
1,0,68,0,0,40.2695
1,1,68,0,0,40.2685
1,2,68,0,0,40.2672
1,3,68,0,0,40.2656
1,4,68,0,0,40.2638
1,5,68,0,0,40.2618
1,6,68,0,0,40.2597
1,7,68,0,0,40.2576
1,8,68,0,0,40.2555
1,9,68,0,0,40.2533
1,10,68,0,0,40.2511
1,11,68,0,0,40.2489
1,12,68,0,0,40.2467
1,13,68,0,0,40.2446
1,14,68,0,0,40.2424
1,15,68,0,0,40.2402
1,16,68,0,0,40.2381
1,17,68,0,0,40.236
1,18,68,0,0,40.2339
1,19,68,0,0,40.2318
1,20,68,0,0,40.2297
1,21,68,0,0,40.2277
1,22,68,0,0,40.2257
1,23,68,0,0,40.2237
1,24,68,0,0,40.2217
1,25,68,0,0,40.2198
1,26,68,0,0,40.2179
1,27,68,0,0,40.216
1,28,68,0,0,40.2141
1,29,68,0,0,40.2123
1,30,68,0,0,40.2105
1,31,68,0,0,40.2087
1,32,68,0,0,40.2069
1,33,68,0,0,40.2052
1,34,68,0,0,40.2035
1,35,68,0,0,40.2018
1,36,68,0,0,40.2001
1,37,68,0,0,40.1984
1,38,68,0,0,40.1968
1,39,68,0,0,40.1952
1,40,68,0,0,40.1936
1,41,68,0,0,40.1921
1,42,68,0,0,40.1906
1,43,68,0,0,40.1891
1,44,68,0,0,40.1877
1,45,68,0,0,40.1862
1,46,68,0,0,40.1849
1,47,68,0,0,40.1835
1,48,68,0,0,40.1822
1,49,68,0,0,40.1809
1,50,68,0,0,40.1797
1,51,68,0,0,40.1784
1,52,68,0,0,40.1773
1,53,68,0,0,40.1762
1,54,68,0,0,40.1751
1,55,68,0,0,40.1741
1,56,68,0,0,40.1731
1,57,68,0,0,40.1722
1,58,68,0,0,40.1713
1,59,68,0,0,40.1705
1,60,68,0,0,40.1698
1,61,68,0,0,40.1691
1,62,68,0,0,40.1685
1,63,68,0,0,40.1679
1,64,68,0,0,40.1673
1,65,68,0,0,40.1668
1,66,68,0,0,40.1664
1,67,68,0,0,40.1659
1,68,68,0,0,40.1655
1,69,68,0,0,40.1652
1,70,68,0,0,40.1648
1,71,68,0,0,40.1645
1,72,68,0,0,40.1641
1,73,68,0,0,40.1638
1,74,68,0,0,40.1635
1,75,68,0,0,40.1632
1,76,68,0,0,40.1629
1,77,68,0,0,40.1626
1,78,68,0,0,40.1623
1,79,68,0,0,40.1621
1,80,68,0,0,40.1618
1,81,68,0,0,40.1616
1,82,68,0,0,40.1614
1,83,68,0,0,40.1611
1,84,68,0,0,40.1609
1,85,68,0,0,40.1607
1,86,68,0,0,40.1605
1,87,68,0,0,40.1603
1,88,68,0,0,40.16
1,89,68,0,0,40.1598
1,90,68,0,0,40.1595
1,91,68,0,0,40.1593
1,92,68,0,0,40.159
1,93,68,0,0,40.1587
1,94,68,0,0,40.1585
1,95,68,0,0,40.1582
1,96,68,0,0,40.1579
1,97,68,0,0,40.1576
1,98,68,0,0,40.1572
1,99,68,0,0,40.1569
1,100,68,0,0,40.1566
1,101,68,0,0,40.1562
1,102,68,0,0,40.1559
1,103,68,0,0,40.1556
1,104,68,0,0,40.1552
1,105,68,0,0,40.1549
1,106,68,0,0,40.1545
1,107,68,0,0,40.1542
1,108,68,0,0,40.1539
1,109,68,0,0,40.1535
1,110,68,0,0,40.1532
1,111,68,0,0,40.1529
1,112,68,0,0,40.1526
1,113,68,0,0,40.1523
1,114,68,0,0,40.1519
1,115,68,0,0,40.1516
1,116,68,0,0,40.1513
1,117,68,0,0,40.151
1,118,68,0,0,40.1507
1,119,68,0,0,40.1504
1,120,68,0,0,40.1501
1,121,68,0,0,40.1498
1,122,68,0,0,40.1496
1,123,68,0,0,40.1493
1,124,68,0,0,40.1491
1,125,68,0,0,40.149
1,126,68,0,0,40.1489
1,127,68,0,0,40.1488
1,0,69,0,0,40.2525
1,1,69,0,0,40.2518
1,2,69,0,0,40.2507
1,3,69,0,0,40.2493
1,4,69,0,0,40.2478
1,5,69,0,0,40.2461
1,6,69,0,0,40.2443
1,7,69,0,0,40.2425
1,8,69,0,0,40.2406
1,9,69,0,0,40.2386
1,10,69,0,0,40.2366
1,11,69,0,0,40.2347
1,12,69,0,0,40.2327
1,13,69,0,0,40.2307
1,14,69,0,0,40.2287
1,15,69,0,0,40.2267
1,16,69,0,0,40.2247
1,17,69,0,0,40.2227
1,18,69,0,0,40.2208
1,19,69,0,0,40.2188
1,20,69,0,0,40.2169
1,21,69,0,0,40.215
1,22,69,0,0,40.2131
1,23,69,0,0,40.2113
1,24,69,0,0,40.2094
1,25,69,0,0,40.2076
1,26,69,0,0,40.2058
1,27,69,0,0,40.204
1,28,69,0,0,40.2023
1,29,69,0,0,40.2006
1,30,69,0,0,40.1989
1,31,69,0,0,40.1972
1,32,69,0,0,40.1955
1,33,69,0,0,40.1939
1,34,69,0,0,40.1922
1,35,69,0,0,40.1907
1,36,69,0,0,40.1891
1,37,69,0,0,40.1875
1,38,69,0,0,40.186
1,39,69,0,0,40.1845
1,40,69,0,0,40.183
1,41,69,0,0,40.1816
1,42,69,0,0,40.1801
1,43,69,0,0,40.1788
1,44,69,0,0,40.1774
1,45,69,0,0,40.1761
1,46,69,0,0,40.1748
1,47,69,0,0,40.1735
1,48,69,0,0,40.1723
1,49,69,0,0,40.1711
1,50,69,0,0,40.1699
1,51,69,0,0,40.1688
1,52,69,0,0,40.1677
1,53,69,0,0,40.1666
1,54,69,0,0,40.1656
1,55,69,0,0,40.1647
1,56,69,0,0,40.1637
1,57,69,0,0,40.1629
1,58,69,0,0,40.1621
1,59,69,0,0,40.1613
1,60,69,0,0,40.1606
1,61,69,0,0,40.1599
1,62,69,0,0,40.1593
1,63,69,0,0,40.1588
1,64,69,0,0,40.1582
1,65,69,0,0,40.1577
1,66,69,0,0,40.1573
1,67,69,0,0,40.1569
1,68,69,0,0,40.1565
1,69,69,0,0,40.1561
1,70,69,0,0,40.1557
1,71,69,0,0,40.1554
1,72,69,0,0,40.155
1,73,69,0,0,40.1547
1,74,69,0,0,40.1544
1,75,69,0,0,40.1541
1,76,69,0,0,40.1538
1,77,69,0,0,40.1536
1,78,69,0,0,40.1533
1,79,69,0,0,40.1531
1,80,69,0,0,40.1528
1,81,69,0,0,40.1526
1,82,69,0,0,40.1524
1,83,69,0,0,40.1521
1,84,69,0,0,40.1519
1,85,69,0,0,40.1517
1,86,69,0,0,40.1515
1,87,69,0,0,40.1513
1,88,69,0,0,40.151
1,89,69,0,0,40.1508
1,90,69,0,0,40.1506
1,91,69,0,0,40.1503
1,92,69,0,0,40.1501
1,93,69,0,0,40.1498
1,94,69,0,0,40.1495
1,95,69,0,0,40.1493
1,96,69,0,0,40.149
1,97,69,0,0,40.1487
1,98,69,0,0,40.1484
1,99,69,0,0,40.1481
1,100,69,0,0,40.1478
1,101,69,0,0,40.1475
1,102,69,0,0,40.1471
1,103,69,0,0,40.1468
1,104,69,0,0,40.1465
1,105,69,0,0,40.1462
1,106,69,0,0,40.1459
1,107,69,0,0,40.1456
1,108,69,0,0,40.1453
1,109,69,0,0,40.145
1,110,69,0,0,40.1447
1,111,69,0,0,40.1444
1,112,69,0,0,40.1441
1,113,69,0,0,40.1438
1,114,69,0,0,40.1435
1,115,69,0,0,40.1432
1,116,69,0,0,40.1429
1,117,69,0,0,40.1426
1,118,69,0,0,40.1423
1,119,69,0,0,40.142
1,120,69,0,0,40.1418
1,121,69,0,0,40.1416
1,122,69,0,0,40.1413
1,123,69,0,0,40.1411
1,124,69,0,0,40.141
1,125,69,0,0,40.1408
1,126,69,0,0,40.1407
1,127,69,0,0,40.1406
1,0,70,0,0,40.2368
1,1,70,0,0,40.2362
1,2,70,0,0,40.2353
1,3,70,0,0,40.2342
1,4,70,0,0,40.2329
1,5,70,0,0,40.2314
1,6,70,0,0,40.2299
1,7,70,0,0,40.2282
1,8,70,0,0,40.2265
1,9,70,0,0,40.2248
1,10,70,0,0,40.223
1,11,70,0,0,40.2212
1,12,70,0,0,40.2194
1,13,70,0,0,40.2175
1,14,70,0,0,40.2157
1,15,70,0,0,40.2138
1,16,70,0,0,40.212
1,17,70,0,0,40.2102
1,18,70,0,0,40.2084
1,19,70,0,0,40.2066
1,20,70,0,0,40.2048
1,21,70,0,0,40.203
1,22,70,0,0,40.2013
1,23,70,0,0,40.1995
1,24,70,0,0,40.1978
1,25,70,0,0,40.1961
1,26,70,0,0,40.1944
1,27,70,0,0,40.1927
1,28,70,0,0,40.1911
1,29,70,0,0,40.1895
1,30,70,0,0,40.1879
1,31,70,0,0,40.1863
1,32,70,0,0,40.1847
1,33,70,0,0,40.1832
1,34,70,0,0,40.1817
1,35,70,0,0,40.1802
1,36,70,0,0,40.1787
1,37,70,0,0,40.1772
1,38,70,0,0,40.1758
1,39,70,0,0,40.1744
1,40,70,0,0,40.173
1,41,70,0,0,40.1716
1,42,70,0,0,40.1703
1,43,70,0,0,40.169
1,44,70,0,0,40.1677
1,45,70,0,0,40.1665
1,46,70,0,0,40.1652
1,47,70,0,0,40.164
1,48,70,0,0,40.1629
1,49,70,0,0,40.1618
1,50,70,0,0,40.1607
1,51,70,0,0,40.1596
1,52,70,0,0,40.1586
1,53,70,0,0,40.1576
1,54,70,0,0,40.1567
1,55,70,0,0,40.1558
1,56,70,0,0,40.1549
1,57,70,0,0,40.1541
1,58,70,0,0,40.1533
1,59,70,0,0,40.1526
1,60,70,0,0,40.1519
1,61,70,0,0,40.1513
1,62,70,0,0,40.1507
1,63,70,0,0,40.1501
1,64,70,0,0,40.1496
1,65,70,0,0,40.1492
1,66,70,0,0,40.1487
1,67,70,0,0,40.1483
1,68,70,0,0,40.1479
1,69,70,0,0,40.1475
1,70,70,0,0,40.1472
1,71,70,0,0,40.1468
1,72,70,0,0,40.1465
1,73,70,0,0,40.1462
1,74,70,0,0,40.1459
1,75,70,0,0,40.1456
1,76,70,0,0,40.1453
1,77,70,0,0,40.1451
1,78,70,0,0,40.1448
1,79,70,0,0,40.1446
1,80,70,0,0,40.1443
1,81,70,0,0,40.1441
1,82,70,0,0,40.1439
1,83,70,0,0,40.1437
1,84,70,0,0,40.1434
1,85,70,0,0,40.1432
1,86,70,0,0,40.143
1,87,70,0,0,40.1428
1,88,70,0,0,40.1426
1,89,70,0,0,40.1423
1,90,70,0,0,40.1421
1,91,70,0,0,40.1419
1,92,70,0,0,40.1416
1,93,70,0,0,40.1414
1,94,70,0,0,40.1411
1,95,70,0,0,40.1409
1,96,70,0,0,40.1406
1,97,70,0,0,40.1403
1,98,70,0,0,40.1401
1,99,70,0,0,40.1398
1,100,70,0,0,40.1395
1,101,70,0,0,40.1392
1,102,70,0,0,40.1389
1,103,70,0,0,40.1386
1,104,70,0,0,40.1383
1,105,70,0,0,40.138
1,106,70,0,0,40.1377
1,107,70,0,0,40.1374
1,108,70,0,0,40.1372
1,109,70,0,0,40.1369
1,110,70,0,0,40.1366
1,111,70,0,0,40.1363
1,112,70,0,0,40.136
1,113,70,0,0,40.1357
1,114,70,0,0,40.1355
1,115,70,0,0,40.1352
1,116,70,0,0,40.1349
1,117,70,0,0,40.1347
1,118,70,0,0,40.1344
1,119,70,0,0,40.1342
1,120,70,0,0,40.134
1,121,70,0,0,40.1338
1,122,70,0,0,40.1336
1,123,70,0,0,40.1334
1,124,70,0,0,40.1332
1,125,70,0,0,40.1331
1,126,70,0,0,40.133
1,127,70,0,0,40.133
1,0,71,0,0,40.2222
1,1,71,0,0,40.2217
1,2,71,0,0,40.2209
1,3,71,0,0,40.22
1,4,71,0,0,40.2189
1,5,71,0,0,40.2176
1,6,71,0,0,40.2163
1,7,71,0,0,40.2148
1,8,71,0,0,40.2133
1,9,71,0,0,40.2117
1,10,71,0,0,40.2101
1,11,71,0,0,40.2085
1,12,71,0,0,40.2068
1,13,71,0,0,40.2051
1,14,71,0,0,40.2034
1,15,71,0,0,40.2017
1,16,71,0,0,40.2001
1,17,71,0,0,40.1984
1,18,71,0,0,40.1967
1,19,71,0,0,40.195
1,20,71,0,0,40.1933
1,21,71,0,0,40.1917
1,22,71,0,0,40.1901
1,23,71,0,0,40.1884
1,24,71,0,0,40.1868
1,25,71,0,0,40.1852
1,26,71,0,0,40.1836
1,27,71,0,0,40.1821
1,28,71,0,0,40.1805
1,29,71,0,0,40.179
1,30,71,0,0,40.1775
1,31,71,0,0,40.176
1,32,71,0,0,40.1746
1,33,71,0,0,40.1731
1,34,71,0,0,40.1717
1,35,71,0,0,40.1703
1,36,71,0,0,40.1689
1,37,71,0,0,40.1675
1,38,71,0,0,40.1662
1,39,71,0,0,40.1648
1,40,71,0,0,40.1635
1,41,71,0,0,40.1622
1,42,71,0,0,40.161
1,43,71,0,0,40.1598
1,44,71,0,0,40.1586
1,45,71,0,0,40.1574
1,46,71,0,0,40.1562
1,47,71,0,0,40.1551
1,48,71,0,0,40.154
1,49,71,0,0,40.153
1,50,71,0,0,40.152
1,51,71,0,0,40.151
1,52,71,0,0,40.15
1,53,71,0,0,40.1491
1,54,71,0,0,40.1482
1,55,71,0,0,40.1473
1,56,71,0,0,40.1465
1,57,71,0,0,40.1458
1,58,71,0,0,40.145
1,59,71,0,0,40.1444
1,60,71,0,0,40.1437
1,61,71,0,0,40.1431
1,62,71,0,0,40.1425
1,63,71,0,0,40.142
1,64,71,0,0,40.1415
1,65,71,0,0,40.141
1,66,71,0,0,40.1406
1,67,71,0,0,40.1402
1,68,71,0,0,40.1398
1,69,71,0,0,40.1394
1,70,71,0,0,40.1391
1,71,71,0,0,40.1388
1,72,71,0,0,40.1385
1,73,71,0,0,40.1381
1,74,71,0,0,40.1379
1,75,71,0,0,40.1376
1,76,71,0,0,40.1373
1,77,71,0,0,40.137
1,78,71,0,0,40.1368
1,79,71,0,0,40.1366
1,80,71,0,0,40.1363
1,81,71,0,0,40.1361
1,82,71,0,0,40.1359
1,83,71,0,0,40.1357
1,84,71,0,0,40.1354
1,85,71,0,0,40.1352
1,86,71,0,0,40.135
1,87,71,0,0,40.1348
1,88,71,0,0,40.1346
1,89,71,0,0,40.1344
1,90,71,0,0,40.1342
1,91,71,0,0,40.1339
1,92,71,0,0,40.1337
1,93,71,0,0,40.1335
1,94,71,0,0,40.1332
1,95,71,0,0,40.133
1,96,71,0,0,40.1327
1,97,71,0,0,40.1325
1,98,71,0,0,40.1322
1,99,71,0,0,40.132
1,100,71,0,0,40.1317
1,101,71,0,0,40.1314
1,102,71,0,0,40.1311
1,103,71,0,0,40.1309
1,104,71,0,0,40.1306
1,105,71,0,0,40.1303
1,106,71,0,0,40.13
1,107,71,0,0,40.1298
1,108,71,0,0,40.1295
1,109,71,0,0,40.1292
1,110,71,0,0,40.129
1,111,71,0,0,40.1287
1,112,71,0,0,40.1285
1,113,71,0,0,40.1282
1,114,71,0,0,40.128
1,115,71,0,0,40.1277
1,116,71,0,0,40.1275
1,117,71,0,0,40.1272
1,118,71,0,0,40.127
1,119,71,0,0,40.1268
1,120,71,0,0,40.1266
1,121,71,0,0,40.1264
1,122,71,0,0,40.1262
1,123,71,0,0,40.1261
1,124,71,0,0,40.1259
1,125,71,0,0,40.1258
1,126,71,0,0,40.1258
1,127,71,0,0,40.1257
1,0,72,0,0,40.2086
1,1,72,0,0,40.2081
1,2,72,0,0,40.2075
1,3,72,0,0,40.2067
1,4,72,0,0,40.2058
1,5,72,0,0,40.2047
1,6,72,0,0,40.2035
1,7,72,0,0,40.2022
1,8,72,0,0,40.2008
1,9,72,0,0,40.1994
1,10,72,0,0,40.198
1,11,72,0,0,40.1965
1,12,72,0,0,40.195
1,13,72,0,0,40.1934
1,14,72,0,0,40.1919
1,15,72,0,0,40.1903
1,16,72,0,0,40.1888
1,17,72,0,0,40.1872
1,18,72,0,0,40.1856
1,19,72,0,0,40.1841
1,20,72,0,0,40.1825
1,21,72,0,0,40.181
1,22,72,0,0,40.1795
1,23,72,0,0,40.178
1,24,72,0,0,40.1765
1,25,72,0,0,40.175
1,26,72,0,0,40.1735
1,27,72,0,0,40.172
1,28,72,0,0,40.1706
1,29,72,0,0,40.1691
1,30,72,0,0,40.1677
1,31,72,0,0,40.1663
1,32,72,0,0,40.165
1,33,72,0,0,40.1636
1,34,72,0,0,40.1622
1,35,72,0,0,40.1609
1,36,72,0,0,40.1596
1,37,72,0,0,40.1583
1,38,72,0,0,40.1571
1,39,72,0,0,40.1558
1,40,72,0,0,40.1546
1,41,72,0,0,40.1534
1,42,72,0,0,40.1522
1,43,72,0,0,40.1511
1,44,72,0,0,40.1499
1,45,72,0,0,40.1488
1,46,72,0,0,40.1478
1,47,72,0,0,40.1467
1,48,72,0,0,40.1457
1,49,72,0,0,40.1447
1,50,72,0,0,40.1437
1,51,72,0,0,40.1428
1,52,72,0,0,40.1419
1,53,72,0,0,40.141
1,54,72,0,0,40.1402
1,55,72,0,0,40.1394
1,56,72,0,0,40.1386
1,57,72,0,0,40.1379
1,58,72,0,0,40.1372
1,59,72,0,0,40.1366
1,60,72,0,0,40.1359
1,61,72,0,0,40.1354
1,62,72,0,0,40.1348
1,63,72,0,0,40.1343
1,64,72,0,0,40.1338
1,65,72,0,0,40.1334
1,66,72,0,0,40.133
1,67,72,0,0,40.1326
1,68,72,0,0,40.1322
1,69,72,0,0,40.1318
1,70,72,0,0,40.1315
1,71,72,0,0,40.1312
1,72,72,0,0,40.1309
1,73,72,0,0,40.1306
1,74,72,0,0,40.1303
1,75,72,0,0,40.13
1,76,72,0,0,40.1297
1,77,72,0,0,40.1295
1,78,72,0,0,40.1292
1,79,72,0,0,40.129
1,80,72,0,0,40.1288
1,81,72,0,0,40.1286
1,82,72,0,0,40.1283
1,83,72,0,0,40.1281
1,84,72,0,0,40.1279
1,85,72,0,0,40.1277
1,86,72,0,0,40.1275
1,87,72,0,0,40.1273
1,88,72,0,0,40.1271
1,89,72,0,0,40.1269
1,90,72,0,0,40.1267
1,91,72,0,0,40.1265
1,92,72,0,0,40.1262
1,93,72,0,0,40.126
1,94,72,0,0,40.1258
1,95,72,0,0,40.1256
1,96,72,0,0,40.1253
1,97,72,0,0,40.1251
1,98,72,0,0,40.1248
1,99,72,0,0,40.1246
1,100,72,0,0,40.1243
1,101,72,0,0,40.1241
1,102,72,0,0,40.1238
1,103,72,0,0,40.1236
1,104,72,0,0,40.1233
1,105,72,0,0,40.1231
1,106,72,0,0,40.1228
1,107,72,0,0,40.1226
1,108,72,0,0,40.1223
1,109,72,0,0,40.1221
1,110,72,0,0,40.1218
1,111,72,0,0,40.1216
1,112,72,0,0,40.1213
1,113,72,0,0,40.1211
1,114,72,0,0,40.1209
1,115,72,0,0,40.1206
1,116,72,0,0,40.1204
1,117,72,0,0,40.1202
1,118,72,0,0,40.12
1,119,72,0,0,40.1198
1,120,72,0,0,40.1196
1,121,72,0,0,40.1195
1,122,72,0,0,40.1193
1,123,72,0,0,40.1192
1,124,72,0,0,40.1191
1,125,72,0,0,40.119
1,126,72,0,0,40.1189
1,127,72,0,0,40.1188
1,0,73,0,0,40.1959
1,1,73,0,0,40.1955
1,2,73,0,0,40.195
1,3,73,0,0,40.1943
1,4,73,0,0,40.1935
1,5,73,0,0,40.1925
1,6,73,0,0,40.1915
1,7,73,0,0,40.1903
1,8,73,0,0,40.1891
1,9,73,0,0,40.1879
1,10,73,0,0,40.1865
1,11,73,0,0,40.1852
1,12,73,0,0,40.1838
1,13,73,0,0,40.1824
1,14,73,0,0,40.181
1,15,73,0,0,40.1796
1,16,73,0,0,40.1781
1,17,73,0,0,40.1767
1,18,73,0,0,40.1752
1,19,73,0,0,40.1738
1,20,73,0,0,40.1723
1,21,73,0,0,40.1709
1,22,73,0,0,40.1695
1,23,73,0,0,40.1681
1,24,73,0,0,40.1667
1,25,73,0,0,40.1653
1,26,73,0,0,40.1639
1,27,73,0,0,40.1625
1,28,73,0,0,40.1612
1,29,73,0,0,40.1598
1,30,73,0,0,40.1585
1,31,73,0,0,40.1572
1,32,73,0,0,40.1559
1,33,73,0,0,40.1546
1,34,73,0,0,40.1533
1,35,73,0,0,40.1521
1,36,73,0,0,40.1509
1,37,73,0,0,40.1497
1,38,73,0,0,40.1485
1,39,73,0,0,40.1473
1,40,73,0,0,40.1462
1,41,73,0,0,40.145
1,42,73,0,0,40.1439
1,43,73,0,0,40.1428
1,44,73,0,0,40.1418
1,45,73,0,0,40.1407
1,46,73,0,0,40.1397
1,47,73,0,0,40.1387
1,48,73,0,0,40.1378
1,49,73,0,0,40.1368
1,50,73,0,0,40.1359
1,51,73,0,0,40.1351
1,52,73,0,0,40.1342
1,53,73,0,0,40.1334
1,54,73,0,0,40.1326
1,55,73,0,0,40.1319
1,56,73,0,0,40.1312
1,57,73,0,0,40.1305
1,58,73,0,0,40.1298
1,59,73,0,0,40.1292
1,60,73,0,0,40.1286
1,61,73,0,0,40.1281
1,62,73,0,0,40.1275
1,63,73,0,0,40.127
1,64,73,0,0,40.1266
1,65,73,0,0,40.1261
1,66,73,0,0,40.1257
1,67,73,0,0,40.1253
1,68,73,0,0,40.125
1,69,73,0,0,40.1246
1,70,73,0,0,40.1243
1,71,73,0,0,40.124
1,72,73,0,0,40.1237
1,73,73,0,0,40.1234
1,74,73,0,0,40.1231
1,75,73,0,0,40.1229
1,76,73,0,0,40.1226
1,77,73,0,0,40.1224
1,78,73,0,0,40.1221
1,79,73,0,0,40.1219
1,80,73,0,0,40.1217
1,81,73,0,0,40.1215
1,82,73,0,0,40.1212
1,83,73,0,0,40.121
1,84,73,0,0,40.1208
1,85,73,0,0,40.1206
1,86,73,0,0,40.1204
1,87,73,0,0,40.1202
1,88,73,0,0,40.12
1,89,73,0,0,40.1198
1,90,73,0,0,40.1196
1,91,73,0,0,40.1194
1,92,73,0,0,40.1192
1,93,73,0,0,40.119
1,94,73,0,0,40.1188
1,95,73,0,0,40.1186
1,96,73,0,0,40.1183
1,97,73,0,0,40.1181
1,98,73,0,0,40.1179
1,99,73,0,0,40.1176
1,100,73,0,0,40.1174
1,101,73,0,0,40.1172
1,102,73,0,0,40.1169
1,103,73,0,0,40.1167
1,104,73,0,0,40.1165
1,105,73,0,0,40.1162
1,106,73,0,0,40.116
1,107,73,0,0,40.1158
1,108,73,0,0,40.1155
1,109,73,0,0,40.1153
1,110,73,0,0,40.1151
1,111,73,0,0,40.1148
1,112,73,0,0,40.1146
1,113,73,0,0,40.1144
1,114,73,0,0,40.1142
1,115,73,0,0,40.114
1,116,73,0,0,40.1138
1,117,73,0,0,40.1136
1,118,73,0,0,40.1134
1,119,73,0,0,40.1132
1,120,73,0,0,40.1131
1,121,73,0,0,40.1129
1,122,73,0,0,40.1128
1,123,73,0,0,40.1127
1,124,73,0,0,40.1125
1,125,73,0,0,40.1125
1,126,73,0,0,40.1124
1,127,73,0,0,40.1124
1,0,74,0,0,40.1841
1,1,74,0,0,40.1837
1,2,74,0,0,40.1833
1,3,74,0,0,40.1827
1,4,74,0,0,40.1819
1,5,74,0,0,40.1811
1,6,74,0,0,40.1802
1,7,74,0,0,40.1792
1,8,74,0,0,40.1781
1,9,74,0,0,40.177
1,10,74,0,0,40.1758
1,11,74,0,0,40.1745
1,12,74,0,0,40.1733
1,13,74,0,0,40.172
1,14,74,0,0,40.1707
1,15,74,0,0,40.1694
1,16,74,0,0,40.1681
1,17,74,0,0,40.1667
1,18,74,0,0,40.1654
1,19,74,0,0,40.1641
1,20,74,0,0,40.1627
1,21,74,0,0,40.1614
1,22,74,0,0,40.1601
1,23,74,0,0,40.1587
1,24,74,0,0,40.1574
1,25,74,0,0,40.1561
1,26,74,0,0,40.1548
1,27,74,0,0,40.1535
1,28,74,0,0,40.1523
1,29,74,0,0,40.151
1,30,74,0,0,40.1498
1,31,74,0,0,40.1485
1,32,74,0,0,40.1473
1,33,74,0,0,40.1461
1,34,74,0,0,40.1449
1,35,74,0,0,40.1438
1,36,74,0,0,40.1426
1,37,74,0,0,40.1415
1,38,74,0,0,40.1404
1,39,74,0,0,40.1393
1,40,74,0,0,40.1382
1,41,74,0,0,40.1371
1,42,74,0,0,40.1361
1,43,74,0,0,40.1351
1,44,74,0,0,40.1341
1,45,74,0,0,40.1331
1,46,74,0,0,40.1322
1,47,74,0,0,40.1312
1,48,74,0,0,40.1303
1,49,74,0,0,40.1294
1,50,74,0,0,40.1286
1,51,74,0,0,40.1278
1,52,74,0,0,40.127
1,53,74,0,0,40.1262
1,54,74,0,0,40.1255
1,55,74,0,0,40.1248
1,56,74,0,0,40.1241
1,57,74,0,0,40.1234
1,58,74,0,0,40.1228
1,59,74,0,0,40.1222
1,60,74,0,0,40.1217
1,61,74,0,0,40.1211
1,62,74,0,0,40.1207
1,63,74,0,0,40.1202
1,64,74,0,0,40.1197
1,65,74,0,0,40.1193
1,66,74,0,0,40.1189
1,67,74,0,0,40.1185
1,68,74,0,0,40.1182
1,69,74,0,0,40.1178
1,70,74,0,0,40.1175
1,71,74,0,0,40.1172
1,72,74,0,0,40.1169
1,73,74,0,0,40.1166
1,74,74,0,0,40.1164
1,75,74,0,0,40.1161
1,76,74,0,0,40.1159
1,77,74,0,0,40.1156
1,78,74,0,0,40.1154
1,79,74,0,0,40.1152
1,80,74,0,0,40.115
1,81,74,0,0,40.1147
1,82,74,0,0,40.1145
1,83,74,0,0,40.1143
1,84,74,0,0,40.1141
1,85,74,0,0,40.1139
1,86,74,0,0,40.1138
1,87,74,0,0,40.1136
1,88,74,0,0,40.1134
1,89,74,0,0,40.1132
1,90,74,0,0,40.113
1,91,74,0,0,40.1128
1,92,74,0,0,40.1126
1,93,74,0,0,40.1124
1,94,74,0,0,40.1122
1,95,74,0,0,40.112
1,96,74,0,0,40.1117
1,97,74,0,0,40.1115
1,98,74,0,0,40.1113
1,99,74,0,0,40.1111
1,100,74,0,0,40.1109
1,101,74,0,0,40.1107
1,102,74,0,0,40.1104
1,103,74,0,0,40.1102
1,104,74,0,0,40.11
1,105,74,0,0,40.1098
1,106,74,0,0,40.1096
1,107,74,0,0,40.1093
1,108,74,0,0,40.1091
1,109,74,0,0,40.1089
1,110,74,0,0,40.1087
1,111,74,0,0,40.1085
1,112,74,0,0,40.1083
1,113,74,0,0,40.1081
1,114,74,0,0,40.1079
1,115,74,0,0,40.1077
1,116,74,0,0,40.1075
1,117,74,0,0,40.1073
1,118,74,0,0,40.1072
1,119,74,0,0,40.107
1,120,74,0,0,40.1069
1,121,74,0,0,40.1067
1,122,74,0,0,40.1066
1,123,74,0,0,40.1065
1,124,74,0,0,40.1064
1,125,74,0,0,40.1063
1,126,74,0,0,40.1063
1,127,74,0,0,40.1062
1,0,75,0,0,40.173
1,1,75,0,0,40.1727
1,2,75,0,0,40.1723
1,3,75,0,0,40.1718
1,4,75,0,0,40.1712
1,5,75,0,0,40.1704
1,6,75,0,0,40.1696
1,7,75,0,0,40.1687
1,8,75,0,0,40.1677
1,9,75,0,0,40.1667
1,10,75,0,0,40.1656
1,11,75,0,0,40.1645
1,12,75,0,0,40.1634
1,13,75,0,0,40.1622
1,14,75,0,0,40.161
1,15,75,0,0,40.1598
1,16,75,0,0,40.1586
1,17,75,0,0,40.1573
1,18,75,0,0,40.1561
1,19,75,0,0,40.1549
1,20,75,0,0,40.1536
1,21,75,0,0,40.1524
1,22,75,0,0,40.1511
1,23,75,0,0,40.1499
1,24,75,0,0,40.1487
1,25,75,0,0,40.1475
1,26,75,0,0,40.1463
1,27,75,0,0,40.1451
1,28,75,0,0,40.1439
1,29,75,0,0,40.1427
1,30,75,0,0,40.1415
1,31,75,0,0,40.1404
1,32,75,0,0,40.1392
1,33,75,0,0,40.1381
1,34,75,0,0,40.137
1,35,75,0,0,40.1359
1,36,75,0,0,40.1348
1,37,75,0,0,40.1338
1,38,75,0,0,40.1327
1,39,75,0,0,40.1317
1,40,75,0,0,40.1307
1,41,75,0,0,40.1297
1,42,75,0,0,40.1287
1,43,75,0,0,40.1277
1,44,75,0,0,40.1268
1,45,75,0,0,40.1259
1,46,75,0,0,40.125
1,47,75,0,0,40.1241
1,48,75,0,0,40.1233
1,49,75,0,0,40.1224
1,50,75,0,0,40.1216
1,51,75,0,0,40.1209
1,52,75,0,0,40.1201
1,53,75,0,0,40.1194
1,54,75,0,0,40.1187
1,55,75,0,0,40.118
1,56,75,0,0,40.1174
1,57,75,0,0,40.1168
1,58,75,0,0,40.1162
1,59,75,0,0,40.1156
1,60,75,0,0,40.1151
1,61,75,0,0,40.1146
1,62,75,0,0,40.1141
1,63,75,0,0,40.1137
1,64,75,0,0,40.1133
1,65,75,0,0,40.1129
1,66,75,0,0,40.1125
1,67,75,0,0,40.1121
1,68,75,0,0,40.1118
1,69,75,0,0,40.1114
1,70,75,0,0,40.1111
1,71,75,0,0,40.1108
1,72,75,0,0,40.1105
1,73,75,0,0,40.1103
1,74,75,0,0,40.11
1,75,75,0,0,40.1098
1,76,75,0,0,40.1095
1,77,75,0,0,40.1093
1,78,75,0,0,40.1091
1,79,75,0,0,40.1088
1,80,75,0,0,40.1086
1,81,75,0,0,40.1084
1,82,75,0,0,40.1082
1,83,75,0,0,40.108
1,84,75,0,0,40.1078
1,85,75,0,0,40.1076
1,86,75,0,0,40.1075
1,87,75,0,0,40.1073
1,88,75,0,0,40.1071
1,89,75,0,0,40.1069
1,90,75,0,0,40.1067
1,91,75,0,0,40.1065
1,92,75,0,0,40.1063
1,93,75,0,0,40.1061
1,94,75,0,0,40.1059
1,95,75,0,0,40.1057
1,96,75,0,0,40.1055
1,97,75,0,0,40.1053
1,98,75,0,0,40.1051
1,99,75,0,0,40.1049
1,100,75,0,0,40.1047
1,101,75,0,0,40.1045
1,102,75,0,0,40.1043
1,103,75,0,0,40.1041
1,104,75,0,0,40.1039
1,105,75,0,0,40.1037
1,106,75,0,0,40.1035
1,107,75,0,0,40.1033
1,108,75,0,0,40.1031
1,109,75,0,0,40.1029
1,110,75,0,0,40.1027
1,111,75,0,0,40.1025
1,112,75,0,0,40.1023
1,113,75,0,0,40.1021
1,114,75,0,0,40.1019
1,115,75,0,0,40.1018
1,116,75,0,0,40.1016
1,117,75,0,0,40.1014
1,118,75,0,0,40.1013
1,119,75,0,0,40.1011
1,120,75,0,0,40.101
1,121,75,0,0,40.1009
1,122,75,0,0,40.1008
1,123,75,0,0,40.1007
1,124,75,0,0,40.1006
1,125,75,0,0,40.1005
1,126,75,0,0,40.1005
1,127,75,0,0,40.1004
1,0,76,0,0,40.1626
1,1,76,0,0,40.1624
1,2,76,0,0,40.1621
1,3,76,0,0,40.1616
1,4,76,0,0,40.161
1,5,76,0,0,40.1604
1,6,76,0,0,40.1596
1,7,76,0,0,40.1588
1,8,76,0,0,40.158
1,9,76,0,0,40.1571
1,10,76,0,0,40.1561
1,11,76,0,0,40.1551
1,12,76,0,0,40.154
1,13,76,0,0,40.153
1,14,76,0,0,40.1519
1,15,76,0,0,40.1507
1,16,76,0,0,40.1496
1,17,76,0,0,40.1485
1,18,76,0,0,40.1473
1,19,76,0,0,40.1462
1,20,76,0,0,40.145
1,21,76,0,0,40.1439
1,22,76,0,0,40.1427
1,23,76,0,0,40.1416
1,24,76,0,0,40.1404
1,25,76,0,0,40.1393
1,26,76,0,0,40.1382
1,27,76,0,0,40.1371
1,28,76,0,0,40.1359
1,29,76,0,0,40.1348
1,30,76,0,0,40.1337
1,31,76,0,0,40.1327
1,32,76,0,0,40.1316
1,33,76,0,0,40.1305
1,34,76,0,0,40.1295
1,35,76,0,0,40.1285
1,36,76,0,0,40.1275
1,37,76,0,0,40.1265
1,38,76,0,0,40.1255
1,39,76,0,0,40.1245
1,40,76,0,0,40.1235
1,41,76,0,0,40.1226
1,42,76,0,0,40.1217
1,43,76,0,0,40.1208
1,44,76,0,0,40.1199
1,45,76,0,0,40.1191
1,46,76,0,0,40.1182
1,47,76,0,0,40.1174
1,48,76,0,0,40.1166
1,49,76,0,0,40.1158
1,50,76,0,0,40.1151
1,51,76,0,0,40.1144
1,52,76,0,0,40.1137
1,53,76,0,0,40.113
1,54,76,0,0,40.1123
1,55,76,0,0,40.1117
1,56,76,0,0,40.1111
1,57,76,0,0,40.1105
1,58,76,0,0,40.1099
1,59,76,0,0,40.1094
1,60,76,0,0,40.1089
1,61,76,0,0,40.1084
1,62,76,0,0,40.108
1,63,76,0,0,40.1075
1,64,76,0,0,40.1071
1,65,76,0,0,40.1068
1,66,76,0,0,40.1064
1,67,76,0,0,40.106
1,68,76,0,0,40.1057
1,69,76,0,0,40.1054
1,70,76,0,0,40.1051
1,71,76,0,0,40.1048
1,72,76,0,0,40.1045
1,73,76,0,0,40.1043
1,74,76,0,0,40.104
1,75,76,0,0,40.1038
1,76,76,0,0,40.1035
1,77,76,0,0,40.1033
1,78,76,0,0,40.1031
1,79,76,0,0,40.1029
1,80,76,0,0,40.1027
1,81,76,0,0,40.1025
1,82,76,0,0,40.1023
1,83,76,0,0,40.1021
1,84,76,0,0,40.1019
1,85,76,0,0,40.1017
1,86,76,0,0,40.1015
1,87,76,0,0,40.1013
1,88,76,0,0,40.1012
1,89,76,0,0,40.101
1,90,76,0,0,40.1008
1,91,76,0,0,40.1006
1,92,76,0,0,40.1004
1,93,76,0,0,40.1003
1,94,76,0,0,40.1001
1,95,76,0,0,40.0999
1,96,76,0,0,40.0997
1,97,76,0,0,40.0995
1,98,76,0,0,40.0993
1,99,76,0,0,40.0991
1,100,76,0,0,40.0989
1,101,76,0,0,40.0987
1,102,76,0,0,40.0985
1,103,76,0,0,40.0983
1,104,76,0,0,40.0982
1,105,76,0,0,40.098
1,106,76,0,0,40.0978
1,107,76,0,0,40.0976
1,108,76,0,0,40.0974
1,109,76,0,0,40.0972
1,110,76,0,0,40.097
1,111,76,0,0,40.0969
1,112,76,0,0,40.0967
1,113,76,0,0,40.0965
1,114,76,0,0,40.0963
1,115,76,0,0,40.0962
1,116,76,0,0,40.096
1,117,76,0,0,40.0959
1,118,76,0,0,40.0957
1,119,76,0,0,40.0956
1,120,76,0,0,40.0955
1,121,76,0,0,40.0954
1,122,76,0,0,40.0953
1,123,76,0,0,40.0952
1,124,76,0,0,40.0951
1,125,76,0,0,40.0951
1,126,76,0,0,40.095
1,127,76,0,0,40.095
1,0,77,0,0,40.153
1,1,77,0,0,40.1528
1,2,77,0,0,40.1524
1,3,77,0,0,40.152
1,4,77,0,0,40.1515
1,5,77,0,0,40.151
1,6,77,0,0,40.1503
1,7,77,0,0,40.1496
1,8,77,0,0,40.1488
1,9,77,0,0,40.148
1,10,77,0,0,40.1471
1,11,77,0,0,40.1462
1,12,77,0,0,40.1452
1,13,77,0,0,40.1442
1,14,77,0,0,40.1432
1,15,77,0,0,40.1422
1,16,77,0,0,40.1412
1,17,77,0,0,40.1401
1,18,77,0,0,40.1391
1,19,77,0,0,40.138
1,20,77,0,0,40.1369
1,21,77,0,0,40.1359
1,22,77,0,0,40.1348
1,23,77,0,0,40.1337
1,24,77,0,0,40.1327
1,25,77,0,0,40.1316
1,26,77,0,0,40.1305
1,27,77,0,0,40.1295
1,28,77,0,0,40.1285
1,29,77,0,0,40.1274
1,30,77,0,0,40.1264
1,31,77,0,0,40.1254
1,32,77,0,0,40.1244
1,33,77,0,0,40.1234
1,34,77,0,0,40.1224
1,35,77,0,0,40.1214
1,36,77,0,0,40.1205
1,37,77,0,0,40.1196
1,38,77,0,0,40.1186
1,39,77,0,0,40.1177
1,40,77,0,0,40.1168
1,41,77,0,0,40.116
1,42,77,0,0,40.1151
1,43,77,0,0,40.1143
1,44,77,0,0,40.1134
1,45,77,0,0,40.1126
1,46,77,0,0,40.1118
1,47,77,0,0,40.1111
1,48,77,0,0,40.1103
1,49,77,0,0,40.1096
1,50,77,0,0,40.1089
1,51,77,0,0,40.1082
1,52,77,0,0,40.1075
1,53,77,0,0,40.1069
1,54,77,0,0,40.1063
1,55,77,0,0,40.1057
1,56,77,0,0,40.1051
1,57,77,0,0,40.1046
1,58,77,0,0,40.104
1,59,77,0,0,40.1035
1,60,77,0,0,40.1031
1,61,77,0,0,40.1026
1,62,77,0,0,40.1022
1,63,77,0,0,40.1017
1,64,77,0,0,40.1014
1,65,77,0,0,40.101
1,66,77,0,0,40.1006
1,67,77,0,0,40.1003
1,68,77,0,0,40.1
1,69,77,0,0,40.0997
1,70,77,0,0,40.0994
1,71,77,0,0,40.0991
1,72,77,0,0,40.0988
1,73,77,0,0,40.0986
1,74,77,0,0,40.0983
1,75,77,0,0,40.0981
1,76,77,0,0,40.0979
1,77,77,0,0,40.0976
1,78,77,0,0,40.0974
1,79,77,0,0,40.0972
1,80,77,0,0,40.097
1,81,77,0,0,40.0968
1,82,77,0,0,40.0966
1,83,77,0,0,40.0965
1,84,77,0,0,40.0963
1,85,77,0,0,40.0961
1,86,77,0,0,40.0959
1,87,77,0,0,40.0958
1,88,77,0,0,40.0956
1,89,77,0,0,40.0954
1,90,77,0,0,40.0952
1,91,77,0,0,40.0951
1,92,77,0,0,40.0949
1,93,77,0,0,40.0947
1,94,77,0,0,40.0945
1,95,77,0,0,40.0944
1,96,77,0,0,40.0942
1,97,77,0,0,40.094
1,98,77,0,0,40.0938
1,99,77,0,0,40.0936
1,100,77,0,0,40.0935
1,101,77,0,0,40.0933
1,102,77,0,0,40.0931
1,103,77,0,0,40.0929
1,104,77,0,0,40.0927
1,105,77,0,0,40.0926
1,106,77,0,0,40.0924
1,107,77,0,0,40.0922
1,108,77,0,0,40.092
1,109,77,0,0,40.0919
1,110,77,0,0,40.0917
1,111,77,0,0,40.0915
1,112,77,0,0,40.0914
1,113,77,0,0,40.0912
1,114,77,0,0,40.0911
1,115,77,0,0,40.0909
1,116,77,0,0,40.0908
1,117,77,0,0,40.0906
1,118,77,0,0,40.0905
1,119,77,0,0,40.0904
1,120,77,0,0,40.0903
1,121,77,0,0,40.0902
1,122,77,0,0,40.0901
1,123,77,0,0,40.09
1,124,77,0,0,40.0899
1,125,77,0,0,40.0899
1,126,77,0,0,40.0898
1,127,77,0,0,40.0898
1,0,78,0,0,40.1439
1,1,78,0,0,40.1437
1,2,78,0,0,40.1434
1,3,78,0,0,40.1431
1,4,78,0,0,40.1426
1,5,78,0,0,40.1421
1,6,78,0,0,40.1415
1,7,78,0,0,40.1409
1,8,78,0,0,40.1402
1,9,78,0,0,40.1394
1,10,78,0,0,40.1386
1,11,78,0,0,40.1378
1,12,78,0,0,40.1369
1,13,78,0,0,40.136
1,14,78,0,0,40.1351
1,15,78,0,0,40.1342
1,16,78,0,0,40.1332
1,17,78,0,0,40.1322
1,18,78,0,0,40.1313
1,19,78,0,0,40.1303
1,20,78,0,0,40.1293
1,21,78,0,0,40.1283
1,22,78,0,0,40.1273
1,23,78,0,0,40.1263
1,24,78,0,0,40.1253
1,25,78,0,0,40.1243
1,26,78,0,0,40.1233
1,27,78,0,0,40.1224
1,28,78,0,0,40.1214
1,29,78,0,0,40.1204
1,30,78,0,0,40.1195
1,31,78,0,0,40.1185
1,32,78,0,0,40.1176
1,33,78,0,0,40.1166
1,34,78,0,0,40.1157
1,35,78,0,0,40.1148
1,36,78,0,0,40.1139
1,37,78,0,0,40.113
1,38,78,0,0,40.1122
1,39,78,0,0,40.1113
1,40,78,0,0,40.1105
1,41,78,0,0,40.1097
1,42,78,0,0,40.1089
1,43,78,0,0,40.1081
1,44,78,0,0,40.1073
1,45,78,0,0,40.1065
1,46,78,0,0,40.1058
1,47,78,0,0,40.1051
1,48,78,0,0,40.1044
1,49,78,0,0,40.1037
1,50,78,0,0,40.103
1,51,78,0,0,40.1024
1,52,78,0,0,40.1017
1,53,78,0,0,40.1011
1,54,78,0,0,40.1006
1,55,78,0,0,40.1
1,56,78,0,0,40.0995
1,57,78,0,0,40.0989
1,58,78,0,0,40.0984
1,59,78,0,0,40.098
1,60,78,0,0,40.0975
1,61,78,0,0,40.0971
1,62,78,0,0,40.0967
1,63,78,0,0,40.0963
1,64,78,0,0,40.0959
1,65,78,0,0,40.0955
1,66,78,0,0,40.0952
1,67,78,0,0,40.0949
1,68,78,0,0,40.0946
1,69,78,0,0,40.0943
1,70,78,0,0,40.094
1,71,78,0,0,40.0937
1,72,78,0,0,40.0935
1,73,78,0,0,40.0932
1,74,78,0,0,40.093
1,75,78,0,0,40.0927
1,76,78,0,0,40.0925
1,77,78,0,0,40.0923
1,78,78,0,0,40.0921
1,79,78,0,0,40.0919
1,80,78,0,0,40.0917
1,81,78,0,0,40.0915
1,82,78,0,0,40.0913
1,83,78,0,0,40.0912
1,84,78,0,0,40.091
1,85,78,0,0,40.0908
1,86,78,0,0,40.0906
1,87,78,0,0,40.0905
1,88,78,0,0,40.0903
1,89,78,0,0,40.0901
1,90,78,0,0,40.09
1,91,78,0,0,40.0898
1,92,78,0,0,40.0896
1,93,78,0,0,40.0895
1,94,78,0,0,40.0893
1,95,78,0,0,40.0891
1,96,78,0,0,40.089
1,97,78,0,0,40.0888
1,98,78,0,0,40.0886
1,99,78,0,0,40.0885
1,100,78,0,0,40.0883
1,101,78,0,0,40.0881
1,102,78,0,0,40.088
1,103,78,0,0,40.0878
1,104,78,0,0,40.0876
1,105,78,0,0,40.0875
1,106,78,0,0,40.0873
1,107,78,0,0,40.0871
1,108,78,0,0,40.087
1,109,78,0,0,40.0868
1,110,78,0,0,40.0867
1,111,78,0,0,40.0865
1,112,78,0,0,40.0864
1,113,78,0,0,40.0862
1,114,78,0,0,40.0861
1,115,78,0,0,40.0859
1,116,78,0,0,40.0858
1,117,78,0,0,40.0857
1,118,78,0,0,40.0856
1,119,78,0,0,40.0854
1,120,78,0,0,40.0853
1,121,78,0,0,40.0853
1,122,78,0,0,40.0852
1,123,78,0,0,40.0851
1,124,78,0,0,40.085
1,125,78,0,0,40.085
1,126,78,0,0,40.085
1,127,78,0,0,40.0849
1,0,79,0,0,40.1354
1,1,79,0,0,40.1352
1,2,79,0,0,40.135
1,3,79,0,0,40.1347
1,4,79,0,0,40.1343
1,5,79,0,0,40.1338
1,6,79,0,0,40.1333
1,7,79,0,0,40.1327
1,8,79,0,0,40.1321
1,9,79,0,0,40.1314
1,10,79,0,0,40.1307
1,11,79,0,0,40.1299
1,12,79,0,0,40.1291
1,13,79,0,0,40.1283
1,14,79,0,0,40.1274
1,15,79,0,0,40.1266
1,16,79,0,0,40.1257
1,17,79,0,0,40.1248
1,18,79,0,0,40.1239
1,19,79,0,0,40.123
1,20,79,0,0,40.1221
1,21,79,0,0,40.1211
1,22,79,0,0,40.1202
1,23,79,0,0,40.1193
1,24,79,0,0,40.1184
1,25,79,0,0,40.1174
1,26,79,0,0,40.1165
1,27,79,0,0,40.1156
1,28,79,0,0,40.1147
1,29,79,0,0,40.1138
1,30,79,0,0,40.1129
1,31,79,0,0,40.112
1,32,79,0,0,40.1111
1,33,79,0,0,40.1103
1,34,79,0,0,40.1094
1,35,79,0,0,40.1086
1,36,79,0,0,40.1077
1,37,79,0,0,40.1069
1,38,79,0,0,40.1061
1,39,79,0,0,40.1053
1,40,79,0,0,40.1045
1,41,79,0,0,40.1037
1,42,79,0,0,40.103
1,43,79,0,0,40.1022
1,44,79,0,0,40.1015
1,45,79,0,0,40.1008
1,46,79,0,0,40.1001
1,47,79,0,0,40.0994
1,48,79,0,0,40.0987
1,49,79,0,0,40.0981
1,50,79,0,0,40.0975
1,51,79,0,0,40.0969
1,52,79,0,0,40.0963
1,53,79,0,0,40.0957
1,54,79,0,0,40.0951
1,55,79,0,0,40.0946
1,56,79,0,0,40.0941
1,57,79,0,0,40.0936
1,58,79,0,0,40.0931
1,59,79,0,0,40.0927
1,60,79,0,0,40.0923
1,61,79,0,0,40.0919
1,62,79,0,0,40.0915
1,63,79,0,0,40.0911
1,64,79,0,0,40.0907
1,65,79,0,0,40.0904
1,66,79,0,0,40.0901
1,67,79,0,0,40.0897
1,68,79,0,0,40.0894
1,69,79,0,0,40.0892
1,70,79,0,0,40.0889
1,71,79,0,0,40.0886
1,72,79,0,0,40.0884
1,73,79,0,0,40.0881
1,74,79,0,0,40.0879
1,75,79,0,0,40.0877
1,76,79,0,0,40.0875
1,77,79,0,0,40.0873
1,78,79,0,0,40.0871
1,79,79,0,0,40.0869
1,80,79,0,0,40.0867
1,81,79,0,0,40.0865
1,82,79,0,0,40.0863
1,83,79,0,0,40.0862
1,84,79,0,0,40.086
1,85,79,0,0,40.0858
1,86,79,0,0,40.0857
1,87,79,0,0,40.0855
1,88,79,0,0,40.0853
1,89,79,0,0,40.0852
1,90,79,0,0,40.085
1,91,79,0,0,40.0849
1,92,79,0,0,40.0847
1,93,79,0,0,40.0846
1,94,79,0,0,40.0844
1,95,79,0,0,40.0842
1,96,79,0,0,40.0841
1,97,79,0,0,40.0839
1,98,79,0,0,40.0838
1,99,79,0,0,40.0836
1,100,79,0,0,40.0834
1,101,79,0,0,40.0833
1,102,79,0,0,40.0831
1,103,79,0,0,40.083
1,104,79,0,0,40.0828
1,105,79,0,0,40.0826
1,106,79,0,0,40.0825
1,107,79,0,0,40.0823
1,108,79,0,0,40.0822
1,109,79,0,0,40.082
1,110,79,0,0,40.0819
1,111,79,0,0,40.0818
1,112,79,0,0,40.0816
1,113,79,0,0,40.0815
1,114,79,0,0,40.0814
1,115,79,0,0,40.0812
1,116,79,0,0,40.0811
1,117,79,0,0,40.081
1,118,79,0,0,40.0809
1,119,79,0,0,40.0808
1,120,79,0,0,40.0807
1,121,79,0,0,40.0806
1,122,79,0,0,40.0805
1,123,79,0,0,40.0805
1,124,79,0,0,40.0804
1,125,79,0,0,40.0804
1,126,79,0,0,40.0803
1,127,79,0,0,40.0803
1,0,80,0,0,40.1274
1,1,80,0,0,40.1273
1,2,80,0,0,40.1271
1,3,80,0,0,40.1268
1,4,80,0,0,40.1264
1,5,80,0,0,40.126
1,6,80,0,0,40.1255
1,7,80,0,0,40.125
1,8,80,0,0,40.1244
1,9,80,0,0,40.1238
1,10,80,0,0,40.1232
1,11,80,0,0,40.1225
1,12,80,0,0,40.1217
1,13,80,0,0,40.121
1,14,80,0,0,40.1202
1,15,80,0,0,40.1194
1,16,80,0,0,40.1186
1,17,80,0,0,40.1178
1,18,80,0,0,40.1169
1,19,80,0,0,40.1161
1,20,80,0,0,40.1153
1,21,80,0,0,40.1144
1,22,80,0,0,40.1135
1,23,80,0,0,40.1127
1,24,80,0,0,40.1118
1,25,80,0,0,40.111
1,26,80,0,0,40.1101
1,27,80,0,0,40.1092
1,28,80,0,0,40.1084
1,29,80,0,0,40.1075
1,30,80,0,0,40.1067
1,31,80,0,0,40.1059
1,32,80,0,0,40.1051
1,33,80,0,0,40.1042
1,34,80,0,0,40.1034
1,35,80,0,0,40.1026
1,36,80,0,0,40.1018
1,37,80,0,0,40.1011
1,38,80,0,0,40.1003
1,39,80,0,0,40.0996
1,40,80,0,0,40.0988
1,41,80,0,0,40.0981
1,42,80,0,0,40.0974
1,43,80,0,0,40.0967
1,44,80,0,0,40.096
1,45,80,0,0,40.0953
1,46,80,0,0,40.0947
1,47,80,0,0,40.094
1,48,80,0,0,40.0934
1,49,80,0,0,40.0928
1,50,80,0,0,40.0922
1,51,80,0,0,40.0916
1,52,80,0,0,40.0911
1,53,80,0,0,40.0906
1,54,80,0,0,40.09
1,55,80,0,0,40.0895
1,56,80,0,0,40.0891
1,57,80,0,0,40.0886
1,58,80,0,0,40.0881
1,59,80,0,0,40.0877
1,60,80,0,0,40.0873
1,61,80,0,0,40.0869
1,62,80,0,0,40.0865
1,63,80,0,0,40.0862
1,64,80,0,0,40.0858
1,65,80,0,0,40.0855
1,66,80,0,0,40.0852
1,67,80,0,0,40.0849
1,68,80,0,0,40.0846
1,69,80,0,0,40.0843
1,70,80,0,0,40.0841
1,71,80,0,0,40.0838
1,72,80,0,0,40.0836
1,73,80,0,0,40.0834
1,74,80,0,0,40.0831
1,75,80,0,0,40.0829
1,76,80,0,0,40.0827
1,77,80,0,0,40.0825
1,78,80,0,0,40.0823
1,79,80,0,0,40.0821
1,80,80,0,0,40.082
1,81,80,0,0,40.0818
1,82,80,0,0,40.0816
1,83,80,0,0,40.0815
1,84,80,0,0,40.0813
1,85,80,0,0,40.0811
1,86,80,0,0,40.081
1,87,80,0,0,40.0808
1,88,80,0,0,40.0807
1,89,80,0,0,40.0805
1,90,80,0,0,40.0804
1,91,80,0,0,40.0802
1,92,80,0,0,40.0801
1,93,80,0,0,40.0799
1,94,80,0,0,40.0798
1,95,80,0,0,40.0796
1,96,80,0,0,40.0794
1,97,80,0,0,40.0793
1,98,80,0,0,40.0791
1,99,80,0,0,40.079
1,100,80,0,0,40.0788
1,101,80,0,0,40.0787
1,102,80,0,0,40.0786
1,103,80,0,0,40.0784
1,104,80,0,0,40.0783
1,105,80,0,0,40.0781
1,106,80,0,0,40.078
1,107,80,0,0,40.0778
1,108,80,0,0,40.0777
1,109,80,0,0,40.0775
1,110,80,0,0,40.0774
1,111,80,0,0,40.0773
1,112,80,0,0,40.0772
1,113,80,0,0,40.077
1,114,80,0,0,40.0769
1,115,80,0,0,40.0768
1,116,80,0,0,40.0767
1,117,80,0,0,40.0766
1,118,80,0,0,40.0765
1,119,80,0,0,40.0764
1,120,80,0,0,40.0763
1,121,80,0,0,40.0762
1,122,80,0,0,40.0762
1,123,80,0,0,40.0761
1,124,80,0,0,40.0761
1,125,80,0,0,40.076
1,126,80,0,0,40.076
1,127,80,0,0,40.076
1,0,81,0,0,40.12
1,1,81,0,0,40.1198
1,2,81,0,0,40.1196
1,3,81,0,0,40.1194
1,4,81,0,0,40.1191
1,5,81,0,0,40.1187
1,6,81,0,0,40.1183
1,7,81,0,0,40.1178
1,8,81,0,0,40.1173
1,9,81,0,0,40.1167
1,10,81,0,0,40.1161
1,11,81,0,0,40.1155
1,12,81,0,0,40.1148
1,13,81,0,0,40.1141
1,14,81,0,0,40.1134
1,15,81,0,0,40.1127
1,16,81,0,0,40.1119
1,17,81,0,0,40.1112
1,18,81,0,0,40.1104
1,19,81,0,0,40.1096
1,20,81,0,0,40.1088
1,21,81,0,0,40.108
1,22,81,0,0,40.1072
1,23,81,0,0,40.1064
1,24,81,0,0,40.1056
1,25,81,0,0,40.1048
1,26,81,0,0,40.104
1,27,81,0,0,40.1032
1,28,81,0,0,40.1024
1,29,81,0,0,40.1016
1,30,81,0,0,40.1009
1,31,81,0,0,40.1001
1,32,81,0,0,40.0993
1,33,81,0,0,40.0985
1,34,81,0,0,40.0978
1,35,81,0,0,40.097
1,36,81,0,0,40.0963
1,37,81,0,0,40.0956
1,38,81,0,0,40.0949
1,39,81,0,0,40.0942
1,40,81,0,0,40.0935
1,41,81,0,0,40.0928
1,42,81,0,0,40.0921
1,43,81,0,0,40.0915
1,44,81,0,0,40.0908
1,45,81,0,0,40.0902
1,46,81,0,0,40.0896
1,47,81,0,0,40.089
1,48,81,0,0,40.0884
1,49,81,0,0,40.0878
1,50,81,0,0,40.0873
1,51,81,0,0,40.0867
1,52,81,0,0,40.0862
1,53,81,0,0,40.0857
1,54,81,0,0,40.0852
1,55,81,0,0,40.0847
1,56,81,0,0,40.0843
1,57,81,0,0,40.0838
1,58,81,0,0,40.0834
1,59,81,0,0,40.083
1,60,81,0,0,40.0826
1,61,81,0,0,40.0822
1,62,81,0,0,40.0819
1,63,81,0,0,40.0816
1,64,81,0,0,40.0812
1,65,81,0,0,40.0809
1,66,81,0,0,40.0806
1,67,81,0,0,40.0803
1,68,81,0,0,40.0801
1,69,81,0,0,40.0798
1,70,81,0,0,40.0795
1,71,81,0,0,40.0793
1,72,81,0,0,40.0791
1,73,81,0,0,40.0788
1,74,81,0,0,40.0786
1,75,81,0,0,40.0784
1,76,81,0,0,40.0782
1,77,81,0,0,40.078
1,78,81,0,0,40.0779
1,79,81,0,0,40.0777
1,80,81,0,0,40.0775
1,81,81,0,0,40.0773
1,82,81,0,0,40.0772
1,83,81,0,0,40.077
1,84,81,0,0,40.0768
1,85,81,0,0,40.0767
1,86,81,0,0,40.0765
1,87,81,0,0,40.0764
1,88,81,0,0,40.0762
1,89,81,0,0,40.0761
1,90,81,0,0,40.0759
1,91,81,0,0,40.0758
1,92,81,0,0,40.0757
1,93,81,0,0,40.0755
1,94,81,0,0,40.0754
1,95,81,0,0,40.0752
1,96,81,0,0,40.0751
1,97,81,0,0,40.0749
1,98,81,0,0,40.0748
1,99,81,0,0,40.0747
1,100,81,0,0,40.0745
1,101,81,0,0,40.0744
1,102,81,0,0,40.0742
1,103,81,0,0,40.0741
1,104,81,0,0,40.074
1,105,81,0,0,40.0738
1,106,81,0,0,40.0737
1,107,81,0,0,40.0736
1,108,81,0,0,40.0734
1,109,81,0,0,40.0733
1,110,81,0,0,40.0732
1,111,81,0,0,40.0731
1,112,81,0,0,40.0729
1,113,81,0,0,40.0728
1,114,81,0,0,40.0727
1,115,81,0,0,40.0726
1,116,81,0,0,40.0725
1,117,81,0,0,40.0724
1,118,81,0,0,40.0723
1,119,81,0,0,40.0722
1,120,81,0,0,40.0722
1,121,81,0,0,40.0721
1,122,81,0,0,40.072
1,123,81,0,0,40.072
1,124,81,0,0,40.0719
1,125,81,0,0,40.0719
1,126,81,0,0,40.0719
1,127,81,0,0,40.0718
1,0,82,0,0,40.113
1,1,82,0,0,40.1128
1,2,82,0,0,40.1127
1,3,82,0,0,40.1124
1,4,82,0,0,40.1121
1,5,82,0,0,40.1118
1,6,82,0,0,40.1114
1,7,82,0,0,40.111
1,8,82,0,0,40.1105
1,9,82,0,0,40.11
1,10,82,0,0,40.1095
1,11,82,0,0,40.1089
1,12,82,0,0,40.1083
1,13,82,0,0,40.1076
1,14,82,0,0,40.107
1,15,82,0,0,40.1063
1,16,82,0,0,40.1056
1,17,82,0,0,40.1049
1,18,82,0,0,40.1042
1,19,82,0,0,40.1035
1,20,82,0,0,40.1028
1,21,82,0,0,40.102
1,22,82,0,0,40.1013
1,23,82,0,0,40.1005
1,24,82,0,0,40.0998
1,25,82,0,0,40.099
1,26,82,0,0,40.0983
1,27,82,0,0,40.0975
1,28,82,0,0,40.0968
1,29,82,0,0,40.0961
1,30,82,0,0,40.0953
1,31,82,0,0,40.0946
1,32,82,0,0,40.0939
1,33,82,0,0,40.0932
1,34,82,0,0,40.0925
1,35,82,0,0,40.0918
1,36,82,0,0,40.0911
1,37,82,0,0,40.0904
1,38,82,0,0,40.0897
1,39,82,0,0,40.0891
1,40,82,0,0,40.0884
1,41,82,0,0,40.0878
1,42,82,0,0,40.0871
1,43,82,0,0,40.0865
1,44,82,0,0,40.0859
1,45,82,0,0,40.0853
1,46,82,0,0,40.0847
1,47,82,0,0,40.0842
1,48,82,0,0,40.0836
1,49,82,0,0,40.0831
1,50,82,0,0,40.0826
1,51,82,0,0,40.0821
1,52,82,0,0,40.0816
1,53,82,0,0,40.0811
1,54,82,0,0,40.0806
1,55,82,0,0,40.0802
1,56,82,0,0,40.0798
1,57,82,0,0,40.0793
1,58,82,0,0,40.0789
1,59,82,0,0,40.0786
1,60,82,0,0,40.0782
1,61,82,0,0,40.0778
1,62,82,0,0,40.0775
1,63,82,0,0,40.0772
1,64,82,0,0,40.0769
1,65,82,0,0,40.0766
1,66,82,0,0,40.0763
1,67,82,0,0,40.076
1,68,82,0,0,40.0757
1,69,82,0,0,40.0755
1,70,82,0,0,40.0752
1,71,82,0,0,40.075
1,72,82,0,0,40.0748
1,73,82,0,0,40.0746
1,74,82,0,0,40.0744
1,75,82,0,0,40.0742
1,76,82,0,0,40.074
1,77,82,0,0,40.0738
1,78,82,0,0,40.0736
1,79,82,0,0,40.0735
1,80,82,0,0,40.0733
1,81,82,0,0,40.0731
1,82,82,0,0,40.073
1,83,82,0,0,40.0728
1,84,82,0,0,40.0727
1,85,82,0,0,40.0725
1,86,82,0,0,40.0724
1,87,82,0,0,40.0722
1,88,82,0,0,40.0721
1,89,82,0,0,40.0719
1,90,82,0,0,40.0718
1,91,82,0,0,40.0717
1,92,82,0,0,40.0715
1,93,82,0,0,40.0714
1,94,82,0,0,40.0712
1,95,82,0,0,40.0711
1,96,82,0,0,40.071
1,97,82,0,0,40.0708
1,98,82,0,0,40.0707
1,99,82,0,0,40.0706
1,100,82,0,0,40.0704
1,101,82,0,0,40.0703
1,102,82,0,0,40.0702
1,103,82,0,0,40.07
1,104,82,0,0,40.0699
1,105,82,0,0,40.0698
1,106,82,0,0,40.0697
1,107,82,0,0,40.0695
1,108,82,0,0,40.0694
1,109,82,0,0,40.0693
1,110,82,0,0,40.0692
1,111,82,0,0,40.0691
1,112,82,0,0,40.069
1,113,82,0,0,40.0689
1,114,82,0,0,40.0688
1,115,82,0,0,40.0687
1,116,82,0,0,40.0686
1,117,82,0,0,40.0685
1,118,82,0,0,40.0684
1,119,82,0,0,40.0683
1,120,82,0,0,40.0682
1,121,82,0,0,40.0682
1,122,82,0,0,40.0681
1,123,82,0,0,40.0681
1,124,82,0,0,40.068
1,125,82,0,0,40.068
1,126,82,0,0,40.068
1,127,82,0,0,40.068
1,0,83,0,0,40.1064
1,1,83,0,0,40.1063
1,2,83,0,0,40.1061
1,3,83,0,0,40.1059
1,4,83,0,0,40.1056
1,5,83,0,0,40.1053
1,6,83,0,0,40.105
1,7,83,0,0,40.1046
1,8,83,0,0,40.1042
1,9,83,0,0,40.1037
1,10,83,0,0,40.1032
1,11,83,0,0,40.1027
1,12,83,0,0,40.1021
1,13,83,0,0,40.1015
1,14,83,0,0,40.1009
1,15,83,0,0,40.1003
1,16,83,0,0,40.0997
1,17,83,0,0,40.099
1,18,83,0,0,40.0984
1,19,83,0,0,40.0977
1,20,83,0,0,40.097
1,21,83,0,0,40.0963
1,22,83,0,0,40.0957
1,23,83,0,0,40.095
1,24,83,0,0,40.0943
1,25,83,0,0,40.0936
1,26,83,0,0,40.0929
1,27,83,0,0,40.0922
1,28,83,0,0,40.0915
1,29,83,0,0,40.0908
1,30,83,0,0,40.0901
1,31,83,0,0,40.0894
1,32,83,0,0,40.0888
1,33,83,0,0,40.0881
1,34,83,0,0,40.0874
1,35,83,0,0,40.0868
1,36,83,0,0,40.0861
1,37,83,0,0,40.0855
1,38,83,0,0,40.0849
1,39,83,0,0,40.0842
1,40,83,0,0,40.0836
1,41,83,0,0,40.083
1,42,83,0,0,40.0824
1,43,83,0,0,40.0819
1,44,83,0,0,40.0813
1,45,83,0,0,40.0807
1,46,83,0,0,40.0802
1,47,83,0,0,40.0797
1,48,83,0,0,40.0791
1,49,83,0,0,40.0786
1,50,83,0,0,40.0781
1,51,83,0,0,40.0777
1,52,83,0,0,40.0772
1,53,83,0,0,40.0768
1,54,83,0,0,40.0763
1,55,83,0,0,40.0759
1,56,83,0,0,40.0755
1,57,83,0,0,40.0751
1,58,83,0,0,40.0747
1,59,83,0,0,40.0744
1,60,83,0,0,40.074
1,61,83,0,0,40.0737
1,62,83,0,0,40.0733
1,63,83,0,0,40.073
1,64,83,0,0,40.0727
1,65,83,0,0,40.0725
1,66,83,0,0,40.0722
1,67,83,0,0,40.0719
1,68,83,0,0,40.0717
1,69,83,0,0,40.0714
1,70,83,0,0,40.0712
1,71,83,0,0,40.071
1,72,83,0,0,40.0708
1,73,83,0,0,40.0706
1,74,83,0,0,40.0704
1,75,83,0,0,40.0702
1,76,83,0,0,40.07
1,77,83,0,0,40.0698
1,78,83,0,0,40.0696
1,79,83,0,0,40.0695
1,80,83,0,0,40.0693
1,81,83,0,0,40.0691
1,82,83,0,0,40.069
1,83,83,0,0,40.0688
1,84,83,0,0,40.0687
1,85,83,0,0,40.0686
1,86,83,0,0,40.0684
1,87,83,0,0,40.0683
1,88,83,0,0,40.0681
1,89,83,0,0,40.068
1,90,83,0,0,40.0679
1,91,83,0,0,40.0677
1,92,83,0,0,40.0676
1,93,83,0,0,40.0675
1,94,83,0,0,40.0673
1,95,83,0,0,40.0672
1,96,83,0,0,40.0671
1,97,83,0,0,40.067
1,98,83,0,0,40.0668
1,99,83,0,0,40.0667
1,100,83,0,0,40.0666
1,101,83,0,0,40.0665
1,102,83,0,0,40.0663
1,103,83,0,0,40.0662
1,104,83,0,0,40.0661
1,105,83,0,0,40.066
1,106,83,0,0,40.0659
1,107,83,0,0,40.0657
1,108,83,0,0,40.0656
1,109,83,0,0,40.0655
1,110,83,0,0,40.0654
1,111,83,0,0,40.0653
1,112,83,0,0,40.0652
1,113,83,0,0,40.0651
1,114,83,0,0,40.065
1,115,83,0,0,40.0649
1,116,83,0,0,40.0648
1,117,83,0,0,40.0648
1,118,83,0,0,40.0647
1,119,83,0,0,40.0646
1,120,83,0,0,40.0645
1,121,83,0,0,40.0645
1,122,83,0,0,40.0644
1,123,83,0,0,40.0644
1,124,83,0,0,40.0643
1,125,83,0,0,40.0643
1,126,83,0,0,40.0643
1,127,83,0,0,40.0643
1,0,84,0,0,40.1002
1,1,84,0,0,40.1001
1,2,84,0,0,40.1
1,3,84,0,0,40.0998
1,4,84,0,0,40.0995
1,5,84,0,0,40.0993
1,6,84,0,0,40.0989
1,7,84,0,0,40.0986
1,8,84,0,0,40.0982
1,9,84,0,0,40.0978
1,10,84,0,0,40.0973
1,11,84,0,0,40.0968
1,12,84,0,0,40.0963
1,13,84,0,0,40.0958
1,14,84,0,0,40.0952
1,15,84,0,0,40.0947
1,16,84,0,0,40.0941
1,17,84,0,0,40.0935
1,18,84,0,0,40.0929
1,19,84,0,0,40.0923
1,20,84,0,0,40.0916
1,21,84,0,0,40.091
1,22,84,0,0,40.0904
1,23,84,0,0,40.0897
1,24,84,0,0,40.0891
1,25,84,0,0,40.0884
1,26,84,0,0,40.0878
1,27,84,0,0,40.0871
1,28,84,0,0,40.0865
1,29,84,0,0,40.0858
1,30,84,0,0,40.0852
1,31,84,0,0,40.0845
1,32,84,0,0,40.0839
1,33,84,0,0,40.0833
1,34,84,0,0,40.0827
1,35,84,0,0,40.0821
1,36,84,0,0,40.0815
1,37,84,0,0,40.0809
1,38,84,0,0,40.0803
1,39,84,0,0,40.0797
1,40,84,0,0,40.0791
1,41,84,0,0,40.0785
1,42,84,0,0,40.078
1,43,84,0,0,40.0774
1,44,84,0,0,40.0769
1,45,84,0,0,40.0764
1,46,84,0,0,40.0759
1,47,84,0,0,40.0754
1,48,84,0,0,40.0749
1,49,84,0,0,40.0744
1,50,84,0,0,40.074
1,51,84,0,0,40.0735
1,52,84,0,0,40.0731
1,53,84,0,0,40.0726
1,54,84,0,0,40.0722
1,55,84,0,0,40.0718
1,56,84,0,0,40.0715
1,57,84,0,0,40.0711
1,58,84,0,0,40.0707
1,59,84,0,0,40.0704
1,60,84,0,0,40.07
1,61,84,0,0,40.0697
1,62,84,0,0,40.0694
1,63,84,0,0,40.0691
1,64,84,0,0,40.0688
1,65,84,0,0,40.0686
1,66,84,0,0,40.0683
1,67,84,0,0,40.0681
1,68,84,0,0,40.0678
1,69,84,0,0,40.0676
1,70,84,0,0,40.0674
1,71,84,0,0,40.0671
1,72,84,0,0,40.0669
1,73,84,0,0,40.0667
1,74,84,0,0,40.0666
1,75,84,0,0,40.0664
1,76,84,0,0,40.0662
1,77,84,0,0,40.066
1,78,84,0,0,40.0659
1,79,84,0,0,40.0657
1,80,84,0,0,40.0655
1,81,84,0,0,40.0654
1,82,84,0,0,40.0652
1,83,84,0,0,40.0651
1,84,84,0,0,40.065
1,85,84,0,0,40.0648
1,86,84,0,0,40.0647
1,87,84,0,0,40.0646
1,88,84,0,0,40.0644
1,89,84,0,0,40.0643
1,90,84,0,0,40.0642
1,91,84,0,0,40.064
1,92,84,0,0,40.0639
1,93,84,0,0,40.0638
1,94,84,0,0,40.0637
1,95,84,0,0,40.0635
1,96,84,0,0,40.0634
1,97,84,0,0,40.0633
1,98,84,0,0,40.0632
1,99,84,0,0,40.0631
1,100,84,0,0,40.063
1,101,84,0,0,40.0628
1,102,84,0,0,40.0627
1,103,84,0,0,40.0626
1,104,84,0,0,40.0625
1,105,84,0,0,40.0624
1,106,84,0,0,40.0623
1,107,84,0,0,40.0622
1,108,84,0,0,40.0621
1,109,84,0,0,40.062
1,110,84,0,0,40.0619
1,111,84,0,0,40.0618
1,112,84,0,0,40.0617
1,113,84,0,0,40.0616
1,114,84,0,0,40.0615
1,115,84,0,0,40.0614
1,116,84,0,0,40.0613
1,117,84,0,0,40.0612
1,118,84,0,0,40.0612
1,119,84,0,0,40.0611
1,120,84,0,0,40.0611
1,121,84,0,0,40.061
1,122,84,0,0,40.0609
1,123,84,0,0,40.0609
1,124,84,0,0,40.0609
1,125,84,0,0,40.0608
1,126,84,0,0,40.0608
1,127,84,0,0,40.0608
1,0,85,0,0,40.0944
1,1,85,0,0,40.0943
1,2,85,0,0,40.0942
1,3,85,0,0,40.094
1,4,85,0,0,40.0938
1,5,85,0,0,40.0936
1,6,85,0,0,40.0933
1,7,85,0,0,40.0929
1,8,85,0,0,40.0926
1,9,85,0,0,40.0922
1,10,85,0,0,40.0918
1,11,85,0,0,40.0913
1,12,85,0,0,40.0909
1,13,85,0,0,40.0904
1,14,85,0,0,40.0899
1,15,85,0,0,40.0893
1,16,85,0,0,40.0888
1,17,85,0,0,40.0883
1,18,85,0,0,40.0877
1,19,85,0,0,40.0871
1,20,85,0,0,40.0865
1,21,85,0,0,40.0859
1,22,85,0,0,40.0853
1,23,85,0,0,40.0847
1,24,85,0,0,40.0841
1,25,85,0,0,40.0835
1,26,85,0,0,40.0829
1,27,85,0,0,40.0823
1,28,85,0,0,40.0817
1,29,85,0,0,40.0811
1,30,85,0,0,40.0805
1,31,85,0,0,40.0799
1,32,85,0,0,40.0793
1,33,85,0,0,40.0788
1,34,85,0,0,40.0782
1,35,85,0,0,40.0776
1,36,85,0,0,40.077
1,37,85,0,0,40.0765
1,38,85,0,0,40.0759
1,39,85,0,0,40.0754
1,40,85,0,0,40.0748
1,41,85,0,0,40.0743
1,42,85,0,0,40.0738
1,43,85,0,0,40.0733
1,44,85,0,0,40.0728
1,45,85,0,0,40.0723
1,46,85,0,0,40.0718
1,47,85,0,0,40.0713
1,48,85,0,0,40.0709
1,49,85,0,0,40.0704
1,50,85,0,0,40.07
1,51,85,0,0,40.0696
1,52,85,0,0,40.0692
1,53,85,0,0,40.0688
1,54,85,0,0,40.0684
1,55,85,0,0,40.068
1,56,85,0,0,40.0676
1,57,85,0,0,40.0673
1,58,85,0,0,40.0669
1,59,85,0,0,40.0666
1,60,85,0,0,40.0663
1,61,85,0,0,40.066
1,62,85,0,0,40.0657
1,63,85,0,0,40.0654
1,64,85,0,0,40.0652
1,65,85,0,0,40.0649
1,66,85,0,0,40.0646
1,67,85,0,0,40.0644
1,68,85,0,0,40.0642
1,69,85,0,0,40.064
1,70,85,0,0,40.0637
1,71,85,0,0,40.0635
1,72,85,0,0,40.0633
1,73,85,0,0,40.0632
1,74,85,0,0,40.063
1,75,85,0,0,40.0628
1,76,85,0,0,40.0626
1,77,85,0,0,40.0625
1,78,85,0,0,40.0623
1,79,85,0,0,40.0621
1,80,85,0,0,40.062
1,81,85,0,0,40.0619
1,82,85,0,0,40.0617
1,83,85,0,0,40.0616
1,84,85,0,0,40.0614
1,85,85,0,0,40.0613
1,86,85,0,0,40.0612
1,87,85,0,0,40.061
1,88,85,0,0,40.0609
1,89,85,0,0,40.0608
1,90,85,0,0,40.0607
1,91,85,0,0,40.0606
1,92,85,0,0,40.0604
1,93,85,0,0,40.0603
1,94,85,0,0,40.0602
1,95,85,0,0,40.0601
1,96,85,0,0,40.06
1,97,85,0,0,40.0599
1,98,85,0,0,40.0597
1,99,85,0,0,40.0596
1,100,85,0,0,40.0595
1,101,85,0,0,40.0594
1,102,85,0,0,40.0593
1,103,85,0,0,40.0592
1,104,85,0,0,40.0591
1,105,85,0,0,40.059
1,106,85,0,0,40.0589
1,107,85,0,0,40.0588
1,108,85,0,0,40.0587
1,109,85,0,0,40.0586
1,110,85,0,0,40.0585
1,111,85,0,0,40.0584
1,112,85,0,0,40.0583
1,113,85,0,0,40.0582
1,114,85,0,0,40.0582
1,115,85,0,0,40.0581
1,116,85,0,0,40.058
1,117,85,0,0,40.0579
1,118,85,0,0,40.0579
1,119,85,0,0,40.0578
1,120,85,0,0,40.0578
1,121,85,0,0,40.0577
1,122,85,0,0,40.0577
1,123,85,0,0,40.0576
1,124,85,0,0,40.0576
1,125,85,0,0,40.0576
1,126,85,0,0,40.0575
1,127,85,0,0,40.0575
1,0,86,0,0,40.089
1,1,86,0,0,40.0889
1,2,86,0,0,40.0888
1,3,86,0,0,40.0886
1,4,86,0,0,40.0884
1,5,86,0,0,40.0882
1,6,86,0,0,40.0879
1,7,86,0,0,40.0876
1,8,86,0,0,40.0873
1,9,86,0,0,40.0869
1,10,86,0,0,40.0866
1,11,86,0,0,40.0862
1,12,86,0,0,40.0857
1,13,86,0,0,40.0853
1,14,86,0,0,40.0848
1,15,86,0,0,40.0843
1,16,86,0,0,40.0838
1,17,86,0,0,40.0833
1,18,86,0,0,40.0828
1,19,86,0,0,40.0823
1,20,86,0,0,40.0817
1,21,86,0,0,40.0812
1,22,86,0,0,40.0806
1,23,86,0,0,40.0801
1,24,86,0,0,40.0795
1,25,86,0,0,40.0789
1,26,86,0,0,40.0784
1,27,86,0,0,40.0778
1,28,86,0,0,40.0773
1,29,86,0,0,40.0767
1,30,86,0,0,40.0761
1,31,86,0,0,40.0756
1,32,86,0,0,40.075
1,33,86,0,0,40.0745
1,34,86,0,0,40.0739
1,35,86,0,0,40.0734
1,36,86,0,0,40.0729
1,37,86,0,0,40.0723
1,38,86,0,0,40.0718
1,39,86,0,0,40.0713
1,40,86,0,0,40.0708
1,41,86,0,0,40.0703
1,42,86,0,0,40.0698
1,43,86,0,0,40.0693
1,44,86,0,0,40.0689
1,45,86,0,0,40.0684
1,46,86,0,0,40.068
1,47,86,0,0,40.0675
1,48,86,0,0,40.0671
1,49,86,0,0,40.0667
1,50,86,0,0,40.0663
1,51,86,0,0,40.0659
1,52,86,0,0,40.0655
1,53,86,0,0,40.0651
1,54,86,0,0,40.0647
1,55,86,0,0,40.0644
1,56,86,0,0,40.064
1,57,86,0,0,40.0637
1,58,86,0,0,40.0634
1,59,86,0,0,40.0631
1,60,86,0,0,40.0628
1,61,86,0,0,40.0625
1,62,86,0,0,40.0622
1,63,86,0,0,40.0619
1,64,86,0,0,40.0617
1,65,86,0,0,40.0614
1,66,86,0,0,40.0612
1,67,86,0,0,40.061
1,68,86,0,0,40.0607
1,69,86,0,0,40.0605
1,70,86,0,0,40.0603
1,71,86,0,0,40.0601
1,72,86,0,0,40.0599
1,73,86,0,0,40.0598
1,74,86,0,0,40.0596
1,75,86,0,0,40.0594
1,76,86,0,0,40.0593
1,77,86,0,0,40.0591
1,78,86,0,0,40.0589
1,79,86,0,0,40.0588
1,80,86,0,0,40.0587
1,81,86,0,0,40.0585
1,82,86,0,0,40.0584
1,83,86,0,0,40.0582
1,84,86,0,0,40.0581
1,85,86,0,0,40.058
1,86,86,0,0,40.0579
1,87,86,0,0,40.0577
1,88,86,0,0,40.0576
1,89,86,0,0,40.0575
1,90,86,0,0,40.0574
1,91,86,0,0,40.0573
1,92,86,0,0,40.0572
1,93,86,0,0,40.057
1,94,86,0,0,40.0569
1,95,86,0,0,40.0568
1,96,86,0,0,40.0567
1,97,86,0,0,40.0566
1,98,86,0,0,40.0565
1,99,86,0,0,40.0564
1,100,86,0,0,40.0563
1,101,86,0,0,40.0562
1,102,86,0,0,40.0561
1,103,86,0,0,40.056
1,104,86,0,0,40.0559
1,105,86,0,0,40.0558
1,106,86,0,0,40.0557
1,107,86,0,0,40.0556
1,108,86,0,0,40.0555
1,109,86,0,0,40.0554
1,110,86,0,0,40.0553
1,111,86,0,0,40.0552
1,112,86,0,0,40.0552
1,113,86,0,0,40.0551
1,114,86,0,0,40.055
1,115,86,0,0,40.0549
1,116,86,0,0,40.0549
1,117,86,0,0,40.0548
1,118,86,0,0,40.0547
1,119,86,0,0,40.0547
1,120,86,0,0,40.0546
1,121,86,0,0,40.0546
1,122,86,0,0,40.0546
1,123,86,0,0,40.0545
1,124,86,0,0,40.0545
1,125,86,0,0,40.0545
1,126,86,0,0,40.0544
1,127,86,0,0,40.0544
1,0,87,0,0,40.0838
1,1,87,0,0,40.0838
1,2,87,0,0,40.0837
1,3,87,0,0,40.0835
1,4,87,0,0,40.0833
1,5,87,0,0,40.0831
1,6,87,0,0,40.0829
1,7,87,0,0,40.0826
1,8,87,0,0,40.0823
1,9,87,0,0,40.082
1,10,87,0,0,40.0817
1,11,87,0,0,40.0813
1,12,87,0,0,40.0809
1,13,87,0,0,40.0805
1,14,87,0,0,40.08
1,15,87,0,0,40.0796
1,16,87,0,0,40.0791
1,17,87,0,0,40.0787
1,18,87,0,0,40.0782
1,19,87,0,0,40.0777
1,20,87,0,0,40.0772
1,21,87,0,0,40.0767
1,22,87,0,0,40.0762
1,23,87,0,0,40.0757
1,24,87,0,0,40.0751
1,25,87,0,0,40.0746
1,26,87,0,0,40.0741
1,27,87,0,0,40.0736
1,28,87,0,0,40.073
1,29,87,0,0,40.0725
1,30,87,0,0,40.072
1,31,87,0,0,40.0715
1,32,87,0,0,40.071
1,33,87,0,0,40.0704
1,34,87,0,0,40.0699
1,35,87,0,0,40.0694
1,36,87,0,0,40.0689
1,37,87,0,0,40.0684
1,38,87,0,0,40.0679
1,39,87,0,0,40.0675
1,40,87,0,0,40.067
1,41,87,0,0,40.0665
1,42,87,0,0,40.0661
1,43,87,0,0,40.0656
1,44,87,0,0,40.0652
1,45,87,0,0,40.0647
1,46,87,0,0,40.0643
1,47,87,0,0,40.0639
1,48,87,0,0,40.0635
1,49,87,0,0,40.0631
1,50,87,0,0,40.0627
1,51,87,0,0,40.0623
1,52,87,0,0,40.062
1,53,87,0,0,40.0616
1,54,87,0,0,40.0613
1,55,87,0,0,40.0609
1,56,87,0,0,40.0606
1,57,87,0,0,40.0603
1,58,87,0,0,40.06
1,59,87,0,0,40.0597
1,60,87,0,0,40.0594
1,61,87,0,0,40.0591
1,62,87,0,0,40.0589
1,63,87,0,0,40.0586
1,64,87,0,0,40.0584
1,65,87,0,0,40.0581
1,66,87,0,0,40.0579
1,67,87,0,0,40.0577
1,68,87,0,0,40.0575
1,69,87,0,0,40.0573
1,70,87,0,0,40.0571
1,71,87,0,0,40.0569
1,72,87,0,0,40.0567
1,73,87,0,0,40.0566
1,74,87,0,0,40.0564
1,75,87,0,0,40.0562
1,76,87,0,0,40.0561
1,77,87,0,0,40.0559
1,78,87,0,0,40.0558
1,79,87,0,0,40.0556
1,80,87,0,0,40.0555
1,81,87,0,0,40.0554
1,82,87,0,0,40.0552
1,83,87,0,0,40.0551
1,84,87,0,0,40.055
1,85,87,0,0,40.0549
1,86,87,0,0,40.0547
1,87,87,0,0,40.0546
1,88,87,0,0,40.0545
1,89,87,0,0,40.0544
1,90,87,0,0,40.0543
1,91,87,0,0,40.0542
1,92,87,0,0,40.0541
1,93,87,0,0,40.054
1,94,87,0,0,40.0538
1,95,87,0,0,40.0537
1,96,87,0,0,40.0536
1,97,87,0,0,40.0535
1,98,87,0,0,40.0534
1,99,87,0,0,40.0533
1,100,87,0,0,40.0532
1,101,87,0,0,40.0531
1,102,87,0,0,40.053
1,103,87,0,0,40.0529
1,104,87,0,0,40.0529
1,105,87,0,0,40.0528
1,106,87,0,0,40.0527
1,107,87,0,0,40.0526
1,108,87,0,0,40.0525
1,109,87,0,0,40.0524
1,110,87,0,0,40.0523
1,111,87,0,0,40.0523
1,112,87,0,0,40.0522
1,113,87,0,0,40.0521
1,114,87,0,0,40.052
1,115,87,0,0,40.052
1,116,87,0,0,40.0519
1,117,87,0,0,40.0518
1,118,87,0,0,40.0518
1,119,87,0,0,40.0517
1,120,87,0,0,40.0517
1,121,87,0,0,40.0517
1,122,87,0,0,40.0516
1,123,87,0,0,40.0516
1,124,87,0,0,40.0516
1,125,87,0,0,40.0515
1,126,87,0,0,40.0515
1,127,87,0,0,40.0515
1,0,88,0,0,40.079
1,1,88,0,0,40.079
1,2,88,0,0,40.0789
1,3,88,0,0,40.0787
1,4,88,0,0,40.0786
1,5,88,0,0,40.0784
1,6,88,0,0,40.0782
1,7,88,0,0,40.0779
1,8,88,0,0,40.0777
1,9,88,0,0,40.0774
1,10,88,0,0,40.077
1,11,88,0,0,40.0767
1,12,88,0,0,40.0763
1,13,88,0,0,40.076
1,14,88,0,0,40.0756
1,15,88,0,0,40.0751
1,16,88,0,0,40.0747
1,17,88,0,0,40.0743
1,18,88,0,0,40.0738
1,19,88,0,0,40.0734
1,20,88,0,0,40.0729
1,21,88,0,0,40.0725
1,22,88,0,0,40.072
1,23,88,0,0,40.0715
1,24,88,0,0,40.071
1,25,88,0,0,40.0705
1,26,88,0,0,40.07
1,27,88,0,0,40.0695
1,28,88,0,0,40.0691
1,29,88,0,0,40.0686
1,30,88,0,0,40.0681
1,31,88,0,0,40.0676
1,32,88,0,0,40.0671
1,33,88,0,0,40.0666
1,34,88,0,0,40.0662
1,35,88,0,0,40.0657
1,36,88,0,0,40.0652
1,37,88,0,0,40.0647
1,38,88,0,0,40.0643
1,39,88,0,0,40.0638
1,40,88,0,0,40.0634
1,41,88,0,0,40.063
1,42,88,0,0,40.0625
1,43,88,0,0,40.0621
1,44,88,0,0,40.0617
1,45,88,0,0,40.0613
1,46,88,0,0,40.0609
1,47,88,0,0,40.0605
1,48,88,0,0,40.0601
1,49,88,0,0,40.0597
1,50,88,0,0,40.0594
1,51,88,0,0,40.059
1,52,88,0,0,40.0587
1,53,88,0,0,40.0583
1,54,88,0,0,40.058
1,55,88,0,0,40.0577
1,56,88,0,0,40.0574
1,57,88,0,0,40.0571
1,58,88,0,0,40.0568
1,59,88,0,0,40.0565
1,60,88,0,0,40.0563
1,61,88,0,0,40.056
1,62,88,0,0,40.0558
1,63,88,0,0,40.0555
1,64,88,0,0,40.0553
1,65,88,0,0,40.0551
1,66,88,0,0,40.0548
1,67,88,0,0,40.0546
1,68,88,0,0,40.0544
1,69,88,0,0,40.0542
1,70,88,0,0,40.054
1,71,88,0,0,40.0539
1,72,88,0,0,40.0537
1,73,88,0,0,40.0535
1,74,88,0,0,40.0534
1,75,88,0,0,40.0532
1,76,88,0,0,40.0531
1,77,88,0,0,40.0529
1,78,88,0,0,40.0528
1,79,88,0,0,40.0526
1,80,88,0,0,40.0525
1,81,88,0,0,40.0524
1,82,88,0,0,40.0523
1,83,88,0,0,40.0521
1,84,88,0,0,40.052
1,85,88,0,0,40.0519
1,86,88,0,0,40.0518
1,87,88,0,0,40.0517
1,88,88,0,0,40.0516
1,89,88,0,0,40.0515
1,90,88,0,0,40.0513
1,91,88,0,0,40.0512
1,92,88,0,0,40.0511
1,93,88,0,0,40.051
1,94,88,0,0,40.0509
1,95,88,0,0,40.0508
1,96,88,0,0,40.0507
1,97,88,0,0,40.0506
1,98,88,0,0,40.0505
1,99,88,0,0,40.0505
1,100,88,0,0,40.0504
1,101,88,0,0,40.0503
1,102,88,0,0,40.0502
1,103,88,0,0,40.0501
1,104,88,0,0,40.05
1,105,88,0,0,40.0499
1,106,88,0,0,40.0498
1,107,88,0,0,40.0497
1,108,88,0,0,40.0497
1,109,88,0,0,40.0496
1,110,88,0,0,40.0495
1,111,88,0,0,40.0494
1,112,88,0,0,40.0494
1,113,88,0,0,40.0493
1,114,88,0,0,40.0492
1,115,88,0,0,40.0492
1,116,88,0,0,40.0491
1,117,88,0,0,40.0491
1,118,88,0,0,40.049
1,119,88,0,0,40.049
1,120,88,0,0,40.0489
1,121,88,0,0,40.0489
1,122,88,0,0,40.0488
1,123,88,0,0,40.0488
1,124,88,0,0,40.0488
1,125,88,0,0,40.0488
1,126,88,0,0,40.0488
1,127,88,0,0,40.0487
1,0,89,0,0,40.0745
1,1,89,0,0,40.0745
1,2,89,0,0,40.0744
1,3,89,0,0,40.0743
1,4,89,0,0,40.0741
1,5,89,0,0,40.0739
1,6,89,0,0,40.0737
1,7,89,0,0,40.0735
1,8,89,0,0,40.0733
1,9,89,0,0,40.073
1,10,89,0,0,40.0727
1,11,89,0,0,40.0724
1,12,89,0,0,40.072
1,13,89,0,0,40.0717
1,14,89,0,0,40.0713
1,15,89,0,0,40.071
1,16,89,0,0,40.0706
1,17,89,0,0,40.0702
1,18,89,0,0,40.0697
1,19,89,0,0,40.0693
1,20,89,0,0,40.0689
1,21,89,0,0,40.0685
1,22,89,0,0,40.068
1,23,89,0,0,40.0676
1,24,89,0,0,40.0671
1,25,89,0,0,40.0667
1,26,89,0,0,40.0662
1,27,89,0,0,40.0657
1,28,89,0,0,40.0653
1,29,89,0,0,40.0648
1,30,89,0,0,40.0644
1,31,89,0,0,40.0639
1,32,89,0,0,40.0635
1,33,89,0,0,40.063
1,34,89,0,0,40.0626
1,35,89,0,0,40.0621
1,36,89,0,0,40.0617
1,37,89,0,0,40.0613
1,38,89,0,0,40.0608
1,39,89,0,0,40.0604
1,40,89,0,0,40.06
1,41,89,0,0,40.0596
1,42,89,0,0,40.0592
1,43,89,0,0,40.0588
1,44,89,0,0,40.0584
1,45,89,0,0,40.058
1,46,89,0,0,40.0576
1,47,89,0,0,40.0573
1,48,89,0,0,40.0569
1,49,89,0,0,40.0566
1,50,89,0,0,40.0562
1,51,89,0,0,40.0559
1,52,89,0,0,40.0556
1,53,89,0,0,40.0552
1,54,89,0,0,40.0549
1,55,89,0,0,40.0546
1,56,89,0,0,40.0543
1,57,89,0,0,40.0541
1,58,89,0,0,40.0538
1,59,89,0,0,40.0535
1,60,89,0,0,40.0533
1,61,89,0,0,40.053
1,62,89,0,0,40.0528
1,63,89,0,0,40.0526
1,64,89,0,0,40.0523
1,65,89,0,0,40.0521
1,66,89,0,0,40.0519
1,67,89,0,0,40.0517
1,68,89,0,0,40.0515
1,69,89,0,0,40.0513
1,70,89,0,0,40.0512
1,71,89,0,0,40.051
1,72,89,0,0,40.0508
1,73,89,0,0,40.0507
1,74,89,0,0,40.0505
1,75,89,0,0,40.0504
1,76,89,0,0,40.0502
1,77,89,0,0,40.0501
1,78,89,0,0,40.05
1,79,89,0,0,40.0498
1,80,89,0,0,40.0497
1,81,89,0,0,40.0496
1,82,89,0,0,40.0494
1,83,89,0,0,40.0493
1,84,89,0,0,40.0492
1,85,89,0,0,40.0491
1,86,89,0,0,40.049
1,87,89,0,0,40.0489
1,88,89,0,0,40.0488
1,89,89,0,0,40.0487
1,90,89,0,0,40.0486
1,91,89,0,0,40.0485
1,92,89,0,0,40.0484
1,93,89,0,0,40.0483
1,94,89,0,0,40.0482
1,95,89,0,0,40.0481
1,96,89,0,0,40.048
1,97,89,0,0,40.0479
1,98,89,0,0,40.0478
1,99,89,0,0,40.0477
1,100,89,0,0,40.0476
1,101,89,0,0,40.0476
1,102,89,0,0,40.0475
1,103,89,0,0,40.0474
1,104,89,0,0,40.0473
1,105,89,0,0,40.0472
1,106,89,0,0,40.0471
1,107,89,0,0,40.0471
1,108,89,0,0,40.047
1,109,89,0,0,40.0469
1,110,89,0,0,40.0468
1,111,89,0,0,40.0468
1,112,89,0,0,40.0467
1,113,89,0,0,40.0467
1,114,89,0,0,40.0466
1,115,89,0,0,40.0465
1,116,89,0,0,40.0465
1,117,89,0,0,40.0464
1,118,89,0,0,40.0464
1,119,89,0,0,40.0463
1,120,89,0,0,40.0463
1,121,89,0,0,40.0463
1,122,89,0,0,40.0462
1,123,89,0,0,40.0462
1,124,89,0,0,40.0462
1,125,89,0,0,40.0462
1,126,89,0,0,40.0461
1,127,89,0,0,40.0461
1,0,90,0,0,40.0703
1,1,90,0,0,40.0702
1,2,90,0,0,40.0702
1,3,90,0,0,40.07
1,4,90,0,0,40.0699
1,5,90,0,0,40.0697
1,6,90,0,0,40.0696
1,7,90,0,0,40.0694
1,8,90,0,0,40.0691
1,9,90,0,0,40.0689
1,10,90,0,0,40.0686
1,11,90,0,0,40.0683
1,12,90,0,0,40.068
1,13,90,0,0,40.0677
1,14,90,0,0,40.0674
1,15,90,0,0,40.067
1,16,90,0,0,40.0666
1,17,90,0,0,40.0663
1,18,90,0,0,40.0659
1,19,90,0,0,40.0655
1,20,90,0,0,40.0651
1,21,90,0,0,40.0647
1,22,90,0,0,40.0643
1,23,90,0,0,40.0639
1,24,90,0,0,40.0634
1,25,90,0,0,40.063
1,26,90,0,0,40.0626
1,27,90,0,0,40.0622
1,28,90,0,0,40.0617
1,29,90,0,0,40.0613
1,30,90,0,0,40.0609
1,31,90,0,0,40.0605
1,32,90,0,0,40.06
1,33,90,0,0,40.0596
1,34,90,0,0,40.0592
1,35,90,0,0,40.0588
1,36,90,0,0,40.0584
1,37,90,0,0,40.058
1,38,90,0,0,40.0576
1,39,90,0,0,40.0572
1,40,90,0,0,40.0568
1,41,90,0,0,40.0564
1,42,90,0,0,40.056
1,43,90,0,0,40.0557
1,44,90,0,0,40.0553
1,45,90,0,0,40.0549
1,46,90,0,0,40.0546
1,47,90,0,0,40.0542
1,48,90,0,0,40.0539
1,49,90,0,0,40.0536
1,50,90,0,0,40.0532
1,51,90,0,0,40.0529
1,52,90,0,0,40.0526
1,53,90,0,0,40.0523
1,54,90,0,0,40.052
1,55,90,0,0,40.0517
1,56,90,0,0,40.0515
1,57,90,0,0,40.0512
1,58,90,0,0,40.0509
1,59,90,0,0,40.0507
1,60,90,0,0,40.0505
1,61,90,0,0,40.0502
1,62,90,0,0,40.05
1,63,90,0,0,40.0498
1,64,90,0,0,40.0496
1,65,90,0,0,40.0494
1,66,90,0,0,40.0492
1,67,90,0,0,40.049
1,68,90,0,0,40.0488
1,69,90,0,0,40.0486
1,70,90,0,0,40.0485
1,71,90,0,0,40.0483
1,72,90,0,0,40.0481
1,73,90,0,0,40.048
1,74,90,0,0,40.0478
1,75,90,0,0,40.0477
1,76,90,0,0,40.0475
1,77,90,0,0,40.0474
1,78,90,0,0,40.0473
1,79,90,0,0,40.0472
1,80,90,0,0,40.047
1,81,90,0,0,40.0469
1,82,90,0,0,40.0468
1,83,90,0,0,40.0467
1,84,90,0,0,40.0466
1,85,90,0,0,40.0465
1,86,90,0,0,40.0464
1,87,90,0,0,40.0463
1,88,90,0,0,40.0462
1,89,90,0,0,40.0461
1,90,90,0,0,40.046
1,91,90,0,0,40.0459
1,92,90,0,0,40.0458
1,93,90,0,0,40.0457
1,94,90,0,0,40.0456
1,95,90,0,0,40.0455
1,96,90,0,0,40.0454
1,97,90,0,0,40.0453
1,98,90,0,0,40.0452
1,99,90,0,0,40.0452
1,100,90,0,0,40.0451
1,101,90,0,0,40.045
1,102,90,0,0,40.0449
1,103,90,0,0,40.0448
1,104,90,0,0,40.0448
1,105,90,0,0,40.0447
1,106,90,0,0,40.0446
1,107,90,0,0,40.0445
1,108,90,0,0,40.0445
1,109,90,0,0,40.0444
1,110,90,0,0,40.0443
1,111,90,0,0,40.0443
1,112,90,0,0,40.0442
1,113,90,0,0,40.0442
1,114,90,0,0,40.0441
1,115,90,0,0,40.044
1,116,90,0,0,40.044
1,117,90,0,0,40.0439
1,118,90,0,0,40.0439
1,119,90,0,0,40.0439
1,120,90,0,0,40.0438
1,121,90,0,0,40.0438
1,122,90,0,0,40.0438
1,123,90,0,0,40.0437
1,124,90,0,0,40.0437
1,125,90,0,0,40.0437
1,126,90,0,0,40.0437
1,127,90,0,0,40.0437
1,0,91,0,0,40.0663
1,1,91,0,0,40.0663
1,2,91,0,0,40.0662
1,3,91,0,0,40.0661
1,4,91,0,0,40.066
1,5,91,0,0,40.0658
1,6,91,0,0,40.0656
1,7,91,0,0,40.0655
1,8,91,0,0,40.0652
1,9,91,0,0,40.065
1,10,91,0,0,40.0648
1,11,91,0,0,40.0645
1,12,91,0,0,40.0642
1,13,91,0,0,40.0639
1,14,91,0,0,40.0636
1,15,91,0,0,40.0633
1,16,91,0,0,40.0629
1,17,91,0,0,40.0626
1,18,91,0,0,40.0622
1,19,91,0,0,40.0619
1,20,91,0,0,40.0615
1,21,91,0,0,40.0611
1,22,91,0,0,40.0608
1,23,91,0,0,40.0604
1,24,91,0,0,40.06
1,25,91,0,0,40.0596
1,26,91,0,0,40.0592
1,27,91,0,0,40.0588
1,28,91,0,0,40.0584
1,29,91,0,0,40.058
1,30,91,0,0,40.0576
1,31,91,0,0,40.0572
1,32,91,0,0,40.0568
1,33,91,0,0,40.0564
1,34,91,0,0,40.056
1,35,91,0,0,40.0556
1,36,91,0,0,40.0553
1,37,91,0,0,40.0549
1,38,91,0,0,40.0545
1,39,91,0,0,40.0541
1,40,91,0,0,40.0538
1,41,91,0,0,40.0534
1,42,91,0,0,40.053
1,43,91,0,0,40.0527
1,44,91,0,0,40.0523
1,45,91,0,0,40.052
1,46,91,0,0,40.0517
1,47,91,0,0,40.0514
1,48,91,0,0,40.051
1,49,91,0,0,40.0507
1,50,91,0,0,40.0504
1,51,91,0,0,40.0501
1,52,91,0,0,40.0498
1,53,91,0,0,40.0496
1,54,91,0,0,40.0493
1,55,91,0,0,40.049
1,56,91,0,0,40.0488
1,57,91,0,0,40.0485
1,58,91,0,0,40.0483
1,59,91,0,0,40.048
1,60,91,0,0,40.0478
1,61,91,0,0,40.0476
1,62,91,0,0,40.0474
1,63,91,0,0,40.0471
1,64,91,0,0,40.0469
1,65,91,0,0,40.0468
1,66,91,0,0,40.0466
1,67,91,0,0,40.0464
1,68,91,0,0,40.0462
1,69,91,0,0,40.046
1,70,91,0,0,40.0459
1,71,91,0,0,40.0457
1,72,91,0,0,40.0456
1,73,91,0,0,40.0454
1,74,91,0,0,40.0453
1,75,91,0,0,40.0452
1,76,91,0,0,40.045
1,77,91,0,0,40.0449
1,78,91,0,0,40.0448
1,79,91,0,0,40.0446
1,80,91,0,0,40.0445
1,81,91,0,0,40.0444
1,82,91,0,0,40.0443
1,83,91,0,0,40.0442
1,84,91,0,0,40.0441
1,85,91,0,0,40.044
1,86,91,0,0,40.0439
1,87,91,0,0,40.0438
1,88,91,0,0,40.0437
1,89,91,0,0,40.0436
1,90,91,0,0,40.0435
1,91,91,0,0,40.0434
1,92,91,0,0,40.0433
1,93,91,0,0,40.0432
1,94,91,0,0,40.0432
1,95,91,0,0,40.0431
1,96,91,0,0,40.043
1,97,91,0,0,40.0429
1,98,91,0,0,40.0428
1,99,91,0,0,40.0427
1,100,91,0,0,40.0427
1,101,91,0,0,40.0426
1,102,91,0,0,40.0425
1,103,91,0,0,40.0424
1,104,91,0,0,40.0424
1,105,91,0,0,40.0423
1,106,91,0,0,40.0422
1,107,91,0,0,40.0422
1,108,91,0,0,40.0421
1,109,91,0,0,40.042
1,110,91,0,0,40.042
1,111,91,0,0,40.0419
1,112,91,0,0,40.0418
1,113,91,0,0,40.0418
1,114,91,0,0,40.0417
1,115,91,0,0,40.0417
1,116,91,0,0,40.0416
1,117,91,0,0,40.0416
1,118,91,0,0,40.0416
1,119,91,0,0,40.0415
1,120,91,0,0,40.0415
1,121,91,0,0,40.0415
1,122,91,0,0,40.0414
1,123,91,0,0,40.0414
1,124,91,0,0,40.0414
1,125,91,0,0,40.0414
1,126,91,0,0,40.0414
1,127,91,0,0,40.0414
1,0,92,0,0,40.0626
1,1,92,0,0,40.0625
1,2,92,0,0,40.0624
1,3,92,0,0,40.0624
1,4,92,0,0,40.0622
1,5,92,0,0,40.0621
1,6,92,0,0,40.062
1,7,92,0,0,40.0618
1,8,92,0,0,40.0616
1,9,92,0,0,40.0614
1,10,92,0,0,40.0611
1,11,92,0,0,40.0609
1,12,92,0,0,40.0606
1,13,92,0,0,40.0604
1,14,92,0,0,40.0601
1,15,92,0,0,40.0598
1,16,92,0,0,40.0595
1,17,92,0,0,40.0592
1,18,92,0,0,40.0588
1,19,92,0,0,40.0585
1,20,92,0,0,40.0581
1,21,92,0,0,40.0578
1,22,92,0,0,40.0574
1,23,92,0,0,40.0571
1,24,92,0,0,40.0567
1,25,92,0,0,40.0564
1,26,92,0,0,40.056
1,27,92,0,0,40.0556
1,28,92,0,0,40.0552
1,29,92,0,0,40.0549
1,30,92,0,0,40.0545
1,31,92,0,0,40.0541
1,32,92,0,0,40.0538
1,33,92,0,0,40.0534
1,34,92,0,0,40.053
1,35,92,0,0,40.0527
1,36,92,0,0,40.0523
1,37,92,0,0,40.0519
1,38,92,0,0,40.0516
1,39,92,0,0,40.0512
1,40,92,0,0,40.0509
1,41,92,0,0,40.0506
1,42,92,0,0,40.0502
1,43,92,0,0,40.0499
1,44,92,0,0,40.0496
1,45,92,0,0,40.0493
1,46,92,0,0,40.0489
1,47,92,0,0,40.0486
1,48,92,0,0,40.0483
1,49,92,0,0,40.048
1,50,92,0,0,40.0478
1,51,92,0,0,40.0475
1,52,92,0,0,40.0472
1,53,92,0,0,40.0469
1,54,92,0,0,40.0467
1,55,92,0,0,40.0464
1,56,92,0,0,40.0462
1,57,92,0,0,40.0459
1,58,92,0,0,40.0457
1,59,92,0,0,40.0455
1,60,92,0,0,40.0453
1,61,92,0,0,40.0451
1,62,92,0,0,40.0449
1,63,92,0,0,40.0447
1,64,92,0,0,40.0445
1,65,92,0,0,40.0443
1,66,92,0,0,40.0441
1,67,92,0,0,40.0439
1,68,92,0,0,40.0438
1,69,92,0,0,40.0436
1,70,92,0,0,40.0435
1,71,92,0,0,40.0433
1,72,92,0,0,40.0432
1,73,92,0,0,40.043
1,74,92,0,0,40.0429
1,75,92,0,0,40.0428
1,76,92,0,0,40.0426
1,77,92,0,0,40.0425
1,78,92,0,0,40.0424
1,79,92,0,0,40.0423
1,80,92,0,0,40.0422
1,81,92,0,0,40.0421
1,82,92,0,0,40.042
1,83,92,0,0,40.0418
1,84,92,0,0,40.0417
1,85,92,0,0,40.0416
1,86,92,0,0,40.0416
1,87,92,0,0,40.0415
1,88,92,0,0,40.0414
1,89,92,0,0,40.0413
1,90,92,0,0,40.0412
1,91,92,0,0,40.0411
1,92,92,0,0,40.041
1,93,92,0,0,40.0409
1,94,92,0,0,40.0409
1,95,92,0,0,40.0408
1,96,92,0,0,40.0407
1,97,92,0,0,40.0406
1,98,92,0,0,40.0405
1,99,92,0,0,40.0405
1,100,92,0,0,40.0404
1,101,92,0,0,40.0403
1,102,92,0,0,40.0402
1,103,92,0,0,40.0402
1,104,92,0,0,40.0401
1,105,92,0,0,40.04
1,106,92,0,0,40.04
1,107,92,0,0,40.0399
1,108,92,0,0,40.0398
1,109,92,0,0,40.0398
1,110,92,0,0,40.0397
1,111,92,0,0,40.0397
1,112,92,0,0,40.0396
1,113,92,0,0,40.0396
1,114,92,0,0,40.0395
1,115,92,0,0,40.0395
1,116,92,0,0,40.0394
1,117,92,0,0,40.0394
1,118,92,0,0,40.0394
1,119,92,0,0,40.0393
1,120,92,0,0,40.0393
1,121,92,0,0,40.0393
1,122,92,0,0,40.0392
1,123,92,0,0,40.0392
1,124,92,0,0,40.0392
1,125,92,0,0,40.0392
1,126,92,0,0,40.0392
1,127,92,0,0,40.0392
1,0,93,0,0,40.059
1,1,93,0,0,40.059
1,2,93,0,0,40.0589
1,3,93,0,0,40.0589
1,4,93,0,0,40.0587
1,5,93,0,0,40.0586
1,6,93,0,0,40.0585
1,7,93,0,0,40.0583
1,8,93,0,0,40.0581
1,9,93,0,0,40.058
1,10,93,0,0,40.0577
1,11,93,0,0,40.0575
1,12,93,0,0,40.0573
1,13,93,0,0,40.057
1,14,93,0,0,40.0568
1,15,93,0,0,40.0565
1,16,93,0,0,40.0562
1,17,93,0,0,40.0559
1,18,93,0,0,40.0556
1,19,93,0,0,40.0553
1,20,93,0,0,40.055
1,21,93,0,0,40.0546
1,22,93,0,0,40.0543
1,23,93,0,0,40.054
1,24,93,0,0,40.0536
1,25,93,0,0,40.0533
1,26,93,0,0,40.053
1,27,93,0,0,40.0526
1,28,93,0,0,40.0523
1,29,93,0,0,40.0519
1,30,93,0,0,40.0516
1,31,93,0,0,40.0512
1,32,93,0,0,40.0509
1,33,93,0,0,40.0505
1,34,93,0,0,40.0502
1,35,93,0,0,40.0499
1,36,93,0,0,40.0495
1,37,93,0,0,40.0492
1,38,93,0,0,40.0488
1,39,93,0,0,40.0485
1,40,93,0,0,40.0482
1,41,93,0,0,40.0479
1,42,93,0,0,40.0476
1,43,93,0,0,40.0473
1,44,93,0,0,40.047
1,45,93,0,0,40.0467
1,46,93,0,0,40.0464
1,47,93,0,0,40.0461
1,48,93,0,0,40.0458
1,49,93,0,0,40.0455
1,50,93,0,0,40.0452
1,51,93,0,0,40.045
1,52,93,0,0,40.0447
1,53,93,0,0,40.0445
1,54,93,0,0,40.0442
1,55,93,0,0,40.044
1,56,93,0,0,40.0438
1,57,93,0,0,40.0435
1,58,93,0,0,40.0433
1,59,93,0,0,40.0431
1,60,93,0,0,40.0429
1,61,93,0,0,40.0427
1,62,93,0,0,40.0425
1,63,93,0,0,40.0423
1,64,93,0,0,40.0421
1,65,93,0,0,40.042
1,66,93,0,0,40.0418
1,67,93,0,0,40.0416
1,68,93,0,0,40.0415
1,69,93,0,0,40.0413
1,70,93,0,0,40.0412
1,71,93,0,0,40.041
1,72,93,0,0,40.0409
1,73,93,0,0,40.0408
1,74,93,0,0,40.0406
1,75,93,0,0,40.0405
1,76,93,0,0,40.0404
1,77,93,0,0,40.0403
1,78,93,0,0,40.0402
1,79,93,0,0,40.04
1,80,93,0,0,40.0399
1,81,93,0,0,40.0398
1,82,93,0,0,40.0397
1,83,93,0,0,40.0396
1,84,93,0,0,40.0395
1,85,93,0,0,40.0394
1,86,93,0,0,40.0393
1,87,93,0,0,40.0393
1,88,93,0,0,40.0392
1,89,93,0,0,40.0391
1,90,93,0,0,40.039
1,91,93,0,0,40.0389
1,92,93,0,0,40.0388
1,93,93,0,0,40.0388
1,94,93,0,0,40.0387
1,95,93,0,0,40.0386
1,96,93,0,0,40.0385
1,97,93,0,0,40.0385
1,98,93,0,0,40.0384
1,99,93,0,0,40.0383
1,100,93,0,0,40.0382
1,101,93,0,0,40.0382
1,102,93,0,0,40.0381
1,103,93,0,0,40.038
1,104,93,0,0,40.038
1,105,93,0,0,40.0379
1,106,93,0,0,40.0378
1,107,93,0,0,40.0378
1,108,93,0,0,40.0377
1,109,93,0,0,40.0377
1,110,93,0,0,40.0376
1,111,93,0,0,40.0376
1,112,93,0,0,40.0375
1,113,93,0,0,40.0375
1,114,93,0,0,40.0374
1,115,93,0,0,40.0374
1,116,93,0,0,40.0373
1,117,93,0,0,40.0373
1,118,93,0,0,40.0373
1,119,93,0,0,40.0372
1,120,93,0,0,40.0372
1,121,93,0,0,40.0372
1,122,93,0,0,40.0372
1,123,93,0,0,40.0371
1,124,93,0,0,40.0371
1,125,93,0,0,40.0371
1,126,93,0,0,40.0371
1,127,93,0,0,40.0371
1,0,94,0,0,40.0557
1,1,94,0,0,40.0557
1,2,94,0,0,40.0556
1,3,94,0,0,40.0556
1,4,94,0,0,40.0555
1,5,94,0,0,40.0554
1,6,94,0,0,40.0552
1,7,94,0,0,40.0551
1,8,94,0,0,40.0549
1,9,94,0,0,40.0547
1,10,94,0,0,40.0545
1,11,94,0,0,40.0543
1,12,94,0,0,40.0541
1,13,94,0,0,40.0539
1,14,94,0,0,40.0536
1,15,94,0,0,40.0534
1,16,94,0,0,40.0531
1,17,94,0,0,40.0528
1,18,94,0,0,40.0526
1,19,94,0,0,40.0523
1,20,94,0,0,40.052
1,21,94,0,0,40.0517
1,22,94,0,0,40.0514
1,23,94,0,0,40.0511
1,24,94,0,0,40.0507
1,25,94,0,0,40.0504
1,26,94,0,0,40.0501
1,27,94,0,0,40.0498
1,28,94,0,0,40.0495
1,29,94,0,0,40.0491
1,30,94,0,0,40.0488
1,31,94,0,0,40.0485
1,32,94,0,0,40.0482
1,33,94,0,0,40.0478
1,34,94,0,0,40.0475
1,35,94,0,0,40.0472
1,36,94,0,0,40.0469
1,37,94,0,0,40.0466
1,38,94,0,0,40.0463
1,39,94,0,0,40.046
1,40,94,0,0,40.0457
1,41,94,0,0,40.0454
1,42,94,0,0,40.0451
1,43,94,0,0,40.0448
1,44,94,0,0,40.0445
1,45,94,0,0,40.0442
1,46,94,0,0,40.0439
1,47,94,0,0,40.0437
1,48,94,0,0,40.0434
1,49,94,0,0,40.0431
1,50,94,0,0,40.0429
1,51,94,0,0,40.0426
1,52,94,0,0,40.0424
1,53,94,0,0,40.0421
1,54,94,0,0,40.0419
1,55,94,0,0,40.0417
1,56,94,0,0,40.0415
1,57,94,0,0,40.0413
1,58,94,0,0,40.0411
1,59,94,0,0,40.0409
1,60,94,0,0,40.0407
1,61,94,0,0,40.0405
1,62,94,0,0,40.0403
1,63,94,0,0,40.0401
1,64,94,0,0,40.0399
1,65,94,0,0,40.0398
1,66,94,0,0,40.0396
1,67,94,0,0,40.0395
1,68,94,0,0,40.0393
1,69,94,0,0,40.0392
1,70,94,0,0,40.039
1,71,94,0,0,40.0389
1,72,94,0,0,40.0387
1,73,94,0,0,40.0386
1,74,94,0,0,40.0385
1,75,94,0,0,40.0384
1,76,94,0,0,40.0383
1,77,94,0,0,40.0382
1,78,94,0,0,40.038
1,79,94,0,0,40.0379
1,80,94,0,0,40.0378
1,81,94,0,0,40.0377
1,82,94,0,0,40.0376
1,83,94,0,0,40.0375
1,84,94,0,0,40.0374
1,85,94,0,0,40.0374
1,86,94,0,0,40.0373
1,87,94,0,0,40.0372
1,88,94,0,0,40.0371
1,89,94,0,0,40.037
1,90,94,0,0,40.0369
1,91,94,0,0,40.0369
1,92,94,0,0,40.0368
1,93,94,0,0,40.0367
1,94,94,0,0,40.0366
1,95,94,0,0,40.0366
1,96,94,0,0,40.0365
1,97,94,0,0,40.0364
1,98,94,0,0,40.0363
1,99,94,0,0,40.0363
1,100,94,0,0,40.0362
1,101,94,0,0,40.0361
1,102,94,0,0,40.0361
1,103,94,0,0,40.036
1,104,94,0,0,40.036
1,105,94,0,0,40.0359
1,106,94,0,0,40.0358
1,107,94,0,0,40.0358
1,108,94,0,0,40.0357
1,109,94,0,0,40.0357
1,110,94,0,0,40.0356
1,111,94,0,0,40.0356
1,112,94,0,0,40.0355
1,113,94,0,0,40.0355
1,114,94,0,0,40.0354
1,115,94,0,0,40.0354
1,116,94,0,0,40.0354
1,117,94,0,0,40.0353
1,118,94,0,0,40.0353
1,119,94,0,0,40.0353
1,120,94,0,0,40.0352
1,121,94,0,0,40.0352
1,122,94,0,0,40.0352
1,123,94,0,0,40.0352
1,124,94,0,0,40.0352
1,125,94,0,0,40.0351
1,126,94,0,0,40.0351
1,127,94,0,0,40.0351
1,0,95,0,0,40.0526
1,1,95,0,0,40.0526
1,2,95,0,0,40.0525
1,3,95,0,0,40.0525
1,4,95,0,0,40.0524
1,5,95,0,0,40.0523
1,6,95,0,0,40.0522
1,7,95,0,0,40.052
1,8,95,0,0,40.0519
1,9,95,0,0,40.0517
1,10,95,0,0,40.0515
1,11,95,0,0,40.0513
1,12,95,0,0,40.0511
1,13,95,0,0,40.0509
1,14,95,0,0,40.0507
1,15,95,0,0,40.0505
1,16,95,0,0,40.0502
1,17,95,0,0,40.05
1,18,95,0,0,40.0497
1,19,95,0,0,40.0494
1,20,95,0,0,40.0492
1,21,95,0,0,40.0489
1,22,95,0,0,40.0486
1,23,95,0,0,40.0483
1,24,95,0,0,40.048
1,25,95,0,0,40.0477
1,26,95,0,0,40.0474
1,27,95,0,0,40.0471
1,28,95,0,0,40.0468
1,29,95,0,0,40.0465
1,30,95,0,0,40.0462
1,31,95,0,0,40.0459
1,32,95,0,0,40.0456
1,33,95,0,0,40.0453
1,34,95,0,0,40.045
1,35,95,0,0,40.0447
1,36,95,0,0,40.0444
1,37,95,0,0,40.0441
1,38,95,0,0,40.0438
1,39,95,0,0,40.0435
1,40,95,0,0,40.0432
1,41,95,0,0,40.043
1,42,95,0,0,40.0427
1,43,95,0,0,40.0424
1,44,95,0,0,40.0421
1,45,95,0,0,40.0419
1,46,95,0,0,40.0416
1,47,95,0,0,40.0414
1,48,95,0,0,40.0411
1,49,95,0,0,40.0409
1,50,95,0,0,40.0406
1,51,95,0,0,40.0404
1,52,95,0,0,40.0402
1,53,95,0,0,40.0399
1,54,95,0,0,40.0397
1,55,95,0,0,40.0395
1,56,95,0,0,40.0393
1,57,95,0,0,40.0391
1,58,95,0,0,40.0389
1,59,95,0,0,40.0387
1,60,95,0,0,40.0385
1,61,95,0,0,40.0384
1,62,95,0,0,40.0382
1,63,95,0,0,40.038
1,64,95,0,0,40.0379
1,65,95,0,0,40.0377
1,66,95,0,0,40.0375
1,67,95,0,0,40.0374
1,68,95,0,0,40.0373
1,69,95,0,0,40.0371
1,70,95,0,0,40.037
1,71,95,0,0,40.0369
1,72,95,0,0,40.0367
1,73,95,0,0,40.0366
1,74,95,0,0,40.0365
1,75,95,0,0,40.0364
1,76,95,0,0,40.0363
1,77,95,0,0,40.0362
1,78,95,0,0,40.036
1,79,95,0,0,40.0359
1,80,95,0,0,40.0358
1,81,95,0,0,40.0358
1,82,95,0,0,40.0357
1,83,95,0,0,40.0356
1,84,95,0,0,40.0355
1,85,95,0,0,40.0354
1,86,95,0,0,40.0353
1,87,95,0,0,40.0352
1,88,95,0,0,40.0351
1,89,95,0,0,40.0351
1,90,95,0,0,40.035
1,91,95,0,0,40.0349
1,92,95,0,0,40.0348
1,93,95,0,0,40.0348
1,94,95,0,0,40.0347
1,95,95,0,0,40.0346
1,96,95,0,0,40.0346
1,97,95,0,0,40.0345
1,98,95,0,0,40.0344
1,99,95,0,0,40.0344
1,100,95,0,0,40.0343
1,101,95,0,0,40.0342
1,102,95,0,0,40.0342
1,103,95,0,0,40.0341
1,104,95,0,0,40.0341
1,105,95,0,0,40.034
1,106,95,0,0,40.034
1,107,95,0,0,40.0339
1,108,95,0,0,40.0339
1,109,95,0,0,40.0338
1,110,95,0,0,40.0338
1,111,95,0,0,40.0337
1,112,95,0,0,40.0337
1,113,95,0,0,40.0336
1,114,95,0,0,40.0336
1,115,95,0,0,40.0335
1,116,95,0,0,40.0335
1,117,95,0,0,40.0335
1,118,95,0,0,40.0334
1,119,95,0,0,40.0334
1,120,95,0,0,40.0334
1,121,95,0,0,40.0334
1,122,95,0,0,40.0334
1,123,95,0,0,40.0333
1,124,95,0,0,40.0333
1,125,95,0,0,40.0333
1,126,95,0,0,40.0333
1,127,95,0,0,40.0333
1,0,96,0,0,40.0497
1,1,96,0,0,40.0497
1,2,96,0,0,40.0496
1,3,96,0,0,40.0496
1,4,96,0,0,40.0495
1,5,96,0,0,40.0494
1,6,96,0,0,40.0493
1,7,96,0,0,40.0492
1,8,96,0,0,40.049
1,9,96,0,0,40.0489
1,10,96,0,0,40.0487
1,11,96,0,0,40.0485
1,12,96,0,0,40.0483
1,13,96,0,0,40.0481
1,14,96,0,0,40.0479
1,15,96,0,0,40.0477
1,16,96,0,0,40.0475
1,17,96,0,0,40.0472
1,18,96,0,0,40.047
1,19,96,0,0,40.0468
1,20,96,0,0,40.0465
1,21,96,0,0,40.0462
1,22,96,0,0,40.046
1,23,96,0,0,40.0457
1,24,96,0,0,40.0454
1,25,96,0,0,40.0452
1,26,96,0,0,40.0449
1,27,96,0,0,40.0446
1,28,96,0,0,40.0443
1,29,96,0,0,40.044
1,30,96,0,0,40.0438
1,31,96,0,0,40.0435
1,32,96,0,0,40.0432
1,33,96,0,0,40.0429
1,34,96,0,0,40.0426
1,35,96,0,0,40.0423
1,36,96,0,0,40.0421
1,37,96,0,0,40.0418
1,38,96,0,0,40.0415
1,39,96,0,0,40.0413
1,40,96,0,0,40.041
1,41,96,0,0,40.0407
1,42,96,0,0,40.0405
1,43,96,0,0,40.0402
1,44,96,0,0,40.04
1,45,96,0,0,40.0397
1,46,96,0,0,40.0395
1,47,96,0,0,40.0392
1,48,96,0,0,40.039
1,49,96,0,0,40.0388
1,50,96,0,0,40.0385
1,51,96,0,0,40.0383
1,52,96,0,0,40.0381
1,53,96,0,0,40.0379
1,54,96,0,0,40.0377
1,55,96,0,0,40.0375
1,56,96,0,0,40.0373
1,57,96,0,0,40.0371
1,58,96,0,0,40.0369
1,59,96,0,0,40.0367
1,60,96,0,0,40.0365
1,61,96,0,0,40.0364
1,62,96,0,0,40.0362
1,63,96,0,0,40.0361
1,64,96,0,0,40.0359
1,65,96,0,0,40.0357
1,66,96,0,0,40.0356
1,67,96,0,0,40.0355
1,68,96,0,0,40.0353
1,69,96,0,0,40.0352
1,70,96,0,0,40.0351
1,71,96,0,0,40.0349
1,72,96,0,0,40.0348
1,73,96,0,0,40.0347
1,74,96,0,0,40.0346
1,75,96,0,0,40.0345
1,76,96,0,0,40.0344
1,77,96,0,0,40.0343
1,78,96,0,0,40.0342
1,79,96,0,0,40.0341
1,80,96,0,0,40.034
1,81,96,0,0,40.0339
1,82,96,0,0,40.0338
1,83,96,0,0,40.0337
1,84,96,0,0,40.0336
1,85,96,0,0,40.0335
1,86,96,0,0,40.0335
1,87,96,0,0,40.0334
1,88,96,0,0,40.0333
1,89,96,0,0,40.0332
1,90,96,0,0,40.0332
1,91,96,0,0,40.0331
1,92,96,0,0,40.033
1,93,96,0,0,40.033
1,94,96,0,0,40.0329
1,95,96,0,0,40.0328
1,96,96,0,0,40.0328
1,97,96,0,0,40.0327
1,98,96,0,0,40.0326
1,99,96,0,0,40.0326
1,100,96,0,0,40.0325
1,101,96,0,0,40.0324
1,102,96,0,0,40.0324
1,103,96,0,0,40.0323
1,104,96,0,0,40.0323
1,105,96,0,0,40.0322
1,106,96,0,0,40.0322
1,107,96,0,0,40.0321
1,108,96,0,0,40.0321
1,109,96,0,0,40.032
1,110,96,0,0,40.032
1,111,96,0,0,40.0319
1,112,96,0,0,40.0319
1,113,96,0,0,40.0319
1,114,96,0,0,40.0318
1,115,96,0,0,40.0318
1,116,96,0,0,40.0318
1,117,96,0,0,40.0317
1,118,96,0,0,40.0317
1,119,96,0,0,40.0317
1,120,96,0,0,40.0317
1,121,96,0,0,40.0316
1,122,96,0,0,40.0316
1,123,96,0,0,40.0316
1,124,96,0,0,40.0316
1,125,96,0,0,40.0316
1,126,96,0,0,40.0316
1,127,96,0,0,40.0316
1,0,97,0,0,40.047
1,1,97,0,0,40.047
1,2,97,0,0,40.0469
1,3,97,0,0,40.0468
1,4,97,0,0,40.0468
1,5,97,0,0,40.0467
1,6,97,0,0,40.0466
1,7,97,0,0,40.0465
1,8,97,0,0,40.0463
1,9,97,0,0,40.0462
1,10,97,0,0,40.046
1,11,97,0,0,40.0459
1,12,97,0,0,40.0457
1,13,97,0,0,40.0455
1,14,97,0,0,40.0453
1,15,97,0,0,40.0451
1,16,97,0,0,40.0449
1,17,97,0,0,40.0447
1,18,97,0,0,40.0445
1,19,97,0,0,40.0442
1,20,97,0,0,40.044
1,21,97,0,0,40.0438
1,22,97,0,0,40.0435
1,23,97,0,0,40.0433
1,24,97,0,0,40.043
1,25,97,0,0,40.0428
1,26,97,0,0,40.0425
1,27,97,0,0,40.0422
1,28,97,0,0,40.042
1,29,97,0,0,40.0417
1,30,97,0,0,40.0414
1,31,97,0,0,40.0412
1,32,97,0,0,40.0409
1,33,97,0,0,40.0406
1,34,97,0,0,40.0404
1,35,97,0,0,40.0401
1,36,97,0,0,40.0399
1,37,97,0,0,40.0396
1,38,97,0,0,40.0394
1,39,97,0,0,40.0391
1,40,97,0,0,40.0388
1,41,97,0,0,40.0386
1,42,97,0,0,40.0384
1,43,97,0,0,40.0381
1,44,97,0,0,40.0379
1,45,97,0,0,40.0376
1,46,97,0,0,40.0374
1,47,97,0,0,40.0372
1,48,97,0,0,40.037
1,49,97,0,0,40.0367
1,50,97,0,0,40.0365
1,51,97,0,0,40.0363
1,52,97,0,0,40.0361
1,53,97,0,0,40.0359
1,54,97,0,0,40.0357
1,55,97,0,0,40.0355
1,56,97,0,0,40.0354
1,57,97,0,0,40.0352
1,58,97,0,0,40.035
1,59,97,0,0,40.0348
1,60,97,0,0,40.0347
1,61,97,0,0,40.0345
1,62,97,0,0,40.0343
1,63,97,0,0,40.0342
1,64,97,0,0,40.034
1,65,97,0,0,40.0339
1,66,97,0,0,40.0338
1,67,97,0,0,40.0336
1,68,97,0,0,40.0335
1,69,97,0,0,40.0334
1,70,97,0,0,40.0333
1,71,97,0,0,40.0331
1,72,97,0,0,40.033
1,73,97,0,0,40.0329
1,74,97,0,0,40.0328
1,75,97,0,0,40.0327
1,76,97,0,0,40.0326
1,77,97,0,0,40.0325
1,78,97,0,0,40.0324
1,79,97,0,0,40.0323
1,80,97,0,0,40.0322
1,81,97,0,0,40.0321
1,82,97,0,0,40.032
1,83,97,0,0,40.032
1,84,97,0,0,40.0319
1,85,97,0,0,40.0318
1,86,97,0,0,40.0317
1,87,97,0,0,40.0317
1,88,97,0,0,40.0316
1,89,97,0,0,40.0315
1,90,97,0,0,40.0314
1,91,97,0,0,40.0314
1,92,97,0,0,40.0313
1,93,97,0,0,40.0312
1,94,97,0,0,40.0312
1,95,97,0,0,40.0311
1,96,97,0,0,40.031
1,97,97,0,0,40.031
1,98,97,0,0,40.0309
1,99,97,0,0,40.0309
1,100,97,0,0,40.0308
1,101,97,0,0,40.0308
1,102,97,0,0,40.0307
1,103,97,0,0,40.0307
1,104,97,0,0,40.0306
1,105,97,0,0,40.0306
1,106,97,0,0,40.0305
1,107,97,0,0,40.0305
1,108,97,0,0,40.0304
1,109,97,0,0,40.0304
1,110,97,0,0,40.0303
1,111,97,0,0,40.0303
1,112,97,0,0,40.0302
1,113,97,0,0,40.0302
1,114,97,0,0,40.0302
1,115,97,0,0,40.0301
1,116,97,0,0,40.0301
1,117,97,0,0,40.0301
1,118,97,0,0,40.0301
1,119,97,0,0,40.03
1,120,97,0,0,40.03
1,121,97,0,0,40.03
1,122,97,0,0,40.03
1,123,97,0,0,40.03
1,124,97,0,0,40.0299
1,125,97,0,0,40.0299
1,126,97,0,0,40.0299
1,127,97,0,0,40.0299
1,0,98,0,0,40.0444
1,1,98,0,0,40.0444
1,2,98,0,0,40.0443
1,3,98,0,0,40.0443
1,4,98,0,0,40.0442
1,5,98,0,0,40.0441
1,6,98,0,0,40.044
1,7,98,0,0,40.0439
1,8,98,0,0,40.0438
1,9,98,0,0,40.0437
1,10,98,0,0,40.0436
1,11,98,0,0,40.0434
1,12,98,0,0,40.0432
1,13,98,0,0,40.0431
1,14,98,0,0,40.0429
1,15,98,0,0,40.0427
1,16,98,0,0,40.0425
1,17,98,0,0,40.0423
1,18,98,0,0,40.0421
1,19,98,0,0,40.0419
1,20,98,0,0,40.0417
1,21,98,0,0,40.0414
1,22,98,0,0,40.0412
1,23,98,0,0,40.041
1,24,98,0,0,40.0407
1,25,98,0,0,40.0405
1,26,98,0,0,40.0402
1,27,98,0,0,40.04
1,28,98,0,0,40.0398
1,29,98,0,0,40.0395
1,30,98,0,0,40.0393
1,31,98,0,0,40.039
1,32,98,0,0,40.0388
1,33,98,0,0,40.0385
1,34,98,0,0,40.0383
1,35,98,0,0,40.038
1,36,98,0,0,40.0378
1,37,98,0,0,40.0375
1,38,98,0,0,40.0373
1,39,98,0,0,40.0371
1,40,98,0,0,40.0368
1,41,98,0,0,40.0366
1,42,98,0,0,40.0364
1,43,98,0,0,40.0361
1,44,98,0,0,40.0359
1,45,98,0,0,40.0357
1,46,98,0,0,40.0355
1,47,98,0,0,40.0353
1,48,98,0,0,40.0351
1,49,98,0,0,40.0349
1,50,98,0,0,40.0347
1,51,98,0,0,40.0345
1,52,98,0,0,40.0343
1,53,98,0,0,40.0341
1,54,98,0,0,40.0339
1,55,98,0,0,40.0337
1,56,98,0,0,40.0335
1,57,98,0,0,40.0334
1,58,98,0,0,40.0332
1,59,98,0,0,40.033
1,60,98,0,0,40.0329
1,61,98,0,0,40.0327
1,62,98,0,0,40.0326
1,63,98,0,0,40.0324
1,64,98,0,0,40.0323
1,65,98,0,0,40.0322
1,66,98,0,0,40.032
1,67,98,0,0,40.0319
1,68,98,0,0,40.0318
1,69,98,0,0,40.0317
1,70,98,0,0,40.0315
1,71,98,0,0,40.0314
1,72,98,0,0,40.0313
1,73,98,0,0,40.0312
1,74,98,0,0,40.0311
1,75,98,0,0,40.031
1,76,98,0,0,40.0309
1,77,98,0,0,40.0308
1,78,98,0,0,40.0307
1,79,98,0,0,40.0306
1,80,98,0,0,40.0306
1,81,98,0,0,40.0305
1,82,98,0,0,40.0304
1,83,98,0,0,40.0303
1,84,98,0,0,40.0302
1,85,98,0,0,40.0302
1,86,98,0,0,40.0301
1,87,98,0,0,40.03
1,88,98,0,0,40.0299
1,89,98,0,0,40.0299
1,90,98,0,0,40.0298
1,91,98,0,0,40.0297
1,92,98,0,0,40.0297
1,93,98,0,0,40.0296
1,94,98,0,0,40.0296
1,95,98,0,0,40.0295
1,96,98,0,0,40.0294
1,97,98,0,0,40.0294
1,98,98,0,0,40.0293
1,99,98,0,0,40.0293
1,100,98,0,0,40.0292
1,101,98,0,0,40.0292
1,102,98,0,0,40.0291
1,103,98,0,0,40.0291
1,104,98,0,0,40.029
1,105,98,0,0,40.029
1,106,98,0,0,40.0289
1,107,98,0,0,40.0289
1,108,98,0,0,40.0288
1,109,98,0,0,40.0288
1,110,98,0,0,40.0288
1,111,98,0,0,40.0287
1,112,98,0,0,40.0287
1,113,98,0,0,40.0286
1,114,98,0,0,40.0286
1,115,98,0,0,40.0286
1,116,98,0,0,40.0286
1,117,98,0,0,40.0285
1,118,98,0,0,40.0285
1,119,98,0,0,40.0285
1,120,98,0,0,40.0285
1,121,98,0,0,40.0284
1,122,98,0,0,40.0284
1,123,98,0,0,40.0284
1,124,98,0,0,40.0284
1,125,98,0,0,40.0284
1,126,98,0,0,40.0284
1,127,98,0,0,40.0284
1,0,99,0,0,40.042
1,1,99,0,0,40.042
1,2,99,0,0,40.0419
1,3,99,0,0,40.0419
1,4,99,0,0,40.0418
1,5,99,0,0,40.0418
1,6,99,0,0,40.0417
1,7,99,0,0,40.0416
1,8,99,0,0,40.0415
1,9,99,0,0,40.0413
1,10,99,0,0,40.0412
1,11,99,0,0,40.0411
1,12,99,0,0,40.0409
1,13,99,0,0,40.0408
1,14,99,0,0,40.0406
1,15,99,0,0,40.0404
1,16,99,0,0,40.0402
1,17,99,0,0,40.04
1,18,99,0,0,40.0399
1,19,99,0,0,40.0397
1,20,99,0,0,40.0394
1,21,99,0,0,40.0392
1,22,99,0,0,40.039
1,23,99,0,0,40.0388
1,24,99,0,0,40.0386
1,25,99,0,0,40.0384
1,26,99,0,0,40.0381
1,27,99,0,0,40.0379
1,28,99,0,0,40.0377
1,29,99,0,0,40.0374
1,30,99,0,0,40.0372
1,31,99,0,0,40.037
1,32,99,0,0,40.0368
1,33,99,0,0,40.0365
1,34,99,0,0,40.0363
1,35,99,0,0,40.0361
1,36,99,0,0,40.0358
1,37,99,0,0,40.0356
1,38,99,0,0,40.0354
1,39,99,0,0,40.0352
1,40,99,0,0,40.0349
1,41,99,0,0,40.0347
1,42,99,0,0,40.0345
1,43,99,0,0,40.0343
1,44,99,0,0,40.0341
1,45,99,0,0,40.0339
1,46,99,0,0,40.0337
1,47,99,0,0,40.0335
1,48,99,0,0,40.0333
1,49,99,0,0,40.0331
1,50,99,0,0,40.0329
1,51,99,0,0,40.0327
1,52,99,0,0,40.0325
1,53,99,0,0,40.0323
1,54,99,0,0,40.0322
1,55,99,0,0,40.032
1,56,99,0,0,40.0318
1,57,99,0,0,40.0317
1,58,99,0,0,40.0315
1,59,99,0,0,40.0314
1,60,99,0,0,40.0312
1,61,99,0,0,40.0311
1,62,99,0,0,40.0309
1,63,99,0,0,40.0308
1,64,99,0,0,40.0307
1,65,99,0,0,40.0305
1,66,99,0,0,40.0304
1,67,99,0,0,40.0303
1,68,99,0,0,40.0302
1,69,99,0,0,40.0301
1,70,99,0,0,40.0299
1,71,99,0,0,40.0298
1,72,99,0,0,40.0297
1,73,99,0,0,40.0296
1,74,99,0,0,40.0295
1,75,99,0,0,40.0294
1,76,99,0,0,40.0293
1,77,99,0,0,40.0292
1,78,99,0,0,40.0292
1,79,99,0,0,40.0291
1,80,99,0,0,40.029
1,81,99,0,0,40.0289
1,82,99,0,0,40.0288
1,83,99,0,0,40.0288
1,84,99,0,0,40.0287
1,85,99,0,0,40.0286
1,86,99,0,0,40.0285
1,87,99,0,0,40.0285
1,88,99,0,0,40.0284
1,89,99,0,0,40.0283
1,90,99,0,0,40.0283
1,91,99,0,0,40.0282
1,92,99,0,0,40.0282
1,93,99,0,0,40.0281
1,94,99,0,0,40.028
1,95,99,0,0,40.028
1,96,99,0,0,40.0279
1,97,99,0,0,40.0279
1,98,99,0,0,40.0278
1,99,99,0,0,40.0278
1,100,99,0,0,40.0277
1,101,99,0,0,40.0277
1,102,99,0,0,40.0276
1,103,99,0,0,40.0276
1,104,99,0,0,40.0275
1,105,99,0,0,40.0275
1,106,99,0,0,40.0274
1,107,99,0,0,40.0274
1,108,99,0,0,40.0274
1,109,99,0,0,40.0273
1,110,99,0,0,40.0273
1,111,99,0,0,40.0272
1,112,99,0,0,40.0272
1,113,99,0,0,40.0272
1,114,99,0,0,40.0271
1,115,99,0,0,40.0271
1,116,99,0,0,40.0271
1,117,99,0,0,40.0271
1,118,99,0,0,40.027
1,119,99,0,0,40.027
1,120,99,0,0,40.027
1,121,99,0,0,40.027
1,122,99,0,0,40.027
1,123,99,0,0,40.027
1,124,99,0,0,40.0269
1,125,99,0,0,40.0269
1,126,99,0,0,40.0269
1,127,99,0,0,40.0269
1,0,100,0,0,40.0397
1,1,100,0,0,40.0397
1,2,100,0,0,40.0397
1,3,100,0,0,40.0396
1,4,100,0,0,40.0396
1,5,100,0,0,40.0395
1,6,100,0,0,40.0394
1,7,100,0,0,40.0393
1,8,100,0,0,40.0392
1,9,100,0,0,40.0391
1,10,100,0,0,40.039
1,11,100,0,0,40.0389
1,12,100,0,0,40.0387
1,13,100,0,0,40.0386
1,14,100,0,0,40.0384
1,15,100,0,0,40.0383
1,16,100,0,0,40.0381
1,17,100,0,0,40.0379
1,18,100,0,0,40.0377
1,19,100,0,0,40.0376
1,20,100,0,0,40.0374
1,21,100,0,0,40.0372
1,22,100,0,0,40.037
1,23,100,0,0,40.0368
1,24,100,0,0,40.0366
1,25,100,0,0,40.0364
1,26,100,0,0,40.0361
1,27,100,0,0,40.0359
1,28,100,0,0,40.0357
1,29,100,0,0,40.0355
1,30,100,0,0,40.0353
1,31,100,0,0,40.0351
1,32,100,0,0,40.0349
1,33,100,0,0,40.0346
1,34,100,0,0,40.0344
1,35,100,0,0,40.0342
1,36,100,0,0,40.034
1,37,100,0,0,40.0338
1,38,100,0,0,40.0336
1,39,100,0,0,40.0334
1,40,100,0,0,40.0332
1,41,100,0,0,40.0329
1,42,100,0,0,40.0327
1,43,100,0,0,40.0325
1,44,100,0,0,40.0323
1,45,100,0,0,40.0322
1,46,100,0,0,40.032
1,47,100,0,0,40.0318
1,48,100,0,0,40.0316
1,49,100,0,0,40.0314
1,50,100,0,0,40.0312
1,51,100,0,0,40.031
1,52,100,0,0,40.0309
1,53,100,0,0,40.0307
1,54,100,0,0,40.0305
1,55,100,0,0,40.0304
1,56,100,0,0,40.0302
1,57,100,0,0,40.0301
1,58,100,0,0,40.0299
1,59,100,0,0,40.0298
1,60,100,0,0,40.0296
1,61,100,0,0,40.0295
1,62,100,0,0,40.0294
1,63,100,0,0,40.0292
1,64,100,0,0,40.0291
1,65,100,0,0,40.029
1,66,100,0,0,40.0289
1,67,100,0,0,40.0288
1,68,100,0,0,40.0286
1,69,100,0,0,40.0285
1,70,100,0,0,40.0284
1,71,100,0,0,40.0283
1,72,100,0,0,40.0282
1,73,100,0,0,40.0281
1,74,100,0,0,40.028
1,75,100,0,0,40.0279
1,76,100,0,0,40.0279
1,77,100,0,0,40.0278
1,78,100,0,0,40.0277
1,79,100,0,0,40.0276
1,80,100,0,0,40.0275
1,81,100,0,0,40.0274
1,82,100,0,0,40.0274
1,83,100,0,0,40.0273
1,84,100,0,0,40.0272
1,85,100,0,0,40.0272
1,86,100,0,0,40.0271
1,87,100,0,0,40.027
1,88,100,0,0,40.027
1,89,100,0,0,40.0269
1,90,100,0,0,40.0268
1,91,100,0,0,40.0268
1,92,100,0,0,40.0267
1,93,100,0,0,40.0267
1,94,100,0,0,40.0266
1,95,100,0,0,40.0266
1,96,100,0,0,40.0265
1,97,100,0,0,40.0265
1,98,100,0,0,40.0264
1,99,100,0,0,40.0264
1,100,100,0,0,40.0263
1,101,100,0,0,40.0263
1,102,100,0,0,40.0262
1,103,100,0,0,40.0262
1,104,100,0,0,40.0261
1,105,100,0,0,40.0261
1,106,100,0,0,40.026
1,107,100,0,0,40.026
1,108,100,0,0,40.026
1,109,100,0,0,40.0259
1,110,100,0,0,40.0259
1,111,100,0,0,40.0259
1,112,100,0,0,40.0258
1,113,100,0,0,40.0258
1,114,100,0,0,40.0258
1,115,100,0,0,40.0257
1,116,100,0,0,40.0257
1,117,100,0,0,40.0257
1,118,100,0,0,40.0257
1,119,100,0,0,40.0256
1,120,100,0,0,40.0256
1,121,100,0,0,40.0256
1,122,100,0,0,40.0256
1,123,100,0,0,40.0256
1,124,100,0,0,40.0256
1,125,100,0,0,40.0256
1,126,100,0,0,40.0256
1,127,100,0,0,40.0256
1,0,101,0,0,40.0376
1,1,101,0,0,40.0376
1,2,101,0,0,40.0376
1,3,101,0,0,40.0375
1,4,101,0,0,40.0375
1,5,101,0,0,40.0374
1,6,101,0,0,40.0373
1,7,101,0,0,40.0372
1,8,101,0,0,40.0372
1,9,101,0,0,40.037
1,10,101,0,0,40.0369
1,11,101,0,0,40.0368
1,12,101,0,0,40.0367
1,13,101,0,0,40.0366
1,14,101,0,0,40.0364
1,15,101,0,0,40.0363
1,16,101,0,0,40.0361
1,17,101,0,0,40.0359
1,18,101,0,0,40.0358
1,19,101,0,0,40.0356
1,20,101,0,0,40.0354
1,21,101,0,0,40.0352
1,22,101,0,0,40.0351
1,23,101,0,0,40.0349
1,24,101,0,0,40.0347
1,25,101,0,0,40.0345
1,26,101,0,0,40.0343
1,27,101,0,0,40.0341
1,28,101,0,0,40.0339
1,29,101,0,0,40.0337
1,30,101,0,0,40.0335
1,31,101,0,0,40.0333
1,32,101,0,0,40.0331
1,33,101,0,0,40.0329
1,34,101,0,0,40.0327
1,35,101,0,0,40.0325
1,36,101,0,0,40.0323
1,37,101,0,0,40.0321
1,38,101,0,0,40.0319
1,39,101,0,0,40.0317
1,40,101,0,0,40.0315
1,41,101,0,0,40.0313
1,42,101,0,0,40.0311
1,43,101,0,0,40.0309
1,44,101,0,0,40.0307
1,45,101,0,0,40.0305
1,46,101,0,0,40.0303
1,47,101,0,0,40.0302
1,48,101,0,0,40.03
1,49,101,0,0,40.0298
1,50,101,0,0,40.0297
1,51,101,0,0,40.0295
1,52,101,0,0,40.0293
1,53,101,0,0,40.0292
1,54,101,0,0,40.029
1,55,101,0,0,40.0289
1,56,101,0,0,40.0287
1,57,101,0,0,40.0286
1,58,101,0,0,40.0284
1,59,101,0,0,40.0283
1,60,101,0,0,40.0282
1,61,101,0,0,40.028
1,62,101,0,0,40.0279
1,63,101,0,0,40.0278
1,64,101,0,0,40.0277
1,65,101,0,0,40.0275
1,66,101,0,0,40.0274
1,67,101,0,0,40.0273
1,68,101,0,0,40.0272
1,69,101,0,0,40.0271
1,70,101,0,0,40.027
1,71,101,0,0,40.0269
1,72,101,0,0,40.0268
1,73,101,0,0,40.0267
1,74,101,0,0,40.0266
1,75,101,0,0,40.0265
1,76,101,0,0,40.0265
1,77,101,0,0,40.0264
1,78,101,0,0,40.0263
1,79,101,0,0,40.0262
1,80,101,0,0,40.0261
1,81,101,0,0,40.0261
1,82,101,0,0,40.026
1,83,101,0,0,40.0259
1,84,101,0,0,40.0259
1,85,101,0,0,40.0258
1,86,101,0,0,40.0257
1,87,101,0,0,40.0257
1,88,101,0,0,40.0256
1,89,101,0,0,40.0255
1,90,101,0,0,40.0255
1,91,101,0,0,40.0254
1,92,101,0,0,40.0254
1,93,101,0,0,40.0253
1,94,101,0,0,40.0253
1,95,101,0,0,40.0252
1,96,101,0,0,40.0252
1,97,101,0,0,40.0251
1,98,101,0,0,40.0251
1,99,101,0,0,40.025
1,100,101,0,0,40.025
1,101,101,0,0,40.0249
1,102,101,0,0,40.0249
1,103,101,0,0,40.0248
1,104,101,0,0,40.0248
1,105,101,0,0,40.0248
1,106,101,0,0,40.0247
1,107,101,0,0,40.0247
1,108,101,0,0,40.0247
1,109,101,0,0,40.0246
1,110,101,0,0,40.0246
1,111,101,0,0,40.0246
1,112,101,0,0,40.0245
1,113,101,0,0,40.0245
1,114,101,0,0,40.0245
1,115,101,0,0,40.0244
1,116,101,0,0,40.0244
1,117,101,0,0,40.0244
1,118,101,0,0,40.0244
1,119,101,0,0,40.0244
1,120,101,0,0,40.0243
1,121,101,0,0,40.0243
1,122,101,0,0,40.0243
1,123,101,0,0,40.0243
1,124,101,0,0,40.0243
1,125,101,0,0,40.0243
1,126,101,0,0,40.0243
1,127,101,0,0,40.0243
1,0,102,0,0,40.0356
1,1,102,0,0,40.0356
1,2,102,0,0,40.0356
1,3,102,0,0,40.0355
1,4,102,0,0,40.0355
1,5,102,0,0,40.0354
1,6,102,0,0,40.0354
1,7,102,0,0,40.0353
1,8,102,0,0,40.0352
1,9,102,0,0,40.0351
1,10,102,0,0,40.035
1,11,102,0,0,40.0349
1,12,102,0,0,40.0348
1,13,102,0,0,40.0346
1,14,102,0,0,40.0345
1,15,102,0,0,40.0344
1,16,102,0,0,40.0342
1,17,102,0,0,40.0341
1,18,102,0,0,40.0339
1,19,102,0,0,40.0338
1,20,102,0,0,40.0336
1,21,102,0,0,40.0334
1,22,102,0,0,40.0332
1,23,102,0,0,40.0331
1,24,102,0,0,40.0329
1,25,102,0,0,40.0327
1,26,102,0,0,40.0325
1,27,102,0,0,40.0323
1,28,102,0,0,40.0322
1,29,102,0,0,40.032
1,30,102,0,0,40.0318
1,31,102,0,0,40.0316
1,32,102,0,0,40.0314
1,33,102,0,0,40.0312
1,34,102,0,0,40.031
1,35,102,0,0,40.0308
1,36,102,0,0,40.0306
1,37,102,0,0,40.0304
1,38,102,0,0,40.0303
1,39,102,0,0,40.0301
1,40,102,0,0,40.0299
1,41,102,0,0,40.0297
1,42,102,0,0,40.0295
1,43,102,0,0,40.0294
1,44,102,0,0,40.0292
1,45,102,0,0,40.029
1,46,102,0,0,40.0288
1,47,102,0,0,40.0287
1,48,102,0,0,40.0285
1,49,102,0,0,40.0283
1,50,102,0,0,40.0282
1,51,102,0,0,40.028
1,52,102,0,0,40.0279
1,53,102,0,0,40.0277
1,54,102,0,0,40.0276
1,55,102,0,0,40.0274
1,56,102,0,0,40.0273
1,57,102,0,0,40.0272
1,58,102,0,0,40.027
1,59,102,0,0,40.0269
1,60,102,0,0,40.0268
1,61,102,0,0,40.0266
1,62,102,0,0,40.0265
1,63,102,0,0,40.0264
1,64,102,0,0,40.0263
1,65,102,0,0,40.0262
1,66,102,0,0,40.0261
1,67,102,0,0,40.026
1,68,102,0,0,40.0259
1,69,102,0,0,40.0258
1,70,102,0,0,40.0257
1,71,102,0,0,40.0256
1,72,102,0,0,40.0255
1,73,102,0,0,40.0254
1,74,102,0,0,40.0253
1,75,102,0,0,40.0252
1,76,102,0,0,40.0251
1,77,102,0,0,40.0251
1,78,102,0,0,40.025
1,79,102,0,0,40.0249
1,80,102,0,0,40.0248
1,81,102,0,0,40.0248
1,82,102,0,0,40.0247
1,83,102,0,0,40.0246
1,84,102,0,0,40.0246
1,85,102,0,0,40.0245
1,86,102,0,0,40.0244
1,87,102,0,0,40.0244
1,88,102,0,0,40.0243
1,89,102,0,0,40.0243
1,90,102,0,0,40.0242
1,91,102,0,0,40.0242
1,92,102,0,0,40.0241
1,93,102,0,0,40.0241
1,94,102,0,0,40.024
1,95,102,0,0,40.024
1,96,102,0,0,40.0239
1,97,102,0,0,40.0239
1,98,102,0,0,40.0238
1,99,102,0,0,40.0238
1,100,102,0,0,40.0237
1,101,102,0,0,40.0237
1,102,102,0,0,40.0236
1,103,102,0,0,40.0236
1,104,102,0,0,40.0236
1,105,102,0,0,40.0235
1,106,102,0,0,40.0235
1,107,102,0,0,40.0235
1,108,102,0,0,40.0234
1,109,102,0,0,40.0234
1,110,102,0,0,40.0234
1,111,102,0,0,40.0233
1,112,102,0,0,40.0233
1,113,102,0,0,40.0233
1,114,102,0,0,40.0232
1,115,102,0,0,40.0232
1,116,102,0,0,40.0232
1,117,102,0,0,40.0232
1,118,102,0,0,40.0232
1,119,102,0,0,40.0231
1,120,102,0,0,40.0231
1,121,102,0,0,40.0231
1,122,102,0,0,40.0231
1,123,102,0,0,40.0231
1,124,102,0,0,40.0231
1,125,102,0,0,40.0231
1,126,102,0,0,40.0231
1,127,102,0,0,40.0231
1,0,103,0,0,40.0338
1,1,103,0,0,40.0338
1,2,103,0,0,40.0337
1,3,103,0,0,40.0337
1,4,103,0,0,40.0336
1,5,103,0,0,40.0336
1,6,103,0,0,40.0335
1,7,103,0,0,40.0334
1,8,103,0,0,40.0334
1,9,103,0,0,40.0333
1,10,103,0,0,40.0332
1,11,103,0,0,40.0331
1,12,103,0,0,40.033
1,13,103,0,0,40.0329
1,14,103,0,0,40.0327
1,15,103,0,0,40.0326
1,16,103,0,0,40.0325
1,17,103,0,0,40.0323
1,18,103,0,0,40.0322
1,19,103,0,0,40.032
1,20,103,0,0,40.0319
1,21,103,0,0,40.0317
1,22,103,0,0,40.0316
1,23,103,0,0,40.0314
1,24,103,0,0,40.0312
1,25,103,0,0,40.0311
1,26,103,0,0,40.0309
1,27,103,0,0,40.0307
1,28,103,0,0,40.0305
1,29,103,0,0,40.0304
1,30,103,0,0,40.0302
1,31,103,0,0,40.03
1,32,103,0,0,40.0298
1,33,103,0,0,40.0296
1,34,103,0,0,40.0295
1,35,103,0,0,40.0293
1,36,103,0,0,40.0291
1,37,103,0,0,40.0289
1,38,103,0,0,40.0288
1,39,103,0,0,40.0286
1,40,103,0,0,40.0284
1,41,103,0,0,40.0282
1,42,103,0,0,40.0281
1,43,103,0,0,40.0279
1,44,103,0,0,40.0277
1,45,103,0,0,40.0276
1,46,103,0,0,40.0274
1,47,103,0,0,40.0273
1,48,103,0,0,40.0271
1,49,103,0,0,40.0269
1,50,103,0,0,40.0268
1,51,103,0,0,40.0266
1,52,103,0,0,40.0265
1,53,103,0,0,40.0264
1,54,103,0,0,40.0262
1,55,103,0,0,40.0261
1,56,103,0,0,40.026
1,57,103,0,0,40.0258
1,58,103,0,0,40.0257
1,59,103,0,0,40.0256
1,60,103,0,0,40.0254
1,61,103,0,0,40.0253
1,62,103,0,0,40.0252
1,63,103,0,0,40.0251
1,64,103,0,0,40.025
1,65,103,0,0,40.0249
1,66,103,0,0,40.0248
1,67,103,0,0,40.0247
1,68,103,0,0,40.0246
1,69,103,0,0,40.0245
1,70,103,0,0,40.0244
1,71,103,0,0,40.0243
1,72,103,0,0,40.0242
1,73,103,0,0,40.0241
1,74,103,0,0,40.0241
1,75,103,0,0,40.024
1,76,103,0,0,40.0239
1,77,103,0,0,40.0238
1,78,103,0,0,40.0238
1,79,103,0,0,40.0237
1,80,103,0,0,40.0236
1,81,103,0,0,40.0235
1,82,103,0,0,40.0235
1,83,103,0,0,40.0234
1,84,103,0,0,40.0234
1,85,103,0,0,40.0233
1,86,103,0,0,40.0232
1,87,103,0,0,40.0232
1,88,103,0,0,40.0231
1,89,103,0,0,40.0231
1,90,103,0,0,40.023
1,91,103,0,0,40.023
1,92,103,0,0,40.0229
1,93,103,0,0,40.0229
1,94,103,0,0,40.0228
1,95,103,0,0,40.0228
1,96,103,0,0,40.0227
1,97,103,0,0,40.0227
1,98,103,0,0,40.0226
1,99,103,0,0,40.0226
1,100,103,0,0,40.0226
1,101,103,0,0,40.0225
1,102,103,0,0,40.0225
1,103,103,0,0,40.0224
1,104,103,0,0,40.0224
1,105,103,0,0,40.0224
1,106,103,0,0,40.0223
1,107,103,0,0,40.0223
1,108,103,0,0,40.0223
1,109,103,0,0,40.0222
1,110,103,0,0,40.0222
1,111,103,0,0,40.0222
1,112,103,0,0,40.0221
1,113,103,0,0,40.0221
1,114,103,0,0,40.0221
1,115,103,0,0,40.0221
1,116,103,0,0,40.0221
1,117,103,0,0,40.022
1,118,103,0,0,40.022
1,119,103,0,0,40.022
1,120,103,0,0,40.022
1,121,103,0,0,40.022
1,122,103,0,0,40.022
1,123,103,0,0,40.0219
1,124,103,0,0,40.0219
1,125,103,0,0,40.0219
1,126,103,0,0,40.0219
1,127,103,0,0,40.0219
1,0,104,0,0,40.032
1,1,104,0,0,40.032
1,2,104,0,0,40.032
1,3,104,0,0,40.0319
1,4,104,0,0,40.0319
1,5,104,0,0,40.0319
1,6,104,0,0,40.0318
1,7,104,0,0,40.0317
1,8,104,0,0,40.0317
1,9,104,0,0,40.0316
1,10,104,0,0,40.0315
1,11,104,0,0,40.0314
1,12,104,0,0,40.0313
1,13,104,0,0,40.0312
1,14,104,0,0,40.0311
1,15,104,0,0,40.0309
1,16,104,0,0,40.0308
1,17,104,0,0,40.0307
1,18,104,0,0,40.0305
1,19,104,0,0,40.0304
1,20,104,0,0,40.0303
1,21,104,0,0,40.0301
1,22,104,0,0,40.03
1,23,104,0,0,40.0298
1,24,104,0,0,40.0297
1,25,104,0,0,40.0295
1,26,104,0,0,40.0293
1,27,104,0,0,40.0292
1,28,104,0,0,40.029
1,29,104,0,0,40.0288
1,30,104,0,0,40.0287
1,31,104,0,0,40.0285
1,32,104,0,0,40.0283
1,33,104,0,0,40.0282
1,34,104,0,0,40.028
1,35,104,0,0,40.0278
1,36,104,0,0,40.0277
1,37,104,0,0,40.0275
1,38,104,0,0,40.0273
1,39,104,0,0,40.0272
1,40,104,0,0,40.027
1,41,104,0,0,40.0269
1,42,104,0,0,40.0267
1,43,104,0,0,40.0265
1,44,104,0,0,40.0264
1,45,104,0,0,40.0262
1,46,104,0,0,40.0261
1,47,104,0,0,40.0259
1,48,104,0,0,40.0258
1,49,104,0,0,40.0256
1,50,104,0,0,40.0255
1,51,104,0,0,40.0254
1,52,104,0,0,40.0252
1,53,104,0,0,40.0251
1,54,104,0,0,40.0249
1,55,104,0,0,40.0248
1,56,104,0,0,40.0247
1,57,104,0,0,40.0246
1,58,104,0,0,40.0245
1,59,104,0,0,40.0243
1,60,104,0,0,40.0242
1,61,104,0,0,40.0241
1,62,104,0,0,40.024
1,63,104,0,0,40.0239
1,64,104,0,0,40.0238
1,65,104,0,0,40.0237
1,66,104,0,0,40.0236
1,67,104,0,0,40.0235
1,68,104,0,0,40.0234
1,69,104,0,0,40.0233
1,70,104,0,0,40.0232
1,71,104,0,0,40.0231
1,72,104,0,0,40.0231
1,73,104,0,0,40.023
1,74,104,0,0,40.0229
1,75,104,0,0,40.0228
1,76,104,0,0,40.0227
1,77,104,0,0,40.0227
1,78,104,0,0,40.0226
1,79,104,0,0,40.0225
1,80,104,0,0,40.0225
1,81,104,0,0,40.0224
1,82,104,0,0,40.0223
1,83,104,0,0,40.0223
1,84,104,0,0,40.0222
1,85,104,0,0,40.0222
1,86,104,0,0,40.0221
1,87,104,0,0,40.0221
1,88,104,0,0,40.022
1,89,104,0,0,40.0219
1,90,104,0,0,40.0219
1,91,104,0,0,40.0218
1,92,104,0,0,40.0218
1,93,104,0,0,40.0218
1,94,104,0,0,40.0217
1,95,104,0,0,40.0217
1,96,104,0,0,40.0216
1,97,104,0,0,40.0216
1,98,104,0,0,40.0215
1,99,104,0,0,40.0215
1,100,104,0,0,40.0215
1,101,104,0,0,40.0214
1,102,104,0,0,40.0214
1,103,104,0,0,40.0213
1,104,104,0,0,40.0213
1,105,104,0,0,40.0213
1,106,104,0,0,40.0212
1,107,104,0,0,40.0212
1,108,104,0,0,40.0212
1,109,104,0,0,40.0211
1,110,104,0,0,40.0211
1,111,104,0,0,40.0211
1,112,104,0,0,40.0211
1,113,104,0,0,40.021
1,114,104,0,0,40.021
1,115,104,0,0,40.021
1,116,104,0,0,40.021
1,117,104,0,0,40.021
1,118,104,0,0,40.0209
1,119,104,0,0,40.0209
1,120,104,0,0,40.0209
1,121,104,0,0,40.0209
1,122,104,0,0,40.0209
1,123,104,0,0,40.0209
1,124,104,0,0,40.0209
1,125,104,0,0,40.0209
1,126,104,0,0,40.0209
1,127,104,0,0,40.0209
1,0,105,0,0,40.0304
1,1,105,0,0,40.0304
1,2,105,0,0,40.0304
1,3,105,0,0,40.0303
1,4,105,0,0,40.0303
1,5,105,0,0,40.0302
1,6,105,0,0,40.0302
1,7,105,0,0,40.0301
1,8,105,0,0,40.03
1,9,105,0,0,40.03
1,10,105,0,0,40.0299
1,11,105,0,0,40.0298
1,12,105,0,0,40.0297
1,13,105,0,0,40.0296
1,14,105,0,0,40.0295
1,15,105,0,0,40.0294
1,16,105,0,0,40.0293
1,17,105,0,0,40.0291
1,18,105,0,0,40.029
1,19,105,0,0,40.0289
1,20,105,0,0,40.0288
1,21,105,0,0,40.0286
1,22,105,0,0,40.0285
1,23,105,0,0,40.0283
1,24,105,0,0,40.0282
1,25,105,0,0,40.028
1,26,105,0,0,40.0279
1,27,105,0,0,40.0277
1,28,105,0,0,40.0276
1,29,105,0,0,40.0274
1,30,105,0,0,40.0273
1,31,105,0,0,40.0271
1,32,105,0,0,40.027
1,33,105,0,0,40.0268
1,34,105,0,0,40.0266
1,35,105,0,0,40.0265
1,36,105,0,0,40.0263
1,37,105,0,0,40.0262
1,38,105,0,0,40.026
1,39,105,0,0,40.0259
1,40,105,0,0,40.0257
1,41,105,0,0,40.0256
1,42,105,0,0,40.0254
1,43,105,0,0,40.0253
1,44,105,0,0,40.0251
1,45,105,0,0,40.025
1,46,105,0,0,40.0248
1,47,105,0,0,40.0247
1,48,105,0,0,40.0245
1,49,105,0,0,40.0244
1,50,105,0,0,40.0243
1,51,105,0,0,40.0241
1,52,105,0,0,40.024
1,53,105,0,0,40.0239
1,54,105,0,0,40.0238
1,55,105,0,0,40.0236
1,56,105,0,0,40.0235
1,57,105,0,0,40.0234
1,58,105,0,0,40.0233
1,59,105,0,0,40.0232
1,60,105,0,0,40.0231
1,61,105,0,0,40.023
1,62,105,0,0,40.0229
1,63,105,0,0,40.0228
1,64,105,0,0,40.0227
1,65,105,0,0,40.0226
1,66,105,0,0,40.0225
1,67,105,0,0,40.0224
1,68,105,0,0,40.0223
1,69,105,0,0,40.0222
1,70,105,0,0,40.0221
1,71,105,0,0,40.022
1,72,105,0,0,40.022
1,73,105,0,0,40.0219
1,74,105,0,0,40.0218
1,75,105,0,0,40.0217
1,76,105,0,0,40.0217
1,77,105,0,0,40.0216
1,78,105,0,0,40.0215
1,79,105,0,0,40.0215
1,80,105,0,0,40.0214
1,81,105,0,0,40.0213
1,82,105,0,0,40.0213
1,83,105,0,0,40.0212
1,84,105,0,0,40.0212
1,85,105,0,0,40.0211
1,86,105,0,0,40.021
1,87,105,0,0,40.021
1,88,105,0,0,40.0209
1,89,105,0,0,40.0209
1,90,105,0,0,40.0208
1,91,105,0,0,40.0208
1,92,105,0,0,40.0207
1,93,105,0,0,40.0207
1,94,105,0,0,40.0207
1,95,105,0,0,40.0206
1,96,105,0,0,40.0206
1,97,105,0,0,40.0205
1,98,105,0,0,40.0205
1,99,105,0,0,40.0205
1,100,105,0,0,40.0204
1,101,105,0,0,40.0204
1,102,105,0,0,40.0203
1,103,105,0,0,40.0203
1,104,105,0,0,40.0203
1,105,105,0,0,40.0202
1,106,105,0,0,40.0202
1,107,105,0,0,40.0202
1,108,105,0,0,40.0202
1,109,105,0,0,40.0201
1,110,105,0,0,40.0201
1,111,105,0,0,40.0201
1,112,105,0,0,40.0201
1,113,105,0,0,40.02
1,114,105,0,0,40.02
1,115,105,0,0,40.02
1,116,105,0,0,40.02
1,117,105,0,0,40.02
1,118,105,0,0,40.0199
1,119,105,0,0,40.0199
1,120,105,0,0,40.0199
1,121,105,0,0,40.0199
1,122,105,0,0,40.0199
1,123,105,0,0,40.0199
1,124,105,0,0,40.0199
1,125,105,0,0,40.0199
1,126,105,0,0,40.0199
1,127,105,0,0,40.0199
1,0,106,0,0,40.0289
1,1,106,0,0,40.0289
1,2,106,0,0,40.0288
1,3,106,0,0,40.0288
1,4,106,0,0,40.0288
1,5,106,0,0,40.0287
1,6,106,0,0,40.0287
1,7,106,0,0,40.0286
1,8,106,0,0,40.0285
1,9,106,0,0,40.0285
1,10,106,0,0,40.0284
1,11,106,0,0,40.0283
1,12,106,0,0,40.0282
1,13,106,0,0,40.0281
1,14,106,0,0,40.028
1,15,106,0,0,40.0279
1,16,106,0,0,40.0278
1,17,106,0,0,40.0277
1,18,106,0,0,40.0276
1,19,106,0,0,40.0275
1,20,106,0,0,40.0273
1,21,106,0,0,40.0272
1,22,106,0,0,40.0271
1,23,106,0,0,40.0269
1,24,106,0,0,40.0268
1,25,106,0,0,40.0267
1,26,106,0,0,40.0265
1,27,106,0,0,40.0264
1,28,106,0,0,40.0262
1,29,106,0,0,40.0261
1,30,106,0,0,40.0259
1,31,106,0,0,40.0258
1,32,106,0,0,40.0257
1,33,106,0,0,40.0255
1,34,106,0,0,40.0254
1,35,106,0,0,40.0252
1,36,106,0,0,40.0251
1,37,106,0,0,40.0249
1,38,106,0,0,40.0248
1,39,106,0,0,40.0246
1,40,106,0,0,40.0245
1,41,106,0,0,40.0243
1,42,106,0,0,40.0242
1,43,106,0,0,40.0241
1,44,106,0,0,40.0239
1,45,106,0,0,40.0238
1,46,106,0,0,40.0236
1,47,106,0,0,40.0235
1,48,106,0,0,40.0234
1,49,106,0,0,40.0232
1,50,106,0,0,40.0231
1,51,106,0,0,40.023
1,52,106,0,0,40.0229
1,53,106,0,0,40.0228
1,54,106,0,0,40.0226
1,55,106,0,0,40.0225
1,56,106,0,0,40.0224
1,57,106,0,0,40.0223
1,58,106,0,0,40.0222
1,59,106,0,0,40.0221
1,60,106,0,0,40.022
1,61,106,0,0,40.0219
1,62,106,0,0,40.0218
1,63,106,0,0,40.0217
1,64,106,0,0,40.0216
1,65,106,0,0,40.0215
1,66,106,0,0,40.0214
1,67,106,0,0,40.0213
1,68,106,0,0,40.0212
1,69,106,0,0,40.0212
1,70,106,0,0,40.0211
1,71,106,0,0,40.021
1,72,106,0,0,40.0209
1,73,106,0,0,40.0208
1,74,106,0,0,40.0208
1,75,106,0,0,40.0207
1,76,106,0,0,40.0206
1,77,106,0,0,40.0206
1,78,106,0,0,40.0205
1,79,106,0,0,40.0204
1,80,106,0,0,40.0204
1,81,106,0,0,40.0203
1,82,106,0,0,40.0203
1,83,106,0,0,40.0202
1,84,106,0,0,40.0202
1,85,106,0,0,40.0201
1,86,106,0,0,40.0201
1,87,106,0,0,40.02
1,88,106,0,0,40.02
1,89,106,0,0,40.0199
1,90,106,0,0,40.0199
1,91,106,0,0,40.0198
1,92,106,0,0,40.0198
1,93,106,0,0,40.0197
1,94,106,0,0,40.0197
1,95,106,0,0,40.0196
1,96,106,0,0,40.0196
1,97,106,0,0,40.0196
1,98,106,0,0,40.0195
1,99,106,0,0,40.0195
1,100,106,0,0,40.0195
1,101,106,0,0,40.0194
1,102,106,0,0,40.0194
1,103,106,0,0,40.0194
1,104,106,0,0,40.0193
1,105,106,0,0,40.0193
1,106,106,0,0,40.0193
1,107,106,0,0,40.0192
1,108,106,0,0,40.0192
1,109,106,0,0,40.0192
1,110,106,0,0,40.0192
1,111,106,0,0,40.0191
1,112,106,0,0,40.0191
1,113,106,0,0,40.0191
1,114,106,0,0,40.0191
1,115,106,0,0,40.019
1,116,106,0,0,40.019
1,117,106,0,0,40.019
1,118,106,0,0,40.019
1,119,106,0,0,40.019
1,120,106,0,0,40.019
1,121,106,0,0,40.019
1,122,106,0,0,40.0189
1,123,106,0,0,40.0189
1,124,106,0,0,40.0189
1,125,106,0,0,40.0189
1,126,106,0,0,40.0189
1,127,106,0,0,40.0189
1,0,107,0,0,40.0274
1,1,107,0,0,40.0274
1,2,107,0,0,40.0274
1,3,107,0,0,40.0274
1,4,107,0,0,40.0273
1,5,107,0,0,40.0273
1,6,107,0,0,40.0273
1,7,107,0,0,40.0272
1,8,107,0,0,40.0271
1,9,107,0,0,40.0271
1,10,107,0,0,40.027
1,11,107,0,0,40.0269
1,12,107,0,0,40.0268
1,13,107,0,0,40.0268
1,14,107,0,0,40.0267
1,15,107,0,0,40.0266
1,16,107,0,0,40.0265
1,17,107,0,0,40.0264
1,18,107,0,0,40.0262
1,19,107,0,0,40.0261
1,20,107,0,0,40.026
1,21,107,0,0,40.0259
1,22,107,0,0,40.0258
1,23,107,0,0,40.0256
1,24,107,0,0,40.0255
1,25,107,0,0,40.0254
1,26,107,0,0,40.0253
1,27,107,0,0,40.0251
1,28,107,0,0,40.025
1,29,107,0,0,40.0249
1,30,107,0,0,40.0247
1,31,107,0,0,40.0246
1,32,107,0,0,40.0244
1,33,107,0,0,40.0243
1,34,107,0,0,40.0242
1,35,107,0,0,40.024
1,36,107,0,0,40.0239
1,37,107,0,0,40.0237
1,38,107,0,0,40.0236
1,39,107,0,0,40.0235
1,40,107,0,0,40.0233
1,41,107,0,0,40.0232
1,42,107,0,0,40.0231
1,43,107,0,0,40.0229
1,44,107,0,0,40.0228
1,45,107,0,0,40.0227
1,46,107,0,0,40.0225
1,47,107,0,0,40.0224
1,48,107,0,0,40.0223
1,49,107,0,0,40.0222
1,50,107,0,0,40.022
1,51,107,0,0,40.0219
1,52,107,0,0,40.0218
1,53,107,0,0,40.0217
1,54,107,0,0,40.0216
1,55,107,0,0,40.0215
1,56,107,0,0,40.0214
1,57,107,0,0,40.0213
1,58,107,0,0,40.0212
1,59,107,0,0,40.0211
1,60,107,0,0,40.021
1,61,107,0,0,40.0209
1,62,107,0,0,40.0208
1,63,107,0,0,40.0207
1,64,107,0,0,40.0206
1,65,107,0,0,40.0205
1,66,107,0,0,40.0204
1,67,107,0,0,40.0203
1,68,107,0,0,40.0203
1,69,107,0,0,40.0202
1,70,107,0,0,40.0201
1,71,107,0,0,40.02
1,72,107,0,0,40.02
1,73,107,0,0,40.0199
1,74,107,0,0,40.0198
1,75,107,0,0,40.0197
1,76,107,0,0,40.0197
1,77,107,0,0,40.0196
1,78,107,0,0,40.0196
1,79,107,0,0,40.0195
1,80,107,0,0,40.0194
1,81,107,0,0,40.0194
1,82,107,0,0,40.0193
1,83,107,0,0,40.0193
1,84,107,0,0,40.0192
1,85,107,0,0,40.0192
1,86,107,0,0,40.0191
1,87,107,0,0,40.0191
1,88,107,0,0,40.019
1,89,107,0,0,40.019
1,90,107,0,0,40.0189
1,91,107,0,0,40.0189
1,92,107,0,0,40.0188
1,93,107,0,0,40.0188
1,94,107,0,0,40.0188
1,95,107,0,0,40.0187
1,96,107,0,0,40.0187
1,97,107,0,0,40.0187
1,98,107,0,0,40.0186
1,99,107,0,0,40.0186
1,100,107,0,0,40.0185
1,101,107,0,0,40.0185
1,102,107,0,0,40.0185
1,103,107,0,0,40.0184
1,104,107,0,0,40.0184
1,105,107,0,0,40.0184
1,106,107,0,0,40.0184
1,107,107,0,0,40.0183
1,108,107,0,0,40.0183
1,109,107,0,0,40.0183
1,110,107,0,0,40.0183
1,111,107,0,0,40.0182
1,112,107,0,0,40.0182
1,113,107,0,0,40.0182
1,114,107,0,0,40.0182
1,115,107,0,0,40.0182
1,116,107,0,0,40.0181
1,117,107,0,0,40.0181
1,118,107,0,0,40.0181
1,119,107,0,0,40.0181
1,120,107,0,0,40.0181
1,121,107,0,0,40.0181
1,122,107,0,0,40.0181
1,123,107,0,0,40.0181
1,124,107,0,0,40.0181
1,125,107,0,0,40.018
1,126,107,0,0,40.018
1,127,107,0,0,40.018
1,0,108,0,0,40.0261
1,1,108,0,0,40.0261
1,2,108,0,0,40.0261
1,3,108,0,0,40.0261
1,4,108,0,0,40.026
1,5,108,0,0,40.026
1,6,108,0,0,40.0259
1,7,108,0,0,40.0259
1,8,108,0,0,40.0258
1,9,108,0,0,40.0258
1,10,108,0,0,40.0257
1,11,108,0,0,40.0256
1,12,108,0,0,40.0256
1,13,108,0,0,40.0255
1,14,108,0,0,40.0254
1,15,108,0,0,40.0253
1,16,108,0,0,40.0252
1,17,108,0,0,40.0251
1,18,108,0,0,40.025
1,19,108,0,0,40.0249
1,20,108,0,0,40.0248
1,21,108,0,0,40.0247
1,22,108,0,0,40.0246
1,23,108,0,0,40.0244
1,24,108,0,0,40.0243
1,25,108,0,0,40.0242
1,26,108,0,0,40.0241
1,27,108,0,0,40.0239
1,28,108,0,0,40.0238
1,29,108,0,0,40.0237
1,30,108,0,0,40.0236
1,31,108,0,0,40.0234
1,32,108,0,0,40.0233
1,33,108,0,0,40.0232
1,34,108,0,0,40.023
1,35,108,0,0,40.0229
1,36,108,0,0,40.0228
1,37,108,0,0,40.0226
1,38,108,0,0,40.0225
1,39,108,0,0,40.0224
1,40,108,0,0,40.0223
1,41,108,0,0,40.0221
1,42,108,0,0,40.022
1,43,108,0,0,40.0219
1,44,108,0,0,40.0218
1,45,108,0,0,40.0216
1,46,108,0,0,40.0215
1,47,108,0,0,40.0214
1,48,108,0,0,40.0213
1,49,108,0,0,40.0212
1,50,108,0,0,40.021
1,51,108,0,0,40.0209
1,52,108,0,0,40.0208
1,53,108,0,0,40.0207
1,54,108,0,0,40.0206
1,55,108,0,0,40.0205
1,56,108,0,0,40.0204
1,57,108,0,0,40.0203
1,58,108,0,0,40.0202
1,59,108,0,0,40.0201
1,60,108,0,0,40.02
1,61,108,0,0,40.0199
1,62,108,0,0,40.0198
1,63,108,0,0,40.0197
1,64,108,0,0,40.0197
1,65,108,0,0,40.0196
1,66,108,0,0,40.0195
1,67,108,0,0,40.0194
1,68,108,0,0,40.0193
1,69,108,0,0,40.0193
1,70,108,0,0,40.0192
1,71,108,0,0,40.0191
1,72,108,0,0,40.019
1,73,108,0,0,40.019
1,74,108,0,0,40.0189
1,75,108,0,0,40.0188
1,76,108,0,0,40.0188
1,77,108,0,0,40.0187
1,78,108,0,0,40.0187
1,79,108,0,0,40.0186
1,80,108,0,0,40.0186
1,81,108,0,0,40.0185
1,82,108,0,0,40.0184
1,83,108,0,0,40.0184
1,84,108,0,0,40.0183
1,85,108,0,0,40.0183
1,86,108,0,0,40.0182
1,87,108,0,0,40.0182
1,88,108,0,0,40.0182
1,89,108,0,0,40.0181
1,90,108,0,0,40.0181
1,91,108,0,0,40.018
1,92,108,0,0,40.018
1,93,108,0,0,40.0179
1,94,108,0,0,40.0179
1,95,108,0,0,40.0179
1,96,108,0,0,40.0178
1,97,108,0,0,40.0178
1,98,108,0,0,40.0178
1,99,108,0,0,40.0177
1,100,108,0,0,40.0177
1,101,108,0,0,40.0177
1,102,108,0,0,40.0176
1,103,108,0,0,40.0176
1,104,108,0,0,40.0176
1,105,108,0,0,40.0176
1,106,108,0,0,40.0175
1,107,108,0,0,40.0175
1,108,108,0,0,40.0175
1,109,108,0,0,40.0175
1,110,108,0,0,40.0174
1,111,108,0,0,40.0174
1,112,108,0,0,40.0174
1,113,108,0,0,40.0174
1,114,108,0,0,40.0173
1,115,108,0,0,40.0173
1,116,108,0,0,40.0173
1,117,108,0,0,40.0173
1,118,108,0,0,40.0173
1,119,108,0,0,40.0173
1,120,108,0,0,40.0173
1,121,108,0,0,40.0173
1,122,108,0,0,40.0172
1,123,108,0,0,40.0172
1,124,108,0,0,40.0172
1,125,108,0,0,40.0172
1,126,108,0,0,40.0172
1,127,108,0,0,40.0172
1,0,109,0,0,40.0249
1,1,109,0,0,40.0249
1,2,109,0,0,40.0249
1,3,109,0,0,40.0248
1,4,109,0,0,40.0248
1,5,109,0,0,40.0248
1,6,109,0,0,40.0247
1,7,109,0,0,40.0247
1,8,109,0,0,40.0246
1,9,109,0,0,40.0246
1,10,109,0,0,40.0245
1,11,109,0,0,40.0244
1,12,109,0,0,40.0244
1,13,109,0,0,40.0243
1,14,109,0,0,40.0242
1,15,109,0,0,40.0241
1,16,109,0,0,40.024
1,17,109,0,0,40.0239
1,18,109,0,0,40.0238
1,19,109,0,0,40.0237
1,20,109,0,0,40.0236
1,21,109,0,0,40.0235
1,22,109,0,0,40.0234
1,23,109,0,0,40.0233
1,24,109,0,0,40.0232
1,25,109,0,0,40.0231
1,26,109,0,0,40.023
1,27,109,0,0,40.0228
1,28,109,0,0,40.0227
1,29,109,0,0,40.0226
1,30,109,0,0,40.0225
1,31,109,0,0,40.0224
1,32,109,0,0,40.0222
1,33,109,0,0,40.0221
1,34,109,0,0,40.022
1,35,109,0,0,40.0219
1,36,109,0,0,40.0217
1,37,109,0,0,40.0216
1,38,109,0,0,40.0215
1,39,109,0,0,40.0214
1,40,109,0,0,40.0213
1,41,109,0,0,40.0211
1,42,109,0,0,40.021
1,43,109,0,0,40.0209
1,44,109,0,0,40.0208
1,45,109,0,0,40.0207
1,46,109,0,0,40.0206
1,47,109,0,0,40.0204
1,48,109,0,0,40.0203
1,49,109,0,0,40.0202
1,50,109,0,0,40.0201
1,51,109,0,0,40.02
1,52,109,0,0,40.0199
1,53,109,0,0,40.0198
1,54,109,0,0,40.0197
1,55,109,0,0,40.0196
1,56,109,0,0,40.0195
1,57,109,0,0,40.0194
1,58,109,0,0,40.0193
1,59,109,0,0,40.0192
1,60,109,0,0,40.0191
1,61,109,0,0,40.019
1,62,109,0,0,40.019
1,63,109,0,0,40.0189
1,64,109,0,0,40.0188
1,65,109,0,0,40.0187
1,66,109,0,0,40.0186
1,67,109,0,0,40.0186
1,68,109,0,0,40.0185
1,69,109,0,0,40.0184
1,70,109,0,0,40.0183
1,71,109,0,0,40.0183
1,72,109,0,0,40.0182
1,73,109,0,0,40.0181
1,74,109,0,0,40.0181
1,75,109,0,0,40.018
1,76,109,0,0,40.018
1,77,109,0,0,40.0179
1,78,109,0,0,40.0178
1,79,109,0,0,40.0178
1,80,109,0,0,40.0177
1,81,109,0,0,40.0177
1,82,109,0,0,40.0176
1,83,109,0,0,40.0176
1,84,109,0,0,40.0175
1,85,109,0,0,40.0175
1,86,109,0,0,40.0174
1,87,109,0,0,40.0174
1,88,109,0,0,40.0173
1,89,109,0,0,40.0173
1,90,109,0,0,40.0173
1,91,109,0,0,40.0172
1,92,109,0,0,40.0172
1,93,109,0,0,40.0171
1,94,109,0,0,40.0171
1,95,109,0,0,40.0171
1,96,109,0,0,40.017
1,97,109,0,0,40.017
1,98,109,0,0,40.017
1,99,109,0,0,40.0169
1,100,109,0,0,40.0169
1,101,109,0,0,40.0169
1,102,109,0,0,40.0169
1,103,109,0,0,40.0168
1,104,109,0,0,40.0168
1,105,109,0,0,40.0168
1,106,109,0,0,40.0167
1,107,109,0,0,40.0167
1,108,109,0,0,40.0167
1,109,109,0,0,40.0167
1,110,109,0,0,40.0167
1,111,109,0,0,40.0166
1,112,109,0,0,40.0166
1,113,109,0,0,40.0166
1,114,109,0,0,40.0166
1,115,109,0,0,40.0166
1,116,109,0,0,40.0165
1,117,109,0,0,40.0165
1,118,109,0,0,40.0165
1,119,109,0,0,40.0165
1,120,109,0,0,40.0165
1,121,109,0,0,40.0165
1,122,109,0,0,40.0165
1,123,109,0,0,40.0165
1,124,109,0,0,40.0165
1,125,109,0,0,40.0165
1,126,109,0,0,40.0165
1,127,109,0,0,40.0165
1,0,110,0,0,40.0237
1,1,110,0,0,40.0237
1,2,110,0,0,40.0237
1,3,110,0,0,40.0237
1,4,110,0,0,40.0237
1,5,110,0,0,40.0236
1,6,110,0,0,40.0236
1,7,110,0,0,40.0235
1,8,110,0,0,40.0235
1,9,110,0,0,40.0234
1,10,110,0,0,40.0234
1,11,110,0,0,40.0233
1,12,110,0,0,40.0232
1,13,110,0,0,40.0232
1,14,110,0,0,40.0231
1,15,110,0,0,40.023
1,16,110,0,0,40.0229
1,17,110,0,0,40.0228
1,18,110,0,0,40.0228
1,19,110,0,0,40.0227
1,20,110,0,0,40.0226
1,21,110,0,0,40.0225
1,22,110,0,0,40.0224
1,23,110,0,0,40.0223
1,24,110,0,0,40.0222
1,25,110,0,0,40.022
1,26,110,0,0,40.0219
1,27,110,0,0,40.0218
1,28,110,0,0,40.0217
1,29,110,0,0,40.0216
1,30,110,0,0,40.0215
1,31,110,0,0,40.0214
1,32,110,0,0,40.0213
1,33,110,0,0,40.0211
1,34,110,0,0,40.021
1,35,110,0,0,40.0209
1,36,110,0,0,40.0208
1,37,110,0,0,40.0207
1,38,110,0,0,40.0206
1,39,110,0,0,40.0204
1,40,110,0,0,40.0203
1,41,110,0,0,40.0202
1,42,110,0,0,40.0201
1,43,110,0,0,40.02
1,44,110,0,0,40.0199
1,45,110,0,0,40.0198
1,46,110,0,0,40.0197
1,47,110,0,0,40.0195
1,48,110,0,0,40.0194
1,49,110,0,0,40.0193
1,50,110,0,0,40.0192
1,51,110,0,0,40.0191
1,52,110,0,0,40.019
1,53,110,0,0,40.0189
1,54,110,0,0,40.0188
1,55,110,0,0,40.0187
1,56,110,0,0,40.0186
1,57,110,0,0,40.0186
1,58,110,0,0,40.0185
1,59,110,0,0,40.0184
1,60,110,0,0,40.0183
1,61,110,0,0,40.0182
1,62,110,0,0,40.0181
1,63,110,0,0,40.0181
1,64,110,0,0,40.018
1,65,110,0,0,40.0179
1,66,110,0,0,40.0178
1,67,110,0,0,40.0178
1,68,110,0,0,40.0177
1,69,110,0,0,40.0176
1,70,110,0,0,40.0175
1,71,110,0,0,40.0175
1,72,110,0,0,40.0174
1,73,110,0,0,40.0174
1,74,110,0,0,40.0173
1,75,110,0,0,40.0172
1,76,110,0,0,40.0172
1,77,110,0,0,40.0171
1,78,110,0,0,40.0171
1,79,110,0,0,40.017
1,80,110,0,0,40.017
1,81,110,0,0,40.0169
1,82,110,0,0,40.0169
1,83,110,0,0,40.0168
1,84,110,0,0,40.0168
1,85,110,0,0,40.0167
1,86,110,0,0,40.0167
1,87,110,0,0,40.0166
1,88,110,0,0,40.0166
1,89,110,0,0,40.0166
1,90,110,0,0,40.0165
1,91,110,0,0,40.0165
1,92,110,0,0,40.0164
1,93,110,0,0,40.0164
1,94,110,0,0,40.0164
1,95,110,0,0,40.0163
1,96,110,0,0,40.0163
1,97,110,0,0,40.0163
1,98,110,0,0,40.0162
1,99,110,0,0,40.0162
1,100,110,0,0,40.0162
1,101,110,0,0,40.0161
1,102,110,0,0,40.0161
1,103,110,0,0,40.0161
1,104,110,0,0,40.0161
1,105,110,0,0,40.016
1,106,110,0,0,40.016
1,107,110,0,0,40.016
1,108,110,0,0,40.016
1,109,110,0,0,40.0159
1,110,110,0,0,40.0159
1,111,110,0,0,40.0159
1,112,110,0,0,40.0159
1,113,110,0,0,40.0159
1,114,110,0,0,40.0159
1,115,110,0,0,40.0158
1,116,110,0,0,40.0158
1,117,110,0,0,40.0158
1,118,110,0,0,40.0158
1,119,110,0,0,40.0158
1,120,110,0,0,40.0158
1,121,110,0,0,40.0158
1,122,110,0,0,40.0158
1,123,110,0,0,40.0158
1,124,110,0,0,40.0157
1,125,110,0,0,40.0157
1,126,110,0,0,40.0157
1,127,110,0,0,40.0157
1,0,111,0,0,40.0227
1,1,111,0,0,40.0227
1,2,111,0,0,40.0226
1,3,111,0,0,40.0226
1,4,111,0,0,40.0226
1,5,111,0,0,40.0226
1,6,111,0,0,40.0225
1,7,111,0,0,40.0225
1,8,111,0,0,40.0224
1,9,111,0,0,40.0224
1,10,111,0,0,40.0223
1,11,111,0,0,40.0223
1,12,111,0,0,40.0222
1,13,111,0,0,40.0221
1,14,111,0,0,40.0221
1,15,111,0,0,40.022
1,16,111,0,0,40.0219
1,17,111,0,0,40.0218
1,18,111,0,0,40.0217
1,19,111,0,0,40.0217
1,20,111,0,0,40.0216
1,21,111,0,0,40.0215
1,22,111,0,0,40.0214
1,23,111,0,0,40.0213
1,24,111,0,0,40.0212
1,25,111,0,0,40.0211
1,26,111,0,0,40.021
1,27,111,0,0,40.0209
1,28,111,0,0,40.0208
1,29,111,0,0,40.0207
1,30,111,0,0,40.0206
1,31,111,0,0,40.0204
1,32,111,0,0,40.0203
1,33,111,0,0,40.0202
1,34,111,0,0,40.0201
1,35,111,0,0,40.02
1,36,111,0,0,40.0199
1,37,111,0,0,40.0198
1,38,111,0,0,40.0197
1,39,111,0,0,40.0196
1,40,111,0,0,40.0195
1,41,111,0,0,40.0193
1,42,111,0,0,40.0192
1,43,111,0,0,40.0191
1,44,111,0,0,40.019
1,45,111,0,0,40.0189
1,46,111,0,0,40.0188
1,47,111,0,0,40.0187
1,48,111,0,0,40.0186
1,49,111,0,0,40.0185
1,50,111,0,0,40.0184
1,51,111,0,0,40.0183
1,52,111,0,0,40.0182
1,53,111,0,0,40.0181
1,54,111,0,0,40.018
1,55,111,0,0,40.018
1,56,111,0,0,40.0179
1,57,111,0,0,40.0178
1,58,111,0,0,40.0177
1,59,111,0,0,40.0176
1,60,111,0,0,40.0175
1,61,111,0,0,40.0174
1,62,111,0,0,40.0174
1,63,111,0,0,40.0173
1,64,111,0,0,40.0172
1,65,111,0,0,40.0171
1,66,111,0,0,40.0171
1,67,111,0,0,40.017
1,68,111,0,0,40.0169
1,69,111,0,0,40.0169
1,70,111,0,0,40.0168
1,71,111,0,0,40.0167
1,72,111,0,0,40.0167
1,73,111,0,0,40.0166
1,74,111,0,0,40.0166
1,75,111,0,0,40.0165
1,76,111,0,0,40.0165
1,77,111,0,0,40.0164
1,78,111,0,0,40.0163
1,79,111,0,0,40.0163
1,80,111,0,0,40.0162
1,81,111,0,0,40.0162
1,82,111,0,0,40.0162
1,83,111,0,0,40.0161
1,84,111,0,0,40.0161
1,85,111,0,0,40.016
1,86,111,0,0,40.016
1,87,111,0,0,40.0159
1,88,111,0,0,40.0159
1,89,111,0,0,40.0159
1,90,111,0,0,40.0158
1,91,111,0,0,40.0158
1,92,111,0,0,40.0157
1,93,111,0,0,40.0157
1,94,111,0,0,40.0157
1,95,111,0,0,40.0156
1,96,111,0,0,40.0156
1,97,111,0,0,40.0156
1,98,111,0,0,40.0155
1,99,111,0,0,40.0155
1,100,111,0,0,40.0155
1,101,111,0,0,40.0155
1,102,111,0,0,40.0154
1,103,111,0,0,40.0154
1,104,111,0,0,40.0154
1,105,111,0,0,40.0154
1,106,111,0,0,40.0153
1,107,111,0,0,40.0153
1,108,111,0,0,40.0153
1,109,111,0,0,40.0153
1,110,111,0,0,40.0153
1,111,111,0,0,40.0152
1,112,111,0,0,40.0152
1,113,111,0,0,40.0152
1,114,111,0,0,40.0152
1,115,111,0,0,40.0152
1,116,111,0,0,40.0152
1,117,111,0,0,40.0151
1,118,111,0,0,40.0151
1,119,111,0,0,40.0151
1,120,111,0,0,40.0151
1,121,111,0,0,40.0151
1,122,111,0,0,40.0151
1,123,111,0,0,40.0151
1,124,111,0,0,40.0151
1,125,111,0,0,40.0151
1,126,111,0,0,40.0151
1,127,111,0,0,40.0151
1,0,112,0,0,40.0217
1,1,112,0,0,40.0217
1,2,112,0,0,40.0216
1,3,112,0,0,40.0216
1,4,112,0,0,40.0216
1,5,112,0,0,40.0216
1,6,112,0,0,40.0215
1,7,112,0,0,40.0215
1,8,112,0,0,40.0215
1,9,112,0,0,40.0214
1,10,112,0,0,40.0214
1,11,112,0,0,40.0213
1,12,112,0,0,40.0212
1,13,112,0,0,40.0212
1,14,112,0,0,40.0211
1,15,112,0,0,40.021
1,16,112,0,0,40.021
1,17,112,0,0,40.0209
1,18,112,0,0,40.0208
1,19,112,0,0,40.0207
1,20,112,0,0,40.0206
1,21,112,0,0,40.0206
1,22,112,0,0,40.0205
1,23,112,0,0,40.0204
1,24,112,0,0,40.0203
1,25,112,0,0,40.0202
1,26,112,0,0,40.0201
1,27,112,0,0,40.02
1,28,112,0,0,40.0199
1,29,112,0,0,40.0198
1,30,112,0,0,40.0197
1,31,112,0,0,40.0196
1,32,112,0,0,40.0195
1,33,112,0,0,40.0194
1,34,112,0,0,40.0193
1,35,112,0,0,40.0192
1,36,112,0,0,40.0191
1,37,112,0,0,40.019
1,38,112,0,0,40.0189
1,39,112,0,0,40.0188
1,40,112,0,0,40.0186
1,41,112,0,0,40.0185
1,42,112,0,0,40.0184
1,43,112,0,0,40.0183
1,44,112,0,0,40.0182
1,45,112,0,0,40.0181
1,46,112,0,0,40.018
1,47,112,0,0,40.0179
1,48,112,0,0,40.0179
1,49,112,0,0,40.0178
1,50,112,0,0,40.0177
1,51,112,0,0,40.0176
1,52,112,0,0,40.0175
1,53,112,0,0,40.0174
1,54,112,0,0,40.0173
1,55,112,0,0,40.0172
1,56,112,0,0,40.0171
1,57,112,0,0,40.0171
1,58,112,0,0,40.017
1,59,112,0,0,40.0169
1,60,112,0,0,40.0168
1,61,112,0,0,40.0167
1,62,112,0,0,40.0167
1,63,112,0,0,40.0166
1,64,112,0,0,40.0165
1,65,112,0,0,40.0164
1,66,112,0,0,40.0164
1,67,112,0,0,40.0163
1,68,112,0,0,40.0162
1,69,112,0,0,40.0162
1,70,112,0,0,40.0161
1,71,112,0,0,40.0161
1,72,112,0,0,40.016
1,73,112,0,0,40.0159
1,74,112,0,0,40.0159
1,75,112,0,0,40.0158
1,76,112,0,0,40.0158
1,77,112,0,0,40.0157
1,78,112,0,0,40.0157
1,79,112,0,0,40.0156
1,80,112,0,0,40.0156
1,81,112,0,0,40.0155
1,82,112,0,0,40.0155
1,83,112,0,0,40.0154
1,84,112,0,0,40.0154
1,85,112,0,0,40.0154
1,86,112,0,0,40.0153
1,87,112,0,0,40.0153
1,88,112,0,0,40.0152
1,89,112,0,0,40.0152
1,90,112,0,0,40.0152
1,91,112,0,0,40.0151
1,92,112,0,0,40.0151
1,93,112,0,0,40.0151
1,94,112,0,0,40.015
1,95,112,0,0,40.015
1,96,112,0,0,40.015
1,97,112,0,0,40.0149
1,98,112,0,0,40.0149
1,99,112,0,0,40.0149
1,100,112,0,0,40.0149
1,101,112,0,0,40.0148
1,102,112,0,0,40.0148
1,103,112,0,0,40.0148
1,104,112,0,0,40.0148
1,105,112,0,0,40.0147
1,106,112,0,0,40.0147
1,107,112,0,0,40.0147
1,108,112,0,0,40.0147
1,109,112,0,0,40.0146
1,110,112,0,0,40.0146
1,111,112,0,0,40.0146
1,112,112,0,0,40.0146
1,113,112,0,0,40.0146
1,114,112,0,0,40.0146
1,115,112,0,0,40.0145
1,116,112,0,0,40.0145
1,117,112,0,0,40.0145
1,118,112,0,0,40.0145
1,119,112,0,0,40.0145
1,120,112,0,0,40.0145
1,121,112,0,0,40.0145
1,122,112,0,0,40.0145
1,123,112,0,0,40.0145
1,124,112,0,0,40.0145
1,125,112,0,0,40.0145
1,126,112,0,0,40.0145
1,127,112,0,0,40.0145
1,0,113,0,0,40.0208
1,1,113,0,0,40.0208
1,2,113,0,0,40.0207
1,3,113,0,0,40.0207
1,4,113,0,0,40.0207
1,5,113,0,0,40.0207
1,6,113,0,0,40.0206
1,7,113,0,0,40.0206
1,8,113,0,0,40.0206
1,9,113,0,0,40.0205
1,10,113,0,0,40.0205
1,11,113,0,0,40.0204
1,12,113,0,0,40.0204
1,13,113,0,0,40.0203
1,14,113,0,0,40.0202
1,15,113,0,0,40.0202
1,16,113,0,0,40.0201
1,17,113,0,0,40.02
1,18,113,0,0,40.02
1,19,113,0,0,40.0199
1,20,113,0,0,40.0198
1,21,113,0,0,40.0197
1,22,113,0,0,40.0196
1,23,113,0,0,40.0195
1,24,113,0,0,40.0194
1,25,113,0,0,40.0194
1,26,113,0,0,40.0193
1,27,113,0,0,40.0192
1,28,113,0,0,40.0191
1,29,113,0,0,40.019
1,30,113,0,0,40.0189
1,31,113,0,0,40.0188
1,32,113,0,0,40.0187
1,33,113,0,0,40.0186
1,34,113,0,0,40.0185
1,35,113,0,0,40.0184
1,36,113,0,0,40.0183
1,37,113,0,0,40.0182
1,38,113,0,0,40.0181
1,39,113,0,0,40.018
1,40,113,0,0,40.0179
1,41,113,0,0,40.0178
1,42,113,0,0,40.0177
1,43,113,0,0,40.0176
1,44,113,0,0,40.0175
1,45,113,0,0,40.0174
1,46,113,0,0,40.0173
1,47,113,0,0,40.0172
1,48,113,0,0,40.0171
1,49,113,0,0,40.0171
1,50,113,0,0,40.017
1,51,113,0,0,40.0169
1,52,113,0,0,40.0168
1,53,113,0,0,40.0167
1,54,113,0,0,40.0166
1,55,113,0,0,40.0165
1,56,113,0,0,40.0165
1,57,113,0,0,40.0164
1,58,113,0,0,40.0163
1,59,113,0,0,40.0162
1,60,113,0,0,40.0162
1,61,113,0,0,40.0161
1,62,113,0,0,40.016
1,63,113,0,0,40.0159
1,64,113,0,0,40.0159
1,65,113,0,0,40.0158
1,66,113,0,0,40.0157
1,67,113,0,0,40.0157
1,68,113,0,0,40.0156
1,69,113,0,0,40.0155
1,70,113,0,0,40.0155
1,71,113,0,0,40.0154
1,72,113,0,0,40.0154
1,73,113,0,0,40.0153
1,74,113,0,0,40.0153
1,75,113,0,0,40.0152
1,76,113,0,0,40.0152
1,77,113,0,0,40.0151
1,78,113,0,0,40.0151
1,79,113,0,0,40.015
1,80,113,0,0,40.015
1,81,113,0,0,40.0149
1,82,113,0,0,40.0149
1,83,113,0,0,40.0148
1,84,113,0,0,40.0148
1,85,113,0,0,40.0148
1,86,113,0,0,40.0147
1,87,113,0,0,40.0147
1,88,113,0,0,40.0146
1,89,113,0,0,40.0146
1,90,113,0,0,40.0146
1,91,113,0,0,40.0145
1,92,113,0,0,40.0145
1,93,113,0,0,40.0145
1,94,113,0,0,40.0144
1,95,113,0,0,40.0144
1,96,113,0,0,40.0144
1,97,113,0,0,40.0143
1,98,113,0,0,40.0143
1,99,113,0,0,40.0143
1,100,113,0,0,40.0143
1,101,113,0,0,40.0142
1,102,113,0,0,40.0142
1,103,113,0,0,40.0142
1,104,113,0,0,40.0142
1,105,113,0,0,40.0141
1,106,113,0,0,40.0141
1,107,113,0,0,40.0141
1,108,113,0,0,40.0141
1,109,113,0,0,40.0141
1,110,113,0,0,40.014
1,111,113,0,0,40.014
1,112,113,0,0,40.014
1,113,113,0,0,40.014
1,114,113,0,0,40.014
1,115,113,0,0,40.014
1,116,113,0,0,40.014
1,117,113,0,0,40.0139
1,118,113,0,0,40.0139
1,119,113,0,0,40.0139
1,120,113,0,0,40.0139
1,121,113,0,0,40.0139
1,122,113,0,0,40.0139
1,123,113,0,0,40.0139
1,124,113,0,0,40.0139
1,125,113,0,0,40.0139
1,126,113,0,0,40.0139
1,127,113,0,0,40.0139
1,0,114,0,0,40.0199
1,1,114,0,0,40.0199
1,2,114,0,0,40.0199
1,3,114,0,0,40.0199
1,4,114,0,0,40.0199
1,5,114,0,0,40.0198
1,6,114,0,0,40.0198
1,7,114,0,0,40.0198
1,8,114,0,0,40.0197
1,9,114,0,0,40.0197
1,10,114,0,0,40.0196
1,11,114,0,0,40.0196
1,12,114,0,0,40.0195
1,13,114,0,0,40.0195
1,14,114,0,0,40.0194
1,15,114,0,0,40.0194
1,16,114,0,0,40.0193
1,17,114,0,0,40.0192
1,18,114,0,0,40.0192
1,19,114,0,0,40.0191
1,20,114,0,0,40.019
1,21,114,0,0,40.0189
1,22,114,0,0,40.0188
1,23,114,0,0,40.0188
1,24,114,0,0,40.0187
1,25,114,0,0,40.0186
1,26,114,0,0,40.0185
1,27,114,0,0,40.0184
1,28,114,0,0,40.0183
1,29,114,0,0,40.0182
1,30,114,0,0,40.0181
1,31,114,0,0,40.0181
1,32,114,0,0,40.018
1,33,114,0,0,40.0179
1,34,114,0,0,40.0178
1,35,114,0,0,40.0177
1,36,114,0,0,40.0176
1,37,114,0,0,40.0175
1,38,114,0,0,40.0174
1,39,114,0,0,40.0173
1,40,114,0,0,40.0172
1,41,114,0,0,40.0171
1,42,114,0,0,40.017
1,43,114,0,0,40.0169
1,44,114,0,0,40.0168
1,45,114,0,0,40.0168
1,46,114,0,0,40.0167
1,47,114,0,0,40.0166
1,48,114,0,0,40.0165
1,49,114,0,0,40.0164
1,50,114,0,0,40.0163
1,51,114,0,0,40.0162
1,52,114,0,0,40.0162
1,53,114,0,0,40.0161
1,54,114,0,0,40.016
1,55,114,0,0,40.0159
1,56,114,0,0,40.0158
1,57,114,0,0,40.0158
1,58,114,0,0,40.0157
1,59,114,0,0,40.0156
1,60,114,0,0,40.0155
1,61,114,0,0,40.0155
1,62,114,0,0,40.0154
1,63,114,0,0,40.0153
1,64,114,0,0,40.0153
1,65,114,0,0,40.0152
1,66,114,0,0,40.0151
1,67,114,0,0,40.0151
1,68,114,0,0,40.015
1,69,114,0,0,40.015
1,70,114,0,0,40.0149
1,71,114,0,0,40.0148
1,72,114,0,0,40.0148
1,73,114,0,0,40.0147
1,74,114,0,0,40.0147
1,75,114,0,0,40.0146
1,76,114,0,0,40.0146
1,77,114,0,0,40.0145
1,78,114,0,0,40.0145
1,79,114,0,0,40.0144
1,80,114,0,0,40.0144
1,81,114,0,0,40.0144
1,82,114,0,0,40.0143
1,83,114,0,0,40.0143
1,84,114,0,0,40.0142
1,85,114,0,0,40.0142
1,86,114,0,0,40.0142
1,87,114,0,0,40.0141
1,88,114,0,0,40.0141
1,89,114,0,0,40.014
1,90,114,0,0,40.014
1,91,114,0,0,40.014
1,92,114,0,0,40.0139
1,93,114,0,0,40.0139
1,94,114,0,0,40.0139
1,95,114,0,0,40.0139
1,96,114,0,0,40.0138
1,97,114,0,0,40.0138
1,98,114,0,0,40.0138
1,99,114,0,0,40.0137
1,100,114,0,0,40.0137
1,101,114,0,0,40.0137
1,102,114,0,0,40.0137
1,103,114,0,0,40.0137
1,104,114,0,0,40.0136
1,105,114,0,0,40.0136
1,106,114,0,0,40.0136
1,107,114,0,0,40.0136
1,108,114,0,0,40.0135
1,109,114,0,0,40.0135
1,110,114,0,0,40.0135
1,111,114,0,0,40.0135
1,112,114,0,0,40.0135
1,113,114,0,0,40.0135
1,114,114,0,0,40.0135
1,115,114,0,0,40.0134
1,116,114,0,0,40.0134
1,117,114,0,0,40.0134
1,118,114,0,0,40.0134
1,119,114,0,0,40.0134
1,120,114,0,0,40.0134
1,121,114,0,0,40.0134
1,122,114,0,0,40.0134
1,123,114,0,0,40.0134
1,124,114,0,0,40.0134
1,125,114,0,0,40.0134
1,126,114,0,0,40.0134
1,127,114,0,0,40.0134
1,0,115,0,0,40.0191
1,1,115,0,0,40.0191
1,2,115,0,0,40.0191
1,3,115,0,0,40.0191
1,4,115,0,0,40.0191
1,5,115,0,0,40.0191
1,6,115,0,0,40.019
1,7,115,0,0,40.019
1,8,115,0,0,40.019
1,9,115,0,0,40.0189
1,10,115,0,0,40.0189
1,11,115,0,0,40.0188
1,12,115,0,0,40.0188
1,13,115,0,0,40.0187
1,14,115,0,0,40.0187
1,15,115,0,0,40.0186
1,16,115,0,0,40.0186
1,17,115,0,0,40.0185
1,18,115,0,0,40.0184
1,19,115,0,0,40.0184
1,20,115,0,0,40.0183
1,21,115,0,0,40.0182
1,22,115,0,0,40.0181
1,23,115,0,0,40.0181
1,24,115,0,0,40.018
1,25,115,0,0,40.0179
1,26,115,0,0,40.0178
1,27,115,0,0,40.0177
1,28,115,0,0,40.0176
1,29,115,0,0,40.0176
1,30,115,0,0,40.0175
1,31,115,0,0,40.0174
1,32,115,0,0,40.0173
1,33,115,0,0,40.0172
1,34,115,0,0,40.0171
1,35,115,0,0,40.017
1,36,115,0,0,40.0169
1,37,115,0,0,40.0168
1,38,115,0,0,40.0168
1,39,115,0,0,40.0167
1,40,115,0,0,40.0166
1,41,115,0,0,40.0165
1,42,115,0,0,40.0164
1,43,115,0,0,40.0163
1,44,115,0,0,40.0162
1,45,115,0,0,40.0161
1,46,115,0,0,40.0161
1,47,115,0,0,40.016
1,48,115,0,0,40.0159
1,49,115,0,0,40.0158
1,50,115,0,0,40.0157
1,51,115,0,0,40.0156
1,52,115,0,0,40.0156
1,53,115,0,0,40.0155
1,54,115,0,0,40.0154
1,55,115,0,0,40.0153
1,56,115,0,0,40.0153
1,57,115,0,0,40.0152
1,58,115,0,0,40.0151
1,59,115,0,0,40.015
1,60,115,0,0,40.015
1,61,115,0,0,40.0149
1,62,115,0,0,40.0148
1,63,115,0,0,40.0148
1,64,115,0,0,40.0147
1,65,115,0,0,40.0147
1,66,115,0,0,40.0146
1,67,115,0,0,40.0145
1,68,115,0,0,40.0145
1,69,115,0,0,40.0144
1,70,115,0,0,40.0144
1,71,115,0,0,40.0143
1,72,115,0,0,40.0143
1,73,115,0,0,40.0142
1,74,115,0,0,40.0142
1,75,115,0,0,40.0141
1,76,115,0,0,40.0141
1,77,115,0,0,40.014
1,78,115,0,0,40.014
1,79,115,0,0,40.0139
1,80,115,0,0,40.0139
1,81,115,0,0,40.0138
1,82,115,0,0,40.0138
1,83,115,0,0,40.0138
1,84,115,0,0,40.0137
1,85,115,0,0,40.0137
1,86,115,0,0,40.0136
1,87,115,0,0,40.0136
1,88,115,0,0,40.0136
1,89,115,0,0,40.0135
1,90,115,0,0,40.0135
1,91,115,0,0,40.0135
1,92,115,0,0,40.0134
1,93,115,0,0,40.0134
1,94,115,0,0,40.0134
1,95,115,0,0,40.0134
1,96,115,0,0,40.0133
1,97,115,0,0,40.0133
1,98,115,0,0,40.0133
1,99,115,0,0,40.0132
1,100,115,0,0,40.0132
1,101,115,0,0,40.0132
1,102,115,0,0,40.0132
1,103,115,0,0,40.0132
1,104,115,0,0,40.0131
1,105,115,0,0,40.0131
1,106,115,0,0,40.0131
1,107,115,0,0,40.0131
1,108,115,0,0,40.0131
1,109,115,0,0,40.013
1,110,115,0,0,40.013
1,111,115,0,0,40.013
1,112,115,0,0,40.013
1,113,115,0,0,40.013
1,114,115,0,0,40.013
1,115,115,0,0,40.013
1,116,115,0,0,40.0129
1,117,115,0,0,40.0129
1,118,115,0,0,40.0129
1,119,115,0,0,40.0129
1,120,115,0,0,40.0129
1,121,115,0,0,40.0129
1,122,115,0,0,40.0129
1,123,115,0,0,40.0129
1,124,115,0,0,40.0129
1,125,115,0,0,40.0129
1,126,115,0,0,40.0129
1,127,115,0,0,40.0129
1,0,116,0,0,40.0184
1,1,116,0,0,40.0184
1,2,116,0,0,40.0184
1,3,116,0,0,40.0184
1,4,116,0,0,40.0184
1,5,116,0,0,40.0184
1,6,116,0,0,40.0183
1,7,116,0,0,40.0183
1,8,116,0,0,40.0183
1,9,116,0,0,40.0182
1,10,116,0,0,40.0182
1,11,116,0,0,40.0181
1,12,116,0,0,40.0181
1,13,116,0,0,40.0181
1,14,116,0,0,40.018
1,15,116,0,0,40.0179
1,16,116,0,0,40.0179
1,17,116,0,0,40.0178
1,18,116,0,0,40.0178
1,19,116,0,0,40.0177
1,20,116,0,0,40.0176
1,21,116,0,0,40.0176
1,22,116,0,0,40.0175
1,23,116,0,0,40.0174
1,24,116,0,0,40.0173
1,25,116,0,0,40.0173
1,26,116,0,0,40.0172
1,27,116,0,0,40.0171
1,28,116,0,0,40.017
1,29,116,0,0,40.0169
1,30,116,0,0,40.0168
1,31,116,0,0,40.0168
1,32,116,0,0,40.0167
1,33,116,0,0,40.0166
1,34,116,0,0,40.0165
1,35,116,0,0,40.0164
1,36,116,0,0,40.0163
1,37,116,0,0,40.0163
1,38,116,0,0,40.0162
1,39,116,0,0,40.0161
1,40,116,0,0,40.016
1,41,116,0,0,40.0159
1,42,116,0,0,40.0158
1,43,116,0,0,40.0157
1,44,116,0,0,40.0157
1,45,116,0,0,40.0156
1,46,116,0,0,40.0155
1,47,116,0,0,40.0154
1,48,116,0,0,40.0153
1,49,116,0,0,40.0153
1,50,116,0,0,40.0152
1,51,116,0,0,40.0151
1,52,116,0,0,40.015
1,53,116,0,0,40.015
1,54,116,0,0,40.0149
1,55,116,0,0,40.0148
1,56,116,0,0,40.0147
1,57,116,0,0,40.0147
1,58,116,0,0,40.0146
1,59,116,0,0,40.0145
1,60,116,0,0,40.0145
1,61,116,0,0,40.0144
1,62,116,0,0,40.0143
1,63,116,0,0,40.0143
1,64,116,0,0,40.0142
1,65,116,0,0,40.0141
1,66,116,0,0,40.0141
1,67,116,0,0,40.014
1,68,116,0,0,40.014
1,69,116,0,0,40.0139
1,70,116,0,0,40.0139
1,71,116,0,0,40.0138
1,72,116,0,0,40.0138
1,73,116,0,0,40.0137
1,74,116,0,0,40.0137
1,75,116,0,0,40.0136
1,76,116,0,0,40.0136
1,77,116,0,0,40.0135
1,78,116,0,0,40.0135
1,79,116,0,0,40.0134
1,80,116,0,0,40.0134
1,81,116,0,0,40.0134
1,82,116,0,0,40.0133
1,83,116,0,0,40.0133
1,84,116,0,0,40.0132
1,85,116,0,0,40.0132
1,86,116,0,0,40.0132
1,87,116,0,0,40.0131
1,88,116,0,0,40.0131
1,89,116,0,0,40.0131
1,90,116,0,0,40.013
1,91,116,0,0,40.013
1,92,116,0,0,40.013
1,93,116,0,0,40.0129
1,94,116,0,0,40.0129
1,95,116,0,0,40.0129
1,96,116,0,0,40.0129
1,97,116,0,0,40.0128
1,98,116,0,0,40.0128
1,99,116,0,0,40.0128
1,100,116,0,0,40.0128
1,101,116,0,0,40.0127
1,102,116,0,0,40.0127
1,103,116,0,0,40.0127
1,104,116,0,0,40.0127
1,105,116,0,0,40.0127
1,106,116,0,0,40.0126
1,107,116,0,0,40.0126
1,108,116,0,0,40.0126
1,109,116,0,0,40.0126
1,110,116,0,0,40.0126
1,111,116,0,0,40.0126
1,112,116,0,0,40.0125
1,113,116,0,0,40.0125
1,114,116,0,0,40.0125
1,115,116,0,0,40.0125
1,116,116,0,0,40.0125
1,117,116,0,0,40.0125
1,118,116,0,0,40.0125
1,119,116,0,0,40.0125
1,120,116,0,0,40.0125
1,121,116,0,0,40.0124
1,122,116,0,0,40.0124
1,123,116,0,0,40.0124
1,124,116,0,0,40.0124
1,125,116,0,0,40.0124
1,126,116,0,0,40.0124
1,127,116,0,0,40.0124
1,0,117,0,0,40.0178
1,1,117,0,0,40.0178
1,2,117,0,0,40.0178
1,3,117,0,0,40.0178
1,4,117,0,0,40.0177
1,5,117,0,0,40.0177
1,6,117,0,0,40.0177
1,7,117,0,0,40.0177
1,8,117,0,0,40.0176
1,9,117,0,0,40.0176
1,10,117,0,0,40.0176
1,11,117,0,0,40.0175
1,12,117,0,0,40.0175
1,13,117,0,0,40.0174
1,14,117,0,0,40.0174
1,15,117,0,0,40.0173
1,16,117,0,0,40.0173
1,17,117,0,0,40.0172
1,18,117,0,0,40.0171
1,19,117,0,0,40.0171
1,20,117,0,0,40.017
1,21,117,0,0,40.017
1,22,117,0,0,40.0169
1,23,117,0,0,40.0168
1,24,117,0,0,40.0167
1,25,117,0,0,40.0167
1,26,117,0,0,40.0166
1,27,117,0,0,40.0165
1,28,117,0,0,40.0164
1,29,117,0,0,40.0164
1,30,117,0,0,40.0163
1,31,117,0,0,40.0162
1,32,117,0,0,40.0161
1,33,117,0,0,40.016
1,34,117,0,0,40.016
1,35,117,0,0,40.0159
1,36,117,0,0,40.0158
1,37,117,0,0,40.0157
1,38,117,0,0,40.0156
1,39,117,0,0,40.0155
1,40,117,0,0,40.0155
1,41,117,0,0,40.0154
1,42,117,0,0,40.0153
1,43,117,0,0,40.0152
1,44,117,0,0,40.0151
1,45,117,0,0,40.0151
1,46,117,0,0,40.015
1,47,117,0,0,40.0149
1,48,117,0,0,40.0148
1,49,117,0,0,40.0148
1,50,117,0,0,40.0147
1,51,117,0,0,40.0146
1,52,117,0,0,40.0145
1,53,117,0,0,40.0145
1,54,117,0,0,40.0144
1,55,117,0,0,40.0143
1,56,117,0,0,40.0143
1,57,117,0,0,40.0142
1,58,117,0,0,40.0141
1,59,117,0,0,40.0141
1,60,117,0,0,40.014
1,61,117,0,0,40.0139
1,62,117,0,0,40.0139
1,63,117,0,0,40.0138
1,64,117,0,0,40.0137
1,65,117,0,0,40.0137
1,66,117,0,0,40.0136
1,67,117,0,0,40.0136
1,68,117,0,0,40.0135
1,69,117,0,0,40.0135
1,70,117,0,0,40.0134
1,71,117,0,0,40.0134
1,72,117,0,0,40.0133
1,73,117,0,0,40.0133
1,74,117,0,0,40.0132
1,75,117,0,0,40.0132
1,76,117,0,0,40.0131
1,77,117,0,0,40.0131
1,78,117,0,0,40.013
1,79,117,0,0,40.013
1,80,117,0,0,40.013
1,81,117,0,0,40.0129
1,82,117,0,0,40.0129
1,83,117,0,0,40.0129
1,84,117,0,0,40.0128
1,85,117,0,0,40.0128
1,86,117,0,0,40.0127
1,87,117,0,0,40.0127
1,88,117,0,0,40.0127
1,89,117,0,0,40.0126
1,90,117,0,0,40.0126
1,91,117,0,0,40.0126
1,92,117,0,0,40.0126
1,93,117,0,0,40.0125
1,94,117,0,0,40.0125
1,95,117,0,0,40.0125
1,96,117,0,0,40.0124
1,97,117,0,0,40.0124
1,98,117,0,0,40.0124
1,99,117,0,0,40.0124
1,100,117,0,0,40.0123
1,101,117,0,0,40.0123
1,102,117,0,0,40.0123
1,103,117,0,0,40.0123
1,104,117,0,0,40.0123
1,105,117,0,0,40.0122
1,106,117,0,0,40.0122
1,107,117,0,0,40.0122
1,108,117,0,0,40.0122
1,109,117,0,0,40.0122
1,110,117,0,0,40.0122
1,111,117,0,0,40.0121
1,112,117,0,0,40.0121
1,113,117,0,0,40.0121
1,114,117,0,0,40.0121
1,115,117,0,0,40.0121
1,116,117,0,0,40.0121
1,117,117,0,0,40.0121
1,118,117,0,0,40.0121
1,119,117,0,0,40.0121
1,120,117,0,0,40.0121
1,121,117,0,0,40.012
1,122,117,0,0,40.012
1,123,117,0,0,40.012
1,124,117,0,0,40.012
1,125,117,0,0,40.012
1,126,117,0,0,40.012
1,127,117,0,0,40.012
1,0,118,0,0,40.0172
1,1,118,0,0,40.0172
1,2,118,0,0,40.0172
1,3,118,0,0,40.0172
1,4,118,0,0,40.0172
1,5,118,0,0,40.0171
1,6,118,0,0,40.0171
1,7,118,0,0,40.0171
1,8,118,0,0,40.0171
1,9,118,0,0,40.017
1,10,118,0,0,40.017
1,11,118,0,0,40.017
1,12,118,0,0,40.0169
1,13,118,0,0,40.0169
1,14,118,0,0,40.0168
1,15,118,0,0,40.0168
1,16,118,0,0,40.0167
1,17,118,0,0,40.0167
1,18,118,0,0,40.0166
1,19,118,0,0,40.0165
1,20,118,0,0,40.0165
1,21,118,0,0,40.0164
1,22,118,0,0,40.0163
1,23,118,0,0,40.0163
1,24,118,0,0,40.0162
1,25,118,0,0,40.0161
1,26,118,0,0,40.0161
1,27,118,0,0,40.016
1,28,118,0,0,40.0159
1,29,118,0,0,40.0158
1,30,118,0,0,40.0158
1,31,118,0,0,40.0157
1,32,118,0,0,40.0156
1,33,118,0,0,40.0155
1,34,118,0,0,40.0155
1,35,118,0,0,40.0154
1,36,118,0,0,40.0153
1,37,118,0,0,40.0152
1,38,118,0,0,40.0151
1,39,118,0,0,40.0151
1,40,118,0,0,40.015
1,41,118,0,0,40.0149
1,42,118,0,0,40.0148
1,43,118,0,0,40.0148
1,44,118,0,0,40.0147
1,45,118,0,0,40.0146
1,46,118,0,0,40.0145
1,47,118,0,0,40.0145
1,48,118,0,0,40.0144
1,49,118,0,0,40.0143
1,50,118,0,0,40.0142
1,51,118,0,0,40.0142
1,52,118,0,0,40.0141
1,53,118,0,0,40.014
1,54,118,0,0,40.014
1,55,118,0,0,40.0139
1,56,118,0,0,40.0138
1,57,118,0,0,40.0138
1,58,118,0,0,40.0137
1,59,118,0,0,40.0136
1,60,118,0,0,40.0136
1,61,118,0,0,40.0135
1,62,118,0,0,40.0134
1,63,118,0,0,40.0134
1,64,118,0,0,40.0133
1,65,118,0,0,40.0133
1,66,118,0,0,40.0132
1,67,118,0,0,40.0132
1,68,118,0,0,40.0131
1,69,118,0,0,40.0131
1,70,118,0,0,40.013
1,71,118,0,0,40.013
1,72,118,0,0,40.0129
1,73,118,0,0,40.0129
1,74,118,0,0,40.0128
1,75,118,0,0,40.0128
1,76,118,0,0,40.0127
1,77,118,0,0,40.0127
1,78,118,0,0,40.0127
1,79,118,0,0,40.0126
1,80,118,0,0,40.0126
1,81,118,0,0,40.0125
1,82,118,0,0,40.0125
1,83,118,0,0,40.0125
1,84,118,0,0,40.0124
1,85,118,0,0,40.0124
1,86,118,0,0,40.0124
1,87,118,0,0,40.0123
1,88,118,0,0,40.0123
1,89,118,0,0,40.0123
1,90,118,0,0,40.0122
1,91,118,0,0,40.0122
1,92,118,0,0,40.0122
1,93,118,0,0,40.0121
1,94,118,0,0,40.0121
1,95,118,0,0,40.0121
1,96,118,0,0,40.0121
1,97,118,0,0,40.012
1,98,118,0,0,40.012
1,99,118,0,0,40.012
1,100,118,0,0,40.012
1,101,118,0,0,40.012
1,102,118,0,0,40.0119
1,103,118,0,0,40.0119
1,104,118,0,0,40.0119
1,105,118,0,0,40.0119
1,106,118,0,0,40.0119
1,107,118,0,0,40.0118
1,108,118,0,0,40.0118
1,109,118,0,0,40.0118
1,110,118,0,0,40.0118
1,111,118,0,0,40.0118
1,112,118,0,0,40.0118
1,113,118,0,0,40.0117
1,114,118,0,0,40.0117
1,115,118,0,0,40.0117
1,116,118,0,0,40.0117
1,117,118,0,0,40.0117
1,118,118,0,0,40.0117
1,119,118,0,0,40.0117
1,120,118,0,0,40.0117
1,121,118,0,0,40.0117
1,122,118,0,0,40.0117
1,123,118,0,0,40.0117
1,124,118,0,0,40.0117
1,125,118,0,0,40.0117
1,126,118,0,0,40.0117
1,127,118,0,0,40.0117
1,0,119,0,0,40.0167
1,1,119,0,0,40.0167
1,2,119,0,0,40.0167
1,3,119,0,0,40.0167
1,4,119,0,0,40.0166
1,5,119,0,0,40.0166
1,6,119,0,0,40.0166
1,7,119,0,0,40.0166
1,8,119,0,0,40.0165
1,9,119,0,0,40.0165
1,10,119,0,0,40.0165
1,11,119,0,0,40.0164
1,12,119,0,0,40.0164
1,13,119,0,0,40.0164
1,14,119,0,0,40.0163
1,15,119,0,0,40.0163
1,16,119,0,0,40.0162
1,17,119,0,0,40.0162
1,18,119,0,0,40.0161
1,19,119,0,0,40.016
1,20,119,0,0,40.016
1,21,119,0,0,40.0159
1,22,119,0,0,40.0159
1,23,119,0,0,40.0158
1,24,119,0,0,40.0157
1,25,119,0,0,40.0157
1,26,119,0,0,40.0156
1,27,119,0,0,40.0155
1,28,119,0,0,40.0155
1,29,119,0,0,40.0154
1,30,119,0,0,40.0153
1,31,119,0,0,40.0152
1,32,119,0,0,40.0152
1,33,119,0,0,40.0151
1,34,119,0,0,40.015
1,35,119,0,0,40.0149
1,36,119,0,0,40.0149
1,37,119,0,0,40.0148
1,38,119,0,0,40.0147
1,39,119,0,0,40.0146
1,40,119,0,0,40.0146
1,41,119,0,0,40.0145
1,42,119,0,0,40.0144
1,43,119,0,0,40.0143
1,44,119,0,0,40.0143
1,45,119,0,0,40.0142
1,46,119,0,0,40.0141
1,47,119,0,0,40.014
1,48,119,0,0,40.014
1,49,119,0,0,40.0139
1,50,119,0,0,40.0138
1,51,119,0,0,40.0138
1,52,119,0,0,40.0137
1,53,119,0,0,40.0136
1,54,119,0,0,40.0136
1,55,119,0,0,40.0135
1,56,119,0,0,40.0134
1,57,119,0,0,40.0134
1,58,119,0,0,40.0133
1,59,119,0,0,40.0132
1,60,119,0,0,40.0132
1,61,119,0,0,40.0131
1,62,119,0,0,40.0131
1,63,119,0,0,40.013
1,64,119,0,0,40.013
1,65,119,0,0,40.0129
1,66,119,0,0,40.0128
1,67,119,0,0,40.0128
1,68,119,0,0,40.0127
1,69,119,0,0,40.0127
1,70,119,0,0,40.0126
1,71,119,0,0,40.0126
1,72,119,0,0,40.0126
1,73,119,0,0,40.0125
1,74,119,0,0,40.0125
1,75,119,0,0,40.0124
1,76,119,0,0,40.0124
1,77,119,0,0,40.0123
1,78,119,0,0,40.0123
1,79,119,0,0,40.0123
1,80,119,0,0,40.0122
1,81,119,0,0,40.0122
1,82,119,0,0,40.0121
1,83,119,0,0,40.0121
1,84,119,0,0,40.0121
1,85,119,0,0,40.012
1,86,119,0,0,40.012
1,87,119,0,0,40.012
1,88,119,0,0,40.0119
1,89,119,0,0,40.0119
1,90,119,0,0,40.0119
1,91,119,0,0,40.0119
1,92,119,0,0,40.0118
1,93,119,0,0,40.0118
1,94,119,0,0,40.0118
1,95,119,0,0,40.0117
1,96,119,0,0,40.0117
1,97,119,0,0,40.0117
1,98,119,0,0,40.0117
1,99,119,0,0,40.0117
1,100,119,0,0,40.0116
1,101,119,0,0,40.0116
1,102,119,0,0,40.0116
1,103,119,0,0,40.0116
1,104,119,0,0,40.0116
1,105,119,0,0,40.0115
1,106,119,0,0,40.0115
1,107,119,0,0,40.0115
1,108,119,0,0,40.0115
1,109,119,0,0,40.0115
1,110,119,0,0,40.0115
1,111,119,0,0,40.0114
1,112,119,0,0,40.0114
1,113,119,0,0,40.0114
1,114,119,0,0,40.0114
1,115,119,0,0,40.0114
1,116,119,0,0,40.0114
1,117,119,0,0,40.0114
1,118,119,0,0,40.0114
1,119,119,0,0,40.0114
1,120,119,0,0,40.0114
1,121,119,0,0,40.0113
1,122,119,0,0,40.0113
1,123,119,0,0,40.0113
1,124,119,0,0,40.0113
1,125,119,0,0,40.0113
1,126,119,0,0,40.0113
1,127,119,0,0,40.0113
1,0,120,0,0,40.0162
1,1,120,0,0,40.0162
1,2,120,0,0,40.0162
1,3,120,0,0,40.0162
1,4,120,0,0,40.0162
1,5,120,0,0,40.0162
1,6,120,0,0,40.0161
1,7,120,0,0,40.0161
1,8,120,0,0,40.0161
1,9,120,0,0,40.0161
1,10,120,0,0,40.016
1,11,120,0,0,40.016
1,12,120,0,0,40.0159
1,13,120,0,0,40.0159
1,14,120,0,0,40.0159
1,15,120,0,0,40.0158
1,16,120,0,0,40.0158
1,17,120,0,0,40.0157
1,18,120,0,0,40.0157
1,19,120,0,0,40.0156
1,20,120,0,0,40.0155
1,21,120,0,0,40.0155
1,22,120,0,0,40.0154
1,23,120,0,0,40.0154
1,24,120,0,0,40.0153
1,25,120,0,0,40.0152
1,26,120,0,0,40.0152
1,27,120,0,0,40.0151
1,28,120,0,0,40.015
1,29,120,0,0,40.015
1,30,120,0,0,40.0149
1,31,120,0,0,40.0148
1,32,120,0,0,40.0148
1,33,120,0,0,40.0147
1,34,120,0,0,40.0146
1,35,120,0,0,40.0145
1,36,120,0,0,40.0145
1,37,120,0,0,40.0144
1,38,120,0,0,40.0143
1,39,120,0,0,40.0142
1,40,120,0,0,40.0142
1,41,120,0,0,40.0141
1,42,120,0,0,40.014
1,43,120,0,0,40.014
1,44,120,0,0,40.0139
1,45,120,0,0,40.0138
1,46,120,0,0,40.0137
1,47,120,0,0,40.0137
1,48,120,0,0,40.0136
1,49,120,0,0,40.0135
1,50,120,0,0,40.0135
1,51,120,0,0,40.0134
1,52,120,0,0,40.0133
1,53,120,0,0,40.0133
1,54,120,0,0,40.0132
1,55,120,0,0,40.0131
1,56,120,0,0,40.0131
1,57,120,0,0,40.013
1,58,120,0,0,40.013
1,59,120,0,0,40.0129
1,60,120,0,0,40.0128
1,61,120,0,0,40.0128
1,62,120,0,0,40.0127
1,63,120,0,0,40.0127
1,64,120,0,0,40.0126
1,65,120,0,0,40.0126
1,66,120,0,0,40.0125
1,67,120,0,0,40.0125
1,68,120,0,0,40.0124
1,69,120,0,0,40.0124
1,70,120,0,0,40.0123
1,71,120,0,0,40.0123
1,72,120,0,0,40.0122
1,73,120,0,0,40.0122
1,74,120,0,0,40.0121
1,75,120,0,0,40.0121
1,76,120,0,0,40.0121
1,77,120,0,0,40.012
1,78,120,0,0,40.012
1,79,120,0,0,40.0119
1,80,120,0,0,40.0119
1,81,120,0,0,40.0119
1,82,120,0,0,40.0118
1,83,120,0,0,40.0118
1,84,120,0,0,40.0118
1,85,120,0,0,40.0117
1,86,120,0,0,40.0117
1,87,120,0,0,40.0117
1,88,120,0,0,40.0116
1,89,120,0,0,40.0116
1,90,120,0,0,40.0116
1,91,120,0,0,40.0115
1,92,120,0,0,40.0115
1,93,120,0,0,40.0115
1,94,120,0,0,40.0115
1,95,120,0,0,40.0114
1,96,120,0,0,40.0114
1,97,120,0,0,40.0114
1,98,120,0,0,40.0114
1,99,120,0,0,40.0114
1,100,120,0,0,40.0113
1,101,120,0,0,40.0113
1,102,120,0,0,40.0113
1,103,120,0,0,40.0113
1,104,120,0,0,40.0113
1,105,120,0,0,40.0112
1,106,120,0,0,40.0112
1,107,120,0,0,40.0112
1,108,120,0,0,40.0112
1,109,120,0,0,40.0112
1,110,120,0,0,40.0112
1,111,120,0,0,40.0111
1,112,120,0,0,40.0111
1,113,120,0,0,40.0111
1,114,120,0,0,40.0111
1,115,120,0,0,40.0111
1,116,120,0,0,40.0111
1,117,120,0,0,40.0111
1,118,120,0,0,40.0111
1,119,120,0,0,40.0111
1,120,120,0,0,40.0111
1,121,120,0,0,40.0111
1,122,120,0,0,40.011
1,123,120,0,0,40.011
1,124,120,0,0,40.011
1,125,120,0,0,40.011
1,126,120,0,0,40.011
1,127,120,0,0,40.011
1,0,121,0,0,40.0158
1,1,121,0,0,40.0158
1,2,121,0,0,40.0158
1,3,121,0,0,40.0158
1,4,121,0,0,40.0158
1,5,121,0,0,40.0158
1,6,121,0,0,40.0157
1,7,121,0,0,40.0157
1,8,121,0,0,40.0157
1,9,121,0,0,40.0157
1,10,121,0,0,40.0156
1,11,121,0,0,40.0156
1,12,121,0,0,40.0155
1,13,121,0,0,40.0155
1,14,121,0,0,40.0155
1,15,121,0,0,40.0154
1,16,121,0,0,40.0154
1,17,121,0,0,40.0153
1,18,121,0,0,40.0153
1,19,121,0,0,40.0152
1,20,121,0,0,40.0152
1,21,121,0,0,40.0151
1,22,121,0,0,40.015
1,23,121,0,0,40.015
1,24,121,0,0,40.0149
1,25,121,0,0,40.0149
1,26,121,0,0,40.0148
1,27,121,0,0,40.0147
1,28,121,0,0,40.0147
1,29,121,0,0,40.0146
1,30,121,0,0,40.0145
1,31,121,0,0,40.0145
1,32,121,0,0,40.0144
1,33,121,0,0,40.0143
1,34,121,0,0,40.0143
1,35,121,0,0,40.0142
1,36,121,0,0,40.0141
1,37,121,0,0,40.014
1,38,121,0,0,40.014
1,39,121,0,0,40.0139
1,40,121,0,0,40.0138
1,41,121,0,0,40.0138
1,42,121,0,0,40.0137
1,43,121,0,0,40.0136
1,44,121,0,0,40.0136
1,45,121,0,0,40.0135
1,46,121,0,0,40.0134
1,47,121,0,0,40.0134
1,48,121,0,0,40.0133
1,49,121,0,0,40.0132
1,50,121,0,0,40.0132
1,51,121,0,0,40.0131
1,52,121,0,0,40.013
1,53,121,0,0,40.013
1,54,121,0,0,40.0129
1,55,121,0,0,40.0128
1,56,121,0,0,40.0128
1,57,121,0,0,40.0127
1,58,121,0,0,40.0127
1,59,121,0,0,40.0126
1,60,121,0,0,40.0125
1,61,121,0,0,40.0125
1,62,121,0,0,40.0124
1,63,121,0,0,40.0124
1,64,121,0,0,40.0123
1,65,121,0,0,40.0123
1,66,121,0,0,40.0122
1,67,121,0,0,40.0122
1,68,121,0,0,40.0121
1,69,121,0,0,40.0121
1,70,121,0,0,40.012
1,71,121,0,0,40.012
1,72,121,0,0,40.0119
1,73,121,0,0,40.0119
1,74,121,0,0,40.0119
1,75,121,0,0,40.0118
1,76,121,0,0,40.0118
1,77,121,0,0,40.0117
1,78,121,0,0,40.0117
1,79,121,0,0,40.0117
1,80,121,0,0,40.0116
1,81,121,0,0,40.0116
1,82,121,0,0,40.0116
1,83,121,0,0,40.0115
1,84,121,0,0,40.0115
1,85,121,0,0,40.0115
1,86,121,0,0,40.0114
1,87,121,0,0,40.0114
1,88,121,0,0,40.0114
1,89,121,0,0,40.0113
1,90,121,0,0,40.0113
1,91,121,0,0,40.0113
1,92,121,0,0,40.0112
1,93,121,0,0,40.0112
1,94,121,0,0,40.0112
1,95,121,0,0,40.0112
1,96,121,0,0,40.0112
1,97,121,0,0,40.0111
1,98,121,0,0,40.0111
1,99,121,0,0,40.0111
1,100,121,0,0,40.0111
1,101,121,0,0,40.011
1,102,121,0,0,40.011
1,103,121,0,0,40.011
1,104,121,0,0,40.011
1,105,121,0,0,40.011
1,106,121,0,0,40.011
1,107,121,0,0,40.0109
1,108,121,0,0,40.0109
1,109,121,0,0,40.0109
1,110,121,0,0,40.0109
1,111,121,0,0,40.0109
1,112,121,0,0,40.0109
1,113,121,0,0,40.0109
1,114,121,0,0,40.0108
1,115,121,0,0,40.0108
1,116,121,0,0,40.0108
1,117,121,0,0,40.0108
1,118,121,0,0,40.0108
1,119,121,0,0,40.0108
1,120,121,0,0,40.0108
1,121,121,0,0,40.0108
1,122,121,0,0,40.0108
1,123,121,0,0,40.0108
1,124,121,0,0,40.0108
1,125,121,0,0,40.0108
1,126,121,0,0,40.0108
1,127,121,0,0,40.0108
1,0,122,0,0,40.0155
1,1,122,0,0,40.0155
1,2,122,0,0,40.0154
1,3,122,0,0,40.0154
1,4,122,0,0,40.0154
1,5,122,0,0,40.0154
1,6,122,0,0,40.0154
1,7,122,0,0,40.0154
1,8,122,0,0,40.0153
1,9,122,0,0,40.0153
1,10,122,0,0,40.0153
1,11,122,0,0,40.0152
1,12,122,0,0,40.0152
1,13,122,0,0,40.0152
1,14,122,0,0,40.0151
1,15,122,0,0,40.0151
1,16,122,0,0,40.015
1,17,122,0,0,40.015
1,18,122,0,0,40.0149
1,19,122,0,0,40.0149
1,20,122,0,0,40.0148
1,21,122,0,0,40.0148
1,22,122,0,0,40.0147
1,23,122,0,0,40.0147
1,24,122,0,0,40.0146
1,25,122,0,0,40.0145
1,26,122,0,0,40.0145
1,27,122,0,0,40.0144
1,28,122,0,0,40.0144
1,29,122,0,0,40.0143
1,30,122,0,0,40.0142
1,31,122,0,0,40.0142
1,32,122,0,0,40.0141
1,33,122,0,0,40.014
1,34,122,0,0,40.014
1,35,122,0,0,40.0139
1,36,122,0,0,40.0138
1,37,122,0,0,40.0137
1,38,122,0,0,40.0137
1,39,122,0,0,40.0136
1,40,122,0,0,40.0135
1,41,122,0,0,40.0135
1,42,122,0,0,40.0134
1,43,122,0,0,40.0133
1,44,122,0,0,40.0133
1,45,122,0,0,40.0132
1,46,122,0,0,40.0131
1,47,122,0,0,40.0131
1,48,122,0,0,40.013
1,49,122,0,0,40.0129
1,50,122,0,0,40.0129
1,51,122,0,0,40.0128
1,52,122,0,0,40.0128
1,53,122,0,0,40.0127
1,54,122,0,0,40.0126
1,55,122,0,0,40.0126
1,56,122,0,0,40.0125
1,57,122,0,0,40.0124
1,58,122,0,0,40.0124
1,59,122,0,0,40.0123
1,60,122,0,0,40.0123
1,61,122,0,0,40.0122
1,62,122,0,0,40.0122
1,63,122,0,0,40.0121
1,64,122,0,0,40.0121
1,65,122,0,0,40.012
1,66,122,0,0,40.012
1,67,122,0,0,40.0119
1,68,122,0,0,40.0119
1,69,122,0,0,40.0118
1,70,122,0,0,40.0118
1,71,122,0,0,40.0117
1,72,122,0,0,40.0117
1,73,122,0,0,40.0116
1,74,122,0,0,40.0116
1,75,122,0,0,40.0116
1,76,122,0,0,40.0115
1,77,122,0,0,40.0115
1,78,122,0,0,40.0115
1,79,122,0,0,40.0114
1,80,122,0,0,40.0114
1,81,122,0,0,40.0113
1,82,122,0,0,40.0113
1,83,122,0,0,40.0113
1,84,122,0,0,40.0112
1,85,122,0,0,40.0112
1,86,122,0,0,40.0112
1,87,122,0,0,40.0112
1,88,122,0,0,40.0111
1,89,122,0,0,40.0111
1,90,122,0,0,40.0111
1,91,122,0,0,40.011
1,92,122,0,0,40.011
1,93,122,0,0,40.011
1,94,122,0,0,40.011
1,95,122,0,0,40.0109
1,96,122,0,0,40.0109
1,97,122,0,0,40.0109
1,98,122,0,0,40.0109
1,99,122,0,0,40.0109
1,100,122,0,0,40.0108
1,101,122,0,0,40.0108
1,102,122,0,0,40.0108
1,103,122,0,0,40.0108
1,104,122,0,0,40.0108
1,105,122,0,0,40.0107
1,106,122,0,0,40.0107
1,107,122,0,0,40.0107
1,108,122,0,0,40.0107
1,109,122,0,0,40.0107
1,110,122,0,0,40.0107
1,111,122,0,0,40.0107
1,112,122,0,0,40.0106
1,113,122,0,0,40.0106
1,114,122,0,0,40.0106
1,115,122,0,0,40.0106
1,116,122,0,0,40.0106
1,117,122,0,0,40.0106
1,118,122,0,0,40.0106
1,119,122,0,0,40.0106
1,120,122,0,0,40.0106
1,121,122,0,0,40.0106
1,122,122,0,0,40.0106
1,123,122,0,0,40.0106
1,124,122,0,0,40.0106
1,125,122,0,0,40.0106
1,126,122,0,0,40.0105
1,127,122,0,0,40.0105
1,0,123,0,0,40.0152
1,1,123,0,0,40.0152
1,2,123,0,0,40.0151
1,3,123,0,0,40.0151
1,4,123,0,0,40.0151
1,5,123,0,0,40.0151
1,6,123,0,0,40.0151
1,7,123,0,0,40.0151
1,8,123,0,0,40.015
1,9,123,0,0,40.015
1,10,123,0,0,40.015
1,11,123,0,0,40.0149
1,12,123,0,0,40.0149
1,13,123,0,0,40.0149
1,14,123,0,0,40.0148
1,15,123,0,0,40.0148
1,16,123,0,0,40.0147
1,17,123,0,0,40.0147
1,18,123,0,0,40.0146
1,19,123,0,0,40.0146
1,20,123,0,0,40.0145
1,21,123,0,0,40.0145
1,22,123,0,0,40.0144
1,23,123,0,0,40.0144
1,24,123,0,0,40.0143
1,25,123,0,0,40.0143
1,26,123,0,0,40.0142
1,27,123,0,0,40.0141
1,28,123,0,0,40.0141
1,29,123,0,0,40.014
1,30,123,0,0,40.014
1,31,123,0,0,40.0139
1,32,123,0,0,40.0138
1,33,123,0,0,40.0138
1,34,123,0,0,40.0137
1,35,123,0,0,40.0136
1,36,123,0,0,40.0136
1,37,123,0,0,40.0135
1,38,123,0,0,40.0134
1,39,123,0,0,40.0134
1,40,123,0,0,40.0133
1,41,123,0,0,40.0132
1,42,123,0,0,40.0132
1,43,123,0,0,40.0131
1,44,123,0,0,40.013
1,45,123,0,0,40.013
1,46,123,0,0,40.0129
1,47,123,0,0,40.0128
1,48,123,0,0,40.0128
1,49,123,0,0,40.0127
1,50,123,0,0,40.0126
1,51,123,0,0,40.0126
1,52,123,0,0,40.0125
1,53,123,0,0,40.0125
1,54,123,0,0,40.0124
1,55,123,0,0,40.0123
1,56,123,0,0,40.0123
1,57,123,0,0,40.0122
1,58,123,0,0,40.0122
1,59,123,0,0,40.0121
1,60,123,0,0,40.0121
1,61,123,0,0,40.012
1,62,123,0,0,40.012
1,63,123,0,0,40.0119
1,64,123,0,0,40.0118
1,65,123,0,0,40.0118
1,66,123,0,0,40.0118
1,67,123,0,0,40.0117
1,68,123,0,0,40.0117
1,69,123,0,0,40.0116
1,70,123,0,0,40.0116
1,71,123,0,0,40.0115
1,72,123,0,0,40.0115
1,73,123,0,0,40.0114
1,74,123,0,0,40.0114
1,75,123,0,0,40.0114
1,76,123,0,0,40.0113
1,77,123,0,0,40.0113
1,78,123,0,0,40.0112
1,79,123,0,0,40.0112
1,80,123,0,0,40.0112
1,81,123,0,0,40.0111
1,82,123,0,0,40.0111
1,83,123,0,0,40.0111
1,84,123,0,0,40.011
1,85,123,0,0,40.011
1,86,123,0,0,40.011
1,87,123,0,0,40.011
1,88,123,0,0,40.0109
1,89,123,0,0,40.0109
1,90,123,0,0,40.0109
1,91,123,0,0,40.0108
1,92,123,0,0,40.0108
1,93,123,0,0,40.0108
1,94,123,0,0,40.0108
1,95,123,0,0,40.0107
1,96,123,0,0,40.0107
1,97,123,0,0,40.0107
1,98,123,0,0,40.0107
1,99,123,0,0,40.0107
1,100,123,0,0,40.0106
1,101,123,0,0,40.0106
1,102,123,0,0,40.0106
1,103,123,0,0,40.0106
1,104,123,0,0,40.0106
1,105,123,0,0,40.0105
1,106,123,0,0,40.0105
1,107,123,0,0,40.0105
1,108,123,0,0,40.0105
1,109,123,0,0,40.0105
1,110,123,0,0,40.0105
1,111,123,0,0,40.0105
1,112,123,0,0,40.0104
1,113,123,0,0,40.0104
1,114,123,0,0,40.0104
1,115,123,0,0,40.0104
1,116,123,0,0,40.0104
1,117,123,0,0,40.0104
1,118,123,0,0,40.0104
1,119,123,0,0,40.0104
1,120,123,0,0,40.0104
1,121,123,0,0,40.0104
1,122,123,0,0,40.0104
1,123,123,0,0,40.0104
1,124,123,0,0,40.0104
1,125,123,0,0,40.0104
1,126,123,0,0,40.0104
1,127,123,0,0,40.0104
1,0,124,0,0,40.0149
1,1,124,0,0,40.0149
1,2,124,0,0,40.0149
1,3,124,0,0,40.0149
1,4,124,0,0,40.0149
1,5,124,0,0,40.0149
1,6,124,0,0,40.0148
1,7,124,0,0,40.0148
1,8,124,0,0,40.0148
1,9,124,0,0,40.0148
1,10,124,0,0,40.0147
1,11,124,0,0,40.0147
1,12,124,0,0,40.0147
1,13,124,0,0,40.0146
1,14,124,0,0,40.0146
1,15,124,0,0,40.0145
1,16,124,0,0,40.0145
1,17,124,0,0,40.0145
1,18,124,0,0,40.0144
1,19,124,0,0,40.0144
1,20,124,0,0,40.0143
1,21,124,0,0,40.0143
1,22,124,0,0,40.0142
1,23,124,0,0,40.0141
1,24,124,0,0,40.0141
1,25,124,0,0,40.014
1,26,124,0,0,40.014
1,27,124,0,0,40.0139
1,28,124,0,0,40.0139
1,29,124,0,0,40.0138
1,30,124,0,0,40.0137
1,31,124,0,0,40.0137
1,32,124,0,0,40.0136
1,33,124,0,0,40.0135
1,34,124,0,0,40.0135
1,35,124,0,0,40.0134
1,36,124,0,0,40.0133
1,37,124,0,0,40.0133
1,38,124,0,0,40.0132
1,39,124,0,0,40.0131
1,40,124,0,0,40.0131
1,41,124,0,0,40.013
1,42,124,0,0,40.013
1,43,124,0,0,40.0129
1,44,124,0,0,40.0128
1,45,124,0,0,40.0128
1,46,124,0,0,40.0127
1,47,124,0,0,40.0126
1,48,124,0,0,40.0126
1,49,124,0,0,40.0125
1,50,124,0,0,40.0124
1,51,124,0,0,40.0124
1,52,124,0,0,40.0123
1,53,124,0,0,40.0123
1,54,124,0,0,40.0122
1,55,124,0,0,40.0121
1,56,124,0,0,40.0121
1,57,124,0,0,40.012
1,58,124,0,0,40.012
1,59,124,0,0,40.0119
1,60,124,0,0,40.0119
1,61,124,0,0,40.0118
1,62,124,0,0,40.0118
1,63,124,0,0,40.0117
1,64,124,0,0,40.0117
1,65,124,0,0,40.0116
1,66,124,0,0,40.0116
1,67,124,0,0,40.0115
1,68,124,0,0,40.0115
1,69,124,0,0,40.0114
1,70,124,0,0,40.0114
1,71,124,0,0,40.0113
1,72,124,0,0,40.0113
1,73,124,0,0,40.0113
1,74,124,0,0,40.0112
1,75,124,0,0,40.0112
1,76,124,0,0,40.0111
1,77,124,0,0,40.0111
1,78,124,0,0,40.0111
1,79,124,0,0,40.011
1,80,124,0,0,40.011
1,81,124,0,0,40.011
1,82,124,0,0,40.0109
1,83,124,0,0,40.0109
1,84,124,0,0,40.0109
1,85,124,0,0,40.0108
1,86,124,0,0,40.0108
1,87,124,0,0,40.0108
1,88,124,0,0,40.0108
1,89,124,0,0,40.0107
1,90,124,0,0,40.0107
1,91,124,0,0,40.0107
1,92,124,0,0,40.0106
1,93,124,0,0,40.0106
1,94,124,0,0,40.0106
1,95,124,0,0,40.0106
1,96,124,0,0,40.0106
1,97,124,0,0,40.0105
1,98,124,0,0,40.0105
1,99,124,0,0,40.0105
1,100,124,0,0,40.0105
1,101,124,0,0,40.0105
1,102,124,0,0,40.0104
1,103,124,0,0,40.0104
1,104,124,0,0,40.0104
1,105,124,0,0,40.0104
1,106,124,0,0,40.0104
1,107,124,0,0,40.0104
1,108,124,0,0,40.0103
1,109,124,0,0,40.0103
1,110,124,0,0,40.0103
1,111,124,0,0,40.0103
1,112,124,0,0,40.0103
1,113,124,0,0,40.0103
1,114,124,0,0,40.0103
1,115,124,0,0,40.0103
1,116,124,0,0,40.0102
1,117,124,0,0,40.0102
1,118,124,0,0,40.0102
1,119,124,0,0,40.0102
1,120,124,0,0,40.0102
1,121,124,0,0,40.0102
1,122,124,0,0,40.0102
1,123,124,0,0,40.0102
1,124,124,0,0,40.0102
1,125,124,0,0,40.0102
1,126,124,0,0,40.0102
1,127,124,0,0,40.0102
1,0,125,0,0,40.0147
1,1,125,0,0,40.0147
1,2,125,0,0,40.0147
1,3,125,0,0,40.0147
1,4,125,0,0,40.0147
1,5,125,0,0,40.0147
1,6,125,0,0,40.0146
1,7,125,0,0,40.0146
1,8,125,0,0,40.0146
1,9,125,0,0,40.0146
1,10,125,0,0,40.0145
1,11,125,0,0,40.0145
1,12,125,0,0,40.0145
1,13,125,0,0,40.0144
1,14,125,0,0,40.0144
1,15,125,0,0,40.0144
1,16,125,0,0,40.0143
1,17,125,0,0,40.0143
1,18,125,0,0,40.0142
1,19,125,0,0,40.0142
1,20,125,0,0,40.0141
1,21,125,0,0,40.0141
1,22,125,0,0,40.014
1,23,125,0,0,40.014
1,24,125,0,0,40.0139
1,25,125,0,0,40.0139
1,26,125,0,0,40.0138
1,27,125,0,0,40.0137
1,28,125,0,0,40.0137
1,29,125,0,0,40.0136
1,30,125,0,0,40.0136
1,31,125,0,0,40.0135
1,32,125,0,0,40.0134
1,33,125,0,0,40.0134
1,34,125,0,0,40.0133
1,35,125,0,0,40.0132
1,36,125,0,0,40.0132
1,37,125,0,0,40.0131
1,38,125,0,0,40.013
1,39,125,0,0,40.013
1,40,125,0,0,40.0129
1,41,125,0,0,40.0129
1,42,125,0,0,40.0128
1,43,125,0,0,40.0127
1,44,125,0,0,40.0127
1,45,125,0,0,40.0126
1,46,125,0,0,40.0125
1,47,125,0,0,40.0125
1,48,125,0,0,40.0124
1,49,125,0,0,40.0124
1,50,125,0,0,40.0123
1,51,125,0,0,40.0122
1,52,125,0,0,40.0122
1,53,125,0,0,40.0121
1,54,125,0,0,40.0121
1,55,125,0,0,40.012
1,56,125,0,0,40.0119
1,57,125,0,0,40.0119
1,58,125,0,0,40.0118
1,59,125,0,0,40.0118
1,60,125,0,0,40.0117
1,61,125,0,0,40.0117
1,62,125,0,0,40.0116
1,63,125,0,0,40.0116
1,64,125,0,0,40.0115
1,65,125,0,0,40.0115
1,66,125,0,0,40.0114
1,67,125,0,0,40.0114
1,68,125,0,0,40.0113
1,69,125,0,0,40.0113
1,70,125,0,0,40.0113
1,71,125,0,0,40.0112
1,72,125,0,0,40.0112
1,73,125,0,0,40.0111
1,74,125,0,0,40.0111
1,75,125,0,0,40.011
1,76,125,0,0,40.011
1,77,125,0,0,40.011
1,78,125,0,0,40.0109
1,79,125,0,0,40.0109
1,80,125,0,0,40.0109
1,81,125,0,0,40.0108
1,82,125,0,0,40.0108
1,83,125,0,0,40.0108
1,84,125,0,0,40.0107
1,85,125,0,0,40.0107
1,86,125,0,0,40.0107
1,87,125,0,0,40.0106
1,88,125,0,0,40.0106
1,89,125,0,0,40.0106
1,90,125,0,0,40.0106
1,91,125,0,0,40.0105
1,92,125,0,0,40.0105
1,93,125,0,0,40.0105
1,94,125,0,0,40.0105
1,95,125,0,0,40.0104
1,96,125,0,0,40.0104
1,97,125,0,0,40.0104
1,98,125,0,0,40.0104
1,99,125,0,0,40.0104
1,100,125,0,0,40.0103
1,101,125,0,0,40.0103
1,102,125,0,0,40.0103
1,103,125,0,0,40.0103
1,104,125,0,0,40.0103
1,105,125,0,0,40.0103
1,106,125,0,0,40.0102
1,107,125,0,0,40.0102
1,108,125,0,0,40.0102
1,109,125,0,0,40.0102
1,110,125,0,0,40.0102
1,111,125,0,0,40.0102
1,112,125,0,0,40.0102
1,113,125,0,0,40.0102
1,114,125,0,0,40.0101
1,115,125,0,0,40.0101
1,116,125,0,0,40.0101
1,117,125,0,0,40.0101
1,118,125,0,0,40.0101
1,119,125,0,0,40.0101
1,120,125,0,0,40.0101
1,121,125,0,0,40.0101
1,122,125,0,0,40.0101
1,123,125,0,0,40.0101
1,124,125,0,0,40.0101
1,125,125,0,0,40.0101
1,126,125,0,0,40.0101
1,127,125,0,0,40.0101
1,0,126,0,0,40.0146
1,1,126,0,0,40.0146
1,2,126,0,0,40.0145
1,3,126,0,0,40.0145
1,4,126,0,0,40.0145
1,5,126,0,0,40.0145
1,6,126,0,0,40.0145
1,7,126,0,0,40.0145
1,8,126,0,0,40.0144
1,9,126,0,0,40.0144
1,10,126,0,0,40.0144
1,11,126,0,0,40.0144
1,12,126,0,0,40.0143
1,13,126,0,0,40.0143
1,14,126,0,0,40.0143
1,15,126,0,0,40.0142
1,16,126,0,0,40.0142
1,17,126,0,0,40.0141
1,18,126,0,0,40.0141
1,19,126,0,0,40.014
1,20,126,0,0,40.014
1,21,126,0,0,40.0139
1,22,126,0,0,40.0139
1,23,126,0,0,40.0138
1,24,126,0,0,40.0138
1,25,126,0,0,40.0137
1,26,126,0,0,40.0137
1,27,126,0,0,40.0136
1,28,126,0,0,40.0135
1,29,126,0,0,40.0135
1,30,126,0,0,40.0134
1,31,126,0,0,40.0134
1,32,126,0,0,40.0133
1,33,126,0,0,40.0132
1,34,126,0,0,40.0132
1,35,126,0,0,40.0131
1,36,126,0,0,40.013
1,37,126,0,0,40.013
1,38,126,0,0,40.0129
1,39,126,0,0,40.0129
1,40,126,0,0,40.0128
1,41,126,0,0,40.0127
1,42,126,0,0,40.0127
1,43,126,0,0,40.0126
1,44,126,0,0,40.0125
1,45,126,0,0,40.0125
1,46,126,0,0,40.0124
1,47,126,0,0,40.0124
1,48,126,0,0,40.0123
1,49,126,0,0,40.0122
1,50,126,0,0,40.0122
1,51,126,0,0,40.0121
1,52,126,0,0,40.0121
1,53,126,0,0,40.012
1,54,126,0,0,40.0119
1,55,126,0,0,40.0119
1,56,126,0,0,40.0118
1,57,126,0,0,40.0118
1,58,126,0,0,40.0117
1,59,126,0,0,40.0117
1,60,126,0,0,40.0116
1,61,126,0,0,40.0116
1,62,126,0,0,40.0115
1,63,126,0,0,40.0115
1,64,126,0,0,40.0114
1,65,126,0,0,40.0114
1,66,126,0,0,40.0113
1,67,126,0,0,40.0113
1,68,126,0,0,40.0112
1,69,126,0,0,40.0112
1,70,126,0,0,40.0111
1,71,126,0,0,40.0111
1,72,126,0,0,40.0111
1,73,126,0,0,40.011
1,74,126,0,0,40.011
1,75,126,0,0,40.0109
1,76,126,0,0,40.0109
1,77,126,0,0,40.0109
1,78,126,0,0,40.0108
1,79,126,0,0,40.0108
1,80,126,0,0,40.0108
1,81,126,0,0,40.0107
1,82,126,0,0,40.0107
1,83,126,0,0,40.0107
1,84,126,0,0,40.0106
1,85,126,0,0,40.0106
1,86,126,0,0,40.0106
1,87,126,0,0,40.0105
1,88,126,0,0,40.0105
1,89,126,0,0,40.0105
1,90,126,0,0,40.0105
1,91,126,0,0,40.0104
1,92,126,0,0,40.0104
1,93,126,0,0,40.0104
1,94,126,0,0,40.0104
1,95,126,0,0,40.0103
1,96,126,0,0,40.0103
1,97,126,0,0,40.0103
1,98,126,0,0,40.0103
1,99,126,0,0,40.0103
1,100,126,0,0,40.0102
1,101,126,0,0,40.0102
1,102,126,0,0,40.0102
1,103,126,0,0,40.0102
1,104,126,0,0,40.0102
1,105,126,0,0,40.0102
1,106,126,0,0,40.0101
1,107,126,0,0,40.0101
1,108,126,0,0,40.0101
1,109,126,0,0,40.0101
1,110,126,0,0,40.0101
1,111,126,0,0,40.0101
1,112,126,0,0,40.0101
1,113,126,0,0,40.0101
1,114,126,0,0,40.01
1,115,126,0,0,40.01
1,116,126,0,0,40.01
1,117,126,0,0,40.01
1,118,126,0,0,40.01
1,119,126,0,0,40.01
1,120,126,0,0,40.01
1,121,126,0,0,40.01
1,122,126,0,0,40.01
1,123,126,0,0,40.01
1,124,126,0,0,40.01
1,125,126,0,0,40.01
1,126,126,0,0,40.01
1,127,126,0,0,40.01
1,0,127,0,0,40.0145
1,1,127,0,0,40.0145
1,2,127,0,0,40.0144
1,3,127,0,0,40.0144
1,4,127,0,0,40.0144
1,5,127,0,0,40.0144
1,6,127,0,0,40.0144
1,7,127,0,0,40.0144
1,8,127,0,0,40.0143
1,9,127,0,0,40.0143
1,10,127,0,0,40.0143
1,11,127,0,0,40.0143
1,12,127,0,0,40.0142
1,13,127,0,0,40.0142
1,14,127,0,0,40.0142
1,15,127,0,0,40.0141
1,16,127,0,0,40.0141
1,17,127,0,0,40.014
1,18,127,0,0,40.014
1,19,127,0,0,40.0139
1,20,127,0,0,40.0139
1,21,127,0,0,40.0138
1,22,127,0,0,40.0138
1,23,127,0,0,40.0137
1,24,127,0,0,40.0137
1,25,127,0,0,40.0136
1,26,127,0,0,40.0136
1,27,127,0,0,40.0135
1,28,127,0,0,40.0135
1,29,127,0,0,40.0134
1,30,127,0,0,40.0133
1,31,127,0,0,40.0133
1,32,127,0,0,40.0132
1,33,127,0,0,40.0132
1,34,127,0,0,40.0131
1,35,127,0,0,40.013
1,36,127,0,0,40.013
1,37,127,0,0,40.0129
1,38,127,0,0,40.0128
1,39,127,0,0,40.0128
1,40,127,0,0,40.0127
1,41,127,0,0,40.0127
1,42,127,0,0,40.0126
1,43,127,0,0,40.0125
1,44,127,0,0,40.0125
1,45,127,0,0,40.0124
1,46,127,0,0,40.0123
1,47,127,0,0,40.0123
1,48,127,0,0,40.0122
1,49,127,0,0,40.0122
1,50,127,0,0,40.0121
1,51,127,0,0,40.012
1,52,127,0,0,40.012
1,53,127,0,0,40.0119
1,54,127,0,0,40.0119
1,55,127,0,0,40.0118
1,56,127,0,0,40.0118
1,57,127,0,0,40.0117
1,58,127,0,0,40.0116
1,59,127,0,0,40.0116
1,60,127,0,0,40.0115
1,61,127,0,0,40.0115
1,62,127,0,0,40.0114
1,63,127,0,0,40.0114
1,64,127,0,0,40.0113
1,65,127,0,0,40.0113
1,66,127,0,0,40.0113
1,67,127,0,0,40.0112
1,68,127,0,0,40.0112
1,69,127,0,0,40.0111
1,70,127,0,0,40.0111
1,71,127,0,0,40.011
1,72,127,0,0,40.011
1,73,127,0,0,40.011
1,74,127,0,0,40.0109
1,75,127,0,0,40.0109
1,76,127,0,0,40.0108
1,77,127,0,0,40.0108
1,78,127,0,0,40.0108
1,79,127,0,0,40.0107
1,80,127,0,0,40.0107
1,81,127,0,0,40.0107
1,82,127,0,0,40.0106
1,83,127,0,0,40.0106
1,84,127,0,0,40.0106
1,85,127,0,0,40.0105
1,86,127,0,0,40.0105
1,87,127,0,0,40.0105
1,88,127,0,0,40.0105
1,89,127,0,0,40.0104
1,90,127,0,0,40.0104
1,91,127,0,0,40.0104
1,92,127,0,0,40.0104
1,93,127,0,0,40.0103
1,94,127,0,0,40.0103
1,95,127,0,0,40.0103
1,96,127,0,0,40.0103
1,97,127,0,0,40.0102
1,98,127,0,0,40.0102
1,99,127,0,0,40.0102
1,100,127,0,0,40.0102
1,101,127,0,0,40.0102
1,102,127,0,0,40.0101
1,103,127,0,0,40.0101
1,104,127,0,0,40.0101
1,105,127,0,0,40.0101
1,106,127,0,0,40.0101
1,107,127,0,0,40.0101
1,108,127,0,0,40.0101
1,109,127,0,0,40.01
1,110,127,0,0,40.01
1,111,127,0,0,40.01
1,112,127,0,0,40.01
1,113,127,0,0,40.01
1,114,127,0,0,40.01
1,115,127,0,0,40.01
1,116,127,0,0,40.01
1,117,127,0,0,40.01
1,118,127,0,0,40.0099
1,119,127,0,0,40.0099
1,120,127,0,0,40.0099
1,121,127,0,0,40.0099
1,122,127,0,0,40.0099
1,123,127,0,0,40.0099
1,124,127,0,0,40.0099
1,125,127,0,0,40.0099
1,126,127,0,0,40.0099
1,127,127,0,0,40.0099
