rank_channel_index,x,y,z,power,temperature
0,0,0,0,0.055088,50.9096
0,1,0,0,0,48.0465
0,2,0,0,0,46.467
0,3,0,0,0,45.3761
0,4,0,0,0,44.5442
0,5,0,0,0,43.8817
0,6,0,0,0,43.3419
0,7,0,0,0,42.8952
0,8,0,0,0,42.5212
0,9,0,0,0,42.2052
0,10,0,0,0,41.936
0,11,0,0,0,41.7052
0,12,0,0,0,41.5061
0,13,0,0,0,41.3335
0,14,0,0,0,41.1833
0,15,0,0,0,41.0521
0,16,0,0,0,40.937
0,17,0,0,0,40.8359
0,18,0,0,0,40.7469
0,19,0,0,0,40.6682
0,20,0,0,0,40.5987
0,21,0,0,0,40.537
0,22,0,0,0,40.4823
0,23,0,0,0,40.4338
0,24,0,0,0,40.3906
0,25,0,0,0,40.3522
0,26,0,0,0,40.3181
0,27,0,0,0,40.2876
0,28,0,0,0,40.2606
0,29,0,0,0,40.2365
0,30,0,0,0,40.215
0,31,0,0,0,40.196
0,32,0,0,1.95742e-05,40.1792
0,33,0,0,0,40.1618
0,34,0,0,0,40.1462
0,35,0,0,0,40.1322
0,36,0,0,0,40.1196
0,37,0,0,0,40.1083
0,38,0,0,0,40.098
0,39,0,0,0,40.0888
0,40,0,0,0,40.0805
0,41,0,0,0,40.073
0,42,0,0,0,40.0662
0,43,0,0,0,40.0601
0,44,0,0,0,40.0546
0,45,0,0,0,40.0497
0,46,0,0,0,40.0453
0,47,0,0,0,40.0413
0,48,0,0,0,40.0377
0,49,0,0,0,40.0344
0,50,0,0,0,40.0315
0,51,0,0,0,40.029
0,52,0,0,0,40.0267
0,53,0,0,0,40.0246
0,54,0,0,0,40.0228
0,55,0,0,0,40.0212
0,56,0,0,0,40.0198
0,57,0,0,0,40.0186
0,58,0,0,0,40.0176
0,59,0,0,0,40.0167
0,60,0,0,0,40.016
0,61,0,0,0,40.0154
0,62,0,0,0,40.015
0,63,0,0,0,40.0147
0,0,1,0,1.95742e-05,48.0492
0,1,1,0,0,46.9502
0,2,1,0,0,45.8958
0,3,1,0,0,45.0209
0,4,1,0,0,44.3039
0,5,1,0,0,43.7118
0,6,1,0,0,43.2181
0,7,1,0,0,42.8029
0,8,1,0,0,42.4511
0,9,1,0,0,42.151
0,10,1,0,0,41.8935
0,11,1,0,0,41.6714
0,12,1,0,0,41.479
0,13,1,0,0,41.3116
0,14,1,0,0,41.1654
0,15,1,0,0,41.0373
0,16,1,0,0,40.9248
0,17,1,0,0,40.8258
0,18,1,0,0,40.7383
0,19,1,0,0,40.661
0,20,1,0,0,40.5926
0,21,1,0,0,40.5319
0,22,1,0,0,40.478
0,23,1,0,0,40.43
0,24,1,0,0,40.3874
0,25,1,0,0,40.3495
0,26,1,0,0,40.3157
0,27,1,0,0,40.2856
0,28,1,0,0,40.2589
0,29,1,0,0,40.2351
0,30,1,0,0,40.2139
0,31,1,0,0,40.1952
0,32,1,0,1.95742e-05,40.1787
0,33,1,0,0,40.1613
0,34,1,0,0,40.1457
0,35,1,0,0,40.1317
0,36,1,0,0,40.1191
0,37,1,0,0,40.1078
0,38,1,0,0,40.0976
0,39,1,0,0,40.0884
0,40,1,0,0,40.0801
0,41,1,0,0,40.0727
0,42,1,0,0,40.066
0,43,1,0,0,40.0599
0,44,1,0,0,40.0544
0,45,1,0,0,40.0495
0,46,1,0,0,40.0451
0,47,1,0,0,40.0411
0,48,1,0,0,40.0375
0,49,1,0,0,40.0343
0,50,1,0,0,40.0314
0,51,1,0,0,40.0289
0,52,1,0,0,40.0266
0,53,1,0,0,40.0245
0,54,1,0,0,40.0227
0,55,1,0,0,40.0211
0,56,1,0,0,40.0197
0,57,1,0,0,40.0185
0,58,1,0,0,40.0175
0,59,1,0,0,40.0167
0,60,1,0,0,40.016
0,61,1,0,0,40.0154
0,62,1,0,0,40.015
0,63,1,0,0,40.0147
0,0,2,0,1.95742e-05,46.472
0,1,2,0,0,45.8982
0,2,2,0,0,45.2167
0,3,2,0,0,44.5658
0,4,2,0,0,43.9863
0,5,2,0,0,43.4827
0,6,2,0,0,43.0486
0,7,2,0,0,42.6749
0,8,2,0,0,42.3528
0,9,2,0,0,42.0743
0,10,2,0,0,41.833
0,11,2,0,0,41.6231
0,12,2,0,0,41.44
0,13,2,0,0,41.2798
0,14,2,0,0,41.1393
0,15,2,0,0,41.0158
0,16,2,0,0,40.907
0,17,2,0,0,40.8108
0,18,2,0,0,40.7258
0,19,2,0,0,40.6505
0,20,2,0,0,40.5837
0,21,2,0,0,40.5243
0,22,2,0,0,40.4715
0,23,2,0,0,40.4245
0,24,2,0,0,40.3827
0,25,2,0,0,40.3454
0,26,2,0,0,40.3122
0,27,2,0,0,40.2827
0,28,2,0,0,40.2563
0,29,2,0,0,40.2329
0,30,2,0,0,40.2121
0,31,2,0,0,40.1937
0,32,2,0,1.95742e-05,40.1775
0,33,2,0,0,40.1602
0,34,2,0,0,40.1447
0,35,2,0,0,40.1308
0,36,2,0,0,40.1183
0,37,2,0,0,40.1071
0,38,2,0,0,40.097
0,39,2,0,0,40.0879
0,40,2,0,0,40.0796
0,41,2,0,0,40.0722
0,42,2,0,0,40.0656
0,43,2,0,0,40.0595
0,44,2,0,0,40.0541
0,45,2,0,0,40.0492
0,46,2,0,0,40.0448
0,47,2,0,0,40.0409
0,48,2,0,0,40.0373
0,49,2,0,0,40.0341
0,50,2,0,0,40.0313
0,51,2,0,0,40.0287
0,52,2,0,0,40.0264
0,53,2,0,0,40.0244
0,54,2,0,0,40.0226
0,55,2,0,0,40.021
0,56,2,0,0,40.0197
0,57,2,0,0,40.0185
0,58,2,0,0,40.0174
0,59,2,0,0,40.0166
0,60,2,0,0,40.0159
0,61,2,0,0,40.0153
0,62,2,0,0,40.0149
0,63,2,0,0,40.0147
0,0,3,0,1.95742e-05,45.3831
0,1,3,0,0,45.0253
0,2,3,0,0,44.5678
0,3,3,0,0,44.0906
0,4,3,0,0,43.6356
0,5,3,0,0,43.2204
0,6,3,0,0,42.8495
0,7,3,0,0,42.5215
0,8,3,0,0,42.2331
0,9,3,0,0,41.9799
0,10,3,0,0,41.7576
0,11,3,0,0,41.5624
0,12,3,0,0,41.3907
0,13,3,0,0,41.2395
0,14,3,0,0,41.1061
0,15,3,0,0,40.9883
0,16,3,0,0,40.884
0,17,3,0,0,40.7916
0,18,3,0,0,40.7097
0,19,3,0,0,40.6368
0,20,3,0,0,40.5721
0,21,3,0,0,40.5144
0,22,3,0,0,40.4631
0,23,3,0,0,40.4173
0,24,3,0,0,40.3765
0,25,3,0,0,40.3401
0,26,3,0,0,40.3077
0,27,3,0,0,40.2788
0,28,3,0,0,40.253
0,29,3,0,0,40.23
0,30,3,0,0,40.2097
0,31,3,0,0,40.1917
0,32,3,0,1.95742e-05,40.1758
0,33,3,0,0,40.1587
0,34,3,0,0,40.1434
0,35,3,0,0,40.1296
0,36,3,0,0,40.1173
0,37,3,0,0,40.1061
0,38,3,0,0,40.0961
0,39,3,0,0,40.0871
0,40,3,0,0,40.079
0,41,3,0,0,40.0716
0,42,3,0,0,40.065
0,43,3,0,0,40.0591
0,44,3,0,0,40.0537
0,45,3,0,0,40.0489
0,46,3,0,0,40.0445
0,47,3,0,0,40.0406
0,48,3,0,0,40.0371
0,49,3,0,0,40.0339
0,50,3,0,0,40.0311
0,51,3,0,0,40.0285
0,52,3,0,0,40.0263
0,53,3,0,0,40.0243
0,54,3,0,0,40.0225
0,55,3,0,0,40.0209
0,56,3,0,0,40.0196
0,57,3,0,0,40.0184
0,58,3,0,0,40.0174
0,59,3,0,0,40.0165
0,60,3,0,0,40.0158
0,61,3,0,0,40.0153
0,62,3,0,0,40.0148
0,63,3,0,0,40.0146
0,0,4,0,1.95742e-05,44.553
0,1,4,0,0,44.3101
0,2,4,0,0,43.9901
0,3,4,0,0,43.6375
0,4,4,0,0,43.2836
0,5,4,0,0,42.9467
0,6,4,0,0,42.6355
0,7,4,0,0,42.353
0,8,4,0,0,42.0993
0,9,4,0,0,41.8727
0,10,4,0,0,41.6711
0,11,4,0,0,41.4921
0,12,4,0,0,41.3332
0,13,4,0,0,41.1921
0,14,4,0,0,41.0669
0,15,4,0,0,40.9556
0,16,4,0,0,40.8566
0,17,4,0,0,40.7686
0,18,4,0,0,40.6902
0,19,4,0,0,40.6204
0,20,4,0,0,40.5581
0,21,4,0,0,40.5025
0,22,4,0,0,40.4529
0,23,4,0,0,40.4086
0,24,4,0,0,40.369
0,25,4,0,0,40.3337
0,26,4,0,0,40.3021
0,27,4,0,0,40.274
0,28,4,0,0,40.2489
0,29,4,0,0,40.2265
0,30,4,0,0,40.2066
0,31,4,0,0,40.189
0,32,4,0,1.95742e-05,40.1735
0,33,4,0,0,40.1567
0,34,4,0,0,40.1417
0,35,4,0,0,40.1281
0,36,4,0,0,40.1159
0,37,4,0,0,40.105
0,38,4,0,0,40.0951
0,39,4,0,0,40.0862
0,40,4,0,0,40.0782
0,41,4,0,0,40.0709
0,42,4,0,0,40.0644
0,43,4,0,0,40.0585
0,44,4,0,0,40.0532
0,45,4,0,0,40.0484
0,46,4,0,0,40.0441
0,47,4,0,0,40.0402
0,48,4,0,0,40.0368
0,49,4,0,0,40.0336
0,50,4,0,0,40.0308
0,51,4,0,0,40.0283
0,52,4,0,0,40.0261
0,53,4,0,0,40.0241
0,54,4,0,0,40.0223
0,55,4,0,0,40.0208
0,56,4,0,0,40.0194
0,57,4,0,0,40.0182
0,58,4,0,0,40.0172
0,59,4,0,0,40.0164
0,60,4,0,0,40.0157
0,61,4,0,0,40.0152
0,62,4,0,0,40.0148
0,63,4,0,0,40.0145
0,0,5,0,1.95742e-05,43.892
0,1,5,0,0,43.7195
0,2,5,0,0,43.4882
0,3,5,0,0,43.2238
0,4,5,0,0,42.9483
0,5,5,0,0,42.6768
0,6,5,0,0,42.4184
0,7,5,0,0,42.1781
0,8,5,0,0,41.9578
0,9,5,0,0,41.7577
0,10,5,0,0,41.5771
0,11,5,0,0,41.4149
0,12,5,0,0,41.2694
0,13,5,0,0,41.1392
0,14,5,0,0,41.0227
0,15,5,0,0,40.9186
0,16,5,0,0,40.8255
0,17,5,0,0,40.7424
0,18,5,0,0,40.668
0,19,5,0,0,40.6015
0,20,5,0,0,40.542
0,21,5,0,0,40.4887
0,22,5,0,0,40.4411
0,23,5,0,0,40.3985
0,24,5,0,0,40.3603
0,25,5,0,0,40.3262
0,26,5,0,0,40.2956
0,27,5,0,0,40.2684
0,28,5,0,0,40.244
0,29,5,0,0,40.2223
0,30,5,0,0,40.203
0,31,5,0,0,40.1859
0,32,5,0,1.95742e-05,40.1708
0,33,5,0,0,40.1544
0,34,5,0,0,40.1396
0,35,5,0,0,40.1263
0,36,5,0,0,40.1143
0,37,5,0,0,40.1036
0,38,5,0,0,40.0938
0,39,5,0,0,40.0851
0,40,5,0,0,40.0772
0,41,5,0,0,40.0701
0,42,5,0,0,40.0636
0,43,5,0,0,40.0578
0,44,5,0,0,40.0526
0,45,5,0,0,40.0479
0,46,5,0,0,40.0436
0,47,5,0,0,40.0398
0,48,5,0,0,40.0364
0,49,5,0,0,40.0333
0,50,5,0,0,40.0305
0,51,5,0,0,40.028
0,52,5,0,0,40.0258
0,53,5,0,0,40.0239
0,54,5,0,0,40.0221
0,55,5,0,0,40.0206
0,56,5,0,0,40.0192
0,57,5,0,0,40.0181
0,58,5,0,0,40.0171
0,59,5,0,0,40.0163
0,60,5,0,0,40.0156
0,61,5,0,0,40.015
0,62,5,0,0,40.0146
0,63,5,0,0,40.0144
0,0,6,0,1.95742e-05,43.3536
0,1,6,0,0,43.2272
0,2,6,0,0,43.0555
0,3,6,0,0,42.8543
0,4,6,0,0,42.6385
0,5,6,0,0,42.4199
0,6,6,0,0,42.2065
0,7,6,0,0,42.0036
0,8,6,0,0,41.814
0,9,6,0,0,41.639
0,10,6,0,0,41.4789
0,11,6,0,0,41.3332
0,12,6,0,0,41.2013
0,13,6,0,0,41.0822
0,14,6,0,0,40.9749
0,15,6,0,0,40.8783
0,16,6,0,0,40.7915
0,17,6,0,0,40.7135
0,18,6,0,0,40.6434
0,19,6,0,0,40.5805
0,20,6,0,0,40.524
0,21,6,0,0,40.4734
0,22,6,0,0,40.4279
0,23,6,0,0,40.3871
0,24,6,0,0,40.3505
0,25,6,0,0,40.3177
0,26,6,0,0,40.2883
0,27,6,0,0,40.262
0,28,6,0,0,40.2385
0,29,6,0,0,40.2175
0,30,6,0,0,40.1989
0,31,6,0,0,40.1823
0,32,6,0,1.95742e-05,40.1677
0,33,6,0,0,40.1516
0,34,6,0,0,40.1372
0,35,6,0,0,40.1242
0,36,6,0,0,40.1125
0,37,6,0,0,40.1019
0,38,6,0,0,40.0924
0,39,6,0,0,40.0838
0,40,6,0,0,40.0761
0,41,6,0,0,40.0691
0,42,6,0,0,40.0628
0,43,6,0,0,40.0571
0,44,6,0,0,40.0519
0,45,6,0,0,40.0473
0,46,6,0,0,40.0431
0,47,6,0,0,40.0393
0,48,6,0,0,40.0359
0,49,6,0,0,40.0329
0,50,6,0,0,40.0302
0,51,6,0,0,40.0277
0,52,6,0,0,40.0256
0,53,6,0,0,40.0236
0,54,6,0,0,40.0219
0,55,6,0,0,40.0204
0,56,6,0,0,40.0191
0,57,6,0,0,40.0179
0,58,6,0,0,40.0169
0,59,6,0,0,40.0161
0,60,6,0,0,40.0154
0,61,6,0,0,40.0149
0,62,6,0,0,40.0145
0,63,6,0,0,40.0142
0,0,7,0,1.95742e-05,42.9081
0,1,7,0,0,42.8133
0,2,7,0,0,42.6831
0,3,7,0,0,42.5277
0,4,7,0,0,42.3573
0,5,7,0,0,42.1808
0,6,7,0,0,42.0049
0,7,7,0,0,41.8343
0,8,7,0,0,41.6721
0,9,7,0,0,41.5201
0,10,7,0,0,41.3792
0,11,7,0,0,41.2495
0,12,7,0,0,41.1309
0,13,7,0,0,41.0228
0,14,7,0,0,40.9246
0,15,7,0,0,40.8357
0,16,7,0,0,40.7552
0,17,7,0,0,40.6826
0,18,7,0,0,40.617
0,19,7,0,0,40.5579
0,20,7,0,0,40.5046
0,21,7,0,0,40.4567
0,22,7,0,0,40.4135
0,23,7,0,0,40.3747
0,24,7,0,0,40.3397
0,25,7,0,0,40.3084
0,26,7,0,0,40.2802
0,27,7,0,0,40.255
0,28,7,0,0,40.2324
0,29,7,0,0,40.2122
0,30,7,0,0,40.1943
0,31,7,0,0,40.1783
0,32,7,0,1.95742e-05,40.1642
0,33,7,0,0,40.1486
0,34,7,0,0,40.1345
0,35,7,0,0,40.1218
0,36,7,0,0,40.1104
0,37,7,0,0,40.1001
0,38,7,0,0,40.0908
0,39,7,0,0,40.0824
0,40,7,0,0,40.0748
0,41,7,0,0,40.068
0,42,7,0,0,40.0618
0,43,7,0,0,40.0562
0,44,7,0,0,40.0511
0,45,7,0,0,40.0466
0,46,7,0,0,40.0425
0,47,7,0,0,40.0388
0,48,7,0,0,40.0355
0,49,7,0,0,40.0325
0,50,7,0,0,40.0298
0,51,7,0,0,40.0274
0,52,7,0,0,40.0252
0,53,7,0,0,40.0233
0,54,7,0,0,40.0216
0,55,7,0,0,40.0201
0,56,7,0,0,40.0188
0,57,7,0,0,40.0177
0,58,7,0,0,40.0167
0,59,7,0,0,40.0159
0,60,7,0,0,40.0153
0,61,7,0,0,40.0147
0,62,7,0,0,40.0144
0,63,7,0,0,40.0141
0,0,8,0,1.95742e-05,42.5353
0,1,8,0,0,42.4626
0,2,8,0,0,42.362
0,3,8,0,0,42.2404
0,4,8,0,0,42.1047
0,5,8,0,0,41.9616
0,6,8,0,0,41.8164
0,7,8,0,0,41.6732
0,8,8,0,0,41.535
0,9,8,0,0,41.4037
0,10,8,0,0,41.2803
0,11,8,0,0,41.1656
0,12,8,0,0,41.0596
0,13,8,0,0,40.9621
0,14,8,0,0,40.8729
0,15,8,0,0,40.7915
0,16,8,0,0,40.7175
0,17,8,0,0,40.6502
0,18,8,0,0,40.5892
0,19,8,0,0,40.534
0,20,8,0,0,40.484
0,21,8,0,0,40.4389
0,22,8,0,0,40.3981
0,23,8,0,0,40.3614
0,24,8,0,0,40.3282
0,25,8,0,0,40.2984
0,26,8,0,0,40.2715
0,27,8,0,0,40.2474
0,28,8,0,0,40.2258
0,29,8,0,0,40.2065
0,30,8,0,0,40.1892
0,31,8,0,0,40.1739
0,32,8,0,1.95742e-05,40.1603
0,33,8,0,0,40.1452
0,34,8,0,0,40.1316
0,35,8,0,0,40.1193
0,36,8,0,0,40.1081
0,37,8,0,0,40.0981
0,38,8,0,0,40.089
0,39,8,0,0,40.0808
0,40,8,0,0,40.0734
0,41,8,0,0,40.0667
0,42,8,0,0,40.0607
0,43,8,0,0,40.0552
0,44,8,0,0,40.0503
0,45,8,0,0,40.0458
0,46,8,0,0,40.0418
0,47,8,0,0,40.0382
0,48,8,0,0,40.0349
0,49,8,0,0,40.032
0,50,8,0,0,40.0294
0,51,8,0,0,40.027
0,52,8,0,0,40.0249
0,53,8,0,0,40.023
0,54,8,0,0,40.0214
0,55,8,0,0,40.0199
0,56,8,0,0,40.0186
0,57,8,0,0,40.0175
0,58,8,0,0,40.0165
0,59,8,0,0,40.0157
0,60,8,0,0,40.0151
0,61,8,0,0,40.0146
0,62,8,0,0,40.0142
0,63,8,0,0,40.0139
0,0,9,0,1.95742e-05,42.2203
0,1,9,0,0,42.1636
0,2,9,0,0,42.0846
0,3,9,0,0,41.9881
0,4,9,0,0,41.8792
0,5,9,0,0,41.7625
0,6,9,0,0,41.6424
0,7,9,0,0,41.5223
0,8,9,0,0,41.4047
0,9,9,0,0,41.2915
0,10,9,0,0,41.184
0,11,9,0,0,41.083
0,12,9,0,0,40.9887
0,13,9,0,0,40.9013
0,14,9,0,0,40.8207
0,15,9,0,0,40.7467
0,16,9,0,0,40.6789
0,17,9,0,0,40.617
0,18,9,0,0,40.5605
0,19,9,0,0,40.5092
0,20,9,0,0,40.4626
0,21,9,0,0,40.4203
0,22,9,0,0,40.382
0,23,9,0,0,40.3474
0,24,9,0,0,40.3161
0,25,9,0,0,40.2878
0,26,9,0,0,40.2623
0,27,9,0,0,40.2394
0,28,9,0,0,40.2188
0,29,9,0,0,40.2004
0,30,9,0,0,40.1839
0,31,9,0,0,40.1692
0,32,9,0,1.95742e-05,40.1562
0,33,9,0,0,40.1416
0,34,9,0,0,40.1284
0,35,9,0,0,40.1165
0,36,9,0,0,40.1057
0,37,9,0,0,40.0959
0,38,9,0,0,40.0871
0,39,9,0,0,40.0791
0,40,9,0,0,40.0719
0,41,9,0,0,40.0654
0,42,9,0,0,40.0595
0,43,9,0,0,40.0542
0,44,9,0,0,40.0494
0,45,9,0,0,40.045
0,46,9,0,0,40.0411
0,47,9,0,0,40.0375
0,48,9,0,0,40.0343
0,49,9,0,0,40.0315
0,50,9,0,0,40.0289
0,51,9,0,0,40.0266
0,52,9,0,0,40.0245
0,53,9,0,0,40.0227
0,54,9,0,0,40.021
0,55,9,0,0,40.0196
0,56,9,0,0,40.0183
0,57,9,0,0,40.0173
0,58,9,0,0,40.0163
0,59,9,0,0,40.0155
0,60,9,0,0,40.0149
0,61,9,0,0,40.0144
0,62,9,0,0,40.014
0,63,9,0,0,40.0138
0,0,10,0,1.95742e-05,41.952
0,1,10,0,0,41.9069
0,2,10,0,0,41.8441
0,3,10,0,0,41.7668
0,4,10,0,0,41.6785
0,5,10,0,0,41.5828
0,6,10,0,0,41.4832
0,7,10,0,0,41.3822
0,8,10,0,0,41.2822
0,9,10,0,0,41.1849
0,10,10,0,0,41.0915
0,11,10,0,0,41.0028
0,12,10,0,0,40.9193
0,13,10,0,0,40.8413
0,14,10,0,0,40.7688
0,15,10,0,0,40.7018
0,16,10,0,0,40.64
0,17,10,0,0,40.5833
0,18,10,0,0,40.5314
0,19,10,0,0,40.4839
0,20,10,0,0,40.4406
0,21,10,0,0,40.4012
0,22,10,0,0,40.3654
0,23,10,0,0,40.3329
0,24,10,0,0,40.3034
0,25,10,0,0,40.2768
0,26,10,0,0,40.2527
0,27,10,0,0,40.231
0,28,10,0,0,40.2114
0,29,10,0,0,40.1939
0,30,10,0,0,40.1782
0,31,10,0,0,40.1642
0,32,10,0,1.95742e-05,40.1519
0,33,10,0,0,40.1378
0,34,10,0,0,40.125
0,35,10,0,0,40.1135
0,36,10,0,0,40.1031
0,37,10,0,0,40.0936
0,38,10,0,0,40.0851
0,39,10,0,0,40.0773
0,40,10,0,0,40.0703
0,41,10,0,0,40.064
0,42,10,0,0,40.0583
0,43,10,0,0,40.0531
0,44,10,0,0,40.0484
0,45,10,0,0,40.0441
0,46,10,0,0,40.0403
0,47,10,0,0,40.0368
0,48,10,0,0,40.0337
0,49,10,0,0,40.0309
0,50,10,0,0,40.0284
0,51,10,0,0,40.0261
0,52,10,0,0,40.0241
0,53,10,0,0,40.0223
0,54,10,0,0,40.0207
0,55,10,0,0,40.0193
0,56,10,0,0,40.0181
0,57,10,0,0,40.017
0,58,10,0,0,40.0161
0,59,10,0,0,40.0153
0,60,10,0,0,40.0147
0,61,10,0,0,40.0142
0,62,10,0,0,40.0138
0,63,10,0,0,40.0136
0,0,11,0,1.95742e-05,41.7219
0,1,11,0,0,41.6856
0,2,11,0,0,41.635
0,3,11,0,0,41.5723
0,4,11,0,0,41.5002
0,5,11,0,0,41.4213
0,6,11,0,0,41.3383
0,7,11,0,0,41.2533
0,8,11,0,0,41.1682
0,9,11,0,0,41.0846
0,10,11,0,0,41.0036
0,11,11,0,0,40.9259
0,12,11,0,0,40.8522
0,13,11,0,0,40.7828
0,14,11,0,0,40.7179
0,15,11,0,0,40.6574
0,16,11,0,0,40.6014
0,17,11,0,0,40.5497
0,18,11,0,0,40.5021
0,19,11,0,0,40.4584
0,20,11,0,0,40.4184
0,21,11,0,0,40.3818
0,22,11,0,0,40.3484
0,23,11,0,0,40.3181
0,24,11,0,0,40.2905
0,25,11,0,0,40.2654
0,26,11,0,0,40.2427
0,27,11,0,0,40.2223
0,28,11,0,0,40.2038
0,29,11,0,0,40.1872
0,30,11,0,0,40.1723
0,31,11,0,0,40.1591
0,32,11,0,1.95742e-05,40.1473
0,33,11,0,0,40.1338
0,34,11,0,0,40.1215
0,35,11,0,0,40.1104
0,36,11,0,0,40.1003
0,37,11,0,0,40.0912
0,38,11,0,0,40.0829
0,39,11,0,0,40.0754
0,40,11,0,0,40.0686
0,41,11,0,0,40.0625
0,42,11,0,0,40.0569
0,43,11,0,0,40.0519
0,44,11,0,0,40.0473
0,45,11,0,0,40.0432
0,46,11,0,0,40.0395
0,47,11,0,0,40.0361
0,48,11,0,0,40.033
0,49,11,0,0,40.0303
0,50,11,0,0,40.0278
0,51,11,0,0,40.0256
0,52,11,0,0,40.0237
0,53,11,0,0,40.0219
0,54,11,0,0,40.0203
0,55,11,0,0,40.019
0,56,11,0,0,40.0178
0,57,11,0,0,40.0167
0,58,11,0,0,40.0158
0,59,11,0,0,40.0151
0,60,11,0,0,40.0145
0,61,11,0,0,40.014
0,62,11,0,0,40.0136
0,63,11,0,0,40.0134
0,0,12,0,1.95742e-05,41.5235
0,1,12,0,0,41.4939
0,2,12,0,0,41.4526
0,3,12,0,0,41.4013
0,4,12,0,0,41.3419
0,5,12,0,0,41.2765
0,6,12,0,0,41.2071
0,7,12,0,0,41.1353
0,8,12,0,0,41.0629
0,9,12,0,0,40.991
0,10,12,0,0,40.9207
0,11,12,0,0,40.8529
0,12,12,0,0,40.788
0,13,12,0,0,40.7264
0,14,12,0,0,40.6684
0,15,12,0,0,40.6141
0,16,12,0,0,40.5635
0,17,12,0,0,40.5165
0,18,12,0,0,40.473
0,19,12,0,0,40.4329
0,20,12,0,0,40.3961
0,21,12,0,0,40.3623
0,22,12,0,0,40.3313
0,23,12,0,0,40.3031
0,24,12,0,0,40.2773
0,25,12,0,0,40.2539
0,26,12,0,0,40.2326
0,27,12,0,0,40.2133
0,28,12,0,0,40.1959
0,29,12,0,0,40.1803
0,30,12,0,0,40.1662
0,31,12,0,0,40.1537
0,32,12,0,1.95742e-05,40.1426
0,33,12,0,0,40.1296
0,34,12,0,0,40.1178
0,35,12,0,0,40.1071
0,36,12,0,0,40.0974
0,37,12,0,0,40.0886
0,38,12,0,0,40.0807
0,39,12,0,0,40.0734
0,40,12,0,0,40.0669
0,41,12,0,0,40.0609
0,42,12,0,0,40.0555
0,43,12,0,0,40.0506
0,44,12,0,0,40.0462
0,45,12,0,0,40.0422
0,46,12,0,0,40.0386
0,47,12,0,0,40.0353
0,48,12,0,0,40.0323
0,49,12,0,0,40.0297
0,50,12,0,0,40.0273
0,51,12,0,0,40.0251
0,52,12,0,0,40.0232
0,53,12,0,0,40.0215
0,54,12,0,0,40.02
0,55,12,0,0,40.0186
0,56,12,0,0,40.0175
0,57,12,0,0,40.0164
0,58,12,0,0,40.0156
0,59,12,0,0,40.0148
0,60,12,0,0,40.0142
0,61,12,0,0,40.0138
0,62,12,0,0,40.0134
0,63,12,0,0,40.0132
0,0,13,0,1.95742e-05,41.3515
0,1,13,0,0,41.327
0,2,13,0,0,41.293
0,3,13,0,0,41.2506
0,4,13,0,0,41.2014
0,5,13,0,0,41.1469
0,6,13,0,0,41.0885
0,7,13,0,0,41.0278
0,8,13,0,0,40.966
0,9,13,0,0,40.9042
0,10,13,0,0,40.8433
0,11,13,0,0,40.7841
0,12,13,0,0,40.727
0,13,13,0,0,40.6725
0,14,13,0,0,40.6208
0,15,13,0,0,40.5722
0,16,13,0,0,40.5265
0,17,13,0,0,40.484
0,18,13,0,0,40.4444
0,19,13,0,0,40.4078
0,20,13,0,0,40.374
0,21,13,0,0,40.3428
0,22,13,0,0,40.3142
0,23,13,0,0,40.288
0,24,13,0,0,40.264
0,25,13,0,0,40.2422
0,26,13,0,0,40.2223
0,27,13,0,0,40.2043
0,28,13,0,0,40.188
0,29,13,0,0,40.1732
0,30,13,0,0,40.16
0,31,13,0,0,40.1482
0,32,13,0,1.95742e-05,40.1377
0,33,13,0,0,40.1253
0,34,13,0,0,40.114
0,35,13,0,0,40.1038
0,36,13,0,0,40.0945
0,37,13,0,0,40.086
0,38,13,0,0,40.0783
0,39,13,0,0,40.0714
0,40,13,0,0,40.065
0,41,13,0,0,40.0593
0,42,13,0,0,40.0541
0,43,13,0,0,40.0493
0,44,13,0,0,40.0451
0,45,13,0,0,40.0412
0,46,13,0,0,40.0377
0,47,13,0,0,40.0345
0,48,13,0,0,40.0316
0,49,13,0,0,40.029
0,50,13,0,0,40.0267
0,51,13,0,0,40.0246
0,52,13,0,0,40.0227
0,53,13,0,0,40.0211
0,54,13,0,0,40.0196
0,55,13,0,0,40.0183
0,56,13,0,0,40.0171
0,57,13,0,0,40.0161
0,58,13,0,0,40.0153
0,59,13,0,0,40.0146
0,60,13,0,0,40.014
0,61,13,0,0,40.0135
0,62,13,0,0,40.0132
0,63,13,0,0,40.0129
0,0,14,0,1.95742e-05,41.2017
0,1,14,0,0,41.1813
0,2,14,0,0,41.153
0,3,14,0,0,41.1177
0,4,14,0,0,41.0767
0,5,14,0,0,41.0309
0,6,14,0,0,40.9817
0,7,14,0,0,40.9301
0,8,14,0,0,40.8773
0,9,14,0,0,40.8241
0,10,14,0,0,40.7713
0,11,14,0,0,40.7196
0,12,14,0,0,40.6695
0,13,14,0,0,40.6213
0,14,14,0,0,40.5754
0,15,14,0,0,40.5319
0,16,14,0,0,40.4909
0,17,14,0,0,40.4524
0,18,14,0,0,40.4165
0,19,14,0,0,40.3832
0,20,14,0,0,40.3522
0,21,14,0,0,40.3236
0,22,14,0,0,40.2973
0,23,14,0,0,40.273
0,24,14,0,0,40.2508
0,25,14,0,0,40.2305
0,26,14,0,0,40.212
0,27,14,0,0,40.1952
0,28,14,0,0,40.1799
0,29,14,0,0,40.1661
0,30,14,0,0,40.1537
0,31,14,0,0,40.1427
0,32,14,0,1.95742e-05,40.1328
0,33,14,0,0,40.121
0,34,14,0,0,40.1102
0,35,14,0,0,40.1004
0,36,14,0,0,40.0914
0,37,14,0,0,40.0833
0,38,14,0,0,40.0759
0,39,14,0,0,40.0692
0,40,14,0,0,40.0631
0,41,14,0,0,40.0576
0,42,14,0,0,40.0526
0,43,14,0,0,40.048
0,44,14,0,0,40.0439
0,45,14,0,0,40.0401
0,46,14,0,0,40.0367
0,47,14,0,0,40.0336
0,48,14,0,0,40.0308
0,49,14,0,0,40.0283
0,50,14,0,0,40.0261
0,51,14,0,0,40.024
0,52,14,0,0,40.0222
0,53,14,0,0,40.0206
0,54,14,0,0,40.0192
0,55,14,0,0,40.0179
0,56,14,0,0,40.0168
0,57,14,0,0,40.0158
0,58,14,0,0,40.015
0,59,14,0,0,40.0143
0,60,14,0,0,40.0137
0,61,14,0,0,40.0133
0,62,14,0,0,40.0129
0,63,14,0,0,40.0127
0,0,15,0,1.95742e-05,41.0709
0,1,15,0,0,41.0536
0,2,15,0,0,41.0298
0,3,15,0,0,41.0003
0,4,15,0,0,40.9658
0,5,15,0,0,40.9272
0,6,15,0,0,40.8855
0,7,15,0,0,40.8416
0,8,15,0,0,40.7963
0,9,15,0,0,40.7504
0,10,15,0,0,40.7047
0,11,15,0,0,40.6595
0,12,15,0,0,40.6156
0,13,15,0,0,40.573
0,14,15,0,0,40.5323
0,15,15,0,0,40.4934
0,16,15,0,0,40.4567
0,17,15,0,0,40.422
0,18,15,0,0,40.3895
0,19,15,0,0,40.3592
0,20,15,0,0,40.331
0,21,15,0,0,40.3048
0,22,15,0,0,40.2806
0,23,15,0,0,40.2583
0,24,15,0,0,40.2378
0,25,15,0,0,40.2189
0,26,15,0,0,40.2018
0,27,15,0,0,40.1861
0,28,15,0,0,40.1719
0,29,15,0,0,40.159
0,30,15,0,0,40.1474
0,31,15,0,0,40.137
0,32,15,0,1.95742e-05,40.1278
0,33,15,0,0,40.1165
0,34,15,0,0,40.1063
0,35,15,0,0,40.0969
0,36,15,0,0,40.0883
0,37,15,0,0,40.0806
0,38,15,0,0,40.0735
0,39,15,0,0,40.0671
0,40,15,0,0,40.0612
0,41,15,0,0,40.0559
0,42,15,0,0,40.051
0,43,15,0,0,40.0466
0,44,15,0,0,40.0426
0,45,15,0,0,40.039
0,46,15,0,0,40.0357
0,47,15,0,0,40.0328
0,48,15,0,0,40.0301
0,49,15,0,0,40.0276
0,50,15,0,0,40.0254
0,51,15,0,0,40.0235
0,52,15,0,0,40.0217
0,53,15,0,0,40.0201
0,54,15,0,0,40.0187
0,55,15,0,0,40.0175
0,56,15,0,0,40.0164
0,57,15,0,0,40.0155
0,58,15,0,0,40.0147
0,59,15,0,0,40.014
0,60,15,0,0,40.0134
0,61,15,0,0,40.013
0,62,15,0,0,40.0127
0,63,15,0,0,40.0125
0,0,16,0,1.95742e-05,40.9562
0,1,16,0,0,40.9414
0,2,16,0,0,40.9213
0,3,16,0,0,40.8963
0,4,16,0,0,40.8672
0,5,16,0,0,40.8344
0,6,16,0,0,40.799
0,7,16,0,0,40.7614
0,8,16,0,0,40.7225
0,9,16,0,0,40.6829
0,10,16,0,0,40.6432
0,11,16,0,0,40.6038
0,12,16,0,0,40.5652
0,13,16,0,0,40.5277
0,14,16,0,0,40.4916
0,15,16,0,0,40.457
0,16,16,0,0,40.4241
0,17,16,0,0,40.3929
0,18,16,0,0,40.3636
0,19,16,0,0,40.3361
0,20,16,0,0,40.3104
0,21,16,0,0,40.2865
0,22,16,0,0,40.2643
0,23,16,0,0,40.2438
0,24,16,0,0,40.2249
0,25,16,0,0,40.2075
0,26,16,0,0,40.1916
0,27,16,0,0,40.1771
0,28,16,0,0,40.1639
0,29,16,0,0,40.1519
0,30,16,0,0,40.1411
0,31,16,0,0,40.1314
0,32,16,0,1.95742e-05,40.1229
0,33,16,0,0,40.1121
0,34,16,0,0,40.1023
0,35,16,0,0,40.0934
0,36,16,0,0,40.0852
0,37,16,0,0,40.0778
0,38,16,0,0,40.071
0,39,16,0,0,40.0649
0,40,16,0,0,40.0592
0,41,16,0,0,40.0541
0,42,16,0,0,40.0495
0,43,16,0,0,40.0452
0,44,16,0,0,40.0414
0,45,16,0,0,40.0379
0,46,16,0,0,40.0347
0,47,16,0,0,40.0319
0,48,16,0,0,40.0293
0,49,16,0,0,40.0269
0,50,16,0,0,40.0248
0,51,16,0,0,40.0229
0,52,16,0,0,40.0212
0,53,16,0,0,40.0197
0,54,16,0,0,40.0183
0,55,16,0,0,40.0171
0,56,16,0,0,40.0161
0,57,16,0,0,40.0151
0,58,16,0,0,40.0144
0,59,16,0,0,40.0137
0,60,16,0,0,40.0132
0,61,16,0,0,40.0127
0,62,16,0,0,40.0124
0,63,16,0,0,40.0122
0,0,17,0,1.95742e-05,40.8553
0,1,17,0,0,40.8426
0,2,17,0,0,40.8254
0,3,17,0,0,40.8042
0,4,17,0,0,40.7794
0,5,17,0,0,40.7515
0,6,17,0,0,40.7212
0,7,17,0,0,40.689
0,8,17,0,0,40.6555
0,9,17,0,0,40.6212
0,10,17,0,0,40.5867
0,11,17,0,0,40.5523
0,12,17,0,0,40.5185
0,13,17,0,0,40.4854
0,14,17,0,0,40.4534
0,15,17,0,0,40.4226
0,16,17,0,0,40.3931
0,17,17,0,0,40.3652
0,18,17,0,0,40.3387
0,19,17,0,0,40.3139
0,20,17,0,0,40.2905
0,21,17,0,0,40.2688
0,22,17,0,0,40.2485
0,23,17,0,0,40.2297
0,24,17,0,0,40.2123
0,25,17,0,0,40.1963
0,26,17,0,0,40.1816
0,27,17,0,0,40.1682
0,28,17,0,0,40.156
0,29,17,0,0,40.1449
0,30,17,0,0,40.1348
0,31,17,0,0,40.1259
0,32,17,0,1.95742e-05,40.1179
0,33,17,0,0,40.1077
0,34,17,0,0,40.0984
0,35,17,0,0,40.0899
0,36,17,0,0,40.0821
0,37,17,0,0,40.075
0,38,17,0,0,40.0685
0,39,17,0,0,40.0627
0,40,17,0,0,40.0573
0,41,17,0,0,40.0524
0,42,17,0,0,40.0479
0,43,17,0,0,40.0438
0,44,17,0,0,40.0401
0,45,17,0,0,40.0368
0,46,17,0,0,40.0337
0,47,17,0,0,40.031
0,48,17,0,0,40.0284
0,49,17,0,0,40.0262
0,50,17,0,0,40.0241
0,51,17,0,0,40.0223
0,52,17,0,0,40.0206
0,53,17,0,0,40.0192
0,54,17,0,0,40.0179
0,55,17,0,0,40.0167
0,56,17,0,0,40.0157
0,57,17,0,0,40.0148
0,58,17,0,0,40.014
0,59,17,0,0,40.0134
0,60,17,0,0,40.0129
0,61,17,0,0,40.0125
0,62,17,0,0,40.0121
0,63,17,0,0,40.0119
0,0,18,0,1.95742e-05,40.7664
0,1,18,0,0,40.7553
0,2,18,0,0,40.7406
0,3,18,0,0,40.7224
0,4,18,0,0,40.7011
0,5,18,0,0,40.6773
0,6,18,0,0,40.6513
0,7,18,0,0,40.6236
0,8,18,0,0,40.5947
0,9,18,0,0,40.565
0,10,18,0,0,40.5349
0,11,18,0,0,40.5049
0,12,18,0,0,40.4751
0,13,18,0,0,40.446
0,14,18,0,0,40.4176
0,15,18,0,0,40.3902
0,16,18,0,0,40.3639
0,17,18,0,0,40.3389
0,18,18,0,0,40.3151
0,19,18,0,0,40.2926
0,20,18,0,0,40.2715
0,21,18,0,0,40.2517
0,22,18,0,0,40.2332
0,23,18,0,0,40.2161
0,24,18,0,0,40.2001
0,25,18,0,0,40.1854
0,26,18,0,0,40.1719
0,27,18,0,0,40.1595
0,28,18,0,0,40.1482
0,29,18,0,0,40.1379
0,30,18,0,0,40.1287
0,31,18,0,0,40.1204
0,32,18,0,1.95742e-05,40.113
0,33,18,0,0,40.1033
0,34,18,0,0,40.0945
0,35,18,0,0,40.0864
0,36,18,0,0,40.079
0,37,18,0,0,40.0722
0,38,18,0,0,40.0661
0,39,18,0,0,40.0604
0,40,18,0,0,40.0553
0,41,18,0,0,40.0506
0,42,18,0,0,40.0463
0,43,18,0,0,40.0424
0,44,18,0,0,40.0389
0,45,18,0,0,40.0356
0,46,18,0,0,40.0327
0,47,18,0,0,40.03
0,48,18,0,0,40.0276
0,49,18,0,0,40.0254
0,50,18,0,0,40.0235
0,51,18,0,0,40.0217
0,52,18,0,0,40.0201
0,53,18,0,0,40.0187
0,54,18,0,0,40.0174
0,55,18,0,0,40.0163
0,56,18,0,0,40.0153
0,57,18,0,0,40.0144
0,58,18,0,0,40.0137
0,59,18,0,0,40.0131
0,60,18,0,0,40.0126
0,61,18,0,0,40.0122
0,62,18,0,0,40.0119
0,63,18,0,0,40.0117
0,0,19,0,1.95742e-05,40.6879
0,1,19,0,0,40.6781
0,2,19,0,0,40.6653
0,3,19,0,0,40.6496
0,4,19,0,0,40.6313
0,5,19,0,0,40.6108
0,6,19,0,0,40.5884
0,7,19,0,0,40.5645
0,8,19,0,0,40.5395
0,9,19,0,0,40.5137
0,10,19,0,0,40.4875
0,11,19,0,0,40.4612
0,12,19,0,0,40.4351
0,13,19,0,0,40.4094
0,14,19,0,0,40.3843
0,15,19,0,0,40.3599
0,16,19,0,0,40.3365
0,17,19,0,0,40.3141
0,18,19,0,0,40.2927
0,19,19,0,0,40.2724
0,20,19,0,0,40.2533
0,21,19,0,0,40.2354
0,22,19,0,0,40.2186
0,23,19,0,0,40.2029
0,24,19,0,0,40.1883
0,25,19,0,0,40.1749
0,26,19,0,0,40.1624
0,27,19,0,0,40.151
0,28,19,0,0,40.1406
0,29,19,0,0,40.1312
0,30,19,0,0,40.1226
0,31,19,0,0,40.1149
0,32,19,0,1.95742e-05,40.1081
0,33,19,0,0,40.099
0,34,19,0,0,40.0906
0,35,19,0,0,40.0829
0,36,19,0,0,40.0759
0,37,19,0,0,40.0695
0,38,19,0,0,40.0636
0,39,19,0,0,40.0582
0,40,19,0,0,40.0533
0,41,19,0,0,40.0488
0,42,19,0,0,40.0447
0,43,19,0,0,40.041
0,44,19,0,0,40.0376
0,45,19,0,0,40.0345
0,46,19,0,0,40.0317
0,47,19,0,0,40.0291
0,48,19,0,0,40.0268
0,49,19,0,0,40.0247
0,50,19,0,0,40.0228
0,51,19,0,0,40.0211
0,52,19,0,0,40.0195
0,53,19,0,0,40.0182
0,54,19,0,0,40.0169
0,55,19,0,0,40.0159
0,56,19,0,0,40.0149
0,57,19,0,0,40.0141
0,58,19,0,0,40.0134
0,59,19,0,0,40.0128
0,60,19,0,0,40.0123
0,61,19,0,0,40.0119
0,62,19,0,0,40.0116
0,63,19,0,0,40.0114
0,0,20,0,1.95742e-05,40.6183
0,1,20,0,0,40.6097
0,2,20,0,0,40.5985
0,3,20,0,0,40.5849
0,4,20,0,0,40.5691
0,5,20,0,0,40.5513
0,6,20,0,0,40.532
0,7,20,0,0,40.5113
0,8,20,0,0,40.4895
0,9,20,0,0,40.4671
0,10,20,0,0,40.4442
0,11,20,0,0,40.4212
0,12,20,0,0,40.3982
0,13,20,0,0,40.3756
0,14,20,0,0,40.3533
0,15,20,0,0,40.3317
0,16,20,0,0,40.3108
0,17,20,0,0,40.2907
0,18,20,0,0,40.2716
0,19,20,0,0,40.2533
0,20,20,0,0,40.2361
0,21,20,0,0,40.2198
0,22,20,0,0,40.2045
0,23,20,0,0,40.1903
0,24,20,0,0,40.177
0,25,20,0,0,40.1647
0,26,20,0,0,40.1533
0,27,20,0,0,40.1428
0,28,20,0,0,40.1332
0,29,20,0,0,40.1245
0,30,20,0,0,40.1167
0,31,20,0,0,40.1096
0,32,20,0,1.95742e-05,40.1034
0,33,20,0,0,40.0947
0,34,20,0,0,40.0868
0,35,20,0,0,40.0795
0,36,20,0,0,40.0728
0,37,20,0,0,40.0667
0,38,20,0,0,40.0611
0,39,20,0,0,40.056
0,40,20,0,0,40.0513
0,41,20,0,0,40.047
0,42,20,0,0,40.0431
0,43,20,0,0,40.0396
0,44,20,0,0,40.0363
0,45,20,0,0,40.0333
0,46,20,0,0,40.0306
0,47,20,0,0,40.0282
0,48,20,0,0,40.0259
0,49,20,0,0,40.0239
0,50,20,0,0,40.0221
0,51,20,0,0,40.0205
0,52,20,0,0,40.019
0,53,20,0,0,40.0176
0,54,20,0,0,40.0165
0,55,20,0,0,40.0154
0,56,20,0,0,40.0145
0,57,20,0,0,40.0137
0,58,20,0,0,40.013
0,59,20,0,0,40.0124
0,60,20,0,0,40.012
0,61,20,0,0,40.0116
0,62,20,0,0,40.0113
0,63,20,0,0,40.0111
0,0,21,0,1.95742e-05,40.5566
0,1,21,0,0,40.5489
0,2,21,0,0,40.539
0,3,21,0,0,40.5272
0,4,21,0,0,40.5134
0,5,21,0,0,40.498
0,6,21,0,0,40.4812
0,7,21,0,0,40.4632
0,8,21,0,0,40.4443
0,9,21,0,0,40.4247
0,10,21,0,0,40.4047
0,11,21,0,0,40.3845
0,12,21,0,0,40.3643
0,13,21,0,0,40.3443
0,14,21,0,0,40.3246
0,15,21,0,0,40.3054
0,16,21,0,0,40.2868
0,17,21,0,0,40.2689
0,18,21,0,0,40.2517
0,19,21,0,0,40.2353
0,20,21,0,0,40.2197
0,21,21,0,0,40.205
0,22,21,0,0,40.1911
0,23,21,0,0,40.1782
0,24,21,0,0,40.1661
0,25,21,0,0,40.1548
0,26,21,0,0,40.1444
0,27,21,0,0,40.1349
0,28,21,0,0,40.1261
0,29,21,0,0,40.1181
0,30,21,0,0,40.1109
0,31,21,0,0,40.1044
0,32,21,0,1.95742e-05,40.0987
0,33,21,0,0,40.0905
0,34,21,0,0,40.083
0,35,21,0,0,40.0761
0,36,21,0,0,40.0698
0,37,21,0,0,40.064
0,38,21,0,0,40.0587
0,39,21,0,0,40.0538
0,40,21,0,0,40.0494
0,41,21,0,0,40.0453
0,42,21,0,0,40.0416
0,43,21,0,0,40.0381
0,44,21,0,0,40.035
0,45,21,0,0,40.0322
0,46,21,0,0,40.0296
0,47,21,0,0,40.0272
0,48,21,0,0,40.0251
0,49,21,0,0,40.0232
0,50,21,0,0,40.0214
0,51,21,0,0,40.0198
0,52,21,0,0,40.0184
0,53,21,0,0,40.0171
0,54,21,0,0,40.016
0,55,21,0,0,40.015
0,56,21,0,0,40.0141
0,57,21,0,0,40.0133
0,58,21,0,0,40.0127
0,59,21,0,0,40.0121
0,60,21,0,0,40.0117
0,61,21,0,0,40.0113
0,62,21,0,0,40.011
0,63,21,0,0,40.0108
0,0,22,0,1.95742e-05,40.5018
0,1,22,0,0,40.4949
0,2,22,0,0,40.4861
0,3,22,0,0,40.4757
0,4,22,0,0,40.4637
0,5,22,0,0,40.4502
0,6,22,0,0,40.4356
0,7,22,0,0,40.4199
0,8,22,0,0,40.4034
0,9,22,0,0,40.3863
0,10,22,0,0,40.3688
0,11,22,0,0,40.351
0,12,22,0,0,40.3332
0,13,22,0,0,40.3155
0,14,22,0,0,40.2981
0,15,22,0,0,40.281
0,16,22,0,0,40.2645
0,17,22,0,0,40.2484
0,18,22,0,0,40.233
0,19,22,0,0,40.2183
0,20,22,0,0,40.2043
0,21,22,0,0,40.191
0,22,22,0,0,40.1784
0,23,22,0,0,40.1667
0,24,22,0,0,40.1557
0,25,22,0,0,40.1455
0,26,22,0,0,40.136
0,27,22,0,0,40.1272
0,28,22,0,0,40.1192
0,29,22,0,0,40.1119
0,30,22,0,0,40.1053
0,31,22,0,0,40.0994
0,32,22,0,1.95742e-05,40.0942
0,33,22,0,0,40.0865
0,34,22,0,0,40.0794
0,35,22,0,0,40.0728
0,36,22,0,0,40.0669
0,37,22,0,0,40.0614
0,38,22,0,0,40.0563
0,39,22,0,0,40.0517
0,40,22,0,0,40.0474
0,41,22,0,0,40.0436
0,42,22,0,0,40.04
0,43,22,0,0,40.0367
0,44,22,0,0,40.0338
0,45,22,0,0,40.0311
0,46,22,0,0,40.0286
0,47,22,0,0,40.0263
0,48,22,0,0,40.0243
0,49,22,0,0,40.0224
0,50,22,0,0,40.0207
0,51,22,0,0,40.0192
0,52,22,0,0,40.0178
0,53,22,0,0,40.0166
0,54,22,0,0,40.0155
0,55,22,0,0,40.0146
0,56,22,0,0,40.0137
0,57,22,0,0,40.013
0,58,22,0,0,40.0123
0,59,22,0,0,40.0118
0,60,22,0,0,40.0113
0,61,22,0,0,40.011
0,62,22,0,0,40.0107
0,63,22,0,0,40.0106
0,0,23,0,1.95742e-05,40.453
0,1,23,0,0,40.4467
0,2,23,0,0,40.4389
0,3,23,0,0,40.4297
0,4,23,0,0,40.4191
0,5,23,0,0,40.4074
0,6,23,0,0,40.3945
0,7,23,0,0,40.3808
0,8,23,0,0,40.3664
0,9,23,0,0,40.3514
0,10,23,0,0,40.336
0,11,23,0,0,40.3204
0,12,23,0,0,40.3047
0,13,23,0,0,40.2891
0,14,23,0,0,40.2736
0,15,23,0,0,40.2585
0,16,23,0,0,40.2437
0,17,23,0,0,40.2294
0,18,23,0,0,40.2156
0,19,23,0,0,40.2023
0,20,23,0,0,40.1897
0,21,23,0,0,40.1777
0,22,23,0,0,40.1664
0,23,23,0,0,40.1558
0,24,23,0,0,40.1458
0,25,23,0,0,40.1365
0,26,23,0,0,40.1279
0,27,23,0,0,40.1199
0,28,23,0,0,40.1126
0,29,23,0,0,40.1059
0,30,23,0,0,40.0999
0,31,23,0,0,40.0945
0,32,23,0,1.95742e-05,40.0898
0,33,23,0,0,40.0825
0,34,23,0,0,40.0758
0,35,23,0,0,40.0696
0,36,23,0,0,40.064
0,37,23,0,0,40.0588
0,38,23,0,0,40.054
0,39,23,0,0,40.0496
0,40,23,0,0,40.0455
0,41,23,0,0,40.0419
0,42,23,0,0,40.0385
0,43,23,0,0,40.0354
0,44,23,0,0,40.0325
0,45,23,0,0,40.0299
0,46,23,0,0,40.0276
0,47,23,0,0,40.0254
0,48,23,0,0,40.0234
0,49,23,0,0,40.0217
0,50,23,0,0,40.0201
0,51,23,0,0,40.0186
0,52,23,0,0,40.0173
0,53,23,0,0,40.0161
0,54,23,0,0,40.0151
0,55,23,0,0,40.0141
0,56,23,0,0,40.0133
0,57,23,0,0,40.0126
0,58,23,0,0,40.012
0,59,23,0,0,40.0115
0,60,23,0,0,40.011
0,61,23,0,0,40.0107
0,62,23,0,0,40.0105
0,63,23,0,0,40.0103
0,0,24,0,1.95742e-05,40.4096
0,1,24,0,0,40.4038
0,2,24,0,0,40.3968
0,3,24,0,0,40.3886
0,4,24,0,0,40.3793
0,5,24,0,0,40.3689
0,6,24,0,0,40.3576
0,7,24,0,0,40.3456
0,8,24,0,0,40.3329
0,9,24,0,0,40.3197
0,10,24,0,0,40.3062
0,11,24,0,0,40.2924
0,12,24,0,0,40.2786
0,13,24,0,0,40.2648
0,14,24,0,0,40.2511
0,15,24,0,0,40.2376
0,16,24,0,0,40.2244
0,17,24,0,0,40.2117
0,18,24,0,0,40.1993
0,19,24,0,0,40.1874
0,20,24,0,0,40.1761
0,21,24,0,0,40.1653
0,22,24,0,0,40.1551
0,23,24,0,0,40.1454
0,24,24,0,0,40.1364
0,25,24,0,0,40.128
0,26,24,0,0,40.1201
0,27,24,0,0,40.1129
0,28,24,0,0,40.1062
0,29,24,0,0,40.1002
0,30,24,0,0,40.0947
0,31,24,0,0,40.0899
0,32,24,0,1.95742e-05,40.0856
0,33,24,0,0,40.0787
0,34,24,0,0,40.0724
0,35,24,0,0,40.0665
0,36,24,0,0,40.0612
0,37,24,0,0,40.0562
0,38,24,0,0,40.0517
0,39,24,0,0,40.0475
0,40,24,0,0,40.0437
0,41,24,0,0,40.0402
0,42,24,0,0,40.037
0,43,24,0,0,40.034
0,44,24,0,0,40.0313
0,45,24,0,0,40.0288
0,46,24,0,0,40.0266
0,47,24,0,0,40.0245
0,48,24,0,0,40.0226
0,49,24,0,0,40.0209
0,50,24,0,0,40.0194
0,51,24,0,0,40.018
0,52,24,0,0,40.0167
0,53,24,0,0,40.0156
0,54,24,0,0,40.0146
0,55,24,0,0,40.0137
0,56,24,0,0,40.0129
0,57,24,0,0,40.0122
0,58,24,0,0,40.0116
0,59,24,0,0,40.0111
0,60,24,0,0,40.0107
0,61,24,0,0,40.0104
0,62,24,0,0,40.0102
0,63,24,0,0,40.01
0,0,25,0,1.95742e-05,40.3708
0,1,25,0,0,40.3655
0,2,25,0,0,40.3592
0,3,25,0,0,40.3518
0,4,25,0,0,40.3435
0,5,25,0,0,40.3344
0,6,25,0,0,40.3244
0,7,25,0,0,40.3138
0,8,25,0,0,40.3026
0,9,25,0,0,40.291
0,10,25,0,0,40.2791
0,11,25,0,0,40.267
0,12,25,0,0,40.2547
0,13,25,0,0,40.2425
0,14,25,0,0,40.2303
0,15,25,0,0,40.2184
0,16,25,0,0,40.2066
0,17,25,0,0,40.1952
0,18,25,0,0,40.1842
0,19,25,0,0,40.1735
0,20,25,0,0,40.1633
0,21,25,0,0,40.1536
0,22,25,0,0,40.1444
0,23,25,0,0,40.1357
0,24,25,0,0,40.1275
0,25,25,0,0,40.1199
0,26,25,0,0,40.1128
0,27,25,0,0,40.1062
0,28,25,0,0,40.1002
0,29,25,0,0,40.0947
0,30,25,0,0,40.0898
0,31,25,0,0,40.0854
0,32,25,0,1.95742e-05,40.0815
0,33,25,0,0,40.075
0,34,25,0,0,40.069
0,35,25,0,0,40.0635
0,36,25,0,0,40.0584
0,37,25,0,0,40.0538
0,38,25,0,0,40.0495
0,39,25,0,0,40.0455
0,40,25,0,0,40.0419
0,41,25,0,0,40.0385
0,42,25,0,0,40.0355
0,43,25,0,0,40.0327
0,44,25,0,0,40.0301
0,45,25,0,0,40.0277
0,46,25,0,0,40.0256
0,47,25,0,0,40.0236
0,48,25,0,0,40.0218
0,49,25,0,0,40.0202
0,50,25,0,0,40.0187
0,51,25,0,0,40.0174
0,52,25,0,0,40.0162
0,53,25,0,0,40.0151
0,54,25,0,0,40.0141
0,55,25,0,0,40.0133
0,56,25,0,0,40.0125
0,57,25,0,0,40.0119
0,58,25,0,0,40.0113
0,59,25,0,0,40.0108
0,60,25,0,0,40.0104
0,61,25,0,0,40.0101
0,62,25,0,0,40.0099
0,63,25,0,0,40.0097
0,0,26,0,1.95742e-05,40.3362
0,1,26,0,0,40.3313
0,2,26,0,0,40.3255
0,3,26,0,0,40.3189
0,4,26,0,0,40.3115
0,5,26,0,0,40.3033
0,6,26,0,0,40.2945
0,7,26,0,0,40.2851
0,8,26,0,0,40.2753
0,9,26,0,0,40.265
0,10,26,0,0,40.2545
0,11,26,0,0,40.2438
0,12,26,0,0,40.2329
0,13,26,0,0,40.2221
0,14,26,0,0,40.2113
0,15,26,0,0,40.2006
0,16,26,0,0,40.1902
0,17,26,0,0,40.18
0,18,26,0,0,40.1701
0,19,26,0,0,40.1606
0,20,26,0,0,40.1514
0,21,26,0,0,40.1427
0,22,26,0,0,40.1344
0,23,26,0,0,40.1265
0,24,26,0,0,40.1191
0,25,26,0,0,40.1122
0,26,26,0,0,40.1058
0,27,26,0,0,40.0999
0,28,26,0,0,40.0944
0,29,26,0,0,40.0895
0,30,26,0,0,40.085
0,31,26,0,0,40.081
0,32,26,0,1.95742e-05,40.0776
0,33,26,0,0,40.0715
0,34,26,0,0,40.0658
0,35,26,0,0,40.0606
0,36,26,0,0,40.0558
0,37,26,0,0,40.0514
0,38,26,0,0,40.0473
0,39,26,0,0,40.0436
0,40,26,0,0,40.0401
0,41,26,0,0,40.037
0,42,26,0,0,40.034
0,43,26,0,0,40.0314
0,44,26,0,0,40.0289
0,45,26,0,0,40.0267
0,46,26,0,0,40.0246
0,47,26,0,0,40.0227
0,48,26,0,0,40.021
0,49,26,0,0,40.0195
0,50,26,0,0,40.0181
0,51,26,0,0,40.0168
0,52,26,0,0,40.0156
0,53,26,0,0,40.0146
0,54,26,0,0,40.0137
0,55,26,0,0,40.0128
0,56,26,0,0,40.0121
0,57,26,0,0,40.0115
0,58,26,0,0,40.0109
0,59,26,0,0,40.0105
0,60,26,0,0,40.0101
0,61,26,0,0,40.0098
0,62,26,0,0,40.0096
0,63,26,0,0,40.0094
0,0,27,0,1.95742e-05,40.3053
0,1,27,0,0,40.3007
0,2,27,0,0,40.2954
0,3,27,0,0,40.2894
0,4,27,0,0,40.2827
0,5,27,0,0,40.2754
0,6,27,0,0,40.2676
0,7,27,0,0,40.2593
0,8,27,0,0,40.2506
0,9,27,0,0,40.2415
0,10,27,0,0,40.2321
0,11,27,0,0,40.2226
0,12,27,0,0,40.213
0,13,27,0,0,40.2034
0,14,27,0,0,40.1938
0,15,27,0,0,40.1843
0,16,27,0,0,40.175
0,17,27,0,0,40.1659
0,18,27,0,0,40.1571
0,19,27,0,0,40.1485
0,20,27,0,0,40.1403
0,21,27,0,0,40.1325
0,22,27,0,0,40.125
0,23,27,0,0,40.1179
0,24,27,0,0,40.1113
0,25,27,0,0,40.105
0,26,27,0,0,40.0992
0,27,27,0,0,40.0939
0,28,27,0,0,40.0889
0,29,27,0,0,40.0845
0,30,27,0,0,40.0805
0,31,27,0,0,40.0769
0,32,27,0,1.95742e-05,40.0738
0,33,27,0,0,40.0681
0,34,27,0,0,40.0627
0,35,27,0,0,40.0578
0,36,27,0,0,40.0533
0,37,27,0,0,40.0491
0,38,27,0,0,40.0452
0,39,27,0,0,40.0417
0,40,27,0,0,40.0384
0,41,27,0,0,40.0354
0,42,27,0,0,40.0326
0,43,27,0,0,40.0301
0,44,27,0,0,40.0278
0,45,27,0,0,40.0256
0,46,27,0,0,40.0237
0,47,27,0,0,40.0219
0,48,27,0,0,40.0202
0,49,27,0,0,40.0188
0,50,27,0,0,40.0174
0,51,27,0,0,40.0162
0,52,27,0,0,40.0151
0,53,27,0,0,40.0141
0,54,27,0,0,40.0132
0,55,27,0,0,40.0124
0,56,27,0,0,40.0117
0,57,27,0,0,40.0111
0,58,27,0,0,40.0106
0,59,27,0,0,40.0102
0,60,27,0,0,40.0098
0,61,27,0,0,40.0095
0,62,27,0,0,40.0093
0,63,27,0,0,40.0092
0,0,28,0,1.95742e-05,40.2776
0,1,28,0,0,40.2733
0,2,28,0,0,40.2684
0,3,28,0,0,40.2629
0,4,28,0,0,40.2569
0,5,28,0,0,40.2504
0,6,28,0,0,40.2434
0,7,28,0,0,40.236
0,8,28,0,0,40.2282
0,9,28,0,0,40.2201
0,10,28,0,0,40.2119
0,11,28,0,0,40.2034
0,12,28,0,0,40.1949
0,13,28,0,0,40.1863
0,14,28,0,0,40.1778
0,15,28,0,0,40.1693
0,16,28,0,0,40.161
0,17,28,0,0,40.1529
0,18,28,0,0,40.145
0,19,28,0,0,40.1373
0,20,28,0,0,40.13
0,21,28,0,0,40.1229
0,22,28,0,0,40.1162
0,23,28,0,0,40.1098
0,24,28,0,0,40.1039
0,25,28,0,0,40.0982
0,26,28,0,0,40.093
0,27,28,0,0,40.0882
0,28,28,0,0,40.0838
0,29,28,0,0,40.0797
0,30,28,0,0,40.0761
0,31,28,0,0,40.073
0,32,28,0,1.95742e-05,40.0703
0,33,28,0,0,40.0648
0,34,28,0,0,40.0598
0,35,28,0,0,40.0551
0,36,28,0,0,40.0508
0,37,28,0,0,40.0469
0,38,28,0,0,40.0432
0,39,28,0,0,40.0399
0,40,28,0,0,40.0368
0,41,28,0,0,40.0339
0,42,28,0,0,40.0313
0,43,28,0,0,40.0289
0,44,28,0,0,40.0266
0,45,28,0,0,40.0246
0,46,28,0,0,40.0228
0,47,28,0,0,40.021
0,48,28,0,0,40.0195
0,49,28,0,0,40.0181
0,50,28,0,0,40.0168
0,51,28,0,0,40.0156
0,52,28,0,0,40.0146
0,53,28,0,0,40.0136
0,54,28,0,0,40.0128
0,55,28,0,0,40.012
0,56,28,0,0,40.0113
0,57,28,0,0,40.0108
0,58,28,0,0,40.0103
0,59,28,0,0,40.0098
0,60,28,0,0,40.0095
0,61,28,0,0,40.0092
0,62,28,0,0,40.009
0,63,28,0,0,40.0089
0,0,29,0,1.95742e-05,40.2528
0,1,29,0,0,40.2487
0,2,29,0,0,40.2442
0,3,29,0,0,40.2392
0,4,29,0,0,40.2337
0,5,29,0,0,40.2278
0,6,29,0,0,40.2215
0,7,29,0,0,40.2149
0,8,29,0,0,40.208
0,9,29,0,0,40.2008
0,10,29,0,0,40.1934
0,11,29,0,0,40.1859
0,12,29,0,0,40.1783
0,13,29,0,0,40.1707
0,14,29,0,0,40.1631
0,15,29,0,0,40.1556
0,16,29,0,0,40.1482
0,17,29,0,0,40.1409
0,18,29,0,0,40.1338
0,19,29,0,0,40.127
0,20,29,0,0,40.1204
0,21,29,0,0,40.114
0,22,29,0,0,40.108
0,23,29,0,0,40.1023
0,24,29,0,0,40.0969
0,25,29,0,0,40.0919
0,26,29,0,0,40.0872
0,27,29,0,0,40.0828
0,28,29,0,0,40.0789
0,29,29,0,0,40.0753
0,30,29,0,0,40.0721
0,31,29,0,0,40.0692
0,32,29,0,1.95742e-05,40.0669
0,33,29,0,0,40.0617
0,34,29,0,0,40.0569
0,35,29,0,0,40.0526
0,36,29,0,0,40.0485
0,37,29,0,0,40.0448
0,38,29,0,0,40.0413
0,39,29,0,0,40.0381
0,40,29,0,0,40.0352
0,41,29,0,0,40.0325
0,42,29,0,0,40.03
0,43,29,0,0,40.0277
0,44,29,0,0,40.0256
0,45,29,0,0,40.0236
0,46,29,0,0,40.0219
0,47,29,0,0,40.0202
0,48,29,0,0,40.0187
0,49,29,0,0,40.0174
0,50,29,0,0,40.0162
0,51,29,0,0,40.0151
0,52,29,0,0,40.014
0,53,29,0,0,40.0131
0,54,29,0,0,40.0123
0,55,29,0,0,40.0116
0,56,29,0,0,40.011
0,57,29,0,0,40.0104
0,58,29,0,0,40.0099
0,59,29,0,0,40.0095
0,60,29,0,0,40.0092
0,61,29,0,0,40.0089
0,62,29,0,0,40.0087
0,63,29,0,0,40.0086
0,0,30,0,1.95742e-05,40.2306
0,1,30,0,0,40.2267
0,2,30,0,0,40.2224
0,3,30,0,0,40.2178
0,4,30,0,0,40.2128
0,5,30,0,0,40.2075
0,6,30,0,0,40.2019
0,7,30,0,0,40.1959
0,8,30,0,0,40.1897
0,9,30,0,0,40.1833
0,10,30,0,0,40.1767
0,11,30,0,0,40.17
0,12,30,0,0,40.1633
0,13,30,0,0,40.1565
0,14,30,0,0,40.1497
0,15,30,0,0,40.143
0,16,30,0,0,40.1363
0,17,30,0,0,40.1298
0,18,30,0,0,40.1235
0,19,30,0,0,40.1174
0,20,30,0,0,40.1115
0,21,30,0,0,40.1058
0,22,30,0,0,40.1004
0,23,30,0,0,40.0953
0,24,30,0,0,40.0904
0,25,30,0,0,40.0859
0,26,30,0,0,40.0817
0,27,30,0,0,40.0778
0,28,30,0,0,40.0742
0,29,30,0,0,40.071
0,30,30,0,0,40.0682
0,31,30,0,0,40.0657
0,32,30,0,1.95742e-05,40.0636
0,33,30,0,0,40.0587
0,34,30,0,0,40.0543
0,35,30,0,0,40.0501
0,36,30,0,0,40.0463
0,37,30,0,0,40.0427
0,38,30,0,0,40.0394
0,39,30,0,0,40.0364
0,40,30,0,0,40.0336
0,41,30,0,0,40.0311
0,42,30,0,0,40.0287
0,43,30,0,0,40.0265
0,44,30,0,0,40.0245
0,45,30,0,0,40.0227
0,46,30,0,0,40.021
0,47,30,0,0,40.0194
0,48,30,0,0,40.018
0,49,30,0,0,40.0167
0,50,30,0,0,40.0156
0,51,30,0,0,40.0145
0,52,30,0,0,40.0135
0,53,30,0,0,40.0127
0,54,30,0,0,40.0119
0,55,30,0,0,40.0112
0,56,30,0,0,40.0106
0,57,30,0,0,40.0101
0,58,30,0,0,40.0096
0,59,30,0,0,40.0092
0,60,30,0,0,40.0089
0,61,30,0,0,40.0087
0,62,30,0,0,40.0085
0,63,30,0,0,40.0083
0,0,31,0,1.95742e-05,40.2106
0,1,31,0,0,40.2069
0,2,31,0,0,40.2029
0,3,31,0,0,40.1987
0,4,31,0,0,40.1941
0,5,31,0,0,40.1892
0,6,31,0,0,40.1841
0,7,31,0,0,40.1788
0,8,31,0,0,40.1732
0,9,31,0,0,40.1675
0,10,31,0,0,40.1616
0,11,31,0,0,40.1556
0,12,31,0,0,40.1495
0,13,31,0,0,40.1435
0,14,31,0,0,40.1374
0,15,31,0,0,40.1314
0,16,31,0,0,40.1255
0,17,31,0,0,40.1197
0,18,31,0,0,40.114
0,19,31,0,0,40.1085
0,20,31,0,0,40.1032
0,21,31,0,0,40.0982
0,22,31,0,0,40.0933
0,23,31,0,0,40.0887
0,24,31,0,0,40.0844
0,25,31,0,0,40.0803
0,26,31,0,0,40.0765
0,27,31,0,0,40.073
0,28,31,0,0,40.0699
0,29,31,0,0,40.067
0,30,31,0,0,40.0645
0,31,31,0,0,40.0624
0,32,31,0,1.95742e-05,40.0606
0,33,31,0,0,40.0559
0,34,31,0,0,40.0517
0,35,31,0,0,40.0478
0,36,31,0,0,40.0441
0,37,31,0,0,40.0408
0,38,31,0,0,40.0377
0,39,31,0,0,40.0348
0,40,31,0,0,40.0322
0,41,31,0,0,40.0297
0,42,31,0,0,40.0275
0,43,31,0,0,40.0254
0,44,31,0,0,40.0235
0,45,31,0,0,40.0218
0,46,31,0,0,40.0201
0,47,31,0,0,40.0187
0,48,31,0,0,40.0173
0,49,31,0,0,40.0161
0,50,31,0,0,40.015
0,51,31,0,0,40.014
0,52,31,0,0,40.013
0,53,31,0,0,40.0122
0,54,31,0,0,40.0115
0,55,31,0,0,40.0108
0,56,31,0,0,40.0102
0,57,31,0,0,40.0097
0,58,31,0,0,40.0093
0,59,31,0,0,40.0089
0,60,31,0,0,40.0086
0,61,31,0,0,40.0084
0,62,31,0,0,40.0082
0,63,31,0,0,40.0081
0,0,32,0,1.95742e-05,40.1928
0,1,32,0,0,40.1892
0,2,32,0,0,40.1854
0,3,32,0,0,40.1814
0,4,32,0,0,40.1772
0,5,32,0,0,40.1728
0,6,32,0,0,40.1681
0,7,32,0,0,40.1633
0,8,32,0,0,40.1583
0,9,32,0,0,40.1531
0,10,32,0,0,40.1478
0,11,32,0,0,40.1425
0,12,32,0,0,40.137
0,13,32,0,0,40.1316
0,14,32,0,0,40.1262
0,15,32,0,0,40.1208
0,16,32,0,0,40.1155
0,17,32,0,0,40.1103
0,18,32,0,0,40.1053
0,19,32,0,0,40.1004
0,20,32,0,0,40.0956
0,21,32,0,0,40.0911
0,22,32,0,0,40.0867
0,23,32,0,0,40.0826
0,24,32,0,0,40.0787
0,25,32,0,0,40.0751
0,26,32,0,0,40.0717
0,27,32,0,0,40.0686
0,28,32,0,0,40.0658
0,29,32,0,0,40.0633
0,30,32,0,0,40.0611
0,31,32,0,0,40.0592
0,32,32,0,1.95742e-05,40.0577
0,33,32,0,0,40.0533
0,34,32,0,0,40.0493
0,35,32,0,0,40.0455
0,36,32,0,0,40.0421
0,37,32,0,0,40.0389
0,38,32,0,0,40.036
0,39,32,0,0,40.0333
0,40,32,0,0,40.0308
0,41,32,0,0,40.0284
0,42,32,0,0,40.0263
0,43,32,0,0,40.0243
0,44,32,0,0,40.0225
0,45,32,0,0,40.0209
0,46,32,0,0,40.0193
0,47,32,0,0,40.0179
0,48,32,0,0,40.0167
0,49,32,0,0,40.0155
0,50,32,0,0,40.0144
0,51,32,0,0,40.0134
0,52,32,0,0,40.0126
0,53,32,0,0,40.0118
0,54,32,0,0,40.0111
0,55,32,0,0,40.0104
0,56,32,0,0,40.0099
0,57,32,0,0,40.0094
0,58,32,0,0,40.009
0,59,32,0,0,40.0086
0,60,32,0,0,40.0083
0,61,32,0,0,40.0081
0,62,32,0,0,40.0079
0,63,32,0,0,40.0078
0,0,33,0,1.95742e-05,40.1767
0,1,33,0,0,40.1733
0,2,33,0,0,40.1697
0,3,33,0,0,40.166
0,4,33,0,0,40.1621
0,5,33,0,0,40.158
0,6,33,0,0,40.1537
0,7,33,0,0,40.1493
0,8,33,0,0,40.1448
0,9,33,0,0,40.1401
0,10,33,0,0,40.1354
0,11,33,0,0,40.1305
0,12,33,0,0,40.1257
0,13,33,0,0,40.1208
0,14,33,0,0,40.116
0,15,33,0,0,40.1112
0,16,33,0,0,40.1064
0,17,33,0,0,40.1018
0,18,33,0,0,40.0972
0,19,33,0,0,40.0928
0,20,33,0,0,40.0886
0,21,33,0,0,40.0845
0,22,33,0,0,40.0806
0,23,33,0,0,40.0769
0,24,33,0,0,40.0734
0,25,33,0,0,40.0702
0,26,33,0,0,40.0672
0,27,33,0,0,40.0644
0,28,33,0,0,40.062
0,29,33,0,0,40.0597
0,30,33,0,0,40.0578
0,31,33,0,0,40.0562
0,32,33,0,1.95742e-05,40.0549
0,33,33,0,0,40.0508
0,34,33,0,0,40.047
0,35,33,0,0,40.0434
0,36,33,0,0,40.0402
0,37,33,0,0,40.0372
0,38,33,0,0,40.0344
0,39,33,0,0,40.0318
0,40,33,0,0,40.0294
0,41,33,0,0,40.0272
0,42,33,0,0,40.0252
0,43,33,0,0,40.0233
0,44,33,0,0,40.0216
0,45,33,0,0,40.02
0,46,33,0,0,40.0186
0,47,33,0,0,40.0172
0,48,33,0,0,40.016
0,49,33,0,0,40.0149
0,50,33,0,0,40.0139
0,51,33,0,0,40.0129
0,52,33,0,0,40.0121
0,53,33,0,0,40.0114
0,54,33,0,0,40.0107
0,55,33,0,0,40.0101
0,56,33,0,0,40.0095
0,57,33,0,0,40.0091
0,58,33,0,0,40.0087
0,59,33,0,0,40.0083
0,60,33,0,0,40.0081
0,61,33,0,0,40.0078
0,62,33,0,0,40.0077
0,63,33,0,0,40.0076
0,0,34,0,1.95742e-05,40.1623
0,1,34,0,0,40.159
0,2,34,0,0,40.1556
0,3,34,0,0,40.152
0,4,34,0,0,40.1484
0,5,34,0,0,40.1446
0,6,34,0,0,40.1407
0,7,34,0,0,40.1367
0,8,34,0,0,40.1326
0,9,34,0,0,40.1283
0,10,34,0,0,40.124
0,11,34,0,0,40.1197
0,12,34,0,0,40.1153
0,13,34,0,0,40.111
0,14,34,0,0,40.1066
0,15,34,0,0,40.1023
0,16,34,0,0,40.0981
0,17,34,0,0,40.0939
0,18,34,0,0,40.0898
0,19,34,0,0,40.0859
0,20,34,0,0,40.0821
0,21,34,0,0,40.0784
0,22,34,0,0,40.075
0,23,34,0,0,40.0717
0,24,34,0,0,40.0686
0,25,34,0,0,40.0657
0,26,34,0,0,40.063
0,27,34,0,0,40.0606
0,28,34,0,0,40.0584
0,29,34,0,0,40.0564
0,30,34,0,0,40.0548
0,31,34,0,0,40.0534
0,32,34,0,1.95742e-05,40.0523
0,33,34,0,0,40.0484
0,34,34,0,0,40.0448
0,35,34,0,0,40.0414
0,36,34,0,0,40.0383
0,37,34,0,0,40.0355
0,38,34,0,0,40.0328
0,39,34,0,0,40.0304
0,40,34,0,0,40.0281
0,41,34,0,0,40.026
0,42,34,0,0,40.0241
0,43,34,0,0,40.0223
0,44,34,0,0,40.0207
0,45,34,0,0,40.0192
0,46,34,0,0,40.0178
0,47,34,0,0,40.0165
0,48,34,0,0,40.0154
0,49,34,0,0,40.0143
0,50,34,0,0,40.0133
0,51,34,0,0,40.0125
0,52,34,0,0,40.0117
0,53,34,0,0,40.0109
0,54,34,0,0,40.0103
0,55,34,0,0,40.0097
0,56,34,0,0,40.0092
0,57,34,0,0,40.0088
0,58,34,0,0,40.0084
0,59,34,0,0,40.0081
0,60,34,0,0,40.0078
0,61,34,0,0,40.0076
0,62,34,0,0,40.0074
0,63,34,0,0,40.0073
0,0,35,0,1.95742e-05,40.1493
0,1,35,0,0,40.1461
0,2,35,0,0,40.1428
0,3,35,0,0,40.1395
0,4,35,0,0,40.1361
0,5,35,0,0,40.1326
0,6,35,0,0,40.129
0,7,35,0,0,40.1253
0,8,35,0,0,40.1215
0,9,35,0,0,40.1177
0,10,35,0,0,40.1138
0,11,35,0,0,40.1099
0,12,35,0,0,40.1059
0,13,35,0,0,40.102
0,14,35,0,0,40.0981
0,15,35,0,0,40.0942
0,16,35,0,0,40.0904
0,17,35,0,0,40.0867
0,18,35,0,0,40.083
0,19,35,0,0,40.0795
0,20,35,0,0,40.0761
0,21,35,0,0,40.0728
0,22,35,0,0,40.0697
0,23,35,0,0,40.0668
0,24,35,0,0,40.064
0,25,35,0,0,40.0615
0,26,35,0,0,40.0591
0,27,35,0,0,40.0569
0,28,35,0,0,40.055
0,29,35,0,0,40.0533
0,30,35,0,0,40.0519
0,31,35,0,0,40.0508
0,32,35,0,1.95742e-05,40.0499
0,33,35,0,0,40.0462
0,34,35,0,0,40.0427
0,35,35,0,0,40.0395
0,36,35,0,0,40.0366
0,37,35,0,0,40.0339
0,38,35,0,0,40.0314
0,39,35,0,0,40.0291
0,40,35,0,0,40.0269
0,41,35,0,0,40.0249
0,42,35,0,0,40.0231
0,43,35,0,0,40.0214
0,44,35,0,0,40.0198
0,45,35,0,0,40.0184
0,46,35,0,0,40.0171
0,47,35,0,0,40.0159
0,48,35,0,0,40.0148
0,49,35,0,0,40.0138
0,50,35,0,0,40.0128
0,51,35,0,0,40.012
0,52,35,0,0,40.0112
0,53,35,0,0,40.0105
0,54,35,0,0,40.0099
0,55,35,0,0,40.0094
0,56,35,0,0,40.0089
0,57,35,0,0,40.0085
0,58,35,0,0,40.0081
0,59,35,0,0,40.0078
0,60,35,0,0,40.0075
0,61,35,0,0,40.0073
0,62,35,0,0,40.0072
0,63,35,0,0,40.0071
0,0,36,0,1.95742e-05,40.1377
0,1,36,0,0,40.1345
0,2,36,0,0,40.1314
0,3,36,0,0,40.1282
0,4,36,0,0,40.125
0,5,36,0,0,40.1217
0,6,36,0,0,40.1184
0,7,36,0,0,40.115
0,8,36,0,0,40.1115
0,9,36,0,0,40.108
0,10,36,0,0,40.1045
0,11,36,0,0,40.101
0,12,36,0,0,40.0974
0,13,36,0,0,40.0939
0,14,36,0,0,40.0903
0,15,36,0,0,40.0868
0,16,36,0,0,40.0834
0,17,36,0,0,40.0801
0,18,36,0,0,40.0768
0,19,36,0,0,40.0736
0,20,36,0,0,40.0706
0,21,36,0,0,40.0677
0,22,36,0,0,40.0649
0,23,36,0,0,40.0623
0,24,36,0,0,40.0598
0,25,36,0,0,40.0575
0,26,36,0,0,40.0554
0,27,36,0,0,40.0536
0,28,36,0,0,40.0519
0,29,36,0,0,40.0504
0,30,36,0,0,40.0492
0,31,36,0,0,40.0483
0,32,36,0,1.95742e-05,40.0476
0,33,36,0,0,40.0441
0,34,36,0,0,40.0408
0,35,36,0,0,40.0378
0,36,36,0,0,40.035
0,37,36,0,0,40.0324
0,38,36,0,0,40.03
0,39,36,0,0,40.0278
0,40,36,0,0,40.0257
0,41,36,0,0,40.0239
0,42,36,0,0,40.0221
0,43,36,0,0,40.0205
0,44,36,0,0,40.019
0,45,36,0,0,40.0177
0,46,36,0,0,40.0164
0,47,36,0,0,40.0152
0,48,36,0,0,40.0142
0,49,36,0,0,40.0132
0,50,36,0,0,40.0123
0,51,36,0,0,40.0115
0,52,36,0,0,40.0108
0,53,36,0,0,40.0102
0,54,36,0,0,40.0096
0,55,36,0,0,40.009
0,56,36,0,0,40.0086
0,57,36,0,0,40.0082
0,58,36,0,0,40.0078
0,59,36,0,0,40.0075
0,60,36,0,0,40.0073
0,61,36,0,0,40.0071
0,62,36,0,0,40.0069
0,63,36,0,0,40.0068
0,0,37,0,1.95742e-05,40.1272
0,1,37,0,0,40.1241
0,2,37,0,0,40.1211
0,3,37,0,0,40.118
0,4,37,0,0,40.115
0,5,37,0,0,40.1119
0,6,37,0,0,40.1088
0,7,37,0,0,40.1057
0,8,37,0,0,40.1025
0,9,37,0,0,40.0993
0,10,37,0,0,40.0961
0,11,37,0,0,40.0929
0,12,37,0,0,40.0896
0,13,37,0,0,40.0864
0,14,37,0,0,40.0832
0,15,37,0,0,40.0801
0,16,37,0,0,40.077
0,17,37,0,0,40.074
0,18,37,0,0,40.0711
0,19,37,0,0,40.0682
0,20,37,0,0,40.0655
0,21,37,0,0,40.0629
0,22,37,0,0,40.0604
0,23,37,0,0,40.0581
0,24,37,0,0,40.0559
0,25,37,0,0,40.0539
0,26,37,0,0,40.0521
0,27,37,0,0,40.0504
0,28,37,0,0,40.049
0,29,37,0,0,40.0477
0,30,37,0,0,40.0467
0,31,37,0,0,40.046
0,32,37,0,1.95742e-05,40.0455
0,33,37,0,0,40.0421
0,34,37,0,0,40.039
0,35,37,0,0,40.0361
0,36,37,0,0,40.0334
0,37,37,0,0,40.031
0,38,37,0,0,40.0287
0,39,37,0,0,40.0266
0,40,37,0,0,40.0246
0,41,37,0,0,40.0228
0,42,37,0,0,40.0212
0,43,37,0,0,40.0197
0,44,37,0,0,40.0182
0,45,37,0,0,40.0169
0,46,37,0,0,40.0157
0,47,37,0,0,40.0146
0,48,37,0,0,40.0136
0,49,37,0,0,40.0127
0,50,37,0,0,40.0119
0,51,37,0,0,40.0111
0,52,37,0,0,40.0104
0,53,37,0,0,40.0098
0,54,37,0,0,40.0092
0,55,37,0,0,40.0087
0,56,37,0,0,40.0083
0,57,37,0,0,40.0079
0,58,37,0,0,40.0076
0,59,37,0,0,40.0073
0,60,37,0,0,40.007
0,61,37,0,0,40.0069
0,62,37,0,0,40.0067
0,63,37,0,0,40.0066
0,0,38,0,1.95742e-05,40.1177
0,1,38,0,0,40.1147
0,2,38,0,0,40.1118
0,3,38,0,0,40.1089
0,4,38,0,0,40.106
0,5,38,0,0,40.1031
0,6,38,0,0,40.1002
0,7,38,0,0,40.0973
0,8,38,0,0,40.0943
0,9,38,0,0,40.0914
0,10,38,0,0,40.0885
0,11,38,0,0,40.0855
0,12,38,0,0,40.0826
0,13,38,0,0,40.0797
0,14,38,0,0,40.0768
0,15,38,0,0,40.074
0,16,38,0,0,40.0712
0,17,38,0,0,40.0685
0,18,38,0,0,40.0658
0,19,38,0,0,40.0633
0,20,38,0,0,40.0609
0,21,38,0,0,40.0585
0,22,38,0,0,40.0563
0,23,38,0,0,40.0542
0,24,38,0,0,40.0523
0,25,38,0,0,40.0505
0,26,38,0,0,40.0489
0,27,38,0,0,40.0475
0,28,38,0,0,40.0463
0,29,38,0,0,40.0452
0,30,38,0,0,40.0444
0,31,38,0,0,40.0438
0,32,38,0,1.95742e-05,40.0435
0,33,38,0,0,40.0402
0,34,38,0,0,40.0373
0,35,38,0,0,40.0345
0,36,38,0,0,40.032
0,37,38,0,0,40.0296
0,38,38,0,0,40.0275
0,39,38,0,0,40.0255
0,40,38,0,0,40.0236
0,41,38,0,0,40.0219
0,42,38,0,0,40.0203
0,43,38,0,0,40.0188
0,44,38,0,0,40.0175
0,45,38,0,0,40.0163
0,46,38,0,0,40.0151
0,47,38,0,0,40.0141
0,48,38,0,0,40.0131
0,49,38,0,0,40.0122
0,50,38,0,0,40.0114
0,51,38,0,0,40.0107
0,52,38,0,0,40.01
0,53,38,0,0,40.0094
0,54,38,0,0,40.0089
0,55,38,0,0,40.0084
0,56,38,0,0,40.008
0,57,38,0,0,40.0076
0,58,38,0,0,40.0073
0,59,38,0,0,40.007
0,60,38,0,0,40.0068
0,61,38,0,0,40.0066
0,62,38,0,0,40.0065
0,63,38,0,0,40.0064
0,0,39,0,1.95742e-05,40.1092
0,1,39,0,0,40.1063
0,2,39,0,0,40.1034
0,3,39,0,0,40.1006
0,4,39,0,0,40.0979
0,5,39,0,0,40.0951
0,6,39,0,0,40.0924
0,7,39,0,0,40.0897
0,8,39,0,0,40.087
0,9,39,0,0,40.0842
0,10,39,0,0,40.0815
0,11,39,0,0,40.0788
0,12,39,0,0,40.0762
0,13,39,0,0,40.0735
0,14,39,0,0,40.0709
0,15,39,0,0,40.0684
0,16,39,0,0,40.0659
0,17,39,0,0,40.0634
0,18,39,0,0,40.061
0,19,39,0,0,40.0588
0,20,39,0,0,40.0566
0,21,39,0,0,40.0545
0,22,39,0,0,40.0525
0,23,39,0,0,40.0507
0,24,39,0,0,40.049
0,25,39,0,0,40.0474
0,26,39,0,0,40.046
0,27,39,0,0,40.0448
0,28,39,0,0,40.0437
0,29,39,0,0,40.0429
0,30,39,0,0,40.0422
0,31,39,0,0,40.0418
0,32,39,0,1.95742e-05,40.0416
0,33,39,0,0,40.0385
0,34,39,0,0,40.0357
0,35,39,0,0,40.033
0,36,39,0,0,40.0306
0,37,39,0,0,40.0284
0,38,39,0,0,40.0263
0,39,39,0,0,40.0244
0,40,39,0,0,40.0226
0,41,39,0,0,40.021
0,42,39,0,0,40.0195
0,43,39,0,0,40.0181
0,44,39,0,0,40.0168
0,45,39,0,0,40.0156
0,46,39,0,0,40.0145
0,47,39,0,0,40.0135
0,48,39,0,0,40.0126
0,49,39,0,0,40.0118
0,50,39,0,0,40.011
0,51,39,0,0,40.0103
0,52,39,0,0,40.0097
0,53,39,0,0,40.0091
0,54,39,0,0,40.0086
0,55,39,0,0,40.0081
0,56,39,0,0,40.0077
0,57,39,0,0,40.0074
0,58,39,0,0,40.007
0,59,39,0,0,40.0068
0,60,39,0,0,40.0066
0,61,39,0,0,40.0064
0,62,39,0,0,40.0063
0,63,39,0,0,40.0062
0,0,40,0,1.95742e-05,40.1016
0,1,40,0,0,40.0987
0,2,40,0,0,40.0959
0,3,40,0,0,40.0932
0,4,40,0,0,40.0905
0,5,40,0,0,40.0879
0,6,40,0,0,40.0854
0,7,40,0,0,40.0828
0,8,40,0,0,40.0803
0,9,40,0,0,40.0778
0,10,40,0,0,40.0753
0,11,40,0,0,40.0728
0,12,40,0,0,40.0704
0,13,40,0,0,40.068
0,14,40,0,0,40.0656
0,15,40,0,0,40.0633
0,16,40,0,0,40.061
0,17,40,0,0,40.0588
0,18,40,0,0,40.0567
0,19,40,0,0,40.0546
0,20,40,0,0,40.0527
0,21,40,0,0,40.0508
0,22,40,0,0,40.0491
0,23,40,0,0,40.0474
0,24,40,0,0,40.0459
0,25,40,0,0,40.0446
0,26,40,0,0,40.0433
0,27,40,0,0,40.0423
0,28,40,0,0,40.0414
0,29,40,0,0,40.0407
0,30,40,0,0,40.0402
0,31,40,0,0,40.0399
0,32,40,0,1.95742e-05,40.0399
0,33,40,0,0,40.0369
0,34,40,0,0,40.0342
0,35,40,0,0,40.0316
0,36,40,0,0,40.0293
0,37,40,0,0,40.0272
0,38,40,0,0,40.0252
0,39,40,0,0,40.0234
0,40,40,0,0,40.0217
0,41,40,0,0,40.0201
0,42,40,0,0,40.0187
0,43,40,0,0,40.0174
0,44,40,0,0,40.0161
0,45,40,0,0,40.015
0,46,40,0,0,40.014
0,47,40,0,0,40.013
0,48,40,0,0,40.0121
0,49,40,0,0,40.0113
0,50,40,0,0,40.0106
0,51,40,0,0,40.0099
0,52,40,0,0,40.0093
0,53,40,0,0,40.0088
0,54,40,0,0,40.0083
0,55,40,0,0,40.0078
0,56,40,0,0,40.0074
0,57,40,0,0,40.0071
0,58,40,0,0,40.0068
0,59,40,0,0,40.0066
0,60,40,0,0,40.0064
0,61,40,0,0,40.0062
0,62,40,0,0,40.0061
0,63,40,0,0,40.006
0,0,41,0,1.95742e-05,40.0947
0,1,41,0,0,40.0918
0,2,41,0,0,40.0891
0,3,41,0,0,40.0865
0,4,41,0,0,40.0839
0,5,41,0,0,40.0814
0,6,41,0,0,40.079
0,7,41,0,0,40.0766
0,8,41,0,0,40.0742
0,9,41,0,0,40.0719
0,10,41,0,0,40.0696
0,11,41,0,0,40.0673
0,12,41,0,0,40.0651
0,13,41,0,0,40.0629
0,14,41,0,0,40.0607
0,15,41,0,0,40.0586
0,16,41,0,0,40.0566
0,17,41,0,0,40.0546
0,18,41,0,0,40.0526
0,19,41,0,0,40.0508
0,20,41,0,0,40.0491
0,21,41,0,0,40.0474
0,22,41,0,0,40.0458
0,23,41,0,0,40.0444
0,24,41,0,0,40.0431
0,25,41,0,0,40.0419
0,26,41,0,0,40.0408
0,27,41,0,0,40.04
0,28,41,0,0,40.0392
0,29,41,0,0,40.0387
0,30,41,0,0,40.0383
0,31,41,0,0,40.0381
0,32,41,0,1.95742e-05,40.0382
0,33,41,0,0,40.0354
0,34,41,0,0,40.0328
0,35,41,0,0,40.0303
0,36,41,0,0,40.0281
0,37,41,0,0,40.0261
0,38,41,0,0,40.0242
0,39,41,0,0,40.0224
0,40,41,0,0,40.0208
0,41,41,0,0,40.0193
0,42,41,0,0,40.0179
0,43,41,0,0,40.0167
0,44,41,0,0,40.0155
0,45,41,0,0,40.0144
0,46,41,0,0,40.0134
0,47,41,0,0,40.0125
0,48,41,0,0,40.0117
0,49,41,0,0,40.0109
0,50,41,0,0,40.0102
0,51,41,0,0,40.0095
0,52,41,0,0,40.009
0,53,41,0,0,40.0084
0,54,41,0,0,40.008
0,55,41,0,0,40.0076
0,56,41,0,0,40.0072
0,57,41,0,0,40.0069
0,58,41,0,0,40.0066
0,59,41,0,0,40.0063
0,60,41,0,0,40.0061
0,61,41,0,0,40.006
0,62,41,0,0,40.0059
0,63,41,0,0,40.0058
0,0,42,0,1.95742e-05,40.0885
0,1,42,0,0,40.0857
0,2,42,0,0,40.083
0,3,42,0,0,40.0804
0,4,42,0,0,40.078
0,5,42,0,0,40.0756
0,6,42,0,0,40.0733
0,7,42,0,0,40.071
0,8,42,0,0,40.0688
0,9,42,0,0,40.0666
0,10,42,0,0,40.0645
0,11,42,0,0,40.0624
0,12,42,0,0,40.0603
0,13,42,0,0,40.0583
0,14,42,0,0,40.0563
0,15,42,0,0,40.0544
0,16,42,0,0,40.0525
0,17,42,0,0,40.0507
0,18,42,0,0,40.049
0,19,42,0,0,40.0473
0,20,42,0,0,40.0458
0,21,42,0,0,40.0443
0,22,42,0,0,40.0429
0,23,42,0,0,40.0416
0,24,42,0,0,40.0405
0,25,42,0,0,40.0395
0,26,42,0,0,40.0386
0,27,42,0,0,40.0378
0,28,42,0,0,40.0372
0,29,42,0,0,40.0368
0,30,42,0,0,40.0365
0,31,42,0,0,40.0365
0,32,42,0,1.95742e-05,40.0367
0,33,42,0,0,40.034
0,34,42,0,0,40.0314
0,35,42,0,0,40.0291
0,36,42,0,0,40.027
0,37,42,0,0,40.025
0,38,42,0,0,40.0232
0,39,42,0,0,40.0215
0,40,42,0,0,40.02
0,41,42,0,0,40.0186
0,42,42,0,0,40.0172
0,43,42,0,0,40.016
0,44,42,0,0,40.0149
0,45,42,0,0,40.0139
0,46,42,0,0,40.0129
0,47,42,0,0,40.012
0,48,42,0,0,40.0112
0,49,42,0,0,40.0105
0,50,42,0,0,40.0098
0,51,42,0,0,40.0092
0,52,42,0,0,40.0086
0,53,42,0,0,40.0081
0,54,42,0,0,40.0077
0,55,42,0,0,40.0073
0,56,42,0,0,40.0069
0,57,42,0,0,40.0066
0,58,42,0,0,40.0064
0,59,42,0,0,40.0061
0,60,42,0,0,40.0059
0,61,42,0,0,40.0058
0,62,42,0,0,40.0057
0,63,42,0,0,40.0056
0,0,43,0,1.95742e-05,40.0829
0,1,43,0,0,40.0801
0,2,43,0,0,40.0775
0,3,43,0,0,40.075
0,4,43,0,0,40.0726
0,5,43,0,0,40.0703
0,6,43,0,0,40.0681
0,7,43,0,0,40.066
0,8,43,0,0,40.0639
0,9,43,0,0,40.0618
0,10,43,0,0,40.0598
0,11,43,0,0,40.0579
0,12,43,0,0,40.0559
0,13,43,0,0,40.0541
0,14,43,0,0,40.0523
0,15,43,0,0,40.0505
0,16,43,0,0,40.0488
0,17,43,0,0,40.0472
0,18,43,0,0,40.0456
0,19,43,0,0,40.0442
0,20,43,0,0,40.0427
0,21,43,0,0,40.0414
0,22,43,0,0,40.0402
0,23,43,0,0,40.0391
0,24,43,0,0,40.0381
0,25,43,0,0,40.0372
0,26,43,0,0,40.0364
0,27,43,0,0,40.0358
0,28,43,0,0,40.0354
0,29,43,0,0,40.035
0,30,43,0,0,40.0349
0,31,43,0,0,40.035
0,32,43,0,1.95742e-05,40.0353
0,33,43,0,0,40.0327
0,34,43,0,0,40.0302
0,35,43,0,0,40.028
0,36,43,0,0,40.0259
0,37,43,0,0,40.0241
0,38,43,0,0,40.0223
0,39,43,0,0,40.0207
0,40,43,0,0,40.0192
0,41,43,0,0,40.0178
0,42,43,0,0,40.0166
0,43,43,0,0,40.0154
0,44,43,0,0,40.0143
0,45,43,0,0,40.0133
0,46,43,0,0,40.0124
0,47,43,0,0,40.0116
0,48,43,0,0,40.0108
0,49,43,0,0,40.0101
0,50,43,0,0,40.0095
0,51,43,0,0,40.0089
0,52,43,0,0,40.0083
0,53,43,0,0,40.0079
0,54,43,0,0,40.0074
0,55,43,0,0,40.007
0,56,43,0,0,40.0067
0,57,43,0,0,40.0064
0,58,43,0,0,40.0062
0,59,43,0,0,40.0059
0,60,43,0,0,40.0058
0,61,43,0,0,40.0056
0,62,43,0,0,40.0055
0,63,43,0,0,40.0054
0,0,44,0,1.95742e-05,40.0779
0,1,44,0,0,40.0751
0,2,44,0,0,40.0725
0,3,44,0,0,40.0701
0,4,44,0,0,40.0678
0,5,44,0,0,40.0656
0,6,44,0,0,40.0634
0,7,44,0,0,40.0614
0,8,44,0,0,40.0594
0,9,44,0,0,40.0575
0,10,44,0,0,40.0556
0,11,44,0,0,40.0538
0,12,44,0,0,40.052
0,13,44,0,0,40.0503
0,14,44,0,0,40.0486
0,15,44,0,0,40.047
0,16,44,0,0,40.0455
0,17,44,0,0,40.044
0,18,44,0,0,40.0426
0,19,44,0,0,40.0413
0,20,44,0,0,40.04
0,21,44,0,0,40.0388
0,22,44,0,0,40.0377
0,23,44,0,0,40.0368
0,24,44,0,0,40.0359
0,25,44,0,0,40.0351
0,26,44,0,0,40.0345
0,27,44,0,0,40.034
0,28,44,0,0,40.0336
0,29,44,0,0,40.0334
0,30,44,0,0,40.0334
0,31,44,0,0,40.0336
0,32,44,0,1.95742e-05,40.034
0,33,44,0,0,40.0314
0,34,44,0,0,40.0291
0,35,44,0,0,40.0269
0,36,44,0,0,40.025
0,37,44,0,0,40.0231
0,38,44,0,0,40.0215
0,39,44,0,0,40.0199
0,40,44,0,0,40.0185
0,41,44,0,0,40.0172
0,42,44,0,0,40.016
0,43,44,0,0,40.0148
0,44,44,0,0,40.0138
0,45,44,0,0,40.0129
0,46,44,0,0,40.012
0,47,44,0,0,40.0112
0,48,44,0,0,40.0104
0,49,44,0,0,40.0098
0,50,44,0,0,40.0091
0,51,44,0,0,40.0086
0,52,44,0,0,40.0081
0,53,44,0,0,40.0076
0,54,44,0,0,40.0072
0,55,44,0,0,40.0068
0,56,44,0,0,40.0065
0,57,44,0,0,40.0062
0,58,44,0,0,40.006
0,59,44,0,0,40.0057
0,60,44,0,0,40.0056
0,61,44,0,0,40.0054
0,62,44,0,0,40.0053
0,63,44,0,0,40.0053
0,0,45,0,1.95742e-05,40.0733
0,1,45,0,0,40.0706
0,2,45,0,0,40.068
0,3,45,0,0,40.0656
0,4,45,0,0,40.0634
0,5,45,0,0,40.0613
0,6,45,0,0,40.0592
0,7,45,0,0,40.0573
0,8,45,0,0,40.0554
0,9,45,0,0,40.0535
0,10,45,0,0,40.0518
0,11,45,0,0,40.0501
0,12,45,0,0,40.0484
0,13,45,0,0,40.0469
0,14,45,0,0,40.0453
0,15,45,0,0,40.0438
0,16,45,0,0,40.0424
0,17,45,0,0,40.0411
0,18,45,0,0,40.0398
0,19,45,0,0,40.0386
0,20,45,0,0,40.0375
0,21,45,0,0,40.0364
0,22,45,0,0,40.0355
0,23,45,0,0,40.0346
0,24,45,0,0,40.0339
0,25,45,0,0,40.0332
0,26,45,0,0,40.0327
0,27,45,0,0,40.0323
0,28,45,0,0,40.0321
0,29,45,0,0,40.032
0,30,45,0,0,40.032
0,31,45,0,0,40.0323
0,32,45,0,1.95742e-05,40.0328
0,33,45,0,0,40.0303
0,34,45,0,0,40.028
0,35,45,0,0,40.026
0,36,45,0,0,40.0241
0,37,45,0,0,40.0223
0,38,45,0,0,40.0207
0,39,45,0,0,40.0192
0,40,45,0,0,40.0178
0,41,45,0,0,40.0166
0,42,45,0,0,40.0154
0,43,45,0,0,40.0143
0,44,45,0,0,40.0133
0,45,45,0,0,40.0124
0,46,45,0,0,40.0115
0,47,45,0,0,40.0108
0,48,45,0,0,40.0101
0,49,45,0,0,40.0094
0,50,45,0,0,40.0088
0,51,45,0,0,40.0083
0,52,45,0,0,40.0078
0,53,45,0,0,40.0073
0,54,45,0,0,40.0069
0,55,45,0,0,40.0066
0,56,45,0,0,40.0063
0,57,45,0,0,40.006
0,58,45,0,0,40.0058
0,59,45,0,0,40.0056
0,60,45,0,0,40.0054
0,61,45,0,0,40.0053
0,62,45,0,0,40.0052
0,63,45,0,0,40.0051
0,0,46,0,1.95742e-05,40.0692
0,1,46,0,0,40.0665
0,2,46,0,0,40.064
0,3,46,0,0,40.0617
0,4,46,0,0,40.0595
0,5,46,0,0,40.0574
0,6,46,0,0,40.0554
0,7,46,0,0,40.0535
0,8,46,0,0,40.0517
0,9,46,0,0,40.05
0,10,46,0,0,40.0483
0,11,46,0,0,40.0468
0,12,46,0,0,40.0452
0,13,46,0,0,40.0437
0,14,46,0,0,40.0423
0,15,46,0,0,40.041
0,16,46,0,0,40.0397
0,17,46,0,0,40.0384
0,18,46,0,0,40.0373
0,19,46,0,0,40.0362
0,20,46,0,0,40.0352
0,21,46,0,0,40.0342
0,22,46,0,0,40.0334
0,23,46,0,0,40.0327
0,24,46,0,0,40.032
0,25,46,0,0,40.0315
0,26,46,0,0,40.031
0,27,46,0,0,40.0308
0,28,46,0,0,40.0306
0,29,46,0,0,40.0306
0,30,46,0,0,40.0308
0,31,46,0,0,40.0311
0,32,46,0,1.95742e-05,40.0317
0,33,46,0,0,40.0293
0,34,46,0,0,40.0271
0,35,46,0,0,40.0251
0,36,46,0,0,40.0232
0,37,46,0,0,40.0215
0,38,46,0,0,40.02
0,39,46,0,0,40.0185
0,40,46,0,0,40.0172
0,41,46,0,0,40.016
0,42,46,0,0,40.0148
0,43,46,0,0,40.0138
0,44,46,0,0,40.0128
0,45,46,0,0,40.012
0,46,46,0,0,40.0111
0,47,46,0,0,40.0104
0,48,46,0,0,40.0097
0,49,46,0,0,40.0091
0,50,46,0,0,40.0085
0,51,46,0,0,40.008
0,52,46,0,0,40.0075
0,53,46,0,0,40.0071
0,54,46,0,0,40.0067
0,55,46,0,0,40.0064
0,56,46,0,0,40.0061
0,57,46,0,0,40.0058
0,58,46,0,0,40.0056
0,59,46,0,0,40.0054
0,60,46,0,0,40.0052
0,61,46,0,0,40.0051
0,62,46,0,0,40.005
0,63,46,0,0,40.0049
0,0,47,0,1.95742e-05,40.0655
0,1,47,0,0,40.0629
0,2,47,0,0,40.0604
0,3,47,0,0,40.0581
0,4,47,0,0,40.0559
0,5,47,0,0,40.0539
0,6,47,0,0,40.052
0,7,47,0,0,40.0502
0,8,47,0,0,40.0485
0,9,47,0,0,40.0468
0,10,47,0,0,40.0452
0,11,47,0,0,40.0437
0,12,47,0,0,40.0423
0,13,47,0,0,40.0409
0,14,47,0,0,40.0396
0,15,47,0,0,40.0383
0,16,47,0,0,40.0372
0,17,47,0,0,40.036
0,18,47,0,0,40.035
0,19,47,0,0,40.034
0,20,47,0,0,40.0331
0,21,47,0,0,40.0323
0,22,47,0,0,40.0315
0,23,47,0,0,40.0309
0,24,47,0,0,40.0303
0,25,47,0,0,40.0299
0,26,47,0,0,40.0295
0,27,47,0,0,40.0293
0,28,47,0,0,40.0293
0,29,47,0,0,40.0293
0,30,47,0,0,40.0296
0,31,47,0,0,40.03
0,32,47,0,1.95742e-05,40.0306
0,33,47,0,0,40.0283
0,34,47,0,0,40.0262
0,35,47,0,0,40.0242
0,36,47,0,0,40.0224
0,37,47,0,0,40.0208
0,38,47,0,0,40.0193
0,39,47,0,0,40.0179
0,40,47,0,0,40.0166
0,41,47,0,0,40.0154
0,42,47,0,0,40.0143
0,43,47,0,0,40.0133
0,44,47,0,0,40.0124
0,45,47,0,0,40.0116
0,46,47,0,0,40.0108
0,47,47,0,0,40.0101
0,48,47,0,0,40.0094
0,49,47,0,0,40.0088
0,50,47,0,0,40.0082
0,51,47,0,0,40.0077
0,52,47,0,0,40.0073
0,53,47,0,0,40.0069
0,54,47,0,0,40.0065
0,55,47,0,0,40.0062
0,56,47,0,0,40.0059
0,57,47,0,0,40.0056
0,58,47,0,0,40.0054
0,59,47,0,0,40.0052
0,60,47,0,0,40.0051
0,61,47,0,0,40.005
0,62,47,0,0,40.0049
0,63,47,0,0,40.0048
0,0,48,0,1.95742e-05,40.0622
0,1,48,0,0,40.0596
0,2,48,0,0,40.0571
0,3,48,0,0,40.0548
0,4,48,0,0,40.0527
0,5,48,0,0,40.0508
0,6,48,0,0,40.0489
0,7,48,0,0,40.0472
0,8,48,0,0,40.0455
0,9,48,0,0,40.0439
0,10,48,0,0,40.0424
0,11,48,0,0,40.041
0,12,48,0,0,40.0397
0,13,48,0,0,40.0384
0,14,48,0,0,40.0371
0,15,48,0,0,40.036
0,16,48,0,0,40.0349
0,17,48,0,0,40.0339
0,18,48,0,0,40.0329
0,19,48,0,0,40.032
0,20,48,0,0,40.0312
0,21,48,0,0,40.0304
0,22,48,0,0,40.0298
0,23,48,0,0,40.0292
0,24,48,0,0,40.0288
0,25,48,0,0,40.0284
0,26,48,0,0,40.0281
0,27,48,0,0,40.028
0,28,48,0,0,40.028
0,29,48,0,0,40.0282
0,30,48,0,0,40.0285
0,31,48,0,0,40.029
0,32,48,0,1.95742e-05,40.0297
0,33,48,0,0,40.0274
0,34,48,0,0,40.0253
0,35,48,0,0,40.0234
0,36,48,0,0,40.0217
0,37,48,0,0,40.0201
0,38,48,0,0,40.0186
0,39,48,0,0,40.0173
0,40,48,0,0,40.016
0,41,48,0,0,40.0149
0,42,48,0,0,40.0139
0,43,48,0,0,40.0129
0,44,48,0,0,40.012
0,45,48,0,0,40.0112
0,46,48,0,0,40.0104
0,47,48,0,0,40.0097
0,48,48,0,0,40.0091
0,49,48,0,0,40.0085
0,50,48,0,0,40.008
0,51,48,0,0,40.0075
0,52,48,0,0,40.0071
0,53,48,0,0,40.0067
0,54,48,0,0,40.0063
0,55,48,0,0,40.006
0,56,48,0,0,40.0057
0,57,48,0,0,40.0055
0,58,48,0,0,40.0053
0,59,48,0,0,40.0051
0,60,48,0,0,40.0049
0,61,48,0,0,40.0048
0,62,48,0,0,40.0047
0,63,48,0,0,40.0047
0,0,49,0,1.95742e-05,40.0593
0,1,49,0,0,40.0566
0,2,49,0,0,40.0542
0,3,49,0,0,40.0519
0,4,49,0,0,40.0498
0,5,49,0,0,40.0479
0,6,49,0,0,40.0461
0,7,49,0,0,40.0444
0,8,49,0,0,40.0428
0,9,49,0,0,40.0413
0,10,49,0,0,40.0399
0,11,49,0,0,40.0386
0,12,49,0,0,40.0373
0,13,49,0,0,40.0361
0,14,49,0,0,40.0349
0,15,49,0,0,40.0338
0,16,49,0,0,40.0328
0,17,49,0,0,40.0319
0,18,49,0,0,40.031
0,19,49,0,0,40.0302
0,20,49,0,0,40.0295
0,21,49,0,0,40.0288
0,22,49,0,0,40.0282
0,23,49,0,0,40.0277
0,24,49,0,0,40.0274
0,25,49,0,0,40.0271
0,26,49,0,0,40.0269
0,27,49,0,0,40.0268
0,28,49,0,0,40.0269
0,29,49,0,0,40.0271
0,30,49,0,0,40.0275
0,31,49,0,0,40.028
0,32,49,0,1.95742e-05,40.0288
0,33,49,0,0,40.0266
0,34,49,0,0,40.0245
0,35,49,0,0,40.0227
0,36,49,0,0,40.021
0,37,49,0,0,40.0195
0,38,49,0,0,40.018
0,39,49,0,0,40.0167
0,40,49,0,0,40.0155
0,41,49,0,0,40.0144
0,42,49,0,0,40.0134
0,43,49,0,0,40.0125
0,44,49,0,0,40.0116
0,45,49,0,0,40.0108
0,46,49,0,0,40.0101
0,47,49,0,0,40.0094
0,48,49,0,0,40.0088
0,49,49,0,0,40.0083
0,50,49,0,0,40.0077
0,51,49,0,0,40.0073
0,52,49,0,0,40.0069
0,53,49,0,0,40.0065
0,54,49,0,0,40.0061
0,55,49,0,0,40.0058
0,56,49,0,0,40.0056
0,57,49,0,0,40.0053
0,58,49,0,0,40.0051
0,59,49,0,0,40.0049
0,60,49,0,0,40.0048
0,61,49,0,0,40.0047
0,62,49,0,0,40.0046
0,63,49,0,0,40.0045
0,0,50,0,1.95742e-05,40.0566
0,1,50,0,0,40.0539
0,2,50,0,0,40.0515
0,3,50,0,0,40.0493
0,4,50,0,0,40.0473
0,5,50,0,0,40.0454
0,6,50,0,0,40.0436
0,7,50,0,0,40.042
0,8,50,0,0,40.0404
0,9,50,0,0,40.039
0,10,50,0,0,40.0376
0,11,50,0,0,40.0363
0,12,50,0,0,40.0351
0,13,50,0,0,40.034
0,14,50,0,0,40.0329
0,15,50,0,0,40.0319
0,16,50,0,0,40.031
0,17,50,0,0,40.0301
0,18,50,0,0,40.0293
0,19,50,0,0,40.0286
0,20,50,0,0,40.0279
0,21,50,0,0,40.0273
0,22,50,0,0,40.0268
0,23,50,0,0,40.0264
0,24,50,0,0,40.0261
0,25,50,0,0,40.0258
0,26,50,0,0,40.0257
0,27,50,0,0,40.0257
0,28,50,0,0,40.0259
0,29,50,0,0,40.0261
0,30,50,0,0,40.0266
0,31,50,0,0,40.0272
0,32,50,0,1.95742e-05,40.028
0,33,50,0,0,40.0258
0,34,50,0,0,40.0238
0,35,50,0,0,40.022
0,36,50,0,0,40.0204
0,37,50,0,0,40.0189
0,38,50,0,0,40.0175
0,39,50,0,0,40.0162
0,40,50,0,0,40.0151
0,41,50,0,0,40.014
0,42,50,0,0,40.013
0,43,50,0,0,40.0121
0,44,50,0,0,40.0113
0,45,50,0,0,40.0105
0,46,50,0,0,40.0098
0,47,50,0,0,40.0091
0,48,50,0,0,40.0086
0,49,50,0,0,40.008
0,50,50,0,0,40.0075
0,51,50,0,0,40.0071
0,52,50,0,0,40.0067
0,53,50,0,0,40.0063
0,54,50,0,0,40.006
0,55,50,0,0,40.0057
0,56,50,0,0,40.0054
0,57,50,0,0,40.0052
0,58,50,0,0,40.005
0,59,50,0,0,40.0048
0,60,50,0,0,40.0047
0,61,50,0,0,40.0046
0,62,50,0,0,40.0045
0,63,50,0,0,40.0044
0,0,51,0,1.95742e-05,40.0542
0,1,51,0,0,40.0515
0,2,51,0,0,40.0491
0,3,51,0,0,40.047
0,4,51,0,0,40.0449
0,5,51,0,0,40.0431
0,6,51,0,0,40.0414
0,7,51,0,0,40.0398
0,8,51,0,0,40.0383
0,9,51,0,0,40.0369
0,10,51,0,0,40.0356
0,11,51,0,0,40.0344
0,12,51,0,0,40.0332
0,13,51,0,0,40.0321
0,14,51,0,0,40.0311
0,15,51,0,0,40.0302
0,16,51,0,0,40.0293
0,17,51,0,0,40.0285
0,18,51,0,0,40.0277
0,19,51,0,0,40.0271
0,20,51,0,0,40.0265
0,21,51,0,0,40.026
0,22,51,0,0,40.0255
0,23,51,0,0,40.0252
0,24,51,0,0,40.0249
0,25,51,0,0,40.0247
0,26,51,0,0,40.0247
0,27,51,0,0,40.0247
0,28,51,0,0,40.0249
0,29,51,0,0,40.0252
0,30,51,0,0,40.0257
0,31,51,0,0,40.0264
0,32,51,0,1.95742e-05,40.0272
0,33,51,0,0,40.0251
0,34,51,0,0,40.0232
0,35,51,0,0,40.0214
0,36,51,0,0,40.0198
0,37,51,0,0,40.0183
0,38,51,0,0,40.017
0,39,51,0,0,40.0158
0,40,51,0,0,40.0146
0,41,51,0,0,40.0136
0,42,51,0,0,40.0126
0,43,51,0,0,40.0118
0,44,51,0,0,40.0109
0,45,51,0,0,40.0102
0,46,51,0,0,40.0095
0,47,51,0,0,40.0089
0,48,51,0,0,40.0083
0,49,51,0,0,40.0078
0,50,51,0,0,40.0073
0,51,51,0,0,40.0069
0,52,51,0,0,40.0065
0,53,51,0,0,40.0061
0,54,51,0,0,40.0058
0,55,51,0,0,40.0055
0,56,51,0,0,40.0053
0,57,51,0,0,40.005
0,58,51,0,0,40.0048
0,59,51,0,0,40.0047
0,60,51,0,0,40.0045
0,61,51,0,0,40.0044
0,62,51,0,0,40.0044
0,63,51,0,0,40.0043
0,0,52,0,1.95742e-05,40.052
0,1,52,0,0,40.0494
0,2,52,0,0,40.047
0,3,52,0,0,40.0448
0,4,52,0,0,40.0429
0,5,52,0,0,40.041
0,6,52,0,0,40.0394
0,7,52,0,0,40.0378
0,8,52,0,0,40.0364
0,9,52,0,0,40.035
0,10,52,0,0,40.0337
0,11,52,0,0,40.0326
0,12,52,0,0,40.0315
0,13,52,0,0,40.0304
0,14,52,0,0,40.0295
0,15,52,0,0,40.0286
0,16,52,0,0,40.0278
0,17,52,0,0,40.027
0,18,52,0,0,40.0263
0,19,52,0,0,40.0257
0,20,52,0,0,40.0252
0,21,52,0,0,40.0247
0,22,52,0,0,40.0244
0,23,52,0,0,40.0241
0,24,52,0,0,40.0238
0,25,52,0,0,40.0237
0,26,52,0,0,40.0237
0,27,52,0,0,40.0238
0,28,52,0,0,40.0241
0,29,52,0,0,40.0244
0,30,52,0,0,40.0249
0,31,52,0,0,40.0256
0,32,52,0,1.95742e-05,40.0265
0,33,52,0,0,40.0245
0,34,52,0,0,40.0226
0,35,52,0,0,40.0208
0,36,52,0,0,40.0193
0,37,52,0,0,40.0178
0,38,52,0,0,40.0165
0,39,52,0,0,40.0153
0,40,52,0,0,40.0142
0,41,52,0,0,40.0132
0,42,52,0,0,40.0123
0,43,52,0,0,40.0114
0,44,52,0,0,40.0106
0,45,52,0,0,40.0099
0,46,52,0,0,40.0093
0,47,52,0,0,40.0086
0,48,52,0,0,40.0081
0,49,52,0,0,40.0076
0,50,52,0,0,40.0071
0,51,52,0,0,40.0067
0,52,52,0,0,40.0063
0,53,52,0,0,40.006
0,54,52,0,0,40.0056
0,55,52,0,0,40.0054
0,56,52,0,0,40.0051
0,57,52,0,0,40.0049
0,58,52,0,0,40.0047
0,59,52,0,0,40.0046
0,60,52,0,0,40.0044
0,61,52,0,0,40.0043
0,62,52,0,0,40.0043
0,63,52,0,0,40.0042
0,0,53,0,1.95742e-05,40.0501
0,1,53,0,0,40.0475
0,2,53,0,0,40.0451
0,3,53,0,0,40.043
0,4,53,0,0,40.041
0,5,53,0,0,40.0392
0,6,53,0,0,40.0376
0,7,53,0,0,40.036
0,8,53,0,0,40.0346
0,9,53,0,0,40.0333
0,10,53,0,0,40.0321
0,11,53,0,0,40.031
0,12,53,0,0,40.0299
0,13,53,0,0,40.0289
0,14,53,0,0,40.028
0,15,53,0,0,40.0272
0,16,53,0,0,40.0264
0,17,53,0,0,40.0257
0,18,53,0,0,40.0251
0,19,53,0,0,40.0245
0,20,53,0,0,40.0241
0,21,53,0,0,40.0236
0,22,53,0,0,40.0233
0,23,53,0,0,40.023
0,24,53,0,0,40.0229
0,25,53,0,0,40.0228
0,26,53,0,0,40.0229
0,27,53,0,0,40.023
0,28,53,0,0,40.0233
0,29,53,0,0,40.0237
0,30,53,0,0,40.0242
0,31,53,0,0,40.025
0,32,53,0,1.95742e-05,40.0259
0,33,53,0,0,40.0239
0,34,53,0,0,40.022
0,35,53,0,0,40.0203
0,36,53,0,0,40.0188
0,37,53,0,0,40.0174
0,38,53,0,0,40.0161
0,39,53,0,0,40.0149
0,40,53,0,0,40.0139
0,41,53,0,0,40.0129
0,42,53,0,0,40.012
0,43,53,0,0,40.0111
0,44,53,0,0,40.0104
0,45,53,0,0,40.0097
0,46,53,0,0,40.009
0,47,53,0,0,40.0084
0,48,53,0,0,40.0079
0,49,53,0,0,40.0074
0,50,53,0,0,40.0069
0,51,53,0,0,40.0065
0,52,53,0,0,40.0062
0,53,53,0,0,40.0058
0,54,53,0,0,40.0055
0,55,53,0,0,40.0052
0,56,53,0,0,40.005
0,57,53,0,0,40.0048
0,58,53,0,0,40.0046
0,59,53,0,0,40.0045
0,60,53,0,0,40.0043
0,61,53,0,0,40.0042
0,62,53,0,0,40.0042
0,63,53,0,0,40.0041
0,0,54,0,1.95742e-05,40.0483
0,1,54,0,0,40.0457
0,2,54,0,0,40.0434
0,3,54,0,0,40.0413
0,4,54,0,0,40.0393
0,5,54,0,0,40.0376
0,6,54,0,0,40.036
0,7,54,0,0,40.0345
0,8,54,0,0,40.0331
0,9,54,0,0,40.0318
0,10,54,0,0,40.0307
0,11,54,0,0,40.0296
0,12,54,0,0,40.0285
0,13,54,0,0,40.0276
0,14,54,0,0,40.0268
0,15,54,0,0,40.026
0,16,54,0,0,40.0252
0,17,54,0,0,40.0246
0,18,54,0,0,40.024
0,19,54,0,0,40.0235
0,20,54,0,0,40.023
0,21,54,0,0,40.0227
0,22,54,0,0,40.0224
0,23,54,0,0,40.0222
0,24,54,0,0,40.022
0,25,54,0,0,40.022
0,26,54,0,0,40.0221
0,27,54,0,0,40.0223
0,28,54,0,0,40.0226
0,29,54,0,0,40.023
0,30,54,0,0,40.0236
0,31,54,0,0,40.0244
0,32,54,0,1.95742e-05,40.0253
0,33,54,0,0,40.0233
0,34,54,0,0,40.0215
0,35,54,0,0,40.0198
0,36,54,0,0,40.0183
0,37,54,0,0,40.017
0,38,54,0,0,40.0157
0,39,54,0,0,40.0146
0,40,54,0,0,40.0135
0,41,54,0,0,40.0126
0,42,54,0,0,40.0117
0,43,54,0,0,40.0109
0,44,54,0,0,40.0101
0,45,54,0,0,40.0094
0,46,54,0,0,40.0088
0,47,54,0,0,40.0082
0,48,54,0,0,40.0077
0,49,54,0,0,40.0072
0,50,54,0,0,40.0068
0,51,54,0,0,40.0064
0,52,54,0,0,40.006
0,53,54,0,0,40.0057
0,54,54,0,0,40.0054
0,55,54,0,0,40.0051
0,56,54,0,0,40.0049
0,57,54,0,0,40.0047
0,58,54,0,0,40.0045
0,59,54,0,0,40.0044
0,60,54,0,0,40.0042
0,61,54,0,0,40.0041
0,62,54,0,0,40.0041
0,63,54,0,0,40.004
0,0,55,0,1.95742e-05,40.0468
0,1,55,0,0,40.0442
0,2,55,0,0,40.0419
0,3,55,0,0,40.0398
0,4,55,0,0,40.0379
0,5,55,0,0,40.0361
0,6,55,0,0,40.0345
0,7,55,0,0,40.0331
0,8,55,0,0,40.0317
0,9,55,0,0,40.0305
0,10,55,0,0,40.0294
0,11,55,0,0,40.0283
0,12,55,0,0,40.0273
0,13,55,0,0,40.0264
0,14,55,0,0,40.0256
0,15,55,0,0,40.0249
0,16,55,0,0,40.0242
0,17,55,0,0,40.0236
0,18,55,0,0,40.023
0,19,55,0,0,40.0225
0,20,55,0,0,40.0221
0,21,55,0,0,40.0218
0,22,55,0,0,40.0215
0,23,55,0,0,40.0214
0,24,55,0,0,40.0213
0,25,55,0,0,40.0213
0,26,55,0,0,40.0214
0,27,55,0,0,40.0216
0,28,55,0,0,40.0219
0,29,55,0,0,40.0224
0,30,55,0,0,40.023
0,31,55,0,0,40.0238
0,32,55,0,1.95742e-05,40.0248
0,33,55,0,0,40.0228
0,34,55,0,0,40.021
0,35,55,0,0,40.0194
0,36,55,0,0,40.0179
0,37,55,0,0,40.0166
0,38,55,0,0,40.0154
0,39,55,0,0,40.0142
0,40,55,0,0,40.0132
0,41,55,0,0,40.0123
0,42,55,0,0,40.0114
0,43,55,0,0,40.0106
0,44,55,0,0,40.0099
0,45,55,0,0,40.0092
0,46,55,0,0,40.0086
0,47,55,0,0,40.008
0,48,55,0,0,40.0075
0,49,55,0,0,40.0071
0,50,55,0,0,40.0066
0,51,55,0,0,40.0062
0,52,55,0,0,40.0059
0,53,55,0,0,40.0056
0,54,55,0,0,40.0053
0,55,55,0,0,40.005
0,56,55,0,0,40.0048
0,57,55,0,0,40.0046
0,58,55,0,0,40.0044
0,59,55,0,0,40.0043
0,60,55,0,0,40.0042
0,61,55,0,0,40.0041
0,62,55,0,0,40.004
0,63,55,0,0,40.0039
0,0,56,0,1.95742e-05,40.0454
0,1,56,0,0,40.0428
0,2,56,0,0,40.0405
0,3,56,0,0,40.0384
0,4,56,0,0,40.0365
0,5,56,0,0,40.0348
0,6,56,0,0,40.0333
0,7,56,0,0,40.0319
0,8,56,0,0,40.0305
0,9,56,0,0,40.0293
0,10,56,0,0,40.0282
0,11,56,0,0,40.0272
0,12,56,0,0,40.0263
0,13,56,0,0,40.0254
0,14,56,0,0,40.0246
0,15,56,0,0,40.0239
0,16,56,0,0,40.0232
0,17,56,0,0,40.0227
0,18,56,0,0,40.0221
0,19,56,0,0,40.0217
0,20,56,0,0,40.0213
0,21,56,0,0,40.021
0,22,56,0,0,40.0208
0,23,56,0,0,40.0206
0,24,56,0,0,40.0206
0,25,56,0,0,40.0206
0,26,56,0,0,40.0207
0,27,56,0,0,40.021
0,28,56,0,0,40.0213
0,29,56,0,0,40.0218
0,30,56,0,0,40.0225
0,31,56,0,0,40.0233
0,32,56,0,1.95742e-05,40.0243
0,33,56,0,0,40.0224
0,34,56,0,0,40.0206
0,35,56,0,0,40.019
0,36,56,0,0,40.0175
0,37,56,0,0,40.0162
0,38,56,0,0,40.015
0,39,56,0,0,40.0139
0,40,56,0,0,40.0129
0,41,56,0,0,40.012
0,42,56,0,0,40.0112
0,43,56,0,0,40.0104
0,44,56,0,0,40.0097
0,45,56,0,0,40.009
0,46,56,0,0,40.0084
0,47,56,0,0,40.0079
0,48,56,0,0,40.0074
0,49,56,0,0,40.0069
0,50,56,0,0,40.0065
0,51,56,0,0,40.0061
0,52,56,0,0,40.0058
0,53,56,0,0,40.0055
0,54,56,0,0,40.0052
0,55,56,0,0,40.0049
0,56,56,0,0,40.0047
0,57,56,0,0,40.0045
0,58,56,0,0,40.0043
0,59,56,0,0,40.0042
0,60,56,0,0,40.0041
0,61,56,0,0,40.004
0,62,56,0,0,40.0039
0,63,56,0,0,40.0039
0,0,57,0,1.95742e-05,40.0442
0,1,57,0,0,40.0416
0,2,57,0,0,40.0393
0,3,57,0,0,40.0372
0,4,57,0,0,40.0354
0,5,57,0,0,40.0337
0,6,57,0,0,40.0322
0,7,57,0,0,40.0308
0,8,57,0,0,40.0295
0,9,57,0,0,40.0283
0,10,57,0,0,40.0272
0,11,57,0,0,40.0262
0,12,57,0,0,40.0253
0,13,57,0,0,40.0245
0,14,57,0,0,40.0237
0,15,57,0,0,40.023
0,16,57,0,0,40.0224
0,17,57,0,0,40.0219
0,18,57,0,0,40.0214
0,19,57,0,0,40.021
0,20,57,0,0,40.0206
0,21,57,0,0,40.0203
0,22,57,0,0,40.0201
0,23,57,0,0,40.02
0,24,57,0,0,40.02
0,25,57,0,0,40.02
0,26,57,0,0,40.0202
0,27,57,0,0,40.0204
0,28,57,0,0,40.0208
0,29,57,0,0,40.0213
0,30,57,0,0,40.022
0,31,57,0,0,40.0228
0,32,57,0,1.95742e-05,40.0239
0,33,57,0,0,40.0219
0,34,57,0,0,40.0202
0,35,57,0,0,40.0186
0,36,57,0,0,40.0172
0,37,57,0,0,40.0159
0,38,57,0,0,40.0147
0,39,57,0,0,40.0137
0,40,57,0,0,40.0127
0,41,57,0,0,40.0118
0,42,57,0,0,40.011
0,43,57,0,0,40.0102
0,44,57,0,0,40.0095
0,45,57,0,0,40.0089
0,46,57,0,0,40.0083
0,47,57,0,0,40.0077
0,48,57,0,0,40.0072
0,49,57,0,0,40.0068
0,50,57,0,0,40.0064
0,51,57,0,0,40.006
0,52,57,0,0,40.0057
0,53,57,0,0,40.0054
0,54,57,0,0,40.0051
0,55,57,0,0,40.0048
0,56,57,0,0,40.0046
0,57,57,0,0,40.0044
0,58,57,0,0,40.0043
0,59,57,0,0,40.0041
0,60,57,0,0,40.004
0,61,57,0,0,40.0039
0,62,57,0,0,40.0039
0,63,57,0,0,40.0038
0,0,58,0,1.95742e-05,40.043
0,1,58,0,0,40.0405
0,2,58,0,0,40.0382
0,3,58,0,0,40.0362
0,4,58,0,0,40.0344
0,5,58,0,0,40.0327
0,6,58,0,0,40.0312
0,7,58,0,0,40.0298
0,8,58,0,0,40.0286
0,9,58,0,0,40.0274
0,10,58,0,0,40.0264
0,11,58,0,0,40.0254
0,12,58,0,0,40.0245
0,13,58,0,0,40.0237
0,14,58,0,0,40.023
0,15,58,0,0,40.0223
0,16,58,0,0,40.0217
0,17,58,0,0,40.0212
0,18,58,0,0,40.0207
0,19,58,0,0,40.0203
0,20,58,0,0,40.02
0,21,58,0,0,40.0198
0,22,58,0,0,40.0196
0,23,58,0,0,40.0195
0,24,58,0,0,40.0195
0,25,58,0,0,40.0195
0,26,58,0,0,40.0197
0,27,58,0,0,40.02
0,28,58,0,0,40.0204
0,29,58,0,0,40.0209
0,30,58,0,0,40.0215
0,31,58,0,0,40.0224
0,32,58,0,1.95742e-05,40.0235
0,33,58,0,0,40.0215
0,34,58,0,0,40.0198
0,35,58,0,0,40.0183
0,36,58,0,0,40.0169
0,37,58,0,0,40.0156
0,38,58,0,0,40.0145
0,39,58,0,0,40.0134
0,40,58,0,0,40.0125
0,41,58,0,0,40.0116
0,42,58,0,0,40.0108
0,43,58,0,0,40.01
0,44,58,0,0,40.0093
0,45,58,0,0,40.0087
0,46,58,0,0,40.0081
0,47,58,0,0,40.0076
0,48,58,0,0,40.0071
0,49,58,0,0,40.0067
0,50,58,0,0,40.0063
0,51,58,0,0,40.0059
0,52,58,0,0,40.0056
0,53,58,0,0,40.0053
0,54,58,0,0,40.005
0,55,58,0,0,40.0048
0,56,58,0,0,40.0046
0,57,58,0,0,40.0044
0,58,58,0,0,40.0042
0,59,58,0,0,40.0041
0,60,58,0,0,40.004
0,61,58,0,0,40.0039
0,62,58,0,0,40.0038
0,63,58,0,0,40.0038
0,0,59,0,1.95742e-05,40.042
0,1,59,0,0,40.0395
0,2,59,0,0,40.0373
0,3,59,0,0,40.0353
0,4,59,0,0,40.0335
0,5,59,0,0,40.0319
0,6,59,0,0,40.0304
0,7,59,0,0,40.0291
0,8,59,0,0,40.0278
0,9,59,0,0,40.0267
0,10,59,0,0,40.0257
0,11,59,0,0,40.0247
0,12,59,0,0,40.0239
0,13,59,0,0,40.0231
0,14,59,0,0,40.0224
0,15,59,0,0,40.0217
0,16,59,0,0,40.0211
0,17,59,0,0,40.0206
0,18,59,0,0,40.0202
0,19,59,0,0,40.0198
0,20,59,0,0,40.0195
0,21,59,0,0,40.0193
0,22,59,0,0,40.0191
0,23,59,0,0,40.019
0,24,59,0,0,40.019
0,25,59,0,0,40.0191
0,26,59,0,0,40.0193
0,27,59,0,0,40.0195
0,28,59,0,0,40.0199
0,29,59,0,0,40.0205
0,30,59,0,0,40.0211
0,31,59,0,0,40.022
0,32,59,0,1.95742e-05,40.0231
0,33,59,0,0,40.0212
0,34,59,0,0,40.0195
0,35,59,0,0,40.018
0,36,59,0,0,40.0166
0,37,59,0,0,40.0154
0,38,59,0,0,40.0142
0,39,59,0,0,40.0132
0,40,59,0,0,40.0123
0,41,59,0,0,40.0114
0,42,59,0,0,40.0106
0,43,59,0,0,40.0099
0,44,59,0,0,40.0092
0,45,59,0,0,40.0086
0,46,59,0,0,40.008
0,47,59,0,0,40.0075
0,48,59,0,0,40.007
0,49,59,0,0,40.0066
0,50,59,0,0,40.0062
0,51,59,0,0,40.0058
0,52,59,0,0,40.0055
0,53,59,0,0,40.0052
0,54,59,0,0,40.0049
0,55,59,0,0,40.0047
0,56,59,0,0,40.0045
0,57,59,0,0,40.0043
0,58,59,0,0,40.0041
0,59,59,0,0,40.004
0,60,59,0,0,40.0039
0,61,59,0,0,40.0038
0,62,59,0,0,40.0037
0,63,59,0,0,40.0037
0,0,60,0,1.95742e-05,40.0411
0,1,60,0,0,40.0386
0,2,60,0,0,40.0364
0,3,60,0,0,40.0345
0,4,60,0,0,40.0327
0,5,60,0,0,40.0312
0,6,60,0,0,40.0297
0,7,60,0,0,40.0284
0,8,60,0,0,40.0272
0,9,60,0,0,40.0261
0,10,60,0,0,40.0251
0,11,60,0,0,40.0241
0,12,60,0,0,40.0233
0,13,60,0,0,40.0225
0,14,60,0,0,40.0218
0,15,60,0,0,40.0212
0,16,60,0,0,40.0206
0,17,60,0,0,40.0202
0,18,60,0,0,40.0197
0,19,60,0,0,40.0194
0,20,60,0,0,40.0191
0,21,60,0,0,40.0189
0,22,60,0,0,40.0187
0,23,60,0,0,40.0186
0,24,60,0,0,40.0186
0,25,60,0,0,40.0187
0,26,60,0,0,40.0189
0,27,60,0,0,40.0192
0,28,60,0,0,40.0196
0,29,60,0,0,40.0201
0,30,60,0,0,40.0208
0,31,60,0,0,40.0216
0,32,60,0,1.95742e-05,40.0227
0,33,60,0,0,40.0208
0,34,60,0,0,40.0191
0,35,60,0,0,40.0177
0,36,60,0,0,40.0163
0,37,60,0,0,40.0151
0,38,60,0,0,40.014
0,39,60,0,0,40.013
0,40,60,0,0,40.0121
0,41,60,0,0,40.0113
0,42,60,0,0,40.0105
0,43,60,0,0,40.0098
0,44,60,0,0,40.0091
0,45,60,0,0,40.0085
0,46,60,0,0,40.0079
0,47,60,0,0,40.0074
0,48,60,0,0,40.0069
0,49,60,0,0,40.0065
0,50,60,0,0,40.0061
0,51,60,0,0,40.0058
0,52,60,0,0,40.0054
0,53,60,0,0,40.0051
0,54,60,0,0,40.0049
0,55,60,0,0,40.0046
0,56,60,0,0,40.0044
0,57,60,0,0,40.0043
0,58,60,0,0,40.0041
0,59,60,0,0,40.004
0,60,60,0,0,40.0039
0,61,60,0,0,40.0038
0,62,60,0,0,40.0037
0,63,60,0,0,40.0037
0,0,61,0,1.95742e-05,40.0403
0,1,61,0,0,40.0378
0,2,61,0,0,40.0357
0,3,61,0,0,40.0338
0,4,61,0,0,40.0321
0,5,61,0,0,40.0306
0,6,61,0,0,40.0292
0,7,61,0,0,40.0279
0,8,61,0,0,40.0267
0,9,61,0,0,40.0256
0,10,61,0,0,40.0246
0,11,61,0,0,40.0237
0,12,61,0,0,40.0229
0,13,61,0,0,40.0221
0,14,61,0,0,40.0214
0,15,61,0,0,40.0208
0,16,61,0,0,40.0203
0,17,61,0,0,40.0198
0,18,61,0,0,40.0194
0,19,61,0,0,40.019
0,20,61,0,0,40.0187
0,21,61,0,0,40.0185
0,22,61,0,0,40.0184
0,23,61,0,0,40.0183
0,24,61,0,0,40.0183
0,25,61,0,0,40.0184
0,26,61,0,0,40.0186
0,27,61,0,0,40.0189
0,28,61,0,0,40.0193
0,29,61,0,0,40.0198
0,30,61,0,0,40.0204
0,31,61,0,0,40.0212
0,32,61,0,1.95742e-05,40.0223
0,33,61,0,0,40.0204
0,34,61,0,0,40.0188
0,35,61,0,0,40.0174
0,36,61,0,0,40.0161
0,37,61,0,0,40.0149
0,38,61,0,0,40.0139
0,39,61,0,0,40.0129
0,40,61,0,0,40.012
0,41,61,0,0,40.0111
0,42,61,0,0,40.0104
0,43,61,0,0,40.0097
0,44,61,0,0,40.009
0,45,61,0,0,40.0084
0,46,61,0,0,40.0078
0,47,61,0,0,40.0073
0,48,61,0,0,40.0069
0,49,61,0,0,40.0065
0,50,61,0,0,40.0061
0,51,61,0,0,40.0057
0,52,61,0,0,40.0054
0,53,61,0,0,40.0051
0,54,61,0,0,40.0048
0,55,61,0,0,40.0046
0,56,61,0,0,40.0044
0,57,61,0,0,40.0042
0,58,61,0,0,40.0041
0,59,61,0,0,40.0039
0,60,61,0,0,40.0038
0,61,61,0,0,40.0037
0,62,61,0,0,40.0037
0,63,61,0,0,40.0036
0,0,62,0,1.95742e-05,40.0394
0,1,62,0,0,40.0371
0,2,62,0,0,40.0351
0,3,62,0,0,40.0333
0,4,62,0,0,40.0316
0,5,62,0,0,40.0301
0,6,62,0,0,40.0287
0,7,62,0,0,40.0275
0,8,62,0,0,40.0263
0,9,62,0,0,40.0252
0,10,62,0,0,40.0243
0,11,62,0,0,40.0234
0,12,62,0,0,40.0225
0,13,62,0,0,40.0218
0,14,62,0,0,40.0211
0,15,62,0,0,40.0205
0,16,62,0,0,40.02
0,17,62,0,0,40.0195
0,18,62,0,0,40.0191
0,19,62,0,0,40.0188
0,20,62,0,0,40.0185
0,21,62,0,0,40.0183
0,22,62,0,0,40.0182
0,23,62,0,0,40.0181
0,24,62,0,0,40.0181
0,25,62,0,0,40.0182
0,26,62,0,0,40.0184
0,27,62,0,0,40.0186
0,28,62,0,0,40.019
0,29,62,0,0,40.0195
0,30,62,0,0,40.0201
0,31,62,0,0,40.0208
0,32,62,0,1.95742e-05,40.0218
0,33,62,0,0,40.02
0,34,62,0,0,40.0185
0,35,62,0,0,40.0172
0,36,62,0,0,40.0159
0,37,62,0,0,40.0148
0,38,62,0,0,40.0137
0,39,62,0,0,40.0128
0,40,62,0,0,40.0119
0,41,62,0,0,40.011
0,42,62,0,0,40.0103
0,43,62,0,0,40.0096
0,44,62,0,0,40.0089
0,45,62,0,0,40.0083
0,46,62,0,0,40.0078
0,47,62,0,0,40.0073
0,48,62,0,0,40.0068
0,49,62,0,0,40.0064
0,50,62,0,0,40.006
0,51,62,0,0,40.0057
0,52,62,0,0,40.0054
0,53,62,0,0,40.0051
0,54,62,0,0,40.0048
0,55,62,0,0,40.0046
0,56,62,0,0,40.0044
0,57,62,0,0,40.0042
0,58,62,0,0,40.004
0,59,62,0,0,40.0039
0,60,62,0,0,40.0038
0,61,62,0,0,40.0037
0,62,62,0,0,40.0037
0,63,62,0,0,40.0036
0,0,63,0,1.95742e-05,40.0385
0,1,63,0,0,40.0364
0,2,63,0,0,40.0346
0,3,63,0,0,40.0329
0,4,63,0,0,40.0313
0,5,63,0,0,40.0298
0,6,63,0,0,40.0285
0,7,63,0,0,40.0272
0,8,63,0,0,40.0261
0,9,63,0,0,40.025
0,10,63,0,0,40.024
0,11,63,0,0,40.0231
0,12,63,0,0,40.0223
0,13,63,0,0,40.0216
0,14,63,0,0,40.0209
0,15,63,0,0,40.0203
0,16,63,0,0,40.0198
0,17,63,0,0,40.0193
0,18,63,0,0,40.0189
0,19,63,0,0,40.0186
0,20,63,0,0,40.0183
0,21,63,0,0,40.0181
0,22,63,0,0,40.018
0,23,63,0,0,40.0179
0,24,63,0,0,40.018
0,25,63,0,0,40.0181
0,26,63,0,0,40.0182
0,27,63,0,0,40.0185
0,28,63,0,0,40.0188
0,29,63,0,0,40.0192
0,30,63,0,0,40.0197
0,31,63,0,0,40.0204
0,32,63,0,1.95742e-05,40.0212
0,33,63,0,0,40.0196
0,34,63,0,0,40.0182
0,35,63,0,0,40.017
0,36,63,0,0,40.0158
0,37,63,0,0,40.0147
0,38,63,0,0,40.0136
0,39,63,0,0,40.0127
0,40,63,0,0,40.0118
0,41,63,0,0,40.011
0,42,63,0,0,40.0102
0,43,63,0,0,40.0095
0,44,63,0,0,40.0089
0,45,63,0,0,40.0083
0,46,63,0,0,40.0078
0,47,63,0,0,40.0073
0,48,63,0,0,40.0068
0,49,63,0,0,40.0064
0,50,63,0,0,40.006
0,51,63,0,0,40.0056
0,52,63,0,0,40.0053
0,53,63,0,0,40.005
0,54,63,0,0,40.0048
0,55,63,0,0,40.0046
0,56,63,0,0,40.0044
0,57,63,0,0,40.0042
0,58,63,0,0,40.004
0,59,63,0,0,40.0039
0,60,63,0,0,40.0038
0,61,63,0,0,40.0037
0,62,63,0,0,40.0036
0,63,63,0,0,40.0036
1,0,0,0,0.0229696,44.5615
1,1,0,0,0,43.367
1,2,0,0,0,42.7078
1,3,0,0,0,42.2522
1,4,0,0,0,41.9046
1,5,0,0,0,41.6277
1,6,0,0,0,41.402
1,7,0,0,0,41.2152
1,8,0,0,0,41.0588
1,9,0,0,0,40.9266
1,10,0,0,0,40.8139
1,11,0,0,0,40.7173
1,12,0,0,0,40.634
1,13,0,0,0,40.5618
1,14,0,0,0,40.4989
1,15,0,0,0,40.444
1,16,0,0,0,40.3959
1,17,0,0,0,40.3537
1,18,0,0,0,40.3165
1,19,0,0,0,40.2837
1,20,0,0,0,40.2547
1,21,0,0,0,40.2291
1,22,0,0,0,40.2064
1,23,0,0,0,40.1863
1,24,0,0,0,40.1684
1,25,0,0,0,40.1527
1,26,0,0,0,40.1387
1,27,0,0,0,40.1263
1,28,0,0,0,40.1154
1,29,0,0,0,40.1058
1,30,0,0,0,40.0973
1,31,0,0,0,40.0898
1,32,0,0,1.95742e-05,40.0835
1,33,0,0,0,40.0755
1,34,0,0,0,40.0683
1,35,0,0,0,40.0619
1,36,0,0,0,40.0561
1,37,0,0,0,40.0508
1,38,0,0,0,40.0461
1,39,0,0,0,40.0418
1,40,0,0,0,40.0379
1,41,0,0,0,40.0344
1,42,0,0,0,40.0313
1,43,0,0,0,40.0285
1,44,0,0,0,40.0259
1,45,0,0,0,40.0236
1,46,0,0,0,40.0215
1,47,0,0,0,40.0196
1,48,0,0,0,40.0179
1,49,0,0,0,40.0164
1,50,0,0,0,40.0151
1,51,0,0,0,40.0138
1,52,0,0,0,40.0128
1,53,0,0,0,40.0118
1,54,0,0,0,40.0109
1,55,0,0,0,40.0102
1,56,0,0,0,40.0095
1,57,0,0,0,40.009
1,58,0,0,0,40.0085
1,59,0,0,0,40.0081
1,60,0,0,0,40.0077
1,61,0,0,0,40.0075
1,62,0,0,0,40.0073
1,63,0,0,0,40.0071
1,0,1,0,1.95742e-05,43.3698
1,1,1,0,0,42.9104
1,2,1,0,0,42.4699
1,3,1,0,0,42.1042
1,4,1,0,0,41.8045
1,5,1,0,0,41.5569
1,6,1,0,0,41.3505
1,7,1,0,0,41.1768
1,8,1,0,0,41.0296
1,9,1,0,0,40.904
1,10,1,0,0,40.7962
1,11,1,0,0,40.7033
1,12,1,0,0,40.6227
1,13,1,0,0,40.5527
1,14,1,0,0,40.4915
1,15,1,0,0,40.4379
1,16,1,0,0,40.3909
1,17,1,0,0,40.3495
1,18,1,0,0,40.3129
1,19,1,0,0,40.2807
1,20,1,0,0,40.2522
1,21,1,0,0,40.2269
1,22,1,0,0,40.2045
1,23,1,0,0,40.1847
1,24,1,0,0,40.1671
1,25,1,0,0,40.1515
1,26,1,0,0,40.1377
1,27,1,0,0,40.1255
1,28,1,0,0,40.1147
1,29,1,0,0,40.1052
1,30,1,0,0,40.0969
1,31,1,0,0,40.0897
1,32,1,0,1.95742e-05,40.0836
1,33,1,0,0,40.0754
1,34,1,0,0,40.0682
1,35,1,0,0,40.0617
1,36,1,0,0,40.0559
1,37,1,0,0,40.0507
1,38,1,0,0,40.0459
1,39,1,0,0,40.0417
1,40,1,0,0,40.0378
1,41,1,0,0,40.0343
1,42,1,0,0,40.0312
1,43,1,0,0,40.0284
1,44,1,0,0,40.0258
1,45,1,0,0,40.0235
1,46,1,0,0,40.0214
1,47,1,0,0,40.0196
1,48,1,0,0,40.0179
1,49,1,0,0,40.0164
1,50,1,0,0,40.015
1,51,1,0,0,40.0138
1,52,1,0,0,40.0127
1,53,1,0,0,40.0118
1,54,1,0,0,40.0109
1,55,1,0,0,40.0102
1,56,1,0,0,40.0095
1,57,1,0,0,40.0089
1,58,1,0,0,40.0085
1,59,1,0,0,40.008
1,60,1,0,0,40.0077
1,61,1,0,0,40.0074
1,62,1,0,0,40.0072
1,63,1,0,0,40.0071
1,0,2,0,1.95742e-05,42.7128
1,1,2,0,0,42.4722
1,2,2,0,0,42.187
1,3,2,0,0,41.9147
1,4,2,0,0,41.6722
1,5,2,0,0,41.4615
1,6,2,0,0,41.2799
1,7,2,0,0,41.1235
1,8,2,0,0,40.9886
1,9,2,0,0,40.8721
1,10,2,0,0,40.771
1,11,2,0,0,40.6831
1,12,2,0,0,40.6065
1,13,2,0,0,40.5394
1,14,2,0,0,40.4806
1,15,2,0,0,40.4289
1,16,2,0,0,40.3834
1,17,2,0,0,40.3432
1,18,2,0,0,40.3077
1,19,2,0,0,40.2763
1,20,2,0,0,40.2485
1,21,2,0,0,40.2238
1,22,2,0,0,40.2019
1,23,2,0,0,40.1824
1,24,2,0,0,40.1652
1,25,2,0,0,40.1499
1,26,2,0,0,40.1363
1,27,2,0,0,40.1243
1,28,2,0,0,40.1137
1,29,2,0,0,40.1044
1,30,2,0,0,40.0963
1,31,2,0,0,40.0893
1,32,2,0,1.95742e-05,40.0833
1,33,2,0,0,40.0752
1,34,2,0,0,40.0679
1,35,2,0,0,40.0614
1,36,2,0,0,40.0556
1,37,2,0,0,40.0504
1,38,2,0,0,40.0457
1,39,2,0,0,40.0414
1,40,2,0,0,40.0376
1,41,2,0,0,40.0342
1,42,2,0,0,40.031
1,43,2,0,0,40.0282
1,44,2,0,0,40.0257
1,45,2,0,0,40.0234
1,46,2,0,0,40.0213
1,47,2,0,0,40.0195
1,48,2,0,0,40.0178
1,49,2,0,0,40.0163
1,50,2,0,0,40.015
1,51,2,0,0,40.0138
1,52,2,0,0,40.0127
1,53,2,0,0,40.0117
1,54,2,0,0,40.0109
1,55,2,0,0,40.0101
1,56,2,0,0,40.0095
1,57,2,0,0,40.0089
1,58,2,0,0,40.0084
1,59,2,0,0,40.008
1,60,2,0,0,40.0077
1,61,2,0,0,40.0074
1,62,2,0,0,40.0072
1,63,2,0,0,40.0071
1,0,3,0,1.95742e-05,42.2592
1,1,3,0,0,42.1086
1,2,3,0,0,41.9167
1,3,3,0,0,41.7167
1,4,3,0,0,41.5262
1,5,3,0,0,41.3523
1,6,3,0,0,41.1969
1,7,3,0,0,41.0596
1,8,3,0,0,40.9388
1,9,3,0,0,40.8327
1,10,3,0,0,40.7396
1,11,3,0,0,40.6579
1,12,3,0,0,40.586
1,13,3,0,0,40.5226
1,14,3,0,0,40.4668
1,15,3,0,0,40.4175
1,16,3,0,0,40.3739
1,17,3,0,0,40.3352
1,18,3,0,0,40.301
1,19,3,0,0,40.2706
1,20,3,0,0,40.2436
1,21,3,0,0,40.2197
1,22,3,0,0,40.1984
1,23,3,0,0,40.1794
1,24,3,0,0,40.1626
1,25,3,0,0,40.1477
1,26,3,0,0,40.1344
1,27,3,0,0,40.1227
1,28,3,0,0,40.1124
1,29,3,0,0,40.1033
1,30,3,0,0,40.0954
1,31,3,0,0,40.0885
1,32,3,0,1.95742e-05,40.0827
1,33,3,0,0,40.0747
1,34,3,0,0,40.0675
1,35,3,0,0,40.061
1,36,3,0,0,40.0552
1,37,3,0,0,40.05
1,38,3,0,0,40.0454
1,39,3,0,0,40.0412
1,40,3,0,0,40.0373
1,41,3,0,0,40.0339
1,42,3,0,0,40.0308
1,43,3,0,0,40.028
1,44,3,0,0,40.0255
1,45,3,0,0,40.0232
1,46,3,0,0,40.0212
1,47,3,0,0,40.0194
1,48,3,0,0,40.0177
1,49,3,0,0,40.0162
1,50,3,0,0,40.0149
1,51,3,0,0,40.0137
1,52,3,0,0,40.0126
1,53,3,0,0,40.0117
1,54,3,0,0,40.0108
1,55,3,0,0,40.0101
1,56,3,0,0,40.0094
1,57,3,0,0,40.0089
1,58,3,0,0,40.0084
1,59,3,0,0,40.008
1,60,3,0,0,40.0076
1,61,3,0,0,40.0074
1,62,3,0,0,40.0072
1,63,3,0,0,40.0071
1,0,4,0,1.95742e-05,41.9133
1,1,4,0,0,41.8107
1,2,4,0,0,41.6761
1,3,4,0,0,41.528
1,4,4,0,0,41.3795
1,5,4,0,0,41.2383
1,6,4,0,0,41.1078
1,7,4,0,0,40.9894
1,8,4,0,0,40.883
1,9,4,0,0,40.7881
1,10,4,0,0,40.7036
1,11,4,0,0,40.6286
1,12,4,0,0,40.562
1,13,4,0,0,40.5029
1,14,4,0,0,40.4504
1,15,4,0,0,40.4039
1,16,4,0,0,40.3625
1,17,4,0,0,40.3257
1,18,4,0,0,40.2929
1,19,4,0,0,40.2638
1,20,4,0,0,40.2378
1,21,4,0,0,40.2147
1,22,4,0,0,40.1941
1,23,4,0,0,40.1758
1,24,4,0,0,40.1595
1,25,4,0,0,40.145
1,26,4,0,0,40.1322
1,27,4,0,0,40.1208
1,28,4,0,0,40.1107
1,29,4,0,0,40.1019
1,30,4,0,0,40.0942
1,31,4,0,0,40.0875
1,32,4,0,1.95742e-05,40.0819
1,33,4,0,0,40.0739
1,34,4,0,0,40.0668
1,35,4,0,0,40.0605
1,36,4,0,0,40.0547
1,37,4,0,0,40.0496
1,38,4,0,0,40.045
1,39,4,0,0,40.0408
1,40,4,0,0,40.037
1,41,4,0,0,40.0336
1,42,4,0,0,40.0306
1,43,4,0,0,40.0278
1,44,4,0,0,40.0253
1,45,4,0,0,40.0231
1,46,4,0,0,40.021
1,47,4,0,0,40.0192
1,48,4,0,0,40.0176
1,49,4,0,0,40.0161
1,50,4,0,0,40.0148
1,51,4,0,0,40.0136
1,52,4,0,0,40.0125
1,53,4,0,0,40.0116
1,54,4,0,0,40.0107
1,55,4,0,0,40.01
1,56,4,0,0,40.0094
1,57,4,0,0,40.0088
1,58,4,0,0,40.0083
1,59,4,0,0,40.0079
1,60,4,0,0,40.0076
1,61,4,0,0,40.0073
1,62,4,0,0,40.0072
1,63,4,0,0,40.007
1,0,5,0,1.95742e-05,41.638
1,1,5,0,0,41.5647
1,2,5,0,0,41.467
1,3,5,0,0,41.3557
1,4,5,0,0,41.2399
1,5,5,0,0,41.1258
1,6,5,0,0,41.0174
1,7,5,0,0,40.9165
1,8,5,0,0,40.8241
1,9,5,0,0,40.7402
1,10,5,0,0,40.6644
1,11,5,0,0,40.5964
1,12,5,0,0,40.5354
1,13,5,0,0,40.4808
1,14,5,0,0,40.4321
1,15,5,0,0,40.3885
1,16,5,0,0,40.3495
1,17,5,0,0,40.3147
1,18,5,0,0,40.2837
1,19,5,0,0,40.2559
1,20,5,0,0,40.2311
1,21,5,0,0,40.209
1,22,5,0,0,40.1892
1,23,5,0,0,40.1716
1,24,5,0,0,40.1559
1,25,5,0,0,40.1419
1,26,5,0,0,40.1295
1,27,5,0,0,40.1185
1,28,5,0,0,40.1087
1,29,5,0,0,40.1002
1,30,5,0,0,40.0927
1,31,5,0,0,40.0863
1,32,5,0,1.95742e-05,40.0808
1,33,5,0,0,40.073
1,34,5,0,0,40.066
1,35,5,0,0,40.0598
1,36,5,0,0,40.0541
1,37,5,0,0,40.049
1,38,5,0,0,40.0445
1,39,5,0,0,40.0404
1,40,5,0,0,40.0366
1,41,5,0,0,40.0333
1,42,5,0,0,40.0303
1,43,5,0,0,40.0275
1,44,5,0,0,40.0251
1,45,5,0,0,40.0229
1,46,5,0,0,40.0208
1,47,5,0,0,40.019
1,48,5,0,0,40.0174
1,49,5,0,0,40.016
1,50,5,0,0,40.0146
1,51,5,0,0,40.0135
1,52,5,0,0,40.0124
1,53,5,0,0,40.0115
1,54,5,0,0,40.0107
1,55,5,0,0,40.0099
1,56,5,0,0,40.0093
1,57,5,0,0,40.0087
1,58,5,0,0,40.0083
1,59,5,0,0,40.0079
1,60,5,0,0,40.0076
1,61,5,0,0,40.0073
1,62,5,0,0,40.0071
1,63,5,0,0,40.007
1,0,6,0,1.95742e-05,41.4137
1,1,6,0,0,41.3596
1,2,6,0,0,41.2868
1,3,6,0,0,41.2018
1,4,6,0,0,41.1108
1,5,6,0,0,41.0188
1,6,6,0,0,40.9291
1,7,6,0,0,40.8438
1,8,6,0,0,40.7642
1,9,6,0,0,40.6907
1,10,6,0,0,40.6235
1,11,6,0,0,40.5624
1,12,6,0,0,40.5071
1,13,6,0,0,40.4571
1,14,6,0,0,40.4121
1,15,6,0,0,40.3717
1,16,6,0,0,40.3353
1,17,6,0,0,40.3027
1,18,6,0,0,40.2734
1,19,6,0,0,40.2472
1,20,6,0,0,40.2237
1,21,6,0,0,40.2026
1,22,6,0,0,40.1837
1,23,6,0,0,40.1669
1,24,6,0,0,40.1518
1,25,6,0,0,40.1384
1,26,6,0,0,40.1265
1,27,6,0,0,40.1159
1,28,6,0,0,40.1065
1,29,6,0,0,40.0983
1,30,6,0,0,40.0911
1,31,6,0,0,40.0849
1,32,6,0,1.95742e-05,40.0796
1,33,6,0,0,40.0719
1,34,6,0,0,40.0651
1,35,6,0,0,40.0589
1,36,6,0,0,40.0534
1,37,6,0,0,40.0484
1,38,6,0,0,40.0439
1,39,6,0,0,40.0399
1,40,6,0,0,40.0362
1,41,6,0,0,40.0329
1,42,6,0,0,40.0299
1,43,6,0,0,40.0272
1,44,6,0,0,40.0248
1,45,6,0,0,40.0226
1,46,6,0,0,40.0206
1,47,6,0,0,40.0188
1,48,6,0,0,40.0172
1,49,6,0,0,40.0158
1,50,6,0,0,40.0145
1,51,6,0,0,40.0133
1,52,6,0,0,40.0123
1,53,6,0,0,40.0114
1,54,6,0,0,40.0106
1,55,6,0,0,40.0099
1,56,6,0,0,40.0092
1,57,6,0,0,40.0087
1,58,6,0,0,40.0082
1,59,6,0,0,40.0078
1,60,6,0,0,40.0075
1,61,6,0,0,40.0072
1,62,6,0,0,40.0071
1,63,6,0,0,40.0069
1,0,7,0,1.95742e-05,41.2282
1,1,7,0,0,41.1872
1,2,7,0,0,41.1316
1,3,7,0,0,41.0657
1,4,7,0,0,40.9937
1,5,7,0,0,40.9192
1,6,7,0,0,40.8451
1,7,7,0,0,40.7733
1,8,7,0,0,40.7051
1,9,7,0,0,40.6412
1,10,7,0,0,40.582
1,11,7,0,0,40.5275
1,12,7,0,0,40.4777
1,13,7,0,0,40.4324
1,14,7,0,0,40.3912
1,15,7,0,0,40.3539
1,16,7,0,0,40.3202
1,17,7,0,0,40.2898
1,18,7,0,0,40.2624
1,19,7,0,0,40.2378
1,20,7,0,0,40.2156
1,21,7,0,0,40.1956
1,22,7,0,0,40.1778
1,23,7,0,0,40.1617
1,24,7,0,0,40.1474
1,25,7,0,0,40.1346
1,26,7,0,0,40.1231
1,27,7,0,0,40.113
1,28,7,0,0,40.104
1,29,7,0,0,40.0961
1,30,7,0,0,40.0892
1,31,7,0,0,40.0832
1,32,7,0,1.95742e-05,40.0781
1,33,7,0,0,40.0707
1,34,7,0,0,40.064
1,35,7,0,0,40.058
1,36,7,0,0,40.0526
1,37,7,0,0,40.0477
1,38,7,0,0,40.0433
1,39,7,0,0,40.0393
1,40,7,0,0,40.0357
1,41,7,0,0,40.0324
1,42,7,0,0,40.0295
1,43,7,0,0,40.0269
1,44,7,0,0,40.0245
1,45,7,0,0,40.0223
1,46,7,0,0,40.0204
1,47,7,0,0,40.0186
1,48,7,0,0,40.017
1,49,7,0,0,40.0156
1,50,7,0,0,40.0143
1,51,7,0,0,40.0132
1,52,7,0,0,40.0122
1,53,7,0,0,40.0113
1,54,7,0,0,40.0105
1,55,7,0,0,40.0098
1,56,7,0,0,40.0091
1,57,7,0,0,40.0086
1,58,7,0,0,40.0081
1,59,7,0,0,40.0077
1,60,7,0,0,40.0074
1,61,7,0,0,40.0072
1,62,7,0,0,40.007
1,63,7,0,0,40.0069
1,0,8,0,1.95742e-05,41.0729
1,1,8,0,0,41.0411
1,2,8,0,0,40.9979
1,3,8,0,0,40.946
1,4,8,0,0,40.8885
1,5,8,0,0,40.8279
1,6,8,0,0,40.7666
1,7,8,0,0,40.7062
1,8,8,0,0,40.648
1,9,8,0,0,40.5927
1,10,8,0,0,40.5408
1,11,8,0,0,40.4926
1,12,8,0,0,40.448
1,13,8,0,0,40.4071
1,14,8,0,0,40.3697
1,15,8,0,0,40.3355
1,16,8,0,0,40.3045
1,17,8,0,0,40.2764
1,18,8,0,0,40.2509
1,19,8,0,0,40.2278
1,20,8,0,0,40.207
1,21,8,0,0,40.1883
1,22,8,0,0,40.1714
1,23,8,0,0,40.1562
1,24,8,0,0,40.1426
1,25,8,0,0,40.1304
1,26,8,0,0,40.1195
1,27,8,0,0,40.1099
1,28,8,0,0,40.1013
1,29,8,0,0,40.0937
1,30,8,0,0,40.0871
1,31,8,0,0,40.0814
1,32,8,0,1.95742e-05,40.0766
1,33,8,0,0,40.0693
1,34,8,0,0,40.0628
1,35,8,0,0,40.0569
1,36,8,0,0,40.0516
1,37,8,0,0,40.0469
1,38,8,0,0,40.0425
1,39,8,0,0,40.0387
1,40,8,0,0,40.0351
1,41,8,0,0,40.032
1,42,8,0,0,40.0291
1,43,8,0,0,40.0265
1,44,8,0,0,40.0241
1,45,8,0,0,40.022
1,46,8,0,0,40.0201
1,47,8,0,0,40.0184
1,48,8,0,0,40.0168
1,49,8,0,0,40.0154
1,50,8,0,0,40.0142
1,51,8,0,0,40.013
1,52,8,0,0,40.012
1,53,8,0,0,40.0111
1,54,8,0,0,40.0104
1,55,8,0,0,40.0097
1,56,8,0,0,40.009
1,57,8,0,0,40.0085
1,58,8,0,0,40.0081
1,59,8,0,0,40.0077
1,60,8,0,0,40.0074
1,61,8,0,0,40.0071
1,62,8,0,0,40.0069
1,63,8,0,0,40.0068
1,0,9,0,1.95742e-05,40.9417
1,1,9,0,0,40.9165
1,2,9,0,0,40.8823
1,3,9,0,0,40.841
1,4,9,0,0,40.7945
1,5,9,0,0,40.745
1,6,9,0,0,40.6941
1,7,9,0,0,40.6433
1,8,9,0,0,40.5937
1,9,9,0,0,40.546
1,10,9,0,0,40.5007
1,11,9,0,0,40.4582
1,12,9,0,0,40.4185
1,13,9,0,0,40.3818
1,14,9,0,0,40.3479
1,15,9,0,0,40.3169
1,16,9,0,0,40.2884
1,17,9,0,0,40.2625
1,18,9,0,0,40.2389
1,19,9,0,0,40.2175
1,20,9,0,0,40.1981
1,21,9,0,0,40.1805
1,22,9,0,0,40.1647
1,23,9,0,0,40.1504
1,24,9,0,0,40.1375
1,25,9,0,0,40.126
1,26,9,0,0,40.1157
1,27,9,0,0,40.1065
1,28,9,0,0,40.0984
1,29,9,0,0,40.0912
1,30,9,0,0,40.0849
1,31,9,0,0,40.0795
1,32,9,0,1.95742e-05,40.0749
1,33,9,0,0,40.0679
1,34,9,0,0,40.0615
1,35,9,0,0,40.0558
1,36,9,0,0,40.0506
1,37,9,0,0,40.046
1,38,9,0,0,40.0418
1,39,9,0,0,40.038
1,40,9,0,0,40.0345
1,41,9,0,0,40.0314
1,42,9,0,0,40.0286
1,43,9,0,0,40.0261
1,44,9,0,0,40.0238
1,45,9,0,0,40.0217
1,46,9,0,0,40.0198
1,47,9,0,0,40.0181
1,48,9,0,0,40.0166
1,49,9,0,0,40.0152
1,50,9,0,0,40.014
1,51,9,0,0,40.0129
1,52,9,0,0,40.0119
1,53,9,0,0,40.011
1,54,9,0,0,40.0102
1,55,9,0,0,40.0095
1,56,9,0,0,40.0089
1,57,9,0,0,40.0084
1,58,9,0,0,40.008
1,59,9,0,0,40.0076
1,60,9,0,0,40.0073
1,61,9,0,0,40.007
1,62,9,0,0,40.0069
1,63,9,0,0,40.0067
1,0,10,0,1.95742e-05,40.8299
1,1,10,0,0,40.8096
1,2,10,0,0,40.7822
1,3,10,0,0,40.7487
1,4,10,0,0,40.7109
1,5,10,0,0,40.6702
1,6,10,0,0,40.6278
1,7,10,0,0,40.585
1,8,10,0,0,40.5427
1,9,10,0,0,40.5016
1,10,10,0,0,40.4622
1,11,10,0,0,40.4248
1,12,10,0,0,40.3896
1,13,10,0,0,40.3568
1,14,10,0,0,40.3263
1,15,10,0,0,40.2982
1,16,10,0,0,40.2723
1,17,10,0,0,40.2485
1,18,10,0,0,40.2268
1,19,10,0,0,40.207
1,20,10,0,0,40.1889
1,21,10,0,0,40.1726
1,22,10,0,0,40.1578
1,23,10,0,0,40.1444
1,24,10,0,0,40.1323
1,25,10,0,0,40.1214
1,26,10,0,0,40.1117
1,27,10,0,0,40.103
1,28,10,0,0,40.0953
1,29,10,0,0,40.0885
1,30,10,0,0,40.0826
1,31,10,0,0,40.0775
1,32,10,0,1.95742e-05,40.0731
1,33,10,0,0,40.0663
1,34,10,0,0,40.0602
1,35,10,0,0,40.0546
1,36,10,0,0,40.0496
1,37,10,0,0,40.045
1,38,10,0,0,40.0409
1,39,10,0,0,40.0372
1,40,10,0,0,40.0339
1,41,10,0,0,40.0308
1,42,10,0,0,40.0281
1,43,10,0,0,40.0256
1,44,10,0,0,40.0234
1,45,10,0,0,40.0213
1,46,10,0,0,40.0195
1,47,10,0,0,40.0178
1,48,10,0,0,40.0163
1,49,10,0,0,40.015
1,50,10,0,0,40.0138
1,51,10,0,0,40.0127
1,52,10,0,0,40.0117
1,53,10,0,0,40.0109
1,54,10,0,0,40.0101
1,55,10,0,0,40.0094
1,56,10,0,0,40.0088
1,57,10,0,0,40.0083
1,58,10,0,0,40.0079
1,59,10,0,0,40.0075
1,60,10,0,0,40.0072
1,61,10,0,0,40.007
1,62,10,0,0,40.0068
1,63,10,0,0,40.0067
1,0,11,0,1.95742e-05,40.7341
1,1,11,0,0,40.7175
1,2,11,0,0,40.695
1,3,11,0,0,40.6677
1,4,11,0,0,40.6367
1,5,11,0,0,40.6029
1,6,11,0,0,40.5675
1,7,11,0,0,40.5313
1,8,11,0,0,40.4952
1,9,11,0,0,40.4598
1,10,11,0,0,40.4255
1,11,11,0,0,40.3927
1,12,11,0,0,40.3617
1,13,11,0,0,40.3324
1,14,11,0,0,40.3051
1,15,11,0,0,40.2797
1,16,11,0,0,40.2562
1,17,11,0,0,40.2345
1,18,11,0,0,40.2146
1,19,11,0,0,40.1963
1,20,11,0,0,40.1797
1,21,11,0,0,40.1645
1,22,11,0,0,40.1507
1,23,11,0,0,40.1382
1,24,11,0,0,40.1269
1,25,11,0,0,40.1167
1,26,11,0,0,40.1076
1,27,11,0,0,40.0994
1,28,11,0,0,40.0922
1,29,11,0,0,40.0858
1,30,11,0,0,40.0802
1,31,11,0,0,40.0753
1,32,11,0,1.95742e-05,40.0712
1,33,11,0,0,40.0647
1,34,11,0,0,40.0587
1,35,11,0,0,40.0533
1,36,11,0,0,40.0484
1,37,11,0,0,40.044
1,38,11,0,0,40.0401
1,39,11,0,0,40.0364
1,40,11,0,0,40.0332
1,41,11,0,0,40.0302
1,42,11,0,0,40.0275
1,43,11,0,0,40.0251
1,44,11,0,0,40.0229
1,45,11,0,0,40.0209
1,46,11,0,0,40.0191
1,47,11,0,0,40.0175
1,48,11,0,0,40.0161
1,49,11,0,0,40.0147
1,50,11,0,0,40.0136
1,51,11,0,0,40.0125
1,52,11,0,0,40.0115
1,53,11,0,0,40.0107
1,54,11,0,0,40.0099
1,55,11,0,0,40.0093
1,56,11,0,0,40.0087
1,57,11,0,0,40.0082
1,58,11,0,0,40.0078
1,59,11,0,0,40.0074
1,60,11,0,0,40.0071
1,61,11,0,0,40.0069
1,62,11,0,0,40.0067
1,63,11,0,0,40.0066
1,0,12,0,1.95742e-05,40.6514
1,1,12,0,0,40.6376
1,2,12,0,0,40.6191
1,3,12,0,0,40.5965
1,4,12,0,0,40.5707
1,5,12,0,0,40.5426
1,6,12,0,0,40.5128
1,7,12,0,0,40.4822
1,8,12,0,0,40.4513
1,9,12,0,0,40.4208
1,10,12,0,0,40.391
1,11,12,0,0,40.3623
1,12,12,0,0,40.3349
1,13,12,0,0,40.3089
1,14,12,0,0,40.2845
1,15,12,0,0,40.2617
1,16,12,0,0,40.2404
1,17,12,0,0,40.2207
1,18,12,0,0,40.2025
1,19,12,0,0,40.1858
1,20,12,0,0,40.1704
1,21,12,0,0,40.1564
1,22,12,0,0,40.1436
1,23,12,0,0,40.132
1,24,12,0,0,40.1214
1,25,12,0,0,40.1119
1,26,12,0,0,40.1034
1,27,12,0,0,40.0957
1,28,12,0,0,40.0889
1,29,12,0,0,40.0829
1,30,12,0,0,40.0777
1,31,12,0,0,40.0731
1,32,12,0,1.95742e-05,40.0693
1,33,12,0,0,40.0629
1,34,12,0,0,40.0572
1,35,12,0,0,40.052
1,36,12,0,0,40.0473
1,37,12,0,0,40.043
1,38,12,0,0,40.0391
1,39,12,0,0,40.0356
1,40,12,0,0,40.0325
1,41,12,0,0,40.0296
1,42,12,0,0,40.027
1,43,12,0,0,40.0246
1,44,12,0,0,40.0225
1,45,12,0,0,40.0205
1,46,12,0,0,40.0188
1,47,12,0,0,40.0172
1,48,12,0,0,40.0158
1,49,12,0,0,40.0145
1,50,12,0,0,40.0133
1,51,12,0,0,40.0123
1,52,12,0,0,40.0114
1,53,12,0,0,40.0105
1,54,12,0,0,40.0098
1,55,12,0,0,40.0091
1,56,12,0,0,40.0086
1,57,12,0,0,40.0081
1,58,12,0,0,40.0076
1,59,12,0,0,40.0073
1,60,12,0,0,40.007
1,61,12,0,0,40.0068
1,62,12,0,0,40.0066
1,63,12,0,0,40.0065
1,0,13,0,1.95742e-05,40.5798
1,1,13,0,0,40.5681
1,2,13,0,0,40.5526
1,3,13,0,0,40.5338
1,4,13,0,0,40.5122
1,5,13,0,0,40.4886
1,6,13,0,0,40.4634
1,7,13,0,0,40.4374
1,8,13,0,0,40.411
1,9,13,0,0,40.3847
1,10,13,0,0,40.3588
1,11,13,0,0,40.3337
1,12,13,0,0,40.3095
1,13,13,0,0,40.2865
1,14,13,0,0,40.2647
1,15,13,0,0,40.2442
1,16,13,0,0,40.225
1,17,13,0,0,40.2071
1,18,13,0,0,40.1906
1,19,13,0,0,40.1753
1,20,13,0,0,40.1612
1,21,13,0,0,40.1483
1,22,13,0,0,40.1365
1,23,13,0,0,40.1257
1,24,13,0,0,40.1159
1,25,13,0,0,40.1071
1,26,13,0,0,40.0991
1,27,13,0,0,40.092
1,28,13,0,0,40.0856
1,29,13,0,0,40.08
1,30,13,0,0,40.0751
1,31,13,0,0,40.0709
1,32,13,0,1.95742e-05,40.0673
1,33,13,0,0,40.0612
1,34,13,0,0,40.0556
1,35,13,0,0,40.0506
1,36,13,0,0,40.0461
1,37,13,0,0,40.0419
1,38,13,0,0,40.0382
1,39,13,0,0,40.0348
1,40,13,0,0,40.0317
1,41,13,0,0,40.0289
1,42,13,0,0,40.0264
1,43,13,0,0,40.0241
1,44,13,0,0,40.022
1,45,13,0,0,40.0201
1,46,13,0,0,40.0184
1,47,13,0,0,40.0169
1,48,13,0,0,40.0155
1,49,13,0,0,40.0142
1,50,13,0,0,40.0131
1,51,13,0,0,40.0121
1,52,13,0,0,40.0112
1,53,13,0,0,40.0103
1,54,13,0,0,40.0096
1,55,13,0,0,40.009
1,56,13,0,0,40.0084
1,57,13,0,0,40.0079
1,58,13,0,0,40.0075
1,59,13,0,0,40.0072
1,60,13,0,0,40.0069
1,61,13,0,0,40.0067
1,62,13,0,0,40.0065
1,63,13,0,0,40.0064
1,0,14,0,1.95742e-05,40.5174
1,1,14,0,0,40.5074
1,2,14,0,0,40.4943
1,3,14,0,0,40.4784
1,4,14,0,0,40.4602
1,5,14,0,0,40.4403
1,6,14,0,0,40.4189
1,7,14,0,0,40.3967
1,8,14,0,0,40.374
1,9,14,0,0,40.3513
1,10,14,0,0,40.3288
1,11,14,0,0,40.3068
1,12,14,0,0,40.2856
1,13,14,0,0,40.2652
1,14,14,0,0,40.2458
1,15,14,0,0,40.2274
1,16,14,0,0,40.2101
1,17,14,0,0,40.194
1,18,14,0,0,40.179
1,19,14,0,0,40.165
1,20,14,0,0,40.1522
1,21,14,0,0,40.1403
1,22,14,0,0,40.1294
1,23,14,0,0,40.1195
1,24,14,0,0,40.1104
1,25,14,0,0,40.1022
1,26,14,0,0,40.0948
1,27,14,0,0,40.0882
1,28,14,0,0,40.0823
1,29,14,0,0,40.0771
1,30,14,0,0,40.0725
1,31,14,0,0,40.0686
1,32,14,0,1.95742e-05,40.0653
1,33,14,0,0,40.0594
1,34,14,0,0,40.054
1,35,14,0,0,40.0492
1,36,14,0,0,40.0448
1,37,14,0,0,40.0408
1,38,14,0,0,40.0372
1,39,14,0,0,40.0339
1,40,14,0,0,40.0309
1,41,14,0,0,40.0282
1,42,14,0,0,40.0258
1,43,14,0,0,40.0235
1,44,14,0,0,40.0215
1,45,14,0,0,40.0197
1,46,14,0,0,40.018
1,47,14,0,0,40.0165
1,48,14,0,0,40.0152
1,49,14,0,0,40.0139
1,50,14,0,0,40.0128
1,51,14,0,0,40.0118
1,52,14,0,0,40.0109
1,53,14,0,0,40.0102
1,54,14,0,0,40.0095
1,55,14,0,0,40.0088
1,56,14,0,0,40.0083
1,57,14,0,0,40.0078
1,58,14,0,0,40.0074
1,59,14,0,0,40.0071
1,60,14,0,0,40.0068
1,61,14,0,0,40.0066
1,62,14,0,0,40.0064
1,63,14,0,0,40.0063
1,0,15,0,1.95742e-05,40.4629
1,1,15,0,0,40.4542
1,2,15,0,0,40.443
1,3,15,0,0,40.4295
1,4,15,0,0,40.4141
1,5,15,0,0,40.397
1,6,15,0,0,40.3788
1,7,15,0,0,40.3598
1,8,15,0,0,40.3403
1,9,15,0,0,40.3206
1,10,15,0,0,40.301
1,11,15,0,0,40.2818
1,12,15,0,0,40.2631
1,13,15,0,0,40.245
1,14,15,0,0,40.2278
1,15,15,0,0,40.2114
1,16,15,0,0,40.1959
1,17,15,0,0,40.1813
1,18,15,0,0,40.1677
1,19,15,0,0,40.1551
1,20,15,0,0,40.1433
1,21,15,0,0,40.1325
1,22,15,0,0,40.1225
1,23,15,0,0,40.1133
1,24,15,0,0,40.105
1,25,15,0,0,40.0974
1,26,15,0,0,40.0906
1,27,15,0,0,40.0844
1,28,15,0,0,40.0789
1,29,15,0,0,40.0741
1,30,15,0,0,40.0699
1,31,15,0,0,40.0662
1,32,15,0,1.95742e-05,40.0632
1,33,15,0,0,40.0575
1,34,15,0,0,40.0524
1,35,15,0,0,40.0478
1,36,15,0,0,40.0435
1,37,15,0,0,40.0397
1,38,15,0,0,40.0362
1,39,15,0,0,40.033
1,40,15,0,0,40.0301
1,41,15,0,0,40.0275
1,42,15,0,0,40.0251
1,43,15,0,0,40.023
1,44,15,0,0,40.021
1,45,15,0,0,40.0192
1,46,15,0,0,40.0176
1,47,15,0,0,40.0162
1,48,15,0,0,40.0148
1,49,15,0,0,40.0136
1,50,15,0,0,40.0126
1,51,15,0,0,40.0116
1,52,15,0,0,40.0107
1,53,15,0,0,40.01
1,54,15,0,0,40.0093
1,55,15,0,0,40.0087
1,56,15,0,0,40.0081
1,57,15,0,0,40.0077
1,58,15,0,0,40.0073
1,59,15,0,0,40.0069
1,60,15,0,0,40.0067
1,61,15,0,0,40.0065
1,62,15,0,0,40.0063
1,63,15,0,0,40.0062
1,0,16,0,1.95742e-05,40.4151
1,1,16,0,0,40.4075
1,2,16,0,0,40.3978
1,3,16,0,0,40.3862
1,4,16,0,0,40.373
1,5,16,0,0,40.3584
1,6,16,0,0,40.3428
1,7,16,0,0,40.3264
1,8,16,0,0,40.3096
1,9,16,0,0,40.2925
1,10,16,0,0,40.2754
1,11,16,0,0,40.2586
1,12,16,0,0,40.2421
1,13,16,0,0,40.2262
1,14,16,0,0,40.2108
1,15,16,0,0,40.1962
1,16,16,0,0,40.1823
1,17,16,0,0,40.1692
1,18,16,0,0,40.1569
1,19,16,0,0,40.1454
1,20,16,0,0,40.1347
1,21,16,0,0,40.1248
1,22,16,0,0,40.1157
1,23,16,0,0,40.1073
1,24,16,0,0,40.0996
1,25,16,0,0,40.0927
1,26,16,0,0,40.0864
1,27,16,0,0,40.0807
1,28,16,0,0,40.0756
1,29,16,0,0,40.0711
1,30,16,0,0,40.0673
1,31,16,0,0,40.0639
1,32,16,0,1.95742e-05,40.0611
1,33,16,0,0,40.0557
1,34,16,0,0,40.0508
1,35,16,0,0,40.0463
1,36,16,0,0,40.0422
1,37,16,0,0,40.0385
1,38,16,0,0,40.0352
1,39,16,0,0,40.0321
1,40,16,0,0,40.0293
1,41,16,0,0,40.0268
1,42,16,0,0,40.0245
1,43,16,0,0,40.0224
1,44,16,0,0,40.0205
1,45,16,0,0,40.0188
1,46,16,0,0,40.0172
1,47,16,0,0,40.0158
1,48,16,0,0,40.0145
1,49,16,0,0,40.0133
1,50,16,0,0,40.0123
1,51,16,0,0,40.0114
1,52,16,0,0,40.0105
1,53,16,0,0,40.0098
1,54,16,0,0,40.0091
1,55,16,0,0,40.0085
1,56,16,0,0,40.008
1,57,16,0,0,40.0075
1,58,16,0,0,40.0072
1,59,16,0,0,40.0068
1,60,16,0,0,40.0066
1,61,16,0,0,40.0063
1,62,16,0,0,40.0062
1,63,16,0,0,40.0061
1,0,17,0,1.95742e-05,40.3731
1,1,17,0,0,40.3663
1,2,17,0,0,40.3578
1,3,17,0,0,40.3478
1,4,17,0,0,40.3364
1,5,17,0,0,40.3239
1,6,17,0,0,40.3104
1,7,17,0,0,40.2963
1,8,17,0,0,40.2816
1,9,17,0,0,40.2668
1,10,17,0,0,40.2519
1,11,17,0,0,40.2371
1,12,17,0,0,40.2226
1,13,17,0,0,40.2085
1,14,17,0,0,40.1949
1,15,17,0,0,40.1819
1,16,17,0,0,40.1694
1,17,17,0,0,40.1577
1,18,17,0,0,40.1466
1,19,17,0,0,40.1362
1,20,17,0,0,40.1265
1,21,17,0,0,40.1175
1,22,17,0,0,40.1091
1,23,17,0,0,40.1015
1,24,17,0,0,40.0944
1,25,17,0,0,40.088
1,26,17,0,0,40.0822
1,27,17,0,0,40.077
1,28,17,0,0,40.0723
1,29,17,0,0,40.0682
1,30,17,0,0,40.0647
1,31,17,0,0,40.0616
1,32,17,0,1.95742e-05,40.0591
1,33,17,0,0,40.0539
1,34,17,0,0,40.0492
1,35,17,0,0,40.0449
1,36,17,0,0,40.0409
1,37,17,0,0,40.0374
1,38,17,0,0,40.0341
1,39,17,0,0,40.0312
1,40,17,0,0,40.0285
1,41,17,0,0,40.0261
1,42,17,0,0,40.0238
1,43,17,0,0,40.0218
1,44,17,0,0,40.02
1,45,17,0,0,40.0183
1,46,17,0,0,40.0168
1,47,17,0,0,40.0154
1,48,17,0,0,40.0142
1,49,17,0,0,40.013
1,50,17,0,0,40.012
1,51,17,0,0,40.0111
1,52,17,0,0,40.0103
1,53,17,0,0,40.0096
1,54,17,0,0,40.0089
1,55,17,0,0,40.0083
1,56,17,0,0,40.0078
1,57,17,0,0,40.0074
1,58,17,0,0,40.007
1,59,17,0,0,40.0067
1,60,17,0,0,40.0064
1,61,17,0,0,40.0062
1,62,17,0,0,40.0061
1,63,17,0,0,40.006
1,0,18,0,1.95742e-05,40.3361
1,1,18,0,0,40.3299
1,2,18,0,0,40.3225
1,3,18,0,0,40.3137
1,4,18,0,0,40.3038
1,5,18,0,0,40.2929
1,6,18,0,0,40.2813
1,7,18,0,0,40.269
1,8,18,0,0,40.2563
1,9,18,0,0,40.2434
1,10,18,0,0,40.2303
1,11,18,0,0,40.2174
1,12,18,0,0,40.2046
1,13,18,0,0,40.1921
1,14,18,0,0,40.18
1,15,18,0,0,40.1684
1,16,18,0,0,40.1573
1,17,18,0,0,40.1467
1,18,18,0,0,40.1367
1,19,18,0,0,40.1273
1,20,18,0,0,40.1186
1,21,18,0,0,40.1104
1,22,18,0,0,40.1028
1,23,18,0,0,40.0958
1,24,18,0,0,40.0893
1,25,18,0,0,40.0835
1,26,18,0,0,40.0782
1,27,18,0,0,40.0734
1,28,18,0,0,40.0691
1,29,18,0,0,40.0653
1,30,18,0,0,40.0621
1,31,18,0,0,40.0593
1,32,18,0,1.95742e-05,40.057
1,33,18,0,0,40.0521
1,34,18,0,0,40.0475
1,35,18,0,0,40.0434
1,36,18,0,0,40.0397
1,37,18,0,0,40.0362
1,38,18,0,0,40.0331
1,39,18,0,0,40.0303
1,40,18,0,0,40.0277
1,41,18,0,0,40.0253
1,42,18,0,0,40.0232
1,43,18,0,0,40.0212
1,44,18,0,0,40.0194
1,45,18,0,0,40.0178
1,46,18,0,0,40.0164
1,47,18,0,0,40.015
1,48,18,0,0,40.0138
1,49,18,0,0,40.0127
1,50,18,0,0,40.0117
1,51,18,0,0,40.0109
1,52,18,0,0,40.0101
1,53,18,0,0,40.0094
1,54,18,0,0,40.0087
1,55,18,0,0,40.0082
1,56,18,0,0,40.0077
1,57,18,0,0,40.0072
1,58,18,0,0,40.0069
1,59,18,0,0,40.0066
1,60,18,0,0,40.0063
1,61,18,0,0,40.0061
1,62,18,0,0,40.006
1,63,18,0,0,40.0059
1,0,19,0,1.95742e-05,40.3033
1,1,19,0,0,40.2978
1,2,19,0,0,40.2911
1,3,19,0,0,40.2834
1,4,19,0,0,40.2747
1,5,19,0,0,40.2653
1,6,19,0,0,40.2551
1,7,19,0,0,40.2444
1,8,19,0,0,40.2333
1,9,19,0,0,40.222
1,10,19,0,0,40.2106
1,11,19,0,0,40.1992
1,12,19,0,0,40.1879
1,13,19,0,0,40.1769
1,14,19,0,0,40.1662
1,15,19,0,0,40.1558
1,16,19,0,0,40.1459
1,17,19,0,0,40.1364
1,18,19,0,0,40.1274
1,19,19,0,0,40.1189
1,20,19,0,0,40.111
1,21,19,0,0,40.1036
1,22,19,0,0,40.0967
1,23,19,0,0,40.0903
1,24,19,0,0,40.0844
1,25,19,0,0,40.0791
1,26,19,0,0,40.0742
1,27,19,0,0,40.0699
1,28,19,0,0,40.066
1,29,19,0,0,40.0625
1,30,19,0,0,40.0596
1,31,19,0,0,40.0571
1,32,19,0,1.95742e-05,40.055
1,33,19,0,0,40.0503
1,34,19,0,0,40.0459
1,35,19,0,0,40.042
1,36,19,0,0,40.0384
1,37,19,0,0,40.0351
1,38,19,0,0,40.0321
1,39,19,0,0,40.0294
1,40,19,0,0,40.0269
1,41,19,0,0,40.0246
1,42,19,0,0,40.0225
1,43,19,0,0,40.0206
1,44,19,0,0,40.0189
1,45,19,0,0,40.0174
1,46,19,0,0,40.0159
1,47,19,0,0,40.0146
1,48,19,0,0,40.0135
1,49,19,0,0,40.0124
1,50,19,0,0,40.0115
1,51,19,0,0,40.0106
1,52,19,0,0,40.0098
1,53,19,0,0,40.0091
1,54,19,0,0,40.0085
1,55,19,0,0,40.008
1,56,19,0,0,40.0075
1,57,19,0,0,40.0071
1,58,19,0,0,40.0067
1,59,19,0,0,40.0064
1,60,19,0,0,40.0062
1,61,19,0,0,40.006
1,62,19,0,0,40.0059
1,63,19,0,0,40.0058
1,0,20,0,1.95742e-05,40.2744
1,1,20,0,0,40.2693
1,2,20,0,0,40.2633
1,3,20,0,0,40.2564
1,4,20,0,0,40.2488
1,5,20,0,0,40.2405
1,6,20,0,0,40.2316
1,7,20,0,0,40.2222
1,8,20,0,0,40.2125
1,9,20,0,0,40.2026
1,10,20,0,0,40.1926
1,11,20,0,0,40.1825
1,12,20,0,0,40.1726
1,13,20,0,0,40.1628
1,14,20,0,0,40.1533
1,15,20,0,0,40.144
1,16,20,0,0,40.1352
1,17,20,0,0,40.1267
1,18,20,0,0,40.1186
1,19,20,0,0,40.111
1,20,20,0,0,40.1038
1,21,20,0,0,40.0971
1,22,20,0,0,40.0908
1,23,20,0,0,40.085
1,24,20,0,0,40.0797
1,25,20,0,0,40.0748
1,26,20,0,0,40.0704
1,27,20,0,0,40.0664
1,28,20,0,0,40.0629
1,29,20,0,0,40.0598
1,30,20,0,0,40.0571
1,31,20,0,0,40.0549
1,32,20,0,1.95742e-05,40.0531
1,33,20,0,0,40.0485
1,34,20,0,0,40.0443
1,35,20,0,0,40.0406
1,36,20,0,0,40.0371
1,37,20,0,0,40.0339
1,38,20,0,0,40.0311
1,39,20,0,0,40.0284
1,40,20,0,0,40.026
1,41,20,0,0,40.0239
1,42,20,0,0,40.0219
1,43,20,0,0,40.02
1,44,20,0,0,40.0184
1,45,20,0,0,40.0169
1,46,20,0,0,40.0155
1,47,20,0,0,40.0143
1,48,20,0,0,40.0131
1,49,20,0,0,40.0121
1,50,20,0,0,40.0112
1,51,20,0,0,40.0104
1,52,20,0,0,40.0096
1,53,20,0,0,40.0089
1,54,20,0,0,40.0083
1,55,20,0,0,40.0078
1,56,20,0,0,40.0073
1,57,20,0,0,40.0069
1,58,20,0,0,40.0066
1,59,20,0,0,40.0063
1,60,20,0,0,40.0061
1,61,20,0,0,40.0059
1,62,20,0,0,40.0057
1,63,20,0,0,40.0056
1,0,21,0,1.95742e-05,40.2487
1,1,21,0,0,40.244
1,2,21,0,0,40.2385
1,3,21,0,0,40.2324
1,4,21,0,0,40.2256
1,5,21,0,0,40.2183
1,6,21,0,0,40.2104
1,7,21,0,0,40.2022
1,8,21,0,0,40.1937
1,9,21,0,0,40.185
1,10,21,0,0,40.1761
1,11,21,0,0,40.1673
1,12,21,0,0,40.1585
1,13,21,0,0,40.1498
1,14,21,0,0,40.1413
1,15,21,0,0,40.1331
1,16,21,0,0,40.1252
1,17,21,0,0,40.1176
1,18,21,0,0,40.1103
1,19,21,0,0,40.1035
1,20,21,0,0,40.097
1,21,21,0,0,40.0909
1,22,21,0,0,40.0853
1,23,21,0,0,40.08
1,24,21,0,0,40.0752
1,25,21,0,0,40.0708
1,26,21,0,0,40.0667
1,27,21,0,0,40.0631
1,28,21,0,0,40.0599
1,29,21,0,0,40.0571
1,30,21,0,0,40.0547
1,31,21,0,0,40.0527
1,32,21,0,1.95742e-05,40.0511
1,33,21,0,0,40.0468
1,34,21,0,0,40.0428
1,35,21,0,0,40.0392
1,36,21,0,0,40.0359
1,37,21,0,0,40.0328
1,38,21,0,0,40.0301
1,39,21,0,0,40.0275
1,40,21,0,0,40.0252
1,41,21,0,0,40.0231
1,42,21,0,0,40.0212
1,43,21,0,0,40.0195
1,44,21,0,0,40.0179
1,45,21,0,0,40.0164
1,46,21,0,0,40.0151
1,47,21,0,0,40.0139
1,48,21,0,0,40.0128
1,49,21,0,0,40.0118
1,50,21,0,0,40.0109
1,51,21,0,0,40.0101
1,52,21,0,0,40.0094
1,53,21,0,0,40.0087
1,54,21,0,0,40.0081
1,55,21,0,0,40.0076
1,56,21,0,0,40.0072
1,57,21,0,0,40.0068
1,58,21,0,0,40.0065
1,59,21,0,0,40.0062
1,60,21,0,0,40.0059
1,61,21,0,0,40.0058
1,62,21,0,0,40.0056
1,63,21,0,0,40.0055
1,0,22,0,1.95742e-05,40.2258
1,1,22,0,0,40.2214
1,2,22,0,0,40.2165
1,3,22,0,0,40.211
1,4,22,0,0,40.2049
1,5,22,0,0,40.1984
1,6,22,0,0,40.1914
1,7,22,0,0,40.1842
1,8,22,0,0,40.1766
1,9,22,0,0,40.1689
1,10,22,0,0,40.1611
1,11,22,0,0,40.1533
1,12,22,0,0,40.1455
1,13,22,0,0,40.1378
1,14,22,0,0,40.1303
1,15,22,0,0,40.1229
1,16,22,0,0,40.1159
1,17,22,0,0,40.109
1,18,22,0,0,40.1026
1,19,22,0,0,40.0964
1,20,22,0,0,40.0906
1,21,22,0,0,40.0851
1,22,22,0,0,40.08
1,23,22,0,0,40.0752
1,24,22,0,0,40.0708
1,25,22,0,0,40.0668
1,26,22,0,0,40.0632
1,27,22,0,0,40.0599
1,28,22,0,0,40.0571
1,29,22,0,0,40.0545
1,30,22,0,0,40.0524
1,31,22,0,0,40.0506
1,32,22,0,1.95742e-05,40.0492
1,33,22,0,0,40.0451
1,34,22,0,0,40.0413
1,35,22,0,0,40.0378
1,36,22,0,0,40.0346
1,37,22,0,0,40.0317
1,38,22,0,0,40.0291
1,39,22,0,0,40.0267
1,40,22,0,0,40.0244
1,41,22,0,0,40.0224
1,42,22,0,0,40.0206
1,43,22,0,0,40.0189
1,44,22,0,0,40.0173
1,45,22,0,0,40.0159
1,46,22,0,0,40.0147
1,47,22,0,0,40.0135
1,48,22,0,0,40.0124
1,49,22,0,0,40.0115
1,50,22,0,0,40.0106
1,51,22,0,0,40.0098
1,52,22,0,0,40.0091
1,53,22,0,0,40.0085
1,54,22,0,0,40.0079
1,55,22,0,0,40.0075
1,56,22,0,0,40.007
1,57,22,0,0,40.0066
1,58,22,0,0,40.0063
1,59,22,0,0,40.006
1,60,22,0,0,40.0058
1,61,22,0,0,40.0056
1,62,22,0,0,40.0055
1,63,22,0,0,40.0054
1,0,23,0,1.95742e-05,40.2055
1,1,23,0,0,40.2014
1,2,23,0,0,40.1968
1,3,23,0,0,40.1918
1,4,23,0,0,40.1863
1,5,23,0,0,40.1805
1,6,23,0,0,40.1743
1,7,23,0,0,40.1679
1,8,23,0,0,40.1612
1,9,23,0,0,40.1544
1,10,23,0,0,40.1475
1,11,23,0,0,40.1405
1,12,23,0,0,40.1336
1,13,23,0,0,40.1268
1,14,23,0,0,40.1201
1,15,23,0,0,40.1135
1,16,23,0,0,40.1072
1,17,23,0,0,40.1011
1,18,23,0,0,40.0953
1,19,23,0,0,40.0897
1,20,23,0,0,40.0845
1,21,23,0,0,40.0796
1,22,23,0,0,40.075
1,23,23,0,0,40.0707
1,24,23,0,0,40.0667
1,25,23,0,0,40.0631
1,26,23,0,0,40.0598
1,27,23,0,0,40.0569
1,28,23,0,0,40.0543
1,29,23,0,0,40.052
1,30,23,0,0,40.0501
1,31,23,0,0,40.0486
1,32,23,0,1.95742e-05,40.0474
1,33,23,0,0,40.0434
1,34,23,0,0,40.0398
1,35,23,0,0,40.0365
1,36,23,0,0,40.0334
1,37,23,0,0,40.0306
1,38,23,0,0,40.0281
1,39,23,0,0,40.0258
1,40,23,0,0,40.0237
1,41,23,0,0,40.0217
1,42,23,0,0,40.0199
1,43,23,0,0,40.0183
1,44,23,0,0,40.0168
1,45,23,0,0,40.0155
1,46,23,0,0,40.0142
1,47,23,0,0,40.0131
1,48,23,0,0,40.0121
1,49,23,0,0,40.0112
1,50,23,0,0,40.0103
1,51,23,0,0,40.0096
1,52,23,0,0,40.0089
1,53,23,0,0,40.0083
1,54,23,0,0,40.0078
1,55,23,0,0,40.0073
1,56,23,0,0,40.0069
1,57,23,0,0,40.0065
1,58,23,0,0,40.0062
1,59,23,0,0,40.0059
1,60,23,0,0,40.0057
1,61,23,0,0,40.0055
1,62,23,0,0,40.0054
1,63,23,0,0,40.0053
1,0,24,0,1.95742e-05,40.1874
1,1,24,0,0,40.1835
1,2,24,0,0,40.1793
1,3,24,0,0,40.1747
1,4,24,0,0,40.1697
1,5,24,0,0,40.1645
1,6,24,0,0,40.159
1,7,24,0,0,40.1532
1,8,24,0,0,40.1473
1,9,24,0,0,40.1412
1,10,24,0,0,40.1351
1,11,24,0,0,40.1289
1,12,24,0,0,40.1227
1,13,24,0,0,40.1167
1,14,24,0,0,40.1107
1,15,24,0,0,40.1048
1,16,24,0,0,40.0992
1,17,24,0,0,40.0937
1,18,24,0,0,40.0885
1,19,24,0,0,40.0835
1,20,24,0,0,40.0788
1,21,24,0,0,40.0744
1,22,24,0,0,40.0702
1,23,24,0,0,40.0664
1,24,24,0,0,40.0628
1,25,24,0,0,40.0596
1,26,24,0,0,40.0566
1,27,24,0,0,40.054
1,28,24,0,0,40.0517
1,29,24,0,0,40.0497
1,30,24,0,0,40.048
1,31,24,0,0,40.0466
1,32,24,0,1.95742e-05,40.0457
1,33,24,0,0,40.0418
1,34,24,0,0,40.0384
1,35,24,0,0,40.0352
1,36,24,0,0,40.0323
1,37,24,0,0,40.0296
1,38,24,0,0,40.0272
1,39,24,0,0,40.0249
1,40,24,0,0,40.0229
1,41,24,0,0,40.021
1,42,24,0,0,40.0193
1,43,24,0,0,40.0177
1,44,24,0,0,40.0163
1,45,24,0,0,40.015
1,46,24,0,0,40.0138
1,47,24,0,0,40.0127
1,48,24,0,0,40.0118
1,49,24,0,0,40.0109
1,50,24,0,0,40.0101
1,51,24,0,0,40.0093
1,52,24,0,0,40.0087
1,53,24,0,0,40.0081
1,54,24,0,0,40.0076
1,55,24,0,0,40.0071
1,56,24,0,0,40.0067
1,57,24,0,0,40.0063
1,58,24,0,0,40.006
1,59,24,0,0,40.0058
1,60,24,0,0,40.0056
1,61,24,0,0,40.0054
1,62,24,0,0,40.0053
1,63,24,0,0,40.0052
1,0,25,0,1.95742e-05,40.1713
1,1,25,0,0,40.1676
1,2,25,0,0,40.1636
1,3,25,0,0,40.1594
1,4,25,0,0,40.1549
1,5,25,0,0,40.1501
1,6,25,0,0,40.1451
1,7,25,0,0,40.14
1,8,25,0,0,40.1347
1,9,25,0,0,40.1293
1,10,25,0,0,40.1238
1,11,25,0,0,40.1183
1,12,25,0,0,40.1128
1,13,25,0,0,40.1074
1,14,25,0,0,40.102
1,15,25,0,0,40.0968
1,16,25,0,0,40.0918
1,17,25,0,0,40.0869
1,18,25,0,0,40.0822
1,19,25,0,0,40.0777
1,20,25,0,0,40.0735
1,21,25,0,0,40.0695
1,22,25,0,0,40.0658
1,23,25,0,0,40.0623
1,24,25,0,0,40.0591
1,25,25,0,0,40.0562
1,26,25,0,0,40.0536
1,27,25,0,0,40.0512
1,28,25,0,0,40.0491
1,29,25,0,0,40.0474
1,30,25,0,0,40.0459
1,31,25,0,0,40.0448
1,32,25,0,1.95742e-05,40.044
1,33,25,0,0,40.0403
1,34,25,0,0,40.037
1,35,25,0,0,40.0339
1,36,25,0,0,40.0311
1,37,25,0,0,40.0286
1,38,25,0,0,40.0262
1,39,25,0,0,40.0241
1,40,25,0,0,40.0221
1,41,25,0,0,40.0203
1,42,25,0,0,40.0187
1,43,25,0,0,40.0172
1,44,25,0,0,40.0158
1,45,25,0,0,40.0146
1,46,25,0,0,40.0134
1,47,25,0,0,40.0124
1,48,25,0,0,40.0114
1,49,25,0,0,40.0106
1,50,25,0,0,40.0098
1,51,25,0,0,40.0091
1,52,25,0,0,40.0084
1,53,25,0,0,40.0079
1,54,25,0,0,40.0074
1,55,25,0,0,40.0069
1,56,25,0,0,40.0065
1,57,25,0,0,40.0062
1,58,25,0,0,40.0059
1,59,25,0,0,40.0056
1,60,25,0,0,40.0054
1,61,25,0,0,40.0053
1,62,25,0,0,40.0051
1,63,25,0,0,40.0051
1,0,26,0,1.95742e-05,40.1568
1,1,26,0,0,40.1533
1,2,26,0,0,40.1496
1,3,26,0,0,40.1456
1,4,26,0,0,40.1415
1,5,26,0,0,40.1372
1,6,26,0,0,40.1327
1,7,26,0,0,40.128
1,8,26,0,0,40.1233
1,9,26,0,0,40.1184
1,10,26,0,0,40.1135
1,11,26,0,0,40.1086
1,12,26,0,0,40.1037
1,13,26,0,0,40.0989
1,14,26,0,0,40.0941
1,15,26,0,0,40.0894
1,16,26,0,0,40.0849
1,17,26,0,0,40.0805
1,18,26,0,0,40.0763
1,19,26,0,0,40.0723
1,20,26,0,0,40.0685
1,21,26,0,0,40.065
1,22,26,0,0,40.0616
1,23,26,0,0,40.0585
1,24,26,0,0,40.0556
1,25,26,0,0,40.053
1,26,26,0,0,40.0507
1,27,26,0,0,40.0486
1,28,26,0,0,40.0467
1,29,26,0,0,40.0452
1,30,26,0,0,40.0439
1,31,26,0,0,40.043
1,32,26,0,1.95742e-05,40.0423
1,33,26,0,0,40.0388
1,34,26,0,0,40.0356
1,35,26,0,0,40.0327
1,36,26,0,0,40.03
1,37,26,0,0,40.0276
1,38,26,0,0,40.0253
1,39,26,0,0,40.0233
1,40,26,0,0,40.0214
1,41,26,0,0,40.0197
1,42,26,0,0,40.0181
1,43,26,0,0,40.0166
1,44,26,0,0,40.0153
1,45,26,0,0,40.0141
1,46,26,0,0,40.013
1,47,26,0,0,40.012
1,48,26,0,0,40.0111
1,49,26,0,0,40.0103
1,50,26,0,0,40.0095
1,51,26,0,0,40.0088
1,52,26,0,0,40.0082
1,53,26,0,0,40.0077
1,54,26,0,0,40.0072
1,55,26,0,0,40.0067
1,56,26,0,0,40.0064
1,57,26,0,0,40.006
1,58,26,0,0,40.0057
1,59,26,0,0,40.0055
1,60,26,0,0,40.0053
1,61,26,0,0,40.0051
1,62,26,0,0,40.005
1,63,26,0,0,40.0049
1,0,27,0,1.95742e-05,40.1439
1,1,27,0,0,40.1405
1,2,27,0,0,40.137
1,3,27,0,0,40.1333
1,4,27,0,0,40.1295
1,5,27,0,0,40.1256
1,6,27,0,0,40.1215
1,7,27,0,0,40.1173
1,8,27,0,0,40.113
1,9,27,0,0,40.1086
1,10,27,0,0,40.1042
1,11,27,0,0,40.0998
1,12,27,0,0,40.0954
1,13,27,0,0,40.0911
1,14,27,0,0,40.0868
1,15,27,0,0,40.0826
1,16,27,0,0,40.0786
1,17,27,0,0,40.0747
1,18,27,0,0,40.0709
1,19,27,0,0,40.0673
1,20,27,0,0,40.0639
1,21,27,0,0,40.0607
1,22,27,0,0,40.0577
1,23,27,0,0,40.0549
1,24,27,0,0,40.0524
1,25,27,0,0,40.05
1,26,27,0,0,40.0479
1,27,27,0,0,40.0461
1,28,27,0,0,40.0445
1,29,27,0,0,40.0431
1,30,27,0,0,40.042
1,31,27,0,0,40.0413
1,32,27,0,1.95742e-05,40.0408
1,33,27,0,0,40.0374
1,34,27,0,0,40.0344
1,35,27,0,0,40.0315
1,36,27,0,0,40.029
1,37,27,0,0,40.0266
1,38,27,0,0,40.0245
1,39,27,0,0,40.0225
1,40,27,0,0,40.0207
1,41,27,0,0,40.019
1,42,27,0,0,40.0175
1,43,27,0,0,40.0161
1,44,27,0,0,40.0148
1,45,27,0,0,40.0137
1,46,27,0,0,40.0126
1,47,27,0,0,40.0117
1,48,27,0,0,40.0108
1,49,27,0,0,40.01
1,50,27,0,0,40.0092
1,51,27,0,0,40.0086
1,52,27,0,0,40.008
1,53,27,0,0,40.0075
1,54,27,0,0,40.007
1,55,27,0,0,40.0066
1,56,27,0,0,40.0062
1,57,27,0,0,40.0059
1,58,27,0,0,40.0056
1,59,27,0,0,40.0054
1,60,27,0,0,40.0052
1,61,27,0,0,40.005
1,62,27,0,0,40.0049
1,63,27,0,0,40.0048
1,0,28,0,1.95742e-05,40.1324
1,1,28,0,0,40.1291
1,2,28,0,0,40.1258
1,3,28,0,0,40.1223
1,4,28,0,0,40.1188
1,5,28,0,0,40.1151
1,6,28,0,0,40.1114
1,7,28,0,0,40.1075
1,8,28,0,0,40.1037
1,9,28,0,0,40.0997
1,10,28,0,0,40.0958
1,11,28,0,0,40.0918
1,12,28,0,0,40.0879
1,13,28,0,0,40.084
1,14,28,0,0,40.0801
1,15,28,0,0,40.0764
1,16,28,0,0,40.0728
1,17,28,0,0,40.0693
1,18,28,0,0,40.0659
1,19,28,0,0,40.0627
1,20,28,0,0,40.0596
1,21,28,0,0,40.0567
1,22,28,0,0,40.054
1,23,28,0,0,40.0516
1,24,28,0,0,40.0493
1,25,28,0,0,40.0472
1,26,28,0,0,40.0453
1,27,28,0,0,40.0437
1,28,28,0,0,40.0423
1,29,28,0,0,40.0411
1,30,28,0,0,40.0402
1,31,28,0,0,40.0396
1,32,28,0,1.95742e-05,40.0393
1,33,28,0,0,40.0361
1,34,28,0,0,40.0331
1,35,28,0,0,40.0304
1,36,28,0,0,40.028
1,37,28,0,0,40.0257
1,38,28,0,0,40.0236
1,39,28,0,0,40.0217
1,40,28,0,0,40.02
1,41,28,0,0,40.0184
1,42,28,0,0,40.0169
1,43,28,0,0,40.0156
1,44,28,0,0,40.0144
1,45,28,0,0,40.0133
1,46,28,0,0,40.0122
1,47,28,0,0,40.0113
1,48,28,0,0,40.0105
1,49,28,0,0,40.0097
1,50,28,0,0,40.009
1,51,28,0,0,40.0083
1,52,28,0,0,40.0078
1,53,28,0,0,40.0073
1,54,28,0,0,40.0068
1,55,28,0,0,40.0064
1,56,28,0,0,40.006
1,57,28,0,0,40.0057
1,58,28,0,0,40.0055
1,59,28,0,0,40.0052
1,60,28,0,0,40.005
1,61,28,0,0,40.0049
1,62,28,0,0,40.0048
1,63,28,0,0,40.0047
1,0,29,0,1.95742e-05,40.1221
1,1,29,0,0,40.1189
1,2,29,0,0,40.1157
1,3,29,0,0,40.1124
1,4,29,0,0,40.1091
1,5,29,0,0,40.1057
1,6,29,0,0,40.1023
1,7,29,0,0,40.0988
1,8,29,0,0,40.0952
1,9,29,0,0,40.0917
1,10,29,0,0,40.0881
1,11,29,0,0,40.0845
1,12,29,0,0,40.081
1,13,29,0,0,40.0775
1,14,29,0,0,40.074
1,15,29,0,0,40.0707
1,16,29,0,0,40.0674
1,17,29,0,0,40.0643
1,18,29,0,0,40.0612
1,19,29,0,0,40.0584
1,20,29,0,0,40.0556
1,21,29,0,0,40.053
1,22,29,0,0,40.0506
1,23,29,0,0,40.0484
1,24,29,0,0,40.0464
1,25,29,0,0,40.0445
1,26,29,0,0,40.0429
1,27,29,0,0,40.0415
1,28,29,0,0,40.0403
1,29,29,0,0,40.0393
1,30,29,0,0,40.0385
1,31,29,0,0,40.0381
1,32,29,0,1.95742e-05,40.0379
1,33,29,0,0,40.0348
1,34,29,0,0,40.0319
1,35,29,0,0,40.0294
1,36,29,0,0,40.027
1,37,29,0,0,40.0248
1,38,29,0,0,40.0228
1,39,29,0,0,40.021
1,40,29,0,0,40.0193
1,41,29,0,0,40.0178
1,42,29,0,0,40.0164
1,43,29,0,0,40.0151
1,44,29,0,0,40.0139
1,45,29,0,0,40.0129
1,46,29,0,0,40.0119
1,47,29,0,0,40.011
1,48,29,0,0,40.0101
1,49,29,0,0,40.0094
1,50,29,0,0,40.0087
1,51,29,0,0,40.0081
1,52,29,0,0,40.0076
1,53,29,0,0,40.0071
1,54,29,0,0,40.0066
1,55,29,0,0,40.0062
1,56,29,0,0,40.0059
1,57,29,0,0,40.0056
1,58,29,0,0,40.0053
1,59,29,0,0,40.0051
1,60,29,0,0,40.0049
1,61,29,0,0,40.0048
1,62,29,0,0,40.0047
1,63,29,0,0,40.0046
1,0,30,0,1.95742e-05,40.1128
1,1,30,0,0,40.1097
1,2,30,0,0,40.1066
1,3,30,0,0,40.1035
1,4,30,0,0,40.1004
1,5,30,0,0,40.0973
1,6,30,0,0,40.0941
1,7,30,0,0,40.0909
1,8,30,0,0,40.0876
1,9,30,0,0,40.0844
1,10,30,0,0,40.0811
1,11,30,0,0,40.0779
1,12,30,0,0,40.0747
1,13,30,0,0,40.0715
1,14,30,0,0,40.0684
1,15,30,0,0,40.0654
1,16,30,0,0,40.0625
1,17,30,0,0,40.0597
1,18,30,0,0,40.0569
1,19,30,0,0,40.0544
1,20,30,0,0,40.0519
1,21,30,0,0,40.0496
1,22,30,0,0,40.0475
1,23,30,0,0,40.0455
1,24,30,0,0,40.0437
1,25,30,0,0,40.042
1,26,30,0,0,40.0406
1,27,30,0,0,40.0394
1,28,30,0,0,40.0383
1,29,30,0,0,40.0375
1,30,30,0,0,40.0369
1,31,30,0,0,40.0366
1,32,30,0,1.95742e-05,40.0365
1,33,30,0,0,40.0335
1,34,30,0,0,40.0308
1,35,30,0,0,40.0283
1,36,30,0,0,40.0261
1,37,30,0,0,40.024
1,38,30,0,0,40.0221
1,39,30,0,0,40.0203
1,40,30,0,0,40.0187
1,41,30,0,0,40.0172
1,42,30,0,0,40.0159
1,43,30,0,0,40.0146
1,44,30,0,0,40.0135
1,45,30,0,0,40.0125
1,46,30,0,0,40.0115
1,47,30,0,0,40.0106
1,48,30,0,0,40.0098
1,49,30,0,0,40.0091
1,50,30,0,0,40.0085
1,51,30,0,0,40.0079
1,52,30,0,0,40.0074
1,53,30,0,0,40.0069
1,54,30,0,0,40.0064
1,55,30,0,0,40.0061
1,56,30,0,0,40.0057
1,57,30,0,0,40.0054
1,58,30,0,0,40.0052
1,59,30,0,0,40.005
1,60,30,0,0,40.0048
1,61,30,0,0,40.0047
1,62,30,0,0,40.0046
1,63,30,0,0,40.0045
1,0,31,0,1.95742e-05,40.1045
1,1,31,0,0,40.1015
1,2,31,0,0,40.0985
1,3,31,0,0,40.0955
1,4,31,0,0,40.0926
1,5,31,0,0,40.0896
1,6,31,0,0,40.0867
1,7,31,0,0,40.0837
1,8,31,0,0,40.0807
1,9,31,0,0,40.0778
1,10,31,0,0,40.0748
1,11,31,0,0,40.0719
1,12,31,0,0,40.069
1,13,31,0,0,40.0661
1,14,31,0,0,40.0633
1,15,31,0,0,40.0606
1,16,31,0,0,40.058
1,17,31,0,0,40.0554
1,18,31,0,0,40.053
1,19,31,0,0,40.0507
1,20,31,0,0,40.0485
1,21,31,0,0,40.0464
1,22,31,0,0,40.0445
1,23,31,0,0,40.0427
1,24,31,0,0,40.0411
1,25,31,0,0,40.0397
1,26,31,0,0,40.0385
1,27,31,0,0,40.0374
1,28,31,0,0,40.0365
1,29,31,0,0,40.0359
1,30,31,0,0,40.0354
1,31,31,0,0,40.0352
1,32,31,0,1.95742e-05,40.0352
1,33,31,0,0,40.0324
1,34,31,0,0,40.0298
1,35,31,0,0,40.0274
1,36,31,0,0,40.0252
1,37,31,0,0,40.0232
1,38,31,0,0,40.0213
1,39,31,0,0,40.0196
1,40,31,0,0,40.0181
1,41,31,0,0,40.0167
1,42,31,0,0,40.0154
1,43,31,0,0,40.0142
1,44,31,0,0,40.0131
1,45,31,0,0,40.0121
1,46,31,0,0,40.0112
1,47,31,0,0,40.0103
1,48,31,0,0,40.0096
1,49,31,0,0,40.0089
1,50,31,0,0,40.0082
1,51,31,0,0,40.0077
1,52,31,0,0,40.0071
1,53,31,0,0,40.0067
1,54,31,0,0,40.0063
1,55,31,0,0,40.0059
1,56,31,0,0,40.0056
1,57,31,0,0,40.0053
1,58,31,0,0,40.0051
1,59,31,0,0,40.0048
1,60,31,0,0,40.0047
1,61,31,0,0,40.0045
1,62,31,0,0,40.0044
1,63,31,0,0,40.0044
1,0,32,0,1.95742e-05,40.0971
1,1,32,0,0,40.0941
1,2,32,0,0,40.0912
1,3,32,0,0,40.0884
1,4,32,0,0,40.0856
1,5,32,0,0,40.0828
1,6,32,0,0,40.08
1,7,32,0,0,40.0773
1,8,32,0,0,40.0745
1,9,32,0,0,40.0718
1,10,32,0,0,40.0691
1,11,32,0,0,40.0664
1,12,32,0,0,40.0638
1,13,32,0,0,40.0612
1,14,32,0,0,40.0587
1,15,32,0,0,40.0562
1,16,32,0,0,40.0538
1,17,32,0,0,40.0515
1,18,32,0,0,40.0493
1,19,32,0,0,40.0473
1,20,32,0,0,40.0453
1,21,32,0,0,40.0435
1,22,32,0,0,40.0418
1,23,32,0,0,40.0402
1,24,32,0,0,40.0388
1,25,32,0,0,40.0375
1,26,32,0,0,40.0364
1,27,32,0,0,40.0355
1,28,32,0,0,40.0348
1,29,32,0,0,40.0343
1,30,32,0,0,40.034
1,31,32,0,0,40.0339
1,32,32,0,1.95742e-05,40.034
1,33,32,0,0,40.0313
1,34,32,0,0,40.0287
1,35,32,0,0,40.0264
1,36,32,0,0,40.0243
1,37,32,0,0,40.0224
1,38,32,0,0,40.0206
1,39,32,0,0,40.019
1,40,32,0,0,40.0175
1,41,32,0,0,40.0161
1,42,32,0,0,40.0149
1,43,32,0,0,40.0137
1,44,32,0,0,40.0127
1,45,32,0,0,40.0117
1,46,32,0,0,40.0108
1,47,32,0,0,40.01
1,48,32,0,0,40.0093
1,49,32,0,0,40.0086
1,50,32,0,0,40.008
1,51,32,0,0,40.0074
1,52,32,0,0,40.0069
1,53,32,0,0,40.0065
1,54,32,0,0,40.0061
1,55,32,0,0,40.0057
1,56,32,0,0,40.0054
1,57,32,0,0,40.0052
1,58,32,0,0,40.0049
1,59,32,0,0,40.0047
1,60,32,0,0,40.0046
1,61,32,0,0,40.0044
1,62,32,0,0,40.0043
1,63,32,0,0,40.0043
1,0,33,0,1.95742e-05,40.0904
1,1,33,0,0,40.0875
1,2,33,0,0,40.0846
1,3,33,0,0,40.0819
1,4,33,0,0,40.0792
1,5,33,0,0,40.0766
1,6,33,0,0,40.074
1,7,33,0,0,40.0714
1,8,33,0,0,40.0689
1,9,33,0,0,40.0664
1,10,33,0,0,40.0639
1,11,33,0,0,40.0614
1,12,33,0,0,40.059
1,13,33,0,0,40.0567
1,14,33,0,0,40.0544
1,15,33,0,0,40.0522
1,16,33,0,0,40.05
1,17,33,0,0,40.048
1,18,33,0,0,40.046
1,19,33,0,0,40.0441
1,20,33,0,0,40.0424
1,21,33,0,0,40.0407
1,22,33,0,0,40.0392
1,23,33,0,0,40.0378
1,24,33,0,0,40.0366
1,25,33,0,0,40.0355
1,26,33,0,0,40.0346
1,27,33,0,0,40.0338
1,28,33,0,0,40.0332
1,29,33,0,0,40.0328
1,30,33,0,0,40.0326
1,31,33,0,0,40.0326
1,32,33,0,1.95742e-05,40.0329
1,33,33,0,0,40.0302
1,34,33,0,0,40.0278
1,35,33,0,0,40.0256
1,36,33,0,0,40.0235
1,37,33,0,0,40.0217
1,38,33,0,0,40.0199
1,39,33,0,0,40.0184
1,40,33,0,0,40.0169
1,41,33,0,0,40.0156
1,42,33,0,0,40.0144
1,43,33,0,0,40.0133
1,44,33,0,0,40.0123
1,45,33,0,0,40.0113
1,46,33,0,0,40.0105
1,47,33,0,0,40.0097
1,48,33,0,0,40.009
1,49,33,0,0,40.0084
1,50,33,0,0,40.0078
1,51,33,0,0,40.0072
1,52,33,0,0,40.0068
1,53,33,0,0,40.0063
1,54,33,0,0,40.0059
1,55,33,0,0,40.0056
1,56,33,0,0,40.0053
1,57,33,0,0,40.005
1,58,33,0,0,40.0048
1,59,33,0,0,40.0046
1,60,33,0,0,40.0044
1,61,33,0,0,40.0043
1,62,33,0,0,40.0042
1,63,33,0,0,40.0042
1,0,34,0,1.95742e-05,40.0844
1,1,34,0,0,40.0815
1,2,34,0,0,40.0788
1,3,34,0,0,40.0761
1,4,34,0,0,40.0735
1,5,34,0,0,40.071
1,6,34,0,0,40.0686
1,7,34,0,0,40.0662
1,8,34,0,0,40.0638
1,9,34,0,0,40.0615
1,10,34,0,0,40.0592
1,11,34,0,0,40.0569
1,12,34,0,0,40.0547
1,13,34,0,0,40.0526
1,14,34,0,0,40.0505
1,15,34,0,0,40.0485
1,16,34,0,0,40.0465
1,17,34,0,0,40.0447
1,18,34,0,0,40.0429
1,19,34,0,0,40.0412
1,20,34,0,0,40.0397
1,21,34,0,0,40.0382
1,22,34,0,0,40.0369
1,23,34,0,0,40.0356
1,24,34,0,0,40.0346
1,25,34,0,0,40.0336
1,26,34,0,0,40.0328
1,27,34,0,0,40.0322
1,28,34,0,0,40.0317
1,29,34,0,0,40.0314
1,30,34,0,0,40.0313
1,31,34,0,0,40.0315
1,32,34,0,1.95742e-05,40.0318
1,33,34,0,0,40.0292
1,34,34,0,0,40.0269
1,35,34,0,0,40.0247
1,36,34,0,0,40.0228
1,37,34,0,0,40.021
1,38,34,0,0,40.0193
1,39,34,0,0,40.0178
1,40,34,0,0,40.0164
1,41,34,0,0,40.0151
1,42,34,0,0,40.014
1,43,34,0,0,40.0129
1,44,34,0,0,40.0119
1,45,34,0,0,40.011
1,46,34,0,0,40.0102
1,47,34,0,0,40.0094
1,48,34,0,0,40.0087
1,49,34,0,0,40.0081
1,50,34,0,0,40.0075
1,51,34,0,0,40.007
1,52,34,0,0,40.0066
1,53,34,0,0,40.0061
1,54,34,0,0,40.0058
1,55,34,0,0,40.0054
1,56,34,0,0,40.0051
1,57,34,0,0,40.0049
1,58,34,0,0,40.0047
1,59,34,0,0,40.0045
1,60,34,0,0,40.0043
1,61,34,0,0,40.0042
1,62,34,0,0,40.0041
1,63,34,0,0,40.0041
1,0,35,0,1.95742e-05,40.079
1,1,35,0,0,40.0761
1,2,35,0,0,40.0734
1,3,35,0,0,40.0709
1,4,35,0,0,40.0684
1,5,35,0,0,40.066
1,6,35,0,0,40.0637
1,7,35,0,0,40.0614
1,8,35,0,0,40.0592
1,9,35,0,0,40.057
1,10,35,0,0,40.0549
1,11,35,0,0,40.0528
1,12,35,0,0,40.0508
1,13,35,0,0,40.0488
1,14,35,0,0,40.0469
1,15,35,0,0,40.0451
1,16,35,0,0,40.0433
1,17,35,0,0,40.0417
1,18,35,0,0,40.0401
1,19,35,0,0,40.0386
1,20,35,0,0,40.0372
1,21,35,0,0,40.0359
1,22,35,0,0,40.0347
1,23,35,0,0,40.0336
1,24,35,0,0,40.0327
1,25,35,0,0,40.0319
1,26,35,0,0,40.0312
1,27,35,0,0,40.0307
1,28,35,0,0,40.0303
1,29,35,0,0,40.0301
1,30,35,0,0,40.0301
1,31,35,0,0,40.0304
1,32,35,0,1.95742e-05,40.0308
1,33,35,0,0,40.0283
1,34,35,0,0,40.026
1,35,35,0,0,40.0239
1,36,35,0,0,40.022
1,37,35,0,0,40.0203
1,38,35,0,0,40.0187
1,39,35,0,0,40.0172
1,40,35,0,0,40.0159
1,41,35,0,0,40.0147
1,42,35,0,0,40.0135
1,43,35,0,0,40.0125
1,44,35,0,0,40.0115
1,45,35,0,0,40.0107
1,46,35,0,0,40.0099
1,47,35,0,0,40.0092
1,48,35,0,0,40.0085
1,49,35,0,0,40.0079
1,50,35,0,0,40.0073
1,51,35,0,0,40.0068
1,52,35,0,0,40.0064
1,53,35,0,0,40.006
1,54,35,0,0,40.0056
1,55,35,0,0,40.0053
1,56,35,0,0,40.005
1,57,35,0,0,40.0048
1,58,35,0,0,40.0046
1,59,35,0,0,40.0044
1,60,35,0,0,40.0042
1,61,35,0,0,40.0041
1,62,35,0,0,40.004
1,63,35,0,0,40.004
1,0,36,0,1.95742e-05,40.0741
1,1,36,0,0,40.0713
1,2,36,0,0,40.0687
1,3,36,0,0,40.0662
1,4,36,0,0,40.0638
1,5,36,0,0,40.0615
1,6,36,0,0,40.0593
1,7,36,0,0,40.0571
1,8,36,0,0,40.055
1,9,36,0,0,40.053
1,10,36,0,0,40.051
1,11,36,0,0,40.0491
1,12,36,0,0,40.0472
1,13,36,0,0,40.0454
1,14,36,0,0,40.0437
1,15,36,0,0,40.042
1,16,36,0,0,40.0404
1,17,36,0,0,40.0389
1,18,36,0,0,40.0375
1,19,36,0,0,40.0361
1,20,36,0,0,40.0349
1,21,36,0,0,40.0337
1,22,36,0,0,40.0327
1,23,36,0,0,40.0317
1,24,36,0,0,40.0309
1,25,36,0,0,40.0302
1,26,36,0,0,40.0297
1,27,36,0,0,40.0293
1,28,36,0,0,40.029
1,29,36,0,0,40.0289
1,30,36,0,0,40.029
1,31,36,0,0,40.0293
1,32,36,0,1.95742e-05,40.0299
1,33,36,0,0,40.0274
1,34,36,0,0,40.0252
1,35,36,0,0,40.0232
1,36,36,0,0,40.0214
1,37,36,0,0,40.0197
1,38,36,0,0,40.0181
1,39,36,0,0,40.0167
1,40,36,0,0,40.0154
1,41,36,0,0,40.0142
1,42,36,0,0,40.0131
1,43,36,0,0,40.0121
1,44,36,0,0,40.0112
1,45,36,0,0,40.0104
1,46,36,0,0,40.0096
1,47,36,0,0,40.0089
1,48,36,0,0,40.0082
1,49,36,0,0,40.0077
1,50,36,0,0,40.0071
1,51,36,0,0,40.0066
1,52,36,0,0,40.0062
1,53,36,0,0,40.0058
1,54,36,0,0,40.0055
1,55,36,0,0,40.0052
1,56,36,0,0,40.0049
1,57,36,0,0,40.0046
1,58,36,0,0,40.0044
1,59,36,0,0,40.0043
1,60,36,0,0,40.0041
1,61,36,0,0,40.004
1,62,36,0,0,40.0039
1,63,36,0,0,40.0039
1,0,37,0,1.95742e-05,40.0697
1,1,37,0,0,40.067
1,2,37,0,0,40.0644
1,3,37,0,0,40.0619
1,4,37,0,0,40.0596
1,5,37,0,0,40.0574
1,6,37,0,0,40.0553
1,7,37,0,0,40.0532
1,8,37,0,0,40.0513
1,9,37,0,0,40.0494
1,10,37,0,0,40.0475
1,11,37,0,0,40.0457
1,12,37,0,0,40.044
1,13,37,0,0,40.0423
1,14,37,0,0,40.0407
1,15,37,0,0,40.0392
1,16,37,0,0,40.0378
1,17,37,0,0,40.0364
1,18,37,0,0,40.0351
1,19,37,0,0,40.0339
1,20,37,0,0,40.0327
1,21,37,0,0,40.0317
1,22,37,0,0,40.0308
1,23,37,0,0,40.03
1,24,37,0,0,40.0293
1,25,37,0,0,40.0287
1,26,37,0,0,40.0283
1,27,37,0,0,40.028
1,28,37,0,0,40.0278
1,29,37,0,0,40.0278
1,30,37,0,0,40.028
1,31,37,0,0,40.0284
1,32,37,0,1.95742e-05,40.029
1,33,37,0,0,40.0266
1,34,37,0,0,40.0245
1,35,37,0,0,40.0225
1,36,37,0,0,40.0207
1,37,37,0,0,40.0191
1,38,37,0,0,40.0176
1,39,37,0,0,40.0162
1,40,37,0,0,40.0149
1,41,37,0,0,40.0138
1,42,37,0,0,40.0127
1,43,37,0,0,40.0118
1,44,37,0,0,40.0109
1,45,37,0,0,40.0101
1,46,37,0,0,40.0093
1,47,37,0,0,40.0086
1,48,37,0,0,40.008
1,49,37,0,0,40.0074
1,50,37,0,0,40.0069
1,51,37,0,0,40.0065
1,52,37,0,0,40.006
1,53,37,0,0,40.0057
1,54,37,0,0,40.0053
1,55,37,0,0,40.005
1,56,37,0,0,40.0048
1,57,37,0,0,40.0045
1,58,37,0,0,40.0043
1,59,37,0,0,40.0042
1,60,37,0,0,40.004
1,61,37,0,0,40.0039
1,62,37,0,0,40.0038
1,63,37,0,0,40.0038
1,0,38,0,1.95742e-05,40.0658
1,1,38,0,0,40.063
1,2,38,0,0,40.0605
1,3,38,0,0,40.0581
1,4,38,0,0,40.0559
1,5,38,0,0,40.0537
1,6,38,0,0,40.0517
1,7,38,0,0,40.0497
1,8,38,0,0,40.0479
1,9,38,0,0,40.0461
1,10,38,0,0,40.0443
1,11,38,0,0,40.0427
1,12,38,0,0,40.0411
1,13,38,0,0,40.0395
1,14,38,0,0,40.0381
1,15,38,0,0,40.0367
1,16,38,0,0,40.0353
1,17,38,0,0,40.0341
1,18,38,0,0,40.0329
1,19,38,0,0,40.0318
1,20,38,0,0,40.0308
1,21,38,0,0,40.0299
1,22,38,0,0,40.0291
1,23,38,0,0,40.0284
1,24,38,0,0,40.0278
1,25,38,0,0,40.0273
1,26,38,0,0,40.0269
1,27,38,0,0,40.0267
1,28,38,0,0,40.0267
1,29,38,0,0,40.0267
1,30,38,0,0,40.027
1,31,38,0,0,40.0275
1,32,38,0,1.95742e-05,40.0281
1,33,38,0,0,40.0258
1,34,38,0,0,40.0237
1,35,38,0,0,40.0218
1,36,38,0,0,40.0201
1,37,38,0,0,40.0185
1,38,38,0,0,40.0171
1,39,38,0,0,40.0157
1,40,38,0,0,40.0145
1,41,38,0,0,40.0134
1,42,38,0,0,40.0124
1,43,38,0,0,40.0114
1,44,38,0,0,40.0106
1,45,38,0,0,40.0098
1,46,38,0,0,40.0091
1,47,38,0,0,40.0084
1,48,38,0,0,40.0078
1,49,38,0,0,40.0072
1,50,38,0,0,40.0067
1,51,38,0,0,40.0063
1,52,38,0,0,40.0059
1,53,38,0,0,40.0055
1,54,38,0,0,40.0052
1,55,38,0,0,40.0049
1,56,38,0,0,40.0046
1,57,38,0,0,40.0044
1,58,38,0,0,40.0042
1,59,38,0,0,40.0041
1,60,38,0,0,40.0039
1,61,38,0,0,40.0038
1,62,38,0,0,40.0037
1,63,38,0,0,40.0037
1,0,39,0,1.95742e-05,40.0622
1,1,39,0,0,40.0595
1,2,39,0,0,40.057
1,3,39,0,0,40.0547
1,4,39,0,0,40.0525
1,5,39,0,0,40.0504
1,6,39,0,0,40.0484
1,7,39,0,0,40.0466
1,8,39,0,0,40.0448
1,9,39,0,0,40.0431
1,10,39,0,0,40.0414
1,11,39,0,0,40.0399
1,12,39,0,0,40.0384
1,13,39,0,0,40.037
1,14,39,0,0,40.0356
1,15,39,0,0,40.0343
1,16,39,0,0,40.0331
1,17,39,0,0,40.032
1,18,39,0,0,40.0309
1,19,39,0,0,40.0299
1,20,39,0,0,40.029
1,21,39,0,0,40.0282
1,22,39,0,0,40.0275
1,23,39,0,0,40.0269
1,24,39,0,0,40.0264
1,25,39,0,0,40.026
1,26,39,0,0,40.0257
1,27,39,0,0,40.0256
1,28,39,0,0,40.0256
1,29,39,0,0,40.0258
1,30,39,0,0,40.0261
1,31,39,0,0,40.0266
1,32,39,0,1.95742e-05,40.0273
1,33,39,0,0,40.0251
1,34,39,0,0,40.0231
1,35,39,0,0,40.0212
1,36,39,0,0,40.0195
1,37,39,0,0,40.018
1,38,39,0,0,40.0166
1,39,39,0,0,40.0153
1,40,39,0,0,40.0141
1,41,39,0,0,40.013
1,42,39,0,0,40.012
1,43,39,0,0,40.0111
1,44,39,0,0,40.0103
1,45,39,0,0,40.0095
1,46,39,0,0,40.0088
1,47,39,0,0,40.0082
1,48,39,0,0,40.0076
1,49,39,0,0,40.007
1,50,39,0,0,40.0066
1,51,39,0,0,40.0061
1,52,39,0,0,40.0057
1,53,39,0,0,40.0054
1,54,39,0,0,40.0051
1,55,39,0,0,40.0048
1,56,39,0,0,40.0045
1,57,39,0,0,40.0043
1,58,39,0,0,40.0041
1,59,39,0,0,40.004
1,60,39,0,0,40.0038
1,61,39,0,0,40.0037
1,62,39,0,0,40.0036
1,63,39,0,0,40.0036
1,0,40,0,1.95742e-05,40.059
1,1,40,0,0,40.0563
1,2,40,0,0,40.0539
1,3,40,0,0,40.0516
1,4,40,0,0,40.0494
1,5,40,0,0,40.0474
1,6,40,0,0,40.0455
1,7,40,0,0,40.0437
1,8,40,0,0,40.042
1,9,40,0,0,40.0404
1,10,40,0,0,40.0388
1,11,40,0,0,40.0373
1,12,40,0,0,40.036
1,13,40,0,0,40.0346
1,14,40,0,0,40.0334
1,15,40,0,0,40.0322
1,16,40,0,0,40.0311
1,17,40,0,0,40.03
1,18,40,0,0,40.0291
1,19,40,0,0,40.0282
1,20,40,0,0,40.0274
1,21,40,0,0,40.0267
1,22,40,0,0,40.026
1,23,40,0,0,40.0255
1,24,40,0,0,40.0251
1,25,40,0,0,40.0248
1,26,40,0,0,40.0246
1,27,40,0,0,40.0245
1,28,40,0,0,40.0246
1,29,40,0,0,40.0249
1,30,40,0,0,40.0252
1,31,40,0,0,40.0258
1,32,40,0,1.95742e-05,40.0266
1,33,40,0,0,40.0244
1,34,40,0,0,40.0224
1,35,40,0,0,40.0206
1,36,40,0,0,40.019
1,37,40,0,0,40.0175
1,38,40,0,0,40.0161
1,39,40,0,0,40.0149
1,40,40,0,0,40.0137
1,41,40,0,0,40.0127
1,42,40,0,0,40.0117
1,43,40,0,0,40.0108
1,44,40,0,0,40.01
1,45,40,0,0,40.0092
1,46,40,0,0,40.0086
1,47,40,0,0,40.0079
1,48,40,0,0,40.0074
1,49,40,0,0,40.0069
1,50,40,0,0,40.0064
1,51,40,0,0,40.006
1,52,40,0,0,40.0056
1,53,40,0,0,40.0052
1,54,40,0,0,40.0049
1,55,40,0,0,40.0046
1,56,40,0,0,40.0044
1,57,40,0,0,40.0042
1,58,40,0,0,40.004
1,59,40,0,0,40.0039
1,60,40,0,0,40.0037
1,61,40,0,0,40.0036
1,62,40,0,0,40.0036
1,63,40,0,0,40.0035
1,0,41,0,1.95742e-05,40.0562
1,1,41,0,0,40.0535
1,2,41,0,0,40.051
1,3,41,0,0,40.0488
1,4,41,0,0,40.0466
1,5,41,0,0,40.0447
1,6,41,0,0,40.0428
1,7,41,0,0,40.0411
1,8,41,0,0,40.0395
1,9,41,0,0,40.0379
1,10,41,0,0,40.0364
1,11,41,0,0,40.0351
1,12,41,0,0,40.0337
1,13,41,0,0,40.0325
1,14,41,0,0,40.0313
1,15,41,0,0,40.0302
1,16,41,0,0,40.0292
1,17,41,0,0,40.0283
1,18,41,0,0,40.0274
1,19,41,0,0,40.0266
1,20,41,0,0,40.0259
1,21,41,0,0,40.0252
1,22,41,0,0,40.0247
1,23,41,0,0,40.0243
1,24,41,0,0,40.0239
1,25,41,0,0,40.0237
1,26,41,0,0,40.0236
1,27,41,0,0,40.0236
1,28,41,0,0,40.0237
1,29,41,0,0,40.024
1,30,41,0,0,40.0245
1,31,41,0,0,40.0251
1,32,41,0,1.95742e-05,40.0259
1,33,41,0,0,40.0238
1,34,41,0,0,40.0218
1,35,41,0,0,40.0201
1,36,41,0,0,40.0185
1,37,41,0,0,40.017
1,38,41,0,0,40.0157
1,39,41,0,0,40.0145
1,40,41,0,0,40.0133
1,41,41,0,0,40.0123
1,42,41,0,0,40.0114
1,43,41,0,0,40.0105
1,44,41,0,0,40.0097
1,45,41,0,0,40.009
1,46,41,0,0,40.0083
1,47,41,0,0,40.0077
1,48,41,0,0,40.0072
1,49,41,0,0,40.0067
1,50,41,0,0,40.0062
1,51,41,0,0,40.0058
1,52,41,0,0,40.0054
1,53,41,0,0,40.0051
1,54,41,0,0,40.0048
1,55,41,0,0,40.0045
1,56,41,0,0,40.0043
1,57,41,0,0,40.0041
1,58,41,0,0,40.0039
1,59,41,0,0,40.0038
1,60,41,0,0,40.0036
1,61,41,0,0,40.0035
1,62,41,0,0,40.0035
1,63,41,0,0,40.0034
1,0,42,0,1.95742e-05,40.0536
1,1,42,0,0,40.0509
1,2,42,0,0,40.0485
1,3,42,0,0,40.0462
1,4,42,0,0,40.0442
1,5,42,0,0,40.0422
1,6,42,0,0,40.0404
1,7,42,0,0,40.0388
1,8,42,0,0,40.0372
1,9,42,0,0,40.0357
1,10,42,0,0,40.0343
1,11,42,0,0,40.033
1,12,42,0,0,40.0317
1,13,42,0,0,40.0306
1,14,42,0,0,40.0295
1,15,42,0,0,40.0285
1,16,42,0,0,40.0275
1,17,42,0,0,40.0266
1,18,42,0,0,40.0259
1,19,42,0,0,40.0251
1,20,42,0,0,40.0245
1,21,42,0,0,40.0239
1,22,42,0,0,40.0235
1,23,42,0,0,40.0231
1,24,42,0,0,40.0228
1,25,42,0,0,40.0227
1,26,42,0,0,40.0226
1,27,42,0,0,40.0227
1,28,42,0,0,40.0229
1,29,42,0,0,40.0232
1,30,42,0,0,40.0237
1,31,42,0,0,40.0244
1,32,42,0,1.95742e-05,40.0253
1,33,42,0,0,40.0232
1,34,42,0,0,40.0213
1,35,42,0,0,40.0196
1,36,42,0,0,40.018
1,37,42,0,0,40.0166
1,38,42,0,0,40.0153
1,39,42,0,0,40.0141
1,40,42,0,0,40.013
1,41,42,0,0,40.012
1,42,42,0,0,40.0111
1,43,42,0,0,40.0102
1,44,42,0,0,40.0095
1,45,42,0,0,40.0088
1,46,42,0,0,40.0081
1,47,42,0,0,40.0075
1,48,42,0,0,40.007
1,49,42,0,0,40.0065
1,50,42,0,0,40.0061
1,51,42,0,0,40.0057
1,52,42,0,0,40.0053
1,53,42,0,0,40.005
1,54,42,0,0,40.0047
1,55,42,0,0,40.0044
1,56,42,0,0,40.0042
1,57,42,0,0,40.004
1,58,42,0,0,40.0038
1,59,42,0,0,40.0037
1,60,42,0,0,40.0036
1,61,42,0,0,40.0035
1,62,42,0,0,40.0034
1,63,42,0,0,40.0033
1,0,43,0,1.95742e-05,40.0512
1,1,43,0,0,40.0486
1,2,43,0,0,40.0462
1,3,43,0,0,40.0439
1,4,43,0,0,40.0419
1,5,43,0,0,40.04
1,6,43,0,0,40.0383
1,7,43,0,0,40.0366
1,8,43,0,0,40.0351
1,9,43,0,0,40.0337
1,10,43,0,0,40.0324
1,11,43,0,0,40.0311
1,12,43,0,0,40.0299
1,13,43,0,0,40.0288
1,14,43,0,0,40.0278
1,15,43,0,0,40.0269
1,16,43,0,0,40.026
1,17,43,0,0,40.0252
1,18,43,0,0,40.0245
1,19,43,0,0,40.0238
1,20,43,0,0,40.0232
1,21,43,0,0,40.0227
1,22,43,0,0,40.0223
1,23,43,0,0,40.022
1,24,43,0,0,40.0218
1,25,43,0,0,40.0217
1,26,43,0,0,40.0217
1,27,43,0,0,40.0218
1,28,43,0,0,40.0221
1,29,43,0,0,40.0225
1,30,43,0,0,40.023
1,31,43,0,0,40.0238
1,32,43,0,1.95742e-05,40.0247
1,33,43,0,0,40.0226
1,34,43,0,0,40.0208
1,35,43,0,0,40.0191
1,36,43,0,0,40.0176
1,37,43,0,0,40.0162
1,38,43,0,0,40.0149
1,39,43,0,0,40.0137
1,40,43,0,0,40.0127
1,41,43,0,0,40.0117
1,42,43,0,0,40.0108
1,43,43,0,0,40.01
1,44,43,0,0,40.0092
1,45,43,0,0,40.0085
1,46,43,0,0,40.0079
1,47,43,0,0,40.0073
1,48,43,0,0,40.0068
1,49,43,0,0,40.0064
1,50,43,0,0,40.0059
1,51,43,0,0,40.0055
1,52,43,0,0,40.0052
1,53,43,0,0,40.0049
1,54,43,0,0,40.0046
1,55,43,0,0,40.0043
1,56,43,0,0,40.0041
1,57,43,0,0,40.0039
1,58,43,0,0,40.0037
1,59,43,0,0,40.0036
1,60,43,0,0,40.0035
1,61,43,0,0,40.0034
1,62,43,0,0,40.0033
1,63,43,0,0,40.0033
1,0,44,0,1.95742e-05,40.0491
1,1,44,0,0,40.0465
1,2,44,0,0,40.0441
1,3,44,0,0,40.0419
1,4,44,0,0,40.0399
1,5,44,0,0,40.038
1,6,44,0,0,40.0363
1,7,44,0,0,40.0347
1,8,44,0,0,40.0332
1,9,44,0,0,40.0319
1,10,44,0,0,40.0306
1,11,44,0,0,40.0294
1,12,44,0,0,40.0283
1,13,44,0,0,40.0272
1,14,44,0,0,40.0263
1,15,44,0,0,40.0254
1,16,44,0,0,40.0246
1,17,44,0,0,40.0238
1,18,44,0,0,40.0232
1,19,44,0,0,40.0226
1,20,44,0,0,40.0221
1,21,44,0,0,40.0216
1,22,44,0,0,40.0213
1,23,44,0,0,40.0211
1,24,44,0,0,40.0209
1,25,44,0,0,40.0208
1,26,44,0,0,40.0209
1,27,44,0,0,40.0211
1,28,44,0,0,40.0214
1,29,44,0,0,40.0218
1,30,44,0,0,40.0224
1,31,44,0,0,40.0232
1,32,44,0,1.95742e-05,40.0241
1,33,44,0,0,40.0221
1,34,44,0,0,40.0203
1,35,44,0,0,40.0187
1,36,44,0,0,40.0172
1,37,44,0,0,40.0158
1,38,44,0,0,40.0145
1,39,44,0,0,40.0134
1,40,44,0,0,40.0124
1,41,44,0,0,40.0114
1,42,44,0,0,40.0105
1,43,44,0,0,40.0097
1,44,44,0,0,40.009
1,45,44,0,0,40.0083
1,46,44,0,0,40.0077
1,47,44,0,0,40.0072
1,48,44,0,0,40.0067
1,49,44,0,0,40.0062
1,50,44,0,0,40.0058
1,51,44,0,0,40.0054
1,52,44,0,0,40.0051
1,53,44,0,0,40.0047
1,54,44,0,0,40.0045
1,55,44,0,0,40.0042
1,56,44,0,0,40.004
1,57,44,0,0,40.0038
1,58,44,0,0,40.0037
1,59,44,0,0,40.0035
1,60,44,0,0,40.0034
1,61,44,0,0,40.0033
1,62,44,0,0,40.0032
1,63,44,0,0,40.0032
1,0,45,0,1.95742e-05,40.0472
1,1,45,0,0,40.0446
1,2,45,0,0,40.0422
1,3,45,0,0,40.04
1,4,45,0,0,40.038
1,5,45,0,0,40.0362
1,6,45,0,0,40.0345
1,7,45,0,0,40.033
1,8,45,0,0,40.0316
1,9,45,0,0,40.0302
1,10,45,0,0,40.029
1,11,45,0,0,40.0278
1,12,45,0,0,40.0268
1,13,45,0,0,40.0258
1,14,45,0,0,40.0249
1,15,45,0,0,40.0241
1,16,45,0,0,40.0233
1,17,45,0,0,40.0226
1,18,45,0,0,40.022
1,19,45,0,0,40.0215
1,20,45,0,0,40.021
1,21,45,0,0,40.0206
1,22,45,0,0,40.0204
1,23,45,0,0,40.0202
1,24,45,0,0,40.02
1,25,45,0,0,40.02
1,26,45,0,0,40.0201
1,27,45,0,0,40.0204
1,28,45,0,0,40.0207
1,29,45,0,0,40.0212
1,30,45,0,0,40.0218
1,31,45,0,0,40.0226
1,32,45,0,1.95742e-05,40.0236
1,33,45,0,0,40.0216
1,34,45,0,0,40.0199
1,35,45,0,0,40.0182
1,36,45,0,0,40.0168
1,37,45,0,0,40.0154
1,38,45,0,0,40.0142
1,39,45,0,0,40.0131
1,40,45,0,0,40.0121
1,41,45,0,0,40.0111
1,42,45,0,0,40.0103
1,43,45,0,0,40.0095
1,44,45,0,0,40.0088
1,45,45,0,0,40.0081
1,46,45,0,0,40.0075
1,47,45,0,0,40.007
1,48,45,0,0,40.0065
1,49,45,0,0,40.0061
1,50,45,0,0,40.0056
1,51,45,0,0,40.0053
1,52,45,0,0,40.0049
1,53,45,0,0,40.0046
1,54,45,0,0,40.0044
1,55,45,0,0,40.0041
1,56,45,0,0,40.0039
1,57,45,0,0,40.0037
1,58,45,0,0,40.0036
1,59,45,0,0,40.0034
1,60,45,0,0,40.0033
1,61,45,0,0,40.0032
1,62,45,0,0,40.0032
1,63,45,0,0,40.0031
1,0,46,0,1.95742e-05,40.0455
1,1,46,0,0,40.0429
1,2,46,0,0,40.0405
1,3,46,0,0,40.0383
1,4,46,0,0,40.0364
1,5,46,0,0,40.0346
1,6,46,0,0,40.0329
1,7,46,0,0,40.0314
1,8,46,0,0,40.03
1,9,46,0,0,40.0287
1,10,46,0,0,40.0275
1,11,46,0,0,40.0264
1,12,46,0,0,40.0254
1,13,46,0,0,40.0245
1,14,46,0,0,40.0236
1,15,46,0,0,40.0228
1,16,46,0,0,40.0221
1,17,46,0,0,40.0215
1,18,46,0,0,40.0209
1,19,46,0,0,40.0205
1,20,46,0,0,40.0201
1,21,46,0,0,40.0197
1,22,46,0,0,40.0195
1,23,46,0,0,40.0193
1,24,46,0,0,40.0193
1,25,46,0,0,40.0193
1,26,46,0,0,40.0194
1,27,46,0,0,40.0197
1,28,46,0,0,40.0201
1,29,46,0,0,40.0206
1,30,46,0,0,40.0213
1,31,46,0,0,40.0221
1,32,46,0,1.95742e-05,40.0231
1,33,46,0,0,40.0212
1,34,46,0,0,40.0194
1,35,46,0,0,40.0178
1,36,46,0,0,40.0164
1,37,46,0,0,40.0151
1,38,46,0,0,40.0139
1,39,46,0,0,40.0128
1,40,46,0,0,40.0118
1,41,46,0,0,40.0109
1,42,46,0,0,40.0101
1,43,46,0,0,40.0093
1,44,46,0,0,40.0086
1,45,46,0,0,40.008
1,46,46,0,0,40.0074
1,47,46,0,0,40.0068
1,48,46,0,0,40.0064
1,49,46,0,0,40.0059
1,50,46,0,0,40.0055
1,51,46,0,0,40.0052
1,52,46,0,0,40.0048
1,53,46,0,0,40.0045
1,54,46,0,0,40.0043
1,55,46,0,0,40.004
1,56,46,0,0,40.0038
1,57,46,0,0,40.0037
1,58,46,0,0,40.0035
1,59,46,0,0,40.0034
1,60,46,0,0,40.0033
1,61,46,0,0,40.0032
1,62,46,0,0,40.0031
1,63,46,0,0,40.0031
1,0,47,0,1.95742e-05,40.0439
1,1,47,0,0,40.0413
1,2,47,0,0,40.039
1,3,47,0,0,40.0368
1,4,47,0,0,40.0349
1,5,47,0,0,40.0331
1,6,47,0,0,40.0315
1,7,47,0,0,40.03
1,8,47,0,0,40.0286
1,9,47,0,0,40.0274
1,10,47,0,0,40.0262
1,11,47,0,0,40.0252
1,12,47,0,0,40.0242
1,13,47,0,0,40.0233
1,14,47,0,0,40.0225
1,15,47,0,0,40.0217
1,16,47,0,0,40.0211
1,17,47,0,0,40.0205
1,18,47,0,0,40.02
1,19,47,0,0,40.0195
1,20,47,0,0,40.0192
1,21,47,0,0,40.0189
1,22,47,0,0,40.0187
1,23,47,0,0,40.0186
1,24,47,0,0,40.0186
1,25,47,0,0,40.0186
1,26,47,0,0,40.0188
1,27,47,0,0,40.0191
1,28,47,0,0,40.0195
1,29,47,0,0,40.0201
1,30,47,0,0,40.0208
1,31,47,0,0,40.0216
1,32,47,0,1.95742e-05,40.0227
1,33,47,0,0,40.0208
1,34,47,0,0,40.019
1,35,47,0,0,40.0175
1,36,47,0,0,40.0161
1,37,47,0,0,40.0148
1,38,47,0,0,40.0136
1,39,47,0,0,40.0125
1,40,47,0,0,40.0115
1,41,47,0,0,40.0107
1,42,47,0,0,40.0098
1,43,47,0,0,40.0091
1,44,47,0,0,40.0084
1,45,47,0,0,40.0078
1,46,47,0,0,40.0072
1,47,47,0,0,40.0067
1,48,47,0,0,40.0062
1,49,47,0,0,40.0058
1,50,47,0,0,40.0054
1,51,47,0,0,40.005
1,52,47,0,0,40.0047
1,53,47,0,0,40.0044
1,54,47,0,0,40.0042
1,55,47,0,0,40.004
1,56,47,0,0,40.0038
1,57,47,0,0,40.0036
1,58,47,0,0,40.0034
1,59,47,0,0,40.0033
1,60,47,0,0,40.0032
1,61,47,0,0,40.0031
1,62,47,0,0,40.003
1,63,47,0,0,40.003
1,0,48,0,1.95742e-05,40.0425
1,1,48,0,0,40.0399
1,2,48,0,0,40.0376
1,3,48,0,0,40.0355
1,4,48,0,0,40.0335
1,5,48,0,0,40.0318
1,6,48,0,0,40.0302
1,7,48,0,0,40.0287
1,8,48,0,0,40.0274
1,9,48,0,0,40.0262
1,10,48,0,0,40.025
1,11,48,0,0,40.024
1,12,48,0,0,40.0231
1,13,48,0,0,40.0222
1,14,48,0,0,40.0214
1,15,48,0,0,40.0207
1,16,48,0,0,40.0201
1,17,48,0,0,40.0196
1,18,48,0,0,40.0191
1,19,48,0,0,40.0187
1,20,48,0,0,40.0184
1,21,48,0,0,40.0181
1,22,48,0,0,40.018
1,23,48,0,0,40.0179
1,24,48,0,0,40.0179
1,25,48,0,0,40.018
1,26,48,0,0,40.0182
1,27,48,0,0,40.0185
1,28,48,0,0,40.019
1,29,48,0,0,40.0196
1,30,48,0,0,40.0203
1,31,48,0,0,40.0212
1,32,48,0,1.95742e-05,40.0223
1,33,48,0,0,40.0204
1,34,48,0,0,40.0187
1,35,48,0,0,40.0171
1,36,48,0,0,40.0157
1,37,48,0,0,40.0145
1,38,48,0,0,40.0133
1,39,48,0,0,40.0123
1,40,48,0,0,40.0113
1,41,48,0,0,40.0104
1,42,48,0,0,40.0096
1,43,48,0,0,40.0089
1,44,48,0,0,40.0082
1,45,48,0,0,40.0076
1,46,48,0,0,40.0071
1,47,48,0,0,40.0066
1,48,48,0,0,40.0061
1,49,48,0,0,40.0057
1,50,48,0,0,40.0053
1,51,48,0,0,40.0049
1,52,48,0,0,40.0046
1,53,48,0,0,40.0044
1,54,48,0,0,40.0041
1,55,48,0,0,40.0039
1,56,48,0,0,40.0037
1,57,48,0,0,40.0035
1,58,48,0,0,40.0034
1,59,48,0,0,40.0032
1,60,48,0,0,40.0031
1,61,48,0,0,40.003
1,62,48,0,0,40.003
1,63,48,0,0,40.0029
1,0,49,0,1.95742e-05,40.0412
1,1,49,0,0,40.0387
1,2,49,0,0,40.0363
1,3,49,0,0,40.0342
1,4,49,0,0,40.0323
1,5,49,0,0,40.0306
1,6,49,0,0,40.029
1,7,49,0,0,40.0276
1,8,49,0,0,40.0263
1,9,49,0,0,40.0251
1,10,49,0,0,40.024
1,11,49,0,0,40.023
1,12,49,0,0,40.0221
1,13,49,0,0,40.0213
1,14,49,0,0,40.0205
1,15,49,0,0,40.0198
1,16,49,0,0,40.0193
1,17,49,0,0,40.0187
1,18,49,0,0,40.0183
1,19,49,0,0,40.0179
1,20,49,0,0,40.0176
1,21,49,0,0,40.0174
1,22,49,0,0,40.0173
1,23,49,0,0,40.0173
1,24,49,0,0,40.0173
1,25,49,0,0,40.0174
1,26,49,0,0,40.0177
1,27,49,0,0,40.018
1,28,49,0,0,40.0185
1,29,49,0,0,40.0191
1,30,49,0,0,40.0199
1,31,49,0,0,40.0208
1,32,49,0,1.95742e-05,40.0219
1,33,49,0,0,40.02
1,34,49,0,0,40.0183
1,35,49,0,0,40.0168
1,36,49,0,0,40.0155
1,37,49,0,0,40.0142
1,38,49,0,0,40.0131
1,39,49,0,0,40.012
1,40,49,0,0,40.0111
1,41,49,0,0,40.0102
1,42,49,0,0,40.0094
1,43,49,0,0,40.0087
1,44,49,0,0,40.0081
1,45,49,0,0,40.0075
1,46,49,0,0,40.0069
1,47,49,0,0,40.0064
1,48,49,0,0,40.006
1,49,49,0,0,40.0056
1,50,49,0,0,40.0052
1,51,49,0,0,40.0048
1,52,49,0,0,40.0045
1,53,49,0,0,40.0043
1,54,49,0,0,40.004
1,55,49,0,0,40.0038
1,56,49,0,0,40.0036
1,57,49,0,0,40.0034
1,58,49,0,0,40.0033
1,59,49,0,0,40.0032
1,60,49,0,0,40.0031
1,61,49,0,0,40.003
1,62,49,0,0,40.0029
1,63,49,0,0,40.0029
1,0,50,0,1.95742e-05,40.0401
1,1,50,0,0,40.0375
1,2,50,0,0,40.0352
1,3,50,0,0,40.0331
1,4,50,0,0,40.0312
1,5,50,0,0,40.0295
1,6,50,0,0,40.0279
1,7,50,0,0,40.0265
1,8,50,0,0,40.0253
1,9,50,0,0,40.0241
1,10,50,0,0,40.023
1,11,50,0,0,40.022
1,12,50,0,0,40.0212
1,13,50,0,0,40.0204
1,14,50,0,0,40.0197
1,15,50,0,0,40.019
1,16,50,0,0,40.0185
1,17,50,0,0,40.018
1,18,50,0,0,40.0176
1,19,50,0,0,40.0172
1,20,50,0,0,40.017
1,21,50,0,0,40.0168
1,22,50,0,0,40.0167
1,23,50,0,0,40.0167
1,24,50,0,0,40.0167
1,25,50,0,0,40.0169
1,26,50,0,0,40.0172
1,27,50,0,0,40.0176
1,28,50,0,0,40.0181
1,29,50,0,0,40.0187
1,30,50,0,0,40.0195
1,31,50,0,0,40.0204
1,32,50,0,1.95742e-05,40.0216
1,33,50,0,0,40.0197
1,34,50,0,0,40.018
1,35,50,0,0,40.0165
1,36,50,0,0,40.0152
1,37,50,0,0,40.0139
1,38,50,0,0,40.0128
1,39,50,0,0,40.0118
1,40,50,0,0,40.0109
1,41,50,0,0,40.01
1,42,50,0,0,40.0093
1,43,50,0,0,40.0086
1,44,50,0,0,40.0079
1,45,50,0,0,40.0073
1,46,50,0,0,40.0068
1,47,50,0,0,40.0063
1,48,50,0,0,40.0059
1,49,50,0,0,40.0055
1,50,50,0,0,40.0051
1,51,50,0,0,40.0048
1,52,50,0,0,40.0045
1,53,50,0,0,40.0042
1,54,50,0,0,40.0039
1,55,50,0,0,40.0037
1,56,50,0,0,40.0035
1,57,50,0,0,40.0034
1,58,50,0,0,40.0032
1,59,50,0,0,40.0031
1,60,50,0,0,40.003
1,61,50,0,0,40.0029
1,62,50,0,0,40.0029
1,63,50,0,0,40.0028
1,0,51,0,1.95742e-05,40.0391
1,1,51,0,0,40.0365
1,2,51,0,0,40.0342
1,3,51,0,0,40.0321
1,4,51,0,0,40.0302
1,5,51,0,0,40.0285
1,6,51,0,0,40.027
1,7,51,0,0,40.0256
1,8,51,0,0,40.0243
1,9,51,0,0,40.0232
1,10,51,0,0,40.0221
1,11,51,0,0,40.0212
1,12,51,0,0,40.0203
1,13,51,0,0,40.0196
1,14,51,0,0,40.0189
1,15,51,0,0,40.0183
1,16,51,0,0,40.0178
1,17,51,0,0,40.0173
1,18,51,0,0,40.0169
1,19,51,0,0,40.0166
1,20,51,0,0,40.0164
1,21,51,0,0,40.0162
1,22,51,0,0,40.0161
1,23,51,0,0,40.0162
1,24,51,0,0,40.0162
1,25,51,0,0,40.0164
1,26,51,0,0,40.0167
1,27,51,0,0,40.0171
1,28,51,0,0,40.0176
1,29,51,0,0,40.0183
1,30,51,0,0,40.0191
1,31,51,0,0,40.0201
1,32,51,0,1.95742e-05,40.0212
1,33,51,0,0,40.0194
1,34,51,0,0,40.0177
1,35,51,0,0,40.0163
1,36,51,0,0,40.0149
1,37,51,0,0,40.0137
1,38,51,0,0,40.0126
1,39,51,0,0,40.0116
1,40,51,0,0,40.0107
1,41,51,0,0,40.0099
1,42,51,0,0,40.0091
1,43,51,0,0,40.0084
1,44,51,0,0,40.0078
1,45,51,0,0,40.0072
1,46,51,0,0,40.0067
1,47,51,0,0,40.0062
1,48,51,0,0,40.0058
1,49,51,0,0,40.0054
1,50,51,0,0,40.005
1,51,51,0,0,40.0047
1,52,51,0,0,40.0044
1,53,51,0,0,40.0041
1,54,51,0,0,40.0039
1,55,51,0,0,40.0037
1,56,51,0,0,40.0035
1,57,51,0,0,40.0033
1,58,51,0,0,40.0032
1,59,51,0,0,40.0031
1,60,51,0,0,40.003
1,61,51,0,0,40.0029
1,62,51,0,0,40.0028
1,63,51,0,0,40.0028
1,0,52,0,1.95742e-05,40.0381
1,1,52,0,0,40.0355
1,2,52,0,0,40.0332
1,3,52,0,0,40.0312
1,4,52,0,0,40.0293
1,5,52,0,0,40.0276
1,6,52,0,0,40.0261
1,7,52,0,0,40.0248
1,8,52,0,0,40.0235
1,9,52,0,0,40.0224
1,10,52,0,0,40.0214
1,11,52,0,0,40.0204
1,12,52,0,0,40.0196
1,13,52,0,0,40.0189
1,14,52,0,0,40.0182
1,15,52,0,0,40.0176
1,16,52,0,0,40.0171
1,17,52,0,0,40.0167
1,18,52,0,0,40.0163
1,19,52,0,0,40.016
1,20,52,0,0,40.0158
1,21,52,0,0,40.0157
1,22,52,0,0,40.0156
1,23,52,0,0,40.0157
1,24,52,0,0,40.0158
1,25,52,0,0,40.016
1,26,52,0,0,40.0163
1,27,52,0,0,40.0167
1,28,52,0,0,40.0173
1,29,52,0,0,40.0179
1,30,52,0,0,40.0188
1,31,52,0,0,40.0197
1,32,52,0,1.95742e-05,40.0209
1,33,52,0,0,40.0191
1,34,52,0,0,40.0175
1,35,52,0,0,40.016
1,36,52,0,0,40.0147
1,37,52,0,0,40.0135
1,38,52,0,0,40.0124
1,39,52,0,0,40.0114
1,40,52,0,0,40.0105
1,41,52,0,0,40.0097
1,42,52,0,0,40.0089
1,43,52,0,0,40.0083
1,44,52,0,0,40.0076
1,45,52,0,0,40.0071
1,46,52,0,0,40.0066
1,47,52,0,0,40.0061
1,48,52,0,0,40.0057
1,49,52,0,0,40.0053
1,50,52,0,0,40.0049
1,51,52,0,0,40.0046
1,52,52,0,0,40.0043
1,53,52,0,0,40.004
1,54,52,0,0,40.0038
1,55,52,0,0,40.0036
1,56,52,0,0,40.0034
1,57,52,0,0,40.0033
1,58,52,0,0,40.0031
1,59,52,0,0,40.003
1,60,52,0,0,40.0029
1,61,52,0,0,40.0028
1,62,52,0,0,40.0028
1,63,52,0,0,40.0027
1,0,53,0,1.95742e-05,40.0373
1,1,53,0,0,40.0347
1,2,53,0,0,40.0324
1,3,53,0,0,40.0303
1,4,53,0,0,40.0285
1,5,53,0,0,40.0268
1,6,53,0,0,40.0253
1,7,53,0,0,40.024
1,8,53,0,0,40.0228
1,9,53,0,0,40.0217
1,10,53,0,0,40.0207
1,11,53,0,0,40.0198
1,12,53,0,0,40.019
1,13,53,0,0,40.0182
1,14,53,0,0,40.0176
1,15,53,0,0,40.017
1,16,53,0,0,40.0165
1,17,53,0,0,40.0161
1,18,53,0,0,40.0158
1,19,53,0,0,40.0155
1,20,53,0,0,40.0153
1,21,53,0,0,40.0152
1,22,53,0,0,40.0152
1,23,53,0,0,40.0152
1,24,53,0,0,40.0154
1,25,53,0,0,40.0156
1,26,53,0,0,40.0159
1,27,53,0,0,40.0164
1,28,53,0,0,40.0169
1,29,53,0,0,40.0176
1,30,53,0,0,40.0184
1,31,53,0,0,40.0194
1,32,53,0,1.95742e-05,40.0206
1,33,53,0,0,40.0188
1,34,53,0,0,40.0172
1,35,53,0,0,40.0158
1,36,53,0,0,40.0145
1,37,53,0,0,40.0133
1,38,53,0,0,40.0122
1,39,53,0,0,40.0112
1,40,53,0,0,40.0103
1,41,53,0,0,40.0095
1,42,53,0,0,40.0088
1,43,53,0,0,40.0081
1,44,53,0,0,40.0075
1,45,53,0,0,40.007
1,46,53,0,0,40.0065
1,47,53,0,0,40.006
1,48,53,0,0,40.0056
1,49,53,0,0,40.0052
1,50,53,0,0,40.0048
1,51,53,0,0,40.0045
1,52,53,0,0,40.0042
1,53,53,0,0,40.004
1,54,53,0,0,40.0038
1,55,53,0,0,40.0036
1,56,53,0,0,40.0034
1,57,53,0,0,40.0032
1,58,53,0,0,40.0031
1,59,53,0,0,40.003
1,60,53,0,0,40.0029
1,61,53,0,0,40.0028
1,62,53,0,0,40.0027
1,63,53,0,0,40.0027
1,0,54,0,1.95742e-05,40.0365
1,1,54,0,0,40.0339
1,2,54,0,0,40.0316
1,3,54,0,0,40.0296
1,4,54,0,0,40.0278
1,5,54,0,0,40.0261
1,6,54,0,0,40.0246
1,7,54,0,0,40.0233
1,8,54,0,0,40.0221
1,9,54,0,0,40.021
1,10,54,0,0,40.02
1,11,54,0,0,40.0192
1,12,54,0,0,40.0184
1,13,54,0,0,40.0177
1,14,54,0,0,40.017
1,15,54,0,0,40.0165
1,16,54,0,0,40.016
1,17,54,0,0,40.0156
1,18,54,0,0,40.0153
1,19,54,0,0,40.0151
1,20,54,0,0,40.0149
1,21,54,0,0,40.0148
1,22,54,0,0,40.0148
1,23,54,0,0,40.0149
1,24,54,0,0,40.015
1,25,54,0,0,40.0152
1,26,54,0,0,40.0156
1,27,54,0,0,40.016
1,28,54,0,0,40.0166
1,29,54,0,0,40.0173
1,30,54,0,0,40.0181
1,31,54,0,0,40.0192
1,32,54,0,1.95742e-05,40.0204
1,33,54,0,0,40.0186
1,34,54,0,0,40.017
1,35,54,0,0,40.0155
1,36,54,0,0,40.0142
1,37,54,0,0,40.0131
1,38,54,0,0,40.012
1,39,54,0,0,40.0111
1,40,54,0,0,40.0102
1,41,54,0,0,40.0094
1,42,54,0,0,40.0087
1,43,54,0,0,40.008
1,44,54,0,0,40.0074
1,45,54,0,0,40.0069
1,46,54,0,0,40.0064
1,47,54,0,0,40.0059
1,48,54,0,0,40.0055
1,49,54,0,0,40.0051
1,50,54,0,0,40.0048
1,51,54,0,0,40.0045
1,52,54,0,0,40.0042
1,53,54,0,0,40.0039
1,54,54,0,0,40.0037
1,55,54,0,0,40.0035
1,56,54,0,0,40.0033
1,57,54,0,0,40.0032
1,58,54,0,0,40.003
1,59,54,0,0,40.0029
1,60,54,0,0,40.0028
1,61,54,0,0,40.0028
1,62,54,0,0,40.0027
1,63,54,0,0,40.0027
1,0,55,0,1.95742e-05,40.0358
1,1,55,0,0,40.0332
1,2,55,0,0,40.031
1,3,55,0,0,40.0289
1,4,55,0,0,40.0271
1,5,55,0,0,40.0255
1,6,55,0,0,40.024
1,7,55,0,0,40.0227
1,8,55,0,0,40.0215
1,9,55,0,0,40.0204
1,10,55,0,0,40.0195
1,11,55,0,0,40.0186
1,12,55,0,0,40.0178
1,13,55,0,0,40.0172
1,14,55,0,0,40.0165
1,15,55,0,0,40.016
1,16,55,0,0,40.0156
1,17,55,0,0,40.0152
1,18,55,0,0,40.0149
1,19,55,0,0,40.0147
1,20,55,0,0,40.0145
1,21,55,0,0,40.0144
1,22,55,0,0,40.0144
1,23,55,0,0,40.0145
1,24,55,0,0,40.0147
1,25,55,0,0,40.0149
1,26,55,0,0,40.0153
1,27,55,0,0,40.0157
1,28,55,0,0,40.0163
1,29,55,0,0,40.017
1,30,55,0,0,40.0179
1,31,55,0,0,40.0189
1,32,55,0,1.95742e-05,40.0201
1,33,55,0,0,40.0183
1,34,55,0,0,40.0167
1,35,55,0,0,40.0153
1,36,55,0,0,40.014
1,37,55,0,0,40.0129
1,38,55,0,0,40.0118
1,39,55,0,0,40.0109
1,40,55,0,0,40.01
1,41,55,0,0,40.0093
1,42,55,0,0,40.0085
1,43,55,0,0,40.0079
1,44,55,0,0,40.0073
1,45,55,0,0,40.0068
1,46,55,0,0,40.0063
1,47,55,0,0,40.0058
1,48,55,0,0,40.0054
1,49,55,0,0,40.005
1,50,55,0,0,40.0047
1,51,55,0,0,40.0044
1,52,55,0,0,40.0041
1,53,55,0,0,40.0039
1,54,55,0,0,40.0037
1,55,55,0,0,40.0035
1,56,55,0,0,40.0033
1,57,55,0,0,40.0031
1,58,55,0,0,40.003
1,59,55,0,0,40.0029
1,60,55,0,0,40.0028
1,61,55,0,0,40.0027
1,62,55,0,0,40.0027
1,63,55,0,0,40.0026
1,0,56,0,1.95742e-05,40.0351
1,1,56,0,0,40.0326
1,2,56,0,0,40.0303
1,3,56,0,0,40.0283
1,4,56,0,0,40.0265
1,5,56,0,0,40.0249
1,6,56,0,0,40.0234
1,7,56,0,0,40.0221
1,8,56,0,0,40.021
1,9,56,0,0,40.0199
1,10,56,0,0,40.019
1,11,56,0,0,40.0181
1,12,56,0,0,40.0174
1,13,56,0,0,40.0167
1,14,56,0,0,40.0161
1,15,56,0,0,40.0156
1,16,56,0,0,40.0152
1,17,56,0,0,40.0148
1,18,56,0,0,40.0145
1,19,56,0,0,40.0143
1,20,56,0,0,40.0142
1,21,56,0,0,40.0141
1,22,56,0,0,40.0141
1,23,56,0,0,40.0142
1,24,56,0,0,40.0144
1,25,56,0,0,40.0146
1,26,56,0,0,40.015
1,27,56,0,0,40.0154
1,28,56,0,0,40.016
1,29,56,0,0,40.0167
1,30,56,0,0,40.0176
1,31,56,0,0,40.0186
1,32,56,0,1.95742e-05,40.0199
1,33,56,0,0,40.0181
1,34,56,0,0,40.0165
1,35,56,0,0,40.0151
1,36,56,0,0,40.0139
1,37,56,0,0,40.0127
1,38,56,0,0,40.0117
1,39,56,0,0,40.0108
1,40,56,0,0,40.0099
1,41,56,0,0,40.0091
1,42,56,0,0,40.0084
1,43,56,0,0,40.0078
1,44,56,0,0,40.0072
1,45,56,0,0,40.0067
1,46,56,0,0,40.0062
1,47,56,0,0,40.0057
1,48,56,0,0,40.0053
1,49,56,0,0,40.005
1,50,56,0,0,40.0046
1,51,56,0,0,40.0043
1,52,56,0,0,40.0041
1,53,56,0,0,40.0038
1,54,56,0,0,40.0036
1,55,56,0,0,40.0034
1,56,56,0,0,40.0032
1,57,56,0,0,40.0031
1,58,56,0,0,40.003
1,59,56,0,0,40.0029
1,60,56,0,0,40.0028
1,61,56,0,0,40.0027
1,62,56,0,0,40.0026
1,63,56,0,0,40.0026
1,0,57,0,1.95742e-05,40.0345
1,1,57,0,0,40.032
1,2,57,0,0,40.0297
1,3,57,0,0,40.0277
1,4,57,0,0,40.026
1,5,57,0,0,40.0244
1,6,57,0,0,40.0229
1,7,57,0,0,40.0217
1,8,57,0,0,40.0205
1,9,57,0,0,40.0195
1,10,57,0,0,40.0185
1,11,57,0,0,40.0177
1,12,57,0,0,40.017
1,13,57,0,0,40.0163
1,14,57,0,0,40.0157
1,15,57,0,0,40.0152
1,16,57,0,0,40.0148
1,17,57,0,0,40.0145
1,18,57,0,0,40.0142
1,19,57,0,0,40.014
1,20,57,0,0,40.0139
1,21,57,0,0,40.0138
1,22,57,0,0,40.0138
1,23,57,0,0,40.0139
1,24,57,0,0,40.0141
1,25,57,0,0,40.0144
1,26,57,0,0,40.0147
1,27,57,0,0,40.0152
1,28,57,0,0,40.0158
1,29,57,0,0,40.0165
1,30,57,0,0,40.0174
1,31,57,0,0,40.0184
1,32,57,0,1.95742e-05,40.0196
1,33,57,0,0,40.0179
1,34,57,0,0,40.0163
1,35,57,0,0,40.0149
1,36,57,0,0,40.0137
1,37,57,0,0,40.0126
1,38,57,0,0,40.0115
1,39,57,0,0,40.0106
1,40,57,0,0,40.0098
1,41,57,0,0,40.009
1,42,57,0,0,40.0083
1,43,57,0,0,40.0077
1,44,57,0,0,40.0071
1,45,57,0,0,40.0066
1,46,57,0,0,40.0061
1,47,57,0,0,40.0057
1,48,57,0,0,40.0053
1,49,57,0,0,40.0049
1,50,57,0,0,40.0046
1,51,57,0,0,40.0043
1,52,57,0,0,40.004
1,53,57,0,0,40.0038
1,54,57,0,0,40.0036
1,55,57,0,0,40.0034
1,56,57,0,0,40.0032
1,57,57,0,0,40.0031
1,58,57,0,0,40.0029
1,59,57,0,0,40.0028
1,60,57,0,0,40.0027
1,61,57,0,0,40.0027
1,62,57,0,0,40.0026
1,63,57,0,0,40.0026
1,0,58,0,1.95742e-05,40.0339
1,1,58,0,0,40.0314
1,2,58,0,0,40.0292
1,3,58,0,0,40.0272
1,4,58,0,0,40.0255
1,5,58,0,0,40.0239
1,6,58,0,0,40.0225
1,7,58,0,0,40.0212
1,8,58,0,0,40.0201
1,9,58,0,0,40.0191
1,10,58,0,0,40.0182
1,11,58,0,0,40.0173
1,12,58,0,0,40.0166
1,13,58,0,0,40.016
1,14,58,0,0,40.0154
1,15,58,0,0,40.0149
1,16,58,0,0,40.0145
1,17,58,0,0,40.0142
1,18,58,0,0,40.0139
1,19,58,0,0,40.0137
1,20,58,0,0,40.0136
1,21,58,0,0,40.0135
1,22,58,0,0,40.0136
1,23,58,0,0,40.0137
1,24,58,0,0,40.0138
1,25,58,0,0,40.0141
1,26,58,0,0,40.0145
1,27,58,0,0,40.015
1,28,58,0,0,40.0155
1,29,58,0,0,40.0163
1,30,58,0,0,40.0171
1,31,58,0,0,40.0182
1,32,58,0,1.95742e-05,40.0194
1,33,58,0,0,40.0177
1,34,58,0,0,40.0161
1,35,58,0,0,40.0147
1,36,58,0,0,40.0135
1,37,58,0,0,40.0124
1,38,58,0,0,40.0114
1,39,58,0,0,40.0105
1,40,58,0,0,40.0097
1,41,58,0,0,40.0089
1,42,58,0,0,40.0082
1,43,58,0,0,40.0076
1,44,58,0,0,40.007
1,45,58,0,0,40.0065
1,46,58,0,0,40.0061
1,47,58,0,0,40.0056
1,48,58,0,0,40.0052
1,49,58,0,0,40.0049
1,50,58,0,0,40.0045
1,51,58,0,0,40.0043
1,52,58,0,0,40.004
1,53,58,0,0,40.0037
1,54,58,0,0,40.0035
1,55,58,0,0,40.0033
1,56,58,0,0,40.0032
1,57,58,0,0,40.003
1,58,58,0,0,40.0029
1,59,58,0,0,40.0028
1,60,58,0,0,40.0027
1,61,58,0,0,40.0026
1,62,58,0,0,40.0026
1,63,58,0,0,40.0026
1,0,59,0,1.95742e-05,40.0334
1,1,59,0,0,40.0309
1,2,59,0,0,40.0287
1,3,59,0,0,40.0268
1,4,59,0,0,40.025
1,5,59,0,0,40.0235
1,6,59,0,0,40.0221
1,7,59,0,0,40.0209
1,8,59,0,0,40.0197
1,9,59,0,0,40.0187
1,10,59,0,0,40.0178
1,11,59,0,0,40.017
1,12,59,0,0,40.0163
1,13,59,0,0,40.0157
1,14,59,0,0,40.0151
1,15,59,0,0,40.0147
1,16,59,0,0,40.0143
1,17,59,0,0,40.0139
1,18,59,0,0,40.0137
1,19,59,0,0,40.0135
1,20,59,0,0,40.0134
1,21,59,0,0,40.0133
1,22,59,0,0,40.0133
1,23,59,0,0,40.0135
1,24,59,0,0,40.0136
1,25,59,0,0,40.0139
1,26,59,0,0,40.0143
1,27,59,0,0,40.0147
1,28,59,0,0,40.0153
1,29,59,0,0,40.016
1,30,59,0,0,40.0169
1,31,59,0,0,40.0179
1,32,59,0,1.95742e-05,40.0192
1,33,59,0,0,40.0174
1,34,59,0,0,40.0159
1,35,59,0,0,40.0145
1,36,59,0,0,40.0133
1,37,59,0,0,40.0122
1,38,59,0,0,40.0113
1,39,59,0,0,40.0104
1,40,59,0,0,40.0096
1,41,59,0,0,40.0088
1,42,59,0,0,40.0082
1,43,59,0,0,40.0075
1,44,59,0,0,40.007
1,45,59,0,0,40.0065
1,46,59,0,0,40.006
1,47,59,0,0,40.0056
1,48,59,0,0,40.0052
1,49,59,0,0,40.0048
1,50,59,0,0,40.0045
1,51,59,0,0,40.0042
1,52,59,0,0,40.004
1,53,59,0,0,40.0037
1,54,59,0,0,40.0035
1,55,59,0,0,40.0033
1,56,59,0,0,40.0031
1,57,59,0,0,40.003
1,58,59,0,0,40.0029
1,59,59,0,0,40.0028
1,60,59,0,0,40.0027
1,61,59,0,0,40.0026
1,62,59,0,0,40.0026
1,63,59,0,0,40.0025
1,0,60,0,1.95742e-05,40.0329
1,1,60,0,0,40.0304
1,2,60,0,0,40.0282
1,3,60,0,0,40.0263
1,4,60,0,0,40.0246
1,5,60,0,0,40.0231
1,6,60,0,0,40.0218
1,7,60,0,0,40.0206
1,8,60,0,0,40.0195
1,9,60,0,0,40.0185
1,10,60,0,0,40.0176
1,11,60,0,0,40.0168
1,12,60,0,0,40.0161
1,13,60,0,0,40.0155
1,14,60,0,0,40.0149
1,15,60,0,0,40.0144
1,16,60,0,0,40.014
1,17,60,0,0,40.0137
1,18,60,0,0,40.0135
1,19,60,0,0,40.0133
1,20,60,0,0,40.0132
1,21,60,0,0,40.0131
1,22,60,0,0,40.0132
1,23,60,0,0,40.0133
1,24,60,0,0,40.0135
1,25,60,0,0,40.0137
1,26,60,0,0,40.0141
1,27,60,0,0,40.0146
1,28,60,0,0,40.0151
1,29,60,0,0,40.0158
1,30,60,0,0,40.0166
1,31,60,0,0,40.0177
1,32,60,0,1.95742e-05,40.0189
1,33,60,0,0,40.0172
1,34,60,0,0,40.0157
1,35,60,0,0,40.0144
1,36,60,0,0,40.0132
1,37,60,0,0,40.0121
1,38,60,0,0,40.0112
1,39,60,0,0,40.0103
1,40,60,0,0,40.0095
1,41,60,0,0,40.0088
1,42,60,0,0,40.0081
1,43,60,0,0,40.0075
1,44,60,0,0,40.0069
1,45,60,0,0,40.0064
1,46,60,0,0,40.006
1,47,60,0,0,40.0055
1,48,60,0,0,40.0051
1,49,60,0,0,40.0048
1,50,60,0,0,40.0045
1,51,60,0,0,40.0042
1,52,60,0,0,40.0039
1,53,60,0,0,40.0037
1,54,60,0,0,40.0035
1,55,60,0,0,40.0033
1,56,60,0,0,40.0031
1,57,60,0,0,40.003
1,58,60,0,0,40.0029
1,59,60,0,0,40.0028
1,60,60,0,0,40.0027
1,61,60,0,0,40.0026
1,62,60,0,0,40.0026
1,63,60,0,0,40.0025
1,0,61,0,1.95742e-05,40.0323
1,1,61,0,0,40.0299
1,2,61,0,0,40.0278
1,3,61,0,0,40.026
1,4,61,0,0,40.0243
1,5,61,0,0,40.0228
1,6,61,0,0,40.0215
1,7,61,0,0,40.0203
1,8,61,0,0,40.0192
1,9,61,0,0,40.0182
1,10,61,0,0,40.0174
1,11,61,0,0,40.0166
1,12,61,0,0,40.0159
1,13,61,0,0,40.0153
1,14,61,0,0,40.0147
1,15,61,0,0,40.0143
1,16,61,0,0,40.0139
1,17,61,0,0,40.0136
1,18,61,0,0,40.0133
1,19,61,0,0,40.0131
1,20,61,0,0,40.013
1,21,61,0,0,40.013
1,22,61,0,0,40.013
1,23,61,0,0,40.0131
1,24,61,0,0,40.0133
1,25,61,0,0,40.0136
1,26,61,0,0,40.0139
1,27,61,0,0,40.0144
1,28,61,0,0,40.0149
1,29,61,0,0,40.0156
1,30,61,0,0,40.0164
1,31,61,0,0,40.0174
1,32,61,0,1.95742e-05,40.0186
1,33,61,0,0,40.0169
1,34,61,0,0,40.0155
1,35,61,0,0,40.0142
1,36,61,0,0,40.013
1,37,61,0,0,40.012
1,38,61,0,0,40.011
1,39,61,0,0,40.0102
1,40,61,0,0,40.0094
1,41,61,0,0,40.0087
1,42,61,0,0,40.008
1,43,61,0,0,40.0074
1,44,61,0,0,40.0069
1,45,61,0,0,40.0064
1,46,61,0,0,40.0059
1,47,61,0,0,40.0055
1,48,61,0,0,40.0051
1,49,61,0,0,40.0048
1,50,61,0,0,40.0044
1,51,61,0,0,40.0042
1,52,61,0,0,40.0039
1,53,61,0,0,40.0037
1,54,61,0,0,40.0035
1,55,61,0,0,40.0033
1,56,61,0,0,40.0031
1,57,61,0,0,40.003
1,58,61,0,0,40.0028
1,59,61,0,0,40.0027
1,60,61,0,0,40.0027
1,61,61,0,0,40.0026
1,62,61,0,0,40.0025
1,63,61,0,0,40.0025
1,0,62,0,1.95742e-05,40.0317
1,1,62,0,0,40.0294
1,2,62,0,0,40.0274
1,3,62,0,0,40.0256
1,4,62,0,0,40.024
1,5,62,0,0,40.0226
1,6,62,0,0,40.0213
1,7,62,0,0,40.0201
1,8,62,0,0,40.019
1,9,62,0,0,40.0181
1,10,62,0,0,40.0172
1,11,62,0,0,40.0164
1,12,62,0,0,40.0157
1,13,62,0,0,40.0151
1,14,62,0,0,40.0146
1,15,62,0,0,40.0141
1,16,62,0,0,40.0138
1,17,62,0,0,40.0134
1,18,62,0,0,40.0132
1,19,62,0,0,40.013
1,20,62,0,0,40.0129
1,21,62,0,0,40.0129
1,22,62,0,0,40.0129
1,23,62,0,0,40.013
1,24,62,0,0,40.0132
1,25,62,0,0,40.0135
1,26,62,0,0,40.0138
1,27,62,0,0,40.0142
1,28,62,0,0,40.0148
1,29,62,0,0,40.0154
1,30,62,0,0,40.0161
1,31,62,0,0,40.0171
1,32,62,0,1.95742e-05,40.0182
1,33,62,0,0,40.0166
1,34,62,0,0,40.0152
1,35,62,0,0,40.014
1,36,62,0,0,40.0129
1,37,62,0,0,40.0119
1,38,62,0,0,40.011
1,39,62,0,0,40.0101
1,40,62,0,0,40.0093
1,41,62,0,0,40.0086
1,42,62,0,0,40.008
1,43,62,0,0,40.0074
1,44,62,0,0,40.0068
1,45,62,0,0,40.0063
1,46,62,0,0,40.0059
1,47,62,0,0,40.0055
1,48,62,0,0,40.0051
1,49,62,0,0,40.0047
1,50,62,0,0,40.0044
1,51,62,0,0,40.0041
1,52,62,0,0,40.0039
1,53,62,0,0,40.0037
1,54,62,0,0,40.0034
1,55,62,0,0,40.0033
1,56,62,0,0,40.0031
1,57,62,0,0,40.003
1,58,62,0,0,40.0028
1,59,62,0,0,40.0027
1,60,62,0,0,40.0026
1,61,62,0,0,40.0026
1,62,62,0,0,40.0025
1,63,62,0,0,40.0025
1,0,63,0,1.95742e-05,40.0309
1,1,63,0,0,40.0288
1,2,63,0,0,40.027
1,3,63,0,0,40.0253
1,4,63,0,0,40.0238
1,5,63,0,0,40.0224
1,6,63,0,0,40.0211
1,7,63,0,0,40.02
1,8,63,0,0,40.0189
1,9,63,0,0,40.018
1,10,63,0,0,40.0171
1,11,63,0,0,40.0163
1,12,63,0,0,40.0156
1,13,63,0,0,40.015
1,14,63,0,0,40.0145
1,15,63,0,0,40.0141
1,16,63,0,0,40.0137
1,17,63,0,0,40.0134
1,18,63,0,0,40.0131
1,19,63,0,0,40.0129
1,20,63,0,0,40.0128
1,21,63,0,0,40.0128
1,22,63,0,0,40.0128
1,23,63,0,0,40.013
1,24,63,0,0,40.0131
1,25,63,0,0,40.0134
1,26,63,0,0,40.0137
1,27,63,0,0,40.0141
1,28,63,0,0,40.0146
1,29,63,0,0,40.0152
1,30,63,0,0,40.0159
1,31,63,0,0,40.0167
1,32,63,0,1.95742e-05,40.0176
1,33,63,0,0,40.0162
1,34,63,0,0,40.015
1,35,63,0,0,40.0138
1,36,63,0,0,40.0128
1,37,63,0,0,40.0118
1,38,63,0,0,40.0109
1,39,63,0,0,40.0101
1,40,63,0,0,40.0093
1,41,63,0,0,40.0086
1,42,63,0,0,40.008
1,43,63,0,0,40.0074
1,44,63,0,0,40.0068
1,45,63,0,0,40.0063
1,46,63,0,0,40.0059
1,47,63,0,0,40.0055
1,48,63,0,0,40.0051
1,49,63,0,0,40.0047
1,50,63,0,0,40.0044
1,51,63,0,0,40.0041
1,52,63,0,0,40.0039
1,53,63,0,0,40.0036
1,54,63,0,0,40.0034
1,55,63,0,0,40.0033
1,56,63,0,0,40.0031
1,57,63,0,0,40.0029
1,58,63,0,0,40.0028
1,59,63,0,0,40.0027
1,60,63,0,0,40.0026
1,61,63,0,0,40.0026
1,62,63,0,0,40.0025
1,63,63,0,0,40.0025
