rank_channel_index,x,y,z,power,temperature
0,0,0,0,0.0515648,50.2247
0,1,0,0,0.000108186,48.5354
0,2,0,0,0.000101367,47.5094
0,3,0,0,7.23735e-05,46.7712
0,4,0,0,7.9599e-05,46.1878
0,5,0,0,7.5501e-05,45.7031
0,6,0,0,5.87265e-05,45.2894
0,7,0,0,9.3459e-05,44.9323
0,8,0,0,6.55515e-05,44.6183
0,9,0,0,8.1966e-05,44.3417
0,10,0,0,5.70015e-05,44.0953
0,11,0,0,9.7053e-05,43.8764
0,12,0,0,7.56825e-05,43.679
0,13,0,0,7.3347e-05,43.5018
0,14,0,0,0.000112782,43.3422
0,15,0,0,8.90775e-05,43.1959
0,16,0,0,0.000119138,43.0626
0,17,0,0,9.1092e-05,42.9388
0,18,0,0,5.8908e-05,42.8246
0,19,0,0,8.0457e-05,42.7212
0,20,0,0,9.195e-05,42.6261
0,21,0,0,6.52635e-05,42.5375
0,22,0,0,9.5397e-05,42.4568
0,23,0,0,6.9969e-05,42.3805
0,24,0,0,6.5442e-05,42.3099
0,25,0,0,0.000102444,42.2453
0,26,0,0,7.11555e-05,42.1842
0,27,0,0,9.4035e-05,42.1287
0,28,0,0,8.16435e-05,42.0766
0,29,0,0,6.0666e-05,42.0281
0,30,0,0,9.9423e-05,41.9842
0,31,0,0,8.6346e-05,41.9422
0,32,0,0,7.15934e-05,41.9025
0,33,0,0,0.000105491,41.8662
0,34,0,0,9.01215e-05,41.8312
0,35,0,0,9.0159e-05,41.7982
0,36,0,0,0.000111348,41.7675
0,37,0,0,6.73455e-05,41.7373
0,38,0,0,8.5845e-05,41.7102
0,39,0,0,4.8456e-05,41.6841
0,40,0,0,7.0545e-05,41.6609
0,41,0,0,6.207e-05,41.6387
0,42,0,0,5.60715e-05,41.6188
0,43,0,0,9.9639e-05,41.6016
0,44,0,0,8.7573e-05,41.584
0,45,0,0,4.90995e-05,41.567
0,46,0,0,9.73005e-05,41.5532
0,47,0,0,7.518e-05,41.5398
0,48,0,0,0.000107397,41.5283
0,49,0,0,9.39285e-05,41.5166
0,50,0,0,3.9798e-05,41.5052
0,51,0,0,0.000107967,41.4972
0,52,0,0,8.0403e-05,41.4882
0,53,0,0,8.6388e-05,41.4799
0,54,0,0,5.1075e-05,41.4723
0,55,0,0,0.000107073,41.4678
0,56,0,0,7.22595e-05,41.4626
0,57,0,0,8.32245e-05,41.4587
0,58,0,0,9.6909e-05,41.4552
0,59,0,0,7.4349e-05,41.4514
0,60,0,0,7.356e-05,41.449
0,61,0,0,8.1534e-05,41.4473
0,62,0,0,8.17125e-05,41.4462
0,63,0,0,8.20695e-05,41.4452
0,64,0,0,7.82399e-05,41.4445
0,65,0,0,0.000112604,41.4442
0,66,0,0,5.15385e-05,41.4425
0,67,0,0,9.102e-05,41.4433
0,68,0,0,7.0257e-05,41.4439
0,69,0,0,0.000104163,41.4456
0,70,0,0,7.14405e-05,41.4465
0,71,0,0,9.51855e-05,41.4485
0,72,0,0,3.45315e-05,41.4493
0,73,0,0,7.02135e-05,41.4522
0,74,0,0,6.89955e-05,41.4549
0,75,0,0,0.00010122,41.458
0,76,0,0,0.000123023,41.4595
0,77,0,0,8.48025e-05,41.4576
0,78,0,0,8.20005e-05,41.4546
0,79,0,0,7.92015e-05,41.4498
0,80,0,0,9.76545e-05,41.4437
0,81,0,0,8.1966e-05,41.436
0,82,0,0,0.000112673,41.4284
0,83,0,0,7.4712e-05,41.4188
0,84,0,0,0.000102801,41.41
0,85,0,0,8.57385e-05,41.4004
0,86,0,0,8.63085e-05,41.3911
0,87,0,0,9.35655e-05,41.3819
0,88,0,0,0.000116267,41.3724
0,89,0,0,6.6372e-05,41.3612
0,90,0,0,8.0454e-05,41.3516
0,91,0,0,3.72495e-05,41.342
0,92,0,0,7.4997e-05,41.3349
0,93,0,0,7.5141e-05,41.328
0,94,0,0,9.39255e-05,41.3216
0,95,0,0,6.6234e-05,41.3147
0,96,0,0,9.35714e-05,41.3094
0,97,0,0,8.5056e-05,41.3037
0,98,0,0,7.38825e-05,41.2985
0,99,0,0,7.05105e-05,41.2942
0,100,0,0,0.000135237,41.2912
0,101,0,0,8.72475e-05,41.2853
0,102,0,0,0.000103406,41.2804
0,103,0,0,0.000108149,41.275
0,104,0,0,8.2902e-05,41.2686
0,105,0,0,5.5674e-05,41.2624
0,106,0,0,0.000102225,41.2579
0,107,0,0,8.7786e-05,41.2524
0,108,0,0,0.000118136,41.2472
0,109,0,0,4.8057e-05,41.2398
0,110,0,0,4.85955e-05,41.2344
0,111,0,0,7.5357e-05,41.2303
0,112,0,0,8.577e-05,41.2263
0,113,0,0,6.2499e-05,41.2219
0,114,0,0,8.1174e-05,41.2188
0,115,0,0,6.18885e-05,41.2157
0,116,0,0,9.1518e-05,41.2138
0,117,0,0,5.9118e-05,41.2113
0,118,0,0,9.21315e-05,41.2102
0,119,0,0,0.00011214,41.2088
0,120,0,0,9.1092e-05,41.2059
0,121,0,0,9.0516e-05,41.2027
0,122,0,0,9.42105e-05,41.1994
0,123,0,0,6.13095e-05,41.195
0,124,0,0,8.00655e-05,41.1915
0,125,0,0,8.7246e-05,41.1879
0,126,0,0,5.6823e-05,41.1835
0,127,0,0,0.000121692,41.1807
0,0,1,0,8.92634e-05,48.0187
0,1,1,0,8.0961e-05,47.4789
0,2,1,0,9.8859e-05,46.8939
0,3,1,0,0.000105246,46.3598
0,4,1,0,5.6751e-05,45.8885
0,5,1,0,0.000127008,45.4772
0,6,1,0,6.69165e-05,45.1124
0,7,1,0,0.000121974,44.7918
0,8,1,0,9.4785e-05,44.5053
0,9,1,0,0.00011573,44.2494
0,10,1,0,0.000102551,44.0187
0,11,1,0,8.33655e-05,43.8106
0,12,1,0,7.0617e-05,43.6232
0,13,1,0,0.000117528,43.455
0,14,1,0,8.99745e-05,43.301
0,15,1,0,0.000121902,43.161
0,16,1,0,0.000106427,43.0318
0,17,1,0,0.000134516,42.9131
0,18,1,0,7.3923e-05,42.8016
0,19,1,0,0.000102047,42.7009
0,20,1,0,0.000107291,42.6081
0,21,1,0,7.5501e-05,42.5219
0,22,1,0,0.000125637,42.4436
0,23,1,0,0.000136848,42.3695
0,24,1,0,9.5328e-05,42.2986
0,25,1,0,9.06195e-05,42.2335
0,26,1,0,6.61965e-05,42.1732
0,27,1,0,9.2379e-05,42.1188
0,28,1,0,0.000109835,42.0685
0,29,1,0,8.76045e-05,42.0211
0,30,1,0,8.3976e-05,41.9772
0,31,1,0,0.000115443,41.9366
0,32,1,0,9.82124e-05,41.8972
0,33,1,0,7.45275e-05,41.86
0,34,1,0,0.00011627,41.8261
0,35,1,0,6.4512e-05,41.7924
0,36,1,0,6.4437e-05,41.7615
0,37,1,0,7.20555e-05,41.733
0,38,1,0,9.14115e-05,41.7071
0,39,1,0,0.000104661,41.6826
0,40,1,0,0.000131745,41.6598
0,41,1,0,5.2509e-05,41.6362
0,42,1,0,6.63435e-05,41.6164
0,43,1,0,0.000114573,41.5994
0,44,1,0,9.37815e-05,41.5816
0,45,1,0,8.27925e-05,41.5646
0,46,1,0,4.4253e-05,41.5489
0,47,1,0,0.000100823,41.5366
0,48,1,0,9.2814e-05,41.5244
0,49,1,0,7.9161e-05,41.5132
0,50,1,0,0.000120327,41.5041
0,51,1,0,0.000100646,41.4949
0,52,1,0,0.000104585,41.4861
0,53,1,0,7.0329e-05,41.4769
0,54,1,0,6.02355e-05,41.4694
0,55,1,0,8.19975e-05,41.4644
0,56,1,0,0.000106145,41.4605
0,57,1,0,0.000110057,41.4567
0,58,1,0,0.000113396,41.4529
0,59,1,0,6.0312e-05,41.4487
0,60,1,0,0.000118139,41.4475
0,61,1,0,6.1491e-05,41.4449
0,62,1,0,0.000116445,41.4448
0,63,1,0,8.76795e-05,41.4433
0,64,1,0,0.000136281,41.443
0,65,1,0,6.444e-05,41.4401
0,66,1,0,8.98245e-05,41.4391
0,67,1,0,0.000101784,41.4391
0,68,1,0,0.000103478,41.4394
0,69,1,0,7.2774e-05,41.4395
0,70,1,0,8.10705e-05,41.4408
0,71,1,0,8.7141e-05,41.4429
0,72,1,0,0.000106269,41.4446
0,73,1,0,0.0001107,41.4455
0,74,1,0,7.42425e-05,41.4457
0,75,1,0,0.000108183,41.4472
0,76,1,0,0.000117701,41.4468
0,77,1,0,5.78595e-05,41.4435
0,78,1,0,9.79515e-05,41.4414
0,79,1,0,0.000115011,41.4376
0,80,1,0,8.3262e-05,41.4312
0,81,1,0,8.6997e-05,41.4247
0,82,1,0,0.000123236,41.4186
0,83,1,0,9.92445e-05,41.4105
0,84,1,0,8.2557e-05,41.402
0,85,1,0,9.14115e-05,41.3936
0,86,1,0,0.000101289,41.3854
0,87,1,0,0.000112391,41.377
0,88,1,0,0.000102798,41.3675
0,89,1,0,4.8705e-05,41.3564
0,90,1,0,9.87405e-05,41.3483
0,91,1,0,0.000103337,41.3403
0,92,1,0,8.70255e-05,41.3324
0,93,1,0,9.11955e-05,41.3253
0,94,1,0,0.0001005,41.3187
0,95,1,0,8.49465e-05,41.3119
0,96,1,0,9.22064e-05,41.3062
0,97,1,0,6.64125e-05,41.3004
0,98,1,0,9.25605e-05,41.2962
0,99,1,0,0.00011178,41.2925
0,100,1,0,0.000127046,41.2882
0,101,1,0,7.5249e-05,41.2821
0,102,1,0,9.4605e-05,41.2773
0,103,1,0,0.000103553,41.2725
0,104,1,0,0.000102332,41.2673
0,105,1,0,0.000120794,41.2621
0,106,1,0,7.46055e-05,41.2556
0,107,1,0,8.7537e-05,41.2504
0,108,1,0,9.73125e-05,41.2452
0,109,1,0,8.139e-05,41.2393
0,110,1,0,0.000113753,41.2348
0,111,1,0,9.4824e-05,41.2298
0,112,1,0,7.42395e-05,41.2246
0,113,1,0,8.31495e-05,41.2205
0,114,1,0,7.8378e-05,41.2171
0,115,1,0,8.52375e-05,41.2144
0,116,1,0,7.6365e-05,41.212
0,117,1,0,0.000108042,41.2107
0,118,1,0,6.48315e-05,41.2081
0,119,1,0,9.51465e-05,41.2068
0,120,1,0,9.0624e-05,41.2044
0,121,1,0,6.49785e-05,41.2009
0,122,1,0,0.00010962,41.1989
0,123,1,0,0.000104016,41.1952
0,124,1,0,7.03665e-05,41.1907
0,125,1,0,9.75165e-05,41.1869
0,126,1,0,8.67e-05,41.1823
0,127,1,0,8.6277e-05,41.1772
0,0,2,0,0.000111855,46.8154
0,1,2,0,8.04165e-05,46.5481
0,2,2,0,6.31305e-05,46.2056
0,3,2,0,9.34635e-05,45.8462
0,4,2,0,9.2097e-05,45.497
0,5,2,0,0.000134766,45.1703
0,6,2,0,6.0198e-05,44.8663
0,7,2,0,5.9049e-05,44.5905
0,8,2,0,0.000115437,44.3405
0,9,2,0,9.7839e-05,44.111
0,10,2,0,0.000100353,43.9014
0,11,2,0,8.3976e-05,43.7099
0,12,2,0,7.52415e-05,43.5359
0,13,2,0,9.0804e-05,43.3784
0,14,2,0,9.5472e-05,43.2338
0,15,2,0,8.1318e-05,43.1003
0,16,2,0,7.8339e-05,42.9776
0,17,2,0,0.000120042,42.865
0,18,2,0,8.78925e-05,42.7587
0,19,2,0,7.2192e-05,42.6612
0,20,2,0,7.446e-05,42.5721
0,21,2,0,0.000104166,42.4903
0,22,2,0,0.00010556,42.4135
0,23,2,0,0.000107397,42.3407
0,24,2,0,5.0571e-05,42.271
0,25,2,0,7.33095e-05,42.2079
0,26,2,0,0.000107151,42.1501
0,27,2,0,5.9769e-05,42.0955
0,28,2,0,7.67205e-05,42.0466
0,29,2,0,0.000118458,42.0022
0,30,2,0,0.00011372,41.9596
0,31,2,0,0.000104699,41.9192
0,32,2,0,0.000108583,41.8807
0,33,2,0,9.0441e-05,41.8439
0,34,2,0,7.71135e-05,41.8101
0,35,2,0,0.000127797,41.7792
0,36,2,0,0.000115299,41.7489
0,37,2,0,9.01935e-05,41.7201
0,38,2,0,0.000120399,41.6944
0,39,2,0,7.8732e-05,41.6691
0,40,2,0,0.00010215,41.6467
0,41,2,0,0.000115979,41.6256
0,42,2,0,9.9417e-05,41.6056
0,43,2,0,0.000120657,41.5878
0,44,2,0,9.96675e-05,41.57
0,45,2,0,9.57255e-05,41.5536
0,46,2,0,0.000109874,41.5385
0,47,2,0,7.56075e-05,41.5238
0,48,2,0,6.1131e-05,41.5109
0,49,2,0,7.67535e-05,41.5004
0,50,2,0,7.46025e-05,41.4909
0,51,2,0,8.22165e-05,41.4825
0,52,2,0,0.000130856,41.4752
0,53,2,0,7.87725e-05,41.4661
0,54,2,0,9.1449e-05,41.4589
0,55,2,0,7.377e-05,41.4525
0,56,2,0,8.9433e-05,41.4479
0,57,2,0,9.2811e-05,41.4437
0,58,2,0,6.9465e-05,41.4396
0,59,2,0,9.0945e-05,41.4372
0,60,2,0,0.000125822,41.4362
0,61,2,0,8.7279e-05,41.4342
0,62,2,0,0.000114219,41.4336
0,63,2,0,8.46585e-05,41.4315
0,64,2,0,0.000109704,41.4304
0,65,2,0,9.79485e-05,41.4278
0,66,2,0,8.0313e-05,41.4251
0,67,2,0,5.84355e-05,41.4236
0,68,2,0,9.34215e-05,41.4242
0,69,2,0,7.50315e-05,41.4242
0,70,2,0,7.19385e-05,41.4255
0,71,2,0,0.00013893,41.4283
0,72,2,0,0.00011943,41.4282
0,73,2,0,6.79935e-05,41.4261
0,74,2,0,7.33515e-05,41.4252
0,75,2,0,0.00010388,41.425
0,76,2,0,9.0009e-05,41.423
0,77,2,0,5.718e-05,41.4197
0,78,2,0,8.2464e-05,41.4173
0,79,2,0,0.000113721,41.414
0,80,2,0,8.067e-05,41.4079
0,81,2,0,4.9137e-05,41.4012
0,82,2,0,7.9953e-05,41.3961
0,83,2,0,8.68845e-05,41.3904
0,84,2,0,0.000125558,41.3844
0,85,2,0,8.77845e-05,41.3762
0,86,2,0,8.94705e-05,41.3686
0,87,2,0,8.8002e-05,41.3611
0,88,2,0,0.000153269,41.3541
0,89,2,0,9.71565e-05,41.3436
0,90,2,0,8.0961e-05,41.3344
0,91,2,0,0.000101897,41.3271
0,92,2,0,0.000107648,41.3202
0,93,2,0,0.000106389,41.313
0,94,2,0,8.45115e-05,41.3056
0,95,2,0,8.04915e-05,41.2992
0,96,2,0,9.89999e-05,41.2943
0,97,2,0,0.000120932,41.2896
0,98,2,0,7.0326e-05,41.2839
0,99,2,0,0.000127293,41.28
0,100,2,0,6.08085e-05,41.2742
0,101,2,0,0.000113574,41.2704
0,102,2,0,0.000105237,41.2654
0,103,2,0,8.4267e-05,41.2601
0,104,2,0,8.84685e-05,41.2555
0,105,2,0,0.000109473,41.2511
0,106,2,0,5.96265e-05,41.2449
0,107,2,0,9.88845e-05,41.2406
0,108,2,0,9.2016e-05,41.235
0,109,2,0,7.46025e-05,41.2291
0,110,2,0,6.95715e-05,41.2241
0,111,2,0,0.00011009,41.2201
0,112,2,0,8.16405e-05,41.2149
0,113,2,0,8.2539e-05,41.2105
0,114,2,0,9.4968e-05,41.2075
0,115,2,0,0.000102009,41.2049
0,116,2,0,6.06645e-05,41.2019
0,117,2,0,0.000105096,41.201
0,118,2,0,8.4624e-05,41.199
0,119,2,0,9.4611e-05,41.1978
0,120,2,0,0.000151757,41.1966
0,121,2,0,5.34075e-05,41.1918
0,122,2,0,0.000114837,41.1899
0,123,2,0,9.5544e-05,41.1864
0,124,2,0,0.000124101,41.1829
0,125,2,0,7.55385e-05,41.1775
0,126,2,0,0.000140159,41.174
0,127,2,0,0.000146403,41.1683
0,0,3,0,8.89379e-05,45.952
0,1,3,0,9.16245e-05,45.7932
0,2,3,0,0.000115728,45.5782
0,3,3,0,5.8833e-05,45.332
0,4,3,0,0.000120681,45.0784
0,5,3,0,0.000111195,44.8257
0,6,3,0,8.0814e-05,44.582
0,7,3,0,0.00012776,44.3539
0,8,3,0,0.00012618,44.1396
0,9,3,0,0.000128586,43.9392
0,10,3,0,8.10705e-05,43.752
0,11,3,0,7.1838e-05,43.5798
0,12,3,0,6.5127e-05,43.422
0,13,3,0,9.3747e-05,43.2779
0,14,3,0,0.000134664,43.1452
0,15,3,0,7.9881e-05,43.02
0,16,3,0,8.32935e-05,42.9051
0,17,3,0,0.000129273,42.7988
0,18,3,0,3.8646e-05,42.6971
0,19,3,0,8.76015e-05,42.6062
0,20,3,0,7.73325e-05,42.5216
0,21,3,0,0.000109874,42.4436
0,22,3,0,0.000123809,42.3697
0,23,3,0,0.0001056,42.2992
0,24,3,0,0.000122739,42.2332
0,25,3,0,5.9838e-05,42.1703
0,26,3,0,7.3815e-05,42.1135
0,27,3,0,7.3419e-05,42.061
0,28,3,0,7.35945e-05,42.0132
0,29,3,0,0.000115443,41.9701
0,30,3,0,8.37975e-05,41.9283
0,31,3,0,0.000126683,41.89
0,32,3,0,9.44039e-05,41.852
0,33,3,0,8.175e-05,41.8164
0,34,3,0,0.000130455,41.7843
0,35,3,0,9.4071e-05,41.7524
0,36,3,0,0.000110766,41.723
0,37,3,0,8.78895e-05,41.6949
0,38,3,0,8.8287e-05,41.6692
0,39,3,0,9.0366e-05,41.645
0,40,3,0,7.1835e-05,41.6224
0,41,3,0,8.63835e-05,41.6019
0,42,3,0,5.11485e-05,41.5817
0,43,3,0,9.75525e-05,41.5645
0,44,3,0,5.31225e-05,41.5469
0,45,3,0,0.000106392,41.5321
0,46,3,0,8.83905e-05,41.5168
0,47,3,0,6.609e-05,41.5026
0,48,3,0,6.49755e-05,41.4903
0,49,3,0,9.47895e-05,41.4801
0,50,3,0,0.000104664,41.4706
0,51,3,0,0.00010592,41.4619
0,52,3,0,9.46395e-05,41.4535
0,53,3,0,9.41085e-05,41.4458
0,54,3,0,0.000115262,41.4391
0,55,3,0,7.10805e-05,41.4319
0,56,3,0,9.06225e-05,41.4269
0,57,3,0,8.91855e-05,41.4224
0,58,3,0,0.000108975,41.4186
0,59,3,0,7.3563e-05,41.4148
0,60,3,0,5.7612e-05,41.4129
0,61,3,0,0.000108725,41.4133
0,62,3,0,0.000158864,41.4135
0,63,3,0,7.74765e-05,41.4102
0,64,3,0,0.000153598,41.4096
0,65,3,0,0.000101615,41.4058
0,66,3,0,5.9841e-05,41.4018
0,67,3,0,8.22885e-05,41.4004
0,68,3,0,0.000111705,41.4004
0,69,3,0,7.76955e-05,41.3998
0,70,3,0,0.000100964,41.4008
0,71,3,0,0.000119967,41.4019
0,72,3,0,0.000113034,41.4009
0,73,3,0,8.21445e-05,41.398
0,74,3,0,8.04225e-05,41.3957
0,75,3,0,8.2107e-05,41.3937
0,76,3,0,5.0649e-05,41.3908
0,77,3,0,8.3907e-05,41.3885
0,78,3,0,9.24165e-05,41.3854
0,79,3,0,7.01475e-05,41.381
0,80,3,0,7.5069e-05,41.3762
0,81,3,0,5.81475e-05,41.3707
0,82,3,0,6.9321e-05,41.3661
0,83,3,0,0.00010043,41.3615
0,84,3,0,9.7194e-05,41.3554
0,85,3,0,8.43735e-05,41.3484
0,86,3,0,0.000129804,41.3425
0,87,3,0,0.000105813,41.335
0,88,3,0,0.000150746,41.328
0,89,3,0,7.49595e-05,41.318
0,90,3,0,7.0401e-05,41.3095
0,91,3,0,7.01445e-05,41.3025
0,92,3,0,0.000130596,41.297
0,93,3,0,9.3819e-05,41.2897
0,94,3,0,7.6398e-05,41.2826
0,95,3,0,7.6287e-05,41.2767
0,96,3,0,0.000104053,41.2723
0,97,3,0,8.1747e-05,41.267
0,98,3,0,0.000136526,41.263
0,99,3,0,6.46155e-05,41.2568
0,100,3,0,0.000106283,41.2529
0,101,3,0,9.0657e-05,41.2485
0,102,3,0,8.4408e-05,41.2435
0,103,3,0,6.5373e-05,41.2387
0,104,3,0,8.6562e-05,41.2354
0,105,3,0,0.000116987,41.2323
0,106,3,0,8.04945e-05,41.227
0,107,3,0,0.000157913,41.2235
0,108,3,0,8.922e-05,41.2166
0,109,3,0,8.7567e-05,41.211
0,110,3,0,0.000123596,41.2066
0,111,3,0,8.5491e-05,41.2011
0,112,3,0,0.000121799,41.1965
0,113,3,0,5.3661e-05,41.1905
0,114,3,0,8.38695e-05,41.1877
0,115,3,0,8.25765e-05,41.1856
0,116,3,0,9.34185e-05,41.184
0,117,3,0,9.66555e-05,41.1826
0,118,3,0,8.60925e-05,41.1808
0,119,3,0,0.000110193,41.1795
0,120,3,0,9.79485e-05,41.1771
0,121,3,0,0.000102188,41.1742
0,122,3,0,0.00011229,41.1716
0,123,3,0,0.000117237,41.1684
0,124,3,0,0.000124707,41.1643
0,125,3,0,9.9066e-05,41.1584
0,126,3,0,0.000102908,41.1529
0,127,3,0,9.11925e-05,41.1463
0,0,4,0,0.000106326,45.2722
0,1,4,0,5.8332e-05,45.1689
0,2,4,0,0.000107645,45.0263
0,3,4,0,7.29495e-05,44.854
0,4,4,0,9.7983e-05,44.6669
0,5,4,0,8.01e-05,44.4725
0,6,4,0,5.18985e-05,44.2788
0,7,4,0,0.000110735,44.0927
0,8,4,0,0.000102398,43.9126
0,9,4,0,9.8562e-05,43.7412
0,10,4,0,7.16565e-05,43.5788
0,11,4,0,9.0012e-05,43.4278
0,12,4,0,0.000110381,43.2875
0,13,4,0,6.82035e-05,43.1559
0,14,4,0,0.000111527,43.0352
0,15,4,0,9.3246e-05,42.9214
0,16,4,0,0.000143529,42.8162
0,17,4,0,0.000118421,42.7157
0,18,4,0,5.64975e-05,42.6212
0,19,4,0,0.000114611,42.5367
0,20,4,0,0.000136382,42.4577
0,21,4,0,0.000124029,42.3823
0,22,4,0,9.2235e-05,42.3105
0,23,4,0,5.8113e-05,42.2425
0,24,4,0,8.3403e-05,42.1799
0,25,4,0,0.000110772,42.1214
0,26,4,0,8.60955e-05,42.0662
0,27,4,0,8.93265e-05,42.0152
0,28,4,0,5.69295e-05,41.968
0,29,4,0,9.267e-05,41.9258
0,30,4,0,9.1302e-05,41.8858
0,31,4,0,0.00010506,41.8484
0,32,4,0,9.68054e-05,41.8121
0,33,4,0,7.47135e-05,41.7772
0,34,4,0,0.000107789,41.7453
0,35,4,0,7.9308e-05,41.7139
0,36,4,0,6.82785e-05,41.6849
0,37,4,0,7.6884e-05,41.6587
0,38,4,0,0.000116522,41.6347
0,39,4,0,8.5194e-05,41.611
0,40,4,0,9.58665e-05,41.5901
0,41,4,0,0.000138245,41.5713
0,42,4,0,9.91695e-05,41.5515
0,43,4,0,9.55065e-05,41.5336
0,44,4,0,0.000119319,41.5173
0,45,4,0,0.000106232,41.5015
0,46,4,0,6.26025e-05,41.4862
0,47,4,0,0.000104163,41.474
0,48,4,0,0.000140586,41.4625
0,49,4,0,9.63705e-05,41.45
0,50,4,0,6.73455e-05,41.4389
0,51,4,0,0.000103949,41.4305
0,52,4,0,8.77455e-05,41.422
0,53,4,0,0.000124025,41.4154
0,54,4,0,0.000110663,41.4086
0,55,4,0,0.000110052,41.4024
0,56,4,0,0.000115982,41.3971
0,57,4,0,0.0001125,41.3918
0,58,4,0,7.7442e-05,41.3867
0,59,4,0,7.2768e-05,41.3834
0,60,4,0,0.000123524,41.3827
0,61,4,0,0.000114758,41.3818
0,62,4,0,0.000127508,41.3807
0,63,4,0,8.2326e-05,41.3778
0,64,4,0,0.000117243,41.3763
0,65,4,0,0.000139901,41.3739
0,66,4,0,0.000112857,41.3701
0,67,4,0,6.82035e-05,41.3668
0,68,4,0,8.3763e-05,41.3657
0,69,4,0,0.000101076,41.3655
0,70,4,0,8.12115e-05,41.3652
0,71,4,0,0.000111959,41.3656
0,72,4,0,0.000111708,41.364
0,73,4,0,8.4693e-05,41.3606
0,74,4,0,7.29525e-05,41.3576
0,75,4,0,8.1462e-05,41.3553
0,76,4,0,0.00012744,41.3538
0,77,4,0,8.1462e-05,41.3498
0,78,4,0,6.50505e-05,41.3456
0,79,4,0,9.0948e-05,41.3422
0,80,4,0,8.4339e-05,41.3382
0,81,4,0,8.42295e-05,41.3338
0,82,4,0,0.000100109,41.3295
0,83,4,0,0.000110519,41.3243
0,84,4,0,7.43865e-05,41.3172
0,85,4,0,7.36005e-05,41.3103
0,86,4,0,7.8588e-05,41.3035
0,87,4,0,8.2041e-05,41.2963
0,88,4,0,5.4234e-05,41.289
0,89,4,0,0.000102369,41.2831
0,90,4,0,8.5704e-05,41.2759
0,91,4,0,9.3171e-05,41.2691
0,92,4,0,5.87475e-05,41.2621
0,93,4,0,0.000106394,41.2568
0,94,4,0,0.00010797,41.2509
0,95,4,0,7.69035e-05,41.245
0,96,4,0,0.000119398,41.2409
0,97,4,0,7.52475e-05,41.235
0,98,4,0,8.3328e-05,41.2302
0,99,4,0,3.7875e-05,41.2247
0,100,4,0,6.5658e-05,41.2216
0,101,4,0,0.000134475,41.2193
0,102,4,0,6.0843e-05,41.2137
0,103,4,0,7.8009e-05,41.2099
0,104,4,0,8.994e-05,41.2071
0,105,4,0,0.00015075,41.2046
0,106,4,0,9.53595e-05,41.1988
0,107,4,0,0.000102215,41.1935
0,108,4,0,8.11395e-05,41.1873
0,109,4,0,9.9348e-05,41.1825
0,110,4,0,8.3331e-05,41.1772
0,111,4,0,9.1233e-05,41.1723
0,112,4,0,8.3979e-05,41.1671
0,113,4,0,5.08245e-05,41.1618
0,114,4,0,4.26345e-05,41.1586
0,115,4,0,0.000102764,41.1582
0,116,4,0,8.064e-05,41.1566
0,117,4,0,9.5403e-05,41.1553
0,118,4,0,9.834e-05,41.1535
0,119,4,0,9.6876e-05,41.1514
0,120,4,0,9.0297e-05,41.1486
0,121,4,0,8.84685e-05,41.1455
0,122,4,0,9.5493e-05,41.1425
0,123,4,0,7.75455e-05,41.1386
0,124,4,0,0.000117344,41.1349
0,125,4,0,7.6218e-05,41.1286
0,126,4,0,8.69235e-05,41.1228
0,127,4,0,8.6703e-05,41.1166
0,0,5,0,7.08359e-05,44.7115
0,1,5,0,6.1491e-05,44.6422
0,2,5,0,0.000128088,44.5442
0,3,5,0,0.000128946,44.4208
0,4,5,0,8.4837e-05,44.2796
0,5,5,0,8.3904e-05,44.1295
0,6,5,0,5.0139e-05,43.9754
0,7,5,0,9.40005e-05,43.8232
0,8,5,0,3.6756e-05,43.6722
0,9,5,0,0.000107757,43.5288
0,10,5,0,9.3171e-05,43.3896
0,11,5,0,7.8804e-05,43.2575
0,12,5,0,0.000105096,43.1341
0,13,5,0,8.31525e-05,43.0171
0,14,5,0,0.000117632,42.9084
0,15,5,0,8.283e-05,42.8046
0,16,5,0,0.000114006,42.708
0,17,5,0,6.4725e-05,42.615
0,18,5,0,5.6175e-05,42.5286
0,19,5,0,9.4962e-05,42.45
0,20,5,0,0.000111678,42.3759
0,21,5,0,8.70255e-05,42.3052
0,22,5,0,0.000132329,42.2395
0,23,5,0,0.000144284,42.1764
0,24,5,0,8.7177e-05,42.1151
0,25,5,0,6.8532e-05,42.0582
0,26,5,0,8.85375e-05,42.006
0,27,5,0,6.59115e-05,41.9571
0,28,5,0,0.000107429,41.9132
0,29,5,0,7.9593e-05,41.871
0,30,5,0,8.83215e-05,41.8322
0,31,5,0,9.62955e-05,41.7963
0,32,5,0,0.000122997,41.7625
0,33,5,0,0.00010653,41.7286
0,34,5,0,6.6234e-05,41.6959
0,35,5,0,7.03635e-05,41.6658
0,36,5,0,7.86375e-05,41.6385
0,37,5,0,0.000112619,41.6136
0,38,5,0,7.56795e-05,41.5886
0,39,5,0,4.8777e-05,41.5653
0,40,5,0,9.4029e-05,41.5458
0,41,5,0,0.000115935,41.5276
0,42,5,0,9.09105e-05,41.5088
0,43,5,0,0.000117027,41.4917
0,44,5,0,8.3616e-05,41.4747
0,45,5,0,9.204e-05,41.4599
0,46,5,0,9.78015e-05,41.4464
0,47,5,0,0.000151218,41.4345
0,48,5,0,7.9881e-05,41.4208
0,49,5,0,8.41575e-05,41.4087
0,50,5,0,8.8185e-05,41.3981
0,51,5,0,0.000107072,41.389
0,52,5,0,7.737e-05,41.3797
0,53,5,0,7.75485e-05,41.372
0,54,5,0,7.76205e-05,41.3656
0,55,5,0,8.22135e-05,41.3599
0,56,5,0,0.000111527,41.3551
0,57,5,0,6.55515e-05,41.3493
0,58,5,0,0.000108365,41.3454
0,59,5,0,8.77485e-05,41.3416
0,60,5,0,7.1553e-05,41.3391
0,61,5,0,0.000111201,41.3386
0,62,5,0,0.000109119,41.3372
0,63,5,0,0.000139866,41.3355
0,64,5,0,0.00010636,41.332
0,65,5,0,7.6719e-05,41.3282
0,66,5,0,5.9697e-05,41.3252
0,67,5,0,0.000129632,41.3241
0,68,5,0,6.33945e-05,41.3212
0,69,5,0,0.000100647,41.321
0,70,5,0,8.65245e-05,41.3205
0,71,5,0,0.000128088,41.3207
0,72,5,0,0.000113184,41.3183
0,73,5,0,5.7324e-05,41.3138
0,74,5,0,9.99615e-05,41.3113
0,75,5,0,5.66445e-05,41.3077
0,76,5,0,9.6477e-05,41.3059
0,77,5,0,0.000115301,41.3032
0,78,5,0,6.94995e-05,41.2985
0,79,5,0,7.14435e-05,41.295
0,80,5,0,9.95265e-05,41.2922
0,81,5,0,9.702e-05,41.2882
0,82,5,0,0.000100395,41.2836
0,83,5,0,0.000105309,41.2781
0,84,5,0,0.000115368,41.2721
0,85,5,0,0.000120506,41.2656
0,86,5,0,9.47865e-05,41.2578
0,87,5,0,7.3056e-05,41.2502
0,88,5,0,7.1121e-05,41.2441
0,89,5,0,0.000133646,41.2398
0,90,5,0,0.00010122,41.2333
0,91,5,0,0.000114648,41.227
0,92,5,0,9.5988e-05,41.2202
0,93,5,0,8.4483e-05,41.2137
0,94,5,0,5.4669e-05,41.2075
0,95,5,0,9.7197e-05,41.2035
0,96,5,0,9.18149e-05,41.1992
0,97,5,0,8.37285e-05,41.1947
0,98,5,0,0.00010355,41.1912
0,99,5,0,0.00011898,41.1878
0,100,5,0,9.8202e-05,41.1842
0,101,5,0,8.3544e-05,41.1804
0,102,5,0,0.000110193,41.1768
0,103,5,0,8.09955e-05,41.1724
0,104,5,0,0.000131751,41.1698
0,105,5,0,9.4323e-05,41.1651
0,106,5,0,9.9999e-05,41.1601
0,107,5,0,9.1665e-05,41.1545
0,108,5,0,5.7612e-05,41.1485
0,109,5,0,0.000101108,41.1444
0,110,5,0,9.41415e-05,41.1397
0,111,5,0,8.6634e-05,41.1349
0,112,5,0,9.17685e-05,41.1306
0,113,5,0,7.0755e-05,41.1262
0,114,5,0,5.78625e-05,41.123
0,115,5,0,9.35685e-05,41.1222
0,116,5,0,0.000132506,41.1216
0,117,5,0,0.000102729,41.1191
0,118,5,0,9.5544e-05,41.1169
0,119,5,0,0.000111993,41.1149
0,120,5,0,9.5106e-05,41.1118
0,121,5,0,6.56265e-05,41.1081
0,122,5,0,7.87695e-05,41.1052
0,123,5,0,0.000104883,41.1019
0,124,5,0,9.78105e-05,41.0973
0,125,5,0,7.2765e-05,41.0911
0,126,5,0,6.83865e-05,41.085
0,127,5,0,6.94995e-05,41.0792
0,0,6,0,9.45449e-05,44.2372
0,1,6,0,8.30055e-05,44.1882
0,2,6,0,8.3469e-05,44.1164
0,3,6,0,0.000114404,44.0259
0,4,6,0,0.000112208,43.9197
0,5,6,0,9.9495e-05,43.803
0,6,6,0,0.000124851,43.6812
0,7,6,0,0.000108042,43.5559
0,8,6,0,6.73395e-05,43.4303
0,9,6,0,0.000105566,43.3084
0,10,6,0,5.11125e-05,43.1882
0,11,6,0,3.83925e-05,43.0737
0,12,6,0,7.9881e-05,42.9663
0,13,6,0,7.52475e-05,42.8635
0,14,6,0,0.000105456,42.7667
0,15,6,0,8.958e-05,42.6741
0,16,6,0,0.000122124,42.587
0,17,6,0,0.000108402,42.5031
0,18,6,0,9.3675e-05,42.4238
0,19,6,0,0.000114542,42.3505
0,20,6,0,8.35755e-05,42.2804
0,21,6,0,0.000114545,42.2152
0,22,6,0,8.7303e-05,42.1524
0,23,6,0,9.3534e-05,42.0934
0,24,6,0,8.5341e-05,42.0373
0,25,6,0,0.000100244,41.9845
0,26,6,0,7.6653e-05,41.9343
0,27,6,0,5.55645e-05,41.8878
0,28,6,0,0.000121974,41.8464
0,29,6,0,0.000101355,41.8057
0,30,6,0,6.6306e-05,41.7671
0,31,6,0,9.08355e-05,41.7329
0,32,6,0,0.000136926,41.7012
0,33,6,0,0.000102648,41.6688
0,34,6,0,0.000129897,41.6387
0,35,6,0,8.0931e-05,41.6087
0,36,6,0,0.000101564,41.5825
0,37,6,0,0.000121727,41.5582
0,38,6,0,0.000107975,41.5342
0,39,6,0,0.000102081,41.5118
0,40,6,0,6.7383e-05,41.491
0,41,6,0,0.000112539,41.4734
0,42,6,0,0.000110199,41.4556
0,43,6,0,7.428e-05,41.4375
0,44,6,0,5.78625e-05,41.4213
0,45,6,0,0.000100284,41.4077
0,46,6,0,0.00012837,41.3947
0,47,6,0,6.15315e-05,41.3808
0,48,6,0,0.000131501,41.3698
0,49,6,0,0.000105209,41.3577
0,50,6,0,7.6797e-05,41.3465
0,51,6,0,0.000104448,41.3375
0,52,6,0,7.5786e-05,41.3281
0,53,6,0,7.00785e-05,41.3203
0,54,6,0,0.000116298,41.3149
0,55,6,0,0.000105027,41.309
0,56,6,0,9.9924e-05,41.3036
0,57,6,0,0.000126755,41.2987
0,58,6,0,7.67565e-05,41.293
0,59,6,0,6.87135e-05,41.289
0,60,6,0,8.10675e-05,41.2867
0,61,6,0,0.000109727,41.2853
0,62,6,0,0.000107505,41.2831
0,63,6,0,8.6352e-05,41.2802
0,64,6,0,9.89969e-05,41.2774
0,65,6,0,7.5789e-05,41.2744
0,66,6,0,0.00013581,41.273
0,67,6,0,9.34965e-05,41.2698
0,68,6,0,7.75485e-05,41.2674
0,69,6,0,7.37415e-05,41.2662
0,70,6,0,0.000107253,41.2663
0,71,6,0,0.000125571,41.2657
0,72,6,0,0.00012837,41.2636
0,73,6,0,9.3603e-05,41.2596
0,74,6,0,0.000112964,41.2566
0,75,6,0,9.66555e-05,41.2527
0,76,6,0,8.5488e-05,41.2494
0,77,6,0,0.000112172,41.2471
0,78,6,0,8.9649e-05,41.2433
0,79,6,0,9.231e-05,41.2401
0,80,6,0,0.000124782,41.2376
0,81,6,0,0.000110732,41.2334
0,82,6,0,0.000129375,41.2284
0,83,6,0,7.02945e-05,41.221
0,84,6,0,6.66285e-05,41.2146
0,85,6,0,0.000115769,41.2094
0,86,6,0,7.2912e-05,41.2017
0,87,6,0,5.90865e-05,41.1948
0,88,6,0,7.40295e-05,41.1895
0,89,6,0,8.95455e-05,41.1849
0,90,6,0,9.2883e-05,41.1794
0,91,6,0,7.8591e-05,41.173
0,92,6,0,0.000102651,41.1676
0,93,6,0,9.27045e-05,41.1619
0,94,6,0,8.88255e-05,41.1566
0,95,6,0,8.4624e-05,41.1524
0,96,6,0,0.000103696,41.149
0,97,6,0,9.6192e-05,41.1449
0,98,6,0,7.07955e-05,41.1407
0,99,6,0,7.4061e-05,41.1378
0,100,6,0,0.000157574,41.1369
0,101,6,0,0.000129341,41.1335
0,102,6,0,0.00012191,41.1294
0,103,6,0,7.35945e-05,41.1242
0,104,6,0,0.00010772,41.121
0,105,6,0,0.000103803,41.1168
0,106,6,0,9.91725e-05,41.1121
0,107,6,0,9.7053e-05,41.1072
0,108,6,0,0.000102867,41.1023
0,109,6,0,6.62715e-05,41.0969
0,110,6,0,0.000109157,41.093
0,111,6,0,6.60495e-05,41.0881
0,112,6,0,8.8926e-05,41.0849
0,113,6,0,0.000134804,41.0827
0,114,6,0,9.48585e-05,41.0791
0,115,6,0,8.319e-05,41.0765
0,116,6,0,9.08385e-05,41.0741
0,117,6,0,6.2856e-05,41.0714
0,118,6,0,8.8647e-05,41.0699
0,119,6,0,7.9452e-05,41.0681
0,120,6,0,8.7426e-05,41.0664
0,121,6,0,8.448e-05,41.0641
0,122,6,0,0.000119463,41.0615
0,123,6,0,7.14345e-05,41.0565
0,124,6,0,0.000111746,41.0524
0,125,6,0,9.2739e-05,41.047
0,126,6,0,7.6221e-05,41.0414
0,127,6,0,8.9295e-05,41.0361
0,0,7,0,9.14204e-05,43.8246
0,1,7,0,9.85995e-05,43.7887
0,2,7,0,9.27045e-05,43.7345
0,3,7,0,0.000100967,43.6651
0,4,7,0,9.65805e-05,43.5828
0,5,7,0,8.30085e-05,43.4908
0,6,7,0,9.0081e-05,43.3928
0,7,7,0,4.2924e-05,43.29
0,8,7,0,9.2595e-05,43.1877
0,9,7,0,6.0486e-05,43.0844
0,10,7,0,6.51945e-05,42.9832
0,11,7,0,6.7668e-05,42.8851
0,12,7,0,7.683e-05,42.7909
0,13,7,0,8.0961e-05,42.7001
0,14,7,0,4.06245e-05,42.6126
0,15,7,0,9.7194e-05,42.5311
0,16,7,0,9.83085e-05,42.4524
0,17,7,0,9.27045e-05,42.3765
0,18,7,0,4.84515e-05,42.3037
0,19,7,0,9.5325e-05,42.2369
0,20,7,0,8.70255e-05,42.1727
0,21,7,0,0.000103046,42.1121
0,22,7,0,8.48955e-05,42.0539
0,23,7,0,8.3544e-05,41.9993
0,24,7,0,0.000146082,41.9488
0,25,7,0,8.7357e-05,41.8984
0,26,7,0,9.4317e-05,41.8519
0,27,7,0,0.00011735,41.8085
0,28,7,0,7.91685e-05,41.7668
0,29,7,0,9.6273e-05,41.7282
0,30,7,0,7.3917e-05,41.6913
0,31,7,0,6.7239e-05,41.6576
0,32,7,0,0.000129709,41.6273
0,33,7,0,6.9318e-05,41.5958
0,34,7,0,0.000115746,41.5675
0,35,7,0,6.76305e-05,41.5389
0,36,7,0,9.08355e-05,41.5137
0,37,7,0,9.13395e-05,41.4898
0,38,7,0,7.07235e-05,41.4666
0,39,7,0,9.22035e-05,41.4458
0,40,7,0,8.6169e-05,41.4261
0,41,7,0,8.83935e-05,41.4083
0,42,7,0,0.000128069,41.392
0,43,7,0,7.77645e-05,41.3746
0,44,7,0,0.00013868,41.3602
0,45,7,0,8.6997e-05,41.3446
0,46,7,0,7.60395e-05,41.3305
0,47,7,0,8.139e-05,41.3178
0,48,7,0,0.000100113,41.3064
0,49,7,0,5.3373e-05,41.2943
0,50,7,0,8.6994e-05,41.2848
0,51,7,0,0.000104739,41.2762
0,52,7,0,9.19905e-05,41.2673
0,53,7,0,7.25205e-05,41.259
0,54,7,0,9.504e-05,41.2527
0,55,7,0,8.08545e-05,41.2464
0,56,7,0,0.000102147,41.2411
0,57,7,0,7.2408e-05,41.2354
0,58,7,0,7.50315e-05,41.231
0,59,7,0,0.000113507,41.2283
0,60,7,0,0.000116232,41.2252
0,61,7,0,8.68155e-05,41.2217
0,62,7,0,9.0873e-05,41.2189
0,63,7,0,0.000112028,41.2166
0,64,7,0,7.49279e-05,41.2132
0,65,7,0,0.000110559,41.2109
0,66,7,0,9.63645e-05,41.208
0,67,7,0,6.26775e-05,41.2049
0,68,7,0,0.000115406,41.204
0,69,7,0,9.91245e-05,41.2025
0,70,7,0,0.000134153,41.2018
0,71,7,0,8.175e-05,41.199
0,72,7,0,0.000123386,41.1973
0,73,7,0,0.000101831,41.1938
0,74,7,0,0.000114257,41.1905
0,75,7,0,7.1622e-05,41.186
0,76,7,0,7.9812e-05,41.1828
0,77,7,0,0.000101937,41.1806
0,78,7,0,0.000115013,41.1779
0,79,7,0,9.33495e-05,41.1742
0,80,7,0,0.000107184,41.1711
0,81,7,0,0.000121157,41.1675
0,82,7,0,0.000119862,41.1624
0,83,7,0,8.75685e-05,41.1557
0,84,7,0,7.23705e-05,41.1495
0,85,7,0,0.000110124,41.1445
0,86,7,0,8.37945e-05,41.1379
0,87,7,0,7.8735e-05,41.1319
0,88,7,0,8.3112e-05,41.1269
0,89,7,0,0.000113577,41.1228
0,90,7,0,0.000131145,41.1176
0,91,7,0,4.842e-05,41.1099
0,92,7,0,6.72735e-05,41.1045
0,93,7,0,7.94175e-05,41.0997
0,94,7,0,5.8515e-05,41.0948
0,95,7,0,7.6362e-05,41.0914
0,96,7,0,9.93914e-05,41.0887
0,97,7,0,8.9433e-05,41.0852
0,98,7,0,0.00011907,41.082
0,99,7,0,6.264e-05,41.0774
0,100,7,0,6.93585e-05,41.0746
0,101,7,0,9.42825e-05,41.0724
0,102,7,0,0.000107034,41.0696
0,103,7,0,9.9996e-05,41.066
0,104,7,0,0.000111746,41.0624
0,105,7,0,8.82465e-05,41.058
0,106,7,0,0.00010808,41.0541
0,107,7,0,7.8087e-05,41.0495
0,108,7,0,0.000120756,41.0461
0,109,7,0,0.000100607,41.0412
0,110,7,0,6.2211e-05,41.036
0,111,7,0,0.000113105,41.0328
0,112,7,0,6.1962e-05,41.0282
0,113,7,0,6.7023e-05,41.0254
0,114,7,0,7.71165e-05,41.0233
0,115,7,0,0.000130892,41.022
0,116,7,0,5.1003e-05,41.0181
0,117,7,0,9.6117e-05,41.0166
0,118,7,0,7.3563e-05,41.0145
0,119,7,0,6.9681e-05,41.0133
0,120,7,0,0.000133223,41.0137
0,121,7,0,0.000132866,41.012
0,122,7,0,0.000144572,41.0088
0,123,7,0,7.77645e-05,41.0027
0,124,7,0,5.54235e-05,40.9974
0,125,7,0,7.20135e-05,40.9935
0,126,7,0,9.42105e-05,40.9898
0,127,7,0,8.36535e-05,40.9852
0,0,8,0,1.76069e-05,43.4582
0,1,8,0,1.092e-05,43.4296
0,2,8,0,4.5615e-06,43.3871
0,3,8,0,6.1425e-06,43.3328
0,4,8,0,1.056e-05,43.2682
0,5,8,0,6.1425e-06,43.1952
0,6,8,0,1.28955e-05,43.1164
0,7,8,0,4.2735e-06,43.0331
0,8,8,0,1.14585e-05,42.9481
0,9,8,0,1.365e-06,42.8618
0,10,8,0,1.8966e-05,42.7765
0,11,8,0,4.095e-06,42.692
0,12,8,0,1.41885e-05,42.61
0,13,8,0,9.8055e-06,42.5301
0,14,8,0,6.681e-06,42.4529
0,15,8,0,7.0755e-06,42.379
0,16,8,0,5.1e-06,42.308
0,17,8,0,1.02375e-05,42.2399
0,18,8,0,7.3635e-06,42.1747
0,19,8,0,1.5516e-05,42.113
0,20,8,0,1.59825e-05,42.0541
0,21,8,0,1.26795e-05,41.9977
0,22,8,0,0,41.9438
0,23,8,0,1.8315e-06,41.8931
0,24,8,0,1.2141e-05,41.8454
0,25,8,0,8.8725e-06,41.7996
0,26,8,0,1.9467e-05,41.7564
0,27,8,0,1.3434e-05,41.7153
0,28,8,0,1.16025e-05,41.6764
0,29,8,0,1.56975e-05,41.6397
0,30,8,0,4.2735e-06,41.6048
0,31,8,0,4.956e-06,41.5725
0,32,8,0,1.22189e-05,41.5422
0,33,8,0,4.7775e-06,41.5128
0,34,8,0,3.879e-06,41.4851
0,35,8,0,0,41.4588
0,36,8,0,8.979e-06,41.4346
0,37,8,0,1.82115e-05,41.4119
0,38,8,0,1.16025e-05,41.3899
0,39,8,0,4.2735e-06,41.3693
0,40,8,0,4.2735e-06,41.3503
0,41,8,0,1.4007e-05,41.3328
0,42,8,0,8.208e-06,41.316
0,43,8,0,3.0525e-06,41.2999
0,44,8,0,1.11705e-05,41.2853
0,45,8,0,1.365e-05,41.2711
0,46,8,0,1.365e-06,41.2575
0,47,8,0,1.00215e-05,41.2454
0,48,8,0,2.5494e-05,41.2344
0,49,8,0,1.2786e-05,41.2233
0,50,8,0,4.095e-06,41.2133
0,51,8,0,2.41725e-05,41.2047
0,52,8,0,1.54095e-05,41.1961
0,53,8,0,1.365e-05,41.1881
0,54,8,0,2.73e-06,41.1808
0,55,8,0,1.566e-05,41.1747
0,56,8,0,4.2735e-06,41.1687
0,57,8,0,8.2965e-06,41.1636
0,58,8,0,1.2141e-05,41.1592
0,59,8,0,1.59105e-05,41.1554
0,60,8,0,1.092e-05,41.1517
0,61,8,0,9.411e-06,41.1482
0,62,8,0,1.8315e-06,41.145
0,63,8,0,1.87845e-05,41.1426
0,64,8,0,2.97104e-05,41.14
0,65,8,0,1.293e-05,41.1366
0,66,8,0,6.825e-07,41.1333
0,67,8,0,8.691e-06,41.1307
0,68,8,0,1.23195e-05,41.1288
0,69,8,0,1.6611e-05,41.1268
0,70,8,0,9.6615e-06,41.1247
0,71,8,0,1.1853e-05,41.1223
0,72,8,0,1.602e-05,41.1198
0,73,8,0,8.19e-06,41.1165
0,74,8,0,2.73e-06,41.1132
0,75,8,0,2.13705e-05,41.1102
0,76,8,0,2.73e-06,41.1067
0,77,8,0,1.0416e-05,41.1038
0,78,8,0,1.0416e-05,41.1006
0,79,8,0,1.092e-05,41.0972
0,80,8,0,1.221e-06,41.0935
0,81,8,0,1.4583e-05,41.0899
0,82,8,0,1.02375e-05,41.0854
0,83,8,0,1.4799e-05,41.0804
0,84,8,0,1.6737e-05,41.0753
0,85,8,0,1.01655e-05,41.07
0,86,8,0,1.4151e-05,41.0646
0,87,8,0,6.825e-07,41.0591
0,88,8,0,1.1925e-05,41.0544
0,89,8,0,8.118e-06,41.0496
0,90,8,0,7.5075e-06,41.0446
0,91,8,0,9.123e-06,41.0393
0,92,8,0,7.686e-06,41.0344
0,93,8,0,6.825e-06,41.0299
0,94,8,0,9.1575e-06,41.0258
0,95,8,0,6.105e-07,41.022
0,96,8,0,1.25414e-05,41.019
0,97,8,0,1.0704e-05,41.0155
0,98,8,0,5.7825e-06,41.0119
0,99,8,0,6.825e-06,41.0083
0,100,8,0,6.825e-07,41.0051
0,101,8,0,6.1425e-06,41.0023
0,102,8,0,1.1925e-05,40.9996
0,103,8,0,1.6092e-05,40.9964
0,104,8,0,5.46e-06,40.9926
0,105,8,0,6.105e-07,40.9888
0,106,8,0,8.19e-06,40.9854
0,107,8,0,8.8725e-06,40.9818
0,108,8,0,1.56975e-05,40.9784
0,109,8,0,1.7742e-05,40.9746
0,110,8,0,6.825e-06,40.9704
0,111,8,0,4.5615e-06,40.9667
0,112,8,0,0,40.9633
0,113,8,0,9.9495e-06,40.9607
0,114,8,0,5.4945e-06,40.9584
0,115,8,0,1.4655e-05,40.9565
0,116,8,0,9.483e-06,40.9541
0,117,8,0,1.24635e-05,40.9523
0,118,8,0,6.1425e-06,40.9505
0,119,8,0,1.74195e-05,40.9493
0,120,8,0,2.24475e-05,40.9482
0,121,8,0,2.4066e-05,40.9463
0,122,8,0,1.00935e-05,40.9431
0,123,8,0,1.3218e-05,40.9395
0,124,8,0,1.7745e-05,40.936
0,125,8,0,9.5175e-06,40.9325
0,126,8,0,4.5615e-06,40.9294
0,127,8,0,1.86405e-05,40.927
0,0,9,0,8.87836e-06,43.1369
0,1,9,0,0,43.1139
0,2,9,0,0,43.0802
0,3,9,0,0,43.0369
0,4,9,0,0,42.9853
0,5,9,0,0,42.9266
0,6,9,0,0,42.8625
0,7,9,0,0,42.7944
0,8,9,0,0,42.7236
0,9,9,0,0,42.6514
0,10,9,0,0,42.5788
0,11,9,0,0,42.5064
0,12,9,0,0,42.4352
0,13,9,0,0,42.3653
0,14,9,0,0,42.2973
0,15,9,0,0,42.2315
0,16,9,0,0,42.1679
0,17,9,0,0,42.1066
0,18,9,0,0,42.0477
0,19,9,0,0,41.9913
0,20,9,0,0,41.9373
0,21,9,0,0,41.8857
0,22,9,0,0,41.8363
0,23,9,0,0,41.7894
0,24,9,0,0,41.7448
0,25,9,0,0,41.7024
0,26,9,0,0,41.662
0,27,9,0,0,41.6237
0,28,9,0,0,41.5873
0,29,9,0,0,41.5529
0,30,9,0,0,41.5203
0,31,9,0,0,41.4896
0,32,9,0,8.87836e-06,41.4608
0,33,9,0,0,41.4328
0,34,9,0,0,41.4064
0,35,9,0,0,41.3815
0,36,9,0,0,41.3581
0,37,9,0,0,41.336
0,38,9,0,0,41.3151
0,39,9,0,0,41.2955
0,40,9,0,0,41.277
0,41,9,0,0,41.2598
0,42,9,0,0,41.2435
0,43,9,0,0,41.2281
0,44,9,0,0,41.2137
0,45,9,0,0,41.2
0,46,9,0,0,41.1872
0,47,9,0,0,41.1753
0,48,9,0,0,41.1642
0,49,9,0,0,41.1537
0,50,9,0,0,41.144
0,51,9,0,0,41.1351
0,52,9,0,0,41.1268
0,53,9,0,0,41.1191
0,54,9,0,0,41.112
0,55,9,0,0,41.1056
0,56,9,0,0,41.0997
0,57,9,0,0,41.0944
0,58,9,0,0,41.0897
0,59,9,0,0,41.0854
0,60,9,0,0,41.0815
0,61,9,0,0,41.0778
0,62,9,0,0,41.0745
0,63,9,0,0,41.0715
0,64,9,0,8.87836e-06,41.0687
0,65,9,0,0,41.0653
0,66,9,0,0,41.0621
0,67,9,0,0,41.0592
0,68,9,0,0,41.0566
0,69,9,0,0,41.0541
0,70,9,0,0,41.0516
0,71,9,0,0,41.0489
0,72,9,0,0,41.0462
0,73,9,0,0,41.0432
0,74,9,0,0,41.0401
0,75,9,0,0,41.037
0,76,9,0,0,41.0338
0,77,9,0,0,41.0306
0,78,9,0,0,41.0273
0,79,9,0,0,41.0239
0,80,9,0,0,41.0203
0,81,9,0,0,41.0165
0,82,9,0,0,41.0124
0,83,9,0,0,41.008
0,84,9,0,0,41.0035
0,85,9,0,0,40.9988
0,86,9,0,0,40.9941
0,87,9,0,0,40.9894
0,88,9,0,0,40.9848
0,89,9,0,0,40.9804
0,90,9,0,0,40.9759
0,91,9,0,0,40.9714
0,92,9,0,0,40.9671
0,93,9,0,0,40.9631
0,94,9,0,0,40.9594
0,95,9,0,0,40.9559
0,96,9,0,8.87836e-06,40.9528
0,97,9,0,0,40.9492
0,98,9,0,0,40.9458
0,99,9,0,0,40.9424
0,100,9,0,0,40.9393
0,101,9,0,0,40.9362
0,102,9,0,0,40.9333
0,103,9,0,0,40.9302
0,104,9,0,0,40.9269
0,105,9,0,0,40.9236
0,106,9,0,0,40.9204
0,107,9,0,0,40.9171
0,108,9,0,0,40.9139
0,109,9,0,0,40.9106
0,110,9,0,0,40.9073
0,111,9,0,0,40.9042
0,112,9,0,0,40.9013
0,113,9,0,0,40.8988
0,114,9,0,0,40.8965
0,115,9,0,0,40.8944
0,116,9,0,0,40.8924
0,117,9,0,0,40.8905
0,118,9,0,0,40.8888
0,119,9,0,0,40.8872
0,120,9,0,0,40.8856
0,121,9,0,0,40.8836
0,122,9,0,0,40.8813
0,123,9,0,0,40.8788
0,124,9,0,0,40.8762
0,125,9,0,0,40.8738
0,126,9,0,0,40.8717
0,127,9,0,0,40.87
0,0,10,0,8.87836e-06,42.8539
0,1,10,0,0,42.8352
0,2,10,0,0,42.8081
0,3,10,0,0,42.7731
0,4,10,0,0,42.7313
0,5,10,0,0,42.6836
0,6,10,0,0,42.631
0,7,10,0,0,42.5747
0,8,10,0,0,42.5157
0,9,10,0,0,42.4548
0,10,10,0,0,42.393
0,11,10,0,0,42.331
0,12,10,0,0,42.2692
0,13,10,0,0,42.2083
0,14,10,0,0,42.1485
0,15,10,0,0,42.0901
0,16,10,0,0,42.0334
0,17,10,0,0,41.9784
0,18,10,0,0,41.9253
0,19,10,0,0,41.8742
0,20,10,0,0,41.825
0,21,10,0,0,41.7778
0,22,10,0,0,41.7326
0,23,10,0,0,41.6894
0,24,10,0,0,41.6482
0,25,10,0,0,41.6088
0,26,10,0,0,41.5713
0,27,10,0,0,41.5356
0,28,10,0,0,41.5017
0,29,10,0,0,41.4695
0,30,10,0,0,41.439
0,31,10,0,0,41.4101
0,32,10,0,8.87836e-06,41.3828
0,33,10,0,0,41.3563
0,34,10,0,0,41.3312
0,35,10,0,0,41.3075
0,36,10,0,0,41.2851
0,37,10,0,0,41.264
0,38,10,0,0,41.244
0,39,10,0,0,41.2252
0,40,10,0,0,41.2074
0,41,10,0,0,41.1907
0,42,10,0,0,41.175
0,43,10,0,0,41.1602
0,44,10,0,0,41.1462
0,45,10,0,0,41.133
0,46,10,0,0,41.1206
0,47,10,0,0,41.1091
0,48,10,0,0,41.0982
0,49,10,0,0,41.0881
0,50,10,0,0,41.0786
0,51,10,0,0,41.0698
0,52,10,0,0,41.0616
0,53,10,0,0,41.054
0,54,10,0,0,41.047
0,55,10,0,0,41.0406
0,56,10,0,0,41.0346
0,57,10,0,0,41.0292
0,58,10,0,0,41.0243
0,59,10,0,0,41.0198
0,60,10,0,0,41.0157
0,61,10,0,0,41.0119
0,62,10,0,0,41.0083
0,63,10,0,0,41.0051
0,64,10,0,8.87836e-06,41.0021
0,65,10,0,0,40.9986
0,66,10,0,0,40.9952
0,67,10,0,0,40.9921
0,68,10,0,0,40.9891
0,69,10,0,0,40.9863
0,70,10,0,0,40.9835
0,71,10,0,0,40.9806
0,72,10,0,0,40.9777
0,73,10,0,0,40.9747
0,74,10,0,0,40.9717
0,75,10,0,0,40.9686
0,76,10,0,0,40.9654
0,77,10,0,0,40.9622
0,78,10,0,0,40.9589
0,79,10,0,0,40.9556
0,80,10,0,0,40.9521
0,81,10,0,0,40.9484
0,82,10,0,0,40.9446
0,83,10,0,0,40.9406
0,84,10,0,0,40.9365
0,85,10,0,0,40.9323
0,86,10,0,0,40.9281
0,87,10,0,0,40.9239
0,88,10,0,0,40.9197
0,89,10,0,0,40.9157
0,90,10,0,0,40.9116
0,91,10,0,0,40.9077
0,92,10,0,0,40.9039
0,93,10,0,0,40.9003
0,94,10,0,0,40.8969
0,95,10,0,0,40.8937
0,96,10,0,8.87836e-06,40.8907
0,97,10,0,0,40.8872
0,98,10,0,0,40.8839
0,99,10,0,0,40.8807
0,100,10,0,0,40.8776
0,101,10,0,0,40.8746
0,102,10,0,0,40.8717
0,103,10,0,0,40.8687
0,104,10,0,0,40.8657
0,105,10,0,0,40.8628
0,106,10,0,0,40.8598
0,107,10,0,0,40.8569
0,108,10,0,0,40.854
0,109,10,0,0,40.8511
0,110,10,0,0,40.8482
0,111,10,0,0,40.8455
0,112,10,0,0,40.843
0,113,10,0,0,40.8407
0,114,10,0,0,40.8385
0,115,10,0,0,40.8365
0,116,10,0,0,40.8346
0,117,10,0,0,40.8328
0,118,10,0,0,40.8311
0,119,10,0,0,40.8295
0,120,10,0,0,40.8278
0,121,10,0,0,40.8261
0,122,10,0,0,40.8242
0,123,10,0,0,40.8223
0,124,10,0,0,40.8204
0,125,10,0,0,40.8187
0,126,10,0,0,40.8172
0,127,10,0,0,40.8161
0,0,11,0,8.87836e-06,42.6028
0,1,11,0,0,42.5875
0,2,11,0,0,42.5654
0,3,11,0,0,42.5369
0,4,11,0,0,42.5027
0,5,11,0,0,42.4634
0,6,11,0,0,42.4199
0,7,11,0,0,42.373
0,8,11,0,0,42.3235
0,9,11,0,0,42.2721
0,10,11,0,0,42.2194
0,11,11,0,0,42.1661
0,12,11,0,0,42.1126
0,13,11,0,0,42.0595
0,14,11,0,0,42.0069
0,15,11,0,0,41.9553
0,16,11,0,0,41.9049
0,17,11,0,0,41.8557
0,18,11,0,0,41.808
0,19,11,0,0,41.7618
0,20,11,0,0,41.7172
0,21,11,0,0,41.6742
0,22,11,0,0,41.6329
0,23,11,0,0,41.5933
0,24,11,0,0,41.5553
0,25,11,0,0,41.519
0,26,11,0,0,41.4842
0,27,11,0,0,41.4511
0,28,11,0,0,41.4195
0,29,11,0,0,41.3895
0,30,11,0,0,41.3609
0,31,11,0,0,41.3338
0,32,11,0,8.87836e-06,41.3082
0,33,11,0,0,41.2831
0,34,11,0,0,41.2593
0,35,11,0,0,41.2368
0,36,11,0,0,41.2155
0,37,11,0,0,41.1954
0,38,11,0,0,41.1763
0,39,11,0,0,41.1583
0,40,11,0,0,41.1413
0,41,11,0,0,41.1253
0,42,11,0,0,41.1101
0,43,11,0,0,41.0958
0,44,11,0,0,41.0823
0,45,11,0,0,41.0696
0,46,11,0,0,41.0577
0,47,11,0,0,41.0465
0,48,11,0,0,41.0359
0,49,11,0,0,41.026
0,50,11,0,0,41.0168
0,51,11,0,0,41.0082
0,52,11,0,0,41.0001
0,53,11,0,0,40.9927
0,54,11,0,0,40.9857
0,55,11,0,0,40.9793
0,56,11,0,0,40.9734
0,57,11,0,0,40.9679
0,58,11,0,0,40.9629
0,59,11,0,0,40.9582
0,60,11,0,0,40.9539
0,61,11,0,0,40.9499
0,62,11,0,0,40.9463
0,63,11,0,0,40.9429
0,64,11,0,8.87836e-06,40.9397
0,65,11,0,0,40.936
0,66,11,0,0,40.9325
0,67,11,0,0,40.9291
0,68,11,0,0,40.926
0,69,11,0,0,40.9229
0,70,11,0,0,40.9198
0,71,11,0,0,40.9168
0,72,11,0,0,40.9138
0,73,11,0,0,40.9108
0,74,11,0,0,40.9077
0,75,11,0,0,40.9046
0,76,11,0,0,40.9015
0,77,11,0,0,40.8983
0,78,11,0,0,40.8951
0,79,11,0,0,40.8918
0,80,11,0,0,40.8884
0,81,11,0,0,40.8849
0,82,11,0,0,40.8813
0,83,11,0,0,40.8776
0,84,11,0,0,40.8739
0,85,11,0,0,40.8701
0,86,11,0,0,40.8663
0,87,11,0,0,40.8625
0,88,11,0,0,40.8587
0,89,11,0,0,40.855
0,90,11,0,0,40.8514
0,91,11,0,0,40.8479
0,92,11,0,0,40.8445
0,93,11,0,0,40.8412
0,94,11,0,0,40.8381
0,95,11,0,0,40.8352
0,96,11,0,8.87836e-06,40.8324
0,97,11,0,0,40.8291
0,98,11,0,0,40.8259
0,99,11,0,0,40.8229
0,100,11,0,0,40.8199
0,101,11,0,0,40.817
0,102,11,0,0,40.8142
0,103,11,0,0,40.8115
0,104,11,0,0,40.8087
0,105,11,0,0,40.806
0,106,11,0,0,40.8033
0,107,11,0,0,40.8006
0,108,11,0,0,40.798
0,109,11,0,0,40.7955
0,110,11,0,0,40.793
0,111,11,0,0,40.7906
0,112,11,0,0,40.7883
0,113,11,0,0,40.7862
0,114,11,0,0,40.7842
0,115,11,0,0,40.7824
0,116,11,0,0,40.7806
0,117,11,0,0,40.7789
0,118,11,0,0,40.7773
0,119,11,0,0,40.7758
0,120,11,0,0,40.7742
0,121,11,0,0,40.7727
0,122,11,0,0,40.7712
0,123,11,0,0,40.7696
0,124,11,0,0,40.7682
0,125,11,0,0,40.7669
0,126,11,0,0,40.7659
0,127,11,0,0,40.7651
0,0,12,0,8.87836e-06,42.3789
0,1,12,0,0,42.3663
0,2,12,0,0,42.3481
0,3,12,0,0,42.3246
0,4,12,0,0,42.2963
0,5,12,0,0,42.2637
0,6,12,0,0,42.2275
0,7,12,0,0,42.1882
0,8,12,0,0,42.1464
0,9,12,0,0,42.1027
0,10,12,0,0,42.0577
0,11,12,0,0,42.0118
0,12,12,0,0,41.9655
0,13,12,0,0,41.9191
0,14,12,0,0,41.873
0,15,12,0,0,41.8275
0,16,12,0,0,41.7827
0,17,12,0,0,41.7388
0,18,12,0,0,41.696
0,19,12,0,0,41.6544
0,20,12,0,0,41.6141
0,21,12,0,0,41.575
0,22,12,0,0,41.5374
0,23,12,0,0,41.5011
0,24,12,0,0,41.4663
0,25,12,0,0,41.4328
0,26,12,0,0,41.4008
0,27,12,0,0,41.3701
0,28,12,0,0,41.3408
0,29,12,0,0,41.3128
0,30,12,0,0,41.2862
0,31,12,0,0,41.2608
0,32,12,0,8.87836e-06,41.2368
0,33,12,0,0,41.2132
0,34,12,0,0,41.1907
0,35,12,0,0,41.1694
0,36,12,0,0,41.1492
0,37,12,0,0,41.1301
0,38,12,0,0,41.112
0,39,12,0,0,41.0948
0,40,12,0,0,41.0785
0,41,12,0,0,41.0631
0,42,12,0,0,41.0486
0,43,12,0,0,41.0349
0,44,12,0,0,41.0219
0,45,12,0,0,41.0097
0,46,12,0,0,40.9981
0,47,12,0,0,40.9873
0,48,12,0,0,40.977
0,49,12,0,0,40.9675
0,50,12,0,0,40.9585
0,51,12,0,0,40.95
0,52,12,0,0,40.9422
0,53,12,0,0,40.9348
0,54,12,0,0,40.9279
0,55,12,0,0,40.9216
0,56,12,0,0,40.9156
0,57,12,0,0,40.9101
0,58,12,0,0,40.905
0,59,12,0,0,40.9003
0,60,12,0,0,40.8959
0,61,12,0,0,40.8918
0,62,12,0,0,40.888
0,63,12,0,0,40.8844
0,64,12,0,8.87836e-06,40.8811
0,65,12,0,0,40.8773
0,66,12,0,0,40.8736
0,67,12,0,0,40.8701
0,68,12,0,0,40.8668
0,69,12,0,0,40.8635
0,70,12,0,0,40.8604
0,71,12,0,0,40.8572
0,72,12,0,0,40.8541
0,73,12,0,0,40.851
0,74,12,0,0,40.848
0,75,12,0,0,40.8449
0,76,12,0,0,40.8417
0,77,12,0,0,40.8386
0,78,12,0,0,40.8354
0,79,12,0,0,40.8322
0,80,12,0,0,40.8289
0,81,12,0,0,40.8256
0,82,12,0,0,40.8222
0,83,12,0,0,40.8188
0,84,12,0,0,40.8153
0,85,12,0,0,40.8119
0,86,12,0,0,40.8084
0,87,12,0,0,40.8049
0,88,12,0,0,40.8015
0,89,12,0,0,40.7982
0,90,12,0,0,40.7949
0,91,12,0,0,40.7917
0,92,12,0,0,40.7886
0,93,12,0,0,40.7857
0,94,12,0,0,40.7829
0,95,12,0,0,40.7802
0,96,12,0,8.87836e-06,40.7777
0,97,12,0,0,40.7745
0,98,12,0,0,40.7715
0,99,12,0,0,40.7686
0,100,12,0,0,40.7659
0,101,12,0,0,40.7632
0,102,12,0,0,40.7605
0,103,12,0,0,40.7579
0,104,12,0,0,40.7554
0,105,12,0,0,40.7529
0,106,12,0,0,40.7505
0,107,12,0,0,40.7481
0,108,12,0,0,40.7458
0,109,12,0,0,40.7435
0,110,12,0,0,40.7413
0,111,12,0,0,40.7392
0,112,12,0,0,40.7371
0,113,12,0,0,40.7352
0,114,12,0,0,40.7334
0,115,12,0,0,40.7317
0,116,12,0,0,40.7301
0,117,12,0,0,40.7285
0,118,12,0,0,40.7271
0,119,12,0,0,40.7257
0,120,12,0,0,40.7243
0,121,12,0,0,40.723
0,122,12,0,0,40.7217
0,123,12,0,0,40.7205
0,124,12,0,0,40.7194
0,125,12,0,0,40.7184
0,126,12,0,0,40.7176
0,127,12,0,0,40.7171
0,0,13,0,8.87836e-06,42.1784
0,1,13,0,0,42.1679
0,2,13,0,0,42.1527
0,3,13,0,0,42.1332
0,4,13,0,0,42.1096
0,5,13,0,0,42.0823
0,6,13,0,0,42.0519
0,7,13,0,0,42.0187
0,8,13,0,0,41.9833
0,9,13,0,0,41.946
0,10,13,0,0,41.9074
0,11,13,0,0,41.8678
0,12,13,0,0,41.8276
0,13,13,0,0,41.7872
0,14,13,0,0,41.7468
0,15,13,0,0,41.7066
0,16,13,0,0,41.6669
0,17,13,0,0,41.6278
0,18,13,0,0,41.5895
0,19,13,0,0,41.5521
0,20,13,0,0,41.5157
0,21,13,0,0,41.4803
0,22,13,0,0,41.4461
0,23,13,0,0,41.413
0,24,13,0,0,41.3811
0,25,13,0,0,41.3504
0,26,13,0,0,41.3209
0,27,13,0,0,41.2926
0,28,13,0,0,41.2654
0,29,13,0,0,41.2395
0,30,13,0,0,41.2147
0,31,13,0,0,41.191
0,32,13,0,8.87836e-06,41.1685
0,33,13,0,0,41.1463
0,34,13,0,0,41.1252
0,35,13,0,0,41.1051
0,36,13,0,0,41.086
0,37,13,0,0,41.0679
0,38,13,0,0,41.0507
0,39,13,0,0,41.0343
0,40,13,0,0,41.0188
0,41,13,0,0,41.0041
0,42,13,0,0,40.9902
0,43,13,0,0,40.9771
0,44,13,0,0,40.9646
0,45,13,0,0,40.9529
0,46,13,0,0,40.9417
0,47,13,0,0,40.9313
0,48,13,0,0,40.9214
0,49,13,0,0,40.9121
0,50,13,0,0,40.9033
0,51,13,0,0,40.8951
0,52,13,0,0,40.8874
0,53,13,0,0,40.8802
0,54,13,0,0,40.8734
0,55,13,0,0,40.8671
0,56,13,0,0,40.8612
0,57,13,0,0,40.8557
0,58,13,0,0,40.8506
0,59,13,0,0,40.8458
0,60,13,0,0,40.8413
0,61,13,0,0,40.8372
0,62,13,0,0,40.8333
0,63,13,0,0,40.8296
0,64,13,0,8.87836e-06,40.8262
0,65,13,0,0,40.8222
0,66,13,0,0,40.8184
0,67,13,0,0,40.8148
0,68,13,0,0,40.8113
0,69,13,0,0,40.8079
0,70,13,0,0,40.8046
0,71,13,0,0,40.8014
0,72,13,0,0,40.7983
0,73,13,0,0,40.7951
0,74,13,0,0,40.792
0,75,13,0,0,40.7889
0,76,13,0,0,40.7858
0,77,13,0,0,40.7827
0,78,13,0,0,40.7796
0,79,13,0,0,40.7765
0,80,13,0,0,40.7733
0,81,13,0,0,40.7701
0,82,13,0,0,40.7669
0,83,13,0,0,40.7637
0,84,13,0,0,40.7605
0,85,13,0,0,40.7573
0,86,13,0,0,40.7541
0,87,13,0,0,40.7509
0,88,13,0,0,40.7478
0,89,13,0,0,40.7448
0,90,13,0,0,40.7418
0,91,13,0,0,40.7389
0,92,13,0,0,40.7361
0,93,13,0,0,40.7335
0,94,13,0,0,40.7309
0,95,13,0,0,40.7285
0,96,13,0,8.87836e-06,40.7262
0,97,13,0,0,40.7233
0,98,13,0,0,40.7205
0,99,13,0,0,40.7178
0,100,13,0,0,40.7152
0,101,13,0,0,40.7127
0,102,13,0,0,40.7102
0,103,13,0,0,40.7079
0,104,13,0,0,40.7056
0,105,13,0,0,40.7033
0,106,13,0,0,40.7011
0,107,13,0,0,40.6989
0,108,13,0,0,40.6969
0,109,13,0,0,40.6948
0,110,13,0,0,40.6929
0,111,13,0,0,40.691
0,112,13,0,0,40.6892
0,113,13,0,0,40.6875
0,114,13,0,0,40.6858
0,115,13,0,0,40.6843
0,116,13,0,0,40.6828
0,117,13,0,0,40.6814
0,118,13,0,0,40.6801
0,119,13,0,0,40.6789
0,120,13,0,0,40.6777
0,121,13,0,0,40.6765
0,122,13,0,0,40.6754
0,123,13,0,0,40.6745
0,124,13,0,0,40.6736
0,125,13,0,0,40.6728
0,126,13,0,0,40.6722
0,127,13,0,0,40.6718
0,0,14,0,8.87836e-06,41.9981
0,1,14,0,0,41.9892
0,2,14,0,0,41.9765
0,3,14,0,0,41.96
0,4,14,0,0,41.9402
0,5,14,0,0,41.9173
0,6,14,0,0,41.8915
0,7,14,0,0,41.8634
0,8,14,0,0,41.8332
0,9,14,0,0,41.8013
0,10,14,0,0,41.7681
0,11,14,0,0,41.7339
0,12,14,0,0,41.6989
0,13,14,0,0,41.6636
0,14,14,0,0,41.6281
0,15,14,0,0,41.5927
0,16,14,0,0,41.5575
0,17,14,0,0,41.5227
0,18,14,0,0,41.4885
0,19,14,0,0,41.4549
0,20,14,0,0,41.4221
0,21,14,0,0,41.3901
0,22,14,0,0,41.3591
0,23,14,0,0,41.3289
0,24,14,0,0,41.2998
0,25,14,0,0,41.2717
0,26,14,0,0,41.2445
0,27,14,0,0,41.2185
0,28,14,0,0,41.1934
0,29,14,0,0,41.1694
0,30,14,0,0,41.1464
0,31,14,0,0,41.1244
0,32,14,0,8.87836e-06,41.1034
0,33,14,0,0,41.0826
0,34,14,0,0,41.0628
0,35,14,0,0,41.0438
0,36,14,0,0,41.0258
0,37,14,0,0,41.0087
0,38,14,0,0,40.9924
0,39,14,0,0,40.9769
0,40,14,0,0,40.9621
0,41,14,0,0,40.9481
0,42,14,0,0,40.9348
0,43,14,0,0,40.9223
0,44,14,0,0,40.9103
0,45,14,0,0,40.899
0,46,14,0,0,40.8883
0,47,14,0,0,40.8782
0,48,14,0,0,40.8687
0,49,14,0,0,40.8597
0,50,14,0,0,40.8512
0,51,14,0,0,40.8432
0,52,14,0,0,40.8357
0,53,14,0,0,40.8286
0,54,14,0,0,40.822
0,55,14,0,0,40.8158
0,56,14,0,0,40.8099
0,57,14,0,0,40.8045
0,58,14,0,0,40.7993
0,59,14,0,0,40.7945
0,60,14,0,0,40.79
0,61,14,0,0,40.7858
0,62,14,0,0,40.7818
0,63,14,0,0,40.778
0,64,14,0,8.87836e-06,40.7745
0,65,14,0,0,40.7705
0,66,14,0,0,40.7666
0,67,14,0,0,40.7629
0,68,14,0,0,40.7593
0,69,14,0,0,40.7558
0,70,14,0,0,40.7524
0,71,14,0,0,40.7491
0,72,14,0,0,40.7459
0,73,14,0,0,40.7427
0,74,14,0,0,40.7396
0,75,14,0,0,40.7365
0,76,14,0,0,40.7334
0,77,14,0,0,40.7303
0,78,14,0,0,40.7273
0,79,14,0,0,40.7242
0,80,14,0,0,40.7212
0,81,14,0,0,40.7182
0,82,14,0,0,40.7151
0,83,14,0,0,40.7121
0,84,14,0,0,40.7091
0,85,14,0,0,40.7061
0,86,14,0,0,40.7031
0,87,14,0,0,40.7002
0,88,14,0,0,40.6974
0,89,14,0,0,40.6946
0,90,14,0,0,40.6919
0,91,14,0,0,40.6893
0,92,14,0,0,40.6868
0,93,14,0,0,40.6844
0,94,14,0,0,40.6821
0,95,14,0,0,40.6799
0,96,14,0,8.87836e-06,40.6778
0,97,14,0,0,40.6751
0,98,14,0,0,40.6725
0,99,14,0,0,40.6701
0,100,14,0,0,40.6677
0,101,14,0,0,40.6653
0,102,14,0,0,40.6631
0,103,14,0,0,40.6609
0,104,14,0,0,40.6588
0,105,14,0,0,40.6568
0,106,14,0,0,40.6548
0,107,14,0,0,40.6529
0,108,14,0,0,40.651
0,109,14,0,0,40.6492
0,110,14,0,0,40.6475
0,111,14,0,0,40.6458
0,112,14,0,0,40.6442
0,113,14,0,0,40.6427
0,114,14,0,0,40.6413
0,115,14,0,0,40.6399
0,116,14,0,0,40.6386
0,117,14,0,0,40.6374
0,118,14,0,0,40.6362
0,119,14,0,0,40.6351
0,120,14,0,0,40.6341
0,121,14,0,0,40.6331
0,122,14,0,0,40.6322
0,123,14,0,0,40.6314
0,124,14,0,0,40.6306
0,125,14,0,0,40.63
0,126,14,0,0,40.6296
0,127,14,0,0,40.6292
0,0,15,0,8.87836e-06,41.8353
0,1,15,0,0,41.8278
0,2,15,0,0,41.817
0,3,15,0,0,41.8031
0,4,15,0,0,41.7863
0,5,15,0,0,41.7669
0,6,15,0,0,41.745
0,7,15,0,0,41.721
0,8,15,0,0,41.6951
0,9,15,0,0,41.6677
0,10,15,0,0,41.639
0,11,15,0,0,41.6094
0,12,15,0,0,41.579
0,13,15,0,0,41.5481
0,14,15,0,0,41.5169
0,15,15,0,0,41.4856
0,16,15,0,0,41.4544
0,17,15,0,0,41.4235
0,18,15,0,0,41.3929
0,19,15,0,0,41.3628
0,20,15,0,0,41.3333
0,21,15,0,0,41.3044
0,22,15,0,0,41.2763
0,23,15,0,0,41.2489
0,24,15,0,0,41.2224
0,25,15,0,0,41.1966
0,26,15,0,0,41.1718
0,27,15,0,0,41.1478
0,28,15,0,0,41.1247
0,29,15,0,0,41.1025
0,30,15,0,0,41.0812
0,31,15,0,0,41.0608
0,32,15,0,8.87836e-06,41.0412
0,33,15,0,0,41.0218
0,34,15,0,0,41.0032
0,35,15,0,0,40.9854
0,36,15,0,0,40.9685
0,37,15,0,0,40.9523
0,38,15,0,0,40.9369
0,39,15,0,0,40.9222
0,40,15,0,0,40.9082
0,41,15,0,0,40.8949
0,42,15,0,0,40.8823
0,43,15,0,0,40.8703
0,44,15,0,0,40.8589
0,45,15,0,0,40.848
0,46,15,0,0,40.8378
0,47,15,0,0,40.8281
0,48,15,0,0,40.8189
0,49,15,0,0,40.8102
0,50,15,0,0,40.802
0,51,15,0,0,40.7942
0,52,15,0,0,40.7869
0,53,15,0,0,40.78
0,54,15,0,0,40.7734
0,55,15,0,0,40.7673
0,56,15,0,0,40.7615
0,57,15,0,0,40.7561
0,58,15,0,0,40.751
0,59,15,0,0,40.7462
0,60,15,0,0,40.7417
0,61,15,0,0,40.7374
0,62,15,0,0,40.7334
0,63,15,0,0,40.7296
0,64,15,0,8.87836e-06,40.726
0,65,15,0,0,40.7219
0,66,15,0,0,40.7179
0,67,15,0,0,40.7141
0,68,15,0,0,40.7104
0,69,15,0,0,40.7069
0,70,15,0,0,40.7034
0,71,15,0,0,40.7001
0,72,15,0,0,40.6968
0,73,15,0,0,40.6936
0,74,15,0,0,40.6905
0,75,15,0,0,40.6873
0,76,15,0,0,40.6843
0,77,15,0,0,40.6812
0,78,15,0,0,40.6782
0,79,15,0,0,40.6753
0,80,15,0,0,40.6723
0,81,15,0,0,40.6694
0,82,15,0,0,40.6665
0,83,15,0,0,40.6636
0,84,15,0,0,40.6608
0,85,15,0,0,40.658
0,86,15,0,0,40.6553
0,87,15,0,0,40.6526
0,88,15,0,0,40.65
0,89,15,0,0,40.6475
0,90,15,0,0,40.645
0,91,15,0,0,40.6426
0,92,15,0,0,40.6404
0,93,15,0,0,40.6382
0,94,15,0,0,40.6361
0,95,15,0,0,40.6342
0,96,15,0,8.87836e-06,40.6323
0,97,15,0,0,40.6298
0,98,15,0,0,40.6275
0,99,15,0,0,40.6252
0,100,15,0,0,40.623
0,101,15,0,0,40.6209
0,102,15,0,0,40.6189
0,103,15,0,0,40.6169
0,104,15,0,0,40.615
0,105,15,0,0,40.6132
0,106,15,0,0,40.6114
0,107,15,0,0,40.6097
0,108,15,0,0,40.6081
0,109,15,0,0,40.6065
0,110,15,0,0,40.605
0,111,15,0,0,40.6035
0,112,15,0,0,40.6021
0,113,15,0,0,40.6008
0,114,15,0,0,40.5995
0,115,15,0,0,40.5983
0,116,15,0,0,40.5972
0,117,15,0,0,40.5961
0,118,15,0,0,40.5951
0,119,15,0,0,40.5941
0,120,15,0,0,40.5932
0,121,15,0,0,40.5924
0,122,15,0,0,40.5916
0,123,15,0,0,40.591
0,124,15,0,0,40.5904
0,125,15,0,0,40.5899
0,126,15,0,0,40.5895
0,127,15,0,0,40.5893
0,0,16,0,8.87836e-06,41.688
0,1,16,0,0,41.6816
0,2,16,0,0,41.6724
0,3,16,0,0,41.6606
0,4,16,0,0,41.6463
0,5,16,0,0,41.6296
0,6,16,0,0,41.6109
0,7,16,0,0,41.5903
0,8,16,0,0,41.5681
0,9,16,0,0,41.5445
0,10,16,0,0,41.5196
0,11,16,0,0,41.4938
0,12,16,0,0,41.4673
0,13,16,0,0,41.4402
0,14,16,0,0,41.4128
0,15,16,0,0,41.3852
0,16,16,0,0,41.3576
0,17,16,0,0,41.3301
0,18,16,0,0,41.3028
0,19,16,0,0,41.2758
0,20,16,0,0,41.2493
0,21,16,0,0,41.2232
0,22,16,0,0,41.1978
0,23,16,0,0,41.1729
0,24,16,0,0,41.1487
0,25,16,0,0,41.1253
0,26,16,0,0,41.1025
0,27,16,0,0,41.0805
0,28,16,0,0,41.0593
0,29,16,0,0,41.0388
0,30,16,0,0,41.0191
0,31,16,0,0,41.0001
0,32,16,0,8.87836e-06,40.982
0,33,16,0,0,40.9639
0,34,16,0,0,40.9465
0,35,16,0,0,40.9298
0,36,16,0,0,40.9139
0,37,16,0,0,40.8987
0,38,16,0,0,40.8841
0,39,16,0,0,40.8703
0,40,16,0,0,40.857
0,41,16,0,0,40.8444
0,42,16,0,0,40.8324
0,43,16,0,0,40.8209
0,44,16,0,0,40.81
0,45,16,0,0,40.7997
0,46,16,0,0,40.7899
0,47,16,0,0,40.7805
0,48,16,0,0,40.7717
0,49,16,0,0,40.7633
0,50,16,0,0,40.7554
0,51,16,0,0,40.7478
0,52,16,0,0,40.7407
0,53,16,0,0,40.734
0,54,16,0,0,40.7276
0,55,16,0,0,40.7216
0,56,16,0,0,40.7159
0,57,16,0,0,40.7105
0,58,16,0,0,40.7055
0,59,16,0,0,40.7007
0,60,16,0,0,40.6961
0,61,16,0,0,40.6919
0,62,16,0,0,40.6878
0,63,16,0,0,40.684
0,64,16,0,8.87836e-06,40.6803
0,65,16,0,0,40.6762
0,66,16,0,0,40.6721
0,67,16,0,0,40.6683
0,68,16,0,0,40.6645
0,69,16,0,0,40.6609
0,70,16,0,0,40.6574
0,71,16,0,0,40.654
0,72,16,0,0,40.6507
0,73,16,0,0,40.6475
0,74,16,0,0,40.6443
0,75,16,0,0,40.6412
0,76,16,0,0,40.6382
0,77,16,0,0,40.6351
0,78,16,0,0,40.6322
0,79,16,0,0,40.6293
0,80,16,0,0,40.6264
0,81,16,0,0,40.6236
0,82,16,0,0,40.6208
0,83,16,0,0,40.6181
0,84,16,0,0,40.6154
0,85,16,0,0,40.6128
0,86,16,0,0,40.6103
0,87,16,0,0,40.6078
0,88,16,0,0,40.6054
0,89,16,0,0,40.6031
0,90,16,0,0,40.6008
0,91,16,0,0,40.5987
0,92,16,0,0,40.5966
0,93,16,0,0,40.5947
0,94,16,0,0,40.5929
0,95,16,0,0,40.5911
0,96,16,0,8.87836e-06,40.5895
0,97,16,0,0,40.5872
0,98,16,0,0,40.5851
0,99,16,0,0,40.583
0,100,16,0,0,40.581
0,101,16,0,0,40.5791
0,102,16,0,0,40.5773
0,103,16,0,0,40.5756
0,104,16,0,0,40.5739
0,105,16,0,0,40.5723
0,106,16,0,0,40.5707
0,107,16,0,0,40.5692
0,108,16,0,0,40.5678
0,109,16,0,0,40.5664
0,110,16,0,0,40.5651
0,111,16,0,0,40.5638
0,112,16,0,0,40.5626
0,113,16,0,0,40.5615
0,114,16,0,0,40.5604
0,115,16,0,0,40.5593
0,116,16,0,0,40.5584
0,117,16,0,0,40.5574
0,118,16,0,0,40.5566
0,119,16,0,0,40.5557
0,120,16,0,0,40.555
0,121,16,0,0,40.5543
0,122,16,0,0,40.5537
0,123,16,0,0,40.5531
0,124,16,0,0,40.5526
0,125,16,0,0,40.5522
0,126,16,0,0,40.5519
0,127,16,0,0,40.5517
0,0,17,0,8.87836e-06,41.5544
0,1,17,0,0,41.5488
0,2,17,0,0,41.5409
0,3,17,0,0,41.5308
0,4,17,0,0,41.5185
0,5,17,0,0,41.5042
0,6,17,0,0,41.4882
0,7,17,0,0,41.4704
0,8,17,0,0,41.4512
0,9,17,0,0,41.4308
0,10,17,0,0,41.4092
0,11,17,0,0,41.3867
0,12,17,0,0,41.3635
0,13,17,0,0,41.3398
0,14,17,0,0,41.3156
0,15,17,0,0,41.2912
0,16,17,0,0,41.2667
0,17,17,0,0,41.2422
0,18,17,0,0,41.2179
0,19,17,0,0,41.1937
0,20,17,0,0,41.1699
0,21,17,0,0,41.1464
0,22,17,0,0,41.1234
0,23,17,0,0,41.1009
0,24,17,0,0,41.0789
0,25,17,0,0,41.0575
0,26,17,0,0,41.0367
0,27,17,0,0,41.0165
0,28,17,0,0,40.997
0,29,17,0,0,40.9782
0,30,17,0,0,40.96
0,31,17,0,0,40.9425
0,32,17,0,8.87836e-06,40.9256
0,33,17,0,0,40.9087
0,34,17,0,0,40.8925
0,35,17,0,0,40.8769
0,36,17,0,0,40.862
0,37,17,0,0,40.8477
0,38,17,0,0,40.834
0,39,17,0,0,40.8209
0,40,17,0,0,40.8084
0,41,17,0,0,40.7964
0,42,17,0,0,40.785
0,43,17,0,0,40.7741
0,44,17,0,0,40.7638
0,45,17,0,0,40.7539
0,46,17,0,0,40.7445
0,47,17,0,0,40.7355
0,48,17,0,0,40.727
0,49,17,0,0,40.719
0,50,17,0,0,40.7113
0,51,17,0,0,40.704
0,52,17,0,0,40.6971
0,53,17,0,0,40.6905
0,54,17,0,0,40.6843
0,55,17,0,0,40.6784
0,56,17,0,0,40.6728
0,57,17,0,0,40.6675
0,58,17,0,0,40.6625
0,59,17,0,0,40.6578
0,60,17,0,0,40.6533
0,61,17,0,0,40.649
0,62,17,0,0,40.6449
0,63,17,0,0,40.641
0,64,17,0,8.87836e-06,40.6374
0,65,17,0,0,40.6332
0,66,17,0,0,40.6291
0,67,17,0,0,40.6252
0,68,17,0,0,40.6214
0,69,17,0,0,40.6177
0,70,17,0,0,40.6142
0,71,17,0,0,40.6108
0,72,17,0,0,40.6074
0,73,17,0,0,40.6041
0,74,17,0,0,40.6009
0,75,17,0,0,40.5978
0,76,17,0,0,40.5948
0,77,17,0,0,40.5918
0,78,17,0,0,40.5889
0,79,17,0,0,40.586
0,80,17,0,0,40.5832
0,81,17,0,0,40.5805
0,82,17,0,0,40.5778
0,83,17,0,0,40.5752
0,84,17,0,0,40.5727
0,85,17,0,0,40.5702
0,86,17,0,0,40.5678
0,87,17,0,0,40.5655
0,88,17,0,0,40.5633
0,89,17,0,0,40.5612
0,90,17,0,0,40.5592
0,91,17,0,0,40.5572
0,92,17,0,0,40.5554
0,93,17,0,0,40.5537
0,94,17,0,0,40.5521
0,95,17,0,0,40.5505
0,96,17,0,8.87836e-06,40.5491
0,97,17,0,0,40.5471
0,98,17,0,0,40.5451
0,99,17,0,0,40.5433
0,100,17,0,0,40.5415
0,101,17,0,0,40.5399
0,102,17,0,0,40.5382
0,103,17,0,0,40.5367
0,104,17,0,0,40.5353
0,105,17,0,0,40.5338
0,106,17,0,0,40.5325
0,107,17,0,0,40.5312
0,108,17,0,0,40.53
0,109,17,0,0,40.5288
0,110,17,0,0,40.5277
0,111,17,0,0,40.5266
0,112,17,0,0,40.5256
0,113,17,0,0,40.5246
0,114,17,0,0,40.5237
0,115,17,0,0,40.5228
0,116,17,0,0,40.522
0,117,17,0,0,40.5212
0,118,17,0,0,40.5205
0,119,17,0,0,40.5198
0,120,17,0,0,40.5192
0,121,17,0,0,40.5186
0,122,17,0,0,40.5181
0,123,17,0,0,40.5176
0,124,17,0,0,40.5172
0,125,17,0,0,40.5169
0,126,17,0,0,40.5167
0,127,17,0,0,40.5165
0,0,18,0,8.87836e-06,41.4329
0,1,18,0,0,41.428
0,2,18,0,0,41.4212
0,3,18,0,0,41.4124
0,4,18,0,0,41.4018
0,5,18,0,0,41.3895
0,6,18,0,0,41.3756
0,7,18,0,0,41.3603
0,8,18,0,0,41.3437
0,9,18,0,0,41.3259
0,10,18,0,0,41.3071
0,11,18,0,0,41.2874
0,12,18,0,0,41.2671
0,13,18,0,0,41.2462
0,14,18,0,0,41.2249
0,15,18,0,0,41.2034
0,16,18,0,0,41.1816
0,17,18,0,0,41.1598
0,18,18,0,0,41.1381
0,19,18,0,0,41.1164
0,20,18,0,0,41.095
0,21,18,0,0,41.0739
0,22,18,0,0,41.0531
0,23,18,0,0,41.0327
0,24,18,0,0,41.0127
0,25,18,0,0,40.9932
0,26,18,0,0,40.9742
0,27,18,0,0,40.9558
0,28,18,0,0,40.9379
0,29,18,0,0,40.9206
0,30,18,0,0,40.9038
0,31,18,0,0,40.8876
0,32,18,0,8.87836e-06,40.8721
0,33,18,0,0,40.8563
0,34,18,0,0,40.8412
0,35,18,0,0,40.8266
0,36,18,0,0,40.8127
0,37,18,0,0,40.7992
0,38,18,0,0,40.7864
0,39,18,0,0,40.774
0,40,18,0,0,40.7622
0,41,18,0,0,40.7509
0,42,18,0,0,40.7401
0,43,18,0,0,40.7298
0,44,18,0,0,40.7199
0,45,18,0,0,40.7105
0,46,18,0,0,40.7015
0,47,18,0,0,40.6929
0,48,18,0,0,40.6848
0,49,18,0,0,40.677
0,50,18,0,0,40.6696
0,51,18,0,0,40.6626
0,52,18,0,0,40.6559
0,53,18,0,0,40.6495
0,54,18,0,0,40.6434
0,55,18,0,0,40.6377
0,56,18,0,0,40.6322
0,57,18,0,0,40.627
0,58,18,0,0,40.622
0,59,18,0,0,40.6173
0,60,18,0,0,40.6128
0,61,18,0,0,40.6086
0,62,18,0,0,40.6045
0,63,18,0,0,40.6006
0,64,18,0,8.87836e-06,40.5969
0,65,18,0,0,40.5927
0,66,18,0,0,40.5886
0,67,18,0,0,40.5846
0,68,18,0,0,40.5808
0,69,18,0,0,40.5771
0,70,18,0,0,40.5735
0,71,18,0,0,40.57
0,72,18,0,0,40.5666
0,73,18,0,0,40.5633
0,74,18,0,0,40.5601
0,75,18,0,0,40.557
0,76,18,0,0,40.554
0,77,18,0,0,40.551
0,78,18,0,0,40.5481
0,79,18,0,0,40.5453
0,80,18,0,0,40.5425
0,81,18,0,0,40.5399
0,82,18,0,0,40.5373
0,83,18,0,0,40.5348
0,84,18,0,0,40.5324
0,85,18,0,0,40.53
0,86,18,0,0,40.5278
0,87,18,0,0,40.5257
0,88,18,0,0,40.5236
0,89,18,0,0,40.5217
0,90,18,0,0,40.5198
0,91,18,0,0,40.5181
0,92,18,0,0,40.5165
0,93,18,0,0,40.515
0,94,18,0,0,40.5136
0,95,18,0,0,40.5123
0,96,18,0,8.87836e-06,40.5111
0,97,18,0,0,40.5092
0,98,18,0,0,40.5075
0,99,18,0,0,40.5059
0,100,18,0,0,40.5043
0,101,18,0,0,40.5029
0,102,18,0,0,40.5015
0,103,18,0,0,40.5002
0,104,18,0,0,40.4989
0,105,18,0,0,40.4977
0,106,18,0,0,40.4966
0,107,18,0,0,40.4955
0,108,18,0,0,40.4945
0,109,18,0,0,40.4935
0,110,18,0,0,40.4926
0,111,18,0,0,40.4917
0,112,18,0,0,40.4908
0,113,18,0,0,40.49
0,114,18,0,0,40.4893
0,115,18,0,0,40.4885
0,116,18,0,0,40.4879
0,117,18,0,0,40.4872
0,118,18,0,0,40.4866
0,119,18,0,0,40.4861
0,120,18,0,0,40.4856
0,121,18,0,0,40.4851
0,122,18,0,0,40.4847
0,123,18,0,0,40.4843
0,124,18,0,0,40.484
0,125,18,0,0,40.4838
0,126,18,0,0,40.4836
0,127,18,0,0,40.4834
0,0,19,0,8.87836e-06,41.3221
0,1,19,0,0,41.3179
0,2,19,0,0,41.3119
0,3,19,0,0,41.3043
0,4,19,0,0,41.2951
0,5,19,0,0,41.2845
0,6,19,0,0,41.2724
0,7,19,0,0,41.2591
0,8,19,0,0,41.2446
0,9,19,0,0,41.2291
0,10,19,0,0,41.2127
0,11,19,0,0,41.1955
0,12,19,0,0,41.1776
0,13,19,0,0,41.1592
0,14,19,0,0,41.1404
0,15,19,0,0,41.1213
0,16,19,0,0,41.102
0,17,19,0,0,41.0826
0,18,19,0,0,41.0631
0,19,19,0,0,41.0438
0,20,19,0,0,41.0245
0,21,19,0,0,41.0055
0,22,19,0,0,40.9867
0,23,19,0,0,40.9683
0,24,19,0,0,40.9501
0,25,19,0,0,40.9324
0,26,19,0,0,40.9151
0,27,19,0,0,40.8982
0,28,19,0,0,40.8818
0,29,19,0,0,40.8659
0,30,19,0,0,40.8505
0,31,19,0,0,40.8356
0,32,19,0,8.87836e-06,40.8212
0,33,19,0,0,40.8066
0,34,19,0,0,40.7925
0,35,19,0,0,40.7789
0,36,19,0,0,40.7658
0,37,19,0,0,40.7532
0,38,19,0,0,40.7411
0,39,19,0,0,40.7295
0,40,19,0,0,40.7184
0,41,19,0,0,40.7077
0,42,19,0,0,40.6975
0,43,19,0,0,40.6877
0,44,19,0,0,40.6783
0,45,19,0,0,40.6694
0,46,19,0,0,40.6608
0,47,19,0,0,40.6526
0,48,19,0,0,40.6448
0,49,19,0,0,40.6373
0,50,19,0,0,40.6302
0,51,19,0,0,40.6234
0,52,19,0,0,40.6169
0,53,19,0,0,40.6107
0,54,19,0,0,40.6048
0,55,19,0,0,40.5992
0,56,19,0,0,40.5938
0,57,19,0,0,40.5887
0,58,19,0,0,40.5838
0,59,19,0,0,40.5791
0,60,19,0,0,40.5747
0,61,19,0,0,40.5705
0,62,19,0,0,40.5664
0,63,19,0,0,40.5625
0,64,19,0,8.87836e-06,40.5588
0,65,19,0,0,40.5545
0,66,19,0,0,40.5504
0,67,19,0,0,40.5464
0,68,19,0,0,40.5425
0,69,19,0,0,40.5388
0,70,19,0,0,40.5352
0,71,19,0,0,40.5316
0,72,19,0,0,40.5282
0,73,19,0,0,40.5249
0,74,19,0,0,40.5217
0,75,19,0,0,40.5185
0,76,19,0,0,40.5155
0,77,19,0,0,40.5125
0,78,19,0,0,40.5096
0,79,19,0,0,40.5068
0,80,19,0,0,40.5042
0,81,19,0,0,40.5015
0,82,19,0,0,40.499
0,83,19,0,0,40.4966
0,84,19,0,0,40.4943
0,85,19,0,0,40.4921
0,86,19,0,0,40.49
0,87,19,0,0,40.488
0,88,19,0,0,40.4861
0,89,19,0,0,40.4843
0,90,19,0,0,40.4827
0,91,19,0,0,40.4811
0,92,19,0,0,40.4797
0,93,19,0,0,40.4784
0,94,19,0,0,40.4772
0,95,19,0,0,40.4761
0,96,19,0,8.87836e-06,40.4751
0,97,19,0,0,40.4735
0,98,19,0,0,40.472
0,99,19,0,0,40.4706
0,100,19,0,0,40.4693
0,101,19,0,0,40.468
0,102,19,0,0,40.4668
0,103,19,0,0,40.4658
0,104,19,0,0,40.4647
0,105,19,0,0,40.4637
0,106,19,0,0,40.4628
0,107,19,0,0,40.4619
0,108,19,0,0,40.4611
0,109,19,0,0,40.4603
0,110,19,0,0,40.4596
0,111,19,0,0,40.4589
0,112,19,0,0,40.4582
0,113,19,0,0,40.4576
0,114,19,0,0,40.457
0,115,19,0,0,40.4564
0,116,19,0,0,40.4559
0,117,19,0,0,40.4554
0,118,19,0,0,40.4549
0,119,19,0,0,40.4545
0,120,19,0,0,40.4541
0,121,19,0,0,40.4537
0,122,19,0,0,40.4534
0,123,19,0,0,40.4531
0,124,19,0,0,40.4529
0,125,19,0,0,40.4527
0,126,19,0,0,40.4525
0,127,19,0,0,40.4524
0,0,20,0,8.87836e-06,41.221
0,1,20,0,0,41.2173
0,2,20,0,0,41.2121
0,3,20,0,0,41.2054
0,4,20,0,0,41.1974
0,5,20,0,0,41.1881
0,6,20,0,0,41.1776
0,7,20,0,0,41.166
0,8,20,0,0,41.1533
0,9,20,0,0,41.1398
0,10,20,0,0,41.1254
0,11,20,0,0,41.1103
0,12,20,0,0,41.0945
0,13,20,0,0,41.0783
0,14,20,0,0,41.0617
0,15,20,0,0,41.0448
0,16,20,0,0,41.0276
0,17,20,0,0,41.0103
0,18,20,0,0,40.9929
0,19,20,0,0,40.9756
0,20,20,0,0,40.9583
0,21,20,0,0,40.9412
0,22,20,0,0,40.9242
0,23,20,0,0,40.9075
0,24,20,0,0,40.8911
0,25,20,0,0,40.8749
0,26,20,0,0,40.8591
0,27,20,0,0,40.8437
0,28,20,0,0,40.8287
0,29,20,0,0,40.8141
0,30,20,0,0,40.8
0,31,20,0,0,40.7862
0,32,20,0,8.87836e-06,40.7729
0,33,20,0,0,40.7594
0,34,20,0,0,40.7462
0,35,20,0,0,40.7336
0,36,20,0,0,40.7214
0,37,20,0,0,40.7096
0,38,20,0,0,40.6982
0,39,20,0,0,40.6873
0,40,20,0,0,40.6769
0,41,20,0,0,40.6668
0,42,20,0,0,40.6571
0,43,20,0,0,40.6478
0,44,20,0,0,40.6389
0,45,20,0,0,40.6304
0,46,20,0,0,40.6222
0,47,20,0,0,40.6144
0,48,20,0,0,40.6069
0,49,20,0,0,40.5998
0,50,20,0,0,40.5929
0,51,20,0,0,40.5863
0,52,20,0,0,40.5801
0,53,20,0,0,40.5741
0,54,20,0,0,40.5683
0,55,20,0,0,40.5628
0,56,20,0,0,40.5576
0,57,20,0,0,40.5526
0,58,20,0,0,40.5478
0,59,20,0,0,40.5432
0,60,20,0,0,40.5387
0,61,20,0,0,40.5345
0,62,20,0,0,40.5305
0,63,20,0,0,40.5266
0,64,20,0,8.87836e-06,40.5229
0,65,20,0,0,40.5186
0,66,20,0,0,40.5144
0,67,20,0,0,40.5104
0,68,20,0,0,40.5065
0,69,20,0,0,40.5027
0,70,20,0,0,40.499
0,71,20,0,0,40.4955
0,72,20,0,0,40.492
0,73,20,0,0,40.4886
0,74,20,0,0,40.4854
0,75,20,0,0,40.4822
0,76,20,0,0,40.4791
0,77,20,0,0,40.4762
0,78,20,0,0,40.4733
0,79,20,0,0,40.4705
0,80,20,0,0,40.4678
0,81,20,0,0,40.4653
0,82,20,0,0,40.4628
0,83,20,0,0,40.4605
0,84,20,0,0,40.4583
0,85,20,0,0,40.4561
0,86,20,0,0,40.4542
0,87,20,0,0,40.4523
0,88,20,0,0,40.4505
0,89,20,0,0,40.4489
0,90,20,0,0,40.4474
0,91,20,0,0,40.4461
0,92,20,0,0,40.4448
0,93,20,0,0,40.4437
0,94,20,0,0,40.4427
0,95,20,0,0,40.4419
0,96,20,0,8.87836e-06,40.4411
0,97,20,0,0,40.4397
0,98,20,0,0,40.4384
0,99,20,0,0,40.4373
0,100,20,0,0,40.4362
0,101,20,0,0,40.4351
0,102,20,0,0,40.4342
0,103,20,0,0,40.4333
0,104,20,0,0,40.4325
0,105,20,0,0,40.4318
0,106,20,0,0,40.431
0,107,20,0,0,40.4304
0,108,20,0,0,40.4298
0,109,20,0,0,40.4292
0,110,20,0,0,40.4286
0,111,20,0,0,40.4281
0,112,20,0,0,40.4276
0,113,20,0,0,40.4271
0,114,20,0,0,40.4267
0,115,20,0,0,40.4263
0,116,20,0,0,40.4259
0,117,20,0,0,40.4255
0,118,20,0,0,40.4252
0,119,20,0,0,40.4249
0,120,20,0,0,40.4246
0,121,20,0,0,40.4243
0,122,20,0,0,40.4241
0,123,20,0,0,40.4239
0,124,20,0,0,40.4237
0,125,20,0,0,40.4236
0,126,20,0,0,40.4235
0,127,20,0,0,40.4234
0,0,21,0,8.87836e-06,41.1286
0,1,21,0,0,41.1253
0,2,21,0,0,41.1207
0,3,21,0,0,41.1149
0,4,21,0,0,41.1078
0,5,21,0,0,41.0997
0,6,21,0,0,41.0905
0,7,21,0,0,41.0803
0,8,21,0,0,41.0693
0,9,21,0,0,41.0573
0,10,21,0,0,41.0447
0,11,21,0,0,41.0314
0,12,21,0,0,41.0175
0,13,21,0,0,41.0032
0,14,21,0,0,40.9884
0,15,21,0,0,40.9734
0,16,21,0,0,40.9581
0,17,21,0,0,40.9427
0,18,21,0,0,40.9272
0,19,21,0,0,40.9116
0,20,21,0,0,40.8961
0,21,21,0,0,40.8806
0,22,21,0,0,40.8653
0,23,21,0,0,40.8502
0,24,21,0,0,40.8353
0,25,21,0,0,40.8207
0,26,21,0,0,40.8063
0,27,21,0,0,40.7922
0,28,21,0,0,40.7785
0,29,21,0,0,40.7651
0,30,21,0,0,40.7521
0,31,21,0,0,40.7395
0,32,21,0,8.87836e-06,40.7272
0,33,21,0,0,40.7146
0,34,21,0,0,40.7024
0,35,21,0,0,40.6906
0,36,21,0,0,40.6792
0,37,21,0,0,40.6682
0,38,21,0,0,40.6576
0,39,21,0,0,40.6473
0,40,21,0,0,40.6375
0,41,21,0,0,40.628
0,42,21,0,0,40.6189
0,43,21,0,0,40.6101
0,44,21,0,0,40.6016
0,45,21,0,0,40.5935
0,46,21,0,0,40.5858
0,47,21,0,0,40.5783
0,48,21,0,0,40.5711
0,49,21,0,0,40.5643
0,50,21,0,0,40.5577
0,51,21,0,0,40.5513
0,52,21,0,0,40.5453
0,53,21,0,0,40.5395
0,54,21,0,0,40.5339
0,55,21,0,0,40.5285
0,56,21,0,0,40.5234
0,57,21,0,0,40.5185
0,58,21,0,0,40.5137
0,59,21,0,0,40.5092
0,60,21,0,0,40.5048
0,61,21,0,0,40.5006
0,62,21,0,0,40.4966
0,63,21,0,0,40.4927
0,64,21,0,8.87836e-06,40.489
0,65,21,0,0,40.4847
0,66,21,0,0,40.4805
0,67,21,0,0,40.4764
0,68,21,0,0,40.4725
0,69,21,0,0,40.4686
0,70,21,0,0,40.4649
0,71,21,0,0,40.4613
0,72,21,0,0,40.4578
0,73,21,0,0,40.4544
0,74,21,0,0,40.4511
0,75,21,0,0,40.4479
0,76,21,0,0,40.4448
0,77,21,0,0,40.4418
0,78,21,0,0,40.4389
0,79,21,0,0,40.4361
0,80,21,0,0,40.4335
0,81,21,0,0,40.4309
0,82,21,0,0,40.4285
0,83,21,0,0,40.4262
0,84,21,0,0,40.4241
0,85,21,0,0,40.422
0,86,21,0,0,40.4201
0,87,21,0,0,40.4184
0,88,21,0,0,40.4168
0,89,21,0,0,40.4153
0,90,21,0,0,40.414
0,91,21,0,0,40.4128
0,92,21,0,0,40.4118
0,93,21,0,0,40.4109
0,94,21,0,0,40.4101
0,95,21,0,0,40.4094
0,96,21,0,8.87836e-06,40.4089
0,97,21,0,0,40.4077
0,98,21,0,0,40.4067
0,99,21,0,0,40.4058
0,100,21,0,0,40.4049
0,101,21,0,0,40.4041
0,102,21,0,0,40.4034
0,103,21,0,0,40.4028
0,104,21,0,0,40.4022
0,105,21,0,0,40.4016
0,106,21,0,0,40.4011
0,107,21,0,0,40.4007
0,108,21,0,0,40.4003
0,109,21,0,0,40.3999
0,110,21,0,0,40.3995
0,111,21,0,0,40.3992
0,112,21,0,0,40.3989
0,113,21,0,0,40.3986
0,114,21,0,0,40.3983
0,115,21,0,0,40.398
0,116,21,0,0,40.3978
0,117,21,0,0,40.3975
0,118,21,0,0,40.3973
0,119,21,0,0,40.3971
0,120,21,0,0,40.3969
0,121,21,0,0,40.3968
0,122,21,0,0,40.3966
0,123,21,0,0,40.3965
0,124,21,0,0,40.3964
0,125,21,0,0,40.3963
0,126,21,0,0,40.3962
0,127,21,0,0,40.3962
0,0,22,0,8.87836e-06,41.044
0,1,22,0,0,41.041
0,2,22,0,0,41.0369
0,3,22,0,0,41.0318
0,4,22,0,0,41.0256
0,5,22,0,0,41.0185
0,6,22,0,0,41.0104
0,7,22,0,0,41.0015
0,8,22,0,0,40.9917
0,9,22,0,0,40.9812
0,10,22,0,0,40.9701
0,11,22,0,0,40.9583
0,12,22,0,0,40.9461
0,13,22,0,0,40.9334
0,14,22,0,0,40.9203
0,15,22,0,0,40.9069
0,16,22,0,0,40.8933
0,17,22,0,0,40.8795
0,18,22,0,0,40.8656
0,19,22,0,0,40.8517
0,20,22,0,0,40.8377
0,21,22,0,0,40.8238
0,22,22,0,0,40.81
0,23,22,0,0,40.7963
0,24,22,0,0,40.7828
0,25,22,0,0,40.7695
0,26,22,0,0,40.7564
0,27,22,0,0,40.7436
0,28,22,0,0,40.731
0,29,22,0,0,40.7188
0,30,22,0,0,40.7068
0,31,22,0,0,40.6952
0,32,22,0,8.87836e-06,40.6839
0,33,22,0,0,40.6723
0,34,22,0,0,40.6609
0,35,22,0,0,40.6499
0,36,22,0,0,40.6393
0,37,22,0,0,40.629
0,38,22,0,0,40.6191
0,39,22,0,0,40.6095
0,40,22,0,0,40.6002
0,41,22,0,0,40.5913
0,42,22,0,0,40.5826
0,43,22,0,0,40.5743
0,44,22,0,0,40.5663
0,45,22,0,0,40.5587
0,46,22,0,0,40.5512
0,47,22,0,0,40.5441
0,48,22,0,0,40.5373
0,49,22,0,0,40.5307
0,50,22,0,0,40.5244
0,51,22,0,0,40.5183
0,52,22,0,0,40.5124
0,53,22,0,0,40.5068
0,54,22,0,0,40.5014
0,55,22,0,0,40.4961
0,56,22,0,0,40.4911
0,57,22,0,0,40.4863
0,58,22,0,0,40.4816
0,59,22,0,0,40.4772
0,60,22,0,0,40.4728
0,61,22,0,0,40.4687
0,62,22,0,0,40.4647
0,63,22,0,0,40.4608
0,64,22,0,8.87836e-06,40.457
0,65,22,0,0,40.4527
0,66,22,0,0,40.4485
0,67,22,0,0,40.4444
0,68,22,0,0,40.4404
0,69,22,0,0,40.4365
0,70,22,0,0,40.4327
0,71,22,0,0,40.429
0,72,22,0,0,40.4255
0,73,22,0,0,40.422
0,74,22,0,0,40.4186
0,75,22,0,0,40.4154
0,76,22,0,0,40.4122
0,77,22,0,0,40.4092
0,78,22,0,0,40.4063
0,79,22,0,0,40.4035
0,80,22,0,0,40.4008
0,81,22,0,0,40.3983
0,82,22,0,0,40.3959
0,83,22,0,0,40.3936
0,84,22,0,0,40.3915
0,85,22,0,0,40.3896
0,86,22,0,0,40.3878
0,87,22,0,0,40.3861
0,88,22,0,0,40.3847
0,89,22,0,0,40.3834
0,90,22,0,0,40.3822
0,91,22,0,0,40.3812
0,92,22,0,0,40.3804
0,93,22,0,0,40.3796
0,94,22,0,0,40.3791
0,95,22,0,0,40.3787
0,96,22,0,8.87836e-06,40.3784
0,97,22,0,0,40.3774
0,98,22,0,0,40.3766
0,99,22,0,0,40.3759
0,100,22,0,0,40.3753
0,101,22,0,0,40.3748
0,102,22,0,0,40.3743
0,103,22,0,0,40.3739
0,104,22,0,0,40.3736
0,105,22,0,0,40.3732
0,106,22,0,0,40.373
0,107,22,0,0,40.3727
0,108,22,0,0,40.3725
0,109,22,0,0,40.3724
0,110,22,0,0,40.3722
0,111,22,0,0,40.372
0,112,22,0,0,40.3719
0,113,22,0,0,40.3718
0,114,22,0,0,40.3717
0,115,22,0,0,40.3715
0,116,22,0,0,40.3714
0,117,22,0,0,40.3713
0,118,22,0,0,40.3712
0,119,22,0,0,40.3711
0,120,22,0,0,40.3711
0,121,22,0,0,40.371
0,122,22,0,0,40.3709
0,123,22,0,0,40.3708
0,124,22,0,0,40.3708
0,125,22,0,0,40.3707
0,126,22,0,0,40.3707
0,127,22,0,0,40.3707
0,0,23,0,8.87836e-06,40.9664
0,1,23,0,0,40.9637
0,2,23,0,0,40.9601
0,3,23,0,0,40.9556
0,4,23,0,0,40.9501
0,5,23,0,0,40.9438
0,6,23,0,0,40.9367
0,7,23,0,0,40.9288
0,8,23,0,0,40.9202
0,9,23,0,0,40.9109
0,10,23,0,0,40.9011
0,11,23,0,0,40.8907
0,12,23,0,0,40.8798
0,13,23,0,0,40.8686
0,14,23,0,0,40.8569
0,15,23,0,0,40.845
0,16,23,0,0,40.8329
0,17,23,0,0,40.8205
0,18,23,0,0,40.8081
0,19,23,0,0,40.7956
0,20,23,0,0,40.783
0,21,23,0,0,40.7705
0,22,23,0,0,40.758
0,23,23,0,0,40.7457
0,24,23,0,0,40.7334
0,25,23,0,0,40.7213
0,26,23,0,0,40.7094
0,27,23,0,0,40.6977
0,28,23,0,0,40.6863
0,29,23,0,0,40.675
0,30,23,0,0,40.6641
0,31,23,0,0,40.6534
0,32,23,0,8.87836e-06,40.643
0,33,23,0,0,40.6322
0,34,23,0,0,40.6217
0,35,23,0,0,40.6114
0,36,23,0,0,40.6015
0,37,23,0,0,40.5919
0,38,23,0,0,40.5826
0,39,23,0,0,40.5736
0,40,23,0,0,40.5649
0,41,23,0,0,40.5565
0,42,23,0,0,40.5484
0,43,23,0,0,40.5405
0,44,23,0,0,40.533
0,45,23,0,0,40.5257
0,46,23,0,0,40.5186
0,47,23,0,0,40.5118
0,48,23,0,0,40.5053
0,49,23,0,0,40.499
0,50,23,0,0,40.4929
0,51,23,0,0,40.487
0,52,23,0,0,40.4814
0,53,23,0,0,40.4759
0,54,23,0,0,40.4706
0,55,23,0,0,40.4656
0,56,23,0,0,40.4607
0,57,23,0,0,40.4559
0,58,23,0,0,40.4514
0,59,23,0,0,40.4469
0,60,23,0,0,40.4427
0,61,23,0,0,40.4385
0,62,23,0,0,40.4345
0,63,23,0,0,40.4306
0,64,23,0,8.87836e-06,40.4269
0,65,23,0,0,40.4225
0,66,23,0,0,40.4182
0,67,23,0,0,40.4141
0,68,23,0,0,40.41
0,69,23,0,0,40.4061
0,70,23,0,0,40.4022
0,71,23,0,0,40.3985
0,72,23,0,0,40.3948
0,73,23,0,0,40.3913
0,74,23,0,0,40.3879
0,75,23,0,0,40.3845
0,76,23,0,0,40.3813
0,77,23,0,0,40.3782
0,78,23,0,0,40.3752
0,79,23,0,0,40.3724
0,80,23,0,0,40.3697
0,81,23,0,0,40.3672
0,82,23,0,0,40.3648
0,83,23,0,0,40.3626
0,84,23,0,0,40.3605
0,85,23,0,0,40.3586
0,86,23,0,0,40.3569
0,87,23,0,0,40.3554
0,88,23,0,0,40.354
0,89,23,0,0,40.3529
0,90,23,0,0,40.3519
0,91,23,0,0,40.351
0,92,23,0,0,40.3504
0,93,23,0,0,40.3499
0,94,23,0,0,40.3496
0,95,23,0,0,40.3494
0,96,23,0,8.87836e-06,40.3493
0,97,23,0,0,40.3487
0,98,23,0,0,40.3481
0,99,23,0,0,40.3477
0,100,23,0,0,40.3473
0,101,23,0,0,40.347
0,102,23,0,0,40.3468
0,103,23,0,0,40.3467
0,104,23,0,0,40.3466
0,105,23,0,0,40.3465
0,106,23,0,0,40.3465
0,107,23,0,0,40.3465
0,108,23,0,0,40.3465
0,109,23,0,0,40.3465
0,110,23,0,0,40.3465
0,111,23,0,0,40.3466
0,112,23,0,0,40.3466
0,113,23,0,0,40.3466
0,114,23,0,0,40.3467
0,115,23,0,0,40.3467
0,116,23,0,0,40.3468
0,117,23,0,0,40.3468
0,118,23,0,0,40.3468
0,119,23,0,0,40.3468
0,120,23,0,0,40.3468
0,121,23,0,0,40.3469
0,122,23,0,0,40.3469
0,123,23,0,0,40.3469
0,124,23,0,0,40.3469
0,125,23,0,0,40.3469
0,126,23,0,0,40.3469
0,127,23,0,0,40.3469
0,0,24,0,8.87836e-06,40.8952
0,1,24,0,0,40.8928
0,2,24,0,0,40.8895
0,3,24,0,0,40.8855
0,4,24,0,0,40.8807
0,5,24,0,0,40.8751
0,6,24,0,0,40.8688
0,7,24,0,0,40.8618
0,8,24,0,0,40.8542
0,9,24,0,0,40.846
0,10,24,0,0,40.8373
0,11,24,0,0,40.8281
0,12,24,0,0,40.8184
0,13,24,0,0,40.8084
0,14,24,0,0,40.798
0,15,24,0,0,40.7874
0,16,24,0,0,40.7766
0,17,24,0,0,40.7655
0,18,24,0,0,40.7544
0,19,24,0,0,40.7431
0,20,24,0,0,40.7318
0,21,24,0,0,40.7205
0,22,24,0,0,40.7093
0,23,24,0,0,40.6981
0,24,24,0,0,40.687
0,25,24,0,0,40.676
0,26,24,0,0,40.6652
0,27,24,0,0,40.6545
0,28,24,0,0,40.644
0,29,24,0,0,40.6338
0,30,24,0,0,40.6237
0,31,24,0,0,40.6139
0,32,24,0,8.87836e-06,40.6044
0,33,24,0,0,40.5943
0,34,24,0,0,40.5846
0,35,24,0,0,40.5751
0,36,24,0,0,40.5658
0,37,24,0,0,40.5568
0,38,24,0,0,40.5481
0,39,24,0,0,40.5397
0,40,24,0,0,40.5315
0,41,24,0,0,40.5236
0,42,24,0,0,40.516
0,43,24,0,0,40.5085
0,44,24,0,0,40.5014
0,45,24,0,0,40.4945
0,46,24,0,0,40.4878
0,47,24,0,0,40.4813
0,48,24,0,0,40.475
0,49,24,0,0,40.469
0,50,24,0,0,40.4632
0,51,24,0,0,40.4575
0,52,24,0,0,40.4521
0,53,24,0,0,40.4468
0,54,24,0,0,40.4417
0,55,24,0,0,40.4367
0,56,24,0,0,40.4319
0,57,24,0,0,40.4273
0,58,24,0,0,40.4228
0,59,24,0,0,40.4184
0,60,24,0,0,40.4142
0,61,24,0,0,40.4101
0,62,24,0,0,40.4061
0,63,24,0,0,40.4022
0,64,24,0,8.87836e-06,40.3984
0,65,24,0,0,40.394
0,66,24,0,0,40.3897
0,67,24,0,0,40.3855
0,68,24,0,0,40.3814
0,69,24,0,0,40.3773
0,70,24,0,0,40.3734
0,71,24,0,0,40.3696
0,72,24,0,0,40.3658
0,73,24,0,0,40.3622
0,74,24,0,0,40.3587
0,75,24,0,0,40.3552
0,76,24,0,0,40.3519
0,77,24,0,0,40.3488
0,78,24,0,0,40.3457
0,79,24,0,0,40.3428
0,80,24,0,0,40.3401
0,81,24,0,0,40.3375
0,82,24,0,0,40.3351
0,83,24,0,0,40.3329
0,84,24,0,0,40.3308
0,85,24,0,0,40.329
0,86,24,0,0,40.3273
0,87,24,0,0,40.3259
0,88,24,0,0,40.3247
0,89,24,0,0,40.3237
0,90,24,0,0,40.3228
0,91,24,0,0,40.3222
0,92,24,0,0,40.3218
0,93,24,0,0,40.3215
0,94,24,0,0,40.3214
0,95,24,0,0,40.3215
0,96,24,0,8.87836e-06,40.3217
0,97,24,0,0,40.3213
0,98,24,0,0,40.321
0,99,24,0,0,40.3208
0,100,24,0,0,40.3208
0,101,24,0,0,40.3208
0,102,24,0,0,40.3208
0,103,24,0,0,40.3209
0,104,24,0,0,40.3211
0,105,24,0,0,40.3213
0,106,24,0,0,40.3215
0,107,24,0,0,40.3217
0,108,24,0,0,40.322
0,109,24,0,0,40.3222
0,110,24,0,0,40.3224
0,111,24,0,0,40.3227
0,112,24,0,0,40.3229
0,113,24,0,0,40.3231
0,114,24,0,0,40.3233
0,115,24,0,0,40.3235
0,116,24,0,0,40.3237
0,117,24,0,0,40.3238
0,118,24,0,0,40.324
0,119,24,0,0,40.3241
0,120,24,0,0,40.3242
0,121,24,0,0,40.3243
0,122,24,0,0,40.3244
0,123,24,0,0,40.3244
0,124,24,0,0,40.3245
0,125,24,0,0,40.3245
0,126,24,0,0,40.3246
0,127,24,0,0,40.3246
0,0,25,0,8.87836e-06,40.8298
0,1,25,0,0,40.8276
0,2,25,0,0,40.8247
0,3,25,0,0,40.8211
0,4,25,0,0,40.8168
0,5,25,0,0,40.8118
0,6,25,0,0,40.8062
0,7,25,0,0,40.8
0,8,25,0,0,40.7933
0,9,25,0,0,40.786
0,10,25,0,0,40.7782
0,11,25,0,0,40.7701
0,12,25,0,0,40.7615
0,13,25,0,0,40.7525
0,14,25,0,0,40.7433
0,15,25,0,0,40.7338
0,16,25,0,0,40.7241
0,17,25,0,0,40.7142
0,18,25,0,0,40.7042
0,19,25,0,0,40.6941
0,20,25,0,0,40.6839
0,21,25,0,0,40.6738
0,22,25,0,0,40.6636
0,23,25,0,0,40.6534
0,24,25,0,0,40.6434
0,25,25,0,0,40.6334
0,26,25,0,0,40.6235
0,27,25,0,0,40.6138
0,28,25,0,0,40.6043
0,29,25,0,0,40.5949
0,30,25,0,0,40.5857
0,31,25,0,0,40.5767
0,32,25,0,8.87836e-06,40.5679
0,33,25,0,0,40.5586
0,34,25,0,0,40.5495
0,35,25,0,0,40.5407
0,36,25,0,0,40.5321
0,37,25,0,0,40.5237
0,38,25,0,0,40.5156
0,39,25,0,0,40.5077
0,40,25,0,0,40.5
0,41,25,0,0,40.4926
0,42,25,0,0,40.4853
0,43,25,0,0,40.4783
0,44,25,0,0,40.4716
0,45,25,0,0,40.465
0,46,25,0,0,40.4586
0,47,25,0,0,40.4525
0,48,25,0,0,40.4465
0,49,25,0,0,40.4407
0,50,25,0,0,40.4351
0,51,25,0,0,40.4297
0,52,25,0,0,40.4244
0,53,25,0,0,40.4193
0,54,25,0,0,40.4143
0,55,25,0,0,40.4095
0,56,25,0,0,40.4048
0,57,25,0,0,40.4003
0,58,25,0,0,40.3958
0,59,25,0,0,40.3915
0,60,25,0,0,40.3873
0,61,25,0,0,40.3832
0,62,25,0,0,40.3792
0,63,25,0,0,40.3753
0,64,25,0,8.87836e-06,40.3715
0,65,25,0,0,40.3671
0,66,25,0,0,40.3627
0,67,25,0,0,40.3585
0,68,25,0,0,40.3543
0,69,25,0,0,40.3502
0,70,25,0,0,40.3461
0,71,25,0,0,40.3422
0,72,25,0,0,40.3383
0,73,25,0,0,40.3346
0,74,25,0,0,40.3309
0,75,25,0,0,40.3274
0,76,25,0,0,40.324
0,77,25,0,0,40.3207
0,78,25,0,0,40.3175
0,79,25,0,0,40.3145
0,80,25,0,0,40.3117
0,81,25,0,0,40.3091
0,82,25,0,0,40.3066
0,83,25,0,0,40.3044
0,84,25,0,0,40.3023
0,85,25,0,0,40.3005
0,86,25,0,0,40.299
0,87,25,0,0,40.2976
0,88,25,0,0,40.2965
0,89,25,0,0,40.2956
0,90,25,0,0,40.295
0,91,25,0,0,40.2946
0,92,25,0,0,40.2943
0,93,25,0,0,40.2943
0,94,25,0,0,40.2945
0,95,25,0,0,40.2948
0,96,25,0,8.87836e-06,40.2953
0,97,25,0,0,40.2952
0,98,25,0,0,40.2952
0,99,25,0,0,40.2954
0,100,25,0,0,40.2956
0,101,25,0,0,40.2959
0,102,25,0,0,40.2962
0,103,25,0,0,40.2966
0,104,25,0,0,40.2971
0,105,25,0,0,40.2975
0,106,25,0,0,40.298
0,107,25,0,0,40.2985
0,108,25,0,0,40.2989
0,109,25,0,0,40.2994
0,110,25,0,0,40.2998
0,111,25,0,0,40.3003
0,112,25,0,0,40.3007
0,113,25,0,0,40.3011
0,114,25,0,0,40.3014
0,115,25,0,0,40.3018
0,116,25,0,0,40.3021
0,117,25,0,0,40.3024
0,118,25,0,0,40.3026
0,119,25,0,0,40.3029
0,120,25,0,0,40.3031
0,121,25,0,0,40.3032
0,122,25,0,0,40.3034
0,123,25,0,0,40.3035
0,124,25,0,0,40.3036
0,125,25,0,0,40.3037
0,126,25,0,0,40.3038
0,127,25,0,0,40.3038
0,0,26,0,8.87836e-06,40.7697
0,1,26,0,0,40.7677
0,2,26,0,0,40.765
0,3,26,0,0,40.7618
0,4,26,0,0,40.7579
0,5,26,0,0,40.7535
0,6,26,0,0,40.7485
0,7,26,0,0,40.743
0,8,26,0,0,40.737
0,9,26,0,0,40.7305
0,10,26,0,0,40.7236
0,11,26,0,0,40.7163
0,12,26,0,0,40.7087
0,13,26,0,0,40.7007
0,14,26,0,0,40.6925
0,15,26,0,0,40.684
0,16,26,0,0,40.6753
0,17,26,0,0,40.6664
0,18,26,0,0,40.6574
0,19,26,0,0,40.6483
0,20,26,0,0,40.6392
0,21,26,0,0,40.63
0,22,26,0,0,40.6208
0,23,26,0,0,40.6116
0,24,26,0,0,40.6025
0,25,26,0,0,40.5934
0,26,26,0,0,40.5844
0,27,26,0,0,40.5756
0,28,26,0,0,40.5668
0,29,26,0,0,40.5583
0,30,26,0,0,40.5498
0,31,26,0,0,40.5416
0,32,26,0,8.87836e-06,40.5335
0,33,26,0,0,40.5249
0,34,26,0,0,40.5165
0,35,26,0,0,40.5082
0,36,26,0,0,40.5002
0,37,26,0,0,40.4924
0,38,26,0,0,40.4848
0,39,26,0,0,40.4774
0,40,26,0,0,40.4702
0,41,26,0,0,40.4632
0,42,26,0,0,40.4564
0,43,26,0,0,40.4498
0,44,26,0,0,40.4434
0,45,26,0,0,40.4372
0,46,26,0,0,40.4311
0,47,26,0,0,40.4253
0,48,26,0,0,40.4196
0,49,26,0,0,40.414
0,50,26,0,0,40.4086
0,51,26,0,0,40.4034
0,52,26,0,0,40.3983
0,53,26,0,0,40.3934
0,54,26,0,0,40.3886
0,55,26,0,0,40.3839
0,56,26,0,0,40.3793
0,57,26,0,0,40.3748
0,58,26,0,0,40.3705
0,59,26,0,0,40.3662
0,60,26,0,0,40.362
0,61,26,0,0,40.3579
0,62,26,0,0,40.354
0,63,26,0,0,40.35
0,64,26,0,8.87836e-06,40.3462
0,65,26,0,0,40.3417
0,66,26,0,0,40.3373
0,67,26,0,0,40.3329
0,68,26,0,0,40.3287
0,69,26,0,0,40.3244
0,70,26,0,0,40.3203
0,71,26,0,0,40.3162
0,72,26,0,0,40.3123
0,73,26,0,0,40.3084
0,74,26,0,0,40.3046
0,75,26,0,0,40.3009
0,76,26,0,0,40.2973
0,77,26,0,0,40.2939
0,78,26,0,0,40.2906
0,79,26,0,0,40.2875
0,80,26,0,0,40.2845
0,81,26,0,0,40.2818
0,82,26,0,0,40.2793
0,83,26,0,0,40.277
0,84,26,0,0,40.2749
0,85,26,0,0,40.2731
0,86,26,0,0,40.2716
0,87,26,0,0,40.2703
0,88,26,0,0,40.2694
0,89,26,0,0,40.2686
0,90,26,0,0,40.2682
0,91,26,0,0,40.268
0,92,26,0,0,40.268
0,93,26,0,0,40.2682
0,94,26,0,0,40.2687
0,95,26,0,0,40.2693
0,96,26,0,8.87836e-06,40.2701
0,97,26,0,0,40.2704
0,98,26,0,0,40.2707
0,99,26,0,0,40.2712
0,100,26,0,0,40.2717
0,101,26,0,0,40.2723
0,102,26,0,0,40.273
0,103,26,0,0,40.2737
0,104,26,0,0,40.2744
0,105,26,0,0,40.2751
0,106,26,0,0,40.2759
0,107,26,0,0,40.2766
0,108,26,0,0,40.2773
0,109,26,0,0,40.278
0,110,26,0,0,40.2787
0,111,26,0,0,40.2793
0,112,26,0,0,40.2799
0,113,26,0,0,40.2805
0,114,26,0,0,40.281
0,115,26,0,0,40.2815
0,116,26,0,0,40.2819
0,117,26,0,0,40.2823
0,118,26,0,0,40.2827
0,119,26,0,0,40.283
0,120,26,0,0,40.2833
0,121,26,0,0,40.2836
0,122,26,0,0,40.2838
0,123,26,0,0,40.284
0,124,26,0,0,40.2842
0,125,26,0,0,40.2843
0,126,26,0,0,40.2844
0,127,26,0,0,40.2845
0,0,27,0,8.87836e-06,40.7144
0,1,27,0,0,40.7125
0,2,27,0,0,40.7101
0,3,27,0,0,40.7072
0,4,27,0,0,40.7037
0,5,27,0,0,40.6998
0,6,27,0,0,40.6953
0,7,27,0,0,40.6904
0,8,27,0,0,40.685
0,9,27,0,0,40.6793
0,10,27,0,0,40.6731
0,11,27,0,0,40.6666
0,12,27,0,0,40.6597
0,13,27,0,0,40.6526
0,14,27,0,0,40.6452
0,15,27,0,0,40.6376
0,16,27,0,0,40.6298
0,17,27,0,0,40.6219
0,18,27,0,0,40.6138
0,19,27,0,0,40.6056
0,20,27,0,0,40.5973
0,21,27,0,0,40.589
0,22,27,0,0,40.5807
0,23,27,0,0,40.5724
0,24,27,0,0,40.5641
0,25,27,0,0,40.5559
0,26,27,0,0,40.5477
0,27,27,0,0,40.5396
0,28,27,0,0,40.5317
0,29,27,0,0,40.5238
0,30,27,0,0,40.5161
0,31,27,0,0,40.5085
0,32,27,0,8.87836e-06,40.5011
0,33,27,0,0,40.4931
0,34,27,0,0,40.4853
0,35,27,0,0,40.4777
0,36,27,0,0,40.4702
0,37,27,0,0,40.4629
0,38,27,0,0,40.4558
0,39,27,0,0,40.4489
0,40,27,0,0,40.4421
0,41,27,0,0,40.4355
0,42,27,0,0,40.4291
0,43,27,0,0,40.4229
0,44,27,0,0,40.4168
0,45,27,0,0,40.4109
0,46,27,0,0,40.4052
0,47,27,0,0,40.3996
0,48,27,0,0,40.3942
0,49,27,0,0,40.3889
0,50,27,0,0,40.3837
0,51,27,0,0,40.3787
0,52,27,0,0,40.3738
0,53,27,0,0,40.369
0,54,27,0,0,40.3643
0,55,27,0,0,40.3597
0,56,27,0,0,40.3552
0,57,27,0,0,40.3509
0,58,27,0,0,40.3466
0,59,27,0,0,40.3423
0,60,27,0,0,40.3382
0,61,27,0,0,40.3341
0,62,27,0,0,40.3301
0,63,27,0,0,40.3262
0,64,27,0,8.87836e-06,40.3223
0,65,27,0,0,40.3178
0,66,27,0,0,40.3133
0,67,27,0,0,40.3088
0,68,27,0,0,40.3044
0,69,27,0,0,40.3001
0,70,27,0,0,40.2958
0,71,27,0,0,40.2916
0,72,27,0,0,40.2875
0,73,27,0,0,40.2834
0,74,27,0,0,40.2795
0,75,27,0,0,40.2756
0,76,27,0,0,40.2718
0,77,27,0,0,40.2682
0,78,27,0,0,40.2648
0,79,27,0,0,40.2615
0,80,27,0,0,40.2584
0,81,27,0,0,40.2555
0,82,27,0,0,40.2529
0,83,27,0,0,40.2505
0,84,27,0,0,40.2484
0,85,27,0,0,40.2466
0,86,27,0,0,40.2451
0,87,27,0,0,40.244
0,88,27,0,0,40.2431
0,89,27,0,0,40.2425
0,90,27,0,0,40.2423
0,91,27,0,0,40.2423
0,92,27,0,0,40.2426
0,93,27,0,0,40.2431
0,94,27,0,0,40.2439
0,95,27,0,0,40.2449
0,96,27,0,8.87836e-06,40.2461
0,97,27,0,0,40.2466
0,98,27,0,0,40.2473
0,99,27,0,0,40.2482
0,100,27,0,0,40.249
0,101,27,0,0,40.25
0,102,27,0,0,40.251
0,103,27,0,0,40.252
0,104,27,0,0,40.2531
0,105,27,0,0,40.2541
0,106,27,0,0,40.2551
0,107,27,0,0,40.2561
0,108,27,0,0,40.2571
0,109,27,0,0,40.258
0,110,27,0,0,40.2589
0,111,27,0,0,40.2597
0,112,27,0,0,40.2605
0,113,27,0,0,40.2612
0,114,27,0,0,40.2619
0,115,27,0,0,40.2626
0,116,27,0,0,40.2632
0,117,27,0,0,40.2637
0,118,27,0,0,40.2642
0,119,27,0,0,40.2646
0,120,27,0,0,40.265
0,121,27,0,0,40.2653
0,122,27,0,0,40.2656
0,123,27,0,0,40.2659
0,124,27,0,0,40.2661
0,125,27,0,0,40.2663
0,126,27,0,0,40.2664
0,127,27,0,0,40.2665
0,0,28,0,8.87836e-06,40.6634
0,1,28,0,0,40.6617
0,2,28,0,0,40.6595
0,3,28,0,0,40.6569
0,4,28,0,0,40.6538
0,5,28,0,0,40.6502
0,6,28,0,0,40.6462
0,7,28,0,0,40.6418
0,8,28,0,0,40.637
0,9,28,0,0,40.6318
0,10,28,0,0,40.6263
0,11,28,0,0,40.6205
0,12,28,0,0,40.6144
0,13,28,0,0,40.608
0,14,28,0,0,40.6014
0,15,28,0,0,40.5945
0,16,28,0,0,40.5875
0,17,28,0,0,40.5804
0,18,28,0,0,40.5731
0,19,28,0,0,40.5657
0,20,28,0,0,40.5582
0,21,28,0,0,40.5507
0,22,28,0,0,40.5432
0,23,28,0,0,40.5357
0,24,28,0,0,40.5282
0,25,28,0,0,40.5207
0,26,28,0,0,40.5133
0,27,28,0,0,40.5059
0,28,28,0,0,40.4986
0,29,28,0,0,40.4914
0,30,28,0,0,40.4844
0,31,28,0,0,40.4774
0,32,28,0,8.87836e-06,40.4706
0,33,28,0,0,40.4632
0,34,28,0,0,40.456
0,35,28,0,0,40.4489
0,36,28,0,0,40.4419
0,37,28,0,0,40.4351
0,38,28,0,0,40.4285
0,39,28,0,0,40.422
0,40,28,0,0,40.4156
0,41,28,0,0,40.4094
0,42,28,0,0,40.4034
0,43,28,0,0,40.3975
0,44,28,0,0,40.3918
0,45,28,0,0,40.3862
0,46,28,0,0,40.3807
0,47,28,0,0,40.3754
0,48,28,0,0,40.3702
0,49,28,0,0,40.3652
0,50,28,0,0,40.3602
0,51,28,0,0,40.3554
0,52,28,0,0,40.3506
0,53,28,0,0,40.346
0,54,28,0,0,40.3414
0,55,28,0,0,40.337
0,56,28,0,0,40.3326
0,57,28,0,0,40.3283
0,58,28,0,0,40.3241
0,59,28,0,0,40.3199
0,60,28,0,0,40.3158
0,61,28,0,0,40.3117
0,62,28,0,0,40.3077
0,63,28,0,0,40.3037
0,64,28,0,8.87836e-06,40.2998
0,65,28,0,0,40.2952
0,66,28,0,0,40.2906
0,67,28,0,0,40.2861
0,68,28,0,0,40.2816
0,69,28,0,0,40.2771
0,70,28,0,0,40.2727
0,71,28,0,0,40.2683
0,72,28,0,0,40.264
0,73,28,0,0,40.2598
0,74,28,0,0,40.2556
0,75,28,0,0,40.2515
0,76,28,0,0,40.2475
0,77,28,0,0,40.2437
0,78,28,0,0,40.24
0,79,28,0,0,40.2365
0,80,28,0,0,40.2332
0,81,28,0,0,40.2302
0,82,28,0,0,40.2274
0,83,28,0,0,40.2249
0,84,28,0,0,40.2228
0,85,28,0,0,40.2209
0,86,28,0,0,40.2195
0,87,28,0,0,40.2184
0,88,28,0,0,40.2176
0,89,28,0,0,40.2172
0,90,28,0,0,40.2172
0,91,28,0,0,40.2175
0,92,28,0,0,40.2181
0,93,28,0,0,40.219
0,94,28,0,0,40.2201
0,95,28,0,0,40.2214
0,96,28,0,8.87836e-06,40.223
0,97,28,0,0,40.224
0,98,28,0,0,40.2251
0,99,28,0,0,40.2263
0,100,28,0,0,40.2276
0,101,28,0,0,40.2289
0,102,28,0,0,40.2303
0,103,28,0,0,40.2316
0,104,28,0,0,40.233
0,105,28,0,0,40.2343
0,106,28,0,0,40.2356
0,107,28,0,0,40.2369
0,108,28,0,0,40.2381
0,109,28,0,0,40.2393
0,110,28,0,0,40.2404
0,111,28,0,0,40.2414
0,112,28,0,0,40.2424
0,113,28,0,0,40.2433
0,114,28,0,0,40.2442
0,115,28,0,0,40.245
0,116,28,0,0,40.2457
0,117,28,0,0,40.2464
0,118,28,0,0,40.2469
0,119,28,0,0,40.2475
0,120,28,0,0,40.248
0,121,28,0,0,40.2484
0,122,28,0,0,40.2487
0,123,28,0,0,40.249
0,124,28,0,0,40.2493
0,125,28,0,0,40.2495
0,126,28,0,0,40.2496
0,127,28,0,0,40.2497
0,0,29,0,8.87836e-06,40.6165
0,1,29,0,0,40.6149
0,2,29,0,0,40.6129
0,3,29,0,0,40.6105
0,4,29,0,0,40.6077
0,5,29,0,0,40.6045
0,6,29,0,0,40.6009
0,7,29,0,0,40.5969
0,8,29,0,0,40.5926
0,9,29,0,0,40.588
0,10,29,0,0,40.583
0,11,29,0,0,40.5778
0,12,29,0,0,40.5723
0,13,29,0,0,40.5666
0,14,29,0,0,40.5606
0,15,29,0,0,40.5545
0,16,29,0,0,40.5482
0,17,29,0,0,40.5417
0,18,29,0,0,40.5352
0,19,29,0,0,40.5285
0,20,29,0,0,40.5218
0,21,29,0,0,40.515
0,22,29,0,0,40.5082
0,23,29,0,0,40.5013
0,24,29,0,0,40.4945
0,25,29,0,0,40.4877
0,26,29,0,0,40.481
0,27,29,0,0,40.4742
0,28,29,0,0,40.4676
0,29,29,0,0,40.461
0,30,29,0,0,40.4546
0,31,29,0,0,40.4482
0,32,29,0,8.87836e-06,40.442
0,33,29,0,0,40.4351
0,34,29,0,0,40.4283
0,35,29,0,0,40.4217
0,36,29,0,0,40.4153
0,37,29,0,0,40.4089
0,38,29,0,0,40.4027
0,39,29,0,0,40.3966
0,40,29,0,0,40.3907
0,41,29,0,0,40.3849
0,42,29,0,0,40.3792
0,43,29,0,0,40.3736
0,44,29,0,0,40.3682
0,45,29,0,0,40.3629
0,46,29,0,0,40.3577
0,47,29,0,0,40.3527
0,48,29,0,0,40.3477
0,49,29,0,0,40.3429
0,50,29,0,0,40.3381
0,51,29,0,0,40.3334
0,52,29,0,0,40.3289
0,53,29,0,0,40.3244
0,54,29,0,0,40.32
0,55,29,0,0,40.3156
0,56,29,0,0,40.3113
0,57,29,0,0,40.3071
0,58,29,0,0,40.3029
0,59,29,0,0,40.2988
0,60,29,0,0,40.2947
0,61,29,0,0,40.2907
0,62,29,0,0,40.2866
0,63,29,0,0,40.2826
0,64,29,0,8.87836e-06,40.2787
0,65,29,0,0,40.274
0,66,29,0,0,40.2693
0,67,29,0,0,40.2647
0,68,29,0,0,40.2601
0,69,29,0,0,40.2555
0,70,29,0,0,40.2509
0,71,29,0,0,40.2463
0,72,29,0,0,40.2418
0,73,29,0,0,40.2373
0,74,29,0,0,40.2329
0,75,29,0,0,40.2285
0,76,29,0,0,40.2243
0,77,29,0,0,40.2202
0,78,29,0,0,40.2163
0,79,29,0,0,40.2125
0,80,29,0,0,40.209
0,81,29,0,0,40.2057
0,82,29,0,0,40.2027
0,83,29,0,0,40.2001
0,84,29,0,0,40.1978
0,85,29,0,0,40.1959
0,86,29,0,0,40.1944
0,87,29,0,0,40.1934
0,88,29,0,0,40.1928
0,89,29,0,0,40.1926
0,90,29,0,0,40.1928
0,91,29,0,0,40.1934
0,92,29,0,0,40.1943
0,93,29,0,0,40.1956
0,94,29,0,0,40.1972
0,95,29,0,0,40.1989
0,96,29,0,8.87836e-06,40.2009
0,97,29,0,0,40.2023
0,98,29,0,0,40.2039
0,99,29,0,0,40.2055
0,100,29,0,0,40.2072
0,101,29,0,0,40.209
0,102,29,0,0,40.2107
0,103,29,0,0,40.2124
0,104,29,0,0,40.2142
0,105,29,0,0,40.2158
0,106,29,0,0,40.2174
0,107,29,0,0,40.219
0,108,29,0,0,40.2205
0,109,29,0,0,40.2219
0,110,29,0,0,40.2232
0,111,29,0,0,40.2245
0,112,29,0,0,40.2256
0,113,29,0,0,40.2267
0,114,29,0,0,40.2277
0,115,29,0,0,40.2287
0,116,29,0,0,40.2295
0,117,29,0,0,40.2303
0,118,29,0,0,40.231
0,119,29,0,0,40.2316
0,120,29,0,0,40.2322
0,121,29,0,0,40.2327
0,122,29,0,0,40.2331
0,123,29,0,0,40.2335
0,124,29,0,0,40.2337
0,125,29,0,0,40.234
0,126,29,0,0,40.2342
0,127,29,0,0,40.2343
0,0,30,0,8.87836e-06,40.5732
0,1,30,0,0,40.5717
0,2,30,0,0,40.5699
0,3,30,0,0,40.5677
0,4,30,0,0,40.5651
0,5,30,0,0,40.5622
0,6,30,0,0,40.559
0,7,30,0,0,40.5554
0,8,30,0,0,40.5515
0,9,30,0,0,40.5474
0,10,30,0,0,40.5429
0,11,30,0,0,40.5382
0,12,30,0,0,40.5333
0,13,30,0,0,40.5281
0,14,30,0,0,40.5228
0,15,30,0,0,40.5173
0,16,30,0,0,40.5116
0,17,30,0,0,40.5058
0,18,30,0,0,40.4999
0,19,30,0,0,40.4938
0,20,30,0,0,40.4878
0,21,30,0,0,40.4816
0,22,30,0,0,40.4754
0,23,30,0,0,40.4692
0,24,30,0,0,40.463
0,25,30,0,0,40.4569
0,26,30,0,0,40.4507
0,27,30,0,0,40.4446
0,28,30,0,0,40.4385
0,29,30,0,0,40.4325
0,30,30,0,0,40.4266
0,31,30,0,0,40.4208
0,32,30,0,8.87836e-06,40.415
0,33,30,0,0,40.4087
0,34,30,0,0,40.4024
0,35,30,0,0,40.3962
0,36,30,0,0,40.3902
0,37,30,0,0,40.3843
0,38,30,0,0,40.3785
0,39,30,0,0,40.3728
0,40,30,0,0,40.3672
0,41,30,0,0,40.3617
0,42,30,0,0,40.3564
0,43,30,0,0,40.3512
0,44,30,0,0,40.346
0,45,30,0,0,40.341
0,46,30,0,0,40.3361
0,47,30,0,0,40.3313
0,48,30,0,0,40.3265
0,49,30,0,0,40.3219
0,50,30,0,0,40.3173
0,51,30,0,0,40.3128
0,52,30,0,0,40.3084
0,53,30,0,0,40.3041
0,54,30,0,0,40.2998
0,55,30,0,0,40.2956
0,56,30,0,0,40.2914
0,57,30,0,0,40.2872
0,58,30,0,0,40.2831
0,59,30,0,0,40.279
0,60,30,0,0,40.275
0,61,30,0,0,40.2709
0,62,30,0,0,40.2669
0,63,30,0,0,40.2629
0,64,30,0,8.87836e-06,40.2588
0,65,30,0,0,40.2541
0,66,30,0,0,40.2493
0,67,30,0,0,40.2446
0,68,30,0,0,40.2398
0,69,30,0,0,40.2351
0,70,30,0,0,40.2303
0,71,30,0,0,40.2255
0,72,30,0,0,40.2208
0,73,30,0,0,40.216
0,74,30,0,0,40.2114
0,75,30,0,0,40.2067
0,76,30,0,0,40.2022
0,77,30,0,0,40.1978
0,78,30,0,0,40.1935
0,79,30,0,0,40.1894
0,80,30,0,0,40.1856
0,81,30,0,0,40.182
0,82,30,0,0,40.1788
0,83,30,0,0,40.1759
0,84,30,0,0,40.1735
0,85,30,0,0,40.1715
0,86,30,0,0,40.17
0,87,30,0,0,40.169
0,88,30,0,0,40.1685
0,89,30,0,0,40.1686
0,90,30,0,0,40.1691
0,91,30,0,0,40.17
0,92,30,0,0,40.1714
0,93,30,0,0,40.1731
0,94,30,0,0,40.1751
0,95,30,0,0,40.1774
0,96,30,0,8.87836e-06,40.1798
0,97,30,0,0,40.1818
0,98,30,0,0,40.1838
0,99,30,0,0,40.1859
0,100,30,0,0,40.1881
0,101,30,0,0,40.1902
0,102,30,0,0,40.1924
0,103,30,0,0,40.1945
0,104,30,0,0,40.1966
0,105,30,0,0,40.1986
0,106,30,0,0,40.2005
0,107,30,0,0,40.2023
0,108,30,0,0,40.2041
0,109,30,0,0,40.2058
0,110,30,0,0,40.2073
0,111,30,0,0,40.2088
0,112,30,0,0,40.2101
0,113,30,0,0,40.2114
0,114,30,0,0,40.2125
0,115,30,0,0,40.2136
0,116,30,0,0,40.2146
0,117,30,0,0,40.2155
0,118,30,0,0,40.2163
0,119,30,0,0,40.217
0,120,30,0,0,40.2176
0,121,30,0,0,40.2182
0,122,30,0,0,40.2187
0,123,30,0,0,40.2191
0,124,30,0,0,40.2194
0,125,30,0,0,40.2197
0,126,30,0,0,40.2199
0,127,30,0,0,40.22
0,0,31,0,8.87836e-06,40.5333
0,1,31,0,0,40.5319
0,2,31,0,0,40.5302
0,3,31,0,0,40.5282
0,4,31,0,0,40.5259
0,5,31,0,0,40.5232
0,6,31,0,0,40.5203
0,7,31,0,0,40.5171
0,8,31,0,0,40.5136
0,9,31,0,0,40.5098
0,10,31,0,0,40.5058
0,11,31,0,0,40.5016
0,12,31,0,0,40.4971
0,13,31,0,0,40.4925
0,14,31,0,0,40.4877
0,15,31,0,0,40.4827
0,16,31,0,0,40.4776
0,17,31,0,0,40.4723
0,18,31,0,0,40.467
0,19,31,0,0,40.4615
0,20,31,0,0,40.456
0,21,31,0,0,40.4505
0,22,31,0,0,40.4449
0,23,31,0,0,40.4392
0,24,31,0,0,40.4336
0,25,31,0,0,40.428
0,26,31,0,0,40.4224
0,27,31,0,0,40.4168
0,28,31,0,0,40.4113
0,29,31,0,0,40.4058
0,30,31,0,0,40.4004
0,31,31,0,0,40.395
0,32,31,0,8.87836e-06,40.3897
0,33,31,0,0,40.3838
0,34,31,0,0,40.378
0,35,31,0,0,40.3723
0,36,31,0,0,40.3667
0,37,31,0,0,40.3611
0,38,31,0,0,40.3557
0,39,31,0,0,40.3504
0,40,31,0,0,40.3451
0,41,31,0,0,40.34
0,42,31,0,0,40.335
0,43,31,0,0,40.33
0,44,31,0,0,40.3252
0,45,31,0,0,40.3204
0,46,31,0,0,40.3157
0,47,31,0,0,40.3112
0,48,31,0,0,40.3066
0,49,31,0,0,40.3022
0,50,31,0,0,40.2978
0,51,31,0,0,40.2935
0,52,31,0,0,40.2893
0,53,31,0,0,40.2851
0,54,31,0,0,40.2809
0,55,31,0,0,40.2768
0,56,31,0,0,40.2727
0,57,31,0,0,40.2686
0,58,31,0,0,40.2646
0,59,31,0,0,40.2605
0,60,31,0,0,40.2565
0,61,31,0,0,40.2524
0,62,31,0,0,40.2484
0,63,31,0,0,40.2444
0,64,31,0,8.87836e-06,40.2403
0,65,31,0,0,40.2355
0,66,31,0,0,40.2306
0,67,31,0,0,40.2258
0,68,31,0,0,40.2209
0,69,31,0,0,40.2159
0,70,31,0,0,40.211
0,71,31,0,0,40.206
0,72,31,0,0,40.201
0,73,31,0,0,40.196
0,74,31,0,0,40.191
0,75,31,0,0,40.1861
0,76,31,0,0,40.1812
0,77,31,0,0,40.1764
0,78,31,0,0,40.1718
0,79,31,0,0,40.1673
0,80,31,0,0,40.1631
0,81,31,0,0,40.1592
0,82,31,0,0,40.1556
0,83,31,0,0,40.1524
0,84,31,0,0,40.1498
0,85,31,0,0,40.1476
0,86,31,0,0,40.1461
0,87,31,0,0,40.1451
0,88,31,0,0,40.1448
0,89,31,0,0,40.1451
0,90,31,0,0,40.1459
0,91,31,0,0,40.1473
0,92,31,0,0,40.1491
0,93,31,0,0,40.1513
0,94,31,0,0,40.1539
0,95,31,0,0,40.1567
0,96,31,0,8.87836e-06,40.1598
0,97,31,0,0,40.1623
0,98,31,0,0,40.1648
0,99,31,0,0,40.1674
0,100,31,0,0,40.1701
0,101,31,0,0,40.1727
0,102,31,0,0,40.1753
0,103,31,0,0,40.1778
0,104,31,0,0,40.1803
0,105,31,0,0,40.1826
0,106,31,0,0,40.1849
0,107,31,0,0,40.187
0,108,31,0,0,40.189
0,109,31,0,0,40.1909
0,110,31,0,0,40.1927
0,111,31,0,0,40.1943
0,112,31,0,0,40.1958
0,113,31,0,0,40.1973
0,114,31,0,0,40.1986
0,115,31,0,0,40.1998
0,116,31,0,0,40.2009
0,117,31,0,0,40.2018
0,118,31,0,0,40.2027
0,119,31,0,0,40.2035
0,120,31,0,0,40.2042
0,121,31,0,0,40.2048
0,122,31,0,0,40.2054
0,123,31,0,0,40.2058
0,124,31,0,0,40.2062
0,125,31,0,0,40.2065
0,126,31,0,0,40.2067
0,127,31,0,0,40.2069
0,0,32,0,8.87836e-06,40.4965
0,1,32,0,0,40.4952
0,2,32,0,0,40.4936
0,3,32,0,0,40.4918
0,4,32,0,0,40.4896
0,5,32,0,0,40.4872
0,6,32,0,0,40.4845
0,7,32,0,0,40.4816
0,8,32,0,0,40.4785
0,9,32,0,0,40.4751
0,10,32,0,0,40.4714
0,11,32,0,0,40.4676
0,12,32,0,0,40.4636
0,13,32,0,0,40.4594
0,14,32,0,0,40.4551
0,15,32,0,0,40.4506
0,16,32,0,0,40.446
0,17,32,0,0,40.4412
0,18,32,0,0,40.4364
0,19,32,0,0,40.4315
0,20,32,0,0,40.4265
0,21,32,0,0,40.4214
0,22,32,0,0,40.4163
0,23,32,0,0,40.4112
0,24,32,0,0,40.4061
0,25,32,0,0,40.401
0,26,32,0,0,40.3959
0,27,32,0,0,40.3908
0,28,32,0,0,40.3857
0,29,32,0,0,40.3807
0,30,32,0,0,40.3758
0,31,32,0,0,40.3709
0,32,32,0,8.87836e-06,40.366
0,33,32,0,0,40.3605
0,34,32,0,0,40.3551
0,35,32,0,0,40.3498
0,36,32,0,0,40.3445
0,37,32,0,0,40.3394
0,38,32,0,0,40.3343
0,39,32,0,0,40.3293
0,40,32,0,0,40.3244
0,41,32,0,0,40.3196
0,42,32,0,0,40.3148
0,43,32,0,0,40.3102
0,44,32,0,0,40.3056
0,45,32,0,0,40.3011
0,46,32,0,0,40.2967
0,47,32,0,0,40.2923
0,48,32,0,0,40.288
0,49,32,0,0,40.2837
0,50,32,0,0,40.2795
0,51,32,0,0,40.2754
0,52,32,0,0,40.2713
0,53,32,0,0,40.2672
0,54,32,0,0,40.2632
0,55,32,0,0,40.2592
0,56,32,0,0,40.2552
0,57,32,0,0,40.2512
0,58,32,0,0,40.2472
0,59,32,0,0,40.2432
0,60,32,0,0,40.2392
0,61,32,0,0,40.2352
0,62,32,0,0,40.2312
0,63,32,0,0,40.2271
0,64,32,0,8.87836e-06,40.223
0,65,32,0,0,40.2181
0,66,32,0,0,40.2132
0,67,32,0,0,40.2082
0,68,32,0,0,40.2032
0,69,32,0,0,40.1981
0,70,32,0,0,40.193
0,71,32,0,0,40.1878
0,72,32,0,0,40.1825
0,73,32,0,0,40.1772
0,74,32,0,0,40.1719
0,75,32,0,0,40.1666
0,76,32,0,0,40.1614
0,77,32,0,0,40.1562
0,78,32,0,0,40.1511
0,79,32,0,0,40.1462
0,80,32,0,0,40.1415
0,81,32,0,0,40.1371
0,82,32,0,0,40.1332
0,83,32,0,0,40.1296
0,84,32,0,0,40.1267
0,85,32,0,0,40.1243
0,86,32,0,0,40.1227
0,87,32,0,0,40.1217
0,88,32,0,0,40.1216
0,89,32,0,0,40.1221
0,90,32,0,0,40.1234
0,91,32,0,0,40.1252
0,92,32,0,0,40.1276
0,93,32,0,0,40.1305
0,94,32,0,0,40.1337
0,95,32,0,0,40.1372
0,96,32,0,8.87836e-06,40.1408
0,97,32,0,0,40.1439
0,98,32,0,0,40.1471
0,99,32,0,0,40.1502
0,100,32,0,0,40.1534
0,101,32,0,0,40.1565
0,102,32,0,0,40.1595
0,103,32,0,0,40.1625
0,104,32,0,0,40.1653
0,105,32,0,0,40.168
0,106,32,0,0,40.1705
0,107,32,0,0,40.1729
0,108,32,0,0,40.1752
0,109,32,0,0,40.1773
0,110,32,0,0,40.1793
0,111,32,0,0,40.1811
0,112,32,0,0,40.1828
0,113,32,0,0,40.1844
0,114,32,0,0,40.1858
0,115,32,0,0,40.1871
0,116,32,0,0,40.1883
0,117,32,0,0,40.1894
0,118,32,0,0,40.1904
0,119,32,0,0,40.1912
0,120,32,0,0,40.192
0,121,32,0,0,40.1927
0,122,32,0,0,40.1932
0,123,32,0,0,40.1937
0,124,32,0,0,40.1941
0,125,32,0,0,40.1944
0,126,32,0,0,40.1947
0,127,32,0,0,40.1948
0,0,33,0,8.87836e-06,40.4625
0,1,33,0,0,40.4613
0,2,33,0,0,40.4598
0,3,33,0,0,40.4581
0,4,33,0,0,40.4561
0,5,33,0,0,40.4539
0,6,33,0,0,40.4515
0,7,33,0,0,40.4488
0,8,33,0,0,40.446
0,9,33,0,0,40.4429
0,10,33,0,0,40.4396
0,11,33,0,0,40.4362
0,12,33,0,0,40.4325
0,13,33,0,0,40.4288
0,14,33,0,0,40.4248
0,15,33,0,0,40.4208
0,16,33,0,0,40.4166
0,17,33,0,0,40.4123
0,18,33,0,0,40.4079
0,19,33,0,0,40.4035
0,20,33,0,0,40.3989
0,21,33,0,0,40.3944
0,22,33,0,0,40.3897
0,23,33,0,0,40.3851
0,24,33,0,0,40.3804
0,25,33,0,0,40.3758
0,26,33,0,0,40.3711
0,27,33,0,0,40.3665
0,28,33,0,0,40.3619
0,29,33,0,0,40.3573
0,30,33,0,0,40.3527
0,31,33,0,0,40.3482
0,32,33,0,8.87836e-06,40.3438
0,33,33,0,0,40.3387
0,34,33,0,0,40.3337
0,35,33,0,0,40.3287
0,36,33,0,0,40.3238
0,37,33,0,0,40.319
0,38,33,0,0,40.3142
0,39,33,0,0,40.3096
0,40,33,0,0,40.305
0,41,33,0,0,40.3004
0,42,33,0,0,40.296
0,43,33,0,0,40.2916
0,44,33,0,0,40.2872
0,45,33,0,0,40.283
0,46,33,0,0,40.2788
0,47,33,0,0,40.2746
0,48,33,0,0,40.2705
0,49,33,0,0,40.2665
0,50,33,0,0,40.2624
0,51,33,0,0,40.2585
0,52,33,0,0,40.2545
0,53,33,0,0,40.2506
0,54,33,0,0,40.2467
0,55,33,0,0,40.2428
0,56,33,0,0,40.2389
0,57,33,0,0,40.235
0,58,33,0,0,40.2311
0,59,33,0,0,40.2272
0,60,33,0,0,40.2232
0,61,33,0,0,40.2192
0,62,33,0,0,40.2152
0,63,33,0,0,40.2111
0,64,33,0,8.87836e-06,40.207
0,65,33,0,0,40.202
0,66,33,0,0,40.1971
0,67,33,0,0,40.192
0,68,33,0,0,40.1868
0,69,33,0,0,40.1816
0,70,33,0,0,40.1763
0,71,33,0,0,40.1709
0,72,33,0,0,40.1654
0,73,33,0,0,40.1598
0,74,33,0,0,40.1542
0,75,33,0,0,40.1485
0,76,33,0,0,40.1429
0,77,33,0,0,40.1372
0,78,33,0,0,40.1317
0,79,33,0,0,40.1262
0,80,33,0,0,40.121
0,81,33,0,0,40.1161
0,82,33,0,0,40.1116
0,83,33,0,0,40.1076
0,84,33,0,0,40.1042
0,85,33,0,0,40.1016
0,86,33,0,0,40.0998
0,87,33,0,0,40.0989
0,88,33,0,0,40.0989
0,89,33,0,0,40.0998
0,90,33,0,0,40.1016
0,91,33,0,0,40.104
0,92,33,0,0,40.1071
0,93,33,0,0,40.1106
0,94,33,0,0,40.1146
0,95,33,0,0,40.1188
0,96,33,0,8.87836e-06,40.1231
0,97,33,0,0,40.1269
0,98,33,0,0,40.1306
0,99,33,0,0,40.1344
0,100,33,0,0,40.1381
0,101,33,0,0,40.1417
0,102,33,0,0,40.1451
0,103,33,0,0,40.1485
0,104,33,0,0,40.1516
0,105,33,0,0,40.1546
0,106,33,0,0,40.1575
0,107,33,0,0,40.1602
0,108,33,0,0,40.1626
0,109,33,0,0,40.165
0,110,33,0,0,40.1671
0,111,33,0,0,40.1691
0,112,33,0,0,40.171
0,113,33,0,0,40.1727
0,114,33,0,0,40.1742
0,115,33,0,0,40.1756
0,116,33,0,0,40.1769
0,117,33,0,0,40.1781
0,118,33,0,0,40.1791
0,119,33,0,0,40.18
0,120,33,0,0,40.1809
0,121,33,0,0,40.1816
0,122,33,0,0,40.1822
0,123,33,0,0,40.1827
0,124,33,0,0,40.1831
0,125,33,0,0,40.1835
0,126,33,0,0,40.1837
0,127,33,0,0,40.1839
0,0,34,0,8.87836e-06,40.4312
0,1,34,0,0,40.43
0,2,34,0,0,40.4286
0,3,34,0,0,40.427
0,4,34,0,0,40.4252
0,5,34,0,0,40.4232
0,6,34,0,0,40.421
0,7,34,0,0,40.4185
0,8,34,0,0,40.4159
0,9,34,0,0,40.4131
0,10,34,0,0,40.4102
0,11,34,0,0,40.407
0,12,34,0,0,40.4037
0,13,34,0,0,40.4003
0,14,34,0,0,40.3968
0,15,34,0,0,40.3931
0,16,34,0,0,40.3893
0,17,34,0,0,40.3854
0,18,34,0,0,40.3814
0,19,34,0,0,40.3774
0,20,34,0,0,40.3733
0,21,34,0,0,40.3691
0,22,34,0,0,40.3649
0,23,34,0,0,40.3607
0,24,34,0,0,40.3565
0,25,34,0,0,40.3522
0,26,34,0,0,40.348
0,27,34,0,0,40.3437
0,28,34,0,0,40.3395
0,29,34,0,0,40.3353
0,30,34,0,0,40.3312
0,31,34,0,0,40.3271
0,32,34,0,8.87836e-06,40.323
0,33,34,0,0,40.3183
0,34,34,0,0,40.3136
0,35,34,0,0,40.3089
0,36,34,0,0,40.3044
0,37,34,0,0,40.2999
0,38,34,0,0,40.2954
0,39,34,0,0,40.2911
0,40,34,0,0,40.2867
0,41,34,0,0,40.2825
0,42,34,0,0,40.2783
0,43,34,0,0,40.2741
0,44,34,0,0,40.27
0,45,34,0,0,40.266
0,46,34,0,0,40.262
0,47,34,0,0,40.2581
0,48,34,0,0,40.2542
0,49,34,0,0,40.2503
0,50,34,0,0,40.2465
0,51,34,0,0,40.2426
0,52,34,0,0,40.2389
0,53,34,0,0,40.2351
0,54,34,0,0,40.2313
0,55,34,0,0,40.2275
0,56,34,0,0,40.2237
0,57,34,0,0,40.2199
0,58,34,0,0,40.2161
0,59,34,0,0,40.2122
0,60,34,0,0,40.2083
0,61,34,0,0,40.2044
0,62,34,0,0,40.2004
0,63,34,0,0,40.1963
0,64,34,0,8.87836e-06,40.1922
0,65,34,0,0,40.1872
0,66,34,0,0,40.1822
0,67,34,0,0,40.1771
0,68,34,0,0,40.1718
0,69,34,0,0,40.1665
0,70,34,0,0,40.161
0,71,34,0,0,40.1554
0,72,34,0,0,40.1497
0,73,34,0,0,40.1438
0,74,34,0,0,40.1379
0,75,34,0,0,40.1319
0,76,34,0,0,40.1258
0,77,34,0,0,40.1197
0,78,34,0,0,40.1137
0,79,34,0,0,40.1077
0,80,34,0,0,40.1019
0,81,34,0,0,40.0964
0,82,34,0,0,40.0912
0,83,34,0,0,40.0866
0,84,34,0,0,40.0827
0,85,34,0,0,40.0796
0,86,34,0,0,40.0776
0,87,34,0,0,40.0767
0,88,34,0,0,40.0769
0,89,34,0,0,40.0783
0,90,34,0,0,40.0806
0,91,34,0,0,40.0839
0,92,34,0,0,40.0877
0,93,34,0,0,40.0921
0,94,34,0,0,40.0969
0,95,34,0,0,40.1018
0,96,34,0,8.87836e-06,40.107
0,97,34,0,0,40.1114
0,98,34,0,0,40.1158
0,99,34,0,0,40.1201
0,100,34,0,0,40.1243
0,101,34,0,0,40.1284
0,102,34,0,0,40.1323
0,103,34,0,0,40.136
0,104,34,0,0,40.1395
0,105,34,0,0,40.1428
0,106,34,0,0,40.1459
0,107,34,0,0,40.1488
0,108,34,0,0,40.1515
0,109,34,0,0,40.154
0,110,34,0,0,40.1563
0,111,34,0,0,40.1584
0,112,34,0,0,40.1604
0,113,34,0,0,40.1622
0,114,34,0,0,40.1638
0,115,34,0,0,40.1653
0,116,34,0,0,40.1667
0,117,34,0,0,40.1679
0,118,34,0,0,40.169
0,119,34,0,0,40.1699
0,120,34,0,0,40.1708
0,121,34,0,0,40.1715
0,122,34,0,0,40.1722
0,123,34,0,0,40.1727
0,124,34,0,0,40.1732
0,125,34,0,0,40.1735
0,126,34,0,0,40.1738
0,127,34,0,0,40.1739
0,0,35,0,8.87836e-06,40.4022
0,1,35,0,0,40.4011
0,2,35,0,0,40.3998
0,3,35,0,0,40.3983
0,4,35,0,0,40.3966
0,5,35,0,0,40.3948
0,6,35,0,0,40.3927
0,7,35,0,0,40.3905
0,8,35,0,0,40.3881
0,9,35,0,0,40.3856
0,10,35,0,0,40.3829
0,11,35,0,0,40.38
0,12,35,0,0,40.3771
0,13,35,0,0,40.3739
0,14,35,0,0,40.3707
0,15,35,0,0,40.3674
0,16,35,0,0,40.3639
0,17,35,0,0,40.3604
0,18,35,0,0,40.3568
0,19,35,0,0,40.3531
0,20,35,0,0,40.3494
0,21,35,0,0,40.3456
0,22,35,0,0,40.3418
0,23,35,0,0,40.338
0,24,35,0,0,40.3341
0,25,35,0,0,40.3303
0,26,35,0,0,40.3264
0,27,35,0,0,40.3225
0,28,35,0,0,40.3187
0,29,35,0,0,40.3148
0,30,35,0,0,40.311
0,31,35,0,0,40.3073
0,32,35,0,8.87836e-06,40.3035
0,33,35,0,0,40.2991
0,34,35,0,0,40.2948
0,35,35,0,0,40.2905
0,36,35,0,0,40.2862
0,37,35,0,0,40.282
0,38,35,0,0,40.2778
0,39,35,0,0,40.2737
0,40,35,0,0,40.2697
0,41,35,0,0,40.2657
0,42,35,0,0,40.2617
0,43,35,0,0,40.2578
0,44,35,0,0,40.254
0,45,35,0,0,40.2501
0,46,35,0,0,40.2464
0,47,35,0,0,40.2426
0,48,35,0,0,40.2389
0,49,35,0,0,40.2352
0,50,35,0,0,40.2316
0,51,35,0,0,40.2279
0,52,35,0,0,40.2243
0,53,35,0,0,40.2206
0,54,35,0,0,40.217
0,55,35,0,0,40.2133
0,56,35,0,0,40.2097
0,57,35,0,0,40.206
0,58,35,0,0,40.2022
0,59,35,0,0,40.1985
0,60,35,0,0,40.1946
0,61,35,0,0,40.1908
0,62,35,0,0,40.1868
0,63,35,0,0,40.1828
0,64,35,0,8.87836e-06,40.1787
0,65,35,0,0,40.1737
0,66,35,0,0,40.1687
0,67,35,0,0,40.1635
0,68,35,0,0,40.1582
0,69,35,0,0,40.1527
0,70,35,0,0,40.1471
0,71,35,0,0,40.1414
0,72,35,0,0,40.1355
0,73,35,0,0,40.1295
0,74,35,0,0,40.1233
0,75,35,0,0,40.117
0,76,35,0,0,40.1105
0,77,35,0,0,40.104
0,78,35,0,0,40.0975
0,79,35,0,0,40.0909
0,80,35,0,0,40.0845
0,81,35,0,0,40.0783
0,82,35,0,0,40.0724
0,83,35,0,0,40.0671
0,84,35,0,0,40.0624
0,85,35,0,0,40.0588
0,86,35,0,0,40.0564
0,87,35,0,0,40.0554
0,88,35,0,0,40.0559
0,89,35,0,0,40.0579
0,90,35,0,0,40.0611
0,91,35,0,0,40.0652
0,92,35,0,0,40.07
0,93,35,0,0,40.0753
0,94,35,0,0,40.081
0,95,35,0,0,40.0868
0,96,35,0,8.87836e-06,40.0926
0,97,35,0,0,40.0977
0,98,35,0,0,40.1027
0,99,35,0,0,40.1076
0,100,35,0,0,40.1123
0,101,35,0,0,40.1167
0,102,35,0,0,40.121
0,103,35,0,0,40.125
0,104,35,0,0,40.1288
0,105,35,0,0,40.1324
0,106,35,0,0,40.1357
0,107,35,0,0,40.1388
0,108,35,0,0,40.1416
0,109,35,0,0,40.1443
0,110,35,0,0,40.1467
0,111,35,0,0,40.149
0,112,35,0,0,40.151
0,113,35,0,0,40.1529
0,114,35,0,0,40.1546
0,115,35,0,0,40.1561
0,116,35,0,0,40.1575
0,117,35,0,0,40.1588
0,118,35,0,0,40.1599
0,119,35,0,0,40.1609
0,120,35,0,0,40.1618
0,121,35,0,0,40.1625
0,122,35,0,0,40.1632
0,123,35,0,0,40.1637
0,124,35,0,0,40.1642
0,125,35,0,0,40.1646
0,126,35,0,0,40.1648
0,127,35,0,0,40.165
0,0,36,0,8.87836e-06,40.3755
0,1,36,0,0,40.3744
0,2,36,0,0,40.3732
0,3,36,0,0,40.3718
0,4,36,0,0,40.3702
0,5,36,0,0,40.3685
0,6,36,0,0,40.3666
0,7,36,0,0,40.3646
0,8,36,0,0,40.3624
0,9,36,0,0,40.3601
0,10,36,0,0,40.3576
0,11,36,0,0,40.355
0,12,36,0,0,40.3523
0,13,36,0,0,40.3495
0,14,36,0,0,40.3466
0,15,36,0,0,40.3435
0,16,36,0,0,40.3404
0,17,36,0,0,40.3372
0,18,36,0,0,40.3339
0,19,36,0,0,40.3306
0,20,36,0,0,40.3272
0,21,36,0,0,40.3238
0,22,36,0,0,40.3203
0,23,36,0,0,40.3168
0,24,36,0,0,40.3133
0,25,36,0,0,40.3098
0,26,36,0,0,40.3062
0,27,36,0,0,40.3027
0,28,36,0,0,40.2992
0,29,36,0,0,40.2957
0,30,36,0,0,40.2922
0,31,36,0,0,40.2888
0,32,36,0,8.87836e-06,40.2854
0,33,36,0,0,40.2812
0,34,36,0,0,40.2772
0,35,36,0,0,40.2732
0,36,36,0,0,40.2692
0,37,36,0,0,40.2653
0,38,36,0,0,40.2614
0,39,36,0,0,40.2575
0,40,36,0,0,40.2537
0,41,36,0,0,40.25
0,42,36,0,0,40.2463
0,43,36,0,0,40.2426
0,44,36,0,0,40.2389
0,45,36,0,0,40.2353
0,46,36,0,0,40.2318
0,47,36,0,0,40.2282
0,48,36,0,0,40.2247
0,49,36,0,0,40.2212
0,50,36,0,0,40.2177
0,51,36,0,0,40.2142
0,52,36,0,0,40.2107
0,53,36,0,0,40.2072
0,54,36,0,0,40.2037
0,55,36,0,0,40.2002
0,56,36,0,0,40.1967
0,57,36,0,0,40.1931
0,58,36,0,0,40.1895
0,59,36,0,0,40.1858
0,60,36,0,0,40.1821
0,61,36,0,0,40.1783
0,62,36,0,0,40.1744
0,63,36,0,0,40.1704
0,64,36,0,8.87836e-06,40.1664
0,65,36,0,0,40.1614
0,66,36,0,0,40.1564
0,67,36,0,0,40.1512
0,68,36,0,0,40.1459
0,69,36,0,0,40.1405
0,70,36,0,0,40.1348
0,71,36,0,0,40.129
0,72,36,0,0,40.123
0,73,36,0,0,40.1168
0,74,36,0,0,40.1105
0,75,36,0,0,40.1039
0,76,36,0,0,40.0972
0,77,36,0,0,40.0904
0,78,36,0,0,40.0834
0,79,36,0,0,40.0764
0,80,36,0,0,40.0694
0,81,36,0,0,40.0625
0,82,36,0,0,40.0559
0,83,36,0,0,40.0497
0,84,36,0,0,40.0442
0,85,36,0,0,40.0398
0,86,36,0,0,40.0368
0,87,36,0,0,40.0357
0,88,36,0,0,40.0366
0,89,36,0,0,40.0393
0,90,36,0,0,40.0435
0,91,36,0,0,40.0487
0,92,36,0,0,40.0546
0,93,36,0,0,40.0609
0,94,36,0,0,40.0674
0,95,36,0,0,40.074
0,96,36,0,8.87836e-06,40.0805
0,97,36,0,0,40.0862
0,98,36,0,0,40.0917
0,99,36,0,0,40.097
0,100,36,0,0,40.1021
0,101,36,0,0,40.1069
0,102,36,0,0,40.1115
0,103,36,0,0,40.1158
0,104,36,0,0,40.1198
0,105,36,0,0,40.1235
0,106,36,0,0,40.127
0,107,36,0,0,40.1302
0,108,36,0,0,40.1332
0,109,36,0,0,40.1359
0,110,36,0,0,40.1385
0,111,36,0,0,40.1408
0,112,36,0,0,40.1429
0,113,36,0,0,40.1448
0,114,36,0,0,40.1465
0,115,36,0,0,40.1481
0,116,36,0,0,40.1495
0,117,36,0,0,40.1508
0,118,36,0,0,40.1519
0,119,36,0,0,40.1529
0,120,36,0,0,40.1538
0,121,36,0,0,40.1546
0,122,36,0,0,40.1552
0,123,36,0,0,40.1558
0,124,36,0,0,40.1562
0,125,36,0,0,40.1566
0,126,36,0,0,40.1568
0,127,36,0,0,40.157
0,0,37,0,8.87836e-06,40.3507
0,1,37,0,0,40.3497
0,2,37,0,0,40.3486
0,3,37,0,0,40.3473
0,4,37,0,0,40.3458
0,5,37,0,0,40.3442
0,6,37,0,0,40.3425
0,7,37,0,0,40.3406
0,8,37,0,0,40.3386
0,9,37,0,0,40.3365
0,10,37,0,0,40.3342
0,11,37,0,0,40.3319
0,12,37,0,0,40.3294
0,13,37,0,0,40.3268
0,14,37,0,0,40.3242
0,15,37,0,0,40.3214
0,16,37,0,0,40.3186
0,17,37,0,0,40.3157
0,18,37,0,0,40.3127
0,19,37,0,0,40.3097
0,20,37,0,0,40.3066
0,21,37,0,0,40.3034
0,22,37,0,0,40.3003
0,23,37,0,0,40.2971
0,24,37,0,0,40.2939
0,25,37,0,0,40.2907
0,26,37,0,0,40.2875
0,27,37,0,0,40.2842
0,28,37,0,0,40.281
0,29,37,0,0,40.2778
0,30,37,0,0,40.2746
0,31,37,0,0,40.2715
0,32,37,0,8.87836e-06,40.2684
0,33,37,0,0,40.2645
0,34,37,0,0,40.2608
0,35,37,0,0,40.257
0,36,37,0,0,40.2533
0,37,37,0,0,40.2496
0,38,37,0,0,40.246
0,39,37,0,0,40.2424
0,40,37,0,0,40.2388
0,41,37,0,0,40.2353
0,42,37,0,0,40.2318
0,43,37,0,0,40.2284
0,44,37,0,0,40.2249
0,45,37,0,0,40.2215
0,46,37,0,0,40.2182
0,47,37,0,0,40.2148
0,48,37,0,0,40.2115
0,49,37,0,0,40.2081
0,50,37,0,0,40.2048
0,51,37,0,0,40.2015
0,52,37,0,0,40.1982
0,53,37,0,0,40.1948
0,54,37,0,0,40.1915
0,55,37,0,0,40.1881
0,56,37,0,0,40.1847
0,57,37,0,0,40.1813
0,58,37,0,0,40.1778
0,59,37,0,0,40.1742
0,60,37,0,0,40.1706
0,61,37,0,0,40.1669
0,62,37,0,0,40.1631
0,63,37,0,0,40.1593
0,64,37,0,8.87836e-06,40.1553
0,65,37,0,0,40.1505
0,66,37,0,0,40.1455
0,67,37,0,0,40.1404
0,68,37,0,0,40.1351
0,69,37,0,0,40.1297
0,70,37,0,0,40.1241
0,71,37,0,0,40.1183
0,72,37,0,0,40.1123
0,73,37,0,0,40.106
0,74,37,0,0,40.0996
0,75,37,0,0,40.093
0,76,37,0,0,40.0861
0,77,37,0,0,40.0791
0,78,37,0,0,40.0719
0,79,37,0,0,40.0646
0,80,37,0,0,40.0572
0,81,37,0,0,40.0498
0,82,37,0,0,40.0426
0,83,37,0,0,40.0356
0,84,37,0,0,40.0293
0,85,37,0,0,40.0239
0,86,37,0,0,40.02
0,87,37,0,0,40.0185
0,88,37,0,0,40.02
0,89,37,0,0,40.0239
0,90,37,0,0,40.0293
0,91,37,0,0,40.0356
0,92,37,0,0,40.0425
0,93,37,0,0,40.0496
0,94,37,0,0,40.0569
0,95,37,0,0,40.064
0,96,37,0,8.87836e-06,40.0711
0,97,37,0,0,40.0772
0,98,37,0,0,40.0831
0,99,37,0,0,40.0887
0,100,37,0,0,40.0941
0,101,37,0,0,40.0991
0,102,37,0,0,40.1039
0,103,37,0,0,40.1083
0,104,37,0,0,40.1124
0,105,37,0,0,40.1163
0,106,37,0,0,40.1199
0,107,37,0,0,40.1231
0,108,37,0,0,40.1262
0,109,37,0,0,40.129
0,110,37,0,0,40.1315
0,111,37,0,0,40.1338
0,112,37,0,0,40.1359
0,113,37,0,0,40.1379
0,114,37,0,0,40.1396
0,115,37,0,0,40.1412
0,116,37,0,0,40.1426
0,117,37,0,0,40.1438
0,118,37,0,0,40.145
0,119,37,0,0,40.1459
0,120,37,0,0,40.1468
0,121,37,0,0,40.1476
0,122,37,0,0,40.1482
0,123,37,0,0,40.1487
0,124,37,0,0,40.1492
0,125,37,0,0,40.1495
0,126,37,0,0,40.1498
0,127,37,0,0,40.15
0,0,38,0,8.87836e-06,40.3279
0,1,38,0,0,40.3269
0,2,38,0,0,40.3258
0,3,38,0,0,40.3246
0,4,38,0,0,40.3233
0,5,38,0,0,40.3218
0,6,38,0,0,40.3202
0,7,38,0,0,40.3185
0,8,38,0,0,40.3166
0,9,38,0,0,40.3147
0,10,38,0,0,40.3126
0,11,38,0,0,40.3105
0,12,38,0,0,40.3082
0,13,38,0,0,40.3059
0,14,38,0,0,40.3034
0,15,38,0,0,40.3009
0,16,38,0,0,40.2983
0,17,38,0,0,40.2957
0,18,38,0,0,40.293
0,19,38,0,0,40.2902
0,20,38,0,0,40.2874
0,21,38,0,0,40.2845
0,22,38,0,0,40.2817
0,23,38,0,0,40.2788
0,24,38,0,0,40.2758
0,25,38,0,0,40.2729
0,26,38,0,0,40.27
0,27,38,0,0,40.267
0,28,38,0,0,40.2641
0,29,38,0,0,40.2612
0,30,38,0,0,40.2583
0,31,38,0,0,40.2554
0,32,38,0,8.87836e-06,40.2525
0,33,38,0,0,40.249
0,34,38,0,0,40.2454
0,35,38,0,0,40.2419
0,36,38,0,0,40.2385
0,37,38,0,0,40.235
0,38,38,0,0,40.2316
0,39,38,0,0,40.2283
0,40,38,0,0,40.2249
0,41,38,0,0,40.2216
0,42,38,0,0,40.2184
0,43,38,0,0,40.2151
0,44,38,0,0,40.2119
0,45,38,0,0,40.2087
0,46,38,0,0,40.2055
0,47,38,0,0,40.2023
0,48,38,0,0,40.1992
0,49,38,0,0,40.196
0,50,38,0,0,40.1929
0,51,38,0,0,40.1897
0,52,38,0,0,40.1866
0,53,38,0,0,40.1834
0,54,38,0,0,40.1802
0,55,38,0,0,40.177
0,56,38,0,0,40.1737
0,57,38,0,0,40.1704
0,58,38,0,0,40.1671
0,59,38,0,0,40.1637
0,60,38,0,0,40.1602
0,61,38,0,0,40.1566
0,62,38,0,0,40.153
0,63,38,0,0,40.1493
0,64,38,0,8.87836e-06,40.1454
0,65,38,0,0,40.1407
0,66,38,0,0,40.1359
0,67,38,0,0,40.1309
0,68,38,0,0,40.1257
0,69,38,0,0,40.1204
0,70,38,0,0,40.1149
0,71,38,0,0,40.1092
0,72,38,0,0,40.1033
0,73,38,0,0,40.0972
0,74,38,0,0,40.0908
0,75,38,0,0,40.0843
0,76,38,0,0,40.0775
0,77,38,0,0,40.0705
0,78,38,0,0,40.0633
0,79,38,0,0,40.0559
0,80,38,0,0,40.0485
0,81,38,0,0,40.041
0,82,38,0,0,40.0336
0,83,38,0,0,40.0264
0,84,38,0,0,40.0195
0,85,38,0,0,40.0134
0,86,38,0,0,40.0086
0,87,38,0,0,40.0061
0,88,38,0,0,40.0089
0,89,38,0,0,40.014
0,90,38,0,0,40.0204
0,91,38,0,0,40.0274
0,92,38,0,0,40.0348
0,93,38,0,0,40.0424
0,94,38,0,0,40.05
0,95,38,0,0,40.0574
0,96,38,0,8.87836e-06,40.0647
0,97,38,0,0,40.071
0,98,38,0,0,40.0771
0,99,38,0,0,40.0828
0,100,38,0,0,40.0883
0,101,38,0,0,40.0934
0,102,38,0,0,40.0982
0,103,38,0,0,40.1027
0,104,38,0,0,40.1069
0,105,38,0,0,40.1107
0,106,38,0,0,40.1143
0,107,38,0,0,40.1176
0,108,38,0,0,40.1206
0,109,38,0,0,40.1233
0,110,38,0,0,40.1259
0,111,38,0,0,40.1282
0,112,38,0,0,40.1302
0,113,38,0,0,40.1321
0,114,38,0,0,40.1338
0,115,38,0,0,40.1353
0,116,38,0,0,40.1367
0,117,38,0,0,40.1379
0,118,38,0,0,40.139
0,119,38,0,0,40.14
0,120,38,0,0,40.1408
0,121,38,0,0,40.1415
0,122,38,0,0,40.1421
0,123,38,0,0,40.1426
0,124,38,0,0,40.1431
0,125,38,0,0,40.1434
0,126,38,0,0,40.1436
0,127,38,0,0,40.1438
0,0,39,0,8.87836e-06,40.3069
0,1,39,0,0,40.3059
0,2,39,0,0,40.3049
0,3,39,0,0,40.3037
0,4,39,0,0,40.3024
0,5,39,0,0,40.301
0,6,39,0,0,40.2996
0,7,39,0,0,40.298
0,8,39,0,0,40.2963
0,9,39,0,0,40.2945
0,10,39,0,0,40.2926
0,11,39,0,0,40.2906
0,12,39,0,0,40.2886
0,13,39,0,0,40.2864
0,14,39,0,0,40.2842
0,15,39,0,0,40.2819
0,16,39,0,0,40.2795
0,17,39,0,0,40.2771
0,18,39,0,0,40.2746
0,19,39,0,0,40.2721
0,20,39,0,0,40.2696
0,21,39,0,0,40.267
0,22,39,0,0,40.2644
0,23,39,0,0,40.2617
0,24,39,0,0,40.259
0,25,39,0,0,40.2564
0,26,39,0,0,40.2537
0,27,39,0,0,40.251
0,28,39,0,0,40.2483
0,29,39,0,0,40.2456
0,30,39,0,0,40.243
0,31,39,0,0,40.2404
0,32,39,0,8.87836e-06,40.2377
0,33,39,0,0,40.2344
0,34,39,0,0,40.2311
0,35,39,0,0,40.2279
0,36,39,0,0,40.2246
0,37,39,0,0,40.2214
0,38,39,0,0,40.2183
0,39,39,0,0,40.2151
0,40,39,0,0,40.212
0,41,39,0,0,40.2089
0,42,39,0,0,40.2058
0,43,39,0,0,40.2028
0,44,39,0,0,40.1998
0,45,39,0,0,40.1967
0,46,39,0,0,40.1937
0,47,39,0,0,40.1908
0,48,39,0,0,40.1878
0,49,39,0,0,40.1848
0,50,39,0,0,40.1819
0,51,39,0,0,40.1789
0,52,39,0,0,40.1759
0,53,39,0,0,40.1729
0,54,39,0,0,40.1699
0,55,39,0,0,40.1668
0,56,39,0,0,40.1637
0,57,39,0,0,40.1606
0,58,39,0,0,40.1574
0,59,39,0,0,40.1541
0,60,39,0,0,40.1508
0,61,39,0,0,40.1474
0,62,39,0,0,40.144
0,63,39,0,0,40.1404
0,64,39,0,8.87836e-06,40.1367
0,65,39,0,0,40.1322
0,66,39,0,0,40.1275
0,67,39,0,0,40.1227
0,68,39,0,0,40.1178
0,69,39,0,0,40.1126
0,70,39,0,0,40.1073
0,71,39,0,0,40.1018
0,72,39,0,0,40.0961
0,73,39,0,0,40.0902
0,74,39,0,0,40.0841
0,75,39,0,0,40.0778
0,76,39,0,0,40.0713
0,77,39,0,0,40.0646
0,78,39,0,0,40.0577
0,79,39,0,0,40.0507
0,80,39,0,0,40.0436
0,81,39,0,0,40.0366
0,82,39,0,0,40.0297
0,83,39,0,0,40.0231
0,84,39,0,0,40.017
0,85,39,0,0,40.0119
0,86,39,0,0,40.0084
0,87,39,0,0,40.0071
0,88,39,0,0,40.0089
0,89,39,0,0,40.0131
0,90,39,0,0,40.0187
0,91,39,0,0,40.0253
0,92,39,0,0,40.0323
0,93,39,0,0,40.0397
0,94,39,0,0,40.047
0,95,39,0,0,40.0544
0,96,39,0,8.87836e-06,40.0615
0,97,39,0,0,40.0678
0,98,39,0,0,40.0737
0,99,39,0,0,40.0794
0,100,39,0,0,40.0848
0,101,39,0,0,40.0898
0,102,39,0,0,40.0945
0,103,39,0,0,40.0989
0,104,39,0,0,40.103
0,105,39,0,0,40.1068
0,106,39,0,0,40.1103
0,107,39,0,0,40.1135
0,108,39,0,0,40.1164
0,109,39,0,0,40.1191
0,110,39,0,0,40.1215
0,111,39,0,0,40.1237
0,112,39,0,0,40.1257
0,113,39,0,0,40.1275
0,114,39,0,0,40.1291
0,115,39,0,0,40.1306
0,116,39,0,0,40.1319
0,117,39,0,0,40.133
0,118,39,0,0,40.134
0,119,39,0,0,40.1349
0,120,39,0,0,40.1357
0,121,39,0,0,40.1364
0,122,39,0,0,40.1369
0,123,39,0,0,40.1374
0,124,39,0,0,40.1378
0,125,39,0,0,40.1381
0,126,39,0,0,40.1383
0,127,39,0,0,40.1385
0,0,40,0,8.87836e-06,40.2874
0,1,40,0,0,40.2865
0,2,40,0,0,40.2855
0,3,40,0,0,40.2844
0,4,40,0,0,40.2832
0,5,40,0,0,40.2819
0,6,40,0,0,40.2805
0,7,40,0,0,40.279
0,8,40,0,0,40.2775
0,9,40,0,0,40.2758
0,10,40,0,0,40.2741
0,11,40,0,0,40.2723
0,12,40,0,0,40.2704
0,13,40,0,0,40.2684
0,14,40,0,0,40.2664
0,15,40,0,0,40.2643
0,16,40,0,0,40.2621
0,17,40,0,0,40.2599
0,18,40,0,0,40.2577
0,19,40,0,0,40.2554
0,20,40,0,0,40.253
0,21,40,0,0,40.2507
0,22,40,0,0,40.2483
0,23,40,0,0,40.2459
0,24,40,0,0,40.2434
0,25,40,0,0,40.241
0,26,40,0,0,40.2385
0,27,40,0,0,40.2361
0,28,40,0,0,40.2337
0,29,40,0,0,40.2312
0,30,40,0,0,40.2288
0,31,40,0,0,40.2264
0,32,40,0,8.87836e-06,40.224
0,33,40,0,0,40.2209
0,34,40,0,0,40.2178
0,35,40,0,0,40.2148
0,36,40,0,0,40.2118
0,37,40,0,0,40.2088
0,38,40,0,0,40.2058
0,39,40,0,0,40.2029
0,40,40,0,0,40.2
0,41,40,0,0,40.1971
0,42,40,0,0,40.1942
0,43,40,0,0,40.1913
0,44,40,0,0,40.1885
0,45,40,0,0,40.1857
0,46,40,0,0,40.1829
0,47,40,0,0,40.1801
0,48,40,0,0,40.1773
0,49,40,0,0,40.1745
0,50,40,0,0,40.1717
0,51,40,0,0,40.1689
0,52,40,0,0,40.1661
0,53,40,0,0,40.1632
0,54,40,0,0,40.1604
0,55,40,0,0,40.1575
0,56,40,0,0,40.1546
0,57,40,0,0,40.1516
0,58,40,0,0,40.1486
0,59,40,0,0,40.1456
0,60,40,0,0,40.1424
0,61,40,0,0,40.1392
0,62,40,0,0,40.136
0,63,40,0,0,40.1326
0,64,40,0,8.87836e-06,40.1291
0,65,40,0,0,40.1248
0,66,40,0,0,40.1204
0,67,40,0,0,40.1158
0,68,40,0,0,40.1111
0,69,40,0,0,40.1063
0,70,40,0,0,40.1012
0,71,40,0,0,40.0961
0,72,40,0,0,40.0907
0,73,40,0,0,40.0851
0,74,40,0,0,40.0794
0,75,40,0,0,40.0735
0,76,40,0,0,40.0675
0,77,40,0,0,40.0613
0,78,40,0,0,40.055
0,79,40,0,0,40.0486
0,80,40,0,0,40.0423
0,81,40,0,0,40.036
0,82,40,0,0,40.0301
0,83,40,0,0,40.0245
0,84,40,0,0,40.0197
0,85,40,0,0,40.0159
0,86,40,0,0,40.0135
0,87,40,0,0,40.0129
0,88,40,0,0,40.0144
0,89,40,0,0,40.0177
0,90,40,0,0,40.0223
0,91,40,0,0,40.028
0,92,40,0,0,40.0343
0,93,40,0,0,40.041
0,94,40,0,0,40.0478
0,95,40,0,0,40.0546
0,96,40,0,8.87836e-06,40.0614
0,97,40,0,0,40.0673
0,98,40,0,0,40.073
0,99,40,0,0,40.0784
0,100,40,0,0,40.0835
0,101,40,0,0,40.0883
0,102,40,0,0,40.0928
0,103,40,0,0,40.097
0,104,40,0,0,40.1009
0,105,40,0,0,40.1045
0,106,40,0,0,40.1078
0,107,40,0,0,40.1109
0,108,40,0,0,40.1136
0,109,40,0,0,40.1161
0,110,40,0,0,40.1184
0,111,40,0,0,40.1205
0,112,40,0,0,40.1224
0,113,40,0,0,40.124
0,114,40,0,0,40.1255
0,115,40,0,0,40.1268
0,116,40,0,0,40.128
0,117,40,0,0,40.1291
0,118,40,0,0,40.13
0,119,40,0,0,40.1308
0,120,40,0,0,40.1315
0,121,40,0,0,40.1321
0,122,40,0,0,40.1326
0,123,40,0,0,40.133
0,124,40,0,0,40.1334
0,125,40,0,0,40.1336
0,126,40,0,0,40.1338
0,127,40,0,0,40.134
0,0,41,0,8.87836e-06,40.2695
0,1,41,0,0,40.2686
0,2,41,0,0,40.2676
0,3,41,0,0,40.2666
0,4,41,0,0,40.2654
0,5,41,0,0,40.2642
0,6,41,0,0,40.2629
0,7,41,0,0,40.2615
0,8,41,0,0,40.2601
0,9,41,0,0,40.2586
0,10,41,0,0,40.257
0,11,41,0,0,40.2553
0,12,41,0,0,40.2536
0,13,41,0,0,40.2518
0,14,41,0,0,40.2499
0,15,41,0,0,40.248
0,16,41,0,0,40.246
0,17,41,0,0,40.244
0,18,41,0,0,40.2419
0,19,41,0,0,40.2398
0,20,41,0,0,40.2377
0,21,41,0,0,40.2355
0,22,41,0,0,40.2334
0,23,41,0,0,40.2312
0,24,41,0,0,40.2289
0,25,41,0,0,40.2267
0,26,41,0,0,40.2245
0,27,41,0,0,40.2222
0,28,41,0,0,40.22
0,29,41,0,0,40.2178
0,30,41,0,0,40.2156
0,31,41,0,0,40.2134
0,32,41,0,8.87836e-06,40.2112
0,33,41,0,0,40.2083
0,34,41,0,0,40.2055
0,35,41,0,0,40.2026
0,36,41,0,0,40.1998
0,37,41,0,0,40.197
0,38,41,0,0,40.1942
0,39,41,0,0,40.1915
0,40,41,0,0,40.1888
0,41,41,0,0,40.1861
0,42,41,0,0,40.1834
0,43,41,0,0,40.1807
0,44,41,0,0,40.1781
0,45,41,0,0,40.1754
0,46,41,0,0,40.1728
0,47,41,0,0,40.1702
0,48,41,0,0,40.1676
0,49,41,0,0,40.1649
0,50,41,0,0,40.1623
0,51,41,0,0,40.1597
0,52,41,0,0,40.1571
0,53,41,0,0,40.1544
0,54,41,0,0,40.1517
0,55,41,0,0,40.149
0,56,41,0,0,40.1463
0,57,41,0,0,40.1436
0,58,41,0,0,40.1408
0,59,41,0,0,40.1379
0,60,41,0,0,40.135
0,61,41,0,0,40.132
0,62,41,0,0,40.1289
0,63,41,0,0,40.1258
0,64,41,0,8.87836e-06,40.1226
0,65,41,0,0,40.1185
0,66,41,0,0,40.1144
0,67,41,0,0,40.1101
0,68,41,0,0,40.1057
0,69,41,0,0,40.1012
0,70,41,0,0,40.0966
0,71,41,0,0,40.0918
0,72,41,0,0,40.0868
0,73,41,0,0,40.0818
0,74,41,0,0,40.0765
0,75,41,0,0,40.0712
0,76,41,0,0,40.0657
0,77,41,0,0,40.0602
0,78,41,0,0,40.0547
0,79,41,0,0,40.0491
0,80,41,0,0,40.0437
0,81,41,0,0,40.0385
0,82,41,0,0,40.0336
0,83,41,0,0,40.0292
0,84,41,0,0,40.0256
0,85,41,0,0,40.0229
0,86,41,0,0,40.0213
0,87,41,0,0,40.0212
0,88,41,0,0,40.0226
0,89,41,0,0,40.0254
0,90,41,0,0,40.0293
0,91,41,0,0,40.0341
0,92,41,0,0,40.0395
0,93,41,0,0,40.0454
0,94,41,0,0,40.0516
0,95,41,0,0,40.0578
0,96,41,0,8.87836e-06,40.064
0,97,41,0,0,40.0694
0,98,41,0,0,40.0746
0,99,41,0,0,40.0796
0,100,41,0,0,40.0843
0,101,41,0,0,40.0888
0,102,41,0,0,40.093
0,103,41,0,0,40.0969
0,104,41,0,0,40.1005
0,105,41,0,0,40.1038
0,106,41,0,0,40.1069
0,107,41,0,0,40.1097
0,108,41,0,0,40.1122
0,109,41,0,0,40.1145
0,110,41,0,0,40.1166
0,111,41,0,0,40.1185
0,112,41,0,0,40.1201
0,113,41,0,0,40.1216
0,114,41,0,0,40.1229
0,115,41,0,0,40.1241
0,116,41,0,0,40.1252
0,117,41,0,0,40.1261
0,118,41,0,0,40.1269
0,119,41,0,0,40.1276
0,120,41,0,0,40.1282
0,121,41,0,0,40.1287
0,122,41,0,0,40.1291
0,123,41,0,0,40.1295
0,124,41,0,0,40.1297
0,125,41,0,0,40.13
0,126,41,0,0,40.1301
0,127,41,0,0,40.1302
0,0,42,0,8.87836e-06,40.2529
0,1,42,0,0,40.252
0,2,42,0,0,40.2511
0,3,42,0,0,40.2501
0,4,42,0,0,40.249
0,5,42,0,0,40.2479
0,6,42,0,0,40.2467
0,7,42,0,0,40.2454
0,8,42,0,0,40.244
0,9,42,0,0,40.2426
0,10,42,0,0,40.2412
0,11,42,0,0,40.2396
0,12,42,0,0,40.238
0,13,42,0,0,40.2364
0,14,42,0,0,40.2346
0,15,42,0,0,40.2329
0,16,42,0,0,40.2311
0,17,42,0,0,40.2292
0,18,42,0,0,40.2274
0,19,42,0,0,40.2254
0,20,42,0,0,40.2235
0,21,42,0,0,40.2215
0,22,42,0,0,40.2195
0,23,42,0,0,40.2175
0,24,42,0,0,40.2155
0,25,42,0,0,40.2135
0,26,42,0,0,40.2114
0,27,42,0,0,40.2094
0,28,42,0,0,40.2074
0,29,42,0,0,40.2053
0,30,42,0,0,40.2033
0,31,42,0,0,40.2013
0,32,42,0,8.87836e-06,40.1993
0,33,42,0,0,40.1966
0,34,42,0,0,40.194
0,35,42,0,0,40.1913
0,36,42,0,0,40.1887
0,37,42,0,0,40.1861
0,38,42,0,0,40.1835
0,39,42,0,0,40.1809
0,40,42,0,0,40.1784
0,41,42,0,0,40.1759
0,42,42,0,0,40.1734
0,43,42,0,0,40.1709
0,44,42,0,0,40.1684
0,45,42,0,0,40.1659
0,46,42,0,0,40.1635
0,47,42,0,0,40.161
0,48,42,0,0,40.1586
0,49,42,0,0,40.1562
0,50,42,0,0,40.1537
0,51,42,0,0,40.1513
0,52,42,0,0,40.1488
0,53,42,0,0,40.1464
0,54,42,0,0,40.1439
0,55,42,0,0,40.1414
0,56,42,0,0,40.1389
0,57,42,0,0,40.1363
0,58,42,0,0,40.1337
0,59,42,0,0,40.1311
0,60,42,0,0,40.1284
0,61,42,0,0,40.1256
0,62,42,0,0,40.1228
0,63,42,0,0,40.12
0,64,42,0,8.87836e-06,40.117
0,65,42,0,0,40.1133
0,66,42,0,0,40.1095
0,67,42,0,0,40.1055
0,68,42,0,0,40.1015
0,69,42,0,0,40.0974
0,70,42,0,0,40.0932
0,71,42,0,0,40.0888
0,72,42,0,0,40.0844
0,73,42,0,0,40.0799
0,74,42,0,0,40.0752
0,75,42,0,0,40.0705
0,76,42,0,0,40.0658
0,77,42,0,0,40.061
0,78,42,0,0,40.0563
0,79,42,0,0,40.0517
0,80,42,0,0,40.0472
0,81,42,0,0,40.043
0,82,42,0,0,40.0392
0,83,42,0,0,40.0359
0,84,42,0,0,40.0333
0,85,42,0,0,40.0315
0,86,42,0,0,40.0307
0,87,42,0,0,40.031
0,88,42,0,0,40.0324
0,89,42,0,0,40.0348
0,90,42,0,0,40.0382
0,91,42,0,0,40.0424
0,92,42,0,0,40.0471
0,93,42,0,0,40.0523
0,94,42,0,0,40.0577
0,95,42,0,0,40.0633
0,96,42,0,8.87836e-06,40.0689
0,97,42,0,0,40.0737
0,98,42,0,0,40.0783
0,99,42,0,0,40.0828
0,100,42,0,0,40.0871
0,101,42,0,0,40.0912
0,102,42,0,0,40.0949
0,103,42,0,0,40.0985
0,104,42,0,0,40.1017
0,105,42,0,0,40.1047
0,106,42,0,0,40.1074
0,107,42,0,0,40.1099
0,108,42,0,0,40.1121
0,109,42,0,0,40.1141
0,110,42,0,0,40.1159
0,111,42,0,0,40.1176
0,112,42,0,0,40.119
0,113,42,0,0,40.1203
0,114,42,0,0,40.1214
0,115,42,0,0,40.1224
0,116,42,0,0,40.1232
0,117,42,0,0,40.124
0,118,42,0,0,40.1246
0,119,42,0,0,40.1252
0,120,42,0,0,40.1256
0,121,42,0,0,40.126
0,122,42,0,0,40.1264
0,123,42,0,0,40.1266
0,124,42,0,0,40.1269
0,125,42,0,0,40.127
0,126,42,0,0,40.1272
0,127,42,0,0,40.1273
0,0,43,0,8.87836e-06,40.2376
0,1,43,0,0,40.2368
0,2,43,0,0,40.2359
0,3,43,0,0,40.2349
0,4,43,0,0,40.2339
0,5,43,0,0,40.2328
0,6,43,0,0,40.2317
0,7,43,0,0,40.2305
0,8,43,0,0,40.2292
0,9,43,0,0,40.2279
0,10,43,0,0,40.2266
0,11,43,0,0,40.2251
0,12,43,0,0,40.2237
0,13,43,0,0,40.2221
0,14,43,0,0,40.2206
0,15,43,0,0,40.2189
0,16,43,0,0,40.2173
0,17,43,0,0,40.2156
0,18,43,0,0,40.2139
0,19,43,0,0,40.2121
0,20,43,0,0,40.2103
0,21,43,0,0,40.2085
0,22,43,0,0,40.2067
0,23,43,0,0,40.2049
0,24,43,0,0,40.203
0,25,43,0,0,40.2012
0,26,43,0,0,40.1993
0,27,43,0,0,40.1975
0,28,43,0,0,40.1956
0,29,43,0,0,40.1938
0,30,43,0,0,40.1919
0,31,43,0,0,40.1901
0,32,43,0,8.87836e-06,40.1883
0,33,43,0,0,40.1858
0,34,43,0,0,40.1833
0,35,43,0,0,40.1808
0,36,43,0,0,40.1784
0,37,43,0,0,40.176
0,38,43,0,0,40.1736
0,39,43,0,0,40.1712
0,40,43,0,0,40.1688
0,41,43,0,0,40.1664
0,42,43,0,0,40.1641
0,43,43,0,0,40.1618
0,44,43,0,0,40.1595
0,45,43,0,0,40.1572
0,46,43,0,0,40.1549
0,47,43,0,0,40.1527
0,48,43,0,0,40.1504
0,49,43,0,0,40.1481
0,50,43,0,0,40.1459
0,51,43,0,0,40.1436
0,52,43,0,0,40.1413
0,53,43,0,0,40.1391
0,54,43,0,0,40.1368
0,55,43,0,0,40.1345
0,56,43,0,0,40.1322
0,57,43,0,0,40.1298
0,58,43,0,0,40.1275
0,59,43,0,0,40.125
0,60,43,0,0,40.1226
0,61,43,0,0,40.1201
0,62,43,0,0,40.1176
0,63,43,0,0,40.115
0,64,43,0,8.87836e-06,40.1124
0,65,43,0,0,40.109
0,66,43,0,0,40.1055
0,67,43,0,0,40.102
0,68,43,0,0,40.0983
0,69,43,0,0,40.0947
0,70,43,0,0,40.0909
0,71,43,0,0,40.0871
0,72,43,0,0,40.0832
0,73,43,0,0,40.0793
0,74,43,0,0,40.0753
0,75,43,0,0,40.0713
0,76,43,0,0,40.0673
0,77,43,0,0,40.0633
0,78,43,0,0,40.0595
0,79,43,0,0,40.0558
0,80,43,0,0,40.0523
0,81,43,0,0,40.0491
0,82,43,0,0,40.0463
0,83,43,0,0,40.0439
0,84,43,0,0,40.0422
0,85,43,0,0,40.0412
0,86,43,0,0,40.041
0,87,43,0,0,40.0416
0,88,43,0,0,40.0431
0,89,43,0,0,40.0454
0,90,43,0,0,40.0485
0,91,43,0,0,40.0521
0,92,43,0,0,40.0563
0,93,43,0,0,40.0609
0,94,43,0,0,40.0657
0,95,43,0,0,40.0706
0,96,43,0,8.87836e-06,40.0756
0,97,43,0,0,40.0798
0,98,43,0,0,40.0839
0,99,43,0,0,40.0879
0,100,43,0,0,40.0916
0,101,43,0,0,40.0952
0,102,43,0,0,40.0985
0,103,43,0,0,40.1016
0,104,43,0,0,40.1044
0,105,43,0,0,40.107
0,106,43,0,0,40.1093
0,107,43,0,0,40.1114
0,108,43,0,0,40.1133
0,109,43,0,0,40.1149
0,110,43,0,0,40.1164
0,111,43,0,0,40.1177
0,112,43,0,0,40.1189
0,113,43,0,0,40.1199
0,114,43,0,0,40.1208
0,115,43,0,0,40.1215
0,116,43,0,0,40.1222
0,117,43,0,0,40.1227
0,118,43,0,0,40.1232
0,119,43,0,0,40.1236
0,120,43,0,0,40.1239
0,121,43,0,0,40.1242
0,122,43,0,0,40.1244
0,123,43,0,0,40.1246
0,124,43,0,0,40.1247
0,125,43,0,0,40.1248
0,126,43,0,0,40.1249
0,127,43,0,0,40.125
0,0,44,0,8.87836e-06,40.2236
0,1,44,0,0,40.2227
0,2,44,0,0,40.2219
0,3,44,0,0,40.2209
0,4,44,0,0,40.22
0,5,44,0,0,40.2189
0,6,44,0,0,40.2179
0,7,44,0,0,40.2168
0,8,44,0,0,40.2156
0,9,44,0,0,40.2144
0,10,44,0,0,40.2131
0,11,44,0,0,40.2118
0,12,44,0,0,40.2104
0,13,44,0,0,40.209
0,14,44,0,0,40.2075
0,15,44,0,0,40.2061
0,16,44,0,0,40.2045
0,17,44,0,0,40.203
0,18,44,0,0,40.2014
0,19,44,0,0,40.1998
0,20,44,0,0,40.1982
0,21,44,0,0,40.1965
0,22,44,0,0,40.1949
0,23,44,0,0,40.1932
0,24,44,0,0,40.1915
0,25,44,0,0,40.1898
0,26,44,0,0,40.1881
0,27,44,0,0,40.1864
0,28,44,0,0,40.1847
0,29,44,0,0,40.1831
0,30,44,0,0,40.1814
0,31,44,0,0,40.1798
0,32,44,0,8.87836e-06,40.1781
0,33,44,0,0,40.1758
0,34,44,0,0,40.1734
0,35,44,0,0,40.1711
0,36,44,0,0,40.1689
0,37,44,0,0,40.1666
0,38,44,0,0,40.1643
0,39,44,0,0,40.1621
0,40,44,0,0,40.1599
0,41,44,0,0,40.1577
0,42,44,0,0,40.1556
0,43,44,0,0,40.1534
0,44,44,0,0,40.1513
0,45,44,0,0,40.1492
0,46,44,0,0,40.147
0,47,44,0,0,40.1449
0,48,44,0,0,40.1429
0,49,44,0,0,40.1408
0,50,44,0,0,40.1387
0,51,44,0,0,40.1366
0,52,44,0,0,40.1345
0,53,44,0,0,40.1325
0,54,44,0,0,40.1304
0,55,44,0,0,40.1283
0,56,44,0,0,40.1262
0,57,44,0,0,40.1241
0,58,44,0,0,40.1219
0,59,44,0,0,40.1198
0,60,44,0,0,40.1176
0,61,44,0,0,40.1154
0,62,44,0,0,40.1131
0,63,44,0,0,40.1109
0,64,44,0,8.87836e-06,40.1086
0,65,44,0,0,40.1055
0,66,44,0,0,40.1024
0,67,44,0,0,40.0993
0,68,44,0,0,40.0961
0,69,44,0,0,40.0929
0,70,44,0,0,40.0896
0,71,44,0,0,40.0863
0,72,44,0,0,40.083
0,73,44,0,0,40.0797
0,74,44,0,0,40.0764
0,75,44,0,0,40.0731
0,76,44,0,0,40.0699
0,77,44,0,0,40.0668
0,78,44,0,0,40.0638
0,79,44,0,0,40.0609
0,80,44,0,0,40.0584
0,81,44,0,0,40.0561
0,82,44,0,0,40.0542
0,83,44,0,0,40.0527
0,84,44,0,0,40.0518
0,85,44,0,0,40.0515
0,86,44,0,0,40.0518
0,87,44,0,0,40.0528
0,88,44,0,0,40.0544
0,89,44,0,0,40.0567
0,90,44,0,0,40.0596
0,91,44,0,0,40.063
0,92,44,0,0,40.0667
0,93,44,0,0,40.0708
0,94,44,0,0,40.0751
0,95,44,0,0,40.0795
0,96,44,0,8.87836e-06,40.0839
0,97,44,0,0,40.0876
0,98,44,0,0,40.0911
0,99,44,0,0,40.0945
0,100,44,0,0,40.0978
0,101,44,0,0,40.1008
0,102,44,0,0,40.1036
0,103,44,0,0,40.1062
0,104,44,0,0,40.1085
0,105,44,0,0,40.1106
0,106,44,0,0,40.1125
0,107,44,0,0,40.1141
0,108,44,0,0,40.1156
0,109,44,0,0,40.1169
0,110,44,0,0,40.118
0,111,44,0,0,40.119
0,112,44,0,0,40.1198
0,113,44,0,0,40.1205
0,114,44,0,0,40.121
0,115,44,0,0,40.1215
0,116,44,0,0,40.1219
0,117,44,0,0,40.1222
0,118,44,0,0,40.1225
0,119,44,0,0,40.1227
0,120,44,0,0,40.1229
0,121,44,0,0,40.123
0,122,44,0,0,40.1231
0,123,44,0,0,40.1232
0,124,44,0,0,40.1232
0,125,44,0,0,40.1233
0,126,44,0,0,40.1233
0,127,44,0,0,40.1233
0,0,45,0,8.87836e-06,40.2106
0,1,45,0,0,40.2098
0,2,45,0,0,40.209
0,3,45,0,0,40.2081
0,4,45,0,0,40.2071
0,5,45,0,0,40.2062
0,6,45,0,0,40.2052
0,7,45,0,0,40.2041
0,8,45,0,0,40.203
0,9,45,0,0,40.2018
0,10,45,0,0,40.2007
0,11,45,0,0,40.1994
0,12,45,0,0,40.1982
0,13,45,0,0,40.1969
0,14,45,0,0,40.1955
0,15,45,0,0,40.1942
0,16,45,0,0,40.1928
0,17,45,0,0,40.1914
0,18,45,0,0,40.1899
0,19,45,0,0,40.1884
0,20,45,0,0,40.1869
0,21,45,0,0,40.1854
0,22,45,0,0,40.1839
0,23,45,0,0,40.1824
0,24,45,0,0,40.1808
0,25,45,0,0,40.1793
0,26,45,0,0,40.1778
0,27,45,0,0,40.1762
0,28,45,0,0,40.1747
0,29,45,0,0,40.1732
0,30,45,0,0,40.1717
0,31,45,0,0,40.1702
0,32,45,0,8.87836e-06,40.1687
0,33,45,0,0,40.1665
0,34,45,0,0,40.1643
0,35,45,0,0,40.1622
0,36,45,0,0,40.16
0,37,45,0,0,40.1579
0,38,45,0,0,40.1558
0,39,45,0,0,40.1538
0,40,45,0,0,40.1517
0,41,45,0,0,40.1497
0,42,45,0,0,40.1477
0,43,45,0,0,40.1457
0,44,45,0,0,40.1437
0,45,45,0,0,40.1418
0,46,45,0,0,40.1398
0,47,45,0,0,40.1379
0,48,45,0,0,40.136
0,49,45,0,0,40.1341
0,50,45,0,0,40.1322
0,51,45,0,0,40.1303
0,52,45,0,0,40.1284
0,53,45,0,0,40.1265
0,54,45,0,0,40.1246
0,55,45,0,0,40.1227
0,56,45,0,0,40.1208
0,57,45,0,0,40.119
0,58,45,0,0,40.1171
0,59,45,0,0,40.1152
0,60,45,0,0,40.1132
0,61,45,0,0,40.1113
0,62,45,0,0,40.1094
0,63,45,0,0,40.1074
0,64,45,0,8.87836e-06,40.1055
0,65,45,0,0,40.1028
0,66,45,0,0,40.1001
0,67,45,0,0,40.0974
0,68,45,0,0,40.0946
0,69,45,0,0,40.0919
0,70,45,0,0,40.0892
0,71,45,0,0,40.0864
0,72,45,0,0,40.0837
0,73,45,0,0,40.081
0,74,45,0,0,40.0784
0,75,45,0,0,40.0758
0,76,45,0,0,40.0734
0,77,45,0,0,40.071
0,78,45,0,0,40.0689
0,79,45,0,0,40.0669
0,80,45,0,0,40.0652
0,81,45,0,0,40.0637
0,82,45,0,0,40.0627
0,83,45,0,0,40.062
0,84,45,0,0,40.0618
0,85,45,0,0,40.0621
0,86,45,0,0,40.063
0,87,45,0,0,40.0643
0,88,45,0,0,40.0662
0,89,45,0,0,40.0686
0,90,45,0,0,40.0714
0,91,45,0,0,40.0746
0,92,45,0,0,40.0781
0,93,45,0,0,40.0819
0,94,45,0,0,40.0857
0,95,45,0,0,40.0897
0,96,45,0,8.87836e-06,40.0936
0,97,45,0,0,40.0967
0,98,45,0,0,40.0998
0,99,45,0,0,40.1027
0,100,45,0,0,40.1053
0,101,45,0,0,40.1078
0,102,45,0,0,40.1101
0,103,45,0,0,40.1121
0,104,45,0,0,40.1139
0,105,45,0,0,40.1155
0,106,45,0,0,40.1169
0,107,45,0,0,40.1181
0,108,45,0,0,40.1191
0,109,45,0,0,40.1199
0,110,45,0,0,40.1206
0,111,45,0,0,40.1212
0,112,45,0,0,40.1216
0,113,45,0,0,40.1219
0,114,45,0,0,40.1222
0,115,45,0,0,40.1224
0,116,45,0,0,40.1225
0,117,45,0,0,40.1225
0,118,45,0,0,40.1226
0,119,45,0,0,40.1226
0,120,45,0,0,40.1225
0,121,45,0,0,40.1225
0,122,45,0,0,40.1225
0,123,45,0,0,40.1224
0,124,45,0,0,40.1224
0,125,45,0,0,40.1223
0,126,45,0,0,40.1223
0,127,45,0,0,40.1222
0,0,46,0,8.87836e-06,40.1987
0,1,46,0,0,40.1979
0,2,46,0,0,40.1971
0,3,46,0,0,40.1962
0,4,46,0,0,40.1953
0,5,46,0,0,40.1944
0,6,46,0,0,40.1934
0,7,46,0,0,40.1924
0,8,46,0,0,40.1914
0,9,46,0,0,40.1903
0,10,46,0,0,40.1892
0,11,46,0,0,40.1881
0,12,46,0,0,40.1869
0,13,46,0,0,40.1857
0,14,46,0,0,40.1845
0,15,46,0,0,40.1832
0,16,46,0,0,40.1819
0,17,46,0,0,40.1806
0,18,46,0,0,40.1793
0,19,46,0,0,40.1779
0,20,46,0,0,40.1766
0,21,46,0,0,40.1752
0,22,46,0,0,40.1738
0,23,46,0,0,40.1724
0,24,46,0,0,40.171
0,25,46,0,0,40.1696
0,26,46,0,0,40.1682
0,27,46,0,0,40.1668
0,28,46,0,0,40.1654
0,29,46,0,0,40.164
0,30,46,0,0,40.1627
0,31,46,0,0,40.1613
0,32,46,0,8.87836e-06,40.16
0,33,46,0,0,40.1579
0,34,46,0,0,40.1559
0,35,46,0,0,40.1539
0,36,46,0,0,40.1519
0,37,46,0,0,40.1499
0,38,46,0,0,40.148
0,39,46,0,0,40.1461
0,40,46,0,0,40.1442
0,41,46,0,0,40.1423
0,42,46,0,0,40.1405
0,43,46,0,0,40.1386
0,44,46,0,0,40.1368
0,45,46,0,0,40.135
0,46,46,0,0,40.1332
0,47,46,0,0,40.1314
0,48,46,0,0,40.1297
0,49,46,0,0,40.1279
0,50,46,0,0,40.1262
0,51,46,0,0,40.1245
0,52,46,0,0,40.1228
0,53,46,0,0,40.1211
0,54,46,0,0,40.1194
0,55,46,0,0,40.1178
0,56,46,0,0,40.1161
0,57,46,0,0,40.1145
0,58,46,0,0,40.1128
0,59,46,0,0,40.1112
0,60,46,0,0,40.1095
0,61,46,0,0,40.1079
0,62,46,0,0,40.1063
0,63,46,0,0,40.1047
0,64,46,0,8.87836e-06,40.1031
0,65,46,0,0,40.1007
0,66,46,0,0,40.0984
0,67,46,0,0,40.0961
0,68,46,0,0,40.0939
0,69,46,0,0,40.0916
0,70,46,0,0,40.0894
0,71,46,0,0,40.0872
0,72,46,0,0,40.0851
0,73,46,0,0,40.083
0,74,46,0,0,40.0811
0,75,46,0,0,40.0792
0,76,46,0,0,40.0775
0,77,46,0,0,40.0759
0,78,46,0,0,40.0745
0,79,46,0,0,40.0734
0,80,46,0,0,40.0725
0,81,46,0,0,40.0719
0,82,46,0,0,40.0716
0,83,46,0,0,40.0717
0,84,46,0,0,40.0722
0,85,46,0,0,40.0731
0,86,46,0,0,40.0744
0,87,46,0,0,40.0762
0,88,46,0,0,40.0784
0,89,46,0,0,40.0809
0,90,46,0,0,40.0838
0,91,46,0,0,40.087
0,92,46,0,0,40.0904
0,93,46,0,0,40.0939
0,94,46,0,0,40.0974
0,95,46,0,0,40.101
0,96,46,0,8.87836e-06,40.1046
0,97,46,0,0,40.1073
0,98,46,0,0,40.1098
0,99,46,0,0,40.1122
0,100,46,0,0,40.1143
0,101,46,0,0,40.1162
0,102,46,0,0,40.1179
0,103,46,0,0,40.1194
0,104,46,0,0,40.1207
0,105,46,0,0,40.1217
0,106,46,0,0,40.1225
0,107,46,0,0,40.1232
0,108,46,0,0,40.1236
0,109,46,0,0,40.124
0,110,46,0,0,40.1242
0,111,46,0,0,40.1243
0,112,46,0,0,40.1243
0,113,46,0,0,40.1243
0,114,46,0,0,40.1241
0,115,46,0,0,40.124
0,116,46,0,0,40.1238
0,117,46,0,0,40.1235
0,118,46,0,0,40.1233
0,119,46,0,0,40.1231
0,120,46,0,0,40.1228
0,121,46,0,0,40.1226
0,122,46,0,0,40.1224
0,123,46,0,0,40.1222
0,124,46,0,0,40.122
0,125,46,0,0,40.1219
0,126,46,0,0,40.1218
0,127,46,0,0,40.1217
0,0,47,0,8.87836e-06,40.1878
0,1,47,0,0,40.187
0,2,47,0,0,40.1862
0,3,47,0,0,40.1853
0,4,47,0,0,40.1845
0,5,47,0,0,40.1836
0,6,47,0,0,40.1827
0,7,47,0,0,40.1817
0,8,47,0,0,40.1808
0,9,47,0,0,40.1798
0,10,47,0,0,40.1787
0,11,47,0,0,40.1777
0,12,47,0,0,40.1766
0,13,47,0,0,40.1755
0,14,47,0,0,40.1743
0,15,47,0,0,40.1732
0,16,47,0,0,40.172
0,17,47,0,0,40.1708
0,18,47,0,0,40.1695
0,19,47,0,0,40.1683
0,20,47,0,0,40.167
0,21,47,0,0,40.1658
0,22,47,0,0,40.1645
0,23,47,0,0,40.1632
0,24,47,0,0,40.1619
0,25,47,0,0,40.1607
0,26,47,0,0,40.1594
0,27,47,0,0,40.1581
0,28,47,0,0,40.1569
0,29,47,0,0,40.1556
0,30,47,0,0,40.1544
0,31,47,0,0,40.1531
0,32,47,0,8.87836e-06,40.1519
0,33,47,0,0,40.15
0,34,47,0,0,40.1481
0,35,47,0,0,40.1463
0,36,47,0,0,40.1444
0,37,47,0,0,40.1426
0,38,47,0,0,40.1408
0,39,47,0,0,40.139
0,40,47,0,0,40.1373
0,41,47,0,0,40.1355
0,42,47,0,0,40.1338
0,43,47,0,0,40.1321
0,44,47,0,0,40.1304
0,45,47,0,0,40.1288
0,46,47,0,0,40.1272
0,47,47,0,0,40.1256
0,48,47,0,0,40.124
0,49,47,0,0,40.1224
0,50,47,0,0,40.1208
0,51,47,0,0,40.1193
0,52,47,0,0,40.1178
0,53,47,0,0,40.1163
0,54,47,0,0,40.1148
0,55,47,0,0,40.1134
0,56,47,0,0,40.1119
0,57,47,0,0,40.1105
0,58,47,0,0,40.1091
0,59,47,0,0,40.1077
0,60,47,0,0,40.1064
0,61,47,0,0,40.105
0,62,47,0,0,40.1037
0,63,47,0,0,40.1024
0,64,47,0,8.87836e-06,40.1012
0,65,47,0,0,40.0992
0,66,47,0,0,40.0973
0,67,47,0,0,40.0955
0,68,47,0,0,40.0936
0,69,47,0,0,40.0919
0,70,47,0,0,40.0902
0,71,47,0,0,40.0886
0,72,47,0,0,40.087
0,73,47,0,0,40.0856
0,74,47,0,0,40.0843
0,75,47,0,0,40.0831
0,76,47,0,0,40.0821
0,77,47,0,0,40.0813
0,78,47,0,0,40.0806
0,79,47,0,0,40.0803
0,80,47,0,0,40.0801
0,81,47,0,0,40.0803
0,82,47,0,0,40.0808
0,83,47,0,0,40.0816
0,84,47,0,0,40.0828
0,85,47,0,0,40.0843
0,86,47,0,0,40.0862
0,87,47,0,0,40.0884
0,88,47,0,0,40.0909
0,89,47,0,0,40.0938
0,90,47,0,0,40.0968
0,91,47,0,0,40.1001
0,92,47,0,0,40.1034
0,93,47,0,0,40.1068
0,94,47,0,0,40.1102
0,95,47,0,0,40.1136
0,96,47,0,8.87836e-06,40.1168
0,97,47,0,0,40.1191
0,98,47,0,0,40.1212
0,99,47,0,0,40.1231
0,100,47,0,0,40.1247
0,101,47,0,0,40.126
0,102,47,0,0,40.1271
0,103,47,0,0,40.128
0,104,47,0,0,40.1286
0,105,47,0,0,40.129
0,106,47,0,0,40.1293
0,107,47,0,0,40.1293
0,108,47,0,0,40.1292
0,109,47,0,0,40.129
0,110,47,0,0,40.1287
0,111,47,0,0,40.1283
0,112,47,0,0,40.1278
0,113,47,0,0,40.1273
0,114,47,0,0,40.1268
0,115,47,0,0,40.1263
0,116,47,0,0,40.1257
0,117,47,0,0,40.1252
0,118,47,0,0,40.1247
0,119,47,0,0,40.1242
0,120,47,0,0,40.1237
0,121,47,0,0,40.1233
0,122,47,0,0,40.1229
0,123,47,0,0,40.1226
0,124,47,0,0,40.1223
0,125,47,0,0,40.122
0,126,47,0,0,40.1219
0,127,47,0,0,40.1217
0,0,48,0,8.87836e-06,40.1777
0,1,48,0,0,40.177
0,2,48,0,0,40.1762
0,3,48,0,0,40.1754
0,4,48,0,0,40.1745
0,5,48,0,0,40.1737
0,6,48,0,0,40.1728
0,7,48,0,0,40.1719
0,8,48,0,0,40.171
0,9,48,0,0,40.1701
0,10,48,0,0,40.1691
0,11,48,0,0,40.1681
0,12,48,0,0,40.1671
0,13,48,0,0,40.166
0,14,48,0,0,40.165
0,15,48,0,0,40.1639
0,16,48,0,0,40.1628
0,17,48,0,0,40.1617
0,18,48,0,0,40.1606
0,19,48,0,0,40.1594
0,20,48,0,0,40.1583
0,21,48,0,0,40.1571
0,22,48,0,0,40.1559
0,23,48,0,0,40.1548
0,24,48,0,0,40.1536
0,25,48,0,0,40.1524
0,26,48,0,0,40.1513
0,27,48,0,0,40.1501
0,28,48,0,0,40.149
0,29,48,0,0,40.1478
0,30,48,0,0,40.1467
0,31,48,0,0,40.1456
0,32,48,0,8.87836e-06,40.1446
0,33,48,0,0,40.1428
0,34,48,0,0,40.141
0,35,48,0,0,40.1393
0,36,48,0,0,40.1375
0,37,48,0,0,40.1358
0,38,48,0,0,40.1342
0,39,48,0,0,40.1325
0,40,48,0,0,40.1309
0,41,48,0,0,40.1293
0,42,48,0,0,40.1277
0,43,48,0,0,40.1262
0,44,48,0,0,40.1247
0,45,48,0,0,40.1231
0,46,48,0,0,40.1217
0,47,48,0,0,40.1202
0,48,48,0,0,40.1188
0,49,48,0,0,40.1174
0,50,48,0,0,40.116
0,51,48,0,0,40.1146
0,52,48,0,0,40.1133
0,53,48,0,0,40.112
0,54,48,0,0,40.1107
0,55,48,0,0,40.1095
0,56,48,0,0,40.1083
0,57,48,0,0,40.1071
0,58,48,0,0,40.1059
0,59,48,0,0,40.1048
0,60,48,0,0,40.1037
0,61,48,0,0,40.1026
0,62,48,0,0,40.1016
0,63,48,0,0,40.1007
0,64,48,0,8.87836e-06,40.0998
0,65,48,0,0,40.0982
0,66,48,0,0,40.0967
0,67,48,0,0,40.0953
0,68,48,0,0,40.0939
0,69,48,0,0,40.0926
0,70,48,0,0,40.0915
0,71,48,0,0,40.0904
0,72,48,0,0,40.0894
0,73,48,0,0,40.0886
0,74,48,0,0,40.0879
0,75,48,0,0,40.0874
0,76,48,0,0,40.0871
0,77,48,0,0,40.0869
0,78,48,0,0,40.0871
0,79,48,0,0,40.0874
0,80,48,0,0,40.088
0,81,48,0,0,40.0889
0,82,48,0,0,40.0902
0,83,48,0,0,40.0917
0,84,48,0,0,40.0935
0,85,48,0,0,40.0957
0,86,48,0,0,40.0982
0,87,48,0,0,40.1009
0,88,48,0,0,40.1039
0,89,48,0,0,40.1071
0,90,48,0,0,40.1105
0,91,48,0,0,40.1139
0,92,48,0,0,40.1174
0,93,48,0,0,40.1208
0,94,48,0,0,40.1242
0,95,48,0,0,40.1274
0,96,48,0,8.87836e-06,40.1303
0,97,48,0,0,40.1323
0,98,48,0,0,40.134
0,99,48,0,0,40.1354
0,100,48,0,0,40.1364
0,101,48,0,0,40.1372
0,102,48,0,0,40.1377
0,103,48,0,0,40.1379
0,104,48,0,0,40.1378
0,105,48,0,0,40.1376
0,106,48,0,0,40.1371
0,107,48,0,0,40.1365
0,108,48,0,0,40.1358
0,109,48,0,0,40.135
0,110,48,0,0,40.1341
0,111,48,0,0,40.1331
0,112,48,0,0,40.1321
0,113,48,0,0,40.1312
0,114,48,0,0,40.1302
0,115,48,0,0,40.1292
0,116,48,0,0,40.1283
0,117,48,0,0,40.1274
0,118,48,0,0,40.1266
0,119,48,0,0,40.1258
0,120,48,0,0,40.1251
0,121,48,0,0,40.1244
0,122,48,0,0,40.1239
0,123,48,0,0,40.1234
0,124,48,0,0,40.1229
0,125,48,0,0,40.1226
0,126,48,0,0,40.1224
0,127,48,0,0,40.1222
0,0,49,0,8.87836e-06,40.1685
0,1,49,0,0,40.1678
0,2,49,0,0,40.167
0,3,49,0,0,40.1662
0,4,49,0,0,40.1654
0,5,49,0,0,40.1646
0,6,49,0,0,40.1638
0,7,49,0,0,40.1629
0,8,49,0,0,40.1621
0,9,49,0,0,40.1612
0,10,49,0,0,40.1603
0,11,49,0,0,40.1593
0,12,49,0,0,40.1584
0,13,49,0,0,40.1574
0,14,49,0,0,40.1564
0,15,49,0,0,40.1554
0,16,49,0,0,40.1544
0,17,49,0,0,40.1534
0,18,49,0,0,40.1523
0,19,49,0,0,40.1513
0,20,49,0,0,40.1502
0,21,49,0,0,40.1492
0,22,49,0,0,40.1481
0,23,49,0,0,40.147
0,24,49,0,0,40.146
0,25,49,0,0,40.1449
0,26,49,0,0,40.1438
0,27,49,0,0,40.1428
0,28,49,0,0,40.1418
0,29,49,0,0,40.1407
0,30,49,0,0,40.1397
0,31,49,0,0,40.1387
0,32,49,0,8.87836e-06,40.1378
0,33,49,0,0,40.1361
0,34,49,0,0,40.1345
0,35,49,0,0,40.1328
0,36,49,0,0,40.1312
0,37,49,0,0,40.1297
0,38,49,0,0,40.1281
0,39,49,0,0,40.1266
0,40,49,0,0,40.1251
0,41,49,0,0,40.1236
0,42,49,0,0,40.1222
0,43,49,0,0,40.1208
0,44,49,0,0,40.1194
0,45,49,0,0,40.118
0,46,49,0,0,40.1167
0,47,49,0,0,40.1154
0,48,49,0,0,40.1141
0,49,49,0,0,40.1128
0,50,49,0,0,40.1116
0,51,49,0,0,40.1104
0,52,49,0,0,40.1093
0,53,49,0,0,40.1082
0,54,49,0,0,40.1071
0,55,49,0,0,40.106
0,56,49,0,0,40.105
0,57,49,0,0,40.1041
0,58,49,0,0,40.1032
0,59,49,0,0,40.1023
0,60,49,0,0,40.1015
0,61,49,0,0,40.1007
0,62,49,0,0,40.1
0,63,49,0,0,40.0994
0,64,49,0,8.87836e-06,40.0988
0,65,49,0,0,40.0976
0,66,49,0,0,40.0965
0,67,49,0,0,40.0955
0,68,49,0,0,40.0946
0,69,49,0,0,40.0938
0,70,49,0,0,40.0931
0,71,49,0,0,40.0925
0,72,49,0,0,40.0921
0,73,49,0,0,40.0919
0,74,49,0,0,40.0918
0,75,49,0,0,40.0919
0,76,49,0,0,40.0923
0,77,49,0,0,40.0928
0,78,49,0,0,40.0937
0,79,49,0,0,40.0947
0,80,49,0,0,40.0961
0,81,49,0,0,40.0978
0,82,49,0,0,40.0997
0,83,49,0,0,40.102
0,84,49,0,0,40.1045
0,85,49,0,0,40.1074
0,86,49,0,0,40.1105
0,87,49,0,0,40.1139
0,88,49,0,0,40.1174
0,89,49,0,0,40.1211
0,90,49,0,0,40.1249
0,91,49,0,0,40.1287
0,92,49,0,0,40.1324
0,93,49,0,0,40.136
0,94,49,0,0,40.1394
0,95,49,0,0,40.1425
0,96,49,0,8.87836e-06,40.1453
0,97,49,0,0,40.147
0,98,49,0,0,40.1483
0,99,49,0,0,40.1492
0,100,49,0,0,40.1497
0,101,49,0,0,40.1499
0,102,49,0,0,40.1496
0,103,49,0,0,40.1491
0,104,49,0,0,40.1483
0,105,49,0,0,40.1473
0,106,49,0,0,40.1461
0,107,49,0,0,40.1448
0,108,49,0,0,40.1433
0,109,49,0,0,40.1418
0,110,49,0,0,40.1402
0,111,49,0,0,40.1387
0,112,49,0,0,40.1371
0,113,49,0,0,40.1356
0,114,49,0,0,40.1341
0,115,49,0,0,40.1327
0,116,49,0,0,40.1314
0,117,49,0,0,40.1301
0,118,49,0,0,40.129
0,119,49,0,0,40.1279
0,120,49,0,0,40.1269
0,121,49,0,0,40.126
0,122,49,0,0,40.1253
0,123,49,0,0,40.1246
0,124,49,0,0,40.124
0,125,49,0,0,40.1236
0,126,49,0,0,40.1232
0,127,49,0,0,40.123
0,0,50,0,8.87836e-06,40.1602
0,1,50,0,0,40.1594
0,2,50,0,0,40.1587
0,3,50,0,0,40.1579
0,4,50,0,0,40.1571
0,5,50,0,0,40.1563
0,6,50,0,0,40.1555
0,7,50,0,0,40.1547
0,8,50,0,0,40.1539
0,9,50,0,0,40.1531
0,10,50,0,0,40.1522
0,11,50,0,0,40.1513
0,12,50,0,0,40.1504
0,13,50,0,0,40.1495
0,14,50,0,0,40.1486
0,15,50,0,0,40.1477
0,16,50,0,0,40.1467
0,17,50,0,0,40.1458
0,18,50,0,0,40.1448
0,19,50,0,0,40.1438
0,20,50,0,0,40.1429
0,21,50,0,0,40.1419
0,22,50,0,0,40.1409
0,23,50,0,0,40.1399
0,24,50,0,0,40.139
0,25,50,0,0,40.138
0,26,50,0,0,40.137
0,27,50,0,0,40.1361
0,28,50,0,0,40.1351
0,29,50,0,0,40.1342
0,30,50,0,0,40.1333
0,31,50,0,0,40.1324
0,32,50,0,8.87836e-06,40.1316
0,33,50,0,0,40.13
0,34,50,0,0,40.1285
0,35,50,0,0,40.127
0,36,50,0,0,40.1255
0,37,50,0,0,40.124
0,38,50,0,0,40.1226
0,39,50,0,0,40.1212
0,40,50,0,0,40.1198
0,41,50,0,0,40.1184
0,42,50,0,0,40.1171
0,43,50,0,0,40.1158
0,44,50,0,0,40.1146
0,45,50,0,0,40.1133
0,46,50,0,0,40.1121
0,47,50,0,0,40.111
0,48,50,0,0,40.1099
0,49,50,0,0,40.1088
0,50,50,0,0,40.1077
0,51,50,0,0,40.1067
0,52,50,0,0,40.1057
0,53,50,0,0,40.1048
0,54,50,0,0,40.1039
0,55,50,0,0,40.103
0,56,50,0,0,40.1022
0,57,50,0,0,40.1015
0,58,50,0,0,40.1008
0,59,50,0,0,40.1002
0,60,50,0,0,40.0996
0,61,50,0,0,40.0992
0,62,50,0,0,40.0988
0,63,50,0,0,40.0984
0,64,50,0,8.87836e-06,40.0982
0,65,50,0,0,40.0974
0,66,50,0,0,40.0966
0,67,50,0,0,40.096
0,68,50,0,0,40.0955
0,69,50,0,0,40.0952
0,70,50,0,0,40.095
0,71,50,0,0,40.0949
0,72,50,0,0,40.0951
0,73,50,0,0,40.0954
0,74,50,0,0,40.0959
0,75,50,0,0,40.0967
0,76,50,0,0,40.0976
0,77,50,0,0,40.0989
0,78,50,0,0,40.1004
0,79,50,0,0,40.1022
0,80,50,0,0,40.1043
0,81,50,0,0,40.1067
0,82,50,0,0,40.1094
0,83,50,0,0,40.1124
0,84,50,0,0,40.1158
0,85,50,0,0,40.1194
0,86,50,0,0,40.1232
0,87,50,0,0,40.1273
0,88,50,0,0,40.1315
0,89,50,0,0,40.1358
0,90,50,0,0,40.1402
0,91,50,0,0,40.1445
0,92,50,0,0,40.1486
0,93,50,0,0,40.1525
0,94,50,0,0,40.1561
0,95,50,0,0,40.1593
0,96,50,0,8.87836e-06,40.162
0,97,50,0,0,40.1635
0,98,50,0,0,40.1644
0,99,50,0,0,40.1648
0,100,50,0,0,40.1647
0,101,50,0,0,40.1641
0,102,50,0,0,40.1631
0,103,50,0,0,40.1617
0,104,50,0,0,40.1601
0,105,50,0,0,40.1582
0,106,50,0,0,40.1561
0,107,50,0,0,40.154
0,108,50,0,0,40.1517
0,109,50,0,0,40.1494
0,110,50,0,0,40.1472
0,111,50,0,0,40.1449
0,112,50,0,0,40.1428
0,113,50,0,0,40.1407
0,114,50,0,0,40.1387
0,115,50,0,0,40.1368
0,116,50,0,0,40.135
0,117,50,0,0,40.1333
0,118,50,0,0,40.1318
0,119,50,0,0,40.1304
0,120,50,0,0,40.1291
0,121,50,0,0,40.128
0,122,50,0,0,40.127
0,123,50,0,0,40.1262
0,124,50,0,0,40.1255
0,125,50,0,0,40.1249
0,126,50,0,0,40.1245
0,127,50,0,0,40.1242
0,0,51,0,8.87836e-06,40.1525
0,1,51,0,0,40.1518
0,2,51,0,0,40.151
0,3,51,0,0,40.1503
0,4,51,0,0,40.1496
0,5,51,0,0,40.1488
0,6,51,0,0,40.148
0,7,51,0,0,40.1472
0,8,51,0,0,40.1465
0,9,51,0,0,40.1457
0,10,51,0,0,40.1448
0,11,51,0,0,40.144
0,12,51,0,0,40.1432
0,13,51,0,0,40.1423
0,14,51,0,0,40.1415
0,15,51,0,0,40.1406
0,16,51,0,0,40.1397
0,17,51,0,0,40.1388
0,18,51,0,0,40.138
0,19,51,0,0,40.1371
0,20,51,0,0,40.1362
0,21,51,0,0,40.1353
0,22,51,0,0,40.1344
0,23,51,0,0,40.1335
0,24,51,0,0,40.1326
0,25,51,0,0,40.1317
0,26,51,0,0,40.1308
0,27,51,0,0,40.13
0,28,51,0,0,40.1291
0,29,51,0,0,40.1283
0,30,51,0,0,40.1275
0,31,51,0,0,40.1267
0,32,51,0,8.87836e-06,40.1259
0,33,51,0,0,40.1245
0,34,51,0,0,40.123
0,35,51,0,0,40.1216
0,36,51,0,0,40.1202
0,37,51,0,0,40.1189
0,38,51,0,0,40.1175
0,39,51,0,0,40.1162
0,40,51,0,0,40.115
0,41,51,0,0,40.1137
0,42,51,0,0,40.1125
0,43,51,0,0,40.1114
0,44,51,0,0,40.1102
0,45,51,0,0,40.1091
0,46,51,0,0,40.1081
0,47,51,0,0,40.107
0,48,51,0,0,40.106
0,49,51,0,0,40.1051
0,50,51,0,0,40.1042
0,51,51,0,0,40.1033
0,52,51,0,0,40.1025
0,53,51,0,0,40.1017
0,54,51,0,0,40.101
0,55,51,0,0,40.1004
0,56,51,0,0,40.0998
0,57,51,0,0,40.0993
0,58,51,0,0,40.0988
0,59,51,0,0,40.0984
0,60,51,0,0,40.0981
0,61,51,0,0,40.0979
0,62,51,0,0,40.0978
0,63,51,0,0,40.0978
0,64,51,0,8.87836e-06,40.0979
0,65,51,0,0,40.0974
0,66,51,0,0,40.097
0,67,51,0,0,40.0968
0,68,51,0,0,40.0967
0,69,51,0,0,40.0968
0,70,51,0,0,40.0971
0,71,51,0,0,40.0975
0,72,51,0,0,40.0982
0,73,51,0,0,40.099
0,74,51,0,0,40.1001
0,75,51,0,0,40.1015
0,76,51,0,0,40.1031
0,77,51,0,0,40.105
0,78,51,0,0,40.1072
0,79,51,0,0,40.1097
0,80,51,0,0,40.1125
0,81,51,0,0,40.1157
0,82,51,0,0,40.1192
0,83,51,0,0,40.123
0,84,51,0,0,40.1272
0,85,51,0,0,40.1316
0,86,51,0,0,40.1363
0,87,51,0,0,40.1412
0,88,51,0,0,40.1463
0,89,51,0,0,40.1514
0,90,51,0,0,40.1565
0,91,51,0,0,40.1615
0,92,51,0,0,40.1663
0,93,51,0,0,40.1707
0,94,51,0,0,40.1746
0,95,51,0,0,40.178
0,96,51,0,8.87836e-06,40.1807
0,97,51,0,0,40.182
0,98,51,0,0,40.1825
0,99,51,0,0,40.1824
0,100,51,0,0,40.1815
0,101,51,0,0,40.1801
0,102,51,0,0,40.1782
0,103,51,0,0,40.1759
0,104,51,0,0,40.1732
0,105,51,0,0,40.1703
0,106,51,0,0,40.1673
0,107,51,0,0,40.1641
0,108,51,0,0,40.161
0,109,51,0,0,40.1579
0,110,51,0,0,40.1548
0,111,51,0,0,40.1518
0,112,51,0,0,40.1489
0,113,51,0,0,40.1462
0,114,51,0,0,40.1436
0,115,51,0,0,40.1412
0,116,51,0,0,40.139
0,117,51,0,0,40.1369
0,118,51,0,0,40.135
0,119,51,0,0,40.1332
0,120,51,0,0,40.1317
0,121,51,0,0,40.1303
0,122,51,0,0,40.1291
0,123,51,0,0,40.128
0,124,51,0,0,40.1272
0,125,51,0,0,40.1265
0,126,51,0,0,40.126
0,127,51,0,0,40.1256
0,0,52,0,8.87836e-06,40.1456
0,1,52,0,0,40.1449
0,2,52,0,0,40.1441
0,3,52,0,0,40.1434
0,4,52,0,0,40.1427
0,5,52,0,0,40.1419
0,6,52,0,0,40.1412
0,7,52,0,0,40.1405
0,8,52,0,0,40.1397
0,9,52,0,0,40.1389
0,10,52,0,0,40.1382
0,11,52,0,0,40.1374
0,12,52,0,0,40.1366
0,13,52,0,0,40.1358
0,14,52,0,0,40.135
0,15,52,0,0,40.1342
0,16,52,0,0,40.1334
0,17,52,0,0,40.1325
0,18,52,0,0,40.1317
0,19,52,0,0,40.1309
0,20,52,0,0,40.1301
0,21,52,0,0,40.1292
0,22,52,0,0,40.1284
0,23,52,0,0,40.1276
0,24,52,0,0,40.1268
0,25,52,0,0,40.126
0,26,52,0,0,40.1252
0,27,52,0,0,40.1244
0,28,52,0,0,40.1236
0,29,52,0,0,40.1229
0,30,52,0,0,40.1222
0,31,52,0,0,40.1215
0,32,52,0,8.87836e-06,40.1208
0,33,52,0,0,40.1194
0,34,52,0,0,40.1181
0,35,52,0,0,40.1167
0,36,52,0,0,40.1155
0,37,52,0,0,40.1142
0,38,52,0,0,40.113
0,39,52,0,0,40.1118
0,40,52,0,0,40.1106
0,41,52,0,0,40.1095
0,42,52,0,0,40.1084
0,43,52,0,0,40.1073
0,44,52,0,0,40.1063
0,45,52,0,0,40.1053
0,46,52,0,0,40.1044
0,47,52,0,0,40.1035
0,48,52,0,0,40.1026
0,49,52,0,0,40.1018
0,50,52,0,0,40.1011
0,51,52,0,0,40.1003
0,52,52,0,0,40.0997
0,53,52,0,0,40.0991
0,54,52,0,0,40.0986
0,55,52,0,0,40.0981
0,56,52,0,0,40.0977
0,57,52,0,0,40.0974
0,58,52,0,0,40.0971
0,59,52,0,0,40.097
0,60,52,0,0,40.0969
0,61,52,0,0,40.097
0,62,52,0,0,40.0971
0,63,52,0,0,40.0974
0,64,52,0,8.87836e-06,40.0978
0,65,52,0,0,40.0977
0,66,52,0,0,40.0976
0,67,52,0,0,40.0978
0,68,52,0,0,40.0981
0,69,52,0,0,40.0986
0,70,52,0,0,40.0993
0,71,52,0,0,40.1002
0,72,52,0,0,40.1014
0,73,52,0,0,40.1028
0,74,52,0,0,40.1044
0,75,52,0,0,40.1063
0,76,52,0,0,40.1086
0,77,52,0,0,40.1111
0,78,52,0,0,40.114
0,79,52,0,0,40.1172
0,80,52,0,0,40.1208
0,81,52,0,0,40.1247
0,82,52,0,0,40.1291
0,83,52,0,0,40.1337
0,84,52,0,0,40.1388
0,85,52,0,0,40.1441
0,86,52,0,0,40.1498
0,87,52,0,0,40.1557
0,88,52,0,0,40.1617
0,89,52,0,0,40.1679
0,90,52,0,0,40.174
0,91,52,0,0,40.18
0,92,52,0,0,40.1856
0,93,52,0,0,40.1908
0,94,52,0,0,40.1953
0,95,52,0,0,40.199
0,96,52,0,8.87836e-06,40.2019
0,97,52,0,0,40.203
0,98,52,0,0,40.2031
0,99,52,0,0,40.2023
0,100,52,0,0,40.2006
0,101,52,0,0,40.1982
0,102,52,0,0,40.1951
0,103,52,0,0,40.1916
0,104,52,0,0,40.1877
0,105,52,0,0,40.1836
0,106,52,0,0,40.1794
0,107,52,0,0,40.1752
0,108,52,0,0,40.171
0,109,52,0,0,40.1669
0,110,52,0,0,40.163
0,111,52,0,0,40.1592
0,112,52,0,0,40.1556
0,113,52,0,0,40.1522
0,114,52,0,0,40.149
0,115,52,0,0,40.146
0,116,52,0,0,40.1433
0,117,52,0,0,40.1407
0,118,52,0,0,40.1384
0,119,52,0,0,40.1363
0,120,52,0,0,40.1345
0,121,52,0,0,40.1328
0,122,52,0,0,40.1314
0,123,52,0,0,40.1302
0,124,52,0,0,40.1291
0,125,52,0,0,40.1283
0,126,52,0,0,40.1277
0,127,52,0,0,40.1273
0,0,53,0,8.87836e-06,40.1393
0,1,53,0,0,40.1386
0,2,53,0,0,40.1379
0,3,53,0,0,40.1372
0,4,53,0,0,40.1365
0,5,53,0,0,40.1358
0,6,53,0,0,40.135
0,7,53,0,0,40.1343
0,8,53,0,0,40.1336
0,9,53,0,0,40.1329
0,10,53,0,0,40.1321
0,11,53,0,0,40.1314
0,12,53,0,0,40.1307
0,13,53,0,0,40.1299
0,14,53,0,0,40.1291
0,15,53,0,0,40.1284
0,16,53,0,0,40.1276
0,17,53,0,0,40.1269
0,18,53,0,0,40.1261
0,19,53,0,0,40.1253
0,20,53,0,0,40.1245
0,21,53,0,0,40.1238
0,22,53,0,0,40.123
0,23,53,0,0,40.1223
0,24,53,0,0,40.1215
0,25,53,0,0,40.1208
0,26,53,0,0,40.1201
0,27,53,0,0,40.1194
0,28,53,0,0,40.1187
0,29,53,0,0,40.118
0,30,53,0,0,40.1174
0,31,53,0,0,40.1167
0,32,53,0,8.87836e-06,40.1161
0,33,53,0,0,40.1148
0,34,53,0,0,40.1136
0,35,53,0,0,40.1123
0,36,53,0,0,40.1111
0,37,53,0,0,40.11
0,38,53,0,0,40.1088
0,39,53,0,0,40.1077
0,40,53,0,0,40.1067
0,41,53,0,0,40.1057
0,42,53,0,0,40.1047
0,43,53,0,0,40.1037
0,44,53,0,0,40.1028
0,45,53,0,0,40.1019
0,46,53,0,0,40.1011
0,47,53,0,0,40.1003
0,48,53,0,0,40.0996
0,49,53,0,0,40.0989
0,50,53,0,0,40.0983
0,51,53,0,0,40.0977
0,52,53,0,0,40.0972
0,53,53,0,0,40.0968
0,54,53,0,0,40.0964
0,55,53,0,0,40.0961
0,56,53,0,0,40.0959
0,57,53,0,0,40.0958
0,58,53,0,0,40.0957
0,59,53,0,0,40.0958
0,60,53,0,0,40.096
0,61,53,0,0,40.0963
0,62,53,0,0,40.0967
0,63,53,0,0,40.0972
0,64,53,0,8.87836e-06,40.098
0,65,53,0,0,40.0981
0,66,53,0,0,40.0984
0,67,53,0,0,40.0989
0,68,53,0,0,40.0996
0,69,53,0,0,40.1005
0,70,53,0,0,40.1016
0,71,53,0,0,40.103
0,72,53,0,0,40.1046
0,73,53,0,0,40.1065
0,74,53,0,0,40.1087
0,75,53,0,0,40.1112
0,76,53,0,0,40.114
0,77,53,0,0,40.1172
0,78,53,0,0,40.1207
0,79,53,0,0,40.1247
0,80,53,0,0,40.129
0,81,53,0,0,40.1337
0,82,53,0,0,40.1389
0,83,53,0,0,40.1445
0,84,53,0,0,40.1505
0,85,53,0,0,40.1569
0,86,53,0,0,40.1636
0,87,53,0,0,40.1707
0,88,53,0,0,40.178
0,89,53,0,0,40.1854
0,90,53,0,0,40.1928
0,91,53,0,0,40.2001
0,92,53,0,0,40.207
0,93,53,0,0,40.2133
0,94,53,0,0,40.2187
0,95,53,0,0,40.223
0,96,53,0,8.87836e-06,40.2261
0,97,53,0,0,40.2271
0,98,53,0,0,40.2268
0,99,53,0,0,40.2251
0,100,53,0,0,40.2223
0,101,53,0,0,40.2185
0,102,53,0,0,40.214
0,103,53,0,0,40.209
0,104,53,0,0,40.2037
0,105,53,0,0,40.1982
0,106,53,0,0,40.1926
0,107,53,0,0,40.1871
0,108,53,0,0,40.1818
0,109,53,0,0,40.1766
0,110,53,0,0,40.1717
0,111,53,0,0,40.167
0,112,53,0,0,40.1626
0,113,53,0,0,40.1584
0,114,53,0,0,40.1546
0,115,53,0,0,40.151
0,116,53,0,0,40.1478
0,117,53,0,0,40.1448
0,118,53,0,0,40.1421
0,119,53,0,0,40.1396
0,120,53,0,0,40.1374
0,121,53,0,0,40.1355
0,122,53,0,0,40.1338
0,123,53,0,0,40.1324
0,124,53,0,0,40.1312
0,125,53,0,0,40.1303
0,126,53,0,0,40.1296
0,127,53,0,0,40.1291
0,0,54,0,8.87836e-06,40.1337
0,1,54,0,0,40.133
0,2,54,0,0,40.1323
0,3,54,0,0,40.1316
0,4,54,0,0,40.1309
0,5,54,0,0,40.1302
0,6,54,0,0,40.1295
0,7,54,0,0,40.1288
0,8,54,0,0,40.1281
0,9,54,0,0,40.1274
0,10,54,0,0,40.1267
0,11,54,0,0,40.126
0,12,54,0,0,40.1253
0,13,54,0,0,40.1246
0,14,54,0,0,40.1239
0,15,54,0,0,40.1232
0,16,54,0,0,40.1224
0,17,54,0,0,40.1217
0,18,54,0,0,40.121
0,19,54,0,0,40.1203
0,20,54,0,0,40.1196
0,21,54,0,0,40.1189
0,22,54,0,0,40.1182
0,23,54,0,0,40.1175
0,24,54,0,0,40.1168
0,25,54,0,0,40.1161
0,26,54,0,0,40.1155
0,27,54,0,0,40.1148
0,28,54,0,0,40.1142
0,29,54,0,0,40.1136
0,30,54,0,0,40.113
0,31,54,0,0,40.1125
0,32,54,0,8.87836e-06,40.112
0,33,54,0,0,40.1107
0,34,54,0,0,40.1096
0,35,54,0,0,40.1084
0,36,54,0,0,40.1073
0,37,54,0,0,40.1062
0,38,54,0,0,40.1051
0,39,54,0,0,40.1041
0,40,54,0,0,40.1032
0,41,54,0,0,40.1022
0,42,54,0,0,40.1013
0,43,54,0,0,40.1005
0,44,54,0,0,40.0997
0,45,54,0,0,40.0989
0,46,54,0,0,40.0982
0,47,54,0,0,40.0975
0,48,54,0,0,40.0969
0,49,54,0,0,40.0963
0,50,54,0,0,40.0958
0,51,54,0,0,40.0954
0,52,54,0,0,40.095
0,53,54,0,0,40.0947
0,54,54,0,0,40.0945
0,55,54,0,0,40.0944
0,56,54,0,0,40.0943
0,57,54,0,0,40.0944
0,58,54,0,0,40.0946
0,59,54,0,0,40.0948
0,60,54,0,0,40.0952
0,61,54,0,0,40.0957
0,62,54,0,0,40.0964
0,63,54,0,0,40.0972
0,64,54,0,8.87836e-06,40.0982
0,65,54,0,0,40.0986
0,66,54,0,0,40.0993
0,67,54,0,0,40.1001
0,68,54,0,0,40.1011
0,69,54,0,0,40.1024
0,70,54,0,0,40.1039
0,71,54,0,0,40.1057
0,72,54,0,0,40.1078
0,73,54,0,0,40.1102
0,74,54,0,0,40.1129
0,75,54,0,0,40.1159
0,76,54,0,0,40.1193
0,77,54,0,0,40.1231
0,78,54,0,0,40.1273
0,79,54,0,0,40.132
0,80,54,0,0,40.137
0,81,54,0,0,40.1426
0,82,54,0,0,40.1487
0,83,54,0,0,40.1552
0,84,54,0,0,40.1622
0,85,54,0,0,40.1698
0,86,54,0,0,40.1778
0,87,54,0,0,40.1862
0,88,54,0,0,40.195
0,89,54,0,0,40.204
0,90,54,0,0,40.2131
0,91,54,0,0,40.2221
0,92,54,0,0,40.2307
0,93,54,0,0,40.2386
0,94,54,0,0,40.2454
0,95,54,0,0,40.2508
0,96,54,0,8.87836e-06,40.2544
0,97,54,0,0,40.2553
0,98,54,0,0,40.2542
0,99,54,0,0,40.2514
0,100,54,0,0,40.2471
0,101,54,0,0,40.2415
0,102,54,0,0,40.2352
0,103,54,0,0,40.2282
0,104,54,0,0,40.2211
0,105,54,0,0,40.2138
0,106,54,0,0,40.2067
0,107,54,0,0,40.1997
0,108,54,0,0,40.193
0,109,54,0,0,40.1867
0,110,54,0,0,40.1807
0,111,54,0,0,40.175
0,112,54,0,0,40.1698
0,113,54,0,0,40.1649
0,114,54,0,0,40.1604
0,115,54,0,0,40.1562
0,116,54,0,0,40.1524
0,117,54,0,0,40.149
0,118,54,0,0,40.1458
0,119,54,0,0,40.143
0,120,54,0,0,40.1405
0,121,54,0,0,40.1383
0,122,54,0,0,40.1364
0,123,54,0,0,40.1348
0,124,54,0,0,40.1335
0,125,54,0,0,40.1324
0,126,54,0,0,40.1316
0,127,54,0,0,40.1311
0,0,55,0,8.87836e-06,40.1287
0,1,55,0,0,40.1279
0,2,55,0,0,40.1273
0,3,55,0,0,40.1266
0,4,55,0,0,40.1259
0,5,55,0,0,40.1252
0,6,55,0,0,40.1245
0,7,55,0,0,40.1239
0,8,55,0,0,40.1232
0,9,55,0,0,40.1225
0,10,55,0,0,40.1219
0,11,55,0,0,40.1212
0,12,55,0,0,40.1205
0,13,55,0,0,40.1199
0,14,55,0,0,40.1192
0,15,55,0,0,40.1185
0,16,55,0,0,40.1178
0,17,55,0,0,40.1172
0,18,55,0,0,40.1165
0,19,55,0,0,40.1158
0,20,55,0,0,40.1152
0,21,55,0,0,40.1145
0,22,55,0,0,40.1138
0,23,55,0,0,40.1132
0,24,55,0,0,40.1126
0,25,55,0,0,40.112
0,26,55,0,0,40.1114
0,27,55,0,0,40.1108
0,28,55,0,0,40.1102
0,29,55,0,0,40.1097
0,30,55,0,0,40.1092
0,31,55,0,0,40.1087
0,32,55,0,8.87836e-06,40.1082
0,33,55,0,0,40.1071
0,34,55,0,0,40.106
0,35,55,0,0,40.1049
0,36,55,0,0,40.1038
0,37,55,0,0,40.1028
0,38,55,0,0,40.1018
0,39,55,0,0,40.1009
0,40,55,0,0,40.1
0,41,55,0,0,40.0992
0,42,55,0,0,40.0984
0,43,55,0,0,40.0976
0,44,55,0,0,40.0969
0,45,55,0,0,40.0962
0,46,55,0,0,40.0956
0,47,55,0,0,40.095
0,48,55,0,0,40.0945
0,49,55,0,0,40.0941
0,50,55,0,0,40.0937
0,51,55,0,0,40.0934
0,52,55,0,0,40.0931
0,53,55,0,0,40.093
0,54,55,0,0,40.0929
0,55,55,0,0,40.0929
0,56,55,0,0,40.093
0,57,55,0,0,40.0933
0,58,55,0,0,40.0936
0,59,55,0,0,40.0941
0,60,55,0,0,40.0946
0,61,55,0,0,40.0954
0,62,55,0,0,40.0963
0,63,55,0,0,40.0973
0,64,55,0,8.87836e-06,40.0986
0,65,55,0,0,40.0993
0,66,55,0,0,40.1002
0,67,55,0,0,40.1013
0,68,55,0,0,40.1027
0,69,55,0,0,40.1043
0,70,55,0,0,40.1062
0,71,55,0,0,40.1084
0,72,55,0,0,40.1109
0,73,55,0,0,40.1137
0,74,55,0,0,40.1169
0,75,55,0,0,40.1205
0,76,55,0,0,40.1244
0,77,55,0,0,40.1288
0,78,55,0,0,40.1337
0,79,55,0,0,40.139
0,80,55,0,0,40.1448
0,81,55,0,0,40.1512
0,82,55,0,0,40.1582
0,83,55,0,0,40.1657
0,84,55,0,0,40.1739
0,85,55,0,0,40.1826
0,86,55,0,0,40.192
0,87,55,0,0,40.202
0,88,55,0,0,40.2125
0,89,55,0,0,40.2235
0,90,55,0,0,40.2348
0,91,55,0,0,40.2461
0,92,55,0,0,40.2572
0,93,55,0,0,40.2675
0,94,55,0,0,40.2765
0,95,55,0,0,40.2835
0,96,55,0,8.87836e-06,40.2879
0,97,55,0,0,40.2887
0,98,55,0,0,40.2867
0,99,55,0,0,40.2821
0,100,55,0,0,40.2756
0,101,55,0,0,40.2675
0,102,55,0,0,40.2586
0,103,55,0,0,40.2492
0,104,55,0,0,40.2397
0,105,55,0,0,40.2304
0,106,55,0,0,40.2214
0,107,55,0,0,40.2128
0,108,55,0,0,40.2046
0,109,55,0,0,40.197
0,110,55,0,0,40.1898
0,111,55,0,0,40.1832
0,112,55,0,0,40.1771
0,113,55,0,0,40.1714
0,114,55,0,0,40.1662
0,115,55,0,0,40.1614
0,116,55,0,0,40.1571
0,117,55,0,0,40.1532
0,118,55,0,0,40.1496
0,119,55,0,0,40.1464
0,120,55,0,0,40.1436
0,121,55,0,0,40.1412
0,122,55,0,0,40.139
0,123,55,0,0,40.1372
0,124,55,0,0,40.1357
0,125,55,0,0,40.1345
0,126,55,0,0,40.1336
0,127,55,0,0,40.133
0,0,56,0,8.87836e-06,40.1242
0,1,56,0,0,40.1235
0,2,56,0,0,40.1228
0,3,56,0,0,40.1221
0,4,56,0,0,40.1215
0,5,56,0,0,40.1208
0,6,56,0,0,40.1202
0,7,56,0,0,40.1195
0,8,56,0,0,40.1189
0,9,56,0,0,40.1182
0,10,56,0,0,40.1176
0,11,56,0,0,40.1169
0,12,56,0,0,40.1163
0,13,56,0,0,40.1157
0,14,56,0,0,40.115
0,15,56,0,0,40.1144
0,16,56,0,0,40.1137
0,17,56,0,0,40.1131
0,18,56,0,0,40.1125
0,19,56,0,0,40.1118
0,20,56,0,0,40.1112
0,21,56,0,0,40.1106
0,22,56,0,0,40.11
0,23,56,0,0,40.1094
0,24,56,0,0,40.1088
0,25,56,0,0,40.1083
0,26,56,0,0,40.1077
0,27,56,0,0,40.1072
0,28,56,0,0,40.1067
0,29,56,0,0,40.1062
0,30,56,0,0,40.1057
0,31,56,0,0,40.1053
0,32,56,0,8.87836e-06,40.1049
0,33,56,0,0,40.1038
0,34,56,0,0,40.1028
0,35,56,0,0,40.1017
0,36,56,0,0,40.1008
0,37,56,0,0,40.0998
0,38,56,0,0,40.0989
0,39,56,0,0,40.0981
0,40,56,0,0,40.0972
0,41,56,0,0,40.0965
0,42,56,0,0,40.0957
0,43,56,0,0,40.0951
0,44,56,0,0,40.0944
0,45,56,0,0,40.0938
0,46,56,0,0,40.0933
0,47,56,0,0,40.0928
0,48,56,0,0,40.0924
0,49,56,0,0,40.0921
0,50,56,0,0,40.0918
0,51,56,0,0,40.0916
0,52,56,0,0,40.0915
0,53,56,0,0,40.0915
0,54,56,0,0,40.0915
0,55,56,0,0,40.0917
0,56,56,0,0,40.0919
0,57,56,0,0,40.0923
0,58,56,0,0,40.0928
0,59,56,0,0,40.0934
0,60,56,0,0,40.0942
0,61,56,0,0,40.0951
0,62,56,0,0,40.0962
0,63,56,0,0,40.0975
0,64,56,0,8.87836e-06,40.099
0,65,56,0,0,40.1
0,66,56,0,0,40.1011
0,67,56,0,0,40.1026
0,68,56,0,0,40.1042
0,69,56,0,0,40.1062
0,70,56,0,0,40.1084
0,71,56,0,0,40.111
0,72,56,0,0,40.1139
0,73,56,0,0,40.1171
0,74,56,0,0,40.1207
0,75,56,0,0,40.1248
0,76,56,0,0,40.1293
0,77,56,0,0,40.1342
0,78,56,0,0,40.1397
0,79,56,0,0,40.1457
0,80,56,0,0,40.1523
0,81,56,0,0,40.1595
0,82,56,0,0,40.1673
0,83,56,0,0,40.1759
0,84,56,0,0,40.1852
0,85,56,0,0,40.1952
0,86,56,0,0,40.2061
0,87,56,0,0,40.2178
0,88,56,0,0,40.2303
0,89,56,0,0,40.2436
0,90,56,0,0,40.2576
0,91,56,0,0,40.272
0,92,56,0,0,40.2865
0,93,56,0,0,40.3005
0,94,56,0,0,40.313
0,95,56,0,0,40.3229
0,96,56,0,8.87836e-06,40.3289
0,97,56,0,0,40.3295
0,98,56,0,0,40.3258
0,99,56,0,0,40.3184
0,100,56,0,0,40.3085
0,101,56,0,0,40.2968
0,102,56,0,0,40.2844
0,103,56,0,0,40.2718
0,104,56,0,0,40.2594
0,105,56,0,0,40.2476
0,106,56,0,0,40.2364
0,107,56,0,0,40.226
0,108,56,0,0,40.2162
0,109,56,0,0,40.2072
0,110,56,0,0,40.1989
0,111,56,0,0,40.1912
0,112,56,0,0,40.1842
0,113,56,0,0,40.1778
0,114,56,0,0,40.1719
0,115,56,0,0,40.1665
0,116,56,0,0,40.1617
0,117,56,0,0,40.1573
0,118,56,0,0,40.1533
0,119,56,0,0,40.1498
0,120,56,0,0,40.1467
0,121,56,0,0,40.1439
0,122,56,0,0,40.1416
0,123,56,0,0,40.1396
0,124,56,0,0,40.1379
0,125,56,0,0,40.1366
0,126,56,0,0,40.1356
0,127,56,0,0,40.135
0,0,57,0,8.87836e-06,40.1203
0,1,57,0,0,40.1196
0,2,57,0,0,40.1189
0,3,57,0,0,40.1182
0,4,57,0,0,40.1176
0,5,57,0,0,40.1169
0,6,57,0,0,40.1163
0,7,57,0,0,40.1157
0,8,57,0,0,40.1151
0,9,57,0,0,40.1144
0,10,57,0,0,40.1138
0,11,57,0,0,40.1132
0,12,57,0,0,40.1126
0,13,57,0,0,40.112
0,14,57,0,0,40.1114
0,15,57,0,0,40.1108
0,16,57,0,0,40.1102
0,17,57,0,0,40.1096
0,18,57,0,0,40.109
0,19,57,0,0,40.1084
0,20,57,0,0,40.1078
0,21,57,0,0,40.1072
0,22,57,0,0,40.1066
0,23,57,0,0,40.1061
0,24,57,0,0,40.1055
0,25,57,0,0,40.105
0,26,57,0,0,40.1045
0,27,57,0,0,40.104
0,28,57,0,0,40.1036
0,29,57,0,0,40.1031
0,30,57,0,0,40.1027
0,31,57,0,0,40.1023
0,32,57,0,8.87836e-06,40.102
0,33,57,0,0,40.101
0,34,57,0,0,40.1
0,35,57,0,0,40.099
0,36,57,0,0,40.0981
0,37,57,0,0,40.0972
0,38,57,0,0,40.0964
0,39,57,0,0,40.0956
0,40,57,0,0,40.0948
0,41,57,0,0,40.0941
0,42,57,0,0,40.0935
0,43,57,0,0,40.0928
0,44,57,0,0,40.0923
0,45,57,0,0,40.0918
0,46,57,0,0,40.0913
0,47,57,0,0,40.0909
0,48,57,0,0,40.0906
0,49,57,0,0,40.0904
0,50,57,0,0,40.0902
0,51,57,0,0,40.0901
0,52,57,0,0,40.0901
0,53,57,0,0,40.0902
0,54,57,0,0,40.0903
0,55,57,0,0,40.0906
0,56,57,0,0,40.091
0,57,57,0,0,40.0915
0,58,57,0,0,40.0922
0,59,57,0,0,40.093
0,60,57,0,0,40.0939
0,61,57,0,0,40.095
0,62,57,0,0,40.0963
0,63,57,0,0,40.0978
0,64,57,0,8.87836e-06,40.0995
0,65,57,0,0,40.1006
0,66,57,0,0,40.1021
0,67,57,0,0,40.1037
0,68,57,0,0,40.1057
0,69,57,0,0,40.1079
0,70,57,0,0,40.1105
0,71,57,0,0,40.1134
0,72,57,0,0,40.1166
0,73,57,0,0,40.1203
0,74,57,0,0,40.1243
0,75,57,0,0,40.1288
0,76,57,0,0,40.1338
0,77,57,0,0,40.1393
0,78,57,0,0,40.1453
0,79,57,0,0,40.152
0,80,57,0,0,40.1593
0,81,57,0,0,40.1672
0,82,57,0,0,40.176
0,83,57,0,0,40.1855
0,84,57,0,0,40.1959
0,85,57,0,0,40.2073
0,86,57,0,0,40.2196
0,87,57,0,0,40.2331
0,88,57,0,0,40.2478
0,89,57,0,0,40.2638
0,90,57,0,0,40.281
0,91,57,0,0,40.2993
0,92,57,0,0,40.3186
0,93,57,0,0,40.3381
0,94,57,0,0,40.3566
0,95,57,0,0,40.3718
0,96,57,0,8.87836e-06,40.381
0,97,57,0,0,40.3809
0,98,57,0,0,40.3739
0,99,57,0,0,40.3619
0,100,57,0,0,40.3465
0,101,57,0,0,40.3294
0,102,57,0,0,40.3121
0,103,57,0,0,40.2953
0,104,57,0,0,40.2795
0,105,57,0,0,40.2648
0,106,57,0,0,40.2513
0,107,57,0,0,40.2389
0,108,57,0,0,40.2275
0,109,57,0,0,40.2171
0,110,57,0,0,40.2076
0,111,57,0,0,40.199
0,112,57,0,0,40.1911
0,113,57,0,0,40.1839
0,114,57,0,0,40.1774
0,115,57,0,0,40.1714
0,116,57,0,0,40.1661
0,117,57,0,0,40.1612
0,118,57,0,0,40.1569
0,119,57,0,0,40.153
0,120,57,0,0,40.1496
0,121,57,0,0,40.1466
0,122,57,0,0,40.1441
0,123,57,0,0,40.1419
0,124,57,0,0,40.1401
0,125,57,0,0,40.1387
0,126,57,0,0,40.1376
0,127,57,0,0,40.1369
0,0,58,0,8.87836e-06,40.1169
0,1,58,0,0,40.1162
0,2,58,0,0,40.1155
0,3,58,0,0,40.1148
0,4,58,0,0,40.1142
0,5,58,0,0,40.1136
0,6,58,0,0,40.113
0,7,58,0,0,40.1124
0,8,58,0,0,40.1118
0,9,58,0,0,40.1112
0,10,58,0,0,40.1106
0,11,58,0,0,40.11
0,12,58,0,0,40.1094
0,13,58,0,0,40.1088
0,14,58,0,0,40.1082
0,15,58,0,0,40.1076
0,16,58,0,0,40.1071
0,17,58,0,0,40.1065
0,18,58,0,0,40.1059
0,19,58,0,0,40.1054
0,20,58,0,0,40.1048
0,21,58,0,0,40.1043
0,22,58,0,0,40.1037
0,23,58,0,0,40.1032
0,24,58,0,0,40.1027
0,25,58,0,0,40.1022
0,26,58,0,0,40.1017
0,27,58,0,0,40.1013
0,28,58,0,0,40.1009
0,29,58,0,0,40.1005
0,30,58,0,0,40.1001
0,31,58,0,0,40.0998
0,32,58,0,8.87836e-06,40.0995
0,33,58,0,0,40.0985
0,34,58,0,0,40.0975
0,35,58,0,0,40.0966
0,36,58,0,0,40.0958
0,37,58,0,0,40.0949
0,38,58,0,0,40.0942
0,39,58,0,0,40.0934
0,40,58,0,0,40.0927
0,41,58,0,0,40.0921
0,42,58,0,0,40.0915
0,43,58,0,0,40.0909
0,44,58,0,0,40.0904
0,45,58,0,0,40.09
0,46,58,0,0,40.0896
0,47,58,0,0,40.0893
0,48,58,0,0,40.0891
0,49,58,0,0,40.0889
0,50,58,0,0,40.0888
0,51,58,0,0,40.0888
0,52,58,0,0,40.0889
0,53,58,0,0,40.0891
0,54,58,0,0,40.0893
0,55,58,0,0,40.0897
0,56,58,0,0,40.0902
0,57,58,0,0,40.0909
0,58,58,0,0,40.0917
0,59,58,0,0,40.0926
0,60,58,0,0,40.0937
0,61,58,0,0,40.0949
0,62,58,0,0,40.0964
0,63,58,0,0,40.098
0,64,58,0,8.87836e-06,40.0999
0,65,58,0,0,40.1013
0,66,58,0,0,40.1029
0,67,58,0,0,40.1049
0,68,58,0,0,40.1071
0,69,58,0,0,40.1096
0,70,58,0,0,40.1124
0,71,58,0,0,40.1156
0,72,58,0,0,40.1192
0,73,58,0,0,40.1232
0,74,58,0,0,40.1276
0,75,58,0,0,40.1325
0,76,58,0,0,40.1379
0,77,58,0,0,40.1439
0,78,58,0,0,40.1505
0,79,58,0,0,40.1577
0,80,58,0,0,40.1656
0,81,58,0,0,40.1743
0,82,58,0,0,40.1838
0,83,58,0,0,40.1943
0,84,58,0,0,40.2057
0,85,58,0,0,40.2183
0,86,58,0,0,40.2321
0,87,58,0,0,40.2474
0,88,58,0,0,40.2642
0,89,58,0,0,40.2829
0,90,58,0,0,40.3036
0,91,58,0,0,40.3266
0,92,58,0,0,40.3521
0,93,58,0,0,40.3799
0,94,58,0,0,40.4087
0,95,58,0,0,40.4351
0,96,58,0,8.87836e-06,40.452
0,97,58,0,0,40.4484
0,98,58,0,0,40.434
0,99,58,0,0,40.4142
0,100,58,0,0,40.3898
0,101,58,0,0,40.3645
0,102,58,0,0,40.3405
0,103,58,0,0,40.3186
0,104,58,0,0,40.2988
0,105,58,0,0,40.2811
0,106,58,0,0,40.2652
0,107,58,0,0,40.2509
0,108,58,0,0,40.238
0,109,58,0,0,40.2263
0,110,58,0,0,40.2158
0,111,58,0,0,40.2062
0,112,58,0,0,40.1975
0,113,58,0,0,40.1896
0,114,58,0,0,40.1824
0,115,58,0,0,40.176
0,116,58,0,0,40.1701
0,117,58,0,0,40.1649
0,118,58,0,0,40.1602
0,119,58,0,0,40.156
0,120,58,0,0,40.1523
0,121,58,0,0,40.1491
0,122,58,0,0,40.1464
0,123,58,0,0,40.144
0,124,58,0,0,40.1421
0,125,58,0,0,40.1406
0,126,58,0,0,40.1394
0,127,58,0,0,40.1387
0,0,59,0,8.87836e-06,40.1139
0,1,59,0,0,40.1133
0,2,59,0,0,40.1126
0,3,59,0,0,40.112
0,4,59,0,0,40.1113
0,5,59,0,0,40.1107
0,6,59,0,0,40.1101
0,7,59,0,0,40.1095
0,8,59,0,0,40.109
0,9,59,0,0,40.1084
0,10,59,0,0,40.1078
0,11,59,0,0,40.1072
0,12,59,0,0,40.1067
0,13,59,0,0,40.1061
0,14,59,0,0,40.1055
0,15,59,0,0,40.105
0,16,59,0,0,40.1044
0,17,59,0,0,40.1039
0,18,59,0,0,40.1033
0,19,59,0,0,40.1028
0,20,59,0,0,40.1023
0,21,59,0,0,40.1018
0,22,59,0,0,40.1013
0,23,59,0,0,40.1008
0,24,59,0,0,40.1003
0,25,59,0,0,40.0998
0,26,59,0,0,40.0994
0,27,59,0,0,40.099
0,28,59,0,0,40.0986
0,29,59,0,0,40.0982
0,30,59,0,0,40.0979
0,31,59,0,0,40.0976
0,32,59,0,8.87836e-06,40.0973
0,33,59,0,0,40.0964
0,34,59,0,0,40.0955
0,35,59,0,0,40.0946
0,36,59,0,0,40.0938
0,37,59,0,0,40.093
0,38,59,0,0,40.0923
0,39,59,0,0,40.0916
0,40,59,0,0,40.091
0,41,59,0,0,40.0904
0,42,59,0,0,40.0898
0,43,59,0,0,40.0893
0,44,59,0,0,40.0889
0,45,59,0,0,40.0885
0,46,59,0,0,40.0882
0,47,59,0,0,40.088
0,48,59,0,0,40.0878
0,49,59,0,0,40.0877
0,50,59,0,0,40.0877
0,51,59,0,0,40.0877
0,52,59,0,0,40.0879
0,53,59,0,0,40.0882
0,54,59,0,0,40.0885
0,55,59,0,0,40.089
0,56,59,0,0,40.0896
0,57,59,0,0,40.0904
0,58,59,0,0,40.0912
0,59,59,0,0,40.0923
0,60,59,0,0,40.0935
0,61,59,0,0,40.0949
0,62,59,0,0,40.0965
0,63,59,0,0,40.0983
0,64,59,0,8.87836e-06,40.1003
0,65,59,0,0,40.1019
0,66,59,0,0,40.1037
0,67,59,0,0,40.1058
0,68,59,0,0,40.1083
0,69,59,0,0,40.111
0,70,59,0,0,40.1141
0,71,59,0,0,40.1176
0,72,59,0,0,40.1214
0,73,59,0,0,40.1257
0,74,59,0,0,40.1305
0,75,59,0,0,40.1358
0,76,59,0,0,40.1416
0,77,59,0,0,40.148
0,78,59,0,0,40.155
0,79,59,0,0,40.1627
0,80,59,0,0,40.1712
0,81,59,0,0,40.1805
0,82,59,0,0,40.1908
0,83,59,0,0,40.202
0,84,59,0,0,40.2144
0,85,59,0,0,40.228
0,86,59,0,0,40.243
0,87,59,0,0,40.2597
0,88,59,0,0,40.2784
0,89,59,0,0,40.2994
0,90,59,0,0,40.3234
0,91,59,0,0,40.351
0,92,59,0,0,40.3834
0,93,59,0,0,40.4219
0,94,59,0,0,40.4679
0,95,59,0,0,40.5199
0,96,59,0,8.87836e-06,40.564
0,97,59,0,0,40.5399
0,98,59,0,0,40.5077
0,99,59,0,0,40.478
0,100,59,0,0,40.4371
0,101,59,0,0,40.3992
0,102,59,0,0,40.3668
0,103,59,0,0,40.3394
0,104,59,0,0,40.3158
0,105,59,0,0,40.2954
0,106,59,0,0,40.2774
0,107,59,0,0,40.2615
0,108,59,0,0,40.2473
0,109,59,0,0,40.2345
0,110,59,0,0,40.223
0,111,59,0,0,40.2126
0,112,59,0,0,40.2032
0,113,59,0,0,40.1947
0,114,59,0,0,40.187
0,115,59,0,0,40.18
0,116,59,0,0,40.1738
0,117,59,0,0,40.1682
0,118,59,0,0,40.1632
0,119,59,0,0,40.1587
0,120,59,0,0,40.1548
0,121,59,0,0,40.1514
0,122,59,0,0,40.1485
0,123,59,0,0,40.146
0,124,59,0,0,40.1439
0,125,59,0,0,40.1423
0,126,59,0,0,40.1411
0,127,59,0,0,40.1403
0,0,60,0,8.87836e-06,40.1115
0,1,60,0,0,40.1108
0,2,60,0,0,40.1102
0,3,60,0,0,40.1096
0,4,60,0,0,40.109
0,5,60,0,0,40.1084
0,6,60,0,0,40.1078
0,7,60,0,0,40.1072
0,8,60,0,0,40.1066
0,9,60,0,0,40.1061
0,10,60,0,0,40.1055
0,11,60,0,0,40.105
0,12,60,0,0,40.1044
0,13,60,0,0,40.1039
0,14,60,0,0,40.1033
0,15,60,0,0,40.1028
0,16,60,0,0,40.1023
0,17,60,0,0,40.1017
0,18,60,0,0,40.1012
0,19,60,0,0,40.1007
0,20,60,0,0,40.1002
0,21,60,0,0,40.0997
0,22,60,0,0,40.0992
0,23,60,0,0,40.0988
0,24,60,0,0,40.0983
0,25,60,0,0,40.0979
0,26,60,0,0,40.0974
0,27,60,0,0,40.0971
0,28,60,0,0,40.0967
0,29,60,0,0,40.0963
0,30,60,0,0,40.096
0,31,60,0,0,40.0958
0,32,60,0,8.87836e-06,40.0955
0,33,60,0,0,40.0946
0,34,60,0,0,40.0938
0,35,60,0,0,40.0929
0,36,60,0,0,40.0922
0,37,60,0,0,40.0914
0,38,60,0,0,40.0907
0,39,60,0,0,40.0901
0,40,60,0,0,40.0895
0,41,60,0,0,40.0889
0,42,60,0,0,40.0885
0,43,60,0,0,40.088
0,44,60,0,0,40.0876
0,45,60,0,0,40.0873
0,46,60,0,0,40.087
0,47,60,0,0,40.0868
0,48,60,0,0,40.0867
0,49,60,0,0,40.0867
0,50,60,0,0,40.0867
0,51,60,0,0,40.0869
0,52,60,0,0,40.0871
0,53,60,0,0,40.0874
0,54,60,0,0,40.0879
0,55,60,0,0,40.0884
0,56,60,0,0,40.0891
0,57,60,0,0,40.0899
0,58,60,0,0,40.0909
0,59,60,0,0,40.0921
0,60,60,0,0,40.0934
0,61,60,0,0,40.0949
0,62,60,0,0,40.0966
0,63,60,0,0,40.0985
0,64,60,0,8.87836e-06,40.1007
0,65,60,0,0,40.1024
0,66,60,0,0,40.1044
0,67,60,0,0,40.1067
0,68,60,0,0,40.1093
0,69,60,0,0,40.1123
0,70,60,0,0,40.1156
0,71,60,0,0,40.1193
0,72,60,0,0,40.1234
0,73,60,0,0,40.1279
0,74,60,0,0,40.133
0,75,60,0,0,40.1385
0,76,60,0,0,40.1447
0,77,60,0,0,40.1514
0,78,60,0,0,40.1589
0,79,60,0,0,40.167
0,80,60,0,0,40.176
0,81,60,0,0,40.1858
0,82,60,0,0,40.1966
0,83,60,0,0,40.2085
0,84,60,0,0,40.2216
0,85,60,0,0,40.236
0,86,60,0,0,40.2519
0,87,60,0,0,40.2696
0,88,60,0,0,40.2895
0,89,60,0,0,40.3119
0,90,60,0,0,40.3377
0,91,60,0,0,40.368
0,92,60,0,0,40.4048
0,93,60,0,0,40.452
0,94,60,0,0,40.5178
0,95,60,0,0,40.6203
0,96,60,0,8.87836e-06,40.7807
0,97,60,0,0,40.6472
0,98,60,0,0,40.5783
0,99,60,0,0,40.5588
0,100,60,0,0,40.4802
0,101,60,0,0,40.4254
0,102,60,0,0,40.3856
0,103,60,0,0,40.3544
0,104,60,0,0,40.3285
0,105,60,0,0,40.3064
0,106,60,0,0,40.2871
0,107,60,0,0,40.2701
0,108,60,0,0,40.2549
0,109,60,0,0,40.2413
0,110,60,0,0,40.2291
0,111,60,0,0,40.218
0,112,60,0,0,40.2081
0,113,60,0,0,40.199
0,114,60,0,0,40.1909
0,115,60,0,0,40.1836
0,116,60,0,0,40.177
0,117,60,0,0,40.1711
0,118,60,0,0,40.1658
0,119,60,0,0,40.1611
0,120,60,0,0,40.157
0,121,60,0,0,40.1534
0,122,60,0,0,40.1503
0,123,60,0,0,40.1477
0,124,60,0,0,40.1455
0,125,60,0,0,40.1438
0,126,60,0,0,40.1426
0,127,60,0,0,40.1417
0,0,61,0,8.87836e-06,40.1095
0,1,61,0,0,40.1089
0,2,61,0,0,40.1082
0,3,61,0,0,40.1076
0,4,61,0,0,40.107
0,5,61,0,0,40.1065
0,6,61,0,0,40.1059
0,7,61,0,0,40.1054
0,8,61,0,0,40.1048
0,9,61,0,0,40.1043
0,10,61,0,0,40.1037
0,11,61,0,0,40.1032
0,12,61,0,0,40.1026
0,13,61,0,0,40.1021
0,14,61,0,0,40.1016
0,15,61,0,0,40.101
0,16,61,0,0,40.1005
0,17,61,0,0,40.1
0,18,61,0,0,40.0995
0,19,61,0,0,40.099
0,20,61,0,0,40.0985
0,21,61,0,0,40.0981
0,22,61,0,0,40.0976
0,23,61,0,0,40.0971
0,24,61,0,0,40.0967
0,25,61,0,0,40.0963
0,26,61,0,0,40.0959
0,27,61,0,0,40.0955
0,28,61,0,0,40.0952
0,29,61,0,0,40.0948
0,30,61,0,0,40.0945
0,31,61,0,0,40.0943
0,32,61,0,8.87836e-06,40.0941
0,33,61,0,0,40.0932
0,34,61,0,0,40.0924
0,35,61,0,0,40.0916
0,36,61,0,0,40.0908
0,37,61,0,0,40.0901
0,38,61,0,0,40.0895
0,39,61,0,0,40.0889
0,40,61,0,0,40.0883
0,41,61,0,0,40.0878
0,42,61,0,0,40.0874
0,43,61,0,0,40.087
0,44,61,0,0,40.0866
0,45,61,0,0,40.0863
0,46,61,0,0,40.0861
0,47,61,0,0,40.086
0,48,61,0,0,40.0859
0,49,61,0,0,40.0859
0,50,61,0,0,40.086
0,51,61,0,0,40.0862
0,52,61,0,0,40.0865
0,53,61,0,0,40.0868
0,54,61,0,0,40.0873
0,55,61,0,0,40.088
0,56,61,0,0,40.0887
0,57,61,0,0,40.0896
0,58,61,0,0,40.0907
0,59,61,0,0,40.0919
0,60,61,0,0,40.0933
0,61,61,0,0,40.0949
0,62,61,0,0,40.0967
0,63,61,0,0,40.0987
0,64,61,0,8.87836e-06,40.101
0,65,61,0,0,40.1028
0,66,61,0,0,40.105
0,67,61,0,0,40.1074
0,68,61,0,0,40.1102
0,69,61,0,0,40.1133
0,70,61,0,0,40.1168
0,71,61,0,0,40.1206
0,72,61,0,0,40.1249
0,73,61,0,0,40.1297
0,74,61,0,0,40.135
0,75,61,0,0,40.1408
0,76,61,0,0,40.1472
0,77,61,0,0,40.1543
0,78,61,0,0,40.162
0,79,61,0,0,40.1705
0,80,61,0,0,40.1799
0,81,61,0,0,40.1901
0,82,61,0,0,40.2013
0,83,61,0,0,40.2137
0,84,61,0,0,40.2272
0,85,61,0,0,40.2421
0,86,61,0,0,40.2586
0,87,61,0,0,40.2768
0,88,61,0,0,40.297
0,89,61,0,0,40.3196
0,90,61,0,0,40.3452
0,91,61,0,0,40.3744
0,92,61,0,0,40.4082
0,93,61,0,0,40.4481
0,94,61,0,0,40.4951
0,95,61,0,0,40.548
0,96,61,0,8.87836e-06,40.5924
0,97,61,0,0,40.5683
0,98,61,0,0,40.5356
0,99,61,0,0,40.5051
0,100,61,0,0,40.4631
0,101,61,0,0,40.4238
0,102,61,0,0,40.3899
0,103,61,0,0,40.3608
0,104,61,0,0,40.3356
0,105,61,0,0,40.3135
0,106,61,0,0,40.2939
0,107,61,0,0,40.2764
0,108,61,0,0,40.2607
0,109,61,0,0,40.2466
0,110,61,0,0,40.2339
0,111,61,0,0,40.2224
0,112,61,0,0,40.212
0,113,61,0,0,40.2026
0,114,61,0,0,40.1941
0,115,61,0,0,40.1865
0,116,61,0,0,40.1796
0,117,61,0,0,40.1734
0,118,61,0,0,40.1679
0,119,61,0,0,40.163
0,120,61,0,0,40.1588
0,121,61,0,0,40.155
0,122,61,0,0,40.1518
0,123,61,0,0,40.1491
0,124,61,0,0,40.1468
0,125,61,0,0,40.1451
0,126,61,0,0,40.1438
0,127,61,0,0,40.1429
0,0,62,0,8.87836e-06,40.108
0,1,62,0,0,40.1073
0,2,62,0,0,40.1067
0,3,62,0,0,40.1062
0,4,62,0,0,40.1056
0,5,62,0,0,40.1051
0,6,62,0,0,40.1045
0,7,62,0,0,40.104
0,8,62,0,0,40.1034
0,9,62,0,0,40.1029
0,10,62,0,0,40.1024
0,11,62,0,0,40.1018
0,12,62,0,0,40.1013
0,13,62,0,0,40.1008
0,14,62,0,0,40.1003
0,15,62,0,0,40.0998
0,16,62,0,0,40.0992
0,17,62,0,0,40.0987
0,18,62,0,0,40.0983
0,19,62,0,0,40.0978
0,20,62,0,0,40.0973
0,21,62,0,0,40.0968
0,22,62,0,0,40.0964
0,23,62,0,0,40.096
0,24,62,0,0,40.0955
0,25,62,0,0,40.0951
0,26,62,0,0,40.0947
0,27,62,0,0,40.0944
0,28,62,0,0,40.094
0,29,62,0,0,40.0937
0,30,62,0,0,40.0934
0,31,62,0,0,40.0931
0,32,62,0,8.87836e-06,40.0929
0,33,62,0,0,40.0921
0,34,62,0,0,40.0913
0,35,62,0,0,40.0906
0,36,62,0,0,40.0898
0,37,62,0,0,40.0892
0,38,62,0,0,40.0886
0,39,62,0,0,40.088
0,40,62,0,0,40.0875
0,41,62,0,0,40.087
0,42,62,0,0,40.0866
0,43,62,0,0,40.0862
0,44,62,0,0,40.0859
0,45,62,0,0,40.0856
0,46,62,0,0,40.0854
0,47,62,0,0,40.0853
0,48,62,0,0,40.0853
0,49,62,0,0,40.0853
0,50,62,0,0,40.0854
0,51,62,0,0,40.0857
0,52,62,0,0,40.086
0,53,62,0,0,40.0864
0,54,62,0,0,40.087
0,55,62,0,0,40.0876
0,56,62,0,0,40.0884
0,57,62,0,0,40.0894
0,58,62,0,0,40.0905
0,59,62,0,0,40.0918
0,60,62,0,0,40.0932
0,61,62,0,0,40.0949
0,62,62,0,0,40.0967
0,63,62,0,0,40.0988
0,64,62,0,8.87836e-06,40.1012
0,65,62,0,0,40.1031
0,66,62,0,0,40.1054
0,67,62,0,0,40.1079
0,68,62,0,0,40.1108
0,69,62,0,0,40.114
0,70,62,0,0,40.1177
0,71,62,0,0,40.1217
0,72,62,0,0,40.1262
0,73,62,0,0,40.1311
0,74,62,0,0,40.1365
0,75,62,0,0,40.1426
0,76,62,0,0,40.1492
0,77,62,0,0,40.1564
0,78,62,0,0,40.1644
0,79,62,0,0,40.1732
0,80,62,0,0,40.1828
0,81,62,0,0,40.1933
0,82,62,0,0,40.2049
0,83,62,0,0,40.2175
0,84,62,0,0,40.2313
0,85,62,0,0,40.2465
0,86,62,0,0,40.2631
0,87,62,0,0,40.2814
0,88,62,0,0,40.3014
0,89,62,0,0,40.3233
0,90,62,0,0,40.3474
0,91,62,0,0,40.3738
0,92,62,0,0,40.4024
0,93,62,0,0,40.4329
0,94,62,0,0,40.464
0,95,62,0,0,40.4921
0,96,62,0,8.87836e-06,40.5098
0,97,62,0,0,40.5061
0,98,62,0,0,40.4908
0,99,62,0,0,40.4693
0,100,62,0,0,40.4424
0,101,62,0,0,40.4142
0,102,62,0,0,40.387
0,103,62,0,0,40.3616
0,104,62,0,0,40.3384
0,105,62,0,0,40.3172
0,106,62,0,0,40.298
0,107,62,0,0,40.2806
0,108,62,0,0,40.2648
0,109,62,0,0,40.2505
0,110,62,0,0,40.2375
0,111,62,0,0,40.2257
0,112,62,0,0,40.215
0,113,62,0,0,40.2053
0,114,62,0,0,40.1966
0,115,62,0,0,40.1887
0,116,62,0,0,40.1816
0,117,62,0,0,40.1752
0,118,62,0,0,40.1696
0,119,62,0,0,40.1645
0,120,62,0,0,40.1601
0,121,62,0,0,40.1563
0,122,62,0,0,40.153
0,123,62,0,0,40.1502
0,124,62,0,0,40.1479
0,125,62,0,0,40.146
0,126,62,0,0,40.1447
0,127,62,0,0,40.1438
0,0,63,0,8.87836e-06,40.1068
0,1,63,0,0,40.1062
0,2,63,0,0,40.1057
0,3,63,0,0,40.1052
0,4,63,0,0,40.1046
0,5,63,0,0,40.1041
0,6,63,0,0,40.1036
0,7,63,0,0,40.103
0,8,63,0,0,40.1025
0,9,63,0,0,40.102
0,10,63,0,0,40.1015
0,11,63,0,0,40.1009
0,12,63,0,0,40.1004
0,13,63,0,0,40.0999
0,14,63,0,0,40.0994
0,15,63,0,0,40.0989
0,16,63,0,0,40.0984
0,17,63,0,0,40.0979
0,18,63,0,0,40.0974
0,19,63,0,0,40.0969
0,20,63,0,0,40.0965
0,21,63,0,0,40.096
0,22,63,0,0,40.0956
0,23,63,0,0,40.0952
0,24,63,0,0,40.0947
0,25,63,0,0,40.0943
0,26,63,0,0,40.0939
0,27,63,0,0,40.0936
0,28,63,0,0,40.0932
0,29,63,0,0,40.0929
0,30,63,0,0,40.0926
0,31,63,0,0,40.0923
0,32,63,0,8.87836e-06,40.0921
0,33,63,0,0,40.0913
0,34,63,0,0,40.0905
0,35,63,0,0,40.0898
0,36,63,0,0,40.0892
0,37,63,0,0,40.0885
0,38,63,0,0,40.0879
0,39,63,0,0,40.0874
0,40,63,0,0,40.0869
0,41,63,0,0,40.0864
0,42,63,0,0,40.086
0,43,63,0,0,40.0857
0,44,63,0,0,40.0854
0,45,63,0,0,40.0851
0,46,63,0,0,40.085
0,47,63,0,0,40.0849
0,48,63,0,0,40.0849
0,49,63,0,0,40.0849
0,50,63,0,0,40.0851
0,51,63,0,0,40.0853
0,52,63,0,0,40.0857
0,53,63,0,0,40.0861
0,54,63,0,0,40.0867
0,55,63,0,0,40.0874
0,56,63,0,0,40.0883
0,57,63,0,0,40.0892
0,58,63,0,0,40.0904
0,59,63,0,0,40.0917
0,60,63,0,0,40.0932
0,61,63,0,0,40.0948
0,62,63,0,0,40.0967
0,63,63,0,0,40.0988
0,64,63,0,8.87836e-06,40.1012
0,65,63,0,0,40.1032
0,66,63,0,0,40.1056
0,67,63,0,0,40.1082
0,68,63,0,0,40.1112
0,69,63,0,0,40.1146
0,70,63,0,0,40.1183
0,71,63,0,0,40.1224
0,72,63,0,0,40.127
0,73,63,0,0,40.132
0,74,63,0,0,40.1376
0,75,63,0,0,40.1437
0,76,63,0,0,40.1505
0,77,63,0,0,40.1579
0,78,63,0,0,40.166
0,79,63,0,0,40.175
0,80,63,0,0,40.1847
0,81,63,0,0,40.1955
0,82,63,0,0,40.2072
0,83,63,0,0,40.22
0,84,63,0,0,40.234
0,85,63,0,0,40.2492
0,86,63,0,0,40.2659
0,87,63,0,0,40.284
0,88,63,0,0,40.3035
0,89,63,0,0,40.3246
0,90,63,0,0,40.3471
0,91,63,0,0,40.3708
0,92,63,0,0,40.3952
0,93,63,0,0,40.4193
0,94,63,0,0,40.4416
0,95,63,0,0,40.4596
0,96,63,0,8.87836e-06,40.4701
0,97,63,0,0,40.47
0,98,63,0,0,40.4615
0,99,63,0,0,40.4465
0,100,63,0,0,40.4271
0,101,63,0,0,40.4053
0,102,63,0,0,40.3826
0,103,63,0,0,40.3603
0,104,63,0,0,40.3389
0,105,63,0,0,40.3189
0,106,63,0,0,40.3002
0,107,63,0,0,40.2831
0,108,63,0,0,40.2673
0,109,63,0,0,40.2529
0,110,63,0,0,40.2398
0,111,63,0,0,40.2278
0,112,63,0,0,40.2169
0,113,63,0,0,40.2071
0,114,63,0,0,40.1982
0,115,63,0,0,40.1902
0,116,63,0,0,40.1829
0,117,63,0,0,40.1765
0,118,63,0,0,40.1707
0,119,63,0,0,40.1656
0,120,63,0,0,40.1611
0,121,63,0,0,40.1571
0,122,63,0,0,40.1537
0,123,63,0,0,40.1509
0,124,63,0,0,40.1486
0,125,63,0,0,40.1467
0,126,63,0,0,40.1453
0,127,63,0,0,40.1444
