rank_channel_index,x,y,z,power,temperature
0,0,0,0,0.071383,57.5419
0,1,0,0,4.716e-05,53.7461
0,2,0,0,2.43e-05,51.5959
0,3,0,0,2.96625e-05,50.0676
0,4,0,0,5.715e-05,48.8688
0,5,0,0,2.142e-05,47.8855
0,6,0,0,7.01625e-05,47.064
0,7,0,0,4.26975e-05,46.363
0,8,0,0,3.144e-05,45.7601
0,9,0,0,4.572e-05,45.2376
0,10,0,0,3e-05,44.7783
0,11,0,0,2.286e-05,44.3742
0,12,0,0,6e-05,44.0177
0,13,0,0,3.62475e-05,43.6981
0,14,0,0,4.3935e-05,43.4131
0,15,0,0,2.286e-05,43.1564
0,16,0,0,2.856e-05,42.9261
0,17,0,0,4.51725e-05,42.7175
0,18,0,0,2.574e-05,42.5268
0,19,0,0,5.43e-05,42.3543
0,20,0,0,2.6775e-06,42.1946
0,21,0,0,5.32275e-05,42.052
0,22,0,0,3.45e-05,41.9194
0,23,0,0,3.858e-05,41.7977
0,24,0,0,2.286e-05,41.6853
0,25,0,0,3.144e-05,41.5836
0,26,0,0,4.308e-05,41.4906
0,27,0,0,4.4625e-05,41.4042
0,28,0,0,4.428e-05,41.3238
0,29,0,0,3.26775e-05,41.2495
0,30,0,0,2.286e-05,41.1811
0,31,0,0,3.714e-05,41.1193
0,32,0,0,4.572e-05,41.0617
0,33,0,0,7.14e-06,41.0077
0,34,0,0,2.856e-05,40.9605
0,35,0,0,7.9635e-05,40.9179
0,36,0,0,1.572e-05,40.8743
0,37,0,0,1.5015e-05,40.8354
0,38,0,0,3.144e-05,40.8006
0,39,0,0,3.68025e-05,40.7684
0,40,0,0,4.284e-05,40.7381
0,41,0,0,1.572e-05,40.7088
0,42,0,0,5.44425e-05,40.6838
0,43,0,0,3e-05,40.6585
0,44,0,0,3e-05,40.6363
0,45,0,0,4.572e-05,40.616
0,46,0,0,3e-05,40.5963
0,47,0,0,7.44825e-05,40.5799
0,48,0,0,4.4985e-05,40.562
0,49,0,0,2.142e-05,40.5457
0,50,0,0,4.428e-05,40.5332
0,51,0,0,5.718e-05,40.5216
0,52,0,0,5.43e-05,40.5099
0,53,0,0,6.87825e-05,40.4994
0,54,0,0,3.144e-05,40.4878
0,55,0,0,3e-05,40.4781
0,56,0,0,6.714e-05,40.4705
0,57,0,0,4.2495e-05,40.4606
0,58,0,0,3.714e-05,40.4509
0,59,0,0,1.572e-05,40.4422
0,60,0,0,1.66125e-05,40.4361
0,61,0,0,5.286e-05,40.4319
0,62,0,0,7.68375e-05,40.4275
0,63,0,0,3.714e-05,40.4211
0,64,0,0,8.42006e-05,40.4164
0,65,0,0,4.428e-05,40.4073
0,66,0,0,4.33875e-05,40.3992
0,67,0,0,1.6065e-05,40.3905
0,68,0,0,3.57e-05,40.3851
0,69,0,0,6.76875e-05,40.3801
0,70,0,0,2.142e-05,40.3729
0,71,0,0,2.574e-05,40.3683
0,72,0,0,5.51925e-05,40.3655
0,73,0,0,3.1785e-05,40.3613
0,74,0,0,2.142e-05,40.3577
0,75,0,0,3.1455e-05,40.3555
0,76,0,0,7.33875e-05,40.3546
0,77,0,0,7.002e-05,40.3519
0,78,0,0,5.022e-05,40.3482
0,79,0,0,9.1095e-05,40.3458
0,80,0,0,2.96325e-05,40.3393
0,81,0,0,2.89275e-05,40.3347
0,82,0,0,3.7485e-05,40.3313
0,83,0,0,4.071e-05,40.3277
0,84,0,0,3.858e-05,40.3239
0,85,0,0,7.14e-06,40.3202
0,86,0,0,2.856e-05,40.3196
0,87,0,0,3.55575e-05,40.3202
0,88,0,0,6.573e-05,40.3209
0,89,0,0,4.428e-05,40.3184
0,90,0,0,6.5205e-05,40.317
0,91,0,0,3e-05,40.3134
0,92,0,0,4.428e-05,40.3105
0,93,0,0,3.4665e-05,40.307
0,94,0,0,4.41075e-05,40.3045
0,95,0,0,1.428e-05,40.3017
0,96,0,0,3.144e-05,40.301
0,97,0,0,6.40575e-05,40.3016
0,98,0,0,4.67925e-05,40.3001
0,99,0,0,3.144e-05,40.298
0,100,0,0,4.0365e-05,40.2972
0,101,0,0,2.9295e-05,40.2964
0,102,0,0,4.002e-05,40.296
0,103,0,0,3.76875e-05,40.2952
0,104,0,0,3.858e-05,40.2939
0,105,0,0,2.286e-05,40.2933
0,106,0,0,4.503e-05,40.2948
0,107,0,0,3.7485e-05,40.295
0,108,0,0,5.43e-05,40.2951
0,109,0,0,2.142e-05,40.2934
0,110,0,0,5.286e-05,40.2934
0,111,0,0,4.3575e-05,40.2914
0,112,0,0,4.572e-05,40.2881
0,113,0,0,8.58e-06,40.2836
0,114,0,0,3.714e-05,40.2822
0,115,0,0,3e-05,40.2802
0,116,0,0,6.57e-05,40.2793
0,117,0,0,3.05475e-05,40.2756
0,118,0,0,1.74975e-05,40.273
0,119,0,0,2.37525e-05,40.2718
0,120,0,0,3.714e-05,40.2713
0,121,0,0,2.142e-05,40.2691
0,122,0,0,2.286e-05,40.2671
0,123,0,0,2.859e-05,40.2661
0,124,0,0,2.643e-05,40.2654
0,125,0,0,4.428e-05,40.2645
0,126,0,0,3e-05,40.2611
0,127,0,0,8.58e-06,40.2572
0,0,1,0,4.13606e-05,53.742
0,1,1,0,2.43e-05,52.25
0,2,1,0,2.4645e-05,50.7919
0,3,1,0,7.2165e-05,49.5536
0,4,1,0,3.573e-05,48.5094
0,5,1,0,6e-05,47.6248
0,6,1,0,3.41175e-05,46.8662
0,7,1,0,3.59025e-05,46.2111
0,8,1,0,3.213e-05,45.6414
0,9,1,0,8.43e-05,45.1438
0,10,1,0,3.144e-05,44.7013
0,11,1,0,3.55575e-05,44.3107
0,12,1,0,3.60675e-05,43.9634
0,13,1,0,2.23125e-05,43.6523
0,14,1,0,3.26775e-05,43.3743
0,15,1,0,4.002e-05,43.1243
0,16,1,0,7.97025e-05,42.8996
0,17,1,0,5.01825e-05,42.6933
0,18,1,0,4.6635e-05,42.5057
0,19,1,0,5.142e-05,42.3351
0,20,1,0,4.16025e-05,42.1785
0,21,1,0,4.53525e-05,42.0364
0,22,1,0,5.286e-05,41.9058
0,23,1,0,3.7875e-05,41.7848
0,24,1,0,2.142e-05,41.6734
0,25,1,0,2.286e-05,41.5723
0,26,1,0,4.09125e-05,41.4803
0,27,1,0,3.6795e-05,41.3943
0,28,1,0,5.0025e-06,41.3137
0,29,1,0,3.44625e-05,41.2412
0,30,1,0,1.716e-05,41.1733
0,31,1,0,3.858e-05,41.1119
0,32,1,0,8.58e-06,41.0538
0,33,1,0,2.856e-05,41.0017
0,34,1,0,2.6445e-05,40.9541
0,35,1,0,2.1075e-05,40.9102
0,36,1,0,5.17875e-05,40.8698
0,37,1,0,4.464e-05,40.8314
0,38,1,0,3.1785e-05,40.7959
0,39,1,0,5.18175e-05,40.764
0,40,1,0,4.3935e-05,40.7334
0,41,1,0,3.144e-05,40.7044
0,42,1,0,5.26875e-05,40.6788
0,43,1,0,8.58e-06,40.653
0,44,1,0,6.288e-05,40.6324
0,45,1,0,4.12725e-05,40.6111
0,46,1,0,2.43e-05,40.5908
0,47,1,0,2.91075e-05,40.573
0,48,1,0,2.2155e-05,40.5558
0,49,1,0,2.073e-05,40.5404
0,50,1,0,3.6435e-05,40.5277
0,51,1,0,4.716e-05,40.5158
0,52,1,0,1.51725e-05,40.5031
0,53,1,0,3.12375e-05,40.4929
0,54,1,0,5.4285e-05,40.4836
0,55,1,0,3.7515e-05,40.4738
0,56,1,0,5.7885e-05,40.4658
0,57,1,0,6.1785e-05,40.4567
0,58,1,0,2.856e-05,40.4466
0,59,1,0,3.1785e-05,40.4389
0,60,1,0,6.98175e-05,40.4336
0,61,1,0,3.858e-05,40.4269
0,62,1,0,1.839e-05,40.4209
0,63,1,0,5.28525e-05,40.4168
0,64,1,0,8.02856e-05,40.412
0,65,1,0,2.142e-05,40.4024
0,66,1,0,7.09125e-05,40.3958
0,67,1,0,1.2495e-05,40.3864
0,68,1,0,5.856e-05,40.3813
0,69,1,0,2.37525e-05,40.3744
0,70,1,0,3e-05,40.3687
0,71,1,0,3e-05,40.3641
0,72,1,0,3.76875e-05,40.3609
0,73,1,0,5.2515e-05,40.3581
0,74,1,0,5.499e-05,40.3549
0,75,1,0,4.5885e-05,40.3515
0,76,1,0,2.178e-05,40.348
0,77,1,0,2.6775e-05,40.3449
0,78,1,0,2.499e-05,40.3416
0,79,1,0,4.3425e-05,40.3391
0,80,1,0,4.60875e-05,40.3351
0,81,1,0,3.96525e-05,40.331
0,82,1,0,5.1075e-05,40.3278
0,83,1,0,4.3935e-05,40.3239
0,84,1,0,1.572e-05,40.3194
0,85,1,0,3.714e-05,40.3172
0,86,1,0,7.14e-06,40.3153
0,87,1,0,6.357e-05,40.3172
0,88,1,0,7.73325e-05,40.3171
0,89,1,0,1.428e-05,40.313
0,90,1,0,4.3575e-05,40.312
0,91,1,0,6.73275e-05,40.3105
0,92,1,0,3.615e-05,40.3064
0,93,1,0,2.05275e-05,40.3025
0,94,1,0,1.51875e-05,40.2997
0,95,1,0,4.6425e-05,40.2986
0,96,1,0,1.572e-05,40.2965
0,97,1,0,3.62025e-05,40.2964
0,98,1,0,4.46475e-05,40.2956
0,99,1,0,2.286e-05,40.2936
0,100,1,0,2.9655e-05,40.2931
0,101,1,0,5.06925e-05,40.2933
0,102,1,0,3.57e-05,40.2923
0,103,1,0,6.37725e-05,40.292
0,104,1,0,7.14e-06,40.289
0,105,1,0,1.53525e-05,40.289
0,106,1,0,6.00375e-05,40.2914
0,107,1,0,6.1095e-05,40.2919
0,108,1,0,4.716e-05,40.2912
0,109,1,0,5.10825e-05,40.2906
0,110,1,0,6.0345e-05,40.2902
0,111,1,0,7.4295e-05,40.2888
0,112,1,0,4.716e-05,40.2847
0,113,1,0,2.286e-05,40.2806
0,114,1,0,4.51725e-05,40.2789
0,115,1,0,2.7855e-05,40.2763
0,116,1,0,3.44625e-05,40.2745
0,117,1,0,1.51725e-05,40.2715
0,118,1,0,3.6255e-05,40.2704
0,119,1,0,2.76675e-05,40.2692
0,120,1,0,6.573e-05,40.2696
0,121,1,0,5.736e-05,40.2675
0,122,1,0,1.428e-05,40.2641
0,123,1,0,3.003e-05,40.2634
0,124,1,0,4.8945e-05,40.2636
0,125,1,0,7.64325e-05,40.2632
0,126,1,0,2.856e-05,40.2588
0,127,1,0,3e-05,40.2555
0,0,2,0,1.85006e-05,51.5859
0,1,2,0,0,50.7844
0,2,2,0,1.2495e-05,49.8213
0,3,2,0,1.0725e-06,48.8824
0,4,2,0,0,48.0265
0,5,2,0,0,47.2646
0,6,2,0,0,46.5908
0,7,2,0,0,45.9958
0,8,2,0,3.57e-06,45.4697
0,9,2,0,0,45.003
0,10,2,0,0,44.5868
0,11,2,0,4.4625e-06,44.2155
0,12,2,0,1.0725e-06,43.8829
0,13,2,0,0,43.584
0,14,2,0,6.2475e-06,43.3153
0,15,2,0,0,43.0723
0,16,2,0,3.2175e-06,42.8526
0,17,2,0,8.925e-06,42.6523
0,18,2,0,2.145e-06,42.4691
0,19,2,0,0,42.3019
0,20,2,0,0,42.1489
0,21,2,0,0,42.0091
0,22,2,0,0,41.8807
0,23,2,0,2.145e-06,41.7625
0,24,2,0,0,41.6536
0,25,2,0,0,41.5539
0,26,2,0,6.2475e-06,41.4626
0,27,2,0,0,41.3777
0,28,2,0,1.07175e-05,41.2995
0,29,2,0,0,41.2269
0,30,2,0,0,41.1601
0,31,2,0,0,41.0989
0,32,2,0,0,41.0421
0,33,2,0,0,40.9903
0,34,2,0,6.435e-06,40.9428
0,35,2,0,3.57e-06,40.8988
0,36,2,0,1.0725e-06,40.858
0,37,2,0,1.785e-06,40.8201
0,38,2,0,5.355e-06,40.7851
0,39,2,0,0,40.7526
0,40,2,0,8.925e-06,40.7226
0,41,2,0,0,40.6939
0,42,2,0,4.29e-06,40.668
0,43,2,0,0,40.6433
0,44,2,0,0,40.6213
0,45,2,0,7.5075e-06,40.6007
0,46,2,0,0,40.5809
0,47,2,0,3.57e-06,40.563
0,48,2,0,0,40.5462
0,49,2,0,3.57e-06,40.5311
0,50,2,0,2.145e-06,40.5175
0,51,2,0,0,40.505
0,52,2,0,6.2475e-06,40.4933
0,53,2,0,0,40.4824
0,54,2,0,5.715e-06,40.4727
0,55,2,0,9.645e-06,40.4635
0,56,2,0,6.435e-06,40.4545
0,57,2,0,0,40.4455
0,58,2,0,7.14e-06,40.4371
0,59,2,0,5.355e-06,40.4295
0,60,2,0,3.57e-06,40.423
0,61,2,0,0,40.4166
0,62,2,0,9.1125e-06,40.4112
0,63,2,0,7.1475e-06,40.4062
0,64,2,0,2.38556e-05,40.4011
0,65,2,0,0,40.3926
0,66,2,0,0,40.3851
0,67,2,0,0,40.3776
0,68,2,0,0,40.3713
0,69,2,0,0,40.3652
0,70,2,0,0,40.3598
0,71,2,0,0,40.3552
0,72,2,0,0,40.3513
0,73,2,0,0,40.3479
0,74,2,0,3.57e-06,40.3447
0,75,2,0,0,40.3414
0,76,2,0,1.62525e-05,40.3387
0,77,2,0,8.925e-06,40.3353
0,78,2,0,3.57e-06,40.3317
0,79,2,0,0,40.3283
0,80,2,0,0,40.3247
0,81,2,0,0,40.3211
0,82,2,0,0,40.3179
0,83,2,0,5.355e-06,40.3147
0,84,2,0,0,40.3113
0,85,2,0,0,40.3089
0,86,2,0,0,40.3074
0,87,2,0,8.0325e-06,40.3071
0,88,2,0,2.6775e-06,40.3058
0,89,2,0,0,40.3035
0,90,2,0,0,40.3018
0,91,2,0,8.3925e-06,40.3003
0,92,2,0,1.263e-05,40.2977
0,93,2,0,6.2475e-06,40.2946
0,94,2,0,2.145e-06,40.292
0,95,2,0,6.435e-06,40.2903
0,96,2,0,0,40.2884
0,97,2,0,0,40.2874
0,98,2,0,0,40.2863
0,99,2,0,0,40.2851
0,100,2,0,0,40.2845
0,101,2,0,1.45125e-05,40.2845
0,102,2,0,0,40.2832
0,103,2,0,0,40.2823
0,104,2,0,0,40.2812
0,105,2,0,7.5075e-06,40.2811
0,106,2,0,8.925e-07,40.2814
0,107,2,0,0,40.2813
0,108,2,0,0,40.2808
0,109,2,0,3.2175e-06,40.2803
0,110,2,0,5.355e-06,40.2794
0,111,2,0,3.57e-06,40.2777
0,112,2,0,0,40.275
0,113,2,0,0,40.2723
0,114,2,0,6.2475e-06,40.2704
0,115,2,0,2.145e-06,40.2682
0,116,2,0,2.6775e-06,40.2662
0,117,2,0,0,40.2642
0,118,2,0,6.2475e-06,40.2629
0,119,2,0,0,40.2615
0,120,2,0,4.29e-06,40.2607
0,121,2,0,0,40.259
0,122,2,0,0,40.2571
0,123,2,0,0,40.256
0,124,2,0,1.785e-06,40.2553
0,125,2,0,6.4275e-06,40.2544
0,126,2,0,0,40.2518
0,127,2,0,0,40.2497
0,0,3,0,1.85006e-05,50.0507
0,1,3,0,0,49.5375
0,2,3,0,0,48.8751
0,3,3,0,0,48.1721
0,4,3,0,0,47.4883
0,5,3,0,0,46.8502
0,6,3,0,0,46.2666
0,7,3,0,0,45.7381
0,8,3,0,0,45.2617
0,9,3,0,0,44.8328
0,10,3,0,0,44.4463
0,11,3,0,0,44.0981
0,12,3,0,0,43.7837
0,13,3,0,0,43.4995
0,14,3,0,0,43.2422
0,15,3,0,0,43.0087
0,16,3,0,0,42.7963
0,17,3,0,0,42.6025
0,18,3,0,0,42.4251
0,19,3,0,0,42.2628
0,20,3,0,0,42.114
0,21,3,0,0,41.9776
0,22,3,0,0,41.8521
0,23,3,0,0,41.7367
0,24,3,0,0,41.6304
0,25,3,0,0,41.5326
0,26,3,0,0,41.4425
0,27,3,0,0,41.3593
0,28,3,0,0,41.2824
0,29,3,0,0,41.2112
0,30,3,0,0,41.1456
0,31,3,0,0,41.0851
0,32,3,0,0,41.0292
0,33,3,0,0,40.9778
0,34,3,0,0,40.9305
0,35,3,0,0,40.8867
0,36,3,0,0,40.8462
0,37,3,0,0,40.8086
0,38,3,0,0,40.7738
0,39,3,0,0,40.7414
0,40,3,0,0,40.7114
0,41,3,0,0,40.6834
0,42,3,0,0,40.6574
0,43,3,0,0,40.6333
0,44,3,0,0,40.6111
0,45,3,0,0,40.5904
0,46,3,0,0,40.5711
0,47,3,0,0,40.5533
0,48,3,0,0,40.5368
0,49,3,0,0,40.5217
0,50,3,0,0,40.5079
0,51,3,0,0,40.4952
0,52,3,0,0,40.4834
0,53,3,0,0,40.4725
0,54,3,0,0,40.4624
0,55,3,0,0,40.453
0,56,3,0,0,40.444
0,57,3,0,0,40.4353
0,58,3,0,0,40.4273
0,59,3,0,0,40.4199
0,60,3,0,0,40.4132
0,61,3,0,0,40.407
0,62,3,0,0,40.4014
0,63,3,0,0,40.3961
0,64,3,0,1.85006e-05,40.3911
0,65,3,0,0,40.3833
0,66,3,0,0,40.3759
0,67,3,0,0,40.369
0,68,3,0,0,40.3627
0,69,3,0,0,40.3568
0,70,3,0,0,40.3515
0,71,3,0,0,40.3468
0,72,3,0,0,40.3427
0,73,3,0,0,40.3389
0,74,3,0,0,40.3355
0,75,3,0,0,40.3321
0,76,3,0,0,40.3289
0,77,3,0,0,40.3256
0,78,3,0,0,40.3222
0,79,3,0,0,40.3189
0,80,3,0,0,40.3156
0,81,3,0,0,40.3123
0,82,3,0,0,40.3092
0,83,3,0,0,40.3062
0,84,3,0,0,40.3034
0,85,3,0,0,40.3011
0,86,3,0,0,40.2993
0,87,3,0,0,40.298
0,88,3,0,0,40.2964
0,89,3,0,0,40.2946
0,90,3,0,0,40.2927
0,91,3,0,0,40.2909
0,92,3,0,0,40.2887
0,93,3,0,0,40.2863
0,94,3,0,0,40.2841
0,95,3,0,0,40.2823
0,96,3,0,0,40.2807
0,97,3,0,0,40.2794
0,98,3,0,0,40.2783
0,99,3,0,0,40.2772
0,100,3,0,0,40.2764
0,101,3,0,0,40.2758
0,102,3,0,0,40.2749
0,103,3,0,0,40.2741
0,104,3,0,0,40.2733
0,105,3,0,0,40.2729
0,106,3,0,0,40.2726
0,107,3,0,0,40.2722
0,108,3,0,0,40.2717
0,109,3,0,0,40.2709
0,110,3,0,0,40.2699
0,111,3,0,0,40.2683
0,112,3,0,0,40.2664
0,113,3,0,0,40.2643
0,114,3,0,0,40.2624
0,115,3,0,0,40.2605
0,116,3,0,0,40.2587
0,117,3,0,0,40.257
0,118,3,0,0,40.2556
0,119,3,0,0,40.2543
0,120,3,0,0,40.2531
0,121,3,0,0,40.2517
0,122,3,0,0,40.2503
0,123,3,0,0,40.2492
0,124,3,0,0,40.2482
0,125,3,0,0,40.247
0,126,3,0,0,40.2455
0,127,3,0,0,40.2442
0,0,4,0,1.85006e-05,48.8455
0,1,4,0,0,48.4884
0,2,4,0,0,48.0135
0,3,4,0,0,47.4824
0,4,4,0,0,46.9399
0,5,4,0,0,46.4128
0,6,4,0,0,45.9153
0,7,4,0,0,45.4534
0,8,4,0,0,45.0286
0,9,4,0,0,44.6401
0,10,4,0,0,44.2858
0,11,4,0,0,43.9631
0,12,4,0,0,43.6692
0,13,4,0,0,43.4016
0,14,4,0,0,43.1578
0,15,4,0,0,42.9352
0,16,4,0,0,42.7319
0,17,4,0,0,42.5458
0,18,4,0,0,42.3751
0,19,4,0,0,42.2184
0,20,4,0,0,42.0744
0,21,4,0,0,41.9421
0,22,4,0,0,41.8202
0,23,4,0,0,41.7079
0,24,4,0,0,41.6043
0,25,4,0,0,41.5088
0,26,4,0,0,41.4207
0,27,4,0,0,41.3392
0,28,4,0,0,41.2639
0,29,4,0,0,41.1943
0,30,4,0,0,41.1299
0,31,4,0,0,41.0704
0,32,4,0,0,41.0154
0,33,4,0,0,40.9647
0,34,4,0,0,40.9178
0,35,4,0,0,40.8745
0,36,4,0,0,40.8343
0,37,4,0,0,40.7971
0,38,4,0,0,40.7626
0,39,4,0,0,40.7305
0,40,4,0,0,40.7008
0,41,4,0,0,40.6731
0,42,4,0,0,40.6474
0,43,4,0,0,40.6236
0,44,4,0,0,40.6015
0,45,4,0,0,40.581
0,46,4,0,0,40.5619
0,47,4,0,0,40.5443
0,48,4,0,0,40.5279
0,49,4,0,0,40.5129
0,50,4,0,0,40.499
0,51,4,0,0,40.4862
0,52,4,0,0,40.4744
0,53,4,0,0,40.4634
0,54,4,0,0,40.4532
0,55,4,0,0,40.4437
0,56,4,0,0,40.4347
0,57,4,0,0,40.4263
0,58,4,0,0,40.4184
0,59,4,0,0,40.4111
0,60,4,0,0,40.4044
0,61,4,0,0,40.3983
0,62,4,0,0,40.3926
0,63,4,0,0,40.3874
0,64,4,0,1.85006e-05,40.3825
0,65,4,0,0,40.3749
0,66,4,0,0,40.3678
0,67,4,0,0,40.3611
0,68,4,0,0,40.3549
0,69,4,0,0,40.3492
0,70,4,0,0,40.344
0,71,4,0,0,40.3392
0,72,4,0,0,40.335
0,73,4,0,0,40.331
0,74,4,0,0,40.3274
0,75,4,0,0,40.3239
0,76,4,0,0,40.3206
0,77,4,0,0,40.3173
0,78,4,0,0,40.314
0,79,4,0,0,40.3108
0,80,4,0,0,40.3076
0,81,4,0,0,40.3045
0,82,4,0,0,40.3016
0,83,4,0,0,40.2988
0,84,4,0,0,40.2962
0,85,4,0,0,40.2939
0,86,4,0,0,40.292
0,87,4,0,0,40.2903
0,88,4,0,0,40.2885
0,89,4,0,0,40.2867
0,90,4,0,0,40.2849
0,91,4,0,0,40.283
0,92,4,0,0,40.281
0,93,4,0,0,40.2789
0,94,4,0,0,40.277
0,95,4,0,0,40.2753
0,96,4,0,0,40.2737
0,97,4,0,0,40.2724
0,98,4,0,0,40.2712
0,99,4,0,0,40.2702
0,100,4,0,0,40.2693
0,101,4,0,0,40.2685
0,102,4,0,0,40.2676
0,103,4,0,0,40.2668
0,104,4,0,0,40.2661
0,105,4,0,0,40.2655
0,106,4,0,0,40.265
0,107,4,0,0,40.2644
0,108,4,0,0,40.2637
0,109,4,0,0,40.2629
0,110,4,0,0,40.2618
0,111,4,0,0,40.2605
0,112,4,0,0,40.2588
0,113,4,0,0,40.2571
0,114,4,0,0,40.2554
0,115,4,0,0,40.2538
0,116,4,0,0,40.2522
0,117,4,0,0,40.2506
0,118,4,0,0,40.2493
0,119,4,0,0,40.248
0,120,4,0,0,40.2467
0,121,4,0,0,40.2455
0,122,4,0,0,40.2442
0,123,4,0,0,40.2431
0,124,4,0,0,40.2421
0,125,4,0,0,40.2411
0,126,4,0,0,40.24
0,127,4,0,0,40.2391
0,0,5,0,1.85006e-05,47.8585
0,1,5,0,0,47.5987
0,2,5,0,0,47.2468
0,3,5,0,0,46.8395
0,4,5,0,0,46.408
0,5,5,0,0,45.9748
0,6,5,0,0,45.5544
0,7,5,0,0,45.1549
0,8,5,0,0,44.7805
0,9,5,0,0,44.4325
0,10,5,0,0,44.111
0,11,5,0,0,43.8149
0,12,5,0,0,43.5429
0,13,5,0,0,43.2931
0,14,5,0,0,43.0639
0,15,5,0,0,42.8536
0,16,5,0,0,42.6604
0,17,5,0,0,42.4829
0,18,5,0,0,42.3196
0,19,5,0,0,42.1692
0,20,5,0,0,42.0307
0,21,5,0,0,41.903
0,22,5,0,0,41.7851
0,23,5,0,0,41.6763
0,24,5,0,0,41.5758
0,25,5,0,0,41.483
0,26,5,0,0,41.3971
0,27,5,0,0,41.3177
0,28,5,0,0,41.2442
0,29,5,0,0,41.1761
0,30,5,0,0,41.1131
0,31,5,0,0,41.0548
0,32,5,0,0,41.0009
0,33,5,0,0,40.951
0,34,5,0,0,40.9048
0,35,5,0,0,40.8621
0,36,5,0,0,40.8224
0,37,5,0,0,40.7857
0,38,5,0,0,40.7516
0,39,5,0,0,40.7199
0,40,5,0,0,40.6905
0,41,5,0,0,40.6632
0,42,5,0,0,40.6378
0,43,5,0,0,40.6143
0,44,5,0,0,40.5924
0,45,5,0,0,40.5722
0,46,5,0,0,40.5533
0,47,5,0,0,40.5358
0,48,5,0,0,40.5197
0,49,5,0,0,40.5047
0,50,5,0,0,40.4909
0,51,5,0,0,40.4781
0,52,5,0,0,40.4662
0,53,5,0,0,40.4553
0,54,5,0,0,40.445
0,55,5,0,0,40.4355
0,56,5,0,0,40.4266
0,57,5,0,0,40.4183
0,58,5,0,0,40.4105
0,59,5,0,0,40.4033
0,60,5,0,0,40.3967
0,61,5,0,0,40.3906
0,62,5,0,0,40.3849
0,63,5,0,0,40.3798
0,64,5,0,1.85006e-05,40.375
0,65,5,0,0,40.3676
0,66,5,0,0,40.3607
0,67,5,0,0,40.3541
0,68,5,0,0,40.3481
0,69,5,0,0,40.3424
0,70,5,0,0,40.3373
0,71,5,0,0,40.3325
0,72,5,0,0,40.3281
0,73,5,0,0,40.3241
0,74,5,0,0,40.3204
0,75,5,0,0,40.3168
0,76,5,0,0,40.3134
0,77,5,0,0,40.3101
0,78,5,0,0,40.3069
0,79,5,0,0,40.3038
0,80,5,0,0,40.3007
0,81,5,0,0,40.2978
0,82,5,0,0,40.295
0,83,5,0,0,40.2923
0,84,5,0,0,40.2899
0,85,5,0,0,40.2876
0,86,5,0,0,40.2855
0,87,5,0,0,40.2836
0,88,5,0,0,40.2818
0,89,5,0,0,40.28
0,90,5,0,0,40.2781
0,91,5,0,0,40.2763
0,92,5,0,0,40.2744
0,93,5,0,0,40.2725
0,94,5,0,0,40.2708
0,95,5,0,0,40.2691
0,96,5,0,0,40.2676
0,97,5,0,0,40.2663
0,98,5,0,0,40.2651
0,99,5,0,0,40.264
0,100,5,0,0,40.2631
0,101,5,0,0,40.2622
0,102,5,0,0,40.2613
0,103,5,0,0,40.2605
0,104,5,0,0,40.2598
0,105,5,0,0,40.2591
0,106,5,0,0,40.2585
0,107,5,0,0,40.2578
0,108,5,0,0,40.257
0,109,5,0,0,40.2561
0,110,5,0,0,40.2551
0,111,5,0,0,40.2538
0,112,5,0,0,40.2524
0,113,5,0,0,40.251
0,114,5,0,0,40.2495
0,115,5,0,0,40.248
0,116,5,0,0,40.2465
0,117,5,0,0,40.2451
0,118,5,0,0,40.2438
0,119,5,0,0,40.2425
0,120,5,0,0,40.2413
0,121,5,0,0,40.2401
0,122,5,0,0,40.239
0,123,5,0,0,40.2379
0,124,5,0,0,40.237
0,125,5,0,0,40.2361
0,126,5,0,0,40.2353
0,127,5,0,0,40.2346
0,0,6,0,1.85006e-05,47.0319
0,1,6,0,0,46.8371
0,2,6,0,0,46.5695
0,3,6,0,0,46.2521
0,4,6,0,0,45.9066
0,5,6,0,0,45.5505
0,6,6,0,0,45.1966
0,7,6,0,0,44.8533
0,8,6,0,0,44.5256
0,9,6,0,0,44.2166
0,10,6,0,0,43.9272
0,11,6,0,0,43.6578
0,12,6,0,0,43.4079
0,13,6,0,0,43.1766
0,14,6,0,0,42.9628
0,15,6,0,0,42.7654
0,16,6,0,0,42.5831
0,17,6,0,0,42.4149
0,18,6,0,0,42.2595
0,19,6,0,0,42.116
0,20,6,0,0,41.9833
0,21,6,0,0,41.8607
0,22,6,0,0,41.7473
0,23,6,0,0,41.6423
0,24,6,0,0,41.5452
0,25,6,0,0,41.4553
0,26,6,0,0,41.372
0,27,6,0,0,41.2948
0,28,6,0,0,41.2233
0,29,6,0,0,41.157
0,30,6,0,0,41.0955
0,31,6,0,0,41.0385
0,32,6,0,0,40.9858
0,33,6,0,0,40.9368
0,34,6,0,0,40.8915
0,35,6,0,0,40.8495
0,36,6,0,0,40.8105
0,37,6,0,0,40.7743
0,38,6,0,0,40.7407
0,39,6,0,0,40.7096
0,40,6,0,0,40.6806
0,41,6,0,0,40.6537
0,42,6,0,0,40.6287
0,43,6,0,0,40.6055
0,44,6,0,0,40.5839
0,45,6,0,0,40.5639
0,46,6,0,0,40.5453
0,47,6,0,0,40.528
0,48,6,0,0,40.512
0,49,6,0,0,40.4972
0,50,6,0,0,40.4835
0,51,6,0,0,40.4707
0,52,6,0,0,40.4589
0,53,6,0,0,40.448
0,54,6,0,0,40.4378
0,55,6,0,0,40.4283
0,56,6,0,0,40.4194
0,57,6,0,0,40.4112
0,58,6,0,0,40.4035
0,59,6,0,0,40.3964
0,60,6,0,0,40.3899
0,61,6,0,0,40.3838
0,62,6,0,0,40.3783
0,63,6,0,0,40.3732
0,64,6,0,1.85006e-05,40.3685
0,65,6,0,0,40.3612
0,66,6,0,0,40.3544
0,67,6,0,0,40.348
0,68,6,0,0,40.3421
0,69,6,0,0,40.3365
0,70,6,0,0,40.3314
0,71,6,0,0,40.3266
0,72,6,0,0,40.3222
0,73,6,0,0,40.3181
0,74,6,0,0,40.3143
0,75,6,0,0,40.3107
0,76,6,0,0,40.3073
0,77,6,0,0,40.304
0,78,6,0,0,40.3009
0,79,6,0,0,40.2978
0,80,6,0,0,40.2949
0,81,6,0,0,40.292
0,82,6,0,0,40.2893
0,83,6,0,0,40.2868
0,84,6,0,0,40.2844
0,85,6,0,0,40.2821
0,86,6,0,0,40.28
0,87,6,0,0,40.2781
0,88,6,0,0,40.2762
0,89,6,0,0,40.2743
0,90,6,0,0,40.2725
0,91,6,0,0,40.2706
0,92,6,0,0,40.2688
0,93,6,0,0,40.2671
0,94,6,0,0,40.2654
0,95,6,0,0,40.2638
0,96,6,0,0,40.2624
0,97,6,0,0,40.2611
0,98,6,0,0,40.2599
0,99,6,0,0,40.2588
0,100,6,0,0,40.2578
0,101,6,0,0,40.2569
0,102,6,0,0,40.256
0,103,6,0,0,40.2552
0,104,6,0,0,40.2544
0,105,6,0,0,40.2537
0,106,6,0,0,40.253
0,107,6,0,0,40.2523
0,108,6,0,0,40.2514
0,109,6,0,0,40.2505
0,110,6,0,0,40.2495
0,111,6,0,0,40.2484
0,112,6,0,0,40.2471
0,113,6,0,0,40.2458
0,114,6,0,0,40.2444
0,115,6,0,0,40.243
0,116,6,0,0,40.2417
0,117,6,0,0,40.2404
0,118,6,0,0,40.2391
0,119,6,0,0,40.2379
0,120,6,0,0,40.2367
0,121,6,0,0,40.2356
0,122,6,0,0,40.2346
0,123,6,0,0,40.2336
0,124,6,0,0,40.2327
0,125,6,0,0,40.2319
0,126,6,0,0,40.2312
0,127,6,0,0,40.2307
0,0,7,0,1.85006e-05,46.3294
0,1,7,0,0,46.1797
0,2,7,0,0,45.9718
0,3,7,0,0,45.7208
0,4,7,0,0,45.4418
0,5,7,0,0,45.1481
0,6,7,0,0,44.8503
0,7,7,0,0,44.5561
0,8,7,0,0,44.2708
0,9,7,0,0,43.9978
0,10,7,0,0,43.739
0,11,7,0,0,43.4955
0,12,7,0,0,43.2674
0,13,7,0,0,43.0545
0,14,7,0,0,42.8564
0,15,7,0,0,42.6722
0,16,7,0,0,42.5013
0,17,7,0,0,42.3427
0,18,7,0,0,42.1957
0,19,7,0,0,42.0594
0,20,7,0,0,41.933
0,21,7,0,0,41.8158
0,22,7,0,0,41.7071
0,23,7,0,0,41.6063
0,24,7,0,0,41.5127
0,25,7,0,0,41.426
0,26,7,0,0,41.3455
0,27,7,0,0,41.2707
0,28,7,0,0,41.2013
0,29,7,0,0,41.1369
0,30,7,0,0,41.0771
0,31,7,0,0,41.0216
0,32,7,0,0,40.9701
0,33,7,0,0,40.9223
0,34,7,0,0,40.8779
0,35,7,0,0,40.8368
0,36,7,0,0,40.7985
0,37,7,0,0,40.763
0,38,7,0,0,40.73
0,39,7,0,0,40.6994
0,40,7,0,0,40.6709
0,41,7,0,0,40.6445
0,42,7,0,0,40.6199
0,43,7,0,0,40.5971
0,44,7,0,0,40.5758
0,45,7,0,0,40.5561
0,46,7,0,0,40.5378
0,47,7,0,0,40.5208
0,48,7,0,0,40.505
0,49,7,0,0,40.4904
0,50,7,0,0,40.4768
0,51,7,0,0,40.4641
0,52,7,0,0,40.4524
0,53,7,0,0,40.4415
0,54,7,0,0,40.4314
0,55,7,0,0,40.4219
0,56,7,0,0,40.4132
0,57,7,0,0,40.405
0,58,7,0,0,40.3974
0,59,7,0,0,40.3904
0,60,7,0,0,40.384
0,61,7,0,0,40.378
0,62,7,0,0,40.3725
0,63,7,0,0,40.3675
0,64,7,0,1.85006e-05,40.3629
0,65,7,0,0,40.3558
0,66,7,0,0,40.3491
0,67,7,0,0,40.3428
0,68,7,0,0,40.3369
0,69,7,0,0,40.3314
0,70,7,0,0,40.3263
0,71,7,0,0,40.3216
0,72,7,0,0,40.3172
0,73,7,0,0,40.3131
0,74,7,0,0,40.3093
0,75,7,0,0,40.3056
0,76,7,0,0,40.3022
0,77,7,0,0,40.299
0,78,7,0,0,40.2959
0,79,7,0,0,40.2929
0,80,7,0,0,40.29
0,81,7,0,0,40.2872
0,82,7,0,0,40.2846
0,83,7,0,0,40.2821
0,84,7,0,0,40.2798
0,85,7,0,0,40.2775
0,86,7,0,0,40.2754
0,87,7,0,0,40.2734
0,88,7,0,0,40.2715
0,89,7,0,0,40.2696
0,90,7,0,0,40.2678
0,91,7,0,0,40.266
0,92,7,0,0,40.2643
0,93,7,0,0,40.2626
0,94,7,0,0,40.261
0,95,7,0,0,40.2594
0,96,7,0,0,40.258
0,97,7,0,0,40.2567
0,98,7,0,0,40.2555
0,99,7,0,0,40.2544
0,100,7,0,0,40.2534
0,101,7,0,0,40.2524
0,102,7,0,0,40.2516
0,103,7,0,0,40.2508
0,104,7,0,0,40.25
0,105,7,0,0,40.2492
0,106,7,0,0,40.2485
0,107,7,0,0,40.2477
0,108,7,0,0,40.2469
0,109,7,0,0,40.246
0,110,7,0,0,40.245
0,111,7,0,0,40.2439
0,112,7,0,0,40.2428
0,113,7,0,0,40.2416
0,114,7,0,0,40.2403
0,115,7,0,0,40.239
0,116,7,0,0,40.2378
0,117,7,0,0,40.2365
0,118,7,0,0,40.2353
0,119,7,0,0,40.2342
0,120,7,0,0,40.233
0,121,7,0,0,40.232
0,122,7,0,0,40.2309
0,123,7,0,0,40.23
0,124,7,0,0,40.2292
0,125,7,0,0,40.2284
0,126,7,0,0,40.2278
0,127,7,0,0,40.2274
0,0,8,0,1.85006e-05,45.7254
0,1,8,0,0,45.608
0,2,8,0,0,45.4436
0,3,8,0,0,45.2423
0,4,8,0,0,45.015
0,5,8,0,0,44.7716
0,6,8,0,0,44.5206
0,7,8,0,0,44.2688
0,8,8,0,0,44.0209
0,9,8,0,0,43.7807
0,10,8,0,0,43.5503
0,11,8,0,0,43.3312
0,12,8,0,0,43.1241
0,13,8,0,0,42.9292
0,14,8,0,0,42.7465
0,15,8,0,0,42.5757
0,16,8,0,0,42.4162
0,17,8,0,0,42.2675
0,18,8,0,0,42.1291
0,19,8,0,0,42.0002
0,20,8,0,0,41.8802
0,21,8,0,0,41.7687
0,22,8,0,0,41.6649
0,23,8,0,0,41.5685
0,24,8,0,0,41.4788
0,25,8,0,0,41.3953
0,26,8,0,0,41.3178
0,27,8,0,0,41.2456
0,28,8,0,0,41.1785
0,29,8,0,0,41.1161
0,30,8,0,0,41.0581
0,31,8,0,0,41.0042
0,32,8,0,0,40.9541
0,33,8,0,0,40.9075
0,34,8,0,0,40.8642
0,35,8,0,0,40.824
0,36,8,0,0,40.7866
0,37,8,0,0,40.7518
0,38,8,0,0,40.7195
0,39,8,0,0,40.6895
0,40,8,0,0,40.6616
0,41,8,0,0,40.6356
0,42,8,0,0,40.6115
0,43,8,0,0,40.5891
0,44,8,0,0,40.5683
0,45,8,0,0,40.5489
0,46,8,0,0,40.5309
0,47,8,0,0,40.5142
0,48,8,0,0,40.4987
0,49,8,0,0,40.4842
0,50,8,0,0,40.4708
0,51,8,0,0,40.4583
0,52,8,0,0,40.4467
0,53,8,0,0,40.4358
0,54,8,0,0,40.4258
0,55,8,0,0,40.4165
0,56,8,0,0,40.4078
0,57,8,0,0,40.3997
0,58,8,0,0,40.3922
0,59,8,0,0,40.3853
0,60,8,0,0,40.379
0,61,8,0,0,40.3731
0,62,8,0,0,40.3677
0,63,8,0,0,40.3628
0,64,8,0,1.85006e-05,40.3583
0,65,8,0,0,40.3512
0,66,8,0,0,40.3446
0,67,8,0,0,40.3384
0,68,8,0,0,40.3326
0,69,8,0,0,40.3272
0,70,8,0,0,40.3221
0,71,8,0,0,40.3174
0,72,8,0,0,40.313
0,73,8,0,0,40.3089
0,74,8,0,0,40.3051
0,75,8,0,0,40.3015
0,76,8,0,0,40.2981
0,77,8,0,0,40.2949
0,78,8,0,0,40.2918
0,79,8,0,0,40.2889
0,80,8,0,0,40.2861
0,81,8,0,0,40.2834
0,82,8,0,0,40.2808
0,83,8,0,0,40.2784
0,84,8,0,0,40.2761
0,85,8,0,0,40.2739
0,86,8,0,0,40.2718
0,87,8,0,0,40.2698
0,88,8,0,0,40.2678
0,89,8,0,0,40.2659
0,90,8,0,0,40.2641
0,91,8,0,0,40.2623
0,92,8,0,0,40.2606
0,93,8,0,0,40.259
0,94,8,0,0,40.2574
0,95,8,0,0,40.2559
0,96,8,0,0,40.2545
0,97,8,0,0,40.2532
0,98,8,0,0,40.252
0,99,8,0,0,40.2509
0,100,8,0,0,40.2498
0,101,8,0,0,40.2489
0,102,8,0,0,40.2481
0,103,8,0,0,40.2472
0,104,8,0,0,40.2465
0,105,8,0,0,40.2457
0,106,8,0,0,40.245
0,107,8,0,0,40.2442
0,108,8,0,0,40.2433
0,109,8,0,0,40.2425
0,110,8,0,0,40.2415
0,111,8,0,0,40.2405
0,112,8,0,0,40.2394
0,113,8,0,0,40.2383
0,114,8,0,0,40.2371
0,115,8,0,0,40.2359
0,116,8,0,0,40.2347
0,117,8,0,0,40.2335
0,118,8,0,0,40.2324
0,119,8,0,0,40.2312
0,120,8,0,0,40.2301
0,121,8,0,0,40.2291
0,122,8,0,0,40.2281
0,123,8,0,0,40.2272
0,124,8,0,0,40.2264
0,125,8,0,0,40.2257
0,126,8,0,0,40.2251
0,127,8,0,0,40.2247
0,0,9,0,1.85006e-05,45.2013
0,1,9,0,0,45.1077
0,2,9,0,0,44.9756
0,3,9,0,0,44.8123
0,4,9,0,0,44.6254
0,5,9,0,0,44.4225
0,6,9,0,0,44.2104
0,7,9,0,0,43.9946
0,8,9,0,0,43.7795
0,9,9,0,0,43.5685
0,10,9,0,0,43.364
0,11,9,0,0,43.1676
0,12,9,0,0,42.9803
0,13,9,0,0,42.8027
0,14,9,0,0,42.635
0,15,9,0,0,42.4772
0,16,9,0,0,42.329
0,17,9,0,0,42.1903
0,18,9,0,0,42.0604
0,19,9,0,0,41.9391
0,20,9,0,0,41.8257
0,21,9,0,0,41.72
0,22,9,0,0,41.6213
0,23,9,0,0,41.5294
0,24,9,0,0,41.4436
0,25,9,0,0,41.3637
0,26,9,0,0,41.2892
0,27,9,0,0,41.2197
0,28,9,0,0,41.155
0,29,9,0,0,41.0948
0,30,9,0,0,41.0387
0,31,9,0,0,40.9864
0,32,9,0,0,40.9378
0,33,9,0,0,40.8925
0,34,9,0,0,40.8503
0,35,9,0,0,40.8111
0,36,9,0,0,40.7746
0,37,9,0,0,40.7407
0,38,9,0,0,40.7092
0,39,9,0,0,40.6798
0,40,9,0,0,40.6525
0,41,9,0,0,40.6271
0,42,9,0,0,40.6035
0,43,9,0,0,40.5816
0,44,9,0,0,40.5612
0,45,9,0,0,40.5423
0,46,9,0,0,40.5246
0,47,9,0,0,40.5082
0,48,9,0,0,40.4929
0,49,9,0,0,40.4787
0,50,9,0,0,40.4655
0,51,9,0,0,40.4532
0,52,9,0,0,40.4417
0,53,9,0,0,40.431
0,54,9,0,0,40.421
0,55,9,0,0,40.4118
0,56,9,0,0,40.4032
0,57,9,0,0,40.3953
0,58,9,0,0,40.3879
0,59,9,0,0,40.3811
0,60,9,0,0,40.3748
0,61,9,0,0,40.369
0,62,9,0,0,40.3637
0,63,9,0,0,40.3589
0,64,9,0,1.85006e-05,40.3545
0,65,9,0,0,40.3476
0,66,9,0,0,40.341
0,67,9,0,0,40.3349
0,68,9,0,0,40.3292
0,69,9,0,0,40.3238
0,70,9,0,0,40.3188
0,71,9,0,0,40.3141
0,72,9,0,0,40.3097
0,73,9,0,0,40.3056
0,74,9,0,0,40.3018
0,75,9,0,0,40.2982
0,76,9,0,0,40.2949
0,77,9,0,0,40.2917
0,78,9,0,0,40.2887
0,79,9,0,0,40.2858
0,80,9,0,0,40.2831
0,81,9,0,0,40.2805
0,82,9,0,0,40.278
0,83,9,0,0,40.2756
0,84,9,0,0,40.2733
0,85,9,0,0,40.2711
0,86,9,0,0,40.269
0,87,9,0,0,40.267
0,88,9,0,0,40.2651
0,89,9,0,0,40.2632
0,90,9,0,0,40.2613
0,91,9,0,0,40.2596
0,92,9,0,0,40.2579
0,93,9,0,0,40.2562
0,94,9,0,0,40.2547
0,95,9,0,0,40.2532
0,96,9,0,0,40.2518
0,97,9,0,0,40.2505
0,98,9,0,0,40.2493
0,99,9,0,0,40.2482
0,100,9,0,0,40.2472
0,101,9,0,0,40.2462
0,102,9,0,0,40.2454
0,103,9,0,0,40.2446
0,104,9,0,0,40.2438
0,105,9,0,0,40.2431
0,106,9,0,0,40.2424
0,107,9,0,0,40.2416
0,108,9,0,0,40.2408
0,109,9,0,0,40.2399
0,110,9,0,0,40.239
0,111,9,0,0,40.238
0,112,9,0,0,40.237
0,113,9,0,0,40.2359
0,114,9,0,0,40.2348
0,115,9,0,0,40.2337
0,116,9,0,0,40.2325
0,117,9,0,0,40.2314
0,118,9,0,0,40.2303
0,119,9,0,0,40.2291
0,120,9,0,0,40.228
0,121,9,0,0,40.227
0,122,9,0,0,40.226
0,123,9,0,0,40.2251
0,124,9,0,0,40.2243
0,125,9,0,0,40.2236
0,126,9,0,0,40.2231
0,127,9,0,0,40.2227
0,0,10,0,1.85006e-05,44.7433
0,1,10,0,0,44.6674
0,2,10,0,0,44.5599
0,3,10,0,0,44.4258
0,4,10,0,0,44.2708
0,5,10,0,0,44.1007
0,6,10,0,0,43.9207
0,7,10,0,0,43.7355
0,8,10,0,0,43.5488
0,9,10,0,0,43.3637
0,10,10,0,0,43.1825
0,11,10,0,0,43.0068
0,12,10,0,0,42.838
0,13,10,0,0,42.6766
0,14,10,0,0,42.5232
0,15,10,0,0,42.378
0,16,10,0,0,42.2409
0,17,10,0,0,42.1119
0,18,10,0,0,41.9906
0,19,10,0,0,41.8768
0,20,10,0,0,41.7701
0,21,10,0,0,41.6702
0,22,10,0,0,41.5767
0,23,10,0,0,41.4893
0,24,10,0,0,41.4076
0,25,10,0,0,41.3312
0,26,10,0,0,41.2599
0,27,10,0,0,41.1933
0,28,10,0,0,41.1311
0,29,10,0,0,41.073
0,30,10,0,0,41.0189
0,31,10,0,0,40.9684
0,32,10,0,0,40.9212
0,33,10,0,0,40.8773
0,34,10,0,0,40.8364
0,35,10,0,0,40.7983
0,36,10,0,0,40.7628
0,37,10,0,0,40.7298
0,38,10,0,0,40.699
0,39,10,0,0,40.6704
0,40,10,0,0,40.6438
0,41,10,0,0,40.619
0,42,10,0,0,40.596
0,43,10,0,0,40.5746
0,44,10,0,0,40.5547
0,45,10,0,0,40.5361
0,46,10,0,0,40.5189
0,47,10,0,0,40.5028
0,48,10,0,0,40.4879
0,49,10,0,0,40.4739
0,50,10,0,0,40.4609
0,51,10,0,0,40.4488
0,52,10,0,0,40.4374
0,53,10,0,0,40.4269
0,54,10,0,0,40.417
0,55,10,0,0,40.4079
0,56,10,0,0,40.3995
0,57,10,0,0,40.3916
0,58,10,0,0,40.3844
0,59,10,0,0,40.3777
0,60,10,0,0,40.3715
0,61,10,0,0,40.3659
0,62,10,0,0,40.3607
0,63,10,0,0,40.3559
0,64,10,0,1.85006e-05,40.3516
0,65,10,0,0,40.3447
0,66,10,0,0,40.3383
0,67,10,0,0,40.3322
0,68,10,0,0,40.3265
0,69,10,0,0,40.3212
0,70,10,0,0,40.3162
0,71,10,0,0,40.3116
0,72,10,0,0,40.3072
0,73,10,0,0,40.3032
0,74,10,0,0,40.2994
0,75,10,0,0,40.2959
0,76,10,0,0,40.2926
0,77,10,0,0,40.2894
0,78,10,0,0,40.2865
0,79,10,0,0,40.2837
0,80,10,0,0,40.281
0,81,10,0,0,40.2785
0,82,10,0,0,40.276
0,83,10,0,0,40.2737
0,84,10,0,0,40.2714
0,85,10,0,0,40.2693
0,86,10,0,0,40.2672
0,87,10,0,0,40.2652
0,88,10,0,0,40.2632
0,89,10,0,0,40.2613
0,90,10,0,0,40.2595
0,91,10,0,0,40.2577
0,92,10,0,0,40.256
0,93,10,0,0,40.2544
0,94,10,0,0,40.2528
0,95,10,0,0,40.2513
0,96,10,0,0,40.2499
0,97,10,0,0,40.2486
0,98,10,0,0,40.2474
0,99,10,0,0,40.2463
0,100,10,0,0,40.2453
0,101,10,0,0,40.2444
0,102,10,0,0,40.2436
0,103,10,0,0,40.2428
0,104,10,0,0,40.2421
0,105,10,0,0,40.2414
0,106,10,0,0,40.2407
0,107,10,0,0,40.2399
0,108,10,0,0,40.2391
0,109,10,0,0,40.2383
0,110,10,0,0,40.2374
0,111,10,0,0,40.2365
0,112,10,0,0,40.2355
0,113,10,0,0,40.2345
0,114,10,0,0,40.2334
0,115,10,0,0,40.2323
0,116,10,0,0,40.2312
0,117,10,0,0,40.2301
0,118,10,0,0,40.229
0,119,10,0,0,40.2279
0,120,10,0,0,40.2267
0,121,10,0,0,40.2257
0,122,10,0,0,40.2247
0,123,10,0,0,40.2238
0,124,10,0,0,40.223
0,125,10,0,0,40.2222
0,126,10,0,0,40.2217
0,127,10,0,0,40.2213
0,0,11,0,1.85006e-05,44.3403
0,1,11,0,0,44.278
0,2,11,0,0,44.1894
0,3,11,0,0,44.0782
0,4,11,0,0,43.9487
0,5,11,0,0,43.8052
0,6,11,0,0,43.6518
0,7,11,0,0,43.4924
0,8,11,0,0,43.3302
0,9,11,0,0,43.1678
0,10,11,0,0,43.0074
0,11,11,0,0,42.8506
0,12,11,0,0,42.6986
0,13,11,0,0,42.5524
0,14,11,0,0,42.4125
0,15,11,0,0,42.2793
0,16,11,0,0,42.1529
0,17,11,0,0,42.0332
0,18,11,0,0,41.9203
0,19,11,0,0,41.8139
0,20,11,0,0,41.7138
0,21,11,0,0,41.6198
0,22,11,0,0,41.5315
0,23,11,0,0,41.4487
0,24,11,0,0,41.3711
0,25,11,0,0,41.2984
0,26,11,0,0,41.2302
0,27,11,0,0,41.1665
0,28,11,0,0,41.1068
0,29,11,0,0,41.0511
0,30,11,0,0,40.9989
0,31,11,0,0,40.9502
0,32,11,0,0,40.9047
0,33,11,0,0,40.8622
0,34,11,0,0,40.8226
0,35,11,0,0,40.7856
0,36,11,0,0,40.7511
0,37,11,0,0,40.719
0,38,11,0,0,40.6891
0,39,11,0,0,40.6613
0,40,11,0,0,40.6354
0,41,11,0,0,40.6113
0,42,11,0,0,40.5889
0,43,11,0,0,40.568
0,44,11,0,0,40.5486
0,45,11,0,0,40.5306
0,46,11,0,0,40.5138
0,47,11,0,0,40.4981
0,48,11,0,0,40.4835
0,49,11,0,0,40.4699
0,50,11,0,0,40.4571
0,51,11,0,0,40.4452
0,52,11,0,0,40.434
0,53,11,0,0,40.4236
0,54,11,0,0,40.4138
0,55,11,0,0,40.4048
0,56,11,0,0,40.3965
0,57,11,0,0,40.3888
0,58,11,0,0,40.3817
0,59,11,0,0,40.3752
0,60,11,0,0,40.3691
0,61,11,0,0,40.3636
0,62,11,0,0,40.3584
0,63,11,0,0,40.3538
0,64,11,0,1.85006e-05,40.3495
0,65,11,0,0,40.3427
0,66,11,0,0,40.3363
0,67,11,0,0,40.3303
0,68,11,0,0,40.3247
0,69,11,0,0,40.3195
0,70,11,0,0,40.3145
0,71,11,0,0,40.3099
0,72,11,0,0,40.3056
0,73,11,0,0,40.3016
0,74,11,0,0,40.2978
0,75,11,0,0,40.2944
0,76,11,0,0,40.2911
0,77,11,0,0,40.2881
0,78,11,0,0,40.2852
0,79,11,0,0,40.2825
0,80,11,0,0,40.2799
0,81,11,0,0,40.2774
0,82,11,0,0,40.275
0,83,11,0,0,40.2727
0,84,11,0,0,40.2705
0,85,11,0,0,40.2684
0,86,11,0,0,40.2663
0,87,11,0,0,40.2642
0,88,11,0,0,40.2623
0,89,11,0,0,40.2603
0,90,11,0,0,40.2585
0,91,11,0,0,40.2567
0,92,11,0,0,40.255
0,93,11,0,0,40.2534
0,94,11,0,0,40.2518
0,95,11,0,0,40.2503
0,96,11,0,0,40.2489
0,97,11,0,0,40.2475
0,98,11,0,0,40.2463
0,99,11,0,0,40.2452
0,100,11,0,0,40.2442
0,101,11,0,0,40.2434
0,102,11,0,0,40.2426
0,103,11,0,0,40.2419
0,104,11,0,0,40.2413
0,105,11,0,0,40.2406
0,106,11,0,0,40.2399
0,107,11,0,0,40.2392
0,108,11,0,0,40.2384
0,109,11,0,0,40.2376
0,110,11,0,0,40.2368
0,111,11,0,0,40.2359
0,112,11,0,0,40.2349
0,113,11,0,0,40.2339
0,114,11,0,0,40.2329
0,115,11,0,0,40.2319
0,116,11,0,0,40.2308
0,117,11,0,0,40.2297
0,118,11,0,0,40.2285
0,119,11,0,0,40.2274
0,120,11,0,0,40.2262
0,121,11,0,0,40.2251
0,122,11,0,0,40.2241
0,123,11,0,0,40.2231
0,124,11,0,0,40.2223
0,125,11,0,0,40.2216
0,126,11,0,0,40.2209
0,127,11,0,0,40.2205
0,0,12,0,1.85006e-05,43.9839
0,1,12,0,0,43.9321
0,2,12,0,0,43.8583
0,3,12,0,0,43.7653
0,4,12,0,0,43.6562
0,5,12,0,0,43.5344
0,6,12,0,0,43.4032
0,7,12,0,0,43.2657
0,8,12,0,0,43.1245
0,9,12,0,0,42.982
0,10,12,0,0,42.84
0,11,12,0,0,42.7001
0,12,12,0,0,42.5635
0,13,12,0,0,42.4312
0,14,12,0,0,42.3039
0,15,12,0,0,42.1819
0,16,12,0,0,42.0656
0,17,12,0,0,41.9551
0,18,12,0,0,41.8503
0,19,12,0,0,41.7511
0,20,12,0,0,41.6575
0,21,12,0,0,41.5692
0,22,12,0,0,41.4861
0,23,12,0,0,41.4079
0,24,12,0,0,41.3344
0,25,12,0,0,41.2653
0,26,12,0,0,41.2004
0,27,12,0,0,41.1396
0,28,12,0,0,41.0825
0,29,12,0,0,41.029
0,30,12,0,0,40.9789
0,31,12,0,0,40.932
0,32,12,0,0,40.8882
0,33,12,0,0,40.8472
0,34,12,0,0,40.8088
0,35,12,0,0,40.773
0,36,12,0,0,40.7397
0,37,12,0,0,40.7085
0,38,12,0,0,40.6795
0,39,12,0,0,40.6525
0,40,12,0,0,40.6274
0,41,12,0,0,40.6039
0,42,12,0,0,40.5822
0,43,12,0,0,40.5619
0,44,12,0,0,40.5431
0,45,12,0,0,40.5256
0,46,12,0,0,40.5093
0,47,12,0,0,40.4941
0,48,12,0,0,40.4799
0,49,12,0,0,40.4666
0,50,12,0,0,40.4541
0,51,12,0,0,40.4423
0,52,12,0,0,40.4313
0,53,12,0,0,40.421
0,54,12,0,0,40.4114
0,55,12,0,0,40.4025
0,56,12,0,0,40.3943
0,57,12,0,0,40.3868
0,58,12,0,0,40.3798
0,59,12,0,0,40.3735
0,60,12,0,0,40.3676
0,61,12,0,0,40.3621
0,62,12,0,0,40.3571
0,63,12,0,0,40.3525
0,64,12,0,1.85006e-05,40.3483
0,65,12,0,0,40.3416
0,66,12,0,0,40.3352
0,67,12,0,0,40.3293
0,68,12,0,0,40.3238
0,69,12,0,0,40.3185
0,70,12,0,0,40.3137
0,71,12,0,0,40.3091
0,72,12,0,0,40.3048
0,73,12,0,0,40.3008
0,74,12,0,0,40.2971
0,75,12,0,0,40.2937
0,76,12,0,0,40.2905
0,77,12,0,0,40.2876
0,78,12,0,0,40.2848
0,79,12,0,0,40.2822
0,80,12,0,0,40.2796
0,81,12,0,0,40.2772
0,82,12,0,0,40.2749
0,83,12,0,0,40.2726
0,84,12,0,0,40.2705
0,85,12,0,0,40.2684
0,86,12,0,0,40.2663
0,87,12,0,0,40.2642
0,88,12,0,0,40.2622
0,89,12,0,0,40.2603
0,90,12,0,0,40.2584
0,91,12,0,0,40.2566
0,92,12,0,0,40.2549
0,93,12,0,0,40.2532
0,94,12,0,0,40.2517
0,95,12,0,0,40.2501
0,96,12,0,0,40.2487
0,97,12,0,0,40.2473
0,98,12,0,0,40.246
0,99,12,0,0,40.2449
0,100,12,0,0,40.244
0,101,12,0,0,40.2432
0,102,12,0,0,40.2425
0,103,12,0,0,40.2419
0,104,12,0,0,40.2413
0,105,12,0,0,40.2407
0,106,12,0,0,40.2401
0,107,12,0,0,40.2394
0,108,12,0,0,40.2387
0,109,12,0,0,40.2379
0,110,12,0,0,40.237
0,111,12,0,0,40.2362
0,112,12,0,0,40.2353
0,113,12,0,0,40.2343
0,114,12,0,0,40.2333
0,115,12,0,0,40.2323
0,116,12,0,0,40.2313
0,117,12,0,0,40.2301
0,118,12,0,0,40.229
0,119,12,0,0,40.2278
0,120,12,0,0,40.2266
0,121,12,0,0,40.2254
0,122,12,0,0,40.2243
0,123,12,0,0,40.2233
0,124,12,0,0,40.2223
0,125,12,0,0,40.2215
0,126,12,0,0,40.2209
0,127,12,0,0,40.2203
0,0,13,0,1.85006e-05,43.6672
0,1,13,0,0,43.6237
0,2,13,0,0,43.5617
0,3,13,0,0,43.4832
0,4,13,0,0,43.3906
0,5,13,0,0,43.2866
0,6,13,0,0,43.1739
0,7,13,0,0,43.055
0,8,13,0,0,42.932
0,9,13,0,0,42.8068
0,10,13,0,0,42.6811
0,11,13,0,0,42.5562
0,12,13,0,0,42.4335
0,13,13,0,0,42.3139
0,14,13,0,0,42.1982
0,15,13,0,0,42.0868
0,16,13,0,0,41.98
0,17,13,0,0,41.8781
0,18,13,0,0,41.7811
0,19,13,0,0,41.6889
0,20,13,0,0,41.6016
0,21,13,0,0,41.519
0,22,13,0,0,41.441
0,23,13,0,0,41.3673
0,24,13,0,0,41.2979
0,25,13,0,0,41.2324
0,26,13,0,0,41.1708
0,27,13,0,0,41.1128
0,28,13,0,0,41.0583
0,29,13,0,0,41.0071
0,30,13,0,0,40.9591
0,31,13,0,0,40.914
0,32,13,0,0,40.8718
0,33,13,0,0,40.8323
0,34,13,0,0,40.7953
0,35,13,0,0,40.7607
0,36,13,0,0,40.7285
0,37,13,0,0,40.6984
0,38,13,0,0,40.6703
0,39,13,0,0,40.6441
0,40,13,0,0,40.6197
0,41,13,0,0,40.597
0,42,13,0,0,40.576
0,43,13,0,0,40.5564
0,44,13,0,0,40.5382
0,45,13,0,0,40.5213
0,46,13,0,0,40.5055
0,47,13,0,0,40.4908
0,48,13,0,0,40.477
0,49,13,0,0,40.4641
0,50,13,0,0,40.452
0,51,13,0,0,40.4404
0,52,13,0,0,40.4294
0,53,13,0,0,40.4192
0,54,13,0,0,40.4097
0,55,13,0,0,40.401
0,56,13,0,0,40.3929
0,57,13,0,0,40.3855
0,58,13,0,0,40.3787
0,59,13,0,0,40.3726
0,60,13,0,0,40.3669
0,61,13,0,0,40.3616
0,62,13,0,0,40.3566
0,63,13,0,0,40.352
0,64,13,0,1.85006e-05,40.3479
0,65,13,0,0,40.3413
0,66,13,0,0,40.335
0,67,13,0,0,40.3291
0,68,13,0,0,40.3236
0,69,13,0,0,40.3185
0,70,13,0,0,40.3136
0,71,13,0,0,40.3091
0,72,13,0,0,40.3048
0,73,13,0,0,40.3008
0,74,13,0,0,40.2971
0,75,13,0,0,40.2938
0,76,13,0,0,40.2908
0,77,13,0,0,40.288
0,78,13,0,0,40.2854
0,79,13,0,0,40.2828
0,80,13,0,0,40.2803
0,81,13,0,0,40.2779
0,82,13,0,0,40.2757
0,83,13,0,0,40.2735
0,84,13,0,0,40.2714
0,85,13,0,0,40.2693
0,86,13,0,0,40.2672
0,87,13,0,0,40.2651
0,88,13,0,0,40.2631
0,89,13,0,0,40.2611
0,90,13,0,0,40.2592
0,91,13,0,0,40.2574
0,92,13,0,0,40.2557
0,93,13,0,0,40.254
0,94,13,0,0,40.2524
0,95,13,0,0,40.2508
0,96,13,0,0,40.2493
0,97,13,0,0,40.2479
0,98,13,0,0,40.2465
0,99,13,0,0,40.2454
0,100,13,0,0,40.2445
0,101,13,0,0,40.2437
0,102,13,0,0,40.2432
0,103,13,0,0,40.2427
0,104,13,0,0,40.2423
0,105,13,0,0,40.2418
0,106,13,0,0,40.2412
0,107,13,0,0,40.2406
0,108,13,0,0,40.2398
0,109,13,0,0,40.2391
0,110,13,0,0,40.2383
0,111,13,0,0,40.2374
0,112,13,0,0,40.2365
0,113,13,0,0,40.2356
0,114,13,0,0,40.2346
0,115,13,0,0,40.2337
0,116,13,0,0,40.2326
0,117,13,0,0,40.2315
0,118,13,0,0,40.2303
0,119,13,0,0,40.229
0,120,13,0,0,40.2277
0,121,13,0,0,40.2264
0,122,13,0,0,40.2252
0,123,13,0,0,40.2241
0,124,13,0,0,40.2231
0,125,13,0,0,40.2222
0,126,13,0,0,40.2214
0,127,13,0,0,40.2207
0,0,14,0,1.85006e-05,43.3847
0,1,14,0,0,43.348
0,2,14,0,0,43.2955
0,3,14,0,0,43.2287
0,4,14,0,0,43.1494
0,5,14,0,0,43.0601
0,6,14,0,0,42.9629
0,7,14,0,0,42.86
0,8,14,0,0,42.7528
0,9,14,0,0,42.6426
0,10,14,0,0,42.5311
0,11,14,0,0,42.4195
0,12,14,0,0,42.3091
0,13,14,0,0,42.2011
0,14,14,0,0,42.096
0,15,14,0,0,41.9943
0,16,14,0,0,41.8966
0,17,14,0,0,41.8029
0,18,14,0,0,41.7132
0,19,14,0,0,41.6278
0,20,14,0,0,41.5465
0,21,14,0,0,41.4694
0,22,14,0,0,41.3964
0,23,14,0,0,41.3273
0,24,14,0,0,41.2618
0,25,14,0,0,41.1999
0,26,14,0,0,41.1414
0,27,14,0,0,41.0863
0,28,14,0,0,41.0344
0,29,14,0,0,40.9855
0,30,14,0,0,40.9395
0,31,14,0,0,40.8963
0,32,14,0,0,40.8558
0,33,14,0,0,40.8178
0,34,14,0,0,40.7821
0,35,14,0,0,40.7487
0,36,14,0,0,40.7176
0,37,14,0,0,40.6885
0,38,14,0,0,40.6615
0,39,14,0,0,40.6362
0,40,14,0,0,40.6125
0,41,14,0,0,40.5906
0,42,14,0,0,40.5703
0,43,14,0,0,40.5515
0,44,14,0,0,40.5339
0,45,14,0,0,40.5177
0,46,14,0,0,40.5025
0,47,14,0,0,40.4882
0,48,14,0,0,40.475
0,49,14,0,0,40.4626
0,50,14,0,0,40.4508
0,51,14,0,0,40.4394
0,52,14,0,0,40.4284
0,53,14,0,0,40.4181
0,54,14,0,0,40.4088
0,55,14,0,0,40.4003
0,56,14,0,0,40.3923
0,57,14,0,0,40.385
0,58,14,0,0,40.3784
0,59,14,0,0,40.3726
0,60,14,0,0,40.3672
0,61,14,0,0,40.3621
0,62,14,0,0,40.3571
0,63,14,0,0,40.3524
0,64,14,0,1.85006e-05,40.3484
0,65,14,0,0,40.3418
0,66,14,0,0,40.3356
0,67,14,0,0,40.3298
0,68,14,0,0,40.3244
0,69,14,0,0,40.3193
0,70,14,0,0,40.3145
0,71,14,0,0,40.3099
0,72,14,0,0,40.3056
0,73,14,0,0,40.3016
0,74,14,0,0,40.2979
0,75,14,0,0,40.2948
0,76,14,0,0,40.292
0,77,14,0,0,40.2894
0,78,14,0,0,40.2869
0,79,14,0,0,40.2843
0,80,14,0,0,40.2818
0,81,14,0,0,40.2796
0,82,14,0,0,40.2774
0,83,14,0,0,40.2754
0,84,14,0,0,40.2734
0,85,14,0,0,40.2713
0,86,14,0,0,40.2691
0,87,14,0,0,40.267
0,88,14,0,0,40.2649
0,89,14,0,0,40.2628
0,90,14,0,0,40.2609
0,91,14,0,0,40.2591
0,92,14,0,0,40.2573
0,93,14,0,0,40.2556
0,94,14,0,0,40.2541
0,95,14,0,0,40.2524
0,96,14,0,0,40.2508
0,97,14,0,0,40.2492
0,98,14,0,0,40.2478
0,99,14,0,0,40.2466
0,100,14,0,0,40.2457
0,101,14,0,0,40.2451
0,102,14,0,0,40.2447
0,103,14,0,0,40.2445
0,104,14,0,0,40.2442
0,105,14,0,0,40.2439
0,106,14,0,0,40.2434
0,107,14,0,0,40.2427
0,108,14,0,0,40.242
0,109,14,0,0,40.2412
0,110,14,0,0,40.2404
0,111,14,0,0,40.2396
0,112,14,0,0,40.2387
0,113,14,0,0,40.2377
0,114,14,0,0,40.2369
0,115,14,0,0,40.236
0,116,14,0,0,40.235
0,117,14,0,0,40.2338
0,118,14,0,0,40.2325
0,119,14,0,0,40.2311
0,120,14,0,0,40.2296
0,121,14,0,0,40.2282
0,122,14,0,0,40.2268
0,123,14,0,0,40.2256
0,124,14,0,0,40.2246
0,125,14,0,0,40.2237
0,126,14,0,0,40.2227
0,127,14,0,0,40.2217
0,0,15,0,1.85006e-05,43.132
0,1,15,0,0,43.1011
0,2,15,0,0,43.0562
0,3,15,0,0,42.9988
0,4,15,0,0,42.9303
0,5,15,0,0,42.8531
0,6,15,0,0,42.7689
0,7,15,0,0,42.6798
0,8,15,0,0,42.5866
0,9,15,0,0,42.4895
0,10,15,0,0,42.3904
0,11,15,0,0,42.2904
0,12,15,0,0,42.1908
0,13,15,0,0,42.0932
0,14,15,0,0,41.9979
0,15,15,0,0,41.9051
0,16,15,0,0,41.8158
0,17,15,0,0,41.7299
0,18,15,0,0,41.6471
0,19,15,0,0,41.5682
0,20,15,0,0,41.4927
0,21,15,0,0,41.4209
0,22,15,0,0,41.3528
0,23,15,0,0,41.2881
0,24,15,0,0,41.2266
0,25,15,0,0,41.168
0,26,15,0,0,41.1125
0,27,15,0,0,41.0605
0,28,15,0,0,41.0112
0,29,15,0,0,40.9644
0,30,15,0,0,40.9205
0,31,15,0,0,40.8788
0,32,15,0,0,40.8403
0,33,15,0,0,40.8037
0,34,15,0,0,40.7693
0,35,15,0,0,40.737
0,36,15,0,0,40.707
0,37,15,0,0,40.6791
0,38,15,0,0,40.6531
0,39,15,0,0,40.6287
0,40,15,0,0,40.6058
0,41,15,0,0,40.5846
0,42,15,0,0,40.565
0,43,15,0,0,40.5472
0,44,15,0,0,40.5302
0,45,15,0,0,40.5148
0,46,15,0,0,40.5003
0,47,15,0,0,40.4864
0,48,15,0,0,40.4738
0,49,15,0,0,40.4622
0,50,15,0,0,40.4509
0,51,15,0,0,40.4394
0,52,15,0,0,40.4282
0,53,15,0,0,40.4176
0,54,15,0,0,40.4085
0,55,15,0,0,40.4005
0,56,15,0,0,40.3925
0,57,15,0,0,40.3851
0,58,15,0,0,40.3788
0,59,15,0,0,40.3736
0,60,15,0,0,40.3687
0,61,15,0,0,40.3639
0,62,15,0,0,40.3586
0,63,15,0,0,40.3535
0,64,15,0,1.85006e-05,40.3496
0,65,15,0,0,40.3433
0,66,15,0,0,40.3371
0,67,15,0,0,40.3312
0,68,15,0,0,40.326
0,69,15,0,0,40.3211
0,70,15,0,0,40.3163
0,71,15,0,0,40.3117
0,72,15,0,0,40.3073
0,73,15,0,0,40.3031
0,74,15,0,0,40.2994
0,75,15,0,0,40.2964
0,76,15,0,0,40.2941
0,77,15,0,0,40.2918
0,78,15,0,0,40.2895
0,79,15,0,0,40.2869
0,80,15,0,0,40.2843
0,81,15,0,0,40.2821
0,82,15,0,0,40.28
0,83,15,0,0,40.2783
0,84,15,0,0,40.2766
0,85,15,0,0,40.2744
0,86,15,0,0,40.2721
0,87,15,0,0,40.2697
0,88,15,0,0,40.2678
0,89,15,0,0,40.2654
0,90,15,0,0,40.2634
0,91,15,0,0,40.2617
0,92,15,0,0,40.2598
0,93,15,0,0,40.2582
0,94,15,0,0,40.2568
0,95,15,0,0,40.255
0,96,15,0,0,40.2531
0,97,15,0,0,40.2514
0,98,15,0,0,40.2497
0,99,15,0,0,40.2483
0,100,15,0,0,40.2475
0,101,15,0,0,40.2472
0,102,15,0,0,40.2469
0,103,15,0,0,40.2472
0,104,15,0,0,40.2471
0,105,15,0,0,40.2472
0,106,15,0,0,40.2467
0,107,15,0,0,40.2457
0,108,15,0,0,40.245
0,109,15,0,0,40.2444
0,110,15,0,0,40.2436
0,111,15,0,0,40.2427
0,112,15,0,0,40.2419
0,113,15,0,0,40.2406
0,114,15,0,0,40.2401
0,115,15,0,0,40.2393
0,116,15,0,0,40.2386
0,117,15,0,0,40.2371
0,118,15,0,0,40.2357
0,119,15,0,0,40.2341
0,120,15,0,0,40.2325
0,121,15,0,0,40.2307
0,122,15,0,0,40.2292
0,123,15,0,0,40.2279
0,124,15,0,0,40.2268
0,125,15,0,0,40.226
0,126,15,0,0,40.2248
0,127,15,0,0,40.2231
0,0,16,0,4.99406e-05,42.9055
0,1,16,0,4.929e-05,42.8802
0,2,16,0,4.002e-05,42.8407
0,3,16,0,4.98375e-05,42.7913
0,4,16,0,2.43e-05,42.7309
0,5,16,0,2.73225e-05,42.6637
0,6,16,0,7.14e-06,42.5899
0,7,16,0,3.858e-05,42.5136
0,8,16,0,8.28975e-05,42.4338
0,9,16,0,5.142e-05,42.3476
0,10,16,0,5.39475e-05,42.2593
0,11,16,0,5.11125e-05,42.1692
0,12,16,0,1.572e-05,42.0782
0,13,16,0,3.288e-05,41.9904
0,14,16,0,3.072e-05,41.9042
0,15,16,0,7.14e-06,41.8193
0,16,16,0,1.929e-05,41.738
0,17,16,0,5.142e-05,41.6599
0,18,16,0,2.43e-05,41.5829
0,19,16,0,4.716e-05,41.5107
0,20,16,0,3e-05,41.4405
0,21,16,0,2.286e-05,41.3736
0,22,16,0,2.7855e-05,41.3104
0,23,16,0,3e-05,41.2504
0,24,16,0,4.0185e-05,41.1926
0,25,16,0,4.428e-05,41.1372
0,26,16,0,2.142e-05,41.084
0,27,16,0,4.9095e-05,41.0357
0,28,16,0,4.716e-05,40.9888
0,29,16,0,2.142e-05,40.9436
0,30,16,0,5.286e-05,40.9024
0,31,16,0,3.2175e-06,40.8612
0,32,16,0,5.286e-05,40.8259
0,33,16,0,1.572e-05,40.7901
0,34,16,0,3.3945e-05,40.7572
0,35,16,0,2.73225e-05,40.7256
0,36,16,0,3.285e-05,40.6968
0,37,16,0,2.142e-05,40.6701
0,38,16,0,2.6085e-05,40.6455
0,39,16,0,4.002e-05,40.6221
0,40,16,0,2.499e-05,40.5994
0,41,16,0,3.57e-05,40.579
0,42,16,0,1.716e-05,40.56
0,43,16,0,5.46675e-05,40.544
0,44,16,0,1.572e-05,40.5267
0,45,16,0,5.34075e-05,40.513
0,46,16,0,5.08725e-05,40.4992
0,47,16,0,3.288e-05,40.4852
0,48,16,0,4.284e-05,40.4733
0,49,16,0,4.428e-05,40.463
0,50,16,0,7.29e-05,40.453
0,51,16,0,5.697e-05,40.4408
0,52,16,0,4.44825e-05,40.4289
0,53,16,0,1.428e-05,40.4173
0,54,16,0,1.428e-05,40.4085
0,55,16,0,5.856e-05,40.4022
0,56,16,0,3.57e-05,40.3935
0,57,16,0,2.856e-05,40.3856
0,58,16,0,2.286e-05,40.3793
0,59,16,0,5.1795e-05,40.3756
0,60,16,0,5.142e-05,40.3714
0,61,16,0,6.5355e-05,40.3676
0,62,16,0,3.288e-05,40.3612
0,63,16,0,1.164e-05,40.3547
0,64,16,0,5.70806e-05,40.3517
0,65,16,0,3.714e-05,40.3459
0,66,16,0,3.28725e-05,40.3395
0,67,16,0,2.856e-05,40.3334
0,68,16,0,3.714e-05,40.3287
0,69,16,0,3.501e-05,40.3239
0,70,16,0,3.3915e-05,40.3191
0,71,16,0,4.572e-05,40.3146
0,72,16,0,4.002e-05,40.3099
0,73,16,0,3.62475e-05,40.3054
0,74,16,0,2.142e-05,40.3011
0,75,16,0,2.17875e-05,40.2985
0,76,16,0,4.572e-05,40.2973
0,77,16,0,4.428e-05,40.2955
0,78,16,0,4.5375e-05,40.2933
0,79,16,0,5.142e-05,40.2908
0,80,16,0,1.428e-05,40.2872
0,81,16,0,3.82125e-05,40.2858
0,82,16,0,3e-05,40.2834
0,83,16,0,4.3605e-05,40.2822
0,84,16,0,6.93075e-05,40.2814
0,85,16,0,4.002e-05,40.2787
0,86,16,0,4.146e-05,40.2761
0,87,16,0,2.142e-05,40.2731
0,88,16,0,6.1485e-05,40.2723
0,89,16,0,2.286e-05,40.2684
0,90,16,0,3.714e-05,40.2667
0,91,16,0,3.645e-05,40.2655
0,92,16,0,2.643e-05,40.2631
0,93,16,0,2.142e-05,40.2614
0,94,16,0,4.98525e-05,40.2608
0,95,16,0,3.91275e-05,40.2588
0,96,16,0,3.08925e-05,40.2563
0,97,16,0,4.734e-05,40.2545
0,98,16,0,3e-05,40.2522
0,99,16,0,2.8215e-05,40.2506
0,100,16,0,1.96425e-05,40.2497
0,101,16,0,3.76875e-05,40.2503
0,102,16,0,7.14e-06,40.2493
0,103,16,0,5.574e-05,40.2512
0,104,16,0,2.928e-05,40.251
0,105,16,0,5.574e-05,40.2519
0,106,16,0,4.9125e-05,40.2516
0,107,16,0,2.286e-05,40.2494
0,108,16,0,4.428e-05,40.249
0,109,16,0,4.6065e-05,40.2487
0,110,16,0,3.30225e-05,40.2477
0,111,16,0,2.856e-05,40.2468
0,112,16,0,5.142e-05,40.2466
0,113,16,0,6.435e-06,40.2438
0,114,16,0,5.2155e-05,40.2444
0,115,16,0,3.08925e-05,40.2434
0,116,16,0,7.5375e-05,40.2441
0,117,16,0,2.856e-05,40.2412
0,118,16,0,4.572e-05,40.2401
0,119,16,0,4.30425e-05,40.2381
0,120,16,0,4.5015e-05,40.2365
0,121,16,0,1.6065e-05,40.2338
0,122,16,0,2.43e-05,40.2321
0,123,16,0,3e-05,40.2308
0,124,16,0,2.142e-05,40.2297
0,125,16,0,4.5375e-05,40.2297
0,126,16,0,4.16025e-05,40.2282
0,127,16,0,5.355e-06,40.2247
0,0,17,0,9.42206e-05,42.6981
0,1,17,0,9.24975e-05,42.6761
0,2,17,0,1.428e-05,42.6394
0,3,17,0,5.09175e-05,42.597
0,4,17,0,2.4645e-05,42.5445
0,5,17,0,4.26975e-05,42.4864
0,6,17,0,2.286e-05,42.4217
0,7,17,0,2.34075e-05,42.3538
0,8,17,0,3.76875e-05,42.2829
0,9,17,0,5.5395e-05,42.208
0,10,17,0,4.60725e-05,42.1292
0,11,17,0,3.89475e-05,42.0485
0,12,17,0,2.856e-05,41.9674
0,13,17,0,2.142e-05,41.8878
0,14,17,0,4.788e-05,41.811
0,15,17,0,6.5355e-05,41.7353
0,16,17,0,4.51725e-05,41.6598
0,17,17,0,3.144e-05,41.5864
0,18,17,0,1.572e-05,41.5153
0,19,17,0,2.37525e-05,41.4486
0,20,17,0,4.86e-05,41.3852
0,21,17,0,4.69575e-05,41.3236
0,22,17,0,4.7865e-05,41.265
0,23,17,0,8.3595e-05,41.2097
0,24,17,0,4.35675e-05,41.1539
0,25,17,0,3.858e-05,41.101
0,26,17,0,2.286e-05,41.0507
0,27,17,0,4.0905e-05,41.0049
0,28,17,0,3.69675e-05,40.9607
0,29,17,0,3.76875e-05,40.9185
0,30,17,0,4.5015e-05,40.8789
0,31,17,0,2.25225e-05,40.8403
0,32,17,0,3.57e-05,40.806
0,33,17,0,7.21575e-05,40.7739
0,34,17,0,3.21525e-05,40.7406
0,35,17,0,1.69575e-05,40.7096
0,36,17,0,4.29e-06,40.6816
0,37,17,0,4.7505e-05,40.6579
0,38,17,0,6.5355e-05,40.6347
0,39,17,0,2.01825e-05,40.6103
0,40,17,0,3.26775e-05,40.5888
0,41,17,0,8.58e-06,40.5683
0,42,17,0,3.73275e-05,40.5513
0,43,17,0,4.10925e-05,40.535
0,44,17,0,3e-05,40.5188
0,45,17,0,2.82525e-05,40.5045
0,46,17,0,4.66125e-05,40.4917
0,47,17,0,3.2865e-05,40.4782
0,48,17,0,7.14e-06,40.4659
0,49,17,0,7.6815e-05,40.4579
0,50,17,0,7.002e-05,40.4472
0,51,17,0,2.019e-05,40.4341
0,52,17,0,3.89625e-05,40.4236
0,53,17,0,3e-05,40.4134
0,54,17,0,4.215e-05,40.4052
0,55,17,0,5.592e-05,40.3981
0,56,17,0,3.714e-05,40.3894
0,57,17,0,2.05275e-05,40.3813
0,58,17,0,1.428e-05,40.375
0,59,17,0,3.87525e-05,40.3712
0,60,17,0,2.142e-05,40.3668
0,61,17,0,6.6105e-05,40.3644
0,62,17,0,8.286e-05,40.3599
0,63,17,0,7.14e-06,40.352
0,64,17,0,4.13606e-05,40.3487
0,65,17,0,6.60975e-05,40.3443
0,66,17,0,4.28475e-05,40.3375
0,67,17,0,1.83975e-05,40.3308
0,68,17,0,4.002e-05,40.3265
0,69,17,0,5.32125e-05,40.3223
0,70,17,0,4.48275e-05,40.3171
0,71,17,0,2.19675e-05,40.3114
0,72,17,0,2.856e-05,40.3069
0,73,17,0,2.37525e-05,40.3026
0,74,17,0,1.7505e-05,40.2989
0,75,17,0,3.46425e-05,40.2969
0,76,17,0,2.25e-05,40.2946
0,77,17,0,4.308e-05,40.2934
0,78,17,0,4.3935e-05,40.2913
0,79,17,0,2.7495e-05,40.2885
0,80,17,0,4.572e-05,40.2867
0,81,17,0,6.89475e-05,40.2854
0,82,17,0,3e-05,40.2817
0,83,17,0,2.9475e-05,40.2795
0,84,17,0,2.51925e-05,40.278
0,85,17,0,6.288e-05,40.2774
0,86,17,0,4.12575e-05,40.2746
0,87,17,0,3.714e-05,40.2721
0,88,17,0,6.0195e-05,40.2707
0,89,17,0,2.34075e-05,40.2667
0,90,17,0,8.925e-06,40.2645
0,91,17,0,7.929e-05,40.2655
0,92,17,0,3.357e-05,40.2624
0,93,17,0,5.142e-05,40.2611
0,94,17,0,3.10725e-05,40.2591
0,95,17,0,5.61225e-05,40.2578
0,96,17,0,3.26775e-05,40.2546
0,97,17,0,7.14e-06,40.2514
0,98,17,0,3e-05,40.2501
0,99,17,0,1.6065e-05,40.2485
0,100,17,0,2.03775e-05,40.2483
0,101,17,0,5.96925e-05,40.2498
0,102,17,0,3.144e-05,40.2488
0,103,17,0,3.288e-05,40.2492
0,104,17,0,3.789e-05,40.2497
0,105,17,0,2.8395e-05,40.25
0,106,17,0,7.6815e-05,40.2511
0,107,17,0,4.02e-05,40.2486
0,108,17,0,1.428e-05,40.2467
0,109,17,0,3.94725e-05,40.2471
0,110,17,0,5.55375e-05,40.2473
0,111,17,0,4.716e-05,40.2466
0,112,17,0,6.53625e-05,40.2462
0,113,17,0,3.3585e-05,40.2436
0,114,17,0,3.9285e-05,40.2428
0,115,17,0,3.05475e-05,40.2417
0,116,17,0,4.7925e-05,40.2417
0,117,17,0,3e-05,40.2397
0,118,17,0,5.2515e-05,40.2387
0,119,17,0,9.8175e-06,40.2357
0,120,17,0,3.62625e-05,40.2351
0,121,17,0,5.6775e-05,40.2342
0,122,17,0,3.858e-05,40.2318
0,123,17,0,1.30425e-05,40.2293
0,124,17,0,3.10725e-05,40.2289
0,125,17,0,3.08925e-05,40.2283
0,126,17,0,4.80525e-05,40.2276
0,127,17,0,3.85875e-05,40.2251
0,0,18,0,1.85006e-05,42.5015
0,1,18,0,1.0725e-06,42.4813
0,2,18,0,0,42.4513
0,3,18,0,2.145e-06,42.4139
0,4,18,0,5.355e-06,42.3691
0,5,18,0,0,42.3179
0,6,18,0,0,42.2616
0,7,18,0,8.0325e-06,42.2018
0,8,18,0,5.355e-06,42.1381
0,9,18,0,8.925e-06,42.0712
0,10,18,0,0,42.001
0,11,18,0,0,41.9294
0,12,18,0,0,41.8572
0,13,18,0,0,41.7857
0,14,18,0,0,41.7154
0,15,18,0,1.785e-06,41.6462
0,16,18,0,9.8175e-06,41.5781
0,17,18,0,0,41.511
0,18,18,0,0,41.4462
0,19,18,0,6.2475e-06,41.3844
0,20,18,0,0,41.3248
0,21,18,0,4.4625e-06,41.2677
0,22,18,0,0,41.2127
0,23,18,0,2.145e-06,41.1601
0,24,18,0,6.2475e-06,41.109
0,25,18,0,0,41.0597
0,26,18,0,0,41.013
0,27,18,0,0,40.9692
0,28,18,0,8.7525e-06,40.9278
0,29,18,0,8.925e-07,40.8878
0,30,18,0,2.145e-06,40.8501
0,31,18,0,0,40.8143
0,32,18,0,0,40.781
0,33,18,0,5.0025e-06,40.7497
0,34,18,0,5.3625e-06,40.7192
0,35,18,0,0,40.6902
0,36,18,0,0,40.6637
0,37,18,0,5.355e-06,40.6397
0,38,18,0,0,40.6167
0,39,18,0,2.6775e-06,40.5945
0,40,18,0,8.925e-07,40.5738
0,41,18,0,0,40.5547
0,42,18,0,8.3925e-06,40.5377
0,43,18,0,0,40.5212
0,44,18,0,0,40.5059
0,45,18,0,0,40.4918
0,46,18,0,5.355e-06,40.479
0,47,18,0,5.715e-06,40.4665
0,48,18,0,0,40.4547
0,49,18,0,1.785e-06,40.4446
0,50,18,0,0,40.434
0,51,18,0,0,40.4232
0,52,18,0,5.355e-06,40.4134
0,53,18,0,0,40.4039
0,54,18,0,3.57e-06,40.3956
0,55,18,0,0,40.3879
0,56,18,0,0,40.3802
0,57,18,0,8.925e-07,40.3732
0,58,18,0,0,40.3672
0,59,18,0,8.925e-07,40.3624
0,60,18,0,0,40.358
0,61,18,0,0,40.3541
0,62,18,0,0,40.3498
0,63,18,0,0,40.3448
0,64,18,0,1.85006e-05,40.3413
0,65,18,0,5.3625e-06,40.3358
0,66,18,0,0,40.3296
0,67,18,0,4.4625e-06,40.324
0,68,18,0,0,40.3189
0,69,18,0,3.2175e-06,40.3144
0,70,18,0,2.6775e-06,40.3096
0,71,18,0,8.925e-07,40.3046
0,72,18,0,0,40.3003
0,73,18,0,0,40.2964
0,74,18,0,5.355e-06,40.2934
0,75,18,0,1.071e-05,40.291
0,76,18,0,7.5e-06,40.2885
0,77,18,0,0,40.2861
0,78,18,0,3.57e-06,40.284
0,79,18,0,9.645e-06,40.2818
0,80,18,0,0,40.2793
0,81,18,0,0,40.2772
0,82,18,0,0,40.2746
0,83,18,0,0,40.2725
0,84,18,0,0,40.2707
0,85,18,0,0,40.2692
0,86,18,0,4.4625e-06,40.2672
0,87,18,0,0,40.2649
0,88,18,0,0,40.2629
0,89,18,0,8.925e-07,40.2605
0,90,18,0,5.355e-06,40.2588
0,91,18,0,0,40.2575
0,92,18,0,0,40.2556
0,93,18,0,0,40.254
0,94,18,0,6.435e-06,40.2525
0,95,18,0,3.57e-06,40.2507
0,96,18,0,3.57e-06,40.2484
0,97,18,0,0,40.2461
0,98,18,0,0,40.2445
0,99,18,0,0,40.2433
0,100,18,0,0,40.2428
0,101,18,0,0,40.2429
0,102,18,0,0,40.2427
0,103,18,0,0,40.2429
0,104,18,0,1.287e-05,40.2435
0,105,18,0,1.0185e-05,40.2434
0,106,18,0,0,40.2428
0,107,18,0,0,40.2416
0,108,18,0,0,40.2406
0,109,18,0,4.4625e-06,40.2403
0,110,18,0,0,40.2398
0,111,18,0,0,40.2392
0,112,18,0,3.2175e-06,40.2385
0,113,18,0,0,40.237
0,114,18,0,0,40.236
0,115,18,0,0,40.2351
0,116,18,0,0,40.2343
0,117,18,0,7.14e-06,40.2333
0,118,18,0,1.785e-06,40.2319
0,119,18,0,0,40.2301
0,120,18,0,4.4625e-06,40.229
0,121,18,0,0,40.2277
0,122,18,0,0,40.2261
0,123,18,0,2.6775e-06,40.2247
0,124,18,0,7.5075e-06,40.224
0,125,18,0,8.925e-07,40.2229
0,126,18,0,1.785e-06,40.2219
0,127,18,0,3.2175e-06,40.2205
0,0,19,0,1.85006e-05,42.3236
0,1,19,0,0,42.3055
0,2,19,0,0,42.2796
0,3,19,0,0,42.2468
0,4,19,0,0,42.2077
0,5,19,0,0,42.1629
0,6,19,0,0,42.1135
0,7,19,0,0,42.0601
0,8,19,0,0,42.0033
0,9,19,0,0,41.9436
0,10,19,0,0,41.8813
0,11,19,0,0,41.8176
0,12,19,0,0,41.7531
0,13,19,0,0,41.6886
0,14,19,0,0,41.6247
0,15,19,0,0,41.5616
0,16,19,0,0,41.4994
0,17,19,0,0,41.4384
0,18,19,0,0,41.3791
0,19,19,0,0,41.3219
0,20,19,0,0,41.2666
0,21,19,0,0,41.2134
0,22,19,0,0,41.1621
0,23,19,0,0,41.1128
0,24,19,0,0,41.0653
0,25,19,0,0,41.0195
0,26,19,0,0,40.9759
0,27,19,0,0,40.9346
0,28,19,0,0,40.8953
0,29,19,0,0,40.8578
0,30,19,0,0,40.8222
0,31,19,0,0,40.7884
0,32,19,0,0,40.7566
0,33,19,0,0,40.7266
0,34,19,0,0,40.6979
0,35,19,0,0,40.6708
0,36,19,0,0,40.6455
0,37,19,0,0,40.622
0,38,19,0,0,40.5999
0,39,19,0,0,40.5789
0,40,19,0,0,40.5592
0,41,19,0,0,40.5409
0,42,19,0,0,40.5241
0,43,19,0,0,40.5082
0,44,19,0,0,40.4934
0,45,19,0,0,40.4797
0,46,19,0,0,40.4669
0,47,19,0,0,40.4548
0,48,19,0,0,40.4435
0,49,19,0,0,40.433
0,50,19,0,0,40.4227
0,51,19,0,0,40.4128
0,52,19,0,0,40.4034
0,53,19,0,0,40.3946
0,54,19,0,0,40.3865
0,55,19,0,0,40.3789
0,56,19,0,0,40.3718
0,57,19,0,0,40.3653
0,58,19,0,0,40.3595
0,59,19,0,0,40.3544
0,60,19,0,0,40.3499
0,61,19,0,0,40.3457
0,62,19,0,0,40.3416
0,63,19,0,0,40.3376
0,64,19,0,1.85006e-05,40.3341
0,65,19,0,0,40.3283
0,66,19,0,0,40.3225
0,67,19,0,0,40.3171
0,68,19,0,0,40.3121
0,69,19,0,0,40.3074
0,70,19,0,0,40.3028
0,71,19,0,0,40.2984
0,72,19,0,0,40.2943
0,73,19,0,0,40.2906
0,74,19,0,0,40.2874
0,75,19,0,0,40.2847
0,76,19,0,0,40.2821
0,77,19,0,0,40.2796
0,78,19,0,0,40.2773
0,79,19,0,0,40.275
0,80,19,0,0,40.2727
0,81,19,0,0,40.2705
0,82,19,0,0,40.2682
0,83,19,0,0,40.2661
0,84,19,0,0,40.2643
0,85,19,0,0,40.2624
0,86,19,0,0,40.2605
0,87,19,0,0,40.2585
0,88,19,0,0,40.2565
0,89,19,0,0,40.2545
0,90,19,0,0,40.2528
0,91,19,0,0,40.2512
0,92,19,0,0,40.2495
0,93,19,0,0,40.2479
0,94,19,0,0,40.2463
0,95,19,0,0,40.2446
0,96,19,0,0,40.2427
0,97,19,0,0,40.2409
0,98,19,0,0,40.2395
0,99,19,0,0,40.2384
0,100,19,0,0,40.2377
0,101,19,0,0,40.2373
0,102,19,0,0,40.2371
0,103,19,0,0,40.2369
0,104,19,0,0,40.237
0,105,19,0,0,40.2367
0,106,19,0,0,40.2362
0,107,19,0,0,40.2354
0,108,19,0,0,40.2346
0,109,19,0,0,40.2341
0,110,19,0,0,40.2335
0,111,19,0,0,40.2328
0,112,19,0,0,40.232
0,113,19,0,0,40.231
0,114,19,0,0,40.23
0,115,19,0,0,40.2291
0,116,19,0,0,40.2282
0,117,19,0,0,40.2272
0,118,19,0,0,40.226
0,119,19,0,0,40.2247
0,120,19,0,0,40.2235
0,121,19,0,0,40.2223
0,122,19,0,0,40.221
0,123,19,0,0,40.2199
0,124,19,0,0,40.219
0,125,19,0,0,40.2181
0,126,19,0,0,40.2172
0,127,19,0,0,40.2163
0,0,20,0,1.85006e-05,42.162
0,1,20,0,0,42.1457
0,2,20,0,0,42.123
0,3,20,0,0,42.0942
0,4,20,0,0,42.0598
0,5,20,0,0,42.0204
0,6,20,0,0,41.9767
0,7,20,0,0,41.9293
0,8,20,0,0,41.8787
0,9,20,0,0,41.8254
0,10,20,0,0,41.7699
0,11,20,0,0,41.7129
0,12,20,0,0,41.655
0,13,20,0,0,41.5969
0,14,20,0,0,41.539
0,15,20,0,0,41.4815
0,16,20,0,0,41.4248
0,17,20,0,0,41.3691
0,18,20,0,0,41.3147
0,19,20,0,0,41.2619
0,20,20,0,0,41.2108
0,21,20,0,0,41.1613
0,22,20,0,0,41.1136
0,23,20,0,0,41.0676
0,24,20,0,0,41.0233
0,25,20,0,0,40.9807
0,26,20,0,0,40.9399
0,27,20,0,0,40.9011
0,28,20,0,0,40.864
0,29,20,0,0,40.8288
0,30,20,0,0,40.7952
0,31,20,0,0,40.7633
0,32,20,0,0,40.7332
0,33,20,0,0,40.7046
0,34,20,0,0,40.6775
0,35,20,0,0,40.6519
0,36,20,0,0,40.6278
0,37,20,0,0,40.6052
0,38,20,0,0,40.584
0,39,20,0,0,40.5639
0,40,20,0,0,40.5452
0,41,20,0,0,40.5276
0,42,20,0,0,40.5112
0,43,20,0,0,40.4959
0,44,20,0,0,40.4816
0,45,20,0,0,40.4683
0,46,20,0,0,40.4558
0,47,20,0,0,40.444
0,48,20,0,0,40.433
0,49,20,0,0,40.4226
0,50,20,0,0,40.4127
0,51,20,0,0,40.4033
0,52,20,0,0,40.3944
0,53,20,0,0,40.386
0,54,20,0,0,40.3782
0,55,20,0,0,40.3709
0,56,20,0,0,40.3642
0,57,20,0,0,40.358
0,58,20,0,0,40.3524
0,59,20,0,0,40.3473
0,60,20,0,0,40.3428
0,61,20,0,0,40.3386
0,62,20,0,0,40.3346
0,63,20,0,0,40.331
0,64,20,0,1.85006e-05,40.3277
0,65,20,0,0,40.3218
0,66,20,0,0,40.3163
0,67,20,0,0,40.311
0,68,20,0,0,40.3061
0,69,20,0,0,40.3015
0,70,20,0,0,40.297
0,71,20,0,0,40.2928
0,72,20,0,0,40.2889
0,73,20,0,0,40.2854
0,74,20,0,0,40.2821
0,75,20,0,0,40.2792
0,76,20,0,0,40.2766
0,77,20,0,0,40.274
0,78,20,0,0,40.2716
0,79,20,0,0,40.2693
0,80,20,0,0,40.267
0,81,20,0,0,40.2648
0,82,20,0,0,40.2627
0,83,20,0,0,40.2606
0,84,20,0,0,40.2587
0,85,20,0,0,40.2568
0,86,20,0,0,40.2549
0,87,20,0,0,40.253
0,88,20,0,0,40.2511
0,89,20,0,0,40.2492
0,90,20,0,0,40.2475
0,91,20,0,0,40.2458
0,92,20,0,0,40.2442
0,93,20,0,0,40.2426
0,94,20,0,0,40.241
0,95,20,0,0,40.2394
0,96,20,0,0,40.2378
0,97,20,0,0,40.2363
0,98,20,0,0,40.235
0,99,20,0,0,40.234
0,100,20,0,0,40.2332
0,101,20,0,0,40.2326
0,102,20,0,0,40.2322
0,103,20,0,0,40.2318
0,104,20,0,0,40.2315
0,105,20,0,0,40.2312
0,106,20,0,0,40.2306
0,107,20,0,0,40.23
0,108,20,0,0,40.2293
0,109,20,0,0,40.2287
0,110,20,0,0,40.2281
0,111,20,0,0,40.2274
0,112,20,0,0,40.2266
0,113,20,0,0,40.2258
0,114,20,0,0,40.2249
0,115,20,0,0,40.224
0,116,20,0,0,40.2231
0,117,20,0,0,40.2221
0,118,20,0,0,40.221
0,119,20,0,0,40.2199
0,120,20,0,0,40.2189
0,121,20,0,0,40.2178
0,122,20,0,0,40.2167
0,123,20,0,0,40.2157
0,124,20,0,0,40.2149
0,125,20,0,0,40.2141
0,126,20,0,0,40.2134
0,127,20,0,0,40.2128
0,0,21,0,1.85006e-05,42.0147
0,1,21,0,0,42.0002
0,2,21,0,0,41.98
0,3,21,0,0,41.9546
0,4,21,0,0,41.9242
0,5,21,0,0,41.8894
0,6,21,0,0,41.8507
0,7,21,0,0,41.8085
0,8,21,0,0,41.7633
0,9,21,0,0,41.7157
0,10,21,0,0,41.6661
0,11,21,0,0,41.6151
0,12,21,0,0,41.563
0,13,21,0,0,41.5106
0,14,21,0,0,41.458
0,15,21,0,0,41.4058
0,16,21,0,0,41.3541
0,17,21,0,0,41.3031
0,18,21,0,0,41.2533
0,19,21,0,0,41.2046
0,20,21,0,0,41.1574
0,21,21,0,0,41.1115
0,22,21,0,0,41.0672
0,23,21,0,0,41.0244
0,24,21,0,0,40.9831
0,25,21,0,0,40.9434
0,26,21,0,0,40.9053
0,27,21,0,0,40.8688
0,28,21,0,0,40.834
0,29,21,0,0,40.8008
0,30,21,0,0,40.7692
0,31,21,0,0,40.7392
0,32,21,0,0,40.7106
0,33,21,0,0,40.6835
0,34,21,0,0,40.6579
0,35,21,0,0,40.6336
0,36,21,0,0,40.6107
0,37,21,0,0,40.5891
0,38,21,0,0,40.5688
0,39,21,0,0,40.5497
0,40,21,0,0,40.5318
0,41,21,0,0,40.5149
0,42,21,0,0,40.4992
0,43,21,0,0,40.4844
0,44,21,0,0,40.4706
0,45,21,0,0,40.4576
0,46,21,0,0,40.4455
0,47,21,0,0,40.4341
0,48,21,0,0,40.4234
0,49,21,0,0,40.4133
0,50,21,0,0,40.4037
0,51,21,0,0,40.3947
0,52,21,0,0,40.3862
0,53,21,0,0,40.3782
0,54,21,0,0,40.3707
0,55,21,0,0,40.3637
0,56,21,0,0,40.3573
0,57,21,0,0,40.3514
0,58,21,0,0,40.3459
0,59,21,0,0,40.341
0,60,21,0,0,40.3365
0,61,21,0,0,40.3324
0,62,21,0,0,40.3286
0,63,21,0,0,40.3252
0,64,21,0,1.85006e-05,40.3221
0,65,21,0,0,40.3163
0,66,21,0,0,40.3109
0,67,21,0,0,40.3058
0,68,21,0,0,40.301
0,69,21,0,0,40.2964
0,70,21,0,0,40.2921
0,71,21,0,0,40.2881
0,72,21,0,0,40.2843
0,73,21,0,0,40.2808
0,74,21,0,0,40.2776
0,75,21,0,0,40.2746
0,76,21,0,0,40.2719
0,77,21,0,0,40.2693
0,78,21,0,0,40.2669
0,79,21,0,0,40.2645
0,80,21,0,0,40.2623
0,81,21,0,0,40.2601
0,82,21,0,0,40.258
0,83,21,0,0,40.256
0,84,21,0,0,40.254
0,85,21,0,0,40.2521
0,86,21,0,0,40.2503
0,87,21,0,0,40.2484
0,88,21,0,0,40.2466
0,89,21,0,0,40.2448
0,90,21,0,0,40.2431
0,91,21,0,0,40.2414
0,92,21,0,0,40.2398
0,93,21,0,0,40.2383
0,94,21,0,0,40.2367
0,95,21,0,0,40.2352
0,96,21,0,0,40.2338
0,97,21,0,0,40.2324
0,98,21,0,0,40.2312
0,99,21,0,0,40.2301
0,100,21,0,0,40.2293
0,101,21,0,0,40.2286
0,102,21,0,0,40.228
0,103,21,0,0,40.2276
0,104,21,0,0,40.2271
0,105,21,0,0,40.2266
0,106,21,0,0,40.2261
0,107,21,0,0,40.2255
0,108,21,0,0,40.2249
0,109,21,0,0,40.2243
0,110,21,0,0,40.2236
0,111,21,0,0,40.223
0,112,21,0,0,40.2222
0,113,21,0,0,40.2214
0,114,21,0,0,40.2206
0,115,21,0,0,40.2198
0,116,21,0,0,40.2189
0,117,21,0,0,40.218
0,118,21,0,0,40.217
0,119,21,0,0,40.216
0,120,21,0,0,40.215
0,121,21,0,0,40.2141
0,122,21,0,0,40.2131
0,123,21,0,0,40.2123
0,124,21,0,0,40.2115
0,125,21,0,0,40.2108
0,126,21,0,0,40.2102
0,127,21,0,0,40.2097
0,0,22,0,1.85006e-05,41.8805
0,1,22,0,0,41.8674
0,2,22,0,0,41.8494
0,3,22,0,0,41.8268
0,4,22,0,0,41.7999
0,5,22,0,0,41.769
0,6,22,0,0,41.7346
0,7,22,0,0,41.697
0,8,22,0,0,41.6567
0,9,22,0,0,41.6141
0,10,22,0,0,41.5697
0,11,22,0,0,41.5238
0,12,22,0,0,41.477
0,13,22,0,0,41.4295
0,14,22,0,0,41.3819
0,15,22,0,0,41.3344
0,16,22,0,0,41.2872
0,17,22,0,0,41.2406
0,18,22,0,0,41.1949
0,19,22,0,0,41.1501
0,20,22,0,0,41.1065
0,21,22,0,0,41.064
0,22,22,0,0,41.0229
0,23,22,0,0,40.9831
0,24,22,0,0,40.9447
0,25,22,0,0,40.9076
0,26,22,0,0,40.872
0,27,22,0,0,40.8379
0,28,22,0,0,40.8053
0,29,22,0,0,40.7741
0,30,22,0,0,40.7443
0,31,22,0,0,40.716
0,32,22,0,0,40.689
0,33,22,0,0,40.6634
0,34,22,0,0,40.6391
0,35,22,0,0,40.6161
0,36,22,0,0,40.5944
0,37,22,0,0,40.5738
0,38,22,0,0,40.5545
0,39,22,0,0,40.5362
0,40,22,0,0,40.5191
0,41,22,0,0,40.5029
0,42,22,0,0,40.4878
0,43,22,0,0,40.4736
0,44,22,0,0,40.4603
0,45,22,0,0,40.4478
0,46,22,0,0,40.4361
0,47,22,0,0,40.425
0,48,22,0,0,40.4147
0,49,22,0,0,40.4049
0,50,22,0,0,40.3957
0,51,22,0,0,40.387
0,52,22,0,0,40.3788
0,53,22,0,0,40.3712
0,54,22,0,0,40.364
0,55,22,0,0,40.3574
0,56,22,0,0,40.3512
0,57,22,0,0,40.3455
0,58,22,0,0,40.3403
0,59,22,0,0,40.3355
0,60,22,0,0,40.3311
0,61,22,0,0,40.3272
0,62,22,0,0,40.3235
0,63,22,0,0,40.3202
0,64,22,0,1.85006e-05,40.3173
0,65,22,0,0,40.3117
0,66,22,0,0,40.3064
0,67,22,0,0,40.3014
0,68,22,0,0,40.2967
0,69,22,0,0,40.2923
0,70,22,0,0,40.2881
0,71,22,0,0,40.2841
0,72,22,0,0,40.2804
0,73,22,0,0,40.277
0,74,22,0,0,40.2738
0,75,22,0,0,40.2708
0,76,22,0,0,40.2681
0,77,22,0,0,40.2655
0,78,22,0,0,40.263
0,79,22,0,0,40.2607
0,80,22,0,0,40.2584
0,81,22,0,0,40.2563
0,82,22,0,0,40.2542
0,83,22,0,0,40.2522
0,84,22,0,0,40.2503
0,85,22,0,0,40.2484
0,86,22,0,0,40.2465
0,87,22,0,0,40.2447
0,88,22,0,0,40.2429
0,89,22,0,0,40.2412
0,90,22,0,0,40.2395
0,91,22,0,0,40.2379
0,92,22,0,0,40.2363
0,93,22,0,0,40.2348
0,94,22,0,0,40.2333
0,95,22,0,0,40.2318
0,96,22,0,0,40.2305
0,97,22,0,0,40.2292
0,98,22,0,0,40.228
0,99,22,0,0,40.227
0,100,22,0,0,40.2261
0,101,22,0,0,40.2253
0,102,22,0,0,40.2247
0,103,22,0,0,40.2241
0,104,22,0,0,40.2235
0,105,22,0,0,40.223
0,106,22,0,0,40.2225
0,107,22,0,0,40.2219
0,108,22,0,0,40.2213
0,109,22,0,0,40.2207
0,110,22,0,0,40.2201
0,111,22,0,0,40.2194
0,112,22,0,0,40.2187
0,113,22,0,0,40.218
0,114,22,0,0,40.2172
0,115,22,0,0,40.2164
0,116,22,0,0,40.2155
0,117,22,0,0,40.2147
0,118,22,0,0,40.2138
0,119,22,0,0,40.2129
0,120,22,0,0,40.212
0,121,22,0,0,40.2111
0,122,22,0,0,40.2103
0,123,22,0,0,40.2095
0,124,22,0,0,40.2088
0,125,22,0,0,40.2082
0,126,22,0,0,40.2076
0,127,22,0,0,40.2073
0,0,23,0,1.85006e-05,41.7578
0,1,23,0,0,41.746
0,2,23,0,0,41.73
0,3,23,0,0,41.7098
0,4,23,0,0,41.6859
0,5,23,0,0,41.6584
0,6,23,0,0,41.6277
0,7,23,0,0,41.5941
0,8,23,0,0,41.5581
0,9,23,0,0,41.5199
0,10,23,0,0,41.48
0,11,23,0,0,41.4388
0,12,23,0,0,41.3965
0,13,23,0,0,41.3536
0,14,23,0,0,41.3104
0,15,23,0,0,41.2672
0,16,23,0,0,41.2241
0,17,23,0,0,41.1815
0,18,23,0,0,41.1396
0,19,23,0,0,41.0984
0,20,23,0,0,41.0581
0,21,23,0,0,41.0189
0,22,23,0,0,40.9808
0,23,23,0,0,40.9438
0,24,23,0,0,40.908
0,25,23,0,0,40.8735
0,26,23,0,0,40.8403
0,27,23,0,0,40.8084
0,28,23,0,0,40.7778
0,29,23,0,0,40.7485
0,30,23,0,0,40.7205
0,31,23,0,0,40.6938
0,32,23,0,0,40.6684
0,33,23,0,0,40.6442
0,34,23,0,0,40.6213
0,35,23,0,0,40.5995
0,36,23,0,0,40.5789
0,37,23,0,0,40.5594
0,38,23,0,0,40.5409
0,39,23,0,0,40.5235
0,40,23,0,0,40.5071
0,41,23,0,0,40.4917
0,42,23,0,0,40.4772
0,43,23,0,0,40.4636
0,44,23,0,0,40.4508
0,45,23,0,0,40.4387
0,46,23,0,0,40.4274
0,47,23,0,0,40.4168
0,48,23,0,0,40.4068
0,49,23,0,0,40.3974
0,50,23,0,0,40.3885
0,51,23,0,0,40.3802
0,52,23,0,0,40.3723
0,53,23,0,0,40.365
0,54,23,0,0,40.3582
0,55,23,0,0,40.3518
0,56,23,0,0,40.3459
0,57,23,0,0,40.3404
0,58,23,0,0,40.3354
0,59,23,0,0,40.3308
0,60,23,0,0,40.3266
0,61,23,0,0,40.3227
0,62,23,0,0,40.3193
0,63,23,0,0,40.3161
0,64,23,0,1.85006e-05,40.3133
0,65,23,0,0,40.3079
0,66,23,0,0,40.3027
0,67,23,0,0,40.2978
0,68,23,0,0,40.2932
0,69,23,0,0,40.2889
0,70,23,0,0,40.2848
0,71,23,0,0,40.281
0,72,23,0,0,40.2774
0,73,23,0,0,40.274
0,74,23,0,0,40.2708
0,75,23,0,0,40.2678
0,76,23,0,0,40.2651
0,77,23,0,0,40.2625
0,78,23,0,0,40.26
0,79,23,0,0,40.2577
0,80,23,0,0,40.2554
0,81,23,0,0,40.2533
0,82,23,0,0,40.2513
0,83,23,0,0,40.2493
0,84,23,0,0,40.2474
0,85,23,0,0,40.2455
0,86,23,0,0,40.2437
0,87,23,0,0,40.2419
0,88,23,0,0,40.2402
0,89,23,0,0,40.2384
0,90,23,0,0,40.2368
0,91,23,0,0,40.2352
0,92,23,0,0,40.2336
0,93,23,0,0,40.2321
0,94,23,0,0,40.2307
0,95,23,0,0,40.2293
0,96,23,0,0,40.2279
0,97,23,0,0,40.2267
0,98,23,0,0,40.2256
0,99,23,0,0,40.2245
0,100,23,0,0,40.2236
0,101,23,0,0,40.2228
0,102,23,0,0,40.2221
0,103,23,0,0,40.2214
0,104,23,0,0,40.2208
0,105,23,0,0,40.2202
0,106,23,0,0,40.2197
0,107,23,0,0,40.2191
0,108,23,0,0,40.2185
0,109,23,0,0,40.2179
0,110,23,0,0,40.2173
0,111,23,0,0,40.2167
0,112,23,0,0,40.216
0,113,23,0,0,40.2153
0,114,23,0,0,40.2146
0,115,23,0,0,40.2138
0,116,23,0,0,40.213
0,117,23,0,0,40.2122
0,118,23,0,0,40.2114
0,119,23,0,0,40.2105
0,120,23,0,0,40.2097
0,121,23,0,0,40.2089
0,122,23,0,0,40.2081
0,123,23,0,0,40.2074
0,124,23,0,0,40.2068
0,125,23,0,0,40.2062
0,126,23,0,0,40.2057
0,127,23,0,0,40.2054
0,0,24,0,1.85006e-05,41.6458
0,1,24,0,0,41.6351
0,2,24,0,0,41.6207
0,3,24,0,0,41.6027
0,4,24,0,0,41.5813
0,5,24,0,0,41.5568
0,6,24,0,0,41.5293
0,7,24,0,0,41.4993
0,8,24,0,0,41.467
0,9,24,0,0,41.4328
0,10,24,0,0,41.3969
0,11,24,0,0,41.3597
0,12,24,0,0,41.3215
0,13,24,0,0,41.2827
0,14,24,0,0,41.2435
0,15,24,0,0,41.2041
0,16,24,0,0,41.1648
0,17,24,0,0,41.1259
0,18,24,0,0,41.0874
0,19,24,0,0,41.0495
0,20,24,0,0,41.0124
0,21,24,0,0,40.9761
0,22,24,0,0,40.9408
0,23,24,0,0,40.9065
0,24,24,0,0,40.8733
0,25,24,0,0,40.8411
0,26,24,0,0,40.8101
0,27,24,0,0,40.7803
0,28,24,0,0,40.7517
0,29,24,0,0,40.7242
0,30,24,0,0,40.6979
0,31,24,0,0,40.6728
0,32,24,0,0,40.6489
0,33,24,0,0,40.6261
0,34,24,0,0,40.6044
0,35,24,0,0,40.5838
0,36,24,0,0,40.5642
0,37,24,0,0,40.5457
0,38,24,0,0,40.5282
0,39,24,0,0,40.5116
0,40,24,0,0,40.496
0,41,24,0,0,40.4813
0,42,24,0,0,40.4674
0,43,24,0,0,40.4543
0,44,24,0,0,40.442
0,45,24,0,0,40.4305
0,46,24,0,0,40.4196
0,47,24,0,0,40.4093
0,48,24,0,0,40.3997
0,49,24,0,0,40.3907
0,50,24,0,0,40.3821
0,51,24,0,0,40.3742
0,52,24,0,0,40.3667
0,53,24,0,0,40.3596
0,54,24,0,0,40.3531
0,55,24,0,0,40.347
0,56,24,0,0,40.3413
0,57,24,0,0,40.3361
0,58,24,0,0,40.3313
0,59,24,0,0,40.3269
0,60,24,0,0,40.3228
0,61,24,0,0,40.3191
0,62,24,0,0,40.3158
0,63,24,0,0,40.3128
0,64,24,0,1.85006e-05,40.3102
0,65,24,0,0,40.3048
0,66,24,0,0,40.2998
0,67,24,0,0,40.2951
0,68,24,0,0,40.2906
0,69,24,0,0,40.2864
0,70,24,0,0,40.2824
0,71,24,0,0,40.2786
0,72,24,0,0,40.275
0,73,24,0,0,40.2717
0,74,24,0,0,40.2686
0,75,24,0,0,40.2656
0,76,24,0,0,40.2629
0,77,24,0,0,40.2603
0,78,24,0,0,40.2578
0,79,24,0,0,40.2555
0,80,24,0,0,40.2533
0,81,24,0,0,40.2512
0,82,24,0,0,40.2492
0,83,24,0,0,40.2472
0,84,24,0,0,40.2453
0,85,24,0,0,40.2435
0,86,24,0,0,40.2417
0,87,24,0,0,40.2399
0,88,24,0,0,40.2382
0,89,24,0,0,40.2365
0,90,24,0,0,40.2349
0,91,24,0,0,40.2333
0,92,24,0,0,40.2317
0,93,24,0,0,40.2302
0,94,24,0,0,40.2288
0,95,24,0,0,40.2274
0,96,24,0,0,40.2261
0,97,24,0,0,40.2249
0,98,24,0,0,40.2238
0,99,24,0,0,40.2228
0,100,24,0,0,40.2218
0,101,24,0,0,40.221
0,102,24,0,0,40.2202
0,103,24,0,0,40.2195
0,104,24,0,0,40.2189
0,105,24,0,0,40.2183
0,106,24,0,0,40.2177
0,107,24,0,0,40.2171
0,108,24,0,0,40.2166
0,109,24,0,0,40.216
0,110,24,0,0,40.2154
0,111,24,0,0,40.2148
0,112,24,0,0,40.2142
0,113,24,0,0,40.2135
0,114,24,0,0,40.2128
0,115,24,0,0,40.2121
0,116,24,0,0,40.2113
0,117,24,0,0,40.2106
0,118,24,0,0,40.2098
0,119,24,0,0,40.209
0,120,24,0,0,40.2082
0,121,24,0,0,40.2074
0,122,24,0,0,40.2067
0,123,24,0,0,40.206
0,124,24,0,0,40.2054
0,125,24,0,0,40.2049
0,126,24,0,0,40.2044
0,127,24,0,0,40.2041
0,0,25,0,1.85006e-05,41.5432
0,1,25,0,0,41.5335
0,2,25,0,0,41.5206
0,3,25,0,0,41.5045
0,4,25,0,0,41.4853
0,5,25,0,0,41.4634
0,6,25,0,0,41.4389
0,7,25,0,0,41.412
0,8,25,0,0,41.383
0,9,25,0,0,41.3522
0,10,25,0,0,41.3199
0,11,25,0,0,41.2863
0,12,25,0,0,41.2518
0,13,25,0,0,41.2166
0,14,25,0,0,41.1809
0,15,25,0,0,41.145
0,16,25,0,0,41.1092
0,17,25,0,0,41.0735
0,18,25,0,0,41.0382
0,19,25,0,0,41.0034
0,20,25,0,0,40.9692
0,21,25,0,0,40.9357
0,22,25,0,0,40.903
0,23,25,0,0,40.8712
0,24,25,0,0,40.8403
0,25,25,0,0,40.8104
0,26,25,0,0,40.7815
0,27,25,0,0,40.7537
0,28,25,0,0,40.7269
0,29,25,0,0,40.7011
0,30,25,0,0,40.6765
0,31,25,0,0,40.6529
0,32,25,0,0,40.6304
0,33,25,0,0,40.6089
0,34,25,0,0,40.5884
0,35,25,0,0,40.5689
0,36,25,0,0,40.5504
0,37,25,0,0,40.5329
0,38,25,0,0,40.5163
0,39,25,0,0,40.5005
0,40,25,0,0,40.4856
0,41,25,0,0,40.4716
0,42,25,0,0,40.4583
0,43,25,0,0,40.4459
0,44,25,0,0,40.4341
0,45,25,0,0,40.423
0,46,25,0,0,40.4126
0,47,25,0,0,40.4027
0,48,25,0,0,40.3935
0,49,25,0,0,40.3848
0,50,25,0,0,40.3766
0,51,25,0,0,40.369
0,52,25,0,0,40.3618
0,53,25,0,0,40.3551
0,54,25,0,0,40.3488
0,55,25,0,0,40.343
0,56,25,0,0,40.3376
0,57,25,0,0,40.3326
0,58,25,0,0,40.328
0,59,25,0,0,40.3237
0,60,25,0,0,40.3199
0,61,25,0,0,40.3163
0,62,25,0,0,40.3132
0,63,25,0,0,40.3103
0,64,25,0,1.85006e-05,40.3078
0,65,25,0,0,40.3026
0,66,25,0,0,40.2977
0,67,25,0,0,40.2931
0,68,25,0,0,40.2888
0,69,25,0,0,40.2846
0,70,25,0,0,40.2807
0,71,25,0,0,40.277
0,72,25,0,0,40.2735
0,73,25,0,0,40.2702
0,74,25,0,0,40.2671
0,75,25,0,0,40.2642
0,76,25,0,0,40.2614
0,77,25,0,0,40.2589
0,78,25,0,0,40.2564
0,79,25,0,0,40.2541
0,80,25,0,0,40.2519
0,81,25,0,0,40.2499
0,82,25,0,0,40.2479
0,83,25,0,0,40.246
0,84,25,0,0,40.2442
0,85,25,0,0,40.2424
0,86,25,0,0,40.2406
0,87,25,0,0,40.2388
0,88,25,0,0,40.2371
0,89,25,0,0,40.2354
0,90,25,0,0,40.2337
0,91,25,0,0,40.2321
0,92,25,0,0,40.2306
0,93,25,0,0,40.2291
0,94,25,0,0,40.2277
0,95,25,0,0,40.2264
0,96,25,0,0,40.2251
0,97,25,0,0,40.2239
0,98,25,0,0,40.2228
0,99,25,0,0,40.2217
0,100,25,0,0,40.2208
0,101,25,0,0,40.2199
0,102,25,0,0,40.2191
0,103,25,0,0,40.2183
0,104,25,0,0,40.2177
0,105,25,0,0,40.2171
0,106,25,0,0,40.2165
0,107,25,0,0,40.216
0,108,25,0,0,40.2154
0,109,25,0,0,40.2149
0,110,25,0,0,40.2144
0,111,25,0,0,40.2138
0,112,25,0,0,40.2132
0,113,25,0,0,40.2126
0,114,25,0,0,40.2119
0,115,25,0,0,40.2112
0,116,25,0,0,40.2104
0,117,25,0,0,40.2097
0,118,25,0,0,40.2089
0,119,25,0,0,40.2082
0,120,25,0,0,40.2074
0,121,25,0,0,40.2067
0,122,25,0,0,40.206
0,123,25,0,0,40.2053
0,124,25,0,0,40.2047
0,125,25,0,0,40.2042
0,126,25,0,0,40.2038
0,127,25,0,0,40.2035
0,0,26,0,1.85006e-05,41.4494
0,1,26,0,0,41.4406
0,2,26,0,0,41.4289
0,3,26,0,0,41.4145
0,4,26,0,0,41.3974
0,5,26,0,0,41.3777
0,6,26,0,0,41.3557
0,7,26,0,0,41.3316
0,8,26,0,0,41.3055
0,9,26,0,0,41.2778
0,10,26,0,0,41.2486
0,11,26,0,0,41.2183
0,12,26,0,0,41.187
0,13,26,0,0,41.155
0,14,26,0,0,41.1226
0,15,26,0,0,41.0899
0,16,26,0,0,41.0571
0,17,26,0,0,41.0245
0,18,26,0,0,40.9921
0,19,26,0,0,40.9601
0,20,26,0,0,40.9286
0,21,26,0,0,40.8977
0,22,26,0,0,40.8675
0,23,26,0,0,40.838
0,24,26,0,0,40.8093
0,25,26,0,0,40.7815
0,26,26,0,0,40.7545
0,27,26,0,0,40.7285
0,28,26,0,0,40.7035
0,29,26,0,0,40.6794
0,30,26,0,0,40.6563
0,31,26,0,0,40.6341
0,32,26,0,0,40.613
0,33,26,0,0,40.5928
0,34,26,0,0,40.5735
0,35,26,0,0,40.5551
0,36,26,0,0,40.5376
0,37,26,0,0,40.521
0,38,26,0,0,40.5052
0,39,26,0,0,40.4903
0,40,26,0,0,40.4761
0,41,26,0,0,40.4627
0,42,26,0,0,40.4501
0,43,26,0,0,40.4382
0,44,26,0,0,40.427
0,45,26,0,0,40.4164
0,46,26,0,0,40.4064
0,47,26,0,0,40.397
0,48,26,0,0,40.3881
0,49,26,0,0,40.3797
0,50,26,0,0,40.3719
0,51,26,0,0,40.3646
0,52,26,0,0,40.3577
0,53,26,0,0,40.3513
0,54,26,0,0,40.3454
0,55,26,0,0,40.3398
0,56,26,0,0,40.3346
0,57,26,0,0,40.3299
0,58,26,0,0,40.3254
0,59,26,0,0,40.3214
0,60,26,0,0,40.3177
0,61,26,0,0,40.3143
0,62,26,0,0,40.3113
0,63,26,0,0,40.3087
0,64,26,0,1.85006e-05,40.3063
0,65,26,0,0,40.3012
0,66,26,0,0,40.2965
0,67,26,0,0,40.292
0,68,26,0,0,40.2878
0,69,26,0,0,40.2837
0,70,26,0,0,40.2799
0,71,26,0,0,40.2762
0,72,26,0,0,40.2728
0,73,26,0,0,40.2695
0,74,26,0,0,40.2664
0,75,26,0,0,40.2635
0,76,26,0,0,40.2608
0,77,26,0,0,40.2582
0,78,26,0,0,40.2558
0,79,26,0,0,40.2536
0,80,26,0,0,40.2514
0,81,26,0,0,40.2494
0,82,26,0,0,40.2475
0,83,26,0,0,40.2456
0,84,26,0,0,40.2438
0,85,26,0,0,40.2421
0,86,26,0,0,40.2403
0,87,26,0,0,40.2385
0,88,26,0,0,40.2368
0,89,26,0,0,40.2351
0,90,26,0,0,40.2334
0,91,26,0,0,40.2318
0,92,26,0,0,40.2303
0,93,26,0,0,40.2288
0,94,26,0,0,40.2274
0,95,26,0,0,40.2261
0,96,26,0,0,40.2248
0,97,26,0,0,40.2236
0,98,26,0,0,40.2225
0,99,26,0,0,40.2214
0,100,26,0,0,40.2205
0,101,26,0,0,40.2195
0,102,26,0,0,40.2187
0,103,26,0,0,40.2179
0,104,26,0,0,40.2172
0,105,26,0,0,40.2166
0,106,26,0,0,40.2161
0,107,26,0,0,40.2156
0,108,26,0,0,40.2151
0,109,26,0,0,40.2146
0,110,26,0,0,40.2141
0,111,26,0,0,40.2136
0,112,26,0,0,40.213
0,113,26,0,0,40.2124
0,114,26,0,0,40.2117
0,115,26,0,0,40.211
0,116,26,0,0,40.2103
0,117,26,0,0,40.2096
0,118,26,0,0,40.2088
0,119,26,0,0,40.2081
0,120,26,0,0,40.2074
0,121,26,0,0,40.2067
0,122,26,0,0,40.206
0,123,26,0,0,40.2053
0,124,26,0,0,40.2047
0,125,26,0,0,40.2042
0,126,26,0,0,40.2037
0,127,26,0,0,40.2034
0,0,27,0,1.85006e-05,41.3636
0,1,27,0,0,41.3555
0,2,27,0,0,41.345
0,3,27,0,0,41.332
0,4,27,0,0,41.3167
0,5,27,0,0,41.2991
0,6,27,0,0,41.2794
0,7,27,0,0,41.2577
0,8,27,0,0,41.2342
0,9,27,0,0,41.2092
0,10,27,0,0,41.1828
0,11,27,0,0,41.1553
0,12,27,0,0,41.1269
0,13,27,0,0,41.0978
0,14,27,0,0,41.0683
0,15,27,0,0,41.0385
0,16,27,0,0,41.0086
0,17,27,0,0,40.9787
0,18,27,0,0,40.949
0,19,27,0,0,40.9196
0,20,27,0,0,40.8906
0,21,27,0,0,40.862
0,22,27,0,0,40.8341
0,23,27,0,0,40.8067
0,24,27,0,0,40.7801
0,25,27,0,0,40.7542
0,26,27,0,0,40.7292
0,27,27,0,0,40.7049
0,28,27,0,0,40.6815
0,29,27,0,0,40.659
0,30,27,0,0,40.6374
0,31,27,0,0,40.6166
0,32,27,0,0,40.5967
0,33,27,0,0,40.5777
0,34,27,0,0,40.5596
0,35,27,0,0,40.5423
0,36,27,0,0,40.5258
0,37,27,0,0,40.5101
0,38,27,0,0,40.4951
0,39,27,0,0,40.4809
0,40,27,0,0,40.4674
0,41,27,0,0,40.4548
0,42,27,0,0,40.4428
0,43,27,0,0,40.4314
0,44,27,0,0,40.4207
0,45,27,0,0,40.4106
0,46,27,0,0,40.4011
0,47,27,0,0,40.392
0,48,27,0,0,40.3835
0,49,27,0,0,40.3755
0,50,27,0,0,40.368
0,51,27,0,0,40.361
0,52,27,0,0,40.3545
0,53,27,0,0,40.3484
0,54,27,0,0,40.3427
0,55,27,0,0,40.3374
0,56,27,0,0,40.3325
0,57,27,0,0,40.3279
0,58,27,0,0,40.3237
0,59,27,0,0,40.3199
0,60,27,0,0,40.3163
0,61,27,0,0,40.3132
0,62,27,0,0,40.3103
0,63,27,0,0,40.3078
0,64,27,0,1.85006e-05,40.3056
0,65,27,0,0,40.3007
0,66,27,0,0,40.2961
0,67,27,0,0,40.2917
0,68,27,0,0,40.2876
0,69,27,0,0,40.2837
0,70,27,0,0,40.2799
0,71,27,0,0,40.2763
0,72,27,0,0,40.2729
0,73,27,0,0,40.2696
0,74,27,0,0,40.2666
0,75,27,0,0,40.2637
0,76,27,0,0,40.261
0,77,27,0,0,40.2584
0,78,27,0,0,40.256
0,79,27,0,0,40.2538
0,80,27,0,0,40.2517
0,81,27,0,0,40.2497
0,82,27,0,0,40.2479
0,83,27,0,0,40.2461
0,84,27,0,0,40.2444
0,85,27,0,0,40.2426
0,86,27,0,0,40.2409
0,87,27,0,0,40.2391
0,88,27,0,0,40.2373
0,89,27,0,0,40.2356
0,90,27,0,0,40.2339
0,91,27,0,0,40.2323
0,92,27,0,0,40.2307
0,93,27,0,0,40.2293
0,94,27,0,0,40.2279
0,95,27,0,0,40.2265
0,96,27,0,0,40.2253
0,97,27,0,0,40.2241
0,98,27,0,0,40.223
0,99,27,0,0,40.2219
0,100,27,0,0,40.2209
0,101,27,0,0,40.2199
0,102,27,0,0,40.219
0,103,27,0,0,40.2182
0,104,27,0,0,40.2175
0,105,27,0,0,40.2169
0,106,27,0,0,40.2164
0,107,27,0,0,40.2159
0,108,27,0,0,40.2155
0,109,27,0,0,40.2151
0,110,27,0,0,40.2147
0,111,27,0,0,40.2142
0,112,27,0,0,40.2137
0,113,27,0,0,40.2131
0,114,27,0,0,40.2124
0,115,27,0,0,40.2117
0,116,27,0,0,40.211
0,117,27,0,0,40.2103
0,118,27,0,0,40.2095
0,119,27,0,0,40.2088
0,120,27,0,0,40.2081
0,121,27,0,0,40.2074
0,122,27,0,0,40.2067
0,123,27,0,0,40.206
0,124,27,0,0,40.2054
0,125,27,0,0,40.2048
0,126,27,0,0,40.2043
0,127,27,0,0,40.2039
0,0,28,0,1.85006e-05,41.2849
0,1,28,0,0,41.2776
0,2,28,0,0,41.2682
0,3,28,0,0,41.2566
0,4,28,0,0,41.2429
0,5,28,0,0,41.2271
0,6,28,0,0,41.2094
0,7,28,0,0,41.1899
0,8,28,0,0,41.1687
0,9,28,0,0,41.1461
0,10,28,0,0,41.1222
0,11,28,0,0,41.0972
0,12,28,0,0,41.0714
0,13,28,0,0,41.0449
0,14,28,0,0,41.0179
0,15,28,0,0,40.9907
0,16,28,0,0,40.9634
0,17,28,0,0,40.9361
0,18,28,0,0,40.9089
0,19,28,0,0,40.8818
0,20,28,0,0,40.8551
0,21,28,0,0,40.8287
0,22,28,0,0,40.8029
0,23,28,0,0,40.7775
0,24,28,0,0,40.7528
0,25,28,0,0,40.7288
0,26,28,0,0,40.7054
0,27,28,0,0,40.6829
0,28,28,0,0,40.6611
0,29,28,0,0,40.64
0,30,28,0,0,40.6197
0,31,28,0,0,40.6002
0,32,28,0,0,40.5816
0,33,28,0,0,40.5638
0,34,28,0,0,40.5468
0,35,28,0,0,40.5306
0,36,28,0,0,40.515
0,37,28,0,0,40.5001
0,38,28,0,0,40.4859
0,39,28,0,0,40.4724
0,40,28,0,0,40.4597
0,41,28,0,0,40.4476
0,42,28,0,0,40.4363
0,43,28,0,0,40.4255
0,44,28,0,0,40.4154
0,45,28,0,0,40.4057
0,46,28,0,0,40.3966
0,47,28,0,0,40.3879
0,48,28,0,0,40.3797
0,49,28,0,0,40.372
0,50,28,0,0,40.3649
0,51,28,0,0,40.3582
0,52,28,0,0,40.352
0,53,28,0,0,40.3462
0,54,28,0,0,40.3409
0,55,28,0,0,40.3359
0,56,28,0,0,40.3312
0,57,28,0,0,40.3269
0,58,28,0,0,40.3228
0,59,28,0,0,40.3192
0,60,28,0,0,40.3158
0,61,28,0,0,40.3128
0,62,28,0,0,40.3101
0,63,28,0,0,40.3077
0,64,28,0,1.85006e-05,40.3057
0,65,28,0,0,40.3009
0,66,28,0,0,40.2965
0,67,28,0,0,40.2923
0,68,28,0,0,40.2883
0,69,28,0,0,40.2845
0,70,28,0,0,40.2808
0,71,28,0,0,40.2772
0,72,28,0,0,40.2738
0,73,28,0,0,40.2706
0,74,28,0,0,40.2675
0,75,28,0,0,40.2646
0,76,28,0,0,40.2619
0,77,28,0,0,40.2594
0,78,28,0,0,40.257
0,79,28,0,0,40.2548
0,80,28,0,0,40.2528
0,81,28,0,0,40.2509
0,82,28,0,0,40.2492
0,83,28,0,0,40.2475
0,84,28,0,0,40.2459
0,85,28,0,0,40.2441
0,86,28,0,0,40.2424
0,87,28,0,0,40.2406
0,88,28,0,0,40.2387
0,89,28,0,0,40.237
0,90,28,0,0,40.2352
0,91,28,0,0,40.2335
0,92,28,0,0,40.2319
0,93,28,0,0,40.2305
0,94,28,0,0,40.2291
0,95,28,0,0,40.2278
0,96,28,0,0,40.2265
0,97,28,0,0,40.2253
0,98,28,0,0,40.2242
0,99,28,0,0,40.2231
0,100,28,0,0,40.2221
0,101,28,0,0,40.221
0,102,28,0,0,40.2201
0,103,28,0,0,40.2192
0,104,28,0,0,40.2185
0,105,28,0,0,40.2179
0,106,28,0,0,40.2174
0,107,28,0,0,40.2171
0,108,28,0,0,40.2168
0,109,28,0,0,40.2165
0,110,28,0,0,40.2161
0,111,28,0,0,40.2157
0,112,28,0,0,40.2152
0,113,28,0,0,40.2146
0,114,28,0,0,40.2139
0,115,28,0,0,40.2132
0,116,28,0,0,40.2124
0,117,28,0,0,40.2117
0,118,28,0,0,40.211
0,119,28,0,0,40.2103
0,120,28,0,0,40.2096
0,121,28,0,0,40.2089
0,122,28,0,0,40.2082
0,123,28,0,0,40.2075
0,124,28,0,0,40.2068
0,125,28,0,0,40.2061
0,126,28,0,0,40.2054
0,127,28,0,0,40.205
0,0,29,0,1.85006e-05,41.2128
0,1,29,0,0,41.2063
0,2,29,0,0,41.1979
0,3,29,0,0,41.1876
0,4,29,0,0,41.1754
0,5,29,0,0,41.1613
0,6,29,0,0,41.1454
0,7,29,0,0,41.1278
0,8,29,0,0,41.1086
0,9,29,0,0,41.0882
0,10,29,0,0,41.0665
0,11,29,0,0,41.0438
0,12,29,0,0,41.0202
0,13,29,0,0,40.9959
0,14,29,0,0,40.9713
0,15,29,0,0,40.9464
0,16,29,0,0,40.9215
0,17,29,0,0,40.8965
0,18,29,0,0,40.8716
0,19,29,0,0,40.8468
0,20,29,0,0,40.8221
0,21,29,0,0,40.7978
0,22,29,0,0,40.7739
0,23,29,0,0,40.7504
0,24,29,0,0,40.7275
0,25,29,0,0,40.7051
0,26,29,0,0,40.6834
0,27,29,0,0,40.6624
0,28,29,0,0,40.6421
0,29,29,0,0,40.6224
0,30,29,0,0,40.6034
0,31,29,0,0,40.5851
0,32,29,0,0,40.5676
0,33,29,0,0,40.551
0,34,29,0,0,40.5352
0,35,29,0,0,40.52
0,36,29,0,0,40.5053
0,37,29,0,0,40.4912
0,38,29,0,0,40.4776
0,39,29,0,0,40.4648
0,40,29,0,0,40.4528
0,41,29,0,0,40.4414
0,42,29,0,0,40.4307
0,43,29,0,0,40.4205
0,44,29,0,0,40.411
0,45,29,0,0,40.4018
0,46,29,0,0,40.393
0,47,29,0,0,40.3847
0,48,29,0,0,40.3768
0,49,29,0,0,40.3694
0,50,29,0,0,40.3626
0,51,29,0,0,40.3562
0,52,29,0,0,40.3504
0,53,29,0,0,40.345
0,54,29,0,0,40.3399
0,55,29,0,0,40.3353
0,56,29,0,0,40.3308
0,57,29,0,0,40.3267
0,58,29,0,0,40.3228
0,59,29,0,0,40.3193
0,60,29,0,0,40.3161
0,61,29,0,0,40.3132
0,62,29,0,0,40.3107
0,63,29,0,0,40.3085
0,64,29,0,1.85006e-05,40.3066
0,65,29,0,0,40.302
0,66,29,0,0,40.2977
0,67,29,0,0,40.2938
0,68,29,0,0,40.29
0,69,29,0,0,40.2862
0,70,29,0,0,40.2825
0,71,29,0,0,40.2789
0,72,29,0,0,40.2755
0,73,29,0,0,40.2723
0,74,29,0,0,40.2692
0,75,29,0,0,40.2664
0,76,29,0,0,40.2637
0,77,29,0,0,40.2612
0,78,29,0,0,40.2588
0,79,29,0,0,40.2566
0,80,29,0,0,40.2546
0,81,29,0,0,40.2529
0,82,29,0,0,40.2513
0,83,29,0,0,40.2498
0,84,29,0,0,40.2483
0,85,29,0,0,40.2466
0,86,29,0,0,40.2448
0,87,29,0,0,40.2429
0,88,29,0,0,40.241
0,89,29,0,0,40.2392
0,90,29,0,0,40.2373
0,91,29,0,0,40.2356
0,92,29,0,0,40.2339
0,93,29,0,0,40.2324
0,94,29,0,0,40.2311
0,95,29,0,0,40.2298
0,96,29,0,0,40.2286
0,97,29,0,0,40.2273
0,98,29,0,0,40.2262
0,99,29,0,0,40.2251
0,100,29,0,0,40.2241
0,101,29,0,0,40.2229
0,102,29,0,0,40.2218
0,103,29,0,0,40.2209
0,104,29,0,0,40.2201
0,105,29,0,0,40.2195
0,106,29,0,0,40.2191
0,107,29,0,0,40.219
0,108,29,0,0,40.2189
0,109,29,0,0,40.2187
0,110,29,0,0,40.2185
0,111,29,0,0,40.2181
0,112,29,0,0,40.2176
0,113,29,0,0,40.217
0,114,29,0,0,40.2163
0,115,29,0,0,40.2155
0,116,29,0,0,40.2147
0,117,29,0,0,40.2139
0,118,29,0,0,40.2132
0,119,29,0,0,40.2125
0,120,29,0,0,40.2119
0,121,29,0,0,40.2112
0,122,29,0,0,40.2105
0,123,29,0,0,40.2097
0,124,29,0,0,40.2089
0,125,29,0,0,40.208
0,126,29,0,0,40.2072
0,127,29,0,0,40.2066
0,0,30,0,1.85006e-05,41.1467
0,1,30,0,0,41.141
0,2,30,0,0,41.1336
0,3,30,0,0,41.1246
0,4,30,0,0,41.1138
0,5,30,0,0,41.1012
0,6,30,0,0,41.087
0,7,30,0,0,41.0711
0,8,30,0,0,41.0537
0,9,30,0,0,41.0352
0,10,30,0,0,41.0156
0,11,30,0,0,40.9948
0,12,30,0,0,40.9731
0,13,30,0,0,40.9508
0,14,30,0,0,40.9282
0,15,30,0,0,40.9055
0,16,30,0,0,40.8828
0,17,30,0,0,40.86
0,18,30,0,0,40.8373
0,19,30,0,0,40.8144
0,20,30,0,0,40.7916
0,21,30,0,0,40.7691
0,22,30,0,0,40.747
0,23,30,0,0,40.7253
0,24,30,0,0,40.704
0,25,30,0,0,40.6832
0,26,30,0,0,40.663
0,27,30,0,0,40.6434
0,28,30,0,0,40.6246
0,29,30,0,0,40.6063
0,30,30,0,0,40.5884
0,31,30,0,0,40.5712
0,32,30,0,0,40.5548
0,33,30,0,0,40.5393
0,34,30,0,0,40.5247
0,35,30,0,0,40.5107
0,36,30,0,0,40.4969
0,37,30,0,0,40.4834
0,38,30,0,0,40.4703
0,39,30,0,0,40.4581
0,40,30,0,0,40.4468
0,41,30,0,0,40.4361
0,42,30,0,0,40.426
0,43,30,0,0,40.4164
0,44,30,0,0,40.4076
0,45,30,0,0,40.399
0,46,30,0,0,40.3905
0,47,30,0,0,40.3823
0,48,30,0,0,40.3747
0,49,30,0,0,40.3676
0,50,30,0,0,40.3611
0,51,30,0,0,40.355
0,52,30,0,0,40.3496
0,53,30,0,0,40.3445
0,54,30,0,0,40.3399
0,55,30,0,0,40.3356
0,56,30,0,0,40.3313
0,57,30,0,0,40.3273
0,58,30,0,0,40.3236
0,59,30,0,0,40.3202
0,60,30,0,0,40.3173
0,61,30,0,0,40.3145
0,62,30,0,0,40.3121
0,63,30,0,0,40.3102
0,64,30,0,1.85006e-05,40.3083
0,65,30,0,0,40.3038
0,66,30,0,0,40.2998
0,67,30,0,0,40.2962
0,68,30,0,0,40.2926
0,69,30,0,0,40.2889
0,70,30,0,0,40.2852
0,71,30,0,0,40.2816
0,72,30,0,0,40.2782
0,73,30,0,0,40.2749
0,74,30,0,0,40.2718
0,75,30,0,0,40.269
0,76,30,0,0,40.2663
0,77,30,0,0,40.2638
0,78,30,0,0,40.2613
0,79,30,0,0,40.2591
0,80,30,0,0,40.2571
0,81,30,0,0,40.2556
0,82,30,0,0,40.2543
0,83,30,0,0,40.2531
0,84,30,0,0,40.2518
0,85,30,0,0,40.2502
0,86,30,0,0,40.2483
0,87,30,0,0,40.2462
0,88,30,0,0,40.2442
0,89,30,0,0,40.2422
0,90,30,0,0,40.2403
0,91,30,0,0,40.2384
0,92,30,0,0,40.2366
0,93,30,0,0,40.2352
0,94,30,0,0,40.2339
0,95,30,0,0,40.2327
0,96,30,0,0,40.2314
0,97,30,0,0,40.2301
0,98,30,0,0,40.229
0,99,30,0,0,40.228
0,100,30,0,0,40.2269
0,101,30,0,0,40.2256
0,102,30,0,0,40.2243
0,103,30,0,0,40.2233
0,104,30,0,0,40.2224
0,105,30,0,0,40.2217
0,106,30,0,0,40.2215
0,107,30,0,0,40.2216
0,108,30,0,0,40.2219
0,109,30,0,0,40.2219
0,110,30,0,0,40.2217
0,111,30,0,0,40.2214
0,112,30,0,0,40.221
0,113,30,0,0,40.2203
0,114,30,0,0,40.2195
0,115,30,0,0,40.2187
0,116,30,0,0,40.2178
0,117,30,0,0,40.2169
0,118,30,0,0,40.2161
0,119,30,0,0,40.2155
0,120,30,0,0,40.2151
0,121,30,0,0,40.2144
0,122,30,0,0,40.2136
0,123,30,0,0,40.2127
0,124,30,0,0,40.2118
0,125,30,0,0,40.2107
0,126,30,0,0,40.2096
0,127,30,0,0,40.2088
0,0,31,0,1.85006e-05,41.0861
0,1,31,0,0,41.0813
0,2,31,0,0,41.0748
0,3,31,0,0,41.0674
0,4,31,0,0,41.0577
0,5,31,0,0,41.0467
0,6,31,0,0,41.0342
0,7,31,0,0,41.0194
0,8,31,0,0,41.0036
0,9,31,0,0,40.9869
0,10,31,0,0,40.9692
0,11,31,0,0,40.9502
0,12,31,0,0,40.9299
0,13,31,0,0,40.9092
0,14,31,0,0,40.8884
0,15,31,0,0,40.8677
0,16,31,0,0,40.8471
0,17,31,0,0,40.8265
0,18,31,0,0,40.8059
0,19,31,0,0,40.7849
0,20,31,0,0,40.7634
0,21,31,0,0,40.7427
0,22,31,0,0,40.7224
0,23,31,0,0,40.7023
0,24,31,0,0,40.6826
0,25,31,0,0,40.663
0,26,31,0,0,40.6442
0,27,31,0,0,40.6259
0,28,31,0,0,40.6089
0,29,31,0,0,40.592
0,30,31,0,0,40.5748
0,31,31,0,0,40.5584
0,32,31,0,0,40.5429
0,33,31,0,0,40.5287
0,34,31,0,0,40.5154
0,35,31,0,0,40.503
0,36,31,0,0,40.4901
0,37,31,0,0,40.4768
0,38,31,0,0,40.4638
0,39,31,0,0,40.452
0,40,31,0,0,40.4416
0,41,31,0,0,40.432
0,42,31,0,0,40.4222
0,43,31,0,0,40.4131
0,44,31,0,0,40.4054
0,45,31,0,0,40.3974
0,46,31,0,0,40.389
0,47,31,0,0,40.3809
0,48,31,0,0,40.3735
0,49,31,0,0,40.3666
0,50,31,0,0,40.3603
0,51,31,0,0,40.3546
0,52,31,0,0,40.3496
0,53,31,0,0,40.3449
0,54,31,0,0,40.3409
0,55,31,0,0,40.337
0,56,31,0,0,40.3329
0,57,31,0,0,40.329
0,58,31,0,0,40.3252
0,59,31,0,0,40.322
0,60,31,0,0,40.3194
0,61,31,0,0,40.3164
0,62,31,0,0,40.3144
0,63,31,0,0,40.3128
0,64,31,0,1.85006e-05,40.311
0,65,31,0,0,40.3063
0,66,31,0,0,40.3027
0,67,31,0,0,40.2996
0,68,31,0,0,40.2966
0,69,31,0,0,40.2928
0,70,31,0,0,40.289
0,71,31,0,0,40.285
0,72,31,0,0,40.2817
0,73,31,0,0,40.2784
0,74,31,0,0,40.2751
0,75,31,0,0,40.2724
0,76,31,0,0,40.2698
0,77,31,0,0,40.2673
0,78,31,0,0,40.2647
0,79,31,0,0,40.2622
0,80,31,0,0,40.2603
0,81,31,0,0,40.2589
0,82,31,0,0,40.2583
0,83,31,0,0,40.2575
0,84,31,0,0,40.2564
0,85,31,0,0,40.2551
0,86,31,0,0,40.2528
0,87,31,0,0,40.2503
0,88,31,0,0,40.2482
0,89,31,0,0,40.2463
0,90,31,0,0,40.2441
0,91,31,0,0,40.2419
0,92,31,0,0,40.2398
0,93,31,0,0,40.2386
0,94,31,0,0,40.2376
0,95,31,0,0,40.2364
0,96,31,0,0,40.2353
0,97,31,0,0,40.2336
0,98,31,0,0,40.2324
0,99,31,0,0,40.232
0,100,31,0,0,40.2309
0,101,31,0,0,40.2291
0,102,31,0,0,40.2275
0,103,31,0,0,40.2264
0,104,31,0,0,40.2252
0,105,31,0,0,40.2244
0,106,31,0,0,40.2244
0,107,31,0,0,40.225
0,108,31,0,0,40.2259
0,109,31,0,0,40.2262
0,110,31,0,0,40.226
0,111,31,0,0,40.2256
0,112,31,0,0,40.2254
0,113,31,0,0,40.2247
0,114,31,0,0,40.2235
0,115,31,0,0,40.2228
0,116,31,0,0,40.2217
0,117,31,0,0,40.2207
0,118,31,0,0,40.2196
0,119,31,0,0,40.2193
0,120,31,0,0,40.2192
0,121,31,0,0,40.2184
0,122,31,0,0,40.2177
0,123,31,0,0,40.2167
0,124,31,0,0,40.2157
0,125,31,0,0,40.2141
0,126,31,0,0,40.2127
0,127,31,0,0,40.2115
0,0,32,0,4.04681e-05,41.0305
0,1,32,0,3.26775e-05,41.0269
0,2,32,0,7.14e-06,41.0208
0,3,32,0,6.858e-05,41.0162
0,4,32,0,2.58825e-05,41.0066
0,5,32,0,4.002e-05,40.9973
0,6,32,0,7.3575e-05,40.9871
0,7,32,0,3.144e-05,40.9725
0,8,32,0,3.08925e-05,40.9578
0,9,32,0,4.071e-05,40.9431
0,10,32,0,5.43e-05,40.9276
0,11,32,0,5.574e-05,40.91
0,12,32,0,3.144e-05,40.8905
0,13,32,0,1.572e-05,40.8707
0,14,32,0,1.572e-05,40.8516
0,15,32,0,2.05275e-05,40.8329
0,16,32,0,2.286e-05,40.8141
0,17,32,0,3.46425e-05,40.7959
0,18,32,0,5.43e-05,40.7778
0,19,32,0,6.714e-05,40.7586
0,20,32,0,7.14e-06,40.7369
0,21,32,0,3.663e-05,40.7186
0,22,32,0,3.288e-05,40.7
0,23,32,0,3.144e-05,40.6815
0,24,32,0,3.858e-05,40.6632
0,25,32,0,2.142e-05,40.6445
0,26,32,0,3.714e-05,40.627
0,27,32,0,0,40.6092
0,28,32,0,4.929e-05,40.5953
0,29,32,0,6.036e-05,40.5799
0,30,32,0,2.142e-05,40.5625
0,31,32,0,2.43e-05,40.5467
0,32,32,0,7.14e-06,40.5316
0,33,32,0,2.856e-05,40.5189
0,34,32,0,3e-05,40.5071
0,35,32,0,6.75225e-05,40.4975
0,36,32,0,7.3935e-05,40.4855
0,37,32,0,4.83975e-05,40.4716
0,38,32,0,1.572e-05,40.4576
0,39,32,0,1.428e-05,40.4463
0,40,32,0,2.142e-05,40.4374
0,41,32,0,5.718e-05,40.4294
0,42,32,0,3.858e-05,40.4193
0,43,32,0,8.58e-06,40.41
0,44,32,0,6.1785e-05,40.4048
0,45,32,0,7.572e-05,40.3979
0,46,32,0,4.002e-05,40.3885
0,47,32,0,3.26775e-05,40.3802
0,48,32,0,3.732e-05,40.3731
0,49,32,0,3.714e-05,40.3663
0,50,32,0,3e-05,40.3603
0,51,32,0,2.856e-05,40.3548
0,52,32,0,4.6455e-05,40.3506
0,53,32,0,2.142e-05,40.3459
0,54,32,0,3.714e-05,40.343
0,55,32,0,5.43e-05,40.34
0,56,32,0,3.30225e-05,40.3353
0,57,32,0,5.03775e-05,40.3318
0,58,32,0,2.856e-05,40.3274
0,59,32,0,3.57e-05,40.3245
0,60,32,0,7.09125e-05,40.3232
0,61,32,0,1.03575e-05,40.3187
0,62,32,0,3.858e-05,40.3174
0,63,32,0,6.0765e-05,40.3171
0,64,32,0,5.75981e-05,40.3145
0,65,32,0,8.4e-06,40.3091
0,66,32,0,3.48075e-05,40.3062
0,67,32,0,4.284e-05,40.3043
0,68,32,0,6.966e-05,40.3024
0,69,32,0,3.735e-05,40.2979
0,70,32,0,5.43e-05,40.2939
0,71,32,0,3e-05,40.289
0,72,32,0,5.286e-05,40.2864
0,73,32,0,3.30225e-05,40.2828
0,74,32,0,2.001e-05,40.2789
0,75,32,0,4.30425e-05,40.2769
0,76,32,0,3.144e-05,40.2742
0,77,32,0,5.8215e-05,40.2721
0,78,32,0,4.69575e-05,40.2689
0,79,32,0,4.002e-05,40.2659
0,80,32,0,3.144e-05,40.2638
0,81,32,0,2.23125e-05,40.2627
0,82,32,0,4.929e-05,40.2633
0,83,32,0,5.2005e-05,40.2634
0,84,32,0,4.09125e-05,40.2622
0,85,32,0,7.6305e-05,40.262
0,86,32,0,5.142e-05,40.2586
0,87,32,0,3e-05,40.255
0,88,32,0,3e-05,40.2529
0,89,32,0,6.288e-05,40.2517
0,90,32,0,4.572e-05,40.2488
0,91,32,0,5.69775e-05,40.2465
0,92,32,0,1.428e-05,40.2431
0,93,32,0,3.26775e-05,40.2427
0,94,32,0,4.002e-05,40.2425
0,95,32,0,1.7505e-05,40.241
0,96,32,0,5.736e-05,40.2405
0,97,32,0,3.144e-05,40.2377
0,98,32,0,1.67925e-05,40.2361
0,99,32,0,7.02e-05,40.2374
0,100,32,0,7.12575e-05,40.2365
0,101,32,0,4.29e-05,40.2333
0,102,32,0,1.69575e-05,40.2309
0,103,32,0,4.44825e-05,40.2304
0,104,32,0,2.34075e-05,40.2285
0,105,32,0,8.58e-06,40.2273
0,106,32,0,1.572e-05,40.2274
0,107,32,0,3e-05,40.229
0,108,32,0,6.288e-05,40.2314
0,109,32,0,4.69575e-05,40.2317
0,110,32,0,4.16025e-05,40.2315
0,111,32,0,2.43e-05,40.2306
0,112,32,0,4.716e-05,40.2312
0,113,32,0,4.66125e-05,40.2305
0,114,32,0,1.572e-05,40.228
0,115,32,0,4.575e-05,40.2281
0,116,32,0,2.40975e-05,40.2262
0,117,32,0,5.856e-05,40.2257
0,118,32,0,0,40.2229
0,119,32,0,3.89475e-05,40.2239
0,120,32,0,5.856e-05,40.2249
0,121,32,0,2.91075e-05,40.2233
0,122,32,0,4.39425e-05,40.223
0,123,32,0,3e-05,40.2215
0,124,32,0,6.144e-05,40.2209
0,125,32,0,2.87625e-05,40.2183
0,126,32,0,2.43e-05,40.2163
0,127,32,0,4.146e-05,40.215
0,0,33,0,4.08131e-05,40.9764
0,1,33,0,3.62475e-05,40.9733
0,2,33,0,1.83975e-05,40.9677
0,3,33,0,3.594e-05,40.9624
0,4,33,0,3.19725e-05,40.9545
0,5,33,0,3e-05,40.9456
0,6,33,0,3.55275e-05,40.9359
0,7,33,0,4.1805e-05,40.9239
0,8,33,0,3.05475e-05,40.9103
0,9,33,0,3.357e-05,40.8966
0,10,33,0,4.51725e-05,40.8824
0,11,33,0,2.43e-05,40.8658
0,12,33,0,4.03575e-05,40.8494
0,13,33,0,3.858e-05,40.832
0,14,33,0,3.714e-05,40.8147
0,15,33,0,5.0535e-05,40.7978
0,16,33,0,3.41175e-05,40.7798
0,17,33,0,3.3045e-05,40.7622
0,18,33,0,3e-05,40.7446
0,19,33,0,2.856e-05,40.7266
0,20,33,0,3e-05,40.7084
0,21,33,0,2.73225e-05,40.6911
0,22,33,0,4.46325e-05,40.6747
0,23,33,0,4.7895e-05,40.6578
0,24,33,0,3.288e-05,40.6402
0,25,33,0,4.8945e-05,40.6237
0,26,33,0,2.43e-05,40.6064
0,27,33,0,2.499e-05,40.5907
0,28,33,0,6.075e-05,40.5774
0,29,33,0,3.41025e-05,40.562
0,30,33,0,4.19475e-05,40.547
0,31,33,0,4.002e-05,40.5324
0,32,33,0,4.002e-05,40.5185
0,33,33,0,3e-05,40.5055
0,34,33,0,8.58e-06,40.4936
0,35,33,0,7.91325e-05,40.4853
0,36,33,0,2.499e-05,40.4723
0,37,33,0,3.44625e-05,40.4601
0,38,33,0,2.412e-05,40.448
0,39,33,0,1.428e-05,40.4375
0,40,33,0,6.213e-05,40.4303
0,41,33,0,5.073e-05,40.4213
0,42,33,0,8.58e-06,40.4106
0,43,33,0,2.574e-05,40.403
0,44,33,0,5.3955e-05,40.3974
0,45,33,0,3.879e-05,40.39
0,46,33,0,3.45e-05,40.3819
0,47,33,0,3.12375e-05,40.3743
0,48,33,0,3.84e-05,40.3676
0,49,33,0,1.287e-05,40.3606
0,50,33,0,5.142e-05,40.3562
0,51,33,0,2.1435e-05,40.3503
0,52,33,0,2.6445e-05,40.346
0,53,33,0,3.714e-05,40.3427
0,54,33,0,5.697e-05,40.3405
0,55,33,0,6.05475e-05,40.3372
0,56,33,0,3.98175e-05,40.3324
0,57,33,0,4.28475e-05,40.3287
0,58,33,0,4.002e-05,40.3246
0,59,33,0,1.428e-05,40.3209
0,60,33,0,5.05275e-05,40.3199
0,61,33,0,4.60875e-05,40.3171
0,62,33,0,1.572e-05,40.3145
0,63,33,0,6.2355e-05,40.3148
0,64,33,0,5.36831e-05,40.3127
0,65,33,0,6.48375e-05,40.3092
0,66,33,0,1.66125e-05,40.3043
0,67,33,0,5.286e-05,40.3029
0,68,33,0,5.892e-05,40.3008
0,69,33,0,8.145e-05,40.2977
0,70,33,0,3.6795e-05,40.2919
0,71,33,0,2.3205e-05,40.2871
0,72,33,0,2.856e-05,40.2844
0,73,33,0,8.69775e-05,40.2834
0,74,33,0,3.36e-05,40.2786
0,75,33,0,4.12575e-05,40.276
0,76,33,0,7.164e-05,40.2741
0,77,33,0,2.3205e-05,40.2695
0,78,33,0,2.91075e-05,40.2664
0,79,33,0,8.58e-06,40.2632
0,80,33,0,3.144e-05,40.2623
0,81,33,0,4.19475e-05,40.262
0,82,33,0,2.964e-05,40.2618
0,83,33,0,7.48725e-05,40.2631
0,84,33,0,4.48275e-05,40.2614
0,85,33,0,7.215e-05,40.2608
0,86,33,0,3.714e-05,40.2571
0,87,33,0,3.927e-05,40.2545
0,88,33,0,6.144e-05,40.2528
0,89,33,0,3e-05,40.2494
0,90,33,0,2.856e-05,40.2465
0,91,33,0,1.16025e-05,40.2436
0,92,33,0,2.142e-05,40.2421
0,93,33,0,3.645e-05,40.2423
0,94,33,0,6.144e-05,40.2431
0,95,33,0,7.5375e-05,40.2426
0,96,33,0,4.6065e-05,40.2398
0,97,33,0,1.071e-05,40.2362
0,98,33,0,2.82225e-05,40.235
0,99,33,0,2.286e-05,40.2344
0,100,33,0,4.16025e-05,40.2338
0,101,33,0,0,40.2307
0,102,33,0,4.26825e-05,40.2307
0,103,33,0,3.26775e-05,40.2295
0,104,33,0,2.23125e-05,40.2281
0,105,33,0,5.286e-05,40.2284
0,106,33,0,2.142e-05,40.2273
0,107,33,0,2.3565e-05,40.228
0,108,33,0,3.57e-05,40.2298
0,109,33,0,4.59225e-05,40.231
0,110,33,0,5.91075e-05,40.2318
0,111,33,0,4.33875e-05,40.2311
0,112,33,0,5.43e-05,40.2314
0,113,33,0,7.48275e-05,40.2313
0,114,33,0,2.43e-05,40.2284
0,115,33,0,7.287e-05,40.2289
0,116,33,0,4.16025e-05,40.2264
0,117,33,0,2.142e-05,40.2243
0,118,33,0,4.146e-05,40.2235
0,119,33,0,1.82325e-05,40.2229
0,120,33,0,6.45e-05,40.2246
0,121,33,0,3.5355e-05,40.2232
0,122,33,0,5.42925e-05,40.223
0,123,33,0,4.716e-05,40.2214
0,124,33,0,2.286e-05,40.2192
0,125,33,0,3.98175e-05,40.2179
0,126,33,0,2.94525e-05,40.216
0,127,33,0,4.002e-05,40.2145
0,0,34,0,1.85006e-05,40.9232
0,1,34,0,5.355e-06,40.9197
0,2,34,0,4.4625e-06,40.9147
0,3,34,0,0,40.9087
0,4,34,0,2.145e-06,40.9015
0,5,34,0,0,40.8933
0,6,34,0,1.08975e-05,40.8843
0,7,34,0,5.355e-06,40.8733
0,8,34,0,0,40.8611
0,9,34,0,0,40.8484
0,10,34,0,6.2475e-06,40.8352
0,11,34,0,0,40.8205
0,12,34,0,5.3625e-06,40.8057
0,13,34,0,0,40.7899
0,14,34,0,0,40.7741
0,15,34,0,3.2175e-06,40.7584
0,16,34,0,4.4625e-06,40.7422
0,17,34,0,8.925e-07,40.7257
0,18,34,0,0,40.7093
0,19,34,0,0,40.6929
0,20,34,0,0,40.6765
0,21,34,0,6.2475e-06,40.6608
0,22,34,0,6.7875e-06,40.6451
0,23,34,0,2.145e-06,40.6291
0,24,34,0,0,40.6131
0,25,34,0,5.355e-06,40.5977
0,26,34,0,0,40.5822
0,27,34,0,3.57e-06,40.5677
0,28,34,0,0,40.5538
0,29,34,0,2.6775e-06,40.5399
0,30,34,0,8.925e-07,40.5261
0,31,34,0,0,40.5127
0,32,34,0,0,40.5
0,33,34,0,0,40.4879
0,34,34,0,0,40.4767
0,35,34,0,2.145e-06,40.4667
0,36,34,0,5.355e-06,40.4558
0,37,34,0,0,40.4448
0,38,34,0,7.32e-06,40.4344
0,39,34,0,0,40.4246
0,40,34,0,3.57e-06,40.4163
0,41,34,0,1.071e-05,40.408
0,42,34,0,0,40.399
0,43,34,0,0,40.3913
0,44,34,0,0,40.3846
0,45,34,0,4.29e-06,40.3777
0,46,34,0,0,40.3705
0,47,34,0,1.785e-06,40.3637
0,48,34,0,0,40.3574
0,49,34,0,4.29e-06,40.3516
0,50,34,0,0,40.3465
0,51,34,0,1.0005e-05,40.3419
0,52,34,0,0,40.3373
0,53,34,0,0,40.3338
0,54,34,0,1.161e-05,40.331
0,55,34,0,8.925e-07,40.3272
0,56,34,0,0,40.3234
0,57,34,0,5.355e-06,40.32
0,58,34,0,0,40.3164
0,59,34,0,0,40.3133
0,60,34,0,0,40.3113
0,61,34,0,6.435e-06,40.3093
0,62,34,0,0,40.3071
0,63,34,0,0,40.3061
0,64,34,0,1.85006e-05,40.3048
0,65,34,0,5.3625e-06,40.3012
0,66,34,0,0,40.2974
0,67,34,0,1.428e-05,40.295
0,68,34,0,0,40.2916
0,69,34,0,0,40.2881
0,70,34,0,1.785e-06,40.2841
0,71,34,0,5.355e-06,40.2803
0,72,34,0,0,40.2771
0,73,34,0,0,40.2747
0,74,34,0,1.071e-05,40.2718
0,75,34,0,0,40.2686
0,76,34,0,0,40.2659
0,77,34,0,0,40.2628
0,78,34,0,5.355e-06,40.2602
0,79,34,0,0,40.2577
0,80,34,0,0,40.2562
0,81,34,0,0,40.2554
0,82,34,0,3.93e-06,40.255
0,83,34,0,4.8225e-06,40.2547
0,84,34,0,0,40.2533
0,85,34,0,1.785e-06,40.2519
0,86,34,0,0,40.2496
0,87,34,0,3.57e-06,40.2475
0,88,34,0,0,40.2453
0,89,34,0,0,40.2428
0,90,34,0,0,40.2404
0,91,34,0,0,40.2384
0,92,34,0,0,40.237
0,93,34,0,8.925e-07,40.2364
0,94,34,0,0,40.2359
0,95,34,0,0,40.235
0,96,34,0,5.355e-06,40.2335
0,97,34,0,3.57e-06,40.2313
0,98,34,0,2.145e-06,40.2298
0,99,34,0,0,40.2286
0,100,34,0,0,40.2275
0,101,34,0,0,40.2261
0,102,34,0,7.5e-06,40.2255
0,103,34,0,0,40.2243
0,104,34,0,0,40.2233
0,105,34,0,0,40.223
0,106,34,0,0,40.2227
0,107,34,0,6.435e-06,40.2232
0,108,34,0,0,40.2237
0,109,34,0,0,40.2243
0,110,34,0,3.57e-06,40.2247
0,111,34,0,8.925e-07,40.2244
0,112,34,0,0,40.2242
0,113,34,0,0,40.2236
0,114,34,0,0,40.2223
0,115,34,0,0,40.2216
0,116,34,0,0,40.2202
0,117,34,0,0,40.2189
0,118,34,0,0,40.218
0,119,34,0,0,40.2175
0,120,34,0,0,40.2176
0,121,34,0,2.6775e-06,40.217
0,122,34,0,1.785e-06,40.2163
0,123,34,0,0,40.2151
0,124,34,0,0,40.2137
0,125,34,0,0,40.2124
0,126,34,0,6.2475e-06,40.2113
0,127,34,0,0,40.2099
0,0,35,0,1.85006e-05,40.8739
0,1,35,0,0,40.8699
0,2,35,0,0,40.865
0,3,35,0,0,40.8592
0,4,35,0,0,40.8524
0,5,35,0,0,40.8447
0,6,35,0,0,40.836
0,7,35,0,0,40.8262
0,8,35,0,0,40.8153
0,9,35,0,0,40.8037
0,10,35,0,0,40.7914
0,11,35,0,0,40.7783
0,12,35,0,0,40.7647
0,13,35,0,0,40.7505
0,14,35,0,0,40.7361
0,15,35,0,0,40.7215
0,16,35,0,0,40.7067
0,17,35,0,0,40.6916
0,18,35,0,0,40.6765
0,19,35,0,0,40.6614
0,20,35,0,0,40.6464
0,21,35,0,0,40.6316
0,22,35,0,0,40.6169
0,23,35,0,0,40.6022
0,24,35,0,0,40.5875
0,25,35,0,0,40.5732
0,26,35,0,0,40.5591
0,27,35,0,0,40.5455
0,28,35,0,0,40.5323
0,29,35,0,0,40.5193
0,30,35,0,0,40.5066
0,31,35,0,0,40.4943
0,32,35,0,0,40.4824
0,33,35,0,0,40.4711
0,34,35,0,0,40.4605
0,35,35,0,0,40.4504
0,36,35,0,0,40.4402
0,37,35,0,0,40.4303
0,38,35,0,0,40.4207
0,39,35,0,0,40.4117
0,40,35,0,0,40.4034
0,41,35,0,0,40.3953
0,42,35,0,0,40.3874
0,43,35,0,0,40.38
0,44,35,0,0,40.3732
0,45,35,0,0,40.3666
0,46,35,0,0,40.3601
0,47,35,0,0,40.3538
0,48,35,0,0,40.348
0,49,35,0,0,40.3426
0,50,35,0,0,40.3377
0,51,35,0,0,40.3331
0,52,35,0,0,40.3289
0,53,35,0,0,40.3253
0,54,35,0,0,40.3219
0,55,35,0,0,40.3185
0,56,35,0,0,40.315
0,57,35,0,0,40.3118
0,58,35,0,0,40.3087
0,59,35,0,0,40.306
0,60,35,0,0,40.3037
0,61,35,0,0,40.3018
0,62,35,0,0,40.3
0,63,35,0,0,40.2986
0,64,35,0,1.85006e-05,40.2975
0,65,35,0,0,40.2937
0,66,35,0,0,40.2901
0,67,35,0,0,40.287
0,68,35,0,0,40.2836
0,69,35,0,0,40.2802
0,70,35,0,0,40.2767
0,71,35,0,0,40.2733
0,72,35,0,0,40.2703
0,73,35,0,0,40.2675
0,74,35,0,0,40.2647
0,75,35,0,0,40.2619
0,76,35,0,0,40.2592
0,77,35,0,0,40.2566
0,78,35,0,0,40.2542
0,79,35,0,0,40.2521
0,80,35,0,0,40.2505
0,81,35,0,0,40.2493
0,82,35,0,0,40.2484
0,83,35,0,0,40.2475
0,84,35,0,0,40.2462
0,85,35,0,0,40.2447
0,86,35,0,0,40.2429
0,87,35,0,0,40.241
0,88,35,0,0,40.239
0,89,35,0,0,40.237
0,90,35,0,0,40.2351
0,91,35,0,0,40.2333
0,92,35,0,0,40.232
0,93,35,0,0,40.231
0,94,35,0,0,40.2301
0,95,35,0,0,40.229
0,96,35,0,0,40.2277
0,97,35,0,0,40.2262
0,98,35,0,0,40.2248
0,99,35,0,0,40.2236
0,100,35,0,0,40.2225
0,101,35,0,0,40.2214
0,102,35,0,0,40.2205
0,103,35,0,0,40.2196
0,104,35,0,0,40.2189
0,105,35,0,0,40.2185
0,106,35,0,0,40.2182
0,107,35,0,0,40.2183
0,108,35,0,0,40.2185
0,109,35,0,0,40.2186
0,110,35,0,0,40.2187
0,111,35,0,0,40.2185
0,112,35,0,0,40.2181
0,113,35,0,0,40.2175
0,114,35,0,0,40.2167
0,115,35,0,0,40.2158
0,116,35,0,0,40.2148
0,117,35,0,0,40.2138
0,118,35,0,0,40.2131
0,119,35,0,0,40.2125
0,120,35,0,0,40.2121
0,121,35,0,0,40.2115
0,122,35,0,0,40.2108
0,123,35,0,0,40.2098
0,124,35,0,0,40.2088
0,125,35,0,0,40.2078
0,126,35,0,0,40.2068
0,127,35,0,0,40.2059
0,0,36,0,1.85006e-05,40.8281
0,1,36,0,0,40.8241
0,2,36,0,0,40.8193
0,3,36,0,0,40.8137
0,4,36,0,0,40.8073
0,5,36,0,0,40.8
0,6,36,0,0,40.7919
0,7,36,0,0,40.7829
0,8,36,0,0,40.773
0,9,36,0,0,40.7624
0,10,36,0,0,40.7512
0,11,36,0,0,40.7393
0,12,36,0,0,40.7269
0,13,36,0,0,40.714
0,14,36,0,0,40.7008
0,15,36,0,0,40.6874
0,16,36,0,0,40.6738
0,17,36,0,0,40.66
0,18,36,0,0,40.6461
0,19,36,0,0,40.6322
0,20,36,0,0,40.6183
0,21,36,0,0,40.6045
0,22,36,0,0,40.5909
0,23,36,0,0,40.5772
0,24,36,0,0,40.5638
0,25,36,0,0,40.5505
0,26,36,0,0,40.5374
0,27,36,0,0,40.5247
0,28,36,0,0,40.5124
0,29,36,0,0,40.5003
0,30,36,0,0,40.4885
0,31,36,0,0,40.477
0,32,36,0,0,40.466
0,33,36,0,0,40.4554
0,34,36,0,0,40.4453
0,35,36,0,0,40.4356
0,36,36,0,0,40.4261
0,37,36,0,0,40.4169
0,38,36,0,0,40.408
0,39,36,0,0,40.3996
0,40,36,0,0,40.3916
0,41,36,0,0,40.3839
0,42,36,0,0,40.3766
0,43,36,0,0,40.3696
0,44,36,0,0,40.363
0,45,36,0,0,40.3567
0,46,36,0,0,40.3506
0,47,36,0,0,40.3448
0,48,36,0,0,40.3394
0,49,36,0,0,40.3343
0,50,36,0,0,40.3296
0,51,36,0,0,40.3253
0,52,36,0,0,40.3213
0,53,36,0,0,40.3176
0,54,36,0,0,40.3142
0,55,36,0,0,40.3109
0,56,36,0,0,40.3077
0,57,36,0,0,40.3047
0,58,36,0,0,40.3019
0,59,36,0,0,40.2993
0,60,36,0,0,40.2971
0,61,36,0,0,40.2952
0,62,36,0,0,40.2935
0,63,36,0,0,40.2922
0,64,36,0,1.85006e-05,40.2911
0,65,36,0,0,40.2872
0,66,36,0,0,40.2836
0,67,36,0,0,40.2802
0,68,36,0,0,40.2768
0,69,36,0,0,40.2735
0,70,36,0,0,40.2702
0,71,36,0,0,40.2671
0,72,36,0,0,40.2641
0,73,36,0,0,40.2613
0,74,36,0,0,40.2586
0,75,36,0,0,40.256
0,76,36,0,0,40.2535
0,77,36,0,0,40.2511
0,78,36,0,0,40.2489
0,79,36,0,0,40.2469
0,80,36,0,0,40.2453
0,81,36,0,0,40.2439
0,82,36,0,0,40.2427
0,83,36,0,0,40.2416
0,84,36,0,0,40.2403
0,85,36,0,0,40.2388
0,86,36,0,0,40.2372
0,87,36,0,0,40.2355
0,88,36,0,0,40.2338
0,89,36,0,0,40.232
0,90,36,0,0,40.2304
0,91,36,0,0,40.2288
0,92,36,0,0,40.2275
0,93,36,0,0,40.2264
0,94,36,0,0,40.2253
0,95,36,0,0,40.2242
0,96,36,0,0,40.223
0,97,36,0,0,40.2218
0,98,36,0,0,40.2205
0,99,36,0,0,40.2194
0,100,36,0,0,40.2184
0,101,36,0,0,40.2174
0,102,36,0,0,40.2165
0,103,36,0,0,40.2157
0,104,36,0,0,40.215
0,105,36,0,0,40.2145
0,106,36,0,0,40.2142
0,107,36,0,0,40.2141
0,108,36,0,0,40.214
0,109,36,0,0,40.214
0,110,36,0,0,40.2138
0,111,36,0,0,40.2135
0,112,36,0,0,40.2131
0,113,36,0,0,40.2126
0,114,36,0,0,40.2119
0,115,36,0,0,40.2111
0,116,36,0,0,40.2103
0,117,36,0,0,40.2095
0,118,36,0,0,40.2087
0,119,36,0,0,40.2081
0,120,36,0,0,40.2075
0,121,36,0,0,40.2069
0,122,36,0,0,40.2062
0,123,36,0,0,40.2054
0,124,36,0,0,40.2046
0,125,36,0,0,40.2038
0,126,36,0,0,40.2031
0,127,36,0,0,40.2025
0,0,37,0,1.85006e-05,40.7859
0,1,37,0,0,40.7818
0,2,37,0,0,40.7771
0,3,37,0,0,40.7718
0,4,37,0,0,40.7657
0,5,37,0,0,40.7589
0,6,37,0,0,40.7514
0,7,37,0,0,40.7431
0,8,37,0,0,40.7341
0,9,37,0,0,40.7244
0,10,37,0,0,40.7141
0,11,37,0,0,40.7033
0,12,37,0,0,40.692
0,13,37,0,0,40.6803
0,14,37,0,0,40.6682
0,15,37,0,0,40.6559
0,16,37,0,0,40.6434
0,17,37,0,0,40.6307
0,18,37,0,0,40.6179
0,19,37,0,0,40.6051
0,20,37,0,0,40.5923
0,21,37,0,0,40.5795
0,22,37,0,0,40.5668
0,23,37,0,0,40.5542
0,24,37,0,0,40.5417
0,25,37,0,0,40.5294
0,26,37,0,0,40.5173
0,27,37,0,0,40.5055
0,28,37,0,0,40.4939
0,29,37,0,0,40.4827
0,30,37,0,0,40.4717
0,31,37,0,0,40.461
0,32,37,0,0,40.4507
0,33,37,0,0,40.4408
0,34,37,0,0,40.4313
0,35,37,0,0,40.4221
0,36,37,0,0,40.4132
0,37,37,0,0,40.4046
0,38,37,0,0,40.3963
0,39,37,0,0,40.3884
0,40,37,0,0,40.3808
0,41,37,0,0,40.3736
0,42,37,0,0,40.3667
0,43,37,0,0,40.3601
0,44,37,0,0,40.3539
0,45,37,0,0,40.3479
0,46,37,0,0,40.3422
0,47,37,0,0,40.3368
0,48,37,0,0,40.3316
0,49,37,0,0,40.3269
0,50,37,0,0,40.3224
0,51,37,0,0,40.3182
0,52,37,0,0,40.3144
0,53,37,0,0,40.3108
0,54,37,0,0,40.3075
0,55,37,0,0,40.3043
0,56,37,0,0,40.3013
0,57,37,0,0,40.2985
0,58,37,0,0,40.2958
0,59,37,0,0,40.2935
0,60,37,0,0,40.2913
0,61,37,0,0,40.2895
0,62,37,0,0,40.2879
0,63,37,0,0,40.2865
0,64,37,0,1.85006e-05,40.2854
0,65,37,0,0,40.2815
0,66,37,0,0,40.2779
0,67,37,0,0,40.2744
0,68,37,0,0,40.2711
0,69,37,0,0,40.2678
0,70,37,0,0,40.2647
0,71,37,0,0,40.2616
0,72,37,0,0,40.2588
0,73,37,0,0,40.256
0,74,37,0,0,40.2534
0,75,37,0,0,40.2509
0,76,37,0,0,40.2485
0,77,37,0,0,40.2463
0,78,37,0,0,40.2443
0,79,37,0,0,40.2424
0,80,37,0,0,40.2408
0,81,37,0,0,40.2393
0,82,37,0,0,40.238
0,83,37,0,0,40.2367
0,84,37,0,0,40.2354
0,85,37,0,0,40.234
0,86,37,0,0,40.2325
0,87,37,0,0,40.231
0,88,37,0,0,40.2294
0,89,37,0,0,40.2279
0,90,37,0,0,40.2264
0,91,37,0,0,40.225
0,92,37,0,0,40.2238
0,93,37,0,0,40.2226
0,94,37,0,0,40.2215
0,95,37,0,0,40.2204
0,96,37,0,0,40.2193
0,97,37,0,0,40.2181
0,98,37,0,0,40.217
0,99,37,0,0,40.2159
0,100,37,0,0,40.215
0,101,37,0,0,40.214
0,102,37,0,0,40.2132
0,103,37,0,0,40.2124
0,104,37,0,0,40.2118
0,105,37,0,0,40.2113
0,106,37,0,0,40.2109
0,107,37,0,0,40.2106
0,108,37,0,0,40.2104
0,109,37,0,0,40.2102
0,110,37,0,0,40.2099
0,111,37,0,0,40.2095
0,112,37,0,0,40.2091
0,113,37,0,0,40.2086
0,114,37,0,0,40.2079
0,115,37,0,0,40.2072
0,116,37,0,0,40.2065
0,117,37,0,0,40.2058
0,118,37,0,0,40.2051
0,119,37,0,0,40.2045
0,120,37,0,0,40.2038
0,121,37,0,0,40.2032
0,122,37,0,0,40.2026
0,123,37,0,0,40.2019
0,124,37,0,0,40.2012
0,125,37,0,0,40.2005
0,126,37,0,0,40.2
0,127,37,0,0,40.1995
0,0,38,0,1.85006e-05,40.7469
0,1,38,0,0,40.7429
0,2,38,0,0,40.7384
0,3,38,0,0,40.7333
0,4,38,0,0,40.7276
0,5,38,0,0,40.7212
0,6,38,0,0,40.7142
0,7,38,0,0,40.7066
0,8,38,0,0,40.6983
0,9,38,0,0,40.6895
0,10,38,0,0,40.6801
0,11,38,0,0,40.6702
0,12,38,0,0,40.6599
0,13,38,0,0,40.6492
0,14,38,0,0,40.6382
0,15,38,0,0,40.6269
0,16,38,0,0,40.6153
0,17,38,0,0,40.6037
0,18,38,0,0,40.5919
0,19,38,0,0,40.58
0,20,38,0,0,40.5682
0,21,38,0,0,40.5564
0,22,38,0,0,40.5446
0,23,38,0,0,40.5329
0,24,38,0,0,40.5213
0,25,38,0,0,40.5099
0,26,38,0,0,40.4987
0,27,38,0,0,40.4877
0,28,38,0,0,40.4769
0,29,38,0,0,40.4664
0,30,38,0,0,40.4562
0,31,38,0,0,40.4463
0,32,38,0,0,40.4367
0,33,38,0,0,40.4274
0,34,38,0,0,40.4184
0,35,38,0,0,40.4098
0,36,38,0,0,40.4014
0,37,38,0,0,40.3934
0,38,38,0,0,40.3856
0,39,38,0,0,40.3782
0,40,38,0,0,40.3711
0,41,38,0,0,40.3643
0,42,38,0,0,40.3578
0,43,38,0,0,40.3516
0,44,38,0,0,40.3457
0,45,38,0,0,40.34
0,46,38,0,0,40.3347
0,47,38,0,0,40.3296
0,48,38,0,0,40.3248
0,49,38,0,0,40.3203
0,50,38,0,0,40.316
0,51,38,0,0,40.3121
0,52,38,0,0,40.3084
0,53,38,0,0,40.305
0,54,38,0,0,40.3017
0,55,38,0,0,40.2987
0,56,38,0,0,40.2958
0,57,38,0,0,40.2932
0,58,38,0,0,40.2907
0,59,38,0,0,40.2884
0,60,38,0,0,40.2864
0,61,38,0,0,40.2846
0,62,38,0,0,40.283
0,63,38,0,0,40.2817
0,64,38,0,1.85006e-05,40.2806
0,65,38,0,0,40.2767
0,66,38,0,0,40.2731
0,67,38,0,0,40.2696
0,68,38,0,0,40.2663
0,69,38,0,0,40.2631
0,70,38,0,0,40.26
0,71,38,0,0,40.257
0,72,38,0,0,40.2542
0,73,38,0,0,40.2516
0,74,38,0,0,40.249
0,75,38,0,0,40.2467
0,76,38,0,0,40.2444
0,77,38,0,0,40.2423
0,78,38,0,0,40.2404
0,79,38,0,0,40.2386
0,80,38,0,0,40.237
0,81,38,0,0,40.2355
0,82,38,0,0,40.2341
0,83,38,0,0,40.2328
0,84,38,0,0,40.2315
0,85,38,0,0,40.2301
0,86,38,0,0,40.2287
0,87,38,0,0,40.2273
0,88,38,0,0,40.2259
0,89,38,0,0,40.2245
0,90,38,0,0,40.2232
0,91,38,0,0,40.2219
0,92,38,0,0,40.2207
0,93,38,0,0,40.2196
0,94,38,0,0,40.2185
0,95,38,0,0,40.2174
0,96,38,0,0,40.2163
0,97,38,0,0,40.2153
0,98,38,0,0,40.2142
0,99,38,0,0,40.2132
0,100,38,0,0,40.2123
0,101,38,0,0,40.2114
0,102,38,0,0,40.2106
0,103,38,0,0,40.2099
0,104,38,0,0,40.2092
0,105,38,0,0,40.2087
0,106,38,0,0,40.2082
0,107,38,0,0,40.2078
0,108,38,0,0,40.2075
0,109,38,0,0,40.2072
0,110,38,0,0,40.2068
0,111,38,0,0,40.2064
0,112,38,0,0,40.206
0,113,38,0,0,40.2054
0,114,38,0,0,40.2048
0,115,38,0,0,40.2042
0,116,38,0,0,40.2035
0,117,38,0,0,40.2028
0,118,38,0,0,40.2022
0,119,38,0,0,40.2015
0,120,38,0,0,40.2009
0,121,38,0,0,40.2003
0,122,38,0,0,40.1997
0,123,38,0,0,40.1991
0,124,38,0,0,40.1985
0,125,38,0,0,40.198
0,126,38,0,0,40.1975
0,127,38,0,0,40.1972
0,0,39,0,1.85006e-05,40.7109
0,1,39,0,0,40.707
0,2,39,0,0,40.7027
0,3,39,0,0,40.6979
0,4,39,0,0,40.6925
0,5,39,0,0,40.6866
0,6,39,0,0,40.6802
0,7,39,0,0,40.6731
0,8,39,0,0,40.6656
0,9,39,0,0,40.6575
0,10,39,0,0,40.6489
0,11,39,0,0,40.6399
0,12,39,0,0,40.6305
0,13,39,0,0,40.6207
0,14,39,0,0,40.6105
0,15,39,0,0,40.6002
0,16,39,0,0,40.5896
0,17,39,0,0,40.5788
0,18,39,0,0,40.568
0,19,39,0,0,40.557
0,20,39,0,0,40.546
0,21,39,0,0,40.5351
0,22,39,0,0,40.5242
0,23,39,0,0,40.5133
0,24,39,0,0,40.5026
0,25,39,0,0,40.492
0,26,39,0,0,40.4816
0,27,39,0,0,40.4714
0,28,39,0,0,40.4613
0,29,39,0,0,40.4516
0,30,39,0,0,40.442
0,31,39,0,0,40.4328
0,32,39,0,0,40.4238
0,33,39,0,0,40.4151
0,34,39,0,0,40.4067
0,35,39,0,0,40.3986
0,36,39,0,0,40.3908
0,37,39,0,0,40.3833
0,38,39,0,0,40.376
0,39,39,0,0,40.369
0,40,39,0,0,40.3623
0,41,39,0,0,40.3559
0,42,39,0,0,40.3498
0,43,39,0,0,40.344
0,44,39,0,0,40.3384
0,45,39,0,0,40.3331
0,46,39,0,0,40.3281
0,47,39,0,0,40.3233
0,48,39,0,0,40.3188
0,49,39,0,0,40.3145
0,50,39,0,0,40.3105
0,51,39,0,0,40.3068
0,52,39,0,0,40.3033
0,53,39,0,0,40.3
0,54,39,0,0,40.2969
0,55,39,0,0,40.294
0,56,39,0,0,40.2913
0,57,39,0,0,40.2887
0,58,39,0,0,40.2864
0,59,39,0,0,40.2842
0,60,39,0,0,40.2823
0,61,39,0,0,40.2805
0,62,39,0,0,40.279
0,63,39,0,0,40.2777
0,64,39,0,1.85006e-05,40.2766
0,65,39,0,0,40.2727
0,66,39,0,0,40.2691
0,67,39,0,0,40.2656
0,68,39,0,0,40.2623
0,69,39,0,0,40.2591
0,70,39,0,0,40.2561
0,71,39,0,0,40.2532
0,72,39,0,0,40.2505
0,73,39,0,0,40.2479
0,74,39,0,0,40.2455
0,75,39,0,0,40.2432
0,76,39,0,0,40.241
0,77,39,0,0,40.239
0,78,39,0,0,40.2372
0,79,39,0,0,40.2354
0,80,39,0,0,40.2339
0,81,39,0,0,40.2324
0,82,39,0,0,40.231
0,83,39,0,0,40.2297
0,84,39,0,0,40.2284
0,85,39,0,0,40.2271
0,86,39,0,0,40.2258
0,87,39,0,0,40.2245
0,88,39,0,0,40.2233
0,89,39,0,0,40.222
0,90,39,0,0,40.2207
0,91,39,0,0,40.2195
0,92,39,0,0,40.2184
0,93,39,0,0,40.2173
0,94,39,0,0,40.2162
0,95,39,0,0,40.2152
0,96,39,0,0,40.2142
0,97,39,0,0,40.2132
0,98,39,0,0,40.2122
0,99,39,0,0,40.2113
0,100,39,0,0,40.2103
0,101,39,0,0,40.2095
0,102,39,0,0,40.2087
0,103,39,0,0,40.208
0,104,39,0,0,40.2073
0,105,39,0,0,40.2068
0,106,39,0,0,40.2063
0,107,39,0,0,40.2058
0,108,39,0,0,40.2054
0,109,39,0,0,40.205
0,110,39,0,0,40.2046
0,111,39,0,0,40.2042
0,112,39,0,0,40.2037
0,113,39,0,0,40.2031
0,114,39,0,0,40.2025
0,115,39,0,0,40.2019
0,116,39,0,0,40.2013
0,117,39,0,0,40.2006
0,118,39,0,0,40.2
0,119,39,0,0,40.1994
0,120,39,0,0,40.1988
0,121,39,0,0,40.1982
0,122,39,0,0,40.1976
0,123,39,0,0,40.197
0,124,39,0,0,40.1965
0,125,39,0,0,40.196
0,126,39,0,0,40.1956
0,127,39,0,0,40.1953
0,0,40,0,1.85006e-05,40.6779
0,1,40,0,0,40.6741
0,2,40,0,0,40.67
0,3,40,0,0,40.6654
0,4,40,0,0,40.6604
0,5,40,0,0,40.6549
0,6,40,0,0,40.649
0,7,40,0,0,40.6425
0,8,40,0,0,40.6356
0,9,40,0,0,40.6282
0,10,40,0,0,40.6204
0,11,40,0,0,40.6122
0,12,40,0,0,40.6035
0,13,40,0,0,40.5946
0,14,40,0,0,40.5853
0,15,40,0,0,40.5757
0,16,40,0,0,40.566
0,17,40,0,0,40.5561
0,18,40,0,0,40.546
0,19,40,0,0,40.5359
0,20,40,0,0,40.5258
0,21,40,0,0,40.5156
0,22,40,0,0,40.5055
0,23,40,0,0,40.4954
0,24,40,0,0,40.4855
0,25,40,0,0,40.4756
0,26,40,0,0,40.4659
0,27,40,0,0,40.4564
0,28,40,0,0,40.4471
0,29,40,0,0,40.438
0,30,40,0,0,40.4291
0,31,40,0,0,40.4205
0,32,40,0,0,40.4121
0,33,40,0,0,40.404
0,34,40,0,0,40.3961
0,35,40,0,0,40.3886
0,36,40,0,0,40.3812
0,37,40,0,0,40.3742
0,38,40,0,0,40.3674
0,39,40,0,0,40.3609
0,40,40,0,0,40.3546
0,41,40,0,0,40.3486
0,42,40,0,0,40.3428
0,43,40,0,0,40.3373
0,44,40,0,0,40.3321
0,45,40,0,0,40.3271
0,46,40,0,0,40.3224
0,47,40,0,0,40.3179
0,48,40,0,0,40.3136
0,49,40,0,0,40.3096
0,50,40,0,0,40.3059
0,51,40,0,0,40.3023
0,52,40,0,0,40.299
0,53,40,0,0,40.2959
0,54,40,0,0,40.2929
0,55,40,0,0,40.2902
0,56,40,0,0,40.2876
0,57,40,0,0,40.2852
0,58,40,0,0,40.2829
0,59,40,0,0,40.2808
0,60,40,0,0,40.2789
0,61,40,0,0,40.2773
0,62,40,0,0,40.2758
0,63,40,0,0,40.2745
0,64,40,0,1.85006e-05,40.2734
0,65,40,0,0,40.2696
0,66,40,0,0,40.2659
0,67,40,0,0,40.2624
0,68,40,0,0,40.2592
0,69,40,0,0,40.256
0,70,40,0,0,40.253
0,71,40,0,0,40.2502
0,72,40,0,0,40.2475
0,73,40,0,0,40.245
0,74,40,0,0,40.2427
0,75,40,0,0,40.2405
0,76,40,0,0,40.2384
0,77,40,0,0,40.2365
0,78,40,0,0,40.2347
0,79,40,0,0,40.233
0,80,40,0,0,40.2315
0,81,40,0,0,40.2301
0,82,40,0,0,40.2288
0,83,40,0,0,40.2275
0,84,40,0,0,40.2262
0,85,40,0,0,40.225
0,86,40,0,0,40.2238
0,87,40,0,0,40.2226
0,88,40,0,0,40.2214
0,89,40,0,0,40.2202
0,90,40,0,0,40.219
0,91,40,0,0,40.2179
0,92,40,0,0,40.2169
0,93,40,0,0,40.2158
0,94,40,0,0,40.2148
0,95,40,0,0,40.2138
0,96,40,0,0,40.2128
0,97,40,0,0,40.2119
0,98,40,0,0,40.2109
0,99,40,0,0,40.21
0,100,40,0,0,40.2091
0,101,40,0,0,40.2083
0,102,40,0,0,40.2075
0,103,40,0,0,40.2068
0,104,40,0,0,40.2061
0,105,40,0,0,40.2055
0,106,40,0,0,40.205
0,107,40,0,0,40.2045
0,108,40,0,0,40.2041
0,109,40,0,0,40.2036
0,110,40,0,0,40.2032
0,111,40,0,0,40.2027
0,112,40,0,0,40.2022
0,113,40,0,0,40.2016
0,114,40,0,0,40.201
0,115,40,0,0,40.2004
0,116,40,0,0,40.1998
0,117,40,0,0,40.1992
0,118,40,0,0,40.1985
0,119,40,0,0,40.1979
0,120,40,0,0,40.1973
0,121,40,0,0,40.1967
0,122,40,0,0,40.1962
0,123,40,0,0,40.1956
0,124,40,0,0,40.1952
0,125,40,0,0,40.1947
0,126,40,0,0,40.1944
0,127,40,0,0,40.1941
0,0,41,0,1.85006e-05,40.6475
0,1,41,0,0,40.6439
0,2,41,0,0,40.64
0,3,41,0,0,40.6357
0,4,41,0,0,40.631
0,5,41,0,0,40.626
0,6,41,0,0,40.6205
0,7,41,0,0,40.6146
0,8,41,0,0,40.6083
0,9,41,0,0,40.6015
0,10,41,0,0,40.5944
0,11,41,0,0,40.5869
0,12,41,0,0,40.579
0,13,41,0,0,40.5708
0,14,41,0,0,40.5623
0,15,41,0,0,40.5535
0,16,41,0,0,40.5445
0,17,41,0,0,40.5353
0,18,41,0,0,40.526
0,19,41,0,0,40.5167
0,20,41,0,0,40.5073
0,21,41,0,0,40.4978
0,22,41,0,0,40.4885
0,23,41,0,0,40.4791
0,24,41,0,0,40.4699
0,25,41,0,0,40.4607
0,26,41,0,0,40.4517
0,27,41,0,0,40.4429
0,28,41,0,0,40.4342
0,29,41,0,0,40.4257
0,30,41,0,0,40.4174
0,31,41,0,0,40.4094
0,32,41,0,0,40.4016
0,33,41,0,0,40.394
0,34,41,0,0,40.3867
0,35,41,0,0,40.3796
0,36,41,0,0,40.3728
0,37,41,0,0,40.3662
0,38,41,0,0,40.3598
0,39,41,0,0,40.3537
0,40,41,0,0,40.3478
0,41,41,0,0,40.3422
0,42,41,0,0,40.3368
0,43,41,0,0,40.3316
0,44,41,0,0,40.3267
0,45,41,0,0,40.322
0,46,41,0,0,40.3176
0,47,41,0,0,40.3134
0,48,41,0,0,40.3094
0,49,41,0,0,40.3056
0,50,41,0,0,40.3021
0,51,41,0,0,40.2987
0,52,41,0,0,40.2956
0,53,41,0,0,40.2926
0,54,41,0,0,40.2898
0,55,41,0,0,40.2872
0,56,41,0,0,40.2847
0,57,41,0,0,40.2824
0,58,41,0,0,40.2803
0,59,41,0,0,40.2783
0,60,41,0,0,40.2765
0,61,41,0,0,40.2748
0,62,41,0,0,40.2734
0,63,41,0,0,40.2721
0,64,41,0,1.85006e-05,40.271
0,65,41,0,0,40.2672
0,66,41,0,0,40.2635
0,67,41,0,0,40.2601
0,68,41,0,0,40.2568
0,69,41,0,0,40.2537
0,70,41,0,0,40.2508
0,71,41,0,0,40.248
0,72,41,0,0,40.2453
0,73,41,0,0,40.2429
0,74,41,0,0,40.2406
0,75,41,0,0,40.2385
0,76,41,0,0,40.2365
0,77,41,0,0,40.2346
0,78,41,0,0,40.233
0,79,41,0,0,40.2314
0,80,41,0,0,40.2299
0,81,41,0,0,40.2286
0,82,41,0,0,40.2273
0,83,41,0,0,40.226
0,84,41,0,0,40.2248
0,85,41,0,0,40.2237
0,86,41,0,0,40.2225
0,87,41,0,0,40.2214
0,88,41,0,0,40.2203
0,89,41,0,0,40.2192
0,90,41,0,0,40.2181
0,91,41,0,0,40.2171
0,92,41,0,0,40.2161
0,93,41,0,0,40.2151
0,94,41,0,0,40.2141
0,95,41,0,0,40.2132
0,96,41,0,0,40.2122
0,97,41,0,0,40.2113
0,98,41,0,0,40.2104
0,99,41,0,0,40.2095
0,100,41,0,0,40.2086
0,101,41,0,0,40.2078
0,102,41,0,0,40.207
0,103,41,0,0,40.2063
0,104,41,0,0,40.2056
0,105,41,0,0,40.205
0,106,41,0,0,40.2044
0,107,41,0,0,40.2039
0,108,41,0,0,40.2035
0,109,41,0,0,40.203
0,110,41,0,0,40.2025
0,111,41,0,0,40.202
0,112,41,0,0,40.2015
0,113,41,0,0,40.2009
0,114,41,0,0,40.2003
0,115,41,0,0,40.1997
0,116,41,0,0,40.199
0,117,41,0,0,40.1984
0,118,41,0,0,40.1978
0,119,41,0,0,40.1972
0,120,41,0,0,40.1966
0,121,41,0,0,40.196
0,122,41,0,0,40.1955
0,123,41,0,0,40.195
0,124,41,0,0,40.1945
0,125,41,0,0,40.1941
0,126,41,0,0,40.1937
0,127,41,0,0,40.1935
0,0,42,0,1.85006e-05,40.6197
0,1,42,0,0,40.6162
0,2,42,0,0,40.6125
0,3,42,0,0,40.6085
0,4,42,0,0,40.6042
0,5,42,0,0,40.5996
0,6,42,0,0,40.5946
0,7,42,0,0,40.5892
0,8,42,0,0,40.5834
0,9,42,0,0,40.5773
0,10,42,0,0,40.5708
0,11,42,0,0,40.564
0,12,42,0,0,40.5568
0,13,42,0,0,40.5493
0,14,42,0,0,40.5415
0,15,42,0,0,40.5334
0,16,42,0,0,40.525
0,17,42,0,0,40.5166
0,18,42,0,0,40.5079
0,19,42,0,0,40.4992
0,20,42,0,0,40.4905
0,21,42,0,0,40.4818
0,22,42,0,0,40.473
0,23,42,0,0,40.4644
0,24,42,0,0,40.4558
0,25,42,0,0,40.4473
0,26,42,0,0,40.4389
0,27,42,0,0,40.4306
0,28,42,0,0,40.4226
0,29,42,0,0,40.4147
0,30,42,0,0,40.407
0,31,42,0,0,40.3995
0,32,42,0,0,40.3922
0,33,42,0,0,40.3851
0,34,42,0,0,40.3783
0,35,42,0,0,40.3717
0,36,42,0,0,40.3653
0,37,42,0,0,40.3592
0,38,42,0,0,40.3532
0,39,42,0,0,40.3475
0,40,42,0,0,40.342
0,41,42,0,0,40.3367
0,42,42,0,0,40.3317
0,43,42,0,0,40.3269
0,44,42,0,0,40.3222
0,45,42,0,0,40.3178
0,46,42,0,0,40.3137
0,47,42,0,0,40.3097
0,48,42,0,0,40.306
0,49,42,0,0,40.3025
0,50,42,0,0,40.2992
0,51,42,0,0,40.296
0,52,42,0,0,40.2931
0,53,42,0,0,40.2903
0,54,42,0,0,40.2876
0,55,42,0,0,40.2851
0,56,42,0,0,40.2828
0,57,42,0,0,40.2806
0,58,42,0,0,40.2785
0,59,42,0,0,40.2766
0,60,42,0,0,40.2748
0,61,42,0,0,40.2732
0,62,42,0,0,40.2717
0,63,42,0,0,40.2705
0,64,42,0,1.85006e-05,40.2694
0,65,42,0,0,40.2656
0,66,42,0,0,40.262
0,67,42,0,0,40.2585
0,68,42,0,0,40.2552
0,69,42,0,0,40.2521
0,70,42,0,0,40.2492
0,71,42,0,0,40.2465
0,72,42,0,0,40.2439
0,73,42,0,0,40.2415
0,74,42,0,0,40.2392
0,75,42,0,0,40.2372
0,76,42,0,0,40.2353
0,77,42,0,0,40.2335
0,78,42,0,0,40.2319
0,79,42,0,0,40.2305
0,80,42,0,0,40.2291
0,81,42,0,0,40.2278
0,82,42,0,0,40.2266
0,83,42,0,0,40.2254
0,84,42,0,0,40.2243
0,85,42,0,0,40.2232
0,86,42,0,0,40.2221
0,87,42,0,0,40.221
0,88,42,0,0,40.22
0,89,42,0,0,40.219
0,90,42,0,0,40.218
0,91,42,0,0,40.217
0,92,42,0,0,40.2161
0,93,42,0,0,40.2151
0,94,42,0,0,40.2142
0,95,42,0,0,40.2133
0,96,42,0,0,40.2124
0,97,42,0,0,40.2115
0,98,42,0,0,40.2106
0,99,42,0,0,40.2098
0,100,42,0,0,40.2089
0,101,42,0,0,40.208
0,102,42,0,0,40.2072
0,103,42,0,0,40.2065
0,104,42,0,0,40.2058
0,105,42,0,0,40.2052
0,106,42,0,0,40.2046
0,107,42,0,0,40.2041
0,108,42,0,0,40.2036
0,109,42,0,0,40.2031
0,110,42,0,0,40.2027
0,111,42,0,0,40.2022
0,112,42,0,0,40.2016
0,113,42,0,0,40.201
0,114,42,0,0,40.2004
0,115,42,0,0,40.1997
0,116,42,0,0,40.199
0,117,42,0,0,40.1984
0,118,42,0,0,40.1977
0,119,42,0,0,40.1971
0,120,42,0,0,40.1965
0,121,42,0,0,40.196
0,122,42,0,0,40.1954
0,123,42,0,0,40.1949
0,124,42,0,0,40.1945
0,125,42,0,0,40.194
0,126,42,0,0,40.1937
0,127,42,0,0,40.1935
0,0,43,0,1.85006e-05,40.5943
0,1,43,0,0,40.591
0,2,43,0,0,40.5875
0,3,43,0,0,40.5838
0,4,43,0,0,40.5798
0,5,43,0,0,40.5756
0,6,43,0,0,40.571
0,7,43,0,0,40.5662
0,8,43,0,0,40.561
0,9,43,0,0,40.5554
0,10,43,0,0,40.5496
0,11,43,0,0,40.5434
0,12,43,0,0,40.5368
0,13,43,0,0,40.53
0,14,43,0,0,40.5228
0,15,43,0,0,40.5153
0,16,43,0,0,40.5076
0,17,43,0,0,40.4997
0,18,43,0,0,40.4917
0,19,43,0,0,40.4836
0,20,43,0,0,40.4755
0,21,43,0,0,40.4673
0,22,43,0,0,40.4592
0,23,43,0,0,40.4512
0,24,43,0,0,40.4432
0,25,43,0,0,40.4352
0,26,43,0,0,40.4274
0,27,43,0,0,40.4197
0,28,43,0,0,40.4122
0,29,43,0,0,40.4049
0,30,43,0,0,40.3977
0,31,43,0,0,40.3907
0,32,43,0,0,40.3839
0,33,43,0,0,40.3774
0,34,43,0,0,40.371
0,35,43,0,0,40.3649
0,36,43,0,0,40.359
0,37,43,0,0,40.3532
0,38,43,0,0,40.3477
0,39,43,0,0,40.3423
0,40,43,0,0,40.3372
0,41,43,0,0,40.3323
0,42,43,0,0,40.3275
0,43,43,0,0,40.323
0,44,43,0,0,40.3187
0,45,43,0,0,40.3146
0,46,43,0,0,40.3106
0,47,43,0,0,40.3069
0,48,43,0,0,40.3035
0,49,43,0,0,40.3002
0,50,43,0,0,40.2971
0,51,43,0,0,40.2942
0,52,43,0,0,40.2914
0,53,43,0,0,40.2888
0,54,43,0,0,40.2863
0,55,43,0,0,40.284
0,56,43,0,0,40.2817
0,57,43,0,0,40.2797
0,58,43,0,0,40.2777
0,59,43,0,0,40.2758
0,60,43,0,0,40.274
0,61,43,0,0,40.2724
0,62,43,0,0,40.271
0,63,43,0,0,40.2697
0,64,43,0,1.85006e-05,40.2686
0,65,43,0,0,40.2648
0,66,43,0,0,40.2611
0,67,43,0,0,40.2577
0,68,43,0,0,40.2544
0,69,43,0,0,40.2514
0,70,43,0,0,40.2484
0,71,43,0,0,40.2457
0,72,43,0,0,40.2431
0,73,43,0,0,40.2408
0,74,43,0,0,40.2386
0,75,43,0,0,40.2366
0,76,43,0,0,40.2348
0,77,43,0,0,40.2331
0,78,43,0,0,40.2316
0,79,43,0,0,40.2303
0,80,43,0,0,40.229
0,81,43,0,0,40.2278
0,82,43,0,0,40.2266
0,83,43,0,0,40.2255
0,84,43,0,0,40.2245
0,85,43,0,0,40.2234
0,86,43,0,0,40.2224
0,87,43,0,0,40.2214
0,88,43,0,0,40.2205
0,89,43,0,0,40.2196
0,90,43,0,0,40.2187
0,91,43,0,0,40.2178
0,92,43,0,0,40.2168
0,93,43,0,0,40.2159
0,94,43,0,0,40.215
0,95,43,0,0,40.2142
0,96,43,0,0,40.2133
0,97,43,0,0,40.2125
0,98,43,0,0,40.2117
0,99,43,0,0,40.2108
0,100,43,0,0,40.2099
0,101,43,0,0,40.209
0,102,43,0,0,40.2081
0,103,43,0,0,40.2074
0,104,43,0,0,40.2066
0,105,43,0,0,40.206
0,106,43,0,0,40.2055
0,107,43,0,0,40.205
0,108,43,0,0,40.2045
0,109,43,0,0,40.204
0,110,43,0,0,40.2036
0,111,43,0,0,40.2031
0,112,43,0,0,40.2025
0,113,43,0,0,40.2019
0,114,43,0,0,40.2012
0,115,43,0,0,40.2005
0,116,43,0,0,40.1998
0,117,43,0,0,40.1991
0,118,43,0,0,40.1984
0,119,43,0,0,40.1978
0,120,43,0,0,40.1972
0,121,43,0,0,40.1966
0,122,43,0,0,40.1961
0,123,43,0,0,40.1956
0,124,43,0,0,40.1951
0,125,43,0,0,40.1947
0,126,43,0,0,40.1943
0,127,43,0,0,40.194
0,0,44,0,1.85006e-05,40.571
0,1,44,0,0,40.5679
0,2,44,0,0,40.5647
0,3,44,0,0,40.5613
0,4,44,0,0,40.5577
0,5,44,0,0,40.5539
0,6,44,0,0,40.5498
0,7,44,0,0,40.5454
0,8,44,0,0,40.5407
0,9,44,0,0,40.5358
0,10,44,0,0,40.5305
0,11,44,0,0,40.525
0,12,44,0,0,40.5191
0,13,44,0,0,40.5128
0,14,44,0,0,40.5062
0,15,44,0,0,40.4992
0,16,44,0,0,40.492
0,17,44,0,0,40.4846
0,18,44,0,0,40.4772
0,19,44,0,0,40.4696
0,20,44,0,0,40.4621
0,21,44,0,0,40.4545
0,22,44,0,0,40.447
0,23,44,0,0,40.4394
0,24,44,0,0,40.432
0,25,44,0,0,40.4246
0,26,44,0,0,40.4173
0,27,44,0,0,40.4102
0,28,44,0,0,40.4031
0,29,44,0,0,40.3963
0,30,44,0,0,40.3896
0,31,44,0,0,40.3832
0,32,44,0,0,40.3768
0,33,44,0,0,40.3707
0,34,44,0,0,40.3648
0,35,44,0,0,40.3591
0,36,44,0,0,40.3537
0,37,44,0,0,40.3483
0,38,44,0,0,40.3432
0,39,44,0,0,40.3382
0,40,44,0,0,40.3334
0,41,44,0,0,40.3288
0,42,44,0,0,40.3244
0,43,44,0,0,40.3201
0,44,44,0,0,40.3161
0,45,44,0,0,40.3122
0,46,44,0,0,40.3085
0,47,44,0,0,40.3051
0,48,44,0,0,40.3018
0,49,44,0,0,40.2988
0,50,44,0,0,40.296
0,51,44,0,0,40.2933
0,52,44,0,0,40.2907
0,53,44,0,0,40.2882
0,54,44,0,0,40.2859
0,55,44,0,0,40.2837
0,56,44,0,0,40.2816
0,57,44,0,0,40.2796
0,58,44,0,0,40.2777
0,59,44,0,0,40.2759
0,60,44,0,0,40.2741
0,61,44,0,0,40.2725
0,62,44,0,0,40.271
0,63,44,0,0,40.2697
0,64,44,0,1.85006e-05,40.2686
0,65,44,0,0,40.2648
0,66,44,0,0,40.2611
0,67,44,0,0,40.2577
0,68,44,0,0,40.2544
0,69,44,0,0,40.2513
0,70,44,0,0,40.2484
0,71,44,0,0,40.2456
0,72,44,0,0,40.2431
0,73,44,0,0,40.2408
0,74,44,0,0,40.2387
0,75,44,0,0,40.2367
0,76,44,0,0,40.235
0,77,44,0,0,40.2335
0,78,44,0,0,40.2321
0,79,44,0,0,40.2308
0,80,44,0,0,40.2296
0,81,44,0,0,40.2285
0,82,44,0,0,40.2275
0,83,44,0,0,40.2265
0,84,44,0,0,40.2255
0,85,44,0,0,40.2245
0,86,44,0,0,40.2236
0,87,44,0,0,40.2227
0,88,44,0,0,40.2218
0,89,44,0,0,40.221
0,90,44,0,0,40.2201
0,91,44,0,0,40.2193
0,92,44,0,0,40.2184
0,93,44,0,0,40.2176
0,94,44,0,0,40.2167
0,95,44,0,0,40.2158
0,96,44,0,0,40.215
0,97,44,0,0,40.2143
0,98,44,0,0,40.2135
0,99,44,0,0,40.2127
0,100,44,0,0,40.2117
0,101,44,0,0,40.2107
0,102,44,0,0,40.2098
0,103,44,0,0,40.2089
0,104,44,0,0,40.2082
0,105,44,0,0,40.2076
0,106,44,0,0,40.207
0,107,44,0,0,40.2066
0,108,44,0,0,40.2061
0,109,44,0,0,40.2057
0,110,44,0,0,40.2053
0,111,44,0,0,40.2048
0,112,44,0,0,40.2042
0,113,44,0,0,40.2035
0,114,44,0,0,40.2027
0,115,44,0,0,40.202
0,116,44,0,0,40.2012
0,117,44,0,0,40.2005
0,118,44,0,0,40.1998
0,119,44,0,0,40.1991
0,120,44,0,0,40.1986
0,121,44,0,0,40.198
0,122,44,0,0,40.1975
0,123,44,0,0,40.1969
0,124,44,0,0,40.1964
0,125,44,0,0,40.1959
0,126,44,0,0,40.1955
0,127,44,0,0,40.1952
0,0,45,0,1.85006e-05,40.5498
0,1,45,0,0,40.547
0,2,45,0,0,40.544
0,3,45,0,0,40.541
0,4,45,0,0,40.5378
0,5,45,0,0,40.5344
0,6,45,0,0,40.5308
0,7,45,0,0,40.5268
0,8,45,0,0,40.5227
0,9,45,0,0,40.5183
0,10,45,0,0,40.5137
0,11,45,0,0,40.5087
0,12,45,0,0,40.5034
0,13,45,0,0,40.4977
0,14,45,0,0,40.4916
0,15,45,0,0,40.4852
0,16,45,0,0,40.4784
0,17,45,0,0,40.4714
0,18,45,0,0,40.4644
0,19,45,0,0,40.4573
0,20,45,0,0,40.4503
0,21,45,0,0,40.4432
0,22,45,0,0,40.4362
0,23,45,0,0,40.4292
0,24,45,0,0,40.4223
0,25,45,0,0,40.4154
0,26,45,0,0,40.4086
0,27,45,0,0,40.4019
0,28,45,0,0,40.3953
0,29,45,0,0,40.3889
0,30,45,0,0,40.3828
0,31,45,0,0,40.3768
0,32,45,0,0,40.3709
0,33,45,0,0,40.3652
0,34,45,0,0,40.3597
0,35,45,0,0,40.3545
0,36,45,0,0,40.3494
0,37,45,0,0,40.3445
0,38,45,0,0,40.3397
0,39,45,0,0,40.335
0,40,45,0,0,40.3305
0,41,45,0,0,40.3262
0,42,45,0,0,40.3221
0,43,45,0,0,40.3182
0,44,45,0,0,40.3145
0,45,45,0,0,40.3108
0,46,45,0,0,40.3073
0,47,45,0,0,40.3041
0,48,45,0,0,40.3011
0,49,45,0,0,40.2984
0,50,45,0,0,40.2958
0,51,45,0,0,40.2934
0,52,45,0,0,40.291
0,53,45,0,0,40.2886
0,54,45,0,0,40.2864
0,55,45,0,0,40.2843
0,56,45,0,0,40.2824
0,57,45,0,0,40.2806
0,58,45,0,0,40.2787
0,59,45,0,0,40.2769
0,60,45,0,0,40.2751
0,61,45,0,0,40.2734
0,62,45,0,0,40.2718
0,63,45,0,0,40.2705
0,64,45,0,1.85006e-05,40.2694
0,65,45,0,0,40.2655
0,66,45,0,0,40.2619
0,67,45,0,0,40.2584
0,68,45,0,0,40.2552
0,69,45,0,0,40.2521
0,70,45,0,0,40.2491
0,71,45,0,0,40.2463
0,72,45,0,0,40.2437
0,73,45,0,0,40.2414
0,74,45,0,0,40.2394
0,75,45,0,0,40.2375
0,76,45,0,0,40.2359
0,77,45,0,0,40.2345
0,78,45,0,0,40.2333
0,79,45,0,0,40.2321
0,80,45,0,0,40.2311
0,81,45,0,0,40.2301
0,82,45,0,0,40.2292
0,83,45,0,0,40.2283
0,84,45,0,0,40.2273
0,85,45,0,0,40.2264
0,86,45,0,0,40.2255
0,87,45,0,0,40.2247
0,88,45,0,0,40.2239
0,89,45,0,0,40.2232
0,90,45,0,0,40.2224
0,91,45,0,0,40.2217
0,92,45,0,0,40.2209
0,93,45,0,0,40.22
0,94,45,0,0,40.2191
0,95,45,0,0,40.2182
0,96,45,0,0,40.2175
0,97,45,0,0,40.2169
0,98,45,0,0,40.2163
0,99,45,0,0,40.2154
0,100,45,0,0,40.2143
0,101,45,0,0,40.2132
0,102,45,0,0,40.2121
0,103,45,0,0,40.2112
0,104,45,0,0,40.2104
0,105,45,0,0,40.2098
0,106,45,0,0,40.2093
0,107,45,0,0,40.2089
0,108,45,0,0,40.2085
0,109,45,0,0,40.2082
0,110,45,0,0,40.2078
0,111,45,0,0,40.2074
0,112,45,0,0,40.2068
0,113,45,0,0,40.206
0,114,45,0,0,40.2051
0,115,45,0,0,40.2042
0,116,45,0,0,40.2034
0,117,45,0,0,40.2026
0,118,45,0,0,40.2019
0,119,45,0,0,40.2012
0,120,45,0,0,40.2006
0,121,45,0,0,40.2001
0,122,45,0,0,40.1996
0,123,45,0,0,40.199
0,124,45,0,0,40.1985
0,125,45,0,0,40.1979
0,126,45,0,0,40.1973
0,127,45,0,0,40.1969
0,0,46,0,1.85006e-05,40.5306
0,1,46,0,0,40.528
0,2,46,0,0,40.5254
0,3,46,0,0,40.5227
0,4,46,0,0,40.5199
0,5,46,0,0,40.517
0,6,46,0,0,40.5138
0,7,46,0,0,40.5104
0,8,46,0,0,40.5067
0,9,46,0,0,40.5029
0,10,46,0,0,40.4989
0,11,46,0,0,40.4947
0,12,46,0,0,40.49
0,13,46,0,0,40.4848
0,14,46,0,0,40.4792
0,15,46,0,0,40.4731
0,16,46,0,0,40.4666
0,17,46,0,0,40.4599
0,18,46,0,0,40.4532
0,19,46,0,0,40.4466
0,20,46,0,0,40.4401
0,21,46,0,0,40.4335
0,22,46,0,0,40.4269
0,23,46,0,0,40.4204
0,24,46,0,0,40.414
0,25,46,0,0,40.4076
0,26,46,0,0,40.4011
0,27,46,0,0,40.3948
0,28,46,0,0,40.3887
0,29,46,0,0,40.3827
0,30,46,0,0,40.3771
0,31,46,0,0,40.3715
0,32,46,0,0,40.3661
0,33,46,0,0,40.3607
0,34,46,0,0,40.3556
0,35,46,0,0,40.3509
0,36,46,0,0,40.3463
0,37,46,0,0,40.3419
0,38,46,0,0,40.3374
0,39,46,0,0,40.3329
0,40,46,0,0,40.3286
0,41,46,0,0,40.3246
0,42,46,0,0,40.3209
0,43,46,0,0,40.3174
0,44,46,0,0,40.3138
0,45,46,0,0,40.3103
0,46,46,0,0,40.3069
0,47,46,0,0,40.3039
0,48,46,0,0,40.3012
0,49,46,0,0,40.2989
0,50,46,0,0,40.2967
0,51,46,0,0,40.2945
0,52,46,0,0,40.2923
0,53,46,0,0,40.2899
0,54,46,0,0,40.2877
0,55,46,0,0,40.2858
0,56,46,0,0,40.2841
0,57,46,0,0,40.2826
0,58,46,0,0,40.2808
0,59,46,0,0,40.2789
0,60,46,0,0,40.2771
0,61,46,0,0,40.2752
0,62,46,0,0,40.2735
0,63,46,0,0,40.2721
0,64,46,0,1.85006e-05,40.271
0,65,46,0,0,40.267
0,66,46,0,0,40.2633
0,67,46,0,0,40.26
0,68,46,0,0,40.2568
0,69,46,0,0,40.2536
0,70,46,0,0,40.2505
0,71,46,0,0,40.2476
0,72,46,0,0,40.245
0,73,46,0,0,40.2428
0,74,46,0,0,40.2408
0,75,46,0,0,40.239
0,76,46,0,0,40.2374
0,77,46,0,0,40.2362
0,78,46,0,0,40.2352
0,79,46,0,0,40.2342
0,80,46,0,0,40.2333
0,81,46,0,0,40.2325
0,82,46,0,0,40.2318
0,83,46,0,0,40.2309
0,84,46,0,0,40.2299
0,85,46,0,0,40.229
0,86,46,0,0,40.2283
0,87,46,0,0,40.2274
0,88,46,0,0,40.2268
0,89,46,0,0,40.2262
0,90,46,0,0,40.2256
0,91,46,0,0,40.2249
0,92,46,0,0,40.2242
0,93,46,0,0,40.2233
0,94,46,0,0,40.2222
0,95,46,0,0,40.2213
0,96,46,0,0,40.2208
0,97,46,0,0,40.2204
0,98,46,0,0,40.22
0,99,46,0,0,40.2191
0,100,46,0,0,40.2178
0,101,46,0,0,40.2164
0,102,46,0,0,40.2151
0,103,46,0,0,40.214
0,104,46,0,0,40.2133
0,105,46,0,0,40.2127
0,106,46,0,0,40.2123
0,107,46,0,0,40.212
0,108,46,0,0,40.2117
0,109,46,0,0,40.2115
0,110,46,0,0,40.2113
0,111,46,0,0,40.2109
0,112,46,0,0,40.2103
0,113,46,0,0,40.2093
0,114,46,0,0,40.2083
0,115,46,0,0,40.2072
0,116,46,0,0,40.2063
0,117,46,0,0,40.2054
0,118,46,0,0,40.2046
0,119,46,0,0,40.204
0,120,46,0,0,40.2034
0,121,46,0,0,40.203
0,122,46,0,0,40.2024
0,123,46,0,0,40.2018
0,124,46,0,0,40.2013
0,125,46,0,0,40.2005
0,126,46,0,0,40.1998
0,127,46,0,0,40.1992
0,0,47,0,1.85006e-05,40.513
0,1,47,0,0,40.5108
0,2,47,0,0,40.5087
0,3,47,0,0,40.5064
0,4,47,0,0,40.504
0,5,47,0,0,40.5016
0,6,47,0,0,40.4991
0,7,47,0,0,40.4959
0,8,47,0,0,40.4926
0,9,47,0,0,40.4894
0,10,47,0,0,40.486
0,11,47,0,0,40.4829
0,12,47,0,0,40.4787
0,13,47,0,0,40.4741
0,14,47,0,0,40.469
0,15,47,0,0,40.463
0,16,47,0,0,40.4567
0,17,47,0,0,40.4499
0,18,47,0,0,40.4436
0,19,47,0,0,40.4374
0,20,47,0,0,40.4315
0,21,47,0,0,40.4252
0,22,47,0,0,40.4192
0,23,47,0,0,40.4131
0,24,47,0,0,40.4072
0,25,47,0,0,40.4012
0,26,47,0,0,40.3951
0,27,47,0,0,40.389
0,28,47,0,0,40.3832
0,29,47,0,0,40.3777
0,30,47,0,0,40.3727
0,31,47,0,0,40.3676
0,32,47,0,0,40.3625
0,33,47,0,0,40.3572
0,34,47,0,0,40.3523
0,35,47,0,0,40.3483
0,36,47,0,0,40.3445
0,37,47,0,0,40.3405
0,38,47,0,0,40.3364
0,39,47,0,0,40.3319
0,40,47,0,0,40.3276
0,41,47,0,0,40.324
0,42,47,0,0,40.3208
0,43,47,0,0,40.3177
0,44,47,0,0,40.3144
0,45,47,0,0,40.3109
0,46,47,0,0,40.3073
0,47,47,0,0,40.3044
0,48,47,0,0,40.3022
0,49,47,0,0,40.3003
0,50,47,0,0,40.2986
0,51,47,0,0,40.2969
0,52,47,0,0,40.2947
0,53,47,0,0,40.2921
0,54,47,0,0,40.2899
0,55,47,0,0,40.2883
0,56,47,0,0,40.2869
0,57,47,0,0,40.2858
0,58,47,0,0,40.2841
0,59,47,0,0,40.282
0,60,47,0,0,40.2802
0,61,47,0,0,40.2779
0,62,47,0,0,40.2759
0,63,47,0,0,40.2745
0,64,47,0,1.85006e-05,40.2735
0,65,47,0,0,40.2694
0,66,47,0,0,40.2655
0,67,47,0,0,40.2623
0,68,47,0,0,40.2594
0,69,47,0,0,40.2561
0,70,47,0,0,40.2527
0,71,47,0,0,40.2494
0,72,47,0,0,40.2469
0,73,47,0,0,40.2448
0,74,47,0,0,40.243
0,75,47,0,0,40.2412
0,76,47,0,0,40.2395
0,77,47,0,0,40.2387
0,78,47,0,0,40.238
0,79,47,0,0,40.237
0,80,47,0,0,40.2362
0,81,47,0,0,40.2358
0,82,47,0,0,40.2353
0,83,47,0,0,40.2345
0,84,47,0,0,40.2334
0,85,47,0,0,40.2324
0,86,47,0,0,40.232
0,87,47,0,0,40.231
0,88,47,0,0,40.2304
0,89,47,0,0,40.2302
0,90,47,0,0,40.2296
0,91,47,0,0,40.2292
0,92,47,0,0,40.2286
0,93,47,0,0,40.2276
0,94,47,0,0,40.2261
0,95,47,0,0,40.2249
0,96,47,0,0,40.2247
0,97,47,0,0,40.2249
0,98,47,0,0,40.2251
0,99,47,0,0,40.2242
0,100,47,0,0,40.2223
0,101,47,0,0,40.2203
0,102,47,0,0,40.2186
0,103,47,0,0,40.2174
0,104,47,0,0,40.2169
0,105,47,0,0,40.2163
0,106,47,0,0,40.2159
0,107,47,0,0,40.2159
0,108,47,0,0,40.2157
0,109,47,0,0,40.2155
0,110,47,0,0,40.2158
0,111,47,0,0,40.2155
0,112,47,0,0,40.2151
0,113,47,0,0,40.2136
0,114,47,0,0,40.2121
0,115,47,0,0,40.211
0,116,47,0,0,40.2099
0,117,47,0,0,40.2088
0,118,47,0,0,40.2081
0,119,47,0,0,40.2074
0,120,47,0,0,40.207
0,121,47,0,0,40.2067
0,122,47,0,0,40.206
0,123,47,0,0,40.2055
0,124,47,0,0,40.205
0,125,47,0,0,40.2039
0,126,47,0,0,40.2028
0,127,47,0,0,40.2022
0,0,48,0,2.56406e-05,40.4971
0,1,48,0,1.428e-05,40.4955
0,2,48,0,2.286e-05,40.494
0,3,48,0,2.145e-05,40.4921
0,4,48,0,9.8175e-06,40.4897
0,5,48,0,2.142e-05,40.4881
0,6,48,0,4.572e-05,40.4868
0,7,48,0,1.572e-05,40.4833
0,8,48,0,1.51725e-05,40.48
0,9,48,0,4.3425e-05,40.4778
0,10,48,0,1.572e-05,40.4747
0,11,48,0,7.12575e-05,40.474
0,12,48,0,4.071e-05,40.4694
0,13,48,0,5.286e-05,40.4656
0,14,48,0,6.91275e-05,40.4615
0,15,48,0,3.46425e-05,40.455
0,16,48,0,5.481e-05,40.449
0,17,48,0,1.428e-05,40.441
0,18,48,0,3e-05,40.4353
0,19,48,0,2.286e-05,40.4297
0,20,48,0,4.428e-05,40.4247
0,21,48,0,2.142e-05,40.4184
0,22,48,0,3.714e-05,40.4129
0,23,48,0,2.643e-05,40.4071
0,24,48,0,3.714e-05,40.4019
0,25,48,0,4.002e-05,40.3963
0,26,48,0,2.856e-05,40.3903
0,27,48,0,1.51725e-05,40.3844
0,28,48,0,2.43e-05,40.3788
0,29,48,0,1.716e-05,40.3735
0,30,48,0,3.714e-05,40.3696
0,31,48,0,3.6435e-05,40.365
0,32,48,0,4.1055e-05,40.3604
0,33,48,0,3.144e-05,40.3548
0,34,48,0,0,40.3494
0,35,48,0,3.858e-05,40.347
0,36,48,0,4.48275e-05,40.3439
0,37,48,0,4.89375e-05,40.3405
0,38,48,0,6.144e-05,40.337
0,39,48,0,3.44775e-05,40.3318
0,40,48,0,2.574e-05,40.3272
0,41,48,0,3.0345e-05,40.3241
0,42,48,0,3.714e-05,40.3217
0,43,48,0,5.34075e-05,40.3193
0,44,48,0,4.716e-05,40.3162
0,45,48,0,6.0735e-05,40.3128
0,46,48,0,2.23125e-05,40.3081
0,47,48,0,3e-05,40.3053
0,48,48,0,5.217e-05,40.3041
0,49,48,0,3.41175e-05,40.3027
0,50,48,0,3.714e-05,40.3016
0,51,48,0,4.107e-05,40.3007
0,52,48,0,4.932e-05,40.2989
0,53,48,0,2.856e-05,40.2949
0,54,48,0,3.144e-05,40.2926
0,55,48,0,4.3575e-05,40.2916
0,56,48,0,2.856e-05,40.2903
0,57,48,0,6.81075e-05,40.2909
0,58,48,0,5.01825e-05,40.2888
0,59,48,0,3e-05,40.2857
0,60,48,0,6.76725e-05,40.2851
0,61,48,0,3.144e-05,40.2813
0,62,48,0,2.142e-05,40.2787
0,63,48,0,2.46375e-05,40.2775
0,64,48,0,6.09956e-05,40.2771
0,65,48,0,2.286e-05,40.2724
0,66,48,0,1.69575e-05,40.2682
0,67,48,0,1.428e-05,40.2652
0,68,48,0,5.856e-05,40.2635
0,69,48,0,4.284e-05,40.2596
0,70,48,0,3.858e-05,40.2557
0,71,48,0,1.572e-05,40.2515
0,72,48,0,2.43e-05,40.2493
0,73,48,0,2.286e-05,40.2474
0,74,48,0,2.94525e-05,40.2461
0,75,48,0,2.856e-05,40.2441
0,76,48,0,7.14e-06,40.2418
0,77,48,0,3.08925e-05,40.2417
0,78,48,0,5.736e-05,40.2421
0,79,48,0,3.714e-05,40.2407
0,80,48,0,2.142e-05,40.2396
0,81,48,0,2.856e-05,40.2399
0,82,48,0,4.002e-05,40.2402
0,83,48,0,3.858e-05,40.2394
0,84,48,0,3.144e-05,40.2376
0,85,48,0,2.142e-05,40.2363
0,86,48,0,6.858e-05,40.2371
0,87,48,0,2.51925e-05,40.235
0,88,48,0,2.286e-05,40.2345
0,89,48,0,5.37525e-05,40.2357
0,90,48,0,1.428e-05,40.2342
0,91,48,0,4.90875e-05,40.2346
0,92,48,0,5.46675e-05,40.2343
0,93,48,0,5.43e-05,40.2332
0,94,48,0,4.572e-05,40.2308
0,95,48,0,7.14e-06,40.2282
0,96,48,0,3.144e-05,40.2291
0,97,48,0,2.286e-05,40.2302
0,98,48,0,5.68125e-05,40.2323
0,99,48,0,6.2385e-05,40.231
0,100,48,0,3.23325e-05,40.2277
0,101,48,0,3.26775e-05,40.225
0,102,48,0,2.286e-05,40.2225
0,103,48,0,8.0325e-06,40.2209
0,104,48,0,5.11125e-05,40.2215
0,105,48,0,4.01625e-05,40.2206
0,106,48,0,1.572e-05,40.2199
0,107,48,0,3.7485e-05,40.2208
0,108,48,0,3.03675e-05,40.2204
0,109,48,0,1.572e-05,40.2201
0,110,48,0,5.24925e-05,40.2215
0,111,48,0,4.572e-05,40.2213
0,112,48,0,7.716e-05,40.2217
0,113,48,0,3.67725e-05,40.2187
0,114,48,0,2.577e-05,40.2165
0,115,48,0,4.428e-05,40.2155
0,116,48,0,4.287e-05,40.2144
0,117,48,0,2.286e-05,40.2126
0,118,48,0,3.94725e-05,40.2124
0,119,48,0,2.142e-05,40.2112
0,120,48,0,3.144e-05,40.2114
0,121,48,0,4.428e-05,40.2114
0,122,48,0,2.856e-05,40.2104
0,123,48,0,9.8175e-06,40.2098
0,124,48,0,4.69575e-05,40.2103
0,125,48,0,2.37525e-05,40.2081
0,126,48,0,5.3625e-06,40.2063
0,127,48,0,3.714e-05,40.2062
0,0,49,0,5.24531e-05,40.4816
0,1,49,0,2.142e-05,40.4795
0,2,49,0,1.785e-05,40.4777
0,3,49,0,3.717e-05,40.4767
0,4,49,0,3.62475e-05,40.4748
0,5,49,0,3e-05,40.4727
0,6,49,0,2.73225e-05,40.4709
0,7,49,0,6.2145e-05,40.4695
0,8,49,0,4.00425e-05,40.4658
0,9,49,0,1.2495e-05,40.4619
0,10,49,0,2.6085e-05,40.4599
0,11,49,0,7.30425e-05,40.4593
0,12,49,0,2.643e-05,40.4542
0,13,49,0,3.288e-05,40.4505
0,14,49,0,4.03725e-05,40.4468
0,15,49,0,6.39375e-05,40.4425
0,16,49,0,4.233e-05,40.4359
0,17,49,0,3e-05,40.4291
0,18,49,0,3e-05,40.4236
0,19,49,0,5.718e-05,40.4193
0,20,49,0,3.144e-05,40.4135
0,21,49,0,5.64675e-05,40.4087
0,22,49,0,2.32275e-05,40.4023
0,23,49,0,4.929e-05,40.3978
0,24,49,0,3.594e-05,40.3922
0,25,49,0,2.60775e-05,40.3868
0,26,49,0,3.96525e-05,40.3824
0,27,49,0,6.6795e-05,40.3782
0,28,49,0,3.30225e-05,40.3717
0,29,49,0,2.3565e-05,40.3663
0,30,49,0,4.575e-05,40.3627
0,31,49,0,3.2145e-05,40.3579
0,32,49,0,4.83975e-05,40.3538
0,33,49,0,2.142e-05,40.3483
0,34,49,0,5.10825e-05,40.345
0,35,49,0,3.57e-05,40.3411
0,36,49,0,4.1055e-05,40.3378
0,37,49,0,2.715e-05,40.3338
0,38,49,0,3.5355e-05,40.3306
0,39,49,0,3.83925e-05,40.3266
0,40,49,0,2.286e-05,40.3223
0,41,49,0,3.8925e-05,40.3199
0,42,49,0,5.30625e-05,40.3177
0,43,49,0,2.91075e-05,40.3143
0,44,49,0,5.2515e-05,40.3118
0,45,49,0,1.9305e-05,40.3074
0,46,49,0,4.33875e-05,40.3045
0,47,49,0,1.428e-05,40.3008
0,48,49,0,3.57e-06,40.299
0,49,49,0,5.69775e-05,40.3001
0,50,49,0,4.8195e-05,40.2997
0,51,49,0,7.893e-05,40.3
0,52,49,0,9.666e-05,40.2984
0,53,49,0,1.6425e-05,40.2925
0,54,49,0,2.43e-05,40.29
0,55,49,0,4.19625e-05,40.2893
0,56,49,0,3.62475e-05,40.2884
0,57,49,0,5.94525e-05,40.2887
0,58,49,0,7.12575e-05,40.2873
0,59,49,0,8.2125e-06,40.2832
0,60,49,0,6.66075e-05,40.2832
0,61,49,0,2.55375e-05,40.2796
0,62,49,0,3.357e-05,40.2778
0,63,49,0,3.57075e-05,40.2768
0,64,49,0,5.78006e-05,40.2762
0,65,49,0,4.16175e-05,40.2723
0,66,49,0,3.03825e-05,40.2681
0,67,49,0,5.9265e-05,40.2655
0,68,49,0,2.286e-05,40.261
0,69,49,0,2.19675e-05,40.2572
0,70,49,0,3e-05,40.2538
0,71,49,0,7.14e-06,40.2499
0,72,49,0,3.45e-05,40.2485
0,73,49,0,2.142e-05,40.2465
0,74,49,0,5.142e-05,40.246
0,75,49,0,3e-05,40.2435
0,76,49,0,2.82225e-05,40.2416
0,77,49,0,2.19675e-05,40.2403
0,78,49,0,2.286e-05,40.2397
0,79,49,0,1.428e-05,40.2388
0,80,49,0,3.0705e-05,40.2392
0,81,49,0,4.73025e-05,40.2402
0,82,49,0,6e-05,40.2408
0,83,49,0,6.08925e-05,40.2399
0,84,49,0,3e-05,40.2371
0,85,49,0,2.3565e-05,40.2354
0,86,49,0,2.286e-05,40.2348
0,87,49,0,3.05475e-05,40.2343
0,88,49,0,2.58825e-05,40.2342
0,89,49,0,6.05475e-05,40.2359
0,90,49,0,5.82225e-05,40.2354
0,91,49,0,3.19725e-05,40.2338
0,92,49,0,2.78475e-05,40.2327
0,93,49,0,5.574e-05,40.2322
0,94,49,0,9.8175e-06,40.229
0,95,49,0,1.572e-05,40.2279
0,96,49,0,2.60775e-05,40.229
0,97,49,0,5.286e-05,40.2316
0,98,49,0,0.000120203,40.2347
0,99,49,0,3.4995e-05,40.2305
0,100,49,0,5.19675e-05,40.2281
0,101,49,0,3.162e-05,40.225
0,102,49,0,2.69775e-05,40.2227
0,103,49,0,4.33875e-05,40.2216
0,104,49,0,2.19675e-05,40.2201
0,105,49,0,9.8175e-06,40.2192
0,106,49,0,4.002e-05,40.2204
0,107,49,0,6.64575e-05,40.2219
0,108,49,0,3.82125e-05,40.221
0,109,49,0,5.286e-05,40.2213
0,110,49,0,5.48475e-05,40.2213
0,111,49,0,2.286e-05,40.2198
0,112,49,0,4.734e-05,40.2199
0,113,49,0,3.5175e-05,40.2181
0,114,49,0,4.443e-05,40.2164
0,115,49,0,7.14e-06,40.2138
0,116,49,0,3.53625e-05,40.2135
0,117,49,0,1.428e-05,40.2118
0,118,49,0,4.62675e-05,40.2123
0,119,49,0,1.67925e-05,40.2109
0,120,49,0,4.878e-05,40.2117
0,121,49,0,3.08925e-05,40.2109
0,122,49,0,1.572e-05,40.2103
0,123,49,0,8.30625e-05,40.2125
0,124,49,0,5.26725e-05,40.2112
0,125,49,0,2.76675e-05,40.2087
0,126,49,0,3.96525e-05,40.2079
0,127,49,0,6.82425e-05,40.2077
0,0,50,0,2.60081e-05,40.4637
0,1,50,0,0,40.4614
0,2,50,0,3.57e-06,40.4595
0,3,50,0,0,40.4577
0,4,50,0,5.355e-06,40.4559
0,5,50,0,0,40.4537
0,6,50,0,2.6775e-06,40.4518
0,7,50,0,6.435e-06,40.4498
0,8,50,0,2.145e-06,40.4467
0,9,50,0,0,40.4436
0,10,50,0,5.355e-06,40.4413
0,11,50,0,0,40.4387
0,12,50,0,0,40.4351
0,13,50,0,0,40.4315
0,14,50,0,7.68e-06,40.4279
0,15,50,0,0,40.4232
0,16,50,0,0,40.4179
0,17,50,0,0,40.4124
0,18,50,0,0,40.4073
0,19,50,0,0,40.4026
0,20,50,0,0,40.3976
0,21,50,0,8.925e-07,40.3928
0,22,50,0,1.0725e-06,40.3877
0,23,50,0,0,40.3829
0,24,50,0,0,40.378
0,25,50,0,5.3625e-06,40.3735
0,26,50,0,7.5075e-06,40.3692
0,27,50,0,8.0325e-06,40.3647
0,28,50,0,2.6775e-06,40.3595
0,29,50,0,6.435e-06,40.3549
0,30,50,0,8.73e-06,40.3507
0,31,50,0,0,40.3461
0,32,50,0,6.2475e-06,40.3421
0,33,50,0,0,40.3376
0,34,50,0,3.2175e-06,40.3339
0,35,50,0,0,40.3302
0,36,50,0,2.6775e-06,40.3268
0,37,50,0,1.0725e-06,40.3234
0,38,50,0,8.925e-06,40.3203
0,39,50,0,4.29e-06,40.3167
0,40,50,0,0,40.313
0,41,50,0,3.57e-06,40.3103
0,42,50,0,2.6775e-06,40.3076
0,43,50,0,1.785e-06,40.3047
0,44,50,0,1.785e-06,40.3018
0,45,50,0,0,40.2986
0,46,50,0,0,40.2958
0,47,50,0,0,40.2932
0,48,50,0,0,40.2916
0,49,50,0,1.785e-06,40.291
0,50,50,0,1.785e-06,40.2903
0,51,50,0,0,40.2894
0,52,50,0,0,40.2877
0,53,50,0,6.435e-06,40.285
0,54,50,0,0,40.2828
0,55,50,0,4.4625e-06,40.2816
0,56,50,0,8.925e-07,40.2804
0,57,50,0,0,40.2795
0,58,50,0,0,40.2782
0,59,50,0,7.5075e-06,40.2765
0,60,50,0,0,40.2749
0,61,50,0,4.4625e-06,40.2731
0,62,50,0,3.57e-06,40.2717
0,63,50,0,5.355e-06,40.2708
0,64,50,0,2.81456e-05,40.2703
0,65,50,0,1.26825e-05,40.2666
0,66,50,0,0,40.2624
0,67,50,0,6.435e-06,40.2592
0,68,50,0,0,40.2553
0,69,50,0,8.925e-07,40.2518
0,70,50,0,0,40.2485
0,71,50,0,0,40.2456
0,72,50,0,0,40.2435
0,73,50,0,0,40.2417
0,74,50,0,6.2475e-06,40.2405
0,75,50,0,0,40.2385
0,76,50,0,3.2175e-06,40.2369
0,77,50,0,0,40.2356
0,78,50,0,0,40.2347
0,79,50,0,0,40.2341
0,80,50,0,6.435e-06,40.2342
0,81,50,0,2.6775e-06,40.2341
0,82,50,0,0,40.2339
0,83,50,0,6.2475e-06,40.2333
0,84,50,0,0,40.2316
0,85,50,0,6.435e-06,40.2306
0,86,50,0,0,40.2295
0,87,50,0,0,40.229
0,88,50,0,2.6775e-06,40.2289
0,89,50,0,0,40.2292
0,90,50,0,1.17975e-05,40.2292
0,91,50,0,7.5e-06,40.2282
0,92,50,0,1.785e-06,40.2269
0,93,50,0,0,40.2258
0,94,50,0,4.4625e-06,40.2245
0,95,50,0,0,40.2237
0,96,50,0,5.3625e-06,40.2241
0,97,50,0,0,40.2248
0,98,50,0,8.925e-06,40.2256
0,99,50,0,0,40.2236
0,100,50,0,0,40.2217
0,101,50,0,4.4625e-06,40.2198
0,102,50,0,4.4625e-06,40.2181
0,103,50,0,0,40.2166
0,104,50,0,0,40.2155
0,105,50,0,0,40.2148
0,106,50,0,0,40.215
0,107,50,0,3.2175e-06,40.2155
0,108,50,0,0,40.2151
0,109,50,0,0,40.2149
0,110,50,0,0,40.2145
0,111,50,0,0,40.2137
0,112,50,0,0,40.2132
0,113,50,0,8.0325e-06,40.2123
0,114,50,0,0,40.2108
0,115,50,0,0,40.2094
0,116,50,0,1.46475e-05,40.209
0,117,50,0,0,40.2076
0,118,50,0,0,40.2071
0,119,50,0,7.5075e-06,40.2067
0,120,50,0,0,40.2063
0,121,50,0,6.2475e-06,40.2061
0,122,50,0,0,40.2056
0,123,50,0,0,40.206
0,124,50,0,1.179e-05,40.2057
0,125,50,0,0,40.2041
0,126,50,0,2.145e-06,40.2032
0,127,50,0,3.2175e-06,40.2025
0,0,51,0,1.85006e-05,40.4468
0,1,51,0,0,40.4444
0,2,51,0,0,40.4423
0,3,51,0,0,40.4402
0,4,51,0,0,40.4382
0,5,51,0,0,40.4361
0,6,51,0,0,40.4339
0,7,51,0,0,40.4316
0,8,51,0,0,40.429
0,9,51,0,0,40.4262
0,10,51,0,0,40.4236
0,11,51,0,0,40.4208
0,12,51,0,0,40.4175
0,13,51,0,0,40.4141
0,14,51,0,0,40.4104
0,15,51,0,0,40.4062
0,16,51,0,0,40.4016
0,17,51,0,0,40.3969
0,18,51,0,0,40.3922
0,19,51,0,0,40.3877
0,20,51,0,0,40.3831
0,21,51,0,0,40.3785
0,22,51,0,0,40.3739
0,23,51,0,0,40.3694
0,24,51,0,0,40.3649
0,25,51,0,0,40.3606
0,26,51,0,0,40.3563
0,27,51,0,0,40.352
0,28,51,0,0,40.3475
0,29,51,0,0,40.3432
0,30,51,0,0,40.3391
0,31,51,0,0,40.335
0,32,51,0,0,40.3311
0,33,51,0,0,40.3272
0,34,51,0,0,40.3236
0,35,51,0,0,40.3201
0,36,51,0,0,40.3168
0,37,51,0,0,40.3135
0,38,51,0,0,40.3104
0,39,51,0,0,40.3072
0,40,51,0,0,40.304
0,41,51,0,0,40.3012
0,42,51,0,0,40.2985
0,43,51,0,0,40.2958
0,44,51,0,0,40.2931
0,45,51,0,0,40.2904
0,46,51,0,0,40.288
0,47,51,0,0,40.2858
0,48,51,0,0,40.2841
0,49,51,0,0,40.283
0,50,51,0,0,40.2819
0,51,51,0,0,40.2806
0,52,51,0,0,40.2791
0,53,51,0,0,40.2773
0,54,51,0,0,40.2755
0,55,51,0,0,40.2742
0,56,51,0,0,40.273
0,57,51,0,0,40.2719
0,58,51,0,0,40.2707
0,59,51,0,0,40.2693
0,60,51,0,0,40.268
0,61,51,0,0,40.2667
0,62,51,0,0,40.2656
0,63,51,0,0,40.2647
0,64,51,0,1.85006e-05,40.2641
0,65,51,0,0,40.2605
0,66,51,0,0,40.2569
0,67,51,0,0,40.2535
0,68,51,0,0,40.2501
0,69,51,0,0,40.2469
0,70,51,0,0,40.244
0,71,51,0,0,40.2413
0,72,51,0,0,40.2391
0,73,51,0,0,40.2373
0,74,51,0,0,40.2357
0,75,51,0,0,40.234
0,76,51,0,0,40.2325
0,77,51,0,0,40.2313
0,78,51,0,0,40.2303
0,79,51,0,0,40.2296
0,80,51,0,0,40.2292
0,81,51,0,0,40.2288
0,82,51,0,0,40.2283
0,83,51,0,0,40.2275
0,84,51,0,0,40.2265
0,85,51,0,0,40.2256
0,86,51,0,0,40.2247
0,87,51,0,0,40.2241
0,88,51,0,0,40.2238
0,89,51,0,0,40.2236
0,90,51,0,0,40.2232
0,91,51,0,0,40.2225
0,92,51,0,0,40.2215
0,93,51,0,0,40.2206
0,94,51,0,0,40.2197
0,95,51,0,0,40.219
0,96,51,0,0,40.2189
0,97,51,0,0,40.2189
0,98,51,0,0,40.2186
0,99,51,0,0,40.2175
0,100,51,0,0,40.2161
0,101,51,0,0,40.2147
0,102,51,0,0,40.2133
0,103,51,0,0,40.2121
0,104,51,0,0,40.2112
0,105,51,0,0,40.2105
0,106,51,0,0,40.2103
0,107,51,0,0,40.2102
0,108,51,0,0,40.2098
0,109,51,0,0,40.2095
0,110,51,0,0,40.209
0,111,51,0,0,40.2084
0,112,51,0,0,40.2077
0,113,51,0,0,40.2069
0,114,51,0,0,40.2058
0,115,51,0,0,40.2048
0,116,51,0,0,40.204
0,117,51,0,0,40.2032
0,118,51,0,0,40.2025
0,119,51,0,0,40.2021
0,120,51,0,0,40.2017
0,121,51,0,0,40.2013
0,122,51,0,0,40.201
0,123,51,0,0,40.2008
0,124,51,0,0,40.2004
0,125,51,0,0,40.1996
0,126,51,0,0,40.1989
0,127,51,0,0,40.1982
0,0,52,0,1.85006e-05,40.4313
0,1,52,0,0,40.4288
0,2,52,0,0,40.4265
0,3,52,0,0,40.4243
0,4,52,0,0,40.4222
0,5,52,0,0,40.42
0,6,52,0,0,40.4178
0,7,52,0,0,40.4154
0,8,52,0,0,40.4129
0,9,52,0,0,40.4103
0,10,52,0,0,40.4076
0,11,52,0,0,40.4048
0,12,52,0,0,40.4017
0,13,52,0,0,40.3984
0,14,52,0,0,40.3948
0,15,52,0,0,40.391
0,16,52,0,0,40.3869
0,17,52,0,0,40.3827
0,18,52,0,0,40.3784
0,19,52,0,0,40.3742
0,20,52,0,0,40.3699
0,21,52,0,0,40.3656
0,22,52,0,0,40.3614
0,23,52,0,0,40.3571
0,24,52,0,0,40.353
0,25,52,0,0,40.3488
0,26,52,0,0,40.3448
0,27,52,0,0,40.3407
0,28,52,0,0,40.3367
0,29,52,0,0,40.3327
0,30,52,0,0,40.3288
0,31,52,0,0,40.325
0,32,52,0,0,40.3213
0,33,52,0,0,40.3177
0,34,52,0,0,40.3143
0,35,52,0,0,40.311
0,36,52,0,0,40.3078
0,37,52,0,0,40.3047
0,38,52,0,0,40.3017
0,39,52,0,0,40.2987
0,40,52,0,0,40.2959
0,41,52,0,0,40.2932
0,42,52,0,0,40.2905
0,43,52,0,0,40.288
0,44,52,0,0,40.2855
0,45,52,0,0,40.2831
0,46,52,0,0,40.2809
0,47,52,0,0,40.2789
0,48,52,0,0,40.2773
0,49,52,0,0,40.2759
0,50,52,0,0,40.2746
0,51,52,0,0,40.2733
0,52,52,0,0,40.2719
0,53,52,0,0,40.2704
0,54,52,0,0,40.269
0,55,52,0,0,40.2677
0,56,52,0,0,40.2665
0,57,52,0,0,40.2654
0,58,52,0,0,40.2643
0,59,52,0,0,40.2632
0,60,52,0,0,40.2621
0,61,52,0,0,40.2611
0,62,52,0,0,40.2601
0,63,52,0,0,40.2594
0,64,52,0,1.85006e-05,40.2589
0,65,52,0,0,40.2554
0,66,52,0,0,40.252
0,67,52,0,0,40.2488
0,68,52,0,0,40.2457
0,69,52,0,0,40.2427
0,70,52,0,0,40.24
0,71,52,0,0,40.2375
0,72,52,0,0,40.2354
0,73,52,0,0,40.2335
0,74,52,0,0,40.2318
0,75,52,0,0,40.2302
0,76,52,0,0,40.2288
0,77,52,0,0,40.2275
0,78,52,0,0,40.2265
0,79,52,0,0,40.2257
0,80,52,0,0,40.225
0,81,52,0,0,40.2244
0,82,52,0,0,40.2237
0,83,52,0,0,40.223
0,84,52,0,0,40.2221
0,85,52,0,0,40.2213
0,86,52,0,0,40.2205
0,87,52,0,0,40.2199
0,88,52,0,0,40.2194
0,89,52,0,0,40.219
0,90,52,0,0,40.2184
0,91,52,0,0,40.2178
0,92,52,0,0,40.217
0,93,52,0,0,40.2162
0,94,52,0,0,40.2154
0,95,52,0,0,40.2148
0,96,52,0,0,40.2144
0,97,52,0,0,40.214
0,98,52,0,0,40.2134
0,99,52,0,0,40.2126
0,100,52,0,0,40.2115
0,101,52,0,0,40.2103
0,102,52,0,0,40.2092
0,103,52,0,0,40.2082
0,104,52,0,0,40.2073
0,105,52,0,0,40.2067
0,106,52,0,0,40.2062
0,107,52,0,0,40.2059
0,108,52,0,0,40.2054
0,109,52,0,0,40.205
0,110,52,0,0,40.2045
0,111,52,0,0,40.2039
0,112,52,0,0,40.2032
0,113,52,0,0,40.2024
0,114,52,0,0,40.2016
0,115,52,0,0,40.2007
0,116,52,0,0,40.2
0,117,52,0,0,40.1993
0,118,52,0,0,40.1987
0,119,52,0,0,40.1982
0,120,52,0,0,40.1977
0,121,52,0,0,40.1973
0,122,52,0,0,40.197
0,123,52,0,0,40.1966
0,124,52,0,0,40.1962
0,125,52,0,0,40.1957
0,126,52,0,0,40.1952
0,127,52,0,0,40.1947
0,0,53,0,1.85006e-05,40.4172
0,1,53,0,0,40.4146
0,2,53,0,0,40.4122
0,3,53,0,0,40.4099
0,4,53,0,0,40.4077
0,5,53,0,0,40.4055
0,6,53,0,0,40.4032
0,7,53,0,0,40.4008
0,8,53,0,0,40.3984
0,9,53,0,0,40.3958
0,10,53,0,0,40.3932
0,11,53,0,0,40.3904
0,12,53,0,0,40.3875
0,13,53,0,0,40.3843
0,14,53,0,0,40.381
0,15,53,0,0,40.3774
0,16,53,0,0,40.3737
0,17,53,0,0,40.3699
0,18,53,0,0,40.3659
0,19,53,0,0,40.362
0,20,53,0,0,40.358
0,21,53,0,0,40.354
0,22,53,0,0,40.3501
0,23,53,0,0,40.3461
0,24,53,0,0,40.3422
0,25,53,0,0,40.3383
0,26,53,0,0,40.3345
0,27,53,0,0,40.3307
0,28,53,0,0,40.3269
0,29,53,0,0,40.3232
0,30,53,0,0,40.3196
0,31,53,0,0,40.316
0,32,53,0,0,40.3126
0,33,53,0,0,40.3092
0,34,53,0,0,40.306
0,35,53,0,0,40.3029
0,36,53,0,0,40.2999
0,37,53,0,0,40.2969
0,38,53,0,0,40.2941
0,39,53,0,0,40.2913
0,40,53,0,0,40.2886
0,41,53,0,0,40.2861
0,42,53,0,0,40.2836
0,43,53,0,0,40.2812
0,44,53,0,0,40.2789
0,45,53,0,0,40.2767
0,46,53,0,0,40.2746
0,47,53,0,0,40.2728
0,48,53,0,0,40.2712
0,49,53,0,0,40.2697
0,50,53,0,0,40.2684
0,51,53,0,0,40.2671
0,52,53,0,0,40.2658
0,53,53,0,0,40.2645
0,54,53,0,0,40.2632
0,55,53,0,0,40.2621
0,56,53,0,0,40.261
0,57,53,0,0,40.26
0,58,53,0,0,40.259
0,59,53,0,0,40.258
0,60,53,0,0,40.2571
0,61,53,0,0,40.2563
0,62,53,0,0,40.2555
0,63,53,0,0,40.255
0,64,53,0,1.85006e-05,40.2545
0,65,53,0,0,40.2512
0,66,53,0,0,40.248
0,67,53,0,0,40.2449
0,68,53,0,0,40.242
0,69,53,0,0,40.2392
0,70,53,0,0,40.2367
0,71,53,0,0,40.2343
0,72,53,0,0,40.2322
0,73,53,0,0,40.2303
0,74,53,0,0,40.2286
0,75,53,0,0,40.2271
0,76,53,0,0,40.2257
0,77,53,0,0,40.2244
0,78,53,0,0,40.2234
0,79,53,0,0,40.2224
0,80,53,0,0,40.2216
0,81,53,0,0,40.2209
0,82,53,0,0,40.2201
0,83,53,0,0,40.2194
0,84,53,0,0,40.2186
0,85,53,0,0,40.2178
0,86,53,0,0,40.2171
0,87,53,0,0,40.2164
0,88,53,0,0,40.2158
0,89,53,0,0,40.2153
0,90,53,0,0,40.2147
0,91,53,0,0,40.214
0,92,53,0,0,40.2133
0,93,53,0,0,40.2126
0,94,53,0,0,40.2119
0,95,53,0,0,40.2112
0,96,53,0,0,40.2106
0,97,53,0,0,40.2101
0,98,53,0,0,40.2094
0,99,53,0,0,40.2086
0,100,53,0,0,40.2077
0,101,53,0,0,40.2067
0,102,53,0,0,40.2058
0,103,53,0,0,40.2049
0,104,53,0,0,40.2041
0,105,53,0,0,40.2034
0,106,53,0,0,40.2029
0,107,53,0,0,40.2024
0,108,53,0,0,40.2019
0,109,53,0,0,40.2014
0,110,53,0,0,40.2008
0,111,53,0,0,40.2002
0,112,53,0,0,40.1995
0,113,53,0,0,40.1988
0,114,53,0,0,40.1981
0,115,53,0,0,40.1974
0,116,53,0,0,40.1967
0,117,53,0,0,40.196
0,118,53,0,0,40.1954
0,119,53,0,0,40.1949
0,120,53,0,0,40.1945
0,121,53,0,0,40.1941
0,122,53,0,0,40.1937
0,123,53,0,0,40.1933
0,124,53,0,0,40.1929
0,125,53,0,0,40.1925
0,126,53,0,0,40.1921
0,127,53,0,0,40.1918
0,0,54,0,1.85006e-05,40.4044
0,1,54,0,0,40.4017
0,2,54,0,0,40.3993
0,3,54,0,0,40.3969
0,4,54,0,0,40.3946
0,5,54,0,0,40.3924
0,6,54,0,0,40.3901
0,7,54,0,0,40.3878
0,8,54,0,0,40.3854
0,9,54,0,0,40.3829
0,10,54,0,0,40.3803
0,11,54,0,0,40.3777
0,12,54,0,0,40.3748
0,13,54,0,0,40.3719
0,14,54,0,0,40.3687
0,15,54,0,0,40.3654
0,16,54,0,0,40.362
0,17,54,0,0,40.3584
0,18,54,0,0,40.3548
0,19,54,0,0,40.3511
0,20,54,0,0,40.3474
0,21,54,0,0,40.3437
0,22,54,0,0,40.34
0,23,54,0,0,40.3363
0,24,54,0,0,40.3326
0,25,54,0,0,40.329
0,26,54,0,0,40.3253
0,27,54,0,0,40.3218
0,28,54,0,0,40.3182
0,29,54,0,0,40.3148
0,30,54,0,0,40.3114
0,31,54,0,0,40.3081
0,32,54,0,0,40.3049
0,33,54,0,0,40.3017
0,34,54,0,0,40.2987
0,35,54,0,0,40.2958
0,36,54,0,0,40.2929
0,37,54,0,0,40.2902
0,38,54,0,0,40.2875
0,39,54,0,0,40.2849
0,40,54,0,0,40.2823
0,41,54,0,0,40.2799
0,42,54,0,0,40.2775
0,43,54,0,0,40.2753
0,44,54,0,0,40.2731
0,45,54,0,0,40.2711
0,46,54,0,0,40.2692
0,47,54,0,0,40.2674
0,48,54,0,0,40.2659
0,49,54,0,0,40.2644
0,50,54,0,0,40.2631
0,51,54,0,0,40.2619
0,52,54,0,0,40.2607
0,53,54,0,0,40.2595
0,54,54,0,0,40.2584
0,55,54,0,0,40.2574
0,56,54,0,0,40.2564
0,57,54,0,0,40.2555
0,58,54,0,0,40.2546
0,59,54,0,0,40.2538
0,60,54,0,0,40.2531
0,61,54,0,0,40.2524
0,62,54,0,0,40.2518
0,63,54,0,0,40.2513
0,64,54,0,1.85006e-05,40.251
0,65,54,0,0,40.2478
0,66,54,0,0,40.2447
0,67,54,0,0,40.2418
0,68,54,0,0,40.239
0,69,54,0,0,40.2364
0,70,54,0,0,40.234
0,71,54,0,0,40.2317
0,72,54,0,0,40.2297
0,73,54,0,0,40.2279
0,74,54,0,0,40.2262
0,75,54,0,0,40.2246
0,76,54,0,0,40.2233
0,77,54,0,0,40.222
0,78,54,0,0,40.2209
0,79,54,0,0,40.2199
0,80,54,0,0,40.219
0,81,54,0,0,40.2182
0,82,54,0,0,40.2174
0,83,54,0,0,40.2166
0,84,54,0,0,40.2158
0,85,54,0,0,40.2151
0,86,54,0,0,40.2143
0,87,54,0,0,40.2136
0,88,54,0,0,40.213
0,89,54,0,0,40.2124
0,90,54,0,0,40.2117
0,91,54,0,0,40.2111
0,92,54,0,0,40.2104
0,93,54,0,0,40.2097
0,94,54,0,0,40.209
0,95,54,0,0,40.2084
0,96,54,0,0,40.2077
0,97,54,0,0,40.2071
0,98,54,0,0,40.2064
0,99,54,0,0,40.2056
0,100,54,0,0,40.2048
0,101,54,0,0,40.2039
0,102,54,0,0,40.203
0,103,54,0,0,40.2022
0,104,54,0,0,40.2015
0,105,54,0,0,40.2008
0,106,54,0,0,40.2002
0,107,54,0,0,40.1997
0,108,54,0,0,40.1991
0,109,54,0,0,40.1985
0,110,54,0,0,40.198
0,111,54,0,0,40.1973
0,112,54,0,0,40.1967
0,113,54,0,0,40.196
0,114,54,0,0,40.1954
0,115,54,0,0,40.1947
0,116,54,0,0,40.194
0,117,54,0,0,40.1934
0,118,54,0,0,40.1929
0,119,54,0,0,40.1924
0,120,54,0,0,40.1919
0,121,54,0,0,40.1915
0,122,54,0,0,40.1911
0,123,54,0,0,40.1907
0,124,54,0,0,40.1904
0,125,54,0,0,40.19
0,126,54,0,0,40.1897
0,127,54,0,0,40.1895
0,0,55,0,1.85006e-05,40.3928
0,1,55,0,0,40.3901
0,2,55,0,0,40.3877
0,3,55,0,0,40.3853
0,4,55,0,0,40.383
0,5,55,0,0,40.3807
0,6,55,0,0,40.3784
0,7,55,0,0,40.3762
0,8,55,0,0,40.3738
0,9,55,0,0,40.3714
0,10,55,0,0,40.3689
0,11,55,0,0,40.3664
0,12,55,0,0,40.3637
0,13,55,0,0,40.3608
0,14,55,0,0,40.3579
0,15,55,0,0,40.3548
0,16,55,0,0,40.3516
0,17,55,0,0,40.3483
0,18,55,0,0,40.345
0,19,55,0,0,40.3416
0,20,55,0,0,40.3381
0,21,55,0,0,40.3346
0,22,55,0,0,40.3311
0,23,55,0,0,40.3277
0,24,55,0,0,40.3242
0,25,55,0,0,40.3207
0,26,55,0,0,40.3173
0,27,55,0,0,40.314
0,28,55,0,0,40.3107
0,29,55,0,0,40.3074
0,30,55,0,0,40.3042
0,31,55,0,0,40.3011
0,32,55,0,0,40.2981
0,33,55,0,0,40.2952
0,34,55,0,0,40.2924
0,35,55,0,0,40.2896
0,36,55,0,0,40.2869
0,37,55,0,0,40.2843
0,38,55,0,0,40.2818
0,39,55,0,0,40.2793
0,40,55,0,0,40.277
0,41,55,0,0,40.2746
0,42,55,0,0,40.2724
0,43,55,0,0,40.2703
0,44,55,0,0,40.2683
0,45,55,0,0,40.2663
0,46,55,0,0,40.2645
0,47,55,0,0,40.2629
0,48,55,0,0,40.2614
0,49,55,0,0,40.26
0,50,55,0,0,40.2588
0,51,55,0,0,40.2576
0,52,55,0,0,40.2565
0,53,55,0,0,40.2554
0,54,55,0,0,40.2545
0,55,55,0,0,40.2535
0,56,55,0,0,40.2527
0,57,55,0,0,40.2519
0,58,55,0,0,40.2512
0,59,55,0,0,40.2505
0,60,55,0,0,40.2498
0,61,55,0,0,40.2493
0,62,55,0,0,40.2488
0,63,55,0,0,40.2485
0,64,55,0,1.85006e-05,40.2483
0,65,55,0,0,40.2452
0,66,55,0,0,40.2422
0,67,55,0,0,40.2394
0,68,55,0,0,40.2368
0,69,55,0,0,40.2343
0,70,55,0,0,40.232
0,71,55,0,0,40.2298
0,72,55,0,0,40.2279
0,73,55,0,0,40.2261
0,74,55,0,0,40.2244
0,75,55,0,0,40.2229
0,76,55,0,0,40.2215
0,77,55,0,0,40.2203
0,78,55,0,0,40.2192
0,79,55,0,0,40.2181
0,80,55,0,0,40.2172
0,81,55,0,0,40.2163
0,82,55,0,0,40.2155
0,83,55,0,0,40.2146
0,84,55,0,0,40.2138
0,85,55,0,0,40.2131
0,86,55,0,0,40.2123
0,87,55,0,0,40.2116
0,88,55,0,0,40.211
0,89,55,0,0,40.2103
0,90,55,0,0,40.2097
0,91,55,0,0,40.209
0,92,55,0,0,40.2083
0,93,55,0,0,40.2076
0,94,55,0,0,40.2069
0,95,55,0,0,40.2062
0,96,55,0,0,40.2056
0,97,55,0,0,40.2049
0,98,55,0,0,40.2042
0,99,55,0,0,40.2034
0,100,55,0,0,40.2026
0,101,55,0,0,40.2018
0,102,55,0,0,40.201
0,103,55,0,0,40.2003
0,104,55,0,0,40.1996
0,105,55,0,0,40.1989
0,106,55,0,0,40.1983
0,107,55,0,0,40.1977
0,108,55,0,0,40.1971
0,109,55,0,0,40.1965
0,110,55,0,0,40.1959
0,111,55,0,0,40.1953
0,112,55,0,0,40.1946
0,113,55,0,0,40.194
0,114,55,0,0,40.1933
0,115,55,0,0,40.1927
0,116,55,0,0,40.1921
0,117,55,0,0,40.1915
0,118,55,0,0,40.191
0,119,55,0,0,40.1905
0,120,55,0,0,40.19
0,121,55,0,0,40.1896
0,122,55,0,0,40.1892
0,123,55,0,0,40.1889
0,124,55,0,0,40.1885
0,125,55,0,0,40.1882
0,126,55,0,0,40.188
0,127,55,0,0,40.1878
0,0,56,0,1.85006e-05,40.3824
0,1,56,0,0,40.3798
0,2,56,0,0,40.3773
0,3,56,0,0,40.3749
0,4,56,0,0,40.3726
0,5,56,0,0,40.3704
0,6,56,0,0,40.3682
0,7,56,0,0,40.3659
0,8,56,0,0,40.3636
0,9,56,0,0,40.3613
0,10,56,0,0,40.3589
0,11,56,0,0,40.3565
0,12,56,0,0,40.3539
0,13,56,0,0,40.3512
0,14,56,0,0,40.3485
0,15,56,0,0,40.3456
0,16,56,0,0,40.3426
0,17,56,0,0,40.3396
0,18,56,0,0,40.3364
0,19,56,0,0,40.3332
0,20,56,0,0,40.33
0,21,56,0,0,40.3267
0,22,56,0,0,40.3234
0,23,56,0,0,40.3202
0,24,56,0,0,40.3169
0,25,56,0,0,40.3136
0,26,56,0,0,40.3104
0,27,56,0,0,40.3072
0,28,56,0,0,40.3041
0,29,56,0,0,40.3011
0,30,56,0,0,40.2981
0,31,56,0,0,40.2952
0,32,56,0,0,40.2924
0,33,56,0,0,40.2897
0,34,56,0,0,40.287
0,35,56,0,0,40.2844
0,36,56,0,0,40.2819
0,37,56,0,0,40.2795
0,38,56,0,0,40.2771
0,39,56,0,0,40.2748
0,40,56,0,0,40.2725
0,41,56,0,0,40.2703
0,42,56,0,0,40.2682
0,43,56,0,0,40.2662
0,44,56,0,0,40.2642
0,45,56,0,0,40.2624
0,46,56,0,0,40.2607
0,47,56,0,0,40.2592
0,48,56,0,0,40.2577
0,49,56,0,0,40.2564
0,50,56,0,0,40.2552
0,51,56,0,0,40.2542
0,52,56,0,0,40.2532
0,53,56,0,0,40.2522
0,54,56,0,0,40.2514
0,55,56,0,0,40.2506
0,56,56,0,0,40.2499
0,57,56,0,0,40.2492
0,58,56,0,0,40.2486
0,59,56,0,0,40.248
0,60,56,0,0,40.2475
0,61,56,0,0,40.2471
0,62,56,0,0,40.2467
0,63,56,0,0,40.2465
0,64,56,0,1.85006e-05,40.2464
0,65,56,0,0,40.2434
0,66,56,0,0,40.2405
0,67,56,0,0,40.2378
0,68,56,0,0,40.2353
0,69,56,0,0,40.2329
0,70,56,0,0,40.2307
0,71,56,0,0,40.2286
0,72,56,0,0,40.2267
0,73,56,0,0,40.2249
0,74,56,0,0,40.2233
0,75,56,0,0,40.2218
0,76,56,0,0,40.2205
0,77,56,0,0,40.2192
0,78,56,0,0,40.2181
0,79,56,0,0,40.2171
0,80,56,0,0,40.2161
0,81,56,0,0,40.2152
0,82,56,0,0,40.2143
0,83,56,0,0,40.2134
0,84,56,0,0,40.2126
0,85,56,0,0,40.2119
0,86,56,0,0,40.2111
0,87,56,0,0,40.2104
0,88,56,0,0,40.2097
0,89,56,0,0,40.209
0,90,56,0,0,40.2083
0,91,56,0,0,40.2077
0,92,56,0,0,40.207
0,93,56,0,0,40.2063
0,94,56,0,0,40.2056
0,95,56,0,0,40.2049
0,96,56,0,0,40.2042
0,97,56,0,0,40.2035
0,98,56,0,0,40.2027
0,99,56,0,0,40.202
0,100,56,0,0,40.2012
0,101,56,0,0,40.2005
0,102,56,0,0,40.1997
0,103,56,0,0,40.199
0,104,56,0,0,40.1983
0,105,56,0,0,40.1977
0,106,56,0,0,40.1971
0,107,56,0,0,40.1964
0,108,56,0,0,40.1958
0,109,56,0,0,40.1952
0,110,56,0,0,40.1945
0,111,56,0,0,40.1939
0,112,56,0,0,40.1933
0,113,56,0,0,40.1926
0,114,56,0,0,40.192
0,115,56,0,0,40.1914
0,116,56,0,0,40.1908
0,117,56,0,0,40.1903
0,118,56,0,0,40.1898
0,119,56,0,0,40.1893
0,120,56,0,0,40.1888
0,121,56,0,0,40.1884
0,122,56,0,0,40.188
0,123,56,0,0,40.1877
0,124,56,0,0,40.1873
0,125,56,0,0,40.1871
0,126,56,0,0,40.1868
0,127,56,0,0,40.1867
0,0,57,0,1.85006e-05,40.3733
0,1,57,0,0,40.3706
0,2,57,0,0,40.3682
0,3,57,0,0,40.3658
0,4,57,0,0,40.3636
0,5,57,0,0,40.3614
0,6,57,0,0,40.3592
0,7,57,0,0,40.357
0,8,57,0,0,40.3548
0,9,57,0,0,40.3526
0,10,57,0,0,40.3503
0,11,57,0,0,40.3479
0,12,57,0,0,40.3455
0,13,57,0,0,40.343
0,14,57,0,0,40.3404
0,15,57,0,0,40.3377
0,16,57,0,0,40.3349
0,17,57,0,0,40.3321
0,18,57,0,0,40.3291
0,19,57,0,0,40.3261
0,20,57,0,0,40.3231
0,21,57,0,0,40.32
0,22,57,0,0,40.3169
0,23,57,0,0,40.3138
0,24,57,0,0,40.3107
0,25,57,0,0,40.3076
0,26,57,0,0,40.3045
0,27,57,0,0,40.3015
0,28,57,0,0,40.2986
0,29,57,0,0,40.2957
0,30,57,0,0,40.2929
0,31,57,0,0,40.2902
0,32,57,0,0,40.2876
0,33,57,0,0,40.2851
0,34,57,0,0,40.2826
0,35,57,0,0,40.2802
0,36,57,0,0,40.2778
0,37,57,0,0,40.2755
0,38,57,0,0,40.2733
0,39,57,0,0,40.2711
0,40,57,0,0,40.2689
0,41,57,0,0,40.2669
0,42,57,0,0,40.2648
0,43,57,0,0,40.2629
0,44,57,0,0,40.2611
0,45,57,0,0,40.2593
0,46,57,0,0,40.2577
0,47,57,0,0,40.2562
0,48,57,0,0,40.2549
0,49,57,0,0,40.2537
0,50,57,0,0,40.2526
0,51,57,0,0,40.2516
0,52,57,0,0,40.2507
0,53,57,0,0,40.2499
0,54,57,0,0,40.2491
0,55,57,0,0,40.2485
0,56,57,0,0,40.2479
0,57,57,0,0,40.2473
0,58,57,0,0,40.2468
0,59,57,0,0,40.2464
0,60,57,0,0,40.246
0,61,57,0,0,40.2457
0,62,57,0,0,40.2454
0,63,57,0,0,40.2453
0,64,57,0,1.85006e-05,40.2452
0,65,57,0,0,40.2423
0,66,57,0,0,40.2396
0,67,57,0,0,40.237
0,68,57,0,0,40.2345
0,69,57,0,0,40.2322
0,70,57,0,0,40.2301
0,71,57,0,0,40.228
0,72,57,0,0,40.2262
0,73,57,0,0,40.2245
0,74,57,0,0,40.2229
0,75,57,0,0,40.2214
0,76,57,0,0,40.2201
0,77,57,0,0,40.2189
0,78,57,0,0,40.2178
0,79,57,0,0,40.2167
0,80,57,0,0,40.2157
0,81,57,0,0,40.2148
0,82,57,0,0,40.2139
0,83,57,0,0,40.213
0,84,57,0,0,40.2122
0,85,57,0,0,40.2114
0,86,57,0,0,40.2106
0,87,57,0,0,40.2099
0,88,57,0,0,40.2092
0,89,57,0,0,40.2085
0,90,57,0,0,40.2078
0,91,57,0,0,40.2071
0,92,57,0,0,40.2065
0,93,57,0,0,40.2058
0,94,57,0,0,40.205
0,95,57,0,0,40.2043
0,96,57,0,0,40.2036
0,97,57,0,0,40.2028
0,98,57,0,0,40.2021
0,99,57,0,0,40.2013
0,100,57,0,0,40.2006
0,101,57,0,0,40.1999
0,102,57,0,0,40.1992
0,103,57,0,0,40.1985
0,104,57,0,0,40.1978
0,105,57,0,0,40.1972
0,106,57,0,0,40.1965
0,107,57,0,0,40.1959
0,108,57,0,0,40.1952
0,109,57,0,0,40.1946
0,110,57,0,0,40.1939
0,111,57,0,0,40.1933
0,112,57,0,0,40.1926
0,113,57,0,0,40.192
0,114,57,0,0,40.1914
0,115,57,0,0,40.1908
0,116,57,0,0,40.1903
0,117,57,0,0,40.1897
0,118,57,0,0,40.1892
0,119,57,0,0,40.1887
0,120,57,0,0,40.1883
0,121,57,0,0,40.1879
0,122,57,0,0,40.1875
0,123,57,0,0,40.1871
0,124,57,0,0,40.1868
0,125,57,0,0,40.1865
0,126,57,0,0,40.1863
0,127,57,0,0,40.1862
0,0,58,0,1.85006e-05,40.3653
0,1,58,0,0,40.3627
0,2,58,0,0,40.3602
0,3,58,0,0,40.3579
0,4,58,0,0,40.3557
0,5,58,0,0,40.3536
0,6,58,0,0,40.3515
0,7,58,0,0,40.3493
0,8,58,0,0,40.3472
0,9,58,0,0,40.3451
0,10,58,0,0,40.3429
0,11,58,0,0,40.3407
0,12,58,0,0,40.3384
0,13,58,0,0,40.336
0,14,58,0,0,40.3336
0,15,58,0,0,40.3311
0,16,58,0,0,40.3285
0,17,58,0,0,40.3258
0,18,58,0,0,40.323
0,19,58,0,0,40.3202
0,20,58,0,0,40.3173
0,21,58,0,0,40.3144
0,22,58,0,0,40.3115
0,23,58,0,0,40.3085
0,24,58,0,0,40.3055
0,25,58,0,0,40.3026
0,26,58,0,0,40.2997
0,27,58,0,0,40.2968
0,28,58,0,0,40.294
0,29,58,0,0,40.2913
0,30,58,0,0,40.2887
0,31,58,0,0,40.2862
0,32,58,0,0,40.2838
0,33,58,0,0,40.2814
0,34,58,0,0,40.2791
0,35,58,0,0,40.2769
0,36,58,0,0,40.2747
0,37,58,0,0,40.2725
0,38,58,0,0,40.2704
0,39,58,0,0,40.2683
0,40,58,0,0,40.2663
0,41,58,0,0,40.2643
0,42,58,0,0,40.2624
0,43,58,0,0,40.2605
0,44,58,0,0,40.2587
0,45,58,0,0,40.257
0,46,58,0,0,40.2555
0,47,58,0,0,40.2541
0,48,58,0,0,40.2528
0,49,58,0,0,40.2517
0,50,58,0,0,40.2507
0,51,58,0,0,40.2498
0,52,58,0,0,40.249
0,53,58,0,0,40.2483
0,54,58,0,0,40.2477
0,55,58,0,0,40.2472
0,56,58,0,0,40.2467
0,57,58,0,0,40.2463
0,58,58,0,0,40.246
0,59,58,0,0,40.2456
0,60,58,0,0,40.2453
0,61,58,0,0,40.2451
0,62,58,0,0,40.2449
0,63,58,0,0,40.2448
0,64,58,0,1.85006e-05,40.2449
0,65,58,0,0,40.242
0,66,58,0,0,40.2394
0,67,58,0,0,40.2368
0,68,58,0,0,40.2344
0,69,58,0,0,40.2322
0,70,58,0,0,40.2301
0,71,58,0,0,40.2282
0,72,58,0,0,40.2264
0,73,58,0,0,40.2247
0,74,58,0,0,40.2232
0,75,58,0,0,40.2217
0,76,58,0,0,40.2204
0,77,58,0,0,40.2193
0,78,58,0,0,40.2181
0,79,58,0,0,40.2171
0,80,58,0,0,40.2161
0,81,58,0,0,40.2151
0,82,58,0,0,40.2142
0,83,58,0,0,40.2133
0,84,58,0,0,40.2125
0,85,58,0,0,40.2116
0,86,58,0,0,40.2109
0,87,58,0,0,40.2101
0,88,58,0,0,40.2094
0,89,58,0,0,40.2087
0,90,58,0,0,40.208
0,91,58,0,0,40.2074
0,92,58,0,0,40.2067
0,93,58,0,0,40.206
0,94,58,0,0,40.2053
0,95,58,0,0,40.2045
0,96,58,0,0,40.2037
0,97,58,0,0,40.203
0,98,58,0,0,40.2022
0,99,58,0,0,40.2014
0,100,58,0,0,40.2007
0,101,58,0,0,40.2
0,102,58,0,0,40.1993
0,103,58,0,0,40.1987
0,104,58,0,0,40.198
0,105,58,0,0,40.1974
0,106,58,0,0,40.1968
0,107,58,0,0,40.1961
0,108,58,0,0,40.1954
0,109,58,0,0,40.1947
0,110,58,0,0,40.194
0,111,58,0,0,40.1933
0,112,58,0,0,40.1927
0,113,58,0,0,40.1921
0,114,58,0,0,40.1915
0,115,58,0,0,40.1909
0,116,58,0,0,40.1903
0,117,58,0,0,40.1898
0,118,58,0,0,40.1893
0,119,58,0,0,40.1888
0,120,58,0,0,40.1884
0,121,58,0,0,40.188
0,122,58,0,0,40.1876
0,123,58,0,0,40.1872
0,124,58,0,0,40.1869
0,125,58,0,0,40.1867
0,126,58,0,0,40.1864
0,127,58,0,0,40.1862
0,0,59,0,1.85006e-05,40.3584
0,1,59,0,0,40.3558
0,2,59,0,0,40.3535
0,3,59,0,0,40.3513
0,4,59,0,0,40.3491
0,5,59,0,0,40.347
0,6,59,0,0,40.345
0,7,59,0,0,40.343
0,8,59,0,0,40.3409
0,9,59,0,0,40.3389
0,10,59,0,0,40.3368
0,11,59,0,0,40.3347
0,12,59,0,0,40.3326
0,13,59,0,0,40.3304
0,14,59,0,0,40.3281
0,15,59,0,0,40.3257
0,16,59,0,0,40.3233
0,17,59,0,0,40.3208
0,18,59,0,0,40.3181
0,19,59,0,0,40.3155
0,20,59,0,0,40.3128
0,21,59,0,0,40.31
0,22,59,0,0,40.3072
0,23,59,0,0,40.3043
0,24,59,0,0,40.3015
0,25,59,0,0,40.2986
0,26,59,0,0,40.2958
0,27,59,0,0,40.2931
0,28,59,0,0,40.2904
0,29,59,0,0,40.2879
0,30,59,0,0,40.2855
0,31,59,0,0,40.2832
0,32,59,0,0,40.2809
0,33,59,0,0,40.2787
0,34,59,0,0,40.2766
0,35,59,0,0,40.2745
0,36,59,0,0,40.2725
0,37,59,0,0,40.2705
0,38,59,0,0,40.2685
0,39,59,0,0,40.2665
0,40,59,0,0,40.2646
0,41,59,0,0,40.2626
0,42,59,0,0,40.2607
0,43,59,0,0,40.2589
0,44,59,0,0,40.2572
0,45,59,0,0,40.2556
0,46,59,0,0,40.2541
0,47,59,0,0,40.2527
0,48,59,0,0,40.2515
0,49,59,0,0,40.2505
0,50,59,0,0,40.2496
0,51,59,0,0,40.2488
0,52,59,0,0,40.2482
0,53,59,0,0,40.2477
0,54,59,0,0,40.2472
0,55,59,0,0,40.2468
0,56,59,0,0,40.2465
0,57,59,0,0,40.2462
0,58,59,0,0,40.246
0,59,59,0,0,40.2457
0,60,59,0,0,40.2456
0,61,59,0,0,40.2454
0,62,59,0,0,40.2453
0,63,59,0,0,40.2452
0,64,59,0,1.85006e-05,40.2453
0,65,59,0,0,40.2425
0,66,59,0,0,40.2399
0,67,59,0,0,40.2374
0,68,59,0,0,40.2351
0,69,59,0,0,40.2329
0,70,59,0,0,40.2309
0,71,59,0,0,40.229
0,72,59,0,0,40.2273
0,73,59,0,0,40.2256
0,74,59,0,0,40.2241
0,75,59,0,0,40.2228
0,76,59,0,0,40.2215
0,77,59,0,0,40.2203
0,78,59,0,0,40.2193
0,79,59,0,0,40.2182
0,80,59,0,0,40.2172
0,81,59,0,0,40.2162
0,82,59,0,0,40.2153
0,83,59,0,0,40.2144
0,84,59,0,0,40.2135
0,85,59,0,0,40.2126
0,86,59,0,0,40.2118
0,87,59,0,0,40.2111
0,88,59,0,0,40.2104
0,89,59,0,0,40.2097
0,90,59,0,0,40.2091
0,91,59,0,0,40.2084
0,92,59,0,0,40.2077
0,93,59,0,0,40.207
0,94,59,0,0,40.2063
0,95,59,0,0,40.2055
0,96,59,0,0,40.2047
0,97,59,0,0,40.2038
0,98,59,0,0,40.203
0,99,59,0,0,40.2022
0,100,59,0,0,40.2014
0,101,59,0,0,40.2008
0,102,59,0,0,40.2001
0,103,59,0,0,40.1996
0,104,59,0,0,40.199
0,105,59,0,0,40.1984
0,106,59,0,0,40.1977
0,107,59,0,0,40.1971
0,108,59,0,0,40.1963
0,109,59,0,0,40.1956
0,110,59,0,0,40.1948
0,111,59,0,0,40.1941
0,112,59,0,0,40.1934
0,113,59,0,0,40.1928
0,114,59,0,0,40.1922
0,115,59,0,0,40.1917
0,116,59,0,0,40.1911
0,117,59,0,0,40.1906
0,118,59,0,0,40.1901
0,119,59,0,0,40.1896
0,120,59,0,0,40.1891
0,121,59,0,0,40.1887
0,122,59,0,0,40.1883
0,123,59,0,0,40.188
0,124,59,0,0,40.1877
0,125,59,0,0,40.1874
0,126,59,0,0,40.1872
0,127,59,0,0,40.1869
0,0,60,0,1.85006e-05,40.3526
0,1,60,0,0,40.3501
0,2,60,0,0,40.3479
0,3,60,0,0,40.3458
0,4,60,0,0,40.3437
0,5,60,0,0,40.3417
0,6,60,0,0,40.3397
0,7,60,0,0,40.3378
0,8,60,0,0,40.3359
0,9,60,0,0,40.3339
0,10,60,0,0,40.332
0,11,60,0,0,40.33
0,12,60,0,0,40.328
0,13,60,0,0,40.3259
0,14,60,0,0,40.3239
0,15,60,0,0,40.3217
0,16,60,0,0,40.3193
0,17,60,0,0,40.3169
0,18,60,0,0,40.3145
0,19,60,0,0,40.3119
0,20,60,0,0,40.3094
0,21,60,0,0,40.3067
0,22,60,0,0,40.304
0,23,60,0,0,40.3013
0,24,60,0,0,40.2985
0,25,60,0,0,40.2957
0,26,60,0,0,40.293
0,27,60,0,0,40.2903
0,28,60,0,0,40.2877
0,29,60,0,0,40.2853
0,30,60,0,0,40.2831
0,31,60,0,0,40.281
0,32,60,0,0,40.279
0,33,60,0,0,40.277
0,34,60,0,0,40.275
0,35,60,0,0,40.2731
0,36,60,0,0,40.2712
0,37,60,0,0,40.2694
0,38,60,0,0,40.2675
0,39,60,0,0,40.2657
0,40,60,0,0,40.2638
0,41,60,0,0,40.2619
0,42,60,0,0,40.26
0,43,60,0,0,40.2582
0,44,60,0,0,40.2565
0,45,60,0,0,40.2549
0,46,60,0,0,40.2535
0,47,60,0,0,40.2522
0,48,60,0,0,40.251
0,49,60,0,0,40.25
0,50,60,0,0,40.2492
0,51,60,0,0,40.2486
0,52,60,0,0,40.2482
0,53,60,0,0,40.2478
0,54,60,0,0,40.2475
0,55,60,0,0,40.2472
0,56,60,0,0,40.247
0,57,60,0,0,40.2469
0,58,60,0,0,40.2468
0,59,60,0,0,40.2468
0,60,60,0,0,40.2467
0,61,60,0,0,40.2466
0,62,60,0,0,40.2465
0,63,60,0,0,40.2464
0,64,60,0,1.85006e-05,40.2465
0,65,60,0,0,40.2437
0,66,60,0,0,40.2411
0,67,60,0,0,40.2387
0,68,60,0,0,40.2365
0,69,60,0,0,40.2344
0,70,60,0,0,40.2324
0,71,60,0,0,40.2306
0,72,60,0,0,40.2289
0,73,60,0,0,40.2273
0,74,60,0,0,40.2258
0,75,60,0,0,40.2245
0,76,60,0,0,40.2233
0,77,60,0,0,40.2222
0,78,60,0,0,40.2211
0,79,60,0,0,40.2201
0,80,60,0,0,40.2191
0,81,60,0,0,40.2181
0,82,60,0,0,40.2171
0,83,60,0,0,40.2162
0,84,60,0,0,40.2152
0,85,60,0,0,40.2144
0,86,60,0,0,40.2136
0,87,60,0,0,40.2128
0,88,60,0,0,40.2121
0,89,60,0,0,40.2115
0,90,60,0,0,40.2108
0,91,60,0,0,40.2102
0,92,60,0,0,40.2095
0,93,60,0,0,40.2088
0,94,60,0,0,40.2081
0,95,60,0,0,40.2073
0,96,60,0,0,40.2064
0,97,60,0,0,40.2055
0,98,60,0,0,40.2045
0,99,60,0,0,40.2037
0,100,60,0,0,40.2029
0,101,60,0,0,40.2022
0,102,60,0,0,40.2017
0,103,60,0,0,40.2012
0,104,60,0,0,40.2007
0,105,60,0,0,40.2001
0,106,60,0,0,40.1995
0,107,60,0,0,40.1988
0,108,60,0,0,40.198
0,109,60,0,0,40.1972
0,110,60,0,0,40.1963
0,111,60,0,0,40.1955
0,112,60,0,0,40.1948
0,113,60,0,0,40.1942
0,114,60,0,0,40.1936
0,115,60,0,0,40.1931
0,116,60,0,0,40.1926
0,117,60,0,0,40.1921
0,118,60,0,0,40.1916
0,119,60,0,0,40.191
0,120,60,0,0,40.1905
0,121,60,0,0,40.1901
0,122,60,0,0,40.1898
0,123,60,0,0,40.1895
0,124,60,0,0,40.1892
0,125,60,0,0,40.1889
0,126,60,0,0,40.1885
0,127,60,0,0,40.1883
0,0,61,0,1.85006e-05,40.3478
0,1,61,0,0,40.3456
0,2,61,0,0,40.3435
0,3,61,0,0,40.3414
0,4,61,0,0,40.3395
0,5,61,0,0,40.3376
0,6,61,0,0,40.3357
0,7,61,0,0,40.3338
0,8,61,0,0,40.332
0,9,61,0,0,40.3302
0,10,61,0,0,40.3283
0,11,61,0,0,40.3265
0,12,61,0,0,40.3246
0,13,61,0,0,40.3228
0,14,61,0,0,40.3209
0,15,61,0,0,40.3189
0,16,61,0,0,40.3167
0,17,61,0,0,40.3143
0,18,61,0,0,40.312
0,19,61,0,0,40.3096
0,20,61,0,0,40.3071
0,21,61,0,0,40.3046
0,22,61,0,0,40.302
0,23,61,0,0,40.2993
0,24,61,0,0,40.2966
0,25,61,0,0,40.2939
0,26,61,0,0,40.2911
0,27,61,0,0,40.2884
0,28,61,0,0,40.2859
0,29,61,0,0,40.2837
0,30,61,0,0,40.2817
0,31,61,0,0,40.2798
0,32,61,0,0,40.2781
0,33,61,0,0,40.2763
0,34,61,0,0,40.2744
0,35,61,0,0,40.2726
0,36,61,0,0,40.2709
0,37,61,0,0,40.2693
0,38,61,0,0,40.2676
0,39,61,0,0,40.2658
0,40,61,0,0,40.264
0,41,61,0,0,40.2621
0,42,61,0,0,40.2602
0,43,61,0,0,40.2583
0,44,61,0,0,40.2566
0,45,61,0,0,40.255
0,46,61,0,0,40.2536
0,47,61,0,0,40.2524
0,48,61,0,0,40.2513
0,49,61,0,0,40.2503
0,50,61,0,0,40.2496
0,51,61,0,0,40.2492
0,52,61,0,0,40.249
0,53,61,0,0,40.2488
0,54,61,0,0,40.2486
0,55,61,0,0,40.2485
0,56,61,0,0,40.2485
0,57,61,0,0,40.2485
0,58,61,0,0,40.2486
0,59,61,0,0,40.2487
0,60,61,0,0,40.2487
0,61,61,0,0,40.2486
0,62,61,0,0,40.2486
0,63,61,0,0,40.2485
0,64,61,0,1.85006e-05,40.2485
0,65,61,0,0,40.2457
0,66,61,0,0,40.2431
0,67,61,0,0,40.2408
0,68,61,0,0,40.2386
0,69,61,0,0,40.2366
0,70,61,0,0,40.2347
0,71,61,0,0,40.2329
0,72,61,0,0,40.2312
0,73,61,0,0,40.2296
0,74,61,0,0,40.2282
0,75,61,0,0,40.2269
0,76,61,0,0,40.2257
0,77,61,0,0,40.2247
0,78,61,0,0,40.2238
0,79,61,0,0,40.2228
0,80,61,0,0,40.2219
0,81,61,0,0,40.2209
0,82,61,0,0,40.2198
0,83,61,0,0,40.2187
0,84,61,0,0,40.2178
0,85,61,0,0,40.2169
0,86,61,0,0,40.2161
0,87,61,0,0,40.2153
0,88,61,0,0,40.2146
0,89,61,0,0,40.214
0,90,61,0,0,40.2134
0,91,61,0,0,40.2128
0,92,61,0,0,40.2122
0,93,61,0,0,40.2115
0,94,61,0,0,40.2107
0,95,61,0,0,40.2099
0,96,61,0,0,40.2089
0,97,61,0,0,40.2078
0,98,61,0,0,40.2068
0,99,61,0,0,40.2058
0,100,61,0,0,40.205
0,101,61,0,0,40.2044
0,102,61,0,0,40.204
0,103,61,0,0,40.2036
0,104,61,0,0,40.2032
0,105,61,0,0,40.2027
0,106,61,0,0,40.2021
0,107,61,0,0,40.2014
0,108,61,0,0,40.2005
0,109,61,0,0,40.1995
0,110,61,0,0,40.1985
0,111,61,0,0,40.1976
0,112,61,0,0,40.1968
0,113,61,0,0,40.1962
0,114,61,0,0,40.1957
0,115,61,0,0,40.1953
0,116,61,0,0,40.1948
0,117,61,0,0,40.1943
0,118,61,0,0,40.1937
0,119,61,0,0,40.1931
0,120,61,0,0,40.1926
0,121,61,0,0,40.1922
0,122,61,0,0,40.1918
0,123,61,0,0,40.1916
0,124,61,0,0,40.1913
0,125,61,0,0,40.191
0,126,61,0,0,40.1906
0,127,61,0,0,40.1901
0,0,62,0,1.85006e-05,40.344
0,1,62,0,0,40.3421
0,2,62,0,0,40.3403
0,3,62,0,0,40.3383
0,4,62,0,0,40.3365
0,5,62,0,0,40.3346
0,6,62,0,0,40.3328
0,7,62,0,0,40.3311
0,8,62,0,0,40.3294
0,9,62,0,0,40.3277
0,10,62,0,0,40.3259
0,11,62,0,0,40.3242
0,12,62,0,0,40.3224
0,13,62,0,0,40.3208
0,14,62,0,0,40.3192
0,15,62,0,0,40.3174
0,16,62,0,0,40.3152
0,17,62,0,0,40.3129
0,18,62,0,0,40.3106
0,19,62,0,0,40.3084
0,20,62,0,0,40.3061
0,21,62,0,0,40.3037
0,22,62,0,0,40.3012
0,23,62,0,0,40.2986
0,24,62,0,0,40.2959
0,25,62,0,0,40.2931
0,26,62,0,0,40.2902
0,27,62,0,0,40.2874
0,28,62,0,0,40.285
0,29,62,0,0,40.2828
0,30,62,0,0,40.281
0,31,62,0,0,40.2796
0,32,62,0,0,40.2782
0,33,62,0,0,40.2766
0,34,62,0,0,40.2748
0,35,62,0,0,40.2731
0,36,62,0,0,40.2715
0,37,62,0,0,40.2702
0,38,62,0,0,40.2687
0,39,62,0,0,40.267
0,40,62,0,0,40.2652
0,41,62,0,0,40.2633
0,42,62,0,0,40.2612
0,43,62,0,0,40.2593
0,44,62,0,0,40.2575
0,45,62,0,0,40.2559
0,46,62,0,0,40.2545
0,47,62,0,0,40.2533
0,48,62,0,0,40.2523
0,49,62,0,0,40.2513
0,50,62,0,0,40.2506
0,51,62,0,0,40.2504
0,52,62,0,0,40.2507
0,53,62,0,0,40.2508
0,54,62,0,0,40.2507
0,55,62,0,0,40.2506
0,56,62,0,0,40.2508
0,57,62,0,0,40.251
0,58,62,0,0,40.2514
0,59,62,0,0,40.2517
0,60,62,0,0,40.2518
0,61,62,0,0,40.2517
0,62,62,0,0,40.2516
0,63,62,0,0,40.2514
0,64,62,0,1.85006e-05,40.2513
0,65,62,0,0,40.2484
0,66,62,0,0,40.2458
0,67,62,0,0,40.2436
0,68,62,0,0,40.2415
0,69,62,0,0,40.2396
0,70,62,0,0,40.2378
0,71,62,0,0,40.236
0,72,62,0,0,40.2343
0,73,62,0,0,40.2327
0,74,62,0,0,40.2313
0,75,62,0,0,40.23
0,76,62,0,0,40.2289
0,77,62,0,0,40.2281
0,78,62,0,0,40.2273
0,79,62,0,0,40.2264
0,80,62,0,0,40.2255
0,81,62,0,0,40.2245
0,82,62,0,0,40.2232
0,83,62,0,0,40.2221
0,84,62,0,0,40.221
0,85,62,0,0,40.2201
0,86,62,0,0,40.2193
0,87,62,0,0,40.2185
0,88,62,0,0,40.2179
0,89,62,0,0,40.2173
0,90,62,0,0,40.2168
0,91,62,0,0,40.2163
0,92,62,0,0,40.2156
0,93,62,0,0,40.215
0,94,62,0,0,40.2143
0,95,62,0,0,40.2134
0,96,62,0,0,40.2124
0,97,62,0,0,40.211
0,98,62,0,0,40.2097
0,99,62,0,0,40.2086
0,100,62,0,0,40.2077
0,101,62,0,0,40.2072
0,102,62,0,0,40.2069
0,103,62,0,0,40.2068
0,104,62,0,0,40.2065
0,105,62,0,0,40.2061
0,106,62,0,0,40.2056
0,107,62,0,0,40.2049
0,108,62,0,0,40.2038
0,109,62,0,0,40.2026
0,110,62,0,0,40.2013
0,111,62,0,0,40.2003
0,112,62,0,0,40.1995
0,113,62,0,0,40.1989
0,114,62,0,0,40.1985
0,115,62,0,0,40.1982
0,116,62,0,0,40.1979
0,117,62,0,0,40.1973
0,118,62,0,0,40.1966
0,119,62,0,0,40.1959
0,120,62,0,0,40.1953
0,121,62,0,0,40.1948
0,122,62,0,0,40.1946
0,123,62,0,0,40.1944
0,124,62,0,0,40.1943
0,125,62,0,0,40.194
0,126,62,0,0,40.1934
0,127,62,0,0,40.1926
0,0,63,0,1.85006e-05,40.3411
0,1,63,0,0,40.3398
0,2,63,0,0,40.3385
0,3,63,0,0,40.3364
0,4,63,0,0,40.3348
0,5,63,0,0,40.3329
0,6,63,0,0,40.331
0,7,63,0,0,40.3295
0,8,63,0,0,40.328
0,9,63,0,0,40.3264
0,10,63,0,0,40.3248
0,11,63,0,0,40.323
0,12,63,0,0,40.3214
0,13,63,0,0,40.3199
0,14,63,0,0,40.3188
0,15,63,0,0,40.3177
0,16,63,0,0,40.3151
0,17,63,0,0,40.3127
0,18,63,0,0,40.3104
0,19,63,0,0,40.3084
0,20,63,0,0,40.3065
0,21,63,0,0,40.3041
0,22,63,0,0,40.3015
0,23,63,0,0,40.299
0,24,63,0,0,40.2963
0,25,63,0,0,40.2935
0,26,63,0,0,40.2902
0,27,63,0,0,40.2871
0,28,63,0,0,40.2848
0,29,63,0,0,40.2827
0,30,63,0,0,40.2812
0,31,63,0,0,40.2802
0,32,63,0,0,40.2796
0,33,63,0,0,40.2782
0,34,63,0,0,40.2762
0,35,63,0,0,40.2744
0,36,63,0,0,40.273
0,37,63,0,0,40.2722
0,38,63,0,0,40.2711
0,39,63,0,0,40.2692
0,40,63,0,0,40.2675
0,41,63,0,0,40.2655
0,42,63,0,0,40.2632
0,43,63,0,0,40.2611
0,44,63,0,0,40.2591
0,45,63,0,0,40.2575
0,46,63,0,0,40.2563
0,47,63,0,0,40.2551
0,48,63,0,0,40.2541
0,49,63,0,0,40.253
0,50,63,0,0,40.2521
0,51,63,0,0,40.2523
0,52,63,0,0,40.2534
0,53,63,0,0,40.2539
0,54,63,0,0,40.2536
0,55,63,0,0,40.2535
0,56,63,0,0,40.254
0,57,63,0,0,40.2544
0,58,63,0,0,40.2551
0,59,63,0,0,40.2558
0,60,63,0,0,40.2561
0,61,63,0,0,40.2558
0,62,63,0,0,40.2556
0,63,63,0,0,40.2551
0,64,63,0,1.85006e-05,40.2549
0,65,63,0,0,40.2517
0,66,63,0,0,40.2491
0,67,63,0,0,40.2471
0,68,63,0,0,40.2453
0,69,63,0,0,40.2434
0,70,63,0,0,40.2417
0,71,63,0,0,40.24
0,72,63,0,0,40.2382
0,73,63,0,0,40.2365
0,74,63,0,0,40.235
0,75,63,0,0,40.2339
0,76,63,0,0,40.2328
0,77,63,0,0,40.2324
0,78,63,0,0,40.2319
0,79,63,0,0,40.2309
0,80,63,0,0,40.23
0,81,63,0,0,40.2291
0,82,63,0,0,40.2275
0,83,63,0,0,40.2262
0,84,63,0,0,40.225
0,85,63,0,0,40.224
0,86,63,0,0,40.2233
0,87,63,0,0,40.2225
0,88,63,0,0,40.2219
0,89,63,0,0,40.2215
0,90,63,0,0,40.2211
0,91,63,0,0,40.2208
0,92,63,0,0,40.2199
0,93,63,0,0,40.2194
0,94,63,0,0,40.219
0,95,63,0,0,40.218
0,96,63,0,0,40.217
0,97,63,0,0,40.2151
0,98,63,0,0,40.2131
0,99,63,0,0,40.2118
0,100,63,0,0,40.2109
0,101,63,0,0,40.2104
0,102,63,0,0,40.2106
0,103,63,0,0,40.211
0,104,63,0,0,40.2109
0,105,63,0,0,40.2103
0,106,63,0,0,40.21
0,107,63,0,0,40.2097
0,108,63,0,0,40.2081
0,109,63,0,0,40.2064
0,110,63,0,0,40.2048
0,111,63,0,0,40.2034
0,112,63,0,0,40.2027
0,113,63,0,0,40.2022
0,114,63,0,0,40.2019
0,115,63,0,0,40.202
0,116,63,0,0,40.202
0,117,63,0,0,40.2012
0,118,63,0,0,40.2003
0,119,63,0,0,40.1994
0,120,63,0,0,40.1986
0,121,63,0,0,40.1981
0,122,63,0,0,40.198
0,123,63,0,0,40.1979
0,124,63,0,0,40.1982
0,125,63,0,0,40.1981
0,126,63,0,0,40.1972
0,127,63,0,0,40.1956
0,0,64,0,4.93931e-05,40.3393
0,1,64,0,1.572e-05,40.3386
0,2,64,0,6.32475e-05,40.3388
0,3,64,0,1.53525e-05,40.3352
0,4,64,0,6e-05,40.3345
0,5,64,0,5.142e-05,40.3326
0,6,64,0,1.66125e-05,40.33
0,7,64,0,3.68325e-05,40.3293
0,8,64,0,2.856e-05,40.3279
0,9,64,0,3.714e-05,40.3265
0,10,64,0,5.073e-05,40.3249
0,11,64,0,4.0365e-05,40.3228
0,12,64,0,3.858e-05,40.3214
0,13,64,0,3.144e-05,40.3199
0,14,64,0,4.716e-05,40.3198
0,15,64,0,9.80325e-05,40.3205
0,16,64,0,2.643e-05,40.316
0,17,64,0,3.144e-05,40.3135
0,18,64,0,3.76875e-05,40.3111
0,19,64,0,4.74975e-05,40.3094
0,20,64,0,6.5355e-05,40.3084
0,21,64,0,4.998e-05,40.3058
0,22,64,0,2.856e-05,40.3028
0,23,64,0,4.716e-05,40.3008
0,24,64,0,4.92975e-05,40.298
0,25,64,0,5.574e-05,40.2953
0,26,64,0,4.002e-05,40.2912
0,27,64,0,9.825e-06,40.2872
0,28,64,0,4.002e-05,40.2855
0,29,64,0,2.286e-05,40.2829
0,30,64,0,2.856e-05,40.2818
0,31,64,0,2.43e-05,40.2817
0,32,64,0,5.91075e-05,40.2827
0,33,64,0,6.432e-05,40.2817
0,34,64,0,2.3565e-05,40.2782
0,35,64,0,2.8035e-05,40.2763
0,36,64,0,1.6425e-05,40.2751
0,37,64,0,5.499e-05,40.2755
0,38,64,0,7.7505e-05,40.2752
0,39,64,0,4.002e-05,40.2724
0,40,64,0,4.785e-05,40.2711
0,41,64,0,5.499e-05,40.2691
0,42,64,0,3.60825e-05,40.2662
0,43,64,0,3.144e-05,40.2637
0,44,64,0,3e-05,40.2614
0,45,64,0,2.43e-05,40.2597
0,46,64,0,3.714e-05,40.2589
0,47,64,0,3e-05,40.2577
0,48,64,0,4.51725e-05,40.2571
0,49,64,0,3.05475e-05,40.2553
0,50,64,0,7.14e-06,40.2535
0,51,64,0,1.0725e-06,40.254
0,52,64,0,6.714e-05,40.258
0,53,64,0,6.021e-05,40.2586
0,54,64,0,2.715e-05,40.2574
0,55,64,0,9.6525e-06,40.2567
0,56,64,0,3.714e-05,40.2581
0,57,64,0,2.499e-05,40.2586
0,58,64,0,3.59025e-05,40.2598
0,59,64,0,5.12775e-05,40.2615
0,60,64,0,5.4645e-05,40.2619
0,61,64,0,2.91075e-05,40.2608
0,62,64,0,3.714e-05,40.2609
0,63,64,0,2.286e-05,40.2597
0,64,64,0,5.58431e-05,40.2596
0,65,64,0,1.428e-05,40.2554
0,66,64,0,1.3575e-05,40.2529
0,67,64,0,3e-05,40.2513
0,68,64,0,4.17975e-05,40.2502
0,69,64,0,1.572e-05,40.2478
0,70,64,0,2.856e-05,40.2466
0,71,64,0,3.144e-05,40.2451
0,72,64,0,3e-05,40.2429
0,73,64,0,2.142e-05,40.2409
0,74,64,0,3e-05,40.2395
0,75,64,0,4.002e-05,40.2385
0,76,64,0,1.572e-05,40.2368
0,77,64,0,4.215e-05,40.2377
0,78,64,0,4.53825e-05,40.2377
0,79,64,0,3e-05,40.2364
0,80,64,0,2.856e-05,40.2352
0,81,64,0,6.76875e-05,40.2356
0,82,64,0,2.286e-05,40.2324
0,83,64,0,2.856e-05,40.2309
0,84,64,0,2.94525e-05,40.2298
0,85,64,0,1.41075e-05,40.2286
0,86,64,0,3.4665e-05,40.2283
0,87,64,0,2.142e-05,40.227
0,88,64,0,3.144e-05,40.2266
0,89,64,0,4.284e-05,40.2265
0,90,64,0,3.57e-05,40.2261
0,91,64,0,6.2145e-05,40.2266
0,92,64,0,2.43e-05,40.2247
0,93,64,0,3.44625e-05,40.2246
0,94,64,0,6.306e-05,40.2251
0,95,64,0,2.286e-05,40.2233
0,96,64,0,7.146e-05,40.2234
0,97,64,0,3e-05,40.2199
0,98,64,0,1.572e-05,40.2168
0,99,64,0,3.144e-05,40.2157
0,100,64,0,2.286e-05,40.2144
0,101,64,0,7.14e-06,40.2137
0,102,64,0,2.58825e-05,40.2151
0,103,64,0,5.05275e-05,40.2165
0,104,64,0,5.05275e-05,40.2164
0,105,64,0,2.142e-05,40.2151
0,106,64,0,4.164e-05,40.2153
0,107,64,0,9.789e-05,40.2166
0,108,64,0,4.1055e-05,40.2133
0,109,64,0,3.76875e-05,40.2111
0,110,64,0,3.288e-05,40.2087
0,111,64,0,1.428e-05,40.2067
0,112,64,0,2.643e-05,40.2065
0,113,64,0,2.32125e-05,40.2061
0,114,64,0,1.572e-05,40.2059
0,115,64,0,1.51725e-05,40.2065
0,116,64,0,5.574e-05,40.2076
0,117,64,0,3e-05,40.206
0,118,64,0,3.213e-05,40.2048
0,119,64,0,2.286e-05,40.2034
0,120,64,0,1.2495e-05,40.2023
0,121,64,0,1.25025e-05,40.2017
0,122,64,0,3.03675e-05,40.2021
0,123,64,0,1.428e-05,40.2018
0,124,64,0,3.714e-05,40.2032
0,125,64,0,6.144e-05,40.2039
0,126,64,0,5.6775e-05,40.2024
0,127,64,0,3.144e-05,40.199
0,0,65,0,5.33081e-05,40.3345
0,1,65,0,7.46775e-05,40.3355
0,2,65,0,6.003e-05,40.3337
0,3,65,0,3.03675e-05,40.3298
0,4,65,0,1.572e-05,40.3271
0,5,65,0,1.428e-05,40.3256
0,6,65,0,5.91075e-05,40.3259
0,7,65,0,4.33875e-05,40.3248
0,8,65,0,7.428e-05,40.3245
0,9,65,0,5.55375e-05,40.3221
0,10,65,0,1.929e-05,40.3185
0,11,65,0,2.2515e-05,40.3167
0,12,65,0,5.43e-05,40.3164
0,13,65,0,3.05475e-05,40.3144
0,14,65,0,2.856e-05,40.3136
0,15,65,0,5.05275e-05,40.3137
0,16,65,0,4.929e-05,40.3118
0,17,65,0,7.62675e-05,40.3103
0,18,65,0,3.08925e-05,40.3061
0,19,65,0,1.25025e-05,40.3032
0,20,65,0,3.8925e-05,40.3025
0,21,65,0,4.308e-05,40.3011
0,22,65,0,5.856e-05,40.2995
0,23,65,0,5.7015e-05,40.2969
0,24,65,0,1.35825e-05,40.2926
0,25,65,0,5.0715e-05,40.2908
0,26,65,0,1.572e-05,40.2866
0,27,65,0,4.4475e-05,40.2845
0,28,65,0,3.144e-05,40.2818
0,29,65,0,1.428e-05,40.2789
0,30,65,0,7.14e-06,40.2778
0,31,65,0,5.3595e-05,40.2793
0,32,65,0,4.51725e-05,40.2791
0,33,65,0,4.25025e-05,40.2781
0,34,65,0,4.46475e-05,40.2761
0,35,65,0,2.3385e-05,40.2739
0,36,65,0,6.3795e-05,40.2739
0,37,65,0,2.58975e-05,40.2717
0,38,65,0,1.9635e-05,40.2701
0,39,65,0,2.142e-05,40.2687
0,40,65,0,6.1275e-05,40.2687
0,41,65,0,1.9995e-05,40.2656
0,42,65,0,3.39375e-05,40.2637
0,43,65,0,4.716e-05,40.2621
0,44,65,0,1.785e-05,40.2592
0,45,65,0,3.10725e-05,40.258
0,46,65,0,3e-05,40.2568
0,47,65,0,2.931e-05,40.2558
0,48,65,0,3.62475e-05,40.2551
0,49,65,0,2.37525e-05,40.2534
0,50,65,0,1.53525e-05,40.2524
0,51,65,0,2.17875e-05,40.2532
0,52,65,0,4.5015e-05,40.2558
0,53,65,0,3.429e-05,40.2565
0,54,65,0,4.75275e-05,40.2571
0,55,65,0,4.46475e-05,40.2573
0,56,65,0,4.86e-05,40.2582
0,57,65,0,5.643e-05,40.2591
0,58,65,0,3.26775e-05,40.2593
0,59,65,0,5.58825e-05,40.261
0,60,65,0,5.37525e-05,40.2616
0,61,65,0,2.841e-05,40.2607
0,62,65,0,8.46675e-05,40.2624
0,63,65,0,3.714e-05,40.2604
0,64,65,0,7.13606e-05,40.2603
0,65,65,0,2.43e-05,40.2561
0,66,65,0,6.2175e-05,40.2546
0,67,65,0,1.428e-05,40.2511
0,68,65,0,4.25025e-05,40.2505
0,69,65,0,5.60775e-05,40.2496
0,70,65,0,4.7145e-05,40.248
0,71,65,0,6.594e-05,40.2467
0,72,65,0,2.51925e-05,40.2434
0,73,65,0,5.286e-05,40.2421
0,74,65,0,2.856e-05,40.2397
0,75,65,0,3.714e-05,40.2384
0,76,65,0,7.14e-06,40.2365
0,77,65,0,4.74975e-05,40.2381
0,78,65,0,5.17875e-05,40.2383
0,79,65,0,6.288e-05,40.2377
0,80,65,0,2.43e-05,40.2353
0,81,65,0,5.8215e-05,40.2354
0,82,65,0,3.144e-05,40.2328
0,83,65,0,3.714e-05,40.2315
0,84,65,0,3.69675e-05,40.2308
0,85,65,0,5.80275e-05,40.2307
0,86,65,0,5.12775e-05,40.2297
0,87,65,0,4.716e-05,40.2282
0,88,65,0,3e-05,40.2265
0,89,65,0,3e-05,40.2258
0,90,65,0,2.40975e-05,40.2253
0,91,65,0,4.5015e-05,40.2258
0,92,65,0,2.94525e-05,40.2246
0,93,65,0,3.8775e-05,40.2244
0,94,65,0,3.144e-05,40.224
0,95,65,0,5.574e-05,40.224
0,96,65,0,4.87425e-05,40.2228
0,97,65,0,4.5015e-05,40.2202
0,98,65,0,2.142e-05,40.2169
0,99,65,0,2.142e-05,40.2153
0,100,65,0,2.43e-05,40.2145
0,101,65,0,2.55375e-05,40.2146
0,102,65,0,4.752e-05,40.216
0,103,65,0,4.09125e-05,40.2163
0,104,65,0,3.714e-05,40.2159
0,105,65,0,5.43e-05,40.2156
0,106,65,0,1.66125e-05,40.2136
0,107,65,0,1.929e-05,40.213
0,108,65,0,2.50125e-05,40.2116
0,109,65,0,4.071e-05,40.2105
0,110,65,0,1.428e-05,40.2078
0,111,65,0,1.572e-05,40.2066
0,112,65,0,4.26975e-05,40.2072
0,113,65,0,2.96475e-05,40.2067
0,114,65,0,3.57e-05,40.2072
0,115,65,0,7.50675e-05,40.2089
0,116,65,0,3.858e-05,40.2076
0,117,65,0,4.32075e-05,40.2065
0,118,65,0,2.499e-05,40.2048
0,119,65,0,3.714e-05,40.2044
0,120,65,0,5.4645e-05,40.2043
0,121,65,0,3.28575e-05,40.2031
0,122,65,0,3.67725e-05,40.2028
0,123,65,0,3e-05,40.2025
0,124,65,0,5.43e-05,40.2035
0,125,65,0,3.45e-05,40.2026
0,126,65,0,3.8925e-05,40.2011
0,127,65,0,1.12575e-05,40.1978
0,0,66,0,1.85006e-05,40.3249
0,1,66,0,5.3625e-06,40.3241
0,2,66,0,5.3625e-06,40.3223
0,3,66,0,0,40.3196
0,4,66,0,0,40.3173
0,5,66,0,0,40.3157
0,6,66,0,0,40.3147
0,7,66,0,0,40.3136
0,8,66,0,0,40.3125
0,9,66,0,4.4625e-06,40.3108
0,10,66,0,0,40.3084
0,11,66,0,0,40.3066
0,12,66,0,0,40.3054
0,13,66,0,8.925e-07,40.304
0,14,66,0,0,40.3029
0,15,66,0,0,40.3019
0,16,66,0,0,40.3004
0,17,66,0,8.925e-07,40.2986
0,18,66,0,0,40.296
0,19,66,0,0,40.2938
0,20,66,0,0,40.2922
0,21,66,0,0,40.2906
0,22,66,0,0,40.2888
0,23,66,0,1.785e-06,40.2865
0,24,66,0,0,40.2837
0,25,66,0,2.145e-06,40.2813
0,26,66,0,0,40.2785
0,27,66,0,0,40.2762
0,28,66,0,0,40.274
0,29,66,0,0,40.2721
0,30,66,0,0,40.271
0,31,66,0,2.145e-06,40.2708
0,32,66,0,0,40.2702
0,33,66,0,3.2175e-06,40.2694
0,34,66,0,7.5075e-06,40.2682
0,35,66,0,0,40.2664
0,36,66,0,0,40.2654
0,37,66,0,9.1125e-06,40.2643
0,38,66,0,0,40.2625
0,39,66,0,0,40.2612
0,40,66,0,5.355e-06,40.2604
0,41,66,0,6.435e-06,40.2586
0,42,66,0,0,40.2566
0,43,66,0,0,40.2549
0,44,66,0,3.57e-06,40.2533
0,45,66,0,7.5075e-06,40.2521
0,46,66,0,0,40.2508
0,47,66,0,3.57e-06,40.2499
0,48,66,0,0,40.2489
0,49,66,0,0,40.2481
0,50,66,0,7.5075e-06,40.2479
0,51,66,0,0,40.2481
0,52,66,0,2.145e-06,40.2491
0,53,66,0,0,40.2498
0,54,66,0,5.3625e-06,40.2505
0,55,66,0,0,40.2508
0,56,66,0,0,40.2514
0,57,66,0,0,40.2521
0,58,66,0,0,40.2527
0,59,66,0,0,40.2538
0,60,66,0,1.16025e-05,40.2548
0,61,66,0,5.3625e-06,40.2547
0,62,66,0,1.0725e-06,40.2548
0,63,66,0,0,40.2544
0,64,66,0,2.11781e-05,40.2544
0,65,66,0,0,40.2512
0,66,66,0,4.29e-06,40.2491
0,67,66,0,0,40.2466
0,68,66,0,0,40.2451
0,69,66,0,5.3625e-06,40.244
0,70,66,0,5.715e-06,40.2425
0,71,66,0,0,40.2406
0,72,66,0,6.2475e-06,40.2387
0,73,66,0,0,40.2367
0,74,66,0,0,40.2349
0,75,66,0,0,40.2336
0,76,66,0,0,40.2326
0,77,66,0,8.9325e-06,40.2329
0,78,66,0,4.29e-06,40.2324
0,79,66,0,0,40.2313
0,80,66,0,0,40.23
0,81,66,0,2.6775e-06,40.2292
0,82,66,0,0,40.2276
0,83,66,0,0,40.2265
0,84,66,0,7.86e-06,40.226
0,85,66,0,2.145e-06,40.2251
0,86,66,0,2.6775e-06,40.2241
0,87,66,0,0,40.2228
0,88,66,0,0,40.2216
0,89,66,0,0,40.2208
0,90,66,0,4.4625e-06,40.2204
0,91,66,0,0,40.22
0,92,66,0,6.2475e-06,40.2196
0,93,66,0,5.3625e-06,40.2191
0,94,66,0,0,40.2182
0,95,66,0,0,40.2175
0,96,66,0,2.6775e-06,40.2165
0,97,66,0,2.145e-06,40.2147
0,98,66,0,0,40.2127
0,99,66,0,0,40.2114
0,100,66,0,0,40.2107
0,101,66,0,4.4625e-06,40.2107
0,102,66,0,1.08975e-05,40.2112
0,103,66,0,0,40.2107
0,104,66,0,8.925e-07,40.2103
0,105,66,0,0,40.2097
0,106,66,0,6.2475e-06,40.2088
0,107,66,0,0,40.2077
0,108,66,0,1.0725e-06,40.2066
0,109,66,0,4.4625e-06,40.2055
0,110,66,0,0,40.2039
0,111,66,0,0,40.2029
0,112,66,0,8.925e-07,40.2027
0,113,66,0,0,40.2024
0,114,66,0,0,40.2024
0,115,66,0,0,40.2027
0,116,66,0,0,40.2021
0,117,66,0,1.0725e-06,40.2013
0,118,66,0,0,40.2004
0,119,66,0,0,40.1998
0,120,66,0,0,40.1994
0,121,66,0,7.5e-06,40.199
0,122,66,0,0,40.1983
0,123,66,0,0,40.1979
0,124,66,0,0,40.1978
0,125,66,0,0,40.1971
0,126,66,0,0,40.196
0,127,66,0,4.4625e-06,40.1945
0,0,67,0,1.85006e-05,40.316
0,1,67,0,0,40.3142
0,2,67,0,0,40.3122
0,3,67,0,0,40.31
0,4,67,0,0,40.308
0,5,67,0,0,40.3064
0,6,67,0,0,40.305
0,7,67,0,0,40.3036
0,8,67,0,0,40.3022
0,9,67,0,0,40.3006
0,10,67,0,0,40.2988
0,11,67,0,0,40.2972
0,12,67,0,0,40.2958
0,13,67,0,0,40.2944
0,14,67,0,0,40.2932
0,15,67,0,0,40.2919
0,16,67,0,0,40.2904
0,17,67,0,0,40.2887
0,18,67,0,0,40.2867
0,19,67,0,0,40.2848
0,20,67,0,0,40.2831
0,21,67,0,0,40.2814
0,22,67,0,0,40.2796
0,23,67,0,0,40.2776
0,24,67,0,0,40.2753
0,25,67,0,0,40.2731
0,26,67,0,0,40.2709
0,27,67,0,0,40.2689
0,28,67,0,0,40.267
0,29,67,0,0,40.2654
0,30,67,0,0,40.2642
0,31,67,0,0,40.2635
0,32,67,0,0,40.2626
0,33,67,0,0,40.2617
0,34,67,0,0,40.2606
0,35,67,0,0,40.2593
0,36,67,0,0,40.2581
0,37,67,0,0,40.2569
0,38,67,0,0,40.2556
0,39,67,0,0,40.2543
0,40,67,0,0,40.2532
0,41,67,0,0,40.2517
0,42,67,0,0,40.2502
0,43,67,0,0,40.2487
0,44,67,0,0,40.2474
0,45,67,0,0,40.2463
0,46,67,0,0,40.2452
0,47,67,0,0,40.2443
0,48,67,0,0,40.2436
0,49,67,0,0,40.243
0,50,67,0,0,40.2429
0,51,67,0,0,40.243
0,52,67,0,0,40.2435
0,53,67,0,0,40.244
0,54,67,0,0,40.2445
0,55,67,0,0,40.245
0,56,67,0,0,40.2455
0,57,67,0,0,40.2462
0,58,67,0,0,40.2468
0,59,67,0,0,40.2475
0,60,67,0,0,40.2482
0,61,67,0,0,40.2485
0,62,67,0,0,40.2488
0,63,67,0,0,40.2489
0,64,67,0,1.85006e-05,40.2491
0,65,67,0,0,40.2465
0,66,67,0,0,40.2442
0,67,67,0,0,40.2421
0,68,67,0,0,40.2404
0,69,67,0,0,40.2389
0,70,67,0,0,40.2373
0,71,67,0,0,40.2356
0,72,67,0,0,40.2339
0,73,67,0,0,40.2322
0,74,67,0,0,40.2307
0,75,67,0,0,40.2294
0,76,67,0,0,40.2285
0,77,67,0,0,40.2279
0,78,67,0,0,40.2272
0,79,67,0,0,40.2262
0,80,67,0,0,40.2251
0,81,67,0,0,40.2241
0,82,67,0,0,40.223
0,83,67,0,0,40.2219
0,84,67,0,0,40.2211
0,85,67,0,0,40.2202
0,86,67,0,0,40.2192
0,87,67,0,0,40.2182
0,88,67,0,0,40.2172
0,89,67,0,0,40.2164
0,90,67,0,0,40.2158
0,91,67,0,0,40.2152
0,92,67,0,0,40.2146
0,93,67,0,0,40.214
0,94,67,0,0,40.2132
0,95,67,0,0,40.2124
0,96,67,0,0,40.2113
0,97,67,0,0,40.21
0,98,67,0,0,40.2087
0,99,67,0,0,40.2076
0,100,67,0,0,40.2069
0,101,67,0,0,40.2066
0,102,67,0,0,40.2064
0,103,67,0,0,40.206
0,104,67,0,0,40.2055
0,105,67,0,0,40.2049
0,106,67,0,0,40.2041
0,107,67,0,0,40.2032
0,108,67,0,0,40.2022
0,109,67,0,0,40.2012
0,110,67,0,0,40.2002
0,111,67,0,0,40.1994
0,112,67,0,0,40.1988
0,113,67,0,0,40.1985
0,114,67,0,0,40.1983
0,115,67,0,0,40.198
0,116,67,0,0,40.1976
0,117,67,0,0,40.197
0,118,67,0,0,40.1963
0,119,67,0,0,40.1957
0,120,67,0,0,40.1952
0,121,67,0,0,40.1947
0,122,67,0,0,40.1942
0,123,67,0,0,40.1938
0,124,67,0,0,40.1934
0,125,67,0,0,40.1928
0,126,67,0,0,40.192
0,127,67,0,0,40.1911
0,0,68,0,1.85006e-05,40.3079
0,1,68,0,0,40.3057
0,2,68,0,0,40.3036
0,3,68,0,0,40.3015
0,4,68,0,0,40.2996
0,5,68,0,0,40.2979
0,6,68,0,0,40.2963
0,7,68,0,0,40.2948
0,8,68,0,0,40.2933
0,9,68,0,0,40.2918
0,10,68,0,0,40.2902
0,11,68,0,0,40.2887
0,12,68,0,0,40.2872
0,13,68,0,0,40.2859
0,14,68,0,0,40.2845
0,15,68,0,0,40.2832
0,16,68,0,0,40.2817
0,17,68,0,0,40.2801
0,18,68,0,0,40.2784
0,19,68,0,0,40.2767
0,20,68,0,0,40.2751
0,21,68,0,0,40.2734
0,22,68,0,0,40.2717
0,23,68,0,0,40.2699
0,24,68,0,0,40.2679
0,25,68,0,0,40.266
0,26,68,0,0,40.2641
0,27,68,0,0,40.2624
0,28,68,0,0,40.2607
0,29,68,0,0,40.2593
0,30,68,0,0,40.2581
0,31,68,0,0,40.2571
0,32,68,0,0,40.2562
0,33,68,0,0,40.2552
0,34,68,0,0,40.2541
0,35,68,0,0,40.253
0,36,68,0,0,40.2518
0,37,68,0,0,40.2507
0,38,68,0,0,40.2495
0,39,68,0,0,40.2483
0,40,68,0,0,40.2472
0,41,68,0,0,40.2459
0,42,68,0,0,40.2446
0,43,68,0,0,40.2434
0,44,68,0,0,40.2422
0,45,68,0,0,40.2412
0,46,68,0,0,40.2403
0,47,68,0,0,40.2396
0,48,68,0,0,40.239
0,49,68,0,0,40.2386
0,50,68,0,0,40.2384
0,51,68,0,0,40.2385
0,52,68,0,0,40.2387
0,53,68,0,0,40.2391
0,54,68,0,0,40.2396
0,55,68,0,0,40.24
0,56,68,0,0,40.2406
0,57,68,0,0,40.2411
0,58,68,0,0,40.2417
0,59,68,0,0,40.2424
0,60,68,0,0,40.2429
0,61,68,0,0,40.2434
0,62,68,0,0,40.2438
0,63,68,0,0,40.2442
0,64,68,0,1.85006e-05,40.2447
0,65,68,0,0,40.2423
0,66,68,0,0,40.2401
0,67,68,0,0,40.2381
0,68,68,0,0,40.2363
0,69,68,0,0,40.2347
0,70,68,0,0,40.2331
0,71,68,0,0,40.2315
0,72,68,0,0,40.23
0,73,68,0,0,40.2284
0,74,68,0,0,40.2271
0,75,68,0,0,40.2258
0,76,68,0,0,40.2248
0,77,68,0,0,40.2239
0,78,68,0,0,40.223
0,79,68,0,0,40.2221
0,80,68,0,0,40.2211
0,81,68,0,0,40.2201
0,82,68,0,0,40.219
0,83,68,0,0,40.218
0,84,68,0,0,40.2171
0,85,68,0,0,40.2162
0,86,68,0,0,40.2152
0,87,68,0,0,40.2143
0,88,68,0,0,40.2134
0,89,68,0,0,40.2126
0,90,68,0,0,40.2119
0,91,68,0,0,40.2112
0,92,68,0,0,40.2105
0,93,68,0,0,40.2098
0,94,68,0,0,40.2091
0,95,68,0,0,40.2082
0,96,68,0,0,40.2073
0,97,68,0,0,40.2062
0,98,68,0,0,40.2052
0,99,68,0,0,40.2043
0,100,68,0,0,40.2036
0,101,68,0,0,40.2031
0,102,68,0,0,40.2026
0,103,68,0,0,40.2022
0,104,68,0,0,40.2016
0,105,68,0,0,40.201
0,106,68,0,0,40.2003
0,107,68,0,0,40.1995
0,108,68,0,0,40.1986
0,109,68,0,0,40.1978
0,110,68,0,0,40.1969
0,111,68,0,0,40.1962
0,112,68,0,0,40.1957
0,113,68,0,0,40.1952
0,114,68,0,0,40.1948
0,115,68,0,0,40.1945
0,116,68,0,0,40.194
0,117,68,0,0,40.1934
0,118,68,0,0,40.1929
0,119,68,0,0,40.1923
0,120,68,0,0,40.1918
0,121,68,0,0,40.1913
0,122,68,0,0,40.1908
0,123,68,0,0,40.1903
0,124,68,0,0,40.1899
0,125,68,0,0,40.1893
0,126,68,0,0,40.1888
0,127,68,0,0,40.1882
0,0,69,0,1.85006e-05,40.3006
0,1,69,0,0,40.2982
0,2,69,0,0,40.296
0,3,69,0,0,40.294
0,4,69,0,0,40.2921
0,5,69,0,0,40.2903
0,6,69,0,0,40.2887
0,7,69,0,0,40.2871
0,8,69,0,0,40.2856
0,9,69,0,0,40.2841
0,10,69,0,0,40.2826
0,11,69,0,0,40.2811
0,12,69,0,0,40.2797
0,13,69,0,0,40.2783
0,14,69,0,0,40.2769
0,15,69,0,0,40.2756
0,16,69,0,0,40.2742
0,17,69,0,0,40.2727
0,18,69,0,0,40.2711
0,19,69,0,0,40.2696
0,20,69,0,0,40.268
0,21,69,0,0,40.2665
0,22,69,0,0,40.2649
0,23,69,0,0,40.2632
0,24,69,0,0,40.2616
0,25,69,0,0,40.2599
0,26,69,0,0,40.2582
0,27,69,0,0,40.2567
0,28,69,0,0,40.2552
0,29,69,0,0,40.2539
0,30,69,0,0,40.2527
0,31,69,0,0,40.2517
0,32,69,0,0,40.2507
0,33,69,0,0,40.2497
0,34,69,0,0,40.2486
0,35,69,0,0,40.2476
0,36,69,0,0,40.2465
0,37,69,0,0,40.2454
0,38,69,0,0,40.2443
0,39,69,0,0,40.2432
0,40,69,0,0,40.2421
0,41,69,0,0,40.241
0,42,69,0,0,40.2399
0,43,69,0,0,40.2389
0,44,69,0,0,40.2379
0,45,69,0,0,40.237
0,46,69,0,0,40.2362
0,47,69,0,0,40.2355
0,48,69,0,0,40.235
0,49,69,0,0,40.2347
0,50,69,0,0,40.2346
0,51,69,0,0,40.2346
0,52,69,0,0,40.2348
0,53,69,0,0,40.2351
0,54,69,0,0,40.2355
0,55,69,0,0,40.2359
0,56,69,0,0,40.2364
0,57,69,0,0,40.237
0,58,69,0,0,40.2375
0,59,69,0,0,40.2381
0,60,69,0,0,40.2387
0,61,69,0,0,40.2393
0,62,69,0,0,40.2398
0,63,69,0,0,40.2404
0,64,69,0,1.85006e-05,40.2411
0,65,69,0,0,40.2388
0,66,69,0,0,40.2368
0,67,69,0,0,40.2349
0,68,69,0,0,40.2331
0,69,69,0,0,40.2315
0,70,69,0,0,40.2299
0,71,69,0,0,40.2283
0,72,69,0,0,40.2269
0,73,69,0,0,40.2254
0,74,69,0,0,40.2241
0,75,69,0,0,40.2229
0,76,69,0,0,40.2218
0,77,69,0,0,40.2208
0,78,69,0,0,40.2199
0,79,69,0,0,40.2189
0,80,69,0,0,40.2179
0,81,69,0,0,40.2169
0,82,69,0,0,40.2159
0,83,69,0,0,40.2149
0,84,69,0,0,40.214
0,85,69,0,0,40.213
0,86,69,0,0,40.2121
0,87,69,0,0,40.2112
0,88,69,0,0,40.2103
0,89,69,0,0,40.2095
0,90,69,0,0,40.2088
0,91,69,0,0,40.208
0,92,69,0,0,40.2073
0,93,69,0,0,40.2066
0,94,69,0,0,40.2058
0,95,69,0,0,40.205
0,96,69,0,0,40.2041
0,97,69,0,0,40.2032
0,98,69,0,0,40.2023
0,99,69,0,0,40.2015
0,100,69,0,0,40.2008
0,101,69,0,0,40.2002
0,102,69,0,0,40.1997
0,103,69,0,0,40.1992
0,104,69,0,0,40.1986
0,105,69,0,0,40.198
0,106,69,0,0,40.1973
0,107,69,0,0,40.1966
0,108,69,0,0,40.1958
0,109,69,0,0,40.1951
0,110,69,0,0,40.1944
0,111,69,0,0,40.1937
0,112,69,0,0,40.1931
0,113,69,0,0,40.1926
0,114,69,0,0,40.1922
0,115,69,0,0,40.1917
0,116,69,0,0,40.1912
0,117,69,0,0,40.1907
0,118,69,0,0,40.1901
0,119,69,0,0,40.1896
0,120,69,0,0,40.1891
0,121,69,0,0,40.1886
0,122,69,0,0,40.1881
0,123,69,0,0,40.1876
0,124,69,0,0,40.1872
0,125,69,0,0,40.1867
0,126,69,0,0,40.1863
0,127,69,0,0,40.1859
0,0,70,0,1.85006e-05,40.2942
0,1,70,0,0,40.2917
0,2,70,0,0,40.2895
0,3,70,0,0,40.2874
0,4,70,0,0,40.2855
0,5,70,0,0,40.2837
0,6,70,0,0,40.282
0,7,70,0,0,40.2804
0,8,70,0,0,40.2789
0,9,70,0,0,40.2774
0,10,70,0,0,40.2759
0,11,70,0,0,40.2745
0,12,70,0,0,40.2731
0,13,70,0,0,40.2718
0,14,70,0,0,40.2704
0,15,70,0,0,40.2691
0,16,70,0,0,40.2677
0,17,70,0,0,40.2663
0,18,70,0,0,40.2649
0,19,70,0,0,40.2634
0,20,70,0,0,40.262
0,21,70,0,0,40.2606
0,22,70,0,0,40.2591
0,23,70,0,0,40.2576
0,24,70,0,0,40.2561
0,25,70,0,0,40.2546
0,26,70,0,0,40.2532
0,27,70,0,0,40.2518
0,28,70,0,0,40.2505
0,29,70,0,0,40.2493
0,30,70,0,0,40.2482
0,31,70,0,0,40.2471
0,32,70,0,0,40.2461
0,33,70,0,0,40.2451
0,34,70,0,0,40.2441
0,35,70,0,0,40.2431
0,36,70,0,0,40.2421
0,37,70,0,0,40.2411
0,38,70,0,0,40.2401
0,39,70,0,0,40.2391
0,40,70,0,0,40.238
0,41,70,0,0,40.237
0,42,70,0,0,40.2361
0,43,70,0,0,40.2351
0,44,70,0,0,40.2343
0,45,70,0,0,40.2335
0,46,70,0,0,40.2328
0,47,70,0,0,40.2323
0,48,70,0,0,40.2318
0,49,70,0,0,40.2316
0,50,70,0,0,40.2314
0,51,70,0,0,40.2315
0,52,70,0,0,40.2316
0,53,70,0,0,40.2319
0,54,70,0,0,40.2322
0,55,70,0,0,40.2327
0,56,70,0,0,40.2331
0,57,70,0,0,40.2337
0,58,70,0,0,40.2342
0,59,70,0,0,40.2348
0,60,70,0,0,40.2355
0,61,70,0,0,40.2361
0,62,70,0,0,40.2368
0,63,70,0,0,40.2375
0,64,70,0,1.85006e-05,40.2383
0,65,70,0,0,40.2361
0,66,70,0,0,40.2342
0,67,70,0,0,40.2323
0,68,70,0,0,40.2306
0,69,70,0,0,40.229
0,70,70,0,0,40.2274
0,71,70,0,0,40.226
0,72,70,0,0,40.2245
0,73,70,0,0,40.2232
0,74,70,0,0,40.2219
0,75,70,0,0,40.2207
0,76,70,0,0,40.2196
0,77,70,0,0,40.2185
0,78,70,0,0,40.2175
0,79,70,0,0,40.2165
0,80,70,0,0,40.2155
0,81,70,0,0,40.2145
0,82,70,0,0,40.2135
0,83,70,0,0,40.2126
0,84,70,0,0,40.2116
0,85,70,0,0,40.2107
0,86,70,0,0,40.2097
0,87,70,0,0,40.2088
0,88,70,0,0,40.208
0,89,70,0,0,40.2072
0,90,70,0,0,40.2064
0,91,70,0,0,40.2056
0,92,70,0,0,40.2049
0,93,70,0,0,40.2041
0,94,70,0,0,40.2034
0,95,70,0,0,40.2026
0,96,70,0,0,40.2018
0,97,70,0,0,40.2009
0,98,70,0,0,40.2001
0,99,70,0,0,40.1994
0,100,70,0,0,40.1987
0,101,70,0,0,40.1981
0,102,70,0,0,40.1975
0,103,70,0,0,40.197
0,104,70,0,0,40.1964
0,105,70,0,0,40.1958
0,106,70,0,0,40.1951
0,107,70,0,0,40.1945
0,108,70,0,0,40.1938
0,109,70,0,0,40.1931
0,110,70,0,0,40.1924
0,111,70,0,0,40.1918
0,112,70,0,0,40.1912
0,113,70,0,0,40.1907
0,114,70,0,0,40.1902
0,115,70,0,0,40.1897
0,116,70,0,0,40.1892
0,117,70,0,0,40.1887
0,118,70,0,0,40.1881
0,119,70,0,0,40.1876
0,120,70,0,0,40.1871
0,121,70,0,0,40.1866
0,122,70,0,0,40.1861
0,123,70,0,0,40.1856
0,124,70,0,0,40.1852
0,125,70,0,0,40.1847
0,126,70,0,0,40.1843
0,127,70,0,0,40.1841
0,0,71,0,1.85006e-05,40.2886
0,1,71,0,0,40.2861
0,2,71,0,0,40.2838
0,3,71,0,0,40.2817
0,4,71,0,0,40.2798
0,5,71,0,0,40.278
0,6,71,0,0,40.2763
0,7,71,0,0,40.2747
0,8,71,0,0,40.2732
0,9,71,0,0,40.2717
0,10,71,0,0,40.2703
0,11,71,0,0,40.2689
0,12,71,0,0,40.2675
0,13,71,0,0,40.2662
0,14,71,0,0,40.2649
0,15,71,0,0,40.2636
0,16,71,0,0,40.2622
0,17,71,0,0,40.2609
0,18,71,0,0,40.2596
0,19,71,0,0,40.2583
0,20,71,0,0,40.2569
0,21,71,0,0,40.2556
0,22,71,0,0,40.2543
0,23,71,0,0,40.2529
0,24,71,0,0,40.2516
0,25,71,0,0,40.2503
0,26,71,0,0,40.249
0,27,71,0,0,40.2478
0,28,71,0,0,40.2466
0,29,71,0,0,40.2455
0,30,71,0,0,40.2444
0,31,71,0,0,40.2434
0,32,71,0,0,40.2424
0,33,71,0,0,40.2415
0,34,71,0,0,40.2405
0,35,71,0,0,40.2396
0,36,71,0,0,40.2386
0,37,71,0,0,40.2376
0,38,71,0,0,40.2367
0,39,71,0,0,40.2357
0,40,71,0,0,40.2348
0,41,71,0,0,40.2339
0,42,71,0,0,40.233
0,43,71,0,0,40.2322
0,44,71,0,0,40.2314
0,45,71,0,0,40.2308
0,46,71,0,0,40.2302
0,47,71,0,0,40.2297
0,48,71,0,0,40.2293
0,49,71,0,0,40.2291
0,50,71,0,0,40.229
0,51,71,0,0,40.229
0,52,71,0,0,40.2292
0,53,71,0,0,40.2294
0,54,71,0,0,40.2298
0,55,71,0,0,40.2302
0,56,71,0,0,40.2307
0,57,71,0,0,40.2312
0,58,71,0,0,40.2318
0,59,71,0,0,40.2324
0,60,71,0,0,40.2331
0,61,71,0,0,40.2338
0,62,71,0,0,40.2345
0,63,71,0,0,40.2353
0,64,71,0,1.85006e-05,40.2362
0,65,71,0,0,40.2342
0,66,71,0,0,40.2323
0,67,71,0,0,40.2306
0,68,71,0,0,40.2289
0,69,71,0,0,40.2273
0,70,71,0,0,40.2258
0,71,71,0,0,40.2244
0,72,71,0,0,40.223
0,73,71,0,0,40.2217
0,74,71,0,0,40.2204
0,75,71,0,0,40.2192
0,76,71,0,0,40.2181
0,77,71,0,0,40.217
0,78,71,0,0,40.216
0,79,71,0,0,40.215
0,80,71,0,0,40.214
0,81,71,0,0,40.2129
0,82,71,0,0,40.212
0,83,71,0,0,40.211
0,84,71,0,0,40.21
0,85,71,0,0,40.2091
0,86,71,0,0,40.2081
0,87,71,0,0,40.2073
0,88,71,0,0,40.2064
0,89,71,0,0,40.2056
0,90,71,0,0,40.2048
0,91,71,0,0,40.204
0,92,71,0,0,40.2032
0,93,71,0,0,40.2025
0,94,71,0,0,40.2017
0,95,71,0,0,40.2009
0,96,71,0,0,40.2002
0,97,71,0,0,40.1994
0,98,71,0,0,40.1986
0,99,71,0,0,40.1979
0,100,71,0,0,40.1973
0,101,71,0,0,40.1967
0,102,71,0,0,40.1961
0,103,71,0,0,40.1955
0,104,71,0,0,40.195
0,105,71,0,0,40.1944
0,106,71,0,0,40.1937
0,107,71,0,0,40.1931
0,108,71,0,0,40.1924
0,109,71,0,0,40.1918
0,110,71,0,0,40.1912
0,111,71,0,0,40.1906
0,112,71,0,0,40.19
0,113,71,0,0,40.1895
0,114,71,0,0,40.1889
0,115,71,0,0,40.1884
0,116,71,0,0,40.1879
0,117,71,0,0,40.1874
0,118,71,0,0,40.1868
0,119,71,0,0,40.1863
0,120,71,0,0,40.1858
0,121,71,0,0,40.1853
0,122,71,0,0,40.1848
0,123,71,0,0,40.1843
0,124,71,0,0,40.1838
0,125,71,0,0,40.1834
0,126,71,0,0,40.183
0,127,71,0,0,40.1828
0,0,72,0,1.85006e-05,40.2838
0,1,72,0,0,40.2813
0,2,72,0,0,40.279
0,3,72,0,0,40.277
0,4,72,0,0,40.275
0,5,72,0,0,40.2732
0,6,72,0,0,40.2716
0,7,72,0,0,40.27
0,8,72,0,0,40.2685
0,9,72,0,0,40.267
0,10,72,0,0,40.2656
0,11,72,0,0,40.2642
0,12,72,0,0,40.2629
0,13,72,0,0,40.2616
0,14,72,0,0,40.2603
0,15,72,0,0,40.259
0,16,72,0,0,40.2578
0,17,72,0,0,40.2565
0,18,72,0,0,40.2553
0,19,72,0,0,40.254
0,20,72,0,0,40.2528
0,21,72,0,0,40.2516
0,22,72,0,0,40.2504
0,23,72,0,0,40.2492
0,24,72,0,0,40.248
0,25,72,0,0,40.2469
0,26,72,0,0,40.2457
0,27,72,0,0,40.2446
0,28,72,0,0,40.2436
0,29,72,0,0,40.2425
0,30,72,0,0,40.2415
0,31,72,0,0,40.2406
0,32,72,0,0,40.2396
0,33,72,0,0,40.2387
0,34,72,0,0,40.2378
0,35,72,0,0,40.2369
0,36,72,0,0,40.236
0,37,72,0,0,40.2351
0,38,72,0,0,40.2342
0,39,72,0,0,40.2333
0,40,72,0,0,40.2324
0,41,72,0,0,40.2316
0,42,72,0,0,40.2308
0,43,72,0,0,40.23
0,44,72,0,0,40.2294
0,45,72,0,0,40.2288
0,46,72,0,0,40.2283
0,47,72,0,0,40.2278
0,48,72,0,0,40.2275
0,49,72,0,0,40.2273
0,50,72,0,0,40.2273
0,51,72,0,0,40.2273
0,52,72,0,0,40.2275
0,53,72,0,0,40.2277
0,54,72,0,0,40.2281
0,55,72,0,0,40.2285
0,56,72,0,0,40.229
0,57,72,0,0,40.2296
0,58,72,0,0,40.2302
0,59,72,0,0,40.2308
0,60,72,0,0,40.2315
0,61,72,0,0,40.2323
0,62,72,0,0,40.2331
0,63,72,0,0,40.234
0,64,72,0,1.85006e-05,40.235
0,65,72,0,0,40.2331
0,66,72,0,0,40.2313
0,67,72,0,0,40.2296
0,68,72,0,0,40.228
0,69,72,0,0,40.2264
0,70,72,0,0,40.225
0,71,72,0,0,40.2236
0,72,72,0,0,40.2222
0,73,72,0,0,40.2209
0,74,72,0,0,40.2197
0,75,72,0,0,40.2185
0,76,72,0,0,40.2174
0,77,72,0,0,40.2163
0,78,72,0,0,40.2152
0,79,72,0,0,40.2142
0,80,72,0,0,40.2132
0,81,72,0,0,40.2122
0,82,72,0,0,40.2112
0,83,72,0,0,40.2102
0,84,72,0,0,40.2092
0,85,72,0,0,40.2082
0,86,72,0,0,40.2073
0,87,72,0,0,40.2064
0,88,72,0,0,40.2055
0,89,72,0,0,40.2047
0,90,72,0,0,40.2039
0,91,72,0,0,40.2031
0,92,72,0,0,40.2023
0,93,72,0,0,40.2016
0,94,72,0,0,40.2008
0,95,72,0,0,40.2
0,96,72,0,0,40.1993
0,97,72,0,0,40.1986
0,98,72,0,0,40.1979
0,99,72,0,0,40.1972
0,100,72,0,0,40.1966
0,101,72,0,0,40.196
0,102,72,0,0,40.1954
0,103,72,0,0,40.1948
0,104,72,0,0,40.1942
0,105,72,0,0,40.1937
0,106,72,0,0,40.1931
0,107,72,0,0,40.1924
0,108,72,0,0,40.1918
0,109,72,0,0,40.1912
0,110,72,0,0,40.1906
0,111,72,0,0,40.19
0,112,72,0,0,40.1895
0,113,72,0,0,40.1889
0,114,72,0,0,40.1884
0,115,72,0,0,40.1878
0,116,72,0,0,40.1873
0,117,72,0,0,40.1867
0,118,72,0,0,40.1862
0,119,72,0,0,40.1857
0,120,72,0,0,40.1851
0,121,72,0,0,40.1846
0,122,72,0,0,40.1841
0,123,72,0,0,40.1836
0,124,72,0,0,40.1831
0,125,72,0,0,40.1827
0,126,72,0,0,40.1823
0,127,72,0,0,40.182
0,0,73,0,1.85006e-05,40.2799
0,1,73,0,0,40.2774
0,2,73,0,0,40.2751
0,3,73,0,0,40.273
0,4,73,0,0,40.2711
0,5,73,0,0,40.2694
0,6,73,0,0,40.2677
0,7,73,0,0,40.2661
0,8,73,0,0,40.2646
0,9,73,0,0,40.2632
0,10,73,0,0,40.2618
0,11,73,0,0,40.2604
0,12,73,0,0,40.2591
0,13,73,0,0,40.2579
0,14,73,0,0,40.2566
0,15,73,0,0,40.2554
0,16,73,0,0,40.2542
0,17,73,0,0,40.253
0,18,73,0,0,40.2518
0,19,73,0,0,40.2507
0,20,73,0,0,40.2496
0,21,73,0,0,40.2485
0,22,73,0,0,40.2474
0,23,73,0,0,40.2463
0,24,73,0,0,40.2453
0,25,73,0,0,40.2443
0,26,73,0,0,40.2433
0,27,73,0,0,40.2423
0,28,73,0,0,40.2413
0,29,73,0,0,40.2404
0,30,73,0,0,40.2395
0,31,73,0,0,40.2386
0,32,73,0,0,40.2377
0,33,73,0,0,40.2368
0,34,73,0,0,40.2359
0,35,73,0,0,40.2351
0,36,73,0,0,40.2342
0,37,73,0,0,40.2333
0,38,73,0,0,40.2325
0,39,73,0,0,40.2317
0,40,73,0,0,40.2309
0,41,73,0,0,40.2301
0,42,73,0,0,40.2293
0,43,73,0,0,40.2287
0,44,73,0,0,40.2281
0,45,73,0,0,40.2275
0,46,73,0,0,40.2271
0,47,73,0,0,40.2267
0,48,73,0,0,40.2264
0,49,73,0,0,40.2263
0,50,73,0,0,40.2262
0,51,73,0,0,40.2263
0,52,73,0,0,40.2265
0,53,73,0,0,40.2268
0,54,73,0,0,40.2272
0,55,73,0,0,40.2276
0,56,73,0,0,40.2281
0,57,73,0,0,40.2287
0,58,73,0,0,40.2294
0,59,73,0,0,40.2301
0,60,73,0,0,40.2308
0,61,73,0,0,40.2316
0,62,73,0,0,40.2325
0,63,73,0,0,40.2335
0,64,73,0,1.85006e-05,40.2346
0,65,73,0,0,40.2327
0,66,73,0,0,40.231
0,67,73,0,0,40.2294
0,68,73,0,0,40.2278
0,69,73,0,0,40.2263
0,70,73,0,0,40.2249
0,71,73,0,0,40.2235
0,72,73,0,0,40.2222
0,73,73,0,0,40.2209
0,74,73,0,0,40.2197
0,75,73,0,0,40.2185
0,76,73,0,0,40.2174
0,77,73,0,0,40.2163
0,78,73,0,0,40.2153
0,79,73,0,0,40.2142
0,80,73,0,0,40.2132
0,81,73,0,0,40.2121
0,82,73,0,0,40.2111
0,83,73,0,0,40.2101
0,84,73,0,0,40.2091
0,85,73,0,0,40.2081
0,86,73,0,0,40.2072
0,87,73,0,0,40.2063
0,88,73,0,0,40.2054
0,89,73,0,0,40.2045
0,90,73,0,0,40.2037
0,91,73,0,0,40.2029
0,92,73,0,0,40.2022
0,93,73,0,0,40.2014
0,94,73,0,0,40.2006
0,95,73,0,0,40.1999
0,96,73,0,0,40.1992
0,97,73,0,0,40.1984
0,98,73,0,0,40.1978
0,99,73,0,0,40.1971
0,100,73,0,0,40.1965
0,101,73,0,0,40.1959
0,102,73,0,0,40.1954
0,103,73,0,0,40.1948
0,104,73,0,0,40.1943
0,105,73,0,0,40.1937
0,106,73,0,0,40.1931
0,107,73,0,0,40.1925
0,108,73,0,0,40.1919
0,109,73,0,0,40.1913
0,110,73,0,0,40.1907
0,111,73,0,0,40.1901
0,112,73,0,0,40.1896
0,113,73,0,0,40.189
0,114,73,0,0,40.1885
0,115,73,0,0,40.1879
0,116,73,0,0,40.1874
0,117,73,0,0,40.1868
0,118,73,0,0,40.1863
0,119,73,0,0,40.1857
0,120,73,0,0,40.1852
0,121,73,0,0,40.1846
0,122,73,0,0,40.1841
0,123,73,0,0,40.1835
0,124,73,0,0,40.183
0,125,73,0,0,40.1825
0,126,73,0,0,40.1822
0,127,73,0,0,40.1819
0,0,74,0,1.85006e-05,40.2767
0,1,74,0,0,40.2742
0,2,74,0,0,40.272
0,3,74,0,0,40.27
0,4,74,0,0,40.2681
0,5,74,0,0,40.2663
0,6,74,0,0,40.2647
0,7,74,0,0,40.2632
0,8,74,0,0,40.2617
0,9,74,0,0,40.2603
0,10,74,0,0,40.2589
0,11,74,0,0,40.2576
0,12,74,0,0,40.2563
0,13,74,0,0,40.2551
0,14,74,0,0,40.2539
0,15,74,0,0,40.2527
0,16,74,0,0,40.2515
0,17,74,0,0,40.2504
0,18,74,0,0,40.2493
0,19,74,0,0,40.2483
0,20,74,0,0,40.2472
0,21,74,0,0,40.2462
0,22,74,0,0,40.2453
0,23,74,0,0,40.2443
0,24,74,0,0,40.2434
0,25,74,0,0,40.2426
0,26,74,0,0,40.2417
0,27,74,0,0,40.2408
0,28,74,0,0,40.24
0,29,74,0,0,40.2391
0,30,74,0,0,40.2383
0,31,74,0,0,40.2374
0,32,74,0,0,40.2366
0,33,74,0,0,40.2358
0,34,74,0,0,40.2349
0,35,74,0,0,40.2341
0,36,74,0,0,40.2332
0,37,74,0,0,40.2324
0,38,74,0,0,40.2316
0,39,74,0,0,40.2308
0,40,74,0,0,40.2301
0,41,74,0,0,40.2294
0,42,74,0,0,40.2287
0,43,74,0,0,40.2281
0,44,74,0,0,40.2275
0,45,74,0,0,40.227
0,46,74,0,0,40.2266
0,47,74,0,0,40.2263
0,48,74,0,0,40.2261
0,49,74,0,0,40.226
0,50,74,0,0,40.2259
0,51,74,0,0,40.226
0,52,74,0,0,40.2262
0,53,74,0,0,40.2266
0,54,74,0,0,40.227
0,55,74,0,0,40.2275
0,56,74,0,0,40.2281
0,57,74,0,0,40.2287
0,58,74,0,0,40.2294
0,59,74,0,0,40.2301
0,60,74,0,0,40.2309
0,61,74,0,0,40.2317
0,62,74,0,0,40.2327
0,63,74,0,0,40.2337
0,64,74,0,1.85006e-05,40.2349
0,65,74,0,0,40.2332
0,66,74,0,0,40.2315
0,67,74,0,0,40.2299
0,68,74,0,0,40.2284
0,69,74,0,0,40.227
0,70,74,0,0,40.2256
0,71,74,0,0,40.2243
0,72,74,0,0,40.223
0,73,74,0,0,40.2217
0,74,74,0,0,40.2205
0,75,74,0,0,40.2194
0,76,74,0,0,40.2182
0,77,74,0,0,40.2172
0,78,74,0,0,40.2161
0,79,74,0,0,40.215
0,80,74,0,0,40.214
0,81,74,0,0,40.2129
0,82,74,0,0,40.2119
0,83,74,0,0,40.2108
0,84,74,0,0,40.2098
0,85,74,0,0,40.2088
0,86,74,0,0,40.2078
0,87,74,0,0,40.2069
0,88,74,0,0,40.206
0,89,74,0,0,40.2051
0,90,74,0,0,40.2043
0,91,74,0,0,40.2035
0,92,74,0,0,40.2027
0,93,74,0,0,40.202
0,94,74,0,0,40.2012
0,95,74,0,0,40.2005
0,96,74,0,0,40.1997
0,97,74,0,0,40.199
0,98,74,0,0,40.1984
0,99,74,0,0,40.1977
0,100,74,0,0,40.1972
0,101,74,0,0,40.1966
0,102,74,0,0,40.1961
0,103,74,0,0,40.1956
0,104,74,0,0,40.195
0,105,74,0,0,40.1945
0,106,74,0,0,40.1939
0,107,74,0,0,40.1933
0,108,74,0,0,40.1927
0,109,74,0,0,40.1921
0,110,74,0,0,40.1915
0,111,74,0,0,40.191
0,112,74,0,0,40.1904
0,113,74,0,0,40.1899
0,114,74,0,0,40.1893
0,115,74,0,0,40.1887
0,116,74,0,0,40.1882
0,117,74,0,0,40.1876
0,118,74,0,0,40.187
0,119,74,0,0,40.1865
0,120,74,0,0,40.1859
0,121,74,0,0,40.1853
0,122,74,0,0,40.1847
0,123,74,0,0,40.1841
0,124,74,0,0,40.1836
0,125,74,0,0,40.183
0,126,74,0,0,40.1826
0,127,74,0,0,40.1822
0,0,75,0,1.85006e-05,40.2743
0,1,75,0,0,40.2719
0,2,75,0,0,40.2697
0,3,75,0,0,40.2677
0,4,75,0,0,40.2659
0,5,75,0,0,40.2642
0,6,75,0,0,40.2626
0,7,75,0,0,40.2611
0,8,75,0,0,40.2597
0,9,75,0,0,40.2583
0,10,75,0,0,40.2569
0,11,75,0,0,40.2556
0,12,75,0,0,40.2544
0,13,75,0,0,40.2532
0,14,75,0,0,40.252
0,15,75,0,0,40.2508
0,16,75,0,0,40.2497
0,17,75,0,0,40.2487
0,18,75,0,0,40.2477
0,19,75,0,0,40.2467
0,20,75,0,0,40.2457
0,21,75,0,0,40.2448
0,22,75,0,0,40.244
0,23,75,0,0,40.2432
0,24,75,0,0,40.2425
0,25,75,0,0,40.2417
0,26,75,0,0,40.241
0,27,75,0,0,40.2403
0,28,75,0,0,40.2395
0,29,75,0,0,40.2387
0,30,75,0,0,40.238
0,31,75,0,0,40.2372
0,32,75,0,0,40.2364
0,33,75,0,0,40.2356
0,34,75,0,0,40.2348
0,35,75,0,0,40.2339
0,36,75,0,0,40.2331
0,37,75,0,0,40.2324
0,38,75,0,0,40.2316
0,39,75,0,0,40.2309
0,40,75,0,0,40.2301
0,41,75,0,0,40.2295
0,42,75,0,0,40.2288
0,43,75,0,0,40.2282
0,44,75,0,0,40.2277
0,45,75,0,0,40.2273
0,46,75,0,0,40.2269
0,47,75,0,0,40.2267
0,48,75,0,0,40.2265
0,49,75,0,0,40.2264
0,50,75,0,0,40.2264
0,51,75,0,0,40.2265
0,52,75,0,0,40.2267
0,53,75,0,0,40.2271
0,54,75,0,0,40.2276
0,55,75,0,0,40.2281
0,56,75,0,0,40.2288
0,57,75,0,0,40.2294
0,58,75,0,0,40.2301
0,59,75,0,0,40.2309
0,60,75,0,0,40.2317
0,61,75,0,0,40.2326
0,62,75,0,0,40.2336
0,63,75,0,0,40.2348
0,64,75,0,1.85006e-05,40.236
0,65,75,0,0,40.2344
0,66,75,0,0,40.2328
0,67,75,0,0,40.2313
0,68,75,0,0,40.2299
0,69,75,0,0,40.2285
0,70,75,0,0,40.2271
0,71,75,0,0,40.2258
0,72,75,0,0,40.2245
0,73,75,0,0,40.2233
0,74,75,0,0,40.2221
0,75,75,0,0,40.221
0,76,75,0,0,40.2199
0,77,75,0,0,40.2188
0,78,75,0,0,40.2177
0,79,75,0,0,40.2166
0,80,75,0,0,40.2156
0,81,75,0,0,40.2145
0,82,75,0,0,40.2134
0,83,75,0,0,40.2123
0,84,75,0,0,40.2112
0,85,75,0,0,40.2102
0,86,75,0,0,40.2092
0,87,75,0,0,40.2082
0,88,75,0,0,40.2073
0,89,75,0,0,40.2064
0,90,75,0,0,40.2056
0,91,75,0,0,40.2048
0,92,75,0,0,40.204
0,93,75,0,0,40.2033
0,94,75,0,0,40.2025
0,95,75,0,0,40.2018
0,96,75,0,0,40.201
0,97,75,0,0,40.2003
0,98,75,0,0,40.1997
0,99,75,0,0,40.1991
0,100,75,0,0,40.1985
0,101,75,0,0,40.198
0,102,75,0,0,40.1976
0,103,75,0,0,40.1971
0,104,75,0,0,40.1966
0,105,75,0,0,40.196
0,106,75,0,0,40.1954
0,107,75,0,0,40.1948
0,108,75,0,0,40.1942
0,109,75,0,0,40.1936
0,110,75,0,0,40.1931
0,111,75,0,0,40.1925
0,112,75,0,0,40.192
0,113,75,0,0,40.1914
0,114,75,0,0,40.1909
0,115,75,0,0,40.1903
0,116,75,0,0,40.1897
0,117,75,0,0,40.1891
0,118,75,0,0,40.1885
0,119,75,0,0,40.1879
0,120,75,0,0,40.1873
0,121,75,0,0,40.1867
0,122,75,0,0,40.1861
0,123,75,0,0,40.1854
0,124,75,0,0,40.1847
0,125,75,0,0,40.1841
0,126,75,0,0,40.1835
0,127,75,0,0,40.1831
0,0,76,0,1.85006e-05,40.2727
0,1,76,0,0,40.2703
0,2,76,0,0,40.2683
0,3,76,0,0,40.2664
0,4,76,0,0,40.2646
0,5,76,0,0,40.2629
0,6,76,0,0,40.2614
0,7,76,0,0,40.2599
0,8,76,0,0,40.2585
0,9,76,0,0,40.2572
0,10,76,0,0,40.2558
0,11,76,0,0,40.2546
0,12,76,0,0,40.2533
0,13,76,0,0,40.2521
0,14,76,0,0,40.251
0,15,76,0,0,40.2499
0,16,76,0,0,40.2488
0,17,76,0,0,40.2478
0,18,76,0,0,40.2469
0,19,76,0,0,40.246
0,20,76,0,0,40.2451
0,21,76,0,0,40.2443
0,22,76,0,0,40.2436
0,23,76,0,0,40.2429
0,24,76,0,0,40.2423
0,25,76,0,0,40.2418
0,26,76,0,0,40.2412
0,27,76,0,0,40.2406
0,28,76,0,0,40.2399
0,29,76,0,0,40.2392
0,30,76,0,0,40.2385
0,31,76,0,0,40.2378
0,32,76,0,0,40.237
0,33,76,0,0,40.2363
0,34,76,0,0,40.2355
0,35,76,0,0,40.2347
0,36,76,0,0,40.2339
0,37,76,0,0,40.2331
0,38,76,0,0,40.2324
0,39,76,0,0,40.2317
0,40,76,0,0,40.231
0,41,76,0,0,40.2303
0,42,76,0,0,40.2297
0,43,76,0,0,40.2291
0,44,76,0,0,40.2286
0,45,76,0,0,40.2283
0,46,76,0,0,40.228
0,47,76,0,0,40.2278
0,48,76,0,0,40.2276
0,49,76,0,0,40.2275
0,50,76,0,0,40.2275
0,51,76,0,0,40.2276
0,52,76,0,0,40.2279
0,53,76,0,0,40.2283
0,54,76,0,0,40.2289
0,55,76,0,0,40.2296
0,56,76,0,0,40.2303
0,57,76,0,0,40.231
0,58,76,0,0,40.2318
0,59,76,0,0,40.2325
0,60,76,0,0,40.2334
0,61,76,0,0,40.2343
0,62,76,0,0,40.2354
0,63,76,0,0,40.2366
0,64,76,0,1.85006e-05,40.2379
0,65,76,0,0,40.2364
0,66,76,0,0,40.235
0,67,76,0,0,40.2336
0,68,76,0,0,40.2322
0,69,76,0,0,40.2308
0,70,76,0,0,40.2295
0,71,76,0,0,40.2282
0,72,76,0,0,40.2269
0,73,76,0,0,40.2257
0,74,76,0,0,40.2245
0,75,76,0,0,40.2234
0,76,76,0,0,40.2223
0,77,76,0,0,40.2212
0,78,76,0,0,40.2201
0,79,76,0,0,40.2191
0,80,76,0,0,40.218
0,81,76,0,0,40.2169
0,82,76,0,0,40.2157
0,83,76,0,0,40.2146
0,84,76,0,0,40.2135
0,85,76,0,0,40.2124
0,86,76,0,0,40.2113
0,87,76,0,0,40.2103
0,88,76,0,0,40.2094
0,89,76,0,0,40.2085
0,90,76,0,0,40.2076
0,91,76,0,0,40.2069
0,92,76,0,0,40.2061
0,93,76,0,0,40.2054
0,94,76,0,0,40.2046
0,95,76,0,0,40.2038
0,96,76,0,0,40.203
0,97,76,0,0,40.2023
0,98,76,0,0,40.2016
0,99,76,0,0,40.2011
0,100,76,0,0,40.2006
0,101,76,0,0,40.2002
0,102,76,0,0,40.1998
0,103,76,0,0,40.1993
0,104,76,0,0,40.1989
0,105,76,0,0,40.1983
0,106,76,0,0,40.1977
0,107,76,0,0,40.197
0,108,76,0,0,40.1964
0,109,76,0,0,40.1958
0,110,76,0,0,40.1953
0,111,76,0,0,40.1947
0,112,76,0,0,40.1942
0,113,76,0,0,40.1937
0,114,76,0,0,40.1931
0,115,76,0,0,40.1925
0,116,76,0,0,40.1919
0,117,76,0,0,40.1912
0,118,76,0,0,40.1906
0,119,76,0,0,40.19
0,120,76,0,0,40.1894
0,121,76,0,0,40.1888
0,122,76,0,0,40.1882
0,123,76,0,0,40.1874
0,124,76,0,0,40.1866
0,125,76,0,0,40.1857
0,126,76,0,0,40.185
0,127,76,0,0,40.1844
0,0,77,0,1.85006e-05,40.2717
0,1,77,0,0,40.2696
0,2,77,0,0,40.2676
0,3,77,0,0,40.2658
0,4,77,0,0,40.2642
0,5,77,0,0,40.2626
0,6,77,0,0,40.2611
0,7,77,0,0,40.2596
0,8,77,0,0,40.2583
0,9,77,0,0,40.257
0,10,77,0,0,40.2557
0,11,77,0,0,40.2544
0,12,77,0,0,40.2532
0,13,77,0,0,40.252
0,14,77,0,0,40.2509
0,15,77,0,0,40.2498
0,16,77,0,0,40.2488
0,17,77,0,0,40.2478
0,18,77,0,0,40.2469
0,19,77,0,0,40.2461
0,20,77,0,0,40.2453
0,21,77,0,0,40.2446
0,22,77,0,0,40.244
0,23,77,0,0,40.2435
0,24,77,0,0,40.2431
0,25,77,0,0,40.2427
0,26,77,0,0,40.2423
0,27,77,0,0,40.2418
0,28,77,0,0,40.2413
0,29,77,0,0,40.2407
0,30,77,0,0,40.24
0,31,77,0,0,40.2393
0,32,77,0,0,40.2386
0,33,77,0,0,40.2378
0,34,77,0,0,40.237
0,35,77,0,0,40.2362
0,36,77,0,0,40.2355
0,37,77,0,0,40.2348
0,38,77,0,0,40.2341
0,39,77,0,0,40.2334
0,40,77,0,0,40.2328
0,41,77,0,0,40.2321
0,42,77,0,0,40.2314
0,43,77,0,0,40.2308
0,44,77,0,0,40.2303
0,45,77,0,0,40.23
0,46,77,0,0,40.2299
0,47,77,0,0,40.2297
0,48,77,0,0,40.2295
0,49,77,0,0,40.2294
0,50,77,0,0,40.2293
0,51,77,0,0,40.2295
0,52,77,0,0,40.2298
0,53,77,0,0,40.2303
0,54,77,0,0,40.231
0,55,77,0,0,40.2318
0,56,77,0,0,40.2326
0,57,77,0,0,40.2334
0,58,77,0,0,40.2342
0,59,77,0,0,40.235
0,60,77,0,0,40.2359
0,61,77,0,0,40.2368
0,62,77,0,0,40.2379
0,63,77,0,0,40.2391
0,64,77,0,1.85006e-05,40.2406
0,65,77,0,0,40.2392
0,66,77,0,0,40.238
0,67,77,0,0,40.2367
0,68,77,0,0,40.2353
0,69,77,0,0,40.234
0,70,77,0,0,40.2326
0,71,77,0,0,40.2313
0,72,77,0,0,40.2301
0,73,77,0,0,40.2289
0,74,77,0,0,40.2277
0,75,77,0,0,40.2266
0,76,77,0,0,40.2255
0,77,77,0,0,40.2244
0,78,77,0,0,40.2234
0,79,77,0,0,40.2224
0,80,77,0,0,40.2212
0,81,77,0,0,40.2201
0,82,77,0,0,40.2189
0,83,77,0,0,40.2176
0,84,77,0,0,40.2164
0,85,77,0,0,40.2153
0,86,77,0,0,40.2142
0,87,77,0,0,40.2131
0,88,77,0,0,40.2121
0,89,77,0,0,40.2112
0,90,77,0,0,40.2104
0,91,77,0,0,40.2097
0,92,77,0,0,40.209
0,93,77,0,0,40.2082
0,94,77,0,0,40.2074
0,95,77,0,0,40.2066
0,96,77,0,0,40.2058
0,97,77,0,0,40.205
0,98,77,0,0,40.2043
0,99,77,0,0,40.2037
0,100,77,0,0,40.2034
0,101,77,0,0,40.2031
0,102,77,0,0,40.2028
0,103,77,0,0,40.2024
0,104,77,0,0,40.202
0,105,77,0,0,40.2014
0,106,77,0,0,40.2007
0,107,77,0,0,40.2
0,108,77,0,0,40.1993
0,109,77,0,0,40.1988
0,110,77,0,0,40.1982
0,111,77,0,0,40.1977
0,112,77,0,0,40.1972
0,113,77,0,0,40.1967
0,114,77,0,0,40.1962
0,115,77,0,0,40.1956
0,116,77,0,0,40.1948
0,117,77,0,0,40.1941
0,118,77,0,0,40.1934
0,119,77,0,0,40.1929
0,120,77,0,0,40.1923
0,121,77,0,0,40.1918
0,122,77,0,0,40.191
0,123,77,0,0,40.1901
0,124,77,0,0,40.1891
0,125,77,0,0,40.188
0,126,77,0,0,40.187
0,127,77,0,0,40.1862
0,0,78,0,1.85006e-05,40.2715
0,1,78,0,0,40.2696
0,2,78,0,0,40.2678
0,3,78,0,0,40.2662
0,4,78,0,0,40.2646
0,5,78,0,0,40.2631
0,6,78,0,0,40.2616
0,7,78,0,0,40.2602
0,8,78,0,0,40.2589
0,9,78,0,0,40.2577
0,10,78,0,0,40.2564
0,11,78,0,0,40.2552
0,12,78,0,0,40.2539
0,13,78,0,0,40.2527
0,14,78,0,0,40.2517
0,15,78,0,0,40.2506
0,16,78,0,0,40.2496
0,17,78,0,0,40.2487
0,18,78,0,0,40.2478
0,19,78,0,0,40.2471
0,20,78,0,0,40.2464
0,21,78,0,0,40.2457
0,22,78,0,0,40.2452
0,23,78,0,0,40.2449
0,24,78,0,0,40.2447
0,25,78,0,0,40.2446
0,26,78,0,0,40.2444
0,27,78,0,0,40.244
0,28,78,0,0,40.2435
0,29,78,0,0,40.2431
0,30,78,0,0,40.2424
0,31,78,0,0,40.2418
0,32,78,0,0,40.2411
0,33,78,0,0,40.2404
0,34,78,0,0,40.2395
0,35,78,0,0,40.2387
0,36,78,0,0,40.2379
0,37,78,0,0,40.2372
0,38,78,0,0,40.2365
0,39,78,0,0,40.236
0,40,78,0,0,40.2354
0,41,78,0,0,40.2347
0,42,78,0,0,40.2338
0,43,78,0,0,40.2331
0,44,78,0,0,40.2327
0,45,78,0,0,40.2326
0,46,78,0,0,40.2326
0,47,78,0,0,40.2325
0,48,78,0,0,40.2322
0,49,78,0,0,40.2321
0,50,78,0,0,40.2319
0,51,78,0,0,40.232
0,52,78,0,0,40.2323
0,53,78,0,0,40.233
0,54,78,0,0,40.2339
0,55,78,0,0,40.2349
0,56,78,0,0,40.2359
0,57,78,0,0,40.2368
0,58,78,0,0,40.2376
0,59,78,0,0,40.2383
0,60,78,0,0,40.2392
0,61,78,0,0,40.2401
0,62,78,0,0,40.2412
0,63,78,0,0,40.2424
0,64,78,0,1.85006e-05,40.2439
0,65,78,0,0,40.2429
0,66,78,0,0,40.242
0,67,78,0,0,40.2408
0,68,78,0,0,40.2394
0,69,78,0,0,40.238
0,70,78,0,0,40.2366
0,71,78,0,0,40.2354
0,72,78,0,0,40.2341
0,73,78,0,0,40.233
0,74,78,0,0,40.2317
0,75,78,0,0,40.2306
0,76,78,0,0,40.2295
0,77,78,0,0,40.2286
0,78,78,0,0,40.2277
0,79,78,0,0,40.2266
0,80,78,0,0,40.2254
0,81,78,0,0,40.2242
0,82,78,0,0,40.2229
0,83,78,0,0,40.2215
0,84,78,0,0,40.2202
0,85,78,0,0,40.219
0,86,78,0,0,40.2178
0,87,78,0,0,40.2167
0,88,78,0,0,40.2156
0,89,78,0,0,40.2147
0,90,78,0,0,40.214
0,91,78,0,0,40.2133
0,92,78,0,0,40.2127
0,93,78,0,0,40.212
0,94,78,0,0,40.2111
0,95,78,0,0,40.2101
0,96,78,0,0,40.2092
0,97,78,0,0,40.2083
0,98,78,0,0,40.2076
0,99,78,0,0,40.2071
0,100,78,0,0,40.2068
0,101,78,0,0,40.2067
0,102,78,0,0,40.2066
0,103,78,0,0,40.2064
0,104,78,0,0,40.206
0,105,78,0,0,40.2053
0,106,78,0,0,40.2045
0,107,78,0,0,40.2037
0,108,78,0,0,40.203
0,109,78,0,0,40.2024
0,110,78,0,0,40.2019
0,111,78,0,0,40.2014
0,112,78,0,0,40.201
0,113,78,0,0,40.2006
0,114,78,0,0,40.2001
0,115,78,0,0,40.1994
0,116,78,0,0,40.1986
0,117,78,0,0,40.1977
0,118,78,0,0,40.1969
0,119,78,0,0,40.1964
0,120,78,0,0,40.196
0,121,78,0,0,40.1956
0,122,78,0,0,40.1948
0,123,78,0,0,40.1938
0,124,78,0,0,40.1924
0,125,78,0,0,40.1909
0,126,78,0,0,40.1895
0,127,78,0,0,40.1883
0,0,79,0,1.85006e-05,40.2719
0,1,79,0,0,40.2705
0,2,79,0,0,40.269
0,3,79,0,0,40.2676
0,4,79,0,0,40.2661
0,5,79,0,0,40.2646
0,6,79,0,0,40.263
0,7,79,0,0,40.2617
0,8,79,0,0,40.2605
0,9,79,0,0,40.2595
0,10,79,0,0,40.2582
0,11,79,0,0,40.2569
0,12,79,0,0,40.2554
0,13,79,0,0,40.2544
0,14,79,0,0,40.2534
0,15,79,0,0,40.2523
0,16,79,0,0,40.2514
0,17,79,0,0,40.2504
0,18,79,0,0,40.2496
0,19,79,0,0,40.2489
0,20,79,0,0,40.2484
0,21,79,0,0,40.2476
0,22,79,0,0,40.247
0,23,79,0,0,40.2472
0,24,79,0,0,40.2472
0,25,79,0,0,40.2474
0,26,79,0,0,40.2475
0,27,79,0,0,40.2474
0,28,79,0,0,40.2467
0,29,79,0,0,40.2465
0,30,79,0,0,40.2457
0,31,79,0,0,40.2453
0,32,79,0,0,40.2446
0,33,79,0,0,40.2439
0,34,79,0,0,40.243
0,35,79,0,0,40.2419
0,36,79,0,0,40.2411
0,37,79,0,0,40.2407
0,38,79,0,0,40.2398
0,39,79,0,0,40.2394
0,40,79,0,0,40.239
0,41,79,0,0,40.2385
0,42,79,0,0,40.237
0,43,79,0,0,40.236
0,44,79,0,0,40.2358
0,45,79,0,0,40.2359
0,46,79,0,0,40.2363
0,47,79,0,0,40.2363
0,48,79,0,0,40.2356
0,49,79,0,0,40.2356
0,50,79,0,0,40.2351
0,51,79,0,0,40.2351
0,52,79,0,0,40.2354
0,53,79,0,0,40.2365
0,54,79,0,0,40.2375
0,55,79,0,0,40.239
0,56,79,0,0,40.2401
0,57,79,0,0,40.2412
0,58,79,0,0,40.2419
0,59,79,0,0,40.2424
0,60,79,0,0,40.2433
0,61,79,0,0,40.2442
0,62,79,0,0,40.2454
0,63,79,0,0,40.2463
0,64,79,0,1.85006e-05,40.2478
0,65,79,0,0,40.2473
0,66,79,0,0,40.2472
0,67,79,0,0,40.2462
0,68,79,0,0,40.2445
0,69,79,0,0,40.243
0,70,79,0,0,40.2413
0,71,79,0,0,40.2403
0,72,79,0,0,40.2391
0,73,79,0,0,40.238
0,74,79,0,0,40.2367
0,75,79,0,0,40.2353
0,76,79,0,0,40.2343
0,77,79,0,0,40.2335
0,78,79,0,0,40.2329
0,79,79,0,0,40.2319
0,80,79,0,0,40.2305
0,81,79,0,0,40.2292
0,82,79,0,0,40.2278
0,83,79,0,0,40.2262
0,84,79,0,0,40.2249
0,85,79,0,0,40.2234
0,86,79,0,0,40.2222
0,87,79,0,0,40.2212
0,88,79,0,0,40.2197
0,89,79,0,0,40.2189
0,90,79,0,0,40.2182
0,91,79,0,0,40.2177
0,92,79,0,0,40.2173
0,93,79,0,0,40.2167
0,94,79,0,0,40.2156
0,95,79,0,0,40.2145
0,96,79,0,0,40.2136
0,97,79,0,0,40.2123
0,98,79,0,0,40.2114
0,99,79,0,0,40.2109
0,100,79,0,0,40.211
0,101,79,0,0,40.2111
0,102,79,0,0,40.2112
0,103,79,0,0,40.2115
0,104,79,0,0,40.2112
0,105,79,0,0,40.2102
0,106,79,0,0,40.209
0,107,79,0,0,40.208
0,108,79,0,0,40.2073
0,109,79,0,0,40.2068
0,110,79,0,0,40.2064
0,111,79,0,0,40.2059
0,112,79,0,0,40.2054
0,113,79,0,0,40.2052
0,114,79,0,0,40.2051
0,115,79,0,0,40.2041
0,116,79,0,0,40.2031
0,117,79,0,0,40.2019
0,118,79,0,0,40.2009
0,119,79,0,0,40.2005
0,120,79,0,0,40.2005
0,121,79,0,0,40.2004
0,122,79,0,0,40.1997
0,123,79,0,0,40.1984
0,124,79,0,0,40.1965
0,125,79,0,0,40.1946
0,126,79,0,0,40.1925
0,127,79,0,0,40.1907
0,0,80,0,4.97381e-05,40.2731
0,1,80,0,4.3935e-05,40.2725
0,2,80,0,3e-05,40.2712
0,3,80,0,3.288e-05,40.27
0,4,80,0,3.144e-05,40.2685
0,5,80,0,3.0705e-05,40.2673
0,6,80,0,2.4645e-05,40.2653
0,7,80,0,2.715e-05,40.264
0,8,80,0,2.286e-05,40.263
0,9,80,0,2.53725e-05,40.2625
0,10,80,0,1.8405e-05,40.261
0,11,80,0,3.144e-05,40.2596
0,12,80,0,1.66125e-05,40.2575
0,13,80,0,3e-05,40.2569
0,14,80,0,2.856e-05,40.2562
0,15,80,0,1.572e-05,40.2547
0,16,80,0,2.9655e-05,40.2541
0,17,80,0,2.23125e-05,40.253
0,18,80,0,3.288e-05,40.2522
0,19,80,0,2.286e-05,40.2514
0,20,80,0,5.286e-05,40.2518
0,21,80,0,2.23125e-05,40.2502
0,22,80,0,7.14e-06,40.2491
0,23,80,0,3.858e-05,40.2505
0,24,80,0,2.856e-05,40.2506
0,25,80,0,4.01625e-05,40.2514
0,26,80,0,4.8285e-05,40.2519
0,27,80,0,7.03575e-05,40.2522
0,28,80,0,2.286e-05,40.2504
0,29,80,0,7.30425e-05,40.2516
0,30,80,0,2.142e-05,40.2496
0,31,80,0,5.0385e-05,40.25
0,32,80,0,2.856e-05,40.2488
0,33,80,0,4.428e-05,40.2488
0,34,80,0,4.02e-05,40.2475
0,35,80,0,3.05475e-05,40.2459
0,36,80,0,2.10825e-05,40.2448
0,37,80,0,5.718e-05,40.2456
0,38,80,0,8.2125e-06,40.2435
0,39,80,0,3.858e-05,40.2439
0,40,80,0,4.716e-05,40.2438
0,41,80,0,8.712e-05,40.2441
0,42,80,0,1.857e-05,40.2405
0,43,80,0,2.286e-05,40.2391
0,44,80,0,3.26775e-05,40.2395
0,45,80,0,1.428e-05,40.2399
0,46,80,0,4.428e-05,40.2413
0,47,80,0,5.78775e-05,40.2416
0,48,80,0,1.572e-05,40.2394
0,49,80,0,6.858e-05,40.2406
0,50,80,0,2.32275e-05,40.2388
0,51,80,0,3.714e-05,40.2388
0,52,80,0,7.14e-06,40.2385
0,53,80,0,4.431e-05,40.241
0,54,80,0,8.58e-06,40.2414
0,55,80,0,4.641e-05,40.2445
0,56,80,0,3e-05,40.2454
0,57,80,0,4.572e-05,40.2469
0,58,80,0,4.284e-05,40.2473
0,59,80,0,2.6085e-05,40.247
0,60,80,0,3.91275e-05,40.2484
0,61,80,0,2.643e-05,40.249
0,62,80,0,5.217e-05,40.2509
0,63,80,0,1.428e-05,40.2506
0,64,80,0,3.06506e-05,40.2517
0,65,80,0,3.144e-05,40.2524
0,66,80,0,8.001e-05,40.2544
0,67,80,0,6.714e-05,40.2532
0,68,80,0,3.714e-05,40.2504
0,69,80,0,6.41175e-05,40.2492
0,70,80,0,2.73225e-05,40.2464
0,71,80,0,6.501e-05,40.2464
0,72,80,0,3e-05,40.2448
0,73,80,0,5.736e-05,40.2444
0,74,80,0,4.39425e-05,40.2425
0,75,80,0,4.428e-05,40.2409
0,76,80,0,3.357e-05,40.2397
0,77,80,0,4.1055e-05,40.2393
0,78,80,0,6.714e-05,40.2395
0,79,80,0,7.002e-05,40.2386
0,80,80,0,3.714e-05,40.2364
0,81,80,0,4.002e-05,40.2351
0,82,80,0,3.714e-05,40.2338
0,83,80,0,2.736e-05,40.2316
0,84,80,0,4.716e-05,40.2306
0,85,80,0,3.144e-05,40.2285
0,86,80,0,2.142e-05,40.2272
0,87,80,0,6.02025e-05,40.2271
0,88,80,0,8.58e-06,40.224
0,89,80,0,3.144e-05,40.2238
0,90,80,0,2.56275e-05,40.2233
0,91,80,0,2.142e-05,40.2227
0,92,80,0,3e-05,40.2228
0,93,80,0,4.785e-05,40.223
0,94,80,0,2.856e-05,40.2211
0,95,80,0,2.142e-05,40.2194
0,96,80,0,5.142e-05,40.2191
0,97,80,0,2.82225e-05,40.2168
0,98,80,0,2.43e-05,40.2157
0,99,80,0,8.58e-06,40.2149
0,100,80,0,4.716e-05,40.2162
0,101,80,0,3.714e-05,40.2164
0,102,80,0,2.142e-05,40.2163
0,103,80,0,6.0345e-05,40.2181
0,104,80,0,6e-05,40.218
0,105,80,0,4.716e-05,40.2162
0,106,80,0,2.142e-05,40.2139
0,107,80,0,3.18e-05,40.2131
0,108,80,0,3.23325e-05,40.2121
0,109,80,0,4.284e-05,40.212
0,110,80,0,4.572e-05,40.2117
0,111,80,0,3.501e-05,40.2112
0,112,80,0,2.142e-05,40.2105
0,113,80,0,2.43e-05,40.2105
0,114,80,0,5.7855e-05,40.212
0,115,80,0,1.83975e-05,40.2096
0,116,80,0,4.998e-05,40.2088
0,117,80,0,3.144e-05,40.2066
0,118,80,0,1.7865e-05,40.2051
0,119,80,0,2.142e-05,40.205
0,120,80,0,4.002e-05,40.2059
0,121,80,0,5.43e-05,40.2067
0,122,80,0,5.19675e-05,40.206
0,123,80,0,4.572e-05,40.2046
0,124,80,0,1.428e-05,40.2014
0,125,80,0,3.3225e-05,40.1991
0,126,80,0,2.286e-05,40.1961
0,127,80,0,8.58e-06,40.193
0,0,81,0,5.58431e-05,40.2707
0,1,81,0,1.6065e-05,40.2693
0,2,81,0,4.095e-05,40.2693
0,3,81,0,5.217e-05,40.2686
0,4,81,0,1.572e-05,40.2663
0,5,81,0,7.9335e-05,40.267
0,6,81,0,2.142e-05,40.2637
0,7,81,0,3.285e-05,40.2626
0,8,81,0,3.714e-05,40.2624
0,9,81,0,7.55475e-05,40.2634
0,10,81,0,6.50025e-05,40.2617
0,11,81,0,4.572e-05,40.259
0,12,81,0,2.76675e-05,40.2565
0,13,81,0,3.144e-05,40.2557
0,14,81,0,6.432e-05,40.2561
0,15,81,0,4.716e-05,40.2547
0,16,81,0,4.6065e-05,40.2536
0,17,81,0,5.14125e-05,40.2525
0,18,81,0,2.286e-05,40.2504
0,19,81,0,3.594e-05,40.2499
0,20,81,0,2.856e-05,40.2495
0,21,81,0,4.84125e-05,40.2496
0,22,81,0,2.91075e-05,40.2486
0,23,81,0,5.142e-05,40.2496
0,24,81,0,4.146e-05,40.2496
0,25,81,0,4.7505e-05,40.25
0,26,81,0,4.5015e-05,40.2497
0,27,81,0,2.10825e-05,40.2486
0,28,81,0,2.91075e-05,40.2483
0,29,81,0,4.002e-05,40.249
0,30,81,0,3.82125e-05,40.2487
0,31,81,0,5.37525e-05,40.2491
0,32,81,0,3.858e-05,40.2483
0,33,81,0,7.12575e-05,40.2488
0,34,81,0,3.14175e-05,40.2465
0,35,81,0,4.01625e-05,40.2454
0,36,81,0,2.46375e-05,40.2441
0,37,81,0,5.71425e-05,40.2451
0,38,81,0,5.8035e-05,40.2444
0,39,81,0,5.43e-05,40.2434
0,40,81,0,2.286e-05,40.2414
0,41,81,0,2.142e-05,40.2404
0,42,81,0,4.143e-05,40.2395
0,43,81,0,1.143e-05,40.2378
0,44,81,0,2.16225e-05,40.2387
0,45,81,0,7.90875e-05,40.2414
0,46,81,0,4.26975e-05,40.2411
0,47,81,0,6.054e-05,40.2411
0,48,81,0,1.428e-05,40.2383
0,49,81,0,1.96425e-05,40.2381
0,50,81,0,3.01875e-05,40.238
0,51,81,0,2.142e-05,40.2378
0,52,81,0,1.82325e-05,40.2385
0,53,81,0,6.003e-05,40.2414
0,54,81,0,2.43e-05,40.242
0,55,81,0,7.48275e-05,40.2457
0,56,81,0,5.34075e-05,40.2463
0,57,81,0,4.86e-05,40.247
0,58,81,0,5.8215e-05,40.2476
0,59,81,0,1.9635e-05,40.2467
0,60,81,0,5.68125e-05,40.2488
0,61,81,0,4.071e-05,40.2494
0,62,81,0,4.503e-05,40.2509
0,63,81,0,6.858e-05,40.2524
0,64,81,0,3.77906e-05,40.252
0,65,81,0,3.714e-05,40.252
0,66,81,0,5.307e-05,40.2528
0,67,81,0,5.286e-05,40.2519
0,68,81,0,4.14525e-05,40.2496
0,69,81,0,3.44625e-05,40.2474
0,70,81,0,2.5905e-05,40.2453
0,71,81,0,2.37525e-05,40.2446
0,72,81,0,6.645e-05,40.2453
0,73,81,0,5.43e-05,40.244
0,74,81,0,4.03575e-05,40.2417
0,75,81,0,2.43e-05,40.2397
0,76,81,0,5.073e-05,40.2396
0,77,81,0,5.142e-05,40.2389
0,78,81,0,2.286e-05,40.237
0,79,81,0,2.286e-05,40.2362
0,80,81,0,5.574e-05,40.2364
0,81,81,0,4.86e-05,40.2356
0,82,81,0,8.30625e-05,40.2354
0,83,81,0,3.57e-05,40.2321
0,84,81,0,4.87425e-05,40.2308
0,85,81,0,2.87625e-05,40.2286
0,86,81,0,5.712e-05,40.2284
0,87,81,0,4.19475e-05,40.227
0,88,81,0,3.144e-05,40.225
0,89,81,0,3.5025e-05,40.2246
0,90,81,0,5.7285e-05,40.2252
0,91,81,0,4.73325e-05,40.2246
0,92,81,0,5.166e-05,40.2244
0,93,81,0,6.16275e-05,40.2242
0,94,81,0,6.288e-05,40.2228
0,95,81,0,3.714e-05,40.2202
0,96,81,0,4.572e-05,40.2189
0,97,81,0,1.74975e-05,40.2165
0,98,81,0,4.002e-05,40.2164
0,99,81,0,5.142e-05,40.2164
0,100,81,0,1.6065e-05,40.2155
0,101,81,0,4.6815e-05,40.2167
0,102,81,0,4.428e-05,40.217
0,103,81,0,3.945e-05,40.2175
0,104,81,0,5.574e-05,40.2177
0,105,81,0,3.57e-05,40.2159
0,106,81,0,4.2495e-05,40.2148
0,107,81,0,5.33925e-05,40.214
0,108,81,0,1.66125e-05,40.2117
0,109,81,0,2.8215e-05,40.2113
0,110,81,0,1.572e-05,40.2106
0,111,81,0,4.4295e-05,40.2117
0,112,81,0,6.432e-05,40.2123
0,113,81,0,1.428e-05,40.2111
0,114,81,0,9.6615e-05,40.214
0,115,81,0,6.02025e-05,40.2115
0,116,81,0,2.55375e-05,40.2084
0,117,81,0,2.2155e-05,40.2064
0,118,81,0,3.37575e-05,40.2058
0,119,81,0,4.308e-05,40.2058
0,120,81,0,2.60775e-05,40.2056
0,121,81,0,5.856e-05,40.2066
0,122,81,0,2.23125e-05,40.2052
0,123,81,0,7.29e-05,40.2059
0,124,81,0,7.19475e-05,40.2038
0,125,81,0,2.6775e-05,40.1996
0,126,81,0,3.714e-05,40.1969
0,127,81,0,1.7865e-05,40.1937
0,0,82,0,1.85006e-05,40.2647
0,1,82,0,0,40.2633
0,2,82,0,3.57e-06,40.2624
0,3,82,0,3.57e-06,40.2613
0,4,82,0,0,40.2597
0,5,82,0,0,40.2588
0,6,82,0,5.355e-06,40.2574
0,7,82,0,0,40.2561
0,8,82,0,0,40.2555
0,9,82,0,1.482e-05,40.2555
0,10,82,0,8.925e-07,40.2538
0,11,82,0,0,40.2518
0,12,82,0,0,40.2501
0,13,82,0,0,40.2491
0,14,82,0,0,40.2484
0,15,82,0,0,40.2475
0,16,82,0,0,40.2465
0,17,82,0,6.255e-06,40.2457
0,18,82,0,0,40.2443
0,19,82,0,0,40.2435
0,20,82,0,0,40.2431
0,21,82,0,6.435e-06,40.243
0,22,82,0,8.925e-07,40.2424
0,23,82,0,0,40.2424
0,24,82,0,0,40.2424
0,25,82,0,8.925e-07,40.2424
0,26,82,0,0,40.2421
0,27,82,0,0,40.2416
0,28,82,0,8.925e-07,40.2415
0,29,82,0,2.6775e-06,40.2417
0,30,82,0,7.5075e-06,40.2418
0,31,82,0,4.4625e-06,40.2416
0,32,82,0,0,40.2411
0,33,82,0,4.4625e-06,40.241
0,34,82,0,1.28625e-05,40.2404
0,35,82,0,1.071e-05,40.2393
0,36,82,0,0,40.2381
0,37,82,0,2.8575e-06,40.2378
0,38,82,0,8.925e-07,40.2371
0,39,82,0,0,40.2362
0,40,82,0,0,40.235
0,41,82,0,0,40.2342
0,42,82,0,0,40.2336
0,43,82,0,4.29e-06,40.2331
0,44,82,0,0,40.2333
0,45,82,0,8.925e-07,40.2342
0,46,82,0,4.4625e-06,40.2345
0,47,82,0,4.4625e-06,40.2343
0,48,82,0,0,40.2332
0,49,82,0,3.2175e-06,40.2331
0,50,82,0,9.465e-06,40.2334
0,51,82,0,0,40.2333
0,52,82,0,6.2475e-06,40.2342
0,53,82,0,0,40.2354
0,54,82,0,0,40.2366
0,55,82,0,4.4625e-06,40.2386
0,56,82,0,8.925e-07,40.2395
0,57,82,0,0,40.2402
0,58,82,0,1.785e-06,40.2409
0,59,82,0,0,40.2412
0,60,82,0,0,40.2423
0,61,82,0,0,40.2433
0,62,82,0,0,40.2445
0,63,82,0,0,40.2457
0,64,82,0,1.85006e-05,40.2468
0,65,82,0,0,40.2459
0,66,82,0,0,40.2453
0,67,82,0,0,40.2443
0,68,82,0,7.3275e-06,40.243
0,69,82,0,0,40.241
0,70,82,0,1.0725e-06,40.2395
0,71,82,0,2.6775e-06,40.2385
0,72,82,0,3.57e-06,40.2379
0,73,82,0,0,40.2366
0,74,82,0,0,40.2351
0,75,82,0,0,40.2337
0,76,82,0,0,40.2329
0,77,82,0,8.925e-06,40.2323
0,78,82,0,0,40.2308
0,79,82,0,0,40.2298
0,80,82,0,0,40.2292
0,81,82,0,0,40.2285
0,82,82,0,2.6775e-06,40.2277
0,83,82,0,0,40.2259
0,84,82,0,2.6775e-06,40.2246
0,85,82,0,2.6775e-06,40.2232
0,86,82,0,0,40.2223
0,87,82,0,1.071e-05,40.2215
0,88,82,0,0,40.2201
0,89,82,0,6.435e-06,40.2197
0,90,82,0,7.5075e-06,40.2196
0,91,82,0,1.41075e-05,40.2193
0,92,82,0,0,40.2183
0,93,82,0,4.8225e-06,40.2176
0,94,82,0,0,40.2162
0,95,82,0,0,40.2146
0,96,82,0,0,40.2133
0,97,82,0,0,40.212
0,98,82,0,0,40.2114
0,99,82,0,0,40.2111
0,100,82,0,5.355e-06,40.211
0,101,82,0,1.785e-06,40.2112
0,102,82,0,0,40.2113
0,103,82,0,1.0185e-05,40.2116
0,104,82,0,0,40.211
0,105,82,0,0,40.21
0,106,82,0,1.785e-06,40.2093
0,107,82,0,6.2475e-06,40.2086
0,108,82,0,5.355e-06,40.2075
0,109,82,0,8.925e-06,40.2069
0,110,82,0,0,40.2062
0,111,82,0,6.435e-06,40.2064
0,112,82,0,0,40.2062
0,113,82,0,0,40.206
0,114,82,0,1.125e-05,40.2067
0,115,82,0,0,40.2051
0,116,82,0,4.4625e-06,40.2035
0,117,82,0,2.145e-06,40.202
0,118,82,0,2.6775e-06,40.2012
0,119,82,0,0,40.2007
0,120,82,0,5.3625e-06,40.2006
0,121,82,0,0,40.2003
0,122,82,0,0,40.1995
0,123,82,0,0,40.1989
0,124,82,0,8.925e-07,40.1974
0,125,82,0,0,40.195
0,126,82,0,0,40.193
0,127,82,0,6.435e-06,40.1913
0,0,83,0,1.85006e-05,40.2595
0,1,83,0,0,40.2577
0,2,83,0,0,40.2563
0,3,83,0,0,40.2549
0,4,83,0,0,40.2535
0,5,83,0,0,40.2523
0,6,83,0,0,40.251
0,7,83,0,0,40.2498
0,8,83,0,0,40.2489
0,9,83,0,0,40.2482
0,10,83,0,0,40.2469
0,11,83,0,0,40.2454
0,12,83,0,0,40.2441
0,13,83,0,0,40.243
0,14,83,0,0,40.2421
0,15,83,0,0,40.2412
0,16,83,0,0,40.2403
0,17,83,0,0,40.2394
0,18,83,0,0,40.2385
0,19,83,0,0,40.2377
0,20,83,0,0,40.2372
0,21,83,0,0,40.2368
0,22,83,0,0,40.2364
0,23,83,0,0,40.2362
0,24,83,0,0,40.236
0,25,83,0,0,40.2359
0,26,83,0,0,40.2356
0,27,83,0,0,40.2353
0,28,83,0,0,40.2351
0,29,83,0,0,40.2351
0,30,83,0,0,40.235
0,31,83,0,0,40.2347
0,32,83,0,0,40.2344
0,33,83,0,0,40.234
0,34,83,0,0,40.2335
0,35,83,0,0,40.2327
0,36,83,0,0,40.232
0,37,83,0,0,40.2314
0,38,83,0,0,40.2308
0,39,83,0,0,40.2301
0,40,83,0,0,40.2293
0,41,83,0,0,40.2287
0,42,83,0,0,40.2283
0,43,83,0,0,40.228
0,44,83,0,0,40.2281
0,45,83,0,0,40.2284
0,46,83,0,0,40.2286
0,47,83,0,0,40.2285
0,48,83,0,0,40.2282
0,49,83,0,0,40.2282
0,50,83,0,0,40.2284
0,51,83,0,0,40.2287
0,52,83,0,0,40.2294
0,53,83,0,0,40.2303
0,54,83,0,0,40.2314
0,55,83,0,0,40.2327
0,56,83,0,0,40.2337
0,57,83,0,0,40.2345
0,58,83,0,0,40.2352
0,59,83,0,0,40.236
0,60,83,0,0,40.2369
0,61,83,0,0,40.2379
0,62,83,0,0,40.239
0,63,83,0,0,40.2403
0,64,83,0,1.85006e-05,40.2417
0,65,83,0,0,40.2404
0,66,83,0,0,40.2393
0,67,83,0,0,40.2381
0,68,83,0,0,40.2367
0,69,83,0,0,40.2352
0,70,83,0,0,40.2338
0,71,83,0,0,40.2327
0,72,83,0,0,40.2317
0,73,83,0,0,40.2305
0,74,83,0,0,40.2292
0,75,83,0,0,40.228
0,76,83,0,0,40.227
0,77,83,0,0,40.2261
0,78,83,0,0,40.225
0,79,83,0,0,40.224
0,80,83,0,0,40.2232
0,81,83,0,0,40.2223
0,82,83,0,0,40.2213
0,83,83,0,0,40.2201
0,84,83,0,0,40.2189
0,85,83,0,0,40.2178
0,86,83,0,0,40.2168
0,87,83,0,0,40.216
0,88,83,0,0,40.215
0,89,83,0,0,40.2144
0,90,83,0,0,40.214
0,91,83,0,0,40.2134
0,92,83,0,0,40.2127
0,93,83,0,0,40.2118
0,94,83,0,0,40.2108
0,95,83,0,0,40.2096
0,96,83,0,0,40.2085
0,97,83,0,0,40.2076
0,98,83,0,0,40.207
0,99,83,0,0,40.2066
0,100,83,0,0,40.2063
0,101,83,0,0,40.2062
0,102,83,0,0,40.2061
0,103,83,0,0,40.206
0,104,83,0,0,40.2055
0,105,83,0,0,40.2048
0,106,83,0,0,40.2041
0,107,83,0,0,40.2035
0,108,83,0,0,40.2027
0,109,83,0,0,40.2021
0,110,83,0,0,40.2016
0,111,83,0,0,40.2014
0,112,83,0,0,40.2011
0,113,83,0,0,40.2008
0,114,83,0,0,40.2005
0,115,83,0,0,40.1996
0,116,83,0,0,40.1985
0,117,83,0,0,40.1975
0,118,83,0,0,40.1967
0,119,83,0,0,40.1961
0,120,83,0,0,40.1956
0,121,83,0,0,40.1951
0,122,83,0,0,40.1945
0,123,83,0,0,40.1936
0,124,83,0,0,40.1924
0,125,83,0,0,40.1909
0,126,83,0,0,40.1895
0,127,83,0,0,40.1883
0,0,84,0,1.85006e-05,40.2548
0,1,84,0,0,40.2528
0,2,84,0,0,40.251
0,3,84,0,0,40.2495
0,4,84,0,0,40.248
0,5,84,0,0,40.2467
0,6,84,0,0,40.2454
0,7,84,0,0,40.2443
0,8,84,0,0,40.2432
0,9,84,0,0,40.2422
0,10,84,0,0,40.2411
0,11,84,0,0,40.2399
0,12,84,0,0,40.2387
0,13,84,0,0,40.2376
0,14,84,0,0,40.2367
0,15,84,0,0,40.2358
0,16,84,0,0,40.235
0,17,84,0,0,40.2341
0,18,84,0,0,40.2333
0,19,84,0,0,40.2326
0,20,84,0,0,40.2321
0,21,84,0,0,40.2316
0,22,84,0,0,40.2312
0,23,84,0,0,40.2309
0,24,84,0,0,40.2306
0,25,84,0,0,40.2303
0,26,84,0,0,40.2301
0,27,84,0,0,40.2298
0,28,84,0,0,40.2295
0,29,84,0,0,40.2294
0,30,84,0,0,40.2291
0,31,84,0,0,40.2289
0,32,84,0,0,40.2285
0,33,84,0,0,40.2282
0,34,84,0,0,40.2277
0,35,84,0,0,40.2271
0,36,84,0,0,40.2265
0,37,84,0,0,40.226
0,38,84,0,0,40.2255
0,39,84,0,0,40.2249
0,40,84,0,0,40.2244
0,41,84,0,0,40.224
0,42,84,0,0,40.2236
0,43,84,0,0,40.2235
0,44,84,0,0,40.2235
0,45,84,0,0,40.2236
0,46,84,0,0,40.2237
0,47,84,0,0,40.2238
0,48,84,0,0,40.2238
0,49,84,0,0,40.2239
0,50,84,0,0,40.2242
0,51,84,0,0,40.2246
0,52,84,0,0,40.2252
0,53,84,0,0,40.226
0,54,84,0,0,40.227
0,55,84,0,0,40.228
0,56,84,0,0,40.2289
0,57,84,0,0,40.2297
0,58,84,0,0,40.2306
0,59,84,0,0,40.2314
0,60,84,0,0,40.2323
0,61,84,0,0,40.2333
0,62,84,0,0,40.2345
0,63,84,0,0,40.2357
0,64,84,0,1.85006e-05,40.2371
0,65,84,0,0,40.2356
0,66,84,0,0,40.2343
0,67,84,0,0,40.233
0,68,84,0,0,40.2316
0,69,84,0,0,40.2302
0,70,84,0,0,40.2289
0,71,84,0,0,40.2276
0,72,84,0,0,40.2265
0,73,84,0,0,40.2253
0,74,84,0,0,40.2241
0,75,84,0,0,40.223
0,76,84,0,0,40.2219
0,77,84,0,0,40.2209
0,78,84,0,0,40.2199
0,79,84,0,0,40.219
0,80,84,0,0,40.218
0,81,84,0,0,40.2171
0,82,84,0,0,40.2161
0,83,84,0,0,40.2151
0,84,84,0,0,40.214
0,85,84,0,0,40.213
0,86,84,0,0,40.2121
0,87,84,0,0,40.2113
0,88,84,0,0,40.2105
0,89,84,0,0,40.2098
0,90,84,0,0,40.2092
0,91,84,0,0,40.2086
0,92,84,0,0,40.2079
0,93,84,0,0,40.2071
0,94,84,0,0,40.2063
0,95,84,0,0,40.2053
0,96,84,0,0,40.2045
0,97,84,0,0,40.2037
0,98,84,0,0,40.2031
0,99,84,0,0,40.2026
0,100,84,0,0,40.2023
0,101,84,0,0,40.202
0,102,84,0,0,40.2017
0,103,84,0,0,40.2014
0,104,84,0,0,40.201
0,105,84,0,0,40.2004
0,106,84,0,0,40.1998
0,107,84,0,0,40.1992
0,108,84,0,0,40.1986
0,109,84,0,0,40.198
0,110,84,0,0,40.1975
0,111,84,0,0,40.1971
0,112,84,0,0,40.1967
0,113,84,0,0,40.1963
0,114,84,0,0,40.1958
0,115,84,0,0,40.1951
0,116,84,0,0,40.1943
0,117,84,0,0,40.1935
0,118,84,0,0,40.1927
0,119,84,0,0,40.1921
0,120,84,0,0,40.1915
0,121,84,0,0,40.191
0,122,84,0,0,40.1903
0,123,84,0,0,40.1895
0,124,84,0,0,40.1886
0,125,84,0,0,40.1875
0,126,84,0,0,40.1865
0,127,84,0,0,40.1857
0,0,85,0,1.85006e-05,40.2507
0,1,85,0,0,40.2485
0,2,85,0,0,40.2466
0,3,85,0,0,40.2449
0,4,85,0,0,40.2434
0,5,85,0,0,40.242
0,6,85,0,0,40.2407
0,7,85,0,0,40.2395
0,8,85,0,0,40.2384
0,9,85,0,0,40.2373
0,10,85,0,0,40.2362
0,11,85,0,0,40.2351
0,12,85,0,0,40.2341
0,13,85,0,0,40.2331
0,14,85,0,0,40.2322
0,15,85,0,0,40.2313
0,16,85,0,0,40.2305
0,17,85,0,0,40.2297
0,18,85,0,0,40.2289
0,19,85,0,0,40.2283
0,20,85,0,0,40.2277
0,21,85,0,0,40.2272
0,22,85,0,0,40.2267
0,23,85,0,0,40.2264
0,24,85,0,0,40.226
0,25,85,0,0,40.2257
0,26,85,0,0,40.2254
0,27,85,0,0,40.2251
0,28,85,0,0,40.2248
0,29,85,0,0,40.2245
0,30,85,0,0,40.2243
0,31,85,0,0,40.224
0,32,85,0,0,40.2236
0,33,85,0,0,40.2233
0,34,85,0,0,40.2228
0,35,85,0,0,40.2224
0,36,85,0,0,40.2219
0,37,85,0,0,40.2214
0,38,85,0,0,40.221
0,39,85,0,0,40.2206
0,40,85,0,0,40.2202
0,41,85,0,0,40.2199
0,42,85,0,0,40.2197
0,43,85,0,0,40.2196
0,44,85,0,0,40.2196
0,45,85,0,0,40.2197
0,46,85,0,0,40.2199
0,47,85,0,0,40.22
0,48,85,0,0,40.2201
0,49,85,0,0,40.2204
0,50,85,0,0,40.2207
0,51,85,0,0,40.2212
0,52,85,0,0,40.2218
0,53,85,0,0,40.2225
0,54,85,0,0,40.2233
0,55,85,0,0,40.2242
0,56,85,0,0,40.2251
0,57,85,0,0,40.2259
0,58,85,0,0,40.2268
0,59,85,0,0,40.2276
0,60,85,0,0,40.2286
0,61,85,0,0,40.2296
0,62,85,0,0,40.2307
0,63,85,0,0,40.2319
0,64,85,0,1.85006e-05,40.2332
0,65,85,0,0,40.2317
0,66,85,0,0,40.2302
0,67,85,0,0,40.2288
0,68,85,0,0,40.2274
0,69,85,0,0,40.226
0,70,85,0,0,40.2247
0,71,85,0,0,40.2234
0,72,85,0,0,40.2222
0,73,85,0,0,40.221
0,74,85,0,0,40.2198
0,75,85,0,0,40.2187
0,76,85,0,0,40.2177
0,77,85,0,0,40.2167
0,78,85,0,0,40.2157
0,79,85,0,0,40.2147
0,80,85,0,0,40.2138
0,81,85,0,0,40.2128
0,82,85,0,0,40.2119
0,83,85,0,0,40.2109
0,84,85,0,0,40.21
0,85,85,0,0,40.209
0,86,85,0,0,40.2082
0,87,85,0,0,40.2074
0,88,85,0,0,40.2066
0,89,85,0,0,40.206
0,90,85,0,0,40.2053
0,91,85,0,0,40.2047
0,92,85,0,0,40.204
0,93,85,0,0,40.2033
0,94,85,0,0,40.2026
0,95,85,0,0,40.2018
0,96,85,0,0,40.2011
0,97,85,0,0,40.2004
0,98,85,0,0,40.1998
0,99,85,0,0,40.1993
0,100,85,0,0,40.1989
0,101,85,0,0,40.1986
0,102,85,0,0,40.1982
0,103,85,0,0,40.1978
0,104,85,0,0,40.1974
0,105,85,0,0,40.1969
0,106,85,0,0,40.1963
0,107,85,0,0,40.1957
0,108,85,0,0,40.1952
0,109,85,0,0,40.1946
0,110,85,0,0,40.1941
0,111,85,0,0,40.1936
0,112,85,0,0,40.1932
0,113,85,0,0,40.1927
0,114,85,0,0,40.1921
0,115,85,0,0,40.1915
0,116,85,0,0,40.1908
0,117,85,0,0,40.1901
0,118,85,0,0,40.1894
0,119,85,0,0,40.1888
0,120,85,0,0,40.1882
0,121,85,0,0,40.1876
0,122,85,0,0,40.187
0,123,85,0,0,40.1863
0,124,85,0,0,40.1855
0,125,85,0,0,40.1847
0,126,85,0,0,40.184
0,127,85,0,0,40.1834
0,0,86,0,1.85006e-05,40.2472
0,1,86,0,0,40.2449
0,2,86,0,0,40.2429
0,3,86,0,0,40.2412
0,4,86,0,0,40.2396
0,5,86,0,0,40.2381
0,6,86,0,0,40.2368
0,7,86,0,0,40.2356
0,8,86,0,0,40.2345
0,9,86,0,0,40.2334
0,10,86,0,0,40.2323
0,11,86,0,0,40.2313
0,12,86,0,0,40.2303
0,13,86,0,0,40.2293
0,14,86,0,0,40.2285
0,15,86,0,0,40.2276
0,16,86,0,0,40.2268
0,17,86,0,0,40.2261
0,18,86,0,0,40.2253
0,19,86,0,0,40.2247
0,20,86,0,0,40.2241
0,21,86,0,0,40.2236
0,22,86,0,0,40.2231
0,23,86,0,0,40.2226
0,24,86,0,0,40.2222
0,25,86,0,0,40.2219
0,26,86,0,0,40.2215
0,27,86,0,0,40.2212
0,28,86,0,0,40.2209
0,29,86,0,0,40.2206
0,30,86,0,0,40.2203
0,31,86,0,0,40.2199
0,32,86,0,0,40.2196
0,33,86,0,0,40.2192
0,34,86,0,0,40.2189
0,35,86,0,0,40.2185
0,36,86,0,0,40.2181
0,37,86,0,0,40.2177
0,38,86,0,0,40.2174
0,39,86,0,0,40.2171
0,40,86,0,0,40.2168
0,41,86,0,0,40.2166
0,42,86,0,0,40.2165
0,43,86,0,0,40.2165
0,44,86,0,0,40.2165
0,45,86,0,0,40.2166
0,46,86,0,0,40.2168
0,47,86,0,0,40.217
0,48,86,0,0,40.2172
0,49,86,0,0,40.2175
0,50,86,0,0,40.2179
0,51,86,0,0,40.2184
0,52,86,0,0,40.219
0,53,86,0,0,40.2197
0,54,86,0,0,40.2204
0,55,86,0,0,40.2213
0,56,86,0,0,40.2221
0,57,86,0,0,40.2229
0,58,86,0,0,40.2238
0,59,86,0,0,40.2247
0,60,86,0,0,40.2256
0,61,86,0,0,40.2266
0,62,86,0,0,40.2277
0,63,86,0,0,40.2289
0,64,86,0,1.85006e-05,40.2302
0,65,86,0,0,40.2285
0,66,86,0,0,40.227
0,67,86,0,0,40.2255
0,68,86,0,0,40.224
0,69,86,0,0,40.2226
0,70,86,0,0,40.2213
0,71,86,0,0,40.22
0,72,86,0,0,40.2188
0,73,86,0,0,40.2175
0,74,86,0,0,40.2164
0,75,86,0,0,40.2153
0,76,86,0,0,40.2142
0,77,86,0,0,40.2132
0,78,86,0,0,40.2122
0,79,86,0,0,40.2112
0,80,86,0,0,40.2103
0,81,86,0,0,40.2094
0,82,86,0,0,40.2084
0,83,86,0,0,40.2075
0,84,86,0,0,40.2066
0,85,86,0,0,40.2058
0,86,86,0,0,40.205
0,87,86,0,0,40.2042
0,88,86,0,0,40.2035
0,89,86,0,0,40.2028
0,90,86,0,0,40.2022
0,91,86,0,0,40.2016
0,92,86,0,0,40.201
0,93,86,0,0,40.2003
0,94,86,0,0,40.1997
0,95,86,0,0,40.199
0,96,86,0,0,40.1984
0,97,86,0,0,40.1978
0,98,86,0,0,40.1972
0,99,86,0,0,40.1967
0,100,86,0,0,40.1963
0,101,86,0,0,40.1959
0,102,86,0,0,40.1955
0,103,86,0,0,40.1951
0,104,86,0,0,40.1946
0,105,86,0,0,40.1941
0,106,86,0,0,40.1935
0,107,86,0,0,40.193
0,108,86,0,0,40.1924
0,109,86,0,0,40.1919
0,110,86,0,0,40.1914
0,111,86,0,0,40.1909
0,112,86,0,0,40.1904
0,113,86,0,0,40.1898
0,114,86,0,0,40.1893
0,115,86,0,0,40.1887
0,116,86,0,0,40.188
0,117,86,0,0,40.1874
0,118,86,0,0,40.1868
0,119,86,0,0,40.1862
0,120,86,0,0,40.1856
0,121,86,0,0,40.185
0,122,86,0,0,40.1844
0,123,86,0,0,40.1838
0,124,86,0,0,40.1832
0,125,86,0,0,40.1826
0,126,86,0,0,40.182
0,127,86,0,0,40.1816
0,0,87,0,1.85006e-05,40.2443
0,1,87,0,0,40.242
0,2,87,0,0,40.2399
0,3,87,0,0,40.2381
0,4,87,0,0,40.2365
0,5,87,0,0,40.235
0,6,87,0,0,40.2337
0,7,87,0,0,40.2325
0,8,87,0,0,40.2313
0,9,87,0,0,40.2302
0,10,87,0,0,40.2292
0,11,87,0,0,40.2282
0,12,87,0,0,40.2273
0,13,87,0,0,40.2264
0,14,87,0,0,40.2255
0,15,87,0,0,40.2247
0,16,87,0,0,40.2239
0,17,87,0,0,40.2232
0,18,87,0,0,40.2225
0,19,87,0,0,40.2219
0,20,87,0,0,40.2213
0,21,87,0,0,40.2207
0,22,87,0,0,40.2202
0,23,87,0,0,40.2197
0,24,87,0,0,40.2193
0,25,87,0,0,40.2189
0,26,87,0,0,40.2185
0,27,87,0,0,40.2181
0,28,87,0,0,40.2178
0,29,87,0,0,40.2174
0,30,87,0,0,40.2171
0,31,87,0,0,40.2167
0,32,87,0,0,40.2164
0,33,87,0,0,40.2161
0,34,87,0,0,40.2157
0,35,87,0,0,40.2154
0,36,87,0,0,40.215
0,37,87,0,0,40.2148
0,38,87,0,0,40.2145
0,39,87,0,0,40.2143
0,40,87,0,0,40.2141
0,41,87,0,0,40.214
0,42,87,0,0,40.214
0,43,87,0,0,40.214
0,44,87,0,0,40.2141
0,45,87,0,0,40.2143
0,46,87,0,0,40.2145
0,47,87,0,0,40.2148
0,48,87,0,0,40.2151
0,49,87,0,0,40.2154
0,50,87,0,0,40.2158
0,51,87,0,0,40.2164
0,52,87,0,0,40.217
0,53,87,0,0,40.2176
0,54,87,0,0,40.2184
0,55,87,0,0,40.2191
0,56,87,0,0,40.22
0,57,87,0,0,40.2208
0,58,87,0,0,40.2217
0,59,87,0,0,40.2226
0,60,87,0,0,40.2235
0,61,87,0,0,40.2245
0,62,87,0,0,40.2255
0,63,87,0,0,40.2267
0,64,87,0,1.85006e-05,40.2279
0,65,87,0,0,40.2262
0,66,87,0,0,40.2246
0,67,87,0,0,40.223
0,68,87,0,0,40.2215
0,69,87,0,0,40.2201
0,70,87,0,0,40.2187
0,71,87,0,0,40.2174
0,72,87,0,0,40.2161
0,73,87,0,0,40.2149
0,74,87,0,0,40.2137
0,75,87,0,0,40.2126
0,76,87,0,0,40.2115
0,77,87,0,0,40.2105
0,78,87,0,0,40.2095
0,79,87,0,0,40.2085
0,80,87,0,0,40.2076
0,81,87,0,0,40.2067
0,82,87,0,0,40.2058
0,83,87,0,0,40.2049
0,84,87,0,0,40.2041
0,85,87,0,0,40.2033
0,86,87,0,0,40.2025
0,87,87,0,0,40.2018
0,88,87,0,0,40.2011
0,89,87,0,0,40.2004
0,90,87,0,0,40.1998
0,91,87,0,0,40.1993
0,92,87,0,0,40.1987
0,93,87,0,0,40.1981
0,94,87,0,0,40.1975
0,95,87,0,0,40.1969
0,96,87,0,0,40.1964
0,97,87,0,0,40.1958
0,98,87,0,0,40.1953
0,99,87,0,0,40.1949
0,100,87,0,0,40.1944
0,101,87,0,0,40.194
0,102,87,0,0,40.1935
0,103,87,0,0,40.193
0,104,87,0,0,40.1926
0,105,87,0,0,40.1921
0,106,87,0,0,40.1915
0,107,87,0,0,40.191
0,108,87,0,0,40.1904
0,109,87,0,0,40.1899
0,110,87,0,0,40.1894
0,111,87,0,0,40.1888
0,112,87,0,0,40.1883
0,113,87,0,0,40.1878
0,114,87,0,0,40.1872
0,115,87,0,0,40.1866
0,116,87,0,0,40.186
0,117,87,0,0,40.1854
0,118,87,0,0,40.1848
0,119,87,0,0,40.1842
0,120,87,0,0,40.1836
0,121,87,0,0,40.1831
0,122,87,0,0,40.1826
0,123,87,0,0,40.1821
0,124,87,0,0,40.1815
0,125,87,0,0,40.1811
0,126,87,0,0,40.1806
0,127,87,0,0,40.1803
0,0,88,0,1.85006e-05,40.242
0,1,88,0,0,40.2396
0,2,88,0,0,40.2376
0,3,88,0,0,40.2357
0,4,88,0,0,40.2341
0,5,88,0,0,40.2327
0,6,88,0,0,40.2313
0,7,88,0,0,40.2301
0,8,88,0,0,40.229
0,9,88,0,0,40.2279
0,10,88,0,0,40.2269
0,11,88,0,0,40.226
0,12,88,0,0,40.2251
0,13,88,0,0,40.2242
0,14,88,0,0,40.2234
0,15,88,0,0,40.2226
0,16,88,0,0,40.2219
0,17,88,0,0,40.2212
0,18,88,0,0,40.2205
0,19,88,0,0,40.2198
0,20,88,0,0,40.2192
0,21,88,0,0,40.2186
0,22,88,0,0,40.2181
0,23,88,0,0,40.2176
0,24,88,0,0,40.2171
0,25,88,0,0,40.2167
0,26,88,0,0,40.2162
0,27,88,0,0,40.2159
0,28,88,0,0,40.2155
0,29,88,0,0,40.2151
0,30,88,0,0,40.2147
0,31,88,0,0,40.2144
0,32,88,0,0,40.214
0,33,88,0,0,40.2137
0,34,88,0,0,40.2133
0,35,88,0,0,40.2131
0,36,88,0,0,40.2128
0,37,88,0,0,40.2126
0,38,88,0,0,40.2124
0,39,88,0,0,40.2123
0,40,88,0,0,40.2122
0,41,88,0,0,40.2122
0,42,88,0,0,40.2122
0,43,88,0,0,40.2123
0,44,88,0,0,40.2125
0,45,88,0,0,40.2127
0,46,88,0,0,40.213
0,47,88,0,0,40.2133
0,48,88,0,0,40.2136
0,49,88,0,0,40.214
0,50,88,0,0,40.2145
0,51,88,0,0,40.215
0,52,88,0,0,40.2156
0,53,88,0,0,40.2163
0,54,88,0,0,40.217
0,55,88,0,0,40.2178
0,56,88,0,0,40.2186
0,57,88,0,0,40.2195
0,58,88,0,0,40.2203
0,59,88,0,0,40.2212
0,60,88,0,0,40.2221
0,61,88,0,0,40.2231
0,62,88,0,0,40.2241
0,63,88,0,0,40.2252
0,64,88,0,1.85006e-05,40.2264
0,65,88,0,0,40.2246
0,66,88,0,0,40.2229
0,67,88,0,0,40.2213
0,68,88,0,0,40.2198
0,69,88,0,0,40.2183
0,70,88,0,0,40.2169
0,71,88,0,0,40.2155
0,72,88,0,0,40.2142
0,73,88,0,0,40.2129
0,74,88,0,0,40.2118
0,75,88,0,0,40.2106
0,76,88,0,0,40.2095
0,77,88,0,0,40.2085
0,78,88,0,0,40.2075
0,79,88,0,0,40.2066
0,80,88,0,0,40.2057
0,81,88,0,0,40.2048
0,82,88,0,0,40.2039
0,83,88,0,0,40.203
0,84,88,0,0,40.2022
0,85,88,0,0,40.2014
0,86,88,0,0,40.2007
0,87,88,0,0,40.2
0,88,88,0,0,40.1994
0,89,88,0,0,40.1988
0,90,88,0,0,40.1982
0,91,88,0,0,40.1977
0,92,88,0,0,40.1971
0,93,88,0,0,40.1966
0,94,88,0,0,40.1961
0,95,88,0,0,40.1956
0,96,88,0,0,40.1951
0,97,88,0,0,40.1946
0,98,88,0,0,40.1941
0,99,88,0,0,40.1937
0,100,88,0,0,40.1932
0,101,88,0,0,40.1927
0,102,88,0,0,40.1923
0,103,88,0,0,40.1918
0,104,88,0,0,40.1913
0,105,88,0,0,40.1908
0,106,88,0,0,40.1902
0,107,88,0,0,40.1897
0,108,88,0,0,40.1892
0,109,88,0,0,40.1886
0,110,88,0,0,40.1881
0,111,88,0,0,40.1875
0,112,88,0,0,40.187
0,113,88,0,0,40.1864
0,114,88,0,0,40.1858
0,115,88,0,0,40.1852
0,116,88,0,0,40.1846
0,117,88,0,0,40.184
0,118,88,0,0,40.1835
0,119,88,0,0,40.1829
0,120,88,0,0,40.1824
0,121,88,0,0,40.1819
0,122,88,0,0,40.1814
0,123,88,0,0,40.181
0,124,88,0,0,40.1805
0,125,88,0,0,40.1801
0,126,88,0,0,40.1798
0,127,88,0,0,40.1795
0,0,89,0,1.85006e-05,40.2403
0,1,89,0,0,40.2379
0,2,89,0,0,40.2359
0,3,89,0,0,40.2341
0,4,89,0,0,40.2325
0,5,89,0,0,40.231
0,6,89,0,0,40.2297
0,7,89,0,0,40.2285
0,8,89,0,0,40.2274
0,9,89,0,0,40.2264
0,10,89,0,0,40.2254
0,11,89,0,0,40.2245
0,12,89,0,0,40.2236
0,13,89,0,0,40.2228
0,14,89,0,0,40.2221
0,15,89,0,0,40.2213
0,16,89,0,0,40.2206
0,17,89,0,0,40.2199
0,18,89,0,0,40.2192
0,19,89,0,0,40.2185
0,20,89,0,0,40.2179
0,21,89,0,0,40.2173
0,22,89,0,0,40.2167
0,23,89,0,0,40.2162
0,24,89,0,0,40.2157
0,25,89,0,0,40.2152
0,26,89,0,0,40.2148
0,27,89,0,0,40.2144
0,28,89,0,0,40.214
0,29,89,0,0,40.2135
0,30,89,0,0,40.2131
0,31,89,0,0,40.2128
0,32,89,0,0,40.2124
0,33,89,0,0,40.212
0,34,89,0,0,40.2117
0,35,89,0,0,40.2115
0,36,89,0,0,40.2113
0,37,89,0,0,40.2111
0,38,89,0,0,40.211
0,39,89,0,0,40.211
0,40,89,0,0,40.211
0,41,89,0,0,40.211
0,42,89,0,0,40.2112
0,43,89,0,0,40.2113
0,44,89,0,0,40.2116
0,45,89,0,0,40.2119
0,46,89,0,0,40.2122
0,47,89,0,0,40.2125
0,48,89,0,0,40.2129
0,49,89,0,0,40.2134
0,50,89,0,0,40.2139
0,51,89,0,0,40.2144
0,52,89,0,0,40.2151
0,53,89,0,0,40.2158
0,54,89,0,0,40.2165
0,55,89,0,0,40.2173
0,56,89,0,0,40.2181
0,57,89,0,0,40.219
0,58,89,0,0,40.2198
0,59,89,0,0,40.2207
0,60,89,0,0,40.2216
0,61,89,0,0,40.2225
0,62,89,0,0,40.2235
0,63,89,0,0,40.2246
0,64,89,0,1.85006e-05,40.2257
0,65,89,0,0,40.2239
0,66,89,0,0,40.2221
0,67,89,0,0,40.2204
0,68,89,0,0,40.2188
0,69,89,0,0,40.2173
0,70,89,0,0,40.2158
0,71,89,0,0,40.2144
0,72,89,0,0,40.213
0,73,89,0,0,40.2118
0,74,89,0,0,40.2105
0,75,89,0,0,40.2094
0,76,89,0,0,40.2083
0,77,89,0,0,40.2073
0,78,89,0,0,40.2063
0,79,89,0,0,40.2054
0,80,89,0,0,40.2045
0,81,89,0,0,40.2036
0,82,89,0,0,40.2027
0,83,89,0,0,40.2019
0,84,89,0,0,40.2011
0,85,89,0,0,40.2003
0,86,89,0,0,40.1996
0,87,89,0,0,40.199
0,88,89,0,0,40.1984
0,89,89,0,0,40.1978
0,90,89,0,0,40.1973
0,91,89,0,0,40.1968
0,92,89,0,0,40.1963
0,93,89,0,0,40.1959
0,94,89,0,0,40.1954
0,95,89,0,0,40.195
0,96,89,0,0,40.1945
0,97,89,0,0,40.1941
0,98,89,0,0,40.1937
0,99,89,0,0,40.1932
0,100,89,0,0,40.1927
0,101,89,0,0,40.1923
0,102,89,0,0,40.1918
0,103,89,0,0,40.1913
0,104,89,0,0,40.1908
0,105,89,0,0,40.1902
0,106,89,0,0,40.1897
0,107,89,0,0,40.1891
0,108,89,0,0,40.1886
0,109,89,0,0,40.188
0,110,89,0,0,40.1875
0,111,89,0,0,40.1869
0,112,89,0,0,40.1864
0,113,89,0,0,40.1858
0,114,89,0,0,40.1852
0,115,89,0,0,40.1846
0,116,89,0,0,40.184
0,117,89,0,0,40.1834
0,118,89,0,0,40.1828
0,119,89,0,0,40.1823
0,120,89,0,0,40.1818
0,121,89,0,0,40.1813
0,122,89,0,0,40.1809
0,123,89,0,0,40.1805
0,124,89,0,0,40.1801
0,125,89,0,0,40.1798
0,126,89,0,0,40.1795
0,127,89,0,0,40.1793
0,0,90,0,1.85006e-05,40.2391
0,1,90,0,0,40.2368
0,2,90,0,0,40.2348
0,3,90,0,0,40.2331
0,4,90,0,0,40.2316
0,5,90,0,0,40.2302
0,6,90,0,0,40.2289
0,7,90,0,0,40.2277
0,8,90,0,0,40.2266
0,9,90,0,0,40.2256
0,10,90,0,0,40.2247
0,11,90,0,0,40.2238
0,12,90,0,0,40.223
0,13,90,0,0,40.2222
0,14,90,0,0,40.2215
0,15,90,0,0,40.2208
0,16,90,0,0,40.2201
0,17,90,0,0,40.2194
0,18,90,0,0,40.2187
0,19,90,0,0,40.218
0,20,90,0,0,40.2174
0,21,90,0,0,40.2167
0,22,90,0,0,40.2161
0,23,90,0,0,40.2155
0,24,90,0,0,40.215
0,25,90,0,0,40.2145
0,26,90,0,0,40.2141
0,27,90,0,0,40.2137
0,28,90,0,0,40.2132
0,29,90,0,0,40.2128
0,30,90,0,0,40.2123
0,31,90,0,0,40.2119
0,32,90,0,0,40.2115
0,33,90,0,0,40.2112
0,34,90,0,0,40.2109
0,35,90,0,0,40.2107
0,36,90,0,0,40.2105
0,37,90,0,0,40.2104
0,38,90,0,0,40.2104
0,39,90,0,0,40.2104
0,40,90,0,0,40.2105
0,41,90,0,0,40.2106
0,42,90,0,0,40.2108
0,43,90,0,0,40.2111
0,44,90,0,0,40.2114
0,45,90,0,0,40.2117
0,46,90,0,0,40.2121
0,47,90,0,0,40.2125
0,48,90,0,0,40.213
0,49,90,0,0,40.2135
0,50,90,0,0,40.214
0,51,90,0,0,40.2146
0,52,90,0,0,40.2152
0,53,90,0,0,40.2159
0,54,90,0,0,40.2167
0,55,90,0,0,40.2175
0,56,90,0,0,40.2184
0,57,90,0,0,40.2192
0,58,90,0,0,40.2201
0,59,90,0,0,40.221
0,60,90,0,0,40.2219
0,61,90,0,0,40.2228
0,62,90,0,0,40.2237
0,63,90,0,0,40.2247
0,64,90,0,1.85006e-05,40.2258
0,65,90,0,0,40.2239
0,66,90,0,0,40.2221
0,67,90,0,0,40.2203
0,68,90,0,0,40.2186
0,69,90,0,0,40.217
0,70,90,0,0,40.2155
0,71,90,0,0,40.214
0,72,90,0,0,40.2126
0,73,90,0,0,40.2113
0,74,90,0,0,40.2101
0,75,90,0,0,40.2089
0,76,90,0,0,40.2078
0,77,90,0,0,40.2068
0,78,90,0,0,40.2059
0,79,90,0,0,40.2049
0,80,90,0,0,40.204
0,81,90,0,0,40.2031
0,82,90,0,0,40.2023
0,83,90,0,0,40.2015
0,84,90,0,0,40.2007
0,85,90,0,0,40.1999
0,86,90,0,0,40.1992
0,87,90,0,0,40.1986
0,88,90,0,0,40.198
0,89,90,0,0,40.1975
0,90,90,0,0,40.197
0,91,90,0,0,40.1966
0,92,90,0,0,40.1962
0,93,90,0,0,40.1958
0,94,90,0,0,40.1955
0,95,90,0,0,40.1951
0,96,90,0,0,40.1947
0,97,90,0,0,40.1943
0,98,90,0,0,40.1939
0,99,90,0,0,40.1935
0,100,90,0,0,40.193
0,101,90,0,0,40.1925
0,102,90,0,0,40.192
0,103,90,0,0,40.1915
0,104,90,0,0,40.191
0,105,90,0,0,40.1904
0,106,90,0,0,40.1898
0,107,90,0,0,40.1893
0,108,90,0,0,40.1887
0,109,90,0,0,40.1881
0,110,90,0,0,40.1876
0,111,90,0,0,40.187
0,112,90,0,0,40.1864
0,113,90,0,0,40.1858
0,114,90,0,0,40.1852
0,115,90,0,0,40.1846
0,116,90,0,0,40.1839
0,117,90,0,0,40.1833
0,118,90,0,0,40.1828
0,119,90,0,0,40.1823
0,120,90,0,0,40.1818
0,121,90,0,0,40.1814
0,122,90,0,0,40.1811
0,123,90,0,0,40.1807
0,124,90,0,0,40.1804
0,125,90,0,0,40.1801
0,126,90,0,0,40.1798
0,127,90,0,0,40.1796
0,0,91,0,1.85006e-05,40.2386
0,1,91,0,0,40.2364
0,2,91,0,0,40.2345
0,3,91,0,0,40.2328
0,4,91,0,0,40.2313
0,5,91,0,0,40.23
0,6,91,0,0,40.2288
0,7,91,0,0,40.2276
0,8,91,0,0,40.2266
0,9,91,0,0,40.2256
0,10,91,0,0,40.2247
0,11,91,0,0,40.2239
0,12,91,0,0,40.2231
0,13,91,0,0,40.2224
0,14,91,0,0,40.2217
0,15,91,0,0,40.2211
0,16,91,0,0,40.2204
0,17,91,0,0,40.2198
0,18,91,0,0,40.2191
0,19,91,0,0,40.2183
0,20,91,0,0,40.2176
0,21,91,0,0,40.2169
0,22,91,0,0,40.2163
0,23,91,0,0,40.2157
0,24,91,0,0,40.2151
0,25,91,0,0,40.2146
0,26,91,0,0,40.2142
0,27,91,0,0,40.2137
0,28,91,0,0,40.2133
0,29,91,0,0,40.2128
0,30,91,0,0,40.2123
0,31,91,0,0,40.2118
0,32,91,0,0,40.2114
0,33,91,0,0,40.211
0,34,91,0,0,40.2108
0,35,91,0,0,40.2106
0,36,91,0,0,40.2104
0,37,91,0,0,40.2104
0,38,91,0,0,40.2104
0,39,91,0,0,40.2105
0,40,91,0,0,40.2107
0,41,91,0,0,40.2109
0,42,91,0,0,40.2112
0,43,91,0,0,40.2116
0,44,91,0,0,40.2119
0,45,91,0,0,40.2124
0,46,91,0,0,40.2128
0,47,91,0,0,40.2133
0,48,91,0,0,40.2138
0,49,91,0,0,40.2143
0,50,91,0,0,40.2148
0,51,91,0,0,40.2154
0,52,91,0,0,40.2161
0,53,91,0,0,40.2169
0,54,91,0,0,40.2177
0,55,91,0,0,40.2186
0,56,91,0,0,40.2195
0,57,91,0,0,40.2203
0,58,91,0,0,40.2212
0,59,91,0,0,40.2221
0,60,91,0,0,40.2229
0,61,91,0,0,40.2238
0,62,91,0,0,40.2247
0,63,91,0,0,40.2257
0,64,91,0,1.85006e-05,40.2266
0,65,91,0,0,40.2247
0,66,91,0,0,40.2228
0,67,91,0,0,40.2209
0,68,91,0,0,40.2192
0,69,91,0,0,40.2175
0,70,91,0,0,40.2159
0,71,91,0,0,40.2144
0,72,91,0,0,40.2129
0,73,91,0,0,40.2115
0,74,91,0,0,40.2103
0,75,91,0,0,40.2091
0,76,91,0,0,40.2081
0,77,91,0,0,40.2071
0,78,91,0,0,40.2061
0,79,91,0,0,40.2052
0,80,91,0,0,40.2043
0,81,91,0,0,40.2034
0,82,91,0,0,40.2026
0,83,91,0,0,40.2017
0,84,91,0,0,40.201
0,85,91,0,0,40.2002
0,86,91,0,0,40.1996
0,87,91,0,0,40.1989
0,88,91,0,0,40.1984
0,89,91,0,0,40.1979
0,90,91,0,0,40.1975
0,91,91,0,0,40.1972
0,92,91,0,0,40.1968
0,93,91,0,0,40.1965
0,94,91,0,0,40.1962
0,95,91,0,0,40.1959
0,96,91,0,0,40.1956
0,97,91,0,0,40.1953
0,98,91,0,0,40.1949
0,99,91,0,0,40.1945
0,100,91,0,0,40.194
0,101,91,0,0,40.1935
0,102,91,0,0,40.193
0,103,91,0,0,40.1924
0,104,91,0,0,40.1919
0,105,91,0,0,40.1913
0,106,91,0,0,40.1907
0,107,91,0,0,40.1901
0,108,91,0,0,40.1895
0,109,91,0,0,40.189
0,110,91,0,0,40.1884
0,111,91,0,0,40.1878
0,112,91,0,0,40.1872
0,113,91,0,0,40.1866
0,114,91,0,0,40.186
0,115,91,0,0,40.1853
0,116,91,0,0,40.1846
0,117,91,0,0,40.184
0,118,91,0,0,40.1834
0,119,91,0,0,40.1829
0,120,91,0,0,40.1825
0,121,91,0,0,40.1822
0,122,91,0,0,40.1819
0,123,91,0,0,40.1816
0,124,91,0,0,40.1813
0,125,91,0,0,40.181
0,126,91,0,0,40.1807
0,127,91,0,0,40.1805
0,0,92,0,1.85006e-05,40.2385
0,1,92,0,0,40.2365
0,2,92,0,0,40.2347
0,3,92,0,0,40.2332
0,4,92,0,0,40.2319
0,5,92,0,0,40.2306
0,6,92,0,0,40.2294
0,7,92,0,0,40.2283
0,8,92,0,0,40.2273
0,9,92,0,0,40.2264
0,10,92,0,0,40.2255
0,11,92,0,0,40.2247
0,12,92,0,0,40.224
0,13,92,0,0,40.2234
0,14,92,0,0,40.2228
0,15,92,0,0,40.2222
0,16,92,0,0,40.2216
0,17,92,0,0,40.2209
0,18,92,0,0,40.2202
0,19,92,0,0,40.2195
0,20,92,0,0,40.2187
0,21,92,0,0,40.2179
0,22,92,0,0,40.2172
0,23,92,0,0,40.2165
0,24,92,0,0,40.216
0,25,92,0,0,40.2155
0,26,92,0,0,40.2151
0,27,92,0,0,40.2146
0,28,92,0,0,40.2142
0,29,92,0,0,40.2136
0,30,92,0,0,40.213
0,31,92,0,0,40.2125
0,32,92,0,0,40.212
0,33,92,0,0,40.2116
0,34,92,0,0,40.2113
0,35,92,0,0,40.2111
0,36,92,0,0,40.2111
0,37,92,0,0,40.2111
0,38,92,0,0,40.2112
0,39,92,0,0,40.2114
0,40,92,0,0,40.2117
0,41,92,0,0,40.212
0,42,92,0,0,40.2124
0,43,92,0,0,40.2128
0,44,92,0,0,40.2133
0,45,92,0,0,40.2138
0,46,92,0,0,40.2143
0,47,92,0,0,40.2149
0,48,92,0,0,40.2154
0,49,92,0,0,40.2159
0,50,92,0,0,40.2164
0,51,92,0,0,40.217
0,52,92,0,0,40.2177
0,53,92,0,0,40.2186
0,54,92,0,0,40.2195
0,55,92,0,0,40.2204
0,56,92,0,0,40.2214
0,57,92,0,0,40.2223
0,58,92,0,0,40.2232
0,59,92,0,0,40.224
0,60,92,0,0,40.2249
0,61,92,0,0,40.2257
0,62,92,0,0,40.2266
0,63,92,0,0,40.2274
0,64,92,0,1.85006e-05,40.2283
0,65,92,0,0,40.2263
0,66,92,0,0,40.2243
0,67,92,0,0,40.2224
0,68,92,0,0,40.2205
0,69,92,0,0,40.2188
0,70,92,0,0,40.2171
0,71,92,0,0,40.2155
0,72,92,0,0,40.2139
0,73,92,0,0,40.2125
0,74,92,0,0,40.2112
0,75,92,0,0,40.21
0,76,92,0,0,40.209
0,77,92,0,0,40.208
0,78,92,0,0,40.2071
0,79,92,0,0,40.2062
0,80,92,0,0,40.2053
0,81,92,0,0,40.2044
0,82,92,0,0,40.2036
0,83,92,0,0,40.2027
0,84,92,0,0,40.202
0,85,92,0,0,40.2012
0,86,92,0,0,40.2005
0,87,92,0,0,40.1999
0,88,92,0,0,40.1994
0,89,92,0,0,40.199
0,90,92,0,0,40.1987
0,91,92,0,0,40.1984
0,92,92,0,0,40.1982
0,93,92,0,0,40.1979
0,94,92,0,0,40.1977
0,95,92,0,0,40.1976
0,96,92,0,0,40.1973
0,97,92,0,0,40.1971
0,98,92,0,0,40.1967
0,99,92,0,0,40.1963
0,100,92,0,0,40.1958
0,101,92,0,0,40.1952
0,102,92,0,0,40.1947
0,103,92,0,0,40.1941
0,104,92,0,0,40.1935
0,105,92,0,0,40.1929
0,106,92,0,0,40.1923
0,107,92,0,0,40.1917
0,108,92,0,0,40.1911
0,109,92,0,0,40.1905
0,110,92,0,0,40.1899
0,111,92,0,0,40.1894
0,112,92,0,0,40.1888
0,113,92,0,0,40.1882
0,114,92,0,0,40.1875
0,115,92,0,0,40.1867
0,116,92,0,0,40.1859
0,117,92,0,0,40.1852
0,118,92,0,0,40.1846
0,119,92,0,0,40.1841
0,120,92,0,0,40.1838
0,121,92,0,0,40.1835
0,122,92,0,0,40.1833
0,123,92,0,0,40.1832
0,124,92,0,0,40.1829
0,125,92,0,0,40.1826
0,126,92,0,0,40.1823
0,127,92,0,0,40.182
0,0,93,0,1.85006e-05,40.239
0,1,93,0,0,40.2371
0,2,93,0,0,40.2357
0,3,93,0,0,40.2344
0,4,93,0,0,40.2332
0,5,93,0,0,40.232
0,6,93,0,0,40.2309
0,7,93,0,0,40.2298
0,8,93,0,0,40.2288
0,9,93,0,0,40.2279
0,10,93,0,0,40.2271
0,11,93,0,0,40.2263
0,12,93,0,0,40.2257
0,13,93,0,0,40.2252
0,14,93,0,0,40.2247
0,15,93,0,0,40.2242
0,16,93,0,0,40.2236
0,17,93,0,0,40.223
0,18,93,0,0,40.2223
0,19,93,0,0,40.2214
0,20,93,0,0,40.2205
0,21,93,0,0,40.2196
0,22,93,0,0,40.2189
0,23,93,0,0,40.2181
0,24,93,0,0,40.2175
0,25,93,0,0,40.2171
0,26,93,0,0,40.2168
0,27,93,0,0,40.2164
0,28,93,0,0,40.2159
0,29,93,0,0,40.2153
0,30,93,0,0,40.2145
0,31,93,0,0,40.2138
0,32,93,0,0,40.2133
0,33,93,0,0,40.2128
0,34,93,0,0,40.2126
0,35,93,0,0,40.2125
0,36,93,0,0,40.2124
0,37,93,0,0,40.2124
0,38,93,0,0,40.2126
0,39,93,0,0,40.2129
0,40,93,0,0,40.2134
0,41,93,0,0,40.2138
0,42,93,0,0,40.2143
0,43,93,0,0,40.2148
0,44,93,0,0,40.2153
0,45,93,0,0,40.216
0,46,93,0,0,40.2167
0,47,93,0,0,40.2173
0,48,93,0,0,40.2179
0,49,93,0,0,40.2183
0,50,93,0,0,40.2187
0,51,93,0,0,40.2193
0,52,93,0,0,40.2201
0,53,93,0,0,40.221
0,54,93,0,0,40.2221
0,55,93,0,0,40.2232
0,56,93,0,0,40.2242
0,57,93,0,0,40.2251
0,58,93,0,0,40.226
0,59,93,0,0,40.2268
0,60,93,0,0,40.2276
0,61,93,0,0,40.2285
0,62,93,0,0,40.2293
0,63,93,0,0,40.2301
0,64,93,0,1.85006e-05,40.2309
0,65,93,0,0,40.2287
0,66,93,0,0,40.2266
0,67,93,0,0,40.2246
0,68,93,0,0,40.2226
0,69,93,0,0,40.2208
0,70,93,0,0,40.2191
0,71,93,0,0,40.2173
0,72,93,0,0,40.2156
0,73,93,0,0,40.2141
0,74,93,0,0,40.2127
0,75,93,0,0,40.2116
0,76,93,0,0,40.2106
0,77,93,0,0,40.2098
0,78,93,0,0,40.2089
0,79,93,0,0,40.208
0,80,93,0,0,40.2071
0,81,93,0,0,40.2062
0,82,93,0,0,40.2053
0,83,93,0,0,40.2045
0,84,93,0,0,40.2037
0,85,93,0,0,40.2029
0,86,93,0,0,40.2022
0,87,93,0,0,40.2016
0,88,93,0,0,40.2011
0,89,93,0,0,40.2008
0,90,93,0,0,40.2006
0,91,93,0,0,40.2004
0,92,93,0,0,40.2002
0,93,93,0,0,40.2001
0,94,93,0,0,40.2
0,95,93,0,0,40.1999
0,96,93,0,0,40.1998
0,97,93,0,0,40.1997
0,98,93,0,0,40.1993
0,99,93,0,0,40.1989
0,100,93,0,0,40.1983
0,101,93,0,0,40.1977
0,102,93,0,0,40.1972
0,103,93,0,0,40.1966
0,104,93,0,0,40.196
0,105,93,0,0,40.1953
0,106,93,0,0,40.1946
0,107,93,0,0,40.194
0,108,93,0,0,40.1933
0,109,93,0,0,40.1927
0,110,93,0,0,40.1922
0,111,93,0,0,40.1916
0,112,93,0,0,40.1911
0,113,93,0,0,40.1905
0,114,93,0,0,40.1897
0,115,93,0,0,40.1888
0,116,93,0,0,40.1879
0,117,93,0,0,40.187
0,118,93,0,0,40.1864
0,119,93,0,0,40.1859
0,120,93,0,0,40.1857
0,121,93,0,0,40.1856
0,122,93,0,0,40.1855
0,123,93,0,0,40.1854
0,124,93,0,0,40.1852
0,125,93,0,0,40.1849
0,126,93,0,0,40.1844
0,127,93,0,0,40.184
0,0,94,0,1.85006e-05,40.2399
0,1,94,0,0,40.2384
0,2,94,0,0,40.2373
0,3,94,0,0,40.2363
0,4,94,0,0,40.2354
0,5,94,0,0,40.2343
0,6,94,0,0,40.2332
0,7,94,0,0,40.2321
0,8,94,0,0,40.2312
0,9,94,0,0,40.2303
0,10,94,0,0,40.2294
0,11,94,0,0,40.2287
0,12,94,0,0,40.2282
0,13,94,0,0,40.2277
0,14,94,0,0,40.2275
0,15,94,0,0,40.2271
0,16,94,0,0,40.2266
0,17,94,0,0,40.226
0,18,94,0,0,40.2253
0,19,94,0,0,40.2244
0,20,94,0,0,40.2232
0,21,94,0,0,40.2221
0,22,94,0,0,40.2213
0,23,94,0,0,40.2204
0,24,94,0,0,40.2198
0,25,94,0,0,40.2194
0,26,94,0,0,40.2193
0,27,94,0,0,40.2191
0,28,94,0,0,40.2187
0,29,94,0,0,40.2178
0,30,94,0,0,40.2168
0,31,94,0,0,40.2159
0,32,94,0,0,40.2152
0,33,94,0,0,40.2147
0,34,94,0,0,40.2145
0,35,94,0,0,40.2145
0,36,94,0,0,40.2145
0,37,94,0,0,40.2145
0,38,94,0,0,40.2147
0,39,94,0,0,40.2152
0,40,94,0,0,40.2158
0,41,94,0,0,40.2164
0,42,94,0,0,40.217
0,43,94,0,0,40.2175
0,44,94,0,0,40.2181
0,45,94,0,0,40.2189
0,46,94,0,0,40.2199
0,47,94,0,0,40.2208
0,48,94,0,0,40.2213
0,49,94,0,0,40.2215
0,50,94,0,0,40.2218
0,51,94,0,0,40.2223
0,52,94,0,0,40.2231
0,53,94,0,0,40.2243
0,54,94,0,0,40.2255
0,55,94,0,0,40.2268
0,56,94,0,0,40.2279
0,57,94,0,0,40.2289
0,58,94,0,0,40.2297
0,59,94,0,0,40.2305
0,60,94,0,0,40.2313
0,61,94,0,0,40.2321
0,62,94,0,0,40.2329
0,63,94,0,0,40.2336
0,64,94,0,1.85006e-05,40.2343
0,65,94,0,0,40.232
0,66,94,0,0,40.2297
0,67,94,0,0,40.2275
0,68,94,0,0,40.2255
0,69,94,0,0,40.2237
0,70,94,0,0,40.2219
0,71,94,0,0,40.2199
0,72,94,0,0,40.2179
0,73,94,0,0,40.2162
0,74,94,0,0,40.2149
0,75,94,0,0,40.2139
0,76,94,0,0,40.213
0,77,94,0,0,40.2123
0,78,94,0,0,40.2115
0,79,94,0,0,40.2107
0,80,94,0,0,40.2097
0,81,94,0,0,40.2087
0,82,94,0,0,40.2078
0,83,94,0,0,40.207
0,84,94,0,0,40.2061
0,85,94,0,0,40.2053
0,86,94,0,0,40.2045
0,87,94,0,0,40.2039
0,88,94,0,0,40.2035
0,89,94,0,0,40.2033
0,90,94,0,0,40.2032
0,91,94,0,0,40.2031
0,92,94,0,0,40.203
0,93,94,0,0,40.203
0,94,94,0,0,40.203
0,95,94,0,0,40.2031
0,96,94,0,0,40.2032
0,97,94,0,0,40.2031
0,98,94,0,0,40.2029
0,99,94,0,0,40.2024
0,100,94,0,0,40.2017
0,101,94,0,0,40.2009
0,102,94,0,0,40.2004
0,103,94,0,0,40.1999
0,104,94,0,0,40.1992
0,105,94,0,0,40.1984
0,106,94,0,0,40.1977
0,107,94,0,0,40.197
0,108,94,0,0,40.1963
0,109,94,0,0,40.1956
0,110,94,0,0,40.1951
0,111,94,0,0,40.1947
0,112,94,0,0,40.1942
0,113,94,0,0,40.1937
0,114,94,0,0,40.1929
0,115,94,0,0,40.1917
0,116,94,0,0,40.1904
0,117,94,0,0,40.1894
0,118,94,0,0,40.1886
0,119,94,0,0,40.1882
0,120,94,0,0,40.1881
0,121,94,0,0,40.1883
0,122,94,0,0,40.1885
0,123,94,0,0,40.1886
0,124,94,0,0,40.1885
0,125,94,0,0,40.188
0,126,94,0,0,40.1873
0,127,94,0,0,40.1867
0,0,95,0,1.85006e-05,40.241
0,1,95,0,0,40.2402
0,2,95,0,0,40.2397
0,3,95,0,0,40.2392
0,4,95,0,0,40.2386
0,5,95,0,0,40.2376
0,6,95,0,0,40.2364
0,7,95,0,0,40.2352
0,8,95,0,0,40.2343
0,9,95,0,0,40.2336
0,10,95,0,0,40.2325
0,11,95,0,0,40.2317
0,12,95,0,0,40.2314
0,13,95,0,0,40.2311
0,14,95,0,0,40.2312
0,15,95,0,0,40.231
0,16,95,0,0,40.2305
0,17,95,0,0,40.23
0,18,95,0,0,40.2295
0,19,95,0,0,40.2284
0,20,95,0,0,40.2265
0,21,95,0,0,40.2253
0,22,95,0,0,40.2245
0,23,95,0,0,40.2234
0,24,95,0,0,40.2226
0,25,95,0,0,40.2223
0,26,95,0,0,40.2227
0,27,95,0,0,40.223
0,28,95,0,0,40.2228
0,29,95,0,0,40.2213
0,30,95,0,0,40.2199
0,31,95,0,0,40.2186
0,32,95,0,0,40.2177
0,33,95,0,0,40.2171
0,34,95,0,0,40.2171
0,35,95,0,0,40.2174
0,36,95,0,0,40.2172
0,37,95,0,0,40.2172
0,38,95,0,0,40.2174
0,39,95,0,0,40.2182
0,40,95,0,0,40.2192
0,41,95,0,0,40.2199
0,42,95,0,0,40.2206
0,43,95,0,0,40.221
0,44,95,0,0,40.2215
0,45,95,0,0,40.2225
0,46,95,0,0,40.224
0,47,95,0,0,40.2255
0,48,95,0,0,40.2258
0,49,95,0,0,40.2255
0,50,95,0,0,40.2256
0,51,95,0,0,40.2258
0,52,95,0,0,40.2265
0,53,95,0,0,40.2283
0,54,95,0,0,40.2299
0,55,95,0,0,40.2314
0,56,95,0,0,40.2328
0,57,95,0,0,40.2338
0,58,95,0,0,40.2345
0,59,95,0,0,40.2351
0,60,95,0,0,40.236
0,61,95,0,0,40.2368
0,62,95,0,0,40.2375
0,63,95,0,0,40.2382
0,64,95,0,1.85006e-05,40.2386
0,65,95,0,0,40.2361
0,66,95,0,0,40.2338
0,67,95,0,0,40.2311
0,68,95,0,0,40.2291
0,69,95,0,0,40.2273
0,70,95,0,0,40.2259
0,71,95,0,0,40.2235
0,72,95,0,0,40.2208
0,73,95,0,0,40.219
0,74,95,0,0,40.2176
0,75,95,0,0,40.2168
0,76,95,0,0,40.2161
0,77,95,0,0,40.2156
0,78,95,0,0,40.215
0,79,95,0,0,40.2144
0,80,95,0,0,40.2131
0,81,95,0,0,40.212
0,82,95,0,0,40.2109
0,83,95,0,0,40.2103
0,84,95,0,0,40.2094
0,85,95,0,0,40.2084
0,86,95,0,0,40.2075
0,87,95,0,0,40.2067
0,88,95,0,0,40.2064
0,89,95,0,0,40.2064
0,90,95,0,0,40.2065
0,91,95,0,0,40.2067
0,92,95,0,0,40.2064
0,93,95,0,0,40.2067
0,94,95,0,0,40.2068
0,95,95,0,0,40.2071
0,96,95,0,0,40.2076
0,97,95,0,0,40.2076
0,98,95,0,0,40.2075
0,99,95,0,0,40.2069
0,100,95,0,0,40.206
0,101,95,0,0,40.2048
0,102,95,0,0,40.2043
0,103,95,0,0,40.2041
0,104,95,0,0,40.2034
0,105,95,0,0,40.2023
0,106,95,0,0,40.2016
0,107,95,0,0,40.2008
0,108,95,0,0,40.1999
0,109,95,0,0,40.1993
0,110,95,0,0,40.1987
0,111,95,0,0,40.1986
0,112,95,0,0,40.198
0,113,95,0,0,40.198
0,114,95,0,0,40.1973
0,115,95,0,0,40.1955
0,116,95,0,0,40.1934
0,117,95,0,0,40.1921
0,118,95,0,0,40.1913
0,119,95,0,0,40.1908
0,120,95,0,0,40.191
0,121,95,0,0,40.1916
0,122,95,0,0,40.1922
0,123,95,0,0,40.1927
0,124,95,0,0,40.1928
0,125,95,0,0,40.1919
0,126,95,0,0,40.1909
0,127,95,0,0,40.1899
0,0,96,0,2.65331e-05,40.2422
0,1,96,0,3e-05,40.2426
0,2,96,0,3.714e-05,40.2432
0,3,96,0,3.55425e-05,40.2431
0,4,96,0,4.002e-05,40.243
0,5,96,0,5.286e-05,40.2423
0,6,96,0,3.44625e-05,40.2403
0,7,96,0,4.146e-05,40.2391
0,8,96,0,2.856e-05,40.238
0,9,96,0,6.64875e-05,40.2384
0,10,96,0,2.91075e-05,40.2361
0,11,96,0,2.286e-05,40.235
0,12,96,0,5.427e-05,40.2356
0,13,96,0,2.856e-05,40.2349
0,14,96,0,6.141e-05,40.2363
0,15,96,0,5.574e-05,40.2361
0,16,96,0,4.89675e-05,40.2355
0,17,96,0,3.8925e-05,40.2348
0,18,96,0,6.5355e-05,40.2352
0,19,96,0,7.3605e-05,40.2341
0,20,96,0,2.142e-05,40.2302
0,21,96,0,2.9295e-05,40.229
0,22,96,0,5.286e-05,40.2289
0,23,96,0,2.91075e-05,40.2271
0,24,96,0,1.66125e-05,40.2257
0,25,96,0,1.6065e-05,40.2254
0,26,96,0,4.86e-05,40.2272
0,27,96,0,4.002e-05,40.2281
0,28,96,0,9.018e-05,40.2292
0,29,96,0,3.9285e-05,40.2257
0,30,96,0,3.858e-05,40.2236
0,31,96,0,2.87625e-05,40.2217
0,32,96,0,4.428e-05,40.221
0,33,96,0,1.428e-05,40.2197
0,34,96,0,2.715e-05,40.2202
0,35,96,0,5.7165e-05,40.2215
0,36,96,0,3.144e-05,40.2208
0,37,96,0,3e-05,40.2205
0,38,96,0,1.428e-05,40.2204
0,39,96,0,2.142e-05,40.2218
0,40,96,0,3.98175e-05,40.2237
0,41,96,0,2.448e-05,40.2242
0,42,96,0,5.718e-05,40.2255
0,43,96,0,3.714e-05,40.2252
0,44,96,0,1.96725e-05,40.2252
0,45,96,0,2.3205e-05,40.2265
0,46,96,0,3.144e-05,40.229
0,47,96,0,7.998e-05,40.2324
0,48,96,0,5.4645e-05,40.2317
0,49,96,0,2.5005e-05,40.23
0,50,96,0,4.716e-05,40.2301
0,51,96,0,2.39325e-05,40.2296
0,52,96,0,0,40.2299
0,53,96,0,5.0385e-05,40.2335
0,54,96,0,4.58925e-05,40.2353
0,55,96,0,4.96725e-05,40.237
0,56,96,0,5.23125e-05,40.239
0,57,96,0,6.73425e-05,40.2399
0,58,96,0,5.12775e-05,40.2402
0,59,96,0,4.82325e-05,40.2406
0,60,96,0,5.286e-05,40.2415
0,61,96,0,4.1055e-05,40.2425
0,62,96,0,4.83975e-05,40.2433
0,63,96,0,5.8065e-05,40.2439
0,64,96,0,6.56606e-05,40.244
0,65,96,0,2.787e-05,40.2408
0,66,96,0,6.12375e-05,40.2392
0,67,96,0,1.87425e-05,40.2351
0,68,96,0,3.858e-05,40.2333
0,69,96,0,3e-05,40.2316
0,70,96,0,7.98375e-05,40.2316
0,71,96,0,5.322e-05,40.2283
0,72,96,0,7.14e-06,40.2236
0,73,96,0,2.67825e-05,40.2221
0,74,96,0,1.51725e-05,40.2205
0,75,96,0,4.428e-05,40.2205
0,76,96,0,3.144e-05,40.2197
0,77,96,0,5.43e-05,40.22
0,78,96,0,3.927e-05,40.2194
0,79,96,0,5.718e-05,40.2194
0,80,96,0,2.286e-05,40.2172
0,81,96,0,4.002e-05,40.2162
0,82,96,0,1.83975e-05,40.2144
0,83,96,0,4.428e-05,40.2146
0,84,96,0,3.5355e-05,40.2137
0,85,96,0,2.87625e-05,40.2122
0,86,96,0,3.714e-05,40.2114
0,87,96,0,9.8175e-06,40.2099
0,88,96,0,1.6065e-05,40.2097
0,89,96,0,3.144e-05,40.2104
0,90,96,0,2.142e-05,40.2105
0,91,96,0,6.144e-05,40.2116
0,92,96,0,1.428e-05,40.2101
0,93,96,0,3.858e-05,40.2114
0,94,96,0,2.37525e-05,40.2111
0,95,96,0,3.288e-05,40.2117
0,96,96,0,5.43e-05,40.2132
0,97,96,0,3.62475e-05,40.2131
0,98,96,0,4.3935e-05,40.2133
0,99,96,0,4.572e-05,40.2126
0,100,96,0,5.697e-05,40.2115
0,101,96,0,8.58e-06,40.2086
0,102,96,0,3.144e-05,40.2088
0,103,96,0,6.288e-05,40.2098
0,104,96,0,4.716e-05,40.2087
0,105,96,0,1.428e-05,40.2065
0,106,96,0,5.1075e-05,40.2066
0,107,96,0,4.716e-05,40.2054
0,108,96,0,3e-05,40.2041
0,109,96,0,3.858e-05,40.2036
0,110,96,0,1.30425e-05,40.2026
0,111,96,0,5.571e-05,40.2036
0,112,96,0,9.4725e-06,40.2022
0,113,96,0,5.88525e-05,40.2038
0,114,96,0,7.66125e-05,40.2035
0,115,96,0,5.43e-05,40.2003
0,116,96,0,1.428e-05,40.1965
0,117,96,0,2.9655e-05,40.1952
0,118,96,0,3.144e-05,40.1945
0,119,96,0,8.58e-06,40.1937
0,120,96,0,9.6525e-06,40.194
0,121,96,0,4.61025e-05,40.196
0,122,96,0,4.002e-05,40.1967
0,123,96,0,4.572e-05,40.198
0,124,96,0,7.12425e-05,40.1989
0,125,96,0,2.1075e-05,40.1968
0,126,96,0,2.142e-05,40.1951
0,127,96,0,4.3935e-05,40.1941
0,0,97,0,6.18881e-05,40.242
0,1,97,0,1.428e-05,40.241
0,2,97,0,4.716e-05,40.2422
0,3,97,0,4.464e-05,40.2424
0,4,97,0,6.429e-05,40.2425
0,5,97,0,3.41175e-05,40.2404
0,6,97,0,4.3065e-05,40.2389
0,7,97,0,2.286e-05,40.2369
0,8,97,0,4.20075e-05,40.2366
0,9,97,0,3.55575e-05,40.2359
0,10,97,0,3.65925e-05,40.2347
0,11,97,0,4.284e-05,40.234
0,12,97,0,2.859e-05,40.2332
0,13,97,0,2.8215e-05,40.2329
0,14,97,0,4.44525e-05,40.2338
0,15,97,0,3.60825e-05,40.2335
0,16,97,0,3.82125e-05,40.2333
0,17,97,0,4.9635e-05,40.2333
0,18,97,0,4.6065e-05,40.2328
0,19,97,0,4.6455e-05,40.2314
0,20,97,0,1.6245e-05,40.2285
0,21,97,0,3.62625e-05,40.2278
0,22,97,0,3.714e-05,40.2273
0,23,97,0,4.66125e-05,40.2266
0,24,97,0,4.62675e-05,40.2257
0,25,97,0,2.9655e-05,40.2248
0,26,97,0,2.82225e-05,40.2255
0,27,97,0,6.65925e-05,40.2273
0,28,97,0,5.142e-05,40.2264
0,29,97,0,2.0715e-05,40.2233
0,30,97,0,3.45e-05,40.2217
0,31,97,0,2.34075e-05,40.2198
0,32,97,0,7.14e-06,40.2184
0,33,97,0,3.80325e-05,40.219
0,34,97,0,3.429e-05,40.2191
0,35,97,0,2.1435e-05,40.2191
0,36,97,0,3.73425e-05,40.2197
0,37,97,0,3.0345e-05,40.2197
0,38,97,0,3.03675e-05,40.2203
0,39,97,0,5.286e-05,40.2224
0,40,97,0,5.913e-05,40.2241
0,41,97,0,6.08625e-05,40.2246
0,42,97,0,2.286e-05,40.2235
0,43,97,0,2.09925e-05,40.2238
0,44,97,0,5.19675e-05,40.2255
0,45,97,0,3.5355e-05,40.2264
0,46,97,0,5.12775e-05,40.2289
0,47,97,0,6.80325e-05,40.2313
0,48,97,0,5.2515e-05,40.2307
0,49,97,0,4.0005e-05,40.2294
0,50,97,0,2.43e-05,40.2287
0,51,97,0,3.68175e-05,40.2295
0,52,97,0,5.01825e-05,40.2311
0,53,97,0,4.41225e-05,40.2329
0,54,97,0,4.98075e-05,40.2344
0,55,97,0,2.17875e-05,40.2352
0,56,97,0,9.48675e-05,40.2387
0,57,97,0,2.6775e-06,40.2365
0,58,97,0,5.19675e-05,40.2384
0,59,97,0,3.05475e-05,40.2385
0,60,97,0,2.08875e-05,40.2395
0,61,97,0,7.80525e-05,40.2426
0,62,97,0,4.66125e-05,40.2423
0,63,97,0,2.9115e-05,40.2419
0,64,97,0,6.01031e-05,40.2427
0,65,97,0,5.643e-05,40.2407
0,66,97,0,4.16025e-05,40.2378
0,67,97,0,4.071e-05,40.2348
0,68,97,0,2.8935e-05,40.2321
0,69,97,0,3.144e-05,40.2301
0,70,97,0,3.01725e-05,40.2286
0,71,97,0,4.536e-05,40.2266
0,72,97,0,1.857e-05,40.223
0,73,97,0,4.05675e-05,40.2219
0,74,97,0,3.76875e-05,40.2202
0,75,97,0,2.286e-05,40.2187
0,76,97,0,3e-05,40.218
0,77,97,0,1.572e-05,40.2173
0,78,97,0,3.501e-05,40.2178
0,79,97,0,4.86e-05,40.2182
0,80,97,0,5.574e-05,40.2174
0,81,97,0,3.57e-05,40.2154
0,82,97,0,2.5545e-05,40.2139
0,83,97,0,3.6435e-05,40.2138
0,84,97,0,5.03625e-05,40.2135
0,85,97,0,2.69775e-05,40.2115
0,86,97,0,2.43e-05,40.2106
0,87,97,0,5.1075e-05,40.2109
0,88,97,0,3.5355e-05,40.2103
0,89,97,0,4.572e-05,40.2109
0,90,97,0,4.89525e-05,40.2108
0,91,97,0,2.574e-05,40.2099
0,92,97,0,1.02e-05,40.2094
0,93,97,0,8.295e-05,40.2125
0,94,97,0,4.48275e-05,40.2114
0,95,97,0,2.286e-05,40.2108
0,96,97,0,4.572e-05,40.2124
0,97,97,0,5.6985e-05,40.2135
0,98,97,0,6.288e-05,40.2135
0,99,97,0,5.286e-05,40.2122
0,100,97,0,3.447e-05,40.2102
0,101,97,0,3.858e-05,40.2088
0,102,97,0,4.002e-05,40.2083
0,103,97,0,2.6775e-05,40.2079
0,104,97,0,6.237e-05,40.2085
0,105,97,0,4.341e-05,40.2067
0,106,97,0,3.57075e-05,40.2053
0,107,97,0,1.428e-05,40.2034
0,108,97,0,3.10725e-05,40.2032
0,109,97,0,3.8415e-05,40.2032
0,110,97,0,4.3065e-05,40.203
0,111,97,0,3.8655e-05,40.203
0,112,97,0,4.48275e-05,40.2027
0,113,97,0,5.1705e-05,40.2027
0,114,97,0,3.62475e-05,40.2008
0,115,97,0,1.572e-05,40.1977
0,116,97,0,2.286e-05,40.1954
0,117,97,0,1.0365e-05,40.1937
0,118,97,0,6.2475e-06,40.1933
0,119,97,0,5.142e-05,40.1948
0,120,97,0,3.82425e-05,40.1947
0,121,97,0,2.55375e-05,40.1947
0,122,97,0,1.428e-05,40.195
0,123,97,0,4.8945e-05,40.1971
0,124,97,0,2.58975e-05,40.1972
0,125,97,0,8.1075e-05,40.1985
0,126,97,0,4.41375e-05,40.1961
0,127,97,0,4.7505e-05,40.1941
0,0,98,0,1.85006e-05,40.2369
0,1,98,0,0,40.2358
0,2,98,0,0,40.2355
0,3,98,0,2.6775e-06,40.2353
0,4,98,0,4.29e-06,40.2347
0,5,98,0,4.4625e-06,40.2334
0,6,98,0,1.0725e-06,40.2319
0,7,98,0,0,40.2304
0,8,98,0,1.0725e-06,40.2296
0,9,98,0,5.355e-06,40.2289
0,10,98,0,0,40.2278
0,11,98,0,0,40.227
0,12,98,0,0,40.2264
0,13,98,0,1.785e-06,40.2262
0,14,98,0,2.6775e-06,40.2262
0,15,98,0,2.6775e-06,40.226
0,16,98,0,0,40.2255
0,17,98,0,0,40.2252
0,18,98,0,0,40.2246
0,19,98,0,0,40.2237
0,20,98,0,1.3755e-05,40.2228
0,21,98,0,4.4625e-06,40.2215
0,22,98,0,0,40.2205
0,23,98,0,0,40.2198
0,24,98,0,0,40.2191
0,25,98,0,0,40.2187
0,26,98,0,3.2175e-06,40.2189
0,27,98,0,6.2475e-06,40.2193
0,28,98,0,0,40.2183
0,29,98,0,0,40.2167
0,30,98,0,0,40.2155
0,31,98,0,3.57e-06,40.2144
0,32,98,0,0,40.2135
0,33,98,0,6.2475e-06,40.2136
0,34,98,0,0,40.2133
0,35,98,0,0,40.2134
0,36,98,0,2.6775e-06,40.2138
0,37,98,0,5.355e-06,40.2143
0,38,98,0,1.0725e-06,40.2147
0,39,98,0,0,40.2157
0,40,98,0,1.0725e-06,40.2168
0,41,98,0,3.2175e-06,40.2174
0,42,98,0,0,40.2175
0,43,98,0,1.20675e-05,40.2184
0,44,98,0,0,40.219
0,45,98,0,0,40.22
0,46,98,0,4.4625e-06,40.2216
0,47,98,0,6.2475e-06,40.2228
0,48,98,0,0,40.2228
0,49,98,0,3.57e-06,40.2227
0,50,98,0,0,40.2227
0,51,98,0,3.57e-06,40.2235
0,52,98,0,2.6775e-06,40.2248
0,53,98,0,1.69725e-05,40.2265
0,54,98,0,0,40.2271
0,55,98,0,0,40.228
0,56,98,0,0,40.2295
0,57,98,0,0,40.2298
0,58,98,0,5.355e-06,40.2309
0,59,98,0,0,40.2316
0,60,98,0,9.1125e-06,40.233
0,61,98,0,8.0325e-06,40.2344
0,62,98,0,3.57e-06,40.2347
0,63,98,0,0,40.2348
0,64,98,0,2.11781e-05,40.2355
0,65,98,0,0,40.2332
0,66,98,0,0,40.2308
0,67,98,0,6.2475e-06,40.2286
0,68,98,0,9.645e-06,40.2264
0,69,98,0,0,40.224
0,70,98,0,4.29e-06,40.2222
0,71,98,0,0,40.2201
0,72,98,0,4.29e-06,40.2179
0,73,98,0,4.29e-06,40.2163
0,74,98,0,0,40.2146
0,75,98,0,0,40.2132
0,76,98,0,0,40.2123
0,77,98,0,0,40.2116
0,78,98,0,0,40.2114
0,79,98,0,0,40.2111
0,80,98,0,0,40.2104
0,81,98,0,0,40.2093
0,82,98,0,3.2175e-06,40.2085
0,83,98,0,2.145e-06,40.208
0,84,98,0,1.28625e-05,40.2077
0,85,98,0,0,40.2062
0,86,98,0,0,40.2055
0,87,98,0,6.2475e-06,40.2054
0,88,98,0,0,40.205
0,89,98,0,7.14e-06,40.2052
0,90,98,0,6.7875e-06,40.205
0,91,98,0,0,40.2043
0,92,98,0,0,40.2042
0,93,98,0,2.55e-06,40.2051
0,94,98,0,0,40.2049
0,95,98,0,0,40.2049
0,96,98,0,0,40.2055
0,97,98,0,1.39275e-05,40.2064
0,98,98,0,1.785e-06,40.2058
0,99,98,0,0,40.2048
0,100,98,0,0,40.2036
0,101,98,0,0,40.2026
0,102,98,0,0,40.202
0,103,98,0,1.785e-06,40.2016
0,104,98,0,3.57e-06,40.2014
0,105,98,0,3.75e-06,40.2005
0,106,98,0,3.2175e-06,40.1994
0,107,98,0,0,40.1982
0,108,98,0,7.5075e-06,40.198
0,109,98,0,1.785e-06,40.1974
0,110,98,0,1.0725e-06,40.1971
0,111,98,0,7.275e-06,40.197
0,112,98,0,0,40.1963
0,113,98,0,5.3625e-06,40.1958
0,114,98,0,0,40.1943
0,115,98,0,0,40.1925
0,116,98,0,0,40.1909
0,117,98,0,0,40.1899
0,118,98,0,1.51725e-05,40.1901
0,119,98,0,0,40.1897
0,120,98,0,2.145e-06,40.1897
0,121,98,0,0,40.1897
0,122,98,0,0,40.19
0,123,98,0,5.355e-06,40.191
0,124,98,0,0,40.1911
0,125,98,0,3.57e-06,40.1913
0,126,98,0,4.4625e-06,40.1902
0,127,98,0,0,40.1888
0,0,99,0,1.85006e-05,40.2324
0,1,99,0,0,40.2309
0,2,99,0,0,40.2298
0,3,99,0,0,40.2289
0,4,99,0,0,40.228
0,5,99,0,0,40.2268
0,6,99,0,0,40.2255
0,7,99,0,0,40.2243
0,8,99,0,0,40.2233
0,9,99,0,0,40.2224
0,10,99,0,0,40.2215
0,11,99,0,0,40.2208
0,12,99,0,0,40.2201
0,13,99,0,0,40.2197
0,14,99,0,0,40.2194
0,15,99,0,0,40.2191
0,16,99,0,0,40.2187
0,17,99,0,0,40.2182
0,18,99,0,0,40.2176
0,19,99,0,0,40.2168
0,20,99,0,0,40.216
0,21,99,0,0,40.2152
0,22,99,0,0,40.2143
0,23,99,0,0,40.2137
0,24,99,0,0,40.2131
0,25,99,0,0,40.2127
0,26,99,0,0,40.2126
0,27,99,0,0,40.2124
0,28,99,0,0,40.2117
0,29,99,0,0,40.2108
0,30,99,0,0,40.2099
0,31,99,0,0,40.2091
0,32,99,0,0,40.2085
0,33,99,0,0,40.2083
0,34,99,0,0,40.2081
0,35,99,0,0,40.2082
0,36,99,0,0,40.2084
0,37,99,0,0,40.2088
0,38,99,0,0,40.2092
0,39,99,0,0,40.2099
0,40,99,0,0,40.2106
0,41,99,0,0,40.2111
0,42,99,0,0,40.2116
0,43,99,0,0,40.2122
0,44,99,0,0,40.2129
0,45,99,0,0,40.2137
0,46,99,0,0,40.2147
0,47,99,0,0,40.2156
0,48,99,0,0,40.216
0,49,99,0,0,40.2163
0,50,99,0,0,40.2167
0,51,99,0,0,40.2174
0,52,99,0,0,40.2184
0,53,99,0,0,40.2195
0,54,99,0,0,40.2204
0,55,99,0,0,40.2213
0,56,99,0,0,40.2223
0,57,99,0,0,40.2231
0,58,99,0,0,40.224
0,59,99,0,0,40.2249
0,60,99,0,0,40.226
0,61,99,0,0,40.227
0,62,99,0,0,40.2276
0,63,99,0,0,40.2282
0,64,99,0,1.85006e-05,40.2289
0,65,99,0,0,40.2266
0,66,99,0,0,40.2244
0,67,99,0,0,40.2223
0,68,99,0,0,40.2202
0,69,99,0,0,40.2182
0,70,99,0,0,40.2163
0,71,99,0,0,40.2144
0,72,99,0,0,40.2125
0,73,99,0,0,40.2109
0,74,99,0,0,40.2094
0,75,99,0,0,40.2082
0,76,99,0,0,40.2072
0,77,99,0,0,40.2064
0,78,99,0,0,40.2058
0,79,99,0,0,40.2053
0,80,99,0,0,40.2046
0,81,99,0,0,40.2038
0,82,99,0,0,40.2031
0,83,99,0,0,40.2025
0,84,99,0,0,40.2019
0,85,99,0,0,40.201
0,86,99,0,0,40.2004
0,87,99,0,0,40.2001
0,88,99,0,0,40.1997
0,89,99,0,0,40.1996
0,90,99,0,0,40.1993
0,91,99,0,0,40.199
0,92,99,0,0,40.1989
0,93,99,0,0,40.1991
0,94,99,0,0,40.199
0,95,99,0,0,40.1991
0,96,99,0,0,40.1993
0,97,99,0,0,40.1994
0,98,99,0,0,40.199
0,99,99,0,0,40.1984
0,100,99,0,0,40.1975
0,101,99,0,0,40.1968
0,102,99,0,0,40.1962
0,103,99,0,0,40.1957
0,104,99,0,0,40.1952
0,105,99,0,0,40.1945
0,106,99,0,0,40.1937
0,107,99,0,0,40.193
0,108,99,0,0,40.1925
0,109,99,0,0,40.192
0,110,99,0,0,40.1916
0,111,99,0,0,40.1912
0,112,99,0,0,40.1907
0,113,99,0,0,40.19
0,114,99,0,0,40.1889
0,115,99,0,0,40.1877
0,116,99,0,0,40.1866
0,117,99,0,0,40.1858
0,118,99,0,0,40.1855
0,119,99,0,0,40.1852
0,120,99,0,0,40.1851
0,121,99,0,0,40.1851
0,122,99,0,0,40.1852
0,123,99,0,0,40.1855
0,124,99,0,0,40.1856
0,125,99,0,0,40.1854
0,126,99,0,0,40.1849
0,127,99,0,0,40.1841
0,0,100,0,1.85006e-05,40.2282
0,1,100,0,0,40.2263
0,2,100,0,0,40.2248
0,3,100,0,0,40.2236
0,4,100,0,0,40.2224
0,5,100,0,0,40.2211
0,6,100,0,0,40.2199
0,7,100,0,0,40.2188
0,8,100,0,0,40.2177
0,9,100,0,0,40.2168
0,10,100,0,0,40.216
0,11,100,0,0,40.2152
0,12,100,0,0,40.2146
0,13,100,0,0,40.214
0,14,100,0,0,40.2136
0,15,100,0,0,40.2131
0,16,100,0,0,40.2127
0,17,100,0,0,40.2121
0,18,100,0,0,40.2116
0,19,100,0,0,40.2109
0,20,100,0,0,40.2102
0,21,100,0,0,40.2095
0,22,100,0,0,40.2089
0,23,100,0,0,40.2083
0,24,100,0,0,40.2078
0,25,100,0,0,40.2074
0,26,100,0,0,40.2071
0,27,100,0,0,40.2068
0,28,100,0,0,40.2063
0,29,100,0,0,40.2056
0,30,100,0,0,40.2049
0,31,100,0,0,40.2044
0,32,100,0,0,40.2039
0,33,100,0,0,40.2037
0,34,100,0,0,40.2035
0,35,100,0,0,40.2035
0,36,100,0,0,40.2037
0,37,100,0,0,40.204
0,38,100,0,0,40.2043
0,39,100,0,0,40.2048
0,40,100,0,0,40.2053
0,41,100,0,0,40.2058
0,42,100,0,0,40.2063
0,43,100,0,0,40.2068
0,44,100,0,0,40.2075
0,45,100,0,0,40.2082
0,46,100,0,0,40.2089
0,47,100,0,0,40.2096
0,48,100,0,0,40.2101
0,49,100,0,0,40.2106
0,50,100,0,0,40.2111
0,51,100,0,0,40.2118
0,52,100,0,0,40.2127
0,53,100,0,0,40.2136
0,54,100,0,0,40.2145
0,55,100,0,0,40.2154
0,56,100,0,0,40.2163
0,57,100,0,0,40.2171
0,58,100,0,0,40.218
0,59,100,0,0,40.2189
0,60,100,0,0,40.2199
0,61,100,0,0,40.2208
0,62,100,0,0,40.2216
0,63,100,0,0,40.2224
0,64,100,0,1.85006e-05,40.2232
0,65,100,0,0,40.221
0,66,100,0,0,40.2189
0,67,100,0,0,40.2169
0,68,100,0,0,40.2149
0,69,100,0,0,40.213
0,70,100,0,0,40.2112
0,71,100,0,0,40.2094
0,72,100,0,0,40.2078
0,73,100,0,0,40.2063
0,74,100,0,0,40.2049
0,75,100,0,0,40.2037
0,76,100,0,0,40.2027
0,77,100,0,0,40.2018
0,78,100,0,0,40.2011
0,79,100,0,0,40.2004
0,80,100,0,0,40.1997
0,81,100,0,0,40.199
0,82,100,0,0,40.1983
0,83,100,0,0,40.1977
0,84,100,0,0,40.1971
0,85,100,0,0,40.1964
0,86,100,0,0,40.1959
0,87,100,0,0,40.1955
0,88,100,0,0,40.1951
0,89,100,0,0,40.1948
0,90,100,0,0,40.1945
0,91,100,0,0,40.1943
0,92,100,0,0,40.1941
0,93,100,0,0,40.194
0,94,100,0,0,40.194
0,95,100,0,0,40.1939
0,96,100,0,0,40.1938
0,97,100,0,0,40.1937
0,98,100,0,0,40.1934
0,99,100,0,0,40.1929
0,100,100,0,0,40.1922
0,101,100,0,0,40.1916
0,102,100,0,0,40.1911
0,103,100,0,0,40.1906
0,104,100,0,0,40.1901
0,105,100,0,0,40.1895
0,106,100,0,0,40.1889
0,107,100,0,0,40.1883
0,108,100,0,0,40.1878
0,109,100,0,0,40.1873
0,110,100,0,0,40.1869
0,111,100,0,0,40.1864
0,112,100,0,0,40.1858
0,113,100,0,0,40.1852
0,114,100,0,0,40.1844
0,115,100,0,0,40.1835
0,116,100,0,0,40.1827
0,117,100,0,0,40.1821
0,118,100,0,0,40.1816
0,119,100,0,0,40.1813
0,120,100,0,0,40.1811
0,121,100,0,0,40.181
0,122,100,0,0,40.181
0,123,100,0,0,40.181
0,124,100,0,0,40.181
0,125,100,0,0,40.1808
0,126,100,0,0,40.1805
0,127,100,0,0,40.18
0,0,101,0,1.85006e-05,40.2243
0,1,101,0,0,40.2223
0,2,101,0,0,40.2205
0,3,101,0,0,40.219
0,4,101,0,0,40.2176
0,5,101,0,0,40.2163
0,6,101,0,0,40.2151
0,7,101,0,0,40.214
0,8,101,0,0,40.2129
0,9,101,0,0,40.212
0,10,101,0,0,40.2111
0,11,101,0,0,40.2104
0,12,101,0,0,40.2097
0,13,101,0,0,40.2091
0,14,101,0,0,40.2085
0,15,101,0,0,40.208
0,16,101,0,0,40.2075
0,17,101,0,0,40.207
0,18,101,0,0,40.2064
0,19,101,0,0,40.2059
0,20,101,0,0,40.2053
0,21,101,0,0,40.2047
0,22,101,0,0,40.2042
0,23,101,0,0,40.2037
0,24,101,0,0,40.2032
0,25,101,0,0,40.2029
0,26,101,0,0,40.2025
0,27,101,0,0,40.2021
0,28,101,0,0,40.2017
0,29,101,0,0,40.2012
0,30,101,0,0,40.2007
0,31,101,0,0,40.2003
0,32,101,0,0,40.1999
0,33,101,0,0,40.1997
0,34,101,0,0,40.1996
0,35,101,0,0,40.1996
0,36,101,0,0,40.1996
0,37,101,0,0,40.1998
0,38,101,0,0,40.2001
0,39,101,0,0,40.2005
0,40,101,0,0,40.2008
0,41,101,0,0,40.2013
0,42,101,0,0,40.2017
0,43,101,0,0,40.2022
0,44,101,0,0,40.2028
0,45,101,0,0,40.2034
0,46,101,0,0,40.204
0,47,101,0,0,40.2046
0,48,101,0,0,40.2051
0,49,101,0,0,40.2057
0,50,101,0,0,40.2063
0,51,101,0,0,40.207
0,52,101,0,0,40.2077
0,53,101,0,0,40.2086
0,54,101,0,0,40.2094
0,55,101,0,0,40.2103
0,56,101,0,0,40.2111
0,57,101,0,0,40.212
0,58,101,0,0,40.2129
0,59,101,0,0,40.2138
0,60,101,0,0,40.2147
0,61,101,0,0,40.2156
0,62,101,0,0,40.2165
0,63,101,0,0,40.2174
0,64,101,0,1.85006e-05,40.2183
0,65,101,0,0,40.2162
0,66,101,0,0,40.2142
0,67,101,0,0,40.2123
0,68,101,0,0,40.2104
0,69,101,0,0,40.2086
0,70,101,0,0,40.2069
0,71,101,0,0,40.2052
0,72,101,0,0,40.2037
0,73,101,0,0,40.2022
0,74,101,0,0,40.2009
0,75,101,0,0,40.1998
0,76,101,0,0,40.1987
0,77,101,0,0,40.1978
0,78,101,0,0,40.1971
0,79,101,0,0,40.1963
0,80,101,0,0,40.1956
0,81,101,0,0,40.1949
0,82,101,0,0,40.1943
0,83,101,0,0,40.1937
0,84,101,0,0,40.1931
0,85,101,0,0,40.1925
0,86,101,0,0,40.192
0,87,101,0,0,40.1915
0,88,101,0,0,40.1912
0,89,101,0,0,40.1908
0,90,101,0,0,40.1905
0,91,101,0,0,40.1902
0,92,101,0,0,40.19
0,93,101,0,0,40.1898
0,94,101,0,0,40.1896
0,95,101,0,0,40.1894
0,96,101,0,0,40.1892
0,97,101,0,0,40.189
0,98,101,0,0,40.1886
0,99,101,0,0,40.1882
0,100,101,0,0,40.1877
0,101,101,0,0,40.1872
0,102,101,0,0,40.1867
0,103,101,0,0,40.1862
0,104,101,0,0,40.1857
0,105,101,0,0,40.1852
0,106,101,0,0,40.1847
0,107,101,0,0,40.1842
0,108,101,0,0,40.1837
0,109,101,0,0,40.1833
0,110,101,0,0,40.1828
0,111,101,0,0,40.1824
0,112,101,0,0,40.1819
0,113,101,0,0,40.1813
0,114,101,0,0,40.1806
0,115,101,0,0,40.1799
0,116,101,0,0,40.1793
0,117,101,0,0,40.1788
0,118,101,0,0,40.1783
0,119,101,0,0,40.178
0,120,101,0,0,40.1778
0,121,101,0,0,40.1776
0,122,101,0,0,40.1775
0,123,101,0,0,40.1774
0,124,101,0,0,40.1772
0,125,101,0,0,40.177
0,126,101,0,0,40.1768
0,127,101,0,0,40.1766
0,0,102,0,1.85006e-05,40.221
0,1,102,0,0,40.2187
0,2,102,0,0,40.2168
0,3,102,0,0,40.2152
0,4,102,0,0,40.2137
0,5,102,0,0,40.2123
0,6,102,0,0,40.2111
0,7,102,0,0,40.2099
0,8,102,0,0,40.2089
0,9,102,0,0,40.2079
0,10,102,0,0,40.207
0,11,102,0,0,40.2062
0,12,102,0,0,40.2055
0,13,102,0,0,40.2048
0,14,102,0,0,40.2043
0,15,102,0,0,40.2037
0,16,102,0,0,40.2032
0,17,102,0,0,40.2026
0,18,102,0,0,40.2021
0,19,102,0,0,40.2016
0,20,102,0,0,40.2011
0,21,102,0,0,40.2006
0,22,102,0,0,40.2001
0,23,102,0,0,40.1997
0,24,102,0,0,40.1993
0,25,102,0,0,40.199
0,26,102,0,0,40.1987
0,27,102,0,0,40.1983
0,28,102,0,0,40.198
0,29,102,0,0,40.1976
0,30,102,0,0,40.1972
0,31,102,0,0,40.1969
0,32,102,0,0,40.1966
0,33,102,0,0,40.1964
0,34,102,0,0,40.1963
0,35,102,0,0,40.1962
0,36,102,0,0,40.1963
0,37,102,0,0,40.1964
0,38,102,0,0,40.1966
0,39,102,0,0,40.1968
0,40,102,0,0,40.1971
0,41,102,0,0,40.1975
0,42,102,0,0,40.1979
0,43,102,0,0,40.1983
0,44,102,0,0,40.1988
0,45,102,0,0,40.1993
0,46,102,0,0,40.1998
0,47,102,0,0,40.2004
0,48,102,0,0,40.201
0,49,102,0,0,40.2015
0,50,102,0,0,40.2021
0,51,102,0,0,40.2028
0,52,102,0,0,40.2035
0,53,102,0,0,40.2043
0,54,102,0,0,40.2051
0,55,102,0,0,40.206
0,56,102,0,0,40.2068
0,57,102,0,0,40.2077
0,58,102,0,0,40.2086
0,59,102,0,0,40.2095
0,60,102,0,0,40.2104
0,61,102,0,0,40.2113
0,62,102,0,0,40.2122
0,63,102,0,0,40.2132
0,64,102,0,1.85006e-05,40.2142
0,65,102,0,0,40.2122
0,66,102,0,0,40.2103
0,67,102,0,0,40.2084
0,68,102,0,0,40.2066
0,69,102,0,0,40.2049
0,70,102,0,0,40.2033
0,71,102,0,0,40.2017
0,72,102,0,0,40.2002
0,73,102,0,0,40.1989
0,74,102,0,0,40.1976
0,75,102,0,0,40.1965
0,76,102,0,0,40.1954
0,77,102,0,0,40.1945
0,78,102,0,0,40.1937
0,79,102,0,0,40.193
0,80,102,0,0,40.1923
0,81,102,0,0,40.1916
0,82,102,0,0,40.191
0,83,102,0,0,40.1904
0,84,102,0,0,40.1898
0,85,102,0,0,40.1893
0,86,102,0,0,40.1888
0,87,102,0,0,40.1883
0,88,102,0,0,40.1879
0,89,102,0,0,40.1875
0,90,102,0,0,40.1872
0,91,102,0,0,40.1868
0,92,102,0,0,40.1865
0,93,102,0,0,40.1862
0,94,102,0,0,40.186
0,95,102,0,0,40.1857
0,96,102,0,0,40.1854
0,97,102,0,0,40.1851
0,98,102,0,0,40.1847
0,99,102,0,0,40.1843
0,100,102,0,0,40.1839
0,101,102,0,0,40.1834
0,102,102,0,0,40.183
0,103,102,0,0,40.1825
0,104,102,0,0,40.1821
0,105,102,0,0,40.1816
0,106,102,0,0,40.1812
0,107,102,0,0,40.1808
0,108,102,0,0,40.1804
0,109,102,0,0,40.18
0,110,102,0,0,40.1796
0,111,102,0,0,40.1791
0,112,102,0,0,40.1787
0,113,102,0,0,40.1782
0,114,102,0,0,40.1776
0,115,102,0,0,40.177
0,116,102,0,0,40.1765
0,117,102,0,0,40.176
0,118,102,0,0,40.1756
0,119,102,0,0,40.1753
0,120,102,0,0,40.175
0,121,102,0,0,40.1747
0,122,102,0,0,40.1746
0,123,102,0,0,40.1744
0,124,102,0,0,40.1742
0,125,102,0,0,40.174
0,126,102,0,0,40.1738
0,127,102,0,0,40.1736
0,0,103,0,1.85006e-05,40.2181
0,1,103,0,0,40.2157
0,2,103,0,0,40.2137
0,3,103,0,0,40.212
0,4,103,0,0,40.2104
0,5,103,0,0,40.209
0,6,103,0,0,40.2077
0,7,103,0,0,40.2065
0,8,103,0,0,40.2055
0,9,103,0,0,40.2045
0,10,103,0,0,40.2036
0,11,103,0,0,40.2028
0,12,103,0,0,40.202
0,13,103,0,0,40.2013
0,14,103,0,0,40.2007
0,15,103,0,0,40.2001
0,16,103,0,0,40.1996
0,17,103,0,0,40.1991
0,18,103,0,0,40.1986
0,19,103,0,0,40.1981
0,20,103,0,0,40.1976
0,21,103,0,0,40.1972
0,22,103,0,0,40.1968
0,23,103,0,0,40.1965
0,24,103,0,0,40.1962
0,25,103,0,0,40.1959
0,26,103,0,0,40.1956
0,27,103,0,0,40.1953
0,28,103,0,0,40.195
0,29,103,0,0,40.1947
0,30,103,0,0,40.1944
0,31,103,0,0,40.1942
0,32,103,0,0,40.1939
0,33,103,0,0,40.1937
0,34,103,0,0,40.1936
0,35,103,0,0,40.1935
0,36,103,0,0,40.1935
0,37,103,0,0,40.1936
0,38,103,0,0,40.1937
0,39,103,0,0,40.1939
0,40,103,0,0,40.1941
0,41,103,0,0,40.1944
0,42,103,0,0,40.1947
0,43,103,0,0,40.1951
0,44,103,0,0,40.1955
0,45,103,0,0,40.1959
0,46,103,0,0,40.1964
0,47,103,0,0,40.197
0,48,103,0,0,40.1975
0,49,103,0,0,40.1981
0,50,103,0,0,40.1987
0,51,103,0,0,40.1994
0,52,103,0,0,40.2001
0,53,103,0,0,40.2008
0,54,103,0,0,40.2016
0,55,103,0,0,40.2024
0,56,103,0,0,40.2033
0,57,103,0,0,40.2041
0,58,103,0,0,40.205
0,59,103,0,0,40.2059
0,60,103,0,0,40.2069
0,61,103,0,0,40.2078
0,62,103,0,0,40.2088
0,63,103,0,0,40.2098
0,64,103,0,1.85006e-05,40.2108
0,65,103,0,0,40.2089
0,66,103,0,0,40.2071
0,67,103,0,0,40.2053
0,68,103,0,0,40.2036
0,69,103,0,0,40.202
0,70,103,0,0,40.2004
0,71,103,0,0,40.1989
0,72,103,0,0,40.1975
0,73,103,0,0,40.1961
0,74,103,0,0,40.1949
0,75,103,0,0,40.1938
0,76,103,0,0,40.1928
0,77,103,0,0,40.1919
0,78,103,0,0,40.191
0,79,103,0,0,40.1903
0,80,103,0,0,40.1896
0,81,103,0,0,40.1889
0,82,103,0,0,40.1883
0,83,103,0,0,40.1877
0,84,103,0,0,40.1872
0,85,103,0,0,40.1867
0,86,103,0,0,40.1862
0,87,103,0,0,40.1857
0,88,103,0,0,40.1853
0,89,103,0,0,40.1849
0,90,103,0,0,40.1845
0,91,103,0,0,40.1841
0,92,103,0,0,40.1837
0,93,103,0,0,40.1834
0,94,103,0,0,40.183
0,95,103,0,0,40.1827
0,96,103,0,0,40.1823
0,97,103,0,0,40.182
0,98,103,0,0,40.1816
0,99,103,0,0,40.1812
0,100,103,0,0,40.1808
0,101,103,0,0,40.1803
0,102,103,0,0,40.1799
0,103,103,0,0,40.1795
0,104,103,0,0,40.1792
0,105,103,0,0,40.1788
0,106,103,0,0,40.1784
0,107,103,0,0,40.178
0,108,103,0,0,40.1777
0,109,103,0,0,40.1773
0,110,103,0,0,40.177
0,111,103,0,0,40.1766
0,112,103,0,0,40.1762
0,113,103,0,0,40.1757
0,114,103,0,0,40.1753
0,115,103,0,0,40.1748
0,116,103,0,0,40.1743
0,117,103,0,0,40.1739
0,118,103,0,0,40.1735
0,119,103,0,0,40.1731
0,120,103,0,0,40.1728
0,121,103,0,0,40.1725
0,122,103,0,0,40.1723
0,123,103,0,0,40.1721
0,124,103,0,0,40.1719
0,125,103,0,0,40.1717
0,126,103,0,0,40.1715
0,127,103,0,0,40.1713
0,0,104,0,1.85006e-05,40.2157
0,1,104,0,0,40.2133
0,2,104,0,0,40.2112
0,3,104,0,0,40.2094
0,4,104,0,0,40.2078
0,5,104,0,0,40.2063
0,6,104,0,0,40.205
0,7,104,0,0,40.2038
0,8,104,0,0,40.2028
0,9,104,0,0,40.2018
0,10,104,0,0,40.2009
0,11,104,0,0,40.2
0,12,104,0,0,40.1993
0,13,104,0,0,40.1985
0,14,104,0,0,40.1979
0,15,104,0,0,40.1973
0,16,104,0,0,40.1967
0,17,104,0,0,40.1962
0,18,104,0,0,40.1957
0,19,104,0,0,40.1953
0,20,104,0,0,40.1949
0,21,104,0,0,40.1946
0,22,104,0,0,40.1942
0,23,104,0,0,40.194
0,24,104,0,0,40.1937
0,25,104,0,0,40.1935
0,26,104,0,0,40.1933
0,27,104,0,0,40.193
0,28,104,0,0,40.1928
0,29,104,0,0,40.1926
0,30,104,0,0,40.1923
0,31,104,0,0,40.1921
0,32,104,0,0,40.1919
0,33,104,0,0,40.1918
0,34,104,0,0,40.1916
0,35,104,0,0,40.1915
0,36,104,0,0,40.1915
0,37,104,0,0,40.1915
0,38,104,0,0,40.1915
0,39,104,0,0,40.1916
0,40,104,0,0,40.1918
0,41,104,0,0,40.192
0,42,104,0,0,40.1922
0,43,104,0,0,40.1926
0,44,104,0,0,40.1929
0,45,104,0,0,40.1933
0,46,104,0,0,40.1938
0,47,104,0,0,40.1942
0,48,104,0,0,40.1948
0,49,104,0,0,40.1953
0,50,104,0,0,40.196
0,51,104,0,0,40.1966
0,52,104,0,0,40.1973
0,53,104,0,0,40.198
0,54,104,0,0,40.1988
0,55,104,0,0,40.1996
0,56,104,0,0,40.2005
0,57,104,0,0,40.2014
0,58,104,0,0,40.2023
0,59,104,0,0,40.2032
0,60,104,0,0,40.2041
0,61,104,0,0,40.2051
0,62,104,0,0,40.2061
0,63,104,0,0,40.2072
0,64,104,0,1.85006e-05,40.2083
0,65,104,0,0,40.2064
0,66,104,0,0,40.2046
0,67,104,0,0,40.2029
0,68,104,0,0,40.2013
0,69,104,0,0,40.1997
0,70,104,0,0,40.1982
0,71,104,0,0,40.1967
0,72,104,0,0,40.1953
0,73,104,0,0,40.194
0,74,104,0,0,40.1928
0,75,104,0,0,40.1917
0,76,104,0,0,40.1907
0,77,104,0,0,40.1898
0,78,104,0,0,40.189
0,79,104,0,0,40.1882
0,80,104,0,0,40.1876
0,81,104,0,0,40.1869
0,82,104,0,0,40.1863
0,83,104,0,0,40.1858
0,84,104,0,0,40.1853
0,85,104,0,0,40.1848
0,86,104,0,0,40.1843
0,87,104,0,0,40.1838
0,88,104,0,0,40.1834
0,89,104,0,0,40.1829
0,90,104,0,0,40.1825
0,91,104,0,0,40.1821
0,92,104,0,0,40.1816
0,93,104,0,0,40.1812
0,94,104,0,0,40.1808
0,95,104,0,0,40.1804
0,96,104,0,0,40.18
0,97,104,0,0,40.1796
0,98,104,0,0,40.1792
0,99,104,0,0,40.1787
0,100,104,0,0,40.1783
0,101,104,0,0,40.178
0,102,104,0,0,40.1776
0,103,104,0,0,40.1772
0,104,104,0,0,40.1769
0,105,104,0,0,40.1766
0,106,104,0,0,40.1763
0,107,104,0,0,40.176
0,108,104,0,0,40.1757
0,109,104,0,0,40.1754
0,110,104,0,0,40.1751
0,111,104,0,0,40.1747
0,112,104,0,0,40.1744
0,113,104,0,0,40.174
0,114,104,0,0,40.1736
0,115,104,0,0,40.1732
0,116,104,0,0,40.1728
0,117,104,0,0,40.1723
0,118,104,0,0,40.172
0,119,104,0,0,40.1716
0,120,104,0,0,40.1713
0,121,104,0,0,40.1709
0,122,104,0,0,40.1707
0,123,104,0,0,40.1704
0,124,104,0,0,40.1701
0,125,104,0,0,40.1699
0,126,104,0,0,40.1697
0,127,104,0,0,40.1696
0,0,105,0,1.85006e-05,40.2138
0,1,105,0,0,40.2114
0,2,105,0,0,40.2093
0,3,105,0,0,40.2074
0,4,105,0,0,40.2058
0,5,105,0,0,40.2043
0,6,105,0,0,40.203
0,7,105,0,0,40.2018
0,8,105,0,0,40.2007
0,9,105,0,0,40.1997
0,10,105,0,0,40.1988
0,11,105,0,0,40.198
0,12,105,0,0,40.1972
0,13,105,0,0,40.1964
0,14,105,0,0,40.1957
0,15,105,0,0,40.1951
0,16,105,0,0,40.1945
0,17,105,0,0,40.194
0,18,105,0,0,40.1936
0,19,105,0,0,40.1932
0,20,105,0,0,40.1928
0,21,105,0,0,40.1926
0,22,105,0,0,40.1923
0,23,105,0,0,40.1921
0,24,105,0,0,40.192
0,25,105,0,0,40.1918
0,26,105,0,0,40.1916
0,27,105,0,0,40.1915
0,28,105,0,0,40.1913
0,29,105,0,0,40.1911
0,30,105,0,0,40.1909
0,31,105,0,0,40.1908
0,32,105,0,0,40.1906
0,33,105,0,0,40.1904
0,34,105,0,0,40.1903
0,35,105,0,0,40.1902
0,36,105,0,0,40.1901
0,37,105,0,0,40.19
0,38,105,0,0,40.19
0,39,105,0,0,40.19
0,40,105,0,0,40.1901
0,41,105,0,0,40.1903
0,42,105,0,0,40.1904
0,43,105,0,0,40.1907
0,44,105,0,0,40.191
0,45,105,0,0,40.1913
0,46,105,0,0,40.1917
0,47,105,0,0,40.1922
0,48,105,0,0,40.1927
0,49,105,0,0,40.1933
0,50,105,0,0,40.1939
0,51,105,0,0,40.1946
0,52,105,0,0,40.1953
0,53,105,0,0,40.196
0,54,105,0,0,40.1968
0,55,105,0,0,40.1976
0,56,105,0,0,40.1984
0,57,105,0,0,40.1993
0,58,105,0,0,40.2002
0,59,105,0,0,40.2012
0,60,105,0,0,40.2022
0,61,105,0,0,40.2032
0,62,105,0,0,40.2042
0,63,105,0,0,40.2053
0,64,105,0,1.85006e-05,40.2065
0,65,105,0,0,40.2047
0,66,105,0,0,40.2029
0,67,105,0,0,40.2013
0,68,105,0,0,40.1997
0,69,105,0,0,40.1981
0,70,105,0,0,40.1966
0,71,105,0,0,40.1952
0,72,105,0,0,40.1938
0,73,105,0,0,40.1926
0,74,105,0,0,40.1914
0,75,105,0,0,40.1903
0,76,105,0,0,40.1893
0,77,105,0,0,40.1884
0,78,105,0,0,40.1876
0,79,105,0,0,40.1869
0,80,105,0,0,40.1862
0,81,105,0,0,40.1856
0,82,105,0,0,40.185
0,83,105,0,0,40.1845
0,84,105,0,0,40.184
0,85,105,0,0,40.1835
0,86,105,0,0,40.1831
0,87,105,0,0,40.1826
0,88,105,0,0,40.1822
0,89,105,0,0,40.1817
0,90,105,0,0,40.1812
0,91,105,0,0,40.1807
0,92,105,0,0,40.1802
0,93,105,0,0,40.1797
0,94,105,0,0,40.1792
0,95,105,0,0,40.1787
0,96,105,0,0,40.1783
0,97,105,0,0,40.1778
0,98,105,0,0,40.1774
0,99,105,0,0,40.177
0,100,105,0,0,40.1766
0,101,105,0,0,40.1762
0,102,105,0,0,40.1759
0,103,105,0,0,40.1756
0,104,105,0,0,40.1753
0,105,105,0,0,40.175
0,106,105,0,0,40.1748
0,107,105,0,0,40.1745
0,108,105,0,0,40.1743
0,109,105,0,0,40.1741
0,110,105,0,0,40.1738
0,111,105,0,0,40.1736
0,112,105,0,0,40.1733
0,113,105,0,0,40.1729
0,114,105,0,0,40.1726
0,115,105,0,0,40.1722
0,116,105,0,0,40.1718
0,117,105,0,0,40.1714
0,118,105,0,0,40.1711
0,119,105,0,0,40.1707
0,120,105,0,0,40.1703
0,121,105,0,0,40.17
0,122,105,0,0,40.1696
0,123,105,0,0,40.1693
0,124,105,0,0,40.169
0,125,105,0,0,40.1688
0,126,105,0,0,40.1686
0,127,105,0,0,40.1684
0,0,106,0,1.85006e-05,40.2124
0,1,106,0,0,40.21
0,2,106,0,0,40.2079
0,3,106,0,0,40.206
0,4,106,0,0,40.2043
0,5,106,0,0,40.2029
0,6,106,0,0,40.2016
0,7,106,0,0,40.2004
0,8,106,0,0,40.1994
0,9,106,0,0,40.1984
0,10,106,0,0,40.1975
0,11,106,0,0,40.1966
0,12,106,0,0,40.1957
0,13,106,0,0,40.195
0,14,106,0,0,40.1942
0,15,106,0,0,40.1936
0,16,106,0,0,40.193
0,17,106,0,0,40.1925
0,18,106,0,0,40.1921
0,19,106,0,0,40.1917
0,20,106,0,0,40.1915
0,21,106,0,0,40.1913
0,22,106,0,0,40.1911
0,23,106,0,0,40.191
0,24,106,0,0,40.1909
0,25,106,0,0,40.1908
0,26,106,0,0,40.1907
0,27,106,0,0,40.1906
0,28,106,0,0,40.1905
0,29,106,0,0,40.1904
0,30,106,0,0,40.1903
0,31,106,0,0,40.1901
0,32,106,0,0,40.19
0,33,106,0,0,40.1898
0,34,106,0,0,40.1897
0,35,106,0,0,40.1895
0,36,106,0,0,40.1893
0,37,106,0,0,40.1892
0,38,106,0,0,40.1891
0,39,106,0,0,40.1891
0,40,106,0,0,40.1891
0,41,106,0,0,40.1892
0,42,106,0,0,40.1893
0,43,106,0,0,40.1895
0,44,106,0,0,40.1897
0,45,106,0,0,40.19
0,46,106,0,0,40.1904
0,47,106,0,0,40.1908
0,48,106,0,0,40.1913
0,49,106,0,0,40.1919
0,50,106,0,0,40.1925
0,51,106,0,0,40.1932
0,52,106,0,0,40.1939
0,53,106,0,0,40.1946
0,54,106,0,0,40.1954
0,55,106,0,0,40.1962
0,56,106,0,0,40.1971
0,57,106,0,0,40.198
0,58,106,0,0,40.1989
0,59,106,0,0,40.1999
0,60,106,0,0,40.2009
0,61,106,0,0,40.202
0,62,106,0,0,40.203
0,63,106,0,0,40.2042
0,64,106,0,1.85006e-05,40.2054
0,65,106,0,0,40.2036
0,66,106,0,0,40.2019
0,67,106,0,0,40.2003
0,68,106,0,0,40.1987
0,69,106,0,0,40.1972
0,70,106,0,0,40.1958
0,71,106,0,0,40.1944
0,72,106,0,0,40.193
0,73,106,0,0,40.1918
0,74,106,0,0,40.1906
0,75,106,0,0,40.1895
0,76,106,0,0,40.1885
0,77,106,0,0,40.1876
0,78,106,0,0,40.1868
0,79,106,0,0,40.1861
0,80,106,0,0,40.1855
0,81,106,0,0,40.1849
0,82,106,0,0,40.1843
0,83,106,0,0,40.1839
0,84,106,0,0,40.1834
0,85,106,0,0,40.183
0,86,106,0,0,40.1826
0,87,106,0,0,40.1821
0,88,106,0,0,40.1816
0,89,106,0,0,40.1811
0,90,106,0,0,40.1806
0,91,106,0,0,40.18
0,92,106,0,0,40.1794
0,93,106,0,0,40.1789
0,94,106,0,0,40.1783
0,95,106,0,0,40.1778
0,96,106,0,0,40.1772
0,97,106,0,0,40.1767
0,98,106,0,0,40.1763
0,99,106,0,0,40.1758
0,100,106,0,0,40.1754
0,101,106,0,0,40.1751
0,102,106,0,0,40.1748
0,103,106,0,0,40.1745
0,104,106,0,0,40.1743
0,105,106,0,0,40.1741
0,106,106,0,0,40.1739
0,107,106,0,0,40.1738
0,108,106,0,0,40.1736
0,109,106,0,0,40.1735
0,110,106,0,0,40.1733
0,111,106,0,0,40.1731
0,112,106,0,0,40.1728
0,113,106,0,0,40.1726
0,114,106,0,0,40.1723
0,115,106,0,0,40.1719
0,116,106,0,0,40.1716
0,117,106,0,0,40.1712
0,118,106,0,0,40.1708
0,119,106,0,0,40.1704
0,120,106,0,0,40.17
0,121,106,0,0,40.1696
0,122,106,0,0,40.1692
0,123,106,0,0,40.1689
0,124,106,0,0,40.1685
0,125,106,0,0,40.1682
0,126,106,0,0,40.168
0,127,106,0,0,40.1678
0,0,107,0,1.85006e-05,40.2116
0,1,107,0,0,40.2092
0,2,107,0,0,40.207
0,3,107,0,0,40.2051
0,4,107,0,0,40.2035
0,5,107,0,0,40.2021
0,6,107,0,0,40.2008
0,7,107,0,0,40.1997
0,8,107,0,0,40.1987
0,9,107,0,0,40.1977
0,10,107,0,0,40.1968
0,11,107,0,0,40.1959
0,12,107,0,0,40.195
0,13,107,0,0,40.1942
0,14,107,0,0,40.1934
0,15,107,0,0,40.1927
0,16,107,0,0,40.1921
0,17,107,0,0,40.1916
0,18,107,0,0,40.1912
0,19,107,0,0,40.1909
0,20,107,0,0,40.1907
0,21,107,0,0,40.1906
0,22,107,0,0,40.1906
0,23,107,0,0,40.1905
0,24,107,0,0,40.1906
0,25,107,0,0,40.1906
0,26,107,0,0,40.1906
0,27,107,0,0,40.1905
0,28,107,0,0,40.1905
0,29,107,0,0,40.1904
0,30,107,0,0,40.1903
0,31,107,0,0,40.1902
0,32,107,0,0,40.1901
0,33,107,0,0,40.19
0,34,107,0,0,40.1898
0,35,107,0,0,40.1895
0,36,107,0,0,40.1893
0,37,107,0,0,40.189
0,38,107,0,0,40.1889
0,39,107,0,0,40.1887
0,40,107,0,0,40.1887
0,41,107,0,0,40.1887
0,42,107,0,0,40.1888
0,43,107,0,0,40.189
0,44,107,0,0,40.1891
0,45,107,0,0,40.1894
0,46,107,0,0,40.1897
0,47,107,0,0,40.1901
0,48,107,0,0,40.1906
0,49,107,0,0,40.1912
0,50,107,0,0,40.1918
0,51,107,0,0,40.1925
0,52,107,0,0,40.1932
0,53,107,0,0,40.1939
0,54,107,0,0,40.1947
0,55,107,0,0,40.1955
0,56,107,0,0,40.1964
0,57,107,0,0,40.1973
0,58,107,0,0,40.1983
0,59,107,0,0,40.1993
0,60,107,0,0,40.2004
0,61,107,0,0,40.2015
0,62,107,0,0,40.2026
0,63,107,0,0,40.2038
0,64,107,0,1.85006e-05,40.205
0,65,107,0,0,40.2033
0,66,107,0,0,40.2016
0,67,107,0,0,40.2
0,68,107,0,0,40.1985
0,69,107,0,0,40.1971
0,70,107,0,0,40.1956
0,71,107,0,0,40.1942
0,72,107,0,0,40.1928
0,73,107,0,0,40.1916
0,74,107,0,0,40.1904
0,75,107,0,0,40.1893
0,76,107,0,0,40.1883
0,77,107,0,0,40.1874
0,78,107,0,0,40.1867
0,79,107,0,0,40.186
0,80,107,0,0,40.1854
0,81,107,0,0,40.1848
0,82,107,0,0,40.1843
0,83,107,0,0,40.1839
0,84,107,0,0,40.1835
0,85,107,0,0,40.1831
0,86,107,0,0,40.1827
0,87,107,0,0,40.1823
0,88,107,0,0,40.1818
0,89,107,0,0,40.1813
0,90,107,0,0,40.1807
0,91,107,0,0,40.18
0,92,107,0,0,40.1794
0,93,107,0,0,40.1787
0,94,107,0,0,40.1781
0,95,107,0,0,40.1774
0,96,107,0,0,40.1768
0,97,107,0,0,40.1763
0,98,107,0,0,40.1758
0,99,107,0,0,40.1753
0,100,107,0,0,40.1749
0,101,107,0,0,40.1746
0,102,107,0,0,40.1743
0,103,107,0,0,40.1741
0,104,107,0,0,40.174
0,105,107,0,0,40.1738
0,106,107,0,0,40.1737
0,107,107,0,0,40.1736
0,108,107,0,0,40.1736
0,109,107,0,0,40.1735
0,110,107,0,0,40.1734
0,111,107,0,0,40.1733
0,112,107,0,0,40.1731
0,113,107,0,0,40.1729
0,114,107,0,0,40.1726
0,115,107,0,0,40.1723
0,116,107,0,0,40.1719
0,117,107,0,0,40.1716
0,118,107,0,0,40.1712
0,119,107,0,0,40.1708
0,120,107,0,0,40.1703
0,121,107,0,0,40.1699
0,122,107,0,0,40.1695
0,123,107,0,0,40.169
0,124,107,0,0,40.1686
0,125,107,0,0,40.1682
0,126,107,0,0,40.1679
0,127,107,0,0,40.1677
0,0,108,0,1.85006e-05,40.2112
0,1,108,0,0,40.2089
0,2,108,0,0,40.2067
0,3,108,0,0,40.2049
0,4,108,0,0,40.2032
0,5,108,0,0,40.2018
0,6,108,0,0,40.2007
0,7,108,0,0,40.1996
0,8,108,0,0,40.1987
0,9,108,0,0,40.1978
0,10,108,0,0,40.1968
0,11,108,0,0,40.1959
0,12,108,0,0,40.195
0,13,108,0,0,40.1941
0,14,108,0,0,40.1932
0,15,108,0,0,40.1925
0,16,108,0,0,40.1918
0,17,108,0,0,40.1913
0,18,108,0,0,40.191
0,19,108,0,0,40.1907
0,20,108,0,0,40.1906
0,21,108,0,0,40.1906
0,22,108,0,0,40.1907
0,23,108,0,0,40.1908
0,24,108,0,0,40.1909
0,25,108,0,0,40.191
0,26,108,0,0,40.1911
0,27,108,0,0,40.1912
0,28,108,0,0,40.1911
0,29,108,0,0,40.1911
0,30,108,0,0,40.1911
0,31,108,0,0,40.191
0,32,108,0,0,40.191
0,33,108,0,0,40.1908
0,34,108,0,0,40.1906
0,35,108,0,0,40.1903
0,36,108,0,0,40.1899
0,37,108,0,0,40.1896
0,38,108,0,0,40.1893
0,39,108,0,0,40.1891
0,40,108,0,0,40.189
0,41,108,0,0,40.189
0,42,108,0,0,40.189
0,43,108,0,0,40.1891
0,44,108,0,0,40.1892
0,45,108,0,0,40.1893
0,46,108,0,0,40.1896
0,47,108,0,0,40.19
0,48,108,0,0,40.1905
0,49,108,0,0,40.1911
0,50,108,0,0,40.1918
0,51,108,0,0,40.1925
0,52,108,0,0,40.1933
0,53,108,0,0,40.194
0,54,108,0,0,40.1947
0,55,108,0,0,40.1955
0,56,108,0,0,40.1964
0,57,108,0,0,40.1974
0,58,108,0,0,40.1985
0,59,108,0,0,40.1995
0,60,108,0,0,40.2006
0,61,108,0,0,40.2018
0,62,108,0,0,40.2029
0,63,108,0,0,40.2041
0,64,108,0,1.85006e-05,40.2054
0,65,108,0,0,40.2037
0,66,108,0,0,40.202
0,67,108,0,0,40.2005
0,68,108,0,0,40.199
0,69,108,0,0,40.1976
0,70,108,0,0,40.1962
0,71,108,0,0,40.1947
0,72,108,0,0,40.1933
0,73,108,0,0,40.192
0,74,108,0,0,40.1908
0,75,108,0,0,40.1897
0,76,108,0,0,40.1887
0,77,108,0,0,40.1879
0,78,108,0,0,40.1871
0,79,108,0,0,40.1865
0,80,108,0,0,40.1859
0,81,108,0,0,40.1854
0,82,108,0,0,40.1849
0,83,108,0,0,40.1846
0,84,108,0,0,40.1843
0,85,108,0,0,40.184
0,86,108,0,0,40.1837
0,87,108,0,0,40.1832
0,88,108,0,0,40.1827
0,89,108,0,0,40.1822
0,90,108,0,0,40.1815
0,91,108,0,0,40.1807
0,92,108,0,0,40.18
0,93,108,0,0,40.1792
0,94,108,0,0,40.1785
0,95,108,0,0,40.1778
0,96,108,0,0,40.1771
0,97,108,0,0,40.1764
0,98,108,0,0,40.1759
0,99,108,0,0,40.1754
0,100,108,0,0,40.175
0,101,108,0,0,40.1747
0,102,108,0,0,40.1745
0,103,108,0,0,40.1743
0,104,108,0,0,40.1742
0,105,108,0,0,40.1742
0,106,108,0,0,40.1742
0,107,108,0,0,40.1742
0,108,108,0,0,40.1742
0,109,108,0,0,40.1742
0,110,108,0,0,40.1742
0,111,108,0,0,40.1742
0,112,108,0,0,40.1741
0,113,108,0,0,40.1739
0,114,108,0,0,40.1736
0,115,108,0,0,40.1733
0,116,108,0,0,40.173
0,117,108,0,0,40.1726
0,118,108,0,0,40.1722
0,119,108,0,0,40.1718
0,120,108,0,0,40.1713
0,121,108,0,0,40.1708
0,122,108,0,0,40.1703
0,123,108,0,0,40.1698
0,124,108,0,0,40.1693
0,125,108,0,0,40.1689
0,126,108,0,0,40.1685
0,127,108,0,0,40.1681
0,0,109,0,1.85006e-05,40.2115
0,1,109,0,0,40.2091
0,2,109,0,0,40.207
0,3,109,0,0,40.2051
0,4,109,0,0,40.2035
0,5,109,0,0,40.2022
0,6,109,0,0,40.2011
0,7,109,0,0,40.2002
0,8,109,0,0,40.1994
0,9,109,0,0,40.1986
0,10,109,0,0,40.1976
0,11,109,0,0,40.1966
0,12,109,0,0,40.1956
0,13,109,0,0,40.1946
0,14,109,0,0,40.1937
0,15,109,0,0,40.1928
0,16,109,0,0,40.1921
0,17,109,0,0,40.1916
0,18,109,0,0,40.1913
0,19,109,0,0,40.1911
0,20,109,0,0,40.1911
0,21,109,0,0,40.1913
0,22,109,0,0,40.1915
0,23,109,0,0,40.1917
0,24,109,0,0,40.192
0,25,109,0,0,40.1923
0,26,109,0,0,40.1925
0,27,109,0,0,40.1926
0,28,109,0,0,40.1926
0,29,109,0,0,40.1926
0,30,109,0,0,40.1926
0,31,109,0,0,40.1926
0,32,109,0,0,40.1926
0,33,109,0,0,40.1925
0,34,109,0,0,40.1923
0,35,109,0,0,40.1918
0,36,109,0,0,40.1913
0,37,109,0,0,40.1907
0,38,109,0,0,40.1903
0,39,109,0,0,40.19
0,40,109,0,0,40.1899
0,41,109,0,0,40.1899
0,42,109,0,0,40.1899
0,43,109,0,0,40.1899
0,44,109,0,0,40.1899
0,45,109,0,0,40.1899
0,46,109,0,0,40.1901
0,47,109,0,0,40.1905
0,48,109,0,0,40.191
0,49,109,0,0,40.1918
0,50,109,0,0,40.1925
0,51,109,0,0,40.1933
0,52,109,0,0,40.194
0,53,109,0,0,40.1947
0,54,109,0,0,40.1954
0,55,109,0,0,40.1962
0,56,109,0,0,40.1971
0,57,109,0,0,40.1982
0,58,109,0,0,40.1993
0,59,109,0,0,40.2005
0,60,109,0,0,40.2016
0,61,109,0,0,40.2028
0,62,109,0,0,40.204
0,63,109,0,0,40.2052
0,64,109,0,1.85006e-05,40.2065
0,65,109,0,0,40.2048
0,66,109,0,0,40.2032
0,67,109,0,0,40.2017
0,68,109,0,0,40.2003
0,69,109,0,0,40.1989
0,70,109,0,0,40.1975
0,71,109,0,0,40.196
0,72,109,0,0,40.1945
0,73,109,0,0,40.1931
0,74,109,0,0,40.1918
0,75,109,0,0,40.1907
0,76,109,0,0,40.1897
0,77,109,0,0,40.1889
0,78,109,0,0,40.1882
0,79,109,0,0,40.1876
0,80,109,0,0,40.1871
0,81,109,0,0,40.1866
0,82,109,0,0,40.1862
0,83,109,0,0,40.1859
0,84,109,0,0,40.1857
0,85,109,0,0,40.1856
0,86,109,0,0,40.1853
0,87,109,0,0,40.185
0,88,109,0,0,40.1845
0,89,109,0,0,40.1838
0,90,109,0,0,40.183
0,91,109,0,0,40.1822
0,92,109,0,0,40.1813
0,93,109,0,0,40.1804
0,94,109,0,0,40.1795
0,95,109,0,0,40.1787
0,96,109,0,0,40.1779
0,97,109,0,0,40.1772
0,98,109,0,0,40.1766
0,99,109,0,0,40.176
0,100,109,0,0,40.1756
0,101,109,0,0,40.1753
0,102,109,0,0,40.1752
0,103,109,0,0,40.1751
0,104,109,0,0,40.1752
0,105,109,0,0,40.1752
0,106,109,0,0,40.1753
0,107,109,0,0,40.1754
0,108,109,0,0,40.1754
0,109,109,0,0,40.1756
0,110,109,0,0,40.1758
0,111,109,0,0,40.1759
0,112,109,0,0,40.1758
0,113,109,0,0,40.1757
0,114,109,0,0,40.1754
0,115,109,0,0,40.1751
0,116,109,0,0,40.1747
0,117,109,0,0,40.1744
0,118,109,0,0,40.174
0,119,109,0,0,40.1735
0,120,109,0,0,40.173
0,121,109,0,0,40.1724
0,122,109,0,0,40.1718
0,123,109,0,0,40.1712
0,124,109,0,0,40.1706
0,125,109,0,0,40.1701
0,126,109,0,0,40.1695
0,127,109,0,0,40.1691
0,0,110,0,1.85006e-05,40.2122
0,1,110,0,0,40.21
0,2,110,0,0,40.2079
0,3,110,0,0,40.2059
0,4,110,0,0,40.2042
0,5,110,0,0,40.203
0,6,110,0,0,40.2022
0,7,110,0,0,40.2016
0,8,110,0,0,40.201
0,9,110,0,0,40.2002
0,10,110,0,0,40.1993
0,11,110,0,0,40.1982
0,12,110,0,0,40.197
0,13,110,0,0,40.1959
0,14,110,0,0,40.1948
0,15,110,0,0,40.1938
0,16,110,0,0,40.193
0,17,110,0,0,40.1925
0,18,110,0,0,40.1922
0,19,110,0,0,40.1921
0,20,110,0,0,40.1922
0,21,110,0,0,40.1925
0,22,110,0,0,40.1929
0,23,110,0,0,40.1934
0,24,110,0,0,40.1939
0,25,110,0,0,40.1943
0,26,110,0,0,40.1946
0,27,110,0,0,40.1948
0,28,110,0,0,40.1948
0,29,110,0,0,40.1947
0,30,110,0,0,40.1948
0,31,110,0,0,40.195
0,32,110,0,0,40.1952
0,33,110,0,0,40.1951
0,34,110,0,0,40.1948
0,35,110,0,0,40.1942
0,36,110,0,0,40.1934
0,37,110,0,0,40.1925
0,38,110,0,0,40.1919
0,39,110,0,0,40.1915
0,40,110,0,0,40.1914
0,41,110,0,0,40.1915
0,42,110,0,0,40.1915
0,43,110,0,0,40.1914
0,44,110,0,0,40.1913
0,45,110,0,0,40.1911
0,46,110,0,0,40.1912
0,47,110,0,0,40.1915
0,48,110,0,0,40.1921
0,49,110,0,0,40.193
0,50,110,0,0,40.194
0,51,110,0,0,40.1948
0,52,110,0,0,40.1956
0,53,110,0,0,40.1962
0,54,110,0,0,40.1968
0,55,110,0,0,40.1975
0,56,110,0,0,40.1985
0,57,110,0,0,40.1996
0,58,110,0,0,40.201
0,59,110,0,0,40.2022
0,60,110,0,0,40.2034
0,61,110,0,0,40.2046
0,62,110,0,0,40.2059
0,63,110,0,0,40.2071
0,64,110,0,1.85006e-05,40.2083
0,65,110,0,0,40.2066
0,66,110,0,0,40.205
0,67,110,0,0,40.2036
0,68,110,0,0,40.2023
0,69,110,0,0,40.2011
0,70,110,0,0,40.1996
0,71,110,0,0,40.198
0,72,110,0,0,40.1963
0,73,110,0,0,40.1948
0,74,110,0,0,40.1934
0,75,110,0,0,40.1923
0,76,110,0,0,40.1913
0,77,110,0,0,40.1906
0,78,110,0,0,40.1899
0,79,110,0,0,40.1894
0,80,110,0,0,40.1889
0,81,110,0,0,40.1884
0,82,110,0,0,40.1881
0,83,110,0,0,40.1879
0,84,110,0,0,40.1879
0,85,110,0,0,40.188
0,86,110,0,0,40.1879
0,87,110,0,0,40.1876
0,88,110,0,0,40.1871
0,89,110,0,0,40.1864
0,90,110,0,0,40.1854
0,91,110,0,0,40.1843
0,92,110,0,0,40.1832
0,93,110,0,0,40.1822
0,94,110,0,0,40.1813
0,95,110,0,0,40.1803
0,96,110,0,0,40.1794
0,97,110,0,0,40.1786
0,98,110,0,0,40.1778
0,99,110,0,0,40.1773
0,100,110,0,0,40.1768
0,101,110,0,0,40.1766
0,102,110,0,0,40.1764
0,103,110,0,0,40.1765
0,104,110,0,0,40.1767
0,105,110,0,0,40.1769
0,106,110,0,0,40.1771
0,107,110,0,0,40.1772
0,108,110,0,0,40.1774
0,109,110,0,0,40.1776
0,110,110,0,0,40.1781
0,111,110,0,0,40.1784
0,112,110,0,0,40.1784
0,113,110,0,0,40.1782
0,114,110,0,0,40.1779
0,115,110,0,0,40.1776
0,116,110,0,0,40.1772
0,117,110,0,0,40.1769
0,118,110,0,0,40.1765
0,119,110,0,0,40.1759
0,120,110,0,0,40.1753
0,121,110,0,0,40.1747
0,122,110,0,0,40.174
0,123,110,0,0,40.1733
0,124,110,0,0,40.1726
0,125,110,0,0,40.1719
0,126,110,0,0,40.1712
0,127,110,0,0,40.1705
0,0,111,0,1.85006e-05,40.2137
0,1,111,0,0,40.2117
0,2,111,0,0,40.2093
0,3,111,0,0,40.2072
0,4,111,0,0,40.2053
0,5,111,0,0,40.2042
0,6,111,0,0,40.2037
0,7,111,0,0,40.2037
0,8,111,0,0,40.2035
0,9,111,0,0,40.2029
0,10,111,0,0,40.2018
0,11,111,0,0,40.2005
0,12,111,0,0,40.1992
0,13,111,0,0,40.1978
0,14,111,0,0,40.1967
0,15,111,0,0,40.1953
0,16,111,0,0,40.1943
0,17,111,0,0,40.1938
0,18,111,0,0,40.1938
0,19,111,0,0,40.1937
0,20,111,0,0,40.1938
0,21,111,0,0,40.1945
0,22,111,0,0,40.195
0,23,111,0,0,40.1959
0,24,111,0,0,40.1967
0,25,111,0,0,40.1972
0,26,111,0,0,40.1977
0,27,111,0,0,40.1981
0,28,111,0,0,40.1978
0,29,111,0,0,40.1975
0,30,111,0,0,40.1976
0,31,111,0,0,40.198
0,32,111,0,0,40.1989
0,33,111,0,0,40.1987
0,34,111,0,0,40.1985
0,35,111,0,0,40.1977
0,36,111,0,0,40.1963
0,37,111,0,0,40.1949
0,38,111,0,0,40.1939
0,39,111,0,0,40.1934
0,40,111,0,0,40.1935
0,41,111,0,0,40.194
0,42,111,0,0,40.194
0,43,111,0,0,40.1938
0,44,111,0,0,40.1934
0,45,111,0,0,40.1928
0,46,111,0,0,40.1927
0,47,111,0,0,40.1931
0,48,111,0,0,40.1937
0,49,111,0,0,40.1949
0,50,111,0,0,40.1964
0,51,111,0,0,40.1972
0,52,111,0,0,40.198
0,53,111,0,0,40.1985
0,54,111,0,0,40.1987
0,55,111,0,0,40.1994
0,56,111,0,0,40.2004
0,57,111,0,0,40.2017
0,58,111,0,0,40.2035
0,59,111,0,0,40.2048
0,60,111,0,0,40.2059
0,61,111,0,0,40.2072
0,62,111,0,0,40.2088
0,63,111,0,0,40.2099
0,64,111,0,1.85006e-05,40.2108
0,65,111,0,0,40.2091
0,66,111,0,0,40.2076
0,67,111,0,0,40.2061
0,68,111,0,0,40.2051
0,69,111,0,0,40.2042
0,70,111,0,0,40.2028
0,71,111,0,0,40.2008
0,72,111,0,0,40.1988
0,73,111,0,0,40.1972
0,74,111,0,0,40.1955
0,75,111,0,0,40.1944
0,76,111,0,0,40.1934
0,77,111,0,0,40.1929
0,78,111,0,0,40.1922
0,79,111,0,0,40.1919
0,80,111,0,0,40.1914
0,81,111,0,0,40.191
0,82,111,0,0,40.1905
0,83,111,0,0,40.1904
0,84,111,0,0,40.1907
0,85,111,0,0,40.1913
0,86,111,0,0,40.1913
0,87,111,0,0,40.1911
0,88,111,0,0,40.1906
0,89,111,0,0,40.19
0,90,111,0,0,40.1887
0,91,111,0,0,40.1872
0,92,111,0,0,40.1859
0,93,111,0,0,40.1846
0,94,111,0,0,40.1837
0,95,111,0,0,40.1827
0,96,111,0,0,40.1815
0,97,111,0,0,40.1805
0,98,111,0,0,40.1796
0,99,111,0,0,40.1791
0,100,111,0,0,40.1786
0,101,111,0,0,40.1783
0,102,111,0,0,40.1782
0,103,111,0,0,40.1784
0,104,111,0,0,40.179
0,105,111,0,0,40.1794
0,106,111,0,0,40.1795
0,107,111,0,0,40.1797
0,108,111,0,0,40.1799
0,109,111,0,0,40.1802
0,110,111,0,0,40.1811
0,111,111,0,0,40.182
0,112,111,0,0,40.182
0,113,111,0,0,40.1816
0,114,111,0,0,40.1811
0,115,111,0,0,40.1808
0,116,111,0,0,40.1803
0,117,111,0,0,40.1802
0,118,111,0,0,40.1799
0,119,111,0,0,40.1791
0,120,111,0,0,40.1784
0,121,111,0,0,40.1778
0,122,111,0,0,40.1769
0,123,111,0,0,40.1759
0,124,111,0,0,40.1752
0,125,111,0,0,40.1743
0,126,111,0,0,40.1736
0,127,111,0,0,40.1724
0,0,112,0,4.93931e-05,40.2161
0,1,112,0,4.179e-05,40.2146
0,2,112,0,2.43e-05,40.2115
0,3,112,0,2.6775e-05,40.2089
0,4,112,0,2.142e-05,40.2066
0,5,112,0,2.05275e-05,40.2055
0,6,112,0,1.428e-05,40.2056
0,7,112,0,3.44625e-05,40.2069
0,8,112,0,3.69825e-05,40.2074
0,9,112,0,4.16025e-05,40.2068
0,10,112,0,4.428e-05,40.2054
0,11,112,0,4.25025e-05,40.2036
0,12,112,0,5.004e-05,40.2022
0,13,112,0,2.856e-05,40.2003
0,14,112,0,5.286e-05,40.1995
0,15,112,0,1.572e-05,40.1971
0,16,112,0,1.69575e-05,40.1959
0,17,112,0,1.428e-05,40.1954
0,18,112,0,3.714e-05,40.196
0,19,112,0,4.002e-05,40.1959
0,20,112,0,1.08975e-05,40.1955
0,21,112,0,5.142e-05,40.1975
0,22,112,0,3.144e-05,40.1976
0,23,112,0,4.12575e-05,40.1991
0,24,112,0,4.77075e-05,40.2006
0,25,112,0,3.62475e-05,40.201
0,26,112,0,3e-05,40.2016
0,27,112,0,4.69575e-05,40.2029
0,28,112,0,2.001e-05,40.2015
0,29,112,0,2.856e-05,40.2008
0,30,112,0,4.48275e-05,40.2011
0,31,112,0,1.51725e-05,40.2012
0,32,112,0,8.43e-05,40.2047
0,33,112,0,2.346e-05,40.203
0,34,112,0,6.501e-05,40.2034
0,35,112,0,6.41175e-05,40.2027
0,36,112,0,2.736e-05,40.1998
0,37,112,0,3.57e-05,40.1978
0,38,112,0,2.286e-05,40.1961
0,39,112,0,2.286e-05,40.1955
0,40,112,0,2.499e-05,40.196
0,41,112,0,5.286e-05,40.1976
0,42,112,0,4.716e-05,40.1976
0,43,112,0,3.858e-05,40.1971
0,44,112,0,4.716e-05,40.1963
0,45,112,0,3.1275e-05,40.1949
0,46,112,0,2.43e-05,40.1944
0,47,112,0,3.94725e-05,40.1952
0,48,112,0,2.37525e-05,40.1955
0,49,112,0,2.286e-05,40.1973
0,50,112,0,5.286e-05,40.2002
0,51,112,0,1.572e-05,40.2005
0,52,112,0,2.592e-05,40.2016
0,53,112,0,4.46475e-05,40.2019
0,54,112,0,2.286e-05,40.201
0,55,112,0,2.856e-05,40.2016
0,56,112,0,3.96525e-05,40.203
0,57,112,0,1.572e-05,40.2041
0,58,112,0,5.87625e-05,40.2074
0,59,112,0,3.5715e-05,40.2083
0,60,112,0,2.286e-05,40.2089
0,61,112,0,2.661e-05,40.2105
0,62,112,0,4.5375e-05,40.213
0,63,112,0,3.4665e-05,40.2137
0,64,112,0,3.99206e-05,40.2139
0,65,112,0,2.32275e-05,40.2122
0,66,112,0,4.143e-05,40.211
0,67,112,0,1.51725e-05,40.2091
0,68,112,0,2.142e-05,40.2085
0,69,112,0,4.80525e-05,40.2086
0,70,112,0,4.572e-05,40.2076
0,71,112,0,3.32475e-05,40.2043
0,72,112,0,3e-05,40.2017
0,73,112,0,5.148e-05,40.2003
0,74,112,0,2.286e-05,40.1979
0,75,112,0,4.26975e-05,40.1972
0,76,112,0,2.142e-05,40.1958
0,77,112,0,5.32275e-05,40.1963
0,78,112,0,3e-05,40.195
0,79,112,0,5.145e-05,40.1952
0,80,112,0,4.01625e-05,40.1947
0,81,112,0,4.143e-05,40.1943
0,82,112,0,2.142e-05,40.1932
0,83,112,0,3e-05,40.1934
0,84,112,0,2.856e-05,40.194
0,85,112,0,7.36125e-05,40.1961
0,86,112,0,4.12575e-05,40.1958
0,87,112,0,5.574e-05,40.1958
0,88,112,0,4.572e-05,40.195
0,89,112,0,7.359e-05,40.195
0,90,112,0,5.40975e-05,40.1928
0,91,112,0,3.144e-05,40.1906
0,92,112,0,4.86e-05,40.1896
0,93,112,0,1.428e-05,40.1872
0,94,112,0,4.86e-05,40.187
0,95,112,0,4.572e-05,40.186
0,96,112,0,2.286e-05,40.1841
0,97,112,0,3.714e-05,40.1832
0,98,112,0,2.0715e-05,40.1816
0,99,112,0,2.55375e-05,40.1816
0,100,112,0,2.142e-05,40.1808
0,101,112,0,3.18075e-05,40.1807
0,102,112,0,1.83975e-05,40.1802
0,103,112,0,2.43e-05,40.1808
0,104,112,0,3.858e-05,40.182
0,105,112,0,3.57e-05,40.1829
0,106,112,0,2.286e-05,40.1828
0,107,112,0,3.0705e-05,40.1829
0,108,112,0,3.858e-05,40.183
0,109,112,0,7.14e-06,40.1828
0,110,112,0,3.6795e-05,40.1851
0,111,112,0,6.62475e-05,40.1871
0,112,112,0,4.287e-05,40.1866
0,113,112,0,3.37725e-05,40.1857
0,114,112,0,2.7795e-05,40.1848
0,115,112,0,4.2135e-05,40.1849
0,116,112,0,2.40975e-05,40.1838
0,117,112,0,4.428e-05,40.1844
0,118,112,0,5.3745e-05,40.1845
0,119,112,0,4.16025e-05,40.183
0,120,112,0,3.68025e-05,40.1821
0,121,112,0,5.43e-05,40.1819
0,122,112,0,3.714e-05,40.1805
0,123,112,0,3e-05,40.1792
0,124,112,0,3.5355e-05,40.1786
0,125,112,0,1.572e-05,40.1773
0,126,112,0,4.03575e-05,40.1772
0,127,112,0,2.4645e-05,40.1749
0,0,113,0,9.47681e-05,40.2158
0,1,113,0,4.965e-05,40.2133
0,2,113,0,3.714e-05,40.21
0,3,113,0,3.1785e-05,40.207
0,4,113,0,8.58e-06,40.204
0,5,113,0,8.0325e-06,40.2031
0,6,113,0,4.878e-05,40.205
0,7,113,0,4.50075e-05,40.206
0,8,113,0,7.23225e-05,40.2071
0,9,113,0,5.9655e-05,40.2057
0,10,113,0,3.714e-05,40.2029
0,11,113,0,2.60775e-05,40.2003
0,12,113,0,1.572e-05,40.1983
0,13,113,0,3.714e-05,40.1976
0,14,113,0,2.142e-05,40.1963
0,15,113,0,4.68225e-05,40.196
0,16,113,0,3.44625e-05,40.1948
0,17,113,0,4.26975e-05,40.1944
0,18,113,0,3.57e-05,40.1938
0,19,113,0,7.14e-06,40.1926
0,20,113,0,4.34025e-05,40.194
0,21,113,0,3.23325e-05,40.1945
0,22,113,0,1.572e-05,40.1946
0,23,113,0,3.213e-05,40.1964
0,24,113,0,4.7505e-05,40.1985
0,25,113,0,4.839e-05,40.1996
0,26,113,0,3.714e-05,40.2005
0,27,113,0,0.000103778,40.2037
0,28,113,0,7.287e-05,40.202
0,29,113,0,3.00375e-05,40.1992
0,30,113,0,1.53825e-05,40.1982
0,31,113,0,2.787e-05,40.1994
0,32,113,0,7.7685e-05,40.2028
0,33,113,0,6.96e-05,40.2021
0,34,113,0,1.929e-05,40.1999
0,35,113,0,5.44425e-05,40.2001
0,36,113,0,7.14e-05,40.199
0,37,113,0,1.428e-05,40.1952
0,38,113,0,3.714e-05,40.1944
0,39,113,0,2.499e-05,40.1936
0,40,113,0,3.6795e-05,40.1942
0,41,113,0,4.2495e-05,40.1949
0,42,113,0,2.856e-05,40.1947
0,43,113,0,6.357e-05,40.1954
0,44,113,0,2.286e-05,40.1931
0,45,113,0,9.8175e-06,40.1915
0,46,113,0,2.856e-05,40.1918
0,47,113,0,1.55325e-05,40.1919
0,48,113,0,1.33875e-05,40.1928
0,49,113,0,3.858e-05,40.1957
0,50,113,0,5.19675e-05,40.1988
0,51,113,0,7.25325e-05,40.2013
0,52,113,0,8.877e-05,40.2024
0,53,113,0,3.82125e-05,40.2002
0,54,113,0,2.142e-05,40.1987
0,55,113,0,2.856e-05,40.1992
0,56,113,0,2.32275e-05,40.2002
0,57,113,0,4.002e-05,40.2025
0,58,113,0,3.98175e-05,40.2049
0,59,113,0,5.94975e-05,40.2073
0,60,113,0,4.2495e-05,40.208
0,61,113,0,4.053e-05,40.2095
0,62,113,0,7.0365e-05,40.2124
0,63,113,0,6.35775e-05,40.2133
0,64,113,0,5.70806e-05,40.2131
0,65,113,0,6.25125e-05,40.2118
0,66,113,0,2.571e-05,40.2093
0,67,113,0,5.84175e-05,40.2091
0,68,113,0,6.576e-05,40.2086
0,69,113,0,3.3915e-05,40.2072
0,70,113,0,0.000105345,40.208
0,71,113,0,3.25125e-05,40.2027
0,72,113,0,2.592e-05,40.1992
0,73,113,0,2.142e-05,40.197
0,74,113,0,3.144e-05,40.1956
0,75,113,0,2.87625e-05,40.1945
0,76,113,0,3.44625e-05,40.1938
0,77,113,0,3.53925e-05,40.1933
0,78,113,0,3e-05,40.1923
0,79,113,0,2.001e-05,40.1916
0,80,113,0,3.55575e-05,40.192
0,81,113,0,4.287e-05,40.1922
0,82,113,0,4.716e-05,40.1921
0,83,113,0,3.858e-05,40.1918
0,84,113,0,4.08975e-05,40.192
0,85,113,0,1.50075e-05,40.192
0,86,113,0,6.912e-05,40.194
0,87,113,0,3.714e-05,40.1928
0,88,113,0,4.572e-05,40.1922
0,89,113,0,3.213e-05,40.1908
0,90,113,0,2.43e-05,40.1892
0,91,113,0,4.002e-05,40.1883
0,92,113,0,4.002e-05,40.1873
0,93,113,0,5.24925e-05,40.1862
0,94,113,0,1.428e-05,40.1838
0,95,113,0,3.858e-05,40.1835
0,96,113,0,4.16025e-05,40.1826
0,97,113,0,4.002e-05,40.1813
0,98,113,0,2.145e-06,40.1793
0,99,113,0,7.61025e-05,40.1814
0,100,113,0,3e-05,40.1796
0,101,113,0,3.10725e-05,40.1791
0,102,113,0,3.216e-05,40.179
0,103,113,0,3.30225e-05,40.1793
0,104,113,0,1.74975e-05,40.1798
0,105,113,0,6.144e-05,40.1823
0,106,113,0,6.27e-05,40.1828
0,107,113,0,4.0005e-05,40.1817
0,108,113,0,1.428e-05,40.1808
0,109,113,0,5.43e-05,40.1827
0,110,113,0,5.0385e-05,40.1839
0,111,113,0,4.16025e-05,40.1848
0,112,113,0,5.75175e-05,40.1855
0,113,113,0,6.05475e-05,40.1852
0,114,113,0,3.9525e-05,40.1839
0,115,113,0,5.32125e-05,40.1839
0,116,113,0,3.30225e-05,40.1826
0,117,113,0,3.93075e-05,40.1827
0,118,113,0,5.487e-05,40.1827
0,119,113,0,1.98375e-05,40.1803
0,120,113,0,3.46575e-05,40.1798
0,121,113,0,2.6775e-05,40.1791
0,122,113,0,4.01625e-05,40.1787
0,123,113,0,2.3565e-05,40.1775
0,124,113,0,4.64625e-05,40.1778
0,125,113,0,4.572e-05,40.1773
0,126,113,0,6.3405e-05,40.1772
0,127,113,0,4.83975e-05,40.1746
0,0,114,0,1.85006e-05,40.2078
0,1,114,0,0,40.2056
0,2,114,0,0,40.203
0,3,114,0,0,40.2006
0,4,114,0,0,40.1986
0,5,114,0,0,40.1976
0,6,114,0,0,40.1979
0,7,114,0,1.197e-05,40.1985
0,8,114,0,6.435e-06,40.1983
0,9,114,0,4.4625e-06,40.197
0,10,114,0,0,40.1949
0,11,114,0,0,40.193
0,12,114,0,0,40.1914
0,13,114,0,0,40.1904
0,14,114,0,0,40.1894
0,15,114,0,3.2175e-06,40.1888
0,16,114,0,0,40.1879
0,17,114,0,4.4625e-06,40.1875
0,18,114,0,0,40.1869
0,19,114,0,0,40.1865
0,20,114,0,0,40.1869
0,21,114,0,6.2475e-06,40.1876
0,22,114,0,0,40.1879
0,23,114,0,8.925e-07,40.189
0,24,114,0,6.2475e-06,40.1905
0,25,114,0,5.3625e-06,40.1914
0,26,114,0,0,40.192
0,27,114,0,2.145e-06,40.1931
0,28,114,0,0,40.1926
0,29,114,0,4.4625e-06,40.1918
0,30,114,0,4.29e-06,40.1914
0,31,114,0,2.6775e-06,40.1918
0,32,114,0,6.435e-06,40.1929
0,33,114,0,0,40.1924
0,34,114,0,0,40.1914
0,35,114,0,0,40.1908
0,36,114,0,0,40.1898
0,37,114,0,0,40.1882
0,38,114,0,0,40.1873
0,39,114,0,3.57e-06,40.187
0,40,114,0,5.355e-06,40.1871
0,41,114,0,1.785e-06,40.1871
0,42,114,0,0,40.1869
0,43,114,0,3.57e-06,40.187
0,44,114,0,0,40.1861
0,45,114,0,6.2475e-06,40.1856
0,46,114,0,0,40.1855
0,47,114,0,6.435e-06,40.186
0,48,114,0,0,40.1867
0,49,114,0,0,40.1884
0,50,114,0,8.925e-07,40.1904
0,51,114,0,7.5075e-06,40.1922
0,52,114,0,4.11e-06,40.1929
0,53,114,0,0,40.1923
0,54,114,0,0,40.1919
0,55,114,0,0,40.1923
0,56,114,0,0,40.1933
0,57,114,0,0,40.1949
0,58,114,0,0,40.1968
0,59,114,0,6.2475e-06,40.1989
0,60,114,0,8.925e-06,40.2004
0,61,114,0,0,40.2015
0,62,114,0,0,40.2031
0,63,114,0,3.2175e-06,40.2044
0,64,114,0,1.85006e-05,40.2052
0,65,114,0,0,40.2035
0,66,114,0,0,40.2018
0,67,114,0,3.57e-06,40.2009
0,68,114,0,0,40.1998
0,69,114,0,8.925e-07,40.1988
0,70,114,0,1.3215e-05,40.198
0,71,114,0,0,40.1948
0,72,114,0,0,40.1921
0,73,114,0,0,40.1901
0,74,114,0,0,40.1886
0,75,114,0,0,40.1875
0,76,114,0,2.6775e-06,40.1867
0,77,114,0,0,40.1859
0,78,114,0,0,40.1851
0,79,114,0,0,40.1846
0,80,114,0,0,40.1844
0,81,114,0,0,40.1844
0,82,114,0,0,40.1843
0,83,114,0,0,40.1842
0,84,114,0,4.8225e-06,40.1843
0,85,114,0,0,40.1843
0,86,114,0,5.3625e-06,40.1848
0,87,114,0,0,40.1841
0,88,114,0,0,40.1834
0,89,114,0,0,40.1824
0,90,114,0,4.4625e-06,40.1815
0,91,114,0,0,40.1804
0,92,114,0,0,40.1795
0,93,114,0,7.5075e-06,40.1787
0,94,114,0,0,40.1771
0,95,114,0,0,40.1762
0,96,114,0,2.6775e-06,40.1754
0,97,114,0,0,40.1743
0,98,114,0,0,40.1734
0,99,114,0,0,40.1735
0,100,114,0,0,40.1729
0,101,114,0,0,40.1726
0,102,114,0,5.3625e-06,40.1728
0,103,114,0,2.6775e-06,40.173
0,104,114,0,5.3625e-06,40.1735
0,105,114,0,0,40.1743
0,106,114,0,7.32e-06,40.175
0,107,114,0,3.57e-06,40.1746
0,108,114,0,0,40.1744
0,109,114,0,0,40.175
0,110,114,0,0,40.1758
0,111,114,0,3.57e-06,40.1765
0,112,114,0,1.0725e-06,40.1767
0,113,114,0,0,40.1766
0,114,114,0,0,40.1761
0,115,114,0,8.9325e-06,40.1761
0,116,114,0,0,40.1753
0,117,114,0,8.0325e-06,40.1753
0,118,114,0,1.0185e-05,40.1749
0,119,114,0,0,40.1734
0,120,114,0,0,40.1727
0,121,114,0,8.925e-06,40.1724
0,122,114,0,2.6775e-06,40.1717
0,123,114,0,6.435e-06,40.1712
0,124,114,0,5.3625e-06,40.1708
0,125,114,0,0,40.1702
0,126,114,0,1.05375e-05,40.1699
0,127,114,0,2.6775e-06,40.1683
0,0,115,0,1.85006e-05,40.2013
0,1,115,0,0,40.199
0,2,115,0,0,40.1967
0,3,115,0,0,40.1946
0,4,115,0,0,40.1929
0,5,115,0,0,40.1918
0,6,115,0,0,40.1912
0,7,115,0,0,40.1909
0,8,115,0,0,40.1902
0,9,115,0,0,40.1891
0,10,115,0,0,40.1876
0,11,115,0,0,40.1861
0,12,115,0,0,40.1848
0,13,115,0,0,40.1837
0,14,115,0,0,40.1828
0,15,115,0,0,40.1821
0,16,115,0,0,40.1814
0,17,115,0,0,40.1809
0,18,115,0,0,40.1805
0,19,115,0,0,40.1803
0,20,115,0,0,40.1804
0,21,115,0,0,40.1808
0,22,115,0,0,40.1812
0,23,115,0,0,40.1819
0,24,115,0,0,40.1827
0,25,115,0,0,40.1834
0,26,115,0,0,40.1839
0,27,115,0,0,40.1844
0,28,115,0,0,40.1843
0,29,115,0,0,40.184
0,30,115,0,0,40.1839
0,31,115,0,0,40.184
0,32,115,0,0,40.1842
0,33,115,0,0,40.184
0,34,115,0,0,40.1834
0,35,115,0,0,40.1828
0,36,115,0,0,40.182
0,37,115,0,0,40.1811
0,38,115,0,0,40.1805
0,39,115,0,0,40.1801
0,40,115,0,0,40.18
0,41,115,0,0,40.1799
0,42,115,0,0,40.1798
0,43,115,0,0,40.1796
0,44,115,0,0,40.1793
0,45,115,0,0,40.1791
0,46,115,0,0,40.1792
0,47,115,0,0,40.1797
0,48,115,0,0,40.1804
0,49,115,0,0,40.1815
0,50,115,0,0,40.1828
0,51,115,0,0,40.184
0,52,115,0,0,40.1847
0,53,115,0,0,40.1849
0,54,115,0,0,40.1851
0,55,115,0,0,40.1857
0,56,115,0,0,40.1866
0,57,115,0,0,40.1879
0,58,115,0,0,40.1894
0,59,115,0,0,40.191
0,60,115,0,0,40.1924
0,61,115,0,0,40.1937
0,62,115,0,0,40.1951
0,63,115,0,0,40.1964
0,64,115,0,1.85006e-05,40.1975
0,65,115,0,0,40.1959
0,66,115,0,0,40.1944
0,67,115,0,0,40.1931
0,68,115,0,0,40.1919
0,69,115,0,0,40.1907
0,70,115,0,0,40.1893
0,71,115,0,0,40.1872
0,72,115,0,0,40.1852
0,73,115,0,0,40.1834
0,74,115,0,0,40.182
0,75,115,0,0,40.1809
0,76,115,0,0,40.1799
0,77,115,0,0,40.1791
0,78,115,0,0,40.1784
0,79,115,0,0,40.1779
0,80,115,0,0,40.1776
0,81,115,0,0,40.1773
0,82,115,0,0,40.1771
0,83,115,0,0,40.177
0,84,115,0,0,40.1769
0,85,115,0,0,40.1768
0,86,115,0,0,40.1767
0,87,115,0,0,40.1762
0,88,115,0,0,40.1756
0,89,115,0,0,40.1748
0,90,115,0,0,40.174
0,91,115,0,0,40.1731
0,92,115,0,0,40.1722
0,93,115,0,0,40.1714
0,94,115,0,0,40.1703
0,95,115,0,0,40.1694
0,96,115,0,0,40.1687
0,97,115,0,0,40.1679
0,98,115,0,0,40.1672
0,99,115,0,0,40.1669
0,100,115,0,0,40.1666
0,101,115,0,0,40.1664
0,102,115,0,0,40.1664
0,103,115,0,0,40.1665
0,104,115,0,0,40.1668
0,105,115,0,0,40.1673
0,106,115,0,0,40.1676
0,107,115,0,0,40.1676
0,108,115,0,0,40.1677
0,109,115,0,0,40.168
0,110,115,0,0,40.1684
0,111,115,0,0,40.1688
0,112,115,0,0,40.1689
0,113,115,0,0,40.1689
0,114,115,0,0,40.1687
0,115,115,0,0,40.1685
0,116,115,0,0,40.168
0,117,115,0,0,40.1677
0,118,115,0,0,40.1673
0,119,115,0,0,40.1665
0,120,115,0,0,40.1659
0,121,115,0,0,40.1654
0,122,115,0,0,40.1649
0,123,115,0,0,40.1644
0,124,115,0,0,40.164
0,125,115,0,0,40.1635
0,126,115,0,0,40.163
0,127,115,0,0,40.1621
0,0,116,0,1.85006e-05,40.1956
0,1,116,0,0,40.1932
0,2,116,0,0,40.191
0,3,116,0,0,40.189
0,4,116,0,0,40.1873
0,5,116,0,0,40.186
0,6,116,0,0,40.1851
0,7,116,0,0,40.1843
0,8,116,0,0,40.1834
0,9,116,0,0,40.1823
0,10,116,0,0,40.1811
0,11,116,0,0,40.1798
0,12,116,0,0,40.1787
0,13,116,0,0,40.1777
0,14,116,0,0,40.1768
0,15,116,0,0,40.176
0,16,116,0,0,40.1754
0,17,116,0,0,40.1749
0,18,116,0,0,40.1746
0,19,116,0,0,40.1744
0,20,116,0,0,40.1744
0,21,116,0,0,40.1746
0,22,116,0,0,40.1749
0,23,116,0,0,40.1753
0,24,116,0,0,40.1758
0,25,116,0,0,40.1763
0,26,116,0,0,40.1767
0,27,116,0,0,40.1769
0,28,116,0,0,40.177
0,29,116,0,0,40.1769
0,30,116,0,0,40.1768
0,31,116,0,0,40.1768
0,32,116,0,0,40.1768
0,33,116,0,0,40.1766
0,34,116,0,0,40.1762
0,35,116,0,0,40.1757
0,36,116,0,0,40.1751
0,37,116,0,0,40.1745
0,38,116,0,0,40.1741
0,39,116,0,0,40.1738
0,40,116,0,0,40.1736
0,41,116,0,0,40.1734
0,42,116,0,0,40.1733
0,43,116,0,0,40.1732
0,44,116,0,0,40.1731
0,45,116,0,0,40.1731
0,46,116,0,0,40.1733
0,47,116,0,0,40.1737
0,48,116,0,0,40.1743
0,49,116,0,0,40.1752
0,50,116,0,0,40.1761
0,51,116,0,0,40.177
0,52,116,0,0,40.1777
0,53,116,0,0,40.1782
0,54,116,0,0,40.1787
0,55,116,0,0,40.1794
0,56,116,0,0,40.1803
0,57,116,0,0,40.1814
0,58,116,0,0,40.1827
0,59,116,0,0,40.184
0,60,116,0,0,40.1853
0,61,116,0,0,40.1866
0,62,116,0,0,40.1879
0,63,116,0,0,40.1892
0,64,116,0,1.85006e-05,40.1905
0,65,116,0,0,40.1889
0,66,116,0,0,40.1874
0,67,116,0,0,40.1861
0,68,116,0,0,40.1848
0,69,116,0,0,40.1834
0,70,116,0,0,40.182
0,71,116,0,0,40.1804
0,72,116,0,0,40.1787
0,73,116,0,0,40.1772
0,74,116,0,0,40.1759
0,75,116,0,0,40.1747
0,76,116,0,0,40.1738
0,77,116,0,0,40.173
0,78,116,0,0,40.1723
0,79,116,0,0,40.1717
0,80,116,0,0,40.1713
0,81,116,0,0,40.1709
0,82,116,0,0,40.1706
0,83,116,0,0,40.1704
0,84,116,0,0,40.1702
0,85,116,0,0,40.1699
0,86,116,0,0,40.1696
0,87,116,0,0,40.1692
0,88,116,0,0,40.1686
0,89,116,0,0,40.168
0,90,116,0,0,40.1672
0,91,116,0,0,40.1665
0,92,116,0,0,40.1657
0,93,116,0,0,40.1649
0,94,116,0,0,40.1641
0,95,116,0,0,40.1633
0,96,116,0,0,40.1626
0,97,116,0,0,40.1619
0,98,116,0,0,40.1614
0,99,116,0,0,40.161
0,100,116,0,0,40.1607
0,101,116,0,0,40.1605
0,102,116,0,0,40.1605
0,103,116,0,0,40.1606
0,104,116,0,0,40.1607
0,105,116,0,0,40.1609
0,106,116,0,0,40.1611
0,107,116,0,0,40.1612
0,108,116,0,0,40.1613
0,109,116,0,0,40.1615
0,110,116,0,0,40.1618
0,111,116,0,0,40.162
0,112,116,0,0,40.1621
0,113,116,0,0,40.162
0,114,116,0,0,40.1619
0,115,116,0,0,40.1616
0,116,116,0,0,40.1613
0,117,116,0,0,40.161
0,118,116,0,0,40.1606
0,119,116,0,0,40.1601
0,120,116,0,0,40.1596
0,121,116,0,0,40.1591
0,122,116,0,0,40.1587
0,123,116,0,0,40.1583
0,124,116,0,0,40.1578
0,125,116,0,0,40.1574
0,126,116,0,0,40.157
0,127,116,0,0,40.1565
0,0,117,0,1.85006e-05,40.1904
0,1,117,0,0,40.188
0,2,117,0,0,40.1858
0,3,117,0,0,40.1838
0,4,117,0,0,40.1821
0,5,117,0,0,40.1807
0,6,117,0,0,40.1795
0,7,117,0,0,40.1785
0,8,117,0,0,40.1774
0,9,117,0,0,40.1764
0,10,117,0,0,40.1752
0,11,117,0,0,40.1741
0,12,117,0,0,40.1731
0,13,117,0,0,40.1721
0,14,117,0,0,40.1713
0,15,117,0,0,40.1706
0,16,117,0,0,40.17
0,17,117,0,0,40.1695
0,18,117,0,0,40.1691
0,19,117,0,0,40.1689
0,20,117,0,0,40.1688
0,21,117,0,0,40.1689
0,22,117,0,0,40.1691
0,23,117,0,0,40.1694
0,24,117,0,0,40.1697
0,25,117,0,0,40.17
0,26,117,0,0,40.1702
0,27,117,0,0,40.1704
0,28,117,0,0,40.1704
0,29,117,0,0,40.1704
0,30,117,0,0,40.1703
0,31,117,0,0,40.1703
0,32,117,0,0,40.1702
0,33,117,0,0,40.17
0,34,117,0,0,40.1697
0,35,117,0,0,40.1693
0,36,117,0,0,40.1689
0,37,117,0,0,40.1685
0,38,117,0,0,40.1682
0,39,117,0,0,40.1679
0,40,117,0,0,40.1677
0,41,117,0,0,40.1676
0,42,117,0,0,40.1675
0,43,117,0,0,40.1675
0,44,117,0,0,40.1675
0,45,117,0,0,40.1676
0,46,117,0,0,40.1678
0,47,117,0,0,40.1682
0,48,117,0,0,40.1687
0,49,117,0,0,40.1694
0,50,117,0,0,40.1701
0,51,117,0,0,40.1709
0,52,117,0,0,40.1715
0,53,117,0,0,40.1722
0,54,117,0,0,40.1728
0,55,117,0,0,40.1735
0,56,117,0,0,40.1744
0,57,117,0,0,40.1754
0,58,117,0,0,40.1766
0,59,117,0,0,40.1778
0,60,117,0,0,40.179
0,61,117,0,0,40.1803
0,62,117,0,0,40.1815
0,63,117,0,0,40.1828
0,64,117,0,1.85006e-05,40.1842
0,65,117,0,0,40.1826
0,66,117,0,0,40.1811
0,67,117,0,0,40.1797
0,68,117,0,0,40.1784
0,69,117,0,0,40.177
0,70,117,0,0,40.1756
0,71,117,0,0,40.1742
0,72,117,0,0,40.1727
0,73,117,0,0,40.1714
0,74,117,0,0,40.1702
0,75,117,0,0,40.1691
0,76,117,0,0,40.1682
0,77,117,0,0,40.1674
0,78,117,0,0,40.1666
0,79,117,0,0,40.166
0,80,117,0,0,40.1655
0,81,117,0,0,40.1651
0,82,117,0,0,40.1648
0,83,117,0,0,40.1644
0,84,117,0,0,40.1641
0,85,117,0,0,40.1638
0,86,117,0,0,40.1634
0,87,117,0,0,40.163
0,88,117,0,0,40.1624
0,89,117,0,0,40.1618
0,90,117,0,0,40.1612
0,91,117,0,0,40.1605
0,92,117,0,0,40.1598
0,93,117,0,0,40.1591
0,94,117,0,0,40.1584
0,95,117,0,0,40.1577
0,96,117,0,0,40.1571
0,97,117,0,0,40.1565
0,98,117,0,0,40.1561
0,99,117,0,0,40.1557
0,100,117,0,0,40.1554
0,101,117,0,0,40.1552
0,102,117,0,0,40.1551
0,103,117,0,0,40.1551
0,104,117,0,0,40.1552
0,105,117,0,0,40.1553
0,106,117,0,0,40.1554
0,107,117,0,0,40.1555
0,108,117,0,0,40.1556
0,109,117,0,0,40.1557
0,110,117,0,0,40.1558
0,111,117,0,0,40.1559
0,112,117,0,0,40.1559
0,113,117,0,0,40.1559
0,114,117,0,0,40.1558
0,115,117,0,0,40.1556
0,116,117,0,0,40.1553
0,117,117,0,0,40.155
0,118,117,0,0,40.1546
0,119,117,0,0,40.1542
0,120,117,0,0,40.1538
0,121,117,0,0,40.1534
0,122,117,0,0,40.1531
0,123,117,0,0,40.1527
0,124,117,0,0,40.1523
0,125,117,0,0,40.152
0,126,117,0,0,40.1516
0,127,117,0,0,40.1513
0,0,118,0,1.85006e-05,40.1857
0,1,118,0,0,40.1833
0,2,118,0,0,40.1811
0,3,118,0,0,40.1791
0,4,118,0,0,40.1774
0,5,118,0,0,40.1759
0,6,118,0,0,40.1745
0,7,118,0,0,40.1734
0,8,118,0,0,40.1722
0,9,118,0,0,40.1711
0,10,118,0,0,40.17
0,11,118,0,0,40.169
0,12,118,0,0,40.168
0,13,118,0,0,40.1671
0,14,118,0,0,40.1663
0,15,118,0,0,40.1656
0,16,118,0,0,40.165
0,17,118,0,0,40.1645
0,18,118,0,0,40.1642
0,19,118,0,0,40.1639
0,20,118,0,0,40.1638
0,21,118,0,0,40.1638
0,22,118,0,0,40.1638
0,23,118,0,0,40.164
0,24,118,0,0,40.1642
0,25,118,0,0,40.1643
0,26,118,0,0,40.1645
0,27,118,0,0,40.1646
0,28,118,0,0,40.1646
0,29,118,0,0,40.1646
0,30,118,0,0,40.1645
0,31,118,0,0,40.1645
0,32,118,0,0,40.1643
0,33,118,0,0,40.1642
0,34,118,0,0,40.1639
0,35,118,0,0,40.1637
0,36,118,0,0,40.1634
0,37,118,0,0,40.1631
0,38,118,0,0,40.1628
0,39,118,0,0,40.1626
0,40,118,0,0,40.1624
0,41,118,0,0,40.1623
0,42,118,0,0,40.1623
0,43,118,0,0,40.1623
0,44,118,0,0,40.1624
0,45,118,0,0,40.1625
0,46,118,0,0,40.1628
0,47,118,0,0,40.1631
0,48,118,0,0,40.1636
0,49,118,0,0,40.1642
0,50,118,0,0,40.1648
0,51,118,0,0,40.1655
0,52,118,0,0,40.1661
0,53,118,0,0,40.1668
0,54,118,0,0,40.1674
0,55,118,0,0,40.1682
0,56,118,0,0,40.1691
0,57,118,0,0,40.17
0,58,118,0,0,40.1711
0,59,118,0,0,40.1722
0,60,118,0,0,40.1734
0,61,118,0,0,40.1746
0,62,118,0,0,40.1758
0,63,118,0,0,40.1771
0,64,118,0,1.85006e-05,40.1785
0,65,118,0,0,40.1769
0,66,118,0,0,40.1754
0,67,118,0,0,40.174
0,68,118,0,0,40.1727
0,69,118,0,0,40.1713
0,70,118,0,0,40.17
0,71,118,0,0,40.1687
0,72,118,0,0,40.1674
0,73,118,0,0,40.1661
0,74,118,0,0,40.165
0,75,118,0,0,40.164
0,76,118,0,0,40.1631
0,77,118,0,0,40.1623
0,78,118,0,0,40.1615
0,79,118,0,0,40.1609
0,80,118,0,0,40.1604
0,81,118,0,0,40.1599
0,82,118,0,0,40.1595
0,83,118,0,0,40.1591
0,84,118,0,0,40.1587
0,85,118,0,0,40.1583
0,86,118,0,0,40.1579
0,87,118,0,0,40.1574
0,88,118,0,0,40.1569
0,89,118,0,0,40.1564
0,90,118,0,0,40.1558
0,91,118,0,0,40.1551
0,92,118,0,0,40.1545
0,93,118,0,0,40.1539
0,94,118,0,0,40.1532
0,95,118,0,0,40.1527
0,96,118,0,0,40.1521
0,97,118,0,0,40.1516
0,98,118,0,0,40.1512
0,99,118,0,0,40.1508
0,100,118,0,0,40.1505
0,101,118,0,0,40.1503
0,102,118,0,0,40.1502
0,103,118,0,0,40.1502
0,104,118,0,0,40.1502
0,105,118,0,0,40.1502
0,106,118,0,0,40.1502
0,107,118,0,0,40.1503
0,108,118,0,0,40.1504
0,109,118,0,0,40.1504
0,110,118,0,0,40.1505
0,111,118,0,0,40.1505
0,112,118,0,0,40.1505
0,113,118,0,0,40.1504
0,114,118,0,0,40.1503
0,115,118,0,0,40.1501
0,116,118,0,0,40.1499
0,117,118,0,0,40.1496
0,118,118,0,0,40.1493
0,119,118,0,0,40.149
0,120,118,0,0,40.1487
0,121,118,0,0,40.1483
0,122,118,0,0,40.148
0,123,118,0,0,40.1477
0,124,118,0,0,40.1474
0,125,118,0,0,40.1471
0,126,118,0,0,40.1468
0,127,118,0,0,40.1466
0,0,119,0,1.85006e-05,40.1815
0,1,119,0,0,40.179
0,2,119,0,0,40.1768
0,3,119,0,0,40.1748
0,4,119,0,0,40.173
0,5,119,0,0,40.1715
0,6,119,0,0,40.1701
0,7,119,0,0,40.1688
0,8,119,0,0,40.1676
0,9,119,0,0,40.1665
0,10,119,0,0,40.1654
0,11,119,0,0,40.1644
0,12,119,0,0,40.1635
0,13,119,0,0,40.1626
0,14,119,0,0,40.1618
0,15,119,0,0,40.1612
0,16,119,0,0,40.1606
0,17,119,0,0,40.1601
0,18,119,0,0,40.1597
0,19,119,0,0,40.1594
0,20,119,0,0,40.1593
0,21,119,0,0,40.1592
0,22,119,0,0,40.1591
0,23,119,0,0,40.1592
0,24,119,0,0,40.1593
0,25,119,0,0,40.1593
0,26,119,0,0,40.1594
0,27,119,0,0,40.1595
0,28,119,0,0,40.1595
0,29,119,0,0,40.1594
0,30,119,0,0,40.1594
0,31,119,0,0,40.1593
0,32,119,0,0,40.1592
0,33,119,0,0,40.159
0,34,119,0,0,40.1588
0,35,119,0,0,40.1586
0,36,119,0,0,40.1584
0,37,119,0,0,40.1582
0,38,119,0,0,40.158
0,39,119,0,0,40.1578
0,40,119,0,0,40.1577
0,41,119,0,0,40.1577
0,42,119,0,0,40.1576
0,43,119,0,0,40.1577
0,44,119,0,0,40.1578
0,45,119,0,0,40.1579
0,46,119,0,0,40.1582
0,47,119,0,0,40.1586
0,48,119,0,0,40.159
0,49,119,0,0,40.1595
0,50,119,0,0,40.1601
0,51,119,0,0,40.1607
0,52,119,0,0,40.1613
0,53,119,0,0,40.162
0,54,119,0,0,40.1627
0,55,119,0,0,40.1634
0,56,119,0,0,40.1642
0,57,119,0,0,40.1652
0,58,119,0,0,40.1662
0,59,119,0,0,40.1672
0,60,119,0,0,40.1683
0,61,119,0,0,40.1695
0,62,119,0,0,40.1707
0,63,119,0,0,40.172
0,64,119,0,1.85006e-05,40.1734
0,65,119,0,0,40.1718
0,66,119,0,0,40.1704
0,67,119,0,0,40.169
0,68,119,0,0,40.1676
0,69,119,0,0,40.1663
0,70,119,0,0,40.165
0,71,119,0,0,40.1638
0,72,119,0,0,40.1626
0,73,119,0,0,40.1614
0,74,119,0,0,40.1603
0,75,119,0,0,40.1594
0,76,119,0,0,40.1585
0,77,119,0,0,40.1577
0,78,119,0,0,40.1569
0,79,119,0,0,40.1563
0,80,119,0,0,40.1557
0,81,119,0,0,40.1552
0,82,119,0,0,40.1547
0,83,119,0,0,40.1543
0,84,119,0,0,40.1539
0,85,119,0,0,40.1534
0,86,119,0,0,40.153
0,87,119,0,0,40.1525
0,88,119,0,0,40.152
0,89,119,0,0,40.1515
0,90,119,0,0,40.1509
0,91,119,0,0,40.1504
0,92,119,0,0,40.1498
0,93,119,0,0,40.1492
0,94,119,0,0,40.1487
0,95,119,0,0,40.1481
0,96,119,0,0,40.1476
0,97,119,0,0,40.1472
0,98,119,0,0,40.1468
0,99,119,0,0,40.1465
0,100,119,0,0,40.1462
0,101,119,0,0,40.146
0,102,119,0,0,40.1458
0,103,119,0,0,40.1457
0,104,119,0,0,40.1457
0,105,119,0,0,40.1457
0,106,119,0,0,40.1457
0,107,119,0,0,40.1457
0,108,119,0,0,40.1457
0,109,119,0,0,40.1457
0,110,119,0,0,40.1457
0,111,119,0,0,40.1457
0,112,119,0,0,40.1457
0,113,119,0,0,40.1456
0,114,119,0,0,40.1455
0,115,119,0,0,40.1453
0,116,119,0,0,40.1451
0,117,119,0,0,40.1449
0,118,119,0,0,40.1446
0,119,119,0,0,40.1443
0,120,119,0,0,40.1441
0,121,119,0,0,40.1438
0,122,119,0,0,40.1435
0,123,119,0,0,40.1432
0,124,119,0,0,40.143
0,125,119,0,0,40.1427
0,126,119,0,0,40.1425
0,127,119,0,0,40.1424
0,0,120,0,1.85006e-05,40.1777
0,1,120,0,0,40.1752
0,2,120,0,0,40.173
0,3,120,0,0,40.171
0,4,120,0,0,40.1692
0,5,120,0,0,40.1676
0,6,120,0,0,40.1661
0,7,120,0,0,40.1648
0,8,120,0,0,40.1636
0,9,120,0,0,40.1624
0,10,120,0,0,40.1614
0,11,120,0,0,40.1604
0,12,120,0,0,40.1595
0,13,120,0,0,40.1586
0,14,120,0,0,40.1579
0,15,120,0,0,40.1572
0,16,120,0,0,40.1566
0,17,120,0,0,40.1561
0,18,120,0,0,40.1557
0,19,120,0,0,40.1554
0,20,120,0,0,40.1552
0,21,120,0,0,40.155
0,22,120,0,0,40.155
0,23,120,0,0,40.1549
0,24,120,0,0,40.1549
0,25,120,0,0,40.1549
0,26,120,0,0,40.155
0,27,120,0,0,40.155
0,28,120,0,0,40.1549
0,29,120,0,0,40.1549
0,30,120,0,0,40.1548
0,31,120,0,0,40.1547
0,32,120,0,0,40.1546
0,33,120,0,0,40.1545
0,34,120,0,0,40.1544
0,35,120,0,0,40.1542
0,36,120,0,0,40.154
0,37,120,0,0,40.1538
0,38,120,0,0,40.1537
0,39,120,0,0,40.1536
0,40,120,0,0,40.1535
0,41,120,0,0,40.1535
0,42,120,0,0,40.1535
0,43,120,0,0,40.1536
0,44,120,0,0,40.1537
0,45,120,0,0,40.1539
0,46,120,0,0,40.1541
0,47,120,0,0,40.1545
0,48,120,0,0,40.1549
0,49,120,0,0,40.1554
0,50,120,0,0,40.1559
0,51,120,0,0,40.1565
0,52,120,0,0,40.1571
0,53,120,0,0,40.1577
0,54,120,0,0,40.1584
0,55,120,0,0,40.1591
0,56,120,0,0,40.16
0,57,120,0,0,40.1608
0,58,120,0,0,40.1618
0,59,120,0,0,40.1628
0,60,120,0,0,40.1639
0,61,120,0,0,40.165
0,62,120,0,0,40.1662
0,63,120,0,0,40.1675
0,64,120,0,1.85006e-05,40.1689
0,65,120,0,0,40.1673
0,66,120,0,0,40.1659
0,67,120,0,0,40.1645
0,68,120,0,0,40.1631
0,69,120,0,0,40.1619
0,70,120,0,0,40.1606
0,71,120,0,0,40.1594
0,72,120,0,0,40.1583
0,73,120,0,0,40.1572
0,74,120,0,0,40.1562
0,75,120,0,0,40.1552
0,76,120,0,0,40.1544
0,77,120,0,0,40.1536
0,78,120,0,0,40.1528
0,79,120,0,0,40.1522
0,80,120,0,0,40.1516
0,81,120,0,0,40.1511
0,82,120,0,0,40.1505
0,83,120,0,0,40.1501
0,84,120,0,0,40.1496
0,85,120,0,0,40.1492
0,86,120,0,0,40.1487
0,87,120,0,0,40.1482
0,88,120,0,0,40.1477
0,89,120,0,0,40.1472
0,90,120,0,0,40.1467
0,91,120,0,0,40.1462
0,92,120,0,0,40.1456
0,93,120,0,0,40.1451
0,94,120,0,0,40.1446
0,95,120,0,0,40.1441
0,96,120,0,0,40.1437
0,97,120,0,0,40.1432
0,98,120,0,0,40.1429
0,99,120,0,0,40.1426
0,100,120,0,0,40.1423
0,101,120,0,0,40.1421
0,102,120,0,0,40.1419
0,103,120,0,0,40.1418
0,104,120,0,0,40.1417
0,105,120,0,0,40.1417
0,106,120,0,0,40.1416
0,107,120,0,0,40.1416
0,108,120,0,0,40.1416
0,109,120,0,0,40.1416
0,110,120,0,0,40.1415
0,111,120,0,0,40.1415
0,112,120,0,0,40.1414
0,113,120,0,0,40.1413
0,114,120,0,0,40.1412
0,115,120,0,0,40.1411
0,116,120,0,0,40.1409
0,117,120,0,0,40.1407
0,118,120,0,0,40.1405
0,119,120,0,0,40.1402
0,120,120,0,0,40.14
0,121,120,0,0,40.1397
0,122,120,0,0,40.1395
0,123,120,0,0,40.1392
0,124,120,0,0,40.139
0,125,120,0,0,40.1388
0,126,120,0,0,40.1387
0,127,120,0,0,40.1386
0,0,121,0,1.85006e-05,40.1743
0,1,121,0,0,40.1718
0,2,121,0,0,40.1696
0,3,121,0,0,40.1676
0,4,121,0,0,40.1657
0,5,121,0,0,40.1641
0,6,121,0,0,40.1626
0,7,121,0,0,40.1613
0,8,121,0,0,40.16
0,9,121,0,0,40.1589
0,10,121,0,0,40.1578
0,11,121,0,0,40.1568
0,12,121,0,0,40.1559
0,13,121,0,0,40.1551
0,14,121,0,0,40.1544
0,15,121,0,0,40.1537
0,16,121,0,0,40.1531
0,17,121,0,0,40.1526
0,18,121,0,0,40.1522
0,19,121,0,0,40.1519
0,20,121,0,0,40.1516
0,21,121,0,0,40.1514
0,22,121,0,0,40.1513
0,23,121,0,0,40.1512
0,24,121,0,0,40.1511
0,25,121,0,0,40.1511
0,26,121,0,0,40.1511
0,27,121,0,0,40.151
0,28,121,0,0,40.151
0,29,121,0,0,40.1509
0,30,121,0,0,40.1509
0,31,121,0,0,40.1508
0,32,121,0,0,40.1507
0,33,121,0,0,40.1506
0,34,121,0,0,40.1504
0,35,121,0,0,40.1503
0,36,121,0,0,40.1502
0,37,121,0,0,40.15
0,38,121,0,0,40.1499
0,39,121,0,0,40.1499
0,40,121,0,0,40.1498
0,41,121,0,0,40.1498
0,42,121,0,0,40.1499
0,43,121,0,0,40.15
0,44,121,0,0,40.1501
0,45,121,0,0,40.1503
0,46,121,0,0,40.1506
0,47,121,0,0,40.1509
0,48,121,0,0,40.1513
0,49,121,0,0,40.1517
0,50,121,0,0,40.1522
0,51,121,0,0,40.1528
0,52,121,0,0,40.1533
0,53,121,0,0,40.154
0,54,121,0,0,40.1547
0,55,121,0,0,40.1554
0,56,121,0,0,40.1562
0,57,121,0,0,40.157
0,58,121,0,0,40.158
0,59,121,0,0,40.1589
0,60,121,0,0,40.16
0,61,121,0,0,40.1611
0,62,121,0,0,40.1623
0,63,121,0,0,40.1635
0,64,121,0,1.85006e-05,40.1649
0,65,121,0,0,40.1634
0,66,121,0,0,40.1619
0,67,121,0,0,40.1605
0,68,121,0,0,40.1592
0,69,121,0,0,40.158
0,70,121,0,0,40.1568
0,71,121,0,0,40.1556
0,72,121,0,0,40.1545
0,73,121,0,0,40.1535
0,74,121,0,0,40.1525
0,75,121,0,0,40.1516
0,76,121,0,0,40.1507
0,77,121,0,0,40.15
0,78,121,0,0,40.1492
0,79,121,0,0,40.1486
0,80,121,0,0,40.148
0,81,121,0,0,40.1474
0,82,121,0,0,40.1469
0,83,121,0,0,40.1464
0,84,121,0,0,40.1459
0,85,121,0,0,40.1454
0,86,121,0,0,40.1449
0,87,121,0,0,40.1445
0,88,121,0,0,40.144
0,89,121,0,0,40.1435
0,90,121,0,0,40.143
0,91,121,0,0,40.1425
0,92,121,0,0,40.142
0,93,121,0,0,40.1415
0,94,121,0,0,40.141
0,95,121,0,0,40.1406
0,96,121,0,0,40.1402
0,97,121,0,0,40.1398
0,98,121,0,0,40.1394
0,99,121,0,0,40.1391
0,100,121,0,0,40.1389
0,101,121,0,0,40.1386
0,102,121,0,0,40.1385
0,103,121,0,0,40.1383
0,104,121,0,0,40.1382
0,105,121,0,0,40.1381
0,106,121,0,0,40.1381
0,107,121,0,0,40.138
0,108,121,0,0,40.138
0,109,121,0,0,40.1379
0,110,121,0,0,40.1379
0,111,121,0,0,40.1378
0,112,121,0,0,40.1377
0,113,121,0,0,40.1376
0,114,121,0,0,40.1375
0,115,121,0,0,40.1374
0,116,121,0,0,40.1372
0,117,121,0,0,40.137
0,118,121,0,0,40.1368
0,119,121,0,0,40.1366
0,120,121,0,0,40.1364
0,121,121,0,0,40.1362
0,122,121,0,0,40.136
0,123,121,0,0,40.1358
0,124,121,0,0,40.1356
0,125,121,0,0,40.1354
0,126,121,0,0,40.1353
0,127,121,0,0,40.1352
0,0,122,0,1.85006e-05,40.1713
0,1,122,0,0,40.1688
0,2,122,0,0,40.1666
0,3,122,0,0,40.1646
0,4,122,0,0,40.1627
0,5,122,0,0,40.1611
0,6,122,0,0,40.1596
0,7,122,0,0,40.1582
0,8,122,0,0,40.157
0,9,122,0,0,40.1558
0,10,122,0,0,40.1548
0,11,122,0,0,40.1538
0,12,122,0,0,40.1529
0,13,122,0,0,40.1521
0,14,122,0,0,40.1513
0,15,122,0,0,40.1507
0,16,122,0,0,40.1501
0,17,122,0,0,40.1496
0,18,122,0,0,40.1492
0,19,122,0,0,40.1488
0,20,122,0,0,40.1485
0,21,122,0,0,40.1483
0,22,122,0,0,40.1481
0,23,122,0,0,40.148
0,24,122,0,0,40.1479
0,25,122,0,0,40.1478
0,26,122,0,0,40.1477
0,27,122,0,0,40.1477
0,28,122,0,0,40.1476
0,29,122,0,0,40.1475
0,30,122,0,0,40.1475
0,31,122,0,0,40.1474
0,32,122,0,0,40.1473
0,33,122,0,0,40.1472
0,34,122,0,0,40.1471
0,35,122,0,0,40.147
0,36,122,0,0,40.1469
0,37,122,0,0,40.1468
0,38,122,0,0,40.1467
0,39,122,0,0,40.1466
0,40,122,0,0,40.1466
0,41,122,0,0,40.1467
0,42,122,0,0,40.1467
0,43,122,0,0,40.1468
0,44,122,0,0,40.147
0,45,122,0,0,40.1472
0,46,122,0,0,40.1474
0,47,122,0,0,40.1478
0,48,122,0,0,40.1481
0,49,122,0,0,40.1486
0,50,122,0,0,40.149
0,51,122,0,0,40.1496
0,52,122,0,0,40.1501
0,53,122,0,0,40.1508
0,54,122,0,0,40.1514
0,55,122,0,0,40.1521
0,56,122,0,0,40.1529
0,57,122,0,0,40.1537
0,58,122,0,0,40.1546
0,59,122,0,0,40.1556
0,60,122,0,0,40.1566
0,61,122,0,0,40.1577
0,62,122,0,0,40.1588
0,63,122,0,0,40.1601
0,64,122,0,1.85006e-05,40.1615
0,65,122,0,0,40.1599
0,66,122,0,0,40.1585
0,67,122,0,0,40.1571
0,68,122,0,0,40.1558
0,69,122,0,0,40.1546
0,70,122,0,0,40.1534
0,71,122,0,0,40.1523
0,72,122,0,0,40.1513
0,73,122,0,0,40.1503
0,74,122,0,0,40.1493
0,75,122,0,0,40.1484
0,76,122,0,0,40.1476
0,77,122,0,0,40.1468
0,78,122,0,0,40.1461
0,79,122,0,0,40.1454
0,80,122,0,0,40.1448
0,81,122,0,0,40.1442
0,82,122,0,0,40.1437
0,83,122,0,0,40.1432
0,84,122,0,0,40.1427
0,85,122,0,0,40.1422
0,86,122,0,0,40.1417
0,87,122,0,0,40.1412
0,88,122,0,0,40.1408
0,89,122,0,0,40.1403
0,90,122,0,0,40.1398
0,91,122,0,0,40.1393
0,92,122,0,0,40.1389
0,93,122,0,0,40.1384
0,94,122,0,0,40.138
0,95,122,0,0,40.1375
0,96,122,0,0,40.1371
0,97,122,0,0,40.1368
0,98,122,0,0,40.1364
0,99,122,0,0,40.1361
0,100,122,0,0,40.1359
0,101,122,0,0,40.1357
0,102,122,0,0,40.1355
0,103,122,0,0,40.1353
0,104,122,0,0,40.1352
0,105,122,0,0,40.1351
0,106,122,0,0,40.135
0,107,122,0,0,40.1349
0,108,122,0,0,40.1348
0,109,122,0,0,40.1348
0,110,122,0,0,40.1347
0,111,122,0,0,40.1346
0,112,122,0,0,40.1345
0,113,122,0,0,40.1344
0,114,122,0,0,40.1343
0,115,122,0,0,40.1342
0,116,122,0,0,40.134
0,117,122,0,0,40.1339
0,118,122,0,0,40.1337
0,119,122,0,0,40.1335
0,120,122,0,0,40.1333
0,121,122,0,0,40.1331
0,122,122,0,0,40.1329
0,123,122,0,0,40.1328
0,124,122,0,0,40.1326
0,125,122,0,0,40.1325
0,126,122,0,0,40.1324
0,127,122,0,0,40.1323
0,0,123,0,1.85006e-05,40.1686
0,1,123,0,0,40.1662
0,2,123,0,0,40.164
0,3,123,0,0,40.162
0,4,123,0,0,40.1602
0,5,123,0,0,40.1585
0,6,123,0,0,40.157
0,7,123,0,0,40.1557
0,8,123,0,0,40.1544
0,9,123,0,0,40.1532
0,10,123,0,0,40.1522
0,11,123,0,0,40.1512
0,12,123,0,0,40.1503
0,13,123,0,0,40.1495
0,14,123,0,0,40.1488
0,15,123,0,0,40.1481
0,16,123,0,0,40.1475
0,17,123,0,0,40.147
0,18,123,0,0,40.1466
0,19,123,0,0,40.1462
0,20,123,0,0,40.1459
0,21,123,0,0,40.1456
0,22,123,0,0,40.1454
0,23,123,0,0,40.1452
0,24,123,0,0,40.1451
0,25,123,0,0,40.145
0,26,123,0,0,40.1449
0,27,123,0,0,40.1448
0,28,123,0,0,40.1447
0,29,123,0,0,40.1447
0,30,123,0,0,40.1446
0,31,123,0,0,40.1445
0,32,123,0,0,40.1444
0,33,123,0,0,40.1443
0,34,123,0,0,40.1442
0,35,123,0,0,40.1441
0,36,123,0,0,40.144
0,37,123,0,0,40.144
0,38,123,0,0,40.1439
0,39,123,0,0,40.1439
0,40,123,0,0,40.1439
0,41,123,0,0,40.144
0,42,123,0,0,40.144
0,43,123,0,0,40.1442
0,44,123,0,0,40.1443
0,45,123,0,0,40.1445
0,46,123,0,0,40.1448
0,47,123,0,0,40.1451
0,48,123,0,0,40.1455
0,49,123,0,0,40.1459
0,50,123,0,0,40.1463
0,51,123,0,0,40.1469
0,52,123,0,0,40.1474
0,53,123,0,0,40.148
0,54,123,0,0,40.1487
0,55,123,0,0,40.1494
0,56,123,0,0,40.1501
0,57,123,0,0,40.1509
0,58,123,0,0,40.1518
0,59,123,0,0,40.1527
0,60,123,0,0,40.1537
0,61,123,0,0,40.1548
0,62,123,0,0,40.1559
0,63,123,0,0,40.1571
0,64,123,0,1.85006e-05,40.1585
0,65,123,0,0,40.1569
0,66,123,0,0,40.1555
0,67,123,0,0,40.1542
0,68,123,0,0,40.1529
0,69,123,0,0,40.1517
0,70,123,0,0,40.1506
0,71,123,0,0,40.1495
0,72,123,0,0,40.1485
0,73,123,0,0,40.1475
0,74,123,0,0,40.1466
0,75,123,0,0,40.1457
0,76,123,0,0,40.1449
0,77,123,0,0,40.1442
0,78,123,0,0,40.1434
0,79,123,0,0,40.1428
0,80,123,0,0,40.1421
0,81,123,0,0,40.1416
0,82,123,0,0,40.141
0,83,123,0,0,40.1405
0,84,123,0,0,40.14
0,85,123,0,0,40.1395
0,86,123,0,0,40.139
0,87,123,0,0,40.1385
0,88,123,0,0,40.138
0,89,123,0,0,40.1376
0,90,123,0,0,40.1371
0,91,123,0,0,40.1366
0,92,123,0,0,40.1362
0,93,123,0,0,40.1358
0,94,123,0,0,40.1353
0,95,123,0,0,40.1349
0,96,123,0,0,40.1346
0,97,123,0,0,40.1342
0,98,123,0,0,40.1339
0,99,123,0,0,40.1336
0,100,123,0,0,40.1333
0,101,123,0,0,40.1331
0,102,123,0,0,40.1329
0,103,123,0,0,40.1328
0,104,123,0,0,40.1326
0,105,123,0,0,40.1325
0,106,123,0,0,40.1324
0,107,123,0,0,40.1323
0,108,123,0,0,40.1322
0,109,123,0,0,40.1321
0,110,123,0,0,40.132
0,111,123,0,0,40.132
0,112,123,0,0,40.1319
0,113,123,0,0,40.1317
0,114,123,0,0,40.1316
0,115,123,0,0,40.1315
0,116,123,0,0,40.1314
0,117,123,0,0,40.1312
0,118,123,0,0,40.131
0,119,123,0,0,40.1309
0,120,123,0,0,40.1307
0,121,123,0,0,40.1305
0,122,123,0,0,40.1304
0,123,123,0,0,40.1302
0,124,123,0,0,40.1301
0,125,123,0,0,40.13
0,126,123,0,0,40.1299
0,127,123,0,0,40.1298
0,0,124,0,1.85006e-05,40.1664
0,1,124,0,0,40.1639
0,2,124,0,0,40.1618
0,3,124,0,0,40.1598
0,4,124,0,0,40.158
0,5,124,0,0,40.1564
0,6,124,0,0,40.1549
0,7,124,0,0,40.1535
0,8,124,0,0,40.1523
0,9,124,0,0,40.1511
0,10,124,0,0,40.15
0,11,124,0,0,40.1491
0,12,124,0,0,40.1482
0,13,124,0,0,40.1474
0,14,124,0,0,40.1466
0,15,124,0,0,40.146
0,16,124,0,0,40.1454
0,17,124,0,0,40.1449
0,18,124,0,0,40.1444
0,19,124,0,0,40.144
0,20,124,0,0,40.1437
0,21,124,0,0,40.1434
0,22,124,0,0,40.1432
0,23,124,0,0,40.143
0,24,124,0,0,40.1428
0,25,124,0,0,40.1427
0,26,124,0,0,40.1426
0,27,124,0,0,40.1425
0,28,124,0,0,40.1424
0,29,124,0,0,40.1423
0,30,124,0,0,40.1422
0,31,124,0,0,40.1421
0,32,124,0,0,40.142
0,33,124,0,0,40.1419
0,34,124,0,0,40.1419
0,35,124,0,0,40.1418
0,36,124,0,0,40.1417
0,37,124,0,0,40.1417
0,38,124,0,0,40.1417
0,39,124,0,0,40.1416
0,40,124,0,0,40.1417
0,41,124,0,0,40.1417
0,42,124,0,0,40.1418
0,43,124,0,0,40.1419
0,44,124,0,0,40.1421
0,45,124,0,0,40.1423
0,46,124,0,0,40.1426
0,47,124,0,0,40.1429
0,48,124,0,0,40.1433
0,49,124,0,0,40.1437
0,50,124,0,0,40.1441
0,51,124,0,0,40.1446
0,52,124,0,0,40.1452
0,53,124,0,0,40.1458
0,54,124,0,0,40.1464
0,55,124,0,0,40.1471
0,56,124,0,0,40.1478
0,57,124,0,0,40.1486
0,58,124,0,0,40.1494
0,59,124,0,0,40.1503
0,60,124,0,0,40.1513
0,61,124,0,0,40.1523
0,62,124,0,0,40.1534
0,63,124,0,0,40.1546
0,64,124,0,1.85006e-05,40.156
0,65,124,0,0,40.1545
0,66,124,0,0,40.153
0,67,124,0,0,40.1517
0,68,124,0,0,40.1505
0,69,124,0,0,40.1494
0,70,124,0,0,40.1483
0,71,124,0,0,40.1472
0,72,124,0,0,40.1462
0,73,124,0,0,40.1453
0,74,124,0,0,40.1444
0,75,124,0,0,40.1435
0,76,124,0,0,40.1427
0,77,124,0,0,40.1419
0,78,124,0,0,40.1412
0,79,124,0,0,40.1406
0,80,124,0,0,40.1399
0,81,124,0,0,40.1393
0,82,124,0,0,40.1388
0,83,124,0,0,40.1382
0,84,124,0,0,40.1377
0,85,124,0,0,40.1372
0,86,124,0,0,40.1367
0,87,124,0,0,40.1363
0,88,124,0,0,40.1358
0,89,124,0,0,40.1353
0,90,124,0,0,40.1349
0,91,124,0,0,40.1344
0,92,124,0,0,40.134
0,93,124,0,0,40.1336
0,94,124,0,0,40.1332
0,95,124,0,0,40.1328
0,96,124,0,0,40.1324
0,97,124,0,0,40.1321
0,98,124,0,0,40.1318
0,99,124,0,0,40.1315
0,100,124,0,0,40.1312
0,101,124,0,0,40.131
0,102,124,0,0,40.1308
0,103,124,0,0,40.1306
0,104,124,0,0,40.1305
0,105,124,0,0,40.1304
0,106,124,0,0,40.1302
0,107,124,0,0,40.1301
0,108,124,0,0,40.13
0,109,124,0,0,40.1299
0,110,124,0,0,40.1298
0,111,124,0,0,40.1297
0,112,124,0,0,40.1296
0,113,124,0,0,40.1295
0,114,124,0,0,40.1294
0,115,124,0,0,40.1293
0,116,124,0,0,40.1291
0,117,124,0,0,40.129
0,118,124,0,0,40.1288
0,119,124,0,0,40.1287
0,120,124,0,0,40.1285
0,121,124,0,0,40.1284
0,122,124,0,0,40.1282
0,123,124,0,0,40.1281
0,124,124,0,0,40.128
0,125,124,0,0,40.1279
0,126,124,0,0,40.1278
0,127,124,0,0,40.1278
0,0,125,0,1.85006e-05,40.1645
0,1,125,0,0,40.1621
0,2,125,0,0,40.1599
0,3,125,0,0,40.158
0,4,125,0,0,40.1562
0,5,125,0,0,40.1546
0,6,125,0,0,40.1532
0,7,125,0,0,40.1518
0,8,125,0,0,40.1506
0,9,125,0,0,40.1494
0,10,125,0,0,40.1483
0,11,125,0,0,40.1474
0,12,125,0,0,40.1465
0,13,125,0,0,40.1457
0,14,125,0,0,40.1449
0,15,125,0,0,40.1443
0,16,125,0,0,40.1437
0,17,125,0,0,40.1432
0,18,125,0,0,40.1427
0,19,125,0,0,40.1423
0,20,125,0,0,40.142
0,21,125,0,0,40.1417
0,22,125,0,0,40.1414
0,23,125,0,0,40.1412
0,24,125,0,0,40.141
0,25,125,0,0,40.1409
0,26,125,0,0,40.1407
0,27,125,0,0,40.1406
0,28,125,0,0,40.1405
0,29,125,0,0,40.1404
0,30,125,0,0,40.1403
0,31,125,0,0,40.1402
0,32,125,0,0,40.1401
0,33,125,0,0,40.1401
0,34,125,0,0,40.14
0,35,125,0,0,40.1399
0,36,125,0,0,40.1399
0,37,125,0,0,40.1399
0,38,125,0,0,40.1398
0,39,125,0,0,40.1398
0,40,125,0,0,40.1399
0,41,125,0,0,40.14
0,42,125,0,0,40.1401
0,43,125,0,0,40.1402
0,44,125,0,0,40.1404
0,45,125,0,0,40.1406
0,46,125,0,0,40.1408
0,47,125,0,0,40.1412
0,48,125,0,0,40.1415
0,49,125,0,0,40.1419
0,50,125,0,0,40.1424
0,51,125,0,0,40.1428
0,52,125,0,0,40.1434
0,53,125,0,0,40.144
0,54,125,0,0,40.1446
0,55,125,0,0,40.1453
0,56,125,0,0,40.146
0,57,125,0,0,40.1467
0,58,125,0,0,40.1476
0,59,125,0,0,40.1484
0,60,125,0,0,40.1494
0,61,125,0,0,40.1503
0,62,125,0,0,40.1514
0,63,125,0,0,40.1526
0,64,125,0,1.85006e-05,40.1539
0,65,125,0,0,40.1524
0,66,125,0,0,40.151
0,67,125,0,0,40.1498
0,68,125,0,0,40.1486
0,69,125,0,0,40.1475
0,70,125,0,0,40.1464
0,71,125,0,0,40.1454
0,72,125,0,0,40.1444
0,73,125,0,0,40.1434
0,74,125,0,0,40.1426
0,75,125,0,0,40.1417
0,76,125,0,0,40.1409
0,77,125,0,0,40.1402
0,78,125,0,0,40.1395
0,79,125,0,0,40.1388
0,80,125,0,0,40.1382
0,81,125,0,0,40.1376
0,82,125,0,0,40.137
0,83,125,0,0,40.1365
0,84,125,0,0,40.1359
0,85,125,0,0,40.1354
0,86,125,0,0,40.1349
0,87,125,0,0,40.1345
0,88,125,0,0,40.134
0,89,125,0,0,40.1336
0,90,125,0,0,40.1331
0,91,125,0,0,40.1327
0,92,125,0,0,40.1323
0,93,125,0,0,40.1319
0,94,125,0,0,40.1315
0,95,125,0,0,40.1311
0,96,125,0,0,40.1307
0,97,125,0,0,40.1304
0,98,125,0,0,40.1301
0,99,125,0,0,40.1298
0,100,125,0,0,40.1296
0,101,125,0,0,40.1293
0,102,125,0,0,40.1291
0,103,125,0,0,40.129
0,104,125,0,0,40.1288
0,105,125,0,0,40.1287
0,106,125,0,0,40.1285
0,107,125,0,0,40.1284
0,108,125,0,0,40.1283
0,109,125,0,0,40.1282
0,110,125,0,0,40.1281
0,111,125,0,0,40.128
0,112,125,0,0,40.1279
0,113,125,0,0,40.1278
0,114,125,0,0,40.1276
0,115,125,0,0,40.1275
0,116,125,0,0,40.1274
0,117,125,0,0,40.1273
0,118,125,0,0,40.1271
0,119,125,0,0,40.127
0,120,125,0,0,40.1268
0,121,125,0,0,40.1267
0,122,125,0,0,40.1266
0,123,125,0,0,40.1264
0,124,125,0,0,40.1263
0,125,125,0,0,40.1263
0,126,125,0,0,40.1262
0,127,125,0,0,40.1261
0,0,126,0,1.85006e-05,40.1628
0,1,126,0,0,40.1605
0,2,126,0,0,40.1585
0,3,126,0,0,40.1566
0,4,126,0,0,40.1549
0,5,126,0,0,40.1533
0,6,126,0,0,40.1519
0,7,126,0,0,40.1505
0,8,126,0,0,40.1493
0,9,126,0,0,40.1481
0,10,126,0,0,40.1471
0,11,126,0,0,40.1461
0,12,126,0,0,40.1452
0,13,126,0,0,40.1444
0,14,126,0,0,40.1437
0,15,126,0,0,40.143
0,16,126,0,0,40.1424
0,17,126,0,0,40.1419
0,18,126,0,0,40.1414
0,19,126,0,0,40.141
0,20,126,0,0,40.1407
0,21,126,0,0,40.1403
0,22,126,0,0,40.1401
0,23,126,0,0,40.1399
0,24,126,0,0,40.1397
0,25,126,0,0,40.1395
0,26,126,0,0,40.1394
0,27,126,0,0,40.1392
0,28,126,0,0,40.1391
0,29,126,0,0,40.139
0,30,126,0,0,40.1389
0,31,126,0,0,40.1388
0,32,126,0,0,40.1387
0,33,126,0,0,40.1387
0,34,126,0,0,40.1386
0,35,126,0,0,40.1386
0,36,126,0,0,40.1385
0,37,126,0,0,40.1385
0,38,126,0,0,40.1385
0,39,126,0,0,40.1385
0,40,126,0,0,40.1386
0,41,126,0,0,40.1386
0,42,126,0,0,40.1387
0,43,126,0,0,40.1389
0,44,126,0,0,40.1391
0,45,126,0,0,40.1393
0,46,126,0,0,40.1395
0,47,126,0,0,40.1398
0,48,126,0,0,40.1402
0,49,126,0,0,40.1406
0,50,126,0,0,40.141
0,51,126,0,0,40.1415
0,52,126,0,0,40.142
0,53,126,0,0,40.1426
0,54,126,0,0,40.1432
0,55,126,0,0,40.1439
0,56,126,0,0,40.1446
0,57,126,0,0,40.1454
0,58,126,0,0,40.1462
0,59,126,0,0,40.147
0,60,126,0,0,40.1479
0,61,126,0,0,40.1488
0,62,126,0,0,40.1498
0,63,126,0,0,40.1509
0,64,126,0,1.85006e-05,40.1522
0,65,126,0,0,40.1508
0,66,126,0,0,40.1495
0,67,126,0,0,40.1483
0,68,126,0,0,40.1471
0,69,126,0,0,40.146
0,70,126,0,0,40.145
0,71,126,0,0,40.144
0,72,126,0,0,40.143
0,73,126,0,0,40.1421
0,74,126,0,0,40.1412
0,75,126,0,0,40.1404
0,76,126,0,0,40.1396
0,77,126,0,0,40.1389
0,78,126,0,0,40.1382
0,79,126,0,0,40.1375
0,80,126,0,0,40.1369
0,81,126,0,0,40.1363
0,82,126,0,0,40.1357
0,83,126,0,0,40.1351
0,84,126,0,0,40.1346
0,85,126,0,0,40.1341
0,86,126,0,0,40.1336
0,87,126,0,0,40.1331
0,88,126,0,0,40.1327
0,89,126,0,0,40.1322
0,90,126,0,0,40.1318
0,91,126,0,0,40.1314
0,92,126,0,0,40.131
0,93,126,0,0,40.1306
0,94,126,0,0,40.1302
0,95,126,0,0,40.1298
0,96,126,0,0,40.1295
0,97,126,0,0,40.1292
0,98,126,0,0,40.1289
0,99,126,0,0,40.1286
0,100,126,0,0,40.1283
0,101,126,0,0,40.1281
0,102,126,0,0,40.1279
0,103,126,0,0,40.1277
0,104,126,0,0,40.1275
0,105,126,0,0,40.1274
0,106,126,0,0,40.1273
0,107,126,0,0,40.1271
0,108,126,0,0,40.127
0,109,126,0,0,40.1269
0,110,126,0,0,40.1268
0,111,126,0,0,40.1267
0,112,126,0,0,40.1266
0,113,126,0,0,40.1265
0,114,126,0,0,40.1263
0,115,126,0,0,40.1262
0,116,126,0,0,40.1261
0,117,126,0,0,40.126
0,118,126,0,0,40.1258
0,119,126,0,0,40.1257
0,120,126,0,0,40.1256
0,121,126,0,0,40.1254
0,122,126,0,0,40.1253
0,123,126,0,0,40.1252
0,124,126,0,0,40.1251
0,125,126,0,0,40.125
0,126,126,0,0,40.125
0,127,126,0,0,40.1249
0,0,127,0,1.85006e-05,40.1614
0,1,127,0,0,40.1593
0,2,127,0,0,40.1574
0,3,127,0,0,40.1557
0,4,127,0,0,40.154
0,5,127,0,0,40.1525
0,6,127,0,0,40.151
0,7,127,0,0,40.1497
0,8,127,0,0,40.1484
0,9,127,0,0,40.1473
0,10,127,0,0,40.1462
0,11,127,0,0,40.1453
0,12,127,0,0,40.1444
0,13,127,0,0,40.1436
0,14,127,0,0,40.1428
0,15,127,0,0,40.1422
0,16,127,0,0,40.1416
0,17,127,0,0,40.141
0,18,127,0,0,40.1406
0,19,127,0,0,40.1402
0,20,127,0,0,40.1398
0,21,127,0,0,40.1395
0,22,127,0,0,40.1392
0,23,127,0,0,40.139
0,24,127,0,0,40.1388
0,25,127,0,0,40.1386
0,26,127,0,0,40.1384
0,27,127,0,0,40.1383
0,28,127,0,0,40.1382
0,29,127,0,0,40.1381
0,30,127,0,0,40.138
0,31,127,0,0,40.1379
0,32,127,0,0,40.1378
0,33,127,0,0,40.1378
0,34,127,0,0,40.1377
0,35,127,0,0,40.1376
0,36,127,0,0,40.1376
0,37,127,0,0,40.1376
0,38,127,0,0,40.1376
0,39,127,0,0,40.1376
0,40,127,0,0,40.1377
0,41,127,0,0,40.1377
0,42,127,0,0,40.1379
0,43,127,0,0,40.138
0,44,127,0,0,40.1382
0,45,127,0,0,40.1384
0,46,127,0,0,40.1387
0,47,127,0,0,40.139
0,48,127,0,0,40.1393
0,49,127,0,0,40.1397
0,50,127,0,0,40.1402
0,51,127,0,0,40.1406
0,52,127,0,0,40.1412
0,53,127,0,0,40.1417
0,54,127,0,0,40.1423
0,55,127,0,0,40.143
0,56,127,0,0,40.1437
0,57,127,0,0,40.1444
0,58,127,0,0,40.1452
0,59,127,0,0,40.146
0,60,127,0,0,40.1469
0,61,127,0,0,40.1478
0,62,127,0,0,40.1487
0,63,127,0,0,40.1497
0,64,127,0,1.85006e-05,40.1508
0,65,127,0,0,40.1495
0,66,127,0,0,40.1483
0,67,127,0,0,40.1472
0,68,127,0,0,40.1461
0,69,127,0,0,40.1451
0,70,127,0,0,40.144
0,71,127,0,0,40.1431
0,72,127,0,0,40.1421
0,73,127,0,0,40.1412
0,74,127,0,0,40.1403
0,75,127,0,0,40.1395
0,76,127,0,0,40.1387
0,77,127,0,0,40.138
0,78,127,0,0,40.1373
0,79,127,0,0,40.1366
0,80,127,0,0,40.136
0,81,127,0,0,40.1354
0,82,127,0,0,40.1348
0,83,127,0,0,40.1343
0,84,127,0,0,40.1337
0,85,127,0,0,40.1332
0,86,127,0,0,40.1327
0,87,127,0,0,40.1323
0,88,127,0,0,40.1318
0,89,127,0,0,40.1314
0,90,127,0,0,40.1309
0,91,127,0,0,40.1305
0,92,127,0,0,40.1301
0,93,127,0,0,40.1297
0,94,127,0,0,40.1293
0,95,127,0,0,40.129
0,96,127,0,0,40.1286
0,97,127,0,0,40.1283
0,98,127,0,0,40.128
0,99,127,0,0,40.1277
0,100,127,0,0,40.1275
0,101,127,0,0,40.1273
0,102,127,0,0,40.1271
0,103,127,0,0,40.1269
0,104,127,0,0,40.1267
0,105,127,0,0,40.1265
0,106,127,0,0,40.1264
0,107,127,0,0,40.1263
0,108,127,0,0,40.1262
0,109,127,0,0,40.126
0,110,127,0,0,40.1259
0,111,127,0,0,40.1258
0,112,127,0,0,40.1257
0,113,127,0,0,40.1256
0,114,127,0,0,40.1255
0,115,127,0,0,40.1253
0,116,127,0,0,40.1252
0,117,127,0,0,40.1251
0,118,127,0,0,40.125
0,119,127,0,0,40.1248
0,120,127,0,0,40.1247
0,121,127,0,0,40.1246
0,122,127,0,0,40.1245
0,123,127,0,0,40.1244
0,124,127,0,0,40.1243
0,125,127,0,0,40.1242
0,126,127,0,0,40.1241
0,127,127,0,0,40.1241
1,0,0,0,0.0714987,57.5614
1,1,0,0,5.01825e-05,53.7593
1,2,0,0,1.878e-05,51.6044
1,3,0,0,3.858e-05,50.0726
1,4,0,0,6.41175e-05,48.8712
1,5,0,0,3.32025e-05,47.8853
1,6,0,0,1.2495e-05,47.0593
1,7,0,0,2.286e-05,46.3588
1,8,0,0,2.322e-05,45.7562
1,9,0,0,4.51725e-05,45.2334
1,10,0,0,4.002e-05,44.7749
1,11,0,0,5.145e-05,44.3708
1,12,0,0,3.6795e-05,44.0115
1,13,0,0,2.43e-05,43.6918
1,14,0,0,8.58e-06,43.4065
1,15,0,0,3.714e-05,43.152
1,16,0,0,3.858e-05,42.922
1,17,0,0,5.286e-05,42.714
1,18,0,0,3e-05,42.5237
1,19,0,0,2.73225e-05,42.352
1,20,0,0,4.7505e-05,42.196
1,21,0,0,3e-05,42.0528
1,22,0,0,3.1785e-05,41.9231
1,23,0,0,3.858e-05,41.8051
1,24,0,0,4.19475e-05,41.6968
1,25,0,0,5.4645e-05,41.5972
1,26,0,0,6.66525e-05,41.5043
1,27,0,0,4.96425e-05,41.4174
1,28,0,0,2.23125e-05,41.3361
1,29,0,0,3.162e-05,41.2623
1,30,0,0,4.998e-05,41.1953
1,31,0,0,4.6425e-05,41.1325
1,32,0,0,3e-05,41.0738
1,33,0,0,3.288e-05,41.0205
1,34,0,0,4.30425e-05,40.9715
1,35,0,0,3.2145e-05,40.9257
1,36,0,0,3.57e-05,40.8837
1,37,0,0,4.67925e-05,40.8447
1,38,0,0,2.286e-05,40.8076
1,39,0,0,5.4645e-05,40.7747
1,40,0,0,4.69575e-05,40.743
1,41,0,0,4.002e-05,40.7131
1,42,0,0,4.66125e-05,40.686
1,43,0,0,5.84025e-05,40.6607
1,44,0,0,3.714e-05,40.6358
1,45,0,0,4.215e-05,40.614
1,46,0,0,5.718e-05,40.5934
1,47,0,0,3.144e-05,40.5726
1,48,0,0,4.716e-05,40.554
1,49,0,0,1.428e-05,40.5361
1,50,0,0,4.96425e-05,40.5217
1,51,0,0,3.3915e-05,40.5063
1,52,0,0,1.428e-05,40.4918
1,53,0,0,3.858e-05,40.4808
1,54,0,0,5.43e-05,40.4704
1,55,0,0,2.643e-05,40.4594
1,56,0,0,2.286e-05,40.4494
1,57,0,0,1.53525e-05,40.4411
1,58,0,0,5.19675e-05,40.4348
1,59,0,0,4.284e-05,40.4273
1,60,0,0,8.05275e-05,40.421
1,61,0,0,3.288e-05,40.4104
1,62,0,0,3e-05,40.4012
1,63,0,0,2.40975e-05,40.3937
1,64,0,0,4.71638e-05,40.3878
1,65,0,0,1.69575e-05,40.3801
1,66,0,0,1.6065e-05,40.3742
1,67,0,0,4.66125e-05,40.3699
1,68,0,0,5.286e-05,40.3647
1,69,0,0,2.142e-05,40.3577
1,70,0,0,3e-05,40.3521
1,71,0,0,4.1055e-05,40.3474
1,72,0,0,5.1075e-05,40.3431
1,73,0,0,1.428e-05,40.3374
1,74,0,0,7.14e-06,40.3331
1,75,0,0,3.57e-05,40.331
1,76,0,0,2.6805e-05,40.3282
1,77,0,0,3.94725e-05,40.3262
1,78,0,0,6.80325e-05,40.3247
1,79,0,0,2.43e-05,40.3207
1,80,0,0,4.428e-05,40.3184
1,81,0,0,1.428e-05,40.3161
1,82,0,0,6.48375e-05,40.3163
1,83,0,0,2.43e-05,40.3136
1,84,0,0,3.76875e-05,40.3131
1,85,0,0,7.572e-05,40.3136
1,86,0,0,6.19875e-05,40.3115
1,87,0,0,3.858e-05,40.3078
1,88,0,0,3.12375e-05,40.3042
1,89,0,0,9.8175e-06,40.3004
1,90,0,0,3.714e-05,40.2987
1,91,0,0,5.88e-05,40.2976
1,92,0,0,3.08925e-05,40.295
1,93,0,0,2.51925e-05,40.2929
1,94,0,0,2.19675e-05,40.2891
1,95,0,0,7.14e-06,40.285
1,96,0,0,8.0325e-06,40.2824
1,97,0,0,3e-05,40.2819
1,98,0,0,1.51725e-05,40.2804
1,99,0,0,3.714e-05,40.2796
1,100,0,0,8.58e-06,40.2778
1,101,0,0,1.428e-05,40.2788
1,102,0,0,5.499e-05,40.2819
1,103,0,0,4.572e-05,40.2834
1,104,0,0,3.12375e-05,40.2838
1,105,0,0,3.144e-05,40.2842
1,106,0,0,2.286e-05,40.2844
1,107,0,0,4.66125e-05,40.2857
1,108,0,0,5.592e-05,40.2863
1,109,0,0,3.714e-05,40.2856
1,110,0,0,1.428e-05,40.2847
1,111,0,0,4.002e-05,40.2859
1,112,0,0,4.09125e-05,40.2872
1,113,0,0,7.875e-05,40.2888
1,114,0,0,2.5005e-05,40.2869
1,115,0,0,3e-05,40.2871
1,116,0,0,7.0365e-05,40.2891
1,117,0,0,4.94925e-05,40.2879
1,118,0,0,1.428e-05,40.2856
1,119,0,0,3.144e-05,40.2858
1,120,0,0,3.858e-05,40.2866
1,121,0,0,4.572e-05,40.2872
1,122,0,0,4.002e-05,40.2865
1,123,0,0,4.0365e-05,40.2853
1,124,0,0,1.428e-05,40.2826
1,125,0,0,2.142e-05,40.2806
1,126,0,0,5.463e-05,40.2793
1,127,0,0,3.858e-05,40.2761
1,0,1,0,4.78913e-05,53.7558
1,1,1,0,4.15575e-05,52.2616
1,2,1,0,5.643e-05,50.8001
1,3,1,0,1.428e-05,49.5556
1,4,1,0,3.44625e-05,48.5107
1,5,1,0,5.67975e-05,47.6243
1,6,1,0,2.6085e-05,46.8639
1,7,1,0,6.21825e-05,46.2098
1,8,1,0,5.607e-05,45.6392
1,9,1,0,3.62475e-05,45.1385
1,10,1,0,3.858e-05,44.6974
1,11,1,0,3.33975e-05,44.3062
1,12,1,0,8.925e-06,43.9573
1,13,1,0,3.714e-05,43.6477
1,14,1,0,4.96425e-05,43.37
1,15,1,0,4.428e-05,43.1198
1,16,1,0,3.57e-05,42.8934
1,17,1,0,4.572e-05,42.6887
1,18,1,0,9.8175e-06,42.5011
1,19,1,0,6.0195e-05,42.3332
1,20,1,0,1.9635e-05,42.1775
1,21,1,0,2.43e-05,42.0365
1,22,1,0,2.643e-05,41.9084
1,23,1,0,4.66125e-05,41.7922
1,24,1,0,4.98375e-05,41.6849
1,25,1,0,6.2535e-05,41.5856
1,26,1,0,1.161e-05,41.4917
1,27,1,0,5.46375e-05,41.4074
1,28,1,0,5.304e-05,41.3279
1,29,1,0,1.12575e-05,41.2531
1,30,1,0,3.5355e-05,41.1865
1,31,1,0,3.7875e-05,41.1243
1,32,1,0,2.286e-05,41.0662
1,33,1,0,4.359e-05,41.0139
1,34,1,0,3.12375e-05,40.9647
1,35,1,0,4.05525e-05,40.9198
1,36,1,0,5.574e-05,40.8783
1,37,1,0,3.18075e-05,40.8384
1,38,1,0,5.142e-05,40.8025
1,39,1,0,3.59025e-05,40.7683
1,40,1,0,4.30425e-05,40.7368
1,41,1,0,2.286e-05,40.7066
1,42,1,0,4.57425e-05,40.68
1,43,1,0,3.30375e-05,40.654
1,44,1,0,1.428e-05,40.6295
1,45,1,0,6.093e-05,40.6091
1,46,1,0,3.858e-05,40.5878
1,47,1,0,4.572e-05,40.5679
1,48,1,0,1.572e-05,40.5485
1,49,1,0,4.572e-05,40.5326
1,50,1,0,5.03775e-05,40.5176
1,51,1,0,4.7505e-05,40.5026
1,52,1,0,2.142e-05,40.4879
1,53,1,0,3.55425e-05,40.4764
1,54,1,0,2.286e-05,40.4655
1,55,1,0,6.267e-05,40.4566
1,56,1,0,2.75175e-05,40.4463
1,57,1,0,6.18075e-05,40.4389
1,58,1,0,5.574e-05,40.4311
1,59,1,0,2.856e-05,40.4226
1,60,1,0,7.80525e-05,40.4166
1,61,1,0,4.428e-05,40.4066
1,62,1,0,4.4625e-06,40.3967
1,63,1,0,3.144e-05,40.3905
1,64,1,0,4.50337e-05,40.3848
1,65,1,0,3.05475e-05,40.3778
1,66,1,0,4.86e-05,40.3723
1,67,1,0,3.62475e-05,40.3664
1,68,1,0,4.998e-05,40.3612
1,69,1,0,4.716e-05,40.355
1,70,1,0,3.57e-05,40.3487
1,71,1,0,1.0365e-05,40.3427
1,72,1,0,3.3225e-05,40.3391
1,73,1,0,4.83975e-05,40.3354
1,74,1,0,3.858e-05,40.3313
1,75,1,0,4.2495e-05,40.3283
1,76,1,0,4.6095e-05,40.3254
1,77,1,0,2.76675e-05,40.3219
1,78,1,0,2.19675e-05,40.3192
1,79,1,0,4.572e-05,40.317
1,80,1,0,8.58e-06,40.3135
1,81,1,0,4.071e-05,40.3128
1,82,1,0,4.39425e-05,40.3118
1,83,1,0,2.856e-05,40.3095
1,84,1,0,3.23325e-05,40.3083
1,85,1,0,3.05475e-05,40.3075
1,86,1,0,4.1805e-05,40.3064
1,87,1,0,5.142e-05,40.3043
1,88,1,0,5.01825e-05,40.3015
1,89,1,0,5.7345e-05,40.2984
1,90,1,0,7.14e-06,40.294
1,91,1,0,1.428e-05,40.2924
1,92,1,0,3.05475e-05,40.2921
1,93,1,0,0.00011592,40.2935
1,94,1,0,4.572e-05,40.2882
1,95,1,0,3.6435e-05,40.2838
1,96,1,0,1.33875e-05,40.2804
1,97,1,0,4.572e-05,40.2801
1,98,1,0,5.34075e-05,40.279
1,99,1,0,2.856e-05,40.2767
1,100,1,0,0,40.2744
1,101,1,0,2.286e-05,40.2755
1,102,1,0,1.3935e-05,40.2772
1,103,1,0,4.09125e-05,40.2797
1,104,1,0,5.4645e-05,40.2814
1,105,1,0,4.86e-05,40.2817
1,106,1,0,4.6065e-05,40.2817
1,107,1,0,3.3915e-05,40.2815
1,108,1,0,1.929e-05,40.2812
1,109,1,0,4.929e-05,40.2822
1,110,1,0,4.33875e-05,40.2819
1,111,1,0,2.43e-05,40.2816
1,112,1,0,3.80325e-05,40.2826
1,113,1,0,3.01725e-05,40.283
1,114,1,0,3.4995e-05,40.2826
1,115,1,0,2.142e-05,40.2824
1,116,1,0,5.3955e-05,40.2842
1,117,1,0,5.34075e-05,40.2839
1,118,1,0,3.48075e-05,40.2823
1,119,1,0,3e-05,40.2819
1,120,1,0,4.46475e-05,40.283
1,121,1,0,6.25275e-05,40.2842
1,122,1,0,4.86e-05,40.2835
1,123,1,0,6.591e-05,40.2833
1,124,1,0,7.86e-05,40.2819
1,125,1,0,5.718e-05,40.2787
1,126,1,0,2.23275e-05,40.2749
1,127,1,0,3.012e-05,40.2723
1,0,2,0,2.43263e-05,51.5958
1,1,2,0,5.82e-06,50.7927
1,2,2,0,3.57e-06,49.8268
1,3,2,0,7.14e-06,48.8854
1,4,2,0,0,48.0277
1,5,2,0,0,47.2645
1,6,2,0,0,46.5897
1,7,2,0,1.07175e-05,45.9947
1,8,2,0,3.57e-06,45.4676
1,9,2,0,7.14e-06,44.9999
1,10,2,0,0,44.5832
1,11,2,0,8.925e-07,44.2113
1,12,2,0,0,43.8783
1,13,2,0,0,43.5797
1,14,2,0,3.2175e-06,43.3111
1,15,2,0,0,43.0682
1,16,2,0,0,42.8482
1,17,2,0,8.58e-06,42.6487
1,18,2,0,4.4625e-06,42.4665
1,19,2,0,5.3625e-06,42.3008
1,20,2,0,0,42.1489
1,21,2,0,0,42.0105
1,22,2,0,1.785e-06,41.8843
1,23,2,0,6.2475e-06,41.769
1,24,2,0,5.355e-06,41.6627
1,25,2,0,0,41.5642
1,26,2,0,3.2175e-06,41.4729
1,27,2,0,0,41.3888
1,28,2,0,7.5075e-06,41.311
1,29,2,0,4.4625e-06,41.2383
1,30,2,0,1.785e-06,41.1716
1,31,2,0,0,41.1099
1,32,2,0,0,41.0529
1,33,2,0,3.57e-06,41.0006
1,34,2,0,0,40.9518
1,35,2,0,4.4625e-06,40.907
1,36,2,0,0,40.8652
1,37,2,0,0,40.8261
1,38,2,0,0,40.79
1,39,2,0,8.925e-07,40.7563
1,40,2,0,0,40.7248
1,41,2,0,0,40.6954
1,42,2,0,1.965e-06,40.6684
1,43,2,0,0,40.6428
1,44,2,0,0,40.6191
1,45,2,0,0,40.5975
1,46,2,0,0,40.5768
1,47,2,0,0,40.5573
1,48,2,0,0,40.539
1,49,2,0,0,40.5225
1,50,2,0,0,40.5073
1,51,2,0,0,40.4928
1,52,2,0,0,40.4792
1,53,2,0,3.0375e-06,40.4674
1,54,2,0,0,40.4564
1,55,2,0,8.04e-06,40.4469
1,56,2,0,5.3625e-06,40.4373
1,57,2,0,0,40.4286
1,58,2,0,8.925e-07,40.4205
1,59,2,0,0,40.4125
1,60,2,0,0,40.4051
1,61,2,0,0,40.397
1,62,2,0,2.6775e-06,40.3893
1,63,2,0,4.4625e-06,40.383
1,64,2,0,1.68188e-05,40.3775
1,65,2,0,5.355e-06,40.3704
1,66,2,0,5.355e-06,40.3641
1,67,2,0,0,40.3578
1,68,2,0,0,40.352
1,69,2,0,0,40.3462
1,70,2,0,0,40.3405
1,71,2,0,0,40.3353
1,72,2,0,0,40.331
1,73,2,0,4.4625e-06,40.3272
1,74,2,0,0,40.3233
1,75,2,0,1.785e-06,40.32
1,76,2,0,0,40.3167
1,77,2,0,0,40.3136
1,78,2,0,0,40.3108
1,79,2,0,0,40.3083
1,80,2,0,0,40.3059
1,81,2,0,3.57e-06,40.3043
1,82,2,0,0,40.3026
1,83,2,0,0,40.3007
1,84,2,0,0,40.2993
1,85,2,0,8.925e-07,40.298
1,86,2,0,6.2475e-06,40.2966
1,87,2,0,0,40.2944
1,88,2,0,0,40.292
1,89,2,0,5.9175e-06,40.2896
1,90,2,0,0,40.2866
1,91,2,0,0,40.2847
1,92,2,0,0,40.2836
1,93,2,0,7.5075e-06,40.2829
1,94,2,0,8.0325e-06,40.2801
1,95,2,0,2.145e-06,40.2768
1,96,2,0,0,40.2742
1,97,2,0,0,40.2727
1,98,2,0,0,40.2714
1,99,2,0,0,40.2699
1,100,2,0,0,40.2689
1,101,2,0,0,40.2692
1,102,2,0,5.355e-06,40.2703
1,103,2,0,6.2475e-06,40.2716
1,104,2,0,2.6775e-06,40.2724
1,105,2,0,0,40.2727
1,106,2,0,5.355e-06,40.273
1,107,2,0,8.925e-07,40.2728
1,108,2,0,3.57e-06,40.2729
1,109,2,0,3.57e-06,40.2732
1,110,2,0,8.925e-07,40.273
1,111,2,0,0,40.2731
1,112,2,0,5.355e-06,40.2737
1,113,2,0,1.10775e-05,40.2741
1,114,2,0,0,40.2736
1,115,2,0,0,40.2734
1,116,2,0,0,40.2738
1,117,2,0,0,40.2737
1,118,2,0,8.925e-07,40.2731
1,119,2,0,0,40.2729
1,120,2,0,1.0725e-06,40.2733
1,121,2,0,8.9325e-06,40.2739
1,122,2,0,0,40.2733
1,123,2,0,9.465e-06,40.2729
1,124,2,0,0,40.2712
1,125,2,0,0,40.2691
1,126,2,0,4.4625e-06,40.267
1,127,2,0,5.82e-06,40.2652
1,0,3,0,1.68188e-05,50.0572
1,1,3,0,0,49.543
1,2,3,0,0,48.879
1,3,3,0,0,48.1744
1,4,3,0,0,47.4893
1,5,3,0,0,46.8501
1,6,3,0,0,46.2656
1,7,3,0,0,45.7367
1,8,3,0,0,45.2596
1,9,3,0,0,44.83
1,10,3,0,0,44.4431
1,11,3,0,0,44.0945
1,12,3,0,0,43.7799
1,13,3,0,0,43.4958
1,14,3,0,0,43.2387
1,15,3,0,0,43.0053
1,16,3,0,0,42.7931
1,17,3,0,0,42.5999
1,18,3,0,0,42.4235
1,19,3,0,0,42.2623
1,20,3,0,0,42.1146
1,21,3,0,0,41.9795
1,22,3,0,0,41.8558
1,23,3,0,0,41.7423
1,24,3,0,0,41.6377
1,25,3,0,0,41.541
1,26,3,0,0,41.4515
1,27,3,0,0,41.3688
1,28,3,0,0,41.2922
1,29,3,0,0,41.2212
1,30,3,0,0,41.1555
1,31,3,0,0,41.0947
1,32,3,0,0,41.0385
1,33,3,0,0,40.9866
1,34,3,0,0,40.9384
1,35,3,0,0,40.8939
1,36,3,0,0,40.8524
1,37,3,0,0,40.8138
1,38,3,0,0,40.7779
1,39,3,0,0,40.7445
1,40,3,0,0,40.7133
1,41,3,0,0,40.6843
1,42,3,0,0,40.6574
1,43,3,0,0,40.6322
1,44,3,0,0,40.6088
1,45,3,0,0,40.587
1,46,3,0,0,40.5666
1,47,3,0,0,40.5475
1,48,3,0,0,40.5297
1,49,3,0,0,40.5132
1,50,3,0,0,40.498
1,51,3,0,0,40.4838
1,52,3,0,0,40.4706
1,53,3,0,0,40.4587
1,54,3,0,0,40.4477
1,55,3,0,0,40.4377
1,56,3,0,0,40.4283
1,57,3,0,0,40.4195
1,58,3,0,0,40.4112
1,59,3,0,0,40.4034
1,60,3,0,0,40.3959
1,61,3,0,0,40.3885
1,62,3,0,0,40.3817
1,63,3,0,0,40.3756
1,64,3,0,1.68188e-05,40.3703
1,65,3,0,0,40.363
1,66,3,0,0,40.3564
1,67,3,0,0,40.3501
1,68,3,0,0,40.3442
1,69,3,0,0,40.3386
1,70,3,0,0,40.3332
1,71,3,0,0,40.3282
1,72,3,0,0,40.3238
1,73,3,0,0,40.3198
1,74,3,0,0,40.316
1,75,3,0,0,40.3125
1,76,3,0,0,40.3092
1,77,3,0,0,40.3062
1,78,3,0,0,40.3034
1,79,3,0,0,40.3009
1,80,3,0,0,40.2985
1,81,3,0,0,40.2965
1,82,3,0,0,40.2947
1,83,3,0,0,40.2928
1,84,3,0,0,40.2912
1,85,3,0,0,40.2896
1,86,3,0,0,40.2879
1,87,3,0,0,40.2859
1,88,3,0,0,40.2838
1,89,3,0,0,40.2816
1,90,3,0,0,40.2793
1,91,3,0,0,40.2774
1,92,3,0,0,40.2759
1,93,3,0,0,40.2744
1,94,3,0,0,40.2723
1,95,3,0,0,40.2699
1,96,3,0,0,40.2679
1,97,3,0,0,40.2663
1,98,3,0,0,40.265
1,99,3,0,0,40.2639
1,100,3,0,0,40.2631
1,101,3,0,0,40.263
1,102,3,0,0,40.2634
1,103,3,0,0,40.264
1,104,3,0,0,40.2645
1,105,3,0,0,40.2647
1,106,3,0,0,40.2649
1,107,3,0,0,40.2649
1,108,3,0,0,40.265
1,109,3,0,0,40.265
1,110,3,0,0,40.265
1,111,3,0,0,40.2651
1,112,3,0,0,40.2653
1,113,3,0,0,40.2654
1,114,3,0,0,40.2652
1,115,3,0,0,40.2651
1,116,3,0,0,40.2651
1,117,3,0,0,40.2649
1,118,3,0,0,40.2647
1,119,3,0,0,40.2645
1,120,3,0,0,40.2645
1,121,3,0,0,40.2644
1,122,3,0,0,40.264
1,123,3,0,0,40.2633
1,124,3,0,0,40.2621
1,125,3,0,0,40.2607
1,126,3,0,0,40.2593
1,127,3,0,0,40.258
1,0,4,0,1.68188e-05,48.8494
1,1,4,0,0,48.4917
1,2,4,0,0,48.0159
1,3,4,0,0,47.4837
1,4,4,0,0,46.9402
1,5,4,0,0,46.4124
1,6,4,0,0,45.9142
1,7,4,0,0,45.4517
1,8,4,0,0,45.0265
1,9,4,0,0,44.6376
1,10,4,0,0,44.2829
1,11,4,0,0,43.96
1,12,4,0,0,43.666
1,13,4,0,0,43.3985
1,14,4,0,0,43.1548
1,15,4,0,0,42.9325
1,16,4,0,0,42.7295
1,17,4,0,0,42.5439
1,18,4,0,0,42.374
1,19,4,0,0,42.2183
1,20,4,0,0,42.0754
1,21,4,0,0,41.9442
1,22,4,0,0,41.8237
1,23,4,0,0,41.7128
1,24,4,0,0,41.6105
1,25,4,0,0,41.5159
1,26,4,0,0,41.4285
1,27,4,0,0,41.3475
1,28,4,0,0,41.2725
1,29,4,0,0,41.2029
1,30,4,0,0,41.1385
1,31,4,0,0,41.0788
1,32,4,0,0,41.0235
1,33,4,0,0,40.9723
1,34,4,0,0,40.9248
1,35,4,0,0,40.8807
1,36,4,0,0,40.8397
1,37,4,0,0,40.8016
1,38,4,0,0,40.7661
1,39,4,0,0,40.7331
1,40,4,0,0,40.7023
1,41,4,0,0,40.6736
1,42,4,0,0,40.6469
1,43,4,0,0,40.6221
1,44,4,0,0,40.5989
1,45,4,0,0,40.5773
1,46,4,0,0,40.5572
1,47,4,0,0,40.5383
1,48,4,0,0,40.5208
1,49,4,0,0,40.5046
1,50,4,0,0,40.4895
1,51,4,0,0,40.4755
1,52,4,0,0,40.4625
1,53,4,0,0,40.4506
1,54,4,0,0,40.4397
1,55,4,0,0,40.4296
1,56,4,0,0,40.4201
1,57,4,0,0,40.4113
1,58,4,0,0,40.4031
1,59,4,0,0,40.3954
1,60,4,0,0,40.388
1,61,4,0,0,40.3811
1,62,4,0,0,40.3746
1,63,4,0,0,40.3688
1,64,4,0,1.68188e-05,40.3636
1,65,4,0,0,40.3564
1,66,4,0,0,40.3497
1,67,4,0,0,40.3434
1,68,4,0,0,40.3375
1,69,4,0,0,40.3319
1,70,4,0,0,40.3267
1,71,4,0,0,40.3218
1,72,4,0,0,40.3174
1,73,4,0,0,40.3133
1,74,4,0,0,40.3095
1,75,4,0,0,40.306
1,76,4,0,0,40.3027
1,77,4,0,0,40.2997
1,78,4,0,0,40.2969
1,79,4,0,0,40.2943
1,80,4,0,0,40.292
1,81,4,0,0,40.2898
1,82,4,0,0,40.2878
1,83,4,0,0,40.2859
1,84,4,0,0,40.2841
1,85,4,0,0,40.2824
1,86,4,0,0,40.2806
1,87,4,0,0,40.2787
1,88,4,0,0,40.2767
1,89,4,0,0,40.2747
1,90,4,0,0,40.2727
1,91,4,0,0,40.2709
1,92,4,0,0,40.2692
1,93,4,0,0,40.2676
1,94,4,0,0,40.2657
1,95,4,0,0,40.2638
1,96,4,0,0,40.2621
1,97,4,0,0,40.2606
1,98,4,0,0,40.2594
1,99,4,0,0,40.2584
1,100,4,0,0,40.2577
1,101,4,0,0,40.2574
1,102,4,0,0,40.2575
1,103,4,0,0,40.2576
1,104,4,0,0,40.2578
1,105,4,0,0,40.258
1,106,4,0,0,40.258
1,107,4,0,0,40.258
1,108,4,0,0,40.258
1,109,4,0,0,40.258
1,110,4,0,0,40.258
1,111,4,0,0,40.258
1,112,4,0,0,40.258
1,113,4,0,0,40.258
1,114,4,0,0,40.2579
1,115,4,0,0,40.2577
1,116,4,0,0,40.2576
1,117,4,0,0,40.2574
1,118,4,0,0,40.2571
1,119,4,0,0,40.2569
1,120,4,0,0,40.2567
1,121,4,0,0,40.2564
1,122,4,0,0,40.2559
1,123,4,0,0,40.2553
1,124,4,0,0,40.2544
1,125,4,0,0,40.2533
1,126,4,0,0,40.2523
1,127,4,0,0,40.2515
1,0,5,0,1.68188e-05,47.8604
1,1,5,0,0,47.6002
1,2,5,0,0,47.2478
1,3,5,0,0,46.8398
1,4,5,0,0,46.4076
1,5,5,0,0,45.9739
1,6,5,0,0,45.553
1,7,5,0,0,45.1531
1,8,5,0,0,44.7783
1,9,5,0,0,44.4301
1,10,5,0,0,44.1083
1,11,5,0,0,43.8121
1,12,5,0,0,43.54
1,13,5,0,0,43.2904
1,14,5,0,0,43.0614
1,15,5,0,0,42.8514
1,16,5,0,0,42.6586
1,17,5,0,0,42.4816
1,18,5,0,0,42.319
1,19,5,0,0,42.1694
1,20,5,0,0,42.0318
1,21,5,0,0,41.9051
1,22,5,0,0,41.7884
1,23,5,0,0,41.6807
1,24,5,0,0,41.5812
1,25,5,0,0,41.4891
1,26,5,0,0,41.4039
1,27,5,0,0,41.3249
1,28,5,0,0,41.2517
1,29,5,0,0,41.1837
1,30,5,0,0,41.1207
1,31,5,0,0,41.0622
1,32,5,0,0,41.008
1,33,5,0,0,40.9576
1,34,5,0,0,40.9109
1,35,5,0,0,40.8675
1,36,5,0,0,40.8271
1,37,5,0,0,40.7895
1,38,5,0,0,40.7545
1,39,5,0,0,40.7219
1,40,5,0,0,40.6916
1,41,5,0,0,40.6633
1,42,5,0,0,40.637
1,43,5,0,0,40.6124
1,44,5,0,0,40.5896
1,45,5,0,0,40.5682
1,46,5,0,0,40.5484
1,47,5,0,0,40.5298
1,48,5,0,0,40.5126
1,49,5,0,0,40.4966
1,50,5,0,0,40.4817
1,51,5,0,0,40.4679
1,52,5,0,0,40.4551
1,53,5,0,0,40.4433
1,54,5,0,0,40.4324
1,55,5,0,0,40.4223
1,56,5,0,0,40.4129
1,57,5,0,0,40.4042
1,58,5,0,0,40.396
1,59,5,0,0,40.3884
1,60,5,0,0,40.3812
1,61,5,0,0,40.3746
1,62,5,0,0,40.3684
1,63,5,0,0,40.3628
1,64,5,0,1.68188e-05,40.3577
1,65,5,0,0,40.3505
1,66,5,0,0,40.3438
1,67,5,0,0,40.3376
1,68,5,0,0,40.3317
1,69,5,0,0,40.3262
1,70,5,0,0,40.3211
1,71,5,0,0,40.3163
1,72,5,0,0,40.3118
1,73,5,0,0,40.3077
1,74,5,0,0,40.3039
1,75,5,0,0,40.3004
1,76,5,0,0,40.2972
1,77,5,0,0,40.2941
1,78,5,0,0,40.2913
1,79,5,0,0,40.2887
1,80,5,0,0,40.2863
1,81,5,0,0,40.2841
1,82,5,0,0,40.282
1,83,5,0,0,40.28
1,84,5,0,0,40.2782
1,85,5,0,0,40.2763
1,86,5,0,0,40.2745
1,87,5,0,0,40.2726
1,88,5,0,0,40.2707
1,89,5,0,0,40.2689
1,90,5,0,0,40.267
1,91,5,0,0,40.2653
1,92,5,0,0,40.2636
1,93,5,0,0,40.2619
1,94,5,0,0,40.2602
1,95,5,0,0,40.2586
1,96,5,0,0,40.2571
1,97,5,0,0,40.2557
1,98,5,0,0,40.2545
1,99,5,0,0,40.2536
1,100,5,0,0,40.2529
1,101,5,0,0,40.2525
1,102,5,0,0,40.2523
1,103,5,0,0,40.2522
1,104,5,0,0,40.2522
1,105,5,0,0,40.2522
1,106,5,0,0,40.2522
1,107,5,0,0,40.2522
1,108,5,0,0,40.2521
1,109,5,0,0,40.252
1,110,5,0,0,40.252
1,111,5,0,0,40.2519
1,112,5,0,0,40.2518
1,113,5,0,0,40.2517
1,114,5,0,0,40.2515
1,115,5,0,0,40.2514
1,116,5,0,0,40.2511
1,117,5,0,0,40.2509
1,118,5,0,0,40.2506
1,119,5,0,0,40.2503
1,120,5,0,0,40.25
1,121,5,0,0,40.2496
1,122,5,0,0,40.2491
1,123,5,0,0,40.2484
1,124,5,0,0,40.2477
1,125,5,0,0,40.2469
1,126,5,0,0,40.2462
1,127,5,0,0,40.2456
1,0,6,0,1.68188e-05,47.0321
1,1,6,0,0,46.8371
1,2,6,0,0,46.5692
1,3,6,0,0,46.2514
1,4,6,0,0,45.9055
1,5,6,0,0,45.5491
1,6,6,0,0,45.1948
1,7,6,0,0,44.8512
1,8,6,0,0,44.5233
1,9,6,0,0,44.2141
1,10,6,0,0,43.9246
1,11,6,0,0,43.6552
1,12,6,0,0,43.4053
1,13,6,0,0,43.1741
1,14,6,0,0,42.9606
1,15,6,0,0,42.7635
1,16,6,0,0,42.5817
1,17,6,0,0,42.414
1,18,6,0,0,42.2592
1,19,6,0,0,42.1164
1,20,6,0,0,41.9846
1,21,6,0,0,41.8628
1,22,6,0,0,41.7503
1,23,6,0,0,41.6463
1,24,6,0,0,41.5499
1,25,6,0,0,41.4607
1,26,6,0,0,41.3779
1,27,6,0,0,41.3012
1,28,6,0,0,41.2299
1,29,6,0,0,41.1637
1,30,6,0,0,41.1022
1,31,6,0,0,41.0451
1,32,6,0,0,40.992
1,33,6,0,0,40.9427
1,34,6,0,0,40.8968
1,35,6,0,0,40.8542
1,36,6,0,0,40.8145
1,37,6,0,0,40.7775
1,38,6,0,0,40.7431
1,39,6,0,0,40.7111
1,40,6,0,0,40.6812
1,41,6,0,0,40.6534
1,42,6,0,0,40.6274
1,43,6,0,0,40.6033
1,44,6,0,0,40.5807
1,45,6,0,0,40.5597
1,46,6,0,0,40.5402
1,47,6,0,0,40.5219
1,48,6,0,0,40.505
1,49,6,0,0,40.4892
1,50,6,0,0,40.4745
1,51,6,0,0,40.4609
1,52,6,0,0,40.4483
1,53,6,0,0,40.4366
1,54,6,0,0,40.4258
1,55,6,0,0,40.4158
1,56,6,0,0,40.4065
1,57,6,0,0,40.3979
1,58,6,0,0,40.3898
1,59,6,0,0,40.3824
1,60,6,0,0,40.3754
1,61,6,0,0,40.3689
1,62,6,0,0,40.3629
1,63,6,0,0,40.3575
1,64,6,0,1.68188e-05,40.3526
1,65,6,0,0,40.3455
1,66,6,0,0,40.3388
1,67,6,0,0,40.3326
1,68,6,0,0,40.3268
1,69,6,0,0,40.3213
1,70,6,0,0,40.3163
1,71,6,0,0,40.3115
1,72,6,0,0,40.3071
1,73,6,0,0,40.303
1,74,6,0,0,40.2992
1,75,6,0,0,40.2957
1,76,6,0,0,40.2924
1,77,6,0,0,40.2894
1,78,6,0,0,40.2866
1,79,6,0,0,40.284
1,80,6,0,0,40.2815
1,81,6,0,0,40.2793
1,82,6,0,0,40.2771
1,83,6,0,0,40.2751
1,84,6,0,0,40.2732
1,85,6,0,0,40.2713
1,86,6,0,0,40.2694
1,87,6,0,0,40.2676
1,88,6,0,0,40.2658
1,89,6,0,0,40.264
1,90,6,0,0,40.2622
1,91,6,0,0,40.2605
1,92,6,0,0,40.2589
1,93,6,0,0,40.2573
1,94,6,0,0,40.2557
1,95,6,0,0,40.2542
1,96,6,0,0,40.2528
1,97,6,0,0,40.2515
1,98,6,0,0,40.2504
1,99,6,0,0,40.2495
1,100,6,0,0,40.2488
1,101,6,0,0,40.2483
1,102,6,0,0,40.2479
1,103,6,0,0,40.2477
1,104,6,0,0,40.2476
1,105,6,0,0,40.2475
1,106,6,0,0,40.2474
1,107,6,0,0,40.2473
1,108,6,0,0,40.2471
1,109,6,0,0,40.247
1,110,6,0,0,40.2469
1,111,6,0,0,40.2468
1,112,6,0,0,40.2466
1,113,6,0,0,40.2464
1,114,6,0,0,40.2462
1,115,6,0,0,40.246
1,116,6,0,0,40.2457
1,117,6,0,0,40.2454
1,118,6,0,0,40.245
1,119,6,0,0,40.2447
1,120,6,0,0,40.2443
1,121,6,0,0,40.2438
1,122,6,0,0,40.2433
1,123,6,0,0,40.2427
1,124,6,0,0,40.2421
1,125,6,0,0,40.2414
1,126,6,0,0,40.2409
1,127,6,0,0,40.2404
1,0,7,0,1.68188e-05,46.3279
1,1,7,0,0,46.1782
1,2,7,0,0,45.9702
1,3,7,0,0,45.719
1,4,7,0,0,45.4399
1,5,7,0,0,45.146
1,6,7,0,0,44.848
1,7,7,0,0,44.5537
1,8,7,0,0,44.2683
1,9,7,0,0,43.9952
1,10,7,0,0,43.7364
1,11,7,0,0,43.4929
1,12,7,0,0,43.265
1,13,7,0,0,43.0523
1,14,7,0,0,42.8544
1,15,7,0,0,42.6706
1,16,7,0,0,42.5002
1,17,7,0,0,42.3421
1,18,7,0,0,42.1957
1,19,7,0,0,42.06
1,20,7,0,0,41.9343
1,21,7,0,0,41.8179
1,22,7,0,0,41.7099
1,23,7,0,0,41.6099
1,24,7,0,0,41.517
1,25,7,0,0,41.4308
1,26,7,0,0,41.3508
1,27,7,0,0,41.2764
1,28,7,0,0,41.2072
1,29,7,0,0,41.1429
1,30,7,0,0,41.0831
1,31,7,0,0,41.0275
1,32,7,0,0,40.9757
1,33,7,0,0,40.9275
1,34,7,0,0,40.8826
1,35,7,0,0,40.8409
1,36,7,0,0,40.802
1,37,7,0,0,40.7657
1,38,7,0,0,40.732
1,39,7,0,0,40.7005
1,40,7,0,0,40.6711
1,41,7,0,0,40.6438
1,42,7,0,0,40.6183
1,43,7,0,0,40.5945
1,44,7,0,0,40.5724
1,45,7,0,0,40.5518
1,46,7,0,0,40.5325
1,47,7,0,0,40.5146
1,48,7,0,0,40.4979
1,49,7,0,0,40.4824
1,50,7,0,0,40.4679
1,51,7,0,0,40.4546
1,52,7,0,0,40.4421
1,53,7,0,0,40.4306
1,54,7,0,0,40.42
1,55,7,0,0,40.4101
1,56,7,0,0,40.4009
1,57,7,0,0,40.3924
1,58,7,0,0,40.3845
1,59,7,0,0,40.3772
1,60,7,0,0,40.3704
1,61,7,0,0,40.3641
1,62,7,0,0,40.3583
1,63,7,0,0,40.353
1,64,7,0,1.68188e-05,40.3482
1,65,7,0,0,40.3412
1,66,7,0,0,40.3346
1,67,7,0,0,40.3285
1,68,7,0,0,40.3227
1,69,7,0,0,40.3173
1,70,7,0,0,40.3123
1,71,7,0,0,40.3076
1,72,7,0,0,40.3032
1,73,7,0,0,40.2991
1,74,7,0,0,40.2953
1,75,7,0,0,40.2918
1,76,7,0,0,40.2886
1,77,7,0,0,40.2855
1,78,7,0,0,40.2827
1,79,7,0,0,40.2801
1,80,7,0,0,40.2777
1,81,7,0,0,40.2754
1,82,7,0,0,40.2732
1,83,7,0,0,40.2711
1,84,7,0,0,40.2692
1,85,7,0,0,40.2673
1,86,7,0,0,40.2654
1,87,7,0,0,40.2636
1,88,7,0,0,40.2618
1,89,7,0,0,40.26
1,90,7,0,0,40.2584
1,91,7,0,0,40.2567
1,92,7,0,0,40.2551
1,93,7,0,0,40.2536
1,94,7,0,0,40.2521
1,95,7,0,0,40.2507
1,96,7,0,0,40.2494
1,97,7,0,0,40.2482
1,98,7,0,0,40.2471
1,99,7,0,0,40.2462
1,100,7,0,0,40.2454
1,101,7,0,0,40.2448
1,102,7,0,0,40.2444
1,103,7,0,0,40.2441
1,104,7,0,0,40.2438
1,105,7,0,0,40.2436
1,106,7,0,0,40.2435
1,107,7,0,0,40.2433
1,108,7,0,0,40.2431
1,109,7,0,0,40.243
1,110,7,0,0,40.2428
1,111,7,0,0,40.2426
1,112,7,0,0,40.2424
1,113,7,0,0,40.2421
1,114,7,0,0,40.2419
1,115,7,0,0,40.2416
1,116,7,0,0,40.2412
1,117,7,0,0,40.2409
1,118,7,0,0,40.2405
1,119,7,0,0,40.24
1,120,7,0,0,40.2395
1,121,7,0,0,40.239
1,122,7,0,0,40.2385
1,123,7,0,0,40.2379
1,124,7,0,0,40.2373
1,125,7,0,0,40.2368
1,126,7,0,0,40.2363
1,127,7,0,0,40.236
1,0,8,0,1.68188e-05,45.7225
1,1,8,0,0,45.6053
1,2,8,0,0,45.4409
1,3,8,0,0,45.2396
1,4,8,0,0,45.0123
1,5,8,0,0,44.7689
1,6,8,0,0,44.5178
1,7,8,0,0,44.2659
1,8,8,0,0,44.0181
1,9,8,0,0,43.7779
1,10,8,0,0,43.5476
1,11,8,0,0,43.3286
1,12,8,0,0,43.1217
1,13,8,0,0,42.9271
1,14,8,0,0,42.7448
1,15,8,0,0,42.5743
1,16,8,0,0,42.4152
1,17,8,0,0,42.2671
1,18,8,0,0,42.1292
1,19,8,0,0,42.0009
1,20,8,0,0,41.8816
1,21,8,0,0,41.7707
1,22,8,0,0,41.6677
1,23,8,0,0,41.5718
1,24,8,0,0,41.4827
1,25,8,0,0,41.3998
1,26,8,0,0,41.3226
1,27,8,0,0,41.2508
1,28,8,0,0,41.1839
1,29,8,0,0,41.1216
1,30,8,0,0,41.0636
1,31,8,0,0,41.0095
1,32,8,0,0,40.9591
1,33,8,0,0,40.9122
1,34,8,0,0,40.8684
1,35,8,0,0,40.8276
1,36,8,0,0,40.7895
1,37,8,0,0,40.7541
1,38,8,0,0,40.721
1,39,8,0,0,40.6902
1,40,8,0,0,40.6614
1,41,8,0,0,40.6346
1,42,8,0,0,40.6096
1,43,8,0,0,40.5863
1,44,8,0,0,40.5645
1,45,8,0,0,40.5443
1,46,8,0,0,40.5254
1,47,8,0,0,40.5078
1,48,8,0,0,40.4914
1,49,8,0,0,40.4762
1,50,8,0,0,40.462
1,51,8,0,0,40.4488
1,52,8,0,0,40.4366
1,53,8,0,0,40.4253
1,54,8,0,0,40.4148
1,55,8,0,0,40.4051
1,56,8,0,0,40.3961
1,57,8,0,0,40.3878
1,58,8,0,0,40.38
1,59,8,0,0,40.3729
1,60,8,0,0,40.3662
1,61,8,0,0,40.3601
1,62,8,0,0,40.3545
1,63,8,0,0,40.3493
1,64,8,0,1.68188e-05,40.3447
1,65,8,0,0,40.3377
1,66,8,0,0,40.3312
1,67,8,0,0,40.3252
1,68,8,0,0,40.3195
1,69,8,0,0,40.3141
1,70,8,0,0,40.3091
1,71,8,0,0,40.3044
1,72,8,0,0,40.3001
1,73,8,0,0,40.296
1,74,8,0,0,40.2923
1,75,8,0,0,40.2888
1,76,8,0,0,40.2855
1,77,8,0,0,40.2825
1,78,8,0,0,40.2797
1,79,8,0,0,40.2771
1,80,8,0,0,40.2746
1,81,8,0,0,40.2723
1,82,8,0,0,40.2702
1,83,8,0,0,40.2681
1,84,8,0,0,40.2661
1,85,8,0,0,40.2642
1,86,8,0,0,40.2623
1,87,8,0,0,40.2605
1,88,8,0,0,40.2587
1,89,8,0,0,40.257
1,90,8,0,0,40.2554
1,91,8,0,0,40.2538
1,92,8,0,0,40.2523
1,93,8,0,0,40.2508
1,94,8,0,0,40.2494
1,95,8,0,0,40.248
1,96,8,0,0,40.2467
1,97,8,0,0,40.2455
1,98,8,0,0,40.2445
1,99,8,0,0,40.2436
1,100,8,0,0,40.2428
1,101,8,0,0,40.2422
1,102,8,0,0,40.2417
1,103,8,0,0,40.2413
1,104,8,0,0,40.2409
1,105,8,0,0,40.2407
1,106,8,0,0,40.2404
1,107,8,0,0,40.2402
1,108,8,0,0,40.24
1,109,8,0,0,40.2398
1,110,8,0,0,40.2396
1,111,8,0,0,40.2393
1,112,8,0,0,40.2391
1,113,8,0,0,40.2388
1,114,8,0,0,40.2384
1,115,8,0,0,40.2381
1,116,8,0,0,40.2377
1,117,8,0,0,40.2373
1,118,8,0,0,40.2368
1,119,8,0,0,40.2363
1,120,8,0,0,40.2358
1,121,8,0,0,40.2352
1,122,8,0,0,40.2346
1,123,8,0,0,40.234
1,124,8,0,0,40.2335
1,125,8,0,0,40.233
1,126,8,0,0,40.2325
1,127,8,0,0,40.2322
1,0,9,0,1.68188e-05,45.1972
1,1,9,0,0,45.1037
1,2,9,0,0,44.9718
1,3,9,0,0,44.8086
1,4,9,0,0,44.6219
1,5,9,0,0,44.4191
1,6,9,0,0,44.207
1,7,9,0,0,43.9913
1,8,9,0,0,43.7763
1,9,9,0,0,43.5655
1,10,9,0,0,43.3611
1,11,9,0,0,43.1649
1,12,9,0,0,42.9779
1,13,9,0,0,42.8006
1,14,9,0,0,42.6333
1,15,9,0,0,42.4759
1,16,9,0,0,42.3282
1,17,9,0,0,42.1899
1,18,9,0,0,42.0606
1,19,9,0,0,41.9399
1,20,9,0,0,41.8271
1,21,9,0,0,41.722
1,22,9,0,0,41.624
1,23,9,0,0,41.5325
1,24,9,0,0,41.4473
1,25,9,0,0,41.3678
1,26,9,0,0,41.2937
1,27,9,0,0,41.2245
1,28,9,0,0,41.16
1,29,9,0,0,41.0999
1,30,9,0,0,41.0437
1,31,9,0,0,40.9913
1,32,9,0,0,40.9424
1,33,9,0,0,40.8967
1,34,9,0,0,40.8541
1,35,9,0,0,40.8144
1,36,9,0,0,40.7773
1,37,9,0,0,40.7426
1,38,9,0,0,40.7103
1,39,9,0,0,40.6801
1,40,9,0,0,40.652
1,41,9,0,0,40.6258
1,42,9,0,0,40.6013
1,43,9,0,0,40.5785
1,44,9,0,0,40.5572
1,45,9,0,0,40.5373
1,46,9,0,0,40.5188
1,47,9,0,0,40.5016
1,48,9,0,0,40.4855
1,49,9,0,0,40.4706
1,50,9,0,0,40.4567
1,51,9,0,0,40.4437
1,52,9,0,0,40.4318
1,53,9,0,0,40.4207
1,54,9,0,0,40.4104
1,55,9,0,0,40.4009
1,56,9,0,0,40.3921
1,57,9,0,0,40.3839
1,58,9,0,0,40.3764
1,59,9,0,0,40.3693
1,60,9,0,0,40.3629
1,61,9,0,0,40.3569
1,62,9,0,0,40.3514
1,63,9,0,0,40.3464
1,64,9,0,1.68188e-05,40.3419
1,65,9,0,0,40.3351
1,66,9,0,0,40.3287
1,67,9,0,0,40.3226
1,68,9,0,0,40.317
1,69,9,0,0,40.3117
1,70,9,0,0,40.3067
1,71,9,0,0,40.3021
1,72,9,0,0,40.2978
1,73,9,0,0,40.2937
1,74,9,0,0,40.29
1,75,9,0,0,40.2865
1,76,9,0,0,40.2833
1,77,9,0,0,40.2803
1,78,9,0,0,40.2775
1,79,9,0,0,40.2749
1,80,9,0,0,40.2725
1,81,9,0,0,40.2702
1,82,9,0,0,40.268
1,83,9,0,0,40.2659
1,84,9,0,0,40.2639
1,85,9,0,0,40.262
1,86,9,0,0,40.2601
1,87,9,0,0,40.2583
1,88,9,0,0,40.2566
1,89,9,0,0,40.2549
1,90,9,0,0,40.2533
1,91,9,0,0,40.2518
1,92,9,0,0,40.2503
1,93,9,0,0,40.2489
1,94,9,0,0,40.2475
1,95,9,0,0,40.2461
1,96,9,0,0,40.2449
1,97,9,0,0,40.2437
1,98,9,0,0,40.2427
1,99,9,0,0,40.2417
1,100,9,0,0,40.2409
1,101,9,0,0,40.2403
1,102,9,0,0,40.2397
1,103,9,0,0,40.2393
1,104,9,0,0,40.2389
1,105,9,0,0,40.2386
1,106,9,0,0,40.2383
1,107,9,0,0,40.2381
1,108,9,0,0,40.2378
1,109,9,0,0,40.2376
1,110,9,0,0,40.2373
1,111,9,0,0,40.237
1,112,9,0,0,40.2367
1,113,9,0,0,40.2363
1,114,9,0,0,40.236
1,115,9,0,0,40.2355
1,116,9,0,0,40.2351
1,117,9,0,0,40.2346
1,118,9,0,0,40.2341
1,119,9,0,0,40.2335
1,120,9,0,0,40.2329
1,121,9,0,0,40.2323
1,122,9,0,0,40.2316
1,123,9,0,0,40.231
1,124,9,0,0,40.2304
1,125,9,0,0,40.2299
1,126,9,0,0,40.2295
1,127,9,0,0,40.2291
1,0,10,0,1.68188e-05,44.7378
1,1,10,0,0,44.6622
1,2,10,0,0,44.555
1,3,10,0,0,44.4212
1,4,10,0,0,44.2665
1,5,10,0,0,44.0966
1,6,10,0,0,43.9168
1,7,10,0,0,43.7317
1,8,10,0,0,43.5452
1,9,10,0,0,43.3603
1,10,10,0,0,43.1794
1,11,10,0,0,43.0041
1,12,10,0,0,42.8355
1,13,10,0,0,42.6746
1,14,10,0,0,42.5216
1,15,10,0,0,42.3768
1,16,10,0,0,42.2402
1,17,10,0,0,42.1116
1,18,10,0,0,41.9909
1,19,10,0,0,41.8776
1,20,10,0,0,41.7715
1,21,10,0,0,41.6722
1,22,10,0,0,41.5793
1,23,10,0,0,41.4924
1,24,10,0,0,41.4111
1,25,10,0,0,41.3352
1,26,10,0,0,41.2642
1,27,10,0,0,41.1978
1,28,10,0,0,41.1358
1,29,10,0,0,41.0779
1,30,10,0,0,41.0237
1,31,10,0,0,40.973
1,32,10,0,0,40.9256
1,33,10,0,0,40.8814
1,34,10,0,0,40.84
1,35,10,0,0,40.8013
1,36,10,0,0,40.7651
1,37,10,0,0,40.7314
1,38,10,0,0,40.6998
1,39,10,0,0,40.6704
1,40,10,0,0,40.6429
1,41,10,0,0,40.6173
1,42,10,0,0,40.5934
1,43,10,0,0,40.5711
1,44,10,0,0,40.5503
1,45,10,0,0,40.5309
1,46,10,0,0,40.5128
1,47,10,0,0,40.4959
1,48,10,0,0,40.4802
1,49,10,0,0,40.4655
1,50,10,0,0,40.4519
1,51,10,0,0,40.4393
1,52,10,0,0,40.4276
1,53,10,0,0,40.4167
1,54,10,0,0,40.4067
1,55,10,0,0,40.3974
1,56,10,0,0,40.3888
1,57,10,0,0,40.3808
1,58,10,0,0,40.3735
1,59,10,0,0,40.3666
1,60,10,0,0,40.3603
1,61,10,0,0,40.3545
1,62,10,0,0,40.3492
1,63,10,0,0,40.3443
1,64,10,0,1.68188e-05,40.3399
1,65,10,0,0,40.3332
1,66,10,0,0,40.3269
1,67,10,0,0,40.3209
1,68,10,0,0,40.3154
1,69,10,0,0,40.3101
1,70,10,0,0,40.3052
1,71,10,0,0,40.3005
1,72,10,0,0,40.2962
1,73,10,0,0,40.2922
1,74,10,0,0,40.2885
1,75,10,0,0,40.285
1,76,10,0,0,40.2819
1,77,10,0,0,40.2789
1,78,10,0,0,40.2762
1,79,10,0,0,40.2736
1,80,10,0,0,40.2712
1,81,10,0,0,40.2689
1,82,10,0,0,40.2667
1,83,10,0,0,40.2646
1,84,10,0,0,40.2626
1,85,10,0,0,40.2607
1,86,10,0,0,40.2588
1,87,10,0,0,40.257
1,88,10,0,0,40.2553
1,89,10,0,0,40.2537
1,90,10,0,0,40.2521
1,91,10,0,0,40.2506
1,92,10,0,0,40.2492
1,93,10,0,0,40.2478
1,94,10,0,0,40.2464
1,95,10,0,0,40.2451
1,96,10,0,0,40.2439
1,97,10,0,0,40.2427
1,98,10,0,0,40.2416
1,99,10,0,0,40.2406
1,100,10,0,0,40.2398
1,101,10,0,0,40.2391
1,102,10,0,0,40.2385
1,103,10,0,0,40.2381
1,104,10,0,0,40.2377
1,105,10,0,0,40.2373
1,106,10,0,0,40.237
1,107,10,0,0,40.2368
1,108,10,0,0,40.2365
1,109,10,0,0,40.2362
1,110,10,0,0,40.2359
1,111,10,0,0,40.2356
1,112,10,0,0,40.2352
1,113,10,0,0,40.2348
1,114,10,0,0,40.2344
1,115,10,0,0,40.2339
1,116,10,0,0,40.2334
1,117,10,0,0,40.2328
1,118,10,0,0,40.2322
1,119,10,0,0,40.2316
1,120,10,0,0,40.2309
1,121,10,0,0,40.2302
1,122,10,0,0,40.2295
1,123,10,0,0,40.2288
1,124,10,0,0,40.2282
1,125,10,0,0,40.2276
1,126,10,0,0,40.2271
1,127,10,0,0,40.2268
1,0,11,0,1.68188e-05,44.3334
1,1,11,0,0,44.2715
1,2,11,0,0,44.1833
1,3,11,0,0,44.0726
1,4,11,0,0,43.9435
1,5,11,0,0,43.8004
1,6,11,0,0,43.6474
1,7,11,0,0,43.4882
1,8,11,0,0,43.3263
1,9,11,0,0,43.1641
1,10,11,0,0,43.0041
1,11,11,0,0,42.8476
1,12,11,0,0,42.6961
1,13,11,0,0,42.5503
1,14,11,0,0,42.4109
1,15,11,0,0,42.2781
1,16,11,0,0,42.1521
1,17,11,0,0,42.033
1,18,11,0,0,41.9206
1,19,11,0,0,41.8148
1,20,11,0,0,41.7153
1,21,11,0,0,41.6218
1,22,11,0,0,41.534
1,23,11,0,0,41.4517
1,24,11,0,0,41.3745
1,25,11,0,0,41.3022
1,26,11,0,0,41.2344
1,27,11,0,0,41.1709
1,28,11,0,0,41.1114
1,29,11,0,0,41.0557
1,30,11,0,0,41.0036
1,31,11,0,0,40.9547
1,32,11,0,0,40.9089
1,33,11,0,0,40.8661
1,34,11,0,0,40.826
1,35,11,0,0,40.7884
1,36,11,0,0,40.7533
1,37,11,0,0,40.7204
1,38,11,0,0,40.6897
1,39,11,0,0,40.661
1,40,11,0,0,40.6342
1,41,11,0,0,40.6092
1,42,11,0,0,40.5859
1,43,11,0,0,40.5642
1,44,11,0,0,40.5439
1,45,11,0,0,40.525
1,46,11,0,0,40.5073
1,47,11,0,0,40.4908
1,48,11,0,0,40.4754
1,49,11,0,0,40.4611
1,50,11,0,0,40.4478
1,51,11,0,0,40.4354
1,52,11,0,0,40.424
1,53,11,0,0,40.4134
1,54,11,0,0,40.4036
1,55,11,0,0,40.3946
1,56,11,0,0,40.3862
1,57,11,0,0,40.3785
1,58,11,0,0,40.3713
1,59,11,0,0,40.3647
1,60,11,0,0,40.3586
1,61,11,0,0,40.3529
1,62,11,0,0,40.3478
1,63,11,0,0,40.343
1,64,11,0,1.68188e-05,40.3388
1,65,11,0,0,40.3322
1,66,11,0,0,40.3259
1,67,11,0,0,40.3201
1,68,11,0,0,40.3145
1,69,11,0,0,40.3093
1,70,11,0,0,40.3044
1,71,11,0,0,40.2998
1,72,11,0,0,40.2955
1,73,11,0,0,40.2915
1,74,11,0,0,40.2878
1,75,11,0,0,40.2844
1,76,11,0,0,40.2812
1,77,11,0,0,40.2783
1,78,11,0,0,40.2757
1,79,11,0,0,40.2731
1,80,11,0,0,40.2708
1,81,11,0,0,40.2685
1,82,11,0,0,40.2664
1,83,11,0,0,40.2643
1,84,11,0,0,40.2622
1,85,11,0,0,40.2603
1,86,11,0,0,40.2584
1,87,11,0,0,40.2566
1,88,11,0,0,40.2549
1,89,11,0,0,40.2533
1,90,11,0,0,40.2518
1,91,11,0,0,40.2504
1,92,11,0,0,40.249
1,93,11,0,0,40.2476
1,94,11,0,0,40.2463
1,95,11,0,0,40.2449
1,96,11,0,0,40.2437
1,97,11,0,0,40.2424
1,98,11,0,0,40.2413
1,99,11,0,0,40.2403
1,100,11,0,0,40.2395
1,101,11,0,0,40.2387
1,102,11,0,0,40.2381
1,103,11,0,0,40.2377
1,104,11,0,0,40.2373
1,105,11,0,0,40.2369
1,106,11,0,0,40.2366
1,107,11,0,0,40.2364
1,108,11,0,0,40.2361
1,109,11,0,0,40.2358
1,110,11,0,0,40.2354
1,111,11,0,0,40.235
1,112,11,0,0,40.2346
1,113,11,0,0,40.2342
1,114,11,0,0,40.2337
1,115,11,0,0,40.2332
1,116,11,0,0,40.2327
1,117,11,0,0,40.232
1,118,11,0,0,40.2313
1,119,11,0,0,40.2305
1,120,11,0,0,40.2298
1,121,11,0,0,40.229
1,122,11,0,0,40.2282
1,123,11,0,0,40.2274
1,124,11,0,0,40.2267
1,125,11,0,0,40.2261
1,126,11,0,0,40.2255
1,127,11,0,0,40.2251
1,0,12,0,1.68188e-05,43.9756
1,1,12,0,0,43.9242
1,2,12,0,0,43.8511
1,3,12,0,0,43.7587
1,4,12,0,0,43.6502
1,5,12,0,0,43.529
1,6,12,0,0,43.3982
1,7,12,0,0,43.261
1,8,12,0,0,43.1201
1,9,12,0,0,42.9779
1,10,12,0,0,42.8363
1,11,12,0,0,42.6969
1,12,12,0,0,42.5608
1,13,12,0,0,42.4291
1,14,12,0,0,42.3022
1,15,12,0,0,42.1807
1,16,12,0,0,42.0649
1,17,12,0,0,41.9549
1,18,12,0,0,41.8506
1,19,12,0,0,41.7521
1,20,12,0,0,41.659
1,21,12,0,0,41.5713
1,22,12,0,0,41.4887
1,23,12,0,0,41.411
1,24,12,0,0,41.3378
1,25,12,0,0,41.2691
1,26,12,0,0,41.2045
1,27,12,0,0,41.144
1,28,12,0,0,41.0871
1,29,12,0,0,41.0337
1,30,12,0,0,40.9836
1,31,12,0,0,40.9366
1,32,12,0,0,40.8925
1,33,12,0,0,40.851
1,34,12,0,0,40.8122
1,35,12,0,0,40.7758
1,36,12,0,0,40.7417
1,37,12,0,0,40.7097
1,38,12,0,0,40.6799
1,39,12,0,0,40.652
1,40,12,0,0,40.6259
1,41,12,0,0,40.6016
1,42,12,0,0,40.5789
1,43,12,0,0,40.5578
1,44,12,0,0,40.538
1,45,12,0,0,40.5196
1,46,12,0,0,40.5024
1,47,12,0,0,40.4863
1,48,12,0,0,40.4713
1,49,12,0,0,40.4573
1,50,12,0,0,40.4442
1,51,12,0,0,40.4321
1,52,12,0,0,40.421
1,53,12,0,0,40.4107
1,54,12,0,0,40.4012
1,55,12,0,0,40.3925
1,56,12,0,0,40.3845
1,57,12,0,0,40.377
1,58,12,0,0,40.37
1,59,12,0,0,40.3636
1,60,12,0,0,40.3576
1,61,12,0,0,40.3521
1,62,12,0,0,40.3471
1,63,12,0,0,40.3426
1,64,12,0,1.68188e-05,40.3385
1,65,12,0,0,40.332
1,66,12,0,0,40.3258
1,67,12,0,0,40.32
1,68,12,0,0,40.3145
1,69,12,0,0,40.3094
1,70,12,0,0,40.3045
1,71,12,0,0,40.2998
1,72,12,0,0,40.2955
1,73,12,0,0,40.2915
1,74,12,0,0,40.2878
1,75,12,0,0,40.2844
1,76,12,0,0,40.2814
1,77,12,0,0,40.2786
1,78,12,0,0,40.276
1,79,12,0,0,40.2735
1,80,12,0,0,40.2712
1,81,12,0,0,40.269
1,82,12,0,0,40.2669
1,83,12,0,0,40.2648
1,84,12,0,0,40.2628
1,85,12,0,0,40.2607
1,86,12,0,0,40.2588
1,87,12,0,0,40.257
1,88,12,0,0,40.2553
1,89,12,0,0,40.2537
1,90,12,0,0,40.2523
1,91,12,0,0,40.251
1,92,12,0,0,40.2497
1,93,12,0,0,40.2483
1,94,12,0,0,40.247
1,95,12,0,0,40.2456
1,96,12,0,0,40.2443
1,97,12,0,0,40.243
1,98,12,0,0,40.2418
1,99,12,0,0,40.2408
1,100,12,0,0,40.2398
1,101,12,0,0,40.2391
1,102,12,0,0,40.2385
1,103,12,0,0,40.2381
1,104,12,0,0,40.2377
1,105,12,0,0,40.2374
1,106,12,0,0,40.2371
1,107,12,0,0,40.2368
1,108,12,0,0,40.2366
1,109,12,0,0,40.2362
1,110,12,0,0,40.2358
1,111,12,0,0,40.2354
1,112,12,0,0,40.2349
1,113,12,0,0,40.2345
1,114,12,0,0,40.234
1,115,12,0,0,40.2335
1,116,12,0,0,40.2328
1,117,12,0,0,40.2321
1,118,12,0,0,40.2313
1,119,12,0,0,40.2304
1,120,12,0,0,40.2295
1,121,12,0,0,40.2286
1,122,12,0,0,40.2277
1,123,12,0,0,40.2269
1,124,12,0,0,40.226
1,125,12,0,0,40.2252
1,126,12,0,0,40.2246
1,127,12,0,0,40.224
1,0,13,0,1.68188e-05,43.6572
1,1,13,0,0,43.6144
1,2,13,0,0,43.5532
1,3,13,0,0,43.4756
1,4,13,0,0,43.384
1,5,13,0,0,43.2808
1,6,13,0,0,43.1685
1,7,13,0,0,43.0499
1,8,13,0,0,42.9271
1,9,13,0,0,42.8022
1,10,13,0,0,42.6769
1,11,13,0,0,42.5527
1,12,13,0,0,42.4306
1,13,13,0,0,42.3117
1,14,13,0,0,42.1965
1,15,13,0,0,42.0856
1,16,13,0,0,41.9793
1,17,13,0,0,41.8779
1,18,13,0,0,41.7814
1,19,13,0,0,41.6899
1,20,13,0,0,41.6032
1,21,13,0,0,41.5212
1,22,13,0,0,41.4437
1,23,13,0,0,41.3704
1,24,13,0,0,41.3013
1,25,13,0,0,41.2362
1,26,13,0,0,41.1749
1,27,13,0,0,41.1172
1,28,13,0,0,41.063
1,29,13,0,0,41.012
1,30,13,0,0,40.964
1,31,13,0,0,40.9188
1,32,13,0,0,40.8763
1,33,13,0,0,40.8363
1,34,13,0,0,40.7988
1,35,13,0,0,40.7635
1,36,13,0,0,40.7305
1,37,13,0,0,40.6995
1,38,13,0,0,40.6704
1,39,13,0,0,40.6433
1,40,13,0,0,40.618
1,41,13,0,0,40.5944
1,42,13,0,0,40.5724
1,43,13,0,0,40.5518
1,44,13,0,0,40.5327
1,45,13,0,0,40.5148
1,46,13,0,0,40.4981
1,47,13,0,0,40.4825
1,48,13,0,0,40.4679
1,49,13,0,0,40.4541
1,50,13,0,0,40.4413
1,51,13,0,0,40.4295
1,52,13,0,0,40.4186
1,53,13,0,0,40.4087
1,54,13,0,0,40.3996
1,55,13,0,0,40.3912
1,56,13,0,0,40.3835
1,57,13,0,0,40.3763
1,58,13,0,0,40.3695
1,59,13,0,0,40.3633
1,60,13,0,0,40.3575
1,61,13,0,0,40.3522
1,62,13,0,0,40.3473
1,63,13,0,0,40.343
1,64,13,0,1.68188e-05,40.339
1,65,13,0,0,40.3327
1,66,13,0,0,40.3266
1,67,13,0,0,40.3209
1,68,13,0,0,40.3154
1,69,13,0,0,40.3103
1,70,13,0,0,40.3054
1,71,13,0,0,40.3007
1,72,13,0,0,40.2962
1,73,13,0,0,40.2922
1,74,13,0,0,40.2886
1,75,13,0,0,40.2853
1,76,13,0,0,40.2823
1,77,13,0,0,40.2796
1,78,13,0,0,40.2772
1,79,13,0,0,40.2748
1,80,13,0,0,40.2726
1,81,13,0,0,40.2705
1,82,13,0,0,40.2684
1,83,13,0,0,40.2663
1,84,13,0,0,40.2642
1,85,13,0,0,40.2621
1,86,13,0,0,40.2601
1,87,13,0,0,40.2582
1,88,13,0,0,40.2565
1,89,13,0,0,40.255
1,90,13,0,0,40.2537
1,91,13,0,0,40.2525
1,92,13,0,0,40.2513
1,93,13,0,0,40.25
1,94,13,0,0,40.2486
1,95,13,0,0,40.2472
1,96,13,0,0,40.2458
1,97,13,0,0,40.2444
1,98,13,0,0,40.2431
1,99,13,0,0,40.2419
1,100,13,0,0,40.2409
1,101,13,0,0,40.2402
1,102,13,0,0,40.2396
1,103,13,0,0,40.2393
1,104,13,0,0,40.239
1,105,13,0,0,40.2387
1,106,13,0,0,40.2384
1,107,13,0,0,40.2382
1,108,13,0,0,40.238
1,109,13,0,0,40.2377
1,110,13,0,0,40.2372
1,111,13,0,0,40.2367
1,112,13,0,0,40.2361
1,113,13,0,0,40.2356
1,114,13,0,0,40.2352
1,115,13,0,0,40.2347
1,116,13,0,0,40.234
1,117,13,0,0,40.2332
1,118,13,0,0,40.2322
1,119,13,0,0,40.2311
1,120,13,0,0,40.2301
1,121,13,0,0,40.2291
1,122,13,0,0,40.2281
1,123,13,0,0,40.2271
1,124,13,0,0,40.2261
1,125,13,0,0,40.2252
1,126,13,0,0,40.2243
1,127,13,0,0,40.2236
1,0,14,0,1.68188e-05,43.3729
1,1,14,0,0,43.3369
1,2,14,0,0,43.2855
1,3,14,0,0,43.2201
1,4,14,0,0,43.1423
1,5,14,0,0,43.054
1,6,14,0,0,42.9573
1,7,14,0,0,42.8544
1,8,14,0,0,42.7472
1,9,14,0,0,42.6373
1,10,14,0,0,42.5263
1,11,14,0,0,42.4156
1,12,14,0,0,42.3062
1,13,14,0,0,42.1988
1,14,14,0,0,42.0943
1,15,14,0,0,41.9931
1,16,14,0,0,41.8958
1,17,14,0,0,41.8026
1,18,14,0,0,41.7136
1,19,14,0,0,41.6289
1,20,14,0,0,41.5482
1,21,14,0,0,41.4718
1,22,14,0,0,41.3993
1,23,14,0,0,41.3306
1,24,14,0,0,41.2654
1,25,14,0,0,41.2037
1,26,14,0,0,41.1456
1,27,14,0,0,41.0909
1,28,14,0,0,41.0393
1,29,14,0,0,40.9907
1,30,14,0,0,40.9448
1,31,14,0,0,40.9015
1,32,14,0,0,40.8607
1,33,14,0,0,40.8221
1,34,14,0,0,40.7857
1,35,14,0,0,40.7517
1,36,14,0,0,40.7197
1,37,14,0,0,40.6896
1,38,14,0,0,40.6614
1,39,14,0,0,40.635
1,40,14,0,0,40.6105
1,41,14,0,0,40.5876
1,42,14,0,0,40.5663
1,43,14,0,0,40.5465
1,44,14,0,0,40.5279
1,45,14,0,0,40.5106
1,46,14,0,0,40.4944
1,47,14,0,0,40.4793
1,48,14,0,0,40.4651
1,49,14,0,0,40.4517
1,50,14,0,0,40.439
1,51,14,0,0,40.4273
1,52,14,0,0,40.4167
1,53,14,0,0,40.4072
1,54,14,0,0,40.3986
1,55,14,0,0,40.3907
1,56,14,0,0,40.3833
1,57,14,0,0,40.3765
1,58,14,0,0,40.37
1,59,14,0,0,40.3638
1,60,14,0,0,40.3582
1,61,14,0,0,40.353
1,62,14,0,0,40.3484
1,63,14,0,0,40.3442
1,64,14,0,1.68188e-05,40.3405
1,65,14,0,0,40.3343
1,66,14,0,0,40.3283
1,67,14,0,0,40.3226
1,68,14,0,0,40.3172
1,69,14,0,0,40.3121
1,70,14,0,0,40.3072
1,71,14,0,0,40.3023
1,72,14,0,0,40.2977
1,73,14,0,0,40.2936
1,74,14,0,0,40.2901
1,75,14,0,0,40.2869
1,76,14,0,0,40.284
1,77,14,0,0,40.2815
1,78,14,0,0,40.2793
1,79,14,0,0,40.277
1,80,14,0,0,40.2749
1,81,14,0,0,40.2729
1,82,14,0,0,40.271
1,83,14,0,0,40.2689
1,84,14,0,0,40.2666
1,85,14,0,0,40.2643
1,86,14,0,0,40.2622
1,87,14,0,0,40.2603
1,88,14,0,0,40.2586
1,89,14,0,0,40.2571
1,90,14,0,0,40.2559
1,91,14,0,0,40.2549
1,92,14,0,0,40.254
1,93,14,0,0,40.2527
1,94,14,0,0,40.2513
1,95,14,0,0,40.2497
1,96,14,0,0,40.2482
1,97,14,0,0,40.2467
1,98,14,0,0,40.2452
1,99,14,0,0,40.2438
1,100,14,0,0,40.2427
1,101,14,0,0,40.242
1,102,14,0,0,40.2415
1,103,14,0,0,40.2413
1,104,14,0,0,40.2411
1,105,14,0,0,40.2408
1,106,14,0,0,40.2407
1,107,14,0,0,40.2405
1,108,14,0,0,40.2405
1,109,14,0,0,40.2402
1,110,14,0,0,40.2396
1,111,14,0,0,40.2389
1,112,14,0,0,40.2382
1,113,14,0,0,40.2376
1,114,14,0,0,40.2372
1,115,14,0,0,40.2369
1,116,14,0,0,40.2363
1,117,14,0,0,40.2354
1,118,14,0,0,40.234
1,119,14,0,0,40.2327
1,120,14,0,0,40.2315
1,121,14,0,0,40.2304
1,122,14,0,0,40.2293
1,123,14,0,0,40.2282
1,124,14,0,0,40.227
1,125,14,0,0,40.2258
1,126,14,0,0,40.2247
1,127,14,0,0,40.2237
1,0,15,0,1.68188e-05,43.118
1,1,15,0,0,43.0877
1,2,15,0,0,43.0443
1,3,15,0,0,42.9892
1,4,15,0,0,42.9229
1,5,15,0,0,42.8473
1,6,15,0,0,42.7634
1,7,15,0,0,42.6737
1,8,15,0,0,42.5801
1,9,15,0,0,42.4833
1,10,15,0,0,42.3845
1,11,15,0,0,42.286
1,12,15,0,0,42.188
1,13,15,0,0,42.0911
1,14,15,0,0,41.9963
1,15,15,0,0,41.9039
1,16,15,0,0,41.8149
1,17,15,0,0,41.7293
1,18,15,0,0,41.6474
1,19,15,0,0,41.5695
1,20,15,0,0,41.4945
1,21,15,0,0,41.4235
1,22,15,0,0,41.3562
1,23,15,0,0,41.2918
1,24,15,0,0,41.2302
1,25,15,0,0,41.1718
1,26,15,0,0,41.1169
1,27,15,0,0,41.0652
1,28,15,0,0,41.0163
1,29,15,0,0,40.9701
1,30,15,0,0,40.9263
1,31,15,0,0,40.885
1,32,15,0,0,40.8457
1,33,15,0,0,40.8084
1,34,15,0,0,40.7731
1,35,15,0,0,40.7404
1,36,15,0,0,40.7097
1,37,15,0,0,40.6802
1,38,15,0,0,40.6527
1,39,15,0,0,40.6271
1,40,15,0,0,40.6036
1,41,15,0,0,40.5814
1,42,15,0,0,40.5608
1,43,15,0,0,40.5417
1,44,15,0,0,40.5239
1,45,15,0,0,40.507
1,46,15,0,0,40.4914
1,47,15,0,0,40.4769
1,48,15,0,0,40.4634
1,49,15,0,0,40.45
1,50,15,0,0,40.4372
1,51,15,0,0,40.4257
1,52,15,0,0,40.4153
1,53,15,0,0,40.4064
1,54,15,0,0,40.3983
1,55,15,0,0,40.391
1,56,15,0,0,40.3842
1,57,15,0,0,40.3777
1,58,15,0,0,40.3714
1,59,15,0,0,40.3652
1,60,15,0,0,40.3598
1,61,15,0,0,40.3545
1,62,15,0,0,40.3502
1,63,15,0,0,40.3464
1,64,15,0,1.68188e-05,40.3429
1,65,15,0,0,40.337
1,66,15,0,0,40.3311
1,67,15,0,0,40.3251
1,68,15,0,0,40.3198
1,69,15,0,0,40.3151
1,70,15,0,0,40.3101
1,71,15,0,0,40.3049
1,72,15,0,0,40.2997
1,73,15,0,0,40.2955
1,74,15,0,0,40.2924
1,75,15,0,0,40.2892
1,76,15,0,0,40.2865
1,77,15,0,0,40.2842
1,78,15,0,0,40.2825
1,79,15,0,0,40.28
1,80,15,0,0,40.278
1,81,15,0,0,40.2763
1,82,15,0,0,40.2747
1,83,15,0,0,40.2726
1,84,15,0,0,40.2701
1,85,15,0,0,40.2674
1,86,15,0,0,40.2651
1,87,15,0,0,40.2632
1,88,15,0,0,40.2613
1,89,15,0,0,40.2598
1,90,15,0,0,40.259
1,91,15,0,0,40.2583
1,92,15,0,0,40.258
1,93,15,0,0,40.2567
1,94,15,0,0,40.255
1,95,15,0,0,40.2532
1,96,15,0,0,40.2515
1,97,15,0,0,40.2498
1,98,15,0,0,40.2481
1,99,15,0,0,40.2464
1,100,15,0,0,40.2451
1,101,15,0,0,40.2444
1,102,15,0,0,40.2441
1,103,15,0,0,40.2442
1,104,15,0,0,40.2442
1,105,15,0,0,40.2438
1,106,15,0,0,40.2438
1,107,15,0,0,40.2437
1,108,15,0,0,40.2441
1,109,15,0,0,40.2438
1,110,15,0,0,40.2429
1,111,15,0,0,40.2421
1,112,15,0,0,40.2411
1,113,15,0,0,40.2404
1,114,15,0,0,40.2402
1,115,15,0,0,40.2403
1,116,15,0,0,40.2398
1,117,15,0,0,40.2388
1,118,15,0,0,40.2366
1,119,15,0,0,40.2351
1,120,15,0,0,40.2337
1,121,15,0,0,40.2327
1,122,15,0,0,40.2314
1,123,15,0,0,40.2301
1,124,15,0,0,40.2288
1,125,15,0,0,40.2274
1,126,15,0,0,40.2257
1,127,15,0,0,40.2242
1,0,16,0,3.82387e-05,42.8887
1,1,16,0,2.142e-05,42.8633
1,2,16,0,1.572e-05,42.8263
1,3,16,0,4.7865e-05,42.7806
1,4,16,0,3.858e-05,42.7239
1,5,16,0,5.856e-05,42.6594
1,6,16,0,2.43e-05,42.5854
1,7,16,0,1.428e-05,42.5068
1,8,16,0,5.004e-05,42.4256
1,9,16,0,6.645e-05,42.3404
1,10,16,0,1.572e-05,42.2511
1,11,16,0,4.9995e-05,42.1641
1,12,16,0,5.1435e-05,42.0766
1,13,16,0,3.91275e-05,41.9888
1,14,16,0,4.33875e-05,41.9029
1,15,16,0,2.10825e-05,41.8182
1,16,16,0,2.142e-05,41.7368
1,17,16,0,3.7875e-05,41.6586
1,18,16,0,1.572e-05,41.5829
1,19,16,0,7.503e-05,41.5129
1,20,16,0,2.073e-05,41.442
1,21,16,0,2.43e-05,41.3765
1,22,16,0,5.3205e-05,41.3148
1,23,16,0,4.998e-05,41.2546
1,24,16,0,3.714e-05,41.1961
1,25,16,0,3.144e-05,41.1407
1,26,16,0,3.30225e-05,41.0888
1,27,16,0,5.05275e-05,41.0403
1,28,16,0,4.17825e-05,40.9941
1,29,16,0,4.73025e-05,40.9504
1,30,16,0,4.002e-05,40.9084
1,31,16,0,5.10975e-05,40.8695
1,32,16,0,4.33875e-05,40.8317
1,33,16,0,3.98175e-05,40.7955
1,34,16,0,1.572e-05,40.7606
1,35,16,0,3.858e-05,40.7298
1,36,16,0,5.643e-05,40.7008
1,37,16,0,3e-05,40.6713
1,38,16,0,1.73175e-05,40.6443
1,39,16,0,1.428e-05,40.6194
1,40,16,0,4.80525e-05,40.5975
1,41,16,0,2.2155e-05,40.5754
1,42,16,0,4.002e-05,40.5559
1,43,16,0,3.714e-05,40.5376
1,44,16,0,4.51725e-05,40.5206
1,45,16,0,2.856e-05,40.5041
1,46,16,0,4.002e-05,40.4891
1,47,16,0,4.002e-05,40.4754
1,48,16,0,6.738e-05,40.463
1,49,16,0,4.2135e-05,40.4493
1,50,16,0,2.142e-05,40.4358
1,51,16,0,2.91075e-05,40.4243
1,52,16,0,1.734e-05,40.414
1,53,16,0,3.288e-05,40.4061
1,54,16,0,2.286e-05,40.3986
1,55,16,0,4.19475e-05,40.3924
1,56,16,0,3.858e-05,40.386
1,57,16,0,5.17875e-05,40.3801
1,58,16,0,5.856e-05,40.3741
1,59,16,0,2.142e-05,40.367
1,60,16,0,6.9675e-05,40.3629
1,61,16,0,8.58e-06,40.3562
1,62,16,0,4.12575e-05,40.353
1,63,16,0,4.716e-05,40.3498
1,64,16,0,4.82588e-05,40.3461
1,65,16,0,4.86e-05,40.3412
1,66,16,0,5.286e-05,40.3352
1,67,16,0,1.785e-05,40.3281
1,68,16,0,2.8215e-05,40.3231
1,69,16,0,5.43e-05,40.3194
1,70,16,0,6.288e-05,40.3146
1,71,16,0,4.716e-05,40.3086
1,72,16,0,1.2495e-05,40.3018
1,73,16,0,0,40.2975
1,74,16,0,4.929e-05,40.2959
1,75,16,0,1.428e-05,40.292
1,76,16,0,3.306e-05,40.2896
1,77,16,0,2.6775e-05,40.2875
1,78,16,0,7.428e-05,40.2874
1,79,16,0,2.574e-05,40.2838
1,80,16,0,3.2145e-05,40.2819
1,81,16,0,3.858e-05,40.2808
1,82,16,0,6.303e-05,40.2801
1,83,16,0,6.714e-05,40.2779
1,84,16,0,5.0715e-05,40.2747
1,85,16,0,3.714e-05,40.2712
1,86,16,0,3.594e-05,40.2687
1,87,16,0,4.28625e-05,40.2671
1,88,16,0,3.01725e-05,40.2647
1,89,16,0,1.716e-05,40.2627
1,90,16,0,3.858e-05,40.2629
1,91,16,0,2.6775e-05,40.2624
1,92,16,0,8.19675e-05,40.2639
1,93,16,0,5.53725e-05,40.262
1,94,16,0,4.716e-05,40.2598
1,95,16,0,3.714e-05,40.2575
1,96,16,0,4.7895e-05,40.2559
1,97,16,0,4.60875e-05,40.2539
1,98,16,0,4.002e-05,40.2519
1,99,16,0,2.7855e-05,40.2496
1,100,16,0,1.6425e-05,40.2478
1,101,16,0,2.96325e-05,40.2474
1,102,16,0,2.286e-05,40.2473
1,103,16,0,3.858e-05,40.2481
1,104,16,0,6.594e-05,40.2488
1,105,16,0,2.91075e-05,40.2475
1,106,16,0,4.359e-05,40.2478
1,107,16,0,2.286e-05,40.2474
1,108,16,0,6.59025e-05,40.2493
1,109,16,0,6.2325e-05,40.2493
1,110,16,0,2.51925e-05,40.247
1,111,16,0,4.572e-05,40.2464
1,112,16,0,2.574e-05,40.2447
1,113,16,0,1.428e-05,40.2435
1,114,16,0,3e-05,40.2439
1,115,16,0,6.144e-05,40.2453
1,116,16,0,5.736e-05,40.2449
1,117,16,0,8.64525e-05,40.2445
1,118,16,0,5.715e-06,40.2395
1,119,16,0,4.86e-05,40.2383
1,120,16,0,1.572e-05,40.2362
1,121,16,0,4.86e-05,40.2364
1,122,16,0,1.428e-05,40.2343
1,123,16,0,2.23125e-05,40.2329
1,124,16,0,1.9995e-05,40.2317
1,125,16,0,2.73225e-05,40.2301
1,126,16,0,2.142e-05,40.2274
1,127,16,0,1.572e-05,40.2251
1,0,17,0,4.25287e-05,42.6793
1,1,17,0,3.26775e-05,42.6575
1,2,17,0,7.14e-06,42.6249
1,3,17,0,4.3575e-05,42.5857
1,4,17,0,1.69575e-05,42.5363
1,5,17,0,5.856e-05,42.4814
1,6,17,0,4.17975e-05,42.4177
1,7,17,0,6.594e-05,42.3495
1,8,17,0,2.89275e-05,42.2755
1,9,17,0,2.643e-05,42.1993
1,10,17,0,3e-05,42.1211
1,11,17,0,1.53675e-05,42.0423
1,12,17,0,4.0005e-05,41.9643
1,13,17,0,2.553e-05,41.8854
1,14,17,0,3.08925e-05,41.8079
1,15,17,0,4.03575e-05,41.7321
1,16,17,0,5.28975e-05,41.6582
1,17,17,0,1.6425e-05,41.5849
1,18,17,0,3e-05,41.5159
1,19,17,0,3.357e-05,41.4499
1,20,17,0,2.643e-05,41.3859
1,21,17,0,6.1785e-05,41.3263
1,22,17,0,4.92975e-05,41.2679
1,23,17,0,6e-05,41.2119
1,24,17,0,5.00175e-05,41.1572
1,25,17,0,4.002e-05,41.1048
1,26,17,0,4.41375e-05,41.0556
1,27,17,0,1.66125e-05,41.0085
1,28,17,0,5.361e-05,40.9662
1,29,17,0,4.98375e-05,40.9245
1,30,17,0,2.856e-05,40.8842
1,31,17,0,4.323e-05,40.8474
1,32,17,0,4.8405e-05,40.812
1,33,17,0,5.30625e-05,40.7777
1,34,17,0,3.12375e-05,40.7441
1,35,17,0,2.43e-05,40.7135
1,36,17,0,5.01825e-05,40.6858
1,37,17,0,8.58e-06,40.6573
1,38,17,0,6.23175e-05,40.6334
1,39,17,0,3.144e-05,40.6085
1,40,17,0,2.19675e-05,40.5858
1,41,17,0,3.5025e-05,40.5652
1,42,17,0,1.572e-05,40.5453
1,43,17,0,3.144e-05,40.528
1,44,17,0,2.05275e-05,40.5113
1,45,17,0,5.43e-05,40.4967
1,46,17,0,1.716e-05,40.4808
1,47,17,0,3e-05,40.4675
1,48,17,0,2.142e-05,40.4548
1,49,17,0,4.107e-05,40.4431
1,50,17,0,2.982e-05,40.4305
1,51,17,0,8.0325e-06,40.4185
1,52,17,0,1.3935e-05,40.4091
1,53,17,0,2.787e-05,40.4016
1,54,17,0,4.716e-05,40.3952
1,55,17,0,4.66125e-05,40.3887
1,56,17,0,5.001e-05,40.3824
1,57,17,0,3.67725e-05,40.3757
1,58,17,0,3.5355e-05,40.3696
1,59,17,0,4.284e-05,40.3638
1,60,17,0,2.3205e-05,40.3584
1,61,17,0,5.718e-05,40.3546
1,62,17,0,3.44625e-05,40.3502
1,63,17,0,4.66125e-05,40.3472
1,64,17,0,4.96687e-05,40.3439
1,65,17,0,7.86e-05,40.3399
1,66,17,0,3.5355e-05,40.3329
1,67,17,0,5.75025e-05,40.3276
1,68,17,0,3.98175e-05,40.3217
1,69,17,0,4.998e-05,40.317
1,70,17,0,2.856e-05,40.3113
1,71,17,0,4.716e-05,40.3065
1,72,17,0,1.6065e-05,40.3007
1,73,17,0,5.0715e-05,40.298
1,74,17,0,3.5355e-05,40.2948
1,75,17,0,5.8215e-05,40.2922
1,76,17,0,2.91075e-05,40.2882
1,77,17,0,1.9635e-05,40.2855
1,78,17,0,4.66125e-05,40.2849
1,79,17,0,4.2135e-05,40.2827
1,80,17,0,4.6455e-05,40.2809
1,81,17,0,5.142e-05,40.2795
1,82,17,0,5.553e-05,40.2778
1,83,17,0,1.83975e-05,40.2742
1,84,17,0,4.75275e-05,40.2724
1,85,17,0,3.05475e-05,40.2691
1,86,17,0,2.17875e-05,40.2666
1,87,17,0,5.25e-05,40.2659
1,88,17,0,4.41075e-05,40.2638
1,89,17,0,2.142e-05,40.2617
1,90,17,0,6.144e-05,40.2623
1,91,17,0,3.3765e-05,40.261
1,92,17,0,4.09125e-05,40.2608
1,93,17,0,4.75275e-05,40.2598
1,94,17,0,3.96525e-05,40.2579
1,95,17,0,4.1445e-05,40.256
1,96,17,0,3.9285e-05,40.2539
1,97,17,0,2.39325e-05,40.2515
1,98,17,0,3.858e-05,40.2503
1,99,17,0,3.537e-05,40.2487
1,100,17,0,4.05525e-05,40.2475
1,101,17,0,2.17875e-05,40.2462
1,102,17,0,4.572e-05,40.2467
1,103,17,0,4.59225e-05,40.2468
1,104,17,0,1.58925e-05,40.2456
1,105,17,0,2.94525e-05,40.2457
1,106,17,0,4.785e-05,40.2464
1,107,17,0,3.57e-05,40.2461
1,108,17,0,3.12375e-05,40.2466
1,109,17,0,6.3375e-05,40.2477
1,110,17,0,4.48275e-05,40.2463
1,111,17,0,4.002e-05,40.2453
1,112,17,0,5.18175e-05,40.2448
1,113,17,0,4.32375e-05,40.2435
1,114,17,0,3.288e-05,40.2426
1,115,17,0,4.785e-05,40.2429
1,116,17,0,2.286e-05,40.2416
1,117,17,0,5.21475e-05,40.2414
1,118,17,0,4.59075e-05,40.2387
1,119,17,0,7.14e-06,40.2355
1,120,17,0,2.55375e-05,40.2348
1,121,17,0,4.16025e-05,40.2352
1,122,17,0,7.146e-05,40.2352
1,123,17,0,2.62575e-05,40.2327
1,124,17,0,7.1445e-05,40.2327
1,125,17,0,5.55375e-05,40.2302
1,126,17,0,1.428e-05,40.2261
1,127,17,0,2.9655e-05,40.2242
1,0,18,0,2.11088e-05,42.4864
1,1,18,0,4.4625e-06,42.4669
1,2,18,0,0,42.4388
1,3,18,0,0,42.4035
1,4,18,0,4.4625e-06,42.3608
1,5,18,0,0,42.3116
1,6,18,0,5.3625e-06,42.2563
1,7,18,0,0,42.1959
1,8,18,0,1.0725e-06,42.1313
1,9,18,0,0,42.0638
1,10,18,0,0,41.9945
1,11,18,0,3.2175e-06,41.9243
1,12,18,0,0,41.8536
1,13,18,0,5.3625e-06,41.783
1,14,18,0,0,41.7127
1,15,18,0,0,41.6437
1,16,18,0,4.4625e-06,41.5762
1,17,18,0,0,41.5098
1,18,18,0,0,41.4461
1,19,18,0,0,41.3848
1,20,18,0,0,41.3258
1,21,18,0,5.355e-06,41.2696
1,22,18,0,3.2175e-06,41.215
1,23,18,0,0,41.1624
1,24,18,0,4.4625e-06,41.1117
1,25,18,0,0,41.0629
1,26,18,0,0,41.0167
1,27,18,0,0,40.9729
1,28,18,0,7.5075e-06,40.9321
1,29,18,0,0,40.8925
1,30,18,0,0,40.8549
1,31,18,0,8.7525e-06,40.8199
1,32,18,0,1.53675e-05,40.7863
1,33,18,0,0,40.7532
1,34,18,0,4.4625e-06,40.7221
1,35,18,0,0,40.6928
1,36,18,0,6.2475e-06,40.6657
1,37,18,0,0,40.6395
1,38,18,0,8.925e-06,40.6157
1,39,18,0,0,40.5922
1,40,18,0,0,40.5705
1,41,18,0,0,40.5504
1,42,18,0,0,40.5317
1,43,18,0,0,40.5144
1,44,18,0,0,40.4983
1,45,18,0,0,40.4834
1,46,18,0,0,40.469
1,47,18,0,0,40.4558
1,48,18,0,0,40.4436
1,49,18,0,1.2495e-05,40.4326
1,50,18,0,1.59e-05,40.4214
1,51,18,0,0,40.4103
1,52,18,0,1.7505e-05,40.4015
1,53,18,0,3.57e-06,40.3929
1,54,18,0,0,40.3855
1,55,18,0,0,40.3788
1,56,18,0,4.29e-06,40.3725
1,57,18,0,0,40.3661
1,58,18,0,1.785e-06,40.3603
1,59,18,0,0,40.3548
1,60,18,0,0,40.3498
1,61,18,0,0,40.3456
1,62,18,0,0,40.3418
1,63,18,0,6.2475e-06,40.3387
1,64,18,0,2.11088e-05,40.3356
1,65,18,0,0,40.3302
1,66,18,0,1.785e-06,40.3245
1,67,18,0,7.5075e-06,40.3194
1,68,18,0,6.2475e-06,40.314
1,69,18,0,0,40.3087
1,70,18,0,0,40.3037
1,71,18,0,0,40.299
1,72,18,0,0,40.2947
1,73,18,0,1.7865e-05,40.292
1,74,18,0,5.355e-06,40.2884
1,75,18,0,8.925e-06,40.2853
1,76,18,0,8.925e-07,40.2819
1,77,18,0,3.57e-06,40.2793
1,78,18,0,6.2475e-06,40.2775
1,79,18,0,2.145e-06,40.2753
1,80,18,0,0,40.2732
1,81,18,0,0,40.2713
1,82,18,0,0,40.2693
1,83,18,0,4.4625e-06,40.267
1,84,18,0,3.2175e-06,40.2647
1,85,18,0,8.925e-07,40.2622
1,86,18,0,1.0725e-06,40.2601
1,87,18,0,3.2175e-06,40.2586
1,88,18,0,0,40.2568
1,89,18,0,0,40.2553
1,90,18,0,0,40.2547
1,91,18,0,8.04e-06,40.254
1,92,18,0,0,40.2529
1,93,18,0,0,40.2518
1,94,18,0,7.5075e-06,40.2506
1,95,18,0,5.715e-06,40.2489
1,96,18,0,0,40.2469
1,97,18,0,0,40.2451
1,98,18,0,0,40.2438
1,99,18,0,5.355e-06,40.2427
1,100,18,0,4.4625e-06,40.2416
1,101,18,0,0,40.2405
1,102,18,0,0,40.2402
1,103,18,0,2.6775e-06,40.2401
1,104,18,0,6.9675e-06,40.2397
1,105,18,0,0,40.2393
1,106,18,0,0,40.2392
1,107,18,0,0,40.2391
1,108,18,0,0,40.2392
1,109,18,0,0,40.2393
1,110,18,0,0,40.2387
1,111,18,0,0,40.2382
1,112,18,0,1.39425e-05,40.2381
1,113,18,0,5.3625e-06,40.2369
1,114,18,0,0,40.2359
1,115,18,0,3.57e-06,40.2354
1,116,18,0,0,40.2343
1,117,18,0,0,40.2333
1,118,18,0,2.6775e-06,40.2318
1,119,18,0,0,40.23
1,120,18,0,4.4625e-06,40.2292
1,121,18,0,2.6775e-06,40.2286
1,122,18,0,0,40.2278
1,123,18,0,4.29e-06,40.2266
1,124,18,0,0,40.2254
1,125,18,0,0,40.2236
1,126,18,0,0,40.2214
1,127,18,0,1.785e-06,40.2198
1,0,19,0,1.68188e-05,42.3107
1,1,19,0,0,42.2933
1,2,19,0,0,42.2686
1,3,19,0,0,42.2373
1,4,19,0,0,42.1996
1,5,19,0,0,42.1562
1,6,19,0,0,42.1075
1,7,19,0,0,42.0542
1,8,19,0,0,41.9973
1,9,19,0,0,41.9376
1,10,19,0,0,41.8759
1,11,19,0,0,41.813
1,12,19,0,0,41.7494
1,13,19,0,0,41.6857
1,14,19,0,0,41.6222
1,15,19,0,0,41.5595
1,16,19,0,0,41.4978
1,17,19,0,0,41.4374
1,18,19,0,0,41.3788
1,19,19,0,0,41.3221
1,20,19,0,0,41.2674
1,21,19,0,0,41.2148
1,22,19,0,0,41.1639
1,23,19,0,0,41.1149
1,24,19,0,0,41.0676
1,25,19,0,0,41.0222
1,26,19,0,0,40.9789
1,27,19,0,0,40.9378
1,28,19,0,0,40.8988
1,29,19,0,0,40.8615
1,30,19,0,0,40.826
1,31,19,0,0,40.7924
1,32,19,0,0,40.7602
1,33,19,0,0,40.7293
1,34,19,0,0,40.7
1,35,19,0,0,40.6723
1,36,19,0,0,40.6462
1,37,19,0,0,40.6215
1,38,19,0,0,40.5983
1,39,19,0,0,40.5763
1,40,19,0,0,40.5556
1,41,19,0,0,40.5363
1,42,19,0,0,40.5183
1,43,19,0,0,40.5016
1,44,19,0,0,40.486
1,45,19,0,0,40.4714
1,46,19,0,0,40.4576
1,47,19,0,0,40.4448
1,48,19,0,0,40.4329
1,49,19,0,0,40.4218
1,50,19,0,0,40.4112
1,51,19,0,0,40.4012
1,52,19,0,0,40.3922
1,53,19,0,0,40.384
1,54,19,0,0,40.3765
1,55,19,0,0,40.3697
1,56,19,0,0,40.3634
1,57,19,0,0,40.3573
1,58,19,0,0,40.3517
1,59,19,0,0,40.3465
1,60,19,0,0,40.3418
1,61,19,0,0,40.3376
1,62,19,0,0,40.3339
1,63,19,0,0,40.3306
1,64,19,0,1.68188e-05,40.3275
1,65,19,0,0,40.322
1,66,19,0,0,40.3166
1,67,19,0,0,40.3114
1,68,19,0,0,40.3064
1,69,19,0,0,40.3014
1,70,19,0,0,40.2967
1,71,19,0,0,40.2924
1,72,19,0,0,40.2884
1,73,19,0,0,40.285
1,74,19,0,0,40.2817
1,75,19,0,0,40.2786
1,76,19,0,0,40.2755
1,77,19,0,0,40.2729
1,78,19,0,0,40.2707
1,79,19,0,0,40.2684
1,80,19,0,0,40.2663
1,81,19,0,0,40.2642
1,82,19,0,0,40.2622
1,83,19,0,0,40.26
1,84,19,0,0,40.2579
1,85,19,0,0,40.2557
1,86,19,0,0,40.2538
1,87,19,0,0,40.2521
1,88,19,0,0,40.2506
1,89,19,0,0,40.2492
1,90,19,0,0,40.2481
1,91,19,0,0,40.2471
1,92,19,0,0,40.246
1,93,19,0,0,40.2449
1,94,19,0,0,40.2436
1,95,19,0,0,40.2422
1,96,19,0,0,40.2406
1,97,19,0,0,40.2391
1,98,19,0,0,40.2379
1,99,19,0,0,40.2368
1,100,19,0,0,40.2358
1,101,19,0,0,40.235
1,102,19,0,0,40.2345
1,103,19,0,0,40.2341
1,104,19,0,0,40.2337
1,105,19,0,0,40.2333
1,106,19,0,0,40.2331
1,107,19,0,0,40.2329
1,108,19,0,0,40.2328
1,109,19,0,0,40.2326
1,110,19,0,0,40.2321
1,111,19,0,0,40.2316
1,112,19,0,0,40.2312
1,113,19,0,0,40.2303
1,114,19,0,0,40.2295
1,115,19,0,0,40.2287
1,116,19,0,0,40.2278
1,117,19,0,0,40.2268
1,118,19,0,0,40.2256
1,119,19,0,0,40.2244
1,120,19,0,0,40.2234
1,121,19,0,0,40.2226
1,122,19,0,0,40.2217
1,123,19,0,0,40.2207
1,124,19,0,0,40.2196
1,125,19,0,0,40.2182
1,126,19,0,0,40.2168
1,127,19,0,0,40.2157
1,0,20,0,1.68188e-05,42.1508
1,1,20,0,0,42.1352
1,2,20,0,0,42.1133
1,3,20,0,0,42.0856
1,4,20,0,0,42.0522
1,5,20,0,0,42.0138
1,6,20,0,0,41.9707
1,7,20,0,0,41.9236
1,8,20,0,0,41.8732
1,9,20,0,0,41.8201
1,10,20,0,0,41.7651
1,11,20,0,0,41.7088
1,12,20,0,0,41.6516
1,13,20,0,0,41.5941
1,14,20,0,0,41.5366
1,15,20,0,0,41.4796
1,16,20,0,0,41.4234
1,17,20,0,0,41.3682
1,18,20,0,0,41.3144
1,19,20,0,0,41.2621
1,20,20,0,0,41.2114
1,21,20,0,0,41.1624
1,22,20,0,0,41.1151
1,23,20,0,0,41.0694
1,24,20,0,0,41.0253
1,25,20,0,0,40.983
1,26,20,0,0,40.9424
1,27,20,0,0,40.9037
1,28,20,0,0,40.8668
1,29,20,0,0,40.8316
1,30,20,0,0,40.798
1,31,20,0,0,40.7661
1,32,20,0,0,40.7356
1,33,20,0,0,40.7064
1,34,20,0,0,40.6787
1,35,20,0,0,40.6524
1,36,20,0,0,40.6276
1,37,20,0,0,40.6041
1,38,20,0,0,40.582
1,39,20,0,0,40.561
1,40,20,0,0,40.5413
1,41,20,0,0,40.5228
1,42,20,0,0,40.5055
1,43,20,0,0,40.4894
1,44,20,0,0,40.4743
1,45,20,0,0,40.4601
1,46,20,0,0,40.4469
1,47,20,0,0,40.4345
1,48,20,0,0,40.4229
1,49,20,0,0,40.4121
1,50,20,0,0,40.4019
1,51,20,0,0,40.3924
1,52,20,0,0,40.3837
1,53,20,0,0,40.3756
1,54,20,0,0,40.3683
1,55,20,0,0,40.3616
1,56,20,0,0,40.3553
1,57,20,0,0,40.3495
1,58,20,0,0,40.3441
1,59,20,0,0,40.3391
1,60,20,0,0,40.3345
1,61,20,0,0,40.3304
1,62,20,0,0,40.3267
1,63,20,0,0,40.3234
1,64,20,0,1.68188e-05,40.3204
1,65,20,0,0,40.3149
1,66,20,0,0,40.3097
1,67,20,0,0,40.3046
1,68,20,0,0,40.2997
1,69,20,0,0,40.295
1,70,20,0,0,40.2906
1,71,20,0,0,40.2864
1,72,20,0,0,40.2826
1,73,20,0,0,40.2791
1,74,20,0,0,40.2758
1,75,20,0,0,40.2727
1,76,20,0,0,40.2698
1,77,20,0,0,40.2672
1,78,20,0,0,40.2648
1,79,20,0,0,40.2625
1,80,20,0,0,40.2603
1,81,20,0,0,40.2582
1,82,20,0,0,40.2561
1,83,20,0,0,40.2541
1,84,20,0,0,40.252
1,85,20,0,0,40.25
1,86,20,0,0,40.2482
1,87,20,0,0,40.2466
1,88,20,0,0,40.245
1,89,20,0,0,40.2436
1,90,20,0,0,40.2424
1,91,20,0,0,40.2413
1,92,20,0,0,40.2402
1,93,20,0,0,40.239
1,94,20,0,0,40.2378
1,95,20,0,0,40.2365
1,96,20,0,0,40.2352
1,97,20,0,0,40.2339
1,98,20,0,0,40.2328
1,99,20,0,0,40.2317
1,100,20,0,0,40.2309
1,101,20,0,0,40.2301
1,102,20,0,0,40.2295
1,103,20,0,0,40.229
1,104,20,0,0,40.2286
1,105,20,0,0,40.2282
1,106,20,0,0,40.2279
1,107,20,0,0,40.2276
1,108,20,0,0,40.2273
1,109,20,0,0,40.2269
1,110,20,0,0,40.2265
1,111,20,0,0,40.226
1,112,20,0,0,40.2254
1,113,20,0,0,40.2247
1,114,20,0,0,40.2239
1,115,20,0,0,40.2231
1,116,20,0,0,40.2223
1,117,20,0,0,40.2214
1,118,20,0,0,40.2203
1,119,20,0,0,40.2193
1,120,20,0,0,40.2184
1,121,20,0,0,40.2176
1,122,20,0,0,40.2167
1,123,20,0,0,40.2158
1,124,20,0,0,40.2148
1,125,20,0,0,40.2138
1,126,20,0,0,40.2128
1,127,20,0,0,40.212
1,0,21,0,1.68188e-05,42.005
1,1,21,0,0,41.991
1,2,21,0,0,41.9715
1,3,21,0,0,41.9468
1,4,21,0,0,41.9172
1,5,21,0,0,41.8831
1,6,21,0,0,41.8449
1,7,21,0,0,41.8031
1,8,21,0,0,41.7583
1,9,21,0,0,41.711
1,10,21,0,0,41.6619
1,11,21,0,0,41.6113
1,12,21,0,0,41.5599
1,13,21,0,0,41.5079
1,14,21,0,0,41.4559
1,15,21,0,0,41.4041
1,16,21,0,0,41.3528
1,17,21,0,0,41.3023
1,18,21,0,0,41.2529
1,19,21,0,0,41.2047
1,20,21,0,0,41.1579
1,21,21,0,0,41.1124
1,22,21,0,0,41.0684
1,23,21,0,0,41.0258
1,24,21,0,0,40.9848
1,25,21,0,0,40.9452
1,26,21,0,0,40.9073
1,27,21,0,0,40.871
1,28,21,0,0,40.8362
1,29,21,0,0,40.803
1,30,21,0,0,40.7713
1,31,21,0,0,40.741
1,32,21,0,0,40.7121
1,33,21,0,0,40.6845
1,34,21,0,0,40.6583
1,35,21,0,0,40.6334
1,36,21,0,0,40.6098
1,37,21,0,0,40.5875
1,38,21,0,0,40.5664
1,39,21,0,0,40.5464
1,40,21,0,0,40.5276
1,41,21,0,0,40.51
1,42,21,0,0,40.4934
1,43,21,0,0,40.4778
1,44,21,0,0,40.4633
1,45,21,0,0,40.4496
1,46,21,0,0,40.4368
1,47,21,0,0,40.4248
1,48,21,0,0,40.4136
1,49,21,0,0,40.4031
1,50,21,0,0,40.3933
1,51,21,0,0,40.3842
1,52,21,0,0,40.3758
1,53,21,0,0,40.368
1,54,21,0,0,40.3608
1,55,21,0,0,40.3542
1,56,21,0,0,40.3481
1,57,21,0,0,40.3424
1,58,21,0,0,40.3372
1,59,21,0,0,40.3324
1,60,21,0,0,40.328
1,61,21,0,0,40.324
1,62,21,0,0,40.3204
1,63,21,0,0,40.3172
1,64,21,0,1.68188e-05,40.3142
1,65,21,0,0,40.3088
1,66,21,0,0,40.3036
1,67,21,0,0,40.2987
1,68,21,0,0,40.294
1,69,21,0,0,40.2895
1,70,21,0,0,40.2852
1,71,21,0,0,40.2812
1,72,21,0,0,40.2775
1,73,21,0,0,40.274
1,74,21,0,0,40.2708
1,75,21,0,0,40.2677
1,76,21,0,0,40.2649
1,77,21,0,0,40.2622
1,78,21,0,0,40.2598
1,79,21,0,0,40.2575
1,80,21,0,0,40.2552
1,81,21,0,0,40.2531
1,82,21,0,0,40.251
1,83,21,0,0,40.249
1,84,21,0,0,40.247
1,85,21,0,0,40.2452
1,86,21,0,0,40.2434
1,87,21,0,0,40.2418
1,88,21,0,0,40.2403
1,89,21,0,0,40.2389
1,90,21,0,0,40.2376
1,91,21,0,0,40.2364
1,92,21,0,0,40.2352
1,93,21,0,0,40.2341
1,94,21,0,0,40.2329
1,95,21,0,0,40.2317
1,96,21,0,0,40.2305
1,97,21,0,0,40.2294
1,98,21,0,0,40.2284
1,99,21,0,0,40.2274
1,100,21,0,0,40.2266
1,101,21,0,0,40.2259
1,102,21,0,0,40.2253
1,103,21,0,0,40.2247
1,104,21,0,0,40.2243
1,105,21,0,0,40.2238
1,106,21,0,0,40.2235
1,107,21,0,0,40.2231
1,108,21,0,0,40.2227
1,109,21,0,0,40.2223
1,110,21,0,0,40.2218
1,111,21,0,0,40.2213
1,112,21,0,0,40.2206
1,113,21,0,0,40.22
1,114,21,0,0,40.2192
1,115,21,0,0,40.2185
1,116,21,0,0,40.2177
1,117,21,0,0,40.2168
1,118,21,0,0,40.2159
1,119,21,0,0,40.215
1,120,21,0,0,40.2142
1,121,21,0,0,40.2134
1,122,21,0,0,40.2125
1,123,21,0,0,40.2117
1,124,21,0,0,40.2109
1,125,21,0,0,40.21
1,126,21,0,0,40.2093
1,127,21,0,0,40.2087
1,0,22,0,1.68188e-05,41.872
1,1,22,0,0,41.8593
1,2,22,0,0,41.8419
1,3,22,0,0,41.8199
1,4,22,0,0,41.7935
1,5,22,0,0,41.7632
1,6,22,0,0,41.7292
1,7,22,0,0,41.692
1,8,22,0,0,41.6521
1,9,22,0,0,41.6098
1,10,22,0,0,41.5658
1,11,22,0,0,41.5204
1,12,22,0,0,41.474
1,13,22,0,0,41.4271
1,14,22,0,0,41.3799
1,15,22,0,0,41.3328
1,16,22,0,0,41.2861
1,17,22,0,0,41.2399
1,18,22,0,0,41.1946
1,19,22,0,0,41.1502
1,20,22,0,0,41.1069
1,21,22,0,0,41.0648
1,22,22,0,0,41.0239
1,23,22,0,0,40.9843
1,24,22,0,0,40.9461
1,25,22,0,0,40.9092
1,26,22,0,0,40.8737
1,27,22,0,0,40.8396
1,28,22,0,0,40.8069
1,29,22,0,0,40.7756
1,30,22,0,0,40.7457
1,31,22,0,0,40.7171
1,32,22,0,0,40.6897
1,33,22,0,0,40.6637
1,34,22,0,0,40.6388
1,35,22,0,0,40.6152
1,36,22,0,0,40.5929
1,37,22,0,0,40.5716
1,38,22,0,0,40.5515
1,39,22,0,0,40.5326
1,40,22,0,0,40.5146
1,41,22,0,0,40.4978
1,42,22,0,0,40.4819
1,43,22,0,0,40.467
1,44,22,0,0,40.453
1,45,22,0,0,40.4398
1,46,22,0,0,40.4275
1,47,22,0,0,40.4159
1,48,22,0,0,40.4051
1,49,22,0,0,40.395
1,50,22,0,0,40.3855
1,51,22,0,0,40.3767
1,52,22,0,0,40.3685
1,53,22,0,0,40.361
1,54,22,0,0,40.354
1,55,22,0,0,40.3476
1,56,22,0,0,40.3417
1,57,22,0,0,40.3362
1,58,22,0,0,40.3312
1,59,22,0,0,40.3265
1,60,22,0,0,40.3223
1,61,22,0,0,40.3184
1,62,22,0,0,40.3149
1,63,22,0,0,40.3118
1,64,22,0,1.68188e-05,40.3089
1,65,22,0,0,40.3036
1,66,22,0,0,40.2985
1,67,22,0,0,40.2937
1,68,22,0,0,40.2891
1,69,22,0,0,40.2848
1,70,22,0,0,40.2806
1,71,22,0,0,40.2768
1,72,22,0,0,40.2731
1,73,22,0,0,40.2697
1,74,22,0,0,40.2665
1,75,22,0,0,40.2635
1,76,22,0,0,40.2607
1,77,22,0,0,40.2581
1,78,22,0,0,40.2556
1,79,22,0,0,40.2533
1,80,22,0,0,40.251
1,81,22,0,0,40.2489
1,82,22,0,0,40.2468
1,83,22,0,0,40.2448
1,84,22,0,0,40.2429
1,85,22,0,0,40.2411
1,86,22,0,0,40.2394
1,87,22,0,0,40.2377
1,88,22,0,0,40.2362
1,89,22,0,0,40.2349
1,90,22,0,0,40.2336
1,91,22,0,0,40.2323
1,92,22,0,0,40.2312
1,93,22,0,0,40.23
1,94,22,0,0,40.2289
1,95,22,0,0,40.2278
1,96,22,0,0,40.2267
1,97,22,0,0,40.2257
1,98,22,0,0,40.2247
1,99,22,0,0,40.2239
1,100,22,0,0,40.2231
1,101,22,0,0,40.2224
1,102,22,0,0,40.2218
1,103,22,0,0,40.2213
1,104,22,0,0,40.2208
1,105,22,0,0,40.2203
1,106,22,0,0,40.2199
1,107,22,0,0,40.2194
1,108,22,0,0,40.219
1,109,22,0,0,40.2185
1,110,22,0,0,40.218
1,111,22,0,0,40.2174
1,112,22,0,0,40.2168
1,113,22,0,0,40.2161
1,114,22,0,0,40.2154
1,115,22,0,0,40.2147
1,116,22,0,0,40.2139
1,117,22,0,0,40.2131
1,118,22,0,0,40.2123
1,119,22,0,0,40.2115
1,120,22,0,0,40.2107
1,121,22,0,0,40.2099
1,122,22,0,0,40.2092
1,123,22,0,0,40.2084
1,124,22,0,0,40.2077
1,125,22,0,0,40.207
1,126,22,0,0,40.2065
1,127,22,0,0,40.206
1,0,23,0,1.68188e-05,41.7504
1,1,23,0,0,41.739
1,2,23,0,0,41.7233
1,3,23,0,0,41.7037
1,4,23,0,0,41.6801
1,5,23,0,0,41.6531
1,6,23,0,0,41.6227
1,7,23,0,0,41.5895
1,8,23,0,0,41.5538
1,9,23,0,0,41.516
1,10,23,0,0,41.4765
1,11,23,0,0,41.4357
1,12,23,0,0,41.3939
1,13,23,0,0,41.3514
1,14,23,0,0,41.3086
1,15,23,0,0,41.2658
1,16,23,0,0,41.2232
1,17,23,0,0,41.1809
1,18,23,0,0,41.1393
1,19,23,0,0,41.0985
1,20,23,0,0,41.0585
1,21,23,0,0,41.0196
1,22,23,0,0,40.9817
1,23,23,0,0,40.9449
1,24,23,0,0,40.9092
1,25,23,0,0,40.8748
1,26,23,0,0,40.8416
1,27,23,0,0,40.8097
1,28,23,0,0,40.779
1,29,23,0,0,40.7495
1,30,23,0,0,40.7213
1,31,23,0,0,40.6943
1,32,23,0,0,40.6685
1,33,23,0,0,40.6438
1,34,23,0,0,40.6203
1,35,23,0,0,40.598
1,36,23,0,0,40.5768
1,37,23,0,0,40.5566
1,38,23,0,0,40.5375
1,39,23,0,0,40.5195
1,40,23,0,0,40.5024
1,41,23,0,0,40.4863
1,42,23,0,0,40.4711
1,43,23,0,0,40.4568
1,44,23,0,0,40.4433
1,45,23,0,0,40.4307
1,46,23,0,0,40.4188
1,47,23,0,0,40.4077
1,48,23,0,0,40.3972
1,49,23,0,0,40.3875
1,50,23,0,0,40.3784
1,51,23,0,0,40.3699
1,52,23,0,0,40.362
1,53,23,0,0,40.3547
1,54,23,0,0,40.348
1,55,23,0,0,40.3418
1,56,23,0,0,40.336
1,57,23,0,0,40.3308
1,58,23,0,0,40.3259
1,59,23,0,0,40.3215
1,60,23,0,0,40.3174
1,61,23,0,0,40.3137
1,62,23,0,0,40.3103
1,63,23,0,0,40.3072
1,64,23,0,1.68188e-05,40.3045
1,65,23,0,0,40.2993
1,66,23,0,0,40.2943
1,67,23,0,0,40.2896
1,68,23,0,0,40.2851
1,69,23,0,0,40.2809
1,70,23,0,0,40.2769
1,71,23,0,0,40.2731
1,72,23,0,0,40.2695
1,73,23,0,0,40.2662
1,74,23,0,0,40.2631
1,75,23,0,0,40.2601
1,76,23,0,0,40.2573
1,77,23,0,0,40.2547
1,78,23,0,0,40.2522
1,79,23,0,0,40.2499
1,80,23,0,0,40.2476
1,81,23,0,0,40.2455
1,82,23,0,0,40.2434
1,83,23,0,0,40.2415
1,84,23,0,0,40.2396
1,85,23,0,0,40.2378
1,86,23,0,0,40.2361
1,87,23,0,0,40.2345
1,88,23,0,0,40.233
1,89,23,0,0,40.2316
1,90,23,0,0,40.2303
1,91,23,0,0,40.2291
1,92,23,0,0,40.2279
1,93,23,0,0,40.2268
1,94,23,0,0,40.2257
1,95,23,0,0,40.2247
1,96,23,0,0,40.2237
1,97,23,0,0,40.2227
1,98,23,0,0,40.2219
1,99,23,0,0,40.2211
1,100,23,0,0,40.2203
1,101,23,0,0,40.2197
1,102,23,0,0,40.2191
1,103,23,0,0,40.2185
1,104,23,0,0,40.218
1,105,23,0,0,40.2176
1,106,23,0,0,40.2171
1,107,23,0,0,40.2166
1,108,23,0,0,40.2161
1,109,23,0,0,40.2156
1,110,23,0,0,40.215
1,111,23,0,0,40.2144
1,112,23,0,0,40.2138
1,113,23,0,0,40.2131
1,114,23,0,0,40.2124
1,115,23,0,0,40.2117
1,116,23,0,0,40.211
1,117,23,0,0,40.2102
1,118,23,0,0,40.2095
1,119,23,0,0,40.2087
1,120,23,0,0,40.208
1,121,23,0,0,40.2073
1,122,23,0,0,40.2066
1,123,23,0,0,40.2059
1,124,23,0,0,40.2053
1,125,23,0,0,40.2047
1,126,23,0,0,40.2042
1,127,23,0,0,40.2038
1,0,24,0,1.68188e-05,41.6394
1,1,24,0,0,41.629
1,2,24,0,0,41.6149
1,3,24,0,0,41.5972
1,4,24,0,0,41.5761
1,5,24,0,0,41.5519
1,6,24,0,0,41.5248
1,7,24,0,0,41.4951
1,8,24,0,0,41.4631
1,9,24,0,0,41.4292
1,10,24,0,0,41.3937
1,11,24,0,0,41.3569
1,12,24,0,0,41.3191
1,13,24,0,0,41.2807
1,14,24,0,0,41.2419
1,15,24,0,0,41.2029
1,16,24,0,0,41.164
1,17,24,0,0,41.1254
1,18,24,0,0,41.0872
1,19,24,0,0,41.0496
1,20,24,0,0,41.0128
1,21,24,0,0,40.9768
1,22,24,0,0,40.9416
1,23,24,0,0,40.9075
1,24,24,0,0,40.8743
1,25,24,0,0,40.8422
1,26,24,0,0,40.8112
1,27,24,0,0,40.7812
1,28,24,0,0,40.7524
1,29,24,0,0,40.7247
1,30,24,0,0,40.6982
1,31,24,0,0,40.6727
1,32,24,0,0,40.6483
1,33,24,0,0,40.625
1,34,24,0,0,40.6028
1,35,24,0,0,40.5817
1,36,24,0,0,40.5615
1,37,24,0,0,40.5424
1,38,24,0,0,40.5243
1,39,24,0,0,40.5071
1,40,24,0,0,40.4909
1,41,24,0,0,40.4755
1,42,24,0,0,40.461
1,43,24,0,0,40.4474
1,44,24,0,0,40.4345
1,45,24,0,0,40.4223
1,46,24,0,0,40.4109
1,47,24,0,0,40.4002
1,48,24,0,0,40.3901
1,49,24,0,0,40.3807
1,50,24,0,0,40.3719
1,51,24,0,0,40.3637
1,52,24,0,0,40.3561
1,53,24,0,0,40.3491
1,54,24,0,0,40.3426
1,55,24,0,0,40.3366
1,56,24,0,0,40.3311
1,57,24,0,0,40.3261
1,58,24,0,0,40.3214
1,59,24,0,0,40.3172
1,60,24,0,0,40.3133
1,61,24,0,0,40.3097
1,62,24,0,0,40.3064
1,63,24,0,0,40.3035
1,64,24,0,1.68188e-05,40.3009
1,65,24,0,0,40.2957
1,66,24,0,0,40.2909
1,67,24,0,0,40.2863
1,68,24,0,0,40.2819
1,69,24,0,0,40.2778
1,70,24,0,0,40.2739
1,71,24,0,0,40.2702
1,72,24,0,0,40.2667
1,73,24,0,0,40.2634
1,74,24,0,0,40.2604
1,75,24,0,0,40.2575
1,76,24,0,0,40.2547
1,77,24,0,0,40.2521
1,78,24,0,0,40.2497
1,79,24,0,0,40.2473
1,80,24,0,0,40.2451
1,81,24,0,0,40.2429
1,82,24,0,0,40.2409
1,83,24,0,0,40.2389
1,84,24,0,0,40.237
1,85,24,0,0,40.2352
1,86,24,0,0,40.2336
1,87,24,0,0,40.232
1,88,24,0,0,40.2305
1,89,24,0,0,40.2291
1,90,24,0,0,40.2278
1,91,24,0,0,40.2266
1,92,24,0,0,40.2255
1,93,24,0,0,40.2244
1,94,24,0,0,40.2233
1,95,24,0,0,40.2223
1,96,24,0,0,40.2214
1,97,24,0,0,40.2205
1,98,24,0,0,40.2197
1,99,24,0,0,40.219
1,100,24,0,0,40.2183
1,101,24,0,0,40.2177
1,102,24,0,0,40.2171
1,103,24,0,0,40.2166
1,104,24,0,0,40.2161
1,105,24,0,0,40.2156
1,106,24,0,0,40.2151
1,107,24,0,0,40.2146
1,108,24,0,0,40.2141
1,109,24,0,0,40.2135
1,110,24,0,0,40.2129
1,111,24,0,0,40.2123
1,112,24,0,0,40.2116
1,113,24,0,0,40.2109
1,114,24,0,0,40.2102
1,115,24,0,0,40.2095
1,116,24,0,0,40.2088
1,117,24,0,0,40.2081
1,118,24,0,0,40.2074
1,119,24,0,0,40.2067
1,120,24,0,0,40.206
1,121,24,0,0,40.2053
1,122,24,0,0,40.2047
1,123,24,0,0,40.2041
1,124,24,0,0,40.2035
1,125,24,0,0,40.203
1,126,24,0,0,40.2026
1,127,24,0,0,40.2023
1,0,25,0,1.68188e-05,41.5378
1,1,25,0,0,41.5284
1,2,25,0,0,41.5156
1,3,25,0,0,41.4997
1,4,25,0,0,41.4808
1,5,25,0,0,41.459
1,6,25,0,0,41.4347
1,7,25,0,0,41.4081
1,8,25,0,0,41.3793
1,9,25,0,0,41.3488
1,10,25,0,0,41.3169
1,11,25,0,0,41.2837
1,12,25,0,0,41.2496
1,13,25,0,0,41.2148
1,14,25,0,0,41.1795
1,15,25,0,0,41.144
1,16,25,0,0,41.1085
1,17,25,0,0,41.0732
1,18,25,0,0,41.0382
1,19,25,0,0,41.0036
1,20,25,0,0,40.9697
1,21,25,0,0,40.9364
1,22,25,0,0,40.9038
1,23,25,0,0,40.8721
1,24,25,0,0,40.8413
1,25,25,0,0,40.8114
1,26,25,0,0,40.7824
1,27,25,0,0,40.7544
1,28,25,0,0,40.7273
1,29,25,0,0,40.7013
1,30,25,0,0,40.6763
1,31,25,0,0,40.6523
1,32,25,0,0,40.6293
1,33,25,0,0,40.6073
1,34,25,0,0,40.5863
1,35,25,0,0,40.5663
1,36,25,0,0,40.5472
1,37,25,0,0,40.5291
1,38,25,0,0,40.5119
1,39,25,0,0,40.4956
1,40,25,0,0,40.4802
1,41,25,0,0,40.4656
1,42,25,0,0,40.4517
1,43,25,0,0,40.4387
1,44,25,0,0,40.4263
1,45,25,0,0,40.4147
1,46,25,0,0,40.4037
1,47,25,0,0,40.3934
1,48,25,0,0,40.3837
1,49,25,0,0,40.3746
1,50,25,0,0,40.3661
1,51,25,0,0,40.3582
1,52,25,0,0,40.3509
1,53,25,0,0,40.3442
1,54,25,0,0,40.338
1,55,25,0,0,40.3322
1,56,25,0,0,40.327
1,57,25,0,0,40.3221
1,58,25,0,0,40.3177
1,59,25,0,0,40.3136
1,60,25,0,0,40.3099
1,61,25,0,0,40.3065
1,62,25,0,0,40.3034
1,63,25,0,0,40.3006
1,64,25,0,1.68188e-05,40.2981
1,65,25,0,0,40.2931
1,66,25,0,0,40.2883
1,67,25,0,0,40.2838
1,68,25,0,0,40.2795
1,69,25,0,0,40.2755
1,70,25,0,0,40.2717
1,71,25,0,0,40.268
1,72,25,0,0,40.2646
1,73,25,0,0,40.2614
1,74,25,0,0,40.2584
1,75,25,0,0,40.2556
1,76,25,0,0,40.2529
1,77,25,0,0,40.2503
1,78,25,0,0,40.2479
1,79,25,0,0,40.2456
1,80,25,0,0,40.2433
1,81,25,0,0,40.2411
1,82,25,0,0,40.2391
1,83,25,0,0,40.2371
1,84,25,0,0,40.2352
1,85,25,0,0,40.2335
1,86,25,0,0,40.2318
1,87,25,0,0,40.2302
1,88,25,0,0,40.2288
1,89,25,0,0,40.2274
1,90,25,0,0,40.2261
1,91,25,0,0,40.2249
1,92,25,0,0,40.2238
1,93,25,0,0,40.2227
1,94,25,0,0,40.2217
1,95,25,0,0,40.2208
1,96,25,0,0,40.2199
1,97,25,0,0,40.2191
1,98,25,0,0,40.2183
1,99,25,0,0,40.2176
1,100,25,0,0,40.217
1,101,25,0,0,40.2165
1,102,25,0,0,40.2159
1,103,25,0,0,40.2154
1,104,25,0,0,40.2149
1,105,25,0,0,40.2145
1,106,25,0,0,40.214
1,107,25,0,0,40.2134
1,108,25,0,0,40.2129
1,109,25,0,0,40.2123
1,110,25,0,0,40.2116
1,111,25,0,0,40.2109
1,112,25,0,0,40.2103
1,113,25,0,0,40.2095
1,114,25,0,0,40.2088
1,115,25,0,0,40.2081
1,116,25,0,0,40.2074
1,117,25,0,0,40.2067
1,118,25,0,0,40.2061
1,119,25,0,0,40.2054
1,120,25,0,0,40.2048
1,121,25,0,0,40.2042
1,122,25,0,0,40.2036
1,123,25,0,0,40.203
1,124,25,0,0,40.2024
1,125,25,0,0,40.2019
1,126,25,0,0,40.2015
1,127,25,0,0,40.2012
1,0,26,0,1.68188e-05,41.445
1,1,26,0,0,41.4363
1,2,26,0,0,41.4248
1,3,26,0,0,41.4104
1,4,26,0,0,41.3934
1,5,26,0,0,41.3738
1,6,26,0,0,41.3519
1,7,26,0,0,41.3279
1,8,26,0,0,41.3021
1,9,26,0,0,41.2746
1,10,26,0,0,41.2458
1,11,26,0,0,41.2158
1,12,26,0,0,41.185
1,13,26,0,0,41.1534
1,14,26,0,0,41.1214
1,15,26,0,0,41.0891
1,16,26,0,0,41.0567
1,17,26,0,0,41.0244
1,18,26,0,0,40.9922
1,19,26,0,0,40.9605
1,20,26,0,0,40.9292
1,21,26,0,0,40.8984
1,22,26,0,0,40.8683
1,23,26,0,0,40.8389
1,24,26,0,0,40.8102
1,25,26,0,0,40.7823
1,26,26,0,0,40.7553
1,27,26,0,0,40.729
1,28,26,0,0,40.7037
1,29,26,0,0,40.6792
1,30,26,0,0,40.6557
1,31,26,0,0,40.6331
1,32,26,0,0,40.6114
1,33,26,0,0,40.5906
1,34,26,0,0,40.5708
1,35,26,0,0,40.5519
1,36,26,0,0,40.5338
1,37,26,0,0,40.5167
1,38,26,0,0,40.5004
1,39,26,0,0,40.485
1,40,26,0,0,40.4703
1,41,26,0,0,40.4564
1,42,26,0,0,40.4432
1,43,26,0,0,40.4308
1,44,26,0,0,40.419
1,45,26,0,0,40.4078
1,46,26,0,0,40.3973
1,47,26,0,0,40.3873
1,48,26,0,0,40.378
1,49,26,0,0,40.3692
1,50,26,0,0,40.3611
1,51,26,0,0,40.3535
1,52,26,0,0,40.3464
1,53,26,0,0,40.3399
1,54,26,0,0,40.334
1,55,26,0,0,40.3285
1,56,26,0,0,40.3235
1,57,26,0,0,40.3189
1,58,26,0,0,40.3147
1,59,26,0,0,40.3109
1,60,26,0,0,40.3074
1,61,26,0,0,40.3041
1,62,26,0,0,40.3012
1,63,26,0,0,40.2985
1,64,26,0,1.68188e-05,40.2961
1,65,26,0,0,40.2912
1,66,26,0,0,40.2865
1,67,26,0,0,40.2821
1,68,26,0,0,40.2779
1,69,26,0,0,40.274
1,70,26,0,0,40.2702
1,71,26,0,0,40.2667
1,72,26,0,0,40.2633
1,73,26,0,0,40.2602
1,74,26,0,0,40.2573
1,75,26,0,0,40.2545
1,76,26,0,0,40.2519
1,77,26,0,0,40.2494
1,78,26,0,0,40.2469
1,79,26,0,0,40.2446
1,80,26,0,0,40.2423
1,81,26,0,0,40.2401
1,82,26,0,0,40.238
1,83,26,0,0,40.2361
1,84,26,0,0,40.2342
1,85,26,0,0,40.2324
1,86,26,0,0,40.2308
1,87,26,0,0,40.2292
1,88,26,0,0,40.2278
1,89,26,0,0,40.2264
1,90,26,0,0,40.2252
1,91,26,0,0,40.224
1,92,26,0,0,40.2229
1,93,26,0,0,40.2218
1,94,26,0,0,40.2208
1,95,26,0,0,40.2199
1,96,26,0,0,40.2191
1,97,26,0,0,40.2183
1,98,26,0,0,40.2176
1,99,26,0,0,40.217
1,100,26,0,0,40.2165
1,101,26,0,0,40.216
1,102,26,0,0,40.2155
1,103,26,0,0,40.215
1,104,26,0,0,40.2146
1,105,26,0,0,40.2141
1,106,26,0,0,40.2136
1,107,26,0,0,40.2131
1,108,26,0,0,40.2125
1,109,26,0,0,40.2118
1,110,26,0,0,40.2111
1,111,26,0,0,40.2104
1,112,26,0,0,40.2097
1,113,26,0,0,40.2089
1,114,26,0,0,40.2082
1,115,26,0,0,40.2075
1,116,26,0,0,40.2068
1,117,26,0,0,40.2061
1,118,26,0,0,40.2055
1,119,26,0,0,40.2049
1,120,26,0,0,40.2043
1,121,26,0,0,40.2037
1,122,26,0,0,40.2031
1,123,26,0,0,40.2026
1,124,26,0,0,40.202
1,125,26,0,0,40.2015
1,126,26,0,0,40.2011
1,127,26,0,0,40.2008
1,0,27,0,1.68188e-05,41.3601
1,1,27,0,0,41.3521
1,2,27,0,0,41.3416
1,3,27,0,0,41.3286
1,4,27,0,0,41.3133
1,5,27,0,0,41.2956
1,6,27,0,0,41.2759
1,7,27,0,0,41.2543
1,8,27,0,0,41.2309
1,9,27,0,0,41.2061
1,10,27,0,0,41.1801
1,11,27,0,0,41.153
1,12,27,0,0,41.1251
1,13,27,0,0,41.0965
1,14,27,0,0,41.0674
1,15,27,0,0,41.038
1,16,27,0,0,41.0084
1,17,27,0,0,40.9788
1,18,27,0,0,40.9493
1,19,27,0,0,40.9201
1,20,27,0,0,40.8912
1,21,27,0,0,40.8628
1,22,27,0,0,40.835
1,23,27,0,0,40.8077
1,24,27,0,0,40.7811
1,25,27,0,0,40.7551
1,26,27,0,0,40.7299
1,27,27,0,0,40.7053
1,28,27,0,0,40.6816
1,29,27,0,0,40.6586
1,30,27,0,0,40.6364
1,31,27,0,0,40.6151
1,32,27,0,0,40.5946
1,33,27,0,0,40.575
1,34,27,0,0,40.5563
1,35,27,0,0,40.5384
1,36,27,0,0,40.5214
1,37,27,0,0,40.5052
1,38,27,0,0,40.4898
1,39,27,0,0,40.4752
1,40,27,0,0,40.4613
1,41,27,0,0,40.4481
1,42,27,0,0,40.4356
1,43,27,0,0,40.4237
1,44,27,0,0,40.4124
1,45,27,0,0,40.4017
1,46,27,0,0,40.3916
1,47,27,0,0,40.382
1,48,27,0,0,40.373
1,49,27,0,0,40.3646
1,50,27,0,0,40.3567
1,51,27,0,0,40.3493
1,52,27,0,0,40.3426
1,53,27,0,0,40.3364
1,54,27,0,0,40.3307
1,55,27,0,0,40.3255
1,56,27,0,0,40.3208
1,57,27,0,0,40.3165
1,58,27,0,0,40.3125
1,59,27,0,0,40.3089
1,60,27,0,0,40.3056
1,61,27,0,0,40.3026
1,62,27,0,0,40.2998
1,63,27,0,0,40.2973
1,64,27,0,1.68188e-05,40.2949
1,65,27,0,0,40.2901
1,66,27,0,0,40.2856
1,67,27,0,0,40.2813
1,68,27,0,0,40.2771
1,69,27,0,0,40.2732
1,70,27,0,0,40.2695
1,71,27,0,0,40.2661
1,72,27,0,0,40.2628
1,73,27,0,0,40.2597
1,74,27,0,0,40.2569
1,75,27,0,0,40.2542
1,76,27,0,0,40.2516
1,77,27,0,0,40.2492
1,78,27,0,0,40.2468
1,79,27,0,0,40.2444
1,80,27,0,0,40.2421
1,81,27,0,0,40.2399
1,82,27,0,0,40.2378
1,83,27,0,0,40.2358
1,84,27,0,0,40.2339
1,85,27,0,0,40.2321
1,86,27,0,0,40.2305
1,87,27,0,0,40.229
1,88,27,0,0,40.2275
1,89,27,0,0,40.2262
1,90,27,0,0,40.2249
1,91,27,0,0,40.2238
1,92,27,0,0,40.2227
1,93,27,0,0,40.2217
1,94,27,0,0,40.2207
1,95,27,0,0,40.2199
1,96,27,0,0,40.2191
1,97,27,0,0,40.2183
1,98,27,0,0,40.2177
1,99,27,0,0,40.2172
1,100,27,0,0,40.2167
1,101,27,0,0,40.2162
1,102,27,0,0,40.2158
1,103,27,0,0,40.2155
1,104,27,0,0,40.215
1,105,27,0,0,40.2146
1,106,27,0,0,40.2141
1,107,27,0,0,40.2135
1,108,27,0,0,40.2129
1,109,27,0,0,40.2122
1,110,27,0,0,40.2115
1,111,27,0,0,40.2107
1,112,27,0,0,40.2099
1,113,27,0,0,40.2091
1,114,27,0,0,40.2083
1,115,27,0,0,40.2076
1,116,27,0,0,40.2069
1,117,27,0,0,40.2063
1,118,27,0,0,40.2057
1,119,27,0,0,40.2051
1,120,27,0,0,40.2045
1,121,27,0,0,40.204
1,122,27,0,0,40.2034
1,123,27,0,0,40.2029
1,124,27,0,0,40.2023
1,125,27,0,0,40.2018
1,126,27,0,0,40.2014
1,127,27,0,0,40.201
1,0,28,0,1.68188e-05,41.2825
1,1,28,0,0,41.2752
1,2,28,0,0,41.2657
1,3,28,0,0,41.2539
1,4,28,0,0,41.2399
1,5,28,0,0,41.224
1,6,28,0,0,41.2061
1,7,28,0,0,41.1866
1,8,28,0,0,41.1655
1,9,28,0,0,41.1431
1,10,28,0,0,41.1195
1,11,28,0,0,41.095
1,12,28,0,0,41.0697
1,13,28,0,0,41.0438
1,14,28,0,0,41.0173
1,15,28,0,0,40.9906
1,16,28,0,0,40.9636
1,17,28,0,0,40.9364
1,18,28,0,0,40.9094
1,19,28,0,0,40.8825
1,20,28,0,0,40.8559
1,21,28,0,0,40.8297
1,22,28,0,0,40.8039
1,23,28,0,0,40.7787
1,24,28,0,0,40.754
1,25,28,0,0,40.7298
1,26,28,0,0,40.7062
1,27,28,0,0,40.6833
1,28,28,0,0,40.661
1,29,28,0,0,40.6394
1,30,28,0,0,40.6185
1,31,28,0,0,40.5984
1,32,28,0,0,40.5791
1,33,28,0,0,40.5605
1,34,28,0,0,40.5428
1,35,28,0,0,40.526
1,36,28,0,0,40.5099
1,37,28,0,0,40.4946
1,38,28,0,0,40.4801
1,39,28,0,0,40.4664
1,40,28,0,0,40.4532
1,41,28,0,0,40.4407
1,42,28,0,0,40.4288
1,43,28,0,0,40.4174
1,44,28,0,0,40.4067
1,45,28,0,0,40.3964
1,46,28,0,0,40.3867
1,47,28,0,0,40.3775
1,48,28,0,0,40.3688
1,49,28,0,0,40.3606
1,50,28,0,0,40.3529
1,51,28,0,0,40.3459
1,52,28,0,0,40.3394
1,53,28,0,0,40.3335
1,54,28,0,0,40.3281
1,55,28,0,0,40.3232
1,56,28,0,0,40.3188
1,57,28,0,0,40.3148
1,58,28,0,0,40.3111
1,59,28,0,0,40.3078
1,60,28,0,0,40.3048
1,61,28,0,0,40.3019
1,62,28,0,0,40.2993
1,63,28,0,0,40.2969
1,64,28,0,1.68188e-05,40.2946
1,65,28,0,0,40.2899
1,66,28,0,0,40.2854
1,67,28,0,0,40.2812
1,68,28,0,0,40.2772
1,69,28,0,0,40.2733
1,70,28,0,0,40.2697
1,71,28,0,0,40.2662
1,72,28,0,0,40.263
1,73,28,0,0,40.26
1,74,28,0,0,40.2572
1,75,28,0,0,40.2547
1,76,28,0,0,40.2522
1,77,28,0,0,40.2499
1,78,28,0,0,40.2475
1,79,28,0,0,40.2451
1,80,28,0,0,40.2428
1,81,28,0,0,40.2405
1,82,28,0,0,40.2383
1,83,28,0,0,40.2362
1,84,28,0,0,40.2343
1,85,28,0,0,40.2326
1,86,28,0,0,40.2309
1,87,28,0,0,40.2294
1,88,28,0,0,40.228
1,89,28,0,0,40.2267
1,90,28,0,0,40.2255
1,91,28,0,0,40.2243
1,92,28,0,0,40.2232
1,93,28,0,0,40.2222
1,94,28,0,0,40.2213
1,95,28,0,0,40.2205
1,96,28,0,0,40.2197
1,97,28,0,0,40.2191
1,98,28,0,0,40.2185
1,99,28,0,0,40.218
1,100,28,0,0,40.2176
1,101,28,0,0,40.2173
1,102,28,0,0,40.217
1,103,28,0,0,40.2167
1,104,28,0,0,40.2163
1,105,28,0,0,40.2159
1,106,28,0,0,40.2154
1,107,28,0,0,40.2148
1,108,28,0,0,40.2142
1,109,28,0,0,40.2134
1,110,28,0,0,40.2126
1,111,28,0,0,40.2117
1,112,28,0,0,40.2108
1,113,28,0,0,40.21
1,114,28,0,0,40.2092
1,115,28,0,0,40.2084
1,116,28,0,0,40.2077
1,117,28,0,0,40.2071
1,118,28,0,0,40.2065
1,119,28,0,0,40.206
1,120,28,0,0,40.2055
1,121,28,0,0,40.205
1,122,28,0,0,40.2045
1,123,28,0,0,40.2039
1,124,28,0,0,40.2033
1,125,28,0,0,40.2027
1,126,28,0,0,40.2022
1,127,28,0,0,40.2018
1,0,29,0,1.68188e-05,41.2116
1,1,29,0,0,41.205
1,2,29,0,0,41.1963
1,3,29,0,0,41.1855
1,4,29,0,0,41.1729
1,5,29,0,0,41.1584
1,6,29,0,0,41.1422
1,7,29,0,0,41.1245
1,8,29,0,0,41.1053
1,9,29,0,0,41.085
1,10,29,0,0,41.0637
1,11,29,0,0,41.0415
1,12,29,0,0,41.0186
1,13,29,0,0,40.9951
1,14,29,0,0,40.9711
1,15,29,0,0,40.9468
1,16,29,0,0,40.9221
1,17,29,0,0,40.8973
1,18,29,0,0,40.8724
1,19,29,0,0,40.8476
1,20,29,0,0,40.823
1,21,29,0,0,40.7989
1,22,29,0,0,40.7751
1,23,29,0,0,40.7518
1,24,29,0,0,40.7289
1,25,29,0,0,40.7064
1,26,29,0,0,40.6844
1,27,29,0,0,40.6629
1,28,29,0,0,40.642
1,29,29,0,0,40.6216
1,30,29,0,0,40.6019
1,31,29,0,0,40.5829
1,32,29,0,0,40.5647
1,33,29,0,0,40.5472
1,34,29,0,0,40.5304
1,35,29,0,0,40.5145
1,36,29,0,0,40.4994
1,37,29,0,0,40.485
1,38,29,0,0,40.4714
1,39,29,0,0,40.4585
1,40,29,0,0,40.4461
1,41,29,0,0,40.4342
1,42,29,0,0,40.4228
1,43,29,0,0,40.4121
1,44,29,0,0,40.4018
1,45,29,0,0,40.3921
1,46,29,0,0,40.3827
1,47,29,0,0,40.3738
1,48,29,0,0,40.3653
1,49,29,0,0,40.3573
1,50,29,0,0,40.3499
1,51,29,0,0,40.343
1,52,29,0,0,40.3368
1,53,29,0,0,40.3312
1,54,29,0,0,40.3262
1,55,29,0,0,40.3217
1,56,29,0,0,40.3176
1,57,29,0,0,40.3138
1,58,29,0,0,40.3105
1,59,29,0,0,40.3075
1,60,29,0,0,40.3048
1,61,29,0,0,40.3022
1,62,29,0,0,40.2997
1,63,29,0,0,40.2974
1,64,29,0,1.68188e-05,40.2952
1,65,29,0,0,40.2905
1,66,29,0,0,40.2861
1,67,29,0,0,40.282
1,68,29,0,0,40.278
1,69,29,0,0,40.2742
1,70,29,0,0,40.2706
1,71,29,0,0,40.2671
1,72,29,0,0,40.2639
1,73,29,0,0,40.261
1,74,29,0,0,40.2583
1,75,29,0,0,40.2559
1,76,29,0,0,40.2537
1,77,29,0,0,40.2514
1,78,29,0,0,40.2491
1,79,29,0,0,40.2467
1,80,29,0,0,40.2443
1,81,29,0,0,40.2418
1,82,29,0,0,40.2396
1,83,29,0,0,40.2374
1,84,29,0,0,40.2355
1,85,29,0,0,40.2337
1,86,29,0,0,40.2321
1,87,29,0,0,40.2306
1,88,29,0,0,40.2293
1,89,29,0,0,40.228
1,90,29,0,0,40.2267
1,91,29,0,0,40.2256
1,92,29,0,0,40.2245
1,93,29,0,0,40.2236
1,94,29,0,0,40.2227
1,95,29,0,0,40.2219
1,96,29,0,0,40.2211
1,97,29,0,0,40.2205
1,98,29,0,0,40.22
1,99,29,0,0,40.2196
1,100,29,0,0,40.2193
1,101,29,0,0,40.2191
1,102,29,0,0,40.2189
1,103,29,0,0,40.2188
1,104,29,0,0,40.2185
1,105,29,0,0,40.2181
1,106,29,0,0,40.2177
1,107,29,0,0,40.2171
1,108,29,0,0,40.2163
1,109,29,0,0,40.2156
1,110,29,0,0,40.2146
1,111,29,0,0,40.2136
1,112,29,0,0,40.2126
1,113,29,0,0,40.2116
1,114,29,0,0,40.2107
1,115,29,0,0,40.2099
1,116,29,0,0,40.2092
1,117,29,0,0,40.2087
1,118,29,0,0,40.2082
1,119,29,0,0,40.2077
1,120,29,0,0,40.2073
1,121,29,0,0,40.2069
1,122,29,0,0,40.2064
1,123,29,0,0,40.2058
1,124,29,0,0,40.205
1,125,29,0,0,40.2043
1,126,29,0,0,40.2037
1,127,29,0,0,40.2031
1,0,30,0,1.68188e-05,41.1469
1,1,30,0,0,41.141
1,2,30,0,0,41.133
1,3,30,0,0,41.1232
1,4,30,0,0,41.1117
1,5,30,0,0,41.0985
1,6,30,0,0,41.0838
1,7,30,0,0,41.0676
1,8,30,0,0,41.0502
1,9,30,0,0,41.0317
1,10,30,0,0,41.0123
1,11,30,0,0,40.9922
1,12,30,0,0,40.9715
1,13,30,0,0,40.9503
1,14,30,0,0,40.9286
1,15,30,0,0,40.9065
1,16,30,0,0,40.884
1,17,30,0,0,40.8612
1,18,30,0,0,40.8382
1,19,30,0,0,40.8153
1,20,30,0,0,40.7926
1,21,30,0,0,40.7704
1,22,30,0,0,40.7486
1,23,30,0,0,40.7271
1,24,30,0,0,40.7059
1,25,30,0,0,40.685
1,26,30,0,0,40.6644
1,27,30,0,0,40.6443
1,28,30,0,0,40.6246
1,29,30,0,0,40.6053
1,30,30,0,0,40.5866
1,31,30,0,0,40.5687
1,32,30,0,0,40.5514
1,33,30,0,0,40.5349
1,34,30,0,0,40.5191
1,35,30,0,0,40.504
1,36,30,0,0,40.4897
1,37,30,0,0,40.4763
1,38,30,0,0,40.4637
1,39,30,0,0,40.4516
1,40,30,0,0,40.44
1,41,30,0,0,40.4287
1,42,30,0,0,40.4179
1,43,30,0,0,40.4076
1,44,30,0,0,40.3979
1,45,30,0,0,40.3886
1,46,30,0,0,40.3797
1,47,30,0,0,40.371
1,48,30,0,0,40.3627
1,49,30,0,0,40.3548
1,50,30,0,0,40.3475
1,51,30,0,0,40.3407
1,52,30,0,0,40.3347
1,53,30,0,0,40.3296
1,54,30,0,0,40.325
1,55,30,0,0,40.3208
1,56,30,0,0,40.3171
1,57,30,0,0,40.3136
1,58,30,0,0,40.3106
1,59,30,0,0,40.308
1,60,30,0,0,40.3057
1,61,30,0,0,40.3035
1,62,30,0,0,40.3011
1,63,30,0,0,40.2988
1,64,30,0,1.68188e-05,40.2965
1,65,30,0,0,40.2919
1,66,30,0,0,40.2877
1,67,30,0,0,40.2837
1,68,30,0,0,40.2798
1,69,30,0,0,40.2759
1,70,30,0,0,40.2722
1,71,30,0,0,40.2688
1,72,30,0,0,40.2656
1,73,30,0,0,40.2627
1,74,30,0,0,40.2601
1,75,30,0,0,40.258
1,76,30,0,0,40.2561
1,77,30,0,0,40.254
1,78,30,0,0,40.2518
1,79,30,0,0,40.2494
1,80,30,0,0,40.2466
1,81,30,0,0,40.244
1,82,30,0,0,40.2415
1,83,30,0,0,40.2393
1,84,30,0,0,40.2373
1,85,30,0,0,40.2356
1,86,30,0,0,40.234
1,87,30,0,0,40.2326
1,88,30,0,0,40.2314
1,89,30,0,0,40.2301
1,90,30,0,0,40.2288
1,91,30,0,0,40.2276
1,92,30,0,0,40.2266
1,93,30,0,0,40.2257
1,94,30,0,0,40.2248
1,95,30,0,0,40.224
1,96,30,0,0,40.2233
1,97,30,0,0,40.2227
1,98,30,0,0,40.2222
1,99,30,0,0,40.2219
1,100,30,0,0,40.2217
1,101,30,0,0,40.2217
1,102,30,0,0,40.2218
1,103,30,0,0,40.2218
1,104,30,0,0,40.2216
1,105,30,0,0,40.2213
1,106,30,0,0,40.2209
1,107,30,0,0,40.2202
1,108,30,0,0,40.2194
1,109,30,0,0,40.2186
1,110,30,0,0,40.2175
1,111,30,0,0,40.2163
1,112,30,0,0,40.2151
1,113,30,0,0,40.214
1,114,30,0,0,40.213
1,115,30,0,0,40.2122
1,116,30,0,0,40.2115
1,117,30,0,0,40.2109
1,118,30,0,0,40.2105
1,119,30,0,0,40.2101
1,120,30,0,0,40.2098
1,121,30,0,0,40.2096
1,122,30,0,0,40.2092
1,123,30,0,0,40.2085
1,124,30,0,0,40.2075
1,125,30,0,0,40.2066
1,126,30,0,0,40.2058
1,127,30,0,0,40.205
1,0,31,0,1.68188e-05,41.0879
1,1,31,0,0,41.083
1,2,31,0,0,41.0756
1,3,31,0,0,41.0664
1,4,31,0,0,41.056
1,5,31,0,0,41.0439
1,6,31,0,0,41.0304
1,7,31,0,0,41.0158
1,8,31,0,0,40.9997
1,9,31,0,0,40.9827
1,10,31,0,0,40.9652
1,11,31,0,0,40.947
1,12,31,0,0,40.9283
1,13,31,0,0,40.9093
1,14,31,0,0,40.8896
1,15,31,0,0,40.8697
1,16,31,0,0,40.8492
1,17,31,0,0,40.8283
1,18,31,0,0,40.8069
1,19,31,0,0,40.7855
1,20,31,0,0,40.7645
1,21,31,0,0,40.7442
1,22,31,0,0,40.7242
1,23,31,0,0,40.7046
1,24,31,0,0,40.6851
1,25,31,0,0,40.6655
1,26,31,0,0,40.6462
1,27,31,0,0,40.6276
1,28,31,0,0,40.6088
1,29,31,0,0,40.5905
1,30,31,0,0,40.5726
1,31,31,0,0,40.5558
1,32,31,0,0,40.5394
1,33,31,0,0,40.5239
1,34,31,0,0,40.5088
1,35,31,0,0,40.4945
1,36,31,0,0,40.4809
1,37,31,0,0,40.4685
1,38,31,0,0,40.457
1,39,31,0,0,40.446
1,40,31,0,0,40.4351
1,41,31,0,0,40.4241
1,42,31,0,0,40.4138
1,43,31,0,0,40.4039
1,44,31,0,0,40.395
1,45,31,0,0,40.3863
1,46,31,0,0,40.3777
1,47,31,0,0,40.3692
1,48,31,0,0,40.3609
1,49,31,0,0,40.353
1,50,31,0,0,40.3457
1,51,31,0,0,40.3388
1,52,31,0,0,40.3331
1,53,31,0,0,40.3285
1,54,31,0,0,40.3245
1,55,31,0,0,40.3208
1,56,31,0,0,40.3175
1,57,31,0,0,40.3142
1,58,31,0,0,40.3114
1,59,31,0,0,40.3094
1,60,31,0,0,40.3077
1,61,31,0,0,40.3062
1,62,31,0,0,40.3036
1,63,31,0,0,40.3013
1,64,31,0,1.68188e-05,40.2986
1,65,31,0,0,40.294
1,66,31,0,0,40.2901
1,67,31,0,0,40.2863
1,68,31,0,0,40.2825
1,69,31,0,0,40.2786
1,70,31,0,0,40.2747
1,71,31,0,0,40.2712
1,72,31,0,0,40.2681
1,73,31,0,0,40.265
1,74,31,0,0,40.2625
1,75,31,0,0,40.2609
1,76,31,0,0,40.2595
1,77,31,0,0,40.2577
1,78,31,0,0,40.2558
1,79,31,0,0,40.2532
1,80,31,0,0,40.2498
1,81,31,0,0,40.2468
1,82,31,0,0,40.2443
1,83,31,0,0,40.2417
1,84,31,0,0,40.2399
1,85,31,0,0,40.2382
1,86,31,0,0,40.2366
1,87,31,0,0,40.2353
1,88,31,0,0,40.2344
1,89,31,0,0,40.233
1,90,31,0,0,40.2316
1,91,31,0,0,40.2303
1,92,31,0,0,40.2293
1,93,31,0,0,40.2287
1,94,31,0,0,40.2277
1,95,31,0,0,40.2268
1,96,31,0,0,40.2262
1,97,31,0,0,40.2255
1,98,31,0,0,40.2251
1,99,31,0,0,40.2248
1,100,31,0,0,40.2249
1,101,31,0,0,40.2251
1,102,31,0,0,40.2254
1,103,31,0,0,40.2258
1,104,31,0,0,40.2258
1,105,31,0,0,40.2253
1,106,31,0,0,40.2251
1,107,31,0,0,40.2244
1,108,31,0,0,40.2234
1,109,31,0,0,40.2228
1,110,31,0,0,40.2214
1,111,31,0,0,40.2197
1,112,31,0,0,40.2184
1,113,31,0,0,40.217
1,114,31,0,0,40.2159
1,115,31,0,0,40.2151
1,116,31,0,0,40.2143
1,117,31,0,0,40.214
1,118,31,0,0,40.2136
1,119,31,0,0,40.2132
1,120,31,0,0,40.2132
1,121,31,0,0,40.2131
1,122,31,0,0,40.2132
1,123,31,0,0,40.2122
1,124,31,0,0,40.2107
1,125,31,0,0,40.2096
1,126,31,0,0,40.2088
1,127,31,0,0,40.2075
1,0,32,0,3.52088e-05,41.0343
1,1,32,0,4.431e-05,41.0314
1,2,32,0,2.37525e-05,41.0237
1,3,32,0,1.428e-05,41.0145
1,4,32,0,4.002e-05,41.0057
1,5,32,0,2.7525e-05,40.9943
1,6,32,0,2.286e-05,40.9818
1,7,32,0,4.428e-05,40.969
1,8,32,0,3.144e-05,40.9537
1,9,32,0,1.69575e-05,40.9376
1,10,32,0,3e-05,40.922
1,11,32,0,3.144e-05,40.9057
1,12,32,0,2.142e-05,40.8887
1,13,32,0,3.858e-05,40.8722
1,14,32,0,1.428e-05,40.8539
1,15,32,0,5.718e-05,40.8366
1,16,32,0,4.8945e-05,40.8178
1,17,32,0,5.5335e-05,40.7986
1,18,32,0,4.0365e-05,40.7786
1,19,32,0,2.43e-05,40.758
1,20,32,0,1.89375e-05,40.7384
1,21,32,0,3e-05,40.7202
1,22,32,0,3.714e-05,40.7021
1,23,32,0,4.4625e-05,40.6844
1,24,32,0,5.43e-05,40.6667
1,25,32,0,4.82325e-05,40.6482
1,26,32,0,1.7505e-05,40.6296
1,27,32,0,6.62475e-05,40.6134
1,28,32,0,2.856e-05,40.5946
1,29,32,0,5.004e-05,40.5775
1,30,32,0,7.14e-06,40.5596
1,31,32,0,4.572e-05,40.5445
1,32,32,0,1.87425e-05,40.5283
1,33,32,0,4.716e-05,40.5143
1,34,32,0,2.574e-05,40.4994
1,35,32,0,3.213e-05,40.486
1,36,32,0,1.572e-05,40.4727
1,37,32,0,3e-05,40.4616
1,38,32,0,3.144e-05,40.4512
1,39,32,0,4.428e-05,40.4419
1,40,32,0,5.286e-05,40.4318
1,41,32,0,3e-05,40.4205
1,42,32,0,4.716e-05,40.4109
1,43,32,0,1.572e-05,40.4007
1,44,32,0,4.716e-05,40.3934
1,45,32,0,4.0365e-05,40.3851
1,46,32,0,4.62675e-05,40.377
1,47,32,0,3.82125e-05,40.3687
1,48,32,0,2.592e-05,40.36
1,49,32,0,7.14e-06,40.3517
1,50,32,0,3.144e-05,40.3449
1,51,32,0,7.14e-06,40.3371
1,52,32,0,7.14e-06,40.3315
1,53,32,0,3.429e-05,40.3282
1,54,32,0,2.574e-05,40.3248
1,55,32,0,2.286e-05,40.3216
1,56,32,0,4.1805e-05,40.319
1,57,32,0,3.144e-05,40.3155
1,58,32,0,2.19675e-05,40.3125
1,59,32,0,4.716e-05,40.3118
1,60,32,0,3.55575e-05,40.3107
1,61,32,0,9.2025e-05,40.3111
1,62,32,0,3.144e-05,40.307
1,63,32,0,7.002e-05,40.3054
1,64,32,0,2.84212e-05,40.301
1,65,32,0,2.286e-05,40.2966
1,66,32,0,3.62475e-05,40.2935
1,67,32,0,2.286e-05,40.29
1,68,32,0,3e-05,40.2866
1,69,32,0,3.32325e-05,40.2822
1,70,32,0,3.144e-05,40.2779
1,71,32,0,1.929e-05,40.2743
1,72,32,0,4.428e-05,40.2716
1,73,32,0,1.89375e-05,40.2679
1,74,32,0,7.14e-06,40.2648
1,75,32,0,4.572e-05,40.2647
1,76,32,0,6e-05,40.2644
1,77,32,0,4.284e-05,40.2624
1,78,32,0,6.144e-05,40.2614
1,79,32,0,6.86175e-05,40.2588
1,80,32,0,2.286e-05,40.2535
1,81,32,0,1.875e-05,40.2503
1,82,32,0,4.2495e-05,40.2479
1,83,32,0,1.25025e-05,40.2444
1,84,32,0,2.7525e-05,40.2431
1,85,32,0,3.6795e-05,40.2418
1,86,32,0,2.43e-05,40.2396
1,87,32,0,2.592e-05,40.2386
1,88,32,0,4.572e-05,40.2386
1,89,32,0,3.432e-05,40.237
1,90,32,0,2.43e-05,40.2351
1,91,32,0,2.55375e-05,40.2335
1,92,32,0,2.286e-05,40.2326
1,93,32,0,4.572e-05,40.2328
1,94,32,0,3.858e-05,40.2316
1,95,32,0,2.91075e-05,40.2302
1,96,32,0,3.89625e-05,40.23
1,97,32,0,3.48075e-05,40.2291
1,98,32,0,3e-05,40.2286
1,99,32,0,3e-05,40.2284
1,100,32,0,3.288e-05,40.2287
1,101,32,0,3.2145e-05,40.2294
1,102,32,0,3e-05,40.23
1,103,32,0,3.7875e-05,40.2309
1,104,32,0,4.572e-05,40.2314
1,105,32,0,2.3595e-05,40.23
1,106,32,0,6.8925e-05,40.2309
1,107,32,0,5.286e-05,40.2296
1,108,32,0,1.5015e-05,40.2278
1,109,32,0,6.0885e-05,40.2287
1,110,32,0,4.86e-05,40.2266
1,111,32,0,1.428e-05,40.2234
1,112,32,0,5.142e-05,40.2229
1,113,32,0,2.43e-05,40.2205
1,114,32,0,3.144e-05,40.2193
1,115,32,0,2.69775e-05,40.2188
1,116,32,0,1.572e-05,40.2175
1,117,32,0,3.858e-05,40.2179
1,118,32,0,2.6775e-05,40.2174
1,119,32,0,2.142e-05,40.2169
1,120,32,0,4.164e-05,40.2174
1,121,32,0,2.286e-05,40.2174
1,122,32,0,7.35525e-05,40.2191
1,123,32,0,5.58825e-05,40.2173
1,124,32,0,1.143e-05,40.2143
1,125,32,0,2.142e-05,40.2129
1,126,32,0,5.142e-05,40.2131
1,127,32,0,4.284e-05,40.2108
1,0,33,0,6.41287e-05,40.9827
1,1,33,0,8.96925e-05,40.9808
1,2,33,0,5.286e-05,40.973
1,3,33,0,2.142e-05,40.9634
1,4,33,0,4.572e-05,40.9551
1,5,33,0,3.8235e-05,40.9446
1,6,33,0,4.002e-05,40.9333
1,7,33,0,3.858e-05,40.9207
1,8,33,0,2.2155e-05,40.9065
1,9,33,0,3.44625e-05,40.8925
1,10,33,0,2.286e-05,40.8777
1,11,33,0,3e-05,40.8631
1,12,33,0,3.44625e-05,40.8482
1,13,33,0,4.5015e-05,40.8334
1,14,33,0,7.929e-05,40.818
1,15,33,0,8.58e-06,40.7985
1,16,33,0,3.5355e-05,40.7816
1,17,33,0,1.7505e-05,40.7636
1,18,33,0,4.929e-05,40.7468
1,19,33,0,3.714e-05,40.7284
1,20,33,0,3.46575e-05,40.7105
1,21,33,0,4.66125e-05,40.6936
1,22,33,0,3.05475e-05,40.676
1,23,33,0,3.48075e-05,40.6592
1,24,33,0,3.83775e-05,40.6425
1,25,33,0,2.17875e-05,40.6253
1,26,33,0,6.6795e-05,40.6101
1,27,33,0,3.37725e-05,40.5929
1,28,33,0,4.44825e-05,40.5763
1,29,33,0,1.428e-05,40.5591
1,30,33,0,5.43e-05,40.5445
1,31,33,0,2.24925e-05,40.5286
1,32,33,0,3.09e-05,40.514
1,33,33,0,2.17875e-05,40.4997
1,34,33,0,2.142e-05,40.4862
1,35,33,0,3.357e-05,40.4739
1,36,33,0,1.53525e-05,40.4613
1,37,33,0,2.17875e-05,40.4506
1,38,33,0,2.286e-05,40.441
1,39,33,0,6.0735e-05,40.433
1,40,33,0,3.858e-05,40.4225
1,41,33,0,2.8215e-05,40.412
1,42,33,0,2.34075e-05,40.4023
1,43,33,0,2.286e-05,40.3935
1,44,33,0,4.09125e-05,40.3865
1,45,33,0,4.071e-05,40.3786
1,46,33,0,2.23125e-05,40.3703
1,47,33,0,4.32075e-05,40.3634
1,48,33,0,3.73425e-05,40.356
1,49,33,0,5.43e-05,40.3491
1,50,33,0,3.8925e-05,40.3413
1,51,33,0,7.14e-06,40.3331
1,52,33,0,1.428e-05,40.3276
1,53,33,0,4.29e-06,40.3236
1,54,33,0,4.716e-05,40.322
1,55,33,0,4.359e-05,40.3191
1,56,33,0,3.5355e-05,40.3158
1,57,33,0,3.594e-05,40.3125
1,58,33,0,4.4625e-06,40.3088
1,59,33,0,3.306e-05,40.3082
1,60,33,0,3.44625e-05,40.3074
1,61,33,0,4.749e-05,40.3067
1,62,33,0,3e-05,40.3039
1,63,33,0,3.213e-05,40.302
1,64,33,0,5.71837e-05,40.2999
1,65,33,0,3.144e-05,40.2954
1,66,33,0,3.23325e-05,40.2924
1,67,33,0,7.86e-05,40.2911
1,68,33,0,8.718e-05,40.2878
1,69,33,0,3.14325e-05,40.2813
1,70,33,0,1.428e-05,40.2763
1,71,33,0,6.357e-05,40.2743
1,72,33,0,1.428e-05,40.2698
1,73,33,0,5.82225e-05,40.268
1,74,33,0,2.286e-05,40.2642
1,75,33,0,1.428e-05,40.2623
1,76,33,0,4.341e-05,40.2622
1,77,33,0,2.286e-05,40.2601
1,78,33,0,5.43e-05,40.2595
1,79,33,0,5.16225e-05,40.2569
1,80,33,0,9.8175e-06,40.2522
1,81,33,0,7.14525e-05,40.2511
1,82,33,0,1.7505e-05,40.2465
1,83,33,0,1.74975e-05,40.2437
1,84,33,0,4.284e-05,40.2429
1,85,33,0,4.1805e-05,40.2412
1,86,33,0,1.572e-05,40.2385
1,87,33,0,1.51725e-05,40.2374
1,88,33,0,5.142e-05,40.2381
1,89,33,0,3.65925e-05,40.2366
1,90,33,0,4.3245e-05,40.2352
1,91,33,0,2.34075e-05,40.2329
1,92,33,0,2.286e-05,40.2318
1,93,33,0,4.572e-05,40.2319
1,94,33,0,3e-05,40.2302
1,95,33,0,8.0325e-06,40.2285
1,96,33,0,5.12775e-05,40.2292
1,97,33,0,8.0325e-06,40.2273
1,98,33,0,3.73425e-05,40.2278
1,99,33,0,2.76675e-05,40.2275
1,100,33,0,1.878e-05,40.2276
1,101,33,0,4.46475e-05,40.2294
1,102,33,0,4.785e-05,40.2304
1,103,33,0,4.9305e-05,40.2312
1,104,33,0,8.142e-05,40.2322
1,105,33,0,3.2145e-05,40.2296
1,106,33,0,2.8215e-05,40.2285
1,107,33,0,1.785e-05,40.2275
1,108,33,0,4.55325e-05,40.2281
1,109,33,0,7.1955e-05,40.2286
1,110,33,0,4.572e-05,40.226
1,111,33,0,2.286e-05,40.2228
1,112,33,0,3.714e-05,40.2217
1,113,33,0,3.144e-05,40.2197
1,114,33,0,0,40.2179
1,115,33,0,7.02e-05,40.2196
1,116,33,0,1.96425e-05,40.2174
1,117,33,0,3.144e-05,40.2174
1,118,33,0,4.7505e-05,40.2177
1,119,33,0,4.002e-05,40.217
1,120,33,0,1.60875e-05,40.2161
1,121,33,0,4.572e-05,40.2172
1,122,33,0,4.35675e-05,40.2173
1,123,33,0,1.6065e-05,40.2154
1,124,33,0,6.1815e-05,40.2151
1,125,33,0,7.14e-06,40.2121
1,126,33,0,5.514e-05,40.2123
1,127,33,0,7.14e-06,40.2088
1,0,34,0,1.68188e-05,40.9284
1,1,34,0,3.2175e-06,40.9249
1,2,34,0,6.2475e-06,40.9188
1,3,34,0,0,40.9109
1,4,34,0,0,40.9025
1,5,34,0,0,40.893
1,6,34,0,0,40.8825
1,7,34,0,0,40.8711
1,8,34,0,2.145e-06,40.8588
1,9,34,0,0,40.8458
1,10,34,0,0,40.8324
1,11,34,0,0,40.8188
1,12,34,0,2.6775e-06,40.805
1,13,34,0,2.145e-06,40.7908
1,14,34,0,3.57e-06,40.7758
1,15,34,0,0,40.7595
1,16,34,0,0,40.7434
1,17,34,0,0,40.7271
1,18,34,0,1.785e-06,40.7111
1,19,34,0,0,40.6946
1,20,34,0,2.145e-06,40.6784
1,21,34,0,6.2475e-06,40.6625
1,22,34,0,8.925e-07,40.6463
1,23,34,0,6.2475e-06,40.6307
1,24,34,0,4.4625e-06,40.615
1,25,34,0,0,40.5991
1,26,34,0,0,40.5839
1,27,34,0,0,40.5684
1,28,34,0,2.6775e-06,40.5532
1,29,34,0,0,40.538
1,30,34,0,0,40.5237
1,31,34,0,7.5075e-06,40.5097
1,32,34,0,3.2175e-06,40.4959
1,33,34,0,1.0725e-06,40.4826
1,34,34,0,0,40.47
1,35,34,0,0,40.4583
1,36,34,0,7.5075e-06,40.4472
1,37,34,0,1.0725e-06,40.4366
1,38,34,0,0,40.427
1,39,34,0,2.145e-06,40.4181
1,40,34,0,0,40.4086
1,41,34,0,1.785e-06,40.3993
1,42,34,0,8.925e-07,40.3905
1,43,34,0,0,40.3823
1,44,34,0,6.2475e-06,40.375
1,45,34,0,1.785e-06,40.3674
1,46,34,0,0,40.3599
1,47,34,0,0,40.3531
1,48,34,0,9.8175e-06,40.3466
1,49,34,0,0,40.3396
1,50,34,0,5.355e-06,40.333
1,51,34,0,0,40.3264
1,52,34,0,0,40.3211
1,53,34,0,0,40.317
1,54,34,0,0,40.314
1,55,34,0,3.57e-06,40.3111
1,56,34,0,0,40.308
1,57,34,0,0,40.305
1,58,34,0,3.57e-06,40.3025
1,59,34,0,0,40.3007
1,60,34,0,0,40.2993
1,61,34,0,2.145e-06,40.2981
1,62,34,0,0,40.2962
1,63,34,0,3.57e-06,40.2946
1,64,34,0,2.48513e-05,40.2932
1,65,34,0,0,40.2888
1,66,34,0,0,40.2854
1,67,34,0,0,40.2825
1,68,34,0,0,40.2791
1,69,34,0,5.355e-06,40.2748
1,70,34,0,0,40.2706
1,71,34,0,0,40.2675
1,72,34,0,0,40.2641
1,73,34,0,0,40.2615
1,74,34,0,0,40.2588
1,75,34,0,0,40.2569
1,76,34,0,1.089e-05,40.2559
1,77,34,0,0,40.2537
1,78,34,0,0,40.2519
1,79,34,0,0,40.2496
1,80,34,0,4.4625e-06,40.2469
1,81,34,0,2.6775e-06,40.2445
1,82,34,0,0,40.2415
1,83,34,0,0,40.2391
1,84,34,0,5.355e-06,40.2376
1,85,34,0,0,40.2358
1,86,34,0,0,40.234
1,87,34,0,6.2475e-06,40.233
1,88,34,0,0,40.2322
1,89,34,0,6.2475e-06,40.2312
1,90,34,0,5.355e-06,40.2299
1,91,34,0,5.355e-06,40.2283
1,92,34,0,0,40.2269
1,93,34,0,0,40.2261
1,94,34,0,0,40.2249
1,95,34,0,0,40.2239
1,96,34,0,0,40.2235
1,97,34,0,0,40.2228
1,98,34,0,2.6775e-06,40.2227
1,99,34,0,8.925e-07,40.2226
1,100,34,0,0,40.2228
1,101,34,0,7.5075e-06,40.2237
1,102,34,0,3.57e-06,40.2241
1,103,34,0,0,40.2242
1,104,34,0,0,40.2242
1,105,34,0,0,40.2232
1,106,34,0,0,40.2224
1,107,34,0,3.57e-06,40.2219
1,108,34,0,8.0325e-06,40.2218
1,109,34,0,0,40.2209
1,110,34,0,0,40.2193
1,111,34,0,0,40.2174
1,112,34,0,0,40.216
1,113,34,0,0,40.2147
1,114,34,0,0,40.2137
1,115,34,0,4.4625e-06,40.2137
1,116,34,0,3.2175e-06,40.2128
1,117,34,0,0,40.2122
1,118,34,0,0,40.212
1,119,34,0,0,40.2115
1,120,34,0,1.0725e-06,40.2112
1,121,34,0,0,40.2113
1,122,34,0,7.14e-06,40.2113
1,123,34,0,8.925e-07,40.2102
1,124,34,0,5.355e-06,40.2094
1,125,34,0,0,40.2079
1,126,34,0,6.48e-06,40.2071
1,127,34,0,0,40.2052
1,0,35,0,1.68188e-05,40.8785
1,1,35,0,0,40.8744
1,2,35,0,0,40.8688
1,3,35,0,0,40.8619
1,4,35,0,0,40.8541
1,5,35,0,0,40.8454
1,6,35,0,0,40.8358
1,7,35,0,0,40.8254
1,8,35,0,0,40.8142
1,9,35,0,0,40.8024
1,10,35,0,0,40.7902
1,11,35,0,0,40.7776
1,12,35,0,0,40.7646
1,13,35,0,0,40.7512
1,14,35,0,0,40.7373
1,15,35,0,0,40.7227
1,16,35,0,0,40.7079
1,17,35,0,0,40.693
1,18,35,0,0,40.6781
1,19,35,0,0,40.663
1,20,35,0,0,40.648
1,21,35,0,0,40.6331
1,22,35,0,0,40.6182
1,23,35,0,0,40.6035
1,24,35,0,0,40.5889
1,25,35,0,0,40.5743
1,26,35,0,0,40.56
1,27,35,0,0,40.5457
1,28,35,0,0,40.5316
1,29,35,0,0,40.5177
1,30,35,0,0,40.5043
1,31,35,0,0,40.4913
1,32,35,0,0,40.4786
1,33,35,0,0,40.4663
1,34,35,0,0,40.4546
1,35,35,0,0,40.4436
1,36,35,0,0,40.4331
1,37,35,0,0,40.4231
1,38,35,0,0,40.4138
1,39,35,0,0,40.4048
1,40,35,0,0,40.396
1,41,35,0,0,40.3875
1,42,35,0,0,40.3793
1,43,35,0,0,40.3715
1,44,35,0,0,40.3642
1,45,35,0,0,40.3571
1,46,35,0,0,40.3502
1,47,35,0,0,40.3437
1,48,35,0,0,40.3374
1,49,35,0,0,40.3311
1,50,35,0,0,40.3251
1,51,35,0,0,40.3195
1,52,35,0,0,40.3146
1,53,35,0,0,40.3105
1,54,35,0,0,40.3071
1,55,35,0,0,40.304
1,56,35,0,0,40.301
1,57,35,0,0,40.2983
1,58,35,0,0,40.2959
1,59,35,0,0,40.294
1,60,35,0,0,40.2923
1,61,35,0,0,40.2908
1,62,35,0,0,40.2892
1,63,35,0,0,40.2877
1,64,35,0,1.68188e-05,40.2864
1,65,35,0,0,40.2825
1,66,35,0,0,40.2789
1,67,35,0,0,40.2756
1,68,35,0,0,40.2722
1,69,35,0,0,40.2685
1,70,35,0,0,40.265
1,71,35,0,0,40.2618
1,72,35,0,0,40.2588
1,73,35,0,0,40.2561
1,74,35,0,0,40.2537
1,75,35,0,0,40.2516
1,76,35,0,0,40.2498
1,77,35,0,0,40.2479
1,78,35,0,0,40.2459
1,79,35,0,0,40.2437
1,80,35,0,0,40.2414
1,81,35,0,0,40.239
1,82,35,0,0,40.2367
1,83,35,0,0,40.2346
1,84,35,0,0,40.2328
1,85,35,0,0,40.2311
1,86,35,0,0,40.2295
1,87,35,0,0,40.2283
1,88,35,0,0,40.2272
1,89,35,0,0,40.2261
1,90,35,0,0,40.2249
1,91,35,0,0,40.2236
1,92,35,0,0,40.2224
1,93,35,0,0,40.2214
1,94,35,0,0,40.2204
1,95,35,0,0,40.2196
1,96,35,0,0,40.2189
1,97,35,0,0,40.2184
1,98,35,0,0,40.2181
1,99,35,0,0,40.2179
1,100,35,0,0,40.218
1,101,35,0,0,40.2183
1,102,35,0,0,40.2184
1,103,35,0,0,40.2183
1,104,35,0,0,40.2181
1,105,35,0,0,40.2175
1,106,35,0,0,40.2169
1,107,35,0,0,40.2163
1,108,35,0,0,40.2157
1,109,35,0,0,40.2149
1,110,35,0,0,40.2137
1,111,35,0,0,40.2124
1,112,35,0,0,40.2112
1,113,35,0,0,40.2101
1,114,35,0,0,40.2093
1,115,35,0,0,40.2088
1,116,35,0,0,40.2082
1,117,35,0,0,40.2076
1,118,35,0,0,40.2072
1,119,35,0,0,40.2068
1,120,35,0,0,40.2065
1,121,35,0,0,40.2063
1,122,35,0,0,40.2059
1,123,35,0,0,40.2053
1,124,35,0,0,40.2045
1,125,35,0,0,40.2036
1,126,35,0,0,40.2027
1,127,35,0,0,40.2017
1,0,36,0,1.68188e-05,40.8326
1,1,36,0,0,40.8283
1,2,36,0,0,40.8231
1,3,36,0,0,40.8168
1,4,36,0,0,40.8096
1,5,36,0,0,40.8016
1,6,36,0,0,40.7928
1,7,36,0,0,40.7833
1,8,36,0,0,40.7731
1,9,36,0,0,40.7623
1,10,36,0,0,40.751
1,11,36,0,0,40.7394
1,12,36,0,0,40.7273
1,13,36,0,0,40.7148
1,14,36,0,0,40.7019
1,15,36,0,0,40.6886
1,16,36,0,0,40.6751
1,17,36,0,0,40.6613
1,18,36,0,0,40.6475
1,19,36,0,0,40.6336
1,20,36,0,0,40.6198
1,21,36,0,0,40.6059
1,22,36,0,0,40.5921
1,23,36,0,0,40.5784
1,24,36,0,0,40.5648
1,25,36,0,0,40.5513
1,26,36,0,0,40.5379
1,27,36,0,0,40.5247
1,28,36,0,0,40.5117
1,29,36,0,0,40.4989
1,30,36,0,0,40.4864
1,31,36,0,0,40.4743
1,32,36,0,0,40.4625
1,33,36,0,0,40.4511
1,34,36,0,0,40.4402
1,35,36,0,0,40.4298
1,36,36,0,0,40.4199
1,37,36,0,0,40.4105
1,38,36,0,0,40.4015
1,39,36,0,0,40.393
1,40,36,0,0,40.3846
1,41,36,0,0,40.3766
1,42,36,0,0,40.3689
1,43,36,0,0,40.3616
1,44,36,0,0,40.3546
1,45,36,0,0,40.3479
1,46,36,0,0,40.3414
1,47,36,0,0,40.3352
1,48,36,0,0,40.3293
1,49,36,0,0,40.3235
1,50,36,0,0,40.3181
1,51,36,0,0,40.313
1,52,36,0,0,40.3085
1,53,36,0,0,40.3045
1,54,36,0,0,40.301
1,55,36,0,0,40.2979
1,56,36,0,0,40.295
1,57,36,0,0,40.2924
1,58,36,0,0,40.2901
1,59,36,0,0,40.2881
1,60,36,0,0,40.2863
1,61,36,0,0,40.2847
1,62,36,0,0,40.2832
1,63,36,0,0,40.2818
1,64,36,0,1.68188e-05,40.2806
1,65,36,0,0,40.2769
1,66,36,0,0,40.2733
1,67,36,0,0,40.2699
1,68,36,0,0,40.2666
1,69,36,0,0,40.2632
1,70,36,0,0,40.26
1,71,36,0,0,40.2569
1,72,36,0,0,40.2541
1,73,36,0,0,40.2515
1,74,36,0,0,40.2491
1,75,36,0,0,40.247
1,76,36,0,0,40.245
1,77,36,0,0,40.243
1,78,36,0,0,40.241
1,79,36,0,0,40.2389
1,80,36,0,0,40.2367
1,81,36,0,0,40.2346
1,82,36,0,0,40.2325
1,83,36,0,0,40.2306
1,84,36,0,0,40.2288
1,85,36,0,0,40.2272
1,86,36,0,0,40.2257
1,87,36,0,0,40.2244
1,88,36,0,0,40.2232
1,89,36,0,0,40.222
1,90,36,0,0,40.2208
1,91,36,0,0,40.2196
1,92,36,0,0,40.2185
1,93,36,0,0,40.2175
1,94,36,0,0,40.2166
1,95,36,0,0,40.2158
1,96,36,0,0,40.2152
1,97,36,0,0,40.2146
1,98,36,0,0,40.2142
1,99,36,0,0,40.214
1,100,36,0,0,40.2138
1,101,36,0,0,40.2138
1,102,36,0,0,40.2137
1,103,36,0,0,40.2135
1,104,36,0,0,40.2131
1,105,36,0,0,40.2126
1,106,36,0,0,40.2121
1,107,36,0,0,40.2115
1,108,36,0,0,40.2108
1,109,36,0,0,40.21
1,110,36,0,0,40.2091
1,111,36,0,0,40.208
1,112,36,0,0,40.2071
1,113,36,0,0,40.2062
1,114,36,0,0,40.2054
1,115,36,0,0,40.2048
1,116,36,0,0,40.2042
1,117,36,0,0,40.2037
1,118,36,0,0,40.2033
1,119,36,0,0,40.2029
1,120,36,0,0,40.2025
1,121,36,0,0,40.2022
1,122,36,0,0,40.2018
1,123,36,0,0,40.2012
1,124,36,0,0,40.2006
1,125,36,0,0,40.1999
1,126,36,0,0,40.1992
1,127,36,0,0,40.1986
1,0,37,0,1.68188e-05,40.7904
1,1,37,0,0,40.7862
1,2,37,0,0,40.7812
1,3,37,0,0,40.7754
1,4,37,0,0,40.7688
1,5,37,0,0,40.7614
1,6,37,0,0,40.7533
1,7,37,0,0,40.7445
1,8,37,0,0,40.7352
1,9,37,0,0,40.7253
1,10,37,0,0,40.7149
1,11,37,0,0,40.7041
1,12,37,0,0,40.6929
1,13,37,0,0,40.6813
1,14,37,0,0,40.6694
1,15,37,0,0,40.6572
1,16,37,0,0,40.6447
1,17,37,0,0,40.632
1,18,37,0,0,40.6193
1,19,37,0,0,40.6064
1,20,37,0,0,40.5936
1,21,37,0,0,40.5808
1,22,37,0,0,40.568
1,23,37,0,0,40.5552
1,24,37,0,0,40.5426
1,25,37,0,0,40.53
1,26,37,0,0,40.5176
1,27,37,0,0,40.5054
1,28,37,0,0,40.4933
1,29,37,0,0,40.4814
1,30,37,0,0,40.4698
1,31,37,0,0,40.4586
1,32,37,0,0,40.4476
1,33,37,0,0,40.437
1,34,37,0,0,40.4268
1,35,37,0,0,40.4171
1,36,37,0,0,40.4078
1,37,37,0,0,40.3988
1,38,37,0,0,40.3903
1,39,37,0,0,40.3822
1,40,37,0,0,40.3743
1,41,37,0,0,40.3668
1,42,37,0,0,40.3595
1,43,37,0,0,40.3526
1,44,37,0,0,40.346
1,45,37,0,0,40.3396
1,46,37,0,0,40.3335
1,47,37,0,0,40.3277
1,48,37,0,0,40.3221
1,49,37,0,0,40.3168
1,50,37,0,0,40.3118
1,51,37,0,0,40.3071
1,52,37,0,0,40.3029
1,53,37,0,0,40.2991
1,54,37,0,0,40.2956
1,55,37,0,0,40.2926
1,56,37,0,0,40.2898
1,57,37,0,0,40.2872
1,58,37,0,0,40.285
1,59,37,0,0,40.283
1,60,37,0,0,40.2812
1,61,37,0,0,40.2796
1,62,37,0,0,40.2781
1,63,37,0,0,40.2768
1,64,37,0,1.68188e-05,40.2757
1,65,37,0,0,40.272
1,66,37,0,0,40.2685
1,67,37,0,0,40.2652
1,68,37,0,0,40.2619
1,69,37,0,0,40.2588
1,70,37,0,0,40.2557
1,71,37,0,0,40.2528
1,72,37,0,0,40.2501
1,73,37,0,0,40.2476
1,74,37,0,0,40.2453
1,75,37,0,0,40.2431
1,76,37,0,0,40.2411
1,77,37,0,0,40.239
1,78,37,0,0,40.237
1,79,37,0,0,40.235
1,80,37,0,0,40.233
1,81,37,0,0,40.231
1,82,37,0,0,40.2291
1,83,37,0,0,40.2272
1,84,37,0,0,40.2255
1,85,37,0,0,40.2239
1,86,37,0,0,40.2225
1,87,37,0,0,40.2211
1,88,37,0,0,40.2199
1,89,37,0,0,40.2187
1,90,37,0,0,40.2175
1,91,37,0,0,40.2164
1,92,37,0,0,40.2154
1,93,37,0,0,40.2144
1,94,37,0,0,40.2135
1,95,37,0,0,40.2128
1,96,37,0,0,40.2121
1,97,37,0,0,40.2115
1,98,37,0,0,40.211
1,99,37,0,0,40.2107
1,100,37,0,0,40.2104
1,101,37,0,0,40.2102
1,102,37,0,0,40.2099
1,103,37,0,0,40.2096
1,104,37,0,0,40.2092
1,105,37,0,0,40.2087
1,106,37,0,0,40.2082
1,107,37,0,0,40.2076
1,108,37,0,0,40.2069
1,109,37,0,0,40.2061
1,110,37,0,0,40.2053
1,111,37,0,0,40.2045
1,112,37,0,0,40.2036
1,113,37,0,0,40.2028
1,114,37,0,0,40.2021
1,115,37,0,0,40.2015
1,116,37,0,0,40.201
1,117,37,0,0,40.2005
1,118,37,0,0,40.2001
1,119,37,0,0,40.1997
1,120,37,0,0,40.1993
1,121,37,0,0,40.1989
1,122,37,0,0,40.1985
1,123,37,0,0,40.198
1,124,37,0,0,40.1975
1,125,37,0,0,40.197
1,126,37,0,0,40.1965
1,127,37,0,0,40.1961
1,0,38,0,1.68188e-05,40.7517
1,1,38,0,0,40.7476
1,2,38,0,0,40.7429
1,3,38,0,0,40.7375
1,4,38,0,0,40.7313
1,5,38,0,0,40.7245
1,6,38,0,0,40.717
1,7,38,0,0,40.7089
1,8,38,0,0,40.7003
1,9,38,0,0,40.6912
1,10,38,0,0,40.6816
1,11,38,0,0,40.6716
1,12,38,0,0,40.6612
1,13,38,0,0,40.6505
1,14,38,0,0,40.6395
1,15,38,0,0,40.6282
1,16,38,0,0,40.6167
1,17,38,0,0,40.605
1,18,38,0,0,40.5932
1,19,38,0,0,40.5813
1,20,38,0,0,40.5694
1,21,38,0,0,40.5576
1,22,38,0,0,40.5457
1,23,38,0,0,40.5339
1,24,38,0,0,40.5221
1,25,38,0,0,40.5105
1,26,38,0,0,40.499
1,27,38,0,0,40.4876
1,28,38,0,0,40.4764
1,29,38,0,0,40.4654
1,30,38,0,0,40.4546
1,31,38,0,0,40.4441
1,32,38,0,0,40.4339
1,33,38,0,0,40.424
1,34,38,0,0,40.4145
1,35,38,0,0,40.4054
1,36,38,0,0,40.3966
1,37,38,0,0,40.3882
1,38,38,0,0,40.3801
1,39,38,0,0,40.3724
1,40,38,0,0,40.365
1,41,38,0,0,40.3579
1,42,38,0,0,40.3511
1,43,38,0,0,40.3446
1,44,38,0,0,40.3383
1,45,38,0,0,40.3323
1,46,38,0,0,40.3266
1,47,38,0,0,40.3211
1,48,38,0,0,40.3159
1,49,38,0,0,40.311
1,50,38,0,0,40.3063
1,51,38,0,0,40.3019
1,52,38,0,0,40.2979
1,53,38,0,0,40.2943
1,54,38,0,0,40.291
1,55,38,0,0,40.288
1,56,38,0,0,40.2853
1,57,38,0,0,40.2828
1,58,38,0,0,40.2806
1,59,38,0,0,40.2787
1,60,38,0,0,40.2769
1,61,38,0,0,40.2753
1,62,38,0,0,40.2739
1,63,38,0,0,40.2727
1,64,38,0,1.68188e-05,40.2717
1,65,38,0,0,40.2681
1,66,38,0,0,40.2646
1,67,38,0,0,40.2613
1,68,38,0,0,40.2582
1,69,38,0,0,40.2552
1,70,38,0,0,40.2523
1,71,38,0,0,40.2495
1,72,38,0,0,40.2469
1,73,38,0,0,40.2445
1,74,38,0,0,40.2422
1,75,38,0,0,40.24
1,76,38,0,0,40.238
1,77,38,0,0,40.236
1,78,38,0,0,40.234
1,79,38,0,0,40.232
1,80,38,0,0,40.2301
1,81,38,0,0,40.2282
1,82,38,0,0,40.2264
1,83,38,0,0,40.2246
1,84,38,0,0,40.223
1,85,38,0,0,40.2214
1,86,38,0,0,40.22
1,87,38,0,0,40.2186
1,88,38,0,0,40.2174
1,89,38,0,0,40.2162
1,90,38,0,0,40.215
1,91,38,0,0,40.214
1,92,38,0,0,40.2129
1,93,38,0,0,40.212
1,94,38,0,0,40.2111
1,95,38,0,0,40.2104
1,96,38,0,0,40.2097
1,97,38,0,0,40.2091
1,98,38,0,0,40.2085
1,99,38,0,0,40.2081
1,100,38,0,0,40.2077
1,101,38,0,0,40.2073
1,102,38,0,0,40.207
1,103,38,0,0,40.2066
1,104,38,0,0,40.2061
1,105,38,0,0,40.2056
1,106,38,0,0,40.2051
1,107,38,0,0,40.2045
1,108,38,0,0,40.2038
1,109,38,0,0,40.2031
1,110,38,0,0,40.2024
1,111,38,0,0,40.2016
1,112,38,0,0,40.2009
1,113,38,0,0,40.2002
1,114,38,0,0,40.1995
1,115,38,0,0,40.199
1,116,38,0,0,40.1985
1,117,38,0,0,40.198
1,118,38,0,0,40.1976
1,119,38,0,0,40.1972
1,120,38,0,0,40.1968
1,121,38,0,0,40.1964
1,122,38,0,0,40.196
1,123,38,0,0,40.1956
1,124,38,0,0,40.1952
1,125,38,0,0,40.1947
1,126,38,0,0,40.1943
1,127,38,0,0,40.1941
1,0,39,0,1.68188e-05,40.7163
1,1,39,0,0,40.7124
1,2,39,0,0,40.7079
1,3,39,0,0,40.7028
1,4,39,0,0,40.697
1,5,39,0,0,40.6907
1,6,39,0,0,40.6838
1,7,39,0,0,40.6763
1,8,39,0,0,40.6684
1,9,39,0,0,40.6599
1,10,39,0,0,40.6511
1,11,39,0,0,40.6418
1,12,39,0,0,40.6322
1,13,39,0,0,40.6223
1,14,39,0,0,40.6121
1,15,39,0,0,40.6016
1,16,39,0,0,40.591
1,17,39,0,0,40.5802
1,18,39,0,0,40.5693
1,19,39,0,0,40.5583
1,20,39,0,0,40.5473
1,21,39,0,0,40.5362
1,22,39,0,0,40.5252
1,23,39,0,0,40.5143
1,24,39,0,0,40.5034
1,25,39,0,0,40.4926
1,26,39,0,0,40.4819
1,27,39,0,0,40.4713
1,28,39,0,0,40.4609
1,29,39,0,0,40.4507
1,30,39,0,0,40.4407
1,31,39,0,0,40.4309
1,32,39,0,0,40.4214
1,33,39,0,0,40.4121
1,34,39,0,0,40.4032
1,35,39,0,0,40.3947
1,36,39,0,0,40.3864
1,37,39,0,0,40.3785
1,38,39,0,0,40.371
1,39,39,0,0,40.3637
1,40,39,0,0,40.3567
1,41,39,0,0,40.35
1,42,39,0,0,40.3436
1,43,39,0,0,40.3374
1,44,39,0,0,40.3316
1,45,39,0,0,40.3259
1,46,39,0,0,40.3205
1,47,39,0,0,40.3154
1,48,39,0,0,40.3105
1,49,39,0,0,40.3059
1,50,39,0,0,40.3015
1,51,39,0,0,40.2975
1,52,39,0,0,40.2937
1,53,39,0,0,40.2903
1,54,39,0,0,40.2871
1,55,39,0,0,40.2842
1,56,39,0,0,40.2816
1,57,39,0,0,40.2792
1,58,39,0,0,40.2771
1,59,39,0,0,40.2752
1,60,39,0,0,40.2734
1,61,39,0,0,40.2719
1,62,39,0,0,40.2706
1,63,39,0,0,40.2694
1,64,39,0,1.68188e-05,40.2685
1,65,39,0,0,40.2649
1,66,39,0,0,40.2615
1,67,39,0,0,40.2583
1,68,39,0,0,40.2553
1,69,39,0,0,40.2524
1,70,39,0,0,40.2496
1,71,39,0,0,40.2469
1,72,39,0,0,40.2445
1,73,39,0,0,40.2421
1,74,39,0,0,40.2399
1,75,39,0,0,40.2377
1,76,39,0,0,40.2357
1,77,39,0,0,40.2337
1,78,39,0,0,40.2318
1,79,39,0,0,40.2299
1,80,39,0,0,40.228
1,81,39,0,0,40.2262
1,82,39,0,0,40.2244
1,83,39,0,0,40.2227
1,84,39,0,0,40.2211
1,85,39,0,0,40.2196
1,86,39,0,0,40.2182
1,87,39,0,0,40.2168
1,88,39,0,0,40.2156
1,89,39,0,0,40.2144
1,90,39,0,0,40.2133
1,91,39,0,0,40.2122
1,92,39,0,0,40.2112
1,93,39,0,0,40.2103
1,94,39,0,0,40.2094
1,95,39,0,0,40.2087
1,96,39,0,0,40.208
1,97,39,0,0,40.2073
1,98,39,0,0,40.2067
1,99,39,0,0,40.2062
1,100,39,0,0,40.2057
1,101,39,0,0,40.2053
1,102,39,0,0,40.2048
1,103,39,0,0,40.2044
1,104,39,0,0,40.2039
1,105,39,0,0,40.2033
1,106,39,0,0,40.2028
1,107,39,0,0,40.2022
1,108,39,0,0,40.2015
1,109,39,0,0,40.2009
1,110,39,0,0,40.2002
1,111,39,0,0,40.1995
1,112,39,0,0,40.1988
1,113,39,0,0,40.1982
1,114,39,0,0,40.1976
1,115,39,0,0,40.1971
1,116,39,0,0,40.1966
1,117,39,0,0,40.1962
1,118,39,0,0,40.1958
1,119,39,0,0,40.1954
1,120,39,0,0,40.195
1,121,39,0,0,40.1947
1,122,39,0,0,40.1943
1,123,39,0,0,40.1939
1,124,39,0,0,40.1935
1,125,39,0,0,40.1932
1,126,39,0,0,40.1929
1,127,39,0,0,40.1926
1,0,40,0,1.68188e-05,40.6839
1,1,40,0,0,40.6802
1,2,40,0,0,40.6759
1,3,40,0,0,40.6711
1,4,40,0,0,40.6658
1,5,40,0,0,40.6599
1,6,40,0,0,40.6535
1,7,40,0,0,40.6465
1,8,40,0,0,40.6392
1,9,40,0,0,40.6313
1,10,40,0,0,40.6231
1,11,40,0,0,40.6145
1,12,40,0,0,40.6056
1,13,40,0,0,40.5964
1,14,40,0,0,40.5869
1,15,40,0,0,40.5773
1,16,40,0,0,40.5674
1,17,40,0,0,40.5574
1,18,40,0,0,40.5473
1,19,40,0,0,40.5371
1,20,40,0,0,40.5269
1,21,40,0,0,40.5167
1,22,40,0,0,40.5065
1,23,40,0,0,40.4964
1,24,40,0,0,40.4863
1,25,40,0,0,40.4763
1,26,40,0,0,40.4663
1,27,40,0,0,40.4565
1,28,40,0,0,40.4469
1,29,40,0,0,40.4373
1,30,40,0,0,40.428
1,31,40,0,0,40.4189
1,32,40,0,0,40.41
1,33,40,0,0,40.4014
1,34,40,0,0,40.3931
1,35,40,0,0,40.385
1,36,40,0,0,40.3773
1,37,40,0,0,40.3699
1,38,40,0,0,40.3628
1,39,40,0,0,40.3559
1,40,40,0,0,40.3494
1,41,40,0,0,40.3431
1,42,40,0,0,40.337
1,43,40,0,0,40.3313
1,44,40,0,0,40.3257
1,45,40,0,0,40.3204
1,46,40,0,0,40.3154
1,47,40,0,0,40.3106
1,48,40,0,0,40.306
1,49,40,0,0,40.3017
1,50,40,0,0,40.2976
1,51,40,0,0,40.2938
1,52,40,0,0,40.2902
1,53,40,0,0,40.2869
1,54,40,0,0,40.2839
1,55,40,0,0,40.2812
1,56,40,0,0,40.2787
1,57,40,0,0,40.2764
1,58,40,0,0,40.2743
1,59,40,0,0,40.2725
1,60,40,0,0,40.2708
1,61,40,0,0,40.2693
1,62,40,0,0,40.2681
1,63,40,0,0,40.267
1,64,40,0,1.68188e-05,40.2661
1,65,40,0,0,40.2626
1,66,40,0,0,40.2593
1,67,40,0,0,40.2561
1,68,40,0,0,40.2532
1,69,40,0,0,40.2503
1,70,40,0,0,40.2477
1,71,40,0,0,40.2451
1,72,40,0,0,40.2427
1,73,40,0,0,40.2405
1,74,40,0,0,40.2383
1,75,40,0,0,40.2362
1,76,40,0,0,40.2342
1,77,40,0,0,40.2323
1,78,40,0,0,40.2304
1,79,40,0,0,40.2285
1,80,40,0,0,40.2267
1,81,40,0,0,40.2249
1,82,40,0,0,40.2232
1,83,40,0,0,40.2216
1,84,40,0,0,40.22
1,85,40,0,0,40.2185
1,86,40,0,0,40.2171
1,87,40,0,0,40.2158
1,88,40,0,0,40.2145
1,89,40,0,0,40.2133
1,90,40,0,0,40.2122
1,91,40,0,0,40.2112
1,92,40,0,0,40.2102
1,93,40,0,0,40.2093
1,94,40,0,0,40.2084
1,95,40,0,0,40.2077
1,96,40,0,0,40.2069
1,97,40,0,0,40.2063
1,98,40,0,0,40.2056
1,99,40,0,0,40.2051
1,100,40,0,0,40.2045
1,101,40,0,0,40.204
1,102,40,0,0,40.2035
1,103,40,0,0,40.2029
1,104,40,0,0,40.2024
1,105,40,0,0,40.2018
1,106,40,0,0,40.2013
1,107,40,0,0,40.2007
1,108,40,0,0,40.2
1,109,40,0,0,40.1994
1,110,40,0,0,40.1988
1,111,40,0,0,40.1981
1,112,40,0,0,40.1975
1,113,40,0,0,40.1969
1,114,40,0,0,40.1964
1,115,40,0,0,40.1959
1,116,40,0,0,40.1955
1,117,40,0,0,40.1951
1,118,40,0,0,40.1947
1,119,40,0,0,40.1943
1,120,40,0,0,40.194
1,121,40,0,0,40.1936
1,122,40,0,0,40.1933
1,123,40,0,0,40.1929
1,124,40,0,0,40.1926
1,125,40,0,0,40.1923
1,126,40,0,0,40.192
1,127,40,0,0,40.1918
1,0,41,0,1.68188e-05,40.6544
1,1,41,0,0,40.6508
1,2,41,0,0,40.6468
1,3,41,0,0,40.6423
1,4,41,0,0,40.6373
1,5,41,0,0,40.6318
1,6,41,0,0,40.6259
1,7,41,0,0,40.6195
1,8,41,0,0,40.6126
1,9,41,0,0,40.6053
1,10,41,0,0,40.5977
1,11,41,0,0,40.5897
1,12,41,0,0,40.5814
1,13,41,0,0,40.5728
1,14,41,0,0,40.5641
1,15,41,0,0,40.5551
1,16,41,0,0,40.5459
1,17,41,0,0,40.5367
1,18,41,0,0,40.5273
1,19,41,0,0,40.5179
1,20,41,0,0,40.5084
1,21,41,0,0,40.499
1,22,41,0,0,40.4895
1,23,41,0,0,40.4801
1,24,41,0,0,40.4708
1,25,41,0,0,40.4615
1,26,41,0,0,40.4523
1,27,41,0,0,40.4432
1,28,41,0,0,40.4342
1,29,41,0,0,40.4253
1,30,41,0,0,40.4166
1,31,41,0,0,40.4081
1,32,41,0,0,40.3998
1,33,41,0,0,40.3917
1,34,41,0,0,40.3839
1,35,41,0,0,40.3764
1,36,41,0,0,40.3692
1,37,41,0,0,40.3622
1,38,41,0,0,40.3555
1,39,41,0,0,40.3491
1,40,41,0,0,40.343
1,41,41,0,0,40.3371
1,42,41,0,0,40.3314
1,43,41,0,0,40.326
1,44,41,0,0,40.3208
1,45,41,0,0,40.3158
1,46,41,0,0,40.3111
1,47,41,0,0,40.3066
1,48,41,0,0,40.3023
1,49,41,0,0,40.2982
1,50,41,0,0,40.2944
1,51,41,0,0,40.2908
1,52,41,0,0,40.2875
1,53,41,0,0,40.2844
1,54,41,0,0,40.2815
1,55,41,0,0,40.2789
1,56,41,0,0,40.2765
1,57,41,0,0,40.2743
1,58,41,0,0,40.2723
1,59,41,0,0,40.2706
1,60,41,0,0,40.269
1,61,41,0,0,40.2676
1,62,41,0,0,40.2663
1,63,41,0,0,40.2653
1,64,41,0,1.68188e-05,40.2645
1,65,41,0,0,40.261
1,66,41,0,0,40.2578
1,67,41,0,0,40.2547
1,68,41,0,0,40.2518
1,69,41,0,0,40.2491
1,70,41,0,0,40.2465
1,71,41,0,0,40.2441
1,72,41,0,0,40.2418
1,73,41,0,0,40.2396
1,74,41,0,0,40.2375
1,75,41,0,0,40.2355
1,76,41,0,0,40.2336
1,77,41,0,0,40.2317
1,78,41,0,0,40.2298
1,79,41,0,0,40.228
1,80,41,0,0,40.2262
1,81,41,0,0,40.2245
1,82,41,0,0,40.2228
1,83,41,0,0,40.2211
1,84,41,0,0,40.2196
1,85,41,0,0,40.2181
1,86,41,0,0,40.2167
1,87,41,0,0,40.2154
1,88,41,0,0,40.2142
1,89,41,0,0,40.213
1,90,41,0,0,40.2119
1,91,41,0,0,40.2109
1,92,41,0,0,40.2099
1,93,41,0,0,40.209
1,94,41,0,0,40.2081
1,95,41,0,0,40.2073
1,96,41,0,0,40.2066
1,97,41,0,0,40.2059
1,98,41,0,0,40.2053
1,99,41,0,0,40.2046
1,100,41,0,0,40.204
1,101,41,0,0,40.2034
1,102,41,0,0,40.2028
1,103,41,0,0,40.2023
1,104,41,0,0,40.2017
1,105,41,0,0,40.2011
1,106,41,0,0,40.2005
1,107,41,0,0,40.1999
1,108,41,0,0,40.1993
1,109,41,0,0,40.1987
1,110,41,0,0,40.1981
1,111,41,0,0,40.1974
1,112,41,0,0,40.1969
1,113,41,0,0,40.1963
1,114,41,0,0,40.1958
1,115,41,0,0,40.1954
1,116,41,0,0,40.195
1,117,41,0,0,40.1946
1,118,41,0,0,40.1943
1,119,41,0,0,40.194
1,120,41,0,0,40.1937
1,121,41,0,0,40.1933
1,122,41,0,0,40.193
1,123,41,0,0,40.1927
1,124,41,0,0,40.1923
1,125,41,0,0,40.192
1,126,41,0,0,40.1918
1,127,41,0,0,40.1916
1,0,42,0,1.68188e-05,40.6276
1,1,42,0,0,40.6242
1,2,42,0,0,40.6204
1,3,42,0,0,40.6162
1,4,42,0,0,40.6116
1,5,42,0,0,40.6065
1,6,42,0,0,40.6009
1,7,42,0,0,40.5949
1,8,42,0,0,40.5885
1,9,42,0,0,40.5817
1,10,42,0,0,40.5746
1,11,42,0,0,40.5672
1,12,42,0,0,40.5594
1,13,42,0,0,40.5515
1,14,42,0,0,40.5433
1,15,42,0,0,40.535
1,16,42,0,0,40.5265
1,17,42,0,0,40.5179
1,18,42,0,0,40.5092
1,19,42,0,0,40.5005
1,20,42,0,0,40.4917
1,21,42,0,0,40.4829
1,22,42,0,0,40.4742
1,23,42,0,0,40.4655
1,24,42,0,0,40.4568
1,25,42,0,0,40.4482
1,26,42,0,0,40.4397
1,27,42,0,0,40.4312
1,28,42,0,0,40.4229
1,29,42,0,0,40.4146
1,30,42,0,0,40.4065
1,31,42,0,0,40.3985
1,32,42,0,0,40.3907
1,33,42,0,0,40.3832
1,34,42,0,0,40.3759
1,35,42,0,0,40.3688
1,36,42,0,0,40.362
1,37,42,0,0,40.3555
1,38,42,0,0,40.3493
1,39,42,0,0,40.3433
1,40,42,0,0,40.3375
1,41,42,0,0,40.332
1,42,42,0,0,40.3267
1,43,42,0,0,40.3216
1,44,42,0,0,40.3168
1,45,42,0,0,40.3121
1,46,42,0,0,40.3077
1,47,42,0,0,40.3034
1,48,42,0,0,40.2994
1,49,42,0,0,40.2956
1,50,42,0,0,40.292
1,51,42,0,0,40.2887
1,52,42,0,0,40.2856
1,53,42,0,0,40.2826
1,54,42,0,0,40.2799
1,55,42,0,0,40.2774
1,56,42,0,0,40.2751
1,57,42,0,0,40.273
1,58,42,0,0,40.2711
1,59,42,0,0,40.2694
1,60,42,0,0,40.2679
1,61,42,0,0,40.2666
1,62,42,0,0,40.2654
1,63,42,0,0,40.2645
1,64,42,0,1.68188e-05,40.2637
1,65,42,0,0,40.2603
1,66,42,0,0,40.2571
1,67,42,0,0,40.2541
1,68,42,0,0,40.2513
1,69,42,0,0,40.2486
1,70,42,0,0,40.2462
1,71,42,0,0,40.2438
1,72,42,0,0,40.2416
1,73,42,0,0,40.2395
1,74,42,0,0,40.2376
1,75,42,0,0,40.2356
1,76,42,0,0,40.2337
1,77,42,0,0,40.2319
1,78,42,0,0,40.2301
1,79,42,0,0,40.2283
1,80,42,0,0,40.2265
1,81,42,0,0,40.2248
1,82,42,0,0,40.2231
1,83,42,0,0,40.2215
1,84,42,0,0,40.2199
1,85,42,0,0,40.2184
1,86,42,0,0,40.2171
1,87,42,0,0,40.2158
1,88,42,0,0,40.2145
1,89,42,0,0,40.2134
1,90,42,0,0,40.2123
1,91,42,0,0,40.2113
1,92,42,0,0,40.2103
1,93,42,0,0,40.2094
1,94,42,0,0,40.2085
1,95,42,0,0,40.2077
1,96,42,0,0,40.207
1,97,42,0,0,40.2063
1,98,42,0,0,40.2056
1,99,42,0,0,40.2049
1,100,42,0,0,40.2043
1,101,42,0,0,40.2036
1,102,42,0,0,40.203
1,103,42,0,0,40.2024
1,104,42,0,0,40.2018
1,105,42,0,0,40.2012
1,106,42,0,0,40.2005
1,107,42,0,0,40.1999
1,108,42,0,0,40.1993
1,109,42,0,0,40.1987
1,110,42,0,0,40.1981
1,111,42,0,0,40.1975
1,112,42,0,0,40.1969
1,113,42,0,0,40.1964
1,114,42,0,0,40.1959
1,115,42,0,0,40.1955
1,116,42,0,0,40.1952
1,117,42,0,0,40.1949
1,118,42,0,0,40.1946
1,119,42,0,0,40.1944
1,120,42,0,0,40.1941
1,121,42,0,0,40.1938
1,122,42,0,0,40.1934
1,123,42,0,0,40.1931
1,124,42,0,0,40.1928
1,125,42,0,0,40.1924
1,126,42,0,0,40.1922
1,127,42,0,0,40.192
1,0,43,0,1.68188e-05,40.6033
1,1,43,0,0,40.6001
1,2,43,0,0,40.5966
1,3,43,0,0,40.5927
1,4,43,0,0,40.5884
1,5,43,0,0,40.5836
1,6,43,0,0,40.5784
1,7,43,0,0,40.5728
1,8,43,0,0,40.5669
1,9,43,0,0,40.5605
1,10,43,0,0,40.5539
1,11,43,0,0,40.5469
1,12,43,0,0,40.5396
1,13,43,0,0,40.5322
1,14,43,0,0,40.5246
1,15,43,0,0,40.5168
1,16,43,0,0,40.5089
1,17,43,0,0,40.5009
1,18,43,0,0,40.4929
1,19,43,0,0,40.4848
1,20,43,0,0,40.4766
1,21,43,0,0,40.4685
1,22,43,0,0,40.4605
1,23,43,0,0,40.4524
1,24,43,0,0,40.4444
1,25,43,0,0,40.4365
1,26,43,0,0,40.4286
1,27,43,0,0,40.4207
1,28,43,0,0,40.4129
1,29,43,0,0,40.4052
1,30,43,0,0,40.3976
1,31,43,0,0,40.3901
1,32,43,0,0,40.3828
1,33,43,0,0,40.3757
1,34,43,0,0,40.3688
1,35,43,0,0,40.3622
1,36,43,0,0,40.3559
1,37,43,0,0,40.3498
1,38,43,0,0,40.344
1,39,43,0,0,40.3384
1,40,43,0,0,40.3331
1,41,43,0,0,40.3279
1,42,43,0,0,40.3229
1,43,43,0,0,40.3182
1,44,43,0,0,40.3136
1,45,43,0,0,40.3093
1,46,43,0,0,40.3051
1,47,43,0,0,40.3012
1,48,43,0,0,40.2974
1,49,43,0,0,40.2939
1,50,43,0,0,40.2905
1,51,43,0,0,40.2874
1,52,43,0,0,40.2844
1,53,43,0,0,40.2817
1,54,43,0,0,40.2791
1,55,43,0,0,40.2767
1,56,43,0,0,40.2746
1,57,43,0,0,40.2726
1,58,43,0,0,40.2707
1,59,43,0,0,40.2691
1,60,43,0,0,40.2677
1,61,43,0,0,40.2664
1,62,43,0,0,40.2653
1,63,43,0,0,40.2644
1,64,43,0,1.68188e-05,40.2637
1,65,43,0,0,40.2604
1,66,43,0,0,40.2572
1,67,43,0,0,40.2543
1,68,43,0,0,40.2515
1,69,43,0,0,40.2489
1,70,43,0,0,40.2465
1,71,43,0,0,40.2443
1,72,43,0,0,40.2422
1,73,43,0,0,40.2403
1,74,43,0,0,40.2384
1,75,43,0,0,40.2365
1,76,43,0,0,40.2347
1,77,43,0,0,40.2329
1,78,43,0,0,40.2311
1,79,43,0,0,40.2293
1,80,43,0,0,40.2276
1,81,43,0,0,40.2258
1,82,43,0,0,40.2241
1,83,43,0,0,40.2225
1,84,43,0,0,40.221
1,85,43,0,0,40.2195
1,86,43,0,0,40.2181
1,87,43,0,0,40.2168
1,88,43,0,0,40.2156
1,89,43,0,0,40.2145
1,90,43,0,0,40.2134
1,91,43,0,0,40.2124
1,92,43,0,0,40.2114
1,93,43,0,0,40.2105
1,94,43,0,0,40.2096
1,95,43,0,0,40.2089
1,96,43,0,0,40.2081
1,97,43,0,0,40.2074
1,98,43,0,0,40.2067
1,99,43,0,0,40.206
1,100,43,0,0,40.2052
1,101,43,0,0,40.2045
1,102,43,0,0,40.2038
1,103,43,0,0,40.2032
1,104,43,0,0,40.2026
1,105,43,0,0,40.2019
1,106,43,0,0,40.2013
1,107,43,0,0,40.2007
1,108,43,0,0,40.2001
1,109,43,0,0,40.1994
1,110,43,0,0,40.1988
1,111,43,0,0,40.1982
1,112,43,0,0,40.1976
1,113,43,0,0,40.1971
1,114,43,0,0,40.1967
1,115,43,0,0,40.1963
1,116,43,0,0,40.1961
1,117,43,0,0,40.1959
1,118,43,0,0,40.1957
1,119,43,0,0,40.1955
1,120,43,0,0,40.1952
1,121,43,0,0,40.1949
1,122,43,0,0,40.1946
1,123,43,0,0,40.1942
1,124,43,0,0,40.1939
1,125,43,0,0,40.1935
1,126,43,0,0,40.1932
1,127,43,0,0,40.193
1,0,44,0,1.68188e-05,40.5814
1,1,44,0,0,40.5784
1,2,44,0,0,40.5752
1,3,44,0,0,40.5717
1,4,44,0,0,40.5677
1,5,44,0,0,40.5632
1,6,44,0,0,40.5584
1,7,44,0,0,40.5531
1,8,44,0,0,40.5475
1,9,44,0,0,40.5416
1,10,44,0,0,40.5353
1,11,44,0,0,40.5287
1,12,44,0,0,40.5219
1,13,44,0,0,40.5149
1,14,44,0,0,40.5078
1,15,44,0,0,40.5006
1,16,44,0,0,40.4932
1,17,44,0,0,40.4858
1,18,44,0,0,40.4783
1,19,44,0,0,40.4707
1,20,44,0,0,40.4632
1,21,44,0,0,40.4557
1,22,44,0,0,40.4483
1,23,44,0,0,40.4409
1,24,44,0,0,40.4335
1,25,44,0,0,40.4262
1,26,44,0,0,40.4189
1,27,44,0,0,40.4116
1,28,44,0,0,40.4043
1,29,44,0,0,40.3971
1,30,44,0,0,40.3899
1,31,44,0,0,40.3829
1,32,44,0,0,40.376
1,33,44,0,0,40.3693
1,34,44,0,0,40.3629
1,35,44,0,0,40.3567
1,36,44,0,0,40.3508
1,37,44,0,0,40.3451
1,38,44,0,0,40.3397
1,39,44,0,0,40.3345
1,40,44,0,0,40.3295
1,41,44,0,0,40.3247
1,42,44,0,0,40.3201
1,43,44,0,0,40.3157
1,44,44,0,0,40.3115
1,45,44,0,0,40.3074
1,46,44,0,0,40.3035
1,47,44,0,0,40.2998
1,48,44,0,0,40.2963
1,49,44,0,0,40.2929
1,50,44,0,0,40.2898
1,51,44,0,0,40.2869
1,52,44,0,0,40.2841
1,53,44,0,0,40.2815
1,54,44,0,0,40.2791
1,55,44,0,0,40.2769
1,56,44,0,0,40.2748
1,57,44,0,0,40.2729
1,58,44,0,0,40.2711
1,59,44,0,0,40.2696
1,60,44,0,0,40.2682
1,61,44,0,0,40.267
1,62,44,0,0,40.266
1,63,44,0,0,40.2652
1,64,44,0,1.68188e-05,40.2645
1,65,44,0,0,40.2612
1,66,44,0,0,40.2581
1,67,44,0,0,40.2552
1,68,44,0,0,40.2524
1,69,44,0,0,40.2499
1,70,44,0,0,40.2477
1,71,44,0,0,40.2456
1,72,44,0,0,40.2436
1,73,44,0,0,40.2418
1,74,44,0,0,40.24
1,75,44,0,0,40.2383
1,76,44,0,0,40.2366
1,77,44,0,0,40.2348
1,78,44,0,0,40.2331
1,79,44,0,0,40.2313
1,80,44,0,0,40.2294
1,81,44,0,0,40.2277
1,82,44,0,0,40.2259
1,83,44,0,0,40.2243
1,84,44,0,0,40.2227
1,85,44,0,0,40.2213
1,86,44,0,0,40.2199
1,87,44,0,0,40.2187
1,88,44,0,0,40.2175
1,89,44,0,0,40.2163
1,90,44,0,0,40.2152
1,91,44,0,0,40.2142
1,92,44,0,0,40.2132
1,93,44,0,0,40.2123
1,94,44,0,0,40.2115
1,95,44,0,0,40.2107
1,96,44,0,0,40.21
1,97,44,0,0,40.2093
1,98,44,0,0,40.2086
1,99,44,0,0,40.2078
1,100,44,0,0,40.207
1,101,44,0,0,40.2062
1,102,44,0,0,40.2054
1,103,44,0,0,40.2047
1,104,44,0,0,40.2041
1,105,44,0,0,40.2035
1,106,44,0,0,40.2028
1,107,44,0,0,40.2022
1,108,44,0,0,40.2015
1,109,44,0,0,40.2009
1,110,44,0,0,40.2002
1,111,44,0,0,40.1996
1,112,44,0,0,40.199
1,113,44,0,0,40.1985
1,114,44,0,0,40.1981
1,115,44,0,0,40.1978
1,116,44,0,0,40.1976
1,117,44,0,0,40.1976
1,118,44,0,0,40.1975
1,119,44,0,0,40.1973
1,120,44,0,0,40.1971
1,121,44,0,0,40.1968
1,122,44,0,0,40.1965
1,123,44,0,0,40.1961
1,124,44,0,0,40.1957
1,125,44,0,0,40.1953
1,126,44,0,0,40.1949
1,127,44,0,0,40.1946
1,0,45,0,1.68188e-05,40.5616
1,1,45,0,0,40.5591
1,2,45,0,0,40.5563
1,3,45,0,0,40.5531
1,4,45,0,0,40.5494
1,5,45,0,0,40.5452
1,6,45,0,0,40.5406
1,7,45,0,0,40.5357
1,8,45,0,0,40.5304
1,9,45,0,0,40.5248
1,10,45,0,0,40.5189
1,11,45,0,0,40.5127
1,12,45,0,0,40.5062
1,13,45,0,0,40.4996
1,14,45,0,0,40.4929
1,15,45,0,0,40.4861
1,16,45,0,0,40.4793
1,17,45,0,0,40.4724
1,18,45,0,0,40.4654
1,19,45,0,0,40.4584
1,20,45,0,0,40.4514
1,21,45,0,0,40.4445
1,22,45,0,0,40.4376
1,23,45,0,0,40.4308
1,24,45,0,0,40.424
1,25,45,0,0,40.4173
1,26,45,0,0,40.4106
1,27,45,0,0,40.4039
1,28,45,0,0,40.3971
1,29,45,0,0,40.3903
1,30,45,0,0,40.3836
1,31,45,0,0,40.3769
1,32,45,0,0,40.3703
1,33,45,0,0,40.364
1,34,45,0,0,40.3579
1,35,45,0,0,40.3521
1,36,45,0,0,40.3466
1,37,45,0,0,40.3414
1,38,45,0,0,40.3364
1,39,45,0,0,40.3316
1,40,45,0,0,40.327
1,41,45,0,0,40.3225
1,42,45,0,0,40.3182
1,43,45,0,0,40.3142
1,44,45,0,0,40.3102
1,45,45,0,0,40.3064
1,46,45,0,0,40.3027
1,47,45,0,0,40.2993
1,48,45,0,0,40.296
1,49,45,0,0,40.2929
1,50,45,0,0,40.29
1,51,45,0,0,40.2873
1,52,45,0,0,40.2847
1,53,45,0,0,40.2823
1,54,45,0,0,40.28
1,55,45,0,0,40.2779
1,56,45,0,0,40.2759
1,57,45,0,0,40.274
1,58,45,0,0,40.2724
1,59,45,0,0,40.2709
1,60,45,0,0,40.2696
1,61,45,0,0,40.2685
1,62,45,0,0,40.2676
1,63,45,0,0,40.2668
1,64,45,0,1.68188e-05,40.2662
1,65,45,0,0,40.2629
1,66,45,0,0,40.2598
1,67,45,0,0,40.2568
1,68,45,0,0,40.2541
1,69,45,0,0,40.2516
1,70,45,0,0,40.2495
1,71,45,0,0,40.2476
1,72,45,0,0,40.2459
1,73,45,0,0,40.2442
1,74,45,0,0,40.2425
1,75,45,0,0,40.2409
1,76,45,0,0,40.2393
1,77,45,0,0,40.2377
1,78,45,0,0,40.2359
1,79,45,0,0,40.234
1,80,45,0,0,40.2322
1,81,45,0,0,40.2303
1,82,45,0,0,40.2285
1,83,45,0,0,40.2268
1,84,45,0,0,40.2252
1,85,45,0,0,40.2238
1,86,45,0,0,40.2224
1,87,45,0,0,40.2212
1,88,45,0,0,40.22
1,89,45,0,0,40.2189
1,90,45,0,0,40.2178
1,91,45,0,0,40.2168
1,92,45,0,0,40.2158
1,93,45,0,0,40.2149
1,94,45,0,0,40.214
1,95,45,0,0,40.2133
1,96,45,0,0,40.2127
1,97,45,0,0,40.212
1,98,45,0,0,40.2113
1,99,45,0,0,40.2104
1,100,45,0,0,40.2095
1,101,45,0,0,40.2086
1,102,45,0,0,40.2077
1,103,45,0,0,40.207
1,104,45,0,0,40.2064
1,105,45,0,0,40.2058
1,106,45,0,0,40.2051
1,107,45,0,0,40.2044
1,108,45,0,0,40.2038
1,109,45,0,0,40.2032
1,110,45,0,0,40.2024
1,111,45,0,0,40.2017
1,112,45,0,0,40.201
1,113,45,0,0,40.2005
1,114,45,0,0,40.2001
1,115,45,0,0,40.1999
1,116,45,0,0,40.1999
1,117,45,0,0,40.2
1,118,45,0,0,40.2001
1,119,45,0,0,40.2
1,120,45,0,0,40.1999
1,121,45,0,0,40.1996
1,122,45,0,0,40.1992
1,123,45,0,0,40.1987
1,124,45,0,0,40.1983
1,125,45,0,0,40.1978
1,126,45,0,0,40.1973
1,127,45,0,0,40.1968
1,0,46,0,1.68188e-05,40.5439
1,1,46,0,0,40.5419
1,2,46,0,0,40.5397
1,3,46,0,0,40.537
1,4,46,0,0,40.5336
1,5,46,0,0,40.5296
1,6,46,0,0,40.5251
1,7,46,0,0,40.5205
1,8,46,0,0,40.5156
1,9,46,0,0,40.5103
1,10,46,0,0,40.5046
1,11,46,0,0,40.4986
1,12,46,0,0,40.4924
1,13,46,0,0,40.4861
1,14,46,0,0,40.4798
1,15,46,0,0,40.4735
1,16,46,0,0,40.4671
1,17,46,0,0,40.4607
1,18,46,0,0,40.4542
1,19,46,0,0,40.4476
1,20,46,0,0,40.4411
1,21,46,0,0,40.4347
1,22,46,0,0,40.4284
1,23,46,0,0,40.4222
1,24,46,0,0,40.416
1,25,46,0,0,40.41
1,26,46,0,0,40.4038
1,27,46,0,0,40.3976
1,28,46,0,0,40.3913
1,29,46,0,0,40.3849
1,30,46,0,0,40.3785
1,31,46,0,0,40.3721
1,32,46,0,0,40.3657
1,33,46,0,0,40.3597
1,34,46,0,0,40.354
1,35,46,0,0,40.3485
1,36,46,0,0,40.3433
1,37,46,0,0,40.3386
1,38,46,0,0,40.3341
1,39,46,0,0,40.3298
1,40,46,0,0,40.3255
1,41,46,0,0,40.3213
1,42,46,0,0,40.3173
1,43,46,0,0,40.3136
1,44,46,0,0,40.31
1,45,46,0,0,40.3064
1,46,46,0,0,40.3029
1,47,46,0,0,40.2996
1,48,46,0,0,40.2966
1,49,46,0,0,40.2937
1,50,46,0,0,40.291
1,51,46,0,0,40.2886
1,52,46,0,0,40.2863
1,53,46,0,0,40.2839
1,54,46,0,0,40.2817
1,55,46,0,0,40.2797
1,56,46,0,0,40.2779
1,57,46,0,0,40.2761
1,58,46,0,0,40.2744
1,59,46,0,0,40.273
1,60,46,0,0,40.2718
1,61,46,0,0,40.2708
1,62,46,0,0,40.27
1,63,46,0,0,40.2693
1,64,46,0,1.68188e-05,40.2687
1,65,46,0,0,40.2654
1,66,46,0,0,40.2623
1,67,46,0,0,40.2593
1,68,46,0,0,40.2564
1,69,46,0,0,40.254
1,70,46,0,0,40.2521
1,71,46,0,0,40.2505
1,72,46,0,0,40.2489
1,73,46,0,0,40.2475
1,74,46,0,0,40.246
1,75,46,0,0,40.2445
1,76,46,0,0,40.243
1,77,46,0,0,40.2415
1,78,46,0,0,40.2397
1,79,46,0,0,40.2378
1,80,46,0,0,40.2357
1,81,46,0,0,40.2338
1,82,46,0,0,40.2319
1,83,46,0,0,40.2301
1,84,46,0,0,40.2285
1,85,46,0,0,40.227
1,86,46,0,0,40.2257
1,87,46,0,0,40.2245
1,88,46,0,0,40.2234
1,89,46,0,0,40.2223
1,90,46,0,0,40.2211
1,91,46,0,0,40.2201
1,92,46,0,0,40.2192
1,93,46,0,0,40.2181
1,94,46,0,0,40.2173
1,95,46,0,0,40.2166
1,96,46,0,0,40.2161
1,97,46,0,0,40.2156
1,98,46,0,0,40.2149
1,99,46,0,0,40.2139
1,100,46,0,0,40.2128
1,101,46,0,0,40.2117
1,102,46,0,0,40.2107
1,103,46,0,0,40.21
1,104,46,0,0,40.2095
1,105,46,0,0,40.2089
1,106,46,0,0,40.2082
1,107,46,0,0,40.2074
1,108,46,0,0,40.2068
1,109,46,0,0,40.2062
1,110,46,0,0,40.2054
1,111,46,0,0,40.2045
1,112,46,0,0,40.2038
1,113,46,0,0,40.2031
1,114,46,0,0,40.2026
1,115,46,0,0,40.2026
1,116,46,0,0,40.2027
1,117,46,0,0,40.2032
1,118,46,0,0,40.2035
1,119,46,0,0,40.2036
1,120,46,0,0,40.2035
1,121,46,0,0,40.2032
1,122,46,0,0,40.2027
1,123,46,0,0,40.2021
1,124,46,0,0,40.2016
1,125,46,0,0,40.201
1,126,46,0,0,40.2003
1,127,46,0,0,40.1997
1,0,47,0,1.68188e-05,40.5278
1,1,47,0,0,40.5268
1,2,47,0,0,40.5255
1,3,47,0,0,40.5237
1,4,47,0,0,40.5203
1,5,47,0,0,40.5162
1,6,47,0,0,40.5116
1,7,47,0,0,40.5074
1,8,47,0,0,40.5028
1,9,47,0,0,40.4981
1,10,47,0,0,40.4924
1,11,47,0,0,40.4863
1,12,47,0,0,40.4806
1,13,47,0,0,40.4744
1,14,47,0,0,40.4684
1,15,47,0,0,40.4625
1,16,47,0,0,40.4568
1,17,47,0,0,40.4507
1,18,47,0,0,40.4446
1,19,47,0,0,40.4383
1,20,47,0,0,40.4321
1,21,47,0,0,40.4265
1,22,47,0,0,40.4208
1,23,47,0,0,40.415
1,24,47,0,0,40.4095
1,25,47,0,0,40.4041
1,26,47,0,0,40.3987
1,27,47,0,0,40.3928
1,28,47,0,0,40.3871
1,29,47,0,0,40.381
1,30,47,0,0,40.3748
1,31,47,0,0,40.3685
1,32,47,0,0,40.3622
1,33,47,0,0,40.3564
1,34,47,0,0,40.351
1,35,47,0,0,40.3459
1,36,47,0,0,40.3409
1,37,47,0,0,40.3367
1,38,47,0,0,40.3329
1,39,47,0,0,40.3292
1,40,47,0,0,40.3252
1,41,47,0,0,40.3211
1,42,47,0,0,40.3173
1,43,47,0,0,40.314
1,44,47,0,0,40.311
1,45,47,0,0,40.3076
1,46,47,0,0,40.304
1,47,47,0,0,40.3008
1,48,47,0,0,40.2982
1,49,47,0,0,40.2955
1,50,47,0,0,40.2929
1,51,47,0,0,40.2908
1,52,47,0,0,40.289
1,53,47,0,0,40.2864
1,54,47,0,0,40.2841
1,55,47,0,0,40.2826
1,56,47,0,0,40.2809
1,57,47,0,0,40.279
1,58,47,0,0,40.2773
1,59,47,0,0,40.276
1,60,47,0,0,40.275
1,61,47,0,0,40.2739
1,62,47,0,0,40.2733
1,63,47,0,0,40.2729
1,64,47,0,1.68188e-05,40.2723
1,65,47,0,0,40.2688
1,66,47,0,0,40.2656
1,67,47,0,0,40.2626
1,68,47,0,0,40.2594
1,69,47,0,0,40.2568
1,70,47,0,0,40.2552
1,71,47,0,0,40.2542
1,72,47,0,0,40.253
1,73,47,0,0,40.2517
1,74,47,0,0,40.2503
1,75,47,0,0,40.2489
1,76,47,0,0,40.2478
1,77,47,0,0,40.2467
1,78,47,0,0,40.2446
1,79,47,0,0,40.2425
1,80,47,0,0,40.2399
1,81,47,0,0,40.2381
1,82,47,0,0,40.2362
1,83,47,0,0,40.2342
1,84,47,0,0,40.2324
1,85,47,0,0,40.2309
1,86,47,0,0,40.2298
1,87,47,0,0,40.2287
1,88,47,0,0,40.2277
1,89,47,0,0,40.2265
1,90,47,0,0,40.2252
1,91,47,0,0,40.2241
1,92,47,0,0,40.2234
1,93,47,0,0,40.2221
1,94,47,0,0,40.2211
1,95,47,0,0,40.2206
1,96,47,0,0,40.2205
1,97,47,0,0,40.2202
1,98,47,0,0,40.2196
1,99,47,0,0,40.2182
1,100,47,0,0,40.217
1,101,47,0,0,40.2156
1,102,47,0,0,40.2143
1,103,47,0,0,40.2135
1,104,47,0,0,40.2134
1,105,47,0,0,40.2131
1,106,47,0,0,40.212
1,107,47,0,0,40.2111
1,108,47,0,0,40.2107
1,109,47,0,0,40.2103
1,110,47,0,0,40.2093
1,111,47,0,0,40.208
1,112,47,0,0,40.2071
1,113,47,0,0,40.2063
1,114,47,0,0,40.2056
1,115,47,0,0,40.2058
1,116,47,0,0,40.2061
1,117,47,0,0,40.2073
1,118,47,0,0,40.208
1,119,47,0,0,40.2081
1,120,47,0,0,40.2081
1,121,47,0,0,40.2077
1,122,47,0,0,40.2072
1,123,47,0,0,40.2063
1,124,47,0,0,40.2057
1,125,47,0,0,40.2051
1,126,47,0,0,40.2042
1,127,47,0,0,40.2031
1,0,48,0,2.39587e-05,40.513
1,1,48,0,3.7845e-05,40.5139
1,2,48,0,4.16025e-05,40.5137
1,3,48,0,8.43e-05,40.5137
1,4,48,0,3.96525e-05,40.5096
1,5,48,0,4.572e-05,40.5051
1,6,48,0,1.572e-05,40.4997
1,7,48,0,4.284e-05,40.4965
1,8,48,0,3.39225e-05,40.4921
1,9,48,0,6e-05,40.4885
1,10,48,0,3.501e-05,40.4823
1,11,48,0,2.142e-05,40.4755
1,12,48,0,5.643e-05,40.4709
1,13,48,0,2.43e-05,40.4642
1,14,48,0,3.60975e-05,40.4587
1,15,48,0,3.144e-05,40.453
1,16,48,0,5.286e-05,40.4483
1,17,48,0,4.572e-05,40.4425
1,18,48,0,5.142e-05,40.4368
1,19,48,0,3.714e-05,40.4305
1,20,48,0,1.572e-05,40.4242
1,21,48,0,4.572e-05,40.4198
1,22,48,0,4.284e-05,40.4147
1,23,48,0,3.858e-05,40.4091
1,24,48,0,3.08925e-05,40.4043
1,25,48,0,3.714e-05,40.3997
1,26,48,0,5.14425e-05,40.3954
1,27,48,0,2.286e-05,40.3892
1,28,48,0,5.6775e-05,40.3847
1,29,48,0,4.428e-05,40.3786
1,30,48,0,4.0935e-05,40.3724
1,31,48,0,3.57e-05,40.3662
1,32,48,0,3e-05,40.3596
1,33,48,0,1.9635e-05,40.3538
1,34,48,0,4.002e-05,40.3491
1,35,48,0,4.428e-05,40.3444
1,36,48,0,1.428e-05,40.3389
1,37,48,0,3.858e-05,40.3358
1,38,48,0,4.48275e-05,40.3328
1,39,48,0,6e-05,40.3301
1,40,48,0,4.16025e-05,40.3261
1,41,48,0,3.76875e-05,40.3219
1,42,48,0,3.6795e-05,40.318
1,43,48,0,3.288e-05,40.3152
1,44,48,0,6e-05,40.3136
1,45,48,0,4.572e-05,40.31
1,46,48,0,2.856e-05,40.3058
1,47,48,0,2.856e-05,40.3027
1,48,48,0,5.718e-05,40.3009
1,49,48,0,5.286e-05,40.2984
1,50,48,0,3.714e-05,40.2954
1,51,48,0,4.01925e-05,40.2939
1,52,48,0,5.787e-05,40.2934
1,53,48,0,4.12575e-05,40.2899
1,54,48,0,1.572e-05,40.2868
1,55,48,0,6.288e-05,40.2868
1,56,48,0,6e-05,40.2852
1,57,48,0,3.23325e-05,40.2827
1,58,48,0,3e-05,40.2807
1,59,48,0,3.429e-05,40.2797
1,60,48,0,6.858e-05,40.2794
1,61,48,0,3.144e-05,40.2774
1,62,48,0,4.608e-05,40.2776
1,63,48,0,5.286e-05,40.2777
1,64,48,0,6.39788e-05,40.2771
1,65,48,0,2.286e-05,40.2728
1,66,48,0,3.714e-05,40.2699
1,67,48,0,4.998e-05,40.2672
1,68,48,0,1.428e-05,40.2628
1,69,48,0,8.58e-06,40.2595
1,70,48,0,3.1785e-05,40.2589
1,71,48,0,5.286e-05,40.2592
1,72,48,0,3e-05,40.2579
1,73,48,0,4.572e-05,40.2571
1,74,48,0,2.982e-05,40.2555
1,75,48,0,4.164e-05,40.2542
1,76,48,0,3.714e-05,40.2534
1,77,48,0,8.718e-05,40.2537
1,78,48,0,5.145e-05,40.2505
1,79,48,0,7.572e-05,40.2488
1,80,48,0,7.14e-06,40.2442
1,81,48,0,4.8195e-05,40.2436
1,82,48,0,3.62475e-05,40.2414
1,83,48,0,3.75075e-05,40.239
1,84,48,0,2.877e-05,40.2369
1,85,48,0,3.144e-05,40.2353
1,86,48,0,3.714e-05,40.2347
1,87,48,0,3.144e-05,40.2335
1,88,48,0,5.142e-05,40.2333
1,89,48,0,4.428e-05,40.2316
1,90,48,0,3.62475e-05,40.23
1,91,48,0,1.67925e-05,40.2287
1,92,48,0,4.5555e-05,40.2292
1,93,48,0,1.572e-05,40.2267
1,94,48,0,1.74975e-05,40.2253
1,95,48,0,2.76675e-05,40.2251
1,96,48,0,5.43e-05,40.226
1,97,48,0,5.05275e-05,40.2261
1,98,48,0,7.308e-05,40.2259
1,99,48,0,2.856e-05,40.2232
1,100,48,0,4.572e-05,40.2222
1,101,48,0,3.07125e-05,40.2203
1,102,48,0,2.499e-05,40.2182
1,103,48,0,1.46475e-05,40.217
1,104,48,0,4.716e-05,40.2185
1,105,48,0,6.144e-05,40.2189
1,106,48,0,2.55375e-05,40.2164
1,107,48,0,1.6065e-05,40.215
1,108,48,0,2.17875e-05,40.2154
1,109,48,0,4.19475e-05,40.2157
1,110,48,0,5.01825e-05,40.2145
1,111,48,0,1.6065e-05,40.2118
1,112,48,0,3.44625e-05,40.2113
1,113,48,0,3e-05,40.2102
1,114,48,0,0,40.2084
1,115,48,0,3.144e-05,40.2097
1,116,48,0,0,40.2095
1,117,48,0,5.19675e-05,40.2127
1,118,48,0,5.9295e-05,40.2141
1,119,48,0,3.501e-05,40.2134
1,120,48,0,5.574e-05,40.2141
1,121,48,0,2.5905e-05,40.213
1,122,48,0,5.17875e-05,40.213
1,123,48,0,2.643e-05,40.2109
1,124,48,0,4.428e-05,40.2108
1,125,48,0,4.30425e-05,40.2105
1,126,48,0,3.144e-05,40.209
1,127,48,0,3.5025e-05,40.2074
1,0,49,0,5.82788e-05,40.4977
1,1,49,0,3.966e-05,40.4976
1,2,49,0,3.98175e-05,40.4969
1,3,49,0,4.30425e-05,40.4961
1,4,49,0,7.911e-05,40.4945
1,5,49,0,4.572e-05,40.4895
1,6,49,0,3.144e-05,40.4846
1,7,49,0,6.144e-05,40.4818
1,8,49,0,3.46575e-05,40.477
1,9,49,0,4.82325e-05,40.4734
1,10,49,0,7.785e-05,40.4689
1,11,49,0,1.572e-05,40.4609
1,12,49,0,2.286e-05,40.4556
1,13,49,0,4.572e-05,40.4507
1,14,49,0,3.39225e-05,40.4448
1,15,49,0,2.286e-05,40.4389
1,16,49,0,3.144e-05,40.434
1,17,49,0,2.142e-05,40.4282
1,18,49,0,1.572e-05,40.4228
1,19,49,0,3.3225e-05,40.4182
1,20,49,0,3.858e-05,40.4132
1,21,49,0,2.643e-05,40.4081
1,22,49,0,4.002e-05,40.4034
1,23,49,0,0,40.3976
1,24,49,0,6.162e-05,40.3953
1,25,49,0,2.69775e-05,40.3904
1,26,49,0,6.49875e-05,40.3872
1,27,49,0,4.8195e-05,40.3815
1,28,49,0,3.8925e-05,40.376
1,29,49,0,4.1805e-05,40.3705
1,30,49,0,3.7845e-05,40.3649
1,31,49,0,6.144e-05,40.3598
1,32,49,0,1.572e-05,40.3526
1,33,49,0,5.805e-05,40.3484
1,34,49,0,1.3935e-05,40.342
1,35,49,0,3e-05,40.3377
1,36,49,0,3.144e-05,40.3334
1,37,49,0,2.6085e-05,40.3297
1,38,49,0,2.499e-05,40.3264
1,39,49,0,2.43e-05,40.3236
1,40,49,0,5.97975e-05,40.3216
1,41,49,0,3.93e-05,40.3173
1,42,49,0,1.0365e-05,40.3128
1,43,49,0,4.002e-05,40.3111
1,44,49,0,5.286e-05,40.3095
1,45,49,0,5.2155e-05,40.3067
1,46,49,0,4.572e-05,40.3031
1,47,49,0,3.9285e-05,40.2996
1,48,49,0,1.83975e-05,40.2962
1,49,49,0,3.5175e-05,40.2942
1,50,49,0,1.572e-05,40.2914
1,51,49,0,2.12475e-05,40.2907
1,52,49,0,0.00011499,40.2927
1,53,49,0,1.87425e-05,40.2872
1,54,49,0,4.071e-05,40.285
1,55,49,0,3.288e-05,40.2833
1,56,49,0,2.142e-05,40.2817
1,57,49,0,7.05675e-05,40.2819
1,58,49,0,3.858e-05,40.2794
1,59,49,0,5.715e-05,40.2783
1,60,49,0,7.14e-06,40.2754
1,61,49,0,1.7865e-05,40.2747
1,62,49,0,4.392e-05,40.2756
1,63,49,0,3.08925e-05,40.2755
1,64,49,0,7.82588e-05,40.2764
1,65,49,0,5.58825e-05,40.2729
1,66,49,0,3e-05,40.2688
1,67,49,0,4.6065e-05,40.2665
1,68,49,0,6.432e-05,40.2637
1,69,49,0,1.572e-05,40.2591
1,70,49,0,1.9635e-05,40.2576
1,71,49,0,4.002e-05,40.2581
1,72,49,0,7.2495e-05,40.2587
1,73,49,0,4.002e-05,40.2569
1,74,49,0,8.07075e-05,40.2566
1,75,49,0,2.286e-05,40.2532
1,76,49,0,5.7855e-05,40.2529
1,77,49,0,4.1805e-05,40.251
1,78,49,0,9.645e-06,40.2476
1,79,49,0,3.9285e-05,40.2466
1,80,49,0,3.57e-05,40.2444
1,81,49,0,5.4645e-05,40.2436
1,82,49,0,5.9655e-05,40.2418
1,83,49,0,2.39325e-05,40.2384
1,84,49,0,4.839e-05,40.2371
1,85,49,0,1.572e-05,40.2346
1,86,49,0,5.62275e-05,40.2349
1,87,49,0,3e-05,40.2332
1,88,49,0,5.145e-05,40.2328
1,89,49,0,2.142e-05,40.2304
1,90,49,0,2.23125e-05,40.2293
1,91,49,0,3.89475e-05,40.2297
1,92,49,0,9.6105e-05,40.2315
1,93,49,0,4.428e-05,40.2283
1,94,49,0,4.39425e-05,40.2265
1,95,49,0,3.08925e-05,40.2249
1,96,49,0,1.572e-05,40.2241
1,97,49,0,4.80525e-05,40.2249
1,98,49,0,3e-05,40.2238
1,99,49,0,3.5355e-05,40.2226
1,100,49,0,3.62475e-05,40.2217
1,101,49,0,5.92875e-05,40.2209
1,102,49,0,2.499e-05,40.218
1,103,49,0,4.6425e-06,40.2163
1,104,49,0,3.94725e-05,40.2179
1,105,49,0,5.43e-05,40.2183
1,106,49,0,3.30225e-05,40.2165
1,107,49,0,2.1075e-05,40.2155
1,108,49,0,7.25325e-05,40.2173
1,109,49,0,7.09125e-05,40.2168
1,110,49,0,2.40975e-05,40.2137
1,111,49,0,2.71425e-05,40.2118
1,112,49,0,3.09e-05,40.2111
1,113,49,0,4.572e-05,40.2107
1,114,49,0,1.428e-05,40.2091
1,115,49,0,5.43e-05,40.2107
1,116,49,0,3.144e-05,40.2105
1,117,49,0,3.59025e-05,40.212
1,118,49,0,5.8575e-05,40.2135
1,119,49,0,1.785e-05,40.2124
1,120,49,0,5.448e-05,40.2138
1,121,49,0,5.2695e-05,40.2137
1,122,49,0,6.71775e-05,40.2134
1,123,49,0,9.645e-06,40.21
1,124,49,0,1.69575e-05,40.2095
1,125,49,0,6.16575e-05,40.2108
1,126,49,0,4.428e-05,40.2095
1,127,49,0,6.7875e-05,40.2085
1,0,50,0,1.68188e-05,40.4781
1,1,50,0,5.355e-06,40.4771
1,2,50,0,0,40.4757
1,3,50,0,2.6775e-06,40.4741
1,4,50,0,2.6775e-06,40.4717
1,5,50,0,0,40.468
1,6,50,0,0,40.4642
1,7,50,0,0,40.4606
1,8,50,0,0,40.4567
1,9,50,0,7.5075e-06,40.4529
1,10,50,0,0,40.4481
1,11,50,0,0,40.4425
1,12,50,0,1.071e-05,40.4378
1,13,50,0,0,40.4324
1,14,50,0,0,40.4271
1,15,50,0,0,40.4218
1,16,50,0,0,40.4168
1,17,50,0,0,40.4118
1,18,50,0,0,40.4069
1,19,50,0,5.355e-06,40.4025
1,20,50,0,0,40.3976
1,21,50,0,3.57e-06,40.393
1,22,50,0,0,40.3884
1,23,50,0,0,40.3839
1,24,50,0,7.5075e-06,40.3805
1,25,50,0,4.4625e-06,40.3763
1,26,50,0,1.071e-05,40.3724
1,27,50,0,1.785e-06,40.3673
1,28,50,0,0,40.3621
1,29,50,0,5.355e-06,40.3572
1,30,50,0,0,40.3519
1,31,50,0,0,40.3468
1,32,50,0,0,40.3414
1,33,50,0,5.355e-06,40.3369
1,34,50,0,1.785e-06,40.3318
1,35,50,0,0,40.3274
1,36,50,0,0,40.3234
1,37,50,0,5.355e-06,40.3201
1,38,50,0,4.4625e-06,40.3168
1,39,50,0,0,40.3136
1,40,50,0,0,40.3108
1,41,50,0,8.7525e-06,40.3078
1,42,50,0,0,40.3042
1,43,50,0,0,40.3016
1,44,50,0,0,40.2993
1,45,50,0,2.145e-06,40.2968
1,46,50,0,0,40.2939
1,47,50,0,6.435e-06,40.2912
1,48,50,0,4.4625e-06,40.2884
1,49,50,0,1.965e-06,40.286
1,50,50,0,0,40.2838
1,51,50,0,0,40.2825
1,52,50,0,0,40.2817
1,53,50,0,0,40.2792
1,54,50,0,3.57e-06,40.2773
1,55,50,0,0,40.2755
1,56,50,0,0,40.2741
1,57,50,0,0,40.2731
1,58,50,0,0,40.2717
1,59,50,0,0,40.2704
1,60,50,0,0,40.269
1,61,50,0,6.435e-06,40.2686
1,62,50,0,0,40.2684
1,63,50,0,6.2475e-06,40.2685
1,64,50,0,1.68188e-05,40.2685
1,65,50,0,2.6775e-06,40.2655
1,66,50,0,0,40.2623
1,67,50,0,5.355e-06,40.2597
1,68,50,0,0,40.2568
1,69,50,0,0,40.254
1,70,50,0,0,40.2522
1,71,50,0,0,40.2515
1,72,50,0,1.785e-06,40.2509
1,73,50,0,0,40.2496
1,74,50,0,8.925e-07,40.2485
1,75,50,0,0,40.2466
1,76,50,0,2.145e-06,40.2454
1,77,50,0,5.355e-06,40.2439
1,78,50,0,1.785e-06,40.2417
1,79,50,0,6.435e-06,40.2402
1,80,50,0,0,40.2382
1,81,50,0,0,40.2368
1,82,50,0,2.6775e-06,40.2351
1,83,50,0,0,40.2329
1,84,50,0,0,40.2312
1,85,50,0,0,40.2297
1,86,50,0,8.925e-07,40.2288
1,87,50,0,0,40.2277
1,88,50,0,4.29e-06,40.2269
1,89,50,0,0,40.2254
1,90,50,0,0,40.2244
1,91,50,0,0,40.224
1,92,50,0,0,40.2238
1,93,50,0,0,40.2224
1,94,50,0,0,40.221
1,95,50,0,0,40.2198
1,96,50,0,0,40.219
1,97,50,0,0,40.2186
1,98,50,0,0,40.2179
1,99,50,0,1.785e-06,40.217
1,100,50,0,8.925e-07,40.216
1,101,50,0,0,40.2149
1,102,50,0,0,40.2134
1,103,50,0,3.57e-06,40.2126
1,104,50,0,6.2475e-06,40.2126
1,105,50,0,0,40.2121
1,106,50,0,0,40.2112
1,107,50,0,0,40.2106
1,108,50,0,0,40.2106
1,109,50,0,0,40.2099
1,110,50,0,0,40.2084
1,111,50,0,1.0725e-06,40.2072
1,112,50,0,3.2175e-06,40.2064
1,113,50,0,0,40.2057
1,114,50,0,0,40.205
1,115,50,0,0,40.2053
1,116,50,0,0,40.2056
1,117,50,0,3.57e-06,40.2064
1,118,50,0,3.57e-06,40.2069
1,119,50,0,0,40.2067
1,120,50,0,0,40.207
1,121,50,0,0,40.2069
1,122,50,0,5.355e-06,40.2067
1,123,50,0,9.645e-06,40.2056
1,124,50,0,4.4625e-06,40.2047
1,125,50,0,0,40.2043
1,126,50,0,0,40.2034
1,127,50,0,0,40.2025
1,0,51,0,1.68188e-05,40.4598
1,1,51,0,0,40.4581
1,2,51,0,0,40.4562
1,3,51,0,0,40.4542
1,4,51,0,0,40.4516
1,5,51,0,0,40.4485
1,6,51,0,0,40.4451
1,7,51,0,0,40.4416
1,8,51,0,0,40.4379
1,9,51,0,0,40.434
1,10,51,0,0,40.4297
1,11,51,0,0,40.425
1,12,51,0,0,40.4204
1,13,51,0,0,40.4156
1,14,51,0,0,40.4108
1,15,51,0,0,40.406
1,16,51,0,0,40.4013
1,17,51,0,0,40.3966
1,18,51,0,0,40.3921
1,19,51,0,0,40.3877
1,20,51,0,0,40.3832
1,21,51,0,0,40.3789
1,22,51,0,0,40.3746
1,23,51,0,0,40.3704
1,24,51,0,0,40.3666
1,25,51,0,0,40.3626
1,26,51,0,0,40.3585
1,27,51,0,0,40.3541
1,28,51,0,0,40.3494
1,29,51,0,0,40.3448
1,30,51,0,0,40.3401
1,31,51,0,0,40.3354
1,32,51,0,0,40.3307
1,33,51,0,0,40.3263
1,34,51,0,0,40.3219
1,35,51,0,0,40.3178
1,36,51,0,0,40.3141
1,37,51,0,0,40.3107
1,38,51,0,0,40.3075
1,39,51,0,0,40.3044
1,40,51,0,0,40.3015
1,41,51,0,0,40.2986
1,42,51,0,0,40.2956
1,43,51,0,0,40.293
1,44,51,0,0,40.2905
1,45,51,0,0,40.2881
1,46,51,0,0,40.2855
1,47,51,0,0,40.283
1,48,51,0,0,40.2806
1,49,51,0,0,40.2784
1,50,51,0,0,40.2765
1,51,51,0,0,40.2749
1,52,51,0,0,40.2735
1,53,51,0,0,40.2717
1,54,51,0,0,40.27
1,55,51,0,0,40.2685
1,56,51,0,0,40.2671
1,57,51,0,0,40.266
1,58,51,0,0,40.2648
1,59,51,0,0,40.2637
1,60,51,0,0,40.2627
1,61,51,0,0,40.2622
1,62,51,0,0,40.2619
1,63,51,0,0,40.2618
1,64,51,0,1.68188e-05,40.2618
1,65,51,0,0,40.2589
1,66,51,0,0,40.2561
1,67,51,0,0,40.2535
1,68,51,0,0,40.251
1,69,51,0,0,40.2487
1,70,51,0,0,40.2469
1,71,51,0,0,40.2456
1,72,51,0,0,40.2445
1,73,51,0,0,40.2432
1,74,51,0,0,40.2419
1,75,51,0,0,40.2404
1,76,51,0,0,40.239
1,77,51,0,0,40.2375
1,78,51,0,0,40.2358
1,79,51,0,0,40.2342
1,80,51,0,0,40.2326
1,81,51,0,0,40.231
1,82,51,0,0,40.2295
1,83,51,0,0,40.2278
1,84,51,0,0,40.2263
1,85,51,0,0,40.2249
1,86,51,0,0,40.2238
1,87,51,0,0,40.2227
1,88,51,0,0,40.2217
1,89,51,0,0,40.2206
1,90,51,0,0,40.2197
1,91,51,0,0,40.219
1,92,51,0,0,40.2184
1,93,51,0,0,40.2173
1,94,51,0,0,40.2162
1,95,51,0,0,40.2152
1,96,51,0,0,40.2144
1,97,51,0,0,40.2137
1,98,51,0,0,40.2129
1,99,51,0,0,40.212
1,100,51,0,0,40.2111
1,101,51,0,0,40.2101
1,102,51,0,0,40.2091
1,103,51,0,0,40.2083
1,104,51,0,0,40.2078
1,105,51,0,0,40.2072
1,106,51,0,0,40.2065
1,107,51,0,0,40.2059
1,108,51,0,0,40.2054
1,109,51,0,0,40.2047
1,110,51,0,0,40.2037
1,111,51,0,0,40.2027
1,112,51,0,0,40.202
1,113,51,0,0,40.2013
1,114,51,0,0,40.2009
1,115,51,0,0,40.2008
1,116,51,0,0,40.2009
1,117,51,0,0,40.2012
1,118,51,0,0,40.2014
1,119,51,0,0,40.2013
1,120,51,0,0,40.2013
1,121,51,0,0,40.2012
1,122,51,0,0,40.2008
1,123,51,0,0,40.2002
1,124,51,0,0,40.1995
1,125,51,0,0,40.199
1,126,51,0,0,40.1983
1,127,51,0,0,40.1977
1,0,52,0,1.68188e-05,40.443
1,1,52,0,0,40.4408
1,2,52,0,0,40.4387
1,3,52,0,0,40.4363
1,4,52,0,0,40.4338
1,5,52,0,0,40.4308
1,6,52,0,0,40.4277
1,7,52,0,0,40.4244
1,8,52,0,0,40.4209
1,9,52,0,0,40.4172
1,10,52,0,0,40.4132
1,11,52,0,0,40.409
1,12,52,0,0,40.4047
1,13,52,0,0,40.4003
1,14,52,0,0,40.3959
1,15,52,0,0,40.3915
1,16,52,0,0,40.3871
1,17,52,0,0,40.3828
1,18,52,0,0,40.3785
1,19,52,0,0,40.3743
1,20,52,0,0,40.3701
1,21,52,0,0,40.366
1,22,52,0,0,40.362
1,23,52,0,0,40.358
1,24,52,0,0,40.3542
1,25,52,0,0,40.3503
1,26,52,0,0,40.3464
1,27,52,0,0,40.3422
1,28,52,0,0,40.338
1,29,52,0,0,40.3337
1,30,52,0,0,40.3294
1,31,52,0,0,40.3252
1,32,52,0,0,40.3209
1,33,52,0,0,40.3168
1,34,52,0,0,40.3129
1,35,52,0,0,40.3091
1,36,52,0,0,40.3056
1,37,52,0,0,40.3023
1,38,52,0,0,40.2992
1,39,52,0,0,40.2962
1,40,52,0,0,40.2933
1,41,52,0,0,40.2906
1,42,52,0,0,40.2878
1,43,52,0,0,40.2853
1,44,52,0,0,40.2828
1,45,52,0,0,40.2805
1,46,52,0,0,40.2781
1,47,52,0,0,40.2758
1,48,52,0,0,40.2737
1,49,52,0,0,40.2717
1,50,52,0,0,40.2698
1,51,52,0,0,40.2682
1,52,52,0,0,40.2666
1,53,52,0,0,40.2651
1,54,52,0,0,40.2636
1,55,52,0,0,40.2622
1,56,52,0,0,40.2609
1,57,52,0,0,40.2598
1,58,52,0,0,40.2588
1,59,52,0,0,40.2579
1,60,52,0,0,40.2571
1,61,52,0,0,40.2566
1,62,52,0,0,40.2563
1,63,52,0,0,40.2561
1,64,52,0,1.68188e-05,40.2561
1,65,52,0,0,40.2534
1,66,52,0,0,40.2507
1,67,52,0,0,40.2483
1,68,52,0,0,40.2459
1,69,52,0,0,40.2438
1,70,52,0,0,40.242
1,71,52,0,0,40.2405
1,72,52,0,0,40.2391
1,73,52,0,0,40.2378
1,74,52,0,0,40.2364
1,75,52,0,0,40.235
1,76,52,0,0,40.2336
1,77,52,0,0,40.2321
1,78,52,0,0,40.2306
1,79,52,0,0,40.2292
1,80,52,0,0,40.2277
1,81,52,0,0,40.2262
1,82,52,0,0,40.2248
1,83,52,0,0,40.2233
1,84,52,0,0,40.222
1,85,52,0,0,40.2208
1,86,52,0,0,40.2196
1,87,52,0,0,40.2186
1,88,52,0,0,40.2176
1,89,52,0,0,40.2166
1,90,52,0,0,40.2157
1,91,52,0,0,40.2149
1,92,52,0,0,40.2141
1,93,52,0,0,40.2131
1,94,52,0,0,40.2122
1,95,52,0,0,40.2112
1,96,52,0,0,40.2104
1,97,52,0,0,40.2096
1,98,52,0,0,40.2088
1,99,52,0,0,40.2079
1,100,52,0,0,40.207
1,101,52,0,0,40.2061
1,102,52,0,0,40.2053
1,103,52,0,0,40.2045
1,104,52,0,0,40.2038
1,105,52,0,0,40.2032
1,106,52,0,0,40.2025
1,107,52,0,0,40.2018
1,108,52,0,0,40.2012
1,109,52,0,0,40.2005
1,110,52,0,0,40.1997
1,111,52,0,0,40.1989
1,112,52,0,0,40.1982
1,113,52,0,0,40.1976
1,114,52,0,0,40.1972
1,115,52,0,0,40.197
1,116,52,0,0,40.1969
1,117,52,0,0,40.1969
1,118,52,0,0,40.1968
1,119,52,0,0,40.1967
1,120,52,0,0,40.1966
1,121,52,0,0,40.1964
1,122,52,0,0,40.196
1,123,52,0,0,40.1955
1,124,52,0,0,40.195
1,125,52,0,0,40.1945
1,126,52,0,0,40.194
1,127,52,0,0,40.1936
1,0,53,0,1.68188e-05,40.4275
1,1,53,0,0,40.4252
1,2,53,0,0,40.4228
1,3,53,0,0,40.4204
1,4,53,0,0,40.4178
1,5,53,0,0,40.415
1,6,53,0,0,40.412
1,7,53,0,0,40.4088
1,8,53,0,0,40.4055
1,9,53,0,0,40.402
1,10,53,0,0,40.3983
1,11,53,0,0,40.3945
1,12,53,0,0,40.3905
1,13,53,0,0,40.3865
1,14,53,0,0,40.3824
1,15,53,0,0,40.3783
1,16,53,0,0,40.3742
1,17,53,0,0,40.3702
1,18,53,0,0,40.3662
1,19,53,0,0,40.3622
1,20,53,0,0,40.3583
1,21,53,0,0,40.3544
1,22,53,0,0,40.3506
1,23,53,0,0,40.3468
1,24,53,0,0,40.3431
1,25,53,0,0,40.3394
1,26,53,0,0,40.3356
1,27,53,0,0,40.3318
1,28,53,0,0,40.3279
1,29,53,0,0,40.3239
1,30,53,0,0,40.32
1,31,53,0,0,40.316
1,32,53,0,0,40.3122
1,33,53,0,0,40.3084
1,34,53,0,0,40.3047
1,35,53,0,0,40.3012
1,36,53,0,0,40.2979
1,37,53,0,0,40.2948
1,38,53,0,0,40.2918
1,39,53,0,0,40.2889
1,40,53,0,0,40.2862
1,41,53,0,0,40.2835
1,42,53,0,0,40.2809
1,43,53,0,0,40.2785
1,44,53,0,0,40.2762
1,45,53,0,0,40.2739
1,46,53,0,0,40.2717
1,47,53,0,0,40.2696
1,48,53,0,0,40.2676
1,49,53,0,0,40.2657
1,50,53,0,0,40.264
1,51,53,0,0,40.2624
1,52,53,0,0,40.2609
1,53,53,0,0,40.2594
1,54,53,0,0,40.258
1,55,53,0,0,40.2568
1,56,53,0,0,40.2556
1,57,53,0,0,40.2546
1,58,53,0,0,40.2537
1,59,53,0,0,40.2529
1,60,53,0,0,40.2522
1,61,53,0,0,40.2517
1,62,53,0,0,40.2514
1,63,53,0,0,40.2513
1,64,53,0,1.68188e-05,40.2513
1,65,53,0,0,40.2487
1,66,53,0,0,40.2462
1,67,53,0,0,40.2438
1,68,53,0,0,40.2416
1,69,53,0,0,40.2396
1,70,53,0,0,40.2378
1,71,53,0,0,40.2362
1,72,53,0,0,40.2347
1,73,53,0,0,40.2333
1,74,53,0,0,40.2319
1,75,53,0,0,40.2305
1,76,53,0,0,40.2292
1,77,53,0,0,40.2278
1,78,53,0,0,40.2264
1,79,53,0,0,40.225
1,80,53,0,0,40.2236
1,81,53,0,0,40.2223
1,82,53,0,0,40.221
1,83,53,0,0,40.2197
1,84,53,0,0,40.2185
1,85,53,0,0,40.2173
1,86,53,0,0,40.2162
1,87,53,0,0,40.2152
1,88,53,0,0,40.2143
1,89,53,0,0,40.2133
1,90,53,0,0,40.2124
1,91,53,0,0,40.2116
1,92,53,0,0,40.2107
1,93,53,0,0,40.2098
1,94,53,0,0,40.2089
1,95,53,0,0,40.208
1,96,53,0,0,40.2072
1,97,53,0,0,40.2063
1,98,53,0,0,40.2055
1,99,53,0,0,40.2047
1,100,53,0,0,40.2038
1,101,53,0,0,40.2029
1,102,53,0,0,40.2021
1,103,53,0,0,40.2013
1,104,53,0,0,40.2006
1,105,53,0,0,40.1999
1,106,53,0,0,40.1992
1,107,53,0,0,40.1985
1,108,53,0,0,40.1979
1,109,53,0,0,40.1971
1,110,53,0,0,40.1964
1,111,53,0,0,40.1957
1,112,53,0,0,40.195
1,113,53,0,0,40.1945
1,114,53,0,0,40.194
1,115,53,0,0,40.1937
1,116,53,0,0,40.1935
1,117,53,0,0,40.1933
1,118,53,0,0,40.1931
1,119,53,0,0,40.193
1,120,53,0,0,40.1927
1,121,53,0,0,40.1924
1,122,53,0,0,40.1921
1,123,53,0,0,40.1917
1,124,53,0,0,40.1912
1,125,53,0,0,40.1908
1,126,53,0,0,40.1904
1,127,53,0,0,40.1901
1,0,54,0,1.68188e-05,40.4135
1,1,54,0,0,40.411
1,2,54,0,0,40.4086
1,3,54,0,0,40.4061
1,4,54,0,0,40.4035
1,5,54,0,0,40.4008
1,6,54,0,0,40.3979
1,7,54,0,0,40.395
1,8,54,0,0,40.3918
1,9,54,0,0,40.3885
1,10,54,0,0,40.3851
1,11,54,0,0,40.3815
1,12,54,0,0,40.3779
1,13,54,0,0,40.3741
1,14,54,0,0,40.3703
1,15,54,0,0,40.3665
1,16,54,0,0,40.3627
1,17,54,0,0,40.3589
1,18,54,0,0,40.3551
1,19,54,0,0,40.3514
1,20,54,0,0,40.3477
1,21,54,0,0,40.344
1,22,54,0,0,40.3404
1,23,54,0,0,40.3368
1,24,54,0,0,40.3333
1,25,54,0,0,40.3297
1,26,54,0,0,40.3261
1,27,54,0,0,40.3225
1,28,54,0,0,40.3189
1,29,54,0,0,40.3153
1,30,54,0,0,40.3116
1,31,54,0,0,40.308
1,32,54,0,0,40.3044
1,33,54,0,0,40.301
1,34,54,0,0,40.2976
1,35,54,0,0,40.2943
1,36,54,0,0,40.2912
1,37,54,0,0,40.2882
1,38,54,0,0,40.2853
1,39,54,0,0,40.2826
1,40,54,0,0,40.2799
1,41,54,0,0,40.2774
1,42,54,0,0,40.275
1,43,54,0,0,40.2726
1,44,54,0,0,40.2704
1,45,54,0,0,40.2682
1,46,54,0,0,40.2662
1,47,54,0,0,40.2642
1,48,54,0,0,40.2623
1,49,54,0,0,40.2606
1,50,54,0,0,40.2589
1,51,54,0,0,40.2574
1,52,54,0,0,40.256
1,53,54,0,0,40.2546
1,54,54,0,0,40.2534
1,55,54,0,0,40.2522
1,56,54,0,0,40.2511
1,57,54,0,0,40.2502
1,58,54,0,0,40.2494
1,59,54,0,0,40.2486
1,60,54,0,0,40.2481
1,61,54,0,0,40.2477
1,62,54,0,0,40.2474
1,63,54,0,0,40.2473
1,64,54,0,1.68188e-05,40.2473
1,65,54,0,0,40.2448
1,66,54,0,0,40.2424
1,67,54,0,0,40.2401
1,68,54,0,0,40.238
1,69,54,0,0,40.2361
1,70,54,0,0,40.2343
1,71,54,0,0,40.2326
1,72,54,0,0,40.2311
1,73,54,0,0,40.2297
1,74,54,0,0,40.2283
1,75,54,0,0,40.2269
1,76,54,0,0,40.2256
1,77,54,0,0,40.2243
1,78,54,0,0,40.2229
1,79,54,0,0,40.2216
1,80,54,0,0,40.2204
1,81,54,0,0,40.2191
1,82,54,0,0,40.2179
1,83,54,0,0,40.2168
1,84,54,0,0,40.2157
1,85,54,0,0,40.2146
1,86,54,0,0,40.2136
1,87,54,0,0,40.2126
1,88,54,0,0,40.2117
1,89,54,0,0,40.2108
1,90,54,0,0,40.2099
1,91,54,0,0,40.209
1,92,54,0,0,40.2082
1,93,54,0,0,40.2073
1,94,54,0,0,40.2064
1,95,54,0,0,40.2056
1,96,54,0,0,40.2047
1,97,54,0,0,40.2039
1,98,54,0,0,40.203
1,99,54,0,0,40.2022
1,100,54,0,0,40.2013
1,101,54,0,0,40.2005
1,102,54,0,0,40.1997
1,103,54,0,0,40.1989
1,104,54,0,0,40.1982
1,105,54,0,0,40.1974
1,106,54,0,0,40.1967
1,107,54,0,0,40.196
1,108,54,0,0,40.1953
1,109,54,0,0,40.1946
1,110,54,0,0,40.1939
1,111,54,0,0,40.1932
1,112,54,0,0,40.1925
1,113,54,0,0,40.192
1,114,54,0,0,40.1915
1,115,54,0,0,40.1911
1,116,54,0,0,40.1907
1,117,54,0,0,40.1905
1,118,54,0,0,40.1902
1,119,54,0,0,40.1899
1,120,54,0,0,40.1896
1,121,54,0,0,40.1893
1,122,54,0,0,40.189
1,123,54,0,0,40.1886
1,124,54,0,0,40.1882
1,125,54,0,0,40.1878
1,126,54,0,0,40.1875
1,127,54,0,0,40.1872
1,0,55,0,1.68188e-05,40.4008
1,1,55,0,0,40.3983
1,2,55,0,0,40.3958
1,3,55,0,0,40.3933
1,4,55,0,0,40.3908
1,5,55,0,0,40.3882
1,6,55,0,0,40.3855
1,7,55,0,0,40.3826
1,8,55,0,0,40.3796
1,9,55,0,0,40.3765
1,10,55,0,0,40.3733
1,11,55,0,0,40.37
1,12,55,0,0,40.3666
1,13,55,0,0,40.3631
1,14,55,0,0,40.3596
1,15,55,0,0,40.356
1,16,55,0,0,40.3524
1,17,55,0,0,40.3488
1,18,55,0,0,40.3453
1,19,55,0,0,40.3417
1,20,55,0,0,40.3382
1,21,55,0,0,40.3348
1,22,55,0,0,40.3313
1,23,55,0,0,40.328
1,24,55,0,0,40.3246
1,25,55,0,0,40.3212
1,26,55,0,0,40.3179
1,27,55,0,0,40.3145
1,28,55,0,0,40.3111
1,29,55,0,0,40.3077
1,30,55,0,0,40.3044
1,31,55,0,0,40.301
1,32,55,0,0,40.2977
1,33,55,0,0,40.2945
1,34,55,0,0,40.2913
1,35,55,0,0,40.2883
1,36,55,0,0,40.2853
1,37,55,0,0,40.2825
1,38,55,0,0,40.2797
1,39,55,0,0,40.2771
1,40,55,0,0,40.2746
1,41,55,0,0,40.2722
1,42,55,0,0,40.2699
1,43,55,0,0,40.2676
1,44,55,0,0,40.2655
1,45,55,0,0,40.2635
1,46,55,0,0,40.2615
1,47,55,0,0,40.2597
1,48,55,0,0,40.2579
1,49,55,0,0,40.2563
1,50,55,0,0,40.2547
1,51,55,0,0,40.2533
1,52,55,0,0,40.2519
1,53,55,0,0,40.2507
1,54,55,0,0,40.2495
1,55,55,0,0,40.2484
1,56,55,0,0,40.2475
1,57,55,0,0,40.2466
1,58,55,0,0,40.2459
1,59,55,0,0,40.2452
1,60,55,0,0,40.2447
1,61,55,0,0,40.2444
1,62,55,0,0,40.2441
1,63,55,0,0,40.2441
1,64,55,0,1.68188e-05,40.2442
1,65,55,0,0,40.2417
1,66,55,0,0,40.2394
1,67,55,0,0,40.2372
1,68,55,0,0,40.2351
1,69,55,0,0,40.2332
1,70,55,0,0,40.2315
1,71,55,0,0,40.2298
1,72,55,0,0,40.2283
1,73,55,0,0,40.2269
1,74,55,0,0,40.2255
1,75,55,0,0,40.2241
1,76,55,0,0,40.2228
1,77,55,0,0,40.2216
1,78,55,0,0,40.2203
1,79,55,0,0,40.2191
1,80,55,0,0,40.2179
1,81,55,0,0,40.2168
1,82,55,0,0,40.2157
1,83,55,0,0,40.2146
1,84,55,0,0,40.2136
1,85,55,0,0,40.2126
1,86,55,0,0,40.2117
1,87,55,0,0,40.2108
1,88,55,0,0,40.2099
1,89,55,0,0,40.209
1,90,55,0,0,40.2081
1,91,55,0,0,40.2073
1,92,55,0,0,40.2064
1,93,55,0,0,40.2056
1,94,55,0,0,40.2047
1,95,55,0,0,40.2038
1,96,55,0,0,40.203
1,97,55,0,0,40.2021
1,98,55,0,0,40.2013
1,99,55,0,0,40.2004
1,100,55,0,0,40.1996
1,101,55,0,0,40.1988
1,102,55,0,0,40.198
1,103,55,0,0,40.1972
1,104,55,0,0,40.1964
1,105,55,0,0,40.1957
1,106,55,0,0,40.1949
1,107,55,0,0,40.1942
1,108,55,0,0,40.1935
1,109,55,0,0,40.1927
1,110,55,0,0,40.192
1,111,55,0,0,40.1913
1,112,55,0,0,40.1907
1,113,55,0,0,40.1901
1,114,55,0,0,40.1896
1,115,55,0,0,40.1891
1,116,55,0,0,40.1887
1,117,55,0,0,40.1883
1,118,55,0,0,40.188
1,119,55,0,0,40.1876
1,120,55,0,0,40.1873
1,121,55,0,0,40.1869
1,122,55,0,0,40.1865
1,123,55,0,0,40.1862
1,124,55,0,0,40.1858
1,125,55,0,0,40.1854
1,126,55,0,0,40.1852
1,127,55,0,0,40.1849
1,0,56,0,1.68188e-05,40.3895
1,1,56,0,0,40.387
1,2,56,0,0,40.3845
1,3,56,0,0,40.3821
1,4,56,0,0,40.3796
1,5,56,0,0,40.3771
1,6,56,0,0,40.3744
1,7,56,0,0,40.3717
1,8,56,0,0,40.3689
1,9,56,0,0,40.366
1,10,56,0,0,40.363
1,11,56,0,0,40.3599
1,12,56,0,0,40.3567
1,13,56,0,0,40.3534
1,14,56,0,0,40.3501
1,15,56,0,0,40.3467
1,16,56,0,0,40.3434
1,17,56,0,0,40.34
1,18,56,0,0,40.3366
1,19,56,0,0,40.3333
1,20,56,0,0,40.33
1,21,56,0,0,40.3267
1,22,56,0,0,40.3234
1,23,56,0,0,40.3202
1,24,56,0,0,40.317
1,25,56,0,0,40.3139
1,26,56,0,0,40.3107
1,27,56,0,0,40.3076
1,28,56,0,0,40.3044
1,29,56,0,0,40.3013
1,30,56,0,0,40.2982
1,31,56,0,0,40.2951
1,32,56,0,0,40.292
1,33,56,0,0,40.289
1,34,56,0,0,40.286
1,35,56,0,0,40.2832
1,36,56,0,0,40.2804
1,37,56,0,0,40.2777
1,38,56,0,0,40.2751
1,39,56,0,0,40.2726
1,40,56,0,0,40.2702
1,41,56,0,0,40.2679
1,42,56,0,0,40.2657
1,43,56,0,0,40.2635
1,44,56,0,0,40.2615
1,45,56,0,0,40.2596
1,46,56,0,0,40.2577
1,47,56,0,0,40.256
1,48,56,0,0,40.2544
1,49,56,0,0,40.2528
1,50,56,0,0,40.2514
1,51,56,0,0,40.25
1,52,56,0,0,40.2487
1,53,56,0,0,40.2476
1,54,56,0,0,40.2465
1,55,56,0,0,40.2455
1,56,56,0,0,40.2446
1,57,56,0,0,40.2438
1,58,56,0,0,40.2431
1,59,56,0,0,40.2426
1,60,56,0,0,40.2421
1,61,56,0,0,40.2418
1,62,56,0,0,40.2416
1,63,56,0,0,40.2416
1,64,56,0,1.68188e-05,40.2418
1,65,56,0,0,40.2394
1,66,56,0,0,40.2371
1,67,56,0,0,40.235
1,68,56,0,0,40.233
1,69,56,0,0,40.2311
1,70,56,0,0,40.2294
1,71,56,0,0,40.2278
1,72,56,0,0,40.2263
1,73,56,0,0,40.2248
1,74,56,0,0,40.2235
1,75,56,0,0,40.2222
1,76,56,0,0,40.2209
1,77,56,0,0,40.2197
1,78,56,0,0,40.2185
1,79,56,0,0,40.2173
1,80,56,0,0,40.2163
1,81,56,0,0,40.2152
1,82,56,0,0,40.2142
1,83,56,0,0,40.2133
1,84,56,0,0,40.2123
1,85,56,0,0,40.2114
1,86,56,0,0,40.2106
1,87,56,0,0,40.2097
1,88,56,0,0,40.2088
1,89,56,0,0,40.208
1,90,56,0,0,40.2071
1,91,56,0,0,40.2063
1,92,56,0,0,40.2054
1,93,56,0,0,40.2046
1,94,56,0,0,40.2037
1,95,56,0,0,40.2029
1,96,56,0,0,40.202
1,97,56,0,0,40.2012
1,98,56,0,0,40.2003
1,99,56,0,0,40.1995
1,100,56,0,0,40.1986
1,101,56,0,0,40.1978
1,102,56,0,0,40.197
1,103,56,0,0,40.1962
1,104,56,0,0,40.1954
1,105,56,0,0,40.1946
1,106,56,0,0,40.1939
1,107,56,0,0,40.1931
1,108,56,0,0,40.1923
1,109,56,0,0,40.1916
1,110,56,0,0,40.1909
1,111,56,0,0,40.1901
1,112,56,0,0,40.1895
1,113,56,0,0,40.1888
1,114,56,0,0,40.1883
1,115,56,0,0,40.1878
1,116,56,0,0,40.1873
1,117,56,0,0,40.1869
1,118,56,0,0,40.1864
1,119,56,0,0,40.186
1,120,56,0,0,40.1856
1,121,56,0,0,40.1852
1,122,56,0,0,40.1848
1,123,56,0,0,40.1844
1,124,56,0,0,40.1841
1,125,56,0,0,40.1837
1,126,56,0,0,40.1834
1,127,56,0,0,40.1832
1,0,57,0,1.68188e-05,40.3795
1,1,57,0,0,40.377
1,2,57,0,0,40.3746
1,3,57,0,0,40.3722
1,4,57,0,0,40.3698
1,5,57,0,0,40.3674
1,6,57,0,0,40.3649
1,7,57,0,0,40.3623
1,8,57,0,0,40.3596
1,9,57,0,0,40.3568
1,10,57,0,0,40.354
1,11,57,0,0,40.3511
1,12,57,0,0,40.3481
1,13,57,0,0,40.345
1,14,57,0,0,40.3419
1,15,57,0,0,40.3387
1,16,57,0,0,40.3356
1,17,57,0,0,40.3324
1,18,57,0,0,40.3292
1,19,57,0,0,40.326
1,20,57,0,0,40.3228
1,21,57,0,0,40.3197
1,22,57,0,0,40.3166
1,23,57,0,0,40.3136
1,24,57,0,0,40.3106
1,25,57,0,0,40.3076
1,26,57,0,0,40.3047
1,27,57,0,0,40.3018
1,28,57,0,0,40.2988
1,29,57,0,0,40.2959
1,30,57,0,0,40.293
1,31,57,0,0,40.2901
1,32,57,0,0,40.2873
1,33,57,0,0,40.2845
1,34,57,0,0,40.2817
1,35,57,0,0,40.279
1,36,57,0,0,40.2763
1,37,57,0,0,40.2738
1,38,57,0,0,40.2713
1,39,57,0,0,40.2689
1,40,57,0,0,40.2666
1,41,57,0,0,40.2644
1,42,57,0,0,40.2623
1,43,57,0,0,40.2603
1,44,57,0,0,40.2583
1,45,57,0,0,40.2565
1,46,57,0,0,40.2548
1,47,57,0,0,40.2532
1,48,57,0,0,40.2516
1,49,57,0,0,40.2502
1,50,57,0,0,40.2488
1,51,57,0,0,40.2475
1,52,57,0,0,40.2463
1,53,57,0,0,40.2452
1,54,57,0,0,40.2443
1,55,57,0,0,40.2433
1,56,57,0,0,40.2425
1,57,57,0,0,40.2418
1,58,57,0,0,40.2412
1,59,57,0,0,40.2407
1,60,57,0,0,40.2403
1,61,57,0,0,40.24
1,62,57,0,0,40.2399
1,63,57,0,0,40.2399
1,64,57,0,1.68188e-05,40.2401
1,65,57,0,0,40.2378
1,66,57,0,0,40.2356
1,67,57,0,0,40.2335
1,68,57,0,0,40.2316
1,69,57,0,0,40.2298
1,70,57,0,0,40.2281
1,71,57,0,0,40.2265
1,72,57,0,0,40.225
1,73,57,0,0,40.2236
1,74,57,0,0,40.2222
1,75,57,0,0,40.2209
1,76,57,0,0,40.2197
1,77,57,0,0,40.2185
1,78,57,0,0,40.2174
1,79,57,0,0,40.2163
1,80,57,0,0,40.2153
1,81,57,0,0,40.2144
1,82,57,0,0,40.2135
1,83,57,0,0,40.2126
1,84,57,0,0,40.2118
1,85,57,0,0,40.211
1,86,57,0,0,40.2102
1,87,57,0,0,40.2094
1,88,57,0,0,40.2086
1,89,57,0,0,40.2078
1,90,57,0,0,40.2069
1,91,57,0,0,40.2061
1,92,57,0,0,40.2052
1,93,57,0,0,40.2044
1,94,57,0,0,40.2035
1,95,57,0,0,40.2027
1,96,57,0,0,40.2018
1,97,57,0,0,40.2009
1,98,57,0,0,40.2001
1,99,57,0,0,40.1992
1,100,57,0,0,40.1984
1,101,57,0,0,40.1975
1,102,57,0,0,40.1967
1,103,57,0,0,40.1959
1,104,57,0,0,40.1951
1,105,57,0,0,40.1943
1,106,57,0,0,40.1935
1,107,57,0,0,40.1927
1,108,57,0,0,40.1919
1,109,57,0,0,40.1911
1,110,57,0,0,40.1904
1,111,57,0,0,40.1896
1,112,57,0,0,40.1889
1,113,57,0,0,40.1883
1,114,57,0,0,40.1876
1,115,57,0,0,40.1871
1,116,57,0,0,40.1865
1,117,57,0,0,40.186
1,118,57,0,0,40.1856
1,119,57,0,0,40.1851
1,120,57,0,0,40.1847
1,121,57,0,0,40.1843
1,122,57,0,0,40.1838
1,123,57,0,0,40.1834
1,124,57,0,0,40.183
1,125,57,0,0,40.1826
1,126,57,0,0,40.1823
1,127,57,0,0,40.1821
1,0,58,0,1.68188e-05,40.3707
1,1,58,0,0,40.3683
1,2,58,0,0,40.3659
1,3,58,0,0,40.3636
1,4,58,0,0,40.3614
1,5,58,0,0,40.359
1,6,58,0,0,40.3567
1,7,58,0,0,40.3542
1,8,58,0,0,40.3517
1,9,58,0,0,40.3491
1,10,58,0,0,40.3464
1,11,58,0,0,40.3436
1,12,58,0,0,40.3408
1,13,58,0,0,40.3379
1,14,58,0,0,40.3349
1,15,58,0,0,40.332
1,16,58,0,0,40.3289
1,17,58,0,0,40.3259
1,18,58,0,0,40.3228
1,19,58,0,0,40.3198
1,20,58,0,0,40.3168
1,21,58,0,0,40.3138
1,22,58,0,0,40.3109
1,23,58,0,0,40.308
1,24,58,0,0,40.3052
1,25,58,0,0,40.3024
1,26,58,0,0,40.2997
1,27,58,0,0,40.297
1,28,58,0,0,40.2943
1,29,58,0,0,40.2916
1,30,58,0,0,40.2889
1,31,58,0,0,40.2862
1,32,58,0,0,40.2835
1,33,58,0,0,40.2809
1,34,58,0,0,40.2783
1,35,58,0,0,40.2757
1,36,58,0,0,40.2732
1,37,58,0,0,40.2708
1,38,58,0,0,40.2684
1,39,58,0,0,40.2661
1,40,58,0,0,40.2639
1,41,58,0,0,40.2618
1,42,58,0,0,40.2598
1,43,58,0,0,40.2578
1,44,58,0,0,40.256
1,45,58,0,0,40.2543
1,46,58,0,0,40.2527
1,47,58,0,0,40.2511
1,48,58,0,0,40.2497
1,49,58,0,0,40.2484
1,50,58,0,0,40.2471
1,51,58,0,0,40.2459
1,52,58,0,0,40.2448
1,53,58,0,0,40.2437
1,54,58,0,0,40.2428
1,55,58,0,0,40.242
1,56,58,0,0,40.2413
1,57,58,0,0,40.2406
1,58,58,0,0,40.2401
1,59,58,0,0,40.2396
1,60,58,0,0,40.2392
1,61,58,0,0,40.239
1,62,58,0,0,40.2389
1,63,58,0,0,40.2389
1,64,58,0,1.68188e-05,40.2392
1,65,58,0,0,40.2369
1,66,58,0,0,40.2348
1,67,58,0,0,40.2328
1,68,58,0,0,40.2309
1,69,58,0,0,40.2292
1,70,58,0,0,40.2275
1,71,58,0,0,40.2259
1,72,58,0,0,40.2245
1,73,58,0,0,40.2231
1,74,58,0,0,40.2218
1,75,58,0,0,40.2205
1,76,58,0,0,40.2193
1,77,58,0,0,40.2182
1,78,58,0,0,40.2171
1,79,58,0,0,40.2161
1,80,58,0,0,40.2151
1,81,58,0,0,40.2143
1,82,58,0,0,40.2135
1,83,58,0,0,40.2128
1,84,58,0,0,40.212
1,85,58,0,0,40.2113
1,86,58,0,0,40.2106
1,87,58,0,0,40.2099
1,88,58,0,0,40.2091
1,89,58,0,0,40.2083
1,90,58,0,0,40.2075
1,91,58,0,0,40.2066
1,92,58,0,0,40.2058
1,93,58,0,0,40.2049
1,94,58,0,0,40.2041
1,95,58,0,0,40.2032
1,96,58,0,0,40.2023
1,97,58,0,0,40.2014
1,98,58,0,0,40.2005
1,99,58,0,0,40.1997
1,100,58,0,0,40.1988
1,101,58,0,0,40.198
1,102,58,0,0,40.1971
1,103,58,0,0,40.1963
1,104,58,0,0,40.1955
1,105,58,0,0,40.1947
1,106,58,0,0,40.1939
1,107,58,0,0,40.1931
1,108,58,0,0,40.1922
1,109,58,0,0,40.1914
1,110,58,0,0,40.1906
1,111,58,0,0,40.1898
1,112,58,0,0,40.189
1,113,58,0,0,40.1883
1,114,58,0,0,40.1877
1,115,58,0,0,40.187
1,116,58,0,0,40.1865
1,117,58,0,0,40.1859
1,118,58,0,0,40.1854
1,119,58,0,0,40.1849
1,120,58,0,0,40.1844
1,121,58,0,0,40.1839
1,122,58,0,0,40.1835
1,123,58,0,0,40.183
1,124,58,0,0,40.1825
1,125,58,0,0,40.1821
1,126,58,0,0,40.1818
1,127,58,0,0,40.1815
1,0,59,0,1.68188e-05,40.3631
1,1,59,0,0,40.3608
1,2,59,0,0,40.3586
1,3,59,0,0,40.3564
1,4,59,0,0,40.3542
1,5,59,0,0,40.3521
1,6,59,0,0,40.3498
1,7,59,0,0,40.3475
1,8,59,0,0,40.3451
1,9,59,0,0,40.3426
1,10,59,0,0,40.34
1,11,59,0,0,40.3374
1,12,59,0,0,40.3347
1,13,59,0,0,40.332
1,14,59,0,0,40.3292
1,15,59,0,0,40.3264
1,16,59,0,0,40.3235
1,17,59,0,0,40.3206
1,18,59,0,0,40.3176
1,19,59,0,0,40.3147
1,20,59,0,0,40.3118
1,21,59,0,0,40.309
1,22,59,0,0,40.3062
1,23,59,0,0,40.3035
1,24,59,0,0,40.3009
1,25,59,0,0,40.2983
1,26,59,0,0,40.2958
1,27,59,0,0,40.2933
1,28,59,0,0,40.2908
1,29,59,0,0,40.2883
1,30,59,0,0,40.2858
1,31,59,0,0,40.2833
1,32,59,0,0,40.2808
1,33,59,0,0,40.2783
1,34,59,0,0,40.2758
1,35,59,0,0,40.2734
1,36,59,0,0,40.271
1,37,59,0,0,40.2687
1,38,59,0,0,40.2664
1,39,59,0,0,40.2642
1,40,59,0,0,40.2621
1,41,59,0,0,40.2601
1,42,59,0,0,40.2581
1,43,59,0,0,40.2562
1,44,59,0,0,40.2545
1,45,59,0,0,40.2529
1,46,59,0,0,40.2514
1,47,59,0,0,40.25
1,48,59,0,0,40.2486
1,49,59,0,0,40.2474
1,50,59,0,0,40.2461
1,51,59,0,0,40.245
1,52,59,0,0,40.244
1,53,59,0,0,40.243
1,54,59,0,0,40.2422
1,55,59,0,0,40.2414
1,56,59,0,0,40.2408
1,57,59,0,0,40.2402
1,58,59,0,0,40.2397
1,59,59,0,0,40.2393
1,60,59,0,0,40.2389
1,61,59,0,0,40.2387
1,62,59,0,0,40.2386
1,63,59,0,0,40.2387
1,64,59,0,1.68188e-05,40.239
1,65,59,0,0,40.2368
1,66,59,0,0,40.2347
1,67,59,0,0,40.2328
1,68,59,0,0,40.231
1,69,59,0,0,40.2293
1,70,59,0,0,40.2277
1,71,59,0,0,40.2261
1,72,59,0,0,40.2247
1,73,59,0,0,40.2233
1,74,59,0,0,40.222
1,75,59,0,0,40.2208
1,76,59,0,0,40.2196
1,77,59,0,0,40.2185
1,78,59,0,0,40.2175
1,79,59,0,0,40.2165
1,80,59,0,0,40.2157
1,81,59,0,0,40.2149
1,82,59,0,0,40.2143
1,83,59,0,0,40.2136
1,84,59,0,0,40.2131
1,85,59,0,0,40.2125
1,86,59,0,0,40.2118
1,87,59,0,0,40.2111
1,88,59,0,0,40.2104
1,89,59,0,0,40.2096
1,90,59,0,0,40.2088
1,91,59,0,0,40.208
1,92,59,0,0,40.2071
1,93,59,0,0,40.2063
1,94,59,0,0,40.2054
1,95,59,0,0,40.2045
1,96,59,0,0,40.2036
1,97,59,0,0,40.2027
1,98,59,0,0,40.2018
1,99,59,0,0,40.2009
1,100,59,0,0,40.2
1,101,59,0,0,40.1991
1,102,59,0,0,40.1983
1,103,59,0,0,40.1975
1,104,59,0,0,40.1967
1,105,59,0,0,40.1958
1,106,59,0,0,40.195
1,107,59,0,0,40.1941
1,108,59,0,0,40.1932
1,109,59,0,0,40.1923
1,110,59,0,0,40.1914
1,111,59,0,0,40.1906
1,112,59,0,0,40.1898
1,113,59,0,0,40.189
1,114,59,0,0,40.1883
1,115,59,0,0,40.1877
1,116,59,0,0,40.187
1,117,59,0,0,40.1864
1,118,59,0,0,40.1859
1,119,59,0,0,40.1853
1,120,59,0,0,40.1848
1,121,59,0,0,40.1843
1,122,59,0,0,40.1838
1,123,59,0,0,40.1833
1,124,59,0,0,40.1827
1,125,59,0,0,40.1822
1,126,59,0,0,40.1818
1,127,59,0,0,40.1815
1,0,60,0,1.68188e-05,40.3567
1,1,60,0,0,40.3545
1,2,60,0,0,40.3524
1,3,60,0,0,40.3504
1,4,60,0,0,40.3484
1,5,60,0,0,40.3464
1,6,60,0,0,40.3443
1,7,60,0,0,40.3421
1,8,60,0,0,40.3398
1,9,60,0,0,40.3374
1,10,60,0,0,40.335
1,11,60,0,0,40.3325
1,12,60,0,0,40.3299
1,13,60,0,0,40.3274
1,14,60,0,0,40.3248
1,15,60,0,0,40.322
1,16,60,0,0,40.3192
1,17,60,0,0,40.3164
1,18,60,0,0,40.3135
1,19,60,0,0,40.3107
1,20,60,0,0,40.3079
1,21,60,0,0,40.3052
1,22,60,0,0,40.3026
1,23,60,0,0,40.3001
1,24,60,0,0,40.2976
1,25,60,0,0,40.2952
1,26,60,0,0,40.2929
1,27,60,0,0,40.2906
1,28,60,0,0,40.2883
1,29,60,0,0,40.286
1,30,60,0,0,40.2838
1,31,60,0,0,40.2814
1,32,60,0,0,40.2791
1,33,60,0,0,40.2767
1,34,60,0,0,40.2743
1,35,60,0,0,40.2719
1,36,60,0,0,40.2697
1,37,60,0,0,40.2675
1,38,60,0,0,40.2653
1,39,60,0,0,40.2632
1,40,60,0,0,40.2612
1,41,60,0,0,40.2592
1,42,60,0,0,40.2573
1,43,60,0,0,40.2554
1,44,60,0,0,40.2538
1,45,60,0,0,40.2522
1,46,60,0,0,40.2509
1,47,60,0,0,40.2496
1,48,60,0,0,40.2484
1,49,60,0,0,40.2472
1,50,60,0,0,40.2461
1,51,60,0,0,40.245
1,52,60,0,0,40.244
1,53,60,0,0,40.2431
1,54,60,0,0,40.2423
1,55,60,0,0,40.2417
1,56,60,0,0,40.2411
1,57,60,0,0,40.2407
1,58,60,0,0,40.2402
1,59,60,0,0,40.2398
1,60,60,0,0,40.2394
1,61,60,0,0,40.2391
1,62,60,0,0,40.239
1,63,60,0,0,40.2391
1,64,60,0,1.68188e-05,40.2395
1,65,60,0,0,40.2373
1,66,60,0,0,40.2354
1,67,60,0,0,40.2336
1,68,60,0,0,40.2318
1,69,60,0,0,40.2302
1,70,60,0,0,40.2286
1,71,60,0,0,40.2271
1,72,60,0,0,40.2257
1,73,60,0,0,40.2243
1,74,60,0,0,40.2231
1,75,60,0,0,40.2219
1,76,60,0,0,40.2207
1,77,60,0,0,40.2196
1,78,60,0,0,40.2186
1,79,60,0,0,40.2177
1,80,60,0,0,40.2169
1,81,60,0,0,40.2163
1,82,60,0,0,40.2158
1,83,60,0,0,40.2153
1,84,60,0,0,40.2149
1,85,60,0,0,40.2144
1,86,60,0,0,40.2139
1,87,60,0,0,40.2133
1,88,60,0,0,40.2126
1,89,60,0,0,40.2118
1,90,60,0,0,40.211
1,91,60,0,0,40.2101
1,92,60,0,0,40.2093
1,93,60,0,0,40.2084
1,94,60,0,0,40.2075
1,95,60,0,0,40.2066
1,96,60,0,0,40.2056
1,97,60,0,0,40.2047
1,98,60,0,0,40.2038
1,99,60,0,0,40.2028
1,100,60,0,0,40.2019
1,101,60,0,0,40.201
1,102,60,0,0,40.2002
1,103,60,0,0,40.1994
1,104,60,0,0,40.1986
1,105,60,0,0,40.1977
1,106,60,0,0,40.1968
1,107,60,0,0,40.1959
1,108,60,0,0,40.1949
1,109,60,0,0,40.1939
1,110,60,0,0,40.193
1,111,60,0,0,40.1921
1,112,60,0,0,40.1912
1,113,60,0,0,40.1904
1,114,60,0,0,40.1896
1,115,60,0,0,40.1889
1,116,60,0,0,40.1883
1,117,60,0,0,40.1876
1,118,60,0,0,40.187
1,119,60,0,0,40.1864
1,120,60,0,0,40.1859
1,121,60,0,0,40.1854
1,122,60,0,0,40.1848
1,123,60,0,0,40.1842
1,124,60,0,0,40.1836
1,125,60,0,0,40.183
1,126,60,0,0,40.1824
1,127,60,0,0,40.182
1,0,61,0,1.68188e-05,40.3514
1,1,61,0,0,40.3494
1,2,61,0,0,40.3475
1,3,61,0,0,40.3458
1,4,61,0,0,40.344
1,5,61,0,0,40.3421
1,6,61,0,0,40.3401
1,7,61,0,0,40.3381
1,8,61,0,0,40.3359
1,9,61,0,0,40.3335
1,10,61,0,0,40.3312
1,11,61,0,0,40.3288
1,12,61,0,0,40.3264
1,13,61,0,0,40.324
1,14,61,0,0,40.3215
1,15,61,0,0,40.3189
1,16,61,0,0,40.3162
1,17,61,0,0,40.3134
1,18,61,0,0,40.3105
1,19,61,0,0,40.3078
1,20,61,0,0,40.305
1,21,61,0,0,40.3024
1,22,61,0,0,40.3
1,23,61,0,0,40.2976
1,24,61,0,0,40.2953
1,25,61,0,0,40.2931
1,26,61,0,0,40.2909
1,27,61,0,0,40.2889
1,28,61,0,0,40.2868
1,29,61,0,0,40.2848
1,30,61,0,0,40.2828
1,31,61,0,0,40.2807
1,32,61,0,0,40.2784
1,33,61,0,0,40.2761
1,34,61,0,0,40.2737
1,35,61,0,0,40.2714
1,36,61,0,0,40.2692
1,37,61,0,0,40.2672
1,38,61,0,0,40.2651
1,39,61,0,0,40.2632
1,40,61,0,0,40.2612
1,41,61,0,0,40.2592
1,42,61,0,0,40.2573
1,43,61,0,0,40.2554
1,44,61,0,0,40.2538
1,45,61,0,0,40.2524
1,46,61,0,0,40.2512
1,47,61,0,0,40.2501
1,48,61,0,0,40.249
1,49,61,0,0,40.2479
1,50,61,0,0,40.2468
1,51,61,0,0,40.2457
1,52,61,0,0,40.2447
1,53,61,0,0,40.2439
1,54,61,0,0,40.2432
1,55,61,0,0,40.2427
1,56,61,0,0,40.2423
1,57,61,0,0,40.242
1,58,61,0,0,40.2416
1,59,61,0,0,40.2411
1,60,61,0,0,40.2407
1,61,61,0,0,40.2403
1,62,61,0,0,40.2401
1,63,61,0,0,40.2402
1,64,61,0,1.68188e-05,40.2406
1,65,61,0,0,40.2386
1,66,61,0,0,40.2368
1,67,61,0,0,40.2351
1,68,61,0,0,40.2335
1,69,61,0,0,40.2319
1,70,61,0,0,40.2304
1,71,61,0,0,40.2289
1,72,61,0,0,40.2274
1,73,61,0,0,40.2261
1,74,61,0,0,40.2249
1,75,61,0,0,40.2237
1,76,61,0,0,40.2226
1,77,61,0,0,40.2214
1,78,61,0,0,40.2204
1,79,61,0,0,40.2195
1,80,61,0,0,40.2188
1,81,61,0,0,40.2183
1,82,61,0,0,40.218
1,83,61,0,0,40.2178
1,84,61,0,0,40.2175
1,85,61,0,0,40.2172
1,86,61,0,0,40.2169
1,87,61,0,0,40.2163
1,88,61,0,0,40.2156
1,89,61,0,0,40.2148
1,90,61,0,0,40.2139
1,91,61,0,0,40.2131
1,92,61,0,0,40.2122
1,93,61,0,0,40.2113
1,94,61,0,0,40.2104
1,95,61,0,0,40.2095
1,96,61,0,0,40.2085
1,97,61,0,0,40.2075
1,98,61,0,0,40.2065
1,99,61,0,0,40.2055
1,100,61,0,0,40.2046
1,101,61,0,0,40.2037
1,102,61,0,0,40.2028
1,103,61,0,0,40.202
1,104,61,0,0,40.2012
1,105,61,0,0,40.2004
1,106,61,0,0,40.1995
1,107,61,0,0,40.1985
1,108,61,0,0,40.1974
1,109,61,0,0,40.1963
1,110,61,0,0,40.1952
1,111,61,0,0,40.1942
1,112,61,0,0,40.1933
1,113,61,0,0,40.1924
1,114,61,0,0,40.1916
1,115,61,0,0,40.1909
1,116,61,0,0,40.1902
1,117,61,0,0,40.1895
1,118,61,0,0,40.1888
1,119,61,0,0,40.1882
1,120,61,0,0,40.1877
1,121,61,0,0,40.1871
1,122,61,0,0,40.1865
1,123,61,0,0,40.1859
1,124,61,0,0,40.1851
1,125,61,0,0,40.1843
1,126,61,0,0,40.1836
1,127,61,0,0,40.1829
1,0,62,0,1.68188e-05,40.3471
1,1,62,0,0,40.3454
1,2,62,0,0,40.3438
1,3,62,0,0,40.3424
1,4,62,0,0,40.3408
1,5,62,0,0,40.3391
1,6,62,0,0,40.3373
1,7,62,0,0,40.3354
1,8,62,0,0,40.3333
1,9,62,0,0,40.3309
1,10,62,0,0,40.3286
1,11,62,0,0,40.3262
1,12,62,0,0,40.324
1,13,62,0,0,40.3219
1,14,62,0,0,40.3196
1,15,62,0,0,40.3171
1,16,62,0,0,40.3144
1,17,62,0,0,40.3115
1,18,62,0,0,40.3086
1,19,62,0,0,40.3059
1,20,62,0,0,40.3031
1,21,62,0,0,40.3006
1,22,62,0,0,40.2983
1,23,62,0,0,40.2962
1,24,62,0,0,40.294
1,25,62,0,0,40.292
1,26,62,0,0,40.29
1,27,62,0,0,40.2882
1,28,62,0,0,40.2865
1,29,62,0,0,40.2846
1,30,62,0,0,40.2829
1,31,62,0,0,40.281
1,32,62,0,0,40.2788
1,33,62,0,0,40.2766
1,34,62,0,0,40.2741
1,35,62,0,0,40.2718
1,36,62,0,0,40.2697
1,37,62,0,0,40.2678
1,38,62,0,0,40.2659
1,39,62,0,0,40.264
1,40,62,0,0,40.2622
1,41,62,0,0,40.2601
1,42,62,0,0,40.2581
1,43,62,0,0,40.2561
1,44,62,0,0,40.2546
1,45,62,0,0,40.2533
1,46,62,0,0,40.2523
1,47,62,0,0,40.2515
1,48,62,0,0,40.2506
1,49,62,0,0,40.2497
1,50,62,0,0,40.2485
1,51,62,0,0,40.2473
1,52,62,0,0,40.2462
1,53,62,0,0,40.2455
1,54,62,0,0,40.2449
1,55,62,0,0,40.2446
1,56,62,0,0,40.2443
1,57,62,0,0,40.2442
1,58,62,0,0,40.244
1,59,62,0,0,40.2434
1,60,62,0,0,40.2427
1,61,62,0,0,40.2421
1,62,62,0,0,40.2418
1,63,62,0,0,40.2419
1,64,62,0,1.68188e-05,40.2424
1,65,62,0,0,40.2406
1,66,62,0,0,40.2391
1,67,62,0,0,40.2375
1,68,62,0,0,40.236
1,69,62,0,0,40.2345
1,70,62,0,0,40.2329
1,71,62,0,0,40.2314
1,72,62,0,0,40.2299
1,73,62,0,0,40.2286
1,74,62,0,0,40.2275
1,75,62,0,0,40.2264
1,76,62,0,0,40.2252
1,77,62,0,0,40.224
1,78,62,0,0,40.2229
1,79,62,0,0,40.222
1,80,62,0,0,40.2214
1,81,62,0,0,40.2211
1,82,62,0,0,40.221
1,83,62,0,0,40.221
1,84,62,0,0,40.221
1,85,62,0,0,40.221
1,86,62,0,0,40.2208
1,87,62,0,0,40.2203
1,88,62,0,0,40.2195
1,89,62,0,0,40.2186
1,90,62,0,0,40.2177
1,91,62,0,0,40.2169
1,92,62,0,0,40.216
1,93,62,0,0,40.2151
1,94,62,0,0,40.2142
1,95,62,0,0,40.2132
1,96,62,0,0,40.2121
1,97,62,0,0,40.2111
1,98,62,0,0,40.21
1,99,62,0,0,40.2089
1,100,62,0,0,40.208
1,101,62,0,0,40.207
1,102,62,0,0,40.2061
1,103,62,0,0,40.2054
1,104,62,0,0,40.2047
1,105,62,0,0,40.2039
1,106,62,0,0,40.2031
1,107,62,0,0,40.2019
1,108,62,0,0,40.2006
1,109,62,0,0,40.1993
1,110,62,0,0,40.1982
1,111,62,0,0,40.1971
1,112,62,0,0,40.1961
1,113,62,0,0,40.1951
1,114,62,0,0,40.1943
1,115,62,0,0,40.1935
1,116,62,0,0,40.1928
1,117,62,0,0,40.192
1,118,62,0,0,40.1912
1,119,62,0,0,40.1906
1,120,62,0,0,40.1901
1,121,62,0,0,40.1896
1,122,62,0,0,40.1891
1,123,62,0,0,40.1884
1,124,62,0,0,40.1874
1,125,62,0,0,40.1863
1,126,62,0,0,40.1853
1,127,62,0,0,40.1843
1,0,63,0,1.68188e-05,40.3437
1,1,63,0,0,40.3425
1,2,63,0,0,40.3414
1,3,63,0,0,40.3403
1,4,63,0,0,40.339
1,5,63,0,0,40.3376
1,6,63,0,0,40.3357
1,7,63,0,0,40.3342
1,8,63,0,0,40.3322
1,9,63,0,0,40.3294
1,10,63,0,0,40.3272
1,11,63,0,0,40.3248
1,12,63,0,0,40.3228
1,13,63,0,0,40.321
1,14,63,0,0,40.3192
1,15,63,0,0,40.3166
1,16,63,0,0,40.3139
1,17,63,0,0,40.3109
1,18,63,0,0,40.3077
1,19,63,0,0,40.305
1,20,63,0,0,40.3022
1,21,63,0,0,40.2996
1,22,63,0,0,40.2977
1,23,63,0,0,40.2958
1,24,63,0,0,40.2938
1,25,63,0,0,40.2918
1,26,63,0,0,40.2901
1,27,63,0,0,40.2886
1,28,63,0,0,40.2872
1,29,63,0,0,40.2854
1,30,63,0,0,40.2843
1,31,63,0,0,40.2827
1,32,63,0,0,40.2805
1,33,63,0,0,40.2782
1,34,63,0,0,40.2755
1,35,63,0,0,40.273
1,36,63,0,0,40.2709
1,37,63,0,0,40.2695
1,38,63,0,0,40.2676
1,39,63,0,0,40.2659
1,40,63,0,0,40.2644
1,41,63,0,0,40.2621
1,42,63,0,0,40.2597
1,43,63,0,0,40.2574
1,44,63,0,0,40.2562
1,45,63,0,0,40.2549
1,46,63,0,0,40.2542
1,47,63,0,0,40.2538
1,48,63,0,0,40.2532
1,49,63,0,0,40.2525
1,50,63,0,0,40.2512
1,51,63,0,0,40.2496
1,52,63,0,0,40.2484
1,53,63,0,0,40.2477
1,54,63,0,0,40.2473
1,55,63,0,0,40.2473
1,56,63,0,0,40.2472
1,57,63,0,0,40.2474
1,58,63,0,0,40.2476
1,59,63,0,0,40.2468
1,60,63,0,0,40.2457
1,61,63,0,0,40.2447
1,62,63,0,0,40.2441
1,63,63,0,0,40.244
1,64,63,0,1.68188e-05,40.2447
1,65,63,0,0,40.2434
1,66,63,0,0,40.2422
1,67,63,0,0,40.2407
1,68,63,0,0,40.2395
1,69,63,0,0,40.238
1,70,63,0,0,40.2362
1,71,63,0,0,40.2349
1,72,63,0,0,40.2331
1,73,63,0,0,40.2317
1,74,63,0,0,40.2309
1,75,63,0,0,40.2302
1,76,63,0,0,40.2288
1,77,63,0,0,40.2273
1,78,63,0,0,40.2262
1,79,63,0,0,40.2251
1,80,63,0,0,40.2245
1,81,63,0,0,40.2245
1,82,63,0,0,40.2246
1,83,63,0,0,40.2252
1,84,63,0,0,40.2254
1,85,63,0,0,40.2259
1,86,63,0,0,40.2259
1,87,63,0,0,40.2255
1,88,63,0,0,40.2244
1,89,63,0,0,40.2233
1,90,63,0,0,40.2224
1,91,63,0,0,40.2214
1,92,63,0,0,40.2206
1,93,63,0,0,40.2198
1,94,63,0,0,40.2188
1,95,63,0,0,40.2179
1,96,63,0,0,40.2165
1,97,63,0,0,40.2155
1,98,63,0,0,40.2144
1,99,63,0,0,40.213
1,100,63,0,0,40.2122
1,101,63,0,0,40.2112
1,102,63,0,0,40.21
1,103,63,0,0,40.2097
1,104,63,0,0,40.2089
1,105,63,0,0,40.2084
1,106,63,0,0,40.2078
1,107,63,0,0,40.2062
1,108,63,0,0,40.2045
1,109,63,0,0,40.2029
1,110,63,0,0,40.2019
1,111,63,0,0,40.2006
1,112,63,0,0,40.1995
1,113,63,0,0,40.1983
1,114,63,0,0,40.1975
1,115,63,0,0,40.197
1,116,63,0,0,40.1962
1,117,63,0,0,40.1951
1,118,63,0,0,40.1943
1,119,63,0,0,40.1936
1,120,63,0,0,40.1934
1,121,63,0,0,40.1929
1,122,63,0,0,40.1925
1,123,63,0,0,40.1918
1,124,63,0,0,40.1904
1,125,63,0,0,40.1891
1,126,63,0,0,40.1878
1,127,63,0,0,40.186
1,0,64,0,5.57662e-05,40.3415
1,1,64,0,3e-05,40.3408
1,2,64,0,2.01825e-05,40.3402
1,3,64,0,3.714e-05,40.3398
1,4,64,0,2.91075e-05,40.3387
1,5,64,0,4.716e-05,40.3377
1,6,64,0,2.01825e-05,40.3351
1,7,64,0,5.9115e-05,40.3347
1,8,64,0,7.716e-05,40.3333
1,9,64,0,1.67925e-05,40.3287
1,10,64,0,4.428e-05,40.3271
1,11,64,0,2.787e-05,40.3243
1,12,64,0,3.858e-05,40.3227
1,13,64,0,3.7875e-05,40.3213
1,14,64,0,7.77075e-05,40.3208
1,15,64,0,3.144e-05,40.3173
1,16,64,0,5.286e-05,40.3151
1,17,64,0,4.002e-05,40.3115
1,18,64,0,7.14e-06,40.3076
1,19,64,0,3.57e-05,40.3055
1,20,64,0,3e-05,40.3021
1,21,64,0,7.14e-06,40.2991
1,22,64,0,3.519e-05,40.2982
1,23,64,0,3.858e-05,40.2966
1,24,64,0,2.73225e-05,40.2945
1,25,64,0,2.448e-05,40.2925
1,26,64,0,2.856e-05,40.291
1,27,64,0,2.7525e-05,40.2899
1,28,64,0,4.716e-05,40.2894
1,29,64,0,8.925e-06,40.2867
1,30,64,0,6e-05,40.2872
1,31,64,0,5.574e-05,40.2861
1,32,64,0,3.87825e-05,40.2832
1,33,64,0,6.432e-05,40.2813
1,34,64,0,3.3225e-05,40.2777
1,35,64,0,1.572e-05,40.2748
1,36,64,0,1.572e-05,40.2724
1,37,64,0,5.9655e-05,40.2726
1,38,64,0,3.57e-05,40.2702
1,39,64,0,2.949e-05,40.2686
1,40,64,0,6e-05,40.2684
1,41,64,0,3e-05,40.265
1,42,64,0,3.96525e-05,40.2622
1,43,64,0,0,40.2587
1,44,64,0,3.858e-05,40.2586
1,45,64,0,7.14e-06,40.2569
1,46,64,0,8.4e-06,40.2566
1,47,64,0,3.1785e-05,40.2575
1,48,64,0,3e-05,40.2569
1,49,64,0,6.288e-05,40.257
1,50,64,0,5.499e-05,40.2552
1,51,64,0,1.428e-05,40.2523
1,52,64,0,2.43e-05,40.2512
1,53,64,0,3e-05,40.2507
1,54,64,0,2.286e-05,40.2503
1,55,64,0,4.46475e-05,40.251
1,56,64,0,3e-05,40.2508
1,57,64,0,3.411e-05,40.2514
1,58,64,0,8.073e-05,40.2534
1,59,64,0,4.428e-05,40.2513
1,60,64,0,4.16025e-05,40.2496
1,61,64,0,2.3595e-05,40.2476
1,62,64,0,3.57e-05,40.247
1,63,64,0,7.14e-06,40.2462
1,64,64,0,1.68188e-05,40.2471
1,65,64,0,2.43e-05,40.247
1,66,64,0,4.90875e-05,40.2468
1,67,64,0,1.428e-05,40.2444
1,68,64,0,5.00025e-05,40.2442
1,69,64,0,5.286e-05,40.2428
1,70,64,0,2.6445e-05,40.2401
1,71,64,0,6e-05,40.2396
1,72,64,0,3.39225e-05,40.2371
1,73,64,0,1.428e-05,40.2351
1,74,64,0,3.39225e-05,40.235
1,75,64,0,7.1055e-05,40.2357
1,76,64,0,3.96375e-05,40.2332
1,77,64,0,2.286e-05,40.2312
1,78,64,0,3.2385e-05,40.2302
1,79,64,0,1.572e-05,40.2286
1,80,64,0,1.428e-05,40.2279
1,81,64,0,3.501e-05,40.2286
1,82,64,0,1.51725e-05,40.2287
1,83,64,0,5.574e-05,40.2305
1,84,64,0,1.2495e-05,40.2305
1,85,64,0,4.572e-05,40.2324
1,86,64,0,3.285e-05,40.2321
1,87,64,0,5.3565e-05,40.2323
1,88,64,0,3.858e-05,40.2303
1,89,64,0,3.144e-05,40.2288
1,90,64,0,3.4995e-05,40.228
1,91,64,0,3.17775e-05,40.2267
1,92,64,0,4.002e-05,40.2262
1,93,64,0,4.12575e-05,40.2257
1,94,64,0,3.144e-05,40.2241
1,95,64,0,6.213e-05,40.224
1,96,64,0,1.428e-05,40.2213
1,97,64,0,4.12575e-05,40.221
1,98,64,0,3.98175e-05,40.2198
1,99,64,0,1.572e-05,40.2174
1,100,64,0,5.142e-05,40.2175
1,101,64,0,4.572e-05,40.2162
1,102,64,0,7.14e-06,40.214
1,103,64,0,6.86175e-05,40.2155
1,104,64,0,1.428e-05,40.2135
1,105,64,0,3.858e-05,40.2138
1,106,64,0,7.18125e-05,40.2143
1,107,64,0,4.608e-05,40.2116
1,108,64,0,3.714e-05,40.209
1,109,64,0,1.7505e-05,40.2068
1,110,64,0,4.929e-05,40.2067
1,111,64,0,3.144e-05,40.2049
1,112,64,0,4.0365e-05,40.2037
1,113,64,0,2.3565e-05,40.2021
1,114,64,0,2.73225e-05,40.2014
1,115,64,0,3.714e-05,40.2013
1,116,64,0,4.716e-05,40.2008
1,117,64,0,2.142e-05,40.1989
1,118,64,0,2.4645e-05,40.1979
1,119,64,0,7.14e-06,40.1969
1,120,64,0,4.1055e-05,40.1978
1,121,64,0,1.66125e-05,40.1968
1,122,64,0,3e-05,40.1968
1,123,64,0,5.286e-05,40.1968
1,124,64,0,1.572e-05,40.1941
1,125,64,0,2.142e-05,40.1925
1,126,64,0,5.286e-05,40.1914
1,127,64,0,0,40.1876
1,0,65,0,4.11188e-05,40.3353
1,1,65,0,3.144e-05,40.3356
1,2,65,0,7.662e-05,40.3368
1,3,65,0,3.714e-05,40.3351
1,4,65,0,6.76875e-05,40.335
1,5,65,0,5.5005e-05,40.3331
1,6,65,0,4.269e-05,40.3303
1,7,65,0,2.3745e-05,40.3277
1,8,65,0,3.5355e-05,40.3261
1,9,65,0,3.34275e-05,40.3236
1,10,65,0,5.43e-05,40.3222
1,11,65,0,3.501e-05,40.3193
1,12,65,0,2.75175e-05,40.3171
1,13,65,0,3.93225e-05,40.3158
1,14,65,0,2.23125e-05,40.3139
1,15,65,0,5.43e-05,40.3128
1,16,65,0,4.572e-05,40.3103
1,17,65,0,2.60775e-05,40.307
1,18,65,0,7.002e-05,40.3057
1,19,65,0,5.574e-05,40.3024
1,20,65,0,1.428e-05,40.298
1,21,65,0,4.002e-05,40.2963
1,22,65,0,4.46475e-05,40.2949
1,23,65,0,2.76675e-05,40.2928
1,24,65,0,5.41575e-05,40.2919
1,25,65,0,3.858e-05,40.2896
1,26,65,0,3.144e-05,40.2879
1,27,65,0,4.5375e-05,40.2875
1,28,65,0,6.05475e-05,40.287
1,29,65,0,4.1055e-05,40.2846
1,30,65,0,1.66125e-05,40.2829
1,31,65,0,8.004e-05,40.2835
1,32,65,0,3.28575e-05,40.2796
1,33,65,0,1.572e-05,40.2765
1,34,65,0,3.483e-05,40.2751
1,35,65,0,8.286e-05,40.2744
1,36,65,0,8.58e-06,40.27
1,37,65,0,5.0385e-05,40.2697
1,38,65,0,2.574e-05,40.2673
1,39,65,0,2.499e-05,40.2661
1,40,65,0,7.5375e-05,40.2668
1,41,65,0,4.716e-05,40.2635
1,42,65,0,2.32275e-05,40.2599
1,43,65,0,1.87425e-05,40.2576
1,44,65,0,3.53625e-05,40.2574
1,45,65,0,4.53525e-05,40.2574
1,46,65,0,5.019e-05,40.2576
1,47,65,0,8.0325e-05,40.2584
1,48,65,0,4.2495e-05,40.256
1,49,65,0,2.43e-05,40.2539
1,50,65,0,1.9635e-05,40.2524
1,51,65,0,4.716e-05,40.2518
1,52,65,0,3.144e-05,40.2503
1,53,65,0,3.714e-05,40.2498
1,54,65,0,2.94525e-05,40.2492
1,55,65,0,3.10725e-05,40.2493
1,56,65,0,3.46575e-05,40.2495
1,57,65,0,2.14275e-05,40.2496
1,58,65,0,5.2335e-05,40.251
1,59,65,0,3e-05,40.2493
1,60,65,0,3.1605e-05,40.2479
1,61,65,0,2.3565e-05,40.2463
1,62,65,0,8.58e-06,40.2453
1,63,65,0,2.6085e-05,40.2464
1,64,65,0,7.25588e-05,40.2489
1,65,65,0,5.142e-05,40.2479
1,66,65,0,4.09125e-05,40.2463
1,67,65,0,4.30425e-05,40.2447
1,68,65,0,3.018e-05,40.2428
1,69,65,0,3.858e-05,40.2412
1,70,65,0,2.0715e-05,40.2386
1,71,65,0,2.499e-05,40.2373
1,72,65,0,2.60775e-05,40.2358
1,73,65,0,4.428e-05,40.2351
1,74,65,0,2.46375e-05,40.2338
1,75,65,0,3.645e-05,40.2335
1,76,65,0,2.03625e-05,40.2317
1,77,65,0,3.951e-05,40.2312
1,78,65,0,3.747e-05,40.2303
1,79,65,0,4.716e-05,40.2296
1,80,65,0,3.144e-05,40.2285
1,81,65,0,2.48625e-05,40.2284
1,82,65,0,4.8945e-05,40.2295
1,83,65,0,1.3935e-05,40.2296
1,84,65,0,6.62475e-05,40.2325
1,85,65,0,8.286e-05,40.2343
1,86,65,0,5.859e-05,40.2336
1,87,65,0,7.8585e-05,40.2334
1,88,65,0,2.856e-05,40.2302
1,89,65,0,3.82125e-05,40.2293
1,90,65,0,6.294e-05,40.2293
1,91,65,0,3.68025e-05,40.2271
1,92,65,0,2.39325e-05,40.2259
1,93,65,0,7.87425e-05,40.2268
1,94,65,0,1.9305e-05,40.2239
1,95,65,0,4.215e-05,40.2234
1,96,65,0,4.572e-05,40.2222
1,97,65,0,4.30425e-05,40.2214
1,98,65,0,6.94725e-05,40.221
1,99,65,0,1.67925e-05,40.2175
1,100,65,0,2.859e-05,40.2165
1,101,65,0,3.89175e-05,40.2157
1,102,65,0,1.857e-05,40.2139
1,103,65,0,3.30225e-05,40.2143
1,104,65,0,5.23125e-05,40.2144
1,105,65,0,3.57e-05,40.2135
1,106,65,0,5.8065e-05,40.2133
1,107,65,0,2.25e-05,40.2101
1,108,65,0,2.43e-05,40.2079
1,109,65,0,2.5365e-05,40.2065
1,110,65,0,3.94725e-05,40.2059
1,111,65,0,2.643e-05,40.2041
1,112,65,0,2.4135e-05,40.2027
1,113,65,0,2.75175e-05,40.2017
1,114,65,0,2.69775e-05,40.201
1,115,65,0,3.714e-05,40.2009
1,116,65,0,2.94525e-05,40.2
1,117,65,0,2.8215e-05,40.1988
1,118,65,0,3.5355e-05,40.1984
1,119,65,0,3.858e-05,40.198
1,120,65,0,3.822e-05,40.198
1,121,65,0,4.77075e-05,40.1978
1,122,65,0,3.858e-05,40.1971
1,123,65,0,4.428e-05,40.1966
1,124,65,0,4.87425e-05,40.195
1,125,65,0,3.144e-05,40.1925
1,126,65,0,1.572e-05,40.19
1,127,65,0,2.37525e-05,40.1879
1,0,66,0,1.78913e-05,40.3262
1,1,66,0,0,40.3255
1,2,66,0,3.2175e-06,40.3252
1,3,66,0,0,40.324
1,4,66,0,1.785e-06,40.3231
1,5,66,0,6.435e-06,40.3217
1,6,66,0,7.1475e-06,40.3196
1,7,66,0,0,40.3172
1,8,66,0,1.785e-06,40.3152
1,9,66,0,0,40.3131
1,10,66,0,0,40.3113
1,11,66,0,0,40.3092
1,12,66,0,5.3625e-06,40.3075
1,13,66,0,4.4625e-06,40.3057
1,14,66,0,0,40.3037
1,15,66,0,0,40.3019
1,16,66,0,0,40.2998
1,17,66,0,5.3625e-06,40.2976
1,18,66,0,0,40.2953
1,19,66,0,0,40.2927
1,20,66,0,0,40.2898
1,21,66,0,0,40.2878
1,22,66,0,4.4625e-06,40.2862
1,23,66,0,8.925e-07,40.2843
1,24,66,0,0,40.2828
1,25,66,0,0,40.2811
1,26,66,0,0,40.2796
1,27,66,0,0,40.2787
1,28,66,0,8.0325e-06,40.2779
1,29,66,0,0,40.276
1,30,66,0,6.2475e-06,40.2747
1,31,66,0,0,40.2733
1,32,66,0,0,40.2709
1,33,66,0,0,40.2687
1,34,66,0,1.965e-06,40.267
1,35,66,0,0,40.2654
1,36,66,0,0,40.263
1,37,66,0,0,40.2616
1,38,66,0,0,40.2599
1,39,66,0,0,40.2587
1,40,66,0,1.785e-06,40.2578
1,41,66,0,0,40.2558
1,42,66,0,0,40.2536
1,43,66,0,2.6775e-06,40.2521
1,44,66,0,3.2175e-06,40.2514
1,45,66,0,7.5075e-06,40.2512
1,46,66,0,4.29e-06,40.2507
1,47,66,0,3.57e-06,40.2503
1,48,66,0,1.785e-06,40.2489
1,49,66,0,0,40.2474
1,50,66,0,5.355e-06,40.2464
1,51,66,0,0,40.2453
1,52,66,0,0,40.2444
1,53,66,0,0,40.2439
1,54,66,0,6.2475e-06,40.2437
1,55,66,0,0,40.2435
1,56,66,0,5.3625e-06,40.2437
1,57,66,0,4.4625e-06,40.2439
1,58,66,0,1.2675e-05,40.2443
1,59,66,0,0,40.2431
1,60,66,0,1.0725e-06,40.2422
1,61,66,0,0,40.2414
1,62,66,0,0,40.2412
1,63,66,0,5.355e-06,40.2421
1,64,66,0,1.68188e-05,40.2432
1,65,66,0,0,40.2418
1,66,66,0,0,40.2404
1,67,66,0,9.8175e-06,40.2391
1,68,66,0,2.6775e-06,40.2371
1,69,66,0,0,40.2352
1,70,66,0,0,40.2334
1,71,66,0,3.57e-06,40.232
1,72,66,0,0,40.2306
1,73,66,0,0,40.2295
1,74,66,0,0,40.2285
1,75,66,0,5.355e-06,40.2278
1,76,66,0,0,40.2266
1,77,66,0,3.57e-06,40.2259
1,78,66,0,1.785e-06,40.2251
1,79,66,0,0,40.2243
1,80,66,0,0,40.2238
1,81,66,0,7.5075e-06,40.224
1,82,66,0,4.4625e-06,40.2243
1,83,66,0,1.785e-06,40.2245
1,84,66,0,2.6775e-06,40.2256
1,85,66,0,0,40.2262
1,86,66,0,0,40.226
1,87,66,0,3.57e-06,40.2256
1,88,66,0,0,40.2243
1,89,66,0,7.5075e-06,40.2237
1,90,66,0,1.5165e-05,40.2232
1,91,66,0,0,40.2215
1,92,66,0,7.5075e-06,40.2206
1,93,66,0,0,40.2199
1,94,66,0,1.3755e-05,40.2189
1,95,66,0,0,40.2174
1,96,66,0,0,40.2163
1,97,66,0,0,40.2154
1,98,66,0,1.071e-05,40.2149
1,99,66,0,7.5075e-06,40.2131
1,100,66,0,4.29e-06,40.2117
1,101,66,0,5.3625e-06,40.2106
1,102,66,0,4.29e-06,40.2095
1,103,66,0,0,40.2088
1,104,66,0,6.2475e-06,40.2085
1,105,66,0,0,40.2075
1,106,66,0,4.4625e-06,40.2067
1,107,66,0,0,40.2047
1,108,66,0,0,40.2031
1,109,66,0,4.29e-06,40.2019
1,110,66,0,2.6775e-06,40.2008
1,111,66,0,3.57e-06,40.1995
1,112,66,0,0,40.1982
1,113,66,0,3.2175e-06,40.1973
1,114,66,0,0,40.1964
1,115,66,0,0,40.1959
1,116,66,0,6.2475e-06,40.1953
1,117,66,0,1.785e-06,40.1944
1,118,66,0,0,40.1937
1,119,66,0,0,40.1932
1,120,66,0,2.145e-06,40.1929
1,121,66,0,0,40.1924
1,122,66,0,0,40.1917
1,123,66,0,0,40.1909
1,124,66,0,2.6775e-06,40.1898
1,125,66,0,0,40.188
1,126,66,0,0,40.1864
1,127,66,0,6.2475e-06,40.1851
1,0,67,0,1.68188e-05,40.3177
1,1,67,0,0,40.3164
1,2,67,0,0,40.3152
1,3,67,0,0,40.314
1,4,67,0,0,40.3127
1,5,67,0,0,40.3112
1,6,67,0,0,40.3093
1,7,67,0,0,40.3074
1,8,67,0,0,40.3055
1,9,67,0,0,40.3035
1,10,67,0,0,40.3017
1,11,67,0,0,40.2998
1,12,67,0,0,40.2981
1,13,67,0,0,40.2963
1,14,67,0,0,40.2945
1,15,67,0,0,40.2926
1,16,67,0,0,40.2907
1,17,67,0,0,40.2886
1,18,67,0,0,40.2865
1,19,67,0,0,40.2842
1,20,67,0,0,40.2819
1,21,67,0,0,40.28
1,22,67,0,0,40.2782
1,23,67,0,0,40.2765
1,24,67,0,0,40.2749
1,25,67,0,0,40.2734
1,26,67,0,0,40.272
1,27,67,0,0,40.2707
1,28,67,0,0,40.2695
1,29,67,0,0,40.2681
1,30,67,0,0,40.2666
1,31,67,0,0,40.2651
1,32,67,0,0,40.2632
1,33,67,0,0,40.2614
1,34,67,0,0,40.2597
1,35,67,0,0,40.258
1,36,67,0,0,40.2562
1,37,67,0,0,40.2547
1,38,67,0,0,40.2532
1,39,67,0,0,40.2519
1,40,67,0,0,40.2507
1,41,67,0,0,40.2491
1,42,67,0,0,40.2476
1,43,67,0,0,40.2463
1,44,67,0,0,40.2455
1,45,67,0,0,40.2448
1,46,67,0,0,40.2442
1,47,67,0,0,40.2435
1,48,67,0,0,40.2425
1,49,67,0,0,40.2415
1,50,67,0,0,40.2406
1,51,67,0,0,40.2397
1,52,67,0,0,40.239
1,53,67,0,0,40.2385
1,54,67,0,0,40.2382
1,55,67,0,0,40.2381
1,56,67,0,0,40.2381
1,57,67,0,0,40.2381
1,58,67,0,0,40.2381
1,59,67,0,0,40.2376
1,60,67,0,0,40.2371
1,61,67,0,0,40.2368
1,62,67,0,0,40.2369
1,63,67,0,0,40.2375
1,64,67,0,1.68188e-05,40.2384
1,65,67,0,0,40.2367
1,66,67,0,0,40.2351
1,67,67,0,0,40.2336
1,68,67,0,0,40.2319
1,69,67,0,0,40.2302
1,70,67,0,0,40.2286
1,71,67,0,0,40.2272
1,72,67,0,0,40.2258
1,73,67,0,0,40.2247
1,74,67,0,0,40.2237
1,75,67,0,0,40.2228
1,76,67,0,0,40.2218
1,77,67,0,0,40.221
1,78,67,0,0,40.2203
1,79,67,0,0,40.2197
1,80,67,0,0,40.2192
1,81,67,0,0,40.2191
1,82,67,0,0,40.2192
1,83,67,0,0,40.2193
1,84,67,0,0,40.2196
1,85,67,0,0,40.2198
1,86,67,0,0,40.2196
1,87,67,0,0,40.2191
1,88,67,0,0,40.2183
1,89,67,0,0,40.2176
1,90,67,0,0,40.2169
1,91,67,0,0,40.2158
1,92,67,0,0,40.2149
1,93,67,0,0,40.214
1,94,67,0,0,40.2131
1,95,67,0,0,40.2119
1,96,67,0,0,40.2109
1,97,67,0,0,40.21
1,98,67,0,0,40.2091
1,99,67,0,0,40.2079
1,100,67,0,0,40.2067
1,101,67,0,0,40.2057
1,102,67,0,0,40.2047
1,103,67,0,0,40.2039
1,104,67,0,0,40.2032
1,105,67,0,0,40.2023
1,106,67,0,0,40.2012
1,107,67,0,0,40.1999
1,108,67,0,0,40.1986
1,109,67,0,0,40.1974
1,110,67,0,0,40.1963
1,111,67,0,0,40.1951
1,112,67,0,0,40.194
1,113,67,0,0,40.1931
1,114,67,0,0,40.1923
1,115,67,0,0,40.1916
1,116,67,0,0,40.1909
1,117,67,0,0,40.1902
1,118,67,0,0,40.1895
1,119,67,0,0,40.1889
1,120,67,0,0,40.1884
1,121,67,0,0,40.1879
1,122,67,0,0,40.1872
1,123,67,0,0,40.1864
1,124,67,0,0,40.1854
1,125,67,0,0,40.1842
1,126,67,0,0,40.1831
1,127,67,0,0,40.1822
1,0,68,0,1.68188e-05,40.3099
1,1,68,0,0,40.3081
1,2,68,0,0,40.3066
1,3,68,0,0,40.3051
1,4,68,0,0,40.3037
1,5,68,0,0,40.3021
1,6,68,0,0,40.3004
1,7,68,0,0,40.2986
1,8,68,0,0,40.2968
1,9,68,0,0,40.2951
1,10,68,0,0,40.2933
1,11,68,0,0,40.2915
1,12,68,0,0,40.2898
1,13,68,0,0,40.2881
1,14,68,0,0,40.2863
1,15,68,0,0,40.2845
1,16,68,0,0,40.2827
1,17,68,0,0,40.2808
1,18,68,0,0,40.2788
1,19,68,0,0,40.2768
1,20,68,0,0,40.2748
1,21,68,0,0,40.273
1,22,68,0,0,40.2712
1,23,68,0,0,40.2696
1,24,68,0,0,40.268
1,25,68,0,0,40.2665
1,26,68,0,0,40.2651
1,27,68,0,0,40.2638
1,28,68,0,0,40.2625
1,29,68,0,0,40.2611
1,30,68,0,0,40.2596
1,31,68,0,0,40.2581
1,32,68,0,0,40.2565
1,33,68,0,0,40.2549
1,34,68,0,0,40.2533
1,35,68,0,0,40.2517
1,36,68,0,0,40.2502
1,37,68,0,0,40.2487
1,38,68,0,0,40.2473
1,39,68,0,0,40.246
1,40,68,0,0,40.2448
1,41,68,0,0,40.2435
1,42,68,0,0,40.2422
1,43,68,0,0,40.2411
1,44,68,0,0,40.2402
1,45,68,0,0,40.2394
1,46,68,0,0,40.2387
1,47,68,0,0,40.238
1,48,68,0,0,40.2372
1,49,68,0,0,40.2363
1,50,68,0,0,40.2356
1,51,68,0,0,40.2349
1,52,68,0,0,40.2343
1,53,68,0,0,40.2339
1,54,68,0,0,40.2336
1,55,68,0,0,40.2334
1,56,68,0,0,40.2333
1,57,68,0,0,40.2333
1,58,68,0,0,40.2332
1,59,68,0,0,40.233
1,60,68,0,0,40.2328
1,61,68,0,0,40.2328
1,62,68,0,0,40.233
1,63,68,0,0,40.2335
1,64,68,0,1.68188e-05,40.2343
1,65,68,0,0,40.2325
1,66,68,0,0,40.2308
1,67,68,0,0,40.2292
1,68,68,0,0,40.2276
1,69,68,0,0,40.226
1,70,68,0,0,40.2245
1,71,68,0,0,40.2231
1,72,68,0,0,40.2218
1,73,68,0,0,40.2207
1,74,68,0,0,40.2196
1,75,68,0,0,40.2187
1,76,68,0,0,40.2178
1,77,68,0,0,40.217
1,78,68,0,0,40.2163
1,79,68,0,0,40.2157
1,80,68,0,0,40.2152
1,81,68,0,0,40.215
1,82,68,0,0,40.2148
1,83,68,0,0,40.2147
1,84,68,0,0,40.2147
1,85,68,0,0,40.2146
1,86,68,0,0,40.2143
1,87,68,0,0,40.2138
1,88,68,0,0,40.2132
1,89,68,0,0,40.2125
1,90,68,0,0,40.2117
1,91,68,0,0,40.2109
1,92,68,0,0,40.21
1,93,68,0,0,40.2091
1,94,68,0,0,40.2082
1,95,68,0,0,40.2072
1,96,68,0,0,40.2063
1,97,68,0,0,40.2054
1,98,68,0,0,40.2044
1,99,68,0,0,40.2034
1,100,68,0,0,40.2024
1,101,68,0,0,40.2014
1,102,68,0,0,40.2005
1,103,68,0,0,40.1997
1,104,68,0,0,40.1988
1,105,68,0,0,40.1979
1,106,68,0,0,40.1969
1,107,68,0,0,40.1958
1,108,68,0,0,40.1946
1,109,68,0,0,40.1935
1,110,68,0,0,40.1925
1,111,68,0,0,40.1915
1,112,68,0,0,40.1905
1,113,68,0,0,40.1896
1,114,68,0,0,40.1888
1,115,68,0,0,40.188
1,116,68,0,0,40.1873
1,117,68,0,0,40.1866
1,118,68,0,0,40.186
1,119,68,0,0,40.1854
1,120,68,0,0,40.1848
1,121,68,0,0,40.1842
1,122,68,0,0,40.1835
1,123,68,0,0,40.1828
1,124,68,0,0,40.1819
1,125,68,0,0,40.1811
1,126,68,0,0,40.1802
1,127,68,0,0,40.1796
1,0,69,0,1.68188e-05,40.3028
1,1,69,0,0,40.3008
1,2,69,0,0,40.2991
1,3,69,0,0,40.2975
1,4,69,0,0,40.2959
1,5,69,0,0,40.2943
1,6,69,0,0,40.2927
1,7,69,0,0,40.291
1,8,69,0,0,40.2893
1,9,69,0,0,40.2876
1,10,69,0,0,40.286
1,11,69,0,0,40.2843
1,12,69,0,0,40.2826
1,13,69,0,0,40.281
1,14,69,0,0,40.2793
1,15,69,0,0,40.2776
1,16,69,0,0,40.2758
1,17,69,0,0,40.274
1,18,69,0,0,40.2722
1,19,69,0,0,40.2704
1,20,69,0,0,40.2685
1,21,69,0,0,40.2668
1,22,69,0,0,40.2652
1,23,69,0,0,40.2636
1,24,69,0,0,40.262
1,25,69,0,0,40.2606
1,26,69,0,0,40.2592
1,27,69,0,0,40.2578
1,28,69,0,0,40.2565
1,29,69,0,0,40.2551
1,30,69,0,0,40.2537
1,31,69,0,0,40.2523
1,32,69,0,0,40.2508
1,33,69,0,0,40.2493
1,34,69,0,0,40.2478
1,35,69,0,0,40.2464
1,36,69,0,0,40.2449
1,37,69,0,0,40.2436
1,38,69,0,0,40.2423
1,39,69,0,0,40.241
1,40,69,0,0,40.2398
1,41,69,0,0,40.2387
1,42,69,0,0,40.2375
1,43,69,0,0,40.2365
1,44,69,0,0,40.2356
1,45,69,0,0,40.2349
1,46,69,0,0,40.2341
1,47,69,0,0,40.2334
1,48,69,0,0,40.2327
1,49,69,0,0,40.232
1,50,69,0,0,40.2314
1,51,69,0,0,40.2308
1,52,69,0,0,40.2303
1,53,69,0,0,40.2299
1,54,69,0,0,40.2297
1,55,69,0,0,40.2295
1,56,69,0,0,40.2294
1,57,69,0,0,40.2294
1,58,69,0,0,40.2293
1,59,69,0,0,40.2293
1,60,69,0,0,40.2293
1,61,69,0,0,40.2294
1,62,69,0,0,40.2297
1,63,69,0,0,40.2302
1,64,69,0,1.68188e-05,40.2309
1,65,69,0,0,40.2291
1,66,69,0,0,40.2273
1,67,69,0,0,40.2257
1,68,69,0,0,40.2241
1,69,69,0,0,40.2225
1,70,69,0,0,40.2211
1,71,69,0,0,40.2197
1,72,69,0,0,40.2185
1,73,69,0,0,40.2173
1,74,69,0,0,40.2163
1,75,69,0,0,40.2154
1,76,69,0,0,40.2145
1,77,69,0,0,40.2137
1,78,69,0,0,40.213
1,79,69,0,0,40.2124
1,80,69,0,0,40.2119
1,81,69,0,0,40.2115
1,82,69,0,0,40.2112
1,83,69,0,0,40.2109
1,84,69,0,0,40.2107
1,85,69,0,0,40.2104
1,86,69,0,0,40.2101
1,87,69,0,0,40.2095
1,88,69,0,0,40.2089
1,89,69,0,0,40.2083
1,90,69,0,0,40.2075
1,91,69,0,0,40.2067
1,92,69,0,0,40.2059
1,93,69,0,0,40.205
1,94,69,0,0,40.2042
1,95,69,0,0,40.2033
1,96,69,0,0,40.2024
1,97,69,0,0,40.2016
1,98,69,0,0,40.2007
1,99,69,0,0,40.1998
1,100,69,0,0,40.1988
1,101,69,0,0,40.1979
1,102,69,0,0,40.1971
1,103,69,0,0,40.1962
1,104,69,0,0,40.1953
1,105,69,0,0,40.1944
1,106,69,0,0,40.1935
1,107,69,0,0,40.1925
1,108,69,0,0,40.1914
1,109,69,0,0,40.1904
1,110,69,0,0,40.1894
1,111,69,0,0,40.1885
1,112,69,0,0,40.1875
1,113,69,0,0,40.1867
1,114,69,0,0,40.1859
1,115,69,0,0,40.1851
1,116,69,0,0,40.1844
1,117,69,0,0,40.1837
1,118,69,0,0,40.1831
1,119,69,0,0,40.1825
1,120,69,0,0,40.1819
1,121,69,0,0,40.1812
1,122,69,0,0,40.1806
1,123,69,0,0,40.1799
1,124,69,0,0,40.1792
1,125,69,0,0,40.1785
1,126,69,0,0,40.1779
1,127,69,0,0,40.1774
1,0,70,0,1.68188e-05,40.2965
1,1,70,0,0,40.2944
1,2,70,0,0,40.2925
1,3,70,0,0,40.2908
1,4,70,0,0,40.2892
1,5,70,0,0,40.2876
1,6,70,0,0,40.286
1,7,70,0,0,40.2844
1,8,70,0,0,40.2829
1,9,70,0,0,40.2813
1,10,70,0,0,40.2797
1,11,70,0,0,40.2781
1,12,70,0,0,40.2765
1,13,70,0,0,40.2749
1,14,70,0,0,40.2733
1,15,70,0,0,40.2716
1,16,70,0,0,40.27
1,17,70,0,0,40.2683
1,18,70,0,0,40.2666
1,19,70,0,0,40.2649
1,20,70,0,0,40.2632
1,21,70,0,0,40.2616
1,22,70,0,0,40.26
1,23,70,0,0,40.2584
1,24,70,0,0,40.257
1,25,70,0,0,40.2555
1,26,70,0,0,40.2541
1,27,70,0,0,40.2528
1,28,70,0,0,40.2514
1,29,70,0,0,40.2501
1,30,70,0,0,40.2487
1,31,70,0,0,40.2474
1,32,70,0,0,40.246
1,33,70,0,0,40.2446
1,34,70,0,0,40.2432
1,35,70,0,0,40.2419
1,36,70,0,0,40.2406
1,37,70,0,0,40.2393
1,38,70,0,0,40.2381
1,39,70,0,0,40.2369
1,40,70,0,0,40.2358
1,41,70,0,0,40.2347
1,42,70,0,0,40.2337
1,43,70,0,0,40.2327
1,44,70,0,0,40.2319
1,45,70,0,0,40.2311
1,46,70,0,0,40.2304
1,47,70,0,0,40.2297
1,48,70,0,0,40.2291
1,49,70,0,0,40.2285
1,50,70,0,0,40.228
1,51,70,0,0,40.2275
1,52,70,0,0,40.2271
1,53,70,0,0,40.2268
1,54,70,0,0,40.2265
1,55,70,0,0,40.2264
1,56,70,0,0,40.2263
1,57,70,0,0,40.2263
1,58,70,0,0,40.2263
1,59,70,0,0,40.2264
1,60,70,0,0,40.2265
1,61,70,0,0,40.2267
1,62,70,0,0,40.227
1,63,70,0,0,40.2276
1,64,70,0,1.68188e-05,40.2283
1,65,70,0,0,40.2264
1,66,70,0,0,40.2246
1,67,70,0,0,40.2229
1,68,70,0,0,40.2213
1,69,70,0,0,40.2198
1,70,70,0,0,40.2184
1,71,70,0,0,40.2171
1,72,70,0,0,40.2159
1,73,70,0,0,40.2147
1,74,70,0,0,40.2137
1,75,70,0,0,40.2128
1,76,70,0,0,40.2119
1,77,70,0,0,40.2111
1,78,70,0,0,40.2104
1,79,70,0,0,40.2097
1,80,70,0,0,40.2092
1,81,70,0,0,40.2087
1,82,70,0,0,40.2083
1,83,70,0,0,40.2079
1,84,70,0,0,40.2076
1,85,70,0,0,40.2072
1,86,70,0,0,40.2067
1,87,70,0,0,40.2062
1,88,70,0,0,40.2055
1,89,70,0,0,40.2049
1,90,70,0,0,40.2041
1,91,70,0,0,40.2034
1,92,70,0,0,40.2026
1,93,70,0,0,40.2018
1,94,70,0,0,40.201
1,95,70,0,0,40.2002
1,96,70,0,0,40.1993
1,97,70,0,0,40.1985
1,98,70,0,0,40.1977
1,99,70,0,0,40.1968
1,100,70,0,0,40.196
1,101,70,0,0,40.1952
1,102,70,0,0,40.1943
1,103,70,0,0,40.1935
1,104,70,0,0,40.1926
1,105,70,0,0,40.1918
1,106,70,0,0,40.1908
1,107,70,0,0,40.1899
1,108,70,0,0,40.1889
1,109,70,0,0,40.188
1,110,70,0,0,40.187
1,111,70,0,0,40.1861
1,112,70,0,0,40.1853
1,113,70,0,0,40.1844
1,114,70,0,0,40.1836
1,115,70,0,0,40.1829
1,116,70,0,0,40.1822
1,117,70,0,0,40.1815
1,118,70,0,0,40.1809
1,119,70,0,0,40.1802
1,120,70,0,0,40.1796
1,121,70,0,0,40.179
1,122,70,0,0,40.1784
1,123,70,0,0,40.1778
1,124,70,0,0,40.1772
1,125,70,0,0,40.1766
1,126,70,0,0,40.1761
1,127,70,0,0,40.1757
1,0,71,0,1.68188e-05,40.291
1,1,71,0,0,40.2889
1,2,71,0,0,40.287
1,3,71,0,0,40.2852
1,4,71,0,0,40.2836
1,5,71,0,0,40.282
1,6,71,0,0,40.2805
1,7,71,0,0,40.2789
1,8,71,0,0,40.2774
1,9,71,0,0,40.2759
1,10,71,0,0,40.2744
1,11,71,0,0,40.2729
1,12,71,0,0,40.2714
1,13,71,0,0,40.2698
1,14,71,0,0,40.2683
1,15,71,0,0,40.2667
1,16,71,0,0,40.2652
1,17,71,0,0,40.2636
1,18,71,0,0,40.262
1,19,71,0,0,40.2604
1,20,71,0,0,40.2588
1,21,71,0,0,40.2572
1,22,71,0,0,40.2557
1,23,71,0,0,40.2542
1,24,71,0,0,40.2528
1,25,71,0,0,40.2514
1,26,71,0,0,40.25
1,27,71,0,0,40.2486
1,28,71,0,0,40.2473
1,29,71,0,0,40.246
1,30,71,0,0,40.2447
1,31,71,0,0,40.2434
1,32,71,0,0,40.2421
1,33,71,0,0,40.2408
1,34,71,0,0,40.2395
1,35,71,0,0,40.2382
1,36,71,0,0,40.237
1,37,71,0,0,40.2358
1,38,71,0,0,40.2347
1,39,71,0,0,40.2336
1,40,71,0,0,40.2325
1,41,71,0,0,40.2315
1,42,71,0,0,40.2305
1,43,71,0,0,40.2297
1,44,71,0,0,40.2289
1,45,71,0,0,40.2281
1,46,71,0,0,40.2275
1,47,71,0,0,40.2269
1,48,71,0,0,40.2263
1,49,71,0,0,40.2258
1,50,71,0,0,40.2253
1,51,71,0,0,40.2249
1,52,71,0,0,40.2246
1,53,71,0,0,40.2243
1,54,71,0,0,40.2242
1,55,71,0,0,40.2241
1,56,71,0,0,40.224
1,57,71,0,0,40.224
1,58,71,0,0,40.2241
1,59,71,0,0,40.2242
1,60,71,0,0,40.2244
1,61,71,0,0,40.2247
1,62,71,0,0,40.2251
1,63,71,0,0,40.2256
1,64,71,0,1.68188e-05,40.2263
1,65,71,0,0,40.2244
1,66,71,0,0,40.2226
1,67,71,0,0,40.2209
1,68,71,0,0,40.2194
1,69,71,0,0,40.2179
1,70,71,0,0,40.2165
1,71,71,0,0,40.2152
1,72,71,0,0,40.214
1,73,71,0,0,40.2129
1,74,71,0,0,40.2118
1,75,71,0,0,40.2109
1,76,71,0,0,40.21
1,77,71,0,0,40.2092
1,78,71,0,0,40.2084
1,79,71,0,0,40.2078
1,80,71,0,0,40.2072
1,81,71,0,0,40.2067
1,82,71,0,0,40.2062
1,83,71,0,0,40.2057
1,84,71,0,0,40.2052
1,85,71,0,0,40.2047
1,86,71,0,0,40.2042
1,87,71,0,0,40.2036
1,88,71,0,0,40.203
1,89,71,0,0,40.2023
1,90,71,0,0,40.2016
1,91,71,0,0,40.2008
1,92,71,0,0,40.2001
1,93,71,0,0,40.1993
1,94,71,0,0,40.1985
1,95,71,0,0,40.1978
1,96,71,0,0,40.197
1,97,71,0,0,40.1962
1,98,71,0,0,40.1955
1,99,71,0,0,40.1947
1,100,71,0,0,40.1939
1,101,71,0,0,40.1931
1,102,71,0,0,40.1923
1,103,71,0,0,40.1915
1,104,71,0,0,40.1907
1,105,71,0,0,40.1898
1,106,71,0,0,40.1889
1,107,71,0,0,40.188
1,108,71,0,0,40.1871
1,109,71,0,0,40.1862
1,110,71,0,0,40.1853
1,111,71,0,0,40.1845
1,112,71,0,0,40.1836
1,113,71,0,0,40.1828
1,114,71,0,0,40.1821
1,115,71,0,0,40.1813
1,116,71,0,0,40.1806
1,117,71,0,0,40.1799
1,118,71,0,0,40.1793
1,119,71,0,0,40.1787
1,120,71,0,0,40.178
1,121,71,0,0,40.1774
1,122,71,0,0,40.1768
1,123,71,0,0,40.1763
1,124,71,0,0,40.1757
1,125,71,0,0,40.1752
1,126,71,0,0,40.1748
1,127,71,0,0,40.1745
1,0,72,0,1.68188e-05,40.2863
1,1,72,0,0,40.2842
1,2,72,0,0,40.2822
1,3,72,0,0,40.2805
1,4,72,0,0,40.2789
1,5,72,0,0,40.2774
1,6,72,0,0,40.2759
1,7,72,0,0,40.2745
1,8,72,0,0,40.273
1,9,72,0,0,40.2716
1,10,72,0,0,40.2702
1,11,72,0,0,40.2687
1,12,72,0,0,40.2672
1,13,72,0,0,40.2658
1,14,72,0,0,40.2643
1,15,72,0,0,40.2628
1,16,72,0,0,40.2613
1,17,72,0,0,40.2598
1,18,72,0,0,40.2583
1,19,72,0,0,40.2568
1,20,72,0,0,40.2553
1,21,72,0,0,40.2538
1,22,72,0,0,40.2523
1,23,72,0,0,40.2509
1,24,72,0,0,40.2495
1,25,72,0,0,40.2481
1,26,72,0,0,40.2467
1,27,72,0,0,40.2454
1,28,72,0,0,40.2441
1,29,72,0,0,40.2428
1,30,72,0,0,40.2416
1,31,72,0,0,40.2403
1,32,72,0,0,40.2391
1,33,72,0,0,40.2378
1,34,72,0,0,40.2366
1,35,72,0,0,40.2354
1,36,72,0,0,40.2343
1,37,72,0,0,40.2332
1,38,72,0,0,40.2321
1,39,72,0,0,40.231
1,40,72,0,0,40.23
1,41,72,0,0,40.2291
1,42,72,0,0,40.2282
1,43,72,0,0,40.2274
1,44,72,0,0,40.2266
1,45,72,0,0,40.226
1,46,72,0,0,40.2253
1,47,72,0,0,40.2248
1,48,72,0,0,40.2243
1,49,72,0,0,40.2238
1,50,72,0,0,40.2234
1,51,72,0,0,40.2231
1,52,72,0,0,40.2229
1,53,72,0,0,40.2227
1,54,72,0,0,40.2226
1,55,72,0,0,40.2225
1,56,72,0,0,40.2225
1,57,72,0,0,40.2226
1,58,72,0,0,40.2227
1,59,72,0,0,40.2229
1,60,72,0,0,40.2231
1,61,72,0,0,40.2234
1,62,72,0,0,40.2239
1,63,72,0,0,40.2244
1,64,72,0,1.68188e-05,40.2251
1,65,72,0,0,40.2232
1,66,72,0,0,40.2214
1,67,72,0,0,40.2197
1,68,72,0,0,40.2181
1,69,72,0,0,40.2167
1,70,72,0,0,40.2153
1,71,72,0,0,40.214
1,72,72,0,0,40.2128
1,73,72,0,0,40.2117
1,74,72,0,0,40.2106
1,75,72,0,0,40.2097
1,76,72,0,0,40.2088
1,77,72,0,0,40.208
1,78,72,0,0,40.2072
1,79,72,0,0,40.2066
1,80,72,0,0,40.2059
1,81,72,0,0,40.2053
1,82,72,0,0,40.2048
1,83,72,0,0,40.2042
1,84,72,0,0,40.2037
1,85,72,0,0,40.2031
1,86,72,0,0,40.2025
1,87,72,0,0,40.2019
1,88,72,0,0,40.2012
1,89,72,0,0,40.2005
1,90,72,0,0,40.1998
1,91,72,0,0,40.199
1,92,72,0,0,40.1983
1,93,72,0,0,40.1976
1,94,72,0,0,40.1968
1,95,72,0,0,40.1961
1,96,72,0,0,40.1954
1,97,72,0,0,40.1947
1,98,72,0,0,40.194
1,99,72,0,0,40.1933
1,100,72,0,0,40.1925
1,101,72,0,0,40.1918
1,102,72,0,0,40.191
1,103,72,0,0,40.1903
1,104,72,0,0,40.1895
1,105,72,0,0,40.1886
1,106,72,0,0,40.1878
1,107,72,0,0,40.1869
1,108,72,0,0,40.186
1,109,72,0,0,40.1851
1,110,72,0,0,40.1843
1,111,72,0,0,40.1835
1,112,72,0,0,40.1826
1,113,72,0,0,40.1819
1,114,72,0,0,40.1811
1,115,72,0,0,40.1804
1,116,72,0,0,40.1797
1,117,72,0,0,40.179
1,118,72,0,0,40.1784
1,119,72,0,0,40.1777
1,120,72,0,0,40.1771
1,121,72,0,0,40.1765
1,122,72,0,0,40.1759
1,123,72,0,0,40.1754
1,124,72,0,0,40.1749
1,125,72,0,0,40.1744
1,126,72,0,0,40.1741
1,127,72,0,0,40.1738
1,0,73,0,1.68188e-05,40.2824
1,1,73,0,0,40.2803
1,2,73,0,0,40.2784
1,3,73,0,0,40.2767
1,4,73,0,0,40.2752
1,5,73,0,0,40.2737
1,6,73,0,0,40.2723
1,7,73,0,0,40.271
1,8,73,0,0,40.2696
1,9,73,0,0,40.2683
1,10,73,0,0,40.2669
1,11,73,0,0,40.2655
1,12,73,0,0,40.2641
1,13,73,0,0,40.2627
1,14,73,0,0,40.2613
1,15,73,0,0,40.2598
1,16,73,0,0,40.2584
1,17,73,0,0,40.257
1,18,73,0,0,40.2556
1,19,73,0,0,40.2541
1,20,73,0,0,40.2527
1,21,73,0,0,40.2513
1,22,73,0,0,40.2498
1,23,73,0,0,40.2484
1,24,73,0,0,40.247
1,25,73,0,0,40.2457
1,26,73,0,0,40.2443
1,27,73,0,0,40.243
1,28,73,0,0,40.2418
1,29,73,0,0,40.2405
1,30,73,0,0,40.2393
1,31,73,0,0,40.2381
1,32,73,0,0,40.2369
1,33,73,0,0,40.2357
1,34,73,0,0,40.2346
1,35,73,0,0,40.2335
1,36,73,0,0,40.2324
1,37,73,0,0,40.2313
1,38,73,0,0,40.2303
1,39,73,0,0,40.2293
1,40,73,0,0,40.2284
1,41,73,0,0,40.2275
1,42,73,0,0,40.2266
1,43,73,0,0,40.2259
1,44,73,0,0,40.2252
1,45,73,0,0,40.2245
1,46,73,0,0,40.224
1,47,73,0,0,40.2235
1,48,73,0,0,40.223
1,49,73,0,0,40.2226
1,50,73,0,0,40.2223
1,51,73,0,0,40.2221
1,52,73,0,0,40.2219
1,53,73,0,0,40.2218
1,54,73,0,0,40.2217
1,55,73,0,0,40.2217
1,56,73,0,0,40.2218
1,57,73,0,0,40.2219
1,58,73,0,0,40.222
1,59,73,0,0,40.2222
1,60,73,0,0,40.2225
1,61,73,0,0,40.2229
1,62,73,0,0,40.2233
1,63,73,0,0,40.2239
1,64,73,0,1.68188e-05,40.2246
1,65,73,0,0,40.2227
1,66,73,0,0,40.2209
1,67,73,0,0,40.2192
1,68,73,0,0,40.2176
1,69,73,0,0,40.2161
1,70,73,0,0,40.2148
1,71,73,0,0,40.2135
1,72,73,0,0,40.2123
1,73,73,0,0,40.2112
1,74,73,0,0,40.2102
1,75,73,0,0,40.2092
1,76,73,0,0,40.2083
1,77,73,0,0,40.2075
1,78,73,0,0,40.2067
1,79,73,0,0,40.206
1,80,73,0,0,40.2054
1,81,73,0,0,40.2047
1,82,73,0,0,40.2041
1,83,73,0,0,40.2035
1,84,73,0,0,40.2029
1,85,73,0,0,40.2023
1,86,73,0,0,40.2016
1,87,73,0,0,40.2009
1,88,73,0,0,40.2002
1,89,73,0,0,40.1995
1,90,73,0,0,40.1987
1,91,73,0,0,40.198
1,92,73,0,0,40.1973
1,93,73,0,0,40.1966
1,94,73,0,0,40.1959
1,95,73,0,0,40.1952
1,96,73,0,0,40.1945
1,97,73,0,0,40.1939
1,98,73,0,0,40.1932
1,99,73,0,0,40.1926
1,100,73,0,0,40.1919
1,101,73,0,0,40.1912
1,102,73,0,0,40.1905
1,103,73,0,0,40.1897
1,104,73,0,0,40.189
1,105,73,0,0,40.1882
1,106,73,0,0,40.1873
1,107,73,0,0,40.1865
1,108,73,0,0,40.1856
1,109,73,0,0,40.1847
1,110,73,0,0,40.1839
1,111,73,0,0,40.1831
1,112,73,0,0,40.1823
1,113,73,0,0,40.1815
1,114,73,0,0,40.1808
1,115,73,0,0,40.1801
1,116,73,0,0,40.1794
1,117,73,0,0,40.1787
1,118,73,0,0,40.1781
1,119,73,0,0,40.1774
1,120,73,0,0,40.1768
1,121,73,0,0,40.1762
1,122,73,0,0,40.1757
1,123,73,0,0,40.1751
1,124,73,0,0,40.1746
1,125,73,0,0,40.1742
1,126,73,0,0,40.1738
1,127,73,0,0,40.1736
1,0,74,0,1.68188e-05,40.2793
1,1,74,0,0,40.2772
1,2,74,0,0,40.2754
1,3,74,0,0,40.2738
1,4,74,0,0,40.2724
1,5,74,0,0,40.271
1,6,74,0,0,40.2697
1,7,74,0,0,40.2685
1,8,74,0,0,40.2672
1,9,74,0,0,40.2659
1,10,74,0,0,40.2646
1,11,74,0,0,40.2633
1,12,74,0,0,40.2619
1,13,74,0,0,40.2605
1,14,74,0,0,40.2592
1,15,74,0,0,40.2578
1,16,74,0,0,40.2565
1,17,74,0,0,40.2551
1,18,74,0,0,40.2538
1,19,74,0,0,40.2524
1,20,74,0,0,40.251
1,21,74,0,0,40.2496
1,22,74,0,0,40.2482
1,23,74,0,0,40.2468
1,24,74,0,0,40.2455
1,25,74,0,0,40.2441
1,26,74,0,0,40.2428
1,27,74,0,0,40.2415
1,28,74,0,0,40.2403
1,29,74,0,0,40.239
1,30,74,0,0,40.2379
1,31,74,0,0,40.2367
1,32,74,0,0,40.2356
1,33,74,0,0,40.2345
1,34,74,0,0,40.2334
1,35,74,0,0,40.2323
1,36,74,0,0,40.2313
1,37,74,0,0,40.2303
1,38,74,0,0,40.2293
1,39,74,0,0,40.2284
1,40,74,0,0,40.2275
1,41,74,0,0,40.2266
1,42,74,0,0,40.2258
1,43,74,0,0,40.2251
1,44,74,0,0,40.2245
1,45,74,0,0,40.2239
1,46,74,0,0,40.2234
1,47,74,0,0,40.2229
1,48,74,0,0,40.2225
1,49,74,0,0,40.2222
1,50,74,0,0,40.222
1,51,74,0,0,40.2218
1,52,74,0,0,40.2216
1,53,74,0,0,40.2216
1,54,74,0,0,40.2216
1,55,74,0,0,40.2217
1,56,74,0,0,40.2218
1,57,74,0,0,40.2219
1,58,74,0,0,40.2222
1,59,74,0,0,40.2224
1,60,74,0,0,40.2227
1,61,74,0,0,40.2231
1,62,74,0,0,40.2236
1,63,74,0,0,40.2241
1,64,74,0,1.68188e-05,40.2248
1,65,74,0,0,40.2229
1,66,74,0,0,40.2211
1,67,74,0,0,40.2194
1,68,74,0,0,40.2178
1,69,74,0,0,40.2163
1,70,74,0,0,40.215
1,71,74,0,0,40.2137
1,72,74,0,0,40.2125
1,73,74,0,0,40.2114
1,74,74,0,0,40.2104
1,75,74,0,0,40.2094
1,76,74,0,0,40.2086
1,77,74,0,0,40.2077
1,78,74,0,0,40.207
1,79,74,0,0,40.2062
1,80,74,0,0,40.2055
1,81,74,0,0,40.2049
1,82,74,0,0,40.2042
1,83,74,0,0,40.2036
1,84,74,0,0,40.2029
1,85,74,0,0,40.2022
1,86,74,0,0,40.2015
1,87,74,0,0,40.2008
1,88,74,0,0,40.2
1,89,74,0,0,40.1992
1,90,74,0,0,40.1985
1,91,74,0,0,40.1977
1,92,74,0,0,40.197
1,93,74,0,0,40.1963
1,94,74,0,0,40.1956
1,95,74,0,0,40.1949
1,96,74,0,0,40.1943
1,97,74,0,0,40.1938
1,98,74,0,0,40.1932
1,99,74,0,0,40.1926
1,100,74,0,0,40.192
1,101,74,0,0,40.1914
1,102,74,0,0,40.1907
1,103,74,0,0,40.19
1,104,74,0,0,40.1892
1,105,74,0,0,40.1884
1,106,74,0,0,40.1876
1,107,74,0,0,40.1867
1,108,74,0,0,40.1859
1,109,74,0,0,40.185
1,110,74,0,0,40.1842
1,111,74,0,0,40.1834
1,112,74,0,0,40.1826
1,113,74,0,0,40.1819
1,114,74,0,0,40.1811
1,115,74,0,0,40.1804
1,116,74,0,0,40.1797
1,117,74,0,0,40.1791
1,118,74,0,0,40.1784
1,119,74,0,0,40.1778
1,120,74,0,0,40.1772
1,121,74,0,0,40.1766
1,122,74,0,0,40.176
1,123,74,0,0,40.1754
1,124,74,0,0,40.1749
1,125,74,0,0,40.1745
1,126,74,0,0,40.1741
1,127,74,0,0,40.1739
1,0,75,0,1.68188e-05,40.2769
1,1,75,0,0,40.2749
1,2,75,0,0,40.2732
1,3,75,0,0,40.2717
1,4,75,0,0,40.2704
1,5,75,0,0,40.2692
1,6,75,0,0,40.2681
1,7,75,0,0,40.267
1,8,75,0,0,40.2658
1,9,75,0,0,40.2646
1,10,75,0,0,40.2633
1,11,75,0,0,40.262
1,12,75,0,0,40.2607
1,13,75,0,0,40.2594
1,14,75,0,0,40.2581
1,15,75,0,0,40.2567
1,16,75,0,0,40.2555
1,17,75,0,0,40.2542
1,18,75,0,0,40.2529
1,19,75,0,0,40.2516
1,20,75,0,0,40.2503
1,21,75,0,0,40.2489
1,22,75,0,0,40.2475
1,23,75,0,0,40.2462
1,24,75,0,0,40.2448
1,25,75,0,0,40.2434
1,26,75,0,0,40.2421
1,27,75,0,0,40.2408
1,28,75,0,0,40.2396
1,29,75,0,0,40.2384
1,30,75,0,0,40.2373
1,31,75,0,0,40.2362
1,32,75,0,0,40.2351
1,33,75,0,0,40.234
1,34,75,0,0,40.233
1,35,75,0,0,40.232
1,36,75,0,0,40.231
1,37,75,0,0,40.2301
1,38,75,0,0,40.2292
1,39,75,0,0,40.2283
1,40,75,0,0,40.2274
1,41,75,0,0,40.2265
1,42,75,0,0,40.2258
1,43,75,0,0,40.2251
1,44,75,0,0,40.2245
1,45,75,0,0,40.224
1,46,75,0,0,40.2235
1,47,75,0,0,40.2231
1,48,75,0,0,40.2228
1,49,75,0,0,40.2225
1,50,75,0,0,40.2223
1,51,75,0,0,40.2222
1,52,75,0,0,40.2222
1,53,75,0,0,40.2222
1,54,75,0,0,40.2223
1,55,75,0,0,40.2224
1,56,75,0,0,40.2226
1,57,75,0,0,40.2228
1,58,75,0,0,40.2231
1,59,75,0,0,40.2234
1,60,75,0,0,40.2237
1,61,75,0,0,40.2241
1,62,75,0,0,40.2245
1,63,75,0,0,40.2251
1,64,75,0,1.68188e-05,40.2257
1,65,75,0,0,40.2238
1,66,75,0,0,40.222
1,67,75,0,0,40.2203
1,68,75,0,0,40.2187
1,69,75,0,0,40.2172
1,70,75,0,0,40.2159
1,71,75,0,0,40.2146
1,72,75,0,0,40.2135
1,73,75,0,0,40.2124
1,74,75,0,0,40.2113
1,75,75,0,0,40.2104
1,76,75,0,0,40.2095
1,77,75,0,0,40.2087
1,78,75,0,0,40.2079
1,79,75,0,0,40.2072
1,80,75,0,0,40.2064
1,81,75,0,0,40.2058
1,82,75,0,0,40.2051
1,83,75,0,0,40.2044
1,84,75,0,0,40.2037
1,85,75,0,0,40.2029
1,86,75,0,0,40.2022
1,87,75,0,0,40.2014
1,88,75,0,0,40.2005
1,89,75,0,0,40.1997
1,90,75,0,0,40.1989
1,91,75,0,0,40.1981
1,92,75,0,0,40.1973
1,93,75,0,0,40.1966
1,94,75,0,0,40.196
1,95,75,0,0,40.1954
1,96,75,0,0,40.1949
1,97,75,0,0,40.1944
1,98,75,0,0,40.1939
1,99,75,0,0,40.1934
1,100,75,0,0,40.1928
1,101,75,0,0,40.1923
1,102,75,0,0,40.1916
1,103,75,0,0,40.191
1,104,75,0,0,40.1902
1,105,75,0,0,40.1894
1,106,75,0,0,40.1885
1,107,75,0,0,40.1877
1,108,75,0,0,40.1868
1,109,75,0,0,40.186
1,110,75,0,0,40.1851
1,111,75,0,0,40.1843
1,112,75,0,0,40.1836
1,113,75,0,0,40.1828
1,114,75,0,0,40.1821
1,115,75,0,0,40.1814
1,116,75,0,0,40.1807
1,117,75,0,0,40.1801
1,118,75,0,0,40.1794
1,119,75,0,0,40.1788
1,120,75,0,0,40.1782
1,121,75,0,0,40.1776
1,122,75,0,0,40.1769
1,123,75,0,0,40.1764
1,124,75,0,0,40.1758
1,125,75,0,0,40.1754
1,126,75,0,0,40.175
1,127,75,0,0,40.1747
1,0,76,0,1.68188e-05,40.2752
1,1,76,0,0,40.2733
1,2,76,0,0,40.2718
1,3,76,0,0,40.2705
1,4,76,0,0,40.2694
1,5,76,0,0,40.2684
1,6,76,0,0,40.2674
1,7,76,0,0,40.2665
1,8,76,0,0,40.2654
1,9,76,0,0,40.2643
1,10,76,0,0,40.263
1,11,76,0,0,40.2618
1,12,76,0,0,40.2604
1,13,76,0,0,40.2591
1,14,76,0,0,40.2579
1,15,76,0,0,40.2566
1,16,76,0,0,40.2554
1,17,76,0,0,40.2542
1,18,76,0,0,40.253
1,19,76,0,0,40.2517
1,20,76,0,0,40.2505
1,21,76,0,0,40.2492
1,22,76,0,0,40.2478
1,23,76,0,0,40.2464
1,24,76,0,0,40.245
1,25,76,0,0,40.2436
1,26,76,0,0,40.2423
1,27,76,0,0,40.241
1,28,76,0,0,40.2398
1,29,76,0,0,40.2386
1,30,76,0,0,40.2375
1,31,76,0,0,40.2364
1,32,76,0,0,40.2354
1,33,76,0,0,40.2344
1,34,76,0,0,40.2334
1,35,76,0,0,40.2325
1,36,76,0,0,40.2316
1,37,76,0,0,40.2307
1,38,76,0,0,40.2299
1,39,76,0,0,40.229
1,40,76,0,0,40.2281
1,41,76,0,0,40.2272
1,42,76,0,0,40.2265
1,43,76,0,0,40.2258
1,44,76,0,0,40.2253
1,45,76,0,0,40.2248
1,46,76,0,0,40.2244
1,47,76,0,0,40.2241
1,48,76,0,0,40.2238
1,49,76,0,0,40.2236
1,50,76,0,0,40.2235
1,51,76,0,0,40.2234
1,52,76,0,0,40.2234
1,53,76,0,0,40.2235
1,54,76,0,0,40.2237
1,55,76,0,0,40.2239
1,56,76,0,0,40.2241
1,57,76,0,0,40.2244
1,58,76,0,0,40.2248
1,59,76,0,0,40.2251
1,60,76,0,0,40.2254
1,61,76,0,0,40.2258
1,62,76,0,0,40.2262
1,63,76,0,0,40.2268
1,64,76,0,1.68188e-05,40.2274
1,65,76,0,0,40.2254
1,66,76,0,0,40.2236
1,67,76,0,0,40.2219
1,68,76,0,0,40.2203
1,69,76,0,0,40.2188
1,70,76,0,0,40.2175
1,71,76,0,0,40.2162
1,72,76,0,0,40.2151
1,73,76,0,0,40.214
1,74,76,0,0,40.213
1,75,76,0,0,40.212
1,76,76,0,0,40.2111
1,77,76,0,0,40.2103
1,78,76,0,0,40.2096
1,79,76,0,0,40.2088
1,80,76,0,0,40.2081
1,81,76,0,0,40.2074
1,82,76,0,0,40.2067
1,83,76,0,0,40.206
1,84,76,0,0,40.2052
1,85,76,0,0,40.2045
1,86,76,0,0,40.2036
1,87,76,0,0,40.2027
1,88,76,0,0,40.2018
1,89,76,0,0,40.2009
1,90,76,0,0,40.2
1,91,76,0,0,40.1992
1,92,76,0,0,40.1984
1,93,76,0,0,40.1977
1,94,76,0,0,40.1971
1,95,76,0,0,40.1966
1,96,76,0,0,40.1961
1,97,76,0,0,40.1957
1,98,76,0,0,40.1953
1,99,76,0,0,40.1949
1,100,76,0,0,40.1944
1,101,76,0,0,40.1939
1,102,76,0,0,40.1934
1,103,76,0,0,40.1927
1,104,76,0,0,40.192
1,105,76,0,0,40.1911
1,106,76,0,0,40.1902
1,107,76,0,0,40.1893
1,108,76,0,0,40.1884
1,109,76,0,0,40.1876
1,110,76,0,0,40.1868
1,111,76,0,0,40.186
1,112,76,0,0,40.1852
1,113,76,0,0,40.1845
1,114,76,0,0,40.1838
1,115,76,0,0,40.183
1,116,76,0,0,40.1824
1,117,76,0,0,40.1817
1,118,76,0,0,40.1811
1,119,76,0,0,40.1805
1,120,76,0,0,40.1798
1,121,76,0,0,40.1792
1,122,76,0,0,40.1785
1,123,76,0,0,40.1779
1,124,76,0,0,40.1773
1,125,76,0,0,40.1768
1,126,76,0,0,40.1764
1,127,76,0,0,40.176
1,0,77,0,1.68188e-05,40.2741
1,1,77,0,0,40.2725
1,2,77,0,0,40.2712
1,3,77,0,0,40.2702
1,4,77,0,0,40.2693
1,5,77,0,0,40.2685
1,6,77,0,0,40.2678
1,7,77,0,0,40.267
1,8,77,0,0,40.2661
1,9,77,0,0,40.2651
1,10,77,0,0,40.2638
1,11,77,0,0,40.2625
1,12,77,0,0,40.2612
1,13,77,0,0,40.2599
1,14,77,0,0,40.2586
1,15,77,0,0,40.2574
1,16,77,0,0,40.2562
1,17,77,0,0,40.2551
1,18,77,0,0,40.254
1,19,77,0,0,40.2529
1,20,77,0,0,40.2517
1,21,77,0,0,40.2504
1,22,77,0,0,40.2489
1,23,77,0,0,40.2475
1,24,77,0,0,40.246
1,25,77,0,0,40.2446
1,26,77,0,0,40.2433
1,27,77,0,0,40.242
1,28,77,0,0,40.2408
1,29,77,0,0,40.2397
1,30,77,0,0,40.2386
1,31,77,0,0,40.2376
1,32,77,0,0,40.2366
1,33,77,0,0,40.2356
1,34,77,0,0,40.2347
1,35,77,0,0,40.2339
1,36,77,0,0,40.233
1,37,77,0,0,40.2323
1,38,77,0,0,40.2314
1,39,77,0,0,40.2305
1,40,77,0,0,40.2296
1,41,77,0,0,40.2287
1,42,77,0,0,40.2279
1,43,77,0,0,40.2273
1,44,77,0,0,40.2268
1,45,77,0,0,40.2264
1,46,77,0,0,40.2261
1,47,77,0,0,40.2258
1,48,77,0,0,40.2256
1,49,77,0,0,40.2254
1,50,77,0,0,40.2254
1,51,77,0,0,40.2254
1,52,77,0,0,40.2255
1,53,77,0,0,40.2256
1,54,77,0,0,40.2259
1,55,77,0,0,40.2262
1,56,77,0,0,40.2265
1,57,77,0,0,40.2269
1,58,77,0,0,40.2273
1,59,77,0,0,40.2277
1,60,77,0,0,40.228
1,61,77,0,0,40.2284
1,62,77,0,0,40.2287
1,63,77,0,0,40.2292
1,64,77,0,1.68188e-05,40.2298
1,65,77,0,0,40.2278
1,66,77,0,0,40.226
1,67,77,0,0,40.2242
1,68,77,0,0,40.2226
1,69,77,0,0,40.2211
1,70,77,0,0,40.2198
1,71,77,0,0,40.2186
1,72,77,0,0,40.2175
1,73,77,0,0,40.2165
1,74,77,0,0,40.2154
1,75,77,0,0,40.2144
1,76,77,0,0,40.2135
1,77,77,0,0,40.2127
1,78,77,0,0,40.212
1,79,77,0,0,40.2113
1,80,77,0,0,40.2106
1,81,77,0,0,40.2099
1,82,77,0,0,40.2091
1,83,77,0,0,40.2084
1,84,77,0,0,40.2076
1,85,77,0,0,40.2068
1,86,77,0,0,40.2059
1,87,77,0,0,40.2049
1,88,77,0,0,40.2039
1,89,77,0,0,40.2029
1,90,77,0,0,40.2019
1,91,77,0,0,40.201
1,92,77,0,0,40.2001
1,93,77,0,0,40.1995
1,94,77,0,0,40.1989
1,95,77,0,0,40.1984
1,96,77,0,0,40.198
1,97,77,0,0,40.1977
1,98,77,0,0,40.1974
1,99,77,0,0,40.1971
1,100,77,0,0,40.1968
1,101,77,0,0,40.1964
1,102,77,0,0,40.1959
1,103,77,0,0,40.1953
1,104,77,0,0,40.1946
1,105,77,0,0,40.1937
1,106,77,0,0,40.1927
1,107,77,0,0,40.1917
1,108,77,0,0,40.1907
1,109,77,0,0,40.1898
1,110,77,0,0,40.189
1,111,77,0,0,40.1883
1,112,77,0,0,40.1875
1,113,77,0,0,40.1868
1,114,77,0,0,40.1861
1,115,77,0,0,40.1853
1,116,77,0,0,40.1846
1,117,77,0,0,40.184
1,118,77,0,0,40.1834
1,119,77,0,0,40.1828
1,120,77,0,0,40.1822
1,121,77,0,0,40.1815
1,122,77,0,0,40.1807
1,123,77,0,0,40.18
1,124,77,0,0,40.1794
1,125,77,0,0,40.1789
1,126,77,0,0,40.1784
1,127,77,0,0,40.1779
1,0,78,0,1.68188e-05,40.2735
1,1,78,0,0,40.2723
1,2,78,0,0,40.2713
1,3,78,0,0,40.2707
1,4,78,0,0,40.2701
1,5,78,0,0,40.2697
1,6,78,0,0,40.2692
1,7,78,0,0,40.2686
1,8,78,0,0,40.268
1,9,78,0,0,40.2671
1,10,78,0,0,40.2657
1,11,78,0,0,40.2642
1,12,78,0,0,40.2628
1,13,78,0,0,40.2616
1,14,78,0,0,40.2603
1,15,78,0,0,40.2591
1,16,78,0,0,40.258
1,17,78,0,0,40.2569
1,18,78,0,0,40.256
1,19,78,0,0,40.2551
1,20,78,0,0,40.254
1,21,78,0,0,40.2526
1,22,78,0,0,40.2511
1,23,78,0,0,40.2495
1,24,78,0,0,40.248
1,25,78,0,0,40.2466
1,26,78,0,0,40.2451
1,27,78,0,0,40.2438
1,28,78,0,0,40.2427
1,29,78,0,0,40.2416
1,30,78,0,0,40.2406
1,31,78,0,0,40.2396
1,32,78,0,0,40.2386
1,33,78,0,0,40.2376
1,34,78,0,0,40.2368
1,35,78,0,0,40.236
1,36,78,0,0,40.2353
1,37,78,0,0,40.2347
1,38,78,0,0,40.2339
1,39,78,0,0,40.2329
1,40,78,0,0,40.2319
1,41,78,0,0,40.2309
1,42,78,0,0,40.23
1,43,78,0,0,40.2294
1,44,78,0,0,40.229
1,45,78,0,0,40.2288
1,46,78,0,0,40.2287
1,47,78,0,0,40.2284
1,48,78,0,0,40.2281
1,49,78,0,0,40.228
1,50,78,0,0,40.2281
1,51,78,0,0,40.2281
1,52,78,0,0,40.2283
1,53,78,0,0,40.2286
1,54,78,0,0,40.229
1,55,78,0,0,40.2294
1,56,78,0,0,40.2298
1,57,78,0,0,40.2302
1,58,78,0,0,40.2307
1,59,78,0,0,40.2312
1,60,78,0,0,40.2316
1,61,78,0,0,40.2318
1,62,78,0,0,40.232
1,63,78,0,0,40.2324
1,64,78,0,1.68188e-05,40.233
1,65,78,0,0,40.231
1,66,78,0,0,40.2291
1,67,78,0,0,40.2273
1,68,78,0,0,40.2256
1,69,78,0,0,40.224
1,70,78,0,0,40.2227
1,71,78,0,0,40.2217
1,72,78,0,0,40.2208
1,73,78,0,0,40.2198
1,74,78,0,0,40.2187
1,75,78,0,0,40.2176
1,76,78,0,0,40.2166
1,77,78,0,0,40.2158
1,78,78,0,0,40.2152
1,79,78,0,0,40.2145
1,80,78,0,0,40.2139
1,81,78,0,0,40.2131
1,82,78,0,0,40.2123
1,83,78,0,0,40.2116
1,84,78,0,0,40.2108
1,85,78,0,0,40.21
1,86,78,0,0,40.2091
1,87,78,0,0,40.2079
1,88,78,0,0,40.2067
1,89,78,0,0,40.2055
1,90,78,0,0,40.2045
1,91,78,0,0,40.2034
1,92,78,0,0,40.2025
1,93,78,0,0,40.2018
1,94,78,0,0,40.2013
1,95,78,0,0,40.2009
1,96,78,0,0,40.2006
1,97,78,0,0,40.2005
1,98,78,0,0,40.2004
1,99,78,0,0,40.2002
1,100,78,0,0,40.2
1,101,78,0,0,40.1998
1,102,78,0,0,40.1994
1,103,78,0,0,40.1988
1,104,78,0,0,40.198
1,105,78,0,0,40.197
1,106,78,0,0,40.1959
1,107,78,0,0,40.1947
1,108,78,0,0,40.1936
1,109,78,0,0,40.1927
1,110,78,0,0,40.1921
1,111,78,0,0,40.1913
1,112,78,0,0,40.1905
1,113,78,0,0,40.1899
1,114,78,0,0,40.1891
1,115,78,0,0,40.1883
1,116,78,0,0,40.1875
1,117,78,0,0,40.187
1,118,78,0,0,40.1865
1,119,78,0,0,40.1859
1,120,78,0,0,40.1853
1,121,78,0,0,40.1845
1,122,78,0,0,40.1836
1,123,78,0,0,40.1828
1,124,78,0,0,40.1821
1,125,78,0,0,40.1816
1,126,78,0,0,40.1809
1,127,78,0,0,40.1802
1,0,79,0,1.68188e-05,40.2734
1,1,79,0,0,40.2728
1,2,79,0,0,40.2722
1,3,79,0,0,40.2722
1,4,79,0,0,40.2717
1,5,79,0,0,40.2719
1,6,79,0,0,40.2717
1,7,79,0,0,40.2714
1,8,79,0,0,40.2713
1,9,79,0,0,40.2705
1,10,79,0,0,40.2687
1,11,79,0,0,40.2667
1,12,79,0,0,40.2653
1,13,79,0,0,40.2643
1,14,79,0,0,40.2628
1,15,79,0,0,40.2617
1,16,79,0,0,40.2607
1,17,79,0,0,40.2597
1,18,79,0,0,40.2589
1,19,79,0,0,40.2584
1,20,79,0,0,40.2574
1,21,79,0,0,40.2561
1,22,79,0,0,40.2543
1,23,79,0,0,40.2523
1,24,79,0,0,40.2509
1,25,79,0,0,40.2494
1,26,79,0,0,40.2477
1,27,79,0,0,40.2464
1,28,79,0,0,40.2453
1,29,79,0,0,40.2445
1,30,79,0,0,40.2434
1,31,79,0,0,40.2427
1,32,79,0,0,40.2414
1,33,79,0,0,40.2404
1,34,79,0,0,40.2399
1,35,79,0,0,40.239
1,36,79,0,0,40.2385
1,37,79,0,0,40.2383
1,38,79,0,0,40.2373
1,39,79,0,0,40.2362
1,40,79,0,0,40.235
1,41,79,0,0,40.2338
1,42,79,0,0,40.2328
1,43,79,0,0,40.2322
1,44,79,0,0,40.232
1,45,79,0,0,40.232
1,46,79,0,0,40.2324
1,47,79,0,0,40.2318
1,48,79,0,0,40.2313
1,49,79,0,0,40.2313
1,50,79,0,0,40.2316
1,51,79,0,0,40.2317
1,52,79,0,0,40.2318
1,53,79,0,0,40.2322
1,54,79,0,0,40.2328
1,55,79,0,0,40.2335
1,56,79,0,0,40.2339
1,57,79,0,0,40.2343
1,58,79,0,0,40.235
1,59,79,0,0,40.2359
1,60,79,0,0,40.2361
1,61,79,0,0,40.236
1,62,79,0,0,40.2359
1,63,79,0,0,40.2364
1,64,79,0,1.68188e-05,40.237
1,65,79,0,0,40.2349
1,66,79,0,0,40.233
1,67,79,0,0,40.2313
1,68,79,0,0,40.2295
1,69,79,0,0,40.2276
1,70,79,0,0,40.2263
1,71,79,0,0,40.2255
1,72,79,0,0,40.225
1,73,79,0,0,40.224
1,74,79,0,0,40.2227
1,75,79,0,0,40.2214
1,76,79,0,0,40.2204
1,77,79,0,0,40.2196
1,78,79,0,0,40.2193
1,79,79,0,0,40.2185
1,80,79,0,0,40.218
1,81,79,0,0,40.2174
1,82,79,0,0,40.2163
1,83,79,0,0,40.2155
1,84,79,0,0,40.215
1,85,79,0,0,40.2142
1,86,79,0,0,40.2133
1,87,79,0,0,40.2117
1,88,79,0,0,40.2103
1,89,79,0,0,40.2089
1,90,79,0,0,40.2077
1,91,79,0,0,40.2066
1,92,79,0,0,40.2053
1,93,79,0,0,40.2048
1,94,79,0,0,40.2045
1,95,79,0,0,40.204
1,96,79,0,0,40.2039
1,97,79,0,0,40.2041
1,98,79,0,0,40.2041
1,99,79,0,0,40.2041
1,100,79,0,0,40.2041
1,101,79,0,0,40.204
1,102,79,0,0,40.2038
1,103,79,0,0,40.2033
1,104,79,0,0,40.2024
1,105,79,0,0,40.2014
1,106,79,0,0,40.1999
1,107,79,0,0,40.1983
1,108,79,0,0,40.1971
1,109,79,0,0,40.1962
1,110,79,0,0,40.1959
1,111,79,0,0,40.195
1,112,79,0,0,40.1942
1,113,79,0,0,40.1937
1,114,79,0,0,40.193
1,115,79,0,0,40.192
1,116,79,0,0,40.191
1,117,79,0,0,40.1905
1,118,79,0,0,40.1906
1,119,79,0,0,40.1898
1,120,79,0,0,40.1894
1,121,79,0,0,40.1883
1,122,79,0,0,40.1871
1,123,79,0,0,40.186
1,124,79,0,0,40.1854
1,125,79,0,0,40.185
1,126,79,0,0,40.1843
1,127,79,0,0,40.1831
1,0,80,0,3.94913e-05,40.2738
1,1,80,0,4.428e-05,40.2742
1,2,80,0,2.23125e-05,40.2737
1,3,80,0,6.882e-05,40.2753
1,4,80,0,1.428e-05,40.2738
1,5,80,0,6.32175e-05,40.2755
1,6,80,0,4.572e-05,40.2753
1,7,80,0,1.66125e-05,40.2749
1,8,80,0,5.9655e-05,40.2766
1,9,80,0,6.432e-05,40.2759
1,10,80,0,5.142e-05,40.2729
1,11,80,0,2.4105e-05,40.2697
1,12,80,0,3.48075e-05,40.2686
1,13,80,0,4.8945e-05,40.2685
1,14,80,0,1.7865e-05,40.2662
1,15,80,0,2.286e-05,40.265
1,16,80,0,4.716e-05,40.2645
1,17,80,0,3.858e-05,40.2632
1,18,80,0,4.572e-05,40.2627
1,19,80,0,6e-05,40.2631
1,20,80,0,5.43e-05,40.2623
1,21,80,0,5.718e-05,40.261
1,22,80,0,4.785e-05,40.2587
1,23,80,0,1.572e-05,40.2554
1,24,80,0,5.574e-05,40.2551
1,25,80,0,4.26975e-05,40.2532
1,26,80,0,2.856e-05,40.251
1,27,80,0,3.25125e-05,40.2498
1,28,80,0,3.08925e-05,40.2487
1,29,80,0,6e-05,40.2486
1,30,80,0,2.142e-05,40.2466
1,31,80,0,6.5025e-05,40.2473
1,32,80,0,2.8215e-05,40.2448
1,33,80,0,2.856e-05,40.2436
1,34,80,0,5.10825e-05,40.2442
1,35,80,0,1.572e-05,40.2424
1,36,80,0,2.286e-05,40.2423
1,37,80,0,7.305e-05,40.2434
1,38,80,0,4.146e-05,40.242
1,39,80,0,3.714e-05,40.2405
1,40,80,0,3.714e-05,40.2392
1,41,80,0,2.96325e-05,40.2375
1,42,80,0,3e-05,40.2363
1,43,80,0,2.17875e-05,40.2353
1,44,80,0,4.284e-05,40.2357
1,45,80,0,2.286e-05,40.2357
1,46,80,0,8.25225e-05,40.2381
1,47,80,0,3e-05,40.2359
1,48,80,0,2.286e-05,40.2349
1,49,80,0,3.08925e-05,40.2352
1,50,80,0,5.0715e-05,40.2363
1,51,80,0,3.714e-05,40.2361
1,52,80,0,3.594e-05,40.236
1,53,80,0,3.57e-05,40.2365
1,54,80,0,3.429e-05,40.2376
1,55,80,0,3.714e-05,40.2388
1,56,80,0,3.98175e-05,40.2389
1,57,80,0,3.7725e-05,40.239
1,58,80,0,3.57e-05,40.24
1,59,80,0,6.72e-05,40.2422
1,60,80,0,3.82425e-05,40.242
1,61,80,0,4.284e-05,40.2413
1,62,80,0,2.37525e-05,40.2402
1,63,80,0,4.428e-05,40.2413
1,64,80,0,6.25388e-05,40.2418
1,65,80,0,4.716e-05,40.2396
1,66,80,0,3.432e-05,40.2376
1,67,80,0,5.286e-05,40.2365
1,68,80,0,4.002e-05,40.2342
1,69,80,0,1.716e-05,40.2315
1,70,80,0,1.785e-05,40.2303
1,71,80,0,1.3575e-05,40.2298
1,72,80,0,4.96725e-05,40.2306
1,73,80,0,4.716e-05,40.2294
1,74,80,0,3.927e-05,40.2276
1,75,80,0,2.286e-05,40.2258
1,76,80,0,3e-05,40.2248
1,77,80,0,1.66125e-05,40.2238
1,78,80,0,6.08925e-05,40.2247
1,79,80,0,1.428e-05,40.2231
1,80,80,0,3.57e-05,40.2233
1,81,80,0,5.43e-05,40.2229
1,82,80,0,2.286e-05,40.2207
1,83,80,0,3e-05,40.2202
1,84,80,0,4.30425e-05,40.2202
1,85,80,0,3.858e-05,40.2194
1,86,80,0,6.0015e-05,40.219
1,87,80,0,3.23325e-05,40.2163
1,88,80,0,3.714e-05,40.2147
1,89,80,0,3e-05,40.213
1,90,80,0,2.05275e-05,40.2117
1,91,80,0,4.428e-05,40.2108
1,92,80,0,2.145e-06,40.2082
1,93,80,0,2.286e-05,40.2083
1,94,80,0,3.59025e-05,40.2086
1,95,80,0,2.142e-05,40.2077
1,96,80,0,1.572e-05,40.2075
1,97,80,0,4.428e-05,40.2087
1,98,80,0,4.428e-05,40.2087
1,99,80,0,3.144e-05,40.2086
1,100,80,0,4.284e-05,40.2092
1,101,80,0,2.9295e-05,40.2091
1,102,80,0,3.858e-05,40.2095
1,103,80,0,4.716e-05,40.2089
1,104,80,0,3e-05,40.2078
1,105,80,0,4.716e-05,40.207
1,106,80,0,3.144e-05,40.2046
1,107,80,0,2.286e-05,40.2025
1,108,80,0,1.716e-05,40.2011
1,109,80,0,8.58e-06,40.1998
1,110,80,0,6.075e-05,40.2012
1,111,80,0,2.39325e-05,40.1993
1,112,80,0,2.6085e-05,40.1983
1,113,80,0,4.716e-05,40.1984
1,114,80,0,5.355e-05,40.1981
1,115,80,0,3.39225e-05,40.1965
1,116,80,0,1.428e-05,40.1946
1,117,80,0,1.428e-05,40.1942
1,118,80,0,7.75275e-05,40.1962
1,119,80,0,1.572e-05,40.194
1,120,80,0,6.9675e-05,40.1949
1,121,80,0,3.80325e-05,40.1928
1,122,80,0,4.002e-05,40.1914
1,123,80,0,1.572e-05,40.1894
1,124,80,0,3.144e-05,40.1893
1,125,80,0,3.288e-05,40.1895
1,126,80,0,4.572e-05,40.189
1,127,80,0,2.58825e-05,40.1865
1,0,81,0,3.98662e-05,40.2709
1,1,81,0,8.58e-06,40.2702
1,2,81,0,2.37525e-05,40.2706
1,3,81,0,2.286e-05,40.2711
1,4,81,0,3.57e-05,40.2715
1,5,81,0,2.14275e-05,40.2717
1,6,81,0,3.30225e-05,40.2728
1,7,81,0,7.19475e-05,40.2749
1,8,81,0,7.24575e-05,40.2755
1,9,81,0,6.8985e-05,40.2741
1,10,81,0,2.856e-05,40.2702
1,11,81,0,2.7165e-05,40.2676
1,12,81,0,1.51725e-05,40.2662
1,13,81,0,7.21875e-05,40.2678
1,14,81,0,6.4995e-05,40.2666
1,15,81,0,6.144e-05,40.2649
1,16,81,0,3.858e-05,40.2626
1,17,81,0,3.288e-05,40.2607
1,18,81,0,7.14e-06,40.2591
1,19,81,0,4.6485e-05,40.2603
1,20,81,0,4.69575e-05,40.2599
1,21,81,0,3.92925e-05,40.2585
1,22,81,0,5.787e-05,40.2572
1,23,81,0,3.144e-05,40.2541
1,24,81,0,3.288e-05,40.2527
1,25,81,0,4.197e-05,40.2515
1,26,81,0,3.144e-05,40.2496
1,27,81,0,4.767e-05,40.2487
1,28,81,0,2.91075e-05,40.2468
1,29,81,0,3.144e-05,40.2459
1,30,81,0,2.03775e-05,40.2447
1,31,81,0,5.7855e-05,40.2454
1,32,81,0,3.4665e-05,40.2433
1,33,81,0,0,40.2414
1,34,81,0,6.768e-05,40.2436
1,35,81,0,3.78825e-05,40.2424
1,36,81,0,5.7705e-05,40.2423
1,37,81,0,4.29e-06,40.2401
1,38,81,0,6e-05,40.241
1,39,81,0,3.714e-05,40.2394
1,40,81,0,4.86e-05,40.2385
1,41,81,0,3.89475e-05,40.2369
1,42,81,0,3.3585e-05,40.2355
1,43,81,0,2.9835e-05,40.2344
1,44,81,0,2.286e-05,40.2338
1,45,81,0,2.142e-05,40.2341
1,46,81,0,5.32575e-05,40.236
1,47,81,0,3.82425e-05,40.235
1,48,81,0,3e-05,40.2342
1,49,81,0,3.30225e-05,40.2344
1,50,81,0,2.87775e-05,40.2347
1,51,81,0,4.785e-05,40.2354
1,52,81,0,2.43e-05,40.2347
1,53,81,0,2.43e-05,40.2354
1,54,81,0,4.713e-05,40.2377
1,55,81,0,9.288e-05,40.2402
1,56,81,0,3.44625e-05,40.2382
1,57,81,0,1.9635e-05,40.2376
1,58,81,0,3.858e-05,40.2391
1,59,81,0,3.858e-05,40.2408
1,60,81,0,8.89575e-05,40.243
1,61,81,0,4.308e-05,40.241
1,62,81,0,1.9635e-05,40.2395
1,63,81,0,4.26975e-05,40.2404
1,64,81,0,3.96787e-05,40.24
1,65,81,0,1.428e-05,40.2375
1,66,81,0,3.858e-05,40.2366
1,67,81,0,3.144e-05,40.2351
1,68,81,0,3.62475e-05,40.2336
1,69,81,0,3.44625e-05,40.2321
1,70,81,0,4.929e-05,40.2318
1,71,81,0,5.034e-05,40.2313
1,72,81,0,5.982e-05,40.2311
1,73,81,0,3.144e-05,40.2287
1,74,81,0,2.2155e-05,40.2269
1,75,81,0,5.10825e-05,40.2266
1,76,81,0,3.858e-05,40.2252
1,77,81,0,3.76875e-05,40.2242
1,78,81,0,2.05275e-05,40.2236
1,79,81,0,6.144e-05,40.2246
1,80,81,0,5.931e-05,40.2242
1,81,81,0,3.08925e-05,40.2222
1,82,81,0,3.144e-05,40.2207
1,83,81,0,3.858e-05,40.2202
1,84,81,0,4.69575e-05,40.22
1,85,81,0,3.858e-05,40.2189
1,86,81,0,4.8585e-05,40.218
1,87,81,0,2.19675e-05,40.2152
1,88,81,0,3.144e-05,40.2139
1,89,81,0,2.286e-05,40.2126
1,90,81,0,6.65925e-05,40.2129
1,91,81,0,2.286e-05,40.2103
1,92,81,0,3.0735e-05,40.209
1,93,81,0,3.162e-05,40.2086
1,94,81,0,4.41375e-05,40.2088
1,95,81,0,3.57e-05,40.2082
1,96,81,0,3.1785e-05,40.2078
1,97,81,0,4.428e-05,40.2082
1,98,81,0,7.14e-06,40.207
1,99,81,0,4.19475e-05,40.2083
1,100,81,0,3.144e-05,40.2087
1,101,81,0,5.10975e-05,40.2099
1,102,81,0,7.428e-05,40.2106
1,103,81,0,1.67925e-05,40.2083
1,104,81,0,6.432e-05,40.2088
1,105,81,0,5.40975e-05,40.2075
1,106,81,0,3.714e-05,40.2049
1,107,81,0,2.286e-05,40.2028
1,108,81,0,7.13325e-05,40.2031
1,109,81,0,1.428e-05,40.2002
1,110,81,0,4.215e-05,40.2006
1,111,81,0,4.197e-05,40.1996
1,112,81,0,3.07275e-05,40.198
1,113,81,0,1.428e-05,40.1966
1,114,81,0,2.643e-05,40.1965
1,115,81,0,4.89375e-05,40.1965
1,116,81,0,3.714e-05,40.1951
1,117,81,0,3e-05,40.1941
1,118,81,0,2.55525e-05,40.1939
1,119,81,0,3.3225e-05,40.1934
1,120,81,0,3.3225e-05,40.1929
1,121,81,0,2.05275e-05,40.1913
1,122,81,0,2.787e-05,40.1903
1,123,81,0,2.4645e-05,40.1892
1,124,81,0,1.428e-05,40.1886
1,125,81,0,5.43e-05,40.1899
1,126,81,0,4.4985e-05,40.1891
1,127,81,0,3.44625e-05,40.1867
1,0,82,0,1.68188e-05,40.2658
1,1,82,0,0,40.2649
1,2,82,0,5.355e-06,40.2647
1,3,82,0,0,40.2644
1,4,82,0,0,40.2644
1,5,82,0,5.355e-06,40.2648
1,6,82,0,2.6775e-06,40.2651
1,7,82,0,0,40.2656
1,8,82,0,5.2275e-06,40.2657
1,9,82,0,5.355e-06,40.2646
1,10,82,0,0,40.2625
1,11,82,0,1.161e-05,40.2611
1,12,82,0,0,40.2595
1,13,82,0,6.2475e-06,40.2592
1,14,82,0,0,40.258
1,15,82,0,0,40.2565
1,16,82,0,0,40.2549
1,17,82,0,0,40.2535
1,18,82,0,0,40.2525
1,19,82,0,9.435e-06,40.2526
1,20,82,0,4.4625e-06,40.2518
1,21,82,0,6.4275e-06,40.2507
1,22,82,0,0,40.249
1,23,82,0,0,40.2471
1,24,82,0,0,40.2457
1,25,82,0,9.6525e-06,40.2447
1,26,82,0,0,40.2429
1,27,82,0,2.6775e-06,40.2417
1,28,82,0,0,40.2403
1,29,82,0,0,40.2393
1,30,82,0,5.3625e-06,40.2386
1,31,82,0,0,40.2379
1,32,82,0,0,40.2368
1,33,82,0,0,40.236
1,34,82,0,2.6775e-06,40.2363
1,35,82,0,1.07175e-05,40.2363
1,36,82,0,1.3755e-05,40.2358
1,37,82,0,0,40.2342
1,38,82,0,0,40.2335
1,39,82,0,0,40.2325
1,40,82,0,0,40.2316
1,41,82,0,0,40.2306
1,42,82,0,6.435e-06,40.2298
1,43,82,0,2.6775e-06,40.2289
1,44,82,0,0,40.2283
1,45,82,0,0,40.2283
1,46,82,0,0,40.2288
1,47,82,0,3.2175e-06,40.2287
1,48,82,0,0,40.2285
1,49,82,0,8.925e-06,40.2289
1,50,82,0,6.2475e-06,40.2291
1,51,82,0,3.57e-06,40.2292
1,52,82,0,0,40.2291
1,53,82,0,0,40.2296
1,54,82,0,0,40.2308
1,55,82,0,0,40.2318
1,56,82,0,0,40.2317
1,57,82,0,0,40.2318
1,58,82,0,0,40.2326
1,59,82,0,0,40.2336
1,60,82,0,0,40.2345
1,61,82,0,0,40.2343
1,62,82,0,8.925e-07,40.2342
1,63,82,0,1.16025e-05,40.2349
1,64,82,0,1.68188e-05,40.2347
1,65,82,0,0,40.2324
1,66,82,0,0,40.2309
1,67,82,0,0,40.2294
1,68,82,0,8.925e-07,40.2281
1,69,82,0,2.6775e-06,40.227
1,70,82,0,0,40.2261
1,71,82,0,1.785e-06,40.2255
1,72,82,0,6.2475e-06,40.2248
1,73,82,0,0,40.2232
1,74,82,0,5.715e-06,40.2221
1,75,82,0,3.2175e-06,40.2211
1,76,82,0,0,40.2199
1,77,82,0,0,40.219
1,78,82,0,0,40.2184
1,79,82,0,0,40.2183
1,80,82,0,3.57e-06,40.2179
1,81,82,0,6.2475e-06,40.2168
1,82,82,0,0,40.2155
1,83,82,0,0,40.2146
1,84,82,0,0,40.2139
1,85,82,0,0,40.2129
1,86,82,0,0,40.2117
1,87,82,0,0,40.2101
1,88,82,0,0,40.2088
1,89,82,0,0,40.2077
1,90,82,0,0,40.2069
1,91,82,0,0,40.2056
1,92,82,0,0,40.2045
1,93,82,0,0,40.2039
1,94,82,0,0,40.2036
1,95,82,0,0,40.2033
1,96,82,0,5.355e-06,40.2031
1,97,82,0,0,40.2028
1,98,82,0,0,40.2024
1,99,82,0,8.925e-07,40.2028
1,100,82,0,0,40.2031
1,101,82,0,6.7875e-06,40.2037
1,102,82,0,0,40.2035
1,103,82,0,7.5075e-06,40.2029
1,104,82,0,0,40.2021
1,105,82,0,4.4625e-06,40.2011
1,106,82,0,0,40.1994
1,107,82,0,0,40.198
1,108,82,0,6.2475e-06,40.1973
1,109,82,0,0,40.1958
1,110,82,0,7.14e-06,40.1954
1,111,82,0,2.6775e-06,40.1944
1,112,82,0,7.5075e-06,40.1933
1,113,82,0,0,40.192
1,114,82,0,0,40.1913
1,115,82,0,0,40.1907
1,116,82,0,0,40.1898
1,117,82,0,0,40.1891
1,118,82,0,0,40.1886
1,119,82,0,5.355e-06,40.1883
1,120,82,0,0,40.1874
1,121,82,0,0,40.1864
1,122,82,0,3.57e-06,40.1857
1,123,82,0,5.355e-06,40.185
1,124,82,0,0,40.1844
1,125,82,0,0,40.1843
1,126,82,0,6.435e-06,40.184
1,127,82,0,5.355e-06,40.1827
1,0,83,0,1.68188e-05,40.2612
1,1,83,0,0,40.2599
1,2,83,0,0,40.259
1,3,83,0,0,40.2584
1,4,83,0,0,40.2581
1,5,83,0,0,40.2579
1,6,83,0,0,40.2578
1,7,83,0,0,40.2577
1,8,83,0,0,40.2573
1,9,83,0,0,40.2564
1,10,83,0,0,40.255
1,11,83,0,0,40.2538
1,12,83,0,0,40.2526
1,13,83,0,0,40.2517
1,14,83,0,0,40.2505
1,15,83,0,0,40.2493
1,16,83,0,0,40.248
1,17,83,0,0,40.2468
1,18,83,0,0,40.2459
1,19,83,0,0,40.2453
1,20,83,0,0,40.2444
1,21,83,0,0,40.2433
1,22,83,0,0,40.2419
1,23,83,0,0,40.2405
1,24,83,0,0,40.2392
1,25,83,0,0,40.238
1,26,83,0,0,40.2367
1,27,83,0,0,40.2355
1,28,83,0,0,40.2343
1,29,83,0,0,40.2334
1,30,83,0,0,40.2325
1,31,83,0,0,40.2318
1,32,83,0,0,40.2309
1,33,83,0,0,40.2303
1,34,83,0,0,40.23
1,35,83,0,0,40.2296
1,36,83,0,0,40.229
1,37,83,0,0,40.2281
1,38,83,0,0,40.2273
1,39,83,0,0,40.2265
1,40,83,0,0,40.2257
1,41,83,0,0,40.2249
1,42,83,0,0,40.2242
1,43,83,0,0,40.2235
1,44,83,0,0,40.2231
1,45,83,0,0,40.223
1,46,83,0,0,40.223
1,47,83,0,0,40.223
1,48,83,0,0,40.223
1,49,83,0,0,40.2232
1,50,83,0,0,40.2233
1,51,83,0,0,40.2235
1,52,83,0,0,40.2237
1,53,83,0,0,40.2242
1,54,83,0,0,40.2248
1,55,83,0,0,40.2255
1,56,83,0,0,40.2258
1,57,83,0,0,40.2262
1,58,83,0,0,40.2268
1,59,83,0,0,40.2276
1,60,83,0,0,40.2282
1,61,83,0,0,40.2285
1,62,83,0,0,40.2288
1,63,83,0,0,40.2293
1,64,83,0,1.68188e-05,40.2297
1,65,83,0,0,40.2277
1,66,83,0,0,40.226
1,67,83,0,0,40.2245
1,68,83,0,0,40.2232
1,69,83,0,0,40.2221
1,70,83,0,0,40.2211
1,71,83,0,0,40.2202
1,72,83,0,0,40.2193
1,73,83,0,0,40.2182
1,74,83,0,0,40.2171
1,75,83,0,0,40.2161
1,76,83,0,0,40.2152
1,77,83,0,0,40.2143
1,78,83,0,0,40.2136
1,79,83,0,0,40.2131
1,80,83,0,0,40.2125
1,81,83,0,0,40.2116
1,82,83,0,0,40.2106
1,83,83,0,0,40.2097
1,84,83,0,0,40.2088
1,85,83,0,0,40.2078
1,86,83,0,0,40.2067
1,87,83,0,0,40.2055
1,88,83,0,0,40.2044
1,89,83,0,0,40.2033
1,90,83,0,0,40.2024
1,91,83,0,0,40.2014
1,92,83,0,0,40.2005
1,93,83,0,0,40.1998
1,94,83,0,0,40.1993
1,95,83,0,0,40.1989
1,96,83,0,0,40.1986
1,97,83,0,0,40.1982
1,98,83,0,0,40.198
1,99,83,0,0,40.1979
1,100,83,0,0,40.198
1,101,83,0,0,40.198
1,102,83,0,0,40.1977
1,103,83,0,0,40.1972
1,104,83,0,0,40.1964
1,105,83,0,0,40.1955
1,106,83,0,0,40.1943
1,107,83,0,0,40.1932
1,108,83,0,0,40.1922
1,109,83,0,0,40.1912
1,110,83,0,0,40.1904
1,111,83,0,0,40.1894
1,112,83,0,0,40.1885
1,113,83,0,0,40.1875
1,114,83,0,0,40.1867
1,115,83,0,0,40.186
1,116,83,0,0,40.1852
1,117,83,0,0,40.1846
1,118,83,0,0,40.184
1,119,83,0,0,40.1834
1,120,83,0,0,40.1827
1,121,83,0,0,40.182
1,122,83,0,0,40.1813
1,123,83,0,0,40.1807
1,124,83,0,0,40.1802
1,125,83,0,0,40.1799
1,126,83,0,0,40.1794
1,127,83,0,0,40.1787
1,0,84,0,1.68188e-05,40.2569
1,1,84,0,0,40.2553
1,2,84,0,0,40.2541
1,3,84,0,0,40.2532
1,4,84,0,0,40.2526
1,5,84,0,0,40.252
1,6,84,0,0,40.2516
1,7,84,0,0,40.2511
1,8,84,0,0,40.2505
1,9,84,0,0,40.2496
1,10,84,0,0,40.2485
1,11,84,0,0,40.2474
1,12,84,0,0,40.2463
1,13,84,0,0,40.2453
1,14,84,0,0,40.2442
1,15,84,0,0,40.2431
1,16,84,0,0,40.2419
1,17,84,0,0,40.2409
1,18,84,0,0,40.2399
1,19,84,0,0,40.2391
1,20,84,0,0,40.2381
1,21,84,0,0,40.2371
1,22,84,0,0,40.2359
1,23,84,0,0,40.2347
1,24,84,0,0,40.2335
1,25,84,0,0,40.2324
1,26,84,0,0,40.2312
1,27,84,0,0,40.2301
1,28,84,0,0,40.2291
1,29,84,0,0,40.2281
1,30,84,0,0,40.2273
1,31,84,0,0,40.2265
1,32,84,0,0,40.2258
1,33,84,0,0,40.2252
1,34,84,0,0,40.2247
1,35,84,0,0,40.2241
1,36,84,0,0,40.2235
1,37,84,0,0,40.2228
1,38,84,0,0,40.2221
1,39,84,0,0,40.2214
1,40,84,0,0,40.2206
1,41,84,0,0,40.22
1,42,84,0,0,40.2194
1,43,84,0,0,40.2188
1,44,84,0,0,40.2185
1,45,84,0,0,40.2183
1,46,84,0,0,40.2182
1,47,84,0,0,40.2182
1,48,84,0,0,40.2182
1,49,84,0,0,40.2183
1,50,84,0,0,40.2185
1,51,84,0,0,40.2187
1,52,84,0,0,40.2189
1,53,84,0,0,40.2193
1,54,84,0,0,40.2198
1,55,84,0,0,40.2204
1,56,84,0,0,40.2208
1,57,84,0,0,40.2213
1,58,84,0,0,40.2219
1,59,84,0,0,40.2225
1,60,84,0,0,40.2231
1,61,84,0,0,40.2235
1,62,84,0,0,40.224
1,63,84,0,0,40.2246
1,64,84,0,1.68188e-05,40.2253
1,65,84,0,0,40.2234
1,66,84,0,0,40.2218
1,67,84,0,0,40.2203
1,68,84,0,0,40.219
1,69,84,0,0,40.2179
1,70,84,0,0,40.2168
1,71,84,0,0,40.2159
1,72,84,0,0,40.2149
1,73,84,0,0,40.2139
1,74,84,0,0,40.2129
1,75,84,0,0,40.212
1,76,84,0,0,40.2111
1,77,84,0,0,40.2103
1,78,84,0,0,40.2096
1,79,84,0,0,40.2089
1,80,84,0,0,40.2082
1,81,84,0,0,40.2074
1,82,84,0,0,40.2065
1,83,84,0,0,40.2056
1,84,84,0,0,40.2047
1,85,84,0,0,40.2037
1,86,84,0,0,40.2027
1,87,84,0,0,40.2017
1,88,84,0,0,40.2006
1,89,84,0,0,40.1996
1,90,84,0,0,40.1987
1,91,84,0,0,40.1978
1,92,84,0,0,40.197
1,93,84,0,0,40.1963
1,94,84,0,0,40.1957
1,95,84,0,0,40.1952
1,96,84,0,0,40.1948
1,97,84,0,0,40.1944
1,98,84,0,0,40.1941
1,99,84,0,0,40.1938
1,100,84,0,0,40.1936
1,101,84,0,0,40.1934
1,102,84,0,0,40.193
1,103,84,0,0,40.1925
1,104,84,0,0,40.1917
1,105,84,0,0,40.1909
1,106,84,0,0,40.1899
1,107,84,0,0,40.1889
1,108,84,0,0,40.188
1,109,84,0,0,40.1871
1,110,84,0,0,40.1862
1,111,84,0,0,40.1853
1,112,84,0,0,40.1844
1,113,84,0,0,40.1835
1,114,84,0,0,40.1827
1,115,84,0,0,40.182
1,116,84,0,0,40.1813
1,117,84,0,0,40.1806
1,118,84,0,0,40.18
1,119,84,0,0,40.1794
1,120,84,0,0,40.1788
1,121,84,0,0,40.1782
1,122,84,0,0,40.1776
1,123,84,0,0,40.1771
1,124,84,0,0,40.1766
1,125,84,0,0,40.1762
1,126,84,0,0,40.1758
1,127,84,0,0,40.1754
1,0,85,0,1.68188e-05,40.2532
1,1,85,0,0,40.2514
1,2,85,0,0,40.2499
1,3,85,0,0,40.2488
1,4,85,0,0,40.2478
1,5,85,0,0,40.2471
1,6,85,0,0,40.2464
1,7,85,0,0,40.2456
1,8,85,0,0,40.2449
1,9,85,0,0,40.244
1,10,85,0,0,40.243
1,11,85,0,0,40.2419
1,12,85,0,0,40.2409
1,13,85,0,0,40.2399
1,14,85,0,0,40.2388
1,15,85,0,0,40.2378
1,16,85,0,0,40.2367
1,17,85,0,0,40.2357
1,18,85,0,0,40.2348
1,19,85,0,0,40.2339
1,20,85,0,0,40.2329
1,21,85,0,0,40.2319
1,22,85,0,0,40.2309
1,23,85,0,0,40.2298
1,24,85,0,0,40.2287
1,25,85,0,0,40.2276
1,26,85,0,0,40.2266
1,27,85,0,0,40.2256
1,28,85,0,0,40.2246
1,29,85,0,0,40.2237
1,30,85,0,0,40.2229
1,31,85,0,0,40.2221
1,32,85,0,0,40.2214
1,33,85,0,0,40.2207
1,34,85,0,0,40.2202
1,35,85,0,0,40.2196
1,36,85,0,0,40.219
1,37,85,0,0,40.2183
1,38,85,0,0,40.2177
1,39,85,0,0,40.217
1,40,85,0,0,40.2164
1,41,85,0,0,40.2158
1,42,85,0,0,40.2153
1,43,85,0,0,40.2148
1,44,85,0,0,40.2145
1,45,85,0,0,40.2143
1,46,85,0,0,40.2142
1,47,85,0,0,40.2141
1,48,85,0,0,40.2141
1,49,85,0,0,40.2142
1,50,85,0,0,40.2144
1,51,85,0,0,40.2146
1,52,85,0,0,40.2149
1,53,85,0,0,40.2152
1,54,85,0,0,40.2157
1,55,85,0,0,40.2161
1,56,85,0,0,40.2166
1,57,85,0,0,40.2171
1,58,85,0,0,40.2177
1,59,85,0,0,40.2183
1,60,85,0,0,40.2189
1,61,85,0,0,40.2195
1,62,85,0,0,40.2201
1,63,85,0,0,40.2208
1,64,85,0,1.68188e-05,40.2216
1,65,85,0,0,40.2199
1,66,85,0,0,40.2183
1,67,85,0,0,40.2169
1,68,85,0,0,40.2156
1,69,85,0,0,40.2144
1,70,85,0,0,40.2133
1,71,85,0,0,40.2123
1,72,85,0,0,40.2114
1,73,85,0,0,40.2104
1,74,85,0,0,40.2095
1,75,85,0,0,40.2086
1,76,85,0,0,40.2078
1,77,85,0,0,40.207
1,78,85,0,0,40.2063
1,79,85,0,0,40.2055
1,80,85,0,0,40.2048
1,81,85,0,0,40.204
1,82,85,0,0,40.2031
1,83,85,0,0,40.2023
1,84,85,0,0,40.2014
1,85,85,0,0,40.2005
1,86,85,0,0,40.1995
1,87,85,0,0,40.1985
1,88,85,0,0,40.1976
1,89,85,0,0,40.1966
1,90,85,0,0,40.1958
1,91,85,0,0,40.1949
1,92,85,0,0,40.1941
1,93,85,0,0,40.1934
1,94,85,0,0,40.1928
1,95,85,0,0,40.1922
1,96,85,0,0,40.1917
1,97,85,0,0,40.1912
1,98,85,0,0,40.1908
1,99,85,0,0,40.1904
1,100,85,0,0,40.1901
1,101,85,0,0,40.1897
1,102,85,0,0,40.1892
1,103,85,0,0,40.1886
1,104,85,0,0,40.1879
1,105,85,0,0,40.1871
1,106,85,0,0,40.1863
1,107,85,0,0,40.1854
1,108,85,0,0,40.1845
1,109,85,0,0,40.1836
1,110,85,0,0,40.1827
1,111,85,0,0,40.1819
1,112,85,0,0,40.181
1,113,85,0,0,40.1802
1,114,85,0,0,40.1794
1,115,85,0,0,40.1787
1,116,85,0,0,40.178
1,117,85,0,0,40.1774
1,118,85,0,0,40.1768
1,119,85,0,0,40.1762
1,120,85,0,0,40.1756
1,121,85,0,0,40.175
1,122,85,0,0,40.1745
1,123,85,0,0,40.174
1,124,85,0,0,40.1736
1,125,85,0,0,40.1732
1,126,85,0,0,40.1729
1,127,85,0,0,40.1726
1,0,86,0,1.68188e-05,40.2499
1,1,86,0,0,40.248
1,2,86,0,0,40.2464
1,3,86,0,0,40.245
1,4,86,0,0,40.2439
1,5,86,0,0,40.2429
1,6,86,0,0,40.242
1,7,86,0,0,40.2412
1,8,86,0,0,40.2403
1,9,86,0,0,40.2394
1,10,86,0,0,40.2384
1,11,86,0,0,40.2374
1,12,86,0,0,40.2364
1,13,86,0,0,40.2354
1,14,86,0,0,40.2344
1,15,86,0,0,40.2334
1,16,86,0,0,40.2324
1,17,86,0,0,40.2314
1,18,86,0,0,40.2305
1,19,86,0,0,40.2296
1,20,86,0,0,40.2286
1,21,86,0,0,40.2277
1,22,86,0,0,40.2267
1,23,86,0,0,40.2257
1,24,86,0,0,40.2247
1,25,86,0,0,40.2237
1,26,86,0,0,40.2227
1,27,86,0,0,40.2218
1,28,86,0,0,40.2209
1,29,86,0,0,40.22
1,30,86,0,0,40.2192
1,31,86,0,0,40.2185
1,32,86,0,0,40.2178
1,33,86,0,0,40.2171
1,34,86,0,0,40.2165
1,35,86,0,0,40.2159
1,36,86,0,0,40.2153
1,37,86,0,0,40.2147
1,38,86,0,0,40.2141
1,39,86,0,0,40.2135
1,40,86,0,0,40.2129
1,41,86,0,0,40.2124
1,42,86,0,0,40.2119
1,43,86,0,0,40.2115
1,44,86,0,0,40.2112
1,45,86,0,0,40.211
1,46,86,0,0,40.2109
1,47,86,0,0,40.2108
1,48,86,0,0,40.2108
1,49,86,0,0,40.2109
1,50,86,0,0,40.211
1,51,86,0,0,40.2112
1,52,86,0,0,40.2115
1,53,86,0,0,40.2119
1,54,86,0,0,40.2123
1,55,86,0,0,40.2127
1,56,86,0,0,40.2132
1,57,86,0,0,40.2138
1,58,86,0,0,40.2143
1,59,86,0,0,40.2149
1,60,86,0,0,40.2156
1,61,86,0,0,40.2162
1,62,86,0,0,40.2169
1,63,86,0,0,40.2178
1,64,86,0,1.68188e-05,40.2187
1,65,86,0,0,40.217
1,66,86,0,0,40.2155
1,67,86,0,0,40.2141
1,68,86,0,0,40.2128
1,69,86,0,0,40.2116
1,70,86,0,0,40.2106
1,71,86,0,0,40.2096
1,72,86,0,0,40.2086
1,73,86,0,0,40.2077
1,74,86,0,0,40.2069
1,75,86,0,0,40.206
1,76,86,0,0,40.2052
1,77,86,0,0,40.2044
1,78,86,0,0,40.2037
1,79,86,0,0,40.203
1,80,86,0,0,40.2022
1,81,86,0,0,40.2014
1,82,86,0,0,40.2006
1,83,86,0,0,40.1997
1,84,86,0,0,40.1989
1,85,86,0,0,40.198
1,86,86,0,0,40.1971
1,87,86,0,0,40.1962
1,88,86,0,0,40.1953
1,89,86,0,0,40.1944
1,90,86,0,0,40.1935
1,91,86,0,0,40.1927
1,92,86,0,0,40.1919
1,93,86,0,0,40.1912
1,94,86,0,0,40.1905
1,95,86,0,0,40.1899
1,96,86,0,0,40.1893
1,97,86,0,0,40.1887
1,98,86,0,0,40.1882
1,99,86,0,0,40.1878
1,100,86,0,0,40.1873
1,101,86,0,0,40.1868
1,102,86,0,0,40.1862
1,103,86,0,0,40.1856
1,104,86,0,0,40.185
1,105,86,0,0,40.1842
1,106,86,0,0,40.1834
1,107,86,0,0,40.1825
1,108,86,0,0,40.1817
1,109,86,0,0,40.1808
1,110,86,0,0,40.18
1,111,86,0,0,40.1791
1,112,86,0,0,40.1783
1,113,86,0,0,40.1775
1,114,86,0,0,40.1768
1,115,86,0,0,40.176
1,116,86,0,0,40.1754
1,117,86,0,0,40.1747
1,118,86,0,0,40.1741
1,119,86,0,0,40.1736
1,120,86,0,0,40.173
1,121,86,0,0,40.1725
1,122,86,0,0,40.172
1,123,86,0,0,40.1716
1,124,86,0,0,40.1712
1,125,86,0,0,40.1708
1,126,86,0,0,40.1705
1,127,86,0,0,40.1703
1,0,87,0,1.68188e-05,40.2472
1,1,87,0,0,40.2452
1,2,87,0,0,40.2435
1,3,87,0,0,40.242
1,4,87,0,0,40.2407
1,5,87,0,0,40.2396
1,6,87,0,0,40.2386
1,7,87,0,0,40.2376
1,8,87,0,0,40.2367
1,9,87,0,0,40.2357
1,10,87,0,0,40.2347
1,11,87,0,0,40.2337
1,12,87,0,0,40.2327
1,13,87,0,0,40.2318
1,14,87,0,0,40.2308
1,15,87,0,0,40.2298
1,16,87,0,0,40.2289
1,17,87,0,0,40.2279
1,18,87,0,0,40.227
1,19,87,0,0,40.2261
1,20,87,0,0,40.2252
1,21,87,0,0,40.2243
1,22,87,0,0,40.2234
1,23,87,0,0,40.2225
1,24,87,0,0,40.2216
1,25,87,0,0,40.2206
1,26,87,0,0,40.2197
1,27,87,0,0,40.2188
1,28,87,0,0,40.218
1,29,87,0,0,40.2171
1,30,87,0,0,40.2163
1,31,87,0,0,40.2156
1,32,87,0,0,40.2149
1,33,87,0,0,40.2142
1,34,87,0,0,40.2136
1,35,87,0,0,40.213
1,36,87,0,0,40.2124
1,37,87,0,0,40.2118
1,38,87,0,0,40.2113
1,39,87,0,0,40.2107
1,40,87,0,0,40.2102
1,41,87,0,0,40.2097
1,42,87,0,0,40.2093
1,43,87,0,0,40.2089
1,44,87,0,0,40.2086
1,45,87,0,0,40.2084
1,46,87,0,0,40.2083
1,47,87,0,0,40.2082
1,48,87,0,0,40.2082
1,49,87,0,0,40.2083
1,50,87,0,0,40.2084
1,51,87,0,0,40.2086
1,52,87,0,0,40.2089
1,53,87,0,0,40.2092
1,54,87,0,0,40.2096
1,55,87,0,0,40.2101
1,56,87,0,0,40.2106
1,57,87,0,0,40.2111
1,58,87,0,0,40.2117
1,59,87,0,0,40.2123
1,60,87,0,0,40.213
1,61,87,0,0,40.2137
1,62,87,0,0,40.2145
1,63,87,0,0,40.2154
1,64,87,0,1.68188e-05,40.2164
1,65,87,0,0,40.2148
1,66,87,0,0,40.2133
1,67,87,0,0,40.212
1,68,87,0,0,40.2107
1,69,87,0,0,40.2096
1,70,87,0,0,40.2085
1,71,87,0,0,40.2076
1,72,87,0,0,40.2066
1,73,87,0,0,40.2058
1,74,87,0,0,40.2049
1,75,87,0,0,40.2041
1,76,87,0,0,40.2034
1,77,87,0,0,40.2026
1,78,87,0,0,40.2019
1,79,87,0,0,40.2012
1,80,87,0,0,40.2004
1,81,87,0,0,40.1996
1,82,87,0,0,40.1988
1,83,87,0,0,40.198
1,84,87,0,0,40.1972
1,85,87,0,0,40.1963
1,86,87,0,0,40.1954
1,87,87,0,0,40.1945
1,88,87,0,0,40.1936
1,89,87,0,0,40.1928
1,90,87,0,0,40.1919
1,91,87,0,0,40.1911
1,92,87,0,0,40.1903
1,93,87,0,0,40.1896
1,94,87,0,0,40.1889
1,95,87,0,0,40.1882
1,96,87,0,0,40.1875
1,97,87,0,0,40.1869
1,98,87,0,0,40.1863
1,99,87,0,0,40.1858
1,100,87,0,0,40.1852
1,101,87,0,0,40.1846
1,102,87,0,0,40.1841
1,103,87,0,0,40.1834
1,104,87,0,0,40.1827
1,105,87,0,0,40.182
1,106,87,0,0,40.1812
1,107,87,0,0,40.1804
1,108,87,0,0,40.1796
1,109,87,0,0,40.1787
1,110,87,0,0,40.1779
1,111,87,0,0,40.1771
1,112,87,0,0,40.1762
1,113,87,0,0,40.1755
1,114,87,0,0,40.1747
1,115,87,0,0,40.174
1,116,87,0,0,40.1733
1,117,87,0,0,40.1727
1,118,87,0,0,40.1721
1,119,87,0,0,40.1716
1,120,87,0,0,40.1711
1,121,87,0,0,40.1706
1,122,87,0,0,40.1701
1,123,87,0,0,40.1697
1,124,87,0,0,40.1693
1,125,87,0,0,40.169
1,126,87,0,0,40.1687
1,127,87,0,0,40.1685
1,0,88,0,1.68188e-05,40.2452
1,1,88,0,0,40.2431
1,2,88,0,0,40.2413
1,3,88,0,0,40.2397
1,4,88,0,0,40.2383
1,5,88,0,0,40.2371
1,6,88,0,0,40.236
1,7,88,0,0,40.2349
1,8,88,0,0,40.2339
1,9,88,0,0,40.2329
1,10,88,0,0,40.2319
1,11,88,0,0,40.2309
1,12,88,0,0,40.23
1,13,88,0,0,40.229
1,14,88,0,0,40.2281
1,15,88,0,0,40.2271
1,16,88,0,0,40.2262
1,17,88,0,0,40.2253
1,18,88,0,0,40.2244
1,19,88,0,0,40.2235
1,20,88,0,0,40.2227
1,21,88,0,0,40.2218
1,22,88,0,0,40.2209
1,23,88,0,0,40.2201
1,24,88,0,0,40.2192
1,25,88,0,0,40.2184
1,26,88,0,0,40.2175
1,27,88,0,0,40.2166
1,28,88,0,0,40.2158
1,29,88,0,0,40.215
1,30,88,0,0,40.2142
1,31,88,0,0,40.2134
1,32,88,0,0,40.2127
1,33,88,0,0,40.2121
1,34,88,0,0,40.2115
1,35,88,0,0,40.2109
1,36,88,0,0,40.2103
1,37,88,0,0,40.2098
1,38,88,0,0,40.2092
1,39,88,0,0,40.2087
1,40,88,0,0,40.2082
1,41,88,0,0,40.2078
1,42,88,0,0,40.2074
1,43,88,0,0,40.207
1,44,88,0,0,40.2067
1,45,88,0,0,40.2065
1,46,88,0,0,40.2064
1,47,88,0,0,40.2063
1,48,88,0,0,40.2063
1,49,88,0,0,40.2064
1,50,88,0,0,40.2065
1,51,88,0,0,40.2067
1,52,88,0,0,40.207
1,53,88,0,0,40.2073
1,54,88,0,0,40.2077
1,55,88,0,0,40.2082
1,56,88,0,0,40.2087
1,57,88,0,0,40.2093
1,58,88,0,0,40.2099
1,59,88,0,0,40.2105
1,60,88,0,0,40.2112
1,61,88,0,0,40.212
1,62,88,0,0,40.2128
1,63,88,0,0,40.2138
1,64,88,0,1.68188e-05,40.2149
1,65,88,0,0,40.2133
1,66,88,0,0,40.2119
1,67,88,0,0,40.2105
1,68,88,0,0,40.2093
1,69,88,0,0,40.2082
1,70,88,0,0,40.2072
1,71,88,0,0,40.2063
1,72,88,0,0,40.2054
1,73,88,0,0,40.2046
1,74,88,0,0,40.2038
1,75,88,0,0,40.203
1,76,88,0,0,40.2023
1,77,88,0,0,40.2016
1,78,88,0,0,40.2009
1,79,88,0,0,40.2001
1,80,88,0,0,40.1994
1,81,88,0,0,40.1986
1,82,88,0,0,40.1978
1,83,88,0,0,40.197
1,84,88,0,0,40.1962
1,85,88,0,0,40.1953
1,86,88,0,0,40.1945
1,87,88,0,0,40.1936
1,88,88,0,0,40.1927
1,89,88,0,0,40.1919
1,90,88,0,0,40.1911
1,91,88,0,0,40.1902
1,92,88,0,0,40.1894
1,93,88,0,0,40.1887
1,94,88,0,0,40.1879
1,95,88,0,0,40.1872
1,96,88,0,0,40.1865
1,97,88,0,0,40.1858
1,98,88,0,0,40.1851
1,99,88,0,0,40.1845
1,100,88,0,0,40.1838
1,101,88,0,0,40.1832
1,102,88,0,0,40.1826
1,103,88,0,0,40.1819
1,104,88,0,0,40.1812
1,105,88,0,0,40.1805
1,106,88,0,0,40.1797
1,107,88,0,0,40.179
1,108,88,0,0,40.1781
1,109,88,0,0,40.1773
1,110,88,0,0,40.1764
1,111,88,0,0,40.1756
1,112,88,0,0,40.1748
1,113,88,0,0,40.174
1,114,88,0,0,40.1733
1,115,88,0,0,40.1726
1,116,88,0,0,40.1719
1,117,88,0,0,40.1713
1,118,88,0,0,40.1707
1,119,88,0,0,40.1702
1,120,88,0,0,40.1697
1,121,88,0,0,40.1692
1,122,88,0,0,40.1688
1,123,88,0,0,40.1684
1,124,88,0,0,40.1681
1,125,88,0,0,40.1678
1,126,88,0,0,40.1675
1,127,88,0,0,40.1673
1,0,89,0,1.68188e-05,40.2437
1,1,89,0,0,40.2416
1,2,89,0,0,40.2397
1,3,89,0,0,40.2381
1,4,89,0,0,40.2367
1,5,89,0,0,40.2354
1,6,89,0,0,40.2342
1,7,89,0,0,40.2331
1,8,89,0,0,40.232
1,9,89,0,0,40.231
1,10,89,0,0,40.23
1,11,89,0,0,40.229
1,12,89,0,0,40.228
1,13,89,0,0,40.2271
1,14,89,0,0,40.2262
1,15,89,0,0,40.2253
1,16,89,0,0,40.2244
1,17,89,0,0,40.2235
1,18,89,0,0,40.2226
1,19,89,0,0,40.2217
1,20,89,0,0,40.2209
1,21,89,0,0,40.2201
1,22,89,0,0,40.2193
1,23,89,0,0,40.2185
1,24,89,0,0,40.2177
1,25,89,0,0,40.2169
1,26,89,0,0,40.2161
1,27,89,0,0,40.2152
1,28,89,0,0,40.2144
1,29,89,0,0,40.2136
1,30,89,0,0,40.2128
1,31,89,0,0,40.2121
1,32,89,0,0,40.2114
1,33,89,0,0,40.2107
1,34,89,0,0,40.2101
1,35,89,0,0,40.2095
1,36,89,0,0,40.209
1,37,89,0,0,40.2085
1,38,89,0,0,40.208
1,39,89,0,0,40.2075
1,40,89,0,0,40.207
1,41,89,0,0,40.2065
1,42,89,0,0,40.2061
1,43,89,0,0,40.2058
1,44,89,0,0,40.2055
1,45,89,0,0,40.2053
1,46,89,0,0,40.2052
1,47,89,0,0,40.2051
1,48,89,0,0,40.2051
1,49,89,0,0,40.2051
1,50,89,0,0,40.2053
1,51,89,0,0,40.2055
1,52,89,0,0,40.2058
1,53,89,0,0,40.2061
1,54,89,0,0,40.2066
1,55,89,0,0,40.2071
1,56,89,0,0,40.2076
1,57,89,0,0,40.2082
1,58,89,0,0,40.2088
1,59,89,0,0,40.2094
1,60,89,0,0,40.2102
1,61,89,0,0,40.211
1,62,89,0,0,40.2119
1,63,89,0,0,40.2129
1,64,89,0,1.68188e-05,40.214
1,65,89,0,0,40.2125
1,66,89,0,0,40.2111
1,67,89,0,0,40.2098
1,68,89,0,0,40.2086
1,69,89,0,0,40.2076
1,70,89,0,0,40.2066
1,71,89,0,0,40.2057
1,72,89,0,0,40.2048
1,73,89,0,0,40.2041
1,74,89,0,0,40.2033
1,75,89,0,0,40.2026
1,76,89,0,0,40.2019
1,77,89,0,0,40.2013
1,78,89,0,0,40.2006
1,79,89,0,0,40.1999
1,80,89,0,0,40.1992
1,81,89,0,0,40.1984
1,82,89,0,0,40.1976
1,83,89,0,0,40.1968
1,84,89,0,0,40.1959
1,85,89,0,0,40.1951
1,86,89,0,0,40.1942
1,87,89,0,0,40.1934
1,88,89,0,0,40.1925
1,89,89,0,0,40.1917
1,90,89,0,0,40.1909
1,91,89,0,0,40.1901
1,92,89,0,0,40.1892
1,93,89,0,0,40.1884
1,94,89,0,0,40.1876
1,95,89,0,0,40.1868
1,96,89,0,0,40.1861
1,97,89,0,0,40.1853
1,98,89,0,0,40.1846
1,99,89,0,0,40.1839
1,100,89,0,0,40.1832
1,101,89,0,0,40.1825
1,102,89,0,0,40.1818
1,103,89,0,0,40.1812
1,104,89,0,0,40.1805
1,105,89,0,0,40.1797
1,106,89,0,0,40.179
1,107,89,0,0,40.1782
1,108,89,0,0,40.1774
1,109,89,0,0,40.1765
1,110,89,0,0,40.1757
1,111,89,0,0,40.1748
1,112,89,0,0,40.174
1,113,89,0,0,40.1732
1,114,89,0,0,40.1724
1,115,89,0,0,40.1717
1,116,89,0,0,40.1711
1,117,89,0,0,40.1705
1,118,89,0,0,40.1699
1,119,89,0,0,40.1694
1,120,89,0,0,40.169
1,121,89,0,0,40.1685
1,122,89,0,0,40.1681
1,123,89,0,0,40.1677
1,124,89,0,0,40.1674
1,125,89,0,0,40.1671
1,126,89,0,0,40.1668
1,127,89,0,0,40.1667
1,0,90,0,1.68188e-05,40.2428
1,1,90,0,0,40.2407
1,2,90,0,0,40.2388
1,3,90,0,0,40.2372
1,4,90,0,0,40.2357
1,5,90,0,0,40.2344
1,6,90,0,0,40.2332
1,7,90,0,0,40.232
1,8,90,0,0,40.2309
1,9,90,0,0,40.2299
1,10,90,0,0,40.2289
1,11,90,0,0,40.2279
1,12,90,0,0,40.2269
1,13,90,0,0,40.226
1,14,90,0,0,40.2251
1,15,90,0,0,40.2242
1,16,90,0,0,40.2233
1,17,90,0,0,40.2225
1,18,90,0,0,40.2216
1,19,90,0,0,40.2208
1,20,90,0,0,40.22
1,21,90,0,0,40.2192
1,22,90,0,0,40.2184
1,23,90,0,0,40.2177
1,24,90,0,0,40.217
1,25,90,0,0,40.2162
1,26,90,0,0,40.2154
1,27,90,0,0,40.2146
1,28,90,0,0,40.2138
1,29,90,0,0,40.213
1,30,90,0,0,40.2121
1,31,90,0,0,40.2114
1,32,90,0,0,40.2107
1,33,90,0,0,40.2101
1,34,90,0,0,40.2095
1,35,90,0,0,40.209
1,36,90,0,0,40.2084
1,37,90,0,0,40.2079
1,38,90,0,0,40.2074
1,39,90,0,0,40.2069
1,40,90,0,0,40.2065
1,41,90,0,0,40.206
1,42,90,0,0,40.2056
1,43,90,0,0,40.2053
1,44,90,0,0,40.205
1,45,90,0,0,40.2048
1,46,90,0,0,40.2046
1,47,90,0,0,40.2046
1,48,90,0,0,40.2045
1,49,90,0,0,40.2046
1,50,90,0,0,40.2047
1,51,90,0,0,40.2049
1,52,90,0,0,40.2053
1,53,90,0,0,40.2056
1,54,90,0,0,40.2061
1,55,90,0,0,40.2066
1,56,90,0,0,40.2072
1,57,90,0,0,40.2078
1,58,90,0,0,40.2084
1,59,90,0,0,40.2091
1,60,90,0,0,40.2098
1,61,90,0,0,40.2107
1,62,90,0,0,40.2116
1,63,90,0,0,40.2126
1,64,90,0,1.68188e-05,40.2138
1,65,90,0,0,40.2123
1,66,90,0,0,40.211
1,67,90,0,0,40.2098
1,68,90,0,0,40.2087
1,69,90,0,0,40.2076
1,70,90,0,0,40.2067
1,71,90,0,0,40.2058
1,72,90,0,0,40.205
1,73,90,0,0,40.2043
1,74,90,0,0,40.2036
1,75,90,0,0,40.203
1,76,90,0,0,40.2023
1,77,90,0,0,40.2017
1,78,90,0,0,40.2011
1,79,90,0,0,40.2004
1,80,90,0,0,40.1997
1,81,90,0,0,40.199
1,82,90,0,0,40.1982
1,83,90,0,0,40.1973
1,84,90,0,0,40.1965
1,85,90,0,0,40.1956
1,86,90,0,0,40.1947
1,87,90,0,0,40.1939
1,88,90,0,0,40.193
1,89,90,0,0,40.1922
1,90,90,0,0,40.1914
1,91,90,0,0,40.1906
1,92,90,0,0,40.1898
1,93,90,0,0,40.1889
1,94,90,0,0,40.1881
1,95,90,0,0,40.1872
1,96,90,0,0,40.1863
1,97,90,0,0,40.1855
1,98,90,0,0,40.1847
1,99,90,0,0,40.1839
1,100,90,0,0,40.1831
1,101,90,0,0,40.1824
1,102,90,0,0,40.1818
1,103,90,0,0,40.1811
1,104,90,0,0,40.1804
1,105,90,0,0,40.1797
1,106,90,0,0,40.1789
1,107,90,0,0,40.1781
1,108,90,0,0,40.1773
1,109,90,0,0,40.1764
1,110,90,0,0,40.1755
1,111,90,0,0,40.1746
1,112,90,0,0,40.1737
1,113,90,0,0,40.1729
1,114,90,0,0,40.1721
1,115,90,0,0,40.1714
1,116,90,0,0,40.1708
1,117,90,0,0,40.1702
1,118,90,0,0,40.1697
1,119,90,0,0,40.1692
1,120,90,0,0,40.1688
1,121,90,0,0,40.1684
1,122,90,0,0,40.168
1,123,90,0,0,40.1676
1,124,90,0,0,40.1673
1,125,90,0,0,40.167
1,126,90,0,0,40.1667
1,127,90,0,0,40.1665
1,0,91,0,1.68188e-05,40.2426
1,1,91,0,0,40.2405
1,2,91,0,0,40.2387
1,3,91,0,0,40.237
1,4,91,0,0,40.2356
1,5,91,0,0,40.2342
1,6,91,0,0,40.233
1,7,91,0,0,40.2318
1,8,91,0,0,40.2307
1,9,91,0,0,40.2296
1,10,91,0,0,40.2286
1,11,91,0,0,40.2276
1,12,91,0,0,40.2267
1,13,91,0,0,40.2257
1,14,91,0,0,40.2248
1,15,91,0,0,40.224
1,16,91,0,0,40.2231
1,17,91,0,0,40.2222
1,18,91,0,0,40.2214
1,19,91,0,0,40.2206
1,20,91,0,0,40.2198
1,21,91,0,0,40.2191
1,22,91,0,0,40.2184
1,23,91,0,0,40.2177
1,24,91,0,0,40.2171
1,25,91,0,0,40.2164
1,26,91,0,0,40.2157
1,27,91,0,0,40.2148
1,28,91,0,0,40.214
1,29,91,0,0,40.2131
1,30,91,0,0,40.2122
1,31,91,0,0,40.2115
1,32,91,0,0,40.2108
1,33,91,0,0,40.2102
1,34,91,0,0,40.2096
1,35,91,0,0,40.2091
1,36,91,0,0,40.2086
1,37,91,0,0,40.2081
1,38,91,0,0,40.2076
1,39,91,0,0,40.2072
1,40,91,0,0,40.2067
1,41,91,0,0,40.2062
1,42,91,0,0,40.2058
1,43,91,0,0,40.2055
1,44,91,0,0,40.2052
1,45,91,0,0,40.205
1,46,91,0,0,40.2048
1,47,91,0,0,40.2047
1,48,91,0,0,40.2047
1,49,91,0,0,40.2047
1,50,91,0,0,40.2049
1,51,91,0,0,40.2051
1,52,91,0,0,40.2054
1,53,91,0,0,40.2058
1,54,91,0,0,40.2064
1,55,91,0,0,40.2069
1,56,91,0,0,40.2075
1,57,91,0,0,40.2081
1,58,91,0,0,40.2088
1,59,91,0,0,40.2095
1,60,91,0,0,40.2102
1,61,91,0,0,40.2111
1,62,91,0,0,40.212
1,63,91,0,0,40.2131
1,64,91,0,1.68188e-05,40.2143
1,65,91,0,0,40.2129
1,66,91,0,0,40.2116
1,67,91,0,0,40.2105
1,68,91,0,0,40.2094
1,69,91,0,0,40.2084
1,70,91,0,0,40.2075
1,71,91,0,0,40.2066
1,72,91,0,0,40.2059
1,73,91,0,0,40.2052
1,74,91,0,0,40.2046
1,75,91,0,0,40.204
1,76,91,0,0,40.2035
1,77,91,0,0,40.203
1,78,91,0,0,40.2024
1,79,91,0,0,40.2018
1,80,91,0,0,40.2011
1,81,91,0,0,40.2003
1,82,91,0,0,40.1995
1,83,91,0,0,40.1986
1,84,91,0,0,40.1977
1,85,91,0,0,40.1969
1,86,91,0,0,40.196
1,87,91,0,0,40.1951
1,88,91,0,0,40.1943
1,89,91,0,0,40.1934
1,90,91,0,0,40.1926
1,91,91,0,0,40.1918
1,92,91,0,0,40.191
1,93,91,0,0,40.1901
1,94,91,0,0,40.1892
1,95,91,0,0,40.1883
1,96,91,0,0,40.1873
1,97,91,0,0,40.1864
1,98,91,0,0,40.1854
1,99,91,0,0,40.1846
1,100,91,0,0,40.1838
1,101,91,0,0,40.183
1,102,91,0,0,40.1824
1,103,91,0,0,40.1817
1,104,91,0,0,40.181
1,105,91,0,0,40.1803
1,106,91,0,0,40.1796
1,107,91,0,0,40.1788
1,108,91,0,0,40.1779
1,109,91,0,0,40.177
1,110,91,0,0,40.176
1,111,91,0,0,40.1751
1,112,91,0,0,40.1741
1,113,91,0,0,40.1732
1,114,91,0,0,40.1725
1,115,91,0,0,40.1717
1,116,91,0,0,40.1711
1,117,91,0,0,40.1706
1,118,91,0,0,40.1701
1,119,91,0,0,40.1696
1,120,91,0,0,40.1692
1,121,91,0,0,40.1689
1,122,91,0,0,40.1685
1,123,91,0,0,40.1681
1,124,91,0,0,40.1678
1,125,91,0,0,40.1674
1,126,91,0,0,40.1671
1,127,91,0,0,40.1669
1,0,92,0,1.68188e-05,40.243
1,1,92,0,0,40.241
1,2,92,0,0,40.2392
1,3,92,0,0,40.2376
1,4,92,0,0,40.2362
1,5,92,0,0,40.2349
1,6,92,0,0,40.2336
1,7,92,0,0,40.2324
1,8,92,0,0,40.2313
1,9,92,0,0,40.2302
1,10,92,0,0,40.2291
1,11,92,0,0,40.2281
1,12,92,0,0,40.2272
1,13,92,0,0,40.2263
1,14,92,0,0,40.2254
1,15,92,0,0,40.2245
1,16,92,0,0,40.2237
1,17,92,0,0,40.2228
1,18,92,0,0,40.222
1,19,92,0,0,40.2212
1,20,92,0,0,40.2204
1,21,92,0,0,40.2197
1,22,92,0,0,40.2191
1,23,92,0,0,40.2186
1,24,92,0,0,40.218
1,25,92,0,0,40.2175
1,26,92,0,0,40.2168
1,27,92,0,0,40.2159
1,28,92,0,0,40.215
1,29,92,0,0,40.214
1,30,92,0,0,40.213
1,31,92,0,0,40.2122
1,32,92,0,0,40.2115
1,33,92,0,0,40.211
1,34,92,0,0,40.2105
1,35,92,0,0,40.21
1,36,92,0,0,40.2096
1,37,92,0,0,40.2091
1,38,92,0,0,40.2086
1,39,92,0,0,40.2081
1,40,92,0,0,40.2076
1,41,92,0,0,40.2072
1,42,92,0,0,40.2067
1,43,92,0,0,40.2064
1,44,92,0,0,40.2061
1,45,92,0,0,40.2059
1,46,92,0,0,40.2057
1,47,92,0,0,40.2056
1,48,92,0,0,40.2055
1,49,92,0,0,40.2055
1,50,92,0,0,40.2056
1,51,92,0,0,40.2059
1,52,92,0,0,40.2063
1,53,92,0,0,40.2067
1,54,92,0,0,40.2073
1,55,92,0,0,40.208
1,56,92,0,0,40.2086
1,57,92,0,0,40.2093
1,58,92,0,0,40.2099
1,59,92,0,0,40.2106
1,60,92,0,0,40.2113
1,61,92,0,0,40.2121
1,62,92,0,0,40.2131
1,63,92,0,0,40.2143
1,64,92,0,1.68188e-05,40.2155
1,65,92,0,0,40.2142
1,66,92,0,0,40.213
1,67,92,0,0,40.2118
1,68,92,0,0,40.2108
1,69,92,0,0,40.2098
1,70,92,0,0,40.209
1,71,92,0,0,40.2082
1,72,92,0,0,40.2075
1,73,92,0,0,40.2069
1,74,92,0,0,40.2063
1,75,92,0,0,40.2059
1,76,92,0,0,40.2054
1,77,92,0,0,40.205
1,78,92,0,0,40.2045
1,79,92,0,0,40.2039
1,80,92,0,0,40.2033
1,81,92,0,0,40.2025
1,82,92,0,0,40.2016
1,83,92,0,0,40.2007
1,84,92,0,0,40.1998
1,85,92,0,0,40.1988
1,86,92,0,0,40.1979
1,87,92,0,0,40.1971
1,88,92,0,0,40.1962
1,89,92,0,0,40.1954
1,90,92,0,0,40.1946
1,91,92,0,0,40.1938
1,92,92,0,0,40.193
1,93,92,0,0,40.1921
1,94,92,0,0,40.1911
1,95,92,0,0,40.19
1,96,92,0,0,40.1889
1,97,92,0,0,40.1879
1,98,92,0,0,40.1869
1,99,92,0,0,40.1859
1,100,92,0,0,40.185
1,101,92,0,0,40.1843
1,102,92,0,0,40.1836
1,103,92,0,0,40.183
1,104,92,0,0,40.1824
1,105,92,0,0,40.1817
1,106,92,0,0,40.181
1,107,92,0,0,40.1802
1,108,92,0,0,40.1793
1,109,92,0,0,40.1783
1,110,92,0,0,40.1772
1,111,92,0,0,40.1761
1,112,92,0,0,40.1751
1,113,92,0,0,40.1741
1,114,92,0,0,40.1733
1,115,92,0,0,40.1726
1,116,92,0,0,40.172
1,117,92,0,0,40.1715
1,118,92,0,0,40.171
1,119,92,0,0,40.1706
1,120,92,0,0,40.1703
1,121,92,0,0,40.17
1,122,92,0,0,40.1696
1,123,92,0,0,40.1693
1,124,92,0,0,40.1689
1,125,92,0,0,40.1685
1,126,92,0,0,40.1681
1,127,92,0,0,40.1678
1,0,93,0,1.68188e-05,40.2441
1,1,93,0,0,40.2421
1,2,93,0,0,40.2404
1,3,93,0,0,40.2389
1,4,93,0,0,40.2375
1,5,93,0,0,40.2363
1,6,93,0,0,40.2351
1,7,93,0,0,40.2339
1,8,93,0,0,40.2327
1,9,93,0,0,40.2316
1,10,93,0,0,40.2305
1,11,93,0,0,40.2295
1,12,93,0,0,40.2285
1,13,93,0,0,40.2276
1,14,93,0,0,40.2268
1,15,93,0,0,40.226
1,16,93,0,0,40.2251
1,17,93,0,0,40.2243
1,18,93,0,0,40.2234
1,19,93,0,0,40.2226
1,20,93,0,0,40.2218
1,21,93,0,0,40.2212
1,22,93,0,0,40.2206
1,23,93,0,0,40.2202
1,24,93,0,0,40.2199
1,25,93,0,0,40.2195
1,26,93,0,0,40.2188
1,27,93,0,0,40.2179
1,28,93,0,0,40.2168
1,29,93,0,0,40.2156
1,30,93,0,0,40.2145
1,31,93,0,0,40.2137
1,32,93,0,0,40.213
1,33,93,0,0,40.2125
1,34,93,0,0,40.2121
1,35,93,0,0,40.2117
1,36,93,0,0,40.2114
1,37,93,0,0,40.2109
1,38,93,0,0,40.2104
1,39,93,0,0,40.2099
1,40,93,0,0,40.2094
1,41,93,0,0,40.2088
1,42,93,0,0,40.2083
1,43,93,0,0,40.208
1,44,93,0,0,40.2077
1,45,93,0,0,40.2075
1,46,93,0,0,40.2073
1,47,93,0,0,40.2072
1,48,93,0,0,40.2071
1,49,93,0,0,40.207
1,50,93,0,0,40.2071
1,51,93,0,0,40.2073
1,52,93,0,0,40.2077
1,53,93,0,0,40.2083
1,54,93,0,0,40.209
1,55,93,0,0,40.2098
1,56,93,0,0,40.2105
1,57,93,0,0,40.2112
1,58,93,0,0,40.2118
1,59,93,0,0,40.2124
1,60,93,0,0,40.2131
1,61,93,0,0,40.2139
1,62,93,0,0,40.2149
1,63,93,0,0,40.2161
1,64,93,0,1.68188e-05,40.2175
1,65,93,0,0,40.2162
1,66,93,0,0,40.215
1,67,93,0,0,40.2139
1,68,93,0,0,40.2129
1,69,93,0,0,40.212
1,70,93,0,0,40.2112
1,71,93,0,0,40.2104
1,72,93,0,0,40.2097
1,73,93,0,0,40.2092
1,74,93,0,0,40.2088
1,75,93,0,0,40.2085
1,76,93,0,0,40.2082
1,77,93,0,0,40.2079
1,78,93,0,0,40.2075
1,79,93,0,0,40.207
1,80,93,0,0,40.2063
1,81,93,0,0,40.2055
1,82,93,0,0,40.2045
1,83,93,0,0,40.2035
1,84,93,0,0,40.2025
1,85,93,0,0,40.2016
1,86,93,0,0,40.2006
1,87,93,0,0,40.1997
1,88,93,0,0,40.1989
1,89,93,0,0,40.1981
1,90,93,0,0,40.1973
1,91,93,0,0,40.1966
1,92,93,0,0,40.1958
1,93,93,0,0,40.1949
1,94,93,0,0,40.1938
1,95,93,0,0,40.1925
1,96,93,0,0,40.1913
1,97,93,0,0,40.1901
1,98,93,0,0,40.1889
1,99,93,0,0,40.1878
1,100,93,0,0,40.1869
1,101,93,0,0,40.1861
1,102,93,0,0,40.1855
1,103,93,0,0,40.185
1,104,93,0,0,40.1845
1,105,93,0,0,40.1839
1,106,93,0,0,40.1832
1,107,93,0,0,40.1824
1,108,93,0,0,40.1814
1,109,93,0,0,40.1803
1,110,93,0,0,40.1791
1,111,93,0,0,40.1778
1,112,93,0,0,40.1766
1,113,93,0,0,40.1756
1,114,93,0,0,40.1748
1,115,93,0,0,40.174
1,116,93,0,0,40.1734
1,117,93,0,0,40.1729
1,118,93,0,0,40.1725
1,119,93,0,0,40.1722
1,120,93,0,0,40.1719
1,121,93,0,0,40.1717
1,122,93,0,0,40.1714
1,123,93,0,0,40.1711
1,124,93,0,0,40.1706
1,125,93,0,0,40.1701
1,126,93,0,0,40.1696
1,127,93,0,0,40.1692
1,0,94,0,1.68188e-05,40.2457
1,1,94,0,0,40.244
1,2,94,0,0,40.2425
1,3,94,0,0,40.241
1,4,94,0,0,40.2397
1,5,94,0,0,40.2386
1,6,94,0,0,40.2374
1,7,94,0,0,40.2362
1,8,94,0,0,40.2349
1,9,94,0,0,40.2337
1,10,94,0,0,40.2327
1,11,94,0,0,40.2317
1,12,94,0,0,40.2307
1,13,94,0,0,40.2298
1,14,94,0,0,40.2291
1,15,94,0,0,40.2283
1,16,94,0,0,40.2275
1,17,94,0,0,40.2266
1,18,94,0,0,40.2257
1,19,94,0,0,40.2247
1,20,94,0,0,40.2239
1,21,94,0,0,40.2233
1,22,94,0,0,40.2229
1,23,94,0,0,40.2227
1,24,94,0,0,40.2226
1,25,94,0,0,40.2225
1,26,94,0,0,40.222
1,27,94,0,0,40.2209
1,28,94,0,0,40.2195
1,29,94,0,0,40.218
1,30,94,0,0,40.2167
1,31,94,0,0,40.2157
1,32,94,0,0,40.2151
1,33,94,0,0,40.2146
1,34,94,0,0,40.2144
1,35,94,0,0,40.2143
1,36,94,0,0,40.2141
1,37,94,0,0,40.2136
1,38,94,0,0,40.213
1,39,94,0,0,40.2125
1,40,94,0,0,40.2119
1,41,94,0,0,40.2112
1,42,94,0,0,40.2106
1,43,94,0,0,40.2103
1,44,94,0,0,40.2101
1,45,94,0,0,40.2099
1,46,94,0,0,40.2096
1,47,94,0,0,40.2095
1,48,94,0,0,40.2093
1,49,94,0,0,40.2091
1,50,94,0,0,40.2092
1,51,94,0,0,40.2094
1,52,94,0,0,40.2098
1,53,94,0,0,40.2106
1,54,94,0,0,40.2115
1,55,94,0,0,40.2124
1,56,94,0,0,40.2132
1,57,94,0,0,40.214
1,58,94,0,0,40.2145
1,59,94,0,0,40.2149
1,60,94,0,0,40.2155
1,61,94,0,0,40.2164
1,62,94,0,0,40.2174
1,63,94,0,0,40.2186
1,64,94,0,1.68188e-05,40.2201
1,65,94,0,0,40.219
1,66,94,0,0,40.2179
1,67,94,0,0,40.2168
1,68,94,0,0,40.2158
1,69,94,0,0,40.2149
1,70,94,0,0,40.2141
1,71,94,0,0,40.2134
1,72,94,0,0,40.2127
1,73,94,0,0,40.2122
1,74,94,0,0,40.212
1,75,94,0,0,40.2119
1,76,94,0,0,40.2117
1,77,94,0,0,40.2116
1,78,94,0,0,40.2115
1,79,94,0,0,40.2111
1,80,94,0,0,40.2104
1,81,94,0,0,40.2094
1,82,94,0,0,40.2082
1,83,94,0,0,40.2072
1,84,94,0,0,40.2061
1,85,94,0,0,40.205
1,86,94,0,0,40.2041
1,87,94,0,0,40.2032
1,88,94,0,0,40.2023
1,89,94,0,0,40.2015
1,90,94,0,0,40.2007
1,91,94,0,0,40.2001
1,92,94,0,0,40.1996
1,93,94,0,0,40.1986
1,94,94,0,0,40.1973
1,95,94,0,0,40.1958
1,96,94,0,0,40.1943
1,97,94,0,0,40.193
1,98,94,0,0,40.1916
1,99,94,0,0,40.1903
1,100,94,0,0,40.1893
1,101,94,0,0,40.1885
1,102,94,0,0,40.188
1,103,94,0,0,40.1877
1,104,94,0,0,40.1873
1,105,94,0,0,40.1868
1,106,94,0,0,40.1862
1,107,94,0,0,40.1855
1,108,94,0,0,40.1844
1,109,94,0,0,40.1832
1,110,94,0,0,40.1816
1,111,94,0,0,40.18
1,112,94,0,0,40.1786
1,113,94,0,0,40.1775
1,114,94,0,0,40.1767
1,115,94,0,0,40.176
1,116,94,0,0,40.1754
1,117,94,0,0,40.1749
1,118,94,0,0,40.1746
1,119,94,0,0,40.1744
1,120,94,0,0,40.1742
1,121,94,0,0,40.1741
1,122,94,0,0,40.174
1,123,94,0,0,40.1736
1,124,94,0,0,40.173
1,125,94,0,0,40.1723
1,126,94,0,0,40.1717
1,127,94,0,0,40.1711
1,0,95,0,1.68188e-05,40.2481
1,1,95,0,0,40.2466
1,2,95,0,0,40.2454
1,3,95,0,0,40.2439
1,4,95,0,0,40.2427
1,5,95,0,0,40.2419
1,6,95,0,0,40.2407
1,7,95,0,0,40.2394
1,8,95,0,0,40.238
1,9,95,0,0,40.2366
1,10,95,0,0,40.2358
1,11,95,0,0,40.2348
1,12,95,0,0,40.2336
1,13,95,0,0,40.2327
1,14,95,0,0,40.2322
1,15,95,0,0,40.2316
1,16,95,0,0,40.2307
1,17,95,0,0,40.2298
1,18,95,0,0,40.2289
1,19,95,0,0,40.2275
1,20,95,0,0,40.2266
1,21,95,0,0,40.2262
1,22,95,0,0,40.2257
1,23,95,0,0,40.2259
1,24,95,0,0,40.2262
1,25,95,0,0,40.2269
1,26,95,0,0,40.2266
1,27,95,0,0,40.2251
1,28,95,0,0,40.2232
1,29,95,0,0,40.221
1,30,95,0,0,40.2193
1,31,95,0,0,40.2183
1,32,95,0,0,40.2178
1,33,95,0,0,40.2175
1,34,95,0,0,40.2174
1,35,95,0,0,40.2179
1,36,95,0,0,40.2177
1,37,95,0,0,40.2174
1,38,95,0,0,40.2164
1,39,95,0,0,40.216
1,40,95,0,0,40.2153
1,41,95,0,0,40.2142
1,42,95,0,0,40.2135
1,43,95,0,0,40.2132
1,44,95,0,0,40.2133
1,45,95,0,0,40.213
1,46,95,0,0,40.2127
1,47,95,0,0,40.2129
1,48,95,0,0,40.2123
1,49,95,0,0,40.2118
1,50,95,0,0,40.2119
1,51,95,0,0,40.2122
1,52,95,0,0,40.2124
1,53,95,0,0,40.2134
1,54,95,0,0,40.2148
1,55,95,0,0,40.2159
1,56,95,0,0,40.217
1,57,95,0,0,40.2178
1,58,95,0,0,40.2182
1,59,95,0,0,40.2182
1,60,95,0,0,40.2186
1,61,95,0,0,40.2195
1,62,95,0,0,40.2204
1,63,95,0,0,40.2217
1,64,95,0,1.68188e-05,40.2236
1,65,95,0,0,40.2227
1,66,95,0,0,40.2216
1,67,95,0,0,40.2203
1,68,95,0,0,40.2194
1,69,95,0,0,40.2186
1,70,95,0,0,40.2179
1,71,95,0,0,40.2172
1,72,95,0,0,40.2164
1,73,95,0,0,40.2157
1,74,95,0,0,40.2158
1,75,95,0,0,40.2163
1,76,95,0,0,40.2161
1,77,95,0,0,40.2161
1,78,95,0,0,40.2165
1,79,95,0,0,40.2163
1,80,95,0,0,40.2157
1,81,95,0,0,40.2142
1,82,95,0,0,40.2127
1,83,95,0,0,40.2116
1,84,95,0,0,40.2105
1,85,95,0,0,40.2092
1,86,95,0,0,40.2082
1,87,95,0,0,40.2074
1,88,95,0,0,40.2064
1,89,95,0,0,40.2056
1,90,95,0,0,40.2048
1,91,95,0,0,40.2045
1,92,95,0,0,40.2045
1,93,95,0,0,40.2036
1,94,95,0,0,40.2018
1,95,95,0,0,40.1999
1,96,95,0,0,40.198
1,97,95,0,0,40.1967
1,98,95,0,0,40.1949
1,99,95,0,0,40.1934
1,100,95,0,0,40.1922
1,101,95,0,0,40.1914
1,102,95,0,0,40.1911
1,103,95,0,0,40.1912
1,104,95,0,0,40.1911
1,105,95,0,0,40.1904
1,106,95,0,0,40.19
1,107,95,0,0,40.1896
1,108,95,0,0,40.1884
1,109,95,0,0,40.187
1,110,95,0,0,40.185
1,111,95,0,0,40.1828
1,112,95,0,0,40.181
1,113,95,0,0,40.1799
1,114,95,0,0,40.1792
1,115,95,0,0,40.1786
1,116,95,0,0,40.178
1,117,95,0,0,40.1775
1,118,95,0,0,40.1772
1,119,95,0,0,40.1772
1,120,95,0,0,40.1771
1,121,95,0,0,40.1773
1,122,95,0,0,40.1774
1,123,95,0,0,40.1771
1,124,95,0,0,40.1763
1,125,95,0,0,40.1752
1,126,95,0,0,40.1744
1,127,95,0,0,40.1736
1,0,96,0,7.96988e-05,40.2518
1,1,96,0,2.43e-05,40.2498
1,2,96,0,6e-05,40.2496
1,3,96,0,3.573e-05,40.2476
1,4,96,0,2.9655e-05,40.2462
1,5,96,0,6e-05,40.2465
1,6,96,0,5.286e-05,40.2453
1,7,96,0,4.428e-05,40.2436
1,8,96,0,2.892e-05,40.242
1,9,96,0,1.12575e-05,40.24
1,10,96,0,3.858e-05,40.2402
1,11,96,0,4.002e-05,40.2389
1,12,96,0,1.7865e-05,40.2371
1,13,96,0,1.572e-05,40.2362
1,14,96,0,3.7875e-05,40.2365
1,15,96,0,3.66075e-05,40.2359
1,16,96,0,3.714e-05,40.2349
1,17,96,0,3.144e-05,40.2339
1,18,96,0,6.11025e-05,40.2334
1,19,96,0,3e-05,40.2308
1,20,96,0,2.286e-05,40.2298
1,21,96,0,5.856e-05,40.2302
1,22,96,0,2.43e-05,40.2289
1,23,96,0,4.44825e-05,40.2298
1,24,96,0,2.91075e-05,40.2302
1,25,96,0,9.432e-05,40.2334
1,26,96,0,8.3205e-05,40.2333
1,27,96,0,6e-05,40.2306
1,28,96,0,4.78875e-05,40.2281
1,29,96,0,3e-05,40.2245
1,30,96,0,1.6065e-05,40.222
1,31,96,0,2.23125e-05,40.2212
1,32,96,0,4.146e-05,40.2214
1,33,96,0,3.1785e-05,40.2209
1,34,96,0,1.87425e-05,40.2207
1,35,96,0,7.002e-05,40.2229
1,36,96,0,3.858e-05,40.2225
1,37,96,0,6.45e-05,40.2226
1,38,96,0,1.9635e-05,40.2202
1,39,96,0,3.714e-05,40.2204
1,40,96,0,6.069e-05,40.2202
1,41,96,0,2.6775e-05,40.2177
1,42,96,0,3.288e-05,40.2169
1,43,96,0,1.572e-05,40.2165
1,44,96,0,5.43e-05,40.2178
1,45,96,0,3.98175e-05,40.2171
1,46,96,0,1.428e-05,40.216
1,47,96,0,7.572e-05,40.2178
1,48,96,0,3.714e-05,40.2161
1,49,96,0,7.14e-06,40.2147
1,50,96,0,2.286e-05,40.2153
1,51,96,0,3.57e-05,40.2157
1,52,96,0,1.428e-05,40.2151
1,53,96,0,2.856e-05,40.2168
1,54,96,0,4.96425e-05,40.2192
1,55,96,0,3e-05,40.2203
1,56,96,0,3.594e-05,40.2218
1,57,96,0,4.572e-05,40.2229
1,58,96,0,5.6445e-05,40.2232
1,59,96,0,2.286e-05,40.2219
1,60,96,0,7.14e-06,40.2218
1,61,96,0,3.858e-05,40.2237
1,62,96,0,1.716e-05,40.224
1,63,96,0,1.428e-05,40.2252
1,64,96,0,4.82588e-05,40.2278
1,65,96,0,4.46475e-05,40.2277
1,66,96,0,4.428e-05,40.2264
1,67,96,0,2.05275e-05,40.2243
1,68,96,0,3.89475e-05,40.2238
1,69,96,0,3.714e-05,40.2231
1,70,96,0,4.23525e-05,40.2227
1,71,96,0,5.142e-05,40.2219
1,72,96,0,3.8925e-05,40.2207
1,73,96,0,2.55375e-05,40.2195
1,74,96,0,3e-05,40.22
1,75,96,0,8.718e-05,40.2224
1,76,96,0,3.9465e-05,40.2212
1,77,96,0,3.18075e-05,40.2211
1,78,96,0,6.2355e-05,40.2231
1,79,96,0,4.428e-05,40.2229
1,80,96,0,7.359e-05,40.2227
1,81,96,0,4.572e-05,40.22
1,82,96,0,3.357e-05,40.2176
1,83,96,0,5.3205e-05,40.217
1,84,96,0,5.286e-05,40.2158
1,85,96,0,3.48375e-05,40.2141
1,86,96,0,3.714e-05,40.213
1,87,96,0,5.2515e-05,40.2127
1,88,96,0,4.0365e-05,40.2112
1,89,96,0,5.286e-05,40.2106
1,90,96,0,1.7505e-05,40.2091
1,91,96,0,3e-05,40.2094
1,92,96,0,7.86e-05,40.2111
1,93,96,0,8.18175e-05,40.2103
1,94,96,0,4.17975e-05,40.2071
1,95,96,0,4.215e-05,40.2048
1,96,96,0,1.428e-05,40.2018
1,97,96,0,5.25225e-05,40.2018
1,98,96,0,2.142e-05,40.1988
1,99,96,0,2.142e-05,40.1968
1,100,96,0,2.001e-05,40.1955
1,101,96,0,1.66125e-05,40.1945
1,102,96,0,3.1785e-05,40.1947
1,103,96,0,4.284e-05,40.1956
1,104,96,0,5.574e-05,40.1962
1,105,96,0,1.716e-05,40.1947
1,106,96,0,2.142e-05,40.1946
1,107,96,0,4.716e-05,40.1951
1,108,96,0,2.8215e-05,40.1936
1,109,96,0,3.858e-05,40.192
1,110,96,0,3.57e-05,40.1893
1,111,96,0,1.785e-05,40.1859
1,112,96,0,1.428e-05,40.1835
1,113,96,0,2.142e-05,40.1826
1,114,96,0,3e-05,40.1823
1,115,96,0,3e-05,40.1818
1,116,96,0,3.714e-05,40.1813
1,117,96,0,2.53725e-05,40.1805
1,118,96,0,2.142e-05,40.1802
1,119,96,0,3.144e-05,40.1807
1,120,96,0,2.1075e-05,40.1805
1,121,96,0,2.499e-05,40.1811
1,122,96,0,3.858e-05,40.182
1,123,96,0,3.714e-05,40.1819
1,124,96,0,3.714e-05,40.1804
1,125,96,0,2.01825e-05,40.1784
1,126,96,0,3.144e-05,40.1777
1,127,96,0,5.31975e-05,40.1772
1,0,97,0,6.25388e-05,40.2494
1,1,97,0,4.308e-05,40.2484
1,2,97,0,3.03675e-05,40.2469
1,3,97,0,4.143e-05,40.2458
1,4,97,0,2.73225e-05,40.2442
1,5,97,0,4.29e-05,40.2439
1,6,97,0,3.144e-05,40.2425
1,7,97,0,2.574e-05,40.2416
1,8,97,0,8.25e-05,40.2425
1,9,97,0,3.44625e-05,40.2402
1,10,97,0,7.8105e-05,40.2407
1,11,97,0,2.76675e-05,40.238
1,12,97,0,6.2175e-05,40.2379
1,13,97,0,5.19675e-05,40.2369
1,14,97,0,5.46375e-05,40.2365
1,15,97,0,5.00025e-05,40.2355
1,16,97,0,3.82125e-05,40.2341
1,17,97,0,6e-05,40.2334
1,18,97,0,3.7875e-05,40.2312
1,19,97,0,7.14e-06,40.2283
1,20,97,0,4.87425e-05,40.2286
1,21,97,0,2.19675e-05,40.2273
1,22,97,0,2.142e-05,40.2267
1,23,97,0,4.69575e-05,40.2278
1,24,97,0,2.37525e-05,40.2275
1,25,97,0,3e-05,40.2288
1,26,97,0,6.14325e-05,40.2298
1,27,97,0,1.572e-05,40.2271
1,28,97,0,7.66125e-05,40.227
1,29,97,0,1.87425e-05,40.2229
1,30,97,0,3.44625e-05,40.2213
1,31,97,0,3.62475e-05,40.2204
1,32,97,0,3e-05,40.2197
1,33,97,0,3.6795e-05,40.2196
1,34,97,0,2.9655e-05,40.2194
1,35,97,0,2.43e-05,40.22
1,36,97,0,5.6085e-05,40.2213
1,37,97,0,3.98175e-05,40.2205
1,38,97,0,2.3205e-05,40.2191
1,39,97,0,6.82425e-05,40.2202
1,40,97,0,3.927e-05,40.2183
1,41,97,0,1.6065e-05,40.2159
1,42,97,0,2.43e-05,40.2155
1,43,97,0,5.142e-05,40.2164
1,44,97,0,3.5355e-05,40.2162
1,45,97,0,4.73025e-05,40.2161
1,46,97,0,2.856e-05,40.2149
1,47,97,0,2.2155e-05,40.2146
1,48,97,0,2.286e-05,40.2144
1,49,97,0,5.286e-05,40.2154
1,50,97,0,5.43e-05,40.2159
1,51,97,0,4.878e-05,40.2155
1,52,97,0,7.14e-06,40.2139
1,53,97,0,3.144e-05,40.2157
1,54,97,0,3.32175e-05,40.2178
1,55,97,0,5.286e-05,40.2202
1,56,97,0,5.643e-05,40.2219
1,57,97,0,5.37525e-05,40.2224
1,58,97,0,2.9295e-05,40.2216
1,59,97,0,3.144e-05,40.2216
1,60,97,0,5.6415e-05,40.223
1,61,97,0,4.572e-05,40.2238
1,62,97,0,4.6065e-05,40.2248
1,63,97,0,4.572e-05,40.226
1,64,97,0,6.10987e-05,40.2279
1,65,97,0,5.61075e-05,40.2274
1,66,97,0,4.284e-05,40.2257
1,67,97,0,4.25325e-05,40.2241
1,68,97,0,4.39125e-05,40.2232
1,69,97,0,3.3915e-05,40.222
1,70,97,0,5.34075e-05,40.2217
1,71,97,0,1.51725e-05,40.2196
1,72,97,0,4.6815e-05,40.2196
1,73,97,0,2.87625e-05,40.2183
1,74,97,0,2.73225e-05,40.2182
1,75,97,0,2.1075e-05,40.2187
1,76,97,0,3.78675e-05,40.2195
1,77,97,0,2.55525e-05,40.2199
1,78,97,0,6.39525e-05,40.2225
1,79,97,0,7.716e-05,40.2231
1,80,97,0,5.379e-05,40.2213
1,81,97,0,4.428e-05,40.2187
1,82,97,0,2.643e-05,40.2162
1,83,97,0,4.12575e-05,40.2153
1,84,97,0,2.0535e-05,40.2137
1,85,97,0,5.23425e-05,40.2135
1,86,97,0,3.10725e-05,40.2119
1,87,97,0,4.7505e-05,40.2113
1,88,97,0,2.2515e-05,40.2094
1,89,97,0,2.43e-05,40.2088
1,90,97,0,5.9655e-05,40.2095
1,91,97,0,4.8195e-05,40.209
1,92,97,0,3.288e-05,40.2081
1,93,97,0,2.82225e-05,40.207
1,94,97,0,3.7875e-05,40.2057
1,95,97,0,4.929e-05,40.2041
1,96,97,0,1.572e-05,40.2013
1,97,97,0,7.03575e-05,40.2019
1,98,97,0,3.714e-05,40.199
1,99,97,0,2.73225e-05,40.1968
1,100,97,0,4.857e-05,40.1961
1,101,97,0,2.91075e-05,40.1943
1,102,97,0,1.2495e-05,40.1933
1,103,97,0,2.856e-05,40.1941
1,104,97,0,3.858e-05,40.1951
1,105,97,0,5.166e-05,40.1956
1,106,97,0,5.43e-05,40.1958
1,107,97,0,5.802e-05,40.1959
1,108,97,0,6.8925e-05,40.195
1,109,97,0,5.286e-05,40.1925
1,110,97,0,4.428e-05,40.1894
1,111,97,0,2.787e-05,40.1858
1,112,97,0,1.572e-05,40.183
1,113,97,0,1.572e-05,40.1817
1,114,97,0,2.96325e-05,40.1816
1,115,97,0,2.856e-05,40.1808
1,116,97,0,8.58e-06,40.1795
1,117,97,0,2.8035e-05,40.1797
1,118,97,0,2.43e-05,40.1797
1,119,97,0,4.002e-05,40.1805
1,120,97,0,3.0345e-05,40.1804
1,121,97,0,3.927e-05,40.1812
1,122,97,0,4.33875e-05,40.182
1,123,97,0,7.572e-05,40.1828
1,124,97,0,3e-05,40.1798
1,125,97,0,2.12475e-05,40.1776
1,126,97,0,2.142e-05,40.1764
1,127,97,0,2.7855e-05,40.1754
1,0,98,0,1.68188e-05,40.2426
1,1,98,0,0,40.2413
1,2,98,0,1.0725e-06,40.2399
1,3,98,0,0,40.2386
1,4,98,0,4.4625e-06,40.2375
1,5,98,0,0,40.2364
1,6,98,0,0,40.2352
1,7,98,0,0,40.2344
1,8,98,0,0,40.2339
1,9,98,0,0,40.2329
1,10,98,0,6.435e-06,40.2325
1,11,98,0,8.925e-07,40.231
1,12,98,0,0,40.2302
1,13,98,0,8.925e-07,40.2295
1,14,98,0,7.5075e-06,40.2291
1,15,98,0,1.197e-05,40.2284
1,16,98,0,7.5075e-06,40.2271
1,17,98,0,0,40.2256
1,18,98,0,5.3625e-06,40.2242
1,19,98,0,0,40.2225
1,20,98,0,9.8175e-06,40.2221
1,21,98,0,8.925e-07,40.2209
1,22,98,0,0,40.2203
1,23,98,0,0,40.2204
1,24,98,0,0,40.2204
1,25,98,0,0,40.2207
1,26,98,0,5.3625e-06,40.2208
1,27,98,0,0,40.2195
1,28,98,0,0,40.2185
1,29,98,0,2.6775e-06,40.2166
1,30,98,0,8.925e-07,40.2152
1,31,98,0,0,40.2142
1,32,98,0,0,40.2136
1,33,98,0,0,40.2133
1,34,98,0,4.4625e-06,40.2134
1,35,98,0,0,40.2134
1,36,98,0,5.355e-06,40.2139
1,37,98,0,4.4625e-06,40.2135
1,38,98,0,0,40.2127
1,39,98,0,3.2175e-06,40.2125
1,40,98,0,0,40.2114
1,41,98,0,0,40.2102
1,42,98,0,0,40.2097
1,43,98,0,0,40.2098
1,44,98,0,1.785e-06,40.2097
1,45,98,0,0,40.2094
1,46,98,0,0,40.2089
1,47,98,0,2.145e-06,40.2088
1,48,98,0,0,40.2087
1,49,98,0,0,40.209
1,50,98,0,0,40.2092
1,51,98,0,0,40.2092
1,52,98,0,0,40.2091
1,53,98,0,0,40.2101
1,54,98,0,0,40.2115
1,55,98,0,0,40.2132
1,56,98,0,1.071e-05,40.2148
1,57,98,0,6.2475e-06,40.2153
1,58,98,0,0,40.2152
1,59,98,0,0,40.2155
1,60,98,0,2.145e-06,40.2165
1,61,98,0,0,40.2174
1,62,98,0,5.355e-06,40.2186
1,63,98,0,0,40.2196
1,64,98,0,1.68188e-05,40.2212
1,65,98,0,2.145e-06,40.2202
1,66,98,0,0,40.2187
1,67,98,0,0,40.2174
1,68,98,0,0,40.2164
1,69,98,0,1.785e-06,40.2155
1,70,98,0,0,40.2147
1,71,98,0,6.2475e-06,40.2138
1,72,98,0,0,40.213
1,73,98,0,0,40.2123
1,74,98,0,2.6775e-06,40.2121
1,75,98,0,1.785e-06,40.2123
1,76,98,0,6.9675e-06,40.2129
1,77,98,0,0,40.2131
1,78,98,0,9.6525e-06,40.2143
1,79,98,0,7.14e-06,40.2142
1,80,98,0,0,40.2128
1,81,98,0,0,40.2111
1,82,98,0,0,40.2095
1,83,98,0,2.6775e-06,40.2086
1,84,98,0,9.465e-06,40.2077
1,85,98,0,0,40.2066
1,86,98,0,7.5075e-06,40.2057
1,87,98,0,0,40.2045
1,88,98,0,0,40.2033
1,89,98,0,0,40.2026
1,90,98,0,0,40.2023
1,91,98,0,1.785e-06,40.2018
1,92,98,0,0,40.201
1,93,98,0,0,40.2001
1,94,98,0,7.5075e-06,40.1991
1,95,98,0,0,40.1975
1,96,98,0,0,40.1958
1,97,98,0,0,40.1948
1,98,98,0,0,40.1932
1,99,98,0,2.6775e-06,40.1917
1,100,98,0,0,40.1905
1,101,98,0,0,40.1894
1,102,98,0,0,40.1887
1,103,98,0,0,40.1887
1,104,98,0,0,40.1889
1,105,98,0,0,40.189
1,106,98,0,0,40.189
1,107,98,0,7.68e-06,40.1889
1,108,98,0,0,40.1876
1,109,98,0,0,40.1857
1,110,98,0,0,40.1835
1,111,98,0,0,40.1811
1,112,98,0,0,40.1791
1,113,98,0,0,40.1779
1,114,98,0,7.5075e-06,40.1774
1,115,98,0,0,40.1763
1,116,98,0,0,40.1755
1,117,98,0,8.925e-07,40.1752
1,118,98,0,0,40.1751
1,119,98,0,0,40.1753
1,120,98,0,0,40.1753
1,121,98,0,0,40.1756
1,122,98,0,8.925e-07,40.1758
1,123,98,0,0,40.1756
1,124,98,0,0,40.1743
1,125,98,0,4.29e-06,40.1732
1,126,98,0,0,40.172
1,127,98,0,7.5075e-06,40.1713
1,0,99,0,1.68188e-05,40.2369
1,1,99,0,0,40.2352
1,2,99,0,0,40.2336
1,3,99,0,0,40.2322
1,4,99,0,0,40.2309
1,5,99,0,0,40.2298
1,6,99,0,0,40.2287
1,7,99,0,0,40.2277
1,8,99,0,0,40.2269
1,9,99,0,0,40.226
1,10,99,0,0,40.2252
1,11,99,0,0,40.2241
1,12,99,0,0,40.2233
1,13,99,0,0,40.2225
1,14,99,0,0,40.2218
1,15,99,0,0,40.221
1,16,99,0,0,40.2199
1,17,99,0,0,40.2187
1,18,99,0,0,40.2175
1,19,99,0,0,40.2164
1,20,99,0,0,40.2156
1,21,99,0,0,40.2148
1,22,99,0,0,40.2142
1,23,99,0,0,40.2139
1,24,99,0,0,40.2137
1,25,99,0,0,40.2136
1,26,99,0,0,40.2133
1,27,99,0,0,40.2125
1,28,99,0,0,40.2115
1,29,99,0,0,40.2104
1,30,99,0,0,40.2093
1,31,99,0,0,40.2085
1,32,99,0,0,40.2079
1,33,99,0,0,40.2076
1,34,99,0,0,40.2074
1,35,99,0,0,40.2073
1,36,99,0,0,40.2073
1,37,99,0,0,40.207
1,38,99,0,0,40.2065
1,39,99,0,0,40.2061
1,40,99,0,0,40.2054
1,41,99,0,0,40.2047
1,42,99,0,0,40.2043
1,43,99,0,0,40.2041
1,44,99,0,0,40.2039
1,45,99,0,0,40.2037
1,46,99,0,0,40.2034
1,47,99,0,0,40.2033
1,48,99,0,0,40.2033
1,49,99,0,0,40.2034
1,50,99,0,0,40.2036
1,51,99,0,0,40.2038
1,52,99,0,0,40.2041
1,53,99,0,0,40.2048
1,54,99,0,0,40.2059
1,55,99,0,0,40.207
1,56,99,0,0,40.2081
1,57,99,0,0,40.2088
1,58,99,0,0,40.2092
1,59,99,0,0,40.2098
1,60,99,0,0,40.2106
1,61,99,0,0,40.2115
1,62,99,0,0,40.2126
1,63,99,0,0,40.2137
1,64,99,0,1.68188e-05,40.2151
1,65,99,0,0,40.2139
1,66,99,0,0,40.2126
1,67,99,0,0,40.2114
1,68,99,0,0,40.2103
1,69,99,0,0,40.2094
1,70,99,0,0,40.2085
1,71,99,0,0,40.2077
1,72,99,0,0,40.207
1,73,99,0,0,40.2065
1,74,99,0,0,40.2062
1,75,99,0,0,40.2062
1,76,99,0,0,40.2063
1,77,99,0,0,40.2064
1,78,99,0,0,40.2066
1,79,99,0,0,40.2063
1,80,99,0,0,40.2054
1,81,99,0,0,40.2043
1,82,99,0,0,40.2032
1,83,99,0,0,40.2022
1,84,99,0,0,40.2013
1,85,99,0,0,40.2003
1,86,99,0,0,40.1994
1,87,99,0,0,40.1985
1,88,99,0,0,40.1975
1,89,99,0,0,40.1968
1,90,99,0,0,40.1962
1,91,99,0,0,40.1956
1,92,99,0,0,40.1948
1,93,99,0,0,40.1939
1,94,99,0,0,40.1929
1,95,99,0,0,40.1917
1,96,99,0,0,40.1904
1,97,99,0,0,40.1892
1,98,99,0,0,40.1879
1,99,99,0,0,40.1867
1,100,99,0,0,40.1857
1,101,99,0,0,40.1848
1,102,99,0,0,40.1841
1,103,99,0,0,40.1838
1,104,99,0,0,40.1836
1,105,99,0,0,40.1834
1,106,99,0,0,40.1831
1,107,99,0,0,40.1826
1,108,99,0,0,40.1816
1,109,99,0,0,40.1801
1,110,99,0,0,40.1784
1,111,99,0,0,40.1767
1,112,99,0,0,40.1752
1,113,99,0,0,40.174
1,114,99,0,0,40.1731
1,115,99,0,0,40.1723
1,116,99,0,0,40.1716
1,117,99,0,0,40.1712
1,118,99,0,0,40.171
1,119,99,0,0,40.1708
1,120,99,0,0,40.1708
1,121,99,0,0,40.1707
1,122,99,0,0,40.1706
1,123,99,0,0,40.1702
1,124,99,0,0,40.1695
1,125,99,0,0,40.1686
1,126,99,0,0,40.1678
1,127,99,0,0,40.1672
1,0,100,0,1.68188e-05,40.2318
1,1,100,0,0,40.2299
1,2,100,0,0,40.2282
1,3,100,0,0,40.2266
1,4,100,0,0,40.2252
1,5,100,0,0,40.224
1,6,100,0,0,40.2228
1,7,100,0,0,40.2218
1,8,100,0,0,40.2208
1,9,100,0,0,40.2199
1,10,100,0,0,40.219
1,11,100,0,0,40.218
1,12,100,0,0,40.2171
1,13,100,0,0,40.2163
1,14,100,0,0,40.2155
1,15,100,0,0,40.2146
1,16,100,0,0,40.2137
1,17,100,0,0,40.2126
1,18,100,0,0,40.2116
1,19,100,0,0,40.2107
1,20,100,0,0,40.2099
1,21,100,0,0,40.2092
1,22,100,0,0,40.2086
1,23,100,0,0,40.2082
1,24,100,0,0,40.2079
1,25,100,0,0,40.2075
1,26,100,0,0,40.2071
1,27,100,0,0,40.2064
1,28,100,0,0,40.2057
1,29,100,0,0,40.2048
1,30,100,0,0,40.204
1,31,100,0,0,40.2033
1,32,100,0,0,40.2028
1,33,100,0,0,40.2024
1,34,100,0,0,40.2022
1,35,100,0,0,40.202
1,36,100,0,0,40.2018
1,37,100,0,0,40.2015
1,38,100,0,0,40.2012
1,39,100,0,0,40.2007
1,40,100,0,0,40.2003
1,41,100,0,0,40.1998
1,42,100,0,0,40.1994
1,43,100,0,0,40.1992
1,44,100,0,0,40.199
1,45,100,0,0,40.1988
1,46,100,0,0,40.1986
1,47,100,0,0,40.1985
1,48,100,0,0,40.1986
1,49,100,0,0,40.1987
1,50,100,0,0,40.1988
1,51,100,0,0,40.1991
1,52,100,0,0,40.1995
1,53,100,0,0,40.2001
1,54,100,0,0,40.2009
1,55,100,0,0,40.2017
1,56,100,0,0,40.2026
1,57,100,0,0,40.2033
1,58,100,0,0,40.2039
1,59,100,0,0,40.2046
1,60,100,0,0,40.2054
1,61,100,0,0,40.2063
1,62,100,0,0,40.2073
1,63,100,0,0,40.2085
1,64,100,0,1.68188e-05,40.2098
1,65,100,0,0,40.2085
1,66,100,0,0,40.2073
1,67,100,0,0,40.2061
1,68,100,0,0,40.205
1,69,100,0,0,40.2041
1,70,100,0,0,40.2032
1,71,100,0,0,40.2024
1,72,100,0,0,40.2018
1,73,100,0,0,40.2012
1,74,100,0,0,40.2009
1,75,100,0,0,40.2006
1,76,100,0,0,40.2005
1,77,100,0,0,40.2004
1,78,100,0,0,40.2002
1,79,100,0,0,40.1999
1,80,100,0,0,40.1992
1,81,100,0,0,40.1983
1,82,100,0,0,40.1974
1,83,100,0,0,40.1965
1,84,100,0,0,40.1957
1,85,100,0,0,40.1948
1,86,100,0,0,40.194
1,87,100,0,0,40.1932
1,88,100,0,0,40.1923
1,89,100,0,0,40.1916
1,90,100,0,0,40.191
1,91,100,0,0,40.1903
1,92,100,0,0,40.1895
1,93,100,0,0,40.1886
1,94,100,0,0,40.1877
1,95,100,0,0,40.1866
1,96,100,0,0,40.1855
1,97,100,0,0,40.1845
1,98,100,0,0,40.1834
1,99,100,0,0,40.1824
1,100,100,0,0,40.1814
1,101,100,0,0,40.1806
1,102,100,0,0,40.1799
1,103,100,0,0,40.1795
1,104,100,0,0,40.1791
1,105,100,0,0,40.1787
1,106,100,0,0,40.1782
1,107,100,0,0,40.1776
1,108,100,0,0,40.1766
1,109,100,0,0,40.1755
1,110,100,0,0,40.1741
1,111,100,0,0,40.1728
1,112,100,0,0,40.1715
1,113,100,0,0,40.1705
1,114,100,0,0,40.1696
1,115,100,0,0,40.1688
1,116,100,0,0,40.1682
1,117,100,0,0,40.1677
1,118,100,0,0,40.1673
1,119,100,0,0,40.167
1,120,100,0,0,40.1668
1,121,100,0,0,40.1666
1,122,100,0,0,40.1663
1,123,100,0,0,40.1659
1,124,100,0,0,40.1653
1,125,100,0,0,40.1647
1,126,100,0,0,40.1642
1,127,100,0,0,40.1637
1,0,101,0,1.68188e-05,40.2273
1,1,101,0,0,40.2252
1,2,101,0,0,40.2234
1,3,101,0,0,40.2218
1,4,101,0,0,40.2203
1,5,101,0,0,40.219
1,6,101,0,0,40.2178
1,7,101,0,0,40.2166
1,8,101,0,0,40.2156
1,9,101,0,0,40.2146
1,10,101,0,0,40.2136
1,11,101,0,0,40.2127
1,12,101,0,0,40.2118
1,13,101,0,0,40.2109
1,14,101,0,0,40.2101
1,15,101,0,0,40.2092
1,16,101,0,0,40.2083
1,17,101,0,0,40.2074
1,18,101,0,0,40.2065
1,19,101,0,0,40.2057
1,20,101,0,0,40.2049
1,21,101,0,0,40.2042
1,22,101,0,0,40.2037
1,23,101,0,0,40.2032
1,24,101,0,0,40.2028
1,25,101,0,0,40.2024
1,26,101,0,0,40.2019
1,27,101,0,0,40.2013
1,28,101,0,0,40.2007
1,29,101,0,0,40.2
1,30,101,0,0,40.1994
1,31,101,0,0,40.1988
1,32,101,0,0,40.1983
1,33,101,0,0,40.198
1,34,101,0,0,40.1977
1,35,101,0,0,40.1974
1,36,101,0,0,40.1972
1,37,101,0,0,40.1969
1,38,101,0,0,40.1966
1,39,101,0,0,40.1962
1,40,101,0,0,40.1959
1,41,101,0,0,40.1955
1,42,101,0,0,40.1952
1,43,101,0,0,40.195
1,44,101,0,0,40.1948
1,45,101,0,0,40.1946
1,46,101,0,0,40.1945
1,47,101,0,0,40.1945
1,48,101,0,0,40.1945
1,49,101,0,0,40.1946
1,50,101,0,0,40.1948
1,51,101,0,0,40.195
1,52,101,0,0,40.1954
1,53,101,0,0,40.1959
1,54,101,0,0,40.1965
1,55,101,0,0,40.1972
1,56,101,0,0,40.198
1,57,101,0,0,40.1986
1,58,101,0,0,40.1993
1,59,101,0,0,40.2
1,60,101,0,0,40.2009
1,61,101,0,0,40.2018
1,62,101,0,0,40.2028
1,63,101,0,0,40.204
1,64,101,0,1.68188e-05,40.2052
1,65,101,0,0,40.2039
1,66,101,0,0,40.2026
1,67,101,0,0,40.2015
1,68,101,0,0,40.2004
1,69,101,0,0,40.1995
1,70,101,0,0,40.1986
1,71,101,0,0,40.1978
1,72,101,0,0,40.1972
1,73,101,0,0,40.1966
1,74,101,0,0,40.1961
1,75,101,0,0,40.1958
1,76,101,0,0,40.1955
1,77,101,0,0,40.1952
1,78,101,0,0,40.1949
1,79,101,0,0,40.1945
1,80,101,0,0,40.1939
1,81,101,0,0,40.1932
1,82,101,0,0,40.1924
1,83,101,0,0,40.1916
1,84,101,0,0,40.1909
1,85,101,0,0,40.1901
1,86,101,0,0,40.1893
1,87,101,0,0,40.1886
1,88,101,0,0,40.1878
1,89,101,0,0,40.1871
1,90,101,0,0,40.1864
1,91,101,0,0,40.1857
1,92,101,0,0,40.185
1,93,101,0,0,40.1842
1,94,101,0,0,40.1833
1,95,101,0,0,40.1824
1,96,101,0,0,40.1814
1,97,101,0,0,40.1805
1,98,101,0,0,40.1795
1,99,101,0,0,40.1786
1,100,101,0,0,40.1777
1,101,101,0,0,40.177
1,102,101,0,0,40.1763
1,103,101,0,0,40.1757
1,104,101,0,0,40.1752
1,105,101,0,0,40.1747
1,106,101,0,0,40.1742
1,107,101,0,0,40.1735
1,108,101,0,0,40.1726
1,109,101,0,0,40.1716
1,110,101,0,0,40.1706
1,111,101,0,0,40.1695
1,112,101,0,0,40.1684
1,113,101,0,0,40.1674
1,114,101,0,0,40.1666
1,115,101,0,0,40.1658
1,116,101,0,0,40.1652
1,117,101,0,0,40.1647
1,118,101,0,0,40.1642
1,119,101,0,0,40.1638
1,120,101,0,0,40.1635
1,121,101,0,0,40.1631
1,122,101,0,0,40.1628
1,123,101,0,0,40.1624
1,124,101,0,0,40.1619
1,125,101,0,0,40.1614
1,126,101,0,0,40.161
1,127,101,0,0,40.1606
1,0,102,0,1.68188e-05,40.2233
1,1,102,0,0,40.2212
1,2,102,0,0,40.2193
1,3,102,0,0,40.2176
1,4,102,0,0,40.2161
1,5,102,0,0,40.2147
1,6,102,0,0,40.2134
1,7,102,0,0,40.2122
1,8,102,0,0,40.2111
1,9,102,0,0,40.2101
1,10,102,0,0,40.2091
1,11,102,0,0,40.2082
1,12,102,0,0,40.2072
1,13,102,0,0,40.2063
1,14,102,0,0,40.2055
1,15,102,0,0,40.2046
1,16,102,0,0,40.2038
1,17,102,0,0,40.2029
1,18,102,0,0,40.2021
1,19,102,0,0,40.2013
1,20,102,0,0,40.2006
1,21,102,0,0,40.2
1,22,102,0,0,40.1994
1,23,102,0,0,40.1989
1,24,102,0,0,40.1985
1,25,102,0,0,40.198
1,26,102,0,0,40.1976
1,27,102,0,0,40.1971
1,28,102,0,0,40.1965
1,29,102,0,0,40.196
1,30,102,0,0,40.1954
1,31,102,0,0,40.1949
1,32,102,0,0,40.1945
1,33,102,0,0,40.1942
1,34,102,0,0,40.1938
1,35,102,0,0,40.1936
1,36,102,0,0,40.1933
1,37,102,0,0,40.1931
1,38,102,0,0,40.1928
1,39,102,0,0,40.1925
1,40,102,0,0,40.1922
1,41,102,0,0,40.1919
1,42,102,0,0,40.1916
1,43,102,0,0,40.1914
1,44,102,0,0,40.1913
1,45,102,0,0,40.1911
1,46,102,0,0,40.1911
1,47,102,0,0,40.191
1,48,102,0,0,40.1911
1,49,102,0,0,40.1912
1,50,102,0,0,40.1913
1,51,102,0,0,40.1916
1,52,102,0,0,40.1919
1,53,102,0,0,40.1924
1,54,102,0,0,40.1929
1,55,102,0,0,40.1935
1,56,102,0,0,40.1941
1,57,102,0,0,40.1948
1,58,102,0,0,40.1955
1,59,102,0,0,40.1962
1,60,102,0,0,40.197
1,61,102,0,0,40.1979
1,62,102,0,0,40.1989
1,63,102,0,0,40.2001
1,64,102,0,1.68188e-05,40.2013
1,65,102,0,0,40.2
1,66,102,0,0,40.1987
1,67,102,0,0,40.1975
1,68,102,0,0,40.1965
1,69,102,0,0,40.1955
1,70,102,0,0,40.1947
1,71,102,0,0,40.1939
1,72,102,0,0,40.1932
1,73,102,0,0,40.1926
1,74,102,0,0,40.1921
1,75,102,0,0,40.1916
1,76,102,0,0,40.1912
1,77,102,0,0,40.1909
1,78,102,0,0,40.1905
1,79,102,0,0,40.19
1,80,102,0,0,40.1894
1,81,102,0,0,40.1888
1,82,102,0,0,40.1881
1,83,102,0,0,40.1875
1,84,102,0,0,40.1868
1,85,102,0,0,40.1861
1,86,102,0,0,40.1854
1,87,102,0,0,40.1847
1,88,102,0,0,40.184
1,89,102,0,0,40.1834
1,90,102,0,0,40.1827
1,91,102,0,0,40.182
1,92,102,0,0,40.1813
1,93,102,0,0,40.1805
1,94,102,0,0,40.1797
1,95,102,0,0,40.1789
1,96,102,0,0,40.178
1,97,102,0,0,40.1771
1,98,102,0,0,40.1763
1,99,102,0,0,40.1754
1,100,102,0,0,40.1746
1,101,102,0,0,40.1739
1,102,102,0,0,40.1732
1,103,102,0,0,40.1726
1,104,102,0,0,40.1721
1,105,102,0,0,40.1715
1,106,102,0,0,40.1709
1,107,102,0,0,40.1702
1,108,102,0,0,40.1694
1,109,102,0,0,40.1686
1,110,102,0,0,40.1676
1,111,102,0,0,40.1667
1,112,102,0,0,40.1658
1,113,102,0,0,40.1649
1,114,102,0,0,40.1641
1,115,102,0,0,40.1634
1,116,102,0,0,40.1627
1,117,102,0,0,40.1622
1,118,102,0,0,40.1617
1,119,102,0,0,40.1612
1,120,102,0,0,40.1608
1,121,102,0,0,40.1604
1,122,102,0,0,40.1599
1,123,102,0,0,40.1595
1,124,102,0,0,40.1591
1,125,102,0,0,40.1587
1,126,102,0,0,40.1583
1,127,102,0,0,40.158
1,0,103,0,1.68188e-05,40.22
1,1,103,0,0,40.2178
1,2,103,0,0,40.2159
1,3,103,0,0,40.2141
1,4,103,0,0,40.2125
1,5,103,0,0,40.2111
1,6,103,0,0,40.2098
1,7,103,0,0,40.2086
1,8,103,0,0,40.2074
1,9,103,0,0,40.2064
1,10,103,0,0,40.2053
1,11,103,0,0,40.2044
1,12,103,0,0,40.2034
1,13,103,0,0,40.2025
1,14,103,0,0,40.2016
1,15,103,0,0,40.2008
1,16,103,0,0,40.2
1,17,103,0,0,40.1992
1,18,103,0,0,40.1984
1,19,103,0,0,40.1977
1,20,103,0,0,40.197
1,21,103,0,0,40.1964
1,22,103,0,0,40.1959
1,23,103,0,0,40.1954
1,24,103,0,0,40.1949
1,25,103,0,0,40.1945
1,26,103,0,0,40.194
1,27,103,0,0,40.1935
1,28,103,0,0,40.1931
1,29,103,0,0,40.1926
1,30,103,0,0,40.1922
1,31,103,0,0,40.1917
1,32,103,0,0,40.1914
1,33,103,0,0,40.191
1,34,103,0,0,40.1907
1,35,103,0,0,40.1905
1,36,103,0,0,40.1902
1,37,103,0,0,40.19
1,38,103,0,0,40.1897
1,39,103,0,0,40.1895
1,40,103,0,0,40.1892
1,41,103,0,0,40.189
1,42,103,0,0,40.1888
1,43,103,0,0,40.1886
1,44,103,0,0,40.1885
1,45,103,0,0,40.1883
1,46,103,0,0,40.1883
1,47,103,0,0,40.1883
1,48,103,0,0,40.1883
1,49,103,0,0,40.1884
1,50,103,0,0,40.1885
1,51,103,0,0,40.1888
1,52,103,0,0,40.1891
1,53,103,0,0,40.1895
1,54,103,0,0,40.1899
1,55,103,0,0,40.1904
1,56,103,0,0,40.191
1,57,103,0,0,40.1916
1,58,103,0,0,40.1923
1,59,103,0,0,40.193
1,60,103,0,0,40.1938
1,61,103,0,0,40.1947
1,62,103,0,0,40.1957
1,63,103,0,0,40.1968
1,64,103,0,1.68188e-05,40.1981
1,65,103,0,0,40.1967
1,66,103,0,0,40.1954
1,67,103,0,0,40.1943
1,68,103,0,0,40.1932
1,69,103,0,0,40.1922
1,70,103,0,0,40.1914
1,71,103,0,0,40.1906
1,72,103,0,0,40.1899
1,73,103,0,0,40.1892
1,74,103,0,0,40.1887
1,75,103,0,0,40.1882
1,76,103,0,0,40.1877
1,77,103,0,0,40.1873
1,78,103,0,0,40.1868
1,79,103,0,0,40.1863
1,80,103,0,0,40.1858
1,81,103,0,0,40.1852
1,82,103,0,0,40.1846
1,83,103,0,0,40.184
1,84,103,0,0,40.1834
1,85,103,0,0,40.1828
1,86,103,0,0,40.1822
1,87,103,0,0,40.1815
1,88,103,0,0,40.1809
1,89,103,0,0,40.1803
1,90,103,0,0,40.1796
1,91,103,0,0,40.179
1,92,103,0,0,40.1783
1,93,103,0,0,40.1776
1,94,103,0,0,40.1768
1,95,103,0,0,40.176
1,96,103,0,0,40.1753
1,97,103,0,0,40.1745
1,98,103,0,0,40.1737
1,99,103,0,0,40.1729
1,100,103,0,0,40.1722
1,101,103,0,0,40.1714
1,102,103,0,0,40.1708
1,103,103,0,0,40.1702
1,104,103,0,0,40.1696
1,105,103,0,0,40.169
1,106,103,0,0,40.1683
1,107,103,0,0,40.1677
1,108,103,0,0,40.167
1,109,103,0,0,40.1662
1,110,103,0,0,40.1654
1,111,103,0,0,40.1646
1,112,103,0,0,40.1638
1,113,103,0,0,40.163
1,114,103,0,0,40.1622
1,115,103,0,0,40.1615
1,116,103,0,0,40.1608
1,117,103,0,0,40.1602
1,118,103,0,0,40.1597
1,119,103,0,0,40.1591
1,120,103,0,0,40.1586
1,121,103,0,0,40.1582
1,122,103,0,0,40.1577
1,123,103,0,0,40.1573
1,124,103,0,0,40.1568
1,125,103,0,0,40.1564
1,126,103,0,0,40.1561
1,127,103,0,0,40.1559
1,0,104,0,1.68188e-05,40.2172
1,1,104,0,0,40.215
1,2,104,0,0,40.2131
1,3,104,0,0,40.2113
1,4,104,0,0,40.2097
1,5,104,0,0,40.2082
1,6,104,0,0,40.2069
1,7,104,0,0,40.2056
1,8,104,0,0,40.2044
1,9,104,0,0,40.2033
1,10,104,0,0,40.2023
1,11,104,0,0,40.2013
1,12,104,0,0,40.2003
1,13,104,0,0,40.1994
1,14,104,0,0,40.1985
1,15,104,0,0,40.1977
1,16,104,0,0,40.1969
1,17,104,0,0,40.1961
1,18,104,0,0,40.1954
1,19,104,0,0,40.1947
1,20,104,0,0,40.1941
1,21,104,0,0,40.1935
1,22,104,0,0,40.193
1,23,104,0,0,40.1925
1,24,104,0,0,40.1921
1,25,104,0,0,40.1916
1,26,104,0,0,40.1912
1,27,104,0,0,40.1908
1,28,104,0,0,40.1904
1,29,104,0,0,40.19
1,30,104,0,0,40.1896
1,31,104,0,0,40.1892
1,32,104,0,0,40.1889
1,33,104,0,0,40.1886
1,34,104,0,0,40.1883
1,35,104,0,0,40.188
1,36,104,0,0,40.1878
1,37,104,0,0,40.1876
1,38,104,0,0,40.1874
1,39,104,0,0,40.1872
1,40,104,0,0,40.1869
1,41,104,0,0,40.1868
1,42,104,0,0,40.1866
1,43,104,0,0,40.1864
1,44,104,0,0,40.1863
1,45,104,0,0,40.1862
1,46,104,0,0,40.1861
1,47,104,0,0,40.1861
1,48,104,0,0,40.1862
1,49,104,0,0,40.1862
1,50,104,0,0,40.1864
1,51,104,0,0,40.1866
1,52,104,0,0,40.1868
1,53,104,0,0,40.1872
1,54,104,0,0,40.1876
1,55,104,0,0,40.1881
1,56,104,0,0,40.1886
1,57,104,0,0,40.1892
1,58,104,0,0,40.1898
1,59,104,0,0,40.1905
1,60,104,0,0,40.1913
1,61,104,0,0,40.1922
1,62,104,0,0,40.1932
1,63,104,0,0,40.1943
1,64,104,0,1.68188e-05,40.1955
1,65,104,0,0,40.1941
1,66,104,0,0,40.1928
1,67,104,0,0,40.1916
1,68,104,0,0,40.1906
1,69,104,0,0,40.1896
1,70,104,0,0,40.1887
1,71,104,0,0,40.1879
1,72,104,0,0,40.1872
1,73,104,0,0,40.1865
1,74,104,0,0,40.1859
1,75,104,0,0,40.1854
1,76,104,0,0,40.1849
1,77,104,0,0,40.1844
1,78,104,0,0,40.1839
1,79,104,0,0,40.1834
1,80,104,0,0,40.1829
1,81,104,0,0,40.1823
1,82,104,0,0,40.1818
1,83,104,0,0,40.1813
1,84,104,0,0,40.1807
1,85,104,0,0,40.1802
1,86,104,0,0,40.1796
1,87,104,0,0,40.179
1,88,104,0,0,40.1785
1,89,104,0,0,40.1779
1,90,104,0,0,40.1773
1,91,104,0,0,40.1766
1,92,104,0,0,40.176
1,93,104,0,0,40.1753
1,94,104,0,0,40.1746
1,95,104,0,0,40.1739
1,96,104,0,0,40.1732
1,97,104,0,0,40.1724
1,98,104,0,0,40.1717
1,99,104,0,0,40.171
1,100,104,0,0,40.1703
1,101,104,0,0,40.1696
1,102,104,0,0,40.1689
1,103,104,0,0,40.1683
1,104,104,0,0,40.1677
1,105,104,0,0,40.1671
1,106,104,0,0,40.1665
1,107,104,0,0,40.1658
1,108,104,0,0,40.1652
1,109,104,0,0,40.1645
1,110,104,0,0,40.1638
1,111,104,0,0,40.163
1,112,104,0,0,40.1623
1,113,104,0,0,40.1616
1,114,104,0,0,40.1608
1,115,104,0,0,40.1601
1,116,104,0,0,40.1595
1,117,104,0,0,40.1588
1,118,104,0,0,40.1582
1,119,104,0,0,40.1576
1,120,104,0,0,40.1571
1,121,104,0,0,40.1566
1,122,104,0,0,40.156
1,123,104,0,0,40.1556
1,124,104,0,0,40.1551
1,125,104,0,0,40.1547
1,126,104,0,0,40.1544
1,127,104,0,0,40.1542
1,0,105,0,1.68188e-05,40.2151
1,1,105,0,0,40.2128
1,2,105,0,0,40.2109
1,3,105,0,0,40.2091
1,4,105,0,0,40.2075
1,5,105,0,0,40.206
1,6,105,0,0,40.2046
1,7,105,0,0,40.2033
1,8,105,0,0,40.2022
1,9,105,0,0,40.201
1,10,105,0,0,40.1999
1,11,105,0,0,40.1989
1,12,105,0,0,40.198
1,13,105,0,0,40.197
1,14,105,0,0,40.1961
1,15,105,0,0,40.1953
1,16,105,0,0,40.1945
1,17,105,0,0,40.1938
1,18,105,0,0,40.1931
1,19,105,0,0,40.1925
1,20,105,0,0,40.1919
1,21,105,0,0,40.1913
1,22,105,0,0,40.1908
1,23,105,0,0,40.1903
1,24,105,0,0,40.1899
1,25,105,0,0,40.1895
1,26,105,0,0,40.1891
1,27,105,0,0,40.1887
1,28,105,0,0,40.1884
1,29,105,0,0,40.188
1,30,105,0,0,40.1877
1,31,105,0,0,40.1874
1,32,105,0,0,40.1871
1,33,105,0,0,40.1868
1,34,105,0,0,40.1865
1,35,105,0,0,40.1863
1,36,105,0,0,40.1861
1,37,105,0,0,40.1859
1,38,105,0,0,40.1857
1,39,105,0,0,40.1855
1,40,105,0,0,40.1854
1,41,105,0,0,40.1852
1,42,105,0,0,40.1851
1,43,105,0,0,40.1849
1,44,105,0,0,40.1848
1,45,105,0,0,40.1847
1,46,105,0,0,40.1847
1,47,105,0,0,40.1847
1,48,105,0,0,40.1847
1,49,105,0,0,40.1847
1,50,105,0,0,40.1848
1,51,105,0,0,40.185
1,52,105,0,0,40.1852
1,53,105,0,0,40.1855
1,54,105,0,0,40.1859
1,55,105,0,0,40.1863
1,56,105,0,0,40.1868
1,57,105,0,0,40.1874
1,58,105,0,0,40.188
1,59,105,0,0,40.1887
1,60,105,0,0,40.1894
1,61,105,0,0,40.1903
1,62,105,0,0,40.1912
1,63,105,0,0,40.1923
1,64,105,0,1.68188e-05,40.1935
1,65,105,0,0,40.1921
1,66,105,0,0,40.1908
1,67,105,0,0,40.1896
1,68,105,0,0,40.1886
1,69,105,0,0,40.1876
1,70,105,0,0,40.1867
1,71,105,0,0,40.1859
1,72,105,0,0,40.1852
1,73,105,0,0,40.1845
1,74,105,0,0,40.1838
1,75,105,0,0,40.1832
1,76,105,0,0,40.1827
1,77,105,0,0,40.1822
1,78,105,0,0,40.1816
1,79,105,0,0,40.1811
1,80,105,0,0,40.1806
1,81,105,0,0,40.1802
1,82,105,0,0,40.1797
1,83,105,0,0,40.1792
1,84,105,0,0,40.1787
1,85,105,0,0,40.1782
1,86,105,0,0,40.1777
1,87,105,0,0,40.1772
1,88,105,0,0,40.1767
1,89,105,0,0,40.1762
1,90,105,0,0,40.1756
1,91,105,0,0,40.175
1,92,105,0,0,40.1744
1,93,105,0,0,40.1738
1,94,105,0,0,40.1731
1,95,105,0,0,40.1724
1,96,105,0,0,40.1718
1,97,105,0,0,40.1711
1,98,105,0,0,40.1704
1,99,105,0,0,40.1697
1,100,105,0,0,40.169
1,101,105,0,0,40.1683
1,102,105,0,0,40.1677
1,103,105,0,0,40.167
1,104,105,0,0,40.1664
1,105,105,0,0,40.1658
1,106,105,0,0,40.1652
1,107,105,0,0,40.1646
1,108,105,0,0,40.164
1,109,105,0,0,40.1634
1,110,105,0,0,40.1628
1,111,105,0,0,40.1621
1,112,105,0,0,40.1615
1,113,105,0,0,40.1608
1,114,105,0,0,40.1601
1,115,105,0,0,40.1594
1,116,105,0,0,40.1587
1,117,105,0,0,40.158
1,118,105,0,0,40.1573
1,119,105,0,0,40.1567
1,120,105,0,0,40.1561
1,121,105,0,0,40.1555
1,122,105,0,0,40.1549
1,123,105,0,0,40.1544
1,124,105,0,0,40.154
1,125,105,0,0,40.1536
1,126,105,0,0,40.1532
1,127,105,0,0,40.153
1,0,106,0,1.68188e-05,40.2134
1,1,106,0,0,40.2113
1,2,106,0,0,40.2093
1,3,106,0,0,40.2075
1,4,106,0,0,40.2059
1,5,106,0,0,40.2044
1,6,106,0,0,40.2031
1,7,106,0,0,40.2018
1,8,106,0,0,40.2006
1,9,106,0,0,40.1994
1,10,106,0,0,40.1983
1,11,106,0,0,40.1973
1,12,106,0,0,40.1963
1,13,106,0,0,40.1953
1,14,106,0,0,40.1944
1,15,106,0,0,40.1936
1,16,106,0,0,40.1928
1,17,106,0,0,40.1921
1,18,106,0,0,40.1915
1,19,106,0,0,40.1909
1,20,106,0,0,40.1903
1,21,106,0,0,40.1898
1,22,106,0,0,40.1893
1,23,106,0,0,40.1888
1,24,106,0,0,40.1884
1,25,106,0,0,40.188
1,26,106,0,0,40.1877
1,27,106,0,0,40.1873
1,28,106,0,0,40.187
1,29,106,0,0,40.1867
1,30,106,0,0,40.1865
1,31,106,0,0,40.1862
1,32,106,0,0,40.1859
1,33,106,0,0,40.1857
1,34,106,0,0,40.1855
1,35,106,0,0,40.1853
1,36,106,0,0,40.1851
1,37,106,0,0,40.1849
1,38,106,0,0,40.1847
1,39,106,0,0,40.1846
1,40,106,0,0,40.1845
1,41,106,0,0,40.1843
1,42,106,0,0,40.1842
1,43,106,0,0,40.1841
1,44,106,0,0,40.184
1,45,106,0,0,40.1839
1,46,106,0,0,40.1839
1,47,106,0,0,40.1838
1,48,106,0,0,40.1838
1,49,106,0,0,40.1839
1,50,106,0,0,40.1839
1,51,106,0,0,40.1841
1,52,106,0,0,40.1843
1,53,106,0,0,40.1845
1,54,106,0,0,40.1848
1,55,106,0,0,40.1852
1,56,106,0,0,40.1857
1,57,106,0,0,40.1862
1,58,106,0,0,40.1868
1,59,106,0,0,40.1874
1,60,106,0,0,40.1882
1,61,106,0,0,40.189
1,62,106,0,0,40.1899
1,63,106,0,0,40.191
1,64,106,0,1.68188e-05,40.1921
1,65,106,0,0,40.1907
1,66,106,0,0,40.1894
1,67,106,0,0,40.1883
1,68,106,0,0,40.1872
1,69,106,0,0,40.1862
1,70,106,0,0,40.1853
1,71,106,0,0,40.1845
1,72,106,0,0,40.1838
1,73,106,0,0,40.1831
1,74,106,0,0,40.1824
1,75,106,0,0,40.1818
1,76,106,0,0,40.1812
1,77,106,0,0,40.1806
1,78,106,0,0,40.1801
1,79,106,0,0,40.1796
1,80,106,0,0,40.1791
1,81,106,0,0,40.1787
1,82,106,0,0,40.1782
1,83,106,0,0,40.1778
1,84,106,0,0,40.1774
1,85,106,0,0,40.177
1,86,106,0,0,40.1766
1,87,106,0,0,40.1761
1,88,106,0,0,40.1757
1,89,106,0,0,40.1752
1,90,106,0,0,40.1746
1,91,106,0,0,40.174
1,92,106,0,0,40.1735
1,93,106,0,0,40.1729
1,94,106,0,0,40.1722
1,95,106,0,0,40.1716
1,96,106,0,0,40.171
1,97,106,0,0,40.1704
1,98,106,0,0,40.1697
1,99,106,0,0,40.169
1,100,106,0,0,40.1684
1,101,106,0,0,40.1677
1,102,106,0,0,40.167
1,103,106,0,0,40.1664
1,104,106,0,0,40.1658
1,105,106,0,0,40.1652
1,106,106,0,0,40.1646
1,107,106,0,0,40.1641
1,108,106,0,0,40.1635
1,109,106,0,0,40.163
1,110,106,0,0,40.1624
1,111,106,0,0,40.1619
1,112,106,0,0,40.1612
1,113,106,0,0,40.1606
1,114,106,0,0,40.1599
1,115,106,0,0,40.1592
1,116,106,0,0,40.1585
1,117,106,0,0,40.1577
1,118,106,0,0,40.157
1,119,106,0,0,40.1563
1,120,106,0,0,40.1556
1,121,106,0,0,40.155
1,122,106,0,0,40.1544
1,123,106,0,0,40.1538
1,124,106,0,0,40.1533
1,125,106,0,0,40.1529
1,126,106,0,0,40.1525
1,127,106,0,0,40.1522
1,0,107,0,1.68188e-05,40.2124
1,1,107,0,0,40.2102
1,2,107,0,0,40.2083
1,3,107,0,0,40.2066
1,4,107,0,0,40.205
1,5,107,0,0,40.2035
1,6,107,0,0,40.2022
1,7,107,0,0,40.2009
1,8,107,0,0,40.1996
1,9,107,0,0,40.1985
1,10,107,0,0,40.1974
1,11,107,0,0,40.1963
1,12,107,0,0,40.1953
1,13,107,0,0,40.1943
1,14,107,0,0,40.1934
1,15,107,0,0,40.1925
1,16,107,0,0,40.1918
1,17,107,0,0,40.1911
1,18,107,0,0,40.1905
1,19,107,0,0,40.1899
1,20,107,0,0,40.1894
1,21,107,0,0,40.1889
1,22,107,0,0,40.1884
1,23,107,0,0,40.188
1,24,107,0,0,40.1876
1,25,107,0,0,40.1873
1,26,107,0,0,40.1869
1,27,107,0,0,40.1866
1,28,107,0,0,40.1864
1,29,107,0,0,40.1861
1,30,107,0,0,40.1859
1,31,107,0,0,40.1857
1,32,107,0,0,40.1855
1,33,107,0,0,40.1853
1,34,107,0,0,40.1851
1,35,107,0,0,40.1849
1,36,107,0,0,40.1847
1,37,107,0,0,40.1846
1,38,107,0,0,40.1844
1,39,107,0,0,40.1843
1,40,107,0,0,40.1842
1,41,107,0,0,40.1841
1,42,107,0,0,40.184
1,43,107,0,0,40.1839
1,44,107,0,0,40.1838
1,45,107,0,0,40.1838
1,46,107,0,0,40.1837
1,47,107,0,0,40.1837
1,48,107,0,0,40.1837
1,49,107,0,0,40.1837
1,50,107,0,0,40.1837
1,51,107,0,0,40.1838
1,52,107,0,0,40.1839
1,53,107,0,0,40.1841
1,54,107,0,0,40.1844
1,55,107,0,0,40.1848
1,56,107,0,0,40.1852
1,57,107,0,0,40.1857
1,58,107,0,0,40.1862
1,59,107,0,0,40.1868
1,60,107,0,0,40.1875
1,61,107,0,0,40.1883
1,62,107,0,0,40.1892
1,63,107,0,0,40.1902
1,64,107,0,1.68188e-05,40.1914
1,65,107,0,0,40.1899
1,66,107,0,0,40.1887
1,67,107,0,0,40.1875
1,68,107,0,0,40.1864
1,69,107,0,0,40.1855
1,70,107,0,0,40.1846
1,71,107,0,0,40.1838
1,72,107,0,0,40.183
1,73,107,0,0,40.1823
1,74,107,0,0,40.1816
1,75,107,0,0,40.1809
1,76,107,0,0,40.1803
1,77,107,0,0,40.1797
1,78,107,0,0,40.1792
1,79,107,0,0,40.1787
1,80,107,0,0,40.1782
1,81,107,0,0,40.1778
1,82,107,0,0,40.1774
1,83,107,0,0,40.1771
1,84,107,0,0,40.1768
1,85,107,0,0,40.1764
1,86,107,0,0,40.1761
1,87,107,0,0,40.1757
1,88,107,0,0,40.1753
1,89,107,0,0,40.1748
1,90,107,0,0,40.1743
1,91,107,0,0,40.1738
1,92,107,0,0,40.1732
1,93,107,0,0,40.1726
1,94,107,0,0,40.172
1,95,107,0,0,40.1715
1,96,107,0,0,40.1709
1,97,107,0,0,40.1703
1,98,107,0,0,40.1697
1,99,107,0,0,40.169
1,100,107,0,0,40.1684
1,101,107,0,0,40.1677
1,102,107,0,0,40.167
1,103,107,0,0,40.1663
1,104,107,0,0,40.1657
1,105,107,0,0,40.1651
1,106,107,0,0,40.1646
1,107,107,0,0,40.1641
1,108,107,0,0,40.1637
1,109,107,0,0,40.1632
1,110,107,0,0,40.1627
1,111,107,0,0,40.1622
1,112,107,0,0,40.1617
1,113,107,0,0,40.161
1,114,107,0,0,40.1603
1,115,107,0,0,40.1596
1,116,107,0,0,40.1589
1,117,107,0,0,40.1581
1,118,107,0,0,40.1573
1,119,107,0,0,40.1565
1,120,107,0,0,40.1558
1,121,107,0,0,40.155
1,122,107,0,0,40.1543
1,123,107,0,0,40.1537
1,124,107,0,0,40.1532
1,125,107,0,0,40.1526
1,126,107,0,0,40.1522
1,127,107,0,0,40.1519
1,0,108,0,1.68188e-05,40.2119
1,1,108,0,0,40.2098
1,2,108,0,0,40.208
1,3,108,0,0,40.2063
1,4,108,0,0,40.2048
1,5,108,0,0,40.2033
1,6,108,0,0,40.202
1,7,108,0,0,40.2007
1,8,108,0,0,40.1994
1,9,108,0,0,40.1982
1,10,108,0,0,40.1971
1,11,108,0,0,40.196
1,12,108,0,0,40.1949
1,13,108,0,0,40.1939
1,14,108,0,0,40.193
1,15,108,0,0,40.1921
1,16,108,0,0,40.1914
1,17,108,0,0,40.1907
1,18,108,0,0,40.1902
1,19,108,0,0,40.1897
1,20,108,0,0,40.1892
1,21,108,0,0,40.1887
1,22,108,0,0,40.1883
1,23,108,0,0,40.1878
1,24,108,0,0,40.1875
1,25,108,0,0,40.1871
1,26,108,0,0,40.1869
1,27,108,0,0,40.1866
1,28,108,0,0,40.1864
1,29,108,0,0,40.1862
1,30,108,0,0,40.1861
1,31,108,0,0,40.1859
1,32,108,0,0,40.1857
1,33,108,0,0,40.1856
1,34,108,0,0,40.1854
1,35,108,0,0,40.1852
1,36,108,0,0,40.185
1,37,108,0,0,40.1849
1,38,108,0,0,40.1848
1,39,108,0,0,40.1848
1,40,108,0,0,40.1847
1,41,108,0,0,40.1847
1,42,108,0,0,40.1846
1,43,108,0,0,40.1845
1,44,108,0,0,40.1844
1,45,108,0,0,40.1843
1,46,108,0,0,40.1842
1,47,108,0,0,40.1842
1,48,108,0,0,40.1841
1,49,108,0,0,40.1841
1,50,108,0,0,40.1841
1,51,108,0,0,40.1841
1,52,108,0,0,40.1842
1,53,108,0,0,40.1843
1,54,108,0,0,40.1846
1,55,108,0,0,40.185
1,56,108,0,0,40.1854
1,57,108,0,0,40.1858
1,58,108,0,0,40.1863
1,59,108,0,0,40.1868
1,60,108,0,0,40.1875
1,61,108,0,0,40.1882
1,62,108,0,0,40.1891
1,63,108,0,0,40.1901
1,64,108,0,1.68188e-05,40.1912
1,65,108,0,0,40.1898
1,66,108,0,0,40.1885
1,67,108,0,0,40.1873
1,68,108,0,0,40.1863
1,69,108,0,0,40.1854
1,70,108,0,0,40.1845
1,71,108,0,0,40.1837
1,72,108,0,0,40.1829
1,73,108,0,0,40.1822
1,74,108,0,0,40.1815
1,75,108,0,0,40.1808
1,76,108,0,0,40.1801
1,77,108,0,0,40.1795
1,78,108,0,0,40.1789
1,79,108,0,0,40.1784
1,80,108,0,0,40.178
1,81,108,0,0,40.1776
1,82,108,0,0,40.1773
1,83,108,0,0,40.177
1,84,108,0,0,40.1768
1,85,108,0,0,40.1766
1,86,108,0,0,40.1763
1,87,108,0,0,40.176
1,88,108,0,0,40.1756
1,89,108,0,0,40.1752
1,90,108,0,0,40.1747
1,91,108,0,0,40.1742
1,92,108,0,0,40.1736
1,93,108,0,0,40.1731
1,94,108,0,0,40.1725
1,95,108,0,0,40.172
1,96,108,0,0,40.1715
1,97,108,0,0,40.1709
1,98,108,0,0,40.1704
1,99,108,0,0,40.1697
1,100,108,0,0,40.169
1,101,108,0,0,40.1683
1,102,108,0,0,40.1676
1,103,108,0,0,40.1669
1,104,108,0,0,40.1662
1,105,108,0,0,40.1657
1,106,108,0,0,40.1652
1,107,108,0,0,40.1648
1,108,108,0,0,40.1644
1,109,108,0,0,40.1641
1,110,108,0,0,40.1637
1,111,108,0,0,40.1632
1,112,108,0,0,40.1628
1,113,108,0,0,40.1622
1,114,108,0,0,40.1615
1,115,108,0,0,40.1607
1,116,108,0,0,40.1599
1,117,108,0,0,40.159
1,118,108,0,0,40.1581
1,119,108,0,0,40.1573
1,120,108,0,0,40.1564
1,121,108,0,0,40.1556
1,122,108,0,0,40.1548
1,123,108,0,0,40.1541
1,124,108,0,0,40.1535
1,125,108,0,0,40.1529
1,126,108,0,0,40.1524
1,127,108,0,0,40.152
1,0,109,0,1.68188e-05,40.212
1,1,109,0,0,40.21
1,2,109,0,0,40.2082
1,3,109,0,0,40.2067
1,4,109,0,0,40.2052
1,5,109,0,0,40.2038
1,6,109,0,0,40.2025
1,7,109,0,0,40.2012
1,8,109,0,0,40.1999
1,9,109,0,0,40.1987
1,10,109,0,0,40.1975
1,11,109,0,0,40.1964
1,12,109,0,0,40.1953
1,13,109,0,0,40.1943
1,14,109,0,0,40.1933
1,15,109,0,0,40.1923
1,16,109,0,0,40.1915
1,17,109,0,0,40.191
1,18,109,0,0,40.1905
1,19,109,0,0,40.1901
1,20,109,0,0,40.1897
1,21,109,0,0,40.1893
1,22,109,0,0,40.1888
1,23,109,0,0,40.1883
1,24,109,0,0,40.188
1,25,109,0,0,40.1877
1,26,109,0,0,40.1875
1,27,109,0,0,40.1873
1,28,109,0,0,40.1871
1,29,109,0,0,40.187
1,30,109,0,0,40.1869
1,31,109,0,0,40.1868
1,32,109,0,0,40.1867
1,33,109,0,0,40.1866
1,34,109,0,0,40.1864
1,35,109,0,0,40.1861
1,36,109,0,0,40.186
1,37,109,0,0,40.1859
1,38,109,0,0,40.1859
1,39,109,0,0,40.1859
1,40,109,0,0,40.1859
1,41,109,0,0,40.1859
1,42,109,0,0,40.1858
1,43,109,0,0,40.1857
1,44,109,0,0,40.1856
1,45,109,0,0,40.1855
1,46,109,0,0,40.1854
1,47,109,0,0,40.1854
1,48,109,0,0,40.1854
1,49,109,0,0,40.1852
1,50,109,0,0,40.1851
1,51,109,0,0,40.185
1,52,109,0,0,40.185
1,53,109,0,0,40.1852
1,54,109,0,0,40.1854
1,55,109,0,0,40.1858
1,56,109,0,0,40.1862
1,57,109,0,0,40.1866
1,58,109,0,0,40.187
1,59,109,0,0,40.1875
1,60,109,0,0,40.1881
1,61,109,0,0,40.1888
1,62,109,0,0,40.1896
1,63,109,0,0,40.1905
1,64,109,0,1.68188e-05,40.1916
1,65,109,0,0,40.1902
1,66,109,0,0,40.1889
1,67,109,0,0,40.1878
1,68,109,0,0,40.1868
1,69,109,0,0,40.1859
1,70,109,0,0,40.185
1,71,109,0,0,40.1842
1,72,109,0,0,40.1835
1,73,109,0,0,40.1828
1,74,109,0,0,40.182
1,75,109,0,0,40.1812
1,76,109,0,0,40.1805
1,77,109,0,0,40.1799
1,78,109,0,0,40.1793
1,79,109,0,0,40.1787
1,80,109,0,0,40.1783
1,81,109,0,0,40.178
1,82,109,0,0,40.1778
1,83,109,0,0,40.1776
1,84,109,0,0,40.1775
1,85,109,0,0,40.1774
1,86,109,0,0,40.1773
1,87,109,0,0,40.1771
1,88,109,0,0,40.1767
1,89,109,0,0,40.1763
1,90,109,0,0,40.1758
1,91,109,0,0,40.1753
1,92,109,0,0,40.1747
1,93,109,0,0,40.1741
1,94,109,0,0,40.1736
1,95,109,0,0,40.1731
1,96,109,0,0,40.1727
1,97,109,0,0,40.1723
1,98,109,0,0,40.1717
1,99,109,0,0,40.1711
1,100,109,0,0,40.1703
1,101,109,0,0,40.1696
1,102,109,0,0,40.1688
1,103,109,0,0,40.168
1,104,109,0,0,40.1673
1,105,109,0,0,40.1667
1,106,109,0,0,40.1663
1,107,109,0,0,40.166
1,108,109,0,0,40.1658
1,109,109,0,0,40.1656
1,110,109,0,0,40.1653
1,111,109,0,0,40.165
1,112,109,0,0,40.1646
1,113,109,0,0,40.164
1,114,109,0,0,40.1633
1,115,109,0,0,40.1624
1,116,109,0,0,40.1615
1,117,109,0,0,40.1606
1,118,109,0,0,40.1596
1,119,109,0,0,40.1586
1,120,109,0,0,40.1576
1,121,109,0,0,40.1567
1,122,109,0,0,40.1558
1,123,109,0,0,40.1551
1,124,109,0,0,40.1544
1,125,109,0,0,40.1537
1,126,109,0,0,40.1531
1,127,109,0,0,40.1525
1,0,110,0,1.68188e-05,40.2125
1,1,110,0,0,40.2107
1,2,110,0,0,40.2092
1,3,110,0,0,40.2078
1,4,110,0,0,40.2063
1,5,110,0,0,40.205
1,6,110,0,0,40.2038
1,7,110,0,0,40.2025
1,8,110,0,0,40.2012
1,9,110,0,0,40.1999
1,10,110,0,0,40.1987
1,11,110,0,0,40.1975
1,12,110,0,0,40.1964
1,13,110,0,0,40.1953
1,14,110,0,0,40.1942
1,15,110,0,0,40.1931
1,16,110,0,0,40.1923
1,17,110,0,0,40.1918
1,18,110,0,0,40.1915
1,19,110,0,0,40.1913
1,20,110,0,0,40.191
1,21,110,0,0,40.1906
1,22,110,0,0,40.19
1,23,110,0,0,40.1895
1,24,110,0,0,40.1891
1,25,110,0,0,40.1889
1,26,110,0,0,40.1887
1,27,110,0,0,40.1886
1,28,110,0,0,40.1885
1,29,110,0,0,40.1886
1,30,110,0,0,40.1885
1,31,110,0,0,40.1884
1,32,110,0,0,40.1884
1,33,110,0,0,40.1884
1,34,110,0,0,40.1881
1,35,110,0,0,40.1878
1,36,110,0,0,40.1875
1,37,110,0,0,40.1875
1,38,110,0,0,40.1876
1,39,110,0,0,40.1878
1,40,110,0,0,40.1879
1,41,110,0,0,40.1879
1,42,110,0,0,40.1879
1,43,110,0,0,40.1877
1,44,110,0,0,40.1875
1,45,110,0,0,40.1874
1,46,110,0,0,40.1873
1,47,110,0,0,40.1873
1,48,110,0,0,40.1874
1,49,110,0,0,40.1871
1,50,110,0,0,40.1868
1,51,110,0,0,40.1866
1,52,110,0,0,40.1865
1,53,110,0,0,40.1866
1,54,110,0,0,40.1869
1,55,110,0,0,40.1873
1,56,110,0,0,40.1877
1,57,110,0,0,40.188
1,58,110,0,0,40.1884
1,59,110,0,0,40.1888
1,60,110,0,0,40.1893
1,61,110,0,0,40.1899
1,62,110,0,0,40.1906
1,63,110,0,0,40.1915
1,64,110,0,1.68188e-05,40.1925
1,65,110,0,0,40.1912
1,66,110,0,0,40.19
1,67,110,0,0,40.1888
1,68,110,0,0,40.1879
1,69,110,0,0,40.1871
1,70,110,0,0,40.1862
1,71,110,0,0,40.1854
1,72,110,0,0,40.1848
1,73,110,0,0,40.1841
1,74,110,0,0,40.1832
1,75,110,0,0,40.1824
1,76,110,0,0,40.1816
1,77,110,0,0,40.181
1,78,110,0,0,40.1802
1,79,110,0,0,40.1796
1,80,110,0,0,40.1792
1,81,110,0,0,40.179
1,82,110,0,0,40.1789
1,83,110,0,0,40.1788
1,84,110,0,0,40.1788
1,85,110,0,0,40.1789
1,86,110,0,0,40.179
1,87,110,0,0,40.1789
1,88,110,0,0,40.1786
1,89,110,0,0,40.1782
1,90,110,0,0,40.1777
1,91,110,0,0,40.1771
1,92,110,0,0,40.1765
1,93,110,0,0,40.1759
1,94,110,0,0,40.1753
1,95,110,0,0,40.1748
1,96,110,0,0,40.1746
1,97,110,0,0,40.1743
1,98,110,0,0,40.1739
1,99,110,0,0,40.1732
1,100,110,0,0,40.1723
1,101,110,0,0,40.1715
1,102,110,0,0,40.1707
1,103,110,0,0,40.1698
1,104,110,0,0,40.1689
1,105,110,0,0,40.1683
1,106,110,0,0,40.168
1,107,110,0,0,40.1679
1,108,110,0,0,40.1677
1,109,110,0,0,40.1677
1,110,110,0,0,40.1676
1,111,110,0,0,40.1674
1,112,110,0,0,40.1672
1,113,110,0,0,40.1667
1,114,110,0,0,40.1659
1,115,110,0,0,40.1648
1,116,110,0,0,40.1638
1,117,110,0,0,40.1628
1,118,110,0,0,40.1618
1,119,110,0,0,40.1606
1,120,110,0,0,40.1594
1,121,110,0,0,40.1583
1,122,110,0,0,40.1573
1,123,110,0,0,40.1566
1,124,110,0,0,40.1559
1,125,110,0,0,40.1551
1,126,110,0,0,40.1543
1,127,110,0,0,40.1534
1,0,111,0,1.68188e-05,40.2136
1,1,111,0,0,40.2121
1,2,111,0,0,40.2108
1,3,111,0,0,40.2097
1,4,111,0,0,40.2082
1,5,111,0,0,40.2069
1,6,111,0,0,40.2059
1,7,111,0,0,40.2047
1,8,111,0,0,40.2032
1,9,111,0,0,40.2018
1,10,111,0,0,40.2006
1,11,111,0,0,40.1994
1,12,111,0,0,40.1982
1,13,111,0,0,40.1971
1,14,111,0,0,40.1959
1,15,111,0,0,40.1943
1,16,111,0,0,40.1935
1,17,111,0,0,40.1932
1,18,111,0,0,40.1931
1,19,111,0,0,40.1933
1,20,111,0,0,40.193
1,21,111,0,0,40.1928
1,22,111,0,0,40.192
1,23,111,0,0,40.1912
1,24,111,0,0,40.1908
1,25,111,0,0,40.1909
1,26,111,0,0,40.1906
1,27,111,0,0,40.1905
1,28,111,0,0,40.1906
1,29,111,0,0,40.191
1,30,111,0,0,40.1907
1,31,111,0,0,40.1907
1,32,111,0,0,40.191
1,33,111,0,0,40.1913
1,34,111,0,0,40.1907
1,35,111,0,0,40.19
1,36,111,0,0,40.1897
1,37,111,0,0,40.1897
1,38,111,0,0,40.1899
1,39,111,0,0,40.1906
1,40,111,0,0,40.1906
1,41,111,0,0,40.1907
1,42,111,0,0,40.1908
1,43,111,0,0,40.1904
1,44,111,0,0,40.1902
1,45,111,0,0,40.1899
1,46,111,0,0,40.1897
1,47,111,0,0,40.19
1,48,111,0,0,40.1904
1,49,111,0,0,40.1898
1,50,111,0,0,40.1893
1,51,111,0,0,40.1887
1,52,111,0,0,40.1884
1,53,111,0,0,40.1886
1,54,111,0,0,40.189
1,55,111,0,0,40.1895
1,56,111,0,0,40.1901
1,57,111,0,0,40.1902
1,58,111,0,0,40.1905
1,59,111,0,0,40.1908
1,60,111,0,0,40.1913
1,61,111,0,0,40.1917
1,62,111,0,0,40.1924
1,63,111,0,0,40.1931
1,64,111,0,1.68188e-05,40.1939
1,65,111,0,0,40.1928
1,66,111,0,0,40.1917
1,67,111,0,0,40.1905
1,68,111,0,0,40.1897
1,69,111,0,0,40.189
1,70,111,0,0,40.188
1,71,111,0,0,40.1873
1,72,111,0,0,40.1868
1,73,111,0,0,40.1862
1,74,111,0,0,40.1851
1,75,111,0,0,40.1842
1,76,111,0,0,40.1833
1,77,111,0,0,40.1828
1,78,111,0,0,40.1818
1,79,111,0,0,40.181
1,80,111,0,0,40.1807
1,81,111,0,0,40.1805
1,82,111,0,0,40.1806
1,83,111,0,0,40.1806
1,84,111,0,0,40.1807
1,85,111,0,0,40.1812
1,86,111,0,0,40.1817
1,87,111,0,0,40.1817
1,88,111,0,0,40.1812
1,89,111,0,0,40.1808
1,90,111,0,0,40.1804
1,91,111,0,0,40.1796
1,92,111,0,0,40.1791
1,93,111,0,0,40.1783
1,94,111,0,0,40.1774
1,95,111,0,0,40.1771
1,96,111,0,0,40.1773
1,97,111,0,0,40.1772
1,98,111,0,0,40.1771
1,99,111,0,0,40.1761
1,100,111,0,0,40.175
1,101,111,0,0,40.1743
1,102,111,0,0,40.1732
1,103,111,0,0,40.1721
1,104,111,0,0,40.171
1,105,111,0,0,40.1702
1,106,111,0,0,40.1701
1,107,111,0,0,40.1704
1,108,111,0,0,40.1703
1,109,111,0,0,40.1706
1,110,111,0,0,40.1707
1,111,111,0,0,40.1706
1,112,111,0,0,40.1707
1,113,111,0,0,40.1703
1,114,111,0,0,40.1695
1,115,111,0,0,40.1677
1,116,111,0,0,40.1667
1,117,111,0,0,40.1656
1,118,111,0,0,40.1646
1,119,111,0,0,40.1634
1,120,111,0,0,40.1617
1,121,111,0,0,40.1604
1,122,111,0,0,40.1592
1,123,111,0,0,40.1586
1,124,111,0,0,40.158
1,125,111,0,0,40.1572
1,126,111,0,0,40.156
1,127,111,0,0,40.1546
1,0,112,0,6.25388e-05,40.2157
1,1,112,0,3e-05,40.2142
1,2,112,0,3.57e-05,40.2132
1,3,112,0,6.144e-05,40.2128
1,4,112,0,4.572e-05,40.2109
1,5,112,0,3.57e-05,40.2093
1,6,112,0,4.8195e-05,40.209
1,7,112,0,4.431e-05,40.208
1,8,112,0,3.39525e-05,40.2059
1,9,112,0,2.286e-05,40.2042
1,10,112,0,4.716e-05,40.2034
1,11,112,0,2.856e-05,40.2018
1,12,112,0,3.429e-05,40.2008
1,13,112,0,4.2135e-05,40.1999
1,14,112,0,4.66125e-05,40.1987
1,15,112,0,1.428e-05,40.1957
1,16,112,0,1.48275e-05,40.1948
1,17,112,0,3.144e-05,40.1952
1,18,112,0,2.4645e-05,40.1951
1,19,112,0,6.32475e-05,40.1967
1,20,112,0,3.144e-05,40.1958
1,21,112,0,6.288e-05,40.1963
1,22,112,0,3.858e-05,40.1946
1,23,112,0,3.144e-05,40.1932
1,24,112,0,2.286e-05,40.1928
1,25,112,0,4.5915e-05,40.194
1,26,112,0,2.7885e-05,40.1932
1,27,112,0,3.21525e-05,40.193
1,28,112,0,2.4645e-05,40.1931
1,29,112,0,6.2685e-05,40.1948
1,30,112,0,1.572e-05,40.1935
1,31,112,0,3.144e-05,40.1935
1,32,112,0,3.6435e-05,40.1942
1,33,112,0,8.6085e-05,40.1958
1,34,112,0,3.756e-05,40.194
1,35,112,0,2.82225e-05,40.1927
1,36,112,0,2.43e-05,40.1923
1,37,112,0,2.286e-05,40.1924
1,38,112,0,8.58e-06,40.1925
1,39,112,0,5.574e-05,40.1949
1,40,112,0,2.286e-05,40.194
1,41,112,0,2.43e-05,40.1943
1,42,112,0,5.35875e-05,40.1949
1,43,112,0,3.213e-05,40.1937
1,44,112,0,3.858e-05,40.1937
1,45,112,0,3.555e-05,40.1932
1,46,112,0,2.43e-05,40.1925
1,47,112,0,3e-05,40.1932
1,48,112,0,7.8945e-05,40.1953
1,49,112,0,2.142e-05,40.1931
1,50,112,0,3.714e-05,40.1925
1,51,112,0,1.6065e-05,40.1911
1,52,112,0,1.608e-05,40.1907
1,53,112,0,3.858e-05,40.1913
1,54,112,0,3e-05,40.1917
1,55,112,0,3.144e-05,40.1925
1,56,112,0,6.144e-05,40.1938
1,57,112,0,2.286e-05,40.1928
1,58,112,0,3.57e-05,40.1933
1,59,112,0,3.4995e-05,40.1934
1,60,112,0,3.80325e-05,40.194
1,61,112,0,3.288e-05,40.194
1,62,112,0,3.858e-05,40.1949
1,63,112,0,3.144e-05,40.1952
1,64,112,0,3.10987e-05,40.1954
1,65,112,0,4.3575e-05,40.1952
1,66,112,0,4.284e-05,40.1942
1,67,112,0,2.574e-05,40.1925
1,68,112,0,3.144e-05,40.192
1,69,112,0,5.142e-05,40.1921
1,70,112,0,2.40975e-05,40.1904
1,71,112,0,2.40975e-05,40.1896
1,72,112,0,3.501e-05,40.1898
1,73,112,0,4.287e-05,40.1896
1,74,112,0,1.9635e-05,40.1877
1,75,112,0,2.4645e-05,40.1865
1,76,112,0,1.572e-05,40.1855
1,77,112,0,5.51925e-05,40.1859
1,78,112,0,7.14e-06,40.1837
1,79,112,0,2.43e-05,40.1828
1,80,112,0,2.856e-05,40.1826
1,81,112,0,2.53725e-05,40.1826
1,82,112,0,3.3225e-05,40.1833
1,83,112,0,3.714e-05,40.183
1,84,112,0,1.857e-05,40.1828
1,85,112,0,3.714e-05,40.1844
1,86,112,0,4.33875e-05,40.1855
1,87,112,0,5.16225e-05,40.1857
1,88,112,0,4.572e-05,40.1846
1,89,112,0,4.146e-05,40.184
1,90,112,0,6.858e-05,40.1843
1,91,112,0,2.286e-05,40.1826
1,92,112,0,5.09325e-05,40.1829
1,93,112,0,3.94725e-05,40.1813
1,94,112,0,3.144e-05,40.1799
1,95,112,0,2.286e-05,40.1795
1,96,112,0,5.166e-05,40.1809
1,97,112,0,2.286e-05,40.181
1,98,112,0,5.286e-05,40.182
1,99,112,0,3.288e-05,40.1799
1,100,112,0,2.05275e-05,40.1779
1,101,112,0,4.428e-05,40.1781
1,102,112,0,2.286e-05,40.1764
1,103,112,0,3.144e-05,40.1752
1,104,112,0,2.286e-05,40.1735
1,105,112,0,9.6525e-06,40.1722
1,106,112,0,1.785e-05,40.1725
1,107,112,0,5.30625e-05,40.1742
1,108,112,0,1.071e-05,40.173
1,109,112,0,5.217e-05,40.1746
1,110,112,0,4.83975e-05,40.1746
1,111,112,0,3.144e-05,40.1744
1,112,112,0,6.05475e-05,40.1755
1,113,112,0,4.3935e-05,40.175
1,114,112,0,6.6975e-05,40.1748
1,115,112,0,8.58e-06,40.1707
1,116,112,0,4.428e-05,40.1702
1,117,112,0,3.78675e-05,40.1691
1,118,112,0,3.288e-05,40.1684
1,119,112,0,5.286e-05,40.1674
1,120,112,0,1.428e-05,40.1641
1,121,112,0,3.10725e-05,40.163
1,122,112,0,9.4725e-06,40.1613
1,123,112,0,3.59025e-05,40.1612
1,124,112,0,4.23525e-05,40.1609
1,125,112,0,4.428e-05,40.1603
1,126,112,0,4.284e-05,40.1587
1,127,112,0,3.144e-05,40.1562
1,0,113,0,6.84413e-05,40.2134
1,1,113,0,3.144e-05,40.2116
1,2,113,0,3.144e-05,40.21
1,3,113,0,1.87425e-05,40.2083
1,4,113,0,1.428e-05,40.2065
1,5,113,0,1.572e-05,40.2055
1,6,113,0,3.7485e-05,40.2059
1,7,113,0,5.3925e-05,40.2058
1,8,113,0,3.18075e-05,40.2037
1,9,113,0,5.08725e-05,40.2027
1,10,113,0,1.428e-05,40.2002
1,11,113,0,4.641e-05,40.2
1,12,113,0,3.072e-05,40.1983
1,13,113,0,2.5005e-05,40.197
1,14,113,0,4.8945e-05,40.1963
1,15,113,0,1.428e-05,40.1935
1,16,113,0,3.08925e-05,40.1931
1,17,113,0,4.66125e-05,40.1934
1,18,113,0,1.6065e-05,40.1922
1,19,113,0,3.10725e-05,40.1929
1,20,113,0,3.858e-05,40.193
1,21,113,0,3.144e-05,40.1925
1,22,113,0,3.357e-05,40.1916
1,23,113,0,8.58e-06,40.1898
1,24,113,0,2.0715e-05,40.1903
1,25,113,0,6.39225e-05,40.1924
1,26,113,0,3.9315e-05,40.1914
1,27,113,0,2.92875e-05,40.1907
1,28,113,0,2.9655e-05,40.1909
1,29,113,0,3.8025e-05,40.1921
1,30,113,0,7.0365e-05,40.193
1,31,113,0,2.856e-05,40.1914
1,32,113,0,4.0725e-05,40.1914
1,33,113,0,5.355e-06,40.1905
1,34,113,0,5.142e-05,40.1915
1,35,113,0,2.46375e-05,40.1905
1,36,113,0,4.287e-05,40.1913
1,37,113,0,5.89275e-05,40.1923
1,38,113,0,3.858e-05,40.1923
1,39,113,0,7.5375e-05,40.1943
1,40,113,0,3.44625e-05,40.1932
1,41,113,0,7.91475e-05,40.1944
1,42,113,0,3.78525e-05,40.1927
1,43,113,0,2.787e-05,40.1916
1,44,113,0,4.6425e-05,40.192
1,45,113,0,4.875e-05,40.1917
1,46,113,0,3.144e-05,40.1907
1,47,113,0,2.6085e-05,40.1909
1,48,113,0,4.8195e-05,40.1923
1,49,113,0,5.574e-05,40.1922
1,50,113,0,4.428e-05,40.1914
1,51,113,0,5.2515e-05,40.1908
1,52,113,0,4.87875e-05,40.19
1,53,113,0,1.428e-05,40.1887
1,54,113,0,3.858e-05,40.1897
1,55,113,0,4.17975e-05,40.1905
1,56,113,0,3e-05,40.1907
1,57,113,0,3.858e-05,40.191
1,58,113,0,4.929e-05,40.1915
1,59,113,0,1.0725e-05,40.1904
1,60,113,0,5.76675e-05,40.1921
1,61,113,0,7.14e-06,40.1908
1,62,113,0,3.6435e-05,40.1924
1,63,113,0,3.8925e-05,40.1932
1,64,113,0,3.39788e-05,40.1931
1,65,113,0,2.5005e-05,40.192
1,66,113,0,2.856e-05,40.1911
1,67,113,0,2.43e-05,40.1899
1,68,113,0,2.40975e-05,40.1895
1,69,113,0,3.2145e-05,40.1895
1,70,113,0,3.26925e-05,40.1886
1,71,113,0,2.01825e-05,40.1876
1,72,113,0,4.6065e-05,40.1885
1,73,113,0,5.1075e-05,40.1883
1,74,113,0,4.7505e-05,40.187
1,75,113,0,4.3935e-05,40.1856
1,76,113,0,3.858e-05,40.1843
1,77,113,0,2.05275e-05,40.1833
1,78,113,0,7.572e-05,40.1839
1,79,113,0,1.428e-05,40.1808
1,80,113,0,2.142e-05,40.1802
1,81,113,0,2.43e-05,40.1806
1,82,113,0,6.73425e-05,40.1821
1,83,113,0,7.14e-06,40.1801
1,84,113,0,2.715e-05,40.1809
1,85,113,0,4.96725e-05,40.1829
1,86,113,0,5.37525e-05,40.1837
1,87,113,0,5.8215e-05,40.1834
1,88,113,0,8.58e-06,40.1806
1,89,113,0,2.574e-05,40.1803
1,90,113,0,1.572e-05,40.1799
1,91,113,0,3.71775e-05,40.1804
1,92,113,0,6.2535e-05,40.181
1,93,113,0,2.23125e-05,40.1785
1,94,113,0,1.572e-05,40.177
1,95,113,0,1.89375e-05,40.177
1,96,113,0,2.073e-05,40.1782
1,97,113,0,6.45e-05,40.1808
1,98,113,0,8.91075e-05,40.182
1,99,113,0,4.46475e-05,40.1789
1,100,113,0,5.1825e-06,40.176
1,101,113,0,5.856e-05,40.1772
1,102,113,0,5.12775e-05,40.1763
1,103,113,0,4.002e-05,40.1743
1,104,113,0,3.144e-05,40.1725
1,105,113,0,3.5175e-05,40.1716
1,106,113,0,2.643e-05,40.1714
1,107,113,0,5.69775e-05,40.1728
1,108,113,0,3.357e-05,40.1719
1,109,113,0,4.215e-05,40.1722
1,110,113,0,1.87425e-05,40.1715
1,111,113,0,4.164e-05,40.1724
1,112,113,0,3.94725e-05,40.1729
1,113,113,0,3.41175e-05,40.1729
1,114,113,0,8.8965e-05,40.1738
1,115,113,0,1.7865e-05,40.1693
1,116,113,0,2.856e-05,40.1679
1,117,113,0,1.64325e-05,40.1667
1,118,113,0,6.78675e-05,40.1677
1,119,113,0,4.572e-05,40.1657
1,120,113,0,2.142e-05,40.1628
1,121,113,0,3.75075e-05,40.1619
1,122,113,0,4.77075e-05,40.1608
1,123,113,0,1.83975e-05,40.1588
1,124,113,0,1.33875e-05,40.1578
1,125,113,0,4.284e-05,40.1579
1,126,113,0,2.23125e-05,40.1558
1,127,113,0,1.428e-05,40.1534
1,0,114,0,1.94963e-05,40.2062
1,1,114,0,0,40.2044
1,2,114,0,0,40.2028
1,3,114,0,9.8175e-06,40.2016
1,4,114,0,0,40.1997
1,5,114,0,0,40.1986
1,6,114,0,0,40.1981
1,7,114,0,8.925e-06,40.1976
1,8,114,0,0,40.1961
1,9,114,0,6.2475e-06,40.195
1,10,114,0,0,40.1934
1,11,114,0,1.071e-05,40.1927
1,12,114,0,3.57e-06,40.1913
1,13,114,0,7.14e-06,40.1902
1,14,114,0,4.4625e-06,40.1889
1,15,114,0,0,40.1872
1,16,114,0,0,40.1865
1,17,114,0,6.2475e-06,40.1863
1,18,114,0,3.57e-06,40.1857
1,19,114,0,0,40.1854
1,20,114,0,0,40.1851
1,21,114,0,0,40.1848
1,22,114,0,1.071e-05,40.1846
1,23,114,0,0,40.1836
1,24,114,0,2.145e-06,40.1836
1,25,114,0,4.4625e-06,40.1841
1,26,114,0,0,40.1837
1,27,114,0,0,40.1835
1,28,114,0,0,40.1836
1,29,114,0,3.57e-06,40.1842
1,30,114,0,5.355e-06,40.1845
1,31,114,0,0,40.1838
1,32,114,0,0,40.1835
1,33,114,0,0,40.1832
1,34,114,0,0,40.1834
1,35,114,0,0,40.1833
1,36,114,0,4.29e-06,40.1838
1,37,114,0,1.0725e-06,40.1842
1,38,114,0,0,40.1845
1,39,114,0,1.785e-06,40.1852
1,40,114,0,2.6775e-06,40.1852
1,41,114,0,8.925e-07,40.1852
1,42,114,0,0,40.1846
1,43,114,0,0,40.1842
1,44,114,0,6.435e-06,40.1843
1,45,114,0,0,40.1838
1,46,114,0,0,40.1835
1,47,114,0,5.355e-06,40.1837
1,48,114,0,0,40.1839
1,49,114,0,0,40.1838
1,50,114,0,0,40.1834
1,51,114,0,0,40.183
1,52,114,0,8.925e-07,40.1826
1,53,114,0,0,40.1822
1,54,114,0,0,40.1825
1,55,114,0,5.3625e-06,40.1831
1,56,114,0,0,40.1832
1,57,114,0,0,40.1835
1,58,114,0,3.57e-06,40.1839
1,59,114,0,0,40.1838
1,60,114,0,0,40.1844
1,61,114,0,0,40.1845
1,62,114,0,2.145e-06,40.1855
1,63,114,0,5.355e-06,40.1864
1,64,114,0,1.68188e-05,40.187
1,65,114,0,0,40.1855
1,66,114,0,0,40.1844
1,67,114,0,0,40.1835
1,68,114,0,4.4625e-06,40.1832
1,69,114,0,1.5015e-05,40.1832
1,70,114,0,1.179e-05,40.1824
1,71,114,0,0,40.1813
1,72,114,0,8.925e-06,40.1813
1,73,114,0,6.075e-06,40.1806
1,74,114,0,0,40.1794
1,75,114,0,0,40.1782
1,76,114,0,0,40.1772
1,77,114,0,0,40.1765
1,78,114,0,7.14e-06,40.1762
1,79,114,0,0,40.1747
1,80,114,0,0,40.1741
1,81,114,0,7.5075e-06,40.1743
1,82,114,0,8.925e-07,40.1743
1,83,114,0,0,40.1738
1,84,114,0,0,40.1741
1,85,114,0,7.5075e-06,40.1751
1,86,114,0,0,40.1752
1,87,114,0,4.4625e-06,40.1749
1,88,114,0,0,40.1737
1,89,114,0,0,40.1731
1,90,114,0,0,40.1728
1,91,114,0,4.4625e-06,40.1729
1,92,114,0,8.925e-07,40.1726
1,93,114,0,5.355e-06,40.1717
1,94,114,0,0,40.1709
1,95,114,0,5.3625e-06,40.1709
1,96,114,0,3.57e-06,40.1714
1,97,114,0,0,40.1722
1,98,114,0,8.0325e-06,40.1726
1,99,114,0,1.0725e-06,40.1712
1,100,114,0,4.29e-06,40.17
1,101,114,0,0,40.1696
1,102,114,0,2.01825e-05,40.1695
1,103,114,0,0,40.1675
1,104,114,0,0,40.1661
1,105,114,0,8.925e-07,40.1653
1,106,114,0,0,40.1649
1,107,114,0,0,40.1651
1,108,114,0,0,40.1648
1,109,114,0,0,40.1647
1,110,114,0,0,40.1646
1,111,114,0,0,40.1647
1,112,114,0,0,40.1649
1,113,114,0,6.2475e-06,40.165
1,114,114,0,0,40.1644
1,115,114,0,6.435e-06,40.1628
1,116,114,0,0,40.1612
1,117,114,0,0,40.1601
1,118,114,0,8.925e-07,40.1596
1,119,114,0,0,40.1583
1,120,114,0,0,40.1566
1,121,114,0,0,40.1554
1,122,114,0,0,40.1542
1,123,114,0,0,40.153
1,124,114,0,0,40.152
1,125,114,0,0,40.1513
1,126,114,0,6.2475e-06,40.1503
1,127,114,0,0,40.1487
1,0,115,0,1.68188e-05,40.1998
1,1,115,0,0,40.1979
1,2,115,0,0,40.1962
1,3,115,0,0,40.1946
1,4,115,0,0,40.1931
1,5,115,0,0,40.1919
1,6,115,0,0,40.1909
1,7,115,0,0,40.19
1,8,115,0,0,40.1888
1,9,115,0,0,40.1876
1,10,115,0,0,40.1864
1,11,115,0,0,40.1853
1,12,115,0,0,40.1842
1,13,115,0,0,40.183
1,14,115,0,0,40.1819
1,15,115,0,0,40.1807
1,16,115,0,0,40.1799
1,17,115,0,0,40.1794
1,18,115,0,0,40.1789
1,19,115,0,0,40.1785
1,20,115,0,0,40.1781
1,21,115,0,0,40.1778
1,22,115,0,0,40.1774
1,23,115,0,0,40.177
1,24,115,0,0,40.1768
1,25,115,0,0,40.1768
1,26,115,0,0,40.1767
1,27,115,0,0,40.1765
1,28,115,0,0,40.1766
1,29,115,0,0,40.1767
1,30,115,0,0,40.1768
1,31,115,0,0,40.1766
1,32,115,0,0,40.1764
1,33,115,0,0,40.1762
1,34,115,0,0,40.1762
1,35,115,0,0,40.1763
1,36,115,0,0,40.1765
1,37,115,0,0,40.1768
1,38,115,0,0,40.1771
1,39,115,0,0,40.1773
1,40,115,0,0,40.1774
1,41,115,0,0,40.1774
1,42,115,0,0,40.1771
1,43,115,0,0,40.1769
1,44,115,0,0,40.1768
1,45,115,0,0,40.1766
1,46,115,0,0,40.1764
1,47,115,0,0,40.1764
1,48,115,0,0,40.1764
1,49,115,0,0,40.1763
1,50,115,0,0,40.1761
1,51,115,0,0,40.1759
1,52,115,0,0,40.1757
1,53,115,0,0,40.1756
1,54,115,0,0,40.1758
1,55,115,0,0,40.1761
1,56,115,0,0,40.1764
1,57,115,0,0,40.1767
1,58,115,0,0,40.177
1,59,115,0,0,40.1773
1,60,115,0,0,40.1777
1,61,115,0,0,40.1782
1,62,115,0,0,40.179
1,63,115,0,0,40.1799
1,64,115,0,1.68188e-05,40.1809
1,65,115,0,0,40.1794
1,66,115,0,0,40.1782
1,67,115,0,0,40.1773
1,68,115,0,0,40.1766
1,69,115,0,0,40.1761
1,70,115,0,0,40.1754
1,71,115,0,0,40.1746
1,72,115,0,0,40.174
1,73,115,0,0,40.1733
1,74,115,0,0,40.1724
1,75,115,0,0,40.1715
1,76,115,0,0,40.1706
1,77,115,0,0,40.1699
1,78,115,0,0,40.1693
1,79,115,0,0,40.1685
1,80,115,0,0,40.1679
1,81,115,0,0,40.1677
1,82,115,0,0,40.1676
1,83,115,0,0,40.1673
1,84,115,0,0,40.1674
1,85,115,0,0,40.1677
1,86,115,0,0,40.1676
1,87,115,0,0,40.1673
1,88,115,0,0,40.1667
1,89,115,0,0,40.1662
1,90,115,0,0,40.1659
1,91,115,0,0,40.1657
1,92,115,0,0,40.1654
1,93,115,0,0,40.1649
1,94,115,0,0,40.1644
1,95,115,0,0,40.1643
1,96,115,0,0,40.1644
1,97,115,0,0,40.1646
1,98,115,0,0,40.1645
1,99,115,0,0,40.1638
1,100,115,0,0,40.1631
1,101,115,0,0,40.1625
1,102,115,0,0,40.1619
1,103,115,0,0,40.1608
1,104,115,0,0,40.1598
1,105,115,0,0,40.1591
1,106,115,0,0,40.1587
1,107,115,0,0,40.1585
1,108,115,0,0,40.1582
1,109,115,0,0,40.1581
1,110,115,0,0,40.1579
1,111,115,0,0,40.1578
1,112,115,0,0,40.1577
1,113,115,0,0,40.1574
1,114,115,0,0,40.1568
1,115,115,0,0,40.1558
1,116,115,0,0,40.1547
1,117,115,0,0,40.1537
1,118,115,0,0,40.1528
1,119,115,0,0,40.1518
1,120,115,0,0,40.1505
1,121,115,0,0,40.1494
1,122,115,0,0,40.1484
1,123,115,0,0,40.1474
1,124,115,0,0,40.1465
1,125,115,0,0,40.1458
1,126,115,0,0,40.1449
1,127,115,0,0,40.144
1,0,116,0,1.68188e-05,40.194
1,1,116,0,0,40.1919
1,2,116,0,0,40.1901
1,3,116,0,0,40.1885
1,4,116,0,0,40.1869
1,5,116,0,0,40.1856
1,6,116,0,0,40.1844
1,7,116,0,0,40.1833
1,8,116,0,0,40.1822
1,9,116,0,0,40.181
1,10,116,0,0,40.1799
1,11,116,0,0,40.1788
1,12,116,0,0,40.1777
1,13,116,0,0,40.1766
1,14,116,0,0,40.1756
1,15,116,0,0,40.1747
1,16,116,0,0,40.1739
1,17,116,0,0,40.1732
1,18,116,0,0,40.1727
1,19,116,0,0,40.1722
1,20,116,0,0,40.1718
1,21,116,0,0,40.1714
1,22,116,0,0,40.1711
1,23,116,0,0,40.1708
1,24,116,0,0,40.1705
1,25,116,0,0,40.1704
1,26,116,0,0,40.1703
1,27,116,0,0,40.1701
1,28,116,0,0,40.1701
1,29,116,0,0,40.1701
1,30,116,0,0,40.1701
1,31,116,0,0,40.17
1,32,116,0,0,40.1698
1,33,116,0,0,40.1698
1,34,116,0,0,40.1698
1,35,116,0,0,40.1698
1,36,116,0,0,40.1699
1,37,116,0,0,40.1701
1,38,116,0,0,40.1703
1,39,116,0,0,40.1704
1,40,116,0,0,40.1705
1,41,116,0,0,40.1704
1,42,116,0,0,40.1703
1,43,116,0,0,40.1702
1,44,116,0,0,40.1701
1,45,116,0,0,40.1699
1,46,116,0,0,40.1699
1,47,116,0,0,40.1698
1,48,116,0,0,40.1698
1,49,116,0,0,40.1697
1,50,116,0,0,40.1696
1,51,116,0,0,40.1695
1,52,116,0,0,40.1695
1,53,116,0,0,40.1695
1,54,116,0,0,40.1696
1,55,116,0,0,40.1699
1,56,116,0,0,40.1702
1,57,116,0,0,40.1705
1,58,116,0,0,40.1709
1,59,116,0,0,40.1713
1,60,116,0,0,40.1718
1,61,116,0,0,40.1724
1,62,116,0,0,40.1732
1,63,116,0,0,40.1741
1,64,116,0,1.68188e-05,40.1751
1,65,116,0,0,40.1737
1,66,116,0,0,40.1725
1,67,116,0,0,40.1714
1,68,116,0,0,40.1706
1,69,116,0,0,40.1699
1,70,116,0,0,40.1691
1,71,116,0,0,40.1684
1,72,116,0,0,40.1677
1,73,116,0,0,40.1669
1,74,116,0,0,40.1661
1,75,116,0,0,40.1653
1,76,116,0,0,40.1645
1,77,116,0,0,40.1638
1,78,116,0,0,40.1632
1,79,116,0,0,40.1626
1,80,116,0,0,40.1621
1,81,116,0,0,40.1617
1,82,116,0,0,40.1615
1,83,116,0,0,40.1613
1,84,116,0,0,40.1612
1,85,116,0,0,40.1612
1,86,116,0,0,40.161
1,87,116,0,0,40.1607
1,88,116,0,0,40.1603
1,89,116,0,0,40.16
1,90,116,0,0,40.1596
1,91,116,0,0,40.1593
1,92,116,0,0,40.159
1,93,116,0,0,40.1586
1,94,116,0,0,40.1583
1,95,116,0,0,40.1581
1,96,116,0,0,40.158
1,97,116,0,0,40.1579
1,98,116,0,0,40.1577
1,99,116,0,0,40.1572
1,100,116,0,0,40.1566
1,101,116,0,0,40.156
1,102,116,0,0,40.1554
1,103,116,0,0,40.1546
1,104,116,0,0,40.1539
1,105,116,0,0,40.1533
1,106,116,0,0,40.1528
1,107,116,0,0,40.1525
1,108,116,0,0,40.1522
1,109,116,0,0,40.152
1,110,116,0,0,40.1517
1,111,116,0,0,40.1515
1,112,116,0,0,40.1513
1,113,116,0,0,40.1509
1,114,116,0,0,40.1503
1,115,116,0,0,40.1495
1,116,116,0,0,40.1486
1,117,116,0,0,40.1478
1,118,116,0,0,40.1469
1,119,116,0,0,40.146
1,120,116,0,0,40.145
1,121,116,0,0,40.144
1,122,116,0,0,40.1431
1,123,116,0,0,40.1423
1,124,116,0,0,40.1415
1,125,116,0,0,40.1408
1,126,116,0,0,40.1402
1,127,116,0,0,40.1396
1,0,117,0,1.68188e-05,40.1887
1,1,117,0,0,40.1865
1,2,117,0,0,40.1846
1,3,117,0,0,40.1829
1,4,117,0,0,40.1813
1,5,117,0,0,40.1799
1,6,117,0,0,40.1786
1,7,117,0,0,40.1774
1,8,117,0,0,40.1763
1,9,117,0,0,40.1751
1,10,117,0,0,40.174
1,11,117,0,0,40.1729
1,12,117,0,0,40.1719
1,13,117,0,0,40.1709
1,14,117,0,0,40.1699
1,15,117,0,0,40.1691
1,16,117,0,0,40.1683
1,17,117,0,0,40.1676
1,18,117,0,0,40.1671
1,19,117,0,0,40.1666
1,20,117,0,0,40.1661
1,21,117,0,0,40.1657
1,22,117,0,0,40.1654
1,23,117,0,0,40.1651
1,24,117,0,0,40.1648
1,25,117,0,0,40.1646
1,26,117,0,0,40.1645
1,27,117,0,0,40.1643
1,28,117,0,0,40.1642
1,29,117,0,0,40.1642
1,30,117,0,0,40.1641
1,31,117,0,0,40.164
1,32,117,0,0,40.1639
1,33,117,0,0,40.1639
1,34,117,0,0,40.1639
1,35,117,0,0,40.1639
1,36,117,0,0,40.164
1,37,117,0,0,40.1641
1,38,117,0,0,40.1642
1,39,117,0,0,40.1642
1,40,117,0,0,40.1643
1,41,117,0,0,40.1643
1,42,117,0,0,40.1642
1,43,117,0,0,40.1641
1,44,117,0,0,40.164
1,45,117,0,0,40.164
1,46,117,0,0,40.1639
1,47,117,0,0,40.1639
1,48,117,0,0,40.1638
1,49,117,0,0,40.1638
1,50,117,0,0,40.1638
1,51,117,0,0,40.1638
1,52,117,0,0,40.1638
1,53,117,0,0,40.1639
1,54,117,0,0,40.164
1,55,117,0,0,40.1643
1,56,117,0,0,40.1646
1,57,117,0,0,40.1649
1,58,117,0,0,40.1653
1,59,117,0,0,40.1658
1,60,117,0,0,40.1664
1,61,117,0,0,40.167
1,62,117,0,0,40.1678
1,63,117,0,0,40.1688
1,64,117,0,1.68188e-05,40.1699
1,65,117,0,0,40.1684
1,66,117,0,0,40.1672
1,67,117,0,0,40.1661
1,68,117,0,0,40.1651
1,69,117,0,0,40.1643
1,70,117,0,0,40.1635
1,71,117,0,0,40.1627
1,72,117,0,0,40.162
1,73,117,0,0,40.1612
1,74,117,0,0,40.1604
1,75,117,0,0,40.1597
1,76,117,0,0,40.159
1,77,117,0,0,40.1583
1,78,117,0,0,40.1577
1,79,117,0,0,40.1571
1,80,117,0,0,40.1567
1,81,117,0,0,40.1563
1,82,117,0,0,40.156
1,83,117,0,0,40.1557
1,84,117,0,0,40.1556
1,85,117,0,0,40.1554
1,86,117,0,0,40.1552
1,87,117,0,0,40.1549
1,88,117,0,0,40.1546
1,89,117,0,0,40.1542
1,90,117,0,0,40.1539
1,91,117,0,0,40.1536
1,92,117,0,0,40.1533
1,93,117,0,0,40.1529
1,94,117,0,0,40.1526
1,95,117,0,0,40.1524
1,96,117,0,0,40.1522
1,97,117,0,0,40.152
1,98,117,0,0,40.1517
1,99,117,0,0,40.1513
1,100,117,0,0,40.1508
1,101,117,0,0,40.1502
1,102,117,0,0,40.1497
1,103,117,0,0,40.1491
1,104,117,0,0,40.1485
1,105,117,0,0,40.1479
1,106,117,0,0,40.1475
1,107,117,0,0,40.1471
1,108,117,0,0,40.1468
1,109,117,0,0,40.1465
1,110,117,0,0,40.1462
1,111,117,0,0,40.1459
1,112,117,0,0,40.1455
1,113,117,0,0,40.1451
1,114,117,0,0,40.1446
1,115,117,0,0,40.1439
1,116,117,0,0,40.1431
1,117,117,0,0,40.1424
1,118,117,0,0,40.1416
1,119,117,0,0,40.1408
1,120,117,0,0,40.14
1,121,117,0,0,40.1391
1,122,117,0,0,40.1384
1,123,117,0,0,40.1376
1,124,117,0,0,40.137
1,125,117,0,0,40.1364
1,126,117,0,0,40.1359
1,127,117,0,0,40.1355
1,0,118,0,1.68188e-05,40.1838
1,1,118,0,0,40.1816
1,2,118,0,0,40.1797
1,3,118,0,0,40.1779
1,4,118,0,0,40.1763
1,5,118,0,0,40.1748
1,6,118,0,0,40.1735
1,7,118,0,0,40.1722
1,8,118,0,0,40.171
1,9,118,0,0,40.1698
1,10,118,0,0,40.1687
1,11,118,0,0,40.1677
1,12,118,0,0,40.1667
1,13,118,0,0,40.1657
1,14,118,0,0,40.1648
1,15,118,0,0,40.164
1,16,118,0,0,40.1632
1,17,118,0,0,40.1626
1,18,118,0,0,40.162
1,19,118,0,0,40.1615
1,20,118,0,0,40.161
1,21,118,0,0,40.1606
1,22,118,0,0,40.1602
1,23,118,0,0,40.1599
1,24,118,0,0,40.1596
1,25,118,0,0,40.1594
1,26,118,0,0,40.1592
1,27,118,0,0,40.1591
1,28,118,0,0,40.159
1,29,118,0,0,40.1589
1,30,118,0,0,40.1588
1,31,118,0,0,40.1587
1,32,118,0,0,40.1586
1,33,118,0,0,40.1586
1,34,118,0,0,40.1585
1,35,118,0,0,40.1585
1,36,118,0,0,40.1586
1,37,118,0,0,40.1586
1,38,118,0,0,40.1587
1,39,118,0,0,40.1587
1,40,118,0,0,40.1588
1,41,118,0,0,40.1587
1,42,118,0,0,40.1587
1,43,118,0,0,40.1587
1,44,118,0,0,40.1586
1,45,118,0,0,40.1586
1,46,118,0,0,40.1585
1,47,118,0,0,40.1585
1,48,118,0,0,40.1585
1,49,118,0,0,40.1585
1,50,118,0,0,40.1585
1,51,118,0,0,40.1586
1,52,118,0,0,40.1587
1,53,118,0,0,40.1588
1,54,118,0,0,40.159
1,55,118,0,0,40.1592
1,56,118,0,0,40.1595
1,57,118,0,0,40.1599
1,58,118,0,0,40.1603
1,59,118,0,0,40.1609
1,60,118,0,0,40.1615
1,61,118,0,0,40.1622
1,62,118,0,0,40.163
1,63,118,0,0,40.164
1,64,118,0,1.68188e-05,40.1651
1,65,118,0,0,40.1637
1,66,118,0,0,40.1624
1,67,118,0,0,40.1612
1,68,118,0,0,40.1602
1,69,118,0,0,40.1593
1,70,118,0,0,40.1585
1,71,118,0,0,40.1577
1,72,118,0,0,40.1569
1,73,118,0,0,40.1561
1,74,118,0,0,40.1554
1,75,118,0,0,40.1547
1,76,118,0,0,40.154
1,77,118,0,0,40.1533
1,78,118,0,0,40.1528
1,79,118,0,0,40.1522
1,80,118,0,0,40.1518
1,81,118,0,0,40.1514
1,82,118,0,0,40.151
1,83,118,0,0,40.1507
1,84,118,0,0,40.1505
1,85,118,0,0,40.1502
1,86,118,0,0,40.15
1,87,118,0,0,40.1497
1,88,118,0,0,40.1494
1,89,118,0,0,40.1491
1,90,118,0,0,40.1487
1,91,118,0,0,40.1484
1,92,118,0,0,40.1481
1,93,118,0,0,40.1478
1,94,118,0,0,40.1475
1,95,118,0,0,40.1472
1,96,118,0,0,40.147
1,97,118,0,0,40.1467
1,98,118,0,0,40.1464
1,99,118,0,0,40.146
1,100,118,0,0,40.1455
1,101,118,0,0,40.1451
1,102,118,0,0,40.1446
1,103,118,0,0,40.144
1,104,118,0,0,40.1435
1,105,118,0,0,40.143
1,106,118,0,0,40.1426
1,107,118,0,0,40.1422
1,108,118,0,0,40.1418
1,109,118,0,0,40.1415
1,110,118,0,0,40.1412
1,111,118,0,0,40.1408
1,112,118,0,0,40.1404
1,113,118,0,0,40.14
1,114,118,0,0,40.1395
1,115,118,0,0,40.1389
1,116,118,0,0,40.1382
1,117,118,0,0,40.1376
1,118,118,0,0,40.1369
1,119,118,0,0,40.1362
1,120,118,0,0,40.1354
1,121,118,0,0,40.1347
1,122,118,0,0,40.1341
1,123,118,0,0,40.1334
1,124,118,0,0,40.1329
1,125,118,0,0,40.1324
1,126,118,0,0,40.132
1,127,118,0,0,40.1317
1,0,119,0,1.68188e-05,40.1795
1,1,119,0,0,40.1772
1,2,119,0,0,40.1752
1,3,119,0,0,40.1734
1,4,119,0,0,40.1717
1,5,119,0,0,40.1702
1,6,119,0,0,40.1688
1,7,119,0,0,40.1675
1,8,119,0,0,40.1663
1,9,119,0,0,40.1652
1,10,119,0,0,40.1641
1,11,119,0,0,40.163
1,12,119,0,0,40.162
1,13,119,0,0,40.1611
1,14,119,0,0,40.1602
1,15,119,0,0,40.1594
1,16,119,0,0,40.1587
1,17,119,0,0,40.158
1,18,119,0,0,40.1574
1,19,119,0,0,40.1569
1,20,119,0,0,40.1564
1,21,119,0,0,40.156
1,22,119,0,0,40.1556
1,23,119,0,0,40.1553
1,24,119,0,0,40.155
1,25,119,0,0,40.1548
1,26,119,0,0,40.1546
1,27,119,0,0,40.1544
1,28,119,0,0,40.1543
1,29,119,0,0,40.1541
1,30,119,0,0,40.154
1,31,119,0,0,40.1539
1,32,119,0,0,40.1539
1,33,119,0,0,40.1538
1,34,119,0,0,40.1538
1,35,119,0,0,40.1538
1,36,119,0,0,40.1538
1,37,119,0,0,40.1538
1,38,119,0,0,40.1538
1,39,119,0,0,40.1538
1,40,119,0,0,40.1539
1,41,119,0,0,40.1538
1,42,119,0,0,40.1538
1,43,119,0,0,40.1538
1,44,119,0,0,40.1538
1,45,119,0,0,40.1538
1,46,119,0,0,40.1538
1,47,119,0,0,40.1538
1,48,119,0,0,40.1538
1,49,119,0,0,40.1538
1,50,119,0,0,40.1539
1,51,119,0,0,40.1539
1,52,119,0,0,40.1541
1,53,119,0,0,40.1542
1,54,119,0,0,40.1544
1,55,119,0,0,40.1547
1,56,119,0,0,40.155
1,57,119,0,0,40.1554
1,58,119,0,0,40.1559
1,59,119,0,0,40.1564
1,60,119,0,0,40.1571
1,61,119,0,0,40.1578
1,62,119,0,0,40.1587
1,63,119,0,0,40.1597
1,64,119,0,1.68188e-05,40.1608
1,65,119,0,0,40.1593
1,66,119,0,0,40.158
1,67,119,0,0,40.1569
1,68,119,0,0,40.1558
1,69,119,0,0,40.1549
1,70,119,0,0,40.154
1,71,119,0,0,40.1531
1,72,119,0,0,40.1524
1,73,119,0,0,40.1516
1,74,119,0,0,40.1509
1,75,119,0,0,40.1502
1,76,119,0,0,40.1495
1,77,119,0,0,40.1489
1,78,119,0,0,40.1483
1,79,119,0,0,40.1478
1,80,119,0,0,40.1473
1,81,119,0,0,40.1469
1,82,119,0,0,40.1466
1,83,119,0,0,40.1462
1,84,119,0,0,40.1459
1,85,119,0,0,40.1457
1,86,119,0,0,40.1454
1,87,119,0,0,40.1451
1,88,119,0,0,40.1448
1,89,119,0,0,40.1444
1,90,119,0,0,40.1441
1,91,119,0,0,40.1438
1,92,119,0,0,40.1435
1,93,119,0,0,40.1432
1,94,119,0,0,40.1429
1,95,119,0,0,40.1426
1,96,119,0,0,40.1423
1,97,119,0,0,40.142
1,98,119,0,0,40.1417
1,99,119,0,0,40.1413
1,100,119,0,0,40.1409
1,101,119,0,0,40.1405
1,102,119,0,0,40.14
1,103,119,0,0,40.1395
1,104,119,0,0,40.1391
1,105,119,0,0,40.1386
1,106,119,0,0,40.1382
1,107,119,0,0,40.1378
1,108,119,0,0,40.1374
1,109,119,0,0,40.1371
1,110,119,0,0,40.1367
1,111,119,0,0,40.1363
1,112,119,0,0,40.1359
1,113,119,0,0,40.1355
1,114,119,0,0,40.135
1,115,119,0,0,40.1345
1,116,119,0,0,40.1339
1,117,119,0,0,40.1333
1,118,119,0,0,40.1327
1,119,119,0,0,40.132
1,120,119,0,0,40.1314
1,121,119,0,0,40.1308
1,122,119,0,0,40.1302
1,123,119,0,0,40.1297
1,124,119,0,0,40.1292
1,125,119,0,0,40.1288
1,126,119,0,0,40.1284
1,127,119,0,0,40.1282
1,0,120,0,1.68188e-05,40.1755
1,1,120,0,0,40.1732
1,2,120,0,0,40.1712
1,3,120,0,0,40.1694
1,4,120,0,0,40.1677
1,5,120,0,0,40.1661
1,6,120,0,0,40.1647
1,7,120,0,0,40.1634
1,8,120,0,0,40.1622
1,9,120,0,0,40.161
1,10,120,0,0,40.1599
1,11,120,0,0,40.1589
1,12,120,0,0,40.1579
1,13,120,0,0,40.157
1,14,120,0,0,40.1562
1,15,120,0,0,40.1554
1,16,120,0,0,40.1546
1,17,120,0,0,40.154
1,18,120,0,0,40.1534
1,19,120,0,0,40.1529
1,20,120,0,0,40.1524
1,21,120,0,0,40.1519
1,22,120,0,0,40.1516
1,23,120,0,0,40.1512
1,24,120,0,0,40.1509
1,25,120,0,0,40.1507
1,26,120,0,0,40.1505
1,27,120,0,0,40.1503
1,28,120,0,0,40.1501
1,29,120,0,0,40.15
1,30,120,0,0,40.1498
1,31,120,0,0,40.1497
1,32,120,0,0,40.1497
1,33,120,0,0,40.1496
1,34,120,0,0,40.1495
1,35,120,0,0,40.1495
1,36,120,0,0,40.1495
1,37,120,0,0,40.1495
1,38,120,0,0,40.1495
1,39,120,0,0,40.1495
1,40,120,0,0,40.1495
1,41,120,0,0,40.1495
1,42,120,0,0,40.1495
1,43,120,0,0,40.1495
1,44,120,0,0,40.1495
1,45,120,0,0,40.1495
1,46,120,0,0,40.1495
1,47,120,0,0,40.1495
1,48,120,0,0,40.1496
1,49,120,0,0,40.1496
1,50,120,0,0,40.1497
1,51,120,0,0,40.1498
1,52,120,0,0,40.15
1,53,120,0,0,40.1502
1,54,120,0,0,40.1504
1,55,120,0,0,40.1507
1,56,120,0,0,40.1511
1,57,120,0,0,40.1515
1,58,120,0,0,40.152
1,59,120,0,0,40.1525
1,60,120,0,0,40.1532
1,61,120,0,0,40.1539
1,62,120,0,0,40.1548
1,63,120,0,0,40.1558
1,64,120,0,1.68188e-05,40.1569
1,65,120,0,0,40.1555
1,66,120,0,0,40.1542
1,67,120,0,0,40.153
1,68,120,0,0,40.1519
1,69,120,0,0,40.1509
1,70,120,0,0,40.15
1,71,120,0,0,40.1492
1,72,120,0,0,40.1484
1,73,120,0,0,40.1476
1,74,120,0,0,40.1469
1,75,120,0,0,40.1462
1,76,120,0,0,40.1456
1,77,120,0,0,40.145
1,78,120,0,0,40.1444
1,79,120,0,0,40.1439
1,80,120,0,0,40.1434
1,81,120,0,0,40.143
1,82,120,0,0,40.1426
1,83,120,0,0,40.1422
1,84,120,0,0,40.1419
1,85,120,0,0,40.1416
1,86,120,0,0,40.1413
1,87,120,0,0,40.141
1,88,120,0,0,40.1407
1,89,120,0,0,40.1404
1,90,120,0,0,40.1401
1,91,120,0,0,40.1397
1,92,120,0,0,40.1394
1,93,120,0,0,40.1391
1,94,120,0,0,40.1388
1,95,120,0,0,40.1385
1,96,120,0,0,40.1382
1,97,120,0,0,40.1379
1,98,120,0,0,40.1376
1,99,120,0,0,40.1372
1,100,120,0,0,40.1368
1,101,120,0,0,40.1364
1,102,120,0,0,40.136
1,103,120,0,0,40.1355
1,104,120,0,0,40.1351
1,105,120,0,0,40.1347
1,106,120,0,0,40.1343
1,107,120,0,0,40.1339
1,108,120,0,0,40.1335
1,109,120,0,0,40.1331
1,110,120,0,0,40.1328
1,111,120,0,0,40.1324
1,112,120,0,0,40.132
1,113,120,0,0,40.1315
1,114,120,0,0,40.1311
1,115,120,0,0,40.1306
1,116,120,0,0,40.1301
1,117,120,0,0,40.1295
1,118,120,0,0,40.1289
1,119,120,0,0,40.1284
1,120,120,0,0,40.1278
1,121,120,0,0,40.1273
1,122,120,0,0,40.1268
1,123,120,0,0,40.1263
1,124,120,0,0,40.1259
1,125,120,0,0,40.1256
1,126,120,0,0,40.1253
1,127,120,0,0,40.1251
1,0,121,0,1.68188e-05,40.172
1,1,121,0,0,40.1697
1,2,121,0,0,40.1677
1,3,121,0,0,40.1658
1,4,121,0,0,40.1641
1,5,121,0,0,40.1626
1,6,121,0,0,40.1611
1,7,121,0,0,40.1598
1,8,121,0,0,40.1585
1,9,121,0,0,40.1574
1,10,121,0,0,40.1563
1,11,121,0,0,40.1553
1,12,121,0,0,40.1543
1,13,121,0,0,40.1534
1,14,121,0,0,40.1526
1,15,121,0,0,40.1518
1,16,121,0,0,40.1511
1,17,121,0,0,40.1504
1,18,121,0,0,40.1498
1,19,121,0,0,40.1493
1,20,121,0,0,40.1488
1,21,121,0,0,40.1484
1,22,121,0,0,40.148
1,23,121,0,0,40.1476
1,24,121,0,0,40.1473
1,25,121,0,0,40.1471
1,26,121,0,0,40.1468
1,27,121,0,0,40.1466
1,28,121,0,0,40.1464
1,29,121,0,0,40.1463
1,30,121,0,0,40.1462
1,31,121,0,0,40.1461
1,32,121,0,0,40.146
1,33,121,0,0,40.1459
1,34,121,0,0,40.1458
1,35,121,0,0,40.1458
1,36,121,0,0,40.1458
1,37,121,0,0,40.1458
1,38,121,0,0,40.1458
1,39,121,0,0,40.1458
1,40,121,0,0,40.1458
1,41,121,0,0,40.1458
1,42,121,0,0,40.1458
1,43,121,0,0,40.1458
1,44,121,0,0,40.1458
1,45,121,0,0,40.1458
1,46,121,0,0,40.1458
1,47,121,0,0,40.1459
1,48,121,0,0,40.1459
1,49,121,0,0,40.146
1,50,121,0,0,40.1461
1,51,121,0,0,40.1462
1,52,121,0,0,40.1464
1,53,121,0,0,40.1466
1,54,121,0,0,40.1469
1,55,121,0,0,40.1472
1,56,121,0,0,40.1476
1,57,121,0,0,40.148
1,58,121,0,0,40.1485
1,59,121,0,0,40.1491
1,60,121,0,0,40.1497
1,61,121,0,0,40.1505
1,62,121,0,0,40.1514
1,63,121,0,0,40.1524
1,64,121,0,1.68188e-05,40.1535
1,65,121,0,0,40.1521
1,66,121,0,0,40.1507
1,67,121,0,0,40.1495
1,68,121,0,0,40.1485
1,69,121,0,0,40.1475
1,70,121,0,0,40.1465
1,71,121,0,0,40.1457
1,72,121,0,0,40.1449
1,73,121,0,0,40.1441
1,74,121,0,0,40.1434
1,75,121,0,0,40.1427
1,76,121,0,0,40.1421
1,77,121,0,0,40.1415
1,78,121,0,0,40.1409
1,79,121,0,0,40.1404
1,80,121,0,0,40.14
1,81,121,0,0,40.1395
1,82,121,0,0,40.1391
1,83,121,0,0,40.1388
1,84,121,0,0,40.1384
1,85,121,0,0,40.1381
1,86,121,0,0,40.1377
1,87,121,0,0,40.1374
1,88,121,0,0,40.1371
1,89,121,0,0,40.1368
1,90,121,0,0,40.1365
1,91,121,0,0,40.1362
1,92,121,0,0,40.1359
1,93,121,0,0,40.1356
1,94,121,0,0,40.1352
1,95,121,0,0,40.1349
1,96,121,0,0,40.1346
1,97,121,0,0,40.1343
1,98,121,0,0,40.134
1,99,121,0,0,40.1336
1,100,121,0,0,40.1332
1,101,121,0,0,40.1328
1,102,121,0,0,40.1324
1,103,121,0,0,40.132
1,104,121,0,0,40.1316
1,105,121,0,0,40.1312
1,106,121,0,0,40.1308
1,107,121,0,0,40.1304
1,108,121,0,0,40.1301
1,109,121,0,0,40.1297
1,110,121,0,0,40.1293
1,111,121,0,0,40.1289
1,112,121,0,0,40.1285
1,113,121,0,0,40.1281
1,114,121,0,0,40.1277
1,115,121,0,0,40.1272
1,116,121,0,0,40.1267
1,117,121,0,0,40.1262
1,118,121,0,0,40.1257
1,119,121,0,0,40.1252
1,120,121,0,0,40.1247
1,121,121,0,0,40.1242
1,122,121,0,0,40.1238
1,123,121,0,0,40.1234
1,124,121,0,0,40.123
1,125,121,0,0,40.1227
1,126,121,0,0,40.1225
1,127,121,0,0,40.1223
1,0,122,0,1.68188e-05,40.1689
1,1,122,0,0,40.1666
1,2,122,0,0,40.1646
1,3,122,0,0,40.1627
1,4,122,0,0,40.161
1,5,122,0,0,40.1594
1,6,122,0,0,40.158
1,7,122,0,0,40.1567
1,8,122,0,0,40.1554
1,9,122,0,0,40.1543
1,10,122,0,0,40.1532
1,11,122,0,0,40.1522
1,12,122,0,0,40.1512
1,13,122,0,0,40.1503
1,14,122,0,0,40.1495
1,15,122,0,0,40.1487
1,16,122,0,0,40.148
1,17,122,0,0,40.1474
1,18,122,0,0,40.1468
1,19,122,0,0,40.1462
1,20,122,0,0,40.1457
1,21,122,0,0,40.1453
1,22,122,0,0,40.1449
1,23,122,0,0,40.1445
1,24,122,0,0,40.1442
1,25,122,0,0,40.1439
1,26,122,0,0,40.1437
1,27,122,0,0,40.1435
1,28,122,0,0,40.1433
1,29,122,0,0,40.1431
1,30,122,0,0,40.143
1,31,122,0,0,40.1429
1,32,122,0,0,40.1428
1,33,122,0,0,40.1427
1,34,122,0,0,40.1426
1,35,122,0,0,40.1426
1,36,122,0,0,40.1425
1,37,122,0,0,40.1425
1,38,122,0,0,40.1425
1,39,122,0,0,40.1425
1,40,122,0,0,40.1425
1,41,122,0,0,40.1425
1,42,122,0,0,40.1425
1,43,122,0,0,40.1425
1,44,122,0,0,40.1425
1,45,122,0,0,40.1426
1,46,122,0,0,40.1426
1,47,122,0,0,40.1427
1,48,122,0,0,40.1427
1,49,122,0,0,40.1428
1,50,122,0,0,40.143
1,51,122,0,0,40.1431
1,52,122,0,0,40.1433
1,53,122,0,0,40.1435
1,54,122,0,0,40.1438
1,55,122,0,0,40.1441
1,56,122,0,0,40.1445
1,57,122,0,0,40.145
1,58,122,0,0,40.1455
1,59,122,0,0,40.1461
1,60,122,0,0,40.1467
1,61,122,0,0,40.1475
1,62,122,0,0,40.1484
1,63,122,0,0,40.1494
1,64,122,0,1.68188e-05,40.1505
1,65,122,0,0,40.1491
1,66,122,0,0,40.1477
1,67,122,0,0,40.1465
1,68,122,0,0,40.1455
1,69,122,0,0,40.1445
1,70,122,0,0,40.1435
1,71,122,0,0,40.1427
1,72,122,0,0,40.1419
1,73,122,0,0,40.1411
1,74,122,0,0,40.1404
1,75,122,0,0,40.1397
1,76,122,0,0,40.1391
1,77,122,0,0,40.1385
1,78,122,0,0,40.138
1,79,122,0,0,40.1374
1,80,122,0,0,40.137
1,81,122,0,0,40.1365
1,82,122,0,0,40.1361
1,83,122,0,0,40.1357
1,84,122,0,0,40.1354
1,85,122,0,0,40.135
1,86,122,0,0,40.1347
1,87,122,0,0,40.1344
1,88,122,0,0,40.134
1,89,122,0,0,40.1337
1,90,122,0,0,40.1334
1,91,122,0,0,40.1331
1,92,122,0,0,40.1328
1,93,122,0,0,40.1325
1,94,122,0,0,40.1322
1,95,122,0,0,40.1318
1,96,122,0,0,40.1315
1,97,122,0,0,40.1312
1,98,122,0,0,40.1309
1,99,122,0,0,40.1305
1,100,122,0,0,40.1301
1,101,122,0,0,40.1298
1,102,122,0,0,40.1294
1,103,122,0,0,40.129
1,104,122,0,0,40.1286
1,105,122,0,0,40.1282
1,106,122,0,0,40.1278
1,107,122,0,0,40.1275
1,108,122,0,0,40.1271
1,109,122,0,0,40.1267
1,110,122,0,0,40.1263
1,111,122,0,0,40.126
1,112,122,0,0,40.1256
1,113,122,0,0,40.1251
1,114,122,0,0,40.1247
1,115,122,0,0,40.1243
1,116,122,0,0,40.1238
1,117,122,0,0,40.1234
1,118,122,0,0,40.1229
1,119,122,0,0,40.1225
1,120,122,0,0,40.122
1,121,122,0,0,40.1216
1,122,122,0,0,40.1212
1,123,122,0,0,40.1208
1,124,122,0,0,40.1205
1,125,122,0,0,40.1202
1,126,122,0,0,40.12
1,127,122,0,0,40.1199
1,0,123,0,1.68188e-05,40.1662
1,1,123,0,0,40.1639
1,2,123,0,0,40.1619
1,3,123,0,0,40.16
1,4,123,0,0,40.1583
1,5,123,0,0,40.1568
1,6,123,0,0,40.1553
1,7,123,0,0,40.154
1,8,123,0,0,40.1528
1,9,123,0,0,40.1516
1,10,123,0,0,40.1505
1,11,123,0,0,40.1495
1,12,123,0,0,40.1486
1,13,123,0,0,40.1477
1,14,123,0,0,40.1469
1,15,123,0,0,40.1461
1,16,123,0,0,40.1454
1,17,123,0,0,40.1448
1,18,123,0,0,40.1442
1,19,123,0,0,40.1436
1,20,123,0,0,40.1431
1,21,123,0,0,40.1427
1,22,123,0,0,40.1423
1,23,123,0,0,40.1419
1,24,123,0,0,40.1416
1,25,123,0,0,40.1413
1,26,123,0,0,40.141
1,27,123,0,0,40.1408
1,28,123,0,0,40.1406
1,29,123,0,0,40.1404
1,30,123,0,0,40.1403
1,31,123,0,0,40.1402
1,32,123,0,0,40.1401
1,33,123,0,0,40.14
1,34,123,0,0,40.1399
1,35,123,0,0,40.1398
1,36,123,0,0,40.1398
1,37,123,0,0,40.1398
1,38,123,0,0,40.1398
1,39,123,0,0,40.1397
1,40,123,0,0,40.1397
1,41,123,0,0,40.1397
1,42,123,0,0,40.1398
1,43,123,0,0,40.1398
1,44,123,0,0,40.1398
1,45,123,0,0,40.1398
1,46,123,0,0,40.1399
1,47,123,0,0,40.14
1,48,123,0,0,40.1401
1,49,123,0,0,40.1402
1,50,123,0,0,40.1403
1,51,123,0,0,40.1405
1,52,123,0,0,40.1407
1,53,123,0,0,40.1409
1,54,123,0,0,40.1412
1,55,123,0,0,40.1415
1,56,123,0,0,40.1419
1,57,123,0,0,40.1424
1,58,123,0,0,40.1429
1,59,123,0,0,40.1435
1,60,123,0,0,40.1442
1,61,123,0,0,40.1449
1,62,123,0,0,40.1458
1,63,123,0,0,40.1468
1,64,123,0,1.68188e-05,40.1479
1,65,123,0,0,40.1465
1,66,123,0,0,40.1452
1,67,123,0,0,40.144
1,68,123,0,0,40.1429
1,69,123,0,0,40.1419
1,70,123,0,0,40.141
1,71,123,0,0,40.1401
1,72,123,0,0,40.1393
1,73,123,0,0,40.1385
1,74,123,0,0,40.1378
1,75,123,0,0,40.1372
1,76,123,0,0,40.1366
1,77,123,0,0,40.136
1,78,123,0,0,40.1354
1,79,123,0,0,40.1349
1,80,123,0,0,40.1344
1,81,123,0,0,40.134
1,82,123,0,0,40.1336
1,83,123,0,0,40.1332
1,84,123,0,0,40.1328
1,85,123,0,0,40.1324
1,86,123,0,0,40.1321
1,87,123,0,0,40.1318
1,88,123,0,0,40.1314
1,89,123,0,0,40.1311
1,90,123,0,0,40.1308
1,91,123,0,0,40.1305
1,92,123,0,0,40.1302
1,93,123,0,0,40.1298
1,94,123,0,0,40.1295
1,95,123,0,0,40.1292
1,96,123,0,0,40.1289
1,97,123,0,0,40.1286
1,98,123,0,0,40.1282
1,99,123,0,0,40.1279
1,100,123,0,0,40.1275
1,101,123,0,0,40.1272
1,102,123,0,0,40.1268
1,103,123,0,0,40.1264
1,104,123,0,0,40.1261
1,105,123,0,0,40.1257
1,106,123,0,0,40.1253
1,107,123,0,0,40.1249
1,108,123,0,0,40.1246
1,109,123,0,0,40.1242
1,110,123,0,0,40.1238
1,111,123,0,0,40.1234
1,112,123,0,0,40.123
1,113,123,0,0,40.1226
1,114,123,0,0,40.1222
1,115,123,0,0,40.1218
1,116,123,0,0,40.1214
1,117,123,0,0,40.121
1,118,123,0,0,40.1205
1,119,123,0,0,40.1201
1,120,123,0,0,40.1197
1,121,123,0,0,40.1193
1,122,123,0,0,40.119
1,123,123,0,0,40.1187
1,124,123,0,0,40.1184
1,125,123,0,0,40.1181
1,126,123,0,0,40.1179
1,127,123,0,0,40.1178
1,0,124,0,1.68188e-05,40.1639
1,1,124,0,0,40.1616
1,2,124,0,0,40.1596
1,3,124,0,0,40.1578
1,4,124,0,0,40.1561
1,5,124,0,0,40.1546
1,6,124,0,0,40.1531
1,7,124,0,0,40.1518
1,8,124,0,0,40.1506
1,9,124,0,0,40.1494
1,10,124,0,0,40.1483
1,11,124,0,0,40.1473
1,12,124,0,0,40.1464
1,13,124,0,0,40.1455
1,14,124,0,0,40.1447
1,15,124,0,0,40.1439
1,16,124,0,0,40.1432
1,17,124,0,0,40.1426
1,18,124,0,0,40.142
1,19,124,0,0,40.1415
1,20,124,0,0,40.141
1,21,124,0,0,40.1405
1,22,124,0,0,40.1401
1,23,124,0,0,40.1397
1,24,124,0,0,40.1394
1,25,124,0,0,40.1391
1,26,124,0,0,40.1388
1,27,124,0,0,40.1386
1,28,124,0,0,40.1384
1,29,124,0,0,40.1382
1,30,124,0,0,40.1381
1,31,124,0,0,40.1379
1,32,124,0,0,40.1378
1,33,124,0,0,40.1377
1,34,124,0,0,40.1377
1,35,124,0,0,40.1376
1,36,124,0,0,40.1375
1,37,124,0,0,40.1375
1,38,124,0,0,40.1375
1,39,124,0,0,40.1375
1,40,124,0,0,40.1375
1,41,124,0,0,40.1375
1,42,124,0,0,40.1375
1,43,124,0,0,40.1375
1,44,124,0,0,40.1375
1,45,124,0,0,40.1376
1,46,124,0,0,40.1377
1,47,124,0,0,40.1377
1,48,124,0,0,40.1378
1,49,124,0,0,40.138
1,50,124,0,0,40.1381
1,51,124,0,0,40.1383
1,52,124,0,0,40.1385
1,53,124,0,0,40.1388
1,54,124,0,0,40.1391
1,55,124,0,0,40.1394
1,56,124,0,0,40.1398
1,57,124,0,0,40.1403
1,58,124,0,0,40.1408
1,59,124,0,0,40.1414
1,60,124,0,0,40.142
1,61,124,0,0,40.1428
1,62,124,0,0,40.1436
1,63,124,0,0,40.1446
1,64,124,0,1.68188e-05,40.1457
1,65,124,0,0,40.1443
1,66,124,0,0,40.143
1,67,124,0,0,40.1418
1,68,124,0,0,40.1407
1,69,124,0,0,40.1398
1,70,124,0,0,40.1388
1,71,124,0,0,40.138
1,72,124,0,0,40.1372
1,73,124,0,0,40.1364
1,74,124,0,0,40.1357
1,75,124,0,0,40.1351
1,76,124,0,0,40.1344
1,77,124,0,0,40.1339
1,78,124,0,0,40.1333
1,79,124,0,0,40.1328
1,80,124,0,0,40.1323
1,81,124,0,0,40.1319
1,82,124,0,0,40.1314
1,83,124,0,0,40.131
1,84,124,0,0,40.1307
1,85,124,0,0,40.1303
1,86,124,0,0,40.1299
1,87,124,0,0,40.1296
1,88,124,0,0,40.1293
1,89,124,0,0,40.1289
1,90,124,0,0,40.1286
1,91,124,0,0,40.1283
1,92,124,0,0,40.128
1,93,124,0,0,40.1277
1,94,124,0,0,40.1274
1,95,124,0,0,40.127
1,96,124,0,0,40.1267
1,97,124,0,0,40.1264
1,98,124,0,0,40.1261
1,99,124,0,0,40.1257
1,100,124,0,0,40.1254
1,101,124,0,0,40.125
1,102,124,0,0,40.1247
1,103,124,0,0,40.1243
1,104,124,0,0,40.1239
1,105,124,0,0,40.1236
1,106,124,0,0,40.1232
1,107,124,0,0,40.1228
1,108,124,0,0,40.1225
1,109,124,0,0,40.1221
1,110,124,0,0,40.1217
1,111,124,0,0,40.1214
1,112,124,0,0,40.121
1,113,124,0,0,40.1206
1,114,124,0,0,40.1202
1,115,124,0,0,40.1198
1,116,124,0,0,40.1194
1,117,124,0,0,40.119
1,118,124,0,0,40.1186
1,119,124,0,0,40.1182
1,120,124,0,0,40.1178
1,121,124,0,0,40.1175
1,122,124,0,0,40.1171
1,123,124,0,0,40.1169
1,124,124,0,0,40.1166
1,125,124,0,0,40.1164
1,126,124,0,0,40.1162
1,127,124,0,0,40.1161
1,0,125,0,1.68188e-05,40.1619
1,1,125,0,0,40.1597
1,2,125,0,0,40.1577
1,3,125,0,0,40.156
1,4,125,0,0,40.1543
1,5,125,0,0,40.1528
1,6,125,0,0,40.1514
1,7,125,0,0,40.1501
1,8,125,0,0,40.1488
1,9,125,0,0,40.1477
1,10,125,0,0,40.1466
1,11,125,0,0,40.1456
1,12,125,0,0,40.1447
1,13,125,0,0,40.1438
1,14,125,0,0,40.143
1,15,125,0,0,40.1422
1,16,125,0,0,40.1415
1,17,125,0,0,40.1409
1,18,125,0,0,40.1403
1,19,125,0,0,40.1397
1,20,125,0,0,40.1392
1,21,125,0,0,40.1388
1,22,125,0,0,40.1384
1,23,125,0,0,40.138
1,24,125,0,0,40.1377
1,25,125,0,0,40.1374
1,26,125,0,0,40.1371
1,27,125,0,0,40.1369
1,28,125,0,0,40.1367
1,29,125,0,0,40.1365
1,30,125,0,0,40.1363
1,31,125,0,0,40.1362
1,32,125,0,0,40.1361
1,33,125,0,0,40.136
1,34,125,0,0,40.1359
1,35,125,0,0,40.1358
1,36,125,0,0,40.1358
1,37,125,0,0,40.1357
1,38,125,0,0,40.1357
1,39,125,0,0,40.1357
1,40,125,0,0,40.1357
1,41,125,0,0,40.1357
1,42,125,0,0,40.1357
1,43,125,0,0,40.1357
1,44,125,0,0,40.1358
1,45,125,0,0,40.1358
1,46,125,0,0,40.1359
1,47,125,0,0,40.136
1,48,125,0,0,40.1361
1,49,125,0,0,40.1362
1,50,125,0,0,40.1364
1,51,125,0,0,40.1366
1,52,125,0,0,40.1368
1,53,125,0,0,40.137
1,54,125,0,0,40.1374
1,55,125,0,0,40.1377
1,56,125,0,0,40.1381
1,57,125,0,0,40.1386
1,58,125,0,0,40.1391
1,59,125,0,0,40.1396
1,60,125,0,0,40.1403
1,61,125,0,0,40.141
1,62,125,0,0,40.1418
1,63,125,0,0,40.1428
1,64,125,0,1.68188e-05,40.1439
1,65,125,0,0,40.1425
1,66,125,0,0,40.1412
1,67,125,0,0,40.1401
1,68,125,0,0,40.139
1,69,125,0,0,40.1381
1,70,125,0,0,40.1371
1,71,125,0,0,40.1363
1,72,125,0,0,40.1355
1,73,125,0,0,40.1348
1,74,125,0,0,40.1341
1,75,125,0,0,40.1334
1,76,125,0,0,40.1328
1,77,125,0,0,40.1322
1,78,125,0,0,40.1316
1,79,125,0,0,40.1311
1,80,125,0,0,40.1306
1,81,125,0,0,40.1302
1,82,125,0,0,40.1298
1,83,125,0,0,40.1294
1,84,125,0,0,40.129
1,85,125,0,0,40.1286
1,86,125,0,0,40.1282
1,87,125,0,0,40.1279
1,88,125,0,0,40.1276
1,89,125,0,0,40.1272
1,90,125,0,0,40.1269
1,91,125,0,0,40.1266
1,92,125,0,0,40.1263
1,93,125,0,0,40.126
1,94,125,0,0,40.1256
1,95,125,0,0,40.1253
1,96,125,0,0,40.125
1,97,125,0,0,40.1247
1,98,125,0,0,40.1244
1,99,125,0,0,40.124
1,100,125,0,0,40.1237
1,101,125,0,0,40.1233
1,102,125,0,0,40.123
1,103,125,0,0,40.1226
1,104,125,0,0,40.1223
1,105,125,0,0,40.1219
1,106,125,0,0,40.1215
1,107,125,0,0,40.1212
1,108,125,0,0,40.1208
1,109,125,0,0,40.1205
1,110,125,0,0,40.1201
1,111,125,0,0,40.1197
1,112,125,0,0,40.1193
1,113,125,0,0,40.119
1,114,125,0,0,40.1186
1,115,125,0,0,40.1182
1,116,125,0,0,40.1178
1,117,125,0,0,40.1174
1,118,125,0,0,40.117
1,119,125,0,0,40.1167
1,120,125,0,0,40.1163
1,121,125,0,0,40.116
1,122,125,0,0,40.1157
1,123,125,0,0,40.1154
1,124,125,0,0,40.1152
1,125,125,0,0,40.115
1,126,125,0,0,40.1148
1,127,125,0,0,40.1147
1,0,126,0,1.68188e-05,40.1603
1,1,126,0,0,40.1581
1,2,126,0,0,40.1563
1,3,126,0,0,40.1545
1,4,126,0,0,40.1529
1,5,126,0,0,40.1514
1,6,126,0,0,40.15
1,7,126,0,0,40.1487
1,8,126,0,0,40.1475
1,9,126,0,0,40.1464
1,10,126,0,0,40.1453
1,11,126,0,0,40.1443
1,12,126,0,0,40.1434
1,13,126,0,0,40.1425
1,14,126,0,0,40.1417
1,15,126,0,0,40.1409
1,16,126,0,0,40.1402
1,17,126,0,0,40.1396
1,18,126,0,0,40.139
1,19,126,0,0,40.1385
1,20,126,0,0,40.138
1,21,126,0,0,40.1375
1,22,126,0,0,40.1371
1,23,126,0,0,40.1367
1,24,126,0,0,40.1364
1,25,126,0,0,40.1361
1,26,126,0,0,40.1358
1,27,126,0,0,40.1356
1,28,126,0,0,40.1353
1,29,126,0,0,40.1352
1,30,126,0,0,40.135
1,31,126,0,0,40.1349
1,32,126,0,0,40.1347
1,33,126,0,0,40.1346
1,34,126,0,0,40.1345
1,35,126,0,0,40.1345
1,36,126,0,0,40.1344
1,37,126,0,0,40.1344
1,38,126,0,0,40.1343
1,39,126,0,0,40.1343
1,40,126,0,0,40.1343
1,41,126,0,0,40.1343
1,42,126,0,0,40.1343
1,43,126,0,0,40.1344
1,44,126,0,0,40.1344
1,45,126,0,0,40.1345
1,46,126,0,0,40.1346
1,47,126,0,0,40.1346
1,48,126,0,0,40.1348
1,49,126,0,0,40.1349
1,50,126,0,0,40.1351
1,51,126,0,0,40.1353
1,52,126,0,0,40.1355
1,53,126,0,0,40.1358
1,54,126,0,0,40.1361
1,55,126,0,0,40.1364
1,56,126,0,0,40.1368
1,57,126,0,0,40.1373
1,58,126,0,0,40.1378
1,59,126,0,0,40.1384
1,60,126,0,0,40.139
1,61,126,0,0,40.1397
1,62,126,0,0,40.1405
1,63,126,0,0,40.1413
1,64,126,0,1.68188e-05,40.1424
1,65,126,0,0,40.141
1,66,126,0,0,40.1398
1,67,126,0,0,40.1387
1,68,126,0,0,40.1377
1,69,126,0,0,40.1368
1,70,126,0,0,40.1359
1,71,126,0,0,40.135
1,72,126,0,0,40.1342
1,73,126,0,0,40.1335
1,74,126,0,0,40.1328
1,75,126,0,0,40.1321
1,76,126,0,0,40.1315
1,77,126,0,0,40.1309
1,78,126,0,0,40.1304
1,79,126,0,0,40.1299
1,80,126,0,0,40.1294
1,81,126,0,0,40.1289
1,82,126,0,0,40.1285
1,83,126,0,0,40.1281
1,84,126,0,0,40.1277
1,85,126,0,0,40.1273
1,86,126,0,0,40.127
1,87,126,0,0,40.1266
1,88,126,0,0,40.1263
1,89,126,0,0,40.126
1,90,126,0,0,40.1256
1,91,126,0,0,40.1253
1,92,126,0,0,40.125
1,93,126,0,0,40.1247
1,94,126,0,0,40.1244
1,95,126,0,0,40.124
1,96,126,0,0,40.1237
1,97,126,0,0,40.1234
1,98,126,0,0,40.1231
1,99,126,0,0,40.1227
1,100,126,0,0,40.1224
1,101,126,0,0,40.1221
1,102,126,0,0,40.1217
1,103,126,0,0,40.1214
1,104,126,0,0,40.121
1,105,126,0,0,40.1207
1,106,126,0,0,40.1203
1,107,126,0,0,40.1199
1,108,126,0,0,40.1196
1,109,126,0,0,40.1192
1,110,126,0,0,40.1189
1,111,126,0,0,40.1185
1,112,126,0,0,40.1181
1,113,126,0,0,40.1177
1,114,126,0,0,40.1174
1,115,126,0,0,40.117
1,116,126,0,0,40.1166
1,117,126,0,0,40.1163
1,118,126,0,0,40.1159
1,119,126,0,0,40.1155
1,120,126,0,0,40.1152
1,121,126,0,0,40.1149
1,122,126,0,0,40.1146
1,123,126,0,0,40.1144
1,124,126,0,0,40.1141
1,125,126,0,0,40.1139
1,126,126,0,0,40.1138
1,127,126,0,0,40.1137
1,0,127,0,1.68188e-05,40.1588
1,1,127,0,0,40.1569
1,2,127,0,0,40.1552
1,3,127,0,0,40.1536
1,4,127,0,0,40.152
1,5,127,0,0,40.1505
1,6,127,0,0,40.1492
1,7,127,0,0,40.1479
1,8,127,0,0,40.1466
1,9,127,0,0,40.1455
1,10,127,0,0,40.1444
1,11,127,0,0,40.1434
1,12,127,0,0,40.1425
1,13,127,0,0,40.1416
1,14,127,0,0,40.1408
1,15,127,0,0,40.1401
1,16,127,0,0,40.1394
1,17,127,0,0,40.1387
1,18,127,0,0,40.1382
1,19,127,0,0,40.1376
1,20,127,0,0,40.1371
1,21,127,0,0,40.1367
1,22,127,0,0,40.1362
1,23,127,0,0,40.1359
1,24,127,0,0,40.1355
1,25,127,0,0,40.1352
1,26,127,0,0,40.1349
1,27,127,0,0,40.1347
1,28,127,0,0,40.1345
1,29,127,0,0,40.1343
1,30,127,0,0,40.1341
1,31,127,0,0,40.134
1,32,127,0,0,40.1339
1,33,127,0,0,40.1337
1,34,127,0,0,40.1337
1,35,127,0,0,40.1336
1,36,127,0,0,40.1335
1,37,127,0,0,40.1335
1,38,127,0,0,40.1335
1,39,127,0,0,40.1334
1,40,127,0,0,40.1334
1,41,127,0,0,40.1334
1,42,127,0,0,40.1335
1,43,127,0,0,40.1335
1,44,127,0,0,40.1335
1,45,127,0,0,40.1336
1,46,127,0,0,40.1337
1,47,127,0,0,40.1338
1,48,127,0,0,40.1339
1,49,127,0,0,40.134
1,50,127,0,0,40.1342
1,51,127,0,0,40.1344
1,52,127,0,0,40.1346
1,53,127,0,0,40.1349
1,54,127,0,0,40.1352
1,55,127,0,0,40.1356
1,56,127,0,0,40.136
1,57,127,0,0,40.1364
1,58,127,0,0,40.1369
1,59,127,0,0,40.1375
1,60,127,0,0,40.1381
1,61,127,0,0,40.1387
1,62,127,0,0,40.1395
1,63,127,0,0,40.1402
1,64,127,0,1.68188e-05,40.1411
1,65,127,0,0,40.1399
1,66,127,0,0,40.1388
1,67,127,0,0,40.1378
1,68,127,0,0,40.1368
1,69,127,0,0,40.1359
1,70,127,0,0,40.135
1,71,127,0,0,40.1342
1,72,127,0,0,40.1334
1,73,127,0,0,40.1327
1,74,127,0,0,40.132
1,75,127,0,0,40.1313
1,76,127,0,0,40.1307
1,77,127,0,0,40.1301
1,78,127,0,0,40.1296
1,79,127,0,0,40.1291
1,80,127,0,0,40.1286
1,81,127,0,0,40.1281
1,82,127,0,0,40.1277
1,83,127,0,0,40.1273
1,84,127,0,0,40.1269
1,85,127,0,0,40.1265
1,86,127,0,0,40.1261
1,87,127,0,0,40.1258
1,88,127,0,0,40.1254
1,89,127,0,0,40.1251
1,90,127,0,0,40.1248
1,91,127,0,0,40.1245
1,92,127,0,0,40.1241
1,93,127,0,0,40.1238
1,94,127,0,0,40.1235
1,95,127,0,0,40.1232
1,96,127,0,0,40.1229
1,97,127,0,0,40.1226
1,98,127,0,0,40.1222
1,99,127,0,0,40.1219
1,100,127,0,0,40.1216
1,101,127,0,0,40.1212
1,102,127,0,0,40.1209
1,103,127,0,0,40.1205
1,104,127,0,0,40.1202
1,105,127,0,0,40.1198
1,106,127,0,0,40.1195
1,107,127,0,0,40.1191
1,108,127,0,0,40.1188
1,109,127,0,0,40.1184
1,110,127,0,0,40.118
1,111,127,0,0,40.1177
1,112,127,0,0,40.1173
1,113,127,0,0,40.1169
1,114,127,0,0,40.1166
1,115,127,0,0,40.1162
1,116,127,0,0,40.1158
1,117,127,0,0,40.1155
1,118,127,0,0,40.1151
1,119,127,0,0,40.1148
1,120,127,0,0,40.1145
1,121,127,0,0,40.1142
1,122,127,0,0,40.1139
1,123,127,0,0,40.1136
1,124,127,0,0,40.1134
1,125,127,0,0,40.1133
1,126,127,0,0,40.1131
1,127,127,0,0,40.113
