rank_channel_index,x,y,z,power,temperature
0,0,0,0,0.645387,195.21
0,1,0,0,2.23762e-05,173.713
0,2,0,0,0.000370676,160.528
0,3,0,0,0.000430616,150.897
0,4,0,0,0.000410029,143.134
0,5,0,0,2.9295e-05,136.555
0,6,0,0,0.00029187,130.853
0,7,0,0,0.000425048,125.82
0,8,0,0,0.000254306,121.321
0,9,0,0,0.00023436,117.28
0,10,0,0,0.000496834,113.626
0,11,0,0,0.000316946,110.288
0,12,0,0,0.000203445,107.235
0,13,0,0,0.000480128,104.431
0,14,0,0,0.000237229,101.832
0,15,0,0,0.000693799,99.438
0,16,0,0,0.000467539,97.198
0,17,0,0,0.000356569,95.1108
0,18,0,0,0.000361429,93.1658
0,19,0,0,0.000711349,91.3494
0,20,0,0,0.000230141,89.6243
0,21,0,0,0.000635648,88.0169
0,22,0,0,0.000243439,86.4864
0,23,0,0,0.000595958,85.0532
0,24,0,0,0.000194096,83.6872
0,25,0,0,0.000389273,82.409
0,26,0,0,0.000430616,81.1978
0,27,0,0,0.000330683,80.0484
0,28,0,0,0.000554985,78.9636
0,29,0,0,0.00046845,77.9244
0,30,0,0,0.000314516,76.9304
0,31,0,0,0.000459911,75.9908
0,32,0,0,0.000563414,75.0951
0,33,0,0,0.000398891,74.2302
0,34,0,0,0.000307868,73.402
0,35,0,0,0.000488396,72.6161
0,36,0,0,0.000341381,71.8565
0,37,0,0,0.000208474,71.1324
0,38,0,0,2.8755e-05,70.4429
0,39,0,0,0.000197606,69.7997
0,40,0,0,0.000419648,69.1926
0,41,0,0,0.000409759,68.6044
0,42,0,0,0.000155014,68.0343
0,43,0,0,0.000298249,67.4975
0,44,0,0,0.000300679,66.9812
0,45,0,0,0.00017685,66.4874
0,46,0,0,0.000385324,66.0234
0,47,0,0,0.000342191,65.5719
0,48,0,0,0.000373815,65.1388
0,49,0,0,0.000513371,64.725
0,50,0,0,0.000267435,64.3173
0,51,0,0,0.000949388,63.9329
0,52,0,0,0.000358459,63.529
0,53,0,0,0.000186908,63.1397
0,54,0,0,5.778e-05,62.771
0,55,0,0,0.000624443,62.4334
0,56,0,0,0.000355219,62.0843
0,57,0,0,0.000373815,61.7444
0,58,0,0,0.000323494,61.4171
0,59,0,0,0.000501154,61.1076
0,60,0,0,0.000358459,60.801
0,61,0,0,0.000551745,60.5107
0,62,0,0,0.000517151,60.2208
0,63,0,0,6.71287e-05,59.9274
0,64,0,0,0.000706379,59.6673
0,65,0,0,0.000389644,59.3968
0,66,0,0,0.000414349,59.1384
0,67,0,0,0.000250088,58.8829
0,68,0,0,0.000179719,58.6412
0,69,0,0,0.000389273,58.4171
0,70,0,0,0.000360248,58.1993
0,71,0,0,0.000192038,57.9874
0,72,0,0,0.000371756,57.7914
0,73,0,0,0.000312086,57.6019
0,74,0,0,7.43175e-05,57.4196
0,75,0,0,0.00057726,57.2628
0,76,0,0,0.000590119,57.0967
0,77,0,0,0.000389104,56.9255
0,78,0,0,0.00029565,56.7604
0,79,0,0,0.000734164,56.6065
0,80,0,0,0.000483266,56.4269
0,81,0,0,6.63187e-05,56.2413
0,82,0,0,0.000319005,56.0755
0,83,0,0,0.000107831,55.9078
0,84,0,0,0.000335003,55.7529
0,85,0,0,0.000202635,55.5969
0,86,0,0,0.000280361,55.4483
0,87,0,0,3.72938e-05,55.3034
0,88,0,0,0.000282791,55.1753
0,89,0,0,0.000158153,55.0423
0,90,0,0,0.000494775,54.9188
0,91,0,0,0.000404291,54.7855
0,92,0,0,0.000551475,54.6496
0,93,0,0,0.00041256,54.5015
0,94,0,0,0.000186908,54.3482
0,95,0,0,0.000111881,54.2061
0,96,0,0,0.000180959,54.0803
0,97,0,0,0.000358526,53.9645
0,98,0,0,0.000202635,53.8478
0,99,0,0,7.18875e-06,53.7338
0,100,0,0,8.6805e-05,53.6376
0,101,0,0,0.000422888,53.5531
0,102,0,0,0.000107831,53.4551
0,103,0,0,0.000266794,53.3718
0,104,0,0,0.000165341,53.2936
0,105,0,0,0.000576551,53.2303
0,106,0,0,0.000268954,53.1564
0,107,0,0,0.000209014,53.0882
0,108,0,0,0.000479318,53.0309
0,109,0,0,0.000260415,52.9691
0,110,0,0,0.000319275,52.9135
0,111,0,0,0.000280361,52.8564
0,112,0,0,0.000330683,52.8009
0,113,0,0,0.00023058,52.7456
0,114,0,0,0.000401051,52.6987
0,115,0,0,0.000294739,52.6498
0,116,0,0,0.000964474,52.6114
0,117,0,0,0.000297979,52.543
0,118,0,0,0.000493796,52.4893
0,119,0,0,0.000261765,52.4287
0,120,0,0,0.000446614,52.3793
0,121,0,0,0.000179719,52.3217
0,122,0,0,0.00029538,52.2759
0,123,0,0,0.000404291,52.235
0,124,0,0,0.000153934,52.1875
0,125,0,0,0.000186908,52.153
0,126,0,0,0.000612765,52.1312
0,127,0,0,6.71287e-05,52.091
0,128,0,0,0.000602767,52.0726
0,129,0,0,0.000193388,52.0361
0,130,0,0,0.00017577,52.0088
0,131,0,0,0.000612495,51.9963
0,132,0,0,0.000453263,51.969
0,133,0,0,0.000526129,51.9381
0,134,0,0,0.000107831,51.8973
0,135,0,0,0.000422888,51.8748
0,136,0,0,0.000388463,51.8443
0,137,0,0,0.000145665,51.8112
0,138,0,0,0.000258795,51.794
0,139,0,0,0.000485528,51.7826
0,140,0,0,0.000610605,51.7638
0,141,0,0,0.000230141,51.7331
0,142,0,0,0.000366188,51.7108
0,143,0,0,0.000440944,51.6886
0,144,0,0,0.00052488,51.663
0,145,0,0,0.000563963,51.6327
0,146,0,0,0.000377055,51.5941
0,147,0,0,0.000201285,51.5566
0,148,0,0,0.000224741,51.5291
0,149,0,0,0.00052191,51.5117
0,150,0,0,0.000285221,51.4843
0,151,0,0,0.0002916,51.4593
0,152,0,0,0.000301928,51.4308
0,153,0,0,0.000302198,51.4018
0,154,0,0,0.000276683,51.3725
0,155,0,0,9.34537e-05,51.3458
0,156,0,0,0.000179719,51.3303
0,157,0,0,0.000205875,51.3197
0,158,0,0,0.000359438,51.3144
0,159,0,0,0.00040473,51.3083
0,160,0,0,0.000413699,51.2992
0,161,0,0,0.00046008,51.287
0,162,0,0,0.000140366,51.2675
0,163,0,0,0.000344351,51.2635
0,164,0,0,0.000534938,51.261
0,165,0,0,0.000713036,51.2469
0,166,0,0,0.000171281,51.2125
0,167,0,0,0.000258795,51.1928
0,168,0,0,0.000229871,51.1761
0,169,0,0,0.000423158,51.1629
0,170,0,0,0.00017253,51.1415
0,171,0,0,0.00040257,51.1351
0,172,0,0,0.000498454,51.1299
0,173,0,0,0.000366998,51.1158
0,174,0,0,0.000254846,51.099
0,175,0,0,0.000314246,51.088
0,176,0,0,0.000444994,51.0787
0,177,0,0,0.00034911,51.0637
0,178,0,0,5.751e-05,51.0451
0,179,0,0,0.000455963,51.0426
0,180,0,0,6.55087e-05,51.0238
0,181,0,0,0.000140366,51.018
0,182,0,0,0.00040824,51.0221
0,183,0,0,0.000510401,51.0184
0,184,0,0,0.000317385,51.0034
0,185,0,0,0.000195986,50.988
0,186,0,0,0.000412189,50.9806
0,187,0,0,0.000317385,50.9679
0,188,0,0,0.00040905,50.9576
0,189,0,0,0.000129398,50.938
0,190,0,0,0.000435476,50.9291
0,191,0,0,0.000652118,50.9131
0,192,0,0,0.000188148,50.8777
0,193,0,0,0.000470239,50.8566
0,194,0,0,3.59437e-05,50.8265
0,195,0,0,0.000376785,50.8165
0,196,0,0,0.000166691,50.8037
0,197,0,0,0.000215663,50.8042
0,198,0,0,0.000409759,50.817
0,199,0,0,0.000729304,50.8309
0,200,0,0,0.000215663,50.8228
0,201,0,0,0.000137666,50.8218
0,202,0,0,0.000122209,50.8301
0,203,0,0,0.000389273,50.8477
0,204,0,0,0.000283871,50.858
0,205,0,0,0.000328624,50.8707
0,206,0,0,0.0004077,50.8822
0,207,0,0,0.000247928,50.89
0,208,0,0,0.000520121,50.9068
0,209,0,0,0.000371756,50.9157
0,210,0,0,0.000419108,50.924
0,211,0,0,0.000152044,50.9255
0,212,0,0,0.000506183,50.9425
0,213,0,0,0.00070227,50.9505
0,214,0,0,0.000315596,50.9368
0,215,0,0,0.000434396,50.9268
0,216,0,0,0.000256196,50.915
0,217,0,0,0.000237229,50.9074
0,218,0,0,0.000326464,50.9035
0,219,0,0,0.000330244,50.8982
0,220,0,0,0.000159773,50.8868
0,221,0,0,0.000208474,50.8828
0,222,0,0,0.000332573,50.878
0,223,0,0,0.000158153,50.8673
0,224,0,0,0.000209005,50.8643
0,225,0,0,0.000163283,50.8646
0,226,0,0,0.000482288,50.8685
0,227,0,0,4.36725e-05,50.8548
0,228,0,0,0.000211984,50.8522
0,229,0,0,0.00023004,50.8532
0,230,0,0,0.000507634,50.8632
0,231,0,0,0.000227981,50.8626
0,232,0,0,0.000553095,50.8705
0,233,0,0,0.000188798,50.8652
0,234,0,0,0.00023166,50.8683
0,235,0,0,0.000210398,50.8727
0,236,0,0,0.000413539,50.8845
0,237,0,0,0.000529369,50.8959
0,238,0,0,0.000476719,50.8955
0,239,0,0,0.000487418,50.8842
0,240,0,0,0.000301759,50.8619
0,241,0,0,0.000104422,50.844
0,242,0,0,0.000545906,50.8424
0,243,0,0,0.000826099,50.8308
0,244,0,0,0.000471049,50.7934
0,245,0,0,0.000507533,50.7588
0,246,0,0,0.000193928,50.7169
0,247,0,0,0.000369158,50.6863
0,248,0,0,6.46988e-05,50.6514
0,249,0,0,0.000305269,50.6318
0,250,0,0,0.000257546,50.6088
0,251,0,0,5.751e-05,50.5836
0,252,0,0,0.00046008,50.5704
0,253,0,0,0.000396833,50.544
0,254,0,0,0.000186469,50.5083
0,255,0,0,0,50.4748
0,0,1,0,0.000190578,167.01
0,1,1,0,0.000319815,160.04
0,2,1,0,0.000798424,152.436
0,3,1,0,0.0010095,145.394
0,4,1,0,0.000709088,139.068
0,5,1,0,0.00087264,133.426
0,6,1,0,0.00069903,128.364
0,7,1,0,0.0011612,123.807
0,8,1,0,0.000429266,119.655
0,9,1,0,0.000817189,115.897
0,10,1,0,0.000966904,112.459
0,11,1,0,0.000362239,109.289
0,12,1,0,0.0012311,106.396
0,13,1,0,0.000821239,103.691
0,14,1,0,0.000341921,101.171
0,15,1,0,0.000732679,98.8461
0,16,1,0,0.000558225,96.6714
0,17,1,0,0.000604766,94.6443
0,18,1,0,0.000619144,92.7486
0,19,1,0,0.000992081,90.9729
0,20,1,0,0.0004698,89.2804
0,21,1,0,0.00097389,87.7057
0,22,1,0,0.00069687,86.2026
0,23,1,0,0.000569093,84.7828
0,24,1,0,0.000535309,83.4427
0,25,1,0,0.000721136,82.1839
0,26,1,0,0.000480938,80.9834
0,27,1,0,0.0005805,79.8506
0,28,1,0,0.000572771,78.7772
0,29,1,0,0.000806861,77.7564
0,30,1,0,0.000552656,76.7696
0,31,1,0,0.000364028,75.8324
0,32,1,0,0.00081691,74.9531
0,33,1,0,0.000825728,74.1031
0,34,1,0,0.000576821,73.277
0,35,1,0,0.00081864,72.4965
0,36,1,0,0.000338513,71.7397
0,37,1,0,0.000789514,71.0358
0,38,1,0,0.000452891,70.3493
0,39,1,0,0.000334294,69.7041
0,40,1,0,0.000789514,69.1048
0,41,1,0,0.000693461,68.522
0,42,1,0,0.000552116,67.9601
0,43,1,0,0.000701291,67.4276
0,44,1,0,0.000372296,66.9075
0,45,1,0,0.000375266,66.4193
0,46,1,0,0.000727785,65.9624
0,47,1,0,0.000532879,65.5074
0,48,1,0,0.000294739,65.0697
0,49,1,0,0.000821239,64.6655
0,50,1,0,0.000930521,64.2645
0,51,1,0,0.000617254,63.8641
0,52,1,0,0.000852964,63.4786
0,53,1,0,0.000777566,63.0966
0,54,1,0,0.000453533,62.7269
0,55,1,0,0.00117808,62.3945
0,56,1,0,0.00103771,62.0447
0,57,1,0,0.000510401,61.6908
0,58,1,0,0.000419648,61.3589
0,59,1,0,0.000890258,61.0543
0,60,1,0,0.000420728,60.743
0,61,1,0,0.000670815,60.4574
0,62,1,0,0.00117197,60.1803
0,63,1,0,0.00035802,59.8776
0,64,1,0,0.000710868,59.6092
0,65,1,0,0.000483098,59.3417
0,66,1,0,0.000919721,59.0967
0,67,1,0,0.000398351,58.8408
0,68,1,0,0.000391163,58.6004
0,69,1,0,0.000312356,58.3678
0,70,1,0,0.000565043,58.1558
0,71,1,0,0.000696971,57.9489
0,72,1,0,0.000357919,57.7442
0,73,1,0,0.000715568,57.5634
0,74,1,0,0.000380025,57.3822
0,75,1,0,0.000922961,57.2259
0,76,1,0,0.000493155,57.0524
0,77,1,0,0.000644659,56.8896
0,78,1,0,0.00052245,56.7312
0,79,1,0,0.0015041,56.5901
0,80,1,0,0.000809021,56.4042
0,81,1,0,0.000572063,56.2237
0,82,1,0,0.000799403,56.0601
0,83,1,0,0.000659036,55.8945
0,84,1,0,0.000513473,55.7317
0,85,1,0,0.000654278,55.5786
0,86,1,0,0.000352249,55.4239
0,87,1,0,0.00052623,55.291
0,88,1,0,0.00102175,55.173
0,89,1,0,0.000715466,55.0332
0,90,1,0,0.000748271,54.9003
0,91,1,0,0.000835988,54.7689
0,92,1,0,0.000767239,54.6292
0,93,1,0,0.000825998,54.4823
0,94,1,0,0.000417488,54.3219
0,95,1,0,0.000260955,54.1754
0,96,1,0,0.000487207,54.0524
0,97,1,0,0.000221535,53.9328
0,98,1,0,0.000742163,53.833
0,99,1,0,0.000215663,53.7157
0,100,1,0,0.000419209,53.6221
0,101,1,0,0.000972203,53.5402
0,102,1,0,0.000356029,53.4311
0,103,1,0,0.00046926,53.3406
0,104,1,0,0.000440674,53.2602
0,105,1,0,0.000341111,53.1871
0,106,1,0,0.000769298,53.1288
0,107,1,0,0.000614824,53.0584
0,108,1,0,0.000363218,52.9913
0,109,1,0,0.000735514,52.9439
0,110,1,0,0.000862481,52.8957
0,111,1,0,0.000781785,52.8384
0,112,1,0,0.000553534,52.7768
0,113,1,0,0.000573041,52.7201
0,114,1,0,0.000714656,52.6691
0,115,1,0,0.000702979,52.6149
0,116,1,0,0.00058536,52.5569
0,117,1,0,0.000347321,52.4975
0,118,1,0,0.00087615,52.4558
0,119,1,0,0.000260145,52.3914
0,120,1,0,0.00087804,52.3532
0,121,1,0,0.000372566,52.2936
0,122,1,0,0.000321975,52.2439
0,123,1,0,0.000787185,52.2097
0,124,1,0,0.000393323,52.1591
0,125,1,0,0.000369596,52.1212
0,126,1,0,0.000788265,52.1001
0,127,1,0,0.00035802,52.0627
0,128,1,0,0.000789505,52.0441
0,129,1,0,0.000734535,52.0137
0,130,1,0,0.000299329,51.9782
0,131,1,0,0.000695621,51.9631
0,132,1,0,0.000697883,51.9396
0,133,1,0,0.00064503,51.9072
0,134,1,0,0.000325924,51.8702
0,135,1,0,0.000828529,51.8534
0,136,1,0,0.000516611,51.8151
0,137,1,0,0.000241819,51.7791
0,138,1,0,0.000624713,51.7679
0,139,1,0,0.000812531,51.7532
0,140,1,0,0.000368516,51.7252
0,141,1,0,0.000797344,51.711
0,142,1,0,0.000636491,51.6844
0,143,1,0,0.000740543,51.6591
0,144,1,0,0.000541688,51.6242
0,145,1,0,0.000607905,51.5934
0,146,1,0,0.00064368,51.5612
0,147,1,0,0.000647359,51.5286
0,148,1,0,0.000512831,51.498
0,149,1,0,0.00058158,51.4791
0,150,1,0,0.000707299,51.4646
0,151,1,0,0.00109792,51.4518
0,152,1,0,0.000573311,51.4136
0,153,1,0,0.00064584,51.3817
0,154,1,0,0.000371756,51.3471
0,155,1,0,0.000557314,51.3292
0,156,1,0,0.000600176,51.3141
0,157,1,0,0.000553095,51.3007
0,158,1,0,0.000453971,51.2868
0,159,1,0,0.000644321,51.2807
0,160,1,0,0.000625987,51.2713
0,161,1,0,0.000680063,51.2594
0,162,1,0,0.00028809,51.2401
0,163,1,0,0.000399803,51.2367
0,164,1,0,0.000844864,51.2365
0,165,1,0,0.000585259,51.2119
0,166,1,0,0.000359269,51.1832
0,167,1,0,0.000655358,51.1718
0,168,1,0,0.000725186,51.1594
0,169,1,0,0.000724916,51.1398
0,170,1,0,0.000225011,51.1071
0,171,1,0,0.000309116,51.0958
0,172,1,0,0.00063882,51.1
0,173,1,0,0.000654818,51.0933
0,174,1,0,0.000428996,51.075
0,175,1,0,0.000536659,51.0633
0,176,1,0,0.000325654,51.0493
0,177,1,0,0.000615634,51.0444
0,178,1,0,0.000246038,51.0288
0,179,1,0,0.000892316,51.0319
0,180,1,0,0.000446074,51.0119
0,181,1,0,0.000337703,51.0011
0,182,1,0,0.00081189,51.0053
0,183,1,0,0.000527479,50.9943
0,184,1,0,0.000681683,50.9854
0,185,1,0,0.000591908,50.9698
0,186,1,0,0.000495045,50.9559
0,187,1,0,0.00040581,50.9435
0,188,1,0,0.00081891,50.9435
0,189,1,0,0.00064233,50.9269
0,190,1,0,0.00070011,50.9085
0,191,1,0,0.000672165,50.8838
0,192,1,0,0.0003463,50.8457
0,193,1,0,0.00058428,50.8241
0,194,1,0,0.000384784,50.7983
0,195,1,0,0.000396731,50.7803
0,196,1,0,0.000319275,50.7665
0,197,1,0,0.000273173,50.7633
0,198,1,0,0.00040257,50.775
0,199,1,0,0.000549585,50.7907
0,200,1,0,0.000628121,50.8007
0,201,1,0,0.000393964,50.8028
0,202,1,0,0.000550935,50.8153
0,203,1,0,0.000650228,50.8283
0,204,1,0,0.000500985,50.836
0,205,1,0,0.000708008,50.8505
0,206,1,0,0.00058293,50.8541
0,207,1,0,0.000536119,50.8603
0,208,1,0,0.000445804,50.8711
0,209,1,0,0.000738653,50.89
0,210,1,0,0.000881989,50.9029
0,211,1,0,0.000398621,50.8994
0,212,1,0,0.000847834,50.9166
0,213,1,0,0.000908145,50.9233
0,214,1,0,0.000842535,50.9138
0,215,1,0,0.000327274,50.8915
0,216,1,0,0.000774596,50.8941
0,217,1,0,0.000670815,50.89
0,218,1,0,0.000495956,50.8835
0,219,1,0,0.000964575,50.8886
0,220,1,0,0.000454073,50.8741
0,221,1,0,0.000980741,50.8804
0,222,1,0,0.000654649,50.8661
0,223,1,0,0.000503483,50.8527
0,224,1,0,0.000431857,50.8507
0,225,1,0,0.000813611,50.8605
0,226,1,0,0.000721136,50.8592
0,227,1,0,0.000829609,50.852
0,228,1,0,0.00064098,50.8355
0,229,1,0,0.000323494,50.8231
0,230,1,0,0.000671085,50.833
0,231,1,0,0.000678645,50.838
0,232,1,0,0.000495315,50.8399
0,233,1,0,0.000531259,50.8451
0,234,1,0,0.000908854,50.8558
0,235,1,0,0.000538245,50.8515
0,236,1,0,0.00023058,50.8518
0,237,1,0,0.000780435,50.8744
0,238,1,0,0.000903555,50.8828
0,239,1,0,0.000769568,50.8669
0,240,1,0,0.000394133,50.8362
0,241,1,0,0.000576011,50.8235
0,242,1,0,0.000777026,50.8138
0,243,1,0,0.000985871,50.7935
0,244,1,0,0.000378135,50.749
0,245,1,0,0.000691301,50.7239
0,246,1,0,0.000424508,50.689
0,247,1,0,0.000485426,50.6606
0,248,1,0,0.000204525,50.6317
0,249,1,0,0.00040932,50.6153
0,250,1,0,0.000574121,50.599
0,251,1,0,0.000519581,50.5766
0,252,1,0,0.000471859,50.5549
0,253,1,0,0.000569801,50.5293
0,254,1,0,0.0005265,50.495
0,255,1,0,0.000161932,50.4542
0,0,2,0,0.000283492,151.382
0,1,2,0,0.00028944,147.849
0,2,2,0,0.000505913,143.313
0,3,2,0,0.00120305,138.493
0,4,2,0,0.000445534,133.703
0,5,2,0,0.00052974,129.158
0,6,2,0,0.000791134,124.904
0,7,2,0,0.000434666,120.936
0,8,2,0,0.000541316,117.264
0,9,2,0,0.000481748,113.865
0,10,2,0,0.000563456,110.714
0,11,2,0,0.000525521,107.788
0,12,2,0,0.000857554,105.08
0,13,2,0,0.00101939,102.544
0,14,2,0,0.000769399,100.156
0,15,2,0,0.000361328,97.9208
0,16,2,0,0.00047304,95.8411
0,17,2,0,0.000620494,93.8945
0,18,2,0,0.000655999,92.0655
0,19,2,0,0.000687791,90.338
0,20,2,0,0.000190688,88.6934
0,21,2,0,0.000468889,87.1563
0,22,2,0,0.00057618,85.7009
0,23,2,0,0.000621574,84.3202
0,24,2,0,0.000258356,83.0059
0,25,2,0,0.000624274,81.7795
0,26,2,0,0.000689681,80.6092
0,27,2,0,0.0003483,79.4908
0,28,2,0,0.000609255,78.4423
0,29,2,0,0.000661466,77.4365
0,30,2,0,0.000483908,76.466
0,31,2,0,0.000605036,75.545
0,32,2,0,0.00029122,74.6624
0,33,2,0,0.00116505,73.8353
0,34,2,0,0.000361699,73.0088
0,35,2,0,0.000400241,72.2352
0,36,2,0,0.000399431,71.502
0,37,2,0,0.000866801,70.8127
0,38,2,0,0.000506453,70.1368
0,39,2,0,0.000520121,69.4993
0,40,2,0,0.000313976,68.8898
0,41,2,0,0.000542936,68.3194
0,42,2,0,0.000485696,67.7713
0,43,2,0,0.000748811,67.2516
0,44,2,0,0.000558124,66.7422
0,45,2,0,0.000549686,66.2604
0,46,2,0,0.00106944,65.8099
0,47,2,0,0.000677093,65.3526
0,48,2,0,0.000841624,64.9172
0,49,2,0,0.000648979,64.4949
0,50,2,0,0.000610875,64.0876
0,51,2,0,0.000556065,63.6942
0,52,2,0,0.000615904,63.31
0,53,2,0,0.000546615,62.9299
0,54,2,0,0.000447863,62.5633
0,55,2,0,0.000963495,62.2239
0,56,2,0,0.000453161,61.8697
0,57,2,0,0.000717728,61.5369
0,58,2,0,0.000382624,61.2048
0,59,2,0,0.000538718,60.8934
0,60,2,0,0.000508073,60.5915
0,61,2,0,0.000596869,60.303
0,62,2,0,0.000777296,60.0224
0,63,2,0,0.000227711,59.7265
0,64,2,0,0.000593958,59.4568
0,65,2,0,0.000183769,59.1872
0,66,2,0,0.000361328,58.9491
0,67,2,0,0.000718875,58.7265
0,68,2,0,0.00118959,58.5037
0,69,2,0,0.000225551,58.2498
0,70,2,0,0.000621304,58.032
0,71,2,0,0.000343541,57.8143
0,72,2,0,0.000381105,57.6133
0,73,2,0,0.000496395,57.4304
0,74,2,0,0.000605475,57.2558
0,75,2,0,0.00081702,57.0933
0,76,2,0,0.000907875,56.9283
0,77,2,0,0.000662985,56.7609
0,78,2,0,0.00098037,56.604
0,79,2,0,0.000867341,56.4363
0,80,2,0,0.000551475,56.2596
0,81,2,0,0.000785835,56.0998
0,82,2,0,0.000591098,55.9379
0,83,2,0,0.00087642,55.7879
0,84,2,0,0.000589579,55.628
0,85,2,0,0.000719786,55.4759
0,86,2,0,0.000381004,55.3187
0,87,2,0,0.000477968,55.1827
0,88,2,0,0.00116404,55.0654
0,89,2,0,0.000460991,54.9129
0,90,2,0,0.000512123,54.7758
0,91,2,0,0.000854314,54.6509
0,92,2,0,0.000881449,54.5163
0,93,2,0,0.000841286,54.3729
0,94,2,0,0.00047088,54.2186
0,95,2,0,0.000170471,54.0742
0,96,2,0,0.000474179,53.9558
0,97,2,0,0.000337163,53.844
0,98,2,0,0.000717086,53.7485
0,99,2,0,0.000415969,53.6336
0,100,2,0,0.000522585,53.5325
0,101,2,0,0.000768589,53.4389
0,102,2,0,0.000475639,53.3299
0,103,2,0,0.000201386,53.2298
0,104,2,0,0.000727616,53.1573
0,105,2,0,0.0002916,53.0766
0,106,2,0,0.000723026,53.0157
0,107,2,0,0.000323494,52.9383
0,108,2,0,0.000280361,52.8706
0,109,2,0,0.000368516,52.8167
0,110,2,0,0.000597038,52.7713
0,111,2,0,0.000500884,52.7176
0,112,2,0,0.000815569,52.6696
0,113,2,0,0.000506453,52.6062
0,114,2,0,0.000430616,52.5457
0,115,2,0,0.00057807,52.4887
0,116,2,0,0.000313268,52.4264
0,117,2,0,0.000403211,52.377
0,118,2,0,0.000847125,52.3398
0,119,2,0,0.000159503,52.277
0,120,2,0,0.000562444,52.2416
0,121,2,0,0.000776486,52.2016
0,122,2,0,0.000363218,52.1451
0,123,2,0,0.0005238,52.1035
0,124,2,0,0.000556774,52.0579
0,125,2,0,0.000260145,52.0121
0,126,2,0,0.000692921,51.9881
0,127,2,0,0.000477799,51.9551
0,128,2,0,0.000423318,51.9255
0,129,2,0,0.000395483,51.8971
0,130,2,0,0.000651139,51.8749
0,131,2,0,0.00046035,51.8484
0,132,2,0,0.000843446,51.83
0,133,2,0,0.000591739,51.7961
0,134,2,0,0.000447593,51.7665
0,135,2,0,0.00104669,51.7544
0,136,2,0,0.000629303,51.713
0,137,2,0,0.000269224,51.6745
0,138,2,0,0.000867611,51.6625
0,139,2,0,0.000379755,51.6328
0,140,2,0,0.00052002,51.6155
0,141,2,0,0.00075384,51.5986
0,142,2,0,0.000478238,51.5671
0,143,2,0,0.000859613,51.5433
0,144,2,0,0.000436725,51.5046
0,145,2,0,0.00052326,51.4733
0,146,2,0,0.000489206,51.4396
0,147,2,0,0.000478339,51.4061
0,148,2,0,0.000377595,51.3756
0,149,2,0,0.000509963,51.358
0,150,2,0,0.000438345,51.3419
0,151,2,0,0.000610875,51.3294
0,152,2,0,0.00064638,51.3063
0,153,2,0,0.000692483,51.2767
0,154,2,0,0.00034857,51.2435
0,155,2,0,0.000735143,51.2315
0,156,2,0,0.000391163,51.2113
0,157,2,0,0.000929543,51.2079
0,158,2,0,0.000564773,51.1852
0,159,2,0,0.000519311,51.1696
0,160,2,0,0.000754709,51.1613
0,161,2,0,0.000525049,51.1503
0,162,2,0,0.00069147,51.1504
0,163,2,0,0.00102792,51.1539
0,164,2,0,0.000793294,51.137
0,165,2,0,0.000506183,51.1048
0,166,2,0,0.00040527,51.0767
0,167,2,0,0.000384244,51.0607
0,168,2,0,0.000613204,51.0536
0,169,2,0,0.000710269,51.0388
0,170,2,0,0.00041175,51.0096
0,171,2,0,0.000165341,50.9906
0,172,2,0,0.000786814,51.0023
0,173,2,0,0.000852964,51.0017
0,174,2,0,0.000506554,50.9835
0,175,2,0,0.00052029,50.9703
0,176,2,0,0.00070308,50.9643
0,177,2,0,0.000834705,50.9604
0,178,2,0,0.000874429,50.9513
0,179,2,0,0.00058131,50.9355
0,180,2,0,0.000560014,50.9238
0,181,2,0,0.000734974,50.915
0,182,2,0,0.000453431,50.9006
0,183,2,0,0.000712598,50.8952
0,184,2,0,0.000571151,50.884
0,185,2,0,0.000238849,50.8664
0,186,2,0,0.000694271,50.8625
0,187,2,0,0.000262845,50.8435
0,188,2,0,0.000780368,50.8433
0,189,2,0,0.000819821,50.8295
0,190,2,0,0.000380025,50.8005
0,191,2,0,0.00104517,50.786
0,192,2,0,0.000209714,50.7396
0,193,2,0,0.000393323,50.7188
0,194,2,0,0.000646549,50.7067
0,195,2,0,0.000370136,50.6858
0,196,2,0,0.000316305,50.6709
0,197,2,0,0.000138206,50.6631
0,198,2,0,0.000491535,50.674
0,199,2,0,0.0004671,50.6869
0,200,2,0,0.000801563,50.7063
0,201,2,0,0.00070848,50.7141
0,202,2,0,0.000790054,50.724
0,203,2,0,0.000629471,50.7282
0,204,2,0,0.000447694,50.7336
0,205,2,0,0.000935078,50.7507
0,206,2,0,0.000228521,50.7403
0,207,2,0,0.000446614,50.749
0,208,2,0,0.000626501,50.7621
0,209,2,0,0.000455591,50.77
0,210,2,0,0.000778106,50.7847
0,211,2,0,0.000422078,50.783
0,212,2,0,0.000462071,50.7875
0,213,2,0,0.000648709,50.7944
0,214,2,0,0.000934369,50.7936
0,215,2,0,0.000226091,50.7689
0,216,2,0,0.000647899,50.7747
0,217,2,0,0.000907166,50.7825
0,218,2,0,0.000621844,50.7752
0,219,2,0,0.000824749,50.7742
0,220,2,0,0.000317756,50.7615
0,221,2,0,0.000938689,50.7728
0,222,2,0,0.000599738,50.7604
0,223,2,0,0.000305978,50.7482
0,224,2,0,0.000722647,50.7584
0,225,2,0,0.000651409,50.7602
0,226,2,0,0.000824209,50.7587
0,227,2,0,0.000806051,50.7464
0,228,2,0,0.000320085,50.7208
0,229,2,0,0.000352249,50.7117
0,230,2,0,0.00052434,50.7172
0,231,2,0,0.000518231,50.7235
0,232,2,0,0.000769939,50.737
0,233,2,0,0.000744323,50.7423
0,234,2,0,0.000368246,50.7389
0,235,2,0,0.000744491,50.7484
0,236,2,0,0.000510941,50.753
0,237,2,0,0.000639191,50.7686
0,238,2,0,0.0012665,50.7857
0,239,2,0,0.00114483,50.768
0,240,2,0,0.000253226,50.7257
0,241,2,0,0.000896096,50.7184
0,242,2,0,0.000708109,50.694
0,243,2,0,0.000455591,50.6575
0,244,2,0,9.45338e-05,50.6197
0,245,2,0,0.000623903,50.6099
0,246,2,0,0.000682223,50.5939
0,247,2,0,0.000415429,50.5711
0,248,2,0,0.00108111,50.5691
0,249,2,0,0.000802001,50.5465
0,250,2,0,0.000669465,50.5217
0,251,2,0,0.00058941,50.4982
0,252,2,0,0.000843615,50.4844
0,253,2,0,0.000593089,50.453
0,254,2,0,0.000516611,50.4227
0,255,2,0,0.00099306,50.3982
0,0,3,0,0.000340192,139.981
0,1,3,0,0.000373376,137.803
0,2,3,0,0.00011664,134.856
0,3,3,0,0.000904196,131.502
0,4,3,0,0.000468349,127.941
0,5,3,0,0.000775676,124.377
0,6,3,0,0.000366998,120.886
0,7,3,0,0.000381105,117.54
0,8,3,0,0.000333653,114.364
0,9,3,0,0.000915874,111.377
0,10,3,0,0.000444353,108.538
0,11,3,0,0.000332674,105.873
0,12,3,0,0.000604766,103.381
0,13,3,0,0.00069795,101.028
0,14,3,0,0.000261765,98.798
0,15,3,0,0.000489375,96.7115
0,16,3,0,0.000724916,94.7484
0,17,3,0,0.000284411,92.8853
0,18,3,0,0.000673954,91.1455
0,19,3,0,0.00069498,89.4947
0,20,3,0,0.000901226,87.9287
0,21,3,0,0.000507263,86.4316
0,22,3,0,0.000438075,85.0174
0,23,3,0,0.00058644,83.6821
0,24,3,0,0.000342461,82.4097
0,25,3,0,0.000676485,81.2155
0,26,3,0,0.00046791,80.071
0,27,3,0,0.00034506,78.9864
0,28,3,0,0.00093015,77.9718
0,29,3,0,0.00081837,76.9856
0,30,3,0,0.000526669,76.0313
0,31,3,0,0.000608816,75.1266
0,32,3,0,0.000675464,74.258
0,33,3,0,0.000252956,73.4163
0,34,3,0,0.000205875,72.6177
0,35,3,0,0.000509423,71.8685
0,36,3,0,0.000591368,71.1508
0,37,3,0,0.000303548,70.4582
0,38,3,0,0.000259875,69.8021
0,39,3,0,0.000895725,69.1898
0,40,3,0,0.000326835,68.5816
0,41,3,0,0.000565313,68.018
0,42,3,0,0.000616815,67.4806
0,43,3,0,0.00074844,66.9655
0,44,3,0,0.000728595,66.4637
0,45,3,0,0.000626974,65.9818
0,46,3,0,0.000857453,65.5263
0,47,3,0,0.000825829,65.075
0,48,3,0,0.00040905,64.6306
0,49,3,0,0.000732645,64.2186
0,50,3,0,0.000297979,63.8124
0,51,3,0,0.0011364,63.4447
0,52,3,0,0.00093987,63.061
0,53,3,0,0.000680873,62.6751
0,54,3,0,0.000450833,62.3007
0,55,3,0,0.000673144,61.9515
0,56,3,0,0.00029052,61.6056
0,57,3,0,0.000773078,61.2904
0,58,3,0,0.00086643,60.9738
0,59,3,0,0.000341651,60.6514
0,60,3,0,0.000689681,60.3555
0,61,3,0,0.000274253,60.0604
0,62,3,0,0.00086454,59.7922
0,63,3,0,0.000833558,59.5116
0,64,3,0,0.000529259,59.2305
0,65,3,0,0.000244688,58.9645
0,66,3,0,0.000670275,58.7358
0,67,3,0,0.0009261,58.5181
0,68,3,0,0.00121088,58.2958
0,69,3,0,0.000405,58.047
0,70,3,0,0.000732544,57.8285
0,71,3,0,0.000666495,57.6129
0,72,3,0,0.000482288,57.4068
0,73,3,0,0.000822488,57.2216
0,74,3,0,0.00035289,57.0279
0,75,3,0,0.00052407,56.8532
0,76,3,0,0.000348165,56.6816
0,77,3,0,0.00075627,56.5247
0,78,3,0,0.000767408,56.3585
0,79,3,0,0.000360619,56.1793
0,80,3,0,0.000252518,56.0125
0,81,3,0,0.000896366,55.8718
0,82,3,0,0.000483536,55.7164
0,83,3,0,0.000851816,55.5774
0,84,3,0,0.00092718,55.4327
0,85,3,0,0.000980741,55.285
0,86,3,0,0.000757519,55.1297
0,87,3,0,0.000305708,54.9788
0,88,3,0,0.00093204,54.8557
0,89,3,0,0.000586609,54.7067
0,90,3,0,0.000438885,54.5625
0,91,3,0,0.000645469,54.4311
0,92,3,0,0.000485966,54.2952
0,93,3,0,0.000611955,54.1659
0,94,3,0,0.000631361,54.037
0,95,3,0,0.000747664,53.9121
0,96,3,0,0.000345322,53.7867
0,97,3,0,0.000497745,53.6858
0,98,3,0,0.00143643,53.6029
0,99,3,0,0.000617794,53.474
0,100,3,0,0.000547864,53.3604
0,101,3,0,0.000742061,53.2593
0,102,3,0,0.000493965,53.1503
0,103,3,0,0.000305438,53.0493
0,104,3,0,0.000378675,52.9679
0,105,3,0,0.000490185,52.8967
0,106,3,0,0.00069768,52.8337
0,107,3,0,0.000614655,52.7633
0,108,3,0,0.000574931,52.694
0,109,3,0,0.00034506,52.6293
0,110,3,0,0.000784755,52.5825
0,111,3,0,0.000300679,52.5205
0,112,3,0,0.000688601,52.476
0,113,3,0,0.00063666,52.4204
0,114,3,0,0.000736324,52.3621
0,115,3,0,0.000411919,52.2946
0,116,3,0,0.000441315,52.236
0,117,3,0,0.000217013,52.1831
0,118,3,0,0.000809123,52.1513
0,119,3,0,0.000430886,52.0995
0,120,3,0,0.000601526,52.0637
0,121,3,0,0.00100734,52.0308
0,122,3,0,0.000471589,51.9741
0,123,3,0,0.000906154,51.9361
0,124,3,0,0.000472399,51.8817
0,125,3,0,0.000389003,51.8336
0,126,3,0,0.000207765,51.7964
0,127,3,0,0.000714218,51.7788
0,128,3,0,0.000692002,51.7516
0,129,3,0,0.000614385,51.7197
0,130,3,0,0.000625793,51.6894
0,131,3,0,0.00063612,51.6591
0,132,3,0,0.000565313,51.6284
0,133,3,0,0.000447154,51.5957
0,134,3,0,0.000430076,51.5711
0,135,3,0,0.000913005,51.5574
0,136,3,0,0.000433586,51.5181
0,137,3,0,0.000625793,51.49
0,138,3,0,0.00058833,51.4654
0,139,3,0,0.000385594,51.4419
0,140,3,0,0.00099333,51.4361
0,141,3,0,0.000730215,51.4073
0,142,3,0,0.000726064,51.3729
0,143,3,0,0.000195716,51.3315
0,144,3,0,0.00076302,51.3148
0,145,3,0,0.000799943,51.2881
0,146,3,0,0.000736054,51.2537
0,147,3,0,0.000534938,51.2148
0,148,3,0,0.000303109,51.1815
0,149,3,0,0.000498285,51.1664
0,150,3,0,0.000627683,51.156
0,151,3,0,0.000720866,51.1437
0,152,3,0,0.00081486,51.1216
0,153,3,0,0.000264195,51.0804
0,154,3,0,0.000416239,51.0571
0,155,3,0,0.000614048,51.0444
0,156,3,0,0.000496395,51.0272
0,157,3,0,0.000720326,51.0158
0,158,3,0,0.000506554,50.9925
0,159,3,0,0.000668824,50.9747
0,160,3,0,8.03166e-05,50.9481
0,161,3,0,0.000430076,50.949
0,162,3,0,0.000689951,50.9559
0,163,3,0,0.000770648,50.9584
0,164,3,0,0.00104294,50.9534
0,165,3,0,0.000654548,50.9224
0,166,3,0,0.00046602,50.8952
0,167,3,0,0.000672874,50.8849
0,168,3,0,0.000786814,50.8782
0,169,3,0,0.000832478,50.8649
0,170,3,0,0.000667305,50.8398
0,171,3,0,0.000205335,50.8132
0,172,3,0,0.000453971,50.8148
0,173,3,0,0.000730755,50.8206
0,174,3,0,0.000902306,50.8146
0,175,3,0,0.000603146,50.7931
0,176,3,0,0.000444454,50.7751
0,177,3,0,0.000471319,50.7652
0,178,3,0,0.000574391,50.7584
0,179,3,0,0.000492615,50.7515
0,180,3,0,0.000952796,50.7538
0,181,3,0,0.000536828,50.7342
0,182,3,0,0.000554614,50.7194
0,183,3,0,0.000246578,50.7058
0,184,3,0,0.000920801,50.7171
0,185,3,0,0.000913275,50.7127
0,186,3,0,0.000922151,50.7005
0,187,3,0,0.000777938,50.6789
0,188,3,0,0.000560554,50.6569
0,189,3,0,0.000789345,50.6427
0,190,3,0,0.000596498,50.6175
0,191,3,0,0.000590828,50.5943
0,192,3,0,0.000334623,50.5641
0,193,3,0,0.000396461,50.5469
0,194,3,0,0.000632813,50.5412
0,195,3,0,0.000710168,50.5335
0,196,3,0,0.000688163,50.5243
0,197,3,0,0.000860153,50.5187
0,198,3,0,0.00029619,50.5031
0,199,3,0,0.000499095,50.5086
0,200,3,0,0.000679523,50.5183
0,201,3,0,0.000436016,50.5197
0,202,3,0,0.000593258,50.5295
0,203,3,0,0.000565313,50.5377
0,204,3,0,0.000582221,50.5498
0,205,3,0,0.000890426,50.567
0,206,3,0,0.000656978,50.567
0,207,3,0,0.000684923,50.5711
0,208,3,0,0.00063801,50.5754
0,209,3,0,0.00047061,50.5776
0,210,3,0,0.000514451,50.586
0,211,3,0,0.00098955,50.6009
0,212,3,0,0.000561094,50.5937
0,213,3,0,0.000618064,50.5902
0,214,3,0,0.000602708,50.5818
0,215,3,0,0.000357379,50.5649
0,216,3,0,0.000298249,50.5604
0,217,3,0,0.000713948,50.5708
0,218,3,0,0.000635141,50.568
0,219,3,0,0.000449753,50.5628
0,220,3,0,0.000552116,50.5655
0,221,3,0,0.000701629,50.5728
0,222,3,0,0.000702709,50.5713
0,223,3,0,0.000445703,50.5651
0,224,3,0,0.000987213,50.5793
0,225,3,0,0.000797243,50.5749
0,226,3,0,0.000535478,50.5598
0,227,3,0,0.000642229,50.55
0,228,3,0,0.000538178,50.5364
0,229,3,0,0.000557584,50.529
0,230,3,0,0.000670714,50.5289
0,231,3,0,0.000342191,50.5253
0,232,3,0,0.000567203,50.5387
0,233,3,0,0.000737134,50.5502
0,234,3,0,0.00069687,50.5516
0,235,3,0,0.000347051,50.548
0,236,3,0,0.00081837,50.5643
0,237,3,0,0.000868421,50.5707
0,238,3,0,0.000801023,50.5648
0,239,3,0,0.000599366,50.5449
0,240,3,0,0.000369866,50.5207
0,241,3,0,0.000773516,50.515
0,242,3,0,0.000777296,50.497
0,243,3,0,0.000530179,50.4648
0,244,3,0,0.000383535,50.4351
0,245,3,0,0.000482018,50.4209
0,246,3,0,0.000918473,50.4148
0,247,3,0,0.000318735,50.3878
0,248,3,0,0.000775238,50.3843
0,249,3,0,0.000566663,50.3651
0,250,3,0,0.000700211,50.347
0,251,3,0,0.000124639,50.3184
0,252,3,0,0.00123127,50.3252
0,253,3,0,0.000594068,50.2922
0,254,3,0,0.000784485,50.2689
0,255,3,0,0.000800584,50.2391
0,0,4,0,0.000198577,130.859
0,1,4,0,0.000158153,129.39
0,2,4,0,7.45875e-05,127.353
0,3,4,0,0.000300139,124.929
0,4,4,0,0.000165341,122.253
0,5,4,0,0.000123289,119.464
0,6,4,0,0.000415969,116.652
0,7,4,0,0.000180259,113.864
0,8,4,0,6.46988e-05,111.155
0,9,4,0,0.00035019,108.553
0,10,4,0,0.000154474,106.048
0,11,4,0,0.0001161,103.662
0,12,4,0,0.000256196,101.398
0,13,4,0,0.000245059,99.2444
0,14,4,0,0.000251606,97.1974
0,15,4,0,0.00034884,95.2583
0,16,4,0,0.00034992,93.4152
0,17,4,0,0,91.6591
0,18,4,0,0.000258795,90.0086
0,19,4,0,0.000181879,88.4368
0,20,4,0,0.000206685,86.9434
0,21,4,0,0.000283331,85.5217
0,22,4,0,0.000137396,84.1654
0,23,4,0,0.000196256,82.8804
0,24,4,0,0.000190958,81.6575
0,25,4,0,0.000158153,80.4951
0,26,4,0,0.000146475,79.3886
0,27,4,0,0.000129397,78.3369
0,28,4,0,0.000238579,77.3399
0,29,4,0,0.000397913,76.3838
0,30,4,0,0.000107831,75.4572
0,31,4,0,0.000420829,74.5808
0,32,4,0,0.000339213,73.7317
0,33,4,0,0.000143775,72.9125
0,34,4,0,0.000192578,72.1351
0,35,4,0,0.00011826,71.3944
0,36,4,0,0.000186908,70.691
0,37,4,0,0.000268684,70.0189
0,38,4,0,0.000251606,69.3749
0,39,4,0,0.000267874,68.7601
0,40,4,0,0.000131288,68.1665
0,41,4,0,0.000110531,67.6059
0,42,4,0,0.000414619,67.0779
0,43,4,0,0.000413269,66.5628
0,44,4,0,0.000140906,66.0583
0,45,4,0,0.000154744,65.5797
0,46,4,0,0.000334463,65.1246
0,47,4,0,0.000297709,64.6784
0,48,4,0,4.47525e-05,64.2433
0,49,4,0,0.000428186,63.8398
0,50,4,0,0.00023247,63.442
0,51,4,0,0.000601358,63.0687
0,52,4,0,0.000505204,62.69
0,53,4,0,0.000475099,62.3139
0,54,4,0,0.000221873,61.942
0,55,4,0,5.03213e-05,61.5884
0,56,4,0,0.000300409,61.2603
0,57,4,0,0.000411379,60.9457
0,58,4,0,0.000555525,60.6373
0,59,4,0,0.00040392,60.3271
0,60,4,0,0.00034506,60.0292
0,61,4,0,0.000471319,59.745
0,62,4,0,0.000618604,59.4689
0,63,4,0,0.000273443,59.1844
0,64,4,0,0.000247818,58.9116
0,65,4,0,0.000100642,58.6512
0,66,4,0,0.000190688,58.414
0,67,4,0,0.000373646,58.1899
0,68,4,0,0.00028809,57.9639
0,69,4,0,0.00040608,57.7406
0,70,4,0,0.000392243,57.5215
0,71,4,0,0.000201555,57.3048
0,72,4,0,0.000158153,57.1018
0,73,4,0,0.000448504,56.9161
0,74,4,0,0.000334193,56.7262
0,75,4,0,0.000183769,56.5422
0,76,4,0,0.000295346,56.3705
0,77,4,0,0.000337703,56.2033
0,78,4,0,0.000331223,56.0336
0,79,4,0,0.000151234,55.8594
0,80,4,0,0,55.6933
0,81,4,0,0.000129398,55.5454
0,82,4,0,0.000358999,55.4035
0,83,4,0,0.000317216,55.2584
0,84,4,0,0.000199766,55.1109
0,85,4,0,0.00023328,54.9676
0,86,4,0,0.000307868,54.8271
0,87,4,0,0.000280361,54.6895
0,88,4,0,0.000733624,54.5635
0,89,4,0,0.000281441,54.4137
0,90,4,0,0.000251606,54.2707
0,91,4,0,0.000182959,54.1331
0,92,4,0,0.000108911,54
0,93,4,0,0.000111881,53.876
0,94,4,0,0.000381004,53.7623
0,95,4,0,0.000358189,53.6457
0,96,4,0,0.000265435,53.5307
0,97,4,0,0.000401591,53.4285
0,98,4,0,0.000736223,53.3294
0,99,4,0,2.15662e-05,53.2005
0,100,4,0,0.000129398,53.0909
0,101,4,0,0.00023004,52.9907
0,102,4,0,0.000194096,52.891
0,103,4,0,0.000158963,52.797
0,104,4,0,0.000153934,52.7128
0,105,4,0,0.000158153,52.6371
0,106,4,0,0.000216743,52.5686
0,107,4,0,0.000329974,52.5017
0,108,4,0,0.000159773,52.4305
0,109,4,0,0.000143775,52.3664
0,110,4,0,0.000222851,52.3112
0,111,4,0,0.000223931,52.2566
0,112,4,0,0.000385054,52.2076
0,113,4,0,0.000366626,52.1521
0,114,4,0,0.000278033,52.0919
0,115,4,0,0.000210634,52.0317
0,116,4,0,0.000269224,51.9781
0,117,4,0,0.000255656,51.9284
0,118,4,0,0.000374186,51.8855
0,119,4,0,0.000170201,51.8362
0,120,4,0,0.000310736,51.7972
0,121,4,0,0.000445973,51.7577
0,122,4,0,6.46987e-05,51.705
0,123,4,0,0.00029295,51.6683
0,124,4,0,0.000515531,51.6313
0,125,4,0,0.000298249,51.5858
0,126,4,0,0.000271924,51.548
0,127,4,0,0.000381375,51.5197
0,128,4,0,0.00040867,51.4892
0,129,4,0,0.00036909,51.4545
0,130,4,0,0.00023355,51.4168
0,131,4,0,0.000151774,51.382
0,132,4,0,0.000309116,51.3538
0,133,4,0,0.000124909,51.3216
0,134,4,0,0.000316136,51.2997
0,135,4,0,0.00035235,51.2765
0,136,4,0,0.000366998,51.2462
0,137,4,0,0.00011502,51.211
0,138,4,0,0.000110531,51.1852
0,139,4,0,0.000275873,51.1687
0,140,4,0,0.000532609,51.1547
0,141,4,0,0.00029214,51.1227
0,142,4,0,0.00023004,51.0887
0,143,4,0,8.9505e-05,51.0551
0,144,4,0,0.000422348,51.035
0,145,4,0,0.00017631,51.0021
0,146,4,0,0.000203985,50.9712
0,147,4,0,0.00011502,50.9399
0,148,4,0,0.000213604,50.9169
0,149,4,0,0.000218903,50.8991
0,150,4,0,0.000276413,50.8861
0,151,4,0,0.000418838,50.8745
0,152,4,0,0.000569261,50.8561
0,153,4,0,0.000208845,50.8211
0,154,4,0,0.000218633,50.7968
0,155,4,0,0.000281003,50.7802
0,156,4,0,0.000424508,50.7656
0,157,4,0,0.000284141,50.7442
0,158,4,0,0.000202905,50.7213
0,159,4,0,0.000208474,50.7018
0,160,4,0,5.87503e-05,50.6832
0,161,4,0,0.000333113,50.6802
0,162,4,0,0.000158423,50.672
0,163,4,0,0.000145935,50.6669
0,164,4,0,0.000507803,50.6646
0,165,4,0,0.000203715,50.6406
0,166,4,0,0.00011502,50.6189
0,167,4,0,0.00011637,50.6063
0,168,4,0,0.000316305,50.6017
0,169,4,0,0.00035154,50.5925
0,170,4,0,0.000385324,50.5786
0,171,4,0,0.000191498,50.5616
0,172,4,0,0.000395381,50.5598
0,173,4,0,0.000547526,50.558
0,174,4,0,0.000361598,50.5432
0,175,4,0,0.000241279,50.525
0,176,4,0,0.000297439,50.5121
0,177,4,0,0.000391973,50.5018
0,178,4,0,0.000100913,50.4865
0,179,4,0,0.000253496,50.4836
0,180,4,0,0.000536288,50.4851
0,181,4,0,0.00034641,50.4714
0,182,4,0,0.000434565,50.4594
0,183,4,0,8.6265e-05,50.4423
0,184,4,0,0.0004104,50.4445
0,185,4,0,0.000514283,50.4394
0,186,4,0,0.000267064,50.4204
0,187,4,0,0.000332303,50.402
0,188,4,0,0.000124099,50.3785
0,189,4,0,0.000197066,50.3628
0,190,4,0,0.000222851,50.3473
0,191,4,0,0.00029052,50.3342
0,192,4,0,0.000546337,50.3229
0,193,4,0,0.000247658,50.3019
0,194,4,0,0.000285491,50.2904
0,195,4,0,0.00034884,50.2822
0,196,4,0,0.000256466,50.2721
0,197,4,0,0.000370406,50.2666
0,198,4,0,0.000253226,50.2571
0,199,4,0,0.000315596,50.2543
0,200,4,0,0.000107831,50.2497
0,201,4,0,0.000211714,50.2523
0,202,4,0,0.000146205,50.2552
0,203,4,0,7.90762e-05,50.2612
0,204,4,0,0.000298789,50.2756
0,205,4,0,0.000260685,50.2855
0,206,4,0,0.000343811,50.2926
0,207,4,0,0.000189338,50.2948
0,208,4,0,0.000325924,50.3032
0,209,4,0,0.00052407,50.3106
0,210,4,0,8.20462e-05,50.3053
0,211,4,0,0.000359708,50.3144
0,212,4,0,0.000413539,50.3155
0,213,4,0,0.000275873,50.3089
0,214,4,0,0.000334193,50.3029
0,215,4,0,0.00029106,50.2927
0,216,4,0,0.00011502,50.2828
0,217,4,0,0.000274523,50.2829
0,218,4,0,2.9835e-05,50.2756
0,219,4,0,0.00011502,50.2772
0,220,4,0,0.000280463,50.2846
0,221,4,0,0.000306248,50.2897
0,222,4,0,0.000394673,50.2911
0,223,4,0,8.6265e-05,50.2836
0,224,4,0,0.00023344,50.2893
0,225,4,0,0.000612495,50.295
0,226,4,0,0.00011691,50.2774
0,227,4,0,0.000239119,50.2709
0,228,4,0,0.000389374,50.2661
0,229,4,0,0.000151234,50.2548
0,230,4,0,0.000186908,50.2519
0,231,4,0,0.000107831,50.2525
0,232,4,0,0.000413809,50.266
0,233,4,0,0.000363488,50.272
0,234,4,0,0.00046143,50.2745
0,235,4,0,8.7075e-05,50.2668
0,236,4,0,0.00046791,50.2754
0,237,4,0,0.000327004,50.2697
0,238,4,0,5.03212e-05,50.2551
0,239,4,0,0.000262575,50.2469
0,240,4,0,0.000197876,50.2334
0,241,4,0,0.000210634,50.2238
0,242,4,0,0.000446783,50.2153
0,243,4,0,0.000351,50.1945
0,244,4,0,0.000304628,50.1719
0,245,4,0,0.000136586,50.1512
0,246,4,0,0.00034587,50.1404
0,247,4,0,4.31325e-05,50.1207
0,248,4,0,0.000439425,50.1178
0,249,4,0,0.000247388,50.1029
0,250,4,0,0.000602336,50.0928
0,251,4,0,0,50.0631
0,252,4,0,0.000478339,50.0564
0,253,4,0,5.751e-05,50.0292
0,254,4,0,0.000320895,50.0134
0,255,4,0,0.000153664,49.9895
0,0,5,0,1.24031e-06,123.273
0,1,5,0,0,122.228
0,2,5,0,0,120.753
0,3,5,0,0,118.946
0,4,5,0,0,116.9
0,5,5,0,0,114.702
0,6,5,0,0,112.425
0,7,5,0,0,110.121
0,8,5,0,0,107.831
0,9,5,0,0,105.584
0,10,5,0,0,103.397
0,11,5,0,0,101.282
0,12,5,0,0,99.2472
0,13,5,0,0,97.2942
0,14,5,0,0,95.4236
0,15,5,0,0,93.6353
0,16,5,0,0,91.9267
0,17,5,0,0,90.2953
0,18,5,0,0,88.7415
0,19,5,0,0,87.2594
0,20,5,0,0,85.8454
0,21,5,0,0,84.4958
0,22,5,0,0,83.2076
0,23,5,0,0,81.9794
0,24,5,0,0,80.8078
0,25,5,0,0,79.6903
0,26,5,0,0,78.624
0,27,5,0,0,77.6065
0,28,5,0,0,76.6348
0,29,5,0,0,75.7041
0,30,5,0,0,74.8105
0,31,5,0,0,73.9546
0,32,5,0,1.24031e-06,73.1323
0,33,5,0,0,72.3428
0,34,5,0,0,71.5876
0,35,5,0,0,70.8657
0,36,5,0,0,70.1759
0,37,5,0,0,69.516
0,38,5,0,0,68.8841
0,39,5,0,0,68.279
0,40,5,0,0,67.6989
0,41,5,0,0,67.1445
0,42,5,0,0,66.6142
0,43,5,0,0,66.1033
0,44,5,0,0,65.6102
0,45,5,0,0,65.1364
0,46,5,0,0,64.681
0,47,5,0,0,64.2408
0,48,5,0,0,63.8158
0,49,5,0,0,63.408
0,50,5,0,0,63.0135
0,51,5,0,0,62.6322
0,52,5,0,0,62.2588
0,53,5,0,0,61.8932
0,54,5,0,0,61.537
0,55,5,0,0,61.1935
0,56,5,0,0,60.8643
0,57,5,0,0,60.5468
0,58,5,0,0,60.2382
0,59,5,0,0,59.9366
0,60,5,0,0,59.644
0,61,5,0,0,59.3604
0,62,5,0,0,59.0842
0,63,5,0,0,58.8131
0,64,5,0,1.24031e-06,58.5506
0,65,5,0,0,58.2982
0,66,5,0,0,58.0578
0,67,5,0,0,57.8268
0,68,5,0,0,57.6015
0,69,5,0,0,57.3814
0,70,5,0,0,57.1668
0,71,5,0,0,56.9583
0,72,5,0,0,56.7579
0,73,5,0,0,56.5659
0,74,5,0,0,56.3788
0,75,5,0,0,56.1974
0,76,5,0,0,56.0222
0,77,5,0,0,55.8516
0,78,5,0,0,55.6837
0,79,5,0,0,55.5183
0,80,5,0,0,55.3583
0,81,5,0,0,55.2055
0,82,5,0,0,55.0575
0,83,5,0,0,54.9116
0,84,5,0,0,54.7674
0,85,5,0,0,54.6258
0,86,5,0,0,54.4868
0,87,5,0,0,54.3503
0,88,5,0,0,54.2162
0,89,5,0,0,54.0797
0,90,5,0,0,53.9451
0,91,5,0,0,53.814
0,92,5,0,0,53.687
0,93,5,0,0,53.5653
0,94,5,0,0,53.4485
0,95,5,0,0,53.3344
0,96,5,0,1.24031e-06,53.2234
0,97,5,0,0,53.1164
0,98,5,0,0,53.0108
0,99,5,0,0,52.9025
0,100,5,0,0,52.7987
0,101,5,0,0,52.6999
0,102,5,0,0,52.6052
0,103,5,0,0,52.5155
0,104,5,0,0,52.4318
0,105,5,0,0,52.3539
0,106,5,0,0,52.2807
0,107,5,0,0,52.2107
0,108,5,0,0,52.1427
0,109,5,0,0,52.0785
0,110,5,0,0,52.0183
0,111,5,0,0,51.9606
0,112,5,0,0,51.9048
0,113,5,0,0,51.8487
0,114,5,0,0,51.7922
0,115,5,0,0,51.7367
0,116,5,0,0,51.6839
0,117,5,0,0,51.6339
0,118,5,0,0,51.5865
0,119,5,0,0,51.5401
0,120,5,0,0,51.4963
0,121,5,0,0,51.4532
0,122,5,0,0,51.4092
0,123,5,0,0,51.3683
0,124,5,0,0,51.3286
0,125,5,0,0,51.2889
0,126,5,0,0,51.2517
0,127,5,0,0,51.2174
0,128,5,0,1.24031e-06,51.1837
0,129,5,0,0,51.1496
0,130,5,0,0,51.1153
0,131,5,0,0,51.0825
0,132,5,0,0,51.0516
0,133,5,0,0,51.0218
0,134,5,0,0,50.9942
0,135,5,0,0,50.967
0,136,5,0,0,50.9386
0,137,5,0,0,50.9099
0,138,5,0,0,50.8837
0,139,5,0,0,50.8601
0,140,5,0,0,50.8366
0,141,5,0,0,50.8094
0,142,5,0,0,50.7808
0,143,5,0,0,50.7524
0,144,5,0,0,50.7259
0,145,5,0,0,50.6982
0,146,5,0,0,50.6709
0,147,5,0,0,50.6447
0,148,5,0,0,50.6216
0,149,5,0,0,50.6012
0,150,5,0,0,50.5828
0,151,5,0,0,50.5647
0,152,5,0,0,50.5445
0,153,5,0,0,50.5213
0,154,5,0,0,50.4998
0,155,5,0,0,50.4806
0,156,5,0,0,50.4624
0,157,5,0,0,50.4435
0,158,5,0,0,50.4247
0,159,5,0,0,50.4075
0,160,5,0,1.24031e-06,50.3924
0,161,5,0,0,50.3811
0,162,5,0,0,50.3706
0,163,5,0,0,50.3606
0,164,5,0,0,50.3499
0,165,5,0,0,50.3352
0,166,5,0,0,50.3203
0,167,5,0,0,50.3076
0,168,5,0,0,50.297
0,169,5,0,0,50.2861
0,170,5,0,0,50.2745
0,171,5,0,0,50.263
0,172,5,0,0,50.2542
0,173,5,0,0,50.2454
0,174,5,0,0,50.234
0,175,5,0,0,50.2213
0,176,5,0,0,50.2094
0,177,5,0,0,50.1984
0,178,5,0,0,50.1878
0,179,5,0,0,50.1798
0,180,5,0,0,50.1726
0,181,5,0,0,50.1628
0,182,5,0,0,50.1522
0,183,5,0,0,50.1414
0,184,5,0,0,50.1332
0,185,5,0,0,50.1233
0,186,5,0,0,50.1099
0,187,5,0,0,50.0949
0,188,5,0,0,50.0789
0,189,5,0,0,50.0641
0,190,5,0,0,50.0502
0,191,5,0,0,50.0373
0,192,5,0,1.24031e-06,50.0248
0,193,5,0,0,50.0116
0,194,5,0,0,50.0005
0,195,5,0,0,49.9912
0,196,5,0,0,49.9828
0,197,5,0,0,49.976
0,198,5,0,0,49.9699
0,199,5,0,0,49.9659
0,200,5,0,0,49.9633
0,201,5,0,0,49.9634
0,202,5,0,0,49.9652
0,203,5,0,0,49.9691
0,204,5,0,0,49.9752
0,205,5,0,0,49.981
0,206,5,0,0,49.9858
0,207,5,0,0,49.9895
0,208,5,0,0,49.9935
0,209,5,0,0,49.9966
0,210,5,0,0,49.9974
0,211,5,0,0,49.9991
0,212,5,0,0,49.9987
0,213,5,0,0,49.9957
0,214,5,0,0,49.9914
0,215,5,0,0,49.9861
0,216,5,0,0,49.9811
0,217,5,0,0,49.9782
0,218,5,0,0,49.9755
0,219,5,0,0,49.9752
0,220,5,0,0,49.9766
0,221,5,0,0,49.9778
0,222,5,0,0,49.9778
0,223,5,0,0,49.9762
0,224,5,0,1.24031e-06,49.9758
0,225,5,0,0,49.9743
0,226,5,0,0,49.9686
0,227,5,0,0,49.9633
0,228,5,0,0,49.9585
0,229,5,0,0,49.9537
0,230,5,0,0,49.9512
0,231,5,0,0,49.9511
0,232,5,0,0,49.9538
0,233,5,0,0,49.9556
0,234,5,0,0,49.9557
0,235,5,0,0,49.9535
0,236,5,0,0,49.952
0,237,5,0,0,49.947
0,238,5,0,0,49.939
0,239,5,0,0,49.9303
0,240,5,0,0,49.9203
0,241,5,0,0,49.91
0,242,5,0,0,49.8987
0,243,5,0,0,49.8843
0,244,5,0,0,49.8687
0,245,5,0,0,49.8537
0,246,5,0,0,49.8406
0,247,5,0,0,49.8275
0,248,5,0,0,49.8168
0,249,5,0,0,49.8047
0,250,5,0,0,49.792
0,251,5,0,0,49.7765
0,252,5,0,0,49.7633
0,253,5,0,0,49.7482
0,254,5,0,0,49.7348
0,255,5,0,0,49.7223
0,0,6,0,1.24031e-06,116.827
0,1,6,0,0,116.052
0,2,6,0,0,114.946
0,3,6,0,0,113.564
0,4,6,0,0,111.968
0,5,6,0,0,110.218
0,6,6,0,0,108.367
0,7,6,0,0,106.457
0,8,6,0,0,104.525
0,9,6,0,0,102.598
0,10,6,0,0,100.696
0,11,6,0,0,98.8333
0,12,6,0,0,97.0201
0,13,6,0,0,95.2628
0,14,6,0,0,93.5653
0,15,6,0,0,91.9298
0,16,6,0,0,90.3569
0,17,6,0,0,88.8467
0,18,6,0,0,87.3984
0,19,6,0,0,86.0105
0,20,6,0,0,84.6808
0,21,6,0,0,83.4071
0,22,6,0,0,82.1876
0,23,6,0,0,81.0204
0,24,6,0,0,79.9035
0,25,6,0,0,78.8347
0,26,6,0,0,77.8118
0,27,6,0,0,76.8326
0,28,6,0,0,75.8946
0,29,6,0,0,74.9953
0,30,6,0,0,74.1321
0,31,6,0,0,73.3038
0,32,6,0,1.24031e-06,72.5084
0,33,6,0,0,71.7447
0,34,6,0,0,71.0124
0,35,6,0,0,70.3106
0,36,6,0,0,69.638
0,37,6,0,0,68.9933
0,38,6,0,0,68.3751
0,39,6,0,0,67.7822
0,40,6,0,0,67.2134
0,41,6,0,0,66.6677
0,42,6,0,0,66.1438
0,43,6,0,0,65.6398
0,44,6,0,0,65.1544
0,45,6,0,0,64.6869
0,46,6,0,0,64.2365
0,47,6,0,0,63.802
0,48,6,0,0,63.3826
0,49,6,0,0,62.9778
0,50,6,0,0,62.5865
0,51,6,0,0,62.2073
0,52,6,0,0,61.8388
0,53,6,0,0,61.4805
0,54,6,0,0,61.1325
0,55,6,0,0,60.7956
0,56,6,0,0,60.4701
0,57,6,0,0,60.1551
0,58,6,0,0,59.8496
0,59,6,0,0,59.5527
0,60,6,0,0,59.2644
0,61,6,0,0,58.9845
0,62,6,0,0,58.7124
0,63,6,0,0,58.4479
0,64,6,0,1.24031e-06,58.1914
0,65,6,0,0,57.9436
0,66,6,0,0,57.7048
0,67,6,0,0,57.474
0,68,6,0,0,57.2501
0,69,6,0,0,57.0326
0,70,6,0,0,56.8212
0,71,6,0,0,56.6163
0,72,6,0,0,56.418
0,73,6,0,0,56.2262
0,74,6,0,0,56.0403
0,75,6,0,0,55.8599
0,76,6,0,0,55.6848
0,77,6,0,0,55.5144
0,78,6,0,0,55.348
0,79,6,0,0,55.1857
0,80,6,0,0,55.0278
0,81,6,0,0,54.8748
0,82,6,0,0,54.7259
0,83,6,0,0,54.5802
0,84,6,0,0,54.4373
0,85,6,0,0,54.2971
0,86,6,0,0,54.1595
0,87,6,0,0,54.0244
0,88,6,0,0,53.8914
0,89,6,0,0,53.7598
0,90,6,0,0,53.6304
0,91,6,0,0,53.5039
0,92,6,0,0,53.3809
0,93,6,0,0,53.2617
0,94,6,0,0,53.1462
0,95,6,0,0,53.0339
0,96,6,0,1.24031e-06,52.9247
0,97,6,0,0,52.8183
0,98,6,0,0,52.7142
0,99,6,0,0,52.6118
0,100,6,0,0,52.5125
0,101,6,0,0,52.417
0,102,6,0,0,52.3254
0,103,6,0,0,52.238
0,104,6,0,0,52.1552
0,105,6,0,0,52.0767
0,106,6,0,0,52.0022
0,107,6,0,0,51.9311
0,108,6,0,0,51.863
0,109,6,0,0,51.7979
0,110,6,0,0,51.7358
0,111,6,0,0,51.676
0,112,6,0,0,51.6181
0,113,6,0,0,51.5614
0,114,6,0,0,51.5058
0,115,6,0,0,51.4516
0,116,6,0,0,51.3993
0,117,6,0,0,51.349
0,118,6,0,0,51.3007
0,119,6,0,0,51.254
0,120,6,0,0,51.2089
0,121,6,0,0,51.1651
0,122,6,0,0,51.1222
0,123,6,0,0,51.0808
0,124,6,0,0,51.0407
0,125,6,0,0,51.0018
0,126,6,0,0,50.9644
0,127,6,0,0,50.9285
0,128,6,0,1.24031e-06,50.8937
0,129,6,0,0,50.8594
0,130,6,0,0,50.8258
0,131,6,0,0,50.7933
0,132,6,0,0,50.762
0,133,6,0,0,50.7318
0,134,6,0,0,50.7027
0,135,6,0,0,50.6742
0,136,6,0,0,50.646
0,137,6,0,0,50.6183
0,138,6,0,0,50.5915
0,139,6,0,0,50.5657
0,140,6,0,0,50.5399
0,141,6,0,0,50.5135
0,142,6,0,0,50.4867
0,143,6,0,0,50.4599
0,144,6,0,0,50.4336
0,145,6,0,0,50.4076
0,146,6,0,0,50.3822
0,147,6,0,0,50.3578
0,148,6,0,0,50.3348
0,149,6,0,0,50.3134
0,150,6,0,0,50.293
0,151,6,0,0,50.2731
0,152,6,0,0,50.2528
0,153,6,0,0,50.2322
0,154,6,0,0,50.2121
0,155,6,0,0,50.1929
0,156,6,0,0,50.1744
0,157,6,0,0,50.1564
0,158,6,0,0,50.139
0,159,6,0,0,50.1227
0,160,6,0,1.24031e-06,50.1078
0,161,6,0,0,50.0943
0,162,6,0,0,50.0818
0,163,6,0,0,50.0696
0,164,6,0,0,50.0572
0,165,6,0,0,50.0441
0,166,6,0,0,50.031
0,167,6,0,0,50.0185
0,168,6,0,0,50.0067
0,169,6,0,0,49.9952
0,170,6,0,0,49.9838
0,171,6,0,0,49.9728
0,172,6,0,0,49.9623
0,173,6,0,0,49.9519
0,174,6,0,0,49.941
0,175,6,0,0,49.9297
0,176,6,0,0,49.9186
0,177,6,0,0,49.9079
0,178,6,0,0,49.8977
0,179,6,0,0,49.8883
0,180,6,0,0,49.879
0,181,6,0,0,49.8693
0,182,6,0,0,49.8592
0,183,6,0,0,49.849
0,184,6,0,0,49.8389
0,185,6,0,0,49.8281
0,186,6,0,0,49.8162
0,187,6,0,0,49.8034
0,188,6,0,0,49.7902
0,189,6,0,0,49.7773
0,190,6,0,0,49.7648
0,191,6,0,0,49.7528
0,192,6,0,1.24031e-06,49.7414
0,193,6,0,0,49.7304
0,194,6,0,0,49.7205
0,195,6,0,0,49.7117
0,196,6,0,0,49.7039
0,197,6,0,0,49.6974
0,198,6,0,0,49.6919
0,199,6,0,0,49.6879
0,200,6,0,0,49.6852
0,201,6,0,0,49.6842
0,202,6,0,0,49.6845
0,203,6,0,0,49.6862
0,204,6,0,0,49.6889
0,205,6,0,0,49.6918
0,206,6,0,0,49.6946
0,207,6,0,0,49.697
0,208,6,0,0,49.6991
0,209,6,0,0,49.7007
0,210,6,0,0,49.7013
0,211,6,0,0,49.7014
0,212,6,0,0,49.7005
0,213,6,0,0,49.6985
0,214,6,0,0,49.6956
0,215,6,0,0,49.6922
0,216,6,0,0,49.689
0,217,6,0,0,49.6863
0,218,6,0,0,49.6843
0,219,6,0,0,49.6831
0,220,6,0,0,49.6825
0,221,6,0,0,49.682
0,222,6,0,0,49.6811
0,223,6,0,0,49.6797
0,224,6,0,1.24031e-06,49.6781
0,225,6,0,0,49.6757
0,226,6,0,0,49.6722
0,227,6,0,0,49.6684
0,228,6,0,0,49.6647
0,229,6,0,0,49.6614
0,230,6,0,0,49.659
0,231,6,0,0,49.6576
0,232,6,0,0,49.6571
0,233,6,0,0,49.6564
0,234,6,0,0,49.6549
0,235,6,0,0,49.6524
0,236,6,0,0,49.649
0,237,6,0,0,49.644
0,238,6,0,0,49.6375
0,239,6,0,0,49.6299
0,240,6,0,0,49.6213
0,241,6,0,0,49.6119
0,242,6,0,0,49.6015
0,243,6,0,0,49.59
0,244,6,0,0,49.5778
0,245,6,0,0,49.5657
0,246,6,0,0,49.554
0,247,6,0,0,49.5427
0,248,6,0,0,49.5319
0,249,6,0,0,49.521
0,250,6,0,0,49.5098
0,251,6,0,0,49.4984
0,252,6,0,0,49.4874
0,253,6,0,0,49.4767
0,254,6,0,0,49.4674
0,255,6,0,0,49.4599
0,0,7,0,1.24031e-06,111.25
0,1,7,0,0,110.658
0,2,7,0,0,109.803
0,3,7,0,0,108.723
0,4,7,0,0,107.457
0,5,7,0,0,106.045
0,6,7,0,0,104.528
0,7,7,0,0,102.939
0,8,7,0,0,101.307
0,9,7,0,0,99.6562
0,10,7,0,0,98.0063
0,11,7,0,0,96.3719
0,12,7,0,0,94.7642
0,13,7,0,0,93.1915
0,14,7,0,0,91.6595
0,15,7,0,0,90.1723
0,16,7,0,0,88.7325
0,17,7,0,0,87.3414
0,18,7,0,0,85.9998
0,19,7,0,0,84.7076
0,20,7,0,0,83.4639
0,21,7,0,0,82.2681
0,22,7,0,0,81.1187
0,23,7,0,0,80.0148
0,24,7,0,0,78.9548
0,25,7,0,0,77.9373
0,26,7,0,0,76.9606
0,27,7,0,0,76.023
0,28,7,0,0,75.1227
0,29,7,0,0,74.2579
0,30,7,0,0,73.427
0,31,7,0,0,72.6284
0,32,7,0,1.24031e-06,71.8608
0,33,7,0,0,71.1231
0,34,7,0,0,70.4145
0,35,7,0,0,69.7339
0,36,7,0,0,69.0803
0,37,7,0,0,68.4527
0,38,7,0,0,67.8499
0,39,7,0,0,67.2709
0,40,7,0,0,66.7144
0,41,7,0,0,66.1795
0,42,7,0,0,65.6651
0,43,7,0,0,65.1698
0,44,7,0,0,64.6927
0,45,7,0,0,64.2328
0,46,7,0,0,63.7893
0,47,7,0,0,63.3612
0,48,7,0,0,62.9478
0,49,7,0,0,62.5483
0,50,7,0,0,62.1619
0,51,7,0,0,61.7876
0,52,7,0,0,61.4246
0,53,7,0,0,61.0725
0,54,7,0,0,60.7309
0,55,7,0,0,60.3999
0,56,7,0,0,60.0793
0,57,7,0,0,59.7686
0,58,7,0,0,59.4673
0,59,7,0,0,59.1749
0,60,7,0,0,58.8911
0,61,7,0,0,58.6155
0,62,7,0,0,58.348
0,63,7,0,0,58.0884
0,64,7,0,1.24031e-06,57.8367
0,65,7,0,0,57.5928
0,66,7,0,0,57.3568
0,67,7,0,0,57.1283
0,68,7,0,0,56.9068
0,69,7,0,0,56.6918
0,70,7,0,0,56.4832
0,71,7,0,0,56.2809
0,72,7,0,0,56.0848
0,73,7,0,0,55.8947
0,74,7,0,0,55.7102
0,75,7,0,0,55.5311
0,76,7,0,0,55.3571
0,77,7,0,0,55.1878
0,78,7,0,0,55.023
0,79,7,0,0,54.8625
0,80,7,0,0,54.7062
0,81,7,0,0,54.5541
0,82,7,0,0,54.4058
0,83,7,0,0,54.2611
0,84,7,0,0,54.1194
0,85,7,0,0,53.9807
0,86,7,0,0,53.8448
0,87,7,0,0,53.7116
0,88,7,0,0,53.5808
0,89,7,0,0,53.4524
0,90,7,0,0,53.3265
0,91,7,0,0,53.2035
0,92,7,0,0,53.0837
0,93,7,0,0,52.967
0,94,7,0,0,52.8537
0,95,7,0,0,52.7434
0,96,7,0,1.24031e-06,52.6361
0,97,7,0,0,52.5316
0,98,7,0,0,52.4298
0,99,7,0,0,52.3306
0,100,7,0,0,52.2345
0,101,7,0,0,52.1416
0,102,7,0,0,52.0523
0,103,7,0,0,51.9667
0,104,7,0,0,51.8848
0,105,7,0,0,51.8067
0,106,7,0,0,51.732
0,107,7,0,0,51.6605
0,108,7,0,0,51.592
0,109,7,0,0,51.5263
0,110,7,0,0,51.4632
0,111,7,0,0,51.4024
0,112,7,0,0,51.3436
0,113,7,0,0,51.2865
0,114,7,0,0,51.231
0,115,7,0,0,51.1771
0,116,7,0,0,51.1249
0,117,7,0,0,51.0745
0,118,7,0,0,51.0259
0,119,7,0,0,50.9789
0,120,7,0,0,50.9334
0,121,7,0,0,50.8892
0,122,7,0,0,50.8464
0,123,7,0,0,50.8049
0,124,7,0,0,50.7646
0,125,7,0,0,50.7257
0,126,7,0,0,50.688
0,127,7,0,0,50.6516
0,128,7,0,1.24031e-06,50.6162
0,129,7,0,0,50.5817
0,130,7,0,0,50.5482
0,131,7,0,0,50.5156
0,132,7,0,0,50.484
0,133,7,0,0,50.4533
0,134,7,0,0,50.4236
0,135,7,0,0,50.3946
0,136,7,0,0,50.3662
0,137,7,0,0,50.3384
0,138,7,0,0,50.3112
0,139,7,0,0,50.2846
0,140,7,0,0,50.2583
0,141,7,0,0,50.2321
0,142,7,0,0,50.2059
0,143,7,0,0,50.18
0,144,7,0,0,50.1544
0,145,7,0,0,50.1294
0,146,7,0,0,50.1049
0,147,7,0,0,50.0813
0,148,7,0,0,50.0586
0,149,7,0,0,50.0368
0,150,7,0,0,50.0159
0,151,7,0,0,49.9954
0,152,7,0,0,49.9752
0,153,7,0,0,49.9553
0,154,7,0,0,49.9359
0,155,7,0,0,49.9171
0,156,7,0,0,49.8989
0,157,7,0,0,49.8813
0,158,7,0,0,49.8644
0,159,7,0,0,49.8484
0,160,7,0,1.24031e-06,49.8332
0,161,7,0,0,49.819
0,162,7,0,0,49.8054
0,163,7,0,0,49.7922
0,164,7,0,0,49.7792
0,165,7,0,0,49.7662
0,166,7,0,0,49.7534
0,167,7,0,0,49.7409
0,168,7,0,0,49.7289
0,169,7,0,0,49.7171
0,170,7,0,0,49.7056
0,171,7,0,0,49.6944
0,172,7,0,0,49.6834
0,173,7,0,0,49.6726
0,174,7,0,0,49.6617
0,175,7,0,0,49.6508
0,176,7,0,0,49.64
0,177,7,0,0,49.6295
0,178,7,0,0,49.6192
0,179,7,0,0,49.6093
0,180,7,0,0,49.5994
0,181,7,0,0,49.5895
0,182,7,0,0,49.5794
0,183,7,0,0,49.5692
0,184,7,0,0,49.5589
0,185,7,0,0,49.5482
0,186,7,0,0,49.5371
0,187,7,0,0,49.5255
0,188,7,0,0,49.5139
0,189,7,0,0,49.5023
0,190,7,0,0,49.491
0,191,7,0,0,49.4802
0,192,7,0,1.24031e-06,49.4698
0,193,7,0,0,49.46
0,194,7,0,0,49.4509
0,195,7,0,0,49.4427
0,196,7,0,0,49.4355
0,197,7,0,0,49.4292
0,198,7,0,0,49.4239
0,199,7,0,0,49.4197
0,200,7,0,0,49.4167
0,201,7,0,0,49.4148
0,202,7,0,0,49.4139
0,203,7,0,0,49.414
0,204,7,0,0,49.4147
0,205,7,0,0,49.4157
0,206,7,0,0,49.4169
0,207,7,0,0,49.4179
0,208,7,0,0,49.4188
0,209,7,0,0,49.4192
0,210,7,0,0,49.4192
0,211,7,0,0,49.4186
0,212,7,0,0,49.4175
0,213,7,0,0,49.4157
0,214,7,0,0,49.4135
0,215,7,0,0,49.411
0,216,7,0,0,49.4084
0,217,7,0,0,49.4061
0,218,7,0,0,49.4041
0,219,7,0,0,49.4024
0,220,7,0,0,49.4011
0,221,7,0,0,49.3997
0,222,7,0,0,49.3982
0,223,7,0,0,49.3965
0,224,7,0,1.24031e-06,49.3945
0,225,7,0,0,49.392
0,226,7,0,0,49.3891
0,227,7,0,0,49.386
0,228,7,0,0,49.3829
0,229,7,0,0,49.38
0,230,7,0,0,49.3775
0,231,7,0,0,49.3754
0,232,7,0,0,49.3734
0,233,7,0,0,49.3714
0,234,7,0,0,49.3689
0,235,7,0,0,49.3657
0,236,7,0,0,49.3618
0,237,7,0,0,49.3569
0,238,7,0,0,49.351
0,239,7,0,0,49.3442
0,240,7,0,0,49.3366
0,241,7,0,0,49.3282
0,242,7,0,0,49.3192
0,243,7,0,0,49.3095
0,244,7,0,0,49.2995
0,245,7,0,0,49.2893
0,246,7,0,0,49.2793
0,247,7,0,0,49.2694
0,248,7,0,0,49.2598
0,249,7,0,0,49.2503
0,250,7,0,0,49.2409
0,251,7,0,0,49.2317
0,252,7,0,0,49.2231
0,253,7,0,0,49.2153
0,254,7,0,0,49.2086
0,255,7,0,0,49.2037
0,0,8,0,1.24031e-06,106.358
0,1,8,0,0,105.894
0,2,8,0,0,105.219
0,3,8,0,0,104.357
0,4,8,0,0,103.336
0,5,8,0,0,102.184
0,6,8,0,0,100.93
0,7,8,0,0,99.5992
0,8,8,0,0,98.2161
0,9,8,0,0,96.8008
0,10,8,0,0,95.3703
0,11,8,0,0,93.9386
0,12,8,0,0,92.517
0,13,8,0,0,91.1141
0,14,8,0,0,89.7368
0,15,8,0,0,88.3901
0,16,8,0,0,87.0777
0,17,8,0,0,85.8022
0,18,8,0,0,84.5651
0,19,8,0,0,83.3675
0,20,8,0,0,82.2097
0,21,8,0,0,81.0917
0,22,8,0,0,80.0131
0,23,8,0,0,78.9733
0,24,8,0,0,77.9716
0,25,8,0,0,77.0069
0,26,8,0,0,76.0782
0,27,8,0,0,75.1843
0,28,8,0,0,74.3239
0,29,8,0,0,73.4958
0,30,8,0,0,72.6986
0,31,8,0,0,71.9312
0,32,8,0,1.24031e-06,71.1926
0,33,8,0,0,70.4816
0,34,8,0,0,69.7974
0,35,8,0,0,69.1392
0,36,8,0,0,68.506
0,37,8,0,0,67.8969
0,38,8,0,0,67.3108
0,39,8,0,0,66.7469
0,40,8,0,0,66.2042
0,41,8,0,0,65.6817
0,42,8,0,0,65.1784
0,43,8,0,0,64.6935
0,44,8,0,0,64.2258
0,45,8,0,0,63.7747
0,46,8,0,0,63.3393
0,47,8,0,0,62.9188
0,48,8,0,0,62.5124
0,49,8,0,0,62.1194
0,50,8,0,0,61.7392
0,51,8,0,0,61.371
0,52,8,0,0,61.0141
0,53,8,0,0,60.6681
0,54,8,0,0,60.3327
0,55,8,0,0,60.0076
0,56,8,0,0,59.6923
0,57,8,0,0,59.3867
0,58,8,0,0,59.0903
0,59,8,0,0,58.8026
0,60,8,0,0,58.5235
0,61,8,0,0,58.2526
0,62,8,0,0,57.9897
0,63,8,0,0,57.7346
0,64,8,0,1.24031e-06,57.4871
0,65,8,0,0,57.2472
0,66,8,0,0,57.0146
0,67,8,0,0,56.7891
0,68,8,0,0,56.5704
0,69,8,0,0,56.3583
0,70,8,0,0,56.1524
0,71,8,0,0,55.9526
0,72,8,0,0,55.7588
0,73,8,0,0,55.5707
0,74,8,0,0,55.3881
0,75,8,0,0,55.2108
0,76,8,0,0,55.0384
0,77,8,0,0,54.8707
0,78,8,0,0,54.7075
0,79,8,0,0,54.5487
0,80,8,0,0,54.394
0,81,8,0,0,54.2432
0,82,8,0,0,54.0963
0,83,8,0,0,53.9529
0,84,8,0,0,53.8128
0,85,8,0,0,53.6758
0,86,8,0,0,53.5417
0,87,8,0,0,53.4105
0,88,8,0,0,53.282
0,89,8,0,0,53.1562
0,90,8,0,0,53.0332
0,91,8,0,0,52.9131
0,92,8,0,0,52.7959
0,93,8,0,0,52.6817
0,94,8,0,0,52.5706
0,95,8,0,0,52.4625
0,96,8,0,1.24031e-06,52.3573
0,97,8,0,0,52.2549
0,98,8,0,0,52.1553
0,99,8,0,0,52.0586
0,100,8,0,0,51.9648
0,101,8,0,0,51.8742
0,102,8,0,0,51.7867
0,103,8,0,0,51.7026
0,104,8,0,0,51.6218
0,105,8,0,0,51.5442
0,106,8,0,0,51.4698
0,107,8,0,0,51.3984
0,108,8,0,0,51.3298
0,109,8,0,0,51.2638
0,110,8,0,0,51.2003
0,111,8,0,0,51.139
0,112,8,0,0,51.0798
0,113,8,0,0,51.0224
0,114,8,0,0,50.9668
0,115,8,0,0,50.913
0,116,8,0,0,50.8609
0,117,8,0,0,50.8105
0,118,8,0,0,50.7617
0,119,8,0,0,50.7145
0,120,8,0,0,50.6687
0,121,8,0,0,50.6245
0,122,8,0,0,50.5815
0,123,8,0,0,50.5399
0,124,8,0,0,50.4995
0,125,8,0,0,50.4605
0,126,8,0,0,50.4226
0,127,8,0,0,50.3859
0,128,8,0,1.24031e-06,50.3503
0,129,8,0,0,50.3156
0,130,8,0,0,50.2819
0,131,8,0,0,50.2491
0,132,8,0,0,50.2173
0,133,8,0,0,50.1864
0,134,8,0,0,50.1563
0,135,8,0,0,50.127
0,136,8,0,0,50.0984
0,137,8,0,0,50.0704
0,138,8,0,0,50.043
0,139,8,0,0,50.0161
0,140,8,0,0,49.9896
0,141,8,0,0,49.9635
0,142,8,0,0,49.9377
0,143,8,0,0,49.9122
0,144,8,0,0,49.8873
0,145,8,0,0,49.8628
0,146,8,0,0,49.8389
0,147,8,0,0,49.8157
0,148,8,0,0,49.7933
0,149,8,0,0,49.7715
0,150,8,0,0,49.7505
0,151,8,0,0,49.73
0,152,8,0,0,49.7099
0,153,8,0,0,49.6903
0,154,8,0,0,49.6712
0,155,8,0,0,49.6527
0,156,8,0,0,49.6348
0,157,8,0,0,49.6174
0,158,8,0,0,49.6008
0,159,8,0,0,49.5848
0,160,8,0,1.24031e-06,49.5695
0,161,8,0,0,49.5548
0,162,8,0,0,49.5407
0,163,8,0,0,49.527
0,164,8,0,0,49.5136
0,165,8,0,0,49.5006
0,166,8,0,0,49.4877
0,167,8,0,0,49.4752
0,168,8,0,0,49.463
0,169,8,0,0,49.4511
0,170,8,0,0,49.4394
0,171,8,0,0,49.428
0,172,8,0,0,49.4168
0,173,8,0,0,49.4058
0,174,8,0,0,49.3949
0,175,8,0,0,49.384
0,176,8,0,0,49.3734
0,177,8,0,0,49.3629
0,178,8,0,0,49.3526
0,179,8,0,0,49.3424
0,180,8,0,0,49.3324
0,181,8,0,0,49.3224
0,182,8,0,0,49.3123
0,183,8,0,0,49.3022
0,184,8,0,0,49.2919
0,185,8,0,0,49.2816
0,186,8,0,0,49.271
0,187,8,0,0,49.2603
0,188,8,0,0,49.2496
0,189,8,0,0,49.2391
0,190,8,0,0,49.2288
0,191,8,0,0,49.2188
0,192,8,0,1.24031e-06,49.2093
0,193,8,0,0,49.2003
0,194,8,0,0,49.1918
0,195,8,0,0,49.1842
0,196,8,0,0,49.1772
0,197,8,0,0,49.1712
0,198,8,0,0,49.1659
0,199,8,0,0,49.1616
0,200,8,0,0,49.1581
0,201,8,0,0,49.1555
0,202,8,0,0,49.1537
0,203,8,0,0,49.1526
0,204,8,0,0,49.152
0,205,8,0,0,49.1517
0,206,8,0,0,49.1516
0,207,8,0,0,49.1515
0,208,8,0,0,49.1514
0,209,8,0,0,49.151
0,210,8,0,0,49.1503
0,211,8,0,0,49.1493
0,212,8,0,0,49.1479
0,213,8,0,0,49.1462
0,214,8,0,0,49.1442
0,215,8,0,0,49.142
0,216,8,0,0,49.1397
0,217,8,0,0,49.1375
0,218,8,0,0,49.1355
0,219,8,0,0,49.1336
0,220,8,0,0,49.1317
0,221,8,0,0,49.13
0,222,8,0,0,49.1281
0,223,8,0,0,49.1261
0,224,8,0,1.24031e-06,49.1239
0,225,8,0,0,49.1214
0,226,8,0,0,49.1187
0,227,8,0,0,49.1158
0,228,8,0,0,49.113
0,229,8,0,0,49.1102
0,230,8,0,0,49.1075
0,231,8,0,0,49.1049
0,232,8,0,0,49.1023
0,233,8,0,0,49.0995
0,234,8,0,0,49.0965
0,235,8,0,0,49.0929
0,236,8,0,0,49.0888
0,237,8,0,0,49.084
0,238,8,0,0,49.0785
0,239,8,0,0,49.0723
0,240,8,0,0,49.0655
0,241,8,0,0,49.0582
0,242,8,0,0,49.0503
0,243,8,0,0,49.042
0,244,8,0,0,49.0335
0,245,8,0,0,49.0248
0,246,8,0,0,49.0162
0,247,8,0,0,49.0077
0,248,8,0,0,48.9994
0,249,8,0,0,48.9913
0,250,8,0,0,48.9834
0,251,8,0,0,48.976
0,252,8,0,0,48.9692
0,253,8,0,0,48.9632
0,254,8,0,0,48.9584
0,255,8,0,0,48.9549
0,0,9,0,1.24031e-06,102.02
0,1,9,0,0,101.648
0,2,9,0,0,101.105
0,3,9,0,0,100.406
0,4,9,0,0,99.5707
0,5,9,0,0,98.6195
0,6,9,0,0,97.5733
0,7,9,0,0,96.4521
0,8,9,0,0,95.2747
0,9,9,0,0,94.0578
0,10,9,0,0,92.8162
0,11,9,0,0,91.5622
0,12,9,0,0,90.3065
0,13,9,0,0,89.0575
0,14,9,0,0,87.8223
0,15,9,0,0,86.6063
0,16,9,0,0,85.4138
0,17,9,0,0,84.248
0,18,9,0,0,83.1114
0,19,9,0,0,82.0056
0,20,9,0,0,80.9318
0,21,9,0,0,79.8905
0,22,9,0,0,78.882
0,23,9,0,0,77.9062
0,24,9,0,0,76.963
0,25,9,0,0,76.0518
0,26,9,0,0,75.1721
0,27,9,0,0,74.3229
0,28,9,0,0,73.5037
0,29,9,0,0,72.7133
0,30,9,0,0,71.951
0,31,9,0,0,71.2159
0,32,9,0,1.24031e-06,70.507
0,33,9,0,0,69.8235
0,34,9,0,0,69.1647
0,35,9,0,0,68.5298
0,36,9,0,0,67.9179
0,37,9,0,0,67.3283
0,38,9,0,0,66.7601
0,39,9,0,0,66.2125
0,40,9,0,0,65.6847
0,41,9,0,0,65.1759
0,42,9,0,0,64.6851
0,43,9,0,0,64.2116
0,44,9,0,0,63.7546
0,45,9,0,0,63.3133
0,46,9,0,0,62.887
0,47,9,0,0,62.475
0,48,9,0,0,62.0766
0,49,9,0,0,61.6911
0,50,9,0,0,61.318
0,51,9,0,0,60.9566
0,52,9,0,0,60.6064
0,53,9,0,0,60.267
0,54,9,0,0,59.9379
0,55,9,0,0,59.6188
0,56,9,0,0,59.3093
0,57,9,0,0,59.0092
0,58,9,0,0,58.718
0,59,9,0,0,58.4354
0,60,9,0,0,58.1613
0,61,9,0,0,57.8951
0,62,9,0,0,57.6369
0,63,9,0,0,57.3863
0,64,9,0,1.24031e-06,57.1431
0,65,9,0,0,56.9071
0,66,9,0,0,56.6781
0,67,9,0,0,56.456
0,68,9,0,0,56.2405
0,69,9,0,0,56.0314
0,70,9,0,0,55.8284
0,71,9,0,0,55.6314
0,72,9,0,0,55.4401
0,73,9,0,0,55.2544
0,74,9,0,0,55.0739
0,75,9,0,0,54.8986
0,76,9,0,0,54.7281
0,77,9,0,0,54.5623
0,78,9,0,0,54.401
0,79,9,0,0,54.2439
0,80,9,0,0,54.091
0,81,9,0,0,53.9419
0,82,9,0,0,53.7966
0,83,9,0,0,53.6549
0,84,9,0,0,53.5165
0,85,9,0,0,53.3813
0,86,9,0,0,53.2492
0,87,9,0,0,53.1201
0,88,9,0,0,52.9938
0,89,9,0,0,52.8705
0,90,9,0,0,52.7499
0,91,9,0,0,52.6323
0,92,9,0,0,52.5175
0,93,9,0,0,52.4057
0,94,9,0,0,52.2968
0,95,9,0,0,52.1909
0,96,9,0,1.24031e-06,52.0878
0,97,9,0,0,51.9874
0,98,9,0,0,51.8899
0,99,9,0,0,51.7953
0,100,9,0,0,51.7035
0,101,9,0,0,51.6147
0,102,9,0,0,51.5289
0,103,9,0,0,51.4461
0,104,9,0,0,51.3664
0,105,9,0,0,51.2896
0,106,9,0,0,51.2157
0,107,9,0,0,51.1446
0,108,9,0,0,51.0761
0,109,9,0,0,51.0102
0,110,9,0,0,50.9465
0,111,9,0,0,50.8851
0,112,9,0,0,50.8258
0,113,9,0,0,50.7684
0,114,9,0,0,50.7128
0,115,9,0,0,50.659
0,116,9,0,0,50.6069
0,117,9,0,0,50.5564
0,118,9,0,0,50.5076
0,119,9,0,0,50.4603
0,120,9,0,0,50.4145
0,121,9,0,0,50.3701
0,122,9,0,0,50.3271
0,123,9,0,0,50.2854
0,124,9,0,0,50.245
0,125,9,0,0,50.2058
0,126,9,0,0,50.1678
0,127,9,0,0,50.131
0,128,9,0,1.24031e-06,50.0952
0,129,9,0,0,50.0604
0,130,9,0,0,50.0265
0,131,9,0,0,49.9936
0,132,9,0,0,49.9616
0,133,9,0,0,49.9305
0,134,9,0,0,49.9003
0,135,9,0,0,49.8707
0,136,9,0,0,49.8419
0,137,9,0,0,49.8138
0,138,9,0,0,49.7863
0,139,9,0,0,49.7593
0,140,9,0,0,49.7328
0,141,9,0,0,49.7068
0,142,9,0,0,49.6812
0,143,9,0,0,49.6561
0,144,9,0,0,49.6315
0,145,9,0,0,49.6075
0,146,9,0,0,49.584
0,147,9,0,0,49.5611
0,148,9,0,0,49.5389
0,149,9,0,0,49.5173
0,150,9,0,0,49.4963
0,151,9,0,0,49.4759
0,152,9,0,0,49.456
0,153,9,0,0,49.4366
0,154,9,0,0,49.4177
0,155,9,0,0,49.3994
0,156,9,0,0,49.3817
0,157,9,0,0,49.3645
0,158,9,0,0,49.3479
0,159,9,0,0,49.3319
0,160,9,0,1.24031e-06,49.3165
0,161,9,0,0,49.3016
0,162,9,0,0,49.2872
0,163,9,0,0,49.2733
0,164,9,0,0,49.2597
0,165,9,0,0,49.2465
0,166,9,0,0,49.2335
0,167,9,0,0,49.2209
0,168,9,0,0,49.2086
0,169,9,0,0,49.1965
0,170,9,0,0,49.1848
0,171,9,0,0,49.1732
0,172,9,0,0,49.1619
0,173,9,0,0,49.1508
0,174,9,0,0,49.1398
0,175,9,0,0,49.129
0,176,9,0,0,49.1183
0,177,9,0,0,49.1079
0,178,9,0,0,49.0975
0,179,9,0,0,49.0873
0,180,9,0,0,49.0772
0,181,9,0,0,49.0672
0,182,9,0,0,49.0572
0,183,9,0,0,49.0472
0,184,9,0,0,49.0372
0,185,9,0,0,49.0271
0,186,9,0,0,49.017
0,187,9,0,0,49.007
0,188,9,0,0,48.997
0,189,9,0,0,48.9872
0,190,9,0,0,48.9776
0,191,9,0,0,48.9683
0,192,9,0,1.24031e-06,48.9595
0,193,9,0,0,48.951
0,194,9,0,0,48.9431
0,195,9,0,0,48.9358
0,196,9,0,0,48.9291
0,197,9,0,0,48.9231
0,198,9,0,0,48.9179
0,199,9,0,0,48.9134
0,200,9,0,0,48.9095
0,201,9,0,0,48.9064
0,202,9,0,0,48.9039
0,203,9,0,0,48.9019
0,204,9,0,0,48.9003
0,205,9,0,0,48.8991
0,206,9,0,0,48.898
0,207,9,0,0,48.8971
0,208,9,0,0,48.8961
0,209,9,0,0,48.895
0,210,9,0,0,48.8938
0,211,9,0,0,48.8924
0,212,9,0,0,48.8908
0,213,9,0,0,48.8889
0,214,9,0,0,48.8869
0,215,9,0,0,48.8848
0,216,9,0,0,48.8826
0,217,9,0,0,48.8804
0,218,9,0,0,48.8783
0,219,9,0,0,48.8762
0,220,9,0,0,48.8742
0,221,9,0,0,48.8721
0,222,9,0,0,48.87
0,223,9,0,0,48.8678
0,224,9,0,1.24031e-06,48.8654
0,225,9,0,0,48.8629
0,226,9,0,0,48.8602
0,227,9,0,0,48.8575
0,228,9,0,0,48.8546
0,229,9,0,0,48.8518
0,230,9,0,0,48.849
0,231,9,0,0,48.8461
0,232,9,0,0,48.8432
0,233,9,0,0,48.8401
0,234,9,0,0,48.8367
0,235,9,0,0,48.8329
0,236,9,0,0,48.8288
0,237,9,0,0,48.8241
0,238,9,0,0,48.819
0,239,9,0,0,48.8133
0,240,9,0,0,48.8072
0,241,9,0,0,48.8007
0,242,9,0,0,48.7938
0,243,9,0,0,48.7867
0,244,9,0,0,48.7793
0,245,9,0,0,48.7719
0,246,9,0,0,48.7645
0,247,9,0,0,48.7572
0,248,9,0,0,48.7501
0,249,9,0,0,48.7432
0,250,9,0,0,48.7367
0,251,9,0,0,48.7307
0,252,9,0,0,48.7252
0,253,9,0,0,48.7205
0,254,9,0,0,48.7168
0,255,9,0,0,48.7142
0,0,10,0,1.24031e-06,98.1384
0,1,10,0,0,97.8353
0,2,10,0,0,97.3907
0,3,10,0,0,96.8158
0,4,10,0,0,96.1239
0,5,10,0,0,95.3301
0,6,10,0,0,94.4499
0,7,10,0,0,93.4988
0,8,10,0,0,92.4914
0,9,10,0,0,91.4416
0,10,10,0,0,90.3615
0,11,10,0,0,89.262
0,12,10,0,0,88.1527
0,13,10,0,0,87.0415
0,14,10,0,0,85.9351
0,15,10,0,0,84.839
0,16,10,0,0,83.7579
0,17,10,0,0,82.6951
0,18,10,0,0,81.6537
0,19,10,0,0,80.6356
0,20,10,0,0,79.6426
0,21,10,0,0,78.6756
0,22,10,0,0,77.7356
0,23,10,0,0,76.8228
0,24,10,0,0,75.9375
0,25,10,0,0,75.0796
0,26,10,0,0,74.2489
0,27,10,0,0,73.4449
0,28,10,0,0,72.6672
0,29,10,0,0,71.9153
0,30,10,0,0,71.1885
0,31,10,0,0,70.4862
0,32,10,0,1.24031e-06,69.8077
0,33,10,0,0,69.1524
0,34,10,0,0,68.5195
0,35,10,0,0,67.9086
0,36,10,0,0,67.3188
0,37,10,0,0,66.7496
0,38,10,0,0,66.2001
0,39,10,0,0,65.6698
0,40,10,0,0,65.1579
0,41,10,0,0,64.6636
0,42,10,0,0,64.1863
0,43,10,0,0,63.7253
0,44,10,0,0,63.2798
0,45,10,0,0,62.8493
0,46,10,0,0,62.433
0,47,10,0,0,62.0303
0,48,10,0,0,61.6407
0,49,10,0,0,61.2635
0,50,10,0,0,60.8982
0,51,10,0,0,60.5443
0,52,10,0,0,60.2013
0,53,10,0,0,59.8688
0,54,10,0,0,59.5463
0,55,10,0,0,59.2336
0,56,10,0,0,58.9302
0,57,10,0,0,58.6359
0,58,10,0,0,58.3502
0,59,10,0,0,58.0731
0,60,10,0,0,57.804
0,61,10,0,0,57.5429
0,62,10,0,0,57.2894
0,63,10,0,0,57.0434
0,64,10,0,1.24031e-06,56.8045
0,65,10,0,0,56.5726
0,66,10,0,0,56.3475
0,67,10,0,0,56.1291
0,68,10,0,0,55.917
0,69,10,0,0,55.7111
0,70,10,0,0,55.5112
0,71,10,0,0,55.317
0,72,10,0,0,55.1285
0,73,10,0,0,54.9453
0,74,10,0,0,54.7673
0,75,10,0,0,54.5942
0,76,10,0,0,54.4259
0,77,10,0,0,54.2622
0,78,10,0,0,54.1029
0,79,10,0,0,53.9478
0,80,10,0,0,53.7968
0,81,10,0,0,53.6497
0,82,10,0,0,53.5062
0,83,10,0,0,53.3663
0,84,10,0,0,53.2298
0,85,10,0,0,53.0966
0,86,10,0,0,52.9665
0,87,10,0,0,52.8395
0,88,10,0,0,52.7155
0,89,10,0,0,52.5943
0,90,10,0,0,52.4761
0,91,10,0,0,52.3608
0,92,10,0,0,52.2483
0,93,10,0,0,52.1387
0,94,10,0,0,52.032
0,95,10,0,0,51.9281
0,96,10,0,1.24031e-06,51.8271
0,97,10,0,0,51.7287
0,98,10,0,0,51.6331
0,99,10,0,0,51.5404
0,100,10,0,0,51.4504
0,101,10,0,0,51.3632
0,102,10,0,0,51.2789
0,103,10,0,0,51.1975
0,104,10,0,0,51.1188
0,105,10,0,0,51.0429
0,106,10,0,0,50.9697
0,107,10,0,0,50.899
0,108,10,0,0,50.8309
0,109,10,0,0,50.7652
0,110,10,0,0,50.7017
0,111,10,0,0,50.6404
0,112,10,0,0,50.5811
0,113,10,0,0,50.5237
0,114,10,0,0,50.4682
0,115,10,0,0,50.4145
0,116,10,0,0,50.3625
0,117,10,0,0,50.3121
0,118,10,0,0,50.2633
0,119,10,0,0,50.216
0,120,10,0,0,50.1702
0,121,10,0,0,50.1258
0,122,10,0,0,50.0828
0,123,10,0,0,50.0411
0,124,10,0,0,50.0006
0,125,10,0,0,49.9614
0,126,10,0,0,49.9233
0,127,10,0,0,49.8864
0,128,10,0,1.24031e-06,49.8505
0,129,10,0,0,49.8156
0,130,10,0,0,49.7817
0,131,10,0,0,49.7487
0,132,10,0,0,49.7166
0,133,10,0,0,49.6854
0,134,10,0,0,49.655
0,135,10,0,0,49.6253
0,136,10,0,0,49.5964
0,137,10,0,0,49.5682
0,138,10,0,0,49.5406
0,139,10,0,0,49.5136
0,140,10,0,0,49.4872
0,141,10,0,0,49.4613
0,142,10,0,0,49.436
0,143,10,0,0,49.4111
0,144,10,0,0,49.3868
0,145,10,0,0,49.363
0,146,10,0,0,49.3398
0,147,10,0,0,49.3172
0,148,10,0,0,49.2952
0,149,10,0,0,49.2738
0,150,10,0,0,49.2529
0,151,10,0,0,49.2326
0,152,10,0,0,49.2129
0,153,10,0,0,49.1936
0,154,10,0,0,49.1749
0,155,10,0,0,49.1568
0,156,10,0,0,49.1392
0,157,10,0,0,49.1221
0,158,10,0,0,49.1056
0,159,10,0,0,49.0896
0,160,10,0,1.24031e-06,49.0742
0,161,10,0,0,49.0592
0,162,10,0,0,49.0446
0,163,10,0,0,49.0305
0,164,10,0,0,49.0168
0,165,10,0,0,49.0034
0,166,10,0,0,48.9903
0,167,10,0,0,48.9776
0,168,10,0,0,48.9652
0,169,10,0,0,48.9531
0,170,10,0,0,48.9412
0,171,10,0,0,48.9296
0,172,10,0,0,48.9182
0,173,10,0,0,48.907
0,174,10,0,0,48.896
0,175,10,0,0,48.8852
0,176,10,0,0,48.8745
0,177,10,0,0,48.864
0,178,10,0,0,48.8537
0,179,10,0,0,48.8435
0,180,10,0,0,48.8334
0,181,10,0,0,48.8235
0,182,10,0,0,48.8136
0,183,10,0,0,48.8037
0,184,10,0,0,48.7939
0,185,10,0,0,48.7841
0,186,10,0,0,48.7745
0,187,10,0,0,48.7648
0,188,10,0,0,48.7554
0,189,10,0,0,48.7461
0,190,10,0,0,48.7371
0,191,10,0,0,48.7283
0,192,10,0,1.24031e-06,48.72
0,193,10,0,0,48.712
0,194,10,0,0,48.7044
0,195,10,0,0,48.6974
0,196,10,0,0,48.6909
0,197,10,0,0,48.685
0,198,10,0,0,48.6797
0,199,10,0,0,48.675
0,200,10,0,0,48.6709
0,201,10,0,0,48.6673
0,202,10,0,0,48.6642
0,203,10,0,0,48.6616
0,204,10,0,0,48.6593
0,205,10,0,0,48.6574
0,206,10,0,0,48.6556
0,207,10,0,0,48.6539
0,208,10,0,0,48.6523
0,209,10,0,0,48.6507
0,210,10,0,0,48.649
0,211,10,0,0,48.6472
0,212,10,0,0,48.6454
0,213,10,0,0,48.6433
0,214,10,0,0,48.6412
0,215,10,0,0,48.6391
0,216,10,0,0,48.6368
0,217,10,0,0,48.6346
0,218,10,0,0,48.6323
0,219,10,0,0,48.6301
0,220,10,0,0,48.6279
0,221,10,0,0,48.6256
0,222,10,0,0,48.6233
0,223,10,0,0,48.621
0,224,10,0,1.24031e-06,48.6185
0,225,10,0,0,48.6159
0,226,10,0,0,48.6132
0,227,10,0,0,48.6105
0,228,10,0,0,48.6076
0,229,10,0,0,48.6047
0,230,10,0,0,48.6018
0,231,10,0,0,48.5988
0,232,10,0,0,48.5956
0,233,10,0,0,48.5924
0,234,10,0,0,48.5888
0,235,10,0,0,48.5851
0,236,10,0,0,48.581
0,237,10,0,0,48.5765
0,238,10,0,0,48.5717
0,239,10,0,0,48.5665
0,240,10,0,0,48.561
0,241,10,0,0,48.5552
0,242,10,0,0,48.5491
0,243,10,0,0,48.5428
0,244,10,0,0,48.5365
0,245,10,0,0,48.5301
0,246,10,0,0,48.5237
0,247,10,0,0,48.5174
0,248,10,0,0,48.5114
0,249,10,0,0,48.5056
0,250,10,0,0,48.5001
0,251,10,0,0,48.4951
0,252,10,0,0,48.4907
0,253,10,0,0,48.487
0,254,10,0,0,48.484
0,255,10,0,0,48.482
0,0,11,0,1.24031e-06,94.6396
0,1,11,0,0,94.3889
0,2,11,0,0,94.0201
0,3,11,0,0,93.541
0,4,11,0,0,92.9615
0,5,11,0,0,92.2927
0,6,11,0,0,91.5461
0,7,11,0,0,90.7338
0,8,11,0,0,89.8674
0,9,11,0,0,88.958
0,10,11,0,0,88.0158
0,11,11,0,0,87.0501
0,12,11,0,0,86.0692
0,13,11,0,0,85.0803
0,14,11,0,0,84.0898
0,15,11,0,0,83.1028
0,16,11,0,0,82.1238
0,17,11,0,0,81.1567
0,18,11,0,0,80.2042
0,19,11,0,0,79.269
0,20,11,0,0,78.3528
0,21,11,0,0,77.4572
0,22,11,0,0,76.5832
0,23,11,0,0,75.7316
0,24,11,0,0,74.9029
0,25,11,0,0,74.0974
0,26,11,0,0,73.3151
0,27,11,0,0,72.556
0,28,11,0,0,71.8198
0,29,11,0,0,71.1064
0,30,11,0,0,70.4152
0,31,11,0,0,69.746
0,32,11,0,1.24031e-06,69.0983
0,33,11,0,0,68.4714
0,34,11,0,0,67.8649
0,35,11,0,0,67.2785
0,36,11,0,0,66.7113
0,37,11,0,0,66.1631
0,38,11,0,0,65.633
0,39,11,0,0,65.1207
0,40,11,0,0,64.6253
0,41,11,0,0,64.1465
0,42,11,0,0,63.6834
0,43,11,0,0,63.2356
0,44,11,0,0,62.8025
0,45,11,0,0,62.3834
0,46,11,0,0,61.9779
0,47,11,0,0,61.5853
0,48,11,0,0,61.2051
0,49,11,0,0,60.8368
0,50,11,0,0,60.48
0,51,11,0,0,60.1341
0,52,11,0,0,59.7987
0,53,11,0,0,59.4735
0,54,11,0,0,59.158
0,55,11,0,0,58.852
0,56,11,0,0,58.555
0,57,11,0,0,58.2667
0,58,11,0,0,57.9869
0,59,11,0,0,57.7154
0,60,11,0,0,57.4517
0,61,11,0,0,57.1957
0,62,11,0,0,56.9471
0,63,11,0,0,56.7058
0,64,11,0,1.24031e-06,56.4715
0,65,11,0,0,56.2438
0,66,11,0,0,56.0228
0,67,11,0,0,55.8081
0,68,11,0,0,55.5996
0,69,11,0,0,55.3972
0,70,11,0,0,55.2005
0,71,11,0,0,55.0094
0,72,11,0,0,54.8238
0,73,11,0,0,54.6433
0,74,11,0,0,54.4679
0,75,11,0,0,54.2974
0,76,11,0,0,54.1315
0,77,11,0,0,53.9701
0,78,11,0,0,53.813
0,79,11,0,0,53.6601
0,80,11,0,0,53.5111
0,81,11,0,0,53.366
0,82,11,0,0,53.2246
0,83,11,0,0,53.0868
0,84,11,0,0,52.9523
0,85,11,0,0,52.8211
0,86,11,0,0,52.6931
0,87,11,0,0,52.5682
0,88,11,0,0,52.4463
0,89,11,0,0,52.3274
0,90,11,0,0,52.2114
0,91,11,0,0,52.0982
0,92,11,0,0,51.9879
0,93,11,0,0,51.8804
0,94,11,0,0,51.7758
0,95,11,0,0,51.6739
0,96,11,0,1.24031e-06,51.5748
0,97,11,0,0,51.4783
0,98,11,0,0,51.3846
0,99,11,0,0,51.2936
0,100,11,0,0,51.2053
0,101,11,0,0,51.1197
0,102,11,0,0,51.0368
0,103,11,0,0,50.9566
0,104,11,0,0,50.879
0,105,11,0,0,50.804
0,106,11,0,0,50.7316
0,107,11,0,0,50.6616
0,108,11,0,0,50.5939
0,109,11,0,0,50.5286
0,110,11,0,0,50.4654
0,111,11,0,0,50.4044
0,112,11,0,0,50.3453
0,113,11,0,0,50.2882
0,114,11,0,0,50.2328
0,115,11,0,0,50.1793
0,116,11,0,0,50.1274
0,117,11,0,0,50.0771
0,118,11,0,0,50.0284
0,119,11,0,0,49.9812
0,120,11,0,0,49.9355
0,121,11,0,0,49.8912
0,122,11,0,0,49.8482
0,123,11,0,0,49.8065
0,124,11,0,0,49.766
0,125,11,0,0,49.7268
0,126,11,0,0,49.6887
0,127,11,0,0,49.6517
0,128,11,0,1.24031e-06,49.6159
0,129,11,0,0,49.5809
0,130,11,0,0,49.5469
0,131,11,0,0,49.5139
0,132,11,0,0,49.4817
0,133,11,0,0,49.4505
0,134,11,0,0,49.42
0,135,11,0,0,49.3903
0,136,11,0,0,49.3614
0,137,11,0,0,49.3331
0,138,11,0,0,49.3056
0,139,11,0,0,49.2786
0,140,11,0,0,49.2523
0,141,11,0,0,49.2265
0,142,11,0,0,49.2013
0,143,11,0,0,49.1766
0,144,11,0,0,49.1525
0,145,11,0,0,49.129
0,146,11,0,0,49.106
0,147,11,0,0,49.0836
0,148,11,0,0,49.0618
0,149,11,0,0,49.0406
0,150,11,0,0,49.0199
0,151,11,0,0,48.9997
0,152,11,0,0,48.9801
0,153,11,0,0,48.961
0,154,11,0,0,48.9425
0,155,11,0,0,48.9245
0,156,11,0,0,48.9069
0,157,11,0,0,48.89
0,158,11,0,0,48.8735
0,159,11,0,0,48.8575
0,160,11,0,1.24031e-06,48.8421
0,161,11,0,0,48.827
0,162,11,0,0,48.8124
0,163,11,0,0,48.7981
0,164,11,0,0,48.7843
0,165,11,0,0,48.7709
0,166,11,0,0,48.7577
0,167,11,0,0,48.7449
0,168,11,0,0,48.7325
0,169,11,0,0,48.7202
0,170,11,0,0,48.7083
0,171,11,0,0,48.6966
0,172,11,0,0,48.6852
0,173,11,0,0,48.674
0,174,11,0,0,48.6629
0,175,11,0,0,48.6521
0,176,11,0,0,48.6415
0,177,11,0,0,48.631
0,178,11,0,0,48.6207
0,179,11,0,0,48.6105
0,180,11,0,0,48.6005
0,181,11,0,0,48.5906
0,182,11,0,0,48.5808
0,183,11,0,0,48.5711
0,184,11,0,0,48.5615
0,185,11,0,0,48.552
0,186,11,0,0,48.5427
0,187,11,0,0,48.5334
0,188,11,0,0,48.5244
0,189,11,0,0,48.5155
0,190,11,0,0,48.5069
0,191,11,0,0,48.4986
0,192,11,0,1.24031e-06,48.4906
0,193,11,0,0,48.4829
0,194,11,0,0,48.4756
0,195,11,0,0,48.4688
0,196,11,0,0,48.4624
0,197,11,0,0,48.4566
0,198,11,0,0,48.4512
0,199,11,0,0,48.4464
0,200,11,0,0,48.442
0,201,11,0,0,48.4381
0,202,11,0,0,48.4346
0,203,11,0,0,48.4314
0,204,11,0,0,48.4286
0,205,11,0,0,48.4261
0,206,11,0,0,48.4238
0,207,11,0,0,48.4216
0,208,11,0,0,48.4195
0,209,11,0,0,48.4174
0,210,11,0,0,48.4153
0,211,11,0,0,48.4132
0,212,11,0,0,48.411
0,213,11,0,0,48.4088
0,214,11,0,0,48.4066
0,215,11,0,0,48.4043
0,216,11,0,0,48.4019
0,217,11,0,0,48.3996
0,218,11,0,0,48.3972
0,219,11,0,0,48.3949
0,220,11,0,0,48.3925
0,221,11,0,0,48.3901
0,222,11,0,0,48.3877
0,223,11,0,0,48.3852
0,224,11,0,1.24031e-06,48.3827
0,225,11,0,0,48.38
0,226,11,0,0,48.3772
0,227,11,0,0,48.3744
0,228,11,0,0,48.3715
0,229,11,0,0,48.3686
0,230,11,0,0,48.3656
0,231,11,0,0,48.3625
0,232,11,0,0,48.3593
0,233,11,0,0,48.3559
0,234,11,0,0,48.3524
0,235,11,0,0,48.3486
0,236,11,0,0,48.3447
0,237,11,0,0,48.3404
0,238,11,0,0,48.3359
0,239,11,0,0,48.3311
0,240,11,0,0,48.3261
0,241,11,0,0,48.3209
0,242,11,0,0,48.3155
0,243,11,0,0,48.31
0,244,11,0,0,48.3044
0,245,11,0,0,48.2989
0,246,11,0,0,48.2933
0,247,11,0,0,48.288
0,248,11,0,0,48.2828
0,249,11,0,0,48.2779
0,250,11,0,0,48.2733
0,251,11,0,0,48.2691
0,252,11,0,0,48.2655
0,253,11,0,0,48.2625
0,254,11,0,0,48.2601
0,255,11,0,0,48.2584
0,0,12,0,1.24031e-06,91.466
0,1,12,0,0,91.2561
0,2,12,0,0,90.9465
0,3,12,0,0,90.543
0,4,12,0,0,90.0528
0,5,12,0,0,89.4842
0,6,12,0,0,88.8462
0,7,12,0,0,88.1481
0,8,12,0,0,87.399
0,9,12,0,0,86.608
0,10,12,0,0,85.7834
0,11,12,0,0,84.9332
0,12,12,0,0,84.0646
0,13,12,0,0,83.1838
0,14,12,0,0,82.2967
0,15,12,0,0,81.4082
0,16,12,0,0,80.5224
0,17,12,0,0,79.6431
0,18,12,0,0,78.7733
0,19,12,0,0,77.9154
0,20,12,0,0,77.0717
0,21,12,0,0,76.2438
0,22,12,0,0,75.4329
0,23,12,0,0,74.6401
0,24,12,0,0,73.8661
0,25,12,0,0,73.1115
0,26,12,0,0,72.3766
0,27,12,0,0,71.6615
0,28,12,0,0,70.9663
0,29,12,0,0,70.291
0,30,12,0,0,69.6353
0,31,12,0,0,68.9991
0,32,12,0,1.24031e-06,68.3821
0,33,12,0,0,67.7838
0,34,12,0,0,67.2039
0,35,12,0,0,66.6422
0,36,12,0,0,66.0981
0,37,12,0,0,65.5712
0,38,12,0,0,65.061
0,39,12,0,0,64.5671
0,40,12,0,0,64.0889
0,41,12,0,0,63.626
0,42,12,0,0,63.1778
0,43,12,0,0,62.7439
0,44,12,0,0,62.3237
0,45,12,0,0,61.9167
0,46,12,0,0,61.5225
0,47,12,0,0,61.1405
0,48,12,0,0,60.7703
0,49,12,0,0,60.4115
0,50,12,0,0,60.0635
0,51,12,0,0,59.7261
0,52,12,0,0,59.3988
0,53,12,0,0,59.0812
0,54,12,0,0,58.7731
0,55,12,0,0,58.474
0,56,12,0,0,58.1836
0,57,12,0,0,57.9017
0,58,12,0,0,57.628
0,59,12,0,0,57.3623
0,60,12,0,0,57.1042
0,61,12,0,0,56.8535
0,62,12,0,0,56.61
0,63,12,0,0,56.3735
0,64,12,0,1.24031e-06,56.1438
0,65,12,0,0,55.9206
0,66,12,0,0,55.7037
0,67,12,0,0,55.4931
0,68,12,0,0,55.2884
0,69,12,0,0,55.0895
0,70,12,0,0,54.8962
0,71,12,0,0,54.7084
0,72,12,0,0,54.5258
0,73,12,0,0,54.3483
0,74,12,0,0,54.1757
0,75,12,0,0,54.0078
0,76,12,0,0,53.8445
0,77,12,0,0,53.6856
0,78,12,0,0,53.5309
0,79,12,0,0,53.3803
0,80,12,0,0,53.2336
0,81,12,0,0,53.0907
0,82,12,0,0,52.9514
0,83,12,0,0,52.8157
0,84,12,0,0,52.6834
0,85,12,0,0,52.5543
0,86,12,0,0,52.4284
0,87,12,0,0,52.3057
0,88,12,0,0,52.1859
0,89,12,0,0,52.0691
0,90,12,0,0,51.9552
0,91,12,0,0,51.8442
0,92,12,0,0,51.736
0,93,12,0,0,51.6306
0,94,12,0,0,51.5279
0,95,12,0,0,51.428
0,96,12,0,1.24031e-06,51.3308
0,97,12,0,0,51.2361
0,98,12,0,0,51.1441
0,99,12,0,0,51.0548
0,100,12,0,0,50.9681
0,101,12,0,0,50.884
0,102,12,0,0,50.8024
0,103,12,0,0,50.7235
0,104,12,0,0,50.647
0,105,12,0,0,50.573
0,106,12,0,0,50.5013
0,107,12,0,0,50.4321
0,108,12,0,0,50.3651
0,109,12,0,0,50.3002
0,110,12,0,0,50.2375
0,111,12,0,0,50.1769
0,112,12,0,0,50.1181
0,113,12,0,0,50.0613
0,114,12,0,0,50.0062
0,115,12,0,0,49.9529
0,116,12,0,0,49.9012
0,117,12,0,0,49.8511
0,118,12,0,0,49.8026
0,119,12,0,0,49.7555
0,120,12,0,0,49.7099
0,121,12,0,0,49.6657
0,122,12,0,0,49.6228
0,123,12,0,0,49.5812
0,124,12,0,0,49.5408
0,125,12,0,0,49.5016
0,126,12,0,0,49.4636
0,127,12,0,0,49.4267
0,128,12,0,1.24031e-06,49.3908
0,129,12,0,0,49.3558
0,130,12,0,0,49.3219
0,131,12,0,0,49.2888
0,132,12,0,0,49.2567
0,133,12,0,0,49.2254
0,134,12,0,0,49.195
0,135,12,0,0,49.1653
0,136,12,0,0,49.1364
0,137,12,0,0,49.1082
0,138,12,0,0,49.0806
0,139,12,0,0,49.0537
0,140,12,0,0,49.0275
0,141,12,0,0,49.0018
0,142,12,0,0,48.9768
0,143,12,0,0,48.9523
0,144,12,0,0,48.9284
0,145,12,0,0,48.9051
0,146,12,0,0,48.8823
0,147,12,0,0,48.8601
0,148,12,0,0,48.8384
0,149,12,0,0,48.8173
0,150,12,0,0,48.7968
0,151,12,0,0,48.7768
0,152,12,0,0,48.7573
0,153,12,0,0,48.7384
0,154,12,0,0,48.72
0,155,12,0,0,48.7021
0,156,12,0,0,48.6847
0,157,12,0,0,48.6678
0,158,12,0,0,48.6513
0,159,12,0,0,48.6354
0,160,12,0,1.24031e-06,48.62
0,161,12,0,0,48.6048
0,162,12,0,0,48.5902
0,163,12,0,0,48.5759
0,164,12,0,0,48.562
0,165,12,0,0,48.5485
0,166,12,0,0,48.5353
0,167,12,0,0,48.5225
0,168,12,0,0,48.5099
0,169,12,0,0,48.4977
0,170,12,0,0,48.4857
0,171,12,0,0,48.474
0,172,12,0,0,48.4625
0,173,12,0,0,48.4513
0,174,12,0,0,48.4402
0,175,12,0,0,48.4294
0,176,12,0,0,48.4188
0,177,12,0,0,48.4084
0,178,12,0,0,48.3981
0,179,12,0,0,48.388
0,180,12,0,0,48.378
0,181,12,0,0,48.3682
0,182,12,0,0,48.3585
0,183,12,0,0,48.349
0,184,12,0,0,48.3396
0,185,12,0,0,48.3303
0,186,12,0,0,48.3212
0,187,12,0,0,48.3123
0,188,12,0,0,48.3035
0,189,12,0,0,48.295
0,190,12,0,0,48.2867
0,191,12,0,0,48.2787
0,192,12,0,1.24031e-06,48.271
0,193,12,0,0,48.2635
0,194,12,0,0,48.2565
0,195,12,0,0,48.2498
0,196,12,0,0,48.2435
0,197,12,0,0,48.2377
0,198,12,0,0,48.2322
0,199,12,0,0,48.2272
0,200,12,0,0,48.2227
0,201,12,0,0,48.2185
0,202,12,0,0,48.2146
0,203,12,0,0,48.2111
0,204,12,0,0,48.2079
0,205,12,0,0,48.2049
0,206,12,0,0,48.2021
0,207,12,0,0,48.1995
0,208,12,0,0,48.197
0,209,12,0,0,48.1945
0,210,12,0,0,48.1921
0,211,12,0,0,48.1897
0,212,12,0,0,48.1873
0,213,12,0,0,48.1849
0,214,12,0,0,48.1824
0,215,12,0,0,48.18
0,216,12,0,0,48.1775
0,217,12,0,0,48.1751
0,218,12,0,0,48.1726
0,219,12,0,0,48.1701
0,220,12,0,0,48.1676
0,221,12,0,0,48.1651
0,222,12,0,0,48.1626
0,223,12,0,0,48.16
0,224,12,0,1.24031e-06,48.1574
0,225,12,0,0,48.1546
0,226,12,0,0,48.1518
0,227,12,0,0,48.149
0,228,12,0,0,48.1461
0,229,12,0,0,48.1431
0,230,12,0,0,48.14
0,231,12,0,0,48.1369
0,232,12,0,0,48.1337
0,233,12,0,0,48.1303
0,234,12,0,0,48.1268
0,235,12,0,0,48.1231
0,236,12,0,0,48.1193
0,237,12,0,0,48.1153
0,238,12,0,0,48.111
0,239,12,0,0,48.1066
0,240,12,0,0,48.1021
0,241,12,0,0,48.0974
0,242,12,0,0,48.0925
0,243,12,0,0,48.0877
0,244,12,0,0,48.0828
0,245,12,0,0,48.0779
0,246,12,0,0,48.0731
0,247,12,0,0,48.0684
0,248,12,0,0,48.064
0,249,12,0,0,48.0598
0,250,12,0,0,48.0559
0,251,12,0,0,48.0524
0,252,12,0,0,48.0494
0,253,12,0,0,48.0469
0,254,12,0,0,48.0449
0,255,12,0,0,48.0436
0,0,13,0,1.24031e-06,88.5722
0,1,13,0,0,88.3946
0,2,13,0,0,88.132
0,3,13,0,0,87.7889
0,4,13,0,0,87.3706
0,5,13,0,0,86.8835
0,6,13,0,0,86.3344
0,7,13,0,0,85.7308
0,8,13,0,0,85.0798
0,9,13,0,0,84.3888
0,10,13,0,0,83.6648
0,11,13,0,0,82.9143
0,12,13,0,0,82.1436
0,13,13,0,0,81.3581
0,14,13,0,0,80.5631
0,15,13,0,0,79.7629
0,16,13,0,0,78.9616
0,17,13,0,0,78.1625
0,18,13,0,0,77.3688
0,19,13,0,0,76.5828
0,20,13,0,0,75.8068
0,21,13,0,0,75.0426
0,22,13,0,0,74.2914
0,23,13,0,0,73.5547
0,24,13,0,0,72.8331
0,25,13,0,0,72.1276
0,26,13,0,0,71.4385
0,27,13,0,0,70.7664
0,28,13,0,0,70.1112
0,29,13,0,0,69.4733
0,30,13,0,0,68.8526
0,31,13,0,0,68.249
0,32,13,0,1.24031e-06,67.6625
0,33,13,0,0,67.0926
0,34,13,0,0,66.5393
0,35,13,0,0,66.0024
0,36,13,0,0,65.4814
0,37,13,0,0,64.9761
0,38,13,0,0,64.486
0,39,13,0,0,64.0109
0,40,13,0,0,63.5502
0,41,13,0,0,63.1037
0,42,13,0,0,62.6708
0,43,13,0,0,62.2512
0,44,13,0,0,61.8443
0,45,13,0,0,61.4499
0,46,13,0,0,61.0675
0,47,13,0,0,60.6966
0,48,13,0,0,60.3368
0,49,13,0,0,59.9878
0,50,13,0,0,59.6492
0,51,13,0,0,59.3206
0,52,13,0,0,59.0017
0,53,13,0,0,58.6921
0,54,13,0,0,58.3915
0,55,13,0,0,58.0997
0,56,13,0,0,57.8162
0,57,13,0,0,57.5409
0,58,13,0,0,57.2735
0,59,13,0,0,57.0138
0,60,13,0,0,56.7614
0,61,13,0,0,56.5162
0,62,13,0,0,56.278
0,63,13,0,0,56.0465
0,64,13,0,1.24031e-06,55.8216
0,65,13,0,0,55.6029
0,66,13,0,0,55.3904
0,67,13,0,0,55.1839
0,68,13,0,0,54.9831
0,69,13,0,0,54.788
0,70,13,0,0,54.5983
0,71,13,0,0,54.4139
0,72,13,0,0,54.2345
0,73,13,0,0,54.0601
0,74,13,0,0,53.8905
0,75,13,0,0,53.7254
0,76,13,0,0,53.5648
0,77,13,0,0,53.4085
0,78,13,0,0,53.2563
0,79,13,0,0,53.1082
0,80,13,0,0,52.9638
0,81,13,0,0,52.8233
0,82,13,0,0,52.6863
0,83,13,0,0,52.5528
0,84,13,0,0,52.4226
0,85,13,0,0,52.2958
0,86,13,0,0,52.1721
0,87,13,0,0,52.0514
0,88,13,0,0,51.9338
0,89,13,0,0,51.8191
0,90,13,0,0,51.7073
0,91,13,0,0,51.5984
0,92,13,0,0,51.4922
0,93,13,0,0,51.3888
0,94,13,0,0,51.2881
0,95,13,0,0,51.1901
0,96,13,0,1.24031e-06,51.0947
0,97,13,0,0,51.0018
0,98,13,0,0,50.9115
0,99,13,0,0,50.8238
0,100,13,0,0,50.7386
0,101,13,0,0,50.6559
0,102,13,0,0,50.5757
0,103,13,0,0,50.498
0,104,13,0,0,50.4226
0,105,13,0,0,50.3496
0,106,13,0,0,50.2789
0,107,13,0,0,50.2104
0,108,13,0,0,50.1441
0,109,13,0,0,50.0799
0,110,13,0,0,50.0177
0,111,13,0,0,49.9575
0,112,13,0,0,49.8992
0,113,13,0,0,49.8427
0,114,13,0,0,49.788
0,115,13,0,0,49.735
0,116,13,0,0,49.6836
0,117,13,0,0,49.6338
0,118,13,0,0,49.5855
0,119,13,0,0,49.5387
0,120,13,0,0,49.4932
0,121,13,0,0,49.4492
0,122,13,0,0,49.4064
0,123,13,0,0,49.365
0,124,13,0,0,49.3247
0,125,13,0,0,49.2856
0,126,13,0,0,49.2477
0,127,13,0,0,49.2108
0,128,13,0,1.24031e-06,49.175
0,129,13,0,0,49.1401
0,130,13,0,0,49.1062
0,131,13,0,0,49.0732
0,132,13,0,0,49.0411
0,133,13,0,0,49.0099
0,134,13,0,0,48.9795
0,135,13,0,0,48.9499
0,136,13,0,0,48.921
0,137,13,0,0,48.8928
0,138,13,0,0,48.8654
0,139,13,0,0,48.8386
0,140,13,0,0,48.8125
0,141,13,0,0,48.7869
0,142,13,0,0,48.762
0,143,13,0,0,48.7377
0,144,13,0,0,48.714
0,145,13,0,0,48.6908
0,146,13,0,0,48.6682
0,147,13,0,0,48.6462
0,148,13,0,0,48.6247
0,149,13,0,0,48.6038
0,150,13,0,0,48.5834
0,151,13,0,0,48.5635
0,152,13,0,0,48.5442
0,153,13,0,0,48.5254
0,154,13,0,0,48.5071
0,155,13,0,0,48.4893
0,156,13,0,0,48.472
0,157,13,0,0,48.4552
0,158,13,0,0,48.4388
0,159,13,0,0,48.4229
0,160,13,0,1.24031e-06,48.4075
0,161,13,0,0,48.3924
0,162,13,0,0,48.3777
0,163,13,0,0,48.3634
0,164,13,0,0,48.3495
0,165,13,0,0,48.3359
0,166,13,0,0,48.3227
0,167,13,0,0,48.3098
0,168,13,0,0,48.2973
0,169,13,0,0,48.285
0,170,13,0,0,48.273
0,171,13,0,0,48.2612
0,172,13,0,0,48.2498
0,173,13,0,0,48.2385
0,174,13,0,0,48.2275
0,175,13,0,0,48.2167
0,176,13,0,0,48.2061
0,177,13,0,0,48.1957
0,178,13,0,0,48.1855
0,179,13,0,0,48.1754
0,180,13,0,0,48.1655
0,181,13,0,0,48.1558
0,182,13,0,0,48.1463
0,183,13,0,0,48.1369
0,184,13,0,0,48.1276
0,185,13,0,0,48.1186
0,186,13,0,0,48.1097
0,187,13,0,0,48.1009
0,188,13,0,0,48.0924
0,189,13,0,0,48.0842
0,190,13,0,0,48.0761
0,191,13,0,0,48.0683
0,192,13,0,1.24031e-06,48.0609
0,193,13,0,0,48.0536
0,194,13,0,0,48.0467
0,195,13,0,0,48.0401
0,196,13,0,0,48.0339
0,197,13,0,0,48.028
0,198,13,0,0,48.0226
0,199,13,0,0,48.0174
0,200,13,0,0,48.0127
0,201,13,0,0,48.0083
0,202,13,0,0,48.0042
0,203,13,0,0,48.0004
0,204,13,0,0,47.9968
0,205,13,0,0,47.9935
0,206,13,0,0,47.9903
0,207,13,0,0,47.9874
0,208,13,0,0,47.9845
0,209,13,0,0,47.9817
0,210,13,0,0,47.979
0,211,13,0,0,47.9763
0,212,13,0,0,47.9737
0,213,13,0,0,47.9711
0,214,13,0,0,47.9685
0,215,13,0,0,47.9659
0,216,13,0,0,47.9633
0,217,13,0,0,47.9607
0,218,13,0,0,47.9581
0,219,13,0,0,47.9555
0,220,13,0,0,47.9529
0,221,13,0,0,47.9503
0,222,13,0,0,47.9476
0,223,13,0,0,47.945
0,224,13,0,1.24031e-06,47.9423
0,225,13,0,0,47.9395
0,226,13,0,0,47.9366
0,227,13,0,0,47.9337
0,228,13,0,0,47.9308
0,229,13,0,0,47.9278
0,230,13,0,0,47.9247
0,231,13,0,0,47.9216
0,232,13,0,0,47.9183
0,233,13,0,0,47.915
0,234,13,0,0,47.9116
0,235,13,0,0,47.908
0,236,13,0,0,47.9043
0,237,13,0,0,47.9005
0,238,13,0,0,47.8966
0,239,13,0,0,47.8925
0,240,13,0,0,47.8883
0,241,13,0,0,47.884
0,242,13,0,0,47.8797
0,243,13,0,0,47.8753
0,244,13,0,0,47.871
0,245,13,0,0,47.8667
0,246,13,0,0,47.8625
0,247,13,0,0,47.8585
0,248,13,0,0,47.8546
0,249,13,0,0,47.851
0,250,13,0,0,47.8477
0,251,13,0,0,47.8448
0,252,13,0,0,47.8422
0,253,13,0,0,47.8401
0,254,13,0,0,47.8384
0,255,13,0,0,47.8373
0,0,14,0,1.24031e-06,85.9216
0,1,14,0,0,85.7699
0,2,14,0,0,85.5453
0,3,14,0,0,85.251
0,4,14,0,0,84.8912
0,5,14,0,0,84.4709
0,6,14,0,0,83.9954
0,7,14,0,0,83.4705
0,8,14,0,0,82.9021
0,9,14,0,0,82.296
0,10,14,0,0,81.658
0,11,14,0,0,80.9937
0,12,14,0,0,80.3083
0,13,14,0,0,79.6067
0,14,14,0,0,78.8934
0,15,14,0,0,78.1723
0,16,14,0,0,77.4472
0,17,14,0,0,76.7211
0,18,14,0,0,75.9971
0,19,14,0,0,75.2774
0,20,14,0,0,74.5643
0,21,14,0,0,73.8596
0,22,14,0,0,73.1647
0,23,14,0,0,72.4809
0,24,14,0,0,71.8093
0,25,14,0,0,71.1507
0,26,14,0,0,70.5057
0,27,14,0,0,69.8749
0,28,14,0,0,69.2587
0,29,14,0,0,68.6572
0,30,14,0,0,68.0706
0,31,14,0,0,67.4991
0,32,14,0,1.24031e-06,66.9425
0,33,14,0,0,66.4008
0,34,14,0,0,65.8738
0,35,14,0,0,65.3615
0,36,14,0,0,64.8636
0,37,14,0,0,64.3799
0,38,14,0,0,63.9101
0,39,14,0,0,63.4538
0,40,14,0,0,63.0109
0,41,14,0,0,62.581
0,42,14,0,0,62.1637
0,43,14,0,0,61.7587
0,44,14,0,0,61.3656
0,45,14,0,0,60.984
0,46,14,0,0,60.6137
0,47,14,0,0,60.2542
0,48,14,0,0,59.9053
0,49,14,0,0,59.5665
0,50,14,0,0,59.2375
0,51,14,0,0,58.918
0,52,14,0,0,58.6078
0,53,14,0,0,58.3064
0,54,14,0,0,58.0137
0,55,14,0,0,57.7293
0,56,14,0,0,57.453
0,57,14,0,0,57.1845
0,58,14,0,0,56.9236
0,59,14,0,0,56.67
0,60,14,0,0,56.4235
0,61,14,0,0,56.184
0,62,14,0,0,55.9511
0,63,14,0,0,55.7248
0,64,14,0,1.24031e-06,55.5048
0,65,14,0,0,55.2908
0,66,14,0,0,55.0828
0,67,14,0,0,54.8805
0,68,14,0,0,54.6838
0,69,14,0,0,54.4926
0,70,14,0,0,54.3066
0,71,14,0,0,54.1257
0,72,14,0,0,53.9497
0,73,14,0,0,53.7785
0,74,14,0,0,53.612
0,75,14,0,0,53.4499
0,76,14,0,0,53.2921
0,77,14,0,0,53.1386
0,78,14,0,0,52.9891
0,79,14,0,0,52.8434
0,80,14,0,0,52.7016
0,81,14,0,0,52.5635
0,82,14,0,0,52.4288
0,83,14,0,0,52.2976
0,84,14,0,0,52.1698
0,85,14,0,0,52.0451
0,86,14,0,0,51.9236
0,87,14,0,0,51.8052
0,88,14,0,0,51.6897
0,89,14,0,0,51.5771
0,90,14,0,0,51.4674
0,91,14,0,0,51.3605
0,92,14,0,0,51.2563
0,93,14,0,0,51.1549
0,94,14,0,0,51.0561
0,95,14,0,0,50.9599
0,96,14,0,1.24031e-06,50.8663
0,97,14,0,0,50.7752
0,98,14,0,0,50.6865
0,99,14,0,0,50.6004
0,100,14,0,0,50.5167
0,101,14,0,0,50.4354
0,102,14,0,0,50.3565
0,103,14,0,0,50.28
0,104,14,0,0,50.2058
0,105,14,0,0,50.1338
0,106,14,0,0,50.064
0,107,14,0,0,49.9964
0,108,14,0,0,49.9308
0,109,14,0,0,49.8673
0,110,14,0,0,49.8058
0,111,14,0,0,49.7461
0,112,14,0,0,49.6884
0,113,14,0,0,49.6323
0,114,14,0,0,49.578
0,115,14,0,0,49.5254
0,116,14,0,0,49.4744
0,117,14,0,0,49.4249
0,118,14,0,0,49.3769
0,119,14,0,0,49.3303
0,120,14,0,0,49.2851
0,121,14,0,0,49.2413
0,122,14,0,0,49.1987
0,123,14,0,0,49.1574
0,124,14,0,0,49.1173
0,125,14,0,0,49.0784
0,126,14,0,0,49.0406
0,127,14,0,0,49.0039
0,128,14,0,1.24031e-06,48.9682
0,129,14,0,0,48.9334
0,130,14,0,0,48.8996
0,131,14,0,0,48.8667
0,132,14,0,0,48.8347
0,133,14,0,0,48.8035
0,134,14,0,0,48.7732
0,135,14,0,0,48.7437
0,136,14,0,0,48.7149
0,137,14,0,0,48.6868
0,138,14,0,0,48.6595
0,139,14,0,0,48.6328
0,140,14,0,0,48.6068
0,141,14,0,0,48.5814
0,142,14,0,0,48.5567
0,143,14,0,0,48.5325
0,144,14,0,0,48.5089
0,145,14,0,0,48.4859
0,146,14,0,0,48.4635
0,147,14,0,0,48.4416
0,148,14,0,0,48.4203
0,149,14,0,0,48.3996
0,150,14,0,0,48.3793
0,151,14,0,0,48.3596
0,152,14,0,0,48.3404
0,153,14,0,0,48.3217
0,154,14,0,0,48.3035
0,155,14,0,0,48.2858
0,156,14,0,0,48.2686
0,157,14,0,0,48.2519
0,158,14,0,0,48.2356
0,159,14,0,0,48.2197
0,160,14,0,1.24031e-06,48.2043
0,161,14,0,0,48.1892
0,162,14,0,0,48.1746
0,163,14,0,0,48.1603
0,164,14,0,0,48.1464
0,165,14,0,0,48.1328
0,166,14,0,0,48.1196
0,167,14,0,0,48.1067
0,168,14,0,0,48.0941
0,169,14,0,0,48.0818
0,170,14,0,0,48.0698
0,171,14,0,0,48.0581
0,172,14,0,0,48.0466
0,173,14,0,0,48.0354
0,174,14,0,0,48.0244
0,175,14,0,0,48.0136
0,176,14,0,0,48.003
0,177,14,0,0,47.9927
0,178,14,0,0,47.9825
0,179,14,0,0,47.9725
0,180,14,0,0,47.9627
0,181,14,0,0,47.9531
0,182,14,0,0,47.9436
0,183,14,0,0,47.9344
0,184,14,0,0,47.9253
0,185,14,0,0,47.9164
0,186,14,0,0,47.9076
0,187,14,0,0,47.8991
0,188,14,0,0,47.8908
0,189,14,0,0,47.8827
0,190,14,0,0,47.8749
0,191,14,0,0,47.8673
0,192,14,0,1.24031e-06,47.86
0,193,14,0,0,47.8528
0,194,14,0,0,47.846
0,195,14,0,0,47.8395
0,196,14,0,0,47.8333
0,197,14,0,0,47.8275
0,198,14,0,0,47.8219
0,199,14,0,0,47.8167
0,200,14,0,0,47.8118
0,201,14,0,0,47.8073
0,202,14,0,0,47.8029
0,203,14,0,0,47.7989
0,204,14,0,0,47.7951
0,205,14,0,0,47.7915
0,206,14,0,0,47.788
0,207,14,0,0,47.7847
0,208,14,0,0,47.7816
0,209,14,0,0,47.7786
0,210,14,0,0,47.7756
0,211,14,0,0,47.7727
0,212,14,0,0,47.7699
0,213,14,0,0,47.767
0,214,14,0,0,47.7643
0,215,14,0,0,47.7615
0,216,14,0,0,47.7588
0,217,14,0,0,47.7561
0,218,14,0,0,47.7533
0,219,14,0,0,47.7506
0,220,14,0,0,47.7479
0,221,14,0,0,47.7452
0,222,14,0,0,47.7425
0,223,14,0,0,47.7398
0,224,14,0,1.24031e-06,47.737
0,225,14,0,0,47.7342
0,226,14,0,0,47.7313
0,227,14,0,0,47.7283
0,228,14,0,0,47.7254
0,229,14,0,0,47.7223
0,230,14,0,0,47.7193
0,231,14,0,0,47.7161
0,232,14,0,0,47.7129
0,233,14,0,0,47.7097
0,234,14,0,0,47.7063
0,235,14,0,0,47.7029
0,236,14,0,0,47.6994
0,237,14,0,0,47.6957
0,238,14,0,0,47.692
0,239,14,0,0,47.6882
0,240,14,0,0,47.6844
0,241,14,0,0,47.6805
0,242,14,0,0,47.6766
0,243,14,0,0,47.6727
0,244,14,0,0,47.6688
0,245,14,0,0,47.665
0,246,14,0,0,47.6613
0,247,14,0,0,47.6578
0,248,14,0,0,47.6544
0,249,14,0,0,47.6513
0,250,14,0,0,47.6484
0,251,14,0,0,47.6459
0,252,14,0,0,47.6437
0,253,14,0,0,47.6419
0,254,14,0,0,47.6405
0,255,14,0,0,47.6396
0,0,15,0,1.24031e-06,83.4844
0,1,15,0,0,83.3537
0,2,15,0,0,83.16
0,3,15,0,0,82.9057
0,4,15,0,0,82.5942
0,5,15,0,0,82.2291
0,6,15,0,0,81.8149
0,7,15,0,0,81.3561
0,8,15,0,0,80.8574
0,9,15,0,0,80.3236
0,10,15,0,0,79.7595
0,11,15,0,0,79.1698
0,12,15,0,0,78.5589
0,13,15,0,0,77.9311
0,14,15,0,0,77.2902
0,15,15,0,0,76.6397
0,16,15,0,0,75.9831
0,17,15,0,0,75.3233
0,18,15,0,0,74.6628
0,19,15,0,0,74.0041
0,20,15,0,0,73.3491
0,21,15,0,0,72.6997
0,22,15,0,0,72.0574
0,23,15,0,0,71.4235
0,24,15,0,0,70.799
0,25,15,0,0,70.185
0,26,15,0,0,69.5822
0,27,15,0,0,68.9911
0,28,15,0,0,68.4122
0,29,15,0,0,67.846
0,30,15,0,0,67.2926
0,31,15,0,0,66.7523
0,32,15,0,1.24031e-06,66.225
0,33,15,0,0,65.7109
0,34,15,0,0,65.2098
0,35,15,0,0,64.7219
0,36,15,0,0,64.2468
0,37,15,0,0,63.7846
0,38,15,0,0,63.335
0,39,15,0,0,62.8977
0,40,15,0,0,62.4726
0,41,15,0,0,62.0594
0,42,15,0,0,61.6578
0,43,15,0,0,61.2676
0,44,15,0,0,60.8884
0,45,15,0,0,60.52
0,46,15,0,0,60.162
0,47,15,0,0,59.8142
0,48,15,0,0,59.4763
0,49,15,0,0,59.1479
0,50,15,0,0,58.8288
0,51,15,0,0,58.5187
0,52,15,0,0,58.2174
0,53,15,0,0,57.9245
0,54,15,0,0,57.6398
0,55,15,0,0,57.363
0,56,15,0,0,57.094
0,57,15,0,0,56.8325
0,58,15,0,0,56.5782
0,59,15,0,0,56.331
0,60,15,0,0,56.0906
0,61,15,0,0,55.8568
0,62,15,0,0,55.6295
0,63,15,0,0,55.4084
0,64,15,0,1.24031e-06,55.1934
0,65,15,0,0,54.9843
0,66,15,0,0,54.7808
0,67,15,0,0,54.5829
0,68,15,0,0,54.3904
0,69,15,0,0,54.2032
0,70,15,0,0,54.021
0,71,15,0,0,53.8438
0,72,15,0,0,53.6713
0,73,15,0,0,53.5035
0,74,15,0,0,53.3401
0,75,15,0,0,53.1811
0,76,15,0,0,53.0263
0,77,15,0,0,52.8756
0,78,15,0,0,52.7289
0,79,15,0,0,52.5859
0,80,15,0,0,52.4467
0,81,15,0,0,52.311
0,82,15,0,0,52.1788
0,83,15,0,0,52.05
0,84,15,0,0,51.9245
0,85,15,0,0,51.8021
0,86,15,0,0,51.6829
0,87,15,0,0,51.5666
0,88,15,0,0,51.4533
0,89,15,0,0,51.3428
0,90,15,0,0,51.2352
0,91,15,0,0,51.1303
0,92,15,0,0,51.0281
0,93,15,0,0,50.9286
0,94,15,0,0,50.8317
0,95,15,0,0,50.7373
0,96,15,0,1.24031e-06,50.6455
0,97,15,0,0,50.556
0,98,15,0,0,50.469
0,99,15,0,0,50.3844
0,100,15,0,0,50.3022
0,101,15,0,0,50.2223
0,102,15,0,0,50.1448
0,103,15,0,0,50.0694
0,104,15,0,0,49.9963
0,105,15,0,0,49.9254
0,106,15,0,0,49.8566
0,107,15,0,0,49.7899
0,108,15,0,0,49.7252
0,109,15,0,0,49.6624
0,110,15,0,0,49.6015
0,111,15,0,0,49.5425
0,112,15,0,0,49.4853
0,113,15,0,0,49.4298
0,114,15,0,0,49.376
0,115,15,0,0,49.3238
0,116,15,0,0,49.2732
0,117,15,0,0,49.2241
0,118,15,0,0,49.1764
0,119,15,0,0,49.1302
0,120,15,0,0,49.0853
0,121,15,0,0,49.0417
0,122,15,0,0,48.9994
0,123,15,0,0,48.9584
0,124,15,0,0,48.9185
0,125,15,0,0,48.8797
0,126,15,0,0,48.8421
0,127,15,0,0,48.8056
0,128,15,0,1.24031e-06,48.77
0,129,15,0,0,48.7354
0,130,15,0,0,48.7017
0,131,15,0,0,48.6689
0,132,15,0,0,48.637
0,133,15,0,0,48.606
0,134,15,0,0,48.5758
0,135,15,0,0,48.5464
0,136,15,0,0,48.5177
0,137,15,0,0,48.4898
0,138,15,0,0,48.4626
0,139,15,0,0,48.436
0,140,15,0,0,48.4102
0,141,15,0,0,48.3849
0,142,15,0,0,48.3603
0,143,15,0,0,48.3363
0,144,15,0,0,48.3129
0,145,15,0,0,48.2901
0,146,15,0,0,48.2678
0,147,15,0,0,48.2461
0,148,15,0,0,48.225
0,149,15,0,0,48.2043
0,150,15,0,0,48.1843
0,151,15,0,0,48.1647
0,152,15,0,0,48.1456
0,153,15,0,0,48.1271
0,154,15,0,0,48.109
0,155,15,0,0,48.0914
0,156,15,0,0,48.0743
0,157,15,0,0,48.0576
0,158,15,0,0,48.0414
0,159,15,0,0,48.0256
0,160,15,0,1.24031e-06,48.0102
0,161,15,0,0,47.9952
0,162,15,0,0,47.9805
0,163,15,0,0,47.9663
0,164,15,0,0,47.9524
0,165,15,0,0,47.9388
0,166,15,0,0,47.9256
0,167,15,0,0,47.9127
0,168,15,0,0,47.9001
0,169,15,0,0,47.8879
0,170,15,0,0,47.8759
0,171,15,0,0,47.8641
0,172,15,0,0,47.8527
0,173,15,0,0,47.8415
0,174,15,0,0,47.8305
0,175,15,0,0,47.8197
0,176,15,0,0,47.8092
0,177,15,0,0,47.7989
0,178,15,0,0,47.7888
0,179,15,0,0,47.7789
0,180,15,0,0,47.7692
0,181,15,0,0,47.7596
0,182,15,0,0,47.7503
0,183,15,0,0,47.7411
0,184,15,0,0,47.7322
0,185,15,0,0,47.7234
0,186,15,0,0,47.7148
0,187,15,0,0,47.7065
0,188,15,0,0,47.6983
0,189,15,0,0,47.6904
0,190,15,0,0,47.6827
0,191,15,0,0,47.6752
0,192,15,0,1.24031e-06,47.668
0,193,15,0,0,47.661
0,194,15,0,0,47.6543
0,195,15,0,0,47.6478
0,196,15,0,0,47.6416
0,197,15,0,0,47.6358
0,198,15,0,0,47.6302
0,199,15,0,0,47.6249
0,200,15,0,0,47.6199
0,201,15,0,0,47.6152
0,202,15,0,0,47.6107
0,203,15,0,0,47.6064
0,204,15,0,0,47.6024
0,205,15,0,0,47.5985
0,206,15,0,0,47.5949
0,207,15,0,0,47.5914
0,208,15,0,0,47.588
0,209,15,0,0,47.5847
0,210,15,0,0,47.5815
0,211,15,0,0,47.5784
0,212,15,0,0,47.5754
0,213,15,0,0,47.5724
0,214,15,0,0,47.5695
0,215,15,0,0,47.5666
0,216,15,0,0,47.5637
0,217,15,0,0,47.5609
0,218,15,0,0,47.558
0,219,15,0,0,47.5552
0,220,15,0,0,47.5524
0,221,15,0,0,47.5496
0,222,15,0,0,47.5468
0,223,15,0,0,47.544
0,224,15,0,1.24031e-06,47.5412
0,225,15,0,0,47.5383
0,226,15,0,0,47.5354
0,227,15,0,0,47.5324
0,228,15,0,0,47.5294
0,229,15,0,0,47.5264
0,230,15,0,0,47.5234
0,231,15,0,0,47.5203
0,232,15,0,0,47.5171
0,233,15,0,0,47.5139
0,234,15,0,0,47.5106
0,235,15,0,0,47.5073
0,236,15,0,0,47.504
0,237,15,0,0,47.5005
0,238,15,0,0,47.497
0,239,15,0,0,47.4935
0,240,15,0,0,47.4899
0,241,15,0,0,47.4864
0,242,15,0,0,47.4828
0,243,15,0,0,47.4793
0,244,15,0,0,47.4758
0,245,15,0,0,47.4724
0,246,15,0,0,47.4691
0,247,15,0,0,47.466
0,248,15,0,0,47.463
0,249,15,0,0,47.4603
0,250,15,0,0,47.4578
0,251,15,0,0,47.4556
0,252,15,0,0,47.4537
0,253,15,0,0,47.4522
0,254,15,0,0,47.451
0,255,15,0,0,47.4502
0,0,16,0,1.24031e-06,81.2356
0,1,16,0,0,81.1223
0,2,16,0,0,80.954
0,3,16,0,0,80.7329
0,4,16,0,0,80.4614
0,5,16,0,0,80.1425
0,6,16,0,0,79.7798
0,7,16,0,0,79.3767
0,8,16,0,0,78.9373
0,9,16,0,0,78.4654
0,10,16,0,0,77.965
0,11,16,0,0,77.44
0,12,16,0,0,76.8942
0,13,16,0,0,76.3312
0,14,16,0,0,75.7544
0,15,16,0,0,75.1671
0,16,16,0,0,74.572
0,17,16,0,0,73.972
0,18,16,0,0,73.3694
0,19,16,0,0,72.7664
0,20,16,0,0,72.1649
0,21,16,0,0,71.5668
0,22,16,0,0,70.9734
0,23,16,0,0,70.3862
0,24,16,0,0,69.8061
0,25,16,0,0,69.2343
0,26,16,0,0,68.6714
0,27,16,0,0,68.1182
0,28,16,0,0,67.5752
0,29,16,0,0,67.0428
0,30,16,0,0,66.5214
0,31,16,0,0,66.0113
0,32,16,0,1.24031e-06,65.5126
0,33,16,0,0,65.0253
0,34,16,0,0,64.5497
0,35,16,0,0,64.0856
0,36,16,0,0,63.6331
0,37,16,0,0,63.1921
0,38,16,0,0,62.7625
0,39,16,0,0,62.344
0,40,16,0,0,61.9367
0,41,16,0,0,61.5402
0,42,16,0,0,61.1544
0,43,16,0,0,60.779
0,44,16,0,0,60.4138
0,45,16,0,0,60.0586
0,46,16,0,0,59.7132
0,47,16,0,0,59.3772
0,48,16,0,0,59.0505
0,49,16,0,0,58.7327
0,50,16,0,0,58.4237
0,51,16,0,0,58.1231
0,52,16,0,0,57.8308
0,53,16,0,0,57.5466
0,54,16,0,0,57.2701
0,55,16,0,0,57.0011
0,56,16,0,0,56.7396
0,57,16,0,0,56.4851
0,58,16,0,0,56.2376
0,59,16,0,0,55.9968
0,60,16,0,0,55.7626
0,61,16,0,0,55.5347
0,62,16,0,0,55.3131
0,63,16,0,0,55.0974
0,64,16,0,1.24031e-06,54.8876
0,65,16,0,0,54.6833
0,66,16,0,0,54.4845
0,67,16,0,0,54.2911
0,68,16,0,0,54.1029
0,69,16,0,0,53.9198
0,70,16,0,0,53.7416
0,71,16,0,0,53.5681
0,72,16,0,0,53.3992
0,73,16,0,0,53.2348
0,74,16,0,0,53.0748
0,75,16,0,0,52.919
0,76,16,0,0,52.7673
0,77,16,0,0,52.6195
0,78,16,0,0,52.4756
0,79,16,0,0,52.3354
0,80,16,0,0,52.1988
0,81,16,0,0,52.0658
0,82,16,0,0,51.9361
0,83,16,0,0,51.8097
0,84,16,0,0,51.6865
0,85,16,0,0,51.5665
0,86,16,0,0,51.4495
0,87,16,0,0,51.3355
0,88,16,0,0,51.2243
0,89,16,0,0,51.116
0,90,16,0,0,51.0104
0,91,16,0,0,50.9075
0,92,16,0,0,50.8073
0,93,16,0,0,50.7097
0,94,16,0,0,50.6146
0,95,16,0,0,50.522
0,96,16,0,1.24031e-06,50.4319
0,97,16,0,0,50.3442
0,98,16,0,0,50.2588
0,99,16,0,0,50.1757
0,100,16,0,0,50.095
0,101,16,0,0,50.0165
0,102,16,0,0,49.9402
0,103,16,0,0,49.8661
0,104,16,0,0,49.7942
0,105,16,0,0,49.7244
0,106,16,0,0,49.6566
0,107,16,0,0,49.5908
0,108,16,0,0,49.5269
0,109,16,0,0,49.4649
0,110,16,0,0,49.4048
0,111,16,0,0,49.3465
0,112,16,0,0,49.2899
0,113,16,0,0,49.235
0,114,16,0,0,49.1817
0,115,16,0,0,49.13
0,116,16,0,0,49.0798
0,117,16,0,0,49.0312
0,118,16,0,0,48.9839
0,119,16,0,0,48.938
0,120,16,0,0,48.8935
0,121,16,0,0,48.8502
0,122,16,0,0,48.8082
0,123,16,0,0,48.7674
0,124,16,0,0,48.7278
0,125,16,0,0,48.6893
0,126,16,0,0,48.6519
0,127,16,0,0,48.6156
0,128,16,0,1.24031e-06,48.5802
0,129,16,0,0,48.5458
0,130,16,0,0,48.5123
0,131,16,0,0,48.4797
0,132,16,0,0,48.4479
0,133,16,0,0,48.4171
0,134,16,0,0,48.387
0,135,16,0,0,48.3577
0,136,16,0,0,48.3292
0,137,16,0,0,48.3014
0,138,16,0,0,48.2744
0,139,16,0,0,48.248
0,140,16,0,0,48.2223
0,141,16,0,0,48.1972
0,142,16,0,0,48.1727
0,143,16,0,0,48.1489
0,144,16,0,0,48.1257
0,145,16,0,0,48.103
0,146,16,0,0,48.0809
0,147,16,0,0,48.0594
0,148,16,0,0,48.0384
0,149,16,0,0,48.0179
0,150,16,0,0,47.9979
0,151,16,0,0,47.9785
0,152,16,0,0,47.9596
0,153,16,0,0,47.9411
0,154,16,0,0,47.9232
0,155,16,0,0,47.9057
0,156,16,0,0,47.8887
0,157,16,0,0,47.8721
0,158,16,0,0,47.856
0,159,16,0,0,47.8402
0,160,16,0,1.24031e-06,47.8249
0,161,16,0,0,47.8099
0,162,16,0,0,47.7953
0,163,16,0,0,47.7811
0,164,16,0,0,47.7672
0,165,16,0,0,47.7537
0,166,16,0,0,47.7405
0,167,16,0,0,47.7276
0,168,16,0,0,47.7151
0,169,16,0,0,47.7028
0,170,16,0,0,47.6909
0,171,16,0,0,47.6792
0,172,16,0,0,47.6677
0,173,16,0,0,47.6565
0,174,16,0,0,47.6456
0,175,16,0,0,47.6349
0,176,16,0,0,47.6244
0,177,16,0,0,47.6141
0,178,16,0,0,47.6041
0,179,16,0,0,47.5942
0,180,16,0,0,47.5846
0,181,16,0,0,47.5752
0,182,16,0,0,47.5659
0,183,16,0,0,47.5569
0,184,16,0,0,47.548
0,185,16,0,0,47.5393
0,186,16,0,0,47.5309
0,187,16,0,0,47.5226
0,188,16,0,0,47.5146
0,189,16,0,0,47.5068
0,190,16,0,0,47.4992
0,191,16,0,0,47.4919
0,192,16,0,1.24031e-06,47.4848
0,193,16,0,0,47.4778
0,194,16,0,0,47.4712
0,195,16,0,0,47.4647
0,196,16,0,0,47.4586
0,197,16,0,0,47.4527
0,198,16,0,0,47.4471
0,199,16,0,0,47.4417
0,200,16,0,0,47.4366
0,201,16,0,0,47.4317
0,202,16,0,0,47.4271
0,203,16,0,0,47.4227
0,204,16,0,0,47.4185
0,205,16,0,0,47.4144
0,206,16,0,0,47.4106
0,207,16,0,0,47.4069
0,208,16,0,0,47.4033
0,209,16,0,0,47.3998
0,210,16,0,0,47.3965
0,211,16,0,0,47.3932
0,212,16,0,0,47.39
0,213,16,0,0,47.3868
0,214,16,0,0,47.3838
0,215,16,0,0,47.3807
0,216,16,0,0,47.3777
0,217,16,0,0,47.3748
0,218,16,0,0,47.3718
0,219,16,0,0,47.3689
0,220,16,0,0,47.3661
0,221,16,0,0,47.3632
0,222,16,0,0,47.3603
0,223,16,0,0,47.3575
0,224,16,0,1.24031e-06,47.3546
0,225,16,0,0,47.3516
0,226,16,0,0,47.3487
0,227,16,0,0,47.3457
0,228,16,0,0,47.3427
0,229,16,0,0,47.3397
0,230,16,0,0,47.3366
0,231,16,0,0,47.3336
0,232,16,0,0,47.3305
0,233,16,0,0,47.3274
0,234,16,0,0,47.3242
0,235,16,0,0,47.321
0,236,16,0,0,47.3177
0,237,16,0,0,47.3145
0,238,16,0,0,47.3112
0,239,16,0,0,47.3079
0,240,16,0,0,47.3046
0,241,16,0,0,47.3013
0,242,16,0,0,47.298
0,243,16,0,0,47.2948
0,244,16,0,0,47.2916
0,245,16,0,0,47.2886
0,246,16,0,0,47.2857
0,247,16,0,0,47.2829
0,248,16,0,0,47.2803
0,249,16,0,0,47.2778
0,250,16,0,0,47.2757
0,251,16,0,0,47.2737
0,252,16,0,0,47.2721
0,253,16,0,0,47.2707
0,254,16,0,0,47.2697
0,255,16,0,0,47.269
0,0,17,0,1.24031e-06,79.1546
0,1,17,0,0,79.0557
0,2,17,0,0,78.9087
0,3,17,0,0,78.7152
0,4,17,0,0,78.4773
0,5,17,0,0,78.1973
0,6,17,0,0,77.878
0,7,17,0,0,77.5223
0,8,17,0,0,77.1335
0,9,17,0,0,76.7148
0,10,17,0,0,76.2694
0,11,17,0,0,75.8007
0,12,17,0,0,75.3119
0,13,17,0,0,74.806
0,14,17,0,0,74.2861
0,15,17,0,0,73.755
0,16,17,0,0,73.2152
0,17,17,0,0,72.6691
0,18,17,0,0,72.119
0,19,17,0,0,71.5669
0,20,17,0,0,71.0147
0,21,17,0,0,70.4638
0,22,17,0,0,69.9159
0,23,17,0,0,69.3722
0,24,17,0,0,68.8337
0,25,17,0,0,68.3015
0,26,17,0,0,67.7764
0,27,17,0,0,67.2591
0,28,17,0,0,66.7503
0,29,17,0,0,66.2503
0,30,17,0,0,65.7597
0,31,17,0,0,65.2787
0,32,17,0,1.24031e-06,64.8075
0,33,17,0,0,64.3464
0,34,17,0,0,63.8954
0,35,17,0,0,63.4547
0,36,17,0,0,63.0242
0,37,17,0,0,62.6041
0,38,17,0,0,62.1941
0,39,17,0,0,61.7943
0,40,17,0,0,61.4045
0,41,17,0,0,61.0247
0,42,17,0,0,60.6545
0,43,17,0,0,60.294
0,44,17,0,0,59.9429
0,45,17,0,0,59.601
0,46,17,0,0,59.2681
0,47,17,0,0,58.944
0,48,17,0,0,58.6285
0,49,17,0,0,58.3215
0,50,17,0,0,58.0226
0,51,17,0,0,57.7317
0,52,17,0,0,57.4486
0,53,17,0,0,57.1731
0,54,17,0,0,56.9049
0,55,17,0,0,56.6439
0,56,17,0,0,56.3899
0,57,17,0,0,56.1426
0,58,17,0,0,55.902
0,59,17,0,0,55.6678
0,60,17,0,0,55.4398
0,61,17,0,0,55.218
0,62,17,0,0,55.002
0,63,17,0,0,54.7918
0,64,17,0,1.24031e-06,54.5872
0,65,17,0,0,54.388
0,66,17,0,0,54.194
0,67,17,0,0,54.0052
0,68,17,0,0,53.8214
0,69,17,0,0,53.6424
0,70,17,0,0,53.4682
0,71,17,0,0,53.2986
0,72,17,0,0,53.1334
0,73,17,0,0,52.9726
0,74,17,0,0,52.8159
0,75,17,0,0,52.6634
0,76,17,0,0,52.5148
0,77,17,0,0,52.3701
0,78,17,0,0,52.2291
0,79,17,0,0,52.0917
0,80,17,0,0,51.9579
0,81,17,0,0,51.8274
0,82,17,0,0,51.7003
0,83,17,0,0,51.5764
0,84,17,0,0,51.4557
0,85,17,0,0,51.338
0,86,17,0,0,51.2233
0,87,17,0,0,51.1115
0,88,17,0,0,51.0025
0,89,17,0,0,50.8963
0,90,17,0,0,50.7928
0,91,17,0,0,50.692
0,92,17,0,0,50.5937
0,93,17,0,0,50.498
0,94,17,0,0,50.4048
0,95,17,0,0,50.314
0,96,17,0,1.24031e-06,50.2256
0,97,17,0,0,50.1395
0,98,17,0,0,50.0557
0,99,17,0,0,49.9741
0,100,17,0,0,49.8949
0,101,17,0,0,49.8178
0,102,17,0,0,49.7428
0,103,17,0,0,49.67
0,104,17,0,0,49.5992
0,105,17,0,0,49.5305
0,106,17,0,0,49.4637
0,107,17,0,0,49.3989
0,108,17,0,0,49.3359
0,109,17,0,0,49.2748
0,110,17,0,0,49.2154
0,111,17,0,0,49.1578
0,112,17,0,0,49.1019
0,113,17,0,0,49.0476
0,114,17,0,0,48.995
0,115,17,0,0,48.9438
0,116,17,0,0,48.8941
0,117,17,0,0,48.8459
0,118,17,0,0,48.7991
0,119,17,0,0,48.7536
0,120,17,0,0,48.7095
0,121,17,0,0,48.6666
0,122,17,0,0,48.625
0,123,17,0,0,48.5845
0,124,17,0,0,48.5452
0,125,17,0,0,48.5069
0,126,17,0,0,48.4698
0,127,17,0,0,48.4337
0,128,17,0,1.24031e-06,48.3986
0,129,17,0,0,48.3644
0,130,17,0,0,48.331
0,131,17,0,0,48.2986
0,132,17,0,0,48.2671
0,133,17,0,0,48.2364
0,134,17,0,0,48.2065
0,135,17,0,0,48.1774
0,136,17,0,0,48.1491
0,137,17,0,0,48.1215
0,138,17,0,0,48.0946
0,139,17,0,0,48.0684
0,140,17,0,0,48.0428
0,141,17,0,0,48.0179
0,142,17,0,0,47.9936
0,143,17,0,0,47.97
0,144,17,0,0,47.9469
0,145,17,0,0,47.9244
0,146,17,0,0,47.9024
0,147,17,0,0,47.8811
0,148,17,0,0,47.8602
0,149,17,0,0,47.8399
0,150,17,0,0,47.8201
0,151,17,0,0,47.8008
0,152,17,0,0,47.782
0,153,17,0,0,47.7637
0,154,17,0,0,47.7459
0,155,17,0,0,47.7285
0,156,17,0,0,47.7116
0,157,17,0,0,47.6951
0,158,17,0,0,47.679
0,159,17,0,0,47.6634
0,160,17,0,1.24031e-06,47.6482
0,161,17,0,0,47.6332
0,162,17,0,0,47.6187
0,163,17,0,0,47.6045
0,164,17,0,0,47.5907
0,165,17,0,0,47.5772
0,166,17,0,0,47.564
0,167,17,0,0,47.5512
0,168,17,0,0,47.5387
0,169,17,0,0,47.5264
0,170,17,0,0,47.5145
0,171,17,0,0,47.5028
0,172,17,0,0,47.4914
0,173,17,0,0,47.4803
0,174,17,0,0,47.4694
0,175,17,0,0,47.4587
0,176,17,0,0,47.4483
0,177,17,0,0,47.4381
0,178,17,0,0,47.4281
0,179,17,0,0,47.4183
0,180,17,0,0,47.4087
0,181,17,0,0,47.3994
0,182,17,0,0,47.3902
0,183,17,0,0,47.3812
0,184,17,0,0,47.3725
0,185,17,0,0,47.3639
0,186,17,0,0,47.3556
0,187,17,0,0,47.3474
0,188,17,0,0,47.3395
0,189,17,0,0,47.3318
0,190,17,0,0,47.3243
0,191,17,0,0,47.317
0,192,17,0,1.24031e-06,47.31
0,193,17,0,0,47.3031
0,194,17,0,0,47.2965
0,195,17,0,0,47.2901
0,196,17,0,0,47.284
0,197,17,0,0,47.278
0,198,17,0,0,47.2724
0,199,17,0,0,47.267
0,200,17,0,0,47.2618
0,201,17,0,0,47.2568
0,202,17,0,0,47.252
0,203,17,0,0,47.2475
0,204,17,0,0,47.2431
0,205,17,0,0,47.2389
0,206,17,0,0,47.2349
0,207,17,0,0,47.231
0,208,17,0,0,47.2273
0,209,17,0,0,47.2236
0,210,17,0,0,47.2201
0,211,17,0,0,47.2167
0,212,17,0,0,47.2133
0,213,17,0,0,47.2101
0,214,17,0,0,47.2068
0,215,17,0,0,47.2037
0,216,17,0,0,47.2006
0,217,17,0,0,47.1975
0,218,17,0,0,47.1945
0,219,17,0,0,47.1915
0,220,17,0,0,47.1885
0,221,17,0,0,47.1856
0,222,17,0,0,47.1826
0,223,17,0,0,47.1797
0,224,17,0,1.24031e-06,47.1768
0,225,17,0,0,47.1738
0,226,17,0,0,47.1708
0,227,17,0,0,47.1678
0,228,17,0,0,47.1648
0,229,17,0,0,47.1618
0,230,17,0,0,47.1588
0,231,17,0,0,47.1558
0,232,17,0,0,47.1527
0,233,17,0,0,47.1497
0,234,17,0,0,47.1466
0,235,17,0,0,47.1435
0,236,17,0,0,47.1404
0,237,17,0,0,47.1373
0,238,17,0,0,47.1342
0,239,17,0,0,47.1311
0,240,17,0,0,47.128
0,241,17,0,0,47.1249
0,242,17,0,0,47.1219
0,243,17,0,0,47.119
0,244,17,0,0,47.1161
0,245,17,0,0,47.1133
0,246,17,0,0,47.1107
0,247,17,0,0,47.1082
0,248,17,0,0,47.1058
0,249,17,0,0,47.1037
0,250,17,0,0,47.1017
0,251,17,0,0,47.1
0,252,17,0,0,47.0986
0,253,17,0,0,47.0974
0,254,17,0,0,47.0965
0,255,17,0,0,47.0959
0,0,18,0,1.24031e-06,77.2239
0,1,18,0,0,77.137
0,2,18,0,0,77.0078
0,3,18,0,0,76.8376
0,4,18,0,0,76.628
0,5,18,0,0,76.381
0,6,18,0,0,76.0987
0,7,18,0,0,75.7835
0,8,18,0,0,75.4382
0,9,18,0,0,75.0653
0,10,18,0,0,74.6677
0,11,18,0,0,74.2481
0,12,18,0,0,73.8093
0,13,18,0,0,73.3538
0,14,18,0,0,72.8844
0,15,18,0,0,72.4033
0,16,18,0,0,71.9131
0,17,18,0,0,71.4157
0,18,18,0,0,70.9132
0,19,18,0,0,70.4075
0,20,18,0,0,69.9003
0,21,18,0,0,69.393
0,22,18,0,0,68.8871
0,23,18,0,0,68.3838
0,24,18,0,0,67.8842
0,25,18,0,0,67.3892
0,26,18,0,0,66.8996
0,27,18,0,0,66.4163
0,28,18,0,0,65.9399
0,29,18,0,0,65.4708
0,30,18,0,0,65.0095
0,31,18,0,0,64.5565
0,32,18,0,1.24031e-06,64.1119
0,33,18,0,0,63.6759
0,34,18,0,0,63.2488
0,35,18,0,0,62.8308
0,36,18,0,0,62.4219
0,37,18,0,0,62.0221
0,38,18,0,0,61.6314
0,39,18,0,0,61.2499
0,40,18,0,0,60.8774
0,41,18,0,0,60.514
0,42,18,0,0,60.1594
0,43,18,0,0,59.8136
0,44,18,0,0,59.4764
0,45,18,0,0,59.1478
0,46,18,0,0,58.8274
0,47,18,0,0,58.5153
0,48,18,0,0,58.2111
0,49,18,0,0,57.9148
0,50,18,0,0,57.6262
0,51,18,0,0,57.345
0,52,18,0,0,57.0711
0,53,18,0,0,56.8044
0,54,18,0,0,56.5446
0,55,18,0,0,56.2916
0,56,18,0,0,56.0452
0,57,18,0,0,55.8052
0,58,18,0,0,55.5716
0,59,18,0,0,55.344
0,60,18,0,0,55.1224
0,61,18,0,0,54.9066
0,62,18,0,0,54.6964
0,63,18,0,0,54.4918
0,64,18,0,1.24031e-06,54.2925
0,65,18,0,0,54.0983
0,66,18,0,0,53.9092
0,67,18,0,0,53.7251
0,68,18,0,0,53.5457
0,69,18,0,0,53.371
0,70,18,0,0,53.2009
0,71,18,0,0,53.0352
0,72,18,0,0,52.8738
0,73,18,0,0,52.7166
0,74,18,0,0,52.5634
0,75,18,0,0,52.4142
0,76,18,0,0,52.2689
0,77,18,0,0,52.1272
0,78,18,0,0,51.9892
0,79,18,0,0,51.8547
0,80,18,0,0,51.7237
0,81,18,0,0,51.5959
0,82,18,0,0,51.4714
0,83,18,0,0,51.3501
0,84,18,0,0,51.2318
0,85,18,0,0,51.1165
0,86,18,0,0,51.0041
0,87,18,0,0,50.8946
0,88,18,0,0,50.7878
0,89,18,0,0,50.6837
0,90,18,0,0,50.5823
0,91,18,0,0,50.4835
0,92,18,0,0,50.3871
0,93,18,0,0,50.2933
0,94,18,0,0,50.2019
0,95,18,0,0,50.1129
0,96,18,0,1.24031e-06,50.0263
0,97,18,0,0,49.9418
0,98,18,0,0,49.8596
0,99,18,0,0,49.7796
0,100,18,0,0,49.7017
0,101,18,0,0,49.626
0,102,18,0,0,49.5524
0,103,18,0,0,49.4808
0,104,18,0,0,49.4112
0,105,18,0,0,49.3436
0,106,18,0,0,49.2779
0,107,18,0,0,49.214
0,108,18,0,0,49.152
0,109,18,0,0,49.0918
0,110,18,0,0,49.0332
0,111,18,0,0,48.9764
0,112,18,0,0,48.9212
0,113,18,0,0,48.8676
0,114,18,0,0,48.8156
0,115,18,0,0,48.765
0,116,18,0,0,48.7159
0,117,18,0,0,48.6682
0,118,18,0,0,48.6219
0,119,18,0,0,48.5768
0,120,18,0,0,48.5331
0,121,18,0,0,48.4906
0,122,18,0,0,48.4493
0,123,18,0,0,48.4092
0,124,18,0,0,48.3702
0,125,18,0,0,48.3323
0,126,18,0,0,48.2955
0,127,18,0,0,48.2597
0,128,18,0,1.24031e-06,48.2248
0,129,18,0,0,48.1908
0,130,18,0,0,48.1578
0,131,18,0,0,48.1256
0,132,18,0,0,48.0943
0,133,18,0,0,48.0638
0,134,18,0,0,48.0341
0,135,18,0,0,48.0052
0,136,18,0,0,47.9771
0,137,18,0,0,47.9497
0,138,18,0,0,47.9229
0,139,18,0,0,47.8969
0,140,18,0,0,47.8715
0,141,18,0,0,47.8468
0,142,18,0,0,47.8227
0,143,18,0,0,47.7992
0,144,18,0,0,47.7763
0,145,18,0,0,47.754
0,146,18,0,0,47.7322
0,147,18,0,0,47.711
0,148,18,0,0,47.6903
0,149,18,0,0,47.6702
0,150,18,0,0,47.6505
0,151,18,0,0,47.6314
0,152,18,0,0,47.6127
0,153,18,0,0,47.5945
0,154,18,0,0,47.5768
0,155,18,0,0,47.5595
0,156,18,0,0,47.5427
0,157,18,0,0,47.5263
0,158,18,0,0,47.5104
0,159,18,0,0,47.4948
0,160,18,0,1.24031e-06,47.4797
0,161,18,0,0,47.4648
0,162,18,0,0,47.4503
0,163,18,0,0,47.4362
0,164,18,0,0,47.4224
0,165,18,0,0,47.409
0,166,18,0,0,47.3959
0,167,18,0,0,47.3831
0,168,18,0,0,47.3706
0,169,18,0,0,47.3584
0,170,18,0,0,47.3465
0,171,18,0,0,47.3349
0,172,18,0,0,47.3235
0,173,18,0,0,47.3124
0,174,18,0,0,47.3016
0,175,18,0,0,47.2909
0,176,18,0,0,47.2806
0,177,18,0,0,47.2704
0,178,18,0,0,47.2605
0,179,18,0,0,47.2508
0,180,18,0,0,47.2413
0,181,18,0,0,47.232
0,182,18,0,0,47.2229
0,183,18,0,0,47.214
0,184,18,0,0,47.2053
0,185,18,0,0,47.1969
0,186,18,0,0,47.1886
0,187,18,0,0,47.1805
0,188,18,0,0,47.1727
0,189,18,0,0,47.1651
0,190,18,0,0,47.1577
0,191,18,0,0,47.1505
0,192,18,0,1.24031e-06,47.1435
0,193,18,0,0,47.1367
0,194,18,0,0,47.1301
0,195,18,0,0,47.1237
0,196,18,0,0,47.1175
0,197,18,0,0,47.1116
0,198,18,0,0,47.1059
0,199,18,0,0,47.1004
0,200,18,0,0,47.0951
0,201,18,0,0,47.0901
0,202,18,0,0,47.0852
0,203,18,0,0,47.0806
0,204,18,0,0,47.0761
0,205,18,0,0,47.0717
0,206,18,0,0,47.0676
0,207,18,0,0,47.0636
0,208,18,0,0,47.0597
0,209,18,0,0,47.0559
0,210,18,0,0,47.0522
0,211,18,0,0,47.0486
0,212,18,0,0,47.0452
0,213,18,0,0,47.0418
0,214,18,0,0,47.0384
0,215,18,0,0,47.0352
0,216,18,0,0,47.0319
0,217,18,0,0,47.0288
0,218,18,0,0,47.0257
0,219,18,0,0,47.0226
0,220,18,0,0,47.0195
0,221,18,0,0,47.0165
0,222,18,0,0,47.0136
0,223,18,0,0,47.0106
0,224,18,0,1.24031e-06,47.0076
0,225,18,0,0,47.0046
0,226,18,0,0,47.0016
0,227,18,0,0,46.9986
0,228,18,0,0,46.9956
0,229,18,0,0,46.9926
0,230,18,0,0,46.9896
0,231,18,0,0,46.9866
0,232,18,0,0,46.9836
0,233,18,0,0,46.9806
0,234,18,0,0,46.9776
0,235,18,0,0,46.9746
0,236,18,0,0,46.9716
0,237,18,0,0,46.9687
0,238,18,0,0,46.9657
0,239,18,0,0,46.9628
0,240,18,0,0,46.9599
0,241,18,0,0,46.957
0,242,18,0,0,46.9542
0,243,18,0,0,46.9515
0,244,18,0,0,46.9488
0,245,18,0,0,46.9463
0,246,18,0,0,46.9439
0,247,18,0,0,46.9416
0,248,18,0,0,46.9395
0,249,18,0,0,46.9376
0,250,18,0,0,46.9359
0,251,18,0,0,46.9343
0,252,18,0,0,46.933
0,253,18,0,0,46.932
0,254,18,0,0,46.9312
0,255,18,0,0,46.9306
0,0,19,0,1.24031e-06,75.4283
0,1,19,0,0,75.3517
0,2,19,0,0,75.2376
0,3,19,0,0,75.0872
0,4,19,0,0,74.9017
0,5,19,0,0,74.6827
0,6,19,0,0,74.4321
0,7,19,0,0,74.1518
0,8,19,0,0,73.8439
0,9,19,0,0,73.5109
0,10,19,0,0,73.1548
0,11,19,0,0,72.7782
0,12,19,0,0,72.3832
0,13,19,0,0,71.9723
0,14,19,0,0,71.5477
0,15,19,0,0,71.1114
0,16,19,0,0,70.6655
0,17,19,0,0,70.212
0,18,19,0,0,69.7527
0,19,19,0,0,69.2893
0,20,19,0,0,68.8232
0,21,19,0,0,68.356
0,22,19,0,0,67.8888
0,23,19,0,0,67.423
0,24,19,0,0,66.9595
0,25,19,0,0,66.4992
0,26,19,0,0,66.0431
0,27,19,0,0,65.5918
0,28,19,0,0,65.146
0,29,19,0,0,64.7062
0,30,19,0,0,64.273
0,31,19,0,0,63.8466
0,32,19,0,1.24031e-06,63.4274
0,33,19,0,0,63.0157
0,34,19,0,0,62.6117
0,35,19,0,0,62.2156
0,36,19,0,0,61.8275
0,37,19,0,0,61.4475
0,38,19,0,0,61.0757
0,39,19,0,0,60.7121
0,40,19,0,0,60.3566
0,41,19,0,0,60.0093
0,42,19,0,0,59.67
0,43,19,0,0,59.3388
0,44,19,0,0,59.0154
0,45,19,0,0,58.6999
0,46,19,0,0,58.392
0,47,19,0,0,58.0917
0,48,19,0,0,57.7988
0,49,19,0,0,57.5132
0,50,19,0,0,57.2348
0,51,19,0,0,56.9634
0,52,19,0,0,56.6988
0,53,19,0,0,56.4409
0,54,19,0,0,56.1895
0,55,19,0,0,55.9445
0,56,19,0,0,55.7058
0,57,19,0,0,55.4732
0,58,19,0,0,55.2465
0,59,19,0,0,55.0256
0,60,19,0,0,54.8104
0,61,19,0,0,54.6008
0,62,19,0,0,54.3965
0,63,19,0,0,54.1974
0,64,19,0,1.24031e-06,54.0035
0,65,19,0,0,53.8144
0,66,19,0,0,53.6303
0,67,19,0,0,53.4508
0,68,19,0,0,53.276
0,69,19,0,0,53.1057
0,70,19,0,0,52.9397
0,71,19,0,0,52.778
0,72,19,0,0,52.6204
0,73,19,0,0,52.4669
0,74,19,0,0,52.3172
0,75,19,0,0,52.1714
0,76,19,0,0,52.0293
0,77,19,0,0,51.8909
0,78,19,0,0,51.7559
0,79,19,0,0,51.6243
0,80,19,0,0,51.4961
0,81,19,0,0,51.3711
0,82,19,0,0,51.2493
0,83,19,0,0,51.1305
0,84,19,0,0,51.0147
0,85,19,0,0,50.9018
0,86,19,0,0,50.7918
0,87,19,0,0,50.6845
0,88,19,0,0,50.5799
0,89,19,0,0,50.478
0,90,19,0,0,50.3786
0,91,19,0,0,50.2818
0,92,19,0,0,50.1875
0,93,19,0,0,50.0955
0,94,19,0,0,50.006
0,95,19,0,0,49.9187
0,96,19,0,1.24031e-06,49.8338
0,97,19,0,0,49.751
0,98,19,0,0,49.6703
0,99,19,0,0,49.5918
0,100,19,0,0,49.5155
0,101,19,0,0,49.4411
0,102,19,0,0,49.3688
0,103,19,0,0,49.2985
0,104,19,0,0,49.2301
0,105,19,0,0,49.1636
0,106,19,0,0,49.099
0,107,19,0,0,49.0362
0,108,19,0,0,48.9751
0,109,19,0,0,48.9158
0,110,19,0,0,48.8581
0,111,19,0,0,48.8021
0,112,19,0,0,48.7476
0,113,19,0,0,48.6947
0,114,19,0,0,48.6433
0,115,19,0,0,48.5934
0,116,19,0,0,48.5449
0,117,19,0,0,48.4977
0,118,19,0,0,48.4519
0,119,19,0,0,48.4074
0,120,19,0,0,48.3641
0,121,19,0,0,48.3221
0,122,19,0,0,48.2812
0,123,19,0,0,48.2415
0,124,19,0,0,48.2029
0,125,19,0,0,48.1653
0,126,19,0,0,48.1288
0,127,19,0,0,48.0933
0,128,19,0,1.24031e-06,48.0587
0,129,19,0,0,48.025
0,130,19,0,0,47.9922
0,131,19,0,0,47.9603
0,132,19,0,0,47.9292
0,133,19,0,0,47.899
0,134,19,0,0,47.8695
0,135,19,0,0,47.8409
0,136,19,0,0,47.8129
0,137,19,0,0,47.7857
0,138,19,0,0,47.7592
0,139,19,0,0,47.7334
0,140,19,0,0,47.7082
0,141,19,0,0,47.6837
0,142,19,0,0,47.6598
0,143,19,0,0,47.6364
0,144,19,0,0,47.6137
0,145,19,0,0,47.5916
0,146,19,0,0,47.57
0,147,19,0,0,47.5489
0,148,19,0,0,47.5284
0,149,19,0,0,47.5084
0,150,19,0,0,47.4889
0,151,19,0,0,47.4699
0,152,19,0,0,47.4514
0,153,19,0,0,47.4333
0,154,19,0,0,47.4158
0,155,19,0,0,47.3986
0,156,19,0,0,47.3819
0,157,19,0,0,47.3656
0,158,19,0,0,47.3498
0,159,19,0,0,47.3343
0,160,19,0,1.24031e-06,47.3192
0,161,19,0,0,47.3044
0,162,19,0,0,47.29
0,163,19,0,0,47.276
0,164,19,0,0,47.2622
0,165,19,0,0,47.2489
0,166,19,0,0,47.2358
0,167,19,0,0,47.2231
0,168,19,0,0,47.2106
0,169,19,0,0,47.1985
0,170,19,0,0,47.1867
0,171,19,0,0,47.1751
0,172,19,0,0,47.1638
0,173,19,0,0,47.1527
0,174,19,0,0,47.1419
0,175,19,0,0,47.1313
0,176,19,0,0,47.121
0,177,19,0,0,47.1109
0,178,19,0,0,47.1011
0,179,19,0,0,47.0914
0,180,19,0,0,47.082
0,181,19,0,0,47.0727
0,182,19,0,0,47.0637
0,183,19,0,0,47.0549
0,184,19,0,0,47.0463
0,185,19,0,0,47.0379
0,186,19,0,0,47.0297
0,187,19,0,0,47.0218
0,188,19,0,0,47.014
0,189,19,0,0,47.0064
0,190,19,0,0,46.9991
0,191,19,0,0,46.9919
0,192,19,0,1.24031e-06,46.985
0,193,19,0,0,46.9782
0,194,19,0,0,46.9716
0,195,19,0,0,46.9652
0,196,19,0,0,46.9591
0,197,19,0,0,46.9531
0,198,19,0,0,46.9474
0,199,19,0,0,46.9419
0,200,19,0,0,46.9365
0,201,19,0,0,46.9314
0,202,19,0,0,46.9265
0,203,19,0,0,46.9217
0,204,19,0,0,46.9171
0,205,19,0,0,46.9127
0,206,19,0,0,46.9084
0,207,19,0,0,46.9042
0,208,19,0,0,46.9002
0,209,19,0,0,46.8963
0,210,19,0,0,46.8925
0,211,19,0,0,46.8888
0,212,19,0,0,46.8852
0,213,19,0,0,46.8817
0,214,19,0,0,46.8783
0,215,19,0,0,46.8749
0,216,19,0,0,46.8716
0,217,19,0,0,46.8683
0,218,19,0,0,46.8651
0,219,19,0,0,46.862
0,220,19,0,0,46.8589
0,221,19,0,0,46.8558
0,222,19,0,0,46.8528
0,223,19,0,0,46.8498
0,224,19,0,1.24031e-06,46.8468
0,225,19,0,0,46.8437
0,226,19,0,0,46.8407
0,227,19,0,0,46.8377
0,228,19,0,0,46.8347
0,229,19,0,0,46.8317
0,230,19,0,0,46.8287
0,231,19,0,0,46.8257
0,232,19,0,0,46.8228
0,233,19,0,0,46.8199
0,234,19,0,0,46.8169
0,235,19,0,0,46.814
0,236,19,0,0,46.8112
0,237,19,0,0,46.8083
0,238,19,0,0,46.8055
0,239,19,0,0,46.8027
0,240,19,0,0,46.7999
0,241,19,0,0,46.7973
0,242,19,0,0,46.7946
0,243,19,0,0,46.7921
0,244,19,0,0,46.7897
0,245,19,0,0,46.7873
0,246,19,0,0,46.7851
0,247,19,0,0,46.783
0,248,19,0,0,46.7811
0,249,19,0,0,46.7794
0,250,19,0,0,46.7778
0,251,19,0,0,46.7764
0,252,19,0,0,46.7752
0,253,19,0,0,46.7743
0,254,19,0,0,46.7736
0,255,19,0,0,46.7731
0,0,20,0,1.24031e-06,73.7552
0,1,20,0,0,73.6872
0,2,20,0,0,73.5861
0,3,20,0,0,73.4525
0,4,20,0,0,73.2877
0,5,20,0,0,73.0928
0,6,20,0,0,72.8694
0,7,20,0,0,72.6192
0,8,20,0,0,72.3439
0,9,20,0,0,72.0454
0,10,20,0,0,71.7257
0,11,20,0,0,71.3867
0,12,20,0,0,71.0305
0,13,20,0,0,70.659
0,14,20,0,0,70.2741
0,15,20,0,0,69.8778
0,16,20,0,0,69.4719
0,17,20,0,0,69.0579
0,18,20,0,0,68.6377
0,19,20,0,0,68.2126
0,20,20,0,0,67.7842
0,21,20,0,0,67.3537
0,22,20,0,0,66.9223
0,23,20,0,0,66.4911
0,24,20,0,0,66.0612
0,25,20,0,0,65.6333
0,26,20,0,0,65.2085
0,27,20,0,0,64.7872
0,28,20,0,0,64.3703
0,29,20,0,0,63.9583
0,30,20,0,0,63.5515
0,31,20,0,0,63.1506
0,32,20,0,1.24031e-06,62.7557
0,33,20,0,0,62.3672
0,34,20,0,0,61.9854
0,35,20,0,0,61.6104
0,36,20,0,0,61.2425
0,37,20,0,0,60.8817
0,38,20,0,0,60.5282
0,39,20,0,0,60.182
0,40,20,0,0,59.8431
0,41,20,0,0,59.5116
0,42,20,0,0,59.1873
0,43,20,0,0,58.8704
0,44,20,0,0,58.5606
0,45,20,0,0,58.258
0,46,20,0,0,57.9625
0,47,20,0,0,57.674
0,48,20,0,0,57.3923
0,49,20,0,0,57.1174
0,50,20,0,0,56.8491
0,51,20,0,0,56.5873
0,52,20,0,0,56.332
0,53,20,0,0,56.0829
0,54,20,0,0,55.84
0,55,20,0,0,55.603
0,56,20,0,0,55.372
0,57,20,0,0,55.1467
0,58,20,0,0,54.9271
0,59,20,0,0,54.7129
0,60,20,0,0,54.5041
0,61,20,0,0,54.3006
0,62,20,0,0,54.1022
0,63,20,0,0,53.9088
0,64,20,0,1.24031e-06,53.7203
0,65,20,0,0,53.5364
0,66,20,0,0,53.3572
0,67,20,0,0,53.1825
0,68,20,0,0,53.0123
0,69,20,0,0,52.8463
0,70,20,0,0,52.6845
0,71,20,0,0,52.5269
0,72,20,0,0,52.3732
0,73,20,0,0,52.2233
0,74,20,0,0,52.0773
0,75,20,0,0,51.935
0,76,20,0,0,51.7962
0,77,20,0,0,51.6609
0,78,20,0,0,51.529
0,79,20,0,0,51.4004
0,80,20,0,0,51.2751
0,81,20,0,0,51.1529
0,82,20,0,0,51.0337
0,83,20,0,0,50.9175
0,84,20,0,0,50.8042
0,85,20,0,0,50.6938
0,86,20,0,0,50.5861
0,87,20,0,0,50.4811
0,88,20,0,0,50.3788
0,89,20,0,0,50.279
0,90,20,0,0,50.1817
0,91,20,0,0,50.0869
0,92,20,0,0,49.9945
0,93,20,0,0,49.9045
0,94,20,0,0,49.8168
0,95,20,0,0,49.7313
0,96,20,0,1.24031e-06,49.6481
0,97,20,0,0,49.5669
0,98,20,0,0,49.4878
0,99,20,0,0,49.4108
0,100,20,0,0,49.3359
0,101,20,0,0,49.263
0,102,20,0,0,49.192
0,103,20,0,0,49.123
0,104,20,0,0,49.0558
0,105,20,0,0,48.9905
0,106,20,0,0,48.9269
0,107,20,0,0,48.8651
0,108,20,0,0,48.8051
0,109,20,0,0,48.7466
0,110,20,0,0,48.6899
0,111,20,0,0,48.6347
0,112,20,0,0,48.581
0,113,20,0,0,48.5288
0,114,20,0,0,48.4781
0,115,20,0,0,48.4289
0,116,20,0,0,48.381
0,117,20,0,0,48.3344
0,118,20,0,0,48.2892
0,119,20,0,0,48.2452
0,120,20,0,0,48.2024
0,121,20,0,0,48.1608
0,122,20,0,0,48.1204
0,123,20,0,0,48.0811
0,124,20,0,0,48.0429
0,125,20,0,0,48.0057
0,126,20,0,0,47.9695
0,127,20,0,0,47.9343
0,128,20,0,1.24031e-06,47.9001
0,129,20,0,0,47.8667
0,130,20,0,0,47.8342
0,131,20,0,0,47.8026
0,132,20,0,0,47.7718
0,133,20,0,0,47.7418
0,134,20,0,0,47.7126
0,135,20,0,0,47.6842
0,136,20,0,0,47.6565
0,137,20,0,0,47.6295
0,138,20,0,0,47.6032
0,139,20,0,0,47.5776
0,140,20,0,0,47.5526
0,141,20,0,0,47.5283
0,142,20,0,0,47.5045
0,143,20,0,0,47.4814
0,144,20,0,0,47.4589
0,145,20,0,0,47.4369
0,146,20,0,0,47.4155
0,147,20,0,0,47.3946
0,148,20,0,0,47.3743
0,149,20,0,0,47.3544
0,150,20,0,0,47.3351
0,151,20,0,0,47.3163
0,152,20,0,0,47.2979
0,153,20,0,0,47.28
0,154,20,0,0,47.2625
0,155,20,0,0,47.2455
0,156,20,0,0,47.2289
0,157,20,0,0,47.2127
0,158,20,0,0,47.197
0,159,20,0,0,47.1816
0,160,20,0,1.24031e-06,47.1666
0,161,20,0,0,47.1519
0,162,20,0,0,47.1376
0,163,20,0,0,47.1236
0,164,20,0,0,47.11
0,165,20,0,0,47.0967
0,166,20,0,0,47.0837
0,167,20,0,0,47.071
0,168,20,0,0,47.0586
0,169,20,0,0,47.0465
0,170,20,0,0,47.0347
0,171,20,0,0,47.0232
0,172,20,0,0,47.012
0,173,20,0,0,47.001
0,174,20,0,0,46.9902
0,175,20,0,0,46.9797
0,176,20,0,0,46.9694
0,177,20,0,0,46.9594
0,178,20,0,0,46.9496
0,179,20,0,0,46.94
0,180,20,0,0,46.9306
0,181,20,0,0,46.9215
0,182,20,0,0,46.9125
0,183,20,0,0,46.9038
0,184,20,0,0,46.8952
0,185,20,0,0,46.8869
0,186,20,0,0,46.8788
0,187,20,0,0,46.8709
0,188,20,0,0,46.8631
0,189,20,0,0,46.8556
0,190,20,0,0,46.8483
0,191,20,0,0,46.8412
0,192,20,0,1.24031e-06,46.8343
0,193,20,0,0,46.8276
0,194,20,0,0,46.821
0,195,20,0,0,46.8146
0,196,20,0,0,46.8085
0,197,20,0,0,46.8025
0,198,20,0,0,46.7967
0,199,20,0,0,46.7912
0,200,20,0,0,46.7858
0,201,20,0,0,46.7806
0,202,20,0,0,46.7755
0,203,20,0,0,46.7707
0,204,20,0,0,46.766
0,205,20,0,0,46.7615
0,206,20,0,0,46.7571
0,207,20,0,0,46.7528
0,208,20,0,0,46.7487
0,209,20,0,0,46.7447
0,210,20,0,0,46.7408
0,211,20,0,0,46.737
0,212,20,0,0,46.7333
0,213,20,0,0,46.7297
0,214,20,0,0,46.7261
0,215,20,0,0,46.7227
0,216,20,0,0,46.7193
0,217,20,0,0,46.7159
0,218,20,0,0,46.7127
0,219,20,0,0,46.7094
0,220,20,0,0,46.7063
0,221,20,0,0,46.7031
0,222,20,0,0,46.7
0,223,20,0,0,46.697
0,224,20,0,1.24031e-06,46.694
0,225,20,0,0,46.6909
0,226,20,0,0,46.6878
0,227,20,0,0,46.6848
0,228,20,0,0,46.6818
0,229,20,0,0,46.6788
0,230,20,0,0,46.6759
0,231,20,0,0,46.673
0,232,20,0,0,46.6701
0,233,20,0,0,46.6672
0,234,20,0,0,46.6643
0,235,20,0,0,46.6615
0,236,20,0,0,46.6587
0,237,20,0,0,46.656
0,238,20,0,0,46.6532
0,239,20,0,0,46.6506
0,240,20,0,0,46.648
0,241,20,0,0,46.6454
0,242,20,0,0,46.643
0,243,20,0,0,46.6406
0,244,20,0,0,46.6383
0,245,20,0,0,46.6361
0,246,20,0,0,46.6341
0,247,20,0,0,46.6322
0,248,20,0,0,46.6304
0,249,20,0,0,46.6288
0,250,20,0,0,46.6274
0,251,20,0,0,46.6261
0,252,20,0,0,46.625
0,253,20,0,0,46.6242
0,254,20,0,0,46.6235
0,255,20,0,0,46.6231
0,0,21,0,1.24031e-06,72.1933
0,1,21,0,0,72.1328
0,2,21,0,0,72.0427
0,3,21,0,0,71.9236
0,4,21,0,0,71.7765
0,5,21,0,0,71.6025
0,6,21,0,0,71.4027
0,7,21,0,0,71.1785
0,8,21,0,0,70.9315
0,9,21,0,0,70.6633
0,10,21,0,0,70.3754
0,11,21,0,0,70.0696
0,12,21,0,0,69.7476
0,13,21,0,0,69.4111
0,14,21,0,0,69.0617
0,15,21,0,0,68.7011
0,16,21,0,0,68.331
0,17,21,0,0,67.9527
0,18,21,0,0,67.5679
0,19,21,0,0,67.1777
0,20,21,0,0,66.7836
0,21,21,0,0,66.3868
0,22,21,0,0,65.9882
0,23,21,0,0,65.5891
0,24,21,0,0,65.1903
0,25,21,0,0,64.7926
0,26,21,0,0,64.3969
0,27,21,0,0,64.0039
0,28,21,0,0,63.6142
0,29,21,0,0,63.2282
0,30,21,0,0,62.8466
0,31,21,0,0,62.4698
0,32,21,0,1.24031e-06,62.0981
0,33,21,0,0,61.7318
0,34,21,0,0,61.3712
0,35,21,0,0,61.0165
0,36,21,0,0,60.668
0,37,21,0,0,60.3258
0,38,21,0,0,59.99
0,39,21,0,0,59.6607
0,40,21,0,0,59.3379
0,41,21,0,0,59.0217
0,42,21,0,0,58.7122
0,43,21,0,0,58.4092
0,44,21,0,0,58.1129
0,45,21,0,0,57.823
0,46,21,0,0,57.5396
0,47,21,0,0,57.2627
0,48,21,0,0,56.992
0,49,21,0,0,56.7277
0,50,21,0,0,56.4695
0,51,21,0,0,56.2173
0,52,21,0,0,55.9712
0,53,21,0,0,55.7309
0,54,21,0,0,55.4963
0,55,21,0,0,55.2674
0,56,21,0,0,55.0441
0,57,21,0,0,54.8261
0,58,21,0,0,54.6135
0,59,21,0,0,54.4061
0,60,21,0,0,54.2037
0,61,21,0,0,54.0064
0,62,21,0,0,53.8139
0,63,21,0,0,53.6261
0,64,21,0,1.24031e-06,53.443
0,65,21,0,0,53.2644
0,66,21,0,0,53.0901
0,67,21,0,0,52.9202
0,68,21,0,0,52.7546
0,69,21,0,0,52.593
0,70,21,0,0,52.4355
0,71,21,0,0,52.2819
0,72,21,0,0,52.1321
0,73,21,0,0,51.986
0,74,21,0,0,51.8436
0,75,21,0,0,51.7048
0,76,21,0,0,51.5693
0,77,21,0,0,51.4373
0,78,21,0,0,51.3085
0,79,21,0,0,51.1829
0,80,21,0,0,51.0605
0,81,21,0,0,50.9411
0,82,21,0,0,50.8246
0,83,21,0,0,50.7111
0,84,21,0,0,50.6003
0,85,21,0,0,50.4923
0,86,21,0,0,50.387
0,87,21,0,0,50.2843
0,88,21,0,0,50.1842
0,89,21,0,0,50.0866
0,90,21,0,0,49.9914
0,91,21,0,0,49.8987
0,92,21,0,0,49.8082
0,93,21,0,0,49.7201
0,94,21,0,0,49.6342
0,95,21,0,0,49.5505
0,96,21,0,1.24031e-06,49.4689
0,97,21,0,0,49.3894
0,98,21,0,0,49.3119
0,99,21,0,0,49.2365
0,100,21,0,0,49.163
0,101,21,0,0,49.0915
0,102,21,0,0,49.0219
0,103,21,0,0,48.9541
0,104,21,0,0,48.8881
0,105,21,0,0,48.824
0,106,21,0,0,48.7615
0,107,21,0,0,48.7008
0,108,21,0,0,48.6417
0,109,21,0,0,48.5843
0,110,21,0,0,48.5284
0,111,21,0,0,48.474
0,112,21,0,0,48.4212
0,113,21,0,0,48.3698
0,114,21,0,0,48.3199
0,115,21,0,0,48.2713
0,116,21,0,0,48.224
0,117,21,0,0,48.1781
0,118,21,0,0,48.1334
0,119,21,0,0,48.09
0,120,21,0,0,48.0477
0,121,21,0,0,48.0067
0,122,21,0,0,47.9667
0,123,21,0,0,47.9278
0,124,21,0,0,47.89
0,125,21,0,0,47.8533
0,126,21,0,0,47.8175
0,127,21,0,0,47.7827
0,128,21,0,1.24031e-06,47.7488
0,129,21,0,0,47.7157
0,130,21,0,0,47.6835
0,131,21,0,0,47.6522
0,132,21,0,0,47.6217
0,133,21,0,0,47.592
0,134,21,0,0,47.5631
0,135,21,0,0,47.5349
0,136,21,0,0,47.5074
0,137,21,0,0,47.4807
0,138,21,0,0,47.4546
0,139,21,0,0,47.4292
0,140,21,0,0,47.4045
0,141,21,0,0,47.3804
0,142,21,0,0,47.3569
0,143,21,0,0,47.334
0,144,21,0,0,47.3116
0,145,21,0,0,47.2898
0,146,21,0,0,47.2686
0,147,21,0,0,47.2479
0,148,21,0,0,47.2277
0,149,21,0,0,47.2081
0,150,21,0,0,47.1889
0,151,21,0,0,47.1702
0,152,21,0,0,47.152
0,153,21,0,0,47.1342
0,154,21,0,0,47.1169
0,155,21,0,0,47.1
0,156,21,0,0,47.0835
0,157,21,0,0,47.0675
0,158,21,0,0,47.0518
0,159,21,0,0,47.0366
0,160,21,0,1.24031e-06,47.0217
0,161,21,0,0,47.0071
0,162,21,0,0,46.9928
0,163,21,0,0,46.9789
0,164,21,0,0,46.9654
0,165,21,0,0,46.9521
0,166,21,0,0,46.9392
0,167,21,0,0,46.9266
0,168,21,0,0,46.9143
0,169,21,0,0,46.9023
0,170,21,0,0,46.8905
0,171,21,0,0,46.8791
0,172,21,0,0,46.8679
0,173,21,0,0,46.8569
0,174,21,0,0,46.8462
0,175,21,0,0,46.8358
0,176,21,0,0,46.8256
0,177,21,0,0,46.8156
0,178,21,0,0,46.8058
0,179,21,0,0,46.7963
0,180,21,0,0,46.787
0,181,21,0,0,46.7779
0,182,21,0,0,46.769
0,183,21,0,0,46.7603
0,184,21,0,0,46.7518
0,185,21,0,0,46.7436
0,186,21,0,0,46.7355
0,187,21,0,0,46.7276
0,188,21,0,0,46.72
0,189,21,0,0,46.7125
0,190,21,0,0,46.7052
0,191,21,0,0,46.6982
0,192,21,0,1.24031e-06,46.6913
0,193,21,0,0,46.6846
0,194,21,0,0,46.678
0,195,21,0,0,46.6716
0,196,21,0,0,46.6654
0,197,21,0,0,46.6595
0,198,21,0,0,46.6537
0,199,21,0,0,46.6481
0,200,21,0,0,46.6426
0,201,21,0,0,46.6374
0,202,21,0,0,46.6323
0,203,21,0,0,46.6273
0,204,21,0,0,46.6226
0,205,21,0,0,46.618
0,206,21,0,0,46.6135
0,207,21,0,0,46.6091
0,208,21,0,0,46.6049
0,209,21,0,0,46.6008
0,210,21,0,0,46.5968
0,211,21,0,0,46.5929
0,212,21,0,0,46.5891
0,213,21,0,0,46.5854
0,214,21,0,0,46.5818
0,215,21,0,0,46.5782
0,216,21,0,0,46.5748
0,217,21,0,0,46.5713
0,218,21,0,0,46.568
0,219,21,0,0,46.5647
0,220,21,0,0,46.5615
0,221,21,0,0,46.5583
0,222,21,0,0,46.5552
0,223,21,0,0,46.5521
0,224,21,0,1.24031e-06,46.549
0,225,21,0,0,46.5459
0,226,21,0,0,46.5429
0,227,21,0,0,46.5398
0,228,21,0,0,46.5368
0,229,21,0,0,46.5339
0,230,21,0,0,46.5309
0,231,21,0,0,46.528
0,232,21,0,0,46.5251
0,233,21,0,0,46.5223
0,234,21,0,0,46.5195
0,235,21,0,0,46.5168
0,236,21,0,0,46.514
0,237,21,0,0,46.5114
0,238,21,0,0,46.5088
0,239,21,0,0,46.5062
0,240,21,0,0,46.5037
0,241,21,0,0,46.5013
0,242,21,0,0,46.499
0,243,21,0,0,46.4967
0,244,21,0,0,46.4946
0,245,21,0,0,46.4925
0,246,21,0,0,46.4906
0,247,21,0,0,46.4889
0,248,21,0,0,46.4872
0,249,21,0,0,46.4857
0,250,21,0,0,46.4844
0,251,21,0,0,46.4832
0,252,21,0,0,46.4823
0,253,21,0,0,46.4815
0,254,21,0,0,46.4809
0,255,21,0,0,46.4805
0,0,22,0,1.24031e-06,70.7329
0,1,22,0,0,70.6788
0,2,22,0,0,70.5982
0,3,22,0,0,70.4917
0,4,22,0,0,70.36
0,5,22,0,0,70.204
0,6,22,0,0,70.0247
0,7,22,0,0,69.8233
0,8,22,0,0,69.6011
0,9,22,0,0,69.3593
0,10,22,0,0,69.0995
0,11,22,0,0,68.8229
0,12,22,0,0,68.5312
0,13,22,0,0,68.2258
0,14,22,0,0,67.908
0,15,22,0,0,67.5795
0,16,22,0,0,67.2415
0,17,22,0,0,66.8955
0,18,22,0,0,66.5426
0,19,22,0,0,66.1843
0,20,22,0,0,65.8215
0,21,22,0,0,65.4555
0,22,22,0,0,65.0872
0,23,22,0,0,64.7176
0,24,22,0,0,64.3476
0,25,22,0,0,63.978
0,26,22,0,0,63.6095
0,27,22,0,0,63.2428
0,28,22,0,0,62.8786
0,29,22,0,0,62.5173
0,30,22,0,0,62.1594
0,31,22,0,0,61.8054
0,32,22,0,1.24031e-06,61.4557
0,33,22,0,0,61.1105
0,34,22,0,0,60.7701
0,35,22,0,0,60.4349
0,36,22,0,0,60.105
0,37,22,0,0,59.7807
0,38,22,0,0,59.4619
0,39,22,0,0,59.149
0,40,22,0,0,58.8419
0,41,22,0,0,58.5407
0,42,22,0,0,58.2454
0,43,22,0,0,57.9561
0,44,22,0,0,57.6728
0,45,22,0,0,57.3954
0,46,22,0,0,57.124
0,47,22,0,0,56.8584
0,48,22,0,0,56.5987
0,49,22,0,0,56.3447
0,50,22,0,0,56.0964
0,51,22,0,0,55.8538
0,52,22,0,0,55.6167
0,53,22,0,0,55.3851
0,54,22,0,0,55.1589
0,55,22,0,0,54.938
0,56,22,0,0,54.7223
0,57,22,0,0,54.5116
0,58,22,0,0,54.306
0,59,22,0,0,54.1053
0,60,22,0,0,53.9093
0,61,22,0,0,53.7181
0,62,22,0,0,53.5315
0,63,22,0,0,53.3495
0,64,22,0,1.24031e-06,53.1718
0,65,22,0,0,52.9984
0,66,22,0,0,52.8291
0,67,22,0,0,52.664
0,68,22,0,0,52.503
0,69,22,0,0,52.3459
0,70,22,0,0,52.1926
0,71,22,0,0,52.0431
0,72,22,0,0,51.8972
0,73,22,0,0,51.755
0,74,22,0,0,51.6162
0,75,22,0,0,51.4808
0,76,22,0,0,51.3488
0,77,22,0,0,51.22
0,78,22,0,0,51.0943
0,79,22,0,0,50.9718
0,80,22,0,0,50.8523
0,81,22,0,0,50.7357
0,82,22,0,0,50.622
0,83,22,0,0,50.511
0,84,22,0,0,50.4029
0,85,22,0,0,50.2973
0,86,22,0,0,50.1944
0,87,22,0,0,50.0941
0,88,22,0,0,49.9962
0,89,22,0,0,49.9007
0,90,22,0,0,49.8076
0,91,22,0,0,49.7169
0,92,22,0,0,49.6284
0,93,22,0,0,49.5422
0,94,22,0,0,49.4581
0,95,22,0,0,49.3762
0,96,22,0,1.24031e-06,49.2964
0,97,22,0,0,49.2185
0,98,22,0,0,49.1426
0,99,22,0,0,49.0686
0,100,22,0,0,48.9966
0,101,22,0,0,48.9265
0,102,22,0,0,48.8582
0,103,22,0,0,48.7918
0,104,22,0,0,48.727
0,105,22,0,0,48.6641
0,106,22,0,0,48.6027
0,107,22,0,0,48.5431
0,108,22,0,0,48.485
0,109,22,0,0,48.4285
0,110,22,0,0,48.3736
0,111,22,0,0,48.3201
0,112,22,0,0,48.2681
0,113,22,0,0,48.2175
0,114,22,0,0,48.1683
0,115,22,0,0,48.1204
0,116,22,0,0,48.0739
0,117,22,0,0,48.0286
0,118,22,0,0,47.9845
0,119,22,0,0,47.9417
0,120,22,0,0,47.9
0,121,22,0,0,47.8594
0,122,22,0,0,47.82
0,123,22,0,0,47.7816
0,124,22,0,0,47.7442
0,125,22,0,0,47.7079
0,126,22,0,0,47.6725
0,127,22,0,0,47.6381
0,128,22,0,1.24031e-06,47.6046
0,129,22,0,0,47.5719
0,130,22,0,0,47.54
0,131,22,0,0,47.509
0,132,22,0,0,47.4788
0,133,22,0,0,47.4494
0,134,22,0,0,47.4208
0,135,22,0,0,47.3929
0,136,22,0,0,47.3657
0,137,22,0,0,47.3392
0,138,22,0,0,47.3134
0,139,22,0,0,47.2882
0,140,22,0,0,47.2637
0,141,22,0,0,47.2398
0,142,22,0,0,47.2165
0,143,22,0,0,47.1938
0,144,22,0,0,47.1717
0,145,22,0,0,47.1501
0,146,22,0,0,47.1291
0,147,22,0,0,47.1086
0,148,22,0,0,47.0886
0,149,22,0,0,47.0691
0,150,22,0,0,47.0501
0,151,22,0,0,47.0316
0,152,22,0,0,47.0135
0,153,22,0,0,46.9959
0,154,22,0,0,46.9787
0,155,22,0,0,46.9619
0,156,22,0,0,46.9456
0,157,22,0,0,46.9297
0,158,22,0,0,46.9141
0,159,22,0,0,46.899
0,160,22,0,1.24031e-06,46.8842
0,161,22,0,0,46.8697
0,162,22,0,0,46.8555
0,163,22,0,0,46.8417
0,164,22,0,0,46.8282
0,165,22,0,0,46.8151
0,166,22,0,0,46.8022
0,167,22,0,0,46.7897
0,168,22,0,0,46.7774
0,169,22,0,0,46.7655
0,170,22,0,0,46.7538
0,171,22,0,0,46.7424
0,172,22,0,0,46.7313
0,173,22,0,0,46.7204
0,174,22,0,0,46.7098
0,175,22,0,0,46.6994
0,176,22,0,0,46.6892
0,177,22,0,0,46.6793
0,178,22,0,0,46.6696
0,179,22,0,0,46.6601
0,180,22,0,0,46.6509
0,181,22,0,0,46.6418
0,182,22,0,0,46.633
0,183,22,0,0,46.6244
0,184,22,0,0,46.6159
0,185,22,0,0,46.6077
0,186,22,0,0,46.5997
0,187,22,0,0,46.5919
0,188,22,0,0,46.5843
0,189,22,0,0,46.5768
0,190,22,0,0,46.5696
0,191,22,0,0,46.5626
0,192,22,0,1.24031e-06,46.5557
0,193,22,0,0,46.549
0,194,22,0,0,46.5424
0,195,22,0,0,46.5361
0,196,22,0,0,46.5299
0,197,22,0,0,46.5239
0,198,22,0,0,46.518
0,199,22,0,0,46.5124
0,200,22,0,0,46.5069
0,201,22,0,0,46.5016
0,202,22,0,0,46.4965
0,203,22,0,0,46.4915
0,204,22,0,0,46.4866
0,205,22,0,0,46.4819
0,206,22,0,0,46.4774
0,207,22,0,0,46.4729
0,208,22,0,0,46.4686
0,209,22,0,0,46.4644
0,210,22,0,0,46.4604
0,211,22,0,0,46.4564
0,212,22,0,0,46.4525
0,213,22,0,0,46.4487
0,214,22,0,0,46.445
0,215,22,0,0,46.4414
0,216,22,0,0,46.4378
0,217,22,0,0,46.4344
0,218,22,0,0,46.431
0,219,22,0,0,46.4276
0,220,22,0,0,46.4243
0,221,22,0,0,46.4211
0,222,22,0,0,46.4179
0,223,22,0,0,46.4148
0,224,22,0,1.24031e-06,46.4117
0,225,22,0,0,46.4086
0,226,22,0,0,46.4055
0,227,22,0,0,46.4025
0,228,22,0,0,46.3994
0,229,22,0,0,46.3965
0,230,22,0,0,46.3936
0,231,22,0,0,46.3907
0,232,22,0,0,46.3878
0,233,22,0,0,46.3851
0,234,22,0,0,46.3823
0,235,22,0,0,46.3796
0,236,22,0,0,46.377
0,237,22,0,0,46.3744
0,238,22,0,0,46.3718
0,239,22,0,0,46.3694
0,240,22,0,0,46.367
0,241,22,0,0,46.3647
0,242,22,0,0,46.3624
0,243,22,0,0,46.3603
0,244,22,0,0,46.3583
0,245,22,0,0,46.3564
0,246,22,0,0,46.3546
0,247,22,0,0,46.3529
0,248,22,0,0,46.3513
0,249,22,0,0,46.35
0,250,22,0,0,46.3487
0,251,22,0,0,46.3476
0,252,22,0,0,46.3467
0,253,22,0,0,46.346
0,254,22,0,0,46.3455
0,255,22,0,0,46.3451
0,0,23,0,1.24031e-06,69.3654
0,1,23,0,0,69.3169
0,2,23,0,0,69.2446
0,3,23,0,0,69.149
0,4,23,0,0,69.0307
0,5,23,0,0,68.8904
0,6,23,0,0,68.729
0,7,23,0,0,68.5476
0,8,23,0,0,68.347
0,9,23,0,0,68.1286
0,10,23,0,0,67.8935
0,11,23,0,0,67.6429
0,12,23,0,0,67.378
0,13,23,0,0,67.1003
0,14,23,0,0,66.8108
0,15,23,0,0,66.511
0,16,23,0,0,66.202
0,17,23,0,0,65.885
0,18,23,0,0,65.5612
0,19,23,0,0,65.2317
0,20,23,0,0,64.8976
0,21,23,0,0,64.5598
0,22,23,0,0,64.2193
0,23,23,0,0,63.8769
0,24,23,0,0,63.5336
0,25,23,0,0,63.19
0,26,23,0,0,62.8468
0,27,23,0,0,62.5047
0,28,23,0,0,62.1644
0,29,23,0,0,61.8262
0,30,23,0,0,61.4907
0,31,23,0,0,61.1583
0,32,23,0,1.24031e-06,60.8294
0,33,23,0,0,60.5042
0,34,23,0,0,60.1832
0,35,23,0,0,59.8666
0,36,23,0,0,59.5545
0,37,23,0,0,59.2473
0,38,23,0,0,58.945
0,39,23,0,0,58.6478
0,40,23,0,0,58.3558
0,41,23,0,0,58.0691
0,42,23,0,0,57.7877
0,43,23,0,0,57.5117
0,44,23,0,0,57.2411
0,45,23,0,0,56.9759
0,46,23,0,0,56.7161
0,47,23,0,0,56.4617
0,48,23,0,0,56.2126
0,49,23,0,0,55.9689
0,50,23,0,0,55.7304
0,51,23,0,0,55.4972
0,52,23,0,0,55.2691
0,53,23,0,0,55.0461
0,54,23,0,0,54.8281
0,55,23,0,0,54.615
0,56,23,0,0,54.4069
0,57,23,0,0,54.2035
0,58,23,0,0,54.0048
0,59,23,0,0,53.8107
0,60,23,0,0,53.6212
0,61,23,0,0,53.4361
0,62,23,0,0,53.2554
0,63,23,0,0,53.079
0,64,23,0,1.24031e-06,52.9068
0,65,23,0,0,52.7385
0,66,23,0,0,52.5743
0,67,23,0,0,52.414
0,68,23,0,0,52.2575
0,69,23,0,0,52.1049
0,70,23,0,0,51.9559
0,71,23,0,0,51.8104
0,72,23,0,0,51.6685
0,73,23,0,0,51.5301
0,74,23,0,0,51.395
0,75,23,0,0,51.2631
0,76,23,0,0,51.1345
0,77,23,0,0,51.0089
0,78,23,0,0,50.8865
0,79,23,0,0,50.767
0,80,23,0,0,50.6504
0,81,23,0,0,50.5366
0,82,23,0,0,50.4257
0,83,23,0,0,50.3174
0,84,23,0,0,50.2118
0,85,23,0,0,50.1087
0,86,23,0,0,50.0082
0,87,23,0,0,49.9102
0,88,23,0,0,49.8145
0,89,23,0,0,49.7213
0,90,23,0,0,49.6303
0,91,23,0,0,49.5416
0,92,23,0,0,49.4551
0,93,23,0,0,49.3707
0,94,23,0,0,49.2885
0,95,23,0,0,49.2083
0,96,23,0,1.24031e-06,49.1302
0,97,23,0,0,49.0539
0,98,23,0,0,48.9796
0,99,23,0,0,48.9072
0,100,23,0,0,48.8367
0,101,23,0,0,48.768
0,102,23,0,0,48.7011
0,103,23,0,0,48.6359
0,104,23,0,0,48.5724
0,105,23,0,0,48.5106
0,106,23,0,0,48.4504
0,107,23,0,0,48.3919
0,108,23,0,0,48.3348
0,109,23,0,0,48.2794
0,110,23,0,0,48.2253
0,111,23,0,0,48.1728
0,112,23,0,0,48.1216
0,113,23,0,0,48.0719
0,114,23,0,0,48.0234
0,115,23,0,0,47.9763
0,116,23,0,0,47.9304
0,117,23,0,0,47.8858
0,118,23,0,0,47.8424
0,119,23,0,0,47.8001
0,120,23,0,0,47.759
0,121,23,0,0,47.719
0,122,23,0,0,47.6801
0,123,23,0,0,47.6422
0,124,23,0,0,47.6053
0,125,23,0,0,47.5694
0,126,23,0,0,47.5345
0,127,23,0,0,47.5005
0,128,23,0,1.24031e-06,47.4674
0,129,23,0,0,47.435
0,130,23,0,0,47.4035
0,131,23,0,0,47.3729
0,132,23,0,0,47.343
0,133,23,0,0,47.3139
0,134,23,0,0,47.2856
0,135,23,0,0,47.258
0,136,23,0,0,47.231
0,137,23,0,0,47.2048
0,138,23,0,0,47.1793
0,139,23,0,0,47.1544
0,140,23,0,0,47.1301
0,141,23,0,0,47.1065
0,142,23,0,0,47.0834
0,143,23,0,0,47.0609
0,144,23,0,0,47.039
0,145,23,0,0,47.0176
0,146,23,0,0,46.9968
0,147,23,0,0,46.9765
0,148,23,0,0,46.9567
0,149,23,0,0,46.9374
0,150,23,0,0,46.9185
0,151,23,0,0,46.9001
0,152,23,0,0,46.8822
0,153,23,0,0,46.8648
0,154,23,0,0,46.8477
0,155,23,0,0,46.8311
0,156,23,0,0,46.8149
0,157,23,0,0,46.7991
0,158,23,0,0,46.7837
0,159,23,0,0,46.7687
0,160,23,0,1.24031e-06,46.754
0,161,23,0,0,46.7396
0,162,23,0,0,46.7255
0,163,23,0,0,46.7118
0,164,23,0,0,46.6984
0,165,23,0,0,46.6853
0,166,23,0,0,46.6726
0,167,23,0,0,46.6601
0,168,23,0,0,46.6479
0,169,23,0,0,46.6361
0,170,23,0,0,46.6245
0,171,23,0,0,46.6131
0,172,23,0,0,46.602
0,173,23,0,0,46.5912
0,174,23,0,0,46.5807
0,175,23,0,0,46.5703
0,176,23,0,0,46.5602
0,177,23,0,0,46.5504
0,178,23,0,0,46.5407
0,179,23,0,0,46.5313
0,180,23,0,0,46.5221
0,181,23,0,0,46.5131
0,182,23,0,0,46.5043
0,183,23,0,0,46.4958
0,184,23,0,0,46.4874
0,185,23,0,0,46.4792
0,186,23,0,0,46.4712
0,187,23,0,0,46.4635
0,188,23,0,0,46.4559
0,189,23,0,0,46.4485
0,190,23,0,0,46.4413
0,191,23,0,0,46.4343
0,192,23,0,1.24031e-06,46.4275
0,193,23,0,0,46.4207
0,194,23,0,0,46.4142
0,195,23,0,0,46.4078
0,196,23,0,0,46.4016
0,197,23,0,0,46.3956
0,198,23,0,0,46.3897
0,199,23,0,0,46.384
0,200,23,0,0,46.3785
0,201,23,0,0,46.3732
0,202,23,0,0,46.368
0,203,23,0,0,46.3629
0,204,23,0,0,46.358
0,205,23,0,0,46.3532
0,206,23,0,0,46.3486
0,207,23,0,0,46.3441
0,208,23,0,0,46.3397
0,209,23,0,0,46.3355
0,210,23,0,0,46.3313
0,211,23,0,0,46.3272
0,212,23,0,0,46.3233
0,213,23,0,0,46.3194
0,214,23,0,0,46.3156
0,215,23,0,0,46.312
0,216,23,0,0,46.3083
0,217,23,0,0,46.3048
0,218,23,0,0,46.3013
0,219,23,0,0,46.2979
0,220,23,0,0,46.2946
0,221,23,0,0,46.2913
0,222,23,0,0,46.2881
0,223,23,0,0,46.2849
0,224,23,0,1.24031e-06,46.2818
0,225,23,0,0,46.2787
0,226,23,0,0,46.2756
0,227,23,0,0,46.2725
0,228,23,0,0,46.2695
0,229,23,0,0,46.2665
0,230,23,0,0,46.2636
0,231,23,0,0,46.2608
0,232,23,0,0,46.258
0,233,23,0,0,46.2552
0,234,23,0,0,46.2525
0,235,23,0,0,46.2498
0,236,23,0,0,46.2472
0,237,23,0,0,46.2447
0,238,23,0,0,46.2423
0,239,23,0,0,46.2399
0,240,23,0,0,46.2375
0,241,23,0,0,46.2353
0,242,23,0,0,46.2332
0,243,23,0,0,46.2311
0,244,23,0,0,46.2292
0,245,23,0,0,46.2274
0,246,23,0,0,46.2257
0,247,23,0,0,46.2241
0,248,23,0,0,46.2226
0,249,23,0,0,46.2213
0,250,23,0,0,46.2202
0,251,23,0,0,46.2192
0,252,23,0,0,46.2183
0,253,23,0,0,46.2176
0,254,23,0,0,46.2171
0,255,23,0,0,46.2168
0,0,24,0,1.24031e-06,68.0834
0,1,24,0,0,68.0398
0,2,24,0,0,67.9747
0,3,24,0,0,67.8886
0,4,24,0,0,67.782
0,5,24,0,0,67.6555
0,6,24,0,0,67.5098
0,7,24,0,0,67.3458
0,8,24,0,0,67.1645
0,9,24,0,0,66.9666
0,10,24,0,0,66.7534
0,11,24,0,0,66.5257
0,12,24,0,0,66.2848
0,13,24,0,0,66.0318
0,14,24,0,0,65.7677
0,15,24,0,0,65.4937
0,16,24,0,0,65.2108
0,17,24,0,0,64.9201
0,18,24,0,0,64.6226
0,19,24,0,0,64.3194
0,20,24,0,0,64.0113
0,21,24,0,0,63.6994
0,22,24,0,0,63.3844
0,23,24,0,0,63.0671
0,24,24,0,0,62.7484
0,25,24,0,0,62.4289
0,26,24,0,0,62.1093
0,27,24,0,0,61.7902
0,28,24,0,0,61.4722
0,29,24,0,0,61.1557
0,30,24,0,0,60.8412
0,31,24,0,0,60.5292
0,32,24,0,1.24031e-06,60.22
0,33,24,0,0,59.9138
0,34,24,0,0,59.6112
0,35,24,0,0,59.3122
0,36,24,0,0,59.0172
0,37,24,0,0,58.7264
0,38,24,0,0,58.4399
0,39,24,0,0,58.1578
0,40,24,0,0,57.8804
0,41,24,0,0,57.6077
0,42,24,0,0,57.3397
0,43,24,0,0,57.0766
0,44,24,0,0,56.8183
0,45,24,0,0,56.565
0,46,24,0,0,56.3165
0,47,24,0,0,56.073
0,48,24,0,0,55.8344
0,49,24,0,0,55.6007
0,50,24,0,0,55.3718
0,51,24,0,0,55.1478
0,52,24,0,0,54.9285
0,53,24,0,0,54.714
0,54,24,0,0,54.5041
0,55,24,0,0,54.2989
0,56,24,0,0,54.0982
0,57,24,0,0,53.9019
0,58,24,0,0,53.7101
0,59,24,0,0,53.5227
0,60,24,0,0,53.3395
0,61,24,0,0,53.1605
0,62,24,0,0,52.9856
0,63,24,0,0,52.8148
0,64,24,0,1.24031e-06,52.648
0,65,24,0,0,52.4849
0,66,24,0,0,52.3257
0,67,24,0,0,52.1702
0,68,24,0,0,52.0183
0,69,24,0,0,51.8701
0,70,24,0,0,51.7253
0,71,24,0,0,51.584
0,72,24,0,0,51.4461
0,73,24,0,0,51.3114
0,74,24,0,0,51.18
0,75,24,0,0,51.0517
0,76,24,0,0,50.9264
0,77,24,0,0,50.8042
0,78,24,0,0,50.6849
0,79,24,0,0,50.5684
0,80,24,0,0,50.4548
0,81,24,0,0,50.3439
0,82,24,0,0,50.2357
0,83,24,0,0,50.1301
0,84,24,0,0,50.027
0,85,24,0,0,49.9265
0,86,24,0,0,49.8283
0,87,24,0,0,49.7326
0,88,24,0,0,49.6392
0,89,24,0,0,49.5481
0,90,24,0,0,49.4592
0,91,24,0,0,49.3726
0,92,24,0,0,49.288
0,93,24,0,0,49.2056
0,94,24,0,0,49.1252
0,95,24,0,0,49.0468
0,96,24,0,1.24031e-06,48.9704
0,97,24,0,0,48.8958
0,98,24,0,0,48.8231
0,99,24,0,0,48.7522
0,100,24,0,0,48.6831
0,101,24,0,0,48.6158
0,102,24,0,0,48.5503
0,103,24,0,0,48.4864
0,104,24,0,0,48.4242
0,105,24,0,0,48.3636
0,106,24,0,0,48.3045
0,107,24,0,0,48.2471
0,108,24,0,0,48.1911
0,109,24,0,0,48.1366
0,110,24,0,0,48.0836
0,111,24,0,0,48.0319
0,112,24,0,0,47.9816
0,113,24,0,0,47.9327
0,114,24,0,0,47.8851
0,115,24,0,0,47.8387
0,116,24,0,0,47.7936
0,117,24,0,0,47.7496
0,118,24,0,0,47.7069
0,119,24,0,0,47.6652
0,120,24,0,0,47.6247
0,121,24,0,0,47.5853
0,122,24,0,0,47.5469
0,123,24,0,0,47.5095
0,124,24,0,0,47.4731
0,125,24,0,0,47.4377
0,126,24,0,0,47.4032
0,127,24,0,0,47.3696
0,128,24,0,1.24031e-06,47.3369
0,129,24,0,0,47.305
0,130,24,0,0,47.2739
0,131,24,0,0,47.2436
0,132,24,0,0,47.2141
0,133,24,0,0,47.1853
0,134,24,0,0,47.1573
0,135,24,0,0,47.13
0,136,24,0,0,47.1034
0,137,24,0,0,47.0774
0,138,24,0,0,47.0522
0,139,24,0,0,47.0275
0,140,24,0,0,47.0035
0,141,24,0,0,46.9801
0,142,24,0,0,46.9573
0,143,24,0,0,46.935
0,144,24,0,0,46.9133
0,145,24,0,0,46.8922
0,146,24,0,0,46.8715
0,147,24,0,0,46.8514
0,148,24,0,0,46.8318
0,149,24,0,0,46.8127
0,150,24,0,0,46.794
0,151,24,0,0,46.7758
0,152,24,0,0,46.7581
0,153,24,0,0,46.7408
0,154,24,0,0,46.7239
0,155,24,0,0,46.7074
0,156,24,0,0,46.6913
0,157,24,0,0,46.6757
0,158,24,0,0,46.6604
0,159,24,0,0,46.6455
0,160,24,0,1.24031e-06,46.6309
0,161,24,0,0,46.6166
0,162,24,0,0,46.6026
0,163,24,0,0,46.589
0,164,24,0,0,46.5757
0,165,24,0,0,46.5627
0,166,24,0,0,46.5501
0,167,24,0,0,46.5377
0,168,24,0,0,46.5256
0,169,24,0,0,46.5138
0,170,24,0,0,46.5023
0,171,24,0,0,46.491
0,172,24,0,0,46.48
0,173,24,0,0,46.4692
0,174,24,0,0,46.4587
0,175,24,0,0,46.4485
0,176,24,0,0,46.4384
0,177,24,0,0,46.4286
0,178,24,0,0,46.419
0,179,24,0,0,46.4097
0,180,24,0,0,46.4005
0,181,24,0,0,46.3916
0,182,24,0,0,46.3829
0,183,24,0,0,46.3743
0,184,24,0,0,46.366
0,185,24,0,0,46.3579
0,186,24,0,0,46.3499
0,187,24,0,0,46.3422
0,188,24,0,0,46.3346
0,189,24,0,0,46.3273
0,190,24,0,0,46.3201
0,191,24,0,0,46.3131
0,192,24,0,1.24031e-06,46.3063
0,193,24,0,0,46.2996
0,194,24,0,0,46.293
0,195,24,0,0,46.2866
0,196,24,0,0,46.2804
0,197,24,0,0,46.2744
0,198,24,0,0,46.2685
0,199,24,0,0,46.2628
0,200,24,0,0,46.2572
0,201,24,0,0,46.2518
0,202,24,0,0,46.2466
0,203,24,0,0,46.2415
0,204,24,0,0,46.2365
0,205,24,0,0,46.2317
0,206,24,0,0,46.227
0,207,24,0,0,46.2224
0,208,24,0,0,46.218
0,209,24,0,0,46.2136
0,210,24,0,0,46.2094
0,211,24,0,0,46.2053
0,212,24,0,0,46.2013
0,213,24,0,0,46.1973
0,214,24,0,0,46.1935
0,215,24,0,0,46.1897
0,216,24,0,0,46.1861
0,217,24,0,0,46.1825
0,218,24,0,0,46.1789
0,219,24,0,0,46.1755
0,220,24,0,0,46.1721
0,221,24,0,0,46.1688
0,222,24,0,0,46.1655
0,223,24,0,0,46.1623
0,224,24,0,1.24031e-06,46.1592
0,225,24,0,0,46.156
0,226,24,0,0,46.1529
0,227,24,0,0,46.1498
0,228,24,0,0,46.1468
0,229,24,0,0,46.1438
0,230,24,0,0,46.1409
0,231,24,0,0,46.1381
0,232,24,0,0,46.1353
0,233,24,0,0,46.1325
0,234,24,0,0,46.1299
0,235,24,0,0,46.1273
0,236,24,0,0,46.1247
0,237,24,0,0,46.1222
0,238,24,0,0,46.1198
0,239,24,0,0,46.1175
0,240,24,0,0,46.1152
0,241,24,0,0,46.1131
0,242,24,0,0,46.111
0,243,24,0,0,46.1091
0,244,24,0,0,46.1072
0,245,24,0,0,46.1054
0,246,24,0,0,46.1038
0,247,24,0,0,46.1023
0,248,24,0,0,46.1009
0,249,24,0,0,46.0997
0,250,24,0,0,46.0986
0,251,24,0,0,46.0976
0,252,24,0,0,46.0968
0,253,24,0,0,46.0962
0,254,24,0,0,46.0957
0,255,24,0,0,46.0953
0,0,25,0,1.24031e-06,66.8802
0,1,25,0,0,66.8408
0,2,25,0,0,66.782
0,3,25,0,0,66.7043
0,4,25,0,0,66.6079
0,5,25,0,0,66.4935
0,6,25,0,0,66.3617
0,7,25,0,0,66.2132
0,8,25,0,0,66.0487
0,9,25,0,0,65.8691
0,10,25,0,0,65.6753
0,11,25,0,0,65.4681
0,12,25,0,0,65.2486
0,13,25,0,0,65.0177
0,14,25,0,0,64.7763
0,15,25,0,0,64.5255
0,16,25,0,0,64.2661
0,17,25,0,0,63.9992
0,18,25,0,0,63.7256
0,19,25,0,0,63.4463
0,20,25,0,0,63.1621
0,21,25,0,0,62.8738
0,22,25,0,0,62.5822
0,23,25,0,0,62.2881
0,24,25,0,0,61.9921
0,25,25,0,0,61.695
0,26,25,0,0,61.3973
0,27,25,0,0,61.0995
0,28,25,0,0,60.8024
0,29,25,0,0,60.5062
0,30,25,0,0,60.2115
0,31,25,0,0,59.9186
0,32,25,0,1.24031e-06,59.628
0,33,25,0,0,59.3399
0,34,25,0,0,59.0546
0,35,25,0,0,58.7725
0,36,25,0,0,58.4937
0,37,25,0,0,58.2186
0,38,25,0,0,57.9472
0,39,25,0,0,57.6797
0,40,25,0,0,57.4162
0,41,25,0,0,57.157
0,42,25,0,0,56.902
0,43,25,0,0,56.6513
0,44,25,0,0,56.405
0,45,25,0,0,56.1631
0,46,25,0,0,55.9258
0,47,25,0,0,55.6929
0,48,25,0,0,55.4644
0,49,25,0,0,55.2405
0,50,25,0,0,55.021
0,51,25,0,0,54.806
0,52,25,0,0,54.5954
0,53,25,0,0,54.3892
0,54,25,0,0,54.1873
0,55,25,0,0,53.9897
0,56,25,0,0,53.7964
0,57,25,0,0,53.6072
0,58,25,0,0,53.4222
0,59,25,0,0,53.2413
0,60,25,0,0,53.0644
0,61,25,0,0,52.8914
0,62,25,0,0,52.7224
0,63,25,0,0,52.5571
0,64,25,0,1.24031e-06,52.3956
0,65,25,0,0,52.2377
0,66,25,0,0,52.0834
0,67,25,0,0,51.9327
0,68,25,0,0,51.7855
0,69,25,0,0,51.6416
0,70,25,0,0,51.5011
0,71,25,0,0,51.3639
0,72,25,0,0,51.2299
0,73,25,0,0,51.099
0,74,25,0,0,50.9712
0,75,25,0,0,50.8465
0,76,25,0,0,50.7246
0,77,25,0,0,50.6057
0,78,25,0,0,50.4895
0,79,25,0,0,50.3761
0,80,25,0,0,50.2655
0,81,25,0,0,50.1574
0,82,25,0,0,50.0519
0,83,25,0,0,49.949
0,84,25,0,0,49.8485
0,85,25,0,0,49.7504
0,86,25,0,0,49.6547
0,87,25,0,0,49.5613
0,88,25,0,0,49.4702
0,89,25,0,0,49.3813
0,90,25,0,0,49.2945
0,91,25,0,0,49.2098
0,92,25,0,0,49.1273
0,93,25,0,0,49.0467
0,94,25,0,0,48.9681
0,95,25,0,0,48.8915
0,96,25,0,1.24031e-06,48.8168
0,97,25,0,0,48.7439
0,98,25,0,0,48.6727
0,99,25,0,0,48.6034
0,100,25,0,0,48.5358
0,101,25,0,0,48.4699
0,102,25,0,0,48.4057
0,103,25,0,0,48.3432
0,104,25,0,0,48.2822
0,105,25,0,0,48.2228
0,106,25,0,0,48.1649
0,107,25,0,0,48.1086
0,108,25,0,0,48.0537
0,109,25,0,0,48.0002
0,110,25,0,0,47.9481
0,111,25,0,0,47.8974
0,112,25,0,0,47.848
0,113,25,0,0,47.7999
0,114,25,0,0,47.7531
0,115,25,0,0,47.7075
0,116,25,0,0,47.6631
0,117,25,0,0,47.6199
0,118,25,0,0,47.5778
0,119,25,0,0,47.5369
0,120,25,0,0,47.497
0,121,25,0,0,47.4581
0,122,25,0,0,47.4203
0,123,25,0,0,47.3834
0,124,25,0,0,47.3476
0,125,25,0,0,47.3126
0,126,25,0,0,47.2786
0,127,25,0,0,47.2455
0,128,25,0,1.24031e-06,47.2132
0,129,25,0,0,47.1817
0,130,25,0,0,47.151
0,131,25,0,0,47.121
0,132,25,0,0,47.0919
0,133,25,0,0,47.0635
0,134,25,0,0,47.0358
0,135,25,0,0,47.0088
0,136,25,0,0,46.9825
0,137,25,0,0,46.9568
0,138,25,0,0,46.9319
0,139,25,0,0,46.9075
0,140,25,0,0,46.8837
0,141,25,0,0,46.8606
0,142,25,0,0,46.838
0,143,25,0,0,46.816
0,144,25,0,0,46.7945
0,145,25,0,0,46.7736
0,146,25,0,0,46.7532
0,147,25,0,0,46.7333
0,148,25,0,0,46.7138
0,149,25,0,0,46.6949
0,150,25,0,0,46.6764
0,151,25,0,0,46.6584
0,152,25,0,0,46.6408
0,153,25,0,0,46.6237
0,154,25,0,0,46.6069
0,155,25,0,0,46.5906
0,156,25,0,0,46.5747
0,157,25,0,0,46.5592
0,158,25,0,0,46.544
0,159,25,0,0,46.5292
0,160,25,0,1.24031e-06,46.5148
0,161,25,0,0,46.5006
0,162,25,0,0,46.4867
0,163,25,0,0,46.4732
0,164,25,0,0,46.46
0,165,25,0,0,46.4471
0,166,25,0,0,46.4346
0,167,25,0,0,46.4223
0,168,25,0,0,46.4103
0,169,25,0,0,46.3985
0,170,25,0,0,46.3871
0,171,25,0,0,46.3759
0,172,25,0,0,46.3649
0,173,25,0,0,46.3543
0,174,25,0,0,46.3438
0,175,25,0,0,46.3336
0,176,25,0,0,46.3236
0,177,25,0,0,46.3139
0,178,25,0,0,46.3044
0,179,25,0,0,46.2951
0,180,25,0,0,46.286
0,181,25,0,0,46.2771
0,182,25,0,0,46.2684
0,183,25,0,0,46.2599
0,184,25,0,0,46.2516
0,185,25,0,0,46.2435
0,186,25,0,0,46.2356
0,187,25,0,0,46.2279
0,188,25,0,0,46.2204
0,189,25,0,0,46.213
0,190,25,0,0,46.2059
0,191,25,0,0,46.1989
0,192,25,0,1.24031e-06,46.1921
0,193,25,0,0,46.1854
0,194,25,0,0,46.1788
0,195,25,0,0,46.1724
0,196,25,0,0,46.1662
0,197,25,0,0,46.1602
0,198,25,0,0,46.1543
0,199,25,0,0,46.1485
0,200,25,0,0,46.1429
0,201,25,0,0,46.1375
0,202,25,0,0,46.1322
0,203,25,0,0,46.1271
0,204,25,0,0,46.1221
0,205,25,0,0,46.1172
0,206,25,0,0,46.1124
0,207,25,0,0,46.1078
0,208,25,0,0,46.1033
0,209,25,0,0,46.0989
0,210,25,0,0,46.0946
0,211,25,0,0,46.0904
0,212,25,0,0,46.0863
0,213,25,0,0,46.0823
0,214,25,0,0,46.0784
0,215,25,0,0,46.0746
0,216,25,0,0,46.0708
0,217,25,0,0,46.0672
0,218,25,0,0,46.0636
0,219,25,0,0,46.0601
0,220,25,0,0,46.0567
0,221,25,0,0,46.0533
0,222,25,0,0,46.05
0,223,25,0,0,46.0468
0,224,25,0,1.24031e-06,46.0436
0,225,25,0,0,46.0404
0,226,25,0,0,46.0373
0,227,25,0,0,46.0342
0,228,25,0,0,46.0312
0,229,25,0,0,46.0282
0,230,25,0,0,46.0253
0,231,25,0,0,46.0224
0,232,25,0,0,46.0197
0,233,25,0,0,46.0169
0,234,25,0,0,46.0143
0,235,25,0,0,46.0117
0,236,25,0,0,46.0092
0,237,25,0,0,46.0067
0,238,25,0,0,46.0044
0,239,25,0,0,46.0021
0,240,25,0,0,45.9999
0,241,25,0,0,45.9978
0,242,25,0,0,45.9958
0,243,25,0,0,45.9939
0,244,25,0,0,45.9921
0,245,25,0,0,45.9904
0,246,25,0,0,45.9888
0,247,25,0,0,45.9874
0,248,25,0,0,45.986
0,249,25,0,0,45.9848
0,250,25,0,0,45.9838
0,251,25,0,0,45.9829
0,252,25,0,0,45.9821
0,253,25,0,0,45.9815
0,254,25,0,0,45.981
0,255,25,0,0,45.9807
0,0,26,0,1.24031e-06,65.7498
0,1,26,0,0,65.7141
0,2,26,0,0,65.661
0,3,26,0,0,65.5905
0,4,26,0,0,65.5033
0,5,26,0,0,65.3995
0,6,26,0,0,65.28
0,7,26,0,0,65.1451
0,8,26,0,0,64.9956
0,9,26,0,0,64.8322
0,10,26,0,0,64.6557
0,11,26,0,0,64.4668
0,12,26,0,0,64.2664
0,13,26,0,0,64.0553
0,14,26,0,0,63.8343
0,15,26,0,0,63.6044
0,16,26,0,0,63.3663
0,17,26,0,0,63.1209
0,18,26,0,0,62.8691
0,19,26,0,0,62.6115
0,20,26,0,0,62.3491
0,21,26,0,0,62.0825
0,22,26,0,0,61.8124
0,23,26,0,0,61.5396
0,24,26,0,0,61.2646
0,25,26,0,0,60.9881
0,26,26,0,0,60.7107
0,27,26,0,0,60.4329
0,28,26,0,0,60.1552
0,29,26,0,0,59.878
0,30,26,0,0,59.6019
0,31,26,0,0,59.3271
0,32,26,0,1.24031e-06,59.054
0,33,26,0,0,58.7828
0,34,26,0,0,58.5141
0,35,26,0,0,58.2479
0,36,26,0,0,57.9846
0,37,26,0,0,57.7244
0,38,26,0,0,57.4674
0,39,26,0,0,57.2138
0,40,26,0,0,56.9638
0,41,26,0,0,56.7175
0,42,26,0,0,56.475
0,43,26,0,0,56.2363
0,44,26,0,0,56.0016
0,45,26,0,0,55.7709
0,46,26,0,0,55.5442
0,47,26,0,0,55.3216
0,48,26,0,0,55.1031
0,49,26,0,0,54.8887
0,50,26,0,0,54.6784
0,51,26,0,0,54.4722
0,52,26,0,0,54.2701
0,53,26,0,0,54.072
0,54,26,0,0,53.8779
0,55,26,0,0,53.6879
0,56,26,0,0,53.5018
0,57,26,0,0,53.3196
0,58,26,0,0,53.1413
0,59,26,0,0,52.9668
0,60,26,0,0,52.7961
0,61,26,0,0,52.6291
0,62,26,0,0,52.4657
0,63,26,0,0,52.306
0,64,26,0,1.24031e-06,52.1498
0,65,26,0,0,51.997
0,66,26,0,0,51.8476
0,67,26,0,0,51.7016
0,68,26,0,0,51.5589
0,69,26,0,0,51.4195
0,70,26,0,0,51.2832
0,71,26,0,0,51.1501
0,72,26,0,0,51.02
0,73,26,0,0,50.8929
0,74,26,0,0,50.7688
0,75,26,0,0,50.6475
0,76,26,0,0,50.5291
0,77,26,0,0,50.4134
0,78,26,0,0,50.3004
0,79,26,0,0,50.1901
0,80,26,0,0,50.0824
0,81,26,0,0,49.9772
0,82,26,0,0,49.8744
0,83,26,0,0,49.7741
0,84,26,0,0,49.6762
0,85,26,0,0,49.5806
0,86,26,0,0,49.4873
0,87,26,0,0,49.3963
0,88,26,0,0,49.3074
0,89,26,0,0,49.2206
0,90,26,0,0,49.1359
0,91,26,0,0,49.0533
0,92,26,0,0,48.9727
0,93,26,0,0,48.8941
0,94,26,0,0,48.8173
0,95,26,0,0,48.7425
0,96,26,0,1.24031e-06,48.6695
0,97,26,0,0,48.5982
0,98,26,0,0,48.5286
0,99,26,0,0,48.4608
0,100,26,0,0,48.3947
0,101,26,0,0,48.3302
0,102,26,0,0,48.2674
0,103,26,0,0,48.2062
0,104,26,0,0,48.1465
0,105,26,0,0,48.0883
0,106,26,0,0,48.0316
0,107,26,0,0,47.9764
0,108,26,0,0,47.9225
0,109,26,0,0,47.8701
0,110,26,0,0,47.819
0,111,26,0,0,47.7692
0,112,26,0,0,47.7207
0,113,26,0,0,47.6735
0,114,26,0,0,47.6275
0,115,26,0,0,47.5827
0,116,26,0,0,47.5391
0,117,26,0,0,47.4966
0,118,26,0,0,47.4552
0,119,26,0,0,47.4149
0,120,26,0,0,47.3756
0,121,26,0,0,47.3374
0,122,26,0,0,47.3001
0,123,26,0,0,47.2638
0,124,26,0,0,47.2285
0,125,26,0,0,47.1941
0,126,26,0,0,47.1605
0,127,26,0,0,47.1279
0,128,26,0,1.24031e-06,47.0961
0,129,26,0,0,47.0649
0,130,26,0,0,47.0346
0,131,26,0,0,47.0051
0,132,26,0,0,46.9763
0,133,26,0,0,46.9483
0,134,26,0,0,46.9209
0,135,26,0,0,46.8943
0,136,26,0,0,46.8683
0,137,26,0,0,46.8429
0,138,26,0,0,46.8182
0,139,26,0,0,46.7942
0,140,26,0,0,46.7707
0,141,26,0,0,46.7478
0,142,26,0,0,46.7255
0,143,26,0,0,46.7037
0,144,26,0,0,46.6825
0,145,26,0,0,46.6618
0,146,26,0,0,46.6416
0,147,26,0,0,46.6219
0,148,26,0,0,46.6027
0,149,26,0,0,46.5839
0,150,26,0,0,46.5656
0,151,26,0,0,46.5478
0,152,26,0,0,46.5304
0,153,26,0,0,46.5134
0,154,26,0,0,46.4968
0,155,26,0,0,46.4807
0,156,26,0,0,46.4649
0,157,26,0,0,46.4495
0,158,26,0,0,46.4345
0,159,26,0,0,46.4198
0,160,26,0,1.24031e-06,46.4055
0,161,26,0,0,46.3914
0,162,26,0,0,46.3777
0,163,26,0,0,46.3643
0,164,26,0,0,46.3512
0,165,26,0,0,46.3384
0,166,26,0,0,46.3259
0,167,26,0,0,46.3137
0,168,26,0,0,46.3018
0,169,26,0,0,46.2901
0,170,26,0,0,46.2788
0,171,26,0,0,46.2676
0,172,26,0,0,46.2568
0,173,26,0,0,46.2462
0,174,26,0,0,46.2358
0,175,26,0,0,46.2256
0,176,26,0,0,46.2157
0,177,26,0,0,46.206
0,178,26,0,0,46.1966
0,179,26,0,0,46.1873
0,180,26,0,0,46.1783
0,181,26,0,0,46.1694
0,182,26,0,0,46.1608
0,183,26,0,0,46.1523
0,184,26,0,0,46.1441
0,185,26,0,0,46.136
0,186,26,0,0,46.1282
0,187,26,0,0,46.1205
0,188,26,0,0,46.113
0,189,26,0,0,46.1057
0,190,26,0,0,46.0985
0,191,26,0,0,46.0916
0,192,26,0,1.24031e-06,46.0848
0,193,26,0,0,46.078
0,194,26,0,0,46.0715
0,195,26,0,0,46.0651
0,196,26,0,0,46.0589
0,197,26,0,0,46.0528
0,198,26,0,0,46.0469
0,199,26,0,0,46.0411
0,200,26,0,0,46.0355
0,201,26,0,0,46.03
0,202,26,0,0,46.0247
0,203,26,0,0,46.0195
0,204,26,0,0,46.0144
0,205,26,0,0,46.0095
0,206,26,0,0,46.0047
0,207,26,0,0,46
0,208,26,0,0,45.9954
0,209,26,0,0,45.991
0,210,26,0,0,45.9866
0,211,26,0,0,45.9824
0,212,26,0,0,45.9782
0,213,26,0,0,45.9742
0,214,26,0,0,45.9702
0,215,26,0,0,45.9663
0,216,26,0,0,45.9625
0,217,26,0,0,45.9588
0,218,26,0,0,45.9552
0,219,26,0,0,45.9516
0,220,26,0,0,45.9482
0,221,26,0,0,45.9448
0,222,26,0,0,45.9414
0,223,26,0,0,45.9382
0,224,26,0,1.24031e-06,45.935
0,225,26,0,0,45.9317
0,226,26,0,0,45.9286
0,227,26,0,0,45.9254
0,228,26,0,0,45.9224
0,229,26,0,0,45.9194
0,230,26,0,0,45.9165
0,231,26,0,0,45.9137
0,232,26,0,0,45.9109
0,233,26,0,0,45.9082
0,234,26,0,0,45.9056
0,235,26,0,0,45.903
0,236,26,0,0,45.9005
0,237,26,0,0,45.8981
0,238,26,0,0,45.8958
0,239,26,0,0,45.8935
0,240,26,0,0,45.8914
0,241,26,0,0,45.8893
0,242,26,0,0,45.8873
0,243,26,0,0,45.8855
0,244,26,0,0,45.8837
0,245,26,0,0,45.8821
0,246,26,0,0,45.8805
0,247,26,0,0,45.8791
0,248,26,0,0,45.8779
0,249,26,0,0,45.8767
0,250,26,0,0,45.8757
0,251,26,0,0,45.8748
0,252,26,0,0,45.8741
0,253,26,0,0,45.8735
0,254,26,0,0,45.873
0,255,26,0,0,45.8727
0,0,27,0,1.24031e-06,64.6869
0,1,27,0,0,64.6546
0,2,27,0,0,64.6063
0,3,27,0,0,64.5424
0,4,27,0,0,64.4631
0,5,27,0,0,64.3689
0,6,27,0,0,64.2601
0,7,27,0,0,64.1374
0,8,27,0,0,64.0012
0,9,27,0,0,63.8523
0,10,27,0,0,63.6912
0,11,27,0,0,63.5186
0,12,27,0,0,63.3353
0,13,27,0,0,63.142
0,14,27,0,0,62.9395
0,15,27,0,0,62.7284
0,16,27,0,0,62.5096
0,17,27,0,0,62.2838
0,18,27,0,0,62.0516
0,19,27,0,0,61.8139
0,20,27,0,0,61.5714
0,21,27,0,0,61.3246
0,22,27,0,0,61.0743
0,23,27,0,0,60.8211
0,24,27,0,0,60.5656
0,25,27,0,0,60.3083
0,26,27,0,0,60.0497
0,27,27,0,0,59.7904
0,28,27,0,0,59.5308
0,29,27,0,0,59.2715
0,30,27,0,0,59.0126
0,31,27,0,0,58.7548
0,32,27,0,1.24031e-06,58.4982
0,33,27,0,0,58.2431
0,34,27,0,0,57.9899
0,35,27,0,0,57.7389
0,36,27,0,0,57.4903
0,37,27,0,0,57.2442
0,38,27,0,0,57.001
0,39,27,0,0,56.7607
0,40,27,0,0,56.5236
0,41,27,0,0,56.2897
0,42,27,0,0,56.0592
0,43,27,0,0,55.8321
0,44,27,0,0,55.6085
0,45,27,0,0,55.3886
0,46,27,0,0,55.1723
0,47,27,0,0,54.9596
0,48,27,0,0,54.7508
0,49,27,0,0,54.5456
0,50,27,0,0,54.3442
0,51,27,0,0,54.1466
0,52,27,0,0,53.9528
0,53,27,0,0,53.7626
0,54,27,0,0,53.5763
0,55,27,0,0,53.3936
0,56,27,0,0,53.2146
0,57,27,0,0,53.0392
0,58,27,0,0,52.8675
0,59,27,0,0,52.6993
0,60,27,0,0,52.5347
0,61,27,0,0,52.3736
0,62,27,0,0,52.2159
0,63,27,0,0,52.0616
0,64,27,0,1.24031e-06,51.9107
0,65,27,0,0,51.7629
0,66,27,0,0,51.6184
0,67,27,0,0,51.4771
0,68,27,0,0,51.3389
0,69,27,0,0,51.2038
0,70,27,0,0,51.0717
0,71,27,0,0,50.9426
0,72,27,0,0,50.8165
0,73,27,0,0,50.6931
0,74,27,0,0,50.5726
0,75,27,0,0,50.4549
0,76,27,0,0,50.3398
0,77,27,0,0,50.2274
0,78,27,0,0,50.1176
0,79,27,0,0,50.0103
0,80,27,0,0,49.9055
0,81,27,0,0,49.8031
0,82,27,0,0,49.7031
0,83,27,0,0,49.6055
0,84,27,0,0,49.5102
0,85,27,0,0,49.4171
0,86,27,0,0,49.3261
0,87,27,0,0,49.2374
0,88,27,0,0,49.1507
0,89,27,0,0,49.0661
0,90,27,0,0,48.9836
0,91,27,0,0,48.903
0,92,27,0,0,48.8243
0,93,27,0,0,48.7476
0,94,27,0,0,48.6726
0,95,27,0,0,48.5996
0,96,27,0,1.24031e-06,48.5283
0,97,27,0,0,48.4586
0,98,27,0,0,48.3907
0,99,27,0,0,48.3244
0,100,27,0,0,48.2597
0,101,27,0,0,48.1967
0,102,27,0,0,48.1353
0,103,27,0,0,48.0753
0,104,27,0,0,48.0169
0,105,27,0,0,47.9599
0,106,27,0,0,47.9044
0,107,27,0,0,47.8503
0,108,27,0,0,47.7976
0,109,27,0,0,47.7462
0,110,27,0,0,47.6961
0,111,27,0,0,47.6473
0,112,27,0,0,47.5997
0,113,27,0,0,47.5533
0,114,27,0,0,47.5082
0,115,27,0,0,47.4642
0,116,27,0,0,47.4213
0,117,27,0,0,47.3796
0,118,27,0,0,47.3389
0,119,27,0,0,47.2993
0,120,27,0,0,47.2606
0,121,27,0,0,47.223
0,122,27,0,0,47.1864
0,123,27,0,0,47.1506
0,124,27,0,0,47.1158
0,125,27,0,0,47.0819
0,126,27,0,0,47.0489
0,127,27,0,0,47.0167
0,128,27,0,1.24031e-06,46.9854
0,129,27,0,0,46.9547
0,130,27,0,0,46.9248
0,131,27,0,0,46.8957
0,132,27,0,0,46.8673
0,133,27,0,0,46.8396
0,134,27,0,0,46.8126
0,135,27,0,0,46.7863
0,136,27,0,0,46.7606
0,137,27,0,0,46.7356
0,138,27,0,0,46.7112
0,139,27,0,0,46.6874
0,140,27,0,0,46.6642
0,141,27,0,0,46.6416
0,142,27,0,0,46.6196
0,143,27,0,0,46.598
0,144,27,0,0,46.5771
0,145,27,0,0,46.5566
0,146,27,0,0,46.5366
0,147,27,0,0,46.5171
0,148,27,0,0,46.4981
0,149,27,0,0,46.4796
0,150,27,0,0,46.4615
0,151,27,0,0,46.4438
0,152,27,0,0,46.4266
0,153,27,0,0,46.4098
0,154,27,0,0,46.3934
0,155,27,0,0,46.3774
0,156,27,0,0,46.3618
0,157,27,0,0,46.3465
0,158,27,0,0,46.3316
0,159,27,0,0,46.3171
0,160,27,0,1.24031e-06,46.3029
0,161,27,0,0,46.289
0,162,27,0,0,46.2753
0,163,27,0,0,46.262
0,164,27,0,0,46.2491
0,165,27,0,0,46.2364
0,166,27,0,0,46.224
0,167,27,0,0,46.2119
0,168,27,0,0,46.2
0,169,27,0,0,46.1885
0,170,27,0,0,46.1772
0,171,27,0,0,46.1661
0,172,27,0,0,46.1553
0,173,27,0,0,46.1448
0,174,27,0,0,46.1345
0,175,27,0,0,46.1244
0,176,27,0,0,46.1146
0,177,27,0,0,46.1049
0,178,27,0,0,46.0955
0,179,27,0,0,46.0863
0,180,27,0,0,46.0773
0,181,27,0,0,46.0685
0,182,27,0,0,46.0599
0,183,27,0,0,46.0515
0,184,27,0,0,46.0433
0,185,27,0,0,46.0353
0,186,27,0,0,46.0274
0,187,27,0,0,46.0198
0,188,27,0,0,46.0123
0,189,27,0,0,46.005
0,190,27,0,0,45.9979
0,191,27,0,0,45.9909
0,192,27,0,1.24031e-06,45.9841
0,193,27,0,0,45.9774
0,194,27,0,0,45.9708
0,195,27,0,0,45.9644
0,196,27,0,0,45.9582
0,197,27,0,0,45.9521
0,198,27,0,0,45.9462
0,199,27,0,0,45.9404
0,200,27,0,0,45.9347
0,201,27,0,0,45.9292
0,202,27,0,0,45.9239
0,203,27,0,0,45.9186
0,204,27,0,0,45.9135
0,205,27,0,0,45.9085
0,206,27,0,0,45.9037
0,207,27,0,0,45.8989
0,208,27,0,0,45.8943
0,209,27,0,0,45.8898
0,210,27,0,0,45.8854
0,211,27,0,0,45.8811
0,212,27,0,0,45.8769
0,213,27,0,0,45.8728
0,214,27,0,0,45.8688
0,215,27,0,0,45.8648
0,216,27,0,0,45.861
0,217,27,0,0,45.8572
0,218,27,0,0,45.8535
0,219,27,0,0,45.8499
0,220,27,0,0,45.8464
0,221,27,0,0,45.843
0,222,27,0,0,45.8396
0,223,27,0,0,45.8363
0,224,27,0,1.24031e-06,45.8331
0,225,27,0,0,45.8298
0,226,27,0,0,45.8266
0,227,27,0,0,45.8235
0,228,27,0,0,45.8204
0,229,27,0,0,45.8174
0,230,27,0,0,45.8145
0,231,27,0,0,45.8117
0,232,27,0,0,45.8089
0,233,27,0,0,45.8062
0,234,27,0,0,45.8035
0,235,27,0,0,45.801
0,236,27,0,0,45.7985
0,237,27,0,0,45.7961
0,238,27,0,0,45.7938
0,239,27,0,0,45.7916
0,240,27,0,0,45.7895
0,241,27,0,0,45.7874
0,242,27,0,0,45.7855
0,243,27,0,0,45.7837
0,244,27,0,0,45.782
0,245,27,0,0,45.7804
0,246,27,0,0,45.7789
0,247,27,0,0,45.7775
0,248,27,0,0,45.7762
0,249,27,0,0,45.7751
0,250,27,0,0,45.7741
0,251,27,0,0,45.7733
0,252,27,0,0,45.7726
0,253,27,0,0,45.772
0,254,27,0,0,45.7716
0,255,27,0,0,45.7713
0,0,28,0,1.24031e-06,63.6868
0,1,28,0,0,63.6574
0,2,28,0,0,63.6135
0,3,28,0,0,63.5554
0,4,28,0,0,63.4832
0,5,28,0,0,63.3974
0,6,28,0,0,63.2983
0,7,28,0,0,63.1863
0,8,28,0,0,63.0621
0,9,28,0,0,62.926
0,10,28,0,0,62.7787
0,11,28,0,0,62.6208
0,12,28,0,0,62.4529
0,13,28,0,0,62.2757
0,14,28,0,0,62.0897
0,15,28,0,0,61.8957
0,16,28,0,0,61.6943
0,17,28,0,0,61.4862
0,18,28,0,0,61.2721
0,19,28,0,0,61.0525
0,20,28,0,0,60.8281
0,21,28,0,0,60.5996
0,22,28,0,0,60.3674
0,23,28,0,0,60.1323
0,24,28,0,0,59.8946
0,25,28,0,0,59.655
0,26,28,0,0,59.414
0,27,28,0,0,59.1719
0,28,28,0,0,58.9293
0,29,28,0,0,58.6865
0,30,28,0,0,58.4439
0,31,28,0,0,58.2019
0,32,28,0,1.24031e-06,57.9608
0,33,28,0,0,57.7209
0,34,28,0,0,57.4824
0,35,28,0,0,57.2457
0,36,28,0,0,57.011
0,37,28,0,0,56.7785
0,38,28,0,0,56.5484
0,39,28,0,0,56.3208
0,40,28,0,0,56.0959
0,41,28,0,0,55.8739
0,42,28,0,0,55.6549
0,43,28,0,0,55.4389
0,44,28,0,0,55.2261
0,45,28,0,0,55.0165
0,46,28,0,0,54.8102
0,47,28,0,0,54.6073
0,48,28,0,0,54.4077
0,49,28,0,0,54.2116
0,50,28,0,0,54.0188
0,51,28,0,0,53.8296
0,52,28,0,0,53.6438
0,53,28,0,0,53.4614
0,54,28,0,0,53.2825
0,55,28,0,0,53.107
0,56,28,0,0,52.935
0,57,28,0,0,52.7663
0,58,28,0,0,52.601
0,59,28,0,0,52.4391
0,60,28,0,0,52.2805
0,61,28,0,0,52.1251
0,62,28,0,0,51.973
0,63,28,0,0,51.8241
0,64,28,0,1.24031e-06,51.6783
0,65,28,0,0,51.5355
0,66,28,0,0,51.3958
0,67,28,0,0,51.2591
0,68,28,0,0,51.1254
0,69,28,0,0,50.9946
0,70,28,0,0,50.8667
0,71,28,0,0,50.7416
0,72,28,0,0,50.6193
0,73,28,0,0,50.4997
0,74,28,0,0,50.3828
0,75,28,0,0,50.2685
0,76,28,0,0,50.1568
0,77,28,0,0,50.0476
0,78,28,0,0,49.9409
0,79,28,0,0,49.8367
0,80,28,0,0,49.7348
0,81,28,0,0,49.6353
0,82,28,0,0,49.538
0,83,28,0,0,49.443
0,84,28,0,0,49.3503
0,85,28,0,0,49.2596
0,86,28,0,0,49.1711
0,87,28,0,0,49.0846
0,88,28,0,0,49.0002
0,89,28,0,0,48.9178
0,90,28,0,0,48.8373
0,91,28,0,0,48.7587
0,92,28,0,0,48.682
0,93,28,0,0,48.6072
0,94,28,0,0,48.5341
0,95,28,0,0,48.4628
0,96,28,0,1.24031e-06,48.3932
0,97,28,0,0,48.3252
0,98,28,0,0,48.2588
0,99,28,0,0,48.1941
0,100,28,0,0,48.1309
0,101,28,0,0,48.0693
0,102,28,0,0,48.0092
0,103,28,0,0,47.9506
0,104,28,0,0,47.8934
0,105,28,0,0,47.8377
0,106,28,0,0,47.7834
0,107,28,0,0,47.7304
0,108,28,0,0,47.6787
0,109,28,0,0,47.6284
0,110,28,0,0,47.5793
0,111,28,0,0,47.5314
0,112,28,0,0,47.4848
0,113,28,0,0,47.4393
0,114,28,0,0,47.395
0,115,28,0,0,47.3519
0,116,28,0,0,47.3098
0,117,28,0,0,47.2688
0,118,28,0,0,47.2288
0,119,28,0,0,47.1899
0,120,28,0,0,47.1519
0,121,28,0,0,47.1149
0,122,28,0,0,47.0789
0,123,28,0,0,47.0437
0,124,28,0,0,47.0095
0,125,28,0,0,46.9761
0,126,28,0,0,46.9436
0,127,28,0,0,46.9119
0,128,28,0,1.24031e-06,46.881
0,129,28,0,0,46.8508
0,130,28,0,0,46.8213
0,131,28,0,0,46.7926
0,132,28,0,0,46.7646
0,133,28,0,0,46.7373
0,134,28,0,0,46.7107
0,135,28,0,0,46.6847
0,136,28,0,0,46.6594
0,137,28,0,0,46.6347
0,138,28,0,0,46.6107
0,139,28,0,0,46.5872
0,140,28,0,0,46.5643
0,141,28,0,0,46.5419
0,142,28,0,0,46.5201
0,143,28,0,0,46.4989
0,144,28,0,0,46.4781
0,145,28,0,0,46.4579
0,146,28,0,0,46.4382
0,147,28,0,0,46.4189
0,148,28,0,0,46.4001
0,149,28,0,0,46.3818
0,150,28,0,0,46.3639
0,151,28,0,0,46.3464
0,152,28,0,0,46.3294
0,153,28,0,0,46.3127
0,154,28,0,0,46.2965
0,155,28,0,0,46.2807
0,156,28,0,0,46.2652
0,157,28,0,0,46.2501
0,158,28,0,0,46.2354
0,159,28,0,0,46.221
0,160,28,0,1.24031e-06,46.2069
0,161,28,0,0,46.1931
0,162,28,0,0,46.1796
0,163,28,0,0,46.1664
0,164,28,0,0,46.1535
0,165,28,0,0,46.1409
0,166,28,0,0,46.1286
0,167,28,0,0,46.1166
0,168,28,0,0,46.1049
0,169,28,0,0,46.0934
0,170,28,0,0,46.0822
0,171,28,0,0,46.0712
0,172,28,0,0,46.0605
0,173,28,0,0,46.05
0,174,28,0,0,46.0398
0,175,28,0,0,46.0298
0,176,28,0,0,46.02
0,177,28,0,0,46.0104
0,178,28,0,0,46.0011
0,179,28,0,0,45.9919
0,180,28,0,0,45.983
0,181,28,0,0,45.9742
0,182,28,0,0,45.9657
0,183,28,0,0,45.9573
0,184,28,0,0,45.9491
0,185,28,0,0,45.9411
0,186,28,0,0,45.9333
0,187,28,0,0,45.9257
0,188,28,0,0,45.9182
0,189,28,0,0,45.9109
0,190,28,0,0,45.9038
0,191,28,0,0,45.8969
0,192,28,0,1.24031e-06,45.8901
0,193,28,0,0,45.8834
0,194,28,0,0,45.8768
0,195,28,0,0,45.8704
0,196,28,0,0,45.8641
0,197,28,0,0,45.858
0,198,28,0,0,45.8521
0,199,28,0,0,45.8463
0,200,28,0,0,45.8406
0,201,28,0,0,45.835
0,202,28,0,0,45.8296
0,203,28,0,0,45.8244
0,204,28,0,0,45.8192
0,205,28,0,0,45.8142
0,206,28,0,0,45.8093
0,207,28,0,0,45.8045
0,208,28,0,0,45.7998
0,209,28,0,0,45.7953
0,210,28,0,0,45.7908
0,211,28,0,0,45.7864
0,212,28,0,0,45.7822
0,213,28,0,0,45.778
0,214,28,0,0,45.7739
0,215,28,0,0,45.77
0,216,28,0,0,45.7661
0,217,28,0,0,45.7622
0,218,28,0,0,45.7585
0,219,28,0,0,45.7549
0,220,28,0,0,45.7513
0,221,28,0,0,45.7478
0,222,28,0,0,45.7444
0,223,28,0,0,45.7411
0,224,28,0,1.24031e-06,45.7378
0,225,28,0,0,45.7345
0,226,28,0,0,45.7313
0,227,28,0,0,45.7281
0,228,28,0,0,45.725
0,229,28,0,0,45.722
0,230,28,0,0,45.7191
0,231,28,0,0,45.7162
0,232,28,0,0,45.7134
0,233,28,0,0,45.7107
0,234,28,0,0,45.7081
0,235,28,0,0,45.7056
0,236,28,0,0,45.7031
0,237,28,0,0,45.7007
0,238,28,0,0,45.6984
0,239,28,0,0,45.6962
0,240,28,0,0,45.6941
0,241,28,0,0,45.6921
0,242,28,0,0,45.6902
0,243,28,0,0,45.6884
0,244,28,0,0,45.6867
0,245,28,0,0,45.6851
0,246,28,0,0,45.6836
0,247,28,0,0,45.6823
0,248,28,0,0,45.6811
0,249,28,0,0,45.68
0,250,28,0,0,45.679
0,251,28,0,0,45.6782
0,252,28,0,0,45.6775
0,253,28,0,0,45.6769
0,254,28,0,0,45.6765
0,255,28,0,0,45.6762
0,0,29,0,1.24031e-06,62.7452
0,1,29,0,0,62.7184
0,2,29,0,0,62.6784
0,3,29,0,0,62.6254
0,4,29,0,0,62.5595
0,5,29,0,0,62.4812
0,6,29,0,0,62.3907
0,7,29,0,0,62.2885
0,8,29,0,0,62.1748
0,9,29,0,0,62.0503
0,10,29,0,0,61.9155
0,11,29,0,0,61.7707
0,12,29,0,0,61.6167
0,13,29,0,0,61.4538
0,14,29,0,0,61.2829
0,15,29,0,0,61.1043
0,16,29,0,0,60.9188
0,17,29,0,0,60.7268
0,18,29,0,0,60.529
0,19,29,0,0,60.326
0,20,29,0,0,60.1182
0,21,29,0,0,59.9064
0,22,29,0,0,59.691
0,23,29,0,0,59.4724
0,24,29,0,0,59.2513
0,25,29,0,0,59.0281
0,26,29,0,0,58.8033
0,27,29,0,0,58.5772
0,28,29,0,0,58.3503
0,29,29,0,0,58.123
0,30,29,0,0,57.8957
0,31,29,0,0,57.6686
0,32,29,0,1.24031e-06,57.4421
0,33,29,0,0,57.2164
0,34,29,0,0,56.9918
0,35,29,0,0,56.7687
0,36,29,0,0,56.5471
0,37,29,0,0,56.3274
0,38,29,0,0,56.1098
0,39,29,0,0,55.8943
0,40,29,0,0,55.6811
0,41,29,0,0,55.4705
0,42,29,0,0,55.2625
0,43,29,0,0,55.0572
0,44,29,0,0,54.8547
0,45,29,0,0,54.6551
0,46,29,0,0,54.4584
0,47,29,0,0,54.2648
0,48,29,0,0,54.0742
0,49,29,0,0,53.8868
0,50,29,0,0,53.7025
0,51,29,0,0,53.5213
0,52,29,0,0,53.3433
0,53,29,0,0,53.1685
0,54,29,0,0,52.9969
0,55,29,0,0,52.8285
0,56,29,0,0,52.6632
0,57,29,0,0,52.5011
0,58,29,0,0,52.3421
0,59,29,0,0,52.1863
0,60,29,0,0,52.0335
0,61,29,0,0,51.8838
0,62,29,0,0,51.7371
0,63,29,0,0,51.5935
0,64,29,0,1.24031e-06,51.4528
0,65,29,0,0,51.3149
0,66,29,0,0,51.18
0,67,29,0,0,51.0479
0,68,29,0,0,50.9185
0,69,29,0,0,50.792
0,70,29,0,0,50.6682
0,71,29,0,0,50.5471
0,72,29,0,0,50.4286
0,73,29,0,0,50.3127
0,74,29,0,0,50.1994
0,75,29,0,0,50.0885
0,76,29,0,0,49.9801
0,77,29,0,0,49.8742
0,78,29,0,0,49.7706
0,79,29,0,0,49.6694
0,80,29,0,0,49.5704
0,81,29,0,0,49.4737
0,82,29,0,0,49.3791
0,83,29,0,0,49.2868
0,84,29,0,0,49.1965
0,85,29,0,0,49.1083
0,86,29,0,0,49.0222
0,87,29,0,0,48.938
0,88,29,0,0,48.8558
0,89,29,0,0,48.7756
0,90,29,0,0,48.6972
0,91,29,0,0,48.6206
0,92,29,0,0,48.5458
0,93,29,0,0,48.4728
0,94,29,0,0,48.4016
0,95,29,0,0,48.332
0,96,29,0,1.24031e-06,48.2641
0,97,29,0,0,48.1978
0,98,29,0,0,48.133
0,99,29,0,0,48.0698
0,100,29,0,0,48.0081
0,101,29,0,0,47.9479
0,102,29,0,0,47.8892
0,103,29,0,0,47.8319
0,104,29,0,0,47.776
0,105,29,0,0,47.7215
0,106,29,0,0,47.6684
0,107,29,0,0,47.6165
0,108,29,0,0,47.566
0,109,29,0,0,47.5167
0,110,29,0,0,47.4686
0,111,29,0,0,47.4217
0,112,29,0,0,47.376
0,113,29,0,0,47.3315
0,114,29,0,0,47.288
0,115,29,0,0,47.2457
0,116,29,0,0,47.2044
0,117,29,0,0,47.1641
0,118,29,0,0,47.1249
0,119,29,0,0,47.0867
0,120,29,0,0,47.0494
0,121,29,0,0,47.013
0,122,29,0,0,46.9776
0,123,29,0,0,46.9431
0,124,29,0,0,46.9094
0,125,29,0,0,46.8766
0,126,29,0,0,46.8446
0,127,29,0,0,46.8134
0,128,29,0,1.24031e-06,46.7829
0,129,29,0,0,46.7532
0,130,29,0,0,46.7242
0,131,29,0,0,46.6959
0,132,29,0,0,46.6683
0,133,29,0,0,46.6414
0,134,29,0,0,46.6151
0,135,29,0,0,46.5895
0,136,29,0,0,46.5646
0,137,29,0,0,46.5402
0,138,29,0,0,46.5165
0,139,29,0,0,46.4933
0,140,29,0,0,46.4707
0,141,29,0,0,46.4486
0,142,29,0,0,46.4271
0,143,29,0,0,46.4061
0,144,29,0,0,46.3856
0,145,29,0,0,46.3657
0,146,29,0,0,46.3461
0,147,29,0,0,46.3271
0,148,29,0,0,46.3085
0,149,29,0,0,46.2904
0,150,29,0,0,46.2727
0,151,29,0,0,46.2555
0,152,29,0,0,46.2386
0,153,29,0,0,46.2221
0,154,29,0,0,46.2061
0,155,29,0,0,46.1904
0,156,29,0,0,46.1751
0,157,29,0,0,46.1601
0,158,29,0,0,46.1456
0,159,29,0,0,46.1313
0,160,29,0,1.24031e-06,46.1174
0,161,29,0,0,46.1037
0,162,29,0,0,46.0903
0,163,29,0,0,46.0772
0,164,29,0,0,46.0645
0,165,29,0,0,46.052
0,166,29,0,0,46.0398
0,167,29,0,0,46.0279
0,168,29,0,0,46.0162
0,169,29,0,0,46.0049
0,170,29,0,0,45.9937
0,171,29,0,0,45.9828
0,172,29,0,0,45.9722
0,173,29,0,0,45.9618
0,174,29,0,0,45.9516
0,175,29,0,0,45.9417
0,176,29,0,0,45.932
0,177,29,0,0,45.9224
0,178,29,0,0,45.9131
0,179,29,0,0,45.904
0,180,29,0,0,45.8951
0,181,29,0,0,45.8864
0,182,29,0,0,45.8779
0,183,29,0,0,45.8696
0,184,29,0,0,45.8614
0,185,29,0,0,45.8535
0,186,29,0,0,45.8457
0,187,29,0,0,45.8381
0,188,29,0,0,45.8306
0,189,29,0,0,45.8234
0,190,29,0,0,45.8163
0,191,29,0,0,45.8093
0,192,29,0,1.24031e-06,45.8025
0,193,29,0,0,45.7958
0,194,29,0,0,45.7892
0,195,29,0,0,45.7828
0,196,29,0,0,45.7766
0,197,29,0,0,45.7704
0,198,29,0,0,45.7644
0,199,29,0,0,45.7586
0,200,29,0,0,45.7529
0,201,29,0,0,45.7473
0,202,29,0,0,45.7419
0,203,29,0,0,45.7366
0,204,29,0,0,45.7314
0,205,29,0,0,45.7263
0,206,29,0,0,45.7214
0,207,29,0,0,45.7165
0,208,29,0,0,45.7118
0,209,29,0,0,45.7072
0,210,29,0,0,45.7027
0,211,29,0,0,45.6983
0,212,29,0,0,45.694
0,213,29,0,0,45.6897
0,214,29,0,0,45.6856
0,215,29,0,0,45.6816
0,216,29,0,0,45.6776
0,217,29,0,0,45.6738
0,218,29,0,0,45.67
0,219,29,0,0,45.6663
0,220,29,0,0,45.6627
0,221,29,0,0,45.6592
0,222,29,0,0,45.6557
0,223,29,0,0,45.6523
0,224,29,0,1.24031e-06,45.649
0,225,29,0,0,45.6457
0,226,29,0,0,45.6424
0,227,29,0,0,45.6392
0,228,29,0,0,45.6361
0,229,29,0,0,45.6331
0,230,29,0,0,45.6301
0,231,29,0,0,45.6273
0,232,29,0,0,45.6245
0,233,29,0,0,45.6218
0,234,29,0,0,45.6191
0,235,29,0,0,45.6166
0,236,29,0,0,45.6141
0,237,29,0,0,45.6117
0,238,29,0,0,45.6094
0,239,29,0,0,45.6072
0,240,29,0,0,45.6051
0,241,29,0,0,45.6031
0,242,29,0,0,45.6012
0,243,29,0,0,45.5994
0,244,29,0,0,45.5978
0,245,29,0,0,45.5962
0,246,29,0,0,45.5947
0,247,29,0,0,45.5934
0,248,29,0,0,45.5922
0,249,29,0,0,45.5911
0,250,29,0,0,45.5902
0,251,29,0,0,45.5894
0,252,29,0,0,45.5887
0,253,29,0,0,45.5881
0,254,29,0,0,45.5877
0,255,29,0,0,45.5874
0,0,30,0,1.24031e-06,61.8583
0,1,30,0,0,61.8338
0,2,30,0,0,61.7972
0,3,30,0,0,61.7488
0,4,30,0,0,61.6886
0,5,30,0,0,61.617
0,6,30,0,0,61.5342
0,7,30,0,0,61.4406
0,8,30,0,0,61.3365
0,9,30,0,0,61.2224
0,10,30,0,0,61.0986
0,11,30,0,0,60.9657
0,12,30,0,0,60.8242
0,13,30,0,0,60.6744
0,14,30,0,0,60.517
0,15,30,0,0,60.3525
0,16,30,0,0,60.1813
0,17,30,0,0,60.004
0,18,30,0,0,59.8212
0,19,30,0,0,59.6332
0,20,30,0,0,59.4408
0,21,30,0,0,59.2442
0,22,30,0,0,59.0442
0,23,30,0,0,58.841
0,24,30,0,0,58.6351
0,25,30,0,0,58.4271
0,26,30,0,0,58.2173
0,27,30,0,0,58.0061
0,28,30,0,0,57.7939
0,29,30,0,0,57.5811
0,30,30,0,0,57.3679
0,31,30,0,0,57.1548
0,32,30,0,1.24031e-06,56.942
0,33,30,0,0,56.7297
0,34,30,0,0,56.5182
0,35,30,0,0,56.3078
0,36,30,0,0,56.0988
0,37,30,0,0,55.8912
0,38,30,0,0,55.6854
0,39,30,0,0,55.4814
0,40,30,0,0,55.2794
0,41,30,0,0,55.0797
0,42,30,0,0,54.8822
0,43,30,0,0,54.687
0,44,30,0,0,54.4944
0,45,30,0,0,54.3044
0,46,30,0,0,54.1171
0,47,30,0,0,53.9324
0,48,30,0,0,53.7505
0,49,30,0,0,53.5715
0,50,30,0,0,53.3953
0,51,30,0,0,53.222
0,52,30,0,0,53.0516
0,53,30,0,0,52.8842
0,54,30,0,0,52.7196
0,55,30,0,0,52.558
0,56,30,0,0,52.3994
0,57,30,0,0,52.2436
0,58,30,0,0,52.0908
0,59,30,0,0,51.9409
0,60,30,0,0,51.7939
0,61,30,0,0,51.6498
0,62,30,0,0,51.5085
0,63,30,0,0,51.37
0,64,30,0,1.24031e-06,51.2343
0,65,30,0,0,51.1013
0,66,30,0,0,50.971
0,67,30,0,0,50.8433
0,68,30,0,0,50.7184
0,69,30,0,0,50.596
0,70,30,0,0,50.4763
0,71,30,0,0,50.3591
0,72,30,0,0,50.2444
0,73,30,0,0,50.1321
0,74,30,0,0,50.0223
0,75,30,0,0,49.9149
0,76,30,0,0,49.8098
0,77,30,0,0,49.707
0,78,30,0,0,49.6065
0,79,30,0,0,49.5083
0,80,30,0,0,49.4122
0,81,30,0,0,49.3183
0,82,30,0,0,49.2264
0,83,30,0,0,49.1367
0,84,30,0,0,49.0489
0,85,30,0,0,48.9632
0,86,30,0,0,48.8794
0,87,30,0,0,48.7975
0,88,30,0,0,48.7176
0,89,30,0,0,48.6394
0,90,30,0,0,48.5631
0,91,30,0,0,48.4885
0,92,30,0,0,48.4157
0,93,30,0,0,48.3446
0,94,30,0,0,48.2751
0,95,30,0,0,48.2073
0,96,30,0,1.24031e-06,48.1411
0,97,30,0,0,48.0764
0,98,30,0,0,48.0132
0,99,30,0,0,47.9515
0,100,30,0,0,47.8913
0,101,30,0,0,47.8325
0,102,30,0,0,47.7752
0,103,30,0,0,47.7192
0,104,30,0,0,47.6646
0,105,30,0,0,47.6114
0,106,30,0,0,47.5594
0,107,30,0,0,47.5087
0,108,30,0,0,47.4592
0,109,30,0,0,47.411
0,110,30,0,0,47.3639
0,111,30,0,0,47.318
0,112,30,0,0,47.2733
0,113,30,0,0,47.2296
0,114,30,0,0,47.187
0,115,30,0,0,47.1455
0,116,30,0,0,47.105
0,117,30,0,0,47.0656
0,118,30,0,0,47.0271
0,119,30,0,0,46.9895
0,120,30,0,0,46.9529
0,121,30,0,0,46.9172
0,122,30,0,0,46.8824
0,123,30,0,0,46.8485
0,124,30,0,0,46.8154
0,125,30,0,0,46.7831
0,126,30,0,0,46.7517
0,127,30,0,0,46.721
0,128,30,0,1.24031e-06,46.6911
0,129,30,0,0,46.6618
0,130,30,0,0,46.6332
0,131,30,0,0,46.6053
0,132,30,0,0,46.5782
0,133,30,0,0,46.5517
0,134,30,0,0,46.5258
0,135,30,0,0,46.5006
0,136,30,0,0,46.476
0,137,30,0,0,46.452
0,138,30,0,0,46.4285
0,139,30,0,0,46.4057
0,140,30,0,0,46.3834
0,141,30,0,0,46.3616
0,142,30,0,0,46.3404
0,143,30,0,0,46.3197
0,144,30,0,0,46.2994
0,145,30,0,0,46.2797
0,146,30,0,0,46.2604
0,147,30,0,0,46.2416
0,148,30,0,0,46.2233
0,149,30,0,0,46.2054
0,150,30,0,0,46.1879
0,151,30,0,0,46.1708
0,152,30,0,0,46.1542
0,153,30,0,0,46.1379
0,154,30,0,0,46.122
0,155,30,0,0,46.1065
0,156,30,0,0,46.0914
0,157,30,0,0,46.0766
0,158,30,0,0,46.0621
0,159,30,0,0,46.048
0,160,30,0,1.24031e-06,46.0342
0,161,30,0,0,46.0207
0,162,30,0,0,46.0074
0,163,30,0,0,45.9945
0,164,30,0,0,45.9818
0,165,30,0,0,45.9695
0,166,30,0,0,45.9574
0,167,30,0,0,45.9456
0,168,30,0,0,45.934
0,169,30,0,0,45.9227
0,170,30,0,0,45.9117
0,171,30,0,0,45.9009
0,172,30,0,0,45.8903
0,173,30,0,0,45.88
0,174,30,0,0,45.8699
0,175,30,0,0,45.86
0,176,30,0,0,45.8503
0,177,30,0,0,45.8409
0,178,30,0,0,45.8316
0,179,30,0,0,45.8225
0,180,30,0,0,45.8137
0,181,30,0,0,45.805
0,182,30,0,0,45.7965
0,183,30,0,0,45.7883
0,184,30,0,0,45.7801
0,185,30,0,0,45.7722
0,186,30,0,0,45.7644
0,187,30,0,0,45.7569
0,188,30,0,0,45.7494
0,189,30,0,0,45.7422
0,190,30,0,0,45.7351
0,191,30,0,0,45.7281
0,192,30,0,1.24031e-06,45.7214
0,193,30,0,0,45.7146
0,194,30,0,0,45.7081
0,195,30,0,0,45.7016
0,196,30,0,0,45.6953
0,197,30,0,0,45.6892
0,198,30,0,0,45.6832
0,199,30,0,0,45.6773
0,200,30,0,0,45.6716
0,201,30,0,0,45.666
0,202,30,0,0,45.6605
0,203,30,0,0,45.6552
0,204,30,0,0,45.6499
0,205,30,0,0,45.6448
0,206,30,0,0,45.6398
0,207,30,0,0,45.635
0,208,30,0,0,45.6302
0,209,30,0,0,45.6255
0,210,30,0,0,45.621
0,211,30,0,0,45.6165
0,212,30,0,0,45.6121
0,213,30,0,0,45.6079
0,214,30,0,0,45.6037
0,215,30,0,0,45.5996
0,216,30,0,0,45.5956
0,217,30,0,0,45.5917
0,218,30,0,0,45.5879
0,219,30,0,0,45.5841
0,220,30,0,0,45.5805
0,221,30,0,0,45.5769
0,222,30,0,0,45.5734
0,223,30,0,0,45.57
0,224,30,0,1.24031e-06,45.5666
0,225,30,0,0,45.5632
0,226,30,0,0,45.56
0,227,30,0,0,45.5567
0,228,30,0,0,45.5536
0,229,30,0,0,45.5505
0,230,30,0,0,45.5476
0,231,30,0,0,45.5447
0,232,30,0,0,45.5418
0,233,30,0,0,45.5391
0,234,30,0,0,45.5365
0,235,30,0,0,45.5339
0,236,30,0,0,45.5314
0,237,30,0,0,45.529
0,238,30,0,0,45.5267
0,239,30,0,0,45.5245
0,240,30,0,0,45.5224
0,241,30,0,0,45.5204
0,242,30,0,0,45.5185
0,243,30,0,0,45.5168
0,244,30,0,0,45.5151
0,245,30,0,0,45.5135
0,246,30,0,0,45.5121
0,247,30,0,0,45.5108
0,248,30,0,0,45.5096
0,249,30,0,0,45.5085
0,250,30,0,0,45.5076
0,251,30,0,0,45.5067
0,252,30,0,0,45.5061
0,253,30,0,0,45.5055
0,254,30,0,0,45.5051
0,255,30,0,0,45.5048
0,0,31,0,1.24031e-06,61.0225
0,1,31,0,0,61
0,2,31,0,0,60.9666
0,3,31,0,0,60.9222
0,4,31,0,0,60.8671
0,5,31,0,0,60.8015
0,6,31,0,0,60.7256
0,7,31,0,0,60.6397
0,8,31,0,0,60.5443
0,9,31,0,0,60.4395
0,10,31,0,0,60.3258
0,11,31,0,0,60.2036
0,12,31,0,0,60.0733
0,13,31,0,0,59.9354
0,14,31,0,0,59.7903
0,15,31,0,0,59.6385
0,16,31,0,0,59.4804
0,17,31,0,0,59.3165
0,18,31,0,0,59.1473
0,19,31,0,0,58.9732
0,20,31,0,0,58.7947
0,21,31,0,0,58.6122
0,22,31,0,0,58.4263
0,23,31,0,0,58.2372
0,24,31,0,0,58.0455
0,25,31,0,0,57.8515
0,26,31,0,0,57.6556
0,27,31,0,0,57.4583
0,28,31,0,0,57.2597
0,29,31,0,0,57.0604
0,30,31,0,0,56.8605
0,31,31,0,0,56.6605
0,32,31,0,1.24031e-06,56.4605
0,33,31,0,0,56.2608
0,34,31,0,0,56.0617
0,35,31,0,0,55.8633
0,36,31,0,0,55.6661
0,37,31,0,0,55.47
0,38,31,0,0,55.2754
0,39,31,0,0,55.0823
0,40,31,0,0,54.891
0,41,31,0,0,54.7016
0,42,31,0,0,54.5141
0,43,31,0,0,54.3288
0,44,31,0,0,54.1457
0,45,31,0,0,53.9648
0,46,31,0,0,53.7864
0,47,31,0,0,53.6104
0,48,31,0,0,53.4369
0,49,31,0,0,53.2659
0,50,31,0,0,53.0976
0,51,31,0,0,52.9319
0,52,31,0,0,52.7689
0,53,31,0,0,52.6085
0,54,31,0,0,52.4509
0,55,31,0,0,52.2959
0,56,31,0,0,52.1437
0,57,31,0,0,51.9942
0,58,31,0,0,51.8474
0,59,31,0,0,51.7033
0,60,31,0,0,51.5619
0,61,31,0,0,51.4232
0,62,31,0,0,51.2871
0,63,31,0,0,51.1537
0,64,31,0,1.24031e-06,51.0229
0,65,31,0,0,50.8946
0,66,31,0,0,50.7689
0,67,31,0,0,50.6457
0,68,31,0,0,50.525
0,69,31,0,0,50.4068
0,70,31,0,0,50.291
0,71,31,0,0,50.1777
0,72,31,0,0,50.0667
0,73,31,0,0,49.958
0,74,31,0,0,49.8517
0,75,31,0,0,49.7477
0,76,31,0,0,49.6459
0,77,31,0,0,49.5462
0,78,31,0,0,49.4488
0,79,31,0,0,49.3535
0,80,31,0,0,49.2602
0,81,31,0,0,49.1691
0,82,31,0,0,49.0799
0,83,31,0,0,48.9927
0,84,31,0,0,48.9075
0,85,31,0,0,48.8242
0,86,31,0,0,48.7427
0,87,31,0,0,48.6632
0,88,31,0,0,48.5854
0,89,31,0,0,48.5093
0,90,31,0,0,48.4351
0,91,31,0,0,48.3625
0,92,31,0,0,48.2916
0,93,31,0,0,48.2223
0,94,31,0,0,48.1547
0,95,31,0,0,48.0886
0,96,31,0,1.24031e-06,48.0241
0,97,31,0,0,47.961
0,98,31,0,0,47.8994
0,99,31,0,0,47.8392
0,100,31,0,0,47.7805
0,101,31,0,0,47.7231
0,102,31,0,0,47.6672
0,103,31,0,0,47.6125
0,104,31,0,0,47.5592
0,105,31,0,0,47.5072
0,106,31,0,0,47.4564
0,107,31,0,0,47.4068
0,108,31,0,0,47.3585
0,109,31,0,0,47.3113
0,110,31,0,0,47.2653
0,111,31,0,0,47.2203
0,112,31,0,0,47.1765
0,113,31,0,0,47.1338
0,114,31,0,0,47.0921
0,115,31,0,0,47.0514
0,116,31,0,0,47.0117
0,117,31,0,0,46.973
0,118,31,0,0,46.9353
0,119,31,0,0,46.8985
0,120,31,0,0,46.8626
0,121,31,0,0,46.8275
0,122,31,0,0,46.7934
0,123,31,0,0,46.76
0,124,31,0,0,46.7275
0,125,31,0,0,46.6958
0,126,31,0,0,46.6649
0,127,31,0,0,46.6347
0,128,31,0,1.24031e-06,46.6053
0,129,31,0,0,46.5765
0,130,31,0,0,46.5484
0,131,31,0,0,46.521
0,132,31,0,0,46.4942
0,133,31,0,0,46.4681
0,134,31,0,0,46.4427
0,135,31,0,0,46.4178
0,136,31,0,0,46.3936
0,137,31,0,0,46.3699
0,138,31,0,0,46.3468
0,139,31,0,0,46.3243
0,140,31,0,0,46.3023
0,141,31,0,0,46.2808
0,142,31,0,0,46.2599
0,143,31,0,0,46.2394
0,144,31,0,0,46.2195
0,145,31,0,0,46.2
0,146,31,0,0,46.181
0,147,31,0,0,46.1624
0,148,31,0,0,46.1443
0,149,31,0,0,46.1266
0,150,31,0,0,46.1093
0,151,31,0,0,46.0925
0,152,31,0,0,46.076
0,153,31,0,0,46.0599
0,154,31,0,0,46.0442
0,155,31,0,0,46.0289
0,156,31,0,0,46.0139
0,157,31,0,0,45.9993
0,158,31,0,0,45.985
0,159,31,0,0,45.971
0,160,31,0,1.24031e-06,45.9574
0,161,31,0,0,45.9439
0,162,31,0,0,45.9308
0,163,31,0,0,45.918
0,164,31,0,0,45.9055
0,165,31,0,0,45.8932
0,166,31,0,0,45.8812
0,167,31,0,0,45.8695
0,168,31,0,0,45.8581
0,169,31,0,0,45.8469
0,170,31,0,0,45.8359
0,171,31,0,0,45.8252
0,172,31,0,0,45.8147
0,173,31,0,0,45.8044
0,174,31,0,0,45.7944
0,175,31,0,0,45.7846
0,176,31,0,0,45.775
0,177,31,0,0,45.7656
0,178,31,0,0,45.7564
0,179,31,0,0,45.7474
0,180,31,0,0,45.7386
0,181,31,0,0,45.7299
0,182,31,0,0,45.7215
0,183,31,0,0,45.7132
0,184,31,0,0,45.7052
0,185,31,0,0,45.6972
0,186,31,0,0,45.6895
0,187,31,0,0,45.6819
0,188,31,0,0,45.6745
0,189,31,0,0,45.6673
0,190,31,0,0,45.6602
0,191,31,0,0,45.6533
0,192,31,0,1.24031e-06,45.6465
0,193,31,0,0,45.6397
0,194,31,0,0,45.6332
0,195,31,0,0,45.6267
0,196,31,0,0,45.6204
0,197,31,0,0,45.6142
0,198,31,0,0,45.6082
0,199,31,0,0,45.6023
0,200,31,0,0,45.5966
0,201,31,0,0,45.5909
0,202,31,0,0,45.5854
0,203,31,0,0,45.58
0,204,31,0,0,45.5748
0,205,31,0,0,45.5696
0,206,31,0,0,45.5646
0,207,31,0,0,45.5597
0,208,31,0,0,45.5548
0,209,31,0,0,45.5501
0,210,31,0,0,45.5455
0,211,31,0,0,45.541
0,212,31,0,0,45.5366
0,213,31,0,0,45.5323
0,214,31,0,0,45.528
0,215,31,0,0,45.5239
0,216,31,0,0,45.5199
0,217,31,0,0,45.5159
0,218,31,0,0,45.512
0,219,31,0,0,45.5082
0,220,31,0,0,45.5045
0,221,31,0,0,45.5009
0,222,31,0,0,45.4973
0,223,31,0,0,45.4939
0,224,31,0,1.24031e-06,45.4905
0,225,31,0,0,45.4871
0,226,31,0,0,45.4838
0,227,31,0,0,45.4805
0,228,31,0,0,45.4773
0,229,31,0,0,45.4742
0,230,31,0,0,45.4712
0,231,31,0,0,45.4683
0,232,31,0,0,45.4654
0,233,31,0,0,45.4627
0,234,31,0,0,45.46
0,235,31,0,0,45.4574
0,236,31,0,0,45.4549
0,237,31,0,0,45.4525
0,238,31,0,0,45.4502
0,239,31,0,0,45.448
0,240,31,0,0,45.4459
0,241,31,0,0,45.4439
0,242,31,0,0,45.442
0,243,31,0,0,45.4402
0,244,31,0,0,45.4385
0,245,31,0,0,45.437
0,246,31,0,0,45.4355
0,247,31,0,0,45.4342
0,248,31,0,0,45.433
0,249,31,0,0,45.432
0,250,31,0,0,45.431
0,251,31,0,0,45.4302
0,252,31,0,0,45.4295
0,253,31,0,0,45.429
0,254,31,0,0,45.4286
0,255,31,0,0,45.4283
0,0,32,0,1.24031e-06,60.2346
0,1,32,0,0,60.214
0,2,32,0,0,60.1833
0,3,32,0,0,60.1426
0,4,32,0,0,60.0921
0,5,32,0,0,60.0318
0,6,32,0,0,59.9622
0,7,32,0,0,59.8833
0,8,32,0,0,59.7956
0,9,32,0,0,59.6992
0,10,32,0,0,59.5946
0,11,32,0,0,59.4821
0,12,32,0,0,59.362
0,13,32,0,0,59.2348
0,14,32,0,0,59.1009
0,15,32,0,0,58.9607
0,16,32,0,0,58.8145
0,17,32,0,0,58.6628
0,18,32,0,0,58.506
0,19,32,0,0,58.3446
0,20,32,0,0,58.1789
0,21,32,0,0,58.0094
0,22,32,0,0,57.8365
0,23,32,0,0,57.6604
0,24,32,0,0,57.4818
0,25,32,0,0,57.3008
0,26,32,0,0,57.1179
0,27,32,0,0,56.9333
0,28,32,0,0,56.7475
0,29,32,0,0,56.5608
0,30,32,0,0,56.3733
0,31,32,0,0,56.1855
0,32,32,0,1.24031e-06,55.9976
0,33,32,0,0,55.8097
0,34,32,0,0,55.6221
0,35,32,0,0,55.4352
0,36,32,0,0,55.249
0,37,32,0,0,55.0639
0,38,32,0,0,54.8799
0,39,32,0,0,54.6972
0,40,32,0,0,54.516
0,41,32,0,0,54.3364
0,42,32,0,0,54.1585
0,43,32,0,0,53.9825
0,44,32,0,0,53.8085
0,45,32,0,0,53.6364
0,46,32,0,0,53.4665
0,47,32,0,0,53.2988
0,48,32,0,0,53.1334
0,49,32,0,0,52.9703
0,50,32,0,0,52.8095
0,51,32,0,0,52.6511
0,52,32,0,0,52.4952
0,53,32,0,0,52.3417
0,54,32,0,0,52.1908
0,55,32,0,0,52.0423
0,56,32,0,0,51.8963
0,57,32,0,0,51.7528
0,58,32,0,0,51.6119
0,59,32,0,0,51.4735
0,60,32,0,0,51.3376
0,61,32,0,0,51.2041
0,62,32,0,0,51.0732
0,63,32,0,0,50.9447
0,64,32,0,1.24031e-06,50.8187
0,65,32,0,0,50.6951
0,66,32,0,0,50.5738
0,67,32,0,0,50.455
0,68,32,0,0,50.3385
0,69,32,0,0,50.2243
0,70,32,0,0,50.1125
0,71,32,0,0,50.0029
0,72,32,0,0,49.8956
0,73,32,0,0,49.7905
0,74,32,0,0,49.6876
0,75,32,0,0,49.5869
0,76,32,0,0,49.4883
0,77,32,0,0,49.3918
0,78,32,0,0,49.2974
0,79,32,0,0,49.205
0,80,32,0,0,49.1146
0,81,32,0,0,49.0261
0,82,32,0,0,48.9396
0,83,32,0,0,48.855
0,84,32,0,0,48.7722
0,85,32,0,0,48.6913
0,86,32,0,0,48.6122
0,87,32,0,0,48.5349
0,88,32,0,0,48.4592
0,89,32,0,0,48.3853
0,90,32,0,0,48.3131
0,91,32,0,0,48.2425
0,92,32,0,0,48.1735
0,93,32,0,0,48.1061
0,94,32,0,0,48.0403
0,95,32,0,0,47.9759
0,96,32,0,1.24031e-06,47.9131
0,97,32,0,0,47.8516
0,98,32,0,0,47.7916
0,99,32,0,0,47.7329
0,100,32,0,0,47.6756
0,101,32,0,0,47.6197
0,102,32,0,0,47.5651
0,103,32,0,0,47.5118
0,104,32,0,0,47.4597
0,105,32,0,0,47.4089
0,106,32,0,0,47.3593
0,107,32,0,0,47.3109
0,108,32,0,0,47.2637
0,109,32,0,0,47.2175
0,110,32,0,0,47.1725
0,111,32,0,0,47.1286
0,112,32,0,0,47.0857
0,113,32,0,0,47.0439
0,114,32,0,0,47.0031
0,115,32,0,0,46.9633
0,116,32,0,0,46.9244
0,117,32,0,0,46.8865
0,118,32,0,0,46.8495
0,119,32,0,0,46.8134
0,120,32,0,0,46.7782
0,121,32,0,0,46.7438
0,122,32,0,0,46.7103
0,123,32,0,0,46.6776
0,124,32,0,0,46.6457
0,125,32,0,0,46.6146
0,126,32,0,0,46.5842
0,127,32,0,0,46.5545
0,128,32,0,1.24031e-06,46.5256
0,129,32,0,0,46.4973
0,130,32,0,0,46.4696
0,131,32,0,0,46.4427
0,132,32,0,0,46.4164
0,133,32,0,0,46.3907
0,134,32,0,0,46.3656
0,135,32,0,0,46.3411
0,136,32,0,0,46.3173
0,137,32,0,0,46.2939
0,138,32,0,0,46.2712
0,139,32,0,0,46.249
0,140,32,0,0,46.2273
0,141,32,0,0,46.2062
0,142,32,0,0,46.1855
0,143,32,0,0,46.1653
0,144,32,0,0,46.1456
0,145,32,0,0,46.1264
0,146,32,0,0,46.1077
0,147,32,0,0,46.0893
0,148,32,0,0,46.0714
0,149,32,0,0,46.054
0,150,32,0,0,46.0369
0,151,32,0,0,46.0203
0,152,32,0,0,46.004
0,153,32,0,0,45.9881
0,154,32,0,0,45.9726
0,155,32,0,0,45.9574
0,156,32,0,0,45.9426
0,157,32,0,0,45.9281
0,158,32,0,0,45.914
0,159,32,0,0,45.9002
0,160,32,0,1.24031e-06,45.8867
0,161,32,0,0,45.8734
0,162,32,0,0,45.8604
0,163,32,0,0,45.8477
0,164,32,0,0,45.8353
0,165,32,0,0,45.8232
0,166,32,0,0,45.8113
0,167,32,0,0,45.7997
0,168,32,0,0,45.7883
0,169,32,0,0,45.7772
0,170,32,0,0,45.7664
0,171,32,0,0,45.7557
0,172,32,0,0,45.7453
0,173,32,0,0,45.7351
0,174,32,0,0,45.7252
0,175,32,0,0,45.7154
0,176,32,0,0,45.7059
0,177,32,0,0,45.6965
0,178,32,0,0,45.6874
0,179,32,0,0,45.6784
0,180,32,0,0,45.6697
0,181,32,0,0,45.6611
0,182,32,0,0,45.6527
0,183,32,0,0,45.6444
0,184,32,0,0,45.6364
0,185,32,0,0,45.6285
0,186,32,0,0,45.6208
0,187,32,0,0,45.6132
0,188,32,0,0,45.6058
0,189,32,0,0,45.5986
0,190,32,0,0,45.5915
0,191,32,0,0,45.5846
0,192,32,0,1.24031e-06,45.5778
0,193,32,0,0,45.571
0,194,32,0,0,45.5645
0,195,32,0,0,45.558
0,196,32,0,0,45.5517
0,197,32,0,0,45.5455
0,198,32,0,0,45.5395
0,199,32,0,0,45.5335
0,200,32,0,0,45.5277
0,201,32,0,0,45.5221
0,202,32,0,0,45.5165
0,203,32,0,0,45.5111
0,204,32,0,0,45.5058
0,205,32,0,0,45.5006
0,206,32,0,0,45.4955
0,207,32,0,0,45.4906
0,208,32,0,0,45.4857
0,209,32,0,0,45.4809
0,210,32,0,0,45.4763
0,211,32,0,0,45.4717
0,212,32,0,0,45.4672
0,213,32,0,0,45.4629
0,214,32,0,0,45.4586
0,215,32,0,0,45.4544
0,216,32,0,0,45.4503
0,217,32,0,0,45.4463
0,218,32,0,0,45.4424
0,219,32,0,0,45.4385
0,220,32,0,0,45.4348
0,221,32,0,0,45.4311
0,222,32,0,0,45.4275
0,223,32,0,0,45.424
0,224,32,0,1.24031e-06,45.4205
0,225,32,0,0,45.4171
0,226,32,0,0,45.4137
0,227,32,0,0,45.4104
0,228,32,0,0,45.4072
0,229,32,0,0,45.4041
0,230,32,0,0,45.401
0,231,32,0,0,45.3981
0,232,32,0,0,45.3952
0,233,32,0,0,45.3924
0,234,32,0,0,45.3897
0,235,32,0,0,45.3871
0,236,32,0,0,45.3846
0,237,32,0,0,45.3821
0,238,32,0,0,45.3798
0,239,32,0,0,45.3776
0,240,32,0,0,45.3755
0,241,32,0,0,45.3734
0,242,32,0,0,45.3715
0,243,32,0,0,45.3697
0,244,32,0,0,45.3681
0,245,32,0,0,45.3665
0,246,32,0,0,45.365
0,247,32,0,0,45.3637
0,248,32,0,0,45.3625
0,249,32,0,0,45.3614
0,250,32,0,0,45.3605
0,251,32,0,0,45.3597
0,252,32,0,0,45.359
0,253,32,0,0,45.3584
0,254,32,0,0,45.358
0,255,32,0,0,45.3578
0,0,33,0,1.24031e-06,59.4917
0,1,33,0,0,59.4728
0,2,33,0,0,59.4446
0,3,33,0,0,59.4072
0,4,33,0,0,59.3608
0,5,33,0,0,59.3054
0,6,33,0,0,59.2414
0,7,33,0,0,59.1688
0,8,33,0,0,59.088
0,9,33,0,0,58.9993
0,10,33,0,0,58.9029
0,11,33,0,0,58.7992
0,12,33,0,0,58.6884
0,13,33,0,0,58.5709
0,14,33,0,0,58.4472
0,15,33,0,0,58.3175
0,16,33,0,0,58.1822
0,17,33,0,0,58.0416
0,18,33,0,0,57.8963
0,19,33,0,0,57.7465
0,20,33,0,0,57.5926
0,21,33,0,0,57.4349
0,22,33,0,0,57.274
0,23,33,0,0,57.11
0,24,33,0,0,56.9433
0,25,33,0,0,56.7744
0,26,33,0,0,56.6035
0,27,33,0,0,56.4309
0,28,33,0,0,56.2569
0,29,33,0,0,56.0819
0,30,33,0,0,55.9061
0,31,33,0,0,55.7297
0,32,33,0,1.24031e-06,55.5531
0,33,33,0,0,55.3763
0,34,33,0,0,55.1996
0,35,33,0,0,55.0234
0,36,33,0,0,54.8477
0,37,33,0,0,54.6729
0,38,33,0,0,54.4989
0,39,33,0,0,54.3261
0,40,33,0,0,54.1545
0,41,33,0,0,53.9842
0,42,33,0,0,53.8155
0,43,33,0,0,53.6484
0,44,33,0,0,53.483
0,45,33,0,0,53.3194
0,46,33,0,0,53.1577
0,47,33,0,0,52.998
0,48,33,0,0,52.8403
0,49,33,0,0,52.6846
0,50,33,0,0,52.5312
0,51,33,0,0,52.3799
0,52,33,0,0,52.2308
0,53,33,0,0,52.084
0,54,33,0,0,51.9395
0,55,33,0,0,51.7972
0,56,33,0,0,51.6573
0,57,33,0,0,51.5197
0,58,33,0,0,51.3845
0,59,33,0,0,51.2516
0,60,33,0,0,51.121
0,61,33,0,0,50.9927
0,62,33,0,0,50.8668
0,63,33,0,0,50.7432
0,64,33,0,1.24031e-06,50.6219
0,65,33,0,0,50.5027
0,66,33,0,0,50.3859
0,67,33,0,0,50.2712
0,68,33,0,0,50.1589
0,69,33,0,0,50.0487
0,70,33,0,0,49.9407
0,71,33,0,0,49.8349
0,72,33,0,0,49.7312
0,73,33,0,0,49.6296
0,74,33,0,0,49.5301
0,75,33,0,0,49.4326
0,76,33,0,0,49.3372
0,77,33,0,0,49.2438
0,78,33,0,0,49.1523
0,79,33,0,0,49.0628
0,80,33,0,0,48.9752
0,81,33,0,0,48.8894
0,82,33,0,0,48.8055
0,83,33,0,0,48.7234
0,84,33,0,0,48.6431
0,85,33,0,0,48.5646
0,86,33,0,0,48.4878
0,87,33,0,0,48.4127
0,88,33,0,0,48.3392
0,89,33,0,0,48.2674
0,90,33,0,0,48.1972
0,91,33,0,0,48.1285
0,92,33,0,0,48.0615
0,93,33,0,0,47.9959
0,94,33,0,0,47.9318
0,95,33,0,0,47.8692
0,96,33,0,1.24031e-06,47.808
0,97,33,0,0,47.7482
0,98,33,0,0,47.6897
0,99,33,0,0,47.6325
0,100,33,0,0,47.5767
0,101,33,0,0,47.5222
0,102,33,0,0,47.469
0,103,33,0,0,47.417
0,104,33,0,0,47.3662
0,105,33,0,0,47.3166
0,106,33,0,0,47.2682
0,107,33,0,0,47.2209
0,108,33,0,0,47.1748
0,109,33,0,0,47.1297
0,110,33,0,0,47.0857
0,111,33,0,0,47.0428
0,112,33,0,0,47.0009
0,113,33,0,0,46.96
0,114,33,0,0,46.9201
0,115,33,0,0,46.8811
0,116,33,0,0,46.843
0,117,33,0,0,46.8059
0,118,33,0,0,46.7697
0,119,33,0,0,46.7343
0,120,33,0,0,46.6998
0,121,33,0,0,46.6661
0,122,33,0,0,46.6332
0,123,33,0,0,46.6012
0,124,33,0,0,46.5698
0,125,33,0,0,46.5393
0,126,33,0,0,46.5094
0,127,33,0,0,46.4803
0,128,33,0,1.24031e-06,46.4519
0,129,33,0,0,46.4241
0,130,33,0,0,46.3969
0,131,33,0,0,46.3704
0,132,33,0,0,46.3445
0,133,33,0,0,46.3193
0,134,33,0,0,46.2946
0,135,33,0,0,46.2705
0,136,33,0,0,46.247
0,137,33,0,0,46.2241
0,138,33,0,0,46.2016
0,139,33,0,0,46.1798
0,140,33,0,0,46.1584
0,141,33,0,0,46.1376
0,142,33,0,0,46.1172
0,143,33,0,0,46.0973
0,144,33,0,0,46.0779
0,145,33,0,0,46.0589
0,146,33,0,0,46.0404
0,147,33,0,0,46.0224
0,148,33,0,0,46.0047
0,149,33,0,0,45.9875
0,150,33,0,0,45.9706
0,151,33,0,0,45.9542
0,152,33,0,0,45.9381
0,153,33,0,0,45.9224
0,154,33,0,0,45.9071
0,155,33,0,0,45.8921
0,156,33,0,0,45.8774
0,157,33,0,0,45.8631
0,158,33,0,0,45.8492
0,159,33,0,0,45.8355
0,160,33,0,1.24031e-06,45.8222
0,161,33,0,0,45.809
0,162,33,0,0,45.7962
0,163,33,0,0,45.7836
0,164,33,0,0,45.7713
0,165,33,0,0,45.7593
0,166,33,0,0,45.7475
0,167,33,0,0,45.736
0,168,33,0,0,45.7248
0,169,33,0,0,45.7137
0,170,33,0,0,45.703
0,171,33,0,0,45.6924
0,172,33,0,0,45.6821
0,173,33,0,0,45.672
0,174,33,0,0,45.6621
0,175,33,0,0,45.6524
0,176,33,0,0,45.6429
0,177,33,0,0,45.6336
0,178,33,0,0,45.6245
0,179,33,0,0,45.6156
0,180,33,0,0,45.6069
0,181,33,0,0,45.5984
0,182,33,0,0,45.59
0,183,33,0,0,45.5818
0,184,33,0,0,45.5738
0,185,33,0,0,45.5659
0,186,33,0,0,45.5582
0,187,33,0,0,45.5507
0,188,33,0,0,45.5433
0,189,33,0,0,45.536
0,190,33,0,0,45.529
0,191,33,0,0,45.522
0,192,33,0,1.24031e-06,45.5152
0,193,33,0,0,45.5085
0,194,33,0,0,45.5019
0,195,33,0,0,45.4954
0,196,33,0,0,45.4891
0,197,33,0,0,45.4829
0,198,33,0,0,45.4768
0,199,33,0,0,45.4709
0,200,33,0,0,45.465
0,201,33,0,0,45.4593
0,202,33,0,0,45.4538
0,203,33,0,0,45.4483
0,204,33,0,0,45.4429
0,205,33,0,0,45.4377
0,206,33,0,0,45.4326
0,207,33,0,0,45.4276
0,208,33,0,0,45.4227
0,209,33,0,0,45.4179
0,210,33,0,0,45.4131
0,211,33,0,0,45.4085
0,212,33,0,0,45.404
0,213,33,0,0,45.3996
0,214,33,0,0,45.3953
0,215,33,0,0,45.391
0,216,33,0,0,45.3869
0,217,33,0,0,45.3828
0,218,33,0,0,45.3788
0,219,33,0,0,45.3749
0,220,33,0,0,45.3711
0,221,33,0,0,45.3674
0,222,33,0,0,45.3637
0,223,33,0,0,45.3602
0,224,33,0,1.24031e-06,45.3567
0,225,33,0,0,45.3532
0,226,33,0,0,45.3498
0,227,33,0,0,45.3464
0,228,33,0,0,45.3432
0,229,33,0,0,45.34
0,230,33,0,0,45.3369
0,231,33,0,0,45.3339
0,232,33,0,0,45.331
0,233,33,0,0,45.3281
0,234,33,0,0,45.3254
0,235,33,0,0,45.3228
0,236,33,0,0,45.3202
0,237,33,0,0,45.3178
0,238,33,0,0,45.3154
0,239,33,0,0,45.3131
0,240,33,0,0,45.311
0,241,33,0,0,45.309
0,242,33,0,0,45.307
0,243,33,0,0,45.3052
0,244,33,0,0,45.3035
0,245,33,0,0,45.3019
0,246,33,0,0,45.3005
0,247,33,0,0,45.2991
0,248,33,0,0,45.2979
0,249,33,0,0,45.2968
0,250,33,0,0,45.2959
0,251,33,0,0,45.2951
0,252,33,0,0,45.2944
0,253,33,0,0,45.2938
0,254,33,0,0,45.2934
0,255,33,0,0,45.2931
0,0,34,0,1.24031e-06,58.7912
0,1,34,0,0,58.7739
0,2,34,0,0,58.7479
0,3,34,0,0,58.7135
0,4,34,0,0,58.6708
0,5,34,0,0,58.6198
0,6,34,0,0,58.5608
0,7,34,0,0,58.494
0,8,34,0,0,58.4195
0,9,34,0,0,58.3377
0,10,34,0,0,58.2487
0,11,34,0,0,58.1529
0,12,34,0,0,58.0506
0,13,34,0,0,57.942
0,14,34,0,0,57.8275
0,15,34,0,0,57.7074
0,16,34,0,0,57.582
0,17,34,0,0,57.4517
0,18,34,0,0,57.3168
0,19,34,0,0,57.1776
0,20,34,0,0,57.0345
0,21,34,0,0,56.8879
0,22,34,0,0,56.7379
0,23,34,0,0,56.5851
0,24,34,0,0,56.4296
0,25,34,0,0,56.2718
0,26,34,0,0,56.112
0,27,34,0,0,55.9505
0,28,34,0,0,55.7876
0,29,34,0,0,55.6235
0,30,34,0,0,55.4585
0,31,34,0,0,55.2928
0,32,34,0,1.24031e-06,55.1268
0,33,34,0,0,54.9604
0,34,34,0,0,54.794
0,35,34,0,0,54.6279
0,36,34,0,0,54.4621
0,37,34,0,0,54.297
0,38,34,0,0,54.1325
0,39,34,0,0,53.969
0,40,34,0,0,53.8065
0,41,34,0,0,53.6452
0,42,34,0,0,53.4851
0,43,34,0,0,53.3265
0,44,34,0,0,53.1694
0,45,34,0,0,53.0138
0,46,34,0,0,52.86
0,47,34,0,0,52.7078
0,48,34,0,0,52.5576
0,49,34,0,0,52.4092
0,50,34,0,0,52.2627
0,51,34,0,0,52.1182
0,52,34,0,0,51.9758
0,53,34,0,0,51.8354
0,54,34,0,0,51.6971
0,55,34,0,0,51.5609
0,56,34,0,0,51.4269
0,57,34,0,0,51.295
0,58,34,0,0,51.1652
0,59,34,0,0,51.0377
0,60,34,0,0,50.9123
0,61,34,0,0,50.789
0,62,34,0,0,50.668
0,63,34,0,0,50.5491
0,64,34,0,1.24031e-06,50.4323
0,65,34,0,0,50.3176
0,66,34,0,0,50.2051
0,67,34,0,0,50.0946
0,68,34,0,0,49.9863
0,69,34,0,0,49.88
0,70,34,0,0,49.7758
0,71,34,0,0,49.6736
0,72,34,0,0,49.5734
0,73,34,0,0,49.4753
0,74,34,0,0,49.3791
0,75,34,0,0,49.2849
0,76,34,0,0,49.1926
0,77,34,0,0,49.1022
0,78,34,0,0,49.0136
0,79,34,0,0,48.9269
0,80,34,0,0,48.8421
0,81,34,0,0,48.759
0,82,34,0,0,48.6777
0,83,34,0,0,48.5981
0,84,34,0,0,48.5202
0,85,34,0,0,48.444
0,86,34,0,0,48.3695
0,87,34,0,0,48.2966
0,88,34,0,0,48.2253
0,89,34,0,0,48.1555
0,90,34,0,0,48.0873
0,91,34,0,0,48.0206
0,92,34,0,0,47.9554
0,93,34,0,0,47.8917
0,94,34,0,0,47.8294
0,95,34,0,0,47.7685
0,96,34,0,1.24031e-06,47.709
0,97,34,0,0,47.6507
0,98,34,0,0,47.5937
0,99,34,0,0,47.5381
0,100,34,0,0,47.4837
0,101,34,0,0,47.4306
0,102,34,0,0,47.3788
0,103,34,0,0,47.3281
0,104,34,0,0,47.2786
0,105,34,0,0,47.2302
0,106,34,0,0,47.183
0,107,34,0,0,47.1368
0,108,34,0,0,47.0918
0,109,34,0,0,47.0478
0,110,34,0,0,47.0049
0,111,34,0,0,46.9629
0,112,34,0,0,46.922
0,113,34,0,0,46.882
0,114,34,0,0,46.8429
0,115,34,0,0,46.8048
0,116,34,0,0,46.7676
0,117,34,0,0,46.7312
0,118,34,0,0,46.6958
0,119,34,0,0,46.6611
0,120,34,0,0,46.6273
0,121,34,0,0,46.5943
0,122,34,0,0,46.5621
0,123,34,0,0,46.5306
0,124,34,0,0,46.4999
0,125,34,0,0,46.4699
0,126,34,0,0,46.4407
0,127,34,0,0,46.4121
0,128,34,0,1.24031e-06,46.3842
0,129,34,0,0,46.3569
0,130,34,0,0,46.3302
0,131,34,0,0,46.3041
0,132,34,0,0,46.2787
0,133,34,0,0,46.2538
0,134,34,0,0,46.2296
0,135,34,0,0,46.2059
0,136,34,0,0,46.1827
0,137,34,0,0,46.1602
0,138,34,0,0,46.1381
0,139,34,0,0,46.1166
0,140,34,0,0,46.0955
0,141,34,0,0,46.075
0,142,34,0,0,46.0549
0,143,34,0,0,46.0353
0,144,34,0,0,46.0162
0,145,34,0,0,45.9975
0,146,34,0,0,45.9792
0,147,34,0,0,45.9614
0,148,34,0,0,45.944
0,149,34,0,0,45.927
0,150,34,0,0,45.9104
0,151,34,0,0,45.8941
0,152,34,0,0,45.8782
0,153,34,0,0,45.8627
0,154,34,0,0,45.8476
0,155,34,0,0,45.8328
0,156,34,0,0,45.8183
0,157,34,0,0,45.8042
0,158,34,0,0,45.7904
0,159,34,0,0,45.7769
0,160,34,0,1.24031e-06,45.7637
0,161,34,0,0,45.7507
0,162,34,0,0,45.738
0,163,34,0,0,45.7255
0,164,34,0,0,45.7134
0,165,34,0,0,45.7015
0,166,34,0,0,45.6898
0,167,34,0,0,45.6784
0,168,34,0,0,45.6673
0,169,34,0,0,45.6564
0,170,34,0,0,45.6457
0,171,34,0,0,45.6352
0,172,34,0,0,45.625
0,173,34,0,0,45.6149
0,174,34,0,0,45.6051
0,175,34,0,0,45.5955
0,176,34,0,0,45.5861
0,177,34,0,0,45.5768
0,178,34,0,0,45.5678
0,179,34,0,0,45.5589
0,180,34,0,0,45.5502
0,181,34,0,0,45.5417
0,182,34,0,0,45.5334
0,183,34,0,0,45.5252
0,184,34,0,0,45.5172
0,185,34,0,0,45.5094
0,186,34,0,0,45.5017
0,187,34,0,0,45.4942
0,188,34,0,0,45.4868
0,189,34,0,0,45.4796
0,190,34,0,0,45.4725
0,191,34,0,0,45.4655
0,192,34,0,1.24031e-06,45.4587
0,193,34,0,0,45.452
0,194,34,0,0,45.4454
0,195,34,0,0,45.4389
0,196,34,0,0,45.4325
0,197,34,0,0,45.4263
0,198,34,0,0,45.4202
0,199,34,0,0,45.4142
0,200,34,0,0,45.4084
0,201,34,0,0,45.4026
0,202,34,0,0,45.397
0,203,34,0,0,45.3915
0,204,34,0,0,45.3861
0,205,34,0,0,45.3809
0,206,34,0,0,45.3757
0,207,34,0,0,45.3706
0,208,34,0,0,45.3657
0,209,34,0,0,45.3608
0,210,34,0,0,45.3561
0,211,34,0,0,45.3514
0,212,34,0,0,45.3468
0,213,34,0,0,45.3423
0,214,34,0,0,45.338
0,215,34,0,0,45.3337
0,216,34,0,0,45.3295
0,217,34,0,0,45.3253
0,218,34,0,0,45.3213
0,219,34,0,0,45.3174
0,220,34,0,0,45.3135
0,221,34,0,0,45.3097
0,222,34,0,0,45.306
0,223,34,0,0,45.3024
0,224,34,0,1.24031e-06,45.2988
0,225,34,0,0,45.2953
0,226,34,0,0,45.2918
0,227,34,0,0,45.2884
0,228,34,0,0,45.2851
0,229,34,0,0,45.2819
0,230,34,0,0,45.2787
0,231,34,0,0,45.2757
0,232,34,0,0,45.2727
0,233,34,0,0,45.2699
0,234,34,0,0,45.2671
0,235,34,0,0,45.2644
0,236,34,0,0,45.2618
0,237,34,0,0,45.2593
0,238,34,0,0,45.2569
0,239,34,0,0,45.2546
0,240,34,0,0,45.2524
0,241,34,0,0,45.2504
0,242,34,0,0,45.2484
0,243,34,0,0,45.2466
0,244,34,0,0,45.2448
0,245,34,0,0,45.2432
0,246,34,0,0,45.2417
0,247,34,0,0,45.2404
0,248,34,0,0,45.2392
0,249,34,0,0,45.2381
0,250,34,0,0,45.2371
0,251,34,0,0,45.2363
0,252,34,0,0,45.2356
0,253,34,0,0,45.235
0,254,34,0,0,45.2346
0,255,34,0,0,45.2343
0,0,35,0,1.24031e-06,58.1308
0,1,35,0,0,58.1147
0,2,35,0,0,58.0908
0,3,35,0,0,58.0591
0,4,35,0,0,58.0197
0,5,35,0,0,57.9727
0,6,35,0,0,57.9183
0,7,35,0,0,57.8567
0,8,35,0,0,57.7879
0,9,35,0,0,57.7124
0,10,35,0,0,57.6302
0,11,35,0,0,57.5416
0,12,35,0,0,57.447
0,13,35,0,0,57.3465
0,14,35,0,0,57.2404
0,15,35,0,0,57.1291
0,16,35,0,0,57.0128
0,17,35,0,0,56.8918
0,18,35,0,0,56.7665
0,19,35,0,0,56.6371
0,20,35,0,0,56.504
0,21,35,0,0,56.3674
0,22,35,0,0,56.2276
0,23,35,0,0,56.085
0,24,35,0,0,55.9399
0,25,35,0,0,55.7924
0,26,35,0,0,55.643
0,27,35,0,0,55.4918
0,28,35,0,0,55.3391
0,29,35,0,0,55.1852
0,30,35,0,0,55.0303
0,31,35,0,0,54.8747
0,32,35,0,1.24031e-06,54.7185
0,33,35,0,0,54.5619
0,34,35,0,0,54.4052
0,35,35,0,0,54.2485
0,36,35,0,0,54.0921
0,37,35,0,0,53.9361
0,38,35,0,0,53.7807
0,39,35,0,0,53.626
0,40,35,0,0,53.4721
0,41,35,0,0,53.3192
0,42,35,0,0,53.1674
0,43,35,0,0,53.0169
0,44,35,0,0,52.8676
0,45,35,0,0,52.7198
0,46,35,0,0,52.5734
0,47,35,0,0,52.4286
0,48,35,0,0,52.2854
0,49,35,0,0,52.144
0,50,35,0,0,52.0042
0,51,35,0,0,51.8663
0,52,35,0,0,51.7302
0,53,35,0,0,51.5961
0,54,35,0,0,51.4638
0,55,35,0,0,51.3334
0,56,35,0,0,51.2051
0,57,35,0,0,51.0787
0,58,35,0,0,50.9543
0,59,35,0,0,50.8319
0,60,35,0,0,50.7116
0,61,35,0,0,50.5932
0,62,35,0,0,50.4769
0,63,35,0,0,50.3626
0,64,35,0,1.24031e-06,50.2503
0,65,35,0,0,50.1399
0,66,35,0,0,50.0315
0,67,35,0,0,49.9251
0,68,35,0,0,49.8207
0,69,35,0,0,49.7182
0,70,35,0,0,49.6177
0,71,35,0,0,49.5191
0,72,35,0,0,49.4225
0,73,35,0,0,49.3277
0,74,35,0,0,49.2348
0,75,35,0,0,49.1437
0,76,35,0,0,49.0545
0,77,35,0,0,48.967
0,78,35,0,0,48.8814
0,79,35,0,0,48.7975
0,80,35,0,0,48.7153
0,81,35,0,0,48.6349
0,82,35,0,0,48.5561
0,83,35,0,0,48.479
0,84,35,0,0,48.4035
0,85,35,0,0,48.3296
0,86,35,0,0,48.2573
0,87,35,0,0,48.1866
0,88,35,0,0,48.1174
0,89,35,0,0,48.0497
0,90,35,0,0,47.9835
0,91,35,0,0,47.9187
0,92,35,0,0,47.8554
0,93,35,0,0,47.7935
0,94,35,0,0,47.7329
0,95,35,0,0,47.6737
0,96,35,0,1.24031e-06,47.6158
0,97,35,0,0,47.5591
0,98,35,0,0,47.5038
0,99,35,0,0,47.4496
0,100,35,0,0,47.3967
0,101,35,0,0,47.345
0,102,35,0,0,47.2944
0,103,35,0,0,47.2451
0,104,35,0,0,47.1968
0,105,35,0,0,47.1497
0,106,35,0,0,47.1036
0,107,35,0,0,47.0587
0,108,35,0,0,47.0147
0,109,35,0,0,46.9718
0,110,35,0,0,46.9298
0,111,35,0,0,46.8889
0,112,35,0,0,46.8489
0,113,35,0,0,46.8098
0,114,35,0,0,46.7717
0,115,35,0,0,46.7344
0,116,35,0,0,46.698
0,117,35,0,0,46.6625
0,118,35,0,0,46.6278
0,119,35,0,0,46.5939
0,120,35,0,0,46.5608
0,121,35,0,0,46.5284
0,122,35,0,0,46.4969
0,123,35,0,0,46.466
0,124,35,0,0,46.4359
0,125,35,0,0,46.4065
0,126,35,0,0,46.3778
0,127,35,0,0,46.3498
0,128,35,0,1.24031e-06,46.3224
0,129,35,0,0,46.2956
0,130,35,0,0,46.2694
0,131,35,0,0,46.2438
0,132,35,0,0,46.2188
0,133,35,0,0,46.1943
0,134,35,0,0,46.1705
0,135,35,0,0,46.1472
0,136,35,0,0,46.1244
0,137,35,0,0,46.1022
0,138,35,0,0,46.0805
0,139,35,0,0,46.0593
0,140,35,0,0,46.0386
0,141,35,0,0,46.0184
0,142,35,0,0,45.9986
0,143,35,0,0,45.9793
0,144,35,0,0,45.9604
0,145,35,0,0,45.942
0,146,35,0,0,45.924
0,147,35,0,0,45.9064
0,148,35,0,0,45.8893
0,149,35,0,0,45.8725
0,150,35,0,0,45.8561
0,151,35,0,0,45.8401
0,152,35,0,0,45.8244
0,153,35,0,0,45.8091
0,154,35,0,0,45.7941
0,155,35,0,0,45.7795
0,156,35,0,0,45.7652
0,157,35,0,0,45.7513
0,158,35,0,0,45.7376
0,159,35,0,0,45.7243
0,160,35,0,1.24031e-06,45.7112
0,161,35,0,0,45.6984
0,162,35,0,0,45.6858
0,163,35,0,0,45.6735
0,164,35,0,0,45.6615
0,165,35,0,0,45.6497
0,166,35,0,0,45.6381
0,167,35,0,0,45.6269
0,168,35,0,0,45.6158
0,169,35,0,0,45.605
0,170,35,0,0,45.5944
0,171,35,0,0,45.584
0,172,35,0,0,45.5739
0,173,35,0,0,45.5639
0,174,35,0,0,45.5542
0,175,35,0,0,45.5446
0,176,35,0,0,45.5352
0,177,35,0,0,45.5261
0,178,35,0,0,45.5171
0,179,35,0,0,45.5082
0,180,35,0,0,45.4996
0,181,35,0,0,45.4911
0,182,35,0,0,45.4828
0,183,35,0,0,45.4747
0,184,35,0,0,45.4667
0,185,35,0,0,45.4589
0,186,35,0,0,45.4512
0,187,35,0,0,45.4437
0,188,35,0,0,45.4363
0,189,35,0,0,45.4291
0,190,35,0,0,45.422
0,191,35,0,0,45.415
0,192,35,0,1.24031e-06,45.4082
0,193,35,0,0,45.4015
0,194,35,0,0,45.3948
0,195,35,0,0,45.3883
0,196,35,0,0,45.382
0,197,35,0,0,45.3757
0,198,35,0,0,45.3696
0,199,35,0,0,45.3636
0,200,35,0,0,45.3577
0,201,35,0,0,45.3519
0,202,35,0,0,45.3463
0,203,35,0,0,45.3407
0,204,35,0,0,45.3353
0,205,35,0,0,45.33
0,206,35,0,0,45.3248
0,207,35,0,0,45.3197
0,208,35,0,0,45.3147
0,209,35,0,0,45.3098
0,210,35,0,0,45.3049
0,211,35,0,0,45.3002
0,212,35,0,0,45.2956
0,213,35,0,0,45.2911
0,214,35,0,0,45.2866
0,215,35,0,0,45.2823
0,216,35,0,0,45.278
0,217,35,0,0,45.2738
0,218,35,0,0,45.2698
0,219,35,0,0,45.2657
0,220,35,0,0,45.2618
0,221,35,0,0,45.258
0,222,35,0,0,45.2542
0,223,35,0,0,45.2505
0,224,35,0,1.24031e-06,45.2469
0,225,35,0,0,45.2433
0,226,35,0,0,45.2398
0,227,35,0,0,45.2363
0,228,35,0,0,45.233
0,229,35,0,0,45.2297
0,230,35,0,0,45.2265
0,231,35,0,0,45.2234
0,232,35,0,0,45.2204
0,233,35,0,0,45.2174
0,234,35,0,0,45.2146
0,235,35,0,0,45.2119
0,236,35,0,0,45.2092
0,237,35,0,0,45.2067
0,238,35,0,0,45.2043
0,239,35,0,0,45.2019
0,240,35,0,0,45.1997
0,241,35,0,0,45.1976
0,242,35,0,0,45.1956
0,243,35,0,0,45.1937
0,244,35,0,0,45.192
0,245,35,0,0,45.1903
0,246,35,0,0,45.1888
0,247,35,0,0,45.1874
0,248,35,0,0,45.1862
0,249,35,0,0,45.1851
0,250,35,0,0,45.1841
0,251,35,0,0,45.1832
0,252,35,0,0,45.1825
0,253,35,0,0,45.1819
0,254,35,0,0,45.1815
0,255,35,0,0,45.1812
0,0,36,0,1.24031e-06,57.508
0,1,36,0,0,57.4933
0,2,36,0,0,57.4712
0,3,36,0,0,57.4419
0,4,36,0,0,57.4056
0,5,36,0,0,57.3622
0,6,36,0,0,57.3119
0,7,36,0,0,57.255
0,8,36,0,0,57.1914
0,9,36,0,0,57.1216
0,10,36,0,0,57.0455
0,11,36,0,0,56.9636
0,12,36,0,0,56.8759
0,13,36,0,0,56.7828
0,14,36,0,0,56.6844
0,15,36,0,0,56.5811
0,16,36,0,0,56.4732
0,17,36,0,0,56.3608
0,18,36,0,0,56.2443
0,19,36,0,0,56.1239
0,20,36,0,0,55.9999
0,21,36,0,0,55.8726
0,22,36,0,0,55.7422
0,23,36,0,0,55.6091
0,24,36,0,0,55.4735
0,25,36,0,0,55.3356
0,26,36,0,0,55.1958
0,27,36,0,0,55.0542
0,28,36,0,0,54.911
0,29,36,0,0,54.7667
0,30,36,0,0,54.6212
0,31,36,0,0,54.4749
0,32,36,0,1.24031e-06,54.3281
0,33,36,0,0,54.1806
0,34,36,0,0,54.033
0,35,36,0,0,53.8852
0,36,36,0,0,53.7376
0,37,36,0,0,53.5903
0,38,36,0,0,53.4433
0,39,36,0,0,53.2969
0,40,36,0,0,53.1513
0,41,36,0,0,53.0064
0,42,36,0,0,52.8625
0,43,36,0,0,52.7196
0,44,36,0,0,52.5778
0,45,36,0,0,52.4373
0,46,36,0,0,52.2981
0,47,36,0,0,52.1603
0,48,36,0,0,52.0239
0,49,36,0,0,51.8891
0,50,36,0,0,51.7558
0,51,36,0,0,51.6242
0,52,36,0,0,51.4943
0,53,36,0,0,51.366
0,54,36,0,0,51.2396
0,55,36,0,0,51.1149
0,56,36,0,0,50.992
0,57,36,0,0,50.8709
0,58,36,0,0,50.7517
0,59,36,0,0,50.6344
0,60,36,0,0,50.5189
0,61,36,0,0,50.4053
0,62,36,0,0,50.2936
0,63,36,0,0,50.1837
0,64,36,0,1.24031e-06,50.0758
0,65,36,0,0,49.9696
0,66,36,0,0,49.8653
0,67,36,0,0,49.7629
0,68,36,0,0,49.6623
0,69,36,0,0,49.5636
0,70,36,0,0,49.4667
0,71,36,0,0,49.3716
0,72,36,0,0,49.2783
0,73,36,0,0,49.1868
0,74,36,0,0,49.0971
0,75,36,0,0,49.0092
0,76,36,0,0,48.9229
0,77,36,0,0,48.8384
0,78,36,0,0,48.7556
0,79,36,0,0,48.6744
0,80,36,0,0,48.5949
0,81,36,0,0,48.5171
0,82,36,0,0,48.4408
0,83,36,0,0,48.3661
0,84,36,0,0,48.293
0,85,36,0,0,48.2214
0,86,36,0,0,48.1514
0,87,36,0,0,48.0828
0,88,36,0,0,48.0157
0,89,36,0,0,47.95
0,90,36,0,0,47.8857
0,91,36,0,0,47.8229
0,92,36,0,0,47.7614
0,93,36,0,0,47.7012
0,94,36,0,0,47.6424
0,95,36,0,0,47.5849
0,96,36,0,1.24031e-06,47.5287
0,97,36,0,0,47.4736
0,98,36,0,0,47.4197
0,99,36,0,0,47.367
0,100,36,0,0,47.3156
0,101,36,0,0,47.2652
0,102,36,0,0,47.216
0,103,36,0,0,47.168
0,104,36,0,0,47.121
0,105,36,0,0,47.0751
0,106,36,0,0,47.0302
0,107,36,0,0,46.9863
0,108,36,0,0,46.9435
0,109,36,0,0,46.9016
0,110,36,0,0,46.8607
0,111,36,0,0,46.8208
0,112,36,0,0,46.7817
0,113,36,0,0,46.7436
0,114,36,0,0,46.7063
0,115,36,0,0,46.6699
0,116,36,0,0,46.6343
0,117,36,0,0,46.5996
0,118,36,0,0,46.5656
0,119,36,0,0,46.5325
0,120,36,0,0,46.5001
0,121,36,0,0,46.4684
0,122,36,0,0,46.4375
0,123,36,0,0,46.4073
0,124,36,0,0,46.3778
0,125,36,0,0,46.349
0,126,36,0,0,46.3209
0,127,36,0,0,46.2934
0,128,36,0,1.24031e-06,46.2665
0,129,36,0,0,46.2402
0,130,36,0,0,46.2144
0,131,36,0,0,46.1893
0,132,36,0,0,46.1648
0,133,36,0,0,46.1408
0,134,36,0,0,46.1173
0,135,36,0,0,46.0944
0,136,36,0,0,46.0721
0,137,36,0,0,46.0502
0,138,36,0,0,46.0288
0,139,36,0,0,46.008
0,140,36,0,0,45.9876
0,141,36,0,0,45.9677
0,142,36,0,0,45.9482
0,143,36,0,0,45.9292
0,144,36,0,0,45.9106
0,145,36,0,0,45.8925
0,146,36,0,0,45.8747
0,147,36,0,0,45.8574
0,148,36,0,0,45.8405
0,149,36,0,0,45.8239
0,150,36,0,0,45.8077
0,151,36,0,0,45.7919
0,152,36,0,0,45.7765
0,153,36,0,0,45.7614
0,154,36,0,0,45.7466
0,155,36,0,0,45.7322
0,156,36,0,0,45.7181
0,157,36,0,0,45.7043
0,158,36,0,0,45.6908
0,159,36,0,0,45.6777
0,160,36,0,1.24031e-06,45.6648
0,161,36,0,0,45.652
0,162,36,0,0,45.6396
0,163,36,0,0,45.6274
0,164,36,0,0,45.6155
0,165,36,0,0,45.6039
0,166,36,0,0,45.5924
0,167,36,0,0,45.5813
0,168,36,0,0,45.5703
0,169,36,0,0,45.5596
0,170,36,0,0,45.5491
0,171,36,0,0,45.5388
0,172,36,0,0,45.5287
0,173,36,0,0,45.5189
0,174,36,0,0,45.5092
0,175,36,0,0,45.4997
0,176,36,0,0,45.4904
0,177,36,0,0,45.4813
0,178,36,0,0,45.4723
0,179,36,0,0,45.4635
0,180,36,0,0,45.4549
0,181,36,0,0,45.4465
0,182,36,0,0,45.4382
0,183,36,0,0,45.4301
0,184,36,0,0,45.4221
0,185,36,0,0,45.4143
0,186,36,0,0,45.4067
0,187,36,0,0,45.3992
0,188,36,0,0,45.3918
0,189,36,0,0,45.3846
0,190,36,0,0,45.3775
0,191,36,0,0,45.3705
0,192,36,0,1.24031e-06,45.3637
0,193,36,0,0,45.3569
0,194,36,0,0,45.3503
0,195,36,0,0,45.3437
0,196,36,0,0,45.3373
0,197,36,0,0,45.3311
0,198,36,0,0,45.3249
0,199,36,0,0,45.3189
0,200,36,0,0,45.3129
0,201,36,0,0,45.3071
0,202,36,0,0,45.3014
0,203,36,0,0,45.2959
0,204,36,0,0,45.2904
0,205,36,0,0,45.285
0,206,36,0,0,45.2798
0,207,36,0,0,45.2746
0,208,36,0,0,45.2696
0,209,36,0,0,45.2646
0,210,36,0,0,45.2597
0,211,36,0,0,45.255
0,212,36,0,0,45.2503
0,213,36,0,0,45.2457
0,214,36,0,0,45.2412
0,215,36,0,0,45.2368
0,216,36,0,0,45.2325
0,217,36,0,0,45.2283
0,218,36,0,0,45.2241
0,219,36,0,0,45.22
0,220,36,0,0,45.216
0,221,36,0,0,45.2121
0,222,36,0,0,45.2083
0,223,36,0,0,45.2046
0,224,36,0,1.24031e-06,45.2009
0,225,36,0,0,45.1972
0,226,36,0,0,45.1936
0,227,36,0,0,45.1901
0,228,36,0,0,45.1867
0,229,36,0,0,45.1833
0,230,36,0,0,45.1801
0,231,36,0,0,45.1769
0,232,36,0,0,45.1738
0,233,36,0,0,45.1709
0,234,36,0,0,45.168
0,235,36,0,0,45.1652
0,236,36,0,0,45.1625
0,237,36,0,0,45.1599
0,238,36,0,0,45.1574
0,239,36,0,0,45.155
0,240,36,0,0,45.1527
0,241,36,0,0,45.1506
0,242,36,0,0,45.1485
0,243,36,0,0,45.1466
0,244,36,0,0,45.1448
0,245,36,0,0,45.1431
0,246,36,0,0,45.1416
0,247,36,0,0,45.1402
0,248,36,0,0,45.1389
0,249,36,0,0,45.1378
0,250,36,0,0,45.1367
0,251,36,0,0,45.1359
0,252,36,0,0,45.1351
0,253,36,0,0,45.1346
0,254,36,0,0,45.1341
0,255,36,0,0,45.1338
0,0,37,0,1.24031e-06,56.9211
0,1,37,0,0,56.9074
0,2,37,0,0,56.887
0,3,37,0,0,56.86
0,4,37,0,0,56.8263
0,5,37,0,0,56.7862
0,6,37,0,0,56.7398
0,7,37,0,0,56.6871
0,8,37,0,0,56.6283
0,9,37,0,0,56.5636
0,10,37,0,0,56.4932
0,11,37,0,0,56.4172
0,12,37,0,0,56.3359
0,13,37,0,0,56.2496
0,14,37,0,0,56.1583
0,15,37,0,0,56.0624
0,16,37,0,0,55.962
0,17,37,0,0,55.8575
0,18,37,0,0,55.749
0,19,37,0,0,55.6369
0,20,37,0,0,55.5214
0,21,37,0,0,55.4027
0,22,37,0,0,55.281
0,23,37,0,0,55.1567
0,24,37,0,0,55.0299
0,25,37,0,0,54.9009
0,26,37,0,0,54.7699
0,27,37,0,0,54.6372
0,28,37,0,0,54.503
0,29,37,0,0,54.3675
0,30,37,0,0,54.2309
0,31,37,0,0,54.0934
0,32,37,0,1.24031e-06,53.9552
0,33,37,0,0,53.8163
0,34,37,0,0,53.6772
0,35,37,0,0,53.5378
0,36,37,0,0,53.3985
0,37,37,0,0,53.2593
0,38,37,0,0,53.1204
0,39,37,0,0,52.9819
0,40,37,0,0,52.844
0,41,37,0,0,52.7067
0,42,37,0,0,52.5702
0,43,37,0,0,52.4346
0,44,37,0,0,52.3
0,45,37,0,0,52.1665
0,46,37,0,0,52.0341
0,47,37,0,0,51.9029
0,48,37,0,0,51.7731
0,49,37,0,0,51.6446
0,50,37,0,0,51.5176
0,51,37,0,0,51.392
0,52,37,0,0,51.2679
0,53,37,0,0,51.1455
0,54,37,0,0,51.0246
0,55,37,0,0,50.9053
0,56,37,0,0,50.7877
0,57,37,0,0,50.6718
0,58,37,0,0,50.5576
0,59,37,0,0,50.4451
0,60,37,0,0,50.3344
0,61,37,0,0,50.2254
0,62,37,0,0,50.1181
0,63,37,0,0,50.0126
0,64,37,0,1.24031e-06,49.9089
0,65,37,0,0,49.8068
0,66,37,0,0,49.7065
0,67,37,0,0,49.6079
0,68,37,0,0,49.5111
0,69,37,0,0,49.416
0,70,37,0,0,49.3226
0,71,37,0,0,49.231
0,72,37,0,0,49.141
0,73,37,0,0,49.0528
0,74,37,0,0,48.9662
0,75,37,0,0,48.8813
0,76,37,0,0,48.798
0,77,37,0,0,48.7163
0,78,37,0,0,48.6363
0,79,37,0,0,48.5579
0,80,37,0,0,48.481
0,81,37,0,0,48.4056
0,82,37,0,0,48.3318
0,83,37,0,0,48.2596
0,84,37,0,0,48.1888
0,85,37,0,0,48.1194
0,86,37,0,0,48.0516
0,87,37,0,0,47.9851
0,88,37,0,0,47.92
0,89,37,0,0,47.8564
0,90,37,0,0,47.7941
0,91,37,0,0,47.7331
0,92,37,0,0,47.6734
0,93,37,0,0,47.6151
0,94,37,0,0,47.558
0,95,37,0,0,47.5021
0,96,37,0,1.24031e-06,47.4475
0,97,37,0,0,47.3939
0,98,37,0,0,47.3416
0,99,37,0,0,47.2904
0,100,37,0,0,47.2404
0,101,37,0,0,47.1914
0,102,37,0,0,47.1436
0,103,37,0,0,47.0968
0,104,37,0,0,47.051
0,105,37,0,0,47.0063
0,106,37,0,0,46.9626
0,107,37,0,0,46.9199
0,108,37,0,0,46.8782
0,109,37,0,0,46.8374
0,110,37,0,0,46.7975
0,111,37,0,0,46.7585
0,112,37,0,0,46.7204
0,113,37,0,0,46.6832
0,114,37,0,0,46.6468
0,115,37,0,0,46.6112
0,116,37,0,0,46.5765
0,117,37,0,0,46.5425
0,118,37,0,0,46.5094
0,119,37,0,0,46.4769
0,120,37,0,0,46.4453
0,121,37,0,0,46.4143
0,122,37,0,0,46.384
0,123,37,0,0,46.3545
0,124,37,0,0,46.3256
0,125,37,0,0,46.2974
0,126,37,0,0,46.2698
0,127,37,0,0,46.2428
0,128,37,0,1.24031e-06,46.2165
0,129,37,0,0,46.1907
0,130,37,0,0,46.1654
0,131,37,0,0,46.1407
0,132,37,0,0,46.1166
0,133,37,0,0,46.0931
0,134,37,0,0,46.07
0,135,37,0,0,46.0475
0,136,37,0,0,46.0256
0,137,37,0,0,46.0041
0,138,37,0,0,45.9831
0,139,37,0,0,45.9625
0,140,37,0,0,45.9425
0,141,37,0,0,45.9229
0,142,37,0,0,45.9037
0,143,37,0,0,45.885
0,144,37,0,0,45.8667
0,145,37,0,0,45.8488
0,146,37,0,0,45.8314
0,147,37,0,0,45.8143
0,148,37,0,0,45.7976
0,149,37,0,0,45.7813
0,150,37,0,0,45.7653
0,151,37,0,0,45.7497
0,152,37,0,0,45.7345
0,153,37,0,0,45.7196
0,154,37,0,0,45.705
0,155,37,0,0,45.6908
0,156,37,0,0,45.6769
0,157,37,0,0,45.6633
0,158,37,0,0,45.65
0,159,37,0,0,45.6369
0,160,37,0,1.24031e-06,45.6242
0,161,37,0,0,45.6116
0,162,37,0,0,45.5993
0,163,37,0,0,45.5873
0,164,37,0,0,45.5755
0,165,37,0,0,45.564
0,166,37,0,0,45.5527
0,167,37,0,0,45.5416
0,168,37,0,0,45.5308
0,169,37,0,0,45.5202
0,170,37,0,0,45.5098
0,171,37,0,0,45.4996
0,172,37,0,0,45.4896
0,173,37,0,0,45.4798
0,174,37,0,0,45.4702
0,175,37,0,0,45.4607
0,176,37,0,0,45.4515
0,177,37,0,0,45.4424
0,178,37,0,0,45.4335
0,179,37,0,0,45.4248
0,180,37,0,0,45.4162
0,181,37,0,0,45.4078
0,182,37,0,0,45.3996
0,183,37,0,0,45.3915
0,184,37,0,0,45.3835
0,185,37,0,0,45.3757
0,186,37,0,0,45.3681
0,187,37,0,0,45.3606
0,188,37,0,0,45.3532
0,189,37,0,0,45.346
0,190,37,0,0,45.3389
0,191,37,0,0,45.3319
0,192,37,0,1.24031e-06,45.3251
0,193,37,0,0,45.3183
0,194,37,0,0,45.3116
0,195,37,0,0,45.305
0,196,37,0,0,45.2986
0,197,37,0,0,45.2923
0,198,37,0,0,45.2861
0,199,37,0,0,45.28
0,200,37,0,0,45.2741
0,201,37,0,0,45.2682
0,202,37,0,0,45.2625
0,203,37,0,0,45.2569
0,204,37,0,0,45.2514
0,205,37,0,0,45.246
0,206,37,0,0,45.2407
0,207,37,0,0,45.2355
0,208,37,0,0,45.2303
0,209,37,0,0,45.2253
0,210,37,0,0,45.2204
0,211,37,0,0,45.2156
0,212,37,0,0,45.2109
0,213,37,0,0,45.2062
0,214,37,0,0,45.2017
0,215,37,0,0,45.1972
0,216,37,0,0,45.1928
0,217,37,0,0,45.1885
0,218,37,0,0,45.1843
0,219,37,0,0,45.1802
0,220,37,0,0,45.1761
0,221,37,0,0,45.1721
0,222,37,0,0,45.1682
0,223,37,0,0,45.1644
0,224,37,0,1.24031e-06,45.1607
0,225,37,0,0,45.157
0,226,37,0,0,45.1533
0,227,37,0,0,45.1497
0,228,37,0,0,45.1462
0,229,37,0,0,45.1428
0,230,37,0,0,45.1395
0,231,37,0,0,45.1362
0,232,37,0,0,45.1331
0,233,37,0,0,45.13
0,234,37,0,0,45.1271
0,235,37,0,0,45.1242
0,236,37,0,0,45.1215
0,237,37,0,0,45.1188
0,238,37,0,0,45.1162
0,239,37,0,0,45.1138
0,240,37,0,0,45.1115
0,241,37,0,0,45.1093
0,242,37,0,0,45.1072
0,243,37,0,0,45.1052
0,244,37,0,0,45.1033
0,245,37,0,0,45.1016
0,246,37,0,0,45.1
0,247,37,0,0,45.0986
0,248,37,0,0,45.0973
0,249,37,0,0,45.0961
0,250,37,0,0,45.095
0,251,37,0,0,45.0942
0,252,37,0,0,45.0934
0,253,37,0,0,45.0928
0,254,37,0,0,45.0924
0,255,37,0,0,45.0921
0,0,38,0,1.24031e-06,56.3679
0,1,38,0,0,56.3553
0,2,38,0,0,56.3364
0,3,38,0,0,56.3114
0,4,38,0,0,56.2803
0,5,38,0,0,56.2432
0,6,38,0,0,56.2001
0,7,38,0,0,56.1513
0,8,38,0,0,56.0969
0,9,38,0,0,56.0369
0,10,38,0,0,55.9716
0,11,38,0,0,55.9012
0,12,38,0,0,55.8257
0,13,38,0,0,55.7455
0,14,38,0,0,55.6607
0,15,38,0,0,55.5715
0,16,38,0,0,55.4782
0,17,38,0,0,55.3809
0,18,38,0,0,55.2799
0,19,38,0,0,55.1754
0,20,38,0,0,55.0676
0,21,38,0,0,54.9568
0,22,38,0,0,54.8432
0,23,38,0,0,54.7269
0,24,38,0,0,54.6083
0,25,38,0,0,54.4876
0,26,38,0,0,54.3649
0,27,38,0,0,54.2405
0,28,38,0,0,54.1146
0,29,38,0,0,53.9873
0,30,38,0,0,53.8589
0,31,38,0,0,53.7296
0,32,38,0,1.24031e-06,53.5996
0,33,38,0,0,53.4688
0,34,38,0,0,53.3376
0,35,38,0,0,53.2062
0,36,38,0,0,53.0746
0,37,38,0,0,52.9431
0,38,38,0,0,52.8118
0,39,38,0,0,52.6807
0,40,38,0,0,52.5501
0,41,38,0,0,52.42
0,42,38,0,0,52.2906
0,43,38,0,0,52.162
0,44,38,0,0,52.0341
0,45,38,0,0,51.9073
0,46,38,0,0,51.7814
0,47,38,0,0,51.6566
0,48,38,0,0,51.533
0,49,38,0,0,51.4106
0,50,38,0,0,51.2895
0,51,38,0,0,51.1697
0,52,38,0,0,51.0513
0,53,38,0,0,50.9343
0,54,38,0,0,50.8188
0,55,38,0,0,50.7048
0,56,38,0,0,50.5923
0,57,38,0,0,50.4814
0,58,38,0,0,50.372
0,59,38,0,0,50.2642
0,60,38,0,0,50.1581
0,61,38,0,0,50.0535
0,62,38,0,0,49.9506
0,63,38,0,0,49.8493
0,64,38,0,1.24031e-06,49.7497
0,65,38,0,0,49.6516
0,66,38,0,0,49.5551
0,67,38,0,0,49.4603
0,68,38,0,0,49.3671
0,69,38,0,0,49.2756
0,70,38,0,0,49.1856
0,71,38,0,0,49.0973
0,72,38,0,0,49.0106
0,73,38,0,0,48.9256
0,74,38,0,0,48.842
0,75,38,0,0,48.7601
0,76,38,0,0,48.6797
0,77,38,0,0,48.6009
0,78,38,0,0,48.5236
0,79,38,0,0,48.4478
0,80,38,0,0,48.3734
0,81,38,0,0,48.3006
0,82,38,0,0,48.2292
0,83,38,0,0,48.1593
0,84,38,0,0,48.0908
0,85,38,0,0,48.0237
0,86,38,0,0,47.958
0,87,38,0,0,47.8936
0,88,38,0,0,47.8306
0,89,38,0,0,47.7689
0,90,38,0,0,47.7085
0,91,38,0,0,47.6494
0,92,38,0,0,47.5915
0,93,38,0,0,47.5349
0,94,38,0,0,47.4795
0,95,38,0,0,47.4253
0,96,38,0,1.24031e-06,47.3723
0,97,38,0,0,47.3203
0,98,38,0,0,47.2695
0,99,38,0,0,47.2197
0,100,38,0,0,47.1711
0,101,38,0,0,47.1235
0,102,38,0,0,47.077
0,103,38,0,0,47.0315
0,104,38,0,0,46.987
0,105,38,0,0,46.9435
0,106,38,0,0,46.901
0,107,38,0,0,46.8594
0,108,38,0,0,46.8187
0,109,38,0,0,46.779
0,110,38,0,0,46.7401
0,111,38,0,0,46.7021
0,112,38,0,0,46.665
0,113,38,0,0,46.6287
0,114,38,0,0,46.5932
0,115,38,0,0,46.5585
0,116,38,0,0,46.5245
0,117,38,0,0,46.4914
0,118,38,0,0,46.459
0,119,38,0,0,46.4273
0,120,38,0,0,46.3963
0,121,38,0,0,46.366
0,122,38,0,0,46.3364
0,123,38,0,0,46.3075
0,124,38,0,0,46.2792
0,125,38,0,0,46.2516
0,126,38,0,0,46.2246
0,127,38,0,0,46.1982
0,128,38,0,1.24031e-06,46.1724
0,129,38,0,0,46.147
0,130,38,0,0,46.1223
0,131,38,0,0,46.0981
0,132,38,0,0,46.0744
0,133,38,0,0,46.0513
0,134,38,0,0,46.0286
0,135,38,0,0,46.0065
0,136,38,0,0,45.9849
0,137,38,0,0,45.9638
0,138,38,0,0,45.9432
0,139,38,0,0,45.923
0,140,38,0,0,45.9032
0,141,38,0,0,45.884
0,142,38,0,0,45.8651
0,143,38,0,0,45.8467
0,144,38,0,0,45.8287
0,145,38,0,0,45.8111
0,146,38,0,0,45.7938
0,147,38,0,0,45.777
0,148,38,0,0,45.7606
0,149,38,0,0,45.7445
0,150,38,0,0,45.7288
0,151,38,0,0,45.7134
0,152,38,0,0,45.6984
0,153,38,0,0,45.6837
0,154,38,0,0,45.6693
0,155,38,0,0,45.6553
0,156,38,0,0,45.6415
0,157,38,0,0,45.6281
0,158,38,0,0,45.615
0,159,38,0,0,45.6021
0,160,38,0,1.24031e-06,45.5895
0,161,38,0,0,45.5771
0,162,38,0,0,45.565
0,163,38,0,0,45.5531
0,164,38,0,0,45.5414
0,165,38,0,0,45.53
0,166,38,0,0,45.5188
0,167,38,0,0,45.5079
0,168,38,0,0,45.4972
0,169,38,0,0,45.4866
0,170,38,0,0,45.4763
0,171,38,0,0,45.4662
0,172,38,0,0,45.4563
0,173,38,0,0,45.4466
0,174,38,0,0,45.437
0,175,38,0,0,45.4277
0,176,38,0,0,45.4185
0,177,38,0,0,45.4095
0,178,38,0,0,45.4006
0,179,38,0,0,45.3919
0,180,38,0,0,45.3834
0,181,38,0,0,45.375
0,182,38,0,0,45.3668
0,183,38,0,0,45.3587
0,184,38,0,0,45.3508
0,185,38,0,0,45.343
0,186,38,0,0,45.3354
0,187,38,0,0,45.3278
0,188,38,0,0,45.3205
0,189,38,0,0,45.3132
0,190,38,0,0,45.3061
0,191,38,0,0,45.2991
0,192,38,0,1.24031e-06,45.2923
0,193,38,0,0,45.2855
0,194,38,0,0,45.2788
0,195,38,0,0,45.2722
0,196,38,0,0,45.2657
0,197,38,0,0,45.2594
0,198,38,0,0,45.2532
0,199,38,0,0,45.2471
0,200,38,0,0,45.2411
0,201,38,0,0,45.2352
0,202,38,0,0,45.2294
0,203,38,0,0,45.2237
0,204,38,0,0,45.2182
0,205,38,0,0,45.2127
0,206,38,0,0,45.2074
0,207,38,0,0,45.2021
0,208,38,0,0,45.197
0,209,38,0,0,45.1919
0,210,38,0,0,45.1869
0,211,38,0,0,45.182
0,212,38,0,0,45.1772
0,213,38,0,0,45.1725
0,214,38,0,0,45.1679
0,215,38,0,0,45.1634
0,216,38,0,0,45.159
0,217,38,0,0,45.1546
0,218,38,0,0,45.1503
0,219,38,0,0,45.1461
0,220,38,0,0,45.142
0,221,38,0,0,45.1379
0,222,38,0,0,45.134
0,223,38,0,0,45.1301
0,224,38,0,1.24031e-06,45.1263
0,225,38,0,0,45.1225
0,226,38,0,0,45.1187
0,227,38,0,0,45.1151
0,228,38,0,0,45.1115
0,229,38,0,0,45.108
0,230,38,0,0,45.1046
0,231,38,0,0,45.1013
0,232,38,0,0,45.0981
0,233,38,0,0,45.0949
0,234,38,0,0,45.0919
0,235,38,0,0,45.089
0,236,38,0,0,45.0861
0,237,38,0,0,45.0834
0,238,38,0,0,45.0808
0,239,38,0,0,45.0783
0,240,38,0,0,45.0759
0,241,38,0,0,45.0736
0,242,38,0,0,45.0714
0,243,38,0,0,45.0694
0,244,38,0,0,45.0675
0,245,38,0,0,45.0657
0,246,38,0,0,45.0641
0,247,38,0,0,45.0626
0,248,38,0,0,45.0612
0,249,38,0,0,45.06
0,250,38,0,0,45.0589
0,251,38,0,0,45.058
0,252,38,0,0,45.0572
0,253,38,0,0,45.0566
0,254,38,0,0,45.0561
0,255,38,0,0,45.0558
0,0,39,0,1.24031e-06,55.847
0,1,39,0,0,55.8352
0,2,39,0,0,55.8178
0,3,39,0,0,55.7946
0,4,39,0,0,55.7658
0,5,39,0,0,55.7313
0,6,39,0,0,55.6915
0,7,39,0,0,55.6462
0,8,39,0,0,55.5957
0,9,39,0,0,55.5401
0,10,39,0,0,55.4795
0,11,39,0,0,55.414
0,12,39,0,0,55.3439
0,13,39,0,0,55.2694
0,14,39,0,0,55.1905
0,15,39,0,0,55.1075
0,16,39,0,0,55.0206
0,17,39,0,0,54.93
0,18,39,0,0,54.8358
0,19,39,0,0,54.7383
0,20,39,0,0,54.6378
0,21,39,0,0,54.5342
0,22,39,0,0,54.428
0,23,39,0,0,54.3193
0,24,39,0,0,54.2083
0,25,39,0,0,54.0952
0,26,39,0,0,53.9802
0,27,39,0,0,53.8635
0,28,39,0,0,53.7453
0,29,39,0,0,53.6258
0,30,39,0,0,53.5051
0,31,39,0,0,53.3834
0,32,39,0,1.24031e-06,53.261
0,33,39,0,0,53.1378
0,34,39,0,0,53.0141
0,35,39,0,0,52.89
0,36,39,0,0,52.7658
0,37,39,0,0,52.6415
0,38,39,0,0,52.5173
0,39,39,0,0,52.3933
0,40,39,0,0,52.2697
0,41,39,0,0,52.1464
0,42,39,0,0,52.0237
0,43,39,0,0,51.9016
0,44,39,0,0,51.7802
0,45,39,0,0,51.6597
0,46,39,0,0,51.54
0,47,39,0,0,51.4213
0,48,39,0,0,51.3036
0,49,39,0,0,51.1871
0,50,39,0,0,51.0716
0,51,39,0,0,50.9574
0,52,39,0,0,50.8444
0,53,39,0,0,50.7327
0,54,39,0,0,50.6224
0,55,39,0,0,50.5134
0,56,39,0,0,50.4058
0,57,39,0,0,50.2997
0,58,39,0,0,50.195
0,59,39,0,0,50.0917
0,60,39,0,0,49.99
0,61,39,0,0,49.8898
0,62,39,0,0,49.791
0,63,39,0,0,49.6938
0,64,39,0,1.24031e-06,49.5982
0,65,39,0,0,49.5039
0,66,39,0,0,49.4112
0,67,39,0,0,49.3201
0,68,39,0,0,49.2305
0,69,39,0,0,49.1424
0,70,39,0,0,49.0558
0,71,39,0,0,48.9708
0,72,39,0,0,48.8872
0,73,39,0,0,48.8052
0,74,39,0,0,48.7247
0,75,39,0,0,48.6457
0,76,39,0,0,48.5681
0,77,39,0,0,48.492
0,78,39,0,0,48.4174
0,79,39,0,0,48.3442
0,80,39,0,0,48.2724
0,81,39,0,0,48.202
0,82,39,0,0,48.133
0,83,39,0,0,48.0654
0,84,39,0,0,47.9991
0,85,39,0,0,47.9342
0,86,39,0,0,47.8706
0,87,39,0,0,47.8083
0,88,39,0,0,47.7473
0,89,39,0,0,47.6876
0,90,39,0,0,47.6291
0,91,39,0,0,47.5718
0,92,39,0,0,47.5157
0,93,39,0,0,47.4608
0,94,39,0,0,47.4071
0,95,39,0,0,47.3545
0,96,39,0,1.24031e-06,47.3031
0,97,39,0,0,47.2527
0,98,39,0,0,47.2033
0,99,39,0,0,47.155
0,100,39,0,0,47.1078
0,101,39,0,0,47.0616
0,102,39,0,0,47.0164
0,103,39,0,0,46.9722
0,104,39,0,0,46.9289
0,105,39,0,0,46.8866
0,106,39,0,0,46.8452
0,107,39,0,0,46.8048
0,108,39,0,0,46.7652
0,109,39,0,0,46.7265
0,110,39,0,0,46.6886
0,111,39,0,0,46.6516
0,112,39,0,0,46.6154
0,113,39,0,0,46.58
0,114,39,0,0,46.5454
0,115,39,0,0,46.5116
0,116,39,0,0,46.4785
0,117,39,0,0,46.4461
0,118,39,0,0,46.4144
0,119,39,0,0,46.3835
0,120,39,0,0,46.3532
0,121,39,0,0,46.3236
0,122,39,0,0,46.2947
0,123,39,0,0,46.2664
0,124,39,0,0,46.2387
0,125,39,0,0,46.2117
0,126,39,0,0,46.1852
0,127,39,0,0,46.1594
0,128,39,0,1.24031e-06,46.1341
0,129,39,0,0,46.1092
0,130,39,0,0,46.085
0,131,39,0,0,46.0612
0,132,39,0,0,46.038
0,133,39,0,0,46.0153
0,134,39,0,0,45.9931
0,135,39,0,0,45.9714
0,136,39,0,0,45.9502
0,137,39,0,0,45.9294
0,138,39,0,0,45.9091
0,139,39,0,0,45.8893
0,140,39,0,0,45.8699
0,141,39,0,0,45.8509
0,142,39,0,0,45.8323
0,143,39,0,0,45.8142
0,144,39,0,0,45.7965
0,145,39,0,0,45.7791
0,146,39,0,0,45.7622
0,147,39,0,0,45.7456
0,148,39,0,0,45.7294
0,149,39,0,0,45.7136
0,150,39,0,0,45.6981
0,151,39,0,0,45.6829
0,152,39,0,0,45.6681
0,153,39,0,0,45.6536
0,154,39,0,0,45.6395
0,155,39,0,0,45.6256
0,156,39,0,0,45.6121
0,157,39,0,0,45.5988
0,158,39,0,0,45.5858
0,159,39,0,0,45.5732
0,160,39,0,1.24031e-06,45.5607
0,161,39,0,0,45.5485
0,162,39,0,0,45.5365
0,163,39,0,0,45.5247
0,164,39,0,0,45.5132
0,165,39,0,0,45.5019
0,166,39,0,0,45.4909
0,167,39,0,0,45.48
0,168,39,0,0,45.4694
0,169,39,0,0,45.459
0,170,39,0,0,45.4488
0,171,39,0,0,45.4388
0,172,39,0,0,45.4289
0,173,39,0,0,45.4193
0,174,39,0,0,45.4098
0,175,39,0,0,45.4005
0,176,39,0,0,45.3914
0,177,39,0,0,45.3824
0,178,39,0,0,45.3736
0,179,39,0,0,45.365
0,180,39,0,0,45.3565
0,181,39,0,0,45.3481
0,182,39,0,0,45.3399
0,183,39,0,0,45.3319
0,184,39,0,0,45.3239
0,185,39,0,0,45.3162
0,186,39,0,0,45.3085
0,187,39,0,0,45.301
0,188,39,0,0,45.2936
0,189,39,0,0,45.2864
0,190,39,0,0,45.2792
0,191,39,0,0,45.2722
0,192,39,0,1.24031e-06,45.2654
0,193,39,0,0,45.2585
0,194,39,0,0,45.2518
0,195,39,0,0,45.2452
0,196,39,0,0,45.2387
0,197,39,0,0,45.2323
0,198,39,0,0,45.2261
0,199,39,0,0,45.2199
0,200,39,0,0,45.2139
0,201,39,0,0,45.2079
0,202,39,0,0,45.2021
0,203,39,0,0,45.1964
0,204,39,0,0,45.1908
0,205,39,0,0,45.1853
0,206,39,0,0,45.1799
0,207,39,0,0,45.1746
0,208,39,0,0,45.1694
0,209,39,0,0,45.1642
0,210,39,0,0,45.1592
0,211,39,0,0,45.1543
0,212,39,0,0,45.1494
0,213,39,0,0,45.1447
0,214,39,0,0,45.14
0,215,39,0,0,45.1354
0,216,39,0,0,45.1309
0,217,39,0,0,45.1264
0,218,39,0,0,45.1221
0,219,39,0,0,45.1178
0,220,39,0,0,45.1136
0,221,39,0,0,45.1095
0,222,39,0,0,45.1055
0,223,39,0,0,45.1015
0,224,39,0,1.24031e-06,45.0976
0,225,39,0,0,45.0937
0,226,39,0,0,45.0899
0,227,39,0,0,45.0862
0,228,39,0,0,45.0825
0,229,39,0,0,45.0789
0,230,39,0,0,45.0754
0,231,39,0,0,45.072
0,232,39,0,0,45.0687
0,233,39,0,0,45.0655
0,234,39,0,0,45.0624
0,235,39,0,0,45.0594
0,236,39,0,0,45.0565
0,237,39,0,0,45.0536
0,238,39,0,0,45.0509
0,239,39,0,0,45.0484
0,240,39,0,0,45.0459
0,241,39,0,0,45.0435
0,242,39,0,0,45.0413
0,243,39,0,0,45.0392
0,244,39,0,0,45.0372
0,245,39,0,0,45.0354
0,246,39,0,0,45.0337
0,247,39,0,0,45.0321
0,248,39,0,0,45.0307
0,249,39,0,0,45.0294
0,250,39,0,0,45.0283
0,251,39,0,0,45.0274
0,252,39,0,0,45.0266
0,253,39,0,0,45.0259
0,254,39,0,0,45.0254
0,255,39,0,0,45.0251
0,0,40,0,1.24031e-06,55.3565
0,1,40,0,0,55.3457
0,2,40,0,0,55.3295
0,3,40,0,0,55.308
0,4,40,0,0,55.2812
0,5,40,0,0,55.2493
0,6,40,0,0,55.2123
0,7,40,0,0,55.1703
0,8,40,0,0,55.1234
0,9,40,0,0,55.0717
0,10,40,0,0,55.0154
0,11,40,0,0,54.9546
0,12,40,0,0,54.8894
0,13,40,0,0,54.82
0,14,40,0,0,54.7466
0,15,40,0,0,54.6693
0,16,40,0,0,54.5883
0,17,40,0,0,54.5038
0,18,40,0,0,54.416
0,19,40,0,0,54.325
0,20,40,0,0,54.231
0,21,40,0,0,54.1343
0,22,40,0,0,54.0349
0,23,40,0,0,53.9332
0,24,40,0,0,53.8292
0,25,40,0,0,53.7232
0,26,40,0,0,53.6154
0,27,40,0,0,53.5058
0,28,40,0,0,53.3948
0,29,40,0,0,53.2825
0,30,40,0,0,53.169
0,31,40,0,0,53.0544
0,32,40,0,1.24031e-06,52.9391
0,33,40,0,0,52.823
0,34,40,0,0,52.7063
0,35,40,0,0,52.5892
0,36,40,0,0,52.4719
0,37,40,0,0,52.3545
0,38,40,0,0,52.237
0,39,40,0,0,52.1196
0,40,40,0,0,52.0025
0,41,40,0,0,51.8857
0,42,40,0,0,51.7693
0,43,40,0,0,51.6535
0,44,40,0,0,51.5383
0,45,40,0,0,51.4237
0,46,40,0,0,51.31
0,47,40,0,0,51.197
0,48,40,0,0,51.085
0,49,40,0,0,50.974
0,50,40,0,0,50.864
0,51,40,0,0,50.7551
0,52,40,0,0,50.6473
0,53,40,0,0,50.5407
0,54,40,0,0,50.4353
0,55,40,0,0,50.3312
0,56,40,0,0,50.2283
0,57,40,0,0,50.1268
0,58,40,0,0,50.0266
0,59,40,0,0,49.9278
0,60,40,0,0,49.8303
0,61,40,0,0,49.7342
0,62,40,0,0,49.6396
0,63,40,0,0,49.5463
0,64,40,0,1.24031e-06,49.4545
0,65,40,0,0,49.364
0,66,40,0,0,49.275
0,67,40,0,0,49.1873
0,68,40,0,0,49.1012
0,69,40,0,0,49.0164
0,70,40,0,0,48.9331
0,71,40,0,0,48.8513
0,72,40,0,0,48.7709
0,73,40,0,0,48.6919
0,74,40,0,0,48.6143
0,75,40,0,0,48.5381
0,76,40,0,0,48.4633
0,77,40,0,0,48.3899
0,78,40,0,0,48.3179
0,79,40,0,0,48.2472
0,80,40,0,0,48.1779
0,81,40,0,0,48.1099
0,82,40,0,0,48.0432
0,83,40,0,0,47.9779
0,84,40,0,0,47.9138
0,85,40,0,0,47.8511
0,86,40,0,0,47.7896
0,87,40,0,0,47.7293
0,88,40,0,0,47.6702
0,89,40,0,0,47.6124
0,90,40,0,0,47.5558
0,91,40,0,0,47.5003
0,92,40,0,0,47.446
0,93,40,0,0,47.3928
0,94,40,0,0,47.3408
0,95,40,0,0,47.2898
0,96,40,0,1.24031e-06,47.24
0,97,40,0,0,47.191
0,98,40,0,0,47.1432
0,99,40,0,0,47.0963
0,100,40,0,0,47.0505
0,101,40,0,0,47.0056
0,102,40,0,0,46.9617
0,103,40,0,0,46.9188
0,104,40,0,0,46.8768
0,105,40,0,0,46.8357
0,106,40,0,0,46.7954
0,107,40,0,0,46.7561
0,108,40,0,0,46.7176
0,109,40,0,0,46.6799
0,110,40,0,0,46.6431
0,111,40,0,0,46.6071
0,112,40,0,0,46.5718
0,113,40,0,0,46.5373
0,114,40,0,0,46.5036
0,115,40,0,0,46.4706
0,116,40,0,0,46.4383
0,117,40,0,0,46.4067
0,118,40,0,0,46.3758
0,119,40,0,0,46.3456
0,120,40,0,0,46.316
0,121,40,0,0,46.2871
0,122,40,0,0,46.2588
0,123,40,0,0,46.2312
0,124,40,0,0,46.2041
0,125,40,0,0,46.1777
0,126,40,0,0,46.1518
0,127,40,0,0,46.1264
0,128,40,0,1.24031e-06,46.1017
0,129,40,0,0,46.0773
0,130,40,0,0,46.0535
0,131,40,0,0,46.0302
0,132,40,0,0,46.0075
0,133,40,0,0,45.9852
0,134,40,0,0,45.9634
0,135,40,0,0,45.9421
0,136,40,0,0,45.9212
0,137,40,0,0,45.9009
0,138,40,0,0,45.8809
0,139,40,0,0,45.8614
0,140,40,0,0,45.8423
0,141,40,0,0,45.8237
0,142,40,0,0,45.8054
0,143,40,0,0,45.7876
0,144,40,0,0,45.7701
0,145,40,0,0,45.7531
0,146,40,0,0,45.7364
0,147,40,0,0,45.7201
0,148,40,0,0,45.7041
0,149,40,0,0,45.6885
0,150,40,0,0,45.6732
0,151,40,0,0,45.6583
0,152,40,0,0,45.6437
0,153,40,0,0,45.6294
0,154,40,0,0,45.6155
0,155,40,0,0,45.6018
0,156,40,0,0,45.5884
0,157,40,0,0,45.5754
0,158,40,0,0,45.5626
0,159,40,0,0,45.5501
0,160,40,0,1.24031e-06,45.5378
0,161,40,0,0,45.5257
0,162,40,0,0,45.5138
0,163,40,0,0,45.5022
0,164,40,0,0,45.4909
0,165,40,0,0,45.4797
0,166,40,0,0,45.4688
0,167,40,0,0,45.4581
0,168,40,0,0,45.4476
0,169,40,0,0,45.4372
0,170,40,0,0,45.4271
0,171,40,0,0,45.4172
0,172,40,0,0,45.4075
0,173,40,0,0,45.3979
0,174,40,0,0,45.3885
0,175,40,0,0,45.3792
0,176,40,0,0,45.3702
0,177,40,0,0,45.3613
0,178,40,0,0,45.3525
0,179,40,0,0,45.3439
0,180,40,0,0,45.3354
0,181,40,0,0,45.3271
0,182,40,0,0,45.3189
0,183,40,0,0,45.3109
0,184,40,0,0,45.3029
0,185,40,0,0,45.2952
0,186,40,0,0,45.2875
0,187,40,0,0,45.28
0,188,40,0,0,45.2726
0,189,40,0,0,45.2653
0,190,40,0,0,45.2582
0,191,40,0,0,45.2512
0,192,40,0,1.24031e-06,45.2443
0,193,40,0,0,45.2374
0,194,40,0,0,45.2306
0,195,40,0,0,45.224
0,196,40,0,0,45.2175
0,197,40,0,0,45.211
0,198,40,0,0,45.2047
0,199,40,0,0,45.1986
0,200,40,0,0,45.1925
0,201,40,0,0,45.1865
0,202,40,0,0,45.1806
0,203,40,0,0,45.1749
0,204,40,0,0,45.1692
0,205,40,0,0,45.1637
0,206,40,0,0,45.1582
0,207,40,0,0,45.1528
0,208,40,0,0,45.1476
0,209,40,0,0,45.1424
0,210,40,0,0,45.1373
0,211,40,0,0,45.1323
0,212,40,0,0,45.1274
0,213,40,0,0,45.1225
0,214,40,0,0,45.1178
0,215,40,0,0,45.1131
0,216,40,0,0,45.1086
0,217,40,0,0,45.1041
0,218,40,0,0,45.0996
0,219,40,0,0,45.0953
0,220,40,0,0,45.091
0,221,40,0,0,45.0868
0,222,40,0,0,45.0827
0,223,40,0,0,45.0786
0,224,40,0,1.24031e-06,45.0747
0,225,40,0,0,45.0707
0,226,40,0,0,45.0668
0,227,40,0,0,45.0629
0,228,40,0,0,45.0592
0,229,40,0,0,45.0555
0,230,40,0,0,45.052
0,231,40,0,0,45.0485
0,232,40,0,0,45.0451
0,233,40,0,0,45.0417
0,234,40,0,0,45.0385
0,235,40,0,0,45.0354
0,236,40,0,0,45.0324
0,237,40,0,0,45.0295
0,238,40,0,0,45.0267
0,239,40,0,0,45.024
0,240,40,0,0,45.0215
0,241,40,0,0,45.019
0,242,40,0,0,45.0167
0,243,40,0,0,45.0145
0,244,40,0,0,45.0125
0,245,40,0,0,45.0106
0,246,40,0,0,45.0088
0,247,40,0,0,45.0072
0,248,40,0,0,45.0057
0,249,40,0,0,45.0044
0,250,40,0,0,45.0032
0,251,40,0,0,45.0022
0,252,40,0,0,45.0014
0,253,40,0,0,45.0007
0,254,40,0,0,45.0002
0,255,40,0,0,44.9999
0,0,41,0,1.24031e-06,54.8952
0,1,41,0,0,54.8851
0,2,41,0,0,54.8701
0,3,41,0,0,54.8501
0,4,41,0,0,54.8253
0,5,41,0,0,54.7956
0,6,41,0,0,54.7613
0,7,41,0,0,54.7222
0,8,41,0,0,54.6786
0,9,41,0,0,54.6306
0,10,41,0,0,54.5782
0,11,41,0,0,54.5216
0,12,41,0,0,54.461
0,13,41,0,0,54.3964
0,14,41,0,0,54.328
0,15,41,0,0,54.2559
0,16,41,0,0,54.1804
0,17,41,0,0,54.1015
0,18,41,0,0,54.0195
0,19,41,0,0,53.9345
0,20,41,0,0,53.8466
0,21,41,0,0,53.7561
0,22,41,0,0,53.6632
0,23,41,0,0,53.5679
0,24,41,0,0,53.4704
0,25,41,0,0,53.371
0,26,41,0,0,53.2698
0,27,41,0,0,53.167
0,28,41,0,0,53.0626
0,29,41,0,0,52.957
0,30,41,0,0,52.8502
0,31,41,0,0,52.7424
0,32,41,0,1.24031e-06,52.6337
0,33,41,0,0,52.5242
0,34,41,0,0,52.4141
0,35,41,0,0,52.3036
0,36,41,0,0,52.1928
0,37,41,0,0,52.0817
0,38,41,0,0,51.9706
0,39,41,0,0,51.8595
0,40,41,0,0,51.7486
0,41,41,0,0,51.6379
0,42,41,0,0,51.5275
0,43,41,0,0,51.4176
0,44,41,0,0,51.3081
0,45,41,0,0,51.1993
0,46,41,0,0,51.0912
0,47,41,0,0,50.9838
0,48,41,0,0,50.8772
0,49,41,0,0,50.7714
0,50,41,0,0,50.6666
0,51,41,0,0,50.5628
0,52,41,0,0,50.46
0,53,41,0,0,50.3583
0,54,41,0,0,50.2577
0,55,41,0,0,50.1582
0,56,41,0,0,50.0599
0,57,41,0,0,49.9628
0,58,41,0,0,49.8669
0,59,41,0,0,49.7723
0,60,41,0,0,49.679
0,61,41,0,0,49.5869
0,62,41,0,0,49.4962
0,63,41,0,0,49.4067
0,64,41,0,1.24031e-06,49.3187
0,65,41,0,0,49.2318
0,66,41,0,0,49.1463
0,67,41,0,0,49.0621
0,68,41,0,0,48.9793
0,69,41,0,0,48.8978
0,70,41,0,0,48.8177
0,71,41,0,0,48.739
0,72,41,0,0,48.6616
0,73,41,0,0,48.5855
0,74,41,0,0,48.5107
0,75,41,0,0,48.4373
0,76,41,0,0,48.3652
0,77,41,0,0,48.2945
0,78,41,0,0,48.225
0,79,41,0,0,48.1568
0,80,41,0,0,48.0899
0,81,41,0,0,48.0243
0,82,41,0,0,47.9599
0,83,41,0,0,47.8968
0,84,41,0,0,47.8349
0,85,41,0,0,47.7743
0,86,41,0,0,47.7148
0,87,41,0,0,47.6565
0,88,41,0,0,47.5994
0,89,41,0,0,47.5435
0,90,41,0,0,47.4887
0,91,41,0,0,47.435
0,92,41,0,0,47.3824
0,93,41,0,0,47.331
0,94,41,0,0,47.2806
0,95,41,0,0,47.2312
0,96,41,0,1.24031e-06,47.1829
0,97,41,0,0,47.1355
0,98,41,0,0,47.0891
0,99,41,0,0,47.0437
0,100,41,0,0,46.9992
0,101,41,0,0,46.9557
0,102,41,0,0,46.9131
0,103,41,0,0,46.8714
0,104,41,0,0,46.8306
0,105,41,0,0,46.7907
0,106,41,0,0,46.7516
0,107,41,0,0,46.7134
0,108,41,0,0,46.6759
0,109,41,0,0,46.6393
0,110,41,0,0,46.6035
0,111,41,0,0,46.5684
0,112,41,0,0,46.5341
0,113,41,0,0,46.5005
0,114,41,0,0,46.4677
0,115,41,0,0,46.4355
0,116,41,0,0,46.404
0,117,41,0,0,46.3732
0,118,41,0,0,46.3431
0,119,41,0,0,46.3136
0,120,41,0,0,46.2848
0,121,41,0,0,46.2565
0,122,41,0,0,46.2289
0,123,41,0,0,46.2019
0,124,41,0,0,46.1754
0,125,41,0,0,46.1495
0,126,41,0,0,46.1242
0,127,41,0,0,46.0994
0,128,41,0,1.24031e-06,46.0751
0,129,41,0,0,46.0513
0,130,41,0,0,46.028
0,131,41,0,0,46.0052
0,132,41,0,0,45.9828
0,133,41,0,0,45.961
0,134,41,0,0,45.9396
0,135,41,0,0,45.9187
0,136,41,0,0,45.8982
0,137,41,0,0,45.8782
0,138,41,0,0,45.8586
0,139,41,0,0,45.8394
0,140,41,0,0,45.8206
0,141,41,0,0,45.8023
0,142,41,0,0,45.7844
0,143,41,0,0,45.7668
0,144,41,0,0,45.7496
0,145,41,0,0,45.7328
0,146,41,0,0,45.7164
0,147,41,0,0,45.7003
0,148,41,0,0,45.6846
0,149,41,0,0,45.6693
0,150,41,0,0,45.6542
0,151,41,0,0,45.6395
0,152,41,0,0,45.6251
0,153,41,0,0,45.6111
0,154,41,0,0,45.5973
0,155,41,0,0,45.5838
0,156,41,0,0,45.5707
0,157,41,0,0,45.5578
0,158,41,0,0,45.5452
0,159,41,0,0,45.5328
0,160,41,0,1.24031e-06,45.5207
0,161,41,0,0,45.5088
0,162,41,0,0,45.4971
0,163,41,0,0,45.4856
0,164,41,0,0,45.4744
0,165,41,0,0,45.4634
0,166,41,0,0,45.4526
0,167,41,0,0,45.442
0,168,41,0,0,45.4316
0,169,41,0,0,45.4214
0,170,41,0,0,45.4113
0,171,41,0,0,45.4015
0,172,41,0,0,45.3918
0,173,41,0,0,45.3824
0,174,41,0,0,45.373
0,175,41,0,0,45.3639
0,176,41,0,0,45.3548
0,177,41,0,0,45.346
0,178,41,0,0,45.3372
0,179,41,0,0,45.3287
0,180,41,0,0,45.3202
0,181,41,0,0,45.3119
0,182,41,0,0,45.3038
0,183,41,0,0,45.2957
0,184,41,0,0,45.2878
0,185,41,0,0,45.28
0,186,41,0,0,45.2724
0,187,41,0,0,45.2648
0,188,41,0,0,45.2574
0,189,41,0,0,45.2501
0,190,41,0,0,45.243
0,191,41,0,0,45.2359
0,192,41,0,1.24031e-06,45.229
0,193,41,0,0,45.2221
0,194,41,0,0,45.2153
0,195,41,0,0,45.2086
0,196,41,0,0,45.202
0,197,41,0,0,45.1956
0,198,41,0,0,45.1892
0,199,41,0,0,45.183
0,200,41,0,0,45.1769
0,201,41,0,0,45.1708
0,202,41,0,0,45.1649
0,203,41,0,0,45.1591
0,204,41,0,0,45.1534
0,205,41,0,0,45.1478
0,206,41,0,0,45.1423
0,207,41,0,0,45.1368
0,208,41,0,0,45.1315
0,209,41,0,0,45.1263
0,210,41,0,0,45.1211
0,211,41,0,0,45.1161
0,212,41,0,0,45.1111
0,213,41,0,0,45.1062
0,214,41,0,0,45.1014
0,215,41,0,0,45.0966
0,216,41,0,0,45.092
0,217,41,0,0,45.0874
0,218,41,0,0,45.0829
0,219,41,0,0,45.0785
0,220,41,0,0,45.0741
0,221,41,0,0,45.0698
0,222,41,0,0,45.0656
0,223,41,0,0,45.0615
0,224,41,0,1.24031e-06,45.0574
0,225,41,0,0,45.0534
0,226,41,0,0,45.0494
0,227,41,0,0,45.0454
0,228,41,0,0,45.0416
0,229,41,0,0,45.0378
0,230,41,0,0,45.0341
0,231,41,0,0,45.0305
0,232,41,0,0,45.027
0,233,41,0,0,45.0236
0,234,41,0,0,45.0203
0,235,41,0,0,45.0171
0,236,41,0,0,45.014
0,237,41,0,0,45.0109
0,238,41,0,0,45.008
0,239,41,0,0,45.0053
0,240,41,0,0,45.0026
0,241,41,0,0,45.0001
0,242,41,0,0,44.9977
0,243,41,0,0,44.9954
0,244,41,0,0,44.9932
0,245,41,0,0,44.9913
0,246,41,0,0,44.9894
0,247,41,0,0,44.9877
0,248,41,0,0,44.9862
0,249,41,0,0,44.9848
0,250,41,0,0,44.9836
0,251,41,0,0,44.9825
0,252,41,0,0,44.9817
0,253,41,0,0,44.981
0,254,41,0,0,44.9804
0,255,41,0,0,44.9801
0,0,42,0,1.24031e-06,54.4617
0,1,42,0,0,54.4523
0,2,42,0,0,54.4383
0,3,42,0,0,54.4197
0,4,42,0,0,54.3967
0,5,42,0,0,54.3691
0,6,42,0,0,54.3371
0,7,42,0,0,54.3008
0,8,42,0,0,54.2603
0,9,42,0,0,54.2156
0,10,42,0,0,54.1668
0,11,42,0,0,54.1141
0,12,42,0,0,54.0576
0,13,42,0,0,53.9974
0,14,42,0,0,53.9336
0,15,42,0,0,53.8664
0,16,42,0,0,53.7959
0,17,42,0,0,53.7222
0,18,42,0,0,53.6456
0,19,42,0,0,53.5661
0,20,42,0,0,53.4839
0,21,42,0,0,53.3992
0,22,42,0,0,53.3121
0,23,42,0,0,53.2228
0,24,42,0,0,53.1314
0,25,42,0,0,53.0381
0,26,42,0,0,52.9431
0,27,42,0,0,52.8465
0,28,42,0,0,52.7484
0,29,42,0,0,52.649
0,30,42,0,0,52.5485
0,31,42,0,0,52.4469
0,32,42,0,1.24031e-06,52.3445
0,33,42,0,0,52.2412
0,34,42,0,0,52.1373
0,35,42,0,0,52.0329
0,36,42,0,0,51.9281
0,37,42,0,0,51.8231
0,38,42,0,0,51.718
0,39,42,0,0,51.6128
0,40,42,0,0,51.5077
0,41,42,0,0,51.4028
0,42,42,0,0,51.2981
0,43,42,0,0,51.1938
0,44,42,0,0,51.0899
0,45,42,0,0,50.9865
0,46,42,0,0,50.8837
0,47,42,0,0,50.7815
0,48,42,0,0,50.6801
0,49,42,0,0,50.5794
0,50,42,0,0,50.4795
0,51,42,0,0,50.3806
0,52,42,0,0,50.2825
0,53,42,0,0,50.1855
0,54,42,0,0,50.0894
0,55,42,0,0,49.9944
0,56,42,0,0,49.9005
0,57,42,0,0,49.8076
0,58,42,0,0,49.7159
0,59,42,0,0,49.6254
0,60,42,0,0,49.536
0,61,42,0,0,49.4479
0,62,42,0,0,49.3609
0,63,42,0,0,49.2752
0,64,42,0,1.24031e-06,49.1907
0,65,42,0,0,49.1074
0,66,42,0,0,49.0253
0,67,42,0,0,48.9445
0,68,42,0,0,48.8649
0,69,42,0,0,48.7866
0,70,42,0,0,48.7096
0,71,42,0,0,48.6339
0,72,42,0,0,48.5594
0,73,42,0,0,48.4862
0,74,42,0,0,48.4142
0,75,42,0,0,48.3435
0,76,42,0,0,48.274
0,77,42,0,0,48.2058
0,78,42,0,0,48.1388
0,79,42,0,0,48.0731
0,80,42,0,0,48.0086
0,81,42,0,0,47.9453
0,82,42,0,0,47.8831
0,83,42,0,0,47.8222
0,84,42,0,0,47.7624
0,85,42,0,0,47.7038
0,86,42,0,0,47.6464
0,87,42,0,0,47.5901
0,88,42,0,0,47.5349
0,89,42,0,0,47.4808
0,90,42,0,0,47.4278
0,91,42,0,0,47.3759
0,92,42,0,0,47.3251
0,93,42,0,0,47.2753
0,94,42,0,0,47.2265
0,95,42,0,0,47.1787
0,96,42,0,1.24031e-06,47.1319
0,97,42,0,0,47.086
0,98,42,0,0,47.0411
0,99,42,0,0,46.9971
0,100,42,0,0,46.954
0,101,42,0,0,46.9118
0,102,42,0,0,46.8705
0,103,42,0,0,46.83
0,104,42,0,0,46.7905
0,105,42,0,0,46.7517
0,106,42,0,0,46.7138
0,107,42,0,0,46.6766
0,108,42,0,0,46.6403
0,109,42,0,0,46.6047
0,110,42,0,0,46.5699
0,111,42,0,0,46.5358
0,112,42,0,0,46.5024
0,113,42,0,0,46.4697
0,114,42,0,0,46.4377
0,115,42,0,0,46.4064
0,116,42,0,0,46.3757
0,117,42,0,0,46.3457
0,118,42,0,0,46.3163
0,119,42,0,0,46.2876
0,120,42,0,0,46.2594
0,121,42,0,0,46.2318
0,122,42,0,0,46.2049
0,123,42,0,0,46.1784
0,124,42,0,0,46.1526
0,125,42,0,0,46.1273
0,126,42,0,0,46.1025
0,127,42,0,0,46.0782
0,128,42,0,1.24031e-06,46.0545
0,129,42,0,0,46.0312
0,130,42,0,0,46.0083
0,131,42,0,0,45.9859
0,132,42,0,0,45.9641
0,133,42,0,0,45.9426
0,134,42,0,0,45.9216
0,135,42,0,0,45.9011
0,136,42,0,0,45.881
0,137,42,0,0,45.8613
0,138,42,0,0,45.8421
0,139,42,0,0,45.8233
0,140,42,0,0,45.8048
0,141,42,0,0,45.7868
0,142,42,0,0,45.7691
0,143,42,0,0,45.7519
0,144,42,0,0,45.735
0,145,42,0,0,45.7184
0,146,42,0,0,45.7023
0,147,42,0,0,45.6865
0,148,42,0,0,45.671
0,149,42,0,0,45.6559
0,150,42,0,0,45.6411
0,151,42,0,0,45.6266
0,152,42,0,0,45.6124
0,153,42,0,0,45.5985
0,154,42,0,0,45.585
0,155,42,0,0,45.5717
0,156,42,0,0,45.5587
0,157,42,0,0,45.546
0,158,42,0,0,45.5336
0,159,42,0,0,45.5214
0,160,42,0,1.24031e-06,45.5095
0,161,42,0,0,45.4977
0,162,42,0,0,45.4862
0,163,42,0,0,45.4749
0,164,42,0,0,45.4638
0,165,42,0,0,45.4529
0,166,42,0,0,45.4422
0,167,42,0,0,45.4317
0,168,42,0,0,45.4215
0,169,42,0,0,45.4114
0,170,42,0,0,45.4014
0,171,42,0,0,45.3917
0,172,42,0,0,45.3821
0,173,42,0,0,45.3727
0,174,42,0,0,45.3634
0,175,42,0,0,45.3543
0,176,42,0,0,45.3454
0,177,42,0,0,45.3366
0,178,42,0,0,45.3279
0,179,42,0,0,45.3193
0,180,42,0,0,45.3109
0,181,42,0,0,45.3026
0,182,42,0,0,45.2945
0,183,42,0,0,45.2864
0,184,42,0,0,45.2785
0,185,42,0,0,45.2707
0,186,42,0,0,45.2631
0,187,42,0,0,45.2555
0,188,42,0,0,45.2481
0,189,42,0,0,45.2408
0,190,42,0,0,45.2336
0,191,42,0,0,45.2265
0,192,42,0,1.24031e-06,45.2195
0,193,42,0,0,45.2126
0,194,42,0,0,45.2057
0,195,42,0,0,45.199
0,196,42,0,0,45.1924
0,197,42,0,0,45.1859
0,198,42,0,0,45.1795
0,199,42,0,0,45.1732
0,200,42,0,0,45.167
0,201,42,0,0,45.1609
0,202,42,0,0,45.155
0,203,42,0,0,45.1491
0,204,42,0,0,45.1433
0,205,42,0,0,45.1376
0,206,42,0,0,45.1321
0,207,42,0,0,45.1266
0,208,42,0,0,45.1212
0,209,42,0,0,45.1159
0,210,42,0,0,45.1107
0,211,42,0,0,45.1056
0,212,42,0,0,45.1005
0,213,42,0,0,45.0956
0,214,42,0,0,45.0907
0,215,42,0,0,45.0859
0,216,42,0,0,45.0811
0,217,42,0,0,45.0765
0,218,42,0,0,45.0719
0,219,42,0,0,45.0674
0,220,42,0,0,45.063
0,221,42,0,0,45.0586
0,222,42,0,0,45.0543
0,223,42,0,0,45.0501
0,224,42,0,1.24031e-06,45.0459
0,225,42,0,0,45.0417
0,226,42,0,0,45.0376
0,227,42,0,0,45.0336
0,228,42,0,0,45.0296
0,229,42,0,0,45.0257
0,230,42,0,0,45.0219
0,231,42,0,0,45.0182
0,232,42,0,0,45.0146
0,233,42,0,0,45.0111
0,234,42,0,0,45.0076
0,235,42,0,0,45.0043
0,236,42,0,0,45.0011
0,237,42,0,0,44.998
0,238,42,0,0,44.9949
0,239,42,0,0,44.992
0,240,42,0,0,44.9893
0,241,42,0,0,44.9866
0,242,42,0,0,44.9841
0,243,42,0,0,44.9817
0,244,42,0,0,44.9795
0,245,42,0,0,44.9774
0,246,42,0,0,44.9755
0,247,42,0,0,44.9737
0,248,42,0,0,44.9721
0,249,42,0,0,44.9706
0,250,42,0,0,44.9694
0,251,42,0,0,44.9683
0,252,42,0,0,44.9673
0,253,42,0,0,44.9666
0,254,42,0,0,44.966
0,255,42,0,0,44.9657
0,0,43,0,1.24031e-06,54.0546
0,1,43,0,0,54.0459
0,2,43,0,0,54.0329
0,3,43,0,0,54.0156
0,4,43,0,0,53.9941
0,5,43,0,0,53.9685
0,6,43,0,0,53.9387
0,7,43,0,0,53.905
0,8,43,0,0,53.8672
0,9,43,0,0,53.8256
0,10,43,0,0,53.7801
0,11,43,0,0,53.731
0,12,43,0,0,53.6783
0,13,43,0,0,53.6221
0,14,43,0,0,53.5626
0,15,43,0,0,53.4998
0,16,43,0,0,53.434
0,17,43,0,0,53.3651
0,18,43,0,0,53.2935
0,19,43,0,0,53.2191
0,20,43,0,0,53.1422
0,21,43,0,0,53.0628
0,22,43,0,0,52.9812
0,23,43,0,0,52.8974
0,24,43,0,0,52.8117
0,25,43,0,0,52.7241
0,26,43,0,0,52.6348
0,27,43,0,0,52.5439
0,28,43,0,0,52.4517
0,29,43,0,0,52.3581
0,30,43,0,0,52.2634
0,31,43,0,0,52.1677
0,32,43,0,1.24031e-06,52.0711
0,33,43,0,0,51.9736
0,34,43,0,0,51.8755
0,35,43,0,0,51.7769
0,36,43,0,0,51.6779
0,37,43,0,0,51.5785
0,38,43,0,0,51.479
0,39,43,0,0,51.3794
0,40,43,0,0,51.2798
0,41,43,0,0,51.1803
0,42,43,0,0,51.081
0,43,43,0,0,50.982
0,44,43,0,0,50.8833
0,45,43,0,0,50.7851
0,46,43,0,0,50.6874
0,47,43,0,0,50.5902
0,48,43,0,0,50.4937
0,49,43,0,0,50.3978
0,50,43,0,0,50.3027
0,51,43,0,0,50.2084
0,52,43,0,0,50.1149
0,53,43,0,0,50.0223
0,54,43,0,0,49.9306
0,55,43,0,0,49.8399
0,56,43,0,0,49.7501
0,57,43,0,0,49.6614
0,58,43,0,0,49.5737
0,59,43,0,0,49.4871
0,60,43,0,0,49.4016
0,61,43,0,0,49.3172
0,62,43,0,0,49.2339
0,63,43,0,0,49.1518
0,64,43,0,1.24031e-06,49.0708
0,65,43,0,0,48.9908
0,66,43,0,0,48.9121
0,67,43,0,0,48.8345
0,68,43,0,0,48.7581
0,69,43,0,0,48.6829
0,70,43,0,0,48.6089
0,71,43,0,0,48.536
0,72,43,0,0,48.4644
0,73,43,0,0,48.3939
0,74,43,0,0,48.3247
0,75,43,0,0,48.2566
0,76,43,0,0,48.1897
0,77,43,0,0,48.124
0,78,43,0,0,48.0595
0,79,43,0,0,47.9961
0,80,43,0,0,47.9339
0,81,43,0,0,47.8728
0,82,43,0,0,47.8129
0,83,43,0,0,47.7541
0,84,43,0,0,47.6964
0,85,43,0,0,47.6399
0,86,43,0,0,47.5844
0,87,43,0,0,47.53
0,88,43,0,0,47.4767
0,89,43,0,0,47.4245
0,90,43,0,0,47.3733
0,91,43,0,0,47.3231
0,92,43,0,0,47.2739
0,93,43,0,0,47.2258
0,94,43,0,0,47.1786
0,95,43,0,0,47.1324
0,96,43,0,1.24031e-06,47.0871
0,97,43,0,0,47.0427
0,98,43,0,0,46.9992
0,99,43,0,0,46.9566
0,100,43,0,0,46.9148
0,101,43,0,0,46.874
0,102,43,0,0,46.8339
0,103,43,0,0,46.7947
0,104,43,0,0,46.7564
0,105,43,0,0,46.7188
0,106,43,0,0,46.682
0,107,43,0,0,46.6459
0,108,43,0,0,46.6107
0,109,43,0,0,46.5761
0,110,43,0,0,46.5422
0,111,43,0,0,46.5091
0,112,43,0,0,46.4766
0,113,43,0,0,46.4449
0,114,43,0,0,46.4137
0,115,43,0,0,46.3832
0,116,43,0,0,46.3534
0,117,43,0,0,46.3242
0,118,43,0,0,46.2955
0,119,43,0,0,46.2675
0,120,43,0,0,46.24
0,121,43,0,0,46.2131
0,122,43,0,0,46.1868
0,123,43,0,0,46.161
0,124,43,0,0,46.1357
0,125,43,0,0,46.111
0,126,43,0,0,46.0868
0,127,43,0,0,46.063
0,128,43,0,1.24031e-06,46.0398
0,129,43,0,0,46.017
0,130,43,0,0,45.9946
0,131,43,0,0,45.9727
0,132,43,0,0,45.9512
0,133,43,0,0,45.9302
0,134,43,0,0,45.9096
0,135,43,0,0,45.8894
0,136,43,0,0,45.8697
0,137,43,0,0,45.8504
0,138,43,0,0,45.8315
0,139,43,0,0,45.813
0,140,43,0,0,45.7949
0,141,43,0,0,45.7771
0,142,43,0,0,45.7598
0,143,43,0,0,45.7428
0,144,43,0,0,45.7262
0,145,43,0,0,45.7099
0,146,43,0,0,45.694
0,147,43,0,0,45.6784
0,148,43,0,0,45.6632
0,149,43,0,0,45.6483
0,150,43,0,0,45.6337
0,151,43,0,0,45.6195
0,152,43,0,0,45.6055
0,153,43,0,0,45.5919
0,154,43,0,0,45.5785
0,155,43,0,0,45.5654
0,156,43,0,0,45.5527
0,157,43,0,0,45.5401
0,158,43,0,0,45.5279
0,159,43,0,0,45.5159
0,160,43,0,1.24031e-06,45.5041
0,161,43,0,0,45.4925
0,162,43,0,0,45.4811
0,163,43,0,0,45.47
0,164,43,0,0,45.459
0,165,43,0,0,45.4483
0,166,43,0,0,45.4377
0,167,43,0,0,45.4274
0,168,43,0,0,45.4172
0,169,43,0,0,45.4073
0,170,43,0,0,45.3974
0,171,43,0,0,45.3878
0,172,43,0,0,45.3783
0,173,43,0,0,45.369
0,174,43,0,0,45.3598
0,175,43,0,0,45.3507
0,176,43,0,0,45.3418
0,177,43,0,0,45.333
0,178,43,0,0,45.3244
0,179,43,0,0,45.3159
0,180,43,0,0,45.3075
0,181,43,0,0,45.2992
0,182,43,0,0,45.291
0,183,43,0,0,45.283
0,184,43,0,0,45.2751
0,185,43,0,0,45.2673
0,186,43,0,0,45.2596
0,187,43,0,0,45.252
0,188,43,0,0,45.2446
0,189,43,0,0,45.2372
0,190,43,0,0,45.23
0,191,43,0,0,45.2229
0,192,43,0,1.24031e-06,45.2159
0,193,43,0,0,45.2089
0,194,43,0,0,45.202
0,195,43,0,0,45.1952
0,196,43,0,0,45.1885
0,197,43,0,0,45.182
0,198,43,0,0,45.1755
0,199,43,0,0,45.1692
0,200,43,0,0,45.1629
0,201,43,0,0,45.1568
0,202,43,0,0,45.1508
0,203,43,0,0,45.1448
0,204,43,0,0,45.139
0,205,43,0,0,45.1333
0,206,43,0,0,45.1276
0,207,43,0,0,45.1221
0,208,43,0,0,45.1167
0,209,43,0,0,45.1113
0,210,43,0,0,45.106
0,211,43,0,0,45.1008
0,212,43,0,0,45.0957
0,213,43,0,0,45.0907
0,214,43,0,0,45.0857
0,215,43,0,0,45.0809
0,216,43,0,0,45.076
0,217,43,0,0,45.0713
0,218,43,0,0,45.0666
0,219,43,0,0,45.062
0,220,43,0,0,45.0575
0,221,43,0,0,45.053
0,222,43,0,0,45.0487
0,223,43,0,0,45.0443
0,224,43,0,1.24031e-06,45.0401
0,225,43,0,0,45.0358
0,226,43,0,0,45.0315
0,227,43,0,0,45.0274
0,228,43,0,0,45.0233
0,229,43,0,0,45.0193
0,230,43,0,0,45.0154
0,231,43,0,0,45.0116
0,232,43,0,0,45.0078
0,233,43,0,0,45.0042
0,234,43,0,0,45.0006
0,235,43,0,0,44.9971
0,236,43,0,0,44.9938
0,237,43,0,0,44.9905
0,238,43,0,0,44.9874
0,239,43,0,0,44.9844
0,240,43,0,0,44.9815
0,241,43,0,0,44.9787
0,242,43,0,0,44.9761
0,243,43,0,0,44.9736
0,244,43,0,0,44.9712
0,245,43,0,0,44.969
0,246,43,0,0,44.967
0,247,43,0,0,44.9651
0,248,43,0,0,44.9634
0,249,43,0,0,44.9619
0,250,43,0,0,44.9605
0,251,43,0,0,44.9594
0,252,43,0,0,44.9584
0,253,43,0,0,44.9576
0,254,43,0,0,44.957
0,255,43,0,0,44.9566
0,0,44,0,1.24031e-06,53.6729
0,1,44,0,0,53.6648
0,2,44,0,0,53.6527
0,3,44,0,0,53.6366
0,4,44,0,0,53.6166
0,5,44,0,0,53.5927
0,6,44,0,0,53.565
0,7,44,0,0,53.5335
0,8,44,0,0,53.4984
0,9,44,0,0,53.4596
0,10,44,0,0,53.4172
0,11,44,0,0,53.3714
0,12,44,0,0,53.3222
0,13,44,0,0,53.2698
0,14,44,0,0,53.2142
0,15,44,0,0,53.1555
0,16,44,0,0,53.0939
0,17,44,0,0,53.0296
0,18,44,0,0,52.9625
0,19,44,0,0,52.8928
0,20,44,0,0,52.8207
0,21,44,0,0,52.7464
0,22,44,0,0,52.6698
0,23,44,0,0,52.5912
0,24,44,0,0,52.5107
0,25,44,0,0,52.4284
0,26,44,0,0,52.3444
0,27,44,0,0,52.259
0,28,44,0,0,52.1721
0,29,44,0,0,52.084
0,30,44,0,0,51.9947
0,31,44,0,0,51.9045
0,32,44,0,1.24031e-06,51.8133
0,33,44,0,0,51.7213
0,34,44,0,0,51.6286
0,35,44,0,0,51.5354
0,36,44,0,0,51.4418
0,37,44,0,0,51.3478
0,38,44,0,0,51.2535
0,39,44,0,0,51.1592
0,40,44,0,0,51.0648
0,41,44,0,0,50.9705
0,42,44,0,0,50.8762
0,43,44,0,0,50.7822
0,44,44,0,0,50.6885
0,45,44,0,0,50.5952
0,46,44,0,0,50.5023
0,47,44,0,0,50.4098
0,48,44,0,0,50.318
0,49,44,0,0,50.2267
0,50,44,0,0,50.1361
0,51,44,0,0,50.0462
0,52,44,0,0,49.9571
0,53,44,0,0,49.8688
0,54,44,0,0,49.7813
0,55,44,0,0,49.6946
0,56,44,0,0,49.6089
0,57,44,0,0,49.5242
0,58,44,0,0,49.4403
0,59,44,0,0,49.3575
0,60,44,0,0,49.2757
0,61,44,0,0,49.1949
0,62,44,0,0,49.1151
0,63,44,0,0,49.0364
0,64,44,0,1.24031e-06,48.9588
0,65,44,0,0,48.8822
0,66,44,0,0,48.8066
0,67,44,0,0,48.7322
0,68,44,0,0,48.6588
0,69,44,0,0,48.5866
0,70,44,0,0,48.5155
0,71,44,0,0,48.4455
0,72,44,0,0,48.3766
0,73,44,0,0,48.3089
0,74,44,0,0,48.2423
0,75,44,0,0,48.1768
0,76,44,0,0,48.1124
0,77,44,0,0,48.0491
0,78,44,0,0,47.9869
0,79,44,0,0,47.9259
0,80,44,0,0,47.8659
0,81,44,0,0,47.8071
0,82,44,0,0,47.7493
0,83,44,0,0,47.6926
0,84,44,0,0,47.637
0,85,44,0,0,47.5824
0,86,44,0,0,47.5289
0,87,44,0,0,47.4764
0,88,44,0,0,47.4249
0,89,44,0,0,47.3745
0,90,44,0,0,47.325
0,91,44,0,0,47.2766
0,92,44,0,0,47.2291
0,93,44,0,0,47.1825
0,94,44,0,0,47.1369
0,95,44,0,0,47.0923
0,96,44,0,1.24031e-06,47.0485
0,97,44,0,0,47.0055
0,98,44,0,0,46.9635
0,99,44,0,0,46.9222
0,100,44,0,0,46.8818
0,101,44,0,0,46.8423
0,102,44,0,0,46.8035
0,103,44,0,0,46.7656
0,104,44,0,0,46.7284
0,105,44,0,0,46.692
0,106,44,0,0,46.6563
0,107,44,0,0,46.6213
0,108,44,0,0,46.5871
0,109,44,0,0,46.5536
0,110,44,0,0,46.5207
0,111,44,0,0,46.4885
0,112,44,0,0,46.457
0,113,44,0,0,46.4261
0,114,44,0,0,46.3958
0,115,44,0,0,46.3662
0,116,44,0,0,46.3371
0,117,44,0,0,46.3086
0,118,44,0,0,46.2808
0,119,44,0,0,46.2534
0,120,44,0,0,46.2267
0,121,44,0,0,46.2004
0,122,44,0,0,46.1747
0,123,44,0,0,46.1495
0,124,44,0,0,46.1249
0,125,44,0,0,46.1007
0,126,44,0,0,46.077
0,127,44,0,0,46.0538
0,128,44,0,1.24031e-06,46.0311
0,129,44,0,0,46.0087
0,130,44,0,0,45.9868
0,131,44,0,0,45.9653
0,132,44,0,0,45.9443
0,133,44,0,0,45.9237
0,134,44,0,0,45.9035
0,135,44,0,0,45.8837
0,136,44,0,0,45.8644
0,137,44,0,0,45.8454
0,138,44,0,0,45.8268
0,139,44,0,0,45.8086
0,140,44,0,0,45.7908
0,141,44,0,0,45.7734
0,142,44,0,0,45.7563
0,143,44,0,0,45.7396
0,144,44,0,0,45.7233
0,145,44,0,0,45.7073
0,146,44,0,0,45.6916
0,147,44,0,0,45.6763
0,148,44,0,0,45.6613
0,149,44,0,0,45.6466
0,150,44,0,0,45.6323
0,151,44,0,0,45.6182
0,152,44,0,0,45.6045
0,153,44,0,0,45.5911
0,154,44,0,0,45.5779
0,155,44,0,0,45.565
0,156,44,0,0,45.5525
0,157,44,0,0,45.5401
0,158,44,0,0,45.5281
0,159,44,0,0,45.5162
0,160,44,0,1.24031e-06,45.5047
0,161,44,0,0,45.4932
0,162,44,0,0,45.482
0,163,44,0,0,45.471
0,164,44,0,0,45.4602
0,165,44,0,0,45.4496
0,166,44,0,0,45.4392
0,167,44,0,0,45.429
0,168,44,0,0,45.4189
0,169,44,0,0,45.4091
0,170,44,0,0,45.3993
0,171,44,0,0,45.3898
0,172,44,0,0,45.3804
0,173,44,0,0,45.3711
0,174,44,0,0,45.362
0,175,44,0,0,45.353
0,176,44,0,0,45.3442
0,177,44,0,0,45.3354
0,178,44,0,0,45.3268
0,179,44,0,0,45.3183
0,180,44,0,0,45.3099
0,181,44,0,0,45.3017
0,182,44,0,0,45.2935
0,183,44,0,0,45.2855
0,184,44,0,0,45.2776
0,185,44,0,0,45.2697
0,186,44,0,0,45.262
0,187,44,0,0,45.2544
0,188,44,0,0,45.2469
0,189,44,0,0,45.2395
0,190,44,0,0,45.2323
0,191,44,0,0,45.2251
0,192,44,0,1.24031e-06,45.218
0,193,44,0,0,45.211
0,194,44,0,0,45.204
0,195,44,0,0,45.1972
0,196,44,0,0,45.1905
0,197,44,0,0,45.1838
0,198,44,0,0,45.1773
0,199,44,0,0,45.1709
0,200,44,0,0,45.1646
0,201,44,0,0,45.1584
0,202,44,0,0,45.1524
0,203,44,0,0,45.1464
0,204,44,0,0,45.1405
0,205,44,0,0,45.1347
0,206,44,0,0,45.129
0,207,44,0,0,45.1234
0,208,44,0,0,45.1179
0,209,44,0,0,45.1125
0,210,44,0,0,45.1071
0,211,44,0,0,45.1019
0,212,44,0,0,45.0967
0,213,44,0,0,45.0916
0,214,44,0,0,45.0865
0,215,44,0,0,45.0816
0,216,44,0,0,45.0767
0,217,44,0,0,45.0719
0,218,44,0,0,45.0671
0,219,44,0,0,45.0624
0,220,44,0,0,45.0578
0,221,44,0,0,45.0532
0,222,44,0,0,45.0487
0,223,44,0,0,45.0443
0,224,44,0,1.24031e-06,45.0399
0,225,44,0,0,45.0355
0,226,44,0,0,45.0312
0,227,44,0,0,45.0269
0,228,44,0,0,45.0227
0,229,44,0,0,45.0186
0,230,44,0,0,45.0145
0,231,44,0,0,45.0106
0,232,44,0,0,45.0067
0,233,44,0,0,45.0029
0,234,44,0,0,44.9992
0,235,44,0,0,44.9956
0,236,44,0,0,44.992
0,237,44,0,0,44.9887
0,238,44,0,0,44.9854
0,239,44,0,0,44.9822
0,240,44,0,0,44.9792
0,241,44,0,0,44.9762
0,242,44,0,0,44.9735
0,243,44,0,0,44.9709
0,244,44,0,0,44.9684
0,245,44,0,0,44.9661
0,246,44,0,0,44.9639
0,247,44,0,0,44.9619
0,248,44,0,0,44.9601
0,249,44,0,0,44.9585
0,250,44,0,0,44.9571
0,251,44,0,0,44.9558
0,252,44,0,0,44.9548
0,253,44,0,0,44.9539
0,254,44,0,0,44.9533
0,255,44,0,0,44.9529
0,0,45,0,1.24031e-06,53.3155
0,1,45,0,0,53.3079
0,2,45,0,0,53.2966
0,3,45,0,0,53.2817
0,4,45,0,0,53.263
0,5,45,0,0,53.2408
0,6,45,0,0,53.215
0,7,45,0,0,53.1856
0,8,45,0,0,53.1528
0,9,45,0,0,53.1166
0,10,45,0,0,53.0771
0,11,45,0,0,53.0344
0,12,45,0,0,52.9884
0,13,45,0,0,52.9394
0,14,45,0,0,52.8875
0,15,45,0,0,52.8326
0,16,45,0,0,52.775
0,17,45,0,0,52.7147
0,18,45,0,0,52.6519
0,19,45,0,0,52.5867
0,20,45,0,0,52.5191
0,21,45,0,0,52.4493
0,22,45,0,0,52.3774
0,23,45,0,0,52.3036
0,24,45,0,0,52.2279
0,25,45,0,0,52.1506
0,26,45,0,0,52.0716
0,27,45,0,0,51.9911
0,28,45,0,0,51.9093
0,29,45,0,0,51.8263
0,30,45,0,0,51.7421
0,31,45,0,0,51.657
0,32,45,0,1.24031e-06,51.5709
0,33,45,0,0,51.484
0,34,45,0,0,51.3964
0,35,45,0,0,51.3082
0,36,45,0,0,51.2196
0,37,45,0,0,51.1306
0,38,45,0,0,51.0414
0,39,45,0,0,50.952
0,40,45,0,0,50.8625
0,41,45,0,0,50.773
0,42,45,0,0,50.6836
0,43,45,0,0,50.5943
0,44,45,0,0,50.5053
0,45,45,0,0,50.4166
0,46,45,0,0,50.3283
0,47,45,0,0,50.2403
0,48,45,0,0,50.1529
0,49,45,0,0,50.066
0,50,45,0,0,49.9797
0,51,45,0,0,49.8941
0,52,45,0,0,49.8091
0,53,45,0,0,49.7249
0,54,45,0,0,49.6414
0,55,45,0,0,49.5587
0,56,45,0,0,49.4769
0,57,45,0,0,49.3959
0,58,45,0,0,49.3158
0,59,45,0,0,49.2366
0,60,45,0,0,49.1583
0,61,45,0,0,49.081
0,62,45,0,0,49.0047
0,63,45,0,0,48.9293
0,64,45,0,1.24031e-06,48.8549
0,65,45,0,0,48.7815
0,66,45,0,0,48.709
0,67,45,0,0,48.6376
0,68,45,0,0,48.5672
0,69,45,0,0,48.4979
0,70,45,0,0,48.4296
0,71,45,0,0,48.3624
0,72,45,0,0,48.2962
0,73,45,0,0,48.2311
0,74,45,0,0,48.167
0,75,45,0,0,48.104
0,76,45,0,0,48.042
0,77,45,0,0,47.9811
0,78,45,0,0,47.9213
0,79,45,0,0,47.8625
0,80,45,0,0,47.8047
0,81,45,0,0,47.748
0,82,45,0,0,47.6923
0,83,45,0,0,47.6377
0,84,45,0,0,47.5841
0,85,45,0,0,47.5314
0,86,45,0,0,47.4798
0,87,45,0,0,47.4292
0,88,45,0,0,47.3795
0,89,45,0,0,47.3309
0,90,45,0,0,47.2831
0,91,45,0,0,47.2364
0,92,45,0,0,47.1905
0,93,45,0,0,47.1456
0,94,45,0,0,47.1016
0,95,45,0,0,47.0584
0,96,45,0,1.24031e-06,47.0162
0,97,45,0,0,46.9746
0,98,45,0,0,46.934
0,99,45,0,0,46.8941
0,100,45,0,0,46.8551
0,101,45,0,0,46.8168
0,102,45,0,0,46.7793
0,103,45,0,0,46.7426
0,104,45,0,0,46.7066
0,105,45,0,0,46.6713
0,106,45,0,0,46.6368
0,107,45,0,0,46.6029
0,108,45,0,0,46.5697
0,109,45,0,0,46.5372
0,110,45,0,0,46.5053
0,111,45,0,0,46.4741
0,112,45,0,0,46.4434
0,113,45,0,0,46.4134
0,114,45,0,0,46.384
0,115,45,0,0,46.3552
0,116,45,0,0,46.3269
0,117,45,0,0,46.2992
0,118,45,0,0,46.2721
0,119,45,0,0,46.2454
0,120,45,0,0,46.2194
0,121,45,0,0,46.1938
0,122,45,0,0,46.1687
0,123,45,0,0,46.1441
0,124,45,0,0,46.12
0,125,45,0,0,46.0964
0,126,45,0,0,46.0733
0,127,45,0,0,46.0506
0,128,45,0,1.24031e-06,46.0284
0,129,45,0,0,46.0065
0,130,45,0,0,45.985
0,131,45,0,0,45.964
0,132,45,0,0,45.9434
0,133,45,0,0,45.9232
0,134,45,0,0,45.9034
0,135,45,0,0,45.884
0,136,45,0,0,45.865
0,137,45,0,0,45.8463
0,138,45,0,0,45.8281
0,139,45,0,0,45.8102
0,140,45,0,0,45.7927
0,141,45,0,0,45.7756
0,142,45,0,0,45.7588
0,143,45,0,0,45.7423
0,144,45,0,0,45.7263
0,145,45,0,0,45.7105
0,146,45,0,0,45.6951
0,147,45,0,0,45.68
0,148,45,0,0,45.6653
0,149,45,0,0,45.6508
0,150,45,0,0,45.6367
0,151,45,0,0,45.6229
0,152,45,0,0,45.6094
0,153,45,0,0,45.5961
0,154,45,0,0,45.5832
0,155,45,0,0,45.5705
0,156,45,0,0,45.5581
0,157,45,0,0,45.546
0,158,45,0,0,45.5341
0,159,45,0,0,45.5225
0,160,45,0,1.24031e-06,45.5111
0,161,45,0,0,45.4998
0,162,45,0,0,45.4888
0,163,45,0,0,45.4779
0,164,45,0,0,45.4673
0,165,45,0,0,45.4568
0,166,45,0,0,45.4466
0,167,45,0,0,45.4365
0,168,45,0,0,45.4266
0,169,45,0,0,45.4168
0,170,45,0,0,45.4072
0,171,45,0,0,45.3978
0,172,45,0,0,45.3884
0,173,45,0,0,45.3793
0,174,45,0,0,45.3702
0,175,45,0,0,45.3613
0,176,45,0,0,45.3525
0,177,45,0,0,45.3438
0,178,45,0,0,45.3352
0,179,45,0,0,45.3267
0,180,45,0,0,45.3184
0,181,45,0,0,45.3101
0,182,45,0,0,45.3019
0,183,45,0,0,45.2939
0,184,45,0,0,45.2859
0,185,45,0,0,45.2781
0,186,45,0,0,45.2703
0,187,45,0,0,45.2627
0,188,45,0,0,45.2552
0,189,45,0,0,45.2477
0,190,45,0,0,45.2404
0,191,45,0,0,45.2332
0,192,45,0,1.24031e-06,45.226
0,193,45,0,0,45.2189
0,194,45,0,0,45.2119
0,195,45,0,0,45.205
0,196,45,0,0,45.1982
0,197,45,0,0,45.1915
0,198,45,0,0,45.185
0,199,45,0,0,45.1785
0,200,45,0,0,45.1721
0,201,45,0,0,45.1659
0,202,45,0,0,45.1597
0,203,45,0,0,45.1537
0,204,45,0,0,45.1477
0,205,45,0,0,45.1419
0,206,45,0,0,45.1361
0,207,45,0,0,45.1304
0,208,45,0,0,45.1249
0,209,45,0,0,45.1194
0,210,45,0,0,45.114
0,211,45,0,0,45.1086
0,212,45,0,0,45.1034
0,213,45,0,0,45.0982
0,214,45,0,0,45.0931
0,215,45,0,0,45.0881
0,216,45,0,0,45.0831
0,217,45,0,0,45.0782
0,218,45,0,0,45.0734
0,219,45,0,0,45.0686
0,220,45,0,0,45.0639
0,221,45,0,0,45.0592
0,222,45,0,0,45.0546
0,223,45,0,0,45.05
0,224,45,0,1.24031e-06,45.0455
0,225,45,0,0,45.041
0,226,45,0,0,45.0365
0,227,45,0,0,45.0321
0,228,45,0,0,45.0278
0,229,45,0,0,45.0235
0,230,45,0,0,45.0193
0,231,45,0,0,45.0152
0,232,45,0,0,45.0112
0,233,45,0,0,45.0072
0,234,45,0,0,45.0033
0,235,45,0,0,44.9996
0,236,45,0,0,44.9959
0,237,45,0,0,44.9923
0,238,45,0,0,44.9889
0,239,45,0,0,44.9856
0,240,45,0,0,44.9824
0,241,45,0,0,44.9793
0,242,45,0,0,44.9764
0,243,45,0,0,44.9736
0,244,45,0,0,44.971
0,245,45,0,0,44.9685
0,246,45,0,0,44.9663
0,247,45,0,0,44.9641
0,248,45,0,0,44.9622
0,249,45,0,0,44.9605
0,250,45,0,0,44.959
0,251,45,0,0,44.9576
0,252,45,0,0,44.9565
0,253,45,0,0,44.9556
0,254,45,0,0,44.955
0,255,45,0,0,44.9545
0,0,46,0,1.24031e-06,52.9814
0,1,46,0,0,52.9743
0,2,46,0,0,52.9638
0,3,46,0,0,52.9499
0,4,46,0,0,52.9325
0,5,46,0,0,52.9118
0,6,46,0,0,52.8877
0,7,46,0,0,52.8603
0,8,46,0,0,52.8297
0,9,46,0,0,52.7959
0,10,46,0,0,52.759
0,11,46,0,0,52.7191
0,12,46,0,0,52.6762
0,13,46,0,0,52.6304
0,14,46,0,0,52.5818
0,15,46,0,0,52.5305
0,16,46,0,0,52.4765
0,17,46,0,0,52.4201
0,18,46,0,0,52.3612
0,19,46,0,0,52.3
0,20,46,0,0,52.2366
0,21,46,0,0,52.1711
0,22,46,0,0,52.1036
0,23,46,0,0,52.0342
0,24,46,0,0,51.963
0,25,46,0,0,51.8902
0,26,46,0,0,51.8159
0,27,46,0,0,51.7401
0,28,46,0,0,51.663
0,29,46,0,0,51.5846
0,30,46,0,0,51.5052
0,31,46,0,0,51.4248
0,32,46,0,1.24031e-06,51.3436
0,33,46,0,0,51.2614
0,34,46,0,0,51.1786
0,35,46,0,0,51.0952
0,36,46,0,0,51.0113
0,37,46,0,0,50.927
0,38,46,0,0,50.8425
0,39,46,0,0,50.7577
0,40,46,0,0,50.6728
0,41,46,0,0,50.5879
0,42,46,0,0,50.503
0,43,46,0,0,50.4183
0,44,46,0,0,50.3337
0,45,46,0,0,50.2494
0,46,46,0,0,50.1653
0,47,46,0,0,50.0817
0,48,46,0,0,49.9985
0,49,46,0,0,49.9158
0,50,46,0,0,49.8336
0,51,46,0,0,49.752
0,52,46,0,0,49.671
0,53,46,0,0,49.5907
0,54,46,0,0,49.511
0,55,46,0,0,49.4321
0,56,46,0,0,49.354
0,57,46,0,0,49.2766
0,58,46,0,0,49.2001
0,59,46,0,0,49.1244
0,60,46,0,0,49.0496
0,61,46,0,0,48.9756
0,62,46,0,0,48.9025
0,63,46,0,0,48.8304
0,64,46,0,1.24031e-06,48.7592
0,65,46,0,0,48.6888
0,66,46,0,0,48.6193
0,67,46,0,0,48.5509
0,68,46,0,0,48.4834
0,69,46,0,0,48.4168
0,70,46,0,0,48.3513
0,71,46,0,0,48.2867
0,72,46,0,0,48.2231
0,73,46,0,0,48.1606
0,74,46,0,0,48.099
0,75,46,0,0,48.0384
0,76,46,0,0,47.9788
0,77,46,0,0,47.9202
0,78,46,0,0,47.8626
0,79,46,0,0,47.806
0,80,46,0,0,47.7504
0,81,46,0,0,47.6958
0,82,46,0,0,47.6421
0,83,46,0,0,47.5895
0,84,46,0,0,47.5378
0,85,46,0,0,47.4871
0,86,46,0,0,47.4373
0,87,46,0,0,47.3885
0,88,46,0,0,47.3407
0,89,46,0,0,47.2937
0,90,46,0,0,47.2477
0,91,46,0,0,47.2026
0,92,46,0,0,47.1584
0,93,46,0,0,47.115
0,94,46,0,0,47.0726
0,95,46,0,0,47.0309
0,96,46,0,1.24031e-06,46.9901
0,97,46,0,0,46.9501
0,98,46,0,0,46.9108
0,99,46,0,0,46.8723
0,100,46,0,0,46.8346
0,101,46,0,0,46.7976
0,102,46,0,0,46.7614
0,103,46,0,0,46.7258
0,104,46,0,0,46.691
0,105,46,0,0,46.6569
0,106,46,0,0,46.6235
0,107,46,0,0,46.5907
0,108,46,0,0,46.5585
0,109,46,0,0,46.527
0,110,46,0,0,46.4961
0,111,46,0,0,46.4658
0,112,46,0,0,46.4361
0,113,46,0,0,46.4069
0,114,46,0,0,46.3784
0,115,46,0,0,46.3504
0,116,46,0,0,46.3229
0,117,46,0,0,46.2959
0,118,46,0,0,46.2695
0,119,46,0,0,46.2436
0,120,46,0,0,46.2182
0,121,46,0,0,46.1933
0,122,46,0,0,46.1688
0,123,46,0,0,46.1448
0,124,46,0,0,46.1213
0,125,46,0,0,46.0983
0,126,46,0,0,46.0757
0,127,46,0,0,46.0535
0,128,46,0,1.24031e-06,46.0317
0,129,46,0,0,46.0103
0,130,46,0,0,45.9893
0,131,46,0,0,45.9687
0,132,46,0,0,45.9485
0,133,46,0,0,45.9287
0,134,46,0,0,45.9093
0,135,46,0,0,45.8902
0,136,46,0,0,45.8716
0,137,46,0,0,45.8533
0,138,46,0,0,45.8353
0,139,46,0,0,45.8178
0,140,46,0,0,45.8006
0,141,46,0,0,45.7837
0,142,46,0,0,45.7672
0,143,46,0,0,45.751
0,144,46,0,0,45.7352
0,145,46,0,0,45.7197
0,146,46,0,0,45.7045
0,147,46,0,0,45.6897
0,148,46,0,0,45.6752
0,149,46,0,0,45.661
0,150,46,0,0,45.6471
0,151,46,0,0,45.6335
0,152,46,0,0,45.6202
0,153,46,0,0,45.6071
0,154,46,0,0,45.5944
0,155,46,0,0,45.5819
0,156,46,0,0,45.5698
0,157,46,0,0,45.5578
0,158,46,0,0,45.5461
0,159,46,0,0,45.5347
0,160,46,0,1.24031e-06,45.5235
0,161,46,0,0,45.5124
0,162,46,0,0,45.5015
0,163,46,0,0,45.4908
0,164,46,0,0,45.4803
0,165,46,0,0,45.47
0,166,46,0,0,45.4599
0,167,46,0,0,45.45
0,168,46,0,0,45.4402
0,169,46,0,0,45.4306
0,170,46,0,0,45.4211
0,171,46,0,0,45.4117
0,172,46,0,0,45.4025
0,173,46,0,0,45.3934
0,174,46,0,0,45.3844
0,175,46,0,0,45.3755
0,176,46,0,0,45.3668
0,177,46,0,0,45.3581
0,178,46,0,0,45.3496
0,179,46,0,0,45.3411
0,180,46,0,0,45.3328
0,181,46,0,0,45.3245
0,182,46,0,0,45.3163
0,183,46,0,0,45.3082
0,184,46,0,0,45.3003
0,185,46,0,0,45.2924
0,186,46,0,0,45.2846
0,187,46,0,0,45.2769
0,188,46,0,0,45.2693
0,189,46,0,0,45.2618
0,190,46,0,0,45.2544
0,191,46,0,0,45.2471
0,192,46,0,1.24031e-06,45.2399
0,193,46,0,0,45.2327
0,194,46,0,0,45.2257
0,195,46,0,0,45.2187
0,196,46,0,0,45.2118
0,197,46,0,0,45.2051
0,198,46,0,0,45.1984
0,199,46,0,0,45.1919
0,200,46,0,0,45.1855
0,201,46,0,0,45.1791
0,202,46,0,0,45.1729
0,203,46,0,0,45.1668
0,204,46,0,0,45.1608
0,205,46,0,0,45.1549
0,206,46,0,0,45.149
0,207,46,0,0,45.1433
0,208,46,0,0,45.1377
0,209,46,0,0,45.1321
0,210,46,0,0,45.1266
0,211,46,0,0,45.1213
0,212,46,0,0,45.1159
0,213,46,0,0,45.1107
0,214,46,0,0,45.1055
0,215,46,0,0,45.1004
0,216,46,0,0,45.0953
0,217,46,0,0,45.0903
0,218,46,0,0,45.0854
0,219,46,0,0,45.0805
0,220,46,0,0,45.0757
0,221,46,0,0,45.0709
0,222,46,0,0,45.0662
0,223,46,0,0,45.0615
0,224,46,0,1.24031e-06,45.0569
0,225,46,0,0,45.0522
0,226,46,0,0,45.0476
0,227,46,0,0,45.0431
0,228,46,0,0,45.0386
0,229,46,0,0,45.0341
0,230,46,0,0,45.0298
0,231,46,0,0,45.0255
0,232,46,0,0,45.0213
0,233,46,0,0,45.0172
0,234,46,0,0,45.0132
0,235,46,0,0,45.0092
0,236,46,0,0,45.0054
0,237,46,0,0,45.0016
0,238,46,0,0,44.998
0,239,46,0,0,44.9945
0,240,46,0,0,44.9911
0,241,46,0,0,44.9879
0,242,46,0,0,44.9848
0,243,46,0,0,44.9819
0,244,46,0,0,44.9791
0,245,46,0,0,44.9765
0,246,46,0,0,44.974
0,247,46,0,0,44.9718
0,248,46,0,0,44.9697
0,249,46,0,0,44.9679
0,250,46,0,0,44.9662
0,251,46,0,0,44.9648
0,252,46,0,0,44.9636
0,253,46,0,0,44.9627
0,254,46,0,0,44.9619
0,255,46,0,0,44.9614
0,0,47,0,1.24031e-06,52.6697
0,1,47,0,0,52.6631
0,2,47,0,0,52.6533
0,3,47,0,0,52.6403
0,4,47,0,0,52.6241
0,5,47,0,0,52.6048
0,6,47,0,0,52.5823
0,7,47,0,0,52.5568
0,8,47,0,0,52.5282
0,9,47,0,0,52.4967
0,10,47,0,0,52.4622
0,11,47,0,0,52.4249
0,12,47,0,0,52.3848
0,13,47,0,0,52.3419
0,14,47,0,0,52.2965
0,15,47,0,0,52.2484
0,16,47,0,0,52.1979
0,17,47,0,0,52.145
0,18,47,0,0,52.0897
0,19,47,0,0,52.0323
0,20,47,0,0,51.9728
0,21,47,0,0,51.9112
0,22,47,0,0,51.8477
0,23,47,0,0,51.7825
0,24,47,0,0,51.7155
0,25,47,0,0,51.6469
0,26,47,0,0,51.5769
0,27,47,0,0,51.5054
0,28,47,0,0,51.4327
0,29,47,0,0,51.3588
0,30,47,0,0,51.2838
0,31,47,0,0,51.2079
0,32,47,0,1.24031e-06,51.131
0,33,47,0,0,51.0533
0,34,47,0,0,50.9749
0,35,47,0,0,50.896
0,36,47,0,0,50.8165
0,37,47,0,0,50.7367
0,38,47,0,0,50.6565
0,39,47,0,0,50.5761
0,40,47,0,0,50.4956
0,41,47,0,0,50.415
0,42,47,0,0,50.3344
0,43,47,0,0,50.2539
0,44,47,0,0,50.1735
0,45,47,0,0,50.0933
0,46,47,0,0,50.0134
0,47,47,0,0,49.9339
0,48,47,0,0,49.8547
0,49,47,0,0,49.7759
0,50,47,0,0,49.6976
0,51,47,0,0,49.6199
0,52,47,0,0,49.5427
0,53,47,0,0,49.4661
0,54,47,0,0,49.3901
0,55,47,0,0,49.3149
0,56,47,0,0,49.2403
0,57,47,0,0,49.1664
0,58,47,0,0,49.0933
0,59,47,0,0,49.021
0,60,47,0,0,48.9494
0,61,47,0,0,48.8787
0,62,47,0,0,48.8088
0,63,47,0,0,48.7398
0,64,47,0,1.24031e-06,48.6716
0,65,47,0,0,48.6042
0,66,47,0,0,48.5376
0,67,47,0,0,48.472
0,68,47,0,0,48.4073
0,69,47,0,0,48.3434
0,70,47,0,0,48.2805
0,71,47,0,0,48.2185
0,72,47,0,0,48.1575
0,73,47,0,0,48.0974
0,74,47,0,0,48.0382
0,75,47,0,0,47.98
0,76,47,0,0,47.9227
0,77,47,0,0,47.8663
0,78,47,0,0,47.8109
0,79,47,0,0,47.7564
0,80,47,0,0,47.7029
0,81,47,0,0,47.6503
0,82,47,0,0,47.5987
0,83,47,0,0,47.548
0,84,47,0,0,47.4982
0,85,47,0,0,47.4494
0,86,47,0,0,47.4015
0,87,47,0,0,47.3544
0,88,47,0,0,47.3083
0,89,47,0,0,47.2631
0,90,47,0,0,47.2188
0,91,47,0,0,47.1753
0,92,47,0,0,47.1327
0,93,47,0,0,47.0909
0,94,47,0,0,47.05
0,95,47,0,0,47.0098
0,96,47,0,1.24031e-06,46.9705
0,97,47,0,0,46.9318
0,98,47,0,0,46.8939
0,99,47,0,0,46.8568
0,100,47,0,0,46.8204
0,101,47,0,0,46.7847
0,102,47,0,0,46.7497
0,103,47,0,0,46.7154
0,104,47,0,0,46.6818
0,105,47,0,0,46.6488
0,106,47,0,0,46.6165
0,107,47,0,0,46.5847
0,108,47,0,0,46.5536
0,109,47,0,0,46.5231
0,110,47,0,0,46.4932
0,111,47,0,0,46.4638
0,112,47,0,0,46.435
0,113,47,0,0,46.4067
0,114,47,0,0,46.379
0,115,47,0,0,46.3518
0,116,47,0,0,46.3251
0,117,47,0,0,46.2989
0,118,47,0,0,46.2732
0,119,47,0,0,46.248
0,120,47,0,0,46.2232
0,121,47,0,0,46.1989
0,122,47,0,0,46.1751
0,123,47,0,0,46.1517
0,124,47,0,0,46.1288
0,125,47,0,0,46.1063
0,126,47,0,0,46.0842
0,127,47,0,0,46.0625
0,128,47,0,1.24031e-06,46.0412
0,129,47,0,0,46.0203
0,130,47,0,0,45.9997
0,131,47,0,0,45.9795
0,132,47,0,0,45.9597
0,133,47,0,0,45.9403
0,134,47,0,0,45.9212
0,135,47,0,0,45.9026
0,136,47,0,0,45.8842
0,137,47,0,0,45.8663
0,138,47,0,0,45.8486
0,139,47,0,0,45.8314
0,140,47,0,0,45.8145
0,141,47,0,0,45.7979
0,142,47,0,0,45.7816
0,143,47,0,0,45.7657
0,144,47,0,0,45.7501
0,145,47,0,0,45.7349
0,146,47,0,0,45.72
0,147,47,0,0,45.7054
0,148,47,0,0,45.6911
0,149,47,0,0,45.6771
0,150,47,0,0,45.6634
0,151,47,0,0,45.65
0,152,47,0,0,45.6369
0,153,47,0,0,45.6241
0,154,47,0,0,45.6116
0,155,47,0,0,45.5993
0,156,47,0,0,45.5873
0,157,47,0,0,45.5756
0,158,47,0,0,45.5641
0,159,47,0,0,45.5529
0,160,47,0,1.24031e-06,45.5418
0,161,47,0,0,45.5309
0,162,47,0,0,45.5202
0,163,47,0,0,45.5097
0,164,47,0,0,45.4994
0,165,47,0,0,45.4893
0,166,47,0,0,45.4793
0,167,47,0,0,45.4695
0,168,47,0,0,45.4599
0,169,47,0,0,45.4504
0,170,47,0,0,45.441
0,171,47,0,0,45.4317
0,172,47,0,0,45.4226
0,173,47,0,0,45.4136
0,174,47,0,0,45.4047
0,175,47,0,0,45.3959
0,176,47,0,0,45.3871
0,177,47,0,0,45.3785
0,178,47,0,0,45.37
0,179,47,0,0,45.3615
0,180,47,0,0,45.3532
0,181,47,0,0,45.3449
0,182,47,0,0,45.3367
0,183,47,0,0,45.3286
0,184,47,0,0,45.3206
0,185,47,0,0,45.3127
0,186,47,0,0,45.3048
0,187,47,0,0,45.2971
0,188,47,0,0,45.2894
0,189,47,0,0,45.2819
0,190,47,0,0,45.2744
0,191,47,0,0,45.267
0,192,47,0,1.24031e-06,45.2597
0,193,47,0,0,45.2525
0,194,47,0,0,45.2453
0,195,47,0,0,45.2383
0,196,47,0,0,45.2313
0,197,47,0,0,45.2245
0,198,47,0,0,45.2178
0,199,47,0,0,45.2111
0,200,47,0,0,45.2046
0,201,47,0,0,45.1982
0,202,47,0,0,45.1919
0,203,47,0,0,45.1858
0,204,47,0,0,45.1797
0,205,47,0,0,45.1737
0,206,47,0,0,45.1678
0,207,47,0,0,45.162
0,208,47,0,0,45.1563
0,209,47,0,0,45.1507
0,210,47,0,0,45.1451
0,211,47,0,0,45.1397
0,212,47,0,0,45.1343
0,213,47,0,0,45.129
0,214,47,0,0,45.1237
0,215,47,0,0,45.1185
0,216,47,0,0,45.1134
0,217,47,0,0,45.1083
0,218,47,0,0,45.1033
0,219,47,0,0,45.0983
0,220,47,0,0,45.0934
0,221,47,0,0,45.0885
0,222,47,0,0,45.0836
0,223,47,0,0,45.0788
0,224,47,0,1.24031e-06,45.0741
0,225,47,0,0,45.0692
0,226,47,0,0,45.0645
0,227,47,0,0,45.0598
0,228,47,0,0,45.0551
0,229,47,0,0,45.0505
0,230,47,0,0,45.046
0,231,47,0,0,45.0415
0,232,47,0,0,45.0372
0,233,47,0,0,45.0329
0,234,47,0,0,45.0286
0,235,47,0,0,45.0245
0,236,47,0,0,45.0205
0,237,47,0,0,45.0165
0,238,47,0,0,45.0127
0,239,47,0,0,45.009
0,240,47,0,0,45.0054
0,241,47,0,0,45.002
0,242,47,0,0,44.9987
0,243,47,0,0,44.9956
0,244,47,0,0,44.9926
0,245,47,0,0,44.9898
0,246,47,0,0,44.9872
0,247,47,0,0,44.9848
0,248,47,0,0,44.9826
0,249,47,0,0,44.9806
0,250,47,0,0,44.9788
0,251,47,0,0,44.9773
0,252,47,0,0,44.976
0,253,47,0,0,44.975
0,254,47,0,0,44.9742
0,255,47,0,0,44.9737
0,0,48,0,1.24031e-06,52.3795
0,1,48,0,0,52.3734
0,2,48,0,0,52.3642
0,3,48,0,0,52.3521
0,4,48,0,0,52.337
0,5,48,0,0,52.319
0,6,48,0,0,52.2981
0,7,48,0,0,52.2742
0,8,48,0,0,52.2476
0,9,48,0,0,52.2181
0,10,48,0,0,52.1859
0,11,48,0,0,52.151
0,12,48,0,0,52.1135
0,13,48,0,0,52.0734
0,14,48,0,0,52.0308
0,15,48,0,0,51.9858
0,16,48,0,0,51.9384
0,17,48,0,0,51.8888
0,18,48,0,0,51.837
0,19,48,0,0,51.783
0,20,48,0,0,51.7271
0,21,48,0,0,51.6692
0,22,48,0,0,51.6095
0,23,48,0,0,51.5481
0,24,48,0,0,51.485
0,25,48,0,0,51.4204
0,26,48,0,0,51.3543
0,27,48,0,0,51.2869
0,28,48,0,0,51.2183
0,29,48,0,0,51.1484
0,30,48,0,0,51.0776
0,31,48,0,0,51.0058
0,32,48,0,1.24031e-06,50.9331
0,33,48,0,0,50.8595
0,34,48,0,0,50.7853
0,35,48,0,0,50.7105
0,36,48,0,0,50.6352
0,37,48,0,0,50.5595
0,38,48,0,0,50.4835
0,39,48,0,0,50.4072
0,40,48,0,0,50.3308
0,41,48,0,0,50.2542
0,42,48,0,0,50.1777
0,43,48,0,0,50.1012
0,44,48,0,0,50.0247
0,45,48,0,0,49.9485
0,46,48,0,0,49.8725
0,47,48,0,0,49.7968
0,48,48,0,0,49.7214
0,49,48,0,0,49.6464
0,50,48,0,0,49.5719
0,51,48,0,0,49.4978
0,52,48,0,0,49.4242
0,53,48,0,0,49.3512
0,54,48,0,0,49.2788
0,55,48,0,0,49.207
0,56,48,0,0,49.1358
0,57,48,0,0,49.0653
0,58,48,0,0,48.9955
0,59,48,0,0,48.9264
0,60,48,0,0,48.858
0,61,48,0,0,48.7904
0,62,48,0,0,48.7235
0,63,48,0,0,48.6575
0,64,48,0,1.24031e-06,48.5922
0,65,48,0,0,48.5277
0,66,48,0,0,48.4639
0,67,48,0,0,48.401
0,68,48,0,0,48.339
0,69,48,0,0,48.2778
0,70,48,0,0,48.2174
0,71,48,0,0,48.158
0,72,48,0,0,48.0994
0,73,48,0,0,48.0416
0,74,48,0,0,47.9848
0,75,48,0,0,47.9288
0,76,48,0,0,47.8738
0,77,48,0,0,47.8196
0,78,48,0,0,47.7663
0,79,48,0,0,47.7139
0,80,48,0,0,47.6624
0,81,48,0,0,47.6118
0,82,48,0,0,47.5621
0,83,48,0,0,47.5133
0,84,48,0,0,47.4654
0,85,48,0,0,47.4184
0,86,48,0,0,47.3723
0,87,48,0,0,47.327
0,88,48,0,0,47.2826
0,89,48,0,0,47.2391
0,90,48,0,0,47.1964
0,91,48,0,0,47.1545
0,92,48,0,0,47.1135
0,93,48,0,0,47.0733
0,94,48,0,0,47.0338
0,95,48,0,0,46.9952
0,96,48,0,1.24031e-06,46.9573
0,97,48,0,0,46.9201
0,98,48,0,0,46.8836
0,99,48,0,0,46.8478
0,100,48,0,0,46.8127
0,101,48,0,0,46.7783
0,102,48,0,0,46.7445
0,103,48,0,0,46.7114
0,104,48,0,0,46.679
0,105,48,0,0,46.6471
0,106,48,0,0,46.6159
0,107,48,0,0,46.5852
0,108,48,0,0,46.5551
0,109,48,0,0,46.5256
0,110,48,0,0,46.4966
0,111,48,0,0,46.4682
0,112,48,0,0,46.4403
0,113,48,0,0,46.4128
0,114,48,0,0,46.3859
0,115,48,0,0,46.3595
0,116,48,0,0,46.3336
0,117,48,0,0,46.3081
0,118,48,0,0,46.2832
0,119,48,0,0,46.2586
0,120,48,0,0,46.2345
0,121,48,0,0,46.2109
0,122,48,0,0,46.1877
0,123,48,0,0,46.1649
0,124,48,0,0,46.1425
0,125,48,0,0,46.1205
0,126,48,0,0,46.0989
0,127,48,0,0,46.0777
0,128,48,0,1.24031e-06,46.057
0,129,48,0,0,46.0364
0,130,48,0,0,46.0163
0,131,48,0,0,45.9965
0,132,48,0,0,45.9771
0,133,48,0,0,45.9581
0,134,48,0,0,45.9394
0,135,48,0,0,45.921
0,136,48,0,0,45.903
0,137,48,0,0,45.8854
0,138,48,0,0,45.8681
0,139,48,0,0,45.8511
0,140,48,0,0,45.8344
0,141,48,0,0,45.8181
0,142,48,0,0,45.8021
0,143,48,0,0,45.7865
0,144,48,0,0,45.7711
0,145,48,0,0,45.7561
0,146,48,0,0,45.7414
0,147,48,0,0,45.727
0,148,48,0,0,45.713
0,149,48,0,0,45.6992
0,150,48,0,0,45.6857
0,151,48,0,0,45.6726
0,152,48,0,0,45.6597
0,153,48,0,0,45.6471
0,154,48,0,0,45.6348
0,155,48,0,0,45.6227
0,156,48,0,0,45.6109
0,157,48,0,0,45.5994
0,158,48,0,0,45.5881
0,159,48,0,0,45.5771
0,160,48,0,1.24031e-06,45.5662
0,161,48,0,0,45.5555
0,162,48,0,0,45.545
0,163,48,0,0,45.5347
0,164,48,0,0,45.5246
0,165,48,0,0,45.5146
0,166,48,0,0,45.5048
0,167,48,0,0,45.4952
0,168,48,0,0,45.4857
0,169,48,0,0,45.4763
0,170,48,0,0,45.467
0,171,48,0,0,45.4579
0,172,48,0,0,45.4489
0,173,48,0,0,45.4399
0,174,48,0,0,45.4311
0,175,48,0,0,45.4223
0,176,48,0,0,45.4136
0,177,48,0,0,45.4051
0,178,48,0,0,45.3965
0,179,48,0,0,45.3881
0,180,48,0,0,45.3797
0,181,48,0,0,45.3714
0,182,48,0,0,45.3632
0,183,48,0,0,45.3551
0,184,48,0,0,45.347
0,185,48,0,0,45.339
0,186,48,0,0,45.3311
0,187,48,0,0,45.3233
0,188,48,0,0,45.3155
0,189,48,0,0,45.3079
0,190,48,0,0,45.3003
0,191,48,0,0,45.2929
0,192,48,0,1.24031e-06,45.2855
0,193,48,0,0,45.2782
0,194,48,0,0,45.2709
0,195,48,0,0,45.2638
0,196,48,0,0,45.2567
0,197,48,0,0,45.2498
0,198,48,0,0,45.243
0,199,48,0,0,45.2363
0,200,48,0,0,45.2297
0,201,48,0,0,45.2232
0,202,48,0,0,45.2168
0,203,48,0,0,45.2106
0,204,48,0,0,45.2044
0,205,48,0,0,45.1984
0,206,48,0,0,45.1924
0,207,48,0,0,45.1866
0,208,48,0,0,45.1808
0,209,48,0,0,45.1751
0,210,48,0,0,45.1695
0,211,48,0,0,45.164
0,212,48,0,0,45.1586
0,213,48,0,0,45.1532
0,214,48,0,0,45.1479
0,215,48,0,0,45.1426
0,216,48,0,0,45.1374
0,217,48,0,0,45.1322
0,218,48,0,0,45.1271
0,219,48,0,0,45.122
0,220,48,0,0,45.1169
0,221,48,0,0,45.1119
0,222,48,0,0,45.1069
0,223,48,0,0,45.102
0,224,48,0,1.24031e-06,45.0971
0,225,48,0,0,45.0921
0,226,48,0,0,45.0872
0,227,48,0,0,45.0823
0,228,48,0,0,45.0775
0,229,48,0,0,45.0727
0,230,48,0,0,45.068
0,231,48,0,0,45.0633
0,232,48,0,0,45.0588
0,233,48,0,0,45.0543
0,234,48,0,0,45.0498
0,235,48,0,0,45.0455
0,236,48,0,0,45.0412
0,237,48,0,0,45.0371
0,238,48,0,0,45.033
0,239,48,0,0,45.0291
0,240,48,0,0,45.0253
0,241,48,0,0,45.0217
0,242,48,0,0,45.0182
0,243,48,0,0,45.0148
0,244,48,0,0,45.0117
0,245,48,0,0,45.0087
0,246,48,0,0,45.0059
0,247,48,0,0,45.0033
0,248,48,0,0,45.0009
0,249,48,0,0,44.9987
0,250,48,0,0,44.9968
0,251,48,0,0,44.9952
0,252,48,0,0,44.9938
0,253,48,0,0,44.9926
0,254,48,0,0,44.9918
0,255,48,0,0,44.9912
0,0,49,0,1.24031e-06,52.1101
0,1,49,0,0,52.1044
0,2,49,0,0,52.0959
0,3,49,0,0,52.0846
0,4,49,0,0,52.0705
0,5,49,0,0,52.0537
0,6,49,0,0,52.0342
0,7,49,0,0,52.012
0,8,49,0,0,51.9871
0,9,49,0,0,51.9596
0,10,49,0,0,51.9295
0,11,49,0,0,51.8969
0,12,49,0,0,51.8618
0,13,49,0,0,51.8242
0,14,49,0,0,51.7843
0,15,49,0,0,51.7421
0,16,49,0,0,51.6977
0,17,49,0,0,51.6511
0,18,49,0,0,51.6025
0,19,49,0,0,51.5518
0,20,49,0,0,51.4992
0,21,49,0,0,51.4447
0,22,49,0,0,51.3885
0,23,49,0,0,51.3306
0,24,49,0,0,51.2711
0,25,49,0,0,51.2102
0,26,49,0,0,51.1478
0,27,49,0,0,51.0842
0,28,49,0,0,51.0193
0,29,49,0,0,50.9533
0,30,49,0,0,50.8863
0,31,49,0,0,50.8183
0,32,49,0,1.24031e-06,50.7495
0,33,49,0,0,50.6799
0,34,49,0,0,50.6095
0,35,49,0,0,50.5386
0,36,49,0,0,50.4672
0,37,49,0,0,50.3954
0,38,49,0,0,50.3232
0,39,49,0,0,50.2508
0,40,49,0,0,50.1782
0,41,49,0,0,50.1055
0,42,49,0,0,50.0327
0,43,49,0,0,49.96
0,44,49,0,0,49.8873
0,45,49,0,0,49.8148
0,46,49,0,0,49.7425
0,47,49,0,0,49.6704
0,48,49,0,0,49.5987
0,49,49,0,0,49.5273
0,50,49,0,0,49.4563
0,51,49,0,0,49.3857
0,52,49,0,0,49.3156
0,53,49,0,0,49.246
0,54,49,0,0,49.1769
0,55,49,0,0,49.1084
0,56,49,0,0,49.0405
0,57,49,0,0,48.9732
0,58,49,0,0,48.9066
0,59,49,0,0,48.8406
0,60,49,0,0,48.7753
0,61,49,0,0,48.7107
0,62,49,0,0,48.6468
0,63,49,0,0,48.5836
0,64,49,0,1.24031e-06,48.5212
0,65,49,0,0,48.4594
0,66,49,0,0,48.3983
0,67,49,0,0,48.3381
0,68,49,0,0,48.2786
0,69,49,0,0,48.22
0,70,49,0,0,48.1621
0,71,49,0,0,48.1051
0,72,49,0,0,48.0488
0,73,49,0,0,47.9934
0,74,49,0,0,47.9388
0,75,49,0,0,47.885
0,76,49,0,0,47.8321
0,77,49,0,0,47.7801
0,78,49,0,0,47.7288
0,79,49,0,0,47.6785
0,80,49,0,0,47.629
0,81,49,0,0,47.5803
0,82,49,0,0,47.5325
0,83,49,0,0,47.4856
0,84,49,0,0,47.4395
0,85,49,0,0,47.3942
0,86,49,0,0,47.3499
0,87,49,0,0,47.3063
0,88,49,0,0,47.2636
0,89,49,0,0,47.2217
0,90,49,0,0,47.1807
0,91,49,0,0,47.1404
0,92,49,0,0,47.1009
0,93,49,0,0,47.0622
0,94,49,0,0,47.0243
0,95,49,0,0,46.9871
0,96,49,0,1.24031e-06,46.9507
0,97,49,0,0,46.9148
0,98,49,0,0,46.8797
0,99,49,0,0,46.8453
0,100,49,0,0,46.8115
0,101,49,0,0,46.7783
0,102,49,0,0,46.7458
0,103,49,0,0,46.7139
0,104,49,0,0,46.6826
0,105,49,0,0,46.6519
0,106,49,0,0,46.6218
0,107,49,0,0,46.5922
0,108,49,0,0,46.5631
0,109,49,0,0,46.5346
0,110,49,0,0,46.5065
0,111,49,0,0,46.479
0,112,49,0,0,46.452
0,113,49,0,0,46.4254
0,114,49,0,0,46.3993
0,115,49,0,0,46.3737
0,116,49,0,0,46.3485
0,117,49,0,0,46.3238
0,118,49,0,0,46.2995
0,119,49,0,0,46.2757
0,120,49,0,0,46.2522
0,121,49,0,0,46.2292
0,122,49,0,0,46.2066
0,123,49,0,0,46.1844
0,124,49,0,0,46.1625
0,125,49,0,0,46.1411
0,126,49,0,0,46.12
0,127,49,0,0,46.0993
0,128,49,0,1.24031e-06,46.079
0,129,49,0,0,46.0589
0,130,49,0,0,46.0392
0,131,49,0,0,46.0198
0,132,49,0,0,46.0008
0,133,49,0,0,45.9821
0,134,49,0,0,45.9638
0,135,49,0,0,45.9457
0,136,49,0,0,45.928
0,137,49,0,0,45.9107
0,138,49,0,0,45.8937
0,139,49,0,0,45.877
0,140,49,0,0,45.8606
0,141,49,0,0,45.8445
0,142,49,0,0,45.8288
0,143,49,0,0,45.8133
0,144,49,0,0,45.7982
0,145,49,0,0,45.7834
0,146,49,0,0,45.769
0,147,49,0,0,45.7548
0,148,49,0,0,45.7409
0,149,49,0,0,45.7274
0,150,49,0,0,45.7141
0,151,49,0,0,45.7012
0,152,49,0,0,45.6885
0,153,49,0,0,45.6761
0,154,49,0,0,45.664
0,155,49,0,0,45.6522
0,156,49,0,0,45.6406
0,157,49,0,0,45.6293
0,158,49,0,0,45.6182
0,159,49,0,0,45.6074
0,160,49,0,1.24031e-06,45.5967
0,161,49,0,0,45.5862
0,162,49,0,0,45.5759
0,163,49,0,0,45.5658
0,164,49,0,0,45.5559
0,165,49,0,0,45.5461
0,166,49,0,0,45.5365
0,167,49,0,0,45.527
0,168,49,0,0,45.5176
0,169,49,0,0,45.5084
0,170,49,0,0,45.4993
0,171,49,0,0,45.4902
0,172,49,0,0,45.4813
0,173,49,0,0,45.4725
0,174,49,0,0,45.4637
0,175,49,0,0,45.455
0,176,49,0,0,45.4464
0,177,49,0,0,45.4378
0,178,49,0,0,45.4293
0,179,49,0,0,45.4208
0,180,49,0,0,45.4125
0,181,49,0,0,45.4041
0,182,49,0,0,45.3959
0,183,49,0,0,45.3877
0,184,49,0,0,45.3795
0,185,49,0,0,45.3715
0,186,49,0,0,45.3635
0,187,49,0,0,45.3556
0,188,49,0,0,45.3478
0,189,49,0,0,45.34
0,190,49,0,0,45.3323
0,191,49,0,0,45.3248
0,192,49,0,1.24031e-06,45.3173
0,193,49,0,0,45.3098
0,194,49,0,0,45.3025
0,195,49,0,0,45.2952
0,196,49,0,0,45.2881
0,197,49,0,0,45.2811
0,198,49,0,0,45.2742
0,199,49,0,0,45.2674
0,200,49,0,0,45.2607
0,201,49,0,0,45.2541
0,202,49,0,0,45.2477
0,203,49,0,0,45.2413
0,204,49,0,0,45.2351
0,205,49,0,0,45.229
0,206,49,0,0,45.223
0,207,49,0,0,45.2171
0,208,49,0,0,45.2113
0,209,49,0,0,45.2055
0,210,49,0,0,45.1999
0,211,49,0,0,45.1943
0,212,49,0,0,45.1888
0,213,49,0,0,45.1833
0,214,49,0,0,45.1779
0,215,49,0,0,45.1726
0,216,49,0,0,45.1673
0,217,49,0,0,45.162
0,218,49,0,0,45.1568
0,219,49,0,0,45.1516
0,220,49,0,0,45.1464
0,221,49,0,0,45.1413
0,222,49,0,0,45.1362
0,223,49,0,0,45.1311
0,224,49,0,1.24031e-06,45.126
0,225,49,0,0,45.1209
0,226,49,0,0,45.1158
0,227,49,0,0,45.1107
0,228,49,0,0,45.1057
0,229,49,0,0,45.1008
0,230,49,0,0,45.0958
0,231,49,0,0,45.091
0,232,49,0,0,45.0862
0,233,49,0,0,45.0814
0,234,49,0,0,45.0768
0,235,49,0,0,45.0722
0,236,49,0,0,45.0677
0,237,49,0,0,45.0633
0,238,49,0,0,45.0591
0,239,49,0,0,45.0549
0,240,49,0,0,45.0509
0,241,49,0,0,45.047
0,242,49,0,0,45.0432
0,243,49,0,0,45.0396
0,244,49,0,0,45.0362
0,245,49,0,0,45.033
0,246,49,0,0,45.03
0,247,49,0,0,45.0272
0,248,49,0,0,45.0246
0,249,49,0,0,45.0222
0,250,49,0,0,45.0201
0,251,49,0,0,45.0183
0,252,49,0,0,45.0168
0,253,49,0,0,45.0156
0,254,49,0,0,45.0146
0,255,49,0,0,45.014
0,0,50,0,1.24031e-06,51.8608
0,1,50,0,0,51.8555
0,2,50,0,0,51.8475
0,3,50,0,0,51.837
0,4,50,0,0,51.8239
0,5,50,0,0,51.8083
0,6,50,0,0,51.7901
0,7,50,0,0,51.7693
0,8,50,0,0,51.7461
0,9,50,0,0,51.7204
0,10,50,0,0,51.6923
0,11,50,0,0,51.6618
0,12,50,0,0,51.629
0,13,50,0,0,51.5938
0,14,50,0,0,51.5565
0,15,50,0,0,51.5169
0,16,50,0,0,51.4752
0,17,50,0,0,51.4315
0,18,50,0,0,51.3857
0,19,50,0,0,51.3381
0,20,50,0,0,51.2885
0,21,50,0,0,51.2373
0,22,50,0,0,51.1843
0,23,50,0,0,51.1297
0,24,50,0,0,51.0736
0,25,50,0,0,51.016
0,26,50,0,0,50.9571
0,27,50,0,0,50.8969
0,28,50,0,0,50.8356
0,29,50,0,0,50.7731
0,30,50,0,0,50.7097
0,31,50,0,0,50.6453
0,32,50,0,1.24031e-06,50.5801
0,33,50,0,0,50.514
0,34,50,0,0,50.4473
0,35,50,0,0,50.3801
0,36,50,0,0,50.3123
0,37,50,0,0,50.2441
0,38,50,0,0,50.1755
0,39,50,0,0,50.1067
0,40,50,0,0,50.0377
0,41,50,0,0,49.9686
0,42,50,0,0,49.8994
0,43,50,0,0,49.8302
0,44,50,0,0,49.7611
0,45,50,0,0,49.6921
0,46,50,0,0,49.6233
0,47,50,0,0,49.5547
0,48,50,0,0,49.4864
0,49,50,0,0,49.4184
0,50,50,0,0,49.3508
0,51,50,0,0,49.2835
0,52,50,0,0,49.2167
0,53,50,0,0,49.1504
0,54,50,0,0,49.0846
0,55,50,0,0,49.0193
0,56,50,0,0,48.9545
0,57,50,0,0,48.8903
0,58,50,0,0,48.8267
0,59,50,0,0,48.7637
0,60,50,0,0,48.7014
0,61,50,0,0,48.6396
0,62,50,0,0,48.5786
0,63,50,0,0,48.5182
0,64,50,0,1.24031e-06,48.4585
0,65,50,0,0,48.3993
0,66,50,0,0,48.3409
0,67,50,0,0,48.2832
0,68,50,0,0,48.2263
0,69,50,0,0,48.1701
0,70,50,0,0,48.1146
0,71,50,0,0,48.0599
0,72,50,0,0,48.0059
0,73,50,0,0,47.9527
0,74,50,0,0,47.9003
0,75,50,0,0,47.8487
0,76,50,0,0,47.7979
0,77,50,0,0,47.7478
0,78,50,0,0,47.6986
0,79,50,0,0,47.6502
0,80,50,0,0,47.6026
0,81,50,0,0,47.5558
0,82,50,0,0,47.5099
0,83,50,0,0,47.4647
0,84,50,0,0,47.4204
0,85,50,0,0,47.3769
0,86,50,0,0,47.3343
0,87,50,0,0,47.2924
0,88,50,0,0,47.2514
0,89,50,0,0,47.2111
0,90,50,0,0,47.1716
0,91,50,0,0,47.1329
0,92,50,0,0,47.095
0,93,50,0,0,47.0578
0,94,50,0,0,47.0214
0,95,50,0,0,46.9857
0,96,50,0,1.24031e-06,46.9507
0,97,50,0,0,46.9162
0,98,50,0,0,46.8825
0,99,50,0,0,46.8494
0,100,50,0,0,46.8169
0,101,50,0,0,46.785
0,102,50,0,0,46.7537
0,103,50,0,0,46.723
0,104,50,0,0,46.6929
0,105,50,0,0,46.6633
0,106,50,0,0,46.6343
0,107,50,0,0,46.6057
0,108,50,0,0,46.5777
0,109,50,0,0,46.5501
0,110,50,0,0,46.523
0,111,50,0,0,46.4964
0,112,50,0,0,46.4702
0,113,50,0,0,46.4445
0,114,50,0,0,46.4193
0,115,50,0,0,46.3944
0,116,50,0,0,46.37
0,117,50,0,0,46.346
0,118,50,0,0,46.3224
0,119,50,0,0,46.2992
0,120,50,0,0,46.2764
0,121,50,0,0,46.254
0,122,50,0,0,46.232
0,123,50,0,0,46.2103
0,124,50,0,0,46.189
0,125,50,0,0,46.1681
0,126,50,0,0,46.1475
0,127,50,0,0,46.1273
0,128,50,0,1.24031e-06,46.1074
0,129,50,0,0,46.0877
0,130,50,0,0,46.0684
0,131,50,0,0,46.0495
0,132,50,0,0,46.0308
0,133,50,0,0,46.0125
0,134,50,0,0,45.9945
0,135,50,0,0,45.9768
0,136,50,0,0,45.9594
0,137,50,0,0,45.9423
0,138,50,0,0,45.9255
0,139,50,0,0,45.9091
0,140,50,0,0,45.8929
0,141,50,0,0,45.8771
0,142,50,0,0,45.8616
0,143,50,0,0,45.8464
0,144,50,0,0,45.8315
0,145,50,0,0,45.8169
0,146,50,0,0,45.8027
0,147,50,0,0,45.7887
0,148,50,0,0,45.775
0,149,50,0,0,45.7617
0,150,50,0,0,45.7486
0,151,50,0,0,45.7359
0,152,50,0,0,45.7234
0,153,50,0,0,45.7113
0,154,50,0,0,45.6994
0,155,50,0,0,45.6878
0,156,50,0,0,45.6764
0,157,50,0,0,45.6653
0,158,50,0,0,45.6544
0,159,50,0,0,45.6438
0,160,50,0,1.24031e-06,45.6334
0,161,50,0,0,45.6231
0,162,50,0,0,45.613
0,163,50,0,0,45.6031
0,164,50,0,0,45.5934
0,165,50,0,0,45.5838
0,166,50,0,0,45.5744
0,167,50,0,0,45.5651
0,168,50,0,0,45.5559
0,169,50,0,0,45.5468
0,170,50,0,0,45.5378
0,171,50,0,0,45.5289
0,172,50,0,0,45.5201
0,173,50,0,0,45.5113
0,174,50,0,0,45.5026
0,175,50,0,0,45.494
0,176,50,0,0,45.4854
0,177,50,0,0,45.4768
0,178,50,0,0,45.4683
0,179,50,0,0,45.4599
0,180,50,0,0,45.4515
0,181,50,0,0,45.4431
0,182,50,0,0,45.4348
0,183,50,0,0,45.4265
0,184,50,0,0,45.4183
0,185,50,0,0,45.4102
0,186,50,0,0,45.4021
0,187,50,0,0,45.3941
0,188,50,0,0,45.3861
0,189,50,0,0,45.3782
0,190,50,0,0,45.3705
0,191,50,0,0,45.3628
0,192,50,0,1.24031e-06,45.3552
0,193,50,0,0,45.3476
0,194,50,0,0,45.3401
0,195,50,0,0,45.3327
0,196,50,0,0,45.3255
0,197,50,0,0,45.3183
0,198,50,0,0,45.3113
0,199,50,0,0,45.3044
0,200,50,0,0,45.2977
0,201,50,0,0,45.291
0,202,50,0,0,45.2845
0,203,50,0,0,45.2781
0,204,50,0,0,45.2718
0,205,50,0,0,45.2656
0,206,50,0,0,45.2595
0,207,50,0,0,45.2536
0,208,50,0,0,45.2477
0,209,50,0,0,45.2419
0,210,50,0,0,45.2362
0,211,50,0,0,45.2306
0,212,50,0,0,45.225
0,213,50,0,0,45.2195
0,214,50,0,0,45.214
0,215,50,0,0,45.2086
0,216,50,0,0,45.2032
0,217,50,0,0,45.1979
0,218,50,0,0,45.1925
0,219,50,0,0,45.1872
0,220,50,0,0,45.1819
0,221,50,0,0,45.1767
0,222,50,0,0,45.1714
0,223,50,0,0,45.1662
0,224,50,0,1.24031e-06,45.161
0,225,50,0,0,45.1557
0,226,50,0,0,45.1504
0,227,50,0,0,45.1451
0,228,50,0,0,45.1399
0,229,50,0,0,45.1347
0,230,50,0,0,45.1296
0,231,50,0,0,45.1245
0,232,50,0,0,45.1194
0,233,50,0,0,45.1145
0,234,50,0,0,45.1096
0,235,50,0,0,45.1047
0,236,50,0,0,45.1
0,237,50,0,0,45.0953
0,238,50,0,0,45.0908
0,239,50,0,0,45.0864
0,240,50,0,0,45.0821
0,241,50,0,0,45.0779
0,242,50,0,0,45.0739
0,243,50,0,0,45.07
0,244,50,0,0,45.0663
0,245,50,0,0,45.0629
0,246,50,0,0,45.0596
0,247,50,0,0,45.0565
0,248,50,0,0,45.0537
0,249,50,0,0,45.0511
0,250,50,0,0,45.0488
0,251,50,0,0,45.0469
0,252,50,0,0,45.0452
0,253,50,0,0,45.0438
0,254,50,0,0,45.0428
0,255,50,0,0,45.0421
0,0,51,0,1.24031e-06,51.6308
0,1,51,0,0,51.6259
0,2,51,0,0,51.6185
0,3,51,0,0,51.6087
0,4,51,0,0,51.5966
0,5,51,0,0,51.582
0,6,51,0,0,51.565
0,7,51,0,0,51.5457
0,8,51,0,0,51.5241
0,9,51,0,0,51.5001
0,10,51,0,0,51.4739
0,11,51,0,0,51.4453
0,12,51,0,0,51.4146
0,13,51,0,0,51.3817
0,14,51,0,0,51.3467
0,15,51,0,0,51.3096
0,16,51,0,0,51.2705
0,17,51,0,0,51.2294
0,18,51,0,0,51.1863
0,19,51,0,0,51.1415
0,20,51,0,0,51.0949
0,21,51,0,0,51.0465
0,22,51,0,0,50.9966
0,23,51,0,0,50.945
0,24,51,0,0,50.892
0,25,51,0,0,50.8376
0,26,51,0,0,50.7819
0,27,51,0,0,50.725
0,28,51,0,0,50.6669
0,29,51,0,0,50.6077
0,30,51,0,0,50.5475
0,31,51,0,0,50.4865
0,32,51,0,1.24031e-06,50.4246
0,33,51,0,0,50.362
0,34,51,0,0,50.2986
0,35,51,0,0,50.2347
0,36,51,0,0,50.1703
0,37,51,0,0,50.1055
0,38,51,0,0,50.0403
0,39,51,0,0,49.9749
0,40,51,0,0,49.9093
0,41,51,0,0,49.8435
0,42,51,0,0,49.7777
0,43,51,0,0,49.7119
0,44,51,0,0,49.6461
0,45,51,0,0,49.5804
0,46,51,0,0,49.5149
0,47,51,0,0,49.4496
0,48,51,0,0,49.3846
0,49,51,0,0,49.3198
0,50,51,0,0,49.2554
0,51,51,0,0,49.1914
0,52,51,0,0,49.1277
0,53,51,0,0,49.0645
0,54,51,0,0,49.0018
0,55,51,0,0,48.9395
0,56,51,0,0,48.8778
0,57,51,0,0,48.8166
0,58,51,0,0,48.7559
0,59,51,0,0,48.6958
0,60,51,0,0,48.6363
0,61,51,0,0,48.5773
0,62,51,0,0,48.519
0,63,51,0,0,48.4613
0,64,51,0,1.24031e-06,48.4042
0,65,51,0,0,48.3477
0,66,51,0,0,48.2918
0,67,51,0,0,48.2366
0,68,51,0,0,48.182
0,69,51,0,0,48.1282
0,70,51,0,0,48.075
0,71,51,0,0,48.0225
0,72,51,0,0,47.9708
0,73,51,0,0,47.9198
0,74,51,0,0,47.8695
0,75,51,0,0,47.8199
0,76,51,0,0,47.7711
0,77,51,0,0,47.723
0,78,51,0,0,47.6757
0,79,51,0,0,47.6292
0,80,51,0,0,47.5834
0,81,51,0,0,47.5385
0,82,51,0,0,47.4943
0,83,51,0,0,47.4509
0,84,51,0,0,47.4084
0,85,51,0,0,47.3666
0,86,51,0,0,47.3256
0,87,51,0,0,47.2854
0,88,51,0,0,47.2459
0,89,51,0,0,47.2073
0,90,51,0,0,47.1694
0,91,51,0,0,47.1323
0,92,51,0,0,47.0959
0,93,51,0,0,47.0602
0,94,51,0,0,47.0252
0,95,51,0,0,46.991
0,96,51,0,1.24031e-06,46.9574
0,97,51,0,0,46.9244
0,98,51,0,0,46.892
0,99,51,0,0,46.8602
0,100,51,0,0,46.829
0,101,51,0,0,46.7984
0,102,51,0,0,46.7684
0,103,51,0,0,46.7389
0,104,51,0,0,46.7099
0,105,51,0,0,46.6815
0,106,51,0,0,46.6535
0,107,51,0,0,46.626
0,108,51,0,0,46.599
0,109,51,0,0,46.5724
0,110,51,0,0,46.5462
0,111,51,0,0,46.5205
0,112,51,0,0,46.4952
0,113,51,0,0,46.4703
0,114,51,0,0,46.4459
0,115,51,0,0,46.4218
0,116,51,0,0,46.3981
0,117,51,0,0,46.3748
0,118,51,0,0,46.3519
0,119,51,0,0,46.3293
0,120,51,0,0,46.3072
0,121,51,0,0,46.2854
0,122,51,0,0,46.2639
0,123,51,0,0,46.2428
0,124,51,0,0,46.222
0,125,51,0,0,46.2016
0,126,51,0,0,46.1815
0,127,51,0,0,46.1618
0,128,51,0,1.24031e-06,46.1423
0,129,51,0,0,46.1231
0,130,51,0,0,46.1042
0,131,51,0,0,46.0856
0,132,51,0,0,46.0673
0,133,51,0,0,46.0493
0,134,51,0,0,46.0316
0,135,51,0,0,46.0142
0,136,51,0,0,45.9971
0,137,51,0,0,45.9803
0,138,51,0,0,45.9638
0,139,51,0,0,45.9475
0,140,51,0,0,45.9316
0,141,51,0,0,45.916
0,142,51,0,0,45.9007
0,143,51,0,0,45.8857
0,144,51,0,0,45.871
0,145,51,0,0,45.8567
0,146,51,0,0,45.8426
0,147,51,0,0,45.8288
0,148,51,0,0,45.8154
0,149,51,0,0,45.8022
0,150,51,0,0,45.7894
0,151,51,0,0,45.7768
0,152,51,0,0,45.7646
0,153,51,0,0,45.7526
0,154,51,0,0,45.7409
0,155,51,0,0,45.7295
0,156,51,0,0,45.7184
0,157,51,0,0,45.7075
0,158,51,0,0,45.6969
0,159,51,0,0,45.6865
0,160,51,0,1.24031e-06,45.6763
0,161,51,0,0,45.6663
0,162,51,0,0,45.6564
0,163,51,0,0,45.6467
0,164,51,0,0,45.6372
0,165,51,0,0,45.6279
0,166,51,0,0,45.6186
0,167,51,0,0,45.6095
0,168,51,0,0,45.6005
0,169,51,0,0,45.5916
0,170,51,0,0,45.5827
0,171,51,0,0,45.574
0,172,51,0,0,45.5652
0,173,51,0,0,45.5566
0,174,51,0,0,45.5479
0,175,51,0,0,45.5394
0,176,51,0,0,45.5308
0,177,51,0,0,45.5223
0,178,51,0,0,45.5138
0,179,51,0,0,45.5053
0,180,51,0,0,45.4968
0,181,51,0,0,45.4884
0,182,51,0,0,45.4801
0,183,51,0,0,45.4717
0,184,51,0,0,45.4634
0,185,51,0,0,45.4551
0,186,51,0,0,45.4469
0,187,51,0,0,45.4388
0,188,51,0,0,45.4307
0,189,51,0,0,45.4227
0,190,51,0,0,45.4148
0,191,51,0,0,45.407
0,192,51,0,1.24031e-06,45.3992
0,193,51,0,0,45.3915
0,194,51,0,0,45.3839
0,195,51,0,0,45.3764
0,196,51,0,0,45.369
0,197,51,0,0,45.3617
0,198,51,0,0,45.3546
0,199,51,0,0,45.3476
0,200,51,0,0,45.3407
0,201,51,0,0,45.334
0,202,51,0,0,45.3274
0,203,51,0,0,45.3209
0,204,51,0,0,45.3145
0,205,51,0,0,45.3083
0,206,51,0,0,45.3021
0,207,51,0,0,45.2961
0,208,51,0,0,45.2902
0,209,51,0,0,45.2844
0,210,51,0,0,45.2786
0,211,51,0,0,45.2729
0,212,51,0,0,45.2673
0,213,51,0,0,45.2617
0,214,51,0,0,45.2562
0,215,51,0,0,45.2508
0,216,51,0,0,45.2453
0,217,51,0,0,45.2399
0,218,51,0,0,45.2344
0,219,51,0,0,45.229
0,220,51,0,0,45.2236
0,221,51,0,0,45.2182
0,222,51,0,0,45.2128
0,223,51,0,0,45.2074
0,224,51,0,1.24031e-06,45.202
0,225,51,0,0,45.1965
0,226,51,0,0,45.191
0,227,51,0,0,45.1855
0,228,51,0,0,45.1801
0,229,51,0,0,45.1747
0,230,51,0,0,45.1693
0,231,51,0,0,45.164
0,232,51,0,0,45.1587
0,233,51,0,0,45.1534
0,234,51,0,0,45.1483
0,235,51,0,0,45.1432
0,236,51,0,0,45.1381
0,237,51,0,0,45.1332
0,238,51,0,0,45.1284
0,239,51,0,0,45.1236
0,240,51,0,0,45.119
0,241,51,0,0,45.1146
0,242,51,0,0,45.1102
0,243,51,0,0,45.1061
0,244,51,0,0,45.1021
0,245,51,0,0,45.0983
0,246,51,0,0,45.0947
0,247,51,0,0,45.0914
0,248,51,0,0,45.0883
0,249,51,0,0,45.0855
0,250,51,0,0,45.0829
0,251,51,0,0,45.0807
0,252,51,0,0,45.0789
0,253,51,0,0,45.0773
0,254,51,0,0,45.0762
0,255,51,0,0,45.0754
0,0,52,0,1.24031e-06,51.4196
0,1,52,0,0,51.415
0,2,52,0,0,51.4082
0,3,52,0,0,51.3991
0,4,52,0,0,51.3878
0,5,52,0,0,51.3743
0,6,52,0,0,51.3586
0,7,52,0,0,51.3406
0,8,52,0,0,51.3204
0,9,52,0,0,51.2981
0,10,52,0,0,51.2736
0,11,52,0,0,51.247
0,12,52,0,0,51.2183
0,13,52,0,0,51.1875
0,14,52,0,0,51.1546
0,15,52,0,0,51.1198
0,16,52,0,0,51.0831
0,17,52,0,0,51.0445
0,18,52,0,0,51.004
0,19,52,0,0,50.9618
0,20,52,0,0,50.9178
0,21,52,0,0,50.8722
0,22,52,0,0,50.825
0,23,52,0,0,50.7763
0,24,52,0,0,50.7262
0,25,52,0,0,50.6747
0,26,52,0,0,50.622
0,27,52,0,0,50.568
0,28,52,0,0,50.5129
0,29,52,0,0,50.4568
0,30,52,0,0,50.3997
0,31,52,0,0,50.3417
0,32,52,0,1.24031e-06,50.283
0,33,52,0,0,50.2234
0,34,52,0,0,50.1632
0,35,52,0,0,50.1024
0,36,52,0,0,50.0412
0,37,52,0,0,49.9795
0,38,52,0,0,49.9175
0,39,52,0,0,49.8553
0,40,52,0,0,49.7928
0,41,52,0,0,49.7302
0,42,52,0,0,49.6675
0,43,52,0,0,49.6048
0,44,52,0,0,49.5422
0,45,52,0,0,49.4797
0,46,52,0,0,49.4173
0,47,52,0,0,49.3551
0,48,52,0,0,49.2931
0,49,52,0,0,49.2315
0,50,52,0,0,49.1701
0,51,52,0,0,49.1091
0,52,52,0,0,49.0485
0,53,52,0,0,48.9883
0,54,52,0,0,48.9286
0,55,52,0,0,48.8693
0,56,52,0,0,48.8104
0,57,52,0,0,48.7521
0,58,52,0,0,48.6942
0,59,52,0,0,48.6369
0,60,52,0,0,48.5801
0,61,52,0,0,48.5238
0,62,52,0,0,48.4681
0,63,52,0,0,48.413
0,64,52,0,1.24031e-06,48.3584
0,65,52,0,0,48.3044
0,66,52,0,0,48.251
0,67,52,0,0,48.1981
0,68,52,0,0,48.1459
0,69,52,0,0,48.0944
0,70,52,0,0,48.0434
0,71,52,0,0,47.9932
0,72,52,0,0,47.9435
0,73,52,0,0,47.8946
0,74,52,0,0,47.8463
0,75,52,0,0,47.7987
0,76,52,0,0,47.7519
0,77,52,0,0,47.7057
0,78,52,0,0,47.6602
0,79,52,0,0,47.6155
0,80,52,0,0,47.5716
0,81,52,0,0,47.5284
0,82,52,0,0,47.4859
0,83,52,0,0,47.4442
0,84,52,0,0,47.4033
0,85,52,0,0,47.3632
0,86,52,0,0,47.3239
0,87,52,0,0,47.2853
0,88,52,0,0,47.2474
0,89,52,0,0,47.2104
0,90,52,0,0,47.174
0,91,52,0,0,47.1384
0,92,52,0,0,47.1036
0,93,52,0,0,47.0694
0,94,52,0,0,47.0359
0,95,52,0,0,47.0031
0,96,52,0,1.24031e-06,46.9709
0,97,52,0,0,46.9393
0,98,52,0,0,46.9083
0,99,52,0,0,46.8779
0,100,52,0,0,46.848
0,101,52,0,0,46.8187
0,102,52,0,0,46.7899
0,103,52,0,0,46.7616
0,104,52,0,0,46.7338
0,105,52,0,0,46.7065
0,106,52,0,0,46.6796
0,107,52,0,0,46.6531
0,108,52,0,0,46.6271
0,109,52,0,0,46.6015
0,110,52,0,0,46.5763
0,111,52,0,0,46.5514
0,112,52,0,0,46.527
0,113,52,0,0,46.5029
0,114,52,0,0,46.4793
0,115,52,0,0,46.4559
0,116,52,0,0,46.433
0,117,52,0,0,46.4104
0,118,52,0,0,46.3881
0,119,52,0,0,46.3662
0,120,52,0,0,46.3447
0,121,52,0,0,46.3235
0,122,52,0,0,46.3026
0,123,52,0,0,46.282
0,124,52,0,0,46.2618
0,125,52,0,0,46.2418
0,126,52,0,0,46.2222
0,127,52,0,0,46.2029
0,128,52,0,1.24031e-06,46.1839
0,129,52,0,0,46.1651
0,130,52,0,0,46.1465
0,131,52,0,0,46.1283
0,132,52,0,0,46.1103
0,133,52,0,0,46.0927
0,134,52,0,0,46.0753
0,135,52,0,0,46.0581
0,136,52,0,0,46.0413
0,137,52,0,0,46.0247
0,138,52,0,0,46.0085
0,139,52,0,0,45.9925
0,140,52,0,0,45.9768
0,141,52,0,0,45.9614
0,142,52,0,0,45.9462
0,143,52,0,0,45.9314
0,144,52,0,0,45.9169
0,145,52,0,0,45.9027
0,146,52,0,0,45.8888
0,147,52,0,0,45.8753
0,148,52,0,0,45.862
0,149,52,0,0,45.849
0,150,52,0,0,45.8364
0,151,52,0,0,45.824
0,152,52,0,0,45.812
0,153,52,0,0,45.8002
0,154,52,0,0,45.7888
0,155,52,0,0,45.7776
0,156,52,0,0,45.7667
0,157,52,0,0,45.7561
0,158,52,0,0,45.7457
0,159,52,0,0,45.7355
0,160,52,0,1.24031e-06,45.7256
0,161,52,0,0,45.7158
0,162,52,0,0,45.7062
0,163,52,0,0,45.6968
0,164,52,0,0,45.6875
0,165,52,0,0,45.6783
0,166,52,0,0,45.6693
0,167,52,0,0,45.6604
0,168,52,0,0,45.6516
0,169,52,0,0,45.6429
0,170,52,0,0,45.6342
0,171,52,0,0,45.6256
0,172,52,0,0,45.617
0,173,52,0,0,45.6084
0,174,52,0,0,45.5998
0,175,52,0,0,45.5913
0,176,52,0,0,45.5828
0,177,52,0,0,45.5742
0,178,52,0,0,45.5657
0,179,52,0,0,45.5572
0,180,52,0,0,45.5487
0,181,52,0,0,45.5403
0,182,52,0,0,45.5318
0,183,52,0,0,45.5233
0,184,52,0,0,45.5149
0,185,52,0,0,45.5065
0,186,52,0,0,45.4982
0,187,52,0,0,45.4899
0,188,52,0,0,45.4817
0,189,52,0,0,45.4735
0,190,52,0,0,45.4654
0,191,52,0,0,45.4574
0,192,52,0,1.24031e-06,45.4495
0,193,52,0,0,45.4416
0,194,52,0,0,45.4338
0,195,52,0,0,45.4261
0,196,52,0,0,45.4186
0,197,52,0,0,45.4112
0,198,52,0,0,45.404
0,199,52,0,0,45.3968
0,200,52,0,0,45.3899
0,201,52,0,0,45.383
0,202,52,0,0,45.3763
0,203,52,0,0,45.3698
0,204,52,0,0,45.3633
0,205,52,0,0,45.357
0,206,52,0,0,45.3509
0,207,52,0,0,45.3448
0,208,52,0,0,45.3388
0,209,52,0,0,45.3329
0,210,52,0,0,45.3272
0,211,52,0,0,45.3215
0,212,52,0,0,45.3158
0,213,52,0,0,45.3102
0,214,52,0,0,45.3047
0,215,52,0,0,45.2991
0,216,52,0,0,45.2936
0,217,52,0,0,45.2881
0,218,52,0,0,45.2826
0,219,52,0,0,45.277
0,220,52,0,0,45.2715
0,221,52,0,0,45.266
0,222,52,0,0,45.2604
0,223,52,0,0,45.2548
0,224,52,0,1.24031e-06,45.2492
0,225,52,0,0,45.2435
0,226,52,0,0,45.2378
0,227,52,0,0,45.2321
0,228,52,0,0,45.2264
0,229,52,0,0,45.2208
0,230,52,0,0,45.2151
0,231,52,0,0,45.2095
0,232,52,0,0,45.2039
0,233,52,0,0,45.1984
0,234,52,0,0,45.1929
0,235,52,0,0,45.1875
0,236,52,0,0,45.1822
0,237,52,0,0,45.177
0,238,52,0,0,45.1718
0,239,52,0,0,45.1668
0,240,52,0,0,45.1618
0,241,52,0,0,45.157
0,242,52,0,0,45.1523
0,243,52,0,0,45.1478
0,244,52,0,0,45.1435
0,245,52,0,0,45.1394
0,246,52,0,0,45.1355
0,247,52,0,0,45.1318
0,248,52,0,0,45.1284
0,249,52,0,0,45.1252
0,250,52,0,0,45.1224
0,251,52,0,0,45.12
0,252,52,0,0,45.1179
0,253,52,0,0,45.1162
0,254,52,0,0,45.1149
0,255,52,0,0,45.114
0,0,53,0,1.24031e-06,51.2266
0,1,53,0,0,51.2224
0,2,53,0,0,51.2161
0,3,53,0,0,51.2077
0,4,53,0,0,51.1972
0,5,53,0,0,51.1847
0,6,53,0,0,51.1701
0,7,53,0,0,51.1535
0,8,53,0,0,51.1347
0,9,53,0,0,51.1139
0,10,53,0,0,51.0911
0,11,53,0,0,51.0663
0,12,53,0,0,51.0395
0,13,53,0,0,51.0106
0,14,53,0,0,50.9799
0,15,53,0,0,50.9472
0,16,53,0,0,50.9127
0,17,53,0,0,50.8764
0,18,53,0,0,50.8383
0,19,53,0,0,50.7985
0,20,53,0,0,50.7571
0,21,53,0,0,50.714
0,22,53,0,0,50.6694
0,23,53,0,0,50.6234
0,24,53,0,0,50.5759
0,25,53,0,0,50.5271
0,26,53,0,0,50.4771
0,27,53,0,0,50.4259
0,28,53,0,0,50.3736
0,29,53,0,0,50.3202
0,30,53,0,0,50.266
0,31,53,0,0,50.2108
0,32,53,0,1.24031e-06,50.1549
0,33,53,0,0,50.0982
0,34,53,0,0,50.0409
0,35,53,0,0,49.9831
0,36,53,0,0,49.9247
0,37,53,0,0,49.866
0,38,53,0,0,49.807
0,39,53,0,0,49.7477
0,40,53,0,0,49.6881
0,41,53,0,0,49.6285
0,42,53,0,0,49.5688
0,43,53,0,0,49.509
0,44,53,0,0,49.4494
0,45,53,0,0,49.3898
0,46,53,0,0,49.3303
0,47,53,0,0,49.2711
0,48,53,0,0,49.2121
0,49,53,0,0,49.1534
0,50,53,0,0,49.0949
0,51,53,0,0,49.0369
0,52,53,0,0,48.9792
0,53,53,0,0,48.9219
0,54,53,0,0,48.8649
0,55,53,0,0,48.8085
0,56,53,0,0,48.7524
0,57,53,0,0,48.6968
0,58,53,0,0,48.6417
0,59,53,0,0,48.587
0,60,53,0,0,48.5329
0,61,53,0,0,48.4792
0,62,53,0,0,48.426
0,63,53,0,0,48.3734
0,64,53,0,1.24031e-06,48.3213
0,65,53,0,0,48.2697
0,66,53,0,0,48.2186
0,67,53,0,0,48.1681
0,68,53,0,0,48.1181
0,69,53,0,0,48.0688
0,70,53,0,0,48.02
0,71,53,0,0,47.9718
0,72,53,0,0,47.9243
0,73,53,0,0,47.8773
0,74,53,0,0,47.831
0,75,53,0,0,47.7853
0,76,53,0,0,47.7403
0,77,53,0,0,47.6959
0,78,53,0,0,47.6523
0,79,53,0,0,47.6093
0,80,53,0,0,47.5671
0,81,53,0,0,47.5256
0,82,53,0,0,47.4848
0,83,53,0,0,47.4447
0,84,53,0,0,47.4055
0,85,53,0,0,47.367
0,86,53,0,0,47.3292
0,87,53,0,0,47.2922
0,88,53,0,0,47.2559
0,89,53,0,0,47.2204
0,90,53,0,0,47.1857
0,91,53,0,0,47.1516
0,92,53,0,0,47.1182
0,93,53,0,0,47.0855
0,94,53,0,0,47.0535
0,95,53,0,0,47.0222
0,96,53,0,1.24031e-06,46.9915
0,97,53,0,0,46.9612
0,98,53,0,0,46.9316
0,99,53,0,0,46.9025
0,100,53,0,0,46.874
0,101,53,0,0,46.846
0,102,53,0,0,46.8184
0,103,53,0,0,46.7914
0,104,53,0,0,46.7647
0,105,53,0,0,46.7385
0,106,53,0,0,46.7127
0,107,53,0,0,46.6873
0,108,53,0,0,46.6623
0,109,53,0,0,46.6376
0,110,53,0,0,46.6133
0,111,53,0,0,46.5894
0,112,53,0,0,46.5658
0,113,53,0,0,46.5425
0,114,53,0,0,46.5196
0,115,53,0,0,46.497
0,116,53,0,0,46.4748
0,117,53,0,0,46.4529
0,118,53,0,0,46.4313
0,119,53,0,0,46.41
0,120,53,0,0,46.389
0,121,53,0,0,46.3684
0,122,53,0,0,46.3481
0,123,53,0,0,46.328
0,124,53,0,0,46.3083
0,125,53,0,0,46.2888
0,126,53,0,0,46.2697
0,127,53,0,0,46.2508
0,128,53,0,1.24031e-06,46.2322
0,129,53,0,0,46.2138
0,130,53,0,0,46.1956
0,131,53,0,0,46.1777
0,132,53,0,0,46.1601
0,133,53,0,0,46.1427
0,134,53,0,0,46.1256
0,135,53,0,0,46.1088
0,136,53,0,0,46.0922
0,137,53,0,0,46.0758
0,138,53,0,0,46.0598
0,139,53,0,0,46.044
0,140,53,0,0,46.0284
0,141,53,0,0,46.0132
0,142,53,0,0,45.9983
0,143,53,0,0,45.9836
0,144,53,0,0,45.9693
0,145,53,0,0,45.9552
0,146,53,0,0,45.9415
0,147,53,0,0,45.9281
0,148,53,0,0,45.915
0,149,53,0,0,45.9022
0,150,53,0,0,45.8897
0,151,53,0,0,45.8776
0,152,53,0,0,45.8658
0,153,53,0,0,45.8542
0,154,53,0,0,45.843
0,155,53,0,0,45.832
0,156,53,0,0,45.8214
0,157,53,0,0,45.811
0,158,53,0,0,45.8008
0,159,53,0,0,45.791
0,160,53,0,1.24031e-06,45.7813
0,161,53,0,0,45.7718
0,162,53,0,0,45.7624
0,163,53,0,0,45.7533
0,164,53,0,0,45.7443
0,165,53,0,0,45.7354
0,166,53,0,0,45.7266
0,167,53,0,0,45.718
0,168,53,0,0,45.7094
0,169,53,0,0,45.7008
0,170,53,0,0,45.6923
0,171,53,0,0,45.6839
0,172,53,0,0,45.6754
0,173,53,0,0,45.6669
0,174,53,0,0,45.6584
0,175,53,0,0,45.6499
0,176,53,0,0,45.6414
0,177,53,0,0,45.6329
0,178,53,0,0,45.6244
0,179,53,0,0,45.6158
0,180,53,0,0,45.6073
0,181,53,0,0,45.5987
0,182,53,0,0,45.5901
0,183,53,0,0,45.5816
0,184,53,0,0,45.573
0,185,53,0,0,45.5645
0,186,53,0,0,45.556
0,187,53,0,0,45.5475
0,188,53,0,0,45.5391
0,189,53,0,0,45.5307
0,190,53,0,0,45.5224
0,191,53,0,0,45.5142
0,192,53,0,1.24031e-06,45.5061
0,193,53,0,0,45.498
0,194,53,0,0,45.49
0,195,53,0,0,45.4822
0,196,53,0,0,45.4745
0,197,53,0,0,45.467
0,198,53,0,0,45.4596
0,199,53,0,0,45.4523
0,200,53,0,0,45.4452
0,201,53,0,0,45.4383
0,202,53,0,0,45.4315
0,203,53,0,0,45.4249
0,204,53,0,0,45.4184
0,205,53,0,0,45.412
0,206,53,0,0,45.4058
0,207,53,0,0,45.3997
0,208,53,0,0,45.3937
0,209,53,0,0,45.3878
0,210,53,0,0,45.382
0,211,53,0,0,45.3763
0,212,53,0,0,45.3706
0,213,53,0,0,45.365
0,214,53,0,0,45.3594
0,215,53,0,0,45.3538
0,216,53,0,0,45.3483
0,217,53,0,0,45.3427
0,218,53,0,0,45.3371
0,219,53,0,0,45.3314
0,220,53,0,0,45.3258
0,221,53,0,0,45.3201
0,222,53,0,0,45.3143
0,223,53,0,0,45.3086
0,224,53,0,1.24031e-06,45.3028
0,225,53,0,0,45.2968
0,226,53,0,0,45.2909
0,227,53,0,0,45.285
0,228,53,0,0,45.279
0,229,53,0,0,45.2731
0,230,53,0,0,45.2671
0,231,53,0,0,45.2612
0,232,53,0,0,45.2554
0,233,53,0,0,45.2495
0,234,53,0,0,45.2437
0,235,53,0,0,45.238
0,236,53,0,0,45.2323
0,237,53,0,0,45.2267
0,238,53,0,0,45.2212
0,239,53,0,0,45.2158
0,240,53,0,0,45.2105
0,241,53,0,0,45.2053
0,242,53,0,0,45.2003
0,243,53,0,0,45.1954
0,244,53,0,0,45.1907
0,245,53,0,0,45.1862
0,246,53,0,0,45.1818
0,247,53,0,0,45.1778
0,248,53,0,0,45.174
0,249,53,0,0,45.1705
0,250,53,0,0,45.1674
0,251,53,0,0,45.1646
0,252,53,0,0,45.1623
0,253,53,0,0,45.1603
0,254,53,0,0,45.1589
0,255,53,0,0,45.1579
0,0,54,0,1.24031e-06,51.0512
0,1,54,0,0,51.0473
0,2,54,0,0,51.0415
0,3,54,0,0,51.0338
0,4,54,0,0,51.0242
0,5,54,0,0,51.0127
0,6,54,0,0,50.9992
0,7,54,0,0,50.9838
0,8,54,0,0,50.9665
0,9,54,0,0,50.9472
0,10,54,0,0,50.926
0,11,54,0,0,50.9029
0,12,54,0,0,50.8778
0,13,54,0,0,50.8509
0,14,54,0,0,50.8221
0,15,54,0,0,50.7915
0,16,54,0,0,50.7591
0,17,54,0,0,50.725
0,18,54,0,0,50.6891
0,19,54,0,0,50.6516
0,20,54,0,0,50.6124
0,21,54,0,0,50.5717
0,22,54,0,0,50.5295
0,23,54,0,0,50.4859
0,24,54,0,0,50.4409
0,25,54,0,0,50.3946
0,26,54,0,0,50.3471
0,27,54,0,0,50.2984
0,28,54,0,0,50.2486
0,29,54,0,0,50.1978
0,30,54,0,0,50.1462
0,31,54,0,0,50.0937
0,32,54,0,1.24031e-06,50.0404
0,33,54,0,0,49.9863
0,34,54,0,0,49.9317
0,35,54,0,0,49.8765
0,36,54,0,0,49.8209
0,37,54,0,0,49.7649
0,38,54,0,0,49.7086
0,39,54,0,0,49.652
0,40,54,0,0,49.5952
0,41,54,0,0,49.5384
0,42,54,0,0,49.4814
0,43,54,0,0,49.4244
0,44,54,0,0,49.3675
0,45,54,0,0,49.3107
0,46,54,0,0,49.254
0,47,54,0,0,49.1976
0,48,54,0,0,49.1414
0,49,54,0,0,49.0854
0,50,54,0,0,49.0298
0,51,54,0,0,48.9745
0,52,54,0,0,48.9196
0,53,54,0,0,48.8651
0,54,54,0,0,48.8109
0,55,54,0,0,48.7572
0,56,54,0,0,48.7038
0,57,54,0,0,48.6509
0,58,54,0,0,48.5984
0,59,54,0,0,48.5463
0,60,54,0,0,48.4947
0,61,54,0,0,48.4435
0,62,54,0,0,48.3928
0,63,54,0,0,48.3426
0,64,54,0,1.24031e-06,48.2929
0,65,54,0,0,48.2436
0,66,54,0,0,48.1948
0,67,54,0,0,48.1465
0,68,54,0,0,48.0987
0,69,54,0,0,48.0515
0,70,54,0,0,48.0048
0,71,54,0,0,47.9587
0,72,54,0,0,47.9131
0,73,54,0,0,47.8681
0,74,54,0,0,47.8236
0,75,54,0,0,47.7798
0,76,54,0,0,47.7365
0,77,54,0,0,47.6939
0,78,54,0,0,47.6519
0,79,54,0,0,47.6106
0,80,54,0,0,47.57
0,81,54,0,0,47.5301
0,82,54,0,0,47.491
0,83,54,0,0,47.4525
0,84,54,0,0,47.4148
0,85,54,0,0,47.3779
0,86,54,0,0,47.3417
0,87,54,0,0,47.3063
0,88,54,0,0,47.2716
0,89,54,0,0,47.2376
0,90,54,0,0,47.2043
0,91,54,0,0,47.1718
0,92,54,0,0,47.1399
0,93,54,0,0,47.1087
0,94,54,0,0,47.0782
0,95,54,0,0,47.0483
0,96,54,0,1.24031e-06,47.019
0,97,54,0,0,46.9902
0,98,54,0,0,46.962
0,99,54,0,0,46.9343
0,100,54,0,0,46.9071
0,101,54,0,0,46.8804
0,102,54,0,0,46.8541
0,103,54,0,0,46.8283
0,104,54,0,0,46.8028
0,105,54,0,0,46.7778
0,106,54,0,0,46.7531
0,107,54,0,0,46.7287
0,108,54,0,0,46.7046
0,109,54,0,0,46.6809
0,110,54,0,0,46.6575
0,111,54,0,0,46.6345
0,112,54,0,0,46.6117
0,113,54,0,0,46.5892
0,114,54,0,0,46.5671
0,115,54,0,0,46.5452
0,116,54,0,0,46.5237
0,117,54,0,0,46.5024
0,118,54,0,0,46.4814
0,119,54,0,0,46.4608
0,120,54,0,0,46.4404
0,121,54,0,0,46.4203
0,122,54,0,0,46.4005
0,123,54,0,0,46.381
0,124,54,0,0,46.3618
0,125,54,0,0,46.3428
0,126,54,0,0,46.3241
0,127,54,0,0,46.3057
0,128,54,0,1.24031e-06,46.2875
0,129,54,0,0,46.2694
0,130,54,0,0,46.2516
0,131,54,0,0,46.2341
0,132,54,0,0,46.2168
0,133,54,0,0,46.1997
0,134,54,0,0,46.1828
0,135,54,0,0,46.1662
0,136,54,0,0,46.1498
0,137,54,0,0,46.1337
0,138,54,0,0,46.1178
0,139,54,0,0,46.1021
0,140,54,0,0,46.0868
0,141,54,0,0,46.0717
0,142,54,0,0,46.0569
0,143,54,0,0,46.0424
0,144,54,0,0,46.0281
0,145,54,0,0,46.0142
0,146,54,0,0,46.0007
0,147,54,0,0,45.9874
0,148,54,0,0,45.9745
0,149,54,0,0,45.9619
0,150,54,0,0,45.9496
0,151,54,0,0,45.9376
0,152,54,0,0,45.926
0,153,54,0,0,45.9147
0,154,54,0,0,45.9036
0,155,54,0,0,45.8929
0,156,54,0,0,45.8825
0,157,54,0,0,45.8724
0,158,54,0,0,45.8625
0,159,54,0,0,45.8529
0,160,54,0,1.24031e-06,45.8435
0,161,54,0,0,45.8343
0,162,54,0,0,45.8253
0,163,54,0,0,45.8164
0,164,54,0,0,45.8077
0,165,54,0,0,45.7991
0,166,54,0,0,45.7907
0,167,54,0,0,45.7823
0,168,54,0,0,45.7739
0,169,54,0,0,45.7656
0,170,54,0,0,45.7573
0,171,54,0,0,45.749
0,172,54,0,0,45.7406
0,173,54,0,0,45.7323
0,174,54,0,0,45.7239
0,175,54,0,0,45.7154
0,176,54,0,0,45.7069
0,177,54,0,0,45.6984
0,178,54,0,0,45.6898
0,179,54,0,0,45.6812
0,180,54,0,0,45.6726
0,181,54,0,0,45.6639
0,182,54,0,0,45.6552
0,183,54,0,0,45.6465
0,184,54,0,0,45.6378
0,185,54,0,0,45.6291
0,186,54,0,0,45.6204
0,187,54,0,0,45.6117
0,188,54,0,0,45.603
0,189,54,0,0,45.5944
0,190,54,0,0,45.5859
0,191,54,0,0,45.5775
0,192,54,0,1.24031e-06,45.5691
0,193,54,0,0,45.5608
0,194,54,0,0,45.5527
0,195,54,0,0,45.5446
0,196,54,0,0,45.5367
0,197,54,0,0,45.529
0,198,54,0,0,45.5215
0,199,54,0,0,45.5141
0,200,54,0,0,45.5069
0,201,54,0,0,45.4998
0,202,54,0,0,45.4929
0,203,54,0,0,45.4862
0,204,54,0,0,45.4797
0,205,54,0,0,45.4732
0,206,54,0,0,45.467
0,207,54,0,0,45.4608
0,208,54,0,0,45.4548
0,209,54,0,0,45.449
0,210,54,0,0,45.4432
0,211,54,0,0,45.4375
0,212,54,0,0,45.4318
0,213,54,0,0,45.4262
0,214,54,0,0,45.4206
0,215,54,0,0,45.415
0,216,54,0,0,45.4094
0,217,54,0,0,45.4038
0,218,54,0,0,45.3981
0,219,54,0,0,45.3923
0,220,54,0,0,45.3865
0,221,54,0,0,45.3807
0,222,54,0,0,45.3748
0,223,54,0,0,45.3688
0,224,54,0,1.24031e-06,45.3628
0,225,54,0,0,45.3566
0,226,54,0,0,45.3504
0,227,54,0,0,45.3442
0,228,54,0,0,45.3379
0,229,54,0,0,45.3317
0,230,54,0,0,45.3255
0,231,54,0,0,45.3193
0,232,54,0,0,45.3131
0,233,54,0,0,45.3069
0,234,54,0,0,45.3008
0,235,54,0,0,45.2947
0,236,54,0,0,45.2886
0,237,54,0,0,45.2827
0,238,54,0,0,45.2768
0,239,54,0,0,45.271
0,240,54,0,0,45.2653
0,241,54,0,0,45.2597
0,242,54,0,0,45.2542
0,243,54,0,0,45.2489
0,244,54,0,0,45.2437
0,245,54,0,0,45.2387
0,246,54,0,0,45.234
0,247,54,0,0,45.2295
0,248,54,0,0,45.2252
0,249,54,0,0,45.2213
0,250,54,0,0,45.2178
0,251,54,0,0,45.2146
0,252,54,0,0,45.212
0,253,54,0,0,45.2097
0,254,54,0,0,45.2081
0,255,54,0,0,45.2069
0,0,55,0,1.24031e-06,50.8929
0,1,55,0,0,50.8894
0,2,55,0,0,50.8841
0,3,55,0,0,50.8771
0,4,55,0,0,50.8684
0,5,55,0,0,50.8578
0,6,55,0,0,50.8455
0,7,55,0,0,50.8314
0,8,55,0,0,50.8154
0,9,55,0,0,50.7976
0,10,55,0,0,50.7779
0,11,55,0,0,50.7564
0,12,55,0,0,50.7331
0,13,55,0,0,50.708
0,14,55,0,0,50.6811
0,15,55,0,0,50.6524
0,16,55,0,0,50.6219
0,17,55,0,0,50.5898
0,18,55,0,0,50.556
0,19,55,0,0,50.5206
0,20,55,0,0,50.4836
0,21,55,0,0,50.4451
0,22,55,0,0,50.4051
0,23,55,0,0,50.3638
0,24,55,0,0,50.321
0,25,55,0,0,50.277
0,26,55,0,0,50.2318
0,27,55,0,0,50.1854
0,28,55,0,0,50.1379
0,29,55,0,0,50.0895
0,30,55,0,0,50.0402
0,31,55,0,0,49.9901
0,32,55,0,1.24031e-06,49.9392
0,33,55,0,0,49.8876
0,34,55,0,0,49.8354
0,35,55,0,0,49.7827
0,36,55,0,0,49.7296
0,37,55,0,0,49.6761
0,38,55,0,0,49.6223
0,39,55,0,0,49.5683
0,40,55,0,0,49.514
0,41,55,0,0,49.4597
0,42,55,0,0,49.4053
0,43,55,0,0,49.3509
0,44,55,0,0,49.2966
0,45,55,0,0,49.2424
0,46,55,0,0,49.1883
0,47,55,0,0,49.1345
0,48,55,0,0,49.081
0,49,55,0,0,49.0277
0,50,55,0,0,48.9748
0,51,55,0,0,48.9222
0,52,55,0,0,48.8699
0,53,55,0,0,48.8181
0,54,55,0,0,48.7666
0,55,55,0,0,48.7155
0,56,55,0,0,48.6647
0,57,55,0,0,48.6144
0,58,55,0,0,48.5644
0,59,55,0,0,48.5149
0,60,55,0,0,48.4657
0,61,55,0,0,48.417
0,62,55,0,0,48.3686
0,63,55,0,0,48.3208
0,64,55,0,1.24031e-06,48.2733
0,65,55,0,0,48.2263
0,66,55,0,0,48.1796
0,67,55,0,0,48.1335
0,68,55,0,0,48.0879
0,69,55,0,0,48.0427
0,70,55,0,0,47.998
0,71,55,0,0,47.9538
0,72,55,0,0,47.9102
0,73,55,0,0,47.867
0,74,55,0,0,47.8243
0,75,55,0,0,47.7822
0,76,55,0,0,47.7407
0,77,55,0,0,47.6997
0,78,55,0,0,47.6593
0,79,55,0,0,47.6196
0,80,55,0,0,47.5806
0,81,55,0,0,47.5422
0,82,55,0,0,47.5046
0,83,55,0,0,47.4677
0,84,55,0,0,47.4315
0,85,55,0,0,47.3961
0,86,55,0,0,47.3614
0,87,55,0,0,47.3275
0,88,55,0,0,47.2943
0,89,55,0,0,47.2619
0,90,55,0,0,47.2302
0,91,55,0,0,47.1991
0,92,55,0,0,47.1688
0,93,55,0,0,47.1391
0,94,55,0,0,47.1101
0,95,55,0,0,47.0816
0,96,55,0,1.24031e-06,47.0538
0,97,55,0,0,47.0265
0,98,55,0,0,46.9997
0,99,55,0,0,46.9734
0,100,55,0,0,46.9475
0,101,55,0,0,46.9222
0,102,55,0,0,46.8972
0,103,55,0,0,46.8726
0,104,55,0,0,46.8483
0,105,55,0,0,46.8244
0,106,55,0,0,46.8008
0,107,55,0,0,46.7775
0,108,55,0,0,46.7544
0,109,55,0,0,46.7316
0,110,55,0,0,46.7091
0,111,55,0,0,46.6869
0,112,55,0,0,46.6649
0,113,55,0,0,46.6432
0,114,55,0,0,46.6218
0,115,55,0,0,46.6007
0,116,55,0,0,46.5798
0,117,55,0,0,46.5592
0,118,55,0,0,46.5388
0,119,55,0,0,46.5188
0,120,55,0,0,46.499
0,121,55,0,0,46.4795
0,122,55,0,0,46.4602
0,123,55,0,0,46.4412
0,124,55,0,0,46.4224
0,125,55,0,0,46.4039
0,126,55,0,0,46.3856
0,127,55,0,0,46.3676
0,128,55,0,1.24031e-06,46.3498
0,129,55,0,0,46.3322
0,130,55,0,0,46.3147
0,131,55,0,0,46.2975
0,132,55,0,0,46.2805
0,133,55,0,0,46.2636
0,134,55,0,0,46.247
0,135,55,0,0,46.2306
0,136,55,0,0,46.2144
0,137,55,0,0,46.1984
0,138,55,0,0,46.1827
0,139,55,0,0,46.1672
0,140,55,0,0,46.1519
0,141,55,0,0,46.1369
0,142,55,0,0,46.1222
0,143,55,0,0,46.1078
0,144,55,0,0,46.0937
0,145,55,0,0,46.0799
0,146,55,0,0,46.0665
0,147,55,0,0,46.0533
0,148,55,0,0,46.0405
0,149,55,0,0,46.0281
0,150,55,0,0,46.016
0,151,55,0,0,46.0042
0,152,55,0,0,45.9928
0,153,55,0,0,45.9816
0,154,55,0,0,45.9709
0,155,55,0,0,45.9604
0,156,55,0,0,45.9502
0,157,55,0,0,45.9403
0,158,55,0,0,45.9308
0,159,55,0,0,45.9214
0,160,55,0,1.24031e-06,45.9124
0,161,55,0,0,45.9035
0,162,55,0,0,45.8948
0,163,55,0,0,45.8863
0,164,55,0,0,45.878
0,165,55,0,0,45.8698
0,166,55,0,0,45.8616
0,167,55,0,0,45.8535
0,168,55,0,0,45.8455
0,169,55,0,0,45.8374
0,170,55,0,0,45.8293
0,171,55,0,0,45.8212
0,172,55,0,0,45.813
0,173,55,0,0,45.8047
0,174,55,0,0,45.7964
0,175,55,0,0,45.788
0,176,55,0,0,45.7795
0,177,55,0,0,45.7709
0,178,55,0,0,45.7623
0,179,55,0,0,45.7536
0,180,55,0,0,45.7449
0,181,55,0,0,45.7361
0,182,55,0,0,45.7273
0,183,55,0,0,45.7184
0,184,55,0,0,45.7095
0,185,55,0,0,45.7005
0,186,55,0,0,45.6916
0,187,55,0,0,45.6826
0,188,55,0,0,45.6737
0,189,55,0,0,45.6649
0,190,55,0,0,45.6561
0,191,55,0,0,45.6473
0,192,55,0,1.24031e-06,45.6387
0,193,55,0,0,45.6302
0,194,55,0,0,45.6217
0,195,55,0,0,45.6135
0,196,55,0,0,45.6054
0,197,55,0,0,45.5975
0,198,55,0,0,45.5897
0,199,55,0,0,45.5822
0,200,55,0,0,45.5749
0,201,55,0,0,45.5677
0,202,55,0,0,45.5607
0,203,55,0,0,45.5539
0,204,55,0,0,45.5473
0,205,55,0,0,45.5409
0,206,55,0,0,45.5346
0,207,55,0,0,45.5284
0,208,55,0,0,45.5224
0,209,55,0,0,45.5166
0,210,55,0,0,45.5108
0,211,55,0,0,45.5051
0,212,55,0,0,45.4995
0,213,55,0,0,45.494
0,214,55,0,0,45.4884
0,215,55,0,0,45.4828
0,216,55,0,0,45.4772
0,217,55,0,0,45.4715
0,218,55,0,0,45.4658
0,219,55,0,0,45.46
0,220,55,0,0,45.454
0,221,55,0,0,45.448
0,222,55,0,0,45.4419
0,223,55,0,0,45.4357
0,224,55,0,1.24031e-06,45.4294
0,225,55,0,0,45.4229
0,226,55,0,0,45.4165
0,227,55,0,0,45.4099
0,228,55,0,0,45.4034
0,229,55,0,0,45.3968
0,230,55,0,0,45.3903
0,231,55,0,0,45.3837
0,232,55,0,0,45.3772
0,233,55,0,0,45.3706
0,234,55,0,0,45.3641
0,235,55,0,0,45.3576
0,236,55,0,0,45.3512
0,237,55,0,0,45.3449
0,238,55,0,0,45.3386
0,239,55,0,0,45.3323
0,240,55,0,0,45.3262
0,241,55,0,0,45.3201
0,242,55,0,0,45.3142
0,243,55,0,0,45.3084
0,244,55,0,0,45.3027
0,245,55,0,0,45.2973
0,246,55,0,0,45.292
0,247,55,0,0,45.2869
0,248,55,0,0,45.2822
0,249,55,0,0,45.2777
0,250,55,0,0,45.2737
0,251,55,0,0,45.2701
0,252,55,0,0,45.267
0,253,55,0,0,45.2644
0,254,55,0,0,45.2625
0,255,55,0,0,45.2611
0,0,56,0,1.24031e-06,50.7513
0,1,56,0,0,50.7481
0,2,56,0,0,50.7434
0,3,56,0,0,50.7371
0,4,56,0,0,50.7293
0,5,56,0,0,50.7197
0,6,56,0,0,50.7085
0,7,56,0,0,50.6956
0,8,56,0,0,50.681
0,9,56,0,0,50.6646
0,10,56,0,0,50.6465
0,11,56,0,0,50.6266
0,12,56,0,0,50.605
0,13,56,0,0,50.5816
0,14,56,0,0,50.5565
0,15,56,0,0,50.5296
0,16,56,0,0,50.501
0,17,56,0,0,50.4708
0,18,56,0,0,50.439
0,19,56,0,0,50.4055
0,20,56,0,0,50.3706
0,21,56,0,0,50.3341
0,22,56,0,0,50.2962
0,23,56,0,0,50.2568
0,24,56,0,0,50.2162
0,25,56,0,0,50.1742
0,26,56,0,0,50.1311
0,27,56,0,0,50.0868
0,28,56,0,0,50.0414
0,29,56,0,0,49.9951
0,30,56,0,0,49.9479
0,31,56,0,0,49.9
0,32,56,0,1.24031e-06,49.8513
0,33,56,0,0,49.8019
0,34,56,0,0,49.7519
0,35,56,0,0,49.7015
0,36,56,0,0,49.6506
0,37,56,0,0,49.5995
0,38,56,0,0,49.548
0,39,56,0,0,49.4963
0,40,56,0,0,49.4445
0,41,56,0,0,49.3925
0,42,56,0,0,49.3405
0,43,56,0,0,49.2885
0,44,56,0,0,49.2366
0,45,56,0,0,49.1848
0,46,56,0,0,49.1332
0,47,56,0,0,49.0819
0,48,56,0,0,49.0308
0,49,56,0,0,48.9801
0,50,56,0,0,48.9297
0,51,56,0,0,48.8797
0,52,56,0,0,48.8301
0,53,56,0,0,48.7808
0,54,56,0,0,48.7319
0,55,56,0,0,48.6834
0,56,56,0,0,48.6352
0,57,56,0,0,48.5874
0,58,56,0,0,48.5399
0,59,56,0,0,48.4928
0,60,56,0,0,48.446
0,61,56,0,0,48.3996
0,62,56,0,0,48.3536
0,63,56,0,0,48.3079
0,64,56,0,1.24031e-06,48.2627
0,65,56,0,0,48.2178
0,66,56,0,0,48.1733
0,67,56,0,0,48.1293
0,68,56,0,0,48.0857
0,69,56,0,0,48.0425
0,70,56,0,0,47.9998
0,71,56,0,0,47.9575
0,72,56,0,0,47.9157
0,73,56,0,0,47.8743
0,74,56,0,0,47.8333
0,75,56,0,0,47.7928
0,76,56,0,0,47.7529
0,77,56,0,0,47.7134
0,78,56,0,0,47.6746
0,79,56,0,0,47.6364
0,80,56,0,0,47.5988
0,81,56,0,0,47.5619
0,82,56,0,0,47.5257
0,83,56,0,0,47.4903
0,84,56,0,0,47.4556
0,85,56,0,0,47.4217
0,86,56,0,0,47.3885
0,87,56,0,0,47.3561
0,88,56,0,0,47.3244
0,89,56,0,0,47.2935
0,90,56,0,0,47.2633
0,91,56,0,0,47.2338
0,92,56,0,0,47.2049
0,93,56,0,0,47.1767
0,94,56,0,0,47.1492
0,95,56,0,0,47.1223
0,96,56,0,1.24031e-06,47.0959
0,97,56,0,0,47.0701
0,98,56,0,0,47.0447
0,99,56,0,0,47.0199
0,100,56,0,0,46.9954
0,101,56,0,0,46.9715
0,102,56,0,0,46.9478
0,103,56,0,0,46.9245
0,104,56,0,0,46.9015
0,105,56,0,0,46.8787
0,106,56,0,0,46.8562
0,107,56,0,0,46.8339
0,108,56,0,0,46.8118
0,109,56,0,0,46.7899
0,110,56,0,0,46.7683
0,111,56,0,0,46.7469
0,112,56,0,0,46.7257
0,113,56,0,0,46.7047
0,114,56,0,0,46.684
0,115,56,0,0,46.6636
0,116,56,0,0,46.6433
0,117,56,0,0,46.6234
0,118,56,0,0,46.6036
0,119,56,0,0,46.5842
0,120,56,0,0,46.5649
0,121,56,0,0,46.5459
0,122,56,0,0,46.5272
0,123,56,0,0,46.5086
0,124,56,0,0,46.4903
0,125,56,0,0,46.4723
0,126,56,0,0,46.4544
0,127,56,0,0,46.4368
0,128,56,0,1.24031e-06,46.4194
0,129,56,0,0,46.4021
0,130,56,0,0,46.385
0,131,56,0,0,46.3681
0,132,56,0,0,46.3514
0,133,56,0,0,46.3348
0,134,56,0,0,46.3184
0,135,56,0,0,46.3022
0,136,56,0,0,46.2862
0,137,56,0,0,46.2703
0,138,56,0,0,46.2546
0,139,56,0,0,46.2392
0,140,56,0,0,46.224
0,141,56,0,0,46.2091
0,142,56,0,0,46.1945
0,143,56,0,0,46.1801
0,144,56,0,0,46.1661
0,145,56,0,0,46.1524
0,146,56,0,0,46.139
0,147,56,0,0,46.126
0,148,56,0,0,46.1133
0,149,56,0,0,46.101
0,150,56,0,0,46.089
0,151,56,0,0,46.0774
0,152,56,0,0,46.0662
0,153,56,0,0,46.0553
0,154,56,0,0,46.0447
0,155,56,0,0,46.0345
0,156,56,0,0,46.0246
0,157,56,0,0,46.015
0,158,56,0,0,46.0057
0,159,56,0,0,45.9967
0,160,56,0,1.24031e-06,45.988
0,161,56,0,0,45.9795
0,162,56,0,0,45.9712
0,163,56,0,0,45.9631
0,164,56,0,0,45.9552
0,165,56,0,0,45.9474
0,166,56,0,0,45.9396
0,167,56,0,0,45.9319
0,168,56,0,0,45.9242
0,169,56,0,0,45.9164
0,170,56,0,0,45.9086
0,171,56,0,0,45.9006
0,172,56,0,0,45.8926
0,173,56,0,0,45.8844
0,174,56,0,0,45.8761
0,175,56,0,0,45.8678
0,176,56,0,0,45.8593
0,177,56,0,0,45.8507
0,178,56,0,0,45.842
0,179,56,0,0,45.8332
0,180,56,0,0,45.8244
0,181,56,0,0,45.8155
0,182,56,0,0,45.8064
0,183,56,0,0,45.7974
0,184,56,0,0,45.7882
0,185,56,0,0,45.779
0,186,56,0,0,45.7698
0,187,56,0,0,45.7605
0,188,56,0,0,45.7513
0,189,56,0,0,45.7421
0,190,56,0,0,45.733
0,191,56,0,0,45.7239
0,192,56,0,1.24031e-06,45.715
0,193,56,0,0,45.7061
0,194,56,0,0,45.6974
0,195,56,0,0,45.6889
0,196,56,0,0,45.6806
0,197,56,0,0,45.6724
0,198,56,0,0,45.6645
0,199,56,0,0,45.6568
0,200,56,0,0,45.6493
0,201,56,0,0,45.6421
0,202,56,0,0,45.635
0,203,56,0,0,45.6281
0,204,56,0,0,45.6215
0,205,56,0,0,45.615
0,206,56,0,0,45.6087
0,207,56,0,0,45.6025
0,208,56,0,0,45.5966
0,209,56,0,0,45.5908
0,210,56,0,0,45.5851
0,211,56,0,0,45.5795
0,212,56,0,0,45.574
0,213,56,0,0,45.5685
0,214,56,0,0,45.563
0,215,56,0,0,45.5575
0,216,56,0,0,45.5519
0,217,56,0,0,45.5462
0,218,56,0,0,45.5404
0,219,56,0,0,45.5345
0,220,56,0,0,45.5284
0,221,56,0,0,45.5222
0,222,56,0,0,45.5158
0,223,56,0,0,45.5094
0,224,56,0,1.24031e-06,45.5028
0,225,56,0,0,45.496
0,226,56,0,0,45.4892
0,227,56,0,0,45.4824
0,228,56,0,0,45.4755
0,229,56,0,0,45.4686
0,230,56,0,0,45.4617
0,231,56,0,0,45.4547
0,232,56,0,0,45.4478
0,233,56,0,0,45.4409
0,234,56,0,0,45.434
0,235,56,0,0,45.4271
0,236,56,0,0,45.4203
0,237,56,0,0,45.4135
0,238,56,0,0,45.4067
0,239,56,0,0,45.4
0,240,56,0,0,45.3934
0,241,56,0,0,45.3869
0,242,56,0,0,45.3805
0,243,56,0,0,45.3741
0,244,56,0,0,45.3679
0,245,56,0,0,45.3618
0,246,56,0,0,45.3559
0,247,56,0,0,45.3503
0,248,56,0,0,45.3449
0,249,56,0,0,45.3398
0,250,56,0,0,45.3351
0,251,56,0,0,45.331
0,252,56,0,0,45.3273
0,253,56,0,0,45.3243
0,254,56,0,0,45.322
0,255,56,0,0,45.3205
0,0,57,0,1.24031e-06,50.6258
0,1,57,0,0,50.623
0,2,57,0,0,50.6189
0,3,57,0,0,50.6134
0,4,57,0,0,50.6065
0,5,57,0,0,50.598
0,6,57,0,0,50.588
0,7,57,0,0,50.5764
0,8,57,0,0,50.5631
0,9,57,0,0,50.5482
0,10,57,0,0,50.5316
0,11,57,0,0,50.5133
0,12,57,0,0,50.4933
0,13,57,0,0,50.4716
0,14,57,0,0,50.4481
0,15,57,0,0,50.423
0,16,57,0,0,50.3962
0,17,57,0,0,50.3678
0,18,57,0,0,50.3378
0,19,57,0,0,50.3062
0,20,57,0,0,50.2731
0,21,57,0,0,50.2385
0,22,57,0,0,50.2025
0,23,57,0,0,50.165
0,24,57,0,0,50.1263
0,25,57,0,0,50.0862
0,26,57,0,0,50.0449
0,27,57,0,0,50.0025
0,28,57,0,0,49.959
0,29,57,0,0,49.9146
0,30,57,0,0,49.8693
0,31,57,0,0,49.8232
0,32,57,0,1.24031e-06,49.7765
0,33,57,0,0,49.7291
0,34,57,0,0,49.6811
0,35,57,0,0,49.6328
0,36,57,0,0,49.5841
0,37,57,0,0,49.535
0,38,57,0,0,49.4857
0,39,57,0,0,49.4362
0,40,57,0,0,49.3865
0,41,57,0,0,49.3367
0,42,57,0,0,49.2869
0,43,57,0,0,49.2371
0,44,57,0,0,49.1874
0,45,57,0,0,49.1379
0,46,57,0,0,49.0886
0,47,57,0,0,49.0396
0,48,57,0,0,48.9909
0,49,57,0,0,48.9426
0,50,57,0,0,48.8947
0,51,57,0,0,48.8472
0,52,57,0,0,48.8001
0,53,57,0,0,48.7534
0,54,57,0,0,48.7071
0,55,57,0,0,48.6611
0,56,57,0,0,48.6154
0,57,57,0,0,48.57
0,58,57,0,0,48.525
0,59,57,0,0,48.4802
0,60,57,0,0,48.4357
0,61,57,0,0,48.3915
0,62,57,0,0,48.3477
0,63,57,0,0,48.3043
0,64,57,0,1.24031e-06,48.2612
0,65,57,0,0,48.2184
0,66,57,0,0,48.176
0,67,57,0,0,48.134
0,68,57,0,0,48.0924
0,69,57,0,0,48.0512
0,70,57,0,0,48.0104
0,71,57,0,0,47.9699
0,72,57,0,0,47.9298
0,73,57,0,0,47.8901
0,74,57,0,0,47.8508
0,75,57,0,0,47.8118
0,76,57,0,0,47.7734
0,77,57,0,0,47.7353
0,78,57,0,0,47.6979
0,79,57,0,0,47.661
0,80,57,0,0,47.6248
0,81,57,0,0,47.5893
0,82,57,0,0,47.5545
0,83,57,0,0,47.5204
0,84,57,0,0,47.4871
0,85,57,0,0,47.4547
0,86,57,0,0,47.423
0,87,57,0,0,47.392
0,88,57,0,0,47.3619
0,89,57,0,0,47.3325
0,90,57,0,0,47.3038
0,91,57,0,0,47.2758
0,92,57,0,0,47.2485
0,93,57,0,0,47.2218
0,94,57,0,0,47.1958
0,95,57,0,0,47.1704
0,96,57,0,1.24031e-06,47.1455
0,97,57,0,0,47.1212
0,98,57,0,0,47.0973
0,99,57,0,0,47.074
0,100,57,0,0,47.051
0,101,57,0,0,47.0285
0,102,57,0,0,47.0063
0,103,57,0,0,46.9843
0,104,57,0,0,46.9625
0,105,57,0,0,46.9409
0,106,57,0,0,46.9195
0,107,57,0,0,46.8982
0,108,57,0,0,46.877
0,109,57,0,0,46.8561
0,110,57,0,0,46.8353
0,111,57,0,0,46.8146
0,112,57,0,0,46.7942
0,113,57,0,0,46.774
0,114,57,0,0,46.7539
0,115,57,0,0,46.7341
0,116,57,0,0,46.7145
0,117,57,0,0,46.6952
0,118,57,0,0,46.676
0,119,57,0,0,46.6571
0,120,57,0,0,46.6384
0,121,57,0,0,46.6199
0,122,57,0,0,46.6017
0,123,57,0,0,46.5836
0,124,57,0,0,46.5658
0,125,57,0,0,46.5481
0,126,57,0,0,46.5307
0,127,57,0,0,46.5135
0,128,57,0,1.24031e-06,46.4965
0,129,57,0,0,46.4796
0,130,57,0,0,46.4628
0,131,57,0,0,46.4462
0,132,57,0,0,46.4298
0,133,57,0,0,46.4135
0,134,57,0,0,46.3973
0,135,57,0,0,46.3812
0,136,57,0,0,46.3653
0,137,57,0,0,46.3494
0,138,57,0,0,46.3338
0,139,57,0,0,46.3184
0,140,57,0,0,46.3032
0,141,57,0,0,46.2883
0,142,57,0,0,46.2737
0,143,57,0,0,46.2594
0,144,57,0,0,46.2454
0,145,57,0,0,46.2317
0,146,57,0,0,46.2184
0,147,57,0,0,46.2054
0,148,57,0,0,46.1928
0,149,57,0,0,46.1806
0,150,57,0,0,46.1688
0,151,57,0,0,46.1574
0,152,57,0,0,46.1464
0,153,57,0,0,46.1358
0,154,57,0,0,46.1254
0,155,57,0,0,46.1155
0,156,57,0,0,46.1058
0,157,57,0,0,46.0965
0,158,57,0,0,46.0875
0,159,57,0,0,46.0788
0,160,57,0,1.24031e-06,46.0705
0,161,57,0,0,46.0624
0,162,57,0,0,46.0546
0,163,57,0,0,46.047
0,164,57,0,0,46.0395
0,165,57,0,0,46.0322
0,166,57,0,0,46.025
0,167,57,0,0,46.0177
0,168,57,0,0,46.0103
0,169,57,0,0,46.0029
0,170,57,0,0,45.9953
0,171,57,0,0,45.9876
0,172,57,0,0,45.9797
0,173,57,0,0,45.9716
0,174,57,0,0,45.9634
0,175,57,0,0,45.955
0,176,57,0,0,45.9465
0,177,57,0,0,45.9379
0,178,57,0,0,45.9291
0,179,57,0,0,45.9203
0,180,57,0,0,45.9113
0,181,57,0,0,45.9022
0,182,57,0,0,45.893
0,183,57,0,0,45.8836
0,184,57,0,0,45.8742
0,185,57,0,0,45.8647
0,186,57,0,0,45.8552
0,187,57,0,0,45.8456
0,188,57,0,0,45.836
0,189,57,0,0,45.8264
0,190,57,0,0,45.8168
0,191,57,0,0,45.8074
0,192,57,0,1.24031e-06,45.7981
0,193,57,0,0,45.7888
0,194,57,0,0,45.7798
0,195,57,0,0,45.7709
0,196,57,0,0,45.7623
0,197,57,0,0,45.754
0,198,57,0,0,45.7459
0,199,57,0,0,45.738
0,200,57,0,0,45.7304
0,201,57,0,0,45.723
0,202,57,0,0,45.7159
0,203,57,0,0,45.7089
0,204,57,0,0,45.7022
0,205,57,0,0,45.6957
0,206,57,0,0,45.6894
0,207,57,0,0,45.6833
0,208,57,0,0,45.6773
0,209,57,0,0,45.6716
0,210,57,0,0,45.666
0,211,57,0,0,45.6606
0,212,57,0,0,45.6552
0,213,57,0,0,45.6499
0,214,57,0,0,45.6445
0,215,57,0,0,45.6391
0,216,57,0,0,45.6336
0,217,57,0,0,45.628
0,218,57,0,0,45.6221
0,219,57,0,0,45.6161
0,220,57,0,0,45.6099
0,221,57,0,0,45.6034
0,222,57,0,0,45.5968
0,223,57,0,0,45.5901
0,224,57,0,1.24031e-06,45.5832
0,225,57,0,0,45.5761
0,226,57,0,0,45.5689
0,227,57,0,0,45.5617
0,228,57,0,0,45.5544
0,229,57,0,0,45.5472
0,230,57,0,0,45.5399
0,231,57,0,0,45.5325
0,232,57,0,0,45.5252
0,233,57,0,0,45.5179
0,234,57,0,0,45.5105
0,235,57,0,0,45.5032
0,236,57,0,0,45.4959
0,237,57,0,0,45.4886
0,238,57,0,0,45.4814
0,239,57,0,0,45.4743
0,240,57,0,0,45.4672
0,241,57,0,0,45.4601
0,242,57,0,0,45.4531
0,243,57,0,0,45.4462
0,244,57,0,0,45.4394
0,245,57,0,0,45.4327
0,246,57,0,0,45.4261
0,247,57,0,0,45.4196
0,248,57,0,0,45.4135
0,249,57,0,0,45.4076
0,250,57,0,0,45.4022
0,251,57,0,0,45.3973
0,252,57,0,0,45.393
0,253,57,0,0,45.3894
0,254,57,0,0,45.3866
0,255,57,0,0,45.3848
0,0,58,0,1.24031e-06,50.516
0,1,58,0,0,50.5137
0,2,58,0,0,50.5103
0,3,58,0,0,50.5056
0,4,58,0,0,50.4997
0,5,58,0,0,50.4924
0,6,58,0,0,50.4836
0,7,58,0,0,50.4733
0,8,58,0,0,50.4615
0,9,58,0,0,50.4481
0,10,58,0,0,50.433
0,11,58,0,0,50.4163
0,12,58,0,0,50.3978
0,13,58,0,0,50.3777
0,14,58,0,0,50.356
0,15,58,0,0,50.3325
0,16,58,0,0,50.3074
0,17,58,0,0,50.2807
0,18,58,0,0,50.2523
0,19,58,0,0,50.2225
0,20,58,0,0,50.1911
0,21,58,0,0,50.1583
0,22,58,0,0,50.124
0,23,58,0,0,50.0883
0,24,58,0,0,50.0513
0,25,58,0,0,50.013
0,26,58,0,0,49.9733
0,27,58,0,0,49.9326
0,28,58,0,0,49.8907
0,29,58,0,0,49.8479
0,30,58,0,0,49.8042
0,31,58,0,0,49.7598
0,32,58,0,1.24031e-06,49.7148
0,33,58,0,0,49.6691
0,34,58,0,0,49.623
0,35,58,0,0,49.5765
0,36,58,0,0,49.5297
0,37,58,0,0,49.4827
0,38,58,0,0,49.4353
0,39,58,0,0,49.3878
0,40,58,0,0,49.3401
0,41,58,0,0,49.2924
0,42,58,0,0,49.2445
0,43,58,0,0,49.1967
0,44,58,0,0,49.149
0,45,58,0,0,49.1016
0,46,58,0,0,49.0544
0,47,58,0,0,49.0075
0,48,58,0,0,48.9611
0,49,58,0,0,48.9151
0,50,58,0,0,48.8696
0,51,58,0,0,48.8246
0,52,58,0,0,48.78
0,53,58,0,0,48.7358
0,54,58,0,0,48.692
0,55,58,0,0,48.6486
0,56,58,0,0,48.6054
0,57,58,0,0,48.5625
0,58,58,0,0,48.5197
0,59,58,0,0,48.4773
0,60,58,0,0,48.435
0,61,58,0,0,48.393
0,62,58,0,0,48.3513
0,63,58,0,0,48.3099
0,64,58,0,1.24031e-06,48.2689
0,65,58,0,0,48.2281
0,66,58,0,0,48.1877
0,67,58,0,0,48.1477
0,68,58,0,0,48.1081
0,69,58,0,0,48.0688
0,70,58,0,0,48.0299
0,71,58,0,0,47.9912
0,72,58,0,0,47.9529
0,73,58,0,0,47.9148
0,74,58,0,0,47.877
0,75,58,0,0,47.8394
0,76,58,0,0,47.8023
0,77,58,0,0,47.7656
0,78,58,0,0,47.7293
0,79,58,0,0,47.6937
0,80,58,0,0,47.6587
0,81,58,0,0,47.6244
0,82,58,0,0,47.5909
0,83,58,0,0,47.5581
0,84,58,0,0,47.5262
0,85,58,0,0,47.4952
0,86,58,0,0,47.4649
0,87,58,0,0,47.4355
0,88,58,0,0,47.4068
0,89,58,0,0,47.3789
0,90,58,0,0,47.3518
0,91,58,0,0,47.3253
0,92,58,0,0,47.2996
0,93,58,0,0,47.2744
0,94,58,0,0,47.2499
0,95,58,0,0,47.226
0,96,58,0,1.24031e-06,47.2027
0,97,58,0,0,47.1799
0,98,58,0,0,47.1577
0,99,58,0,0,47.1359
0,100,58,0,0,47.1145
0,101,58,0,0,47.0935
0,102,58,0,0,47.0728
0,103,58,0,0,47.0522
0,104,58,0,0,47.0317
0,105,58,0,0,47.0113
0,106,58,0,0,46.9909
0,107,58,0,0,46.9706
0,108,58,0,0,46.9504
0,109,58,0,0,46.9303
0,110,58,0,0,46.9103
0,111,58,0,0,46.8904
0,112,58,0,0,46.8707
0,113,58,0,0,46.8512
0,114,58,0,0,46.8318
0,115,58,0,0,46.8126
0,116,58,0,0,46.7936
0,117,58,0,0,46.7748
0,118,58,0,0,46.7562
0,119,58,0,0,46.7378
0,120,58,0,0,46.7197
0,121,58,0,0,46.7017
0,122,58,0,0,46.684
0,123,58,0,0,46.6663
0,124,58,0,0,46.6489
0,125,58,0,0,46.6317
0,126,58,0,0,46.6147
0,127,58,0,0,46.5979
0,128,58,0,1.24031e-06,46.5812
0,129,58,0,0,46.5647
0,130,58,0,0,46.5483
0,131,58,0,0,46.5321
0,132,58,0,0,46.5159
0,133,58,0,0,46.4999
0,134,58,0,0,46.4838
0,135,58,0,0,46.4679
0,136,58,0,0,46.4519
0,137,58,0,0,46.4361
0,138,58,0,0,46.4204
0,139,58,0,0,46.405
0,140,58,0,0,46.3898
0,141,58,0,0,46.3748
0,142,58,0,0,46.3602
0,143,58,0,0,46.3459
0,144,58,0,0,46.3319
0,145,58,0,0,46.3181
0,146,58,0,0,46.3048
0,147,58,0,0,46.2918
0,148,58,0,0,46.2793
0,149,58,0,0,46.2672
0,150,58,0,0,46.2555
0,151,58,0,0,46.2444
0,152,58,0,0,46.2336
0,153,58,0,0,46.2232
0,154,58,0,0,46.2131
0,155,58,0,0,46.2034
0,156,58,0,0,46.1939
0,157,58,0,0,46.1849
0,158,58,0,0,46.1761
0,159,58,0,0,46.1678
0,160,58,0,1.24031e-06,46.1599
0,161,58,0,0,46.1523
0,162,58,0,0,46.145
0,163,58,0,0,46.138
0,164,58,0,0,46.1312
0,165,58,0,0,46.1245
0,166,58,0,0,46.1178
0,167,58,0,0,46.1111
0,168,58,0,0,46.1042
0,169,58,0,0,46.0971
0,170,58,0,0,46.0899
0,171,58,0,0,46.0824
0,172,58,0,0,46.0746
0,173,58,0,0,46.0667
0,174,58,0,0,46.0585
0,175,58,0,0,46.0501
0,176,58,0,0,46.0415
0,177,58,0,0,46.0328
0,178,58,0,0,46.0239
0,179,58,0,0,46.0149
0,180,58,0,0,46.0058
0,181,58,0,0,45.9965
0,182,58,0,0,45.9871
0,183,58,0,0,45.9775
0,184,58,0,0,45.9678
0,185,58,0,0,45.9579
0,186,58,0,0,45.948
0,187,58,0,0,45.9379
0,188,58,0,0,45.9279
0,189,58,0,0,45.9178
0,190,58,0,0,45.9077
0,191,58,0,0,45.8978
0,192,58,0,1.24031e-06,45.888
0,193,58,0,0,45.8784
0,194,58,0,0,45.8689
0,195,58,0,0,45.8597
0,196,58,0,0,45.8509
0,197,58,0,0,45.8423
0,198,58,0,0,45.834
0,199,58,0,0,45.8259
0,200,58,0,0,45.8182
0,201,58,0,0,45.8107
0,202,58,0,0,45.8034
0,203,58,0,0,45.7964
0,204,58,0,0,45.7896
0,205,58,0,0,45.7831
0,206,58,0,0,45.7768
0,207,58,0,0,45.7707
0,208,58,0,0,45.7649
0,209,58,0,0,45.7592
0,210,58,0,0,45.7538
0,211,58,0,0,45.7486
0,212,58,0,0,45.7435
0,213,58,0,0,45.7384
0,214,58,0,0,45.7333
0,215,58,0,0,45.7281
0,216,58,0,0,45.7227
0,217,58,0,0,45.7171
0,218,58,0,0,45.7113
0,219,58,0,0,45.7052
0,220,58,0,0,45.6988
0,221,58,0,0,45.6921
0,222,58,0,0,45.6852
0,223,58,0,0,45.6781
0,224,58,0,1.24031e-06,45.6708
0,225,58,0,0,45.6633
0,226,58,0,0,45.6557
0,227,58,0,0,45.648
0,228,58,0,0,45.6404
0,229,58,0,0,45.6327
0,230,58,0,0,45.625
0,231,58,0,0,45.6173
0,232,58,0,0,45.6095
0,233,58,0,0,45.6017
0,234,58,0,0,45.5939
0,235,58,0,0,45.5861
0,236,58,0,0,45.5783
0,237,58,0,0,45.5705
0,238,58,0,0,45.5628
0,239,58,0,0,45.5552
0,240,58,0,0,45.5476
0,241,58,0,0,45.54
0,242,58,0,0,45.5325
0,243,58,0,0,45.5249
0,244,58,0,0,45.5174
0,245,58,0,0,45.5099
0,246,58,0,0,45.5025
0,247,58,0,0,45.4952
0,248,58,0,0,45.4881
0,249,58,0,0,45.4813
0,250,58,0,0,45.4749
0,251,58,0,0,45.4691
0,252,58,0,0,45.4639
0,253,58,0,0,45.4596
0,254,58,0,0,45.4562
0,255,58,0,0,45.4539
0,0,59,0,1.24031e-06,50.4213
0,1,59,0,0,50.4196
0,2,59,0,0,50.417
0,3,59,0,0,50.4133
0,4,59,0,0,50.4085
0,5,59,0,0,50.4025
0,6,59,0,0,50.3951
0,7,59,0,0,50.3863
0,8,59,0,0,50.376
0,9,59,0,0,50.3641
0,10,59,0,0,50.3506
0,11,59,0,0,50.3354
0,12,59,0,0,50.3186
0,13,59,0,0,50.3001
0,14,59,0,0,50.2799
0,15,59,0,0,50.258
0,16,59,0,0,50.2345
0,17,59,0,0,50.2093
0,18,59,0,0,50.1826
0,19,59,0,0,50.1544
0,20,59,0,0,50.1247
0,21,59,0,0,50.0935
0,22,59,0,0,50.0608
0,23,59,0,0,50.0268
0,24,59,0,0,49.9913
0,25,59,0,0,49.9545
0,26,59,0,0,49.9164
0,27,59,0,0,49.877
0,28,59,0,0,49.8365
0,29,59,0,0,49.795
0,30,59,0,0,49.7526
0,31,59,0,0,49.7096
0,32,59,0,1.24031e-06,49.6661
0,33,59,0,0,49.6219
0,34,59,0,0,49.5775
0,35,59,0,0,49.5327
0,36,59,0,0,49.4877
0,37,59,0,0,49.4424
0,38,59,0,0,49.3969
0,39,59,0,0,49.3513
0,40,59,0,0,49.3054
0,41,59,0,0,49.2594
0,42,59,0,0,49.2134
0,43,59,0,0,49.1673
0,44,59,0,0,49.1214
0,45,59,0,0,49.0758
0,46,59,0,0,49.0305
0,47,59,0,0,48.9857
0,48,59,0,0,48.9414
0,49,59,0,0,48.8976
0,50,59,0,0,48.8544
0,51,59,0,0,48.8118
0,52,59,0,0,48.7697
0,53,59,0,0,48.7282
0,54,59,0,0,48.687
0,55,59,0,0,48.6461
0,56,59,0,0,48.6054
0,57,59,0,0,48.5649
0,58,59,0,0,48.5245
0,59,59,0,0,48.4842
0,60,59,0,0,48.4441
0,61,59,0,0,48.4041
0,62,59,0,0,48.3644
0,63,59,0,0,48.325
0,64,59,0,1.24031e-06,48.286
0,65,59,0,0,48.2471
0,66,59,0,0,48.2087
0,67,59,0,0,48.1706
0,68,59,0,0,48.133
0,69,59,0,0,48.0956
0,70,59,0,0,48.0586
0,71,59,0,0,48.0218
0,72,59,0,0,47.9851
0,73,59,0,0,47.9486
0,74,59,0,0,47.9122
0,75,59,0,0,47.8759
0,76,59,0,0,47.84
0,77,59,0,0,47.8043
0,78,59,0,0,47.7691
0,79,59,0,0,47.7345
0,80,59,0,0,47.7005
0,81,59,0,0,47.6673
0,82,59,0,0,47.635
0,83,59,0,0,47.6035
0,84,59,0,0,47.5729
0,85,59,0,0,47.5432
0,86,59,0,0,47.5144
0,87,59,0,0,47.4865
0,88,59,0,0,47.4593
0,89,59,0,0,47.433
0,90,59,0,0,47.4074
0,91,59,0,0,47.3826
0,92,59,0,0,47.3584
0,93,59,0,0,47.3348
0,94,59,0,0,47.3118
0,95,59,0,0,47.2894
0,96,59,0,1.24031e-06,47.2677
0,97,59,0,0,47.2465
0,98,59,0,0,47.2258
0,99,59,0,0,47.2058
0,100,59,0,0,47.1862
0,101,59,0,0,47.1669
0,102,59,0,0,47.1478
0,103,59,0,0,47.1287
0,104,59,0,0,47.1096
0,105,59,0,0,47.0903
0,106,59,0,0,47.071
0,107,59,0,0,47.0516
0,108,59,0,0,47.0322
0,109,59,0,0,47.0129
0,110,59,0,0,46.9937
0,111,59,0,0,46.9746
0,112,59,0,0,46.9555
0,113,59,0,0,46.9366
0,114,59,0,0,46.9178
0,115,59,0,0,46.8991
0,116,59,0,0,46.8806
0,117,59,0,0,46.8624
0,118,59,0,0,46.8444
0,119,59,0,0,46.8266
0,120,59,0,0,46.809
0,121,59,0,0,46.7916
0,122,59,0,0,46.7742
0,123,59,0,0,46.757
0,124,59,0,0,46.74
0,125,59,0,0,46.7232
0,126,59,0,0,46.7065
0,127,59,0,0,46.6901
0,128,59,0,1.24031e-06,46.6739
0,129,59,0,0,46.6577
0,130,59,0,0,46.6418
0,131,59,0,0,46.6259
0,132,59,0,0,46.6101
0,133,59,0,0,46.5943
0,134,59,0,0,46.5784
0,135,59,0,0,46.5625
0,136,59,0,0,46.5465
0,137,59,0,0,46.5306
0,138,59,0,0,46.5147
0,139,59,0,0,46.4991
0,140,59,0,0,46.4837
0,141,59,0,0,46.4687
0,142,59,0,0,46.4541
0,143,59,0,0,46.4397
0,144,59,0,0,46.4256
0,145,59,0,0,46.4118
0,146,59,0,0,46.3983
0,147,59,0,0,46.3853
0,148,59,0,0,46.3727
0,149,59,0,0,46.3607
0,150,59,0,0,46.3492
0,151,59,0,0,46.3383
0,152,59,0,0,46.3278
0,153,59,0,0,46.3177
0,154,59,0,0,46.308
0,155,59,0,0,46.2984
0,156,59,0,0,46.2892
0,157,59,0,0,46.2803
0,158,59,0,0,46.2718
0,159,59,0,0,46.2638
0,160,59,0,1.24031e-06,46.2564
0,161,59,0,0,46.2493
0,162,59,0,0,46.2427
0,163,59,0,0,46.2365
0,164,59,0,0,46.2305
0,165,59,0,0,46.2245
0,166,59,0,0,46.2185
0,167,59,0,0,46.2124
0,168,59,0,0,46.2061
0,169,59,0,0,46.1995
0,170,59,0,0,46.1926
0,171,59,0,0,46.1853
0,172,59,0,0,46.1777
0,173,59,0,0,46.1698
0,174,59,0,0,46.1616
0,175,59,0,0,46.1531
0,176,59,0,0,46.1444
0,177,59,0,0,46.1356
0,178,59,0,0,46.1266
0,179,59,0,0,46.1175
0,180,59,0,0,46.1082
0,181,59,0,0,46.0987
0,182,59,0,0,46.0891
0,183,59,0,0,46.0792
0,184,59,0,0,46.0691
0,185,59,0,0,46.0589
0,186,59,0,0,46.0485
0,187,59,0,0,46.0379
0,188,59,0,0,46.0273
0,189,59,0,0,46.0166
0,190,59,0,0,46.006
0,191,59,0,0,45.9954
0,192,59,0,1.24031e-06,45.9851
0,193,59,0,0,45.9749
0,194,59,0,0,45.965
0,195,59,0,0,45.9554
0,196,59,0,0,45.9462
0,197,59,0,0,45.9373
0,198,59,0,0,45.9288
0,199,59,0,0,45.9207
0,200,59,0,0,45.9128
0,201,59,0,0,45.9052
0,202,59,0,0,45.8979
0,203,59,0,0,45.8908
0,204,59,0,0,45.8839
0,205,59,0,0,45.8773
0,206,59,0,0,45.871
0,207,59,0,0,45.865
0,208,59,0,0,45.8592
0,209,59,0,0,45.8538
0,210,59,0,0,45.8486
0,211,59,0,0,45.8437
0,212,59,0,0,45.8389
0,213,59,0,0,45.8342
0,214,59,0,0,45.8294
0,215,59,0,0,45.8246
0,216,59,0,0,45.8195
0,217,59,0,0,45.814
0,218,59,0,0,45.8082
0,219,59,0,0,45.802
0,220,59,0,0,45.7954
0,221,59,0,0,45.7885
0,222,59,0,0,45.7811
0,223,59,0,0,45.7736
0,224,59,0,1.24031e-06,45.7658
0,225,59,0,0,45.7577
0,226,59,0,0,45.7497
0,227,59,0,0,45.7415
0,228,59,0,0,45.7335
0,229,59,0,0,45.7254
0,230,59,0,0,45.7173
0,231,59,0,0,45.7092
0,232,59,0,0,45.701
0,233,59,0,0,45.6927
0,234,59,0,0,45.6844
0,235,59,0,0,45.676
0,236,59,0,0,45.6677
0,237,59,0,0,45.6594
0,238,59,0,0,45.6512
0,239,59,0,0,45.643
0,240,59,0,0,45.6349
0,241,59,0,0,45.6268
0,242,59,0,0,45.6187
0,243,59,0,0,45.6106
0,244,59,0,0,45.6023
0,245,59,0,0,45.594
0,246,59,0,0,45.5857
0,247,59,0,0,45.5774
0,248,59,0,0,45.5691
0,249,59,0,0,45.5611
0,250,59,0,0,45.5534
0,251,59,0,0,45.5463
0,252,59,0,0,45.54
0,253,59,0,0,45.5346
0,254,59,0,0,45.5304
0,255,59,0,0,45.5275
0,0,60,0,1.24031e-06,50.3412
0,1,60,0,0,50.3403
0,2,60,0,0,50.3387
0,3,60,0,0,50.3363
0,4,60,0,0,50.3328
0,5,60,0,0,50.3283
0,6,60,0,0,50.3224
0,7,60,0,0,50.3153
0,8,60,0,0,50.3066
0,9,60,0,0,50.2963
0,10,60,0,0,50.2843
0,11,60,0,0,50.2707
0,12,60,0,0,50.2555
0,13,60,0,0,50.2386
0,14,60,0,0,50.22
0,15,60,0,0,50.1997
0,16,60,0,0,50.1776
0,17,60,0,0,50.1539
0,18,60,0,0,50.1286
0,19,60,0,0,50.1018
0,20,60,0,0,50.0737
0,21,60,0,0,50.0441
0,22,60,0,0,50.013
0,23,60,0,0,49.9805
0,24,60,0,0,49.9465
0,25,60,0,0,49.911
0,26,60,0,0,49.8742
0,27,60,0,0,49.8359
0,28,60,0,0,49.7964
0,29,60,0,0,49.7559
0,30,60,0,0,49.7145
0,31,60,0,0,49.6725
0,32,60,0,1.24031e-06,49.6302
0,33,60,0,0,49.5874
0,34,60,0,0,49.5443
0,35,60,0,0,49.5011
0,36,60,0,0,49.4577
0,37,60,0,0,49.4142
0,38,60,0,0,49.3705
0,39,60,0,0,49.3266
0,40,60,0,0,49.2825
0,41,60,0,0,49.2381
0,42,60,0,0,49.1935
0,43,60,0,0,49.1489
0,44,60,0,0,49.1046
0,45,60,0,0,49.0605
0,46,60,0,0,49.0169
0,47,60,0,0,48.9739
0,48,60,0,0,48.9315
0,49,60,0,0,48.8899
0,50,60,0,0,48.8489
0,51,60,0,0,48.8088
0,52,60,0,0,48.7693
0,53,60,0,0,48.7305
0,54,60,0,0,48.692
0,55,60,0,0,48.6539
0,56,60,0,0,48.6158
0,57,60,0,0,48.5777
0,58,60,0,0,48.5395
0,59,60,0,0,48.5013
0,60,60,0,0,48.4631
0,61,60,0,0,48.4251
0,62,60,0,0,48.3873
0,63,60,0,0,48.3498
0,64,60,0,1.24031e-06,48.3126
0,65,60,0,0,48.2756
0,66,60,0,0,48.239
0,67,60,0,0,48.2029
0,68,60,0,0,48.1672
0,69,60,0,0,48.1319
0,70,60,0,0,48.0969
0,71,60,0,0,48.0619
0,72,60,0,0,48.027
0,73,60,0,0,47.992
0,74,60,0,0,47.9568
0,75,60,0,0,47.9217
0,76,60,0,0,47.8867
0,77,60,0,0,47.8518
0,78,60,0,0,47.8174
0,79,60,0,0,47.7835
0,80,60,0,0,47.7503
0,81,60,0,0,47.7181
0,82,60,0,0,47.6868
0,83,60,0,0,47.6565
0,84,60,0,0,47.6273
0,85,60,0,0,47.5989
0,86,60,0,0,47.5716
0,87,60,0,0,47.5451
0,88,60,0,0,47.5195
0,89,60,0,0,47.4948
0,90,60,0,0,47.4709
0,91,60,0,0,47.4477
0,92,60,0,0,47.4251
0,93,60,0,0,47.4031
0,94,60,0,0,47.3816
0,95,60,0,0,47.3607
0,96,60,0,1.24031e-06,47.3405
0,97,60,0,0,47.3208
0,98,60,0,0,47.302
0,99,60,0,0,47.2838
0,100,60,0,0,47.2661
0,101,60,0,0,47.2488
0,102,60,0,0,47.2316
0,103,60,0,0,47.2143
0,104,60,0,0,47.1966
0,105,60,0,0,47.1785
0,106,60,0,0,47.16
0,107,60,0,0,47.1414
0,108,60,0,0,47.1227
0,109,60,0,0,47.1041
0,110,60,0,0,47.0857
0,111,60,0,0,47.0673
0,112,60,0,0,47.0489
0,113,60,0,0,47.0306
0,114,60,0,0,47.0122
0,115,60,0,0,46.994
0,116,60,0,0,46.9759
0,117,60,0,0,46.9582
0,118,60,0,0,46.9408
0,119,60,0,0,46.9236
0,120,60,0,0,46.9066
0,121,60,0,0,46.8897
0,122,60,0,0,46.8728
0,123,60,0,0,46.856
0,124,60,0,0,46.8393
0,125,60,0,0,46.8227
0,126,60,0,0,46.8064
0,127,60,0,0,46.7903
0,128,60,0,1.24031e-06,46.7746
0,129,60,0,0,46.7589
0,130,60,0,0,46.7434
0,131,60,0,0,46.728
0,132,60,0,0,46.7126
0,133,60,0,0,46.6971
0,134,60,0,0,46.6815
0,135,60,0,0,46.6656
0,136,60,0,0,46.6495
0,137,60,0,0,46.6331
0,138,60,0,0,46.6168
0,139,60,0,0,46.6008
0,140,60,0,0,46.5853
0,141,60,0,0,46.5702
0,142,60,0,0,46.5555
0,143,60,0,0,46.5411
0,144,60,0,0,46.5269
0,145,60,0,0,46.5129
0,146,60,0,0,46.4992
0,147,60,0,0,46.4858
0,148,60,0,0,46.4731
0,149,60,0,0,46.4611
0,150,60,0,0,46.4499
0,151,60,0,0,46.4394
0,152,60,0,0,46.4294
0,153,60,0,0,46.4197
0,154,60,0,0,46.4103
0,155,60,0,0,46.4009
0,156,60,0,0,46.3918
0,157,60,0,0,46.3829
0,158,60,0,0,46.3744
0,159,60,0,0,46.3667
0,160,60,0,1.24031e-06,46.3597
0,161,60,0,0,46.3534
0,162,60,0,0,46.3477
0,163,60,0,0,46.3425
0,164,60,0,0,46.3375
0,165,60,0,0,46.3325
0,166,60,0,0,46.3275
0,167,60,0,0,46.3222
0,168,60,0,0,46.3165
0,169,60,0,0,46.3104
0,170,60,0,0,46.3039
0,171,60,0,0,46.2969
0,172,60,0,0,46.2894
0,173,60,0,0,46.2815
0,174,60,0,0,46.2731
0,175,60,0,0,46.2645
0,176,60,0,0,46.2555
0,177,60,0,0,46.2465
0,178,60,0,0,46.2374
0,179,60,0,0,46.2282
0,180,60,0,0,46.2188
0,181,60,0,0,46.2092
0,182,60,0,0,46.1993
0,183,60,0,0,46.1891
0,184,60,0,0,46.1786
0,185,60,0,0,46.1679
0,186,60,0,0,46.157
0,187,60,0,0,46.1459
0,188,60,0,0,46.1345
0,189,60,0,0,46.1231
0,190,60,0,0,46.1116
0,191,60,0,0,46.1003
0,192,60,0,1.24031e-06,46.0892
0,193,60,0,0,46.0784
0,194,60,0,0,46.068
0,195,60,0,0,46.058
0,196,60,0,0,46.0484
0,197,60,0,0,46.0393
0,198,60,0,0,46.0307
0,199,60,0,0,46.0224
0,200,60,0,0,46.0144
0,201,60,0,0,46.0067
0,202,60,0,0,45.9993
0,203,60,0,0,45.9922
0,204,60,0,0,45.9853
0,205,60,0,0,45.9786
0,206,60,0,0,45.9722
0,207,60,0,0,45.9661
0,208,60,0,0,45.9605
0,209,60,0,0,45.9552
0,210,60,0,0,45.9504
0,211,60,0,0,45.9459
0,212,60,0,0,45.9417
0,213,60,0,0,45.9375
0,214,60,0,0,45.9334
0,215,60,0,0,45.929
0,216,60,0,0,45.9243
0,217,60,0,0,45.9192
0,218,60,0,0,45.9134
0,219,60,0,0,45.9071
0,220,60,0,0,45.9003
0,221,60,0,0,45.8929
0,222,60,0,0,45.8851
0,223,60,0,0,45.8769
0,224,60,0,1.24031e-06,45.8684
0,225,60,0,0,45.8597
0,226,60,0,0,45.851
0,227,60,0,0,45.8424
0,228,60,0,0,45.8339
0,229,60,0,0,45.8254
0,230,60,0,0,45.817
0,231,60,0,0,45.8085
0,232,60,0,0,45.7999
0,233,60,0,0,45.7911
0,234,60,0,0,45.7821
0,235,60,0,0,45.7731
0,236,60,0,0,45.7641
0,237,60,0,0,45.7553
0,238,60,0,0,45.7466
0,239,60,0,0,45.738
0,240,60,0,0,45.7294
0,241,60,0,0,45.7209
0,242,60,0,0,45.7122
0,243,60,0,0,45.7034
0,244,60,0,0,45.6945
0,245,60,0,0,45.6853
0,246,60,0,0,45.6759
0,247,60,0,0,45.6664
0,248,60,0,0,45.6567
0,249,60,0,0,45.6471
0,250,60,0,0,45.6378
0,251,60,0,0,45.629
0,252,60,0,0,45.6211
0,253,60,0,0,45.6144
0,254,60,0,0,45.609
0,255,60,0,0,45.6053
0,0,61,0,1.24031e-06,50.275
0,1,61,0,0,50.2753
0,2,61,0,0,50.2752
0,3,61,0,0,50.2742
0,4,61,0,0,50.2723
0,5,61,0,0,50.2694
0,6,61,0,0,50.2654
0,7,61,0,0,50.2601
0,8,61,0,0,50.2533
0,9,61,0,0,50.2447
0,10,61,0,0,50.2343
0,11,61,0,0,50.2222
0,12,61,0,0,50.2085
0,13,61,0,0,50.1932
0,14,61,0,0,50.1764
0,15,61,0,0,50.1576
0,16,61,0,0,50.1368
0,17,61,0,0,50.1142
0,18,61,0,0,50.0901
0,19,61,0,0,50.0648
0,20,61,0,0,50.0382
0,21,61,0,0,50.0102
0,22,61,0,0,49.9807
0,23,61,0,0,49.9496
0,24,61,0,0,49.917
0,25,61,0,0,49.8829
0,26,61,0,0,49.8471
0,27,61,0,0,49.8096
0,28,61,0,0,49.7707
0,29,61,0,0,49.7306
0,30,61,0,0,49.6897
0,31,61,0,0,49.6484
0,32,61,0,1.24031e-06,49.6069
0,33,61,0,0,49.5653
0,34,61,0,0,49.5235
0,35,61,0,0,49.4817
0,36,61,0,0,49.4399
0,37,61,0,0,49.3981
0,38,61,0,0,49.3562
0,39,61,0,0,49.3141
0,40,61,0,0,49.2716
0,41,61,0,0,49.2286
0,42,61,0,0,49.1851
0,43,61,0,0,49.1416
0,44,61,0,0,49.0983
0,45,61,0,0,49.0556
0,46,61,0,0,49.0135
0,47,61,0,0,48.972
0,48,61,0,0,48.9314
0,49,61,0,0,48.8917
0,50,61,0,0,48.853
0,51,61,0,0,48.8153
0,52,61,0,0,48.7787
0,53,61,0,0,48.7428
0,54,61,0,0,48.7073
0,55,61,0,0,48.6722
0,56,61,0,0,48.6369
0,57,61,0,0,48.6013
0,58,61,0,0,48.5653
0,59,61,0,0,48.5289
0,60,61,0,0,48.4925
0,61,61,0,0,48.4562
0,62,61,0,0,48.4202
0,63,61,0,0,48.3844
0,64,61,0,1.24031e-06,48.3488
0,65,61,0,0,48.3135
0,66,61,0,0,48.2787
0,67,61,0,0,48.2446
0,68,61,0,0,48.211
0,69,61,0,0,48.1779
0,70,61,0,0,48.145
0,71,61,0,0,48.1122
0,72,61,0,0,48.0791
0,73,61,0,0,48.0455
0,74,61,0,0,48.0115
0,75,61,0,0,47.9773
0,76,61,0,0,47.9428
0,77,61,0,0,47.9084
0,78,61,0,0,47.8743
0,79,61,0,0,47.8408
0,80,61,0,0,47.8081
0,81,61,0,0,47.7766
0,82,61,0,0,47.7463
0,83,61,0,0,47.7172
0,84,61,0,0,47.6893
0,85,61,0,0,47.6623
0,86,61,0,0,47.6364
0,87,61,0,0,47.6114
0,88,61,0,0,47.5874
0,89,61,0,0,47.5645
0,90,61,0,0,47.5424
0,91,61,0,0,47.521
0,92,61,0,0,47.5001
0,93,61,0,0,47.4796
0,94,61,0,0,47.4595
0,95,61,0,0,47.4399
0,96,61,0,1.24031e-06,47.4211
0,97,61,0,0,47.403
0,98,61,0,0,47.386
0,99,61,0,0,47.37
0,100,61,0,0,47.3547
0,101,61,0,0,47.3398
0,102,61,0,0,47.325
0,103,61,0,0,47.3097
0,104,61,0,0,47.2936
0,105,61,0,0,47.2765
0,106,61,0,0,47.2586
0,107,61,0,0,47.2404
0,108,61,0,0,47.2222
0,109,61,0,0,47.2042
0,110,61,0,0,47.1865
0,111,61,0,0,47.169
0,112,61,0,0,47.1513
0,113,61,0,0,47.1335
0,114,61,0,0,47.1154
0,115,61,0,0,47.0974
0,116,61,0,0,47.0796
0,117,61,0,0,47.0622
0,118,61,0,0,47.0455
0,119,61,0,0,47.0292
0,120,61,0,0,47.013
0,121,61,0,0,46.9967
0,122,61,0,0,46.9802
0,123,61,0,0,46.9635
0,124,61,0,0,46.9469
0,125,61,0,0,46.9305
0,126,61,0,0,46.9145
0,127,61,0,0,46.8988
0,128,61,0,1.24031e-06,46.8835
0,129,61,0,0,46.8684
0,130,61,0,0,46.8536
0,131,61,0,0,46.8388
0,132,61,0,0,46.8239
0,133,61,0,0,46.8089
0,134,61,0,0,46.7937
0,135,61,0,0,46.7778
0,136,61,0,0,46.7613
0,137,61,0,0,46.7441
0,138,61,0,0,46.7268
0,139,61,0,0,46.7101
0,140,61,0,0,46.6943
0,141,61,0,0,46.6793
0,142,61,0,0,46.6649
0,143,61,0,0,46.6506
0,144,61,0,0,46.6363
0,145,61,0,0,46.6219
0,146,61,0,0,46.6075
0,147,61,0,0,46.5936
0,148,61,0,0,46.5804
0,149,61,0,0,46.5684
0,150,61,0,0,46.5575
0,151,61,0,0,46.5477
0,152,61,0,0,46.5385
0,153,61,0,0,46.5296
0,154,61,0,0,46.5207
0,155,61,0,0,46.5114
0,156,61,0,0,46.502
0,157,61,0,0,46.4927
0,158,61,0,0,46.484
0,159,61,0,0,46.4763
0,160,61,0,1.24031e-06,46.4698
0,161,61,0,0,46.4644
0,162,61,0,0,46.46
0,163,61,0,0,46.4562
0,164,61,0,0,46.4526
0,165,61,0,0,46.449
0,166,61,0,0,46.4451
0,167,61,0,0,46.4408
0,168,61,0,0,46.436
0,169,61,0,0,46.4305
0,170,61,0,0,46.4243
0,171,61,0,0,46.4175
0,172,61,0,0,46.4101
0,173,61,0,0,46.4021
0,174,61,0,0,46.3935
0,175,61,0,0,46.3844
0,176,61,0,0,46.375
0,177,61,0,0,46.3657
0,178,61,0,0,46.3565
0,179,61,0,0,46.3473
0,180,61,0,0,46.338
0,181,61,0,0,46.3283
0,182,61,0,0,46.3181
0,183,61,0,0,46.3075
0,184,61,0,0,46.2966
0,185,61,0,0,46.2854
0,186,61,0,0,46.2739
0,187,61,0,0,46.2621
0,188,61,0,0,46.25
0,189,61,0,0,46.2375
0,190,61,0,0,46.225
0,191,61,0,0,46.2126
0,192,61,0,1.24031e-06,46.2006
0,193,61,0,0,46.1891
0,194,61,0,0,46.178
0,195,61,0,0,46.1675
0,196,61,0,0,46.1576
0,197,61,0,0,46.1483
0,198,61,0,0,46.1396
0,199,61,0,0,46.1312
0,200,61,0,0,46.1232
0,201,61,0,0,46.1155
0,202,61,0,0,46.1081
0,203,61,0,0,46.1009
0,204,61,0,0,46.0939
0,205,61,0,0,46.087
0,206,61,0,0,46.0804
0,207,61,0,0,46.0742
0,208,61,0,0,46.0686
0,209,61,0,0,46.0636
0,210,61,0,0,46.0592
0,211,61,0,0,46.0554
0,212,61,0,0,46.0519
0,213,61,0,0,46.0486
0,214,61,0,0,46.0454
0,215,61,0,0,46.0419
0,216,61,0,0,46.0378
0,217,61,0,0,46.033
0,218,61,0,0,46.0275
0,219,61,0,0,46.0211
0,220,61,0,0,46.0139
0,221,61,0,0,46.0059
0,222,61,0,0,45.9973
0,223,61,0,0,45.9883
0,224,61,0,1.24031e-06,45.9789
0,225,61,0,0,45.9694
0,226,61,0,0,45.9599
0,227,61,0,0,45.9506
0,228,61,0,0,45.9417
0,229,61,0,0,45.9329
0,230,61,0,0,45.9243
0,231,61,0,0,45.9156
0,232,61,0,0,45.9066
0,233,61,0,0,45.8973
0,234,61,0,0,45.8876
0,235,61,0,0,45.8777
0,236,61,0,0,45.8678
0,237,61,0,0,45.8583
0,238,61,0,0,45.8491
0,239,61,0,0,45.8402
0,240,61,0,0,45.8314
0,241,61,0,0,45.8225
0,242,61,0,0,45.8134
0,243,61,0,0,45.804
0,244,61,0,0,45.7943
0,245,61,0,0,45.7843
0,246,61,0,0,45.7738
0,247,61,0,0,45.7629
0,248,61,0,0,45.7515
0,249,61,0,0,45.7398
0,250,61,0,0,45.7282
0,251,61,0,0,45.7172
0,252,61,0,0,45.7072
0,253,61,0,0,45.6986
0,254,61,0,0,45.6916
0,255,61,0,0,45.6866
0,0,62,0,1.24031e-06,50.2217
0,1,62,0,0,50.2243
0,2,62,0,0,50.2263
0,3,62,0,0,50.227
0,4,62,0,0,50.2267
0,5,62,0,0,50.2257
0,6,62,0,0,50.2239
0,7,62,0,0,50.221
0,8,62,0,0,50.2164
0,9,62,0,0,50.2097
0,10,62,0,0,50.2008
0,11,62,0,0,50.1899
0,12,62,0,0,50.1774
0,13,62,0,0,50.164
0,14,62,0,0,50.1495
0,15,62,0,0,50.1326
0,16,62,0,0,50.1125
0,17,62,0,0,50.0903
0,18,62,0,0,50.0669
0,19,62,0,0,50.043
0,20,62,0,0,50.0184
0,21,62,0,0,49.9922
0,22,62,0,0,49.964
0,23,62,0,0,49.9343
0,24,62,0,0,49.9032
0,25,62,0,0,49.8705
0,26,62,0,0,49.8357
0,27,62,0,0,49.7987
0,28,62,0,0,49.7598
0,29,62,0,0,49.7191
0,30,62,0,0,49.6779
0,31,62,0,0,49.6368
0,32,62,0,1.24031e-06,49.5961
0,33,62,0,0,49.5554
0,34,62,0,0,49.5148
0,35,62,0,0,49.4742
0,36,62,0,0,49.4341
0,37,62,0,0,49.3941
0,38,62,0,0,49.354
0,39,62,0,0,49.3139
0,40,62,0,0,49.2734
0,41,62,0,0,49.2317
0,42,62,0,0,49.1885
0,43,62,0,0,49.1451
0,44,62,0,0,49.1025
0,45,62,0,0,49.0608
0,46,62,0,0,49.02
0,47,62,0,0,48.9798
0,48,62,0,0,48.9406
0,49,62,0,0,48.9028
0,50,62,0,0,48.866
0,51,62,0,0,48.831
0,52,62,0,0,48.7975
0,53,62,0,0,48.7651
0,54,62,0,0,48.7331
0,55,62,0,0,48.7016
0,56,62,0,0,48.6696
0,57,62,0,0,48.6368
0,58,62,0,0,48.6025
0,59,62,0,0,48.5674
0,60,62,0,0,48.5322
0,61,62,0,0,48.4975
0,62,62,0,0,48.4633
0,63,62,0,0,48.4291
0,64,62,0,1.24031e-06,48.3949
0,65,62,0,0,48.3609
0,66,62,0,0,48.3277
0,67,62,0,0,48.2956
0,68,62,0,0,48.2643
0,69,62,0,0,48.2336
0,70,62,0,0,48.2035
0,71,62,0,0,48.1733
0,72,62,0,0,48.1423
0,73,62,0,0,48.1101
0,74,62,0,0,48.0769
0,75,62,0,0,48.0433
0,76,62,0,0,48.0089
0,77,62,0,0,47.9745
0,78,62,0,0,47.94
0,79,62,0,0,47.9063
0,80,62,0,0,47.8736
0,81,62,0,0,47.8425
0,82,62,0,0,47.813
0,83,62,0,0,47.7854
0,84,62,0,0,47.759
0,85,62,0,0,47.7335
0,86,62,0,0,47.709
0,87,62,0,0,47.6854
0,88,62,0,0,47.663
0,89,62,0,0,47.642
0,90,62,0,0,47.622
0,91,62,0,0,47.6028
0,92,62,0,0,47.5839
0,93,62,0,0,47.565
0,94,62,0,0,47.5461
0,95,62,0,0,47.5272
0,96,62,0,1.24031e-06,47.5093
0,97,62,0,0,47.4926
0,98,62,0,0,47.4776
0,99,62,0,0,47.4641
0,100,62,0,0,47.4518
0,101,62,0,0,47.4401
0,102,62,0,0,47.4286
0,103,62,0,0,47.4163
0,104,62,0,0,47.402
0,105,62,0,0,47.3854
0,106,62,0,0,47.3672
0,107,62,0,0,47.3486
0,108,62,0,0,47.3304
0,109,62,0,0,47.3131
0,110,62,0,0,47.2965
0,111,62,0,0,47.2802
0,112,62,0,0,47.2634
0,113,62,0,0,47.2459
0,114,62,0,0,47.2279
0,115,62,0,0,47.2094
0,116,62,0,0,47.1914
0,117,62,0,0,47.1743
0,118,62,0,0,47.1586
0,119,62,0,0,47.1437
0,120,62,0,0,47.1286
0,121,62,0,0,47.1131
0,122,62,0,0,47.0968
0,123,62,0,0,47.0801
0,124,62,0,0,47.0632
0,125,62,0,0,47.0468
0,126,62,0,0,47.0308
0,127,62,0,0,47.0154
0,128,62,0,1.24031e-06,47.0008
0,129,62,0,0,46.9866
0,130,62,0,0,46.9725
0,131,62,0,0,46.9585
0,132,62,0,0,46.9444
0,133,62,0,0,46.9303
0,134,62,0,0,46.9157
0,135,62,0,0,46.9004
0,136,62,0,0,46.8832
0,137,62,0,0,46.864
0,138,62,0,0,46.8445
0,139,62,0,0,46.8262
0,140,62,0,0,46.8103
0,141,62,0,0,46.7961
0,142,62,0,0,46.7828
0,143,62,0,0,46.7689
0,144,62,0,0,46.7545
0,145,62,0,0,46.7394
0,146,62,0,0,46.7237
0,147,62,0,0,46.7082
0,148,62,0,0,46.6941
0,149,62,0,0,46.6818
0,150,62,0,0,46.6716
0,151,62,0,0,46.6632
0,152,62,0,0,46.6557
0,153,62,0,0,46.6482
0,154,62,0,0,46.6402
0,155,62,0,0,46.6308
0,156,62,0,0,46.6204
0,157,62,0,0,46.6098
0,158,62,0,0,46.6001
0,159,62,0,0,46.5919
0,160,62,0,1.24031e-06,46.5859
0,161,62,0,0,46.5819
0,162,62,0,0,46.5796
0,163,62,0,0,46.5778
0,164,62,0,0,46.5762
0,165,62,0,0,46.5746
0,166,62,0,0,46.5721
0,167,62,0,0,46.569
0,168,62,0,0,46.5652
0,169,62,0,0,46.5604
0,170,62,0,0,46.5545
0,171,62,0,0,46.5477
0,172,62,0,0,46.5404
0,173,62,0,0,46.5325
0,174,62,0,0,46.5235
0,175,62,0,0,46.5133
0,176,62,0,0,46.5029
0,177,62,0,0,46.4929
0,178,62,0,0,46.4838
0,179,62,0,0,46.4752
0,180,62,0,0,46.4663
0,181,62,0,0,46.4566
0,182,62,0,0,46.4461
0,183,62,0,0,46.4349
0,184,62,0,0,46.4234
0,185,62,0,0,46.4118
0,186,62,0,0,46.3999
0,187,62,0,0,46.3874
0,188,62,0,0,46.3742
0,189,62,0,0,46.3603
0,190,62,0,0,46.3461
0,191,62,0,0,46.3323
0,192,62,0,1.24031e-06,46.3192
0,193,62,0,0,46.3069
0,194,62,0,0,46.295
0,195,62,0,0,46.2838
0,196,62,0,0,46.2737
0,197,62,0,0,46.2643
0,198,62,0,0,46.2557
0,199,62,0,0,46.2475
0,200,62,0,0,46.2393
0,201,62,0,0,46.2317
0,202,62,0,0,46.2245
0,203,62,0,0,46.2174
0,204,62,0,0,46.2101
0,205,62,0,0,46.2029
0,206,62,0,0,46.1959
0,207,62,0,0,46.1892
0,208,62,0,0,46.1833
0,209,62,0,0,46.1787
0,210,62,0,0,46.175
0,211,62,0,0,46.1722
0,212,62,0,0,46.1697
0,213,62,0,0,46.1676
0,214,62,0,0,46.1658
0,215,62,0,0,46.1638
0,216,62,0,0,46.1607
0,217,62,0,0,46.1564
0,218,62,0,0,46.1511
0,219,62,0,0,46.1445
0,220,62,0,0,46.1368
0,221,62,0,0,46.1282
0,222,62,0,0,46.1185
0,223,62,0,0,46.1081
0,224,62,0,1.24031e-06,46.0974
0,225,62,0,0,46.0868
0,226,62,0,0,46.0761
0,227,62,0,0,46.0661
0,228,62,0,0,46.0569
0,229,62,0,0,46.0481
0,230,62,0,0,46.0396
0,231,62,0,0,46.031
0,232,62,0,0,46.0219
0,233,62,0,0,46.0119
0,234,62,0,0,46.001
0,235,62,0,0,45.9897
0,236,62,0,0,45.9787
0,237,62,0,0,45.9683
0,238,62,0,0,45.9588
0,239,62,0,0,45.9497
0,240,62,0,0,45.9411
0,241,62,0,0,45.9323
0,242,62,0,0,45.9227
0,243,62,0,0,45.9127
0,244,62,0,0,45.9023
0,245,62,0,0,45.8916
0,246,62,0,0,45.8803
0,247,62,0,0,45.8678
0,248,62,0,0,45.8542
0,249,62,0,0,45.8399
0,250,62,0,0,45.825
0,251,62,0,0,45.8108
0,252,62,0,0,45.7979
0,253,62,0,0,45.7868
0,254,62,0,0,45.7776
0,255,62,0,0,45.7707
0,0,63,0,1.24031e-06,50.1804
0,1,63,0,0,50.1875
0,2,63,0,0,50.1932
0,3,63,0,0,50.1946
0,4,63,0,0,50.1959
0,5,63,0,0,50.1966
0,6,63,0,0,50.1979
0,7,63,0,0,50.1985
0,8,63,0,0,50.1968
0,9,63,0,0,50.192
0,10,63,0,0,50.1845
0,11,63,0,0,50.1737
0,12,63,0,0,50.161
0,13,63,0,0,50.1503
0,14,63,0,0,50.1404
0,15,63,0,0,50.1269
0,16,63,0,0,50.1053
0,17,63,0,0,50.0816
0,18,63,0,0,50.0577
0,19,63,0,0,50.0358
0,20,63,0,0,50.0144
0,21,63,0,0,49.9908
0,22,63,0,0,49.9633
0,23,63,0,0,49.9346
0,24,63,0,0,49.9053
0,25,63,0,0,49.875
0,26,63,0,0,49.8412
0,27,63,0,0,49.8043
0,28,63,0,0,49.7651
0,29,63,0,0,49.7212
0,30,63,0,0,49.678
0,31,63,0,0,49.637
0,32,63,0,1.24031e-06,49.5971
0,33,63,0,0,49.5578
0,34,63,0,0,49.5181
0,35,63,0,0,49.478
0,36,63,0,0,49.4398
0,37,63,0,0,49.4025
0,38,63,0,0,49.3638
0,39,63,0,0,49.3266
0,40,63,0,0,49.2892
0,41,63,0,0,49.2495
0,42,63,0,0,49.2041
0,43,63,0,0,49.1588
0,44,63,0,0,49.1164
0,45,63,0,0,49.0759
0,46,63,0,0,49.0367
0,47,63,0,0,48.9971
0,48,63,0,0,48.9587
0,49,63,0,0,48.923
0,50,63,0,0,48.887
0,51,63,0,0,48.8549
0,52,63,0,0,48.8256
0,53,63,0,0,48.7976
0,54,63,0,0,48.769
0,55,63,0,0,48.7433
0,56,63,0,0,48.7152
0,57,63,0,0,48.6859
0,58,63,0,0,48.6525
0,59,63,0,0,48.6172
0,60,63,0,0,48.5816
0,61,63,0,0,48.5488
0,62,63,0,0,48.5171
0,63,63,0,0,48.4846
0,64,63,0,1.24031e-06,48.4513
0,65,63,0,0,48.4176
0,66,63,0,0,48.3849
0,67,63,0,0,48.3558
0,68,63,0,0,48.327
0,69,63,0,0,48.2987
0,70,63,0,0,48.2725
0,71,63,0,0,48.2466
0,72,63,0,0,48.2184
0,73,63,0,0,48.187
0,74,63,0,0,48.1537
0,75,63,0,0,48.121
0,76,63,0,0,48.0855
0,77,63,0,0,48.0508
0,78,63,0,0,48.0147
0,79,63,0,0,47.9797
0,80,63,0,0,47.9462
0,81,63,0,0,47.9151
0,82,63,0,0,47.8863
0,83,63,0,0,47.8613
0,84,63,0,0,47.8371
0,85,63,0,0,47.8125
0,86,63,0,0,47.7895
0,87,63,0,0,47.7672
0,88,63,0,0,47.7458
0,89,63,0,0,47.7272
0,90,63,0,0,47.7102
0,91,63,0,0,47.6938
0,92,63,0,0,47.6775
0,93,63,0,0,47.6602
0,94,63,0,0,47.6423
0,95,63,0,0,47.6223
0,96,63,0,1.24031e-06,47.6049
0,97,63,0,0,47.5887
0,98,63,0,0,47.5758
0,99,63,0,0,47.5658
0,100,63,0,0,47.5571
0,101,63,0,0,47.55
0,102,63,0,0,47.5435
0,103,63,0,0,47.5365
0,104,63,0,0,47.5247
0,105,63,0,0,47.5074
0,106,63,0,0,47.4862
0,107,63,0,0,47.4658
0,108,63,0,0,47.4467
0,109,63,0,0,47.4301
0,110,63,0,0,47.4154
0,111,63,0,0,47.4019
0,112,63,0,0,47.3866
0,113,63,0,0,47.369
0,114,63,0,0,47.351
0,115,63,0,0,47.3301
0,116,63,0,0,47.311
0,117,63,0,0,47.2932
0,118,63,0,0,47.2793
0,119,63,0,0,47.268
0,120,63,0,0,47.2547
0,121,63,0,0,47.2403
0,122,63,0,0,47.2239
0,123,63,0,0,47.2061
0,124,63,0,0,47.1882
0,125,63,0,0,47.1712
0,126,63,0,0,47.1553
0,127,63,0,0,47.14
0,128,63,0,1.24031e-06,47.1263
0,129,63,0,0,47.1136
0,130,63,0,0,47.1006
0,131,63,0,0,47.0878
0,132,63,0,0,47.0741
0,133,63,0,0,47.0615
0,134,63,0,0,47.0486
0,135,63,0,0,47.0357
0,136,63,0,0,47.0185
0,137,63,0,0,46.9936
0,138,63,0,0,46.9686
0,139,63,0,0,46.9469
0,140,63,0,0,46.9319
0,141,63,0,0,46.9203
0,142,63,0,0,46.9106
0,143,63,0,0,46.8972
0,144,63,0,0,46.8829
0,145,63,0,0,46.8673
0,146,63,0,0,46.8481
0,147,63,0,0,46.8293
0,148,63,0,0,46.8132
0,149,63,0,0,46.7997
0,150,63,0,0,46.7909
0,151,63,0,0,46.7859
0,152,63,0,0,46.7813
0,153,63,0,0,46.777
0,154,63,0,0,46.7712
0,155,63,0,0,46.7608
0,156,63,0,0,46.7482
0,157,63,0,0,46.7339
0,158,63,0,0,46.722
0,159,63,0,0,46.7122
0,160,63,0,1.24031e-06,46.7062
0,161,63,0,0,46.7051
0,162,63,0,0,46.7068
0,163,63,0,0,46.708
0,164,63,0,0,46.7084
0,165,63,0,0,46.7108
0,166,63,0,0,46.7091
0,167,63,0,0,46.7073
0,168,63,0,0,46.7053
0,169,63,0,0,46.7013
0,170,63,0,0,46.6952
0,171,63,0,0,46.6875
0,172,63,0,0,46.6809
0,173,63,0,0,46.6736
0,174,63,0,0,46.6644
0,175,63,0,0,46.6516
0,176,63,0,0,46.6387
0,177,63,0,0,46.6272
0,178,63,0,0,46.6186
0,179,63,0,0,46.6126
0,180,63,0,0,46.6049
0,181,63,0,0,46.5954
0,182,63,0,0,46.584
0,183,63,0,0,46.5715
0,184,63,0,0,46.5591
0,185,63,0,0,46.5474
0,186,63,0,0,46.5353
0,187,63,0,0,46.5228
0,188,63,0,0,46.5083
0,189,63,0,0,46.4925
0,190,63,0,0,46.4748
0,191,63,0,0,46.4593
0,192,63,0,1.24031e-06,46.4442
0,193,63,0,0,46.4324
0,194,63,0,0,46.419
0,195,63,0,0,46.4065
0,196,63,0,0,46.3966
0,197,63,0,0,46.3873
0,198,63,0,0,46.3792
0,199,63,0,0,46.3722
0,200,63,0,0,46.3629
0,201,63,0,0,46.3551
0,202,63,0,0,46.349
0,203,63,0,0,46.3428
0,204,63,0,0,46.3345
0,205,63,0,0,46.3264
0,206,63,0,0,46.3192
0,207,63,0,0,46.3109
0,208,63,0,0,46.3039
0,209,63,0,0,46.3001
0,210,63,0,0,46.2975
0,211,63,0,0,46.2964
0,212,63,0,0,46.295
0,213,63,0,0,46.294
0,214,63,0,0,46.2953
0,215,63,0,0,46.2959
0,216,63,0,0,46.2946
0,217,63,0,0,46.2899
0,218,63,0,0,46.2853
0,219,63,0,0,46.2787
0,220,63,0,0,46.2697
0,221,63,0,0,46.2606
0,222,63,0,0,46.2497
0,223,63,0,0,46.2364
0,224,63,0,1.24031e-06,46.2239
0,225,63,0,0,46.2123
0,226,63,0,0,46.1994
0,227,63,0,0,46.1881
0,228,63,0,0,46.1794
0,229,63,0,0,46.1705
0,230,63,0,0,46.1633
0,231,63,0,0,46.1553
0,232,63,0,0,46.1471
0,233,63,0,0,46.1363
0,234,63,0,0,46.1234
0,235,63,0,0,46.1092
0,236,63,0,0,46.0964
0,237,63,0,0,46.0843
0,238,63,0,0,46.0757
0,239,63,0,0,46.0664
0,240,63,0,0,46.059
0,241,63,0,0,46.0516
0,242,63,0,0,46.0407
0,243,63,0,0,46.03
0,244,63,0,0,46.0189
0,245,63,0,0,46.0076
0,246,63,0,0,45.9973
0,247,63,0,0,45.9825
0,248,63,0,0,45.9663
0,249,63,0,0,45.9485
0,250,63,0,0,45.9284
0,251,63,0,0,45.9092
0,252,63,0,0,45.8928
0,253,63,0,0,45.8786
0,254,63,0,0,45.8667
0,255,63,0,0,45.8565
0,0,64,0,0.000391323,50.1516
0,1,64,0,0.000243169,50.167
0,2,64,0,0.000542666,50.1818
0,3,64,0,0.000201285,50.176
0,4,64,0,0.000382894,50.1794
0,5,64,0,0.000244418,50.18
0,6,64,0,0.000333484,50.1865
0,7,64,0,0.000417859,50.194
0,8,64,0,0.000427376,50.197
0,9,64,0,0.00034857,50.1931
0,10,64,0,0.000459641,50.188
0,11,64,0,0.000402131,50.1747
0,12,64,0,0.00011718,50.1542
0,13,64,0,0.000191768,50.1485
0,14,64,0,0.000446614,50.1517
0,15,64,0,0.00087237,50.151
0,16,64,0,0.00028755,50.1158
0,17,64,0,0.000299869,50.0866
0,18,64,0,0.000166421,50.0577
0,19,64,0,0.000316575,50.0408
0,20,64,0,0.000402401,50.028
0,21,64,0,0.000609795,50.0105
0,22,64,0,0.000216473,49.9783
0,23,64,0,0.000191228,49.949
0,24,64,0,0.000194636,49.9224
0,25,64,0,0.00040851,49.8993
0,26,64,0,0.000384784,49.8663
0,27,64,0,0.000163282,49.827
0,28,64,0,0.000576551,49.7927
0,29,64,0,0.000141176,49.7349
0,30,64,0,0.000100642,49.6862
0,31,64,0,0.000206415,49.6474
0,32,64,0,0.000145015,49.6094
0,33,64,0,0.000201285,49.5735
0,34,64,0,0.000325384,49.5349
0,35,64,0,0.000110801,49.4902
0,36,64,0,0.000257006,49.4561
0,37,64,0,0.000499905,49.4262
0,38,64,0,0.000100913,49.3825
0,39,64,0,0.00029025,49.3522
0,40,64,0,0.000327544,49.3221
0,41,64,0,0.000717896,49.2904
0,42,64,0,0.000203715,49.2319
0,43,64,0,0.000147825,49.1787
0,44,64,0,0.000358729,49.1384
0,45,64,0,0.000333113,49.1002
0,46,64,0,0.000481646,49.0661
0,47,64,0,0.000265275,49.024
0,48,64,0,8.7885e-05,48.983
0,49,64,0,0.00052137,48.9553
0,50,64,0,3.64837e-05,48.9121
0,51,64,0,0.00023139,48.8845
0,52,64,0,0.000359269,48.8629
0,53,64,0,0.00052542,48.843
0,54,64,0,0,48.8107
0,55,64,0,0.000440404,48.8011
0,56,64,0,0.000186908,48.7747
0,57,64,0,0.000537368,48.7545
0,58,64,0,0.000326734,48.718
0,59,64,0,0.000300139,48.6788
0,60,64,0,6.55087e-05,48.6369
0,61,64,0,0.0002349,48.609
0,62,64,0,0.000302569,48.5836
0,63,64,0,0.000207495,48.5529
0,64,64,0,0.000221223,48.5195
0,65,64,0,0.00028755,48.4834
0,66,64,0,1.49175e-05,48.4462
0,67,64,0,0.000427478,48.4262
0,68,64,0,0.000359978,48.3998
0,69,64,0,9.69637e-05,48.3706
0,70,64,0,0.000222851,48.3521
0,71,64,0,0.000378675,48.3352
0,72,64,0,0.000488835,48.3121
0,73,64,0,0.000323494,48.2785
0,74,64,0,0.00017631,48.2403
0,75,64,0,0.000620764,48.2151
0,76,64,0,0.000215663,48.1715
0,77,64,0,0.000499365,48.1403
0,78,64,0,0.000229601,48.0978
0,79,64,0,0.000273173,48.0609
0,80,64,0,0.000202095,48.0247
0,81,64,0,0.000219983,47.9933
0,82,64,0,4.31325e-05,47.9627
0,83,64,0,0.000258795,47.9457
0,84,64,0,0.00035046,47.9264
0,85,64,0,0.000151234,47.8989
0,86,64,0,0.000249008,47.8788
0,87,64,0,0.000352249,47.8577
0,88,64,0,0.000133717,47.8334
0,89,64,0,0.000237769,47.8193
0,90,64,0,0.000296899,47.8073
0,91,64,0,0.000262305,47.7952
0,92,64,0,0.000355489,47.7834
0,93,64,0,0.000301928,47.7669
0,94,64,0,0.000563153,47.7529
0,95,64,0,0.00011745,47.7223
0,96,64,0,0.000370297,47.7083
0,97,64,0,0.00017307,47.6885
0,98,64,0,0.000217553,47.6782
0,99,64,0,0.000369866,47.6751
0,100,64,0,0.000300949,47.6698
0,101,64,0,0.000330514,47.6687
0,102,64,0,0.000362948,47.6699
0,103,64,0,0.000726064,47.6766
0,104,64,0,0.000693461,47.6688
0,105,64,0,0.000618604,47.6473
0,106,64,0,0.00028809,47.614
0,107,64,0,0.000357919,47.5905
0,108,64,0,0.000262305,47.568
0,109,64,0,0.00034506,47.5535
0,110,64,0,0.00028755,47.5422
0,111,64,0,0.000511583,47.5373
0,112,64,0,0.000535478,47.5243
0,113,64,0,0.000299329,47.5034
0,114,64,0,0.000618064,47.4896
0,115,64,0,0.00017766,47.4573
0,116,64,0,0.000419108,47.4377
0,117,64,0,0.000131288,47.4144
0,118,64,0,0.000122209,47.4048
0,119,64,0,0.000486776,47.4059
0,120,64,0,0.000302569,47.3931
0,121,64,0,0.000415159,47.3814
0,122,64,0,0.000341381,47.3636
0,123,64,0,0.00023004,47.3423
0,124,64,0,0.000152314,47.321
0,125,64,0,0.000205335,47.3036
0,126,64,0,0.000247118,47.2881
0,127,64,0,0.000247928,47.271
0,128,64,0,0.000305868,47.2595
0,129,64,0,0.000424238,47.2508
0,130,64,0,0.000264735,47.2383
0,131,64,0,0.000312896,47.2285
0,132,64,0,0.000129397,47.2111
0,133,64,0,0.000342191,47.2032
0,134,64,0,0.000165341,47.1913
0,135,64,0,0.00052758,47.1892
0,136,64,0,0.000966904,47.179
0,137,64,0,0.0002916,47.1328
0,138,64,0,0.00034641,47.0959
0,139,64,0,7.18875e-06,47.0638
0,140,64,0,0.000295279,47.0564
0,141,64,0,0.000227171,47.05
0,142,64,0,0.000725186,47.0555
0,143,64,0,0.000210904,47.0368
0,144,64,0,0.000274523,47.0232
0,145,64,0,0.000596059,47.0119
0,146,64,0,0.000216473,46.981
0,147,64,0,0.000100642,46.9543
0,148,64,0,0.000229871,46.9362
0,149,64,0,1.43775e-05,46.9177
0,150,64,0,6.68587e-05,46.9121
0,151,64,0,0.0002916,46.9168
0,152,64,0,0.000161932,46.9159
0,153,64,0,0.000258795,46.918
0,154,64,0,0.00051759,46.9206
0,155,64,0,0.000338783,46.9048
0,156,64,0,0.000463151,46.8885
0,157,64,0,0.00011907,46.8624
0,158,64,0,0.00034506,46.8488
0,159,64,0,0.000226901,46.8343
0,160,64,0,8.22066e-05,46.8256
0,161,64,0,0.000283601,46.8322
0,162,64,0,0.000488835,46.8442
0,163,64,0,0.000503685,46.849
0,164,64,0,0.000136586,46.8462
0,165,64,0,0.000819079,46.8646
0,166,64,0,0.000244519,46.8555
0,167,64,0,0.000262305,46.8553
0,168,64,0,0.000377865,46.859
0,169,64,0,0.000400511,46.8555
0,170,64,0,0.000476078,46.8484
0,171,64,0,0.000237769,46.8346
0,172,64,0,0.000488835,46.8323
0,173,64,0,0.000430448,46.8278
0,174,64,0,0.000620764,46.8222
0,175,64,0,0.00029187,46.799
0,176,64,0,0.000303379,46.781
0,177,64,0,0.000262035,46.7652
0,178,64,0,0.000237769,46.7571
0,179,64,0,0.000598928,46.7628
0,180,64,0,0.000504394,46.7564
0,181,64,0,0.000508883,46.7474
0,182,64,0,0.00040797,46.7334
0,183,64,0,0.000387484,46.7168
0,184,64,0,0.000365918,46.7028
0,185,64,0,0.000427748,46.6929
0,186,64,0,0.000330683,46.681
0,187,64,0,0.000482558,46.6711
0,188,64,0,0.00035289,46.6542
0,189,64,0,0.000622283,46.6375
0,190,64,0,0.000165341,46.608
0,191,64,0,0.000470239,46.5947
0,192,64,0,1.24031e-06,46.571
0,193,64,0,0.000571253,46.5704
0,194,64,0,0.000179719,46.5499
0,195,64,0,0.00011772,46.5327
0,196,64,0,0.000388733,46.5272
0,197,64,0,0.000328894,46.5167
0,198,64,0,0.000258896,46.5093
0,199,64,0,0.000577901,46.5106
0,200,64,0,0.000129397,46.492
0,201,64,0,0.000158153,46.484
0,202,64,0,0.000251708,46.4823
0,203,64,0,0.000451103,46.4811
0,204,64,0,0.000280901,46.4675
0,205,64,0,0.000180529,46.4567
0,206,64,0,0.000377055,46.4532
0,207,64,0,0.000216304,46.4389
0,208,64,0,4.39425e-05,46.4265
0,209,64,0,0.00029484,46.4281
0,210,64,0,0.000147555,46.4256
0,211,64,0,0.000429806,46.4301
0,212,64,0,0.000334733,46.4281
0,213,64,0,7.18875e-05,46.4247
0,214,64,0,0.000305168,46.4347
0,215,64,0,0.0002889,46.4407
0,216,64,0,0.000479588,46.444
0,217,64,0,0.00011502,46.4319
0,218,64,0,0.000395381,46.4325
0,219,64,0,0.000388463,46.4262
0,220,64,0,0.000201386,46.4115
0,221,64,0,0.000390893,46.4057
0,222,64,0,0.000446884,46.3939
0,223,64,0,0.000136586,46.3721
0,224,64,0,0.000183659,46.357
0,225,64,0,0.000413269,46.3491
0,226,64,0,0.000166151,46.3278
0,227,64,0,0.000158153,46.3136
0,228,64,0,0.000471049,46.3106
0,229,64,0,0.00017631,46.2985
0,230,64,0,0.00035046,46.297
0,231,64,0,0.000197066,46.2886
0,232,64,0,0.000359809,46.2861
0,233,64,0,0.000275063,46.2735
0,234,64,0,0.000302468,46.2564
0,235,64,0,8.09662e-05,46.2346
0,236,64,0,0.000300949,46.2209
0,237,64,0,0,46.2019
0,238,64,0,0.000438345,46.2025
0,239,64,0,0.000108911,46.1874
0,240,64,0,0.000306248,46.1853
0,241,64,0,0.000689243,46.1864
0,242,64,0,0.000194096,46.1665
0,243,64,0,0.000334193,46.1563
0,244,64,0,0.000309116,46.1445
0,245,64,0,4.39425e-05,46.1297
0,246,64,0,0.00064287,46.1316
0,247,64,0,0.000240469,46.1083
0,248,64,0,0.000300409,46.0895
0,249,64,0,0.00052137,46.0702
0,250,64,0,0.000179719,46.0378
0,251,64,0,0.000143775,46.0101
0,252,64,0,0.000229331,45.9912
0,253,64,0,0.000138476,45.9739
0,254,64,0,0.000222413,45.9604
0,255,64,0,0.000280361,45.9446
0,0,65,0,0.000672224,50.0886
0,1,65,0,0.000945979,50.1215
0,2,65,0,0.001085,50.1358
0,3,65,0,0.000359438,50.12
0,4,65,0,0.000374726,50.1189
0,5,65,0,0.000440404,50.125
0,6,65,0,0.00046305,50.1323
0,7,65,0,0.000511481,50.1432
0,8,65,0,0.000673144,50.1545
0,9,65,0,0.00063828,50.1531
0,10,65,0,0.000622654,50.1461
0,11,65,0,0.000851715,50.1377
0,12,65,0,0.000288191,50.1126
0,13,65,0,0.000617625,50.1113
0,14,65,0,0.00051813,50.1111
0,15,65,0,0.00098631,50.1135
0,16,65,0,0.000492885,50.0812
0,17,65,0,0.000729945,50.0555
0,18,65,0,0.000319815,50.0201
0,19,65,0,0.000277223,49.999
0,20,65,0,0.00101804,49.9987
0,21,65,0,0.000370676,49.9725
0,22,65,0,0.000938149,49.9656
0,23,65,0,0.000755831,49.9402
0,24,65,0,0.000718538,49.9143
0,25,65,0,0.000798053,49.8896
0,26,65,0,0.000385425,49.8537
0,27,65,0,0.000741083,49.8268
0,28,65,0,0.00075789,49.7848
0,29,65,0,0.000257276,49.7206
0,30,65,0,0.00029214,49.6714
0,31,65,0,0.000366998,49.6352
0,32,65,0,0.000562334,49.6065
0,33,65,0,0.000853943,49.5746
0,34,65,0,0.000417859,49.5226
0,35,65,0,0.000436995,49.4761
0,36,65,0,0.00035262,49.4345
0,37,65,0,0.000676384,49.4076
0,38,65,0,0.00046656,49.3708
0,39,65,0,0.000535309,49.342
0,40,65,0,0.000830048,49.3172
0,41,65,0,0.000714116,49.2786
0,42,65,0,0.000826639,49.2284
0,43,65,0,0.00034533,49.161
0,44,65,0,0.000227171,49.1093
0,45,65,0,0.000415429,49.0738
0,46,65,0,0.000462341,49.0441
0,47,65,0,0.000829778,49.0172
0,48,65,0,0.000685631,48.9789
0,49,65,0,0.000647528,48.9441
0,50,65,0,0.000665516,48.9124
0,51,65,0,0.00046494,48.8764
0,52,65,0,0.000389813,48.8494
0,53,65,0,0.000724106,48.8379
0,54,65,0,0.000247118,48.8198
0,55,65,0,0.00127413,48.8318
0,56,65,0,0.000630113,48.8033
0,57,65,0,0.000737674,48.7787
0,58,65,0,0.000738383,48.747
0,59,65,0,0.000682594,48.708
0,60,65,0,0.000422348,48.6654
0,61,65,0,0.00040905,48.6374
0,62,65,0,0.000646009,48.6225
0,63,65,0,0.000923501,48.6041
0,64,65,0,0.00087604,48.5683
0,65,65,0,0.000239929,48.5153
0,66,65,0,0.00053028,48.4826
0,67,65,0,0.000333113,48.45
0,68,65,0,0.000396833,48.4302
0,69,65,0,0.000552015,48.4169
0,70,65,0,0.00058104,48.4035
0,71,65,0,0.000716108,48.3853
0,72,65,0,0.000554175,48.3574
0,73,65,0,0.00128169,48.3374
0,74,65,0,0.000371216,48.2838
0,75,65,0,0.00081351,48.2543
0,76,65,0,0.000389813,48.209
0,77,65,0,0.000658226,48.1811
0,78,65,0,0.000552825,48.1434
0,79,65,0,0.000462071,48.1064
0,80,65,0,0.000478609,48.0717
0,81,65,0,0.000569093,48.0442
0,82,65,0,0.00034776,48.0163
0,83,65,0,0.000654649,48.003
0,84,65,0,0.000810101,47.9849
0,85,65,0,0.000615634,47.9571
0,86,65,0,0.000997549,47.9399
0,87,65,0,0.000480128,47.9073
0,88,65,0,0.000571421,47.8898
0,89,65,0,0.000624443,47.8791
0,90,65,0,0.000483806,47.8663
0,91,65,0,0.000793564,47.8636
0,92,65,0,0.000779456,47.8507
0,93,65,0,0.000572231,47.8301
0,94,65,0,0.000827618,47.8143
0,95,65,0,0.000249008,47.7809
0,96,65,0,0.000864262,47.7728
0,97,65,0,0.00052488,47.7518
0,98,65,0,0.000503314,47.7412
0,99,65,0,0.000609255,47.7384
0,100,65,0,0.000509153,47.7354
0,101,65,0,0.000693461,47.7391
0,102,65,0,0.000658226,47.737
0,103,65,0,0.000649958,47.7365
0,104,65,0,0.000928631,47.7368
0,105,65,0,0.00093582,47.7198
0,106,65,0,0.000503584,47.6856
0,107,65,0,0.000664976,47.665
0,108,65,0,0.000536828,47.6412
0,109,65,0,0.000435105,47.6242
0,110,65,0,0.000685901,47.6197
0,111,65,0,0.000776048,47.6151
0,112,65,0,0.000608816,47.6002
0,113,65,0,0.000535579,47.5852
0,114,65,0,0.000854314,47.5734
0,115,65,0,0.000540608,47.541
0,116,65,0,0.000356569,47.5131
0,117,65,0,0.000278303,47.4974
0,118,65,0,0.000562883,47.4996
0,119,65,0,0.00075978,47.5016
0,120,65,0,0.00058779,47.4902
0,121,65,0,0.00046386,47.4768
0,122,65,0,0.000516071,47.4646
0,123,65,0,0.000730755,47.4509
0,124,65,0,0.00081513,47.4318
0,125,65,0,0.00063774,47.4084
0,126,65,0,0.000982901,47.3942
0,127,65,0,0.000362408,47.3604
0,128,65,0,0.000555517,47.3472
0,129,65,0,0.000417049,47.3357
0,130,65,0,0.000575201,47.3377
0,131,65,0,0.00105793,47.3428
0,132,65,0,0.000473479,47.3186
0,133,65,0,0.000568553,47.3066
0,134,65,0,0.000891608,47.2982
0,135,65,0,0.000826808,47.2822
0,136,65,0,0.00101976,47.2618
0,137,65,0,0.000733725,47.2159
0,138,65,0,0.000270304,47.1669
0,139,65,0,0.000244418,47.1405
0,140,65,0,0.000752051,47.1399
0,141,65,0,0.000317486,47.1291
0,142,65,0,0.000742534,47.1388
0,143,65,0,0.000995051,47.1422
0,144,65,0,0.000700279,47.1238
0,145,65,0,0.00081675,47.107
0,146,65,0,0.000634601,47.08
0,147,65,0,0.000656438,47.0557
0,148,65,0,0.000509153,47.0319
0,149,65,0,0.000476179,47.0173
0,150,65,0,0.000359809,47.0118
0,151,65,0,0.000591199,47.0206
0,152,65,0,0.000684754,47.0277
0,153,65,0,0.000442834,47.0255
0,154,65,0,0.0010175,47.0309
0,155,65,0,0.000578171,47.0042
0,156,65,0,0.000655358,46.9815
0,157,65,0,0.000691841,46.9566
0,158,65,0,0.000454241,46.9303
0,159,65,0,0.000507364,46.9173
0,160,65,0,0.000536009,46.9111
0,161,65,0,0.000370406,46.9114
0,162,65,0,0.000642499,46.9254
0,163,65,0,0.000671726,46.9315
0,164,65,0,0.000356299,46.9302
0,165,65,0,0.000717896,46.9471
0,166,65,0,0.000649958,46.9542
0,167,65,0,0.000663255,46.9624
0,168,65,0,0.0011424,46.9748
0,169,65,0,0.000750263,46.9611
0,170,65,0,0.000653738,46.9464
0,171,65,0,0.000637031,46.9298
0,172,65,0,0.000410569,46.9171
0,173,65,0,0.000848745,46.9236
0,174,65,0,0.00108105,46.9224
0,175,65,0,0.000678814,46.8984
0,176,65,0,0.000766159,46.8787
0,177,65,0,0.000541418,46.8548
0,178,65,0,0.00023814,46.8389
0,179,65,0,0.000914153,46.8481
0,180,65,0,0.000616444,46.8396
0,181,65,0,0.000747563,46.8357
0,182,65,0,0.00110241,46.8305
0,183,65,0,0.000559204,46.8031
0,184,65,0,0.000437265,46.7877
0,185,65,0,0.000603146,46.7817
0,186,65,0,0.000842805,46.7779
0,187,65,0,0.000656168,46.7637
0,188,65,0,0.00103997,46.7514
0,189,65,0,0.000393593,46.7144
0,190,65,0,0.000395651,46.6919
0,191,65,0,0.000749621,46.6823
0,192,65,0,0.000329054,46.6619
0,193,65,0,0.000749081,46.6628
0,194,65,0,0.00102225,46.6545
0,195,65,0,0.00046278,46.6258
0,196,65,0,0.000648439,46.6131
0,197,65,0,0.000356299,46.595
0,198,65,0,0.00023139,46.5889
0,199,65,0,0.000888638,46.6024
0,200,65,0,0.000416948,46.5884
0,201,65,0,0.000639799,46.584
0,202,65,0,0.000754751,46.5827
0,203,65,0,0.000838418,46.5787
0,204,65,0,0.000366728,46.5581
0,205,65,0,0.00041121,46.5521
0,206,65,0,0.000845404,46.5558
0,207,65,0,0.000462611,46.5368
0,208,65,0,0.000380295,46.5234
0,209,65,0,0.000602168,46.5248
0,210,65,0,0.000749891,46.5247
0,211,65,0,0.000346781,46.5152
0,212,65,0,0.000420998,46.5179
0,213,65,0,0.000546716,46.5262
0,214,65,0,0.000714218,46.5415
0,215,65,0,0.000721676,46.5526
0,216,65,0,0.000898155,46.5542
0,217,65,0,0.000543476,46.5395
0,218,65,0,0.000693461,46.5374
0,219,65,0,0.000969604,46.5359
0,220,65,0,0.00029133,46.5118
0,221,65,0,0.000730384,46.5074
0,222,65,0,0.000600548,46.4939
0,223,65,0,0.000898965,46.4812
0,224,65,0,0.000313867,46.4547
0,225,65,0,0.0010662,46.4535
0,226,65,0,0.000530989,46.4243
0,227,65,0,0.00034695,46.4
0,228,65,0,0.000428996,46.391
0,229,65,0,0.000299329,46.3856
0,230,65,0,0.000862481,46.3955
0,231,65,0,0.000356299,46.3872
0,232,65,0,0.000905985,46.3949
0,233,65,0,0.000826268,46.3834
0,234,65,0,0.000514721,46.3582
0,235,65,0,0.000676654,46.3397
0,236,65,0,0.000576383,46.3148
0,237,65,0,0.000136586,46.2901
0,238,65,0,0.00103106,46.2966
0,239,65,0,0.00046521,46.2739
0,240,65,0,0.000482828,46.2638
0,241,65,0,0.000513473,46.2579
0,242,65,0,0.000581276,46.2504
0,243,65,0,0.00051975,46.2394
0,244,65,0,0.000699199,46.2338
0,245,65,0,0.000501694,46.2207
0,246,65,0,0.000900146,46.2184
0,247,65,0,0.000633251,46.1949
0,248,65,0,0.000825289,46.173
0,249,65,0,0.000467809,46.1405
0,250,65,0,0.000770276,46.117
0,251,65,0,0.000223391,46.0782
0,252,65,0,0.000283601,46.0573
0,253,65,0,0.000544016,46.047
0,254,65,0,0.000613305,46.0305
0,255,65,0,0.000557314,46.0028
0,0,66,0,0.000892645,49.9451
0,1,66,0,0.000771998,49.9711
0,2,66,0,0.00058509,49.9845
0,3,66,0,0.000500614,49.9903
0,4,66,0,0.000498555,49.9963
0,5,66,0,0.000828799,50.0093
0,6,66,0,0.000424946,50.0085
0,7,66,0,0.0005238,50.0217
0,8,66,0,0.00093123,50.0405
0,9,66,0,0.000653839,50.0336
0,10,66,0,0.000515093,50.0186
0,11,66,0,0.00069795,50.0074
0,12,66,0,0.000558124,49.9909
0,13,66,0,0.000448673,49.9839
0,14,66,0,0.000881348,49.9949
0,15,66,0,0.00108192,49.9961
0,16,66,0,0.000682223,49.9671
0,17,66,0,0.00052623,49.9372
0,18,66,0,0.000801023,49.9155
0,19,66,0,0.000436455,49.8845
0,20,66,0,0.000596768,49.8666
0,21,66,0,0.000507904,49.8498
0,22,66,0,0.00104571,49.8487
0,23,66,0,0.000593089,49.8221
0,24,66,0,0.000499095,49.7994
0,25,66,0,0.00070119,49.7845
0,26,66,0,0.0010744,49.7739
0,27,66,0,0.00106198,49.7487
0,28,66,0,0.00113538,49.7095
0,29,66,0,0.00064422,49.648
0,30,66,0,0.00046575,49.5961
0,31,66,0,0.000602438,49.5611
0,32,66,0,0.000753022,49.5309
0,33,66,0,0.000547256,49.4881
0,34,66,0,0.000775778,49.444
0,35,66,0,0.000715736,49.3937
0,36,66,0,0.000253766,49.3389
0,37,66,0,0.000618064,49.3101
0,38,66,0,0.000591368,49.2794
0,39,66,0,0.000680434,49.2493
0,40,66,0,0.000543308,49.2157
0,41,66,0,0.000854753,49.1855
0,42,66,0,0.000823298,49.1358
0,43,66,0,0.000259335,49.0677
0,44,66,0,0.000677295,49.0238
0,45,66,0,0.00046494,48.9797
0,46,66,0,0.000920633,48.9533
0,47,66,0,0.000506993,48.9087
0,48,66,0,0.000391163,48.8674
0,49,66,0,0.000100643,48.8327
0,50,66,0,0.000863831,48.8237
0,51,66,0,0.000422888,48.7862
0,52,66,0,0.000194636,48.7535
0,53,66,0,0.00023571,48.7387
0,54,66,0,0.000705949,48.7416
0,55,66,0,0.000886376,48.745
0,56,66,0,0.000866093,48.7329
0,57,66,0,0.000713408,48.7084
0,58,66,0,0.000729675,48.681
0,59,66,0,0.000481478,48.6443
0,60,66,0,0.000311546,48.6074
0,61,66,0,0.000451643,48.585
0,62,66,0,0.000835448,48.5741
0,63,66,0,0.000727515,48.5497
0,64,66,0,0.000782485,48.5191
0,65,66,0,0.000639461,48.4798
0,66,66,0,0.00063855,48.4433
0,67,66,0,0.000222851,48.4055
0,68,66,0,0.000661298,48.3945
0,69,66,0,0.000655088,48.3843
0,70,66,0,0.00120434,48.381
0,71,66,0,0.000852019,48.3487
0,72,66,0,0.000778106,48.3081
0,73,66,0,0.000386674,48.2628
0,74,66,0,0.000620663,48.231
0,75,66,0,0.000808211,48.2021
0,76,66,0,0.000267975,48.1601
0,77,66,0,0.000916043,48.1442
0,78,66,0,0.00046602,48.1083
0,79,66,0,0.000900518,48.083
0,80,66,0,0.000301759,48.0367
0,81,66,0,0.000531529,48.0135
0,82,66,0,0.000772369,47.9953
0,83,66,0,0.000906255,47.9735
0,84,66,0,0.000722756,47.9405
0,85,66,0,0.000452723,47.904
0,86,66,0,0.00041202,47.8784
0,87,66,0,0.00040851,47.8593
0,88,66,0,0.00040635,47.8496
0,89,66,0,0.000811991,47.8512
0,90,66,0,0.000495855,47.8371
0,91,66,0,0.000783236,47.8329
0,92,66,0,0.000514721,47.8163
0,93,66,0,0.000519851,47.8012
0,94,66,0,0.000599096,47.785
0,95,66,0,0.000670005,47.7603
0,96,66,0,0.000227872,47.7308
0,97,66,0,0.000385594,47.7195
0,98,66,0,0.000646819,47.717
0,99,66,0,0.000524779,47.713
0,100,66,0,0.00063774,47.715
0,101,66,0,0.000852255,47.7183
0,102,66,0,0.000355219,47.7035
0,103,66,0,0.000550226,47.6995
0,104,66,0,0.000743513,47.6976
0,105,66,0,0.000661736,47.6836
0,106,66,0,0.000456401,47.6592
0,107,66,0,0.000824108,47.6472
0,108,66,0,0.000605205,47.6239
0,109,66,0,0.000677464,47.6098
0,110,66,0,0.00034884,47.5954
0,111,66,0,0.000674494,47.5968
0,112,66,0,0.000545096,47.5874
0,113,66,0,0.000805073,47.584
0,114,66,0,0.00087696,47.5683
0,115,66,0,0.000586609,47.538
0,116,66,0,0.000526939,47.5165
0,117,66,0,0.000590119,47.5099
0,118,66,0,0.00075924,47.5134
0,119,66,0,0.000736054,47.5096
0,120,66,0,0.000761029,47.5056
0,121,66,0,0.00103754,47.5048
0,122,66,0,0.0013091,47.4946
0,123,66,0,0.000891878,47.4613
0,124,66,0,0.000635411,47.4276
0,125,66,0,0.000442294,47.401
0,126,66,0,0.000801833,47.3881
0,127,66,0,0.000355759,47.3601
0,128,66,0,0.000688154,47.3506
0,129,66,0,0.000327544,47.3364
0,130,66,0,0.000828698,47.3469
0,131,66,0,0.0010449,47.3517
0,132,66,0,0.000746753,47.335
0,133,66,0,0.00109316,47.3206
0,134,66,0,0.000517151,47.2841
0,135,66,0,0.000492345,47.2585
0,136,66,0,0.000844324,47.2383
0,137,66,0,0.000438345,47.1949
0,138,66,0,0.000361969,47.1588
0,139,66,0,0.000330784,47.1367
0,140,66,0,0.000399263,47.1296
0,141,66,0,0.000532069,47.1262
0,142,66,0,0.00029241,47.1227
0,143,66,0,0.00106215,47.1372
0,144,66,0,0.000633791,47.1171
0,145,66,0,0.000515633,47.0982
0,146,66,0,0.000607196,47.0797
0,147,66,0,0.000607365,47.0583
0,148,66,0,0.000378135,47.0358
0,149,66,0,0.00052164,47.0306
0,150,66,0,0.000633791,47.0341
0,151,66,0,0.000507533,47.0408
0,152,66,0,0.000861874,47.0556
0,153,66,0,0.000827449,47.0561
0,154,66,0,0.00104308,47.0473
0,155,66,0,0.000541148,47.0116
0,156,66,0,0.000552285,46.9811
0,157,66,0,0.000467269,46.9495
0,158,66,0,0.000218633,46.9211
0,159,66,0,0.000459101,46.9129
0,160,66,0,0.000247818,46.9055
0,161,66,0,0.000474559,46.9128
0,162,66,0,0.000786004,46.9269
0,163,66,0,0.000636323,46.9282
0,164,66,0,0.000516983,46.9298
0,165,66,0,0.00063531,46.9413
0,166,66,0,0.000783405,46.9544
0,167,66,0,0.00082026,46.9626
0,168,66,0,0.000867071,46.9647
0,169,66,0,0.000622924,46.9559
0,170,66,0,0.00101014,46.951
0,171,66,0,0.000429266,46.9228
0,172,66,0,0.000388834,46.9072
0,173,66,0,0.000574931,46.9051
0,174,66,0,0.000633521,46.9002
0,175,66,0,0.000736324,46.8879
0,176,66,0,0.000599468,46.8688
0,177,66,0,0.000401591,46.8494
0,178,66,0,0.000711518,46.8426
0,179,66,0,0.000379485,46.828
0,180,66,0,0.000562714,46.8228
0,181,66,0,0.00052893,46.8138
0,182,66,0,0.000426938,46.7997
0,183,66,0,0.000213334,46.7842
0,184,66,0,0.000915874,46.7922
0,185,66,0,0.000418298,46.777
0,186,66,0,0.000523091,46.7667
0,187,66,0,0.000628391,46.755
0,188,66,0,0.000573581,46.7361
0,189,66,0,0.000331054,46.7084
0,190,66,0,0.000597308,46.6951
0,191,66,0,0.000422078,46.6775
0,192,66,0,0.000561794,46.6665
0,193,66,0,0.000739193,46.6602
0,194,66,0,0.000500344,46.6407
0,195,66,0,0.00046764,46.6212
0,196,66,0,0.000658868,46.6125
0,197,66,0,0.000492345,46.6006
0,198,66,0,0.000542936,46.6016
0,199,66,0,0.000901564,46.6121
0,200,66,0,0.00101588,46.6072
0,201,66,0,0.000386404,46.582
0,202,66,0,0.000330683,46.574
0,203,66,0,0.000783506,46.5807
0,204,66,0,0.000420188,46.5696
0,205,66,0,0.000543578,46.5702
0,206,66,0,0.00075546,46.5738
0,207,66,0,0.000625253,46.5573
0,208,66,0,0.000381915,46.5383
0,209,66,0,0.000671996,46.535
0,210,66,0,0.00052164,46.5283
0,211,66,0,0.000663086,46.5292
0,212,66,0,0.000970043,46.5371
0,213,66,0,0.000504124,46.5336
0,214,66,0,0.00063828,46.5489
0,215,66,0,0.00138584,46.5745
0,216,66,0,0.000663626,46.5585
0,217,66,0,0.000454073,46.5429
0,218,66,0,0.000373106,46.5369
0,219,66,0,0.000655898,46.54
0,220,66,0,0.00093582,46.5357
0,221,66,0,0.000592819,46.5165
0,222,66,0,0.000824749,46.5037
0,223,66,0,0.000497104,46.4789
0,224,66,0,0.000629092,46.4611
0,225,66,0,0.000554985,46.447
0,226,66,0,0.000715298,46.4332
0,227,66,0,0.000345971,46.4084
0,228,66,0,0.000536018,46.4029
0,229,66,0,0.000645199,46.4029
0,230,66,0,0.000340301,46.3975
0,231,66,0,0.000843885,46.4052
0,232,66,0,0.000670275,46.4019
0,233,66,0,0.000845235,46.3943
0,234,66,0,0.000557314,46.3714
0,235,66,0,0.000881719,46.3554
0,236,66,0,0.000418129,46.3227
0,237,66,0,0.00052839,46.3039
0,238,66,0,0.000419378,46.2872
0,239,66,0,0.000283601,46.2686
0,240,66,0,0.000501255,46.2636
0,241,66,0,0.000423158,46.2571
0,242,66,0,0.000694238,46.2551
0,243,66,0,0.000362408,46.2357
0,244,66,0,0.000718436,46.2319
0,245,66,0,0.000549315,46.2172
0,246,66,0,0.000730755,46.2083
0,247,66,0,0.000541958,46.1833
0,248,66,0,0.00029214,46.1502
0,249,66,0,0.000401861,46.1256
0,250,66,0,0.000659408,46.1081
0,251,66,0,0.000521741,46.0833
0,252,66,0,0.000475099,46.0644
0,253,66,0,0.00069795,46.0519
0,254,66,0,0.000844965,46.0304
0,255,66,0,0.000484076,45.9904
0,0,67,0,0.000363108,49.7059
0,1,67,0,0.000296089,49.7329
0,2,67,0,0.00064449,49.7659
0,3,67,0,0.00106269,49.7922
0,4,67,0,0.000554985,49.792
0,5,67,0,0.000625253,49.7983
0,6,67,0,0.000458291,49.8013
0,7,67,0,0.000611415,49.817
0,8,67,0,0.00107052,49.8383
0,9,67,0,0.00110467,49.8374
0,10,67,0,0.00075627,49.813
0,11,67,0,0.000419378,49.7866
0,12,67,0,0.000553095,49.7726
0,13,67,0,0.000373815,49.7614
0,14,67,0,0.000511583,49.767
0,15,67,0,0.000959074,49.7748
0,16,67,0,0.000798424,49.7569
0,17,67,0,0.000558934,49.7303
0,18,67,0,0.000767779,49.7113
0,19,67,0,0.000860524,49.6867
0,20,67,0,0.0002916,49.6478
0,21,67,0,0.000265275,49.6266
0,22,67,0,0.000676654,49.6239
0,23,67,0,0.000687353,49.6126
0,24,67,0,0.00099981,49.6015
0,25,67,0,0.000340841,49.5696
0,26,67,0,0.000781616,49.5599
0,27,67,0,0.000740711,49.5377
0,28,67,0,0.000728224,49.5055
0,29,67,0,0.000632171,49.4639
0,30,67,0,0.000626873,49.4247
0,31,67,0,0.000566494,49.3916
0,32,67,0,0.00102852,49.3697
0,33,67,0,0.001083,49.3278
0,34,67,0,0.000457481,49.2635
0,35,67,0,0.000661635,49.215
0,36,67,0,0.000369866,49.1636
0,37,67,0,0.000395381,49.1275
0,38,67,0,0.000731734,49.1026
0,39,67,0,0.000418028,49.0642
0,40,67,0,0.000503213,49.0314
0,41,67,0,0.000861941,49.0032
0,42,67,0,0.000802271,48.9568
0,43,67,0,0.000555525,48.8972
0,44,67,0,0.0004131,48.8395
0,45,67,0,6.46987e-05,48.7866
0,46,67,0,0.000483266,48.7593
0,47,67,0,0.000305809,48.7225
0,48,67,0,0.000339221,48.6908
0,49,67,0,0.000204255,48.6665
0,50,67,0,0.000850973,48.6612
0,51,67,0,0.00046656,48.6293
0,52,67,0,0.000503584,48.6023
0,53,67,0,0.00046224,48.578
0,54,67,0,0.000181339,48.558
0,55,67,0,0.00034506,48.5556
0,56,67,0,0.000726536,48.5569
0,57,67,0,0.000434835,48.5393
0,58,67,0,0.000544016,48.5253
0,59,67,0,0.0009909,48.5146
0,60,67,0,0.000725355,48.4818
0,61,67,0,0.000499804,48.4476
0,62,67,0,0.000710809,48.427
0,63,67,0,0.00063963,48.4005
0,64,67,0,0.000478938,48.3703
0,65,67,0,0.000705139,48.3459
0,66,67,0,0.000596498,48.3131
0,67,67,0,0.000557044,48.2835
0,68,67,0,0.000538988,48.26
0,69,67,0,0.000553905,48.2424
0,70,67,0,0.000828968,48.2299
0,71,67,0,0.000868219,48.2003
0,72,67,0,0.000440674,48.152
0,73,67,0,0.000331594,48.1106
0,74,67,0,0.000531259,48.0818
0,75,67,0,0.000530179,48.0543
0,76,67,0,0.000481748,48.0274
0,77,67,0,0.000588499,48.0078
0,78,67,0,0.000712058,47.9873
0,79,67,0,0.00103197,47.9646
0,80,67,0,0.000362948,47.9179
0,81,67,0,0.000876319,47.8971
0,82,67,0,0.000724545,47.8656
0,83,67,0,0.000447154,47.8285
0,84,67,0,0.000411379,47.7955
0,85,67,0,0.00035019,47.7665
0,86,67,0,0.000368348,47.7475
0,87,67,0,0.00040797,47.7365
0,88,67,0,0.000502504,47.7317
0,89,67,0,0.000797344,47.7322
0,90,67,0,0.000485426,47.7182
0,91,67,0,0.000484988,47.7089
0,92,67,0,0.000702709,47.7055
0,93,67,0,0.000863123,47.7009
0,94,67,0,0.000976894,47.6851
0,95,67,0,0.000456131,47.6501
0,96,67,0,0.000402562,47.6267
0,97,67,0,0.000724646,47.6179
0,98,67,0,0.000295819,47.5999
0,99,67,0,0.00064395,47.6009
0,100,67,0,0.000513371,47.5984
0,101,67,0,0.000739024,47.604
0,102,67,0,0.000973215,47.6022
0,103,67,0,0.000399971,47.5794
0,104,67,0,0.000443104,47.5711
0,105,67,0,0.000977569,47.5705
0,106,67,0,0.000513203,47.5445
0,107,67,0,0.00069903,47.5276
0,108,67,0,0.000211714,47.4998
0,109,67,0,0.000505204,47.4954
0,110,67,0,0.000614385,47.4941
0,111,67,0,0.00106144,47.5001
0,112,67,0,0.000474829,47.4845
0,113,67,0,0.00108813,47.4859
0,114,67,0,0.000623093,47.459
0,115,67,0,0.000517961,47.4324
0,116,67,0,0.000382894,47.4147
0,117,67,0,0.000599198,47.4162
0,118,67,0,0.00116164,47.4281
0,119,67,0,0.000550226,47.4082
0,120,67,0,0.000731565,47.4009
0,121,67,0,0.000885668,47.3917
0,122,67,0,0.000572501,47.3662
0,123,67,0,0.00040986,47.3369
0,124,67,0,0.000420559,47.3159
0,125,67,0,0.000689141,47.305
0,126,67,0,0.00058077,47.2907
0,127,67,0,0.000703991,47.276
0,128,67,0,0.000694432,47.2606
0,129,67,0,0.000570713,47.2456
0,130,67,0,0.000590659,47.242
0,131,67,0,0.000766699,47.2425
0,132,67,0,0.00093582,47.2351
0,133,67,0,0.000749183,47.2094
0,134,67,0,0.000414619,47.1745
0,135,67,0,0.000648709,47.1542
0,136,67,0,0.00075168,47.1325
0,137,67,0,0.000480735,47.0981
0,138,67,0,0.000517523,47.0742
0,139,67,0,0.000480128,47.0591
0,140,67,0,0.00082296,47.0572
0,141,67,0,0.000663795,47.0461
0,142,67,0,0.000428186,47.0343
0,143,67,0,0.000828968,47.0362
0,144,67,0,0.000276413,47.0145
0,145,67,0,0.000891506,47.0146
0,146,67,0,0.000680974,46.9959
0,147,67,0,0.000599636,46.9737
0,148,67,0,0.0003483,46.9536
0,149,67,0,0.000533318,46.9514
0,150,67,0,0.000561364,46.9562
0,151,67,0,0.000890426,46.972
0,152,67,0,0.000970043,46.9809
0,153,67,0,0.00108597,46.9798
0,154,67,0,0.000707704,46.956
0,155,67,0,0.000702743,46.9303
0,156,67,0,0.000688871,46.9024
0,157,67,0,0.000444184,46.8696
0,158,67,0,0.000303278,46.8464
0,159,67,0,0.000571151,46.8415
0,160,67,0,0.000806853,46.8404
0,161,67,0,0.000568013,46.8331
0,162,67,0,0.000651308,46.8344
0,163,67,0,0.00041256,46.83
0,164,67,0,0.000598658,46.8353
0,165,67,0,0.000470239,46.8386
0,166,67,0,0.000540506,46.8456
0,167,67,0,0.000656438,46.8504
0,168,67,0,0.000305978,46.844
0,169,67,0,0.000790425,46.8517
0,170,67,0,0.000748541,46.8457
0,171,67,0,0.000643579,46.8308
0,172,67,0,0.000577631,46.817
0,173,67,0,0.000625894,46.8083
0,174,67,0,0.000749453,46.7991
0,175,67,0,0.000424778,46.7799
0,176,67,0,0.000611314,46.7714
0,177,67,0,0.000749081,46.7638
0,178,67,0,0.000799403,46.7544
0,179,67,0,0.000535039,46.7375
0,180,67,0,0.00064719,46.7313
0,181,67,0,0.00076464,46.7254
0,182,67,0,0.000667946,46.7116
0,183,67,0,0.000286031,46.6946
0,184,67,0,0.000684113,46.7014
0,185,67,0,0.00113943,46.7049
0,186,67,0,0.000580871,46.6824
0,187,67,0,0.000661298,46.6676
0,188,67,0,0.000818809,46.6539
0,189,67,0,0.000486236,46.6297
0,190,67,0,0.000654008,46.6183
0,191,67,0,0.000648878,46.6004
0,192,67,0,0.000377485,46.5795
0,193,67,0,0.000670545,46.5721
0,194,67,0,0.000706658,46.555
0,195,67,0,0.000239659,46.5281
0,196,67,0,0.000483638,46.5193
0,197,67,0,0.000294739,46.5097
0,198,67,0,0.000692921,46.5161
0,199,67,0,0.000583639,46.514
0,200,67,0,0.000665786,46.5087
0,201,67,0,0.000380396,46.4926
0,202,67,0,0.00052029,46.492
0,203,67,0,0.000656438,46.4984
0,204,67,0,0.000609255,46.499
0,205,67,0,0.000620224,46.5032
0,206,67,0,0.00132644,46.5171
0,207,67,0,0.000611955,46.4901
0,208,67,0,0.000671895,46.4691
0,209,67,0,0.000479048,46.451
0,210,67,0,0.0005751,46.4408
0,211,67,0,0.000391703,46.4301
0,212,67,0,0.000412189,46.4284
0,213,67,0,0.000417049,46.4312
0,214,67,0,0.000381375,46.4408
0,215,67,0,0.000735075,46.4603
0,216,67,0,0.000707839,46.4633
0,217,67,0,0.000690491,46.4628
0,218,67,0,0.000911824,46.4675
0,219,67,0,0.000841455,46.4608
0,220,67,0,0.000725085,46.445
0,221,67,0,0.000616545,46.4255
0,222,67,0,0.000691841,46.4112
0,223,67,0,0.000642769,46.391
0,224,67,0,0.000301379,46.3663
0,225,67,0,0.000478778,46.3587
0,226,67,0,0.000837675,46.3555
0,227,67,0,0.000321705,46.3318
0,228,67,0,0.000338411,46.3251
0,229,67,0,0.00086643,46.3344
0,230,67,0,0.000674595,46.3275
0,231,67,0,0.000376346,46.3159
0,232,67,0,0.000742973,46.3168
0,233,67,0,0.000679084,46.3062
0,234,67,0,0.000699199,46.2895
0,235,67,0,0.00064071,46.2683
0,236,67,0,0.000422078,46.2442
0,237,67,0,0.00075681,46.2358
0,238,67,0,0.000764539,46.2222
0,239,67,0,0.000392513,46.1991
0,240,67,0,0.000591908,46.1932
0,241,67,0,0.000531799,46.1874
0,242,67,0,0.0011797,46.1892
0,243,67,0,0.000194096,46.1512
0,244,67,0,0.000723195,46.1425
0,245,67,0,0.000257816,46.1212
0,246,67,0,0.000647798,46.1193
0,247,67,0,0.000946418,46.1078
0,248,67,0,0.000566123,46.0722
0,249,67,0,0.000418939,46.0396
0,250,67,0,0.000319646,46.0142
0,251,67,0,0.00046548,45.9996
0,252,67,0,0.00070713,45.9897
0,253,67,0,0.000649688,45.9685
0,254,67,0,0.000420998,45.9366
0,255,67,0,0.000167771,45.9001
0,0,68,0,0.000225982,49.4259
0,1,68,0,0.000312086,49.4478
0,2,68,0,0.000300139,49.4679
0,3,68,0,0.000304358,49.4849
0,4,68,0,0.00040878,49.4973
0,5,68,0,0.000421808,49.5047
0,6,68,0,0.000305809,49.5074
0,7,68,0,0.000376785,49.5145
0,8,68,0,0.000272194,49.5179
0,9,68,0,0.00052272,49.5192
0,10,68,0,0.000215663,49.5008
0,11,68,0,0.000313166,49.4863
0,12,68,0,0.00023463,49.4709
0,13,68,0,0,49.458
0,14,68,0,0.000433046,49.4643
0,15,68,0,0.000390623,49.4604
0,16,68,0,0.000295279,49.4462
0,17,68,0,0.000445703,49.4304
0,18,68,0,0.000160583,49.4055
0,19,68,0,0.000448504,49.3885
0,20,68,0,0.000251876,49.3599
0,21,68,0,0.00023193,49.3368
0,22,68,0,0.000143775,49.3182
0,23,68,0,0.0001161,49.3032
0,24,68,0,0.000404561,49.2933
0,25,68,0,8.20462e-05,49.2683
0,26,68,0,0.000305438,49.2557
0,27,68,0,0.000383366,49.2384
0,28,68,0,0.000397811,49.2139
0,29,68,0,0.000430076,49.1842
0,30,68,0,0.000380835,49.1513
0,31,68,0,0.000375536,49.1202
0,32,68,0,0.000609348,49.0921
0,33,68,0,0.000450293,49.0464
0,34,68,0,0.000124099,48.99
0,35,68,0,0.000158153,48.9457
0,36,68,0,0.000398621,48.9099
0,37,68,0,0.000136586,48.8703
0,38,68,0,0.000427106,48.8448
0,39,68,0,0.00052164,48.8122
0,40,68,0,0.000237229,48.7682
0,41,68,0,0.000208474,48.7275
0,42,68,0,0.000130478,48.6841
0,43,68,0,0.000434565,48.6438
0,44,68,0,8.7885e-05,48.5896
0,45,68,0,0,48.5447
0,46,68,0,0.000208474,48.5164
0,47,68,0,0.000320726,48.4882
0,48,68,0,0,48.4553
0,49,68,0,0.000383805,48.4412
0,50,68,0,0.000369596,48.4231
0,51,68,0,0.000280463,48.3978
0,52,68,0,0.000414619,48.3748
0,53,68,0,0.000153124,48.3445
0,54,68,0,2.8755e-05,48.3218
0,55,68,0,0.00017253,48.3141
0,56,68,0,0.000283331,48.3105
0,57,68,0,0.000491096,48.3039
0,58,68,0,0.000217553,48.286
0,59,68,0,0.00058725,48.2771
0,60,68,0,0.000562883,48.2515
0,61,68,0,0.000151504,48.2129
0,62,68,0,0.000198146,48.1867
0,63,68,0,0.000296899,48.1652
0,64,68,0,0.000318895,48.1434
0,65,68,0,0.000573581,48.1241
0,66,68,0,0.000205335,48.0906
0,67,68,0,0.000547155,48.0692
0,68,68,0,0.000262845,48.0371
0,69,68,0,0.000242629,48.011
0,70,68,0,0.000315866,47.9879
0,71,68,0,0.00028836,47.9578
0,72,68,0,0.00017523,47.9213
0,73,68,0,0.000352249,47.8903
0,74,68,0,4.31325e-05,47.8538
0,75,68,0,0.000137396,47.8297
0,76,68,0,0.000396023,47.8122
0,77,68,0,0.000247928,47.7875
0,78,68,0,0.000374456,47.7652
0,79,68,0,0.000263925,47.7347
0,80,68,0,0.00017577,47.6995
0,81,68,0,0.000129398,47.6687
0,82,68,0,9.34538e-05,47.6391
0,83,68,0,0.000191768,47.6128
0,84,68,0,0.000150964,47.5859
0,85,68,0,5.778e-05,47.5624
0,86,68,0,0.000197336,47.5508
0,87,68,0,0.000443104,47.5454
0,88,68,0,0.000252248,47.5318
0,89,68,0,9.34538e-05,47.5211
0,90,68,0,0.000564334,47.5213
0,91,68,0,0.000249548,47.5049
0,92,68,0,8.8965e-05,47.4923
0,93,68,0,0.000537908,47.4919
0,94,68,0,0.00029268,47.4733
0,95,68,0,0.000254306,47.4529
0,96,68,0,0.00034819,47.4383
0,97,68,0,0.00041175,47.4257
0,98,68,0,0.000194096,47.4079
0,99,68,0,0.00028917,47.4004
0,100,68,0,0.000130748,47.3922
0,101,68,0,0.000312086,47.394
0,102,68,0,0.000497813,47.3927
0,103,68,0,0.000225821,47.3764
0,104,68,0,0.000344351,47.3677
0,105,68,0,0.000378371,47.3575
0,106,68,0,0.000219983,47.3386
0,107,68,0,0.000364028,47.3251
0,108,68,0,0.000122209,47.3059
0,109,68,0,0.000487148,47.3025
0,110,68,0,0.000155284,47.2882
0,111,68,0,0.000125179,47.2819
0,112,68,0,0.000400781,47.2815
0,113,68,0,0.000429266,47.2751
0,114,68,0,0.00040635,47.2581
0,115,68,0,0.000158423,47.2348
0,116,68,0,0.000287111,47.2229
0,117,68,0,3.72938e-05,47.2143
0,118,68,0,0.000777128,47.2252
0,119,68,0,0.000155824,47.2023
0,120,68,0,0.000305708,47.1908
0,121,68,0,0.000222851,47.1762
0,122,68,0,0.000401051,47.1622
0,123,68,0,0.000191768,47.1396
0,124,68,0,0.000315866,47.1256
0,125,68,0,0.00023247,47.1133
0,126,68,0,0.000646819,47.1092
0,127,68,0,0.000376515,47.0881
0,128,68,0,0.000229492,47.0661
0,129,68,0,0.000131018,47.0491
0,130,68,0,0.000310028,47.0427
0,131,68,0,0.000187718,47.0335
0,132,68,0,0.000518231,47.0282
0,133,68,0,0.000280631,47.0041
0,134,68,0,0.000226901,46.9783
0,135,68,0,0.000184579,46.9563
0,136,68,0,0.000371216,46.9387
0,137,68,0,0.000106515,46.9119
0,138,68,0,0.000263655,46.8973
0,139,68,0,0.000330683,46.8866
0,140,68,0,0.000308408,46.8774
0,141,68,0,0.000355759,46.8687
0,142,68,0,0.000265984,46.8587
0,143,68,0,0.000577091,46.8557
0,144,68,0,8.7615e-05,46.8344
0,145,68,0,0.000448133,46.8312
0,146,68,0,0.000434396,46.8176
0,147,68,0,0.000123559,46.7963
0,148,68,0,0.000396461,46.7891
0,149,68,0,0.000312086,46.7806
0,150,68,0,0.000129398,46.7744
0,151,68,0,0.000394943,46.7805
0,152,68,0,0.000129398,46.7768
0,153,68,0,0.000529369,46.7799
0,154,68,0,0.000273274,46.7631
0,155,68,0,0.000367436,46.7479
0,156,68,0,0.000439695,46.7303
0,157,68,0,0.000254576,46.7075
0,158,68,0,0.000527749,46.6959
0,159,68,0,0.000331763,46.6788
0,160,68,0,0.000208195,46.6641
0,161,68,0,5.03213e-05,46.6532
0,162,68,0,0.000319815,46.6561
0,163,68,0,0.000251606,46.6546
0,164,68,0,0.000262035,46.6566
0,165,68,0,0.000373916,46.6612
0,166,68,0,0.000333653,46.6625
0,167,68,0,0.000388463,46.6626
0,168,68,0,0.000216743,46.6558
0,169,68,0,0.000367538,46.6549
0,170,68,0,0.000136586,46.6448
0,171,68,0,0.000374355,46.6412
0,172,68,0,0.000341111,46.6315
0,173,68,0,0.000332303,46.6198
0,174,68,0,0.000200576,46.6045
0,175,68,0,0.000203175,46.5912
0,176,68,0,0.000280361,46.5815
0,177,68,0,0.000146475,46.5685
0,178,68,0,0.000224471,46.5594
0,179,68,0,0.000137396,46.5478
0,180,68,0,0.000238579,46.5426
0,181,68,0,0.000262305,46.5369
0,182,68,0,0.000309116,46.5298
0,183,68,0,0.000309488,46.5211
0,184,68,0,0.000285491,46.5145
0,185,68,0,0.000202095,46.5062
0,186,68,0,0.00040689,46.4975
0,187,68,0,0.000136586,46.479
0,188,68,0,0.000248468,46.4677
0,189,68,0,0.000143775,46.4555
0,190,68,0,0.000744053,46.4565
0,191,68,0,0.000261225,46.432
0,192,68,0,0.000249168,46.4139
0,193,68,0,0.000418669,46.4023
0,194,68,0,0.000138746,46.3816
0,195,68,0,0.000339761,46.3698
0,196,68,0,0.000265984,46.3576
0,197,68,0,0.000265984,46.3485
0,198,68,0,0.000255116,46.3427
0,199,68,0,0.000179719,46.3359
0,200,68,0,0.000328354,46.3318
0,201,68,0,6.71287e-05,46.3196
0,202,68,0,0.000123829,46.3198
0,203,68,0,0.000427916,46.3296
0,204,68,0,0.000414889,46.3304
0,205,68,0,0.00011502,46.325
0,206,68,0,0.000534499,46.3325
0,207,68,0,0.000542498,46.3203
0,208,68,0,4.31325e-05,46.2932
0,209,68,0,0.000295549,46.2821
0,210,68,0,0.000208474,46.2692
0,211,68,0,0.000154204,46.2584
0,212,68,0,6.46988e-05,46.2524
0,213,68,0,0.000211444,46.2562
0,214,68,0,0.00017658,46.2604
0,215,68,0,0.000255926,46.2675
0,216,68,0,0.000160853,46.268
0,217,68,0,5.886e-05,46.2688
0,218,68,0,0.000536288,46.28
0,219,68,0,0.000399701,46.2713
0,220,68,0,0.000185659,46.2518
0,221,68,0,0,46.2327
0,222,68,0,0.000243979,46.2259
0,223,68,0,0.000372296,46.216
0,224,68,0,9.07453e-05,46.1974
0,225,68,0,0.000273173,46.1926
0,226,68,0,0.000416948,46.1895
0,227,68,0,0.000344081,46.1782
0,228,68,0,0.000313166,46.1696
0,229,68,0,0.000219713,46.1646
0,230,68,0,0.000571523,46.1652
0,231,68,0,0.000216304,46.1495
0,232,68,0,0.000358999,46.142
0,233,68,0,0.000284411,46.1279
0,234,68,0,0.000243979,46.1105
0,235,68,0,0.000165611,46.0911
0,236,68,0,0.000161663,46.0743
0,237,68,0,9.50737e-05,46.0624
0,238,68,0,0.000482456,46.0591
0,239,68,0,0.000147285,46.0406
0,240,68,0,0.000333383,46.0339
0,241,68,0,0.000300949,46.025
0,242,68,0,0.000515093,46.0163
0,243,68,0,9.34537e-05,45.9863
0,244,68,0,9.34537e-05,45.9677
0,245,68,0,4.47525e-05,45.9537
0,246,68,0,0.000452891,45.9517
0,247,68,0,0.000317925,45.9331
0,248,68,0,0.00011664,45.904
0,249,68,0,0.000166961,45.8791
0,250,68,0,5.22112e-05,45.8551
0,251,68,0,4.31325e-05,45.8388
0,252,68,0,0.000299059,45.8295
0,253,68,0,5.751e-05,45.8081
0,254,68,0,0.00023328,45.7911
0,255,68,0,0.000129398,45.769
0,0,69,0,1.24031e-06,49.117
0,1,69,0,0,49.1279
0,2,69,0,0,49.1394
0,3,69,0,0,49.1498
0,4,69,0,0,49.1582
0,5,69,0,0,49.164
0,6,69,0,0,49.1676
0,7,69,0,0,49.1701
0,8,69,0,0,49.1703
0,9,69,0,0,49.1672
0,10,69,0,0,49.1588
0,11,69,0,0,49.1489
0,12,69,0,0,49.1387
0,13,69,0,0,49.1297
0,14,69,0,0,49.1235
0,15,69,0,0,49.1151
0,16,69,0,0,49.1031
0,17,69,0,0,49.0883
0,18,69,0,0,49.0706
0,19,69,0,0,49.0524
0,20,69,0,0,49.0322
0,21,69,0,0,49.0126
0,22,69,0,0,48.9944
0,23,69,0,0,48.9775
0,24,69,0,0,48.9609
0,25,69,0,0,48.9419
0,26,69,0,0,48.9235
0,27,69,0,0,48.9031
0,28,69,0,0,48.8795
0,29,69,0,0,48.853
0,30,69,0,0,48.8241
0,31,69,0,0,48.7939
0,32,69,0,1.24031e-06,48.7617
0,33,69,0,0,48.7245
0,34,69,0,0,48.6843
0,35,69,0,0,48.6459
0,36,69,0,0,48.61
0,37,69,0,0,48.5751
0,38,69,0,0,48.5425
0,39,69,0,0,48.5085
0,40,69,0,0,48.4718
0,41,69,0,0,48.4344
0,42,69,0,0,48.3962
0,43,69,0,0,48.3579
0,44,69,0,0,48.3183
0,45,69,0,0,48.2817
0,46,69,0,0,48.2502
0,47,69,0,0,48.2214
0,48,69,0,0,48.1944
0,49,69,0,0,48.1718
0,50,69,0,0,48.1498
0,51,69,0,0,48.127
0,52,69,0,0,48.1045
0,53,69,0,0,48.082
0,54,69,0,0,48.0626
0,55,69,0,0,48.0476
0,56,69,0,0,48.0347
0,57,69,0,0,48.0211
0,58,69,0,0,48.0049
0,59,69,0,0,47.9876
0,60,69,0,0,47.9656
0,61,69,0,0,47.9401
0,62,69,0,0,47.9159
0,63,69,0,0,47.893
0,64,69,0,1.24031e-06,47.8703
0,65,69,0,0,47.8471
0,66,69,0,0,47.8216
0,67,69,0,0,47.7968
0,68,69,0,0,47.7705
0,69,69,0,0,47.7447
0,70,69,0,0,47.7189
0,71,69,0,0,47.6913
0,72,69,0,0,47.6622
0,73,69,0,0,47.6336
0,74,69,0,0,47.6053
0,75,69,0,0,47.58
0,76,69,0,0,47.5568
0,77,69,0,0,47.5328
0,78,69,0,0,47.5083
0,79,69,0,0,47.4818
0,80,69,0,0,47.454
0,81,69,0,0,47.4271
0,82,69,0,0,47.4013
0,83,69,0,0,47.3773
0,84,69,0,0,47.3549
0,85,69,0,0,47.3354
0,86,69,0,0,47.3201
0,87,69,0,0,47.3075
0,88,69,0,0,47.2952
0,89,69,0,0,47.284
0,90,69,0,0,47.2744
0,91,69,0,0,47.2627
0,92,69,0,0,47.2512
0,93,69,0,0,47.2409
0,94,69,0,0,47.2274
0,95,69,0,0,47.2128
0,96,69,0,1.24031e-06,47.1992
0,97,69,0,0,47.1863
0,98,69,0,0,47.1738
0,99,69,0,0,47.1639
0,100,69,0,0,47.1555
0,101,69,0,0,47.149
0,102,69,0,0,47.1417
0,103,69,0,0,47.1314
0,104,69,0,0,47.121
0,105,69,0,0,47.1097
0,106,69,0,0,47.0966
0,107,69,0,0,47.0839
0,108,69,0,0,47.0712
0,109,69,0,0,47.0613
0,110,69,0,0,47.051
0,111,69,0,0,47.0423
0,112,69,0,0,47.0346
0,113,69,0,0,47.0252
0,114,69,0,0,47.0128
0,115,69,0,0,46.999
0,116,69,0,0,46.9876
0,117,69,0,0,46.9782
0,118,69,0,0,46.9712
0,119,69,0,0,46.959
0,120,69,0,0,46.9467
0,121,69,0,0,46.9334
0,122,69,0,0,46.9193
0,123,69,0,0,46.904
0,124,69,0,0,46.8901
0,125,69,0,0,46.8772
0,126,69,0,0,46.8651
0,127,69,0,0,46.85
0,128,69,0,1.24031e-06,46.8343
0,129,69,0,0,46.82
0,130,69,0,0,46.808
0,131,69,0,0,46.796
0,132,69,0,0,46.7832
0,133,69,0,0,46.7662
0,134,69,0,0,46.7476
0,135,69,0,0,46.7292
0,136,69,0,0,46.7116
0,137,69,0,0,46.6939
0,138,69,0,0,46.6791
0,139,69,0,0,46.6666
0,140,69,0,0,46.6556
0,141,69,0,0,46.6453
0,142,69,0,0,46.6353
0,143,69,0,0,46.6259
0,144,69,0,0,46.6141
0,145,69,0,0,46.6042
0,146,69,0,0,46.5929
0,147,69,0,0,46.5807
0,148,69,0,0,46.5713
0,149,69,0,0,46.5633
0,150,69,0,0,46.5571
0,151,69,0,0,46.5532
0,152,69,0,0,46.5482
0,153,69,0,0,46.5423
0,154,69,0,0,46.5318
0,155,69,0,0,46.5195
0,156,69,0,0,46.5057
0,157,69,0,0,46.4912
0,158,69,0,0,46.4785
0,159,69,0,0,46.4662
0,160,69,0,1.24031e-06,46.4555
0,161,69,0,0,46.4475
0,162,69,0,0,46.4434
0,163,69,0,0,46.4405
0,164,69,0,0,46.439
0,165,69,0,0,46.4382
0,166,69,0,0,46.4367
0,167,69,0,0,46.4342
0,168,69,0,0,46.4298
0,169,69,0,0,46.4251
0,170,69,0,0,46.4186
0,171,69,0,0,46.4118
0,172,69,0,0,46.4033
0,173,69,0,0,46.3934
0,174,69,0,0,46.3824
0,175,69,0,0,46.3716
0,176,69,0,0,46.3614
0,177,69,0,0,46.3511
0,178,69,0,0,46.3417
0,179,69,0,0,46.3326
0,180,69,0,0,46.3249
0,181,69,0,0,46.3175
0,182,69,0,0,46.3098
0,183,69,0,0,46.3017
0,184,69,0,0,46.2935
0,185,69,0,0,46.2846
0,186,69,0,0,46.2747
0,187,69,0,0,46.263
0,188,69,0,0,46.2519
0,189,69,0,0,46.2412
0,190,69,0,0,46.2314
0,191,69,0,0,46.2176
0,192,69,0,1.24031e-06,46.2038
0,193,69,0,0,46.1907
0,194,69,0,0,46.1772
0,195,69,0,0,46.1654
0,196,69,0,0,46.1549
0,197,69,0,0,46.146
0,198,69,0,0,46.1386
0,199,69,0,0,46.1319
0,200,69,0,0,46.126
0,201,69,0,0,46.1202
0,202,69,0,0,46.1175
0,203,69,0,0,46.1169
0,204,69,0,0,46.1152
0,205,69,0,0,46.1117
0,206,69,0,0,46.1081
0,207,69,0,0,46.0997
0,208,69,0,0,46.0877
0,209,69,0,0,46.0774
0,210,69,0,0,46.0681
0,211,69,0,0,46.0605
0,212,69,0,0,46.0557
0,213,69,0,0,46.0542
0,214,69,0,0,46.0542
0,215,69,0,0,46.055
0,216,69,0,0,46.0547
0,217,69,0,0,46.0539
0,218,69,0,0,46.0527
0,219,69,0,0,46.0465
0,220,69,0,0,46.0362
0,221,69,0,0,46.025
0,222,69,0,0,46.0155
0,223,69,0,0,46.0058
0,224,69,0,1.24031e-06,45.9953
0,225,69,0,0,45.9872
0,226,69,0,0,45.98
0,227,69,0,0,45.9718
0,228,69,0,0,45.9639
0,229,69,0,0,45.9569
0,230,69,0,0,45.95
0,231,69,0,0,45.9402
0,232,69,0,0,45.93
0,233,69,0,0,45.918
0,234,69,0,0,45.9045
0,235,69,0,0,45.8904
0,236,69,0,0,45.877
0,237,69,0,0,45.8653
0,238,69,0,0,45.8552
0,239,69,0,0,45.8433
0,240,69,0,0,45.8328
0,241,69,0,0,45.8217
0,242,69,0,0,45.809
0,243,69,0,0,45.7925
0,244,69,0,0,45.7771
0,245,69,0,0,45.7634
0,246,69,0,0,45.7511
0,247,69,0,0,45.7353
0,248,69,0,0,45.7166
0,249,69,0,0,45.6979
0,250,69,0,0,45.6803
0,251,69,0,0,45.6652
0,252,69,0,0,45.652
0,253,69,0,0,45.6379
0,254,69,0,0,45.625
0,255,69,0,0,45.6134
0,0,70,0,1.24031e-06,48.8132
0,1,70,0,0,48.8187
0,2,70,0,0,48.825
0,3,70,0,0,48.8311
0,4,70,0,0,48.8362
0,5,70,0,0,48.8399
0,6,70,0,0,48.8421
0,7,70,0,0,48.8427
0,8,70,0,0,48.8414
0,9,70,0,0,48.8379
0,10,70,0,0,48.832
0,11,70,0,0,48.8245
0,12,70,0,0,48.8163
0,13,70,0,0,48.8077
0,14,70,0,0,48.7991
0,15,70,0,0,48.7892
0,16,70,0,0,48.7776
0,17,70,0,0,48.7641
0,18,70,0,0,48.7489
0,19,70,0,0,48.7325
0,20,70,0,0,48.7153
0,21,70,0,0,48.6977
0,22,70,0,0,48.6803
0,23,70,0,0,48.6629
0,24,70,0,0,48.6451
0,25,70,0,0,48.6265
0,26,70,0,0,48.607
0,27,70,0,0,48.586
0,28,70,0,0,48.5631
0,29,70,0,0,48.5382
0,30,70,0,0,48.5115
0,31,70,0,0,48.4831
0,32,70,0,1.24031e-06,48.4528
0,33,70,0,0,48.4204
0,34,70,0,0,48.3866
0,35,70,0,0,48.3528
0,36,70,0,0,48.3195
0,37,70,0,0,48.2867
0,38,70,0,0,48.2544
0,39,70,0,0,48.2216
0,40,70,0,0,48.1881
0,41,70,0,0,48.1541
0,42,70,0,0,48.1197
0,43,70,0,0,48.0855
0,44,70,0,0,48.0517
0,45,70,0,0,48.0195
0,46,70,0,0,47.9896
0,47,70,0,0,47.9617
0,48,70,0,0,47.9358
0,49,70,0,0,47.9118
0,50,70,0,0,47.8889
0,51,70,0,0,47.8666
0,52,70,0,0,47.845
0,53,70,0,0,47.8242
0,54,70,0,0,47.805
0,55,70,0,0,47.7875
0,56,70,0,0,47.7709
0,57,70,0,0,47.7543
0,58,70,0,0,47.7367
0,59,70,0,0,47.718
0,60,70,0,0,47.6974
0,61,70,0,0,47.6754
0,62,70,0,0,47.6531
0,63,70,0,0,47.6308
0,64,70,0,1.24031e-06,47.6084
0,65,70,0,0,47.5855
0,66,70,0,0,47.5618
0,67,70,0,0,47.5379
0,68,70,0,0,47.5135
0,69,70,0,0,47.4888
0,70,70,0,0,47.4638
0,71,70,0,0,47.4383
0,72,70,0,0,47.4123
0,73,70,0,0,47.3864
0,74,70,0,0,47.3609
0,75,70,0,0,47.3365
0,76,70,0,0,47.3128
0,77,70,0,0,47.2892
0,78,70,0,0,47.2655
0,79,70,0,0,47.2413
0,80,70,0,0,47.217
0,81,70,0,0,47.1931
0,82,70,0,0,47.1701
0,83,70,0,0,47.1483
0,84,70,0,0,47.1281
0,85,70,0,0,47.1098
0,86,70,0,0,47.0936
0,87,70,0,0,47.0792
0,88,70,0,0,47.0659
0,89,70,0,0,47.0534
0,90,70,0,0,47.0416
0,91,70,0,0,47.0297
0,92,70,0,0,47.0178
0,93,70,0,0,47.0059
0,94,70,0,0,46.9934
0,95,70,0,0,46.9806
0,96,70,0,1.24031e-06,46.9681
0,97,70,0,0,46.956
0,98,70,0,0,46.9445
0,99,70,0,0,46.9341
0,100,70,0,0,46.9245
0,101,70,0,0,46.9155
0,102,70,0,0,46.9063
0,103,70,0,0,46.8964
0,104,70,0,0,46.886
0,105,70,0,0,46.875
0,106,70,0,0,46.8636
0,107,70,0,0,46.8521
0,108,70,0,0,46.8409
0,109,70,0,0,46.8304
0,110,70,0,0,46.8202
0,111,70,0,0,46.8105
0,112,70,0,0,46.801
0,113,70,0,0,46.7908
0,114,70,0,0,46.7798
0,115,70,0,0,46.7684
0,116,70,0,0,46.7575
0,117,70,0,0,46.7471
0,118,70,0,0,46.737
0,119,70,0,0,46.7258
0,120,70,0,0,46.714
0,121,70,0,0,46.7015
0,122,70,0,0,46.6885
0,123,70,0,0,46.6752
0,124,70,0,0,46.6621
0,125,70,0,0,46.6492
0,126,70,0,0,46.6363
0,127,70,0,0,46.6228
0,128,70,0,1.24031e-06,46.6091
0,129,70,0,0,46.5956
0,130,70,0,0,46.5827
0,131,70,0,0,46.5696
0,132,70,0,0,46.556
0,133,70,0,0,46.5411
0,134,70,0,0,46.5255
0,135,70,0,0,46.5097
0,136,70,0,0,46.4942
0,137,70,0,0,46.4792
0,138,70,0,0,46.4655
0,139,70,0,0,46.453
0,140,70,0,0,46.4414
0,141,70,0,0,46.4306
0,142,70,0,0,46.4201
0,143,70,0,0,46.4099
0,144,70,0,0,46.3994
0,145,70,0,0,46.3892
0,146,70,0,0,46.3789
0,147,70,0,0,46.3688
0,148,70,0,0,46.3597
0,149,70,0,0,46.3514
0,150,70,0,0,46.3441
0,151,70,0,0,46.3374
0,152,70,0,0,46.3304
0,153,70,0,0,46.3227
0,154,70,0,0,46.3134
0,155,70,0,0,46.303
0,156,70,0,0,46.2918
0,157,70,0,0,46.2804
0,158,70,0,0,46.2695
0,159,70,0,0,46.2594
0,160,70,0,1.24031e-06,46.2504
0,161,70,0,0,46.2428
0,162,70,0,0,46.2371
0,163,70,0,0,46.2325
0,164,70,0,0,46.2289
0,165,70,0,0,46.2256
0,166,70,0,0,46.2221
0,167,70,0,0,46.2182
0,168,70,0,0,46.2134
0,169,70,0,0,46.208
0,170,70,0,0,46.2017
0,171,70,0,0,46.1947
0,172,70,0,0,46.1869
0,173,70,0,0,46.1782
0,174,70,0,0,46.1689
0,175,70,0,0,46.1595
0,176,70,0,0,46.1502
0,177,70,0,0,46.141
0,178,70,0,0,46.1321
0,179,70,0,0,46.1235
0,180,70,0,0,46.1153
0,181,70,0,0,46.1074
0,182,70,0,0,46.0994
0,183,70,0,0,46.0912
0,184,70,0,0,46.0827
0,185,70,0,0,46.0738
0,186,70,0,0,46.0643
0,187,70,0,0,46.0543
0,188,70,0,0,46.0441
0,189,70,0,0,46.0338
0,190,70,0,0,46.0233
0,191,70,0,0,46.0119
0,192,70,0,1.24031e-06,46.0004
0,193,70,0,0,45.9889
0,194,70,0,0,45.9776
0,195,70,0,0,45.9672
0,196,70,0,0,45.9577
0,197,70,0,0,45.9491
0,198,70,0,0,45.9415
0,199,70,0,0,45.9347
0,200,70,0,0,45.9287
0,201,70,0,0,45.9233
0,202,70,0,0,45.919
0,203,70,0,0,45.9155
0,204,70,0,0,45.9117
0,205,70,0,0,45.9073
0,206,70,0,0,45.902
0,207,70,0,0,45.8951
0,208,70,0,0,45.8871
0,209,70,0,0,45.8792
0,210,70,0,0,45.8718
0,211,70,0,0,45.8656
0,212,70,0,0,45.8608
0,213,70,0,0,45.8574
0,214,70,0,0,45.855
0,215,70,0,0,45.853
0,216,70,0,0,45.8508
0,217,70,0,0,45.8479
0,218,70,0,0,45.8441
0,219,70,0,0,45.8384
0,220,70,0,0,45.8308
0,221,70,0,0,45.8224
0,222,70,0,0,45.8139
0,223,70,0,0,45.8053
0,224,70,0,1.24031e-06,45.7967
0,225,70,0,0,45.7886
0,226,70,0,0,45.7807
0,227,70,0,0,45.7729
0,228,70,0,0,45.765
0,229,70,0,0,45.7572
0,230,70,0,0,45.749
0,231,70,0,0,45.7399
0,232,70,0,0,45.7301
0,233,70,0,0,45.7194
0,234,70,0,0,45.7079
0,235,70,0,0,45.6961
0,236,70,0,0,45.6845
0,237,70,0,0,45.6734
0,238,70,0,0,45.6626
0,239,70,0,0,45.6517
0,240,70,0,0,45.6408
0,241,70,0,0,45.6295
0,242,70,0,0,45.6174
0,243,70,0,0,45.6043
0,244,70,0,0,45.5911
0,245,70,0,0,45.5782
0,246,70,0,0,45.5653
0,247,70,0,0,45.5515
0,248,70,0,0,45.5369
0,249,70,0,0,45.5222
0,250,70,0,0,45.5083
0,251,70,0,0,45.4955
0,252,70,0,0,45.4839
0,253,70,0,0,45.4732
0,254,70,0,0,45.4639
0,255,70,0,0,45.4567
0,0,71,0,1.24031e-06,48.5164
0,1,71,0,0,48.5192
0,2,71,0,0,48.5225
0,3,71,0,0,48.5258
0,4,71,0,0,48.5286
0,5,71,0,0,48.5304
0,6,71,0,0,48.5311
0,7,71,0,0,48.5305
0,8,71,0,0,48.5284
0,9,71,0,0,48.5248
0,10,71,0,0,48.5197
0,11,71,0,0,48.5132
0,12,71,0,0,48.5058
0,13,71,0,0,48.4975
0,14,71,0,0,48.4885
0,15,71,0,0,48.4785
0,16,71,0,0,48.4672
0,17,71,0,0,48.4546
0,18,71,0,0,48.4407
0,19,71,0,0,48.4259
0,20,71,0,0,48.4102
0,21,71,0,0,48.3939
0,22,71,0,0,48.3773
0,23,71,0,0,48.3602
0,24,71,0,0,48.3425
0,25,71,0,0,48.324
0,26,71,0,0,48.3045
0,27,71,0,0,48.2839
0,28,71,0,0,48.2619
0,29,71,0,0,48.2383
0,30,71,0,0,48.2133
0,31,71,0,0,48.1869
0,32,71,0,1.24031e-06,48.1591
0,33,71,0,0,48.13
0,34,71,0,0,48.0999
0,35,71,0,0,48.0694
0,36,71,0,0,48.0388
0,37,71,0,0,48.0082
0,38,71,0,0,47.9777
0,39,71,0,0,47.9469
0,40,71,0,0,47.9159
0,41,71,0,0,47.8848
0,42,71,0,0,47.8536
0,43,71,0,0,47.8227
0,44,71,0,0,47.7923
0,45,71,0,0,47.763
0,46,71,0,0,47.7351
0,47,71,0,0,47.7086
0,48,71,0,0,47.6835
0,49,71,0,0,47.6597
0,50,71,0,0,47.6369
0,51,71,0,0,47.615
0,52,71,0,0,47.5938
0,53,71,0,0,47.5735
0,54,71,0,0,47.554
0,55,71,0,0,47.5355
0,56,71,0,0,47.5174
0,57,71,0,0,47.4994
0,58,71,0,0,47.481
0,59,71,0,0,47.4619
0,60,71,0,0,47.442
0,61,71,0,0,47.4214
0,62,71,0,0,47.4002
0,63,71,0,0,47.3788
0,64,71,0,1.24031e-06,47.3572
0,65,71,0,0,47.3351
0,66,71,0,0,47.3126
0,67,71,0,0,47.2898
0,68,71,0,0,47.2666
0,69,71,0,0,47.2433
0,70,71,0,0,47.2196
0,71,71,0,0,47.1958
0,72,71,0,0,47.1718
0,73,71,0,0,47.1478
0,74,71,0,0,47.1242
0,75,71,0,0,47.101
0,76,71,0,0,47.0781
0,77,71,0,0,47.0555
0,78,71,0,0,47.033
0,79,71,0,0,47.0106
0,80,71,0,0,46.9884
0,81,71,0,0,46.9666
0,82,71,0,0,46.9456
0,83,71,0,0,46.9256
0,84,71,0,0,46.9067
0,85,71,0,0,46.8891
0,86,71,0,0,46.873
0,87,71,0,0,46.858
0,88,71,0,0,46.8441
0,89,71,0,0,46.8309
0,90,71,0,0,46.8182
0,91,71,0,0,46.8058
0,92,71,0,0,46.7936
0,93,71,0,0,46.7814
0,94,71,0,0,46.7693
0,95,71,0,0,46.7571
0,96,71,0,1.24031e-06,46.7452
0,97,71,0,0,46.7335
0,98,71,0,0,46.7223
0,99,71,0,0,46.7116
0,100,71,0,0,46.7014
0,101,71,0,0,46.6915
0,102,71,0,0,46.6816
0,103,71,0,0,46.6715
0,104,71,0,0,46.6611
0,105,71,0,0,46.6505
0,106,71,0,0,46.6397
0,107,71,0,0,46.6289
0,108,71,0,0,46.6182
0,109,71,0,0,46.6078
0,110,71,0,0,46.5976
0,111,71,0,0,46.5875
0,112,71,0,0,46.5775
0,113,71,0,0,46.5672
0,114,71,0,0,46.5567
0,115,71,0,0,46.5459
0,116,71,0,0,46.5353
0,117,71,0,0,46.5247
0,118,71,0,0,46.514
0,119,71,0,0,46.5029
0,120,71,0,0,46.4914
0,121,71,0,0,46.4796
0,122,71,0,0,46.4674
0,123,71,0,0,46.455
0,124,71,0,0,46.4426
0,125,71,0,0,46.4301
0,126,71,0,0,46.4175
0,127,71,0,0,46.4048
0,128,71,0,1.24031e-06,46.392
0,129,71,0,0,46.3791
0,130,71,0,0,46.3662
0,131,71,0,0,46.3533
0,132,71,0,0,46.34
0,133,71,0,0,46.3263
0,134,71,0,0,46.3123
0,135,71,0,0,46.2982
0,136,71,0,0,46.2844
0,137,71,0,0,46.2709
0,138,71,0,0,46.2581
0,139,71,0,0,46.246
0,140,71,0,0,46.2346
0,141,71,0,0,46.2237
0,142,71,0,0,46.2131
0,143,71,0,0,46.2029
0,144,71,0,0,46.1927
0,145,71,0,0,46.1828
0,146,71,0,0,46.1731
0,147,71,0,0,46.1637
0,148,71,0,0,46.1547
0,149,71,0,0,46.1463
0,150,71,0,0,46.1383
0,151,71,0,0,46.1306
0,152,71,0,0,46.1228
0,153,71,0,0,46.1146
0,154,71,0,0,46.1058
0,155,71,0,0,46.0964
0,156,71,0,0,46.0867
0,157,71,0,0,46.077
0,158,71,0,0,46.0675
0,159,71,0,0,46.0586
0,160,71,0,1.24031e-06,46.0504
0,161,71,0,0,46.0431
0,162,71,0,0,46.0368
0,163,71,0,0,46.0313
0,164,71,0,0,46.0263
0,165,71,0,0,46.0217
0,166,71,0,0,46.017
0,167,71,0,0,46.0121
0,168,71,0,0,46.0068
0,169,71,0,0,46.001
0,170,71,0,0,45.9947
0,171,71,0,0,45.9878
0,172,71,0,0,45.9803
0,173,71,0,0,45.9724
0,174,71,0,0,45.9641
0,175,71,0,0,45.9556
0,176,71,0,0,45.947
0,177,71,0,0,45.9385
0,178,71,0,0,45.9301
0,179,71,0,0,45.9218
0,180,71,0,0,45.9137
0,181,71,0,0,45.9057
0,182,71,0,0,45.8976
0,183,71,0,0,45.8894
0,184,71,0,0,45.881
0,185,71,0,0,45.8723
0,186,71,0,0,45.8633
0,187,71,0,0,45.854
0,188,71,0,0,45.8445
0,189,71,0,0,45.8348
0,190,71,0,0,45.825
0,191,71,0,0,45.8149
0,192,71,0,1.24031e-06,45.8047
0,193,71,0,0,45.7945
0,194,71,0,0,45.7846
0,195,71,0,0,45.7752
0,196,71,0,0,45.7664
0,197,71,0,0,45.7583
0,198,71,0,0,45.7509
0,199,71,0,0,45.7441
0,200,71,0,0,45.7379
0,201,71,0,0,45.7322
0,202,71,0,0,45.7271
0,203,71,0,0,45.7223
0,204,71,0,0,45.7175
0,205,71,0,0,45.7124
0,206,71,0,0,45.7069
0,207,71,0,0,45.7008
0,208,71,0,0,45.6942
0,209,71,0,0,45.6876
0,210,71,0,0,45.6814
0,211,71,0,0,45.6757
0,212,71,0,0,45.6708
0,213,71,0,0,45.6666
0,214,71,0,0,45.663
0,215,71,0,0,45.6595
0,216,71,0,0,45.6559
0,217,71,0,0,45.6519
0,218,71,0,0,45.6472
0,219,71,0,0,45.6416
0,220,71,0,0,45.6351
0,221,71,0,0,45.6279
0,222,71,0,0,45.6204
0,223,71,0,0,45.6127
0,224,71,0,1.24031e-06,45.6049
0,225,71,0,0,45.5971
0,226,71,0,0,45.5894
0,227,71,0,0,45.5817
0,228,71,0,0,45.5739
0,229,71,0,0,45.5659
0,230,71,0,0,45.5576
0,231,71,0,0,45.5489
0,232,71,0,0,45.5396
0,233,71,0,0,45.5298
0,234,71,0,0,45.5197
0,235,71,0,0,45.5092
0,236,71,0,0,45.4988
0,237,71,0,0,45.4884
0,238,71,0,0,45.478
0,239,71,0,0,45.4677
0,240,71,0,0,45.4572
0,241,71,0,0,45.4464
0,242,71,0,0,45.4353
0,243,71,0,0,45.4238
0,244,71,0,0,45.4121
0,245,71,0,0,45.4004
0,246,71,0,0,45.3886
0,247,71,0,0,45.3766
0,248,71,0,0,45.3645
0,249,71,0,0,45.3526
0,250,71,0,0,45.3412
0,251,71,0,0,45.3307
0,252,71,0,0,45.3212
0,253,71,0,0,45.3128
0,254,71,0,0,45.3059
0,255,71,0,0,45.3009
0,0,72,0,1.24031e-06,48.2282
0,1,72,0,0,48.2295
0,2,72,0,0,48.231
0,3,72,0,0,48.2325
0,4,72,0,0,48.2336
0,5,72,0,0,48.234
0,6,72,0,0,48.2336
0,7,72,0,0,48.2322
0,8,72,0,0,48.2296
0,9,72,0,0,48.2258
0,10,72,0,0,48.2208
0,11,72,0,0,48.2148
0,12,72,0,0,48.2077
0,13,72,0,0,48.1998
0,14,72,0,0,48.1909
0,15,72,0,0,48.1811
0,16,72,0,0,48.1703
0,17,72,0,0,48.1584
0,18,72,0,0,48.1455
0,19,72,0,0,48.1317
0,20,72,0,0,48.1171
0,21,72,0,0,48.1018
0,22,72,0,0,48.0859
0,23,72,0,0,48.0694
0,24,72,0,0,48.0521
0,25,72,0,0,48.0341
0,26,72,0,0,48.0152
0,27,72,0,0,47.9952
0,28,72,0,0,47.9742
0,29,72,0,0,47.9519
0,30,72,0,0,47.9285
0,31,72,0,0,47.904
0,32,72,0,1.24031e-06,47.8784
0,33,72,0,0,47.8517
0,34,72,0,0,47.8244
0,35,72,0,0,47.7965
0,36,72,0,0,47.7683
0,37,72,0,0,47.74
0,38,72,0,0,47.7115
0,39,72,0,0,47.6829
0,40,72,0,0,47.6542
0,41,72,0,0,47.6255
0,42,72,0,0,47.5969
0,43,72,0,0,47.5686
0,44,72,0,0,47.5408
0,45,72,0,0,47.5138
0,46,72,0,0,47.4877
0,47,72,0,0,47.4625
0,48,72,0,0,47.4384
0,49,72,0,0,47.4153
0,50,72,0,0,47.393
0,51,72,0,0,47.3715
0,52,72,0,0,47.3507
0,53,72,0,0,47.3306
0,54,72,0,0,47.3111
0,55,72,0,0,47.2921
0,56,72,0,0,47.2735
0,57,72,0,0,47.2549
0,58,72,0,0,47.2362
0,59,72,0,0,47.2171
0,60,72,0,0,47.1976
0,61,72,0,0,47.1777
0,62,72,0,0,47.1575
0,63,72,0,0,47.1369
0,64,72,0,1.24031e-06,47.116
0,65,72,0,0,47.0948
0,66,72,0,0,47.0734
0,67,72,0,0,47.0516
0,68,72,0,0,47.0297
0,69,72,0,0,47.0075
0,70,72,0,0,46.9852
0,71,72,0,0,46.9628
0,72,72,0,0,46.9404
0,73,72,0,0,46.918
0,74,72,0,0,46.8958
0,75,72,0,0,46.8738
0,76,72,0,0,46.8521
0,77,72,0,0,46.8307
0,78,72,0,0,46.8095
0,79,72,0,0,46.7885
0,80,72,0,0,46.7678
0,81,72,0,0,46.7477
0,82,72,0,0,46.7281
0,83,72,0,0,46.7094
0,84,72,0,0,46.6915
0,85,72,0,0,46.6746
0,86,72,0,0,46.6587
0,87,72,0,0,46.6438
0,88,72,0,0,46.6296
0,89,72,0,0,46.616
0,90,72,0,0,46.603
0,91,72,0,0,46.5904
0,92,72,0,0,46.578
0,93,72,0,0,46.5658
0,94,72,0,0,46.5538
0,95,72,0,0,46.5419
0,96,72,0,1.24031e-06,46.5303
0,97,72,0,0,46.5189
0,98,72,0,0,46.5078
0,99,72,0,0,46.497
0,100,72,0,0,46.4865
0,101,72,0,0,46.4762
0,102,72,0,0,46.466
0,103,72,0,0,46.4558
0,104,72,0,0,46.4455
0,105,72,0,0,46.4351
0,106,72,0,0,46.4246
0,107,72,0,0,46.4142
0,108,72,0,0,46.4038
0,109,72,0,0,46.3935
0,110,72,0,0,46.3833
0,111,72,0,0,46.3731
0,112,72,0,0,46.363
0,113,72,0,0,46.3528
0,114,72,0,0,46.3424
0,115,72,0,0,46.332
0,116,72,0,0,46.3215
0,117,72,0,0,46.3109
0,118,72,0,0,46.3003
0,119,72,0,0,46.2894
0,120,72,0,0,46.2782
0,121,72,0,0,46.2668
0,122,72,0,0,46.2552
0,123,72,0,0,46.2435
0,124,72,0,0,46.2316
0,125,72,0,0,46.2196
0,126,72,0,0,46.2075
0,127,72,0,0,46.1954
0,128,72,0,1.24031e-06,46.1832
0,129,72,0,0,46.1708
0,130,72,0,0,46.1584
0,131,72,0,0,46.1459
0,132,72,0,0,46.1333
0,133,72,0,0,46.1205
0,134,72,0,0,46.1076
0,135,72,0,0,46.0947
0,136,72,0,0,46.082
0,137,72,0,0,46.0696
0,138,72,0,0,46.0575
0,139,72,0,0,46.046
0,140,72,0,0,46.0349
0,141,72,0,0,46.0242
0,142,72,0,0,46.0138
0,143,72,0,0,46.0037
0,144,72,0,0,45.9938
0,145,72,0,0,45.9842
0,146,72,0,0,45.9748
0,147,72,0,0,45.9657
0,148,72,0,0,45.9569
0,149,72,0,0,45.9484
0,150,72,0,0,45.9402
0,151,72,0,0,45.9321
0,152,72,0,0,45.924
0,153,72,0,0,45.9157
0,154,72,0,0,45.9073
0,155,72,0,0,45.8986
0,156,72,0,0,45.8898
0,157,72,0,0,45.881
0,158,72,0,0,45.8724
0,159,72,0,0,45.8643
0,160,72,0,1.24031e-06,45.8566
0,161,72,0,0,45.8494
0,162,72,0,0,45.8429
0,163,72,0,0,45.8368
0,164,72,0,0,45.8311
0,165,72,0,0,45.8257
0,166,72,0,0,45.8203
0,167,72,0,0,45.8148
0,168,72,0,0,45.8091
0,169,72,0,0,45.803
0,170,72,0,0,45.7966
0,171,72,0,0,45.7899
0,172,72,0,0,45.7827
0,173,72,0,0,45.7753
0,174,72,0,0,45.7676
0,175,72,0,0,45.7596
0,176,72,0,0,45.7516
0,177,72,0,0,45.7436
0,178,72,0,0,45.7356
0,179,72,0,0,45.7277
0,180,72,0,0,45.7197
0,181,72,0,0,45.7118
0,182,72,0,0,45.7039
0,183,72,0,0,45.6958
0,184,72,0,0,45.6876
0,185,72,0,0,45.6793
0,186,72,0,0,45.6707
0,187,72,0,0,45.662
0,188,72,0,0,45.653
0,189,72,0,0,45.644
0,190,72,0,0,45.6349
0,191,72,0,0,45.6256
0,192,72,0,1.24031e-06,45.6164
0,193,72,0,0,45.6072
0,194,72,0,0,45.5983
0,195,72,0,0,45.5897
0,196,72,0,0,45.5815
0,197,72,0,0,45.5738
0,198,72,0,0,45.5666
0,199,72,0,0,45.5598
0,200,72,0,0,45.5535
0,201,72,0,0,45.5477
0,202,72,0,0,45.5421
0,203,72,0,0,45.5368
0,204,72,0,0,45.5315
0,205,72,0,0,45.5261
0,206,72,0,0,45.5206
0,207,72,0,0,45.5148
0,208,72,0,0,45.5089
0,209,72,0,0,45.503
0,210,72,0,0,45.4973
0,211,72,0,0,45.4919
0,212,72,0,0,45.487
0,213,72,0,0,45.4823
0,214,72,0,0,45.478
0,215,72,0,0,45.4737
0,216,72,0,0,45.4694
0,217,72,0,0,45.4648
0,218,72,0,0,45.4597
0,219,72,0,0,45.4542
0,220,72,0,0,45.4481
0,221,72,0,0,45.4415
0,222,72,0,0,45.4346
0,223,72,0,0,45.4276
0,224,72,0,1.24031e-06,45.4204
0,225,72,0,0,45.413
0,226,72,0,0,45.4056
0,227,72,0,0,45.398
0,228,72,0,0,45.3904
0,229,72,0,0,45.3826
0,230,72,0,0,45.3746
0,231,72,0,0,45.3662
0,232,72,0,0,45.3575
0,233,72,0,0,45.3485
0,234,72,0,0,45.3392
0,235,72,0,0,45.3297
0,236,72,0,0,45.3201
0,237,72,0,0,45.3105
0,238,72,0,0,45.3008
0,239,72,0,0,45.2911
0,240,72,0,0,45.2812
0,241,72,0,0,45.2712
0,242,72,0,0,45.2611
0,243,72,0,0,45.2507
0,244,72,0,0,45.2403
0,245,72,0,0,45.2299
0,246,72,0,0,45.2194
0,247,72,0,0,45.209
0,248,72,0,0,45.1988
0,249,72,0,0,45.1888
0,250,72,0,0,45.1794
0,251,72,0,0,45.1708
0,252,72,0,0,45.163
0,253,72,0,0,45.1564
0,254,72,0,0,45.1511
0,255,72,0,0,45.1474
0,0,73,0,1.24031e-06,47.9492
0,1,73,0,0,47.9496
0,2,73,0,0,47.9501
0,3,73,0,0,47.9504
0,4,73,0,0,47.9504
0,5,73,0,0,47.9499
0,6,73,0,0,47.9486
0,7,73,0,0,47.9465
0,8,73,0,0,47.9435
0,9,73,0,0,47.9396
0,10,73,0,0,47.9346
0,11,73,0,0,47.9288
0,12,73,0,0,47.922
0,13,73,0,0,47.9143
0,14,73,0,0,47.9057
0,15,73,0,0,47.8963
0,16,73,0,0,47.8859
0,17,73,0,0,47.8746
0,18,73,0,0,47.8625
0,19,73,0,0,47.8495
0,20,73,0,0,47.8357
0,21,73,0,0,47.8212
0,22,73,0,0,47.8061
0,23,73,0,0,47.7902
0,24,73,0,0,47.7736
0,25,73,0,0,47.7563
0,26,73,0,0,47.7381
0,27,73,0,0,47.719
0,28,73,0,0,47.699
0,29,73,0,0,47.678
0,30,73,0,0,47.6561
0,31,73,0,0,47.6332
0,32,73,0,1.24031e-06,47.6095
0,33,73,0,0,47.5849
0,34,73,0,0,47.5598
0,35,73,0,0,47.5341
0,36,73,0,0,47.5081
0,37,73,0,0,47.4818
0,38,73,0,0,47.4554
0,39,73,0,0,47.4289
0,40,73,0,0,47.4023
0,41,73,0,0,47.3757
0,42,73,0,0,47.3493
0,43,73,0,0,47.3231
0,44,73,0,0,47.2974
0,45,73,0,0,47.2722
0,46,73,0,0,47.2477
0,47,73,0,0,47.2239
0,48,73,0,0,47.2008
0,49,73,0,0,47.1785
0,50,73,0,0,47.1569
0,51,73,0,0,47.1359
0,52,73,0,0,47.1155
0,53,73,0,0,47.0957
0,54,73,0,0,47.0763
0,55,73,0,0,47.0573
0,56,73,0,0,47.0385
0,57,73,0,0,47.0199
0,58,73,0,0,47.0012
0,59,73,0,0,46.9823
0,60,73,0,0,46.9633
0,61,73,0,0,46.9439
0,62,73,0,0,46.9243
0,63,73,0,0,46.9045
0,64,73,0,1.24031e-06,46.8845
0,65,73,0,0,46.8642
0,66,73,0,0,46.8436
0,67,73,0,0,46.8229
0,68,73,0,0,46.802
0,69,73,0,0,46.781
0,70,73,0,0,46.7599
0,71,73,0,0,46.7388
0,72,73,0,0,46.7176
0,73,73,0,0,46.6966
0,74,73,0,0,46.6756
0,75,73,0,0,46.6549
0,76,73,0,0,46.6344
0,77,73,0,0,46.6141
0,78,73,0,0,46.594
0,79,73,0,0,46.5743
0,80,73,0,0,46.555
0,81,73,0,0,46.5361
0,82,73,0,0,46.5177
0,83,73,0,0,46.5
0,84,73,0,0,46.483
0,85,73,0,0,46.4667
0,86,73,0,0,46.4512
0,87,73,0,0,46.4364
0,88,73,0,0,46.4222
0,89,73,0,0,46.4086
0,90,73,0,0,46.3955
0,91,73,0,0,46.3828
0,92,73,0,0,46.3704
0,93,73,0,0,46.3583
0,94,73,0,0,46.3464
0,95,73,0,0,46.3347
0,96,73,0,1.24031e-06,46.3232
0,97,73,0,0,46.3119
0,98,73,0,0,46.3009
0,99,73,0,0,46.2901
0,100,73,0,0,46.2795
0,101,73,0,0,46.2691
0,102,73,0,0,46.2588
0,103,73,0,0,46.2486
0,104,73,0,0,46.2383
0,105,73,0,0,46.228
0,106,73,0,0,46.2178
0,107,73,0,0,46.2075
0,108,73,0,0,46.1973
0,109,73,0,0,46.1872
0,110,73,0,0,46.1771
0,111,73,0,0,46.167
0,112,73,0,0,46.1569
0,113,73,0,0,46.1468
0,114,73,0,0,46.1366
0,115,73,0,0,46.1264
0,116,73,0,0,46.1161
0,117,73,0,0,46.1056
0,118,73,0,0,46.0951
0,119,73,0,0,46.0845
0,120,73,0,0,46.0736
0,121,73,0,0,46.0627
0,122,73,0,0,46.0515
0,123,73,0,0,46.0402
0,124,73,0,0,46.0288
0,125,73,0,0,46.0174
0,126,73,0,0,46.0058
0,127,73,0,0,45.9942
0,128,73,0,1.24031e-06,45.9825
0,129,73,0,0,45.9707
0,130,73,0,0,45.9588
0,131,73,0,0,45.9469
0,132,73,0,0,45.9349
0,133,73,0,0,45.9228
0,134,73,0,0,45.9108
0,135,73,0,0,45.8988
0,136,73,0,0,45.8869
0,137,73,0,0,45.8753
0,138,73,0,0,45.8639
0,139,73,0,0,45.8529
0,140,73,0,0,45.8422
0,141,73,0,0,45.8318
0,142,73,0,0,45.8217
0,143,73,0,0,45.8119
0,144,73,0,0,45.8023
0,145,73,0,0,45.7929
0,146,73,0,0,45.7838
0,147,73,0,0,45.7749
0,148,73,0,0,45.7662
0,149,73,0,0,45.7578
0,150,73,0,0,45.7495
0,151,73,0,0,45.7413
0,152,73,0,0,45.7332
0,153,73,0,0,45.7251
0,154,73,0,0,45.7169
0,155,73,0,0,45.7086
0,156,73,0,0,45.7004
0,157,73,0,0,45.6923
0,158,73,0,0,45.6843
0,159,73,0,0,45.6766
0,160,73,0,1.24031e-06,45.6693
0,161,73,0,0,45.6622
0,162,73,0,0,45.6555
0,163,73,0,0,45.6492
0,164,73,0,0,45.6431
0,165,73,0,0,45.6373
0,166,73,0,0,45.6314
0,167,73,0,0,45.6256
0,168,73,0,0,45.6196
0,169,73,0,0,45.6134
0,170,73,0,0,45.607
0,171,73,0,0,45.6003
0,172,73,0,0,45.5934
0,173,73,0,0,45.5863
0,174,73,0,0,45.5789
0,175,73,0,0,45.5714
0,176,73,0,0,45.5639
0,177,73,0,0,45.5562
0,178,73,0,0,45.5486
0,179,73,0,0,45.5409
0,180,73,0,0,45.5333
0,181,73,0,0,45.5256
0,182,73,0,0,45.5178
0,183,73,0,0,45.51
0,184,73,0,0,45.5021
0,185,73,0,0,45.4941
0,186,73,0,0,45.4859
0,187,73,0,0,45.4776
0,188,73,0,0,45.4692
0,189,73,0,0,45.4608
0,190,73,0,0,45.4523
0,191,73,0,0,45.4438
0,192,73,0,1.24031e-06,45.4353
0,193,73,0,0,45.4268
0,194,73,0,0,45.4186
0,195,73,0,0,45.4106
0,196,73,0,0,45.4029
0,197,73,0,0,45.3955
0,198,73,0,0,45.3886
0,199,73,0,0,45.3819
0,200,73,0,0,45.3757
0,201,73,0,0,45.3697
0,202,73,0,0,45.364
0,203,73,0,0,45.3584
0,204,73,0,0,45.3529
0,205,73,0,0,45.3474
0,206,73,0,0,45.3419
0,207,73,0,0,45.3363
0,208,73,0,0,45.3308
0,209,73,0,0,45.3252
0,210,73,0,0,45.3198
0,211,73,0,0,45.3146
0,212,73,0,0,45.3095
0,213,73,0,0,45.3047
0,214,73,0,0,45.3
0,215,73,0,0,45.2953
0,216,73,0,0,45.2906
0,217,73,0,0,45.2856
0,218,73,0,0,45.2805
0,219,73,0,0,45.2749
0,220,73,0,0,45.2691
0,221,73,0,0,45.2629
0,222,73,0,0,45.2565
0,223,73,0,0,45.2498
0,224,73,0,1.24031e-06,45.2431
0,225,73,0,0,45.2361
0,226,73,0,0,45.229
0,227,73,0,0,45.2217
0,228,73,0,0,45.2144
0,229,73,0,0,45.2069
0,230,73,0,0,45.1991
0,231,73,0,0,45.1912
0,232,73,0,0,45.183
0,233,73,0,0,45.1746
0,234,73,0,0,45.1661
0,235,73,0,0,45.1573
0,236,73,0,0,45.1485
0,237,73,0,0,45.1396
0,238,73,0,0,45.1306
0,239,73,0,0,45.1215
0,240,73,0,0,45.1124
0,241,73,0,0,45.1032
0,242,73,0,0,45.094
0,243,73,0,0,45.0847
0,244,73,0,0,45.0754
0,245,73,0,0,45.0661
0,246,73,0,0,45.0569
0,247,73,0,0,45.0479
0,248,73,0,0,45.0391
0,249,73,0,0,45.0307
0,250,73,0,0,45.0229
0,251,73,0,0,45.0157
0,252,73,0,0,45.0093
0,253,73,0,0,45.004
0,254,73,0,0,44.9998
0,255,73,0,0,44.9969
0,0,74,0,1.24031e-06,47.6797
0,1,74,0,0,47.6797
0,2,74,0,0,47.6795
0,3,74,0,0,47.6791
0,4,74,0,0,47.6783
0,5,74,0,0,47.6771
0,6,74,0,0,47.6753
0,7,74,0,0,47.6727
0,8,74,0,0,47.6694
0,9,74,0,0,47.6653
0,10,74,0,0,47.6604
0,11,74,0,0,47.6546
0,12,74,0,0,47.648
0,13,74,0,0,47.6405
0,14,74,0,0,47.6322
0,15,74,0,0,47.6232
0,16,74,0,0,47.6132
0,17,74,0,0,47.6025
0,18,74,0,0,47.591
0,19,74,0,0,47.5787
0,20,74,0,0,47.5657
0,21,74,0,0,47.5519
0,22,74,0,0,47.5374
0,23,74,0,0,47.5223
0,24,74,0,0,47.5064
0,25,74,0,0,47.4899
0,26,74,0,0,47.4725
0,27,74,0,0,47.4544
0,28,74,0,0,47.4354
0,29,74,0,0,47.4156
0,30,74,0,0,47.3951
0,31,74,0,0,47.3737
0,32,74,0,1.24031e-06,47.3517
0,33,74,0,0,47.3289
0,34,74,0,0,47.3056
0,35,74,0,0,47.2819
0,36,74,0,0,47.2578
0,37,74,0,0,47.2334
0,38,74,0,0,47.2089
0,39,74,0,0,47.1842
0,40,74,0,0,47.1595
0,41,74,0,0,47.1348
0,42,74,0,0,47.1103
0,43,74,0,0,47.086
0,44,74,0,0,47.062
0,45,74,0,0,47.0384
0,46,74,0,0,47.0153
0,47,74,0,0,46.9927
0,48,74,0,0,46.9708
0,49,74,0,0,46.9493
0,50,74,0,0,46.9284
0,51,74,0,0,46.9081
0,52,74,0,0,46.8882
0,53,74,0,0,46.8687
0,54,74,0,0,46.8497
0,55,74,0,0,46.8309
0,56,74,0,0,46.8123
0,57,74,0,0,46.7938
0,58,74,0,0,46.7753
0,59,74,0,0,46.7568
0,60,74,0,0,46.7381
0,61,74,0,0,46.7194
0,62,74,0,0,46.7004
0,63,74,0,0,46.6813
0,64,74,0,1.24031e-06,46.662
0,65,74,0,0,46.6425
0,66,74,0,0,46.6229
0,67,74,0,0,46.6031
0,68,74,0,0,46.5832
0,69,74,0,0,46.5632
0,70,74,0,0,46.5432
0,71,74,0,0,46.5232
0,72,74,0,0,46.5032
0,73,74,0,0,46.4833
0,74,74,0,0,46.4635
0,75,74,0,0,46.4439
0,76,74,0,0,46.4245
0,77,74,0,0,46.4053
0,78,74,0,0,46.3863
0,79,74,0,0,46.3677
0,80,74,0,0,46.3495
0,81,74,0,0,46.3316
0,82,74,0,0,46.3142
0,83,74,0,0,46.2974
0,84,74,0,0,46.2811
0,85,74,0,0,46.2654
0,86,74,0,0,46.2503
0,87,74,0,0,46.2358
0,88,74,0,0,46.2219
0,89,74,0,0,46.2084
0,90,74,0,0,46.1954
0,91,74,0,0,46.1827
0,92,74,0,0,46.1704
0,93,74,0,0,46.1583
0,94,74,0,0,46.1465
0,95,74,0,0,46.135
0,96,74,0,1.24031e-06,46.1237
0,97,74,0,0,46.1125
0,98,74,0,0,46.1015
0,99,74,0,0,46.0908
0,100,74,0,0,46.0802
0,101,74,0,0,46.0698
0,102,74,0,0,46.0595
0,103,74,0,0,46.0493
0,104,74,0,0,46.0391
0,105,74,0,0,46.029
0,106,74,0,0,46.0188
0,107,74,0,0,46.0088
0,108,74,0,0,45.9987
0,109,74,0,0,45.9887
0,110,74,0,0,45.9787
0,111,74,0,0,45.9688
0,112,74,0,0,45.9588
0,113,74,0,0,45.9488
0,114,74,0,0,45.9388
0,115,74,0,0,45.9288
0,116,74,0,0,45.9186
0,117,74,0,0,45.9084
0,118,74,0,0,45.8981
0,119,74,0,0,45.8877
0,120,74,0,0,45.8772
0,121,74,0,0,45.8666
0,122,74,0,0,45.8558
0,123,74,0,0,45.845
0,124,74,0,0,45.834
0,125,74,0,0,45.823
0,126,74,0,0,45.812
0,127,74,0,0,45.8008
0,128,74,0,1.24031e-06,45.7897
0,129,74,0,0,45.7783
0,130,74,0,0,45.767
0,131,74,0,0,45.7556
0,132,74,0,0,45.7442
0,133,74,0,0,45.7328
0,134,74,0,0,45.7215
0,135,74,0,0,45.7102
0,136,74,0,0,45.699
0,137,74,0,0,45.688
0,138,74,0,0,45.6772
0,139,74,0,0,45.6667
0,140,74,0,0,45.6564
0,141,74,0,0,45.6464
0,142,74,0,0,45.6366
0,143,74,0,0,45.6271
0,144,74,0,0,45.6177
0,145,74,0,0,45.6086
0,146,74,0,0,45.5997
0,147,74,0,0,45.591
0,148,74,0,0,45.5825
0,149,74,0,0,45.5742
0,150,74,0,0,45.566
0,151,74,0,0,45.5579
0,152,74,0,0,45.5499
0,153,74,0,0,45.5419
0,154,74,0,0,45.534
0,155,74,0,0,45.5261
0,156,74,0,0,45.5182
0,157,74,0,0,45.5105
0,158,74,0,0,45.5029
0,159,74,0,0,45.4956
0,160,74,0,1.24031e-06,45.4884
0,161,74,0,0,45.4815
0,162,74,0,0,45.4748
0,163,74,0,0,45.4684
0,164,74,0,0,45.4621
0,165,74,0,0,45.456
0,166,74,0,0,45.4499
0,167,74,0,0,45.4438
0,168,74,0,0,45.4377
0,169,74,0,0,45.4314
0,170,74,0,0,45.425
0,171,74,0,0,45.4185
0,172,74,0,0,45.4117
0,173,74,0,0,45.4048
0,174,74,0,0,45.3978
0,175,74,0,0,45.3906
0,176,74,0,0,45.3834
0,177,74,0,0,45.3761
0,178,74,0,0,45.3688
0,179,74,0,0,45.3614
0,180,74,0,0,45.354
0,181,74,0,0,45.3465
0,182,74,0,0,45.3391
0,183,74,0,0,45.3315
0,184,74,0,0,45.3239
0,185,74,0,0,45.3162
0,186,74,0,0,45.3084
0,187,74,0,0,45.3006
0,188,74,0,0,45.2927
0,189,74,0,0,45.2847
0,190,74,0,0,45.2768
0,191,74,0,0,45.2688
0,192,74,0,1.24031e-06,45.2609
0,193,74,0,0,45.2531
0,194,74,0,0,45.2454
0,195,74,0,0,45.2378
0,196,74,0,0,45.2306
0,197,74,0,0,45.2236
0,198,74,0,0,45.2168
0,199,74,0,0,45.2104
0,200,74,0,0,45.2041
0,201,74,0,0,45.1982
0,202,74,0,0,45.1924
0,203,74,0,0,45.1867
0,204,74,0,0,45.1812
0,205,74,0,0,45.1757
0,206,74,0,0,45.1703
0,207,74,0,0,45.1648
0,208,74,0,0,45.1594
0,209,74,0,0,45.1541
0,210,74,0,0,45.1488
0,211,74,0,0,45.1436
0,212,74,0,0,45.1386
0,213,74,0,0,45.1336
0,214,74,0,0,45.1288
0,215,74,0,0,45.1239
0,216,74,0,0,45.119
0,217,74,0,0,45.1139
0,218,74,0,0,45.1087
0,219,74,0,0,45.1032
0,220,74,0,0,45.0975
0,221,74,0,0,45.0916
0,222,74,0,0,45.0855
0,223,74,0,0,45.0792
0,224,74,0,1.24031e-06,45.0728
0,225,74,0,0,45.0661
0,226,74,0,0,45.0593
0,227,74,0,0,45.0524
0,228,74,0,0,45.0454
0,229,74,0,0,45.0382
0,230,74,0,0,45.0309
0,231,74,0,0,45.0234
0,232,74,0,0,45.0157
0,233,74,0,0,45.0079
0,234,74,0,0,44.9999
0,235,74,0,0,44.9918
0,236,74,0,0,44.9836
0,237,74,0,0,44.9754
0,238,74,0,0,44.9671
0,239,74,0,0,44.9588
0,240,74,0,0,44.9504
0,241,74,0,0,44.942
0,242,74,0,0,44.9336
0,243,74,0,0,44.9252
0,244,74,0,0,44.9168
0,245,74,0,0,44.9086
0,246,74,0,0,44.9005
0,247,74,0,0,44.8927
0,248,74,0,0,44.8851
0,249,74,0,0,44.878
0,250,74,0,0,44.8713
0,251,74,0,0,44.8653
0,252,74,0,0,44.8601
0,253,74,0,0,44.8557
0,254,74,0,0,44.8523
0,255,74,0,0,44.8499
0,0,75,0,1.24031e-06,47.4199
0,1,75,0,0,47.4195
0,2,75,0,0,47.4189
0,3,75,0,0,47.4181
0,4,75,0,0,47.4168
0,5,75,0,0,47.4151
0,6,75,0,0,47.4129
0,7,75,0,0,47.41
0,8,75,0,0,47.4065
0,9,75,0,0,47.4023
0,10,75,0,0,47.3973
0,11,75,0,0,47.3916
0,12,75,0,0,47.3852
0,13,75,0,0,47.3779
0,14,75,0,0,47.37
0,15,75,0,0,47.3612
0,16,75,0,0,47.3518
0,17,75,0,0,47.3415
0,18,75,0,0,47.3306
0,19,75,0,0,47.3189
0,20,75,0,0,47.3065
0,21,75,0,0,47.2934
0,22,75,0,0,47.2797
0,23,75,0,0,47.2652
0,24,75,0,0,47.2501
0,25,75,0,0,47.2343
0,26,75,0,0,47.2178
0,27,75,0,0,47.2006
0,28,75,0,0,47.1827
0,29,75,0,0,47.1641
0,30,75,0,0,47.1448
0,31,75,0,0,47.1249
0,32,75,0,1.24031e-06,47.1044
0,33,75,0,0,47.0832
0,34,75,0,0,47.0615
0,35,75,0,0,47.0394
0,36,75,0,0,47.017
0,37,75,0,0,46.9944
0,38,75,0,0,46.9715
0,39,75,0,0,46.9486
0,40,75,0,0,46.9256
0,41,75,0,0,46.9026
0,42,75,0,0,46.8797
0,43,75,0,0,46.857
0,44,75,0,0,46.8345
0,45,75,0,0,46.8124
0,46,75,0,0,46.7906
0,47,75,0,0,46.7692
0,48,75,0,0,46.7482
0,49,75,0,0,46.7277
0,50,75,0,0,46.7076
0,51,75,0,0,46.6879
0,52,75,0,0,46.6686
0,53,75,0,0,46.6496
0,54,75,0,0,46.6309
0,55,75,0,0,46.6125
0,56,75,0,0,46.5942
0,57,75,0,0,46.5761
0,58,75,0,0,46.558
0,59,75,0,0,46.5399
0,60,75,0,0,46.5217
0,61,75,0,0,46.5035
0,62,75,0,0,46.4851
0,63,75,0,0,46.4667
0,64,75,0,1.24031e-06,46.4482
0,65,75,0,0,46.4294
0,66,75,0,0,46.4106
0,67,75,0,0,46.3917
0,68,75,0,0,46.3727
0,69,75,0,0,46.3537
0,70,75,0,0,46.3347
0,71,75,0,0,46.3157
0,72,75,0,0,46.2968
0,73,75,0,0,46.2779
0,74,75,0,0,46.2591
0,75,75,0,0,46.2405
0,76,75,0,0,46.2221
0,77,75,0,0,46.2039
0,78,75,0,0,46.186
0,79,75,0,0,46.1684
0,80,75,0,0,46.1511
0,81,75,0,0,46.1341
0,82,75,0,0,46.1176
0,83,75,0,0,46.1015
0,84,75,0,0,46.0859
0,85,75,0,0,46.0708
0,86,75,0,0,46.0561
0,87,75,0,0,46.042
0,88,75,0,0,46.0283
0,89,75,0,0,46.0151
0,90,75,0,0,46.0022
0,91,75,0,0,45.9897
0,92,75,0,0,45.9775
0,93,75,0,0,45.9656
0,94,75,0,0,45.9539
0,95,75,0,0,45.9425
0,96,75,0,1.24031e-06,45.9314
0,97,75,0,0,45.9203
0,98,75,0,0,45.9094
0,99,75,0,0,45.8988
0,100,75,0,0,45.8883
0,101,75,0,0,45.8779
0,102,75,0,0,45.8677
0,103,75,0,0,45.8575
0,104,75,0,0,45.8474
0,105,75,0,0,45.8374
0,106,75,0,0,45.8274
0,107,75,0,0,45.8175
0,108,75,0,0,45.8076
0,109,75,0,0,45.7978
0,110,75,0,0,45.7879
0,111,75,0,0,45.7781
0,112,75,0,0,45.7683
0,113,75,0,0,45.7585
0,114,75,0,0,45.7487
0,115,75,0,0,45.7388
0,116,75,0,0,45.7288
0,117,75,0,0,45.7189
0,118,75,0,0,45.7088
0,119,75,0,0,45.6987
0,120,75,0,0,45.6885
0,121,75,0,0,45.6782
0,122,75,0,0,45.6678
0,123,75,0,0,45.6573
0,124,75,0,0,45.6468
0,125,75,0,0,45.6362
0,126,75,0,0,45.6256
0,127,75,0,0,45.6149
0,128,75,0,1.24031e-06,45.6042
0,129,75,0,0,45.5934
0,130,75,0,0,45.5826
0,131,75,0,0,45.5717
0,132,75,0,0,45.5609
0,133,75,0,0,45.55
0,134,75,0,0,45.5393
0,135,75,0,0,45.5286
0,136,75,0,0,45.518
0,137,75,0,0,45.5075
0,138,75,0,0,45.4973
0,139,75,0,0,45.4872
0,140,75,0,0,45.4773
0,141,75,0,0,45.4677
0,142,75,0,0,45.4582
0,143,75,0,0,45.449
0,144,75,0,0,45.4399
0,145,75,0,0,45.4311
0,146,75,0,0,45.4224
0,147,75,0,0,45.4139
0,148,75,0,0,45.4055
0,149,75,0,0,45.3974
0,150,75,0,0,45.3893
0,151,75,0,0,45.3814
0,152,75,0,0,45.3735
0,153,75,0,0,45.3657
0,154,75,0,0,45.358
0,155,75,0,0,45.3504
0,156,75,0,0,45.3429
0,157,75,0,0,45.3354
0,158,75,0,0,45.3282
0,159,75,0,0,45.321
0,160,75,0,1.24031e-06,45.3141
0,161,75,0,0,45.3073
0,162,75,0,0,45.3006
0,163,75,0,0,45.2941
0,164,75,0,0,45.2878
0,165,75,0,0,45.2815
0,166,75,0,0,45.2754
0,167,75,0,0,45.2692
0,168,75,0,0,45.263
0,169,75,0,0,45.2567
0,170,75,0,0,45.2503
0,171,75,0,0,45.2439
0,172,75,0,0,45.2373
0,173,75,0,0,45.2306
0,174,75,0,0,45.2238
0,175,75,0,0,45.2169
0,176,75,0,0,45.21
0,177,75,0,0,45.2029
0,178,75,0,0,45.1959
0,179,75,0,0,45.1888
0,180,75,0,0,45.1816
0,181,75,0,0,45.1745
0,182,75,0,0,45.1672
0,183,75,0,0,45.16
0,184,75,0,0,45.1527
0,185,75,0,0,45.1453
0,186,75,0,0,45.1379
0,187,75,0,0,45.1304
0,188,75,0,0,45.1229
0,189,75,0,0,45.1154
0,190,75,0,0,45.1079
0,191,75,0,0,45.1005
0,192,75,0,1.24031e-06,45.0931
0,193,75,0,0,45.0857
0,194,75,0,0,45.0784
0,195,75,0,0,45.0713
0,196,75,0,0,45.0644
0,197,75,0,0,45.0577
0,198,75,0,0,45.0512
0,199,75,0,0,45.0449
0,200,75,0,0,45.0388
0,201,75,0,0,45.0329
0,202,75,0,0,45.0272
0,203,75,0,0,45.0215
0,204,75,0,0,45.016
0,205,75,0,0,45.0106
0,206,75,0,0,45.0052
0,207,75,0,0,44.9998
0,208,75,0,0,44.9946
0,209,75,0,0,44.9893
0,210,75,0,0,44.9842
0,211,75,0,0,44.9791
0,212,75,0,0,44.974
0,213,75,0,0,44.9691
0,214,75,0,0,44.9641
0,215,75,0,0,44.9592
0,216,75,0,0,44.9542
0,217,75,0,0,44.9491
0,218,75,0,0,44.9438
0,219,75,0,0,44.9385
0,220,75,0,0,44.9329
0,221,75,0,0,44.9272
0,222,75,0,0,44.9214
0,223,75,0,0,44.9154
0,224,75,0,1.24031e-06,44.9093
0,225,75,0,0,44.9029
0,226,75,0,0,44.8964
0,227,75,0,0,44.8899
0,228,75,0,0,44.8832
0,229,75,0,0,44.8763
0,230,75,0,0,44.8694
0,231,75,0,0,44.8623
0,232,75,0,0,44.8551
0,233,75,0,0,44.8478
0,234,75,0,0,44.8404
0,235,75,0,0,44.8329
0,236,75,0,0,44.8253
0,237,75,0,0,44.8177
0,238,75,0,0,44.81
0,239,75,0,0,44.8023
0,240,75,0,0,44.7947
0,241,75,0,0,44.787
0,242,75,0,0,44.7794
0,243,75,0,0,44.7718
0,244,75,0,0,44.7643
0,245,75,0,0,44.757
0,246,75,0,0,44.7499
0,247,75,0,0,44.743
0,248,75,0,0,44.7365
0,249,75,0,0,44.7303
0,250,75,0,0,44.7247
0,251,75,0,0,44.7196
0,252,75,0,0,44.7152
0,253,75,0,0,44.7116
0,254,75,0,0,44.7087
0,255,75,0,0,44.7068
0,0,76,0,1.24031e-06,47.1696
0,1,76,0,0,47.169
0,2,76,0,0,47.1681
0,3,76,0,0,47.167
0,4,76,0,0,47.1654
0,5,76,0,0,47.1634
0,6,76,0,0,47.1609
0,7,76,0,0,47.1578
0,8,76,0,0,47.1542
0,9,76,0,0,47.1499
0,10,76,0,0,47.145
0,11,76,0,0,47.1393
0,12,76,0,0,47.133
0,13,76,0,0,47.126
0,14,76,0,0,47.1183
0,15,76,0,0,47.11
0,16,76,0,0,47.1009
0,17,76,0,0,47.0911
0,18,76,0,0,47.0807
0,19,76,0,0,47.0695
0,20,76,0,0,47.0578
0,21,76,0,0,47.0453
0,22,76,0,0,47.0323
0,23,76,0,0,47.0185
0,24,76,0,0,47.0042
0,25,76,0,0,46.9892
0,26,76,0,0,46.9736
0,27,76,0,0,46.9573
0,28,76,0,0,46.9404
0,29,76,0,0,46.9229
0,30,76,0,0,46.9048
0,31,76,0,0,46.8861
0,32,76,0,1.24031e-06,46.8669
0,33,76,0,0,46.8471
0,34,76,0,0,46.8269
0,35,76,0,0,46.8063
0,36,76,0,0,46.7855
0,37,76,0,0,46.7644
0,38,76,0,0,46.7431
0,39,76,0,0,46.7217
0,40,76,0,0,46.7002
0,41,76,0,0,46.6787
0,42,76,0,0,46.6573
0,43,76,0,0,46.636
0,44,76,0,0,46.6149
0,45,76,0,0,46.594
0,46,76,0,0,46.5734
0,47,76,0,0,46.5531
0,48,76,0,0,46.5332
0,49,76,0,0,46.5135
0,50,76,0,0,46.4942
0,51,76,0,0,46.4752
0,52,76,0,0,46.4565
0,53,76,0,0,46.4381
0,54,76,0,0,46.4199
0,55,76,0,0,46.402
0,56,76,0,0,46.3841
0,57,76,0,0,46.3664
0,58,76,0,0,46.3487
0,59,76,0,0,46.3311
0,60,76,0,0,46.3135
0,61,76,0,0,46.2958
0,62,76,0,0,46.2781
0,63,76,0,0,46.2603
0,64,76,0,1.24031e-06,46.2425
0,65,76,0,0,46.2245
0,66,76,0,0,46.2065
0,67,76,0,0,46.1884
0,68,76,0,0,46.1703
0,69,76,0,0,46.1521
0,70,76,0,0,46.134
0,71,76,0,0,46.1159
0,72,76,0,0,46.0979
0,73,76,0,0,46.08
0,74,76,0,0,46.0622
0,75,76,0,0,46.0445
0,76,76,0,0,46.0271
0,77,76,0,0,46.0098
0,78,76,0,0,45.9928
0,79,76,0,0,45.976
0,80,76,0,0,45.9595
0,81,76,0,0,45.9434
0,82,76,0,0,45.9276
0,83,76,0,0,45.9122
0,84,76,0,0,45.8972
0,85,76,0,0,45.8827
0,86,76,0,0,45.8685
0,87,76,0,0,45.8548
0,88,76,0,0,45.8414
0,89,76,0,0,45.8284
0,90,76,0,0,45.8158
0,91,76,0,0,45.8035
0,92,76,0,0,45.7915
0,93,76,0,0,45.7797
0,94,76,0,0,45.7683
0,95,76,0,0,45.757
0,96,76,0,1.24031e-06,45.746
0,97,76,0,0,45.7351
0,98,76,0,0,45.7243
0,99,76,0,0,45.7138
0,100,76,0,0,45.7034
0,101,76,0,0,45.6931
0,102,76,0,0,45.683
0,103,76,0,0,45.6729
0,104,76,0,0,45.663
0,105,76,0,0,45.6531
0,106,76,0,0,45.6433
0,107,76,0,0,45.6335
0,108,76,0,0,45.6237
0,109,76,0,0,45.614
0,110,76,0,0,45.6044
0,111,76,0,0,45.5947
0,112,76,0,0,45.5851
0,113,76,0,0,45.5754
0,114,76,0,0,45.5658
0,115,76,0,0,45.5561
0,116,76,0,0,45.5464
0,117,76,0,0,45.5366
0,118,76,0,0,45.5268
0,119,76,0,0,45.517
0,120,76,0,0,45.507
0,121,76,0,0,45.4971
0,122,76,0,0,45.487
0,123,76,0,0,45.4769
0,124,76,0,0,45.4668
0,125,76,0,0,45.4566
0,126,76,0,0,45.4464
0,127,76,0,0,45.4362
0,128,76,0,1.24031e-06,45.4259
0,129,76,0,0,45.4155
0,130,76,0,0,45.4052
0,131,76,0,0,45.3948
0,132,76,0,0,45.3844
0,133,76,0,0,45.3741
0,134,76,0,0,45.3639
0,135,76,0,0,45.3537
0,136,76,0,0,45.3436
0,137,76,0,0,45.3337
0,138,76,0,0,45.3239
0,139,76,0,0,45.3142
0,140,76,0,0,45.3047
0,141,76,0,0,45.2954
0,142,76,0,0,45.2863
0,143,76,0,0,45.2774
0,144,76,0,0,45.2686
0,145,76,0,0,45.26
0,146,76,0,0,45.2515
0,147,76,0,0,45.2432
0,148,76,0,0,45.2351
0,149,76,0,0,45.2271
0,150,76,0,0,45.2192
0,151,76,0,0,45.2115
0,152,76,0,0,45.2038
0,153,76,0,0,45.1962
0,154,76,0,0,45.1887
0,155,76,0,0,45.1813
0,156,76,0,0,45.174
0,157,76,0,0,45.1668
0,158,76,0,0,45.1598
0,159,76,0,0,45.1529
0,160,76,0,1.24031e-06,45.1461
0,161,76,0,0,45.1393
0,162,76,0,0,45.1328
0,163,76,0,0,45.1263
0,164,76,0,0,45.12
0,165,76,0,0,45.1137
0,166,76,0,0,45.1075
0,167,76,0,0,45.1013
0,168,76,0,0,45.0951
0,169,76,0,0,45.0888
0,170,76,0,0,45.0825
0,171,76,0,0,45.0761
0,172,76,0,0,45.0697
0,173,76,0,0,45.0632
0,174,76,0,0,45.0566
0,175,76,0,0,45.05
0,176,76,0,0,45.0432
0,177,76,0,0,45.0365
0,178,76,0,0,45.0297
0,179,76,0,0,45.0228
0,180,76,0,0,45.0159
0,181,76,0,0,45.009
0,182,76,0,0,45.0021
0,183,76,0,0,44.9951
0,184,76,0,0,44.9881
0,185,76,0,0,44.981
0,186,76,0,0,44.9739
0,187,76,0,0,44.9668
0,188,76,0,0,44.9597
0,189,76,0,0,44.9526
0,190,76,0,0,44.9455
0,191,76,0,0,44.9385
0,192,76,0,1.24031e-06,44.9315
0,193,76,0,0,44.9245
0,194,76,0,0,44.9176
0,195,76,0,0,44.9109
0,196,76,0,0,44.9043
0,197,76,0,0,44.8978
0,198,76,0,0,44.8916
0,199,76,0,0,44.8854
0,200,76,0,0,44.8795
0,201,76,0,0,44.8737
0,202,76,0,0,44.868
0,203,76,0,0,44.8625
0,204,76,0,0,44.857
0,205,76,0,0,44.8517
0,206,76,0,0,44.8464
0,207,76,0,0,44.8411
0,208,76,0,0,44.8359
0,209,76,0,0,44.8308
0,210,76,0,0,44.8257
0,211,76,0,0,44.8207
0,212,76,0,0,44.8157
0,213,76,0,0,44.8107
0,214,76,0,0,44.8058
0,215,76,0,0,44.8008
0,216,76,0,0,44.7958
0,217,76,0,0,44.7907
0,218,76,0,0,44.7856
0,219,76,0,0,44.7803
0,220,76,0,0,44.7749
0,221,76,0,0,44.7694
0,222,76,0,0,44.7638
0,223,76,0,0,44.7581
0,224,76,0,1.24031e-06,44.7522
0,225,76,0,0,44.7461
0,226,76,0,0,44.74
0,227,76,0,0,44.7337
0,228,76,0,0,44.7273
0,229,76,0,0,44.7209
0,230,76,0,0,44.7143
0,231,76,0,0,44.7076
0,232,76,0,0,44.7009
0,233,76,0,0,44.694
0,234,76,0,0,44.6871
0,235,76,0,0,44.6802
0,236,76,0,0,44.6731
0,237,76,0,0,44.6661
0,238,76,0,0,44.659
0,239,76,0,0,44.652
0,240,76,0,0,44.645
0,241,76,0,0,44.638
0,242,76,0,0,44.6311
0,243,76,0,0,44.6242
0,244,76,0,0,44.6176
0,245,76,0,0,44.611
0,246,76,0,0,44.6047
0,247,76,0,0,44.5987
0,248,76,0,0,44.593
0,249,76,0,0,44.5877
0,250,76,0,0,44.5828
0,251,76,0,0,44.5785
0,252,76,0,0,44.5747
0,253,76,0,0,44.5716
0,254,76,0,0,44.5693
0,255,76,0,0,44.5677
0,0,77,0,1.24031e-06,46.9285
0,1,77,0,0,46.9278
0,2,77,0,0,46.9268
0,3,77,0,0,46.9255
0,4,77,0,0,46.9237
0,5,77,0,0,46.9215
0,6,77,0,0,46.9189
0,7,77,0,0,46.9157
0,8,77,0,0,46.912
0,9,77,0,0,46.9076
0,10,77,0,0,46.9027
0,11,77,0,0,46.8972
0,12,77,0,0,46.8911
0,13,77,0,0,46.8843
0,14,77,0,0,46.8769
0,15,77,0,0,46.8688
0,16,77,0,0,46.8601
0,17,77,0,0,46.8508
0,18,77,0,0,46.8408
0,19,77,0,0,46.8303
0,20,77,0,0,46.819
0,21,77,0,0,46.8072
0,22,77,0,0,46.7948
0,23,77,0,0,46.7818
0,24,77,0,0,46.7681
0,25,77,0,0,46.7539
0,26,77,0,0,46.7391
0,27,77,0,0,46.7238
0,28,77,0,0,46.7078
0,29,77,0,0,46.6913
0,30,77,0,0,46.6743
0,31,77,0,0,46.6568
0,32,77,0,1.24031e-06,46.6388
0,33,77,0,0,46.6203
0,34,77,0,0,46.6014
0,35,77,0,0,46.5822
0,36,77,0,0,46.5627
0,37,77,0,0,46.543
0,38,77,0,0,46.5231
0,39,77,0,0,46.5031
0,40,77,0,0,46.483
0,41,77,0,0,46.4629
0,42,77,0,0,46.4428
0,43,77,0,0,46.4228
0,44,77,0,0,46.4029
0,45,77,0,0,46.3832
0,46,77,0,0,46.3637
0,47,77,0,0,46.3445
0,48,77,0,0,46.3254
0,49,77,0,0,46.3067
0,50,77,0,0,46.2881
0,51,77,0,0,46.2699
0,52,77,0,0,46.2518
0,53,77,0,0,46.234
0,54,77,0,0,46.2164
0,55,77,0,0,46.199
0,56,77,0,0,46.1816
0,57,77,0,0,46.1644
0,58,77,0,0,46.1473
0,59,77,0,0,46.1302
0,60,77,0,0,46.1131
0,61,77,0,0,46.096
0,62,77,0,0,46.0789
0,63,77,0,0,46.0617
0,64,77,0,1.24031e-06,46.0446
0,65,77,0,0,46.0273
0,66,77,0,0,46.01
0,67,77,0,0,45.9927
0,68,77,0,0,45.9754
0,69,77,0,0,45.9581
0,70,77,0,0,45.9408
0,71,77,0,0,45.9236
0,72,77,0,0,45.9064
0,73,77,0,0,45.8894
0,74,77,0,0,45.8724
0,75,77,0,0,45.8556
0,76,77,0,0,45.839
0,77,77,0,0,45.8226
0,78,77,0,0,45.8064
0,79,77,0,0,45.7904
0,80,77,0,0,45.7747
0,81,77,0,0,45.7593
0,82,77,0,0,45.7442
0,83,77,0,0,45.7294
0,84,77,0,0,45.715
0,85,77,0,0,45.701
0,86,77,0,0,45.6873
0,87,77,0,0,45.6739
0,88,77,0,0,45.6609
0,89,77,0,0,45.6483
0,90,77,0,0,45.6359
0,91,77,0,0,45.6238
0,92,77,0,0,45.6121
0,93,77,0,0,45.6005
0,94,77,0,0,45.5892
0,95,77,0,0,45.5782
0,96,77,0,1.24031e-06,45.5673
0,97,77,0,0,45.5566
0,98,77,0,0,45.546
0,99,77,0,0,45.5356
0,100,77,0,0,45.5253
0,101,77,0,0,45.5152
0,102,77,0,0,45.5051
0,103,77,0,0,45.4952
0,104,77,0,0,45.4854
0,105,77,0,0,45.4757
0,106,77,0,0,45.466
0,107,77,0,0,45.4564
0,108,77,0,0,45.4468
0,109,77,0,0,45.4372
0,110,77,0,0,45.4277
0,111,77,0,0,45.4183
0,112,77,0,0,45.4088
0,113,77,0,0,45.3993
0,114,77,0,0,45.3899
0,115,77,0,0,45.3804
0,116,77,0,0,45.3709
0,117,77,0,0,45.3614
0,118,77,0,0,45.3518
0,119,77,0,0,45.3422
0,120,77,0,0,45.3326
0,121,77,0,0,45.3229
0,122,77,0,0,45.3132
0,123,77,0,0,45.3035
0,124,77,0,0,45.2937
0,125,77,0,0,45.2839
0,126,77,0,0,45.2741
0,127,77,0,0,45.2642
0,128,77,0,1.24031e-06,45.2544
0,129,77,0,0,45.2444
0,130,77,0,0,45.2345
0,131,77,0,0,45.2246
0,132,77,0,0,45.2147
0,133,77,0,0,45.2048
0,134,77,0,0,45.195
0,135,77,0,0,45.1853
0,136,77,0,0,45.1757
0,137,77,0,0,45.1662
0,138,77,0,0,45.1568
0,139,77,0,0,45.1475
0,140,77,0,0,45.1384
0,141,77,0,0,45.1295
0,142,77,0,0,45.1207
0,143,77,0,0,45.112
0,144,77,0,0,45.1035
0,145,77,0,0,45.0951
0,146,77,0,0,45.0869
0,147,77,0,0,45.0789
0,148,77,0,0,45.0709
0,149,77,0,0,45.0631
0,150,77,0,0,45.0554
0,151,77,0,0,45.0479
0,152,77,0,0,45.0404
0,153,77,0,0,45.033
0,154,77,0,0,45.0257
0,155,77,0,0,45.0185
0,156,77,0,0,45.0114
0,157,77,0,0,45.0045
0,158,77,0,0,44.9976
0,159,77,0,0,44.9908
0,160,77,0,1.24031e-06,44.9842
0,161,77,0,0,44.9776
0,162,77,0,0,44.9711
0,163,77,0,0,44.9647
0,164,77,0,0,44.9584
0,165,77,0,0,44.9521
0,166,77,0,0,44.9459
0,167,77,0,0,44.9398
0,168,77,0,0,44.9336
0,169,77,0,0,44.9274
0,170,77,0,0,44.9212
0,171,77,0,0,44.9149
0,172,77,0,0,44.9086
0,173,77,0,0,44.9023
0,174,77,0,0,44.8959
0,175,77,0,0,44.8894
0,176,77,0,0,44.8829
0,177,77,0,0,44.8764
0,178,77,0,0,44.8698
0,179,77,0,0,44.8632
0,180,77,0,0,44.8566
0,181,77,0,0,44.8499
0,182,77,0,0,44.8432
0,183,77,0,0,44.8365
0,184,77,0,0,44.8298
0,185,77,0,0,44.823
0,186,77,0,0,44.8163
0,187,77,0,0,44.8095
0,188,77,0,0,44.8027
0,189,77,0,0,44.796
0,190,77,0,0,44.7892
0,191,77,0,0,44.7826
0,192,77,0,1.24031e-06,44.7759
0,193,77,0,0,44.7693
0,194,77,0,0,44.7627
0,195,77,0,0,44.7563
0,196,77,0,0,44.75
0,197,77,0,0,44.7438
0,198,77,0,0,44.7377
0,199,77,0,0,44.7318
0,200,77,0,0,44.726
0,201,77,0,0,44.7203
0,202,77,0,0,44.7148
0,203,77,0,0,44.7093
0,204,77,0,0,44.704
0,205,77,0,0,44.6987
0,206,77,0,0,44.6935
0,207,77,0,0,44.6883
0,208,77,0,0,44.6832
0,209,77,0,0,44.6782
0,210,77,0,0,44.6732
0,211,77,0,0,44.6682
0,212,77,0,0,44.6633
0,213,77,0,0,44.6584
0,214,77,0,0,44.6535
0,215,77,0,0,44.6485
0,216,77,0,0,44.6436
0,217,77,0,0,44.6386
0,218,77,0,0,44.6335
0,219,77,0,0,44.6284
0,220,77,0,0,44.6232
0,221,77,0,0,44.6178
0,222,77,0,0,44.6124
0,223,77,0,0,44.6069
0,224,77,0,1.24031e-06,44.6013
0,225,77,0,0,44.5955
0,226,77,0,0,44.5896
0,227,77,0,0,44.5837
0,228,77,0,0,44.5776
0,229,77,0,0,44.5715
0,230,77,0,0,44.5653
0,231,77,0,0,44.5591
0,232,77,0,0,44.5527
0,233,77,0,0,44.5463
0,234,77,0,0,44.5399
0,235,77,0,0,44.5334
0,236,77,0,0,44.5269
0,237,77,0,0,44.5204
0,238,77,0,0,44.5139
0,239,77,0,0,44.5074
0,240,77,0,0,44.501
0,241,77,0,0,44.4946
0,242,77,0,0,44.4883
0,243,77,0,0,44.4822
0,244,77,0,0,44.4762
0,245,77,0,0,44.4703
0,246,77,0,0,44.4647
0,247,77,0,0,44.4594
0,248,77,0,0,44.4544
0,249,77,0,0,44.4498
0,250,77,0,0,44.4456
0,251,77,0,0,44.4418
0,252,77,0,0,44.4386
0,253,77,0,0,44.436
0,254,77,0,0,44.434
0,255,77,0,0,44.4326
0,0,78,0,1.24031e-06,46.6966
0,1,78,0,0,46.6958
0,2,78,0,0,46.6947
0,3,78,0,0,46.6932
0,4,78,0,0,46.6914
0,5,78,0,0,46.6891
0,6,78,0,0,46.6863
0,7,78,0,0,46.6831
0,8,78,0,0,46.6793
0,9,78,0,0,46.6751
0,10,78,0,0,46.6702
0,11,78,0,0,46.6648
0,12,78,0,0,46.6589
0,13,78,0,0,46.6523
0,14,78,0,0,46.6452
0,15,78,0,0,46.6374
0,16,78,0,0,46.6291
0,17,78,0,0,46.6202
0,18,78,0,0,46.6107
0,19,78,0,0,46.6006
0,20,78,0,0,46.5899
0,21,78,0,0,46.5787
0,22,78,0,0,46.5669
0,23,78,0,0,46.5545
0,24,78,0,0,46.5416
0,25,78,0,0,46.5281
0,26,78,0,0,46.5141
0,27,78,0,0,46.4996
0,28,78,0,0,46.4846
0,29,78,0,0,46.4691
0,30,78,0,0,46.4531
0,31,78,0,0,46.4366
0,32,78,0,1.24031e-06,46.4197
0,33,78,0,0,46.4024
0,34,78,0,0,46.3847
0,35,78,0,0,46.3667
0,36,78,0,0,46.3485
0,37,78,0,0,46.33
0,38,78,0,0,46.3114
0,39,78,0,0,46.2926
0,40,78,0,0,46.2738
0,41,78,0,0,46.2549
0,42,78,0,0,46.236
0,43,78,0,0,46.2172
0,44,78,0,0,46.1984
0,45,78,0,0,46.1798
0,46,78,0,0,46.1613
0,47,78,0,0,46.143
0,48,78,0,0,46.1249
0,49,78,0,0,46.107
0,50,78,0,0,46.0892
0,51,78,0,0,46.0717
0,52,78,0,0,46.0543
0,53,78,0,0,46.0372
0,54,78,0,0,46.0201
0,55,78,0,0,46.0032
0,56,78,0,0,45.9865
0,57,78,0,0,45.9698
0,58,78,0,0,45.9532
0,59,78,0,0,45.9366
0,60,78,0,0,45.9201
0,61,78,0,0,45.9036
0,62,78,0,0,45.8871
0,63,78,0,0,45.8706
0,64,78,0,1.24031e-06,45.8541
0,65,78,0,0,45.8375
0,66,78,0,0,45.8209
0,67,78,0,0,45.8043
0,68,78,0,0,45.7878
0,69,78,0,0,45.7712
0,70,78,0,0,45.7547
0,71,78,0,0,45.7383
0,72,78,0,0,45.7219
0,73,78,0,0,45.7057
0,74,78,0,0,45.6895
0,75,78,0,0,45.6735
0,76,78,0,0,45.6577
0,77,78,0,0,45.642
0,78,78,0,0,45.6266
0,79,78,0,0,45.6113
0,80,78,0,0,45.5963
0,81,78,0,0,45.5816
0,82,78,0,0,45.5671
0,83,78,0,0,45.553
0,84,78,0,0,45.5391
0,85,78,0,0,45.5255
0,86,78,0,0,45.5123
0,87,78,0,0,45.4994
0,88,78,0,0,45.4867
0,89,78,0,0,45.4744
0,90,78,0,0,45.4623
0,91,78,0,0,45.4505
0,92,78,0,0,45.439
0,93,78,0,0,45.4277
0,94,78,0,0,45.4166
0,95,78,0,0,45.4058
0,96,78,0,1.24031e-06,45.3951
0,97,78,0,0,45.3845
0,98,78,0,0,45.3741
0,99,78,0,0,45.3638
0,100,78,0,0,45.3537
0,101,78,0,0,45.3437
0,102,78,0,0,45.3339
0,103,78,0,0,45.3241
0,104,78,0,0,45.3144
0,105,78,0,0,45.3048
0,106,78,0,0,45.2953
0,107,78,0,0,45.2859
0,108,78,0,0,45.2764
0,109,78,0,0,45.2671
0,110,78,0,0,45.2578
0,111,78,0,0,45.2484
0,112,78,0,0,45.2392
0,113,78,0,0,45.2299
0,114,78,0,0,45.2206
0,115,78,0,0,45.2114
0,116,78,0,0,45.2021
0,117,78,0,0,45.1928
0,118,78,0,0,45.1835
0,119,78,0,0,45.1742
0,120,78,0,0,45.1649
0,121,78,0,0,45.1555
0,122,78,0,0,45.1461
0,123,78,0,0,45.1367
0,124,78,0,0,45.1272
0,125,78,0,0,45.1178
0,126,78,0,0,45.1083
0,127,78,0,0,45.0988
0,128,78,0,1.24031e-06,45.0894
0,129,78,0,0,45.0798
0,130,78,0,0,45.0703
0,131,78,0,0,45.0608
0,132,78,0,0,45.0513
0,133,78,0,0,45.0419
0,134,78,0,0,45.0325
0,135,78,0,0,45.0232
0,136,78,0,0,45.014
0,137,78,0,0,45.0048
0,138,78,0,0,44.9958
0,139,78,0,0,44.9869
0,140,78,0,0,44.9782
0,141,78,0,0,44.9695
0,142,78,0,0,44.961
0,143,78,0,0,44.9527
0,144,78,0,0,44.9444
0,145,78,0,0,44.9363
0,146,78,0,0,44.9284
0,147,78,0,0,44.9205
0,148,78,0,0,44.9128
0,149,78,0,0,44.9052
0,150,78,0,0,44.8977
0,151,78,0,0,44.8903
0,152,78,0,0,44.883
0,153,78,0,0,44.8759
0,154,78,0,0,44.8688
0,155,78,0,0,44.8618
0,156,78,0,0,44.8549
0,157,78,0,0,44.8481
0,158,78,0,0,44.8414
0,159,78,0,0,44.8348
0,160,78,0,1.24031e-06,44.8283
0,161,78,0,0,44.8218
0,162,78,0,0,44.8154
0,163,78,0,0,44.8091
0,164,78,0,0,44.8028
0,165,78,0,0,44.7966
0,166,78,0,0,44.7905
0,167,78,0,0,44.7844
0,168,78,0,0,44.7783
0,169,78,0,0,44.7722
0,170,78,0,0,44.7661
0,171,78,0,0,44.7599
0,172,78,0,0,44.7538
0,173,78,0,0,44.7476
0,174,78,0,0,44.7414
0,175,78,0,0,44.7351
0,176,78,0,0,44.7288
0,177,78,0,0,44.7225
0,178,78,0,0,44.7161
0,179,78,0,0,44.7097
0,180,78,0,0,44.7033
0,181,78,0,0,44.6969
0,182,78,0,0,44.6905
0,183,78,0,0,44.684
0,184,78,0,0,44.6776
0,185,78,0,0,44.6711
0,186,78,0,0,44.6646
0,187,78,0,0,44.6581
0,188,78,0,0,44.6517
0,189,78,0,0,44.6452
0,190,78,0,0,44.6388
0,191,78,0,0,44.6324
0,192,78,0,1.24031e-06,44.6261
0,193,78,0,0,44.6198
0,194,78,0,0,44.6135
0,195,78,0,0,44.6074
0,196,78,0,0,44.6013
0,197,78,0,0,44.5953
0,198,78,0,0,44.5895
0,199,78,0,0,44.5838
0,200,78,0,0,44.5781
0,201,78,0,0,44.5726
0,202,78,0,0,44.5672
0,203,78,0,0,44.5619
0,204,78,0,0,44.5566
0,205,78,0,0,44.5514
0,206,78,0,0,44.5463
0,207,78,0,0,44.5413
0,208,78,0,0,44.5363
0,209,78,0,0,44.5313
0,210,78,0,0,44.5264
0,211,78,0,0,44.5215
0,212,78,0,0,44.5167
0,213,78,0,0,44.5118
0,214,78,0,0,44.507
0,215,78,0,0,44.5021
0,216,78,0,0,44.4973
0,217,78,0,0,44.4924
0,218,78,0,0,44.4874
0,219,78,0,0,44.4824
0,220,78,0,0,44.4773
0,221,78,0,0,44.4722
0,222,78,0,0,44.467
0,223,78,0,0,44.4617
0,224,78,0,1.24031e-06,44.4563
0,225,78,0,0,44.4508
0,226,78,0,0,44.4452
0,227,78,0,0,44.4395
0,228,78,0,0,44.4338
0,229,78,0,0,44.428
0,230,78,0,0,44.4222
0,231,78,0,0,44.4163
0,232,78,0,0,44.4103
0,233,78,0,0,44.4043
0,234,78,0,0,44.3983
0,235,78,0,0,44.3923
0,236,78,0,0,44.3863
0,237,78,0,0,44.3802
0,238,78,0,0,44.3743
0,239,78,0,0,44.3683
0,240,78,0,0,44.3624
0,241,78,0,0,44.3566
0,242,78,0,0,44.3509
0,243,78,0,0,44.3453
0,244,78,0,0,44.3399
0,245,78,0,0,44.3347
0,246,78,0,0,44.3297
0,247,78,0,0,44.325
0,248,78,0,0,44.3206
0,249,78,0,0,44.3165
0,250,78,0,0,44.3128
0,251,78,0,0,44.3096
0,252,78,0,0,44.3068
0,253,78,0,0,44.3045
0,254,78,0,0,44.3028
0,255,78,0,0,44.3016
0,0,79,0,1.24031e-06,46.4735
0,1,79,0,0,46.4727
0,2,79,0,0,46.4715
0,3,79,0,0,46.47
0,4,79,0,0,46.468
0,5,79,0,0,46.4657
0,6,79,0,0,46.4629
0,7,79,0,0,46.4596
0,8,79,0,0,46.4559
0,9,79,0,0,46.4517
0,10,79,0,0,46.447
0,11,79,0,0,46.4417
0,12,79,0,0,46.4359
0,13,79,0,0,46.4296
0,14,79,0,0,46.4227
0,15,79,0,0,46.4153
0,16,79,0,0,46.4073
0,17,79,0,0,46.3988
0,18,79,0,0,46.3897
0,19,79,0,0,46.3801
0,20,79,0,0,46.3699
0,21,79,0,0,46.3593
0,22,79,0,0,46.348
0,23,79,0,0,46.3363
0,24,79,0,0,46.3241
0,25,79,0,0,46.3113
0,26,79,0,0,46.2981
0,27,79,0,0,46.2844
0,28,79,0,0,46.2702
0,29,79,0,0,46.2556
0,30,79,0,0,46.2405
0,31,79,0,0,46.2251
0,32,79,0,1.24031e-06,46.2092
0,33,79,0,0,46.1929
0,34,79,0,0,46.1763
0,35,79,0,0,46.1595
0,36,79,0,0,46.1423
0,37,79,0,0,46.125
0,38,79,0,0,46.1075
0,39,79,0,0,46.0899
0,40,79,0,0,46.0722
0,41,79,0,0,46.0545
0,42,79,0,0,46.0367
0,43,79,0,0,46.0189
0,44,79,0,0,46.0012
0,45,79,0,0,45.9836
0,46,79,0,0,45.9661
0,47,79,0,0,45.9487
0,48,79,0,0,45.9314
0,49,79,0,0,45.9143
0,50,79,0,0,45.8973
0,51,79,0,0,45.8805
0,52,79,0,0,45.8638
0,53,79,0,0,45.8473
0,54,79,0,0,45.8309
0,55,79,0,0,45.8146
0,56,79,0,0,45.7984
0,57,79,0,0,45.7823
0,58,79,0,0,45.7662
0,59,79,0,0,45.7502
0,60,79,0,0,45.7343
0,61,79,0,0,45.7184
0,62,79,0,0,45.7025
0,63,79,0,0,45.6866
0,64,79,0,1.24031e-06,45.6707
0,65,79,0,0,45.6548
0,66,79,0,0,45.6389
0,67,79,0,0,45.623
0,68,79,0,0,45.6071
0,69,79,0,0,45.5913
0,70,79,0,0,45.5755
0,71,79,0,0,45.5598
0,72,79,0,0,45.5442
0,73,79,0,0,45.5287
0,74,79,0,0,45.5133
0,75,79,0,0,45.498
0,76,79,0,0,45.4829
0,77,79,0,0,45.4679
0,78,79,0,0,45.4531
0,79,79,0,0,45.4386
0,80,79,0,0,45.4242
0,81,79,0,0,45.4101
0,82,79,0,0,45.3962
0,83,79,0,0,45.3826
0,84,79,0,0,45.3693
0,85,79,0,0,45.3562
0,86,79,0,0,45.3434
0,87,79,0,0,45.3309
0,88,79,0,0,45.3186
0,89,79,0,0,45.3066
0,90,79,0,0,45.2949
0,91,79,0,0,45.2834
0,92,79,0,0,45.2721
0,93,79,0,0,45.261
0,94,79,0,0,45.2502
0,95,79,0,0,45.2395
0,96,79,0,1.24031e-06,45.2291
0,97,79,0,0,45.2187
0,98,79,0,0,45.2084
0,99,79,0,0,45.1984
0,100,79,0,0,45.1884
0,101,79,0,0,45.1786
0,102,79,0,0,45.1689
0,103,79,0,0,45.1593
0,104,79,0,0,45.1498
0,105,79,0,0,45.1404
0,106,79,0,0,45.131
0,107,79,0,0,45.1217
0,108,79,0,0,45.1125
0,109,79,0,0,45.1033
0,110,79,0,0,45.0941
0,111,79,0,0,45.085
0,112,79,0,0,45.0759
0,113,79,0,0,45.0669
0,114,79,0,0,45.0578
0,115,79,0,0,45.0488
0,116,79,0,0,45.0397
0,117,79,0,0,45.0307
0,118,79,0,0,45.0216
0,119,79,0,0,45.0126
0,120,79,0,0,45.0035
0,121,79,0,0,44.9944
0,122,79,0,0,44.9853
0,123,79,0,0,44.9762
0,124,79,0,0,44.9671
0,125,79,0,0,44.958
0,126,79,0,0,44.9488
0,127,79,0,0,44.9397
0,128,79,0,1.24031e-06,44.9306
0,129,79,0,0,44.9214
0,130,79,0,0,44.9122
0,131,79,0,0,44.9031
0,132,79,0,0,44.894
0,133,79,0,0,44.885
0,134,79,0,0,44.876
0,135,79,0,0,44.867
0,136,79,0,0,44.8582
0,137,79,0,0,44.8494
0,138,79,0,0,44.8408
0,139,79,0,0,44.8322
0,140,79,0,0,44.8238
0,141,79,0,0,44.8155
0,142,79,0,0,44.8073
0,143,79,0,0,44.7992
0,144,79,0,0,44.7912
0,145,79,0,0,44.7833
0,146,79,0,0,44.7756
0,147,79,0,0,44.768
0,148,79,0,0,44.7605
0,149,79,0,0,44.7531
0,150,79,0,0,44.7458
0,151,79,0,0,44.7386
0,152,79,0,0,44.7315
0,153,79,0,0,44.7245
0,154,79,0,0,44.7176
0,155,79,0,0,44.7108
0,156,79,0,0,44.7041
0,157,79,0,0,44.6975
0,158,79,0,0,44.6909
0,159,79,0,0,44.6845
0,160,79,0,1.24031e-06,44.6781
0,161,79,0,0,44.6717
0,162,79,0,0,44.6655
0,163,79,0,0,44.6592
0,164,79,0,0,44.6531
0,165,79,0,0,44.647
0,166,79,0,0,44.6409
0,167,79,0,0,44.6349
0,168,79,0,0,44.6289
0,169,79,0,0,44.6229
0,170,79,0,0,44.6169
0,171,79,0,0,44.6109
0,172,79,0,0,44.6049
0,173,79,0,0,44.5988
0,174,79,0,0,44.5927
0,175,79,0,0,44.5867
0,176,79,0,0,44.5805
0,177,79,0,0,44.5744
0,178,79,0,0,44.5683
0,179,79,0,0,44.5621
0,180,79,0,0,44.5559
0,181,79,0,0,44.5497
0,182,79,0,0,44.5435
0,183,79,0,0,44.5373
0,184,79,0,0,44.5311
0,185,79,0,0,44.5249
0,186,79,0,0,44.5187
0,187,79,0,0,44.5125
0,188,79,0,0,44.5063
0,189,79,0,0,44.5001
0,190,79,0,0,44.494
0,191,79,0,0,44.4879
0,192,79,0,1.24031e-06,44.4819
0,193,79,0,0,44.4759
0,194,79,0,0,44.4699
0,195,79,0,0,44.4639
0,196,79,0,0,44.4581
0,197,79,0,0,44.4524
0,198,79,0,0,44.4467
0,199,79,0,0,44.4412
0,200,79,0,0,44.4357
0,201,79,0,0,44.4303
0,202,79,0,0,44.4251
0,203,79,0,0,44.4199
0,204,79,0,0,44.4147
0,205,79,0,0,44.4097
0,206,79,0,0,44.4047
0,207,79,0,0,44.3997
0,208,79,0,0,44.3948
0,209,79,0,0,44.39
0,210,79,0,0,44.3851
0,211,79,0,0,44.3804
0,212,79,0,0,44.3756
0,213,79,0,0,44.3708
0,214,79,0,0,44.3661
0,215,79,0,0,44.3613
0,216,79,0,0,44.3566
0,217,79,0,0,44.3518
0,218,79,0,0,44.347
0,219,79,0,0,44.3421
0,220,79,0,0,44.3372
0,221,79,0,0,44.3322
0,222,79,0,0,44.3272
0,223,79,0,0,44.3221
0,224,79,0,1.24031e-06,44.317
0,225,79,0,0,44.3117
0,226,79,0,0,44.3064
0,227,79,0,0,44.301
0,228,79,0,0,44.2955
0,229,79,0,0,44.2901
0,230,79,0,0,44.2845
0,231,79,0,0,44.279
0,232,79,0,0,44.2734
0,233,79,0,0,44.2678
0,234,79,0,0,44.2622
0,235,79,0,0,44.2566
0,236,79,0,0,44.251
0,237,79,0,0,44.2454
0,238,79,0,0,44.2399
0,239,79,0,0,44.2344
0,240,79,0,0,44.2291
0,241,79,0,0,44.2238
0,242,79,0,0,44.2186
0,243,79,0,0,44.2135
0,244,79,0,0,44.2086
0,245,79,0,0,44.204
0,246,79,0,0,44.1995
0,247,79,0,0,44.1953
0,248,79,0,0,44.1914
0,249,79,0,0,44.1878
0,250,79,0,0,44.1845
0,251,79,0,0,44.1817
0,252,79,0,0,44.1793
0,253,79,0,0,44.1773
0,254,79,0,0,44.1758
0,255,79,0,0,44.1747
0,0,80,0,1.24031e-06,46.2589
0,1,80,0,0,46.2581
0,2,80,0,0,46.2569
0,3,80,0,0,46.2553
0,4,80,0,0,46.2534
0,5,80,0,0,46.251
0,6,80,0,0,46.2482
0,7,80,0,0,46.245
0,8,80,0,0,46.2413
0,9,80,0,0,46.2372
0,10,80,0,0,46.2326
0,11,80,0,0,46.2274
0,12,80,0,0,46.2218
0,13,80,0,0,46.2157
0,14,80,0,0,46.2091
0,15,80,0,0,46.202
0,16,80,0,0,46.1944
0,17,80,0,0,46.1862
0,18,80,0,0,46.1776
0,19,80,0,0,46.1684
0,20,80,0,0,46.1587
0,21,80,0,0,46.1486
0,22,80,0,0,46.138
0,23,80,0,0,46.1268
0,24,80,0,0,46.1152
0,25,80,0,0,46.1032
0,26,80,0,0,46.0907
0,27,80,0,0,46.0777
0,28,80,0,0,46.0643
0,29,80,0,0,46.0505
0,30,80,0,0,46.0363
0,31,80,0,0,46.0218
0,32,80,0,1.24031e-06,46.0069
0,33,80,0,0,45.9916
0,34,80,0,0,45.976
0,35,80,0,0,45.9601
0,36,80,0,0,45.944
0,37,80,0,0,45.9278
0,38,80,0,0,45.9113
0,39,80,0,0,45.8948
0,40,80,0,0,45.8781
0,41,80,0,0,45.8614
0,42,80,0,0,45.8446
0,43,80,0,0,45.8278
0,44,80,0,0,45.8111
0,45,80,0,0,45.7944
0,46,80,0,0,45.7778
0,47,80,0,0,45.7612
0,48,80,0,0,45.7448
0,49,80,0,0,45.7284
0,50,80,0,0,45.7122
0,51,80,0,0,45.6961
0,52,80,0,0,45.6801
0,53,80,0,0,45.6642
0,54,80,0,0,45.6484
0,55,80,0,0,45.6327
0,56,80,0,0,45.6171
0,57,80,0,0,45.6016
0,58,80,0,0,45.5861
0,59,80,0,0,45.5707
0,60,80,0,0,45.5553
0,61,80,0,0,45.54
0,62,80,0,0,45.5247
0,63,80,0,0,45.5094
0,64,80,0,1.24031e-06,45.4942
0,65,80,0,0,45.4789
0,66,80,0,0,45.4636
0,67,80,0,0,45.4483
0,68,80,0,0,45.4331
0,69,80,0,0,45.418
0,70,80,0,0,45.4029
0,71,80,0,0,45.3879
0,72,80,0,0,45.3729
0,73,80,0,0,45.3581
0,74,80,0,0,45.3434
0,75,80,0,0,45.3288
0,76,80,0,0,45.3143
0,77,80,0,0,45.3
0,78,80,0,0,45.2859
0,79,80,0,0,45.2719
0,80,80,0,0,45.2582
0,81,80,0,0,45.2447
0,82,80,0,0,45.2313
0,83,80,0,0,45.2183
0,84,80,0,0,45.2054
0,85,80,0,0,45.1928
0,86,80,0,0,45.1804
0,87,80,0,0,45.1683
0,88,80,0,0,45.1564
0,89,80,0,0,45.1447
0,90,80,0,0,45.1333
0,91,80,0,0,45.1221
0,92,80,0,0,45.1111
0,93,80,0,0,45.1003
0,94,80,0,0,45.0897
0,95,80,0,0,45.0793
0,96,80,0,1.24031e-06,45.069
0,97,80,0,0,45.0589
0,98,80,0,0,45.0488
0,99,80,0,0,45.0389
0,100,80,0,0,45.0292
0,101,80,0,0,45.0195
0,102,80,0,0,45.01
0,103,80,0,0,45.0006
0,104,80,0,0,44.9912
0,105,80,0,0,44.982
0,106,80,0,0,44.9728
0,107,80,0,0,44.9637
0,108,80,0,0,44.9546
0,109,80,0,0,44.9456
0,110,80,0,0,44.9367
0,111,80,0,0,44.9277
0,112,80,0,0,44.9189
0,113,80,0,0,44.91
0,114,80,0,0,44.9011
0,115,80,0,0,44.8923
0,116,80,0,0,44.8835
0,117,80,0,0,44.8747
0,118,80,0,0,44.8659
0,119,80,0,0,44.8571
0,120,80,0,0,44.8482
0,121,80,0,0,44.8394
0,122,80,0,0,44.8306
0,123,80,0,0,44.8218
0,124,80,0,0,44.813
0,125,80,0,0,44.8042
0,126,80,0,0,44.7954
0,127,80,0,0,44.7866
0,128,80,0,1.24031e-06,44.7778
0,129,80,0,0,44.769
0,130,80,0,0,44.7601
0,131,80,0,0,44.7514
0,132,80,0,0,44.7426
0,133,80,0,0,44.7339
0,134,80,0,0,44.7253
0,135,80,0,0,44.7167
0,136,80,0,0,44.7082
0,137,80,0,0,44.6998
0,138,80,0,0,44.6914
0,139,80,0,0,44.6832
0,140,80,0,0,44.6751
0,141,80,0,0,44.667
0,142,80,0,0,44.6591
0,143,80,0,0,44.6513
0,144,80,0,0,44.6436
0,145,80,0,0,44.6359
0,146,80,0,0,44.6284
0,147,80,0,0,44.621
0,148,80,0,0,44.6138
0,149,80,0,0,44.6066
0,150,80,0,0,44.5995
0,151,80,0,0,44.5925
0,152,80,0,0,44.5856
0,153,80,0,0,44.5788
0,154,80,0,0,44.572
0,155,80,0,0,44.5654
0,156,80,0,0,44.5589
0,157,80,0,0,44.5524
0,158,80,0,0,44.546
0,159,80,0,0,44.5397
0,160,80,0,1.24031e-06,44.5335
0,161,80,0,0,44.5273
0,162,80,0,0,44.5211
0,163,80,0,0,44.515
0,164,80,0,0,44.5089
0,165,80,0,0,44.5029
0,166,80,0,0,44.497
0,167,80,0,0,44.491
0,168,80,0,0,44.4851
0,169,80,0,0,44.4792
0,170,80,0,0,44.4734
0,171,80,0,0,44.4675
0,172,80,0,0,44.4616
0,173,80,0,0,44.4557
0,174,80,0,0,44.4498
0,175,80,0,0,44.4439
0,176,80,0,0,44.438
0,177,80,0,0,44.432
0,178,80,0,0,44.4261
0,179,80,0,0,44.4201
0,180,80,0,0,44.4141
0,181,80,0,0,44.4082
0,182,80,0,0,44.4022
0,183,80,0,0,44.3962
0,184,80,0,0,44.3902
0,185,80,0,0,44.3843
0,186,80,0,0,44.3783
0,187,80,0,0,44.3723
0,188,80,0,0,44.3664
0,189,80,0,0,44.3605
0,190,80,0,0,44.3547
0,191,80,0,0,44.3488
0,192,80,0,1.24031e-06,44.3431
0,193,80,0,0,44.3372
0,194,80,0,0,44.3315
0,195,80,0,0,44.3258
0,196,80,0,0,44.3202
0,197,80,0,0,44.3147
0,198,80,0,0,44.3092
0,199,80,0,0,44.3038
0,200,80,0,0,44.2985
0,201,80,0,0,44.2933
0,202,80,0,0,44.2882
0,203,80,0,0,44.2831
0,204,80,0,0,44.2781
0,205,80,0,0,44.2732
0,206,80,0,0,44.2683
0,207,80,0,0,44.2635
0,208,80,0,0,44.2587
0,209,80,0,0,44.2539
0,210,80,0,0,44.2492
0,211,80,0,0,44.2445
0,212,80,0,0,44.2399
0,213,80,0,0,44.2352
0,214,80,0,0,44.2306
0,215,80,0,0,44.2259
0,216,80,0,0,44.2213
0,217,80,0,0,44.2166
0,218,80,0,0,44.2119
0,219,80,0,0,44.2072
0,220,80,0,0,44.2024
0,221,80,0,0,44.1976
0,222,80,0,0,44.1928
0,223,80,0,0,44.188
0,224,80,0,1.24031e-06,44.183
0,225,80,0,0,44.178
0,226,80,0,0,44.1729
0,227,80,0,0,44.1678
0,228,80,0,0,44.1626
0,229,80,0,0,44.1575
0,230,80,0,0,44.1522
0,231,80,0,0,44.147
0,232,80,0,0,44.1418
0,233,80,0,0,44.1365
0,234,80,0,0,44.1313
0,235,80,0,0,44.1261
0,236,80,0,0,44.1209
0,237,80,0,0,44.1157
0,238,80,0,0,44.1106
0,239,80,0,0,44.1056
0,240,80,0,0,44.1007
0,241,80,0,0,44.0958
0,242,80,0,0,44.0911
0,243,80,0,0,44.0865
0,244,80,0,0,44.0821
0,245,80,0,0,44.0779
0,246,80,0,0,44.0739
0,247,80,0,0,44.0701
0,248,80,0,0,44.0666
0,249,80,0,0,44.0634
0,250,80,0,0,44.0605
0,251,80,0,0,44.058
0,252,80,0,0,44.0559
0,253,80,0,0,44.0541
0,254,80,0,0,44.0528
0,255,80,0,0,44.0519
0,0,81,0,1.24031e-06,46.0526
0,1,81,0,0,46.0517
0,2,81,0,0,46.0506
0,3,81,0,0,46.049
0,4,81,0,0,46.047
0,5,81,0,0,46.0447
0,6,81,0,0,46.0419
0,7,81,0,0,46.0388
0,8,81,0,0,46.0352
0,9,81,0,0,46.0311
0,10,81,0,0,46.0266
0,11,81,0,0,46.0217
0,12,81,0,0,46.0163
0,13,81,0,0,46.0104
0,14,81,0,0,46.004
0,15,81,0,0,45.9972
0,16,81,0,0,45.9899
0,17,81,0,0,45.9821
0,18,81,0,0,45.9739
0,19,81,0,0,45.9652
0,20,81,0,0,45.956
0,21,81,0,0,45.9463
0,22,81,0,0,45.9362
0,23,81,0,0,45.9257
0,24,81,0,0,45.9147
0,25,81,0,0,45.9033
0,26,81,0,0,45.8914
0,27,81,0,0,45.8792
0,28,81,0,0,45.8666
0,29,81,0,0,45.8535
0,30,81,0,0,45.8402
0,31,81,0,0,45.8265
0,32,81,0,1.24031e-06,45.8124
0,33,81,0,0,45.798
0,34,81,0,0,45.7833
0,35,81,0,0,45.7684
0,36,81,0,0,45.7533
0,37,81,0,0,45.738
0,38,81,0,0,45.7225
0,39,81,0,0,45.7069
0,40,81,0,0,45.6912
0,41,81,0,0,45.6754
0,42,81,0,0,45.6595
0,43,81,0,0,45.6437
0,44,81,0,0,45.6278
0,45,81,0,0,45.612
0,46,81,0,0,45.5962
0,47,81,0,0,45.5805
0,48,81,0,0,45.5648
0,49,81,0,0,45.5492
0,50,81,0,0,45.5337
0,51,81,0,0,45.5183
0,52,81,0,0,45.5029
0,53,81,0,0,45.4877
0,54,81,0,0,45.4725
0,55,81,0,0,45.4574
0,56,81,0,0,45.4424
0,57,81,0,0,45.4275
0,58,81,0,0,45.4126
0,59,81,0,0,45.3977
0,60,81,0,0,45.3829
0,61,81,0,0,45.3682
0,62,81,0,0,45.3535
0,63,81,0,0,45.3388
0,64,81,0,1.24031e-06,45.3241
0,65,81,0,0,45.3094
0,66,81,0,0,45.2948
0,67,81,0,0,45.2801
0,68,81,0,0,45.2656
0,69,81,0,0,45.251
0,70,81,0,0,45.2366
0,71,81,0,0,45.2222
0,72,81,0,0,45.2079
0,73,81,0,0,45.1937
0,74,81,0,0,45.1796
0,75,81,0,0,45.1657
0,76,81,0,0,45.1518
0,77,81,0,0,45.1381
0,78,81,0,0,45.1246
0,79,81,0,0,45.1113
0,80,81,0,0,45.0981
0,81,81,0,0,45.0851
0,82,81,0,0,45.0723
0,83,81,0,0,45.0597
0,84,81,0,0,45.0473
0,85,81,0,0,45.0351
0,86,81,0,0,45.0232
0,87,81,0,0,45.0114
0,88,81,0,0,44.9999
0,89,81,0,0,44.9886
0,90,81,0,0,44.9775
0,91,81,0,0,44.9666
0,92,81,0,0,44.9559
0,93,81,0,0,44.9453
0,94,81,0,0,44.935
0,95,81,0,0,44.9248
0,96,81,0,1.24031e-06,44.9148
0,97,81,0,0,44.9048
0,98,81,0,0,44.895
0,99,81,0,0,44.8853
0,100,81,0,0,44.8757
0,101,81,0,0,44.8663
0,102,81,0,0,44.8569
0,103,81,0,0,44.8477
0,104,81,0,0,44.8385
0,105,81,0,0,44.8295
0,106,81,0,0,44.8205
0,107,81,0,0,44.8115
0,108,81,0,0,44.8027
0,109,81,0,0,44.7939
0,110,81,0,0,44.7851
0,111,81,0,0,44.7764
0,112,81,0,0,44.7677
0,113,81,0,0,44.759
0,114,81,0,0,44.7504
0,115,81,0,0,44.7417
0,116,81,0,0,44.7332
0,117,81,0,0,44.7246
0,118,81,0,0,44.716
0,119,81,0,0,44.7074
0,120,81,0,0,44.6989
0,121,81,0,0,44.6903
0,122,81,0,0,44.6818
0,123,81,0,0,44.6732
0,124,81,0,0,44.6647
0,125,81,0,0,44.6562
0,126,81,0,0,44.6477
0,127,81,0,0,44.6392
0,128,81,0,1.24031e-06,44.6308
0,129,81,0,0,44.6222
0,130,81,0,0,44.6137
0,131,81,0,0,44.6053
0,132,81,0,0,44.5969
0,133,81,0,0,44.5885
0,134,81,0,0,44.5802
0,135,81,0,0,44.5719
0,136,81,0,0,44.5637
0,137,81,0,0,44.5556
0,138,81,0,0,44.5476
0,139,81,0,0,44.5397
0,140,81,0,0,44.5318
0,141,81,0,0,44.524
0,142,81,0,0,44.5164
0,143,81,0,0,44.5088
0,144,81,0,0,44.5013
0,145,81,0,0,44.494
0,146,81,0,0,44.4867
0,147,81,0,0,44.4795
0,148,81,0,0,44.4724
0,149,81,0,0,44.4654
0,150,81,0,0,44.4585
0,151,81,0,0,44.4517
0,152,81,0,0,44.445
0,153,81,0,0,44.4384
0,154,81,0,0,44.4318
0,155,81,0,0,44.4254
0,156,81,0,0,44.419
0,157,81,0,0,44.4127
0,158,81,0,0,44.4065
0,159,81,0,0,44.4003
0,160,81,0,1.24031e-06,44.3942
0,161,81,0,0,44.3881
0,162,81,0,0,44.3821
0,163,81,0,0,44.3761
0,164,81,0,0,44.3702
0,165,81,0,0,44.3643
0,166,81,0,0,44.3584
0,167,81,0,0,44.3526
0,168,81,0,0,44.3468
0,169,81,0,0,44.341
0,170,81,0,0,44.3353
0,171,81,0,0,44.3295
0,172,81,0,0,44.3238
0,173,81,0,0,44.318
0,174,81,0,0,44.3123
0,175,81,0,0,44.3065
0,176,81,0,0,44.3008
0,177,81,0,0,44.295
0,178,81,0,0,44.2893
0,179,81,0,0,44.2835
0,180,81,0,0,44.2777
0,181,81,0,0,44.272
0,182,81,0,0,44.2662
0,183,81,0,0,44.2604
0,184,81,0,0,44.2547
0,185,81,0,0,44.2489
0,186,81,0,0,44.2432
0,187,81,0,0,44.2375
0,188,81,0,0,44.2318
0,189,81,0,0,44.2261
0,190,81,0,0,44.2205
0,191,81,0,0,44.2149
0,192,81,0,1.24031e-06,44.2094
0,193,81,0,0,44.2038
0,194,81,0,0,44.1983
0,195,81,0,0,44.1928
0,196,81,0,0,44.1874
0,197,81,0,0,44.182
0,198,81,0,0,44.1768
0,199,81,0,0,44.1716
0,200,81,0,0,44.1664
0,201,81,0,0,44.1614
0,202,81,0,0,44.1564
0,203,81,0,0,44.1515
0,204,81,0,0,44.1466
0,205,81,0,0,44.1418
0,206,81,0,0,44.137
0,207,81,0,0,44.1323
0,208,81,0,0,44.1276
0,209,81,0,0,44.123
0,210,81,0,0,44.1184
0,211,81,0,0,44.1138
0,212,81,0,0,44.1092
0,213,81,0,0,44.1047
0,214,81,0,0,44.1002
0,215,81,0,0,44.0957
0,216,81,0,0,44.0911
0,217,81,0,0,44.0866
0,218,81,0,0,44.082
0,219,81,0,0,44.0775
0,220,81,0,0,44.0729
0,221,81,0,0,44.0683
0,222,81,0,0,44.0636
0,223,81,0,0,44.059
0,224,81,0,1.24031e-06,44.0543
0,225,81,0,0,44.0494
0,226,81,0,0,44.0446
0,227,81,0,0,44.0397
0,228,81,0,0,44.0348
0,229,81,0,0,44.0299
0,230,81,0,0,44.025
0,231,81,0,0,44.0201
0,232,81,0,0,44.0152
0,233,81,0,0,44.0103
0,234,81,0,0,44.0054
0,235,81,0,0,44.0005
0,236,81,0,0,43.9957
0,237,81,0,0,43.9909
0,238,81,0,0,43.9862
0,239,81,0,0,43.9816
0,240,81,0,0,43.977
0,241,81,0,0,43.9726
0,242,81,0,0,43.9683
0,243,81,0,0,43.9641
0,244,81,0,0,43.9601
0,245,81,0,0,43.9563
0,246,81,0,0,43.9527
0,247,81,0,0,43.9493
0,248,81,0,0,43.9461
0,249,81,0,0,43.9433
0,250,81,0,0,43.9407
0,251,81,0,0,43.9385
0,252,81,0,0,43.9366
0,253,81,0,0,43.9351
0,254,81,0,0,43.9339
0,255,81,0,0,43.9331
0,0,82,0,1.24031e-06,45.8542
0,1,82,0,0,45.8534
0,2,82,0,0,45.8522
0,3,82,0,0,45.8507
0,4,82,0,0,45.8488
0,5,82,0,0,45.8465
0,6,82,0,0,45.8438
0,7,82,0,0,45.8407
0,8,82,0,0,45.8372
0,9,82,0,0,45.8332
0,10,82,0,0,45.8289
0,11,82,0,0,45.8241
0,12,82,0,0,45.8189
0,13,82,0,0,45.8132
0,14,82,0,0,45.8071
0,15,82,0,0,45.8006
0,16,82,0,0,45.7936
0,17,82,0,0,45.7862
0,18,82,0,0,45.7783
0,19,82,0,0,45.77
0,20,82,0,0,45.7613
0,21,82,0,0,45.7521
0,22,82,0,0,45.7425
0,23,82,0,0,45.7325
0,24,82,0,0,45.7221
0,25,82,0,0,45.7113
0,26,82,0,0,45.7001
0,27,82,0,0,45.6885
0,28,82,0,0,45.6766
0,29,82,0,0,45.6643
0,30,82,0,0,45.6517
0,31,82,0,0,45.6388
0,32,82,0,1.24031e-06,45.6255
0,33,82,0,0,45.612
0,34,82,0,0,45.5981
0,35,82,0,0,45.584
0,36,82,0,0,45.5698
0,37,82,0,0,45.5553
0,38,82,0,0,45.5407
0,39,82,0,0,45.526
0,40,82,0,0,45.5112
0,41,82,0,0,45.4963
0,42,82,0,0,45.4813
0,43,82,0,0,45.4663
0,44,82,0,0,45.4513
0,45,82,0,0,45.4362
0,46,82,0,0,45.4212
0,47,82,0,0,45.4063
0,48,82,0,0,45.3913
0,49,82,0,0,45.3764
0,50,82,0,0,45.3616
0,51,82,0,0,45.3469
0,52,82,0,0,45.3322
0,53,82,0,0,45.3176
0,54,82,0,0,45.303
0,55,82,0,0,45.2885
0,56,82,0,0,45.2741
0,57,82,0,0,45.2597
0,58,82,0,0,45.2454
0,59,82,0,0,45.2311
0,60,82,0,0,45.2169
0,61,82,0,0,45.2027
0,62,82,0,0,45.1885
0,63,82,0,0,45.1744
0,64,82,0,1.24031e-06,45.1604
0,65,82,0,0,45.1462
0,66,82,0,0,45.1322
0,67,82,0,0,45.1181
0,68,82,0,0,45.1042
0,69,82,0,0,45.0902
0,70,82,0,0,45.0764
0,71,82,0,0,45.0626
0,72,82,0,0,45.0489
0,73,82,0,0,45.0353
0,74,82,0,0,45.0218
0,75,82,0,0,45.0085
0,76,82,0,0,44.9952
0,77,82,0,0,44.9821
0,78,82,0,0,44.9691
0,79,82,0,0,44.9563
0,80,82,0,0,44.9437
0,81,82,0,0,44.9312
0,82,82,0,0,44.9189
0,83,82,0,0,44.9067
0,84,82,0,0,44.8948
0,85,82,0,0,44.8831
0,86,82,0,0,44.8715
0,87,82,0,0,44.8602
0,88,82,0,0,44.849
0,89,82,0,0,44.838
0,90,82,0,0,44.8272
0,91,82,0,0,44.8166
0,92,82,0,0,44.8062
0,93,82,0,0,44.7959
0,94,82,0,0,44.7858
0,95,82,0,0,44.7759
0,96,82,0,1.24031e-06,44.7661
0,97,82,0,0,44.7564
0,98,82,0,0,44.7468
0,99,82,0,0,44.7373
0,100,82,0,0,44.7279
0,101,82,0,0,44.7187
0,102,82,0,0,44.7095
0,103,82,0,0,44.7005
0,104,82,0,0,44.6915
0,105,82,0,0,44.6826
0,106,82,0,0,44.6738
0,107,82,0,0,44.6651
0,108,82,0,0,44.6564
0,109,82,0,0,44.6477
0,110,82,0,0,44.6392
0,111,82,0,0,44.6306
0,112,82,0,0,44.6221
0,113,82,0,0,44.6137
0,114,82,0,0,44.6053
0,115,82,0,0,44.5969
0,116,82,0,0,44.5885
0,117,82,0,0,44.5801
0,118,82,0,0,44.5718
0,119,82,0,0,44.5635
0,120,82,0,0,44.5552
0,121,82,0,0,44.5469
0,122,82,0,0,44.5386
0,123,82,0,0,44.5303
0,124,82,0,0,44.5221
0,125,82,0,0,44.5138
0,126,82,0,0,44.5056
0,127,82,0,0,44.4974
0,128,82,0,1.24031e-06,44.4893
0,129,82,0,0,44.481
0,130,82,0,0,44.4728
0,131,82,0,0,44.4647
0,132,82,0,0,44.4566
0,133,82,0,0,44.4485
0,134,82,0,0,44.4405
0,135,82,0,0,44.4325
0,136,82,0,0,44.4246
0,137,82,0,0,44.4168
0,138,82,0,0,44.4091
0,139,82,0,0,44.4014
0,140,82,0,0,44.3938
0,141,82,0,0,44.3863
0,142,82,0,0,44.3789
0,143,82,0,0,44.3716
0,144,82,0,0,44.3644
0,145,82,0,0,44.3572
0,146,82,0,0,44.3502
0,147,82,0,0,44.3432
0,148,82,0,0,44.3363
0,149,82,0,0,44.3295
0,150,82,0,0,44.3228
0,151,82,0,0,44.3162
0,152,82,0,0,44.3097
0,153,82,0,0,44.3032
0,154,82,0,0,44.2968
0,155,82,0,0,44.2905
0,156,82,0,0,44.2843
0,157,82,0,0,44.2782
0,158,82,0,0,44.2721
0,159,82,0,0,44.2661
0,160,82,0,1.24031e-06,44.2602
0,161,82,0,0,44.2542
0,162,82,0,0,44.2483
0,163,82,0,0,44.2424
0,164,82,0,0,44.2366
0,165,82,0,0,44.2308
0,166,82,0,0,44.2251
0,167,82,0,0,44.2194
0,168,82,0,0,44.2137
0,169,82,0,0,44.2081
0,170,82,0,0,44.2024
0,171,82,0,0,44.1968
0,172,82,0,0,44.1912
0,173,82,0,0,44.1856
0,174,82,0,0,44.18
0,175,82,0,0,44.1744
0,176,82,0,0,44.1688
0,177,82,0,0,44.1633
0,178,82,0,0,44.1577
0,179,82,0,0,44.1521
0,180,82,0,0,44.1465
0,181,82,0,0,44.1409
0,182,82,0,0,44.1354
0,183,82,0,0,44.1298
0,184,82,0,0,44.1243
0,185,82,0,0,44.1187
0,186,82,0,0,44.1132
0,187,82,0,0,44.1077
0,188,82,0,0,44.1022
0,189,82,0,0,44.0968
0,190,82,0,0,44.0914
0,191,82,0,0,44.086
0,192,82,0,1.24031e-06,44.0807
0,193,82,0,0,44.0753
0,194,82,0,0,44.07
0,195,82,0,0,44.0647
0,196,82,0,0,44.0595
0,197,82,0,0,44.0543
0,198,82,0,0,44.0493
0,199,82,0,0,44.0442
0,200,82,0,0,44.0393
0,201,82,0,0,44.0343
0,202,82,0,0,44.0295
0,203,82,0,0,44.0247
0,204,82,0,0,44.02
0,205,82,0,0,44.0153
0,206,82,0,0,44.0106
0,207,82,0,0,44.006
0,208,82,0,0,44.0015
0,209,82,0,0,43.997
0,210,82,0,0,43.9925
0,211,82,0,0,43.988
0,212,82,0,0,43.9836
0,213,82,0,0,43.9792
0,214,82,0,0,43.9748
0,215,82,0,0,43.9704
0,216,82,0,0,43.966
0,217,82,0,0,43.9616
0,218,82,0,0,43.9571
0,219,82,0,0,43.9527
0,220,82,0,0,43.9483
0,221,82,0,0,43.9439
0,222,82,0,0,43.9394
0,223,82,0,0,43.9349
0,224,82,0,1.24031e-06,43.9304
0,225,82,0,0,43.9258
0,226,82,0,0,43.9212
0,227,82,0,0,43.9166
0,228,82,0,0,43.912
0,229,82,0,0,43.9073
0,230,82,0,0,43.9027
0,231,82,0,0,43.898
0,232,82,0,0,43.8934
0,233,82,0,0,43.8888
0,234,82,0,0,43.8842
0,235,82,0,0,43.8797
0,236,82,0,0,43.8752
0,237,82,0,0,43.8708
0,238,82,0,0,43.8664
0,239,82,0,0,43.8621
0,240,82,0,0,43.858
0,241,82,0,0,43.8539
0,242,82,0,0,43.8499
0,243,82,0,0,43.8461
0,244,82,0,0,43.8425
0,245,82,0,0,43.839
0,246,82,0,0,43.8358
0,247,82,0,0,43.8327
0,248,82,0,0,43.8299
0,249,82,0,0,43.8273
0,250,82,0,0,43.825
0,251,82,0,0,43.823
0,252,82,0,0,43.8213
0,253,82,0,0,43.82
0,254,82,0,0,43.8189
0,255,82,0,0,43.8182
0,0,83,0,1.24031e-06,45.6636
0,1,83,0,0,45.6628
0,2,83,0,0,45.6617
0,3,83,0,0,45.6602
0,4,83,0,0,45.6583
0,5,83,0,0,45.656
0,6,83,0,0,45.6534
0,7,83,0,0,45.6504
0,8,83,0,0,45.647
0,9,83,0,0,45.6432
0,10,83,0,0,45.639
0,11,83,0,0,45.6343
0,12,83,0,0,45.6293
0,13,83,0,0,45.6239
0,14,83,0,0,45.6181
0,15,83,0,0,45.6118
0,16,83,0,0,45.6051
0,17,83,0,0,45.598
0,18,83,0,0,45.5905
0,19,83,0,0,45.5826
0,20,83,0,0,45.5743
0,21,83,0,0,45.5656
0,22,83,0,0,45.5565
0,23,83,0,0,45.547
0,24,83,0,0,45.5371
0,25,83,0,0,45.5269
0,26,83,0,0,45.5163
0,27,83,0,0,45.5054
0,28,83,0,0,45.4941
0,29,83,0,0,45.4825
0,30,83,0,0,45.4706
0,31,83,0,0,45.4584
0,32,83,0,1.24031e-06,45.4459
0,33,83,0,0,45.4331
0,34,83,0,0,45.42
0,35,83,0,0,45.4067
0,36,83,0,0,45.3933
0,37,83,0,0,45.3796
0,38,83,0,0,45.3658
0,39,83,0,0,45.3519
0,40,83,0,0,45.3379
0,41,83,0,0,45.3238
0,42,83,0,0,45.3096
0,43,83,0,0,45.2954
0,44,83,0,0,45.2812
0,45,83,0,0,45.2669
0,46,83,0,0,45.2526
0,47,83,0,0,45.2384
0,48,83,0,0,45.2242
0,49,83,0,0,45.21
0,50,83,0,0,45.1958
0,51,83,0,0,45.1817
0,52,83,0,0,45.1676
0,53,83,0,0,45.1536
0,54,83,0,0,45.1397
0,55,83,0,0,45.1258
0,56,83,0,0,45.1119
0,57,83,0,0,45.0981
0,58,83,0,0,45.0843
0,59,83,0,0,45.0706
0,60,83,0,0,45.0569
0,61,83,0,0,45.0433
0,62,83,0,0,45.0297
0,63,83,0,0,45.0162
0,64,83,0,1.24031e-06,45.0027
0,65,83,0,0,44.9891
0,66,83,0,0,44.9756
0,67,83,0,0,44.9621
0,68,83,0,0,44.9487
0,69,83,0,0,44.9354
0,70,83,0,0,44.9221
0,71,83,0,0,44.9089
0,72,83,0,0,44.8958
0,73,83,0,0,44.8827
0,74,83,0,0,44.8698
0,75,83,0,0,44.857
0,76,83,0,0,44.8443
0,77,83,0,0,44.8317
0,78,83,0,0,44.8192
0,79,83,0,0,44.8069
0,80,83,0,0,44.7948
0,81,83,0,0,44.7828
0,82,83,0,0,44.7709
0,83,83,0,0,44.7593
0,84,83,0,0,44.7477
0,85,83,0,0,44.7364
0,86,83,0,0,44.7253
0,87,83,0,0,44.7143
0,88,83,0,0,44.7035
0,89,83,0,0,44.6928
0,90,83,0,0,44.6823
0,91,83,0,0,44.672
0,92,83,0,0,44.6619
0,93,83,0,0,44.6519
0,94,83,0,0,44.6421
0,95,83,0,0,44.6324
0,96,83,0,1.24031e-06,44.6228
0,97,83,0,0,44.6133
0,98,83,0,0,44.6039
0,99,83,0,0,44.5947
0,100,83,0,0,44.5855
0,101,83,0,0,44.5765
0,102,83,0,0,44.5675
0,103,83,0,0,44.5587
0,104,83,0,0,44.5499
0,105,83,0,0,44.5412
0,106,83,0,0,44.5326
0,107,83,0,0,44.524
0,108,83,0,0,44.5155
0,109,83,0,0,44.5071
0,110,83,0,0,44.4987
0,111,83,0,0,44.4904
0,112,83,0,0,44.4821
0,113,83,0,0,44.4738
0,114,83,0,0,44.4656
0,115,83,0,0,44.4574
0,116,83,0,0,44.4493
0,117,83,0,0,44.4411
0,118,83,0,0,44.433
0,119,83,0,0,44.4249
0,120,83,0,0,44.4169
0,121,83,0,0,44.4088
0,122,83,0,0,44.4008
0,123,83,0,0,44.3928
0,124,83,0,0,44.3848
0,125,83,0,0,44.3768
0,126,83,0,0,44.3689
0,127,83,0,0,44.361
0,128,83,0,1.24031e-06,44.3531
0,129,83,0,0,44.3451
0,130,83,0,0,44.3372
0,131,83,0,0,44.3293
0,132,83,0,0,44.3215
0,133,83,0,0,44.3137
0,134,83,0,0,44.306
0,135,83,0,0,44.2983
0,136,83,0,0,44.2907
0,137,83,0,0,44.2832
0,138,83,0,0,44.2757
0,139,83,0,0,44.2683
0,140,83,0,0,44.261
0,141,83,0,0,44.2537
0,142,83,0,0,44.2465
0,143,83,0,0,44.2394
0,144,83,0,0,44.2324
0,145,83,0,0,44.2255
0,146,83,0,0,44.2187
0,147,83,0,0,44.2119
0,148,83,0,0,44.2052
0,149,83,0,0,44.1986
0,150,83,0,0,44.1921
0,151,83,0,0,44.1857
0,152,83,0,0,44.1793
0,153,83,0,0,44.1731
0,154,83,0,0,44.1668
0,155,83,0,0,44.1607
0,156,83,0,0,44.1546
0,157,83,0,0,44.1486
0,158,83,0,0,44.1427
0,159,83,0,0,44.1369
0,160,83,0,1.24031e-06,44.1311
0,161,83,0,0,44.1252
0,162,83,0,0,44.1194
0,163,83,0,0,44.1137
0,164,83,0,0,44.108
0,165,83,0,0,44.1024
0,166,83,0,0,44.0967
0,167,83,0,0,44.0912
0,168,83,0,0,44.0856
0,169,83,0,0,44.0801
0,170,83,0,0,44.0746
0,171,83,0,0,44.0691
0,172,83,0,0,44.0637
0,173,83,0,0,44.0582
0,174,83,0,0,44.0528
0,175,83,0,0,44.0473
0,176,83,0,0,44.0419
0,177,83,0,0,44.0365
0,178,83,0,0,44.0311
0,179,83,0,0,44.0257
0,180,83,0,0,44.0203
0,181,83,0,0,44.0149
0,182,83,0,0,44.0095
0,183,83,0,0,44.0041
0,184,83,0,0,43.9988
0,185,83,0,0,43.9934
0,186,83,0,0,43.9881
0,187,83,0,0,43.9828
0,188,83,0,0,43.9776
0,189,83,0,0,43.9723
0,190,83,0,0,43.9671
0,191,83,0,0,43.962
0,192,83,0,1.24031e-06,43.9568
0,193,83,0,0,43.9516
0,194,83,0,0,43.9465
0,195,83,0,0,43.9414
0,196,83,0,0,43.9364
0,197,83,0,0,43.9314
0,198,83,0,0,43.9265
0,199,83,0,0,43.9216
0,200,83,0,0,43.9168
0,201,83,0,0,43.912
0,202,83,0,0,43.9073
0,203,83,0,0,43.9027
0,204,83,0,0,43.8981
0,205,83,0,0,43.8935
0,206,83,0,0,43.889
0,207,83,0,0,43.8845
0,208,83,0,0,43.8801
0,209,83,0,0,43.8757
0,210,83,0,0,43.8713
0,211,83,0,0,43.867
0,212,83,0,0,43.8627
0,213,83,0,0,43.8584
0,214,83,0,0,43.8541
0,215,83,0,0,43.8498
0,216,83,0,0,43.8456
0,217,83,0,0,43.8413
0,218,83,0,0,43.837
0,219,83,0,0,43.8328
0,220,83,0,0,43.8285
0,221,83,0,0,43.8242
0,222,83,0,0,43.82
0,223,83,0,0,43.8157
0,224,83,0,1.24031e-06,43.8114
0,225,83,0,0,43.807
0,226,83,0,0,43.8026
0,227,83,0,0,43.7982
0,228,83,0,0,43.7938
0,229,83,0,0,43.7894
0,230,83,0,0,43.785
0,231,83,0,0,43.7806
0,232,83,0,0,43.7763
0,233,83,0,0,43.772
0,234,83,0,0,43.7677
0,235,83,0,0,43.7635
0,236,83,0,0,43.7593
0,237,83,0,0,43.7552
0,238,83,0,0,43.7511
0,239,83,0,0,43.7472
0,240,83,0,0,43.7433
0,241,83,0,0,43.7396
0,242,83,0,0,43.7359
0,243,83,0,0,43.7324
0,244,83,0,0,43.7291
0,245,83,0,0,43.726
0,246,83,0,0,43.723
0,247,83,0,0,43.7202
0,248,83,0,0,43.7177
0,249,83,0,0,43.7154
0,250,83,0,0,43.7133
0,251,83,0,0,43.7115
0,252,83,0,0,43.71
0,253,83,0,0,43.7088
0,254,83,0,0,43.7079
0,255,83,0,0,43.7072
0,0,84,0,1.24031e-06,45.4805
0,1,84,0,0,45.4797
0,2,84,0,0,45.4786
0,3,84,0,0,45.4771
0,4,84,0,0,45.4753
0,5,84,0,0,45.4731
0,6,84,0,0,45.4705
0,7,84,0,0,45.4676
0,8,84,0,0,45.4643
0,9,84,0,0,45.4606
0,10,84,0,0,45.4566
0,11,84,0,0,45.4521
0,12,84,0,0,45.4473
0,13,84,0,0,45.4421
0,14,84,0,0,45.4365
0,15,84,0,0,45.4305
0,16,84,0,0,45.4241
0,17,84,0,0,45.4174
0,18,84,0,0,45.4102
0,19,84,0,0,45.4027
0,20,84,0,0,45.3948
0,21,84,0,0,45.3865
0,22,84,0,0,45.3779
0,23,84,0,0,45.3689
0,24,84,0,0,45.3595
0,25,84,0,0,45.3498
0,26,84,0,0,45.3398
0,27,84,0,0,45.3294
0,28,84,0,0,45.3188
0,29,84,0,0,45.3078
0,30,84,0,0,45.2965
0,31,84,0,0,45.285
0,32,84,0,1.24031e-06,45.2732
0,33,84,0,0,45.2611
0,34,84,0,0,45.2488
0,35,84,0,0,45.2362
0,36,84,0,0,45.2235
0,37,84,0,0,45.2106
0,38,84,0,0,45.1976
0,39,84,0,0,45.1844
0,40,84,0,0,45.1712
0,41,84,0,0,45.1578
0,42,84,0,0,45.1444
0,43,84,0,0,45.1309
0,44,84,0,0,45.1174
0,45,84,0,0,45.1038
0,46,84,0,0,45.0903
0,47,84,0,0,45.0767
0,48,84,0,0,45.0631
0,49,84,0,0,45.0496
0,50,84,0,0,45.0361
0,51,84,0,0,45.0226
0,52,84,0,0,45.0091
0,53,84,0,0,44.9957
0,54,84,0,0,44.9823
0,55,84,0,0,44.969
0,56,84,0,0,44.9557
0,57,84,0,0,44.9425
0,58,84,0,0,44.9292
0,59,84,0,0,44.9161
0,60,84,0,0,44.9029
0,61,84,0,0,44.8898
0,62,84,0,0,44.8768
0,63,84,0,0,44.8638
0,64,84,0,1.24031e-06,44.8508
0,65,84,0,0,44.8378
0,66,84,0,0,44.8248
0,67,84,0,0,44.8119
0,68,84,0,0,44.799
0,69,84,0,0,44.7862
0,70,84,0,0,44.7735
0,71,84,0,0,44.7608
0,72,84,0,0,44.7482
0,73,84,0,0,44.7357
0,74,84,0,0,44.7233
0,75,84,0,0,44.711
0,76,84,0,0,44.6988
0,77,84,0,0,44.6867
0,78,84,0,0,44.6748
0,79,84,0,0,44.663
0,80,84,0,0,44.6513
0,81,84,0,0,44.6397
0,82,84,0,0,44.6283
0,83,84,0,0,44.6171
0,84,84,0,0,44.606
0,85,84,0,0,44.595
0,86,84,0,0,44.5842
0,87,84,0,0,44.5736
0,88,84,0,0,44.5632
0,89,84,0,0,44.5528
0,90,84,0,0,44.5427
0,91,84,0,0,44.5327
0,92,84,0,0,44.5228
0,93,84,0,0,44.5131
0,94,84,0,0,44.5035
0,95,84,0,0,44.4941
0,96,84,0,1.24031e-06,44.4848
0,97,84,0,0,44.4755
0,98,84,0,0,44.4663
0,99,84,0,0,44.4573
0,100,84,0,0,44.4484
0,101,84,0,0,44.4395
0,102,84,0,0,44.4308
0,103,84,0,0,44.4221
0,104,84,0,0,44.4135
0,105,84,0,0,44.405
0,106,84,0,0,44.3966
0,107,84,0,0,44.3883
0,108,84,0,0,44.38
0,109,84,0,0,44.3717
0,110,84,0,0,44.3635
0,111,84,0,0,44.3554
0,112,84,0,0,44.3473
0,113,84,0,0,44.3393
0,114,84,0,0,44.3312
0,115,84,0,0,44.3233
0,116,84,0,0,44.3153
0,117,84,0,0,44.3074
0,118,84,0,0,44.2995
0,119,84,0,0,44.2916
0,120,84,0,0,44.2838
0,121,84,0,0,44.276
0,122,84,0,0,44.2682
0,123,84,0,0,44.2604
0,124,84,0,0,44.2527
0,125,84,0,0,44.245
0,126,84,0,0,44.2373
0,127,84,0,0,44.2296
0,128,84,0,1.24031e-06,44.222
0,129,84,0,0,44.2143
0,130,84,0,0,44.2067
0,131,84,0,0,44.1991
0,132,84,0,0,44.1915
0,133,84,0,0,44.184
0,134,84,0,0,44.1765
0,135,84,0,0,44.1691
0,136,84,0,0,44.1618
0,137,84,0,0,44.1545
0,138,84,0,0,44.1473
0,139,84,0,0,44.1401
0,140,84,0,0,44.133
0,141,84,0,0,44.126
0,142,84,0,0,44.1191
0,143,84,0,0,44.1122
0,144,84,0,0,44.1054
0,145,84,0,0,44.0987
0,146,84,0,0,44.0921
0,147,84,0,0,44.0855
0,148,84,0,0,44.079
0,149,84,0,0,44.0726
0,150,84,0,0,44.0663
0,151,84,0,0,44.06
0,152,84,0,0,44.0538
0,153,84,0,0,44.0477
0,154,84,0,0,44.0417
0,155,84,0,0,44.0357
0,156,84,0,0,44.0298
0,157,84,0,0,44.024
0,158,84,0,0,44.0182
0,159,84,0,0,44.0125
0,160,84,0,1.24031e-06,44.0068
0,161,84,0,0,44.0011
0,162,84,0,0,43.9954
0,163,84,0,0,43.9898
0,164,84,0,0,43.9843
0,165,84,0,0,43.9787
0,166,84,0,0,43.9733
0,167,84,0,0,43.9678
0,168,84,0,0,43.9624
0,169,84,0,0,43.957
0,170,84,0,0,43.9516
0,171,84,0,0,43.9463
0,172,84,0,0,43.941
0,173,84,0,0,43.9356
0,174,84,0,0,43.9303
0,175,84,0,0,43.9251
0,176,84,0,0,43.9198
0,177,84,0,0,43.9145
0,178,84,0,0,43.9093
0,179,84,0,0,43.904
0,180,84,0,0,43.8988
0,181,84,0,0,43.8936
0,182,84,0,0,43.8884
0,183,84,0,0,43.8832
0,184,84,0,0,43.878
0,185,84,0,0,43.8729
0,186,84,0,0,43.8678
0,187,84,0,0,43.8627
0,188,84,0,0,43.8576
0,189,84,0,0,43.8525
0,190,84,0,0,43.8475
0,191,84,0,0,43.8425
0,192,84,0,1.24031e-06,43.8376
0,193,84,0,0,43.8326
0,194,84,0,0,43.8276
0,195,84,0,0,43.8227
0,196,84,0,0,43.8179
0,197,84,0,0,43.8131
0,198,84,0,0,43.8083
0,199,84,0,0,43.8036
0,200,84,0,0,43.7989
0,201,84,0,0,43.7943
0,202,84,0,0,43.7897
0,203,84,0,0,43.7852
0,204,84,0,0,43.7808
0,205,84,0,0,43.7763
0,206,84,0,0,43.772
0,207,84,0,0,43.7676
0,208,84,0,0,43.7633
0,209,84,0,0,43.759
0,210,84,0,0,43.7548
0,211,84,0,0,43.7506
0,212,84,0,0,43.7464
0,213,84,0,0,43.7422
0,214,84,0,0,43.738
0,215,84,0,0,43.7339
0,216,84,0,0,43.7298
0,217,84,0,0,43.7256
0,218,84,0,0,43.7215
0,219,84,0,0,43.7174
0,220,84,0,0,43.7133
0,221,84,0,0,43.7092
0,222,84,0,0,43.7051
0,223,84,0,0,43.701
0,224,84,0,1.24031e-06,43.6969
0,225,84,0,0,43.6927
0,226,84,0,0,43.6885
0,227,84,0,0,43.6843
0,228,84,0,0,43.6801
0,229,84,0,0,43.676
0,230,84,0,0,43.6718
0,231,84,0,0,43.6677
0,232,84,0,0,43.6636
0,233,84,0,0,43.6596
0,234,84,0,0,43.6556
0,235,84,0,0,43.6516
0,236,84,0,0,43.6477
0,237,84,0,0,43.6439
0,238,84,0,0,43.6401
0,239,84,0,0,43.6364
0,240,84,0,0,43.6329
0,241,84,0,0,43.6294
0,242,84,0,0,43.6261
0,243,84,0,0,43.6229
0,244,84,0,0,43.6199
0,245,84,0,0,43.617
0,246,84,0,0,43.6143
0,247,84,0,0,43.6118
0,248,84,0,0,43.6094
0,249,84,0,0,43.6074
0,250,84,0,0,43.6055
0,251,84,0,0,43.6039
0,252,84,0,0,43.6025
0,253,84,0,0,43.6014
0,254,84,0,0,43.6006
0,255,84,0,0,43.6
0,0,85,0,1.24031e-06,45.3046
0,1,85,0,0,45.3038
0,2,85,0,0,45.3027
0,3,85,0,0,45.3012
0,4,85,0,0,45.2995
0,5,85,0,0,45.2973
0,6,85,0,0,45.2948
0,7,85,0,0,45.292
0,8,85,0,0,45.2888
0,9,85,0,0,45.2853
0,10,85,0,0,45.2814
0,11,85,0,0,45.2772
0,12,85,0,0,45.2725
0,13,85,0,0,45.2675
0,14,85,0,0,45.2622
0,15,85,0,0,45.2565
0,16,85,0,0,45.2504
0,17,85,0,0,45.2439
0,18,85,0,0,45.2371
0,19,85,0,0,45.23
0,20,85,0,0,45.2224
0,21,85,0,0,45.2146
0,22,85,0,0,45.2064
0,23,85,0,0,45.1978
0,24,85,0,0,45.1889
0,25,85,0,0,45.1797
0,26,85,0,0,45.1702
0,27,85,0,0,45.1604
0,28,85,0,0,45.1503
0,29,85,0,0,45.14
0,30,85,0,0,45.1293
0,31,85,0,0,45.1184
0,32,85,0,1.24031e-06,45.1073
0,33,85,0,0,45.0958
0,34,85,0,0,45.0842
0,35,85,0,0,45.0723
0,36,85,0,0,45.0603
0,37,85,0,0,45.0481
0,38,85,0,0,45.0357
0,39,85,0,0,45.0233
0,40,85,0,0,45.0107
0,41,85,0,0,44.9981
0,42,85,0,0,44.9853
0,43,85,0,0,44.9725
0,44,85,0,0,44.9597
0,45,85,0,0,44.9468
0,46,85,0,0,44.9339
0,47,85,0,0,44.921
0,48,85,0,0,44.908
0,49,85,0,0,44.8951
0,50,85,0,0,44.8822
0,51,85,0,0,44.8693
0,52,85,0,0,44.8565
0,53,85,0,0,44.8436
0,54,85,0,0,44.8308
0,55,85,0,0,44.818
0,56,85,0,0,44.8053
0,57,85,0,0,44.7926
0,58,85,0,0,44.7799
0,59,85,0,0,44.7672
0,60,85,0,0,44.7546
0,61,85,0,0,44.742
0,62,85,0,0,44.7295
0,63,85,0,0,44.717
0,64,85,0,1.24031e-06,44.7046
0,65,85,0,0,44.6921
0,66,85,0,0,44.6796
0,67,85,0,0,44.6672
0,68,85,0,0,44.6548
0,69,85,0,0,44.6426
0,70,85,0,0,44.6303
0,71,85,0,0,44.6182
0,72,85,0,0,44.6061
0,73,85,0,0,44.5941
0,74,85,0,0,44.5822
0,75,85,0,0,44.5704
0,76,85,0,0,44.5587
0,77,85,0,0,44.5471
0,78,85,0,0,44.5356
0,79,85,0,0,44.5242
0,80,85,0,0,44.513
0,81,85,0,0,44.5019
0,82,85,0,0,44.4909
0,83,85,0,0,44.48
0,84,85,0,0,44.4693
0,85,85,0,0,44.4588
0,86,85,0,0,44.4483
0,87,85,0,0,44.4381
0,88,85,0,0,44.4279
0,89,85,0,0,44.4179
0,90,85,0,0,44.4081
0,91,85,0,0,44.3984
0,92,85,0,0,44.3888
0,93,85,0,0,44.3794
0,94,85,0,0,44.3701
0,95,85,0,0,44.3609
0,96,85,0,1.24031e-06,44.3518
0,97,85,0,0,44.3428
0,98,85,0,0,44.3338
0,99,85,0,0,44.325
0,100,85,0,0,44.3163
0,101,85,0,0,44.3076
0,102,85,0,0,44.2991
0,103,85,0,0,44.2906
0,104,85,0,0,44.2822
0,105,85,0,0,44.2739
0,106,85,0,0,44.2657
0,107,85,0,0,44.2576
0,108,85,0,0,44.2495
0,109,85,0,0,44.2414
0,110,85,0,0,44.2334
0,111,85,0,0,44.2255
0,112,85,0,0,44.2176
0,113,85,0,0,44.2097
0,114,85,0,0,44.2019
0,115,85,0,0,44.1942
0,116,85,0,0,44.1864
0,117,85,0,0,44.1787
0,118,85,0,0,44.171
0,119,85,0,0,44.1634
0,120,85,0,0,44.1558
0,121,85,0,0,44.1482
0,122,85,0,0,44.1406
0,123,85,0,0,44.1331
0,124,85,0,0,44.1256
0,125,85,0,0,44.1181
0,126,85,0,0,44.1107
0,127,85,0,0,44.1033
0,128,85,0,1.24031e-06,44.0959
0,129,85,0,0,44.0885
0,130,85,0,0,44.0811
0,131,85,0,0,44.0737
0,132,85,0,0,44.0664
0,133,85,0,0,44.0591
0,134,85,0,0,44.0519
0,135,85,0,0,44.0448
0,136,85,0,0,44.0377
0,137,85,0,0,44.0306
0,138,85,0,0,44.0236
0,139,85,0,0,44.0167
0,140,85,0,0,44.0099
0,141,85,0,0,44.0031
0,142,85,0,0,43.9963
0,143,85,0,0,43.9897
0,144,85,0,0,43.9831
0,145,85,0,0,43.9766
0,146,85,0,0,43.9702
0,147,85,0,0,43.9638
0,148,85,0,0,43.9575
0,149,85,0,0,43.9513
0,150,85,0,0,43.9451
0,151,85,0,0,43.939
0,152,85,0,0,43.933
0,153,85,0,0,43.9271
0,154,85,0,0,43.9212
0,155,85,0,0,43.9154
0,156,85,0,0,43.9096
0,157,85,0,0,43.9039
0,158,85,0,0,43.8983
0,159,85,0,0,43.8927
0,160,85,0,1.24031e-06,43.8872
0,161,85,0,0,43.8816
0,162,85,0,0,43.8761
0,163,85,0,0,43.8706
0,164,85,0,0,43.8652
0,165,85,0,0,43.8598
0,166,85,0,0,43.8544
0,167,85,0,0,43.8491
0,168,85,0,0,43.8438
0,169,85,0,0,43.8386
0,170,85,0,0,43.8333
0,171,85,0,0,43.8281
0,172,85,0,0,43.8229
0,173,85,0,0,43.8177
0,174,85,0,0,43.8126
0,175,85,0,0,43.8074
0,176,85,0,0,43.8023
0,177,85,0,0,43.7972
0,178,85,0,0,43.7921
0,179,85,0,0,43.787
0,180,85,0,0,43.782
0,181,85,0,0,43.7769
0,182,85,0,0,43.7719
0,183,85,0,0,43.7669
0,184,85,0,0,43.7619
0,185,85,0,0,43.7569
0,186,85,0,0,43.752
0,187,85,0,0,43.747
0,188,85,0,0,43.7421
0,189,85,0,0,43.7373
0,190,85,0,0,43.7324
0,191,85,0,0,43.7276
0,192,85,0,1.24031e-06,43.7229
0,193,85,0,0,43.718
0,194,85,0,0,43.7133
0,195,85,0,0,43.7085
0,196,85,0,0,43.7038
0,197,85,0,0,43.6992
0,198,85,0,0,43.6946
0,199,85,0,0,43.69
0,200,85,0,0,43.6855
0,201,85,0,0,43.681
0,202,85,0,0,43.6766
0,203,85,0,0,43.6722
0,204,85,0,0,43.6679
0,205,85,0,0,43.6636
0,206,85,0,0,43.6593
0,207,85,0,0,43.6551
0,208,85,0,0,43.6509
0,209,85,0,0,43.6468
0,210,85,0,0,43.6426
0,211,85,0,0,43.6385
0,212,85,0,0,43.6345
0,213,85,0,0,43.6304
0,214,85,0,0,43.6264
0,215,85,0,0,43.6224
0,216,85,0,0,43.6184
0,217,85,0,0,43.6144
0,218,85,0,0,43.6104
0,219,85,0,0,43.6065
0,220,85,0,0,43.6025
0,221,85,0,0,43.5986
0,222,85,0,0,43.5946
0,223,85,0,0,43.5907
0,224,85,0,1.24031e-06,43.5868
0,225,85,0,0,43.5828
0,226,85,0,0,43.5788
0,227,85,0,0,43.5748
0,228,85,0,0,43.5708
0,229,85,0,0,43.5669
0,230,85,0,0,43.563
0,231,85,0,0,43.5591
0,232,85,0,0,43.5552
0,233,85,0,0,43.5514
0,234,85,0,0,43.5477
0,235,85,0,0,43.544
0,236,85,0,0,43.5403
0,237,85,0,0,43.5367
0,238,85,0,0,43.5333
0,239,85,0,0,43.5299
0,240,85,0,0,43.5265
0,241,85,0,0,43.5234
0,242,85,0,0,43.5203
0,243,85,0,0,43.5173
0,244,85,0,0,43.5146
0,245,85,0,0,43.5119
0,246,85,0,0,43.5094
0,247,85,0,0,43.5071
0,248,85,0,0,43.505
0,249,85,0,0,43.5031
0,250,85,0,0,43.5015
0,251,85,0,0,43.5
0,252,85,0,0,43.4987
0,253,85,0,0,43.4977
0,254,85,0,0,43.497
0,255,85,0,0,43.4965
0,0,86,0,1.24031e-06,45.1356
0,1,86,0,0,45.1348
0,2,86,0,0,45.1337
0,3,86,0,0,45.1323
0,4,86,0,0,45.1306
0,5,86,0,0,45.1286
0,6,86,0,0,45.1262
0,7,86,0,0,45.1234
0,8,86,0,0,45.1204
0,9,86,0,0,45.117
0,10,86,0,0,45.1132
0,11,86,0,0,45.1092
0,12,86,0,0,45.1047
0,13,86,0,0,45.0999
0,14,86,0,0,45.0948
0,15,86,0,0,45.0894
0,16,86,0,0,45.0836
0,17,86,0,0,45.0774
0,18,86,0,0,45.0709
0,19,86,0,0,45.0641
0,20,86,0,0,45.057
0,21,86,0,0,45.0495
0,22,86,0,0,45.0417
0,23,86,0,0,45.0336
0,24,86,0,0,45.0251
0,25,86,0,0,45.0164
0,26,86,0,0,45.0074
0,27,86,0,0,44.9981
0,28,86,0,0,44.9886
0,29,86,0,0,44.9787
0,30,86,0,0,44.9687
0,31,86,0,0,44.9583
0,32,86,0,1.24031e-06,44.9478
0,33,86,0,0,44.937
0,34,86,0,0,44.9259
0,35,86,0,0,44.9147
0,36,86,0,0,44.9033
0,37,86,0,0,44.8918
0,38,86,0,0,44.8801
0,39,86,0,0,44.8683
0,40,86,0,0,44.8564
0,41,86,0,0,44.8444
0,42,86,0,0,44.8323
0,43,86,0,0,44.8201
0,44,86,0,0,44.8079
0,45,86,0,0,44.7956
0,46,86,0,0,44.7834
0,47,86,0,0,44.7711
0,48,86,0,0,44.7587
0,49,86,0,0,44.7464
0,50,86,0,0,44.7341
0,51,86,0,0,44.7218
0,52,86,0,0,44.7094
0,53,86,0,0,44.6972
0,54,86,0,0,44.6849
0,55,86,0,0,44.6726
0,56,86,0,0,44.6604
0,57,86,0,0,44.6482
0,58,86,0,0,44.6361
0,59,86,0,0,44.6239
0,60,86,0,0,44.6118
0,61,86,0,0,44.5998
0,62,86,0,0,44.5877
0,63,86,0,0,44.5757
0,64,86,0,1.24031e-06,44.5638
0,65,86,0,0,44.5518
0,66,86,0,0,44.5398
0,67,86,0,0,44.5279
0,68,86,0,0,44.516
0,69,86,0,0,44.5042
0,70,86,0,0,44.4925
0,71,86,0,0,44.4808
0,72,86,0,0,44.4692
0,73,86,0,0,44.4577
0,74,86,0,0,44.4463
0,75,86,0,0,44.4349
0,76,86,0,0,44.4237
0,77,86,0,0,44.4125
0,78,86,0,0,44.4015
0,79,86,0,0,44.3906
0,80,86,0,0,44.3797
0,81,86,0,0,44.369
0,82,86,0,0,44.3584
0,83,86,0,0,44.348
0,84,86,0,0,44.3377
0,85,86,0,0,44.3275
0,86,86,0,0,44.3174
0,87,86,0,0,44.3074
0,88,86,0,0,44.2976
0,89,86,0,0,44.288
0,90,86,0,0,44.2784
0,91,86,0,0,44.269
0,92,86,0,0,44.2597
0,93,86,0,0,44.2505
0,94,86,0,0,44.2415
0,95,86,0,0,44.2325
0,96,86,0,1.24031e-06,44.2237
0,97,86,0,0,44.2149
0,98,86,0,0,44.2062
0,99,86,0,0,44.1976
0,100,86,0,0,44.1891
0,101,86,0,0,44.1806
0,102,86,0,0,44.1723
0,103,86,0,0,44.164
0,104,86,0,0,44.1559
0,105,86,0,0,44.1478
0,106,86,0,0,44.1397
0,107,86,0,0,44.1318
0,108,86,0,0,44.1239
0,109,86,0,0,44.116
0,110,86,0,0,44.1082
0,111,86,0,0,44.1005
0,112,86,0,0,44.0928
0,113,86,0,0,44.0851
0,114,86,0,0,44.0775
0,115,86,0,0,44.0699
0,116,86,0,0,44.0624
0,117,86,0,0,44.0549
0,118,86,0,0,44.0475
0,119,86,0,0,44.04
0,120,86,0,0,44.0326
0,121,86,0,0,44.0253
0,122,86,0,0,44.0179
0,123,86,0,0,44.0106
0,124,86,0,0,44.0033
0,125,86,0,0,43.9961
0,126,86,0,0,43.9889
0,127,86,0,0,43.9817
0,128,86,0,1.24031e-06,43.9746
0,129,86,0,0,43.9674
0,130,86,0,0,43.9602
0,131,86,0,0,43.9531
0,132,86,0,0,43.946
0,133,86,0,0,43.939
0,134,86,0,0,43.932
0,135,86,0,0,43.9251
0,136,86,0,0,43.9182
0,137,86,0,0,43.9114
0,138,86,0,0,43.9046
0,139,86,0,0,43.8979
0,140,86,0,0,43.8913
0,141,86,0,0,43.8847
0,142,86,0,0,43.8782
0,143,86,0,0,43.8718
0,144,86,0,0,43.8654
0,145,86,0,0,43.8591
0,146,86,0,0,43.8528
0,147,86,0,0,43.8466
0,148,86,0,0,43.8405
0,149,86,0,0,43.8345
0,150,86,0,0,43.8285
0,151,86,0,0,43.8226
0,152,86,0,0,43.8167
0,153,86,0,0,43.8109
0,154,86,0,0,43.8052
0,155,86,0,0,43.7996
0,156,86,0,0,43.7939
0,157,86,0,0,43.7884
0,158,86,0,0,43.7829
0,159,86,0,0,43.7775
0,160,86,0,1.24031e-06,43.7721
0,161,86,0,0,43.7666
0,162,86,0,0,43.7612
0,163,86,0,0,43.7559
0,164,86,0,0,43.7506
0,165,86,0,0,43.7453
0,166,86,0,0,43.7401
0,167,86,0,0,43.7349
0,168,86,0,0,43.7297
0,169,86,0,0,43.7246
0,170,86,0,0,43.7195
0,171,86,0,0,43.7144
0,172,86,0,0,43.7094
0,173,86,0,0,43.7043
0,174,86,0,0,43.6993
0,175,86,0,0,43.6943
0,176,86,0,0,43.6893
0,177,86,0,0,43.6844
0,178,86,0,0,43.6794
0,179,86,0,0,43.6745
0,180,86,0,0,43.6696
0,181,86,0,0,43.6647
0,182,86,0,0,43.6598
0,183,86,0,0,43.655
0,184,86,0,0,43.6502
0,185,86,0,0,43.6454
0,186,86,0,0,43.6406
0,187,86,0,0,43.6358
0,188,86,0,0,43.6311
0,189,86,0,0,43.6264
0,190,86,0,0,43.6217
0,191,86,0,0,43.6171
0,192,86,0,1.24031e-06,43.6125
0,193,86,0,0,43.6078
0,194,86,0,0,43.6032
0,195,86,0,0,43.5986
0,196,86,0,0,43.5941
0,197,86,0,0,43.5896
0,198,86,0,0,43.5851
0,199,86,0,0,43.5807
0,200,86,0,0,43.5763
0,201,86,0,0,43.572
0,202,86,0,0,43.5677
0,203,86,0,0,43.5634
0,204,86,0,0,43.5592
0,205,86,0,0,43.5551
0,206,86,0,0,43.5509
0,207,86,0,0,43.5468
0,208,86,0,0,43.5428
0,209,86,0,0,43.5388
0,210,86,0,0,43.5348
0,211,86,0,0,43.5308
0,212,86,0,0,43.5268
0,213,86,0,0,43.5229
0,214,86,0,0,43.519
0,215,86,0,0,43.5151
0,216,86,0,0,43.5113
0,217,86,0,0,43.5074
0,218,86,0,0,43.5036
0,219,86,0,0,43.4998
0,220,86,0,0,43.496
0,221,86,0,0,43.4922
0,222,86,0,0,43.4884
0,223,86,0,0,43.4847
0,224,86,0,1.24031e-06,43.4809
0,225,86,0,0,43.4771
0,226,86,0,0,43.4733
0,227,86,0,0,43.4695
0,228,86,0,0,43.4657
0,229,86,0,0,43.462
0,230,86,0,0,43.4583
0,231,86,0,0,43.4546
0,232,86,0,0,43.451
0,233,86,0,0,43.4474
0,234,86,0,0,43.4439
0,235,86,0,0,43.4404
0,236,86,0,0,43.437
0,237,86,0,0,43.4336
0,238,86,0,0,43.4304
0,239,86,0,0,43.4272
0,240,86,0,0,43.4242
0,241,86,0,0,43.4212
0,242,86,0,0,43.4184
0,243,86,0,0,43.4157
0,244,86,0,0,43.4131
0,245,86,0,0,43.4107
0,246,86,0,0,43.4084
0,247,86,0,0,43.4063
0,248,86,0,0,43.4044
0,249,86,0,0,43.4026
0,250,86,0,0,43.4011
0,251,86,0,0,43.3998
0,252,86,0,0,43.3986
0,253,86,0,0,43.3977
0,254,86,0,0,43.397
0,255,86,0,0,43.3966
0,0,87,0,1.24031e-06,44.9733
0,1,87,0,0,44.9725
0,2,87,0,0,44.9715
0,3,87,0,0,44.9702
0,4,87,0,0,44.9685
0,5,87,0,0,44.9665
0,6,87,0,0,44.9642
0,7,87,0,0,44.9616
0,8,87,0,0,44.9586
0,9,87,0,0,44.9554
0,10,87,0,0,44.9518
0,11,87,0,0,44.9479
0,12,87,0,0,44.9436
0,13,87,0,0,44.9391
0,14,87,0,0,44.9342
0,15,87,0,0,44.929
0,16,87,0,0,44.9234
0,17,87,0,0,44.9176
0,18,87,0,0,44.9114
0,19,87,0,0,44.9049
0,20,87,0,0,44.8981
0,21,87,0,0,44.891
0,22,87,0,0,44.8836
0,23,87,0,0,44.8759
0,24,87,0,0,44.8679
0,25,87,0,0,44.8596
0,26,87,0,0,44.8511
0,27,87,0,0,44.8422
0,28,87,0,0,44.8332
0,29,87,0,0,44.8239
0,30,87,0,0,44.8143
0,31,87,0,0,44.8046
0,32,87,0,1.24031e-06,44.7946
0,33,87,0,0,44.7843
0,34,87,0,0,44.7739
0,35,87,0,0,44.7632
0,36,87,0,0,44.7524
0,37,87,0,0,44.7415
0,38,87,0,0,44.7304
0,39,87,0,0,44.7192
0,40,87,0,0,44.7079
0,41,87,0,0,44.6965
0,42,87,0,0,44.685
0,43,87,0,0,44.6735
0,44,87,0,0,44.6619
0,45,87,0,0,44.6502
0,46,87,0,0,44.6385
0,47,87,0,0,44.6268
0,48,87,0,0,44.615
0,49,87,0,0,44.6033
0,50,87,0,0,44.5915
0,51,87,0,0,44.5797
0,52,87,0,0,44.5679
0,53,87,0,0,44.5562
0,54,87,0,0,44.5444
0,55,87,0,0,44.5327
0,56,87,0,0,44.521
0,57,87,0,0,44.5093
0,58,87,0,0,44.4976
0,59,87,0,0,44.486
0,60,87,0,0,44.4744
0,61,87,0,0,44.4628
0,62,87,0,0,44.4512
0,63,87,0,0,44.4397
0,64,87,0,1.24031e-06,44.4283
0,65,87,0,0,44.4167
0,66,87,0,0,44.4052
0,67,87,0,0,44.3938
0,68,87,0,0,44.3824
0,69,87,0,0,44.3711
0,70,87,0,0,44.3598
0,71,87,0,0,44.3486
0,72,87,0,0,44.3375
0,73,87,0,0,44.3264
0,74,87,0,0,44.3154
0,75,87,0,0,44.3045
0,76,87,0,0,44.2937
0,77,87,0,0,44.283
0,78,87,0,0,44.2723
0,79,87,0,0,44.2618
0,80,87,0,0,44.2514
0,81,87,0,0,44.2411
0,82,87,0,0,44.2309
0,83,87,0,0,44.2208
0,84,87,0,0,44.2108
0,85,87,0,0,44.201
0,86,87,0,0,44.1912
0,87,87,0,0,44.1816
0,88,87,0,0,44.1721
0,89,87,0,0,44.1627
0,90,87,0,0,44.1535
0,91,87,0,0,44.1444
0,92,87,0,0,44.1353
0,93,87,0,0,44.1264
0,94,87,0,0,44.1176
0,95,87,0,0,44.1089
0,96,87,0,1.24031e-06,44.1004
0,97,87,0,0,44.0918
0,98,87,0,0,44.0833
0,99,87,0,0,44.0749
0,100,87,0,0,44.0666
0,101,87,0,0,44.0584
0,102,87,0,0,44.0502
0,103,87,0,0,44.0422
0,104,87,0,0,44.0342
0,105,87,0,0,44.0263
0,106,87,0,0,44.0185
0,107,87,0,0,44.0107
0,108,87,0,0,44.003
0,109,87,0,0,43.9953
0,110,87,0,0,43.9877
0,111,87,0,0,43.9802
0,112,87,0,0,43.9727
0,113,87,0,0,43.9652
0,114,87,0,0,43.9578
0,115,87,0,0,43.9505
0,116,87,0,0,43.9431
0,117,87,0,0,43.9358
0,118,87,0,0,43.9286
0,119,87,0,0,43.9213
0,120,87,0,0,43.9142
0,121,87,0,0,43.907
0,122,87,0,0,43.8999
0,123,87,0,0,43.8928
0,124,87,0,0,43.8857
0,125,87,0,0,43.8787
0,126,87,0,0,43.8717
0,127,87,0,0,43.8648
0,128,87,0,1.24031e-06,43.8578
0,129,87,0,0,43.8509
0,130,87,0,0,43.8439
0,131,87,0,0,43.837
0,132,87,0,0,43.8302
0,133,87,0,0,43.8234
0,134,87,0,0,43.8166
0,135,87,0,0,43.8099
0,136,87,0,0,43.8033
0,137,87,0,0,43.7967
0,138,87,0,0,43.7901
0,139,87,0,0,43.7836
0,140,87,0,0,43.7772
0,141,87,0,0,43.7708
0,142,87,0,0,43.7645
0,143,87,0,0,43.7583
0,144,87,0,0,43.7521
0,145,87,0,0,43.746
0,146,87,0,0,43.7399
0,147,87,0,0,43.7339
0,148,87,0,0,43.728
0,149,87,0,0,43.7221
0,150,87,0,0,43.7163
0,151,87,0,0,43.7105
0,152,87,0,0,43.7048
0,153,87,0,0,43.6992
0,154,87,0,0,43.6936
0,155,87,0,0,43.6881
0,156,87,0,0,43.6826
0,157,87,0,0,43.6772
0,158,87,0,0,43.6719
0,159,87,0,0,43.6666
0,160,87,0,1.24031e-06,43.6613
0,161,87,0,0,43.656
0,162,87,0,0,43.6508
0,163,87,0,0,43.6455
0,164,87,0,0,43.6404
0,165,87,0,0,43.6352
0,166,87,0,0,43.6301
0,167,87,0,0,43.6251
0,168,87,0,0,43.62
0,169,87,0,0,43.615
0,170,87,0,0,43.61
0,171,87,0,0,43.6051
0,172,87,0,0,43.6002
0,173,87,0,0,43.5953
0,174,87,0,0,43.5904
0,175,87,0,0,43.5855
0,176,87,0,0,43.5807
0,177,87,0,0,43.5759
0,178,87,0,0,43.5711
0,179,87,0,0,43.5663
0,180,87,0,0,43.5615
0,181,87,0,0,43.5568
0,182,87,0,0,43.5521
0,183,87,0,0,43.5474
0,184,87,0,0,43.5427
0,185,87,0,0,43.5381
0,186,87,0,0,43.5334
0,187,87,0,0,43.5288
0,188,87,0,0,43.5243
0,189,87,0,0,43.5197
0,190,87,0,0,43.5152
0,191,87,0,0,43.5107
0,192,87,0,1.24031e-06,43.5063
0,193,87,0,0,43.5018
0,194,87,0,0,43.4973
0,195,87,0,0,43.4929
0,196,87,0,0,43.4885
0,197,87,0,0,43.4841
0,198,87,0,0,43.4798
0,199,87,0,0,43.4755
0,200,87,0,0,43.4713
0,201,87,0,0,43.4671
0,202,87,0,0,43.4629
0,203,87,0,0,43.4588
0,204,87,0,0,43.4547
0,205,87,0,0,43.4507
0,206,87,0,0,43.4467
0,207,87,0,0,43.4427
0,208,87,0,0,43.4388
0,209,87,0,0,43.4349
0,210,87,0,0,43.431
0,211,87,0,0,43.4272
0,212,87,0,0,43.4233
0,213,87,0,0,43.4195
0,214,87,0,0,43.4158
0,215,87,0,0,43.412
0,216,87,0,0,43.4083
0,217,87,0,0,43.4046
0,218,87,0,0,43.4009
0,219,87,0,0,43.3972
0,220,87,0,0,43.3935
0,221,87,0,0,43.3899
0,222,87,0,0,43.3863
0,223,87,0,0,43.3827
0,224,87,0,1.24031e-06,43.3791
0,225,87,0,0,43.3755
0,226,87,0,0,43.3718
0,227,87,0,0,43.3682
0,228,87,0,0,43.3646
0,229,87,0,0,43.3611
0,230,87,0,0,43.3576
0,231,87,0,0,43.3541
0,232,87,0,0,43.3507
0,233,87,0,0,43.3473
0,234,87,0,0,43.344
0,235,87,0,0,43.3407
0,236,87,0,0,43.3375
0,237,87,0,0,43.3344
0,238,87,0,0,43.3314
0,239,87,0,0,43.3285
0,240,87,0,0,43.3256
0,241,87,0,0,43.3229
0,242,87,0,0,43.3202
0,243,87,0,0,43.3177
0,244,87,0,0,43.3153
0,245,87,0,0,43.3131
0,246,87,0,0,43.311
0,247,87,0,0,43.3091
0,248,87,0,0,43.3073
0,249,87,0,0,43.3057
0,250,87,0,0,43.3043
0,251,87,0,0,43.3031
0,252,87,0,0,43.3021
0,253,87,0,0,43.3013
0,254,87,0,0,43.3006
0,255,87,0,0,43.3002
0,0,88,0,1.24031e-06,44.8175
0,1,88,0,0,44.8168
0,2,88,0,0,44.8158
0,3,88,0,0,44.8145
0,4,88,0,0,44.8129
0,5,88,0,0,44.8109
0,6,88,0,0,44.8087
0,7,88,0,0,44.8062
0,8,88,0,0,44.8034
0,9,88,0,0,44.8003
0,10,88,0,0,44.7968
0,11,88,0,0,44.7931
0,12,88,0,0,44.789
0,13,88,0,0,44.7846
0,14,88,0,0,44.78
0,15,88,0,0,44.775
0,16,88,0,0,44.7697
0,17,88,0,0,44.7641
0,18,88,0,0,44.7582
0,19,88,0,0,44.7521
0,20,88,0,0,44.7456
0,21,88,0,0,44.7388
0,22,88,0,0,44.7318
0,23,88,0,0,44.7245
0,24,88,0,0,44.7169
0,25,88,0,0,44.709
0,26,88,0,0,44.7009
0,27,88,0,0,44.6926
0,28,88,0,0,44.684
0,29,88,0,0,44.6752
0,30,88,0,0,44.6661
0,31,88,0,0,44.6569
0,32,88,0,1.24031e-06,44.6474
0,33,88,0,0,44.6377
0,34,88,0,0,44.6277
0,35,88,0,0,44.6177
0,36,88,0,0,44.6074
0,37,88,0,0,44.597
0,38,88,0,0,44.5865
0,39,88,0,0,44.5759
0,40,88,0,0,44.5652
0,41,88,0,0,44.5543
0,42,88,0,0,44.5434
0,43,88,0,0,44.5324
0,44,88,0,0,44.5214
0,45,88,0,0,44.5103
0,46,88,0,0,44.4991
0,47,88,0,0,44.4879
0,48,88,0,0,44.4767
0,49,88,0,0,44.4655
0,50,88,0,0,44.4543
0,51,88,0,0,44.443
0,52,88,0,0,44.4318
0,53,88,0,0,44.4205
0,54,88,0,0,44.4092
0,55,88,0,0,44.398
0,56,88,0,0,44.3868
0,57,88,0,0,44.3756
0,58,88,0,0,44.3644
0,59,88,0,0,44.3532
0,60,88,0,0,44.3421
0,61,88,0,0,44.331
0,62,88,0,0,44.3199
0,63,88,0,0,44.3088
0,64,88,0,1.24031e-06,44.2978
0,65,88,0,0,44.2868
0,66,88,0,0,44.2757
0,67,88,0,0,44.2647
0,68,88,0,0,44.2538
0,69,88,0,0,44.2429
0,70,88,0,0,44.2321
0,71,88,0,0,44.2213
0,72,88,0,0,44.2106
0,73,88,0,0,44.2
0,74,88,0,0,44.1894
0,75,88,0,0,44.1789
0,76,88,0,0,44.1685
0,77,88,0,0,44.1582
0,78,88,0,0,44.148
0,79,88,0,0,44.1378
0,80,88,0,0,44.1278
0,81,88,0,0,44.1179
0,82,88,0,0,44.108
0,83,88,0,0,44.0983
0,84,88,0,0,44.0887
0,85,88,0,0,44.0791
0,86,88,0,0,44.0697
0,87,88,0,0,44.0604
0,88,88,0,0,44.0512
0,89,88,0,0,44.0422
0,90,88,0,0,44.0332
0,91,88,0,0,44.0243
0,92,88,0,0,44.0156
0,93,88,0,0,44.0069
0,94,88,0,0,43.9984
0,95,88,0,0,43.9899
0,96,88,0,1.24031e-06,43.9816
0,97,88,0,0,43.9732
0,98,88,0,0,43.965
0,99,88,0,0,43.9568
0,100,88,0,0,43.9487
0,101,88,0,0,43.9407
0,102,88,0,0,43.9328
0,103,88,0,0,43.9249
0,104,88,0,0,43.9172
0,105,88,0,0,43.9095
0,106,88,0,0,43.9018
0,107,88,0,0,43.8942
0,108,88,0,0,43.8867
0,109,88,0,0,43.8793
0,110,88,0,0,43.8719
0,111,88,0,0,43.8645
0,112,88,0,0,43.8572
0,113,88,0,0,43.8499
0,114,88,0,0,43.8427
0,115,88,0,0,43.8355
0,116,88,0,0,43.8284
0,117,88,0,0,43.8213
0,118,88,0,0,43.8142
0,119,88,0,0,43.8072
0,120,88,0,0,43.8002
0,121,88,0,0,43.7933
0,122,88,0,0,43.7863
0,123,88,0,0,43.7795
0,124,88,0,0,43.7726
0,125,88,0,0,43.7658
0,126,88,0,0,43.759
0,127,88,0,0,43.7523
0,128,88,0,1.24031e-06,43.7456
0,129,88,0,0,43.7388
0,130,88,0,0,43.7321
0,131,88,0,0,43.7254
0,132,88,0,0,43.7188
0,133,88,0,0,43.7122
0,134,88,0,0,43.7056
0,135,88,0,0,43.6992
0,136,88,0,0,43.6927
0,137,88,0,0,43.6863
0,138,88,0,0,43.68
0,139,88,0,0,43.6737
0,140,88,0,0,43.6674
0,141,88,0,0,43.6613
0,142,88,0,0,43.6551
0,143,88,0,0,43.6491
0,144,88,0,0,43.6431
0,145,88,0,0,43.6371
0,146,88,0,0,43.6312
0,147,88,0,0,43.6254
0,148,88,0,0,43.6197
0,149,88,0,0,43.6139
0,150,88,0,0,43.6083
0,151,88,0,0,43.6027
0,152,88,0,0,43.5972
0,153,88,0,0,43.5917
0,154,88,0,0,43.5863
0,155,88,0,0,43.5809
0,156,88,0,0,43.5756
0,157,88,0,0,43.5703
0,158,88,0,0,43.5651
0,159,88,0,0,43.5599
0,160,88,0,1.24031e-06,43.5548
0,161,88,0,0,43.5496
0,162,88,0,0,43.5445
0,163,88,0,0,43.5394
0,164,88,0,0,43.5343
0,165,88,0,0,43.5293
0,166,88,0,0,43.5244
0,167,88,0,0,43.5194
0,168,88,0,0,43.5145
0,169,88,0,0,43.5096
0,170,88,0,0,43.5048
0,171,88,0,0,43.5
0,172,88,0,0,43.4952
0,173,88,0,0,43.4904
0,174,88,0,0,43.4856
0,175,88,0,0,43.4809
0,176,88,0,0,43.4762
0,177,88,0,0,43.4715
0,178,88,0,0,43.4669
0,179,88,0,0,43.4622
0,180,88,0,0,43.4576
0,181,88,0,0,43.453
0,182,88,0,0,43.4484
0,183,88,0,0,43.4439
0,184,88,0,0,43.4394
0,185,88,0,0,43.4349
0,186,88,0,0,43.4304
0,187,88,0,0,43.4259
0,188,88,0,0,43.4215
0,189,88,0,0,43.4171
0,190,88,0,0,43.4128
0,191,88,0,0,43.4084
0,192,88,0,1.24031e-06,43.4042
0,193,88,0,0,43.3998
0,194,88,0,0,43.3955
0,195,88,0,0,43.3912
0,196,88,0,0,43.3869
0,197,88,0,0,43.3827
0,198,88,0,0,43.3785
0,199,88,0,0,43.3744
0,200,88,0,0,43.3703
0,201,88,0,0,43.3662
0,202,88,0,0,43.3622
0,203,88,0,0,43.3582
0,204,88,0,0,43.3542
0,205,88,0,0,43.3503
0,206,88,0,0,43.3464
0,207,88,0,0,43.3426
0,208,88,0,0,43.3388
0,209,88,0,0,43.335
0,210,88,0,0,43.3312
0,211,88,0,0,43.3275
0,212,88,0,0,43.3238
0,213,88,0,0,43.3201
0,214,88,0,0,43.3165
0,215,88,0,0,43.3129
0,216,88,0,0,43.3093
0,217,88,0,0,43.3057
0,218,88,0,0,43.3021
0,219,88,0,0,43.2986
0,220,88,0,0,43.2951
0,221,88,0,0,43.2916
0,222,88,0,0,43.2881
0,223,88,0,0,43.2847
0,224,88,0,1.24031e-06,43.2813
0,225,88,0,0,43.2778
0,226,88,0,0,43.2743
0,227,88,0,0,43.2709
0,228,88,0,0,43.2675
0,229,88,0,0,43.2641
0,230,88,0,0,43.2608
0,231,88,0,0,43.2575
0,232,88,0,0,43.2542
0,233,88,0,0,43.2511
0,234,88,0,0,43.2479
0,235,88,0,0,43.2449
0,236,88,0,0,43.2419
0,237,88,0,0,43.239
0,238,88,0,0,43.2361
0,239,88,0,0,43.2334
0,240,88,0,0,43.2307
0,241,88,0,0,43.2282
0,242,88,0,0,43.2257
0,243,88,0,0,43.2234
0,244,88,0,0,43.2212
0,245,88,0,0,43.2192
0,246,88,0,0,43.2172
0,247,88,0,0,43.2154
0,248,88,0,0,43.2138
0,249,88,0,0,43.2124
0,250,88,0,0,43.2111
0,251,88,0,0,43.21
0,252,88,0,0,43.209
0,253,88,0,0,43.2082
0,254,88,0,0,43.2077
0,255,88,0,0,43.2073
0,0,89,0,1.24031e-06,44.6679
0,1,89,0,0,44.6673
0,2,89,0,0,44.6663
0,3,89,0,0,44.665
0,4,89,0,0,44.6635
0,5,89,0,0,44.6617
0,6,89,0,0,44.6595
0,7,89,0,0,44.6571
0,8,89,0,0,44.6544
0,9,89,0,0,44.6514
0,10,89,0,0,44.6481
0,11,89,0,0,44.6445
0,12,89,0,0,44.6406
0,13,89,0,0,44.6365
0,14,89,0,0,44.632
0,15,89,0,0,44.6272
0,16,89,0,0,44.6222
0,17,89,0,0,44.6169
0,18,89,0,0,44.6113
0,19,89,0,0,44.6054
0,20,89,0,0,44.5992
0,21,89,0,0,44.5928
0,22,89,0,0,44.5861
0,23,89,0,0,44.5792
0,24,89,0,0,44.572
0,25,89,0,0,44.5645
0,26,89,0,0,44.5568
0,27,89,0,0,44.5489
0,28,89,0,0,44.5407
0,29,89,0,0,44.5324
0,30,89,0,0,44.5238
0,31,89,0,0,44.515
0,32,89,0,1.24031e-06,44.506
0,33,89,0,0,44.4968
0,34,89,0,0,44.4874
0,35,89,0,0,44.4778
0,36,89,0,0,44.4681
0,37,89,0,0,44.4582
0,38,89,0,0,44.4482
0,39,89,0,0,44.4382
0,40,89,0,0,44.428
0,41,89,0,0,44.4177
0,42,89,0,0,44.4073
0,43,89,0,0,44.3968
0,44,89,0,0,44.3863
0,45,89,0,0,44.3757
0,46,89,0,0,44.3651
0,47,89,0,0,44.3544
0,48,89,0,0,44.3437
0,49,89,0,0,44.333
0,50,89,0,0,44.3223
0,51,89,0,0,44.3115
0,52,89,0,0,44.3007
0,53,89,0,0,44.29
0,54,89,0,0,44.2792
0,55,89,0,0,44.2684
0,56,89,0,0,44.2577
0,57,89,0,0,44.2469
0,58,89,0,0,44.2362
0,59,89,0,0,44.2255
0,60,89,0,0,44.2148
0,61,89,0,0,44.2042
0,62,89,0,0,44.1935
0,63,89,0,0,44.1829
0,64,89,0,1.24031e-06,44.1723
0,65,89,0,0,44.1617
0,66,89,0,0,44.1511
0,67,89,0,0,44.1405
0,68,89,0,0,44.13
0,69,89,0,0,44.1196
0,70,89,0,0,44.1092
0,71,89,0,0,44.0988
0,72,89,0,0,44.0885
0,73,89,0,0,44.0783
0,74,89,0,0,44.0681
0,75,89,0,0,44.0581
0,76,89,0,0,44.0481
0,77,89,0,0,44.0381
0,78,89,0,0,44.0283
0,79,89,0,0,44.0185
0,80,89,0,0,44.0088
0,81,89,0,0,43.9992
0,82,89,0,0,43.9898
0,83,89,0,0,43.9804
0,84,89,0,0,43.9711
0,85,89,0,0,43.9619
0,86,89,0,0,43.9528
0,87,89,0,0,43.9438
0,88,89,0,0,43.9349
0,89,89,0,0,43.9261
0,90,89,0,0,43.9174
0,91,89,0,0,43.9088
0,92,89,0,0,43.9003
0,93,89,0,0,43.8919
0,94,89,0,0,43.8836
0,95,89,0,0,43.8754
0,96,89,0,1.24031e-06,43.8673
0,97,89,0,0,43.8592
0,98,89,0,0,43.8511
0,99,89,0,0,43.8432
0,100,89,0,0,43.8353
0,101,89,0,0,43.8275
0,102,89,0,0,43.8198
0,103,89,0,0,43.8121
0,104,89,0,0,43.8046
0,105,89,0,0,43.797
0,106,89,0,0,43.7896
0,107,89,0,0,43.7822
0,108,89,0,0,43.7749
0,109,89,0,0,43.7676
0,110,89,0,0,43.7604
0,111,89,0,0,43.7532
0,112,89,0,0,43.7461
0,113,89,0,0,43.739
0,114,89,0,0,43.732
0,115,89,0,0,43.725
0,116,89,0,0,43.718
0,117,89,0,0,43.7111
0,118,89,0,0,43.7043
0,119,89,0,0,43.6974
0,120,89,0,0,43.6906
0,121,89,0,0,43.6839
0,122,89,0,0,43.6772
0,123,89,0,0,43.6705
0,124,89,0,0,43.6638
0,125,89,0,0,43.6572
0,126,89,0,0,43.6507
0,127,89,0,0,43.6441
0,128,89,0,1.24031e-06,43.6376
0,129,89,0,0,43.6311
0,130,89,0,0,43.6245
0,131,89,0,0,43.6181
0,132,89,0,0,43.6116
0,133,89,0,0,43.6052
0,134,89,0,0,43.5989
0,135,89,0,0,43.5926
0,136,89,0,0,43.5864
0,137,89,0,0,43.5802
0,138,89,0,0,43.574
0,139,89,0,0,43.5679
0,140,89,0,0,43.5619
0,141,89,0,0,43.5559
0,142,89,0,0,43.5499
0,143,89,0,0,43.5441
0,144,89,0,0,43.5382
0,145,89,0,0,43.5325
0,146,89,0,0,43.5267
0,147,89,0,0,43.5211
0,148,89,0,0,43.5155
0,149,89,0,0,43.5099
0,150,89,0,0,43.5044
0,151,89,0,0,43.499
0,152,89,0,0,43.4936
0,153,89,0,0,43.4883
0,154,89,0,0,43.483
0,155,89,0,0,43.4778
0,156,89,0,0,43.4726
0,157,89,0,0,43.4674
0,158,89,0,0,43.4624
0,159,89,0,0,43.4573
0,160,89,0,1.24031e-06,43.4523
0,161,89,0,0,43.4473
0,162,89,0,0,43.4423
0,163,89,0,0,43.4373
0,164,89,0,0,43.4324
0,165,89,0,0,43.4275
0,166,89,0,0,43.4227
0,167,89,0,0,43.4178
0,168,89,0,0,43.413
0,169,89,0,0,43.4083
0,170,89,0,0,43.4036
0,171,89,0,0,43.3989
0,172,89,0,0,43.3942
0,173,89,0,0,43.3896
0,174,89,0,0,43.3849
0,175,89,0,0,43.3803
0,176,89,0,0,43.3758
0,177,89,0,0,43.3712
0,178,89,0,0,43.3667
0,179,89,0,0,43.3622
0,180,89,0,0,43.3577
0,181,89,0,0,43.3533
0,182,89,0,0,43.3488
0,183,89,0,0,43.3444
0,184,89,0,0,43.34
0,185,89,0,0,43.3357
0,186,89,0,0,43.3313
0,187,89,0,0,43.327
0,188,89,0,0,43.3228
0,189,89,0,0,43.3185
0,190,89,0,0,43.3143
0,191,89,0,0,43.3101
0,192,89,0,1.24031e-06,43.306
0,193,89,0,0,43.3017
0,194,89,0,0,43.2975
0,195,89,0,0,43.2934
0,196,89,0,0,43.2893
0,197,89,0,0,43.2852
0,198,89,0,0,43.2811
0,199,89,0,0,43.2771
0,200,89,0,0,43.2732
0,201,89,0,0,43.2692
0,202,89,0,0,43.2653
0,203,89,0,0,43.2614
0,204,89,0,0,43.2576
0,205,89,0,0,43.2538
0,206,89,0,0,43.2501
0,207,89,0,0,43.2463
0,208,89,0,0,43.2426
0,209,89,0,0,43.239
0,210,89,0,0,43.2353
0,211,89,0,0,43.2317
0,212,89,0,0,43.2281
0,213,89,0,0,43.2246
0,214,89,0,0,43.2211
0,215,89,0,0,43.2176
0,216,89,0,0,43.2141
0,217,89,0,0,43.2106
0,218,89,0,0,43.2072
0,219,89,0,0,43.2038
0,220,89,0,0,43.2004
0,221,89,0,0,43.1971
0,222,89,0,0,43.1938
0,223,89,0,0,43.1905
0,224,89,0,1.24031e-06,43.1872
0,225,89,0,0,43.1839
0,226,89,0,0,43.1805
0,227,89,0,0,43.1773
0,228,89,0,0,43.174
0,229,89,0,0,43.1708
0,230,89,0,0,43.1677
0,231,89,0,0,43.1646
0,232,89,0,0,43.1615
0,233,89,0,0,43.1585
0,234,89,0,0,43.1556
0,235,89,0,0,43.1527
0,236,89,0,0,43.1499
0,237,89,0,0,43.1471
0,238,89,0,0,43.1445
0,239,89,0,0,43.1419
0,240,89,0,0,43.1394
0,241,89,0,0,43.1371
0,242,89,0,0,43.1348
0,243,89,0,0,43.1326
0,244,89,0,0,43.1306
0,245,89,0,0,43.1287
0,246,89,0,0,43.1269
0,247,89,0,0,43.1252
0,248,89,0,0,43.1238
0,249,89,0,0,43.1224
0,250,89,0,0,43.1212
0,251,89,0,0,43.1202
0,252,89,0,0,43.1193
0,253,89,0,0,43.1186
0,254,89,0,0,43.1181
0,255,89,0,0,43.1177
0,0,90,0,1.24031e-06,44.5244
0,1,90,0,0,44.5238
0,2,90,0,0,44.5229
0,3,90,0,0,44.5216
0,4,90,0,0,44.5202
0,5,90,0,0,44.5184
0,6,90,0,0,44.5164
0,7,90,0,0,44.514
0,8,90,0,0,44.5114
0,9,90,0,0,44.5086
0,10,90,0,0,44.5054
0,11,90,0,0,44.502
0,12,90,0,0,44.4983
0,13,90,0,0,44.4943
0,14,90,0,0,44.49
0,15,90,0,0,44.4855
0,16,90,0,0,44.4807
0,17,90,0,0,44.4756
0,18,90,0,0,44.4703
0,19,90,0,0,44.4647
0,20,90,0,0,44.4588
0,21,90,0,0,44.4527
0,22,90,0,0,44.4463
0,23,90,0,0,44.4397
0,24,90,0,0,44.4329
0,25,90,0,0,44.4258
0,26,90,0,0,44.4185
0,27,90,0,0,44.411
0,28,90,0,0,44.4032
0,29,90,0,0,44.3953
0,30,90,0,0,44.3871
0,31,90,0,0,44.3788
0,32,90,0,1.24031e-06,44.3703
0,33,90,0,0,44.3615
0,34,90,0,0,44.3526
0,35,90,0,0,44.3435
0,36,90,0,0,44.3342
0,37,90,0,0,44.3249
0,38,90,0,0,44.3154
0,39,90,0,0,44.3058
0,40,90,0,0,44.2961
0,41,90,0,0,44.2863
0,42,90,0,0,44.2764
0,43,90,0,0,44.2665
0,44,90,0,0,44.2564
0,45,90,0,0,44.2464
0,46,90,0,0,44.2362
0,47,90,0,0,44.2261
0,48,90,0,0,44.2158
0,49,90,0,0,44.2056
0,50,90,0,0,44.1953
0,51,90,0,0,44.1851
0,52,90,0,0,44.1748
0,53,90,0,0,44.1644
0,54,90,0,0,44.1541
0,55,90,0,0,44.1438
0,56,90,0,0,44.1335
0,57,90,0,0,44.1232
0,58,90,0,0,44.1129
0,59,90,0,0,44.1027
0,60,90,0,0,44.0924
0,61,90,0,0,44.0822
0,62,90,0,0,44.072
0,63,90,0,0,44.0618
0,64,90,0,1.24031e-06,44.0516
0,65,90,0,0,44.0414
0,66,90,0,0,44.0312
0,67,90,0,0,44.0211
0,68,90,0,0,44.011
0,69,90,0,0,44.0009
0,70,90,0,0,43.9909
0,71,90,0,0,43.981
0,72,90,0,0,43.9711
0,73,90,0,0,43.9612
0,74,90,0,0,43.9515
0,75,90,0,0,43.9418
0,76,90,0,0,43.9321
0,77,90,0,0,43.9226
0,78,90,0,0,43.9131
0,79,90,0,0,43.9037
0,80,90,0,0,43.8943
0,81,90,0,0,43.8851
0,82,90,0,0,43.8759
0,83,90,0,0,43.8669
0,84,90,0,0,43.8579
0,85,90,0,0,43.849
0,86,90,0,0,43.8402
0,87,90,0,0,43.8315
0,88,90,0,0,43.8229
0,89,90,0,0,43.8144
0,90,90,0,0,43.806
0,91,90,0,0,43.7976
0,92,90,0,0,43.7894
0,93,90,0,0,43.7812
0,94,90,0,0,43.7732
0,95,90,0,0,43.7652
0,96,90,0,1.24031e-06,43.7573
0,97,90,0,0,43.7494
0,98,90,0,0,43.7416
0,99,90,0,0,43.7339
0,100,90,0,0,43.7262
0,101,90,0,0,43.7186
0,102,90,0,0,43.7111
0,103,90,0,0,43.7036
0,104,90,0,0,43.6962
0,105,90,0,0,43.6889
0,106,90,0,0,43.6817
0,107,90,0,0,43.6745
0,108,90,0,0,43.6673
0,109,90,0,0,43.6602
0,110,90,0,0,43.6532
0,111,90,0,0,43.6462
0,112,90,0,0,43.6393
0,113,90,0,0,43.6324
0,114,90,0,0,43.6255
0,115,90,0,0,43.6187
0,116,90,0,0,43.612
0,117,90,0,0,43.6053
0,118,90,0,0,43.5986
0,119,90,0,0,43.5919
0,120,90,0,0,43.5853
0,121,90,0,0,43.5788
0,122,90,0,0,43.5722
0,123,90,0,0,43.5657
0,124,90,0,0,43.5593
0,125,90,0,0,43.5529
0,126,90,0,0,43.5465
0,127,90,0,0,43.5401
0,128,90,0,1.24031e-06,43.5338
0,129,90,0,0,43.5275
0,130,90,0,0,43.5211
0,131,90,0,0,43.5149
0,132,90,0,0,43.5086
0,133,90,0,0,43.5024
0,134,90,0,0,43.4963
0,135,90,0,0,43.4902
0,136,90,0,0,43.4841
0,137,90,0,0,43.4781
0,138,90,0,0,43.4721
0,139,90,0,0,43.4662
0,140,90,0,0,43.4603
0,141,90,0,0,43.4545
0,142,90,0,0,43.4488
0,143,90,0,0,43.4431
0,144,90,0,0,43.4374
0,145,90,0,0,43.4318
0,146,90,0,0,43.4262
0,147,90,0,0,43.4207
0,148,90,0,0,43.4153
0,149,90,0,0,43.4099
0,150,90,0,0,43.4045
0,151,90,0,0,43.3993
0,152,90,0,0,43.394
0,153,90,0,0,43.3888
0,154,90,0,0,43.3837
0,155,90,0,0,43.3786
0,156,90,0,0,43.3735
0,157,90,0,0,43.3686
0,158,90,0,0,43.3636
0,159,90,0,0,43.3587
0,160,90,0,1.24031e-06,43.3538
0,161,90,0,0,43.3489
0,162,90,0,0,43.344
0,163,90,0,0,43.3392
0,164,90,0,0,43.3344
0,165,90,0,0,43.3296
0,166,90,0,0,43.3249
0,167,90,0,0,43.3202
0,168,90,0,0,43.3155
0,169,90,0,0,43.3109
0,170,90,0,0,43.3063
0,171,90,0,0,43.3017
0,172,90,0,0,43.2972
0,173,90,0,0,43.2926
0,174,90,0,0,43.2882
0,175,90,0,0,43.2837
0,176,90,0,0,43.2792
0,177,90,0,0,43.2748
0,178,90,0,0,43.2704
0,179,90,0,0,43.266
0,180,90,0,0,43.2617
0,181,90,0,0,43.2574
0,182,90,0,0,43.2531
0,183,90,0,0,43.2488
0,184,90,0,0,43.2445
0,185,90,0,0,43.2403
0,186,90,0,0,43.2361
0,187,90,0,0,43.232
0,188,90,0,0,43.2278
0,189,90,0,0,43.2237
0,190,90,0,0,43.2196
0,191,90,0,0,43.2156
0,192,90,0,1.24031e-06,43.2116
0,193,90,0,0,43.2075
0,194,90,0,0,43.2034
0,195,90,0,0,43.1994
0,196,90,0,0,43.1954
0,197,90,0,0,43.1914
0,198,90,0,0,43.1875
0,199,90,0,0,43.1836
0,200,90,0,0,43.1798
0,201,90,0,0,43.176
0,202,90,0,0,43.1722
0,203,90,0,0,43.1684
0,204,90,0,0,43.1647
0,205,90,0,0,43.1611
0,206,90,0,0,43.1574
0,207,90,0,0,43.1538
0,208,90,0,0,43.1502
0,209,90,0,0,43.1467
0,210,90,0,0,43.1431
0,211,90,0,0,43.1396
0,212,90,0,0,43.1362
0,213,90,0,0,43.1328
0,214,90,0,0,43.1293
0,215,90,0,0,43.126
0,216,90,0,0,43.1226
0,217,90,0,0,43.1193
0,218,90,0,0,43.116
0,219,90,0,0,43.1127
0,220,90,0,0,43.1095
0,221,90,0,0,43.1063
0,222,90,0,0,43.1031
0,223,90,0,0,43.0999
0,224,90,0,1.24031e-06,43.0968
0,225,90,0,0,43.0936
0,226,90,0,0,43.0904
0,227,90,0,0,43.0873
0,228,90,0,0,43.0842
0,229,90,0,0,43.0812
0,230,90,0,0,43.0782
0,231,90,0,0,43.0753
0,232,90,0,0,43.0724
0,233,90,0,0,43.0695
0,234,90,0,0,43.0667
0,235,90,0,0,43.064
0,236,90,0,0,43.0614
0,237,90,0,0,43.0588
0,238,90,0,0,43.0563
0,239,90,0,0,43.0539
0,240,90,0,0,43.0516
0,241,90,0,0,43.0494
0,242,90,0,0,43.0473
0,243,90,0,0,43.0453
0,244,90,0,0,43.0434
0,245,90,0,0,43.0416
0,246,90,0,0,43.0399
0,247,90,0,0,43.0384
0,248,90,0,0,43.037
0,249,90,0,0,43.0358
0,250,90,0,0,43.0347
0,251,90,0,0,43.0337
0,252,90,0,0,43.0329
0,253,90,0,0,43.0323
0,254,90,0,0,43.0318
0,255,90,0,0,43.0315
0,0,91,0,1.24031e-06,44.3868
0,1,91,0,0,44.3862
0,2,91,0,0,44.3853
0,3,91,0,0,44.3841
0,4,91,0,0,44.3827
0,5,91,0,0,44.381
0,6,91,0,0,44.379
0,7,91,0,0,44.3768
0,8,91,0,0,44.3743
0,9,91,0,0,44.3716
0,10,91,0,0,44.3686
0,11,91,0,0,44.3653
0,12,91,0,0,44.3617
0,13,91,0,0,44.3579
0,14,91,0,0,44.3539
0,15,91,0,0,44.3495
0,16,91,0,0,44.345
0,17,91,0,0,44.3401
0,18,91,0,0,44.335
0,19,91,0,0,44.3297
0,20,91,0,0,44.3241
0,21,91,0,0,44.3183
0,22,91,0,0,44.3122
0,23,91,0,0,44.306
0,24,91,0,0,44.2994
0,25,91,0,0,44.2927
0,26,91,0,0,44.2858
0,27,91,0,0,44.2786
0,28,91,0,0,44.2713
0,29,91,0,0,44.2637
0,30,91,0,0,44.256
0,31,91,0,0,44.2481
0,32,91,0,1.24031e-06,44.24
0,33,91,0,0,44.2316
0,34,91,0,0,44.2232
0,35,91,0,0,44.2145
0,36,91,0,0,44.2057
0,37,91,0,0,44.1968
0,38,91,0,0,44.1878
0,39,91,0,0,44.1787
0,40,91,0,0,44.1694
0,41,91,0,0,44.1601
0,42,91,0,0,44.1507
0,43,91,0,0,44.1412
0,44,91,0,0,44.1317
0,45,91,0,0,44.1221
0,46,91,0,0,44.1124
0,47,91,0,0,44.1027
0,48,91,0,0,44.0929
0,49,91,0,0,44.0831
0,50,91,0,0,44.0733
0,51,91,0,0,44.0635
0,52,91,0,0,44.0536
0,53,91,0,0,44.0438
0,54,91,0,0,44.0339
0,55,91,0,0,44.024
0,56,91,0,0,44.0142
0,57,91,0,0,44.0043
0,58,91,0,0,43.9944
0,59,91,0,0,43.9846
0,60,91,0,0,43.9747
0,61,91,0,0,43.9649
0,62,91,0,0,43.9551
0,63,91,0,0,43.9453
0,64,91,0,1.24031e-06,43.9356
0,65,91,0,0,43.9258
0,66,91,0,0,43.916
0,67,91,0,0,43.9062
0,68,91,0,0,43.8965
0,69,91,0,0,43.8868
0,70,91,0,0,43.8772
0,71,91,0,0,43.8677
0,72,91,0,0,43.8581
0,73,91,0,0,43.8487
0,74,91,0,0,43.8393
0,75,91,0,0,43.8299
0,76,91,0,0,43.8206
0,77,91,0,0,43.8114
0,78,91,0,0,43.8023
0,79,91,0,0,43.7932
0,80,91,0,0,43.7842
0,81,91,0,0,43.7753
0,82,91,0,0,43.7665
0,83,91,0,0,43.7577
0,84,91,0,0,43.749
0,85,91,0,0,43.7404
0,86,91,0,0,43.7319
0,87,91,0,0,43.7235
0,88,91,0,0,43.7152
0,89,91,0,0,43.7069
0,90,91,0,0,43.6988
0,91,91,0,0,43.6907
0,92,91,0,0,43.6827
0,93,91,0,0,43.6748
0,94,91,0,0,43.667
0,95,91,0,0,43.6592
0,96,91,0,1.24031e-06,43.6516
0,97,91,0,0,43.6439
0,98,91,0,0,43.6363
0,99,91,0,0,43.6287
0,100,91,0,0,43.6213
0,101,91,0,0,43.6139
0,102,91,0,0,43.6066
0,103,91,0,0,43.5993
0,104,91,0,0,43.5921
0,105,91,0,0,43.585
0,106,91,0,0,43.5779
0,107,91,0,0,43.5709
0,108,91,0,0,43.5639
0,109,91,0,0,43.557
0,110,91,0,0,43.5502
0,111,91,0,0,43.5434
0,112,91,0,0,43.5366
0,113,91,0,0,43.5299
0,114,91,0,0,43.5232
0,115,91,0,0,43.5166
0,116,91,0,0,43.51
0,117,91,0,0,43.5035
0,118,91,0,0,43.497
0,119,91,0,0,43.4905
0,120,91,0,0,43.4841
0,121,91,0,0,43.4777
0,122,91,0,0,43.4714
0,123,91,0,0,43.4651
0,124,91,0,0,43.4588
0,125,91,0,0,43.4526
0,126,91,0,0,43.4464
0,127,91,0,0,43.4402
0,128,91,0,1.24031e-06,43.4341
0,129,91,0,0,43.4279
0,130,91,0,0,43.4218
0,131,91,0,0,43.4157
0,132,91,0,0,43.4096
0,133,91,0,0,43.4036
0,134,91,0,0,43.3976
0,135,91,0,0,43.3917
0,136,91,0,0,43.3858
0,137,91,0,0,43.38
0,138,91,0,0,43.3742
0,139,91,0,0,43.3685
0,140,91,0,0,43.3628
0,141,91,0,0,43.3571
0,142,91,0,0,43.3515
0,143,91,0,0,43.346
0,144,91,0,0,43.3405
0,145,91,0,0,43.335
0,146,91,0,0,43.3296
0,147,91,0,0,43.3243
0,148,91,0,0,43.319
0,149,91,0,0,43.3137
0,150,91,0,0,43.3085
0,151,91,0,0,43.3034
0,152,91,0,0,43.2983
0,153,91,0,0,43.2932
0,154,91,0,0,43.2882
0,155,91,0,0,43.2833
0,156,91,0,0,43.2784
0,157,91,0,0,43.2735
0,158,91,0,0,43.2687
0,159,91,0,0,43.2639
0,160,91,0,1.24031e-06,43.2592
0,161,91,0,0,43.2544
0,162,91,0,0,43.2496
0,163,91,0,0,43.2449
0,164,91,0,0,43.2402
0,165,91,0,0,43.2356
0,166,91,0,0,43.2309
0,167,91,0,0,43.2264
0,168,91,0,0,43.2218
0,169,91,0,0,43.2173
0,170,91,0,0,43.2128
0,171,91,0,0,43.2084
0,172,91,0,0,43.2039
0,173,91,0,0,43.1995
0,174,91,0,0,43.1952
0,175,91,0,0,43.1908
0,176,91,0,0,43.1865
0,177,91,0,0,43.1822
0,178,91,0,0,43.1779
0,179,91,0,0,43.1737
0,180,91,0,0,43.1694
0,181,91,0,0,43.1652
0,182,91,0,0,43.1611
0,183,91,0,0,43.1569
0,184,91,0,0,43.1528
0,185,91,0,0,43.1487
0,186,91,0,0,43.1446
0,187,91,0,0,43.1406
0,188,91,0,0,43.1366
0,189,91,0,0,43.1326
0,190,91,0,0,43.1287
0,191,91,0,0,43.1247
0,192,91,0,1.24031e-06,43.1208
0,193,91,0,0,43.1169
0,194,91,0,0,43.1129
0,195,91,0,0,43.109
0,196,91,0,0,43.1052
0,197,91,0,0,43.1014
0,198,91,0,0,43.0976
0,199,91,0,0,43.0938
0,200,91,0,0,43.0901
0,201,91,0,0,43.0864
0,202,91,0,0,43.0827
0,203,91,0,0,43.0791
0,204,91,0,0,43.0755
0,205,91,0,0,43.0719
0,206,91,0,0,43.0684
0,207,91,0,0,43.0649
0,208,91,0,0,43.0614
0,209,91,0,0,43.058
0,210,91,0,0,43.0546
0,211,91,0,0,43.0512
0,212,91,0,0,43.0478
0,213,91,0,0,43.0445
0,214,91,0,0,43.0412
0,215,91,0,0,43.038
0,216,91,0,0,43.0347
0,217,91,0,0,43.0315
0,218,91,0,0,43.0284
0,219,91,0,0,43.0252
0,220,91,0,0,43.0221
0,221,91,0,0,43.019
0,222,91,0,0,43.016
0,223,91,0,0,43.0129
0,224,91,0,1.24031e-06,43.01
0,225,91,0,0,43.0069
0,226,91,0,0,43.0039
0,227,91,0,0,43.0009
0,228,91,0,0,42.998
0,229,91,0,0,42.9951
0,230,91,0,0,42.9922
0,231,91,0,0,42.9894
0,232,91,0,0,42.9867
0,233,91,0,0,42.984
0,234,91,0,0,42.9814
0,235,91,0,0,42.9788
0,236,91,0,0,42.9763
0,237,91,0,0,42.9739
0,238,91,0,0,42.9716
0,239,91,0,0,42.9693
0,240,91,0,0,42.9671
0,241,91,0,0,42.9651
0,242,91,0,0,42.9631
0,243,91,0,0,42.9612
0,244,91,0,0,42.9594
0,245,91,0,0,42.9578
0,246,91,0,0,42.9562
0,247,91,0,0,42.9548
0,248,91,0,0,42.9535
0,249,91,0,0,42.9524
0,250,91,0,0,42.9514
0,251,91,0,0,42.9505
0,252,91,0,0,42.9497
0,253,91,0,0,42.9491
0,254,91,0,0,42.9487
0,255,91,0,0,42.9484
0,0,92,0,1.24031e-06,44.2548
0,1,92,0,0,44.2542
0,2,92,0,0,44.2533
0,3,92,0,0,44.2522
0,4,92,0,0,44.2508
0,5,92,0,0,44.2492
0,6,92,0,0,44.2474
0,7,92,0,0,44.2452
0,8,92,0,0,44.2428
0,9,92,0,0,44.2402
0,10,92,0,0,44.2373
0,11,92,0,0,44.2342
0,12,92,0,0,44.2308
0,13,92,0,0,44.2272
0,14,92,0,0,44.2233
0,15,92,0,0,44.2192
0,16,92,0,0,44.2148
0,17,92,0,0,44.2102
0,18,92,0,0,44.2053
0,19,92,0,0,44.2003
0,20,92,0,0,44.1949
0,21,92,0,0,44.1894
0,22,92,0,0,44.1836
0,23,92,0,0,44.1777
0,24,92,0,0,44.1715
0,25,92,0,0,44.1651
0,26,92,0,0,44.1585
0,27,92,0,0,44.1517
0,28,92,0,0,44.1447
0,29,92,0,0,44.1375
0,30,92,0,0,44.1302
0,31,92,0,0,44.1226
0,32,92,0,1.24031e-06,44.115
0,33,92,0,0,44.107
0,34,92,0,0,44.0989
0,35,92,0,0,44.0907
0,36,92,0,0,44.0824
0,37,92,0,0,44.0739
0,38,92,0,0,44.0653
0,39,92,0,0,44.0566
0,40,92,0,0,44.0478
0,41,92,0,0,44.0389
0,42,92,0,0,44.03
0,43,92,0,0,44.0209
0,44,92,0,0,44.0118
0,45,92,0,0,44.0026
0,46,92,0,0,43.9934
0,47,92,0,0,43.9841
0,48,92,0,0,43.9748
0,49,92,0,0,43.9655
0,50,92,0,0,43.9561
0,51,92,0,0,43.9467
0,52,92,0,0,43.9373
0,53,92,0,0,43.9278
0,54,92,0,0,43.9184
0,55,92,0,0,43.9089
0,56,92,0,0,43.8994
0,57,92,0,0,43.89
0,58,92,0,0,43.8805
0,59,92,0,0,43.8711
0,60,92,0,0,43.8616
0,61,92,0,0,43.8522
0,62,92,0,0,43.8428
0,63,92,0,0,43.8334
0,64,92,0,1.24031e-06,43.824
0,65,92,0,0,43.8146
0,66,92,0,0,43.8052
0,67,92,0,0,43.7958
0,68,92,0,0,43.7865
0,69,92,0,0,43.7772
0,70,92,0,0,43.7679
0,71,92,0,0,43.7587
0,72,92,0,0,43.7495
0,73,92,0,0,43.7404
0,74,92,0,0,43.7314
0,75,92,0,0,43.7224
0,76,92,0,0,43.7134
0,77,92,0,0,43.7046
0,78,92,0,0,43.6957
0,79,92,0,0,43.687
0,80,92,0,0,43.6783
0,81,92,0,0,43.6697
0,82,92,0,0,43.6612
0,83,92,0,0,43.6527
0,84,92,0,0,43.6443
0,85,92,0,0,43.636
0,86,92,0,0,43.6278
0,87,92,0,0,43.6197
0,88,92,0,0,43.6116
0,89,92,0,0,43.6036
0,90,92,0,0,43.5957
0,91,92,0,0,43.5879
0,92,92,0,0,43.5801
0,93,92,0,0,43.5724
0,94,92,0,0,43.5648
0,95,92,0,0,43.5573
0,96,92,0,1.24031e-06,43.5499
0,97,92,0,0,43.5424
0,98,92,0,0,43.535
0,99,92,0,0,43.5277
0,100,92,0,0,43.5204
0,101,92,0,0,43.5132
0,102,92,0,0,43.5061
0,103,92,0,0,43.499
0,104,92,0,0,43.492
0,105,92,0,0,43.4851
0,106,92,0,0,43.4782
0,107,92,0,0,43.4714
0,108,92,0,0,43.4646
0,109,92,0,0,43.4578
0,110,92,0,0,43.4512
0,111,92,0,0,43.4445
0,112,92,0,0,43.438
0,113,92,0,0,43.4314
0,114,92,0,0,43.4249
0,115,92,0,0,43.4185
0,116,92,0,0,43.4121
0,117,92,0,0,43.4057
0,118,92,0,0,43.3994
0,119,92,0,0,43.3931
0,120,92,0,0,43.3869
0,121,92,0,0,43.3807
0,122,92,0,0,43.3745
0,123,92,0,0,43.3683
0,124,92,0,0,43.3623
0,125,92,0,0,43.3562
0,126,92,0,0,43.3502
0,127,92,0,0,43.3442
0,128,92,0,1.24031e-06,43.3383
0,129,92,0,0,43.3323
0,130,92,0,0,43.3263
0,131,92,0,0,43.3204
0,132,92,0,0,43.3145
0,133,92,0,0,43.3087
0,134,92,0,0,43.3029
0,135,92,0,0,43.2971
0,136,92,0,0,43.2914
0,137,92,0,0,43.2857
0,138,92,0,0,43.2801
0,139,92,0,0,43.2745
0,140,92,0,0,43.269
0,141,92,0,0,43.2635
0,142,92,0,0,43.2581
0,143,92,0,0,43.2527
0,144,92,0,0,43.2473
0,145,92,0,0,43.242
0,146,92,0,0,43.2368
0,147,92,0,0,43.2316
0,148,92,0,0,43.2264
0,149,92,0,0,43.2213
0,150,92,0,0,43.2163
0,151,92,0,0,43.2113
0,152,92,0,0,43.2063
0,153,92,0,0,43.2014
0,154,92,0,0,43.1965
0,155,92,0,0,43.1917
0,156,92,0,0,43.1869
0,157,92,0,0,43.1822
0,158,92,0,0,43.1775
0,159,92,0,0,43.1728
0,160,92,0,1.24031e-06,43.1682
0,161,92,0,0,43.1635
0,162,92,0,0,43.1589
0,163,92,0,0,43.1543
0,164,92,0,0,43.1497
0,165,92,0,0,43.1452
0,166,92,0,0,43.1407
0,167,92,0,0,43.1362
0,168,92,0,0,43.1318
0,169,92,0,0,43.1274
0,170,92,0,0,43.123
0,171,92,0,0,43.1187
0,172,92,0,0,43.1144
0,173,92,0,0,43.1101
0,174,92,0,0,43.1058
0,175,92,0,0,43.1016
0,176,92,0,0,43.0974
0,177,92,0,0,43.0932
0,178,92,0,0,43.0891
0,179,92,0,0,43.0849
0,180,92,0,0,43.0808
0,181,92,0,0,43.0768
0,182,92,0,0,43.0727
0,183,92,0,0,43.0687
0,184,92,0,0,43.0647
0,185,92,0,0,43.0607
0,186,92,0,0,43.0568
0,187,92,0,0,43.0529
0,188,92,0,0,43.049
0,189,92,0,0,43.0451
0,190,92,0,0,43.0413
0,191,92,0,0,43.0375
0,192,92,0,1.24031e-06,43.0337
0,193,92,0,0,43.0299
0,194,92,0,0,43.026
0,195,92,0,0,43.0223
0,196,92,0,0,43.0185
0,197,92,0,0,43.0148
0,198,92,0,0,43.0111
0,199,92,0,0,43.0075
0,200,92,0,0,43.0039
0,201,92,0,0,43.0003
0,202,92,0,0,42.9967
0,203,92,0,0,42.9932
0,204,92,0,0,42.9897
0,205,92,0,0,42.9863
0,206,92,0,0,42.9829
0,207,92,0,0,42.9795
0,208,92,0,0,42.9761
0,209,92,0,0,42.9728
0,210,92,0,0,42.9695
0,211,92,0,0,42.9662
0,212,92,0,0,42.963
0,213,92,0,0,42.9598
0,214,92,0,0,42.9566
0,215,92,0,0,42.9535
0,216,92,0,0,42.9503
0,217,92,0,0,42.9473
0,218,92,0,0,42.9442
0,219,92,0,0,42.9412
0,220,92,0,0,42.9382
0,221,92,0,0,42.9352
0,222,92,0,0,42.9323
0,223,92,0,0,42.9294
0,224,92,0,1.24031e-06,42.9265
0,225,92,0,0,42.9236
0,226,92,0,0,42.9207
0,227,92,0,0,42.9179
0,228,92,0,0,42.9151
0,229,92,0,0,42.9123
0,230,92,0,0,42.9096
0,231,92,0,0,42.907
0,232,92,0,0,42.9044
0,233,92,0,0,42.9018
0,234,92,0,0,42.8993
0,235,92,0,0,42.8969
0,236,92,0,0,42.8946
0,237,92,0,0,42.8923
0,238,92,0,0,42.8901
0,239,92,0,0,42.888
0,240,92,0,0,42.8859
0,241,92,0,0,42.884
0,242,92,0,0,42.8821
0,243,92,0,0,42.8804
0,244,92,0,0,42.8787
0,245,92,0,0,42.8772
0,246,92,0,0,42.8757
0,247,92,0,0,42.8744
0,248,92,0,0,42.8732
0,249,92,0,0,42.8721
0,250,92,0,0,42.8712
0,251,92,0,0,42.8704
0,252,92,0,0,42.8697
0,253,92,0,0,42.8691
0,254,92,0,0,42.8687
0,255,92,0,0,42.8684
0,0,93,0,1.24031e-06,44.1283
0,1,93,0,0,44.1277
0,2,93,0,0,44.1269
0,3,93,0,0,44.1258
0,4,93,0,0,44.1245
0,5,93,0,0,44.1229
0,6,93,0,0,44.1211
0,7,93,0,0,44.1191
0,8,93,0,0,44.1168
0,9,93,0,0,44.1143
0,10,93,0,0,44.1115
0,11,93,0,0,44.1085
0,12,93,0,0,44.1053
0,13,93,0,0,44.1018
0,14,93,0,0,44.0981
0,15,93,0,0,44.0942
0,16,93,0,0,44.09
0,17,93,0,0,44.0856
0,18,93,0,0,44.081
0,19,93,0,0,44.0762
0,20,93,0,0,44.0711
0,21,93,0,0,44.0658
0,22,93,0,0,44.0604
0,23,93,0,0,44.0547
0,24,93,0,0,44.0488
0,25,93,0,0,44.0427
0,26,93,0,0,44.0364
0,27,93,0,0,44.0299
0,28,93,0,0,44.0233
0,29,93,0,0,44.0165
0,30,93,0,0,44.0095
0,31,93,0,0,44.0023
0,32,93,0,1.24031e-06,43.995
0,33,93,0,0,43.9875
0,34,93,0,0,43.9798
0,35,93,0,0,43.9719
0,36,93,0,0,43.964
0,37,93,0,0,43.9559
0,38,93,0,0,43.9477
0,39,93,0,0,43.9395
0,40,93,0,0,43.9311
0,41,93,0,0,43.9226
0,42,93,0,0,43.9141
0,43,93,0,0,43.9054
0,44,93,0,0,43.8968
0,45,93,0,0,43.888
0,46,93,0,0,43.8792
0,47,93,0,0,43.8703
0,48,93,0,0,43.8614
0,49,93,0,0,43.8525
0,50,93,0,0,43.8435
0,51,93,0,0,43.8345
0,52,93,0,0,43.8255
0,53,93,0,0,43.8164
0,54,93,0,0,43.8074
0,55,93,0,0,43.7983
0,56,93,0,0,43.7892
0,57,93,0,0,43.7802
0,58,93,0,0,43.7711
0,59,93,0,0,43.762
0,60,93,0,0,43.753
0,61,93,0,0,43.7439
0,62,93,0,0,43.7349
0,63,93,0,0,43.7259
0,64,93,0,1.24031e-06,43.7169
0,65,93,0,0,43.7078
0,66,93,0,0,43.6987
0,67,93,0,0,43.6897
0,68,93,0,0,43.6807
0,69,93,0,0,43.6718
0,70,93,0,0,43.6629
0,71,93,0,0,43.654
0,72,93,0,0,43.6452
0,73,93,0,0,43.6364
0,74,93,0,0,43.6277
0,75,93,0,0,43.619
0,76,93,0,0,43.6104
0,77,93,0,0,43.6018
0,78,93,0,0,43.5933
0,79,93,0,0,43.5849
0,80,93,0,0,43.5765
0,81,93,0,0,43.5682
0,82,93,0,0,43.56
0,83,93,0,0,43.5518
0,84,93,0,0,43.5437
0,85,93,0,0,43.5357
0,86,93,0,0,43.5277
0,87,93,0,0,43.5198
0,88,93,0,0,43.512
0,89,93,0,0,43.5043
0,90,93,0,0,43.4966
0,91,93,0,0,43.489
0,92,93,0,0,43.4815
0,93,93,0,0,43.4741
0,94,93,0,0,43.4667
0,95,93,0,0,43.4594
0,96,93,0,1.24031e-06,43.4522
0,97,93,0,0,43.4449
0,98,93,0,0,43.4377
0,99,93,0,0,43.4306
0,100,93,0,0,43.4235
0,101,93,0,0,43.4165
0,102,93,0,0,43.4096
0,103,93,0,0,43.4027
0,104,93,0,0,43.3959
0,105,93,0,0,43.3891
0,106,93,0,0,43.3824
0,107,93,0,0,43.3757
0,108,93,0,0,43.3691
0,109,93,0,0,43.3626
0,110,93,0,0,43.3561
0,111,93,0,0,43.3496
0,112,93,0,0,43.3432
0,113,93,0,0,43.3368
0,114,93,0,0,43.3305
0,115,93,0,0,43.3242
0,116,93,0,0,43.318
0,117,93,0,0,43.3118
0,118,93,0,0,43.3057
0,119,93,0,0,43.2995
0,120,93,0,0,43.2935
0,121,93,0,0,43.2874
0,122,93,0,0,43.2814
0,123,93,0,0,43.2755
0,124,93,0,0,43.2695
0,125,93,0,0,43.2637
0,126,93,0,0,43.2578
0,127,93,0,0,43.252
0,128,93,0,1.24031e-06,43.2462
0,129,93,0,0,43.2404
0,130,93,0,0,43.2346
0,131,93,0,0,43.2288
0,132,93,0,0,43.2231
0,133,93,0,0,43.2175
0,134,93,0,0,43.2118
0,135,93,0,0,43.2062
0,136,93,0,0,43.2007
0,137,93,0,0,43.1952
0,138,93,0,0,43.1897
0,139,93,0,0,43.1843
0,140,93,0,0,43.1789
0,141,93,0,0,43.1736
0,142,93,0,0,43.1683
0,143,93,0,0,43.1631
0,144,93,0,0,43.1579
0,145,93,0,0,43.1527
0,146,93,0,0,43.1476
0,147,93,0,0,43.1426
0,148,93,0,0,43.1376
0,149,93,0,0,43.1326
0,150,93,0,0,43.1277
0,151,93,0,0,43.1228
0,152,93,0,0,43.118
0,153,93,0,0,43.1132
0,154,93,0,0,43.1084
0,155,93,0,0,43.1037
0,156,93,0,0,43.0991
0,157,93,0,0,43.0945
0,158,93,0,0,43.0899
0,159,93,0,0,43.0853
0,160,93,0,1.24031e-06,43.0808
0,161,93,0,0,43.0763
0,162,93,0,0,43.0718
0,163,93,0,0,43.0673
0,164,93,0,0,43.0628
0,165,93,0,0,43.0584
0,166,93,0,0,43.054
0,167,93,0,0,43.0497
0,168,93,0,0,43.0453
0,169,93,0,0,43.0411
0,170,93,0,0,43.0368
0,171,93,0,0,43.0326
0,172,93,0,0,43.0284
0,173,93,0,0,43.0242
0,174,93,0,0,43.0201
0,175,93,0,0,43.0159
0,176,93,0,0,43.0119
0,177,93,0,0,43.0078
0,178,93,0,0,43.0038
0,179,93,0,0,42.9997
0,180,93,0,0,42.9958
0,181,93,0,0,42.9918
0,182,93,0,0,42.9879
0,183,93,0,0,42.984
0,184,93,0,0,42.9801
0,185,93,0,0,42.9762
0,186,93,0,0,42.9724
0,187,93,0,0,42.9686
0,188,93,0,0,42.9648
0,189,93,0,0,42.9611
0,190,93,0,0,42.9574
0,191,93,0,0,42.9537
0,192,93,0,1.24031e-06,42.95
0,193,93,0,0,42.9463
0,194,93,0,0,42.9426
0,195,93,0,0,42.9389
0,196,93,0,0,42.9353
0,197,93,0,0,42.9317
0,198,93,0,0,42.9281
0,199,93,0,0,42.9246
0,200,93,0,0,42.9211
0,201,93,0,0,42.9176
0,202,93,0,0,42.9142
0,203,93,0,0,42.9108
0,204,93,0,0,42.9074
0,205,93,0,0,42.9041
0,206,93,0,0,42.9007
0,207,93,0,0,42.8975
0,208,93,0,0,42.8942
0,209,93,0,0,42.891
0,210,93,0,0,42.8878
0,211,93,0,0,42.8846
0,212,93,0,0,42.8815
0,213,93,0,0,42.8784
0,214,93,0,0,42.8754
0,215,93,0,0,42.8723
0,216,93,0,0,42.8693
0,217,93,0,0,42.8663
0,218,93,0,0,42.8634
0,219,93,0,0,42.8605
0,220,93,0,0,42.8576
0,221,93,0,0,42.8548
0,222,93,0,0,42.852
0,223,93,0,0,42.8492
0,224,93,0,1.24031e-06,42.8464
0,225,93,0,0,42.8436
0,226,93,0,0,42.8409
0,227,93,0,0,42.8382
0,228,93,0,0,42.8355
0,229,93,0,0,42.8329
0,230,93,0,0,42.8303
0,231,93,0,0,42.8278
0,232,93,0,0,42.8253
0,233,93,0,0,42.8229
0,234,93,0,0,42.8205
0,235,93,0,0,42.8182
0,236,93,0,0,42.816
0,237,93,0,0,42.8139
0,238,93,0,0,42.8118
0,239,93,0,0,42.8098
0,240,93,0,0,42.8079
0,241,93,0,0,42.806
0,242,93,0,0,42.8043
0,243,93,0,0,42.8027
0,244,93,0,0,42.8011
0,245,93,0,0,42.7997
0,246,93,0,0,42.7983
0,247,93,0,0,42.7971
0,248,93,0,0,42.796
0,249,93,0,0,42.795
0,250,93,0,0,42.7941
0,251,93,0,0,42.7933
0,252,93,0,0,42.7927
0,253,93,0,0,42.7922
0,254,93,0,0,42.7918
0,255,93,0,0,42.7915
0,0,94,0,1.24031e-06,44.007
0,1,94,0,0,44.0065
0,2,94,0,0,44.0057
0,3,94,0,0,44.0047
0,4,94,0,0,44.0034
0,5,94,0,0,44.0019
0,6,94,0,0,44.0002
0,7,94,0,0,43.9982
0,8,94,0,0,43.9961
0,9,94,0,0,43.9937
0,10,94,0,0,43.991
0,11,94,0,0,43.9882
0,12,94,0,0,43.9851
0,13,94,0,0,43.9817
0,14,94,0,0,43.9782
0,15,94,0,0,43.9745
0,16,94,0,0,43.9705
0,17,94,0,0,43.9663
0,18,94,0,0,43.9619
0,19,94,0,0,43.9573
0,20,94,0,0,43.9524
0,21,94,0,0,43.9474
0,22,94,0,0,43.9422
0,23,94,0,0,43.9368
0,24,94,0,0,43.9312
0,25,94,0,0,43.9254
0,26,94,0,0,43.9194
0,27,94,0,0,43.9132
0,28,94,0,0,43.9069
0,29,94,0,0,43.9004
0,30,94,0,0,43.8938
0,31,94,0,0,43.887
0,32,94,0,1.24031e-06,43.88
0,33,94,0,0,43.8728
0,34,94,0,0,43.8655
0,35,94,0,0,43.858
0,36,94,0,0,43.8505
0,37,94,0,0,43.8428
0,38,94,0,0,43.835
0,39,94,0,0,43.8271
0,40,94,0,0,43.8191
0,41,94,0,0,43.811
0,42,94,0,0,43.8029
0,43,94,0,0,43.7946
0,44,94,0,0,43.7863
0,45,94,0,0,43.778
0,46,94,0,0,43.7695
0,47,94,0,0,43.7611
0,48,94,0,0,43.7526
0,49,94,0,0,43.744
0,50,94,0,0,43.7354
0,51,94,0,0,43.7268
0,52,94,0,0,43.7182
0,53,94,0,0,43.7095
0,54,94,0,0,43.7008
0,55,94,0,0,43.6921
0,56,94,0,0,43.6834
0,57,94,0,0,43.6747
0,58,94,0,0,43.666
0,59,94,0,0,43.6573
0,60,94,0,0,43.6486
0,61,94,0,0,43.6399
0,62,94,0,0,43.6312
0,63,94,0,0,43.6226
0,64,94,0,1.24031e-06,43.6139
0,65,94,0,0,43.6052
0,66,94,0,0,43.5965
0,67,94,0,0,43.5878
0,68,94,0,0,43.5792
0,69,94,0,0,43.5706
0,70,94,0,0,43.562
0,71,94,0,0,43.5535
0,72,94,0,0,43.545
0,73,94,0,0,43.5365
0,74,94,0,0,43.5281
0,75,94,0,0,43.5197
0,76,94,0,0,43.5114
0,77,94,0,0,43.5032
0,78,94,0,0,43.495
0,79,94,0,0,43.4868
0,80,94,0,0,43.4788
0,81,94,0,0,43.4707
0,82,94,0,0,43.4628
0,83,94,0,0,43.4549
0,84,94,0,0,43.447
0,85,94,0,0,43.4393
0,86,94,0,0,43.4316
0,87,94,0,0,43.4239
0,88,94,0,0,43.4164
0,89,94,0,0,43.4089
0,90,94,0,0,43.4014
0,91,94,0,0,43.3941
0,92,94,0,0,43.3868
0,93,94,0,0,43.3796
0,94,94,0,0,43.3724
0,95,94,0,0,43.3653
0,96,94,0,1.24031e-06,43.3583
0,97,94,0,0,43.3512
0,98,94,0,0,43.3442
0,99,94,0,0,43.3373
0,100,94,0,0,43.3304
0,101,94,0,0,43.3236
0,102,94,0,0,43.3168
0,103,94,0,0,43.3102
0,104,94,0,0,43.3035
0,105,94,0,0,43.2969
0,106,94,0,0,43.2904
0,107,94,0,0,43.2839
0,108,94,0,0,43.2775
0,109,94,0,0,43.2711
0,110,94,0,0,43.2648
0,111,94,0,0,43.2585
0,112,94,0,0,43.2522
0,113,94,0,0,43.246
0,114,94,0,0,43.2399
0,115,94,0,0,43.2338
0,116,94,0,0,43.2277
0,117,94,0,0,43.2217
0,118,94,0,0,43.2157
0,119,94,0,0,43.2097
0,120,94,0,0,43.2038
0,121,94,0,0,43.1979
0,122,94,0,0,43.1921
0,123,94,0,0,43.1863
0,124,94,0,0,43.1805
0,125,94,0,0,43.1748
0,126,94,0,0,43.1691
0,127,94,0,0,43.1635
0,128,94,0,1.24031e-06,43.1579
0,129,94,0,0,43.1522
0,130,94,0,0,43.1466
0,131,94,0,0,43.141
0,132,94,0,0,43.1354
0,133,94,0,0,43.1299
0,134,94,0,0,43.1244
0,135,94,0,0,43.119
0,136,94,0,0,43.1136
0,137,94,0,0,43.1083
0,138,94,0,0,43.1029
0,139,94,0,0,43.0977
0,140,94,0,0,43.0925
0,141,94,0,0,43.0873
0,142,94,0,0,43.0821
0,143,94,0,0,43.077
0,144,94,0,0,43.072
0,145,94,0,0,43.067
0,146,94,0,0,43.062
0,147,94,0,0,43.0571
0,148,94,0,0,43.0522
0,149,94,0,0,43.0474
0,150,94,0,0,43.0426
0,151,94,0,0,43.0378
0,152,94,0,0,43.0331
0,153,94,0,0,43.0285
0,154,94,0,0,43.0239
0,155,94,0,0,43.0193
0,156,94,0,0,43.0147
0,157,94,0,0,43.0102
0,158,94,0,0,43.0058
0,159,94,0,0,43.0014
0,160,94,0,1.24031e-06,42.997
0,161,94,0,0,42.9925
0,162,94,0,0,42.9881
0,163,94,0,0,42.9837
0,164,94,0,0,42.9794
0,165,94,0,0,42.9751
0,166,94,0,0,42.9708
0,167,94,0,0,42.9666
0,168,94,0,0,42.9624
0,169,94,0,0,42.9582
0,170,94,0,0,42.954
0,171,94,0,0,42.9499
0,172,94,0,0,42.9458
0,173,94,0,0,42.9418
0,174,94,0,0,42.9377
0,175,94,0,0,42.9337
0,176,94,0,0,42.9298
0,177,94,0,0,42.9258
0,178,94,0,0,42.9219
0,179,94,0,0,42.918
0,180,94,0,0,42.9141
0,181,94,0,0,42.9102
0,182,94,0,0,42.9064
0,183,94,0,0,42.9026
0,184,94,0,0,42.8989
0,185,94,0,0,42.8951
0,186,94,0,0,42.8914
0,187,94,0,0,42.8877
0,188,94,0,0,42.8841
0,189,94,0,0,42.8804
0,190,94,0,0,42.8768
0,191,94,0,0,42.8733
0,192,94,0,1.24031e-06,42.8697
0,193,94,0,0,42.8661
0,194,94,0,0,42.8625
0,195,94,0,0,42.859
0,196,94,0,0,42.8554
0,197,94,0,0,42.8519
0,198,94,0,0,42.8485
0,199,94,0,0,42.8451
0,200,94,0,0,42.8417
0,201,94,0,0,42.8383
0,202,94,0,0,42.835
0,203,94,0,0,42.8316
0,204,94,0,0,42.8284
0,205,94,0,0,42.8251
0,206,94,0,0,42.8219
0,207,94,0,0,42.8187
0,208,94,0,0,42.8156
0,209,94,0,0,42.8125
0,210,94,0,0,42.8094
0,211,94,0,0,42.8063
0,212,94,0,0,42.8033
0,213,94,0,0,42.8003
0,214,94,0,0,42.7974
0,215,94,0,0,42.7944
0,216,94,0,0,42.7915
0,217,94,0,0,42.7887
0,218,94,0,0,42.7858
0,219,94,0,0,42.783
0,220,94,0,0,42.7803
0,221,94,0,0,42.7775
0,222,94,0,0,42.7749
0,223,94,0,0,42.7722
0,224,94,0,1.24031e-06,42.7696
0,225,94,0,0,42.7669
0,226,94,0,0,42.7643
0,227,94,0,0,42.7617
0,228,94,0,0,42.7591
0,229,94,0,0,42.7566
0,230,94,0,0,42.7541
0,231,94,0,0,42.7517
0,232,94,0,0,42.7494
0,233,94,0,0,42.7471
0,234,94,0,0,42.7449
0,235,94,0,0,42.7427
0,236,94,0,0,42.7406
0,237,94,0,0,42.7386
0,238,94,0,0,42.7366
0,239,94,0,0,42.7347
0,240,94,0,0,42.7329
0,241,94,0,0,42.7312
0,242,94,0,0,42.7295
0,243,94,0,0,42.728
0,244,94,0,0,42.7265
0,245,94,0,0,42.7252
0,246,94,0,0,42.7239
0,247,94,0,0,42.7228
0,248,94,0,0,42.7217
0,249,94,0,0,42.7208
0,250,94,0,0,42.72
0,251,94,0,0,42.7193
0,252,94,0,0,42.7187
0,253,94,0,0,42.7182
0,254,94,0,0,42.7178
0,255,94,0,0,42.7176
0,0,95,0,1.24031e-06,43.8909
0,1,95,0,0,43.8904
0,2,95,0,0,43.8896
0,3,95,0,0,43.8886
0,4,95,0,0,43.8874
0,5,95,0,0,43.886
0,6,95,0,0,43.8844
0,7,95,0,0,43.8825
0,8,95,0,0,43.8804
0,9,95,0,0,43.8781
0,10,95,0,0,43.8756
0,11,95,0,0,43.8728
0,12,95,0,0,43.8699
0,13,95,0,0,43.8667
0,14,95,0,0,43.8634
0,15,95,0,0,43.8598
0,16,95,0,0,43.856
0,17,95,0,0,43.852
0,18,95,0,0,43.8478
0,19,95,0,0,43.8434
0,20,95,0,0,43.8388
0,21,95,0,0,43.834
0,22,95,0,0,43.829
0,23,95,0,0,43.8238
0,24,95,0,0,43.8185
0,25,95,0,0,43.813
0,26,95,0,0,43.8073
0,27,95,0,0,43.8014
0,28,95,0,0,43.7954
0,29,95,0,0,43.7892
0,30,95,0,0,43.7829
0,31,95,0,0,43.7764
0,32,95,0,1.24031e-06,43.7698
0,33,95,0,0,43.7629
0,34,95,0,0,43.7559
0,35,95,0,0,43.7488
0,36,95,0,0,43.7416
0,37,95,0,0,43.7343
0,38,95,0,0,43.7268
0,39,95,0,0,43.7193
0,40,95,0,0,43.7117
0,41,95,0,0,43.704
0,42,95,0,0,43.6962
0,43,95,0,0,43.6883
0,44,95,0,0,43.6804
0,45,95,0,0,43.6724
0,46,95,0,0,43.6644
0,47,95,0,0,43.6563
0,48,95,0,0,43.6481
0,49,95,0,0,43.6399
0,50,95,0,0,43.6317
0,51,95,0,0,43.6235
0,52,95,0,0,43.6152
0,53,95,0,0,43.6069
0,54,95,0,0,43.5986
0,55,95,0,0,43.5902
0,56,95,0,0,43.5819
0,57,95,0,0,43.5735
0,58,95,0,0,43.5652
0,59,95,0,0,43.5568
0,60,95,0,0,43.5485
0,61,95,0,0,43.5401
0,62,95,0,0,43.5318
0,63,95,0,0,43.5234
0,64,95,0,1.24031e-06,43.5151
0,65,95,0,0,43.5067
0,66,95,0,0,43.4984
0,67,95,0,0,43.49
0,68,95,0,0,43.4817
0,69,95,0,0,43.4734
0,70,95,0,0,43.4652
0,71,95,0,0,43.4569
0,72,95,0,0,43.4487
0,73,95,0,0,43.4406
0,74,95,0,0,43.4325
0,75,95,0,0,43.4244
0,76,95,0,0,43.4164
0,77,95,0,0,43.4085
0,78,95,0,0,43.4005
0,79,95,0,0,43.3927
0,80,95,0,0,43.3849
0,81,95,0,0,43.3771
0,82,95,0,0,43.3694
0,83,95,0,0,43.3618
0,84,95,0,0,43.3542
0,85,95,0,0,43.3467
0,86,95,0,0,43.3392
0,87,95,0,0,43.3318
0,88,95,0,0,43.3245
0,89,95,0,0,43.3172
0,90,95,0,0,43.31
0,91,95,0,0,43.3029
0,92,95,0,0,43.2958
0,93,95,0,0,43.2888
0,94,95,0,0,43.2819
0,95,95,0,0,43.275
0,96,95,0,1.24031e-06,43.2682
0,97,95,0,0,43.2613
0,98,95,0,0,43.2545
0,99,95,0,0,43.2477
0,100,95,0,0,43.2411
0,101,95,0,0,43.2344
0,102,95,0,0,43.2279
0,103,95,0,0,43.2213
0,104,95,0,0,43.2149
0,105,95,0,0,43.2085
0,106,95,0,0,43.2021
0,107,95,0,0,43.1958
0,108,95,0,0,43.1895
0,109,95,0,0,43.1833
0,110,95,0,0,43.1771
0,111,95,0,0,43.171
0,112,95,0,0,43.1649
0,113,95,0,0,43.1589
0,114,95,0,0,43.1529
0,115,95,0,0,43.1469
0,116,95,0,0,43.141
0,117,95,0,0,43.1352
0,118,95,0,0,43.1293
0,119,95,0,0,43.1235
0,120,95,0,0,43.1178
0,121,95,0,0,43.1121
0,122,95,0,0,43.1064
0,123,95,0,0,43.1007
0,124,95,0,0,43.0951
0,125,95,0,0,43.0896
0,126,95,0,0,43.084
0,127,95,0,0,43.0785
0,128,95,0,1.24031e-06,43.0731
0,129,95,0,0,43.0676
0,130,95,0,0,43.0621
0,131,95,0,0,43.0567
0,132,95,0,0,43.0513
0,133,95,0,0,43.0459
0,134,95,0,0,43.0406
0,135,95,0,0,43.0353
0,136,95,0,0,43.03
0,137,95,0,0,43.0248
0,138,95,0,0,43.0197
0,139,95,0,0,43.0146
0,140,95,0,0,43.0095
0,141,95,0,0,43.0044
0,142,95,0,0,42.9994
0,143,95,0,0,42.9945
0,144,95,0,0,42.9896
0,145,95,0,0,42.9847
0,146,95,0,0,42.9799
0,147,95,0,0,42.9751
0,148,95,0,0,42.9703
0,149,95,0,0,42.9656
0,150,95,0,0,42.961
0,151,95,0,0,42.9563
0,152,95,0,0,42.9517
0,153,95,0,0,42.9472
0,154,95,0,0,42.9427
0,155,95,0,0,42.9382
0,156,95,0,0,42.9338
0,157,95,0,0,42.9294
0,158,95,0,0,42.9251
0,159,95,0,0,42.9208
0,160,95,0,1.24031e-06,42.9165
0,161,95,0,0,42.9122
0,162,95,0,0,42.9079
0,163,95,0,0,42.9036
0,164,95,0,0,42.8994
0,165,95,0,0,42.8952
0,166,95,0,0,42.891
0,167,95,0,0,42.8869
0,168,95,0,0,42.8828
0,169,95,0,0,42.8787
0,170,95,0,0,42.8747
0,171,95,0,0,42.8706
0,172,95,0,0,42.8667
0,173,95,0,0,42.8627
0,174,95,0,0,42.8588
0,175,95,0,0,42.8549
0,176,95,0,0,42.851
0,177,95,0,0,42.8471
0,178,95,0,0,42.8433
0,179,95,0,0,42.8395
0,180,95,0,0,42.8358
0,181,95,0,0,42.832
0,182,95,0,0,42.8283
0,183,95,0,0,42.8246
0,184,95,0,0,42.821
0,185,95,0,0,42.8173
0,186,95,0,0,42.8137
0,187,95,0,0,42.8101
0,188,95,0,0,42.8066
0,189,95,0,0,42.8031
0,190,95,0,0,42.7996
0,191,95,0,0,42.7961
0,192,95,0,1.24031e-06,42.7927
0,193,95,0,0,42.7892
0,194,95,0,0,42.7857
0,195,95,0,0,42.7822
0,196,95,0,0,42.7788
0,197,95,0,0,42.7754
0,198,95,0,0,42.7721
0,199,95,0,0,42.7687
0,200,95,0,0,42.7654
0,201,95,0,0,42.7622
0,202,95,0,0,42.7589
0,203,95,0,0,42.7557
0,204,95,0,0,42.7526
0,205,95,0,0,42.7494
0,206,95,0,0,42.7463
0,207,95,0,0,42.7432
0,208,95,0,0,42.7402
0,209,95,0,0,42.7372
0,210,95,0,0,42.7342
0,211,95,0,0,42.7312
0,212,95,0,0,42.7283
0,213,95,0,0,42.7254
0,214,95,0,0,42.7226
0,215,95,0,0,42.7197
0,216,95,0,0,42.7169
0,217,95,0,0,42.7142
0,218,95,0,0,42.7115
0,219,95,0,0,42.7088
0,220,95,0,0,42.7061
0,221,95,0,0,42.7035
0,222,95,0,0,42.7009
0,223,95,0,0,42.6983
0,224,95,0,1.24031e-06,42.6958
0,225,95,0,0,42.6933
0,226,95,0,0,42.6907
0,227,95,0,0,42.6882
0,228,95,0,0,42.6858
0,229,95,0,0,42.6834
0,230,95,0,0,42.6811
0,231,95,0,0,42.6788
0,232,95,0,0,42.6765
0,233,95,0,0,42.6744
0,234,95,0,0,42.6722
0,235,95,0,0,42.6702
0,236,95,0,0,42.6682
0,237,95,0,0,42.6663
0,238,95,0,0,42.6644
0,239,95,0,0,42.6626
0,240,95,0,0,42.6609
0,241,95,0,0,42.6593
0,242,95,0,0,42.6578
0,243,95,0,0,42.6563
0,244,95,0,0,42.6549
0,245,95,0,0,42.6537
0,246,95,0,0,42.6525
0,247,95,0,0,42.6514
0,248,95,0,0,42.6504
0,249,95,0,0,42.6495
0,250,95,0,0,42.6488
0,251,95,0,0,42.6481
0,252,95,0,0,42.6475
0,253,95,0,0,42.6471
0,254,95,0,0,42.6467
0,255,95,0,0,42.6465
0,0,96,0,1.24031e-06,43.7798
0,1,96,0,0,43.7793
0,2,96,0,0,43.7785
0,3,96,0,0,43.7776
0,4,96,0,0,43.7764
0,5,96,0,0,43.7751
0,6,96,0,0,43.7735
0,7,96,0,0,43.7717
0,8,96,0,0,43.7697
0,9,96,0,0,43.7675
0,10,96,0,0,43.7651
0,11,96,0,0,43.7625
0,12,96,0,0,43.7596
0,13,96,0,0,43.7566
0,14,96,0,0,43.7534
0,15,96,0,0,43.75
0,16,96,0,0,43.7463
0,17,96,0,0,43.7425
0,18,96,0,0,43.7385
0,19,96,0,0,43.7343
0,20,96,0,0,43.7299
0,21,96,0,0,43.7254
0,22,96,0,0,43.7206
0,23,96,0,0,43.7157
0,24,96,0,0,43.7106
0,25,96,0,0,43.7053
0,26,96,0,0,43.6999
0,27,96,0,0,43.6943
0,28,96,0,0,43.6886
0,29,96,0,0,43.6827
0,30,96,0,0,43.6767
0,31,96,0,0,43.6705
0,32,96,0,1.24031e-06,43.6642
0,33,96,0,0,43.6576
0,34,96,0,0,43.651
0,35,96,0,0,43.6442
0,36,96,0,0,43.6373
0,37,96,0,0,43.6303
0,38,96,0,0,43.6232
0,39,96,0,0,43.616
0,40,96,0,0,43.6088
0,41,96,0,0,43.6014
0,42,96,0,0,43.5939
0,43,96,0,0,43.5864
0,44,96,0,0,43.5789
0,45,96,0,0,43.5712
0,46,96,0,0,43.5635
0,47,96,0,0,43.5558
0,48,96,0,0,43.548
0,49,96,0,0,43.5401
0,50,96,0,0,43.5323
0,51,96,0,0,43.5244
0,52,96,0,0,43.5164
0,53,96,0,0,43.5085
0,54,96,0,0,43.5005
0,55,96,0,0,43.4925
0,56,96,0,0,43.4845
0,57,96,0,0,43.4765
0,58,96,0,0,43.4684
0,59,96,0,0,43.4604
0,60,96,0,0,43.4524
0,61,96,0,0,43.4444
0,62,96,0,0,43.4364
0,63,96,0,0,43.4284
0,64,96,0,1.24031e-06,43.4204
0,65,96,0,0,43.4123
0,66,96,0,0,43.4042
0,67,96,0,0,43.3962
0,68,96,0,0,43.3882
0,69,96,0,0,43.3802
0,70,96,0,0,43.3722
0,71,96,0,0,43.3643
0,72,96,0,0,43.3564
0,73,96,0,0,43.3486
0,74,96,0,0,43.3407
0,75,96,0,0,43.333
0,76,96,0,0,43.3252
0,77,96,0,0,43.3175
0,78,96,0,0,43.3099
0,79,96,0,0,43.3023
0,80,96,0,0,43.2948
0,81,96,0,0,43.2873
0,82,96,0,0,43.2798
0,83,96,0,0,43.2724
0,84,96,0,0,43.2651
0,85,96,0,0,43.2578
0,86,96,0,0,43.2506
0,87,96,0,0,43.2435
0,88,96,0,0,43.2364
0,89,96,0,0,43.2293
0,90,96,0,0,43.2223
0,91,96,0,0,43.2154
0,92,96,0,0,43.2086
0,93,96,0,0,43.2017
0,94,96,0,0,43.195
0,95,96,0,0,43.1883
0,96,96,0,1.24031e-06,43.1817
0,97,96,0,0,43.175
0,98,96,0,0,43.1684
0,99,96,0,0,43.1618
0,100,96,0,0,43.1553
0,101,96,0,0,43.1489
0,102,96,0,0,43.1425
0,103,96,0,0,43.1361
0,104,96,0,0,43.1298
0,105,96,0,0,43.1236
0,106,96,0,0,43.1174
0,107,96,0,0,43.1112
0,108,96,0,0,43.1051
0,109,96,0,0,43.0991
0,110,96,0,0,43.0931
0,111,96,0,0,43.0871
0,112,96,0,0,43.0812
0,113,96,0,0,43.0753
0,114,96,0,0,43.0695
0,115,96,0,0,43.0637
0,116,96,0,0,43.0579
0,117,96,0,0,43.0522
0,118,96,0,0,43.0465
0,119,96,0,0,43.0409
0,120,96,0,0,43.0353
0,121,96,0,0,43.0297
0,122,96,0,0,43.0242
0,123,96,0,0,43.0187
0,124,96,0,0,43.0132
0,125,96,0,0,43.0078
0,126,96,0,0,43.0024
0,127,96,0,0,42.9971
0,128,96,0,1.24031e-06,42.9918
0,129,96,0,0,42.9864
0,130,96,0,0,42.9811
0,131,96,0,0,42.9758
0,132,96,0,0,42.9705
0,133,96,0,0,42.9653
0,134,96,0,0,42.9601
0,135,96,0,0,42.955
0,136,96,0,0,42.9499
0,137,96,0,0,42.9448
0,138,96,0,0,42.9398
0,139,96,0,0,42.9348
0,140,96,0,0,42.9299
0,141,96,0,0,42.925
0,142,96,0,0,42.9201
0,143,96,0,0,42.9153
0,144,96,0,0,42.9105
0,145,96,0,0,42.9058
0,146,96,0,0,42.9011
0,147,96,0,0,42.8964
0,148,96,0,0,42.8918
0,149,96,0,0,42.8872
0,150,96,0,0,42.8827
0,151,96,0,0,42.8781
0,152,96,0,0,42.8737
0,153,96,0,0,42.8693
0,154,96,0,0,42.8649
0,155,96,0,0,42.8605
0,156,96,0,0,42.8562
0,157,96,0,0,42.8519
0,158,96,0,0,42.8477
0,159,96,0,0,42.8435
0,160,96,0,1.24031e-06,42.8393
0,161,96,0,0,42.8351
0,162,96,0,0,42.8309
0,163,96,0,0,42.8268
0,164,96,0,0,42.8226
0,165,96,0,0,42.8185
0,166,96,0,0,42.8145
0,167,96,0,0,42.8104
0,168,96,0,0,42.8064
0,169,96,0,0,42.8025
0,170,96,0,0,42.7985
0,171,96,0,0,42.7946
0,172,96,0,0,42.7907
0,173,96,0,0,42.7869
0,174,96,0,0,42.783
0,175,96,0,0,42.7792
0,176,96,0,0,42.7755
0,177,96,0,0,42.7717
0,178,96,0,0,42.768
0,179,96,0,0,42.7643
0,180,96,0,0,42.7606
0,181,96,0,0,42.757
0,182,96,0,0,42.7534
0,183,96,0,0,42.7498
0,184,96,0,0,42.7463
0,185,96,0,0,42.7427
0,186,96,0,0,42.7392
0,187,96,0,0,42.7357
0,188,96,0,0,42.7323
0,189,96,0,0,42.7289
0,190,96,0,0,42.7255
0,191,96,0,0,42.7221
0,192,96,0,1.24031e-06,42.7188
0,193,96,0,0,42.7154
0,194,96,0,0,42.712
0,195,96,0,0,42.7086
0,196,96,0,0,42.7053
0,197,96,0,0,42.702
0,198,96,0,0,42.6988
0,199,96,0,0,42.6956
0,200,96,0,0,42.6924
0,201,96,0,0,42.6892
0,202,96,0,0,42.6861
0,203,96,0,0,42.6829
0,204,96,0,0,42.6799
0,205,96,0,0,42.6768
0,206,96,0,0,42.6738
0,207,96,0,0,42.6708
0,208,96,0,0,42.6679
0,209,96,0,0,42.665
0,210,96,0,0,42.6621
0,211,96,0,0,42.6592
0,212,96,0,0,42.6564
0,213,96,0,0,42.6536
0,214,96,0,0,42.6508
0,215,96,0,0,42.6481
0,216,96,0,0,42.6454
0,217,96,0,0,42.6428
0,218,96,0,0,42.6401
0,219,96,0,0,42.6375
0,220,96,0,0,42.635
0,221,96,0,0,42.6324
0,222,96,0,0,42.63
0,223,96,0,0,42.6275
0,224,96,0,1.24031e-06,42.6251
0,225,96,0,0,42.6226
0,226,96,0,0,42.6202
0,227,96,0,0,42.6178
0,228,96,0,0,42.6155
0,229,96,0,0,42.6132
0,230,96,0,0,42.611
0,231,96,0,0,42.6088
0,232,96,0,0,42.6067
0,233,96,0,0,42.6046
0,234,96,0,0,42.6026
0,235,96,0,0,42.6006
0,236,96,0,0,42.5987
0,237,96,0,0,42.5969
0,238,96,0,0,42.5951
0,239,96,0,0,42.5935
0,240,96,0,0,42.5918
0,241,96,0,0,42.5903
0,242,96,0,0,42.5889
0,243,96,0,0,42.5875
0,244,96,0,0,42.5862
0,245,96,0,0,42.585
0,246,96,0,0,42.5839
0,247,96,0,0,42.5829
0,248,96,0,0,42.5819
0,249,96,0,0,42.5811
0,250,96,0,0,42.5804
0,251,96,0,0,42.5798
0,252,96,0,0,42.5792
0,253,96,0,0,42.5788
0,254,96,0,0,42.5785
0,255,96,0,0,42.5783
0,0,97,0,1.24031e-06,43.6734
0,1,97,0,0,43.6729
0,2,97,0,0,43.6722
0,3,97,0,0,43.6713
0,4,97,0,0,43.6702
0,5,97,0,0,43.6689
0,6,97,0,0,43.6674
0,7,97,0,0,43.6657
0,8,97,0,0,43.6638
0,9,97,0,0,43.6617
0,10,97,0,0,43.6594
0,11,97,0,0,43.6569
0,12,97,0,0,43.6542
0,13,97,0,0,43.6513
0,14,97,0,0,43.6482
0,15,97,0,0,43.6449
0,16,97,0,0,43.6415
0,17,97,0,0,43.6378
0,18,97,0,0,43.634
0,19,97,0,0,43.63
0,20,97,0,0,43.6258
0,21,97,0,0,43.6214
0,22,97,0,0,43.6169
0,23,97,0,0,43.6122
0,24,97,0,0,43.6074
0,25,97,0,0,43.6023
0,26,97,0,0,43.5972
0,27,97,0,0,43.5918
0,28,97,0,0,43.5864
0,29,97,0,0,43.5807
0,30,97,0,0,43.575
0,31,97,0,0,43.5691
0,32,97,0,1.24031e-06,43.5631
0,33,97,0,0,43.5568
0,34,97,0,0,43.5505
0,35,97,0,0,43.544
0,36,97,0,0,43.5374
0,37,97,0,0,43.5308
0,38,97,0,0,43.524
0,39,97,0,0,43.5171
0,40,97,0,0,43.5102
0,41,97,0,0,43.5031
0,42,97,0,0,43.496
0,43,97,0,0,43.4888
0,44,97,0,0,43.4816
0,45,97,0,0,43.4743
0,46,97,0,0,43.4669
0,47,97,0,0,43.4595
0,48,97,0,0,43.452
0,49,97,0,0,43.4445
0,50,97,0,0,43.437
0,51,97,0,0,43.4294
0,52,97,0,0,43.4218
0,53,97,0,0,43.4141
0,54,97,0,0,43.4065
0,55,97,0,0,43.3988
0,56,97,0,0,43.3911
0,57,97,0,0,43.3834
0,58,97,0,0,43.3757
0,59,97,0,0,43.368
0,60,97,0,0,43.3603
0,61,97,0,0,43.3526
0,62,97,0,0,43.3449
0,63,97,0,0,43.3372
0,64,97,0,1.24031e-06,43.3295
0,65,97,0,0,43.3217
0,66,97,0,0,43.314
0,67,97,0,0,43.3062
0,68,97,0,0,43.2985
0,69,97,0,0,43.2908
0,70,97,0,0,43.2831
0,71,97,0,0,43.2755
0,72,97,0,0,43.2679
0,73,97,0,0,43.2603
0,74,97,0,0,43.2528
0,75,97,0,0,43.2453
0,76,97,0,0,43.2378
0,77,97,0,0,43.2304
0,78,97,0,0,43.223
0,79,97,0,0,43.2157
0,80,97,0,0,43.2084
0,81,97,0,0,43.2011
0,82,97,0,0,43.1939
0,83,97,0,0,43.1868
0,84,97,0,0,43.1797
0,85,97,0,0,43.1726
0,86,97,0,0,43.1656
0,87,97,0,0,43.1587
0,88,97,0,0,43.1518
0,89,97,0,0,43.145
0,90,97,0,0,43.1382
0,91,97,0,0,43.1315
0,92,97,0,0,43.1248
0,93,97,0,0,43.1182
0,94,97,0,0,43.1117
0,95,97,0,0,43.1052
0,96,97,0,1.24031e-06,43.0988
0,97,97,0,0,43.0923
0,98,97,0,0,43.0858
0,99,97,0,0,43.0794
0,100,97,0,0,43.0731
0,101,97,0,0,43.0668
0,102,97,0,0,43.0606
0,103,97,0,0,43.0544
0,104,97,0,0,43.0483
0,105,97,0,0,43.0422
0,106,97,0,0,43.0362
0,107,97,0,0,43.0302
0,108,97,0,0,43.0243
0,109,97,0,0,43.0184
0,110,97,0,0,43.0125
0,111,97,0,0,43.0067
0,112,97,0,0,43.0009
0,113,97,0,0,42.9952
0,114,97,0,0,42.9895
0,115,97,0,0,42.9838
0,116,97,0,0,42.9782
0,117,97,0,0,42.9727
0,118,97,0,0,42.9671
0,119,97,0,0,42.9616
0,120,97,0,0,42.9562
0,121,97,0,0,42.9508
0,122,97,0,0,42.9454
0,123,97,0,0,42.94
0,124,97,0,0,42.9347
0,125,97,0,0,42.9295
0,126,97,0,0,42.9242
0,127,97,0,0,42.919
0,128,97,0,1.24031e-06,42.9139
0,129,97,0,0,42.9086
0,130,97,0,0,42.9034
0,131,97,0,0,42.8983
0,132,97,0,0,42.8932
0,133,97,0,0,42.8881
0,134,97,0,0,42.883
0,135,97,0,0,42.878
0,136,97,0,0,42.8731
0,137,97,0,0,42.8682
0,138,97,0,0,42.8633
0,139,97,0,0,42.8584
0,140,97,0,0,42.8536
0,141,97,0,0,42.8488
0,142,97,0,0,42.8441
0,143,97,0,0,42.8394
0,144,97,0,0,42.8347
0,145,97,0,0,42.8301
0,146,97,0,0,42.8255
0,147,97,0,0,42.821
0,148,97,0,0,42.8165
0,149,97,0,0,42.812
0,150,97,0,0,42.8076
0,151,97,0,0,42.8032
0,152,97,0,0,42.7989
0,153,97,0,0,42.7945
0,154,97,0,0,42.7903
0,155,97,0,0,42.786
0,156,97,0,0,42.7818
0,157,97,0,0,42.7777
0,158,97,0,0,42.7735
0,159,97,0,0,42.7694
0,160,97,0,1.24031e-06,42.7654
0,161,97,0,0,42.7613
0,162,97,0,0,42.7572
0,163,97,0,0,42.7531
0,164,97,0,0,42.7491
0,165,97,0,0,42.7451
0,166,97,0,0,42.7411
0,167,97,0,0,42.7372
0,168,97,0,0,42.7333
0,169,97,0,0,42.7294
0,170,97,0,0,42.7256
0,171,97,0,0,42.7217
0,172,97,0,0,42.718
0,173,97,0,0,42.7142
0,174,97,0,0,42.7105
0,175,97,0,0,42.7068
0,176,97,0,0,42.7031
0,177,97,0,0,42.6995
0,178,97,0,0,42.6958
0,179,97,0,0,42.6922
0,180,97,0,0,42.6887
0,181,97,0,0,42.6851
0,182,97,0,0,42.6816
0,183,97,0,0,42.6781
0,184,97,0,0,42.6747
0,185,97,0,0,42.6712
0,186,97,0,0,42.6678
0,187,97,0,0,42.6645
0,188,97,0,0,42.6611
0,189,97,0,0,42.6578
0,190,97,0,0,42.6545
0,191,97,0,0,42.6512
0,192,97,0,1.24031e-06,42.648
0,193,97,0,0,42.6447
0,194,97,0,0,42.6414
0,195,97,0,0,42.6381
0,196,97,0,0,42.6349
0,197,97,0,0,42.6317
0,198,97,0,0,42.6286
0,199,97,0,0,42.6254
0,200,97,0,0,42.6223
0,201,97,0,0,42.6193
0,202,97,0,0,42.6162
0,203,97,0,0,42.6132
0,204,97,0,0,42.6102
0,205,97,0,0,42.6073
0,206,97,0,0,42.6043
0,207,97,0,0,42.6015
0,208,97,0,0,42.5986
0,209,97,0,0,42.5958
0,210,97,0,0,42.593
0,211,97,0,0,42.5902
0,212,97,0,0,42.5875
0,213,97,0,0,42.5848
0,214,97,0,0,42.5821
0,215,97,0,0,42.5795
0,216,97,0,0,42.5769
0,217,97,0,0,42.5743
0,218,97,0,0,42.5718
0,219,97,0,0,42.5693
0,220,97,0,0,42.5668
0,221,97,0,0,42.5644
0,222,97,0,0,42.562
0,223,97,0,0,42.5597
0,224,97,0,1.24031e-06,42.5573
0,225,97,0,0,42.555
0,226,97,0,0,42.5526
0,227,97,0,0,42.5504
0,228,97,0,0,42.5481
0,229,97,0,0,42.5459
0,230,97,0,0,42.5438
0,231,97,0,0,42.5417
0,232,97,0,0,42.5397
0,233,97,0,0,42.5377
0,234,97,0,0,42.5358
0,235,97,0,0,42.5339
0,236,97,0,0,42.5321
0,237,97,0,0,42.5304
0,238,97,0,0,42.5287
0,239,97,0,0,42.5271
0,240,97,0,0,42.5256
0,241,97,0,0,42.5242
0,242,97,0,0,42.5228
0,243,97,0,0,42.5215
0,244,97,0,0,42.5203
0,245,97,0,0,42.5191
0,246,97,0,0,42.5181
0,247,97,0,0,42.5171
0,248,97,0,0,42.5163
0,249,97,0,0,42.5155
0,250,97,0,0,42.5148
0,251,97,0,0,42.5142
0,252,97,0,0,42.5137
0,253,97,0,0,42.5133
0,254,97,0,0,42.513
0,255,97,0,0,42.5128
0,0,98,0,1.24031e-06,43.5718
0,1,98,0,0,43.5713
0,2,98,0,0,43.5706
0,3,98,0,0,43.5697
0,4,98,0,0,43.5687
0,5,98,0,0,43.5674
0,6,98,0,0,43.566
0,7,98,0,0,43.5643
0,8,98,0,0,43.5625
0,9,98,0,0,43.5605
0,10,98,0,0,43.5583
0,11,98,0,0,43.5559
0,12,98,0,0,43.5533
0,13,98,0,0,43.5505
0,14,98,0,0,43.5476
0,15,98,0,0,43.5445
0,16,98,0,0,43.5412
0,17,98,0,0,43.5377
0,18,98,0,0,43.534
0,19,98,0,0,43.5302
0,20,98,0,0,43.5262
0,21,98,0,0,43.522
0,22,98,0,0,43.5177
0,23,98,0,0,43.5132
0,24,98,0,0,43.5086
0,25,98,0,0,43.5038
0,26,98,0,0,43.4989
0,27,98,0,0,43.4938
0,28,98,0,0,43.4886
0,29,98,0,0,43.4832
0,30,98,0,0,43.4777
0,31,98,0,0,43.4721
0,32,98,0,1.24031e-06,43.4664
0,33,98,0,0,43.4604
0,34,98,0,0,43.4543
0,35,98,0,0,43.4481
0,36,98,0,0,43.4418
0,37,98,0,0,43.4355
0,38,98,0,0,43.429
0,39,98,0,0,43.4224
0,40,98,0,0,43.4158
0,41,98,0,0,43.409
0,42,98,0,0,43.4022
0,43,98,0,0,43.3954
0,44,98,0,0,43.3884
0,45,98,0,0,43.3814
0,46,98,0,0,43.3744
0,47,98,0,0,43.3673
0,48,98,0,0,43.3601
0,49,98,0,0,43.3529
0,50,98,0,0,43.3457
0,51,98,0,0,43.3384
0,52,98,0,0,43.3311
0,53,98,0,0,43.3238
0,54,98,0,0,43.3164
0,55,98,0,0,43.3091
0,56,98,0,0,43.3017
0,57,98,0,0,43.2943
0,58,98,0,0,43.2869
0,59,98,0,0,43.2795
0,60,98,0,0,43.2721
0,61,98,0,0,43.2647
0,62,98,0,0,43.2572
0,63,98,0,0,43.2498
0,64,98,0,1.24031e-06,43.2424
0,65,98,0,0,43.235
0,66,98,0,0,43.2275
0,67,98,0,0,43.22
0,68,98,0,0,43.2126
0,69,98,0,0,43.2052
0,70,98,0,0,43.1978
0,71,98,0,0,43.1904
0,72,98,0,0,43.1831
0,73,98,0,0,43.1757
0,74,98,0,0,43.1685
0,75,98,0,0,43.1612
0,76,98,0,0,43.154
0,77,98,0,0,43.1468
0,78,98,0,0,43.1397
0,79,98,0,0,43.1326
0,80,98,0,0,43.1255
0,81,98,0,0,43.1185
0,82,98,0,0,43.1116
0,83,98,0,0,43.1047
0,84,98,0,0,43.0978
0,85,98,0,0,43.091
0,86,98,0,0,43.0842
0,87,98,0,0,43.0775
0,88,98,0,0,43.0708
0,89,98,0,0,43.0642
0,90,98,0,0,43.0576
0,91,98,0,0,43.0511
0,92,98,0,0,43.0446
0,93,98,0,0,43.0382
0,94,98,0,0,43.0319
0,95,98,0,0,43.0255
0,96,98,0,1.24031e-06,43.0193
0,97,98,0,0,43.013
0,98,98,0,0,43.0067
0,99,98,0,0,43.0005
0,100,98,0,0,42.9943
0,101,98,0,0,42.9882
0,102,98,0,0,42.9822
0,103,98,0,0,42.9761
0,104,98,0,0,42.9702
0,105,98,0,0,42.9643
0,106,98,0,0,42.9584
0,107,98,0,0,42.9525
0,108,98,0,0,42.9468
0,109,98,0,0,42.941
0,110,98,0,0,42.9353
0,111,98,0,0,42.9296
0,112,98,0,0,42.924
0,113,98,0,0,42.9184
0,114,98,0,0,42.9129
0,115,98,0,0,42.9074
0,116,98,0,0,42.9019
0,117,98,0,0,42.8965
0,118,98,0,0,42.8911
0,119,98,0,0,42.8857
0,120,98,0,0,42.8804
0,121,98,0,0,42.8752
0,122,98,0,0,42.8699
0,123,98,0,0,42.8647
0,124,98,0,0,42.8595
0,125,98,0,0,42.8544
0,126,98,0,0,42.8493
0,127,98,0,0,42.8442
0,128,98,0,1.24031e-06,42.8392
0,129,98,0,0,42.8341
0,130,98,0,0,42.8291
0,131,98,0,0,42.824
0,132,98,0,0,42.8191
0,133,98,0,0,42.8141
0,134,98,0,0,42.8092
0,135,98,0,0,42.8043
0,136,98,0,0,42.7995
0,137,98,0,0,42.7947
0,138,98,0,0,42.7899
0,139,98,0,0,42.7852
0,140,98,0,0,42.7805
0,141,98,0,0,42.7759
0,142,98,0,0,42.7713
0,143,98,0,0,42.7667
0,144,98,0,0,42.7621
0,145,98,0,0,42.7576
0,146,98,0,0,42.7532
0,147,98,0,0,42.7487
0,148,98,0,0,42.7444
0,149,98,0,0,42.74
0,150,98,0,0,42.7357
0,151,98,0,0,42.7314
0,152,98,0,0,42.7272
0,153,98,0,0,42.723
0,154,98,0,0,42.7188
0,155,98,0,0,42.7147
0,156,98,0,0,42.7106
0,157,98,0,0,42.7065
0,158,98,0,0,42.7025
0,159,98,0,0,42.6985
0,160,98,0,1.24031e-06,42.6945
0,161,98,0,0,42.6905
0,162,98,0,0,42.6865
0,163,98,0,0,42.6825
0,164,98,0,0,42.6786
0,165,98,0,0,42.6747
0,166,98,0,0,42.6709
0,167,98,0,0,42.667
0,168,98,0,0,42.6632
0,169,98,0,0,42.6594
0,170,98,0,0,42.6557
0,171,98,0,0,42.652
0,172,98,0,0,42.6483
0,173,98,0,0,42.6446
0,174,98,0,0,42.641
0,175,98,0,0,42.6374
0,176,98,0,0,42.6338
0,177,98,0,0,42.6302
0,178,98,0,0,42.6267
0,179,98,0,0,42.6232
0,180,98,0,0,42.6197
0,181,98,0,0,42.6163
0,182,98,0,0,42.6129
0,183,98,0,0,42.6095
0,184,98,0,0,42.6061
0,185,98,0,0,42.6028
0,186,98,0,0,42.5995
0,187,98,0,0,42.5962
0,188,98,0,0,42.5929
0,189,98,0,0,42.5897
0,190,98,0,0,42.5865
0,191,98,0,0,42.5833
0,192,98,0,1.24031e-06,42.5802
0,193,98,0,0,42.577
0,194,98,0,0,42.5738
0,195,98,0,0,42.5706
0,196,98,0,0,42.5675
0,197,98,0,0,42.5644
0,198,98,0,0,42.5613
0,199,98,0,0,42.5583
0,200,98,0,0,42.5553
0,201,98,0,0,42.5523
0,202,98,0,0,42.5493
0,203,98,0,0,42.5464
0,204,98,0,0,42.5435
0,205,98,0,0,42.5406
0,206,98,0,0,42.5378
0,207,98,0,0,42.535
0,208,98,0,0,42.5322
0,209,98,0,0,42.5295
0,210,98,0,0,42.5268
0,211,98,0,0,42.5241
0,212,98,0,0,42.5215
0,213,98,0,0,42.5189
0,214,98,0,0,42.5163
0,215,98,0,0,42.5137
0,216,98,0,0,42.5112
0,217,98,0,0,42.5088
0,218,98,0,0,42.5063
0,219,98,0,0,42.5039
0,220,98,0,0,42.5015
0,221,98,0,0,42.4992
0,222,98,0,0,42.4969
0,223,98,0,0,42.4946
0,224,98,0,1.24031e-06,42.4924
0,225,98,0,0,42.4902
0,226,98,0,0,42.4879
0,227,98,0,0,42.4857
0,228,98,0,0,42.4836
0,229,98,0,0,42.4815
0,230,98,0,0,42.4795
0,231,98,0,0,42.4775
0,232,98,0,0,42.4755
0,233,98,0,0,42.4736
0,234,98,0,0,42.4718
0,235,98,0,0,42.47
0,236,98,0,0,42.4683
0,237,98,0,0,42.4667
0,238,98,0,0,42.4651
0,239,98,0,0,42.4636
0,240,98,0,0,42.4621
0,241,98,0,0,42.4607
0,242,98,0,0,42.4594
0,243,98,0,0,42.4582
0,244,98,0,0,42.4571
0,245,98,0,0,42.456
0,246,98,0,0,42.455
0,247,98,0,0,42.4541
0,248,98,0,0,42.4533
0,249,98,0,0,42.4525
0,250,98,0,0,42.4519
0,251,98,0,0,42.4513
0,252,98,0,0,42.4509
0,253,98,0,0,42.4505
0,254,98,0,0,42.4502
0,255,98,0,0,42.45
0,0,99,0,1.24031e-06,43.4746
0,1,99,0,0,43.4741
0,2,99,0,0,43.4735
0,3,99,0,0,43.4726
0,4,99,0,0,43.4716
0,5,99,0,0,43.4704
0,6,99,0,0,43.469
0,7,99,0,0,43.4674
0,8,99,0,0,43.4657
0,9,99,0,0,43.4638
0,10,99,0,0,43.4617
0,11,99,0,0,43.4594
0,12,99,0,0,43.4569
0,13,99,0,0,43.4543
0,14,99,0,0,43.4514
0,15,99,0,0,43.4485
0,16,99,0,0,43.4453
0,17,99,0,0,43.442
0,18,99,0,0,43.4385
0,19,99,0,0,43.4348
0,20,99,0,0,43.431
0,21,99,0,0,43.427
0,22,99,0,0,43.4229
0,23,99,0,0,43.4186
0,24,99,0,0,43.4142
0,25,99,0,0,43.4096
0,26,99,0,0,43.4049
0,27,99,0,0,43.4001
0,28,99,0,0,43.3951
0,29,99,0,0,43.3899
0,30,99,0,0,43.3847
0,31,99,0,0,43.3793
0,32,99,0,1.24031e-06,43.3739
0,33,99,0,0,43.3682
0,34,99,0,0,43.3624
0,35,99,0,0,43.3564
0,36,99,0,0,43.3504
0,37,99,0,0,43.3443
0,38,99,0,0,43.3381
0,39,99,0,0,43.3318
0,40,99,0,0,43.3255
0,41,99,0,0,43.319
0,42,99,0,0,43.3125
0,43,99,0,0,43.3059
0,44,99,0,0,43.2993
0,45,99,0,0,43.2926
0,46,99,0,0,43.2858
0,47,99,0,0,43.279
0,48,99,0,0,43.2722
0,49,99,0,0,43.2653
0,50,99,0,0,43.2583
0,51,99,0,0,43.2514
0,52,99,0,0,43.2444
0,53,99,0,0,43.2373
0,54,99,0,0,43.2303
0,55,99,0,0,43.2232
0,56,99,0,0,43.2161
0,57,99,0,0,43.209
0,58,99,0,0,43.2019
0,59,99,0,0,43.1947
0,60,99,0,0,43.1876
0,61,99,0,0,43.1805
0,62,99,0,0,43.1733
0,63,99,0,0,43.1662
0,64,99,0,1.24031e-06,43.1591
0,65,99,0,0,43.1519
0,66,99,0,0,43.1447
0,67,99,0,0,43.1375
0,68,99,0,0,43.1303
0,69,99,0,0,43.1231
0,70,99,0,0,43.116
0,71,99,0,0,43.1089
0,72,99,0,0,43.1018
0,73,99,0,0,43.0948
0,74,99,0,0,43.0877
0,75,99,0,0,43.0807
0,76,99,0,0,43.0738
0,77,99,0,0,43.0668
0,78,99,0,0,43.0599
0,79,99,0,0,43.0531
0,80,99,0,0,43.0462
0,81,99,0,0,43.0395
0,82,99,0,0,43.0327
0,83,99,0,0,43.026
0,84,99,0,0,43.0194
0,85,99,0,0,43.0128
0,86,99,0,0,43.0062
0,87,99,0,0,42.9997
0,88,99,0,0,42.9932
0,89,99,0,0,42.9868
0,90,99,0,0,42.9804
0,91,99,0,0,42.9741
0,92,99,0,0,42.9678
0,93,99,0,0,42.9616
0,94,99,0,0,42.9554
0,95,99,0,0,42.9493
0,96,99,0,1.24031e-06,42.9432
0,97,99,0,0,42.937
0,98,99,0,0,42.9309
0,99,99,0,0,42.9249
0,100,99,0,0,42.9189
0,101,99,0,0,42.913
0,102,99,0,0,42.9071
0,103,99,0,0,42.9012
0,104,99,0,0,42.8954
0,105,99,0,0,42.8896
0,106,99,0,0,42.8839
0,107,99,0,0,42.8782
0,108,99,0,0,42.8726
0,109,99,0,0,42.867
0,110,99,0,0,42.8614
0,111,99,0,0,42.8559
0,112,99,0,0,42.8504
0,113,99,0,0,42.8449
0,114,99,0,0,42.8395
0,115,99,0,0,42.8342
0,116,99,0,0,42.8289
0,117,99,0,0,42.8236
0,118,99,0,0,42.8183
0,119,99,0,0,42.8131
0,120,99,0,0,42.8079
0,121,99,0,0,42.8028
0,122,99,0,0,42.7977
0,123,99,0,0,42.7926
0,124,99,0,0,42.7876
0,125,99,0,0,42.7825
0,126,99,0,0,42.7776
0,127,99,0,0,42.7727
0,128,99,0,1.24031e-06,42.7678
0,129,99,0,0,42.7628
0,130,99,0,0,42.7579
0,131,99,0,0,42.753
0,132,99,0,0,42.7481
0,133,99,0,0,42.7433
0,134,99,0,0,42.7385
0,135,99,0,0,42.7338
0,136,99,0,0,42.7291
0,137,99,0,0,42.7244
0,138,99,0,0,42.7197
0,139,99,0,0,42.7151
0,140,99,0,0,42.7106
0,141,99,0,0,42.706
0,142,99,0,0,42.7015
0,143,99,0,0,42.6971
0,144,99,0,0,42.6926
0,145,99,0,0,42.6883
0,146,99,0,0,42.6839
0,147,99,0,0,42.6796
0,148,99,0,0,42.6753
0,149,99,0,0,42.6711
0,150,99,0,0,42.6669
0,151,99,0,0,42.6627
0,152,99,0,0,42.6586
0,153,99,0,0,42.6545
0,154,99,0,0,42.6504
0,155,99,0,0,42.6464
0,156,99,0,0,42.6424
0,157,99,0,0,42.6384
0,158,99,0,0,42.6345
0,159,99,0,0,42.6306
0,160,99,0,1.24031e-06,42.6267
0,161,99,0,0,42.6228
0,162,99,0,0,42.6189
0,163,99,0,0,42.615
0,164,99,0,0,42.6112
0,165,99,0,0,42.6074
0,166,99,0,0,42.6036
0,167,99,0,0,42.5999
0,168,99,0,0,42.5962
0,169,99,0,0,42.5925
0,170,99,0,0,42.5888
0,171,99,0,0,42.5852
0,172,99,0,0,42.5816
0,173,99,0,0,42.578
0,174,99,0,0,42.5745
0,175,99,0,0,42.5709
0,176,99,0,0,42.5675
0,177,99,0,0,42.564
0,178,99,0,0,42.5606
0,179,99,0,0,42.5571
0,180,99,0,0,42.5538
0,181,99,0,0,42.5504
0,182,99,0,0,42.5471
0,183,99,0,0,42.5438
0,184,99,0,0,42.5405
0,185,99,0,0,42.5373
0,186,99,0,0,42.534
0,187,99,0,0,42.5308
0,188,99,0,0,42.5277
0,189,99,0,0,42.5245
0,190,99,0,0,42.5214
0,191,99,0,0,42.5183
0,192,99,0,1.24031e-06,42.5153
0,193,99,0,0,42.5122
0,194,99,0,0,42.5091
0,195,99,0,0,42.506
0,196,99,0,0,42.5029
0,197,99,0,0,42.4999
0,198,99,0,0,42.4969
0,199,99,0,0,42.494
0,200,99,0,0,42.4911
0,201,99,0,0,42.4882
0,202,99,0,0,42.4853
0,203,99,0,0,42.4825
0,204,99,0,0,42.4797
0,205,99,0,0,42.4769
0,206,99,0,0,42.4741
0,207,99,0,0,42.4714
0,208,99,0,0,42.4687
0,209,99,0,0,42.4661
0,210,99,0,0,42.4635
0,211,99,0,0,42.4609
0,212,99,0,0,42.4583
0,213,99,0,0,42.4558
0,214,99,0,0,42.4533
0,215,99,0,0,42.4508
0,216,99,0,0,42.4484
0,217,99,0,0,42.446
0,218,99,0,0,42.4437
0,219,99,0,0,42.4413
0,220,99,0,0,42.4391
0,221,99,0,0,42.4368
0,222,99,0,0,42.4346
0,223,99,0,0,42.4324
0,224,99,0,1.24031e-06,42.4303
0,225,99,0,0,42.4281
0,226,99,0,0,42.426
0,227,99,0,0,42.4239
0,228,99,0,0,42.4218
0,229,99,0,0,42.4198
0,230,99,0,0,42.4179
0,231,99,0,0,42.4159
0,232,99,0,0,42.4141
0,233,99,0,0,42.4123
0,234,99,0,0,42.4105
0,235,99,0,0,42.4088
0,236,99,0,0,42.4072
0,237,99,0,0,42.4056
0,238,99,0,0,42.4041
0,239,99,0,0,42.4027
0,240,99,0,0,42.4013
0,241,99,0,0,42.4
0,242,99,0,0,42.3988
0,243,99,0,0,42.3976
0,244,99,0,0,42.3965
0,245,99,0,0,42.3955
0,246,99,0,0,42.3946
0,247,99,0,0,42.3937
0,248,99,0,0,42.3929
0,249,99,0,0,42.3922
0,250,99,0,0,42.3916
0,251,99,0,0,42.3911
0,252,99,0,0,42.3907
0,253,99,0,0,42.3903
0,254,99,0,0,42.39
0,255,99,0,0,42.3899
0,0,100,0,1.24031e-06,43.3818
0,1,100,0,0,43.3814
0,2,100,0,0,43.3807
0,3,100,0,0,43.3799
0,4,100,0,0,43.3789
0,5,100,0,0,43.3778
0,6,100,0,0,43.3765
0,7,100,0,0,43.375
0,8,100,0,0,43.3733
0,9,100,0,0,43.3714
0,10,100,0,0,43.3694
0,11,100,0,0,43.3672
0,12,100,0,0,43.3649
0,13,100,0,0,43.3623
0,14,100,0,0,43.3596
0,15,100,0,0,43.3568
0,16,100,0,0,43.3538
0,17,100,0,0,43.3506
0,18,100,0,0,43.3472
0,19,100,0,0,43.3437
0,20,100,0,0,43.3401
0,21,100,0,0,43.3363
0,22,100,0,0,43.3324
0,23,100,0,0,43.3283
0,24,100,0,0,43.324
0,25,100,0,0,43.3197
0,26,100,0,0,43.3152
0,27,100,0,0,43.3105
0,28,100,0,0,43.3057
0,29,100,0,0,43.3009
0,30,100,0,0,43.2958
0,31,100,0,0,43.2907
0,32,100,0,1.24031e-06,43.2855
0,33,100,0,0,43.28
0,34,100,0,0,43.2745
0,35,100,0,0,43.2688
0,36,100,0,0,43.2631
0,37,100,0,0,43.2572
0,38,100,0,0,43.2513
0,39,100,0,0,43.2453
0,40,100,0,0,43.2392
0,41,100,0,0,43.233
0,42,100,0,0,43.2268
0,43,100,0,0,43.2205
0,44,100,0,0,43.2141
0,45,100,0,0,43.2077
0,46,100,0,0,43.2012
0,47,100,0,0,43.1947
0,48,100,0,0,43.1881
0,49,100,0,0,43.1815
0,50,100,0,0,43.1748
0,51,100,0,0,43.1681
0,52,100,0,0,43.1614
0,53,100,0,0,43.1546
0,54,100,0,0,43.1478
0,55,100,0,0,43.141
0,56,100,0,0,43.1342
0,57,100,0,0,43.1274
0,58,100,0,0,43.1205
0,59,100,0,0,43.1137
0,60,100,0,0,43.1068
0,61,100,0,0,43.0999
0,62,100,0,0,43.0931
0,63,100,0,0,43.0862
0,64,100,0,1.24031e-06,43.0794
0,65,100,0,0,43.0724
0,66,100,0,0,43.0654
0,67,100,0,0,43.0585
0,68,100,0,0,43.0516
0,69,100,0,0,43.0447
0,70,100,0,0,43.0378
0,71,100,0,0,43.0309
0,72,100,0,0,43.0241
0,73,100,0,0,43.0173
0,74,100,0,0,43.0105
0,75,100,0,0,43.0037
0,76,100,0,0,42.997
0,77,100,0,0,42.9903
0,78,100,0,0,42.9836
0,79,100,0,0,42.977
0,80,100,0,0,42.9704
0,81,100,0,0,42.9638
0,82,100,0,0,42.9573
0,83,100,0,0,42.9508
0,84,100,0,0,42.9443
0,85,100,0,0,42.9379
0,86,100,0,0,42.9316
0,87,100,0,0,42.9252
0,88,100,0,0,42.919
0,89,100,0,0,42.9127
0,90,100,0,0,42.9065
0,91,100,0,0,42.9004
0,92,100,0,0,42.8943
0,93,100,0,0,42.8882
0,94,100,0,0,42.8822
0,95,100,0,0,42.8763
0,96,100,0,1.24031e-06,42.8704
0,97,100,0,0,42.8644
0,98,100,0,0,42.8585
0,99,100,0,0,42.8526
0,100,100,0,0,42.8467
0,101,100,0,0,42.8409
0,102,100,0,0,42.8352
0,103,100,0,0,42.8295
0,104,100,0,0,42.8238
0,105,100,0,0,42.8182
0,106,100,0,0,42.8126
0,107,100,0,0,42.8071
0,108,100,0,0,42.8016
0,109,100,0,0,42.7961
0,110,100,0,0,42.7907
0,111,100,0,0,42.7853
0,112,100,0,0,42.78
0,113,100,0,0,42.7747
0,114,100,0,0,42.7694
0,115,100,0,0,42.7642
0,116,100,0,0,42.759
0,117,100,0,0,42.7538
0,118,100,0,0,42.7487
0,119,100,0,0,42.7436
0,120,100,0,0,42.7386
0,121,100,0,0,42.7335
0,122,100,0,0,42.7286
0,123,100,0,0,42.7236
0,124,100,0,0,42.7187
0,125,100,0,0,42.7138
0,126,100,0,0,42.709
0,127,100,0,0,42.7042
0,128,100,0,1.24031e-06,42.6994
0,129,100,0,0,42.6946
0,130,100,0,0,42.6898
0,131,100,0,0,42.685
0,132,100,0,0,42.6803
0,133,100,0,0,42.6756
0,134,100,0,0,42.6709
0,135,100,0,0,42.6663
0,136,100,0,0,42.6617
0,137,100,0,0,42.6571
0,138,100,0,0,42.6526
0,139,100,0,0,42.6481
0,140,100,0,0,42.6436
0,141,100,0,0,42.6392
0,142,100,0,0,42.6348
0,143,100,0,0,42.6305
0,144,100,0,0,42.6262
0,145,100,0,0,42.6219
0,146,100,0,0,42.6177
0,147,100,0,0,42.6135
0,148,100,0,0,42.6093
0,149,100,0,0,42.6051
0,150,100,0,0,42.601
0,151,100,0,0,42.597
0,152,100,0,0,42.5929
0,153,100,0,0,42.5889
0,154,100,0,0,42.585
0,155,100,0,0,42.581
0,156,100,0,0,42.5771
0,157,100,0,0,42.5733
0,158,100,0,0,42.5694
0,159,100,0,0,42.5656
0,160,100,0,1.24031e-06,42.5619
0,161,100,0,0,42.558
0,162,100,0,0,42.5542
0,163,100,0,0,42.5504
0,164,100,0,0,42.5467
0,165,100,0,0,42.543
0,166,100,0,0,42.5393
0,167,100,0,0,42.5356
0,168,100,0,0,42.532
0,169,100,0,0,42.5284
0,170,100,0,0,42.5249
0,171,100,0,0,42.5213
0,172,100,0,0,42.5178
0,173,100,0,0,42.5143
0,174,100,0,0,42.5109
0,175,100,0,0,42.5074
0,176,100,0,0,42.504
0,177,100,0,0,42.5006
0,178,100,0,0,42.4973
0,179,100,0,0,42.494
0,180,100,0,0,42.4907
0,181,100,0,0,42.4874
0,182,100,0,0,42.4842
0,183,100,0,0,42.481
0,184,100,0,0,42.4778
0,185,100,0,0,42.4746
0,186,100,0,0,42.4715
0,187,100,0,0,42.4684
0,188,100,0,0,42.4653
0,189,100,0,0,42.4622
0,190,100,0,0,42.4592
0,191,100,0,0,42.4562
0,192,100,0,1.24031e-06,42.4532
0,193,100,0,0,42.4502
0,194,100,0,0,42.4472
0,195,100,0,0,42.4442
0,196,100,0,0,42.4412
0,197,100,0,0,42.4383
0,198,100,0,0,42.4354
0,199,100,0,0,42.4325
0,200,100,0,0,42.4297
0,201,100,0,0,42.4269
0,202,100,0,0,42.4241
0,203,100,0,0,42.4213
0,204,100,0,0,42.4186
0,205,100,0,0,42.4159
0,206,100,0,0,42.4132
0,207,100,0,0,42.4106
0,208,100,0,0,42.408
0,209,100,0,0,42.4054
0,210,100,0,0,42.4029
0,211,100,0,0,42.4004
0,212,100,0,0,42.3979
0,213,100,0,0,42.3955
0,214,100,0,0,42.3931
0,215,100,0,0,42.3907
0,216,100,0,0,42.3883
0,217,100,0,0,42.386
0,218,100,0,0,42.3837
0,219,100,0,0,42.3815
0,220,100,0,0,42.3793
0,221,100,0,0,42.3771
0,222,100,0,0,42.375
0,223,100,0,0,42.3729
0,224,100,0,1.24031e-06,42.3709
0,225,100,0,0,42.3688
0,226,100,0,0,42.3667
0,227,100,0,0,42.3647
0,228,100,0,0,42.3627
0,229,100,0,0,42.3608
0,230,100,0,0,42.3589
0,231,100,0,0,42.3571
0,232,100,0,0,42.3553
0,233,100,0,0,42.3536
0,234,100,0,0,42.3519
0,235,100,0,0,42.3503
0,236,100,0,0,42.3488
0,237,100,0,0,42.3473
0,238,100,0,0,42.3458
0,239,100,0,0,42.3444
0,240,100,0,0,42.3431
0,241,100,0,0,42.3419
0,242,100,0,0,42.3407
0,243,100,0,0,42.3396
0,244,100,0,0,42.3386
0,245,100,0,0,42.3376
0,246,100,0,0,42.3367
0,247,100,0,0,42.3359
0,248,100,0,0,42.3352
0,249,100,0,0,42.3345
0,250,100,0,0,42.3339
0,251,100,0,0,42.3334
0,252,100,0,0,42.333
0,253,100,0,0,42.3327
0,254,100,0,0,42.3324
0,255,100,0,0,42.3323
0,0,101,0,1.24031e-06,43.2933
0,1,101,0,0,43.2929
0,2,101,0,0,43.2923
0,3,101,0,0,43.2915
0,4,101,0,0,43.2905
0,5,101,0,0,43.2894
0,6,101,0,0,43.2882
0,7,101,0,0,43.2867
0,8,101,0,0,43.2851
0,9,101,0,0,43.2833
0,10,101,0,0,43.2814
0,11,101,0,0,43.2793
0,12,101,0,0,43.277
0,13,101,0,0,43.2746
0,14,101,0,0,43.272
0,15,101,0,0,43.2693
0,16,101,0,0,43.2664
0,17,101,0,0,43.2634
0,18,101,0,0,43.2602
0,19,101,0,0,43.2568
0,20,101,0,0,43.2533
0,21,101,0,0,43.2497
0,22,101,0,0,43.2459
0,23,101,0,0,43.242
0,24,101,0,0,43.238
0,25,101,0,0,43.2338
0,26,101,0,0,43.2295
0,27,101,0,0,43.2251
0,28,101,0,0,43.2205
0,29,101,0,0,43.2158
0,30,101,0,0,43.211
0,31,101,0,0,43.2061
0,32,101,0,1.24031e-06,43.2011
0,33,101,0,0,43.1959
0,34,101,0,0,43.1906
0,35,101,0,0,43.1852
0,36,101,0,0,43.1796
0,37,101,0,0,43.174
0,38,101,0,0,43.1684
0,39,101,0,0,43.1626
0,40,101,0,0,43.1568
0,41,101,0,0,43.1508
0,42,101,0,0,43.1449
0,43,101,0,0,43.1388
0,44,101,0,0,43.1327
0,45,101,0,0,43.1265
0,46,101,0,0,43.1203
0,47,101,0,0,43.1141
0,48,101,0,0,43.1077
0,49,101,0,0,43.1014
0,50,101,0,0,43.095
0,51,101,0,0,43.0886
0,52,101,0,0,43.0821
0,53,101,0,0,43.0756
0,54,101,0,0,43.0691
0,55,101,0,0,43.0625
0,56,101,0,0,43.056
0,57,101,0,0,43.0494
0,58,101,0,0,43.0428
0,59,101,0,0,43.0362
0,60,101,0,0,43.0296
0,61,101,0,0,43.023
0,62,101,0,0,43.0164
0,63,101,0,0,43.0097
0,64,101,0,1.24031e-06,43.0031
0,65,101,0,0,42.9964
0,66,101,0,0,42.9897
0,67,101,0,0,42.983
0,68,101,0,0,42.9763
0,69,101,0,0,42.9697
0,70,101,0,0,42.963
0,71,101,0,0,42.9564
0,72,101,0,0,42.9498
0,73,101,0,0,42.9432
0,74,101,0,0,42.9366
0,75,101,0,0,42.9301
0,76,101,0,0,42.9236
0,77,101,0,0,42.9171
0,78,101,0,0,42.9106
0,79,101,0,0,42.9042
0,80,101,0,0,42.8978
0,81,101,0,0,42.8914
0,82,101,0,0,42.8851
0,83,101,0,0,42.8788
0,84,101,0,0,42.8726
0,85,101,0,0,42.8664
0,86,101,0,0,42.8602
0,87,101,0,0,42.8541
0,88,101,0,0,42.848
0,89,101,0,0,42.8419
0,90,101,0,0,42.8359
0,91,101,0,0,42.8299
0,92,101,0,0,42.824
0,93,101,0,0,42.8181
0,94,101,0,0,42.8123
0,95,101,0,0,42.8065
0,96,101,0,1.24031e-06,42.8007
0,97,101,0,0,42.7949
0,98,101,0,0,42.7892
0,99,101,0,0,42.7834
0,100,101,0,0,42.7777
0,101,101,0,0,42.7721
0,102,101,0,0,42.7665
0,103,101,0,0,42.7609
0,104,101,0,0,42.7554
0,105,101,0,0,42.7499
0,106,101,0,0,42.7445
0,107,101,0,0,42.7391
0,108,101,0,0,42.7337
0,109,101,0,0,42.7284
0,110,101,0,0,42.7231
0,111,101,0,0,42.7179
0,112,101,0,0,42.7127
0,113,101,0,0,42.7075
0,114,101,0,0,42.7023
0,115,101,0,0,42.6972
0,116,101,0,0,42.6922
0,117,101,0,0,42.6871
0,118,101,0,0,42.6821
0,119,101,0,0,42.6772
0,120,101,0,0,42.6723
0,121,101,0,0,42.6674
0,122,101,0,0,42.6625
0,123,101,0,0,42.6577
0,124,101,0,0,42.6529
0,125,101,0,0,42.6482
0,126,101,0,0,42.6434
0,127,101,0,0,42.6387
0,128,101,0,1.24031e-06,42.6341
0,129,101,0,0,42.6294
0,130,101,0,0,42.6247
0,131,101,0,0,42.62
0,132,101,0,0,42.6154
0,133,101,0,0,42.6108
0,134,101,0,0,42.6063
0,135,101,0,0,42.6018
0,136,101,0,0,42.5973
0,137,101,0,0,42.5928
0,138,101,0,0,42.5884
0,139,101,0,0,42.584
0,140,101,0,0,42.5797
0,141,101,0,0,42.5754
0,142,101,0,0,42.5711
0,143,101,0,0,42.5669
0,144,101,0,0,42.5627
0,145,101,0,0,42.5585
0,146,101,0,0,42.5543
0,147,101,0,0,42.5502
0,148,101,0,0,42.5462
0,149,101,0,0,42.5421
0,150,101,0,0,42.5381
0,151,101,0,0,42.5342
0,152,101,0,0,42.5302
0,153,101,0,0,42.5263
0,154,101,0,0,42.5224
0,155,101,0,0,42.5186
0,156,101,0,0,42.5148
0,157,101,0,0,42.511
0,158,101,0,0,42.5073
0,159,101,0,0,42.5036
0,160,101,0,1.24031e-06,42.4999
0,161,101,0,0,42.4961
0,162,101,0,0,42.4924
0,163,101,0,0,42.4887
0,164,101,0,0,42.4851
0,165,101,0,0,42.4814
0,166,101,0,0,42.4778
0,167,101,0,0,42.4743
0,168,101,0,0,42.4707
0,169,101,0,0,42.4672
0,170,101,0,0,42.4637
0,171,101,0,0,42.4603
0,172,101,0,0,42.4569
0,173,101,0,0,42.4535
0,174,101,0,0,42.4501
0,175,101,0,0,42.4467
0,176,101,0,0,42.4434
0,177,101,0,0,42.4401
0,178,101,0,0,42.4369
0,179,101,0,0,42.4336
0,180,101,0,0,42.4304
0,181,101,0,0,42.4272
0,182,101,0,0,42.4241
0,183,101,0,0,42.4209
0,184,101,0,0,42.4178
0,185,101,0,0,42.4147
0,186,101,0,0,42.4117
0,187,101,0,0,42.4087
0,188,101,0,0,42.4057
0,189,101,0,0,42.4027
0,190,101,0,0,42.3997
0,191,101,0,0,42.3968
0,192,101,0,1.24031e-06,42.3939
0,193,101,0,0,42.391
0,194,101,0,0,42.388
0,195,101,0,0,42.3851
0,196,101,0,0,42.3822
0,197,101,0,0,42.3794
0,198,101,0,0,42.3766
0,199,101,0,0,42.3738
0,200,101,0,0,42.371
0,201,101,0,0,42.3683
0,202,101,0,0,42.3656
0,203,101,0,0,42.3629
0,204,101,0,0,42.3603
0,205,101,0,0,42.3576
0,206,101,0,0,42.3551
0,207,101,0,0,42.3525
0,208,101,0,0,42.35
0,209,101,0,0,42.3475
0,210,101,0,0,42.345
0,211,101,0,0,42.3426
0,212,101,0,0,42.3402
0,213,101,0,0,42.3378
0,214,101,0,0,42.3355
0,215,101,0,0,42.3332
0,216,101,0,0,42.3309
0,217,101,0,0,42.3287
0,218,101,0,0,42.3265
0,219,101,0,0,42.3243
0,220,101,0,0,42.3222
0,221,101,0,0,42.3201
0,222,101,0,0,42.3181
0,223,101,0,0,42.3161
0,224,101,0,1.24031e-06,42.3141
0,225,101,0,0,42.3121
0,226,101,0,0,42.3101
0,227,101,0,0,42.3082
0,228,101,0,0,42.3063
0,229,101,0,0,42.3044
0,230,101,0,0,42.3026
0,231,101,0,0,42.3009
0,232,101,0,0,42.2992
0,233,101,0,0,42.2975
0,234,101,0,0,42.2959
0,235,101,0,0,42.2944
0,236,101,0,0,42.2929
0,237,101,0,0,42.2914
0,238,101,0,0,42.2901
0,239,101,0,0,42.2887
0,240,101,0,0,42.2875
0,241,101,0,0,42.2863
0,242,101,0,0,42.2852
0,243,101,0,0,42.2841
0,244,101,0,0,42.2832
0,245,101,0,0,42.2822
0,246,101,0,0,42.2814
0,247,101,0,0,42.2806
0,248,101,0,0,42.2799
0,249,101,0,0,42.2793
0,250,101,0,0,42.2788
0,251,101,0,0,42.2783
0,252,101,0,0,42.2779
0,253,101,0,0,42.2776
0,254,101,0,0,42.2773
0,255,101,0,0,42.2772
0,0,102,0,1.24031e-06,43.2089
0,1,102,0,0,43.2085
0,2,102,0,0,43.2079
0,3,102,0,0,43.2072
0,4,102,0,0,43.2063
0,5,102,0,0,43.2052
0,6,102,0,0,43.204
0,7,102,0,0,43.2026
0,8,102,0,0,43.201
0,9,102,0,0,43.1993
0,10,102,0,0,43.1975
0,11,102,0,0,43.1955
0,12,102,0,0,43.1933
0,13,102,0,0,43.191
0,14,102,0,0,43.1885
0,15,102,0,0,43.1859
0,16,102,0,0,43.1831
0,17,102,0,0,43.1802
0,18,102,0,0,43.1772
0,19,102,0,0,43.174
0,20,102,0,0,43.1706
0,21,102,0,0,43.1671
0,22,102,0,0,43.1635
0,23,102,0,0,43.1598
0,24,102,0,0,43.1559
0,25,102,0,0,43.1519
0,26,102,0,0,43.1478
0,27,102,0,0,43.1435
0,28,102,0,0,43.1392
0,29,102,0,0,43.1347
0,30,102,0,0,43.1301
0,31,102,0,0,43.1254
0,32,102,0,1.24031e-06,43.1206
0,33,102,0,0,43.1156
0,34,102,0,0,43.1105
0,35,102,0,0,43.1053
0,36,102,0,0,43.1001
0,37,102,0,0,43.0947
0,38,102,0,0,43.0892
0,39,102,0,0,43.0837
0,40,102,0,0,43.0781
0,41,102,0,0,43.0724
0,42,102,0,0,43.0667
0,43,102,0,0,43.0609
0,44,102,0,0,43.055
0,45,102,0,0,43.0491
0,46,102,0,0,43.0432
0,47,102,0,0,43.0371
0,48,102,0,0,43.0311
0,49,102,0,0,43.025
0,50,102,0,0,43.0188
0,51,102,0,0,43.0126
0,52,102,0,0,43.0064
0,53,102,0,0,43.0002
0,54,102,0,0,42.9939
0,55,102,0,0,42.9876
0,56,102,0,0,42.9813
0,57,102,0,0,42.9749
0,58,102,0,0,42.9686
0,59,102,0,0,42.9622
0,60,102,0,0,42.9559
0,61,102,0,0,42.9495
0,62,102,0,0,42.9431
0,63,102,0,0,42.9367
0,64,102,0,1.24031e-06,42.9304
0,65,102,0,0,42.9239
0,66,102,0,0,42.9174
0,67,102,0,0,42.9109
0,68,102,0,0,42.9045
0,69,102,0,0,42.898
0,70,102,0,0,42.8916
0,71,102,0,0,42.8852
0,72,102,0,0,42.8788
0,73,102,0,0,42.8724
0,74,102,0,0,42.8661
0,75,102,0,0,42.8598
0,76,102,0,0,42.8534
0,77,102,0,0,42.8472
0,78,102,0,0,42.8409
0,79,102,0,0,42.8347
0,80,102,0,0,42.8285
0,81,102,0,0,42.8223
0,82,102,0,0,42.8162
0,83,102,0,0,42.8101
0,84,102,0,0,42.804
0,85,102,0,0,42.798
0,86,102,0,0,42.792
0,87,102,0,0,42.7861
0,88,102,0,0,42.7802
0,89,102,0,0,42.7743
0,90,102,0,0,42.7684
0,91,102,0,0,42.7626
0,92,102,0,0,42.7569
0,93,102,0,0,42.7512
0,94,102,0,0,42.7455
0,95,102,0,0,42.7398
0,96,102,0,1.24031e-06,42.7342
0,97,102,0,0,42.7286
0,98,102,0,0,42.723
0,99,102,0,0,42.7174
0,100,102,0,0,42.7118
0,101,102,0,0,42.7063
0,102,102,0,0,42.7009
0,103,102,0,0,42.6955
0,104,102,0,0,42.6901
0,105,102,0,0,42.6847
0,106,102,0,0,42.6794
0,107,102,0,0,42.6742
0,108,102,0,0,42.6689
0,109,102,0,0,42.6637
0,110,102,0,0,42.6586
0,111,102,0,0,42.6535
0,112,102,0,0,42.6484
0,113,102,0,0,42.6433
0,114,102,0,0,42.6383
0,115,102,0,0,42.6333
0,116,102,0,0,42.6284
0,117,102,0,0,42.6235
0,118,102,0,0,42.6186
0,119,102,0,0,42.6138
0,120,102,0,0,42.609
0,121,102,0,0,42.6042
0,122,102,0,0,42.5995
0,123,102,0,0,42.5948
0,124,102,0,0,42.5901
0,125,102,0,0,42.5854
0,126,102,0,0,42.5808
0,127,102,0,0,42.5763
0,128,102,0,1.24031e-06,42.5717
0,129,102,0,0,42.5671
0,130,102,0,0,42.5625
0,131,102,0,0,42.558
0,132,102,0,0,42.5535
0,133,102,0,0,42.549
0,134,102,0,0,42.5446
0,135,102,0,0,42.5402
0,136,102,0,0,42.5358
0,137,102,0,0,42.5315
0,138,102,0,0,42.5272
0,139,102,0,0,42.5229
0,140,102,0,0,42.5186
0,141,102,0,0,42.5144
0,142,102,0,0,42.5103
0,143,102,0,0,42.5061
0,144,102,0,0,42.502
0,145,102,0,0,42.4979
0,146,102,0,0,42.4939
0,147,102,0,0,42.4899
0,148,102,0,0,42.4859
0,149,102,0,0,42.482
0,150,102,0,0,42.4781
0,151,102,0,0,42.4742
0,152,102,0,0,42.4703
0,153,102,0,0,42.4665
0,154,102,0,0,42.4627
0,155,102,0,0,42.459
0,156,102,0,0,42.4553
0,157,102,0,0,42.4516
0,158,102,0,0,42.4479
0,159,102,0,0,42.4443
0,160,102,0,1.24031e-06,42.4407
0,161,102,0,0,42.437
0,162,102,0,0,42.4334
0,163,102,0,0,42.4298
0,164,102,0,0,42.4262
0,165,102,0,0,42.4227
0,166,102,0,0,42.4192
0,167,102,0,0,42.4157
0,168,102,0,0,42.4122
0,169,102,0,0,42.4088
0,170,102,0,0,42.4054
0,171,102,0,0,42.402
0,172,102,0,0,42.3987
0,173,102,0,0,42.3954
0,174,102,0,0,42.3921
0,175,102,0,0,42.3888
0,176,102,0,0,42.3856
0,177,102,0,0,42.3823
0,178,102,0,0,42.3792
0,179,102,0,0,42.376
0,180,102,0,0,42.3729
0,181,102,0,0,42.3698
0,182,102,0,0,42.3667
0,183,102,0,0,42.3636
0,184,102,0,0,42.3606
0,185,102,0,0,42.3576
0,186,102,0,0,42.3546
0,187,102,0,0,42.3517
0,188,102,0,0,42.3487
0,189,102,0,0,42.3458
0,190,102,0,0,42.343
0,191,102,0,0,42.3401
0,192,102,0,1.24031e-06,42.3373
0,193,102,0,0,42.3344
0,194,102,0,0,42.3316
0,195,102,0,0,42.3288
0,196,102,0,0,42.326
0,197,102,0,0,42.3232
0,198,102,0,0,42.3204
0,199,102,0,0,42.3177
0,200,102,0,0,42.315
0,201,102,0,0,42.3124
0,202,102,0,0,42.3097
0,203,102,0,0,42.3071
0,204,102,0,0,42.3046
0,205,102,0,0,42.302
0,206,102,0,0,42.2995
0,207,102,0,0,42.297
0,208,102,0,0,42.2946
0,209,102,0,0,42.2922
0,210,102,0,0,42.2898
0,211,102,0,0,42.2874
0,212,102,0,0,42.2851
0,213,102,0,0,42.2828
0,214,102,0,0,42.2805
0,215,102,0,0,42.2783
0,216,102,0,0,42.2761
0,217,102,0,0,42.274
0,218,102,0,0,42.2719
0,219,102,0,0,42.2698
0,220,102,0,0,42.2677
0,221,102,0,0,42.2657
0,222,102,0,0,42.2637
0,223,102,0,0,42.2618
0,224,102,0,1.24031e-06,42.2599
0,225,102,0,0,42.2579
0,226,102,0,0,42.256
0,227,102,0,0,42.2542
0,228,102,0,0,42.2523
0,229,102,0,0,42.2506
0,230,102,0,0,42.2488
0,231,102,0,0,42.2471
0,232,102,0,0,42.2455
0,233,102,0,0,42.2439
0,234,102,0,0,42.2424
0,235,102,0,0,42.2409
0,236,102,0,0,42.2395
0,237,102,0,0,42.2381
0,238,102,0,0,42.2368
0,239,102,0,0,42.2356
0,240,102,0,0,42.2344
0,241,102,0,0,42.2332
0,242,102,0,0,42.2322
0,243,102,0,0,42.2312
0,244,102,0,0,42.2302
0,245,102,0,0,42.2293
0,246,102,0,0,42.2285
0,247,102,0,0,42.2278
0,248,102,0,0,42.2271
0,249,102,0,0,42.2265
0,250,102,0,0,42.226
0,251,102,0,0,42.2256
0,252,102,0,0,42.2252
0,253,102,0,0,42.2249
0,254,102,0,0,42.2247
0,255,102,0,0,42.2245
0,0,103,0,1.24031e-06,43.1286
0,1,103,0,0,43.1282
0,2,103,0,0,43.1276
0,3,103,0,0,43.1269
0,4,103,0,0,43.126
0,5,103,0,0,43.125
0,6,103,0,0,43.1238
0,7,103,0,0,43.1225
0,8,103,0,0,43.121
0,9,103,0,0,43.1194
0,10,103,0,0,43.1176
0,11,103,0,0,43.1157
0,12,103,0,0,43.1136
0,13,103,0,0,43.1114
0,14,103,0,0,43.109
0,15,103,0,0,43.1065
0,16,103,0,0,43.1038
0,17,103,0,0,43.101
0,18,103,0,0,43.0981
0,19,103,0,0,43.095
0,20,103,0,0,43.0918
0,21,103,0,0,43.0885
0,22,103,0,0,43.085
0,23,103,0,0,43.0815
0,24,103,0,0,43.0777
0,25,103,0,0,43.0739
0,26,103,0,0,43.07
0,27,103,0,0,43.0659
0,28,103,0,0,43.0617
0,29,103,0,0,43.0574
0,30,103,0,0,43.053
0,31,103,0,0,43.0485
0,32,103,0,1.24031e-06,43.0439
0,33,103,0,0,43.0392
0,34,103,0,0,43.0343
0,35,103,0,0,43.0293
0,36,103,0,0,43.0242
0,37,103,0,0,43.0191
0,38,103,0,0,43.0138
0,39,103,0,0,43.0085
0,40,103,0,0,43.0032
0,41,103,0,0,42.9977
0,42,103,0,0,42.9922
0,43,103,0,0,42.9866
0,44,103,0,0,42.981
0,45,103,0,0,42.9753
0,46,103,0,0,42.9696
0,47,103,0,0,42.9638
0,48,103,0,0,42.958
0,49,103,0,0,42.9521
0,50,103,0,0,42.9462
0,51,103,0,0,42.9402
0,52,103,0,0,42.9342
0,53,103,0,0,42.9282
0,54,103,0,0,42.9222
0,55,103,0,0,42.9161
0,56,103,0,0,42.91
0,57,103,0,0,42.9039
0,58,103,0,0,42.8978
0,59,103,0,0,42.8917
0,60,103,0,0,42.8855
0,61,103,0,0,42.8794
0,62,103,0,0,42.8732
0,63,103,0,0,42.8671
0,64,103,0,1.24031e-06,42.8609
0,65,103,0,0,42.8547
0,66,103,0,0,42.8484
0,67,103,0,0,42.8422
0,68,103,0,0,42.8359
0,69,103,0,0,42.8297
0,70,103,0,0,42.8235
0,71,103,0,0,42.8173
0,72,103,0,0,42.8111
0,73,103,0,0,42.8049
0,74,103,0,0,42.7988
0,75,103,0,0,42.7927
0,76,103,0,0,42.7865
0,77,103,0,0,42.7805
0,78,103,0,0,42.7744
0,79,103,0,0,42.7684
0,80,103,0,0,42.7624
0,81,103,0,0,42.7564
0,82,103,0,0,42.7504
0,83,103,0,0,42.7445
0,84,103,0,0,42.7386
0,85,103,0,0,42.7328
0,86,103,0,0,42.727
0,87,103,0,0,42.7212
0,88,103,0,0,42.7155
0,89,103,0,0,42.7097
0,90,103,0,0,42.7041
0,91,103,0,0,42.6984
0,92,103,0,0,42.6928
0,93,103,0,0,42.6873
0,94,103,0,0,42.6817
0,95,103,0,0,42.6762
0,96,103,0,1.24031e-06,42.6708
0,97,103,0,0,42.6653
0,98,103,0,0,42.6598
0,99,103,0,0,42.6544
0,100,103,0,0,42.649
0,101,103,0,0,42.6436
0,102,103,0,0,42.6383
0,103,103,0,0,42.633
0,104,103,0,0,42.6277
0,105,103,0,0,42.6225
0,106,103,0,0,42.6174
0,107,103,0,0,42.6122
0,108,103,0,0,42.6071
0,109,103,0,0,42.6021
0,110,103,0,0,42.597
0,111,103,0,0,42.592
0,112,103,0,0,42.5871
0,113,103,0,0,42.5821
0,114,103,0,0,42.5772
0,115,103,0,0,42.5724
0,116,103,0,0,42.5676
0,117,103,0,0,42.5628
0,118,103,0,0,42.558
0,119,103,0,0,42.5533
0,120,103,0,0,42.5486
0,121,103,0,0,42.5439
0,122,103,0,0,42.5393
0,123,103,0,0,42.5347
0,124,103,0,0,42.5302
0,125,103,0,0,42.5256
0,126,103,0,0,42.5211
0,127,103,0,0,42.5167
0,128,103,0,1.24031e-06,42.5122
0,129,103,0,0,42.5077
0,130,103,0,0,42.5033
0,131,103,0,0,42.4988
0,132,103,0,0,42.4944
0,133,103,0,0,42.4901
0,134,103,0,0,42.4857
0,135,103,0,0,42.4814
0,136,103,0,0,42.4772
0,137,103,0,0,42.4729
0,138,103,0,0,42.4687
0,139,103,0,0,42.4645
0,140,103,0,0,42.4604
0,141,103,0,0,42.4563
0,142,103,0,0,42.4522
0,143,103,0,0,42.4482
0,144,103,0,0,42.4442
0,145,103,0,0,42.4402
0,146,103,0,0,42.4362
0,147,103,0,0,42.4323
0,148,103,0,0,42.4284
0,149,103,0,0,42.4246
0,150,103,0,0,42.4208
0,151,103,0,0,42.417
0,152,103,0,0,42.4132
0,153,103,0,0,42.4095
0,154,103,0,0,42.4058
0,155,103,0,0,42.4021
0,156,103,0,0,42.3985
0,157,103,0,0,42.3949
0,158,103,0,0,42.3913
0,159,103,0,0,42.3878
0,160,103,0,1.24031e-06,42.3843
0,161,103,0,0,42.3807
0,162,103,0,0,42.3771
0,163,103,0,0,42.3736
0,164,103,0,0,42.3701
0,165,103,0,0,42.3667
0,166,103,0,0,42.3632
0,167,103,0,0,42.3598
0,168,103,0,0,42.3564
0,169,103,0,0,42.3531
0,170,103,0,0,42.3498
0,171,103,0,0,42.3465
0,172,103,0,0,42.3432
0,173,103,0,0,42.3399
0,174,103,0,0,42.3367
0,175,103,0,0,42.3335
0,176,103,0,0,42.3304
0,177,103,0,0,42.3272
0,178,103,0,0,42.3241
0,179,103,0,0,42.321
0,180,103,0,0,42.318
0,181,103,0,0,42.315
0,182,103,0,0,42.3119
0,183,103,0,0,42.309
0,184,103,0,0,42.306
0,185,103,0,0,42.3031
0,186,103,0,0,42.3002
0,187,103,0,0,42.2973
0,188,103,0,0,42.2945
0,189,103,0,0,42.2916
0,190,103,0,0,42.2889
0,191,103,0,0,42.2861
0,192,103,0,1.24031e-06,42.2834
0,193,103,0,0,42.2805
0,194,103,0,0,42.2778
0,195,103,0,0,42.275
0,196,103,0,0,42.2723
0,197,103,0,0,42.2696
0,198,103,0,0,42.2669
0,199,103,0,0,42.2642
0,200,103,0,0,42.2616
0,201,103,0,0,42.259
0,202,103,0,0,42.2565
0,203,103,0,0,42.254
0,204,103,0,0,42.2515
0,205,103,0,0,42.249
0,206,103,0,0,42.2465
0,207,103,0,0,42.2441
0,208,103,0,0,42.2418
0,209,103,0,0,42.2394
0,210,103,0,0,42.2371
0,211,103,0,0,42.2348
0,212,103,0,0,42.2326
0,213,103,0,0,42.2303
0,214,103,0,0,42.2281
0,215,103,0,0,42.226
0,216,103,0,0,42.2239
0,217,103,0,0,42.2218
0,218,103,0,0,42.2197
0,219,103,0,0,42.2177
0,220,103,0,0,42.2157
0,221,103,0,0,42.2138
0,222,103,0,0,42.2119
0,223,103,0,0,42.21
0,224,103,0,1.24031e-06,42.2082
0,225,103,0,0,42.2063
0,226,103,0,0,42.2045
0,227,103,0,0,42.2027
0,228,103,0,0,42.2009
0,229,103,0,0,42.1992
0,230,103,0,0,42.1975
0,231,103,0,0,42.1959
0,232,103,0,0,42.1943
0,233,103,0,0,42.1928
0,234,103,0,0,42.1913
0,235,103,0,0,42.1899
0,236,103,0,0,42.1886
0,237,103,0,0,42.1872
0,238,103,0,0,42.186
0,239,103,0,0,42.1848
0,240,103,0,0,42.1837
0,241,103,0,0,42.1826
0,242,103,0,0,42.1815
0,243,103,0,0,42.1806
0,244,103,0,0,42.1797
0,245,103,0,0,42.1789
0,246,103,0,0,42.1781
0,247,103,0,0,42.1774
0,248,103,0,0,42.1768
0,249,103,0,0,42.1762
0,250,103,0,0,42.1757
0,251,103,0,0,42.1753
0,252,103,0,0,42.1749
0,253,103,0,0,42.1746
0,254,103,0,0,42.1744
0,255,103,0,0,42.1743
0,0,104,0,1.24031e-06,43.0521
0,1,104,0,0,43.0517
0,2,104,0,0,43.0512
0,3,104,0,0,43.0505
0,4,104,0,0,43.0497
0,5,104,0,0,43.0487
0,6,104,0,0,43.0475
0,7,104,0,0,43.0463
0,8,104,0,0,43.0448
0,9,104,0,0,43.0433
0,10,104,0,0,43.0416
0,11,104,0,0,43.0397
0,12,104,0,0,43.0377
0,13,104,0,0,43.0356
0,14,104,0,0,43.0333
0,15,104,0,0,43.0309
0,16,104,0,0,43.0284
0,17,104,0,0,43.0257
0,18,104,0,0,43.0229
0,19,104,0,0,43.0199
0,20,104,0,0,43.0169
0,21,104,0,0,43.0137
0,22,104,0,0,43.0104
0,23,104,0,0,43.0069
0,24,104,0,0,43.0034
0,25,104,0,0,42.9997
0,26,104,0,0,42.9959
0,27,104,0,0,42.992
0,28,104,0,0,42.988
0,29,104,0,0,42.9839
0,30,104,0,0,42.9797
0,31,104,0,0,42.9754
0,32,104,0,1.24031e-06,42.971
0,33,104,0,0,42.9664
0,34,104,0,0,42.9617
0,35,104,0,0,42.9569
0,36,104,0,0,42.952
0,37,104,0,0,42.9471
0,38,104,0,0,42.9421
0,39,104,0,0,42.937
0,40,104,0,0,42.9318
0,41,104,0,0,42.9266
0,42,104,0,0,42.9213
0,43,104,0,0,42.9159
0,44,104,0,0,42.9105
0,45,104,0,0,42.905
0,46,104,0,0,42.8995
0,47,104,0,0,42.8939
0,48,104,0,0,42.8883
0,49,104,0,0,42.8827
0,50,104,0,0,42.877
0,51,104,0,0,42.8712
0,52,104,0,0,42.8655
0,53,104,0,0,42.8597
0,54,104,0,0,42.8539
0,55,104,0,0,42.848
0,56,104,0,0,42.8422
0,57,104,0,0,42.8363
0,58,104,0,0,42.8304
0,59,104,0,0,42.8245
0,60,104,0,0,42.8185
0,61,104,0,0,42.8126
0,62,104,0,0,42.8067
0,63,104,0,0,42.8007
0,64,104,0,1.24031e-06,42.7948
0,65,104,0,0,42.7887
0,66,104,0,0,42.7827
0,67,104,0,0,42.7767
0,68,104,0,0,42.7706
0,69,104,0,0,42.7646
0,70,104,0,0,42.7586
0,71,104,0,0,42.7526
0,72,104,0,0,42.7466
0,73,104,0,0,42.7406
0,74,104,0,0,42.7347
0,75,104,0,0,42.7287
0,76,104,0,0,42.7228
0,77,104,0,0,42.7169
0,78,104,0,0,42.711
0,79,104,0,0,42.7052
0,80,104,0,0,42.6994
0,81,104,0,0,42.6936
0,82,104,0,0,42.6878
0,83,104,0,0,42.682
0,84,104,0,0,42.6763
0,85,104,0,0,42.6706
0,86,104,0,0,42.665
0,87,104,0,0,42.6594
0,88,104,0,0,42.6538
0,89,104,0,0,42.6482
0,90,104,0,0,42.6427
0,91,104,0,0,42.6372
0,92,104,0,0,42.6318
0,93,104,0,0,42.6264
0,94,104,0,0,42.621
0,95,104,0,0,42.6156
0,96,104,0,1.24031e-06,42.6103
0,97,104,0,0,42.605
0,98,104,0,0,42.5996
0,99,104,0,0,42.5943
0,100,104,0,0,42.5891
0,101,104,0,0,42.5838
0,102,104,0,0,42.5786
0,103,104,0,0,42.5735
0,104,104,0,0,42.5684
0,105,104,0,0,42.5633
0,106,104,0,0,42.5582
0,107,104,0,0,42.5532
0,108,104,0,0,42.5482
0,109,104,0,0,42.5433
0,110,104,0,0,42.5384
0,111,104,0,0,42.5335
0,112,104,0,0,42.5286
0,113,104,0,0,42.5238
0,114,104,0,0,42.5191
0,115,104,0,0,42.5143
0,116,104,0,0,42.5096
0,117,104,0,0,42.5049
0,118,104,0,0,42.5003
0,119,104,0,0,42.4957
0,120,104,0,0,42.4911
0,121,104,0,0,42.4865
0,122,104,0,0,42.482
0,123,104,0,0,42.4775
0,124,104,0,0,42.4731
0,125,104,0,0,42.4686
0,126,104,0,0,42.4643
0,127,104,0,0,42.4599
0,128,104,0,1.24031e-06,42.4556
0,129,104,0,0,42.4512
0,130,104,0,0,42.4468
0,131,104,0,0,42.4425
0,132,104,0,0,42.4382
0,133,104,0,0,42.4339
0,134,104,0,0,42.4297
0,135,104,0,0,42.4255
0,136,104,0,0,42.4213
0,137,104,0,0,42.4172
0,138,104,0,0,42.413
0,139,104,0,0,42.409
0,140,104,0,0,42.4049
0,141,104,0,0,42.4009
0,142,104,0,0,42.3969
0,143,104,0,0,42.393
0,144,104,0,0,42.3891
0,145,104,0,0,42.3852
0,146,104,0,0,42.3813
0,147,104,0,0,42.3775
0,148,104,0,0,42.3737
0,149,104,0,0,42.3699
0,150,104,0,0,42.3662
0,151,104,0,0,42.3625
0,152,104,0,0,42.3588
0,153,104,0,0,42.3552
0,154,104,0,0,42.3516
0,155,104,0,0,42.348
0,156,104,0,0,42.3444
0,157,104,0,0,42.3409
0,158,104,0,0,42.3374
0,159,104,0,0,42.3339
0,160,104,0,1.24031e-06,42.3305
0,161,104,0,0,42.327
0,162,104,0,0,42.3235
0,163,104,0,0,42.3201
0,164,104,0,0,42.3167
0,165,104,0,0,42.3133
0,166,104,0,0,42.3099
0,167,104,0,0,42.3066
0,168,104,0,0,42.3033
0,169,104,0,0,42.3
0,170,104,0,0,42.2968
0,171,104,0,0,42.2935
0,172,104,0,0,42.2903
0,173,104,0,0,42.2872
0,174,104,0,0,42.284
0,175,104,0,0,42.2809
0,176,104,0,0,42.2778
0,177,104,0,0,42.2748
0,178,104,0,0,42.2717
0,179,104,0,0,42.2687
0,180,104,0,0,42.2657
0,181,104,0,0,42.2628
0,182,104,0,0,42.2598
0,183,104,0,0,42.2569
0,184,104,0,0,42.254
0,185,104,0,0,42.2512
0,186,104,0,0,42.2483
0,187,104,0,0,42.2455
0,188,104,0,0,42.2428
0,189,104,0,0,42.24
0,190,104,0,0,42.2373
0,191,104,0,0,42.2346
0,192,104,0,1.24031e-06,42.2319
0,193,104,0,0,42.2292
0,194,104,0,0,42.2265
0,195,104,0,0,42.2238
0,196,104,0,0,42.2211
0,197,104,0,0,42.2185
0,198,104,0,0,42.2159
0,199,104,0,0,42.2133
0,200,104,0,0,42.2108
0,201,104,0,0,42.2083
0,202,104,0,0,42.2058
0,203,104,0,0,42.2033
0,204,104,0,0,42.2009
0,205,104,0,0,42.1985
0,206,104,0,0,42.1961
0,207,104,0,0,42.1938
0,208,104,0,0,42.1914
0,209,104,0,0,42.1892
0,210,104,0,0,42.1869
0,211,104,0,0,42.1847
0,212,104,0,0,42.1825
0,213,104,0,0,42.1804
0,214,104,0,0,42.1782
0,215,104,0,0,42.1761
0,216,104,0,0,42.1741
0,217,104,0,0,42.1721
0,218,104,0,0,42.1701
0,219,104,0,0,42.1681
0,220,104,0,0,42.1662
0,221,104,0,0,42.1643
0,222,104,0,0,42.1625
0,223,104,0,0,42.1607
0,224,104,0,1.24031e-06,42.1589
0,225,104,0,0,42.1571
0,226,104,0,0,42.1553
0,227,104,0,0,42.1536
0,228,104,0,0,42.1519
0,229,104,0,0,42.1503
0,230,104,0,0,42.1487
0,231,104,0,0,42.1471
0,232,104,0,0,42.1456
0,233,104,0,0,42.1441
0,234,104,0,0,42.1427
0,235,104,0,0,42.1413
0,236,104,0,0,42.14
0,237,104,0,0,42.1388
0,238,104,0,0,42.1376
0,239,104,0,0,42.1364
0,240,104,0,0,42.1353
0,241,104,0,0,42.1343
0,242,104,0,0,42.1333
0,243,104,0,0,42.1324
0,244,104,0,0,42.1315
0,245,104,0,0,42.1307
0,246,104,0,0,42.13
0,247,104,0,0,42.1293
0,248,104,0,0,42.1287
0,249,104,0,0,42.1282
0,250,104,0,0,42.1277
0,251,104,0,0,42.1273
0,252,104,0,0,42.127
0,253,104,0,0,42.1267
0,254,104,0,0,42.1265
0,255,104,0,0,42.1264
0,0,105,0,1.24031e-06,42.9795
0,1,105,0,0,42.9791
0,2,105,0,0,42.9786
0,3,105,0,0,42.9779
0,4,105,0,0,42.9771
0,5,105,0,0,42.9762
0,6,105,0,0,42.9751
0,7,105,0,0,42.9739
0,8,105,0,0,42.9725
0,9,105,0,0,42.971
0,10,105,0,0,42.9693
0,11,105,0,0,42.9676
0,12,105,0,0,42.9656
0,13,105,0,0,42.9636
0,14,105,0,0,42.9614
0,15,105,0,0,42.9591
0,16,105,0,0,42.9567
0,17,105,0,0,42.9541
0,18,105,0,0,42.9514
0,19,105,0,0,42.9486
0,20,105,0,0,42.9456
0,21,105,0,0,42.9426
0,22,105,0,0,42.9394
0,23,105,0,0,42.9361
0,24,105,0,0,42.9327
0,25,105,0,0,42.9291
0,26,105,0,0,42.9255
0,27,105,0,0,42.9218
0,28,105,0,0,42.9179
0,29,105,0,0,42.914
0,30,105,0,0,42.9099
0,31,105,0,0,42.9058
0,32,105,0,1.24031e-06,42.9016
0,33,105,0,0,42.8971
0,34,105,0,0,42.8926
0,35,105,0,0,42.888
0,36,105,0,0,42.8834
0,37,105,0,0,42.8786
0,38,105,0,0,42.8738
0,39,105,0,0,42.8689
0,40,105,0,0,42.8639
0,41,105,0,0,42.8589
0,42,105,0,0,42.8538
0,43,105,0,0,42.8486
0,44,105,0,0,42.8434
0,45,105,0,0,42.8382
0,46,105,0,0,42.8329
0,47,105,0,0,42.8275
0,48,105,0,0,42.8221
0,49,105,0,0,42.8166
0,50,105,0,0,42.8112
0,51,105,0,0,42.8056
0,52,105,0,0,42.8001
0,53,105,0,0,42.7945
0,54,105,0,0,42.7889
0,55,105,0,0,42.7833
0,56,105,0,0,42.7776
0,57,105,0,0,42.7719
0,58,105,0,0,42.7662
0,59,105,0,0,42.7605
0,60,105,0,0,42.7548
0,61,105,0,0,42.7491
0,62,105,0,0,42.7433
0,63,105,0,0,42.7376
0,64,105,0,1.24031e-06,42.7318
0,65,105,0,0,42.726
0,66,105,0,0,42.7201
0,67,105,0,0,42.7143
0,68,105,0,0,42.7085
0,69,105,0,0,42.7026
0,70,105,0,0,42.6968
0,71,105,0,0,42.691
0,72,105,0,0,42.6852
0,73,105,0,0,42.6794
0,74,105,0,0,42.6736
0,75,105,0,0,42.6679
0,76,105,0,0,42.6621
0,77,105,0,0,42.6564
0,78,105,0,0,42.6507
0,79,105,0,0,42.645
0,80,105,0,0,42.6394
0,81,105,0,0,42.6337
0,82,105,0,0,42.6281
0,83,105,0,0,42.6226
0,84,105,0,0,42.617
0,85,105,0,0,42.6115
0,86,105,0,0,42.606
0,87,105,0,0,42.6005
0,88,105,0,0,42.5951
0,89,105,0,0,42.5897
0,90,105,0,0,42.5843
0,91,105,0,0,42.579
0,92,105,0,0,42.5737
0,93,105,0,0,42.5684
0,94,105,0,0,42.5632
0,95,105,0,0,42.558
0,96,105,0,1.24031e-06,42.5528
0,97,105,0,0,42.5475
0,98,105,0,0,42.5423
0,99,105,0,0,42.5372
0,100,105,0,0,42.532
0,101,105,0,0,42.5269
0,102,105,0,0,42.5219
0,103,105,0,0,42.5168
0,104,105,0,0,42.5118
0,105,105,0,0,42.5069
0,106,105,0,0,42.5019
0,107,105,0,0,42.497
0,108,105,0,0,42.4922
0,109,105,0,0,42.4873
0,110,105,0,0,42.4825
0,111,105,0,0,42.4778
0,112,105,0,0,42.473
0,113,105,0,0,42.4683
0,114,105,0,0,42.4637
0,115,105,0,0,42.459
0,116,105,0,0,42.4544
0,117,105,0,0,42.4499
0,118,105,0,0,42.4453
0,119,105,0,0,42.4408
0,120,105,0,0,42.4363
0,121,105,0,0,42.4319
0,122,105,0,0,42.4275
0,123,105,0,0,42.4231
0,124,105,0,0,42.4187
0,125,105,0,0,42.4144
0,126,105,0,0,42.4101
0,127,105,0,0,42.4059
0,128,105,0,1.24031e-06,42.4017
0,129,105,0,0,42.3974
0,130,105,0,0,42.3931
0,131,105,0,0,42.3889
0,132,105,0,0,42.3847
0,133,105,0,0,42.3805
0,134,105,0,0,42.3763
0,135,105,0,0,42.3722
0,136,105,0,0,42.3681
0,137,105,0,0,42.3641
0,138,105,0,0,42.3601
0,139,105,0,0,42.3561
0,140,105,0,0,42.3521
0,141,105,0,0,42.3482
0,142,105,0,0,42.3443
0,143,105,0,0,42.3404
0,144,105,0,0,42.3366
0,145,105,0,0,42.3328
0,146,105,0,0,42.329
0,147,105,0,0,42.3253
0,148,105,0,0,42.3216
0,149,105,0,0,42.3179
0,150,105,0,0,42.3142
0,151,105,0,0,42.3106
0,152,105,0,0,42.307
0,153,105,0,0,42.3035
0,154,105,0,0,42.2999
0,155,105,0,0,42.2964
0,156,105,0,0,42.293
0,157,105,0,0,42.2895
0,158,105,0,0,42.2861
0,159,105,0,0,42.2827
0,160,105,0,1.24031e-06,42.2794
0,161,105,0,0,42.2759
0,162,105,0,0,42.2725
0,163,105,0,0,42.2692
0,164,105,0,0,42.2658
0,165,105,0,0,42.2625
0,166,105,0,0,42.2592
0,167,105,0,0,42.256
0,168,105,0,0,42.2527
0,169,105,0,0,42.2495
0,170,105,0,0,42.2463
0,171,105,0,0,42.2432
0,172,105,0,0,42.2401
0,173,105,0,0,42.237
0,174,105,0,0,42.2339
0,175,105,0,0,42.2308
0,176,105,0,0,42.2278
0,177,105,0,0,42.2248
0,178,105,0,0,42.2218
0,179,105,0,0,42.2189
0,180,105,0,0,42.216
0,181,105,0,0,42.2131
0,182,105,0,0,42.2102
0,183,105,0,0,42.2074
0,184,105,0,0,42.2046
0,185,105,0,0,42.2018
0,186,105,0,0,42.199
0,187,105,0,0,42.1963
0,188,105,0,0,42.1936
0,189,105,0,0,42.1909
0,190,105,0,0,42.1882
0,191,105,0,0,42.1856
0,192,105,0,1.24031e-06,42.183
0,193,105,0,0,42.1803
0,194,105,0,0,42.1777
0,195,105,0,0,42.1751
0,196,105,0,0,42.1725
0,197,105,0,0,42.1699
0,198,105,0,0,42.1674
0,199,105,0,0,42.1649
0,200,105,0,0,42.1624
0,201,105,0,0,42.1599
0,202,105,0,0,42.1575
0,203,105,0,0,42.1551
0,204,105,0,0,42.1527
0,205,105,0,0,42.1504
0,206,105,0,0,42.1481
0,207,105,0,0,42.1458
0,208,105,0,0,42.1436
0,209,105,0,0,42.1414
0,210,105,0,0,42.1392
0,211,105,0,0,42.137
0,212,105,0,0,42.1349
0,213,105,0,0,42.1328
0,214,105,0,0,42.1307
0,215,105,0,0,42.1287
0,216,105,0,0,42.1267
0,217,105,0,0,42.1248
0,218,105,0,0,42.1228
0,219,105,0,0,42.121
0,220,105,0,0,42.1191
0,221,105,0,0,42.1173
0,222,105,0,0,42.1155
0,223,105,0,0,42.1138
0,224,105,0,1.24031e-06,42.1121
0,225,105,0,0,42.1103
0,226,105,0,0,42.1086
0,227,105,0,0,42.1069
0,228,105,0,0,42.1053
0,229,105,0,0,42.1037
0,230,105,0,0,42.1021
0,231,105,0,0,42.1006
0,232,105,0,0,42.0992
0,233,105,0,0,42.0978
0,234,105,0,0,42.0964
0,235,105,0,0,42.0951
0,236,105,0,0,42.0938
0,237,105,0,0,42.0926
0,238,105,0,0,42.0915
0,239,105,0,0,42.0904
0,240,105,0,0,42.0893
0,241,105,0,0,42.0883
0,242,105,0,0,42.0874
0,243,105,0,0,42.0865
0,244,105,0,0,42.0857
0,245,105,0,0,42.0849
0,246,105,0,0,42.0842
0,247,105,0,0,42.0836
0,248,105,0,0,42.083
0,249,105,0,0,42.0825
0,250,105,0,0,42.082
0,251,105,0,0,42.0816
0,252,105,0,0,42.0813
0,253,105,0,0,42.0811
0,254,105,0,0,42.0809
0,255,105,0,0,42.0807
0,0,106,0,1.24031e-06,42.9106
0,1,106,0,0,42.9102
0,2,106,0,0,42.9097
0,3,106,0,0,42.9091
0,4,106,0,0,42.9083
0,5,106,0,0,42.9074
0,6,106,0,0,42.9063
0,7,106,0,0,42.9051
0,8,106,0,0,42.9038
0,9,106,0,0,42.9024
0,10,106,0,0,42.9008
0,11,106,0,0,42.8991
0,12,106,0,0,42.8972
0,13,106,0,0,42.8953
0,14,106,0,0,42.8932
0,15,106,0,0,42.891
0,16,106,0,0,42.8886
0,17,106,0,0,42.8861
0,18,106,0,0,42.8836
0,19,106,0,0,42.8809
0,20,106,0,0,42.878
0,21,106,0,0,42.8751
0,22,106,0,0,42.872
0,23,106,0,0,42.8689
0,24,106,0,0,42.8656
0,25,106,0,0,42.8622
0,26,106,0,0,42.8587
0,27,106,0,0,42.8551
0,28,106,0,0,42.8514
0,29,106,0,0,42.8476
0,30,106,0,0,42.8437
0,31,106,0,0,42.8398
0,32,106,0,1.24031e-06,42.8357
0,33,106,0,0,42.8314
0,34,106,0,0,42.8271
0,35,106,0,0,42.8227
0,36,106,0,0,42.8182
0,37,106,0,0,42.8136
0,38,106,0,0,42.809
0,39,106,0,0,42.8043
0,40,106,0,0,42.7995
0,41,106,0,0,42.7946
0,42,106,0,0,42.7897
0,43,106,0,0,42.7848
0,44,106,0,0,42.7797
0,45,106,0,0,42.7747
0,46,106,0,0,42.7696
0,47,106,0,0,42.7644
0,48,106,0,0,42.7592
0,49,106,0,0,42.7539
0,50,106,0,0,42.7486
0,51,106,0,0,42.7433
0,52,106,0,0,42.738
0,53,106,0,0,42.7326
0,54,106,0,0,42.7272
0,55,106,0,0,42.7217
0,56,106,0,0,42.7162
0,57,106,0,0,42.7108
0,58,106,0,0,42.7053
0,59,106,0,0,42.6998
0,60,106,0,0,42.6942
0,61,106,0,0,42.6887
0,62,106,0,0,42.6831
0,63,106,0,0,42.6776
0,64,106,0,1.24031e-06,42.672
0,65,106,0,0,42.6664
0,66,106,0,0,42.6607
0,67,106,0,0,42.655
0,68,106,0,0,42.6494
0,69,106,0,0,42.6437
0,70,106,0,0,42.6381
0,71,106,0,0,42.6324
0,72,106,0,0,42.6268
0,73,106,0,0,42.6212
0,74,106,0,0,42.6156
0,75,106,0,0,42.61
0,76,106,0,0,42.6045
0,77,106,0,0,42.5989
0,78,106,0,0,42.5934
0,79,106,0,0,42.5879
0,80,106,0,0,42.5824
0,81,106,0,0,42.5769
0,82,106,0,0,42.5714
0,83,106,0,0,42.566
0,84,106,0,0,42.5606
0,85,106,0,0,42.5553
0,86,106,0,0,42.5499
0,87,106,0,0,42.5446
0,88,106,0,0,42.5393
0,89,106,0,0,42.534
0,90,106,0,0,42.5288
0,91,106,0,0,42.5236
0,92,106,0,0,42.5184
0,93,106,0,0,42.5133
0,94,106,0,0,42.5082
0,95,106,0,0,42.5031
0,96,106,0,1.24031e-06,42.4981
0,97,106,0,0,42.493
0,98,106,0,0,42.4879
0,99,106,0,0,42.4829
0,100,106,0,0,42.4778
0,101,106,0,0,42.4729
0,102,106,0,0,42.4679
0,103,106,0,0,42.463
0,104,106,0,0,42.4581
0,105,106,0,0,42.4533
0,106,106,0,0,42.4484
0,107,106,0,0,42.4437
0,108,106,0,0,42.4389
0,109,106,0,0,42.4342
0,110,106,0,0,42.4295
0,111,106,0,0,42.4248
0,112,106,0,0,42.4202
0,113,106,0,0,42.4156
0,114,106,0,0,42.4111
0,115,106,0,0,42.4065
0,116,106,0,0,42.402
0,117,106,0,0,42.3976
0,118,106,0,0,42.3931
0,119,106,0,0,42.3887
0,120,106,0,0,42.3843
0,121,106,0,0,42.38
0,122,106,0,0,42.3757
0,123,106,0,0,42.3714
0,124,106,0,0,42.3671
0,125,106,0,0,42.3629
0,126,106,0,0,42.3587
0,127,106,0,0,42.3545
0,128,106,0,1.24031e-06,42.3504
0,129,106,0,0,42.3462
0,130,106,0,0,42.342
0,131,106,0,0,42.3379
0,132,106,0,0,42.3338
0,133,106,0,0,42.3297
0,134,106,0,0,42.3256
0,135,106,0,0,42.3216
0,136,106,0,0,42.3176
0,137,106,0,0,42.3137
0,138,106,0,0,42.3097
0,139,106,0,0,42.3058
0,140,106,0,0,42.302
0,141,106,0,0,42.2981
0,142,106,0,0,42.2943
0,143,106,0,0,42.2905
0,144,106,0,0,42.2868
0,145,106,0,0,42.2831
0,146,106,0,0,42.2794
0,147,106,0,0,42.2757
0,148,106,0,0,42.2721
0,149,106,0,0,42.2685
0,150,106,0,0,42.2649
0,151,106,0,0,42.2614
0,152,106,0,0,42.2578
0,153,106,0,0,42.2543
0,154,106,0,0,42.2509
0,155,106,0,0,42.2475
0,156,106,0,0,42.2441
0,157,106,0,0,42.2407
0,158,106,0,0,42.2374
0,159,106,0,0,42.234
0,160,106,0,1.24031e-06,42.2308
0,161,106,0,0,42.2274
0,162,106,0,0,42.2241
0,163,106,0,0,42.2208
0,164,106,0,0,42.2175
0,165,106,0,0,42.2143
0,166,106,0,0,42.211
0,167,106,0,0,42.2078
0,168,106,0,0,42.2047
0,169,106,0,0,42.2015
0,170,106,0,0,42.1984
0,171,106,0,0,42.1953
0,172,106,0,0,42.1923
0,173,106,0,0,42.1892
0,174,106,0,0,42.1862
0,175,106,0,0,42.1833
0,176,106,0,0,42.1803
0,177,106,0,0,42.1774
0,178,106,0,0,42.1745
0,179,106,0,0,42.1716
0,180,106,0,0,42.1687
0,181,106,0,0,42.1659
0,182,106,0,0,42.1631
0,183,106,0,0,42.1603
0,184,106,0,0,42.1576
0,185,106,0,0,42.1549
0,186,106,0,0,42.1522
0,187,106,0,0,42.1495
0,188,106,0,0,42.1469
0,189,106,0,0,42.1442
0,190,106,0,0,42.1416
0,191,106,0,0,42.1391
0,192,106,0,1.24031e-06,42.1365
0,193,106,0,0,42.1339
0,194,106,0,0,42.1313
0,195,106,0,0,42.1288
0,196,106,0,0,42.1263
0,197,106,0,0,42.1238
0,198,106,0,0,42.1213
0,199,106,0,0,42.1188
0,200,106,0,0,42.1164
0,201,106,0,0,42.114
0,202,106,0,0,42.1117
0,203,106,0,0,42.1093
0,204,106,0,0,42.107
0,205,106,0,0,42.1047
0,206,106,0,0,42.1025
0,207,106,0,0,42.1003
0,208,106,0,0,42.0981
0,209,106,0,0,42.0959
0,210,106,0,0,42.0938
0,211,106,0,0,42.0917
0,212,106,0,0,42.0897
0,213,106,0,0,42.0876
0,214,106,0,0,42.0856
0,215,106,0,0,42.0837
0,216,106,0,0,42.0817
0,217,106,0,0,42.0798
0,218,106,0,0,42.078
0,219,106,0,0,42.0761
0,220,106,0,0,42.0743
0,221,106,0,0,42.0726
0,222,106,0,0,42.0709
0,223,106,0,0,42.0692
0,224,106,0,1.24031e-06,42.0675
0,225,106,0,0,42.0658
0,226,106,0,0,42.0642
0,227,106,0,0,42.0626
0,228,106,0,0,42.061
0,229,106,0,0,42.0594
0,230,106,0,0,42.0579
0,231,106,0,0,42.0565
0,232,106,0,0,42.0551
0,233,106,0,0,42.0537
0,234,106,0,0,42.0524
0,235,106,0,0,42.0511
0,236,106,0,0,42.0499
0,237,106,0,0,42.0488
0,238,106,0,0,42.0477
0,239,106,0,0,42.0466
0,240,106,0,0,42.0456
0,241,106,0,0,42.0446
0,242,106,0,0,42.0437
0,243,106,0,0,42.0429
0,244,106,0,0,42.0421
0,245,106,0,0,42.0414
0,246,106,0,0,42.0407
0,247,106,0,0,42.0401
0,248,106,0,0,42.0395
0,249,106,0,0,42.039
0,250,106,0,0,42.0386
0,251,106,0,0,42.0382
0,252,106,0,0,42.0379
0,253,106,0,0,42.0377
0,254,106,0,0,42.0375
0,255,106,0,0,42.0374
0,0,107,0,1.24031e-06,42.8453
0,1,107,0,0,42.8449
0,2,107,0,0,42.8444
0,3,107,0,0,42.8438
0,4,107,0,0,42.8431
0,5,107,0,0,42.8422
0,6,107,0,0,42.8412
0,7,107,0,0,42.84
0,8,107,0,0,42.8388
0,9,107,0,0,42.8374
0,10,107,0,0,42.8359
0,11,107,0,0,42.8342
0,12,107,0,0,42.8324
0,13,107,0,0,42.8306
0,14,107,0,0,42.8285
0,15,107,0,0,42.8264
0,16,107,0,0,42.8241
0,17,107,0,0,42.8218
0,18,107,0,0,42.8193
0,19,107,0,0,42.8167
0,20,107,0,0,42.814
0,21,107,0,0,42.8111
0,22,107,0,0,42.8082
0,23,107,0,0,42.8051
0,24,107,0,0,42.802
0,25,107,0,0,42.7987
0,26,107,0,0,42.7954
0,27,107,0,0,42.7919
0,28,107,0,0,42.7884
0,29,107,0,0,42.7847
0,30,107,0,0,42.781
0,31,107,0,0,42.7772
0,32,107,0,1.24031e-06,42.7733
0,33,107,0,0,42.7692
0,34,107,0,0,42.765
0,35,107,0,0,42.7607
0,36,107,0,0,42.7564
0,37,107,0,0,42.752
0,38,107,0,0,42.7475
0,39,107,0,0,42.743
0,40,107,0,0,42.7384
0,41,107,0,0,42.7337
0,42,107,0,0,42.729
0,43,107,0,0,42.7242
0,44,107,0,0,42.7193
0,45,107,0,0,42.7145
0,46,107,0,0,42.7095
0,47,107,0,0,42.7045
0,48,107,0,0,42.6995
0,49,107,0,0,42.6944
0,50,107,0,0,42.6893
0,51,107,0,0,42.6842
0,52,107,0,0,42.679
0,53,107,0,0,42.6738
0,54,107,0,0,42.6686
0,55,107,0,0,42.6633
0,56,107,0,0,42.6581
0,57,107,0,0,42.6528
0,58,107,0,0,42.6474
0,59,107,0,0,42.6421
0,60,107,0,0,42.6368
0,61,107,0,0,42.6314
0,62,107,0,0,42.626
0,63,107,0,0,42.6207
0,64,107,0,1.24031e-06,42.6153
0,65,107,0,0,42.6098
0,66,107,0,0,42.6043
0,67,107,0,0,42.5988
0,68,107,0,0,42.5933
0,69,107,0,0,42.5878
0,70,107,0,0,42.5824
0,71,107,0,0,42.5769
0,72,107,0,0,42.5714
0,73,107,0,0,42.566
0,74,107,0,0,42.5606
0,75,107,0,0,42.5551
0,76,107,0,0,42.5497
0,77,107,0,0,42.5443
0,78,107,0,0,42.539
0,79,107,0,0,42.5336
0,80,107,0,0,42.5283
0,81,107,0,0,42.5229
0,82,107,0,0,42.5176
0,83,107,0,0,42.5124
0,84,107,0,0,42.5071
0,85,107,0,0,42.5019
0,86,107,0,0,42.4967
0,87,107,0,0,42.4915
0,88,107,0,0,42.4864
0,89,107,0,0,42.4812
0,90,107,0,0,42.4761
0,91,107,0,0,42.4711
0,92,107,0,0,42.466
0,93,107,0,0,42.461
0,94,107,0,0,42.4561
0,95,107,0,0,42.4511
0,96,107,0,1.24031e-06,42.4462
0,97,107,0,0,42.4412
0,98,107,0,0,42.4362
0,99,107,0,0,42.4313
0,100,107,0,0,42.4264
0,101,107,0,0,42.4215
0,102,107,0,0,42.4167
0,103,107,0,0,42.4119
0,104,107,0,0,42.4071
0,105,107,0,0,42.4024
0,106,107,0,0,42.3977
0,107,107,0,0,42.393
0,108,107,0,0,42.3884
0,109,107,0,0,42.3838
0,110,107,0,0,42.3792
0,111,107,0,0,42.3746
0,112,107,0,0,42.3701
0,113,107,0,0,42.3656
0,114,107,0,0,42.3611
0,115,107,0,0,42.3567
0,116,107,0,0,42.3523
0,117,107,0,0,42.3479
0,118,107,0,0,42.3436
0,119,107,0,0,42.3393
0,120,107,0,0,42.335
0,121,107,0,0,42.3307
0,122,107,0,0,42.3265
0,123,107,0,0,42.3223
0,124,107,0,0,42.3182
0,125,107,0,0,42.314
0,126,107,0,0,42.3099
0,127,107,0,0,42.3058
0,128,107,0,1.24031e-06,42.3018
0,129,107,0,0,42.2977
0,130,107,0,0,42.2936
0,131,107,0,0,42.2895
0,132,107,0,0,42.2855
0,133,107,0,0,42.2815
0,134,107,0,0,42.2776
0,135,107,0,0,42.2736
0,136,107,0,0,42.2697
0,137,107,0,0,42.2658
0,138,107,0,0,42.262
0,139,107,0,0,42.2582
0,140,107,0,0,42.2544
0,141,107,0,0,42.2506
0,142,107,0,0,42.2469
0,143,107,0,0,42.2432
0,144,107,0,0,42.2395
0,145,107,0,0,42.2359
0,146,107,0,0,42.2322
0,147,107,0,0,42.2287
0,148,107,0,0,42.2251
0,149,107,0,0,42.2216
0,150,107,0,0,42.2181
0,151,107,0,0,42.2146
0,152,107,0,0,42.2112
0,153,107,0,0,42.2078
0,154,107,0,0,42.2044
0,155,107,0,0,42.201
0,156,107,0,0,42.1977
0,157,107,0,0,42.1944
0,158,107,0,0,42.1911
0,159,107,0,0,42.1879
0,160,107,0,1.24031e-06,42.1847
0,161,107,0,0,42.1814
0,162,107,0,0,42.1781
0,163,107,0,0,42.1749
0,164,107,0,0,42.1717
0,165,107,0,0,42.1685
0,166,107,0,0,42.1653
0,167,107,0,0,42.1622
0,168,107,0,0,42.1591
0,169,107,0,0,42.156
0,170,107,0,0,42.153
0,171,107,0,0,42.15
0,172,107,0,0,42.147
0,173,107,0,0,42.144
0,174,107,0,0,42.141
0,175,107,0,0,42.1381
0,176,107,0,0,42.1352
0,177,107,0,0,42.1324
0,178,107,0,0,42.1295
0,179,107,0,0,42.1267
0,180,107,0,0,42.1239
0,181,107,0,0,42.1212
0,182,107,0,0,42.1184
0,183,107,0,0,42.1157
0,184,107,0,0,42.113
0,185,107,0,0,42.1104
0,186,107,0,0,42.1077
0,187,107,0,0,42.1051
0,188,107,0,0,42.1025
0,189,107,0,0,42.1
0,190,107,0,0,42.0974
0,191,107,0,0,42.0949
0,192,107,0,1.24031e-06,42.0925
0,193,107,0,0,42.0899
0,194,107,0,0,42.0874
0,195,107,0,0,42.0849
0,196,107,0,0,42.0824
0,197,107,0,0,42.08
0,198,107,0,0,42.0776
0,199,107,0,0,42.0752
0,200,107,0,0,42.0728
0,201,107,0,0,42.0705
0,202,107,0,0,42.0682
0,203,107,0,0,42.0659
0,204,107,0,0,42.0636
0,205,107,0,0,42.0614
0,206,107,0,0,42.0592
0,207,107,0,0,42.0571
0,208,107,0,0,42.0549
0,209,107,0,0,42.0528
0,210,107,0,0,42.0508
0,211,107,0,0,42.0487
0,212,107,0,0,42.0467
0,213,107,0,0,42.0448
0,214,107,0,0,42.0428
0,215,107,0,0,42.0409
0,216,107,0,0,42.039
0,217,107,0,0,42.0372
0,218,107,0,0,42.0354
0,219,107,0,0,42.0336
0,220,107,0,0,42.0319
0,221,107,0,0,42.0302
0,222,107,0,0,42.0285
0,223,107,0,0,42.0269
0,224,107,0,1.24031e-06,42.0253
0,225,107,0,0,42.0236
0,226,107,0,0,42.022
0,227,107,0,0,42.0205
0,228,107,0,0,42.0189
0,229,107,0,0,42.0174
0,230,107,0,0,42.016
0,231,107,0,0,42.0146
0,232,107,0,0,42.0132
0,233,107,0,0,42.0119
0,234,107,0,0,42.0107
0,235,107,0,0,42.0094
0,236,107,0,0,42.0083
0,237,107,0,0,42.0072
0,238,107,0,0,42.0061
0,239,107,0,0,42.0051
0,240,107,0,0,42.0041
0,241,107,0,0,42.0032
0,242,107,0,0,42.0023
0,243,107,0,0,42.0015
0,244,107,0,0,42.0007
0,245,107,0,0,42
0,246,107,0,0,41.9994
0,247,107,0,0,41.9988
0,248,107,0,0,41.9983
0,249,107,0,0,41.9978
0,250,107,0,0,41.9974
0,251,107,0,0,41.997
0,252,107,0,0,41.9967
0,253,107,0,0,41.9965
0,254,107,0,0,41.9963
0,255,107,0,0,41.9962
0,0,108,0,1.24031e-06,42.7835
0,1,108,0,0,42.7832
0,2,108,0,0,42.7827
0,3,108,0,0,42.7821
0,4,108,0,0,42.7814
0,5,108,0,0,42.7805
0,6,108,0,0,42.7796
0,7,108,0,0,42.7785
0,8,108,0,0,42.7772
0,9,108,0,0,42.7759
0,10,108,0,0,42.7744
0,11,108,0,0,42.7728
0,12,108,0,0,42.7711
0,13,108,0,0,42.7693
0,14,108,0,0,42.7674
0,15,108,0,0,42.7653
0,16,108,0,0,42.7631
0,17,108,0,0,42.7609
0,18,108,0,0,42.7585
0,19,108,0,0,42.756
0,20,108,0,0,42.7533
0,21,108,0,0,42.7506
0,22,108,0,0,42.7478
0,23,108,0,0,42.7449
0,24,108,0,0,42.7418
0,25,108,0,0,42.7387
0,26,108,0,0,42.7355
0,27,108,0,0,42.7321
0,28,108,0,0,42.7287
0,29,108,0,0,42.7252
0,30,108,0,0,42.7216
0,31,108,0,0,42.7179
0,32,108,0,1.24031e-06,42.7142
0,33,108,0,0,42.7102
0,34,108,0,0,42.7062
0,35,108,0,0,42.7021
0,36,108,0,0,42.6979
0,37,108,0,0,42.6937
0,38,108,0,0,42.6894
0,39,108,0,0,42.685
0,40,108,0,0,42.6805
0,41,108,0,0,42.676
0,42,108,0,0,42.6715
0,43,108,0,0,42.6668
0,44,108,0,0,42.6622
0,45,108,0,0,42.6575
0,46,108,0,0,42.6527
0,47,108,0,0,42.6479
0,48,108,0,0,42.643
0,49,108,0,0,42.6381
0,50,108,0,0,42.6332
0,51,108,0,0,42.6282
0,52,108,0,0,42.6232
0,53,108,0,0,42.6182
0,54,108,0,0,42.6131
0,55,108,0,0,42.6081
0,56,108,0,0,42.6029
0,57,108,0,0,42.5978
0,58,108,0,0,42.5927
0,59,108,0,0,42.5875
0,60,108,0,0,42.5823
0,61,108,0,0,42.5771
0,62,108,0,0,42.5719
0,63,108,0,0,42.5667
0,64,108,0,1.24031e-06,42.5615
0,65,108,0,0,42.5562
0,66,108,0,0,42.5509
0,67,108,0,0,42.5456
0,68,108,0,0,42.5402
0,69,108,0,0,42.5349
0,70,108,0,0,42.5296
0,71,108,0,0,42.5243
0,72,108,0,0,42.519
0,73,108,0,0,42.5137
0,74,108,0,0,42.5084
0,75,108,0,0,42.5031
0,76,108,0,0,42.4979
0,77,108,0,0,42.4926
0,78,108,0,0,42.4874
0,79,108,0,0,42.4822
0,80,108,0,0,42.477
0,81,108,0,0,42.4718
0,82,108,0,0,42.4667
0,83,108,0,0,42.4615
0,84,108,0,0,42.4564
0,85,108,0,0,42.4513
0,86,108,0,0,42.4463
0,87,108,0,0,42.4412
0,88,108,0,0,42.4362
0,89,108,0,0,42.4312
0,90,108,0,0,42.4262
0,91,108,0,0,42.4213
0,92,108,0,0,42.4164
0,93,108,0,0,42.4115
0,94,108,0,0,42.4066
0,95,108,0,0,42.4018
0,96,108,0,1.24031e-06,42.397
0,97,108,0,0,42.3921
0,98,108,0,0,42.3873
0,99,108,0,0,42.3825
0,100,108,0,0,42.3777
0,101,108,0,0,42.3729
0,102,108,0,0,42.3682
0,103,108,0,0,42.3635
0,104,108,0,0,42.3589
0,105,108,0,0,42.3542
0,106,108,0,0,42.3496
0,107,108,0,0,42.345
0,108,108,0,0,42.3405
0,109,108,0,0,42.336
0,110,108,0,0,42.3315
0,111,108,0,0,42.327
0,112,108,0,0,42.3226
0,113,108,0,0,42.3182
0,114,108,0,0,42.3138
0,115,108,0,0,42.3095
0,116,108,0,0,42.3052
0,117,108,0,0,42.3009
0,118,108,0,0,42.2967
0,119,108,0,0,42.2924
0,120,108,0,0,42.2882
0,121,108,0,0,42.2841
0,122,108,0,0,42.28
0,123,108,0,0,42.2758
0,124,108,0,0,42.2718
0,125,108,0,0,42.2677
0,126,108,0,0,42.2637
0,127,108,0,0,42.2597
0,128,108,0,1.24031e-06,42.2558
0,129,108,0,0,42.2517
0,130,108,0,0,42.2477
0,131,108,0,0,42.2438
0,132,108,0,0,42.2398
0,133,108,0,0,42.2359
0,134,108,0,0,42.232
0,135,108,0,0,42.2282
0,136,108,0,0,42.2243
0,137,108,0,0,42.2205
0,138,108,0,0,42.2168
0,139,108,0,0,42.213
0,140,108,0,0,42.2093
0,141,108,0,0,42.2056
0,142,108,0,0,42.202
0,143,108,0,0,42.1983
0,144,108,0,0,42.1947
0,145,108,0,0,42.1912
0,146,108,0,0,42.1876
0,147,108,0,0,42.1841
0,148,108,0,0,42.1806
0,149,108,0,0,42.1772
0,150,108,0,0,42.1737
0,151,108,0,0,42.1703
0,152,108,0,0,42.167
0,153,108,0,0,42.1636
0,154,108,0,0,42.1603
0,155,108,0,0,42.157
0,156,108,0,0,42.1538
0,157,108,0,0,42.1505
0,158,108,0,0,42.1473
0,159,108,0,0,42.1441
0,160,108,0,1.24031e-06,42.141
0,161,108,0,0,42.1378
0,162,108,0,0,42.1346
0,163,108,0,0,42.1314
0,164,108,0,0,42.1282
0,165,108,0,0,42.1251
0,166,108,0,0,42.122
0,167,108,0,0,42.119
0,168,108,0,0,42.1159
0,169,108,0,0,42.1129
0,170,108,0,0,42.1099
0,171,108,0,0,42.107
0,172,108,0,0,42.104
0,173,108,0,0,42.1011
0,174,108,0,0,42.0983
0,175,108,0,0,42.0954
0,176,108,0,0,42.0926
0,177,108,0,0,42.0898
0,178,108,0,0,42.087
0,179,108,0,0,42.0842
0,180,108,0,0,42.0815
0,181,108,0,0,42.0788
0,182,108,0,0,42.0761
0,183,108,0,0,42.0734
0,184,108,0,0,42.0708
0,185,108,0,0,42.0682
0,186,108,0,0,42.0656
0,187,108,0,0,42.0631
0,188,108,0,0,42.0606
0,189,108,0,0,42.0581
0,190,108,0,0,42.0556
0,191,108,0,0,42.0531
0,192,108,0,1.24031e-06,42.0507
0,193,108,0,0,42.0482
0,194,108,0,0,42.0458
0,195,108,0,0,42.0433
0,196,108,0,0,42.0409
0,197,108,0,0,42.0385
0,198,108,0,0,42.0361
0,199,108,0,0,42.0338
0,200,108,0,0,42.0315
0,201,108,0,0,42.0292
0,202,108,0,0,42.027
0,203,108,0,0,42.0248
0,204,108,0,0,42.0226
0,205,108,0,0,42.0204
0,206,108,0,0,42.0183
0,207,108,0,0,42.0162
0,208,108,0,0,42.0141
0,209,108,0,0,42.012
0,210,108,0,0,42.01
0,211,108,0,0,42.008
0,212,108,0,0,42.0061
0,213,108,0,0,42.0042
0,214,108,0,0,42.0023
0,215,108,0,0,42.0004
0,216,108,0,0,41.9986
0,217,108,0,0,41.9968
0,218,108,0,0,41.9951
0,219,108,0,0,41.9933
0,220,108,0,0,41.9917
0,221,108,0,0,41.99
0,222,108,0,0,41.9884
0,223,108,0,0,41.9868
0,224,108,0,1.24031e-06,41.9853
0,225,108,0,0,41.9837
0,226,108,0,0,41.9821
0,227,108,0,0,41.9806
0,228,108,0,0,41.9791
0,229,108,0,0,41.9777
0,230,108,0,0,41.9763
0,231,108,0,0,41.9749
0,232,108,0,0,41.9736
0,233,108,0,0,41.9723
0,234,108,0,0,41.9711
0,235,108,0,0,41.9699
0,236,108,0,0,41.9688
0,237,108,0,0,41.9677
0,238,108,0,0,41.9667
0,239,108,0,0,41.9657
0,240,108,0,0,41.9648
0,241,108,0,0,41.9639
0,242,108,0,0,41.9631
0,243,108,0,0,41.9623
0,244,108,0,0,41.9615
0,245,108,0,0,41.9609
0,246,108,0,0,41.9602
0,247,108,0,0,41.9597
0,248,108,0,0,41.9592
0,249,108,0,0,41.9587
0,250,108,0,0,41.9583
0,251,108,0,0,41.958
0,252,108,0,0,41.9577
0,253,108,0,0,41.9574
0,254,108,0,0,41.9573
0,255,108,0,0,41.9572
0,0,109,0,1.24031e-06,42.7252
0,1,109,0,0,42.7249
0,2,109,0,0,42.7244
0,3,109,0,0,42.7239
0,4,109,0,0,42.7231
0,5,109,0,0,42.7223
0,6,109,0,0,42.7214
0,7,109,0,0,42.7203
0,8,109,0,0,42.7191
0,9,109,0,0,42.7178
0,10,109,0,0,42.7164
0,11,109,0,0,42.7149
0,12,109,0,0,42.7133
0,13,109,0,0,42.7115
0,14,109,0,0,42.7096
0,15,109,0,0,42.7077
0,16,109,0,0,42.7056
0,17,109,0,0,42.7034
0,18,109,0,0,42.701
0,19,109,0,0,42.6986
0,20,109,0,0,42.6961
0,21,109,0,0,42.6935
0,22,109,0,0,42.6908
0,23,109,0,0,42.6879
0,24,109,0,0,42.685
0,25,109,0,0,42.682
0,26,109,0,0,42.6789
0,27,109,0,0,42.6757
0,28,109,0,0,42.6724
0,29,109,0,0,42.669
0,30,109,0,0,42.6655
0,31,109,0,0,42.662
0,32,109,0,1.24031e-06,42.6584
0,33,109,0,0,42.6545
0,34,109,0,0,42.6507
0,35,109,0,0,42.6467
0,36,109,0,0,42.6427
0,37,109,0,0,42.6386
0,38,109,0,0,42.6344
0,39,109,0,0,42.6302
0,40,109,0,0,42.6259
0,41,109,0,0,42.6215
0,42,109,0,0,42.6171
0,43,109,0,0,42.6127
0,44,109,0,0,42.6082
0,45,109,0,0,42.6036
0,46,109,0,0,42.599
0,47,109,0,0,42.5943
0,48,109,0,0,42.5896
0,49,109,0,0,42.5849
0,50,109,0,0,42.5801
0,51,109,0,0,42.5753
0,52,109,0,0,42.5705
0,53,109,0,0,42.5656
0,54,109,0,0,42.5607
0,55,109,0,0,42.5558
0,56,109,0,0,42.5509
0,57,109,0,0,42.5459
0,58,109,0,0,42.5409
0,59,109,0,0,42.5359
0,60,109,0,0,42.5309
0,61,109,0,0,42.5259
0,62,109,0,0,42.5208
0,63,109,0,0,42.5158
0,64,109,0,1.24031e-06,42.5107
0,65,109,0,0,42.5055
0,66,109,0,0,42.5004
0,67,109,0,0,42.4952
0,68,109,0,0,42.49
0,69,109,0,0,42.4849
0,70,109,0,0,42.4797
0,71,109,0,0,42.4745
0,72,109,0,0,42.4694
0,73,109,0,0,42.4643
0,74,109,0,0,42.4591
0,75,109,0,0,42.454
0,76,109,0,0,42.4489
0,77,109,0,0,42.4438
0,78,109,0,0,42.4387
0,79,109,0,0,42.4336
0,80,109,0,0,42.4285
0,81,109,0,0,42.4235
0,82,109,0,0,42.4185
0,83,109,0,0,42.4135
0,84,109,0,0,42.4085
0,85,109,0,0,42.4035
0,86,109,0,0,42.3986
0,87,109,0,0,42.3937
0,88,109,0,0,42.3888
0,89,109,0,0,42.3839
0,90,109,0,0,42.3791
0,91,109,0,0,42.3742
0,92,109,0,0,42.3694
0,93,109,0,0,42.3647
0,94,109,0,0,42.3599
0,95,109,0,0,42.3552
0,96,109,0,1.24031e-06,42.3505
0,97,109,0,0,42.3458
0,98,109,0,0,42.341
0,99,109,0,0,42.3363
0,100,109,0,0,42.3316
0,101,109,0,0,42.327
0,102,109,0,0,42.3224
0,103,109,0,0,42.3178
0,104,109,0,0,42.3132
0,105,109,0,0,42.3087
0,106,109,0,0,42.3042
0,107,109,0,0,42.2997
0,108,109,0,0,42.2952
0,109,109,0,0,42.2908
0,110,109,0,0,42.2864
0,111,109,0,0,42.2821
0,112,109,0,0,42.2777
0,113,109,0,0,42.2734
0,114,109,0,0,42.2691
0,115,109,0,0,42.2649
0,116,109,0,0,42.2607
0,117,109,0,0,42.2565
0,118,109,0,0,42.2523
0,119,109,0,0,42.2482
0,120,109,0,0,42.2441
0,121,109,0,0,42.24
0,122,109,0,0,42.2359
0,123,109,0,0,42.2319
0,124,109,0,0,42.2279
0,125,109,0,0,42.224
0,126,109,0,0,42.22
0,127,109,0,0,42.2161
0,128,109,0,1.24031e-06,42.2122
0,129,109,0,0,42.2083
0,130,109,0,0,42.2044
0,131,109,0,0,42.2005
0,132,109,0,0,42.1966
0,133,109,0,0,42.1928
0,134,109,0,0,42.189
0,135,109,0,0,42.1852
0,136,109,0,0,42.1814
0,137,109,0,0,42.1777
0,138,109,0,0,42.174
0,139,109,0,0,42.1703
0,140,109,0,0,42.1667
0,141,109,0,0,42.1631
0,142,109,0,0,42.1595
0,143,109,0,0,42.1559
0,144,109,0,0,42.1524
0,145,109,0,0,42.1489
0,146,109,0,0,42.1454
0,147,109,0,0,42.142
0,148,109,0,0,42.1386
0,149,109,0,0,42.1352
0,150,109,0,0,42.1318
0,151,109,0,0,42.1285
0,152,109,0,0,42.1252
0,153,109,0,0,42.1219
0,154,109,0,0,42.1187
0,155,109,0,0,42.1154
0,156,109,0,0,42.1122
0,157,109,0,0,42.1091
0,158,109,0,0,42.1059
0,159,109,0,0,42.1028
0,160,109,0,1.24031e-06,42.0997
0,161,109,0,0,42.0965
0,162,109,0,0,42.0934
0,163,109,0,0,42.0903
0,164,109,0,0,42.0872
0,165,109,0,0,42.0842
0,166,109,0,0,42.0811
0,167,109,0,0,42.0781
0,168,109,0,0,42.0751
0,169,109,0,0,42.0722
0,170,109,0,0,42.0693
0,171,109,0,0,42.0664
0,172,109,0,0,42.0635
0,173,109,0,0,42.0606
0,174,109,0,0,42.0578
0,175,109,0,0,42.055
0,176,109,0,0,42.0522
0,177,109,0,0,42.0495
0,178,109,0,0,42.0468
0,179,109,0,0,42.0441
0,180,109,0,0,42.0414
0,181,109,0,0,42.0387
0,182,109,0,0,42.0361
0,183,109,0,0,42.0335
0,184,109,0,0,42.0309
0,185,109,0,0,42.0284
0,186,109,0,0,42.0259
0,187,109,0,0,42.0234
0,188,109,0,0,42.0209
0,189,109,0,0,42.0184
0,190,109,0,0,42.016
0,191,109,0,0,42.0136
0,192,109,0,1.24031e-06,42.0113
0,193,109,0,0,42.0088
0,194,109,0,0,42.0064
0,195,109,0,0,42.004
0,196,109,0,0,42.0017
0,197,109,0,0,41.9993
0,198,109,0,0,41.997
0,199,109,0,0,41.9947
0,200,109,0,0,41.9925
0,201,109,0,0,41.9903
0,202,109,0,0,41.9881
0,203,109,0,0,41.9859
0,204,109,0,0,41.9837
0,205,109,0,0,41.9816
0,206,109,0,0,41.9796
0,207,109,0,0,41.9775
0,208,109,0,0,41.9755
0,209,109,0,0,41.9735
0,210,109,0,0,41.9715
0,211,109,0,0,41.9696
0,212,109,0,0,41.9677
0,213,109,0,0,41.9658
0,214,109,0,0,41.964
0,215,109,0,0,41.9622
0,216,109,0,0,41.9604
0,217,109,0,0,41.9587
0,218,109,0,0,41.9569
0,219,109,0,0,41.9553
0,220,109,0,0,41.9536
0,221,109,0,0,41.952
0,222,109,0,0,41.9505
0,223,109,0,0,41.9489
0,224,109,0,1.24031e-06,41.9474
0,225,109,0,0,41.9459
0,226,109,0,0,41.9444
0,227,109,0,0,41.9429
0,228,109,0,0,41.9415
0,229,109,0,0,41.9401
0,230,109,0,0,41.9387
0,231,109,0,0,41.9374
0,232,109,0,0,41.9361
0,233,109,0,0,41.9349
0,234,109,0,0,41.9337
0,235,109,0,0,41.9326
0,236,109,0,0,41.9315
0,237,109,0,0,41.9304
0,238,109,0,0,41.9294
0,239,109,0,0,41.9285
0,240,109,0,0,41.9276
0,241,109,0,0,41.9267
0,242,109,0,0,41.9259
0,243,109,0,0,41.9252
0,244,109,0,0,41.9245
0,245,109,0,0,41.9238
0,246,109,0,0,41.9232
0,247,109,0,0,41.9227
0,248,109,0,0,41.9222
0,249,109,0,0,41.9217
0,250,109,0,0,41.9214
0,251,109,0,0,41.921
0,252,109,0,0,41.9208
0,253,109,0,0,41.9205
0,254,109,0,0,41.9204
0,255,109,0,0,41.9203
0,0,110,0,1.24031e-06,42.6703
0,1,110,0,0,42.67
0,2,110,0,0,42.6695
0,3,110,0,0,42.669
0,4,110,0,0,42.6683
0,5,110,0,0,42.6675
0,6,110,0,0,42.6666
0,7,110,0,0,42.6655
0,8,110,0,0,42.6644
0,9,110,0,0,42.6632
0,10,110,0,0,42.6618
0,11,110,0,0,42.6603
0,12,110,0,0,42.6587
0,13,110,0,0,42.657
0,14,110,0,0,42.6552
0,15,110,0,0,42.6533
0,16,110,0,0,42.6513
0,17,110,0,0,42.6492
0,18,110,0,0,42.6469
0,19,110,0,0,42.6446
0,20,110,0,0,42.6422
0,21,110,0,0,42.6396
0,22,110,0,0,42.637
0,23,110,0,0,42.6343
0,24,110,0,0,42.6315
0,25,110,0,0,42.6286
0,26,110,0,0,42.6256
0,27,110,0,0,42.6225
0,28,110,0,0,42.6193
0,29,110,0,0,42.616
0,30,110,0,0,42.6127
0,31,110,0,0,42.6093
0,32,110,0,1.24031e-06,42.6057
0,33,110,0,0,42.6021
0,34,110,0,0,42.5983
0,35,110,0,0,42.5945
0,36,110,0,0,42.5906
0,37,110,0,0,42.5866
0,38,110,0,0,42.5826
0,39,110,0,0,42.5785
0,40,110,0,0,42.5744
0,41,110,0,0,42.5702
0,42,110,0,0,42.5659
0,43,110,0,0,42.5616
0,44,110,0,0,42.5572
0,45,110,0,0,42.5528
0,46,110,0,0,42.5483
0,47,110,0,0,42.5438
0,48,110,0,0,42.5393
0,49,110,0,0,42.5347
0,50,110,0,0,42.5301
0,51,110,0,0,42.5254
0,52,110,0,0,42.5208
0,53,110,0,0,42.516
0,54,110,0,0,42.5113
0,55,110,0,0,42.5065
0,56,110,0,0,42.5017
0,57,110,0,0,42.4969
0,58,110,0,0,42.4921
0,59,110,0,0,42.4872
0,60,110,0,0,42.4824
0,61,110,0,0,42.4775
0,62,110,0,0,42.4726
0,63,110,0,0,42.4677
0,64,110,0,1.24031e-06,42.4628
0,65,110,0,0,42.4578
0,66,110,0,0,42.4527
0,67,110,0,0,42.4477
0,68,110,0,0,42.4427
0,69,110,0,0,42.4377
0,70,110,0,0,42.4326
0,71,110,0,0,42.4276
0,72,110,0,0,42.4226
0,73,110,0,0,42.4176
0,74,110,0,0,42.4126
0,75,110,0,0,42.4076
0,76,110,0,0,42.4026
0,77,110,0,0,42.3977
0,78,110,0,0,42.3927
0,79,110,0,0,42.3878
0,80,110,0,0,42.3828
0,81,110,0,0,42.3779
0,82,110,0,0,42.373
0,83,110,0,0,42.3681
0,84,110,0,0,42.3633
0,85,110,0,0,42.3584
0,86,110,0,0,42.3536
0,87,110,0,0,42.3488
0,88,110,0,0,42.344
0,89,110,0,0,42.3393
0,90,110,0,0,42.3345
0,91,110,0,0,42.3298
0,92,110,0,0,42.3252
0,93,110,0,0,42.3205
0,94,110,0,0,42.3159
0,95,110,0,0,42.3112
0,96,110,0,1.24031e-06,42.3067
0,97,110,0,0,42.302
0,98,110,0,0,42.2974
0,99,110,0,0,42.2928
0,100,110,0,0,42.2882
0,101,110,0,0,42.2836
0,102,110,0,0,42.2791
0,103,110,0,0,42.2746
0,104,110,0,0,42.2701
0,105,110,0,0,42.2657
0,106,110,0,0,42.2613
0,107,110,0,0,42.2569
0,108,110,0,0,42.2525
0,109,110,0,0,42.2482
0,110,110,0,0,42.2439
0,111,110,0,0,42.2396
0,112,110,0,0,42.2354
0,113,110,0,0,42.2312
0,114,110,0,0,42.227
0,115,110,0,0,42.2228
0,116,110,0,0,42.2187
0,117,110,0,0,42.2145
0,118,110,0,0,42.2105
0,119,110,0,0,42.2064
0,120,110,0,0,42.2024
0,121,110,0,0,42.1984
0,122,110,0,0,42.1944
0,123,110,0,0,42.1905
0,124,110,0,0,42.1866
0,125,110,0,0,42.1827
0,126,110,0,0,42.1788
0,127,110,0,0,42.175
0,128,110,0,1.24031e-06,42.1712
0,129,110,0,0,42.1673
0,130,110,0,0,42.1635
0,131,110,0,0,42.1596
0,132,110,0,0,42.1558
0,133,110,0,0,42.1521
0,134,110,0,0,42.1483
0,135,110,0,0,42.1446
0,136,110,0,0,42.141
0,137,110,0,0,42.1373
0,138,110,0,0,42.1337
0,139,110,0,0,42.1301
0,140,110,0,0,42.1265
0,141,110,0,0,42.123
0,142,110,0,0,42.1194
0,143,110,0,0,42.116
0,144,110,0,0,42.1125
0,145,110,0,0,42.1091
0,146,110,0,0,42.1056
0,147,110,0,0,42.1023
0,148,110,0,0,42.0989
0,149,110,0,0,42.0956
0,150,110,0,0,42.0923
0,151,110,0,0,42.089
0,152,110,0,0,42.0858
0,153,110,0,0,42.0826
0,154,110,0,0,42.0794
0,155,110,0,0,42.0762
0,156,110,0,0,42.0731
0,157,110,0,0,42.07
0,158,110,0,0,42.0669
0,159,110,0,0,42.0638
0,160,110,0,1.24031e-06,42.0608
0,161,110,0,0,42.0577
0,162,110,0,0,42.0546
0,163,110,0,0,42.0515
0,164,110,0,0,42.0485
0,165,110,0,0,42.0455
0,166,110,0,0,42.0425
0,167,110,0,0,42.0396
0,168,110,0,0,42.0367
0,169,110,0,0,42.0338
0,170,110,0,0,42.0309
0,171,110,0,0,42.028
0,172,110,0,0,42.0252
0,173,110,0,0,42.0224
0,174,110,0,0,42.0197
0,175,110,0,0,42.0169
0,176,110,0,0,42.0142
0,177,110,0,0,42.0115
0,178,110,0,0,42.0088
0,179,110,0,0,42.0062
0,180,110,0,0,42.0035
0,181,110,0,0,42.0009
0,182,110,0,0,41.9984
0,183,110,0,0,41.9958
0,184,110,0,0,41.9933
0,185,110,0,0,41.9908
0,186,110,0,0,41.9883
0,187,110,0,0,41.9859
0,188,110,0,0,41.9835
0,189,110,0,0,41.9811
0,190,110,0,0,41.9787
0,191,110,0,0,41.9764
0,192,110,0,1.24031e-06,41.974
0,193,110,0,0,41.9717
0,194,110,0,0,41.9693
0,195,110,0,0,41.967
0,196,110,0,0,41.9646
0,197,110,0,0,41.9624
0,198,110,0,0,41.9601
0,199,110,0,0,41.9579
0,200,110,0,0,41.9557
0,201,110,0,0,41.9535
0,202,110,0,0,41.9513
0,203,110,0,0,41.9492
0,204,110,0,0,41.9471
0,205,110,0,0,41.9451
0,206,110,0,0,41.943
0,207,110,0,0,41.941
0,208,110,0,0,41.9391
0,209,110,0,0,41.9371
0,210,110,0,0,41.9352
0,211,110,0,0,41.9333
0,212,110,0,0,41.9315
0,213,110,0,0,41.9296
0,214,110,0,0,41.9278
0,215,110,0,0,41.9261
0,216,110,0,0,41.9244
0,217,110,0,0,41.9227
0,218,110,0,0,41.921
0,219,110,0,0,41.9194
0,220,110,0,0,41.9178
0,221,110,0,0,41.9162
0,222,110,0,0,41.9147
0,223,110,0,0,41.9132
0,224,110,0,1.24031e-06,41.9118
0,225,110,0,0,41.9103
0,226,110,0,0,41.9088
0,227,110,0,0,41.9073
0,228,110,0,0,41.906
0,229,110,0,0,41.9046
0,230,110,0,0,41.9033
0,231,110,0,0,41.902
0,232,110,0,0,41.9008
0,233,110,0,0,41.8996
0,234,110,0,0,41.8984
0,235,110,0,0,41.8973
0,236,110,0,0,41.8963
0,237,110,0,0,41.8953
0,238,110,0,0,41.8943
0,239,110,0,0,41.8934
0,240,110,0,0,41.8925
0,241,110,0,0,41.8917
0,242,110,0,0,41.8909
0,243,110,0,0,41.8902
0,244,110,0,0,41.8895
0,245,110,0,0,41.8889
0,246,110,0,0,41.8883
0,247,110,0,0,41.8878
0,248,110,0,0,41.8873
0,249,110,0,0,41.8869
0,250,110,0,0,41.8865
0,251,110,0,0,41.8862
0,252,110,0,0,41.8859
0,253,110,0,0,41.8857
0,254,110,0,0,41.8855
0,255,110,0,0,41.8854
0,0,111,0,1.24031e-06,42.6187
0,1,111,0,0,42.6184
0,2,111,0,0,42.6179
0,3,111,0,0,42.6174
0,4,111,0,0,42.6167
0,5,111,0,0,42.6159
0,6,111,0,0,42.6151
0,7,111,0,0,42.6141
0,8,111,0,0,42.613
0,9,111,0,0,42.6118
0,10,111,0,0,42.6104
0,11,111,0,0,42.609
0,12,111,0,0,42.6075
0,13,111,0,0,42.6058
0,14,111,0,0,42.6041
0,15,111,0,0,42.6022
0,16,111,0,0,42.6003
0,17,111,0,0,42.5982
0,18,111,0,0,42.5961
0,19,111,0,0,42.5938
0,20,111,0,0,42.5915
0,21,111,0,0,42.589
0,22,111,0,0,42.5865
0,23,111,0,0,42.5839
0,24,111,0,0,42.5811
0,25,111,0,0,42.5783
0,26,111,0,0,42.5754
0,27,111,0,0,42.5724
0,28,111,0,0,42.5694
0,29,111,0,0,42.5662
0,30,111,0,0,42.563
0,31,111,0,0,42.5597
0,32,111,0,1.24031e-06,42.5563
0,33,111,0,0,42.5527
0,34,111,0,0,42.5491
0,35,111,0,0,42.5454
0,36,111,0,0,42.5416
0,37,111,0,0,42.5378
0,38,111,0,0,42.5339
0,39,111,0,0,42.5299
0,40,111,0,0,42.5259
0,41,111,0,0,42.5218
0,42,111,0,0,42.5177
0,43,111,0,0,42.5135
0,44,111,0,0,42.5093
0,45,111,0,0,42.505
0,46,111,0,0,42.5007
0,47,111,0,0,42.4963
0,48,111,0,0,42.4919
0,49,111,0,0,42.4875
0,50,111,0,0,42.483
0,51,111,0,0,42.4785
0,52,111,0,0,42.474
0,53,111,0,0,42.4694
0,54,111,0,0,42.4648
0,55,111,0,0,42.4602
0,56,111,0,0,42.4555
0,57,111,0,0,42.4508
0,58,111,0,0,42.4461
0,59,111,0,0,42.4414
0,60,111,0,0,42.4367
0,61,111,0,0,42.432
0,62,111,0,0,42.4272
0,63,111,0,0,42.4224
0,64,111,0,1.24031e-06,42.4177
0,65,111,0,0,42.4128
0,66,111,0,0,42.4079
0,67,111,0,0,42.403
0,68,111,0,0,42.3981
0,69,111,0,0,42.3932
0,70,111,0,0,42.3884
0,71,111,0,0,42.3835
0,72,111,0,0,42.3786
0,73,111,0,0,42.3737
0,74,111,0,0,42.3688
0,75,111,0,0,42.364
0,76,111,0,0,42.3591
0,77,111,0,0,42.3543
0,78,111,0,0,42.3494
0,79,111,0,0,42.3446
0,80,111,0,0,42.3398
0,81,111,0,0,42.335
0,82,111,0,0,42.3302
0,83,111,0,0,42.3255
0,84,111,0,0,42.3207
0,85,111,0,0,42.316
0,86,111,0,0,42.3113
0,87,111,0,0,42.3066
0,88,111,0,0,42.3019
0,89,111,0,0,42.2973
0,90,111,0,0,42.2927
0,91,111,0,0,42.288
0,92,111,0,0,42.2835
0,93,111,0,0,42.2789
0,94,111,0,0,42.2744
0,95,111,0,0,42.2699
0,96,111,0,1.24031e-06,42.2654
0,97,111,0,0,42.2608
0,98,111,0,0,42.2563
0,99,111,0,0,42.2518
0,100,111,0,0,42.2473
0,101,111,0,0,42.2428
0,102,111,0,0,42.2384
0,103,111,0,0,42.234
0,104,111,0,0,42.2296
0,105,111,0,0,42.2253
0,106,111,0,0,42.2209
0,107,111,0,0,42.2166
0,108,111,0,0,42.2124
0,109,111,0,0,42.2081
0,110,111,0,0,42.2039
0,111,111,0,0,42.1997
0,112,111,0,0,42.1955
0,113,111,0,0,42.1914
0,114,111,0,0,42.1873
0,115,111,0,0,42.1832
0,116,111,0,0,42.1791
0,117,111,0,0,42.1751
0,118,111,0,0,42.1711
0,119,111,0,0,42.1671
0,120,111,0,0,42.1632
0,121,111,0,0,42.1592
0,122,111,0,0,42.1554
0,123,111,0,0,42.1515
0,124,111,0,0,42.1476
0,125,111,0,0,42.1438
0,126,111,0,0,42.14
0,127,111,0,0,42.1363
0,128,111,0,1.24031e-06,42.1326
0,129,111,0,0,42.1287
0,130,111,0,0,42.125
0,131,111,0,0,42.1212
0,132,111,0,0,42.1175
0,133,111,0,0,42.1138
0,134,111,0,0,42.1101
0,135,111,0,0,42.1065
0,136,111,0,0,42.1029
0,137,111,0,0,42.0993
0,138,111,0,0,42.0957
0,139,111,0,0,42.0922
0,140,111,0,0,42.0887
0,141,111,0,0,42.0852
0,142,111,0,0,42.0817
0,143,111,0,0,42.0783
0,144,111,0,0,42.0749
0,145,111,0,0,42.0716
0,146,111,0,0,42.0682
0,147,111,0,0,42.0649
0,148,111,0,0,42.0616
0,149,111,0,0,42.0583
0,150,111,0,0,42.0551
0,151,111,0,0,42.0519
0,152,111,0,0,42.0487
0,153,111,0,0,42.0455
0,154,111,0,0,42.0424
0,155,111,0,0,42.0393
0,156,111,0,0,42.0362
0,157,111,0,0,42.0332
0,158,111,0,0,42.0301
0,159,111,0,0,42.0271
0,160,111,0,1.24031e-06,42.0242
0,161,111,0,0,42.0211
0,162,111,0,0,42.0181
0,163,111,0,0,42.0151
0,164,111,0,0,42.0121
0,165,111,0,0,42.0092
0,166,111,0,0,42.0062
0,167,111,0,0,42.0033
0,168,111,0,0,42.0005
0,169,111,0,0,41.9976
0,170,111,0,0,41.9948
0,171,111,0,0,41.992
0,172,111,0,0,41.9892
0,173,111,0,0,41.9865
0,174,111,0,0,41.9838
0,175,111,0,0,41.9811
0,176,111,0,0,41.9784
0,177,111,0,0,41.9757
0,178,111,0,0,41.9731
0,179,111,0,0,41.9705
0,180,111,0,0,41.968
0,181,111,0,0,41.9654
0,182,111,0,0,41.9629
0,183,111,0,0,41.9604
0,184,111,0,0,41.9579
0,185,111,0,0,41.9555
0,186,111,0,0,41.953
0,187,111,0,0,41.9506
0,188,111,0,0,41.9483
0,189,111,0,0,41.9459
0,190,111,0,0,41.9436
0,191,111,0,0,41.9413
0,192,111,0,1.24031e-06,41.939
0,193,111,0,0,41.9367
0,194,111,0,0,41.9344
0,195,111,0,0,41.9321
0,196,111,0,0,41.9298
0,197,111,0,0,41.9276
0,198,111,0,0,41.9254
0,199,111,0,0,41.9232
0,200,111,0,0,41.921
0,201,111,0,0,41.9189
0,202,111,0,0,41.9168
0,203,111,0,0,41.9147
0,204,111,0,0,41.9127
0,205,111,0,0,41.9107
0,206,111,0,0,41.9087
0,207,111,0,0,41.9067
0,208,111,0,0,41.9048
0,209,111,0,0,41.9029
0,210,111,0,0,41.901
0,211,111,0,0,41.8992
0,212,111,0,0,41.8974
0,213,111,0,0,41.8956
0,214,111,0,0,41.8938
0,215,111,0,0,41.8921
0,216,111,0,0,41.8904
0,217,111,0,0,41.8888
0,218,111,0,0,41.8872
0,219,111,0,0,41.8856
0,220,111,0,0,41.884
0,221,111,0,0,41.8825
0,222,111,0,0,41.881
0,223,111,0,0,41.8796
0,224,111,0,1.24031e-06,41.8782
0,225,111,0,0,41.8767
0,226,111,0,0,41.8753
0,227,111,0,0,41.8739
0,228,111,0,0,41.8725
0,229,111,0,0,41.8712
0,230,111,0,0,41.8699
0,231,111,0,0,41.8687
0,232,111,0,0,41.8675
0,233,111,0,0,41.8664
0,234,111,0,0,41.8652
0,235,111,0,0,41.8642
0,236,111,0,0,41.8631
0,237,111,0,0,41.8622
0,238,111,0,0,41.8612
0,239,111,0,0,41.8603
0,240,111,0,0,41.8595
0,241,111,0,0,41.8587
0,242,111,0,0,41.8579
0,243,111,0,0,41.8572
0,244,111,0,0,41.8566
0,245,111,0,0,41.856
0,246,111,0,0,41.8554
0,247,111,0,0,41.8549
0,248,111,0,0,41.8544
0,249,111,0,0,41.854
0,250,111,0,0,41.8537
0,251,111,0,0,41.8534
0,252,111,0,0,41.8531
0,253,111,0,0,41.8529
0,254,111,0,0,41.8527
0,255,111,0,0,41.8526
0,0,112,0,1.24031e-06,42.5703
0,1,112,0,0,42.57
0,2,112,0,0,42.5695
0,3,112,0,0,42.569
0,4,112,0,0,42.5684
0,5,112,0,0,42.5676
0,6,112,0,0,42.5668
0,7,112,0,0,42.5658
0,8,112,0,0,42.5647
0,9,112,0,0,42.5636
0,10,112,0,0,42.5623
0,11,112,0,0,42.5609
0,12,112,0,0,42.5594
0,13,112,0,0,42.5578
0,14,112,0,0,42.5561
0,15,112,0,0,42.5544
0,16,112,0,0,42.5525
0,17,112,0,0,42.5505
0,18,112,0,0,42.5484
0,19,112,0,0,42.5462
0,20,112,0,0,42.5439
0,21,112,0,0,42.5416
0,22,112,0,0,42.5391
0,23,112,0,0,42.5366
0,24,112,0,0,42.5339
0,25,112,0,0,42.5312
0,26,112,0,0,42.5284
0,27,112,0,0,42.5255
0,28,112,0,0,42.5226
0,29,112,0,0,42.5195
0,30,112,0,0,42.5164
0,31,112,0,0,42.5132
0,32,112,0,1.24031e-06,42.5099
0,33,112,0,0,42.5064
0,34,112,0,0,42.5029
0,35,112,0,0,42.4993
0,36,112,0,0,42.4957
0,37,112,0,0,42.492
0,38,112,0,0,42.4882
0,39,112,0,0,42.4844
0,40,112,0,0,42.4805
0,41,112,0,0,42.4765
0,42,112,0,0,42.4725
0,43,112,0,0,42.4685
0,44,112,0,0,42.4644
0,45,112,0,0,42.4602
0,46,112,0,0,42.456
0,47,112,0,0,42.4518
0,48,112,0,0,42.4475
0,49,112,0,0,42.4432
0,50,112,0,0,42.4389
0,51,112,0,0,42.4345
0,52,112,0,0,42.4301
0,53,112,0,0,42.4256
0,54,112,0,0,42.4212
0,55,112,0,0,42.4167
0,56,112,0,0,42.4121
0,57,112,0,0,42.4076
0,58,112,0,0,42.403
0,59,112,0,0,42.3985
0,60,112,0,0,42.3939
0,61,112,0,0,42.3893
0,62,112,0,0,42.3846
0,63,112,0,0,42.38
0,64,112,0,1.24031e-06,42.3754
0,65,112,0,0,42.3706
0,66,112,0,0,42.3658
0,67,112,0,0,42.3611
0,68,112,0,0,42.3563
0,69,112,0,0,42.3516
0,70,112,0,0,42.3468
0,71,112,0,0,42.342
0,72,112,0,0,42.3373
0,73,112,0,0,42.3325
0,74,112,0,0,42.3278
0,75,112,0,0,42.323
0,76,112,0,0,42.3183
0,77,112,0,0,42.3135
0,78,112,0,0,42.3088
0,79,112,0,0,42.3041
0,80,112,0,0,42.2994
0,81,112,0,0,42.2947
0,82,112,0,0,42.2901
0,83,112,0,0,42.2854
0,84,112,0,0,42.2808
0,85,112,0,0,42.2762
0,86,112,0,0,42.2716
0,87,112,0,0,42.267
0,88,112,0,0,42.2624
0,89,112,0,0,42.2579
0,90,112,0,0,42.2533
0,91,112,0,0,42.2488
0,92,112,0,0,42.2443
0,93,112,0,0,42.2399
0,94,112,0,0,42.2354
0,95,112,0,0,42.231
0,96,112,0,1.24031e-06,42.2266
0,97,112,0,0,42.2222
0,98,112,0,0,42.2177
0,99,112,0,0,42.2133
0,100,112,0,0,42.2089
0,101,112,0,0,42.2045
0,102,112,0,0,42.2002
0,103,112,0,0,42.1959
0,104,112,0,0,42.1916
0,105,112,0,0,42.1873
0,106,112,0,0,42.1831
0,107,112,0,0,42.1788
0,108,112,0,0,42.1746
0,109,112,0,0,42.1705
0,110,112,0,0,42.1663
0,111,112,0,0,42.1622
0,112,112,0,0,42.1581
0,113,112,0,0,42.1541
0,114,112,0,0,42.15
0,115,112,0,0,42.146
0,116,112,0,0,42.142
0,117,112,0,0,42.1381
0,118,112,0,0,42.1341
0,119,112,0,0,42.1302
0,120,112,0,0,42.1264
0,121,112,0,0,42.1225
0,122,112,0,0,42.1187
0,123,112,0,0,42.1149
0,124,112,0,0,42.1111
0,125,112,0,0,42.1074
0,126,112,0,0,42.1037
0,127,112,0,0,42.1
0,128,112,0,1.24031e-06,42.0963
0,129,112,0,0,42.0926
0,130,112,0,0,42.0888
0,131,112,0,0,42.0852
0,132,112,0,0,42.0815
0,133,112,0,0,42.0779
0,134,112,0,0,42.0743
0,135,112,0,0,42.0707
0,136,112,0,0,42.0671
0,137,112,0,0,42.0636
0,138,112,0,0,42.0601
0,139,112,0,0,42.0566
0,140,112,0,0,42.0532
0,141,112,0,0,42.0498
0,142,112,0,0,42.0464
0,143,112,0,0,42.043
0,144,112,0,0,42.0397
0,145,112,0,0,42.0364
0,146,112,0,0,42.0331
0,147,112,0,0,42.0298
0,148,112,0,0,42.0266
0,149,112,0,0,42.0234
0,150,112,0,0,42.0202
0,151,112,0,0,42.017
0,152,112,0,0,42.0139
0,153,112,0,0,42.0108
0,154,112,0,0,42.0077
0,155,112,0,0,42.0047
0,156,112,0,0,42.0016
0,157,112,0,0,41.9986
0,158,112,0,0,41.9957
0,159,112,0,0,41.9927
0,160,112,0,1.24031e-06,41.9898
0,161,112,0,0,41.9868
0,162,112,0,0,41.9838
0,163,112,0,0,41.9809
0,164,112,0,0,41.9779
0,165,112,0,0,41.975
0,166,112,0,0,41.9722
0,167,112,0,0,41.9693
0,168,112,0,0,41.9665
0,169,112,0,0,41.9637
0,170,112,0,0,41.9609
0,171,112,0,0,41.9582
0,172,112,0,0,41.9555
0,173,112,0,0,41.9528
0,174,112,0,0,41.9501
0,175,112,0,0,41.9474
0,176,112,0,0,41.9448
0,177,112,0,0,41.9422
0,178,112,0,0,41.9396
0,179,112,0,0,41.9371
0,180,112,0,0,41.9346
0,181,112,0,0,41.9321
0,182,112,0,0,41.9296
0,183,112,0,0,41.9271
0,184,112,0,0,41.9247
0,185,112,0,0,41.9223
0,186,112,0,0,41.9199
0,187,112,0,0,41.9176
0,188,112,0,0,41.9152
0,189,112,0,0,41.9129
0,190,112,0,0,41.9107
0,191,112,0,0,41.9084
0,192,112,0,1.24031e-06,41.9062
0,193,112,0,0,41.9039
0,194,112,0,0,41.9016
0,195,112,0,0,41.8994
0,196,112,0,0,41.8971
0,197,112,0,0,41.895
0,198,112,0,0,41.8928
0,199,112,0,0,41.8906
0,200,112,0,0,41.8885
0,201,112,0,0,41.8865
0,202,112,0,0,41.8844
0,203,112,0,0,41.8824
0,204,112,0,0,41.8804
0,205,112,0,0,41.8784
0,206,112,0,0,41.8764
0,207,112,0,0,41.8745
0,208,112,0,0,41.8726
0,209,112,0,0,41.8708
0,210,112,0,0,41.8689
0,211,112,0,0,41.8672
0,212,112,0,0,41.8654
0,213,112,0,0,41.8636
0,214,112,0,0,41.8619
0,215,112,0,0,41.8603
0,216,112,0,0,41.8586
0,217,112,0,0,41.857
0,218,112,0,0,41.8554
0,219,112,0,0,41.8539
0,220,112,0,0,41.8524
0,221,112,0,0,41.8509
0,222,112,0,0,41.8495
0,223,112,0,0,41.8481
0,224,112,0,1.24031e-06,41.8467
0,225,112,0,0,41.8453
0,226,112,0,0,41.8439
0,227,112,0,0,41.8425
0,228,112,0,0,41.8412
0,229,112,0,0,41.8399
0,230,112,0,0,41.8386
0,231,112,0,0,41.8374
0,232,112,0,0,41.8363
0,233,112,0,0,41.8352
0,234,112,0,0,41.8341
0,235,112,0,0,41.833
0,236,112,0,0,41.832
0,237,112,0,0,41.8311
0,238,112,0,0,41.8302
0,239,112,0,0,41.8293
0,240,112,0,0,41.8285
0,241,112,0,0,41.8277
0,242,112,0,0,41.827
0,243,112,0,0,41.8263
0,244,112,0,0,41.8257
0,245,112,0,0,41.8251
0,246,112,0,0,41.8245
0,247,112,0,0,41.824
0,248,112,0,0,41.8236
0,249,112,0,0,41.8232
0,250,112,0,0,41.8229
0,251,112,0,0,41.8226
0,252,112,0,0,41.8223
0,253,112,0,0,41.8221
0,254,112,0,0,41.822
0,255,112,0,0,41.8219
0,0,113,0,1.24031e-06,42.525
0,1,113,0,0,42.5247
0,2,113,0,0,42.5243
0,3,113,0,0,42.5238
0,4,113,0,0,42.5232
0,5,113,0,0,42.5225
0,6,113,0,0,42.5216
0,7,113,0,0,42.5207
0,8,113,0,0,42.5197
0,9,113,0,0,42.5185
0,10,113,0,0,42.5173
0,11,113,0,0,42.5159
0,12,113,0,0,42.5145
0,13,113,0,0,42.513
0,14,113,0,0,42.5113
0,15,113,0,0,42.5096
0,16,113,0,0,42.5078
0,17,113,0,0,42.5058
0,18,113,0,0,42.5038
0,19,113,0,0,42.5017
0,20,113,0,0,42.4995
0,21,113,0,0,42.4972
0,22,113,0,0,42.4948
0,23,113,0,0,42.4924
0,24,113,0,0,42.4898
0,25,113,0,0,42.4872
0,26,113,0,0,42.4845
0,27,113,0,0,42.4817
0,28,113,0,0,42.4788
0,29,113,0,0,42.4758
0,30,113,0,0,42.4728
0,31,113,0,0,42.4697
0,32,113,0,1.24031e-06,42.4665
0,33,113,0,0,42.4632
0,34,113,0,0,42.4598
0,35,113,0,0,42.4563
0,36,113,0,0,42.4527
0,37,113,0,0,42.4491
0,38,113,0,0,42.4455
0,39,113,0,0,42.4418
0,40,113,0,0,42.438
0,41,113,0,0,42.4341
0,42,113,0,0,42.4303
0,43,113,0,0,42.4263
0,44,113,0,0,42.4223
0,45,113,0,0,42.4183
0,46,113,0,0,42.4142
0,47,113,0,0,42.4101
0,48,113,0,0,42.406
0,49,113,0,0,42.4018
0,50,113,0,0,42.3976
0,51,113,0,0,42.3933
0,52,113,0,0,42.389
0,53,113,0,0,42.3847
0,54,113,0,0,42.3803
0,55,113,0,0,42.376
0,56,113,0,0,42.3716
0,57,113,0,0,42.3672
0,58,113,0,0,42.3627
0,59,113,0,0,42.3583
0,60,113,0,0,42.3538
0,61,113,0,0,42.3493
0,62,113,0,0,42.3448
0,63,113,0,0,42.3403
0,64,113,0,1.24031e-06,42.3358
0,65,113,0,0,42.3311
0,66,113,0,0,42.3265
0,67,113,0,0,42.3218
0,68,113,0,0,42.3172
0,69,113,0,0,42.3125
0,70,113,0,0,42.3079
0,71,113,0,0,42.3032
0,72,113,0,0,42.2986
0,73,113,0,0,42.294
0,74,113,0,0,42.2893
0,75,113,0,0,42.2847
0,76,113,0,0,42.2801
0,77,113,0,0,42.2754
0,78,113,0,0,42.2708
0,79,113,0,0,42.2662
0,80,113,0,0,42.2616
0,81,113,0,0,42.2571
0,82,113,0,0,42.2525
0,83,113,0,0,42.2479
0,84,113,0,0,42.2434
0,85,113,0,0,42.2389
0,86,113,0,0,42.2344
0,87,113,0,0,42.2299
0,88,113,0,0,42.2254
0,89,113,0,0,42.221
0,90,113,0,0,42.2165
0,91,113,0,0,42.2121
0,92,113,0,0,42.2077
0,93,113,0,0,42.2034
0,94,113,0,0,42.199
0,95,113,0,0,42.1947
0,96,113,0,1.24031e-06,42.1904
0,97,113,0,0,42.186
0,98,113,0,0,42.1816
0,99,113,0,0,42.1773
0,100,113,0,0,42.173
0,101,113,0,0,42.1687
0,102,113,0,0,42.1644
0,103,113,0,0,42.1602
0,104,113,0,0,42.156
0,105,113,0,0,42.1518
0,106,113,0,0,42.1476
0,107,113,0,0,42.1435
0,108,113,0,0,42.1394
0,109,113,0,0,42.1353
0,110,113,0,0,42.1312
0,111,113,0,0,42.1272
0,112,113,0,0,42.1231
0,113,113,0,0,42.1191
0,114,113,0,0,42.1152
0,115,113,0,0,42.1112
0,116,113,0,0,42.1073
0,117,113,0,0,42.1034
0,118,113,0,0,42.0996
0,119,113,0,0,42.0957
0,120,113,0,0,42.0919
0,121,113,0,0,42.0881
0,122,113,0,0,42.0844
0,123,113,0,0,42.0807
0,124,113,0,0,42.077
0,125,113,0,0,42.0733
0,126,113,0,0,42.0696
0,127,113,0,0,42.066
0,128,113,0,1.24031e-06,42.0624
0,129,113,0,0,42.0587
0,130,113,0,0,42.0551
0,131,113,0,0,42.0514
0,132,113,0,0,42.0478
0,133,113,0,0,42.0443
0,134,113,0,0,42.0407
0,135,113,0,0,42.0372
0,136,113,0,0,42.0337
0,137,113,0,0,42.0302
0,138,113,0,0,42.0268
0,139,113,0,0,42.0234
0,140,113,0,0,42.02
0,141,113,0,0,42.0166
0,142,113,0,0,42.0133
0,143,113,0,0,42.01
0,144,113,0,0,42.0067
0,145,113,0,0,42.0034
0,146,113,0,0,42.0002
0,147,113,0,0,41.997
0,148,113,0,0,41.9938
0,149,113,0,0,41.9907
0,150,113,0,0,41.9875
0,151,113,0,0,41.9844
0,152,113,0,0,41.9813
0,153,113,0,0,41.9783
0,154,113,0,0,41.9753
0,155,113,0,0,41.9723
0,156,113,0,0,41.9693
0,157,113,0,0,41.9663
0,158,113,0,0,41.9634
0,159,113,0,0,41.9605
0,160,113,0,1.24031e-06,41.9576
0,161,113,0,0,41.9547
0,162,113,0,0,41.9517
0,163,113,0,0,41.9488
0,164,113,0,0,41.946
0,165,113,0,0,41.9431
0,166,113,0,0,41.9403
0,167,113,0,0,41.9375
0,168,113,0,0,41.9347
0,169,113,0,0,41.932
0,170,113,0,0,41.9292
0,171,113,0,0,41.9265
0,172,113,0,0,41.9239
0,173,113,0,0,41.9212
0,174,113,0,0,41.9186
0,175,113,0,0,41.916
0,176,113,0,0,41.9134
0,177,113,0,0,41.9108
0,178,113,0,0,41.9083
0,179,113,0,0,41.9058
0,180,113,0,0,41.9033
0,181,113,0,0,41.9009
0,182,113,0,0,41.8984
0,183,113,0,0,41.896
0,184,113,0,0,41.8936
0,185,113,0,0,41.8913
0,186,113,0,0,41.8889
0,187,113,0,0,41.8866
0,188,113,0,0,41.8843
0,189,113,0,0,41.8821
0,190,113,0,0,41.8798
0,191,113,0,0,41.8776
0,192,113,0,1.24031e-06,41.8755
0,193,113,0,0,41.8732
0,194,113,0,0,41.871
0,195,113,0,0,41.8688
0,196,113,0,0,41.8666
0,197,113,0,0,41.8644
0,198,113,0,0,41.8623
0,199,113,0,0,41.8602
0,200,113,0,0,41.8581
0,201,113,0,0,41.8561
0,202,113,0,0,41.8541
0,203,113,0,0,41.8521
0,204,113,0,0,41.8501
0,205,113,0,0,41.8482
0,206,113,0,0,41.8463
0,207,113,0,0,41.8444
0,208,113,0,0,41.8426
0,209,113,0,0,41.8407
0,210,113,0,0,41.839
0,211,113,0,0,41.8372
0,212,113,0,0,41.8355
0,213,113,0,0,41.8338
0,214,113,0,0,41.8321
0,215,113,0,0,41.8305
0,216,113,0,0,41.8289
0,217,113,0,0,41.8273
0,218,113,0,0,41.8257
0,219,113,0,0,41.8242
0,220,113,0,0,41.8228
0,221,113,0,0,41.8213
0,222,113,0,0,41.8199
0,223,113,0,0,41.8185
0,224,113,0,1.24031e-06,41.8172
0,225,113,0,0,41.8158
0,226,113,0,0,41.8144
0,227,113,0,0,41.8131
0,228,113,0,0,41.8118
0,229,113,0,0,41.8106
0,230,113,0,0,41.8094
0,231,113,0,0,41.8082
0,232,113,0,0,41.8071
0,233,113,0,0,41.806
0,234,113,0,0,41.8049
0,235,113,0,0,41.8039
0,236,113,0,0,41.8029
0,237,113,0,0,41.802
0,238,113,0,0,41.8011
0,239,113,0,0,41.8003
0,240,113,0,0,41.7995
0,241,113,0,0,41.7987
0,242,113,0,0,41.798
0,243,113,0,0,41.7974
0,244,113,0,0,41.7968
0,245,113,0,0,41.7962
0,246,113,0,0,41.7957
0,247,113,0,0,41.7952
0,248,113,0,0,41.7947
0,249,113,0,0,41.7944
0,250,113,0,0,41.794
0,251,113,0,0,41.7937
0,252,113,0,0,41.7935
0,253,113,0,0,41.7933
0,254,113,0,0,41.7932
0,255,113,0,0,41.7931
0,0,114,0,1.24031e-06,42.4829
0,1,114,0,0,42.4826
0,2,114,0,0,42.4822
0,3,114,0,0,42.4817
0,4,114,0,0,42.4811
0,5,114,0,0,42.4804
0,6,114,0,0,42.4796
0,7,114,0,0,42.4787
0,8,114,0,0,42.4777
0,9,114,0,0,42.4766
0,10,114,0,0,42.4754
0,11,114,0,0,42.4741
0,12,114,0,0,42.4727
0,13,114,0,0,42.4712
0,14,114,0,0,42.4696
0,15,114,0,0,42.4679
0,16,114,0,0,42.4661
0,17,114,0,0,42.4643
0,18,114,0,0,42.4623
0,19,114,0,0,42.4603
0,20,114,0,0,42.4581
0,21,114,0,0,42.4559
0,22,114,0,0,42.4536
0,23,114,0,0,42.4512
0,24,114,0,0,42.4487
0,25,114,0,0,42.4462
0,26,114,0,0,42.4435
0,27,114,0,0,42.4408
0,28,114,0,0,42.438
0,29,114,0,0,42.4352
0,30,114,0,0,42.4322
0,31,114,0,0,42.4292
0,32,114,0,1.24031e-06,42.4261
0,33,114,0,0,42.4229
0,34,114,0,0,42.4196
0,35,114,0,0,42.4162
0,36,114,0,0,42.4127
0,37,114,0,0,42.4092
0,38,114,0,0,42.4057
0,39,114,0,0,42.4021
0,40,114,0,0,42.3984
0,41,114,0,0,42.3947
0,42,114,0,0,42.3909
0,43,114,0,0,42.3871
0,44,114,0,0,42.3832
0,45,114,0,0,42.3793
0,46,114,0,0,42.3753
0,47,114,0,0,42.3713
0,48,114,0,0,42.3673
0,49,114,0,0,42.3632
0,50,114,0,0,42.3591
0,51,114,0,0,42.3549
0,52,114,0,0,42.3508
0,53,114,0,0,42.3465
0,54,114,0,0,42.3423
0,55,114,0,0,42.3381
0,56,114,0,0,42.3338
0,57,114,0,0,42.3295
0,58,114,0,0,42.3251
0,59,114,0,0,42.3208
0,60,114,0,0,42.3164
0,61,114,0,0,42.3121
0,62,114,0,0,42.3077
0,63,114,0,0,42.3033
0,64,114,0,1.24031e-06,42.2989
0,65,114,0,0,42.2943
0,66,114,0,0,42.2898
0,67,114,0,0,42.2853
0,68,114,0,0,42.2807
0,69,114,0,0,42.2762
0,70,114,0,0,42.2716
0,71,114,0,0,42.2671
0,72,114,0,0,42.2626
0,73,114,0,0,42.258
0,74,114,0,0,42.2535
0,75,114,0,0,42.249
0,76,114,0,0,42.2444
0,77,114,0,0,42.2399
0,78,114,0,0,42.2354
0,79,114,0,0,42.2309
0,80,114,0,0,42.2264
0,81,114,0,0,42.2219
0,82,114,0,0,42.2175
0,83,114,0,0,42.213
0,84,114,0,0,42.2086
0,85,114,0,0,42.2041
0,86,114,0,0,42.1997
0,87,114,0,0,42.1953
0,88,114,0,0,42.1909
0,89,114,0,0,42.1866
0,90,114,0,0,42.1822
0,91,114,0,0,42.1779
0,92,114,0,0,42.1736
0,93,114,0,0,42.1693
0,94,114,0,0,42.1651
0,95,114,0,0,42.1608
0,96,114,0,1.24031e-06,42.1566
0,97,114,0,0,42.1523
0,98,114,0,0,42.148
0,99,114,0,0,42.1437
0,100,114,0,0,42.1395
0,101,114,0,0,42.1353
0,102,114,0,0,42.1311
0,103,114,0,0,42.1269
0,104,114,0,0,42.1228
0,105,114,0,0,42.1187
0,106,114,0,0,42.1146
0,107,114,0,0,42.1105
0,108,114,0,0,42.1065
0,109,114,0,0,42.1024
0,110,114,0,0,42.0984
0,111,114,0,0,42.0945
0,112,114,0,0,42.0905
0,113,114,0,0,42.0866
0,114,114,0,0,42.0827
0,115,114,0,0,42.0788
0,116,114,0,0,42.075
0,117,114,0,0,42.0712
0,118,114,0,0,42.0674
0,119,114,0,0,42.0636
0,120,114,0,0,42.0598
0,121,114,0,0,42.0561
0,122,114,0,0,42.0524
0,123,114,0,0,42.0487
0,124,114,0,0,42.0451
0,125,114,0,0,42.0415
0,126,114,0,0,42.0379
0,127,114,0,0,42.0343
0,128,114,0,1.24031e-06,42.0308
0,129,114,0,0,42.0272
0,130,114,0,0,42.0236
0,131,114,0,0,42.02
0,132,114,0,0,42.0165
0,133,114,0,0,42.0129
0,134,114,0,0,42.0094
0,135,114,0,0,42.006
0,136,114,0,0,42.0025
0,137,114,0,0,41.9991
0,138,114,0,0,41.9957
0,139,114,0,0,41.9924
0,140,114,0,0,41.989
0,141,114,0,0,41.9857
0,142,114,0,0,41.9825
0,143,114,0,0,41.9792
0,144,114,0,0,41.976
0,145,114,0,0,41.9728
0,146,114,0,0,41.9696
0,147,114,0,0,41.9664
0,148,114,0,0,41.9633
0,149,114,0,0,41.9602
0,150,114,0,0,41.9571
0,151,114,0,0,41.954
0,152,114,0,0,41.951
0,153,114,0,0,41.948
0,154,114,0,0,41.945
0,155,114,0,0,41.9421
0,156,114,0,0,41.9391
0,157,114,0,0,41.9362
0,158,114,0,0,41.9333
0,159,114,0,0,41.9305
0,160,114,0,1.24031e-06,41.9277
0,161,114,0,0,41.9247
0,162,114,0,0,41.9219
0,163,114,0,0,41.919
0,164,114,0,0,41.9162
0,165,114,0,0,41.9134
0,166,114,0,0,41.9106
0,167,114,0,0,41.9078
0,168,114,0,0,41.9051
0,169,114,0,0,41.9024
0,170,114,0,0,41.8997
0,171,114,0,0,41.897
0,172,114,0,0,41.8944
0,173,114,0,0,41.8918
0,174,114,0,0,41.8892
0,175,114,0,0,41.8866
0,176,114,0,0,41.8841
0,177,114,0,0,41.8816
0,178,114,0,0,41.8791
0,179,114,0,0,41.8766
0,180,114,0,0,41.8742
0,181,114,0,0,41.8718
0,182,114,0,0,41.8694
0,183,114,0,0,41.867
0,184,114,0,0,41.8647
0,185,114,0,0,41.8624
0,186,114,0,0,41.8601
0,187,114,0,0,41.8578
0,188,114,0,0,41.8555
0,189,114,0,0,41.8533
0,190,114,0,0,41.8511
0,191,114,0,0,41.849
0,192,114,0,1.24031e-06,41.8468
0,193,114,0,0,41.8446
0,194,114,0,0,41.8424
0,195,114,0,0,41.8402
0,196,114,0,0,41.8381
0,197,114,0,0,41.836
0,198,114,0,0,41.8339
0,199,114,0,0,41.8318
0,200,114,0,0,41.8298
0,201,114,0,0,41.8278
0,202,114,0,0,41.8258
0,203,114,0,0,41.8239
0,204,114,0,0,41.8219
0,205,114,0,0,41.82
0,206,114,0,0,41.8182
0,207,114,0,0,41.8163
0,208,114,0,0,41.8145
0,209,114,0,0,41.8127
0,210,114,0,0,41.811
0,211,114,0,0,41.8093
0,212,114,0,0,41.8076
0,213,114,0,0,41.8059
0,214,114,0,0,41.8043
0,215,114,0,0,41.8027
0,216,114,0,0,41.8011
0,217,114,0,0,41.7996
0,218,114,0,0,41.7981
0,219,114,0,0,41.7966
0,220,114,0,0,41.7951
0,221,114,0,0,41.7937
0,222,114,0,0,41.7924
0,223,114,0,0,41.791
0,224,114,0,1.24031e-06,41.7897
0,225,114,0,0,41.7884
0,226,114,0,0,41.787
0,227,114,0,0,41.7857
0,228,114,0,0,41.7845
0,229,114,0,0,41.7833
0,230,114,0,0,41.7821
0,231,114,0,0,41.7809
0,232,114,0,0,41.7798
0,233,114,0,0,41.7788
0,234,114,0,0,41.7777
0,235,114,0,0,41.7768
0,236,114,0,0,41.7758
0,237,114,0,0,41.7749
0,238,114,0,0,41.7741
0,239,114,0,0,41.7732
0,240,114,0,0,41.7725
0,241,114,0,0,41.7717
0,242,114,0,0,41.771
0,243,114,0,0,41.7704
0,244,114,0,0,41.7698
0,245,114,0,0,41.7692
0,246,114,0,0,41.7687
0,247,114,0,0,41.7683
0,248,114,0,0,41.7678
0,249,114,0,0,41.7675
0,250,114,0,0,41.7671
0,251,114,0,0,41.7669
0,252,114,0,0,41.7666
0,253,114,0,0,41.7664
0,254,114,0,0,41.7663
0,255,114,0,0,41.7662
0,0,115,0,1.24031e-06,42.4439
0,1,115,0,0,42.4436
0,2,115,0,0,42.4432
0,3,115,0,0,42.4427
0,4,115,0,0,42.4421
0,5,115,0,0,42.4414
0,6,115,0,0,42.4406
0,7,115,0,0,42.4397
0,8,115,0,0,42.4387
0,9,115,0,0,42.4377
0,10,115,0,0,42.4365
0,11,115,0,0,42.4352
0,12,115,0,0,42.4339
0,13,115,0,0,42.4324
0,14,115,0,0,42.4309
0,15,115,0,0,42.4293
0,16,115,0,0,42.4275
0,17,115,0,0,42.4257
0,18,115,0,0,42.4238
0,19,115,0,0,42.4218
0,20,115,0,0,42.4197
0,21,115,0,0,42.4176
0,22,115,0,0,42.4153
0,23,115,0,0,42.413
0,24,115,0,0,42.4106
0,25,115,0,0,42.4081
0,26,115,0,0,42.4056
0,27,115,0,0,42.4029
0,28,115,0,0,42.4002
0,29,115,0,0,42.3974
0,30,115,0,0,42.3946
0,31,115,0,0,42.3916
0,32,115,0,1.24031e-06,42.3886
0,33,115,0,0,42.3855
0,34,115,0,0,42.3822
0,35,115,0,0,42.379
0,36,115,0,0,42.3756
0,37,115,0,0,42.3722
0,38,115,0,0,42.3687
0,39,115,0,0,42.3652
0,40,115,0,0,42.3616
0,41,115,0,0,42.358
0,42,115,0,0,42.3543
0,43,115,0,0,42.3506
0,44,115,0,0,42.3468
0,45,115,0,0,42.343
0,46,115,0,0,42.3392
0,47,115,0,0,42.3353
0,48,115,0,0,42.3313
0,49,115,0,0,42.3274
0,50,115,0,0,42.3233
0,51,115,0,0,42.3193
0,52,115,0,0,42.3152
0,53,115,0,0,42.3111
0,54,115,0,0,42.307
0,55,115,0,0,42.3029
0,56,115,0,0,42.2987
0,57,115,0,0,42.2945
0,58,115,0,0,42.2903
0,59,115,0,0,42.286
0,60,115,0,0,42.2818
0,61,115,0,0,42.2775
0,62,115,0,0,42.2732
0,63,115,0,0,42.2689
0,64,115,0,1.24031e-06,42.2646
0,65,115,0,0,42.2602
0,66,115,0,0,42.2557
0,67,115,0,0,42.2513
0,68,115,0,0,42.2469
0,69,115,0,0,42.2424
0,70,115,0,0,42.238
0,71,115,0,0,42.2335
0,72,115,0,0,42.2291
0,73,115,0,0,42.2247
0,74,115,0,0,42.2202
0,75,115,0,0,42.2158
0,76,115,0,0,42.2113
0,77,115,0,0,42.2069
0,78,115,0,0,42.2025
0,79,115,0,0,42.1981
0,80,115,0,0,42.1937
0,81,115,0,0,42.1893
0,82,115,0,0,42.1849
0,83,115,0,0,42.1806
0,84,115,0,0,42.1762
0,85,115,0,0,42.1719
0,86,115,0,0,42.1675
0,87,115,0,0,42.1632
0,88,115,0,0,42.1589
0,89,115,0,0,42.1546
0,90,115,0,0,42.1504
0,91,115,0,0,42.1461
0,92,115,0,0,42.1419
0,93,115,0,0,42.1377
0,94,115,0,0,42.1335
0,95,115,0,0,42.1293
0,96,115,0,1.24031e-06,42.1252
0,97,115,0,0,42.121
0,98,115,0,0,42.1168
0,99,115,0,0,42.1126
0,100,115,0,0,42.1084
0,101,115,0,0,42.1043
0,102,115,0,0,42.1002
0,103,115,0,0,42.0961
0,104,115,0,0,42.092
0,105,115,0,0,42.0879
0,106,115,0,0,42.0839
0,107,115,0,0,42.0799
0,108,115,0,0,42.0759
0,109,115,0,0,42.072
0,110,115,0,0,42.068
0,111,115,0,0,42.0641
0,112,115,0,0,42.0602
0,113,115,0,0,42.0564
0,114,115,0,0,42.0525
0,115,115,0,0,42.0487
0,116,115,0,0,42.0449
0,117,115,0,0,42.0412
0,118,115,0,0,42.0374
0,119,115,0,0,42.0337
0,120,115,0,0,42.03
0,121,115,0,0,42.0264
0,122,115,0,0,42.0227
0,123,115,0,0,42.0191
0,124,115,0,0,42.0155
0,125,115,0,0,42.012
0,126,115,0,0,42.0084
0,127,115,0,0,42.0049
0,128,115,0,1.24031e-06,42.0014
0,129,115,0,0,41.9979
0,130,115,0,0,41.9943
0,131,115,0,0,41.9908
0,132,115,0,0,41.9873
0,133,115,0,0,41.9839
0,134,115,0,0,41.9804
0,135,115,0,0,41.977
0,136,115,0,0,41.9736
0,137,115,0,0,41.9703
0,138,115,0,0,41.9669
0,139,115,0,0,41.9636
0,140,115,0,0,41.9603
0,141,115,0,0,41.9571
0,142,115,0,0,41.9538
0,143,115,0,0,41.9506
0,144,115,0,0,41.9474
0,145,115,0,0,41.9443
0,146,115,0,0,41.9411
0,147,115,0,0,41.938
0,148,115,0,0,41.9349
0,149,115,0,0,41.9319
0,150,115,0,0,41.9288
0,151,115,0,0,41.9258
0,152,115,0,0,41.9228
0,153,115,0,0,41.9199
0,154,115,0,0,41.9169
0,155,115,0,0,41.914
0,156,115,0,0,41.9111
0,157,115,0,0,41.9083
0,158,115,0,0,41.9054
0,159,115,0,0,41.9026
0,160,115,0,1.24031e-06,41.8998
0,161,115,0,0,41.897
0,162,115,0,0,41.8941
0,163,115,0,0,41.8913
0,164,115,0,0,41.8885
0,165,115,0,0,41.8858
0,166,115,0,0,41.883
0,167,115,0,0,41.8803
0,168,115,0,0,41.8776
0,169,115,0,0,41.8749
0,170,115,0,0,41.8723
0,171,115,0,0,41.8697
0,172,115,0,0,41.8671
0,173,115,0,0,41.8645
0,174,115,0,0,41.8619
0,175,115,0,0,41.8594
0,176,115,0,0,41.8569
0,177,115,0,0,41.8544
0,178,115,0,0,41.852
0,179,115,0,0,41.8496
0,180,115,0,0,41.8472
0,181,115,0,0,41.8448
0,182,115,0,0,41.8424
0,183,115,0,0,41.8401
0,184,115,0,0,41.8378
0,185,115,0,0,41.8355
0,186,115,0,0,41.8333
0,187,115,0,0,41.831
0,188,115,0,0,41.8288
0,189,115,0,0,41.8266
0,190,115,0,0,41.8245
0,191,115,0,0,41.8223
0,192,115,0,1.24031e-06,41.8202
0,193,115,0,0,41.8181
0,194,115,0,0,41.8159
0,195,115,0,0,41.8138
0,196,115,0,0,41.8117
0,197,115,0,0,41.8096
0,198,115,0,0,41.8075
0,199,115,0,0,41.8055
0,200,115,0,0,41.8035
0,201,115,0,0,41.8015
0,202,115,0,0,41.7996
0,203,115,0,0,41.7977
0,204,115,0,0,41.7958
0,205,115,0,0,41.7939
0,206,115,0,0,41.7921
0,207,115,0,0,41.7903
0,208,115,0,0,41.7885
0,209,115,0,0,41.7868
0,210,115,0,0,41.785
0,211,115,0,0,41.7833
0,212,115,0,0,41.7817
0,213,115,0,0,41.7801
0,214,115,0,0,41.7785
0,215,115,0,0,41.7769
0,216,115,0,0,41.7753
0,217,115,0,0,41.7738
0,218,115,0,0,41.7724
0,219,115,0,0,41.7709
0,220,115,0,0,41.7695
0,221,115,0,0,41.7681
0,222,115,0,0,41.7668
0,223,115,0,0,41.7655
0,224,115,0,1.24031e-06,41.7642
0,225,115,0,0,41.7629
0,226,115,0,0,41.7616
0,227,115,0,0,41.7603
0,228,115,0,0,41.7591
0,229,115,0,0,41.7579
0,230,115,0,0,41.7567
0,231,115,0,0,41.7556
0,232,115,0,0,41.7545
0,233,115,0,0,41.7535
0,234,115,0,0,41.7525
0,235,115,0,0,41.7515
0,236,115,0,0,41.7506
0,237,115,0,0,41.7497
0,238,115,0,0,41.7489
0,239,115,0,0,41.7481
0,240,115,0,0,41.7473
0,241,115,0,0,41.7466
0,242,115,0,0,41.746
0,243,115,0,0,41.7453
0,244,115,0,0,41.7448
0,245,115,0,0,41.7442
0,246,115,0,0,41.7437
0,247,115,0,0,41.7433
0,248,115,0,0,41.7428
0,249,115,0,0,41.7425
0,250,115,0,0,41.7422
0,251,115,0,0,41.7419
0,252,115,0,0,41.7417
0,253,115,0,0,41.7415
0,254,115,0,0,41.7413
0,255,115,0,0,41.7413
0,0,116,0,1.24031e-06,42.4078
0,1,116,0,0,42.4075
0,2,116,0,0,42.4071
0,3,116,0,0,42.4066
0,4,116,0,0,42.406
0,5,116,0,0,42.4054
0,6,116,0,0,42.4046
0,7,116,0,0,42.4038
0,8,116,0,0,42.4028
0,9,116,0,0,42.4018
0,10,116,0,0,42.4006
0,11,116,0,0,42.3994
0,12,116,0,0,42.3981
0,13,116,0,0,42.3967
0,14,116,0,0,42.3951
0,15,116,0,0,42.3936
0,16,116,0,0,42.3919
0,17,116,0,0,42.3901
0,18,116,0,0,42.3883
0,19,116,0,0,42.3863
0,20,116,0,0,42.3843
0,21,116,0,0,42.3822
0,22,116,0,0,42.38
0,23,116,0,0,42.3778
0,24,116,0,0,42.3754
0,25,116,0,0,42.373
0,26,116,0,0,42.3705
0,27,116,0,0,42.3679
0,28,116,0,0,42.3653
0,29,116,0,0,42.3626
0,30,116,0,0,42.3598
0,31,116,0,0,42.3569
0,32,116,0,1.24031e-06,42.354
0,33,116,0,0,42.3509
0,34,116,0,0,42.3478
0,35,116,0,0,42.3446
0,36,116,0,0,42.3413
0,37,116,0,0,42.338
0,38,116,0,0,42.3346
0,39,116,0,0,42.3312
0,40,116,0,0,42.3277
0,41,116,0,0,42.3242
0,42,116,0,0,42.3206
0,43,116,0,0,42.3169
0,44,116,0,0,42.3133
0,45,116,0,0,42.3095
0,46,116,0,0,42.3058
0,47,116,0,0,42.302
0,48,116,0,0,42.2981
0,49,116,0,0,42.2943
0,50,116,0,0,42.2903
0,51,116,0,0,42.2864
0,52,116,0,0,42.2824
0,53,116,0,0,42.2784
0,54,116,0,0,42.2744
0,55,116,0,0,42.2703
0,56,116,0,0,42.2662
0,57,116,0,0,42.2621
0,58,116,0,0,42.258
0,59,116,0,0,42.2539
0,60,116,0,0,42.2497
0,61,116,0,0,42.2455
0,62,116,0,0,42.2413
0,63,116,0,0,42.2371
0,64,116,0,1.24031e-06,42.2329
0,65,116,0,0,42.2286
0,66,116,0,0,42.2243
0,67,116,0,0,42.2199
0,68,116,0,0,42.2156
0,69,116,0,0,42.2112
0,70,116,0,0,42.2069
0,71,116,0,0,42.2025
0,72,116,0,0,42.1982
0,73,116,0,0,42.1938
0,74,116,0,0,42.1895
0,75,116,0,0,42.1851
0,76,116,0,0,42.1808
0,77,116,0,0,42.1764
0,78,116,0,0,42.1721
0,79,116,0,0,42.1678
0,80,116,0,0,42.1635
0,81,116,0,0,42.1592
0,82,116,0,0,42.1549
0,83,116,0,0,42.1506
0,84,116,0,0,42.1463
0,85,116,0,0,42.142
0,86,116,0,0,42.1378
0,87,116,0,0,42.1336
0,88,116,0,0,42.1293
0,89,116,0,0,42.1251
0,90,116,0,0,42.121
0,91,116,0,0,42.1168
0,92,116,0,0,42.1126
0,93,116,0,0,42.1085
0,94,116,0,0,42.1044
0,95,116,0,0,42.1003
0,96,116,0,1.24031e-06,42.0962
0,97,116,0,0,42.092
0,98,116,0,0,42.0879
0,99,116,0,0,42.0838
0,100,116,0,0,42.0797
0,101,116,0,0,42.0756
0,102,116,0,0,42.0716
0,103,116,0,0,42.0675
0,104,116,0,0,42.0635
0,105,116,0,0,42.0595
0,106,116,0,0,42.0556
0,107,116,0,0,42.0516
0,108,116,0,0,42.0477
0,109,116,0,0,42.0438
0,110,116,0,0,42.0399
0,111,116,0,0,42.0361
0,112,116,0,0,42.0323
0,113,116,0,0,42.0285
0,114,116,0,0,42.0247
0,115,116,0,0,42.0209
0,116,116,0,0,42.0172
0,117,116,0,0,42.0135
0,118,116,0,0,42.0098
0,119,116,0,0,42.0061
0,120,116,0,0,42.0025
0,121,116,0,0,41.9989
0,122,116,0,0,41.9953
0,123,116,0,0,41.9917
0,124,116,0,0,41.9882
0,125,116,0,0,41.9847
0,126,116,0,0,41.9812
0,127,116,0,0,41.9777
0,128,116,0,1.24031e-06,41.9743
0,129,116,0,0,41.9708
0,130,116,0,0,41.9673
0,131,116,0,0,41.9638
0,132,116,0,0,41.9604
0,133,116,0,0,41.957
0,134,116,0,0,41.9536
0,135,116,0,0,41.9502
0,136,116,0,0,41.9469
0,137,116,0,0,41.9436
0,138,116,0,0,41.9403
0,139,116,0,0,41.937
0,140,116,0,0,41.9338
0,141,116,0,0,41.9306
0,142,116,0,0,41.9274
0,143,116,0,0,41.9242
0,144,116,0,0,41.9211
0,145,116,0,0,41.9179
0,146,116,0,0,41.9148
0,147,116,0,0,41.9118
0,148,116,0,0,41.9087
0,149,116,0,0,41.9057
0,150,116,0,0,41.9027
0,151,116,0,0,41.8997
0,152,116,0,0,41.8968
0,153,116,0,0,41.8939
0,154,116,0,0,41.891
0,155,116,0,0,41.8881
0,156,116,0,0,41.8853
0,157,116,0,0,41.8824
0,158,116,0,0,41.8796
0,159,116,0,0,41.8769
0,160,116,0,1.24031e-06,41.8741
0,161,116,0,0,41.8713
0,162,116,0,0,41.8685
0,163,116,0,0,41.8657
0,164,116,0,0,41.863
0,165,116,0,0,41.8602
0,166,116,0,0,41.8575
0,167,116,0,0,41.8549
0,168,116,0,0,41.8522
0,169,116,0,0,41.8496
0,170,116,0,0,41.847
0,171,116,0,0,41.8444
0,172,116,0,0,41.8418
0,173,116,0,0,41.8393
0,174,116,0,0,41.8368
0,175,116,0,0,41.8343
0,176,116,0,0,41.8318
0,177,116,0,0,41.8294
0,178,116,0,0,41.827
0,179,116,0,0,41.8246
0,180,116,0,0,41.8222
0,181,116,0,0,41.8198
0,182,116,0,0,41.8175
0,183,116,0,0,41.8152
0,184,116,0,0,41.813
0,185,116,0,0,41.8107
0,186,116,0,0,41.8085
0,187,116,0,0,41.8063
0,188,116,0,0,41.8041
0,189,116,0,0,41.802
0,190,116,0,0,41.7998
0,191,116,0,0,41.7977
0,192,116,0,1.24031e-06,41.7957
0,193,116,0,0,41.7935
0,194,116,0,0,41.7914
0,195,116,0,0,41.7893
0,196,116,0,0,41.7872
0,197,116,0,0,41.7852
0,198,116,0,0,41.7832
0,199,116,0,0,41.7812
0,200,116,0,0,41.7792
0,201,116,0,0,41.7773
0,202,116,0,0,41.7754
0,203,116,0,0,41.7735
0,204,116,0,0,41.7716
0,205,116,0,0,41.7698
0,206,116,0,0,41.768
0,207,116,0,0,41.7662
0,208,116,0,0,41.7645
0,209,116,0,0,41.7627
0,210,116,0,0,41.7611
0,211,116,0,0,41.7594
0,212,116,0,0,41.7578
0,213,116,0,0,41.7562
0,214,116,0,0,41.7546
0,215,116,0,0,41.7531
0,216,116,0,0,41.7515
0,217,116,0,0,41.7501
0,218,116,0,0,41.7486
0,219,116,0,0,41.7472
0,220,116,0,0,41.7458
0,221,116,0,0,41.7445
0,222,116,0,0,41.7432
0,223,116,0,0,41.7419
0,224,116,0,1.24031e-06,41.7407
0,225,116,0,0,41.7393
0,226,116,0,0,41.7381
0,227,116,0,0,41.7368
0,228,116,0,0,41.7356
0,229,116,0,0,41.7345
0,230,116,0,0,41.7333
0,231,116,0,0,41.7322
0,232,116,0,0,41.7312
0,233,116,0,0,41.7302
0,234,116,0,0,41.7292
0,235,116,0,0,41.7282
0,236,116,0,0,41.7273
0,237,116,0,0,41.7265
0,238,116,0,0,41.7257
0,239,116,0,0,41.7249
0,240,116,0,0,41.7241
0,241,116,0,0,41.7234
0,242,116,0,0,41.7228
0,243,116,0,0,41.7222
0,244,116,0,0,41.7216
0,245,116,0,0,41.7211
0,246,116,0,0,41.7206
0,247,116,0,0,41.7202
0,248,116,0,0,41.7198
0,249,116,0,0,41.7194
0,250,116,0,0,41.7191
0,251,116,0,0,41.7188
0,252,116,0,0,41.7186
0,253,116,0,0,41.7184
0,254,116,0,0,41.7183
0,255,116,0,0,41.7182
0,0,117,0,1.24031e-06,42.3747
0,1,117,0,0,42.3744
0,2,117,0,0,42.374
0,3,117,0,0,42.3735
0,4,117,0,0,42.373
0,5,117,0,0,42.3723
0,6,117,0,0,42.3716
0,7,117,0,0,42.3707
0,8,117,0,0,42.3698
0,9,117,0,0,42.3688
0,10,117,0,0,42.3677
0,11,117,0,0,42.3665
0,12,117,0,0,42.3652
0,13,117,0,0,42.3638
0,14,117,0,0,42.3623
0,15,117,0,0,42.3608
0,16,117,0,0,42.3591
0,17,117,0,0,42.3574
0,18,117,0,0,42.3556
0,19,117,0,0,42.3537
0,20,117,0,0,42.3518
0,21,117,0,0,42.3497
0,22,117,0,0,42.3476
0,23,117,0,0,42.3454
0,24,117,0,0,42.3431
0,25,117,0,0,42.3407
0,26,117,0,0,42.3383
0,27,117,0,0,42.3358
0,28,117,0,0,42.3332
0,29,117,0,0,42.3306
0,30,117,0,0,42.3279
0,31,117,0,0,42.3251
0,32,117,0,1.24031e-06,42.3222
0,33,117,0,0,42.3192
0,34,117,0,0,42.3162
0,35,117,0,0,42.313
0,36,117,0,0,42.3098
0,37,117,0,0,42.3066
0,38,117,0,0,42.3033
0,39,117,0,0,42.2999
0,40,117,0,0,42.2965
0,41,117,0,0,42.2931
0,42,117,0,0,42.2896
0,43,117,0,0,42.286
0,44,117,0,0,42.2824
0,45,117,0,0,42.2788
0,46,117,0,0,42.2751
0,47,117,0,0,42.2714
0,48,117,0,0,42.2676
0,49,117,0,0,42.2639
0,50,117,0,0,42.26
0,51,117,0,0,42.2562
0,52,117,0,0,42.2523
0,53,117,0,0,42.2484
0,54,117,0,0,42.2444
0,55,117,0,0,42.2405
0,56,117,0,0,42.2365
0,57,117,0,0,42.2324
0,58,117,0,0,42.2284
0,59,117,0,0,42.2244
0,60,117,0,0,42.2203
0,61,117,0,0,42.2162
0,62,117,0,0,42.2121
0,63,117,0,0,42.208
0,64,117,0,1.24031e-06,42.2038
0,65,117,0,0,42.1996
0,66,117,0,0,42.1954
0,67,117,0,0,42.1911
0,68,117,0,0,42.1868
0,69,117,0,0,42.1826
0,70,117,0,0,42.1783
0,71,117,0,0,42.174
0,72,117,0,0,42.1698
0,73,117,0,0,42.1655
0,74,117,0,0,42.1612
0,75,117,0,0,42.157
0,76,117,0,0,42.1527
0,77,117,0,0,42.1484
0,78,117,0,0,42.1442
0,79,117,0,0,42.1399
0,80,117,0,0,42.1357
0,81,117,0,0,42.1315
0,82,117,0,0,42.1272
0,83,117,0,0,42.123
0,84,117,0,0,42.1188
0,85,117,0,0,42.1146
0,86,117,0,0,42.1105
0,87,117,0,0,42.1063
0,88,117,0,0,42.1022
0,89,117,0,0,42.098
0,90,117,0,0,42.0939
0,91,117,0,0,42.0898
0,92,117,0,0,42.0857
0,93,117,0,0,42.0816
0,94,117,0,0,42.0776
0,95,117,0,0,42.0736
0,96,117,0,1.24031e-06,42.0696
0,97,117,0,0,42.0655
0,98,117,0,0,42.0614
0,99,117,0,0,42.0573
0,100,117,0,0,42.0533
0,101,117,0,0,42.0493
0,102,117,0,0,42.0453
0,103,117,0,0,42.0413
0,104,117,0,0,42.0374
0,105,117,0,0,42.0334
0,106,117,0,0,42.0295
0,107,117,0,0,42.0256
0,108,117,0,0,42.0218
0,109,117,0,0,42.0179
0,110,117,0,0,42.0141
0,111,117,0,0,42.0103
0,112,117,0,0,42.0065
0,113,117,0,0,42.0028
0,114,117,0,0,41.9991
0,115,117,0,0,41.9954
0,116,117,0,0,41.9917
0,117,117,0,0,41.988
0,118,117,0,0,41.9844
0,119,117,0,0,41.9808
0,120,117,0,0,41.9772
0,121,117,0,0,41.9736
0,122,117,0,0,41.9701
0,123,117,0,0,41.9666
0,124,117,0,0,41.9631
0,125,117,0,0,41.9596
0,126,117,0,0,41.9562
0,127,117,0,0,41.9528
0,128,117,0,1.24031e-06,41.9494
0,129,117,0,0,41.9459
0,130,117,0,0,41.9425
0,131,117,0,0,41.9391
0,132,117,0,0,41.9357
0,133,117,0,0,41.9323
0,134,117,0,0,41.9289
0,135,117,0,0,41.9256
0,136,117,0,0,41.9223
0,137,117,0,0,41.9191
0,138,117,0,0,41.9158
0,139,117,0,0,41.9126
0,140,117,0,0,41.9094
0,141,117,0,0,41.9062
0,142,117,0,0,41.9031
0,143,117,0,0,41.8999
0,144,117,0,0,41.8968
0,145,117,0,0,41.8938
0,146,117,0,0,41.8907
0,147,117,0,0,41.8877
0,148,117,0,0,41.8847
0,149,117,0,0,41.8817
0,150,117,0,0,41.8787
0,151,117,0,0,41.8758
0,152,117,0,0,41.8729
0,153,117,0,0,41.87
0,154,117,0,0,41.8671
0,155,117,0,0,41.8643
0,156,117,0,0,41.8615
0,157,117,0,0,41.8587
0,158,117,0,0,41.856
0,159,117,0,0,41.8532
0,160,117,0,1.24031e-06,41.8505
0,161,117,0,0,41.8477
0,162,117,0,0,41.8449
0,163,117,0,0,41.8422
0,164,117,0,0,41.8395
0,165,117,0,0,41.8368
0,166,117,0,0,41.8341
0,167,117,0,0,41.8315
0,168,117,0,0,41.8289
0,169,117,0,0,41.8263
0,170,117,0,0,41.8237
0,171,117,0,0,41.8211
0,172,117,0,0,41.8186
0,173,117,0,0,41.8161
0,174,117,0,0,41.8136
0,175,117,0,0,41.8112
0,176,117,0,0,41.8087
0,177,117,0,0,41.8063
0,178,117,0,0,41.8039
0,179,117,0,0,41.8016
0,180,117,0,0,41.7992
0,181,117,0,0,41.7969
0,182,117,0,0,41.7946
0,183,117,0,0,41.7924
0,184,117,0,0,41.7901
0,185,117,0,0,41.7879
0,186,117,0,0,41.7857
0,187,117,0,0,41.7836
0,188,117,0,0,41.7814
0,189,117,0,0,41.7793
0,190,117,0,0,41.7772
0,191,117,0,0,41.7751
0,192,117,0,1.24031e-06,41.7731
0,193,117,0,0,41.771
0,194,117,0,0,41.7689
0,195,117,0,0,41.7668
0,196,117,0,0,41.7648
0,197,117,0,0,41.7628
0,198,117,0,0,41.7608
0,199,117,0,0,41.7588
0,200,117,0,0,41.7569
0,201,117,0,0,41.755
0,202,117,0,0,41.7531
0,203,117,0,0,41.7512
0,204,117,0,0,41.7494
0,205,117,0,0,41.7476
0,206,117,0,0,41.7458
0,207,117,0,0,41.7441
0,208,117,0,0,41.7424
0,209,117,0,0,41.7407
0,210,117,0,0,41.739
0,211,117,0,0,41.7374
0,212,117,0,0,41.7358
0,213,117,0,0,41.7342
0,214,117,0,0,41.7327
0,215,117,0,0,41.7312
0,216,117,0,0,41.7297
0,217,117,0,0,41.7282
0,218,117,0,0,41.7268
0,219,117,0,0,41.7254
0,220,117,0,0,41.7241
0,221,117,0,0,41.7228
0,222,117,0,0,41.7215
0,223,117,0,0,41.7202
0,224,117,0,1.24031e-06,41.719
0,225,117,0,0,41.7177
0,226,117,0,0,41.7165
0,227,117,0,0,41.7152
0,228,117,0,0,41.7141
0,229,117,0,0,41.7129
0,230,117,0,0,41.7118
0,231,117,0,0,41.7107
0,232,117,0,0,41.7097
0,233,117,0,0,41.7087
0,234,117,0,0,41.7077
0,235,117,0,0,41.7068
0,236,117,0,0,41.7059
0,237,117,0,0,41.7051
0,238,117,0,0,41.7043
0,239,117,0,0,41.7035
0,240,117,0,0,41.7028
0,241,117,0,0,41.7021
0,242,117,0,0,41.7015
0,243,117,0,0,41.7009
0,244,117,0,0,41.7003
0,245,117,0,0,41.6998
0,246,117,0,0,41.6994
0,247,117,0,0,41.6989
0,248,117,0,0,41.6985
0,249,117,0,0,41.6982
0,250,117,0,0,41.6979
0,251,117,0,0,41.6976
0,252,117,0,0,41.6974
0,253,117,0,0,41.6972
0,254,117,0,0,41.6971
0,255,117,0,0,41.697
0,0,118,0,1.24031e-06,42.3445
0,1,118,0,0,42.3442
0,2,118,0,0,42.3438
0,3,118,0,0,42.3433
0,4,118,0,0,42.3428
0,5,118,0,0,42.3421
0,6,118,0,0,42.3414
0,7,118,0,0,42.3406
0,8,118,0,0,42.3397
0,9,118,0,0,42.3387
0,10,118,0,0,42.3376
0,11,118,0,0,42.3364
0,12,118,0,0,42.3352
0,13,118,0,0,42.3338
0,14,118,0,0,42.3324
0,15,118,0,0,42.3309
0,16,118,0,0,42.3293
0,17,118,0,0,42.3276
0,18,118,0,0,42.3258
0,19,118,0,0,42.324
0,20,118,0,0,42.3221
0,21,118,0,0,42.3201
0,22,118,0,0,42.318
0,23,118,0,0,42.3158
0,24,118,0,0,42.3136
0,25,118,0,0,42.3113
0,26,118,0,0,42.3089
0,27,118,0,0,42.3065
0,28,118,0,0,42.304
0,29,118,0,0,42.3014
0,30,118,0,0,42.2987
0,31,118,0,0,42.296
0,32,118,0,1.24031e-06,42.2932
0,33,118,0,0,42.2903
0,34,118,0,0,42.2873
0,35,118,0,0,42.2842
0,36,118,0,0,42.2811
0,37,118,0,0,42.2779
0,38,118,0,0,42.2747
0,39,118,0,0,42.2714
0,40,118,0,0,42.2681
0,41,118,0,0,42.2647
0,42,118,0,0,42.2613
0,43,118,0,0,42.2578
0,44,118,0,0,42.2543
0,45,118,0,0,42.2507
0,46,118,0,0,42.2471
0,47,118,0,0,42.2435
0,48,118,0,0,42.2398
0,49,118,0,0,42.2361
0,50,118,0,0,42.2324
0,51,118,0,0,42.2286
0,52,118,0,0,42.2248
0,53,118,0,0,42.2209
0,54,118,0,0,42.2171
0,55,118,0,0,42.2132
0,56,118,0,0,42.2093
0,57,118,0,0,42.2053
0,58,118,0,0,42.2014
0,59,118,0,0,42.1974
0,60,118,0,0,42.1934
0,61,118,0,0,42.1894
0,62,118,0,0,42.1854
0,63,118,0,0,42.1813
0,64,118,0,1.24031e-06,42.1773
0,65,118,0,0,42.1731
0,66,118,0,0,42.169
0,67,118,0,0,42.1648
0,68,118,0,0,42.1606
0,69,118,0,0,42.1564
0,70,118,0,0,42.1522
0,71,118,0,0,42.148
0,72,118,0,0,42.1438
0,73,118,0,0,42.1396
0,74,118,0,0,42.1354
0,75,118,0,0,42.1312
0,76,118,0,0,42.1271
0,77,118,0,0,42.1229
0,78,118,0,0,42.1187
0,79,118,0,0,42.1145
0,80,118,0,0,42.1103
0,81,118,0,0,42.1062
0,82,118,0,0,42.102
0,83,118,0,0,42.0979
0,84,118,0,0,42.0938
0,85,118,0,0,42.0896
0,86,118,0,0,42.0855
0,87,118,0,0,42.0814
0,88,118,0,0,42.0773
0,89,118,0,0,42.0733
0,90,118,0,0,42.0692
0,91,118,0,0,42.0652
0,92,118,0,0,42.0611
0,93,118,0,0,42.0571
0,94,118,0,0,42.0532
0,95,118,0,0,42.0492
0,96,118,0,1.24031e-06,42.0452
0,97,118,0,0,42.0412
0,98,118,0,0,42.0372
0,99,118,0,0,42.0332
0,100,118,0,0,42.0292
0,101,118,0,0,42.0252
0,102,118,0,0,42.0213
0,103,118,0,0,42.0174
0,104,118,0,0,42.0135
0,105,118,0,0,42.0096
0,106,118,0,0,42.0057
0,107,118,0,0,42.0019
0,108,118,0,0,41.9981
0,109,118,0,0,41.9943
0,110,118,0,0,41.9905
0,111,118,0,0,41.9868
0,112,118,0,0,41.9831
0,113,118,0,0,41.9794
0,114,118,0,0,41.9757
0,115,118,0,0,41.972
0,116,118,0,0,41.9684
0,117,118,0,0,41.9648
0,118,118,0,0,41.9612
0,119,118,0,0,41.9576
0,120,118,0,0,41.9541
0,121,118,0,0,41.9506
0,122,118,0,0,41.9471
0,123,118,0,0,41.9436
0,124,118,0,0,41.9402
0,125,118,0,0,41.9368
0,126,118,0,0,41.9334
0,127,118,0,0,41.93
0,128,118,0,1.24031e-06,41.9266
0,129,118,0,0,41.9232
0,130,118,0,0,41.9198
0,131,118,0,0,41.9164
0,132,118,0,0,41.9131
0,133,118,0,0,41.9097
0,134,118,0,0,41.9064
0,135,118,0,0,41.9032
0,136,118,0,0,41.8999
0,137,118,0,0,41.8967
0,138,118,0,0,41.8935
0,139,118,0,0,41.8903
0,140,118,0,0,41.8871
0,141,118,0,0,41.884
0,142,118,0,0,41.8809
0,143,118,0,0,41.8778
0,144,118,0,0,41.8747
0,145,118,0,0,41.8717
0,146,118,0,0,41.8687
0,147,118,0,0,41.8657
0,148,118,0,0,41.8627
0,149,118,0,0,41.8598
0,150,118,0,0,41.8568
0,151,118,0,0,41.8539
0,152,118,0,0,41.8511
0,153,118,0,0,41.8482
0,154,118,0,0,41.8454
0,155,118,0,0,41.8426
0,156,118,0,0,41.8398
0,157,118,0,0,41.8371
0,158,118,0,0,41.8343
0,159,118,0,0,41.8316
0,160,118,0,1.24031e-06,41.8289
0,161,118,0,0,41.8262
0,162,118,0,0,41.8235
0,163,118,0,0,41.8207
0,164,118,0,0,41.8181
0,165,118,0,0,41.8154
0,166,118,0,0,41.8128
0,167,118,0,0,41.8101
0,168,118,0,0,41.8076
0,169,118,0,0,41.805
0,170,118,0,0,41.8024
0,171,118,0,0,41.7999
0,172,118,0,0,41.7974
0,173,118,0,0,41.795
0,174,118,0,0,41.7925
0,175,118,0,0,41.7901
0,176,118,0,0,41.7877
0,177,118,0,0,41.7853
0,178,118,0,0,41.7829
0,179,118,0,0,41.7806
0,180,118,0,0,41.7783
0,181,118,0,0,41.776
0,182,118,0,0,41.7738
0,183,118,0,0,41.7715
0,184,118,0,0,41.7693
0,185,118,0,0,41.7671
0,186,118,0,0,41.765
0,187,118,0,0,41.7628
0,188,118,0,0,41.7607
0,189,118,0,0,41.7586
0,190,118,0,0,41.7566
0,191,118,0,0,41.7545
0,192,118,0,1.24031e-06,41.7525
0,193,118,0,0,41.7504
0,194,118,0,0,41.7483
0,195,118,0,0,41.7463
0,196,118,0,0,41.7443
0,197,118,0,0,41.7423
0,198,118,0,0,41.7403
0,199,118,0,0,41.7384
0,200,118,0,0,41.7365
0,201,118,0,0,41.7346
0,202,118,0,0,41.7328
0,203,118,0,0,41.7309
0,204,118,0,0,41.7291
0,205,118,0,0,41.7274
0,206,118,0,0,41.7256
0,207,118,0,0,41.7239
0,208,118,0,0,41.7222
0,209,118,0,0,41.7205
0,210,118,0,0,41.7189
0,211,118,0,0,41.7173
0,212,118,0,0,41.7157
0,213,118,0,0,41.7142
0,214,118,0,0,41.7127
0,215,118,0,0,41.7112
0,216,118,0,0,41.7097
0,217,118,0,0,41.7083
0,218,118,0,0,41.7069
0,219,118,0,0,41.7055
0,220,118,0,0,41.7042
0,221,118,0,0,41.7029
0,222,118,0,0,41.7016
0,223,118,0,0,41.7004
0,224,118,0,1.24031e-06,41.6992
0,225,118,0,0,41.698
0,226,118,0,0,41.6967
0,227,118,0,0,41.6955
0,228,118,0,0,41.6944
0,229,118,0,0,41.6933
0,230,118,0,0,41.6922
0,231,118,0,0,41.6911
0,232,118,0,0,41.6901
0,233,118,0,0,41.6891
0,234,118,0,0,41.6882
0,235,118,0,0,41.6873
0,236,118,0,0,41.6864
0,237,118,0,0,41.6856
0,238,118,0,0,41.6848
0,239,118,0,0,41.6841
0,240,118,0,0,41.6834
0,241,118,0,0,41.6827
0,242,118,0,0,41.6821
0,243,118,0,0,41.6815
0,244,118,0,0,41.6809
0,245,118,0,0,41.6804
0,246,118,0,0,41.68
0,247,118,0,0,41.6795
0,248,118,0,0,41.6792
0,249,118,0,0,41.6788
0,250,118,0,0,41.6785
0,251,118,0,0,41.6783
0,252,118,0,0,41.678
0,253,118,0,0,41.6779
0,254,118,0,0,41.6777
0,255,118,0,0,41.6777
0,0,119,0,1.24031e-06,42.3171
0,1,119,0,0,42.3168
0,2,119,0,0,42.3165
0,3,119,0,0,42.316
0,4,119,0,0,42.3155
0,5,119,0,0,42.3149
0,6,119,0,0,42.3141
0,7,119,0,0,42.3133
0,8,119,0,0,42.3124
0,9,119,0,0,42.3115
0,10,119,0,0,42.3104
0,11,119,0,0,42.3093
0,12,119,0,0,42.308
0,13,119,0,0,42.3067
0,14,119,0,0,42.3053
0,15,119,0,0,42.3038
0,16,119,0,0,42.3023
0,17,119,0,0,42.3006
0,18,119,0,0,42.2989
0,19,119,0,0,42.2971
0,20,119,0,0,42.2952
0,21,119,0,0,42.2932
0,22,119,0,0,42.2912
0,23,119,0,0,42.2891
0,24,119,0,0,42.2869
0,25,119,0,0,42.2847
0,26,119,0,0,42.2823
0,27,119,0,0,42.2799
0,28,119,0,0,42.2775
0,29,119,0,0,42.2749
0,30,119,0,0,42.2723
0,31,119,0,0,42.2697
0,32,119,0,1.24031e-06,42.267
0,33,119,0,0,42.2641
0,34,119,0,0,42.2611
0,35,119,0,0,42.2581
0,36,119,0,0,42.2551
0,37,119,0,0,42.252
0,38,119,0,0,42.2488
0,39,119,0,0,42.2456
0,40,119,0,0,42.2423
0,41,119,0,0,42.239
0,42,119,0,0,42.2357
0,43,119,0,0,42.2323
0,44,119,0,0,42.2288
0,45,119,0,0,42.2253
0,46,119,0,0,42.2218
0,47,119,0,0,42.2182
0,48,119,0,0,42.2146
0,49,119,0,0,42.211
0,50,119,0,0,42.2073
0,51,119,0,0,42.2036
0,52,119,0,0,42.1999
0,53,119,0,0,42.1961
0,54,119,0,0,42.1923
0,55,119,0,0,42.1885
0,56,119,0,0,42.1847
0,57,119,0,0,42.1808
0,58,119,0,0,42.1769
0,59,119,0,0,42.173
0,60,119,0,0,42.1691
0,61,119,0,0,42.1651
0,62,119,0,0,42.1612
0,63,119,0,0,42.1572
0,64,119,0,1.24031e-06,42.1532
0,65,119,0,0,42.1492
0,66,119,0,0,42.1451
0,67,119,0,0,42.141
0,68,119,0,0,42.1368
0,69,119,0,0,42.1327
0,70,119,0,0,42.1286
0,71,119,0,0,42.1245
0,72,119,0,0,42.1203
0,73,119,0,0,42.1162
0,74,119,0,0,42.1121
0,75,119,0,0,42.108
0,76,119,0,0,42.1038
0,77,119,0,0,42.0997
0,78,119,0,0,42.0956
0,79,119,0,0,42.0915
0,80,119,0,0,42.0874
0,81,119,0,0,42.0833
0,82,119,0,0,42.0792
0,83,119,0,0,42.0751
0,84,119,0,0,42.071
0,85,119,0,0,42.067
0,86,119,0,0,42.0629
0,87,119,0,0,42.0589
0,88,119,0,0,42.0549
0,89,119,0,0,42.0508
0,90,119,0,0,42.0468
0,91,119,0,0,42.0429
0,92,119,0,0,42.0389
0,93,119,0,0,42.0349
0,94,119,0,0,42.031
0,95,119,0,0,42.0271
0,96,119,0,1.24031e-06,42.0232
0,97,119,0,0,42.0192
0,98,119,0,0,42.0152
0,99,119,0,0,42.0113
0,100,119,0,0,42.0074
0,101,119,0,0,42.0035
0,102,119,0,0,41.9996
0,103,119,0,0,41.9957
0,104,119,0,0,41.9919
0,105,119,0,0,41.988
0,106,119,0,0,41.9842
0,107,119,0,0,41.9804
0,108,119,0,0,41.9767
0,109,119,0,0,41.9729
0,110,119,0,0,41.9692
0,111,119,0,0,41.9655
0,112,119,0,0,41.9618
0,113,119,0,0,41.9582
0,114,119,0,0,41.9545
0,115,119,0,0,41.9509
0,116,119,0,0,41.9473
0,117,119,0,0,41.9438
0,118,119,0,0,41.9402
0,119,119,0,0,41.9367
0,120,119,0,0,41.9332
0,121,119,0,0,41.9297
0,122,119,0,0,41.9263
0,123,119,0,0,41.9228
0,124,119,0,0,41.9194
0,125,119,0,0,41.916
0,126,119,0,0,41.9127
0,127,119,0,0,41.9094
0,128,119,0,1.24031e-06,41.906
0,129,119,0,0,41.9027
0,130,119,0,0,41.8993
0,131,119,0,0,41.8959
0,132,119,0,0,41.8926
0,133,119,0,0,41.8893
0,134,119,0,0,41.8861
0,135,119,0,0,41.8828
0,136,119,0,0,41.8796
0,137,119,0,0,41.8764
0,138,119,0,0,41.8732
0,139,119,0,0,41.8701
0,140,119,0,0,41.867
0,141,119,0,0,41.8639
0,142,119,0,0,41.8608
0,143,119,0,0,41.8577
0,144,119,0,0,41.8547
0,145,119,0,0,41.8517
0,146,119,0,0,41.8487
0,147,119,0,0,41.8457
0,148,119,0,0,41.8428
0,149,119,0,0,41.8399
0,150,119,0,0,41.837
0,151,119,0,0,41.8341
0,152,119,0,0,41.8313
0,153,119,0,0,41.8285
0,154,119,0,0,41.8257
0,155,119,0,0,41.8229
0,156,119,0,0,41.8202
0,157,119,0,0,41.8174
0,158,119,0,0,41.8147
0,159,119,0,0,41.8121
0,160,119,0,1.24031e-06,41.8094
0,161,119,0,0,41.8067
0,162,119,0,0,41.804
0,163,119,0,0,41.8013
0,164,119,0,0,41.7987
0,165,119,0,0,41.796
0,166,119,0,0,41.7934
0,167,119,0,0,41.7908
0,168,119,0,0,41.7883
0,169,119,0,0,41.7857
0,170,119,0,0,41.7832
0,171,119,0,0,41.7807
0,172,119,0,0,41.7782
0,173,119,0,0,41.7758
0,174,119,0,0,41.7734
0,175,119,0,0,41.771
0,176,119,0,0,41.7686
0,177,119,0,0,41.7663
0,178,119,0,0,41.7639
0,179,119,0,0,41.7616
0,180,119,0,0,41.7593
0,181,119,0,0,41.7571
0,182,119,0,0,41.7549
0,183,119,0,0,41.7526
0,184,119,0,0,41.7505
0,185,119,0,0,41.7483
0,186,119,0,0,41.7462
0,187,119,0,0,41.744
0,188,119,0,0,41.742
0,189,119,0,0,41.7399
0,190,119,0,0,41.7379
0,191,119,0,0,41.7358
0,192,119,0,1.24031e-06,41.7339
0,193,119,0,0,41.7318
0,194,119,0,0,41.7297
0,195,119,0,0,41.7277
0,196,119,0,0,41.7257
0,197,119,0,0,41.7238
0,198,119,0,0,41.7218
0,199,119,0,0,41.7199
0,200,119,0,0,41.7181
0,201,119,0,0,41.7162
0,202,119,0,0,41.7144
0,203,119,0,0,41.7126
0,204,119,0,0,41.7108
0,205,119,0,0,41.709
0,206,119,0,0,41.7073
0,207,119,0,0,41.7056
0,208,119,0,0,41.7039
0,209,119,0,0,41.7023
0,210,119,0,0,41.7007
0,211,119,0,0,41.6991
0,212,119,0,0,41.6976
0,213,119,0,0,41.696
0,214,119,0,0,41.6945
0,215,119,0,0,41.6931
0,216,119,0,0,41.6916
0,217,119,0,0,41.6902
0,218,119,0,0,41.6889
0,219,119,0,0,41.6875
0,220,119,0,0,41.6862
0,221,119,0,0,41.6849
0,222,119,0,0,41.6837
0,223,119,0,0,41.6825
0,224,119,0,1.24031e-06,41.6813
0,225,119,0,0,41.6801
0,226,119,0,0,41.6789
0,227,119,0,0,41.6777
0,228,119,0,0,41.6765
0,229,119,0,0,41.6754
0,230,119,0,0,41.6744
0,231,119,0,0,41.6733
0,232,119,0,0,41.6723
0,233,119,0,0,41.6714
0,234,119,0,0,41.6705
0,235,119,0,0,41.6696
0,236,119,0,0,41.6687
0,237,119,0,0,41.6679
0,238,119,0,0,41.6671
0,239,119,0,0,41.6664
0,240,119,0,0,41.6657
0,241,119,0,0,41.6651
0,242,119,0,0,41.6645
0,243,119,0,0,41.6639
0,244,119,0,0,41.6633
0,245,119,0,0,41.6628
0,246,119,0,0,41.6624
0,247,119,0,0,41.662
0,248,119,0,0,41.6616
0,249,119,0,0,41.6613
0,250,119,0,0,41.661
0,251,119,0,0,41.6607
0,252,119,0,0,41.6605
0,253,119,0,0,41.6603
0,254,119,0,0,41.6602
0,255,119,0,0,41.6601
0,0,120,0,1.24031e-06,42.2926
0,1,120,0,0,42.2923
0,2,120,0,0,42.292
0,3,120,0,0,42.2915
0,4,120,0,0,42.291
0,5,120,0,0,42.2904
0,6,120,0,0,42.2897
0,7,120,0,0,42.2889
0,8,120,0,0,42.288
0,9,120,0,0,42.2871
0,10,120,0,0,42.286
0,11,120,0,0,42.2849
0,12,120,0,0,42.2837
0,13,120,0,0,42.2824
0,14,120,0,0,42.281
0,15,120,0,0,42.2796
0,16,120,0,0,42.278
0,17,120,0,0,42.2764
0,18,120,0,0,42.2747
0,19,120,0,0,42.273
0,20,120,0,0,42.2711
0,21,120,0,0,42.2692
0,22,120,0,0,42.2672
0,23,120,0,0,42.2651
0,24,120,0,0,42.263
0,25,120,0,0,42.2608
0,26,120,0,0,42.2585
0,27,120,0,0,42.2561
0,28,120,0,0,42.2537
0,29,120,0,0,42.2512
0,30,120,0,0,42.2487
0,31,120,0,0,42.2461
0,32,120,0,1.24031e-06,42.2434
0,33,120,0,0,42.2406
0,34,120,0,0,42.2377
0,35,120,0,0,42.2348
0,36,120,0,0,42.2318
0,37,120,0,0,42.2287
0,38,120,0,0,42.2256
0,39,120,0,0,42.2225
0,40,120,0,0,42.2193
0,41,120,0,0,42.216
0,42,120,0,0,42.2127
0,43,120,0,0,42.2094
0,44,120,0,0,42.206
0,45,120,0,0,42.2026
0,46,120,0,0,42.1991
0,47,120,0,0,42.1956
0,48,120,0,0,42.192
0,49,120,0,0,42.1885
0,50,120,0,0,42.1849
0,51,120,0,0,42.1812
0,52,120,0,0,42.1775
0,53,120,0,0,42.1738
0,54,120,0,0,42.1701
0,55,120,0,0,42.1664
0,56,120,0,0,42.1626
0,57,120,0,0,42.1588
0,58,120,0,0,42.155
0,59,120,0,0,42.1511
0,60,120,0,0,42.1473
0,61,120,0,0,42.1434
0,62,120,0,0,42.1395
0,63,120,0,0,42.1356
0,64,120,0,1.24031e-06,42.1317
0,65,120,0,0,42.1277
0,66,120,0,0,42.1236
0,67,120,0,0,42.1196
0,68,120,0,0,42.1155
0,69,120,0,0,42.1115
0,70,120,0,0,42.1074
0,71,120,0,0,42.1033
0,72,120,0,0,42.0993
0,73,120,0,0,42.0952
0,74,120,0,0,42.0911
0,75,120,0,0,42.0871
0,76,120,0,0,42.083
0,77,120,0,0,42.0789
0,78,120,0,0,42.0749
0,79,120,0,0,42.0708
0,80,120,0,0,42.0668
0,81,120,0,0,42.0627
0,82,120,0,0,42.0587
0,83,120,0,0,42.0547
0,84,120,0,0,42.0507
0,85,120,0,0,42.0467
0,86,120,0,0,42.0427
0,87,120,0,0,42.0387
0,88,120,0,0,42.0347
0,89,120,0,0,42.0307
0,90,120,0,0,42.0268
0,91,120,0,0,42.0229
0,92,120,0,0,42.0189
0,93,120,0,0,42.015
0,94,120,0,0,42.0111
0,95,120,0,0,42.0073
0,96,120,0,1.24031e-06,42.0034
0,97,120,0,0,41.9995
0,98,120,0,0,41.9956
0,99,120,0,0,41.9917
0,100,120,0,0,41.9878
0,101,120,0,0,41.9839
0,102,120,0,0,41.9801
0,103,120,0,0,41.9763
0,104,120,0,0,41.9725
0,105,120,0,0,41.9687
0,106,120,0,0,41.9649
0,107,120,0,0,41.9612
0,108,120,0,0,41.9574
0,109,120,0,0,41.9537
0,110,120,0,0,41.9501
0,111,120,0,0,41.9464
0,112,120,0,0,41.9428
0,113,120,0,0,41.9391
0,114,120,0,0,41.9355
0,115,120,0,0,41.932
0,116,120,0,0,41.9284
0,117,120,0,0,41.9249
0,118,120,0,0,41.9214
0,119,120,0,0,41.9179
0,120,120,0,0,41.9144
0,121,120,0,0,41.911
0,122,120,0,0,41.9076
0,123,120,0,0,41.9042
0,124,120,0,0,41.9008
0,125,120,0,0,41.8975
0,126,120,0,0,41.8941
0,127,120,0,0,41.8908
0,128,120,0,1.24031e-06,41.8876
0,129,120,0,0,41.8842
0,130,120,0,0,41.8809
0,131,120,0,0,41.8776
0,132,120,0,0,41.8743
0,133,120,0,0,41.871
0,134,120,0,0,41.8678
0,135,120,0,0,41.8646
0,136,120,0,0,41.8614
0,137,120,0,0,41.8582
0,138,120,0,0,41.8551
0,139,120,0,0,41.852
0,140,120,0,0,41.8489
0,141,120,0,0,41.8458
0,142,120,0,0,41.8428
0,143,120,0,0,41.8397
0,144,120,0,0,41.8367
0,145,120,0,0,41.8338
0,146,120,0,0,41.8308
0,147,120,0,0,41.8279
0,148,120,0,0,41.825
0,149,120,0,0,41.8221
0,150,120,0,0,41.8192
0,151,120,0,0,41.8164
0,152,120,0,0,41.8136
0,153,120,0,0,41.8108
0,154,120,0,0,41.808
0,155,120,0,0,41.8053
0,156,120,0,0,41.8025
0,157,120,0,0,41.7999
0,158,120,0,0,41.7972
0,159,120,0,0,41.7945
0,160,120,0,1.24031e-06,41.7919
0,161,120,0,0,41.7892
0,162,120,0,0,41.7865
0,163,120,0,0,41.7839
0,164,120,0,0,41.7812
0,165,120,0,0,41.7786
0,166,120,0,0,41.7761
0,167,120,0,0,41.7735
0,168,120,0,0,41.771
0,169,120,0,0,41.7684
0,170,120,0,0,41.766
0,171,120,0,0,41.7635
0,172,120,0,0,41.761
0,173,120,0,0,41.7586
0,174,120,0,0,41.7562
0,175,120,0,0,41.7539
0,176,120,0,0,41.7515
0,177,120,0,0,41.7492
0,178,120,0,0,41.7469
0,179,120,0,0,41.7446
0,180,120,0,0,41.7423
0,181,120,0,0,41.7401
0,182,120,0,0,41.7379
0,183,120,0,0,41.7357
0,184,120,0,0,41.7335
0,185,120,0,0,41.7314
0,186,120,0,0,41.7293
0,187,120,0,0,41.7272
0,188,120,0,0,41.7251
0,189,120,0,0,41.7231
0,190,120,0,0,41.7211
0,191,120,0,0,41.7191
0,192,120,0,1.24031e-06,41.7171
0,193,120,0,0,41.7151
0,194,120,0,0,41.7131
0,195,120,0,0,41.7111
0,196,120,0,0,41.7091
0,197,120,0,0,41.7072
0,198,120,0,0,41.7053
0,199,120,0,0,41.7034
0,200,120,0,0,41.7015
0,201,120,0,0,41.6997
0,202,120,0,0,41.6979
0,203,120,0,0,41.6961
0,204,120,0,0,41.6943
0,205,120,0,0,41.6926
0,206,120,0,0,41.6909
0,207,120,0,0,41.6892
0,208,120,0,0,41.6876
0,209,120,0,0,41.686
0,210,120,0,0,41.6844
0,211,120,0,0,41.6828
0,212,120,0,0,41.6813
0,213,120,0,0,41.6798
0,214,120,0,0,41.6783
0,215,120,0,0,41.6768
0,216,120,0,0,41.6754
0,217,120,0,0,41.6741
0,218,120,0,0,41.6727
0,219,120,0,0,41.6714
0,220,120,0,0,41.6701
0,221,120,0,0,41.6688
0,222,120,0,0,41.6676
0,223,120,0,0,41.6664
0,224,120,0,1.24031e-06,41.6653
0,225,120,0,0,41.664
0,226,120,0,0,41.6628
0,227,120,0,0,41.6617
0,228,120,0,0,41.6606
0,229,120,0,0,41.6595
0,230,120,0,0,41.6584
0,231,120,0,0,41.6574
0,232,120,0,0,41.6564
0,233,120,0,0,41.6555
0,234,120,0,0,41.6546
0,235,120,0,0,41.6537
0,236,120,0,0,41.6529
0,237,120,0,0,41.6521
0,238,120,0,0,41.6513
0,239,120,0,0,41.6506
0,240,120,0,0,41.6499
0,241,120,0,0,41.6493
0,242,120,0,0,41.6487
0,243,120,0,0,41.6481
0,244,120,0,0,41.6476
0,245,120,0,0,41.6471
0,246,120,0,0,41.6466
0,247,120,0,0,41.6462
0,248,120,0,0,41.6459
0,249,120,0,0,41.6455
0,250,120,0,0,41.6452
0,251,120,0,0,41.645
0,252,120,0,0,41.6448
0,253,120,0,0,41.6446
0,254,120,0,0,41.6445
0,255,120,0,0,41.6444
0,0,121,0,1.24031e-06,42.2709
0,1,121,0,0,42.2706
0,2,121,0,0,42.2703
0,3,121,0,0,42.2698
0,4,121,0,0,42.2693
0,5,121,0,0,42.2687
0,6,121,0,0,42.268
0,7,121,0,0,42.2672
0,8,121,0,0,42.2664
0,9,121,0,0,42.2654
0,10,121,0,0,42.2644
0,11,121,0,0,42.2633
0,12,121,0,0,42.2621
0,13,121,0,0,42.2609
0,14,121,0,0,42.2595
0,15,121,0,0,42.2581
0,16,121,0,0,42.2566
0,17,121,0,0,42.255
0,18,121,0,0,42.2533
0,19,121,0,0,42.2516
0,20,121,0,0,42.2498
0,21,121,0,0,42.2479
0,22,121,0,0,42.2459
0,23,121,0,0,42.2439
0,24,121,0,0,42.2418
0,25,121,0,0,42.2396
0,26,121,0,0,42.2374
0,27,121,0,0,42.2351
0,28,121,0,0,42.2327
0,29,121,0,0,42.2303
0,30,121,0,0,42.2278
0,31,121,0,0,42.2252
0,32,121,0,1.24031e-06,42.2226
0,33,121,0,0,42.2198
0,34,121,0,0,42.217
0,35,121,0,0,42.2141
0,36,121,0,0,42.2111
0,37,121,0,0,42.2081
0,38,121,0,0,42.2051
0,39,121,0,0,42.202
0,40,121,0,0,42.1988
0,41,121,0,0,42.1956
0,42,121,0,0,42.1924
0,43,121,0,0,42.1891
0,44,121,0,0,42.1857
0,45,121,0,0,42.1824
0,46,121,0,0,42.179
0,47,121,0,0,42.1755
0,48,121,0,0,42.172
0,49,121,0,0,42.1685
0,50,121,0,0,42.1649
0,51,121,0,0,42.1614
0,52,121,0,0,42.1577
0,53,121,0,0,42.1541
0,54,121,0,0,42.1504
0,55,121,0,0,42.1467
0,56,121,0,0,42.143
0,57,121,0,0,42.1393
0,58,121,0,0,42.1355
0,59,121,0,0,42.1317
0,60,121,0,0,42.1279
0,61,121,0,0,42.1241
0,62,121,0,0,42.1203
0,63,121,0,0,42.1164
0,64,121,0,1.24031e-06,42.1126
0,65,121,0,0,42.1086
0,66,121,0,0,42.1046
0,67,121,0,0,42.1006
0,68,121,0,0,42.0966
0,69,121,0,0,42.0926
0,70,121,0,0,42.0886
0,71,121,0,0,42.0846
0,72,121,0,0,42.0806
0,73,121,0,0,42.0766
0,74,121,0,0,42.0726
0,75,121,0,0,42.0686
0,76,121,0,0,42.0646
0,77,121,0,0,42.0605
0,78,121,0,0,42.0565
0,79,121,0,0,42.0525
0,80,121,0,0,42.0485
0,81,121,0,0,42.0445
0,82,121,0,0,42.0406
0,83,121,0,0,42.0366
0,84,121,0,0,42.0326
0,85,121,0,0,42.0286
0,86,121,0,0,42.0247
0,87,121,0,0,42.0208
0,88,121,0,0,42.0168
0,89,121,0,0,42.0129
0,90,121,0,0,42.009
0,91,121,0,0,42.0051
0,92,121,0,0,42.0013
0,93,121,0,0,41.9974
0,94,121,0,0,41.9936
0,95,121,0,0,41.9897
0,96,121,0,1.24031e-06,41.9859
0,97,121,0,0,41.982
0,98,121,0,0,41.9781
0,99,121,0,0,41.9743
0,100,121,0,0,41.9704
0,101,121,0,0,41.9666
0,102,121,0,0,41.9628
0,103,121,0,0,41.959
0,104,121,0,0,41.9553
0,105,121,0,0,41.9515
0,106,121,0,0,41.9478
0,107,121,0,0,41.9441
0,108,121,0,0,41.9404
0,109,121,0,0,41.9367
0,110,121,0,0,41.9331
0,111,121,0,0,41.9295
0,112,121,0,0,41.9259
0,113,121,0,0,41.9223
0,114,121,0,0,41.9187
0,115,121,0,0,41.9152
0,116,121,0,0,41.9117
0,117,121,0,0,41.9082
0,118,121,0,0,41.9047
0,119,121,0,0,41.9012
0,120,121,0,0,41.8978
0,121,121,0,0,41.8944
0,122,121,0,0,41.891
0,123,121,0,0,41.8877
0,124,121,0,0,41.8843
0,125,121,0,0,41.881
0,126,121,0,0,41.8777
0,127,121,0,0,41.8744
0,128,121,0,1.24031e-06,41.8712
0,129,121,0,0,41.8679
0,130,121,0,0,41.8646
0,131,121,0,0,41.8613
0,132,121,0,0,41.858
0,133,121,0,0,41.8548
0,134,121,0,0,41.8516
0,135,121,0,0,41.8484
0,136,121,0,0,41.8453
0,137,121,0,0,41.8421
0,138,121,0,0,41.839
0,139,121,0,0,41.8359
0,140,121,0,0,41.8329
0,141,121,0,0,41.8298
0,142,121,0,0,41.8268
0,143,121,0,0,41.8238
0,144,121,0,0,41.8208
0,145,121,0,0,41.8179
0,146,121,0,0,41.8149
0,147,121,0,0,41.812
0,148,121,0,0,41.8092
0,149,121,0,0,41.8063
0,150,121,0,0,41.8035
0,151,121,0,0,41.8006
0,152,121,0,0,41.7979
0,153,121,0,0,41.7951
0,154,121,0,0,41.7924
0,155,121,0,0,41.7896
0,156,121,0,0,41.7869
0,157,121,0,0,41.7843
0,158,121,0,0,41.7816
0,159,121,0,0,41.779
0,160,121,0,1.24031e-06,41.7764
0,161,121,0,0,41.7737
0,162,121,0,0,41.7711
0,163,121,0,0,41.7684
0,164,121,0,0,41.7658
0,165,121,0,0,41.7632
0,166,121,0,0,41.7607
0,167,121,0,0,41.7581
0,168,121,0,0,41.7556
0,169,121,0,0,41.7531
0,170,121,0,0,41.7507
0,171,121,0,0,41.7482
0,172,121,0,0,41.7458
0,173,121,0,0,41.7434
0,174,121,0,0,41.741
0,175,121,0,0,41.7387
0,176,121,0,0,41.7364
0,177,121,0,0,41.734
0,178,121,0,0,41.7318
0,179,121,0,0,41.7295
0,180,121,0,0,41.7273
0,181,121,0,0,41.7251
0,182,121,0,0,41.7229
0,183,121,0,0,41.7207
0,184,121,0,0,41.7186
0,185,121,0,0,41.7164
0,186,121,0,0,41.7143
0,187,121,0,0,41.7123
0,188,121,0,0,41.7102
0,189,121,0,0,41.7082
0,190,121,0,0,41.7062
0,191,121,0,0,41.7042
0,192,121,0,1.24031e-06,41.7023
0,193,121,0,0,41.7003
0,194,121,0,0,41.6983
0,195,121,0,0,41.6963
0,196,121,0,0,41.6944
0,197,121,0,0,41.6924
0,198,121,0,0,41.6906
0,199,121,0,0,41.6887
0,200,121,0,0,41.6868
0,201,121,0,0,41.685
0,202,121,0,0,41.6832
0,203,121,0,0,41.6815
0,204,121,0,0,41.6797
0,205,121,0,0,41.678
0,206,121,0,0,41.6763
0,207,121,0,0,41.6747
0,208,121,0,0,41.6731
0,209,121,0,0,41.6715
0,210,121,0,0,41.6699
0,211,121,0,0,41.6684
0,212,121,0,0,41.6668
0,213,121,0,0,41.6654
0,214,121,0,0,41.6639
0,215,121,0,0,41.6625
0,216,121,0,0,41.6611
0,217,121,0,0,41.6597
0,218,121,0,0,41.6584
0,219,121,0,0,41.6571
0,220,121,0,0,41.6558
0,221,121,0,0,41.6546
0,222,121,0,0,41.6533
0,223,121,0,0,41.6522
0,224,121,0,1.24031e-06,41.651
0,225,121,0,0,41.6498
0,226,121,0,0,41.6486
0,227,121,0,0,41.6475
0,228,121,0,0,41.6464
0,229,121,0,0,41.6453
0,230,121,0,0,41.6443
0,231,121,0,0,41.6433
0,232,121,0,0,41.6423
0,233,121,0,0,41.6414
0,234,121,0,0,41.6405
0,235,121,0,0,41.6396
0,236,121,0,0,41.6388
0,237,121,0,0,41.638
0,238,121,0,0,41.6373
0,239,121,0,0,41.6366
0,240,121,0,0,41.6359
0,241,121,0,0,41.6353
0,242,121,0,0,41.6347
0,243,121,0,0,41.6341
0,244,121,0,0,41.6336
0,245,121,0,0,41.6331
0,246,121,0,0,41.6327
0,247,121,0,0,41.6323
0,248,121,0,0,41.6319
0,249,121,0,0,41.6316
0,250,121,0,0,41.6313
0,251,121,0,0,41.6311
0,252,121,0,0,41.6309
0,253,121,0,0,41.6307
0,254,121,0,0,41.6306
0,255,121,0,0,41.6305
0,0,122,0,1.24031e-06,42.252
0,1,122,0,0,42.2517
0,2,122,0,0,42.2514
0,3,122,0,0,42.2509
0,4,122,0,0,42.2504
0,5,122,0,0,42.2498
0,6,122,0,0,42.2491
0,7,122,0,0,42.2484
0,8,122,0,0,42.2475
0,9,122,0,0,42.2466
0,10,122,0,0,42.2456
0,11,122,0,0,42.2445
0,12,122,0,0,42.2433
0,13,122,0,0,42.2421
0,14,122,0,0,42.2408
0,15,122,0,0,42.2394
0,16,122,0,0,42.2379
0,17,122,0,0,42.2363
0,18,122,0,0,42.2347
0,19,122,0,0,42.233
0,20,122,0,0,42.2312
0,21,122,0,0,42.2293
0,22,122,0,0,42.2274
0,23,122,0,0,42.2254
0,24,122,0,0,42.2233
0,25,122,0,0,42.2212
0,26,122,0,0,42.219
0,27,122,0,0,42.2167
0,28,122,0,0,42.2144
0,29,122,0,0,42.212
0,30,122,0,0,42.2095
0,31,122,0,0,42.207
0,32,122,0,1.24031e-06,42.2044
0,33,122,0,0,42.2016
0,34,122,0,0,42.1988
0,35,122,0,0,42.196
0,36,122,0,0,42.1931
0,37,122,0,0,42.1901
0,38,122,0,0,42.1871
0,39,122,0,0,42.1841
0,40,122,0,0,42.181
0,41,122,0,0,42.1778
0,42,122,0,0,42.1746
0,43,122,0,0,42.1714
0,44,122,0,0,42.1681
0,45,122,0,0,42.1648
0,46,122,0,0,42.1614
0,47,122,0,0,42.158
0,48,122,0,0,42.1546
0,49,122,0,0,42.1511
0,50,122,0,0,42.1476
0,51,122,0,0,42.1441
0,52,122,0,0,42.1405
0,53,122,0,0,42.1369
0,54,122,0,0,42.1333
0,55,122,0,0,42.1296
0,56,122,0,0,42.1259
0,57,122,0,0,42.1223
0,58,122,0,0,42.1185
0,59,122,0,0,42.1148
0,60,122,0,0,42.1111
0,61,122,0,0,42.1073
0,62,122,0,0,42.1035
0,63,122,0,0,42.0997
0,64,122,0,1.24031e-06,42.0959
0,65,122,0,0,42.092
0,66,122,0,0,42.088
0,67,122,0,0,42.0841
0,68,122,0,0,42.0802
0,69,122,0,0,42.0762
0,70,122,0,0,42.0722
0,71,122,0,0,42.0683
0,72,122,0,0,42.0643
0,73,122,0,0,42.0604
0,74,122,0,0,42.0564
0,75,122,0,0,42.0524
0,76,122,0,0,42.0484
0,77,122,0,0,42.0445
0,78,122,0,0,42.0405
0,79,122,0,0,42.0366
0,80,122,0,0,42.0326
0,81,122,0,0,42.0287
0,82,122,0,0,42.0247
0,83,122,0,0,42.0208
0,84,122,0,0,42.0169
0,85,122,0,0,42.0129
0,86,122,0,0,42.009
0,87,122,0,0,42.0051
0,88,122,0,0,42.0012
0,89,122,0,0,41.9974
0,90,122,0,0,41.9935
0,91,122,0,0,41.9897
0,92,122,0,0,41.9858
0,93,122,0,0,41.982
0,94,122,0,0,41.9782
0,95,122,0,0,41.9744
0,96,122,0,1.24031e-06,41.9706
0,97,122,0,0,41.9668
0,98,122,0,0,41.9629
0,99,122,0,0,41.9591
0,100,122,0,0,41.9553
0,101,122,0,0,41.9515
0,102,122,0,0,41.9477
0,103,122,0,0,41.944
0,104,122,0,0,41.9403
0,105,122,0,0,41.9366
0,106,122,0,0,41.9329
0,107,122,0,0,41.9292
0,108,122,0,0,41.9255
0,109,122,0,0,41.9219
0,110,122,0,0,41.9183
0,111,122,0,0,41.9147
0,112,122,0,0,41.9111
0,113,122,0,0,41.9076
0,114,122,0,0,41.904
0,115,122,0,0,41.9005
0,116,122,0,0,41.897
0,117,122,0,0,41.8936
0,118,122,0,0,41.8901
0,119,122,0,0,41.8867
0,120,122,0,0,41.8833
0,121,122,0,0,41.8799
0,122,122,0,0,41.8766
0,123,122,0,0,41.8732
0,124,122,0,0,41.8699
0,125,122,0,0,41.8666
0,126,122,0,0,41.8634
0,127,122,0,0,41.8601
0,128,122,0,1.24031e-06,41.8569
0,129,122,0,0,41.8536
0,130,122,0,0,41.8503
0,131,122,0,0,41.8471
0,132,122,0,0,41.8439
0,133,122,0,0,41.8407
0,134,122,0,0,41.8375
0,135,122,0,0,41.8343
0,136,122,0,0,41.8312
0,137,122,0,0,41.8281
0,138,122,0,0,41.825
0,139,122,0,0,41.8219
0,140,122,0,0,41.8189
0,141,122,0,0,41.8159
0,142,122,0,0,41.8129
0,143,122,0,0,41.8099
0,144,122,0,0,41.8069
0,145,122,0,0,41.804
0,146,122,0,0,41.8011
0,147,122,0,0,41.7982
0,148,122,0,0,41.7954
0,149,122,0,0,41.7925
0,150,122,0,0,41.7897
0,151,122,0,0,41.7869
0,152,122,0,0,41.7842
0,153,122,0,0,41.7814
0,154,122,0,0,41.7787
0,155,122,0,0,41.776
0,156,122,0,0,41.7733
0,157,122,0,0,41.7707
0,158,122,0,0,41.768
0,159,122,0,0,41.7654
0,160,122,0,1.24031e-06,41.7629
0,161,122,0,0,41.7602
0,162,122,0,0,41.7576
0,163,122,0,0,41.755
0,164,122,0,0,41.7524
0,165,122,0,0,41.7498
0,166,122,0,0,41.7473
0,167,122,0,0,41.7447
0,168,122,0,0,41.7423
0,169,122,0,0,41.7398
0,170,122,0,0,41.7373
0,171,122,0,0,41.7349
0,172,122,0,0,41.7325
0,173,122,0,0,41.7301
0,174,122,0,0,41.7278
0,175,122,0,0,41.7254
0,176,122,0,0,41.7231
0,177,122,0,0,41.7208
0,178,122,0,0,41.7186
0,179,122,0,0,41.7163
0,180,122,0,0,41.7141
0,181,122,0,0,41.7119
0,182,122,0,0,41.7098
0,183,122,0,0,41.7076
0,184,122,0,0,41.7055
0,185,122,0,0,41.7034
0,186,122,0,0,41.7013
0,187,122,0,0,41.6993
0,188,122,0,0,41.6972
0,189,122,0,0,41.6952
0,190,122,0,0,41.6932
0,191,122,0,0,41.6913
0,192,122,0,1.24031e-06,41.6894
0,193,122,0,0,41.6874
0,194,122,0,0,41.6854
0,195,122,0,0,41.6834
0,196,122,0,0,41.6815
0,197,122,0,0,41.6796
0,198,122,0,0,41.6777
0,199,122,0,0,41.6759
0,200,122,0,0,41.674
0,201,122,0,0,41.6722
0,202,122,0,0,41.6705
0,203,122,0,0,41.6687
0,204,122,0,0,41.667
0,205,122,0,0,41.6653
0,206,122,0,0,41.6637
0,207,122,0,0,41.662
0,208,122,0,0,41.6604
0,209,122,0,0,41.6588
0,210,122,0,0,41.6573
0,211,122,0,0,41.6557
0,212,122,0,0,41.6542
0,213,122,0,0,41.6528
0,214,122,0,0,41.6513
0,215,122,0,0,41.6499
0,216,122,0,0,41.6485
0,217,122,0,0,41.6472
0,218,122,0,0,41.6459
0,219,122,0,0,41.6446
0,220,122,0,0,41.6433
0,221,122,0,0,41.6421
0,222,122,0,0,41.6409
0,223,122,0,0,41.6397
0,224,122,0,1.24031e-06,41.6386
0,225,122,0,0,41.6374
0,226,122,0,0,41.6362
0,227,122,0,0,41.6351
0,228,122,0,0,41.634
0,229,122,0,0,41.633
0,230,122,0,0,41.6319
0,231,122,0,0,41.631
0,232,122,0,0,41.63
0,233,122,0,0,41.6291
0,234,122,0,0,41.6282
0,235,122,0,0,41.6273
0,236,122,0,0,41.6265
0,237,122,0,0,41.6258
0,238,122,0,0,41.625
0,239,122,0,0,41.6243
0,240,122,0,0,41.6237
0,241,122,0,0,41.623
0,242,122,0,0,41.6224
0,243,122,0,0,41.6219
0,244,122,0,0,41.6214
0,245,122,0,0,41.6209
0,246,122,0,0,41.6205
0,247,122,0,0,41.6201
0,248,122,0,0,41.6197
0,249,122,0,0,41.6194
0,250,122,0,0,41.6191
0,251,122,0,0,41.6189
0,252,122,0,0,41.6187
0,253,122,0,0,41.6185
0,254,122,0,0,41.6184
0,255,122,0,0,41.6183
0,0,123,0,1.24031e-06,42.2358
0,1,123,0,0,42.2355
0,2,123,0,0,42.2352
0,3,123,0,0,42.2348
0,4,123,0,0,42.2342
0,5,123,0,0,42.2337
0,6,123,0,0,42.233
0,7,123,0,0,42.2322
0,8,123,0,0,42.2314
0,9,123,0,0,42.2305
0,10,123,0,0,42.2295
0,11,123,0,0,42.2284
0,12,123,0,0,42.2273
0,13,123,0,0,42.226
0,14,123,0,0,42.2247
0,15,123,0,0,42.2233
0,16,123,0,0,42.2219
0,17,123,0,0,42.2203
0,18,123,0,0,42.2187
0,19,123,0,0,42.217
0,20,123,0,0,42.2153
0,21,123,0,0,42.2134
0,22,123,0,0,42.2115
0,23,123,0,0,42.2096
0,24,123,0,0,42.2075
0,25,123,0,0,42.2054
0,26,123,0,0,42.2032
0,27,123,0,0,42.201
0,28,123,0,0,42.1987
0,29,123,0,0,42.1963
0,30,123,0,0,42.1939
0,31,123,0,0,42.1914
0,32,123,0,1.24031e-06,42.1888
0,33,123,0,0,42.1861
0,34,123,0,0,42.1834
0,35,123,0,0,42.1806
0,36,123,0,0,42.1777
0,37,123,0,0,42.1748
0,38,123,0,0,42.1718
0,39,123,0,0,42.1688
0,40,123,0,0,42.1657
0,41,123,0,0,42.1626
0,42,123,0,0,42.1594
0,43,123,0,0,42.1562
0,44,123,0,0,42.153
0,45,123,0,0,42.1497
0,46,123,0,0,42.1464
0,47,123,0,0,42.143
0,48,123,0,0,42.1396
0,49,123,0,0,42.1362
0,50,123,0,0,42.1327
0,51,123,0,0,42.1292
0,52,123,0,0,42.1257
0,53,123,0,0,42.1222
0,54,123,0,0,42.1186
0,55,123,0,0,42.115
0,56,123,0,0,42.1114
0,57,123,0,0,42.1077
0,58,123,0,0,42.104
0,59,123,0,0,42.1003
0,60,123,0,0,42.0966
0,61,123,0,0,42.0929
0,62,123,0,0,42.0892
0,63,123,0,0,42.0854
0,64,123,0,1.24031e-06,42.0816
0,65,123,0,0,42.0778
0,66,123,0,0,42.0739
0,67,123,0,0,42.07
0,68,123,0,0,42.0661
0,69,123,0,0,42.0622
0,70,123,0,0,42.0582
0,71,123,0,0,42.0543
0,72,123,0,0,42.0504
0,73,123,0,0,42.0465
0,74,123,0,0,42.0425
0,75,123,0,0,42.0386
0,76,123,0,0,42.0347
0,77,123,0,0,42.0307
0,78,123,0,0,42.0268
0,79,123,0,0,42.0229
0,80,123,0,0,42.019
0,81,123,0,0,42.0151
0,82,123,0,0,42.0112
0,83,123,0,0,42.0073
0,84,123,0,0,42.0034
0,85,123,0,0,41.9995
0,86,123,0,0,41.9956
0,87,123,0,0,41.9918
0,88,123,0,0,41.9879
0,89,123,0,0,41.9841
0,90,123,0,0,41.9802
0,91,123,0,0,41.9764
0,92,123,0,0,41.9726
0,93,123,0,0,41.9688
0,94,123,0,0,41.9651
0,95,123,0,0,41.9613
0,96,123,0,1.24031e-06,41.9576
0,97,123,0,0,41.9537
0,98,123,0,0,41.9499
0,99,123,0,0,41.9461
0,100,123,0,0,41.9424
0,101,123,0,0,41.9386
0,102,123,0,0,41.9349
0,103,123,0,0,41.9311
0,104,123,0,0,41.9274
0,105,123,0,0,41.9238
0,106,123,0,0,41.9201
0,107,123,0,0,41.9164
0,108,123,0,0,41.9128
0,109,123,0,0,41.9092
0,110,123,0,0,41.9056
0,111,123,0,0,41.9021
0,112,123,0,0,41.8985
0,113,123,0,0,41.895
0,114,123,0,0,41.8915
0,115,123,0,0,41.888
0,116,123,0,0,41.8845
0,117,123,0,0,41.8811
0,118,123,0,0,41.8777
0,119,123,0,0,41.8743
0,120,123,0,0,41.8709
0,121,123,0,0,41.8675
0,122,123,0,0,41.8642
0,123,123,0,0,41.8609
0,124,123,0,0,41.8576
0,125,123,0,0,41.8543
0,126,123,0,0,41.8511
0,127,123,0,0,41.8479
0,128,123,0,1.24031e-06,41.8447
0,129,123,0,0,41.8414
0,130,123,0,0,41.8382
0,131,123,0,0,41.8349
0,132,123,0,0,41.8317
0,133,123,0,0,41.8285
0,134,123,0,0,41.8254
0,135,123,0,0,41.8223
0,136,123,0,0,41.8191
0,137,123,0,0,41.8161
0,138,123,0,0,41.813
0,139,123,0,0,41.8099
0,140,123,0,0,41.8069
0,141,123,0,0,41.8039
0,142,123,0,0,41.8009
0,143,123,0,0,41.798
0,144,123,0,0,41.7951
0,145,123,0,0,41.7922
0,146,123,0,0,41.7893
0,147,123,0,0,41.7864
0,148,123,0,0,41.7836
0,149,123,0,0,41.7807
0,150,123,0,0,41.778
0,151,123,0,0,41.7752
0,152,123,0,0,41.7724
0,153,123,0,0,41.7697
0,154,123,0,0,41.767
0,155,123,0,0,41.7643
0,156,123,0,0,41.7617
0,157,123,0,0,41.759
0,158,123,0,0,41.7564
0,159,123,0,0,41.7538
0,160,123,0,1.24031e-06,41.7513
0,161,123,0,0,41.7486
0,162,123,0,0,41.746
0,163,123,0,0,41.7434
0,164,123,0,0,41.7409
0,165,123,0,0,41.7383
0,166,123,0,0,41.7358
0,167,123,0,0,41.7333
0,168,123,0,0,41.7308
0,169,123,0,0,41.7284
0,170,123,0,0,41.7259
0,171,123,0,0,41.7235
0,172,123,0,0,41.7211
0,173,123,0,0,41.7188
0,174,123,0,0,41.7164
0,175,123,0,0,41.7141
0,176,123,0,0,41.7118
0,177,123,0,0,41.7096
0,178,123,0,0,41.7073
0,179,123,0,0,41.7051
0,180,123,0,0,41.7029
0,181,123,0,0,41.7007
0,182,123,0,0,41.6985
0,183,123,0,0,41.6964
0,184,123,0,0,41.6943
0,185,123,0,0,41.6922
0,186,123,0,0,41.6902
0,187,123,0,0,41.6881
0,188,123,0,0,41.6861
0,189,123,0,0,41.6841
0,190,123,0,0,41.6822
0,191,123,0,0,41.6802
0,192,123,0,1.24031e-06,41.6783
0,193,123,0,0,41.6763
0,194,123,0,0,41.6744
0,195,123,0,0,41.6724
0,196,123,0,0,41.6705
0,197,123,0,0,41.6686
0,198,123,0,0,41.6668
0,199,123,0,0,41.6649
0,200,123,0,0,41.6631
0,201,123,0,0,41.6613
0,202,123,0,0,41.6596
0,203,123,0,0,41.6578
0,204,123,0,0,41.6561
0,205,123,0,0,41.6545
0,206,123,0,0,41.6528
0,207,123,0,0,41.6512
0,208,123,0,0,41.6496
0,209,123,0,0,41.648
0,210,123,0,0,41.6465
0,211,123,0,0,41.645
0,212,123,0,0,41.6435
0,213,123,0,0,41.642
0,214,123,0,0,41.6406
0,215,123,0,0,41.6392
0,216,123,0,0,41.6378
0,217,123,0,0,41.6365
0,218,123,0,0,41.6352
0,219,123,0,0,41.6339
0,220,123,0,0,41.6326
0,221,123,0,0,41.6314
0,222,123,0,0,41.6303
0,223,123,0,0,41.6291
0,224,123,0,1.24031e-06,41.628
0,225,123,0,0,41.6268
0,226,123,0,0,41.6257
0,227,123,0,0,41.6245
0,228,123,0,0,41.6235
0,229,123,0,0,41.6224
0,230,123,0,0,41.6214
0,231,123,0,0,41.6204
0,232,123,0,0,41.6195
0,233,123,0,0,41.6186
0,234,123,0,0,41.6177
0,235,123,0,0,41.6168
0,236,123,0,0,41.616
0,237,123,0,0,41.6153
0,238,123,0,0,41.6145
0,239,123,0,0,41.6139
0,240,123,0,0,41.6132
0,241,123,0,0,41.6126
0,242,123,0,0,41.612
0,243,123,0,0,41.6115
0,244,123,0,0,41.611
0,245,123,0,0,41.6105
0,246,123,0,0,41.6101
0,247,123,0,0,41.6097
0,248,123,0,0,41.6093
0,249,123,0,0,41.609
0,250,123,0,0,41.6087
0,251,123,0,0,41.6085
0,252,123,0,0,41.6083
0,253,123,0,0,41.6081
0,254,123,0,0,41.608
0,255,123,0,0,41.6079
0,0,124,0,1.24031e-06,42.2223
0,1,124,0,0,42.2221
0,2,124,0,0,42.2217
0,3,124,0,0,42.2213
0,4,124,0,0,42.2208
0,5,124,0,0,42.2202
0,6,124,0,0,42.2196
0,7,124,0,0,42.2188
0,8,124,0,0,42.218
0,9,124,0,0,42.2171
0,10,124,0,0,42.2161
0,11,124,0,0,42.215
0,12,124,0,0,42.2139
0,13,124,0,0,42.2127
0,14,124,0,0,42.2114
0,15,124,0,0,42.21
0,16,124,0,0,42.2086
0,17,124,0,0,42.2071
0,18,124,0,0,42.2055
0,19,124,0,0,42.2038
0,20,124,0,0,42.202
0,21,124,0,0,42.2002
0,22,124,0,0,42.1983
0,23,124,0,0,42.1964
0,24,124,0,0,42.1944
0,25,124,0,0,42.1923
0,26,124,0,0,42.1901
0,27,124,0,0,42.1879
0,28,124,0,0,42.1856
0,29,124,0,0,42.1833
0,30,124,0,0,42.1809
0,31,124,0,0,42.1784
0,32,124,0,1.24031e-06,42.1759
0,33,124,0,0,42.1732
0,34,124,0,0,42.1705
0,35,124,0,0,42.1677
0,36,124,0,0,42.1649
0,37,124,0,0,42.162
0,38,124,0,0,42.159
0,39,124,0,0,42.1561
0,40,124,0,0,42.153
0,41,124,0,0,42.1499
0,42,124,0,0,42.1468
0,43,124,0,0,42.1437
0,44,124,0,0,42.1404
0,45,124,0,0,42.1372
0,46,124,0,0,42.1339
0,47,124,0,0,42.1306
0,48,124,0,0,42.1272
0,49,124,0,0,42.1238
0,50,124,0,0,42.1204
0,51,124,0,0,42.1169
0,52,124,0,0,42.1134
0,53,124,0,0,42.1099
0,54,124,0,0,42.1064
0,55,124,0,0,42.1028
0,56,124,0,0,42.0992
0,57,124,0,0,42.0956
0,58,124,0,0,42.092
0,59,124,0,0,42.0883
0,60,124,0,0,42.0846
0,61,124,0,0,42.0809
0,62,124,0,0,42.0772
0,63,124,0,0,42.0735
0,64,124,0,1.24031e-06,42.0698
0,65,124,0,0,42.0659
0,66,124,0,0,42.0621
0,67,124,0,0,42.0582
0,68,124,0,0,42.0543
0,69,124,0,0,42.0505
0,70,124,0,0,42.0466
0,71,124,0,0,42.0427
0,72,124,0,0,42.0388
0,73,124,0,0,42.0349
0,74,124,0,0,42.031
0,75,124,0,0,42.0271
0,76,124,0,0,42.0232
0,77,124,0,0,42.0193
0,78,124,0,0,42.0154
0,79,124,0,0,42.0115
0,80,124,0,0,42.0077
0,81,124,0,0,42.0038
0,82,124,0,0,41.9999
0,83,124,0,0,41.996
0,84,124,0,0,41.9922
0,85,124,0,0,41.9883
0,86,124,0,0,41.9845
0,87,124,0,0,41.9806
0,88,124,0,0,41.9768
0,89,124,0,0,41.973
0,90,124,0,0,41.9692
0,91,124,0,0,41.9654
0,92,124,0,0,41.9616
0,93,124,0,0,41.9579
0,94,124,0,0,41.9541
0,95,124,0,0,41.9504
0,96,124,0,1.24031e-06,41.9467
0,97,124,0,0,41.9429
0,98,124,0,0,41.9391
0,99,124,0,0,41.9353
0,100,124,0,0,41.9316
0,101,124,0,0,41.9279
0,102,124,0,0,41.9241
0,103,124,0,0,41.9204
0,104,124,0,0,41.9168
0,105,124,0,0,41.9131
0,106,124,0,0,41.9095
0,107,124,0,0,41.9058
0,108,124,0,0,41.9022
0,109,124,0,0,41.8987
0,110,124,0,0,41.8951
0,111,124,0,0,41.8916
0,112,124,0,0,41.888
0,113,124,0,0,41.8845
0,114,124,0,0,41.881
0,115,124,0,0,41.8776
0,116,124,0,0,41.8741
0,117,124,0,0,41.8707
0,118,124,0,0,41.8673
0,119,124,0,0,41.8639
0,120,124,0,0,41.8606
0,121,124,0,0,41.8572
0,122,124,0,0,41.8539
0,123,124,0,0,41.8506
0,124,124,0,0,41.8474
0,125,124,0,0,41.8441
0,126,124,0,0,41.8409
0,127,124,0,0,41.8377
0,128,124,0,1.24031e-06,41.8345
0,129,124,0,0,41.8313
0,130,124,0,0,41.828
0,131,124,0,0,41.8248
0,132,124,0,0,41.8216
0,133,124,0,0,41.8185
0,134,124,0,0,41.8153
0,135,124,0,0,41.8122
0,136,124,0,0,41.8091
0,137,124,0,0,41.8061
0,138,124,0,0,41.803
0,139,124,0,0,41.8
0,140,124,0,0,41.797
0,141,124,0,0,41.794
0,142,124,0,0,41.791
0,143,124,0,0,41.7881
0,144,124,0,0,41.7852
0,145,124,0,0,41.7823
0,146,124,0,0,41.7794
0,147,124,0,0,41.7766
0,148,124,0,0,41.7738
0,149,124,0,0,41.771
0,150,124,0,0,41.7682
0,151,124,0,0,41.7654
0,152,124,0,0,41.7627
0,153,124,0,0,41.76
0,154,124,0,0,41.7573
0,155,124,0,0,41.7546
0,156,124,0,0,41.752
0,157,124,0,0,41.7494
0,158,124,0,0,41.7468
0,159,124,0,0,41.7442
0,160,124,0,1.24031e-06,41.7416
0,161,124,0,0,41.739
0,162,124,0,0,41.7364
0,163,124,0,0,41.7338
0,164,124,0,0,41.7313
0,165,124,0,0,41.7288
0,166,124,0,0,41.7262
0,167,124,0,0,41.7238
0,168,124,0,0,41.7213
0,169,124,0,0,41.7189
0,170,124,0,0,41.7164
0,171,124,0,0,41.7141
0,172,124,0,0,41.7117
0,173,124,0,0,41.7093
0,174,124,0,0,41.707
0,175,124,0,0,41.7047
0,176,124,0,0,41.7024
0,177,124,0,0,41.7002
0,178,124,0,0,41.6979
0,179,124,0,0,41.6957
0,180,124,0,0,41.6935
0,181,124,0,0,41.6914
0,182,124,0,0,41.6892
0,183,124,0,0,41.6871
0,184,124,0,0,41.685
0,185,124,0,0,41.6829
0,186,124,0,0,41.6809
0,187,124,0,0,41.6789
0,188,124,0,0,41.6769
0,189,124,0,0,41.6749
0,190,124,0,0,41.6729
0,191,124,0,0,41.671
0,192,124,0,1.24031e-06,41.6691
0,193,124,0,0,41.6671
0,194,124,0,0,41.6652
0,195,124,0,0,41.6632
0,196,124,0,0,41.6614
0,197,124,0,0,41.6595
0,198,124,0,0,41.6576
0,199,124,0,0,41.6558
0,200,124,0,0,41.654
0,201,124,0,0,41.6522
0,202,124,0,0,41.6505
0,203,124,0,0,41.6488
0,204,124,0,0,41.6471
0,205,124,0,0,41.6454
0,206,124,0,0,41.6438
0,207,124,0,0,41.6422
0,208,124,0,0,41.6406
0,209,124,0,0,41.639
0,210,124,0,0,41.6375
0,211,124,0,0,41.636
0,212,124,0,0,41.6345
0,213,124,0,0,41.6331
0,214,124,0,0,41.6317
0,215,124,0,0,41.6303
0,216,124,0,0,41.6289
0,217,124,0,0,41.6276
0,218,124,0,0,41.6263
0,219,124,0,0,41.625
0,220,124,0,0,41.6238
0,221,124,0,0,41.6226
0,222,124,0,0,41.6214
0,223,124,0,0,41.6203
0,224,124,0,1.24031e-06,41.6192
0,225,124,0,0,41.618
0,226,124,0,0,41.6168
0,227,124,0,0,41.6157
0,228,124,0,0,41.6147
0,229,124,0,0,41.6136
0,230,124,0,0,41.6126
0,231,124,0,0,41.6116
0,232,124,0,0,41.6107
0,233,124,0,0,41.6098
0,234,124,0,0,41.6089
0,235,124,0,0,41.6081
0,236,124,0,0,41.6073
0,237,124,0,0,41.6066
0,238,124,0,0,41.6058
0,239,124,0,0,41.6052
0,240,124,0,0,41.6045
0,241,124,0,0,41.6039
0,242,124,0,0,41.6033
0,243,124,0,0,41.6028
0,244,124,0,0,41.6023
0,245,124,0,0,41.6018
0,246,124,0,0,41.6014
0,247,124,0,0,41.601
0,248,124,0,0,41.6007
0,249,124,0,0,41.6003
0,250,124,0,0,41.6001
0,251,124,0,0,41.5998
0,252,124,0,0,41.5996
0,253,124,0,0,41.5995
0,254,124,0,0,41.5994
0,255,124,0,0,41.5993
0,0,125,0,1.24031e-06,42.2116
0,1,125,0,0,42.2113
0,2,125,0,0,42.211
0,3,125,0,0,42.2106
0,4,125,0,0,42.2101
0,5,125,0,0,42.2095
0,6,125,0,0,42.2088
0,7,125,0,0,42.2081
0,8,125,0,0,42.2073
0,9,125,0,0,42.2064
0,10,125,0,0,42.2054
0,11,125,0,0,42.2044
0,12,125,0,0,42.2032
0,13,125,0,0,42.202
0,14,125,0,0,42.2007
0,15,125,0,0,42.1994
0,16,125,0,0,42.198
0,17,125,0,0,42.1964
0,18,125,0,0,42.1949
0,19,125,0,0,42.1932
0,20,125,0,0,42.1915
0,21,125,0,0,42.1897
0,22,125,0,0,42.1878
0,23,125,0,0,42.1859
0,24,125,0,0,42.1839
0,25,125,0,0,42.1818
0,26,125,0,0,42.1797
0,27,125,0,0,42.1775
0,28,125,0,0,42.1752
0,29,125,0,0,42.1729
0,30,125,0,0,42.1705
0,31,125,0,0,42.1681
0,32,125,0,1.24031e-06,42.1656
0,33,125,0,0,42.1629
0,34,125,0,0,42.1602
0,35,125,0,0,42.1574
0,36,125,0,0,42.1546
0,37,125,0,0,42.1518
0,38,125,0,0,42.1489
0,39,125,0,0,42.1459
0,40,125,0,0,42.1429
0,41,125,0,0,42.1398
0,42,125,0,0,42.1367
0,43,125,0,0,42.1336
0,44,125,0,0,42.1304
0,45,125,0,0,42.1272
0,46,125,0,0,42.1239
0,47,125,0,0,42.1206
0,48,125,0,0,42.1173
0,49,125,0,0,42.1139
0,50,125,0,0,42.1105
0,51,125,0,0,42.1071
0,52,125,0,0,42.1036
0,53,125,0,0,42.1002
0,54,125,0,0,42.0966
0,55,125,0,0,42.0931
0,56,125,0,0,42.0895
0,57,125,0,0,42.0859
0,58,125,0,0,42.0823
0,59,125,0,0,42.0787
0,60,125,0,0,42.075
0,61,125,0,0,42.0714
0,62,125,0,0,42.0677
0,63,125,0,0,42.064
0,64,125,0,1.24031e-06,42.0603
0,65,125,0,0,42.0565
0,66,125,0,0,42.0527
0,67,125,0,0,42.0488
0,68,125,0,0,42.045
0,69,125,0,0,42.0411
0,70,125,0,0,42.0373
0,71,125,0,0,42.0334
0,72,125,0,0,42.0296
0,73,125,0,0,42.0257
0,74,125,0,0,42.0218
0,75,125,0,0,42.0179
0,76,125,0,0,42.0141
0,77,125,0,0,42.0102
0,78,125,0,0,42.0063
0,79,125,0,0,42.0025
0,80,125,0,0,41.9986
0,81,125,0,0,41.9948
0,82,125,0,0,41.9909
0,83,125,0,0,41.9871
0,84,125,0,0,41.9832
0,85,125,0,0,41.9794
0,86,125,0,0,41.9756
0,87,125,0,0,41.9718
0,88,125,0,0,41.968
0,89,125,0,0,41.9642
0,90,125,0,0,41.9604
0,91,125,0,0,41.9566
0,92,125,0,0,41.9529
0,93,125,0,0,41.9491
0,94,125,0,0,41.9454
0,95,125,0,0,41.9417
0,96,125,0,1.24031e-06,41.938
0,97,125,0,0,41.9342
0,98,125,0,0,41.9304
0,99,125,0,0,41.9267
0,100,125,0,0,41.923
0,101,125,0,0,41.9193
0,102,125,0,0,41.9156
0,103,125,0,0,41.9119
0,104,125,0,0,41.9082
0,105,125,0,0,41.9046
0,106,125,0,0,41.901
0,107,125,0,0,41.8974
0,108,125,0,0,41.8938
0,109,125,0,0,41.8902
0,110,125,0,0,41.8867
0,111,125,0,0,41.8832
0,112,125,0,0,41.8797
0,113,125,0,0,41.8762
0,114,125,0,0,41.8727
0,115,125,0,0,41.8693
0,116,125,0,0,41.8658
0,117,125,0,0,41.8624
0,118,125,0,0,41.859
0,119,125,0,0,41.8557
0,120,125,0,0,41.8523
0,121,125,0,0,41.849
0,122,125,0,0,41.8457
0,123,125,0,0,41.8424
0,124,125,0,0,41.8392
0,125,125,0,0,41.836
0,126,125,0,0,41.8328
0,127,125,0,0,41.8296
0,128,125,0,1.24031e-06,41.8264
0,129,125,0,0,41.8232
0,130,125,0,0,41.8199
0,131,125,0,0,41.8168
0,132,125,0,0,41.8136
0,133,125,0,0,41.8104
0,134,125,0,0,41.8073
0,135,125,0,0,41.8042
0,136,125,0,0,41.8011
0,137,125,0,0,41.7981
0,138,125,0,0,41.795
0,139,125,0,0,41.792
0,140,125,0,0,41.789
0,141,125,0,0,41.7861
0,142,125,0,0,41.7831
0,143,125,0,0,41.7802
0,144,125,0,0,41.7773
0,145,125,0,0,41.7744
0,146,125,0,0,41.7716
0,147,125,0,0,41.7687
0,148,125,0,0,41.7659
0,149,125,0,0,41.7631
0,150,125,0,0,41.7604
0,151,125,0,0,41.7576
0,152,125,0,0,41.7549
0,153,125,0,0,41.7522
0,154,125,0,0,41.7495
0,155,125,0,0,41.7469
0,156,125,0,0,41.7442
0,157,125,0,0,41.7416
0,158,125,0,0,41.739
0,159,125,0,0,41.7365
0,160,125,0,1.24031e-06,41.7339
0,161,125,0,0,41.7313
0,162,125,0,0,41.7287
0,163,125,0,0,41.7262
0,164,125,0,0,41.7236
0,165,125,0,0,41.7211
0,166,125,0,0,41.7186
0,167,125,0,0,41.7162
0,168,125,0,0,41.7137
0,169,125,0,0,41.7113
0,170,125,0,0,41.7089
0,171,125,0,0,41.7065
0,172,125,0,0,41.7041
0,173,125,0,0,41.7018
0,174,125,0,0,41.6995
0,175,125,0,0,41.6972
0,176,125,0,0,41.6949
0,177,125,0,0,41.6927
0,178,125,0,0,41.6904
0,179,125,0,0,41.6882
0,180,125,0,0,41.6861
0,181,125,0,0,41.6839
0,182,125,0,0,41.6818
0,183,125,0,0,41.6797
0,184,125,0,0,41.6776
0,185,125,0,0,41.6755
0,186,125,0,0,41.6735
0,187,125,0,0,41.6715
0,188,125,0,0,41.6695
0,189,125,0,0,41.6675
0,190,125,0,0,41.6656
0,191,125,0,0,41.6636
0,192,125,0,1.24031e-06,41.6617
0,193,125,0,0,41.6598
0,194,125,0,0,41.6578
0,195,125,0,0,41.6559
0,196,125,0,0,41.654
0,197,125,0,0,41.6522
0,198,125,0,0,41.6503
0,199,125,0,0,41.6485
0,200,125,0,0,41.6467
0,201,125,0,0,41.645
0,202,125,0,0,41.6432
0,203,125,0,0,41.6415
0,204,125,0,0,41.6399
0,205,125,0,0,41.6382
0,206,125,0,0,41.6366
0,207,125,0,0,41.635
0,208,125,0,0,41.6334
0,209,125,0,0,41.6318
0,210,125,0,0,41.6303
0,211,125,0,0,41.6288
0,212,125,0,0,41.6274
0,213,125,0,0,41.6259
0,214,125,0,0,41.6245
0,215,125,0,0,41.6231
0,216,125,0,0,41.6218
0,217,125,0,0,41.6205
0,218,125,0,0,41.6192
0,219,125,0,0,41.6179
0,220,125,0,0,41.6167
0,221,125,0,0,41.6155
0,222,125,0,0,41.6143
0,223,125,0,0,41.6132
0,224,125,0,1.24031e-06,41.6121
0,225,125,0,0,41.6109
0,226,125,0,0,41.6098
0,227,125,0,0,41.6087
0,228,125,0,0,41.6076
0,229,125,0,0,41.6066
0,230,125,0,0,41.6056
0,231,125,0,0,41.6046
0,232,125,0,0,41.6037
0,233,125,0,0,41.6028
0,234,125,0,0,41.602
0,235,125,0,0,41.6011
0,236,125,0,0,41.6003
0,237,125,0,0,41.5996
0,238,125,0,0,41.5989
0,239,125,0,0,41.5982
0,240,125,0,0,41.5976
0,241,125,0,0,41.5969
0,242,125,0,0,41.5964
0,243,125,0,0,41.5958
0,244,125,0,0,41.5953
0,245,125,0,0,41.5949
0,246,125,0,0,41.5945
0,247,125,0,0,41.5941
0,248,125,0,0,41.5937
0,249,125,0,0,41.5934
0,250,125,0,0,41.5932
0,251,125,0,0,41.5929
0,252,125,0,0,41.5927
0,253,125,0,0,41.5926
0,254,125,0,0,41.5925
0,255,125,0,0,41.5924
0,0,126,0,1.24031e-06,42.2035
0,1,126,0,0,42.2033
0,2,126,0,0,42.2029
0,3,126,0,0,42.2025
0,4,126,0,0,42.202
0,5,126,0,0,42.2015
0,6,126,0,0,42.2008
0,7,126,0,0,42.2001
0,8,126,0,0,42.1993
0,9,126,0,0,42.1984
0,10,126,0,0,42.1974
0,11,126,0,0,42.1964
0,12,126,0,0,42.1952
0,13,126,0,0,42.1941
0,14,126,0,0,42.1928
0,15,126,0,0,42.1914
0,16,126,0,0,42.19
0,17,126,0,0,42.1885
0,18,126,0,0,42.1869
0,19,126,0,0,42.1853
0,20,126,0,0,42.1836
0,21,126,0,0,42.1818
0,22,126,0,0,42.1799
0,23,126,0,0,42.178
0,24,126,0,0,42.176
0,25,126,0,0,42.174
0,26,126,0,0,42.1718
0,27,126,0,0,42.1697
0,28,126,0,0,42.1674
0,29,126,0,0,42.1651
0,30,126,0,0,42.1627
0,31,126,0,0,42.1603
0,32,126,0,1.24031e-06,42.1578
0,33,126,0,0,42.1552
0,34,126,0,0,42.1525
0,35,126,0,0,42.1498
0,36,126,0,0,42.147
0,37,126,0,0,42.1441
0,38,126,0,0,42.1412
0,39,126,0,0,42.1383
0,40,126,0,0,42.1353
0,41,126,0,0,42.1323
0,42,126,0,0,42.1292
0,43,126,0,0,42.1261
0,44,126,0,0,42.1229
0,45,126,0,0,42.1197
0,46,126,0,0,42.1165
0,47,126,0,0,42.1132
0,48,126,0,0,42.1099
0,49,126,0,0,42.1065
0,50,126,0,0,42.1032
0,51,126,0,0,42.0997
0,52,126,0,0,42.0963
0,53,126,0,0,42.0928
0,54,126,0,0,42.0893
0,55,126,0,0,42.0858
0,56,126,0,0,42.0823
0,57,126,0,0,42.0787
0,58,126,0,0,42.0751
0,59,126,0,0,42.0715
0,60,126,0,0,42.0679
0,61,126,0,0,42.0642
0,62,126,0,0,42.0606
0,63,126,0,0,42.0569
0,64,126,0,1.24031e-06,42.0532
0,65,126,0,0,42.0494
0,66,126,0,0,42.0456
0,67,126,0,0,42.0418
0,68,126,0,0,42.038
0,69,126,0,0,42.0341
0,70,126,0,0,42.0303
0,71,126,0,0,42.0265
0,72,126,0,0,42.0226
0,73,126,0,0,42.0188
0,74,126,0,0,42.0149
0,75,126,0,0,42.0111
0,76,126,0,0,42.0072
0,77,126,0,0,42.0034
0,78,126,0,0,41.9995
0,79,126,0,0,41.9957
0,80,126,0,0,41.9918
0,81,126,0,0,41.988
0,82,126,0,0,41.9842
0,83,126,0,0,41.9803
0,84,126,0,0,41.9765
0,85,126,0,0,41.9727
0,86,126,0,0,41.9689
0,87,126,0,0,41.9651
0,88,126,0,0,41.9613
0,89,126,0,0,41.9576
0,90,126,0,0,41.9538
0,91,126,0,0,41.95
0,92,126,0,0,41.9463
0,93,126,0,0,41.9426
0,94,126,0,0,41.9389
0,95,126,0,0,41.9352
0,96,126,0,1.24031e-06,41.9315
0,97,126,0,0,41.9277
0,98,126,0,0,41.924
0,99,126,0,0,41.9202
0,100,126,0,0,41.9165
0,101,126,0,0,41.9128
0,102,126,0,0,41.9092
0,103,126,0,0,41.9055
0,104,126,0,0,41.9019
0,105,126,0,0,41.8982
0,106,126,0,0,41.8946
0,107,126,0,0,41.891
0,108,126,0,0,41.8875
0,109,126,0,0,41.8839
0,110,126,0,0,41.8804
0,111,126,0,0,41.8769
0,112,126,0,0,41.8734
0,113,126,0,0,41.8699
0,114,126,0,0,41.8665
0,115,126,0,0,41.863
0,116,126,0,0,41.8596
0,117,126,0,0,41.8562
0,118,126,0,0,41.8529
0,119,126,0,0,41.8495
0,120,126,0,0,41.8462
0,121,126,0,0,41.8429
0,122,126,0,0,41.8396
0,123,126,0,0,41.8363
0,124,126,0,0,41.8331
0,125,126,0,0,41.8298
0,126,126,0,0,41.8266
0,127,126,0,0,41.8235
0,128,126,0,1.24031e-06,41.8203
0,129,126,0,0,41.8171
0,130,126,0,0,41.8139
0,131,126,0,0,41.8107
0,132,126,0,0,41.8075
0,133,126,0,0,41.8044
0,134,126,0,0,41.8013
0,135,126,0,0,41.7982
0,136,126,0,0,41.7951
0,137,126,0,0,41.7921
0,138,126,0,0,41.7891
0,139,126,0,0,41.7861
0,140,126,0,0,41.7831
0,141,126,0,0,41.7801
0,142,126,0,0,41.7772
0,143,126,0,0,41.7743
0,144,126,0,0,41.7714
0,145,126,0,0,41.7685
0,146,126,0,0,41.7657
0,147,126,0,0,41.7629
0,148,126,0,0,41.7601
0,149,126,0,0,41.7573
0,150,126,0,0,41.7545
0,151,126,0,0,41.7518
0,152,126,0,0,41.7491
0,153,126,0,0,41.7464
0,154,126,0,0,41.7437
0,155,126,0,0,41.7411
0,156,126,0,0,41.7384
0,157,126,0,0,41.7358
0,158,126,0,0,41.7333
0,159,126,0,0,41.7307
0,160,126,0,1.24031e-06,41.7282
0,161,126,0,0,41.7256
0,162,126,0,0,41.723
0,163,126,0,0,41.7204
0,164,126,0,0,41.7179
0,165,126,0,0,41.7154
0,166,126,0,0,41.7129
0,167,126,0,0,41.7105
0,168,126,0,0,41.708
0,169,126,0,0,41.7056
0,170,126,0,0,41.7032
0,171,126,0,0,41.7008
0,172,126,0,0,41.6985
0,173,126,0,0,41.6961
0,174,126,0,0,41.6938
0,175,126,0,0,41.6916
0,176,126,0,0,41.6893
0,177,126,0,0,41.6871
0,178,126,0,0,41.6848
0,179,126,0,0,41.6826
0,180,126,0,0,41.6805
0,181,126,0,0,41.6783
0,182,126,0,0,41.6762
0,183,126,0,0,41.6741
0,184,126,0,0,41.672
0,185,126,0,0,41.67
0,186,126,0,0,41.6679
0,187,126,0,0,41.6659
0,188,126,0,0,41.6639
0,189,126,0,0,41.662
0,190,126,0,0,41.66
0,191,126,0,0,41.6581
0,192,126,0,1.24031e-06,41.6562
0,193,126,0,0,41.6543
0,194,126,0,0,41.6523
0,195,126,0,0,41.6504
0,196,126,0,0,41.6486
0,197,126,0,0,41.6467
0,198,126,0,0,41.6449
0,199,126,0,0,41.6431
0,200,126,0,0,41.6413
0,201,126,0,0,41.6395
0,202,126,0,0,41.6378
0,203,126,0,0,41.6361
0,204,126,0,0,41.6344
0,205,126,0,0,41.6328
0,206,126,0,0,41.6312
0,207,126,0,0,41.6296
0,208,126,0,0,41.628
0,209,126,0,0,41.6265
0,210,126,0,0,41.6249
0,211,126,0,0,41.6235
0,212,126,0,0,41.622
0,213,126,0,0,41.6206
0,214,126,0,0,41.6192
0,215,126,0,0,41.6178
0,216,126,0,0,41.6165
0,217,126,0,0,41.6151
0,218,126,0,0,41.6139
0,219,126,0,0,41.6126
0,220,126,0,0,41.6114
0,221,126,0,0,41.6102
0,222,126,0,0,41.609
0,223,126,0,0,41.6079
0,224,126,0,1.24031e-06,41.6068
0,225,126,0,0,41.6056
0,226,126,0,0,41.6045
0,227,126,0,0,41.6034
0,228,126,0,0,41.6024
0,229,126,0,0,41.6013
0,230,126,0,0,41.6003
0,231,126,0,0,41.5994
0,232,126,0,0,41.5985
0,233,126,0,0,41.5976
0,234,126,0,0,41.5967
0,235,126,0,0,41.5959
0,236,126,0,0,41.5951
0,237,126,0,0,41.5944
0,238,126,0,0,41.5937
0,239,126,0,0,41.593
0,240,126,0,0,41.5923
0,241,126,0,0,41.5917
0,242,126,0,0,41.5912
0,243,126,0,0,41.5906
0,244,126,0,0,41.5902
0,245,126,0,0,41.5897
0,246,126,0,0,41.5893
0,247,126,0,0,41.5889
0,248,126,0,0,41.5886
0,249,126,0,0,41.5882
0,250,126,0,0,41.588
0,251,126,0,0,41.5877
0,252,126,0,0,41.5876
0,253,126,0,0,41.5874
0,254,126,0,0,41.5873
0,255,126,0,0,41.5872
0,0,127,0,1.24031e-06,42.1981
0,1,127,0,0,42.1979
0,2,127,0,0,42.1976
0,3,127,0,0,42.1971
0,4,127,0,0,42.1967
0,5,127,0,0,42.1961
0,6,127,0,0,42.1955
0,7,127,0,0,42.1947
0,8,127,0,0,42.1939
0,9,127,0,0,42.193
0,10,127,0,0,42.1921
0,11,127,0,0,42.191
0,12,127,0,0,42.1899
0,13,127,0,0,42.1887
0,14,127,0,0,42.1875
0,15,127,0,0,42.1861
0,16,127,0,0,42.1847
0,17,127,0,0,42.1832
0,18,127,0,0,42.1817
0,19,127,0,0,42.18
0,20,127,0,0,42.1783
0,21,127,0,0,42.1765
0,22,127,0,0,42.1747
0,23,127,0,0,42.1728
0,24,127,0,0,42.1708
0,25,127,0,0,42.1687
0,26,127,0,0,42.1666
0,27,127,0,0,42.1645
0,28,127,0,0,42.1622
0,29,127,0,0,42.1599
0,30,127,0,0,42.1575
0,31,127,0,0,42.1551
0,32,127,0,1.24031e-06,42.1527
0,33,127,0,0,42.15
0,34,127,0,0,42.1474
0,35,127,0,0,42.1446
0,36,127,0,0,42.1419
0,37,127,0,0,42.139
0,38,127,0,0,42.1362
0,39,127,0,0,42.1332
0,40,127,0,0,42.1303
0,41,127,0,0,42.1272
0,42,127,0,0,42.1242
0,43,127,0,0,42.1211
0,44,127,0,0,42.1179
0,45,127,0,0,42.1147
0,46,127,0,0,42.1115
0,47,127,0,0,42.1082
0,48,127,0,0,42.1049
0,49,127,0,0,42.1016
0,50,127,0,0,42.0982
0,51,127,0,0,42.0948
0,52,127,0,0,42.0914
0,53,127,0,0,42.088
0,54,127,0,0,42.0845
0,55,127,0,0,42.081
0,56,127,0,0,42.0774
0,57,127,0,0,42.0739
0,58,127,0,0,42.0703
0,59,127,0,0,42.0667
0,60,127,0,0,42.0631
0,61,127,0,0,42.0594
0,62,127,0,0,42.0558
0,63,127,0,0,42.0521
0,64,127,0,1.24031e-06,42.0484
0,65,127,0,0,42.0447
0,66,127,0,0,42.0409
0,67,127,0,0,42.0371
0,68,127,0,0,42.0333
0,69,127,0,0,42.0295
0,70,127,0,0,42.0257
0,71,127,0,0,42.0218
0,72,127,0,0,42.018
0,73,127,0,0,42.0142
0,74,127,0,0,42.0103
0,75,127,0,0,42.0065
0,76,127,0,0,42.0027
0,77,127,0,0,41.9988
0,78,127,0,0,41.995
0,79,127,0,0,41.9912
0,80,127,0,0,41.9873
0,81,127,0,0,41.9835
0,82,127,0,0,41.9797
0,83,127,0,0,41.9759
0,84,127,0,0,41.9721
0,85,127,0,0,41.9683
0,86,127,0,0,41.9645
0,87,127,0,0,41.9607
0,88,127,0,0,41.9569
0,89,127,0,0,41.9531
0,90,127,0,0,41.9494
0,91,127,0,0,41.9456
0,92,127,0,0,41.9419
0,93,127,0,0,41.9382
0,94,127,0,0,41.9345
0,95,127,0,0,41.9308
0,96,127,0,1.24031e-06,41.9271
0,97,127,0,0,41.9234
0,98,127,0,0,41.9196
0,99,127,0,0,41.9159
0,100,127,0,0,41.9122
0,101,127,0,0,41.9086
0,102,127,0,0,41.9049
0,103,127,0,0,41.9012
0,104,127,0,0,41.8976
0,105,127,0,0,41.894
0,106,127,0,0,41.8904
0,107,127,0,0,41.8868
0,108,127,0,0,41.8833
0,109,127,0,0,41.8797
0,110,127,0,0,41.8762
0,111,127,0,0,41.8727
0,112,127,0,0,41.8692
0,113,127,0,0,41.8657
0,114,127,0,0,41.8623
0,115,127,0,0,41.8589
0,116,127,0,0,41.8555
0,117,127,0,0,41.8521
0,118,127,0,0,41.8487
0,119,127,0,0,41.8454
0,120,127,0,0,41.8421
0,121,127,0,0,41.8388
0,122,127,0,0,41.8355
0,123,127,0,0,41.8322
0,124,127,0,0,41.829
0,125,127,0,0,41.8258
0,126,127,0,0,41.8226
0,127,127,0,0,41.8194
0,128,127,0,1.24031e-06,41.8162
0,129,127,0,0,41.813
0,130,127,0,0,41.8098
0,131,127,0,0,41.8067
0,132,127,0,0,41.8035
0,133,127,0,0,41.8004
0,134,127,0,0,41.7973
0,135,127,0,0,41.7942
0,136,127,0,0,41.7911
0,137,127,0,0,41.7881
0,138,127,0,0,41.7851
0,139,127,0,0,41.7821
0,140,127,0,0,41.7791
0,141,127,0,0,41.7762
0,142,127,0,0,41.7732
0,143,127,0,0,41.7703
0,144,127,0,0,41.7675
0,145,127,0,0,41.7646
0,146,127,0,0,41.7618
0,147,127,0,0,41.7589
0,148,127,0,0,41.7561
0,149,127,0,0,41.7534
0,150,127,0,0,41.7506
0,151,127,0,0,41.7479
0,152,127,0,0,41.7452
0,153,127,0,0,41.7425
0,154,127,0,0,41.7398
0,155,127,0,0,41.7372
0,156,127,0,0,41.7346
0,157,127,0,0,41.732
0,158,127,0,0,41.7294
0,159,127,0,0,41.7268
0,160,127,0,1.24031e-06,41.7243
0,161,127,0,0,41.7217
0,162,127,0,0,41.7192
0,163,127,0,0,41.7166
0,164,127,0,0,41.7141
0,165,127,0,0,41.7116
0,166,127,0,0,41.7091
0,167,127,0,0,41.7067
0,168,127,0,0,41.7042
0,169,127,0,0,41.7018
0,170,127,0,0,41.6994
0,171,127,0,0,41.6971
0,172,127,0,0,41.6947
0,173,127,0,0,41.6924
0,174,127,0,0,41.6901
0,175,127,0,0,41.6878
0,176,127,0,0,41.6855
0,177,127,0,0,41.6833
0,178,127,0,0,41.6811
0,179,127,0,0,41.6789
0,180,127,0,0,41.6767
0,181,127,0,0,41.6746
0,182,127,0,0,41.6725
0,183,127,0,0,41.6704
0,184,127,0,0,41.6683
0,185,127,0,0,41.6663
0,186,127,0,0,41.6642
0,187,127,0,0,41.6622
0,188,127,0,0,41.6602
0,189,127,0,0,41.6583
0,190,127,0,0,41.6563
0,191,127,0,0,41.6544
0,192,127,0,1.24031e-06,41.6525
0,193,127,0,0,41.6506
0,194,127,0,0,41.6487
0,195,127,0,0,41.6468
0,196,127,0,0,41.6449
0,197,127,0,0,41.6431
0,198,127,0,0,41.6412
0,199,127,0,0,41.6394
0,200,127,0,0,41.6377
0,201,127,0,0,41.6359
0,202,127,0,0,41.6342
0,203,127,0,0,41.6325
0,204,127,0,0,41.6308
0,205,127,0,0,41.6292
0,206,127,0,0,41.6276
0,207,127,0,0,41.626
0,208,127,0,0,41.6244
0,209,127,0,0,41.6229
0,210,127,0,0,41.6214
0,211,127,0,0,41.6199
0,212,127,0,0,41.6184
0,213,127,0,0,41.617
0,214,127,0,0,41.6156
0,215,127,0,0,41.6142
0,216,127,0,0,41.6129
0,217,127,0,0,41.6116
0,218,127,0,0,41.6103
0,219,127,0,0,41.6091
0,220,127,0,0,41.6078
0,221,127,0,0,41.6066
0,222,127,0,0,41.6055
0,223,127,0,0,41.6043
0,224,127,0,1.24031e-06,41.6032
0,225,127,0,0,41.6021
0,226,127,0,0,41.601
0,227,127,0,0,41.5999
0,228,127,0,0,41.5989
0,229,127,0,0,41.5978
0,230,127,0,0,41.5969
0,231,127,0,0,41.5959
0,232,127,0,0,41.595
0,233,127,0,0,41.5941
0,234,127,0,0,41.5932
0,235,127,0,0,41.5924
0,236,127,0,0,41.5916
0,237,127,0,0,41.5909
0,238,127,0,0,41.5902
0,239,127,0,0,41.5895
0,240,127,0,0,41.5889
0,241,127,0,0,41.5883
0,242,127,0,0,41.5877
0,243,127,0,0,41.5872
0,244,127,0,0,41.5867
0,245,127,0,0,41.5862
0,246,127,0,0,41.5858
0,247,127,0,0,41.5854
0,248,127,0,0,41.5851
0,249,127,0,0,41.5848
0,250,127,0,0,41.5845
0,251,127,0,0,41.5843
0,252,127,0,0,41.5841
0,253,127,0,0,41.584
0,254,127,0,0,41.5838
0,255,127,0,0,41.5838
