rank_channel_index,x,y,z,power,temperature
0,0,0,0,0.2935,101.213
0,1,0,0,0,91.4697
0,2,0,0,0,85.491
0,3,0,0,0,81.1346
0,4,0,0,0,77.6383
0,5,0,0,0,74.6903
0,6,0,0,0,72.1387
0,7,0,0,0,69.8957
0,8,0,0,0,67.9028
0,9,0,0,0,66.1177
0,10,0,0,0,64.508
0,11,0,0,0,63.0482
0,12,0,0,0,61.7177
0,13,0,0,0,60.4998
0,14,0,0,0,59.3806
0,15,0,0,0,58.3485
0,16,0,0,0,57.3937
0,17,0,0,0,56.508
0,18,0,0,0,55.6843
0,19,0,0,0,54.9163
0,20,0,0,0,54.1989
0,21,0,0,0,53.5274
0,22,0,0,0,52.8977
0,23,0,0,0,52.3062
0,24,0,0,0,51.7498
0,25,0,0,0,51.2256
0,26,0,0,0,50.7311
0,27,0,0,0,50.2641
0,28,0,0,0,49.8225
0,29,0,0,0,49.4045
0,30,0,0,0,49.0085
0,31,0,0,0,48.6328
0,32,0,0,0,48.2762
0,33,0,0,0,47.9375
0,34,0,0,0,47.6154
0,35,0,0,0,47.3089
0,36,0,0,0,47.0171
0,37,0,0,0,46.7391
0,38,0,0,0,46.474
0,39,0,0,0,46.2212
0,40,0,0,0,45.9798
0,41,0,0,0,45.7493
0,42,0,0,0,45.5291
0,43,0,0,0,45.3186
0,44,0,0,0,45.1173
0,45,0,0,0,44.9246
0,46,0,0,0,44.7402
0,47,0,0,0,44.5637
0,48,0,0,0,44.3946
0,49,0,0,0,44.2325
0,50,0,0,0,44.0772
0,51,0,0,0,43.9282
0,52,0,0,0,43.7853
0,53,0,0,0,43.6482
0,54,0,0,0,43.5167
0,55,0,0,0,43.3904
0,56,0,0,0,43.2691
0,57,0,0,0,43.1525
0,58,0,0,0,43.0406
0,59,0,0,0,42.9331
0,60,0,0,0,42.8297
0,61,0,0,0,42.7303
0,62,0,0,0,42.6347
0,63,0,0,0,42.5427
0,64,0,0,6.09525e-06,42.4543
0,65,0,0,0,42.3689
0,66,0,0,0,42.2866
0,67,0,0,0,42.2074
0,68,0,0,0,42.1312
0,69,0,0,0,42.0578
0,70,0,0,0,41.9871
0,71,0,0,0,41.919
0,72,0,0,0,41.8534
0,73,0,0,0,41.7902
0,74,0,0,0,41.7292
0,75,0,0,0,41.6705
0,76,0,0,0,41.6139
0,77,0,0,0,41.5594
0,78,0,0,0,41.5068
0,79,0,0,0,41.4561
0,80,0,0,0,41.4072
0,81,0,0,0,41.36
0,82,0,0,0,41.3145
0,83,0,0,0,41.2706
0,84,0,0,0,41.2283
0,85,0,0,0,41.1875
0,86,0,0,0,41.1481
0,87,0,0,0,41.11
0,88,0,0,0,41.0733
0,89,0,0,0,41.0379
0,90,0,0,0,41.0037
0,91,0,0,0,40.9707
0,92,0,0,0,40.9389
0,93,0,0,0,40.9081
0,94,0,0,0,40.8784
0,95,0,0,0,40.8497
0,96,0,0,0,40.822
0,97,0,0,0,40.7953
0,98,0,0,0,40.7695
0,99,0,0,0,40.7446
0,100,0,0,0,40.7205
0,101,0,0,0,40.6972
0,102,0,0,0,40.6748
0,103,0,0,0,40.653
0,104,0,0,0,40.6321
0,105,0,0,0,40.6118
0,106,0,0,0,40.5923
0,107,0,0,0,40.5734
0,108,0,0,0,40.5551
0,109,0,0,0,40.5375
0,110,0,0,0,40.5204
0,111,0,0,0,40.504
0,112,0,0,0,40.488
0,113,0,0,0,40.4727
0,114,0,0,0,40.4578
0,115,0,0,0,40.4435
0,116,0,0,0,40.4296
0,117,0,0,0,40.4162
0,118,0,0,0,40.4032
0,119,0,0,0,40.3907
0,120,0,0,0,40.3786
0,121,0,0,0,40.367
0,122,0,0,0,40.3557
0,123,0,0,0,40.3448
0,124,0,0,0,40.3342
0,125,0,0,0,40.324
0,126,0,0,0,40.3142
0,127,0,0,0,40.3047
0,128,0,0,6.09525e-06,40.2955
0,129,0,0,0,40.2862
0,130,0,0,0,40.2773
0,131,0,0,0,40.2686
0,132,0,0,0,40.2602
0,133,0,0,0,40.2521
0,134,0,0,0,40.2443
0,135,0,0,0,40.2367
0,136,0,0,0,40.2293
0,137,0,0,0,40.2222
0,138,0,0,0,40.2153
0,139,0,0,0,40.2087
0,140,0,0,0,40.2022
0,141,0,0,0,40.196
0,142,0,0,0,40.1899
0,143,0,0,0,40.1841
0,144,0,0,0,40.1785
0,145,0,0,0,40.173
0,146,0,0,0,40.1677
0,147,0,0,0,40.1626
0,148,0,0,0,40.1577
0,149,0,0,0,40.1529
0,150,0,0,0,40.1482
0,151,0,0,0,40.1438
0,152,0,0,0,40.1394
0,153,0,0,0,40.1353
0,154,0,0,0,40.1312
0,155,0,0,0,40.1273
0,156,0,0,0,40.1235
0,157,0,0,0,40.1198
0,158,0,0,0,40.1163
0,159,0,0,0,40.1129
0,160,0,0,0,40.1095
0,161,0,0,0,40.1063
0,162,0,0,0,40.1032
0,163,0,0,0,40.1003
0,164,0,0,0,40.0974
0,165,0,0,0,40.0946
0,166,0,0,0,40.0919
0,167,0,0,0,40.0893
0,168,0,0,0,40.0867
0,169,0,0,0,40.0843
0,170,0,0,0,40.082
0,171,0,0,0,40.0797
0,172,0,0,0,40.0775
0,173,0,0,0,40.0754
0,174,0,0,0,40.0733
0,175,0,0,0,40.0714
0,176,0,0,0,40.0695
0,177,0,0,0,40.0676
0,178,0,0,0,40.0659
0,179,0,0,0,40.0642
0,180,0,0,0,40.0625
0,181,0,0,0,40.061
0,182,0,0,0,40.0595
0,183,0,0,0,40.058
0,184,0,0,0,40.0566
0,185,0,0,0,40.0552
0,186,0,0,0,40.0539
0,187,0,0,0,40.0527
0,188,0,0,0,40.0515
0,189,0,0,0,40.0503
0,190,0,0,0,40.0492
0,191,0,0,0,40.0482
0,192,0,0,6.09525e-06,40.0472
0,193,0,0,0,40.0458
0,194,0,0,0,40.0445
0,195,0,0,0,40.0432
0,196,0,0,0,40.042
0,197,0,0,0,40.0408
0,198,0,0,0,40.0396
0,199,0,0,0,40.0385
0,200,0,0,0,40.0374
0,201,0,0,0,40.0364
0,202,0,0,0,40.0353
0,203,0,0,0,40.0343
0,204,0,0,0,40.0334
0,205,0,0,0,40.0325
0,206,0,0,0,40.0316
0,207,0,0,0,40.0307
0,208,0,0,0,40.0299
0,209,0,0,0,40.0291
0,210,0,0,0,40.0283
0,211,0,0,0,40.0275
0,212,0,0,0,40.0268
0,213,0,0,0,40.0261
0,214,0,0,0,40.0254
0,215,0,0,0,40.0248
0,216,0,0,0,40.0241
0,217,0,0,0,40.0235
0,218,0,0,0,40.0229
0,219,0,0,0,40.0224
0,220,0,0,0,40.0218
0,221,0,0,0,40.0213
0,222,0,0,0,40.0208
0,223,0,0,0,40.0203
0,224,0,0,0,40.0199
0,225,0,0,0,40.0194
0,226,0,0,0,40.019
0,227,0,0,0,40.0186
0,228,0,0,0,40.0182
0,229,0,0,0,40.0178
0,230,0,0,0,40.0174
0,231,0,0,0,40.0171
0,232,0,0,0,40.0168
0,233,0,0,0,40.0165
0,234,0,0,0,40.0162
0,235,0,0,0,40.0159
0,236,0,0,0,40.0156
0,237,0,0,0,40.0154
0,238,0,0,0,40.0151
0,239,0,0,0,40.0149
0,240,0,0,0,40.0147
0,241,0,0,0,40.0145
0,242,0,0,0,40.0143
0,243,0,0,0,40.0141
0,244,0,0,0,40.014
0,245,0,0,0,40.0138
0,246,0,0,0,40.0137
0,247,0,0,0,40.0136
0,248,0,0,0,40.0135
0,249,0,0,0,40.0134
0,250,0,0,0,40.0133
0,251,0,0,0,40.0132
0,252,0,0,0,40.0132
0,253,0,0,0,40.0131
0,254,0,0,0,40.0131
0,255,0,0,0,40.013
0,0,1,0,6.09525e-06,88.4835
0,1,1,0,0,85.3167
0,2,1,0,0,81.8612
0,3,1,0,0,78.6731
0,4,1,0,0,75.8289
0,5,1,0,0,73.2993
0,6,1,0,0,71.04
0,7,1,0,0,69.0112
0,8,1,0,0,67.1801
0,9,1,0,0,65.5196
0,10,1,0,0,64.0074
0,11,1,0,0,62.625
0,12,1,0,0,61.3567
0,13,1,0,0,60.1893
0,14,1,0,0,59.1116
0,15,1,0,0,58.1139
0,16,1,0,0,57.188
0,17,1,0,0,56.3265
0,18,1,0,0,55.5234
0,19,1,0,0,54.7731
0,20,1,0,0,54.0708
0,21,1,0,0,53.4124
0,22,1,0,0,52.7941
0,23,1,0,0,52.2126
0,24,1,0,0,51.6649
0,25,1,0,0,51.1484
0,26,1,0,0,50.6608
0,27,1,0,0,50.1999
0,28,1,0,0,49.7637
0,29,1,0,0,49.3505
0,30,1,0,0,48.9588
0,31,1,0,0,48.5871
0,32,1,0,0,48.234
0,33,1,0,0,47.8985
0,34,1,0,0,47.5793
0,35,1,0,0,47.2754
0,36,1,0,0,46.986
0,37,1,0,0,46.7102
0,38,1,0,0,46.4471
0,39,1,0,0,46.1961
0,40,1,0,0,45.9564
0,41,1,0,0,45.7275
0,42,1,0,0,45.5087
0,43,1,0,0,45.2995
0,44,1,0,0,45.0993
0,45,1,0,0,44.9078
0,46,1,0,0,44.7245
0,47,1,0,0,44.5489
0,48,1,0,0,44.3807
0,49,1,0,0,44.2194
0,50,1,0,0,44.0649
0,51,1,0,0,43.9166
0,52,1,0,0,43.7744
0,53,1,0,0,43.6379
0,54,1,0,0,43.507
0,55,1,0,0,43.3812
0,56,1,0,0,43.2604
0,57,1,0,0,43.1444
0,58,1,0,0,43.0329
0,59,1,0,0,42.9257
0,60,1,0,0,42.8228
0,61,1,0,0,42.7237
0,62,1,0,0,42.6285
0,63,1,0,0,42.5369
0,64,1,0,6.09525e-06,42.4489
0,65,1,0,0,42.3636
0,66,1,0,0,42.2816
0,67,1,0,0,42.2027
0,68,1,0,0,42.1267
0,69,1,0,0,42.0535
0,70,1,0,0,41.983
0,71,1,0,0,41.9151
0,72,1,0,0,41.8497
0,73,1,0,0,41.7866
0,74,1,0,0,41.7259
0,75,1,0,0,41.6674
0,76,1,0,0,41.6109
0,77,1,0,0,41.5565
0,78,1,0,0,41.504
0,79,1,0,0,41.4535
0,80,1,0,0,41.4047
0,81,1,0,0,41.3576
0,82,1,0,0,41.3123
0,83,1,0,0,41.2685
0,84,1,0,0,41.2262
0,85,1,0,0,41.1855
0,86,1,0,0,41.1462
0,87,1,0,0,41.1082
0,88,1,0,0,41.0716
0,89,1,0,0,41.0363
0,90,1,0,0,41.0022
0,91,1,0,0,40.9692
0,92,1,0,0,40.9374
0,93,1,0,0,40.9067
0,94,1,0,0,40.8771
0,95,1,0,0,40.8485
0,96,1,0,0,40.8209
0,97,1,0,0,40.7942
0,98,1,0,0,40.7684
0,99,1,0,0,40.7435
0,100,1,0,0,40.7195
0,101,1,0,0,40.6963
0,102,1,0,0,40.6738
0,103,1,0,0,40.6522
0,104,1,0,0,40.6312
0,105,1,0,0,40.611
0,106,1,0,0,40.5915
0,107,1,0,0,40.5726
0,108,1,0,0,40.5544
0,109,1,0,0,40.5368
0,110,1,0,0,40.5198
0,111,1,0,0,40.5033
0,112,1,0,0,40.4874
0,113,1,0,0,40.4721
0,114,1,0,0,40.4573
0,115,1,0,0,40.4429
0,116,1,0,0,40.4291
0,117,1,0,0,40.4157
0,118,1,0,0,40.4028
0,119,1,0,0,40.3903
0,120,1,0,0,40.3782
0,121,1,0,0,40.3666
0,122,1,0,0,40.3553
0,123,1,0,0,40.3444
0,124,1,0,0,40.3339
0,125,1,0,0,40.3237
0,126,1,0,0,40.3139
0,127,1,0,0,40.3045
0,128,1,0,6.09525e-06,40.2953
0,129,1,0,0,40.286
0,130,1,0,0,40.2771
0,131,1,0,0,40.2684
0,132,1,0,0,40.26
0,133,1,0,0,40.2519
0,134,1,0,0,40.244
0,135,1,0,0,40.2364
0,136,1,0,0,40.2291
0,137,1,0,0,40.222
0,138,1,0,0,40.2151
0,139,1,0,0,40.2085
0,140,1,0,0,40.202
0,141,1,0,0,40.1958
0,142,1,0,0,40.1898
0,143,1,0,0,40.1839
0,144,1,0,0,40.1783
0,145,1,0,0,40.1728
0,146,1,0,0,40.1676
0,147,1,0,0,40.1625
0,148,1,0,0,40.1575
0,149,1,0,0,40.1527
0,150,1,0,0,40.1481
0,151,1,0,0,40.1436
0,152,1,0,0,40.1393
0,153,1,0,0,40.1351
0,154,1,0,0,40.1311
0,155,1,0,0,40.1272
0,156,1,0,0,40.1234
0,157,1,0,0,40.1197
0,158,1,0,0,40.1162
0,159,1,0,0,40.1128
0,160,1,0,0,40.1095
0,161,1,0,0,40.1063
0,162,1,0,0,40.1032
0,163,1,0,0,40.1002
0,164,1,0,0,40.0973
0,165,1,0,0,40.0945
0,166,1,0,0,40.0918
0,167,1,0,0,40.0892
0,168,1,0,0,40.0867
0,169,1,0,0,40.0842
0,170,1,0,0,40.0819
0,171,1,0,0,40.0796
0,172,1,0,0,40.0774
0,173,1,0,0,40.0753
0,174,1,0,0,40.0733
0,175,1,0,0,40.0713
0,176,1,0,0,40.0694
0,177,1,0,0,40.0676
0,178,1,0,0,40.0658
0,179,1,0,0,40.0641
0,180,1,0,0,40.0625
0,181,1,0,0,40.0609
0,182,1,0,0,40.0594
0,183,1,0,0,40.058
0,184,1,0,0,40.0566
0,185,1,0,0,40.0552
0,186,1,0,0,40.0539
0,187,1,0,0,40.0527
0,188,1,0,0,40.0515
0,189,1,0,0,40.0504
0,190,1,0,0,40.0493
0,191,1,0,0,40.0482
0,192,1,0,6.09525e-06,40.0473
0,193,1,0,0,40.0459
0,194,1,0,0,40.0445
0,195,1,0,0,40.0432
0,196,1,0,0,40.042
0,197,1,0,0,40.0408
0,198,1,0,0,40.0396
0,199,1,0,0,40.0385
0,200,1,0,0,40.0374
0,201,1,0,0,40.0363
0,202,1,0,0,40.0353
0,203,1,0,0,40.0343
0,204,1,0,0,40.0334
0,205,1,0,0,40.0325
0,206,1,0,0,40.0316
0,207,1,0,0,40.0307
0,208,1,0,0,40.0299
0,209,1,0,0,40.0291
0,210,1,0,0,40.0283
0,211,1,0,0,40.0275
0,212,1,0,0,40.0268
0,213,1,0,0,40.0261
0,214,1,0,0,40.0254
0,215,1,0,0,40.0248
0,216,1,0,0,40.0241
0,217,1,0,0,40.0235
0,218,1,0,0,40.0229
0,219,1,0,0,40.0224
0,220,1,0,0,40.0218
0,221,1,0,0,40.0213
0,222,1,0,0,40.0208
0,223,1,0,0,40.0203
0,224,1,0,0,40.0199
0,225,1,0,0,40.0194
0,226,1,0,0,40.019
0,227,1,0,0,40.0186
0,228,1,0,0,40.0182
0,229,1,0,0,40.0178
0,230,1,0,0,40.0174
0,231,1,0,0,40.0171
0,232,1,0,0,40.0168
0,233,1,0,0,40.0165
0,234,1,0,0,40.0162
0,235,1,0,0,40.0159
0,236,1,0,0,40.0156
0,237,1,0,0,40.0154
0,238,1,0,0,40.0151
0,239,1,0,0,40.0149
0,240,1,0,0,40.0147
0,241,1,0,0,40.0145
0,242,1,0,0,40.0143
0,243,1,0,0,40.0141
0,244,1,0,0,40.014
0,245,1,0,0,40.0138
0,246,1,0,0,40.0137
0,247,1,0,0,40.0136
0,248,1,0,0,40.0135
0,249,1,0,0,40.0134
0,250,1,0,0,40.0133
0,251,1,0,0,40.0132
0,252,1,0,0,40.0131
0,253,1,0,0,40.0131
0,254,1,0,0,40.0131
0,255,1,0,0,40.013
0,0,2,0,6.09525e-06,81.4901
0,1,2,0,0,79.8829
0,2,2,0,0,77.8211
0,3,2,0,0,75.6353
0,4,2,0,0,73.4909
0,5,2,0,0,71.4586
0,6,2,0,0,69.5628
0,7,2,0,0,67.8068
0,8,2,0,0,66.1849
0,9,2,0,0,64.6878
0,10,2,0,0,63.3053
0,11,2,0,0,62.027
0,12,2,0,0,60.8433
0,13,2,0,0,59.7454
0,14,2,0,0,58.7252
0,15,2,0,0,57.7756
0,16,2,0,0,56.8901
0,17,2,0,0,56.0629
0,18,2,0,0,55.2891
0,19,2,0,0,54.5639
0,20,2,0,0,53.8834
0,21,2,0,0,53.2438
0,22,2,0,0,52.642
0,23,2,0,0,52.0749
0,24,2,0,0,51.5399
0,25,2,0,0,51.0347
0,26,2,0,0,50.557
0,27,2,0,0,50.1049
0,28,2,0,0,49.6767
0,29,2,0,0,49.2706
0,30,2,0,0,48.8853
0,31,2,0,0,48.5193
0,32,2,0,0,48.1714
0,33,2,0,0,47.8406
0,34,2,0,0,47.5256
0,35,2,0,0,47.2257
0,36,2,0,0,46.9398
0,37,2,0,0,46.6672
0,38,2,0,0,46.4071
0,39,2,0,0,46.1588
0,40,2,0,0,45.9216
0,41,2,0,0,45.6949
0,42,2,0,0,45.4782
0,43,2,0,0,45.271
0,44,2,0,0,45.0727
0,45,2,0,0,44.8828
0,46,2,0,0,44.701
0,47,2,0,0,44.5268
0,48,2,0,0,44.3599
0,49,2,0,0,44.1999
0,50,2,0,0,44.0465
0,51,2,0,0,43.8993
0,52,2,0,0,43.7581
0,53,2,0,0,43.6226
0,54,2,0,0,43.4925
0,55,2,0,0,43.3675
0,56,2,0,0,43.2475
0,57,2,0,0,43.1322
0,58,2,0,0,43.0213
0,59,2,0,0,42.9148
0,60,2,0,0,42.8124
0,61,2,0,0,42.714
0,62,2,0,0,42.6193
0,63,2,0,0,42.5282
0,64,2,0,6.09525e-06,42.4406
0,65,2,0,0,42.3558
0,66,2,0,0,42.2742
0,67,2,0,0,42.1956
0,68,2,0,0,42.12
0,69,2,0,0,42.0471
0,70,2,0,0,41.9769
0,71,2,0,0,41.9093
0,72,2,0,0,41.8442
0,73,2,0,0,41.7814
0,74,2,0,0,41.7209
0,75,2,0,0,41.6626
0,76,2,0,0,41.6064
0,77,2,0,0,41.5522
0,78,2,0,0,41.4999
0,79,2,0,0,41.4495
0,80,2,0,0,41.4009
0,81,2,0,0,41.3541
0,82,2,0,0,41.3089
0,83,2,0,0,41.2652
0,84,2,0,0,41.2232
0,85,2,0,0,41.1825
0,86,2,0,0,41.1434
0,87,2,0,0,41.1055
0,88,2,0,0,41.069
0,89,2,0,0,41.0338
0,90,2,0,0,40.9998
0,91,2,0,0,40.967
0,92,2,0,0,40.9353
0,93,2,0,0,40.9047
0,94,2,0,0,40.8751
0,95,2,0,0,40.8466
0,96,2,0,0,40.8191
0,97,2,0,0,40.7925
0,98,2,0,0,40.7668
0,99,2,0,0,40.742
0,100,2,0,0,40.718
0,101,2,0,0,40.6948
0,102,2,0,0,40.6725
0,103,2,0,0,40.6509
0,104,2,0,0,40.63
0,105,2,0,0,40.6098
0,106,2,0,0,40.5904
0,107,2,0,0,40.5715
0,108,2,0,0,40.5534
0,109,2,0,0,40.5358
0,110,2,0,0,40.5188
0,111,2,0,0,40.5024
0,112,2,0,0,40.4866
0,113,2,0,0,40.4713
0,114,2,0,0,40.4565
0,115,2,0,0,40.4422
0,116,2,0,0,40.4283
0,117,2,0,0,40.415
0,118,2,0,0,40.4021
0,119,2,0,0,40.3896
0,120,2,0,0,40.3776
0,121,2,0,0,40.366
0,122,2,0,0,40.3547
0,123,2,0,0,40.3439
0,124,2,0,0,40.3334
0,125,2,0,0,40.3233
0,126,2,0,0,40.3135
0,127,2,0,0,40.304
0,128,2,0,6.09525e-06,40.2949
0,129,2,0,0,40.2857
0,130,2,0,0,40.2767
0,131,2,0,0,40.268
0,132,2,0,0,40.2596
0,133,2,0,0,40.2515
0,134,2,0,0,40.2437
0,135,2,0,0,40.2361
0,136,2,0,0,40.2288
0,137,2,0,0,40.2217
0,138,2,0,0,40.2148
0,139,2,0,0,40.2082
0,140,2,0,0,40.2017
0,141,2,0,0,40.1955
0,142,2,0,0,40.1895
0,143,2,0,0,40.1837
0,144,2,0,0,40.1781
0,145,2,0,0,40.1726
0,146,2,0,0,40.1673
0,147,2,0,0,40.1622
0,148,2,0,0,40.1573
0,149,2,0,0,40.1525
0,150,2,0,0,40.1479
0,151,2,0,0,40.1435
0,152,2,0,0,40.1391
0,153,2,0,0,40.135
0,154,2,0,0,40.1309
0,155,2,0,0,40.127
0,156,2,0,0,40.1232
0,157,2,0,0,40.1196
0,158,2,0,0,40.1161
0,159,2,0,0,40.1126
0,160,2,0,0,40.1093
0,161,2,0,0,40.1061
0,162,2,0,0,40.103
0,163,2,0,0,40.1001
0,164,2,0,0,40.0972
0,165,2,0,0,40.0944
0,166,2,0,0,40.0917
0,167,2,0,0,40.0891
0,168,2,0,0,40.0866
0,169,2,0,0,40.0842
0,170,2,0,0,40.0818
0,171,2,0,0,40.0795
0,172,2,0,0,40.0774
0,173,2,0,0,40.0753
0,174,2,0,0,40.0732
0,175,2,0,0,40.0713
0,176,2,0,0,40.0694
0,177,2,0,0,40.0675
0,178,2,0,0,40.0658
0,179,2,0,0,40.0641
0,180,2,0,0,40.0625
0,181,2,0,0,40.0609
0,182,2,0,0,40.0594
0,183,2,0,0,40.0579
0,184,2,0,0,40.0565
0,185,2,0,0,40.0552
0,186,2,0,0,40.0539
0,187,2,0,0,40.0527
0,188,2,0,0,40.0515
0,189,2,0,0,40.0504
0,190,2,0,0,40.0493
0,191,2,0,0,40.0483
0,192,2,0,6.09525e-06,40.0473
0,193,2,0,0,40.0459
0,194,2,0,0,40.0445
0,195,2,0,0,40.0432
0,196,2,0,0,40.042
0,197,2,0,0,40.0408
0,198,2,0,0,40.0396
0,199,2,0,0,40.0385
0,200,2,0,0,40.0374
0,201,2,0,0,40.0363
0,202,2,0,0,40.0353
0,203,2,0,0,40.0343
0,204,2,0,0,40.0334
0,205,2,0,0,40.0324
0,206,2,0,0,40.0315
0,207,2,0,0,40.0307
0,208,2,0,0,40.0298
0,209,2,0,0,40.029
0,210,2,0,0,40.0283
0,211,2,0,0,40.0275
0,212,2,0,0,40.0268
0,213,2,0,0,40.0261
0,214,2,0,0,40.0254
0,215,2,0,0,40.0247
0,216,2,0,0,40.0241
0,217,2,0,0,40.0235
0,218,2,0,0,40.0229
0,219,2,0,0,40.0224
0,220,2,0,0,40.0218
0,221,2,0,0,40.0213
0,222,2,0,0,40.0208
0,223,2,0,0,40.0203
0,224,2,0,0,40.0198
0,225,2,0,0,40.0194
0,226,2,0,0,40.019
0,227,2,0,0,40.0186
0,228,2,0,0,40.0182
0,229,2,0,0,40.0178
0,230,2,0,0,40.0174
0,231,2,0,0,40.0171
0,232,2,0,0,40.0168
0,233,2,0,0,40.0164
0,234,2,0,0,40.0161
0,235,2,0,0,40.0159
0,236,2,0,0,40.0156
0,237,2,0,0,40.0153
0,238,2,0,0,40.0151
0,239,2,0,0,40.0149
0,240,2,0,0,40.0147
0,241,2,0,0,40.0145
0,242,2,0,0,40.0143
0,243,2,0,0,40.0141
0,244,2,0,0,40.014
0,245,2,0,0,40.0138
0,246,2,0,0,40.0137
0,247,2,0,0,40.0136
0,248,2,0,0,40.0134
0,249,2,0,0,40.0134
0,250,2,0,0,40.0133
0,251,2,0,0,40.0132
0,252,2,0,0,40.0131
0,253,2,0,0,40.0131
0,254,2,0,0,40.0131
0,255,2,0,0,40.013
0,0,3,0,6.09525e-06,76.4525
0,1,3,0,0,75.4633
0,2,3,0,0,74.1309
0,3,3,0,0,72.6106
0,4,3,0,0,71.0184
0,5,3,0,0,69.428
0,6,3,0,0,67.8825
0,7,3,0,0,66.4047
0,8,3,0,0,65.0051
0,9,3,0,0,63.6872
0,10,3,0,0,62.4503
0,11,3,0,0,61.2914
0,12,3,0,0,60.2063
0,13,3,0,0,59.1905
0,14,3,0,0,58.2392
0,15,3,0,0,57.3477
0,16,3,0,0,56.5115
0,17,3,0,0,55.7266
0,18,3,0,0,54.989
0,19,3,0,0,54.2952
0,20,3,0,0,53.642
0,21,3,0,0,53.0262
0,22,3,0,0,52.4451
0,23,3,0,0,51.8964
0,24,3,0,0,51.3776
0,25,3,0,0,50.8867
0,26,3,0,0,50.4218
0,27,3,0,0,49.9811
0,28,3,0,0,49.563
0,29,3,0,0,49.1661
0,30,3,0,0,48.789
0,31,3,0,0,48.4305
0,32,3,0,0,48.0894
0,33,3,0,0,47.7646
0,34,3,0,0,47.4552
0,35,3,0,0,47.1603
0,36,3,0,0,46.8791
0,37,3,0,0,46.6107
0,38,3,0,0,46.3544
0,39,3,0,0,46.1096
0,40,3,0,0,45.8757
0,41,3,0,0,45.6521
0,42,3,0,0,45.4381
0,43,3,0,0,45.2334
0,44,3,0,0,45.0375
0,45,3,0,0,44.8498
0,46,3,0,0,44.67
0,47,3,0,0,44.4977
0,48,3,0,0,44.3326
0,49,3,0,0,44.1742
0,50,3,0,0,44.0223
0,51,3,0,0,43.8765
0,52,3,0,0,43.7366
0,53,3,0,0,43.6023
0,54,3,0,0,43.4733
0,55,3,0,0,43.3494
0,56,3,0,0,43.2304
0,57,3,0,0,43.116
0,58,3,0,0,43.0061
0,59,3,0,0,42.9004
0,60,3,0,0,42.7987
0,61,3,0,0,42.701
0,62,3,0,0,42.607
0,63,3,0,0,42.5166
0,64,3,0,6.09525e-06,42.4296
0,65,3,0,0,42.3453
0,66,3,0,0,42.2643
0,67,3,0,0,42.1862
0,68,3,0,0,42.111
0,69,3,0,0,42.0386
0,70,3,0,0,41.9688
0,71,3,0,0,41.9016
0,72,3,0,0,41.8368
0,73,3,0,0,41.7744
0,74,3,0,0,41.7143
0,75,3,0,0,41.6563
0,76,3,0,0,41.6004
0,77,3,0,0,41.5465
0,78,3,0,0,41.4945
0,79,3,0,0,41.4443
0,80,3,0,0,41.396
0,81,3,0,0,41.3493
0,82,3,0,0,41.3043
0,83,3,0,0,41.2609
0,84,3,0,0,41.219
0,85,3,0,0,41.1786
0,86,3,0,0,41.1396
0,87,3,0,0,41.102
0,88,3,0,0,41.0656
0,89,3,0,0,41.0306
0,90,3,0,0,40.9967
0,91,3,0,0,40.964
0,92,3,0,0,40.9325
0,93,3,0,0,40.902
0,94,3,0,0,40.8726
0,95,3,0,0,40.8441
0,96,3,0,0,40.8167
0,97,3,0,0,40.7902
0,98,3,0,0,40.7646
0,99,3,0,0,40.7399
0,100,3,0,0,40.716
0,101,3,0,0,40.6929
0,102,3,0,0,40.6707
0,103,3,0,0,40.6491
0,104,3,0,0,40.6283
0,105,3,0,0,40.6082
0,106,3,0,0,40.5888
0,107,3,0,0,40.5701
0,108,3,0,0,40.552
0,109,3,0,0,40.5344
0,110,3,0,0,40.5175
0,111,3,0,0,40.5012
0,112,3,0,0,40.4854
0,113,3,0,0,40.4701
0,114,3,0,0,40.4554
0,115,3,0,0,40.4411
0,116,3,0,0,40.4274
0,117,3,0,0,40.4141
0,118,3,0,0,40.4012
0,119,3,0,0,40.3888
0,120,3,0,0,40.3768
0,121,3,0,0,40.3652
0,122,3,0,0,40.354
0,123,3,0,0,40.3432
0,124,3,0,0,40.3327
0,125,3,0,0,40.3226
0,126,3,0,0,40.3129
0,127,3,0,0,40.3035
0,128,3,0,6.09525e-06,40.2944
0,129,3,0,0,40.2851
0,130,3,0,0,40.2762
0,131,3,0,0,40.2675
0,132,3,0,0,40.2592
0,133,3,0,0,40.2511
0,134,3,0,0,40.2432
0,135,3,0,0,40.2357
0,136,3,0,0,40.2284
0,137,3,0,0,40.2213
0,138,3,0,0,40.2144
0,139,3,0,0,40.2078
0,140,3,0,0,40.2014
0,141,3,0,0,40.1952
0,142,3,0,0,40.1892
0,143,3,0,0,40.1834
0,144,3,0,0,40.1777
0,145,3,0,0,40.1723
0,146,3,0,0,40.1671
0,147,3,0,0,40.162
0,148,3,0,0,40.157
0,149,3,0,0,40.1523
0,150,3,0,0,40.1477
0,151,3,0,0,40.1432
0,152,3,0,0,40.1389
0,153,3,0,0,40.1347
0,154,3,0,0,40.1307
0,155,3,0,0,40.1268
0,156,3,0,0,40.123
0,157,3,0,0,40.1194
0,158,3,0,0,40.1159
0,159,3,0,0,40.1125
0,160,3,0,0,40.1092
0,161,3,0,0,40.106
0,162,3,0,0,40.1029
0,163,3,0,0,40.0999
0,164,3,0,0,40.097
0,165,3,0,0,40.0943
0,166,3,0,0,40.0916
0,167,3,0,0,40.089
0,168,3,0,0,40.0865
0,169,3,0,0,40.084
0,170,3,0,0,40.0817
0,171,3,0,0,40.0794
0,172,3,0,0,40.0773
0,173,3,0,0,40.0752
0,174,3,0,0,40.0731
0,175,3,0,0,40.0712
0,176,3,0,0,40.0693
0,177,3,0,0,40.0675
0,178,3,0,0,40.0657
0,179,3,0,0,40.064
0,180,3,0,0,40.0624
0,181,3,0,0,40.0608
0,182,3,0,0,40.0593
0,183,3,0,0,40.0579
0,184,3,0,0,40.0565
0,185,3,0,0,40.0551
0,186,3,0,0,40.0539
0,187,3,0,0,40.0526
0,188,3,0,0,40.0515
0,189,3,0,0,40.0503
0,190,3,0,0,40.0493
0,191,3,0,0,40.0483
0,192,3,0,6.09525e-06,40.0473
0,193,3,0,0,40.0459
0,194,3,0,0,40.0445
0,195,3,0,0,40.0432
0,196,3,0,0,40.042
0,197,3,0,0,40.0408
0,198,3,0,0,40.0396
0,199,3,0,0,40.0385
0,200,3,0,0,40.0374
0,201,3,0,0,40.0363
0,202,3,0,0,40.0353
0,203,3,0,0,40.0343
0,204,3,0,0,40.0333
0,205,3,0,0,40.0324
0,206,3,0,0,40.0315
0,207,3,0,0,40.0307
0,208,3,0,0,40.0298
0,209,3,0,0,40.029
0,210,3,0,0,40.0282
0,211,3,0,0,40.0275
0,212,3,0,0,40.0268
0,213,3,0,0,40.0261
0,214,3,0,0,40.0254
0,215,3,0,0,40.0247
0,216,3,0,0,40.0241
0,217,3,0,0,40.0235
0,218,3,0,0,40.0229
0,219,3,0,0,40.0223
0,220,3,0,0,40.0218
0,221,3,0,0,40.0213
0,222,3,0,0,40.0208
0,223,3,0,0,40.0203
0,224,3,0,0,40.0198
0,225,3,0,0,40.0194
0,226,3,0,0,40.019
0,227,3,0,0,40.0185
0,228,3,0,0,40.0182
0,229,3,0,0,40.0178
0,230,3,0,0,40.0174
0,231,3,0,0,40.0171
0,232,3,0,0,40.0167
0,233,3,0,0,40.0164
0,234,3,0,0,40.0161
0,235,3,0,0,40.0159
0,236,3,0,0,40.0156
0,237,3,0,0,40.0153
0,238,3,0,0,40.0151
0,239,3,0,0,40.0149
0,240,3,0,0,40.0147
0,241,3,0,0,40.0145
0,242,3,0,0,40.0143
0,243,3,0,0,40.0141
0,244,3,0,0,40.0139
0,245,3,0,0,40.0138
0,246,3,0,0,40.0137
0,247,3,0,0,40.0135
0,248,3,0,0,40.0134
0,249,3,0,0,40.0133
0,250,3,0,0,40.0133
0,251,3,0,0,40.0132
0,252,3,0,0,40.0131
0,253,3,0,0,40.0131
0,254,3,0,0,40.013
0,255,3,0,0,40.013
0,0,4,0,6.09525e-06,72.483
0,1,4,0,0,71.8199
0,2,4,0,0,70.904
0,3,4,0,0,69.8141
0,4,4,0,0,68.6216
0,5,4,0,0,67.3825
0,6,4,0,0,66.1369
0,7,4,0,0,64.9114
0,8,4,0,0,63.7229
0,9,4,0,0,62.5814
0,10,4,0,0,61.4922
0,11,4,0,0,60.4572
0,12,4,0,0,59.4767
0,13,4,0,0,58.5495
0,14,4,0,0,57.6735
0,15,4,0,0,56.8464
0,16,4,0,0,56.0657
0,17,4,0,0,55.3285
0,18,4,0,0,54.6324
0,19,4,0,0,53.9746
0,20,4,0,0,53.3529
0,21,4,0,0,52.7647
0,22,4,0,0,52.2081
0,23,4,0,0,51.6809
0,24,4,0,0,51.1812
0,25,4,0,0,50.7073
0,26,4,0,0,50.2576
0,27,4,0,0,49.8305
0,28,4,0,0,49.4246
0,29,4,0,0,49.0387
0,30,4,0,0,48.6715
0,31,4,0,0,48.3219
0,32,4,0,0,47.9889
0,33,4,0,0,47.6716
0,34,4,0,0,47.3689
0,35,4,0,0,47.0801
0,36,4,0,0,46.8045
0,37,4,0,0,46.5412
0,38,4,0,0,46.2896
0,39,4,0,0,46.0492
0,40,4,0,0,45.8192
0,41,4,0,0,45.5992
0,42,4,0,0,45.3887
0,43,4,0,0,45.1871
0,44,4,0,0,44.994
0,45,4,0,0,44.809
0,46,4,0,0,44.6317
0,47,4,0,0,44.4617
0,48,4,0,0,44.2987
0,49,4,0,0,44.1423
0,50,4,0,0,43.9923
0,51,4,0,0,43.8482
0,52,4,0,0,43.7099
0,53,4,0,0,43.5771
0,54,4,0,0,43.4495
0,55,4,0,0,43.327
0,56,4,0,0,43.2092
0,57,4,0,0,43.0959
0,58,4,0,0,42.9871
0,59,4,0,0,42.8824
0,60,4,0,0,42.7818
0,61,4,0,0,42.6849
0,62,4,0,0,42.5918
0,63,4,0,0,42.5021
0,64,4,0,6.09525e-06,42.4159
0,65,4,0,0,42.3323
0,66,4,0,0,42.2519
0,67,4,0,0,42.1745
0,68,4,0,0,42.0999
0,69,4,0,0,42.028
0,70,4,0,0,41.9588
0,71,4,0,0,41.892
0,72,4,0,0,41.8277
0,73,4,0,0,41.7658
0,74,4,0,0,41.706
0,75,4,0,0,41.6484
0,76,4,0,0,41.5929
0,77,4,0,0,41.5393
0,78,4,0,0,41.4877
0,79,4,0,0,41.4379
0,80,4,0,0,41.3898
0,81,4,0,0,41.3435
0,82,4,0,0,41.2987
0,83,4,0,0,41.2556
0,84,4,0,0,41.2139
0,85,4,0,0,41.1738
0,86,4,0,0,41.135
0,87,4,0,0,41.0975
0,88,4,0,0,41.0614
0,89,4,0,0,41.0265
0,90,4,0,0,40.9928
0,91,4,0,0,40.9603
0,92,4,0,0,40.9289
0,93,4,0,0,40.8986
0,94,4,0,0,40.8693
0,95,4,0,0,40.8411
0,96,4,0,0,40.8138
0,97,4,0,0,40.7874
0,98,4,0,0,40.7619
0,99,4,0,0,40.7373
0,100,4,0,0,40.7135
0,101,4,0,0,40.6906
0,102,4,0,0,40.6684
0,103,4,0,0,40.647
0,104,4,0,0,40.6263
0,105,4,0,0,40.6063
0,106,4,0,0,40.5869
0,107,4,0,0,40.5682
0,108,4,0,0,40.5502
0,109,4,0,0,40.5328
0,110,4,0,0,40.5159
0,111,4,0,0,40.4996
0,112,4,0,0,40.4839
0,113,4,0,0,40.4687
0,114,4,0,0,40.454
0,115,4,0,0,40.4398
0,116,4,0,0,40.4261
0,117,4,0,0,40.4129
0,118,4,0,0,40.4001
0,119,4,0,0,40.3877
0,120,4,0,0,40.3757
0,121,4,0,0,40.3642
0,122,4,0,0,40.353
0,123,4,0,0,40.3423
0,124,4,0,0,40.3318
0,125,4,0,0,40.3218
0,126,4,0,0,40.3121
0,127,4,0,0,40.3027
0,128,4,0,6.09525e-06,40.2937
0,129,4,0,0,40.2844
0,130,4,0,0,40.2755
0,131,4,0,0,40.2669
0,132,4,0,0,40.2585
0,133,4,0,0,40.2505
0,134,4,0,0,40.2427
0,135,4,0,0,40.2351
0,136,4,0,0,40.2278
0,137,4,0,0,40.2208
0,138,4,0,0,40.2139
0,139,4,0,0,40.2073
0,140,4,0,0,40.2009
0,141,4,0,0,40.1947
0,142,4,0,0,40.1887
0,143,4,0,0,40.183
0,144,4,0,0,40.1774
0,145,4,0,0,40.1719
0,146,4,0,0,40.1667
0,147,4,0,0,40.1616
0,148,4,0,0,40.1567
0,149,4,0,0,40.152
0,150,4,0,0,40.1474
0,151,4,0,0,40.1429
0,152,4,0,0,40.1386
0,153,4,0,0,40.1345
0,154,4,0,0,40.1304
0,155,4,0,0,40.1266
0,156,4,0,0,40.1228
0,157,4,0,0,40.1192
0,158,4,0,0,40.1156
0,159,4,0,0,40.1122
0,160,4,0,0,40.1089
0,161,4,0,0,40.1058
0,162,4,0,0,40.1027
0,163,4,0,0,40.0997
0,164,4,0,0,40.0969
0,165,4,0,0,40.0941
0,166,4,0,0,40.0914
0,167,4,0,0,40.0888
0,168,4,0,0,40.0863
0,169,4,0,0,40.0839
0,170,4,0,0,40.0815
0,171,4,0,0,40.0793
0,172,4,0,0,40.0771
0,173,4,0,0,40.075
0,174,4,0,0,40.073
0,175,4,0,0,40.071
0,176,4,0,0,40.0692
0,177,4,0,0,40.0673
0,178,4,0,0,40.0656
0,179,4,0,0,40.0639
0,180,4,0,0,40.0623
0,181,4,0,0,40.0607
0,182,4,0,0,40.0592
0,183,4,0,0,40.0578
0,184,4,0,0,40.0564
0,185,4,0,0,40.0551
0,186,4,0,0,40.0538
0,187,4,0,0,40.0526
0,188,4,0,0,40.0514
0,189,4,0,0,40.0503
0,190,4,0,0,40.0492
0,191,4,0,0,40.0482
0,192,4,0,6.09525e-06,40.0473
0,193,4,0,0,40.0459
0,194,4,0,0,40.0445
0,195,4,0,0,40.0432
0,196,4,0,0,40.042
0,197,4,0,0,40.0407
0,198,4,0,0,40.0396
0,199,4,0,0,40.0384
0,200,4,0,0,40.0373
0,201,4,0,0,40.0363
0,202,4,0,0,40.0352
0,203,4,0,0,40.0343
0,204,4,0,0,40.0333
0,205,4,0,0,40.0324
0,206,4,0,0,40.0315
0,207,4,0,0,40.0306
0,208,4,0,0,40.0298
0,209,4,0,0,40.029
0,210,4,0,0,40.0282
0,211,4,0,0,40.0274
0,212,4,0,0,40.0267
0,213,4,0,0,40.026
0,214,4,0,0,40.0253
0,215,4,0,0,40.0247
0,216,4,0,0,40.0241
0,217,4,0,0,40.0235
0,218,4,0,0,40.0229
0,219,4,0,0,40.0223
0,220,4,0,0,40.0218
0,221,4,0,0,40.0213
0,222,4,0,0,40.0207
0,223,4,0,0,40.0203
0,224,4,0,0,40.0198
0,225,4,0,0,40.0194
0,226,4,0,0,40.0189
0,227,4,0,0,40.0185
0,228,4,0,0,40.0181
0,229,4,0,0,40.0178
0,230,4,0,0,40.0174
0,231,4,0,0,40.0171
0,232,4,0,0,40.0167
0,233,4,0,0,40.0164
0,234,4,0,0,40.0161
0,235,4,0,0,40.0158
0,236,4,0,0,40.0156
0,237,4,0,0,40.0153
0,238,4,0,0,40.0151
0,239,4,0,0,40.0149
0,240,4,0,0,40.0146
0,241,4,0,0,40.0144
0,242,4,0,0,40.0143
0,243,4,0,0,40.0141
0,244,4,0,0,40.0139
0,245,4,0,0,40.0138
0,246,4,0,0,40.0137
0,247,4,0,0,40.0135
0,248,4,0,0,40.0134
0,249,4,0,0,40.0133
0,250,4,0,0,40.0132
0,251,4,0,0,40.0132
0,252,4,0,0,40.0131
0,253,4,0,0,40.0131
0,254,4,0,0,40.013
0,255,4,0,0,40.013
0,0,5,0,6.09525e-06,69.2295
0,1,5,0,0,68.7611
0,2,5,0,0,68.1023
0,3,5,0,0,67.2969
0,4,5,0,0,66.3891
0,5,5,0,0,65.4179
0,6,5,0,0,64.4149
0,7,5,0,0,63.4042
0,8,5,0,0,62.4033
0,9,5,0,0,61.4242
0,10,5,0,0,60.4751
0,11,5,0,0,59.5608
0,12,5,0,0,58.6843
0,13,5,0,0,57.8468
0,14,5,0,0,57.0485
0,15,5,0,0,56.2887
0,16,5,0,0,55.5665
0,17,5,0,0,54.8804
0,18,5,0,0,54.2289
0,19,5,0,0,53.6104
0,20,5,0,0,53.0232
0,21,5,0,0,52.4656
0,22,5,0,0,51.936
0,23,5,0,0,51.4328
0,24,5,0,0,50.9546
0,25,5,0,0,50.4998
0,26,5,0,0,50.0673
0,27,5,0,0,49.6556
0,28,5,0,0,49.2636
0,29,5,0,0,48.8902
0,30,5,0,0,48.5344
0,31,5,0,0,48.1951
0,32,5,0,0,47.8715
0,33,5,0,0,47.5626
0,34,5,0,0,47.2677
0,35,5,0,0,46.986
0,36,5,0,0,46.7168
0,37,5,0,0,46.4595
0,38,5,0,0,46.2134
0,39,5,0,0,45.978
0,40,5,0,0,45.7527
0,41,5,0,0,45.537
0,42,5,0,0,45.3304
0,43,5,0,0,45.1324
0,44,5,0,0,44.9427
0,45,5,0,0,44.7609
0,46,5,0,0,44.5865
0,47,5,0,0,44.4192
0,48,5,0,0,44.2587
0,49,5,0,0,44.1046
0,50,5,0,0,43.9567
0,51,5,0,0,43.8147
0,52,5,0,0,43.6783
0,53,5,0,0,43.5473
0,54,5,0,0,43.4214
0,55,5,0,0,43.3003
0,56,5,0,0,43.184
0,57,5,0,0,43.0722
0,58,5,0,0,42.9646
0,59,5,0,0,42.8611
0,60,5,0,0,42.7616
0,61,5,0,0,42.6658
0,62,5,0,0,42.5737
0,63,5,0,0,42.485
0,64,5,0,6.09525e-06,42.3996
0,65,5,0,0,42.3169
0,66,5,0,0,42.2372
0,67,5,0,0,42.1605
0,68,5,0,0,42.0866
0,69,5,0,0,42.0154
0,70,5,0,0,41.9468
0,71,5,0,0,41.8806
0,72,5,0,0,41.8169
0,73,5,0,0,41.7555
0,74,5,0,0,41.6962
0,75,5,0,0,41.6391
0,76,5,0,0,41.584
0,77,5,0,0,41.5309
0,78,5,0,0,41.4796
0,79,5,0,0,41.4302
0,80,5,0,0,41.3825
0,81,5,0,0,41.3365
0,82,5,0,0,41.2921
0,83,5,0,0,41.2492
0,84,5,0,0,41.2079
0,85,5,0,0,41.168
0,86,5,0,0,41.1294
0,87,5,0,0,41.0922
0,88,5,0,0,41.0563
0,89,5,0,0,41.0217
0,90,5,0,0,40.9882
0,91,5,0,0,40.9559
0,92,5,0,0,40.9247
0,93,5,0,0,40.8946
0,94,5,0,0,40.8655
0,95,5,0,0,40.8374
0,96,5,0,0,40.8102
0,97,5,0,0,40.784
0,98,5,0,0,40.7587
0,99,5,0,0,40.7342
0,100,5,0,0,40.7106
0,101,5,0,0,40.6877
0,102,5,0,0,40.6657
0,103,5,0,0,40.6444
0,104,5,0,0,40.6238
0,105,5,0,0,40.6039
0,106,5,0,0,40.5847
0,107,5,0,0,40.5661
0,108,5,0,0,40.5481
0,109,5,0,0,40.5308
0,110,5,0,0,40.514
0,111,5,0,0,40.4978
0,112,5,0,0,40.4822
0,113,5,0,0,40.467
0,114,5,0,0,40.4524
0,115,5,0,0,40.4383
0,116,5,0,0,40.4246
0,117,5,0,0,40.4115
0,118,5,0,0,40.3987
0,119,5,0,0,40.3864
0,120,5,0,0,40.3745
0,121,5,0,0,40.363
0,122,5,0,0,40.3519
0,123,5,0,0,40.3412
0,124,5,0,0,40.3308
0,125,5,0,0,40.3208
0,126,5,0,0,40.3111
0,127,5,0,0,40.3018
0,128,5,0,6.09525e-06,40.2928
0,129,5,0,0,40.2836
0,130,5,0,0,40.2747
0,131,5,0,0,40.2661
0,132,5,0,0,40.2578
0,133,5,0,0,40.2498
0,134,5,0,0,40.242
0,135,5,0,0,40.2345
0,136,5,0,0,40.2272
0,137,5,0,0,40.2201
0,138,5,0,0,40.2133
0,139,5,0,0,40.2067
0,140,5,0,0,40.2004
0,141,5,0,0,40.1942
0,142,5,0,0,40.1882
0,143,5,0,0,40.1825
0,144,5,0,0,40.1769
0,145,5,0,0,40.1715
0,146,5,0,0,40.1662
0,147,5,0,0,40.1612
0,148,5,0,0,40.1563
0,149,5,0,0,40.1516
0,150,5,0,0,40.147
0,151,5,0,0,40.1426
0,152,5,0,0,40.1383
0,153,5,0,0,40.1341
0,154,5,0,0,40.1301
0,155,5,0,0,40.1262
0,156,5,0,0,40.1225
0,157,5,0,0,40.1189
0,158,5,0,0,40.1154
0,159,5,0,0,40.112
0,160,5,0,0,40.1087
0,161,5,0,0,40.1055
0,162,5,0,0,40.1025
0,163,5,0,0,40.0995
0,164,5,0,0,40.0966
0,165,5,0,0,40.0939
0,166,5,0,0,40.0912
0,167,5,0,0,40.0886
0,168,5,0,0,40.0861
0,169,5,0,0,40.0837
0,170,5,0,0,40.0814
0,171,5,0,0,40.0791
0,172,5,0,0,40.077
0,173,5,0,0,40.0749
0,174,5,0,0,40.0729
0,175,5,0,0,40.0709
0,176,5,0,0,40.069
0,177,5,0,0,40.0672
0,178,5,0,0,40.0655
0,179,5,0,0,40.0638
0,180,5,0,0,40.0622
0,181,5,0,0,40.0606
0,182,5,0,0,40.0591
0,183,5,0,0,40.0577
0,184,5,0,0,40.0563
0,185,5,0,0,40.055
0,186,5,0,0,40.0537
0,187,5,0,0,40.0525
0,188,5,0,0,40.0514
0,189,5,0,0,40.0502
0,190,5,0,0,40.0492
0,191,5,0,0,40.0482
0,192,5,0,6.09525e-06,40.0472
0,193,5,0,0,40.0458
0,194,5,0,0,40.0445
0,195,5,0,0,40.0432
0,196,5,0,0,40.0419
0,197,5,0,0,40.0407
0,198,5,0,0,40.0395
0,199,5,0,0,40.0384
0,200,5,0,0,40.0373
0,201,5,0,0,40.0362
0,202,5,0,0,40.0352
0,203,5,0,0,40.0342
0,204,5,0,0,40.0333
0,205,5,0,0,40.0323
0,206,5,0,0,40.0314
0,207,5,0,0,40.0306
0,208,5,0,0,40.0297
0,209,5,0,0,40.0289
0,210,5,0,0,40.0282
0,211,5,0,0,40.0274
0,212,5,0,0,40.0267
0,213,5,0,0,40.026
0,214,5,0,0,40.0253
0,215,5,0,0,40.0247
0,216,5,0,0,40.024
0,217,5,0,0,40.0234
0,218,5,0,0,40.0228
0,219,5,0,0,40.0223
0,220,5,0,0,40.0217
0,221,5,0,0,40.0212
0,222,5,0,0,40.0207
0,223,5,0,0,40.0202
0,224,5,0,0,40.0198
0,225,5,0,0,40.0193
0,226,5,0,0,40.0189
0,227,5,0,0,40.0185
0,228,5,0,0,40.0181
0,229,5,0,0,40.0177
0,230,5,0,0,40.0174
0,231,5,0,0,40.017
0,232,5,0,0,40.0167
0,233,5,0,0,40.0164
0,234,5,0,0,40.0161
0,235,5,0,0,40.0158
0,236,5,0,0,40.0156
0,237,5,0,0,40.0153
0,238,5,0,0,40.0151
0,239,5,0,0,40.0148
0,240,5,0,0,40.0146
0,241,5,0,0,40.0144
0,242,5,0,0,40.0142
0,243,5,0,0,40.0141
0,244,5,0,0,40.0139
0,245,5,0,0,40.0138
0,246,5,0,0,40.0136
0,247,5,0,0,40.0135
0,248,5,0,0,40.0134
0,249,5,0,0,40.0133
0,250,5,0,0,40.0132
0,251,5,0,0,40.0132
0,252,5,0,0,40.0131
0,253,5,0,0,40.0131
0,254,5,0,0,40.013
0,255,5,0,0,40.013
0,0,6,0,6.09525e-06,66.4971
0,1,6,0,0,66.1528
0,2,6,0,0,65.662
0,3,6,0,0,65.0508
0,4,6,0,0,64.3472
0,5,6,0,0,63.5779
0,6,6,0,0,62.7666
0,7,6,0,0,61.9329
0,8,6,0,0,61.0923
0,9,6,0,0,60.2566
0,10,6,0,0,59.4348
0,11,6,0,0,58.6329
0,12,6,0,0,57.8554
0,13,6,0,0,57.1049
0,14,6,0,0,56.383
0,15,6,0,0,55.6905
0,16,6,0,0,55.0276
0,17,6,0,0,54.3938
0,18,6,0,0,53.7886
0,19,6,0,0,53.211
0,20,6,0,0,52.6602
0,21,6,0,0,52.1349
0,22,6,0,0,51.6342
0,23,6,0,0,51.1569
0,24,6,0,0,50.7017
0,25,6,0,0,50.2678
0,26,6,0,0,49.8539
0,27,6,0,0,49.4591
0,28,6,0,0,49.0824
0,29,6,0,0,48.7228
0,30,6,0,0,48.3795
0,31,6,0,0,48.0516
0,32,6,0,0,47.7384
0,33,6,0,0,47.439
0,34,6,0,0,47.1527
0,35,6,0,0,46.879
0,36,6,0,0,46.6171
0,37,6,0,0,46.3665
0,38,6,0,0,46.1265
0,39,6,0,0,45.8968
0,40,6,0,0,45.6767
0,41,6,0,0,45.4658
0,42,6,0,0,45.2636
0,43,6,0,0,45.0698
0,44,6,0,0,44.884
0,45,6,0,0,44.7057
0,46,6,0,0,44.5346
0,47,6,0,0,44.3704
0,48,6,0,0,44.2127
0,49,6,0,0,44.0613
0,50,6,0,0,43.9159
0,51,6,0,0,43.7762
0,52,6,0,0,43.642
0,53,6,0,0,43.513
0,54,6,0,0,43.389
0,55,6,0,0,43.2697
0,56,6,0,0,43.155
0,57,6,0,0,43.0448
0,58,6,0,0,42.9387
0,59,6,0,0,42.8366
0,60,6,0,0,42.7383
0,61,6,0,0,42.6438
0,62,6,0,0,42.5528
0,63,6,0,0,42.4651
0,64,6,0,6.09525e-06,42.3808
0,65,6,0,0,42.299
0,66,6,0,0,42.2203
0,67,6,0,0,42.1444
0,68,6,0,0,42.0713
0,69,6,0,0,42.0008
0,70,6,0,0,41.9329
0,71,6,0,0,41.8675
0,72,6,0,0,41.8044
0,73,6,0,0,41.7435
0,74,6,0,0,41.6849
0,75,6,0,0,41.6283
0,76,6,0,0,41.5737
0,77,6,0,0,41.521
0,78,6,0,0,41.4703
0,79,6,0,0,41.4213
0,80,6,0,0,41.374
0,81,6,0,0,41.3284
0,82,6,0,0,41.2843
0,83,6,0,0,41.2418
0,84,6,0,0,41.2008
0,85,6,0,0,41.1612
0,86,6,0,0,41.123
0,87,6,0,0,41.0861
0,88,6,0,0,41.0505
0,89,6,0,0,41.0161
0,90,6,0,0,40.9829
0,91,6,0,0,40.9508
0,92,6,0,0,40.9198
0,93,6,0,0,40.8899
0,94,6,0,0,40.861
0,95,6,0,0,40.8331
0,96,6,0,0,40.8061
0,97,6,0,0,40.7801
0,98,6,0,0,40.7549
0,99,6,0,0,40.7306
0,100,6,0,0,40.7072
0,101,6,0,0,40.6845
0,102,6,0,0,40.6626
0,103,6,0,0,40.6414
0,104,6,0,0,40.6209
0,105,6,0,0,40.6011
0,106,6,0,0,40.582
0,107,6,0,0,40.5636
0,108,6,0,0,40.5457
0,109,6,0,0,40.5285
0,110,6,0,0,40.5118
0,111,6,0,0,40.4957
0,112,6,0,0,40.4801
0,113,6,0,0,40.4651
0,114,6,0,0,40.4505
0,115,6,0,0,40.4365
0,116,6,0,0,40.4229
0,117,6,0,0,40.4098
0,118,6,0,0,40.3971
0,119,6,0,0,40.3849
0,120,6,0,0,40.373
0,121,6,0,0,40.3616
0,122,6,0,0,40.3506
0,123,6,0,0,40.3399
0,124,6,0,0,40.3296
0,125,6,0,0,40.3196
0,126,6,0,0,40.31
0,127,6,0,0,40.3007
0,128,6,0,6.09525e-06,40.2918
0,129,6,0,0,40.2826
0,130,6,0,0,40.2738
0,131,6,0,0,40.2652
0,132,6,0,0,40.2569
0,133,6,0,0,40.2489
0,134,6,0,0,40.2412
0,135,6,0,0,40.2337
0,136,6,0,0,40.2264
0,137,6,0,0,40.2194
0,138,6,0,0,40.2126
0,139,6,0,0,40.2061
0,140,6,0,0,40.1997
0,141,6,0,0,40.1936
0,142,6,0,0,40.1876
0,143,6,0,0,40.1819
0,144,6,0,0,40.1763
0,145,6,0,0,40.1709
0,146,6,0,0,40.1657
0,147,6,0,0,40.1607
0,148,6,0,0,40.1558
0,149,6,0,0,40.1511
0,150,6,0,0,40.1466
0,151,6,0,0,40.1421
0,152,6,0,0,40.1379
0,153,6,0,0,40.1337
0,154,6,0,0,40.1297
0,155,6,0,0,40.1259
0,156,6,0,0,40.1221
0,157,6,0,0,40.1185
0,158,6,0,0,40.115
0,159,6,0,0,40.1117
0,160,6,0,0,40.1084
0,161,6,0,0,40.1052
0,162,6,0,0,40.1022
0,163,6,0,0,40.0992
0,164,6,0,0,40.0964
0,165,6,0,0,40.0936
0,166,6,0,0,40.091
0,167,6,0,0,40.0884
0,168,6,0,0,40.0859
0,169,6,0,0,40.0835
0,170,6,0,0,40.0812
0,171,6,0,0,40.0789
0,172,6,0,0,40.0768
0,173,6,0,0,40.0747
0,174,6,0,0,40.0727
0,175,6,0,0,40.0707
0,176,6,0,0,40.0689
0,177,6,0,0,40.0671
0,178,6,0,0,40.0653
0,179,6,0,0,40.0637
0,180,6,0,0,40.0621
0,181,6,0,0,40.0605
0,182,6,0,0,40.059
0,183,6,0,0,40.0576
0,184,6,0,0,40.0562
0,185,6,0,0,40.0549
0,186,6,0,0,40.0536
0,187,6,0,0,40.0524
0,188,6,0,0,40.0513
0,189,6,0,0,40.0502
0,190,6,0,0,40.0491
0,191,6,0,0,40.0481
0,192,6,0,6.09525e-06,40.0472
0,193,6,0,0,40.0458
0,194,6,0,0,40.0444
0,195,6,0,0,40.0431
0,196,6,0,0,40.0419
0,197,6,0,0,40.0406
0,198,6,0,0,40.0395
0,199,6,0,0,40.0383
0,200,6,0,0,40.0372
0,201,6,0,0,40.0362
0,202,6,0,0,40.0352
0,203,6,0,0,40.0342
0,204,6,0,0,40.0332
0,205,6,0,0,40.0323
0,206,6,0,0,40.0314
0,207,6,0,0,40.0305
0,208,6,0,0,40.0297
0,209,6,0,0,40.0289
0,210,6,0,0,40.0281
0,211,6,0,0,40.0274
0,212,6,0,0,40.0266
0,213,6,0,0,40.0259
0,214,6,0,0,40.0253
0,215,6,0,0,40.0246
0,216,6,0,0,40.024
0,217,6,0,0,40.0234
0,218,6,0,0,40.0228
0,219,6,0,0,40.0223
0,220,6,0,0,40.0217
0,221,6,0,0,40.0212
0,222,6,0,0,40.0207
0,223,6,0,0,40.0202
0,224,6,0,0,40.0197
0,225,6,0,0,40.0193
0,226,6,0,0,40.0189
0,227,6,0,0,40.0185
0,228,6,0,0,40.0181
0,229,6,0,0,40.0177
0,230,6,0,0,40.0173
0,231,6,0,0,40.017
0,232,6,0,0,40.0167
0,233,6,0,0,40.0164
0,234,6,0,0,40.0161
0,235,6,0,0,40.0158
0,236,6,0,0,40.0155
0,237,6,0,0,40.0153
0,238,6,0,0,40.015
0,239,6,0,0,40.0148
0,240,6,0,0,40.0146
0,241,6,0,0,40.0144
0,242,6,0,0,40.0142
0,243,6,0,0,40.0141
0,244,6,0,0,40.0139
0,245,6,0,0,40.0138
0,246,6,0,0,40.0136
0,247,6,0,0,40.0135
0,248,6,0,0,40.0134
0,249,6,0,0,40.0133
0,250,6,0,0,40.0132
0,251,6,0,0,40.0131
0,252,6,0,0,40.0131
0,253,6,0,0,40.013
0,254,6,0,0,40.013
0,255,6,0,0,40.013
0,0,7,0,6.09525e-06,64.1609
0,1,7,0,0,63.8996
0,2,7,0,0,63.5235
0,3,7,0,0,63.0489
0,4,7,0,0,62.494
0,5,7,0,0,61.8775
0,6,7,0,0,61.2164
0,7,7,0,0,60.5262
0,8,7,0,0,59.8197
0,9,7,0,0,59.1075
0,10,7,0,0,58.398
0,11,7,0,0,57.6977
0,12,7,0,0,57.0114
0,13,7,0,0,56.3426
0,14,7,0,0,55.6937
0,15,7,0,0,55.0664
0,16,7,0,0,54.4616
0,17,7,0,0,53.8797
0,18,7,0,0,53.3209
0,19,7,0,0,52.7848
0,20,7,0,0,52.2711
0,21,7,0,0,51.7791
0,22,7,0,0,51.3083
0,23,7,0,0,50.8578
0,24,7,0,0,50.427
0,25,7,0,0,50.0149
0,26,7,0,0,49.6208
0,27,7,0,0,49.2439
0,28,7,0,0,48.8835
0,29,7,0,0,48.5387
0,30,7,0,0,48.2089
0,31,7,0,0,47.8933
0,32,7,0,0,47.5913
0,33,7,0,0,47.3022
0,34,7,0,0,47.0254
0,35,7,0,0,46.7603
0,36,7,0,0,46.5063
0,37,7,0,0,46.263
0,38,7,0,0,46.0298
0,39,7,0,0,45.8063
0,40,7,0,0,45.5919
0,41,7,0,0,45.3863
0,42,7,0,0,45.1891
0,43,7,0,0,44.9999
0,44,7,0,0,44.8182
0,45,7,0,0,44.6439
0,46,7,0,0,44.4764
0,47,7,0,0,44.3156
0,48,7,0,0,44.1611
0,49,7,0,0,44.0127
0,50,7,0,0,43.8701
0,51,7,0,0,43.733
0,52,7,0,0,43.6012
0,53,7,0,0,43.4744
0,54,7,0,0,43.3525
0,55,7,0,0,43.2352
0,56,7,0,0,43.1224
0,57,7,0,0,43.0139
0,58,7,0,0,42.9094
0,59,7,0,0,42.8089
0,60,7,0,0,42.7121
0,61,7,0,0,42.6189
0,62,7,0,0,42.5292
0,63,7,0,0,42.4428
0,64,7,0,6.09525e-06,42.3595
0,65,7,0,0,42.2789
0,66,7,0,0,42.2011
0,67,7,0,0,42.1262
0,68,7,0,0,42.054
0,69,7,0,0,41.9844
0,70,7,0,0,41.9173
0,71,7,0,0,41.8526
0,72,7,0,0,41.7902
0,73,7,0,0,41.73
0,74,7,0,0,41.672
0,75,7,0,0,41.616
0,76,7,0,0,41.562
0,77,7,0,0,41.5099
0,78,7,0,0,41.4597
0,79,7,0,0,41.4112
0,80,7,0,0,41.3643
0,81,7,0,0,41.3192
0,82,7,0,0,41.2756
0,83,7,0,0,41.2335
0,84,7,0,0,41.1928
0,85,7,0,0,41.1536
0,86,7,0,0,41.1157
0,87,7,0,0,41.0792
0,88,7,0,0,41.0439
0,89,7,0,0,41.0098
0,90,7,0,0,40.9768
0,91,7,0,0,40.945
0,92,7,0,0,40.9143
0,93,7,0,0,40.8846
0,94,7,0,0,40.856
0,95,7,0,0,40.8283
0,96,7,0,0,40.8015
0,97,7,0,0,40.7757
0,98,7,0,0,40.7507
0,99,7,0,0,40.7266
0,100,7,0,0,40.7033
0,101,7,0,0,40.6808
0,102,7,0,0,40.659
0,103,7,0,0,40.638
0,104,7,0,0,40.6176
0,105,7,0,0,40.598
0,106,7,0,0,40.579
0,107,7,0,0,40.5607
0,108,7,0,0,40.543
0,109,7,0,0,40.5258
0,110,7,0,0,40.5093
0,111,7,0,0,40.4933
0,112,7,0,0,40.4778
0,113,7,0,0,40.4629
0,114,7,0,0,40.4484
0,115,7,0,0,40.4345
0,116,7,0,0,40.421
0,117,7,0,0,40.4079
0,118,7,0,0,40.3953
0,119,7,0,0,40.3832
0,120,7,0,0,40.3714
0,121,7,0,0,40.36
0,122,7,0,0,40.349
0,123,7,0,0,40.3384
0,124,7,0,0,40.3282
0,125,7,0,0,40.3183
0,126,7,0,0,40.3087
0,127,7,0,0,40.2995
0,128,7,0,6.09525e-06,40.2906
0,129,7,0,0,40.2815
0,130,7,0,0,40.2727
0,131,7,0,0,40.2642
0,132,7,0,0,40.2559
0,133,7,0,0,40.248
0,134,7,0,0,40.2403
0,135,7,0,0,40.2328
0,136,7,0,0,40.2256
0,137,7,0,0,40.2186
0,138,7,0,0,40.2118
0,139,7,0,0,40.2053
0,140,7,0,0,40.199
0,141,7,0,0,40.1929
0,142,7,0,0,40.187
0,143,7,0,0,40.1812
0,144,7,0,0,40.1757
0,145,7,0,0,40.1703
0,146,7,0,0,40.1652
0,147,7,0,0,40.1601
0,148,7,0,0,40.1553
0,149,7,0,0,40.1506
0,150,7,0,0,40.1461
0,151,7,0,0,40.1417
0,152,7,0,0,40.1374
0,153,7,0,0,40.1333
0,154,7,0,0,40.1293
0,155,7,0,0,40.1255
0,156,7,0,0,40.1218
0,157,7,0,0,40.1182
0,158,7,0,0,40.1147
0,159,7,0,0,40.1113
0,160,7,0,0,40.1081
0,161,7,0,0,40.1049
0,162,7,0,0,40.1019
0,163,7,0,0,40.0989
0,164,7,0,0,40.0961
0,165,7,0,0,40.0933
0,166,7,0,0,40.0907
0,167,7,0,0,40.0881
0,168,7,0,0,40.0856
0,169,7,0,0,40.0833
0,170,7,0,0,40.0809
0,171,7,0,0,40.0787
0,172,7,0,0,40.0766
0,173,7,0,0,40.0745
0,174,7,0,0,40.0725
0,175,7,0,0,40.0706
0,176,7,0,0,40.0687
0,177,7,0,0,40.0669
0,178,7,0,0,40.0652
0,179,7,0,0,40.0635
0,180,7,0,0,40.0619
0,181,7,0,0,40.0604
0,182,7,0,0,40.0589
0,183,7,0,0,40.0575
0,184,7,0,0,40.0561
0,185,7,0,0,40.0548
0,186,7,0,0,40.0535
0,187,7,0,0,40.0523
0,188,7,0,0,40.0512
0,189,7,0,0,40.0501
0,190,7,0,0,40.049
0,191,7,0,0,40.048
0,192,7,0,6.09525e-06,40.0471
0,193,7,0,0,40.0457
0,194,7,0,0,40.0444
0,195,7,0,0,40.0431
0,196,7,0,0,40.0418
0,197,7,0,0,40.0406
0,198,7,0,0,40.0394
0,199,7,0,0,40.0383
0,200,7,0,0,40.0372
0,201,7,0,0,40.0361
0,202,7,0,0,40.0351
0,203,7,0,0,40.0341
0,204,7,0,0,40.0332
0,205,7,0,0,40.0322
0,206,7,0,0,40.0313
0,207,7,0,0,40.0305
0,208,7,0,0,40.0296
0,209,7,0,0,40.0288
0,210,7,0,0,40.0281
0,211,7,0,0,40.0273
0,212,7,0,0,40.0266
0,213,7,0,0,40.0259
0,214,7,0,0,40.0252
0,215,7,0,0,40.0246
0,216,7,0,0,40.024
0,217,7,0,0,40.0234
0,218,7,0,0,40.0228
0,219,7,0,0,40.0222
0,220,7,0,0,40.0217
0,221,7,0,0,40.0212
0,222,7,0,0,40.0207
0,223,7,0,0,40.0202
0,224,7,0,0,40.0197
0,225,7,0,0,40.0193
0,226,7,0,0,40.0188
0,227,7,0,0,40.0184
0,228,7,0,0,40.0181
0,229,7,0,0,40.0177
0,230,7,0,0,40.0173
0,231,7,0,0,40.017
0,232,7,0,0,40.0167
0,233,7,0,0,40.0163
0,234,7,0,0,40.0161
0,235,7,0,0,40.0158
0,236,7,0,0,40.0155
0,237,7,0,0,40.0153
0,238,7,0,0,40.015
0,239,7,0,0,40.0148
0,240,7,0,0,40.0146
0,241,7,0,0,40.0144
0,242,7,0,0,40.0142
0,243,7,0,0,40.014
0,244,7,0,0,40.0139
0,245,7,0,0,40.0137
0,246,7,0,0,40.0136
0,247,7,0,0,40.0135
0,248,7,0,0,40.0134
0,249,7,0,0,40.0133
0,250,7,0,0,40.0132
0,251,7,0,0,40.0131
0,252,7,0,0,40.0131
0,253,7,0,0,40.013
0,254,7,0,0,40.013
0,255,7,0,0,40.013
0,0,8,0,6.09525e-06,62.1352
0,1,8,0,0,61.9318
0,2,8,0,0,61.6368
0,3,8,0,0,61.2609
0,4,8,0,0,60.8165
0,5,8,0,0,60.3163
0,6,8,0,0,59.7731
0,7,8,0,0,59.1985
0,8,8,0,0,58.603
0,9,8,0,0,57.9956
0,10,8,0,0,57.3836
0,11,8,0,0,56.7732
0,12,8,0,0,56.1692
0,13,8,0,0,55.5753
0,14,8,0,0,54.9945
0,15,8,0,0,54.4288
0,16,8,0,0,53.8796
0,17,8,0,0,53.348
0,18,8,0,0,52.8345
0,19,8,0,0,52.3393
0,20,8,0,0,51.8626
0,21,8,0,0,51.4041
0,22,8,0,0,50.9635
0,23,8,0,0,50.5404
0,24,8,0,0,50.1343
0,25,8,0,0,49.7448
0,26,8,0,0,49.3712
0,27,8,0,0,49.013
0,28,8,0,0,48.6695
0,29,8,0,0,48.3403
0,30,8,0,0,48.0246
0,31,8,0,0,47.722
0,32,8,0,0,47.4319
0,33,8,0,0,47.1537
0,34,8,0,0,46.8869
0,35,8,0,0,46.631
0,36,8,0,0,46.3856
0,37,8,0,0,46.1501
0,38,8,0,0,45.9241
0,39,8,0,0,45.7073
0,40,8,0,0,45.4991
0,41,8,0,0,45.2993
0,42,8,0,0,45.1074
0,43,8,0,0,44.9231
0,44,8,0,0,44.746
0,45,8,0,0,44.5759
0,46,8,0,0,44.4125
0,47,8,0,0,44.2554
0,48,8,0,0,44.1044
0,49,8,0,0,43.9592
0,50,8,0,0,43.8195
0,51,8,0,0,43.6853
0,52,8,0,0,43.5561
0,53,8,0,0,43.4318
0,54,8,0,0,43.3122
0,55,8,0,0,43.1971
0,56,8,0,0,43.0864
0,57,8,0,0,42.9797
0,58,8,0,0,42.8771
0,59,8,0,0,42.7782
0,60,8,0,0,42.683
0,61,8,0,0,42.5913
0,62,8,0,0,42.503
0,63,8,0,0,42.4179
0,64,8,0,6.09525e-06,42.336
0,65,8,0,0,42.2565
0,66,8,0,0,42.1799
0,67,8,0,0,42.106
0,68,8,0,0,42.0348
0,69,8,0,0,41.9661
0,70,8,0,0,41.8999
0,71,8,0,0,41.836
0,72,8,0,0,41.7745
0,73,8,0,0,41.715
0,74,8,0,0,41.6577
0,75,8,0,0,41.6024
0,76,8,0,0,41.5491
0,77,8,0,0,41.4976
0,78,8,0,0,41.4479
0,79,8,0,0,41.3999
0,80,8,0,0,41.3536
0,81,8,0,0,41.3089
0,82,8,0,0,41.2658
0,83,8,0,0,41.2242
0,84,8,0,0,41.1839
0,85,8,0,0,41.1451
0,86,8,0,0,41.1076
0,87,8,0,0,41.0714
0,88,8,0,0,41.0365
0,89,8,0,0,41.0027
0,90,8,0,0,40.9701
0,91,8,0,0,40.9386
0,92,8,0,0,40.9081
0,93,8,0,0,40.8787
0,94,8,0,0,40.8503
0,95,8,0,0,40.8229
0,96,8,0,0,40.7964
0,97,8,0,0,40.7707
0,98,8,0,0,40.746
0,99,8,0,0,40.7221
0,100,8,0,0,40.6989
0,101,8,0,0,40.6766
0,102,8,0,0,40.655
0,103,8,0,0,40.6342
0,104,8,0,0,40.614
0,105,8,0,0,40.5945
0,106,8,0,0,40.5757
0,107,8,0,0,40.5575
0,108,8,0,0,40.5399
0,109,8,0,0,40.5229
0,110,8,0,0,40.5065
0,111,8,0,0,40.4906
0,112,8,0,0,40.4752
0,113,8,0,0,40.4604
0,114,8,0,0,40.446
0,115,8,0,0,40.4322
0,116,8,0,0,40.4188
0,117,8,0,0,40.4058
0,118,8,0,0,40.3933
0,119,8,0,0,40.3812
0,120,8,0,0,40.3696
0,121,8,0,0,40.3583
0,122,8,0,0,40.3474
0,123,8,0,0,40.3368
0,124,8,0,0,40.3266
0,125,8,0,0,40.3168
0,126,8,0,0,40.3073
0,127,8,0,0,40.2981
0,128,8,0,6.09525e-06,40.2893
0,129,8,0,0,40.2802
0,130,8,0,0,40.2715
0,131,8,0,0,40.263
0,132,8,0,0,40.2548
0,133,8,0,0,40.2469
0,134,8,0,0,40.2392
0,135,8,0,0,40.2318
0,136,8,0,0,40.2246
0,137,8,0,0,40.2177
0,138,8,0,0,40.211
0,139,8,0,0,40.2045
0,140,8,0,0,40.1982
0,141,8,0,0,40.1921
0,142,8,0,0,40.1862
0,143,8,0,0,40.1805
0,144,8,0,0,40.175
0,145,8,0,0,40.1697
0,146,8,0,0,40.1645
0,147,8,0,0,40.1595
0,148,8,0,0,40.1547
0,149,8,0,0,40.15
0,150,8,0,0,40.1455
0,151,8,0,0,40.1411
0,152,8,0,0,40.1369
0,153,8,0,0,40.1328
0,154,8,0,0,40.1288
0,155,8,0,0,40.125
0,156,8,0,0,40.1213
0,157,8,0,0,40.1177
0,158,8,0,0,40.1143
0,159,8,0,0,40.1109
0,160,8,0,0,40.1077
0,161,8,0,0,40.1045
0,162,8,0,0,40.1015
0,163,8,0,0,40.0986
0,164,8,0,0,40.0958
0,165,8,0,0,40.093
0,166,8,0,0,40.0904
0,167,8,0,0,40.0878
0,168,8,0,0,40.0854
0,169,8,0,0,40.083
0,170,8,0,0,40.0807
0,171,8,0,0,40.0785
0,172,8,0,0,40.0763
0,173,8,0,0,40.0743
0,174,8,0,0,40.0723
0,175,8,0,0,40.0703
0,176,8,0,0,40.0685
0,177,8,0,0,40.0667
0,178,8,0,0,40.065
0,179,8,0,0,40.0633
0,180,8,0,0,40.0617
0,181,8,0,0,40.0602
0,182,8,0,0,40.0587
0,183,8,0,0,40.0573
0,184,8,0,0,40.0559
0,185,8,0,0,40.0546
0,186,8,0,0,40.0534
0,187,8,0,0,40.0522
0,188,8,0,0,40.0511
0,189,8,0,0,40.05
0,190,8,0,0,40.0489
0,191,8,0,0,40.0479
0,192,8,0,6.09525e-06,40.047
0,193,8,0,0,40.0456
0,194,8,0,0,40.0443
0,195,8,0,0,40.043
0,196,8,0,0,40.0417
0,197,8,0,0,40.0405
0,198,8,0,0,40.0393
0,199,8,0,0,40.0382
0,200,8,0,0,40.0371
0,201,8,0,0,40.036
0,202,8,0,0,40.035
0,203,8,0,0,40.034
0,204,8,0,0,40.0331
0,205,8,0,0,40.0322
0,206,8,0,0,40.0313
0,207,8,0,0,40.0304
0,208,8,0,0,40.0296
0,209,8,0,0,40.0288
0,210,8,0,0,40.028
0,211,8,0,0,40.0273
0,212,8,0,0,40.0265
0,213,8,0,0,40.0259
0,214,8,0,0,40.0252
0,215,8,0,0,40.0245
0,216,8,0,0,40.0239
0,217,8,0,0,40.0233
0,218,8,0,0,40.0227
0,219,8,0,0,40.0222
0,220,8,0,0,40.0216
0,221,8,0,0,40.0211
0,222,8,0,0,40.0206
0,223,8,0,0,40.0201
0,224,8,0,0,40.0197
0,225,8,0,0,40.0192
0,226,8,0,0,40.0188
0,227,8,0,0,40.0184
0,228,8,0,0,40.018
0,229,8,0,0,40.0176
0,230,8,0,0,40.0173
0,231,8,0,0,40.0169
0,232,8,0,0,40.0166
0,233,8,0,0,40.0163
0,234,8,0,0,40.016
0,235,8,0,0,40.0157
0,236,8,0,0,40.0155
0,237,8,0,0,40.0152
0,238,8,0,0,40.015
0,239,8,0,0,40.0148
0,240,8,0,0,40.0146
0,241,8,0,0,40.0144
0,242,8,0,0,40.0142
0,243,8,0,0,40.014
0,244,8,0,0,40.0139
0,245,8,0,0,40.0137
0,246,8,0,0,40.0136
0,247,8,0,0,40.0135
0,248,8,0,0,40.0133
0,249,8,0,0,40.0133
0,250,8,0,0,40.0132
0,251,8,0,0,40.0131
0,252,8,0,0,40.013
0,253,8,0,0,40.013
0,254,8,0,0,40.013
0,255,8,0,0,40.0129
0,0,9,0,6.09525e-06,60.359
0,1,9,0,0,60.1973
0,2,9,0,0,59.9614
0,3,9,0,0,59.6587
0,4,9,0,0,59.2975
0,5,9,0,0,58.8872
0,6,9,0,0,58.4369
0,7,9,0,0,57.9556
0,8,9,0,0,57.4516
0,9,9,0,0,56.9322
0,10,9,0,0,56.4039
0,11,9,0,0,55.872
0,12,9,0,0,55.3411
0,13,9,0,0,54.815
0,14,9,0,0,54.2965
0,15,9,0,0,53.7879
0,16,9,0,0,53.291
0,17,9,0,0,52.8071
0,18,9,0,0,52.3371
0,19,9,0,0,51.8816
0,20,9,0,0,51.441
0,21,9,0,0,51.0154
0,22,9,0,0,50.6048
0,23,9,0,0,50.209
0,24,9,0,0,49.8279
0,25,9,0,0,49.4611
0,26,9,0,0,49.1083
0,27,9,0,0,48.7691
0,28,9,0,0,48.443
0,29,9,0,0,48.1297
0,30,9,0,0,47.8287
0,31,9,0,0,47.5396
0,32,9,0,0,47.2618
0,33,9,0,0,46.9949
0,34,9,0,0,46.7386
0,35,9,0,0,46.4924
0,36,9,0,0,46.2559
0,37,9,0,0,46.0287
0,38,9,0,0,45.8104
0,39,9,0,0,45.6006
0,40,9,0,0,45.399
0,41,9,0,0,45.2053
0,42,9,0,0,45.019
0,43,9,0,0,44.84
0,44,9,0,0,44.6679
0,45,9,0,0,44.5023
0,46,9,0,0,44.3431
0,47,9,0,0,44.19
0,48,9,0,0,44.0427
0,49,9,0,0,43.901
0,50,9,0,0,43.7646
0,51,9,0,0,43.6334
0,52,9,0,0,43.507
0,53,9,0,0,43.3854
0,54,9,0,0,43.2683
0,55,9,0,0,43.1556
0,56,9,0,0,43.047
0,57,9,0,0,42.9425
0,58,9,0,0,42.8418
0,59,9,0,0,42.7447
0,60,9,0,0,42.6513
0,61,9,0,0,42.5612
0,62,9,0,0,42.4744
0,63,9,0,0,42.3908
0,64,9,0,6.09525e-06,42.3102
0,65,9,0,0,42.232
0,66,9,0,0,42.1566
0,67,9,0,0,42.0839
0,68,9,0,0,42.0137
0,69,9,0,0,41.9461
0,70,9,0,0,41.8808
0,71,9,0,0,41.8179
0,72,9,0,0,41.7572
0,73,9,0,0,41.6986
0,74,9,0,0,41.6421
0,75,9,0,0,41.5875
0,76,9,0,0,41.5348
0,77,9,0,0,41.484
0,78,9,0,0,41.4349
0,79,9,0,0,41.3876
0,80,9,0,0,41.3419
0,81,9,0,0,41.2977
0,82,9,0,0,41.2551
0,83,9,0,0,41.2139
0,84,9,0,0,41.1742
0,85,9,0,0,41.1358
0,86,9,0,0,41.0987
0,87,9,0,0,41.0629
0,88,9,0,0,41.0283
0,89,9,0,0,40.9949
0,90,9,0,0,40.9626
0,91,9,0,0,40.9314
0,92,9,0,0,40.9013
0,93,9,0,0,40.8722
0,94,9,0,0,40.8441
0,95,9,0,0,40.8169
0,96,9,0,0,40.7907
0,97,9,0,0,40.7653
0,98,9,0,0,40.7408
0,99,9,0,0,40.7171
0,100,9,0,0,40.6942
0,101,9,0,0,40.672
0,102,9,0,0,40.6506
0,103,9,0,0,40.63
0,104,9,0,0,40.61
0,105,9,0,0,40.5907
0,106,9,0,0,40.572
0,107,9,0,0,40.554
0,108,9,0,0,40.5365
0,109,9,0,0,40.5196
0,110,9,0,0,40.5033
0,111,9,0,0,40.4876
0,112,9,0,0,40.4724
0,113,9,0,0,40.4576
0,114,9,0,0,40.4434
0,115,9,0,0,40.4297
0,116,9,0,0,40.4164
0,117,9,0,0,40.4035
0,118,9,0,0,40.3911
0,119,9,0,0,40.3791
0,120,9,0,0,40.3675
0,121,9,0,0,40.3563
0,122,9,0,0,40.3455
0,123,9,0,0,40.335
0,124,9,0,0,40.3249
0,125,9,0,0,40.3151
0,126,9,0,0,40.3057
0,127,9,0,0,40.2966
0,128,9,0,6.09525e-06,40.2878
0,129,9,0,0,40.2788
0,130,9,0,0,40.2701
0,131,9,0,0,40.2617
0,132,9,0,0,40.2536
0,133,9,0,0,40.2457
0,134,9,0,0,40.2381
0,135,9,0,0,40.2307
0,136,9,0,0,40.2236
0,137,9,0,0,40.2167
0,138,9,0,0,40.21
0,139,9,0,0,40.2035
0,140,9,0,0,40.1973
0,141,9,0,0,40.1912
0,142,9,0,0,40.1854
0,143,9,0,0,40.1797
0,144,9,0,0,40.1742
0,145,9,0,0,40.1689
0,146,9,0,0,40.1638
0,147,9,0,0,40.1588
0,148,9,0,0,40.154
0,149,9,0,0,40.1494
0,150,9,0,0,40.1449
0,151,9,0,0,40.1405
0,152,9,0,0,40.1363
0,153,9,0,0,40.1323
0,154,9,0,0,40.1283
0,155,9,0,0,40.1245
0,156,9,0,0,40.1208
0,157,9,0,0,40.1173
0,158,9,0,0,40.1138
0,159,9,0,0,40.1105
0,160,9,0,0,40.1073
0,161,9,0,0,40.1041
0,162,9,0,0,40.1011
0,163,9,0,0,40.0982
0,164,9,0,0,40.0954
0,165,9,0,0,40.0927
0,166,9,0,0,40.0901
0,167,9,0,0,40.0875
0,168,9,0,0,40.0851
0,169,9,0,0,40.0827
0,170,9,0,0,40.0804
0,171,9,0,0,40.0782
0,172,9,0,0,40.0761
0,173,9,0,0,40.074
0,174,9,0,0,40.072
0,175,9,0,0,40.0701
0,176,9,0,0,40.0683
0,177,9,0,0,40.0665
0,178,9,0,0,40.0648
0,179,9,0,0,40.0631
0,180,9,0,0,40.0615
0,181,9,0,0,40.06
0,182,9,0,0,40.0585
0,183,9,0,0,40.0571
0,184,9,0,0,40.0558
0,185,9,0,0,40.0545
0,186,9,0,0,40.0533
0,187,9,0,0,40.0521
0,188,9,0,0,40.0509
0,189,9,0,0,40.0498
0,190,9,0,0,40.0488
0,191,9,0,0,40.0478
0,192,9,0,6.09525e-06,40.0469
0,193,9,0,0,40.0455
0,194,9,0,0,40.0442
0,195,9,0,0,40.0429
0,196,9,0,0,40.0416
0,197,9,0,0,40.0404
0,198,9,0,0,40.0392
0,199,9,0,0,40.0381
0,200,9,0,0,40.037
0,201,9,0,0,40.036
0,202,9,0,0,40.0349
0,203,9,0,0,40.034
0,204,9,0,0,40.033
0,205,9,0,0,40.0321
0,206,9,0,0,40.0312
0,207,9,0,0,40.0304
0,208,9,0,0,40.0295
0,209,9,0,0,40.0287
0,210,9,0,0,40.028
0,211,9,0,0,40.0272
0,212,9,0,0,40.0265
0,213,9,0,0,40.0258
0,214,9,0,0,40.0251
0,215,9,0,0,40.0245
0,216,9,0,0,40.0239
0,217,9,0,0,40.0233
0,218,9,0,0,40.0227
0,219,9,0,0,40.0221
0,220,9,0,0,40.0216
0,221,9,0,0,40.0211
0,222,9,0,0,40.0206
0,223,9,0,0,40.0201
0,224,9,0,0,40.0196
0,225,9,0,0,40.0192
0,226,9,0,0,40.0188
0,227,9,0,0,40.0184
0,228,9,0,0,40.018
0,229,9,0,0,40.0176
0,230,9,0,0,40.0173
0,231,9,0,0,40.0169
0,232,9,0,0,40.0166
0,233,9,0,0,40.0163
0,234,9,0,0,40.016
0,235,9,0,0,40.0157
0,236,9,0,0,40.0154
0,237,9,0,0,40.0152
0,238,9,0,0,40.015
0,239,9,0,0,40.0147
0,240,9,0,0,40.0145
0,241,9,0,0,40.0143
0,242,9,0,0,40.0141
0,243,9,0,0,40.014
0,244,9,0,0,40.0138
0,245,9,0,0,40.0137
0,246,9,0,0,40.0135
0,247,9,0,0,40.0134
0,248,9,0,0,40.0133
0,249,9,0,0,40.0132
0,250,9,0,0,40.0131
0,251,9,0,0,40.0131
0,252,9,0,0,40.013
0,253,9,0,0,40.013
0,254,9,0,0,40.0129
0,255,9,0,0,40.0129
0,0,10,0,6.09525e-06,58.7872
0,1,10,0,0,58.6563
0,2,10,0,0,58.4647
0,3,10,0,0,58.2173
0,4,10,0,0,57.9201
0,5,10,0,0,57.5799
0,6,10,0,0,57.2035
0,7,10,0,0,56.7977
0,8,10,0,0,56.369
0,9,10,0,0,55.9235
0,10,10,0,0,55.4665
0,11,10,0,0,55.0026
0,12,10,0,0,54.5361
0,13,10,0,0,54.0704
0,14,10,0,0,53.6082
0,15,10,0,0,53.1519
0,16,10,0,0,52.7035
0,17,10,0,0,52.2642
0,18,10,0,0,51.8354
0,19,10,0,0,51.4177
0,20,10,0,0,51.0118
0,21,10,0,0,50.618
0,22,10,0,0,50.2367
0,23,10,0,0,49.8678
0,24,10,0,0,49.5113
0,25,10,0,0,49.1671
0,26,10,0,0,48.8351
0,27,10,0,0,48.515
0,28,10,0,0,48.2065
0,29,10,0,0,47.9094
0,30,10,0,0,47.6232
0,31,10,0,0,47.3478
0,32,10,0,0,47.0827
0,33,10,0,0,46.8275
0,34,10,0,0,46.582
0,35,10,0,0,46.3458
0,36,10,0,0,46.1186
0,37,10,0,0,45.8999
0,38,10,0,0,45.6896
0,39,10,0,0,45.4872
0,40,10,0,0,45.2925
0,41,10,0,0,45.1051
0,42,10,0,0,44.9248
0,43,10,0,0,44.7513
0,44,10,0,0,44.5843
0,45,10,0,0,44.4236
0,46,10,0,0,44.2689
0,47,10,0,0,44.12
0,48,10,0,0,43.9766
0,49,10,0,0,43.8385
0,50,10,0,0,43.7056
0,51,10,0,0,43.5776
0,52,10,0,0,43.4543
0,53,10,0,0,43.3355
0,54,10,0,0,43.2211
0,55,10,0,0,43.1109
0,56,10,0,0,43.0047
0,57,10,0,0,42.9023
0,58,10,0,0,42.8037
0,59,10,0,0,42.7086
0,60,10,0,0,42.617
0,61,10,0,0,42.5287
0,62,10,0,0,42.4435
0,63,10,0,0,42.3615
0,64,10,0,6.09525e-06,42.2823
0,65,10,0,0,42.2055
0,66,10,0,0,42.1314
0,67,10,0,0,42.0599
0,68,10,0,0,41.9909
0,69,10,0,0,41.9244
0,70,10,0,0,41.8602
0,71,10,0,0,41.7983
0,72,10,0,0,41.7385
0,73,10,0,0,41.6808
0,74,10,0,0,41.6251
0,75,10,0,0,41.5713
0,76,10,0,0,41.5194
0,77,10,0,0,41.4693
0,78,10,0,0,41.4209
0,79,10,0,0,41.3742
0,80,10,0,0,41.3291
0,81,10,0,0,41.2855
0,82,10,0,0,41.2434
0,83,10,0,0,41.2028
0,84,10,0,0,41.1636
0,85,10,0,0,41.1256
0,86,10,0,0,41.089
0,87,10,0,0,41.0536
0,88,10,0,0,41.0195
0,89,10,0,0,40.9864
0,90,10,0,0,40.9545
0,91,10,0,0,40.9237
0,92,10,0,0,40.8939
0,93,10,0,0,40.8651
0,94,10,0,0,40.8373
0,95,10,0,0,40.8104
0,96,10,0,0,40.7845
0,97,10,0,0,40.7594
0,98,10,0,0,40.7351
0,99,10,0,0,40.7116
0,100,10,0,0,40.689
0,101,10,0,0,40.6671
0,102,10,0,0,40.6459
0,103,10,0,0,40.6254
0,104,10,0,0,40.6056
0,105,10,0,0,40.5865
0,106,10,0,0,40.568
0,107,10,0,0,40.5501
0,108,10,0,0,40.5328
0,109,10,0,0,40.5161
0,110,10,0,0,40.5
0,111,10,0,0,40.4843
0,112,10,0,0,40.4693
0,113,10,0,0,40.4547
0,114,10,0,0,40.4406
0,115,10,0,0,40.4269
0,116,10,0,0,40.4137
0,117,10,0,0,40.401
0,118,10,0,0,40.3887
0,119,10,0,0,40.3768
0,120,10,0,0,40.3653
0,121,10,0,0,40.3542
0,122,10,0,0,40.3434
0,123,10,0,0,40.333
0,124,10,0,0,40.323
0,125,10,0,0,40.3133
0,126,10,0,0,40.304
0,127,10,0,0,40.2949
0,128,10,0,6.09525e-06,40.2862
0,129,10,0,0,40.2773
0,130,10,0,0,40.2686
0,131,10,0,0,40.2603
0,132,10,0,0,40.2522
0,133,10,0,0,40.2444
0,134,10,0,0,40.2368
0,135,10,0,0,40.2295
0,136,10,0,0,40.2224
0,137,10,0,0,40.2155
0,138,10,0,0,40.2089
0,139,10,0,0,40.2025
0,140,10,0,0,40.1963
0,141,10,0,0,40.1903
0,142,10,0,0,40.1844
0,143,10,0,0,40.1788
0,144,10,0,0,40.1734
0,145,10,0,0,40.1681
0,146,10,0,0,40.163
0,147,10,0,0,40.1581
0,148,10,0,0,40.1533
0,149,10,0,0,40.1487
0,150,10,0,0,40.1442
0,151,10,0,0,40.1399
0,152,10,0,0,40.1357
0,153,10,0,0,40.1317
0,154,10,0,0,40.1277
0,155,10,0,0,40.124
0,156,10,0,0,40.1203
0,157,10,0,0,40.1167
0,158,10,0,0,40.1133
0,159,10,0,0,40.11
0,160,10,0,0,40.1068
0,161,10,0,0,40.1037
0,162,10,0,0,40.1007
0,163,10,0,0,40.0978
0,164,10,0,0,40.095
0,165,10,0,0,40.0923
0,166,10,0,0,40.0897
0,167,10,0,0,40.0872
0,168,10,0,0,40.0847
0,169,10,0,0,40.0824
0,170,10,0,0,40.0801
0,171,10,0,0,40.0779
0,172,10,0,0,40.0758
0,173,10,0,0,40.0737
0,174,10,0,0,40.0718
0,175,10,0,0,40.0699
0,176,10,0,0,40.068
0,177,10,0,0,40.0663
0,178,10,0,0,40.0645
0,179,10,0,0,40.0629
0,180,10,0,0,40.0613
0,181,10,0,0,40.0598
0,182,10,0,0,40.0584
0,183,10,0,0,40.057
0,184,10,0,0,40.0556
0,185,10,0,0,40.0543
0,186,10,0,0,40.0531
0,187,10,0,0,40.0519
0,188,10,0,0,40.0508
0,189,10,0,0,40.0497
0,190,10,0,0,40.0487
0,191,10,0,0,40.0477
0,192,10,0,6.09525e-06,40.0468
0,193,10,0,0,40.0454
0,194,10,0,0,40.044
0,195,10,0,0,40.0428
0,196,10,0,0,40.0415
0,197,10,0,0,40.0403
0,198,10,0,0,40.0391
0,199,10,0,0,40.038
0,200,10,0,0,40.0369
0,201,10,0,0,40.0359
0,202,10,0,0,40.0349
0,203,10,0,0,40.0339
0,204,10,0,0,40.0329
0,205,10,0,0,40.032
0,206,10,0,0,40.0311
0,207,10,0,0,40.0303
0,208,10,0,0,40.0294
0,209,10,0,0,40.0287
0,210,10,0,0,40.0279
0,211,10,0,0,40.0271
0,212,10,0,0,40.0264
0,213,10,0,0,40.0257
0,214,10,0,0,40.0251
0,215,10,0,0,40.0244
0,216,10,0,0,40.0238
0,217,10,0,0,40.0232
0,218,10,0,0,40.0226
0,219,10,0,0,40.0221
0,220,10,0,0,40.0215
0,221,10,0,0,40.021
0,222,10,0,0,40.0205
0,223,10,0,0,40.02
0,224,10,0,0,40.0196
0,225,10,0,0,40.0191
0,226,10,0,0,40.0187
0,227,10,0,0,40.0183
0,228,10,0,0,40.0179
0,229,10,0,0,40.0176
0,230,10,0,0,40.0172
0,231,10,0,0,40.0169
0,232,10,0,0,40.0166
0,233,10,0,0,40.0162
0,234,10,0,0,40.016
0,235,10,0,0,40.0157
0,236,10,0,0,40.0154
0,237,10,0,0,40.0152
0,238,10,0,0,40.0149
0,239,10,0,0,40.0147
0,240,10,0,0,40.0145
0,241,10,0,0,40.0143
0,242,10,0,0,40.0141
0,243,10,0,0,40.0139
0,244,10,0,0,40.0138
0,245,10,0,0,40.0136
0,246,10,0,0,40.0135
0,247,10,0,0,40.0134
0,248,10,0,0,40.0133
0,249,10,0,0,40.0132
0,250,10,0,0,40.0131
0,251,10,0,0,40.013
0,252,10,0,0,40.013
0,253,10,0,0,40.0129
0,254,10,0,0,40.0129
0,255,10,0,0,40.0129
0,0,11,0,6.09525e-06,57.3857
0,1,11,0,0,57.2781
0,2,11,0,0,57.1202
0,3,11,0,0,56.9155
0,4,11,0,0,56.6683
0,5,11,0,0,56.3835
0,6,11,0,0,56.0663
0,7,11,0,0,55.7219
0,8,11,0,0,55.3555
0,9,11,0,0,54.9718
0,10,11,0,0,54.5754
0,11,11,0,0,54.1703
0,12,11,0,0,53.7601
0,13,11,0,0,53.3477
0,14,11,0,0,52.936
0,15,11,0,0,52.5272
0,16,11,0,0,52.1231
0,17,11,0,0,51.7252
0,18,11,0,0,51.3347
0,19,11,0,0,50.9526
0,20,11,0,0,50.5797
0,21,11,0,0,50.2165
0,22,11,0,0,49.8633
0,23,11,0,0,49.5204
0,24,11,0,0,49.188
0,25,11,0,0,48.866
0,26,11,0,0,48.5545
0,27,11,0,0,48.2533
0,28,11,0,0,47.9623
0,29,11,0,0,47.6813
0,30,11,0,0,47.4102
0,31,11,0,0,47.1485
0,32,11,0,0,46.8962
0,33,11,0,0,46.6529
0,34,11,0,0,46.4184
0,35,11,0,0,46.1924
0,36,11,0,0,45.9746
0,37,11,0,0,45.7648
0,38,11,0,0,45.5626
0,39,11,0,0,45.3679
0,40,11,0,0,45.1802
0,41,11,0,0,44.9995
0,42,11,0,0,44.8253
0,43,11,0,0,44.6576
0,44,11,0,0,44.496
0,45,11,0,0,44.3403
0,46,11,0,0,44.1902
0,47,11,0,0,44.0457
0,48,11,0,0,43.9064
0,49,11,0,0,43.7722
0,50,11,0,0,43.6429
0,51,11,0,0,43.5183
0,52,11,0,0,43.3982
0,53,11,0,0,43.2824
0,54,11,0,0,43.1708
0,55,11,0,0,43.0632
0,56,11,0,0,42.9595
0,57,11,0,0,42.8594
0,58,11,0,0,42.763
0,59,11,0,0,42.67
0,60,11,0,0,42.5804
0,61,11,0,0,42.4939
0,62,11,0,0,42.4105
0,63,11,0,0,42.3301
0,64,11,0,6.09525e-06,42.2525
0,65,11,0,0,42.1771
0,66,11,0,0,42.1044
0,67,11,0,0,42.0342
0,68,11,0,0,41.9665
0,69,11,0,0,41.9011
0,70,11,0,0,41.8381
0,71,11,0,0,41.7772
0,72,11,0,0,41.7184
0,73,11,0,0,41.6616
0,74,11,0,0,41.6068
0,75,11,0,0,41.5539
0,76,11,0,0,41.5028
0,77,11,0,0,41.4535
0,78,11,0,0,41.4058
0,79,11,0,0,41.3598
0,80,11,0,0,41.3153
0,81,11,0,0,41.2724
0,82,11,0,0,41.2309
0,83,11,0,0,41.1908
0,84,11,0,0,41.1521
0,85,11,0,0,41.1147
0,86,11,0,0,41.0786
0,87,11,0,0,41.0437
0,88,11,0,0,41.0099
0,89,11,0,0,40.9773
0,90,11,0,0,40.9458
0,91,11,0,0,40.9154
0,92,11,0,0,40.886
0,93,11,0,0,40.8575
0,94,11,0,0,40.83
0,95,11,0,0,40.8035
0,96,11,0,0,40.7778
0,97,11,0,0,40.753
0,98,11,0,0,40.729
0,99,11,0,0,40.7058
0,100,11,0,0,40.6834
0,101,11,0,0,40.6617
0,102,11,0,0,40.6407
0,103,11,0,0,40.6205
0,104,11,0,0,40.6009
0,105,11,0,0,40.5819
0,106,11,0,0,40.5636
0,107,11,0,0,40.5459
0,108,11,0,0,40.5288
0,109,11,0,0,40.5123
0,110,11,0,0,40.4963
0,111,11,0,0,40.4808
0,112,11,0,0,40.4659
0,113,11,0,0,40.4514
0,114,11,0,0,40.4375
0,115,11,0,0,40.424
0,116,11,0,0,40.4109
0,117,11,0,0,40.3983
0,118,11,0,0,40.3861
0,119,11,0,0,40.3743
0,120,11,0,0,40.3629
0,121,11,0,0,40.3519
0,122,11,0,0,40.3412
0,123,11,0,0,40.3309
0,124,11,0,0,40.321
0,125,11,0,0,40.3114
0,126,11,0,0,40.3021
0,127,11,0,0,40.2931
0,128,11,0,6.09525e-06,40.2845
0,129,11,0,0,40.2756
0,130,11,0,0,40.267
0,131,11,0,0,40.2587
0,132,11,0,0,40.2507
0,133,11,0,0,40.243
0,134,11,0,0,40.2354
0,135,11,0,0,40.2282
0,136,11,0,0,40.2211
0,137,11,0,0,40.2143
0,138,11,0,0,40.2077
0,139,11,0,0,40.2014
0,140,11,0,0,40.1952
0,141,11,0,0,40.1892
0,142,11,0,0,40.1834
0,143,11,0,0,40.1779
0,144,11,0,0,40.1724
0,145,11,0,0,40.1672
0,146,11,0,0,40.1621
0,147,11,0,0,40.1572
0,148,11,0,0,40.1525
0,149,11,0,0,40.1479
0,150,11,0,0,40.1435
0,151,11,0,0,40.1392
0,152,11,0,0,40.135
0,153,11,0,0,40.131
0,154,11,0,0,40.1271
0,155,11,0,0,40.1233
0,156,11,0,0,40.1197
0,157,11,0,0,40.1162
0,158,11,0,0,40.1128
0,159,11,0,0,40.1095
0,160,11,0,0,40.1063
0,161,11,0,0,40.1032
0,162,11,0,0,40.1002
0,163,11,0,0,40.0974
0,164,11,0,0,40.0946
0,165,11,0,0,40.0919
0,166,11,0,0,40.0893
0,167,11,0,0,40.0868
0,168,11,0,0,40.0844
0,169,11,0,0,40.082
0,170,11,0,0,40.0798
0,171,11,0,0,40.0776
0,172,11,0,0,40.0755
0,173,11,0,0,40.0734
0,174,11,0,0,40.0715
0,175,11,0,0,40.0696
0,176,11,0,0,40.0678
0,177,11,0,0,40.066
0,178,11,0,0,40.0643
0,179,11,0,0,40.0627
0,180,11,0,0,40.0611
0,181,11,0,0,40.0596
0,182,11,0,0,40.0581
0,183,11,0,0,40.0568
0,184,11,0,0,40.0554
0,185,11,0,0,40.0541
0,186,11,0,0,40.0529
0,187,11,0,0,40.0517
0,188,11,0,0,40.0506
0,189,11,0,0,40.0495
0,190,11,0,0,40.0485
0,191,11,0,0,40.0476
0,192,11,0,6.09525e-06,40.0466
0,193,11,0,0,40.0453
0,194,11,0,0,40.0439
0,195,11,0,0,40.0426
0,196,11,0,0,40.0414
0,197,11,0,0,40.0402
0,198,11,0,0,40.039
0,199,11,0,0,40.0379
0,200,11,0,0,40.0368
0,201,11,0,0,40.0358
0,202,11,0,0,40.0348
0,203,11,0,0,40.0338
0,204,11,0,0,40.0328
0,205,11,0,0,40.0319
0,206,11,0,0,40.031
0,207,11,0,0,40.0302
0,208,11,0,0,40.0294
0,209,11,0,0,40.0286
0,210,11,0,0,40.0278
0,211,11,0,0,40.0271
0,212,11,0,0,40.0263
0,213,11,0,0,40.0257
0,214,11,0,0,40.025
0,215,11,0,0,40.0244
0,216,11,0,0,40.0237
0,217,11,0,0,40.0231
0,218,11,0,0,40.0226
0,219,11,0,0,40.022
0,220,11,0,0,40.0215
0,221,11,0,0,40.021
0,222,11,0,0,40.0205
0,223,11,0,0,40.02
0,224,11,0,0,40.0195
0,225,11,0,0,40.0191
0,226,11,0,0,40.0187
0,227,11,0,0,40.0183
0,228,11,0,0,40.0179
0,229,11,0,0,40.0175
0,230,11,0,0,40.0172
0,231,11,0,0,40.0168
0,232,11,0,0,40.0165
0,233,11,0,0,40.0162
0,234,11,0,0,40.0159
0,235,11,0,0,40.0156
0,236,11,0,0,40.0154
0,237,11,0,0,40.0151
0,238,11,0,0,40.0149
0,239,11,0,0,40.0147
0,240,11,0,0,40.0145
0,241,11,0,0,40.0143
0,242,11,0,0,40.0141
0,243,11,0,0,40.0139
0,244,11,0,0,40.0138
0,245,11,0,0,40.0136
0,246,11,0,0,40.0135
0,247,11,0,0,40.0134
0,248,11,0,0,40.0133
0,249,11,0,0,40.0132
0,250,11,0,0,40.0131
0,251,11,0,0,40.013
0,252,11,0,0,40.013
0,253,11,0,0,40.0129
0,254,11,0,0,40.0129
0,255,11,0,0,40.0129
0,0,12,0,6.09525e-06,56.1279
0,1,12,0,0,56.0384
0,2,12,0,0,55.9067
0,3,12,0,0,55.7354
0,4,12,0,0,55.5277
0,5,12,0,0,55.2872
0,6,12,0,0,55.0179
0,7,12,0,0,54.7238
0,8,12,0,0,54.409
0,9,12,0,0,54.0773
0,10,12,0,0,53.7324
0,11,12,0,0,53.3778
0,12,12,0,0,53.0165
0,13,12,0,0,52.6513
0,14,12,0,0,52.2846
0,15,12,0,0,51.9184
0,16,12,0,0,51.5545
0,17,12,0,0,51.1945
0,18,12,0,0,50.8396
0,19,12,0,0,50.4907
0,20,12,0,0,50.1488
0,21,12,0,0,49.8145
0,22,12,0,0,49.4882
0,23,12,0,0,49.1703
0,24,12,0,0,48.861
0,25,12,0,0,48.5606
0,26,12,0,0,48.269
0,27,12,0,0,47.9864
0,28,12,0,0,47.7126
0,29,12,0,0,47.4476
0,30,12,0,0,47.1913
0,31,12,0,0,46.9435
0,32,12,0,0,46.7039
0,33,12,0,0,46.4726
0,34,12,0,0,46.2491
0,35,12,0,0,46.0334
0,36,12,0,0,45.8252
0,37,12,0,0,45.6243
0,38,12,0,0,45.4305
0,39,12,0,0,45.2435
0,40,12,0,0,45.0631
0,41,12,0,0,44.8891
0,42,12,0,0,44.7213
0,43,12,0,0,44.5594
0,44,12,0,0,44.4033
0,45,12,0,0,44.2528
0,46,12,0,0,44.1076
0,47,12,0,0,43.9676
0,48,12,0,0,43.8326
0,49,12,0,0,43.7024
0,50,12,0,0,43.5769
0,51,12,0,0,43.4558
0,52,12,0,0,43.3389
0,53,12,0,0,43.2263
0,54,12,0,0,43.1176
0,55,12,0,0,43.0128
0,56,12,0,0,42.9116
0,57,12,0,0,42.8141
0,58,12,0,0,42.72
0,59,12,0,0,42.6292
0,60,12,0,0,42.5416
0,61,12,0,0,42.457
0,62,12,0,0,42.3754
0,63,12,0,0,42.2967
0,64,12,0,6.09525e-06,42.2208
0,65,12,0,0,42.147
0,66,12,0,0,42.0757
0,67,12,0,0,42.0069
0,68,12,0,0,41.9405
0,69,12,0,0,41.8764
0,70,12,0,0,41.8145
0,71,12,0,0,41.7547
0,72,12,0,0,41.697
0,73,12,0,0,41.6412
0,74,12,0,0,41.5874
0,75,12,0,0,41.5353
0,76,12,0,0,41.4851
0,77,12,0,0,41.4366
0,78,12,0,0,41.3897
0,79,12,0,0,41.3444
0,80,12,0,0,41.3006
0,81,12,0,0,41.2584
0,82,12,0,0,41.2175
0,83,12,0,0,41.1781
0,84,12,0,0,41.1399
0,85,12,0,0,41.1031
0,86,12,0,0,41.0674
0,87,12,0,0,41.033
0,88,12,0,0,40.9997
0,89,12,0,0,40.9676
0,90,12,0,0,40.9365
0,91,12,0,0,40.9065
0,92,12,0,0,40.8774
0,93,12,0,0,40.8494
0,94,12,0,0,40.8222
0,95,12,0,0,40.796
0,96,12,0,0,40.7706
0,97,12,0,0,40.7461
0,98,12,0,0,40.7224
0,99,12,0,0,40.6995
0,100,12,0,0,40.6773
0,101,12,0,0,40.6559
0,102,12,0,0,40.6352
0,103,12,0,0,40.6152
0,104,12,0,0,40.5958
0,105,12,0,0,40.5771
0,106,12,0,0,40.559
0,107,12,0,0,40.5415
0,108,12,0,0,40.5246
0,109,12,0,0,40.5082
0,110,12,0,0,40.4924
0,111,12,0,0,40.4771
0,112,12,0,0,40.4623
0,113,12,0,0,40.448
0,114,12,0,0,40.4341
0,115,12,0,0,40.4208
0,116,12,0,0,40.4078
0,117,12,0,0,40.3953
0,118,12,0,0,40.3833
0,119,12,0,0,40.3716
0,120,12,0,0,40.3603
0,121,12,0,0,40.3494
0,122,12,0,0,40.3388
0,123,12,0,0,40.3286
0,124,12,0,0,40.3188
0,125,12,0,0,40.3093
0,126,12,0,0,40.3001
0,127,12,0,0,40.2912
0,128,12,0,6.09525e-06,40.2826
0,129,12,0,0,40.2738
0,130,12,0,0,40.2653
0,131,12,0,0,40.2571
0,132,12,0,0,40.2491
0,133,12,0,0,40.2414
0,134,12,0,0,40.234
0,135,12,0,0,40.2268
0,136,12,0,0,40.2198
0,137,12,0,0,40.213
0,138,12,0,0,40.2065
0,139,12,0,0,40.2002
0,140,12,0,0,40.194
0,141,12,0,0,40.1881
0,142,12,0,0,40.1824
0,143,12,0,0,40.1768
0,144,12,0,0,40.1715
0,145,12,0,0,40.1663
0,146,12,0,0,40.1612
0,147,12,0,0,40.1564
0,148,12,0,0,40.1517
0,149,12,0,0,40.1471
0,150,12,0,0,40.1427
0,151,12,0,0,40.1384
0,152,12,0,0,40.1343
0,153,12,0,0,40.1303
0,154,12,0,0,40.1264
0,155,12,0,0,40.1227
0,156,12,0,0,40.1191
0,157,12,0,0,40.1156
0,158,12,0,0,40.1122
0,159,12,0,0,40.1089
0,160,12,0,0,40.1058
0,161,12,0,0,40.1027
0,162,12,0,0,40.0997
0,163,12,0,0,40.0969
0,164,12,0,0,40.0941
0,165,12,0,0,40.0914
0,166,12,0,0,40.0889
0,167,12,0,0,40.0864
0,168,12,0,0,40.084
0,169,12,0,0,40.0816
0,170,12,0,0,40.0794
0,171,12,0,0,40.0772
0,172,12,0,0,40.0751
0,173,12,0,0,40.0731
0,174,12,0,0,40.0712
0,175,12,0,0,40.0693
0,176,12,0,0,40.0675
0,177,12,0,0,40.0657
0,178,12,0,0,40.064
0,179,12,0,0,40.0624
0,180,12,0,0,40.0609
0,181,12,0,0,40.0594
0,182,12,0,0,40.0579
0,183,12,0,0,40.0565
0,184,12,0,0,40.0552
0,185,12,0,0,40.0539
0,186,12,0,0,40.0527
0,187,12,0,0,40.0516
0,188,12,0,0,40.0504
0,189,12,0,0,40.0494
0,190,12,0,0,40.0484
0,191,12,0,0,40.0474
0,192,12,0,6.09525e-06,40.0465
0,193,12,0,0,40.0451
0,194,12,0,0,40.0438
0,195,12,0,0,40.0425
0,196,12,0,0,40.0413
0,197,12,0,0,40.0401
0,198,12,0,0,40.0389
0,199,12,0,0,40.0378
0,200,12,0,0,40.0367
0,201,12,0,0,40.0357
0,202,12,0,0,40.0347
0,203,12,0,0,40.0337
0,204,12,0,0,40.0327
0,205,12,0,0,40.0318
0,206,12,0,0,40.0309
0,207,12,0,0,40.0301
0,208,12,0,0,40.0293
0,209,12,0,0,40.0285
0,210,12,0,0,40.0277
0,211,12,0,0,40.027
0,212,12,0,0,40.0263
0,213,12,0,0,40.0256
0,214,12,0,0,40.0249
0,215,12,0,0,40.0243
0,216,12,0,0,40.0237
0,217,12,0,0,40.0231
0,218,12,0,0,40.0225
0,219,12,0,0,40.0219
0,220,12,0,0,40.0214
0,221,12,0,0,40.0209
0,222,12,0,0,40.0204
0,223,12,0,0,40.0199
0,224,12,0,0,40.0195
0,225,12,0,0,40.019
0,226,12,0,0,40.0186
0,227,12,0,0,40.0182
0,228,12,0,0,40.0178
0,229,12,0,0,40.0175
0,230,12,0,0,40.0171
0,231,12,0,0,40.0168
0,232,12,0,0,40.0165
0,233,12,0,0,40.0162
0,234,12,0,0,40.0159
0,235,12,0,0,40.0156
0,236,12,0,0,40.0153
0,237,12,0,0,40.0151
0,238,12,0,0,40.0149
0,239,12,0,0,40.0146
0,240,12,0,0,40.0144
0,241,12,0,0,40.0142
0,242,12,0,0,40.014
0,243,12,0,0,40.0139
0,244,12,0,0,40.0137
0,245,12,0,0,40.0136
0,246,12,0,0,40.0135
0,247,12,0,0,40.0133
0,248,12,0,0,40.0132
0,249,12,0,0,40.0131
0,250,12,0,0,40.0131
0,251,12,0,0,40.013
0,252,12,0,0,40.0129
0,253,12,0,0,40.0129
0,254,12,0,0,40.0128
0,255,12,0,0,40.0128
0,0,13,0,6.09525e-06,54.9928
0,1,13,0,0,54.9176
0,2,13,0,0,54.8066
0,3,13,0,0,54.662
0,4,13,0,0,54.4859
0,5,13,0,0,54.2812
0,6,13,0,0,54.051
0,7,13,0,0,53.7983
0,8,13,0,0,53.5264
0,9,13,0,0,53.2385
0,10,13,0,0,52.9375
0,11,13,0,0,52.6263
0,12,13,0,0,52.3076
0,13,13,0,0,51.9837
0,14,13,0,0,51.6568
0,15,13,0,0,51.3288
0,16,13,0,0,51.0013
0,17,13,0,0,50.6758
0,18,13,0,0,50.3535
0,19,13,0,0,50.0354
0,20,13,0,0,49.7224
0,21,13,0,0,49.4152
0,22,13,0,0,49.1142
0,23,13,0,0,48.8201
0,24,13,0,0,48.533
0,25,13,0,0,48.2533
0,26,13,0,0,47.9811
0,27,13,0,0,47.7165
0,28,13,0,0,47.4595
0,29,13,0,0,47.2101
0,30,13,0,0,46.9684
0,31,13,0,0,46.7342
0,32,13,0,0,46.5073
0,33,13,0,0,46.2878
0,34,13,0,0,46.0754
0,35,13,0,0,45.87
0,36,13,0,0,45.6714
0,37,13,0,0,45.4795
0,38,13,0,0,45.294
0,39,13,0,0,45.1148
0,40,13,0,0,44.9418
0,41,13,0,0,44.7747
0,42,13,0,0,44.6133
0,43,13,0,0,44.4575
0,44,13,0,0,44.307
0,45,13,0,0,44.1618
0,46,13,0,0,44.0216
0,47,13,0,0,43.8862
0,48,13,0,0,43.7556
0,49,13,0,0,43.6295
0,50,13,0,0,43.5078
0,51,13,0,0,43.3903
0,52,13,0,0,43.277
0,53,13,0,0,43.1675
0,54,13,0,0,43.0619
0,55,13,0,0,42.9599
0,56,13,0,0,42.8615
0,57,13,0,0,42.7664
0,58,13,0,0,42.6747
0,59,13,0,0,42.5862
0,60,13,0,0,42.5007
0,61,13,0,0,42.4182
0,62,13,0,0,42.3385
0,63,13,0,0,42.2616
0,64,13,0,6.09525e-06,42.1874
0,65,13,0,0,42.1152
0,66,13,0,0,42.0455
0,67,13,0,0,41.9781
0,68,13,0,0,41.9131
0,69,13,0,0,41.8503
0,70,13,0,0,41.7896
0,71,13,0,0,41.731
0,72,13,0,0,41.6744
0,73,13,0,0,41.6196
0,74,13,0,0,41.5668
0,75,13,0,0,41.5157
0,76,13,0,0,41.4664
0,77,13,0,0,41.4187
0,78,13,0,0,41.3726
0,79,13,0,0,41.3281
0,80,13,0,0,41.2851
0,81,13,0,0,41.2435
0,82,13,0,0,41.2033
0,83,13,0,0,41.1645
0,84,13,0,0,41.127
0,85,13,0,0,41.0907
0,86,13,0,0,41.0556
0,87,13,0,0,41.0217
0,88,13,0,0,40.9889
0,89,13,0,0,40.9572
0,90,13,0,0,40.9266
0,91,13,0,0,40.897
0,92,13,0,0,40.8684
0,93,13,0,0,40.8407
0,94,13,0,0,40.8139
0,95,13,0,0,40.7881
0,96,13,0,0,40.763
0,97,13,0,0,40.7388
0,98,13,0,0,40.7154
0,99,13,0,0,40.6928
0,100,13,0,0,40.6709
0,101,13,0,0,40.6498
0,102,13,0,0,40.6293
0,103,13,0,0,40.6096
0,104,13,0,0,40.5904
0,105,13,0,0,40.5719
0,106,13,0,0,40.554
0,107,13,0,0,40.5367
0,108,13,0,0,40.52
0,109,13,0,0,40.5038
0,110,13,0,0,40.4882
0,111,13,0,0,40.4731
0,112,13,0,0,40.4584
0,113,13,0,0,40.4443
0,114,13,0,0,40.4306
0,115,13,0,0,40.4174
0,116,13,0,0,40.4046
0,117,13,0,0,40.3922
0,118,13,0,0,40.3803
0,119,13,0,0,40.3687
0,120,13,0,0,40.3575
0,121,13,0,0,40.3467
0,122,13,0,0,40.3363
0,123,13,0,0,40.3262
0,124,13,0,0,40.3164
0,125,13,0,0,40.307
0,126,13,0,0,40.2979
0,127,13,0,0,40.2891
0,128,13,0,6.09525e-06,40.2806
0,129,13,0,0,40.2719
0,130,13,0,0,40.2635
0,131,13,0,0,40.2553
0,132,13,0,0,40.2474
0,133,13,0,0,40.2398
0,134,13,0,0,40.2324
0,135,13,0,0,40.2252
0,136,13,0,0,40.2183
0,137,13,0,0,40.2116
0,138,13,0,0,40.2051
0,139,13,0,0,40.1989
0,140,13,0,0,40.1928
0,141,13,0,0,40.1869
0,142,13,0,0,40.1812
0,143,13,0,0,40.1757
0,144,13,0,0,40.1704
0,145,13,0,0,40.1652
0,146,13,0,0,40.1602
0,147,13,0,0,40.1554
0,148,13,0,0,40.1507
0,149,13,0,0,40.1462
0,150,13,0,0,40.1418
0,151,13,0,0,40.1376
0,152,13,0,0,40.1335
0,153,13,0,0,40.1296
0,154,13,0,0,40.1257
0,155,13,0,0,40.122
0,156,13,0,0,40.1184
0,157,13,0,0,40.1149
0,158,13,0,0,40.1116
0,159,13,0,0,40.1083
0,160,13,0,0,40.1052
0,161,13,0,0,40.1022
0,162,13,0,0,40.0992
0,163,13,0,0,40.0964
0,164,13,0,0,40.0936
0,165,13,0,0,40.091
0,166,13,0,0,40.0884
0,167,13,0,0,40.0859
0,168,13,0,0,40.0835
0,169,13,0,0,40.0812
0,170,13,0,0,40.079
0,171,13,0,0,40.0768
0,172,13,0,0,40.0748
0,173,13,0,0,40.0728
0,174,13,0,0,40.0708
0,175,13,0,0,40.069
0,176,13,0,0,40.0672
0,177,13,0,0,40.0654
0,178,13,0,0,40.0637
0,179,13,0,0,40.0621
0,180,13,0,0,40.0606
0,181,13,0,0,40.0591
0,182,13,0,0,40.0577
0,183,13,0,0,40.0563
0,184,13,0,0,40.055
0,185,13,0,0,40.0537
0,186,13,0,0,40.0525
0,187,13,0,0,40.0514
0,188,13,0,0,40.0502
0,189,13,0,0,40.0492
0,190,13,0,0,40.0482
0,191,13,0,0,40.0472
0,192,13,0,6.09525e-06,40.0463
0,193,13,0,0,40.0449
0,194,13,0,0,40.0436
0,195,13,0,0,40.0423
0,196,13,0,0,40.0411
0,197,13,0,0,40.0399
0,198,13,0,0,40.0388
0,199,13,0,0,40.0377
0,200,13,0,0,40.0366
0,201,13,0,0,40.0355
0,202,13,0,0,40.0345
0,203,13,0,0,40.0336
0,204,13,0,0,40.0326
0,205,13,0,0,40.0317
0,206,13,0,0,40.0308
0,207,13,0,0,40.03
0,208,13,0,0,40.0292
0,209,13,0,0,40.0284
0,210,13,0,0,40.0276
0,211,13,0,0,40.0269
0,212,13,0,0,40.0262
0,213,13,0,0,40.0255
0,214,13,0,0,40.0248
0,215,13,0,0,40.0242
0,216,13,0,0,40.0236
0,217,13,0,0,40.023
0,218,13,0,0,40.0224
0,219,13,0,0,40.0219
0,220,13,0,0,40.0213
0,221,13,0,0,40.0208
0,222,13,0,0,40.0203
0,223,13,0,0,40.0199
0,224,13,0,0,40.0194
0,225,13,0,0,40.019
0,226,13,0,0,40.0186
0,227,13,0,0,40.0182
0,228,13,0,0,40.0178
0,229,13,0,0,40.0174
0,230,13,0,0,40.0171
0,231,13,0,0,40.0167
0,232,13,0,0,40.0164
0,233,13,0,0,40.0161
0,234,13,0,0,40.0158
0,235,13,0,0,40.0155
0,236,13,0,0,40.0153
0,237,13,0,0,40.015
0,238,13,0,0,40.0148
0,239,13,0,0,40.0146
0,240,13,0,0,40.0144
0,241,13,0,0,40.0142
0,242,13,0,0,40.014
0,243,13,0,0,40.0138
0,244,13,0,0,40.0137
0,245,13,0,0,40.0135
0,246,13,0,0,40.0134
0,247,13,0,0,40.0133
0,248,13,0,0,40.0132
0,249,13,0,0,40.0131
0,250,13,0,0,40.013
0,251,13,0,0,40.0129
0,252,13,0,0,40.0129
0,253,13,0,0,40.0128
0,254,13,0,0,40.0128
0,255,13,0,0,40.0128
0,0,14,0,6.09525e-06,53.9637
0,1,14,0,0,53.8998
0,2,14,0,0,53.8055
0,3,14,0,0,53.6823
0,4,14,0,0,53.5318
0,5,14,0,0,53.3564
0,6,14,0,0,53.1583
0,7,14,0,0,52.94
0,8,14,0,0,52.7041
0,9,14,0,0,52.4531
0,10,14,0,0,52.1895
0,11,14,0,0,51.9158
0,12,14,0,0,51.634
0,13,14,0,0,51.3464
0,14,14,0,0,51.0547
0,15,14,0,0,50.7607
0,16,14,0,0,50.466
0,17,14,0,0,50.1718
0,18,14,0,0,49.8792
0,19,14,0,0,49.5894
0,20,14,0,0,49.3032
0,21,14,0,0,49.0212
0,22,14,0,0,48.7441
0,23,14,0,0,48.4724
0,24,14,0,0,48.2064
0,25,14,0,0,47.9464
0,26,14,0,0,47.6927
0,27,14,0,0,47.4454
0,28,14,0,0,47.2047
0,29,14,0,0,46.9705
0,30,14,0,0,46.743
0,31,14,0,0,46.5221
0,32,14,0,0,46.3077
0,33,14,0,0,46.0999
0,34,14,0,0,45.8984
0,35,14,0,0,45.7032
0,36,14,0,0,45.5142
0,37,14,0,0,45.3312
0,38,14,0,0,45.1541
0,39,14,0,0,44.9828
0,40,14,0,0,44.8171
0,41,14,0,0,44.6569
0,42,14,0,0,44.502
0,43,14,0,0,44.3523
0,44,14,0,0,44.2076
0,45,14,0,0,44.0677
0,46,14,0,0,43.9325
0,47,14,0,0,43.802
0,48,14,0,0,43.6758
0,49,14,0,0,43.5539
0,50,14,0,0,43.4361
0,51,14,0,0,43.3224
0,52,14,0,0,43.2125
0,53,14,0,0,43.1064
0,54,14,0,0,43.0038
0,55,14,0,0,42.9048
0,56,14,0,0,42.8092
0,57,14,0,0,42.7168
0,58,14,0,0,42.6275
0,59,14,0,0,42.5413
0,60,14,0,0,42.458
0,61,14,0,0,42.3776
0,62,14,0,0,42.2999
0,63,14,0,0,42.2249
0,64,14,0,6.09525e-06,42.1524
0,65,14,0,0,42.0819
0,66,14,0,0,42.0138
0,67,14,0,0,41.9479
0,68,14,0,0,41.8843
0,69,14,0,0,41.8229
0,70,14,0,0,41.7635
0,71,14,0,0,41.7061
0,72,14,0,0,41.6506
0,73,14,0,0,41.597
0,74,14,0,0,41.5452
0,75,14,0,0,41.4951
0,76,14,0,0,41.4467
0,77,14,0,0,41.3999
0,78,14,0,0,41.3547
0,79,14,0,0,41.311
0,80,14,0,0,41.2687
0,81,14,0,0,41.2279
0,82,14,0,0,41.1884
0,83,14,0,0,41.1502
0,84,14,0,0,41.1133
0,85,14,0,0,41.0776
0,86,14,0,0,41.0431
0,87,14,0,0,41.0098
0,88,14,0,0,40.9775
0,89,14,0,0,40.9463
0,90,14,0,0,40.9162
0,91,14,0,0,40.887
0,92,14,0,0,40.8588
0,93,14,0,0,40.8315
0,94,14,0,0,40.8052
0,95,14,0,0,40.7797
0,96,14,0,0,40.755
0,97,14,0,0,40.7311
0,98,14,0,0,40.7081
0,99,14,0,0,40.6858
0,100,14,0,0,40.6642
0,101,14,0,0,40.6433
0,102,14,0,0,40.6231
0,103,14,0,0,40.6036
0,104,14,0,0,40.5847
0,105,14,0,0,40.5665
0,106,14,0,0,40.5488
0,107,14,0,0,40.5317
0,108,14,0,0,40.5152
0,109,14,0,0,40.4992
0,110,14,0,0,40.4838
0,111,14,0,0,40.4688
0,112,14,0,0,40.4543
0,113,14,0,0,40.4404
0,114,14,0,0,40.4268
0,115,14,0,0,40.4138
0,116,14,0,0,40.4011
0,117,14,0,0,40.3889
0,118,14,0,0,40.3771
0,119,14,0,0,40.3656
0,120,14,0,0,40.3546
0,121,14,0,0,40.3439
0,122,14,0,0,40.3336
0,123,14,0,0,40.3236
0,124,14,0,0,40.3139
0,125,14,0,0,40.3046
0,126,14,0,0,40.2956
0,127,14,0,0,40.2869
0,128,14,0,6.09525e-06,40.2785
0,129,14,0,0,40.2699
0,130,14,0,0,40.2615
0,131,14,0,0,40.2534
0,132,14,0,0,40.2456
0,133,14,0,0,40.2381
0,134,14,0,0,40.2307
0,135,14,0,0,40.2236
0,136,14,0,0,40.2168
0,137,14,0,0,40.2101
0,138,14,0,0,40.2037
0,139,14,0,0,40.1975
0,140,14,0,0,40.1915
0,141,14,0,0,40.1857
0,142,14,0,0,40.18
0,143,14,0,0,40.1746
0,144,14,0,0,40.1693
0,145,14,0,0,40.1642
0,146,14,0,0,40.1592
0,147,14,0,0,40.1544
0,148,14,0,0,40.1498
0,149,14,0,0,40.1453
0,150,14,0,0,40.141
0,151,14,0,0,40.1368
0,152,14,0,0,40.1327
0,153,14,0,0,40.1288
0,154,14,0,0,40.1249
0,155,14,0,0,40.1213
0,156,14,0,0,40.1177
0,157,14,0,0,40.1143
0,158,14,0,0,40.1109
0,159,14,0,0,40.1077
0,160,14,0,0,40.1046
0,161,14,0,0,40.1016
0,162,14,0,0,40.0986
0,163,14,0,0,40.0958
0,164,14,0,0,40.0931
0,165,14,0,0,40.0905
0,166,14,0,0,40.0879
0,167,14,0,0,40.0855
0,168,14,0,0,40.0831
0,169,14,0,0,40.0808
0,170,14,0,0,40.0786
0,171,14,0,0,40.0764
0,172,14,0,0,40.0744
0,173,14,0,0,40.0724
0,174,14,0,0,40.0705
0,175,14,0,0,40.0686
0,176,14,0,0,40.0668
0,177,14,0,0,40.0651
0,178,14,0,0,40.0634
0,179,14,0,0,40.0618
0,180,14,0,0,40.0603
0,181,14,0,0,40.0588
0,182,14,0,0,40.0574
0,183,14,0,0,40.056
0,184,14,0,0,40.0547
0,185,14,0,0,40.0535
0,186,14,0,0,40.0523
0,187,14,0,0,40.0511
0,188,14,0,0,40.05
0,189,14,0,0,40.049
0,190,14,0,0,40.048
0,191,14,0,0,40.047
0,192,14,0,6.09525e-06,40.0461
0,193,14,0,0,40.0448
0,194,14,0,0,40.0435
0,195,14,0,0,40.0422
0,196,14,0,0,40.041
0,197,14,0,0,40.0398
0,198,14,0,0,40.0386
0,199,14,0,0,40.0375
0,200,14,0,0,40.0365
0,201,14,0,0,40.0354
0,202,14,0,0,40.0344
0,203,14,0,0,40.0334
0,204,14,0,0,40.0325
0,205,14,0,0,40.0316
0,206,14,0,0,40.0307
0,207,14,0,0,40.0299
0,208,14,0,0,40.0291
0,209,14,0,0,40.0283
0,210,14,0,0,40.0275
0,211,14,0,0,40.0268
0,212,14,0,0,40.0261
0,213,14,0,0,40.0254
0,214,14,0,0,40.0248
0,215,14,0,0,40.0241
0,216,14,0,0,40.0235
0,217,14,0,0,40.0229
0,218,14,0,0,40.0224
0,219,14,0,0,40.0218
0,220,14,0,0,40.0213
0,221,14,0,0,40.0208
0,222,14,0,0,40.0203
0,223,14,0,0,40.0198
0,224,14,0,0,40.0194
0,225,14,0,0,40.0189
0,226,14,0,0,40.0185
0,227,14,0,0,40.0181
0,228,14,0,0,40.0177
0,229,14,0,0,40.0174
0,230,14,0,0,40.017
0,231,14,0,0,40.0167
0,232,14,0,0,40.0164
0,233,14,0,0,40.0161
0,234,14,0,0,40.0158
0,235,14,0,0,40.0155
0,236,14,0,0,40.0152
0,237,14,0,0,40.015
0,238,14,0,0,40.0148
0,239,14,0,0,40.0145
0,240,14,0,0,40.0143
0,241,14,0,0,40.0141
0,242,14,0,0,40.014
0,243,14,0,0,40.0138
0,244,14,0,0,40.0136
0,245,14,0,0,40.0135
0,246,14,0,0,40.0134
0,247,14,0,0,40.0133
0,248,14,0,0,40.0132
0,249,14,0,0,40.0131
0,250,14,0,0,40.013
0,251,14,0,0,40.0129
0,252,14,0,0,40.0129
0,253,14,0,0,40.0128
0,254,14,0,0,40.0128
0,255,14,0,0,40.0127
0,0,15,0,6.09525e-06,53.0267
0,1,15,0,0,52.9721
0,2,15,0,0,52.8913
0,3,15,0,0,52.7855
0,4,15,0,0,52.6561
0,5,15,0,0,52.5048
0,6,15,0,0,52.3333
0,7,15,0,0,52.1437
0,8,15,0,0,51.9381
0,9,15,0,0,51.7185
0,10,15,0,0,51.4869
0,11,15,0,0,51.2453
0,12,15,0,0,50.9957
0,13,15,0,0,50.7398
0,14,15,0,0,50.4792
0,15,15,0,0,50.2156
0,16,15,0,0,49.9501
0,17,15,0,0,49.6842
0,18,15,0,0,49.4188
0,19,15,0,0,49.1549
0,20,15,0,0,48.8933
0,21,15,0,0,48.6347
0,22,15,0,0,48.3798
0,23,15,0,0,48.1291
0,24,15,0,0,47.8829
0,25,15,0,0,47.6417
0,26,15,0,0,47.4056
0,27,15,0,0,47.1749
0,28,15,0,0,46.9498
0,29,15,0,0,46.7303
0,30,15,0,0,46.5166
0,31,15,0,0,46.3086
0,32,15,0,0,46.1064
0,33,15,0,0,45.91
0,34,15,0,0,45.7192
0,35,15,0,0,45.5341
0,36,15,0,0,45.3545
0,37,15,0,0,45.1804
0,38,15,0,0,45.0116
0,39,15,0,0,44.8482
0,40,15,0,0,44.6898
0,41,15,0,0,44.5365
0,42,15,0,0,44.3881
0,43,15,0,0,44.2445
0,44,15,0,0,44.1055
0,45,15,0,0,43.9711
0,46,15,0,0,43.841
0,47,15,0,0,43.7152
0,48,15,0,0,43.5936
0,49,15,0,0,43.4759
0,50,15,0,0,43.3622
0,51,15,0,0,43.2522
0,52,15,0,0,43.1459
0,53,15,0,0,43.0431
0,54,15,0,0,42.9438
0,55,15,0,0,42.8478
0,56,15,0,0,42.7549
0,57,15,0,0,42.6652
0,58,15,0,0,42.5785
0,59,15,0,0,42.4947
0,60,15,0,0,42.4137
0,61,15,0,0,42.3354
0,62,15,0,0,42.2598
0,63,15,0,0,42.1867
0,64,15,0,6.09525e-06,42.116
0,65,15,0,0,42.0472
0,66,15,0,0,41.9807
0,67,15,0,0,41.9165
0,68,15,0,0,41.8543
0,69,15,0,0,41.7943
0,70,15,0,0,41.7362
0,71,15,0,0,41.6801
0,72,15,0,0,41.6258
0,73,15,0,0,41.5733
0,74,15,0,0,41.5226
0,75,15,0,0,41.4735
0,76,15,0,0,41.4261
0,77,15,0,0,41.3803
0,78,15,0,0,41.3359
0,79,15,0,0,41.293
0,80,15,0,0,41.2516
0,81,15,0,0,41.2115
0,82,15,0,0,41.1727
0,83,15,0,0,41.1353
0,84,15,0,0,41.099
0,85,15,0,0,41.064
0,86,15,0,0,41.03
0,87,15,0,0,40.9973
0,88,15,0,0,40.9655
0,89,15,0,0,40.9349
0,90,15,0,0,40.9052
0,91,15,0,0,40.8765
0,92,15,0,0,40.8488
0,93,15,0,0,40.8219
0,94,15,0,0,40.796
0,95,15,0,0,40.7708
0,96,15,0,0,40.7466
0,97,15,0,0,40.7231
0,98,15,0,0,40.7003
0,99,15,0,0,40.6783
0,100,15,0,0,40.6571
0,101,15,0,0,40.6365
0,102,15,0,0,40.6166
0,103,15,0,0,40.5973
0,104,15,0,0,40.5787
0,105,15,0,0,40.5607
0,106,15,0,0,40.5433
0,107,15,0,0,40.5264
0,108,15,0,0,40.5101
0,109,15,0,0,40.4943
0,110,15,0,0,40.4791
0,111,15,0,0,40.4643
0,112,15,0,0,40.45
0,113,15,0,0,40.4362
0,114,15,0,0,40.4229
0,115,15,0,0,40.41
0,116,15,0,0,40.3975
0,117,15,0,0,40.3854
0,118,15,0,0,40.3737
0,119,15,0,0,40.3624
0,120,15,0,0,40.3515
0,121,15,0,0,40.3409
0,122,15,0,0,40.3307
0,123,15,0,0,40.3208
0,124,15,0,0,40.3113
0,125,15,0,0,40.3021
0,126,15,0,0,40.2932
0,127,15,0,0,40.2846
0,128,15,0,6.09525e-06,40.2763
0,129,15,0,0,40.2677
0,130,15,0,0,40.2595
0,131,15,0,0,40.2515
0,132,15,0,0,40.2437
0,133,15,0,0,40.2362
0,134,15,0,0,40.229
0,135,15,0,0,40.2219
0,136,15,0,0,40.2152
0,137,15,0,0,40.2086
0,138,15,0,0,40.2022
0,139,15,0,0,40.196
0,140,15,0,0,40.1901
0,141,15,0,0,40.1843
0,142,15,0,0,40.1787
0,143,15,0,0,40.1733
0,144,15,0,0,40.1681
0,145,15,0,0,40.163
0,146,15,0,0,40.1581
0,147,15,0,0,40.1534
0,148,15,0,0,40.1488
0,149,15,0,0,40.1443
0,150,15,0,0,40.14
0,151,15,0,0,40.1358
0,152,15,0,0,40.1318
0,153,15,0,0,40.1279
0,154,15,0,0,40.1241
0,155,15,0,0,40.1205
0,156,15,0,0,40.117
0,157,15,0,0,40.1135
0,158,15,0,0,40.1102
0,159,15,0,0,40.107
0,160,15,0,0,40.1039
0,161,15,0,0,40.1009
0,162,15,0,0,40.0981
0,163,15,0,0,40.0953
0,164,15,0,0,40.0926
0,165,15,0,0,40.0899
0,166,15,0,0,40.0874
0,167,15,0,0,40.085
0,168,15,0,0,40.0826
0,169,15,0,0,40.0803
0,170,15,0,0,40.0781
0,171,15,0,0,40.076
0,172,15,0,0,40.074
0,173,15,0,0,40.072
0,174,15,0,0,40.0701
0,175,15,0,0,40.0682
0,176,15,0,0,40.0665
0,177,15,0,0,40.0648
0,178,15,0,0,40.0631
0,179,15,0,0,40.0615
0,180,15,0,0,40.06
0,181,15,0,0,40.0585
0,182,15,0,0,40.0571
0,183,15,0,0,40.0558
0,184,15,0,0,40.0545
0,185,15,0,0,40.0532
0,186,15,0,0,40.052
0,187,15,0,0,40.0509
0,188,15,0,0,40.0498
0,189,15,0,0,40.0488
0,190,15,0,0,40.0478
0,191,15,0,0,40.0468
0,192,15,0,6.09525e-06,40.0459
0,193,15,0,0,40.0446
0,194,15,0,0,40.0433
0,195,15,0,0,40.042
0,196,15,0,0,40.0408
0,197,15,0,0,40.0396
0,198,15,0,0,40.0385
0,199,15,0,0,40.0374
0,200,15,0,0,40.0363
0,201,15,0,0,40.0353
0,202,15,0,0,40.0343
0,203,15,0,0,40.0333
0,204,15,0,0,40.0324
0,205,15,0,0,40.0315
0,206,15,0,0,40.0306
0,207,15,0,0,40.0298
0,208,15,0,0,40.029
0,209,15,0,0,40.0282
0,210,15,0,0,40.0274
0,211,15,0,0,40.0267
0,212,15,0,0,40.026
0,213,15,0,0,40.0253
0,214,15,0,0,40.0247
0,215,15,0,0,40.024
0,216,15,0,0,40.0234
0,217,15,0,0,40.0228
0,218,15,0,0,40.0223
0,219,15,0,0,40.0217
0,220,15,0,0,40.0212
0,221,15,0,0,40.0207
0,222,15,0,0,40.0202
0,223,15,0,0,40.0197
0,224,15,0,0,40.0193
0,225,15,0,0,40.0189
0,226,15,0,0,40.0184
0,227,15,0,0,40.0181
0,228,15,0,0,40.0177
0,229,15,0,0,40.0173
0,230,15,0,0,40.017
0,231,15,0,0,40.0166
0,232,15,0,0,40.0163
0,233,15,0,0,40.016
0,234,15,0,0,40.0157
0,235,15,0,0,40.0155
0,236,15,0,0,40.0152
0,237,15,0,0,40.0149
0,238,15,0,0,40.0147
0,239,15,0,0,40.0145
0,240,15,0,0,40.0143
0,241,15,0,0,40.0141
0,242,15,0,0,40.0139
0,243,15,0,0,40.0138
0,244,15,0,0,40.0136
0,245,15,0,0,40.0135
0,246,15,0,0,40.0133
0,247,15,0,0,40.0132
0,248,15,0,0,40.0131
0,249,15,0,0,40.013
0,250,15,0,0,40.0129
0,251,15,0,0,40.0129
0,252,15,0,0,40.0128
0,253,15,0,0,40.0128
0,254,15,0,0,40.0127
0,255,15,0,0,40.0127
0,0,16,0,6.09525e-06,52.1707
0,1,16,0,0,52.1235
0,2,16,0,0,52.0538
0,3,16,0,0,51.9624
0,4,16,0,0,51.8504
0,5,16,0,0,51.7191
0,6,16,0,0,51.5699
0,7,16,0,0,51.4045
0,8,16,0,0,51.2244
0,9,16,0,0,51.0315
0,10,16,0,0,50.8274
0,11,16,0,0,50.6136
0,12,16,0,0,50.392
0,13,16,0,0,50.1639
0,14,16,0,0,49.9308
0,15,16,0,0,49.6941
0,16,16,0,0,49.4549
0,17,16,0,0,49.2143
0,18,16,0,0,48.9735
0,19,16,0,0,48.7332
0,20,16,0,0,48.4943
0,21,16,0,0,48.2574
0,22,16,0,0,48.0231
0,23,16,0,0,47.7919
0,24,16,0,0,47.5644
0,25,16,0,0,47.3408
0,26,16,0,0,47.1214
0,27,16,0,0,46.9065
0,28,16,0,0,46.6963
0,29,16,0,0,46.4909
0,30,16,0,0,46.2904
0,31,16,0,0,46.0949
0,32,16,0,0,45.9045
0,33,16,0,0,45.7191
0,34,16,0,0,45.5388
0,35,16,0,0,45.3635
0,36,16,0,0,45.1932
0,37,16,0,0,45.0279
0,38,16,0,0,44.8674
0,39,16,0,0,44.7116
0,40,16,0,0,44.5606
0,41,16,0,0,44.4141
0,42,16,0,0,44.2722
0,43,16,0,0,44.1347
0,44,16,0,0,44.0014
0,45,16,0,0,43.8724
0,46,16,0,0,43.7474
0,47,16,0,0,43.6264
0,48,16,0,0,43.5093
0,49,16,0,0,43.396
0,50,16,0,0,43.2863
0,51,16,0,0,43.1801
0,52,16,0,0,43.0774
0,53,16,0,0,42.9781
0,54,16,0,0,42.882
0,55,16,0,0,42.789
0,56,16,0,0,42.6991
0,57,16,0,0,42.6121
0,58,16,0,0,42.528
0,59,16,0,0,42.4466
0,60,16,0,0,42.3679
0,61,16,0,0,42.2918
0,62,16,0,0,42.2183
0,63,16,0,0,42.1471
0,64,16,0,6.09525e-06,42.0783
0,65,16,0,0,42.0113
0,66,16,0,0,41.9465
0,67,16,0,0,41.8838
0,68,16,0,0,41.8232
0,69,16,0,0,41.7646
0,70,16,0,0,41.7079
0,71,16,0,0,41.653
0,72,16,0,0,41.6
0,73,16,0,0,41.5487
0,74,16,0,0,41.4991
0,75,16,0,0,41.4511
0,76,16,0,0,41.4047
0,77,16,0,0,41.3598
0,78,16,0,0,41.3164
0,79,16,0,0,41.2744
0,80,16,0,0,41.2337
0,81,16,0,0,41.1944
0,82,16,0,0,41.1564
0,83,16,0,0,41.1197
0,84,16,0,0,41.0841
0,85,16,0,0,41.0497
0,86,16,0,0,41.0164
0,87,16,0,0,40.9842
0,88,16,0,0,40.953
0,89,16,0,0,40.9229
0,90,16,0,0,40.8938
0,91,16,0,0,40.8656
0,92,16,0,0,40.8383
0,93,16,0,0,40.8119
0,94,16,0,0,40.7863
0,95,16,0,0,40.7616
0,96,16,0,0,40.7377
0,97,16,0,0,40.7146
0,98,16,0,0,40.6922
0,99,16,0,0,40.6706
0,100,16,0,0,40.6496
0,101,16,0,0,40.6294
0,102,16,0,0,40.6098
0,103,16,0,0,40.5908
0,104,16,0,0,40.5724
0,105,16,0,0,40.5547
0,106,16,0,0,40.5375
0,107,16,0,0,40.5209
0,108,16,0,0,40.5048
0,109,16,0,0,40.4892
0,110,16,0,0,40.4742
0,111,16,0,0,40.4596
0,112,16,0,0,40.4455
0,113,16,0,0,40.4319
0,114,16,0,0,40.4187
0,115,16,0,0,40.406
0,116,16,0,0,40.3937
0,117,16,0,0,40.3817
0,118,16,0,0,40.3702
0,119,16,0,0,40.359
0,120,16,0,0,40.3482
0,121,16,0,0,40.3378
0,122,16,0,0,40.3277
0,123,16,0,0,40.318
0,124,16,0,0,40.3085
0,125,16,0,0,40.2994
0,126,16,0,0,40.2906
0,127,16,0,0,40.2821
0,128,16,0,6.09525e-06,40.2739
0,129,16,0,0,40.2655
0,130,16,0,0,40.2573
0,131,16,0,0,40.2494
0,132,16,0,0,40.2417
0,133,16,0,0,40.2343
0,134,16,0,0,40.2271
0,135,16,0,0,40.2202
0,136,16,0,0,40.2134
0,137,16,0,0,40.2069
0,138,16,0,0,40.2006
0,139,16,0,0,40.1945
0,140,16,0,0,40.1886
0,141,16,0,0,40.1829
0,142,16,0,0,40.1774
0,143,16,0,0,40.172
0,144,16,0,0,40.1668
0,145,16,0,0,40.1618
0,146,16,0,0,40.1569
0,147,16,0,0,40.1522
0,148,16,0,0,40.1477
0,149,16,0,0,40.1433
0,150,16,0,0,40.139
0,151,16,0,0,40.1349
0,152,16,0,0,40.1309
0,153,16,0,0,40.127
0,154,16,0,0,40.1233
0,155,16,0,0,40.1197
0,156,16,0,0,40.1162
0,157,16,0,0,40.1128
0,158,16,0,0,40.1095
0,159,16,0,0,40.1063
0,160,16,0,0,40.1033
0,161,16,0,0,40.1003
0,162,16,0,0,40.0974
0,163,16,0,0,40.0946
0,164,16,0,0,40.092
0,165,16,0,0,40.0894
0,166,16,0,0,40.0869
0,167,16,0,0,40.0844
0,168,16,0,0,40.0821
0,169,16,0,0,40.0799
0,170,16,0,0,40.0777
0,171,16,0,0,40.0756
0,172,16,0,0,40.0735
0,173,16,0,0,40.0716
0,174,16,0,0,40.0697
0,175,16,0,0,40.0679
0,176,16,0,0,40.0661
0,177,16,0,0,40.0644
0,178,16,0,0,40.0628
0,179,16,0,0,40.0612
0,180,16,0,0,40.0597
0,181,16,0,0,40.0582
0,182,16,0,0,40.0568
0,183,16,0,0,40.0555
0,184,16,0,0,40.0542
0,185,16,0,0,40.053
0,186,16,0,0,40.0518
0,187,16,0,0,40.0507
0,188,16,0,0,40.0496
0,189,16,0,0,40.0485
0,190,16,0,0,40.0476
0,191,16,0,0,40.0466
0,192,16,0,6.09525e-06,40.0457
0,193,16,0,0,40.0444
0,194,16,0,0,40.0431
0,195,16,0,0,40.0418
0,196,16,0,0,40.0406
0,197,16,0,0,40.0395
0,198,16,0,0,40.0383
0,199,16,0,0,40.0372
0,200,16,0,0,40.0362
0,201,16,0,0,40.0351
0,202,16,0,0,40.0341
0,203,16,0,0,40.0332
0,204,16,0,0,40.0323
0,205,16,0,0,40.0314
0,206,16,0,0,40.0305
0,207,16,0,0,40.0297
0,208,16,0,0,40.0289
0,209,16,0,0,40.0281
0,210,16,0,0,40.0273
0,211,16,0,0,40.0266
0,212,16,0,0,40.0259
0,213,16,0,0,40.0252
0,214,16,0,0,40.0246
0,215,16,0,0,40.0239
0,216,16,0,0,40.0233
0,217,16,0,0,40.0228
0,218,16,0,0,40.0222
0,219,16,0,0,40.0216
0,220,16,0,0,40.0211
0,221,16,0,0,40.0206
0,222,16,0,0,40.0201
0,223,16,0,0,40.0197
0,224,16,0,0,40.0192
0,225,16,0,0,40.0188
0,226,16,0,0,40.0184
0,227,16,0,0,40.018
0,228,16,0,0,40.0176
0,229,16,0,0,40.0172
0,230,16,0,0,40.0169
0,231,16,0,0,40.0166
0,232,16,0,0,40.0163
0,233,16,0,0,40.016
0,234,16,0,0,40.0157
0,235,16,0,0,40.0154
0,236,16,0,0,40.0151
0,237,16,0,0,40.0149
0,238,16,0,0,40.0147
0,239,16,0,0,40.0144
0,240,16,0,0,40.0142
0,241,16,0,0,40.0141
0,242,16,0,0,40.0139
0,243,16,0,0,40.0137
0,244,16,0,0,40.0136
0,245,16,0,0,40.0134
0,246,16,0,0,40.0133
0,247,16,0,0,40.0132
0,248,16,0,0,40.0131
0,249,16,0,0,40.013
0,250,16,0,0,40.0129
0,251,16,0,0,40.0128
0,252,16,0,0,40.0128
0,253,16,0,0,40.0127
0,254,16,0,0,40.0127
0,255,16,0,0,40.0127
0,0,17,0,6.09525e-06,51.386
0,1,17,0,0,51.3451
0,2,17,0,0,51.2846
0,3,17,0,0,51.2051
0,4,17,0,0,51.1076
0,5,17,0,0,50.993
0,6,17,0,0,50.8626
0,7,17,0,0,50.7176
0,8,17,0,0,50.5593
0,9,17,0,0,50.3892
0,10,17,0,0,50.2087
0,11,17,0,0,50.0191
0,12,17,0,0,49.8218
0,13,17,0,0,49.6181
0,14,17,0,0,49.4092
0,15,17,0,0,49.1964
0,16,17,0,0,48.9807
0,17,17,0,0,48.763
0,18,17,0,0,48.5444
0,19,17,0,0,48.3256
0,20,17,0,0,48.1074
0,21,17,0,0,47.8904
0,22,17,0,0,47.6751
0,23,17,0,0,47.4622
0,24,17,0,0,47.252
0,25,17,0,0,47.045
0,26,17,0,0,46.8413
0,27,17,0,0,46.6414
0,28,17,0,0,46.4453
0,29,17,0,0,46.2533
0,30,17,0,0,46.0656
0,31,17,0,0,45.8821
0,32,17,0,0,45.703
0,33,17,0,0,45.5284
0,34,17,0,0,45.3582
0,35,17,0,0,45.1925
0,36,17,0,0,45.0313
0,37,17,0,0,44.8744
0,38,17,0,0,44.722
0,39,17,0,0,44.5738
0,40,17,0,0,44.43
0,41,17,0,0,44.2903
0,42,17,0,0,44.1548
0,43,17,0,0,44.0233
0,44,17,0,0,43.8957
0,45,17,0,0,43.7721
0,46,17,0,0,43.6522
0,47,17,0,0,43.5361
0,48,17,0,0,43.4235
0,49,17,0,0,43.3144
0,50,17,0,0,43.2088
0,51,17,0,0,43.1065
0,52,17,0,0,43.0074
0,53,17,0,0,42.9115
0,54,17,0,0,42.8187
0,55,17,0,0,42.7288
0,56,17,0,0,42.6417
0,57,17,0,0,42.5575
0,58,17,0,0,42.476
0,59,17,0,0,42.3972
0,60,17,0,0,42.3208
0,61,17,0,0,42.247
0,62,17,0,0,42.1755
0,63,17,0,0,42.1064
0,64,17,0,6.09525e-06,42.0395
0,65,17,0,0,41.9743
0,66,17,0,0,41.9112
0,67,17,0,0,41.8502
0,68,17,0,0,41.7911
0,69,17,0,0,41.7339
0,70,17,0,0,41.6786
0,71,17,0,0,41.6251
0,72,17,0,0,41.5733
0,73,17,0,0,41.5232
0,74,17,0,0,41.4748
0,75,17,0,0,41.4279
0,76,17,0,0,41.3825
0,77,17,0,0,41.3386
0,78,17,0,0,41.2961
0,79,17,0,0,41.255
0,80,17,0,0,41.2152
0,81,17,0,0,41.1767
0,82,17,0,0,41.1395
0,83,17,0,0,41.1035
0,84,17,0,0,41.0686
0,85,17,0,0,41.0348
0,86,17,0,0,41.0022
0,87,17,0,0,40.9706
0,88,17,0,0,40.94
0,89,17,0,0,40.9105
0,90,17,0,0,40.8818
0,91,17,0,0,40.8541
0,92,17,0,0,40.8273
0,93,17,0,0,40.8014
0,94,17,0,0,40.7763
0,95,17,0,0,40.752
0,96,17,0,0,40.7285
0,97,17,0,0,40.7058
0,98,17,0,0,40.6838
0,99,17,0,0,40.6625
0,100,17,0,0,40.6419
0,101,17,0,0,40.6219
0,102,17,0,0,40.6026
0,103,17,0,0,40.5839
0,104,17,0,0,40.5659
0,105,17,0,0,40.5484
0,106,17,0,0,40.5315
0,107,17,0,0,40.5151
0,108,17,0,0,40.4992
0,109,17,0,0,40.4839
0,110,17,0,0,40.4691
0,111,17,0,0,40.4547
0,112,17,0,0,40.4408
0,113,17,0,0,40.4274
0,114,17,0,0,40.4144
0,115,17,0,0,40.4018
0,116,17,0,0,40.3897
0,117,17,0,0,40.3779
0,118,17,0,0,40.3665
0,119,17,0,0,40.3555
0,120,17,0,0,40.3448
0,121,17,0,0,40.3345
0,122,17,0,0,40.3246
0,123,17,0,0,40.315
0,124,17,0,0,40.3057
0,125,17,0,0,40.2967
0,126,17,0,0,40.288
0,127,17,0,0,40.2796
0,128,17,0,6.09525e-06,40.2714
0,129,17,0,0,40.2631
0,130,17,0,0,40.255
0,131,17,0,0,40.2472
0,132,17,0,0,40.2396
0,133,17,0,0,40.2323
0,134,17,0,0,40.2252
0,135,17,0,0,40.2183
0,136,17,0,0,40.2116
0,137,17,0,0,40.2052
0,138,17,0,0,40.199
0,139,17,0,0,40.1929
0,140,17,0,0,40.1871
0,141,17,0,0,40.1814
0,142,17,0,0,40.1759
0,143,17,0,0,40.1706
0,144,17,0,0,40.1655
0,145,17,0,0,40.1605
0,146,17,0,0,40.1557
0,147,17,0,0,40.1511
0,148,17,0,0,40.1466
0,149,17,0,0,40.1422
0,150,17,0,0,40.138
0,151,17,0,0,40.1339
0,152,17,0,0,40.1299
0,153,17,0,0,40.1261
0,154,17,0,0,40.1224
0,155,17,0,0,40.1188
0,156,17,0,0,40.1153
0,157,17,0,0,40.112
0,158,17,0,0,40.1087
0,159,17,0,0,40.1056
0,160,17,0,0,40.1025
0,161,17,0,0,40.0996
0,162,17,0,0,40.0968
0,163,17,0,0,40.094
0,164,17,0,0,40.0914
0,165,17,0,0,40.0888
0,166,17,0,0,40.0863
0,167,17,0,0,40.0839
0,168,17,0,0,40.0816
0,169,17,0,0,40.0793
0,170,17,0,0,40.0772
0,171,17,0,0,40.0751
0,172,17,0,0,40.0731
0,173,17,0,0,40.0711
0,174,17,0,0,40.0693
0,175,17,0,0,40.0674
0,176,17,0,0,40.0657
0,177,17,0,0,40.064
0,178,17,0,0,40.0624
0,179,17,0,0,40.0609
0,180,17,0,0,40.0594
0,181,17,0,0,40.0579
0,182,17,0,0,40.0565
0,183,17,0,0,40.0552
0,184,17,0,0,40.0539
0,185,17,0,0,40.0527
0,186,17,0,0,40.0515
0,187,17,0,0,40.0504
0,188,17,0,0,40.0493
0,189,17,0,0,40.0483
0,190,17,0,0,40.0473
0,191,17,0,0,40.0464
0,192,17,0,6.09525e-06,40.0455
0,193,17,0,0,40.0442
0,194,17,0,0,40.0429
0,195,17,0,0,40.0416
0,196,17,0,0,40.0404
0,197,17,0,0,40.0393
0,198,17,0,0,40.0381
0,199,17,0,0,40.0371
0,200,17,0,0,40.036
0,201,17,0,0,40.035
0,202,17,0,0,40.034
0,203,17,0,0,40.033
0,204,17,0,0,40.0321
0,205,17,0,0,40.0312
0,206,17,0,0,40.0304
0,207,17,0,0,40.0295
0,208,17,0,0,40.0287
0,209,17,0,0,40.028
0,210,17,0,0,40.0272
0,211,17,0,0,40.0265
0,212,17,0,0,40.0258
0,213,17,0,0,40.0251
0,214,17,0,0,40.0245
0,215,17,0,0,40.0238
0,216,17,0,0,40.0232
0,217,17,0,0,40.0227
0,218,17,0,0,40.0221
0,219,17,0,0,40.0216
0,220,17,0,0,40.021
0,221,17,0,0,40.0205
0,222,17,0,0,40.0201
0,223,17,0,0,40.0196
0,224,17,0,0,40.0191
0,225,17,0,0,40.0187
0,226,17,0,0,40.0183
0,227,17,0,0,40.0179
0,228,17,0,0,40.0175
0,229,17,0,0,40.0172
0,230,17,0,0,40.0168
0,231,17,0,0,40.0165
0,232,17,0,0,40.0162
0,233,17,0,0,40.0159
0,234,17,0,0,40.0156
0,235,17,0,0,40.0153
0,236,17,0,0,40.0151
0,237,17,0,0,40.0148
0,238,17,0,0,40.0146
0,239,17,0,0,40.0144
0,240,17,0,0,40.0142
0,241,17,0,0,40.014
0,242,17,0,0,40.0138
0,243,17,0,0,40.0137
0,244,17,0,0,40.0135
0,245,17,0,0,40.0134
0,246,17,0,0,40.0132
0,247,17,0,0,40.0131
0,248,17,0,0,40.013
0,249,17,0,0,40.0129
0,250,17,0,0,40.0129
0,251,17,0,0,40.0128
0,252,17,0,0,40.0127
0,253,17,0,0,40.0127
0,254,17,0,0,40.0126
0,255,17,0,0,40.0126
0,0,18,0,6.09525e-06,50.6647
0,1,18,0,0,50.629
0,2,18,0,0,50.5761
0,3,18,0,0,50.5067
0,4,18,0,0,50.4213
0,5,18,0,0,50.3209
0,6,18,0,0,50.2064
0,7,18,0,0,50.0787
0,8,18,0,0,49.9391
0,9,18,0,0,49.7886
0,10,18,0,0,49.6285
0,11,18,0,0,49.4598
0,12,18,0,0,49.2838
0,13,18,0,0,49.1015
0,14,18,0,0,48.9141
0,15,18,0,0,48.7225
0,16,18,0,0,48.5277
0,17,18,0,0,48.3306
0,18,18,0,0,48.132
0,19,18,0,0,47.9328
0,20,18,0,0,47.7334
0,21,18,0,0,47.5347
0,22,18,0,0,47.337
0,23,18,0,0,47.141
0,24,18,0,0,46.947
0,25,18,0,0,46.7554
0,26,18,0,0,46.5665
0,27,18,0,0,46.3806
0,28,18,0,0,46.1979
0,29,18,0,0,46.0187
0,30,18,0,0,45.843
0,31,18,0,0,45.671
0,32,18,0,0,45.5029
0,33,18,0,0,45.3386
0,34,18,0,0,45.1782
0,35,18,0,0,45.0217
0,36,18,0,0,44.8693
0,37,18,0,0,44.7207
0,38,18,0,0,44.5761
0,39,18,0,0,44.4354
0,40,18,0,0,44.2986
0,41,18,0,0,44.1656
0,42,18,0,0,44.0364
0,43,18,0,0,43.9108
0,44,18,0,0,43.7889
0,45,18,0,0,43.6706
0,46,18,0,0,43.5558
0,47,18,0,0,43.4444
0,48,18,0,0,43.3364
0,49,18,0,0,43.2316
0,50,18,0,0,43.1301
0,51,18,0,0,43.0316
0,52,18,0,0,42.9362
0,53,18,0,0,42.8437
0,54,18,0,0,42.7541
0,55,18,0,0,42.6673
0,56,18,0,0,42.5832
0,57,18,0,0,42.5018
0,58,18,0,0,42.4229
0,59,18,0,0,42.3466
0,60,18,0,0,42.2726
0,61,18,0,0,42.201
0,62,18,0,0,42.1317
0,63,18,0,0,42.0646
0,64,18,0,6.09525e-06,41.9997
0,65,18,0,0,41.9363
0,66,18,0,0,41.8749
0,67,18,0,0,41.8155
0,68,18,0,0,41.7581
0,69,18,0,0,41.7024
0,70,18,0,0,41.6485
0,71,18,0,0,41.5964
0,72,18,0,0,41.5459
0,73,18,0,0,41.497
0,74,18,0,0,41.4497
0,75,18,0,0,41.4039
0,76,18,0,0,41.3596
0,77,18,0,0,41.3167
0,78,18,0,0,41.2752
0,79,18,0,0,41.235
0,80,18,0,0,41.1961
0,81,18,0,0,41.1584
0,82,18,0,0,41.122
0,83,18,0,0,41.0867
0,84,18,0,0,41.0526
0,85,18,0,0,41.0195
0,86,18,0,0,40.9875
0,87,18,0,0,40.9566
0,88,18,0,0,40.9266
0,89,18,0,0,40.8976
0,90,18,0,0,40.8695
0,91,18,0,0,40.8423
0,92,18,0,0,40.816
0,93,18,0,0,40.7906
0,94,18,0,0,40.7659
0,95,18,0,0,40.7421
0,96,18,0,0,40.719
0,97,18,0,0,40.6966
0,98,18,0,0,40.675
0,99,18,0,0,40.6541
0,100,18,0,0,40.6338
0,101,18,0,0,40.6142
0,102,18,0,0,40.5952
0,103,18,0,0,40.5768
0,104,18,0,0,40.5591
0,105,18,0,0,40.5418
0,106,18,0,0,40.5252
0,107,18,0,0,40.5091
0,108,18,0,0,40.4935
0,109,18,0,0,40.4784
0,110,18,0,0,40.4638
0,111,18,0,0,40.4496
0,112,18,0,0,40.4359
0,113,18,0,0,40.4227
0,114,18,0,0,40.4099
0,115,18,0,0,40.3975
0,116,18,0,0,40.3855
0,117,18,0,0,40.3739
0,118,18,0,0,40.3627
0,119,18,0,0,40.3518
0,120,18,0,0,40.3413
0,121,18,0,0,40.3311
0,122,18,0,0,40.3213
0,123,18,0,0,40.3118
0,124,18,0,0,40.3026
0,125,18,0,0,40.2938
0,126,18,0,0,40.2852
0,127,18,0,0,40.2769
0,128,18,0,6.09525e-06,40.2689
0,129,18,0,0,40.2606
0,130,18,0,0,40.2526
0,131,18,0,0,40.2449
0,132,18,0,0,40.2374
0,133,18,0,0,40.2302
0,134,18,0,0,40.2231
0,135,18,0,0,40.2163
0,136,18,0,0,40.2098
0,137,18,0,0,40.2034
0,138,18,0,0,40.1972
0,139,18,0,0,40.1913
0,140,18,0,0,40.1855
0,141,18,0,0,40.1799
0,142,18,0,0,40.1745
0,143,18,0,0,40.1692
0,144,18,0,0,40.1641
0,145,18,0,0,40.1592
0,146,18,0,0,40.1544
0,147,18,0,0,40.1498
0,148,18,0,0,40.1454
0,149,18,0,0,40.1411
0,150,18,0,0,40.1369
0,151,18,0,0,40.1328
0,152,18,0,0,40.1289
0,153,18,0,0,40.1251
0,154,18,0,0,40.1214
0,155,18,0,0,40.1179
0,156,18,0,0,40.1145
0,157,18,0,0,40.1111
0,158,18,0,0,40.1079
0,159,18,0,0,40.1048
0,160,18,0,0,40.1018
0,161,18,0,0,40.0989
0,162,18,0,0,40.0961
0,163,18,0,0,40.0933
0,164,18,0,0,40.0907
0,165,18,0,0,40.0882
0,166,18,0,0,40.0857
0,167,18,0,0,40.0833
0,168,18,0,0,40.081
0,169,18,0,0,40.0788
0,170,18,0,0,40.0767
0,171,18,0,0,40.0746
0,172,18,0,0,40.0726
0,173,18,0,0,40.0707
0,174,18,0,0,40.0688
0,175,18,0,0,40.067
0,176,18,0,0,40.0653
0,177,18,0,0,40.0636
0,178,18,0,0,40.062
0,179,18,0,0,40.0605
0,180,18,0,0,40.059
0,181,18,0,0,40.0576
0,182,18,0,0,40.0562
0,183,18,0,0,40.0549
0,184,18,0,0,40.0536
0,185,18,0,0,40.0524
0,186,18,0,0,40.0512
0,187,18,0,0,40.0501
0,188,18,0,0,40.0491
0,189,18,0,0,40.0481
0,190,18,0,0,40.0471
0,191,18,0,0,40.0462
0,192,18,0,6.09525e-06,40.0453
0,193,18,0,0,40.044
0,194,18,0,0,40.0427
0,195,18,0,0,40.0414
0,196,18,0,0,40.0402
0,197,18,0,0,40.0391
0,198,18,0,0,40.038
0,199,18,0,0,40.0369
0,200,18,0,0,40.0358
0,201,18,0,0,40.0348
0,202,18,0,0,40.0338
0,203,18,0,0,40.0329
0,204,18,0,0,40.032
0,205,18,0,0,40.0311
0,206,18,0,0,40.0302
0,207,18,0,0,40.0294
0,208,18,0,0,40.0286
0,209,18,0,0,40.0278
0,210,18,0,0,40.0271
0,211,18,0,0,40.0264
0,212,18,0,0,40.0257
0,213,18,0,0,40.025
0,214,18,0,0,40.0244
0,215,18,0,0,40.0237
0,216,18,0,0,40.0231
0,217,18,0,0,40.0226
0,218,18,0,0,40.022
0,219,18,0,0,40.0215
0,220,18,0,0,40.021
0,221,18,0,0,40.0205
0,222,18,0,0,40.02
0,223,18,0,0,40.0195
0,224,18,0,0,40.0191
0,225,18,0,0,40.0186
0,226,18,0,0,40.0182
0,227,18,0,0,40.0178
0,228,18,0,0,40.0175
0,229,18,0,0,40.0171
0,230,18,0,0,40.0168
0,231,18,0,0,40.0164
0,232,18,0,0,40.0161
0,233,18,0,0,40.0158
0,234,18,0,0,40.0156
0,235,18,0,0,40.0153
0,236,18,0,0,40.015
0,237,18,0,0,40.0148
0,238,18,0,0,40.0146
0,239,18,0,0,40.0143
0,240,18,0,0,40.0141
0,241,18,0,0,40.014
0,242,18,0,0,40.0138
0,243,18,0,0,40.0136
0,244,18,0,0,40.0135
0,245,18,0,0,40.0133
0,246,18,0,0,40.0132
0,247,18,0,0,40.0131
0,248,18,0,0,40.013
0,249,18,0,0,40.0129
0,250,18,0,0,40.0128
0,251,18,0,0,40.0127
0,252,18,0,0,40.0127
0,253,18,0,0,40.0126
0,254,18,0,0,40.0126
0,255,18,0,0,40.0126
0,0,19,0,6.09525e-06,50
0,1,19,0,0,49.9687
0,2,19,0,0,49.9223
0,3,19,0,0,49.8613
0,4,19,0,0,49.7863
0,5,19,0,0,49.6978
0,6,19,0,0,49.5968
0,7,19,0,0,49.484
0,8,19,0,0,49.3604
0,9,19,0,0,49.2268
0,10,19,0,0,49.0843
0,11,19,0,0,48.9339
0,12,19,0,0,48.7765
0,13,19,0,0,48.6131
0,14,19,0,0,48.4446
0,15,19,0,0,48.2718
0,16,19,0,0,48.0958
0,17,19,0,0,47.9172
0,18,19,0,0,47.7367
0,19,19,0,0,47.5551
0,20,19,0,0,47.373
0,21,19,0,0,47.1909
0,22,19,0,0,47.0095
0,23,19,0,0,46.829
0,24,19,0,0,46.65
0,25,19,0,0,46.4728
0,26,19,0,0,46.2977
0,27,19,0,0,46.125
0,28,19,0,0,45.955
0,29,19,0,0,45.7878
0,30,19,0,0,45.6236
0,31,19,0,0,45.4626
0,32,19,0,0,45.3048
0,33,19,0,0,45.1504
0,34,19,0,0,44.9994
0,35,19,0,0,44.8519
0,36,19,0,0,44.7079
0,37,19,0,0,44.5674
0,38,19,0,0,44.4305
0,39,19,0,0,44.297
0,40,19,0,0,44.1671
0,41,19,0,0,44.0406
0,42,19,0,0,43.9175
0,43,19,0,0,43.7978
0,44,19,0,0,43.6815
0,45,19,0,0,43.5684
0,46,19,0,0,43.4586
0,47,19,0,0,43.3519
0,48,19,0,0,43.2484
0,49,19,0,0,43.1479
0,50,19,0,0,43.0503
0,51,19,0,0,42.9557
0,52,19,0,0,42.8639
0,53,19,0,0,42.7749
0,54,19,0,0,42.6885
0,55,19,0,0,42.6048
0,56,19,0,0,42.5237
0,57,19,0,0,42.4451
0,58,19,0,0,42.3689
0,59,19,0,0,42.295
0,60,19,0,0,42.2234
0,61,19,0,0,42.1541
0,62,19,0,0,42.087
0,63,19,0,0,42.0219
0,64,19,0,6.09525e-06,41.9589
0,65,19,0,0,41.8974
0,66,19,0,0,41.8378
0,67,19,0,0,41.7801
0,68,19,0,0,41.7242
0,69,19,0,0,41.6701
0,70,19,0,0,41.6177
0,71,19,0,0,41.5669
0,72,19,0,0,41.5177
0,73,19,0,0,41.4701
0,74,19,0,0,41.424
0,75,19,0,0,41.3793
0,76,19,0,0,41.3361
0,77,19,0,0,41.2942
0,78,19,0,0,41.2537
0,79,19,0,0,41.2144
0,80,19,0,0,41.1764
0,81,19,0,0,41.1396
0,82,19,0,0,41.1039
0,83,19,0,0,41.0694
0,84,19,0,0,41.036
0,85,19,0,0,41.0037
0,86,19,0,0,40.9724
0,87,19,0,0,40.9421
0,88,19,0,0,40.9127
0,89,19,0,0,40.8843
0,90,19,0,0,40.8568
0,91,19,0,0,40.8301
0,92,19,0,0,40.8043
0,93,19,0,0,40.7794
0,94,19,0,0,40.7552
0,95,19,0,0,40.7318
0,96,19,0,0,40.7091
0,97,19,0,0,40.6872
0,98,19,0,0,40.6659
0,99,19,0,0,40.6454
0,100,19,0,0,40.6255
0,101,19,0,0,40.6062
0,102,19,0,0,40.5875
0,103,19,0,0,40.5695
0,104,19,0,0,40.552
0,105,19,0,0,40.5351
0,106,19,0,0,40.5187
0,107,19,0,0,40.5028
0,108,19,0,0,40.4875
0,109,19,0,0,40.4726
0,110,19,0,0,40.4582
0,111,19,0,0,40.4443
0,112,19,0,0,40.4309
0,113,19,0,0,40.4178
0,114,19,0,0,40.4052
0,115,19,0,0,40.393
0,116,19,0,0,40.3812
0,117,19,0,0,40.3697
0,118,19,0,0,40.3587
0,119,19,0,0,40.348
0,120,19,0,0,40.3376
0,121,19,0,0,40.3276
0,122,19,0,0,40.3179
0,123,19,0,0,40.3086
0,124,19,0,0,40.2995
0,125,19,0,0,40.2907
0,126,19,0,0,40.2823
0,127,19,0,0,40.2741
0,128,19,0,6.09525e-06,40.2662
0,129,19,0,0,40.258
0,130,19,0,0,40.2502
0,131,19,0,0,40.2425
0,132,19,0,0,40.2351
0,133,19,0,0,40.228
0,134,19,0,0,40.221
0,135,19,0,0,40.2143
0,136,19,0,0,40.2078
0,137,19,0,0,40.2015
0,138,19,0,0,40.1954
0,139,19,0,0,40.1895
0,140,19,0,0,40.1838
0,141,19,0,0,40.1783
0,142,19,0,0,40.1729
0,143,19,0,0,40.1677
0,144,19,0,0,40.1627
0,145,19,0,0,40.1578
0,146,19,0,0,40.1531
0,147,19,0,0,40.1486
0,148,19,0,0,40.1441
0,149,19,0,0,40.1399
0,150,19,0,0,40.1357
0,151,19,0,0,40.1317
0,152,19,0,0,40.1278
0,153,19,0,0,40.1241
0,154,19,0,0,40.1205
0,155,19,0,0,40.117
0,156,19,0,0,40.1135
0,157,19,0,0,40.1103
0,158,19,0,0,40.1071
0,159,19,0,0,40.104
0,160,19,0,0,40.101
0,161,19,0,0,40.0981
0,162,19,0,0,40.0953
0,163,19,0,0,40.0926
0,164,19,0,0,40.09
0,165,19,0,0,40.0875
0,166,19,0,0,40.0851
0,167,19,0,0,40.0827
0,168,19,0,0,40.0805
0,169,19,0,0,40.0783
0,170,19,0,0,40.0761
0,171,19,0,0,40.0741
0,172,19,0,0,40.0721
0,173,19,0,0,40.0702
0,174,19,0,0,40.0684
0,175,19,0,0,40.0666
0,176,19,0,0,40.0649
0,177,19,0,0,40.0632
0,178,19,0,0,40.0616
0,179,19,0,0,40.0601
0,180,19,0,0,40.0586
0,181,19,0,0,40.0572
0,182,19,0,0,40.0559
0,183,19,0,0,40.0546
0,184,19,0,0,40.0533
0,185,19,0,0,40.0521
0,186,19,0,0,40.0509
0,187,19,0,0,40.0498
0,188,19,0,0,40.0488
0,189,19,0,0,40.0478
0,190,19,0,0,40.0468
0,191,19,0,0,40.0459
0,192,19,0,6.09525e-06,40.0451
0,193,19,0,0,40.0437
0,194,19,0,0,40.0425
0,195,19,0,0,40.0412
0,196,19,0,0,40.04
0,197,19,0,0,40.0389
0,198,19,0,0,40.0378
0,199,19,0,0,40.0367
0,200,19,0,0,40.0357
0,201,19,0,0,40.0346
0,202,19,0,0,40.0337
0,203,19,0,0,40.0327
0,204,19,0,0,40.0318
0,205,19,0,0,40.0309
0,206,19,0,0,40.0301
0,207,19,0,0,40.0293
0,208,19,0,0,40.0285
0,209,19,0,0,40.0277
0,210,19,0,0,40.027
0,211,19,0,0,40.0263
0,212,19,0,0,40.0256
0,213,19,0,0,40.0249
0,214,19,0,0,40.0243
0,215,19,0,0,40.0236
0,216,19,0,0,40.023
0,217,19,0,0,40.0225
0,218,19,0,0,40.0219
0,219,19,0,0,40.0214
0,220,19,0,0,40.0209
0,221,19,0,0,40.0204
0,222,19,0,0,40.0199
0,223,19,0,0,40.0194
0,224,19,0,0,40.019
0,225,19,0,0,40.0186
0,226,19,0,0,40.0182
0,227,19,0,0,40.0178
0,228,19,0,0,40.0174
0,229,19,0,0,40.017
0,230,19,0,0,40.0167
0,231,19,0,0,40.0164
0,232,19,0,0,40.0161
0,233,19,0,0,40.0158
0,234,19,0,0,40.0155
0,235,19,0,0,40.0152
0,236,19,0,0,40.015
0,237,19,0,0,40.0147
0,238,19,0,0,40.0145
0,239,19,0,0,40.0143
0,240,19,0,0,40.0141
0,241,19,0,0,40.0139
0,242,19,0,0,40.0137
0,243,19,0,0,40.0136
0,244,19,0,0,40.0134
0,245,19,0,0,40.0133
0,246,19,0,0,40.0131
0,247,19,0,0,40.013
0,248,19,0,0,40.0129
0,249,19,0,0,40.0128
0,250,19,0,0,40.0128
0,251,19,0,0,40.0127
0,252,19,0,0,40.0126
0,253,19,0,0,40.0126
0,254,19,0,0,40.0126
0,255,19,0,0,40.0125
0,0,20,0,6.09525e-06,49.3861
0,1,20,0,0,49.3585
0,2,20,0,0,49.3176
0,3,20,0,0,49.2638
0,4,20,0,0,49.1975
0,5,20,0,0,49.1193
0,6,20,0,0,49.0299
0,7,20,0,0,48.9298
0,8,20,0,0,48.82
0,9,20,0,0,48.7011
0,10,20,0,0,48.574
0,11,20,0,0,48.4395
0,12,20,0,0,48.2984
0,13,20,0,0,48.1516
0,14,20,0,0,47.9998
0,15,20,0,0,47.8439
0,16,20,0,0,47.6846
0,17,20,0,0,47.5225
0,18,20,0,0,47.3584
0,19,20,0,0,47.1928
0,20,20,0,0,47.0264
0,21,20,0,0,46.8596
0,22,20,0,0,46.6929
0,23,20,0,0,46.5268
0,24,20,0,0,46.3617
0,25,20,0,0,46.1979
0,26,20,0,0,46.0357
0,27,20,0,0,45.8754
0,28,20,0,0,45.7172
0,29,20,0,0,45.5613
0,30,20,0,0,45.408
0,31,20,0,0,45.2574
0,32,20,0,0,45.1095
0,33,20,0,0,44.9646
0,34,20,0,0,44.8226
0,35,20,0,0,44.6837
0,36,20,0,0,44.5478
0,37,20,0,0,44.4151
0,38,20,0,0,44.2855
0,39,20,0,0,44.1591
0,40,20,0,0,44.0358
0,41,20,0,0,43.9157
0,42,20,0,0,43.7986
0,43,20,0,0,43.6847
0,44,20,0,0,43.5738
0,45,20,0,0,43.4659
0,46,20,0,0,43.3609
0,47,20,0,0,43.2589
0,48,20,0,0,43.1598
0,49,20,0,0,43.0635
0,50,20,0,0,42.9699
0,51,20,0,0,42.8791
0,52,20,0,0,42.7909
0,53,20,0,0,42.7053
0,54,20,0,0,42.6222
0,55,20,0,0,42.5416
0,56,20,0,0,42.4634
0,57,20,0,0,42.3875
0,58,20,0,0,42.314
0,59,20,0,0,42.2427
0,60,20,0,0,42.1735
0,61,20,0,0,42.1065
0,62,20,0,0,42.0415
0,63,20,0,0,41.9785
0,64,20,0,6.09525e-06,41.9175
0,65,20,0,0,41.8578
0,66,20,0,0,41.8
0,67,20,0,0,41.744
0,68,20,0,0,41.6897
0,69,20,0,0,41.6371
0,70,20,0,0,41.5861
0,71,20,0,0,41.5367
0,72,20,0,0,41.4889
0,73,20,0,0,41.4425
0,74,20,0,0,41.3976
0,75,20,0,0,41.3541
0,76,20,0,0,41.312
0,77,20,0,0,41.2712
0,78,20,0,0,41.2316
0,79,20,0,0,41.1933
0,80,20,0,0,41.1562
0,81,20,0,0,41.1203
0,82,20,0,0,41.0854
0,83,20,0,0,41.0517
0,84,20,0,0,41.0191
0,85,20,0,0,40.9875
0,86,20,0,0,40.9568
0,87,20,0,0,40.9272
0,88,20,0,0,40.8984
0,89,20,0,0,40.8706
0,90,20,0,0,40.8437
0,91,20,0,0,40.8176
0,92,20,0,0,40.7923
0,93,20,0,0,40.7678
0,94,20,0,0,40.7441
0,95,20,0,0,40.7212
0,96,20,0,0,40.6989
0,97,20,0,0,40.6774
0,98,20,0,0,40.6566
0,99,20,0,0,40.6364
0,100,20,0,0,40.6169
0,101,20,0,0,40.5979
0,102,20,0,0,40.5796
0,103,20,0,0,40.5619
0,104,20,0,0,40.5447
0,105,20,0,0,40.5281
0,106,20,0,0,40.512
0,107,20,0,0,40.4964
0,108,20,0,0,40.4813
0,109,20,0,0,40.4667
0,110,20,0,0,40.4525
0,111,20,0,0,40.4389
0,112,20,0,0,40.4256
0,113,20,0,0,40.4128
0,114,20,0,0,40.4004
0,115,20,0,0,40.3883
0,116,20,0,0,40.3767
0,117,20,0,0,40.3654
0,118,20,0,0,40.3546
0,119,20,0,0,40.344
0,120,20,0,0,40.3338
0,121,20,0,0,40.324
0,122,20,0,0,40.3144
0,123,20,0,0,40.3052
0,124,20,0,0,40.2963
0,125,20,0,0,40.2876
0,126,20,0,0,40.2793
0,127,20,0,0,40.2712
0,128,20,0,6.09525e-06,40.2634
0,129,20,0,0,40.2554
0,130,20,0,0,40.2476
0,131,20,0,0,40.2401
0,132,20,0,0,40.2328
0,133,20,0,0,40.2257
0,134,20,0,0,40.2188
0,135,20,0,0,40.2122
0,136,20,0,0,40.2058
0,137,20,0,0,40.1996
0,138,20,0,0,40.1935
0,139,20,0,0,40.1877
0,140,20,0,0,40.1821
0,141,20,0,0,40.1766
0,142,20,0,0,40.1713
0,143,20,0,0,40.1662
0,144,20,0,0,40.1612
0,145,20,0,0,40.1564
0,146,20,0,0,40.1517
0,147,20,0,0,40.1472
0,148,20,0,0,40.1429
0,149,20,0,0,40.1386
0,150,20,0,0,40.1345
0,151,20,0,0,40.1306
0,152,20,0,0,40.1268
0,153,20,0,0,40.123
0,154,20,0,0,40.1194
0,155,20,0,0,40.116
0,156,20,0,0,40.1126
0,157,20,0,0,40.1093
0,158,20,0,0,40.1062
0,159,20,0,0,40.1032
0,160,20,0,0,40.1002
0,161,20,0,0,40.0973
0,162,20,0,0,40.0946
0,163,20,0,0,40.0919
0,164,20,0,0,40.0893
0,165,20,0,0,40.0868
0,166,20,0,0,40.0844
0,167,20,0,0,40.0821
0,168,20,0,0,40.0799
0,169,20,0,0,40.0777
0,170,20,0,0,40.0756
0,171,20,0,0,40.0735
0,172,20,0,0,40.0716
0,173,20,0,0,40.0697
0,174,20,0,0,40.0679
0,175,20,0,0,40.0661
0,176,20,0,0,40.0644
0,177,20,0,0,40.0628
0,178,20,0,0,40.0612
0,179,20,0,0,40.0597
0,180,20,0,0,40.0582
0,181,20,0,0,40.0568
0,182,20,0,0,40.0555
0,183,20,0,0,40.0542
0,184,20,0,0,40.053
0,185,20,0,0,40.0518
0,186,20,0,0,40.0506
0,187,20,0,0,40.0496
0,188,20,0,0,40.0485
0,189,20,0,0,40.0475
0,190,20,0,0,40.0466
0,191,20,0,0,40.0457
0,192,20,0,6.09525e-06,40.0448
0,193,20,0,0,40.0435
0,194,20,0,0,40.0422
0,195,20,0,0,40.041
0,196,20,0,0,40.0398
0,197,20,0,0,40.0387
0,198,20,0,0,40.0376
0,199,20,0,0,40.0365
0,200,20,0,0,40.0355
0,201,20,0,0,40.0345
0,202,20,0,0,40.0335
0,203,20,0,0,40.0326
0,204,20,0,0,40.0317
0,205,20,0,0,40.0308
0,206,20,0,0,40.0299
0,207,20,0,0,40.0291
0,208,20,0,0,40.0283
0,209,20,0,0,40.0276
0,210,20,0,0,40.0268
0,211,20,0,0,40.0261
0,212,20,0,0,40.0254
0,213,20,0,0,40.0248
0,214,20,0,0,40.0241
0,215,20,0,0,40.0235
0,216,20,0,0,40.0229
0,217,20,0,0,40.0224
0,218,20,0,0,40.0218
0,219,20,0,0,40.0213
0,220,20,0,0,40.0208
0,221,20,0,0,40.0203
0,222,20,0,0,40.0198
0,223,20,0,0,40.0193
0,224,20,0,0,40.0189
0,225,20,0,0,40.0185
0,226,20,0,0,40.0181
0,227,20,0,0,40.0177
0,228,20,0,0,40.0173
0,229,20,0,0,40.017
0,230,20,0,0,40.0166
0,231,20,0,0,40.0163
0,232,20,0,0,40.016
0,233,20,0,0,40.0157
0,234,20,0,0,40.0154
0,235,20,0,0,40.0152
0,236,20,0,0,40.0149
0,237,20,0,0,40.0147
0,238,20,0,0,40.0144
0,239,20,0,0,40.0142
0,240,20,0,0,40.014
0,241,20,0,0,40.0138
0,242,20,0,0,40.0137
0,243,20,0,0,40.0135
0,244,20,0,0,40.0134
0,245,20,0,0,40.0132
0,246,20,0,0,40.0131
0,247,20,0,0,40.013
0,248,20,0,0,40.0129
0,249,20,0,0,40.0128
0,250,20,0,0,40.0127
0,251,20,0,0,40.0126
0,252,20,0,0,40.0126
0,253,20,0,0,40.0125
0,254,20,0,0,40.0125
0,255,20,0,0,40.0125
0,0,21,0,6.09525e-06,48.8179
0,1,21,0,0,48.7934
0,2,21,0,0,48.7572
0,3,21,0,0,48.7095
0,4,21,0,0,48.6508
0,5,21,0,0,48.5814
0,6,21,0,0,48.5019
0,7,21,0,0,48.4129
0,8,21,0,0,48.315
0,9,21,0,0,48.2089
0,10,21,0,0,48.0952
0,11,21,0,0,47.9746
0,12,21,0,0,47.8479
0,13,21,0,0,47.7158
0,14,21,0,0,47.5789
0,15,21,0,0,47.4379
0,16,21,0,0,47.2935
0,17,21,0,0,47.1464
0,18,21,0,0,46.997
0,19,21,0,0,46.8459
0,20,21,0,0,46.6937
0,21,21,0,0,46.5409
0,22,21,0,0,46.3878
0,23,21,0,0,46.2349
0,24,21,0,0,46.0826
0,25,21,0,0,45.9312
0,26,21,0,0,45.7809
0,27,21,0,0,45.6322
0,28,21,0,0,45.4851
0,29,21,0,0,45.3399
0,30,21,0,0,45.1969
0,31,21,0,0,45.056
0,32,21,0,0,44.9176
0,33,21,0,0,44.7816
0,34,21,0,0,44.6482
0,35,21,0,0,44.5175
0,36,21,0,0,44.3895
0,37,21,0,0,44.2642
0,38,21,0,0,44.1418
0,39,21,0,0,44.0221
0,40,21,0,0,43.9053
0,41,21,0,0,43.7913
0,42,21,0,0,43.6801
0,43,21,0,0,43.5717
0,44,21,0,0,43.4662
0,45,21,0,0,43.3633
0,46,21,0,0,43.2632
0,47,21,0,0,43.1658
0,48,21,0,0,43.071
0,49,21,0,0,42.9788
0,50,21,0,0,42.8892
0,51,21,0,0,42.8021
0,52,21,0,0,42.7174
0,53,21,0,0,42.6352
0,54,21,0,0,42.5553
0,55,21,0,0,42.4778
0,56,21,0,0,42.4025
0,57,21,0,0,42.3294
0,58,21,0,0,42.2585
0,59,21,0,0,42.1897
0,60,21,0,0,42.1229
0,61,21,0,0,42.0582
0,62,21,0,0,41.9954
0,63,21,0,0,41.9344
0,64,21,0,6.09525e-06,41.8754
0,65,21,0,0,41.8176
0,66,21,0,0,41.7616
0,67,21,0,0,41.7073
0,68,21,0,0,41.6546
0,69,21,0,0,41.6035
0,70,21,0,0,41.554
0,71,21,0,0,41.506
0,72,21,0,0,41.4595
0,73,21,0,0,41.4145
0,74,21,0,0,41.3708
0,75,21,0,0,41.3284
0,76,21,0,0,41.2874
0,77,21,0,0,41.2476
0,78,21,0,0,41.2091
0,79,21,0,0,41.1717
0,80,21,0,0,41.1356
0,81,21,0,0,41.1005
0,82,21,0,0,41.0665
0,83,21,0,0,41.0336
0,84,21,0,0,41.0017
0,85,21,0,0,40.9708
0,86,21,0,0,40.9409
0,87,21,0,0,40.9119
0,88,21,0,0,40.8838
0,89,21,0,0,40.8566
0,90,21,0,0,40.8302
0,91,21,0,0,40.8047
0,92,21,0,0,40.7799
0,93,21,0,0,40.756
0,94,21,0,0,40.7328
0,95,21,0,0,40.7103
0,96,21,0,0,40.6885
0,97,21,0,0,40.6674
0,98,21,0,0,40.647
0,99,21,0,0,40.6272
0,100,21,0,0,40.608
0,101,21,0,0,40.5895
0,102,21,0,0,40.5715
0,103,21,0,0,40.5541
0,104,21,0,0,40.5372
0,105,21,0,0,40.5209
0,106,21,0,0,40.5051
0,107,21,0,0,40.4898
0,108,21,0,0,40.4749
0,109,21,0,0,40.4606
0,110,21,0,0,40.4467
0,111,21,0,0,40.4332
0,112,21,0,0,40.4202
0,113,21,0,0,40.4076
0,114,21,0,0,40.3954
0,115,21,0,0,40.3835
0,116,21,0,0,40.3721
0,117,21,0,0,40.361
0,118,21,0,0,40.3503
0,119,21,0,0,40.3399
0,120,21,0,0,40.3299
0,121,21,0,0,40.3202
0,122,21,0,0,40.3108
0,123,21,0,0,40.3017
0,124,21,0,0,40.2929
0,125,21,0,0,40.2844
0,126,21,0,0,40.2762
0,127,21,0,0,40.2682
0,128,21,0,6.09525e-06,40.2606
0,129,21,0,0,40.2526
0,130,21,0,0,40.2449
0,131,21,0,0,40.2375
0,132,21,0,0,40.2303
0,133,21,0,0,40.2233
0,134,21,0,0,40.2166
0,135,21,0,0,40.21
0,136,21,0,0,40.2037
0,137,21,0,0,40.1976
0,138,21,0,0,40.1916
0,139,21,0,0,40.1858
0,140,21,0,0,40.1803
0,141,21,0,0,40.1749
0,142,21,0,0,40.1696
0,143,21,0,0,40.1646
0,144,21,0,0,40.1597
0,145,21,0,0,40.1549
0,146,21,0,0,40.1503
0,147,21,0,0,40.1459
0,148,21,0,0,40.1415
0,149,21,0,0,40.1374
0,150,21,0,0,40.1333
0,151,21,0,0,40.1294
0,152,21,0,0,40.1256
0,153,21,0,0,40.1219
0,154,21,0,0,40.1184
0,155,21,0,0,40.115
0,156,21,0,0,40.1116
0,157,21,0,0,40.1084
0,158,21,0,0,40.1053
0,159,21,0,0,40.1023
0,160,21,0,0,40.0994
0,161,21,0,0,40.0965
0,162,21,0,0,40.0938
0,163,21,0,0,40.0912
0,164,21,0,0,40.0886
0,165,21,0,0,40.0861
0,166,21,0,0,40.0838
0,167,21,0,0,40.0815
0,168,21,0,0,40.0792
0,169,21,0,0,40.0771
0,170,21,0,0,40.075
0,171,21,0,0,40.073
0,172,21,0,0,40.0711
0,173,21,0,0,40.0692
0,174,21,0,0,40.0674
0,175,21,0,0,40.0656
0,176,21,0,0,40.064
0,177,21,0,0,40.0623
0,178,21,0,0,40.0608
0,179,21,0,0,40.0593
0,180,21,0,0,40.0578
0,181,21,0,0,40.0565
0,182,21,0,0,40.0551
0,183,21,0,0,40.0539
0,184,21,0,0,40.0526
0,185,21,0,0,40.0514
0,186,21,0,0,40.0503
0,187,21,0,0,40.0492
0,188,21,0,0,40.0482
0,189,21,0,0,40.0472
0,190,21,0,0,40.0463
0,191,21,0,0,40.0454
0,192,21,0,6.09525e-06,40.0446
0,193,21,0,0,40.0433
0,194,21,0,0,40.042
0,195,21,0,0,40.0408
0,196,21,0,0,40.0396
0,197,21,0,0,40.0385
0,198,21,0,0,40.0374
0,199,21,0,0,40.0363
0,200,21,0,0,40.0353
0,201,21,0,0,40.0343
0,202,21,0,0,40.0333
0,203,21,0,0,40.0324
0,204,21,0,0,40.0315
0,205,21,0,0,40.0306
0,206,21,0,0,40.0298
0,207,21,0,0,40.029
0,208,21,0,0,40.0282
0,209,21,0,0,40.0274
0,210,21,0,0,40.0267
0,211,21,0,0,40.026
0,212,21,0,0,40.0253
0,213,21,0,0,40.0247
0,214,21,0,0,40.024
0,215,21,0,0,40.0234
0,216,21,0,0,40.0228
0,217,21,0,0,40.0222
0,218,21,0,0,40.0217
0,219,21,0,0,40.0212
0,220,21,0,0,40.0207
0,221,21,0,0,40.0202
0,222,21,0,0,40.0197
0,223,21,0,0,40.0192
0,224,21,0,0,40.0188
0,225,21,0,0,40.0184
0,226,21,0,0,40.018
0,227,21,0,0,40.0176
0,228,21,0,0,40.0172
0,229,21,0,0,40.0169
0,230,21,0,0,40.0166
0,231,21,0,0,40.0162
0,232,21,0,0,40.0159
0,233,21,0,0,40.0156
0,234,21,0,0,40.0154
0,235,21,0,0,40.0151
0,236,21,0,0,40.0148
0,237,21,0,0,40.0146
0,238,21,0,0,40.0144
0,239,21,0,0,40.0142
0,240,21,0,0,40.014
0,241,21,0,0,40.0138
0,242,21,0,0,40.0136
0,243,21,0,0,40.0134
0,244,21,0,0,40.0133
0,245,21,0,0,40.0132
0,246,21,0,0,40.013
0,247,21,0,0,40.0129
0,248,21,0,0,40.0128
0,249,21,0,0,40.0127
0,250,21,0,0,40.0126
0,251,21,0,0,40.0126
0,252,21,0,0,40.0125
0,253,21,0,0,40.0125
0,254,21,0,0,40.0124
0,255,21,0,0,40.0124
0,0,22,0,6.09525e-06,48.291
0,1,22,0,0,48.2693
0,2,22,0,0,48.2371
0,3,22,0,0,48.1947
0,4,22,0,0,48.1424
0,5,22,0,0,48.0807
0,6,22,0,0,48.0098
0,7,22,0,0,47.9304
0,8,22,0,0,47.8428
0,9,22,0,0,47.7478
0,10,22,0,0,47.6458
0,11,22,0,0,47.5375
0,12,22,0,0,47.4235
0,13,22,0,0,47.3043
0,14,22,0,0,47.1806
0,15,22,0,0,47.053
0,16,22,0,0,46.922
0,17,22,0,0,46.7882
0,18,22,0,0,46.6521
0,19,22,0,0,46.5142
0,20,22,0,0,46.3749
0,21,22,0,0,46.2348
0,22,22,0,0,46.0942
0,23,22,0,0,45.9534
0,24,22,0,0,45.813
0,25,22,0,0,45.673
0,26,22,0,0,45.5339
0,27,22,0,0,45.3959
0,28,22,0,0,45.2592
0,29,22,0,0,45.1241
0,30,22,0,0,44.9906
0,31,22,0,0,44.859
0,32,22,0,0,44.7295
0,33,22,0,0,44.602
0,34,22,0,0,44.4768
0,35,22,0,0,44.3539
0,36,22,0,0,44.2334
0,37,22,0,0,44.1153
0,38,22,0,0,43.9996
0,39,22,0,0,43.8865
0,40,22,0,0,43.7759
0,41,22,0,0,43.6679
0,42,22,0,0,43.5624
0,43,22,0,0,43.4594
0,44,22,0,0,43.359
0,45,22,0,0,43.2611
0,46,22,0,0,43.1656
0,47,22,0,0,43.0727
0,48,22,0,0,42.9821
0,49,22,0,0,42.894
0,50,22,0,0,42.8083
0,51,22,0,0,42.7248
0,52,22,0,0,42.6437
0,53,22,0,0,42.5648
0,54,22,0,0,42.4881
0,55,22,0,0,42.4136
0,56,22,0,0,42.3412
0,57,22,0,0,42.2709
0,58,22,0,0,42.2026
0,59,22,0,0,42.1363
0,60,22,0,0,42.0719
0,61,22,0,0,42.0094
0,62,22,0,0,41.9487
0,63,22,0,0,41.8899
0,64,22,0,6.09525e-06,41.8328
0,65,22,0,0,41.7769
0,66,22,0,0,41.7227
0,67,22,0,0,41.67
0,68,22,0,0,41.619
0,69,22,0,0,41.5695
0,70,22,0,0,41.5215
0,71,22,0,0,41.4749
0,72,22,0,0,41.4297
0,73,22,0,0,41.3859
0,74,22,0,0,41.3435
0,75,22,0,0,41.3023
0,76,22,0,0,41.2624
0,77,22,0,0,41.2237
0,78,22,0,0,41.1861
0,79,22,0,0,41.1498
0,80,22,0,0,41.1145
0,81,22,0,0,41.0803
0,82,22,0,0,41.0472
0,83,22,0,0,41.0151
0,84,22,0,0,40.984
0,85,22,0,0,40.9538
0,86,22,0,0,40.9246
0,87,22,0,0,40.8963
0,88,22,0,0,40.8689
0,89,22,0,0,40.8423
0,90,22,0,0,40.8165
0,91,22,0,0,40.7915
0,92,22,0,0,40.7673
0,93,22,0,0,40.7439
0,94,22,0,0,40.7212
0,95,22,0,0,40.6991
0,96,22,0,0,40.6778
0,97,22,0,0,40.6572
0,98,22,0,0,40.6371
0,99,22,0,0,40.6178
0,100,22,0,0,40.599
0,101,22,0,0,40.5808
0,102,22,0,0,40.5631
0,103,22,0,0,40.5461
0,104,22,0,0,40.5295
0,105,22,0,0,40.5135
0,106,22,0,0,40.498
0,107,22,0,0,40.483
0,108,22,0,0,40.4684
0,109,22,0,0,40.4543
0,110,22,0,0,40.4406
0,111,22,0,0,40.4274
0,112,22,0,0,40.4146
0,113,22,0,0,40.4022
0,114,22,0,0,40.3902
0,115,22,0,0,40.3786
0,116,22,0,0,40.3674
0,117,22,0,0,40.3565
0,118,22,0,0,40.3459
0,119,22,0,0,40.3357
0,120,22,0,0,40.3259
0,121,22,0,0,40.3163
0,122,22,0,0,40.3071
0,123,22,0,0,40.2981
0,124,22,0,0,40.2895
0,125,22,0,0,40.2811
0,126,22,0,0,40.273
0,127,22,0,0,40.2652
0,128,22,0,6.09525e-06,40.2576
0,129,22,0,0,40.2498
0,130,22,0,0,40.2422
0,131,22,0,0,40.2349
0,132,22,0,0,40.2278
0,133,22,0,0,40.2209
0,134,22,0,0,40.2142
0,135,22,0,0,40.2078
0,136,22,0,0,40.2015
0,137,22,0,0,40.1955
0,138,22,0,0,40.1896
0,139,22,0,0,40.1839
0,140,22,0,0,40.1784
0,141,22,0,0,40.1731
0,142,22,0,0,40.1679
0,143,22,0,0,40.1629
0,144,22,0,0,40.1581
0,145,22,0,0,40.1534
0,146,22,0,0,40.1488
0,147,22,0,0,40.1444
0,148,22,0,0,40.1402
0,149,22,0,0,40.1361
0,150,22,0,0,40.1321
0,151,22,0,0,40.1282
0,152,22,0,0,40.1244
0,153,22,0,0,40.1208
0,154,22,0,0,40.1173
0,155,22,0,0,40.1139
0,156,22,0,0,40.1106
0,157,22,0,0,40.1074
0,158,22,0,0,40.1044
0,159,22,0,0,40.1014
0,160,22,0,0,40.0985
0,161,22,0,0,40.0957
0,162,22,0,0,40.093
0,163,22,0,0,40.0904
0,164,22,0,0,40.0879
0,165,22,0,0,40.0854
0,166,22,0,0,40.0831
0,167,22,0,0,40.0808
0,168,22,0,0,40.0786
0,169,22,0,0,40.0765
0,170,22,0,0,40.0744
0,171,22,0,0,40.0724
0,172,22,0,0,40.0705
0,173,22,0,0,40.0686
0,174,22,0,0,40.0669
0,175,22,0,0,40.0651
0,176,22,0,0,40.0635
0,177,22,0,0,40.0619
0,178,22,0,0,40.0603
0,179,22,0,0,40.0589
0,180,22,0,0,40.0574
0,181,22,0,0,40.0561
0,182,22,0,0,40.0547
0,183,22,0,0,40.0535
0,184,22,0,0,40.0523
0,185,22,0,0,40.0511
0,186,22,0,0,40.05
0,187,22,0,0,40.0489
0,188,22,0,0,40.0479
0,189,22,0,0,40.0469
0,190,22,0,0,40.046
0,191,22,0,0,40.0451
0,192,22,0,6.09525e-06,40.0443
0,193,22,0,0,40.043
0,194,22,0,0,40.0418
0,195,22,0,0,40.0405
0,196,22,0,0,40.0394
0,197,22,0,0,40.0382
0,198,22,0,0,40.0372
0,199,22,0,0,40.0361
0,200,22,0,0,40.0351
0,201,22,0,0,40.0341
0,202,22,0,0,40.0331
0,203,22,0,0,40.0322
0,204,22,0,0,40.0313
0,205,22,0,0,40.0305
0,206,22,0,0,40.0296
0,207,22,0,0,40.0288
0,208,22,0,0,40.028
0,209,22,0,0,40.0273
0,210,22,0,0,40.0266
0,211,22,0,0,40.0259
0,212,22,0,0,40.0252
0,213,22,0,0,40.0245
0,214,22,0,0,40.0239
0,215,22,0,0,40.0233
0,216,22,0,0,40.0227
0,217,22,0,0,40.0221
0,218,22,0,0,40.0216
0,219,22,0,0,40.0211
0,220,22,0,0,40.0206
0,221,22,0,0,40.0201
0,222,22,0,0,40.0196
0,223,22,0,0,40.0192
0,224,22,0,0,40.0187
0,225,22,0,0,40.0183
0,226,22,0,0,40.0179
0,227,22,0,0,40.0175
0,228,22,0,0,40.0172
0,229,22,0,0,40.0168
0,230,22,0,0,40.0165
0,231,22,0,0,40.0162
0,232,22,0,0,40.0158
0,233,22,0,0,40.0156
0,234,22,0,0,40.0153
0,235,22,0,0,40.015
0,236,22,0,0,40.0148
0,237,22,0,0,40.0145
0,238,22,0,0,40.0143
0,239,22,0,0,40.0141
0,240,22,0,0,40.0139
0,241,22,0,0,40.0137
0,242,22,0,0,40.0135
0,243,22,0,0,40.0134
0,244,22,0,0,40.0132
0,245,22,0,0,40.0131
0,246,22,0,0,40.013
0,247,22,0,0,40.0129
0,248,22,0,0,40.0128
0,249,22,0,0,40.0127
0,250,22,0,0,40.0126
0,251,22,0,0,40.0125
0,252,22,0,0,40.0125
0,253,22,0,0,40.0124
0,254,22,0,0,40.0124
0,255,22,0,0,40.0124
0,0,23,0,6.09525e-06,47.8017
0,1,23,0,0,47.7822
0,2,23,0,0,47.7535
0,3,23,0,0,47.7157
0,4,23,0,0,47.6691
0,5,23,0,0,47.6139
0,6,23,0,0,47.5505
0,7,23,0,0,47.4794
0,8,23,0,0,47.401
0,9,23,0,0,47.3157
0,10,23,0,0,47.224
0,11,23,0,0,47.1265
0,12,23,0,0,47.0237
0,13,23,0,0,46.916
0,14,23,0,0,46.8041
0,15,23,0,0,46.6883
0,16,23,0,0,46.5693
0,17,23,0,0,46.4475
0,18,23,0,0,46.3234
0,19,23,0,0,46.1974
0,20,23,0,0,46.0699
0,21,23,0,0,45.9413
0,22,23,0,0,45.8121
0,23,23,0,0,45.6825
0,24,23,0,0,45.5529
0,25,23,0,0,45.4236
0,26,23,0,0,45.2948
0,27,23,0,0,45.1668
0,28,23,0,0,45.0398
0,29,23,0,0,44.914
0,30,23,0,0,44.7896
0,31,23,0,0,44.6667
0,32,23,0,0,44.5456
0,33,23,0,0,44.4262
0,34,23,0,0,44.3087
0,35,23,0,0,44.1933
0,36,23,0,0,44.0799
0,37,23,0,0,43.9686
0,38,23,0,0,43.8595
0,39,23,0,0,43.7527
0,40,23,0,0,43.6481
0,41,23,0,0,43.5458
0,42,23,0,0,43.4458
0,43,23,0,0,43.348
0,44,23,0,0,43.2526
0,45,23,0,0,43.1595
0,46,23,0,0,43.0686
0,47,23,0,0,42.98
0,48,23,0,0,42.8936
0,49,23,0,0,42.8094
0,50,23,0,0,42.7275
0,51,23,0,0,42.6476
0,52,23,0,0,42.5699
0,53,23,0,0,42.4943
0,54,23,0,0,42.4208
0,55,23,0,0,42.3493
0,56,23,0,0,42.2797
0,57,23,0,0,42.2121
0,58,23,0,0,42.1464
0,59,23,0,0,42.0826
0,60,23,0,0,42.0205
0,61,23,0,0,41.9603
0,62,23,0,0,41.9018
0,63,23,0,0,41.845
0,64,23,0,6.09525e-06,41.7898
0,65,23,0,0,41.7358
0,66,23,0,0,41.6833
0,67,23,0,0,41.6324
0,68,23,0,0,41.583
0,69,23,0,0,41.535
0,70,23,0,0,41.4885
0,71,23,0,0,41.4433
0,72,23,0,0,41.3995
0,73,23,0,0,41.357
0,74,23,0,0,41.3158
0,75,23,0,0,41.2758
0,76,23,0,0,41.237
0,77,23,0,0,41.1993
0,78,23,0,0,41.1629
0,79,23,0,0,41.1275
0,80,23,0,0,41.0931
0,81,23,0,0,41.0599
0,82,23,0,0,41.0276
0,83,23,0,0,40.9963
0,84,23,0,0,40.966
0,85,23,0,0,40.9366
0,86,23,0,0,40.9081
0,87,23,0,0,40.8804
0,88,23,0,0,40.8536
0,89,23,0,0,40.8277
0,90,23,0,0,40.8025
0,91,23,0,0,40.7781
0,92,23,0,0,40.7544
0,93,23,0,0,40.7315
0,94,23,0,0,40.7093
0,95,23,0,0,40.6878
0,96,23,0,0,40.6669
0,97,23,0,0,40.6467
0,98,23,0,0,40.6271
0,99,23,0,0,40.6081
0,100,23,0,0,40.5897
0,101,23,0,0,40.5719
0,102,23,0,0,40.5546
0,103,23,0,0,40.5379
0,104,23,0,0,40.5217
0,105,23,0,0,40.5059
0,106,23,0,0,40.4907
0,107,23,0,0,40.476
0,108,23,0,0,40.4617
0,109,23,0,0,40.4479
0,110,23,0,0,40.4345
0,111,23,0,0,40.4215
0,112,23,0,0,40.4089
0,113,23,0,0,40.3968
0,114,23,0,0,40.385
0,115,23,0,0,40.3736
0,116,23,0,0,40.3625
0,117,23,0,0,40.3518
0,118,23,0,0,40.3414
0,119,23,0,0,40.3314
0,120,23,0,0,40.3217
0,121,23,0,0,40.3123
0,122,23,0,0,40.3032
0,123,23,0,0,40.2944
0,124,23,0,0,40.2859
0,125,23,0,0,40.2777
0,126,23,0,0,40.2697
0,127,23,0,0,40.262
0,128,23,0,6.09525e-06,40.2546
0,129,23,0,0,40.2469
0,130,23,0,0,40.2394
0,131,23,0,0,40.2322
0,132,23,0,0,40.2252
0,133,23,0,0,40.2184
0,134,23,0,0,40.2118
0,135,23,0,0,40.2055
0,136,23,0,0,40.1993
0,137,23,0,0,40.1933
0,138,23,0,0,40.1875
0,139,23,0,0,40.1819
0,140,23,0,0,40.1765
0,141,23,0,0,40.1713
0,142,23,0,0,40.1662
0,143,23,0,0,40.1612
0,144,23,0,0,40.1564
0,145,23,0,0,40.1518
0,146,23,0,0,40.1473
0,147,23,0,0,40.143
0,148,23,0,0,40.1388
0,149,23,0,0,40.1347
0,150,23,0,0,40.1308
0,151,23,0,0,40.1269
0,152,23,0,0,40.1232
0,153,23,0,0,40.1197
0,154,23,0,0,40.1162
0,155,23,0,0,40.1128
0,156,23,0,0,40.1096
0,157,23,0,0,40.1064
0,158,23,0,0,40.1034
0,159,23,0,0,40.1004
0,160,23,0,0,40.0976
0,161,23,0,0,40.0948
0,162,23,0,0,40.0922
0,163,23,0,0,40.0896
0,164,23,0,0,40.0871
0,165,23,0,0,40.0847
0,166,23,0,0,40.0824
0,167,23,0,0,40.0801
0,168,23,0,0,40.0779
0,169,23,0,0,40.0758
0,170,23,0,0,40.0738
0,171,23,0,0,40.0718
0,172,23,0,0,40.0699
0,173,23,0,0,40.0681
0,174,23,0,0,40.0663
0,175,23,0,0,40.0646
0,176,23,0,0,40.063
0,177,23,0,0,40.0614
0,178,23,0,0,40.0599
0,179,23,0,0,40.0584
0,180,23,0,0,40.057
0,181,23,0,0,40.0557
0,182,23,0,0,40.0544
0,183,23,0,0,40.0531
0,184,23,0,0,40.0519
0,185,23,0,0,40.0508
0,186,23,0,0,40.0496
0,187,23,0,0,40.0486
0,188,23,0,0,40.0476
0,189,23,0,0,40.0466
0,190,23,0,0,40.0457
0,191,23,0,0,40.0448
0,192,23,0,6.09525e-06,40.044
0,193,23,0,0,40.0427
0,194,23,0,0,40.0415
0,195,23,0,0,40.0403
0,196,23,0,0,40.0391
0,197,23,0,0,40.038
0,198,23,0,0,40.0369
0,199,23,0,0,40.0359
0,200,23,0,0,40.0349
0,201,23,0,0,40.0339
0,202,23,0,0,40.0329
0,203,23,0,0,40.032
0,204,23,0,0,40.0311
0,205,23,0,0,40.0303
0,206,23,0,0,40.0294
0,207,23,0,0,40.0286
0,208,23,0,0,40.0279
0,209,23,0,0,40.0271
0,210,23,0,0,40.0264
0,211,23,0,0,40.0257
0,212,23,0,0,40.025
0,213,23,0,0,40.0244
0,214,23,0,0,40.0238
0,215,23,0,0,40.0232
0,216,23,0,0,40.0226
0,217,23,0,0,40.022
0,218,23,0,0,40.0215
0,219,23,0,0,40.021
0,220,23,0,0,40.0205
0,221,23,0,0,40.02
0,222,23,0,0,40.0195
0,223,23,0,0,40.0191
0,224,23,0,0,40.0186
0,225,23,0,0,40.0182
0,226,23,0,0,40.0178
0,227,23,0,0,40.0174
0,228,23,0,0,40.0171
0,229,23,0,0,40.0167
0,230,23,0,0,40.0164
0,231,23,0,0,40.0161
0,232,23,0,0,40.0158
0,233,23,0,0,40.0155
0,234,23,0,0,40.0152
0,235,23,0,0,40.0149
0,236,23,0,0,40.0147
0,237,23,0,0,40.0145
0,238,23,0,0,40.0142
0,239,23,0,0,40.014
0,240,23,0,0,40.0138
0,241,23,0,0,40.0137
0,242,23,0,0,40.0135
0,243,23,0,0,40.0133
0,244,23,0,0,40.0132
0,245,23,0,0,40.013
0,246,23,0,0,40.0129
0,247,23,0,0,40.0128
0,248,23,0,0,40.0127
0,249,23,0,0,40.0126
0,250,23,0,0,40.0125
0,251,23,0,0,40.0125
0,252,23,0,0,40.0124
0,253,23,0,0,40.0124
0,254,23,0,0,40.0123
0,255,23,0,0,40.0123
0,0,24,0,6.09525e-06,47.3464
0,1,24,0,0,47.329
0,2,24,0,0,47.3033
0,3,24,0,0,47.2695
0,4,24,0,0,47.2277
0,5,24,0,0,47.1783
0,6,24,0,0,47.1215
0,7,24,0,0,47.0576
0,8,24,0,0,46.9872
0,9,24,0,0,46.9104
0,10,24,0,0,46.8278
0,11,24,0,0,46.7399
0,12,24,0,0,46.6469
0,13,24,0,0,46.5495
0,14,24,0,0,46.448
0,15,24,0,0,46.3429
0,16,24,0,0,46.2347
0,17,24,0,0,46.1237
0,18,24,0,0,46.0104
0,19,24,0,0,45.8951
0,20,24,0,0,45.7783
0,21,24,0,0,45.6604
0,22,24,0,0,45.5416
0,23,24,0,0,45.4222
0,24,24,0,0,45.3026
0,25,24,0,0,45.1831
0,26,24,0,0,45.0638
0,27,24,0,0,44.9451
0,28,24,0,0,44.8272
0,29,24,0,0,44.7101
0,30,24,0,0,44.5942
0,31,24,0,0,44.4795
0,32,24,0,0,44.3662
0,33,24,0,0,44.2545
0,34,24,0,0,44.1443
0,35,24,0,0,44.0359
0,36,24,0,0,43.9293
0,37,24,0,0,43.8246
0,38,24,0,0,43.7217
0,39,24,0,0,43.6209
0,40,24,0,0,43.5221
0,41,24,0,0,43.4253
0,42,24,0,0,43.3305
0,43,24,0,0,43.2378
0,44,24,0,0,43.1472
0,45,24,0,0,43.0587
0,46,24,0,0,42.9723
0,47,24,0,0,42.8879
0,48,24,0,0,42.8056
0,49,24,0,0,42.7253
0,50,24,0,0,42.647
0,51,24,0,0,42.5707
0,52,24,0,0,42.4964
0,53,24,0,0,42.424
0,54,24,0,0,42.3535
0,55,24,0,0,42.2849
0,56,24,0,0,42.2182
0,57,24,0,0,42.1532
0,58,24,0,0,42.0901
0,59,24,0,0,42.0287
0,60,24,0,0,41.969
0,61,24,0,0,41.911
0,62,24,0,0,41.8546
0,63,24,0,0,41.7998
0,64,24,0,6.09525e-06,41.7466
0,65,24,0,0,41.6944
0,66,24,0,0,41.6438
0,67,24,0,0,41.5945
0,68,24,0,0,41.5467
0,69,24,0,0,41.5003
0,70,24,0,0,41.4552
0,71,24,0,0,41.4115
0,72,24,0,0,41.369
0,73,24,0,0,41.3278
0,74,24,0,0,41.2878
0,75,24,0,0,41.249
0,76,24,0,0,41.2113
0,77,24,0,0,41.1747
0,78,24,0,0,41.1393
0,79,24,0,0,41.1049
0,80,24,0,0,41.0715
0,81,24,0,0,41.0391
0,82,24,0,0,41.0077
0,83,24,0,0,40.9772
0,84,24,0,0,40.9477
0,85,24,0,0,40.919
0,86,24,0,0,40.8912
0,87,24,0,0,40.8643
0,88,24,0,0,40.8381
0,89,24,0,0,40.8128
0,90,24,0,0,40.7882
0,91,24,0,0,40.7644
0,92,24,0,0,40.7413
0,93,24,0,0,40.7189
0,94,24,0,0,40.6972
0,95,24,0,0,40.6762
0,96,24,0,0,40.6558
0,97,24,0,0,40.636
0,98,24,0,0,40.6168
0,99,24,0,0,40.5983
0,100,24,0,0,40.5803
0,101,24,0,0,40.5628
0,102,24,0,0,40.5459
0,103,24,0,0,40.5295
0,104,24,0,0,40.5136
0,105,24,0,0,40.4982
0,106,24,0,0,40.4833
0,107,24,0,0,40.4689
0,108,24,0,0,40.4549
0,109,24,0,0,40.4413
0,110,24,0,0,40.4282
0,111,24,0,0,40.4154
0,112,24,0,0,40.4031
0,113,24,0,0,40.3912
0,114,24,0,0,40.3796
0,115,24,0,0,40.3684
0,116,24,0,0,40.3575
0,117,24,0,0,40.347
0,118,24,0,0,40.3368
0,119,24,0,0,40.327
0,120,24,0,0,40.3175
0,121,24,0,0,40.3082
0,122,24,0,0,40.2993
0,123,24,0,0,40.2907
0,124,24,0,0,40.2823
0,125,24,0,0,40.2742
0,126,24,0,0,40.2664
0,127,24,0,0,40.2588
0,128,24,0,6.09525e-06,40.2515
0,129,24,0,0,40.2439
0,130,24,0,0,40.2365
0,131,24,0,0,40.2294
0,132,24,0,0,40.2225
0,133,24,0,0,40.2158
0,134,24,0,0,40.2094
0,135,24,0,0,40.2031
0,136,24,0,0,40.197
0,137,24,0,0,40.1911
0,138,24,0,0,40.1854
0,139,24,0,0,40.1799
0,140,24,0,0,40.1746
0,141,24,0,0,40.1694
0,142,24,0,0,40.1643
0,143,24,0,0,40.1595
0,144,24,0,0,40.1548
0,145,24,0,0,40.1502
0,146,24,0,0,40.1458
0,147,24,0,0,40.1415
0,148,24,0,0,40.1373
0,149,24,0,0,40.1333
0,150,24,0,0,40.1294
0,151,24,0,0,40.1256
0,152,24,0,0,40.122
0,153,24,0,0,40.1185
0,154,24,0,0,40.115
0,155,24,0,0,40.1117
0,156,24,0,0,40.1085
0,157,24,0,0,40.1054
0,158,24,0,0,40.1024
0,159,24,0,0,40.0995
0,160,24,0,0,40.0967
0,161,24,0,0,40.094
0,162,24,0,0,40.0913
0,163,24,0,0,40.0888
0,164,24,0,0,40.0863
0,165,24,0,0,40.0839
0,166,24,0,0,40.0816
0,167,24,0,0,40.0794
0,168,24,0,0,40.0772
0,169,24,0,0,40.0752
0,170,24,0,0,40.0731
0,171,24,0,0,40.0712
0,172,24,0,0,40.0693
0,173,24,0,0,40.0675
0,174,24,0,0,40.0658
0,175,24,0,0,40.0641
0,176,24,0,0,40.0625
0,177,24,0,0,40.0609
0,178,24,0,0,40.0594
0,179,24,0,0,40.058
0,180,24,0,0,40.0566
0,181,24,0,0,40.0552
0,182,24,0,0,40.0539
0,183,24,0,0,40.0527
0,184,24,0,0,40.0515
0,185,24,0,0,40.0504
0,186,24,0,0,40.0493
0,187,24,0,0,40.0483
0,188,24,0,0,40.0473
0,189,24,0,0,40.0463
0,190,24,0,0,40.0454
0,191,24,0,0,40.0446
0,192,24,0,6.09525e-06,40.0437
0,193,24,0,0,40.0425
0,194,24,0,0,40.0412
0,195,24,0,0,40.04
0,196,24,0,0,40.0389
0,197,24,0,0,40.0378
0,198,24,0,0,40.0367
0,199,24,0,0,40.0357
0,200,24,0,0,40.0347
0,201,24,0,0,40.0337
0,202,24,0,0,40.0327
0,203,24,0,0,40.0318
0,204,24,0,0,40.0309
0,205,24,0,0,40.0301
0,206,24,0,0,40.0293
0,207,24,0,0,40.0285
0,208,24,0,0,40.0277
0,209,24,0,0,40.027
0,210,24,0,0,40.0263
0,211,24,0,0,40.0256
0,212,24,0,0,40.0249
0,213,24,0,0,40.0243
0,214,24,0,0,40.0236
0,215,24,0,0,40.023
0,216,24,0,0,40.0225
0,217,24,0,0,40.0219
0,218,24,0,0,40.0214
0,219,24,0,0,40.0208
0,220,24,0,0,40.0203
0,221,24,0,0,40.0199
0,222,24,0,0,40.0194
0,223,24,0,0,40.019
0,224,24,0,0,40.0185
0,225,24,0,0,40.0181
0,226,24,0,0,40.0177
0,227,24,0,0,40.0173
0,228,24,0,0,40.017
0,229,24,0,0,40.0166
0,230,24,0,0,40.0163
0,231,24,0,0,40.016
0,232,24,0,0,40.0157
0,233,24,0,0,40.0154
0,234,24,0,0,40.0151
0,235,24,0,0,40.0149
0,236,24,0,0,40.0146
0,237,24,0,0,40.0144
0,238,24,0,0,40.0142
0,239,24,0,0,40.014
0,240,24,0,0,40.0138
0,241,24,0,0,40.0136
0,242,24,0,0,40.0134
0,243,24,0,0,40.0133
0,244,24,0,0,40.0131
0,245,24,0,0,40.013
0,246,24,0,0,40.0129
0,247,24,0,0,40.0127
0,248,24,0,0,40.0126
0,249,24,0,0,40.0126
0,250,24,0,0,40.0125
0,251,24,0,0,40.0124
0,252,24,0,0,40.0124
0,253,24,0,0,40.0123
0,254,24,0,0,40.0123
0,255,24,0,0,40.0123
0,0,25,0,6.09525e-06,46.9224
0,1,25,0,0,46.9067
0,2,25,0,0,46.8837
0,3,25,0,0,46.8533
0,4,25,0,0,46.8158
0,5,25,0,0,46.7714
0,6,25,0,0,46.7203
0,7,25,0,0,46.6628
0,8,25,0,0,46.5993
0,9,25,0,0,46.5301
0,10,25,0,0,46.4556
0,11,25,0,0,46.3761
0,12,25,0,0,46.2919
0,13,25,0,0,46.2036
0,14,25,0,0,46.1115
0,15,25,0,0,46.0159
0,16,25,0,0,45.9173
0,17,25,0,0,45.8161
0,18,25,0,0,45.7125
0,19,25,0,0,45.607
0,20,25,0,0,45.5
0,21,25,0,0,45.3916
0,22,25,0,0,45.2823
0,23,25,0,0,45.1724
0,24,25,0,0,45.062
0,25,25,0,0,44.9515
0,26,25,0,0,44.8411
0,27,25,0,0,44.731
0,28,25,0,0,44.6214
0,29,25,0,0,44.5125
0,30,25,0,0,44.4045
0,31,25,0,0,44.2975
0,32,25,0,0,44.1916
0,33,25,0,0,44.0871
0,34,25,0,0,43.9839
0,35,25,0,0,43.8821
0,36,25,0,0,43.782
0,37,25,0,0,43.6834
0,38,25,0,0,43.5866
0,39,25,0,0,43.4915
0,40,25,0,0,43.3981
0,41,25,0,0,43.3066
0,42,25,0,0,43.2169
0,43,25,0,0,43.1291
0,44,25,0,0,43.0432
0,45,25,0,0,42.9591
0,46,25,0,0,42.877
0,47,25,0,0,42.7967
0,48,25,0,0,42.7183
0,49,25,0,0,42.6417
0,50,25,0,0,42.567
0,51,25,0,0,42.4942
0,52,25,0,0,42.4232
0,53,25,0,0,42.3539
0,54,25,0,0,42.2865
0,55,25,0,0,42.2207
0,56,25,0,0,42.1567
0,57,25,0,0,42.0944
0,58,25,0,0,42.0338
0,59,25,0,0,41.9748
0,60,25,0,0,41.9174
0,61,25,0,0,41.8616
0,62,25,0,0,41.8073
0,63,25,0,0,41.7546
0,64,25,0,6.09525e-06,41.7033
0,65,25,0,0,41.6529
0,66,25,0,0,41.604
0,67,25,0,0,41.5564
0,68,25,0,0,41.5102
0,69,25,0,0,41.4654
0,70,25,0,0,41.4218
0,71,25,0,0,41.3794
0,72,25,0,0,41.3383
0,73,25,0,0,41.2983
0,74,25,0,0,41.2596
0,75,25,0,0,41.2219
0,76,25,0,0,41.1853
0,77,25,0,0,41.1499
0,78,25,0,0,41.1154
0,79,25,0,0,41.082
0,80,25,0,0,41.0496
0,81,25,0,0,41.0181
0,82,25,0,0,40.9875
0,83,25,0,0,40.9579
0,84,25,0,0,40.9291
0,85,25,0,0,40.9012
0,86,25,0,0,40.8742
0,87,25,0,0,40.8479
0,88,25,0,0,40.8224
0,89,25,0,0,40.7977
0,90,25,0,0,40.7738
0,91,25,0,0,40.7505
0,92,25,0,0,40.728
0,93,25,0,0,40.7061
0,94,25,0,0,40.685
0,95,25,0,0,40.6644
0,96,25,0,0,40.6445
0,97,25,0,0,40.6252
0,98,25,0,0,40.6064
0,99,25,0,0,40.5883
0,100,25,0,0,40.5706
0,101,25,0,0,40.5536
0,102,25,0,0,40.537
0,103,25,0,0,40.521
0,104,25,0,0,40.5054
0,105,25,0,0,40.4904
0,106,25,0,0,40.4758
0,107,25,0,0,40.4616
0,108,25,0,0,40.4479
0,109,25,0,0,40.4346
0,110,25,0,0,40.4217
0,111,25,0,0,40.4092
0,112,25,0,0,40.3972
0,113,25,0,0,40.3854
0,114,25,0,0,40.3741
0,115,25,0,0,40.3631
0,116,25,0,0,40.3525
0,117,25,0,0,40.3421
0,118,25,0,0,40.3322
0,119,25,0,0,40.3225
0,120,25,0,0,40.3131
0,121,25,0,0,40.3041
0,122,25,0,0,40.2953
0,123,25,0,0,40.2868
0,124,25,0,0,40.2786
0,125,25,0,0,40.2706
0,126,25,0,0,40.2629
0,127,25,0,0,40.2555
0,128,25,0,6.09525e-06,40.2483
0,129,25,0,0,40.2408
0,130,25,0,0,40.2336
0,131,25,0,0,40.2266
0,132,25,0,0,40.2198
0,133,25,0,0,40.2132
0,134,25,0,0,40.2069
0,135,25,0,0,40.2007
0,136,25,0,0,40.1947
0,137,25,0,0,40.1889
0,138,25,0,0,40.1833
0,139,25,0,0,40.1778
0,140,25,0,0,40.1725
0,141,25,0,0,40.1674
0,142,25,0,0,40.1625
0,143,25,0,0,40.1577
0,144,25,0,0,40.153
0,145,25,0,0,40.1485
0,146,25,0,0,40.1442
0,147,25,0,0,40.1399
0,148,25,0,0,40.1358
0,149,25,0,0,40.1319
0,150,25,0,0,40.128
0,151,25,0,0,40.1243
0,152,25,0,0,40.1207
0,153,25,0,0,40.1172
0,154,25,0,0,40.1138
0,155,25,0,0,40.1106
0,156,25,0,0,40.1074
0,157,25,0,0,40.1043
0,158,25,0,0,40.1014
0,159,25,0,0,40.0985
0,160,25,0,0,40.0957
0,161,25,0,0,40.093
0,162,25,0,0,40.0904
0,163,25,0,0,40.0879
0,164,25,0,0,40.0855
0,165,25,0,0,40.0831
0,166,25,0,0,40.0809
0,167,25,0,0,40.0787
0,168,25,0,0,40.0765
0,169,25,0,0,40.0745
0,170,25,0,0,40.0725
0,171,25,0,0,40.0706
0,172,25,0,0,40.0687
0,173,25,0,0,40.0669
0,174,25,0,0,40.0652
0,175,25,0,0,40.0636
0,176,25,0,0,40.062
0,177,25,0,0,40.0604
0,178,25,0,0,40.0589
0,179,25,0,0,40.0575
0,180,25,0,0,40.0561
0,181,25,0,0,40.0548
0,182,25,0,0,40.0535
0,183,25,0,0,40.0523
0,184,25,0,0,40.0511
0,185,25,0,0,40.05
0,186,25,0,0,40.0489
0,187,25,0,0,40.0479
0,188,25,0,0,40.0469
0,189,25,0,0,40.046
0,190,25,0,0,40.0451
0,191,25,0,0,40.0442
0,192,25,0,6.09525e-06,40.0434
0,193,25,0,0,40.0422
0,194,25,0,0,40.041
0,195,25,0,0,40.0398
0,196,25,0,0,40.0386
0,197,25,0,0,40.0375
0,198,25,0,0,40.0365
0,199,25,0,0,40.0354
0,200,25,0,0,40.0344
0,201,25,0,0,40.0335
0,202,25,0,0,40.0325
0,203,25,0,0,40.0316
0,204,25,0,0,40.0308
0,205,25,0,0,40.0299
0,206,25,0,0,40.0291
0,207,25,0,0,40.0283
0,208,25,0,0,40.0275
0,209,25,0,0,40.0268
0,210,25,0,0,40.0261
0,211,25,0,0,40.0254
0,212,25,0,0,40.0247
0,213,25,0,0,40.0241
0,214,25,0,0,40.0235
0,215,25,0,0,40.0229
0,216,25,0,0,40.0223
0,217,25,0,0,40.0218
0,218,25,0,0,40.0212
0,219,25,0,0,40.0207
0,220,25,0,0,40.0202
0,221,25,0,0,40.0197
0,222,25,0,0,40.0193
0,223,25,0,0,40.0188
0,224,25,0,0,40.0184
0,225,25,0,0,40.018
0,226,25,0,0,40.0176
0,227,25,0,0,40.0173
0,228,25,0,0,40.0169
0,229,25,0,0,40.0165
0,230,25,0,0,40.0162
0,231,25,0,0,40.0159
0,232,25,0,0,40.0156
0,233,25,0,0,40.0153
0,234,25,0,0,40.0151
0,235,25,0,0,40.0148
0,236,25,0,0,40.0145
0,237,25,0,0,40.0143
0,238,25,0,0,40.0141
0,239,25,0,0,40.0139
0,240,25,0,0,40.0137
0,241,25,0,0,40.0135
0,242,25,0,0,40.0133
0,243,25,0,0,40.0132
0,244,25,0,0,40.013
0,245,25,0,0,40.0129
0,246,25,0,0,40.0128
0,247,25,0,0,40.0127
0,248,25,0,0,40.0126
0,249,25,0,0,40.0125
0,250,25,0,0,40.0124
0,251,25,0,0,40.0123
0,252,25,0,0,40.0123
0,253,25,0,0,40.0123
0,254,25,0,0,40.0122
0,255,25,0,0,40.0122
0,0,26,0,6.09525e-06,46.5268
0,1,26,0,0,46.5127
0,2,26,0,0,46.492
0,3,26,0,0,46.4646
0,4,26,0,0,46.4308
0,5,26,0,0,46.3908
0,6,26,0,0,46.3448
0,7,26,0,0,46.293
0,8,26,0,0,46.2357
0,9,26,0,0,46.1731
0,10,26,0,0,46.1057
0,11,26,0,0,46.0336
0,12,26,0,0,45.9573
0,13,26,0,0,45.8771
0,14,26,0,0,45.7933
0,15,26,0,0,45.7063
0,16,26,0,0,45.6164
0,17,26,0,0,45.5239
0,18,26,0,0,45.4292
0,19,26,0,0,45.3326
0,20,26,0,0,45.2344
0,21,26,0,0,45.1348
0,22,26,0,0,45.0342
0,23,26,0,0,44.9329
0,24,26,0,0,44.831
0,25,26,0,0,44.7288
0,26,26,0,0,44.6266
0,27,26,0,0,44.5245
0,28,26,0,0,44.4227
0,29,26,0,0,44.3214
0,30,26,0,0,44.2208
0,31,26,0,0,44.1209
0,32,26,0,0,44.0221
0,33,26,0,0,43.9242
0,34,26,0,0,43.8276
0,35,26,0,0,43.7321
0,36,26,0,0,43.6381
0,37,26,0,0,43.5454
0,38,26,0,0,43.4542
0,39,26,0,0,43.3646
0,40,26,0,0,43.2765
0,41,26,0,0,43.19
0,42,26,0,0,43.1052
0,43,26,0,0,43.0221
0,44,26,0,0,42.9406
0,45,26,0,0,42.8609
0,46,26,0,0,42.7828
0,47,26,0,0,42.7065
0,48,26,0,0,42.6319
0,49,26,0,0,42.559
0,50,26,0,0,42.4878
0,51,26,0,0,42.4183
0,52,26,0,0,42.3505
0,53,26,0,0,42.2843
0,54,26,0,0,42.2198
0,55,26,0,0,42.1569
0,56,26,0,0,42.0956
0,57,26,0,0,42.0358
0,58,26,0,0,41.9777
0,59,26,0,0,41.921
0,60,26,0,0,41.8659
0,61,26,0,0,41.8122
0,62,26,0,0,41.76
0,63,26,0,0,41.7093
0,64,26,0,6.09525e-06,41.6599
0,65,26,0,0,41.6113
0,66,26,0,0,41.5641
0,67,26,0,0,41.5182
0,68,26,0,0,41.4736
0,69,26,0,0,41.4303
0,70,26,0,0,41.3881
0,71,26,0,0,41.3472
0,72,26,0,0,41.3074
0,73,26,0,0,41.2687
0,74,26,0,0,41.2311
0,75,26,0,0,41.1947
0,76,26,0,0,41.1592
0,77,26,0,0,41.1248
0,78,26,0,0,41.0914
0,79,26,0,0,41.059
0,80,26,0,0,41.0275
0,81,26,0,0,40.9969
0,82,26,0,0,40.9672
0,83,26,0,0,40.9384
0,84,26,0,0,40.9104
0,85,26,0,0,40.8833
0,86,26,0,0,40.8569
0,87,26,0,0,40.8314
0,88,26,0,0,40.8066
0,89,26,0,0,40.7825
0,90,26,0,0,40.7591
0,91,26,0,0,40.7365
0,92,26,0,0,40.7145
0,93,26,0,0,40.6932
0,94,26,0,0,40.6725
0,95,26,0,0,40.6525
0,96,26,0,0,40.633
0,97,26,0,0,40.6141
0,98,26,0,0,40.5958
0,99,26,0,0,40.5781
0,100,26,0,0,40.5609
0,101,26,0,0,40.5442
0,102,26,0,0,40.528
0,103,26,0,0,40.5123
0,104,26,0,0,40.4971
0,105,26,0,0,40.4824
0,106,26,0,0,40.4681
0,107,26,0,0,40.4542
0,108,26,0,0,40.4408
0,109,26,0,0,40.4278
0,110,26,0,0,40.4152
0,111,26,0,0,40.4029
0,112,26,0,0,40.3911
0,113,26,0,0,40.3796
0,114,26,0,0,40.3685
0,115,26,0,0,40.3577
0,116,26,0,0,40.3473
0,117,26,0,0,40.3372
0,118,26,0,0,40.3274
0,119,26,0,0,40.3179
0,120,26,0,0,40.3087
0,121,26,0,0,40.2998
0,122,26,0,0,40.2912
0,123,26,0,0,40.2829
0,124,26,0,0,40.2748
0,125,26,0,0,40.267
0,126,26,0,0,40.2594
0,127,26,0,0,40.2521
0,128,26,0,6.09525e-06,40.245
0,129,26,0,0,40.2377
0,130,26,0,0,40.2306
0,131,26,0,0,40.2237
0,132,26,0,0,40.217
0,133,26,0,0,40.2105
0,134,26,0,0,40.2043
0,135,26,0,0,40.1982
0,136,26,0,0,40.1923
0,137,26,0,0,40.1866
0,138,26,0,0,40.1811
0,139,26,0,0,40.1757
0,140,26,0,0,40.1705
0,141,26,0,0,40.1655
0,142,26,0,0,40.1606
0,143,26,0,0,40.1559
0,144,26,0,0,40.1513
0,145,26,0,0,40.1468
0,146,26,0,0,40.1425
0,147,26,0,0,40.1384
0,148,26,0,0,40.1343
0,149,26,0,0,40.1304
0,150,26,0,0,40.1266
0,151,26,0,0,40.123
0,152,26,0,0,40.1194
0,153,26,0,0,40.116
0,154,26,0,0,40.1126
0,155,26,0,0,40.1094
0,156,26,0,0,40.1063
0,157,26,0,0,40.1033
0,158,26,0,0,40.1003
0,159,26,0,0,40.0975
0,160,26,0,0,40.0948
0,161,26,0,0,40.0921
0,162,26,0,0,40.0895
0,163,26,0,0,40.0871
0,164,26,0,0,40.0846
0,165,26,0,0,40.0823
0,166,26,0,0,40.0801
0,167,26,0,0,40.0779
0,168,26,0,0,40.0758
0,169,26,0,0,40.0738
0,170,26,0,0,40.0718
0,171,26,0,0,40.0699
0,172,26,0,0,40.0681
0,173,26,0,0,40.0663
0,174,26,0,0,40.0646
0,175,26,0,0,40.063
0,176,26,0,0,40.0614
0,177,26,0,0,40.0599
0,178,26,0,0,40.0584
0,179,26,0,0,40.057
0,180,26,0,0,40.0556
0,181,26,0,0,40.0543
0,182,26,0,0,40.0531
0,183,26,0,0,40.0519
0,184,26,0,0,40.0507
0,185,26,0,0,40.0496
0,186,26,0,0,40.0486
0,187,26,0,0,40.0475
0,188,26,0,0,40.0466
0,189,26,0,0,40.0456
0,190,26,0,0,40.0448
0,191,26,0,0,40.0439
0,192,26,0,6.09525e-06,40.0431
0,193,26,0,0,40.0419
0,194,26,0,0,40.0407
0,195,26,0,0,40.0395
0,196,26,0,0,40.0384
0,197,26,0,0,40.0373
0,198,26,0,0,40.0362
0,199,26,0,0,40.0352
0,200,26,0,0,40.0342
0,201,26,0,0,40.0332
0,202,26,0,0,40.0323
0,203,26,0,0,40.0314
0,204,26,0,0,40.0306
0,205,26,0,0,40.0297
0,206,26,0,0,40.0289
0,207,26,0,0,40.0281
0,208,26,0,0,40.0274
0,209,26,0,0,40.0266
0,210,26,0,0,40.0259
0,211,26,0,0,40.0253
0,212,26,0,0,40.0246
0,213,26,0,0,40.024
0,214,26,0,0,40.0233
0,215,26,0,0,40.0228
0,216,26,0,0,40.0222
0,217,26,0,0,40.0216
0,218,26,0,0,40.0211
0,219,26,0,0,40.0206
0,220,26,0,0,40.0201
0,221,26,0,0,40.0196
0,222,26,0,0,40.0192
0,223,26,0,0,40.0187
0,224,26,0,0,40.0183
0,225,26,0,0,40.0179
0,226,26,0,0,40.0175
0,227,26,0,0,40.0172
0,228,26,0,0,40.0168
0,229,26,0,0,40.0165
0,230,26,0,0,40.0161
0,231,26,0,0,40.0158
0,232,26,0,0,40.0155
0,233,26,0,0,40.0152
0,234,26,0,0,40.015
0,235,26,0,0,40.0147
0,236,26,0,0,40.0145
0,237,26,0,0,40.0142
0,238,26,0,0,40.014
0,239,26,0,0,40.0138
0,240,26,0,0,40.0136
0,241,26,0,0,40.0134
0,242,26,0,0,40.0133
0,243,26,0,0,40.0131
0,244,26,0,0,40.013
0,245,26,0,0,40.0128
0,246,26,0,0,40.0127
0,247,26,0,0,40.0126
0,248,26,0,0,40.0125
0,249,26,0,0,40.0124
0,250,26,0,0,40.0124
0,251,26,0,0,40.0123
0,252,26,0,0,40.0122
0,253,26,0,0,40.0122
0,254,26,0,0,40.0122
0,255,26,0,0,40.0121
0,0,27,0,6.09525e-06,46.1574
0,1,27,0,0,46.1447
0,2,27,0,0,46.1259
0,3,27,0,0,46.1012
0,4,27,0,0,46.0708
0,5,27,0,0,46.0346
0,6,27,0,0,45.993
0,7,27,0,0,45.9462
0,8,27,0,0,45.8943
0,9,27,0,0,45.8377
0,10,27,0,0,45.7766
0,11,27,0,0,45.7112
0,12,27,0,0,45.6419
0,13,27,0,0,45.569
0,14,27,0,0,45.4927
0,15,27,0,0,45.4133
0,16,27,0,0,45.3312
0,17,27,0,0,45.2467
0,18,27,0,0,45.16
0,19,27,0,0,45.0714
0,20,27,0,0,44.9812
0,21,27,0,0,44.8896
0,22,27,0,0,44.797
0,23,27,0,0,44.7035
0,24,27,0,0,44.6094
0,25,27,0,0,44.5149
0,26,27,0,0,44.4202
0,27,27,0,0,44.3255
0,28,27,0,0,44.231
0,29,27,0,0,44.1368
0,30,27,0,0,44.043
0,31,27,0,0,43.9499
0,32,27,0,0,43.8576
0,33,27,0,0,43.7661
0,34,27,0,0,43.6756
0,35,27,0,0,43.5861
0,36,27,0,0,43.4978
0,37,27,0,0,43.4107
0,38,27,0,0,43.3249
0,39,27,0,0,43.2405
0,40,27,0,0,43.1574
0,41,27,0,0,43.0758
0,42,27,0,0,42.9956
0,43,27,0,0,42.9169
0,44,27,0,0,42.8398
0,45,27,0,0,42.7642
0,46,27,0,0,42.6901
0,47,27,0,0,42.6176
0,48,27,0,0,42.5466
0,49,27,0,0,42.4773
0,50,27,0,0,42.4094
0,51,27,0,0,42.3432
0,52,27,0,0,42.2785
0,53,27,0,0,42.2153
0,54,27,0,0,42.1536
0,55,27,0,0,42.0935
0,56,27,0,0,42.0348
0,57,27,0,0,41.9776
0,58,27,0,0,41.9218
0,59,27,0,0,41.8675
0,60,27,0,0,41.8146
0,61,27,0,0,41.763
0,62,27,0,0,41.7129
0,63,27,0,0,41.664
0,64,27,0,6.09525e-06,41.6165
0,65,27,0,0,41.5698
0,66,27,0,0,41.5243
0,67,27,0,0,41.48
0,68,27,0,0,41.437
0,69,27,0,0,41.3951
0,70,27,0,0,41.3544
0,71,27,0,0,41.3148
0,72,27,0,0,41.2764
0,73,27,0,0,41.239
0,74,27,0,0,41.2026
0,75,27,0,0,41.1673
0,76,27,0,0,41.133
0,77,27,0,0,41.0996
0,78,27,0,0,41.0672
0,79,27,0,0,41.0358
0,80,27,0,0,41.0052
0,81,27,0,0,40.9755
0,82,27,0,0,40.9467
0,83,27,0,0,40.9187
0,84,27,0,0,40.8915
0,85,27,0,0,40.8651
0,86,27,0,0,40.8395
0,87,27,0,0,40.8147
0,88,27,0,0,40.7905
0,89,27,0,0,40.7671
0,90,27,0,0,40.7444
0,91,27,0,0,40.7223
0,92,27,0,0,40.7009
0,93,27,0,0,40.6801
0,94,27,0,0,40.6599
0,95,27,0,0,40.6404
0,96,27,0,0,40.6214
0,97,27,0,0,40.603
0,98,27,0,0,40.5851
0,99,27,0,0,40.5678
0,100,27,0,0,40.551
0,101,27,0,0,40.5347
0,102,27,0,0,40.5189
0,103,27,0,0,40.5036
0,104,27,0,0,40.4887
0,105,27,0,0,40.4743
0,106,27,0,0,40.4603
0,107,27,0,0,40.4467
0,108,27,0,0,40.4336
0,109,27,0,0,40.4209
0,110,27,0,0,40.4085
0,111,27,0,0,40.3966
0,112,27,0,0,40.3849
0,113,27,0,0,40.3737
0,114,27,0,0,40.3628
0,115,27,0,0,40.3522
0,116,27,0,0,40.342
0,117,27,0,0,40.3321
0,118,27,0,0,40.3225
0,119,27,0,0,40.3132
0,120,27,0,0,40.3042
0,121,27,0,0,40.2955
0,122,27,0,0,40.287
0,123,27,0,0,40.2788
0,124,27,0,0,40.2709
0,125,27,0,0,40.2633
0,126,27,0,0,40.2558
0,127,27,0,0,40.2487
0,128,27,0,6.09525e-06,40.2417
0,129,27,0,0,40.2345
0,130,27,0,0,40.2275
0,131,27,0,0,40.2208
0,132,27,0,0,40.2142
0,133,27,0,0,40.2078
0,134,27,0,0,40.2016
0,135,27,0,0,40.1957
0,136,27,0,0,40.1899
0,137,27,0,0,40.1842
0,138,27,0,0,40.1788
0,139,27,0,0,40.1735
0,140,27,0,0,40.1684
0,141,27,0,0,40.1634
0,142,27,0,0,40.1586
0,143,27,0,0,40.154
0,144,27,0,0,40.1495
0,145,27,0,0,40.1451
0,146,27,0,0,40.1409
0,147,27,0,0,40.1368
0,148,27,0,0,40.1328
0,149,27,0,0,40.1289
0,150,27,0,0,40.1252
0,151,27,0,0,40.1216
0,152,27,0,0,40.1181
0,153,27,0,0,40.1147
0,154,27,0,0,40.1114
0,155,27,0,0,40.1082
0,156,27,0,0,40.1051
0,157,27,0,0,40.1022
0,158,27,0,0,40.0993
0,159,27,0,0,40.0965
0,160,27,0,0,40.0938
0,161,27,0,0,40.0911
0,162,27,0,0,40.0886
0,163,27,0,0,40.0862
0,164,27,0,0,40.0838
0,165,27,0,0,40.0815
0,166,27,0,0,40.0793
0,167,27,0,0,40.0771
0,168,27,0,0,40.0751
0,169,27,0,0,40.0731
0,170,27,0,0,40.0711
0,171,27,0,0,40.0693
0,172,27,0,0,40.0675
0,173,27,0,0,40.0657
0,174,27,0,0,40.064
0,175,27,0,0,40.0624
0,176,27,0,0,40.0609
0,177,27,0,0,40.0594
0,178,27,0,0,40.0579
0,179,27,0,0,40.0565
0,180,27,0,0,40.0552
0,181,27,0,0,40.0539
0,182,27,0,0,40.0526
0,183,27,0,0,40.0515
0,184,27,0,0,40.0503
0,185,27,0,0,40.0492
0,186,27,0,0,40.0482
0,187,27,0,0,40.0472
0,188,27,0,0,40.0462
0,189,27,0,0,40.0453
0,190,27,0,0,40.0444
0,191,27,0,0,40.0436
0,192,27,0,6.09525e-06,40.0428
0,193,27,0,0,40.0416
0,194,27,0,0,40.0404
0,195,27,0,0,40.0392
0,196,27,0,0,40.0381
0,197,27,0,0,40.037
0,198,27,0,0,40.036
0,199,27,0,0,40.0349
0,200,27,0,0,40.034
0,201,27,0,0,40.033
0,202,27,0,0,40.0321
0,203,27,0,0,40.0312
0,204,27,0,0,40.0303
0,205,27,0,0,40.0295
0,206,27,0,0,40.0287
0,207,27,0,0,40.0279
0,208,27,0,0,40.0272
0,209,27,0,0,40.0265
0,210,27,0,0,40.0258
0,211,27,0,0,40.0251
0,212,27,0,0,40.0244
0,213,27,0,0,40.0238
0,214,27,0,0,40.0232
0,215,27,0,0,40.0226
0,216,27,0,0,40.022
0,217,27,0,0,40.0215
0,218,27,0,0,40.021
0,219,27,0,0,40.0205
0,220,27,0,0,40.02
0,221,27,0,0,40.0195
0,222,27,0,0,40.0191
0,223,27,0,0,40.0186
0,224,27,0,0,40.0182
0,225,27,0,0,40.0178
0,226,27,0,0,40.0174
0,227,27,0,0,40.0171
0,228,27,0,0,40.0167
0,229,27,0,0,40.0164
0,230,27,0,0,40.016
0,231,27,0,0,40.0157
0,232,27,0,0,40.0154
0,233,27,0,0,40.0152
0,234,27,0,0,40.0149
0,235,27,0,0,40.0146
0,236,27,0,0,40.0144
0,237,27,0,0,40.0142
0,238,27,0,0,40.0139
0,239,27,0,0,40.0137
0,240,27,0,0,40.0136
0,241,27,0,0,40.0134
0,242,27,0,0,40.0132
0,243,27,0,0,40.0131
0,244,27,0,0,40.0129
0,245,27,0,0,40.0128
0,246,27,0,0,40.0127
0,247,27,0,0,40.0125
0,248,27,0,0,40.0124
0,249,27,0,0,40.0124
0,250,27,0,0,40.0123
0,251,27,0,0,40.0122
0,252,27,0,0,40.0122
0,253,27,0,0,40.0121
0,254,27,0,0,40.0121
0,255,27,0,0,40.0121
0,0,28,0,6.09525e-06,45.8121
0,1,28,0,0,45.8005
0,2,28,0,0,45.7836
0,3,28,0,0,45.7612
0,4,28,0,0,45.7336
0,5,28,0,0,45.7009
0,6,28,0,0,45.6633
0,7,28,0,0,45.6209
0,8,28,0,0,45.5738
0,9,28,0,0,45.5225
0,10,28,0,0,45.4669
0,11,28,0,0,45.4075
0,12,28,0,0,45.3445
0,13,28,0,0,45.278
0,14,28,0,0,45.2085
0,15,28,0,0,45.136
0,16,28,0,0,45.061
0,17,28,0,0,44.9836
0,18,28,0,0,44.9041
0,19,28,0,0,44.8228
0,20,28,0,0,44.7399
0,21,28,0,0,44.6557
0,22,28,0,0,44.5703
0,23,28,0,0,44.4841
0,24,28,0,0,44.3971
0,25,28,0,0,44.3097
0,26,28,0,0,44.222
0,27,28,0,0,44.1341
0,28,28,0,0,44.0463
0,29,28,0,0,43.9587
0,30,28,0,0,43.8714
0,31,28,0,0,43.7845
0,32,28,0,0,43.6983
0,33,28,0,0,43.6128
0,34,28,0,0,43.528
0,35,28,0,0,43.4442
0,36,28,0,0,43.3613
0,37,28,0,0,43.2795
0,38,28,0,0,43.1988
0,39,28,0,0,43.1193
0,40,28,0,0,43.041
0,41,28,0,0,42.9639
0,42,28,0,0,42.8882
0,43,28,0,0,42.8138
0,44,28,0,0,42.7408
0,45,28,0,0,42.6691
0,46,28,0,0,42.5989
0,47,28,0,0,42.5301
0,48,28,0,0,42.4627
0,49,28,0,0,42.3967
0,50,28,0,0,42.3321
0,51,28,0,0,42.269
0,52,28,0,0,42.2073
0,53,28,0,0,42.147
0,54,28,0,0,42.0881
0,55,28,0,0,42.0306
0,56,28,0,0,41.9745
0,57,28,0,0,41.9198
0,58,28,0,0,41.8664
0,59,28,0,0,41.8143
0,60,28,0,0,41.7636
0,61,28,0,0,41.7141
0,62,28,0,0,41.6659
0,63,28,0,0,41.619
0,64,28,0,6.09525e-06,41.5733
0,65,28,0,0,41.5283
0,66,28,0,0,41.4845
0,67,28,0,0,41.4419
0,68,28,0,0,41.4004
0,69,28,0,0,41.36
0,70,28,0,0,41.3207
0,71,28,0,0,41.2825
0,72,28,0,0,41.2453
0,73,28,0,0,41.2092
0,74,28,0,0,41.174
0,75,28,0,0,41.1399
0,76,28,0,0,41.1066
0,77,28,0,0,41.0744
0,78,28,0,0,41.043
0,79,28,0,0,41.0125
0,80,28,0,0,40.9829
0,81,28,0,0,40.9541
0,82,28,0,0,40.9261
0,83,28,0,0,40.8989
0,84,28,0,0,40.8725
0,85,28,0,0,40.8469
0,86,28,0,0,40.822
0,87,28,0,0,40.7978
0,88,28,0,0,40.7744
0,89,28,0,0,40.7516
0,90,28,0,0,40.7295
0,91,28,0,0,40.708
0,92,28,0,0,40.6871
0,93,28,0,0,40.6669
0,94,28,0,0,40.6472
0,95,28,0,0,40.6282
0,96,28,0,0,40.6097
0,97,28,0,0,40.5917
0,98,28,0,0,40.5743
0,99,28,0,0,40.5574
0,100,28,0,0,40.541
0,101,28,0,0,40.5251
0,102,28,0,0,40.5097
0,103,28,0,0,40.4947
0,104,28,0,0,40.4802
0,105,28,0,0,40.4661
0,106,28,0,0,40.4524
0,107,28,0,0,40.4392
0,108,28,0,0,40.4263
0,109,28,0,0,40.4139
0,110,28,0,0,40.4018
0,111,28,0,0,40.3901
0,112,28,0,0,40.3787
0,113,28,0,0,40.3677
0,114,28,0,0,40.357
0,115,28,0,0,40.3467
0,116,28,0,0,40.3367
0,117,28,0,0,40.327
0,118,28,0,0,40.3176
0,119,28,0,0,40.3084
0,120,28,0,0,40.2996
0,121,28,0,0,40.2911
0,122,28,0,0,40.2828
0,123,28,0,0,40.2748
0,124,28,0,0,40.267
0,125,28,0,0,40.2595
0,126,28,0,0,40.2522
0,127,28,0,0,40.2452
0,128,28,0,6.09525e-06,40.2384
0,129,28,0,0,40.2313
0,130,28,0,0,40.2244
0,131,28,0,0,40.2178
0,132,28,0,0,40.2113
0,133,28,0,0,40.205
0,134,28,0,0,40.199
0,135,28,0,0,40.1931
0,136,28,0,0,40.1874
0,137,28,0,0,40.1819
0,138,28,0,0,40.1765
0,139,28,0,0,40.1713
0,140,28,0,0,40.1663
0,141,28,0,0,40.1614
0,142,28,0,0,40.1567
0,143,28,0,0,40.1521
0,144,28,0,0,40.1476
0,145,28,0,0,40.1433
0,146,28,0,0,40.1392
0,147,28,0,0,40.1351
0,148,28,0,0,40.1312
0,149,28,0,0,40.1274
0,150,28,0,0,40.1237
0,151,28,0,0,40.1202
0,152,28,0,0,40.1167
0,153,28,0,0,40.1134
0,154,28,0,0,40.1101
0,155,28,0,0,40.107
0,156,28,0,0,40.104
0,157,28,0,0,40.101
0,158,28,0,0,40.0982
0,159,28,0,0,40.0954
0,160,28,0,0,40.0928
0,161,28,0,0,40.0902
0,162,28,0,0,40.0877
0,163,28,0,0,40.0853
0,164,28,0,0,40.0829
0,165,28,0,0,40.0807
0,166,28,0,0,40.0785
0,167,28,0,0,40.0764
0,168,28,0,0,40.0743
0,169,28,0,0,40.0723
0,170,28,0,0,40.0704
0,171,28,0,0,40.0686
0,172,28,0,0,40.0668
0,173,28,0,0,40.0651
0,174,28,0,0,40.0634
0,175,28,0,0,40.0618
0,176,28,0,0,40.0603
0,177,28,0,0,40.0588
0,178,28,0,0,40.0574
0,179,28,0,0,40.056
0,180,28,0,0,40.0547
0,181,28,0,0,40.0534
0,182,28,0,0,40.0522
0,183,28,0,0,40.051
0,184,28,0,0,40.0499
0,185,28,0,0,40.0488
0,186,28,0,0,40.0478
0,187,28,0,0,40.0468
0,188,28,0,0,40.0458
0,189,28,0,0,40.0449
0,190,28,0,0,40.0441
0,191,28,0,0,40.0433
0,192,28,0,6.09525e-06,40.0425
0,193,28,0,0,40.0413
0,194,28,0,0,40.0401
0,195,28,0,0,40.0389
0,196,28,0,0,40.0378
0,197,28,0,0,40.0367
0,198,28,0,0,40.0357
0,199,28,0,0,40.0347
0,200,28,0,0,40.0337
0,201,28,0,0,40.0328
0,202,28,0,0,40.0319
0,203,28,0,0,40.031
0,204,28,0,0,40.0301
0,205,28,0,0,40.0293
0,206,28,0,0,40.0285
0,207,28,0,0,40.0278
0,208,28,0,0,40.027
0,209,28,0,0,40.0263
0,210,28,0,0,40.0256
0,211,28,0,0,40.0249
0,212,28,0,0,40.0243
0,213,28,0,0,40.0237
0,214,28,0,0,40.0231
0,215,28,0,0,40.0225
0,216,28,0,0,40.0219
0,217,28,0,0,40.0214
0,218,28,0,0,40.0208
0,219,28,0,0,40.0203
0,220,28,0,0,40.0199
0,221,28,0,0,40.0194
0,222,28,0,0,40.0189
0,223,28,0,0,40.0185
0,224,28,0,0,40.0181
0,225,28,0,0,40.0177
0,226,28,0,0,40.0173
0,227,28,0,0,40.017
0,228,28,0,0,40.0166
0,229,28,0,0,40.0163
0,230,28,0,0,40.0159
0,231,28,0,0,40.0156
0,232,28,0,0,40.0153
0,233,28,0,0,40.0151
0,234,28,0,0,40.0148
0,235,28,0,0,40.0145
0,236,28,0,0,40.0143
0,237,28,0,0,40.0141
0,238,28,0,0,40.0139
0,239,28,0,0,40.0137
0,240,28,0,0,40.0135
0,241,28,0,0,40.0133
0,242,28,0,0,40.0131
0,243,28,0,0,40.013
0,244,28,0,0,40.0128
0,245,28,0,0,40.0127
0,246,28,0,0,40.0126
0,247,28,0,0,40.0125
0,248,28,0,0,40.0124
0,249,28,0,0,40.0123
0,250,28,0,0,40.0122
0,251,28,0,0,40.0122
0,252,28,0,0,40.0121
0,253,28,0,0,40.0121
0,254,28,0,0,40.012
0,255,28,0,0,40.012
0,0,29,0,6.09525e-06,45.4888
0,1,29,0,0,45.4784
0,2,29,0,0,45.463
0,3,29,0,0,45.4427
0,4,29,0,0,45.4177
0,5,29,0,0,45.3881
0,6,29,0,0,45.3539
0,7,29,0,0,45.3154
0,8,29,0,0,45.2727
0,9,29,0,0,45.226
0,10,29,0,0,45.1755
0,11,29,0,0,45.1214
0,12,29,0,0,45.0639
0,13,29,0,0,45.0033
0,14,29,0,0,44.9398
0,15,29,0,0,44.8736
0,16,29,0,0,44.8049
0,17,29,0,0,44.734
0,18,29,0,0,44.6611
0,19,29,0,0,44.5864
0,20,29,0,0,44.5102
0,21,29,0,0,44.4326
0,22,29,0,0,44.3539
0,23,29,0,0,44.2743
0,24,29,0,0,44.1939
0,25,29,0,0,44.113
0,26,29,0,0,44.0317
0,27,29,0,0,43.9502
0,28,29,0,0,43.8686
0,29,29,0,0,43.7871
0,30,29,0,0,43.7057
0,31,29,0,0,43.6248
0,32,29,0,0,43.5443
0,33,29,0,0,43.4643
0,34,29,0,0,43.385
0,35,29,0,0,43.3064
0,36,29,0,0,43.2287
0,37,29,0,0,43.1518
0,38,29,0,0,43.076
0,39,29,0,0,43.0011
0,40,29,0,0,42.9273
0,41,29,0,0,42.8547
0,42,29,0,0,42.7832
0,43,29,0,0,42.7129
0,44,29,0,0,42.6438
0,45,29,0,0,42.5759
0,46,29,0,0,42.5094
0,47,29,0,0,42.4441
0,48,29,0,0,42.3801
0,49,29,0,0,42.3174
0,50,29,0,0,42.256
0,51,29,0,0,42.1959
0,52,29,0,0,42.1371
0,53,29,0,0,42.0796
0,54,29,0,0,42.0234
0,55,29,0,0,41.9685
0,56,29,0,0,41.9149
0,57,29,0,0,41.8625
0,58,29,0,0,41.8114
0,59,29,0,0,41.7616
0,60,29,0,0,41.7129
0,61,29,0,0,41.6655
0,62,29,0,0,41.6193
0,63,29,0,0,41.5742
0,64,29,0,6.09525e-06,41.5303
0,65,29,0,0,41.487
0,66,29,0,0,41.4449
0,67,29,0,0,41.4038
0,68,29,0,0,41.3639
0,69,29,0,0,41.325
0,70,29,0,0,41.2871
0,71,29,0,0,41.2502
0,72,29,0,0,41.2143
0,73,29,0,0,41.1794
0,74,29,0,0,41.1455
0,75,29,0,0,41.1124
0,76,29,0,0,41.0803
0,77,29,0,0,41.0491
0,78,29,0,0,41.0187
0,79,29,0,0,40.9892
0,80,29,0,0,40.9604
0,81,29,0,0,40.9325
0,82,29,0,0,40.9054
0,83,29,0,0,40.8791
0,84,29,0,0,40.8535
0,85,29,0,0,40.8286
0,86,29,0,0,40.8044
0,87,29,0,0,40.7809
0,88,29,0,0,40.7581
0,89,29,0,0,40.736
0,90,29,0,0,40.7145
0,91,29,0,0,40.6936
0,92,29,0,0,40.6733
0,93,29,0,0,40.6536
0,94,29,0,0,40.6345
0,95,29,0,0,40.6159
0,96,29,0,0,40.5979
0,97,29,0,0,40.5804
0,98,29,0,0,40.5634
0,99,29,0,0,40.5469
0,100,29,0,0,40.5309
0,101,29,0,0,40.5154
0,102,29,0,0,40.5003
0,103,29,0,0,40.4857
0,104,29,0,0,40.4715
0,105,29,0,0,40.4578
0,106,29,0,0,40.4444
0,107,29,0,0,40.4315
0,108,29,0,0,40.4189
0,109,29,0,0,40.4068
0,110,29,0,0,40.395
0,111,29,0,0,40.3835
0,112,29,0,0,40.3724
0,113,29,0,0,40.3616
0,114,29,0,0,40.3512
0,115,29,0,0,40.3411
0,116,29,0,0,40.3313
0,117,29,0,0,40.3218
0,118,29,0,0,40.3126
0,119,29,0,0,40.3036
0,120,29,0,0,40.295
0,121,29,0,0,40.2866
0,122,29,0,0,40.2785
0,123,29,0,0,40.2706
0,124,29,0,0,40.263
0,125,29,0,0,40.2557
0,126,29,0,0,40.2485
0,127,29,0,0,40.2416
0,128,29,0,6.09525e-06,40.235
0,129,29,0,0,40.228
0,130,29,0,0,40.2212
0,131,29,0,0,40.2147
0,132,29,0,0,40.2084
0,133,29,0,0,40.2022
0,134,29,0,0,40.1962
0,135,29,0,0,40.1905
0,136,29,0,0,40.1849
0,137,29,0,0,40.1794
0,138,29,0,0,40.1742
0,139,29,0,0,40.169
0,140,29,0,0,40.1641
0,141,29,0,0,40.1593
0,142,29,0,0,40.1546
0,143,29,0,0,40.1501
0,144,29,0,0,40.1458
0,145,29,0,0,40.1415
0,146,29,0,0,40.1374
0,147,29,0,0,40.1334
0,148,29,0,0,40.1296
0,149,29,0,0,40.1258
0,150,29,0,0,40.1222
0,151,29,0,0,40.1187
0,152,29,0,0,40.1153
0,153,29,0,0,40.112
0,154,29,0,0,40.1088
0,155,29,0,0,40.1058
0,156,29,0,0,40.1028
0,157,29,0,0,40.0999
0,158,29,0,0,40.0971
0,159,29,0,0,40.0943
0,160,29,0,0,40.0917
0,161,29,0,0,40.0892
0,162,29,0,0,40.0867
0,163,29,0,0,40.0843
0,164,29,0,0,40.082
0,165,29,0,0,40.0798
0,166,29,0,0,40.0776
0,167,29,0,0,40.0756
0,168,29,0,0,40.0735
0,169,29,0,0,40.0716
0,170,29,0,0,40.0697
0,171,29,0,0,40.0679
0,172,29,0,0,40.0661
0,173,29,0,0,40.0644
0,174,29,0,0,40.0628
0,175,29,0,0,40.0612
0,176,29,0,0,40.0597
0,177,29,0,0,40.0583
0,178,29,0,0,40.0568
0,179,29,0,0,40.0555
0,180,29,0,0,40.0542
0,181,29,0,0,40.0529
0,182,29,0,0,40.0517
0,183,29,0,0,40.0506
0,184,29,0,0,40.0495
0,185,29,0,0,40.0484
0,186,29,0,0,40.0474
0,187,29,0,0,40.0464
0,188,29,0,0,40.0455
0,189,29,0,0,40.0446
0,190,29,0,0,40.0437
0,191,29,0,0,40.0429
0,192,29,0,6.09525e-06,40.0422
0,193,29,0,0,40.041
0,194,29,0,0,40.0398
0,195,29,0,0,40.0386
0,196,29,0,0,40.0375
0,197,29,0,0,40.0365
0,198,29,0,0,40.0354
0,199,29,0,0,40.0344
0,200,29,0,0,40.0335
0,201,29,0,0,40.0325
0,202,29,0,0,40.0316
0,203,29,0,0,40.0308
0,204,29,0,0,40.0299
0,205,29,0,0,40.0291
0,206,29,0,0,40.0283
0,207,29,0,0,40.0276
0,208,29,0,0,40.0268
0,209,29,0,0,40.0261
0,210,29,0,0,40.0254
0,211,29,0,0,40.0248
0,212,29,0,0,40.0241
0,213,29,0,0,40.0235
0,214,29,0,0,40.0229
0,215,29,0,0,40.0223
0,216,29,0,0,40.0218
0,217,29,0,0,40.0212
0,218,29,0,0,40.0207
0,219,29,0,0,40.0202
0,220,29,0,0,40.0197
0,221,29,0,0,40.0193
0,222,29,0,0,40.0188
0,223,29,0,0,40.0184
0,224,29,0,0,40.018
0,225,29,0,0,40.0176
0,226,29,0,0,40.0172
0,227,29,0,0,40.0168
0,228,29,0,0,40.0165
0,229,29,0,0,40.0162
0,230,29,0,0,40.0158
0,231,29,0,0,40.0155
0,232,29,0,0,40.0153
0,233,29,0,0,40.015
0,234,29,0,0,40.0147
0,235,29,0,0,40.0145
0,236,29,0,0,40.0142
0,237,29,0,0,40.014
0,238,29,0,0,40.0138
0,239,29,0,0,40.0136
0,240,29,0,0,40.0134
0,241,29,0,0,40.0132
0,242,29,0,0,40.0131
0,243,29,0,0,40.0129
0,244,29,0,0,40.0128
0,245,29,0,0,40.0126
0,246,29,0,0,40.0125
0,247,29,0,0,40.0124
0,248,29,0,0,40.0123
0,249,29,0,0,40.0122
0,250,29,0,0,40.0122
0,251,29,0,0,40.0121
0,252,29,0,0,40.012
0,253,29,0,0,40.012
0,254,29,0,0,40.012
0,255,29,0,0,40.0119
0,0,30,0,6.09525e-06,45.1861
0,1,30,0,0,45.1765
0,2,30,0,0,45.1625
0,3,30,0,0,45.1441
0,4,30,0,0,45.1214
0,5,30,0,0,45.0945
0,6,30,0,0,45.0634
0,7,30,0,0,45.0284
0,8,30,0,0,44.9895
0,9,30,0,0,44.947
0,10,30,0,0,44.901
0,11,30,0,0,44.8517
0,12,30,0,0,44.7992
0,13,30,0,0,44.7439
0,14,30,0,0,44.6858
0,15,30,0,0,44.6252
0,16,30,0,0,44.5622
0,17,30,0,0,44.4972
0,18,30,0,0,44.4303
0,19,30,0,0,44.3616
0,20,30,0,0,44.2914
0,21,30,0,0,44.22
0,22,30,0,0,44.1474
0,23,30,0,0,44.0738
0,24,30,0,0,43.9995
0,25,30,0,0,43.9246
0,26,30,0,0,43.8492
0,27,30,0,0,43.7736
0,28,30,0,0,43.6977
0,29,30,0,0,43.6219
0,30,30,0,0,43.5462
0,31,30,0,0,43.4706
0,32,30,0,0,43.3955
0,33,30,0,0,43.3207
0,34,30,0,0,43.2465
0,35,30,0,0,43.1729
0,36,30,0,0,43.1
0,37,30,0,0,43.0279
0,38,30,0,0,42.9565
0,39,30,0,0,42.8861
0,40,30,0,0,42.8166
0,41,30,0,0,42.7481
0,42,30,0,0,42.6806
0,43,30,0,0,42.6142
0,44,30,0,0,42.5489
0,45,30,0,0,42.4847
0,46,30,0,0,42.4216
0,47,30,0,0,42.3597
0,48,30,0,0,42.299
0,49,30,0,0,42.2394
0,50,30,0,0,42.1811
0,51,30,0,0,42.1239
0,52,30,0,0,42.0679
0,53,30,0,0,42.0131
0,54,30,0,0,41.9596
0,55,30,0,0,41.9072
0,56,30,0,0,41.856
0,57,30,0,0,41.8059
0,58,30,0,0,41.7571
0,59,30,0,0,41.7093
0,60,30,0,0,41.6628
0,61,30,0,0,41.6173
0,62,30,0,0,41.573
0,63,30,0,0,41.5298
0,64,30,0,6.09525e-06,41.4876
0,65,30,0,0,41.446
0,66,30,0,0,41.4055
0,67,30,0,0,41.366
0,68,30,0,0,41.3276
0,69,30,0,0,41.2901
0,70,30,0,0,41.2536
0,71,30,0,0,41.218
0,72,30,0,0,41.1834
0,73,30,0,0,41.1497
0,74,30,0,0,41.1169
0,75,30,0,0,41.085
0,76,30,0,0,41.054
0,77,30,0,0,41.0238
0,78,30,0,0,40.9944
0,79,30,0,0,40.9658
0,80,30,0,0,40.938
0,81,30,0,0,40.911
0,82,30,0,0,40.8847
0,83,30,0,0,40.8592
0,84,30,0,0,40.8343
0,85,30,0,0,40.8102
0,86,30,0,0,40.7868
0,87,30,0,0,40.764
0,88,30,0,0,40.7418
0,89,30,0,0,40.7203
0,90,30,0,0,40.6994
0,91,30,0,0,40.6791
0,92,30,0,0,40.6594
0,93,30,0,0,40.6402
0,94,30,0,0,40.6216
0,95,30,0,0,40.6035
0,96,30,0,0,40.586
0,97,30,0,0,40.5689
0,98,30,0,0,40.5524
0,99,30,0,0,40.5363
0,100,30,0,0,40.5208
0,101,30,0,0,40.5056
0,102,30,0,0,40.4909
0,103,30,0,0,40.4767
0,104,30,0,0,40.4628
0,105,30,0,0,40.4494
0,106,30,0,0,40.4364
0,107,30,0,0,40.4238
0,108,30,0,0,40.4115
0,109,30,0,0,40.3996
0,110,30,0,0,40.3881
0,111,30,0,0,40.3769
0,112,30,0,0,40.366
0,113,30,0,0,40.3555
0,114,30,0,0,40.3453
0,115,30,0,0,40.3354
0,116,30,0,0,40.3258
0,117,30,0,0,40.3165
0,118,30,0,0,40.3075
0,119,30,0,0,40.2988
0,120,30,0,0,40.2903
0,121,30,0,0,40.2821
0,122,30,0,0,40.2741
0,123,30,0,0,40.2665
0,124,30,0,0,40.259
0,125,30,0,0,40.2518
0,126,30,0,0,40.2448
0,127,30,0,0,40.238
0,128,30,0,6.09525e-06,40.2315
0,129,30,0,0,40.2247
0,130,30,0,0,40.218
0,131,30,0,0,40.2116
0,132,30,0,0,40.2054
0,133,30,0,0,40.1993
0,134,30,0,0,40.1935
0,135,30,0,0,40.1878
0,136,30,0,0,40.1823
0,137,30,0,0,40.177
0,138,30,0,0,40.1718
0,139,30,0,0,40.1668
0,140,30,0,0,40.1619
0,141,30,0,0,40.1572
0,142,30,0,0,40.1526
0,143,30,0,0,40.1482
0,144,30,0,0,40.1439
0,145,30,0,0,40.1397
0,146,30,0,0,40.1357
0,147,30,0,0,40.1317
0,148,30,0,0,40.1279
0,149,30,0,0,40.1243
0,150,30,0,0,40.1207
0,151,30,0,0,40.1173
0,152,30,0,0,40.1139
0,153,30,0,0,40.1107
0,154,30,0,0,40.1075
0,155,30,0,0,40.1045
0,156,30,0,0,40.1015
0,157,30,0,0,40.0987
0,158,30,0,0,40.0959
0,159,30,0,0,40.0933
0,160,30,0,0,40.0907
0,161,30,0,0,40.0882
0,162,30,0,0,40.0857
0,163,30,0,0,40.0834
0,164,30,0,0,40.0811
0,165,30,0,0,40.0789
0,166,30,0,0,40.0768
0,167,30,0,0,40.0747
0,168,30,0,0,40.0728
0,169,30,0,0,40.0708
0,170,30,0,0,40.069
0,171,30,0,0,40.0672
0,172,30,0,0,40.0655
0,173,30,0,0,40.0638
0,174,30,0,0,40.0622
0,175,30,0,0,40.0606
0,176,30,0,0,40.0591
0,177,30,0,0,40.0577
0,178,30,0,0,40.0563
0,179,30,0,0,40.055
0,180,30,0,0,40.0537
0,181,30,0,0,40.0524
0,182,30,0,0,40.0512
0,183,30,0,0,40.0501
0,184,30,0,0,40.049
0,185,30,0,0,40.048
0,186,30,0,0,40.047
0,187,30,0,0,40.046
0,188,30,0,0,40.0451
0,189,30,0,0,40.0442
0,190,30,0,0,40.0434
0,191,30,0,0,40.0426
0,192,30,0,6.09525e-06,40.0419
0,193,30,0,0,40.0406
0,194,30,0,0,40.0395
0,195,30,0,0,40.0383
0,196,30,0,0,40.0373
0,197,30,0,0,40.0362
0,198,30,0,0,40.0352
0,199,30,0,0,40.0342
0,200,30,0,0,40.0332
0,201,30,0,0,40.0323
0,202,30,0,0,40.0314
0,203,30,0,0,40.0305
0,204,30,0,0,40.0297
0,205,30,0,0,40.0289
0,206,30,0,0,40.0281
0,207,30,0,0,40.0274
0,208,30,0,0,40.0266
0,209,30,0,0,40.0259
0,210,30,0,0,40.0252
0,211,30,0,0,40.0246
0,212,30,0,0,40.0239
0,213,30,0,0,40.0233
0,214,30,0,0,40.0227
0,215,30,0,0,40.0222
0,216,30,0,0,40.0216
0,217,30,0,0,40.0211
0,218,30,0,0,40.0206
0,219,30,0,0,40.0201
0,220,30,0,0,40.0196
0,221,30,0,0,40.0191
0,222,30,0,0,40.0187
0,223,30,0,0,40.0183
0,224,30,0,0,40.0179
0,225,30,0,0,40.0175
0,226,30,0,0,40.0171
0,227,30,0,0,40.0167
0,228,30,0,0,40.0164
0,229,30,0,0,40.0161
0,230,30,0,0,40.0157
0,231,30,0,0,40.0154
0,232,30,0,0,40.0152
0,233,30,0,0,40.0149
0,234,30,0,0,40.0146
0,235,30,0,0,40.0144
0,236,30,0,0,40.0141
0,237,30,0,0,40.0139
0,238,30,0,0,40.0137
0,239,30,0,0,40.0135
0,240,30,0,0,40.0133
0,241,30,0,0,40.0131
0,242,30,0,0,40.013
0,243,30,0,0,40.0128
0,244,30,0,0,40.0127
0,245,30,0,0,40.0126
0,246,30,0,0,40.0124
0,247,30,0,0,40.0123
0,248,30,0,0,40.0122
0,249,30,0,0,40.0122
0,250,30,0,0,40.0121
0,251,30,0,0,40.012
0,252,30,0,0,40.012
0,253,30,0,0,40.0119
0,254,30,0,0,40.0119
0,255,30,0,0,40.0119
0,0,31,0,6.09525e-06,44.9022
0,1,31,0,0,44.8935
0,2,31,0,0,44.8807
0,3,31,0,0,44.864
0,4,31,0,0,44.8433
0,5,31,0,0,44.8188
0,6,31,0,0,44.7905
0,7,31,0,0,44.7586
0,8,31,0,0,44.7232
0,9,31,0,0,44.6844
0,10,31,0,0,44.6424
0,11,31,0,0,44.5974
0,12,31,0,0,44.5494
0,13,31,0,0,44.4988
0,14,31,0,0,44.4456
0,15,31,0,0,44.3901
0,16,31,0,0,44.3323
0,17,31,0,0,44.2726
0,18,31,0,0,44.2111
0,19,31,0,0,44.1479
0,20,31,0,0,44.0833
0,21,31,0,0,44.0174
0,22,31,0,0,43.9504
0,23,31,0,0,43.8824
0,24,31,0,0,43.8137
0,25,31,0,0,43.7443
0,26,31,0,0,43.6744
0,27,31,0,0,43.6041
0,28,31,0,0,43.5336
0,29,31,0,0,43.4631
0,30,31,0,0,43.3925
0,31,31,0,0,43.3221
0,32,31,0,0,43.2519
0,33,31,0,0,43.1821
0,34,31,0,0,43.1126
0,35,31,0,0,43.0437
0,36,31,0,0,42.9753
0,37,31,0,0,42.9076
0,38,31,0,0,42.8406
0,39,31,0,0,42.7743
0,40,31,0,0,42.7089
0,41,31,0,0,42.6444
0,42,31,0,0,42.5807
0,43,31,0,0,42.518
0,44,31,0,0,42.4563
0,45,31,0,0,42.3955
0,46,31,0,0,42.3358
0,47,31,0,0,42.2771
0,48,31,0,0,42.2195
0,49,31,0,0,42.163
0,50,31,0,0,42.1075
0,51,31,0,0,42.0532
0,52,31,0,0,41.9999
0,53,31,0,0,41.9478
0,54,31,0,0,41.8967
0,55,31,0,0,41.8467
0,56,31,0,0,41.7979
0,57,31,0,0,41.7501
0,58,31,0,0,41.7034
0,59,31,0,0,41.6577
0,60,31,0,0,41.6132
0,61,31,0,0,41.5697
0,62,31,0,0,41.5272
0,63,31,0,0,41.4858
0,64,31,0,6.09525e-06,41.4453
0,65,31,0,0,41.4054
0,66,31,0,0,41.3665
0,67,31,0,0,41.3285
0,68,31,0,0,41.2915
0,69,31,0,0,41.2554
0,70,31,0,0,41.2202
0,71,31,0,0,41.186
0,72,31,0,0,41.1526
0,73,31,0,0,41.1201
0,74,31,0,0,41.0885
0,75,31,0,0,41.0577
0,76,31,0,0,41.0277
0,77,31,0,0,40.9985
0,78,31,0,0,40.9701
0,79,31,0,0,40.9425
0,80,31,0,0,40.9156
0,81,31,0,0,40.8895
0,82,31,0,0,40.864
0,83,31,0,0,40.8393
0,84,31,0,0,40.8152
0,85,31,0,0,40.7918
0,86,31,0,0,40.7691
0,87,31,0,0,40.747
0,88,31,0,0,40.7255
0,89,31,0,0,40.7046
0,90,31,0,0,40.6843
0,91,31,0,0,40.6646
0,92,31,0,0,40.6454
0,93,31,0,0,40.6268
0,94,31,0,0,40.6087
0,95,31,0,0,40.5911
0,96,31,0,0,40.574
0,97,31,0,0,40.5575
0,98,31,0,0,40.5413
0,99,31,0,0,40.5257
0,100,31,0,0,40.5105
0,101,31,0,0,40.4958
0,102,31,0,0,40.4815
0,103,31,0,0,40.4676
0,104,31,0,0,40.4541
0,105,31,0,0,40.441
0,106,31,0,0,40.4283
0,107,31,0,0,40.416
0,108,31,0,0,40.404
0,109,31,0,0,40.3924
0,110,31,0,0,40.3811
0,111,31,0,0,40.3702
0,112,31,0,0,40.3596
0,113,31,0,0,40.3493
0,114,31,0,0,40.3393
0,115,31,0,0,40.3297
0,116,31,0,0,40.3203
0,117,31,0,0,40.3112
0,118,31,0,0,40.3024
0,119,31,0,0,40.2938
0,120,31,0,0,40.2855
0,121,31,0,0,40.2775
0,122,31,0,0,40.2698
0,123,31,0,0,40.2622
0,124,31,0,0,40.2549
0,125,31,0,0,40.2479
0,126,31,0,0,40.241
0,127,31,0,0,40.2344
0,128,31,0,6.09525e-06,40.228
0,129,31,0,0,40.2213
0,130,31,0,0,40.2148
0,131,31,0,0,40.2085
0,132,31,0,0,40.2024
0,133,31,0,0,40.1964
0,134,31,0,0,40.1907
0,135,31,0,0,40.1851
0,136,31,0,0,40.1797
0,137,31,0,0,40.1745
0,138,31,0,0,40.1694
0,139,31,0,0,40.1644
0,140,31,0,0,40.1597
0,141,31,0,0,40.155
0,142,31,0,0,40.1505
0,143,31,0,0,40.1462
0,144,31,0,0,40.1419
0,145,31,0,0,40.1378
0,146,31,0,0,40.1339
0,147,31,0,0,40.13
0,148,31,0,0,40.1263
0,149,31,0,0,40.1227
0,150,31,0,0,40.1192
0,151,31,0,0,40.1158
0,152,31,0,0,40.1125
0,153,31,0,0,40.1093
0,154,31,0,0,40.1062
0,155,31,0,0,40.1032
0,156,31,0,0,40.1003
0,157,31,0,0,40.0975
0,158,31,0,0,40.0948
0,159,31,0,0,40.0921
0,160,31,0,0,40.0896
0,161,31,0,0,40.0871
0,162,31,0,0,40.0847
0,163,31,0,0,40.0824
0,164,31,0,0,40.0802
0,165,31,0,0,40.078
0,166,31,0,0,40.0759
0,167,31,0,0,40.0739
0,168,31,0,0,40.072
0,169,31,0,0,40.0701
0,170,31,0,0,40.0682
0,171,31,0,0,40.0665
0,172,31,0,0,40.0648
0,173,31,0,0,40.0631
0,174,31,0,0,40.0615
0,175,31,0,0,40.06
0,176,31,0,0,40.0585
0,177,31,0,0,40.0571
0,178,31,0,0,40.0557
0,179,31,0,0,40.0544
0,180,31,0,0,40.0532
0,181,31,0,0,40.0519
0,182,31,0,0,40.0508
0,183,31,0,0,40.0496
0,184,31,0,0,40.0486
0,185,31,0,0,40.0475
0,186,31,0,0,40.0465
0,187,31,0,0,40.0456
0,188,31,0,0,40.0447
0,189,31,0,0,40.0438
0,190,31,0,0,40.043
0,191,31,0,0,40.0422
0,192,31,0,6.09525e-06,40.0415
0,193,31,0,0,40.0403
0,194,31,0,0,40.0392
0,195,31,0,0,40.038
0,196,31,0,0,40.037
0,197,31,0,0,40.0359
0,198,31,0,0,40.0349
0,199,31,0,0,40.0339
0,200,31,0,0,40.033
0,201,31,0,0,40.0321
0,202,31,0,0,40.0312
0,203,31,0,0,40.0303
0,204,31,0,0,40.0295
0,205,31,0,0,40.0287
0,206,31,0,0,40.0279
0,207,31,0,0,40.0272
0,208,31,0,0,40.0264
0,209,31,0,0,40.0257
0,210,31,0,0,40.0251
0,211,31,0,0,40.0244
0,212,31,0,0,40.0238
0,213,31,0,0,40.0232
0,214,31,0,0,40.0226
0,215,31,0,0,40.022
0,216,31,0,0,40.0215
0,217,31,0,0,40.0209
0,218,31,0,0,40.0204
0,219,31,0,0,40.0199
0,220,31,0,0,40.0195
0,221,31,0,0,40.019
0,222,31,0,0,40.0186
0,223,31,0,0,40.0182
0,224,31,0,0,40.0177
0,225,31,0,0,40.0174
0,226,31,0,0,40.017
0,227,31,0,0,40.0166
0,228,31,0,0,40.0163
0,229,31,0,0,40.016
0,230,31,0,0,40.0156
0,231,31,0,0,40.0153
0,232,31,0,0,40.0151
0,233,31,0,0,40.0148
0,234,31,0,0,40.0145
0,235,31,0,0,40.0143
0,236,31,0,0,40.014
0,237,31,0,0,40.0138
0,238,31,0,0,40.0136
0,239,31,0,0,40.0134
0,240,31,0,0,40.0132
0,241,31,0,0,40.0131
0,242,31,0,0,40.0129
0,243,31,0,0,40.0127
0,244,31,0,0,40.0126
0,245,31,0,0,40.0125
0,246,31,0,0,40.0124
0,247,31,0,0,40.0123
0,248,31,0,0,40.0122
0,249,31,0,0,40.0121
0,250,31,0,0,40.012
0,251,31,0,0,40.0119
0,252,31,0,0,40.0119
0,253,31,0,0,40.0119
0,254,31,0,0,40.0118
0,255,31,0,0,40.0118
0,0,32,0,6.09525e-06,44.6358
0,1,32,0,0,44.6279
0,2,32,0,0,44.6162
0,3,32,0,0,44.6009
0,4,32,0,0,44.5821
0,5,32,0,0,44.5597
0,6,32,0,0,44.5339
0,7,32,0,0,44.5048
0,8,32,0,0,44.4724
0,9,32,0,0,44.437
0,10,32,0,0,44.3986
0,11,32,0,0,44.3575
0,12,32,0,0,44.3136
0,13,32,0,0,44.2672
0,14,32,0,0,44.2185
0,15,32,0,0,44.1675
0,16,32,0,0,44.1145
0,17,32,0,0,44.0596
0,18,32,0,0,44.003
0,19,32,0,0,43.9449
0,20,32,0,0,43.8853
0,21,32,0,0,43.8245
0,22,32,0,0,43.7626
0,23,32,0,0,43.6997
0,24,32,0,0,43.6361
0,25,32,0,0,43.5718
0,26,32,0,0,43.5069
0,27,32,0,0,43.4417
0,28,32,0,0,43.3762
0,29,32,0,0,43.3105
0,30,32,0,0,43.2448
0,31,32,0,0,43.1791
0,32,32,0,0,43.1136
0,33,32,0,0,43.0483
0,34,32,0,0,42.9833
0,35,32,0,0,42.9187
0,36,32,0,0,42.8546
0,37,32,0,0,42.7911
0,38,32,0,0,42.7281
0,39,32,0,0,42.6658
0,40,32,0,0,42.6043
0,41,32,0,0,42.5434
0,42,32,0,0,42.4834
0,43,32,0,0,42.4242
0,44,32,0,0,42.3659
0,45,32,0,0,42.3085
0,46,32,0,0,42.252
0,47,32,0,0,42.1964
0,48,32,0,0,42.1418
0,49,32,0,0,42.0881
0,50,32,0,0,42.0355
0,51,32,0,0,41.9838
0,52,32,0,0,41.9332
0,53,32,0,0,41.8835
0,54,32,0,0,41.8349
0,55,32,0,0,41.7873
0,56,32,0,0,41.7407
0,57,32,0,0,41.6951
0,58,32,0,0,41.6505
0,59,32,0,0,41.6069
0,60,32,0,0,41.5642
0,61,32,0,0,41.5226
0,62,32,0,0,41.4819
0,63,32,0,0,41.4422
0,64,32,0,6.09525e-06,41.4035
0,65,32,0,0,41.3651
0,66,32,0,0,41.3278
0,67,32,0,0,41.2913
0,68,32,0,0,41.2557
0,69,32,0,0,41.221
0,70,32,0,0,41.1872
0,71,32,0,0,41.1542
0,72,32,0,0,41.1221
0,73,32,0,0,41.0907
0,74,32,0,0,41.0602
0,75,32,0,0,41.0305
0,76,32,0,0,41.0016
0,77,32,0,0,40.9734
0,78,32,0,0,40.946
0,79,32,0,0,40.9193
0,80,32,0,0,40.8933
0,81,32,0,0,40.868
0,82,32,0,0,40.8434
0,83,32,0,0,40.8194
0,84,32,0,0,40.7961
0,85,32,0,0,40.7734
0,86,32,0,0,40.7514
0,87,32,0,0,40.73
0,88,32,0,0,40.7091
0,89,32,0,0,40.6889
0,90,32,0,0,40.6692
0,91,32,0,0,40.65
0,92,32,0,0,40.6314
0,93,32,0,0,40.6133
0,94,32,0,0,40.5957
0,95,32,0,0,40.5786
0,96,32,0,0,40.562
0,97,32,0,0,40.5459
0,98,32,0,0,40.5303
0,99,32,0,0,40.515
0,100,32,0,0,40.5003
0,101,32,0,0,40.4859
0,102,32,0,0,40.472
0,103,32,0,0,40.4584
0,104,32,0,0,40.4453
0,105,32,0,0,40.4325
0,106,32,0,0,40.4201
0,107,32,0,0,40.4081
0,108,32,0,0,40.3964
0,109,32,0,0,40.3851
0,110,32,0,0,40.3741
0,111,32,0,0,40.3635
0,112,32,0,0,40.3531
0,113,32,0,0,40.3431
0,114,32,0,0,40.3333
0,115,32,0,0,40.3239
0,116,32,0,0,40.3147
0,117,32,0,0,40.3058
0,118,32,0,0,40.2972
0,119,32,0,0,40.2889
0,120,32,0,0,40.2808
0,121,32,0,0,40.2729
0,122,32,0,0,40.2653
0,123,32,0,0,40.2579
0,124,32,0,0,40.2508
0,125,32,0,0,40.2439
0,126,32,0,0,40.2372
0,127,32,0,0,40.2307
0,128,32,0,6.09525e-06,40.2245
0,129,32,0,0,40.2179
0,130,32,0,0,40.2115
0,131,32,0,0,40.2053
0,132,32,0,0,40.1993
0,133,32,0,0,40.1935
0,134,32,0,0,40.1879
0,135,32,0,0,40.1824
0,136,32,0,0,40.1771
0,137,32,0,0,40.1719
0,138,32,0,0,40.1669
0,139,32,0,0,40.1621
0,140,32,0,0,40.1574
0,141,32,0,0,40.1528
0,142,32,0,0,40.1484
0,143,32,0,0,40.1441
0,144,32,0,0,40.14
0,145,32,0,0,40.136
0,146,32,0,0,40.1321
0,147,32,0,0,40.1283
0,148,32,0,0,40.1246
0,149,32,0,0,40.121
0,150,32,0,0,40.1176
0,151,32,0,0,40.1143
0,152,32,0,0,40.111
0,153,32,0,0,40.1079
0,154,32,0,0,40.1048
0,155,32,0,0,40.1019
0,156,32,0,0,40.099
0,157,32,0,0,40.0963
0,158,32,0,0,40.0936
0,159,32,0,0,40.091
0,160,32,0,0,40.0885
0,161,32,0,0,40.0861
0,162,32,0,0,40.0837
0,163,32,0,0,40.0815
0,164,32,0,0,40.0793
0,165,32,0,0,40.0771
0,166,32,0,0,40.0751
0,167,32,0,0,40.0731
0,168,32,0,0,40.0711
0,169,32,0,0,40.0693
0,170,32,0,0,40.0675
0,171,32,0,0,40.0657
0,172,32,0,0,40.0641
0,173,32,0,0,40.0624
0,174,32,0,0,40.0609
0,175,32,0,0,40.0594
0,176,32,0,0,40.0579
0,177,32,0,0,40.0565
0,178,32,0,0,40.0552
0,179,32,0,0,40.0539
0,180,32,0,0,40.0526
0,181,32,0,0,40.0514
0,182,32,0,0,40.0503
0,183,32,0,0,40.0492
0,184,32,0,0,40.0481
0,185,32,0,0,40.0471
0,186,32,0,0,40.0461
0,187,32,0,0,40.0452
0,188,32,0,0,40.0443
0,189,32,0,0,40.0435
0,190,32,0,0,40.0427
0,191,32,0,0,40.0419
0,192,32,0,6.09525e-06,40.0412
0,193,32,0,0,40.04
0,194,32,0,0,40.0388
0,195,32,0,0,40.0377
0,196,32,0,0,40.0367
0,197,32,0,0,40.0356
0,198,32,0,0,40.0346
0,199,32,0,0,40.0336
0,200,32,0,0,40.0327
0,201,32,0,0,40.0318
0,202,32,0,0,40.0309
0,203,32,0,0,40.0301
0,204,32,0,0,40.0293
0,205,32,0,0,40.0285
0,206,32,0,0,40.0277
0,207,32,0,0,40.0269
0,208,32,0,0,40.0262
0,209,32,0,0,40.0255
0,210,32,0,0,40.0249
0,211,32,0,0,40.0242
0,212,32,0,0,40.0236
0,213,32,0,0,40.023
0,214,32,0,0,40.0224
0,215,32,0,0,40.0218
0,216,32,0,0,40.0213
0,217,32,0,0,40.0208
0,218,32,0,0,40.0203
0,219,32,0,0,40.0198
0,220,32,0,0,40.0193
0,221,32,0,0,40.0189
0,222,32,0,0,40.0184
0,223,32,0,0,40.018
0,224,32,0,0,40.0176
0,225,32,0,0,40.0172
0,226,32,0,0,40.0169
0,227,32,0,0,40.0165
0,228,32,0,0,40.0162
0,229,32,0,0,40.0159
0,230,32,0,0,40.0155
0,231,32,0,0,40.0152
0,232,32,0,0,40.015
0,233,32,0,0,40.0147
0,234,32,0,0,40.0144
0,235,32,0,0,40.0142
0,236,32,0,0,40.014
0,237,32,0,0,40.0137
0,238,32,0,0,40.0135
0,239,32,0,0,40.0133
0,240,32,0,0,40.0132
0,241,32,0,0,40.013
0,242,32,0,0,40.0128
0,243,32,0,0,40.0127
0,244,32,0,0,40.0125
0,245,32,0,0,40.0124
0,246,32,0,0,40.0123
0,247,32,0,0,40.0122
0,248,32,0,0,40.0121
0,249,32,0,0,40.012
0,250,32,0,0,40.0119
0,251,32,0,0,40.0119
0,252,32,0,0,40.0118
0,253,32,0,0,40.0118
0,254,32,0,0,40.0117
0,255,32,0,0,40.0117
0,0,33,0,6.09525e-06,44.3857
0,1,33,0,0,44.3784
0,2,33,0,0,44.3677
0,3,33,0,0,44.3538
0,4,33,0,0,44.3365
0,5,33,0,0,44.3161
0,6,33,0,0,44.2925
0,7,33,0,0,44.2659
0,8,33,0,0,44.2363
0,9,33,0,0,44.2039
0,10,33,0,0,44.1688
0,11,33,0,0,44.1311
0,12,33,0,0,44.0909
0,13,33,0,0,44.0484
0,14,33,0,0,44.0036
0,15,33,0,0,43.9568
0,16,33,0,0,43.9081
0,17,33,0,0,43.8576
0,18,33,0,0,43.8055
0,19,33,0,0,43.7519
0,20,33,0,0,43.6969
0,21,33,0,0,43.6408
0,22,33,0,0,43.5836
0,23,33,0,0,43.5254
0,24,33,0,0,43.4665
0,25,33,0,0,43.4069
0,26,33,0,0,43.3467
0,27,33,0,0,43.2861
0,28,33,0,0,43.2252
0,29,33,0,0,43.164
0,30,33,0,0,43.1028
0,31,33,0,0,43.0415
0,32,33,0,0,42.9803
0,33,33,0,0,42.9193
0,34,33,0,0,42.8585
0,35,33,0,0,42.798
0,36,33,0,0,42.738
0,37,33,0,0,42.6783
0,38,33,0,0,42.6192
0,39,33,0,0,42.5606
0,40,33,0,0,42.5027
0,41,33,0,0,42.4454
0,42,33,0,0,42.3888
0,43,33,0,0,42.333
0,44,33,0,0,42.2779
0,45,33,0,0,42.2236
0,46,33,0,0,42.1701
0,47,33,0,0,42.1175
0,48,33,0,0,42.0658
0,49,33,0,0,42.0149
0,50,33,0,0,41.965
0,51,33,0,0,41.9159
0,52,33,0,0,41.8678
0,53,33,0,0,41.8205
0,54,33,0,0,41.7742
0,55,33,0,0,41.7289
0,56,33,0,0,41.6845
0,57,33,0,0,41.641
0,58,33,0,0,41.5984
0,59,33,0,0,41.5567
0,60,33,0,0,41.516
0,61,33,0,0,41.4762
0,62,33,0,0,41.4373
0,63,33,0,0,41.3992
0,64,33,0,6.09525e-06,41.3621
0,65,33,0,0,41.3254
0,66,33,0,0,41.2895
0,67,33,0,0,41.2544
0,68,33,0,0,41.2203
0,69,33,0,0,41.1869
0,70,33,0,0,41.1544
0,71,33,0,0,41.1227
0,72,33,0,0,41.0917
0,73,33,0,0,41.0616
0,74,33,0,0,41.0322
0,75,33,0,0,41.0035
0,76,33,0,0,40.9756
0,77,33,0,0,40.9484
0,78,33,0,0,40.9219
0,79,33,0,0,40.8961
0,80,33,0,0,40.871
0,81,33,0,0,40.8466
0,82,33,0,0,40.8228
0,83,33,0,0,40.7996
0,84,33,0,0,40.7771
0,85,33,0,0,40.7551
0,86,33,0,0,40.7338
0,87,33,0,0,40.713
0,88,33,0,0,40.6928
0,89,33,0,0,40.6732
0,90,33,0,0,40.6541
0,91,33,0,0,40.6355
0,92,33,0,0,40.6174
0,93,33,0,0,40.5998
0,94,33,0,0,40.5828
0,95,33,0,0,40.5662
0,96,33,0,0,40.55
0,97,33,0,0,40.5344
0,98,33,0,0,40.5191
0,99,33,0,0,40.5043
0,100,33,0,0,40.49
0,101,33,0,0,40.476
0,102,33,0,0,40.4624
0,103,33,0,0,40.4493
0,104,33,0,0,40.4365
0,105,33,0,0,40.424
0,106,33,0,0,40.412
0,107,33,0,0,40.4002
0,108,33,0,0,40.3889
0,109,33,0,0,40.3778
0,110,33,0,0,40.3671
0,111,33,0,0,40.3567
0,112,33,0,0,40.3466
0,113,33,0,0,40.3368
0,114,33,0,0,40.3273
0,115,33,0,0,40.3181
0,116,33,0,0,40.3091
0,117,33,0,0,40.3004
0,118,33,0,0,40.292
0,119,33,0,0,40.2839
0,120,33,0,0,40.2759
0,121,33,0,0,40.2683
0,122,33,0,0,40.2608
0,123,33,0,0,40.2536
0,124,33,0,0,40.2467
0,125,33,0,0,40.2399
0,126,33,0,0,40.2334
0,127,33,0,0,40.227
0,128,33,0,6.09525e-06,40.2209
0,129,33,0,0,40.2144
0,130,33,0,0,40.2082
0,131,33,0,0,40.2021
0,132,33,0,0,40.1962
0,133,33,0,0,40.1905
0,134,33,0,0,40.185
0,135,33,0,0,40.1796
0,136,33,0,0,40.1744
0,137,33,0,0,40.1694
0,138,33,0,0,40.1645
0,139,33,0,0,40.1597
0,140,33,0,0,40.1551
0,141,33,0,0,40.1506
0,142,33,0,0,40.1463
0,143,33,0,0,40.1421
0,144,33,0,0,40.138
0,145,33,0,0,40.1341
0,146,33,0,0,40.1302
0,147,33,0,0,40.1265
0,148,33,0,0,40.1229
0,149,33,0,0,40.1194
0,150,33,0,0,40.116
0,151,33,0,0,40.1127
0,152,33,0,0,40.1095
0,153,33,0,0,40.1065
0,154,33,0,0,40.1035
0,155,33,0,0,40.1006
0,156,33,0,0,40.0978
0,157,33,0,0,40.0951
0,158,33,0,0,40.0924
0,159,33,0,0,40.0899
0,160,33,0,0,40.0874
0,161,33,0,0,40.085
0,162,33,0,0,40.0827
0,163,33,0,0,40.0805
0,164,33,0,0,40.0783
0,165,33,0,0,40.0762
0,166,33,0,0,40.0742
0,167,33,0,0,40.0722
0,168,33,0,0,40.0703
0,169,33,0,0,40.0685
0,170,33,0,0,40.0667
0,171,33,0,0,40.065
0,172,33,0,0,40.0634
0,173,33,0,0,40.0618
0,174,33,0,0,40.0602
0,175,33,0,0,40.0587
0,176,33,0,0,40.0573
0,177,33,0,0,40.0559
0,178,33,0,0,40.0546
0,179,33,0,0,40.0533
0,180,33,0,0,40.0521
0,181,33,0,0,40.0509
0,182,33,0,0,40.0498
0,183,33,0,0,40.0487
0,184,33,0,0,40.0476
0,185,33,0,0,40.0466
0,186,33,0,0,40.0457
0,187,33,0,0,40.0448
0,188,33,0,0,40.0439
0,189,33,0,0,40.0431
0,190,33,0,0,40.0423
0,191,33,0,0,40.0415
0,192,33,0,6.09525e-06,40.0408
0,193,33,0,0,40.0396
0,194,33,0,0,40.0385
0,195,33,0,0,40.0374
0,196,33,0,0,40.0364
0,197,33,0,0,40.0353
0,198,33,0,0,40.0343
0,199,33,0,0,40.0334
0,200,33,0,0,40.0324
0,201,33,0,0,40.0315
0,202,33,0,0,40.0307
0,203,33,0,0,40.0298
0,204,33,0,0,40.029
0,205,33,0,0,40.0282
0,206,33,0,0,40.0275
0,207,33,0,0,40.0267
0,208,33,0,0,40.026
0,209,33,0,0,40.0253
0,210,33,0,0,40.0247
0,211,33,0,0,40.024
0,212,33,0,0,40.0234
0,213,33,0,0,40.0228
0,214,33,0,0,40.0222
0,215,33,0,0,40.0217
0,216,33,0,0,40.0211
0,217,33,0,0,40.0206
0,218,33,0,0,40.0201
0,219,33,0,0,40.0197
0,220,33,0,0,40.0192
0,221,33,0,0,40.0187
0,222,33,0,0,40.0183
0,223,33,0,0,40.0179
0,224,33,0,0,40.0175
0,225,33,0,0,40.0171
0,226,33,0,0,40.0168
0,227,33,0,0,40.0164
0,228,33,0,0,40.0161
0,229,33,0,0,40.0157
0,230,33,0,0,40.0154
0,231,33,0,0,40.0151
0,232,33,0,0,40.0149
0,233,33,0,0,40.0146
0,234,33,0,0,40.0143
0,235,33,0,0,40.0141
0,236,33,0,0,40.0139
0,237,33,0,0,40.0136
0,238,33,0,0,40.0134
0,239,33,0,0,40.0132
0,240,33,0,0,40.0131
0,241,33,0,0,40.0129
0,242,33,0,0,40.0127
0,243,33,0,0,40.0126
0,244,33,0,0,40.0125
0,245,33,0,0,40.0123
0,246,33,0,0,40.0122
0,247,33,0,0,40.0121
0,248,33,0,0,40.012
0,249,33,0,0,40.0119
0,250,33,0,0,40.0119
0,251,33,0,0,40.0118
0,252,33,0,0,40.0117
0,253,33,0,0,40.0117
0,254,33,0,0,40.0117
0,255,33,0,0,40.0117
0,0,34,0,6.09525e-06,44.1506
0,1,34,0,0,44.1439
0,2,34,0,0,44.1341
0,3,34,0,0,44.1214
0,4,34,0,0,44.1056
0,5,34,0,0,44.0869
0,6,34,0,0,44.0653
0,7,34,0,0,44.0409
0,8,34,0,0,44.0139
0,9,34,0,0,43.9842
0,10,34,0,0,43.952
0,11,34,0,0,43.9174
0,12,34,0,0,43.8805
0,13,34,0,0,43.8415
0,14,34,0,0,43.8004
0,15,34,0,0,43.7574
0,16,34,0,0,43.7125
0,17,34,0,0,43.666
0,18,34,0,0,43.618
0,19,34,0,0,43.5686
0,20,34,0,0,43.5178
0,21,34,0,0,43.466
0,22,34,0,0,43.413
0,23,34,0,0,43.3592
0,24,34,0,0,43.3046
0,25,34,0,0,43.2493
0,26,34,0,0,43.1934
0,27,34,0,0,43.1371
0,28,34,0,0,43.0804
0,29,34,0,0,43.0235
0,30,34,0,0,42.9664
0,31,34,0,0,42.9093
0,32,34,0,0,42.8521
0,33,34,0,0,42.7951
0,34,34,0,0,42.7382
0,35,34,0,0,42.6816
0,36,34,0,0,42.6253
0,37,34,0,0,42.5693
0,38,34,0,0,42.5138
0,39,34,0,0,42.4588
0,40,34,0,0,42.4042
0,41,34,0,0,42.3503
0,42,34,0,0,42.297
0,43,34,0,0,42.2443
0,44,34,0,0,42.1923
0,45,34,0,0,42.141
0,46,34,0,0,42.0904
0,47,34,0,0,42.0407
0,48,34,0,0,41.9916
0,49,34,0,0,41.9434
0,50,34,0,0,41.896
0,51,34,0,0,41.8495
0,52,34,0,0,41.8037
0,53,34,0,0,41.7588
0,54,34,0,0,41.7148
0,55,34,0,0,41.6716
0,56,34,0,0,41.6293
0,57,34,0,0,41.5878
0,58,34,0,0,41.5472
0,59,34,0,0,41.5074
0,60,34,0,0,41.4685
0,61,34,0,0,41.4305
0,62,34,0,0,41.3932
0,63,34,0,0,41.3569
0,64,34,0,6.09525e-06,41.3213
0,65,34,0,0,41.2861
0,66,34,0,0,41.2517
0,67,34,0,0,41.2181
0,68,34,0,0,41.1852
0,69,34,0,0,41.1532
0,70,34,0,0,41.1219
0,71,34,0,0,41.0914
0,72,34,0,0,41.0617
0,73,34,0,0,41.0326
0,74,34,0,0,41.0043
0,75,34,0,0,40.9767
0,76,34,0,0,40.9498
0,77,34,0,0,40.9236
0,78,34,0,0,40.898
0,79,34,0,0,40.8731
0,80,34,0,0,40.8489
0,81,34,0,0,40.8253
0,82,34,0,0,40.8023
0,83,34,0,0,40.7799
0,84,34,0,0,40.7581
0,85,34,0,0,40.7368
0,86,34,0,0,40.7162
0,87,34,0,0,40.6961
0,88,34,0,0,40.6765
0,89,34,0,0,40.6575
0,90,34,0,0,40.639
0,91,34,0,0,40.621
0,92,34,0,0,40.6034
0,93,34,0,0,40.5864
0,94,34,0,0,40.5698
0,95,34,0,0,40.5537
0,96,34,0,0,40.5381
0,97,34,0,0,40.5228
0,98,34,0,0,40.508
0,99,34,0,0,40.4936
0,100,34,0,0,40.4797
0,101,34,0,0,40.4661
0,102,34,0,0,40.4529
0,103,34,0,0,40.4401
0,104,34,0,0,40.4276
0,105,34,0,0,40.4155
0,106,34,0,0,40.4037
0,107,34,0,0,40.3923
0,108,34,0,0,40.3812
0,109,34,0,0,40.3705
0,110,34,0,0,40.36
0,111,34,0,0,40.3499
0,112,34,0,0,40.34
0,113,34,0,0,40.3305
0,114,34,0,0,40.3212
0,115,34,0,0,40.3122
0,116,34,0,0,40.3035
0,117,34,0,0,40.295
0,118,34,0,0,40.2868
0,119,34,0,0,40.2788
0,120,34,0,0,40.2711
0,121,34,0,0,40.2636
0,122,34,0,0,40.2563
0,123,34,0,0,40.2493
0,124,34,0,0,40.2425
0,125,34,0,0,40.2359
0,126,34,0,0,40.2295
0,127,34,0,0,40.2233
0,128,34,0,6.09525e-06,40.2173
0,129,34,0,0,40.211
0,130,34,0,0,40.2048
0,131,34,0,0,40.1989
0,132,34,0,0,40.1931
0,133,34,0,0,40.1875
0,134,34,0,0,40.1821
0,135,34,0,0,40.1769
0,136,34,0,0,40.1717
0,137,34,0,0,40.1668
0,138,34,0,0,40.162
0,139,34,0,0,40.1573
0,140,34,0,0,40.1528
0,141,34,0,0,40.1484
0,142,34,0,0,40.1441
0,143,34,0,0,40.14
0,144,34,0,0,40.136
0,145,34,0,0,40.1321
0,146,34,0,0,40.1284
0,147,34,0,0,40.1247
0,148,34,0,0,40.1212
0,149,34,0,0,40.1177
0,150,34,0,0,40.1144
0,151,34,0,0,40.1112
0,152,34,0,0,40.1081
0,153,34,0,0,40.105
0,154,34,0,0,40.1021
0,155,34,0,0,40.0992
0,156,34,0,0,40.0965
0,157,34,0,0,40.0938
0,158,34,0,0,40.0912
0,159,34,0,0,40.0887
0,160,34,0,0,40.0863
0,161,34,0,0,40.0839
0,162,34,0,0,40.0817
0,163,34,0,0,40.0795
0,164,34,0,0,40.0773
0,165,34,0,0,40.0753
0,166,34,0,0,40.0733
0,167,34,0,0,40.0713
0,168,34,0,0,40.0695
0,169,34,0,0,40.0677
0,170,34,0,0,40.0659
0,171,34,0,0,40.0643
0,172,34,0,0,40.0626
0,173,34,0,0,40.0611
0,174,34,0,0,40.0595
0,175,34,0,0,40.0581
0,176,34,0,0,40.0567
0,177,34,0,0,40.0553
0,178,34,0,0,40.054
0,179,34,0,0,40.0528
0,180,34,0,0,40.0515
0,181,34,0,0,40.0504
0,182,34,0,0,40.0493
0,183,34,0,0,40.0482
0,184,34,0,0,40.0472
0,185,34,0,0,40.0462
0,186,34,0,0,40.0452
0,187,34,0,0,40.0443
0,188,34,0,0,40.0435
0,189,34,0,0,40.0427
0,190,34,0,0,40.0419
0,191,34,0,0,40.0412
0,192,34,0,6.09525e-06,40.0405
0,193,34,0,0,40.0393
0,194,34,0,0,40.0382
0,195,34,0,0,40.0371
0,196,34,0,0,40.036
0,197,34,0,0,40.035
0,198,34,0,0,40.034
0,199,34,0,0,40.0331
0,200,34,0,0,40.0322
0,201,34,0,0,40.0313
0,202,34,0,0,40.0304
0,203,34,0,0,40.0296
0,204,34,0,0,40.0288
0,205,34,0,0,40.028
0,206,34,0,0,40.0273
0,207,34,0,0,40.0265
0,208,34,0,0,40.0258
0,209,34,0,0,40.0251
0,210,34,0,0,40.0245
0,211,34,0,0,40.0238
0,212,34,0,0,40.0232
0,213,34,0,0,40.0226
0,214,34,0,0,40.0221
0,215,34,0,0,40.0215
0,216,34,0,0,40.021
0,217,34,0,0,40.0205
0,218,34,0,0,40.02
0,219,34,0,0,40.0195
0,220,34,0,0,40.019
0,221,34,0,0,40.0186
0,222,34,0,0,40.0182
0,223,34,0,0,40.0178
0,224,34,0,0,40.0174
0,225,34,0,0,40.017
0,226,34,0,0,40.0166
0,227,34,0,0,40.0163
0,228,34,0,0,40.016
0,229,34,0,0,40.0156
0,230,34,0,0,40.0153
0,231,34,0,0,40.015
0,232,34,0,0,40.0148
0,233,34,0,0,40.0145
0,234,34,0,0,40.0142
0,235,34,0,0,40.014
0,236,34,0,0,40.0138
0,237,34,0,0,40.0136
0,238,34,0,0,40.0134
0,239,34,0,0,40.0132
0,240,34,0,0,40.013
0,241,34,0,0,40.0128
0,242,34,0,0,40.0127
0,243,34,0,0,40.0125
0,244,34,0,0,40.0124
0,245,34,0,0,40.0122
0,246,34,0,0,40.0121
0,247,34,0,0,40.012
0,248,34,0,0,40.0119
0,249,34,0,0,40.0119
0,250,34,0,0,40.0118
0,251,34,0,0,40.0117
0,252,34,0,0,40.0117
0,253,34,0,0,40.0116
0,254,34,0,0,40.0116
0,255,34,0,0,40.0116
0,0,35,0,6.09525e-06,43.9295
0,1,35,0,0,43.9234
0,2,35,0,0,43.9144
0,3,35,0,0,43.9027
0,4,35,0,0,43.8882
0,5,35,0,0,43.8711
0,6,35,0,0,43.8513
0,7,35,0,0,43.829
0,8,35,0,0,43.8041
0,9,35,0,0,43.7769
0,10,35,0,0,43.7474
0,11,35,0,0,43.7156
0,12,35,0,0,43.6818
0,13,35,0,0,43.6459
0,14,35,0,0,43.6081
0,15,35,0,0,43.5685
0,16,35,0,0,43.5272
0,17,35,0,0,43.4843
0,18,35,0,0,43.44
0,19,35,0,0,43.3944
0,20,35,0,0,43.3475
0,21,35,0,0,43.2996
0,22,35,0,0,43.2506
0,23,35,0,0,43.2007
0,24,35,0,0,43.1501
0,25,35,0,0,43.0988
0,26,35,0,0,43.0469
0,27,35,0,0,42.9945
0,28,35,0,0,42.9418
0,29,35,0,0,42.8888
0,30,35,0,0,42.8356
0,31,35,0,0,42.7822
0,32,35,0,0,42.7289
0,33,35,0,0,42.6756
0,34,35,0,0,42.6224
0,35,35,0,0,42.5693
0,36,35,0,0,42.5165
0,37,35,0,0,42.464
0,38,35,0,0,42.4119
0,39,35,0,0,42.3602
0,40,35,0,0,42.3089
0,41,35,0,0,42.2581
0,42,35,0,0,42.2079
0,43,35,0,0,42.1582
0,44,35,0,0,42.1091
0,45,35,0,0,42.0607
0,46,35,0,0,42.0129
0,47,35,0,0,41.9658
0,48,35,0,0,41.9194
0,49,35,0,0,41.8737
0,50,35,0,0,41.8287
0,51,35,0,0,41.7845
0,52,35,0,0,41.7411
0,53,35,0,0,41.6985
0,54,35,0,0,41.6566
0,55,35,0,0,41.6155
0,56,35,0,0,41.5752
0,57,35,0,0,41.5357
0,58,35,0,0,41.4969
0,59,35,0,0,41.459
0,60,35,0,0,41.4219
0,61,35,0,0,41.3855
0,62,35,0,0,41.3499
0,63,35,0,0,41.3151
0,64,35,0,6.09525e-06,41.2811
0,65,35,0,0,41.2474
0,66,35,0,0,41.2144
0,67,35,0,0,41.1822
0,68,35,0,0,41.1507
0,69,35,0,0,41.1199
0,70,35,0,0,41.0899
0,71,35,0,0,41.0605
0,72,35,0,0,41.0319
0,73,35,0,0,41.004
0,74,35,0,0,40.9767
0,75,35,0,0,40.9502
0,76,35,0,0,40.9243
0,77,35,0,0,40.899
0,78,35,0,0,40.8743
0,79,35,0,0,40.8503
0,80,35,0,0,40.8269
0,81,35,0,0,40.8041
0,82,35,0,0,40.7819
0,83,35,0,0,40.7603
0,84,35,0,0,40.7392
0,85,35,0,0,40.7187
0,86,35,0,0,40.6987
0,87,35,0,0,40.6792
0,88,35,0,0,40.6603
0,89,35,0,0,40.6419
0,90,35,0,0,40.6239
0,91,35,0,0,40.6065
0,92,35,0,0,40.5895
0,93,35,0,0,40.573
0,94,35,0,0,40.5569
0,95,35,0,0,40.5413
0,96,35,0,0,40.5261
0,97,35,0,0,40.5113
0,98,35,0,0,40.4969
0,99,35,0,0,40.4829
0,100,35,0,0,40.4694
0,101,35,0,0,40.4562
0,102,35,0,0,40.4433
0,103,35,0,0,40.4309
0,104,35,0,0,40.4187
0,105,35,0,0,40.407
0,106,35,0,0,40.3955
0,107,35,0,0,40.3844
0,108,35,0,0,40.3736
0,109,35,0,0,40.3631
0,110,35,0,0,40.353
0,111,35,0,0,40.3431
0,112,35,0,0,40.3335
0,113,35,0,0,40.3242
0,114,35,0,0,40.3151
0,115,35,0,0,40.3063
0,116,35,0,0,40.2978
0,117,35,0,0,40.2896
0,118,35,0,0,40.2815
0,119,35,0,0,40.2738
0,120,35,0,0,40.2662
0,121,35,0,0,40.2589
0,122,35,0,0,40.2518
0,123,35,0,0,40.2449
0,124,35,0,0,40.2383
0,125,35,0,0,40.2318
0,126,35,0,0,40.2256
0,127,35,0,0,40.2195
0,128,35,0,6.09525e-06,40.2137
0,129,35,0,0,40.2075
0,130,35,0,0,40.2015
0,131,35,0,0,40.1957
0,132,35,0,0,40.19
0,133,35,0,0,40.1845
0,134,35,0,0,40.1792
0,135,35,0,0,40.1741
0,136,35,0,0,40.169
0,137,35,0,0,40.1642
0,138,35,0,0,40.1595
0,139,35,0,0,40.1549
0,140,35,0,0,40.1505
0,141,35,0,0,40.1462
0,142,35,0,0,40.142
0,143,35,0,0,40.1379
0,144,35,0,0,40.134
0,145,35,0,0,40.1302
0,146,35,0,0,40.1265
0,147,35,0,0,40.1229
0,148,35,0,0,40.1194
0,149,35,0,0,40.1161
0,150,35,0,0,40.1128
0,151,35,0,0,40.1096
0,152,35,0,0,40.1066
0,153,35,0,0,40.1036
0,154,35,0,0,40.1007
0,155,35,0,0,40.0979
0,156,35,0,0,40.0952
0,157,35,0,0,40.0926
0,158,35,0,0,40.09
0,159,35,0,0,40.0876
0,160,35,0,0,40.0852
0,161,35,0,0,40.0829
0,162,35,0,0,40.0806
0,163,35,0,0,40.0785
0,164,35,0,0,40.0764
0,165,35,0,0,40.0743
0,166,35,0,0,40.0724
0,167,35,0,0,40.0705
0,168,35,0,0,40.0686
0,169,35,0,0,40.0669
0,170,35,0,0,40.0652
0,171,35,0,0,40.0635
0,172,35,0,0,40.0619
0,173,35,0,0,40.0604
0,174,35,0,0,40.0589
0,175,35,0,0,40.0574
0,176,35,0,0,40.056
0,177,35,0,0,40.0547
0,178,35,0,0,40.0534
0,179,35,0,0,40.0522
0,180,35,0,0,40.051
0,181,35,0,0,40.0499
0,182,35,0,0,40.0488
0,183,35,0,0,40.0477
0,184,35,0,0,40.0467
0,185,35,0,0,40.0457
0,186,35,0,0,40.0448
0,187,35,0,0,40.0439
0,188,35,0,0,40.0431
0,189,35,0,0,40.0423
0,190,35,0,0,40.0415
0,191,35,0,0,40.0408
0,192,35,0,6.09525e-06,40.0401
0,193,35,0,0,40.039
0,194,35,0,0,40.0378
0,195,35,0,0,40.0368
0,196,35,0,0,40.0357
0,197,35,0,0,40.0347
0,198,35,0,0,40.0337
0,199,35,0,0,40.0328
0,200,35,0,0,40.0319
0,201,35,0,0,40.031
0,202,35,0,0,40.0302
0,203,35,0,0,40.0293
0,204,35,0,0,40.0285
0,205,35,0,0,40.0278
0,206,35,0,0,40.027
0,207,35,0,0,40.0263
0,208,35,0,0,40.0256
0,209,35,0,0,40.0249
0,210,35,0,0,40.0243
0,211,35,0,0,40.0237
0,212,35,0,0,40.0231
0,213,35,0,0,40.0225
0,214,35,0,0,40.0219
0,215,35,0,0,40.0214
0,216,35,0,0,40.0208
0,217,35,0,0,40.0203
0,218,35,0,0,40.0198
0,219,35,0,0,40.0194
0,220,35,0,0,40.0189
0,221,35,0,0,40.0185
0,222,35,0,0,40.018
0,223,35,0,0,40.0176
0,224,35,0,0,40.0172
0,225,35,0,0,40.0169
0,226,35,0,0,40.0165
0,227,35,0,0,40.0162
0,228,35,0,0,40.0158
0,229,35,0,0,40.0155
0,230,35,0,0,40.0152
0,231,35,0,0,40.0149
0,232,35,0,0,40.0147
0,233,35,0,0,40.0144
0,234,35,0,0,40.0141
0,235,35,0,0,40.0139
0,236,35,0,0,40.0137
0,237,35,0,0,40.0135
0,238,35,0,0,40.0133
0,239,35,0,0,40.0131
0,240,35,0,0,40.0129
0,241,35,0,0,40.0127
0,242,35,0,0,40.0126
0,243,35,0,0,40.0124
0,244,35,0,0,40.0123
0,245,35,0,0,40.0122
0,246,35,0,0,40.0121
0,247,35,0,0,40.0119
0,248,35,0,0,40.0119
0,249,35,0,0,40.0118
0,250,35,0,0,40.0117
0,251,35,0,0,40.0116
0,252,35,0,0,40.0116
0,253,35,0,0,40.0116
0,254,35,0,0,40.0115
0,255,35,0,0,40.0115
0,0,36,0,6.09525e-06,43.7215
0,1,36,0,0,43.7159
0,2,36,0,0,43.7076
0,3,36,0,0,43.6968
0,4,36,0,0,43.6836
0,5,36,0,0,43.6678
0,6,36,0,0,43.6497
0,7,36,0,0,43.6292
0,8,36,0,0,43.6064
0,9,36,0,0,43.5814
0,10,36,0,0,43.5542
0,11,36,0,0,43.525
0,12,36,0,0,43.4939
0,13,36,0,0,43.4609
0,14,36,0,0,43.4261
0,15,36,0,0,43.3896
0,16,36,0,0,43.3515
0,17,36,0,0,43.312
0,18,36,0,0,43.2711
0,19,36,0,0,43.2289
0,20,36,0,0,43.1856
0,21,36,0,0,43.1412
0,22,36,0,0,43.0959
0,23,36,0,0,43.0497
0,24,36,0,0,43.0027
0,25,36,0,0,42.9551
0,26,36,0,0,42.9068
0,27,36,0,0,42.8582
0,28,36,0,0,42.8091
0,29,36,0,0,42.7597
0,30,36,0,0,42.7101
0,31,36,0,0,42.6603
0,32,36,0,0,42.6105
0,33,36,0,0,42.5606
0,34,36,0,0,42.5108
0,35,36,0,0,42.4612
0,36,36,0,0,42.4117
0,37,36,0,0,42.3624
0,38,36,0,0,42.3135
0,39,36,0,0,42.2649
0,40,36,0,0,42.2167
0,41,36,0,0,42.1689
0,42,36,0,0,42.1215
0,43,36,0,0,42.0747
0,44,36,0,0,42.0284
0,45,36,0,0,41.9826
0,46,36,0,0,41.9375
0,47,36,0,0,41.8929
0,48,36,0,0,41.849
0,49,36,0,0,41.8057
0,50,36,0,0,41.7631
0,51,36,0,0,41.7212
0,52,36,0,0,41.68
0,53,36,0,0,41.6395
0,54,36,0,0,41.5997
0,55,36,0,0,41.5606
0,56,36,0,0,41.5222
0,57,36,0,0,41.4846
0,58,36,0,0,41.4477
0,59,36,0,0,41.4115
0,60,36,0,0,41.3761
0,61,36,0,0,41.3414
0,62,36,0,0,41.3074
0,63,36,0,0,41.2741
0,64,36,0,6.09525e-06,41.2416
0,65,36,0,0,41.2093
0,66,36,0,0,41.1777
0,67,36,0,0,41.1468
0,68,36,0,0,41.1166
0,69,36,0,0,41.087
0,70,36,0,0,41.0582
0,71,36,0,0,41.03
0,72,36,0,0,41.0025
0,73,36,0,0,40.9757
0,74,36,0,0,40.9495
0,75,36,0,0,40.9239
0,76,36,0,0,40.899
0,77,36,0,0,40.8746
0,78,36,0,0,40.8509
0,79,36,0,0,40.8277
0,80,36,0,0,40.8052
0,81,36,0,0,40.7832
0,82,36,0,0,40.7617
0,83,36,0,0,40.7408
0,84,36,0,0,40.7205
0,85,36,0,0,40.7006
0,86,36,0,0,40.6813
0,87,36,0,0,40.6625
0,88,36,0,0,40.6442
0,89,36,0,0,40.6263
0,90,36,0,0,40.609
0,91,36,0,0,40.5921
0,92,36,0,0,40.5756
0,93,36,0,0,40.5596
0,94,36,0,0,40.544
0,95,36,0,0,40.5289
0,96,36,0,0,40.5141
0,97,36,0,0,40.4998
0,98,36,0,0,40.4858
0,99,36,0,0,40.4723
0,100,36,0,0,40.4591
0,101,36,0,0,40.4462
0,102,36,0,0,40.4338
0,103,36,0,0,40.4217
0,104,36,0,0,40.4099
0,105,36,0,0,40.3984
0,106,36,0,0,40.3873
0,107,36,0,0,40.3765
0,108,36,0,0,40.366
0,109,36,0,0,40.3558
0,110,36,0,0,40.3459
0,111,36,0,0,40.3362
0,112,36,0,0,40.3269
0,113,36,0,0,40.3178
0,114,36,0,0,40.309
0,115,36,0,0,40.3005
0,116,36,0,0,40.2922
0,117,36,0,0,40.2841
0,118,36,0,0,40.2763
0,119,36,0,0,40.2687
0,120,36,0,0,40.2613
0,121,36,0,0,40.2542
0,122,36,0,0,40.2473
0,123,36,0,0,40.2406
0,124,36,0,0,40.2341
0,125,36,0,0,40.2278
0,126,36,0,0,40.2217
0,127,36,0,0,40.2157
0,128,36,0,6.09525e-06,40.21
0,129,36,0,0,40.204
0,130,36,0,0,40.1981
0,131,36,0,0,40.1924
0,132,36,0,0,40.1869
0,133,36,0,0,40.1815
0,134,36,0,0,40.1763
0,135,36,0,0,40.1712
0,136,36,0,0,40.1663
0,137,36,0,0,40.1616
0,138,36,0,0,40.157
0,139,36,0,0,40.1525
0,140,36,0,0,40.1481
0,141,36,0,0,40.1439
0,142,36,0,0,40.1398
0,143,36,0,0,40.1358
0,144,36,0,0,40.132
0,145,36,0,0,40.1282
0,146,36,0,0,40.1246
0,147,36,0,0,40.1211
0,148,36,0,0,40.1177
0,149,36,0,0,40.1144
0,150,36,0,0,40.1112
0,151,36,0,0,40.1081
0,152,36,0,0,40.105
0,153,36,0,0,40.1021
0,154,36,0,0,40.0993
0,155,36,0,0,40.0965
0,156,36,0,0,40.0939
0,157,36,0,0,40.0913
0,158,36,0,0,40.0888
0,159,36,0,0,40.0864
0,160,36,0,0,40.084
0,161,36,0,0,40.0818
0,162,36,0,0,40.0796
0,163,36,0,0,40.0774
0,164,36,0,0,40.0754
0,165,36,0,0,40.0734
0,166,36,0,0,40.0715
0,167,36,0,0,40.0696
0,168,36,0,0,40.0678
0,169,36,0,0,40.066
0,170,36,0,0,40.0644
0,171,36,0,0,40.0627
0,172,36,0,0,40.0612
0,173,36,0,0,40.0596
0,174,36,0,0,40.0582
0,175,36,0,0,40.0568
0,176,36,0,0,40.0554
0,177,36,0,0,40.0541
0,178,36,0,0,40.0528
0,179,36,0,0,40.0516
0,180,36,0,0,40.0504
0,181,36,0,0,40.0493
0,182,36,0,0,40.0482
0,183,36,0,0,40.0472
0,184,36,0,0,40.0462
0,185,36,0,0,40.0453
0,186,36,0,0,40.0443
0,187,36,0,0,40.0435
0,188,36,0,0,40.0427
0,189,36,0,0,40.0419
0,190,36,0,0,40.0411
0,191,36,0,0,40.0404
0,192,36,0,6.09525e-06,40.0397
0,193,36,0,0,40.0386
0,194,36,0,0,40.0375
0,195,36,0,0,40.0364
0,196,36,0,0,40.0354
0,197,36,0,0,40.0344
0,198,36,0,0,40.0335
0,199,36,0,0,40.0325
0,200,36,0,0,40.0316
0,201,36,0,0,40.0307
0,202,36,0,0,40.0299
0,203,36,0,0,40.0291
0,204,36,0,0,40.0283
0,205,36,0,0,40.0275
0,206,36,0,0,40.0268
0,207,36,0,0,40.0261
0,208,36,0,0,40.0254
0,209,36,0,0,40.0247
0,210,36,0,0,40.0241
0,211,36,0,0,40.0235
0,212,36,0,0,40.0229
0,213,36,0,0,40.0223
0,214,36,0,0,40.0217
0,215,36,0,0,40.0212
0,216,36,0,0,40.0207
0,217,36,0,0,40.0202
0,218,36,0,0,40.0197
0,219,36,0,0,40.0192
0,220,36,0,0,40.0188
0,221,36,0,0,40.0183
0,222,36,0,0,40.0179
0,223,36,0,0,40.0175
0,224,36,0,0,40.0171
0,225,36,0,0,40.0167
0,226,36,0,0,40.0164
0,227,36,0,0,40.016
0,228,36,0,0,40.0157
0,229,36,0,0,40.0154
0,230,36,0,0,40.0151
0,231,36,0,0,40.0148
0,232,36,0,0,40.0145
0,233,36,0,0,40.0143
0,234,36,0,0,40.014
0,235,36,0,0,40.0138
0,236,36,0,0,40.0136
0,237,36,0,0,40.0134
0,238,36,0,0,40.0132
0,239,36,0,0,40.013
0,240,36,0,0,40.0128
0,241,36,0,0,40.0126
0,242,36,0,0,40.0125
0,243,36,0,0,40.0123
0,244,36,0,0,40.0122
0,245,36,0,0,40.0121
0,246,36,0,0,40.012
0,247,36,0,0,40.0119
0,248,36,0,0,40.0118
0,249,36,0,0,40.0117
0,250,36,0,0,40.0116
0,251,36,0,0,40.0116
0,252,36,0,0,40.0115
0,253,36,0,0,40.0115
0,254,36,0,0,40.0114
0,255,36,0,0,40.0114
0,0,37,0,6.09525e-06,43.5257
0,1,37,0,0,43.5204
0,2,37,0,0,43.5129
0,3,37,0,0,43.5029
0,4,37,0,0,43.4907
0,5,37,0,0,43.4763
0,6,37,0,0,43.4596
0,7,37,0,0,43.4407
0,8,37,0,0,43.4198
0,9,37,0,0,43.3968
0,10,37,0,0,43.3718
0,11,37,0,0,43.345
0,12,37,0,0,43.3163
0,13,37,0,0,43.2859
0,14,37,0,0,43.2538
0,15,37,0,0,43.2202
0,16,37,0,0,43.185
0,17,37,0,0,43.1485
0,18,37,0,0,43.1108
0,19,37,0,0,43.0718
0,20,37,0,0,43.0317
0,21,37,0,0,42.9906
0,22,37,0,0,42.9486
0,23,37,0,0,42.9057
0,24,37,0,0,42.8621
0,25,37,0,0,42.8179
0,26,37,0,0,42.7731
0,27,37,0,0,42.7278
0,28,37,0,0,42.6821
0,29,37,0,0,42.636
0,30,37,0,0,42.5898
0,31,37,0,0,42.5433
0,32,37,0,0,42.4968
0,33,37,0,0,42.4502
0,34,37,0,0,42.4036
0,35,37,0,0,42.3571
0,36,37,0,0,42.3107
0,37,37,0,0,42.2645
0,38,37,0,0,42.2185
0,39,37,0,0,42.1728
0,40,37,0,0,42.1275
0,41,37,0,0,42.0825
0,42,37,0,0,42.0379
0,43,37,0,0,41.9938
0,44,37,0,0,41.9501
0,45,37,0,0,41.9069
0,46,37,0,0,41.8642
0,47,37,0,0,41.8221
0,48,37,0,0,41.7806
0,49,37,0,0,41.7396
0,50,37,0,0,41.6992
0,51,37,0,0,41.6595
0,52,37,0,0,41.6204
0,53,37,0,0,41.5819
0,54,37,0,0,41.5441
0,55,37,0,0,41.5069
0,56,37,0,0,41.4704
0,57,37,0,0,41.4346
0,58,37,0,0,41.3994
0,59,37,0,0,41.365
0,60,37,0,0,41.3312
0,61,37,0,0,41.298
0,62,37,0,0,41.2656
0,63,37,0,0,41.2338
0,64,37,0,6.09525e-06,41.2027
0,65,37,0,0,41.1718
0,66,37,0,0,41.1415
0,67,37,0,0,41.1119
0,68,37,0,0,41.083
0,69,37,0,0,41.0547
0,70,37,0,0,41.027
0,71,37,0,0,41
0,72,37,0,0,40.9736
0,73,37,0,0,40.9478
0,74,37,0,0,40.9226
0,75,37,0,0,40.898
0,76,37,0,0,40.874
0,77,37,0,0,40.8505
0,78,37,0,0,40.8277
0,79,37,0,0,40.8054
0,80,37,0,0,40.7836
0,81,37,0,0,40.7624
0,82,37,0,0,40.7417
0,83,37,0,0,40.7215
0,84,37,0,0,40.7019
0,85,37,0,0,40.6827
0,86,37,0,0,40.6641
0,87,37,0,0,40.6459
0,88,37,0,0,40.6282
0,89,37,0,0,40.6109
0,90,37,0,0,40.5941
0,91,37,0,0,40.5777
0,92,37,0,0,40.5618
0,93,37,0,0,40.5463
0,94,37,0,0,40.5312
0,95,37,0,0,40.5165
0,96,37,0,0,40.5022
0,97,37,0,0,40.4883
0,98,37,0,0,40.4748
0,99,37,0,0,40.4616
0,100,37,0,0,40.4488
0,101,37,0,0,40.4364
0,102,37,0,0,40.4243
0,103,37,0,0,40.4125
0,104,37,0,0,40.401
0,105,37,0,0,40.3899
0,106,37,0,0,40.3791
0,107,37,0,0,40.3686
0,108,37,0,0,40.3584
0,109,37,0,0,40.3484
0,110,37,0,0,40.3388
0,111,37,0,0,40.3294
0,112,37,0,0,40.3203
0,113,37,0,0,40.3115
0,114,37,0,0,40.3029
0,115,37,0,0,40.2946
0,116,37,0,0,40.2865
0,117,37,0,0,40.2786
0,118,37,0,0,40.271
0,119,37,0,0,40.2636
0,120,37,0,0,40.2564
0,121,37,0,0,40.2495
0,122,37,0,0,40.2427
0,123,37,0,0,40.2362
0,124,37,0,0,40.2298
0,125,37,0,0,40.2237
0,126,37,0,0,40.2177
0,127,37,0,0,40.212
0,128,37,0,6.09525e-06,40.2064
0,129,37,0,0,40.2004
0,130,37,0,0,40.1947
0,131,37,0,0,40.1891
0,132,37,0,0,40.1837
0,133,37,0,0,40.1785
0,134,37,0,0,40.1734
0,135,37,0,0,40.1684
0,136,37,0,0,40.1636
0,137,37,0,0,40.1589
0,138,37,0,0,40.1544
0,139,37,0,0,40.15
0,140,37,0,0,40.1458
0,141,37,0,0,40.1416
0,142,37,0,0,40.1376
0,143,37,0,0,40.1337
0,144,37,0,0,40.1299
0,145,37,0,0,40.1263
0,146,37,0,0,40.1227
0,147,37,0,0,40.1193
0,148,37,0,0,40.1159
0,149,37,0,0,40.1127
0,150,37,0,0,40.1095
0,151,37,0,0,40.1065
0,152,37,0,0,40.1035
0,153,37,0,0,40.1006
0,154,37,0,0,40.0979
0,155,37,0,0,40.0952
0,156,37,0,0,40.0925
0,157,37,0,0,40.09
0,158,37,0,0,40.0876
0,159,37,0,0,40.0852
0,160,37,0,0,40.0829
0,161,37,0,0,40.0807
0,162,37,0,0,40.0785
0,163,37,0,0,40.0764
0,164,37,0,0,40.0744
0,165,37,0,0,40.0724
0,166,37,0,0,40.0705
0,167,37,0,0,40.0687
0,168,37,0,0,40.0669
0,169,37,0,0,40.0652
0,170,37,0,0,40.0636
0,171,37,0,0,40.062
0,172,37,0,0,40.0604
0,173,37,0,0,40.0589
0,174,37,0,0,40.0575
0,175,37,0,0,40.0561
0,176,37,0,0,40.0547
0,177,37,0,0,40.0535
0,178,37,0,0,40.0522
0,179,37,0,0,40.051
0,180,37,0,0,40.0499
0,181,37,0,0,40.0488
0,182,37,0,0,40.0477
0,183,37,0,0,40.0467
0,184,37,0,0,40.0457
0,185,37,0,0,40.0448
0,186,37,0,0,40.0439
0,187,37,0,0,40.043
0,188,37,0,0,40.0422
0,189,37,0,0,40.0415
0,190,37,0,0,40.0407
0,191,37,0,0,40.04
0,192,37,0,6.09525e-06,40.0394
0,193,37,0,0,40.0382
0,194,37,0,0,40.0372
0,195,37,0,0,40.0361
0,196,37,0,0,40.0351
0,197,37,0,0,40.0341
0,198,37,0,0,40.0331
0,199,37,0,0,40.0322
0,200,37,0,0,40.0313
0,201,37,0,0,40.0305
0,202,37,0,0,40.0296
0,203,37,0,0,40.0288
0,204,37,0,0,40.0281
0,205,37,0,0,40.0273
0,206,37,0,0,40.0266
0,207,37,0,0,40.0259
0,208,37,0,0,40.0252
0,209,37,0,0,40.0245
0,210,37,0,0,40.0239
0,211,37,0,0,40.0233
0,212,37,0,0,40.0227
0,213,37,0,0,40.0221
0,214,37,0,0,40.0215
0,215,37,0,0,40.021
0,216,37,0,0,40.0205
0,217,37,0,0,40.02
0,218,37,0,0,40.0195
0,219,37,0,0,40.019
0,220,37,0,0,40.0186
0,221,37,0,0,40.0182
0,222,37,0,0,40.0178
0,223,37,0,0,40.0174
0,224,37,0,0,40.017
0,225,37,0,0,40.0166
0,226,37,0,0,40.0163
0,227,37,0,0,40.0159
0,228,37,0,0,40.0156
0,229,37,0,0,40.0153
0,230,37,0,0,40.015
0,231,37,0,0,40.0147
0,232,37,0,0,40.0144
0,233,37,0,0,40.0142
0,234,37,0,0,40.0139
0,235,37,0,0,40.0137
0,236,37,0,0,40.0135
0,237,37,0,0,40.0133
0,238,37,0,0,40.0131
0,239,37,0,0,40.0129
0,240,37,0,0,40.0127
0,241,37,0,0,40.0125
0,242,37,0,0,40.0124
0,243,37,0,0,40.0122
0,244,37,0,0,40.0121
0,245,37,0,0,40.012
0,246,37,0,0,40.0119
0,247,37,0,0,40.0118
0,248,37,0,0,40.0117
0,249,37,0,0,40.0116
0,250,37,0,0,40.0115
0,251,37,0,0,40.0115
0,252,37,0,0,40.0114
0,253,37,0,0,40.0114
0,254,37,0,0,40.0114
0,255,37,0,0,40.0113
0,0,38,0,6.09525e-06,43.3412
0,1,38,0,0,43.3363
0,2,38,0,0,43.3293
0,3,38,0,0,43.3202
0,4,38,0,0,43.309
0,5,38,0,0,43.2956
0,6,38,0,0,43.2803
0,7,38,0,0,43.2629
0,8,38,0,0,43.2437
0,9,38,0,0,43.2225
0,10,38,0,0,43.1995
0,11,38,0,0,43.1748
0,12,38,0,0,43.1483
0,13,38,0,0,43.1203
0,14,38,0,0,43.0907
0,15,38,0,0,43.0596
0,16,38,0,0,43.0272
0,17,38,0,0,42.9935
0,18,38,0,0,42.9586
0,19,38,0,0,42.9225
0,20,38,0,0,42.8854
0,21,38,0,0,42.8473
0,22,38,0,0,42.8083
0,23,38,0,0,42.7686
0,24,38,0,0,42.7281
0,25,38,0,0,42.687
0,26,38,0,0,42.6453
0,27,38,0,0,42.6031
0,28,38,0,0,42.5606
0,29,38,0,0,42.5177
0,30,38,0,0,42.4745
0,31,38,0,0,42.4311
0,32,38,0,0,42.3876
0,33,38,0,0,42.3441
0,34,38,0,0,42.3005
0,35,38,0,0,42.2569
0,36,38,0,0,42.2134
0,37,38,0,0,42.1701
0,38,38,0,0,42.1269
0,39,38,0,0,42.084
0,40,38,0,0,42.0414
0,41,38,0,0,41.999
0,42,38,0,0,41.9571
0,43,38,0,0,41.9155
0,44,38,0,0,41.8743
0,45,38,0,0,41.8335
0,46,38,0,0,41.7932
0,47,38,0,0,41.7534
0,48,38,0,0,41.7141
0,49,38,0,0,41.6753
0,50,38,0,0,41.6371
0,51,38,0,0,41.5994
0,52,38,0,0,41.5623
0,53,38,0,0,41.5258
0,54,38,0,0,41.4899
0,55,38,0,0,41.4545
0,56,38,0,0,41.4198
0,57,38,0,0,41.3857
0,58,38,0,0,41.3523
0,59,38,0,0,41.3194
0,60,38,0,0,41.2872
0,61,38,0,0,41.2556
0,62,38,0,0,41.2247
0,63,38,0,0,41.1943
0,64,38,0,6.09525e-06,41.1646
0,65,38,0,0,41.135
0,66,38,0,0,41.1061
0,67,38,0,0,41.0777
0,68,38,0,0,41.05
0,69,38,0,0,41.0228
0,70,38,0,0,40.9963
0,71,38,0,0,40.9704
0,72,38,0,0,40.945
0,73,38,0,0,40.9202
0,74,38,0,0,40.896
0,75,38,0,0,40.8724
0,76,38,0,0,40.8493
0,77,38,0,0,40.8267
0,78,38,0,0,40.8047
0,79,38,0,0,40.7832
0,80,38,0,0,40.7623
0,81,38,0,0,40.7418
0,82,38,0,0,40.7219
0,83,38,0,0,40.7024
0,84,38,0,0,40.6835
0,85,38,0,0,40.665
0,86,38,0,0,40.6469
0,87,38,0,0,40.6294
0,88,38,0,0,40.6123
0,89,38,0,0,40.5956
0,90,38,0,0,40.5793
0,91,38,0,0,40.5635
0,92,38,0,0,40.5481
0,93,38,0,0,40.5331
0,94,38,0,0,40.5185
0,95,38,0,0,40.5042
0,96,38,0,0,40.4904
0,97,38,0,0,40.4769
0,98,38,0,0,40.4638
0,99,38,0,0,40.451
0,100,38,0,0,40.4386
0,101,38,0,0,40.4265
0,102,38,0,0,40.4148
0,103,38,0,0,40.4033
0,104,38,0,0,40.3922
0,105,38,0,0,40.3814
0,106,38,0,0,40.3709
0,107,38,0,0,40.3607
0,108,38,0,0,40.3507
0,109,38,0,0,40.3411
0,110,38,0,0,40.3317
0,111,38,0,0,40.3226
0,112,38,0,0,40.3137
0,113,38,0,0,40.3051
0,114,38,0,0,40.2968
0,115,38,0,0,40.2887
0,116,38,0,0,40.2808
0,117,38,0,0,40.2732
0,118,38,0,0,40.2657
0,119,38,0,0,40.2585
0,120,38,0,0,40.2515
0,121,38,0,0,40.2448
0,122,38,0,0,40.2382
0,123,38,0,0,40.2318
0,124,38,0,0,40.2256
0,125,38,0,0,40.2196
0,126,38,0,0,40.2138
0,127,38,0,0,40.2082
0,128,38,0,6.09525e-06,40.2027
0,129,38,0,0,40.1969
0,130,38,0,0,40.1913
0,131,38,0,0,40.1858
0,132,38,0,0,40.1805
0,133,38,0,0,40.1754
0,134,38,0,0,40.1704
0,135,38,0,0,40.1656
0,136,38,0,0,40.1609
0,137,38,0,0,40.1563
0,138,38,0,0,40.1519
0,139,38,0,0,40.1476
0,140,38,0,0,40.1434
0,141,38,0,0,40.1393
0,142,38,0,0,40.1354
0,143,38,0,0,40.1316
0,144,38,0,0,40.1279
0,145,38,0,0,40.1243
0,146,38,0,0,40.1208
0,147,38,0,0,40.1174
0,148,38,0,0,40.1141
0,149,38,0,0,40.111
0,150,38,0,0,40.1079
0,151,38,0,0,40.1049
0,152,38,0,0,40.102
0,153,38,0,0,40.0992
0,154,38,0,0,40.0964
0,155,38,0,0,40.0938
0,156,38,0,0,40.0912
0,157,38,0,0,40.0887
0,158,38,0,0,40.0863
0,159,38,0,0,40.084
0,160,38,0,0,40.0817
0,161,38,0,0,40.0795
0,162,38,0,0,40.0774
0,163,38,0,0,40.0754
0,164,38,0,0,40.0734
0,165,38,0,0,40.0715
0,166,38,0,0,40.0696
0,167,38,0,0,40.0678
0,168,38,0,0,40.0661
0,169,38,0,0,40.0644
0,170,38,0,0,40.0627
0,171,38,0,0,40.0612
0,172,38,0,0,40.0597
0,173,38,0,0,40.0582
0,174,38,0,0,40.0568
0,175,38,0,0,40.0554
0,176,38,0,0,40.0541
0,177,38,0,0,40.0528
0,178,38,0,0,40.0516
0,179,38,0,0,40.0504
0,180,38,0,0,40.0493
0,181,38,0,0,40.0482
0,182,38,0,0,40.0472
0,183,38,0,0,40.0462
0,184,38,0,0,40.0452
0,185,38,0,0,40.0443
0,186,38,0,0,40.0434
0,187,38,0,0,40.0426
0,188,38,0,0,40.0418
0,189,38,0,0,40.041
0,190,38,0,0,40.0403
0,191,38,0,0,40.0396
0,192,38,0,6.09525e-06,40.039
0,193,38,0,0,40.0379
0,194,38,0,0,40.0368
0,195,38,0,0,40.0358
0,196,38,0,0,40.0348
0,197,38,0,0,40.0338
0,198,38,0,0,40.0328
0,199,38,0,0,40.0319
0,200,38,0,0,40.031
0,201,38,0,0,40.0302
0,202,38,0,0,40.0294
0,203,38,0,0,40.0286
0,204,38,0,0,40.0278
0,205,38,0,0,40.0271
0,206,38,0,0,40.0263
0,207,38,0,0,40.0256
0,208,38,0,0,40.025
0,209,38,0,0,40.0243
0,210,38,0,0,40.0237
0,211,38,0,0,40.0231
0,212,38,0,0,40.0225
0,213,38,0,0,40.0219
0,214,38,0,0,40.0214
0,215,38,0,0,40.0208
0,216,38,0,0,40.0203
0,217,38,0,0,40.0198
0,218,38,0,0,40.0194
0,219,38,0,0,40.0189
0,220,38,0,0,40.0185
0,221,38,0,0,40.018
0,222,38,0,0,40.0176
0,223,38,0,0,40.0172
0,224,38,0,0,40.0168
0,225,38,0,0,40.0165
0,226,38,0,0,40.0161
0,227,38,0,0,40.0158
0,228,38,0,0,40.0155
0,229,38,0,0,40.0152
0,230,38,0,0,40.0149
0,231,38,0,0,40.0146
0,232,38,0,0,40.0143
0,233,38,0,0,40.0141
0,234,38,0,0,40.0138
0,235,38,0,0,40.0136
0,236,38,0,0,40.0134
0,237,38,0,0,40.0132
0,238,38,0,0,40.013
0,239,38,0,0,40.0128
0,240,38,0,0,40.0126
0,241,38,0,0,40.0125
0,242,38,0,0,40.0123
0,243,38,0,0,40.0122
0,244,38,0,0,40.012
0,245,38,0,0,40.0119
0,246,38,0,0,40.0118
0,247,38,0,0,40.0117
0,248,38,0,0,40.0116
0,249,38,0,0,40.0115
0,250,38,0,0,40.0115
0,251,38,0,0,40.0114
0,252,38,0,0,40.0114
0,253,38,0,0,40.0113
0,254,38,0,0,40.0113
0,255,38,0,0,40.0113
0,0,39,0,6.09525e-06,43.1673
0,1,39,0,0,43.1628
0,2,39,0,0,43.1563
0,3,39,0,0,43.1479
0,4,39,0,0,43.1375
0,5,39,0,0,43.1253
0,6,39,0,0,43.1111
0,7,39,0,0,43.0951
0,8,39,0,0,43.0773
0,9,39,0,0,43.0578
0,10,39,0,0,43.0366
0,11,39,0,0,43.0138
0,12,39,0,0,42.9894
0,13,39,0,0,42.9635
0,14,39,0,0,42.9362
0,15,39,0,0,42.9076
0,16,39,0,0,42.8776
0,17,39,0,0,42.8464
0,18,39,0,0,42.8141
0,19,39,0,0,42.7807
0,20,39,0,0,42.7463
0,21,39,0,0,42.711
0,22,39,0,0,42.6748
0,23,39,0,0,42.6379
0,24,39,0,0,42.6003
0,25,39,0,0,42.5621
0,26,39,0,0,42.5233
0,27,39,0,0,42.4841
0,28,39,0,0,42.4444
0,29,39,0,0,42.4044
0,30,39,0,0,42.3641
0,31,39,0,0,42.3236
0,32,39,0,0,42.283
0,33,39,0,0,42.2422
0,34,39,0,0,42.2014
0,35,39,0,0,42.1606
0,36,39,0,0,42.1199
0,37,39,0,0,42.0792
0,38,39,0,0,42.0387
0,39,39,0,0,41.9984
0,40,39,0,0,41.9583
0,41,39,0,0,41.9184
0,42,39,0,0,41.8789
0,43,39,0,0,41.8397
0,44,39,0,0,41.8008
0,45,39,0,0,41.7624
0,46,39,0,0,41.7243
0,47,39,0,0,41.6867
0,48,39,0,0,41.6495
0,49,39,0,0,41.6128
0,50,39,0,0,41.5766
0,51,39,0,0,41.5409
0,52,39,0,0,41.5058
0,53,39,0,0,41.4711
0,54,39,0,0,41.437
0,55,39,0,0,41.4035
0,56,39,0,0,41.3705
0,57,39,0,0,41.338
0,58,39,0,0,41.3062
0,59,39,0,0,41.2749
0,60,39,0,0,41.2442
0,61,39,0,0,41.2141
0,62,39,0,0,41.1846
0,63,39,0,0,41.1556
0,64,39,0,6.09525e-06,41.1272
0,65,39,0,0,41.099
0,66,39,0,0,41.0712
0,67,39,0,0,41.0441
0,68,39,0,0,41.0175
0,69,39,0,0,40.9915
0,70,39,0,0,40.9661
0,71,39,0,0,40.9412
0,72,39,0,0,40.9169
0,73,39,0,0,40.8931
0,74,39,0,0,40.8698
0,75,39,0,0,40.8471
0,76,39,0,0,40.8249
0,77,39,0,0,40.8032
0,78,39,0,0,40.7821
0,79,39,0,0,40.7614
0,80,39,0,0,40.7412
0,81,39,0,0,40.7215
0,82,39,0,0,40.7023
0,83,39,0,0,40.6835
0,84,39,0,0,40.6652
0,85,39,0,0,40.6474
0,86,39,0,0,40.63
0,87,39,0,0,40.6131
0,88,39,0,0,40.5965
0,89,39,0,0,40.5804
0,90,39,0,0,40.5647
0,91,39,0,0,40.5494
0,92,39,0,0,40.5345
0,93,39,0,0,40.52
0,94,39,0,0,40.5058
0,95,39,0,0,40.492
0,96,39,0,0,40.4786
0,97,39,0,0,40.4656
0,98,39,0,0,40.4529
0,99,39,0,0,40.4405
0,100,39,0,0,40.4284
0,101,39,0,0,40.4167
0,102,39,0,0,40.4053
0,103,39,0,0,40.3942
0,104,39,0,0,40.3834
0,105,39,0,0,40.3729
0,106,39,0,0,40.3627
0,107,39,0,0,40.3528
0,108,39,0,0,40.3432
0,109,39,0,0,40.3338
0,110,39,0,0,40.3247
0,111,39,0,0,40.3158
0,112,39,0,0,40.3072
0,113,39,0,0,40.2988
0,114,39,0,0,40.2907
0,115,39,0,0,40.2828
0,116,39,0,0,40.2751
0,117,39,0,0,40.2677
0,118,39,0,0,40.2605
0,119,39,0,0,40.2534
0,120,39,0,0,40.2466
0,121,39,0,0,40.24
0,122,39,0,0,40.2336
0,123,39,0,0,40.2274
0,124,39,0,0,40.2214
0,125,39,0,0,40.2155
0,126,39,0,0,40.2098
0,127,39,0,0,40.2044
0,128,39,0,6.09525e-06,40.199
0,129,39,0,0,40.1934
0,130,39,0,0,40.1879
0,131,39,0,0,40.1826
0,132,39,0,0,40.1774
0,133,39,0,0,40.1723
0,134,39,0,0,40.1675
0,135,39,0,0,40.1627
0,136,39,0,0,40.1581
0,137,39,0,0,40.1536
0,138,39,0,0,40.1493
0,139,39,0,0,40.1451
0,140,39,0,0,40.141
0,141,39,0,0,40.137
0,142,39,0,0,40.1332
0,143,39,0,0,40.1294
0,144,39,0,0,40.1258
0,145,39,0,0,40.1223
0,146,39,0,0,40.1189
0,147,39,0,0,40.1156
0,148,39,0,0,40.1123
0,149,39,0,0,40.1092
0,150,39,0,0,40.1062
0,151,39,0,0,40.1033
0,152,39,0,0,40.1004
0,153,39,0,0,40.0977
0,154,39,0,0,40.095
0,155,39,0,0,40.0924
0,156,39,0,0,40.0899
0,157,39,0,0,40.0874
0,158,39,0,0,40.0851
0,159,39,0,0,40.0828
0,160,39,0,0,40.0806
0,161,39,0,0,40.0784
0,162,39,0,0,40.0763
0,163,39,0,0,40.0743
0,164,39,0,0,40.0724
0,165,39,0,0,40.0705
0,166,39,0,0,40.0687
0,167,39,0,0,40.0669
0,168,39,0,0,40.0652
0,169,39,0,0,40.0635
0,170,39,0,0,40.0619
0,171,39,0,0,40.0604
0,172,39,0,0,40.0589
0,173,39,0,0,40.0575
0,174,39,0,0,40.0561
0,175,39,0,0,40.0547
0,176,39,0,0,40.0534
0,177,39,0,0,40.0522
0,178,39,0,0,40.051
0,179,39,0,0,40.0498
0,180,39,0,0,40.0487
0,181,39,0,0,40.0477
0,182,39,0,0,40.0466
0,183,39,0,0,40.0457
0,184,39,0,0,40.0447
0,185,39,0,0,40.0438
0,186,39,0,0,40.043
0,187,39,0,0,40.0421
0,188,39,0,0,40.0414
0,189,39,0,0,40.0406
0,190,39,0,0,40.0399
0,191,39,0,0,40.0392
0,192,39,0,6.09525e-06,40.0386
0,193,39,0,0,40.0375
0,194,39,0,0,40.0364
0,195,39,0,0,40.0354
0,196,39,0,0,40.0344
0,197,39,0,0,40.0335
0,198,39,0,0,40.0325
0,199,39,0,0,40.0316
0,200,39,0,0,40.0308
0,201,39,0,0,40.0299
0,202,39,0,0,40.0291
0,203,39,0,0,40.0283
0,204,39,0,0,40.0275
0,205,39,0,0,40.0268
0,206,39,0,0,40.0261
0,207,39,0,0,40.0254
0,208,39,0,0,40.0247
0,209,39,0,0,40.0241
0,210,39,0,0,40.0235
0,211,39,0,0,40.0229
0,212,39,0,0,40.0223
0,213,39,0,0,40.0217
0,214,39,0,0,40.0212
0,215,39,0,0,40.0207
0,216,39,0,0,40.0201
0,217,39,0,0,40.0197
0,218,39,0,0,40.0192
0,219,39,0,0,40.0187
0,220,39,0,0,40.0183
0,221,39,0,0,40.0179
0,222,39,0,0,40.0175
0,223,39,0,0,40.0171
0,224,39,0,0,40.0167
0,225,39,0,0,40.0164
0,226,39,0,0,40.016
0,227,39,0,0,40.0157
0,228,39,0,0,40.0154
0,229,39,0,0,40.0151
0,230,39,0,0,40.0148
0,231,39,0,0,40.0145
0,232,39,0,0,40.0142
0,233,39,0,0,40.014
0,234,39,0,0,40.0137
0,235,39,0,0,40.0135
0,236,39,0,0,40.0133
0,237,39,0,0,40.0131
0,238,39,0,0,40.0129
0,239,39,0,0,40.0127
0,240,39,0,0,40.0125
0,241,39,0,0,40.0124
0,242,39,0,0,40.0122
0,243,39,0,0,40.0121
0,244,39,0,0,40.0119
0,245,39,0,0,40.0118
0,246,39,0,0,40.0117
0,247,39,0,0,40.0116
0,248,39,0,0,40.0115
0,249,39,0,0,40.0115
0,250,39,0,0,40.0114
0,251,39,0,0,40.0113
0,252,39,0,0,40.0113
0,253,39,0,0,40.0112
0,254,39,0,0,40.0112
0,255,39,0,0,40.0112
0,0,40,0,6.09525e-06,43.0033
0,1,40,0,0,42.9991
0,2,40,0,0,42.9931
0,3,40,0,0,42.9854
0,4,40,0,0,42.9758
0,5,40,0,0,42.9645
0,6,40,0,0,42.9514
0,7,40,0,0,42.9366
0,8,40,0,0,42.9203
0,9,40,0,0,42.9022
0,10,40,0,0,42.8827
0,11,40,0,0,42.8616
0,12,40,0,0,42.8391
0,13,40,0,0,42.8152
0,14,40,0,0,42.7899
0,15,40,0,0,42.7634
0,16,40,0,0,42.7357
0,17,40,0,0,42.7068
0,18,40,0,0,42.6769
0,19,40,0,0,42.646
0,20,40,0,0,42.6141
0,21,40,0,0,42.5813
0,22,40,0,0,42.5478
0,23,40,0,0,42.5135
0,24,40,0,0,42.4785
0,25,40,0,0,42.443
0,26,40,0,0,42.4069
0,27,40,0,0,42.3703
0,28,40,0,0,42.3334
0,29,40,0,0,42.2961
0,30,40,0,0,42.2585
0,31,40,0,0,42.2206
0,32,40,0,0,42.1826
0,33,40,0,0,42.1445
0,34,40,0,0,42.1063
0,35,40,0,0,42.0681
0,36,40,0,0,42.0299
0,37,40,0,0,41.9917
0,38,40,0,0,41.9537
0,39,40,0,0,41.9158
0,40,40,0,0,41.8781
0,41,40,0,0,41.8407
0,42,40,0,0,41.8034
0,43,40,0,0,41.7665
0,44,40,0,0,41.7298
0,45,40,0,0,41.6936
0,46,40,0,0,41.6576
0,47,40,0,0,41.6221
0,48,40,0,0,41.5869
0,49,40,0,0,41.5522
0,50,40,0,0,41.5179
0,51,40,0,0,41.4841
0,52,40,0,0,41.4508
0,53,40,0,0,41.4179
0,54,40,0,0,41.3856
0,55,40,0,0,41.3537
0,56,40,0,0,41.3223
0,57,40,0,0,41.2915
0,58,40,0,0,41.2612
0,59,40,0,0,41.2314
0,60,40,0,0,41.2022
0,61,40,0,0,41.1735
0,62,40,0,0,41.1453
0,63,40,0,0,41.1177
0,64,40,0,6.09525e-06,41.0906
0,65,40,0,0,41.0636
0,66,40,0,0,41.0371
0,67,40,0,0,41.0111
0,68,40,0,0,40.9857
0,69,40,0,0,40.9608
0,70,40,0,0,40.9364
0,71,40,0,0,40.9126
0,72,40,0,0,40.8892
0,73,40,0,0,40.8664
0,74,40,0,0,40.8441
0,75,40,0,0,40.8223
0,76,40,0,0,40.8009
0,77,40,0,0,40.7801
0,78,40,0,0,40.7597
0,79,40,0,0,40.7399
0,80,40,0,0,40.7204
0,81,40,0,0,40.7015
0,82,40,0,0,40.683
0,83,40,0,0,40.6649
0,84,40,0,0,40.6472
0,85,40,0,0,40.63
0,86,40,0,0,40.6133
0,87,40,0,0,40.5969
0,88,40,0,0,40.5809
0,89,40,0,0,40.5654
0,90,40,0,0,40.5502
0,91,40,0,0,40.5354
0,92,40,0,0,40.521
0,93,40,0,0,40.507
0,94,40,0,0,40.4933
0,95,40,0,0,40.4799
0,96,40,0,0,40.467
0,97,40,0,0,40.4543
0,98,40,0,0,40.442
0,99,40,0,0,40.43
0,100,40,0,0,40.4183
0,101,40,0,0,40.407
0,102,40,0,0,40.3959
0,103,40,0,0,40.3852
0,104,40,0,0,40.3747
0,105,40,0,0,40.3645
0,106,40,0,0,40.3546
0,107,40,0,0,40.345
0,108,40,0,0,40.3356
0,109,40,0,0,40.3265
0,110,40,0,0,40.3176
0,111,40,0,0,40.309
0,112,40,0,0,40.3007
0,113,40,0,0,40.2925
0,114,40,0,0,40.2846
0,115,40,0,0,40.2769
0,116,40,0,0,40.2695
0,117,40,0,0,40.2622
0,118,40,0,0,40.2552
0,119,40,0,0,40.2484
0,120,40,0,0,40.2417
0,121,40,0,0,40.2353
0,122,40,0,0,40.2291
0,123,40,0,0,40.223
0,124,40,0,0,40.2171
0,125,40,0,0,40.2114
0,126,40,0,0,40.2059
0,127,40,0,0,40.2006
0,128,40,0,6.09525e-06,40.1954
0,129,40,0,0,40.1898
0,130,40,0,0,40.1845
0,131,40,0,0,40.1793
0,132,40,0,0,40.1742
0,133,40,0,0,40.1693
0,134,40,0,0,40.1645
0,135,40,0,0,40.1599
0,136,40,0,0,40.1554
0,137,40,0,0,40.151
0,138,40,0,0,40.1467
0,139,40,0,0,40.1426
0,140,40,0,0,40.1386
0,141,40,0,0,40.1347
0,142,40,0,0,40.131
0,143,40,0,0,40.1273
0,144,40,0,0,40.1238
0,145,40,0,0,40.1203
0,146,40,0,0,40.117
0,147,40,0,0,40.1137
0,148,40,0,0,40.1106
0,149,40,0,0,40.1075
0,150,40,0,0,40.1045
0,151,40,0,0,40.1017
0,152,40,0,0,40.0989
0,153,40,0,0,40.0962
0,154,40,0,0,40.0935
0,155,40,0,0,40.091
0,156,40,0,0,40.0885
0,157,40,0,0,40.0861
0,158,40,0,0,40.0838
0,159,40,0,0,40.0816
0,160,40,0,0,40.0794
0,161,40,0,0,40.0773
0,162,40,0,0,40.0752
0,163,40,0,0,40.0733
0,164,40,0,0,40.0713
0,165,40,0,0,40.0695
0,166,40,0,0,40.0677
0,167,40,0,0,40.066
0,168,40,0,0,40.0643
0,169,40,0,0,40.0627
0,170,40,0,0,40.0611
0,171,40,0,0,40.0596
0,172,40,0,0,40.0581
0,173,40,0,0,40.0567
0,174,40,0,0,40.0553
0,175,40,0,0,40.054
0,176,40,0,0,40.0528
0,177,40,0,0,40.0515
0,178,40,0,0,40.0504
0,179,40,0,0,40.0492
0,180,40,0,0,40.0481
0,181,40,0,0,40.0471
0,182,40,0,0,40.0461
0,183,40,0,0,40.0451
0,184,40,0,0,40.0442
0,185,40,0,0,40.0433
0,186,40,0,0,40.0425
0,187,40,0,0,40.0417
0,188,40,0,0,40.0409
0,189,40,0,0,40.0402
0,190,40,0,0,40.0395
0,191,40,0,0,40.0388
0,192,40,0,6.09525e-06,40.0382
0,193,40,0,0,40.0371
0,194,40,0,0,40.0361
0,195,40,0,0,40.0351
0,196,40,0,0,40.0341
0,197,40,0,0,40.0331
0,198,40,0,0,40.0322
0,199,40,0,0,40.0313
0,200,40,0,0,40.0305
0,201,40,0,0,40.0296
0,202,40,0,0,40.0288
0,203,40,0,0,40.028
0,204,40,0,0,40.0273
0,205,40,0,0,40.0266
0,206,40,0,0,40.0259
0,207,40,0,0,40.0252
0,208,40,0,0,40.0245
0,209,40,0,0,40.0239
0,210,40,0,0,40.0233
0,211,40,0,0,40.0227
0,212,40,0,0,40.0221
0,213,40,0,0,40.0215
0,214,40,0,0,40.021
0,215,40,0,0,40.0205
0,216,40,0,0,40.02
0,217,40,0,0,40.0195
0,218,40,0,0,40.019
0,219,40,0,0,40.0186
0,220,40,0,0,40.0181
0,221,40,0,0,40.0177
0,222,40,0,0,40.0173
0,223,40,0,0,40.0169
0,224,40,0,0,40.0166
0,225,40,0,0,40.0162
0,226,40,0,0,40.0159
0,227,40,0,0,40.0155
0,228,40,0,0,40.0152
0,229,40,0,0,40.0149
0,230,40,0,0,40.0146
0,231,40,0,0,40.0144
0,232,40,0,0,40.0141
0,233,40,0,0,40.0139
0,234,40,0,0,40.0136
0,235,40,0,0,40.0134
0,236,40,0,0,40.0132
0,237,40,0,0,40.013
0,238,40,0,0,40.0128
0,239,40,0,0,40.0126
0,240,40,0,0,40.0124
0,241,40,0,0,40.0123
0,242,40,0,0,40.0121
0,243,40,0,0,40.012
0,244,40,0,0,40.0119
0,245,40,0,0,40.0117
0,246,40,0,0,40.0116
0,247,40,0,0,40.0115
0,248,40,0,0,40.0114
0,249,40,0,0,40.0114
0,250,40,0,0,40.0113
0,251,40,0,0,40.0112
0,252,40,0,0,40.0112
0,253,40,0,0,40.0112
0,254,40,0,0,40.0111
0,255,40,0,0,40.0111
0,0,41,0,6.09525e-06,42.8486
0,1,41,0,0,42.8447
0,2,41,0,0,42.8392
0,3,41,0,0,42.8319
0,4,41,0,0,42.8231
0,5,41,0,0,42.8126
0,6,41,0,0,42.8006
0,7,41,0,0,42.7869
0,8,41,0,0,42.7718
0,9,41,0,0,42.7552
0,10,41,0,0,42.7371
0,11,41,0,0,42.7176
0,12,41,0,0,42.6968
0,13,41,0,0,42.6747
0,14,41,0,0,42.6514
0,15,41,0,0,42.6268
0,16,41,0,0,42.6011
0,17,41,0,0,42.5744
0,18,41,0,0,42.5467
0,19,41,0,0,42.518
0,20,41,0,0,42.4884
0,21,41,0,0,42.458
0,22,41,0,0,42.4268
0,23,41,0,0,42.395
0,24,41,0,0,42.3625
0,25,41,0,0,42.3294
0,26,41,0,0,42.2958
0,27,41,0,0,42.2617
0,28,41,0,0,42.2273
0,29,41,0,0,42.1925
0,30,41,0,0,42.1574
0,31,41,0,0,42.122
0,32,41,0,0,42.0865
0,33,41,0,0,42.0508
0,34,41,0,0,42.015
0,35,41,0,0,41.9792
0,36,41,0,0,41.9434
0,37,41,0,0,41.9076
0,38,41,0,0,41.8719
0,39,41,0,0,41.8363
0,40,41,0,0,41.8009
0,41,41,0,0,41.7656
0,42,41,0,0,41.7306
0,43,41,0,0,41.6958
0,44,41,0,0,41.6612
0,45,41,0,0,41.627
0,46,41,0,0,41.5931
0,47,41,0,0,41.5595
0,48,41,0,0,41.5263
0,49,41,0,0,41.4934
0,50,41,0,0,41.461
0,51,41,0,0,41.429
0,52,41,0,0,41.3974
0,53,41,0,0,41.3662
0,54,41,0,0,41.3355
0,55,41,0,0,41.3053
0,56,41,0,0,41.2755
0,57,41,0,0,41.2462
0,58,41,0,0,41.2174
0,59,41,0,0,41.189
0,60,41,0,0,41.1612
0,61,41,0,0,41.1339
0,62,41,0,0,41.107
0,63,41,0,0,41.0807
0,64,41,0,6.09525e-06,41.0548
0,65,41,0,0,41.029
0,66,41,0,0,41.0037
0,67,41,0,0,40.9788
0,68,41,0,0,40.9545
0,69,41,0,0,40.9307
0,70,41,0,0,40.9073
0,71,41,0,0,40.8845
0,72,41,0,0,40.8621
0,73,41,0,0,40.8402
0,74,41,0,0,40.8188
0,75,41,0,0,40.7978
0,76,41,0,0,40.7774
0,77,41,0,0,40.7573
0,78,41,0,0,40.7378
0,79,41,0,0,40.7186
0,80,41,0,0,40.6999
0,81,41,0,0,40.6817
0,82,41,0,0,40.6639
0,83,41,0,0,40.6465
0,84,41,0,0,40.6295
0,85,41,0,0,40.6129
0,86,41,0,0,40.5967
0,87,41,0,0,40.5809
0,88,41,0,0,40.5655
0,89,41,0,0,40.5505
0,90,41,0,0,40.5359
0,91,41,0,0,40.5216
0,92,41,0,0,40.5076
0,93,41,0,0,40.4941
0,94,41,0,0,40.4808
0,95,41,0,0,40.468
0,96,41,0,0,40.4554
0,97,41,0,0,40.4432
0,98,41,0,0,40.4312
0,99,41,0,0,40.4196
0,100,41,0,0,40.4083
0,101,41,0,0,40.3973
0,102,41,0,0,40.3866
0,103,41,0,0,40.3762
0,104,41,0,0,40.366
0,105,41,0,0,40.3561
0,106,41,0,0,40.3465
0,107,41,0,0,40.3372
0,108,41,0,0,40.3281
0,109,41,0,0,40.3192
0,110,41,0,0,40.3106
0,111,41,0,0,40.3023
0,112,41,0,0,40.2941
0,113,41,0,0,40.2862
0,114,41,0,0,40.2786
0,115,41,0,0,40.2711
0,116,41,0,0,40.2638
0,117,41,0,0,40.2568
0,118,41,0,0,40.25
0,119,41,0,0,40.2433
0,120,41,0,0,40.2369
0,121,41,0,0,40.2306
0,122,41,0,0,40.2245
0,123,41,0,0,40.2186
0,124,41,0,0,40.2129
0,125,41,0,0,40.2073
0,126,41,0,0,40.202
0,127,41,0,0,40.1968
0,128,41,0,6.09525e-06,40.1917
0,129,41,0,0,40.1863
0,130,41,0,0,40.1811
0,131,41,0,0,40.176
0,132,41,0,0,40.171
0,133,41,0,0,40.1662
0,134,41,0,0,40.1616
0,135,41,0,0,40.157
0,136,41,0,0,40.1526
0,137,41,0,0,40.1483
0,138,41,0,0,40.1442
0,139,41,0,0,40.1402
0,140,41,0,0,40.1362
0,141,41,0,0,40.1324
0,142,41,0,0,40.1287
0,143,41,0,0,40.1252
0,144,41,0,0,40.1217
0,145,41,0,0,40.1183
0,146,41,0,0,40.115
0,147,41,0,0,40.1118
0,148,41,0,0,40.1088
0,149,41,0,0,40.1058
0,150,41,0,0,40.1029
0,151,41,0,0,40.1
0,152,41,0,0,40.0973
0,153,41,0,0,40.0947
0,154,41,0,0,40.0921
0,155,41,0,0,40.0896
0,156,41,0,0,40.0872
0,157,41,0,0,40.0848
0,158,41,0,0,40.0826
0,159,41,0,0,40.0804
0,160,41,0,0,40.0782
0,161,41,0,0,40.0761
0,162,41,0,0,40.0741
0,163,41,0,0,40.0722
0,164,41,0,0,40.0703
0,165,41,0,0,40.0685
0,166,41,0,0,40.0668
0,167,41,0,0,40.0651
0,168,41,0,0,40.0634
0,169,41,0,0,40.0618
0,170,41,0,0,40.0603
0,171,41,0,0,40.0588
0,172,41,0,0,40.0574
0,173,41,0,0,40.056
0,174,41,0,0,40.0546
0,175,41,0,0,40.0533
0,176,41,0,0,40.0521
0,177,41,0,0,40.0509
0,178,41,0,0,40.0497
0,179,41,0,0,40.0486
0,180,41,0,0,40.0476
0,181,41,0,0,40.0465
0,182,41,0,0,40.0456
0,183,41,0,0,40.0446
0,184,41,0,0,40.0437
0,185,41,0,0,40.0428
0,186,41,0,0,40.042
0,187,41,0,0,40.0412
0,188,41,0,0,40.0405
0,189,41,0,0,40.0398
0,190,41,0,0,40.0391
0,191,41,0,0,40.0384
0,192,41,0,6.09525e-06,40.0378
0,193,41,0,0,40.0368
0,194,41,0,0,40.0357
0,195,41,0,0,40.0347
0,196,41,0,0,40.0338
0,197,41,0,0,40.0328
0,198,41,0,0,40.0319
0,199,41,0,0,40.031
0,200,41,0,0,40.0302
0,201,41,0,0,40.0294
0,202,41,0,0,40.0286
0,203,41,0,0,40.0278
0,204,41,0,0,40.027
0,205,41,0,0,40.0263
0,206,41,0,0,40.0256
0,207,41,0,0,40.0249
0,208,41,0,0,40.0243
0,209,41,0,0,40.0237
0,210,41,0,0,40.023
0,211,41,0,0,40.0225
0,212,41,0,0,40.0219
0,213,41,0,0,40.0213
0,214,41,0,0,40.0208
0,215,41,0,0,40.0203
0,216,41,0,0,40.0198
0,217,41,0,0,40.0193
0,218,41,0,0,40.0189
0,219,41,0,0,40.0184
0,220,41,0,0,40.018
0,221,41,0,0,40.0176
0,222,41,0,0,40.0172
0,223,41,0,0,40.0168
0,224,41,0,0,40.0164
0,225,41,0,0,40.0161
0,226,41,0,0,40.0157
0,227,41,0,0,40.0154
0,228,41,0,0,40.0151
0,229,41,0,0,40.0148
0,230,41,0,0,40.0145
0,231,41,0,0,40.0143
0,232,41,0,0,40.014
0,233,41,0,0,40.0137
0,234,41,0,0,40.0135
0,235,41,0,0,40.0133
0,236,41,0,0,40.0131
0,237,41,0,0,40.0129
0,238,41,0,0,40.0127
0,239,41,0,0,40.0125
0,240,41,0,0,40.0123
0,241,41,0,0,40.0122
0,242,41,0,0,40.012
0,243,41,0,0,40.0119
0,244,41,0,0,40.0118
0,245,41,0,0,40.0116
0,246,41,0,0,40.0115
0,247,41,0,0,40.0114
0,248,41,0,0,40.0114
0,249,41,0,0,40.0113
0,250,41,0,0,40.0112
0,251,41,0,0,40.0112
0,252,41,0,0,40.0111
0,253,41,0,0,40.0111
0,254,41,0,0,40.011
0,255,41,0,0,40.011
0,0,42,0,6.09525e-06,42.7025
0,1,42,0,0,42.6989
0,2,42,0,0,42.6938
0,3,42,0,0,42.6871
0,4,42,0,0,42.6789
0,5,42,0,0,42.6692
0,6,42,0,0,42.6581
0,7,42,0,0,42.6455
0,8,42,0,0,42.6315
0,9,42,0,0,42.6161
0,10,42,0,0,42.5994
0,11,42,0,0,42.5814
0,12,42,0,0,42.5621
0,13,42,0,0,42.5417
0,14,42,0,0,42.52
0,15,42,0,0,42.4973
0,16,42,0,0,42.4735
0,17,42,0,0,42.4488
0,18,42,0,0,42.423
0,19,42,0,0,42.3964
0,20,42,0,0,42.3689
0,21,42,0,0,42.3407
0,22,42,0,0,42.3117
0,23,42,0,0,42.2821
0,24,42,0,0,42.2519
0,25,42,0,0,42.2211
0,26,42,0,0,42.1898
0,27,42,0,0,42.158
0,28,42,0,0,42.1259
0,29,42,0,0,42.0934
0,30,42,0,0,42.0606
0,31,42,0,0,42.0276
0,32,42,0,0,41.9944
0,33,42,0,0,41.961
0,34,42,0,0,41.9275
0,35,42,0,0,41.8939
0,36,42,0,0,41.8603
0,37,42,0,0,41.8268
0,38,42,0,0,41.7932
0,39,42,0,0,41.7598
0,40,42,0,0,41.7265
0,41,42,0,0,41.6933
0,42,42,0,0,41.6603
0,43,42,0,0,41.6275
0,44,42,0,0,41.595
0,45,42,0,0,41.5627
0,46,42,0,0,41.5307
0,47,42,0,0,41.4989
0,48,42,0,0,41.4676
0,49,42,0,0,41.4365
0,50,42,0,0,41.4058
0,51,42,0,0,41.3755
0,52,42,0,0,41.3455
0,53,42,0,0,41.316
0,54,42,0,0,41.2869
0,55,42,0,0,41.2582
0,56,42,0,0,41.2299
0,57,42,0,0,41.202
0,58,42,0,0,41.1746
0,59,42,0,0,41.1477
0,60,42,0,0,41.1212
0,61,42,0,0,41.0952
0,62,42,0,0,41.0696
0,63,42,0,0,41.0445
0,64,42,0,6.09525e-06,41.0199
0,65,42,0,0,40.9952
0,66,42,0,0,40.971
0,67,42,0,0,40.9472
0,68,42,0,0,40.924
0,69,42,0,0,40.9012
0,70,42,0,0,40.8788
0,71,42,0,0,40.8569
0,72,42,0,0,40.8355
0,73,42,0,0,40.8145
0,74,42,0,0,40.7939
0,75,42,0,0,40.7738
0,76,42,0,0,40.7542
0,77,42,0,0,40.7349
0,78,42,0,0,40.7161
0,79,42,0,0,40.6978
0,80,42,0,0,40.6798
0,81,42,0,0,40.6622
0,82,42,0,0,40.6451
0,83,42,0,0,40.6283
0,84,42,0,0,40.612
0,85,42,0,0,40.596
0,86,42,0,0,40.5804
0,87,42,0,0,40.5652
0,88,42,0,0,40.5503
0,89,42,0,0,40.5358
0,90,42,0,0,40.5217
0,91,42,0,0,40.5079
0,92,42,0,0,40.4944
0,93,42,0,0,40.4813
0,94,42,0,0,40.4685
0,95,42,0,0,40.4561
0,96,42,0,0,40.4439
0,97,42,0,0,40.4321
0,98,42,0,0,40.4206
0,99,42,0,0,40.4093
0,100,42,0,0,40.3984
0,101,42,0,0,40.3877
0,102,42,0,0,40.3774
0,103,42,0,0,40.3673
0,104,42,0,0,40.3574
0,105,42,0,0,40.3478
0,106,42,0,0,40.3385
0,107,42,0,0,40.3294
0,108,42,0,0,40.3206
0,109,42,0,0,40.312
0,110,42,0,0,40.3037
0,111,42,0,0,40.2956
0,112,42,0,0,40.2877
0,113,42,0,0,40.28
0,114,42,0,0,40.2725
0,115,42,0,0,40.2653
0,116,42,0,0,40.2582
0,117,42,0,0,40.2514
0,118,42,0,0,40.2447
0,119,42,0,0,40.2383
0,120,42,0,0,40.232
0,121,42,0,0,40.2259
0,122,42,0,0,40.22
0,123,42,0,0,40.2142
0,124,42,0,0,40.2087
0,125,42,0,0,40.2033
0,126,42,0,0,40.198
0,127,42,0,0,40.193
0,128,42,0,6.09525e-06,40.188
0,129,42,0,0,40.1828
0,130,42,0,0,40.1777
0,131,42,0,0,40.1727
0,132,42,0,0,40.1678
0,133,42,0,0,40.1632
0,134,42,0,0,40.1586
0,135,42,0,0,40.1542
0,136,42,0,0,40.1499
0,137,42,0,0,40.1457
0,138,42,0,0,40.1416
0,139,42,0,0,40.1377
0,140,42,0,0,40.1338
0,141,42,0,0,40.1301
0,142,42,0,0,40.1265
0,143,42,0,0,40.123
0,144,42,0,0,40.1196
0,145,42,0,0,40.1163
0,146,42,0,0,40.1131
0,147,42,0,0,40.11
0,148,42,0,0,40.107
0,149,42,0,0,40.104
0,150,42,0,0,40.1012
0,151,42,0,0,40.0984
0,152,42,0,0,40.0957
0,153,42,0,0,40.0931
0,154,42,0,0,40.0906
0,155,42,0,0,40.0882
0,156,42,0,0,40.0858
0,157,42,0,0,40.0835
0,158,42,0,0,40.0813
0,159,42,0,0,40.0791
0,160,42,0,0,40.077
0,161,42,0,0,40.075
0,162,42,0,0,40.073
0,163,42,0,0,40.0711
0,164,42,0,0,40.0693
0,165,42,0,0,40.0675
0,166,42,0,0,40.0658
0,167,42,0,0,40.0641
0,168,42,0,0,40.0625
0,169,42,0,0,40.061
0,170,42,0,0,40.0594
0,171,42,0,0,40.058
0,172,42,0,0,40.0566
0,173,42,0,0,40.0552
0,174,42,0,0,40.0539
0,175,42,0,0,40.0526
0,176,42,0,0,40.0514
0,177,42,0,0,40.0502
0,178,42,0,0,40.0491
0,179,42,0,0,40.048
0,180,42,0,0,40.047
0,181,42,0,0,40.046
0,182,42,0,0,40.045
0,183,42,0,0,40.0441
0,184,42,0,0,40.0432
0,185,42,0,0,40.0423
0,186,42,0,0,40.0415
0,187,42,0,0,40.0408
0,188,42,0,0,40.04
0,189,42,0,0,40.0393
0,190,42,0,0,40.0387
0,191,42,0,0,40.038
0,192,42,0,6.09525e-06,40.0375
0,193,42,0,0,40.0364
0,194,42,0,0,40.0354
0,195,42,0,0,40.0344
0,196,42,0,0,40.0334
0,197,42,0,0,40.0325
0,198,42,0,0,40.0316
0,199,42,0,0,40.0307
0,200,42,0,0,40.0299
0,201,42,0,0,40.0291
0,202,42,0,0,40.0283
0,203,42,0,0,40.0275
0,204,42,0,0,40.0268
0,205,42,0,0,40.0261
0,206,42,0,0,40.0254
0,207,42,0,0,40.0247
0,208,42,0,0,40.0241
0,209,42,0,0,40.0234
0,210,42,0,0,40.0228
0,211,42,0,0,40.0222
0,212,42,0,0,40.0217
0,213,42,0,0,40.0211
0,214,42,0,0,40.0206
0,215,42,0,0,40.0201
0,216,42,0,0,40.0196
0,217,42,0,0,40.0191
0,218,42,0,0,40.0187
0,219,42,0,0,40.0183
0,220,42,0,0,40.0178
0,221,42,0,0,40.0174
0,222,42,0,0,40.017
0,223,42,0,0,40.0167
0,224,42,0,0,40.0163
0,225,42,0,0,40.0159
0,226,42,0,0,40.0156
0,227,42,0,0,40.0153
0,228,42,0,0,40.015
0,229,42,0,0,40.0147
0,230,42,0,0,40.0144
0,231,42,0,0,40.0141
0,232,42,0,0,40.0139
0,233,42,0,0,40.0136
0,234,42,0,0,40.0134
0,235,42,0,0,40.0132
0,236,42,0,0,40.013
0,237,42,0,0,40.0128
0,238,42,0,0,40.0126
0,239,42,0,0,40.0124
0,240,42,0,0,40.0122
0,241,42,0,0,40.0121
0,242,42,0,0,40.0119
0,243,42,0,0,40.0118
0,244,42,0,0,40.0117
0,245,42,0,0,40.0116
0,246,42,0,0,40.0115
0,247,42,0,0,40.0114
0,248,42,0,0,40.0113
0,249,42,0,0,40.0112
0,250,42,0,0,40.0111
0,251,42,0,0,40.0111
0,252,42,0,0,40.011
0,253,42,0,0,40.011
0,254,42,0,0,40.011
0,255,42,0,0,40.0109
0,0,43,0,6.09525e-06,42.5646
0,1,43,0,0,42.5613
0,2,43,0,0,42.5565
0,3,43,0,0,42.5503
0,4,43,0,0,42.5427
0,5,43,0,0,42.5337
0,6,43,0,0,42.5234
0,7,43,0,0,42.5118
0,8,43,0,0,42.4988
0,9,43,0,0,42.4846
0,10,43,0,0,42.4691
0,11,43,0,0,42.4524
0,12,43,0,0,42.4346
0,13,43,0,0,42.4156
0,14,43,0,0,42.3956
0,15,43,0,0,42.3745
0,16,43,0,0,42.3525
0,17,43,0,0,42.3295
0,18,43,0,0,42.3056
0,19,43,0,0,42.2809
0,20,43,0,0,42.2554
0,21,43,0,0,42.2292
0,22,43,0,0,42.2022
0,23,43,0,0,42.1747
0,24,43,0,0,42.1465
0,25,43,0,0,42.1178
0,26,43,0,0,42.0887
0,27,43,0,0,42.0591
0,28,43,0,0,42.0291
0,29,43,0,0,41.9987
0,30,43,0,0,41.9681
0,31,43,0,0,41.9372
0,32,43,0,0,41.9061
0,33,43,0,0,41.8749
0,34,43,0,0,41.8435
0,35,43,0,0,41.8121
0,36,43,0,0,41.7806
0,37,43,0,0,41.7491
0,38,43,0,0,41.7176
0,39,43,0,0,41.6862
0,40,43,0,0,41.6549
0,41,43,0,0,41.6236
0,42,43,0,0,41.5926
0,43,43,0,0,41.5617
0,44,43,0,0,41.531
0,45,43,0,0,41.5006
0,46,43,0,0,41.4703
0,47,43,0,0,41.4404
0,48,43,0,0,41.4107
0,49,43,0,0,41.3814
0,50,43,0,0,41.3523
0,51,43,0,0,41.3236
0,52,43,0,0,41.2953
0,53,43,0,0,41.2673
0,54,43,0,0,41.2396
0,55,43,0,0,41.2124
0,56,43,0,0,41.1856
0,57,43,0,0,41.1591
0,58,43,0,0,41.1331
0,59,43,0,0,41.1074
0,60,43,0,0,41.0822
0,61,43,0,0,41.0575
0,62,43,0,0,41.0331
0,63,43,0,0,41.0092
0,64,43,0,6.09525e-06,40.9857
0,65,43,0,0,40.9621
0,66,43,0,0,40.939
0,67,43,0,0,40.9163
0,68,43,0,0,40.8941
0,69,43,0,0,40.8723
0,70,43,0,0,40.8509
0,71,43,0,0,40.8299
0,72,43,0,0,40.8094
0,73,43,0,0,40.7892
0,74,43,0,0,40.7696
0,75,43,0,0,40.7503
0,76,43,0,0,40.7314
0,77,43,0,0,40.7129
0,78,43,0,0,40.6949
0,79,43,0,0,40.6772
0,80,43,0,0,40.66
0,81,43,0,0,40.6431
0,82,43,0,0,40.6266
0,83,43,0,0,40.6105
0,84,43,0,0,40.5947
0,85,43,0,0,40.5793
0,86,43,0,0,40.5643
0,87,43,0,0,40.5496
0,88,43,0,0,40.5353
0,89,43,0,0,40.5213
0,90,43,0,0,40.5077
0,91,43,0,0,40.4944
0,92,43,0,0,40.4814
0,93,43,0,0,40.4687
0,94,43,0,0,40.4564
0,95,43,0,0,40.4443
0,96,43,0,0,40.4326
0,97,43,0,0,40.4212
0,98,43,0,0,40.41
0,99,43,0,0,40.3991
0,100,43,0,0,40.3886
0,101,43,0,0,40.3782
0,102,43,0,0,40.3682
0,103,43,0,0,40.3584
0,104,43,0,0,40.3489
0,105,43,0,0,40.3396
0,106,43,0,0,40.3306
0,107,43,0,0,40.3218
0,108,43,0,0,40.3132
0,109,43,0,0,40.3049
0,110,43,0,0,40.2968
0,111,43,0,0,40.2889
0,112,43,0,0,40.2812
0,113,43,0,0,40.2738
0,114,43,0,0,40.2665
0,115,43,0,0,40.2595
0,116,43,0,0,40.2526
0,117,43,0,0,40.246
0,118,43,0,0,40.2395
0,119,43,0,0,40.2332
0,120,43,0,0,40.2271
0,121,43,0,0,40.2212
0,122,43,0,0,40.2155
0,123,43,0,0,40.2099
0,124,43,0,0,40.2045
0,125,43,0,0,40.1992
0,126,43,0,0,40.1941
0,127,43,0,0,40.1892
0,128,43,0,6.09525e-06,40.1844
0,129,43,0,0,40.1793
0,130,43,0,0,40.1743
0,131,43,0,0,40.1694
0,132,43,0,0,40.1647
0,133,43,0,0,40.1601
0,134,43,0,0,40.1556
0,135,43,0,0,40.1513
0,136,43,0,0,40.1471
0,137,43,0,0,40.143
0,138,43,0,0,40.1391
0,139,43,0,0,40.1352
0,140,43,0,0,40.1315
0,141,43,0,0,40.1278
0,142,43,0,0,40.1243
0,143,43,0,0,40.1209
0,144,43,0,0,40.1175
0,145,43,0,0,40.1143
0,146,43,0,0,40.1112
0,147,43,0,0,40.1081
0,148,43,0,0,40.1052
0,149,43,0,0,40.1023
0,150,43,0,0,40.0995
0,151,43,0,0,40.0968
0,152,43,0,0,40.0942
0,153,43,0,0,40.0916
0,154,43,0,0,40.0892
0,155,43,0,0,40.0868
0,156,43,0,0,40.0845
0,157,43,0,0,40.0822
0,158,43,0,0,40.08
0,159,43,0,0,40.0779
0,160,43,0,0,40.0759
0,161,43,0,0,40.0739
0,162,43,0,0,40.0719
0,163,43,0,0,40.0701
0,164,43,0,0,40.0683
0,165,43,0,0,40.0665
0,166,43,0,0,40.0648
0,167,43,0,0,40.0632
0,168,43,0,0,40.0616
0,169,43,0,0,40.0601
0,170,43,0,0,40.0586
0,171,43,0,0,40.0572
0,172,43,0,0,40.0558
0,173,43,0,0,40.0545
0,174,43,0,0,40.0532
0,175,43,0,0,40.0519
0,176,43,0,0,40.0507
0,177,43,0,0,40.0496
0,178,43,0,0,40.0485
0,179,43,0,0,40.0474
0,180,43,0,0,40.0464
0,181,43,0,0,40.0454
0,182,43,0,0,40.0445
0,183,43,0,0,40.0436
0,184,43,0,0,40.0427
0,185,43,0,0,40.0419
0,186,43,0,0,40.0411
0,187,43,0,0,40.0403
0,188,43,0,0,40.0396
0,189,43,0,0,40.0389
0,190,43,0,0,40.0383
0,191,43,0,0,40.0376
0,192,43,0,6.09525e-06,40.0371
0,193,43,0,0,40.036
0,194,43,0,0,40.035
0,195,43,0,0,40.034
0,196,43,0,0,40.0331
0,197,43,0,0,40.0322
0,198,43,0,0,40.0313
0,199,43,0,0,40.0304
0,200,43,0,0,40.0296
0,201,43,0,0,40.0288
0,202,43,0,0,40.028
0,203,43,0,0,40.0272
0,204,43,0,0,40.0265
0,205,43,0,0,40.0258
0,206,43,0,0,40.0251
0,207,43,0,0,40.0245
0,208,43,0,0,40.0238
0,209,43,0,0,40.0232
0,210,43,0,0,40.0226
0,211,43,0,0,40.022
0,212,43,0,0,40.0215
0,213,43,0,0,40.0209
0,214,43,0,0,40.0204
0,215,43,0,0,40.0199
0,216,43,0,0,40.0194
0,217,43,0,0,40.019
0,218,43,0,0,40.0185
0,219,43,0,0,40.0181
0,220,43,0,0,40.0177
0,221,43,0,0,40.0173
0,222,43,0,0,40.0169
0,223,43,0,0,40.0165
0,224,43,0,0,40.0162
0,225,43,0,0,40.0158
0,226,43,0,0,40.0155
0,227,43,0,0,40.0152
0,228,43,0,0,40.0149
0,229,43,0,0,40.0146
0,230,43,0,0,40.0143
0,231,43,0,0,40.014
0,232,43,0,0,40.0138
0,233,43,0,0,40.0135
0,234,43,0,0,40.0133
0,235,43,0,0,40.0131
0,236,43,0,0,40.0129
0,237,43,0,0,40.0127
0,238,43,0,0,40.0125
0,239,43,0,0,40.0123
0,240,43,0,0,40.0121
0,241,43,0,0,40.012
0,242,43,0,0,40.0118
0,243,43,0,0,40.0117
0,244,43,0,0,40.0116
0,245,43,0,0,40.0115
0,246,43,0,0,40.0114
0,247,43,0,0,40.0113
0,248,43,0,0,40.0112
0,249,43,0,0,40.0111
0,250,43,0,0,40.011
0,251,43,0,0,40.011
0,252,43,0,0,40.0109
0,253,43,0,0,40.0109
0,254,43,0,0,40.0109
0,255,43,0,0,40.0109
0,0,44,0,6.09525e-06,42.4344
0,1,44,0,0,42.4312
0,2,44,0,0,42.4268
0,3,44,0,0,42.421
0,4,44,0,0,42.414
0,5,44,0,0,42.4057
0,6,44,0,0,42.3961
0,7,44,0,0,42.3853
0,8,44,0,0,42.3733
0,9,44,0,0,42.3601
0,10,44,0,0,42.3458
0,11,44,0,0,42.3303
0,12,44,0,0,42.3138
0,13,44,0,0,42.2962
0,14,44,0,0,42.2776
0,15,44,0,0,42.2581
0,16,44,0,0,42.2376
0,17,44,0,0,42.2163
0,18,44,0,0,42.1941
0,19,44,0,0,42.1712
0,20,44,0,0,42.1475
0,21,44,0,0,42.1231
0,22,44,0,0,42.098
0,23,44,0,0,42.0724
0,24,44,0,0,42.0461
0,25,44,0,0,42.0194
0,26,44,0,0,41.9922
0,27,44,0,0,41.9646
0,28,44,0,0,41.9366
0,29,44,0,0,41.9083
0,30,44,0,0,41.8797
0,31,44,0,0,41.8508
0,32,44,0,0,41.8217
0,33,44,0,0,41.7925
0,34,44,0,0,41.7631
0,35,44,0,0,41.7336
0,36,44,0,0,41.704
0,37,44,0,0,41.6745
0,38,44,0,0,41.6449
0,39,44,0,0,41.6154
0,40,44,0,0,41.5859
0,41,44,0,0,41.5566
0,42,44,0,0,41.5273
0,43,44,0,0,41.4982
0,44,44,0,0,41.4693
0,45,44,0,0,41.4406
0,46,44,0,0,41.4121
0,47,44,0,0,41.3838
0,48,44,0,0,41.3558
0,49,44,0,0,41.328
0,50,44,0,0,41.3005
0,51,44,0,0,41.2734
0,52,44,0,0,41.2465
0,53,44,0,0,41.22
0,54,44,0,0,41.1938
0,55,44,0,0,41.168
0,56,44,0,0,41.1425
0,57,44,0,0,41.1174
0,58,44,0,0,41.0926
0,59,44,0,0,41.0683
0,60,44,0,0,41.0443
0,61,44,0,0,41.0207
0,62,44,0,0,40.9975
0,63,44,0,0,40.9747
0,64,44,0,6.09525e-06,40.9524
0,65,44,0,0,40.9299
0,66,44,0,0,40.9078
0,67,44,0,0,40.8861
0,68,44,0,0,40.8649
0,69,44,0,0,40.844
0,70,44,0,0,40.8235
0,71,44,0,0,40.8035
0,72,44,0,0,40.7838
0,73,44,0,0,40.7645
0,74,44,0,0,40.7457
0,75,44,0,0,40.7272
0,76,44,0,0,40.7091
0,77,44,0,0,40.6914
0,78,44,0,0,40.674
0,79,44,0,0,40.6571
0,80,44,0,0,40.6405
0,81,44,0,0,40.6242
0,82,44,0,0,40.6084
0,83,44,0,0,40.5929
0,84,44,0,0,40.5777
0,85,44,0,0,40.5629
0,86,44,0,0,40.5484
0,87,44,0,0,40.5343
0,88,44,0,0,40.5205
0,89,44,0,0,40.507
0,90,44,0,0,40.4939
0,91,44,0,0,40.4811
0,92,44,0,0,40.4685
0,93,44,0,0,40.4563
0,94,44,0,0,40.4444
0,95,44,0,0,40.4328
0,96,44,0,0,40.4214
0,97,44,0,0,40.4104
0,98,44,0,0,40.3996
0,99,44,0,0,40.3891
0,100,44,0,0,40.3788
0,101,44,0,0,40.3688
0,102,44,0,0,40.3591
0,103,44,0,0,40.3496
0,104,44,0,0,40.3404
0,105,44,0,0,40.3314
0,106,44,0,0,40.3227
0,107,44,0,0,40.3142
0,108,44,0,0,40.3059
0,109,44,0,0,40.2978
0,110,44,0,0,40.2899
0,111,44,0,0,40.2823
0,112,44,0,0,40.2749
0,113,44,0,0,40.2676
0,114,44,0,0,40.2606
0,115,44,0,0,40.2538
0,116,44,0,0,40.2471
0,117,44,0,0,40.2406
0,118,44,0,0,40.2344
0,119,44,0,0,40.2283
0,120,44,0,0,40.2223
0,121,44,0,0,40.2166
0,122,44,0,0,40.211
0,123,44,0,0,40.2056
0,124,44,0,0,40.2003
0,125,44,0,0,40.1952
0,126,44,0,0,40.1902
0,127,44,0,0,40.1854
0,128,44,0,6.09525e-06,40.1808
0,129,44,0,0,40.1757
0,130,44,0,0,40.1709
0,131,44,0,0,40.1661
0,132,44,0,0,40.1615
0,133,44,0,0,40.1571
0,134,44,0,0,40.1527
0,135,44,0,0,40.1485
0,136,44,0,0,40.1444
0,137,44,0,0,40.1404
0,138,44,0,0,40.1365
0,139,44,0,0,40.1327
0,140,44,0,0,40.1291
0,141,44,0,0,40.1255
0,142,44,0,0,40.1221
0,143,44,0,0,40.1187
0,144,44,0,0,40.1155
0,145,44,0,0,40.1123
0,146,44,0,0,40.1092
0,147,44,0,0,40.1063
0,148,44,0,0,40.1034
0,149,44,0,0,40.1006
0,150,44,0,0,40.0978
0,151,44,0,0,40.0952
0,152,44,0,0,40.0926
0,153,44,0,0,40.0901
0,154,44,0,0,40.0877
0,155,44,0,0,40.0854
0,156,44,0,0,40.0831
0,157,44,0,0,40.0809
0,158,44,0,0,40.0788
0,159,44,0,0,40.0767
0,160,44,0,0,40.0747
0,161,44,0,0,40.0727
0,162,44,0,0,40.0708
0,163,44,0,0,40.069
0,164,44,0,0,40.0672
0,165,44,0,0,40.0655
0,166,44,0,0,40.0639
0,167,44,0,0,40.0623
0,168,44,0,0,40.0607
0,169,44,0,0,40.0592
0,170,44,0,0,40.0578
0,171,44,0,0,40.0564
0,172,44,0,0,40.055
0,173,44,0,0,40.0537
0,174,44,0,0,40.0525
0,175,44,0,0,40.0512
0,176,44,0,0,40.0501
0,177,44,0,0,40.0489
0,178,44,0,0,40.0479
0,179,44,0,0,40.0468
0,180,44,0,0,40.0458
0,181,44,0,0,40.0448
0,182,44,0,0,40.0439
0,183,44,0,0,40.043
0,184,44,0,0,40.0422
0,185,44,0,0,40.0414
0,186,44,0,0,40.0406
0,187,44,0,0,40.0398
0,188,44,0,0,40.0391
0,189,44,0,0,40.0385
0,190,44,0,0,40.0378
0,191,44,0,0,40.0372
0,192,44,0,6.09525e-06,40.0367
0,193,44,0,0,40.0356
0,194,44,0,0,40.0346
0,195,44,0,0,40.0337
0,196,44,0,0,40.0327
0,197,44,0,0,40.0318
0,198,44,0,0,40.0309
0,199,44,0,0,40.0301
0,200,44,0,0,40.0293
0,201,44,0,0,40.0285
0,202,44,0,0,40.0277
0,203,44,0,0,40.027
0,204,44,0,0,40.0262
0,205,44,0,0,40.0256
0,206,44,0,0,40.0249
0,207,44,0,0,40.0242
0,208,44,0,0,40.0236
0,209,44,0,0,40.023
0,210,44,0,0,40.0224
0,211,44,0,0,40.0218
0,212,44,0,0,40.0213
0,213,44,0,0,40.0207
0,214,44,0,0,40.0202
0,215,44,0,0,40.0197
0,216,44,0,0,40.0193
0,217,44,0,0,40.0188
0,218,44,0,0,40.0184
0,219,44,0,0,40.0179
0,220,44,0,0,40.0175
0,221,44,0,0,40.0171
0,222,44,0,0,40.0167
0,223,44,0,0,40.0164
0,224,44,0,0,40.016
0,225,44,0,0,40.0157
0,226,44,0,0,40.0153
0,227,44,0,0,40.015
0,228,44,0,0,40.0147
0,229,44,0,0,40.0144
0,230,44,0,0,40.0142
0,231,44,0,0,40.0139
0,232,44,0,0,40.0136
0,233,44,0,0,40.0134
0,234,44,0,0,40.0132
0,235,44,0,0,40.013
0,236,44,0,0,40.0128
0,237,44,0,0,40.0126
0,238,44,0,0,40.0124
0,239,44,0,0,40.0122
0,240,44,0,0,40.012
0,241,44,0,0,40.0119
0,242,44,0,0,40.0117
0,243,44,0,0,40.0116
0,244,44,0,0,40.0115
0,245,44,0,0,40.0114
0,246,44,0,0,40.0113
0,247,44,0,0,40.0112
0,248,44,0,0,40.0111
0,249,44,0,0,40.011
0,250,44,0,0,40.011
0,251,44,0,0,40.0109
0,252,44,0,0,40.0109
0,253,44,0,0,40.0108
0,254,44,0,0,40.0108
0,255,44,0,0,40.0108
0,0,45,0,6.09525e-06,42.3112
0,1,45,0,0,42.3083
0,2,45,0,0,42.3042
0,3,45,0,0,42.2988
0,4,45,0,0,42.2923
0,5,45,0,0,42.2846
0,6,45,0,0,42.2757
0,7,45,0,0,42.2657
0,8,45,0,0,42.2545
0,9,45,0,0,42.2423
0,10,45,0,0,42.229
0,11,45,0,0,42.2147
0,12,45,0,0,42.1994
0,13,45,0,0,42.183
0,14,45,0,0,42.1658
0,15,45,0,0,42.1477
0,16,45,0,0,42.1287
0,17,45,0,0,42.1089
0,18,45,0,0,42.0883
0,19,45,0,0,42.0669
0,20,45,0,0,42.0449
0,21,45,0,0,42.0222
0,22,45,0,0,41.9988
0,23,45,0,0,41.9749
0,24,45,0,0,41.9505
0,25,45,0,0,41.9256
0,26,45,0,0,41.9002
0,27,45,0,0,41.8745
0,28,45,0,0,41.8483
0,29,45,0,0,41.8219
0,30,45,0,0,41.7951
0,31,45,0,0,41.7681
0,32,45,0,0,41.7409
0,33,45,0,0,41.7135
0,34,45,0,0,41.686
0,35,45,0,0,41.6583
0,36,45,0,0,41.6306
0,37,45,0,0,41.6029
0,38,45,0,0,41.5751
0,39,45,0,0,41.5474
0,40,45,0,0,41.5197
0,41,45,0,0,41.492
0,42,45,0,0,41.4645
0,43,45,0,0,41.4371
0,44,45,0,0,41.4098
0,45,45,0,0,41.3828
0,46,45,0,0,41.3559
0,47,45,0,0,41.3292
0,48,45,0,0,41.3027
0,49,45,0,0,41.2764
0,50,45,0,0,41.2505
0,51,45,0,0,41.2248
0,52,45,0,0,41.1993
0,53,45,0,0,41.1742
0,54,45,0,0,41.1494
0,55,45,0,0,41.1249
0,56,45,0,0,41.1007
0,57,45,0,0,41.0769
0,58,45,0,0,41.0534
0,59,45,0,0,41.0302
0,60,45,0,0,41.0074
0,61,45,0,0,40.985
0,62,45,0,0,40.9629
0,63,45,0,0,40.9412
0,64,45,0,6.09525e-06,40.9199
0,65,45,0,0,40.8984
0,66,45,0,0,40.8773
0,67,45,0,0,40.8566
0,68,45,0,0,40.8363
0,69,45,0,0,40.8164
0,70,45,0,0,40.7968
0,71,45,0,0,40.7776
0,72,45,0,0,40.7588
0,73,45,0,0,40.7403
0,74,45,0,0,40.7223
0,75,45,0,0,40.7045
0,76,45,0,0,40.6872
0,77,45,0,0,40.6702
0,78,45,0,0,40.6536
0,79,45,0,0,40.6373
0,80,45,0,0,40.6213
0,81,45,0,0,40.6057
0,82,45,0,0,40.5905
0,83,45,0,0,40.5756
0,84,45,0,0,40.561
0,85,45,0,0,40.5468
0,86,45,0,0,40.5328
0,87,45,0,0,40.5192
0,88,45,0,0,40.506
0,89,45,0,0,40.493
0,90,45,0,0,40.4803
0,91,45,0,0,40.4679
0,92,45,0,0,40.4558
0,93,45,0,0,40.444
0,94,45,0,0,40.4325
0,95,45,0,0,40.4213
0,96,45,0,0,40.4104
0,97,45,0,0,40.3997
0,98,45,0,0,40.3893
0,99,45,0,0,40.3791
0,100,45,0,0,40.3692
0,101,45,0,0,40.3595
0,102,45,0,0,40.3501
0,103,45,0,0,40.341
0,104,45,0,0,40.332
0,105,45,0,0,40.3233
0,106,45,0,0,40.3149
0,107,45,0,0,40.3066
0,108,45,0,0,40.2986
0,109,45,0,0,40.2908
0,110,45,0,0,40.2831
0,111,45,0,0,40.2757
0,112,45,0,0,40.2685
0,113,45,0,0,40.2615
0,114,45,0,0,40.2547
0,115,45,0,0,40.248
0,116,45,0,0,40.2416
0,117,45,0,0,40.2353
0,118,45,0,0,40.2292
0,119,45,0,0,40.2233
0,120,45,0,0,40.2175
0,121,45,0,0,40.212
0,122,45,0,0,40.2065
0,123,45,0,0,40.2012
0,124,45,0,0,40.1961
0,125,45,0,0,40.1912
0,126,45,0,0,40.1863
0,127,45,0,0,40.1817
0,128,45,0,6.09525e-06,40.1771
0,129,45,0,0,40.1723
0,130,45,0,0,40.1675
0,131,45,0,0,40.1629
0,132,45,0,0,40.1584
0,133,45,0,0,40.154
0,134,45,0,0,40.1498
0,135,45,0,0,40.1456
0,136,45,0,0,40.1416
0,137,45,0,0,40.1377
0,138,45,0,0,40.134
0,139,45,0,0,40.1303
0,140,45,0,0,40.1267
0,141,45,0,0,40.1232
0,142,45,0,0,40.1199
0,143,45,0,0,40.1166
0,144,45,0,0,40.1134
0,145,45,0,0,40.1103
0,146,45,0,0,40.1073
0,147,45,0,0,40.1044
0,148,45,0,0,40.1016
0,149,45,0,0,40.0988
0,150,45,0,0,40.0962
0,151,45,0,0,40.0936
0,152,45,0,0,40.0911
0,153,45,0,0,40.0886
0,154,45,0,0,40.0863
0,155,45,0,0,40.084
0,156,45,0,0,40.0817
0,157,45,0,0,40.0796
0,158,45,0,0,40.0775
0,159,45,0,0,40.0755
0,160,45,0,0,40.0735
0,161,45,0,0,40.0716
0,162,45,0,0,40.0697
0,163,45,0,0,40.0679
0,164,45,0,0,40.0662
0,165,45,0,0,40.0645
0,166,45,0,0,40.0629
0,167,45,0,0,40.0613
0,168,45,0,0,40.0598
0,169,45,0,0,40.0584
0,170,45,0,0,40.0569
0,171,45,0,0,40.0556
0,172,45,0,0,40.0542
0,173,45,0,0,40.053
0,174,45,0,0,40.0517
0,175,45,0,0,40.0505
0,176,45,0,0,40.0494
0,177,45,0,0,40.0483
0,178,45,0,0,40.0472
0,179,45,0,0,40.0462
0,180,45,0,0,40.0452
0,181,45,0,0,40.0443
0,182,45,0,0,40.0434
0,183,45,0,0,40.0425
0,184,45,0,0,40.0417
0,185,45,0,0,40.0409
0,186,45,0,0,40.0401
0,187,45,0,0,40.0394
0,188,45,0,0,40.0387
0,189,45,0,0,40.038
0,190,45,0,0,40.0374
0,191,45,0,0,40.0368
0,192,45,0,6.09525e-06,40.0363
0,193,45,0,0,40.0353
0,194,45,0,0,40.0343
0,195,45,0,0,40.0333
0,196,45,0,0,40.0324
0,197,45,0,0,40.0315
0,198,45,0,0,40.0306
0,199,45,0,0,40.0298
0,200,45,0,0,40.029
0,201,45,0,0,40.0282
0,202,45,0,0,40.0274
0,203,45,0,0,40.0267
0,204,45,0,0,40.026
0,205,45,0,0,40.0253
0,206,45,0,0,40.0246
0,207,45,0,0,40.024
0,208,45,0,0,40.0234
0,209,45,0,0,40.0228
0,210,45,0,0,40.0222
0,211,45,0,0,40.0216
0,212,45,0,0,40.0211
0,213,45,0,0,40.0205
0,214,45,0,0,40.02
0,215,45,0,0,40.0196
0,216,45,0,0,40.0191
0,217,45,0,0,40.0186
0,218,45,0,0,40.0182
0,219,45,0,0,40.0178
0,220,45,0,0,40.0174
0,221,45,0,0,40.017
0,222,45,0,0,40.0166
0,223,45,0,0,40.0162
0,224,45,0,0,40.0159
0,225,45,0,0,40.0155
0,226,45,0,0,40.0152
0,227,45,0,0,40.0149
0,228,45,0,0,40.0146
0,229,45,0,0,40.0143
0,230,45,0,0,40.014
0,231,45,0,0,40.0138
0,232,45,0,0,40.0135
0,233,45,0,0,40.0133
0,234,45,0,0,40.0131
0,235,45,0,0,40.0128
0,236,45,0,0,40.0126
0,237,45,0,0,40.0125
0,238,45,0,0,40.0123
0,239,45,0,0,40.0121
0,240,45,0,0,40.0119
0,241,45,0,0,40.0118
0,242,45,0,0,40.0116
0,243,45,0,0,40.0115
0,244,45,0,0,40.0114
0,245,45,0,0,40.0113
0,246,45,0,0,40.0112
0,247,45,0,0,40.0111
0,248,45,0,0,40.011
0,249,45,0,0,40.0109
0,250,45,0,0,40.0109
0,251,45,0,0,40.0108
0,252,45,0,0,40.0108
0,253,45,0,0,40.0107
0,254,45,0,0,40.0107
0,255,45,0,0,40.0107
0,0,46,0,6.09525e-06,42.1949
0,1,46,0,0,42.1921
0,2,46,0,0,42.1882
0,3,46,0,0,42.1833
0,4,46,0,0,42.1772
0,5,46,0,0,42.17
0,6,46,0,0,42.1618
0,7,46,0,0,42.1525
0,8,46,0,0,42.1421
0,9,46,0,0,42.1308
0,10,46,0,0,42.1184
0,11,46,0,0,42.1051
0,12,46,0,0,42.0909
0,13,46,0,0,42.0758
0,14,46,0,0,42.0598
0,15,46,0,0,42.0429
0,16,46,0,0,42.0253
0,17,46,0,0,42.0068
0,18,46,0,0,41.9877
0,19,46,0,0,41.9678
0,20,46,0,0,41.9473
0,21,46,0,0,41.9262
0,22,46,0,0,41.9045
0,23,46,0,0,41.8822
0,24,46,0,0,41.8594
0,25,46,0,0,41.8362
0,26,46,0,0,41.8125
0,27,46,0,0,41.7885
0,28,46,0,0,41.764
0,29,46,0,0,41.7393
0,30,46,0,0,41.7143
0,31,46,0,0,41.689
0,32,46,0,0,41.6636
0,33,46,0,0,41.6379
0,34,46,0,0,41.6121
0,35,46,0,0,41.5862
0,36,46,0,0,41.5602
0,37,46,0,0,41.5341
0,38,46,0,0,41.5081
0,39,46,0,0,41.482
0,40,46,0,0,41.456
0,41,46,0,0,41.43
0,42,46,0,0,41.404
0,43,46,0,0,41.3782
0,44,46,0,0,41.3525
0,45,46,0,0,41.327
0,46,46,0,0,41.3016
0,47,46,0,0,41.2764
0,48,46,0,0,41.2514
0,49,46,0,0,41.2266
0,50,46,0,0,41.202
0,51,46,0,0,41.1777
0,52,46,0,0,41.1536
0,53,46,0,0,41.1298
0,54,46,0,0,41.1063
0,55,46,0,0,41.0831
0,56,46,0,0,41.0601
0,57,46,0,0,41.0375
0,58,46,0,0,41.0152
0,59,46,0,0,40.9932
0,60,46,0,0,40.9715
0,61,46,0,0,40.9502
0,62,46,0,0,40.9292
0,63,46,0,0,40.9086
0,64,46,0,6.09525e-06,40.8882
0,65,46,0,0,40.8678
0,66,46,0,0,40.8477
0,67,46,0,0,40.8279
0,68,46,0,0,40.8085
0,69,46,0,0,40.7894
0,70,46,0,0,40.7707
0,71,46,0,0,40.7523
0,72,46,0,0,40.7343
0,73,46,0,0,40.7167
0,74,46,0,0,40.6994
0,75,46,0,0,40.6824
0,76,46,0,0,40.6657
0,77,46,0,0,40.6495
0,78,46,0,0,40.6335
0,79,46,0,0,40.6179
0,80,46,0,0,40.6026
0,81,46,0,0,40.5876
0,82,46,0,0,40.573
0,83,46,0,0,40.5586
0,84,46,0,0,40.5446
0,85,46,0,0,40.5309
0,86,46,0,0,40.5175
0,87,46,0,0,40.5044
0,88,46,0,0,40.4916
0,89,46,0,0,40.4791
0,90,46,0,0,40.4669
0,91,46,0,0,40.455
0,92,46,0,0,40.4433
0,93,46,0,0,40.432
0,94,46,0,0,40.4209
0,95,46,0,0,40.41
0,96,46,0,0,40.3995
0,97,46,0,0,40.3891
0,98,46,0,0,40.3791
0,99,46,0,0,40.3693
0,100,46,0,0,40.3597
0,101,46,0,0,40.3504
0,102,46,0,0,40.3413
0,103,46,0,0,40.3324
0,104,46,0,0,40.3238
0,105,46,0,0,40.3153
0,106,46,0,0,40.3071
0,107,46,0,0,40.2992
0,108,46,0,0,40.2914
0,109,46,0,0,40.2838
0,110,46,0,0,40.2764
0,111,46,0,0,40.2692
0,112,46,0,0,40.2623
0,113,46,0,0,40.2555
0,114,46,0,0,40.2488
0,115,46,0,0,40.2424
0,116,46,0,0,40.2361
0,117,46,0,0,40.23
0,118,46,0,0,40.2241
0,119,46,0,0,40.2184
0,120,46,0,0,40.2128
0,121,46,0,0,40.2074
0,122,46,0,0,40.2021
0,123,46,0,0,40.197
0,124,46,0,0,40.192
0,125,46,0,0,40.1872
0,126,46,0,0,40.1825
0,127,46,0,0,40.1779
0,128,46,0,6.09525e-06,40.1735
0,129,46,0,0,40.1688
0,130,46,0,0,40.1641
0,131,46,0,0,40.1596
0,132,46,0,0,40.1553
0,133,46,0,0,40.151
0,134,46,0,0,40.1469
0,135,46,0,0,40.1428
0,136,46,0,0,40.1389
0,137,46,0,0,40.1351
0,138,46,0,0,40.1314
0,139,46,0,0,40.1278
0,140,46,0,0,40.1243
0,141,46,0,0,40.1209
0,142,46,0,0,40.1176
0,143,46,0,0,40.1144
0,144,46,0,0,40.1113
0,145,46,0,0,40.1083
0,146,46,0,0,40.1054
0,147,46,0,0,40.1025
0,148,46,0,0,40.0998
0,149,46,0,0,40.0971
0,150,46,0,0,40.0945
0,151,46,0,0,40.0919
0,152,46,0,0,40.0895
0,153,46,0,0,40.0871
0,154,46,0,0,40.0848
0,155,46,0,0,40.0826
0,156,46,0,0,40.0804
0,157,46,0,0,40.0783
0,158,46,0,0,40.0762
0,159,46,0,0,40.0742
0,160,46,0,0,40.0723
0,161,46,0,0,40.0704
0,162,46,0,0,40.0686
0,163,46,0,0,40.0669
0,164,46,0,0,40.0652
0,165,46,0,0,40.0635
0,166,46,0,0,40.062
0,167,46,0,0,40.0604
0,168,46,0,0,40.0589
0,169,46,0,0,40.0575
0,170,46,0,0,40.0561
0,171,46,0,0,40.0548
0,172,46,0,0,40.0535
0,173,46,0,0,40.0522
0,174,46,0,0,40.051
0,175,46,0,0,40.0498
0,176,46,0,0,40.0487
0,177,46,0,0,40.0476
0,178,46,0,0,40.0466
0,179,46,0,0,40.0456
0,180,46,0,0,40.0446
0,181,46,0,0,40.0437
0,182,46,0,0,40.0428
0,183,46,0,0,40.0419
0,184,46,0,0,40.0411
0,185,46,0,0,40.0404
0,186,46,0,0,40.0396
0,187,46,0,0,40.0389
0,188,46,0,0,40.0382
0,189,46,0,0,40.0376
0,190,46,0,0,40.037
0,191,46,0,0,40.0364
0,192,46,0,6.09525e-06,40.0359
0,193,46,0,0,40.0349
0,194,46,0,0,40.0339
0,195,46,0,0,40.033
0,196,46,0,0,40.032
0,197,46,0,0,40.0312
0,198,46,0,0,40.0303
0,199,46,0,0,40.0295
0,200,46,0,0,40.0287
0,201,46,0,0,40.0279
0,202,46,0,0,40.0271
0,203,46,0,0,40.0264
0,204,46,0,0,40.0257
0,205,46,0,0,40.025
0,206,46,0,0,40.0244
0,207,46,0,0,40.0237
0,208,46,0,0,40.0231
0,209,46,0,0,40.0225
0,210,46,0,0,40.022
0,211,46,0,0,40.0214
0,212,46,0,0,40.0209
0,213,46,0,0,40.0203
0,214,46,0,0,40.0198
0,215,46,0,0,40.0194
0,216,46,0,0,40.0189
0,217,46,0,0,40.0184
0,218,46,0,0,40.018
0,219,46,0,0,40.0176
0,220,46,0,0,40.0172
0,221,46,0,0,40.0168
0,222,46,0,0,40.0164
0,223,46,0,0,40.0161
0,224,46,0,0,40.0157
0,225,46,0,0,40.0154
0,226,46,0,0,40.0151
0,227,46,0,0,40.0148
0,228,46,0,0,40.0145
0,229,46,0,0,40.0142
0,230,46,0,0,40.0139
0,231,46,0,0,40.0137
0,232,46,0,0,40.0134
0,233,46,0,0,40.0132
0,234,46,0,0,40.013
0,235,46,0,0,40.0127
0,236,46,0,0,40.0125
0,237,46,0,0,40.0123
0,238,46,0,0,40.0122
0,239,46,0,0,40.012
0,240,46,0,0,40.0118
0,241,46,0,0,40.0117
0,242,46,0,0,40.0115
0,243,46,0,0,40.0114
0,244,46,0,0,40.0113
0,245,46,0,0,40.0112
0,246,46,0,0,40.0111
0,247,46,0,0,40.011
0,248,46,0,0,40.0109
0,249,46,0,0,40.0108
0,250,46,0,0,40.0108
0,251,46,0,0,40.0107
0,252,46,0,0,40.0107
0,253,46,0,0,40.0106
0,254,46,0,0,40.0106
0,255,46,0,0,40.0106
0,0,47,0,6.09525e-06,42.0848
0,1,47,0,0,42.0822
0,2,47,0,0,42.0786
0,3,47,0,0,42.074
0,4,47,0,0,42.0683
0,5,47,0,0,42.0616
0,6,47,0,0,42.054
0,7,47,0,0,42.0453
0,8,47,0,0,42.0357
0,9,47,0,0,42.0252
0,10,47,0,0,42.0137
0,11,47,0,0,42.0014
0,12,47,0,0,41.9881
0,13,47,0,0,41.9741
0,14,47,0,0,41.9592
0,15,47,0,0,41.9435
0,16,47,0,0,41.9271
0,17,47,0,0,41.91
0,18,47,0,0,41.8922
0,19,47,0,0,41.8737
0,20,47,0,0,41.8546
0,21,47,0,0,41.8349
0,22,47,0,0,41.8147
0,23,47,0,0,41.7939
0,24,47,0,0,41.7727
0,25,47,0,0,41.751
0,26,47,0,0,41.7289
0,27,47,0,0,41.7064
0,28,47,0,0,41.6836
0,29,47,0,0,41.6605
0,30,47,0,0,41.6371
0,31,47,0,0,41.6134
0,32,47,0,0,41.5896
0,33,47,0,0,41.5656
0,34,47,0,0,41.5414
0,35,47,0,0,41.5171
0,36,47,0,0,41.4927
0,37,47,0,0,41.4682
0,38,47,0,0,41.4437
0,39,47,0,0,41.4192
0,40,47,0,0,41.3947
0,41,47,0,0,41.3703
0,42,47,0,0,41.3459
0,43,47,0,0,41.3216
0,44,47,0,0,41.2974
0,45,47,0,0,41.2733
0,46,47,0,0,41.2493
0,47,47,0,0,41.2255
0,48,47,0,0,41.2019
0,49,47,0,0,41.1785
0,50,47,0,0,41.1552
0,51,47,0,0,41.1322
0,52,47,0,0,41.1094
0,53,47,0,0,41.0869
0,54,47,0,0,41.0646
0,55,47,0,0,41.0426
0,56,47,0,0,41.0208
0,57,47,0,0,40.9994
0,58,47,0,0,40.9782
0,59,47,0,0,40.9573
0,60,47,0,0,40.9367
0,61,47,0,0,40.9164
0,62,47,0,0,40.8964
0,63,47,0,0,40.8768
0,64,47,0,6.09525e-06,40.8574
0,65,47,0,0,40.8379
0,66,47,0,0,40.8187
0,67,47,0,0,40.7999
0,68,47,0,0,40.7813
0,69,47,0,0,40.7631
0,70,47,0,0,40.7452
0,71,47,0,0,40.7277
0,72,47,0,0,40.7105
0,73,47,0,0,40.6936
0,74,47,0,0,40.677
0,75,47,0,0,40.6607
0,76,47,0,0,40.6448
0,77,47,0,0,40.6292
0,78,47,0,0,40.6139
0,79,47,0,0,40.5989
0,80,47,0,0,40.5842
0,81,47,0,0,40.5698
0,82,47,0,0,40.5557
0,83,47,0,0,40.542
0,84,47,0,0,40.5285
0,85,47,0,0,40.5153
0,86,47,0,0,40.5025
0,87,47,0,0,40.4899
0,88,47,0,0,40.4775
0,89,47,0,0,40.4655
0,90,47,0,0,40.4537
0,91,47,0,0,40.4423
0,92,47,0,0,40.431
0,93,47,0,0,40.4201
0,94,47,0,0,40.4094
0,95,47,0,0,40.3989
0,96,47,0,0,40.3887
0,97,47,0,0,40.3788
0,98,47,0,0,40.369
0,99,47,0,0,40.3596
0,100,47,0,0,40.3503
0,101,47,0,0,40.3413
0,102,47,0,0,40.3325
0,103,47,0,0,40.3239
0,104,47,0,0,40.3156
0,105,47,0,0,40.3074
0,106,47,0,0,40.2995
0,107,47,0,0,40.2918
0,108,47,0,0,40.2842
0,109,47,0,0,40.2769
0,110,47,0,0,40.2698
0,111,47,0,0,40.2628
0,112,47,0,0,40.256
0,113,47,0,0,40.2495
0,114,47,0,0,40.243
0,115,47,0,0,40.2368
0,116,47,0,0,40.2307
0,117,47,0,0,40.2248
0,118,47,0,0,40.2191
0,119,47,0,0,40.2135
0,120,47,0,0,40.2081
0,121,47,0,0,40.2028
0,122,47,0,0,40.1977
0,123,47,0,0,40.1927
0,124,47,0,0,40.1879
0,125,47,0,0,40.1832
0,126,47,0,0,40.1787
0,127,47,0,0,40.1742
0,128,47,0,6.09525e-06,40.17
0,129,47,0,0,40.1653
0,130,47,0,0,40.1608
0,131,47,0,0,40.1564
0,132,47,0,0,40.1521
0,133,47,0,0,40.148
0,134,47,0,0,40.1439
0,135,47,0,0,40.14
0,136,47,0,0,40.1362
0,137,47,0,0,40.1325
0,138,47,0,0,40.1289
0,139,47,0,0,40.1254
0,140,47,0,0,40.122
0,141,47,0,0,40.1187
0,142,47,0,0,40.1154
0,143,47,0,0,40.1123
0,144,47,0,0,40.1093
0,145,47,0,0,40.1063
0,146,47,0,0,40.1035
0,147,47,0,0,40.1007
0,148,47,0,0,40.098
0,149,47,0,0,40.0954
0,150,47,0,0,40.0928
0,151,47,0,0,40.0903
0,152,47,0,0,40.0879
0,153,47,0,0,40.0856
0,154,47,0,0,40.0833
0,155,47,0,0,40.0811
0,156,47,0,0,40.079
0,157,47,0,0,40.077
0,158,47,0,0,40.0749
0,159,47,0,0,40.073
0,160,47,0,0,40.0711
0,161,47,0,0,40.0693
0,162,47,0,0,40.0675
0,163,47,0,0,40.0658
0,164,47,0,0,40.0642
0,165,47,0,0,40.0626
0,166,47,0,0,40.061
0,167,47,0,0,40.0595
0,168,47,0,0,40.058
0,169,47,0,0,40.0566
0,170,47,0,0,40.0553
0,171,47,0,0,40.0539
0,172,47,0,0,40.0527
0,173,47,0,0,40.0514
0,174,47,0,0,40.0503
0,175,47,0,0,40.0491
0,176,47,0,0,40.048
0,177,47,0,0,40.047
0,178,47,0,0,40.0459
0,179,47,0,0,40.045
0,180,47,0,0,40.044
0,181,47,0,0,40.0431
0,182,47,0,0,40.0422
0,183,47,0,0,40.0414
0,184,47,0,0,40.0406
0,185,47,0,0,40.0399
0,186,47,0,0,40.0391
0,187,47,0,0,40.0384
0,188,47,0,0,40.0378
0,189,47,0,0,40.0372
0,190,47,0,0,40.0366
0,191,47,0,0,40.036
0,192,47,0,6.09525e-06,40.0355
0,193,47,0,0,40.0345
0,194,47,0,0,40.0335
0,195,47,0,0,40.0326
0,196,47,0,0,40.0317
0,197,47,0,0,40.0308
0,198,47,0,0,40.03
0,199,47,0,0,40.0292
0,200,47,0,0,40.0284
0,201,47,0,0,40.0276
0,202,47,0,0,40.0269
0,203,47,0,0,40.0261
0,204,47,0,0,40.0255
0,205,47,0,0,40.0248
0,206,47,0,0,40.0241
0,207,47,0,0,40.0235
0,208,47,0,0,40.0229
0,209,47,0,0,40.0223
0,210,47,0,0,40.0217
0,211,47,0,0,40.0212
0,212,47,0,0,40.0207
0,213,47,0,0,40.0201
0,214,47,0,0,40.0197
0,215,47,0,0,40.0192
0,216,47,0,0,40.0187
0,217,47,0,0,40.0183
0,218,47,0,0,40.0178
0,219,47,0,0,40.0174
0,220,47,0,0,40.017
0,221,47,0,0,40.0166
0,222,47,0,0,40.0163
0,223,47,0,0,40.0159
0,224,47,0,0,40.0156
0,225,47,0,0,40.0152
0,226,47,0,0,40.0149
0,227,47,0,0,40.0146
0,228,47,0,0,40.0143
0,229,47,0,0,40.0141
0,230,47,0,0,40.0138
0,231,47,0,0,40.0135
0,232,47,0,0,40.0133
0,233,47,0,0,40.0131
0,234,47,0,0,40.0128
0,235,47,0,0,40.0126
0,236,47,0,0,40.0124
0,237,47,0,0,40.0122
0,238,47,0,0,40.0121
0,239,47,0,0,40.0119
0,240,47,0,0,40.0117
0,241,47,0,0,40.0116
0,242,47,0,0,40.0114
0,243,47,0,0,40.0113
0,244,47,0,0,40.0112
0,245,47,0,0,40.0111
0,246,47,0,0,40.011
0,247,47,0,0,40.0109
0,248,47,0,0,40.0108
0,249,47,0,0,40.0108
0,250,47,0,0,40.0107
0,251,47,0,0,40.0106
0,252,47,0,0,40.0106
0,253,47,0,0,40.0106
0,254,47,0,0,40.0105
0,255,47,0,0,40.0105
0,0,48,0,6.09525e-06,41.9807
0,1,48,0,0,41.9783
0,2,48,0,0,41.9749
0,3,48,0,0,41.9705
0,4,48,0,0,41.9653
0,5,48,0,0,41.9591
0,6,48,0,0,41.9519
0,7,48,0,0,41.9439
0,8,48,0,0,41.935
0,9,48,0,0,41.9252
0,10,48,0,0,41.9145
0,11,48,0,0,41.903
0,12,48,0,0,41.8907
0,13,48,0,0,41.8776
0,14,48,0,0,41.8638
0,15,48,0,0,41.8492
0,16,48,0,0,41.834
0,17,48,0,0,41.818
0,18,48,0,0,41.8014
0,19,48,0,0,41.7842
0,20,48,0,0,41.7664
0,21,48,0,0,41.7481
0,22,48,0,0,41.7292
0,23,48,0,0,41.7098
0,24,48,0,0,41.69
0,25,48,0,0,41.6698
0,26,48,0,0,41.6492
0,27,48,0,0,41.6282
0,28,48,0,0,41.6068
0,29,48,0,0,41.5852
0,30,48,0,0,41.5633
0,31,48,0,0,41.5412
0,32,48,0,0,41.5189
0,33,48,0,0,41.4963
0,34,48,0,0,41.4737
0,35,48,0,0,41.4509
0,36,48,0,0,41.428
0,37,48,0,0,41.405
0,38,48,0,0,41.382
0,39,48,0,0,41.359
0,40,48,0,0,41.3359
0,41,48,0,0,41.3129
0,42,48,0,0,41.29
0,43,48,0,0,41.2671
0,44,48,0,0,41.2442
0,45,48,0,0,41.2215
0,46,48,0,0,41.1989
0,47,48,0,0,41.1765
0,48,48,0,0,41.1542
0,49,48,0,0,41.132
0,50,48,0,0,41.1101
0,51,48,0,0,41.0883
0,52,48,0,0,41.0667
0,53,48,0,0,41.0454
0,54,48,0,0,41.0243
0,55,48,0,0,41.0034
0,56,48,0,0,40.9828
0,57,48,0,0,40.9624
0,58,48,0,0,40.9423
0,59,48,0,0,40.9224
0,60,48,0,0,40.9029
0,61,48,0,0,40.8836
0,62,48,0,0,40.8646
0,63,48,0,0,40.8459
0,64,48,0,6.09525e-06,40.8275
0,65,48,0,0,40.8089
0,66,48,0,0,40.7906
0,67,48,0,0,40.7726
0,68,48,0,0,40.7549
0,69,48,0,0,40.7375
0,70,48,0,0,40.7204
0,71,48,0,0,40.7036
0,72,48,0,0,40.6871
0,73,48,0,0,40.671
0,74,48,0,0,40.6551
0,75,48,0,0,40.6395
0,76,48,0,0,40.6243
0,77,48,0,0,40.6093
0,78,48,0,0,40.5946
0,79,48,0,0,40.5803
0,80,48,0,0,40.5662
0,81,48,0,0,40.5524
0,82,48,0,0,40.5389
0,83,48,0,0,40.5257
0,84,48,0,0,40.5127
0,85,48,0,0,40.5001
0,86,48,0,0,40.4877
0,87,48,0,0,40.4756
0,88,48,0,0,40.4637
0,89,48,0,0,40.4521
0,90,48,0,0,40.4408
0,91,48,0,0,40.4297
0,92,48,0,0,40.4189
0,93,48,0,0,40.4084
0,94,48,0,0,40.3981
0,95,48,0,0,40.388
0,96,48,0,0,40.3781
0,97,48,0,0,40.3685
0,98,48,0,0,40.3592
0,99,48,0,0,40.35
0,100,48,0,0,40.3411
0,101,48,0,0,40.3324
0,102,48,0,0,40.3239
0,103,48,0,0,40.3156
0,104,48,0,0,40.3075
0,105,48,0,0,40.2996
0,106,48,0,0,40.292
0,107,48,0,0,40.2845
0,108,48,0,0,40.2772
0,109,48,0,0,40.2701
0,110,48,0,0,40.2632
0,111,48,0,0,40.2565
0,112,48,0,0,40.2499
0,113,48,0,0,40.2435
0,114,48,0,0,40.2373
0,115,48,0,0,40.2313
0,116,48,0,0,40.2254
0,117,48,0,0,40.2196
0,118,48,0,0,40.2141
0,119,48,0,0,40.2087
0,120,48,0,0,40.2034
0,121,48,0,0,40.1983
0,122,48,0,0,40.1933
0,123,48,0,0,40.1885
0,124,48,0,0,40.1838
0,125,48,0,0,40.1793
0,126,48,0,0,40.1749
0,127,48,0,0,40.1706
0,128,48,0,6.09525e-06,40.1664
0,129,48,0,0,40.1619
0,130,48,0,0,40.1575
0,131,48,0,0,40.1532
0,132,48,0,0,40.149
0,133,48,0,0,40.145
0,134,48,0,0,40.1411
0,135,48,0,0,40.1372
0,136,48,0,0,40.1335
0,137,48,0,0,40.1299
0,138,48,0,0,40.1264
0,139,48,0,0,40.123
0,140,48,0,0,40.1196
0,141,48,0,0,40.1164
0,142,48,0,0,40.1133
0,143,48,0,0,40.1102
0,144,48,0,0,40.1072
0,145,48,0,0,40.1044
0,146,48,0,0,40.1016
0,147,48,0,0,40.0988
0,148,48,0,0,40.0962
0,149,48,0,0,40.0936
0,150,48,0,0,40.0911
0,151,48,0,0,40.0887
0,152,48,0,0,40.0864
0,153,48,0,0,40.0841
0,154,48,0,0,40.0819
0,155,48,0,0,40.0797
0,156,48,0,0,40.0777
0,157,48,0,0,40.0756
0,158,48,0,0,40.0737
0,159,48,0,0,40.0718
0,160,48,0,0,40.0699
0,161,48,0,0,40.0682
0,162,48,0,0,40.0664
0,163,48,0,0,40.0648
0,164,48,0,0,40.0631
0,165,48,0,0,40.0616
0,166,48,0,0,40.06
0,167,48,0,0,40.0586
0,168,48,0,0,40.0571
0,169,48,0,0,40.0558
0,170,48,0,0,40.0544
0,171,48,0,0,40.0531
0,172,48,0,0,40.0519
0,173,48,0,0,40.0507
0,174,48,0,0,40.0495
0,175,48,0,0,40.0484
0,176,48,0,0,40.0473
0,177,48,0,0,40.0463
0,178,48,0,0,40.0453
0,179,48,0,0,40.0443
0,180,48,0,0,40.0434
0,181,48,0,0,40.0425
0,182,48,0,0,40.0417
0,183,48,0,0,40.0409
0,184,48,0,0,40.0401
0,185,48,0,0,40.0393
0,186,48,0,0,40.0386
0,187,48,0,0,40.038
0,188,48,0,0,40.0373
0,189,48,0,0,40.0367
0,190,48,0,0,40.0361
0,191,48,0,0,40.0356
0,192,48,0,6.09525e-06,40.0351
0,193,48,0,0,40.0341
0,194,48,0,0,40.0332
0,195,48,0,0,40.0322
0,196,48,0,0,40.0313
0,197,48,0,0,40.0305
0,198,48,0,0,40.0297
0,199,48,0,0,40.0288
0,200,48,0,0,40.0281
0,201,48,0,0,40.0273
0,202,48,0,0,40.0266
0,203,48,0,0,40.0259
0,204,48,0,0,40.0252
0,205,48,0,0,40.0245
0,206,48,0,0,40.0239
0,207,48,0,0,40.0233
0,208,48,0,0,40.0227
0,209,48,0,0,40.0221
0,210,48,0,0,40.0215
0,211,48,0,0,40.021
0,212,48,0,0,40.0205
0,213,48,0,0,40.0199
0,214,48,0,0,40.0195
0,215,48,0,0,40.019
0,216,48,0,0,40.0185
0,217,48,0,0,40.0181
0,218,48,0,0,40.0177
0,219,48,0,0,40.0173
0,220,48,0,0,40.0169
0,221,48,0,0,40.0165
0,222,48,0,0,40.0161
0,223,48,0,0,40.0158
0,224,48,0,0,40.0154
0,225,48,0,0,40.0151
0,226,48,0,0,40.0148
0,227,48,0,0,40.0145
0,228,48,0,0,40.0142
0,229,48,0,0,40.0139
0,230,48,0,0,40.0137
0,231,48,0,0,40.0134
0,232,48,0,0,40.0132
0,233,48,0,0,40.0129
0,234,48,0,0,40.0127
0,235,48,0,0,40.0125
0,236,48,0,0,40.0123
0,237,48,0,0,40.0121
0,238,48,0,0,40.012
0,239,48,0,0,40.0118
0,240,48,0,0,40.0116
0,241,48,0,0,40.0115
0,242,48,0,0,40.0114
0,243,48,0,0,40.0112
0,244,48,0,0,40.0111
0,245,48,0,0,40.011
0,246,48,0,0,40.0109
0,247,48,0,0,40.0108
0,248,48,0,0,40.0107
0,249,48,0,0,40.0107
0,250,48,0,0,40.0106
0,251,48,0,0,40.0105
0,252,48,0,0,40.0105
0,253,48,0,0,40.0105
0,254,48,0,0,40.0104
0,255,48,0,0,40.0104
0,0,49,0,6.09525e-06,41.8822
0,1,49,0,0,41.8799
0,2,49,0,0,41.8767
0,3,49,0,0,41.8727
0,4,49,0,0,41.8677
0,5,49,0,0,41.862
0,6,49,0,0,41.8553
0,7,49,0,0,41.8478
0,8,49,0,0,41.8395
0,9,49,0,0,41.8304
0,10,49,0,0,41.8205
0,11,49,0,0,41.8098
0,12,49,0,0,41.7984
0,13,49,0,0,41.7862
0,14,49,0,0,41.7733
0,15,49,0,0,41.7597
0,16,49,0,0,41.7455
0,17,49,0,0,41.7307
0,18,49,0,0,41.7152
0,19,49,0,0,41.6992
0,20,49,0,0,41.6826
0,21,49,0,0,41.6655
0,22,49,0,0,41.6479
0,23,49,0,0,41.6298
0,24,49,0,0,41.6113
0,25,49,0,0,41.5924
0,26,49,0,0,41.5731
0,27,49,0,0,41.5535
0,28,49,0,0,41.5336
0,29,49,0,0,41.5134
0,30,49,0,0,41.4929
0,31,49,0,0,41.4721
0,32,49,0,0,41.4512
0,33,49,0,0,41.4301
0,34,49,0,0,41.4089
0,35,49,0,0,41.3875
0,36,49,0,0,41.366
0,37,49,0,0,41.3444
0,38,49,0,0,41.3228
0,39,49,0,0,41.3011
0,40,49,0,0,41.2795
0,41,49,0,0,41.2578
0,42,49,0,0,41.2362
0,43,49,0,0,41.2146
0,44,49,0,0,41.1931
0,45,49,0,0,41.1717
0,46,49,0,0,41.1504
0,47,49,0,0,41.1292
0,48,49,0,0,41.1081
0,49,49,0,0,41.0872
0,50,49,0,0,41.0664
0,51,49,0,0,41.0458
0,52,49,0,0,41.0254
0,53,49,0,0,41.0052
0,54,49,0,0,40.9852
0,55,49,0,0,40.9655
0,56,49,0,0,40.9459
0,57,49,0,0,40.9266
0,58,49,0,0,40.9075
0,59,49,0,0,40.8887
0,60,49,0,0,40.8701
0,61,49,0,0,40.8518
0,62,49,0,0,40.8337
0,63,49,0,0,40.8159
0,64,49,0,6.09525e-06,40.7984
0,65,49,0,0,40.7807
0,66,49,0,0,40.7632
0,67,49,0,0,40.746
0,68,49,0,0,40.7291
0,69,49,0,0,40.7125
0,70,49,0,0,40.6962
0,71,49,0,0,40.6802
0,72,49,0,0,40.6644
0,73,49,0,0,40.6489
0,74,49,0,0,40.6338
0,75,49,0,0,40.6189
0,76,49,0,0,40.6042
0,77,49,0,0,40.5899
0,78,49,0,0,40.5759
0,79,49,0,0,40.5621
0,80,49,0,0,40.5486
0,81,49,0,0,40.5353
0,82,49,0,0,40.5224
0,83,49,0,0,40.5097
0,84,49,0,0,40.4973
0,85,49,0,0,40.4851
0,86,49,0,0,40.4732
0,87,49,0,0,40.4615
0,88,49,0,0,40.4501
0,89,49,0,0,40.439
0,90,49,0,0,40.4281
0,91,49,0,0,40.4175
0,92,49,0,0,40.407
0,93,49,0,0,40.3969
0,94,49,0,0,40.3869
0,95,49,0,0,40.3772
0,96,49,0,0,40.3677
0,97,49,0,0,40.3585
0,98,49,0,0,40.3494
0,99,49,0,0,40.3406
0,100,49,0,0,40.332
0,101,49,0,0,40.3236
0,102,49,0,0,40.3154
0,103,49,0,0,40.3074
0,104,49,0,0,40.2996
0,105,49,0,0,40.292
0,106,49,0,0,40.2845
0,107,49,0,0,40.2773
0,108,49,0,0,40.2703
0,109,49,0,0,40.2634
0,110,49,0,0,40.2567
0,111,49,0,0,40.2502
0,112,49,0,0,40.2438
0,113,49,0,0,40.2376
0,114,49,0,0,40.2316
0,115,49,0,0,40.2258
0,116,49,0,0,40.2201
0,117,49,0,0,40.2145
0,118,49,0,0,40.2091
0,119,49,0,0,40.2039
0,120,49,0,0,40.1988
0,121,49,0,0,40.1938
0,122,49,0,0,40.189
0,123,49,0,0,40.1843
0,124,49,0,0,40.1798
0,125,49,0,0,40.1754
0,126,49,0,0,40.1711
0,127,49,0,0,40.1669
0,128,49,0,6.09525e-06,40.1629
0,129,49,0,0,40.1585
0,130,49,0,0,40.1542
0,131,49,0,0,40.15
0,132,49,0,0,40.146
0,133,49,0,0,40.142
0,134,49,0,0,40.1382
0,135,49,0,0,40.1345
0,136,49,0,0,40.1308
0,137,49,0,0,40.1273
0,138,49,0,0,40.1239
0,139,49,0,0,40.1205
0,140,49,0,0,40.1173
0,141,49,0,0,40.1141
0,142,49,0,0,40.1111
0,143,49,0,0,40.1081
0,144,49,0,0,40.1052
0,145,49,0,0,40.1024
0,146,49,0,0,40.0997
0,147,49,0,0,40.097
0,148,49,0,0,40.0944
0,149,49,0,0,40.0919
0,150,49,0,0,40.0895
0,151,49,0,0,40.0871
0,152,49,0,0,40.0848
0,153,49,0,0,40.0826
0,154,49,0,0,40.0804
0,155,49,0,0,40.0783
0,156,49,0,0,40.0763
0,157,49,0,0,40.0743
0,158,49,0,0,40.0724
0,159,49,0,0,40.0706
0,160,49,0,0,40.0688
0,161,49,0,0,40.067
0,162,49,0,0,40.0653
0,163,49,0,0,40.0637
0,164,49,0,0,40.0621
0,165,49,0,0,40.0606
0,166,49,0,0,40.0591
0,167,49,0,0,40.0576
0,168,49,0,0,40.0562
0,169,49,0,0,40.0549
0,170,49,0,0,40.0536
0,171,49,0,0,40.0523
0,172,49,0,0,40.0511
0,173,49,0,0,40.0499
0,174,49,0,0,40.0488
0,175,49,0,0,40.0477
0,176,49,0,0,40.0467
0,177,49,0,0,40.0456
0,178,49,0,0,40.0447
0,179,49,0,0,40.0437
0,180,49,0,0,40.0428
0,181,49,0,0,40.042
0,182,49,0,0,40.0411
0,183,49,0,0,40.0403
0,184,49,0,0,40.0396
0,185,49,0,0,40.0388
0,186,49,0,0,40.0382
0,187,49,0,0,40.0375
0,188,49,0,0,40.0369
0,189,49,0,0,40.0363
0,190,49,0,0,40.0357
0,191,49,0,0,40.0352
0,192,49,0,6.09525e-06,40.0347
0,193,49,0,0,40.0337
0,194,49,0,0,40.0328
0,195,49,0,0,40.0319
0,196,49,0,0,40.031
0,197,49,0,0,40.0301
0,198,49,0,0,40.0293
0,199,49,0,0,40.0285
0,200,49,0,0,40.0278
0,201,49,0,0,40.027
0,202,49,0,0,40.0263
0,203,49,0,0,40.0256
0,204,49,0,0,40.0249
0,205,49,0,0,40.0243
0,206,49,0,0,40.0236
0,207,49,0,0,40.023
0,208,49,0,0,40.0224
0,209,49,0,0,40.0219
0,210,49,0,0,40.0213
0,211,49,0,0,40.0208
0,212,49,0,0,40.0202
0,213,49,0,0,40.0197
0,214,49,0,0,40.0193
0,215,49,0,0,40.0188
0,216,49,0,0,40.0183
0,217,49,0,0,40.0179
0,218,49,0,0,40.0175
0,219,49,0,0,40.0171
0,220,49,0,0,40.0167
0,221,49,0,0,40.0163
0,222,49,0,0,40.016
0,223,49,0,0,40.0156
0,224,49,0,0,40.0153
0,225,49,0,0,40.015
0,226,49,0,0,40.0146
0,227,49,0,0,40.0144
0,228,49,0,0,40.0141
0,229,49,0,0,40.0138
0,230,49,0,0,40.0135
0,231,49,0,0,40.0133
0,232,49,0,0,40.013
0,233,49,0,0,40.0128
0,234,49,0,0,40.0126
0,235,49,0,0,40.0124
0,236,49,0,0,40.0122
0,237,49,0,0,40.012
0,238,49,0,0,40.0118
0,239,49,0,0,40.0117
0,240,49,0,0,40.0115
0,241,49,0,0,40.0114
0,242,49,0,0,40.0113
0,243,49,0,0,40.0111
0,244,49,0,0,40.011
0,245,49,0,0,40.0109
0,246,49,0,0,40.0108
0,247,49,0,0,40.0107
0,248,49,0,0,40.0106
0,249,49,0,0,40.0106
0,250,49,0,0,40.0105
0,251,49,0,0,40.0105
0,252,49,0,0,40.0104
0,253,49,0,0,40.0104
0,254,49,0,0,40.0104
0,255,49,0,0,40.0103
0,0,50,0,6.09525e-06,41.7889
0,1,50,0,0,41.7868
0,2,50,0,0,41.7838
0,3,50,0,0,41.78
0,4,50,0,0,41.7754
0,5,50,0,0,41.77
0,6,50,0,0,41.7638
0,7,50,0,0,41.7568
0,8,50,0,0,41.7491
0,9,50,0,0,41.7406
0,10,50,0,0,41.7314
0,11,50,0,0,41.7214
0,12,50,0,0,41.7108
0,13,50,0,0,41.6994
0,14,50,0,0,41.6874
0,15,50,0,0,41.6748
0,16,50,0,0,41.6616
0,17,50,0,0,41.6477
0,18,50,0,0,41.6333
0,19,50,0,0,41.6183
0,20,50,0,0,41.6029
0,21,50,0,0,41.5869
0,22,50,0,0,41.5705
0,23,50,0,0,41.5536
0,24,50,0,0,41.5364
0,25,50,0,0,41.5187
0,26,50,0,0,41.5007
0,27,50,0,0,41.4823
0,28,50,0,0,41.4637
0,29,50,0,0,41.4448
0,30,50,0,0,41.4256
0,31,50,0,0,41.4062
0,32,50,0,0,41.3866
0,33,50,0,0,41.3668
0,34,50,0,0,41.3468
0,35,50,0,0,41.3268
0,36,50,0,0,41.3066
0,37,50,0,0,41.2863
0,38,50,0,0,41.266
0,39,50,0,0,41.2457
0,40,50,0,0,41.2253
0,41,50,0,0,41.2049
0,42,50,0,0,41.1846
0,43,50,0,0,41.1642
0,44,50,0,0,41.144
0,45,50,0,0,41.1238
0,46,50,0,0,41.1036
0,47,50,0,0,41.0836
0,48,50,0,0,41.0637
0,49,50,0,0,41.044
0,50,50,0,0,41.0244
0,51,50,0,0,41.0049
0,52,50,0,0,40.9856
0,53,50,0,0,40.9665
0,54,50,0,0,40.9475
0,55,50,0,0,40.9288
0,56,50,0,0,40.9102
0,57,50,0,0,40.8919
0,58,50,0,0,40.8738
0,59,50,0,0,40.8559
0,60,50,0,0,40.8383
0,61,50,0,0,40.8209
0,62,50,0,0,40.8037
0,63,50,0,0,40.7868
0,64,50,0,6.09525e-06,40.7701
0,65,50,0,0,40.7532
0,66,50,0,0,40.7366
0,67,50,0,0,40.7202
0,68,50,0,0,40.7041
0,69,50,0,0,40.6882
0,70,50,0,0,40.6726
0,71,50,0,0,40.6573
0,72,50,0,0,40.6423
0,73,50,0,0,40.6275
0,74,50,0,0,40.6129
0,75,50,0,0,40.5987
0,76,50,0,0,40.5847
0,77,50,0,0,40.571
0,78,50,0,0,40.5575
0,79,50,0,0,40.5443
0,80,50,0,0,40.5313
0,81,50,0,0,40.5187
0,82,50,0,0,40.5062
0,83,50,0,0,40.494
0,84,50,0,0,40.4821
0,85,50,0,0,40.4704
0,86,50,0,0,40.459
0,87,50,0,0,40.4478
0,88,50,0,0,40.4368
0,89,50,0,0,40.4261
0,90,50,0,0,40.4156
0,91,50,0,0,40.4054
0,92,50,0,0,40.3954
0,93,50,0,0,40.3856
0,94,50,0,0,40.376
0,95,50,0,0,40.3666
0,96,50,0,0,40.3575
0,97,50,0,0,40.3486
0,98,50,0,0,40.3398
0,99,50,0,0,40.3313
0,100,50,0,0,40.323
0,101,50,0,0,40.3149
0,102,50,0,0,40.307
0,103,50,0,0,40.2993
0,104,50,0,0,40.2917
0,105,50,0,0,40.2844
0,106,50,0,0,40.2772
0,107,50,0,0,40.2702
0,108,50,0,0,40.2634
0,109,50,0,0,40.2568
0,110,50,0,0,40.2503
0,111,50,0,0,40.244
0,112,50,0,0,40.2378
0,113,50,0,0,40.2319
0,114,50,0,0,40.226
0,115,50,0,0,40.2204
0,116,50,0,0,40.2148
0,117,50,0,0,40.2095
0,118,50,0,0,40.2042
0,119,50,0,0,40.1992
0,120,50,0,0,40.1942
0,121,50,0,0,40.1894
0,122,50,0,0,40.1847
0,123,50,0,0,40.1802
0,124,50,0,0,40.1758
0,125,50,0,0,40.1715
0,126,50,0,0,40.1674
0,127,50,0,0,40.1633
0,128,50,0,6.09525e-06,40.1594
0,129,50,0,0,40.1551
0,130,50,0,0,40.151
0,131,50,0,0,40.1469
0,132,50,0,0,40.1429
0,133,50,0,0,40.1391
0,134,50,0,0,40.1354
0,135,50,0,0,40.1317
0,136,50,0,0,40.1282
0,137,50,0,0,40.1247
0,138,50,0,0,40.1214
0,139,50,0,0,40.1181
0,140,50,0,0,40.115
0,141,50,0,0,40.1119
0,142,50,0,0,40.1089
0,143,50,0,0,40.106
0,144,50,0,0,40.1032
0,145,50,0,0,40.1004
0,146,50,0,0,40.0978
0,147,50,0,0,40.0952
0,148,50,0,0,40.0927
0,149,50,0,0,40.0902
0,150,50,0,0,40.0878
0,151,50,0,0,40.0855
0,152,50,0,0,40.0833
0,153,50,0,0,40.0811
0,154,50,0,0,40.079
0,155,50,0,0,40.077
0,156,50,0,0,40.075
0,157,50,0,0,40.073
0,158,50,0,0,40.0712
0,159,50,0,0,40.0694
0,160,50,0,0,40.0676
0,161,50,0,0,40.0659
0,162,50,0,0,40.0642
0,163,50,0,0,40.0626
0,164,50,0,0,40.0611
0,165,50,0,0,40.0596
0,166,50,0,0,40.0581
0,167,50,0,0,40.0567
0,168,50,0,0,40.0553
0,169,50,0,0,40.054
0,170,50,0,0,40.0528
0,171,50,0,0,40.0515
0,172,50,0,0,40.0503
0,173,50,0,0,40.0492
0,174,50,0,0,40.0481
0,175,50,0,0,40.047
0,176,50,0,0,40.046
0,177,50,0,0,40.045
0,178,50,0,0,40.044
0,179,50,0,0,40.0431
0,180,50,0,0,40.0422
0,181,50,0,0,40.0414
0,182,50,0,0,40.0406
0,183,50,0,0,40.0398
0,184,50,0,0,40.0391
0,185,50,0,0,40.0383
0,186,50,0,0,40.0377
0,187,50,0,0,40.037
0,188,50,0,0,40.0364
0,189,50,0,0,40.0358
0,190,50,0,0,40.0353
0,191,50,0,0,40.0348
0,192,50,0,6.09525e-06,40.0343
0,193,50,0,0,40.0333
0,194,50,0,0,40.0324
0,195,50,0,0,40.0315
0,196,50,0,0,40.0306
0,197,50,0,0,40.0298
0,198,50,0,0,40.029
0,199,50,0,0,40.0282
0,200,50,0,0,40.0275
0,201,50,0,0,40.0267
0,202,50,0,0,40.026
0,203,50,0,0,40.0253
0,204,50,0,0,40.0246
0,205,50,0,0,40.024
0,206,50,0,0,40.0234
0,207,50,0,0,40.0228
0,208,50,0,0,40.0222
0,209,50,0,0,40.0216
0,210,50,0,0,40.0211
0,211,50,0,0,40.0205
0,212,50,0,0,40.02
0,213,50,0,0,40.0195
0,214,50,0,0,40.0191
0,215,50,0,0,40.0186
0,216,50,0,0,40.0182
0,217,50,0,0,40.0177
0,218,50,0,0,40.0173
0,219,50,0,0,40.0169
0,220,50,0,0,40.0165
0,221,50,0,0,40.0162
0,222,50,0,0,40.0158
0,223,50,0,0,40.0155
0,224,50,0,0,40.0151
0,225,50,0,0,40.0148
0,226,50,0,0,40.0145
0,227,50,0,0,40.0142
0,228,50,0,0,40.0139
0,229,50,0,0,40.0137
0,230,50,0,0,40.0134
0,231,50,0,0,40.0132
0,232,50,0,0,40.0129
0,233,50,0,0,40.0127
0,234,50,0,0,40.0125
0,235,50,0,0,40.0123
0,236,50,0,0,40.0121
0,237,50,0,0,40.0119
0,238,50,0,0,40.0117
0,239,50,0,0,40.0116
0,240,50,0,0,40.0114
0,241,50,0,0,40.0113
0,242,50,0,0,40.0112
0,243,50,0,0,40.011
0,244,50,0,0,40.0109
0,245,50,0,0,40.0108
0,246,50,0,0,40.0107
0,247,50,0,0,40.0106
0,248,50,0,0,40.0105
0,249,50,0,0,40.0105
0,250,50,0,0,40.0104
0,251,50,0,0,40.0104
0,252,50,0,0,40.0103
0,253,50,0,0,40.0103
0,254,50,0,0,40.0103
0,255,50,0,0,40.0102
0,0,51,0,6.09525e-06,41.7006
0,1,51,0,0,41.6986
0,2,51,0,0,41.6958
0,3,51,0,0,41.6922
0,4,51,0,0,41.6879
0,5,51,0,0,41.6829
0,6,51,0,0,41.6771
0,7,51,0,0,41.6706
0,8,51,0,0,41.6634
0,9,51,0,0,41.6555
0,10,51,0,0,41.6469
0,11,51,0,0,41.6376
0,12,51,0,0,41.6277
0,13,51,0,0,41.6171
0,14,51,0,0,41.6059
0,15,51,0,0,41.5942
0,16,51,0,0,41.5818
0,17,51,0,0,41.5689
0,18,51,0,0,41.5555
0,19,51,0,0,41.5415
0,20,51,0,0,41.5271
0,21,51,0,0,41.5122
0,22,51,0,0,41.4969
0,23,51,0,0,41.4811
0,24,51,0,0,41.465
0,25,51,0,0,41.4485
0,26,51,0,0,41.4316
0,27,51,0,0,41.4145
0,28,51,0,0,41.397
0,29,51,0,0,41.3793
0,30,51,0,0,41.3613
0,31,51,0,0,41.3431
0,32,51,0,0,41.3248
0,33,51,0,0,41.3062
0,34,51,0,0,41.2875
0,35,51,0,0,41.2687
0,36,51,0,0,41.2497
0,37,51,0,0,41.2307
0,38,51,0,0,41.2116
0,39,51,0,0,41.1925
0,40,51,0,0,41.1733
0,41,51,0,0,41.1541
0,42,51,0,0,41.1349
0,43,51,0,0,41.1158
0,44,51,0,0,41.0967
0,45,51,0,0,41.0776
0,46,51,0,0,41.0587
0,47,51,0,0,41.0398
0,48,51,0,0,41.021
0,49,51,0,0,41.0023
0,50,51,0,0,40.9838
0,51,51,0,0,40.9654
0,52,51,0,0,40.9471
0,53,51,0,0,40.929
0,54,51,0,0,40.9111
0,55,51,0,0,40.8933
0,56,51,0,0,40.8757
0,57,51,0,0,40.8584
0,58,51,0,0,40.8412
0,59,51,0,0,40.8242
0,60,51,0,0,40.8075
0,61,51,0,0,40.7909
0,62,51,0,0,40.7746
0,63,51,0,0,40.7585
0,64,51,0,6.09525e-06,40.7427
0,65,51,0,0,40.7266
0,66,51,0,0,40.7107
0,67,51,0,0,40.6951
0,68,51,0,0,40.6797
0,69,51,0,0,40.6646
0,70,51,0,0,40.6497
0,71,51,0,0,40.6351
0,72,51,0,0,40.6207
0,73,51,0,0,40.6065
0,74,51,0,0,40.5927
0,75,51,0,0,40.579
0,76,51,0,0,40.5656
0,77,51,0,0,40.5525
0,78,51,0,0,40.5396
0,79,51,0,0,40.5269
0,80,51,0,0,40.5145
0,81,51,0,0,40.5024
0,82,51,0,0,40.4904
0,83,51,0,0,40.4787
0,84,51,0,0,40.4673
0,85,51,0,0,40.4561
0,86,51,0,0,40.4451
0,87,51,0,0,40.4343
0,88,51,0,0,40.4238
0,89,51,0,0,40.4135
0,90,51,0,0,40.4034
0,91,51,0,0,40.3936
0,92,51,0,0,40.3839
0,93,51,0,0,40.3745
0,94,51,0,0,40.3653
0,95,51,0,0,40.3563
0,96,51,0,0,40.3474
0,97,51,0,0,40.3388
0,98,51,0,0,40.3304
0,99,51,0,0,40.3222
0,100,51,0,0,40.3142
0,101,51,0,0,40.3064
0,102,51,0,0,40.2987
0,103,51,0,0,40.2913
0,104,51,0,0,40.284
0,105,51,0,0,40.2769
0,106,51,0,0,40.27
0,107,51,0,0,40.2632
0,108,51,0,0,40.2566
0,109,51,0,0,40.2502
0,110,51,0,0,40.244
0,111,51,0,0,40.2379
0,112,51,0,0,40.2319
0,113,51,0,0,40.2261
0,114,51,0,0,40.2205
0,115,51,0,0,40.215
0,116,51,0,0,40.2097
0,117,51,0,0,40.2045
0,118,51,0,0,40.1994
0,119,51,0,0,40.1945
0,120,51,0,0,40.1897
0,121,51,0,0,40.185
0,122,51,0,0,40.1805
0,123,51,0,0,40.1761
0,124,51,0,0,40.1718
0,125,51,0,0,40.1677
0,126,51,0,0,40.1637
0,127,51,0,0,40.1598
0,128,51,0,6.09525e-06,40.156
0,129,51,0,0,40.1518
0,130,51,0,0,40.1477
0,131,51,0,0,40.1438
0,132,51,0,0,40.1399
0,133,51,0,0,40.1362
0,134,51,0,0,40.1325
0,135,51,0,0,40.129
0,136,51,0,0,40.1255
0,137,51,0,0,40.1222
0,138,51,0,0,40.1189
0,139,51,0,0,40.1158
0,140,51,0,0,40.1127
0,141,51,0,0,40.1097
0,142,51,0,0,40.1068
0,143,51,0,0,40.1039
0,144,51,0,0,40.1012
0,145,51,0,0,40.0985
0,146,51,0,0,40.0959
0,147,51,0,0,40.0934
0,148,51,0,0,40.0909
0,149,51,0,0,40.0885
0,150,51,0,0,40.0862
0,151,51,0,0,40.084
0,152,51,0,0,40.0818
0,153,51,0,0,40.0796
0,154,51,0,0,40.0776
0,155,51,0,0,40.0756
0,156,51,0,0,40.0736
0,157,51,0,0,40.0718
0,158,51,0,0,40.0699
0,159,51,0,0,40.0681
0,160,51,0,0,40.0664
0,161,51,0,0,40.0648
0,162,51,0,0,40.0631
0,163,51,0,0,40.0616
0,164,51,0,0,40.0601
0,165,51,0,0,40.0586
0,166,51,0,0,40.0572
0,167,51,0,0,40.0558
0,168,51,0,0,40.0545
0,169,51,0,0,40.0532
0,170,51,0,0,40.0519
0,171,51,0,0,40.0507
0,172,51,0,0,40.0496
0,173,51,0,0,40.0484
0,174,51,0,0,40.0473
0,175,51,0,0,40.0463
0,176,51,0,0,40.0453
0,177,51,0,0,40.0443
0,178,51,0,0,40.0434
0,179,51,0,0,40.0425
0,180,51,0,0,40.0416
0,181,51,0,0,40.0408
0,182,51,0,0,40.04
0,183,51,0,0,40.0393
0,184,51,0,0,40.0385
0,185,51,0,0,40.0378
0,186,51,0,0,40.0372
0,187,51,0,0,40.0366
0,188,51,0,0,40.036
0,189,51,0,0,40.0354
0,190,51,0,0,40.0349
0,191,51,0,0,40.0344
0,192,51,0,6.09525e-06,40.0339
0,193,51,0,0,40.0329
0,194,51,0,0,40.032
0,195,51,0,0,40.0312
0,196,51,0,0,40.0303
0,197,51,0,0,40.0295
0,198,51,0,0,40.0287
0,199,51,0,0,40.0279
0,200,51,0,0,40.0271
0,201,51,0,0,40.0264
0,202,51,0,0,40.0257
0,203,51,0,0,40.025
0,204,51,0,0,40.0244
0,205,51,0,0,40.0237
0,206,51,0,0,40.0231
0,207,51,0,0,40.0225
0,208,51,0,0,40.0219
0,209,51,0,0,40.0214
0,210,51,0,0,40.0209
0,211,51,0,0,40.0203
0,212,51,0,0,40.0198
0,213,51,0,0,40.0193
0,214,51,0,0,40.0189
0,215,51,0,0,40.0184
0,216,51,0,0,40.018
0,217,51,0,0,40.0176
0,218,51,0,0,40.0171
0,219,51,0,0,40.0167
0,220,51,0,0,40.0164
0,221,51,0,0,40.016
0,222,51,0,0,40.0156
0,223,51,0,0,40.0153
0,224,51,0,0,40.015
0,225,51,0,0,40.0147
0,226,51,0,0,40.0144
0,227,51,0,0,40.0141
0,228,51,0,0,40.0138
0,229,51,0,0,40.0135
0,230,51,0,0,40.0133
0,231,51,0,0,40.013
0,232,51,0,0,40.0128
0,233,51,0,0,40.0126
0,234,51,0,0,40.0124
0,235,51,0,0,40.0122
0,236,51,0,0,40.012
0,237,51,0,0,40.0118
0,238,51,0,0,40.0116
0,239,51,0,0,40.0115
0,240,51,0,0,40.0113
0,241,51,0,0,40.0112
0,242,51,0,0,40.0111
0,243,51,0,0,40.0109
0,244,51,0,0,40.0108
0,245,51,0,0,40.0107
0,246,51,0,0,40.0106
0,247,51,0,0,40.0105
0,248,51,0,0,40.0105
0,249,51,0,0,40.0104
0,250,51,0,0,40.0103
0,251,51,0,0,40.0103
0,252,51,0,0,40.0102
0,253,51,0,0,40.0102
0,254,51,0,0,40.0102
0,255,51,0,0,40.0102
0,0,52,0,6.09525e-06,41.617
0,1,52,0,0,41.615
0,2,52,0,0,41.6124
0,3,52,0,0,41.6091
0,4,52,0,0,41.6051
0,5,52,0,0,41.6004
0,6,52,0,0,41.595
0,7,52,0,0,41.5889
0,8,52,0,0,41.5822
0,9,52,0,0,41.5748
0,10,52,0,0,41.5668
0,11,52,0,0,41.5581
0,12,52,0,0,41.5489
0,13,52,0,0,41.539
0,14,52,0,0,41.5286
0,15,52,0,0,41.5176
0,16,52,0,0,41.5061
0,17,52,0,0,41.494
0,18,52,0,0,41.4815
0,19,52,0,0,41.4685
0,20,52,0,0,41.455
0,21,52,0,0,41.4411
0,22,52,0,0,41.4268
0,23,52,0,0,41.4121
0,24,52,0,0,41.397
0,25,52,0,0,41.3815
0,26,52,0,0,41.3658
0,27,52,0,0,41.3497
0,28,52,0,0,41.3334
0,29,52,0,0,41.3168
0,30,52,0,0,41.3
0,31,52,0,0,41.2829
0,32,52,0,0,41.2657
0,33,52,0,0,41.2483
0,34,52,0,0,41.2307
0,35,52,0,0,41.2131
0,36,52,0,0,41.1953
0,37,52,0,0,41.1774
0,38,52,0,0,41.1594
0,39,52,0,0,41.1414
0,40,52,0,0,41.1234
0,41,52,0,0,41.1054
0,42,52,0,0,41.0873
0,43,52,0,0,41.0693
0,44,52,0,0,41.0513
0,45,52,0,0,41.0333
0,46,52,0,0,41.0154
0,47,52,0,0,40.9976
0,48,52,0,0,40.9798
0,49,52,0,0,40.9622
0,50,52,0,0,40.9447
0,51,52,0,0,40.9273
0,52,52,0,0,40.91
0,53,52,0,0,40.8929
0,54,52,0,0,40.8759
0,55,52,0,0,40.8591
0,56,52,0,0,40.8424
0,57,52,0,0,40.8259
0,58,52,0,0,40.8096
0,59,52,0,0,40.7935
0,60,52,0,0,40.7776
0,61,52,0,0,40.7619
0,62,52,0,0,40.7464
0,63,52,0,0,40.7311
0,64,52,0,6.09525e-06,40.7161
0,65,52,0,0,40.7007
0,66,52,0,0,40.6856
0,67,52,0,0,40.6707
0,68,52,0,0,40.656
0,69,52,0,0,40.6416
0,70,52,0,0,40.6274
0,71,52,0,0,40.6134
0,72,52,0,0,40.5997
0,73,52,0,0,40.5862
0,74,52,0,0,40.5729
0,75,52,0,0,40.5598
0,76,52,0,0,40.547
0,77,52,0,0,40.5344
0,78,52,0,0,40.5221
0,79,52,0,0,40.51
0,80,52,0,0,40.4981
0,81,52,0,0,40.4864
0,82,52,0,0,40.475
0,83,52,0,0,40.4638
0,84,52,0,0,40.4528
0,85,52,0,0,40.442
0,86,52,0,0,40.4315
0,87,52,0,0,40.4212
0,88,52,0,0,40.411
0,89,52,0,0,40.4011
0,90,52,0,0,40.3915
0,91,52,0,0,40.382
0,92,52,0,0,40.3727
0,93,52,0,0,40.3636
0,94,52,0,0,40.3547
0,95,52,0,0,40.3461
0,96,52,0,0,40.3376
0,97,52,0,0,40.3293
0,98,52,0,0,40.3212
0,99,52,0,0,40.3133
0,100,52,0,0,40.3056
0,101,52,0,0,40.298
0,102,52,0,0,40.2906
0,103,52,0,0,40.2834
0,104,52,0,0,40.2764
0,105,52,0,0,40.2696
0,106,52,0,0,40.2629
0,107,52,0,0,40.2563
0,108,52,0,0,40.25
0,109,52,0,0,40.2438
0,110,52,0,0,40.2377
0,111,52,0,0,40.2318
0,112,52,0,0,40.2261
0,113,52,0,0,40.2205
0,114,52,0,0,40.215
0,115,52,0,0,40.2097
0,116,52,0,0,40.2046
0,117,52,0,0,40.1995
0,118,52,0,0,40.1946
0,119,52,0,0,40.1899
0,120,52,0,0,40.1852
0,121,52,0,0,40.1807
0,122,52,0,0,40.1763
0,123,52,0,0,40.1721
0,124,52,0,0,40.1679
0,125,52,0,0,40.1639
0,126,52,0,0,40.16
0,127,52,0,0,40.1562
0,128,52,0,6.09525e-06,40.1526
0,129,52,0,0,40.1485
0,130,52,0,0,40.1445
0,131,52,0,0,40.1407
0,132,52,0,0,40.1369
0,133,52,0,0,40.1333
0,134,52,0,0,40.1297
0,135,52,0,0,40.1263
0,136,52,0,0,40.1229
0,137,52,0,0,40.1197
0,138,52,0,0,40.1165
0,139,52,0,0,40.1134
0,140,52,0,0,40.1104
0,141,52,0,0,40.1075
0,142,52,0,0,40.1046
0,143,52,0,0,40.1019
0,144,52,0,0,40.0992
0,145,52,0,0,40.0966
0,146,52,0,0,40.094
0,147,52,0,0,40.0916
0,148,52,0,0,40.0892
0,149,52,0,0,40.0868
0,150,52,0,0,40.0846
0,151,52,0,0,40.0824
0,152,52,0,0,40.0802
0,153,52,0,0,40.0782
0,154,52,0,0,40.0762
0,155,52,0,0,40.0742
0,156,52,0,0,40.0723
0,157,52,0,0,40.0705
0,158,52,0,0,40.0687
0,159,52,0,0,40.0669
0,160,52,0,0,40.0653
0,161,52,0,0,40.0636
0,162,52,0,0,40.0621
0,163,52,0,0,40.0605
0,164,52,0,0,40.059
0,165,52,0,0,40.0576
0,166,52,0,0,40.0562
0,167,52,0,0,40.0549
0,168,52,0,0,40.0536
0,169,52,0,0,40.0523
0,170,52,0,0,40.0511
0,171,52,0,0,40.0499
0,172,52,0,0,40.0488
0,173,52,0,0,40.0477
0,174,52,0,0,40.0466
0,175,52,0,0,40.0456
0,176,52,0,0,40.0446
0,177,52,0,0,40.0437
0,178,52,0,0,40.0428
0,179,52,0,0,40.0419
0,180,52,0,0,40.041
0,181,52,0,0,40.0402
0,182,52,0,0,40.0395
0,183,52,0,0,40.0387
0,184,52,0,0,40.038
0,185,52,0,0,40.0373
0,186,52,0,0,40.0367
0,187,52,0,0,40.0361
0,188,52,0,0,40.0355
0,189,52,0,0,40.035
0,190,52,0,0,40.0344
0,191,52,0,0,40.0339
0,192,52,0,6.09525e-06,40.0335
0,193,52,0,0,40.0326
0,194,52,0,0,40.0317
0,195,52,0,0,40.0308
0,196,52,0,0,40.03
0,197,52,0,0,40.0291
0,198,52,0,0,40.0283
0,199,52,0,0,40.0276
0,200,52,0,0,40.0268
0,201,52,0,0,40.0261
0,202,52,0,0,40.0254
0,203,52,0,0,40.0248
0,204,52,0,0,40.0241
0,205,52,0,0,40.0235
0,206,52,0,0,40.0229
0,207,52,0,0,40.0223
0,208,52,0,0,40.0217
0,209,52,0,0,40.0212
0,210,52,0,0,40.0206
0,211,52,0,0,40.0201
0,212,52,0,0,40.0196
0,213,52,0,0,40.0191
0,214,52,0,0,40.0187
0,215,52,0,0,40.0182
0,216,52,0,0,40.0178
0,217,52,0,0,40.0174
0,218,52,0,0,40.017
0,219,52,0,0,40.0166
0,220,52,0,0,40.0162
0,221,52,0,0,40.0158
0,222,52,0,0,40.0155
0,223,52,0,0,40.0152
0,224,52,0,0,40.0148
0,225,52,0,0,40.0145
0,226,52,0,0,40.0142
0,227,52,0,0,40.0139
0,228,52,0,0,40.0137
0,229,52,0,0,40.0134
0,230,52,0,0,40.0132
0,231,52,0,0,40.0129
0,232,52,0,0,40.0127
0,233,52,0,0,40.0125
0,234,52,0,0,40.0123
0,235,52,0,0,40.0121
0,236,52,0,0,40.0119
0,237,52,0,0,40.0117
0,238,52,0,0,40.0115
0,239,52,0,0,40.0114
0,240,52,0,0,40.0112
0,241,52,0,0,40.0111
0,242,52,0,0,40.011
0,243,52,0,0,40.0108
0,244,52,0,0,40.0107
0,245,52,0,0,40.0106
0,246,52,0,0,40.0105
0,247,52,0,0,40.0104
0,248,52,0,0,40.0104
0,249,52,0,0,40.0103
0,250,52,0,0,40.0102
0,251,52,0,0,40.0102
0,252,52,0,0,40.0101
0,253,52,0,0,40.0101
0,254,52,0,0,40.0101
0,255,52,0,0,40.0101
0,0,53,0,6.09525e-06,41.5377
0,1,53,0,0,41.5359
0,2,53,0,0,41.5335
0,3,53,0,0,41.5303
0,4,53,0,0,41.5266
0,5,53,0,0,41.5222
0,6,53,0,0,41.5171
0,7,53,0,0,41.5114
0,8,53,0,0,41.5051
0,9,53,0,0,41.4983
0,10,53,0,0,41.4908
0,11,53,0,0,41.4827
0,12,53,0,0,41.4741
0,13,53,0,0,41.4649
0,14,53,0,0,41.4551
0,15,53,0,0,41.4449
0,16,53,0,0,41.4341
0,17,53,0,0,41.4229
0,18,53,0,0,41.4112
0,19,53,0,0,41.399
0,20,53,0,0,41.3865
0,21,53,0,0,41.3735
0,22,53,0,0,41.3601
0,23,53,0,0,41.3463
0,24,53,0,0,41.3322
0,25,53,0,0,41.3178
0,26,53,0,0,41.303
0,27,53,0,0,41.288
0,28,53,0,0,41.2727
0,29,53,0,0,41.2572
0,30,53,0,0,41.2414
0,31,53,0,0,41.2254
0,32,53,0,0,41.2093
0,33,53,0,0,41.1929
0,34,53,0,0,41.1765
0,35,53,0,0,41.1599
0,36,53,0,0,41.1432
0,37,53,0,0,41.1264
0,38,53,0,0,41.1095
0,39,53,0,0,41.0925
0,40,53,0,0,41.0756
0,41,53,0,0,41.0586
0,42,53,0,0,41.0416
0,43,53,0,0,41.0246
0,44,53,0,0,41.0076
0,45,53,0,0,40.9907
0,46,53,0,0,40.9738
0,47,53,0,0,40.957
0,48,53,0,0,40.9402
0,49,53,0,0,40.9236
0,50,53,0,0,40.907
0,51,53,0,0,40.8905
0,52,53,0,0,40.8742
0,53,53,0,0,40.858
0,54,53,0,0,40.8419
0,55,53,0,0,40.826
0,56,53,0,0,40.8102
0,57,53,0,0,40.7946
0,58,53,0,0,40.7791
0,59,53,0,0,40.7638
0,60,53,0,0,40.7487
0,61,53,0,0,40.7338
0,62,53,0,0,40.7191
0,63,53,0,0,40.7046
0,64,53,0,6.09525e-06,40.6903
0,65,53,0,0,40.6757
0,66,53,0,0,40.6613
0,67,53,0,0,40.647
0,68,53,0,0,40.6331
0,69,53,0,0,40.6193
0,70,53,0,0,40.6057
0,71,53,0,0,40.5924
0,72,53,0,0,40.5792
0,73,53,0,0,40.5663
0,74,53,0,0,40.5536
0,75,53,0,0,40.5412
0,76,53,0,0,40.5289
0,77,53,0,0,40.5169
0,78,53,0,0,40.5051
0,79,53,0,0,40.4935
0,80,53,0,0,40.4821
0,81,53,0,0,40.4709
0,82,53,0,0,40.4599
0,83,53,0,0,40.4492
0,84,53,0,0,40.4386
0,85,53,0,0,40.4283
0,86,53,0,0,40.4182
0,87,53,0,0,40.4083
0,88,53,0,0,40.3986
0,89,53,0,0,40.389
0,90,53,0,0,40.3797
0,91,53,0,0,40.3706
0,92,53,0,0,40.3617
0,93,53,0,0,40.353
0,94,53,0,0,40.3444
0,95,53,0,0,40.3361
0,96,53,0,0,40.3279
0,97,53,0,0,40.3199
0,98,53,0,0,40.3121
0,99,53,0,0,40.3045
0,100,53,0,0,40.297
0,101,53,0,0,40.2898
0,102,53,0,0,40.2827
0,103,53,0,0,40.2757
0,104,53,0,0,40.2689
0,105,53,0,0,40.2623
0,106,53,0,0,40.2559
0,107,53,0,0,40.2496
0,108,53,0,0,40.2434
0,109,53,0,0,40.2374
0,110,53,0,0,40.2316
0,111,53,0,0,40.2259
0,112,53,0,0,40.2203
0,113,53,0,0,40.2149
0,114,53,0,0,40.2097
0,115,53,0,0,40.2045
0,116,53,0,0,40.1995
0,117,53,0,0,40.1947
0,118,53,0,0,40.1899
0,119,53,0,0,40.1853
0,120,53,0,0,40.1808
0,121,53,0,0,40.1764
0,122,53,0,0,40.1722
0,123,53,0,0,40.1681
0,124,53,0,0,40.1641
0,125,53,0,0,40.1602
0,126,53,0,0,40.1564
0,127,53,0,0,40.1527
0,128,53,0,6.09525e-06,40.1492
0,129,53,0,0,40.1452
0,130,53,0,0,40.1414
0,131,53,0,0,40.1376
0,132,53,0,0,40.134
0,133,53,0,0,40.1304
0,134,53,0,0,40.127
0,135,53,0,0,40.1236
0,136,53,0,0,40.1203
0,137,53,0,0,40.1172
0,138,53,0,0,40.1141
0,139,53,0,0,40.1111
0,140,53,0,0,40.1081
0,141,53,0,0,40.1053
0,142,53,0,0,40.1025
0,143,53,0,0,40.0998
0,144,53,0,0,40.0972
0,145,53,0,0,40.0947
0,146,53,0,0,40.0922
0,147,53,0,0,40.0898
0,148,53,0,0,40.0874
0,149,53,0,0,40.0852
0,150,53,0,0,40.083
0,151,53,0,0,40.0808
0,152,53,0,0,40.0787
0,153,53,0,0,40.0767
0,154,53,0,0,40.0747
0,155,53,0,0,40.0728
0,156,53,0,0,40.071
0,157,53,0,0,40.0692
0,158,53,0,0,40.0674
0,159,53,0,0,40.0658
0,160,53,0,0,40.0641
0,161,53,0,0,40.0625
0,162,53,0,0,40.061
0,163,53,0,0,40.0595
0,164,53,0,0,40.058
0,165,53,0,0,40.0566
0,166,53,0,0,40.0553
0,167,53,0,0,40.054
0,168,53,0,0,40.0527
0,169,53,0,0,40.0515
0,170,53,0,0,40.0503
0,171,53,0,0,40.0491
0,172,53,0,0,40.048
0,173,53,0,0,40.0469
0,174,53,0,0,40.0459
0,175,53,0,0,40.0449
0,176,53,0,0,40.0439
0,177,53,0,0,40.043
0,178,53,0,0,40.0421
0,179,53,0,0,40.0413
0,180,53,0,0,40.0405
0,181,53,0,0,40.0397
0,182,53,0,0,40.0389
0,183,53,0,0,40.0382
0,184,53,0,0,40.0375
0,185,53,0,0,40.0368
0,186,53,0,0,40.0362
0,187,53,0,0,40.0356
0,188,53,0,0,40.0351
0,189,53,0,0,40.0345
0,190,53,0,0,40.034
0,191,53,0,0,40.0335
0,192,53,0,6.09525e-06,40.0331
0,193,53,0,0,40.0322
0,194,53,0,0,40.0313
0,195,53,0,0,40.0304
0,196,53,0,0,40.0296
0,197,53,0,0,40.0288
0,198,53,0,0,40.028
0,199,53,0,0,40.0273
0,200,53,0,0,40.0265
0,201,53,0,0,40.0258
0,202,53,0,0,40.0251
0,203,53,0,0,40.0245
0,204,53,0,0,40.0238
0,205,53,0,0,40.0232
0,206,53,0,0,40.0226
0,207,53,0,0,40.022
0,208,53,0,0,40.0215
0,209,53,0,0,40.0209
0,210,53,0,0,40.0204
0,211,53,0,0,40.0199
0,212,53,0,0,40.0194
0,213,53,0,0,40.0189
0,214,53,0,0,40.0185
0,215,53,0,0,40.018
0,216,53,0,0,40.0176
0,217,53,0,0,40.0172
0,218,53,0,0,40.0168
0,219,53,0,0,40.0164
0,220,53,0,0,40.016
0,221,53,0,0,40.0157
0,222,53,0,0,40.0153
0,223,53,0,0,40.015
0,224,53,0,0,40.0147
0,225,53,0,0,40.0144
0,226,53,0,0,40.0141
0,227,53,0,0,40.0138
0,228,53,0,0,40.0135
0,229,53,0,0,40.0133
0,230,53,0,0,40.013
0,231,53,0,0,40.0128
0,232,53,0,0,40.0126
0,233,53,0,0,40.0123
0,234,53,0,0,40.0121
0,235,53,0,0,40.0119
0,236,53,0,0,40.0118
0,237,53,0,0,40.0116
0,238,53,0,0,40.0114
0,239,53,0,0,40.0113
0,240,53,0,0,40.0111
0,241,53,0,0,40.011
0,242,53,0,0,40.0109
0,243,53,0,0,40.0107
0,244,53,0,0,40.0106
0,245,53,0,0,40.0105
0,246,53,0,0,40.0104
0,247,53,0,0,40.0103
0,248,53,0,0,40.0103
0,249,53,0,0,40.0102
0,250,53,0,0,40.0101
0,251,53,0,0,40.0101
0,252,53,0,0,40.0101
0,253,53,0,0,40.01
0,254,53,0,0,40.01
0,255,53,0,0,40.01
0,0,54,0,6.09525e-06,41.4627
0,1,54,0,0,41.4609
0,2,54,0,0,41.4586
0,3,54,0,0,41.4557
0,4,54,0,0,41.4521
0,5,54,0,0,41.448
0,6,54,0,0,41.4433
0,7,54,0,0,41.438
0,8,54,0,0,41.4321
0,9,54,0,0,41.4257
0,10,54,0,0,41.4187
0,11,54,0,0,41.4111
0,12,54,0,0,41.4031
0,13,54,0,0,41.3945
0,14,54,0,0,41.3854
0,15,54,0,0,41.3759
0,16,54,0,0,41.3658
0,17,54,0,0,41.3553
0,18,54,0,0,41.3444
0,19,54,0,0,41.333
0,20,54,0,0,41.3213
0,21,54,0,0,41.3091
0,22,54,0,0,41.2966
0,23,54,0,0,41.2837
0,24,54,0,0,41.2705
0,25,54,0,0,41.257
0,26,54,0,0,41.2432
0,27,54,0,0,41.2291
0,28,54,0,0,41.2148
0,29,54,0,0,41.2003
0,30,54,0,0,41.1855
0,31,54,0,0,41.1705
0,32,54,0,0,41.1553
0,33,54,0,0,41.14
0,34,54,0,0,41.1246
0,35,54,0,0,41.109
0,36,54,0,0,41.0933
0,37,54,0,0,41.0775
0,38,54,0,0,41.0616
0,39,54,0,0,41.0457
0,40,54,0,0,41.0297
0,41,54,0,0,41.0137
0,42,54,0,0,40.9977
0,43,54,0,0,40.9817
0,44,54,0,0,40.9657
0,45,54,0,0,40.9497
0,46,54,0,0,40.9338
0,47,54,0,0,40.9179
0,48,54,0,0,40.9021
0,49,54,0,0,40.8864
0,50,54,0,0,40.8707
0,51,54,0,0,40.8551
0,52,54,0,0,40.8397
0,53,54,0,0,40.8243
0,54,54,0,0,40.8091
0,55,54,0,0,40.794
0,56,54,0,0,40.7791
0,57,54,0,0,40.7643
0,58,54,0,0,40.7496
0,59,54,0,0,40.7351
0,60,54,0,0,40.7208
0,61,54,0,0,40.7067
0,62,54,0,0,40.6927
0,63,54,0,0,40.6789
0,64,54,0,6.09525e-06,40.6653
0,65,54,0,0,40.6514
0,66,54,0,0,40.6376
0,67,54,0,0,40.6241
0,68,54,0,0,40.6107
0,69,54,0,0,40.5976
0,70,54,0,0,40.5847
0,71,54,0,0,40.5719
0,72,54,0,0,40.5594
0,73,54,0,0,40.5471
0,74,54,0,0,40.5349
0,75,54,0,0,40.523
0,76,54,0,0,40.5113
0,77,54,0,0,40.4998
0,78,54,0,0,40.4885
0,79,54,0,0,40.4773
0,80,54,0,0,40.4664
0,81,54,0,0,40.4557
0,82,54,0,0,40.4452
0,83,54,0,0,40.4349
0,84,54,0,0,40.4248
0,85,54,0,0,40.4149
0,86,54,0,0,40.4052
0,87,54,0,0,40.3957
0,88,54,0,0,40.3863
0,89,54,0,0,40.3772
0,90,54,0,0,40.3683
0,91,54,0,0,40.3595
0,92,54,0,0,40.3509
0,93,54,0,0,40.3425
0,94,54,0,0,40.3343
0,95,54,0,0,40.3263
0,96,54,0,0,40.3184
0,97,54,0,0,40.3107
0,98,54,0,0,40.3032
0,99,54,0,0,40.2959
0,100,54,0,0,40.2887
0,101,54,0,0,40.2817
0,102,54,0,0,40.2748
0,103,54,0,0,40.2681
0,104,54,0,0,40.2616
0,105,54,0,0,40.2552
0,106,54,0,0,40.249
0,107,54,0,0,40.2429
0,108,54,0,0,40.237
0,109,54,0,0,40.2312
0,110,54,0,0,40.2256
0,111,54,0,0,40.2201
0,112,54,0,0,40.2147
0,113,54,0,0,40.2095
0,114,54,0,0,40.2044
0,115,54,0,0,40.1994
0,116,54,0,0,40.1946
0,117,54,0,0,40.1899
0,118,54,0,0,40.1853
0,119,54,0,0,40.1808
0,120,54,0,0,40.1765
0,121,54,0,0,40.1722
0,122,54,0,0,40.1681
0,123,54,0,0,40.1641
0,124,54,0,0,40.1603
0,125,54,0,0,40.1565
0,126,54,0,0,40.1528
0,127,54,0,0,40.1493
0,128,54,0,6.09525e-06,40.1458
0,129,54,0,0,40.142
0,130,54,0,0,40.1382
0,131,54,0,0,40.1346
0,132,54,0,0,40.1311
0,133,54,0,0,40.1276
0,134,54,0,0,40.1242
0,135,54,0,0,40.121
0,136,54,0,0,40.1178
0,137,54,0,0,40.1147
0,138,54,0,0,40.1117
0,139,54,0,0,40.1087
0,140,54,0,0,40.1059
0,141,54,0,0,40.1031
0,142,54,0,0,40.1004
0,143,54,0,0,40.0978
0,144,54,0,0,40.0952
0,145,54,0,0,40.0928
0,146,54,0,0,40.0904
0,147,54,0,0,40.088
0,148,54,0,0,40.0857
0,149,54,0,0,40.0835
0,150,54,0,0,40.0814
0,151,54,0,0,40.0793
0,152,54,0,0,40.0772
0,153,54,0,0,40.0753
0,154,54,0,0,40.0733
0,155,54,0,0,40.0715
0,156,54,0,0,40.0697
0,157,54,0,0,40.0679
0,158,54,0,0,40.0662
0,159,54,0,0,40.0646
0,160,54,0,0,40.063
0,161,54,0,0,40.0614
0,162,54,0,0,40.0599
0,163,54,0,0,40.0584
0,164,54,0,0,40.057
0,165,54,0,0,40.0557
0,166,54,0,0,40.0543
0,167,54,0,0,40.0531
0,168,54,0,0,40.0518
0,169,54,0,0,40.0506
0,170,54,0,0,40.0494
0,171,54,0,0,40.0483
0,172,54,0,0,40.0472
0,173,54,0,0,40.0462
0,174,54,0,0,40.0452
0,175,54,0,0,40.0442
0,176,54,0,0,40.0433
0,177,54,0,0,40.0424
0,178,54,0,0,40.0415
0,179,54,0,0,40.0407
0,180,54,0,0,40.0399
0,181,54,0,0,40.0391
0,182,54,0,0,40.0384
0,183,54,0,0,40.0377
0,184,54,0,0,40.037
0,185,54,0,0,40.0363
0,186,54,0,0,40.0357
0,187,54,0,0,40.0351
0,188,54,0,0,40.0346
0,189,54,0,0,40.0341
0,190,54,0,0,40.0336
0,191,54,0,0,40.0331
0,192,54,0,6.09525e-06,40.0327
0,193,54,0,0,40.0318
0,194,54,0,0,40.0309
0,195,54,0,0,40.0301
0,196,54,0,0,40.0293
0,197,54,0,0,40.0285
0,198,54,0,0,40.0277
0,199,54,0,0,40.0269
0,200,54,0,0,40.0262
0,201,54,0,0,40.0255
0,202,54,0,0,40.0249
0,203,54,0,0,40.0242
0,204,54,0,0,40.0236
0,205,54,0,0,40.023
0,206,54,0,0,40.0224
0,207,54,0,0,40.0218
0,208,54,0,0,40.0212
0,209,54,0,0,40.0207
0,210,54,0,0,40.0202
0,211,54,0,0,40.0197
0,212,54,0,0,40.0192
0,213,54,0,0,40.0187
0,214,54,0,0,40.0183
0,215,54,0,0,40.0178
0,216,54,0,0,40.0174
0,217,54,0,0,40.017
0,218,54,0,0,40.0166
0,219,54,0,0,40.0162
0,220,54,0,0,40.0159
0,221,54,0,0,40.0155
0,222,54,0,0,40.0152
0,223,54,0,0,40.0149
0,224,54,0,0,40.0145
0,225,54,0,0,40.0142
0,226,54,0,0,40.0139
0,227,54,0,0,40.0137
0,228,54,0,0,40.0134
0,229,54,0,0,40.0131
0,230,54,0,0,40.0129
0,231,54,0,0,40.0127
0,232,54,0,0,40.0124
0,233,54,0,0,40.0122
0,234,54,0,0,40.012
0,235,54,0,0,40.0118
0,236,54,0,0,40.0117
0,237,54,0,0,40.0115
0,238,54,0,0,40.0113
0,239,54,0,0,40.0112
0,240,54,0,0,40.011
0,241,54,0,0,40.0109
0,242,54,0,0,40.0108
0,243,54,0,0,40.0106
0,244,54,0,0,40.0105
0,245,54,0,0,40.0104
0,246,54,0,0,40.0103
0,247,54,0,0,40.0102
0,248,54,0,0,40.0102
0,249,54,0,0,40.0101
0,250,54,0,0,40.0101
0,251,54,0,0,40.01
0,252,54,0,0,40.01
0,253,54,0,0,40.0099
0,254,54,0,0,40.0099
0,255,54,0,0,40.0099
0,0,55,0,6.09525e-06,41.3915
0,1,55,0,0,41.3899
0,2,55,0,0,41.3877
0,3,55,0,0,41.3849
0,4,55,0,0,41.3816
0,5,55,0,0,41.3777
0,6,55,0,0,41.3733
0,7,55,0,0,41.3683
0,8,55,0,0,41.3629
0,9,55,0,0,41.3568
0,10,55,0,0,41.3503
0,11,55,0,0,41.3433
0,12,55,0,0,41.3357
0,13,55,0,0,41.3277
0,14,55,0,0,41.3192
0,15,55,0,0,41.3103
0,16,55,0,0,41.3009
0,17,55,0,0,41.2911
0,18,55,0,0,41.2809
0,19,55,0,0,41.2702
0,20,55,0,0,41.2592
0,21,55,0,0,41.2479
0,22,55,0,0,41.2362
0,23,55,0,0,41.2241
0,24,55,0,0,41.2118
0,25,55,0,0,41.1991
0,26,55,0,0,41.1862
0,27,55,0,0,41.173
0,28,55,0,0,41.1596
0,29,55,0,0,41.146
0,30,55,0,0,41.1321
0,31,55,0,0,41.1181
0,32,55,0,0,41.1038
0,33,55,0,0,41.0895
0,34,55,0,0,41.0749
0,35,55,0,0,41.0603
0,36,55,0,0,41.0455
0,37,55,0,0,41.0307
0,38,55,0,0,41.0158
0,39,55,0,0,41.0008
0,40,55,0,0,40.9858
0,41,55,0,0,40.9707
0,42,55,0,0,40.9556
0,43,55,0,0,40.9405
0,44,55,0,0,40.9254
0,45,55,0,0,40.9104
0,46,55,0,0,40.8953
0,47,55,0,0,40.8804
0,48,55,0,0,40.8654
0,49,55,0,0,40.8506
0,50,55,0,0,40.8358
0,51,55,0,0,40.821
0,52,55,0,0,40.8064
0,53,55,0,0,40.7919
0,54,55,0,0,40.7775
0,55,55,0,0,40.7632
0,56,55,0,0,40.7491
0,57,55,0,0,40.735
0,58,55,0,0,40.7211
0,59,55,0,0,40.7074
0,60,55,0,0,40.6938
0,61,55,0,0,40.6804
0,62,55,0,0,40.6671
0,63,55,0,0,40.654
0,64,55,0,6.09525e-06,40.6411
0,65,55,0,0,40.6278
0,66,55,0,0,40.6147
0,67,55,0,0,40.6018
0,68,55,0,0,40.5891
0,69,55,0,0,40.5766
0,70,55,0,0,40.5642
0,71,55,0,0,40.5521
0,72,55,0,0,40.5401
0,73,55,0,0,40.5283
0,74,55,0,0,40.5167
0,75,55,0,0,40.5053
0,76,55,0,0,40.4941
0,77,55,0,0,40.4831
0,78,55,0,0,40.4723
0,79,55,0,0,40.4617
0,80,55,0,0,40.4512
0,81,55,0,0,40.441
0,82,55,0,0,40.4309
0,83,55,0,0,40.421
0,84,55,0,0,40.4113
0,85,55,0,0,40.4018
0,86,55,0,0,40.3925
0,87,55,0,0,40.3834
0,88,55,0,0,40.3744
0,89,55,0,0,40.3656
0,90,55,0,0,40.3571
0,91,55,0,0,40.3486
0,92,55,0,0,40.3404
0,93,55,0,0,40.3323
0,94,55,0,0,40.3244
0,95,55,0,0,40.3167
0,96,55,0,0,40.3091
0,97,55,0,0,40.3017
0,98,55,0,0,40.2945
0,99,55,0,0,40.2874
0,100,55,0,0,40.2805
0,101,55,0,0,40.2738
0,102,55,0,0,40.2672
0,103,55,0,0,40.2607
0,104,55,0,0,40.2544
0,105,55,0,0,40.2483
0,106,55,0,0,40.2422
0,107,55,0,0,40.2364
0,108,55,0,0,40.2307
0,109,55,0,0,40.2251
0,110,55,0,0,40.2196
0,111,55,0,0,40.2143
0,112,55,0,0,40.2091
0,113,55,0,0,40.2041
0,114,55,0,0,40.1992
0,115,55,0,0,40.1944
0,116,55,0,0,40.1897
0,117,55,0,0,40.1851
0,118,55,0,0,40.1807
0,119,55,0,0,40.1764
0,120,55,0,0,40.1722
0,121,55,0,0,40.1681
0,122,55,0,0,40.1641
0,123,55,0,0,40.1603
0,124,55,0,0,40.1565
0,125,55,0,0,40.1529
0,126,55,0,0,40.1493
0,127,55,0,0,40.1459
0,128,55,0,6.09525e-06,40.1425
0,129,55,0,0,40.1388
0,130,55,0,0,40.1352
0,131,55,0,0,40.1316
0,132,55,0,0,40.1282
0,133,55,0,0,40.1248
0,134,55,0,0,40.1215
0,135,55,0,0,40.1184
0,136,55,0,0,40.1153
0,137,55,0,0,40.1122
0,138,55,0,0,40.1093
0,139,55,0,0,40.1065
0,140,55,0,0,40.1037
0,141,55,0,0,40.101
0,142,55,0,0,40.0983
0,143,55,0,0,40.0958
0,144,55,0,0,40.0933
0,145,55,0,0,40.0909
0,146,55,0,0,40.0885
0,147,55,0,0,40.0862
0,148,55,0,0,40.084
0,149,55,0,0,40.0819
0,150,55,0,0,40.0798
0,151,55,0,0,40.0777
0,152,55,0,0,40.0757
0,153,55,0,0,40.0738
0,154,55,0,0,40.072
0,155,55,0,0,40.0701
0,156,55,0,0,40.0684
0,157,55,0,0,40.0667
0,158,55,0,0,40.065
0,159,55,0,0,40.0634
0,160,55,0,0,40.0618
0,161,55,0,0,40.0603
0,162,55,0,0,40.0588
0,163,55,0,0,40.0574
0,164,55,0,0,40.056
0,165,55,0,0,40.0547
0,166,55,0,0,40.0534
0,167,55,0,0,40.0522
0,168,55,0,0,40.0509
0,169,55,0,0,40.0498
0,170,55,0,0,40.0486
0,171,55,0,0,40.0475
0,172,55,0,0,40.0465
0,173,55,0,0,40.0455
0,174,55,0,0,40.0445
0,175,55,0,0,40.0435
0,176,55,0,0,40.0426
0,177,55,0,0,40.0417
0,178,55,0,0,40.0409
0,179,55,0,0,40.0401
0,180,55,0,0,40.0393
0,181,55,0,0,40.0385
0,182,55,0,0,40.0378
0,183,55,0,0,40.0371
0,184,55,0,0,40.0365
0,185,55,0,0,40.0358
0,186,55,0,0,40.0352
0,187,55,0,0,40.0347
0,188,55,0,0,40.0341
0,189,55,0,0,40.0336
0,190,55,0,0,40.0332
0,191,55,0,0,40.0327
0,192,55,0,6.09525e-06,40.0323
0,193,55,0,0,40.0314
0,194,55,0,0,40.0306
0,195,55,0,0,40.0297
0,196,55,0,0,40.0289
0,197,55,0,0,40.0281
0,198,55,0,0,40.0274
0,199,55,0,0,40.0266
0,200,55,0,0,40.0259
0,201,55,0,0,40.0252
0,202,55,0,0,40.0246
0,203,55,0,0,40.0239
0,204,55,0,0,40.0233
0,205,55,0,0,40.0227
0,206,55,0,0,40.0221
0,207,55,0,0,40.0215
0,208,55,0,0,40.021
0,209,55,0,0,40.0205
0,210,55,0,0,40.02
0,211,55,0,0,40.0195
0,212,55,0,0,40.019
0,213,55,0,0,40.0185
0,214,55,0,0,40.0181
0,215,55,0,0,40.0176
0,216,55,0,0,40.0172
0,217,55,0,0,40.0168
0,218,55,0,0,40.0164
0,219,55,0,0,40.0161
0,220,55,0,0,40.0157
0,221,55,0,0,40.0154
0,222,55,0,0,40.015
0,223,55,0,0,40.0147
0,224,55,0,0,40.0144
0,225,55,0,0,40.0141
0,226,55,0,0,40.0138
0,227,55,0,0,40.0135
0,228,55,0,0,40.0133
0,229,55,0,0,40.013
0,230,55,0,0,40.0128
0,231,55,0,0,40.0125
0,232,55,0,0,40.0123
0,233,55,0,0,40.0121
0,234,55,0,0,40.0119
0,235,55,0,0,40.0117
0,236,55,0,0,40.0115
0,237,55,0,0,40.0114
0,238,55,0,0,40.0112
0,239,55,0,0,40.0111
0,240,55,0,0,40.0109
0,241,55,0,0,40.0108
0,242,55,0,0,40.0107
0,243,55,0,0,40.0105
0,244,55,0,0,40.0104
0,245,55,0,0,40.0103
0,246,55,0,0,40.0102
0,247,55,0,0,40.0102
0,248,55,0,0,40.0101
0,249,55,0,0,40.01
0,250,55,0,0,40.01
0,251,55,0,0,40.0099
0,252,55,0,0,40.0099
0,253,55,0,0,40.0098
0,254,55,0,0,40.0098
0,255,55,0,0,40.0098
0,0,56,0,6.09525e-06,41.3241
0,1,56,0,0,41.3225
0,2,56,0,0,41.3204
0,3,56,0,0,41.3178
0,4,56,0,0,41.3147
0,5,56,0,0,41.3111
0,6,56,0,0,41.3069
0,7,56,0,0,41.3023
0,8,56,0,0,41.2971
0,9,56,0,0,41.2915
0,10,56,0,0,41.2854
0,11,56,0,0,41.2788
0,12,56,0,0,41.2718
0,13,56,0,0,41.2643
0,14,56,0,0,41.2563
0,15,56,0,0,41.248
0,16,56,0,0,41.2392
0,17,56,0,0,41.23
0,18,56,0,0,41.2205
0,19,56,0,0,41.2105
0,20,56,0,0,41.2002
0,21,56,0,0,41.1896
0,22,56,0,0,41.1787
0,23,56,0,0,41.1674
0,24,56,0,0,41.1558
0,25,56,0,0,41.144
0,26,56,0,0,41.1319
0,27,56,0,0,41.1195
0,28,56,0,0,41.107
0,29,56,0,0,41.0942
0,30,56,0,0,41.0812
0,31,56,0,0,41.068
0,32,56,0,0,41.0546
0,33,56,0,0,41.0411
0,34,56,0,0,41.0275
0,35,56,0,0,41.0137
0,36,56,0,0,40.9999
0,37,56,0,0,40.9859
0,38,56,0,0,40.9719
0,39,56,0,0,40.9578
0,40,56,0,0,40.9436
0,41,56,0,0,40.9294
0,42,56,0,0,40.9152
0,43,56,0,0,40.901
0,44,56,0,0,40.8868
0,45,56,0,0,40.8726
0,46,56,0,0,40.8584
0,47,56,0,0,40.8443
0,48,56,0,0,40.8302
0,49,56,0,0,40.8161
0,50,56,0,0,40.8021
0,51,56,0,0,40.7882
0,52,56,0,0,40.7744
0,53,56,0,0,40.7607
0,54,56,0,0,40.747
0,55,56,0,0,40.7335
0,56,56,0,0,40.7201
0,57,56,0,0,40.7068
0,58,56,0,0,40.6936
0,59,56,0,0,40.6806
0,60,56,0,0,40.6677
0,61,56,0,0,40.655
0,62,56,0,0,40.6424
0,63,56,0,0,40.6299
0,64,56,0,6.09525e-06,40.6176
0,65,56,0,0,40.605
0,66,56,0,0,40.5925
0,67,56,0,0,40.5802
0,68,56,0,0,40.5681
0,69,56,0,0,40.5562
0,70,56,0,0,40.5444
0,71,56,0,0,40.5328
0,72,56,0,0,40.5214
0,73,56,0,0,40.5101
0,74,56,0,0,40.499
0,75,56,0,0,40.4882
0,76,56,0,0,40.4774
0,77,56,0,0,40.4669
0,78,56,0,0,40.4566
0,79,56,0,0,40.4464
0,80,56,0,0,40.4364
0,81,56,0,0,40.4266
0,82,56,0,0,40.4169
0,83,56,0,0,40.4075
0,84,56,0,0,40.3982
0,85,56,0,0,40.3891
0,86,56,0,0,40.3801
0,87,56,0,0,40.3714
0,88,56,0,0,40.3628
0,89,56,0,0,40.3544
0,90,56,0,0,40.3461
0,91,56,0,0,40.338
0,92,56,0,0,40.3301
0,93,56,0,0,40.3223
0,94,56,0,0,40.3147
0,95,56,0,0,40.3073
0,96,56,0,0,40.3
0,97,56,0,0,40.2929
0,98,56,0,0,40.286
0,99,56,0,0,40.2792
0,100,56,0,0,40.2725
0,101,56,0,0,40.266
0,102,56,0,0,40.2596
0,103,56,0,0,40.2534
0,104,56,0,0,40.2473
0,105,56,0,0,40.2414
0,106,56,0,0,40.2356
0,107,56,0,0,40.23
0,108,56,0,0,40.2244
0,109,56,0,0,40.219
0,110,56,0,0,40.2138
0,111,56,0,0,40.2087
0,112,56,0,0,40.2037
0,113,56,0,0,40.1988
0,114,56,0,0,40.194
0,115,56,0,0,40.1894
0,116,56,0,0,40.1849
0,117,56,0,0,40.1805
0,118,56,0,0,40.1762
0,119,56,0,0,40.172
0,120,56,0,0,40.168
0,121,56,0,0,40.164
0,122,56,0,0,40.1602
0,123,56,0,0,40.1564
0,124,56,0,0,40.1528
0,125,56,0,0,40.1493
0,126,56,0,0,40.1458
0,127,56,0,0,40.1425
0,128,56,0,6.09525e-06,40.1393
0,129,56,0,0,40.1357
0,130,56,0,0,40.1321
0,131,56,0,0,40.1287
0,132,56,0,0,40.1253
0,133,56,0,0,40.1221
0,134,56,0,0,40.1189
0,135,56,0,0,40.1158
0,136,56,0,0,40.1128
0,137,56,0,0,40.1098
0,138,56,0,0,40.107
0,139,56,0,0,40.1042
0,140,56,0,0,40.1015
0,141,56,0,0,40.0989
0,142,56,0,0,40.0963
0,143,56,0,0,40.0938
0,144,56,0,0,40.0914
0,145,56,0,0,40.089
0,146,56,0,0,40.0867
0,147,56,0,0,40.0845
0,148,56,0,0,40.0823
0,149,56,0,0,40.0802
0,150,56,0,0,40.0782
0,151,56,0,0,40.0762
0,152,56,0,0,40.0743
0,153,56,0,0,40.0724
0,154,56,0,0,40.0706
0,155,56,0,0,40.0688
0,156,56,0,0,40.0671
0,157,56,0,0,40.0654
0,158,56,0,0,40.0638
0,159,56,0,0,40.0622
0,160,56,0,0,40.0607
0,161,56,0,0,40.0592
0,162,56,0,0,40.0578
0,163,56,0,0,40.0564
0,164,56,0,0,40.055
0,165,56,0,0,40.0537
0,166,56,0,0,40.0525
0,167,56,0,0,40.0513
0,168,56,0,0,40.0501
0,169,56,0,0,40.0489
0,170,56,0,0,40.0478
0,171,56,0,0,40.0468
0,172,56,0,0,40.0457
0,173,56,0,0,40.0447
0,174,56,0,0,40.0438
0,175,56,0,0,40.0428
0,176,56,0,0,40.0419
0,177,56,0,0,40.0411
0,178,56,0,0,40.0403
0,179,56,0,0,40.0395
0,180,56,0,0,40.0387
0,181,56,0,0,40.038
0,182,56,0,0,40.0373
0,183,56,0,0,40.0366
0,184,56,0,0,40.036
0,185,56,0,0,40.0354
0,186,56,0,0,40.0348
0,187,56,0,0,40.0342
0,188,56,0,0,40.0337
0,189,56,0,0,40.0332
0,190,56,0,0,40.0327
0,191,56,0,0,40.0323
0,192,56,0,6.09525e-06,40.0319
0,193,56,0,0,40.031
0,194,56,0,0,40.0302
0,195,56,0,0,40.0294
0,196,56,0,0,40.0286
0,197,56,0,0,40.0278
0,198,56,0,0,40.027
0,199,56,0,0,40.0263
0,200,56,0,0,40.0256
0,201,56,0,0,40.0249
0,202,56,0,0,40.0243
0,203,56,0,0,40.0237
0,204,56,0,0,40.023
0,205,56,0,0,40.0224
0,206,56,0,0,40.0219
0,207,56,0,0,40.0213
0,208,56,0,0,40.0208
0,209,56,0,0,40.0202
0,210,56,0,0,40.0197
0,211,56,0,0,40.0193
0,212,56,0,0,40.0188
0,213,56,0,0,40.0183
0,214,56,0,0,40.0179
0,215,56,0,0,40.0175
0,216,56,0,0,40.017
0,217,56,0,0,40.0166
0,218,56,0,0,40.0163
0,219,56,0,0,40.0159
0,220,56,0,0,40.0155
0,221,56,0,0,40.0152
0,222,56,0,0,40.0149
0,223,56,0,0,40.0145
0,224,56,0,0,40.0142
0,225,56,0,0,40.0139
0,226,56,0,0,40.0137
0,227,56,0,0,40.0134
0,228,56,0,0,40.0131
0,229,56,0,0,40.0129
0,230,56,0,0,40.0126
0,231,56,0,0,40.0124
0,232,56,0,0,40.0122
0,233,56,0,0,40.012
0,234,56,0,0,40.0118
0,235,56,0,0,40.0116
0,236,56,0,0,40.0114
0,237,56,0,0,40.0113
0,238,56,0,0,40.0111
0,239,56,0,0,40.0109
0,240,56,0,0,40.0108
0,241,56,0,0,40.0107
0,242,56,0,0,40.0106
0,243,56,0,0,40.0104
0,244,56,0,0,40.0103
0,245,56,0,0,40.0102
0,246,56,0,0,40.0101
0,247,56,0,0,40.0101
0,248,56,0,0,40.01
0,249,56,0,0,40.0099
0,250,56,0,0,40.0099
0,251,56,0,0,40.0098
0,252,56,0,0,40.0098
0,253,56,0,0,40.0097
0,254,56,0,0,40.0097
0,255,56,0,0,40.0097
0,0,57,0,6.09525e-06,41.2601
0,1,57,0,0,41.2586
0,2,57,0,0,41.2567
0,3,57,0,0,41.2542
0,4,57,0,0,41.2513
0,5,57,0,0,41.2479
0,6,57,0,0,41.244
0,7,57,0,0,41.2396
0,8,57,0,0,41.2348
0,9,57,0,0,41.2295
0,10,57,0,0,41.2238
0,11,57,0,0,41.2176
0,12,57,0,0,41.211
0,13,57,0,0,41.204
0,14,57,0,0,41.1966
0,15,57,0,0,41.1888
0,16,57,0,0,41.1806
0,17,57,0,0,41.172
0,18,57,0,0,41.1631
0,19,57,0,0,41.1538
0,20,57,0,0,41.1441
0,21,57,0,0,41.1342
0,22,57,0,0,41.1239
0,23,57,0,0,41.1134
0,24,57,0,0,41.1025
0,25,57,0,0,41.0915
0,26,57,0,0,41.0801
0,27,57,0,0,41.0685
0,28,57,0,0,41.0567
0,29,57,0,0,41.0447
0,30,57,0,0,41.0325
0,31,57,0,0,41.0202
0,32,57,0,0,41.0076
0,33,57,0,0,40.995
0,34,57,0,0,40.9821
0,35,57,0,0,40.9692
0,36,57,0,0,40.9562
0,37,57,0,0,40.9431
0,38,57,0,0,40.9299
0,39,57,0,0,40.9166
0,40,57,0,0,40.9033
0,41,57,0,0,40.8899
0,42,57,0,0,40.8765
0,43,57,0,0,40.8631
0,44,57,0,0,40.8497
0,45,57,0,0,40.8363
0,46,57,0,0,40.8229
0,47,57,0,0,40.8096
0,48,57,0,0,40.7963
0,49,57,0,0,40.783
0,50,57,0,0,40.7698
0,51,57,0,0,40.7566
0,52,57,0,0,40.7436
0,53,57,0,0,40.7306
0,54,57,0,0,40.7177
0,55,57,0,0,40.7049
0,56,57,0,0,40.6922
0,57,57,0,0,40.6796
0,58,57,0,0,40.6671
0,59,57,0,0,40.6547
0,60,57,0,0,40.6425
0,61,57,0,0,40.6304
0,62,57,0,0,40.6184
0,63,57,0,0,40.6066
0,64,57,0,6.09525e-06,40.595
0,65,57,0,0,40.5829
0,66,57,0,0,40.5711
0,67,57,0,0,40.5593
0,68,57,0,0,40.5478
0,69,57,0,0,40.5364
0,70,57,0,0,40.5252
0,71,57,0,0,40.5141
0,72,57,0,0,40.5032
0,73,57,0,0,40.4924
0,74,57,0,0,40.4819
0,75,57,0,0,40.4715
0,76,57,0,0,40.4612
0,77,57,0,0,40.4512
0,78,57,0,0,40.4412
0,79,57,0,0,40.4315
0,80,57,0,0,40.4219
0,81,57,0,0,40.4125
0,82,57,0,0,40.4033
0,83,57,0,0,40.3943
0,84,57,0,0,40.3854
0,85,57,0,0,40.3766
0,86,57,0,0,40.3681
0,87,57,0,0,40.3596
0,88,57,0,0,40.3514
0,89,57,0,0,40.3433
0,90,57,0,0,40.3354
0,91,57,0,0,40.3276
0,92,57,0,0,40.32
0,93,57,0,0,40.3126
0,94,57,0,0,40.3053
0,95,57,0,0,40.2981
0,96,57,0,0,40.2911
0,97,57,0,0,40.2843
0,98,57,0,0,40.2776
0,99,57,0,0,40.2711
0,100,57,0,0,40.2646
0,101,57,0,0,40.2584
0,102,57,0,0,40.2523
0,103,57,0,0,40.2463
0,104,57,0,0,40.2404
0,105,57,0,0,40.2347
0,106,57,0,0,40.2291
0,107,57,0,0,40.2237
0,108,57,0,0,40.2183
0,109,57,0,0,40.2131
0,110,57,0,0,40.2081
0,111,57,0,0,40.2031
0,112,57,0,0,40.1983
0,113,57,0,0,40.1936
0,114,57,0,0,40.189
0,115,57,0,0,40.1845
0,116,57,0,0,40.1801
0,117,57,0,0,40.1759
0,118,57,0,0,40.1718
0,119,57,0,0,40.1677
0,120,57,0,0,40.1638
0,121,57,0,0,40.16
0,122,57,0,0,40.1563
0,123,57,0,0,40.1527
0,124,57,0,0,40.1491
0,125,57,0,0,40.1457
0,126,57,0,0,40.1424
0,127,57,0,0,40.1392
0,128,57,0,6.09525e-06,40.1361
0,129,57,0,0,40.1326
0,130,57,0,0,40.1291
0,131,57,0,0,40.1258
0,132,57,0,0,40.1225
0,133,57,0,0,40.1193
0,134,57,0,0,40.1162
0,135,57,0,0,40.1132
0,136,57,0,0,40.1103
0,137,57,0,0,40.1074
0,138,57,0,0,40.1047
0,139,57,0,0,40.102
0,140,57,0,0,40.0993
0,141,57,0,0,40.0968
0,142,57,0,0,40.0943
0,143,57,0,0,40.0918
0,144,57,0,0,40.0895
0,145,57,0,0,40.0872
0,146,57,0,0,40.085
0,147,57,0,0,40.0828
0,148,57,0,0,40.0807
0,149,57,0,0,40.0786
0,150,57,0,0,40.0766
0,151,57,0,0,40.0747
0,152,57,0,0,40.0728
0,153,57,0,0,40.071
0,154,57,0,0,40.0692
0,155,57,0,0,40.0675
0,156,57,0,0,40.0658
0,157,57,0,0,40.0642
0,158,57,0,0,40.0626
0,159,57,0,0,40.0611
0,160,57,0,0,40.0596
0,161,57,0,0,40.0581
0,162,57,0,0,40.0567
0,163,57,0,0,40.0554
0,164,57,0,0,40.0541
0,165,57,0,0,40.0528
0,166,57,0,0,40.0516
0,167,57,0,0,40.0504
0,168,57,0,0,40.0492
0,169,57,0,0,40.0481
0,170,57,0,0,40.047
0,171,57,0,0,40.046
0,172,57,0,0,40.045
0,173,57,0,0,40.044
0,174,57,0,0,40.0431
0,175,57,0,0,40.0422
0,176,57,0,0,40.0413
0,177,57,0,0,40.0404
0,178,57,0,0,40.0396
0,179,57,0,0,40.0389
0,180,57,0,0,40.0381
0,181,57,0,0,40.0374
0,182,57,0,0,40.0367
0,183,57,0,0,40.0361
0,184,57,0,0,40.0355
0,185,57,0,0,40.0349
0,186,57,0,0,40.0343
0,187,57,0,0,40.0338
0,188,57,0,0,40.0333
0,189,57,0,0,40.0328
0,190,57,0,0,40.0323
0,191,57,0,0,40.0319
0,192,57,0,6.09525e-06,40.0315
0,193,57,0,0,40.0307
0,194,57,0,0,40.0298
0,195,57,0,0,40.029
0,196,57,0,0,40.0282
0,197,57,0,0,40.0275
0,198,57,0,0,40.0267
0,199,57,0,0,40.026
0,200,57,0,0,40.0253
0,201,57,0,0,40.0247
0,202,57,0,0,40.024
0,203,57,0,0,40.0234
0,204,57,0,0,40.0228
0,205,57,0,0,40.0222
0,206,57,0,0,40.0216
0,207,57,0,0,40.0211
0,208,57,0,0,40.0205
0,209,57,0,0,40.02
0,210,57,0,0,40.0195
0,211,57,0,0,40.019
0,212,57,0,0,40.0186
0,213,57,0,0,40.0181
0,214,57,0,0,40.0177
0,215,57,0,0,40.0173
0,216,57,0,0,40.0169
0,217,57,0,0,40.0165
0,218,57,0,0,40.0161
0,219,57,0,0,40.0157
0,220,57,0,0,40.0154
0,221,57,0,0,40.015
0,222,57,0,0,40.0147
0,223,57,0,0,40.0144
0,224,57,0,0,40.0141
0,225,57,0,0,40.0138
0,226,57,0,0,40.0135
0,227,57,0,0,40.0133
0,228,57,0,0,40.013
0,229,57,0,0,40.0128
0,230,57,0,0,40.0125
0,231,57,0,0,40.0123
0,232,57,0,0,40.0121
0,233,57,0,0,40.0119
0,234,57,0,0,40.0117
0,235,57,0,0,40.0115
0,236,57,0,0,40.0113
0,237,57,0,0,40.0111
0,238,57,0,0,40.011
0,239,57,0,0,40.0108
0,240,57,0,0,40.0107
0,241,57,0,0,40.0106
0,242,57,0,0,40.0104
0,243,57,0,0,40.0103
0,244,57,0,0,40.0102
0,245,57,0,0,40.0101
0,246,57,0,0,40.01
0,247,57,0,0,40.01
0,248,57,0,0,40.0099
0,249,57,0,0,40.0098
0,250,57,0,0,40.0098
0,251,57,0,0,40.0097
0,252,57,0,0,40.0097
0,253,57,0,0,40.0097
0,254,57,0,0,40.0096
0,255,57,0,0,40.0096
0,0,58,0,6.09525e-06,41.1994
0,1,58,0,0,41.198
0,2,58,0,0,41.1962
0,3,58,0,0,41.1939
0,4,58,0,0,41.1911
0,5,58,0,0,41.1879
0,6,58,0,0,41.1842
0,7,58,0,0,41.1801
0,8,58,0,0,41.1756
0,9,58,0,0,41.1707
0,10,58,0,0,41.1653
0,11,58,0,0,41.1595
0,12,58,0,0,41.1534
0,13,58,0,0,41.1468
0,14,58,0,0,41.1399
0,15,58,0,0,41.1325
0,16,58,0,0,41.1249
0,17,58,0,0,41.1168
0,18,58,0,0,41.1085
0,19,58,0,0,41.0998
0,20,58,0,0,41.0907
0,21,58,0,0,41.0814
0,22,58,0,0,41.0718
0,23,58,0,0,41.0619
0,24,58,0,0,41.0518
0,25,58,0,0,41.0414
0,26,58,0,0,41.0308
0,27,58,0,0,41.0199
0,28,58,0,0,41.0088
0,29,58,0,0,40.9976
0,30,58,0,0,40.9861
0,31,58,0,0,40.9745
0,32,58,0,0,40.9628
0,33,58,0,0,40.9508
0,34,58,0,0,40.9388
0,35,58,0,0,40.9267
0,36,58,0,0,40.9144
0,37,58,0,0,40.9021
0,38,58,0,0,40.8896
0,39,58,0,0,40.8771
0,40,58,0,0,40.8646
0,41,58,0,0,40.852
0,42,58,0,0,40.8394
0,43,58,0,0,40.8268
0,44,58,0,0,40.8141
0,45,58,0,0,40.8015
0,46,58,0,0,40.7889
0,47,58,0,0,40.7763
0,48,58,0,0,40.7637
0,49,58,0,0,40.7512
0,50,58,0,0,40.7387
0,51,58,0,0,40.7262
0,52,58,0,0,40.7139
0,53,58,0,0,40.7016
0,54,58,0,0,40.6894
0,55,58,0,0,40.6773
0,56,58,0,0,40.6652
0,57,58,0,0,40.6533
0,58,58,0,0,40.6415
0,59,58,0,0,40.6297
0,60,58,0,0,40.6181
0,61,58,0,0,40.6067
0,62,58,0,0,40.5953
0,63,58,0,0,40.5841
0,64,58,0,6.09525e-06,40.573
0,65,58,0,0,40.5616
0,66,58,0,0,40.5503
0,67,58,0,0,40.5391
0,68,58,0,0,40.5281
0,69,58,0,0,40.5172
0,70,58,0,0,40.5065
0,71,58,0,0,40.496
0,72,58,0,0,40.4855
0,73,58,0,0,40.4753
0,74,58,0,0,40.4652
0,75,58,0,0,40.4553
0,76,58,0,0,40.4455
0,77,58,0,0,40.4358
0,78,58,0,0,40.4264
0,79,58,0,0,40.4171
0,80,58,0,0,40.4079
0,81,58,0,0,40.3989
0,82,58,0,0,40.3901
0,83,58,0,0,40.3814
0,84,58,0,0,40.3729
0,85,58,0,0,40.3645
0,86,58,0,0,40.3563
0,87,58,0,0,40.3482
0,88,58,0,0,40.3403
0,89,58,0,0,40.3326
0,90,58,0,0,40.325
0,91,58,0,0,40.3175
0,92,58,0,0,40.3102
0,93,58,0,0,40.3031
0,94,58,0,0,40.296
0,95,58,0,0,40.2892
0,96,58,0,0,40.2825
0,97,58,0,0,40.2759
0,98,58,0,0,40.2694
0,99,58,0,0,40.2631
0,100,58,0,0,40.257
0,101,58,0,0,40.2509
0,102,58,0,0,40.245
0,103,58,0,0,40.2393
0,104,58,0,0,40.2336
0,105,58,0,0,40.2281
0,106,58,0,0,40.2227
0,107,58,0,0,40.2175
0,108,58,0,0,40.2123
0,109,58,0,0,40.2073
0,110,58,0,0,40.2024
0,111,58,0,0,40.1977
0,112,58,0,0,40.193
0,113,58,0,0,40.1885
0,114,58,0,0,40.184
0,115,58,0,0,40.1797
0,116,58,0,0,40.1755
0,117,58,0,0,40.1714
0,118,58,0,0,40.1674
0,119,58,0,0,40.1635
0,120,58,0,0,40.1597
0,121,58,0,0,40.156
0,122,58,0,0,40.1524
0,123,58,0,0,40.1489
0,124,58,0,0,40.1456
0,125,58,0,0,40.1423
0,126,58,0,0,40.1391
0,127,58,0,0,40.1359
0,128,58,0,6.09525e-06,40.1329
0,129,58,0,0,40.1295
0,130,58,0,0,40.1262
0,131,58,0,0,40.1229
0,132,58,0,0,40.1197
0,133,58,0,0,40.1166
0,134,58,0,0,40.1136
0,135,58,0,0,40.1107
0,136,58,0,0,40.1079
0,137,58,0,0,40.1051
0,138,58,0,0,40.1024
0,139,58,0,0,40.0997
0,140,58,0,0,40.0972
0,141,58,0,0,40.0947
0,142,58,0,0,40.0923
0,143,58,0,0,40.0899
0,144,58,0,0,40.0876
0,145,58,0,0,40.0854
0,146,58,0,0,40.0832
0,147,58,0,0,40.0811
0,148,58,0,0,40.079
0,149,58,0,0,40.077
0,150,58,0,0,40.0751
0,151,58,0,0,40.0732
0,152,58,0,0,40.0714
0,153,58,0,0,40.0696
0,154,58,0,0,40.0679
0,155,58,0,0,40.0662
0,156,58,0,0,40.0645
0,157,58,0,0,40.063
0,158,58,0,0,40.0614
0,159,58,0,0,40.0599
0,160,58,0,0,40.0585
0,161,58,0,0,40.0571
0,162,58,0,0,40.0557
0,163,58,0,0,40.0544
0,164,58,0,0,40.0531
0,165,58,0,0,40.0519
0,166,58,0,0,40.0507
0,167,58,0,0,40.0495
0,168,58,0,0,40.0484
0,169,58,0,0,40.0473
0,170,58,0,0,40.0462
0,171,58,0,0,40.0452
0,172,58,0,0,40.0442
0,173,58,0,0,40.0433
0,174,58,0,0,40.0424
0,175,58,0,0,40.0415
0,176,58,0,0,40.0406
0,177,58,0,0,40.0398
0,178,58,0,0,40.039
0,179,58,0,0,40.0383
0,180,58,0,0,40.0375
0,181,58,0,0,40.0369
0,182,58,0,0,40.0362
0,183,58,0,0,40.0356
0,184,58,0,0,40.0349
0,185,58,0,0,40.0344
0,186,58,0,0,40.0338
0,187,58,0,0,40.0333
0,188,58,0,0,40.0328
0,189,58,0,0,40.0324
0,190,58,0,0,40.0319
0,191,58,0,0,40.0315
0,192,58,0,6.09525e-06,40.0311
0,193,58,0,0,40.0303
0,194,58,0,0,40.0295
0,195,58,0,0,40.0287
0,196,58,0,0,40.0279
0,197,58,0,0,40.0271
0,198,58,0,0,40.0264
0,199,58,0,0,40.0257
0,200,58,0,0,40.025
0,201,58,0,0,40.0244
0,202,58,0,0,40.0237
0,203,58,0,0,40.0231
0,204,58,0,0,40.0225
0,205,58,0,0,40.0219
0,206,58,0,0,40.0214
0,207,58,0,0,40.0208
0,208,58,0,0,40.0203
0,209,58,0,0,40.0198
0,210,58,0,0,40.0193
0,211,58,0,0,40.0188
0,212,58,0,0,40.0184
0,213,58,0,0,40.0179
0,214,58,0,0,40.0175
0,215,58,0,0,40.0171
0,216,58,0,0,40.0167
0,217,58,0,0,40.0163
0,218,58,0,0,40.0159
0,219,58,0,0,40.0156
0,220,58,0,0,40.0152
0,221,58,0,0,40.0149
0,222,58,0,0,40.0146
0,223,58,0,0,40.0142
0,224,58,0,0,40.0139
0,225,58,0,0,40.0137
0,226,58,0,0,40.0134
0,227,58,0,0,40.0131
0,228,58,0,0,40.0129
0,229,58,0,0,40.0126
0,230,58,0,0,40.0124
0,231,58,0,0,40.0122
0,232,58,0,0,40.012
0,233,58,0,0,40.0118
0,234,58,0,0,40.0116
0,235,58,0,0,40.0114
0,236,58,0,0,40.0112
0,237,58,0,0,40.011
0,238,58,0,0,40.0109
0,239,58,0,0,40.0107
0,240,58,0,0,40.0106
0,241,58,0,0,40.0105
0,242,58,0,0,40.0103
0,243,58,0,0,40.0102
0,244,58,0,0,40.0101
0,245,58,0,0,40.01
0,246,58,0,0,40.01
0,247,58,0,0,40.0099
0,248,58,0,0,40.0098
0,249,58,0,0,40.0097
0,250,58,0,0,40.0097
0,251,58,0,0,40.0096
0,252,58,0,0,40.0096
0,253,58,0,0,40.0096
0,254,58,0,0,40.0095
0,255,58,0,0,40.0095
0,0,59,0,6.09525e-06,41.1419
0,1,59,0,0,41.1406
0,2,59,0,0,41.1388
0,3,59,0,0,41.1366
0,4,59,0,0,41.134
0,5,59,0,0,41.131
0,6,59,0,0,41.1275
0,7,59,0,0,41.1237
0,8,59,0,0,41.1195
0,9,59,0,0,41.1148
0,10,59,0,0,41.1098
0,11,59,0,0,41.1044
0,12,59,0,0,41.0986
0,13,59,0,0,41.0925
0,14,59,0,0,41.086
0,15,59,0,0,41.0791
0,16,59,0,0,41.0719
0,17,59,0,0,41.0644
0,18,59,0,0,41.0565
0,19,59,0,0,41.0484
0,20,59,0,0,41.04
0,21,59,0,0,41.0312
0,22,59,0,0,41.0222
0,23,59,0,0,41.013
0,24,59,0,0,41.0034
0,25,59,0,0,40.9937
0,26,59,0,0,40.9837
0,27,59,0,0,40.9735
0,28,59,0,0,40.9632
0,29,59,0,0,40.9526
0,30,59,0,0,40.9418
0,31,59,0,0,40.9309
0,32,59,0,0,40.9199
0,33,59,0,0,40.9087
0,34,59,0,0,40.8974
0,35,59,0,0,40.886
0,36,59,0,0,40.8744
0,37,59,0,0,40.8628
0,38,59,0,0,40.8511
0,39,59,0,0,40.8394
0,40,59,0,0,40.8276
0,41,59,0,0,40.8157
0,42,59,0,0,40.8038
0,43,59,0,0,40.7919
0,44,59,0,0,40.78
0,45,59,0,0,40.7681
0,46,59,0,0,40.7562
0,47,59,0,0,40.7443
0,48,59,0,0,40.7324
0,49,59,0,0,40.7206
0,50,59,0,0,40.7088
0,51,59,0,0,40.697
0,52,59,0,0,40.6853
0,53,59,0,0,40.6737
0,54,59,0,0,40.6621
0,55,59,0,0,40.6507
0,56,59,0,0,40.6393
0,57,59,0,0,40.628
0,58,59,0,0,40.6168
0,59,59,0,0,40.6056
0,60,59,0,0,40.5947
0,61,59,0,0,40.5838
0,62,59,0,0,40.573
0,63,59,0,0,40.5623
0,64,59,0,6.09525e-06,40.5518
0,65,59,0,0,40.5409
0,66,59,0,0,40.5302
0,67,59,0,0,40.5195
0,68,59,0,0,40.509
0,69,59,0,0,40.4987
0,70,59,0,0,40.4885
0,71,59,0,0,40.4784
0,72,59,0,0,40.4685
0,73,59,0,0,40.4587
0,74,59,0,0,40.449
0,75,59,0,0,40.4395
0,76,59,0,0,40.4302
0,77,59,0,0,40.421
0,78,59,0,0,40.4119
0,79,59,0,0,40.403
0,80,59,0,0,40.3943
0,81,59,0,0,40.3857
0,82,59,0,0,40.3772
0,83,59,0,0,40.3689
0,84,59,0,0,40.3607
0,85,59,0,0,40.3527
0,86,59,0,0,40.3448
0,87,59,0,0,40.3371
0,88,59,0,0,40.3295
0,89,59,0,0,40.3221
0,90,59,0,0,40.3148
0,91,59,0,0,40.3076
0,92,59,0,0,40.3006
0,93,59,0,0,40.2937
0,94,59,0,0,40.287
0,95,59,0,0,40.2804
0,96,59,0,0,40.274
0,97,59,0,0,40.2676
0,98,59,0,0,40.2614
0,99,59,0,0,40.2554
0,100,59,0,0,40.2494
0,101,59,0,0,40.2436
0,102,59,0,0,40.238
0,103,59,0,0,40.2324
0,104,59,0,0,40.227
0,105,59,0,0,40.2217
0,106,59,0,0,40.2165
0,107,59,0,0,40.2114
0,108,59,0,0,40.2065
0,109,59,0,0,40.2016
0,110,59,0,0,40.1969
0,111,59,0,0,40.1923
0,112,59,0,0,40.1878
0,113,59,0,0,40.1834
0,114,59,0,0,40.1792
0,115,59,0,0,40.175
0,116,59,0,0,40.1709
0,117,59,0,0,40.167
0,118,59,0,0,40.1631
0,119,59,0,0,40.1594
0,120,59,0,0,40.1557
0,121,59,0,0,40.1521
0,122,59,0,0,40.1487
0,123,59,0,0,40.1453
0,124,59,0,0,40.142
0,125,59,0,0,40.1388
0,126,59,0,0,40.1357
0,127,59,0,0,40.1327
0,128,59,0,6.09525e-06,40.1298
0,129,59,0,0,40.1265
0,130,59,0,0,40.1232
0,131,59,0,0,40.1201
0,132,59,0,0,40.117
0,133,59,0,0,40.114
0,134,59,0,0,40.1111
0,135,59,0,0,40.1082
0,136,59,0,0,40.1055
0,137,59,0,0,40.1028
0,138,59,0,0,40.1001
0,139,59,0,0,40.0976
0,140,59,0,0,40.0951
0,141,59,0,0,40.0927
0,142,59,0,0,40.0903
0,143,59,0,0,40.088
0,144,59,0,0,40.0858
0,145,59,0,0,40.0836
0,146,59,0,0,40.0815
0,147,59,0,0,40.0794
0,148,59,0,0,40.0774
0,149,59,0,0,40.0755
0,150,59,0,0,40.0736
0,151,59,0,0,40.0717
0,152,59,0,0,40.0699
0,153,59,0,0,40.0682
0,154,59,0,0,40.0665
0,155,59,0,0,40.0649
0,156,59,0,0,40.0633
0,157,59,0,0,40.0617
0,158,59,0,0,40.0602
0,159,59,0,0,40.0588
0,160,59,0,0,40.0574
0,161,59,0,0,40.056
0,162,59,0,0,40.0547
0,163,59,0,0,40.0534
0,164,59,0,0,40.0521
0,165,59,0,0,40.0509
0,166,59,0,0,40.0497
0,167,59,0,0,40.0486
0,168,59,0,0,40.0475
0,169,59,0,0,40.0465
0,170,59,0,0,40.0454
0,171,59,0,0,40.0444
0,172,59,0,0,40.0435
0,173,59,0,0,40.0426
0,174,59,0,0,40.0417
0,175,59,0,0,40.0408
0,176,59,0,0,40.04
0,177,59,0,0,40.0392
0,178,59,0,0,40.0384
0,179,59,0,0,40.0377
0,180,59,0,0,40.037
0,181,59,0,0,40.0363
0,182,59,0,0,40.0357
0,183,59,0,0,40.035
0,184,59,0,0,40.0344
0,185,59,0,0,40.0339
0,186,59,0,0,40.0334
0,187,59,0,0,40.0329
0,188,59,0,0,40.0324
0,189,59,0,0,40.0319
0,190,59,0,0,40.0315
0,191,59,0,0,40.0311
0,192,59,0,6.09525e-06,40.0307
0,193,59,0,0,40.0299
0,194,59,0,0,40.0291
0,195,59,0,0,40.0283
0,196,59,0,0,40.0275
0,197,59,0,0,40.0268
0,198,59,0,0,40.0261
0,199,59,0,0,40.0254
0,200,59,0,0,40.0247
0,201,59,0,0,40.0241
0,202,59,0,0,40.0234
0,203,59,0,0,40.0228
0,204,59,0,0,40.0222
0,205,59,0,0,40.0217
0,206,59,0,0,40.0211
0,207,59,0,0,40.0206
0,208,59,0,0,40.0201
0,209,59,0,0,40.0196
0,210,59,0,0,40.0191
0,211,59,0,0,40.0186
0,212,59,0,0,40.0182
0,213,59,0,0,40.0177
0,214,59,0,0,40.0173
0,215,59,0,0,40.0169
0,216,59,0,0,40.0165
0,217,59,0,0,40.0161
0,218,59,0,0,40.0157
0,219,59,0,0,40.0154
0,220,59,0,0,40.015
0,221,59,0,0,40.0147
0,222,59,0,0,40.0144
0,223,59,0,0,40.0141
0,224,59,0,0,40.0138
0,225,59,0,0,40.0135
0,226,59,0,0,40.0132
0,227,59,0,0,40.013
0,228,59,0,0,40.0127
0,229,59,0,0,40.0125
0,230,59,0,0,40.0123
0,231,59,0,0,40.012
0,232,59,0,0,40.0118
0,233,59,0,0,40.0116
0,234,59,0,0,40.0114
0,235,59,0,0,40.0113
0,236,59,0,0,40.0111
0,237,59,0,0,40.0109
0,238,59,0,0,40.0108
0,239,59,0,0,40.0106
0,240,59,0,0,40.0105
0,241,59,0,0,40.0104
0,242,59,0,0,40.0102
0,243,59,0,0,40.0101
0,244,59,0,0,40.01
0,245,59,0,0,40.0099
0,246,59,0,0,40.0099
0,247,59,0,0,40.0098
0,248,59,0,0,40.0097
0,249,59,0,0,40.0096
0,250,59,0,0,40.0096
0,251,59,0,0,40.0095
0,252,59,0,0,40.0095
0,253,59,0,0,40.0095
0,254,59,0,0,40.0095
0,255,59,0,0,40.0094
0,0,60,0,6.09525e-06,41.0873
0,1,60,0,0,41.086
0,2,60,0,0,41.0843
0,3,60,0,0,41.0823
0,4,60,0,0,41.0798
0,5,60,0,0,41.077
0,6,60,0,0,41.0737
0,7,60,0,0,41.0701
0,8,60,0,0,41.0662
0,9,60,0,0,41.0618
0,10,60,0,0,41.0571
0,11,60,0,0,41.052
0,12,60,0,0,41.0466
0,13,60,0,0,41.0408
0,14,60,0,0,41.0347
0,15,60,0,0,41.0283
0,16,60,0,0,41.0216
0,17,60,0,0,41.0145
0,18,60,0,0,41.0072
0,19,60,0,0,40.9995
0,20,60,0,0,40.9916
0,21,60,0,0,40.9834
0,22,60,0,0,40.975
0,23,60,0,0,40.9663
0,24,60,0,0,40.9574
0,25,60,0,0,40.9483
0,26,60,0,0,40.9389
0,27,60,0,0,40.9293
0,28,60,0,0,40.9196
0,29,60,0,0,40.9097
0,30,60,0,0,40.8996
0,31,60,0,0,40.8893
0,32,60,0,0,40.879
0,33,60,0,0,40.8685
0,34,60,0,0,40.8578
0,35,60,0,0,40.8471
0,36,60,0,0,40.8362
0,37,60,0,0,40.8253
0,38,60,0,0,40.8143
0,39,60,0,0,40.8032
0,40,60,0,0,40.7921
0,41,60,0,0,40.781
0,42,60,0,0,40.7698
0,43,60,0,0,40.7585
0,44,60,0,0,40.7473
0,45,60,0,0,40.736
0,46,60,0,0,40.7248
0,47,60,0,0,40.7136
0,48,60,0,0,40.7023
0,49,60,0,0,40.6912
0,50,60,0,0,40.68
0,51,60,0,0,40.6689
0,52,60,0,0,40.6578
0,53,60,0,0,40.6469
0,54,60,0,0,40.6359
0,55,60,0,0,40.625
0,56,60,0,0,40.6143
0,57,60,0,0,40.6036
0,58,60,0,0,40.5929
0,59,60,0,0,40.5824
0,60,60,0,0,40.572
0,61,60,0,0,40.5617
0,62,60,0,0,40.5514
0,63,60,0,0,40.5413
0,64,60,0,6.09525e-06,40.5313
0,65,60,0,0,40.521
0,66,60,0,0,40.5107
0,67,60,0,0,40.5006
0,68,60,0,0,40.4906
0,69,60,0,0,40.4807
0,70,60,0,0,40.471
0,71,60,0,0,40.4614
0,72,60,0,0,40.4519
0,73,60,0,0,40.4425
0,74,60,0,0,40.4333
0,75,60,0,0,40.4243
0,76,60,0,0,40.4153
0,77,60,0,0,40.4065
0,78,60,0,0,40.3979
0,79,60,0,0,40.3894
0,80,60,0,0,40.381
0,81,60,0,0,40.3728
0,82,60,0,0,40.3647
0,83,60,0,0,40.3567
0,84,60,0,0,40.3489
0,85,60,0,0,40.3412
0,86,60,0,0,40.3337
0,87,60,0,0,40.3263
0,88,60,0,0,40.319
0,89,60,0,0,40.3119
0,90,60,0,0,40.3049
0,91,60,0,0,40.298
0,92,60,0,0,40.2913
0,93,60,0,0,40.2847
0,94,60,0,0,40.2782
0,95,60,0,0,40.2719
0,96,60,0,0,40.2657
0,97,60,0,0,40.2596
0,98,60,0,0,40.2536
0,99,60,0,0,40.2478
0,100,60,0,0,40.2421
0,101,60,0,0,40.2365
0,102,60,0,0,40.231
0,103,60,0,0,40.2257
0,104,60,0,0,40.2205
0,105,60,0,0,40.2154
0,106,60,0,0,40.2104
0,107,60,0,0,40.2055
0,108,60,0,0,40.2007
0,109,60,0,0,40.1961
0,110,60,0,0,40.1915
0,111,60,0,0,40.1871
0,112,60,0,0,40.1828
0,113,60,0,0,40.1785
0,114,60,0,0,40.1744
0,115,60,0,0,40.1704
0,116,60,0,0,40.1665
0,117,60,0,0,40.1626
0,118,60,0,0,40.1589
0,119,60,0,0,40.1553
0,120,60,0,0,40.1518
0,121,60,0,0,40.1483
0,122,60,0,0,40.145
0,123,60,0,0,40.1417
0,124,60,0,0,40.1385
0,125,60,0,0,40.1355
0,126,60,0,0,40.1325
0,127,60,0,0,40.1296
0,128,60,0,6.09525e-06,40.1268
0,129,60,0,0,40.1235
0,130,60,0,0,40.1204
0,131,60,0,0,40.1173
0,132,60,0,0,40.1143
0,133,60,0,0,40.1114
0,134,60,0,0,40.1085
0,135,60,0,0,40.1058
0,136,60,0,0,40.1031
0,137,60,0,0,40.1005
0,138,60,0,0,40.0979
0,139,60,0,0,40.0954
0,140,60,0,0,40.093
0,141,60,0,0,40.0906
0,142,60,0,0,40.0883
0,143,60,0,0,40.0861
0,144,60,0,0,40.0839
0,145,60,0,0,40.0818
0,146,60,0,0,40.0798
0,147,60,0,0,40.0778
0,148,60,0,0,40.0758
0,149,60,0,0,40.0739
0,150,60,0,0,40.0721
0,151,60,0,0,40.0703
0,152,60,0,0,40.0685
0,153,60,0,0,40.0668
0,154,60,0,0,40.0652
0,155,60,0,0,40.0636
0,156,60,0,0,40.062
0,157,60,0,0,40.0605
0,158,60,0,0,40.0591
0,159,60,0,0,40.0577
0,160,60,0,0,40.0563
0,161,60,0,0,40.0549
0,162,60,0,0,40.0537
0,163,60,0,0,40.0524
0,164,60,0,0,40.0512
0,165,60,0,0,40.05
0,166,60,0,0,40.0489
0,167,60,0,0,40.0477
0,168,60,0,0,40.0467
0,169,60,0,0,40.0456
0,170,60,0,0,40.0446
0,171,60,0,0,40.0437
0,172,60,0,0,40.0427
0,173,60,0,0,40.0418
0,174,60,0,0,40.041
0,175,60,0,0,40.0401
0,176,60,0,0,40.0393
0,177,60,0,0,40.0386
0,178,60,0,0,40.0378
0,179,60,0,0,40.0371
0,180,60,0,0,40.0364
0,181,60,0,0,40.0358
0,182,60,0,0,40.0351
0,183,60,0,0,40.0345
0,184,60,0,0,40.0339
0,185,60,0,0,40.0334
0,186,60,0,0,40.0329
0,187,60,0,0,40.0324
0,188,60,0,0,40.0319
0,189,60,0,0,40.0315
0,190,60,0,0,40.0311
0,191,60,0,0,40.0307
0,192,60,0,6.09525e-06,40.0304
0,193,60,0,0,40.0295
0,194,60,0,0,40.0287
0,195,60,0,0,40.028
0,196,60,0,0,40.0272
0,197,60,0,0,40.0265
0,198,60,0,0,40.0258
0,199,60,0,0,40.0251
0,200,60,0,0,40.0244
0,201,60,0,0,40.0238
0,202,60,0,0,40.0232
0,203,60,0,0,40.0226
0,204,60,0,0,40.022
0,205,60,0,0,40.0214
0,206,60,0,0,40.0209
0,207,60,0,0,40.0203
0,208,60,0,0,40.0198
0,209,60,0,0,40.0193
0,210,60,0,0,40.0189
0,211,60,0,0,40.0184
0,212,60,0,0,40.018
0,213,60,0,0,40.0175
0,214,60,0,0,40.0171
0,215,60,0,0,40.0167
0,216,60,0,0,40.0163
0,217,60,0,0,40.0159
0,218,60,0,0,40.0156
0,219,60,0,0,40.0152
0,220,60,0,0,40.0149
0,221,60,0,0,40.0146
0,222,60,0,0,40.0142
0,223,60,0,0,40.0139
0,224,60,0,0,40.0137
0,225,60,0,0,40.0134
0,226,60,0,0,40.0131
0,227,60,0,0,40.0128
0,228,60,0,0,40.0126
0,229,60,0,0,40.0124
0,230,60,0,0,40.0121
0,231,60,0,0,40.0119
0,232,60,0,0,40.0117
0,233,60,0,0,40.0115
0,234,60,0,0,40.0113
0,235,60,0,0,40.0112
0,236,60,0,0,40.011
0,237,60,0,0,40.0108
0,238,60,0,0,40.0107
0,239,60,0,0,40.0105
0,240,60,0,0,40.0104
0,241,60,0,0,40.0103
0,242,60,0,0,40.0101
0,243,60,0,0,40.01
0,244,60,0,0,40.0099
0,245,60,0,0,40.0098
0,246,60,0,0,40.0098
0,247,60,0,0,40.0097
0,248,60,0,0,40.0096
0,249,60,0,0,40.0096
0,250,60,0,0,40.0095
0,251,60,0,0,40.0095
0,252,60,0,0,40.0094
0,253,60,0,0,40.0094
0,254,60,0,0,40.0094
0,255,60,0,0,40.0093
0,0,61,0,6.09525e-06,41.0355
0,1,61,0,0,41.0343
0,2,61,0,0,41.0327
0,3,61,0,0,41.0307
0,4,61,0,0,41.0284
0,5,61,0,0,41.0257
0,6,61,0,0,41.0227
0,7,61,0,0,41.0193
0,8,61,0,0,41.0155
0,9,61,0,0,41.0114
0,10,61,0,0,41.007
0,11,61,0,0,41.0023
0,12,61,0,0,40.9972
0,13,61,0,0,40.9918
0,14,61,0,0,40.9861
0,15,61,0,0,40.98
0,16,61,0,0,40.9737
0,17,61,0,0,40.9671
0,18,61,0,0,40.9602
0,19,61,0,0,40.9531
0,20,61,0,0,40.9456
0,21,61,0,0,40.938
0,22,61,0,0,40.9301
0,23,61,0,0,40.9219
0,24,61,0,0,40.9135
0,25,61,0,0,40.905
0,26,61,0,0,40.8962
0,27,61,0,0,40.8872
0,28,61,0,0,40.8781
0,29,61,0,0,40.8687
0,30,61,0,0,40.8593
0,31,61,0,0,40.8496
0,32,61,0,0,40.8399
0,33,61,0,0,40.83
0,34,61,0,0,40.82
0,35,61,0,0,40.8099
0,36,61,0,0,40.7997
0,37,61,0,0,40.7894
0,38,61,0,0,40.7791
0,39,61,0,0,40.7686
0,40,61,0,0,40.7582
0,41,61,0,0,40.7476
0,42,61,0,0,40.7371
0,43,61,0,0,40.7265
0,44,61,0,0,40.7159
0,45,61,0,0,40.7053
0,46,61,0,0,40.6947
0,47,61,0,0,40.6841
0,48,61,0,0,40.6735
0,49,61,0,0,40.6629
0,50,61,0,0,40.6524
0,51,61,0,0,40.6419
0,52,61,0,0,40.6314
0,53,61,0,0,40.621
0,54,61,0,0,40.6107
0,55,61,0,0,40.6004
0,56,61,0,0,40.5902
0,57,61,0,0,40.58
0,58,61,0,0,40.57
0,59,61,0,0,40.56
0,60,61,0,0,40.5501
0,61,61,0,0,40.5403
0,62,61,0,0,40.5306
0,63,61,0,0,40.521
0,64,61,0,6.09525e-06,40.5116
0,65,61,0,0,40.5017
0,66,61,0,0,40.4919
0,67,61,0,0,40.4823
0,68,61,0,0,40.4727
0,69,61,0,0,40.4633
0,70,61,0,0,40.454
0,71,61,0,0,40.4449
0,72,61,0,0,40.4358
0,73,61,0,0,40.4269
0,74,61,0,0,40.4181
0,75,61,0,0,40.4095
0,76,61,0,0,40.4009
0,77,61,0,0,40.3925
0,78,61,0,0,40.3843
0,79,61,0,0,40.3761
0,80,61,0,0,40.3681
0,81,61,0,0,40.3602
0,82,61,0,0,40.3525
0,83,61,0,0,40.3449
0,84,61,0,0,40.3374
0,85,61,0,0,40.33
0,86,61,0,0,40.3228
0,87,61,0,0,40.3157
0,88,61,0,0,40.3087
0,89,61,0,0,40.3019
0,90,61,0,0,40.2952
0,91,61,0,0,40.2886
0,92,61,0,0,40.2822
0,93,61,0,0,40.2758
0,94,61,0,0,40.2696
0,95,61,0,0,40.2635
0,96,61,0,0,40.2576
0,97,61,0,0,40.2517
0,98,61,0,0,40.246
0,99,61,0,0,40.2404
0,100,61,0,0,40.2349
0,101,61,0,0,40.2295
0,102,61,0,0,40.2243
0,103,61,0,0,40.2191
0,104,61,0,0,40.2141
0,105,61,0,0,40.2092
0,106,61,0,0,40.2044
0,107,61,0,0,40.1997
0,108,61,0,0,40.1951
0,109,61,0,0,40.1906
0,110,61,0,0,40.1862
0,111,61,0,0,40.182
0,112,61,0,0,40.1778
0,113,61,0,0,40.1737
0,114,61,0,0,40.1697
0,115,61,0,0,40.1659
0,116,61,0,0,40.1621
0,117,61,0,0,40.1584
0,118,61,0,0,40.1548
0,119,61,0,0,40.1513
0,120,61,0,0,40.1479
0,121,61,0,0,40.1446
0,122,61,0,0,40.1413
0,123,61,0,0,40.1382
0,124,61,0,0,40.1351
0,125,61,0,0,40.1322
0,126,61,0,0,40.1293
0,127,61,0,0,40.1265
0,128,61,0,6.09525e-06,40.1237
0,129,61,0,0,40.1206
0,130,61,0,0,40.1175
0,131,61,0,0,40.1146
0,132,61,0,0,40.1117
0,133,61,0,0,40.1088
0,134,61,0,0,40.1061
0,135,61,0,0,40.1034
0,136,61,0,0,40.1008
0,137,61,0,0,40.0982
0,138,61,0,0,40.0957
0,139,61,0,0,40.0933
0,140,61,0,0,40.0909
0,141,61,0,0,40.0886
0,142,61,0,0,40.0864
0,143,61,0,0,40.0842
0,144,61,0,0,40.0821
0,145,61,0,0,40.0801
0,146,61,0,0,40.0781
0,147,61,0,0,40.0761
0,148,61,0,0,40.0742
0,149,61,0,0,40.0724
0,150,61,0,0,40.0706
0,151,61,0,0,40.0688
0,152,61,0,0,40.0671
0,153,61,0,0,40.0655
0,154,61,0,0,40.0639
0,155,61,0,0,40.0623
0,156,61,0,0,40.0608
0,157,61,0,0,40.0594
0,158,61,0,0,40.0579
0,159,61,0,0,40.0565
0,160,61,0,0,40.0552
0,161,61,0,0,40.0539
0,162,61,0,0,40.0526
0,163,61,0,0,40.0514
0,164,61,0,0,40.0502
0,165,61,0,0,40.0491
0,166,61,0,0,40.048
0,167,61,0,0,40.0469
0,168,61,0,0,40.0458
0,169,61,0,0,40.0448
0,170,61,0,0,40.0439
0,171,61,0,0,40.0429
0,172,61,0,0,40.042
0,173,61,0,0,40.0411
0,174,61,0,0,40.0403
0,175,61,0,0,40.0395
0,176,61,0,0,40.0387
0,177,61,0,0,40.0379
0,178,61,0,0,40.0372
0,179,61,0,0,40.0365
0,180,61,0,0,40.0358
0,181,61,0,0,40.0352
0,182,61,0,0,40.0346
0,183,61,0,0,40.034
0,184,61,0,0,40.0335
0,185,61,0,0,40.0329
0,186,61,0,0,40.0324
0,187,61,0,0,40.032
0,188,61,0,0,40.0315
0,189,61,0,0,40.0311
0,190,61,0,0,40.0307
0,191,61,0,0,40.0303
0,192,61,0,6.09525e-06,40.03
0,193,61,0,0,40.0292
0,194,61,0,0,40.0284
0,195,61,0,0,40.0276
0,196,61,0,0,40.0269
0,197,61,0,0,40.0261
0,198,61,0,0,40.0255
0,199,61,0,0,40.0248
0,200,61,0,0,40.0241
0,201,61,0,0,40.0235
0,202,61,0,0,40.0229
0,203,61,0,0,40.0223
0,204,61,0,0,40.0217
0,205,61,0,0,40.0212
0,206,61,0,0,40.0206
0,207,61,0,0,40.0201
0,208,61,0,0,40.0196
0,209,61,0,0,40.0191
0,210,61,0,0,40.0186
0,211,61,0,0,40.0182
0,212,61,0,0,40.0177
0,213,61,0,0,40.0173
0,214,61,0,0,40.0169
0,215,61,0,0,40.0165
0,216,61,0,0,40.0161
0,217,61,0,0,40.0158
0,218,61,0,0,40.0154
0,219,61,0,0,40.0151
0,220,61,0,0,40.0147
0,221,61,0,0,40.0144
0,222,61,0,0,40.0141
0,223,61,0,0,40.0138
0,224,61,0,0,40.0135
0,225,61,0,0,40.0132
0,226,61,0,0,40.013
0,227,61,0,0,40.0127
0,228,61,0,0,40.0125
0,229,61,0,0,40.0122
0,230,61,0,0,40.012
0,231,61,0,0,40.0118
0,232,61,0,0,40.0116
0,233,61,0,0,40.0114
0,234,61,0,0,40.0112
0,235,61,0,0,40.011
0,236,61,0,0,40.0109
0,237,61,0,0,40.0107
0,238,61,0,0,40.0106
0,239,61,0,0,40.0104
0,240,61,0,0,40.0103
0,241,61,0,0,40.0102
0,242,61,0,0,40.01
0,243,61,0,0,40.0099
0,244,61,0,0,40.0098
0,245,61,0,0,40.0097
0,246,61,0,0,40.0097
0,247,61,0,0,40.0096
0,248,61,0,0,40.0095
0,249,61,0,0,40.0095
0,250,61,0,0,40.0094
0,251,61,0,0,40.0094
0,252,61,0,0,40.0093
0,253,61,0,0,40.0093
0,254,61,0,0,40.0093
0,255,61,0,0,40.0093
0,0,62,0,6.09525e-06,40.9863
0,1,62,0,0,40.9851
0,2,62,0,0,40.9836
0,3,62,0,0,40.9818
0,4,62,0,0,40.9796
0,5,62,0,0,40.977
0,6,62,0,0,40.9742
0,7,62,0,0,40.971
0,8,62,0,0,40.9675
0,9,62,0,0,40.9636
0,10,62,0,0,40.9595
0,11,62,0,0,40.955
0,12,62,0,0,40.9502
0,13,62,0,0,40.9452
0,14,62,0,0,40.9398
0,15,62,0,0,40.9341
0,16,62,0,0,40.9282
0,17,62,0,0,40.922
0,18,62,0,0,40.9156
0,19,62,0,0,40.9088
0,20,62,0,0,40.9019
0,21,62,0,0,40.8947
0,22,62,0,0,40.8873
0,23,62,0,0,40.8796
0,24,62,0,0,40.8718
0,25,62,0,0,40.8637
0,26,62,0,0,40.8555
0,27,62,0,0,40.847
0,28,62,0,0,40.8385
0,29,62,0,0,40.8297
0,30,62,0,0,40.8208
0,31,62,0,0,40.8118
0,32,62,0,0,40.8026
0,33,62,0,0,40.7933
0,34,62,0,0,40.7839
0,35,62,0,0,40.7744
0,36,62,0,0,40.7648
0,37,62,0,0,40.7551
0,38,62,0,0,40.7454
0,39,62,0,0,40.7355
0,40,62,0,0,40.7257
0,41,62,0,0,40.7158
0,42,62,0,0,40.7058
0,43,62,0,0,40.6958
0,44,62,0,0,40.6858
0,45,62,0,0,40.6758
0,46,62,0,0,40.6658
0,47,62,0,0,40.6558
0,48,62,0,0,40.6458
0,49,62,0,0,40.6358
0,50,62,0,0,40.6258
0,51,62,0,0,40.6159
0,52,62,0,0,40.606
0,53,62,0,0,40.5962
0,54,62,0,0,40.5864
0,55,62,0,0,40.5767
0,56,62,0,0,40.567
0,57,62,0,0,40.5574
0,58,62,0,0,40.5479
0,59,62,0,0,40.5384
0,60,62,0,0,40.529
0,61,62,0,0,40.5197
0,62,62,0,0,40.5105
0,63,62,0,0,40.5014
0,64,62,0,6.09525e-06,40.4924
0,65,62,0,0,40.483
0,66,62,0,0,40.4738
0,67,62,0,0,40.4646
0,68,62,0,0,40.4555
0,69,62,0,0,40.4465
0,70,62,0,0,40.4377
0,71,62,0,0,40.4289
0,72,62,0,0,40.4203
0,73,62,0,0,40.4118
0,74,62,0,0,40.4034
0,75,62,0,0,40.3951
0,76,62,0,0,40.387
0,77,62,0,0,40.379
0,78,62,0,0,40.3711
0,79,62,0,0,40.3633
0,80,62,0,0,40.3556
0,81,62,0,0,40.3481
0,82,62,0,0,40.3407
0,83,62,0,0,40.3334
0,84,62,0,0,40.3262
0,85,62,0,0,40.3192
0,86,62,0,0,40.3122
0,87,62,0,0,40.3054
0,88,62,0,0,40.2988
0,89,62,0,0,40.2922
0,90,62,0,0,40.2858
0,91,62,0,0,40.2795
0,92,62,0,0,40.2733
0,93,62,0,0,40.2672
0,94,62,0,0,40.2612
0,95,62,0,0,40.2554
0,96,62,0,0,40.2497
0,97,62,0,0,40.2441
0,98,62,0,0,40.2386
0,99,62,0,0,40.2332
0,100,62,0,0,40.2279
0,101,62,0,0,40.2227
0,102,62,0,0,40.2177
0,103,62,0,0,40.2127
0,104,62,0,0,40.2079
0,105,62,0,0,40.2032
0,106,62,0,0,40.1985
0,107,62,0,0,40.194
0,108,62,0,0,40.1896
0,109,62,0,0,40.1853
0,110,62,0,0,40.1811
0,111,62,0,0,40.1769
0,112,62,0,0,40.1729
0,113,62,0,0,40.169
0,114,62,0,0,40.1651
0,115,62,0,0,40.1614
0,116,62,0,0,40.1578
0,117,62,0,0,40.1542
0,118,62,0,0,40.1507
0,119,62,0,0,40.1474
0,120,62,0,0,40.1441
0,121,62,0,0,40.1409
0,122,62,0,0,40.1378
0,123,62,0,0,40.1347
0,124,62,0,0,40.1318
0,125,62,0,0,40.1289
0,126,62,0,0,40.1261
0,127,62,0,0,40.1234
0,128,62,0,6.09525e-06,40.1208
0,129,62,0,0,40.1177
0,130,62,0,0,40.1148
0,131,62,0,0,40.1119
0,132,62,0,0,40.109
0,133,62,0,0,40.1063
0,134,62,0,0,40.1036
0,135,62,0,0,40.101
0,136,62,0,0,40.0985
0,137,62,0,0,40.096
0,138,62,0,0,40.0936
0,139,62,0,0,40.0912
0,140,62,0,0,40.0889
0,141,62,0,0,40.0867
0,142,62,0,0,40.0845
0,143,62,0,0,40.0824
0,144,62,0,0,40.0803
0,145,62,0,0,40.0783
0,146,62,0,0,40.0764
0,147,62,0,0,40.0745
0,148,62,0,0,40.0727
0,149,62,0,0,40.0709
0,150,62,0,0,40.0691
0,151,62,0,0,40.0674
0,152,62,0,0,40.0658
0,153,62,0,0,40.0642
0,154,62,0,0,40.0626
0,155,62,0,0,40.0611
0,156,62,0,0,40.0596
0,157,62,0,0,40.0582
0,158,62,0,0,40.0568
0,159,62,0,0,40.0555
0,160,62,0,0,40.0541
0,161,62,0,0,40.0529
0,162,62,0,0,40.0516
0,163,62,0,0,40.0505
0,164,62,0,0,40.0493
0,165,62,0,0,40.0482
0,166,62,0,0,40.0471
0,167,62,0,0,40.046
0,168,62,0,0,40.045
0,169,62,0,0,40.044
0,170,62,0,0,40.0431
0,171,62,0,0,40.0422
0,172,62,0,0,40.0413
0,173,62,0,0,40.0404
0,174,62,0,0,40.0396
0,175,62,0,0,40.0388
0,176,62,0,0,40.0381
0,177,62,0,0,40.0373
0,178,62,0,0,40.0366
0,179,62,0,0,40.0359
0,180,62,0,0,40.0353
0,181,62,0,0,40.0347
0,182,62,0,0,40.0341
0,183,62,0,0,40.0335
0,184,62,0,0,40.033
0,185,62,0,0,40.0325
0,186,62,0,0,40.032
0,187,62,0,0,40.0315
0,188,62,0,0,40.0311
0,189,62,0,0,40.0307
0,190,62,0,0,40.0303
0,191,62,0,0,40.0299
0,192,62,0,6.09525e-06,40.0296
0,193,62,0,0,40.0288
0,194,62,0,0,40.028
0,195,62,0,0,40.0273
0,196,62,0,0,40.0265
0,197,62,0,0,40.0258
0,198,62,0,0,40.0251
0,199,62,0,0,40.0245
0,200,62,0,0,40.0238
0,201,62,0,0,40.0232
0,202,62,0,0,40.0226
0,203,62,0,0,40.022
0,204,62,0,0,40.0215
0,205,62,0,0,40.0209
0,206,62,0,0,40.0204
0,207,62,0,0,40.0199
0,208,62,0,0,40.0194
0,209,62,0,0,40.0189
0,210,62,0,0,40.0184
0,211,62,0,0,40.018
0,212,62,0,0,40.0175
0,213,62,0,0,40.0171
0,214,62,0,0,40.0167
0,215,62,0,0,40.0163
0,216,62,0,0,40.0159
0,217,62,0,0,40.0156
0,218,62,0,0,40.0152
0,219,62,0,0,40.0149
0,220,62,0,0,40.0146
0,221,62,0,0,40.0142
0,222,62,0,0,40.0139
0,223,62,0,0,40.0136
0,224,62,0,0,40.0134
0,225,62,0,0,40.0131
0,226,62,0,0,40.0128
0,227,62,0,0,40.0126
0,228,62,0,0,40.0123
0,229,62,0,0,40.0121
0,230,62,0,0,40.0119
0,231,62,0,0,40.0117
0,232,62,0,0,40.0115
0,233,62,0,0,40.0113
0,234,62,0,0,40.0111
0,235,62,0,0,40.0109
0,236,62,0,0,40.0108
0,237,62,0,0,40.0106
0,238,62,0,0,40.0105
0,239,62,0,0,40.0103
0,240,62,0,0,40.0102
0,241,62,0,0,40.0101
0,242,62,0,0,40.0099
0,243,62,0,0,40.0098
0,244,62,0,0,40.0097
0,245,62,0,0,40.0097
0,246,62,0,0,40.0096
0,247,62,0,0,40.0095
0,248,62,0,0,40.0094
0,249,62,0,0,40.0094
0,250,62,0,0,40.0093
0,251,62,0,0,40.0093
0,252,62,0,0,40.0092
0,253,62,0,0,40.0092
0,254,62,0,0,40.0092
0,255,62,0,0,40.0092
0,0,63,0,6.09525e-06,40.9397
0,1,63,0,0,40.9385
0,2,63,0,0,40.9371
0,3,63,0,0,40.9353
0,4,63,0,0,40.9332
0,5,63,0,0,40.9308
0,6,63,0,0,40.9281
0,7,63,0,0,40.9251
0,8,63,0,0,40.9218
0,9,63,0,0,40.9182
0,10,63,0,0,40.9143
0,11,63,0,0,40.9101
0,12,63,0,0,40.9056
0,13,63,0,0,40.9009
0,14,63,0,0,40.8958
0,15,63,0,0,40.8905
0,16,63,0,0,40.885
0,17,63,0,0,40.8791
0,18,63,0,0,40.8731
0,19,63,0,0,40.8668
0,20,63,0,0,40.8602
0,21,63,0,0,40.8535
0,22,63,0,0,40.8465
0,23,63,0,0,40.8393
0,24,63,0,0,40.832
0,25,63,0,0,40.8244
0,26,63,0,0,40.8167
0,27,63,0,0,40.8088
0,28,63,0,0,40.8007
0,29,63,0,0,40.7925
0,30,63,0,0,40.7841
0,31,63,0,0,40.7756
0,32,63,0,0,40.767
0,33,63,0,0,40.7582
0,34,63,0,0,40.7494
0,35,63,0,0,40.7404
0,36,63,0,0,40.7314
0,37,63,0,0,40.7223
0,38,63,0,0,40.7131
0,39,63,0,0,40.7039
0,40,63,0,0,40.6946
0,41,63,0,0,40.6852
0,42,63,0,0,40.6758
0,43,63,0,0,40.6664
0,44,63,0,0,40.657
0,45,63,0,0,40.6475
0,46,63,0,0,40.6381
0,47,63,0,0,40.6286
0,48,63,0,0,40.6192
0,49,63,0,0,40.6098
0,50,63,0,0,40.6004
0,51,63,0,0,40.591
0,52,63,0,0,40.5816
0,53,63,0,0,40.5723
0,54,63,0,0,40.5631
0,55,63,0,0,40.5538
0,56,63,0,0,40.5447
0,57,63,0,0,40.5356
0,58,63,0,0,40.5266
0,59,63,0,0,40.5176
0,60,63,0,0,40.5087
0,61,63,0,0,40.4999
0,62,63,0,0,40.4912
0,63,63,0,0,40.4826
0,64,63,0,6.09525e-06,40.474
0,65,63,0,0,40.4651
0,66,63,0,0,40.4562
0,67,63,0,0,40.4475
0,68,63,0,0,40.4388
0,69,63,0,0,40.4303
0,70,63,0,0,40.4218
0,71,63,0,0,40.4135
0,72,63,0,0,40.4053
0,73,63,0,0,40.3971
0,74,63,0,0,40.3891
0,75,63,0,0,40.3812
0,76,63,0,0,40.3735
0,77,63,0,0,40.3658
0,78,63,0,0,40.3582
0,79,63,0,0,40.3508
0,80,63,0,0,40.3435
0,81,63,0,0,40.3363
0,82,63,0,0,40.3292
0,83,63,0,0,40.3222
0,84,63,0,0,40.3154
0,85,63,0,0,40.3086
0,86,63,0,0,40.302
0,87,63,0,0,40.2955
0,88,63,0,0,40.2891
0,89,63,0,0,40.2828
0,90,63,0,0,40.2766
0,91,63,0,0,40.2706
0,92,63,0,0,40.2646
0,93,63,0,0,40.2588
0,94,63,0,0,40.2531
0,95,63,0,0,40.2475
0,96,63,0,0,40.242
0,97,63,0,0,40.2366
0,98,63,0,0,40.2313
0,99,63,0,0,40.2261
0,100,63,0,0,40.2211
0,101,63,0,0,40.2161
0,102,63,0,0,40.2112
0,103,63,0,0,40.2065
0,104,63,0,0,40.2018
0,105,63,0,0,40.1973
0,106,63,0,0,40.1928
0,107,63,0,0,40.1885
0,108,63,0,0,40.1842
0,109,63,0,0,40.1801
0,110,63,0,0,40.176
0,111,63,0,0,40.172
0,112,63,0,0,40.1681
0,113,63,0,0,40.1644
0,114,63,0,0,40.1607
0,115,63,0,0,40.1571
0,116,63,0,0,40.1535
0,117,63,0,0,40.1501
0,118,63,0,0,40.1468
0,119,63,0,0,40.1435
0,120,63,0,0,40.1403
0,121,63,0,0,40.1373
0,122,63,0,0,40.1342
0,123,63,0,0,40.1313
0,124,63,0,0,40.1285
0,125,63,0,0,40.1257
0,126,63,0,0,40.123
0,127,63,0,0,40.1204
0,128,63,0,6.09525e-06,40.1179
0,129,63,0,0,40.1149
0,130,63,0,0,40.112
0,131,63,0,0,40.1092
0,132,63,0,0,40.1065
0,133,63,0,0,40.1038
0,134,63,0,0,40.1012
0,135,63,0,0,40.0987
0,136,63,0,0,40.0962
0,137,63,0,0,40.0938
0,138,63,0,0,40.0914
0,139,63,0,0,40.0892
0,140,63,0,0,40.0869
0,141,63,0,0,40.0848
0,142,63,0,0,40.0827
0,143,63,0,0,40.0806
0,144,63,0,0,40.0786
0,145,63,0,0,40.0766
0,146,63,0,0,40.0748
0,147,63,0,0,40.0729
0,148,63,0,0,40.0711
0,149,63,0,0,40.0694
0,150,63,0,0,40.0677
0,151,63,0,0,40.066
0,152,63,0,0,40.0644
0,153,63,0,0,40.0628
0,154,63,0,0,40.0613
0,155,63,0,0,40.0599
0,156,63,0,0,40.0584
0,157,63,0,0,40.057
0,158,63,0,0,40.0557
0,159,63,0,0,40.0544
0,160,63,0,0,40.0531
0,161,63,0,0,40.0519
0,162,63,0,0,40.0507
0,163,63,0,0,40.0495
0,164,63,0,0,40.0484
0,165,63,0,0,40.0473
0,166,63,0,0,40.0462
0,167,63,0,0,40.0452
0,168,63,0,0,40.0442
0,169,63,0,0,40.0433
0,170,63,0,0,40.0423
0,171,63,0,0,40.0414
0,172,63,0,0,40.0406
0,173,63,0,0,40.0397
0,174,63,0,0,40.0389
0,175,63,0,0,40.0382
0,176,63,0,0,40.0374
0,177,63,0,0,40.0367
0,178,63,0,0,40.036
0,179,63,0,0,40.0354
0,180,63,0,0,40.0347
0,181,63,0,0,40.0341
0,182,63,0,0,40.0336
0,183,63,0,0,40.033
0,184,63,0,0,40.0325
0,185,63,0,0,40.032
0,186,63,0,0,40.0315
0,187,63,0,0,40.0311
0,188,63,0,0,40.0306
0,189,63,0,0,40.0303
0,190,63,0,0,40.0299
0,191,63,0,0,40.0295
0,192,63,0,6.09525e-06,40.0292
0,193,63,0,0,40.0284
0,194,63,0,0,40.0277
0,195,63,0,0,40.0269
0,196,63,0,0,40.0262
0,197,63,0,0,40.0255
0,198,63,0,0,40.0248
0,199,63,0,0,40.0242
0,200,63,0,0,40.0235
0,201,63,0,0,40.0229
0,202,63,0,0,40.0223
0,203,63,0,0,40.0218
0,204,63,0,0,40.0212
0,205,63,0,0,40.0207
0,206,63,0,0,40.0201
0,207,63,0,0,40.0196
0,208,63,0,0,40.0191
0,209,63,0,0,40.0187
0,210,63,0,0,40.0182
0,211,63,0,0,40.0178
0,212,63,0,0,40.0173
0,213,63,0,0,40.0169
0,214,63,0,0,40.0165
0,215,63,0,0,40.0161
0,216,63,0,0,40.0158
0,217,63,0,0,40.0154
0,218,63,0,0,40.0151
0,219,63,0,0,40.0147
0,220,63,0,0,40.0144
0,221,63,0,0,40.0141
0,222,63,0,0,40.0138
0,223,63,0,0,40.0135
0,224,63,0,0,40.0132
0,225,63,0,0,40.0129
0,226,63,0,0,40.0127
0,227,63,0,0,40.0124
0,228,63,0,0,40.0122
0,229,63,0,0,40.012
0,230,63,0,0,40.0118
0,231,63,0,0,40.0116
0,232,63,0,0,40.0114
0,233,63,0,0,40.0112
0,234,63,0,0,40.011
0,235,63,0,0,40.0108
0,236,63,0,0,40.0107
0,237,63,0,0,40.0105
0,238,63,0,0,40.0104
0,239,63,0,0,40.0102
0,240,63,0,0,40.0101
0,241,63,0,0,40.01
0,242,63,0,0,40.0099
0,243,63,0,0,40.0097
0,244,63,0,0,40.0096
0,245,63,0,0,40.0096
0,246,63,0,0,40.0095
0,247,63,0,0,40.0094
0,248,63,0,0,40.0093
0,249,63,0,0,40.0093
0,250,63,0,0,40.0092
0,251,63,0,0,40.0092
0,252,63,0,0,40.0091
0,253,63,0,0,40.0091
0,254,63,0,0,40.0091
0,255,63,0,0,40.0091
0,0,64,0,6.09525e-06,40.8953
0,1,64,0,0,40.8942
0,2,64,0,0,40.8929
0,3,64,0,0,40.8912
0,4,64,0,0,40.8892
0,5,64,0,0,40.887
0,6,64,0,0,40.8844
0,7,64,0,0,40.8816
0,8,64,0,0,40.8784
0,9,64,0,0,40.8751
0,10,64,0,0,40.8714
0,11,64,0,0,40.8674
0,12,64,0,0,40.8632
0,13,64,0,0,40.8587
0,14,64,0,0,40.854
0,15,64,0,0,40.849
0,16,64,0,0,40.8438
0,17,64,0,0,40.8383
0,18,64,0,0,40.8327
0,19,64,0,0,40.8267
0,20,64,0,0,40.8206
0,21,64,0,0,40.8143
0,22,64,0,0,40.8077
0,23,64,0,0,40.801
0,24,64,0,0,40.7941
0,25,64,0,0,40.787
0,26,64,0,0,40.7797
0,27,64,0,0,40.7722
0,28,64,0,0,40.7647
0,29,64,0,0,40.7569
0,30,64,0,0,40.7491
0,31,64,0,0,40.7411
0,32,64,0,0,40.733
0,33,64,0,0,40.7247
0,34,64,0,0,40.7164
0,35,64,0,0,40.708
0,36,64,0,0,40.6995
0,37,64,0,0,40.6909
0,38,64,0,0,40.6823
0,39,64,0,0,40.6736
0,40,64,0,0,40.6648
0,41,64,0,0,40.656
0,42,64,0,0,40.6471
0,43,64,0,0,40.6383
0,44,64,0,0,40.6294
0,45,64,0,0,40.6205
0,46,64,0,0,40.6115
0,47,64,0,0,40.6026
0,48,64,0,0,40.5937
0,49,64,0,0,40.5848
0,50,64,0,0,40.5759
0,51,64,0,0,40.567
0,52,64,0,0,40.5582
0,53,64,0,0,40.5494
0,54,64,0,0,40.5406
0,55,64,0,0,40.5319
0,56,64,0,0,40.5232
0,57,64,0,0,40.5146
0,58,64,0,0,40.506
0,59,64,0,0,40.4976
0,60,64,0,0,40.4891
0,61,64,0,0,40.4808
0,62,64,0,0,40.4725
0,63,64,0,0,40.4643
0,64,64,0,6.09525e-06,40.4562
0,65,64,0,0,40.4477
0,66,64,0,0,40.4393
0,67,64,0,0,40.4309
0,68,64,0,0,40.4227
0,69,64,0,0,40.4146
0,70,64,0,0,40.4065
0,71,64,0,0,40.3986
0,72,64,0,0,40.3907
0,73,64,0,0,40.383
0,74,64,0,0,40.3753
0,75,64,0,0,40.3678
0,76,64,0,0,40.3604
0,77,64,0,0,40.353
0,78,64,0,0,40.3458
0,79,64,0,0,40.3387
0,80,64,0,0,40.3317
0,81,64,0,0,40.3248
0,82,64,0,0,40.318
0,83,64,0,0,40.3114
0,84,64,0,0,40.3048
0,85,64,0,0,40.2984
0,86,64,0,0,40.292
0,87,64,0,0,40.2858
0,88,64,0,0,40.2796
0,89,64,0,0,40.2736
0,90,64,0,0,40.2677
0,91,64,0,0,40.2619
0,92,64,0,0,40.2562
0,93,64,0,0,40.2506
0,94,64,0,0,40.2451
0,95,64,0,0,40.2397
0,96,64,0,0,40.2345
0,97,64,0,0,40.2293
0,98,64,0,0,40.2242
0,99,64,0,0,40.2192
0,100,64,0,0,40.2144
0,101,64,0,0,40.2096
0,102,64,0,0,40.2049
0,103,64,0,0,40.2004
0,104,64,0,0,40.1959
0,105,64,0,0,40.1915
0,106,64,0,0,40.1872
0,107,64,0,0,40.183
0,108,64,0,0,40.1789
0,109,64,0,0,40.1749
0,110,64,0,0,40.171
0,111,64,0,0,40.1672
0,112,64,0,0,40.1635
0,113,64,0,0,40.1598
0,114,64,0,0,40.1563
0,115,64,0,0,40.1528
0,116,64,0,0,40.1494
0,117,64,0,0,40.1461
0,118,64,0,0,40.1429
0,119,64,0,0,40.1397
0,120,64,0,0,40.1367
0,121,64,0,0,40.1337
0,122,64,0,0,40.1308
0,123,64,0,0,40.128
0,124,64,0,0,40.1252
0,125,64,0,0,40.1226
0,126,64,0,0,40.12
0,127,64,0,0,40.1175
0,128,64,0,6.09525e-06,40.115
0,129,64,0,0,40.1122
0,130,64,0,0,40.1094
0,131,64,0,0,40.1066
0,132,64,0,0,40.104
0,133,64,0,0,40.1014
0,134,64,0,0,40.0988
0,135,64,0,0,40.0964
0,136,64,0,0,40.094
0,137,64,0,0,40.0916
0,138,64,0,0,40.0894
0,139,64,0,0,40.0871
0,140,64,0,0,40.085
0,141,64,0,0,40.0829
0,142,64,0,0,40.0808
0,143,64,0,0,40.0788
0,144,64,0,0,40.0769
0,145,64,0,0,40.075
0,146,64,0,0,40.0731
0,147,64,0,0,40.0713
0,148,64,0,0,40.0696
0,149,64,0,0,40.0679
0,150,64,0,0,40.0662
0,151,64,0,0,40.0646
0,152,64,0,0,40.0631
0,153,64,0,0,40.0616
0,154,64,0,0,40.0601
0,155,64,0,0,40.0586
0,156,64,0,0,40.0572
0,157,64,0,0,40.0559
0,158,64,0,0,40.0546
0,159,64,0,0,40.0533
0,160,64,0,0,40.0521
0,161,64,0,0,40.0509
0,162,64,0,0,40.0497
0,163,64,0,0,40.0486
0,164,64,0,0,40.0475
0,165,64,0,0,40.0464
0,166,64,0,0,40.0454
0,167,64,0,0,40.0444
0,168,64,0,0,40.0434
0,169,64,0,0,40.0425
0,170,64,0,0,40.0416
0,171,64,0,0,40.0407
0,172,64,0,0,40.0399
0,173,64,0,0,40.0391
0,174,64,0,0,40.0383
0,175,64,0,0,40.0375
0,176,64,0,0,40.0368
0,177,64,0,0,40.0361
0,178,64,0,0,40.0354
0,179,64,0,0,40.0348
0,180,64,0,0,40.0342
0,181,64,0,0,40.0336
0,182,64,0,0,40.033
0,183,64,0,0,40.0325
0,184,64,0,0,40.032
0,185,64,0,0,40.0315
0,186,64,0,0,40.0311
0,187,64,0,0,40.0306
0,188,64,0,0,40.0302
0,189,64,0,0,40.0298
0,190,64,0,0,40.0295
0,191,64,0,0,40.0292
0,192,64,0,6.09525e-06,40.0289
0,193,64,0,0,40.0281
0,194,64,0,0,40.0273
0,195,64,0,0,40.0266
0,196,64,0,0,40.0259
0,197,64,0,0,40.0252
0,198,64,0,0,40.0245
0,199,64,0,0,40.0239
0,200,64,0,0,40.0233
0,201,64,0,0,40.0226
0,202,64,0,0,40.0221
0,203,64,0,0,40.0215
0,204,64,0,0,40.0209
0,205,64,0,0,40.0204
0,206,64,0,0,40.0199
0,207,64,0,0,40.0194
0,208,64,0,0,40.0189
0,209,64,0,0,40.0185
0,210,64,0,0,40.018
0,211,64,0,0,40.0176
0,212,64,0,0,40.0171
0,213,64,0,0,40.0167
0,214,64,0,0,40.0163
0,215,64,0,0,40.016
0,216,64,0,0,40.0156
0,217,64,0,0,40.0152
0,218,64,0,0,40.0149
0,219,64,0,0,40.0146
0,220,64,0,0,40.0142
0,221,64,0,0,40.0139
0,222,64,0,0,40.0136
0,223,64,0,0,40.0133
0,224,64,0,0,40.0131
0,225,64,0,0,40.0128
0,226,64,0,0,40.0126
0,227,64,0,0,40.0123
0,228,64,0,0,40.0121
0,229,64,0,0,40.0119
0,230,64,0,0,40.0116
0,231,64,0,0,40.0114
0,232,64,0,0,40.0112
0,233,64,0,0,40.0111
0,234,64,0,0,40.0109
0,235,64,0,0,40.0107
0,236,64,0,0,40.0105
0,237,64,0,0,40.0104
0,238,64,0,0,40.0102
0,239,64,0,0,40.0101
0,240,64,0,0,40.01
0,241,64,0,0,40.0099
0,242,64,0,0,40.0098
0,243,64,0,0,40.0096
0,244,64,0,0,40.0096
0,245,64,0,0,40.0095
0,246,64,0,0,40.0094
0,247,64,0,0,40.0093
0,248,64,0,0,40.0092
0,249,64,0,0,40.0092
0,250,64,0,0,40.0091
0,251,64,0,0,40.0091
0,252,64,0,0,40.0091
0,253,64,0,0,40.009
0,254,64,0,0,40.009
0,255,64,0,0,40.009
0,0,65,0,6.09525e-06,40.8533
0,1,65,0,0,40.8522
0,2,65,0,0,40.8509
0,3,65,0,0,40.8493
0,4,65,0,0,40.8474
0,5,65,0,0,40.8453
0,6,65,0,0,40.8429
0,7,65,0,0,40.8402
0,8,65,0,0,40.8373
0,9,65,0,0,40.8341
0,10,65,0,0,40.8306
0,11,65,0,0,40.8269
0,12,65,0,0,40.8229
0,13,65,0,0,40.8187
0,14,65,0,0,40.8143
0,15,65,0,0,40.8096
0,16,65,0,0,40.8047
0,17,65,0,0,40.7996
0,18,65,0,0,40.7942
0,19,65,0,0,40.7886
0,20,65,0,0,40.7829
0,21,65,0,0,40.7769
0,22,65,0,0,40.7708
0,23,65,0,0,40.7644
0,24,65,0,0,40.7579
0,25,65,0,0,40.7513
0,26,65,0,0,40.7444
0,27,65,0,0,40.7374
0,28,65,0,0,40.7303
0,29,65,0,0,40.7231
0,30,65,0,0,40.7157
0,31,65,0,0,40.7081
0,32,65,0,0,40.7005
0,33,65,0,0,40.6928
0,34,65,0,0,40.6849
0,35,65,0,0,40.677
0,36,65,0,0,40.669
0,37,65,0,0,40.6609
0,38,65,0,0,40.6528
0,39,65,0,0,40.6446
0,40,65,0,0,40.6363
0,41,65,0,0,40.628
0,42,65,0,0,40.6197
0,43,65,0,0,40.6113
0,44,65,0,0,40.6029
0,45,65,0,0,40.5945
0,46,65,0,0,40.5861
0,47,65,0,0,40.5776
0,48,65,0,0,40.5692
0,49,65,0,0,40.5608
0,50,65,0,0,40.5524
0,51,65,0,0,40.544
0,52,65,0,0,40.5356
0,53,65,0,0,40.5273
0,54,65,0,0,40.519
0,55,65,0,0,40.5108
0,56,65,0,0,40.5026
0,57,65,0,0,40.4944
0,58,65,0,0,40.4863
0,59,65,0,0,40.4783
0,60,65,0,0,40.4703
0,61,65,0,0,40.4624
0,62,65,0,0,40.4545
0,63,65,0,0,40.4468
0,64,65,0,6.09525e-06,40.4391
0,65,65,0,0,40.431
0,66,65,0,0,40.4229
0,67,65,0,0,40.415
0,68,65,0,0,40.4071
0,69,65,0,0,40.3994
0,70,65,0,0,40.3917
0,71,65,0,0,40.3841
0,72,65,0,0,40.3766
0,73,65,0,0,40.3693
0,74,65,0,0,40.362
0,75,65,0,0,40.3548
0,76,65,0,0,40.3477
0,77,65,0,0,40.3407
0,78,65,0,0,40.3338
0,79,65,0,0,40.327
0,80,65,0,0,40.3203
0,81,65,0,0,40.3137
0,82,65,0,0,40.3072
0,83,65,0,0,40.3009
0,84,65,0,0,40.2946
0,85,65,0,0,40.2884
0,86,65,0,0,40.2823
0,87,65,0,0,40.2763
0,88,65,0,0,40.2705
0,89,65,0,0,40.2647
0,90,65,0,0,40.259
0,91,65,0,0,40.2535
0,92,65,0,0,40.248
0,93,65,0,0,40.2426
0,94,65,0,0,40.2374
0,95,65,0,0,40.2322
0,96,65,0,0,40.2272
0,97,65,0,0,40.2222
0,98,65,0,0,40.2173
0,99,65,0,0,40.2125
0,100,65,0,0,40.2079
0,101,65,0,0,40.2033
0,102,65,0,0,40.1988
0,103,65,0,0,40.1944
0,104,65,0,0,40.1901
0,105,65,0,0,40.1859
0,106,65,0,0,40.1818
0,107,65,0,0,40.1777
0,108,65,0,0,40.1738
0,109,65,0,0,40.17
0,110,65,0,0,40.1662
0,111,65,0,0,40.1625
0,112,65,0,0,40.1589
0,113,65,0,0,40.1554
0,114,65,0,0,40.152
0,115,65,0,0,40.1486
0,116,65,0,0,40.1454
0,117,65,0,0,40.1422
0,118,65,0,0,40.1391
0,119,65,0,0,40.1361
0,120,65,0,0,40.1331
0,121,65,0,0,40.1302
0,122,65,0,0,40.1274
0,123,65,0,0,40.1247
0,124,65,0,0,40.1221
0,125,65,0,0,40.1195
0,126,65,0,0,40.117
0,127,65,0,0,40.1146
0,128,65,0,6.09525e-06,40.1122
0,129,65,0,0,40.1094
0,130,65,0,0,40.1067
0,131,65,0,0,40.1041
0,132,65,0,0,40.1015
0,133,65,0,0,40.099
0,134,65,0,0,40.0965
0,135,65,0,0,40.0941
0,136,65,0,0,40.0918
0,137,65,0,0,40.0895
0,138,65,0,0,40.0873
0,139,65,0,0,40.0851
0,140,65,0,0,40.083
0,141,65,0,0,40.081
0,142,65,0,0,40.079
0,143,65,0,0,40.0771
0,144,65,0,0,40.0752
0,145,65,0,0,40.0733
0,146,65,0,0,40.0715
0,147,65,0,0,40.0698
0,148,65,0,0,40.0681
0,149,65,0,0,40.0664
0,150,65,0,0,40.0648
0,151,65,0,0,40.0633
0,152,65,0,0,40.0618
0,153,65,0,0,40.0603
0,154,65,0,0,40.0588
0,155,65,0,0,40.0574
0,156,65,0,0,40.0561
0,157,65,0,0,40.0548
0,158,65,0,0,40.0535
0,159,65,0,0,40.0522
0,160,65,0,0,40.051
0,161,65,0,0,40.0499
0,162,65,0,0,40.0487
0,163,65,0,0,40.0476
0,164,65,0,0,40.0466
0,165,65,0,0,40.0455
0,166,65,0,0,40.0445
0,167,65,0,0,40.0436
0,168,65,0,0,40.0426
0,169,65,0,0,40.0417
0,170,65,0,0,40.0408
0,171,65,0,0,40.04
0,172,65,0,0,40.0392
0,173,65,0,0,40.0384
0,174,65,0,0,40.0376
0,175,65,0,0,40.0369
0,176,65,0,0,40.0362
0,177,65,0,0,40.0355
0,178,65,0,0,40.0349
0,179,65,0,0,40.0343
0,180,65,0,0,40.0337
0,181,65,0,0,40.0331
0,182,65,0,0,40.0325
0,183,65,0,0,40.032
0,184,65,0,0,40.0315
0,185,65,0,0,40.0311
0,186,65,0,0,40.0306
0,187,65,0,0,40.0302
0,188,65,0,0,40.0298
0,189,65,0,0,40.0294
0,190,65,0,0,40.0291
0,191,65,0,0,40.0288
0,192,65,0,6.09525e-06,40.0285
0,193,65,0,0,40.0277
0,194,65,0,0,40.027
0,195,65,0,0,40.0262
0,196,65,0,0,40.0255
0,197,65,0,0,40.0249
0,198,65,0,0,40.0242
0,199,65,0,0,40.0236
0,200,65,0,0,40.023
0,201,65,0,0,40.0224
0,202,65,0,0,40.0218
0,203,65,0,0,40.0212
0,204,65,0,0,40.0207
0,205,65,0,0,40.0202
0,206,65,0,0,40.0197
0,207,65,0,0,40.0192
0,208,65,0,0,40.0187
0,209,65,0,0,40.0182
0,210,65,0,0,40.0178
0,211,65,0,0,40.0174
0,212,65,0,0,40.0169
0,213,65,0,0,40.0165
0,214,65,0,0,40.0161
0,215,65,0,0,40.0158
0,216,65,0,0,40.0154
0,217,65,0,0,40.0151
0,218,65,0,0,40.0147
0,219,65,0,0,40.0144
0,220,65,0,0,40.0141
0,221,65,0,0,40.0138
0,222,65,0,0,40.0135
0,223,65,0,0,40.0132
0,224,65,0,0,40.0129
0,225,65,0,0,40.0127
0,226,65,0,0,40.0124
0,227,65,0,0,40.0122
0,228,65,0,0,40.0119
0,229,65,0,0,40.0117
0,230,65,0,0,40.0115
0,231,65,0,0,40.0113
0,232,65,0,0,40.0111
0,233,65,0,0,40.0109
0,234,65,0,0,40.0108
0,235,65,0,0,40.0106
0,236,65,0,0,40.0104
0,237,65,0,0,40.0103
0,238,65,0,0,40.0101
0,239,65,0,0,40.01
0,240,65,0,0,40.0099
0,241,65,0,0,40.0098
0,242,65,0,0,40.0097
0,243,65,0,0,40.0096
0,244,65,0,0,40.0095
0,245,65,0,0,40.0094
0,246,65,0,0,40.0093
0,247,65,0,0,40.0092
0,248,65,0,0,40.0092
0,249,65,0,0,40.0091
0,250,65,0,0,40.009
0,251,65,0,0,40.009
0,252,65,0,0,40.009
0,253,65,0,0,40.0089
0,254,65,0,0,40.0089
0,255,65,0,0,40.0089
0,0,66,0,6.09525e-06,40.8133
0,1,66,0,0,40.8123
0,2,66,0,0,40.811
0,3,66,0,0,40.8095
0,4,66,0,0,40.8077
0,5,66,0,0,40.8057
0,6,66,0,0,40.8034
0,7,66,0,0,40.8009
0,8,66,0,0,40.7981
0,9,66,0,0,40.7951
0,10,66,0,0,40.7918
0,11,66,0,0,40.7883
0,12,66,0,0,40.7846
0,13,66,0,0,40.7807
0,14,66,0,0,40.7765
0,15,66,0,0,40.7721
0,16,66,0,0,40.7675
0,17,66,0,0,40.7626
0,18,66,0,0,40.7576
0,19,66,0,0,40.7524
0,20,66,0,0,40.747
0,21,66,0,0,40.7414
0,22,66,0,0,40.7356
0,23,66,0,0,40.7297
0,24,66,0,0,40.7235
0,25,66,0,0,40.7173
0,26,66,0,0,40.7108
0,27,66,0,0,40.7043
0,28,66,0,0,40.6976
0,29,66,0,0,40.6907
0,30,66,0,0,40.6838
0,31,66,0,0,40.6767
0,32,66,0,0,40.6695
0,33,66,0,0,40.6622
0,34,66,0,0,40.6549
0,35,66,0,0,40.6474
0,36,66,0,0,40.6399
0,37,66,0,0,40.6323
0,38,66,0,0,40.6246
0,39,66,0,0,40.6169
0,40,66,0,0,40.6091
0,41,66,0,0,40.6012
0,42,66,0,0,40.5934
0,43,66,0,0,40.5855
0,44,66,0,0,40.5775
0,45,66,0,0,40.5696
0,46,66,0,0,40.5617
0,47,66,0,0,40.5537
0,48,66,0,0,40.5457
0,49,66,0,0,40.5378
0,50,66,0,0,40.5298
0,51,66,0,0,40.5219
0,52,66,0,0,40.514
0,53,66,0,0,40.5061
0,54,66,0,0,40.4983
0,55,66,0,0,40.4905
0,56,66,0,0,40.4827
0,57,66,0,0,40.475
0,58,66,0,0,40.4673
0,59,66,0,0,40.4597
0,60,66,0,0,40.4521
0,61,66,0,0,40.4446
0,62,66,0,0,40.4372
0,63,66,0,0,40.4298
0,64,66,0,6.09525e-06,40.4225
0,65,66,0,0,40.4148
0,66,66,0,0,40.4072
0,67,66,0,0,40.3996
0,68,66,0,0,40.3921
0,69,66,0,0,40.3847
0,70,66,0,0,40.3774
0,71,66,0,0,40.3702
0,72,66,0,0,40.3631
0,73,66,0,0,40.356
0,74,66,0,0,40.3491
0,75,66,0,0,40.3422
0,76,66,0,0,40.3354
0,77,66,0,0,40.3287
0,78,66,0,0,40.3221
0,79,66,0,0,40.3157
0,80,66,0,0,40.3093
0,81,66,0,0,40.303
0,82,66,0,0,40.2968
0,83,66,0,0,40.2907
0,84,66,0,0,40.2846
0,85,66,0,0,40.2787
0,86,66,0,0,40.2729
0,87,66,0,0,40.2672
0,88,66,0,0,40.2616
0,89,66,0,0,40.2561
0,90,66,0,0,40.2506
0,91,66,0,0,40.2453
0,92,66,0,0,40.24
0,93,66,0,0,40.2349
0,94,66,0,0,40.2299
0,95,66,0,0,40.2249
0,96,66,0,0,40.22
0,97,66,0,0,40.2153
0,98,66,0,0,40.2106
0,99,66,0,0,40.206
0,100,66,0,0,40.2015
0,101,66,0,0,40.1971
0,102,66,0,0,40.1928
0,103,66,0,0,40.1886
0,104,66,0,0,40.1845
0,105,66,0,0,40.1804
0,106,66,0,0,40.1765
0,107,66,0,0,40.1726
0,108,66,0,0,40.1688
0,109,66,0,0,40.1651
0,110,66,0,0,40.1615
0,111,66,0,0,40.1579
0,112,66,0,0,40.1545
0,113,66,0,0,40.1511
0,114,66,0,0,40.1478
0,115,66,0,0,40.1446
0,116,66,0,0,40.1414
0,117,66,0,0,40.1383
0,118,66,0,0,40.1354
0,119,66,0,0,40.1324
0,120,66,0,0,40.1296
0,121,66,0,0,40.1268
0,122,66,0,0,40.1241
0,123,66,0,0,40.1215
0,124,66,0,0,40.119
0,125,66,0,0,40.1165
0,126,66,0,0,40.1141
0,127,66,0,0,40.1118
0,128,66,0,6.09525e-06,40.1095
0,129,66,0,0,40.1068
0,130,66,0,0,40.1041
0,131,66,0,0,40.1016
0,132,66,0,0,40.0991
0,133,66,0,0,40.0966
0,134,66,0,0,40.0942
0,135,66,0,0,40.0919
0,136,66,0,0,40.0897
0,137,66,0,0,40.0874
0,138,66,0,0,40.0853
0,139,66,0,0,40.0832
0,140,66,0,0,40.0812
0,141,66,0,0,40.0792
0,142,66,0,0,40.0772
0,143,66,0,0,40.0753
0,144,66,0,0,40.0735
0,145,66,0,0,40.0717
0,146,66,0,0,40.07
0,147,66,0,0,40.0683
0,148,66,0,0,40.0666
0,149,66,0,0,40.065
0,150,66,0,0,40.0635
0,151,66,0,0,40.0619
0,152,66,0,0,40.0605
0,153,66,0,0,40.059
0,154,66,0,0,40.0576
0,155,66,0,0,40.0563
0,156,66,0,0,40.0549
0,157,66,0,0,40.0537
0,158,66,0,0,40.0524
0,159,66,0,0,40.0512
0,160,66,0,0,40.05
0,161,66,0,0,40.0489
0,162,66,0,0,40.0478
0,163,66,0,0,40.0467
0,164,66,0,0,40.0457
0,165,66,0,0,40.0447
0,166,66,0,0,40.0437
0,167,66,0,0,40.0428
0,168,66,0,0,40.0418
0,169,66,0,0,40.041
0,170,66,0,0,40.0401
0,171,66,0,0,40.0393
0,172,66,0,0,40.0385
0,173,66,0,0,40.0377
0,174,66,0,0,40.037
0,175,66,0,0,40.0363
0,176,66,0,0,40.0356
0,177,66,0,0,40.0349
0,178,66,0,0,40.0343
0,179,66,0,0,40.0337
0,180,66,0,0,40.0331
0,181,66,0,0,40.0326
0,182,66,0,0,40.032
0,183,66,0,0,40.0315
0,184,66,0,0,40.0311
0,185,66,0,0,40.0306
0,186,66,0,0,40.0302
0,187,66,0,0,40.0298
0,188,66,0,0,40.0294
0,189,66,0,0,40.029
0,190,66,0,0,40.0287
0,191,66,0,0,40.0284
0,192,66,0,6.09525e-06,40.0281
0,193,66,0,0,40.0274
0,194,66,0,0,40.0266
0,195,66,0,0,40.0259
0,196,66,0,0,40.0252
0,197,66,0,0,40.0246
0,198,66,0,0,40.0239
0,199,66,0,0,40.0233
0,200,66,0,0,40.0227
0,201,66,0,0,40.0221
0,202,66,0,0,40.0215
0,203,66,0,0,40.021
0,204,66,0,0,40.0204
0,205,66,0,0,40.0199
0,206,66,0,0,40.0194
0,207,66,0,0,40.0189
0,208,66,0,0,40.0185
0,209,66,0,0,40.018
0,210,66,0,0,40.0176
0,211,66,0,0,40.0172
0,212,66,0,0,40.0167
0,213,66,0,0,40.0163
0,214,66,0,0,40.016
0,215,66,0,0,40.0156
0,216,66,0,0,40.0152
0,217,66,0,0,40.0149
0,218,66,0,0,40.0146
0,219,66,0,0,40.0142
0,220,66,0,0,40.0139
0,221,66,0,0,40.0136
0,222,66,0,0,40.0133
0,223,66,0,0,40.0131
0,224,66,0,0,40.0128
0,225,66,0,0,40.0125
0,226,66,0,0,40.0123
0,227,66,0,0,40.012
0,228,66,0,0,40.0118
0,229,66,0,0,40.0116
0,230,66,0,0,40.0114
0,231,66,0,0,40.0112
0,232,66,0,0,40.011
0,233,66,0,0,40.0108
0,234,66,0,0,40.0106
0,235,66,0,0,40.0105
0,236,66,0,0,40.0103
0,237,66,0,0,40.0102
0,238,66,0,0,40.01
0,239,66,0,0,40.0099
0,240,66,0,0,40.0098
0,241,66,0,0,40.0097
0,242,66,0,0,40.0096
0,243,66,0,0,40.0095
0,244,66,0,0,40.0094
0,245,66,0,0,40.0093
0,246,66,0,0,40.0092
0,247,66,0,0,40.0091
0,248,66,0,0,40.0091
0,249,66,0,0,40.009
0,250,66,0,0,40.009
0,251,66,0,0,40.0089
0,252,66,0,0,40.0089
0,253,66,0,0,40.0089
0,254,66,0,0,40.0088
0,255,66,0,0,40.0088
0,0,67,0,6.09525e-06,40.7753
0,1,67,0,0,40.7744
0,2,67,0,0,40.7732
0,3,67,0,0,40.7717
0,4,67,0,0,40.77
0,5,67,0,0,40.7681
0,6,67,0,0,40.7659
0,7,67,0,0,40.7635
0,8,67,0,0,40.7609
0,9,67,0,0,40.7581
0,10,67,0,0,40.755
0,11,67,0,0,40.7517
0,12,67,0,0,40.7482
0,13,67,0,0,40.7445
0,14,67,0,0,40.7406
0,15,67,0,0,40.7364
0,16,67,0,0,40.7321
0,17,67,0,0,40.7275
0,18,67,0,0,40.7228
0,19,67,0,0,40.7179
0,20,67,0,0,40.7128
0,21,67,0,0,40.7075
0,22,67,0,0,40.7021
0,23,67,0,0,40.6965
0,24,67,0,0,40.6908
0,25,67,0,0,40.6849
0,26,67,0,0,40.6788
0,27,67,0,0,40.6727
0,28,67,0,0,40.6663
0,29,67,0,0,40.6599
0,30,67,0,0,40.6534
0,31,67,0,0,40.6467
0,32,67,0,0,40.64
0,33,67,0,0,40.6331
0,34,67,0,0,40.6262
0,35,67,0,0,40.6191
0,36,67,0,0,40.612
0,37,67,0,0,40.6049
0,38,67,0,0,40.5976
0,39,67,0,0,40.5903
0,40,67,0,0,40.583
0,41,67,0,0,40.5756
0,42,67,0,0,40.5682
0,43,67,0,0,40.5607
0,44,67,0,0,40.5533
0,45,67,0,0,40.5458
0,46,67,0,0,40.5383
0,47,67,0,0,40.5307
0,48,67,0,0,40.5232
0,49,67,0,0,40.5157
0,50,67,0,0,40.5082
0,51,67,0,0,40.5007
0,52,67,0,0,40.4932
0,53,67,0,0,40.4858
0,54,67,0,0,40.4784
0,55,67,0,0,40.471
0,56,67,0,0,40.4636
0,57,67,0,0,40.4563
0,58,67,0,0,40.449
0,59,67,0,0,40.4418
0,60,67,0,0,40.4346
0,61,67,0,0,40.4275
0,62,67,0,0,40.4205
0,63,67,0,0,40.4135
0,64,67,0,6.09525e-06,40.4066
0,65,67,0,0,40.3992
0,66,67,0,0,40.392
0,67,67,0,0,40.3848
0,68,67,0,0,40.3776
0,69,67,0,0,40.3706
0,70,67,0,0,40.3636
0,71,67,0,0,40.3567
0,72,67,0,0,40.3499
0,73,67,0,0,40.3432
0,74,67,0,0,40.3366
0,75,67,0,0,40.33
0,76,67,0,0,40.3235
0,77,67,0,0,40.3172
0,78,67,0,0,40.3109
0,79,67,0,0,40.3047
0,80,67,0,0,40.2986
0,81,67,0,0,40.2925
0,82,67,0,0,40.2866
0,83,67,0,0,40.2808
0,84,67,0,0,40.275
0,85,67,0,0,40.2694
0,86,67,0,0,40.2638
0,87,67,0,0,40.2583
0,88,67,0,0,40.2529
0,89,67,0,0,40.2476
0,90,67,0,0,40.2424
0,91,67,0,0,40.2373
0,92,67,0,0,40.2323
0,93,67,0,0,40.2274
0,94,67,0,0,40.2225
0,95,67,0,0,40.2178
0,96,67,0,0,40.2131
0,97,67,0,0,40.2086
0,98,67,0,0,40.2041
0,99,67,0,0,40.1997
0,100,67,0,0,40.1954
0,101,67,0,0,40.1911
0,102,67,0,0,40.187
0,103,67,0,0,40.1829
0,104,67,0,0,40.179
0,105,67,0,0,40.1751
0,106,67,0,0,40.1713
0,107,67,0,0,40.1675
0,108,67,0,0,40.1639
0,109,67,0,0,40.1603
0,110,67,0,0,40.1568
0,111,67,0,0,40.1534
0,112,67,0,0,40.1501
0,113,67,0,0,40.1468
0,114,67,0,0,40.1437
0,115,67,0,0,40.1406
0,116,67,0,0,40.1375
0,117,67,0,0,40.1346
0,118,67,0,0,40.1317
0,119,67,0,0,40.1289
0,120,67,0,0,40.1262
0,121,67,0,0,40.1235
0,122,67,0,0,40.1209
0,123,67,0,0,40.1184
0,124,67,0,0,40.1159
0,125,67,0,0,40.1136
0,126,67,0,0,40.1112
0,127,67,0,0,40.109
0,128,67,0,6.09525e-06,40.1068
0,129,67,0,0,40.1042
0,130,67,0,0,40.1016
0,131,67,0,0,40.0991
0,132,67,0,0,40.0967
0,133,67,0,0,40.0943
0,134,67,0,0,40.092
0,135,67,0,0,40.0897
0,136,67,0,0,40.0875
0,137,67,0,0,40.0854
0,138,67,0,0,40.0833
0,139,67,0,0,40.0813
0,140,67,0,0,40.0793
0,141,67,0,0,40.0774
0,142,67,0,0,40.0755
0,143,67,0,0,40.0736
0,144,67,0,0,40.0719
0,145,67,0,0,40.0701
0,146,67,0,0,40.0684
0,147,67,0,0,40.0668
0,148,67,0,0,40.0652
0,149,67,0,0,40.0636
0,150,67,0,0,40.0621
0,151,67,0,0,40.0606
0,152,67,0,0,40.0592
0,153,67,0,0,40.0578
0,154,67,0,0,40.0564
0,155,67,0,0,40.0551
0,156,67,0,0,40.0538
0,157,67,0,0,40.0526
0,158,67,0,0,40.0514
0,159,67,0,0,40.0502
0,160,67,0,0,40.049
0,161,67,0,0,40.0479
0,162,67,0,0,40.0469
0,163,67,0,0,40.0458
0,164,67,0,0,40.0448
0,165,67,0,0,40.0438
0,166,67,0,0,40.0429
0,167,67,0,0,40.042
0,168,67,0,0,40.0411
0,169,67,0,0,40.0402
0,170,67,0,0,40.0394
0,171,67,0,0,40.0386
0,172,67,0,0,40.0378
0,173,67,0,0,40.0371
0,174,67,0,0,40.0364
0,175,67,0,0,40.0357
0,176,67,0,0,40.035
0,177,67,0,0,40.0344
0,178,67,0,0,40.0337
0,179,67,0,0,40.0332
0,180,67,0,0,40.0326
0,181,67,0,0,40.0321
0,182,67,0,0,40.0315
0,183,67,0,0,40.0311
0,184,67,0,0,40.0306
0,185,67,0,0,40.0302
0,186,67,0,0,40.0297
0,187,67,0,0,40.0294
0,188,67,0,0,40.029
0,189,67,0,0,40.0286
0,190,67,0,0,40.0283
0,191,67,0,0,40.028
0,192,67,0,6.09525e-06,40.0278
0,193,67,0,0,40.027
0,194,67,0,0,40.0263
0,195,67,0,0,40.0256
0,196,67,0,0,40.0249
0,197,67,0,0,40.0243
0,198,67,0,0,40.0236
0,199,67,0,0,40.023
0,200,67,0,0,40.0224
0,201,67,0,0,40.0218
0,202,67,0,0,40.0213
0,203,67,0,0,40.0207
0,204,67,0,0,40.0202
0,205,67,0,0,40.0197
0,206,67,0,0,40.0192
0,207,67,0,0,40.0187
0,208,67,0,0,40.0182
0,209,67,0,0,40.0178
0,210,67,0,0,40.0174
0,211,67,0,0,40.017
0,212,67,0,0,40.0165
0,213,67,0,0,40.0162
0,214,67,0,0,40.0158
0,215,67,0,0,40.0154
0,216,67,0,0,40.0151
0,217,67,0,0,40.0147
0,218,67,0,0,40.0144
0,219,67,0,0,40.0141
0,220,67,0,0,40.0138
0,221,67,0,0,40.0135
0,222,67,0,0,40.0132
0,223,67,0,0,40.0129
0,224,67,0,0,40.0126
0,225,67,0,0,40.0124
0,226,67,0,0,40.0122
0,227,67,0,0,40.0119
0,228,67,0,0,40.0117
0,229,67,0,0,40.0115
0,230,67,0,0,40.0113
0,231,67,0,0,40.0111
0,232,67,0,0,40.0109
0,233,67,0,0,40.0107
0,234,67,0,0,40.0105
0,235,67,0,0,40.0104
0,236,67,0,0,40.0102
0,237,67,0,0,40.0101
0,238,67,0,0,40.0099
0,239,67,0,0,40.0098
0,240,67,0,0,40.0097
0,241,67,0,0,40.0096
0,242,67,0,0,40.0095
0,243,67,0,0,40.0094
0,244,67,0,0,40.0093
0,245,67,0,0,40.0092
0,246,67,0,0,40.0091
0,247,67,0,0,40.009
0,248,67,0,0,40.009
0,249,67,0,0,40.0089
0,250,67,0,0,40.0089
0,251,67,0,0,40.0088
0,252,67,0,0,40.0088
0,253,67,0,0,40.0088
0,254,67,0,0,40.0087
0,255,67,0,0,40.0087
0,0,68,0,6.09525e-06,40.7393
0,1,68,0,0,40.7384
0,2,68,0,0,40.7372
0,3,68,0,0,40.7358
0,4,68,0,0,40.7342
0,5,68,0,0,40.7324
0,6,68,0,0,40.7303
0,7,68,0,0,40.7281
0,8,68,0,0,40.7256
0,9,68,0,0,40.7229
0,10,68,0,0,40.72
0,11,68,0,0,40.7169
0,12,68,0,0,40.7136
0,13,68,0,0,40.7101
0,14,68,0,0,40.7064
0,15,68,0,0,40.7025
0,16,68,0,0,40.6984
0,17,68,0,0,40.6941
0,18,68,0,0,40.6897
0,19,68,0,0,40.6851
0,20,68,0,0,40.6803
0,21,68,0,0,40.6753
0,22,68,0,0,40.6702
0,23,68,0,0,40.665
0,24,68,0,0,40.6596
0,25,68,0,0,40.654
0,26,68,0,0,40.6483
0,27,68,0,0,40.6425
0,28,68,0,0,40.6366
0,29,68,0,0,40.6305
0,30,68,0,0,40.6244
0,31,68,0,0,40.6181
0,32,68,0,0,40.6117
0,33,68,0,0,40.6053
0,34,68,0,0,40.5987
0,35,68,0,0,40.5921
0,36,68,0,0,40.5854
0,37,68,0,0,40.5787
0,38,68,0,0,40.5719
0,39,68,0,0,40.565
0,40,68,0,0,40.5581
0,41,68,0,0,40.5511
0,42,68,0,0,40.5441
0,43,68,0,0,40.5371
0,44,68,0,0,40.53
0,45,68,0,0,40.5229
0,46,68,0,0,40.5158
0,47,68,0,0,40.5087
0,48,68,0,0,40.5016
0,49,68,0,0,40.4945
0,50,68,0,0,40.4874
0,51,68,0,0,40.4804
0,52,68,0,0,40.4733
0,53,68,0,0,40.4662
0,54,68,0,0,40.4592
0,55,68,0,0,40.4522
0,56,68,0,0,40.4453
0,57,68,0,0,40.4383
0,58,68,0,0,40.4315
0,59,68,0,0,40.4246
0,60,68,0,0,40.4178
0,61,68,0,0,40.4111
0,62,68,0,0,40.4044
0,63,68,0,0,40.3978
0,64,68,0,6.09525e-06,40.3912
0,65,68,0,0,40.3842
0,66,68,0,0,40.3773
0,67,68,0,0,40.3704
0,68,68,0,0,40.3636
0,69,68,0,0,40.3569
0,70,68,0,0,40.3503
0,71,68,0,0,40.3437
0,72,68,0,0,40.3372
0,73,68,0,0,40.3308
0,74,68,0,0,40.3245
0,75,68,0,0,40.3182
0,76,68,0,0,40.3121
0,77,68,0,0,40.306
0,78,68,0,0,40.3
0,79,68,0,0,40.294
0,80,68,0,0,40.2882
0,81,68,0,0,40.2824
0,82,68,0,0,40.2768
0,83,68,0,0,40.2712
0,84,68,0,0,40.2657
0,85,68,0,0,40.2603
0,86,68,0,0,40.2549
0,87,68,0,0,40.2497
0,88,68,0,0,40.2446
0,89,68,0,0,40.2395
0,90,68,0,0,40.2345
0,91,68,0,0,40.2296
0,92,68,0,0,40.2248
0,93,68,0,0,40.2201
0,94,68,0,0,40.2154
0,95,68,0,0,40.2109
0,96,68,0,0,40.2064
0,97,68,0,0,40.202
0,98,68,0,0,40.1977
0,99,68,0,0,40.1935
0,100,68,0,0,40.1893
0,101,68,0,0,40.1853
0,102,68,0,0,40.1813
0,103,68,0,0,40.1774
0,104,68,0,0,40.1736
0,105,68,0,0,40.1699
0,106,68,0,0,40.1662
0,107,68,0,0,40.1626
0,108,68,0,0,40.1591
0,109,68,0,0,40.1557
0,110,68,0,0,40.1523
0,111,68,0,0,40.1491
0,112,68,0,0,40.1459
0,113,68,0,0,40.1427
0,114,68,0,0,40.1397
0,115,68,0,0,40.1367
0,116,68,0,0,40.1338
0,117,68,0,0,40.1309
0,118,68,0,0,40.1282
0,119,68,0,0,40.1255
0,120,68,0,0,40.1228
0,121,68,0,0,40.1203
0,122,68,0,0,40.1178
0,123,68,0,0,40.1153
0,124,68,0,0,40.113
0,125,68,0,0,40.1107
0,126,68,0,0,40.1084
0,127,68,0,0,40.1063
0,128,68,0,6.09525e-06,40.1042
0,129,68,0,0,40.1016
0,130,68,0,0,40.0991
0,131,68,0,0,40.0967
0,132,68,0,0,40.0944
0,133,68,0,0,40.0921
0,134,68,0,0,40.0898
0,135,68,0,0,40.0876
0,136,68,0,0,40.0855
0,137,68,0,0,40.0834
0,138,68,0,0,40.0814
0,139,68,0,0,40.0794
0,140,68,0,0,40.0775
0,141,68,0,0,40.0756
0,142,68,0,0,40.0738
0,143,68,0,0,40.072
0,144,68,0,0,40.0702
0,145,68,0,0,40.0686
0,146,68,0,0,40.0669
0,147,68,0,0,40.0653
0,148,68,0,0,40.0638
0,149,68,0,0,40.0622
0,150,68,0,0,40.0608
0,151,68,0,0,40.0593
0,152,68,0,0,40.0579
0,153,68,0,0,40.0566
0,154,68,0,0,40.0552
0,155,68,0,0,40.054
0,156,68,0,0,40.0527
0,157,68,0,0,40.0515
0,158,68,0,0,40.0503
0,159,68,0,0,40.0492
0,160,68,0,0,40.0481
0,161,68,0,0,40.047
0,162,68,0,0,40.0459
0,163,68,0,0,40.0449
0,164,68,0,0,40.0439
0,165,68,0,0,40.043
0,166,68,0,0,40.0421
0,167,68,0,0,40.0412
0,168,68,0,0,40.0403
0,169,68,0,0,40.0395
0,170,68,0,0,40.0387
0,171,68,0,0,40.0379
0,172,68,0,0,40.0371
0,173,68,0,0,40.0364
0,174,68,0,0,40.0357
0,175,68,0,0,40.0351
0,176,68,0,0,40.0344
0,177,68,0,0,40.0338
0,178,68,0,0,40.0332
0,179,68,0,0,40.0326
0,180,68,0,0,40.0321
0,181,68,0,0,40.0316
0,182,68,0,0,40.0311
0,183,68,0,0,40.0306
0,184,68,0,0,40.0301
0,185,68,0,0,40.0297
0,186,68,0,0,40.0293
0,187,68,0,0,40.0289
0,188,68,0,0,40.0286
0,189,68,0,0,40.0283
0,190,68,0,0,40.0279
0,191,68,0,0,40.0277
0,192,68,0,6.09525e-06,40.0274
0,193,68,0,0,40.0267
0,194,68,0,0,40.026
0,195,68,0,0,40.0253
0,196,68,0,0,40.0246
0,197,68,0,0,40.0239
0,198,68,0,0,40.0233
0,199,68,0,0,40.0227
0,200,68,0,0,40.0221
0,201,68,0,0,40.0216
0,202,68,0,0,40.021
0,203,68,0,0,40.0205
0,204,68,0,0,40.0199
0,205,68,0,0,40.0194
0,206,68,0,0,40.019
0,207,68,0,0,40.0185
0,208,68,0,0,40.018
0,209,68,0,0,40.0176
0,210,68,0,0,40.0172
0,211,68,0,0,40.0168
0,212,68,0,0,40.0164
0,213,68,0,0,40.016
0,214,68,0,0,40.0156
0,215,68,0,0,40.0152
0,216,68,0,0,40.0149
0,217,68,0,0,40.0145
0,218,68,0,0,40.0142
0,219,68,0,0,40.0139
0,220,68,0,0,40.0136
0,221,68,0,0,40.0133
0,222,68,0,0,40.013
0,223,68,0,0,40.0128
0,224,68,0,0,40.0125
0,225,68,0,0,40.0123
0,226,68,0,0,40.012
0,227,68,0,0,40.0118
0,228,68,0,0,40.0116
0,229,68,0,0,40.0114
0,230,68,0,0,40.0112
0,231,68,0,0,40.011
0,232,68,0,0,40.0108
0,233,68,0,0,40.0106
0,234,68,0,0,40.0104
0,235,68,0,0,40.0103
0,236,68,0,0,40.0101
0,237,68,0,0,40.01
0,238,68,0,0,40.0098
0,239,68,0,0,40.0097
0,240,68,0,0,40.0096
0,241,68,0,0,40.0095
0,242,68,0,0,40.0094
0,243,68,0,0,40.0093
0,244,68,0,0,40.0092
0,245,68,0,0,40.0091
0,246,68,0,0,40.009
0,247,68,0,0,40.0089
0,248,68,0,0,40.0089
0,249,68,0,0,40.0088
0,250,68,0,0,40.0088
0,251,68,0,0,40.0087
0,252,68,0,0,40.0087
0,253,68,0,0,40.0087
0,254,68,0,0,40.0087
0,255,68,0,0,40.0086
0,0,69,0,6.09525e-06,40.705
0,1,69,0,0,40.7041
0,2,69,0,0,40.703
0,3,69,0,0,40.7017
0,4,69,0,0,40.7002
0,5,69,0,0,40.6984
0,6,69,0,0,40.6965
0,7,69,0,0,40.6943
0,8,69,0,0,40.692
0,9,69,0,0,40.6895
0,10,69,0,0,40.6867
0,11,69,0,0,40.6838
0,12,69,0,0,40.6807
0,13,69,0,0,40.6774
0,14,69,0,0,40.6739
0,15,69,0,0,40.6702
0,16,69,0,0,40.6664
0,17,69,0,0,40.6624
0,18,69,0,0,40.6582
0,19,69,0,0,40.6538
0,20,69,0,0,40.6493
0,21,69,0,0,40.6447
0,22,69,0,0,40.6399
0,23,69,0,0,40.6349
0,24,69,0,0,40.6298
0,25,69,0,0,40.6246
0,26,69,0,0,40.6192
0,27,69,0,0,40.6138
0,28,69,0,0,40.6082
0,29,69,0,0,40.6025
0,30,69,0,0,40.5967
0,31,69,0,0,40.5908
0,32,69,0,0,40.5848
0,33,69,0,0,40.5787
0,34,69,0,0,40.5726
0,35,69,0,0,40.5663
0,36,69,0,0,40.56
0,37,69,0,0,40.5537
0,38,69,0,0,40.5472
0,39,69,0,0,40.5407
0,40,69,0,0,40.5342
0,41,69,0,0,40.5276
0,42,69,0,0,40.521
0,43,69,0,0,40.5144
0,44,69,0,0,40.5077
0,45,69,0,0,40.5011
0,46,69,0,0,40.4944
0,47,69,0,0,40.4877
0,48,69,0,0,40.481
0,49,69,0,0,40.4742
0,50,69,0,0,40.4675
0,51,69,0,0,40.4608
0,52,69,0,0,40.4542
0,53,69,0,0,40.4475
0,54,69,0,0,40.4408
0,55,69,0,0,40.4342
0,56,69,0,0,40.4276
0,57,69,0,0,40.4211
0,58,69,0,0,40.4146
0,59,69,0,0,40.4081
0,60,69,0,0,40.4016
0,61,69,0,0,40.3953
0,62,69,0,0,40.3889
0,63,69,0,0,40.3827
0,64,69,0,6.09525e-06,40.3764
0,65,69,0,0,40.3698
0,66,69,0,0,40.3632
0,67,69,0,0,40.3566
0,68,69,0,0,40.3502
0,69,69,0,0,40.3438
0,70,69,0,0,40.3374
0,71,69,0,0,40.3312
0,72,69,0,0,40.325
0,73,69,0,0,40.3189
0,74,69,0,0,40.3128
0,75,69,0,0,40.3069
0,76,69,0,0,40.301
0,77,69,0,0,40.2951
0,78,69,0,0,40.2894
0,79,69,0,0,40.2837
0,80,69,0,0,40.2782
0,81,69,0,0,40.2727
0,82,69,0,0,40.2672
0,83,69,0,0,40.2619
0,84,69,0,0,40.2566
0,85,69,0,0,40.2515
0,86,69,0,0,40.2464
0,87,69,0,0,40.2414
0,88,69,0,0,40.2364
0,89,69,0,0,40.2316
0,90,69,0,0,40.2268
0,91,69,0,0,40.2221
0,92,69,0,0,40.2175
0,93,69,0,0,40.213
0,94,69,0,0,40.2085
0,95,69,0,0,40.2041
0,96,69,0,0,40.1999
0,97,69,0,0,40.1956
0,98,69,0,0,40.1915
0,99,69,0,0,40.1875
0,100,69,0,0,40.1835
0,101,69,0,0,40.1796
0,102,69,0,0,40.1758
0,103,69,0,0,40.172
0,104,69,0,0,40.1684
0,105,69,0,0,40.1648
0,106,69,0,0,40.1613
0,107,69,0,0,40.1578
0,108,69,0,0,40.1545
0,109,69,0,0,40.1512
0,110,69,0,0,40.1479
0,111,69,0,0,40.1448
0,112,69,0,0,40.1417
0,113,69,0,0,40.1387
0,114,69,0,0,40.1358
0,115,69,0,0,40.1329
0,116,69,0,0,40.1301
0,117,69,0,0,40.1273
0,118,69,0,0,40.1247
0,119,69,0,0,40.1221
0,120,69,0,0,40.1195
0,121,69,0,0,40.1171
0,122,69,0,0,40.1147
0,123,69,0,0,40.1123
0,124,69,0,0,40.1101
0,125,69,0,0,40.1078
0,126,69,0,0,40.1057
0,127,69,0,0,40.1036
0,128,69,0,6.09525e-06,40.1016
0,129,69,0,0,40.0991
0,130,69,0,0,40.0967
0,131,69,0,0,40.0944
0,132,69,0,0,40.0921
0,133,69,0,0,40.0898
0,134,69,0,0,40.0877
0,135,69,0,0,40.0855
0,136,69,0,0,40.0835
0,137,69,0,0,40.0814
0,138,69,0,0,40.0795
0,139,69,0,0,40.0776
0,140,69,0,0,40.0757
0,141,69,0,0,40.0739
0,142,69,0,0,40.0721
0,143,69,0,0,40.0704
0,144,69,0,0,40.0687
0,145,69,0,0,40.067
0,146,69,0,0,40.0654
0,147,69,0,0,40.0639
0,148,69,0,0,40.0624
0,149,69,0,0,40.0609
0,150,69,0,0,40.0594
0,151,69,0,0,40.058
0,152,69,0,0,40.0567
0,153,69,0,0,40.0554
0,154,69,0,0,40.0541
0,155,69,0,0,40.0528
0,156,69,0,0,40.0516
0,157,69,0,0,40.0504
0,158,69,0,0,40.0493
0,159,69,0,0,40.0482
0,160,69,0,0,40.0471
0,161,69,0,0,40.0461
0,162,69,0,0,40.045
0,163,69,0,0,40.044
0,164,69,0,0,40.0431
0,165,69,0,0,40.0422
0,166,69,0,0,40.0413
0,167,69,0,0,40.0404
0,168,69,0,0,40.0396
0,169,69,0,0,40.0388
0,170,69,0,0,40.038
0,171,69,0,0,40.0372
0,172,69,0,0,40.0365
0,173,69,0,0,40.0358
0,174,69,0,0,40.0351
0,175,69,0,0,40.0344
0,176,69,0,0,40.0338
0,177,69,0,0,40.0332
0,178,69,0,0,40.0326
0,179,69,0,0,40.0321
0,180,69,0,0,40.0316
0,181,69,0,0,40.0311
0,182,69,0,0,40.0306
0,183,69,0,0,40.0301
0,184,69,0,0,40.0297
0,185,69,0,0,40.0293
0,186,69,0,0,40.0289
0,187,69,0,0,40.0285
0,188,69,0,0,40.0282
0,189,69,0,0,40.0279
0,190,69,0,0,40.0276
0,191,69,0,0,40.0273
0,192,69,0,6.09525e-06,40.0271
0,193,69,0,0,40.0263
0,194,69,0,0,40.0256
0,195,69,0,0,40.0249
0,196,69,0,0,40.0243
0,197,69,0,0,40.0236
0,198,69,0,0,40.023
0,199,69,0,0,40.0224
0,200,69,0,0,40.0218
0,201,69,0,0,40.0213
0,202,69,0,0,40.0207
0,203,69,0,0,40.0202
0,204,69,0,0,40.0197
0,205,69,0,0,40.0192
0,206,69,0,0,40.0187
0,207,69,0,0,40.0183
0,208,69,0,0,40.0178
0,209,69,0,0,40.0174
0,210,69,0,0,40.017
0,211,69,0,0,40.0166
0,212,69,0,0,40.0162
0,213,69,0,0,40.0158
0,214,69,0,0,40.0154
0,215,69,0,0,40.0151
0,216,69,0,0,40.0147
0,217,69,0,0,40.0144
0,218,69,0,0,40.0141
0,219,69,0,0,40.0138
0,220,69,0,0,40.0135
0,221,69,0,0,40.0132
0,222,69,0,0,40.0129
0,223,69,0,0,40.0126
0,224,69,0,0,40.0124
0,225,69,0,0,40.0121
0,226,69,0,0,40.0119
0,227,69,0,0,40.0117
0,228,69,0,0,40.0114
0,229,69,0,0,40.0112
0,230,69,0,0,40.011
0,231,69,0,0,40.0108
0,232,69,0,0,40.0107
0,233,69,0,0,40.0105
0,234,69,0,0,40.0103
0,235,69,0,0,40.0102
0,236,69,0,0,40.01
0,237,69,0,0,40.0099
0,238,69,0,0,40.0097
0,239,69,0,0,40.0096
0,240,69,0,0,40.0095
0,241,69,0,0,40.0094
0,242,69,0,0,40.0093
0,243,69,0,0,40.0092
0,244,69,0,0,40.0091
0,245,69,0,0,40.009
0,246,69,0,0,40.0089
0,247,69,0,0,40.0089
0,248,69,0,0,40.0088
0,249,69,0,0,40.0087
0,250,69,0,0,40.0087
0,251,69,0,0,40.0087
0,252,69,0,0,40.0086
0,253,69,0,0,40.0086
0,254,69,0,0,40.0086
0,255,69,0,0,40.0086
0,0,70,0,6.09525e-06,40.6725
0,1,70,0,0,40.6716
0,2,70,0,0,40.6705
0,3,70,0,0,40.6693
0,4,70,0,0,40.6678
0,5,70,0,0,40.6662
0,6,70,0,0,40.6643
0,7,70,0,0,40.6623
0,8,70,0,0,40.6601
0,9,70,0,0,40.6577
0,10,70,0,0,40.6551
0,11,70,0,0,40.6523
0,12,70,0,0,40.6494
0,13,70,0,0,40.6463
0,14,70,0,0,40.643
0,15,70,0,0,40.6395
0,16,70,0,0,40.6359
0,17,70,0,0,40.6321
0,18,70,0,0,40.6282
0,19,70,0,0,40.6241
0,20,70,0,0,40.6198
0,21,70,0,0,40.6155
0,22,70,0,0,40.6109
0,23,70,0,0,40.6063
0,24,70,0,0,40.6015
0,25,70,0,0,40.5966
0,26,70,0,0,40.5915
0,27,70,0,0,40.5864
0,28,70,0,0,40.5811
0,29,70,0,0,40.5758
0,30,70,0,0,40.5703
0,31,70,0,0,40.5647
0,32,70,0,0,40.5591
0,33,70,0,0,40.5534
0,34,70,0,0,40.5476
0,35,70,0,0,40.5417
0,36,70,0,0,40.5357
0,37,70,0,0,40.5297
0,38,70,0,0,40.5237
0,39,70,0,0,40.5176
0,40,70,0,0,40.5114
0,41,70,0,0,40.5052
0,42,70,0,0,40.499
0,43,70,0,0,40.4927
0,44,70,0,0,40.4864
0,45,70,0,0,40.4801
0,46,70,0,0,40.4738
0,47,70,0,0,40.4675
0,48,70,0,0,40.4611
0,49,70,0,0,40.4548
0,50,70,0,0,40.4484
0,51,70,0,0,40.4421
0,52,70,0,0,40.4358
0,53,70,0,0,40.4295
0,54,70,0,0,40.4232
0,55,70,0,0,40.4169
0,56,70,0,0,40.4107
0,57,70,0,0,40.4045
0,58,70,0,0,40.3983
0,59,70,0,0,40.3922
0,60,70,0,0,40.3861
0,61,70,0,0,40.38
0,62,70,0,0,40.374
0,63,70,0,0,40.3681
0,64,70,0,6.09525e-06,40.3622
0,65,70,0,0,40.3558
0,66,70,0,0,40.3496
0,67,70,0,0,40.3433
0,68,70,0,0,40.3372
0,69,70,0,0,40.3311
0,70,70,0,0,40.325
0,71,70,0,0,40.3191
0,72,70,0,0,40.3132
0,73,70,0,0,40.3073
0,74,70,0,0,40.3016
0,75,70,0,0,40.2959
0,76,70,0,0,40.2902
0,77,70,0,0,40.2847
0,78,70,0,0,40.2792
0,79,70,0,0,40.2738
0,80,70,0,0,40.2685
0,81,70,0,0,40.2632
0,82,70,0,0,40.258
0,83,70,0,0,40.2529
0,84,70,0,0,40.2479
0,85,70,0,0,40.2429
0,86,70,0,0,40.2381
0,87,70,0,0,40.2333
0,88,70,0,0,40.2285
0,89,70,0,0,40.2239
0,90,70,0,0,40.2193
0,91,70,0,0,40.2148
0,92,70,0,0,40.2104
0,93,70,0,0,40.2061
0,94,70,0,0,40.2018
0,95,70,0,0,40.1976
0,96,70,0,0,40.1935
0,97,70,0,0,40.1895
0,98,70,0,0,40.1855
0,99,70,0,0,40.1816
0,100,70,0,0,40.1778
0,101,70,0,0,40.1741
0,102,70,0,0,40.1704
0,103,70,0,0,40.1668
0,104,70,0,0,40.1633
0,105,70,0,0,40.1598
0,106,70,0,0,40.1565
0,107,70,0,0,40.1532
0,108,70,0,0,40.1499
0,109,70,0,0,40.1467
0,110,70,0,0,40.1436
0,111,70,0,0,40.1406
0,112,70,0,0,40.1377
0,113,70,0,0,40.1348
0,114,70,0,0,40.1319
0,115,70,0,0,40.1292
0,116,70,0,0,40.1265
0,117,70,0,0,40.1238
0,118,70,0,0,40.1213
0,119,70,0,0,40.1188
0,120,70,0,0,40.1163
0,121,70,0,0,40.114
0,122,70,0,0,40.1117
0,123,70,0,0,40.1094
0,124,70,0,0,40.1072
0,125,70,0,0,40.1051
0,126,70,0,0,40.103
0,127,70,0,0,40.101
0,128,70,0,6.09525e-06,40.0991
0,129,70,0,0,40.0967
0,130,70,0,0,40.0943
0,131,70,0,0,40.0921
0,132,70,0,0,40.0898
0,133,70,0,0,40.0877
0,134,70,0,0,40.0855
0,135,70,0,0,40.0835
0,136,70,0,0,40.0815
0,137,70,0,0,40.0795
0,138,70,0,0,40.0776
0,139,70,0,0,40.0757
0,140,70,0,0,40.0739
0,141,70,0,0,40.0722
0,142,70,0,0,40.0704
0,143,70,0,0,40.0688
0,144,70,0,0,40.0671
0,145,70,0,0,40.0655
0,146,70,0,0,40.064
0,147,70,0,0,40.0625
0,148,70,0,0,40.061
0,149,70,0,0,40.0595
0,150,70,0,0,40.0582
0,151,70,0,0,40.0568
0,152,70,0,0,40.0555
0,153,70,0,0,40.0542
0,154,70,0,0,40.0529
0,155,70,0,0,40.0517
0,156,70,0,0,40.0505
0,157,70,0,0,40.0494
0,158,70,0,0,40.0483
0,159,70,0,0,40.0472
0,160,70,0,0,40.0462
0,161,70,0,0,40.0451
0,162,70,0,0,40.0441
0,163,70,0,0,40.0432
0,164,70,0,0,40.0423
0,165,70,0,0,40.0414
0,166,70,0,0,40.0405
0,167,70,0,0,40.0396
0,168,70,0,0,40.0388
0,169,70,0,0,40.038
0,170,70,0,0,40.0373
0,171,70,0,0,40.0365
0,172,70,0,0,40.0358
0,173,70,0,0,40.0351
0,174,70,0,0,40.0345
0,175,70,0,0,40.0339
0,176,70,0,0,40.0332
0,177,70,0,0,40.0327
0,178,70,0,0,40.0321
0,179,70,0,0,40.0316
0,180,70,0,0,40.0311
0,181,70,0,0,40.0306
0,182,70,0,0,40.0301
0,183,70,0,0,40.0297
0,184,70,0,0,40.0292
0,185,70,0,0,40.0288
0,186,70,0,0,40.0285
0,187,70,0,0,40.0281
0,188,70,0,0,40.0278
0,189,70,0,0,40.0275
0,190,70,0,0,40.0272
0,191,70,0,0,40.0269
0,192,70,0,6.09525e-06,40.0267
0,193,70,0,0,40.026
0,194,70,0,0,40.0253
0,195,70,0,0,40.0246
0,196,70,0,0,40.024
0,197,70,0,0,40.0233
0,198,70,0,0,40.0227
0,199,70,0,0,40.0221
0,200,70,0,0,40.0216
0,201,70,0,0,40.021
0,202,70,0,0,40.0205
0,203,70,0,0,40.02
0,204,70,0,0,40.0195
0,205,70,0,0,40.019
0,206,70,0,0,40.0185
0,207,70,0,0,40.018
0,208,70,0,0,40.0176
0,209,70,0,0,40.0172
0,210,70,0,0,40.0168
0,211,70,0,0,40.0164
0,212,70,0,0,40.016
0,213,70,0,0,40.0156
0,214,70,0,0,40.0152
0,215,70,0,0,40.0149
0,216,70,0,0,40.0145
0,217,70,0,0,40.0142
0,218,70,0,0,40.0139
0,219,70,0,0,40.0136
0,220,70,0,0,40.0133
0,221,70,0,0,40.013
0,222,70,0,0,40.0127
0,223,70,0,0,40.0125
0,224,70,0,0,40.0122
0,225,70,0,0,40.012
0,226,70,0,0,40.0118
0,227,70,0,0,40.0115
0,228,70,0,0,40.0113
0,229,70,0,0,40.0111
0,230,70,0,0,40.0109
0,231,70,0,0,40.0107
0,232,70,0,0,40.0105
0,233,70,0,0,40.0104
0,234,70,0,0,40.0102
0,235,70,0,0,40.01
0,236,70,0,0,40.0099
0,237,70,0,0,40.0098
0,238,70,0,0,40.0096
0,239,70,0,0,40.0095
0,240,70,0,0,40.0094
0,241,70,0,0,40.0093
0,242,70,0,0,40.0092
0,243,70,0,0,40.0091
0,244,70,0,0,40.009
0,245,70,0,0,40.0089
0,246,70,0,0,40.0088
0,247,70,0,0,40.0088
0,248,70,0,0,40.0087
0,249,70,0,0,40.0087
0,250,70,0,0,40.0086
0,251,70,0,0,40.0086
0,252,70,0,0,40.0085
0,253,70,0,0,40.0085
0,254,70,0,0,40.0085
0,255,70,0,0,40.0085
0,0,71,0,6.09525e-06,40.6416
0,1,71,0,0,40.6407
0,2,71,0,0,40.6397
0,3,71,0,0,40.6385
0,4,71,0,0,40.6371
0,5,71,0,0,40.6355
0,6,71,0,0,40.6337
0,7,71,0,0,40.6318
0,8,71,0,0,40.6297
0,9,71,0,0,40.6275
0,10,71,0,0,40.625
0,11,71,0,0,40.6224
0,12,71,0,0,40.6196
0,13,71,0,0,40.6167
0,14,71,0,0,40.6136
0,15,71,0,0,40.6103
0,16,71,0,0,40.6069
0,17,71,0,0,40.6033
0,18,71,0,0,40.5996
0,19,71,0,0,40.5958
0,20,71,0,0,40.5918
0,21,71,0,0,40.5876
0,22,71,0,0,40.5834
0,23,71,0,0,40.579
0,24,71,0,0,40.5745
0,25,71,0,0,40.5699
0,26,71,0,0,40.5651
0,27,71,0,0,40.5603
0,28,71,0,0,40.5553
0,29,71,0,0,40.5503
0,30,71,0,0,40.5451
0,31,71,0,0,40.5399
0,32,71,0,0,40.5346
0,33,71,0,0,40.5292
0,34,71,0,0,40.5237
0,35,71,0,0,40.5182
0,36,71,0,0,40.5126
0,37,71,0,0,40.5069
0,38,71,0,0,40.5012
0,39,71,0,0,40.4954
0,40,71,0,0,40.4896
0,41,71,0,0,40.4838
0,42,71,0,0,40.4779
0,43,71,0,0,40.472
0,44,71,0,0,40.466
0,45,71,0,0,40.4601
0,46,71,0,0,40.4541
0,47,71,0,0,40.4481
0,48,71,0,0,40.4421
0,49,71,0,0,40.4361
0,50,71,0,0,40.4301
0,51,71,0,0,40.4241
0,52,71,0,0,40.4182
0,53,71,0,0,40.4122
0,54,71,0,0,40.4063
0,55,71,0,0,40.4003
0,56,71,0,0,40.3944
0,57,71,0,0,40.3885
0,58,71,0,0,40.3827
0,59,71,0,0,40.3769
0,60,71,0,0,40.3711
0,61,71,0,0,40.3654
0,62,71,0,0,40.3597
0,63,71,0,0,40.3541
0,64,71,0,6.09525e-06,40.3485
0,65,71,0,0,40.3424
0,66,71,0,0,40.3364
0,67,71,0,0,40.3305
0,68,71,0,0,40.3246
0,69,71,0,0,40.3188
0,70,71,0,0,40.3131
0,71,71,0,0,40.3074
0,72,71,0,0,40.3017
0,73,71,0,0,40.2962
0,74,71,0,0,40.2907
0,75,71,0,0,40.2852
0,76,71,0,0,40.2799
0,77,71,0,0,40.2746
0,78,71,0,0,40.2693
0,79,71,0,0,40.2642
0,80,71,0,0,40.2591
0,81,71,0,0,40.2541
0,82,71,0,0,40.2491
0,83,71,0,0,40.2442
0,84,71,0,0,40.2394
0,85,71,0,0,40.2347
0,86,71,0,0,40.23
0,87,71,0,0,40.2254
0,88,71,0,0,40.2209
0,89,71,0,0,40.2165
0,90,71,0,0,40.2121
0,91,71,0,0,40.2078
0,92,71,0,0,40.2035
0,93,71,0,0,40.1994
0,94,71,0,0,40.1953
0,95,71,0,0,40.1913
0,96,71,0,0,40.1873
0,97,71,0,0,40.1835
0,98,71,0,0,40.1797
0,99,71,0,0,40.1759
0,100,71,0,0,40.1723
0,101,71,0,0,40.1687
0,102,71,0,0,40.1652
0,103,71,0,0,40.1617
0,104,71,0,0,40.1583
0,105,71,0,0,40.155
0,106,71,0,0,40.1518
0,107,71,0,0,40.1486
0,108,71,0,0,40.1455
0,109,71,0,0,40.1425
0,110,71,0,0,40.1395
0,111,71,0,0,40.1366
0,112,71,0,0,40.1337
0,113,71,0,0,40.1309
0,114,71,0,0,40.1282
0,115,71,0,0,40.1256
0,116,71,0,0,40.123
0,117,71,0,0,40.1204
0,118,71,0,0,40.118
0,119,71,0,0,40.1156
0,120,71,0,0,40.1132
0,121,71,0,0,40.1109
0,122,71,0,0,40.1087
0,123,71,0,0,40.1065
0,124,71,0,0,40.1044
0,125,71,0,0,40.1024
0,126,71,0,0,40.1004
0,127,71,0,0,40.0985
0,128,71,0,6.09525e-06,40.0966
0,129,71,0,0,40.0943
0,130,71,0,0,40.092
0,131,71,0,0,40.0898
0,132,71,0,0,40.0876
0,133,71,0,0,40.0855
0,134,71,0,0,40.0835
0,135,71,0,0,40.0815
0,136,71,0,0,40.0795
0,137,71,0,0,40.0776
0,138,71,0,0,40.0758
0,139,71,0,0,40.074
0,140,71,0,0,40.0722
0,141,71,0,0,40.0705
0,142,71,0,0,40.0688
0,143,71,0,0,40.0672
0,144,71,0,0,40.0656
0,145,71,0,0,40.064
0,146,71,0,0,40.0625
0,147,71,0,0,40.0611
0,148,71,0,0,40.0596
0,149,71,0,0,40.0582
0,150,71,0,0,40.0569
0,151,71,0,0,40.0556
0,152,71,0,0,40.0543
0,153,71,0,0,40.053
0,154,71,0,0,40.0518
0,155,71,0,0,40.0506
0,156,71,0,0,40.0495
0,157,71,0,0,40.0484
0,158,71,0,0,40.0473
0,159,71,0,0,40.0462
0,160,71,0,0,40.0452
0,161,71,0,0,40.0442
0,162,71,0,0,40.0433
0,163,71,0,0,40.0423
0,164,71,0,0,40.0414
0,165,71,0,0,40.0406
0,166,71,0,0,40.0397
0,167,71,0,0,40.0389
0,168,71,0,0,40.0381
0,169,71,0,0,40.0373
0,170,71,0,0,40.0366
0,171,71,0,0,40.0359
0,172,71,0,0,40.0352
0,173,71,0,0,40.0345
0,174,71,0,0,40.0339
0,175,71,0,0,40.0333
0,176,71,0,0,40.0327
0,177,71,0,0,40.0321
0,178,71,0,0,40.0316
0,179,71,0,0,40.0311
0,180,71,0,0,40.0306
0,181,71,0,0,40.0301
0,182,71,0,0,40.0296
0,183,71,0,0,40.0292
0,184,71,0,0,40.0288
0,185,71,0,0,40.0284
0,186,71,0,0,40.0281
0,187,71,0,0,40.0277
0,188,71,0,0,40.0274
0,189,71,0,0,40.0271
0,190,71,0,0,40.0268
0,191,71,0,0,40.0266
0,192,71,0,6.09525e-06,40.0264
0,193,71,0,0,40.0257
0,194,71,0,0,40.025
0,195,71,0,0,40.0243
0,196,71,0,0,40.0237
0,197,71,0,0,40.0231
0,198,71,0,0,40.0225
0,199,71,0,0,40.0219
0,200,71,0,0,40.0213
0,201,71,0,0,40.0208
0,202,71,0,0,40.0202
0,203,71,0,0,40.0197
0,204,71,0,0,40.0192
0,205,71,0,0,40.0187
0,206,71,0,0,40.0183
0,207,71,0,0,40.0178
0,208,71,0,0,40.0174
0,209,71,0,0,40.017
0,210,71,0,0,40.0166
0,211,71,0,0,40.0162
0,212,71,0,0,40.0158
0,213,71,0,0,40.0154
0,214,71,0,0,40.0151
0,215,71,0,0,40.0147
0,216,71,0,0,40.0144
0,217,71,0,0,40.0141
0,218,71,0,0,40.0137
0,219,71,0,0,40.0134
0,220,71,0,0,40.0132
0,221,71,0,0,40.0129
0,222,71,0,0,40.0126
0,223,71,0,0,40.0123
0,224,71,0,0,40.0121
0,225,71,0,0,40.0119
0,226,71,0,0,40.0116
0,227,71,0,0,40.0114
0,228,71,0,0,40.0112
0,229,71,0,0,40.011
0,230,71,0,0,40.0108
0,231,71,0,0,40.0106
0,232,71,0,0,40.0104
0,233,71,0,0,40.0103
0,234,71,0,0,40.0101
0,235,71,0,0,40.0099
0,236,71,0,0,40.0098
0,237,71,0,0,40.0097
0,238,71,0,0,40.0095
0,239,71,0,0,40.0094
0,240,71,0,0,40.0093
0,241,71,0,0,40.0092
0,242,71,0,0,40.0091
0,243,71,0,0,40.009
0,244,71,0,0,40.0089
0,245,71,0,0,40.0088
0,246,71,0,0,40.0087
0,247,71,0,0,40.0087
0,248,71,0,0,40.0086
0,249,71,0,0,40.0086
0,250,71,0,0,40.0085
0,251,71,0,0,40.0085
0,252,71,0,0,40.0084
0,253,71,0,0,40.0084
0,254,71,0,0,40.0084
0,255,71,0,0,40.0084
0,0,72,0,6.09525e-06,40.6122
0,1,72,0,0,40.6114
0,2,72,0,0,40.6104
0,3,72,0,0,40.6092
0,4,72,0,0,40.6079
0,5,72,0,0,40.6064
0,6,72,0,0,40.6047
0,7,72,0,0,40.6029
0,8,72,0,0,40.6009
0,9,72,0,0,40.5987
0,10,72,0,0,40.5964
0,11,72,0,0,40.5939
0,12,72,0,0,40.5913
0,13,72,0,0,40.5885
0,14,72,0,0,40.5856
0,15,72,0,0,40.5825
0,16,72,0,0,40.5793
0,17,72,0,0,40.576
0,18,72,0,0,40.5725
0,19,72,0,0,40.5688
0,20,72,0,0,40.5651
0,21,72,0,0,40.5612
0,22,72,0,0,40.5572
0,23,72,0,0,40.553
0,24,72,0,0,40.5488
0,25,72,0,0,40.5444
0,26,72,0,0,40.5399
0,27,72,0,0,40.5354
0,28,72,0,0,40.5307
0,29,72,0,0,40.526
0,30,72,0,0,40.5211
0,31,72,0,0,40.5162
0,32,72,0,0,40.5112
0,33,72,0,0,40.5061
0,34,72,0,0,40.5009
0,35,72,0,0,40.4957
0,36,72,0,0,40.4904
0,37,72,0,0,40.4851
0,38,72,0,0,40.4797
0,39,72,0,0,40.4742
0,40,72,0,0,40.4688
0,41,72,0,0,40.4632
0,42,72,0,0,40.4577
0,43,72,0,0,40.4521
0,44,72,0,0,40.4465
0,45,72,0,0,40.4409
0,46,72,0,0,40.4352
0,47,72,0,0,40.4296
0,48,72,0,0,40.4239
0,49,72,0,0,40.4183
0,50,72,0,0,40.4126
0,51,72,0,0,40.4069
0,52,72,0,0,40.4013
0,53,72,0,0,40.3956
0,54,72,0,0,40.39
0,55,72,0,0,40.3844
0,56,72,0,0,40.3788
0,57,72,0,0,40.3732
0,58,72,0,0,40.3677
0,59,72,0,0,40.3622
0,60,72,0,0,40.3567
0,61,72,0,0,40.3513
0,62,72,0,0,40.3459
0,63,72,0,0,40.3406
0,64,72,0,6.09525e-06,40.3353
0,65,72,0,0,40.3295
0,66,72,0,0,40.3238
0,67,72,0,0,40.3182
0,68,72,0,0,40.3126
0,69,72,0,0,40.307
0,70,72,0,0,40.3015
0,71,72,0,0,40.2961
0,72,72,0,0,40.2907
0,73,72,0,0,40.2854
0,74,72,0,0,40.2802
0,75,72,0,0,40.275
0,76,72,0,0,40.2699
0,77,72,0,0,40.2648
0,78,72,0,0,40.2598
0,79,72,0,0,40.2549
0,80,72,0,0,40.25
0,81,72,0,0,40.2452
0,82,72,0,0,40.2405
0,83,72,0,0,40.2358
0,84,72,0,0,40.2312
0,85,72,0,0,40.2267
0,86,72,0,0,40.2222
0,87,72,0,0,40.2178
0,88,72,0,0,40.2135
0,89,72,0,0,40.2092
0,90,72,0,0,40.205
0,91,72,0,0,40.2009
0,92,72,0,0,40.1969
0,93,72,0,0,40.1929
0,94,72,0,0,40.189
0,95,72,0,0,40.1851
0,96,72,0,0,40.1813
0,97,72,0,0,40.1776
0,98,72,0,0,40.174
0,99,72,0,0,40.1704
0,100,72,0,0,40.1669
0,101,72,0,0,40.1635
0,102,72,0,0,40.1601
0,103,72,0,0,40.1568
0,104,72,0,0,40.1535
0,105,72,0,0,40.1503
0,106,72,0,0,40.1472
0,107,72,0,0,40.1442
0,108,72,0,0,40.1412
0,109,72,0,0,40.1383
0,110,72,0,0,40.1354
0,111,72,0,0,40.1326
0,112,72,0,0,40.1299
0,113,72,0,0,40.1272
0,114,72,0,0,40.1246
0,115,72,0,0,40.122
0,116,72,0,0,40.1195
0,117,72,0,0,40.1171
0,118,72,0,0,40.1147
0,119,72,0,0,40.1124
0,120,72,0,0,40.1102
0,121,72,0,0,40.108
0,122,72,0,0,40.1058
0,123,72,0,0,40.1037
0,124,72,0,0,40.1017
0,125,72,0,0,40.0997
0,126,72,0,0,40.0978
0,127,72,0,0,40.096
0,128,72,0,6.09525e-06,40.0942
0,129,72,0,0,40.0919
0,130,72,0,0,40.0897
0,131,72,0,0,40.0876
0,132,72,0,0,40.0855
0,133,72,0,0,40.0835
0,134,72,0,0,40.0815
0,135,72,0,0,40.0795
0,136,72,0,0,40.0776
0,137,72,0,0,40.0758
0,138,72,0,0,40.074
0,139,72,0,0,40.0722
0,140,72,0,0,40.0705
0,141,72,0,0,40.0689
0,142,72,0,0,40.0672
0,143,72,0,0,40.0656
0,144,72,0,0,40.0641
0,145,72,0,0,40.0626
0,146,72,0,0,40.0611
0,147,72,0,0,40.0597
0,148,72,0,0,40.0583
0,149,72,0,0,40.057
0,150,72,0,0,40.0556
0,151,72,0,0,40.0544
0,152,72,0,0,40.0531
0,153,72,0,0,40.0519
0,154,72,0,0,40.0507
0,155,72,0,0,40.0496
0,156,72,0,0,40.0485
0,157,72,0,0,40.0474
0,158,72,0,0,40.0463
0,159,72,0,0,40.0453
0,160,72,0,0,40.0443
0,161,72,0,0,40.0433
0,162,72,0,0,40.0424
0,163,72,0,0,40.0415
0,164,72,0,0,40.0406
0,165,72,0,0,40.0398
0,166,72,0,0,40.039
0,167,72,0,0,40.0382
0,168,72,0,0,40.0374
0,169,72,0,0,40.0366
0,170,72,0,0,40.0359
0,171,72,0,0,40.0352
0,172,72,0,0,40.0346
0,173,72,0,0,40.0339
0,174,72,0,0,40.0333
0,175,72,0,0,40.0327
0,176,72,0,0,40.0321
0,177,72,0,0,40.0316
0,178,72,0,0,40.0311
0,179,72,0,0,40.0305
0,180,72,0,0,40.0301
0,181,72,0,0,40.0296
0,182,72,0,0,40.0292
0,183,72,0,0,40.0288
0,184,72,0,0,40.0284
0,185,72,0,0,40.028
0,186,72,0,0,40.0276
0,187,72,0,0,40.0273
0,188,72,0,0,40.027
0,189,72,0,0,40.0267
0,190,72,0,0,40.0265
0,191,72,0,0,40.0262
0,192,72,0,6.09525e-06,40.026
0,193,72,0,0,40.0253
0,194,72,0,0,40.0247
0,195,72,0,0,40.024
0,196,72,0,0,40.0234
0,197,72,0,0,40.0228
0,198,72,0,0,40.0222
0,199,72,0,0,40.0216
0,200,72,0,0,40.021
0,201,72,0,0,40.0205
0,202,72,0,0,40.02
0,203,72,0,0,40.0195
0,204,72,0,0,40.019
0,205,72,0,0,40.0185
0,206,72,0,0,40.0181
0,207,72,0,0,40.0176
0,208,72,0,0,40.0172
0,209,72,0,0,40.0168
0,210,72,0,0,40.0164
0,211,72,0,0,40.016
0,212,72,0,0,40.0156
0,213,72,0,0,40.0152
0,214,72,0,0,40.0149
0,215,72,0,0,40.0145
0,216,72,0,0,40.0142
0,217,72,0,0,40.0139
0,218,72,0,0,40.0136
0,219,72,0,0,40.0133
0,220,72,0,0,40.013
0,221,72,0,0,40.0127
0,222,72,0,0,40.0125
0,223,72,0,0,40.0122
0,224,72,0,0,40.012
0,225,72,0,0,40.0117
0,226,72,0,0,40.0115
0,227,72,0,0,40.0113
0,228,72,0,0,40.0111
0,229,72,0,0,40.0109
0,230,72,0,0,40.0107
0,231,72,0,0,40.0105
0,232,72,0,0,40.0103
0,233,72,0,0,40.0102
0,234,72,0,0,40.01
0,235,72,0,0,40.0098
0,236,72,0,0,40.0097
0,237,72,0,0,40.0096
0,238,72,0,0,40.0094
0,239,72,0,0,40.0093
0,240,72,0,0,40.0092
0,241,72,0,0,40.0091
0,242,72,0,0,40.009
0,243,72,0,0,40.0089
0,244,72,0,0,40.0088
0,245,72,0,0,40.0087
0,246,72,0,0,40.0087
0,247,72,0,0,40.0086
0,248,72,0,0,40.0085
0,249,72,0,0,40.0085
0,250,72,0,0,40.0084
0,251,72,0,0,40.0084
0,252,72,0,0,40.0084
0,253,72,0,0,40.0083
0,254,72,0,0,40.0083
0,255,72,0,0,40.0083
0,0,73,0,6.09525e-06,40.5843
0,1,73,0,0,40.5834
0,2,73,0,0,40.5825
0,3,73,0,0,40.5814
0,4,73,0,0,40.5801
0,5,73,0,0,40.5787
0,6,73,0,0,40.5771
0,7,73,0,0,40.5753
0,8,73,0,0,40.5734
0,9,73,0,0,40.5714
0,10,73,0,0,40.5692
0,11,73,0,0,40.5669
0,12,73,0,0,40.5644
0,13,73,0,0,40.5618
0,14,73,0,0,40.559
0,15,73,0,0,40.5561
0,16,73,0,0,40.5531
0,17,73,0,0,40.5499
0,18,73,0,0,40.5466
0,19,73,0,0,40.5432
0,20,73,0,0,40.5396
0,21,73,0,0,40.536
0,22,73,0,0,40.5322
0,23,73,0,0,40.5283
0,24,73,0,0,40.5243
0,25,73,0,0,40.5202
0,26,73,0,0,40.516
0,27,73,0,0,40.5117
0,28,73,0,0,40.5073
0,29,73,0,0,40.5028
0,30,73,0,0,40.4982
0,31,73,0,0,40.4935
0,32,73,0,0,40.4888
0,33,73,0,0,40.484
0,34,73,0,0,40.4792
0,35,73,0,0,40.4742
0,36,73,0,0,40.4693
0,37,73,0,0,40.4642
0,38,73,0,0,40.4591
0,39,73,0,0,40.454
0,40,73,0,0,40.4488
0,41,73,0,0,40.4436
0,42,73,0,0,40.4384
0,43,73,0,0,40.4331
0,44,73,0,0,40.4278
0,45,73,0,0,40.4225
0,46,73,0,0,40.4172
0,47,73,0,0,40.4118
0,48,73,0,0,40.4065
0,49,73,0,0,40.4011
0,50,73,0,0,40.3958
0,51,73,0,0,40.3904
0,52,73,0,0,40.3851
0,53,73,0,0,40.3797
0,54,73,0,0,40.3744
0,55,73,0,0,40.3691
0,56,73,0,0,40.3638
0,57,73,0,0,40.3585
0,58,73,0,0,40.3533
0,59,73,0,0,40.3481
0,60,73,0,0,40.3429
0,61,73,0,0,40.3378
0,62,73,0,0,40.3327
0,63,73,0,0,40.3276
0,64,73,0,6.09525e-06,40.3226
0,65,73,0,0,40.3171
0,66,73,0,0,40.3117
0,67,73,0,0,40.3063
0,68,73,0,0,40.3009
0,69,73,0,0,40.2957
0,70,73,0,0,40.2904
0,71,73,0,0,40.2853
0,72,73,0,0,40.2801
0,73,73,0,0,40.2751
0,74,73,0,0,40.2701
0,75,73,0,0,40.2651
0,76,73,0,0,40.2602
0,77,73,0,0,40.2554
0,78,73,0,0,40.2506
0,79,73,0,0,40.2459
0,80,73,0,0,40.2413
0,81,73,0,0,40.2367
0,82,73,0,0,40.2321
0,83,73,0,0,40.2277
0,84,73,0,0,40.2233
0,85,73,0,0,40.2189
0,86,73,0,0,40.2147
0,87,73,0,0,40.2105
0,88,73,0,0,40.2063
0,89,73,0,0,40.2023
0,90,73,0,0,40.1982
0,91,73,0,0,40.1943
0,92,73,0,0,40.1904
0,93,73,0,0,40.1866
0,94,73,0,0,40.1828
0,95,73,0,0,40.1792
0,96,73,0,0,40.1755
0,97,73,0,0,40.172
0,98,73,0,0,40.1685
0,99,73,0,0,40.1651
0,100,73,0,0,40.1617
0,101,73,0,0,40.1584
0,102,73,0,0,40.1551
0,103,73,0,0,40.152
0,104,73,0,0,40.1488
0,105,73,0,0,40.1458
0,106,73,0,0,40.1428
0,107,73,0,0,40.1399
0,108,73,0,0,40.137
0,109,73,0,0,40.1342
0,110,73,0,0,40.1315
0,111,73,0,0,40.1288
0,112,73,0,0,40.1261
0,113,73,0,0,40.1236
0,114,73,0,0,40.1211
0,115,73,0,0,40.1186
0,116,73,0,0,40.1162
0,117,73,0,0,40.1139
0,118,73,0,0,40.1116
0,119,73,0,0,40.1094
0,120,73,0,0,40.1072
0,121,73,0,0,40.1051
0,122,73,0,0,40.103
0,123,73,0,0,40.101
0,124,73,0,0,40.0991
0,125,73,0,0,40.0972
0,126,73,0,0,40.0953
0,127,73,0,0,40.0935
0,128,73,0,6.09525e-06,40.0918
0,129,73,0,0,40.0896
0,130,73,0,0,40.0875
0,131,73,0,0,40.0854
0,132,73,0,0,40.0834
0,133,73,0,0,40.0814
0,134,73,0,0,40.0795
0,135,73,0,0,40.0776
0,136,73,0,0,40.0758
0,137,73,0,0,40.074
0,138,73,0,0,40.0722
0,139,73,0,0,40.0705
0,140,73,0,0,40.0689
0,141,73,0,0,40.0673
0,142,73,0,0,40.0657
0,143,73,0,0,40.0641
0,144,73,0,0,40.0626
0,145,73,0,0,40.0612
0,146,73,0,0,40.0598
0,147,73,0,0,40.0584
0,148,73,0,0,40.057
0,149,73,0,0,40.0557
0,150,73,0,0,40.0544
0,151,73,0,0,40.0532
0,152,73,0,0,40.052
0,153,73,0,0,40.0508
0,154,73,0,0,40.0496
0,155,73,0,0,40.0485
0,156,73,0,0,40.0474
0,157,73,0,0,40.0464
0,158,73,0,0,40.0454
0,159,73,0,0,40.0444
0,160,73,0,0,40.0434
0,161,73,0,0,40.0425
0,162,73,0,0,40.0416
0,163,73,0,0,40.0407
0,164,73,0,0,40.0398
0,165,73,0,0,40.039
0,166,73,0,0,40.0382
0,167,73,0,0,40.0374
0,168,73,0,0,40.0367
0,169,73,0,0,40.036
0,170,73,0,0,40.0353
0,171,73,0,0,40.0346
0,172,73,0,0,40.0339
0,173,73,0,0,40.0333
0,174,73,0,0,40.0327
0,175,73,0,0,40.0321
0,176,73,0,0,40.0316
0,177,73,0,0,40.031
0,178,73,0,0,40.0305
0,179,73,0,0,40.03
0,180,73,0,0,40.0296
0,181,73,0,0,40.0291
0,182,73,0,0,40.0287
0,183,73,0,0,40.0283
0,184,73,0,0,40.0279
0,185,73,0,0,40.0276
0,186,73,0,0,40.0272
0,187,73,0,0,40.0269
0,188,73,0,0,40.0266
0,189,73,0,0,40.0264
0,190,73,0,0,40.0261
0,191,73,0,0,40.0259
0,192,73,0,6.09525e-06,40.0257
0,193,73,0,0,40.025
0,194,73,0,0,40.0243
0,195,73,0,0,40.0237
0,196,73,0,0,40.0231
0,197,73,0,0,40.0225
0,198,73,0,0,40.0219
0,199,73,0,0,40.0213
0,200,73,0,0,40.0208
0,201,73,0,0,40.0202
0,202,73,0,0,40.0197
0,203,73,0,0,40.0192
0,204,73,0,0,40.0188
0,205,73,0,0,40.0183
0,206,73,0,0,40.0178
0,207,73,0,0,40.0174
0,208,73,0,0,40.017
0,209,73,0,0,40.0166
0,210,73,0,0,40.0162
0,211,73,0,0,40.0158
0,212,73,0,0,40.0154
0,213,73,0,0,40.0151
0,214,73,0,0,40.0147
0,215,73,0,0,40.0144
0,216,73,0,0,40.014
0,217,73,0,0,40.0137
0,218,73,0,0,40.0134
0,219,73,0,0,40.0131
0,220,73,0,0,40.0129
0,221,73,0,0,40.0126
0,222,73,0,0,40.0123
0,223,73,0,0,40.0121
0,224,73,0,0,40.0118
0,225,73,0,0,40.0116
0,226,73,0,0,40.0114
0,227,73,0,0,40.0112
0,228,73,0,0,40.011
0,229,73,0,0,40.0108
0,230,73,0,0,40.0106
0,231,73,0,0,40.0104
0,232,73,0,0,40.0102
0,233,73,0,0,40.01
0,234,73,0,0,40.0099
0,235,73,0,0,40.0097
0,236,73,0,0,40.0096
0,237,73,0,0,40.0095
0,238,73,0,0,40.0093
0,239,73,0,0,40.0092
0,240,73,0,0,40.0091
0,241,73,0,0,40.009
0,242,73,0,0,40.0089
0,243,73,0,0,40.0088
0,244,73,0,0,40.0087
0,245,73,0,0,40.0086
0,246,73,0,0,40.0086
0,247,73,0,0,40.0085
0,248,73,0,0,40.0084
0,249,73,0,0,40.0084
0,250,73,0,0,40.0083
0,251,73,0,0,40.0083
0,252,73,0,0,40.0083
0,253,73,0,0,40.0083
0,254,73,0,0,40.0082
0,255,73,0,0,40.0082
0,0,74,0,6.09525e-06,40.5577
0,1,74,0,0,40.5569
0,2,74,0,0,40.556
0,3,74,0,0,40.5549
0,4,74,0,0,40.5537
0,5,74,0,0,40.5523
0,6,74,0,0,40.5508
0,7,74,0,0,40.5492
0,8,74,0,0,40.5474
0,9,74,0,0,40.5454
0,10,74,0,0,40.5434
0,11,74,0,0,40.5411
0,12,74,0,0,40.5388
0,13,74,0,0,40.5363
0,14,74,0,0,40.5337
0,15,74,0,0,40.531
0,16,74,0,0,40.5281
0,17,74,0,0,40.5251
0,18,74,0,0,40.522
0,19,74,0,0,40.5188
0,20,74,0,0,40.5154
0,21,74,0,0,40.512
0,22,74,0,0,40.5084
0,23,74,0,0,40.5047
0,24,74,0,0,40.5009
0,25,74,0,0,40.4971
0,26,74,0,0,40.4931
0,27,74,0,0,40.489
0,28,74,0,0,40.4849
0,29,74,0,0,40.4807
0,30,74,0,0,40.4764
0,31,74,0,0,40.472
0,32,74,0,0,40.4675
0,33,74,0,0,40.463
0,34,74,0,0,40.4584
0,35,74,0,0,40.4538
0,36,74,0,0,40.4491
0,37,74,0,0,40.4443
0,38,74,0,0,40.4395
0,39,74,0,0,40.4347
0,40,74,0,0,40.4298
0,41,74,0,0,40.4249
0,42,74,0,0,40.4199
0,43,74,0,0,40.4149
0,44,74,0,0,40.4099
0,45,74,0,0,40.4049
0,46,74,0,0,40.3999
0,47,74,0,0,40.3948
0,48,74,0,0,40.3898
0,49,74,0,0,40.3847
0,50,74,0,0,40.3797
0,51,74,0,0,40.3746
0,52,74,0,0,40.3695
0,53,74,0,0,40.3645
0,54,74,0,0,40.3594
0,55,74,0,0,40.3544
0,56,74,0,0,40.3494
0,57,74,0,0,40.3444
0,58,74,0,0,40.3395
0,59,74,0,0,40.3345
0,60,74,0,0,40.3296
0,61,74,0,0,40.3248
0,62,74,0,0,40.3199
0,63,74,0,0,40.3151
0,64,74,0,6.09525e-06,40.3104
0,65,74,0,0,40.3051
0,66,74,0,0,40.3
0,67,74,0,0,40.2948
0,68,74,0,0,40.2897
0,69,74,0,0,40.2847
0,70,74,0,0,40.2797
0,71,74,0,0,40.2748
0,72,74,0,0,40.2699
0,73,74,0,0,40.2651
0,74,74,0,0,40.2603
0,75,74,0,0,40.2556
0,76,74,0,0,40.2509
0,77,74,0,0,40.2463
0,78,74,0,0,40.2417
0,79,74,0,0,40.2372
0,80,74,0,0,40.2328
0,81,74,0,0,40.2284
0,82,74,0,0,40.2241
0,83,74,0,0,40.2198
0,84,74,0,0,40.2156
0,85,74,0,0,40.2115
0,86,74,0,0,40.2074
0,87,74,0,0,40.2034
0,88,74,0,0,40.1994
0,89,74,0,0,40.1955
0,90,74,0,0,40.1917
0,91,74,0,0,40.1879
0,92,74,0,0,40.1842
0,93,74,0,0,40.1805
0,94,74,0,0,40.1769
0,95,74,0,0,40.1734
0,96,74,0,0,40.1699
0,97,74,0,0,40.1665
0,98,74,0,0,40.1631
0,99,74,0,0,40.1598
0,100,74,0,0,40.1566
0,101,74,0,0,40.1535
0,102,74,0,0,40.1503
0,103,74,0,0,40.1473
0,104,74,0,0,40.1443
0,105,74,0,0,40.1414
0,106,74,0,0,40.1385
0,107,74,0,0,40.1357
0,108,74,0,0,40.1329
0,109,74,0,0,40.1302
0,110,74,0,0,40.1276
0,111,74,0,0,40.125
0,112,74,0,0,40.1225
0,113,74,0,0,40.12
0,114,74,0,0,40.1176
0,115,74,0,0,40.1153
0,116,74,0,0,40.1129
0,117,74,0,0,40.1107
0,118,74,0,0,40.1085
0,119,74,0,0,40.1064
0,120,74,0,0,40.1043
0,121,74,0,0,40.1023
0,122,74,0,0,40.1003
0,123,74,0,0,40.0984
0,124,74,0,0,40.0965
0,125,74,0,0,40.0947
0,126,74,0,0,40.0929
0,127,74,0,0,40.0912
0,128,74,0,6.09525e-06,40.0895
0,129,74,0,0,40.0874
0,130,74,0,0,40.0853
0,131,74,0,0,40.0833
0,132,74,0,0,40.0814
0,133,74,0,0,40.0794
0,134,74,0,0,40.0776
0,135,74,0,0,40.0757
0,136,74,0,0,40.074
0,137,74,0,0,40.0722
0,138,74,0,0,40.0705
0,139,74,0,0,40.0689
0,140,74,0,0,40.0673
0,141,74,0,0,40.0657
0,142,74,0,0,40.0642
0,143,74,0,0,40.0627
0,144,74,0,0,40.0612
0,145,74,0,0,40.0598
0,146,74,0,0,40.0584
0,147,74,0,0,40.0571
0,148,74,0,0,40.0557
0,149,74,0,0,40.0545
0,150,74,0,0,40.0532
0,151,74,0,0,40.052
0,152,74,0,0,40.0508
0,153,74,0,0,40.0497
0,154,74,0,0,40.0486
0,155,74,0,0,40.0475
0,156,74,0,0,40.0464
0,157,74,0,0,40.0454
0,158,74,0,0,40.0444
0,159,74,0,0,40.0435
0,160,74,0,0,40.0425
0,161,74,0,0,40.0416
0,162,74,0,0,40.0407
0,163,74,0,0,40.0399
0,164,74,0,0,40.0391
0,165,74,0,0,40.0383
0,166,74,0,0,40.0375
0,167,74,0,0,40.0367
0,168,74,0,0,40.036
0,169,74,0,0,40.0353
0,170,74,0,0,40.0346
0,171,74,0,0,40.034
0,172,74,0,0,40.0333
0,173,74,0,0,40.0327
0,174,74,0,0,40.0321
0,175,74,0,0,40.0316
0,176,74,0,0,40.031
0,177,74,0,0,40.0305
0,178,74,0,0,40.03
0,179,74,0,0,40.0296
0,180,74,0,0,40.0291
0,181,74,0,0,40.0287
0,182,74,0,0,40.0283
0,183,74,0,0,40.0279
0,184,74,0,0,40.0275
0,185,74,0,0,40.0272
0,186,74,0,0,40.0268
0,187,74,0,0,40.0265
0,188,74,0,0,40.0263
0,189,74,0,0,40.026
0,190,74,0,0,40.0258
0,191,74,0,0,40.0256
0,192,74,0,6.09525e-06,40.0254
0,193,74,0,0,40.0247
0,194,74,0,0,40.024
0,195,74,0,0,40.0234
0,196,74,0,0,40.0228
0,197,74,0,0,40.0222
0,198,74,0,0,40.0216
0,199,74,0,0,40.0211
0,200,74,0,0,40.0205
0,201,74,0,0,40.02
0,202,74,0,0,40.0195
0,203,74,0,0,40.019
0,204,74,0,0,40.0185
0,205,74,0,0,40.0181
0,206,74,0,0,40.0176
0,207,74,0,0,40.0172
0,208,74,0,0,40.0168
0,209,74,0,0,40.0164
0,210,74,0,0,40.016
0,211,74,0,0,40.0156
0,212,74,0,0,40.0152
0,213,74,0,0,40.0149
0,214,74,0,0,40.0145
0,215,74,0,0,40.0142
0,216,74,0,0,40.0139
0,217,74,0,0,40.0136
0,218,74,0,0,40.0133
0,219,74,0,0,40.013
0,220,74,0,0,40.0127
0,221,74,0,0,40.0124
0,222,74,0,0,40.0122
0,223,74,0,0,40.0119
0,224,74,0,0,40.0117
0,225,74,0,0,40.0115
0,226,74,0,0,40.0112
0,227,74,0,0,40.011
0,228,74,0,0,40.0108
0,229,74,0,0,40.0106
0,230,74,0,0,40.0104
0,231,74,0,0,40.0103
0,232,74,0,0,40.0101
0,233,74,0,0,40.0099
0,234,74,0,0,40.0098
0,235,74,0,0,40.0096
0,236,74,0,0,40.0095
0,237,74,0,0,40.0094
0,238,74,0,0,40.0092
0,239,74,0,0,40.0091
0,240,74,0,0,40.009
0,241,74,0,0,40.0089
0,242,74,0,0,40.0088
0,243,74,0,0,40.0087
0,244,74,0,0,40.0086
0,245,74,0,0,40.0086
0,246,74,0,0,40.0085
0,247,74,0,0,40.0084
0,248,74,0,0,40.0084
0,249,74,0,0,40.0083
0,250,74,0,0,40.0083
0,251,74,0,0,40.0082
0,252,74,0,0,40.0082
0,253,74,0,0,40.0082
0,254,74,0,0,40.0081
0,255,74,0,0,40.0081
0,0,75,0,6.09525e-06,40.5325
0,1,75,0,0,40.5317
0,2,75,0,0,40.5308
0,3,75,0,0,40.5298
0,4,75,0,0,40.5286
0,5,75,0,0,40.5273
0,6,75,0,0,40.5258
0,7,75,0,0,40.5243
0,8,75,0,0,40.5226
0,9,75,0,0,40.5207
0,10,75,0,0,40.5188
0,11,75,0,0,40.5167
0,12,75,0,0,40.5145
0,13,75,0,0,40.5121
0,14,75,0,0,40.5096
0,15,75,0,0,40.507
0,16,75,0,0,40.5043
0,17,75,0,0,40.5015
0,18,75,0,0,40.4986
0,19,75,0,0,40.4955
0,20,75,0,0,40.4924
0,21,75,0,0,40.4891
0,22,75,0,0,40.4857
0,23,75,0,0,40.4823
0,24,75,0,0,40.4787
0,25,75,0,0,40.4751
0,26,75,0,0,40.4713
0,27,75,0,0,40.4675
0,28,75,0,0,40.4636
0,29,75,0,0,40.4596
0,30,75,0,0,40.4555
0,31,75,0,0,40.4514
0,32,75,0,0,40.4472
0,33,75,0,0,40.4429
0,34,75,0,0,40.4386
0,35,75,0,0,40.4342
0,36,75,0,0,40.4298
0,37,75,0,0,40.4253
0,38,75,0,0,40.4208
0,39,75,0,0,40.4162
0,40,75,0,0,40.4116
0,41,75,0,0,40.4069
0,42,75,0,0,40.4023
0,43,75,0,0,40.3976
0,44,75,0,0,40.3928
0,45,75,0,0,40.3881
0,46,75,0,0,40.3833
0,47,75,0,0,40.3786
0,48,75,0,0,40.3738
0,49,75,0,0,40.369
0,50,75,0,0,40.3642
0,51,75,0,0,40.3594
0,52,75,0,0,40.3546
0,53,75,0,0,40.3499
0,54,75,0,0,40.3451
0,55,75,0,0,40.3403
0,56,75,0,0,40.3356
0,57,75,0,0,40.3309
0,58,75,0,0,40.3262
0,59,75,0,0,40.3215
0,60,75,0,0,40.3169
0,61,75,0,0,40.3123
0,62,75,0,0,40.3077
0,63,75,0,0,40.3031
0,64,75,0,6.09525e-06,40.2986
0,65,75,0,0,40.2936
0,66,75,0,0,40.2887
0,67,75,0,0,40.2838
0,68,75,0,0,40.279
0,69,75,0,0,40.2742
0,70,75,0,0,40.2694
0,71,75,0,0,40.2647
0,72,75,0,0,40.26
0,73,75,0,0,40.2554
0,74,75,0,0,40.2509
0,75,75,0,0,40.2464
0,76,75,0,0,40.2419
0,77,75,0,0,40.2375
0,78,75,0,0,40.2332
0,79,75,0,0,40.2289
0,80,75,0,0,40.2246
0,81,75,0,0,40.2204
0,82,75,0,0,40.2163
0,83,75,0,0,40.2122
0,84,75,0,0,40.2082
0,85,75,0,0,40.2042
0,86,75,0,0,40.2003
0,87,75,0,0,40.1965
0,88,75,0,0,40.1927
0,89,75,0,0,40.1889
0,90,75,0,0,40.1853
0,91,75,0,0,40.1817
0,92,75,0,0,40.1781
0,93,75,0,0,40.1746
0,94,75,0,0,40.1712
0,95,75,0,0,40.1678
0,96,75,0,0,40.1644
0,97,75,0,0,40.1612
0,98,75,0,0,40.158
0,99,75,0,0,40.1548
0,100,75,0,0,40.1517
0,101,75,0,0,40.1487
0,102,75,0,0,40.1457
0,103,75,0,0,40.1428
0,104,75,0,0,40.1399
0,105,75,0,0,40.1371
0,106,75,0,0,40.1343
0,107,75,0,0,40.1316
0,108,75,0,0,40.129
0,109,75,0,0,40.1264
0,110,75,0,0,40.1239
0,111,75,0,0,40.1214
0,112,75,0,0,40.1189
0,113,75,0,0,40.1166
0,114,75,0,0,40.1143
0,115,75,0,0,40.112
0,116,75,0,0,40.1098
0,117,75,0,0,40.1076
0,118,75,0,0,40.1055
0,119,75,0,0,40.1035
0,120,75,0,0,40.1015
0,121,75,0,0,40.0995
0,122,75,0,0,40.0976
0,123,75,0,0,40.0958
0,124,75,0,0,40.094
0,125,75,0,0,40.0922
0,126,75,0,0,40.0905
0,127,75,0,0,40.0889
0,128,75,0,6.09525e-06,40.0873
0,129,75,0,0,40.0852
0,130,75,0,0,40.0832
0,131,75,0,0,40.0813
0,132,75,0,0,40.0794
0,133,75,0,0,40.0775
0,134,75,0,0,40.0757
0,135,75,0,0,40.0739
0,136,75,0,0,40.0722
0,137,75,0,0,40.0705
0,138,75,0,0,40.0688
0,139,75,0,0,40.0672
0,140,75,0,0,40.0657
0,141,75,0,0,40.0642
0,142,75,0,0,40.0627
0,143,75,0,0,40.0612
0,144,75,0,0,40.0598
0,145,75,0,0,40.0584
0,146,75,0,0,40.0571
0,147,75,0,0,40.0558
0,148,75,0,0,40.0545
0,149,75,0,0,40.0533
0,150,75,0,0,40.0521
0,151,75,0,0,40.0509
0,152,75,0,0,40.0497
0,153,75,0,0,40.0486
0,154,75,0,0,40.0475
0,155,75,0,0,40.0465
0,156,75,0,0,40.0455
0,157,75,0,0,40.0445
0,158,75,0,0,40.0435
0,159,75,0,0,40.0426
0,160,75,0,0,40.0417
0,161,75,0,0,40.0408
0,162,75,0,0,40.0399
0,163,75,0,0,40.0391
0,164,75,0,0,40.0383
0,165,75,0,0,40.0375
0,166,75,0,0,40.0368
0,167,75,0,0,40.036
0,168,75,0,0,40.0353
0,169,75,0,0,40.0346
0,170,75,0,0,40.034
0,171,75,0,0,40.0333
0,172,75,0,0,40.0327
0,173,75,0,0,40.0321
0,174,75,0,0,40.0316
0,175,75,0,0,40.031
0,176,75,0,0,40.0305
0,177,75,0,0,40.03
0,178,75,0,0,40.0295
0,179,75,0,0,40.0291
0,180,75,0,0,40.0286
0,181,75,0,0,40.0282
0,182,75,0,0,40.0278
0,183,75,0,0,40.0275
0,184,75,0,0,40.0271
0,185,75,0,0,40.0268
0,186,75,0,0,40.0265
0,187,75,0,0,40.0262
0,188,75,0,0,40.0259
0,189,75,0,0,40.0256
0,190,75,0,0,40.0254
0,191,75,0,0,40.0252
0,192,75,0,6.09525e-06,40.025
0,193,75,0,0,40.0244
0,194,75,0,0,40.0237
0,195,75,0,0,40.0231
0,196,75,0,0,40.0225
0,197,75,0,0,40.0219
0,198,75,0,0,40.0213
0,199,75,0,0,40.0208
0,200,75,0,0,40.0203
0,201,75,0,0,40.0197
0,202,75,0,0,40.0193
0,203,75,0,0,40.0188
0,204,75,0,0,40.0183
0,205,75,0,0,40.0178
0,206,75,0,0,40.0174
0,207,75,0,0,40.017
0,208,75,0,0,40.0166
0,209,75,0,0,40.0162
0,210,75,0,0,40.0158
0,211,75,0,0,40.0154
0,212,75,0,0,40.0151
0,213,75,0,0,40.0147
0,214,75,0,0,40.0144
0,215,75,0,0,40.014
0,216,75,0,0,40.0137
0,217,75,0,0,40.0134
0,218,75,0,0,40.0131
0,219,75,0,0,40.0128
0,220,75,0,0,40.0126
0,221,75,0,0,40.0123
0,222,75,0,0,40.012
0,223,75,0,0,40.0118
0,224,75,0,0,40.0116
0,225,75,0,0,40.0113
0,226,75,0,0,40.0111
0,227,75,0,0,40.0109
0,228,75,0,0,40.0107
0,229,75,0,0,40.0105
0,230,75,0,0,40.0103
0,231,75,0,0,40.0102
0,232,75,0,0,40.01
0,233,75,0,0,40.0098
0,234,75,0,0,40.0097
0,235,75,0,0,40.0095
0,236,75,0,0,40.0094
0,237,75,0,0,40.0093
0,238,75,0,0,40.0091
0,239,75,0,0,40.009
0,240,75,0,0,40.0089
0,241,75,0,0,40.0088
0,242,75,0,0,40.0087
0,243,75,0,0,40.0086
0,244,75,0,0,40.0085
0,245,75,0,0,40.0085
0,246,75,0,0,40.0084
0,247,75,0,0,40.0083
0,248,75,0,0,40.0083
0,249,75,0,0,40.0082
0,250,75,0,0,40.0082
0,251,75,0,0,40.0081
0,252,75,0,0,40.0081
0,253,75,0,0,40.0081
0,254,75,0,0,40.0081
0,255,75,0,0,40.0081
0,0,76,0,6.09525e-06,40.5085
0,1,76,0,0,40.5077
0,2,76,0,0,40.5069
0,3,76,0,0,40.5059
0,4,76,0,0,40.5047
0,5,76,0,0,40.5035
0,6,76,0,0,40.5021
0,7,76,0,0,40.5006
0,8,76,0,0,40.499
0,9,76,0,0,40.4972
0,10,76,0,0,40.4954
0,11,76,0,0,40.4934
0,12,76,0,0,40.4913
0,13,76,0,0,40.4891
0,14,76,0,0,40.4867
0,15,76,0,0,40.4843
0,16,76,0,0,40.4817
0,17,76,0,0,40.4791
0,18,76,0,0,40.4763
0,19,76,0,0,40.4734
0,20,76,0,0,40.4704
0,21,76,0,0,40.4673
0,22,76,0,0,40.4642
0,23,76,0,0,40.4609
0,24,76,0,0,40.4575
0,25,76,0,0,40.4541
0,26,76,0,0,40.4505
0,27,76,0,0,40.4469
0,28,76,0,0,40.4432
0,29,76,0,0,40.4395
0,30,76,0,0,40.4357
0,31,76,0,0,40.4317
0,32,76,0,0,40.4278
0,33,76,0,0,40.4238
0,34,76,0,0,40.4197
0,35,76,0,0,40.4155
0,36,76,0,0,40.4114
0,37,76,0,0,40.4071
0,38,76,0,0,40.4028
0,39,76,0,0,40.3985
0,40,76,0,0,40.3942
0,41,76,0,0,40.3898
0,42,76,0,0,40.3854
0,43,76,0,0,40.3809
0,44,76,0,0,40.3765
0,45,76,0,0,40.372
0,46,76,0,0,40.3675
0,47,76,0,0,40.363
0,48,76,0,0,40.3585
0,49,76,0,0,40.3539
0,50,76,0,0,40.3494
0,51,76,0,0,40.3449
0,52,76,0,0,40.3404
0,53,76,0,0,40.3358
0,54,76,0,0,40.3313
0,55,76,0,0,40.3268
0,56,76,0,0,40.3224
0,57,76,0,0,40.3179
0,58,76,0,0,40.3134
0,59,76,0,0,40.309
0,60,76,0,0,40.3046
0,61,76,0,0,40.3002
0,62,76,0,0,40.2959
0,63,76,0,0,40.2916
0,64,76,0,6.09525e-06,40.2873
0,65,76,0,0,40.2826
0,66,76,0,0,40.2779
0,67,76,0,0,40.2732
0,68,76,0,0,40.2686
0,69,76,0,0,40.264
0,70,76,0,0,40.2595
0,71,76,0,0,40.255
0,72,76,0,0,40.2506
0,73,76,0,0,40.2462
0,74,76,0,0,40.2418
0,75,76,0,0,40.2375
0,76,76,0,0,40.2332
0,77,76,0,0,40.229
0,78,76,0,0,40.2249
0,79,76,0,0,40.2208
0,80,76,0,0,40.2167
0,81,76,0,0,40.2127
0,82,76,0,0,40.2088
0,83,76,0,0,40.2049
0,84,76,0,0,40.201
0,85,76,0,0,40.1972
0,86,76,0,0,40.1935
0,87,76,0,0,40.1898
0,88,76,0,0,40.1862
0,89,76,0,0,40.1826
0,90,76,0,0,40.1791
0,91,76,0,0,40.1756
0,92,76,0,0,40.1722
0,93,76,0,0,40.1689
0,94,76,0,0,40.1656
0,95,76,0,0,40.1623
0,96,76,0,0,40.1591
0,97,76,0,0,40.156
0,98,76,0,0,40.1529
0,99,76,0,0,40.1499
0,100,76,0,0,40.1469
0,101,76,0,0,40.144
0,102,76,0,0,40.1412
0,103,76,0,0,40.1384
0,104,76,0,0,40.1356
0,105,76,0,0,40.1329
0,106,76,0,0,40.1303
0,107,76,0,0,40.1277
0,108,76,0,0,40.1251
0,109,76,0,0,40.1226
0,110,76,0,0,40.1202
0,111,76,0,0,40.1178
0,112,76,0,0,40.1155
0,113,76,0,0,40.1132
0,114,76,0,0,40.111
0,115,76,0,0,40.1088
0,116,76,0,0,40.1067
0,117,76,0,0,40.1046
0,118,76,0,0,40.1026
0,119,76,0,0,40.1006
0,120,76,0,0,40.0987
0,121,76,0,0,40.0968
0,122,76,0,0,40.095
0,123,76,0,0,40.0932
0,124,76,0,0,40.0915
0,125,76,0,0,40.0898
0,126,76,0,0,40.0882
0,127,76,0,0,40.0866
0,128,76,0,6.09525e-06,40.0851
0,129,76,0,0,40.0831
0,130,76,0,0,40.0811
0,131,76,0,0,40.0793
0,132,76,0,0,40.0774
0,133,76,0,0,40.0756
0,134,76,0,0,40.0738
0,135,76,0,0,40.0721
0,136,76,0,0,40.0704
0,137,76,0,0,40.0688
0,138,76,0,0,40.0672
0,139,76,0,0,40.0657
0,140,76,0,0,40.0641
0,141,76,0,0,40.0627
0,142,76,0,0,40.0612
0,143,76,0,0,40.0598
0,144,76,0,0,40.0584
0,145,76,0,0,40.0571
0,146,76,0,0,40.0558
0,147,76,0,0,40.0545
0,148,76,0,0,40.0533
0,149,76,0,0,40.0521
0,150,76,0,0,40.0509
0,151,76,0,0,40.0498
0,152,76,0,0,40.0487
0,153,76,0,0,40.0476
0,154,76,0,0,40.0465
0,155,76,0,0,40.0455
0,156,76,0,0,40.0445
0,157,76,0,0,40.0435
0,158,76,0,0,40.0426
0,159,76,0,0,40.0417
0,160,76,0,0,40.0408
0,161,76,0,0,40.04
0,162,76,0,0,40.0391
0,163,76,0,0,40.0383
0,164,76,0,0,40.0375
0,165,76,0,0,40.0368
0,166,76,0,0,40.0361
0,167,76,0,0,40.0353
0,168,76,0,0,40.0347
0,169,76,0,0,40.034
0,170,76,0,0,40.0334
0,171,76,0,0,40.0327
0,172,76,0,0,40.0321
0,173,76,0,0,40.0316
0,174,76,0,0,40.031
0,175,76,0,0,40.0305
0,176,76,0,0,40.03
0,177,76,0,0,40.0295
0,178,76,0,0,40.029
0,179,76,0,0,40.0286
0,180,76,0,0,40.0282
0,181,76,0,0,40.0278
0,182,76,0,0,40.0274
0,183,76,0,0,40.027
0,184,76,0,0,40.0267
0,185,76,0,0,40.0264
0,186,76,0,0,40.0261
0,187,76,0,0,40.0258
0,188,76,0,0,40.0255
0,189,76,0,0,40.0253
0,190,76,0,0,40.0251
0,191,76,0,0,40.0249
0,192,76,0,6.09525e-06,40.0247
0,193,76,0,0,40.0241
0,194,76,0,0,40.0234
0,195,76,0,0,40.0228
0,196,76,0,0,40.0222
0,197,76,0,0,40.0216
0,198,76,0,0,40.0211
0,199,76,0,0,40.0205
0,200,76,0,0,40.02
0,201,76,0,0,40.0195
0,202,76,0,0,40.019
0,203,76,0,0,40.0185
0,204,76,0,0,40.0181
0,205,76,0,0,40.0176
0,206,76,0,0,40.0172
0,207,76,0,0,40.0168
0,208,76,0,0,40.0164
0,209,76,0,0,40.016
0,210,76,0,0,40.0156
0,211,76,0,0,40.0152
0,212,76,0,0,40.0149
0,213,76,0,0,40.0145
0,214,76,0,0,40.0142
0,215,76,0,0,40.0139
0,216,76,0,0,40.0136
0,217,76,0,0,40.0133
0,218,76,0,0,40.013
0,219,76,0,0,40.0127
0,220,76,0,0,40.0124
0,221,76,0,0,40.0122
0,222,76,0,0,40.0119
0,223,76,0,0,40.0117
0,224,76,0,0,40.0114
0,225,76,0,0,40.0112
0,226,76,0,0,40.011
0,227,76,0,0,40.0108
0,228,76,0,0,40.0106
0,229,76,0,0,40.0104
0,230,76,0,0,40.0102
0,231,76,0,0,40.0101
0,232,76,0,0,40.0099
0,233,76,0,0,40.0097
0,234,76,0,0,40.0096
0,235,76,0,0,40.0094
0,236,76,0,0,40.0093
0,237,76,0,0,40.0092
0,238,76,0,0,40.009
0,239,76,0,0,40.0089
0,240,76,0,0,40.0088
0,241,76,0,0,40.0087
0,242,76,0,0,40.0086
0,243,76,0,0,40.0085
0,244,76,0,0,40.0085
0,245,76,0,0,40.0084
0,246,76,0,0,40.0083
0,247,76,0,0,40.0082
0,248,76,0,0,40.0082
0,249,76,0,0,40.0081
0,250,76,0,0,40.0081
0,251,76,0,0,40.0081
0,252,76,0,0,40.008
0,253,76,0,0,40.008
0,254,76,0,0,40.008
0,255,76,0,0,40.008
0,0,77,0,6.09525e-06,40.4857
0,1,77,0,0,40.4849
0,2,77,0,0,40.4841
0,3,77,0,0,40.4831
0,4,77,0,0,40.4821
0,5,77,0,0,40.4809
0,6,77,0,0,40.4795
0,7,77,0,0,40.4781
0,8,77,0,0,40.4766
0,9,77,0,0,40.4749
0,10,77,0,0,40.4731
0,11,77,0,0,40.4713
0,12,77,0,0,40.4693
0,13,77,0,0,40.4672
0,14,77,0,0,40.4649
0,15,77,0,0,40.4626
0,16,77,0,0,40.4602
0,17,77,0,0,40.4577
0,18,77,0,0,40.4551
0,19,77,0,0,40.4523
0,20,77,0,0,40.4495
0,21,77,0,0,40.4466
0,22,77,0,0,40.4436
0,23,77,0,0,40.4405
0,24,77,0,0,40.4373
0,25,77,0,0,40.4341
0,26,77,0,0,40.4308
0,27,77,0,0,40.4274
0,28,77,0,0,40.4239
0,29,77,0,0,40.4203
0,30,77,0,0,40.4167
0,31,77,0,0,40.413
0,32,77,0,0,40.4093
0,33,77,0,0,40.4055
0,34,77,0,0,40.4016
0,35,77,0,0,40.3977
0,36,77,0,0,40.3938
0,37,77,0,0,40.3898
0,38,77,0,0,40.3857
0,39,77,0,0,40.3817
0,40,77,0,0,40.3776
0,41,77,0,0,40.3734
0,42,77,0,0,40.3692
0,43,77,0,0,40.365
0,44,77,0,0,40.3608
0,45,77,0,0,40.3566
0,46,77,0,0,40.3523
0,47,77,0,0,40.3481
0,48,77,0,0,40.3438
0,49,77,0,0,40.3395
0,50,77,0,0,40.3353
0,51,77,0,0,40.331
0,52,77,0,0,40.3267
0,53,77,0,0,40.3224
0,54,77,0,0,40.3182
0,55,77,0,0,40.3139
0,56,77,0,0,40.3096
0,57,77,0,0,40.3054
0,58,77,0,0,40.3012
0,59,77,0,0,40.297
0,60,77,0,0,40.2929
0,61,77,0,0,40.2887
0,62,77,0,0,40.2846
0,63,77,0,0,40.2805
0,64,77,0,6.09525e-06,40.2765
0,65,77,0,0,40.272
0,66,77,0,0,40.2675
0,67,77,0,0,40.263
0,68,77,0,0,40.2586
0,69,77,0,0,40.2543
0,70,77,0,0,40.2499
0,71,77,0,0,40.2457
0,72,77,0,0,40.2414
0,73,77,0,0,40.2372
0,74,77,0,0,40.2331
0,75,77,0,0,40.229
0,76,77,0,0,40.2249
0,77,77,0,0,40.2209
0,78,77,0,0,40.2169
0,79,77,0,0,40.213
0,80,77,0,0,40.2091
0,81,77,0,0,40.2053
0,82,77,0,0,40.2015
0,83,77,0,0,40.1978
0,84,77,0,0,40.1941
0,85,77,0,0,40.1905
0,86,77,0,0,40.1869
0,87,77,0,0,40.1834
0,88,77,0,0,40.1799
0,89,77,0,0,40.1765
0,90,77,0,0,40.1731
0,91,77,0,0,40.1698
0,92,77,0,0,40.1665
0,93,77,0,0,40.1633
0,94,77,0,0,40.1602
0,95,77,0,0,40.1571
0,96,77,0,0,40.154
0,97,77,0,0,40.151
0,98,77,0,0,40.1481
0,99,77,0,0,40.1452
0,100,77,0,0,40.1423
0,101,77,0,0,40.1395
0,102,77,0,0,40.1368
0,103,77,0,0,40.1341
0,104,77,0,0,40.1314
0,105,77,0,0,40.1289
0,106,77,0,0,40.1263
0,107,77,0,0,40.1238
0,108,77,0,0,40.1214
0,109,77,0,0,40.119
0,110,77,0,0,40.1167
0,111,77,0,0,40.1144
0,112,77,0,0,40.1122
0,113,77,0,0,40.11
0,114,77,0,0,40.1078
0,115,77,0,0,40.1057
0,116,77,0,0,40.1037
0,117,77,0,0,40.1017
0,118,77,0,0,40.0998
0,119,77,0,0,40.0979
0,120,77,0,0,40.096
0,121,77,0,0,40.0942
0,122,77,0,0,40.0925
0,123,77,0,0,40.0908
0,124,77,0,0,40.0891
0,125,77,0,0,40.0875
0,126,77,0,0,40.0859
0,127,77,0,0,40.0844
0,128,77,0,6.09525e-06,40.0829
0,129,77,0,0,40.081
0,130,77,0,0,40.0791
0,131,77,0,0,40.0773
0,132,77,0,0,40.0755
0,133,77,0,0,40.0737
0,134,77,0,0,40.072
0,135,77,0,0,40.0704
0,136,77,0,0,40.0687
0,137,77,0,0,40.0672
0,138,77,0,0,40.0656
0,139,77,0,0,40.0641
0,140,77,0,0,40.0626
0,141,77,0,0,40.0612
0,142,77,0,0,40.0598
0,143,77,0,0,40.0584
0,144,77,0,0,40.0571
0,145,77,0,0,40.0558
0,146,77,0,0,40.0545
0,147,77,0,0,40.0533
0,148,77,0,0,40.0521
0,149,77,0,0,40.0509
0,150,77,0,0,40.0498
0,151,77,0,0,40.0487
0,152,77,0,0,40.0476
0,153,77,0,0,40.0466
0,154,77,0,0,40.0455
0,155,77,0,0,40.0445
0,156,77,0,0,40.0436
0,157,77,0,0,40.0426
0,158,77,0,0,40.0417
0,159,77,0,0,40.0408
0,160,77,0,0,40.04
0,161,77,0,0,40.0392
0,162,77,0,0,40.0383
0,163,77,0,0,40.0376
0,164,77,0,0,40.0368
0,165,77,0,0,40.0361
0,166,77,0,0,40.0354
0,167,77,0,0,40.0347
0,168,77,0,0,40.034
0,169,77,0,0,40.0334
0,170,77,0,0,40.0327
0,171,77,0,0,40.0321
0,172,77,0,0,40.0316
0,173,77,0,0,40.031
0,174,77,0,0,40.0305
0,175,77,0,0,40.03
0,176,77,0,0,40.0295
0,177,77,0,0,40.029
0,178,77,0,0,40.0286
0,179,77,0,0,40.0281
0,180,77,0,0,40.0277
0,181,77,0,0,40.0273
0,182,77,0,0,40.027
0,183,77,0,0,40.0266
0,184,77,0,0,40.0263
0,185,77,0,0,40.026
0,186,77,0,0,40.0257
0,187,77,0,0,40.0254
0,188,77,0,0,40.0252
0,189,77,0,0,40.025
0,190,77,0,0,40.0248
0,191,77,0,0,40.0246
0,192,77,0,6.09525e-06,40.0244
0,193,77,0,0,40.0238
0,194,77,0,0,40.0231
0,195,77,0,0,40.0225
0,196,77,0,0,40.0219
0,197,77,0,0,40.0214
0,198,77,0,0,40.0208
0,199,77,0,0,40.0203
0,200,77,0,0,40.0198
0,201,77,0,0,40.0193
0,202,77,0,0,40.0188
0,203,77,0,0,40.0183
0,204,77,0,0,40.0179
0,205,77,0,0,40.0174
0,206,77,0,0,40.017
0,207,77,0,0,40.0166
0,208,77,0,0,40.0162
0,209,77,0,0,40.0158
0,210,77,0,0,40.0154
0,211,77,0,0,40.0151
0,212,77,0,0,40.0147
0,213,77,0,0,40.0144
0,214,77,0,0,40.014
0,215,77,0,0,40.0137
0,216,77,0,0,40.0134
0,217,77,0,0,40.0131
0,218,77,0,0,40.0128
0,219,77,0,0,40.0126
0,220,77,0,0,40.0123
0,221,77,0,0,40.012
0,222,77,0,0,40.0118
0,223,77,0,0,40.0115
0,224,77,0,0,40.0113
0,225,77,0,0,40.0111
0,226,77,0,0,40.0109
0,227,77,0,0,40.0107
0,228,77,0,0,40.0105
0,229,77,0,0,40.0103
0,230,77,0,0,40.0101
0,231,77,0,0,40.0099
0,232,77,0,0,40.0098
0,233,77,0,0,40.0096
0,234,77,0,0,40.0095
0,235,77,0,0,40.0093
0,236,77,0,0,40.0092
0,237,77,0,0,40.0091
0,238,77,0,0,40.0089
0,239,77,0,0,40.0088
0,240,77,0,0,40.0087
0,241,77,0,0,40.0086
0,242,77,0,0,40.0085
0,243,77,0,0,40.0084
0,244,77,0,0,40.0084
0,245,77,0,0,40.0083
0,246,77,0,0,40.0082
0,247,77,0,0,40.0082
0,248,77,0,0,40.0081
0,249,77,0,0,40.0081
0,250,77,0,0,40.008
0,251,77,0,0,40.008
0,252,77,0,0,40.008
0,253,77,0,0,40.0079
0,254,77,0,0,40.0079
0,255,77,0,0,40.0079
0,0,78,0,6.09525e-06,40.464
0,1,78,0,0,40.4633
0,2,78,0,0,40.4625
0,3,78,0,0,40.4615
0,4,78,0,0,40.4605
0,5,78,0,0,40.4593
0,6,78,0,0,40.4581
0,7,78,0,0,40.4567
0,8,78,0,0,40.4552
0,9,78,0,0,40.4537
0,10,78,0,0,40.452
0,11,78,0,0,40.4502
0,12,78,0,0,40.4483
0,13,78,0,0,40.4463
0,14,78,0,0,40.4442
0,15,78,0,0,40.442
0,16,78,0,0,40.4397
0,17,78,0,0,40.4373
0,18,78,0,0,40.4349
0,19,78,0,0,40.4323
0,20,78,0,0,40.4296
0,21,78,0,0,40.4269
0,22,78,0,0,40.424
0,23,78,0,0,40.4211
0,24,78,0,0,40.4181
0,25,78,0,0,40.4151
0,26,78,0,0,40.4119
0,27,78,0,0,40.4087
0,28,78,0,0,40.4054
0,29,78,0,0,40.4021
0,30,78,0,0,40.3986
0,31,78,0,0,40.3952
0,32,78,0,0,40.3916
0,33,78,0,0,40.388
0,34,78,0,0,40.3844
0,35,78,0,0,40.3807
0,36,78,0,0,40.377
0,37,78,0,0,40.3732
0,38,78,0,0,40.3694
0,39,78,0,0,40.3656
0,40,78,0,0,40.3617
0,41,78,0,0,40.3578
0,42,78,0,0,40.3538
0,43,78,0,0,40.3499
0,44,78,0,0,40.3459
0,45,78,0,0,40.3419
0,46,78,0,0,40.3379
0,47,78,0,0,40.3338
0,48,78,0,0,40.3298
0,49,78,0,0,40.3257
0,50,78,0,0,40.3217
0,51,78,0,0,40.3176
0,52,78,0,0,40.3136
0,53,78,0,0,40.3095
0,54,78,0,0,40.3055
0,55,78,0,0,40.3015
0,56,78,0,0,40.2975
0,57,78,0,0,40.2935
0,58,78,0,0,40.2895
0,59,78,0,0,40.2855
0,60,78,0,0,40.2816
0,61,78,0,0,40.2776
0,62,78,0,0,40.2737
0,63,78,0,0,40.2699
0,64,78,0,6.09525e-06,40.266
0,65,78,0,0,40.2617
0,66,78,0,0,40.2575
0,67,78,0,0,40.2532
0,68,78,0,0,40.249
0,69,78,0,0,40.2449
0,70,78,0,0,40.2407
0,71,78,0,0,40.2367
0,72,78,0,0,40.2326
0,73,78,0,0,40.2286
0,74,78,0,0,40.2246
0,75,78,0,0,40.2207
0,76,78,0,0,40.2168
0,77,78,0,0,40.213
0,78,78,0,0,40.2092
0,79,78,0,0,40.2055
0,80,78,0,0,40.2018
0,81,78,0,0,40.1981
0,82,78,0,0,40.1945
0,83,78,0,0,40.1909
0,84,78,0,0,40.1874
0,85,78,0,0,40.184
0,86,78,0,0,40.1805
0,87,78,0,0,40.1772
0,88,78,0,0,40.1739
0,89,78,0,0,40.1706
0,90,78,0,0,40.1674
0,91,78,0,0,40.1642
0,92,78,0,0,40.1611
0,93,78,0,0,40.158
0,94,78,0,0,40.155
0,95,78,0,0,40.152
0,96,78,0,0,40.1491
0,97,78,0,0,40.1462
0,98,78,0,0,40.1433
0,99,78,0,0,40.1406
0,100,78,0,0,40.1378
0,101,78,0,0,40.1352
0,102,78,0,0,40.1325
0,103,78,0,0,40.1299
0,104,78,0,0,40.1274
0,105,78,0,0,40.1249
0,106,78,0,0,40.1225
0,107,78,0,0,40.1201
0,108,78,0,0,40.1178
0,109,78,0,0,40.1155
0,110,78,0,0,40.1132
0,111,78,0,0,40.1111
0,112,78,0,0,40.1089
0,113,78,0,0,40.1068
0,114,78,0,0,40.1048
0,115,78,0,0,40.1027
0,116,78,0,0,40.1008
0,117,78,0,0,40.0989
0,118,78,0,0,40.097
0,119,78,0,0,40.0952
0,120,78,0,0,40.0934
0,121,78,0,0,40.0917
0,122,78,0,0,40.09
0,123,78,0,0,40.0884
0,124,78,0,0,40.0868
0,125,78,0,0,40.0852
0,126,78,0,0,40.0837
0,127,78,0,0,40.0823
0,128,78,0,6.09525e-06,40.0809
0,129,78,0,0,40.079
0,130,78,0,0,40.0772
0,131,78,0,0,40.0754
0,132,78,0,0,40.0736
0,133,78,0,0,40.0719
0,134,78,0,0,40.0703
0,135,78,0,0,40.0687
0,136,78,0,0,40.0671
0,137,78,0,0,40.0656
0,138,78,0,0,40.064
0,139,78,0,0,40.0626
0,140,78,0,0,40.0612
0,141,78,0,0,40.0598
0,142,78,0,0,40.0584
0,143,78,0,0,40.0571
0,144,78,0,0,40.0558
0,145,78,0,0,40.0545
0,146,78,0,0,40.0533
0,147,78,0,0,40.0521
0,148,78,0,0,40.0509
0,149,78,0,0,40.0498
0,150,78,0,0,40.0487
0,151,78,0,0,40.0476
0,152,78,0,0,40.0466
0,153,78,0,0,40.0455
0,154,78,0,0,40.0446
0,155,78,0,0,40.0436
0,156,78,0,0,40.0427
0,157,78,0,0,40.0417
0,158,78,0,0,40.0409
0,159,78,0,0,40.04
0,160,78,0,0,40.0392
0,161,78,0,0,40.0384
0,162,78,0,0,40.0376
0,163,78,0,0,40.0368
0,164,78,0,0,40.0361
0,165,78,0,0,40.0354
0,166,78,0,0,40.0347
0,167,78,0,0,40.034
0,168,78,0,0,40.0334
0,169,78,0,0,40.0327
0,170,78,0,0,40.0321
0,171,78,0,0,40.0316
0,172,78,0,0,40.031
0,173,78,0,0,40.0305
0,174,78,0,0,40.0299
0,175,78,0,0,40.0295
0,176,78,0,0,40.029
0,177,78,0,0,40.0285
0,178,78,0,0,40.0281
0,179,78,0,0,40.0277
0,180,78,0,0,40.0273
0,181,78,0,0,40.0269
0,182,78,0,0,40.0265
0,183,78,0,0,40.0262
0,184,78,0,0,40.0259
0,185,78,0,0,40.0256
0,186,78,0,0,40.0253
0,187,78,0,0,40.0251
0,188,78,0,0,40.0248
0,189,78,0,0,40.0246
0,190,78,0,0,40.0244
0,191,78,0,0,40.0242
0,192,78,0,6.09525e-06,40.0241
0,193,78,0,0,40.0235
0,194,78,0,0,40.0228
0,195,78,0,0,40.0222
0,196,78,0,0,40.0217
0,197,78,0,0,40.0211
0,198,78,0,0,40.0206
0,199,78,0,0,40.02
0,200,78,0,0,40.0195
0,201,78,0,0,40.019
0,202,78,0,0,40.0186
0,203,78,0,0,40.0181
0,204,78,0,0,40.0176
0,205,78,0,0,40.0172
0,206,78,0,0,40.0168
0,207,78,0,0,40.0164
0,208,78,0,0,40.016
0,209,78,0,0,40.0156
0,210,78,0,0,40.0152
0,211,78,0,0,40.0149
0,212,78,0,0,40.0145
0,213,78,0,0,40.0142
0,214,78,0,0,40.0139
0,215,78,0,0,40.0136
0,216,78,0,0,40.0133
0,217,78,0,0,40.013
0,218,78,0,0,40.0127
0,219,78,0,0,40.0124
0,220,78,0,0,40.0121
0,221,78,0,0,40.0119
0,222,78,0,0,40.0117
0,223,78,0,0,40.0114
0,224,78,0,0,40.0112
0,225,78,0,0,40.011
0,226,78,0,0,40.0108
0,227,78,0,0,40.0106
0,228,78,0,0,40.0104
0,229,78,0,0,40.0102
0,230,78,0,0,40.01
0,231,78,0,0,40.0098
0,232,78,0,0,40.0097
0,233,78,0,0,40.0095
0,234,78,0,0,40.0094
0,235,78,0,0,40.0092
0,236,78,0,0,40.0091
0,237,78,0,0,40.009
0,238,78,0,0,40.0089
0,239,78,0,0,40.0087
0,240,78,0,0,40.0086
0,241,78,0,0,40.0085
0,242,78,0,0,40.0084
0,243,78,0,0,40.0084
0,244,78,0,0,40.0083
0,245,78,0,0,40.0082
0,246,78,0,0,40.0081
0,247,78,0,0,40.0081
0,248,78,0,0,40.008
0,249,78,0,0,40.008
0,250,78,0,0,40.0079
0,251,78,0,0,40.0079
0,252,78,0,0,40.0079
0,253,78,0,0,40.0078
0,254,78,0,0,40.0078
0,255,78,0,0,40.0078
0,0,79,0,6.09525e-06,40.4434
0,1,79,0,0,40.4427
0,2,79,0,0,40.4419
0,3,79,0,0,40.441
0,4,79,0,0,40.44
0,5,79,0,0,40.4389
0,6,79,0,0,40.4377
0,7,79,0,0,40.4364
0,8,79,0,0,40.435
0,9,79,0,0,40.4335
0,10,79,0,0,40.4319
0,11,79,0,0,40.4302
0,12,79,0,0,40.4284
0,13,79,0,0,40.4265
0,14,79,0,0,40.4245
0,15,79,0,0,40.4224
0,16,79,0,0,40.4202
0,17,79,0,0,40.418
0,18,79,0,0,40.4156
0,19,79,0,0,40.4132
0,20,79,0,0,40.4107
0,21,79,0,0,40.4081
0,22,79,0,0,40.4054
0,23,79,0,0,40.4026
0,24,79,0,0,40.3998
0,25,79,0,0,40.3969
0,26,79,0,0,40.3939
0,27,79,0,0,40.3909
0,28,79,0,0,40.3878
0,29,79,0,0,40.3846
0,30,79,0,0,40.3814
0,31,79,0,0,40.3781
0,32,79,0,0,40.3748
0,33,79,0,0,40.3714
0,34,79,0,0,40.368
0,35,79,0,0,40.3645
0,36,79,0,0,40.361
0,37,79,0,0,40.3574
0,38,79,0,0,40.3538
0,39,79,0,0,40.3502
0,40,79,0,0,40.3465
0,41,79,0,0,40.3428
0,42,79,0,0,40.3391
0,43,79,0,0,40.3353
0,44,79,0,0,40.3316
0,45,79,0,0,40.3278
0,46,79,0,0,40.324
0,47,79,0,0,40.3202
0,48,79,0,0,40.3164
0,49,79,0,0,40.3125
0,50,79,0,0,40.3087
0,51,79,0,0,40.3049
0,52,79,0,0,40.301
0,53,79,0,0,40.2972
0,54,79,0,0,40.2934
0,55,79,0,0,40.2896
0,56,79,0,0,40.2858
0,57,79,0,0,40.282
0,58,79,0,0,40.2782
0,59,79,0,0,40.2745
0,60,79,0,0,40.2707
0,61,79,0,0,40.267
0,62,79,0,0,40.2633
0,63,79,0,0,40.2597
0,64,79,0,6.09525e-06,40.256
0,65,79,0,0,40.2519
0,66,79,0,0,40.2479
0,67,79,0,0,40.2438
0,68,79,0,0,40.2398
0,69,79,0,0,40.2358
0,70,79,0,0,40.2319
0,71,79,0,0,40.228
0,72,79,0,0,40.2241
0,73,79,0,0,40.2203
0,74,79,0,0,40.2165
0,75,79,0,0,40.2128
0,76,79,0,0,40.2091
0,77,79,0,0,40.2054
0,78,79,0,0,40.2018
0,79,79,0,0,40.1982
0,80,79,0,0,40.1947
0,81,79,0,0,40.1912
0,82,79,0,0,40.1877
0,83,79,0,0,40.1843
0,84,79,0,0,40.181
0,85,79,0,0,40.1777
0,86,79,0,0,40.1744
0,87,79,0,0,40.1712
0,88,79,0,0,40.168
0,89,79,0,0,40.1649
0,90,79,0,0,40.1618
0,91,79,0,0,40.1587
0,92,79,0,0,40.1557
0,93,79,0,0,40.1528
0,94,79,0,0,40.1499
0,95,79,0,0,40.1471
0,96,79,0,0,40.1442
0,97,79,0,0,40.1415
0,98,79,0,0,40.1388
0,99,79,0,0,40.1361
0,100,79,0,0,40.1335
0,101,79,0,0,40.1309
0,102,79,0,0,40.1284
0,103,79,0,0,40.1259
0,104,79,0,0,40.1235
0,105,79,0,0,40.1211
0,106,79,0,0,40.1188
0,107,79,0,0,40.1165
0,108,79,0,0,40.1143
0,109,79,0,0,40.1121
0,110,79,0,0,40.1099
0,111,79,0,0,40.1078
0,112,79,0,0,40.1057
0,113,79,0,0,40.1037
0,114,79,0,0,40.1018
0,115,79,0,0,40.0998
0,116,79,0,0,40.098
0,117,79,0,0,40.0961
0,118,79,0,0,40.0943
0,119,79,0,0,40.0926
0,120,79,0,0,40.0909
0,121,79,0,0,40.0892
0,122,79,0,0,40.0876
0,123,79,0,0,40.086
0,124,79,0,0,40.0845
0,125,79,0,0,40.083
0,126,79,0,0,40.0816
0,127,79,0,0,40.0802
0,128,79,0,6.09525e-06,40.0788
0,129,79,0,0,40.077
0,130,79,0,0,40.0752
0,131,79,0,0,40.0735
0,132,79,0,0,40.0718
0,133,79,0,0,40.0702
0,134,79,0,0,40.0686
0,135,79,0,0,40.067
0,136,79,0,0,40.0655
0,137,79,0,0,40.064
0,138,79,0,0,40.0625
0,139,79,0,0,40.0611
0,140,79,0,0,40.0597
0,141,79,0,0,40.0584
0,142,79,0,0,40.057
0,143,79,0,0,40.0558
0,144,79,0,0,40.0545
0,145,79,0,0,40.0533
0,146,79,0,0,40.0521
0,147,79,0,0,40.0509
0,148,79,0,0,40.0498
0,149,79,0,0,40.0487
0,150,79,0,0,40.0476
0,151,79,0,0,40.0466
0,152,79,0,0,40.0456
0,153,79,0,0,40.0446
0,154,79,0,0,40.0436
0,155,79,0,0,40.0427
0,156,79,0,0,40.0418
0,157,79,0,0,40.0409
0,158,79,0,0,40.04
0,159,79,0,0,40.0392
0,160,79,0,0,40.0384
0,161,79,0,0,40.0376
0,162,79,0,0,40.0368
0,163,79,0,0,40.0361
0,164,79,0,0,40.0354
0,165,79,0,0,40.0347
0,166,79,0,0,40.034
0,167,79,0,0,40.0334
0,168,79,0,0,40.0327
0,169,79,0,0,40.0321
0,170,79,0,0,40.0316
0,171,79,0,0,40.031
0,172,79,0,0,40.0304
0,173,79,0,0,40.0299
0,174,79,0,0,40.0294
0,175,79,0,0,40.0289
0,176,79,0,0,40.0285
0,177,79,0,0,40.028
0,178,79,0,0,40.0276
0,179,79,0,0,40.0272
0,180,79,0,0,40.0268
0,181,79,0,0,40.0265
0,182,79,0,0,40.0261
0,183,79,0,0,40.0258
0,184,79,0,0,40.0255
0,185,79,0,0,40.0252
0,186,79,0,0,40.025
0,187,79,0,0,40.0247
0,188,79,0,0,40.0245
0,189,79,0,0,40.0243
0,190,79,0,0,40.0241
0,191,79,0,0,40.0239
0,192,79,0,6.09525e-06,40.0238
0,193,79,0,0,40.0232
0,194,79,0,0,40.0226
0,195,79,0,0,40.022
0,196,79,0,0,40.0214
0,197,79,0,0,40.0208
0,198,79,0,0,40.0203
0,199,79,0,0,40.0198
0,200,79,0,0,40.0193
0,201,79,0,0,40.0188
0,202,79,0,0,40.0183
0,203,79,0,0,40.0179
0,204,79,0,0,40.0174
0,205,79,0,0,40.017
0,206,79,0,0,40.0166
0,207,79,0,0,40.0162
0,208,79,0,0,40.0158
0,209,79,0,0,40.0154
0,210,79,0,0,40.0151
0,211,79,0,0,40.0147
0,212,79,0,0,40.0144
0,213,79,0,0,40.014
0,214,79,0,0,40.0137
0,215,79,0,0,40.0134
0,216,79,0,0,40.0131
0,217,79,0,0,40.0128
0,218,79,0,0,40.0125
0,219,79,0,0,40.0123
0,220,79,0,0,40.012
0,221,79,0,0,40.0118
0,222,79,0,0,40.0115
0,223,79,0,0,40.0113
0,224,79,0,0,40.0111
0,225,79,0,0,40.0109
0,226,79,0,0,40.0106
0,227,79,0,0,40.0104
0,228,79,0,0,40.0103
0,229,79,0,0,40.0101
0,230,79,0,0,40.0099
0,231,79,0,0,40.0097
0,232,79,0,0,40.0096
0,233,79,0,0,40.0094
0,234,79,0,0,40.0093
0,235,79,0,0,40.0091
0,236,79,0,0,40.009
0,237,79,0,0,40.0089
0,238,79,0,0,40.0088
0,239,79,0,0,40.0087
0,240,79,0,0,40.0086
0,241,79,0,0,40.0085
0,242,79,0,0,40.0084
0,243,79,0,0,40.0083
0,244,79,0,0,40.0082
0,245,79,0,0,40.0081
0,246,79,0,0,40.0081
0,247,79,0,0,40.008
0,248,79,0,0,40.0079
0,249,79,0,0,40.0079
0,250,79,0,0,40.0079
0,251,79,0,0,40.0078
0,252,79,0,0,40.0078
0,253,79,0,0,40.0078
0,254,79,0,0,40.0078
0,255,79,0,0,40.0077
0,0,80,0,6.09525e-06,40.4238
0,1,80,0,0,40.4231
0,2,80,0,0,40.4223
0,3,80,0,0,40.4215
0,4,80,0,0,40.4205
0,5,80,0,0,40.4194
0,6,80,0,0,40.4183
0,7,80,0,0,40.417
0,8,80,0,0,40.4157
0,9,80,0,0,40.4142
0,10,80,0,0,40.4127
0,11,80,0,0,40.4111
0,12,80,0,0,40.4094
0,13,80,0,0,40.4076
0,14,80,0,0,40.4057
0,15,80,0,0,40.4037
0,16,80,0,0,40.4017
0,17,80,0,0,40.3995
0,18,80,0,0,40.3973
0,19,80,0,0,40.395
0,20,80,0,0,40.3926
0,21,80,0,0,40.3902
0,22,80,0,0,40.3877
0,23,80,0,0,40.3851
0,24,80,0,0,40.3824
0,25,80,0,0,40.3796
0,26,80,0,0,40.3768
0,27,80,0,0,40.374
0,28,80,0,0,40.371
0,29,80,0,0,40.368
0,30,80,0,0,40.365
0,31,80,0,0,40.3619
0,32,80,0,0,40.3587
0,33,80,0,0,40.3555
0,34,80,0,0,40.3523
0,35,80,0,0,40.349
0,36,80,0,0,40.3457
0,37,80,0,0,40.3423
0,38,80,0,0,40.3389
0,39,80,0,0,40.3355
0,40,80,0,0,40.332
0,41,80,0,0,40.3285
0,42,80,0,0,40.325
0,43,80,0,0,40.3215
0,44,80,0,0,40.3179
0,45,80,0,0,40.3143
0,46,80,0,0,40.3107
0,47,80,0,0,40.3071
0,48,80,0,0,40.3035
0,49,80,0,0,40.2999
0,50,80,0,0,40.2963
0,51,80,0,0,40.2927
0,52,80,0,0,40.289
0,53,80,0,0,40.2854
0,54,80,0,0,40.2818
0,55,80,0,0,40.2782
0,56,80,0,0,40.2746
0,57,80,0,0,40.271
0,58,80,0,0,40.2674
0,59,80,0,0,40.2639
0,60,80,0,0,40.2603
0,61,80,0,0,40.2568
0,62,80,0,0,40.2533
0,63,80,0,0,40.2499
0,64,80,0,6.09525e-06,40.2464
0,65,80,0,0,40.2425
0,66,80,0,0,40.2386
0,67,80,0,0,40.2348
0,68,80,0,0,40.2309
0,69,80,0,0,40.2272
0,70,80,0,0,40.2234
0,71,80,0,0,40.2197
0,72,80,0,0,40.216
0,73,80,0,0,40.2123
0,74,80,0,0,40.2087
0,75,80,0,0,40.2052
0,76,80,0,0,40.2016
0,77,80,0,0,40.1981
0,78,80,0,0,40.1947
0,79,80,0,0,40.1912
0,80,80,0,0,40.1879
0,81,80,0,0,40.1845
0,82,80,0,0,40.1812
0,83,80,0,0,40.178
0,84,80,0,0,40.1748
0,85,80,0,0,40.1716
0,86,80,0,0,40.1685
0,87,80,0,0,40.1654
0,88,80,0,0,40.1623
0,89,80,0,0,40.1593
0,90,80,0,0,40.1564
0,91,80,0,0,40.1535
0,92,80,0,0,40.1506
0,93,80,0,0,40.1478
0,94,80,0,0,40.145
0,95,80,0,0,40.1423
0,96,80,0,0,40.1396
0,97,80,0,0,40.137
0,98,80,0,0,40.1344
0,99,80,0,0,40.1318
0,100,80,0,0,40.1293
0,101,80,0,0,40.1268
0,102,80,0,0,40.1244
0,103,80,0,0,40.122
0,104,80,0,0,40.1197
0,105,80,0,0,40.1174
0,106,80,0,0,40.1152
0,107,80,0,0,40.113
0,108,80,0,0,40.1108
0,109,80,0,0,40.1087
0,110,80,0,0,40.1067
0,111,80,0,0,40.1047
0,112,80,0,0,40.1027
0,113,80,0,0,40.1007
0,114,80,0,0,40.0989
0,115,80,0,0,40.097
0,116,80,0,0,40.0952
0,117,80,0,0,40.0934
0,118,80,0,0,40.0917
0,119,80,0,0,40.09
0,120,80,0,0,40.0884
0,121,80,0,0,40.0868
0,122,80,0,0,40.0853
0,123,80,0,0,40.0838
0,124,80,0,0,40.0823
0,125,80,0,0,40.0809
0,126,80,0,0,40.0795
0,127,80,0,0,40.0782
0,128,80,0,6.09525e-06,40.0769
0,129,80,0,0,40.0751
0,130,80,0,0,40.0734
0,131,80,0,0,40.0717
0,132,80,0,0,40.0701
0,133,80,0,0,40.0685
0,134,80,0,0,40.0669
0,135,80,0,0,40.0654
0,136,80,0,0,40.0639
0,137,80,0,0,40.0625
0,138,80,0,0,40.061
0,139,80,0,0,40.0597
0,140,80,0,0,40.0583
0,141,80,0,0,40.057
0,142,80,0,0,40.0557
0,143,80,0,0,40.0545
0,144,80,0,0,40.0533
0,145,80,0,0,40.0521
0,146,80,0,0,40.0509
0,147,80,0,0,40.0498
0,148,80,0,0,40.0487
0,149,80,0,0,40.0476
0,150,80,0,0,40.0466
0,151,80,0,0,40.0456
0,152,80,0,0,40.0446
0,153,80,0,0,40.0436
0,154,80,0,0,40.0427
0,155,80,0,0,40.0418
0,156,80,0,0,40.0409
0,157,80,0,0,40.04
0,158,80,0,0,40.0392
0,159,80,0,0,40.0384
0,160,80,0,0,40.0376
0,161,80,0,0,40.0368
0,162,80,0,0,40.0361
0,163,80,0,0,40.0354
0,164,80,0,0,40.0347
0,165,80,0,0,40.034
0,166,80,0,0,40.0334
0,167,80,0,0,40.0327
0,168,80,0,0,40.0321
0,169,80,0,0,40.0315
0,170,80,0,0,40.031
0,171,80,0,0,40.0304
0,172,80,0,0,40.0299
0,173,80,0,0,40.0294
0,174,80,0,0,40.0289
0,175,80,0,0,40.0285
0,176,80,0,0,40.028
0,177,80,0,0,40.0276
0,178,80,0,0,40.0272
0,179,80,0,0,40.0268
0,180,80,0,0,40.0264
0,181,80,0,0,40.0261
0,182,80,0,0,40.0257
0,183,80,0,0,40.0254
0,184,80,0,0,40.0251
0,185,80,0,0,40.0249
0,186,80,0,0,40.0246
0,187,80,0,0,40.0244
0,188,80,0,0,40.0242
0,189,80,0,0,40.024
0,190,80,0,0,40.0238
0,191,80,0,0,40.0236
0,192,80,0,6.09525e-06,40.0235
0,193,80,0,0,40.0229
0,194,80,0,0,40.0223
0,195,80,0,0,40.0217
0,196,80,0,0,40.0211
0,197,80,0,0,40.0206
0,198,80,0,0,40.0201
0,199,80,0,0,40.0195
0,200,80,0,0,40.0191
0,201,80,0,0,40.0186
0,202,80,0,0,40.0181
0,203,80,0,0,40.0177
0,204,80,0,0,40.0172
0,205,80,0,0,40.0168
0,206,80,0,0,40.0164
0,207,80,0,0,40.016
0,208,80,0,0,40.0156
0,209,80,0,0,40.0152
0,210,80,0,0,40.0149
0,211,80,0,0,40.0145
0,212,80,0,0,40.0142
0,213,80,0,0,40.0139
0,214,80,0,0,40.0136
0,215,80,0,0,40.0132
0,216,80,0,0,40.013
0,217,80,0,0,40.0127
0,218,80,0,0,40.0124
0,219,80,0,0,40.0121
0,220,80,0,0,40.0119
0,221,80,0,0,40.0116
0,222,80,0,0,40.0114
0,223,80,0,0,40.0112
0,224,80,0,0,40.0109
0,225,80,0,0,40.0107
0,226,80,0,0,40.0105
0,227,80,0,0,40.0103
0,228,80,0,0,40.0101
0,229,80,0,0,40.01
0,230,80,0,0,40.0098
0,231,80,0,0,40.0096
0,232,80,0,0,40.0095
0,233,80,0,0,40.0093
0,234,80,0,0,40.0092
0,235,80,0,0,40.009
0,236,80,0,0,40.0089
0,237,80,0,0,40.0088
0,238,80,0,0,40.0087
0,239,80,0,0,40.0086
0,240,80,0,0,40.0085
0,241,80,0,0,40.0084
0,242,80,0,0,40.0083
0,243,80,0,0,40.0082
0,244,80,0,0,40.0081
0,245,80,0,0,40.008
0,246,80,0,0,40.008
0,247,80,0,0,40.0079
0,248,80,0,0,40.0079
0,249,80,0,0,40.0078
0,250,80,0,0,40.0078
0,251,80,0,0,40.0077
0,252,80,0,0,40.0077
0,253,80,0,0,40.0077
0,254,80,0,0,40.0077
0,255,80,0,0,40.0077
0,0,81,0,6.09525e-06,40.4052
0,1,81,0,0,40.4045
0,2,81,0,0,40.4037
0,3,81,0,0,40.4029
0,4,81,0,0,40.4019
0,5,81,0,0,40.4009
0,6,81,0,0,40.3998
0,7,81,0,0,40.3986
0,8,81,0,0,40.3973
0,9,81,0,0,40.396
0,10,81,0,0,40.3945
0,11,81,0,0,40.393
0,12,81,0,0,40.3914
0,13,81,0,0,40.3896
0,14,81,0,0,40.3879
0,15,81,0,0,40.386
0,16,81,0,0,40.384
0,17,81,0,0,40.382
0,18,81,0,0,40.3799
0,19,81,0,0,40.3777
0,20,81,0,0,40.3755
0,21,81,0,0,40.3732
0,22,81,0,0,40.3708
0,23,81,0,0,40.3683
0,24,81,0,0,40.3658
0,25,81,0,0,40.3632
0,26,81,0,0,40.3605
0,27,81,0,0,40.3578
0,28,81,0,0,40.355
0,29,81,0,0,40.3522
0,30,81,0,0,40.3493
0,31,81,0,0,40.3464
0,32,81,0,0,40.3434
0,33,81,0,0,40.3404
0,34,81,0,0,40.3373
0,35,81,0,0,40.3342
0,36,81,0,0,40.3311
0,37,81,0,0,40.3279
0,38,81,0,0,40.3247
0,39,81,0,0,40.3214
0,40,81,0,0,40.3182
0,41,81,0,0,40.3149
0,42,81,0,0,40.3115
0,43,81,0,0,40.3082
0,44,81,0,0,40.3048
0,45,81,0,0,40.3014
0,46,81,0,0,40.298
0,47,81,0,0,40.2946
0,48,81,0,0,40.2912
0,49,81,0,0,40.2878
0,50,81,0,0,40.2844
0,51,81,0,0,40.2809
0,52,81,0,0,40.2775
0,53,81,0,0,40.2741
0,54,81,0,0,40.2707
0,55,81,0,0,40.2673
0,56,81,0,0,40.2639
0,57,81,0,0,40.2605
0,58,81,0,0,40.2571
0,59,81,0,0,40.2537
0,60,81,0,0,40.2504
0,61,81,0,0,40.247
0,62,81,0,0,40.2437
0,63,81,0,0,40.2404
0,64,81,0,6.09525e-06,40.2372
0,65,81,0,0,40.2335
0,66,81,0,0,40.2297
0,67,81,0,0,40.2261
0,68,81,0,0,40.2224
0,69,81,0,0,40.2188
0,70,81,0,0,40.2152
0,71,81,0,0,40.2117
0,72,81,0,0,40.2082
0,73,81,0,0,40.2047
0,74,81,0,0,40.2012
0,75,81,0,0,40.1978
0,76,81,0,0,40.1944
0,77,81,0,0,40.1911
0,78,81,0,0,40.1878
0,79,81,0,0,40.1845
0,80,81,0,0,40.1813
0,81,81,0,0,40.1781
0,82,81,0,0,40.1749
0,83,81,0,0,40.1718
0,84,81,0,0,40.1688
0,85,81,0,0,40.1657
0,86,81,0,0,40.1627
0,87,81,0,0,40.1598
0,88,81,0,0,40.1569
0,89,81,0,0,40.154
0,90,81,0,0,40.1512
0,91,81,0,0,40.1484
0,92,81,0,0,40.1457
0,93,81,0,0,40.143
0,94,81,0,0,40.1403
0,95,81,0,0,40.1377
0,96,81,0,0,40.1351
0,97,81,0,0,40.1326
0,98,81,0,0,40.1301
0,99,81,0,0,40.1276
0,100,81,0,0,40.1252
0,101,81,0,0,40.1229
0,102,81,0,0,40.1206
0,103,81,0,0,40.1183
0,104,81,0,0,40.1161
0,105,81,0,0,40.1139
0,106,81,0,0,40.1117
0,107,81,0,0,40.1096
0,108,81,0,0,40.1075
0,109,81,0,0,40.1055
0,110,81,0,0,40.1035
0,111,81,0,0,40.1016
0,112,81,0,0,40.0997
0,113,81,0,0,40.0978
0,114,81,0,0,40.096
0,115,81,0,0,40.0943
0,116,81,0,0,40.0925
0,117,81,0,0,40.0908
0,118,81,0,0,40.0892
0,119,81,0,0,40.0876
0,120,81,0,0,40.086
0,121,81,0,0,40.0845
0,122,81,0,0,40.083
0,123,81,0,0,40.0816
0,124,81,0,0,40.0801
0,125,81,0,0,40.0788
0,126,81,0,0,40.0775
0,127,81,0,0,40.0762
0,128,81,0,6.09525e-06,40.0749
0,129,81,0,0,40.0732
0,130,81,0,0,40.0716
0,131,81,0,0,40.0699
0,132,81,0,0,40.0684
0,133,81,0,0,40.0668
0,134,81,0,0,40.0653
0,135,81,0,0,40.0638
0,136,81,0,0,40.0624
0,137,81,0,0,40.061
0,138,81,0,0,40.0596
0,139,81,0,0,40.0583
0,140,81,0,0,40.0569
0,141,81,0,0,40.0557
0,142,81,0,0,40.0544
0,143,81,0,0,40.0532
0,144,81,0,0,40.052
0,145,81,0,0,40.0509
0,146,81,0,0,40.0498
0,147,81,0,0,40.0487
0,148,81,0,0,40.0476
0,149,81,0,0,40.0466
0,150,81,0,0,40.0455
0,151,81,0,0,40.0446
0,152,81,0,0,40.0436
0,153,81,0,0,40.0427
0,154,81,0,0,40.0418
0,155,81,0,0,40.0409
0,156,81,0,0,40.04
0,157,81,0,0,40.0392
0,158,81,0,0,40.0384
0,159,81,0,0,40.0376
0,160,81,0,0,40.0368
0,161,81,0,0,40.0361
0,162,81,0,0,40.0354
0,163,81,0,0,40.0347
0,164,81,0,0,40.034
0,165,81,0,0,40.0334
0,166,81,0,0,40.0327
0,167,81,0,0,40.0321
0,168,81,0,0,40.0315
0,169,81,0,0,40.031
0,170,81,0,0,40.0304
0,171,81,0,0,40.0299
0,172,81,0,0,40.0294
0,173,81,0,0,40.0289
0,174,81,0,0,40.0284
0,175,81,0,0,40.028
0,176,81,0,0,40.0275
0,177,81,0,0,40.0271
0,178,81,0,0,40.0267
0,179,81,0,0,40.0264
0,180,81,0,0,40.026
0,181,81,0,0,40.0257
0,182,81,0,0,40.0253
0,183,81,0,0,40.025
0,184,81,0,0,40.0248
0,185,81,0,0,40.0245
0,186,81,0,0,40.0243
0,187,81,0,0,40.024
0,188,81,0,0,40.0238
0,189,81,0,0,40.0236
0,190,81,0,0,40.0235
0,191,81,0,0,40.0233
0,192,81,0,6.09525e-06,40.0232
0,193,81,0,0,40.0226
0,194,81,0,0,40.022
0,195,81,0,0,40.0214
0,196,81,0,0,40.0209
0,197,81,0,0,40.0203
0,198,81,0,0,40.0198
0,199,81,0,0,40.0193
0,200,81,0,0,40.0188
0,201,81,0,0,40.0183
0,202,81,0,0,40.0179
0,203,81,0,0,40.0174
0,204,81,0,0,40.017
0,205,81,0,0,40.0166
0,206,81,0,0,40.0162
0,207,81,0,0,40.0158
0,208,81,0,0,40.0154
0,209,81,0,0,40.0151
0,210,81,0,0,40.0147
0,211,81,0,0,40.0144
0,212,81,0,0,40.014
0,213,81,0,0,40.0137
0,214,81,0,0,40.0134
0,215,81,0,0,40.0131
0,216,81,0,0,40.0128
0,217,81,0,0,40.0125
0,218,81,0,0,40.0123
0,219,81,0,0,40.012
0,220,81,0,0,40.0117
0,221,81,0,0,40.0115
0,222,81,0,0,40.0113
0,223,81,0,0,40.011
0,224,81,0,0,40.0108
0,225,81,0,0,40.0106
0,226,81,0,0,40.0104
0,227,81,0,0,40.0102
0,228,81,0,0,40.01
0,229,81,0,0,40.0099
0,230,81,0,0,40.0097
0,231,81,0,0,40.0095
0,232,81,0,0,40.0094
0,233,81,0,0,40.0092
0,234,81,0,0,40.0091
0,235,81,0,0,40.0089
0,236,81,0,0,40.0088
0,237,81,0,0,40.0087
0,238,81,0,0,40.0086
0,239,81,0,0,40.0085
0,240,81,0,0,40.0084
0,241,81,0,0,40.0083
0,242,81,0,0,40.0082
0,243,81,0,0,40.0081
0,244,81,0,0,40.008
0,245,81,0,0,40.008
0,246,81,0,0,40.0079
0,247,81,0,0,40.0078
0,248,81,0,0,40.0078
0,249,81,0,0,40.0077
0,250,81,0,0,40.0077
0,251,81,0,0,40.0077
0,252,81,0,0,40.0076
0,253,81,0,0,40.0076
0,254,81,0,0,40.0076
0,255,81,0,0,40.0076
0,0,82,0,6.09525e-06,40.3874
0,1,82,0,0,40.3868
0,2,82,0,0,40.386
0,3,82,0,0,40.3852
0,4,82,0,0,40.3843
0,5,82,0,0,40.3833
0,6,82,0,0,40.3823
0,7,82,0,0,40.3811
0,8,82,0,0,40.3799
0,9,82,0,0,40.3786
0,10,82,0,0,40.3772
0,11,82,0,0,40.3757
0,12,82,0,0,40.3742
0,13,82,0,0,40.3726
0,14,82,0,0,40.3709
0,15,82,0,0,40.3691
0,16,82,0,0,40.3672
0,17,82,0,0,40.3653
0,18,82,0,0,40.3633
0,19,82,0,0,40.3613
0,20,82,0,0,40.3591
0,21,82,0,0,40.3569
0,22,82,0,0,40.3547
0,23,82,0,0,40.3523
0,24,82,0,0,40.3499
0,25,82,0,0,40.3475
0,26,82,0,0,40.345
0,27,82,0,0,40.3424
0,28,82,0,0,40.3398
0,29,82,0,0,40.3371
0,30,82,0,0,40.3344
0,31,82,0,0,40.3316
0,32,82,0,0,40.3288
0,33,82,0,0,40.326
0,34,82,0,0,40.3231
0,35,82,0,0,40.3201
0,36,82,0,0,40.3172
0,37,82,0,0,40.3141
0,38,82,0,0,40.3111
0,39,82,0,0,40.308
0,40,82,0,0,40.3049
0,41,82,0,0,40.3018
0,42,82,0,0,40.2987
0,43,82,0,0,40.2955
0,44,82,0,0,40.2923
0,45,82,0,0,40.2891
0,46,82,0,0,40.2859
0,47,82,0,0,40.2827
0,48,82,0,0,40.2795
0,49,82,0,0,40.2762
0,50,82,0,0,40.273
0,51,82,0,0,40.2698
0,52,82,0,0,40.2665
0,53,82,0,0,40.2633
0,54,82,0,0,40.26
0,55,82,0,0,40.2568
0,56,82,0,0,40.2536
0,57,82,0,0,40.2504
0,58,82,0,0,40.2472
0,59,82,0,0,40.244
0,60,82,0,0,40.2408
0,61,82,0,0,40.2377
0,62,82,0,0,40.2345
0,63,82,0,0,40.2314
0,64,82,0,6.09525e-06,40.2283
0,65,82,0,0,40.2248
0,66,82,0,0,40.2212
0,67,82,0,0,40.2177
0,68,82,0,0,40.2142
0,69,82,0,0,40.2108
0,70,82,0,0,40.2074
0,71,82,0,0,40.204
0,72,82,0,0,40.2006
0,73,82,0,0,40.1973
0,74,82,0,0,40.194
0,75,82,0,0,40.1907
0,76,82,0,0,40.1875
0,77,82,0,0,40.1843
0,78,82,0,0,40.1812
0,79,82,0,0,40.178
0,80,82,0,0,40.1749
0,81,82,0,0,40.1719
0,82,82,0,0,40.1689
0,83,82,0,0,40.1659
0,84,82,0,0,40.163
0,85,82,0,0,40.1601
0,86,82,0,0,40.1572
0,87,82,0,0,40.1544
0,88,82,0,0,40.1516
0,89,82,0,0,40.1489
0,90,82,0,0,40.1462
0,91,82,0,0,40.1435
0,92,82,0,0,40.1409
0,93,82,0,0,40.1383
0,94,82,0,0,40.1357
0,95,82,0,0,40.1332
0,96,82,0,0,40.1308
0,97,82,0,0,40.1283
0,98,82,0,0,40.126
0,99,82,0,0,40.1236
0,100,82,0,0,40.1213
0,101,82,0,0,40.119
0,102,82,0,0,40.1168
0,103,82,0,0,40.1146
0,104,82,0,0,40.1125
0,105,82,0,0,40.1104
0,106,82,0,0,40.1083
0,107,82,0,0,40.1063
0,108,82,0,0,40.1043
0,109,82,0,0,40.1024
0,110,82,0,0,40.1005
0,111,82,0,0,40.0986
0,112,82,0,0,40.0968
0,113,82,0,0,40.095
0,114,82,0,0,40.0933
0,115,82,0,0,40.0916
0,116,82,0,0,40.0899
0,117,82,0,0,40.0883
0,118,82,0,0,40.0867
0,119,82,0,0,40.0852
0,120,82,0,0,40.0837
0,121,82,0,0,40.0822
0,122,82,0,0,40.0808
0,123,82,0,0,40.0794
0,124,82,0,0,40.0781
0,125,82,0,0,40.0768
0,126,82,0,0,40.0755
0,127,82,0,0,40.0743
0,128,82,0,6.09525e-06,40.0731
0,129,82,0,0,40.0714
0,130,82,0,0,40.0698
0,131,82,0,0,40.0682
0,132,82,0,0,40.0667
0,133,82,0,0,40.0652
0,134,82,0,0,40.0637
0,135,82,0,0,40.0623
0,136,82,0,0,40.0609
0,137,82,0,0,40.0595
0,138,82,0,0,40.0582
0,139,82,0,0,40.0569
0,140,82,0,0,40.0556
0,141,82,0,0,40.0544
0,142,82,0,0,40.0532
0,143,82,0,0,40.052
0,144,82,0,0,40.0508
0,145,82,0,0,40.0497
0,146,82,0,0,40.0486
0,147,82,0,0,40.0476
0,148,82,0,0,40.0465
0,149,82,0,0,40.0455
0,150,82,0,0,40.0446
0,151,82,0,0,40.0436
0,152,82,0,0,40.0427
0,153,82,0,0,40.0418
0,154,82,0,0,40.0409
0,155,82,0,0,40.04
0,156,82,0,0,40.0392
0,157,82,0,0,40.0384
0,158,82,0,0,40.0376
0,159,82,0,0,40.0368
0,160,82,0,0,40.0361
0,161,82,0,0,40.0354
0,162,82,0,0,40.0347
0,163,82,0,0,40.034
0,164,82,0,0,40.0333
0,165,82,0,0,40.0327
0,166,82,0,0,40.0321
0,167,82,0,0,40.0315
0,168,82,0,0,40.0309
0,169,82,0,0,40.0304
0,170,82,0,0,40.0299
0,171,82,0,0,40.0293
0,172,82,0,0,40.0289
0,173,82,0,0,40.0284
0,174,82,0,0,40.0279
0,175,82,0,0,40.0275
0,176,82,0,0,40.0271
0,177,82,0,0,40.0267
0,178,82,0,0,40.0263
0,179,82,0,0,40.0259
0,180,82,0,0,40.0256
0,181,82,0,0,40.0253
0,182,82,0,0,40.025
0,183,82,0,0,40.0247
0,184,82,0,0,40.0244
0,185,82,0,0,40.0241
0,186,82,0,0,40.0239
0,187,82,0,0,40.0237
0,188,82,0,0,40.0235
0,189,82,0,0,40.0233
0,190,82,0,0,40.0232
0,191,82,0,0,40.023
0,192,82,0,6.09525e-06,40.0229
0,193,82,0,0,40.0223
0,194,82,0,0,40.0217
0,195,82,0,0,40.0212
0,196,82,0,0,40.0206
0,197,82,0,0,40.0201
0,198,82,0,0,40.0196
0,199,82,0,0,40.0191
0,200,82,0,0,40.0186
0,201,82,0,0,40.0181
0,202,82,0,0,40.0177
0,203,82,0,0,40.0172
0,204,82,0,0,40.0168
0,205,82,0,0,40.0164
0,206,82,0,0,40.016
0,207,82,0,0,40.0156
0,208,82,0,0,40.0152
0,209,82,0,0,40.0149
0,210,82,0,0,40.0145
0,211,82,0,0,40.0142
0,212,82,0,0,40.0139
0,213,82,0,0,40.0136
0,214,82,0,0,40.0132
0,215,82,0,0,40.013
0,216,82,0,0,40.0127
0,217,82,0,0,40.0124
0,218,82,0,0,40.0121
0,219,82,0,0,40.0119
0,220,82,0,0,40.0116
0,221,82,0,0,40.0114
0,222,82,0,0,40.0111
0,223,82,0,0,40.0109
0,224,82,0,0,40.0107
0,225,82,0,0,40.0105
0,226,82,0,0,40.0103
0,227,82,0,0,40.0101
0,228,82,0,0,40.0099
0,229,82,0,0,40.0098
0,230,82,0,0,40.0096
0,231,82,0,0,40.0094
0,232,82,0,0,40.0093
0,233,82,0,0,40.0091
0,234,82,0,0,40.009
0,235,82,0,0,40.0089
0,236,82,0,0,40.0087
0,237,82,0,0,40.0086
0,238,82,0,0,40.0085
0,239,82,0,0,40.0084
0,240,82,0,0,40.0083
0,241,82,0,0,40.0082
0,242,82,0,0,40.0081
0,243,82,0,0,40.008
0,244,82,0,0,40.008
0,245,82,0,0,40.0079
0,246,82,0,0,40.0078
0,247,82,0,0,40.0078
0,248,82,0,0,40.0077
0,249,82,0,0,40.0077
0,250,82,0,0,40.0076
0,251,82,0,0,40.0076
0,252,82,0,0,40.0076
0,253,82,0,0,40.0075
0,254,82,0,0,40.0075
0,255,82,0,0,40.0075
0,0,83,0,6.09525e-06,40.3706
0,1,83,0,0,40.37
0,2,83,0,0,40.3692
0,3,83,0,0,40.3684
0,4,83,0,0,40.3676
0,5,83,0,0,40.3666
0,6,83,0,0,40.3656
0,7,83,0,0,40.3645
0,8,83,0,0,40.3633
0,9,83,0,0,40.3621
0,10,83,0,0,40.3607
0,11,83,0,0,40.3593
0,12,83,0,0,40.3579
0,13,83,0,0,40.3563
0,14,83,0,0,40.3547
0,15,83,0,0,40.353
0,16,83,0,0,40.3513
0,17,83,0,0,40.3494
0,18,83,0,0,40.3476
0,19,83,0,0,40.3456
0,20,83,0,0,40.3436
0,21,83,0,0,40.3415
0,22,83,0,0,40.3393
0,23,83,0,0,40.3371
0,24,83,0,0,40.3349
0,25,83,0,0,40.3326
0,26,83,0,0,40.3302
0,27,83,0,0,40.3278
0,28,83,0,0,40.3253
0,29,83,0,0,40.3228
0,30,83,0,0,40.3202
0,31,83,0,0,40.3176
0,32,83,0,0,40.3149
0,33,83,0,0,40.3122
0,34,83,0,0,40.3095
0,35,83,0,0,40.3067
0,36,83,0,0,40.3039
0,37,83,0,0,40.301
0,38,83,0,0,40.2982
0,39,83,0,0,40.2952
0,40,83,0,0,40.2923
0,41,83,0,0,40.2894
0,42,83,0,0,40.2864
0,43,83,0,0,40.2834
0,44,83,0,0,40.2804
0,45,83,0,0,40.2774
0,46,83,0,0,40.2743
0,47,83,0,0,40.2713
0,48,83,0,0,40.2682
0,49,83,0,0,40.2652
0,50,83,0,0,40.2621
0,51,83,0,0,40.259
0,52,83,0,0,40.256
0,53,83,0,0,40.2529
0,54,83,0,0,40.2498
0,55,83,0,0,40.2468
0,56,83,0,0,40.2437
0,57,83,0,0,40.2407
0,58,83,0,0,40.2377
0,59,83,0,0,40.2346
0,60,83,0,0,40.2316
0,61,83,0,0,40.2287
0,62,83,0,0,40.2257
0,63,83,0,0,40.2227
0,64,83,0,6.09525e-06,40.2198
0,65,83,0,0,40.2164
0,66,83,0,0,40.213
0,67,83,0,0,40.2097
0,68,83,0,0,40.2064
0,69,83,0,0,40.2031
0,70,83,0,0,40.1998
0,71,83,0,0,40.1966
0,72,83,0,0,40.1934
0,73,83,0,0,40.1902
0,74,83,0,0,40.187
0,75,83,0,0,40.1839
0,76,83,0,0,40.1808
0,77,83,0,0,40.1778
0,78,83,0,0,40.1748
0,79,83,0,0,40.1718
0,80,83,0,0,40.1688
0,81,83,0,0,40.1659
0,82,83,0,0,40.163
0,83,83,0,0,40.1602
0,84,83,0,0,40.1574
0,85,83,0,0,40.1546
0,86,83,0,0,40.1519
0,87,83,0,0,40.1492
0,88,83,0,0,40.1465
0,89,83,0,0,40.1439
0,90,83,0,0,40.1413
0,91,83,0,0,40.1388
0,92,83,0,0,40.1362
0,93,83,0,0,40.1338
0,94,83,0,0,40.1313
0,95,83,0,0,40.1289
0,96,83,0,0,40.1266
0,97,83,0,0,40.1242
0,98,83,0,0,40.122
0,99,83,0,0,40.1197
0,100,83,0,0,40.1175
0,101,83,0,0,40.1153
0,102,83,0,0,40.1132
0,103,83,0,0,40.1111
0,104,83,0,0,40.1091
0,105,83,0,0,40.107
0,106,83,0,0,40.1051
0,107,83,0,0,40.1031
0,108,83,0,0,40.1012
0,109,83,0,0,40.0994
0,110,83,0,0,40.0976
0,111,83,0,0,40.0958
0,112,83,0,0,40.094
0,113,83,0,0,40.0923
0,114,83,0,0,40.0906
0,115,83,0,0,40.089
0,116,83,0,0,40.0874
0,117,83,0,0,40.0859
0,118,83,0,0,40.0844
0,119,83,0,0,40.0829
0,120,83,0,0,40.0814
0,121,83,0,0,40.08
0,122,83,0,0,40.0787
0,123,83,0,0,40.0773
0,124,83,0,0,40.076
0,125,83,0,0,40.0748
0,126,83,0,0,40.0736
0,127,83,0,0,40.0724
0,128,83,0,6.09525e-06,40.0713
0,129,83,0,0,40.0696
0,130,83,0,0,40.0681
0,131,83,0,0,40.0666
0,132,83,0,0,40.0651
0,133,83,0,0,40.0636
0,134,83,0,0,40.0622
0,135,83,0,0,40.0608
0,136,83,0,0,40.0594
0,137,83,0,0,40.0581
0,138,83,0,0,40.0568
0,139,83,0,0,40.0556
0,140,83,0,0,40.0543
0,141,83,0,0,40.0531
0,142,83,0,0,40.0519
0,143,83,0,0,40.0508
0,144,83,0,0,40.0497
0,145,83,0,0,40.0486
0,146,83,0,0,40.0475
0,147,83,0,0,40.0465
0,148,83,0,0,40.0455
0,149,83,0,0,40.0445
0,150,83,0,0,40.0436
0,151,83,0,0,40.0427
0,152,83,0,0,40.0417
0,153,83,0,0,40.0409
0,154,83,0,0,40.04
0,155,83,0,0,40.0392
0,156,83,0,0,40.0384
0,157,83,0,0,40.0376
0,158,83,0,0,40.0368
0,159,83,0,0,40.0361
0,160,83,0,0,40.0354
0,161,83,0,0,40.0347
0,162,83,0,0,40.034
0,163,83,0,0,40.0333
0,164,83,0,0,40.0327
0,165,83,0,0,40.0321
0,166,83,0,0,40.0315
0,167,83,0,0,40.0309
0,168,83,0,0,40.0304
0,169,83,0,0,40.0298
0,170,83,0,0,40.0293
0,171,83,0,0,40.0288
0,172,83,0,0,40.0283
0,173,83,0,0,40.0279
0,174,83,0,0,40.0274
0,175,83,0,0,40.027
0,176,83,0,0,40.0266
0,177,83,0,0,40.0262
0,178,83,0,0,40.0259
0,179,83,0,0,40.0255
0,180,83,0,0,40.0252
0,181,83,0,0,40.0249
0,182,83,0,0,40.0246
0,183,83,0,0,40.0243
0,184,83,0,0,40.024
0,185,83,0,0,40.0238
0,186,83,0,0,40.0236
0,187,83,0,0,40.0234
0,188,83,0,0,40.0232
0,189,83,0,0,40.023
0,190,83,0,0,40.0229
0,191,83,0,0,40.0227
0,192,83,0,6.09525e-06,40.0226
0,193,83,0,0,40.022
0,194,83,0,0,40.0215
0,195,83,0,0,40.0209
0,196,83,0,0,40.0204
0,197,83,0,0,40.0198
0,198,83,0,0,40.0193
0,199,83,0,0,40.0188
0,200,83,0,0,40.0184
0,201,83,0,0,40.0179
0,202,83,0,0,40.0175
0,203,83,0,0,40.017
0,204,83,0,0,40.0166
0,205,83,0,0,40.0162
0,206,83,0,0,40.0158
0,207,83,0,0,40.0154
0,208,83,0,0,40.0151
0,209,83,0,0,40.0147
0,210,83,0,0,40.0144
0,211,83,0,0,40.014
0,212,83,0,0,40.0137
0,213,83,0,0,40.0134
0,214,83,0,0,40.0131
0,215,83,0,0,40.0128
0,216,83,0,0,40.0125
0,217,83,0,0,40.0123
0,218,83,0,0,40.012
0,219,83,0,0,40.0117
0,220,83,0,0,40.0115
0,221,83,0,0,40.0113
0,222,83,0,0,40.011
0,223,83,0,0,40.0108
0,224,83,0,0,40.0106
0,225,83,0,0,40.0104
0,226,83,0,0,40.0102
0,227,83,0,0,40.01
0,228,83,0,0,40.0098
0,229,83,0,0,40.0097
0,230,83,0,0,40.0095
0,231,83,0,0,40.0093
0,232,83,0,0,40.0092
0,233,83,0,0,40.009
0,234,83,0,0,40.0089
0,235,83,0,0,40.0088
0,236,83,0,0,40.0086
0,237,83,0,0,40.0085
0,238,83,0,0,40.0084
0,239,83,0,0,40.0083
0,240,83,0,0,40.0082
0,241,83,0,0,40.0081
0,242,83,0,0,40.008
0,243,83,0,0,40.008
0,244,83,0,0,40.0079
0,245,83,0,0,40.0078
0,246,83,0,0,40.0077
0,247,83,0,0,40.0077
0,248,83,0,0,40.0076
0,249,83,0,0,40.0076
0,250,83,0,0,40.0076
0,251,83,0,0,40.0075
0,252,83,0,0,40.0075
0,253,83,0,0,40.0075
0,254,83,0,0,40.0075
0,255,83,0,0,40.0074
0,0,84,0,6.09525e-06,40.3546
0,1,84,0,0,40.354
0,2,84,0,0,40.3532
0,3,84,0,0,40.3525
0,4,84,0,0,40.3516
0,5,84,0,0,40.3507
0,6,84,0,0,40.3497
0,7,84,0,0,40.3487
0,8,84,0,0,40.3475
0,9,84,0,0,40.3463
0,10,84,0,0,40.3451
0,11,84,0,0,40.3437
0,12,84,0,0,40.3423
0,13,84,0,0,40.3409
0,14,84,0,0,40.3393
0,15,84,0,0,40.3377
0,16,84,0,0,40.3361
0,17,84,0,0,40.3343
0,18,84,0,0,40.3325
0,19,84,0,0,40.3307
0,20,84,0,0,40.3288
0,21,84,0,0,40.3268
0,22,84,0,0,40.3248
0,23,84,0,0,40.3227
0,24,84,0,0,40.3205
0,25,84,0,0,40.3183
0,26,84,0,0,40.3161
0,27,84,0,0,40.3138
0,28,84,0,0,40.3114
0,29,84,0,0,40.3091
0,30,84,0,0,40.3066
0,31,84,0,0,40.3041
0,32,84,0,0,40.3016
0,33,84,0,0,40.2991
0,34,84,0,0,40.2965
0,35,84,0,0,40.2939
0,36,84,0,0,40.2912
0,37,84,0,0,40.2885
0,38,84,0,0,40.2858
0,39,84,0,0,40.283
0,40,84,0,0,40.2803
0,41,84,0,0,40.2775
0,42,84,0,0,40.2747
0,43,84,0,0,40.2718
0,44,84,0,0,40.269
0,45,84,0,0,40.2661
0,46,84,0,0,40.2633
0,47,84,0,0,40.2604
0,48,84,0,0,40.2575
0,49,84,0,0,40.2546
0,50,84,0,0,40.2517
0,51,84,0,0,40.2488
0,52,84,0,0,40.2459
0,53,84,0,0,40.243
0,54,84,0,0,40.2401
0,55,84,0,0,40.2372
0,56,84,0,0,40.2343
0,57,84,0,0,40.2314
0,58,84,0,0,40.2286
0,59,84,0,0,40.2257
0,60,84,0,0,40.2229
0,61,84,0,0,40.22
0,62,84,0,0,40.2172
0,63,84,0,0,40.2144
0,64,84,0,6.09525e-06,40.2117
0,65,84,0,0,40.2084
0,66,84,0,0,40.2052
0,67,84,0,0,40.202
0,68,84,0,0,40.1988
0,69,84,0,0,40.1957
0,70,84,0,0,40.1926
0,71,84,0,0,40.1895
0,72,84,0,0,40.1864
0,73,84,0,0,40.1834
0,74,84,0,0,40.1804
0,75,84,0,0,40.1774
0,76,84,0,0,40.1744
0,77,84,0,0,40.1715
0,78,84,0,0,40.1686
0,79,84,0,0,40.1658
0,80,84,0,0,40.163
0,81,84,0,0,40.1602
0,82,84,0,0,40.1574
0,83,84,0,0,40.1547
0,84,84,0,0,40.152
0,85,84,0,0,40.1494
0,86,84,0,0,40.1467
0,87,84,0,0,40.1442
0,88,84,0,0,40.1416
0,89,84,0,0,40.1391
0,90,84,0,0,40.1366
0,91,84,0,0,40.1342
0,92,84,0,0,40.1318
0,93,84,0,0,40.1294
0,94,84,0,0,40.1271
0,95,84,0,0,40.1248
0,96,84,0,0,40.1225
0,97,84,0,0,40.1203
0,98,84,0,0,40.1181
0,99,84,0,0,40.1159
0,100,84,0,0,40.1138
0,101,84,0,0,40.1118
0,102,84,0,0,40.1097
0,103,84,0,0,40.1077
0,104,84,0,0,40.1057
0,105,84,0,0,40.1038
0,106,84,0,0,40.1019
0,107,84,0,0,40.1001
0,108,84,0,0,40.0982
0,109,84,0,0,40.0964
0,110,84,0,0,40.0947
0,111,84,0,0,40.093
0,112,84,0,0,40.0913
0,113,84,0,0,40.0897
0,114,84,0,0,40.0881
0,115,84,0,0,40.0865
0,116,84,0,0,40.085
0,117,84,0,0,40.0835
0,118,84,0,0,40.082
0,119,84,0,0,40.0806
0,120,84,0,0,40.0792
0,121,84,0,0,40.0779
0,122,84,0,0,40.0766
0,123,84,0,0,40.0753
0,124,84,0,0,40.0741
0,125,84,0,0,40.0729
0,126,84,0,0,40.0717
0,127,84,0,0,40.0706
0,128,84,0,6.09525e-06,40.0695
0,129,84,0,0,40.0679
0,130,84,0,0,40.0664
0,131,84,0,0,40.0649
0,132,84,0,0,40.0635
0,133,84,0,0,40.0621
0,134,84,0,0,40.0607
0,135,84,0,0,40.0593
0,136,84,0,0,40.058
0,137,84,0,0,40.0567
0,138,84,0,0,40.0555
0,139,84,0,0,40.0543
0,140,84,0,0,40.0531
0,141,84,0,0,40.0519
0,142,84,0,0,40.0508
0,143,84,0,0,40.0496
0,144,84,0,0,40.0486
0,145,84,0,0,40.0475
0,146,84,0,0,40.0465
0,147,84,0,0,40.0455
0,148,84,0,0,40.0445
0,149,84,0,0,40.0436
0,150,84,0,0,40.0426
0,151,84,0,0,40.0417
0,152,84,0,0,40.0409
0,153,84,0,0,40.04
0,154,84,0,0,40.0392
0,155,84,0,0,40.0384
0,156,84,0,0,40.0376
0,157,84,0,0,40.0368
0,158,84,0,0,40.0361
0,159,84,0,0,40.0354
0,160,84,0,0,40.0347
0,161,84,0,0,40.034
0,162,84,0,0,40.0333
0,163,84,0,0,40.0327
0,164,84,0,0,40.0321
0,165,84,0,0,40.0315
0,166,84,0,0,40.0309
0,167,84,0,0,40.0303
0,168,84,0,0,40.0298
0,169,84,0,0,40.0293
0,170,84,0,0,40.0288
0,171,84,0,0,40.0283
0,172,84,0,0,40.0278
0,173,84,0,0,40.0274
0,174,84,0,0,40.027
0,175,84,0,0,40.0266
0,176,84,0,0,40.0262
0,177,84,0,0,40.0258
0,178,84,0,0,40.0254
0,179,84,0,0,40.0251
0,180,84,0,0,40.0248
0,181,84,0,0,40.0245
0,182,84,0,0,40.0242
0,183,84,0,0,40.0239
0,184,84,0,0,40.0237
0,185,84,0,0,40.0235
0,186,84,0,0,40.0232
0,187,84,0,0,40.0231
0,188,84,0,0,40.0229
0,189,84,0,0,40.0227
0,190,84,0,0,40.0226
0,191,84,0,0,40.0225
0,192,84,0,6.09525e-06,40.0224
0,193,84,0,0,40.0218
0,194,84,0,0,40.0212
0,195,84,0,0,40.0207
0,196,84,0,0,40.0201
0,197,84,0,0,40.0196
0,198,84,0,0,40.0191
0,199,84,0,0,40.0186
0,200,84,0,0,40.0182
0,201,84,0,0,40.0177
0,202,84,0,0,40.0173
0,203,84,0,0,40.0168
0,204,84,0,0,40.0164
0,205,84,0,0,40.016
0,206,84,0,0,40.0156
0,207,84,0,0,40.0153
0,208,84,0,0,40.0149
0,209,84,0,0,40.0145
0,210,84,0,0,40.0142
0,211,84,0,0,40.0139
0,212,84,0,0,40.0136
0,213,84,0,0,40.0132
0,214,84,0,0,40.013
0,215,84,0,0,40.0127
0,216,84,0,0,40.0124
0,217,84,0,0,40.0121
0,218,84,0,0,40.0119
0,219,84,0,0,40.0116
0,220,84,0,0,40.0114
0,221,84,0,0,40.0111
0,222,84,0,0,40.0109
0,223,84,0,0,40.0107
0,224,84,0,0,40.0105
0,225,84,0,0,40.0103
0,226,84,0,0,40.0101
0,227,84,0,0,40.0099
0,228,84,0,0,40.0097
0,229,84,0,0,40.0096
0,230,84,0,0,40.0094
0,231,84,0,0,40.0092
0,232,84,0,0,40.0091
0,233,84,0,0,40.0089
0,234,84,0,0,40.0088
0,235,84,0,0,40.0087
0,236,84,0,0,40.0086
0,237,84,0,0,40.0084
0,238,84,0,0,40.0083
0,239,84,0,0,40.0082
0,240,84,0,0,40.0081
0,241,84,0,0,40.008
0,242,84,0,0,40.008
0,243,84,0,0,40.0079
0,244,84,0,0,40.0078
0,245,84,0,0,40.0077
0,246,84,0,0,40.0077
0,247,84,0,0,40.0076
0,248,84,0,0,40.0076
0,249,84,0,0,40.0075
0,250,84,0,0,40.0075
0,251,84,0,0,40.0074
0,252,84,0,0,40.0074
0,253,84,0,0,40.0074
0,254,84,0,0,40.0074
0,255,84,0,0,40.0074
0,0,85,0,6.09525e-06,40.3394
0,1,85,0,0,40.3387
0,2,85,0,0,40.338
0,3,85,0,0,40.3373
0,4,85,0,0,40.3365
0,5,85,0,0,40.3356
0,6,85,0,0,40.3346
0,7,85,0,0,40.3336
0,8,85,0,0,40.3325
0,9,85,0,0,40.3314
0,10,85,0,0,40.3302
0,11,85,0,0,40.3289
0,12,85,0,0,40.3276
0,13,85,0,0,40.3262
0,14,85,0,0,40.3247
0,15,85,0,0,40.3232
0,16,85,0,0,40.3216
0,17,85,0,0,40.32
0,18,85,0,0,40.3183
0,19,85,0,0,40.3165
0,20,85,0,0,40.3147
0,21,85,0,0,40.3128
0,22,85,0,0,40.3109
0,23,85,0,0,40.3089
0,24,85,0,0,40.3069
0,25,85,0,0,40.3048
0,26,85,0,0,40.3027
0,27,85,0,0,40.3005
0,28,85,0,0,40.2983
0,29,85,0,0,40.296
0,30,85,0,0,40.2937
0,31,85,0,0,40.2914
0,32,85,0,0,40.289
0,33,85,0,0,40.2866
0,34,85,0,0,40.2841
0,35,85,0,0,40.2816
0,36,85,0,0,40.2791
0,37,85,0,0,40.2766
0,38,85,0,0,40.274
0,39,85,0,0,40.2714
0,40,85,0,0,40.2688
0,41,85,0,0,40.2661
0,42,85,0,0,40.2635
0,43,85,0,0,40.2608
0,44,85,0,0,40.2581
0,45,85,0,0,40.2554
0,46,85,0,0,40.2527
0,47,85,0,0,40.25
0,48,85,0,0,40.2472
0,49,85,0,0,40.2445
0,50,85,0,0,40.2417
0,51,85,0,0,40.239
0,52,85,0,0,40.2362
0,53,85,0,0,40.2335
0,54,85,0,0,40.2307
0,55,85,0,0,40.228
0,56,85,0,0,40.2253
0,57,85,0,0,40.2225
0,58,85,0,0,40.2198
0,59,85,0,0,40.2171
0,60,85,0,0,40.2144
0,61,85,0,0,40.2118
0,62,85,0,0,40.2091
0,63,85,0,0,40.2065
0,64,85,0,6.09525e-06,40.2038
0,65,85,0,0,40.2007
0,66,85,0,0,40.1977
0,67,85,0,0,40.1946
0,68,85,0,0,40.1916
0,69,85,0,0,40.1886
0,70,85,0,0,40.1856
0,71,85,0,0,40.1827
0,72,85,0,0,40.1797
0,73,85,0,0,40.1768
0,74,85,0,0,40.174
0,75,85,0,0,40.1711
0,76,85,0,0,40.1683
0,77,85,0,0,40.1655
0,78,85,0,0,40.1627
0,79,85,0,0,40.16
0,80,85,0,0,40.1573
0,81,85,0,0,40.1547
0,82,85,0,0,40.152
0,83,85,0,0,40.1494
0,84,85,0,0,40.1468
0,85,85,0,0,40.1443
0,86,85,0,0,40.1418
0,87,85,0,0,40.1393
0,88,85,0,0,40.1369
0,89,85,0,0,40.1345
0,90,85,0,0,40.1321
0,91,85,0,0,40.1298
0,92,85,0,0,40.1275
0,93,85,0,0,40.1252
0,94,85,0,0,40.123
0,95,85,0,0,40.1208
0,96,85,0,0,40.1186
0,97,85,0,0,40.1165
0,98,85,0,0,40.1144
0,99,85,0,0,40.1123
0,100,85,0,0,40.1103
0,101,85,0,0,40.1083
0,102,85,0,0,40.1063
0,103,85,0,0,40.1044
0,104,85,0,0,40.1025
0,105,85,0,0,40.1007
0,106,85,0,0,40.0989
0,107,85,0,0,40.0971
0,108,85,0,0,40.0953
0,109,85,0,0,40.0936
0,110,85,0,0,40.0919
0,111,85,0,0,40.0903
0,112,85,0,0,40.0887
0,113,85,0,0,40.0871
0,114,85,0,0,40.0856
0,115,85,0,0,40.0841
0,116,85,0,0,40.0826
0,117,85,0,0,40.0812
0,118,85,0,0,40.0798
0,119,85,0,0,40.0784
0,120,85,0,0,40.0771
0,121,85,0,0,40.0758
0,122,85,0,0,40.0746
0,123,85,0,0,40.0733
0,124,85,0,0,40.0722
0,125,85,0,0,40.071
0,126,85,0,0,40.0699
0,127,85,0,0,40.0688
0,128,85,0,6.09525e-06,40.0678
0,129,85,0,0,40.0663
0,130,85,0,0,40.0648
0,131,85,0,0,40.0634
0,132,85,0,0,40.0619
0,133,85,0,0,40.0606
0,134,85,0,0,40.0592
0,135,85,0,0,40.0579
0,136,85,0,0,40.0566
0,137,85,0,0,40.0554
0,138,85,0,0,40.0542
0,139,85,0,0,40.053
0,140,85,0,0,40.0518
0,141,85,0,0,40.0507
0,142,85,0,0,40.0496
0,143,85,0,0,40.0485
0,144,85,0,0,40.0475
0,145,85,0,0,40.0464
0,146,85,0,0,40.0454
0,147,85,0,0,40.0445
0,148,85,0,0,40.0435
0,149,85,0,0,40.0426
0,150,85,0,0,40.0417
0,151,85,0,0,40.0408
0,152,85,0,0,40.04
0,153,85,0,0,40.0392
0,154,85,0,0,40.0383
0,155,85,0,0,40.0376
0,156,85,0,0,40.0368
0,157,85,0,0,40.0361
0,158,85,0,0,40.0353
0,159,85,0,0,40.0346
0,160,85,0,0,40.034
0,161,85,0,0,40.0333
0,162,85,0,0,40.0327
0,163,85,0,0,40.0321
0,164,85,0,0,40.0315
0,165,85,0,0,40.0309
0,166,85,0,0,40.0303
0,167,85,0,0,40.0298
0,168,85,0,0,40.0293
0,169,85,0,0,40.0288
0,170,85,0,0,40.0283
0,171,85,0,0,40.0278
0,172,85,0,0,40.0274
0,173,85,0,0,40.0269
0,174,85,0,0,40.0265
0,175,85,0,0,40.0261
0,176,85,0,0,40.0257
0,177,85,0,0,40.0254
0,178,85,0,0,40.025
0,179,85,0,0,40.0247
0,180,85,0,0,40.0244
0,181,85,0,0,40.0241
0,182,85,0,0,40.0238
0,183,85,0,0,40.0236
0,184,85,0,0,40.0234
0,185,85,0,0,40.0231
0,186,85,0,0,40.0229
0,187,85,0,0,40.0227
0,188,85,0,0,40.0226
0,189,85,0,0,40.0224
0,190,85,0,0,40.0223
0,191,85,0,0,40.0222
0,192,85,0,6.09525e-06,40.0221
0,193,85,0,0,40.0215
0,194,85,0,0,40.0209
0,195,85,0,0,40.0204
0,196,85,0,0,40.0199
0,197,85,0,0,40.0194
0,198,85,0,0,40.0189
0,199,85,0,0,40.0184
0,200,85,0,0,40.0179
0,201,85,0,0,40.0175
0,202,85,0,0,40.0171
0,203,85,0,0,40.0166
0,204,85,0,0,40.0162
0,205,85,0,0,40.0158
0,206,85,0,0,40.0155
0,207,85,0,0,40.0151
0,208,85,0,0,40.0147
0,209,85,0,0,40.0144
0,210,85,0,0,40.014
0,211,85,0,0,40.0137
0,212,85,0,0,40.0134
0,213,85,0,0,40.0131
0,214,85,0,0,40.0128
0,215,85,0,0,40.0125
0,216,85,0,0,40.0122
0,217,85,0,0,40.012
0,218,85,0,0,40.0117
0,219,85,0,0,40.0115
0,220,85,0,0,40.0112
0,221,85,0,0,40.011
0,222,85,0,0,40.0108
0,223,85,0,0,40.0106
0,224,85,0,0,40.0104
0,225,85,0,0,40.0102
0,226,85,0,0,40.01
0,227,85,0,0,40.0098
0,228,85,0,0,40.0096
0,229,85,0,0,40.0095
0,230,85,0,0,40.0093
0,231,85,0,0,40.0091
0,232,85,0,0,40.009
0,233,85,0,0,40.0089
0,234,85,0,0,40.0087
0,235,85,0,0,40.0086
0,236,85,0,0,40.0085
0,237,85,0,0,40.0084
0,238,85,0,0,40.0082
0,239,85,0,0,40.0081
0,240,85,0,0,40.008
0,241,85,0,0,40.008
0,242,85,0,0,40.0079
0,243,85,0,0,40.0078
0,244,85,0,0,40.0077
0,245,85,0,0,40.0077
0,246,85,0,0,40.0076
0,247,85,0,0,40.0075
0,248,85,0,0,40.0075
0,249,85,0,0,40.0074
0,250,85,0,0,40.0074
0,251,85,0,0,40.0074
0,252,85,0,0,40.0073
0,253,85,0,0,40.0073
0,254,85,0,0,40.0073
0,255,85,0,0,40.0073
0,0,86,0,6.09525e-06,40.3249
0,1,86,0,0,40.3243
0,2,86,0,0,40.3236
0,3,86,0,0,40.3229
0,4,86,0,0,40.3221
0,5,86,0,0,40.3212
0,6,86,0,0,40.3203
0,7,86,0,0,40.3193
0,8,86,0,0,40.3183
0,9,86,0,0,40.3172
0,10,86,0,0,40.316
0,11,86,0,0,40.3148
0,12,86,0,0,40.3135
0,13,86,0,0,40.3122
0,14,86,0,0,40.3108
0,15,86,0,0,40.3094
0,16,86,0,0,40.3078
0,17,86,0,0,40.3063
0,18,86,0,0,40.3047
0,19,86,0,0,40.303
0,20,86,0,0,40.3013
0,21,86,0,0,40.2995
0,22,86,0,0,40.2977
0,23,86,0,0,40.2958
0,24,86,0,0,40.2939
0,25,86,0,0,40.2919
0,26,86,0,0,40.2899
0,27,86,0,0,40.2878
0,28,86,0,0,40.2857
0,29,86,0,0,40.2836
0,30,86,0,0,40.2814
0,31,86,0,0,40.2792
0,32,86,0,0,40.2769
0,33,86,0,0,40.2746
0,34,86,0,0,40.2723
0,35,86,0,0,40.27
0,36,86,0,0,40.2676
0,37,86,0,0,40.2652
0,38,86,0,0,40.2627
0,39,86,0,0,40.2603
0,40,86,0,0,40.2578
0,41,86,0,0,40.2553
0,42,86,0,0,40.2528
0,43,86,0,0,40.2503
0,44,86,0,0,40.2477
0,45,86,0,0,40.2451
0,46,86,0,0,40.2426
0,47,86,0,0,40.24
0,48,86,0,0,40.2374
0,49,86,0,0,40.2348
0,50,86,0,0,40.2322
0,51,86,0,0,40.2296
0,52,86,0,0,40.227
0,53,86,0,0,40.2244
0,54,86,0,0,40.2218
0,55,86,0,0,40.2192
0,56,86,0,0,40.2166
0,57,86,0,0,40.2141
0,58,86,0,0,40.2115
0,59,86,0,0,40.2089
0,60,86,0,0,40.2064
0,61,86,0,0,40.2038
0,62,86,0,0,40.2013
0,63,86,0,0,40.1988
0,64,86,0,6.09525e-06,40.1964
0,65,86,0,0,40.1934
0,66,86,0,0,40.1905
0,67,86,0,0,40.1875
0,68,86,0,0,40.1846
0,69,86,0,0,40.1818
0,70,86,0,0,40.1789
0,71,86,0,0,40.1761
0,72,86,0,0,40.1733
0,73,86,0,0,40.1705
0,74,86,0,0,40.1678
0,75,86,0,0,40.1651
0,76,86,0,0,40.1624
0,77,86,0,0,40.1597
0,78,86,0,0,40.1571
0,79,86,0,0,40.1545
0,80,86,0,0,40.1519
0,81,86,0,0,40.1493
0,82,86,0,0,40.1468
0,83,86,0,0,40.1443
0,84,86,0,0,40.1419
0,85,86,0,0,40.1394
0,86,86,0,0,40.137
0,87,86,0,0,40.1347
0,88,86,0,0,40.1323
0,89,86,0,0,40.13
0,90,86,0,0,40.1278
0,91,86,0,0,40.1255
0,92,86,0,0,40.1233
0,93,86,0,0,40.1211
0,94,86,0,0,40.119
0,95,86,0,0,40.1169
0,96,86,0,0,40.1148
0,97,86,0,0,40.1128
0,98,86,0,0,40.1108
0,99,86,0,0,40.1088
0,100,86,0,0,40.1069
0,101,86,0,0,40.1049
0,102,86,0,0,40.1031
0,103,86,0,0,40.1012
0,104,86,0,0,40.0994
0,105,86,0,0,40.0976
0,106,86,0,0,40.0959
0,107,86,0,0,40.0942
0,108,86,0,0,40.0925
0,109,86,0,0,40.0909
0,110,86,0,0,40.0893
0,111,86,0,0,40.0877
0,112,86,0,0,40.0862
0,113,86,0,0,40.0847
0,114,86,0,0,40.0832
0,115,86,0,0,40.0817
0,116,86,0,0,40.0803
0,117,86,0,0,40.079
0,118,86,0,0,40.0776
0,119,86,0,0,40.0763
0,120,86,0,0,40.0751
0,121,86,0,0,40.0738
0,122,86,0,0,40.0726
0,123,86,0,0,40.0714
0,124,86,0,0,40.0703
0,125,86,0,0,40.0692
0,126,86,0,0,40.0681
0,127,86,0,0,40.0671
0,128,86,0,6.09525e-06,40.0661
0,129,86,0,0,40.0646
0,130,86,0,0,40.0632
0,131,86,0,0,40.0618
0,132,86,0,0,40.0605
0,133,86,0,0,40.0591
0,134,86,0,0,40.0578
0,135,86,0,0,40.0566
0,136,86,0,0,40.0553
0,137,86,0,0,40.0541
0,138,86,0,0,40.0529
0,139,86,0,0,40.0518
0,140,86,0,0,40.0506
0,141,86,0,0,40.0495
0,142,86,0,0,40.0485
0,143,86,0,0,40.0474
0,144,86,0,0,40.0464
0,145,86,0,0,40.0454
0,146,86,0,0,40.0444
0,147,86,0,0,40.0435
0,148,86,0,0,40.0426
0,149,86,0,0,40.0417
0,150,86,0,0,40.0408
0,151,86,0,0,40.04
0,152,86,0,0,40.0391
0,153,86,0,0,40.0383
0,154,86,0,0,40.0375
0,155,86,0,0,40.0368
0,156,86,0,0,40.036
0,157,86,0,0,40.0353
0,158,86,0,0,40.0346
0,159,86,0,0,40.0339
0,160,86,0,0,40.0333
0,161,86,0,0,40.0327
0,162,86,0,0,40.032
0,163,86,0,0,40.0314
0,164,86,0,0,40.0309
0,165,86,0,0,40.0303
0,166,86,0,0,40.0298
0,167,86,0,0,40.0292
0,168,86,0,0,40.0287
0,169,86,0,0,40.0282
0,170,86,0,0,40.0278
0,171,86,0,0,40.0273
0,172,86,0,0,40.0269
0,173,86,0,0,40.0265
0,174,86,0,0,40.0261
0,175,86,0,0,40.0257
0,176,86,0,0,40.0253
0,177,86,0,0,40.025
0,178,86,0,0,40.0246
0,179,86,0,0,40.0243
0,180,86,0,0,40.024
0,181,86,0,0,40.0238
0,182,86,0,0,40.0235
0,183,86,0,0,40.0232
0,184,86,0,0,40.023
0,185,86,0,0,40.0228
0,186,86,0,0,40.0226
0,187,86,0,0,40.0224
0,188,86,0,0,40.0223
0,189,86,0,0,40.0221
0,190,86,0,0,40.022
0,191,86,0,0,40.0219
0,192,86,0,6.09525e-06,40.0218
0,193,86,0,0,40.0213
0,194,86,0,0,40.0207
0,195,86,0,0,40.0202
0,196,86,0,0,40.0196
0,197,86,0,0,40.0191
0,198,86,0,0,40.0187
0,199,86,0,0,40.0182
0,200,86,0,0,40.0177
0,201,86,0,0,40.0173
0,202,86,0,0,40.0169
0,203,86,0,0,40.0164
0,204,86,0,0,40.016
0,205,86,0,0,40.0157
0,206,86,0,0,40.0153
0,207,86,0,0,40.0149
0,208,86,0,0,40.0146
0,209,86,0,0,40.0142
0,210,86,0,0,40.0139
0,211,86,0,0,40.0136
0,212,86,0,0,40.0133
0,213,86,0,0,40.013
0,214,86,0,0,40.0127
0,215,86,0,0,40.0124
0,216,86,0,0,40.0121
0,217,86,0,0,40.0119
0,218,86,0,0,40.0116
0,219,86,0,0,40.0114
0,220,86,0,0,40.0111
0,221,86,0,0,40.0109
0,222,86,0,0,40.0107
0,223,86,0,0,40.0105
0,224,86,0,0,40.0103
0,225,86,0,0,40.0101
0,226,86,0,0,40.0099
0,227,86,0,0,40.0097
0,228,86,0,0,40.0095
0,229,86,0,0,40.0094
0,230,86,0,0,40.0092
0,231,86,0,0,40.009
0,232,86,0,0,40.0089
0,233,86,0,0,40.0088
0,234,86,0,0,40.0086
0,235,86,0,0,40.0085
0,236,86,0,0,40.0084
0,237,86,0,0,40.0083
0,238,86,0,0,40.0082
0,239,86,0,0,40.0081
0,240,86,0,0,40.008
0,241,86,0,0,40.0079
0,242,86,0,0,40.0078
0,243,86,0,0,40.0077
0,244,86,0,0,40.0076
0,245,86,0,0,40.0076
0,246,86,0,0,40.0075
0,247,86,0,0,40.0075
0,248,86,0,0,40.0074
0,249,86,0,0,40.0074
0,250,86,0,0,40.0073
0,251,86,0,0,40.0073
0,252,86,0,0,40.0073
0,253,86,0,0,40.0073
0,254,86,0,0,40.0072
0,255,86,0,0,40.0072
0,0,87,0,6.09525e-06,40.3111
0,1,87,0,0,40.3105
0,2,87,0,0,40.3099
0,3,87,0,0,40.3091
0,4,87,0,0,40.3084
0,5,87,0,0,40.3075
0,6,87,0,0,40.3067
0,7,87,0,0,40.3057
0,8,87,0,0,40.3047
0,9,87,0,0,40.3037
0,10,87,0,0,40.3026
0,11,87,0,0,40.3014
0,12,87,0,0,40.3002
0,13,87,0,0,40.2989
0,14,87,0,0,40.2976
0,15,87,0,0,40.2962
0,16,87,0,0,40.2948
0,17,87,0,0,40.2933
0,18,87,0,0,40.2917
0,19,87,0,0,40.2901
0,20,87,0,0,40.2885
0,21,87,0,0,40.2868
0,22,87,0,0,40.2851
0,23,87,0,0,40.2833
0,24,87,0,0,40.2815
0,25,87,0,0,40.2796
0,26,87,0,0,40.2777
0,27,87,0,0,40.2757
0,28,87,0,0,40.2738
0,29,87,0,0,40.2717
0,30,87,0,0,40.2697
0,31,87,0,0,40.2676
0,32,87,0,0,40.2654
0,33,87,0,0,40.2633
0,34,87,0,0,40.2611
0,35,87,0,0,40.2588
0,36,87,0,0,40.2566
0,37,87,0,0,40.2543
0,38,87,0,0,40.252
0,39,87,0,0,40.2497
0,40,87,0,0,40.2473
0,41,87,0,0,40.245
0,42,87,0,0,40.2426
0,43,87,0,0,40.2402
0,44,87,0,0,40.2378
0,45,87,0,0,40.2354
0,46,87,0,0,40.2329
0,47,87,0,0,40.2305
0,48,87,0,0,40.228
0,49,87,0,0,40.2256
0,50,87,0,0,40.2231
0,51,87,0,0,40.2207
0,52,87,0,0,40.2182
0,53,87,0,0,40.2157
0,54,87,0,0,40.2133
0,55,87,0,0,40.2108
0,56,87,0,0,40.2084
0,57,87,0,0,40.2059
0,58,87,0,0,40.2035
0,59,87,0,0,40.2011
0,60,87,0,0,40.1987
0,61,87,0,0,40.1963
0,62,87,0,0,40.1939
0,63,87,0,0,40.1915
0,64,87,0,6.09525e-06,40.1892
0,65,87,0,0,40.1863
0,66,87,0,0,40.1835
0,67,87,0,0,40.1807
0,68,87,0,0,40.178
0,69,87,0,0,40.1752
0,70,87,0,0,40.1725
0,71,87,0,0,40.1698
0,72,87,0,0,40.1671
0,73,87,0,0,40.1645
0,74,87,0,0,40.1619
0,75,87,0,0,40.1593
0,76,87,0,0,40.1567
0,77,87,0,0,40.1541
0,78,87,0,0,40.1516
0,79,87,0,0,40.1491
0,80,87,0,0,40.1467
0,81,87,0,0,40.1442
0,82,87,0,0,40.1418
0,83,87,0,0,40.1394
0,84,87,0,0,40.1371
0,85,87,0,0,40.1348
0,86,87,0,0,40.1325
0,87,87,0,0,40.1302
0,88,87,0,0,40.128
0,89,87,0,0,40.1258
0,90,87,0,0,40.1236
0,91,87,0,0,40.1214
0,92,87,0,0,40.1193
0,93,87,0,0,40.1172
0,94,87,0,0,40.1152
0,95,87,0,0,40.1132
0,96,87,0,0,40.1112
0,97,87,0,0,40.1092
0,98,87,0,0,40.1073
0,99,87,0,0,40.1054
0,100,87,0,0,40.1035
0,101,87,0,0,40.1017
0,102,87,0,0,40.0999
0,103,87,0,0,40.0981
0,104,87,0,0,40.0964
0,105,87,0,0,40.0947
0,106,87,0,0,40.093
0,107,87,0,0,40.0914
0,108,87,0,0,40.0898
0,109,87,0,0,40.0882
0,110,87,0,0,40.0867
0,111,87,0,0,40.0852
0,112,87,0,0,40.0837
0,113,87,0,0,40.0823
0,114,87,0,0,40.0808
0,115,87,0,0,40.0795
0,116,87,0,0,40.0781
0,117,87,0,0,40.0768
0,118,87,0,0,40.0755
0,119,87,0,0,40.0743
0,120,87,0,0,40.0731
0,121,87,0,0,40.0719
0,122,87,0,0,40.0707
0,123,87,0,0,40.0696
0,124,87,0,0,40.0685
0,125,87,0,0,40.0675
0,126,87,0,0,40.0664
0,127,87,0,0,40.0655
0,128,87,0,6.09525e-06,40.0645
0,129,87,0,0,40.0631
0,130,87,0,0,40.0617
0,131,87,0,0,40.0603
0,132,87,0,0,40.059
0,133,87,0,0,40.0577
0,134,87,0,0,40.0565
0,135,87,0,0,40.0552
0,136,87,0,0,40.054
0,137,87,0,0,40.0528
0,138,87,0,0,40.0517
0,139,87,0,0,40.0506
0,140,87,0,0,40.0495
0,141,87,0,0,40.0484
0,142,87,0,0,40.0474
0,143,87,0,0,40.0464
0,144,87,0,0,40.0454
0,145,87,0,0,40.0444
0,146,87,0,0,40.0435
0,147,87,0,0,40.0425
0,148,87,0,0,40.0416
0,149,87,0,0,40.0408
0,150,87,0,0,40.0399
0,151,87,0,0,40.0391
0,152,87,0,0,40.0383
0,153,87,0,0,40.0375
0,154,87,0,0,40.0368
0,155,87,0,0,40.036
0,156,87,0,0,40.0353
0,157,87,0,0,40.0346
0,158,87,0,0,40.0339
0,159,87,0,0,40.0333
0,160,87,0,0,40.0326
0,161,87,0,0,40.032
0,162,87,0,0,40.0314
0,163,87,0,0,40.0308
0,164,87,0,0,40.0303
0,165,87,0,0,40.0297
0,166,87,0,0,40.0292
0,167,87,0,0,40.0287
0,168,87,0,0,40.0282
0,169,87,0,0,40.0277
0,170,87,0,0,40.0273
0,171,87,0,0,40.0268
0,172,87,0,0,40.0264
0,173,87,0,0,40.026
0,174,87,0,0,40.0256
0,175,87,0,0,40.0253
0,176,87,0,0,40.0249
0,177,87,0,0,40.0246
0,178,87,0,0,40.0243
0,179,87,0,0,40.024
0,180,87,0,0,40.0237
0,181,87,0,0,40.0234
0,182,87,0,0,40.0231
0,183,87,0,0,40.0229
0,184,87,0,0,40.0227
0,185,87,0,0,40.0225
0,186,87,0,0,40.0223
0,187,87,0,0,40.0221
0,188,87,0,0,40.022
0,189,87,0,0,40.0219
0,190,87,0,0,40.0217
0,191,87,0,0,40.0216
0,192,87,0,6.09525e-06,40.0216
0,193,87,0,0,40.021
0,194,87,0,0,40.0205
0,195,87,0,0,40.0199
0,196,87,0,0,40.0194
0,197,87,0,0,40.0189
0,198,87,0,0,40.0184
0,199,87,0,0,40.018
0,200,87,0,0,40.0175
0,201,87,0,0,40.0171
0,202,87,0,0,40.0167
0,203,87,0,0,40.0163
0,204,87,0,0,40.0159
0,205,87,0,0,40.0155
0,206,87,0,0,40.0151
0,207,87,0,0,40.0147
0,208,87,0,0,40.0144
0,209,87,0,0,40.0141
0,210,87,0,0,40.0137
0,211,87,0,0,40.0134
0,212,87,0,0,40.0131
0,213,87,0,0,40.0128
0,214,87,0,0,40.0125
0,215,87,0,0,40.0123
0,216,87,0,0,40.012
0,217,87,0,0,40.0117
0,218,87,0,0,40.0115
0,219,87,0,0,40.0112
0,220,87,0,0,40.011
0,221,87,0,0,40.0108
0,222,87,0,0,40.0106
0,223,87,0,0,40.0104
0,224,87,0,0,40.0102
0,225,87,0,0,40.01
0,226,87,0,0,40.0098
0,227,87,0,0,40.0096
0,228,87,0,0,40.0094
0,229,87,0,0,40.0093
0,230,87,0,0,40.0091
0,231,87,0,0,40.009
0,232,87,0,0,40.0088
0,233,87,0,0,40.0087
0,234,87,0,0,40.0085
0,235,87,0,0,40.0084
0,236,87,0,0,40.0083
0,237,87,0,0,40.0082
0,238,87,0,0,40.0081
0,239,87,0,0,40.008
0,240,87,0,0,40.0079
0,241,87,0,0,40.0078
0,242,87,0,0,40.0077
0,243,87,0,0,40.0076
0,244,87,0,0,40.0076
0,245,87,0,0,40.0075
0,246,87,0,0,40.0075
0,247,87,0,0,40.0074
0,248,87,0,0,40.0073
0,249,87,0,0,40.0073
0,250,87,0,0,40.0073
0,251,87,0,0,40.0072
0,252,87,0,0,40.0072
0,253,87,0,0,40.0072
0,254,87,0,0,40.0072
0,255,87,0,0,40.0072
0,0,88,0,6.09525e-06,40.2981
0,1,88,0,0,40.2975
0,2,88,0,0,40.2968
0,3,88,0,0,40.2961
0,4,88,0,0,40.2954
0,5,88,0,0,40.2946
0,6,88,0,0,40.2937
0,7,88,0,0,40.2928
0,8,88,0,0,40.2918
0,9,88,0,0,40.2908
0,10,88,0,0,40.2898
0,11,88,0,0,40.2886
0,12,88,0,0,40.2875
0,13,88,0,0,40.2863
0,14,88,0,0,40.285
0,15,88,0,0,40.2837
0,16,88,0,0,40.2823
0,17,88,0,0,40.2809
0,18,88,0,0,40.2794
0,19,88,0,0,40.2779
0,20,88,0,0,40.2764
0,21,88,0,0,40.2748
0,22,88,0,0,40.2731
0,23,88,0,0,40.2714
0,24,88,0,0,40.2697
0,25,88,0,0,40.2679
0,26,88,0,0,40.2661
0,27,88,0,0,40.2643
0,28,88,0,0,40.2624
0,29,88,0,0,40.2604
0,30,88,0,0,40.2585
0,31,88,0,0,40.2565
0,32,88,0,0,40.2545
0,33,88,0,0,40.2524
0,34,88,0,0,40.2503
0,35,88,0,0,40.2482
0,36,88,0,0,40.2461
0,37,88,0,0,40.2439
0,38,88,0,0,40.2418
0,39,88,0,0,40.2396
0,40,88,0,0,40.2373
0,41,88,0,0,40.2351
0,42,88,0,0,40.2329
0,43,88,0,0,40.2306
0,44,88,0,0,40.2283
0,45,88,0,0,40.226
0,46,88,0,0,40.2237
0,47,88,0,0,40.2214
0,48,88,0,0,40.2191
0,49,88,0,0,40.2167
0,50,88,0,0,40.2144
0,51,88,0,0,40.2121
0,52,88,0,0,40.2098
0,53,88,0,0,40.2074
0,54,88,0,0,40.2051
0,55,88,0,0,40.2028
0,56,88,0,0,40.2005
0,57,88,0,0,40.1981
0,58,88,0,0,40.1958
0,59,88,0,0,40.1935
0,60,88,0,0,40.1913
0,61,88,0,0,40.189
0,62,88,0,0,40.1867
0,63,88,0,0,40.1845
0,64,88,0,6.09525e-06,40.1823
0,65,88,0,0,40.1796
0,66,88,0,0,40.1769
0,67,88,0,0,40.1742
0,68,88,0,0,40.1716
0,69,88,0,0,40.169
0,70,88,0,0,40.1664
0,71,88,0,0,40.1638
0,72,88,0,0,40.1612
0,73,88,0,0,40.1587
0,74,88,0,0,40.1562
0,75,88,0,0,40.1537
0,76,88,0,0,40.1512
0,77,88,0,0,40.1488
0,78,88,0,0,40.1464
0,79,88,0,0,40.144
0,80,88,0,0,40.1416
0,81,88,0,0,40.1393
0,82,88,0,0,40.137
0,83,88,0,0,40.1347
0,84,88,0,0,40.1325
0,85,88,0,0,40.1302
0,86,88,0,0,40.1281
0,87,88,0,0,40.1259
0,88,88,0,0,40.1237
0,89,88,0,0,40.1216
0,90,88,0,0,40.1195
0,91,88,0,0,40.1175
0,92,88,0,0,40.1155
0,93,88,0,0,40.1135
0,94,88,0,0,40.1115
0,95,88,0,0,40.1096
0,96,88,0,0,40.1077
0,97,88,0,0,40.1058
0,98,88,0,0,40.104
0,99,88,0,0,40.1021
0,100,88,0,0,40.1004
0,101,88,0,0,40.0986
0,102,88,0,0,40.0969
0,103,88,0,0,40.0952
0,104,88,0,0,40.0935
0,105,88,0,0,40.0919
0,106,88,0,0,40.0903
0,107,88,0,0,40.0887
0,108,88,0,0,40.0872
0,109,88,0,0,40.0857
0,110,88,0,0,40.0842
0,111,88,0,0,40.0827
0,112,88,0,0,40.0813
0,113,88,0,0,40.0799
0,114,88,0,0,40.0786
0,115,88,0,0,40.0773
0,116,88,0,0,40.076
0,117,88,0,0,40.0747
0,118,88,0,0,40.0735
0,119,88,0,0,40.0723
0,120,88,0,0,40.0711
0,121,88,0,0,40.07
0,122,88,0,0,40.0689
0,123,88,0,0,40.0678
0,124,88,0,0,40.0668
0,125,88,0,0,40.0658
0,126,88,0,0,40.0648
0,127,88,0,0,40.0638
0,128,88,0,6.09525e-06,40.0629
0,129,88,0,0,40.0616
0,130,88,0,0,40.0602
0,131,88,0,0,40.0589
0,132,88,0,0,40.0576
0,133,88,0,0,40.0564
0,134,88,0,0,40.0551
0,135,88,0,0,40.0539
0,136,88,0,0,40.0528
0,137,88,0,0,40.0516
0,138,88,0,0,40.0505
0,139,88,0,0,40.0494
0,140,88,0,0,40.0484
0,141,88,0,0,40.0473
0,142,88,0,0,40.0463
0,143,88,0,0,40.0453
0,144,88,0,0,40.0444
0,145,88,0,0,40.0434
0,146,88,0,0,40.0425
0,147,88,0,0,40.0416
0,148,88,0,0,40.0407
0,149,88,0,0,40.0399
0,150,88,0,0,40.0391
0,151,88,0,0,40.0383
0,152,88,0,0,40.0375
0,153,88,0,0,40.0367
0,154,88,0,0,40.036
0,155,88,0,0,40.0353
0,156,88,0,0,40.0346
0,157,88,0,0,40.0339
0,158,88,0,0,40.0332
0,159,88,0,0,40.0326
0,160,88,0,0,40.032
0,161,88,0,0,40.0314
0,162,88,0,0,40.0308
0,163,88,0,0,40.0302
0,164,88,0,0,40.0297
0,165,88,0,0,40.0292
0,166,88,0,0,40.0287
0,167,88,0,0,40.0282
0,168,88,0,0,40.0277
0,169,88,0,0,40.0272
0,170,88,0,0,40.0268
0,171,88,0,0,40.0264
0,172,88,0,0,40.026
0,173,88,0,0,40.0256
0,174,88,0,0,40.0252
0,175,88,0,0,40.0248
0,176,88,0,0,40.0245
0,177,88,0,0,40.0242
0,178,88,0,0,40.0239
0,179,88,0,0,40.0236
0,180,88,0,0,40.0233
0,181,88,0,0,40.023
0,182,88,0,0,40.0228
0,183,88,0,0,40.0226
0,184,88,0,0,40.0224
0,185,88,0,0,40.0222
0,186,88,0,0,40.022
0,187,88,0,0,40.0218
0,188,88,0,0,40.0217
0,189,88,0,0,40.0216
0,190,88,0,0,40.0215
0,191,88,0,0,40.0214
0,192,88,0,6.09525e-06,40.0213
0,193,88,0,0,40.0208
0,194,88,0,0,40.0202
0,195,88,0,0,40.0197
0,196,88,0,0,40.0192
0,197,88,0,0,40.0187
0,198,88,0,0,40.0182
0,199,88,0,0,40.0178
0,200,88,0,0,40.0173
0,201,88,0,0,40.0169
0,202,88,0,0,40.0165
0,203,88,0,0,40.0161
0,204,88,0,0,40.0157
0,205,88,0,0,40.0153
0,206,88,0,0,40.0149
0,207,88,0,0,40.0146
0,208,88,0,0,40.0142
0,209,88,0,0,40.0139
0,210,88,0,0,40.0136
0,211,88,0,0,40.0133
0,212,88,0,0,40.013
0,213,88,0,0,40.0127
0,214,88,0,0,40.0124
0,215,88,0,0,40.0121
0,216,88,0,0,40.0119
0,217,88,0,0,40.0116
0,218,88,0,0,40.0114
0,219,88,0,0,40.0111
0,220,88,0,0,40.0109
0,221,88,0,0,40.0107
0,222,88,0,0,40.0105
0,223,88,0,0,40.0102
0,224,88,0,0,40.01
0,225,88,0,0,40.0099
0,226,88,0,0,40.0097
0,227,88,0,0,40.0095
0,228,88,0,0,40.0093
0,229,88,0,0,40.0092
0,230,88,0,0,40.009
0,231,88,0,0,40.0089
0,232,88,0,0,40.0087
0,233,88,0,0,40.0086
0,234,88,0,0,40.0085
0,235,88,0,0,40.0083
0,236,88,0,0,40.0082
0,237,88,0,0,40.0081
0,238,88,0,0,40.008
0,239,88,0,0,40.0079
0,240,88,0,0,40.0078
0,241,88,0,0,40.0077
0,242,88,0,0,40.0076
0,243,88,0,0,40.0076
0,244,88,0,0,40.0075
0,245,88,0,0,40.0074
0,246,88,0,0,40.0074
0,247,88,0,0,40.0073
0,248,88,0,0,40.0073
0,249,88,0,0,40.0072
0,250,88,0,0,40.0072
0,251,88,0,0,40.0072
0,252,88,0,0,40.0071
0,253,88,0,0,40.0071
0,254,88,0,0,40.0071
0,255,88,0,0,40.0071
0,0,89,0,6.09525e-06,40.2856
0,1,89,0,0,40.285
0,2,89,0,0,40.2844
0,3,89,0,0,40.2837
0,4,89,0,0,40.283
0,5,89,0,0,40.2822
0,6,89,0,0,40.2814
0,7,89,0,0,40.2805
0,8,89,0,0,40.2796
0,9,89,0,0,40.2786
0,10,89,0,0,40.2776
0,11,89,0,0,40.2765
0,12,89,0,0,40.2754
0,13,89,0,0,40.2742
0,14,89,0,0,40.273
0,15,89,0,0,40.2718
0,16,89,0,0,40.2705
0,17,89,0,0,40.2691
0,18,89,0,0,40.2677
0,19,89,0,0,40.2663
0,20,89,0,0,40.2648
0,21,89,0,0,40.2633
0,22,89,0,0,40.2617
0,23,89,0,0,40.2601
0,24,89,0,0,40.2585
0,25,89,0,0,40.2568
0,26,89,0,0,40.2551
0,27,89,0,0,40.2533
0,28,89,0,0,40.2515
0,29,89,0,0,40.2497
0,30,89,0,0,40.2478
0,31,89,0,0,40.246
0,32,89,0,0,40.244
0,33,89,0,0,40.2421
0,34,89,0,0,40.2401
0,35,89,0,0,40.2381
0,36,89,0,0,40.2361
0,37,89,0,0,40.2341
0,38,89,0,0,40.232
0,39,89,0,0,40.2299
0,40,89,0,0,40.2278
0,41,89,0,0,40.2257
0,42,89,0,0,40.2236
0,43,89,0,0,40.2214
0,44,89,0,0,40.2193
0,45,89,0,0,40.2171
0,46,89,0,0,40.2149
0,47,89,0,0,40.2127
0,48,89,0,0,40.2105
0,49,89,0,0,40.2083
0,50,89,0,0,40.2061
0,51,89,0,0,40.2039
0,52,89,0,0,40.2017
0,53,89,0,0,40.1995
0,54,89,0,0,40.1973
0,55,89,0,0,40.1951
0,56,89,0,0,40.1929
0,57,89,0,0,40.1907
0,58,89,0,0,40.1885
0,59,89,0,0,40.1864
0,60,89,0,0,40.1842
0,61,89,0,0,40.182
0,62,89,0,0,40.1799
0,63,89,0,0,40.1778
0,64,89,0,6.09525e-06,40.1757
0,65,89,0,0,40.1731
0,66,89,0,0,40.1705
0,67,89,0,0,40.168
0,68,89,0,0,40.1655
0,69,89,0,0,40.163
0,70,89,0,0,40.1605
0,71,89,0,0,40.158
0,72,89,0,0,40.1556
0,73,89,0,0,40.1531
0,74,89,0,0,40.1507
0,75,89,0,0,40.1484
0,76,89,0,0,40.146
0,77,89,0,0,40.1437
0,78,89,0,0,40.1414
0,79,89,0,0,40.1391
0,80,89,0,0,40.1368
0,81,89,0,0,40.1346
0,82,89,0,0,40.1324
0,83,89,0,0,40.1302
0,84,89,0,0,40.128
0,85,89,0,0,40.1259
0,86,89,0,0,40.1238
0,87,89,0,0,40.1217
0,88,89,0,0,40.1197
0,89,89,0,0,40.1177
0,90,89,0,0,40.1157
0,91,89,0,0,40.1137
0,92,89,0,0,40.1118
0,93,89,0,0,40.1099
0,94,89,0,0,40.108
0,95,89,0,0,40.1061
0,96,89,0,0,40.1043
0,97,89,0,0,40.1025
0,98,89,0,0,40.1007
0,99,89,0,0,40.099
0,100,89,0,0,40.0973
0,101,89,0,0,40.0956
0,102,89,0,0,40.0939
0,103,89,0,0,40.0923
0,104,89,0,0,40.0907
0,105,89,0,0,40.0892
0,106,89,0,0,40.0876
0,107,89,0,0,40.0861
0,108,89,0,0,40.0846
0,109,89,0,0,40.0832
0,110,89,0,0,40.0818
0,111,89,0,0,40.0804
0,112,89,0,0,40.079
0,113,89,0,0,40.0777
0,114,89,0,0,40.0764
0,115,89,0,0,40.0751
0,116,89,0,0,40.0739
0,117,89,0,0,40.0727
0,118,89,0,0,40.0715
0,119,89,0,0,40.0704
0,120,89,0,0,40.0693
0,121,89,0,0,40.0682
0,122,89,0,0,40.0671
0,123,89,0,0,40.0661
0,124,89,0,0,40.0651
0,125,89,0,0,40.0641
0,126,89,0,0,40.0632
0,127,89,0,0,40.0623
0,128,89,0,6.09525e-06,40.0614
0,129,89,0,0,40.0601
0,130,89,0,0,40.0588
0,131,89,0,0,40.0575
0,132,89,0,0,40.0562
0,133,89,0,0,40.055
0,134,89,0,0,40.0538
0,135,89,0,0,40.0527
0,136,89,0,0,40.0515
0,137,89,0,0,40.0504
0,138,89,0,0,40.0493
0,139,89,0,0,40.0483
0,140,89,0,0,40.0473
0,141,89,0,0,40.0463
0,142,89,0,0,40.0453
0,143,89,0,0,40.0443
0,144,89,0,0,40.0434
0,145,89,0,0,40.0425
0,146,89,0,0,40.0416
0,147,89,0,0,40.0407
0,148,89,0,0,40.0399
0,149,89,0,0,40.0391
0,150,89,0,0,40.0383
0,151,89,0,0,40.0375
0,152,89,0,0,40.0367
0,153,89,0,0,40.036
0,154,89,0,0,40.0353
0,155,89,0,0,40.0346
0,156,89,0,0,40.0339
0,157,89,0,0,40.0332
0,158,89,0,0,40.0326
0,159,89,0,0,40.032
0,160,89,0,0,40.0314
0,161,89,0,0,40.0308
0,162,89,0,0,40.0302
0,163,89,0,0,40.0297
0,164,89,0,0,40.0291
0,165,89,0,0,40.0286
0,166,89,0,0,40.0281
0,167,89,0,0,40.0277
0,168,89,0,0,40.0272
0,169,89,0,0,40.0268
0,170,89,0,0,40.0263
0,171,89,0,0,40.0259
0,172,89,0,0,40.0255
0,173,89,0,0,40.0251
0,174,89,0,0,40.0248
0,175,89,0,0,40.0244
0,176,89,0,0,40.0241
0,177,89,0,0,40.0238
0,178,89,0,0,40.0235
0,179,89,0,0,40.0232
0,180,89,0,0,40.023
0,181,89,0,0,40.0227
0,182,89,0,0,40.0225
0,183,89,0,0,40.0223
0,184,89,0,0,40.0221
0,185,89,0,0,40.0219
0,186,89,0,0,40.0217
0,187,89,0,0,40.0216
0,188,89,0,0,40.0214
0,189,89,0,0,40.0213
0,190,89,0,0,40.0212
0,191,89,0,0,40.0211
0,192,89,0,6.09525e-06,40.0211
0,193,89,0,0,40.0205
0,194,89,0,0,40.02
0,195,89,0,0,40.0195
0,196,89,0,0,40.019
0,197,89,0,0,40.0185
0,198,89,0,0,40.018
0,199,89,0,0,40.0176
0,200,89,0,0,40.0171
0,201,89,0,0,40.0167
0,202,89,0,0,40.0163
0,203,89,0,0,40.0159
0,204,89,0,0,40.0155
0,205,89,0,0,40.0151
0,206,89,0,0,40.0148
0,207,89,0,0,40.0144
0,208,89,0,0,40.0141
0,209,89,0,0,40.0138
0,210,89,0,0,40.0134
0,211,89,0,0,40.0131
0,212,89,0,0,40.0128
0,213,89,0,0,40.0125
0,214,89,0,0,40.0123
0,215,89,0,0,40.012
0,216,89,0,0,40.0117
0,217,89,0,0,40.0115
0,218,89,0,0,40.0112
0,219,89,0,0,40.011
0,220,89,0,0,40.0108
0,221,89,0,0,40.0106
0,222,89,0,0,40.0103
0,223,89,0,0,40.0101
0,224,89,0,0,40.0099
0,225,89,0,0,40.0098
0,226,89,0,0,40.0096
0,227,89,0,0,40.0094
0,228,89,0,0,40.0092
0,229,89,0,0,40.0091
0,230,89,0,0,40.0089
0,231,89,0,0,40.0088
0,232,89,0,0,40.0086
0,233,89,0,0,40.0085
0,234,89,0,0,40.0084
0,235,89,0,0,40.0083
0,236,89,0,0,40.0081
0,237,89,0,0,40.008
0,238,89,0,0,40.0079
0,239,89,0,0,40.0078
0,240,89,0,0,40.0077
0,241,89,0,0,40.0077
0,242,89,0,0,40.0076
0,243,89,0,0,40.0075
0,244,89,0,0,40.0074
0,245,89,0,0,40.0074
0,246,89,0,0,40.0073
0,247,89,0,0,40.0073
0,248,89,0,0,40.0072
0,249,89,0,0,40.0072
0,250,89,0,0,40.0071
0,251,89,0,0,40.0071
0,252,89,0,0,40.0071
0,253,89,0,0,40.0071
0,254,89,0,0,40.007
0,255,89,0,0,40.007
0,0,90,0,6.09525e-06,40.2738
0,1,90,0,0,40.2732
0,2,90,0,0,40.2726
0,3,90,0,0,40.272
0,4,90,0,0,40.2712
0,5,90,0,0,40.2705
0,6,90,0,0,40.2697
0,7,90,0,0,40.2688
0,8,90,0,0,40.2679
0,9,90,0,0,40.267
0,10,90,0,0,40.266
0,11,90,0,0,40.265
0,12,90,0,0,40.2639
0,13,90,0,0,40.2628
0,14,90,0,0,40.2617
0,15,90,0,0,40.2605
0,16,90,0,0,40.2592
0,17,90,0,0,40.2579
0,18,90,0,0,40.2566
0,19,90,0,0,40.2552
0,20,90,0,0,40.2538
0,21,90,0,0,40.2524
0,22,90,0,0,40.2509
0,23,90,0,0,40.2494
0,24,90,0,0,40.2478
0,25,90,0,0,40.2462
0,26,90,0,0,40.2446
0,27,90,0,0,40.2429
0,28,90,0,0,40.2412
0,29,90,0,0,40.2395
0,30,90,0,0,40.2377
0,31,90,0,0,40.2359
0,32,90,0,0,40.2341
0,33,90,0,0,40.2323
0,34,90,0,0,40.2304
0,35,90,0,0,40.2285
0,36,90,0,0,40.2266
0,37,90,0,0,40.2247
0,38,90,0,0,40.2227
0,39,90,0,0,40.2207
0,40,90,0,0,40.2187
0,41,90,0,0,40.2167
0,42,90,0,0,40.2147
0,43,90,0,0,40.2127
0,44,90,0,0,40.2106
0,45,90,0,0,40.2086
0,46,90,0,0,40.2065
0,47,90,0,0,40.2044
0,48,90,0,0,40.2024
0,49,90,0,0,40.2003
0,50,90,0,0,40.1982
0,51,90,0,0,40.1961
0,52,90,0,0,40.194
0,53,90,0,0,40.1919
0,54,90,0,0,40.1898
0,55,90,0,0,40.1877
0,56,90,0,0,40.1857
0,57,90,0,0,40.1836
0,58,90,0,0,40.1815
0,59,90,0,0,40.1795
0,60,90,0,0,40.1774
0,61,90,0,0,40.1754
0,62,90,0,0,40.1734
0,63,90,0,0,40.1714
0,64,90,0,6.09525e-06,40.1694
0,65,90,0,0,40.1669
0,66,90,0,0,40.1645
0,67,90,0,0,40.162
0,68,90,0,0,40.1596
0,69,90,0,0,40.1572
0,70,90,0,0,40.1548
0,71,90,0,0,40.1525
0,72,90,0,0,40.1501
0,73,90,0,0,40.1478
0,74,90,0,0,40.1455
0,75,90,0,0,40.1432
0,76,90,0,0,40.141
0,77,90,0,0,40.1387
0,78,90,0,0,40.1365
0,79,90,0,0,40.1344
0,80,90,0,0,40.1322
0,81,90,0,0,40.1301
0,82,90,0,0,40.1279
0,83,90,0,0,40.1259
0,84,90,0,0,40.1238
0,85,90,0,0,40.1217
0,86,90,0,0,40.1197
0,87,90,0,0,40.1177
0,88,90,0,0,40.1158
0,89,90,0,0,40.1138
0,90,90,0,0,40.1119
0,91,90,0,0,40.1101
0,92,90,0,0,40.1082
0,93,90,0,0,40.1064
0,94,90,0,0,40.1046
0,95,90,0,0,40.1028
0,96,90,0,0,40.101
0,97,90,0,0,40.0993
0,98,90,0,0,40.0976
0,99,90,0,0,40.0959
0,100,90,0,0,40.0943
0,101,90,0,0,40.0927
0,102,90,0,0,40.0911
0,103,90,0,0,40.0896
0,104,90,0,0,40.088
0,105,90,0,0,40.0865
0,106,90,0,0,40.0851
0,107,90,0,0,40.0836
0,108,90,0,0,40.0822
0,109,90,0,0,40.0808
0,110,90,0,0,40.0795
0,111,90,0,0,40.0781
0,112,90,0,0,40.0768
0,113,90,0,0,40.0756
0,114,90,0,0,40.0743
0,115,90,0,0,40.0731
0,116,90,0,0,40.0719
0,117,90,0,0,40.0707
0,118,90,0,0,40.0696
0,119,90,0,0,40.0685
0,120,90,0,0,40.0675
0,121,90,0,0,40.0664
0,122,90,0,0,40.0654
0,123,90,0,0,40.0644
0,124,90,0,0,40.0635
0,125,90,0,0,40.0625
0,126,90,0,0,40.0617
0,127,90,0,0,40.0608
0,128,90,0,6.09525e-06,40.06
0,129,90,0,0,40.0587
0,130,90,0,0,40.0574
0,131,90,0,0,40.0561
0,132,90,0,0,40.0549
0,133,90,0,0,40.0537
0,134,90,0,0,40.0526
0,135,90,0,0,40.0515
0,136,90,0,0,40.0504
0,137,90,0,0,40.0493
0,138,90,0,0,40.0482
0,139,90,0,0,40.0472
0,140,90,0,0,40.0462
0,141,90,0,0,40.0452
0,142,90,0,0,40.0443
0,143,90,0,0,40.0433
0,144,90,0,0,40.0424
0,145,90,0,0,40.0415
0,146,90,0,0,40.0407
0,147,90,0,0,40.0398
0,148,90,0,0,40.039
0,149,90,0,0,40.0382
0,150,90,0,0,40.0374
0,151,90,0,0,40.0367
0,152,90,0,0,40.036
0,153,90,0,0,40.0352
0,154,90,0,0,40.0345
0,155,90,0,0,40.0339
0,156,90,0,0,40.0332
0,157,90,0,0,40.0326
0,158,90,0,0,40.0319
0,159,90,0,0,40.0313
0,160,90,0,0,40.0308
0,161,90,0,0,40.0302
0,162,90,0,0,40.0296
0,163,90,0,0,40.0291
0,164,90,0,0,40.0286
0,165,90,0,0,40.0281
0,166,90,0,0,40.0276
0,167,90,0,0,40.0272
0,168,90,0,0,40.0267
0,169,90,0,0,40.0263
0,170,90,0,0,40.0259
0,171,90,0,0,40.0255
0,172,90,0,0,40.0251
0,173,90,0,0,40.0247
0,174,90,0,0,40.0244
0,175,90,0,0,40.024
0,176,90,0,0,40.0237
0,177,90,0,0,40.0234
0,178,90,0,0,40.0231
0,179,90,0,0,40.0229
0,180,90,0,0,40.0226
0,181,90,0,0,40.0224
0,182,90,0,0,40.0222
0,183,90,0,0,40.022
0,184,90,0,0,40.0218
0,185,90,0,0,40.0216
0,186,90,0,0,40.0214
0,187,90,0,0,40.0213
0,188,90,0,0,40.0212
0,189,90,0,0,40.021
0,190,90,0,0,40.021
0,191,90,0,0,40.0209
0,192,90,0,6.09525e-06,40.0208
0,193,90,0,0,40.0203
0,194,90,0,0,40.0198
0,195,90,0,0,40.0192
0,196,90,0,0,40.0188
0,197,90,0,0,40.0183
0,198,90,0,0,40.0178
0,199,90,0,0,40.0174
0,200,90,0,0,40.0169
0,201,90,0,0,40.0165
0,202,90,0,0,40.0161
0,203,90,0,0,40.0157
0,204,90,0,0,40.0153
0,205,90,0,0,40.015
0,206,90,0,0,40.0146
0,207,90,0,0,40.0143
0,208,90,0,0,40.0139
0,209,90,0,0,40.0136
0,210,90,0,0,40.0133
0,211,90,0,0,40.013
0,212,90,0,0,40.0127
0,213,90,0,0,40.0124
0,214,90,0,0,40.0121
0,215,90,0,0,40.0119
0,216,90,0,0,40.0116
0,217,90,0,0,40.0114
0,218,90,0,0,40.0111
0,219,90,0,0,40.0109
0,220,90,0,0,40.0107
0,221,90,0,0,40.0104
0,222,90,0,0,40.0102
0,223,90,0,0,40.01
0,224,90,0,0,40.0098
0,225,90,0,0,40.0097
0,226,90,0,0,40.0095
0,227,90,0,0,40.0093
0,228,90,0,0,40.0091
0,229,90,0,0,40.009
0,230,90,0,0,40.0088
0,231,90,0,0,40.0087
0,232,90,0,0,40.0086
0,233,90,0,0,40.0084
0,234,90,0,0,40.0083
0,235,90,0,0,40.0082
0,236,90,0,0,40.0081
0,237,90,0,0,40.008
0,238,90,0,0,40.0079
0,239,90,0,0,40.0078
0,240,90,0,0,40.0077
0,241,90,0,0,40.0076
0,242,90,0,0,40.0075
0,243,90,0,0,40.0074
0,244,90,0,0,40.0074
0,245,90,0,0,40.0073
0,246,90,0,0,40.0072
0,247,90,0,0,40.0072
0,248,90,0,0,40.0071
0,249,90,0,0,40.0071
0,250,90,0,0,40.0071
0,251,90,0,0,40.007
0,252,90,0,0,40.007
0,253,90,0,0,40.007
0,254,90,0,0,40.007
0,255,90,0,0,40.007
0,0,91,0,6.09525e-06,40.2626
0,1,91,0,0,40.262
0,2,91,0,0,40.2614
0,3,91,0,0,40.2608
0,4,91,0,0,40.2601
0,5,91,0,0,40.2593
0,6,91,0,0,40.2586
0,7,91,0,0,40.2577
0,8,91,0,0,40.2569
0,9,91,0,0,40.256
0,10,91,0,0,40.255
0,11,91,0,0,40.254
0,12,91,0,0,40.253
0,13,91,0,0,40.2519
0,14,91,0,0,40.2508
0,15,91,0,0,40.2497
0,16,91,0,0,40.2485
0,17,91,0,0,40.2473
0,18,91,0,0,40.246
0,19,91,0,0,40.2447
0,20,91,0,0,40.2434
0,21,91,0,0,40.242
0,22,91,0,0,40.2406
0,23,91,0,0,40.2391
0,24,91,0,0,40.2376
0,25,91,0,0,40.2361
0,26,91,0,0,40.2346
0,27,91,0,0,40.233
0,28,91,0,0,40.2314
0,29,91,0,0,40.2297
0,30,91,0,0,40.2281
0,31,91,0,0,40.2264
0,32,91,0,0,40.2247
0,33,91,0,0,40.2229
0,34,91,0,0,40.2211
0,35,91,0,0,40.2193
0,36,91,0,0,40.2175
0,37,91,0,0,40.2157
0,38,91,0,0,40.2138
0,39,91,0,0,40.212
0,40,91,0,0,40.2101
0,41,91,0,0,40.2082
0,42,91,0,0,40.2063
0,43,91,0,0,40.2043
0,44,91,0,0,40.2024
0,45,91,0,0,40.2005
0,46,91,0,0,40.1985
0,47,91,0,0,40.1965
0,48,91,0,0,40.1946
0,49,91,0,0,40.1926
0,50,91,0,0,40.1906
0,51,91,0,0,40.1886
0,52,91,0,0,40.1867
0,53,91,0,0,40.1847
0,54,91,0,0,40.1827
0,55,91,0,0,40.1807
0,56,91,0,0,40.1788
0,57,91,0,0,40.1768
0,58,91,0,0,40.1748
0,59,91,0,0,40.1729
0,60,91,0,0,40.171
0,61,91,0,0,40.169
0,62,91,0,0,40.1671
0,63,91,0,0,40.1652
0,64,91,0,6.09525e-06,40.1633
0,65,91,0,0,40.161
0,66,91,0,0,40.1586
0,67,91,0,0,40.1563
0,68,91,0,0,40.154
0,69,91,0,0,40.1517
0,70,91,0,0,40.1494
0,71,91,0,0,40.1471
0,72,91,0,0,40.1449
0,73,91,0,0,40.1427
0,74,91,0,0,40.1405
0,75,91,0,0,40.1383
0,76,91,0,0,40.1362
0,77,91,0,0,40.134
0,78,91,0,0,40.1319
0,79,91,0,0,40.1298
0,80,91,0,0,40.1277
0,81,91,0,0,40.1257
0,82,91,0,0,40.1237
0,83,91,0,0,40.1217
0,84,91,0,0,40.1197
0,85,91,0,0,40.1177
0,86,91,0,0,40.1158
0,87,91,0,0,40.1139
0,88,91,0,0,40.112
0,89,91,0,0,40.1102
0,90,91,0,0,40.1083
0,91,91,0,0,40.1065
0,92,91,0,0,40.1048
0,93,91,0,0,40.103
0,94,91,0,0,40.1013
0,95,91,0,0,40.0996
0,96,91,0,0,40.0979
0,97,91,0,0,40.0962
0,98,91,0,0,40.0946
0,99,91,0,0,40.093
0,100,91,0,0,40.0915
0,101,91,0,0,40.0899
0,102,91,0,0,40.0884
0,103,91,0,0,40.0869
0,104,91,0,0,40.0854
0,105,91,0,0,40.084
0,106,91,0,0,40.0826
0,107,91,0,0,40.0812
0,108,91,0,0,40.0798
0,109,91,0,0,40.0785
0,110,91,0,0,40.0772
0,111,91,0,0,40.0759
0,112,91,0,0,40.0747
0,113,91,0,0,40.0735
0,114,91,0,0,40.0723
0,115,91,0,0,40.0711
0,116,91,0,0,40.07
0,117,91,0,0,40.0689
0,118,91,0,0,40.0678
0,119,91,0,0,40.0667
0,120,91,0,0,40.0657
0,121,91,0,0,40.0647
0,122,91,0,0,40.0637
0,123,91,0,0,40.0628
0,124,91,0,0,40.0619
0,125,91,0,0,40.061
0,126,91,0,0,40.0602
0,127,91,0,0,40.0593
0,128,91,0,6.09525e-06,40.0585
0,129,91,0,0,40.0573
0,130,91,0,0,40.056
0,131,91,0,0,40.0548
0,132,91,0,0,40.0537
0,133,91,0,0,40.0525
0,134,91,0,0,40.0514
0,135,91,0,0,40.0503
0,136,91,0,0,40.0492
0,137,91,0,0,40.0482
0,138,91,0,0,40.0471
0,139,91,0,0,40.0461
0,140,91,0,0,40.0452
0,141,91,0,0,40.0442
0,142,91,0,0,40.0433
0,143,91,0,0,40.0424
0,144,91,0,0,40.0415
0,145,91,0,0,40.0406
0,146,91,0,0,40.0398
0,147,91,0,0,40.039
0,148,91,0,0,40.0382
0,149,91,0,0,40.0374
0,150,91,0,0,40.0367
0,151,91,0,0,40.0359
0,152,91,0,0,40.0352
0,153,91,0,0,40.0345
0,154,91,0,0,40.0338
0,155,91,0,0,40.0332
0,156,91,0,0,40.0326
0,157,91,0,0,40.0319
0,158,91,0,0,40.0313
0,159,91,0,0,40.0307
0,160,91,0,0,40.0302
0,161,91,0,0,40.0296
0,162,91,0,0,40.0291
0,163,91,0,0,40.0286
0,164,91,0,0,40.0281
0,165,91,0,0,40.0276
0,166,91,0,0,40.0271
0,167,91,0,0,40.0267
0,168,91,0,0,40.0262
0,169,91,0,0,40.0258
0,170,91,0,0,40.0254
0,171,91,0,0,40.025
0,172,91,0,0,40.0247
0,173,91,0,0,40.0243
0,174,91,0,0,40.024
0,175,91,0,0,40.0237
0,176,91,0,0,40.0234
0,177,91,0,0,40.0231
0,178,91,0,0,40.0228
0,179,91,0,0,40.0225
0,180,91,0,0,40.0223
0,181,91,0,0,40.0221
0,182,91,0,0,40.0218
0,183,91,0,0,40.0216
0,184,91,0,0,40.0215
0,185,91,0,0,40.0213
0,186,91,0,0,40.0211
0,187,91,0,0,40.021
0,188,91,0,0,40.0209
0,189,91,0,0,40.0208
0,190,91,0,0,40.0207
0,191,91,0,0,40.0206
0,192,91,0,6.09525e-06,40.0206
0,193,91,0,0,40.0201
0,194,91,0,0,40.0195
0,195,91,0,0,40.019
0,196,91,0,0,40.0185
0,197,91,0,0,40.0181
0,198,91,0,0,40.0176
0,199,91,0,0,40.0172
0,200,91,0,0,40.0168
0,201,91,0,0,40.0163
0,202,91,0,0,40.0159
0,203,91,0,0,40.0155
0,204,91,0,0,40.0152
0,205,91,0,0,40.0148
0,206,91,0,0,40.0145
0,207,91,0,0,40.0141
0,208,91,0,0,40.0138
0,209,91,0,0,40.0135
0,210,91,0,0,40.0131
0,211,91,0,0,40.0128
0,212,91,0,0,40.0126
0,213,91,0,0,40.0123
0,214,91,0,0,40.012
0,215,91,0,0,40.0117
0,216,91,0,0,40.0115
0,217,91,0,0,40.0112
0,218,91,0,0,40.011
0,219,91,0,0,40.0108
0,220,91,0,0,40.0106
0,221,91,0,0,40.0103
0,222,91,0,0,40.0101
0,223,91,0,0,40.0099
0,224,91,0,0,40.0097
0,225,91,0,0,40.0096
0,226,91,0,0,40.0094
0,227,91,0,0,40.0092
0,228,91,0,0,40.0091
0,229,91,0,0,40.0089
0,230,91,0,0,40.0088
0,231,91,0,0,40.0086
0,232,91,0,0,40.0085
0,233,91,0,0,40.0083
0,234,91,0,0,40.0082
0,235,91,0,0,40.0081
0,236,91,0,0,40.008
0,237,91,0,0,40.0079
0,238,91,0,0,40.0078
0,239,91,0,0,40.0077
0,240,91,0,0,40.0076
0,241,91,0,0,40.0075
0,242,91,0,0,40.0074
0,243,91,0,0,40.0074
0,244,91,0,0,40.0073
0,245,91,0,0,40.0072
0,246,91,0,0,40.0072
0,247,91,0,0,40.0071
0,248,91,0,0,40.0071
0,249,91,0,0,40.007
0,250,91,0,0,40.007
0,251,91,0,0,40.007
0,252,91,0,0,40.0069
0,253,91,0,0,40.0069
0,254,91,0,0,40.0069
0,255,91,0,0,40.0069
0,0,92,0,6.09525e-06,40.252
0,1,92,0,0,40.2514
0,2,92,0,0,40.2508
0,3,92,0,0,40.2501
0,4,92,0,0,40.2495
0,5,92,0,0,40.2487
0,6,92,0,0,40.248
0,7,92,0,0,40.2472
0,8,92,0,0,40.2464
0,9,92,0,0,40.2455
0,10,92,0,0,40.2446
0,11,92,0,0,40.2436
0,12,92,0,0,40.2426
0,13,92,0,0,40.2416
0,14,92,0,0,40.2406
0,15,92,0,0,40.2395
0,16,92,0,0,40.2383
0,17,92,0,0,40.2372
0,18,92,0,0,40.236
0,19,92,0,0,40.2347
0,20,92,0,0,40.2334
0,21,92,0,0,40.2321
0,22,92,0,0,40.2308
0,23,92,0,0,40.2294
0,24,92,0,0,40.228
0,25,92,0,0,40.2265
0,26,92,0,0,40.2251
0,27,92,0,0,40.2236
0,28,92,0,0,40.222
0,29,92,0,0,40.2205
0,30,92,0,0,40.2189
0,31,92,0,0,40.2173
0,32,92,0,0,40.2157
0,33,92,0,0,40.214
0,34,92,0,0,40.2123
0,35,92,0,0,40.2106
0,36,92,0,0,40.2089
0,37,92,0,0,40.2072
0,38,92,0,0,40.2054
0,39,92,0,0,40.2036
0,40,92,0,0,40.2018
0,41,92,0,0,40.2
0,42,92,0,0,40.1982
0,43,92,0,0,40.1964
0,44,92,0,0,40.1946
0,45,92,0,0,40.1927
0,46,92,0,0,40.1909
0,47,92,0,0,40.189
0,48,92,0,0,40.1871
0,49,92,0,0,40.1853
0,50,92,0,0,40.1834
0,51,92,0,0,40.1815
0,52,92,0,0,40.1796
0,53,92,0,0,40.1778
0,54,92,0,0,40.1759
0,55,92,0,0,40.174
0,56,92,0,0,40.1722
0,57,92,0,0,40.1703
0,58,92,0,0,40.1684
0,59,92,0,0,40.1666
0,60,92,0,0,40.1648
0,61,92,0,0,40.163
0,62,92,0,0,40.1611
0,63,92,0,0,40.1593
0,64,92,0,6.09525e-06,40.1576
0,65,92,0,0,40.1553
0,66,92,0,0,40.1531
0,67,92,0,0,40.1508
0,68,92,0,0,40.1486
0,69,92,0,0,40.1464
0,70,92,0,0,40.1442
0,71,92,0,0,40.1421
0,72,92,0,0,40.1399
0,73,92,0,0,40.1378
0,74,92,0,0,40.1357
0,75,92,0,0,40.1336
0,76,92,0,0,40.1315
0,77,92,0,0,40.1295
0,78,92,0,0,40.1275
0,79,92,0,0,40.1255
0,80,92,0,0,40.1235
0,81,92,0,0,40.1215
0,82,92,0,0,40.1196
0,83,92,0,0,40.1177
0,84,92,0,0,40.1158
0,85,92,0,0,40.1139
0,86,92,0,0,40.1121
0,87,92,0,0,40.1102
0,88,92,0,0,40.1084
0,89,92,0,0,40.1067
0,90,92,0,0,40.1049
0,91,92,0,0,40.1032
0,92,92,0,0,40.1015
0,93,92,0,0,40.0998
0,94,92,0,0,40.0981
0,95,92,0,0,40.0965
0,96,92,0,0,40.0949
0,97,92,0,0,40.0933
0,98,92,0,0,40.0917
0,99,92,0,0,40.0902
0,100,92,0,0,40.0887
0,101,92,0,0,40.0872
0,102,92,0,0,40.0858
0,103,92,0,0,40.0843
0,104,92,0,0,40.0829
0,105,92,0,0,40.0815
0,106,92,0,0,40.0802
0,107,92,0,0,40.0789
0,108,92,0,0,40.0776
0,109,92,0,0,40.0763
0,110,92,0,0,40.075
0,111,92,0,0,40.0738
0,112,92,0,0,40.0726
0,113,92,0,0,40.0715
0,114,92,0,0,40.0703
0,115,92,0,0,40.0692
0,116,92,0,0,40.0681
0,117,92,0,0,40.067
0,118,92,0,0,40.066
0,119,92,0,0,40.065
0,120,92,0,0,40.064
0,121,92,0,0,40.0631
0,122,92,0,0,40.0621
0,123,92,0,0,40.0612
0,124,92,0,0,40.0604
0,125,92,0,0,40.0595
0,126,92,0,0,40.0587
0,127,92,0,0,40.0579
0,128,92,0,6.09525e-06,40.0572
0,129,92,0,0,40.0559
0,130,92,0,0,40.0547
0,131,92,0,0,40.0536
0,132,92,0,0,40.0524
0,133,92,0,0,40.0513
0,134,92,0,0,40.0502
0,135,92,0,0,40.0491
0,136,92,0,0,40.0481
0,137,92,0,0,40.0471
0,138,92,0,0,40.0461
0,139,92,0,0,40.0451
0,140,92,0,0,40.0442
0,141,92,0,0,40.0433
0,142,92,0,0,40.0424
0,143,92,0,0,40.0415
0,144,92,0,0,40.0406
0,145,92,0,0,40.0398
0,146,92,0,0,40.039
0,147,92,0,0,40.0382
0,148,92,0,0,40.0374
0,149,92,0,0,40.0366
0,150,92,0,0,40.0359
0,151,92,0,0,40.0352
0,152,92,0,0,40.0345
0,153,92,0,0,40.0338
0,154,92,0,0,40.0332
0,155,92,0,0,40.0325
0,156,92,0,0,40.0319
0,157,92,0,0,40.0313
0,158,92,0,0,40.0307
0,159,92,0,0,40.0302
0,160,92,0,0,40.0296
0,161,92,0,0,40.0291
0,162,92,0,0,40.0286
0,163,92,0,0,40.0281
0,164,92,0,0,40.0276
0,165,92,0,0,40.0271
0,166,92,0,0,40.0266
0,167,92,0,0,40.0262
0,168,92,0,0,40.0258
0,169,92,0,0,40.0254
0,170,92,0,0,40.025
0,171,92,0,0,40.0246
0,172,92,0,0,40.0243
0,173,92,0,0,40.0239
0,174,92,0,0,40.0236
0,175,92,0,0,40.0233
0,176,92,0,0,40.023
0,177,92,0,0,40.0227
0,178,92,0,0,40.0225
0,179,92,0,0,40.0222
0,180,92,0,0,40.022
0,181,92,0,0,40.0217
0,182,92,0,0,40.0215
0,183,92,0,0,40.0214
0,184,92,0,0,40.0212
0,185,92,0,0,40.021
0,186,92,0,0,40.0209
0,187,92,0,0,40.0207
0,188,92,0,0,40.0206
0,189,92,0,0,40.0205
0,190,92,0,0,40.0205
0,191,92,0,0,40.0204
0,192,92,0,6.09525e-06,40.0204
0,193,92,0,0,40.0198
0,194,92,0,0,40.0193
0,195,92,0,0,40.0188
0,196,92,0,0,40.0183
0,197,92,0,0,40.0179
0,198,92,0,0,40.0174
0,199,92,0,0,40.017
0,200,92,0,0,40.0166
0,201,92,0,0,40.0162
0,202,92,0,0,40.0158
0,203,92,0,0,40.0154
0,204,92,0,0,40.015
0,205,92,0,0,40.0146
0,206,92,0,0,40.0143
0,207,92,0,0,40.014
0,208,92,0,0,40.0136
0,209,92,0,0,40.0133
0,210,92,0,0,40.013
0,211,92,0,0,40.0127
0,212,92,0,0,40.0124
0,213,92,0,0,40.0121
0,214,92,0,0,40.0119
0,215,92,0,0,40.0116
0,216,92,0,0,40.0114
0,217,92,0,0,40.0111
0,218,92,0,0,40.0109
0,219,92,0,0,40.0107
0,220,92,0,0,40.0104
0,221,92,0,0,40.0102
0,222,92,0,0,40.01
0,223,92,0,0,40.0098
0,224,92,0,0,40.0097
0,225,92,0,0,40.0095
0,226,92,0,0,40.0093
0,227,92,0,0,40.0091
0,228,92,0,0,40.009
0,229,92,0,0,40.0088
0,230,92,0,0,40.0087
0,231,92,0,0,40.0085
0,232,92,0,0,40.0084
0,233,92,0,0,40.0083
0,234,92,0,0,40.0081
0,235,92,0,0,40.008
0,236,92,0,0,40.0079
0,237,92,0,0,40.0078
0,238,92,0,0,40.0077
0,239,92,0,0,40.0076
0,240,92,0,0,40.0075
0,241,92,0,0,40.0074
0,242,92,0,0,40.0074
0,243,92,0,0,40.0073
0,244,92,0,0,40.0072
0,245,92,0,0,40.0072
0,246,92,0,0,40.0071
0,247,92,0,0,40.0071
0,248,92,0,0,40.007
0,249,92,0,0,40.007
0,250,92,0,0,40.0069
0,251,92,0,0,40.0069
0,252,92,0,0,40.0069
0,253,92,0,0,40.0069
0,254,92,0,0,40.0068
0,255,92,0,0,40.0068
0,0,93,0,6.09525e-06,40.2418
0,1,93,0,0,40.2413
0,2,93,0,0,40.2407
0,3,93,0,0,40.24
0,4,93,0,0,40.2394
0,5,93,0,0,40.2387
0,6,93,0,0,40.2379
0,7,93,0,0,40.2372
0,8,93,0,0,40.2364
0,9,93,0,0,40.2355
0,10,93,0,0,40.2347
0,11,93,0,0,40.2337
0,12,93,0,0,40.2328
0,13,93,0,0,40.2318
0,14,93,0,0,40.2308
0,15,93,0,0,40.2298
0,16,93,0,0,40.2287
0,17,93,0,0,40.2275
0,18,93,0,0,40.2264
0,19,93,0,0,40.2252
0,20,93,0,0,40.224
0,21,93,0,0,40.2227
0,22,93,0,0,40.2215
0,23,93,0,0,40.2201
0,24,93,0,0,40.2188
0,25,93,0,0,40.2174
0,26,93,0,0,40.216
0,27,93,0,0,40.2146
0,28,93,0,0,40.2131
0,29,93,0,0,40.2117
0,30,93,0,0,40.2102
0,31,93,0,0,40.2086
0,32,93,0,0,40.2071
0,33,93,0,0,40.2055
0,34,93,0,0,40.2039
0,35,93,0,0,40.2023
0,36,93,0,0,40.2007
0,37,93,0,0,40.199
0,38,93,0,0,40.1974
0,39,93,0,0,40.1957
0,40,93,0,0,40.194
0,41,93,0,0,40.1923
0,42,93,0,0,40.1905
0,43,93,0,0,40.1888
0,44,93,0,0,40.1871
0,45,93,0,0,40.1853
0,46,93,0,0,40.1836
0,47,93,0,0,40.1818
0,48,93,0,0,40.18
0,49,93,0,0,40.1783
0,50,93,0,0,40.1765
0,51,93,0,0,40.1747
0,52,93,0,0,40.1729
0,53,93,0,0,40.1712
0,54,93,0,0,40.1694
0,55,93,0,0,40.1676
0,56,93,0,0,40.1659
0,57,93,0,0,40.1641
0,58,93,0,0,40.1623
0,59,93,0,0,40.1606
0,60,93,0,0,40.1589
0,61,93,0,0,40.1571
0,62,93,0,0,40.1554
0,63,93,0,0,40.1537
0,64,93,0,6.09525e-06,40.152
0,65,93,0,0,40.1499
0,66,93,0,0,40.1477
0,67,93,0,0,40.1456
0,68,93,0,0,40.1435
0,69,93,0,0,40.1414
0,70,93,0,0,40.1393
0,71,93,0,0,40.1372
0,72,93,0,0,40.1351
0,73,93,0,0,40.1331
0,74,93,0,0,40.1311
0,75,93,0,0,40.1291
0,76,93,0,0,40.1271
0,77,93,0,0,40.1252
0,78,93,0,0,40.1232
0,79,93,0,0,40.1213
0,80,93,0,0,40.1194
0,81,93,0,0,40.1175
0,82,93,0,0,40.1157
0,83,93,0,0,40.1138
0,84,93,0,0,40.112
0,85,93,0,0,40.1102
0,86,93,0,0,40.1084
0,87,93,0,0,40.1067
0,88,93,0,0,40.105
0,89,93,0,0,40.1033
0,90,93,0,0,40.1016
0,91,93,0,0,40.0999
0,92,93,0,0,40.0983
0,93,93,0,0,40.0967
0,94,93,0,0,40.0951
0,95,93,0,0,40.0935
0,96,93,0,0,40.092
0,97,93,0,0,40.0905
0,98,93,0,0,40.089
0,99,93,0,0,40.0875
0,100,93,0,0,40.0861
0,101,93,0,0,40.0846
0,102,93,0,0,40.0832
0,103,93,0,0,40.0819
0,104,93,0,0,40.0805
0,105,93,0,0,40.0792
0,106,93,0,0,40.0779
0,107,93,0,0,40.0766
0,108,93,0,0,40.0754
0,109,93,0,0,40.0742
0,110,93,0,0,40.073
0,111,93,0,0,40.0718
0,112,93,0,0,40.0706
0,113,93,0,0,40.0695
0,114,93,0,0,40.0684
0,115,93,0,0,40.0674
0,116,93,0,0,40.0663
0,117,93,0,0,40.0653
0,118,93,0,0,40.0643
0,119,93,0,0,40.0633
0,120,93,0,0,40.0624
0,121,93,0,0,40.0615
0,122,93,0,0,40.0606
0,123,93,0,0,40.0597
0,124,93,0,0,40.0589
0,125,93,0,0,40.0581
0,126,93,0,0,40.0573
0,127,93,0,0,40.0566
0,128,93,0,6.09525e-06,40.0558
0,129,93,0,0,40.0546
0,130,93,0,0,40.0535
0,131,93,0,0,40.0523
0,132,93,0,0,40.0512
0,133,93,0,0,40.0501
0,134,93,0,0,40.0491
0,135,93,0,0,40.048
0,136,93,0,0,40.047
0,137,93,0,0,40.046
0,138,93,0,0,40.0451
0,139,93,0,0,40.0441
0,140,93,0,0,40.0432
0,141,93,0,0,40.0423
0,142,93,0,0,40.0414
0,143,93,0,0,40.0406
0,144,93,0,0,40.0398
0,145,93,0,0,40.0389
0,146,93,0,0,40.0381
0,147,93,0,0,40.0374
0,148,93,0,0,40.0366
0,149,93,0,0,40.0359
0,150,93,0,0,40.0352
0,151,93,0,0,40.0345
0,152,93,0,0,40.0338
0,153,93,0,0,40.0332
0,154,93,0,0,40.0325
0,155,93,0,0,40.0319
0,156,93,0,0,40.0313
0,157,93,0,0,40.0307
0,158,93,0,0,40.0301
0,159,93,0,0,40.0296
0,160,93,0,0,40.029
0,161,93,0,0,40.0285
0,162,93,0,0,40.028
0,163,93,0,0,40.0275
0,164,93,0,0,40.0271
0,165,93,0,0,40.0266
0,166,93,0,0,40.0262
0,167,93,0,0,40.0258
0,168,93,0,0,40.0254
0,169,93,0,0,40.025
0,170,93,0,0,40.0246
0,171,93,0,0,40.0242
0,172,93,0,0,40.0239
0,173,93,0,0,40.0235
0,174,93,0,0,40.0232
0,175,93,0,0,40.0229
0,176,93,0,0,40.0226
0,177,93,0,0,40.0224
0,178,93,0,0,40.0221
0,179,93,0,0,40.0219
0,180,93,0,0,40.0217
0,181,93,0,0,40.0214
0,182,93,0,0,40.0212
0,183,93,0,0,40.0211
0,184,93,0,0,40.0209
0,185,93,0,0,40.0207
0,186,93,0,0,40.0206
0,187,93,0,0,40.0205
0,188,93,0,0,40.0204
0,189,93,0,0,40.0203
0,190,93,0,0,40.0202
0,191,93,0,0,40.0202
0,192,93,0,6.09525e-06,40.0201
0,193,93,0,0,40.0196
0,194,93,0,0,40.0191
0,195,93,0,0,40.0186
0,196,93,0,0,40.0181
0,197,93,0,0,40.0177
0,198,93,0,0,40.0172
0,199,93,0,0,40.0168
0,200,93,0,0,40.0164
0,201,93,0,0,40.016
0,202,93,0,0,40.0156
0,203,93,0,0,40.0152
0,204,93,0,0,40.0149
0,205,93,0,0,40.0145
0,206,93,0,0,40.0141
0,207,93,0,0,40.0138
0,208,93,0,0,40.0135
0,209,93,0,0,40.0132
0,210,93,0,0,40.0129
0,211,93,0,0,40.0126
0,212,93,0,0,40.0123
0,213,93,0,0,40.012
0,214,93,0,0,40.0118
0,215,93,0,0,40.0115
0,216,93,0,0,40.0113
0,217,93,0,0,40.011
0,218,93,0,0,40.0108
0,219,93,0,0,40.0106
0,220,93,0,0,40.0103
0,221,93,0,0,40.0101
0,222,93,0,0,40.0099
0,223,93,0,0,40.0097
0,224,93,0,0,40.0096
0,225,93,0,0,40.0094
0,226,93,0,0,40.0092
0,227,93,0,0,40.009
0,228,93,0,0,40.0089
0,229,93,0,0,40.0087
0,230,93,0,0,40.0086
0,231,93,0,0,40.0084
0,232,93,0,0,40.0083
0,233,93,0,0,40.0082
0,234,93,0,0,40.0081
0,235,93,0,0,40.0079
0,236,93,0,0,40.0078
0,237,93,0,0,40.0077
0,238,93,0,0,40.0076
0,239,93,0,0,40.0075
0,240,93,0,0,40.0075
0,241,93,0,0,40.0074
0,242,93,0,0,40.0073
0,243,93,0,0,40.0072
0,244,93,0,0,40.0072
0,245,93,0,0,40.0071
0,246,93,0,0,40.007
0,247,93,0,0,40.007
0,248,93,0,0,40.007
0,249,93,0,0,40.0069
0,250,93,0,0,40.0069
0,251,93,0,0,40.0068
0,252,93,0,0,40.0068
0,253,93,0,0,40.0068
0,254,93,0,0,40.0068
0,255,93,0,0,40.0068
0,0,94,0,6.09525e-06,40.2322
0,1,94,0,0,40.2317
0,2,94,0,0,40.2311
0,3,94,0,0,40.2305
0,4,94,0,0,40.2298
0,5,94,0,0,40.2291
0,6,94,0,0,40.2284
0,7,94,0,0,40.2277
0,8,94,0,0,40.2269
0,9,94,0,0,40.2261
0,10,94,0,0,40.2252
0,11,94,0,0,40.2244
0,12,94,0,0,40.2234
0,13,94,0,0,40.2225
0,14,94,0,0,40.2215
0,15,94,0,0,40.2205
0,16,94,0,0,40.2195
0,17,94,0,0,40.2184
0,18,94,0,0,40.2173
0,19,94,0,0,40.2162
0,20,94,0,0,40.215
0,21,94,0,0,40.2138
0,22,94,0,0,40.2126
0,23,94,0,0,40.2113
0,24,94,0,0,40.2101
0,25,94,0,0,40.2088
0,26,94,0,0,40.2074
0,27,94,0,0,40.2061
0,28,94,0,0,40.2047
0,29,94,0,0,40.2033
0,30,94,0,0,40.2019
0,31,94,0,0,40.2004
0,32,94,0,0,40.1989
0,33,94,0,0,40.1974
0,34,94,0,0,40.1959
0,35,94,0,0,40.1944
0,36,94,0,0,40.1928
0,37,94,0,0,40.1913
0,38,94,0,0,40.1897
0,39,94,0,0,40.1881
0,40,94,0,0,40.1865
0,41,94,0,0,40.1849
0,42,94,0,0,40.1832
0,43,94,0,0,40.1816
0,44,94,0,0,40.1799
0,45,94,0,0,40.1783
0,46,94,0,0,40.1766
0,47,94,0,0,40.175
0,48,94,0,0,40.1733
0,49,94,0,0,40.1716
0,50,94,0,0,40.1699
0,51,94,0,0,40.1682
0,52,94,0,0,40.1665
0,53,94,0,0,40.1649
0,54,94,0,0,40.1632
0,55,94,0,0,40.1615
0,56,94,0,0,40.1598
0,57,94,0,0,40.1582
0,58,94,0,0,40.1565
0,59,94,0,0,40.1549
0,60,94,0,0,40.1532
0,61,94,0,0,40.1516
0,62,94,0,0,40.15
0,63,94,0,0,40.1484
0,64,94,0,6.09525e-06,40.1468
0,65,94,0,0,40.1447
0,66,94,0,0,40.1426
0,67,94,0,0,40.1406
0,68,94,0,0,40.1385
0,69,94,0,0,40.1365
0,70,94,0,0,40.1345
0,71,94,0,0,40.1325
0,72,94,0,0,40.1306
0,73,94,0,0,40.1286
0,74,94,0,0,40.1267
0,75,94,0,0,40.1248
0,76,94,0,0,40.1229
0,77,94,0,0,40.121
0,78,94,0,0,40.1191
0,79,94,0,0,40.1173
0,80,94,0,0,40.1155
0,81,94,0,0,40.1137
0,82,94,0,0,40.1119
0,83,94,0,0,40.1101
0,84,94,0,0,40.1084
0,85,94,0,0,40.1067
0,86,94,0,0,40.105
0,87,94,0,0,40.1033
0,88,94,0,0,40.1017
0,89,94,0,0,40.1
0,90,94,0,0,40.0984
0,91,94,0,0,40.0968
0,92,94,0,0,40.0952
0,93,94,0,0,40.0937
0,94,94,0,0,40.0922
0,95,94,0,0,40.0907
0,96,94,0,0,40.0892
0,97,94,0,0,40.0877
0,98,94,0,0,40.0863
0,99,94,0,0,40.0849
0,100,94,0,0,40.0835
0,101,94,0,0,40.0821
0,102,94,0,0,40.0808
0,103,94,0,0,40.0795
0,104,94,0,0,40.0782
0,105,94,0,0,40.0769
0,106,94,0,0,40.0757
0,107,94,0,0,40.0745
0,108,94,0,0,40.0733
0,109,94,0,0,40.0721
0,110,94,0,0,40.0709
0,111,94,0,0,40.0698
0,112,94,0,0,40.0687
0,113,94,0,0,40.0676
0,114,94,0,0,40.0666
0,115,94,0,0,40.0656
0,116,94,0,0,40.0646
0,117,94,0,0,40.0636
0,118,94,0,0,40.0626
0,119,94,0,0,40.0617
0,120,94,0,0,40.0608
0,121,94,0,0,40.0599
0,122,94,0,0,40.0591
0,123,94,0,0,40.0583
0,124,94,0,0,40.0575
0,125,94,0,0,40.0567
0,126,94,0,0,40.056
0,127,94,0,0,40.0553
0,128,94,0,6.09525e-06,40.0546
0,129,94,0,0,40.0534
0,130,94,0,0,40.0523
0,131,94,0,0,40.0512
0,132,94,0,0,40.0501
0,133,94,0,0,40.049
0,134,94,0,0,40.048
0,135,94,0,0,40.047
0,136,94,0,0,40.046
0,137,94,0,0,40.045
0,138,94,0,0,40.0441
0,139,94,0,0,40.0432
0,140,94,0,0,40.0423
0,141,94,0,0,40.0414
0,142,94,0,0,40.0406
0,143,94,0,0,40.0397
0,144,94,0,0,40.0389
0,145,94,0,0,40.0381
0,146,94,0,0,40.0374
0,147,94,0,0,40.0366
0,148,94,0,0,40.0359
0,149,94,0,0,40.0352
0,150,94,0,0,40.0345
0,151,94,0,0,40.0338
0,152,94,0,0,40.0331
0,153,94,0,0,40.0325
0,154,94,0,0,40.0319
0,155,94,0,0,40.0313
0,156,94,0,0,40.0307
0,157,94,0,0,40.0301
0,158,94,0,0,40.0296
0,159,94,0,0,40.029
0,160,94,0,0,40.0285
0,161,94,0,0,40.028
0,162,94,0,0,40.0275
0,163,94,0,0,40.027
0,164,94,0,0,40.0266
0,165,94,0,0,40.0262
0,166,94,0,0,40.0257
0,167,94,0,0,40.0253
0,168,94,0,0,40.0249
0,169,94,0,0,40.0245
0,170,94,0,0,40.0242
0,171,94,0,0,40.0238
0,172,94,0,0,40.0235
0,173,94,0,0,40.0232
0,174,94,0,0,40.0229
0,175,94,0,0,40.0226
0,176,94,0,0,40.0223
0,177,94,0,0,40.022
0,178,94,0,0,40.0218
0,179,94,0,0,40.0216
0,180,94,0,0,40.0213
0,181,94,0,0,40.0211
0,182,94,0,0,40.021
0,183,94,0,0,40.0208
0,184,94,0,0,40.0206
0,185,94,0,0,40.0205
0,186,94,0,0,40.0204
0,187,94,0,0,40.0202
0,188,94,0,0,40.0201
0,189,94,0,0,40.0201
0,190,94,0,0,40.02
0,191,94,0,0,40.02
0,192,94,0,6.09525e-06,40.0199
0,193,94,0,0,40.0194
0,194,94,0,0,40.0189
0,195,94,0,0,40.0184
0,196,94,0,0,40.018
0,197,94,0,0,40.0175
0,198,94,0,0,40.0171
0,199,94,0,0,40.0166
0,200,94,0,0,40.0162
0,201,94,0,0,40.0158
0,202,94,0,0,40.0154
0,203,94,0,0,40.0151
0,204,94,0,0,40.0147
0,205,94,0,0,40.0143
0,206,94,0,0,40.014
0,207,94,0,0,40.0137
0,208,94,0,0,40.0134
0,209,94,0,0,40.013
0,210,94,0,0,40.0127
0,211,94,0,0,40.0125
0,212,94,0,0,40.0122
0,213,94,0,0,40.0119
0,214,94,0,0,40.0116
0,215,94,0,0,40.0114
0,216,94,0,0,40.0111
0,217,94,0,0,40.0109
0,218,94,0,0,40.0107
0,219,94,0,0,40.0105
0,220,94,0,0,40.0102
0,221,94,0,0,40.01
0,222,94,0,0,40.0098
0,223,94,0,0,40.0097
0,224,94,0,0,40.0095
0,225,94,0,0,40.0093
0,226,94,0,0,40.0091
0,227,94,0,0,40.009
0,228,94,0,0,40.0088
0,229,94,0,0,40.0086
0,230,94,0,0,40.0085
0,231,94,0,0,40.0084
0,232,94,0,0,40.0082
0,233,94,0,0,40.0081
0,234,94,0,0,40.008
0,235,94,0,0,40.0079
0,236,94,0,0,40.0078
0,237,94,0,0,40.0077
0,238,94,0,0,40.0076
0,239,94,0,0,40.0075
0,240,94,0,0,40.0074
0,241,94,0,0,40.0073
0,242,94,0,0,40.0072
0,243,94,0,0,40.0072
0,244,94,0,0,40.0071
0,245,94,0,0,40.007
0,246,94,0,0,40.007
0,247,94,0,0,40.0069
0,248,94,0,0,40.0069
0,249,94,0,0,40.0069
0,250,94,0,0,40.0068
0,251,94,0,0,40.0068
0,252,94,0,0,40.0068
0,253,94,0,0,40.0067
0,254,94,0,0,40.0067
0,255,94,0,0,40.0067
0,0,95,0,6.09525e-06,40.2231
0,1,95,0,0,40.2226
0,2,95,0,0,40.222
0,3,95,0,0,40.2214
0,4,95,0,0,40.2207
0,5,95,0,0,40.2201
0,6,95,0,0,40.2194
0,7,95,0,0,40.2186
0,8,95,0,0,40.2179
0,9,95,0,0,40.2171
0,10,95,0,0,40.2163
0,11,95,0,0,40.2154
0,12,95,0,0,40.2146
0,13,95,0,0,40.2137
0,14,95,0,0,40.2127
0,15,95,0,0,40.2118
0,16,95,0,0,40.2108
0,17,95,0,0,40.2097
0,18,95,0,0,40.2087
0,19,95,0,0,40.2076
0,20,95,0,0,40.2065
0,21,95,0,0,40.2054
0,22,95,0,0,40.2042
0,23,95,0,0,40.203
0,24,95,0,0,40.2018
0,25,95,0,0,40.2005
0,26,95,0,0,40.1993
0,27,95,0,0,40.198
0,28,95,0,0,40.1967
0,29,95,0,0,40.1953
0,30,95,0,0,40.194
0,31,95,0,0,40.1926
0,32,95,0,0,40.1912
0,33,95,0,0,40.1898
0,34,95,0,0,40.1883
0,35,95,0,0,40.1869
0,36,95,0,0,40.1854
0,37,95,0,0,40.1839
0,38,95,0,0,40.1824
0,39,95,0,0,40.1809
0,40,95,0,0,40.1794
0,41,95,0,0,40.1778
0,42,95,0,0,40.1763
0,43,95,0,0,40.1747
0,44,95,0,0,40.1732
0,45,95,0,0,40.1716
0,46,95,0,0,40.17
0,47,95,0,0,40.1684
0,48,95,0,0,40.1668
0,49,95,0,0,40.1652
0,50,95,0,0,40.1636
0,51,95,0,0,40.1621
0,52,95,0,0,40.1605
0,53,95,0,0,40.1589
0,54,95,0,0,40.1573
0,55,95,0,0,40.1557
0,56,95,0,0,40.1541
0,57,95,0,0,40.1525
0,58,95,0,0,40.1509
0,59,95,0,0,40.1494
0,60,95,0,0,40.1478
0,61,95,0,0,40.1463
0,62,95,0,0,40.1447
0,63,95,0,0,40.1432
0,64,95,0,6.09525e-06,40.1417
0,65,95,0,0,40.1397
0,66,95,0,0,40.1377
0,67,95,0,0,40.1358
0,68,95,0,0,40.1338
0,69,95,0,0,40.1319
0,70,95,0,0,40.13
0,71,95,0,0,40.1281
0,72,95,0,0,40.1262
0,73,95,0,0,40.1243
0,74,95,0,0,40.1225
0,75,95,0,0,40.1206
0,76,95,0,0,40.1188
0,77,95,0,0,40.117
0,78,95,0,0,40.1152
0,79,95,0,0,40.1135
0,80,95,0,0,40.1117
0,81,95,0,0,40.11
0,82,95,0,0,40.1083
0,83,95,0,0,40.1066
0,84,95,0,0,40.1049
0,85,95,0,0,40.1033
0,86,95,0,0,40.1017
0,87,95,0,0,40.1001
0,88,95,0,0,40.0985
0,89,95,0,0,40.0969
0,90,95,0,0,40.0954
0,91,95,0,0,40.0938
0,92,95,0,0,40.0923
0,93,95,0,0,40.0908
0,94,95,0,0,40.0894
0,95,95,0,0,40.0879
0,96,95,0,0,40.0865
0,97,95,0,0,40.0851
0,98,95,0,0,40.0837
0,99,95,0,0,40.0824
0,100,95,0,0,40.0811
0,101,95,0,0,40.0798
0,102,95,0,0,40.0785
0,103,95,0,0,40.0772
0,104,95,0,0,40.076
0,105,95,0,0,40.0748
0,106,95,0,0,40.0736
0,107,95,0,0,40.0724
0,108,95,0,0,40.0712
0,109,95,0,0,40.0701
0,110,95,0,0,40.069
0,111,95,0,0,40.0679
0,112,95,0,0,40.0669
0,113,95,0,0,40.0658
0,114,95,0,0,40.0648
0,115,95,0,0,40.0639
0,116,95,0,0,40.0629
0,117,95,0,0,40.062
0,118,95,0,0,40.0611
0,119,95,0,0,40.0602
0,120,95,0,0,40.0593
0,121,95,0,0,40.0585
0,122,95,0,0,40.0577
0,123,95,0,0,40.0569
0,124,95,0,0,40.0561
0,125,95,0,0,40.0554
0,126,95,0,0,40.0547
0,127,95,0,0,40.054
0,128,95,0,6.09525e-06,40.0533
0,129,95,0,0,40.0522
0,130,95,0,0,40.0511
0,131,95,0,0,40.05
0,132,95,0,0,40.049
0,133,95,0,0,40.0479
0,134,95,0,0,40.0469
0,135,95,0,0,40.0459
0,136,95,0,0,40.045
0,137,95,0,0,40.0441
0,138,95,0,0,40.0431
0,139,95,0,0,40.0422
0,140,95,0,0,40.0414
0,141,95,0,0,40.0405
0,142,95,0,0,40.0397
0,143,95,0,0,40.0389
0,144,95,0,0,40.0381
0,145,95,0,0,40.0373
0,146,95,0,0,40.0366
0,147,95,0,0,40.0359
0,148,95,0,0,40.0352
0,149,95,0,0,40.0345
0,150,95,0,0,40.0338
0,151,95,0,0,40.0331
0,152,95,0,0,40.0325
0,153,95,0,0,40.0319
0,154,95,0,0,40.0313
0,155,95,0,0,40.0307
0,156,95,0,0,40.0301
0,157,95,0,0,40.0296
0,158,95,0,0,40.029
0,159,95,0,0,40.0285
0,160,95,0,0,40.028
0,161,95,0,0,40.0275
0,162,95,0,0,40.027
0,163,95,0,0,40.0266
0,164,95,0,0,40.0261
0,165,95,0,0,40.0257
0,166,95,0,0,40.0253
0,167,95,0,0,40.0249
0,168,95,0,0,40.0245
0,169,95,0,0,40.0241
0,170,95,0,0,40.0238
0,171,95,0,0,40.0234
0,172,95,0,0,40.0231
0,173,95,0,0,40.0228
0,174,95,0,0,40.0225
0,175,95,0,0,40.0222
0,176,95,0,0,40.022
0,177,95,0,0,40.0217
0,178,95,0,0,40.0215
0,179,95,0,0,40.0213
0,180,95,0,0,40.021
0,181,95,0,0,40.0209
0,182,95,0,0,40.0207
0,183,95,0,0,40.0205
0,184,95,0,0,40.0204
0,185,95,0,0,40.0202
0,186,95,0,0,40.0201
0,187,95,0,0,40.02
0,188,95,0,0,40.0199
0,189,95,0,0,40.0198
0,190,95,0,0,40.0198
0,191,95,0,0,40.0197
0,192,95,0,6.09525e-06,40.0197
0,193,95,0,0,40.0192
0,194,95,0,0,40.0187
0,195,95,0,0,40.0182
0,196,95,0,0,40.0178
0,197,95,0,0,40.0173
0,198,95,0,0,40.0169
0,199,95,0,0,40.0165
0,200,95,0,0,40.0161
0,201,95,0,0,40.0157
0,202,95,0,0,40.0153
0,203,95,0,0,40.0149
0,204,95,0,0,40.0145
0,205,95,0,0,40.0142
0,206,95,0,0,40.0139
0,207,95,0,0,40.0135
0,208,95,0,0,40.0132
0,209,95,0,0,40.0129
0,210,95,0,0,40.0126
0,211,95,0,0,40.0123
0,212,95,0,0,40.0121
0,213,95,0,0,40.0118
0,214,95,0,0,40.0115
0,215,95,0,0,40.0113
0,216,95,0,0,40.011
0,217,95,0,0,40.0108
0,218,95,0,0,40.0106
0,219,95,0,0,40.0104
0,220,95,0,0,40.0101
0,221,95,0,0,40.0099
0,222,95,0,0,40.0097
0,223,95,0,0,40.0096
0,224,95,0,0,40.0094
0,225,95,0,0,40.0092
0,226,95,0,0,40.009
0,227,95,0,0,40.0089
0,228,95,0,0,40.0087
0,229,95,0,0,40.0086
0,230,95,0,0,40.0084
0,231,95,0,0,40.0083
0,232,95,0,0,40.0082
0,233,95,0,0,40.008
0,234,95,0,0,40.0079
0,235,95,0,0,40.0078
0,236,95,0,0,40.0077
0,237,95,0,0,40.0076
0,238,95,0,0,40.0075
0,239,95,0,0,40.0074
0,240,95,0,0,40.0073
0,241,95,0,0,40.0072
0,242,95,0,0,40.0072
0,243,95,0,0,40.0071
0,244,95,0,0,40.007
0,245,95,0,0,40.007
0,246,95,0,0,40.0069
0,247,95,0,0,40.0069
0,248,95,0,0,40.0068
0,249,95,0,0,40.0068
0,250,95,0,0,40.0068
0,251,95,0,0,40.0067
0,252,95,0,0,40.0067
0,253,95,0,0,40.0067
0,254,95,0,0,40.0067
0,255,95,0,0,40.0067
0,0,96,0,6.09525e-06,40.2145
0,1,96,0,0,40.2139
0,2,96,0,0,40.2133
0,3,96,0,0,40.2127
0,4,96,0,0,40.2121
0,5,96,0,0,40.2115
0,6,96,0,0,40.2108
0,7,96,0,0,40.2101
0,8,96,0,0,40.2093
0,9,96,0,0,40.2086
0,10,96,0,0,40.2078
0,11,96,0,0,40.207
0,12,96,0,0,40.2061
0,13,96,0,0,40.2053
0,14,96,0,0,40.2044
0,15,96,0,0,40.2034
0,16,96,0,0,40.2025
0,17,96,0,0,40.2015
0,18,96,0,0,40.2005
0,19,96,0,0,40.1995
0,20,96,0,0,40.1984
0,21,96,0,0,40.1973
0,22,96,0,0,40.1962
0,23,96,0,0,40.1951
0,24,96,0,0,40.1939
0,25,96,0,0,40.1927
0,26,96,0,0,40.1915
0,27,96,0,0,40.1903
0,28,96,0,0,40.189
0,29,96,0,0,40.1877
0,30,96,0,0,40.1865
0,31,96,0,0,40.1851
0,32,96,0,0,40.1838
0,33,96,0,0,40.1825
0,34,96,0,0,40.1811
0,35,96,0,0,40.1797
0,36,96,0,0,40.1783
0,37,96,0,0,40.1769
0,38,96,0,0,40.1755
0,39,96,0,0,40.174
0,40,96,0,0,40.1726
0,41,96,0,0,40.1711
0,42,96,0,0,40.1697
0,43,96,0,0,40.1682
0,44,96,0,0,40.1667
0,45,96,0,0,40.1652
0,46,96,0,0,40.1637
0,47,96,0,0,40.1622
0,48,96,0,0,40.1607
0,49,96,0,0,40.1592
0,50,96,0,0,40.1577
0,51,96,0,0,40.1562
0,52,96,0,0,40.1547
0,53,96,0,0,40.1531
0,54,96,0,0,40.1516
0,55,96,0,0,40.1501
0,56,96,0,0,40.1486
0,57,96,0,0,40.1471
0,58,96,0,0,40.1456
0,59,96,0,0,40.1442
0,60,96,0,0,40.1427
0,61,96,0,0,40.1412
0,62,96,0,0,40.1398
0,63,96,0,0,40.1383
0,64,96,0,6.09525e-06,40.1369
0,65,96,0,0,40.135
0,66,96,0,0,40.1331
0,67,96,0,0,40.1312
0,68,96,0,0,40.1293
0,69,96,0,0,40.1275
0,70,96,0,0,40.1256
0,71,96,0,0,40.1238
0,72,96,0,0,40.122
0,73,96,0,0,40.1202
0,74,96,0,0,40.1184
0,75,96,0,0,40.1167
0,76,96,0,0,40.1149
0,77,96,0,0,40.1132
0,78,96,0,0,40.1115
0,79,96,0,0,40.1098
0,80,96,0,0,40.1081
0,81,96,0,0,40.1065
0,82,96,0,0,40.1048
0,83,96,0,0,40.1032
0,84,96,0,0,40.1016
0,85,96,0,0,40.1
0,86,96,0,0,40.0985
0,87,96,0,0,40.0969
0,88,96,0,0,40.0954
0,89,96,0,0,40.0939
0,90,96,0,0,40.0924
0,91,96,0,0,40.091
0,92,96,0,0,40.0895
0,93,96,0,0,40.0881
0,94,96,0,0,40.0867
0,95,96,0,0,40.0853
0,96,96,0,0,40.084
0,97,96,0,0,40.0826
0,98,96,0,0,40.0813
0,99,96,0,0,40.08
0,100,96,0,0,40.0787
0,101,96,0,0,40.0775
0,102,96,0,0,40.0762
0,103,96,0,0,40.075
0,104,96,0,0,40.0738
0,105,96,0,0,40.0727
0,106,96,0,0,40.0715
0,107,96,0,0,40.0704
0,108,96,0,0,40.0693
0,109,96,0,0,40.0682
0,110,96,0,0,40.0672
0,111,96,0,0,40.0661
0,112,96,0,0,40.0651
0,113,96,0,0,40.0641
0,114,96,0,0,40.0632
0,115,96,0,0,40.0622
0,116,96,0,0,40.0613
0,117,96,0,0,40.0604
0,118,96,0,0,40.0595
0,119,96,0,0,40.0587
0,120,96,0,0,40.0579
0,121,96,0,0,40.0571
0,122,96,0,0,40.0563
0,123,96,0,0,40.0555
0,124,96,0,0,40.0548
0,125,96,0,0,40.0541
0,126,96,0,0,40.0534
0,127,96,0,0,40.0528
0,128,96,0,6.09525e-06,40.0521
0,129,96,0,0,40.051
0,130,96,0,0,40.05
0,131,96,0,0,40.0489
0,132,96,0,0,40.0479
0,133,96,0,0,40.0469
0,134,96,0,0,40.0459
0,135,96,0,0,40.045
0,136,96,0,0,40.044
0,137,96,0,0,40.0431
0,138,96,0,0,40.0422
0,139,96,0,0,40.0414
0,140,96,0,0,40.0405
0,141,96,0,0,40.0397
0,142,96,0,0,40.0389
0,143,96,0,0,40.0381
0,144,96,0,0,40.0373
0,145,96,0,0,40.0366
0,146,96,0,0,40.0359
0,147,96,0,0,40.0351
0,148,96,0,0,40.0344
0,149,96,0,0,40.0338
0,150,96,0,0,40.0331
0,151,96,0,0,40.0325
0,152,96,0,0,40.0319
0,153,96,0,0,40.0313
0,154,96,0,0,40.0307
0,155,96,0,0,40.0301
0,156,96,0,0,40.0295
0,157,96,0,0,40.029
0,158,96,0,0,40.0285
0,159,96,0,0,40.028
0,160,96,0,0,40.0275
0,161,96,0,0,40.027
0,162,96,0,0,40.0266
0,163,96,0,0,40.0261
0,164,96,0,0,40.0257
0,165,96,0,0,40.0253
0,166,96,0,0,40.0249
0,167,96,0,0,40.0245
0,168,96,0,0,40.0241
0,169,96,0,0,40.0237
0,170,96,0,0,40.0234
0,171,96,0,0,40.0231
0,172,96,0,0,40.0228
0,173,96,0,0,40.0225
0,174,96,0,0,40.0222
0,175,96,0,0,40.0219
0,176,96,0,0,40.0216
0,177,96,0,0,40.0214
0,178,96,0,0,40.0212
0,179,96,0,0,40.021
0,180,96,0,0,40.0208
0,181,96,0,0,40.0206
0,182,96,0,0,40.0204
0,183,96,0,0,40.0202
0,184,96,0,0,40.0201
0,185,96,0,0,40.02
0,186,96,0,0,40.0199
0,187,96,0,0,40.0198
0,188,96,0,0,40.0197
0,189,96,0,0,40.0196
0,190,96,0,0,40.0196
0,191,96,0,0,40.0195
0,192,96,0,6.09525e-06,40.0195
0,193,96,0,0,40.019
0,194,96,0,0,40.0185
0,195,96,0,0,40.018
0,196,96,0,0,40.0176
0,197,96,0,0,40.0171
0,198,96,0,0,40.0167
0,199,96,0,0,40.0163
0,200,96,0,0,40.0159
0,201,96,0,0,40.0155
0,202,96,0,0,40.0151
0,203,96,0,0,40.0148
0,204,96,0,0,40.0144
0,205,96,0,0,40.0141
0,206,96,0,0,40.0137
0,207,96,0,0,40.0134
0,208,96,0,0,40.0131
0,209,96,0,0,40.0128
0,210,96,0,0,40.0125
0,211,96,0,0,40.0122
0,212,96,0,0,40.0119
0,213,96,0,0,40.0117
0,214,96,0,0,40.0114
0,215,96,0,0,40.0112
0,216,96,0,0,40.0109
0,217,96,0,0,40.0107
0,218,96,0,0,40.0105
0,219,96,0,0,40.0103
0,220,96,0,0,40.0101
0,221,96,0,0,40.0099
0,222,96,0,0,40.0097
0,223,96,0,0,40.0095
0,224,96,0,0,40.0093
0,225,96,0,0,40.0091
0,226,96,0,0,40.009
0,227,96,0,0,40.0088
0,228,96,0,0,40.0086
0,229,96,0,0,40.0085
0,230,96,0,0,40.0084
0,231,96,0,0,40.0082
0,232,96,0,0,40.0081
0,233,96,0,0,40.008
0,234,96,0,0,40.0078
0,235,96,0,0,40.0077
0,236,96,0,0,40.0076
0,237,96,0,0,40.0075
0,238,96,0,0,40.0074
0,239,96,0,0,40.0073
0,240,96,0,0,40.0073
0,241,96,0,0,40.0072
0,242,96,0,0,40.0071
0,243,96,0,0,40.007
0,244,96,0,0,40.007
0,245,96,0,0,40.0069
0,246,96,0,0,40.0069
0,247,96,0,0,40.0068
0,248,96,0,0,40.0068
0,249,96,0,0,40.0067
0,250,96,0,0,40.0067
0,251,96,0,0,40.0067
0,252,96,0,0,40.0067
0,253,96,0,0,40.0066
0,254,96,0,0,40.0066
0,255,96,0,0,40.0066
0,0,97,0,6.09525e-06,40.2063
0,1,97,0,0,40.2057
0,2,97,0,0,40.2051
0,3,97,0,0,40.2045
0,4,97,0,0,40.2039
0,5,97,0,0,40.2033
0,6,97,0,0,40.2026
0,7,97,0,0,40.202
0,8,97,0,0,40.2012
0,9,97,0,0,40.2005
0,10,97,0,0,40.1997
0,11,97,0,0,40.199
0,12,97,0,0,40.1981
0,13,97,0,0,40.1973
0,14,97,0,0,40.1964
0,15,97,0,0,40.1955
0,16,97,0,0,40.1946
0,17,97,0,0,40.1937
0,18,97,0,0,40.1927
0,19,97,0,0,40.1917
0,20,97,0,0,40.1907
0,21,97,0,0,40.1897
0,22,97,0,0,40.1886
0,23,97,0,0,40.1875
0,24,97,0,0,40.1864
0,25,97,0,0,40.1853
0,26,97,0,0,40.1841
0,27,97,0,0,40.183
0,28,97,0,0,40.1818
0,29,97,0,0,40.1806
0,30,97,0,0,40.1793
0,31,97,0,0,40.1781
0,32,97,0,0,40.1768
0,33,97,0,0,40.1755
0,34,97,0,0,40.1742
0,35,97,0,0,40.1729
0,36,97,0,0,40.1716
0,37,97,0,0,40.1702
0,38,97,0,0,40.1689
0,39,97,0,0,40.1675
0,40,97,0,0,40.1661
0,41,97,0,0,40.1648
0,42,97,0,0,40.1634
0,43,97,0,0,40.162
0,44,97,0,0,40.1606
0,45,97,0,0,40.1591
0,46,97,0,0,40.1577
0,47,97,0,0,40.1563
0,48,97,0,0,40.1549
0,49,97,0,0,40.1534
0,50,97,0,0,40.152
0,51,97,0,0,40.1506
0,52,97,0,0,40.1491
0,53,97,0,0,40.1477
0,54,97,0,0,40.1463
0,55,97,0,0,40.1448
0,56,97,0,0,40.1434
0,57,97,0,0,40.142
0,58,97,0,0,40.1406
0,59,97,0,0,40.1392
0,60,97,0,0,40.1378
0,61,97,0,0,40.1364
0,62,97,0,0,40.135
0,63,97,0,0,40.1337
0,64,97,0,6.09525e-06,40.1323
0,65,97,0,0,40.1305
0,66,97,0,0,40.1286
0,67,97,0,0,40.1268
0,68,97,0,0,40.125
0,69,97,0,0,40.1233
0,70,97,0,0,40.1215
0,71,97,0,0,40.1197
0,72,97,0,0,40.118
0,73,97,0,0,40.1163
0,74,97,0,0,40.1146
0,75,97,0,0,40.1129
0,76,97,0,0,40.1112
0,77,97,0,0,40.1096
0,78,97,0,0,40.1079
0,79,97,0,0,40.1063
0,80,97,0,0,40.1047
0,81,97,0,0,40.1031
0,82,97,0,0,40.1015
0,83,97,0,0,40.1
0,84,97,0,0,40.0985
0,85,97,0,0,40.0969
0,86,97,0,0,40.0954
0,87,97,0,0,40.094
0,88,97,0,0,40.0925
0,89,97,0,0,40.0911
0,90,97,0,0,40.0896
0,91,97,0,0,40.0882
0,92,97,0,0,40.0868
0,93,97,0,0,40.0855
0,94,97,0,0,40.0841
0,95,97,0,0,40.0828
0,96,97,0,0,40.0815
0,97,97,0,0,40.0802
0,98,97,0,0,40.0789
0,99,97,0,0,40.0777
0,100,97,0,0,40.0765
0,101,97,0,0,40.0753
0,102,97,0,0,40.0741
0,103,97,0,0,40.0729
0,104,97,0,0,40.0718
0,105,97,0,0,40.0707
0,106,97,0,0,40.0696
0,107,97,0,0,40.0685
0,108,97,0,0,40.0674
0,109,97,0,0,40.0664
0,110,97,0,0,40.0654
0,111,97,0,0,40.0644
0,112,97,0,0,40.0634
0,113,97,0,0,40.0625
0,114,97,0,0,40.0615
0,115,97,0,0,40.0606
0,116,97,0,0,40.0597
0,117,97,0,0,40.0589
0,118,97,0,0,40.0581
0,119,97,0,0,40.0572
0,120,97,0,0,40.0564
0,121,97,0,0,40.0557
0,122,97,0,0,40.0549
0,123,97,0,0,40.0542
0,124,97,0,0,40.0535
0,125,97,0,0,40.0529
0,126,97,0,0,40.0522
0,127,97,0,0,40.0516
0,128,97,0,6.09525e-06,40.051
0,129,97,0,0,40.0499
0,130,97,0,0,40.0489
0,131,97,0,0,40.0479
0,132,97,0,0,40.0469
0,133,97,0,0,40.0459
0,134,97,0,0,40.0449
0,135,97,0,0,40.044
0,136,97,0,0,40.0431
0,137,97,0,0,40.0422
0,138,97,0,0,40.0413
0,139,97,0,0,40.0405
0,140,97,0,0,40.0397
0,141,97,0,0,40.0389
0,142,97,0,0,40.0381
0,143,97,0,0,40.0373
0,144,97,0,0,40.0366
0,145,97,0,0,40.0358
0,146,97,0,0,40.0351
0,147,97,0,0,40.0344
0,148,97,0,0,40.0338
0,149,97,0,0,40.0331
0,150,97,0,0,40.0325
0,151,97,0,0,40.0319
0,152,97,0,0,40.0313
0,153,97,0,0,40.0307
0,154,97,0,0,40.0301
0,155,97,0,0,40.0295
0,156,97,0,0,40.029
0,157,97,0,0,40.0285
0,158,97,0,0,40.028
0,159,97,0,0,40.0275
0,160,97,0,0,40.027
0,161,97,0,0,40.0265
0,162,97,0,0,40.0261
0,163,97,0,0,40.0257
0,164,97,0,0,40.0252
0,165,97,0,0,40.0248
0,166,97,0,0,40.0244
0,167,97,0,0,40.0241
0,168,97,0,0,40.0237
0,169,97,0,0,40.0234
0,170,97,0,0,40.023
0,171,97,0,0,40.0227
0,172,97,0,0,40.0224
0,173,97,0,0,40.0221
0,174,97,0,0,40.0218
0,175,97,0,0,40.0216
0,176,97,0,0,40.0213
0,177,97,0,0,40.0211
0,178,97,0,0,40.0209
0,179,97,0,0,40.0207
0,180,97,0,0,40.0205
0,181,97,0,0,40.0203
0,182,97,0,0,40.0201
0,183,97,0,0,40.02
0,184,97,0,0,40.0199
0,185,97,0,0,40.0197
0,186,97,0,0,40.0196
0,187,97,0,0,40.0195
0,188,97,0,0,40.0195
0,189,97,0,0,40.0194
0,190,97,0,0,40.0194
0,191,97,0,0,40.0193
0,192,97,0,6.09525e-06,40.0193
0,193,97,0,0,40.0188
0,194,97,0,0,40.0183
0,195,97,0,0,40.0179
0,196,97,0,0,40.0174
0,197,97,0,0,40.017
0,198,97,0,0,40.0165
0,199,97,0,0,40.0161
0,200,97,0,0,40.0157
0,201,97,0,0,40.0153
0,202,97,0,0,40.015
0,203,97,0,0,40.0146
0,204,97,0,0,40.0143
0,205,97,0,0,40.0139
0,206,97,0,0,40.0136
0,207,97,0,0,40.0133
0,208,97,0,0,40.013
0,209,97,0,0,40.0127
0,210,97,0,0,40.0124
0,211,97,0,0,40.0121
0,212,97,0,0,40.0118
0,213,97,0,0,40.0116
0,214,97,0,0,40.0113
0,215,97,0,0,40.0111
0,216,97,0,0,40.0108
0,217,97,0,0,40.0106
0,218,97,0,0,40.0104
0,219,97,0,0,40.0102
0,220,97,0,0,40.01
0,221,97,0,0,40.0098
0,222,97,0,0,40.0096
0,223,97,0,0,40.0094
0,224,97,0,0,40.0092
0,225,97,0,0,40.009
0,226,97,0,0,40.0089
0,227,97,0,0,40.0087
0,228,97,0,0,40.0086
0,229,97,0,0,40.0084
0,230,97,0,0,40.0083
0,231,97,0,0,40.0081
0,232,97,0,0,40.008
0,233,97,0,0,40.0079
0,234,97,0,0,40.0078
0,235,97,0,0,40.0077
0,236,97,0,0,40.0076
0,237,97,0,0,40.0075
0,238,97,0,0,40.0074
0,239,97,0,0,40.0073
0,240,97,0,0,40.0072
0,241,97,0,0,40.0071
0,242,97,0,0,40.0071
0,243,97,0,0,40.007
0,244,97,0,0,40.0069
0,245,97,0,0,40.0069
0,246,97,0,0,40.0068
0,247,97,0,0,40.0068
0,248,97,0,0,40.0067
0,249,97,0,0,40.0067
0,250,97,0,0,40.0066
0,251,97,0,0,40.0066
0,252,97,0,0,40.0066
0,253,97,0,0,40.0066
0,254,97,0,0,40.0066
0,255,97,0,0,40.0066
0,0,98,0,6.09525e-06,40.1985
0,1,98,0,0,40.1979
0,2,98,0,0,40.1974
0,3,98,0,0,40.1968
0,4,98,0,0,40.1962
0,5,98,0,0,40.1956
0,6,98,0,0,40.1949
0,7,98,0,0,40.1942
0,8,98,0,0,40.1936
0,9,98,0,0,40.1928
0,10,98,0,0,40.1921
0,11,98,0,0,40.1913
0,12,98,0,0,40.1906
0,13,98,0,0,40.1897
0,14,98,0,0,40.1889
0,15,98,0,0,40.1881
0,16,98,0,0,40.1872
0,17,98,0,0,40.1863
0,18,98,0,0,40.1853
0,19,98,0,0,40.1844
0,20,98,0,0,40.1834
0,21,98,0,0,40.1824
0,22,98,0,0,40.1814
0,23,98,0,0,40.1804
0,24,98,0,0,40.1793
0,25,98,0,0,40.1782
0,26,98,0,0,40.1771
0,27,98,0,0,40.176
0,28,98,0,0,40.1749
0,29,98,0,0,40.1737
0,30,98,0,0,40.1726
0,31,98,0,0,40.1714
0,32,98,0,0,40.1702
0,33,98,0,0,40.1689
0,34,98,0,0,40.1677
0,35,98,0,0,40.1665
0,36,98,0,0,40.1652
0,37,98,0,0,40.1639
0,38,98,0,0,40.1626
0,39,98,0,0,40.1613
0,40,98,0,0,40.16
0,41,98,0,0,40.1587
0,42,98,0,0,40.1574
0,43,98,0,0,40.156
0,44,98,0,0,40.1547
0,45,98,0,0,40.1534
0,46,98,0,0,40.152
0,47,98,0,0,40.1507
0,48,98,0,0,40.1493
0,49,98,0,0,40.1479
0,50,98,0,0,40.1466
0,51,98,0,0,40.1452
0,52,98,0,0,40.1439
0,53,98,0,0,40.1425
0,54,98,0,0,40.1411
0,55,98,0,0,40.1398
0,56,98,0,0,40.1384
0,57,98,0,0,40.1371
0,58,98,0,0,40.1358
0,59,98,0,0,40.1344
0,60,98,0,0,40.1331
0,61,98,0,0,40.1318
0,62,98,0,0,40.1305
0,63,98,0,0,40.1292
0,64,98,0,6.09525e-06,40.1279
0,65,98,0,0,40.1262
0,66,98,0,0,40.1244
0,67,98,0,0,40.1227
0,68,98,0,0,40.1209
0,69,98,0,0,40.1192
0,70,98,0,0,40.1175
0,71,98,0,0,40.1159
0,72,98,0,0,40.1142
0,73,98,0,0,40.1125
0,74,98,0,0,40.1109
0,75,98,0,0,40.1093
0,76,98,0,0,40.1077
0,77,98,0,0,40.1061
0,78,98,0,0,40.1045
0,79,98,0,0,40.103
0,80,98,0,0,40.1014
0,81,98,0,0,40.0999
0,82,98,0,0,40.0984
0,83,98,0,0,40.0969
0,84,98,0,0,40.0954
0,85,98,0,0,40.094
0,86,98,0,0,40.0925
0,87,98,0,0,40.0911
0,88,98,0,0,40.0897
0,89,98,0,0,40.0883
0,90,98,0,0,40.0869
0,91,98,0,0,40.0856
0,92,98,0,0,40.0843
0,93,98,0,0,40.083
0,94,98,0,0,40.0817
0,95,98,0,0,40.0804
0,96,98,0,0,40.0791
0,97,98,0,0,40.0779
0,98,98,0,0,40.0767
0,99,98,0,0,40.0755
0,100,98,0,0,40.0743
0,101,98,0,0,40.0732
0,102,98,0,0,40.072
0,103,98,0,0,40.0709
0,104,98,0,0,40.0698
0,105,98,0,0,40.0687
0,106,98,0,0,40.0677
0,107,98,0,0,40.0666
0,108,98,0,0,40.0656
0,109,98,0,0,40.0646
0,110,98,0,0,40.0637
0,111,98,0,0,40.0627
0,112,98,0,0,40.0618
0,113,98,0,0,40.0609
0,114,98,0,0,40.06
0,115,98,0,0,40.0591
0,116,98,0,0,40.0583
0,117,98,0,0,40.0574
0,118,98,0,0,40.0566
0,119,98,0,0,40.0559
0,120,98,0,0,40.0551
0,121,98,0,0,40.0544
0,122,98,0,0,40.0537
0,123,98,0,0,40.053
0,124,98,0,0,40.0523
0,125,98,0,0,40.0517
0,126,98,0,0,40.051
0,127,98,0,0,40.0505
0,128,98,0,6.09525e-06,40.0499
0,129,98,0,0,40.0488
0,130,98,0,0,40.0478
0,131,98,0,0,40.0468
0,132,98,0,0,40.0459
0,133,98,0,0,40.0449
0,134,98,0,0,40.044
0,135,98,0,0,40.0431
0,136,98,0,0,40.0422
0,137,98,0,0,40.0413
0,138,98,0,0,40.0405
0,139,98,0,0,40.0397
0,140,98,0,0,40.0389
0,141,98,0,0,40.0381
0,142,98,0,0,40.0373
0,143,98,0,0,40.0366
0,144,98,0,0,40.0358
0,145,98,0,0,40.0351
0,146,98,0,0,40.0344
0,147,98,0,0,40.0338
0,148,98,0,0,40.0331
0,149,98,0,0,40.0325
0,150,98,0,0,40.0319
0,151,98,0,0,40.0313
0,152,98,0,0,40.0307
0,153,98,0,0,40.0301
0,154,98,0,0,40.0295
0,155,98,0,0,40.029
0,156,98,0,0,40.0285
0,157,98,0,0,40.028
0,158,98,0,0,40.0275
0,159,98,0,0,40.027
0,160,98,0,0,40.0265
0,161,98,0,0,40.0261
0,162,98,0,0,40.0256
0,163,98,0,0,40.0252
0,164,98,0,0,40.0248
0,165,98,0,0,40.0244
0,166,98,0,0,40.0241
0,167,98,0,0,40.0237
0,168,98,0,0,40.0233
0,169,98,0,0,40.023
0,170,98,0,0,40.0227
0,171,98,0,0,40.0224
0,172,98,0,0,40.0221
0,173,98,0,0,40.0218
0,174,98,0,0,40.0215
0,175,98,0,0,40.0213
0,176,98,0,0,40.021
0,177,98,0,0,40.0208
0,178,98,0,0,40.0206
0,179,98,0,0,40.0204
0,180,98,0,0,40.0202
0,181,98,0,0,40.02
0,182,98,0,0,40.0199
0,183,98,0,0,40.0197
0,184,98,0,0,40.0196
0,185,98,0,0,40.0195
0,186,98,0,0,40.0194
0,187,98,0,0,40.0193
0,188,98,0,0,40.0192
0,189,98,0,0,40.0192
0,190,98,0,0,40.0191
0,191,98,0,0,40.0191
0,192,98,0,6.09525e-06,40.0191
0,193,98,0,0,40.0186
0,194,98,0,0,40.0181
0,195,98,0,0,40.0177
0,196,98,0,0,40.0172
0,197,98,0,0,40.0168
0,198,98,0,0,40.0164
0,199,98,0,0,40.016
0,200,98,0,0,40.0156
0,201,98,0,0,40.0152
0,202,98,0,0,40.0148
0,203,98,0,0,40.0145
0,204,98,0,0,40.0141
0,205,98,0,0,40.0138
0,206,98,0,0,40.0135
0,207,98,0,0,40.0131
0,208,98,0,0,40.0128
0,209,98,0,0,40.0125
0,210,98,0,0,40.0123
0,211,98,0,0,40.012
0,212,98,0,0,40.0117
0,213,98,0,0,40.0115
0,214,98,0,0,40.0112
0,215,98,0,0,40.011
0,216,98,0,0,40.0107
0,217,98,0,0,40.0105
0,218,98,0,0,40.0103
0,219,98,0,0,40.0101
0,220,98,0,0,40.0099
0,221,98,0,0,40.0097
0,222,98,0,0,40.0095
0,223,98,0,0,40.0093
0,224,98,0,0,40.0091
0,225,98,0,0,40.009
0,226,98,0,0,40.0088
0,227,98,0,0,40.0086
0,228,98,0,0,40.0085
0,229,98,0,0,40.0083
0,230,98,0,0,40.0082
0,231,98,0,0,40.0081
0,232,98,0,0,40.0079
0,233,98,0,0,40.0078
0,234,98,0,0,40.0077
0,235,98,0,0,40.0076
0,236,98,0,0,40.0075
0,237,98,0,0,40.0074
0,238,98,0,0,40.0073
0,239,98,0,0,40.0072
0,240,98,0,0,40.0071
0,241,98,0,0,40.0071
0,242,98,0,0,40.007
0,243,98,0,0,40.0069
0,244,98,0,0,40.0069
0,245,98,0,0,40.0068
0,246,98,0,0,40.0068
0,247,98,0,0,40.0067
0,248,98,0,0,40.0067
0,249,98,0,0,40.0066
0,250,98,0,0,40.0066
0,251,98,0,0,40.0066
0,252,98,0,0,40.0065
0,253,98,0,0,40.0065
0,254,98,0,0,40.0065
0,255,98,0,0,40.0065
0,0,99,0,6.09525e-06,40.1911
0,1,99,0,0,40.1906
0,2,99,0,0,40.19
0,3,99,0,0,40.1894
0,4,99,0,0,40.1888
0,5,99,0,0,40.1882
0,6,99,0,0,40.1876
0,7,99,0,0,40.1869
0,8,99,0,0,40.1863
0,9,99,0,0,40.1856
0,10,99,0,0,40.1849
0,11,99,0,0,40.1841
0,12,99,0,0,40.1834
0,13,99,0,0,40.1826
0,14,99,0,0,40.1818
0,15,99,0,0,40.181
0,16,99,0,0,40.1801
0,17,99,0,0,40.1792
0,18,99,0,0,40.1783
0,19,99,0,0,40.1774
0,20,99,0,0,40.1765
0,21,99,0,0,40.1756
0,22,99,0,0,40.1746
0,23,99,0,0,40.1736
0,24,99,0,0,40.1726
0,25,99,0,0,40.1715
0,26,99,0,0,40.1705
0,27,99,0,0,40.1694
0,28,99,0,0,40.1683
0,29,99,0,0,40.1672
0,30,99,0,0,40.1661
0,31,99,0,0,40.165
0,32,99,0,0,40.1638
0,33,99,0,0,40.1627
0,34,99,0,0,40.1615
0,35,99,0,0,40.1603
0,36,99,0,0,40.1591
0,37,99,0,0,40.1579
0,38,99,0,0,40.1567
0,39,99,0,0,40.1554
0,40,99,0,0,40.1542
0,41,99,0,0,40.1529
0,42,99,0,0,40.1517
0,43,99,0,0,40.1504
0,44,99,0,0,40.1491
0,45,99,0,0,40.1479
0,46,99,0,0,40.1466
0,47,99,0,0,40.1453
0,48,99,0,0,40.144
0,49,99,0,0,40.1427
0,50,99,0,0,40.1414
0,51,99,0,0,40.1401
0,52,99,0,0,40.1388
0,53,99,0,0,40.1376
0,54,99,0,0,40.1363
0,55,99,0,0,40.135
0,56,99,0,0,40.1337
0,57,99,0,0,40.1324
0,58,99,0,0,40.1312
0,59,99,0,0,40.1299
0,60,99,0,0,40.1287
0,61,99,0,0,40.1274
0,62,99,0,0,40.1262
0,63,99,0,0,40.125
0,64,99,0,6.09525e-06,40.1238
0,65,99,0,0,40.1221
0,66,99,0,0,40.1204
0,67,99,0,0,40.1187
0,68,99,0,0,40.117
0,69,99,0,0,40.1154
0,70,99,0,0,40.1138
0,71,99,0,0,40.1122
0,72,99,0,0,40.1106
0,73,99,0,0,40.109
0,74,99,0,0,40.1074
0,75,99,0,0,40.1058
0,76,99,0,0,40.1043
0,77,99,0,0,40.1028
0,78,99,0,0,40.1013
0,79,99,0,0,40.0998
0,80,99,0,0,40.0983
0,81,99,0,0,40.0968
0,82,99,0,0,40.0954
0,83,99,0,0,40.0939
0,84,99,0,0,40.0925
0,85,99,0,0,40.0911
0,86,99,0,0,40.0897
0,87,99,0,0,40.0884
0,88,99,0,0,40.087
0,89,99,0,0,40.0857
0,90,99,0,0,40.0844
0,91,99,0,0,40.0831
0,92,99,0,0,40.0818
0,93,99,0,0,40.0805
0,94,99,0,0,40.0793
0,95,99,0,0,40.0781
0,96,99,0,0,40.0769
0,97,99,0,0,40.0757
0,98,99,0,0,40.0745
0,99,99,0,0,40.0734
0,100,99,0,0,40.0722
0,101,99,0,0,40.0711
0,102,99,0,0,40.07
0,103,99,0,0,40.069
0,104,99,0,0,40.0679
0,105,99,0,0,40.0669
0,106,99,0,0,40.0659
0,107,99,0,0,40.0649
0,108,99,0,0,40.0639
0,109,99,0,0,40.0629
0,110,99,0,0,40.062
0,111,99,0,0,40.0611
0,112,99,0,0,40.0602
0,113,99,0,0,40.0593
0,114,99,0,0,40.0585
0,115,99,0,0,40.0576
0,116,99,0,0,40.0568
0,117,99,0,0,40.056
0,118,99,0,0,40.0553
0,119,99,0,0,40.0545
0,120,99,0,0,40.0538
0,121,99,0,0,40.0531
0,122,99,0,0,40.0524
0,123,99,0,0,40.0518
0,124,99,0,0,40.0511
0,125,99,0,0,40.0505
0,126,99,0,0,40.0499
0,127,99,0,0,40.0494
0,128,99,0,6.09525e-06,40.0488
0,129,99,0,0,40.0478
0,130,99,0,0,40.0468
0,131,99,0,0,40.0458
0,132,99,0,0,40.0449
0,133,99,0,0,40.044
0,134,99,0,0,40.0431
0,135,99,0,0,40.0422
0,136,99,0,0,40.0413
0,137,99,0,0,40.0405
0,138,99,0,0,40.0397
0,139,99,0,0,40.0389
0,140,99,0,0,40.0381
0,141,99,0,0,40.0373
0,142,99,0,0,40.0366
0,143,99,0,0,40.0359
0,144,99,0,0,40.0351
0,145,99,0,0,40.0345
0,146,99,0,0,40.0338
0,147,99,0,0,40.0331
0,148,99,0,0,40.0325
0,149,99,0,0,40.0319
0,150,99,0,0,40.0313
0,151,99,0,0,40.0307
0,152,99,0,0,40.0301
0,153,99,0,0,40.0295
0,154,99,0,0,40.029
0,155,99,0,0,40.0285
0,156,99,0,0,40.028
0,157,99,0,0,40.0275
0,158,99,0,0,40.027
0,159,99,0,0,40.0265
0,160,99,0,0,40.0261
0,161,99,0,0,40.0256
0,162,99,0,0,40.0252
0,163,99,0,0,40.0248
0,164,99,0,0,40.0244
0,165,99,0,0,40.024
0,166,99,0,0,40.0237
0,167,99,0,0,40.0233
0,168,99,0,0,40.023
0,169,99,0,0,40.0226
0,170,99,0,0,40.0223
0,171,99,0,0,40.022
0,172,99,0,0,40.0218
0,173,99,0,0,40.0215
0,174,99,0,0,40.0212
0,175,99,0,0,40.021
0,176,99,0,0,40.0207
0,177,99,0,0,40.0205
0,178,99,0,0,40.0203
0,179,99,0,0,40.0201
0,180,99,0,0,40.02
0,181,99,0,0,40.0198
0,182,99,0,0,40.0196
0,183,99,0,0,40.0195
0,184,99,0,0,40.0194
0,185,99,0,0,40.0193
0,186,99,0,0,40.0192
0,187,99,0,0,40.0191
0,188,99,0,0,40.019
0,189,99,0,0,40.019
0,190,99,0,0,40.019
0,191,99,0,0,40.0189
0,192,99,0,6.09525e-06,40.0189
0,193,99,0,0,40.0184
0,194,99,0,0,40.018
0,195,99,0,0,40.0175
0,196,99,0,0,40.0171
0,197,99,0,0,40.0166
0,198,99,0,0,40.0162
0,199,99,0,0,40.0158
0,200,99,0,0,40.0154
0,201,99,0,0,40.015
0,202,99,0,0,40.0147
0,203,99,0,0,40.0143
0,204,99,0,0,40.014
0,205,99,0,0,40.0137
0,206,99,0,0,40.0133
0,207,99,0,0,40.013
0,208,99,0,0,40.0127
0,209,99,0,0,40.0124
0,210,99,0,0,40.0121
0,211,99,0,0,40.0119
0,212,99,0,0,40.0116
0,213,99,0,0,40.0113
0,214,99,0,0,40.0111
0,215,99,0,0,40.0109
0,216,99,0,0,40.0106
0,217,99,0,0,40.0104
0,218,99,0,0,40.0102
0,219,99,0,0,40.01
0,220,99,0,0,40.0098
0,221,99,0,0,40.0096
0,222,99,0,0,40.0094
0,223,99,0,0,40.0092
0,224,99,0,0,40.009
0,225,99,0,0,40.0089
0,226,99,0,0,40.0087
0,227,99,0,0,40.0086
0,228,99,0,0,40.0084
0,229,99,0,0,40.0083
0,230,99,0,0,40.0081
0,231,99,0,0,40.008
0,232,99,0,0,40.0079
0,233,99,0,0,40.0078
0,234,99,0,0,40.0077
0,235,99,0,0,40.0075
0,236,99,0,0,40.0074
0,237,99,0,0,40.0073
0,238,99,0,0,40.0073
0,239,99,0,0,40.0072
0,240,99,0,0,40.0071
0,241,99,0,0,40.007
0,242,99,0,0,40.0069
0,243,99,0,0,40.0069
0,244,99,0,0,40.0068
0,245,99,0,0,40.0068
0,246,99,0,0,40.0067
0,247,99,0,0,40.0067
0,248,99,0,0,40.0066
0,249,99,0,0,40.0066
0,250,99,0,0,40.0065
0,251,99,0,0,40.0065
0,252,99,0,0,40.0065
0,253,99,0,0,40.0065
0,254,99,0,0,40.0065
0,255,99,0,0,40.0065
0,0,100,0,6.09525e-06,40.1841
0,1,100,0,0,40.1836
0,2,100,0,0,40.183
0,3,100,0,0,40.1825
0,4,100,0,0,40.1819
0,5,100,0,0,40.1813
0,6,100,0,0,40.1807
0,7,100,0,0,40.18
0,8,100,0,0,40.1794
0,9,100,0,0,40.1787
0,10,100,0,0,40.178
0,11,100,0,0,40.1773
0,12,100,0,0,40.1765
0,13,100,0,0,40.1758
0,14,100,0,0,40.175
0,15,100,0,0,40.1742
0,16,100,0,0,40.1734
0,17,100,0,0,40.1726
0,18,100,0,0,40.1717
0,19,100,0,0,40.1708
0,20,100,0,0,40.1699
0,21,100,0,0,40.169
0,22,100,0,0,40.1681
0,23,100,0,0,40.1672
0,24,100,0,0,40.1662
0,25,100,0,0,40.1652
0,26,100,0,0,40.1642
0,27,100,0,0,40.1632
0,28,100,0,0,40.1621
0,29,100,0,0,40.1611
0,30,100,0,0,40.16
0,31,100,0,0,40.159
0,32,100,0,0,40.1579
0,33,100,0,0,40.1567
0,34,100,0,0,40.1556
0,35,100,0,0,40.1545
0,36,100,0,0,40.1534
0,37,100,0,0,40.1522
0,38,100,0,0,40.151
0,39,100,0,0,40.1499
0,40,100,0,0,40.1487
0,41,100,0,0,40.1475
0,42,100,0,0,40.1463
0,43,100,0,0,40.1451
0,44,100,0,0,40.1439
0,45,100,0,0,40.1427
0,46,100,0,0,40.1414
0,47,100,0,0,40.1402
0,48,100,0,0,40.139
0,49,100,0,0,40.1378
0,50,100,0,0,40.1365
0,51,100,0,0,40.1353
0,52,100,0,0,40.1341
0,53,100,0,0,40.1329
0,54,100,0,0,40.1316
0,55,100,0,0,40.1304
0,56,100,0,0,40.1292
0,57,100,0,0,40.128
0,58,100,0,0,40.1268
0,59,100,0,0,40.1256
0,60,100,0,0,40.1244
0,61,100,0,0,40.1232
0,62,100,0,0,40.1221
0,63,100,0,0,40.1209
0,64,100,0,6.09525e-06,40.1198
0,65,100,0,0,40.1181
0,66,100,0,0,40.1165
0,67,100,0,0,40.1149
0,68,100,0,0,40.1133
0,69,100,0,0,40.1117
0,70,100,0,0,40.1102
0,71,100,0,0,40.1086
0,72,100,0,0,40.1071
0,73,100,0,0,40.1056
0,74,100,0,0,40.104
0,75,100,0,0,40.1026
0,76,100,0,0,40.1011
0,77,100,0,0,40.0996
0,78,100,0,0,40.0981
0,79,100,0,0,40.0967
0,80,100,0,0,40.0953
0,81,100,0,0,40.0939
0,82,100,0,0,40.0925
0,83,100,0,0,40.0911
0,84,100,0,0,40.0897
0,85,100,0,0,40.0884
0,86,100,0,0,40.0871
0,87,100,0,0,40.0858
0,88,100,0,0,40.0845
0,89,100,0,0,40.0832
0,90,100,0,0,40.0819
0,91,100,0,0,40.0807
0,92,100,0,0,40.0795
0,93,100,0,0,40.0782
0,94,100,0,0,40.077
0,95,100,0,0,40.0759
0,96,100,0,0,40.0747
0,97,100,0,0,40.0736
0,98,100,0,0,40.0725
0,99,100,0,0,40.0713
0,100,100,0,0,40.0703
0,101,100,0,0,40.0692
0,102,100,0,0,40.0681
0,103,100,0,0,40.0671
0,104,100,0,0,40.0661
0,105,100,0,0,40.0651
0,106,100,0,0,40.0641
0,107,100,0,0,40.0632
0,108,100,0,0,40.0622
0,109,100,0,0,40.0613
0,110,100,0,0,40.0604
0,111,100,0,0,40.0595
0,112,100,0,0,40.0587
0,113,100,0,0,40.0579
0,114,100,0,0,40.057
0,115,100,0,0,40.0562
0,116,100,0,0,40.0555
0,117,100,0,0,40.0547
0,118,100,0,0,40.054
0,119,100,0,0,40.0533
0,120,100,0,0,40.0526
0,121,100,0,0,40.0519
0,122,100,0,0,40.0512
0,123,100,0,0,40.0506
0,124,100,0,0,40.05
0,125,100,0,0,40.0494
0,126,100,0,0,40.0489
0,127,100,0,0,40.0483
0,128,100,0,6.09525e-06,40.0478
0,129,100,0,0,40.0468
0,130,100,0,0,40.0458
0,131,100,0,0,40.0449
0,132,100,0,0,40.044
0,133,100,0,0,40.0431
0,134,100,0,0,40.0422
0,135,100,0,0,40.0413
0,136,100,0,0,40.0405
0,137,100,0,0,40.0397
0,138,100,0,0,40.0389
0,139,100,0,0,40.0381
0,140,100,0,0,40.0373
0,141,100,0,0,40.0366
0,142,100,0,0,40.0359
0,143,100,0,0,40.0352
0,144,100,0,0,40.0345
0,145,100,0,0,40.0338
0,146,100,0,0,40.0331
0,147,100,0,0,40.0325
0,148,100,0,0,40.0319
0,149,100,0,0,40.0313
0,150,100,0,0,40.0307
0,151,100,0,0,40.0301
0,152,100,0,0,40.0296
0,153,100,0,0,40.029
0,154,100,0,0,40.0285
0,155,100,0,0,40.028
0,156,100,0,0,40.0275
0,157,100,0,0,40.027
0,158,100,0,0,40.0265
0,159,100,0,0,40.0261
0,160,100,0,0,40.0256
0,161,100,0,0,40.0252
0,162,100,0,0,40.0248
0,163,100,0,0,40.0244
0,164,100,0,0,40.024
0,165,100,0,0,40.0236
0,166,100,0,0,40.0233
0,167,100,0,0,40.023
0,168,100,0,0,40.0226
0,169,100,0,0,40.0223
0,170,100,0,0,40.022
0,171,100,0,0,40.0217
0,172,100,0,0,40.0214
0,173,100,0,0,40.0212
0,174,100,0,0,40.0209
0,175,100,0,0,40.0207
0,176,100,0,0,40.0205
0,177,100,0,0,40.0203
0,178,100,0,0,40.0201
0,179,100,0,0,40.0199
0,180,100,0,0,40.0197
0,181,100,0,0,40.0195
0,182,100,0,0,40.0194
0,183,100,0,0,40.0193
0,184,100,0,0,40.0192
0,185,100,0,0,40.0191
0,186,100,0,0,40.019
0,187,100,0,0,40.0189
0,188,100,0,0,40.0188
0,189,100,0,0,40.0188
0,190,100,0,0,40.0188
0,191,100,0,0,40.0187
0,192,100,0,6.09525e-06,40.0187
0,193,100,0,0,40.0183
0,194,100,0,0,40.0178
0,195,100,0,0,40.0173
0,196,100,0,0,40.0169
0,197,100,0,0,40.0165
0,198,100,0,0,40.0161
0,199,100,0,0,40.0157
0,200,100,0,0,40.0153
0,201,100,0,0,40.0149
0,202,100,0,0,40.0145
0,203,100,0,0,40.0142
0,204,100,0,0,40.0139
0,205,100,0,0,40.0135
0,206,100,0,0,40.0132
0,207,100,0,0,40.0129
0,208,100,0,0,40.0126
0,209,100,0,0,40.0123
0,210,100,0,0,40.012
0,211,100,0,0,40.0118
0,212,100,0,0,40.0115
0,213,100,0,0,40.0112
0,214,100,0,0,40.011
0,215,100,0,0,40.0108
0,216,100,0,0,40.0105
0,217,100,0,0,40.0103
0,218,100,0,0,40.0101
0,219,100,0,0,40.0099
0,220,100,0,0,40.0097
0,221,100,0,0,40.0095
0,222,100,0,0,40.0093
0,223,100,0,0,40.0091
0,224,100,0,0,40.009
0,225,100,0,0,40.0088
0,226,100,0,0,40.0086
0,227,100,0,0,40.0085
0,228,100,0,0,40.0083
0,229,100,0,0,40.0082
0,230,100,0,0,40.0081
0,231,100,0,0,40.0079
0,232,100,0,0,40.0078
0,233,100,0,0,40.0077
0,234,100,0,0,40.0076
0,235,100,0,0,40.0075
0,236,100,0,0,40.0074
0,237,100,0,0,40.0073
0,238,100,0,0,40.0072
0,239,100,0,0,40.0071
0,240,100,0,0,40.007
0,241,100,0,0,40.007
0,242,100,0,0,40.0069
0,243,100,0,0,40.0068
0,244,100,0,0,40.0068
0,245,100,0,0,40.0067
0,246,100,0,0,40.0066
0,247,100,0,0,40.0066
0,248,100,0,0,40.0066
0,249,100,0,0,40.0065
0,250,100,0,0,40.0065
0,251,100,0,0,40.0065
0,252,100,0,0,40.0064
0,253,100,0,0,40.0064
0,254,100,0,0,40.0064
0,255,100,0,0,40.0064
0,0,101,0,6.09525e-06,40.1775
0,1,101,0,0,40.177
0,2,101,0,0,40.1764
0,3,101,0,0,40.1759
0,4,101,0,0,40.1753
0,5,101,0,0,40.1747
0,6,101,0,0,40.1741
0,7,101,0,0,40.1735
0,8,101,0,0,40.1728
0,9,101,0,0,40.1722
0,10,101,0,0,40.1715
0,11,101,0,0,40.1708
0,12,101,0,0,40.1701
0,13,101,0,0,40.1694
0,14,101,0,0,40.1686
0,15,101,0,0,40.1678
0,16,101,0,0,40.1671
0,17,101,0,0,40.1663
0,18,101,0,0,40.1654
0,19,101,0,0,40.1646
0,20,101,0,0,40.1637
0,21,101,0,0,40.1629
0,22,101,0,0,40.162
0,23,101,0,0,40.1611
0,24,101,0,0,40.1601
0,25,101,0,0,40.1592
0,26,101,0,0,40.1582
0,27,101,0,0,40.1573
0,28,101,0,0,40.1563
0,29,101,0,0,40.1553
0,30,101,0,0,40.1543
0,31,101,0,0,40.1532
0,32,101,0,0,40.1522
0,33,101,0,0,40.1511
0,34,101,0,0,40.1501
0,35,101,0,0,40.149
0,36,101,0,0,40.1479
0,37,101,0,0,40.1468
0,38,101,0,0,40.1457
0,39,101,0,0,40.1446
0,40,101,0,0,40.1434
0,41,101,0,0,40.1423
0,42,101,0,0,40.1412
0,43,101,0,0,40.14
0,44,101,0,0,40.1389
0,45,101,0,0,40.1377
0,46,101,0,0,40.1365
0,47,101,0,0,40.1354
0,48,101,0,0,40.1342
0,49,101,0,0,40.1331
0,50,101,0,0,40.1319
0,51,101,0,0,40.1307
0,52,101,0,0,40.1296
0,53,101,0,0,40.1284
0,54,101,0,0,40.1272
0,55,101,0,0,40.1261
0,56,101,0,0,40.1249
0,57,101,0,0,40.1238
0,58,101,0,0,40.1226
0,59,101,0,0,40.1215
0,60,101,0,0,40.1204
0,61,101,0,0,40.1193
0,62,101,0,0,40.1182
0,63,101,0,0,40.1171
0,64,101,0,6.09525e-06,40.116
0,65,101,0,0,40.1144
0,66,101,0,0,40.1129
0,67,101,0,0,40.1113
0,68,101,0,0,40.1098
0,69,101,0,0,40.1083
0,70,101,0,0,40.1068
0,71,101,0,0,40.1053
0,72,101,0,0,40.1038
0,73,101,0,0,40.1023
0,74,101,0,0,40.1009
0,75,101,0,0,40.0994
0,76,101,0,0,40.098
0,77,101,0,0,40.0966
0,78,101,0,0,40.0952
0,79,101,0,0,40.0938
0,80,101,0,0,40.0924
0,81,101,0,0,40.0911
0,82,101,0,0,40.0897
0,83,101,0,0,40.0884
0,84,101,0,0,40.0871
0,85,101,0,0,40.0858
0,86,101,0,0,40.0845
0,87,101,0,0,40.0833
0,88,101,0,0,40.082
0,89,101,0,0,40.0808
0,90,101,0,0,40.0796
0,91,101,0,0,40.0784
0,92,101,0,0,40.0772
0,93,101,0,0,40.076
0,94,101,0,0,40.0749
0,95,101,0,0,40.0738
0,96,101,0,0,40.0726
0,97,101,0,0,40.0716
0,98,101,0,0,40.0705
0,99,101,0,0,40.0694
0,100,101,0,0,40.0684
0,101,101,0,0,40.0673
0,102,101,0,0,40.0663
0,103,101,0,0,40.0653
0,104,101,0,0,40.0644
0,105,101,0,0,40.0634
0,106,101,0,0,40.0625
0,107,101,0,0,40.0616
0,108,101,0,0,40.0607
0,109,101,0,0,40.0598
0,110,101,0,0,40.0589
0,111,101,0,0,40.0581
0,112,101,0,0,40.0572
0,113,101,0,0,40.0564
0,114,101,0,0,40.0557
0,115,101,0,0,40.0549
0,116,101,0,0,40.0541
0,117,101,0,0,40.0534
0,118,101,0,0,40.0527
0,119,101,0,0,40.052
0,120,101,0,0,40.0514
0,121,101,0,0,40.0507
0,122,101,0,0,40.0501
0,123,101,0,0,40.0495
0,124,101,0,0,40.0489
0,125,101,0,0,40.0484
0,126,101,0,0,40.0478
0,127,101,0,0,40.0473
0,128,101,0,6.09525e-06,40.0468
0,129,101,0,0,40.0459
0,130,101,0,0,40.0449
0,131,101,0,0,40.044
0,132,101,0,0,40.0431
0,133,101,0,0,40.0422
0,134,101,0,0,40.0414
0,135,101,0,0,40.0405
0,136,101,0,0,40.0397
0,137,101,0,0,40.0389
0,138,101,0,0,40.0381
0,139,101,0,0,40.0374
0,140,101,0,0,40.0366
0,141,101,0,0,40.0359
0,142,101,0,0,40.0352
0,143,101,0,0,40.0345
0,144,101,0,0,40.0338
0,145,101,0,0,40.0332
0,146,101,0,0,40.0325
0,147,101,0,0,40.0319
0,148,101,0,0,40.0313
0,149,101,0,0,40.0307
0,150,101,0,0,40.0301
0,151,101,0,0,40.0296
0,152,101,0,0,40.029
0,153,101,0,0,40.0285
0,154,101,0,0,40.028
0,155,101,0,0,40.0275
0,156,101,0,0,40.027
0,157,101,0,0,40.0265
0,158,101,0,0,40.0261
0,159,101,0,0,40.0256
0,160,101,0,0,40.0252
0,161,101,0,0,40.0248
0,162,101,0,0,40.0244
0,163,101,0,0,40.024
0,164,101,0,0,40.0236
0,165,101,0,0,40.0233
0,166,101,0,0,40.0229
0,167,101,0,0,40.0226
0,168,101,0,0,40.0223
0,169,101,0,0,40.022
0,170,101,0,0,40.0217
0,171,101,0,0,40.0214
0,172,101,0,0,40.0211
0,173,101,0,0,40.0209
0,174,101,0,0,40.0206
0,175,101,0,0,40.0204
0,176,101,0,0,40.0202
0,177,101,0,0,40.02
0,178,101,0,0,40.0198
0,179,101,0,0,40.0196
0,180,101,0,0,40.0195
0,181,101,0,0,40.0193
0,182,101,0,0,40.0192
0,183,101,0,0,40.019
0,184,101,0,0,40.0189
0,185,101,0,0,40.0188
0,186,101,0,0,40.0188
0,187,101,0,0,40.0187
0,188,101,0,0,40.0186
0,189,101,0,0,40.0186
0,190,101,0,0,40.0186
0,191,101,0,0,40.0186
0,192,101,0,6.09525e-06,40.0186
0,193,101,0,0,40.0181
0,194,101,0,0,40.0176
0,195,101,0,0,40.0172
0,196,101,0,0,40.0167
0,197,101,0,0,40.0163
0,198,101,0,0,40.0159
0,199,101,0,0,40.0155
0,200,101,0,0,40.0151
0,201,101,0,0,40.0148
0,202,101,0,0,40.0144
0,203,101,0,0,40.0141
0,204,101,0,0,40.0137
0,205,101,0,0,40.0134
0,206,101,0,0,40.0131
0,207,101,0,0,40.0128
0,208,101,0,0,40.0125
0,209,101,0,0,40.0122
0,210,101,0,0,40.0119
0,211,101,0,0,40.0117
0,212,101,0,0,40.0114
0,213,101,0,0,40.0111
0,214,101,0,0,40.0109
0,215,101,0,0,40.0107
0,216,101,0,0,40.0104
0,217,101,0,0,40.0102
0,218,101,0,0,40.01
0,219,101,0,0,40.0098
0,220,101,0,0,40.0096
0,221,101,0,0,40.0094
0,222,101,0,0,40.0092
0,223,101,0,0,40.0091
0,224,101,0,0,40.0089
0,225,101,0,0,40.0087
0,226,101,0,0,40.0086
0,227,101,0,0,40.0084
0,228,101,0,0,40.0083
0,229,101,0,0,40.0081
0,230,101,0,0,40.008
0,231,101,0,0,40.0079
0,232,101,0,0,40.0078
0,233,101,0,0,40.0076
0,234,101,0,0,40.0075
0,235,101,0,0,40.0074
0,236,101,0,0,40.0073
0,237,101,0,0,40.0072
0,238,101,0,0,40.0071
0,239,101,0,0,40.0071
0,240,101,0,0,40.007
0,241,101,0,0,40.0069
0,242,101,0,0,40.0068
0,243,101,0,0,40.0068
0,244,101,0,0,40.0067
0,245,101,0,0,40.0066
0,246,101,0,0,40.0066
0,247,101,0,0,40.0066
0,248,101,0,0,40.0065
0,249,101,0,0,40.0065
0,250,101,0,0,40.0064
0,251,101,0,0,40.0064
0,252,101,0,0,40.0064
0,253,101,0,0,40.0064
0,254,101,0,0,40.0064
0,255,101,0,0,40.0064
0,0,102,0,6.09525e-06,40.1712
0,1,102,0,0,40.1707
0,2,102,0,0,40.1702
0,3,102,0,0,40.1696
0,4,102,0,0,40.1691
0,5,102,0,0,40.1685
0,6,102,0,0,40.1679
0,7,102,0,0,40.1673
0,8,102,0,0,40.1667
0,9,102,0,0,40.166
0,10,102,0,0,40.1654
0,11,102,0,0,40.1647
0,12,102,0,0,40.164
0,13,102,0,0,40.1633
0,14,102,0,0,40.1626
0,15,102,0,0,40.1618
0,16,102,0,0,40.1611
0,17,102,0,0,40.1603
0,18,102,0,0,40.1595
0,19,102,0,0,40.1587
0,20,102,0,0,40.1579
0,21,102,0,0,40.157
0,22,102,0,0,40.1562
0,23,102,0,0,40.1553
0,24,102,0,0,40.1544
0,25,102,0,0,40.1535
0,26,102,0,0,40.1526
0,27,102,0,0,40.1517
0,28,102,0,0,40.1507
0,29,102,0,0,40.1498
0,30,102,0,0,40.1488
0,31,102,0,0,40.1478
0,32,102,0,0,40.1468
0,33,102,0,0,40.1458
0,34,102,0,0,40.1448
0,35,102,0,0,40.1437
0,36,102,0,0,40.1427
0,37,102,0,0,40.1417
0,38,102,0,0,40.1406
0,39,102,0,0,40.1395
0,40,102,0,0,40.1385
0,41,102,0,0,40.1374
0,42,102,0,0,40.1363
0,43,102,0,0,40.1352
0,44,102,0,0,40.1341
0,45,102,0,0,40.133
0,46,102,0,0,40.1319
0,47,102,0,0,40.1308
0,48,102,0,0,40.1297
0,49,102,0,0,40.1286
0,50,102,0,0,40.1275
0,51,102,0,0,40.1264
0,52,102,0,0,40.1253
0,53,102,0,0,40.1242
0,54,102,0,0,40.1231
0,55,102,0,0,40.122
0,56,102,0,0,40.1209
0,57,102,0,0,40.1198
0,58,102,0,0,40.1187
0,59,102,0,0,40.1176
0,60,102,0,0,40.1166
0,61,102,0,0,40.1155
0,62,102,0,0,40.1145
0,63,102,0,0,40.1134
0,64,102,0,6.09525e-06,40.1124
0,65,102,0,0,40.1109
0,66,102,0,0,40.1094
0,67,102,0,0,40.1079
0,68,102,0,0,40.1064
0,69,102,0,0,40.1049
0,70,102,0,0,40.1035
0,71,102,0,0,40.1021
0,72,102,0,0,40.1006
0,73,102,0,0,40.0992
0,74,102,0,0,40.0978
0,75,102,0,0,40.0964
0,76,102,0,0,40.0951
0,77,102,0,0,40.0937
0,78,102,0,0,40.0924
0,79,102,0,0,40.091
0,80,102,0,0,40.0897
0,81,102,0,0,40.0884
0,82,102,0,0,40.0871
0,83,102,0,0,40.0858
0,84,102,0,0,40.0846
0,85,102,0,0,40.0833
0,86,102,0,0,40.0821
0,87,102,0,0,40.0809
0,88,102,0,0,40.0797
0,89,102,0,0,40.0785
0,90,102,0,0,40.0773
0,91,102,0,0,40.0762
0,92,102,0,0,40.0751
0,93,102,0,0,40.0739
0,94,102,0,0,40.0728
0,95,102,0,0,40.0717
0,96,102,0,0,40.0707
0,97,102,0,0,40.0696
0,98,102,0,0,40.0686
0,99,102,0,0,40.0676
0,100,102,0,0,40.0666
0,101,102,0,0,40.0656
0,102,102,0,0,40.0646
0,103,102,0,0,40.0636
0,104,102,0,0,40.0627
0,105,102,0,0,40.0618
0,106,102,0,0,40.0609
0,107,102,0,0,40.06
0,108,102,0,0,40.0591
0,109,102,0,0,40.0583
0,110,102,0,0,40.0575
0,111,102,0,0,40.0567
0,112,102,0,0,40.0559
0,113,102,0,0,40.0551
0,114,102,0,0,40.0543
0,115,102,0,0,40.0536
0,116,102,0,0,40.0529
0,117,102,0,0,40.0522
0,118,102,0,0,40.0515
0,119,102,0,0,40.0509
0,120,102,0,0,40.0502
0,121,102,0,0,40.0496
0,122,102,0,0,40.049
0,123,102,0,0,40.0484
0,124,102,0,0,40.0479
0,125,102,0,0,40.0474
0,126,102,0,0,40.0468
0,127,102,0,0,40.0464
0,128,102,0,6.09525e-06,40.0459
0,129,102,0,0,40.0449
0,130,102,0,0,40.044
0,131,102,0,0,40.0431
0,132,102,0,0,40.0422
0,133,102,0,0,40.0414
0,134,102,0,0,40.0405
0,135,102,0,0,40.0397
0,136,102,0,0,40.0389
0,137,102,0,0,40.0381
0,138,102,0,0,40.0374
0,139,102,0,0,40.0366
0,140,102,0,0,40.0359
0,141,102,0,0,40.0352
0,142,102,0,0,40.0345
0,143,102,0,0,40.0339
0,144,102,0,0,40.0332
0,145,102,0,0,40.0326
0,146,102,0,0,40.0319
0,147,102,0,0,40.0313
0,148,102,0,0,40.0307
0,149,102,0,0,40.0302
0,150,102,0,0,40.0296
0,151,102,0,0,40.0291
0,152,102,0,0,40.0285
0,153,102,0,0,40.028
0,154,102,0,0,40.0275
0,155,102,0,0,40.027
0,156,102,0,0,40.0266
0,157,102,0,0,40.0261
0,158,102,0,0,40.0257
0,159,102,0,0,40.0252
0,160,102,0,0,40.0248
0,161,102,0,0,40.0244
0,162,102,0,0,40.024
0,163,102,0,0,40.0236
0,164,102,0,0,40.0233
0,165,102,0,0,40.0229
0,166,102,0,0,40.0226
0,167,102,0,0,40.0223
0,168,102,0,0,40.022
0,169,102,0,0,40.0217
0,170,102,0,0,40.0214
0,171,102,0,0,40.0211
0,172,102,0,0,40.0208
0,173,102,0,0,40.0206
0,174,102,0,0,40.0204
0,175,102,0,0,40.0201
0,176,102,0,0,40.0199
0,177,102,0,0,40.0197
0,178,102,0,0,40.0195
0,179,102,0,0,40.0194
0,180,102,0,0,40.0192
0,181,102,0,0,40.0191
0,182,102,0,0,40.0189
0,183,102,0,0,40.0188
0,184,102,0,0,40.0187
0,185,102,0,0,40.0186
0,186,102,0,0,40.0186
0,187,102,0,0,40.0185
0,188,102,0,0,40.0184
0,189,102,0,0,40.0184
0,190,102,0,0,40.0184
0,191,102,0,0,40.0184
0,192,102,0,6.09525e-06,40.0184
0,193,102,0,0,40.0179
0,194,102,0,0,40.0175
0,195,102,0,0,40.017
0,196,102,0,0,40.0166
0,197,102,0,0,40.0162
0,198,102,0,0,40.0158
0,199,102,0,0,40.0154
0,200,102,0,0,40.015
0,201,102,0,0,40.0146
0,202,102,0,0,40.0143
0,203,102,0,0,40.0139
0,204,102,0,0,40.0136
0,205,102,0,0,40.0133
0,206,102,0,0,40.013
0,207,102,0,0,40.0127
0,208,102,0,0,40.0124
0,209,102,0,0,40.0121
0,210,102,0,0,40.0118
0,211,102,0,0,40.0116
0,212,102,0,0,40.0113
0,213,102,0,0,40.0111
0,214,102,0,0,40.0108
0,215,102,0,0,40.0106
0,216,102,0,0,40.0104
0,217,102,0,0,40.0101
0,218,102,0,0,40.0099
0,219,102,0,0,40.0097
0,220,102,0,0,40.0095
0,221,102,0,0,40.0093
0,222,102,0,0,40.0092
0,223,102,0,0,40.009
0,224,102,0,0,40.0088
0,225,102,0,0,40.0087
0,226,102,0,0,40.0085
0,227,102,0,0,40.0084
0,228,102,0,0,40.0082
0,229,102,0,0,40.0081
0,230,102,0,0,40.0079
0,231,102,0,0,40.0078
0,232,102,0,0,40.0077
0,233,102,0,0,40.0076
0,234,102,0,0,40.0075
0,235,102,0,0,40.0074
0,236,102,0,0,40.0073
0,237,102,0,0,40.0072
0,238,102,0,0,40.0071
0,239,102,0,0,40.007
0,240,102,0,0,40.0069
0,241,102,0,0,40.0068
0,242,102,0,0,40.0068
0,243,102,0,0,40.0067
0,244,102,0,0,40.0067
0,245,102,0,0,40.0066
0,246,102,0,0,40.0065
0,247,102,0,0,40.0065
0,248,102,0,0,40.0065
0,249,102,0,0,40.0064
0,250,102,0,0,40.0064
0,251,102,0,0,40.0064
0,252,102,0,0,40.0063
0,253,102,0,0,40.0063
0,254,102,0,0,40.0063
0,255,102,0,0,40.0063
0,0,103,0,6.09525e-06,40.1653
0,1,103,0,0,40.1648
0,2,103,0,0,40.1643
0,3,103,0,0,40.1637
0,4,103,0,0,40.1632
0,5,103,0,0,40.1626
0,6,103,0,0,40.162
0,7,103,0,0,40.1614
0,8,103,0,0,40.1608
0,9,103,0,0,40.1602
0,10,103,0,0,40.1595
0,11,103,0,0,40.1589
0,12,103,0,0,40.1582
0,13,103,0,0,40.1575
0,14,103,0,0,40.1568
0,15,103,0,0,40.1561
0,16,103,0,0,40.1554
0,17,103,0,0,40.1546
0,18,103,0,0,40.1539
0,19,103,0,0,40.1531
0,20,103,0,0,40.1523
0,21,103,0,0,40.1515
0,22,103,0,0,40.1507
0,23,103,0,0,40.1498
0,24,103,0,0,40.149
0,25,103,0,0,40.1481
0,26,103,0,0,40.1472
0,27,103,0,0,40.1464
0,28,103,0,0,40.1454
0,29,103,0,0,40.1445
0,30,103,0,0,40.1436
0,31,103,0,0,40.1427
0,32,103,0,0,40.1417
0,33,103,0,0,40.1407
0,34,103,0,0,40.1398
0,35,103,0,0,40.1388
0,36,103,0,0,40.1378
0,37,103,0,0,40.1368
0,38,103,0,0,40.1358
0,39,103,0,0,40.1348
0,40,103,0,0,40.1337
0,41,103,0,0,40.1327
0,42,103,0,0,40.1317
0,43,103,0,0,40.1306
0,44,103,0,0,40.1296
0,45,103,0,0,40.1286
0,46,103,0,0,40.1275
0,47,103,0,0,40.1265
0,48,103,0,0,40.1254
0,49,103,0,0,40.1243
0,50,103,0,0,40.1233
0,51,103,0,0,40.1222
0,52,103,0,0,40.1212
0,53,103,0,0,40.1201
0,54,103,0,0,40.1191
0,55,103,0,0,40.1181
0,56,103,0,0,40.117
0,57,103,0,0,40.116
0,58,103,0,0,40.115
0,59,103,0,0,40.1139
0,60,103,0,0,40.1129
0,61,103,0,0,40.1119
0,62,103,0,0,40.1109
0,63,103,0,0,40.1099
0,64,103,0,6.09525e-06,40.109
0,65,103,0,0,40.1075
0,66,103,0,0,40.1061
0,67,103,0,0,40.1046
0,68,103,0,0,40.1032
0,69,103,0,0,40.1018
0,70,103,0,0,40.1004
0,71,103,0,0,40.099
0,72,103,0,0,40.0976
0,73,103,0,0,40.0963
0,74,103,0,0,40.0949
0,75,103,0,0,40.0936
0,76,103,0,0,40.0923
0,77,103,0,0,40.091
0,78,103,0,0,40.0897
0,79,103,0,0,40.0884
0,80,103,0,0,40.0871
0,81,103,0,0,40.0859
0,82,103,0,0,40.0846
0,83,103,0,0,40.0834
0,84,103,0,0,40.0822
0,85,103,0,0,40.081
0,86,103,0,0,40.0798
0,87,103,0,0,40.0786
0,88,103,0,0,40.0775
0,89,103,0,0,40.0763
0,90,103,0,0,40.0752
0,91,103,0,0,40.0741
0,92,103,0,0,40.073
0,93,103,0,0,40.0719
0,94,103,0,0,40.0709
0,95,103,0,0,40.0698
0,96,103,0,0,40.0688
0,97,103,0,0,40.0678
0,98,103,0,0,40.0668
0,99,103,0,0,40.0658
0,100,103,0,0,40.0648
0,101,103,0,0,40.0639
0,102,103,0,0,40.0629
0,103,103,0,0,40.062
0,104,103,0,0,40.0611
0,105,103,0,0,40.0602
0,106,103,0,0,40.0594
0,107,103,0,0,40.0585
0,108,103,0,0,40.0577
0,109,103,0,0,40.0569
0,110,103,0,0,40.0561
0,111,103,0,0,40.0553
0,112,103,0,0,40.0545
0,113,103,0,0,40.0538
0,114,103,0,0,40.0531
0,115,103,0,0,40.0524
0,116,103,0,0,40.0517
0,117,103,0,0,40.051
0,118,103,0,0,40.0504
0,119,103,0,0,40.0497
0,120,103,0,0,40.0491
0,121,103,0,0,40.0485
0,122,103,0,0,40.048
0,123,103,0,0,40.0474
0,124,103,0,0,40.0469
0,125,103,0,0,40.0464
0,126,103,0,0,40.0459
0,127,103,0,0,40.0454
0,128,103,0,6.09525e-06,40.045
0,129,103,0,0,40.0441
0,130,103,0,0,40.0432
0,131,103,0,0,40.0423
0,132,103,0,0,40.0414
0,133,103,0,0,40.0406
0,134,103,0,0,40.0398
0,135,103,0,0,40.039
0,136,103,0,0,40.0382
0,137,103,0,0,40.0374
0,138,103,0,0,40.0367
0,139,103,0,0,40.036
0,140,103,0,0,40.0353
0,141,103,0,0,40.0346
0,142,103,0,0,40.0339
0,143,103,0,0,40.0332
0,144,103,0,0,40.0326
0,145,103,0,0,40.032
0,146,103,0,0,40.0314
0,147,103,0,0,40.0308
0,148,103,0,0,40.0302
0,149,103,0,0,40.0296
0,150,103,0,0,40.0291
0,151,103,0,0,40.0286
0,152,103,0,0,40.028
0,153,103,0,0,40.0275
0,154,103,0,0,40.0271
0,155,103,0,0,40.0266
0,156,103,0,0,40.0261
0,157,103,0,0,40.0257
0,158,103,0,0,40.0252
0,159,103,0,0,40.0248
0,160,103,0,0,40.0244
0,161,103,0,0,40.024
0,162,103,0,0,40.0236
0,163,103,0,0,40.0233
0,164,103,0,0,40.0229
0,165,103,0,0,40.0226
0,166,103,0,0,40.0223
0,167,103,0,0,40.0219
0,168,103,0,0,40.0216
0,169,103,0,0,40.0214
0,170,103,0,0,40.0211
0,171,103,0,0,40.0208
0,172,103,0,0,40.0206
0,173,103,0,0,40.0203
0,174,103,0,0,40.0201
0,175,103,0,0,40.0199
0,176,103,0,0,40.0197
0,177,103,0,0,40.0195
0,178,103,0,0,40.0193
0,179,103,0,0,40.0191
0,180,103,0,0,40.019
0,181,103,0,0,40.0189
0,182,103,0,0,40.0187
0,183,103,0,0,40.0186
0,184,103,0,0,40.0185
0,185,103,0,0,40.0184
0,186,103,0,0,40.0184
0,187,103,0,0,40.0183
0,188,103,0,0,40.0183
0,189,103,0,0,40.0182
0,190,103,0,0,40.0182
0,191,103,0,0,40.0182
0,192,103,0,6.09525e-06,40.0182
0,193,103,0,0,40.0178
0,194,103,0,0,40.0173
0,195,103,0,0,40.0169
0,196,103,0,0,40.0165
0,197,103,0,0,40.016
0,198,103,0,0,40.0156
0,199,103,0,0,40.0153
0,200,103,0,0,40.0149
0,201,103,0,0,40.0145
0,202,103,0,0,40.0142
0,203,103,0,0,40.0138
0,204,103,0,0,40.0135
0,205,103,0,0,40.0132
0,206,103,0,0,40.0129
0,207,103,0,0,40.0126
0,208,103,0,0,40.0123
0,209,103,0,0,40.012
0,210,103,0,0,40.0117
0,211,103,0,0,40.0115
0,212,103,0,0,40.0112
0,213,103,0,0,40.011
0,214,103,0,0,40.0107
0,215,103,0,0,40.0105
0,216,103,0,0,40.0103
0,217,103,0,0,40.0101
0,218,103,0,0,40.0098
0,219,103,0,0,40.0096
0,220,103,0,0,40.0095
0,221,103,0,0,40.0093
0,222,103,0,0,40.0091
0,223,103,0,0,40.0089
0,224,103,0,0,40.0088
0,225,103,0,0,40.0086
0,226,103,0,0,40.0084
0,227,103,0,0,40.0083
0,228,103,0,0,40.0081
0,229,103,0,0,40.008
0,230,103,0,0,40.0079
0,231,103,0,0,40.0078
0,232,103,0,0,40.0076
0,233,103,0,0,40.0075
0,234,103,0,0,40.0074
0,235,103,0,0,40.0073
0,236,103,0,0,40.0072
0,237,103,0,0,40.0071
0,238,103,0,0,40.007
0,239,103,0,0,40.0069
0,240,103,0,0,40.0069
0,241,103,0,0,40.0068
0,242,103,0,0,40.0067
0,243,103,0,0,40.0067
0,244,103,0,0,40.0066
0,245,103,0,0,40.0066
0,246,103,0,0,40.0065
0,247,103,0,0,40.0065
0,248,103,0,0,40.0064
0,249,103,0,0,40.0064
0,250,103,0,0,40.0063
0,251,103,0,0,40.0063
0,252,103,0,0,40.0063
0,253,103,0,0,40.0063
0,254,103,0,0,40.0063
0,255,103,0,0,40.0063
0,0,104,0,6.09525e-06,40.1597
0,1,104,0,0,40.1592
0,2,104,0,0,40.1587
0,3,104,0,0,40.1581
0,4,104,0,0,40.1576
0,5,104,0,0,40.157
0,6,104,0,0,40.1565
0,7,104,0,0,40.1559
0,8,104,0,0,40.1553
0,9,104,0,0,40.1547
0,10,104,0,0,40.1541
0,11,104,0,0,40.1534
0,12,104,0,0,40.1528
0,13,104,0,0,40.1521
0,14,104,0,0,40.1514
0,15,104,0,0,40.1507
0,16,104,0,0,40.15
0,17,104,0,0,40.1493
0,18,104,0,0,40.1486
0,19,104,0,0,40.1478
0,20,104,0,0,40.1471
0,21,104,0,0,40.1463
0,22,104,0,0,40.1455
0,23,104,0,0,40.1447
0,24,104,0,0,40.1439
0,25,104,0,0,40.143
0,26,104,0,0,40.1422
0,27,104,0,0,40.1413
0,28,104,0,0,40.1405
0,29,104,0,0,40.1396
0,30,104,0,0,40.1387
0,31,104,0,0,40.1378
0,32,104,0,0,40.1369
0,33,104,0,0,40.136
0,34,104,0,0,40.135
0,35,104,0,0,40.1341
0,36,104,0,0,40.1332
0,37,104,0,0,40.1322
0,38,104,0,0,40.1312
0,39,104,0,0,40.1303
0,40,104,0,0,40.1293
0,41,104,0,0,40.1283
0,42,104,0,0,40.1273
0,43,104,0,0,40.1263
0,44,104,0,0,40.1253
0,45,104,0,0,40.1243
0,46,104,0,0,40.1233
0,47,104,0,0,40.1223
0,48,104,0,0,40.1213
0,49,104,0,0,40.1203
0,50,104,0,0,40.1193
0,51,104,0,0,40.1183
0,52,104,0,0,40.1173
0,53,104,0,0,40.1163
0,54,104,0,0,40.1153
0,55,104,0,0,40.1143
0,56,104,0,0,40.1134
0,57,104,0,0,40.1124
0,58,104,0,0,40.1114
0,59,104,0,0,40.1104
0,60,104,0,0,40.1095
0,61,104,0,0,40.1085
0,62,104,0,0,40.1076
0,63,104,0,0,40.1067
0,64,104,0,6.09525e-06,40.1057
0,65,104,0,0,40.1043
0,66,104,0,0,40.1029
0,67,104,0,0,40.1015
0,68,104,0,0,40.1002
0,69,104,0,0,40.0988
0,70,104,0,0,40.0975
0,71,104,0,0,40.0961
0,72,104,0,0,40.0948
0,73,104,0,0,40.0935
0,74,104,0,0,40.0922
0,75,104,0,0,40.0909
0,76,104,0,0,40.0896
0,77,104,0,0,40.0884
0,78,104,0,0,40.0871
0,79,104,0,0,40.0859
0,80,104,0,0,40.0847
0,81,104,0,0,40.0835
0,82,104,0,0,40.0823
0,83,104,0,0,40.0811
0,84,104,0,0,40.0799
0,85,104,0,0,40.0788
0,86,104,0,0,40.0776
0,87,104,0,0,40.0765
0,88,104,0,0,40.0754
0,89,104,0,0,40.0743
0,90,104,0,0,40.0732
0,91,104,0,0,40.0721
0,92,104,0,0,40.0711
0,93,104,0,0,40.07
0,94,104,0,0,40.069
0,95,104,0,0,40.068
0,96,104,0,0,40.067
0,97,104,0,0,40.066
0,98,104,0,0,40.0651
0,99,104,0,0,40.0641
0,100,104,0,0,40.0632
0,101,104,0,0,40.0623
0,102,104,0,0,40.0614
0,103,104,0,0,40.0605
0,104,104,0,0,40.0596
0,105,104,0,0,40.0588
0,106,104,0,0,40.0579
0,107,104,0,0,40.0571
0,108,104,0,0,40.0563
0,109,104,0,0,40.0555
0,110,104,0,0,40.0548
0,111,104,0,0,40.054
0,112,104,0,0,40.0533
0,113,104,0,0,40.0526
0,114,104,0,0,40.0519
0,115,104,0,0,40.0512
0,116,104,0,0,40.0505
0,117,104,0,0,40.0499
0,118,104,0,0,40.0493
0,119,104,0,0,40.0487
0,120,104,0,0,40.0481
0,121,104,0,0,40.0475
0,122,104,0,0,40.047
0,123,104,0,0,40.0465
0,124,104,0,0,40.0459
0,125,104,0,0,40.0455
0,126,104,0,0,40.045
0,127,104,0,0,40.0446
0,128,104,0,6.09525e-06,40.0441
0,129,104,0,0,40.0432
0,130,104,0,0,40.0423
0,131,104,0,0,40.0415
0,132,104,0,0,40.0407
0,133,104,0,0,40.0398
0,134,104,0,0,40.039
0,135,104,0,0,40.0383
0,136,104,0,0,40.0375
0,137,104,0,0,40.0367
0,138,104,0,0,40.036
0,139,104,0,0,40.0353
0,140,104,0,0,40.0346
0,141,104,0,0,40.0339
0,142,104,0,0,40.0333
0,143,104,0,0,40.0327
0,144,104,0,0,40.032
0,145,104,0,0,40.0314
0,146,104,0,0,40.0308
0,147,104,0,0,40.0302
0,148,104,0,0,40.0297
0,149,104,0,0,40.0291
0,150,104,0,0,40.0286
0,151,104,0,0,40.0281
0,152,104,0,0,40.0276
0,153,104,0,0,40.0271
0,154,104,0,0,40.0266
0,155,104,0,0,40.0262
0,156,104,0,0,40.0257
0,157,104,0,0,40.0253
0,158,104,0,0,40.0248
0,159,104,0,0,40.0244
0,160,104,0,0,40.024
0,161,104,0,0,40.0237
0,162,104,0,0,40.0233
0,163,104,0,0,40.0229
0,164,104,0,0,40.0226
0,165,104,0,0,40.0223
0,166,104,0,0,40.0219
0,167,104,0,0,40.0216
0,168,104,0,0,40.0213
0,169,104,0,0,40.0211
0,170,104,0,0,40.0208
0,171,104,0,0,40.0205
0,172,104,0,0,40.0203
0,173,104,0,0,40.0201
0,174,104,0,0,40.0198
0,175,104,0,0,40.0196
0,176,104,0,0,40.0194
0,177,104,0,0,40.0193
0,178,104,0,0,40.0191
0,179,104,0,0,40.0189
0,180,104,0,0,40.0188
0,181,104,0,0,40.0186
0,182,104,0,0,40.0185
0,183,104,0,0,40.0184
0,184,104,0,0,40.0183
0,185,104,0,0,40.0182
0,186,104,0,0,40.0182
0,187,104,0,0,40.0181
0,188,104,0,0,40.0181
0,189,104,0,0,40.0181
0,190,104,0,0,40.0181
0,191,104,0,0,40.0181
0,192,104,0,6.09525e-06,40.0181
0,193,104,0,0,40.0176
0,194,104,0,0,40.0172
0,195,104,0,0,40.0167
0,196,104,0,0,40.0163
0,197,104,0,0,40.0159
0,198,104,0,0,40.0155
0,199,104,0,0,40.0151
0,200,104,0,0,40.0148
0,201,104,0,0,40.0144
0,202,104,0,0,40.014
0,203,104,0,0,40.0137
0,204,104,0,0,40.0134
0,205,104,0,0,40.0131
0,206,104,0,0,40.0128
0,207,104,0,0,40.0125
0,208,104,0,0,40.0122
0,209,104,0,0,40.0119
0,210,104,0,0,40.0116
0,211,104,0,0,40.0114
0,212,104,0,0,40.0111
0,213,104,0,0,40.0109
0,214,104,0,0,40.0106
0,215,104,0,0,40.0104
0,216,104,0,0,40.0102
0,217,104,0,0,40.01
0,218,104,0,0,40.0098
0,219,104,0,0,40.0096
0,220,104,0,0,40.0094
0,221,104,0,0,40.0092
0,222,104,0,0,40.009
0,223,104,0,0,40.0088
0,224,104,0,0,40.0087
0,225,104,0,0,40.0085
0,226,104,0,0,40.0084
0,227,104,0,0,40.0082
0,228,104,0,0,40.0081
0,229,104,0,0,40.008
0,230,104,0,0,40.0078
0,231,104,0,0,40.0077
0,232,104,0,0,40.0076
0,233,104,0,0,40.0075
0,234,104,0,0,40.0074
0,235,104,0,0,40.0073
0,236,104,0,0,40.0072
0,237,104,0,0,40.0071
0,238,104,0,0,40.007
0,239,104,0,0,40.0069
0,240,104,0,0,40.0068
0,241,104,0,0,40.0067
0,242,104,0,0,40.0067
0,243,104,0,0,40.0066
0,244,104,0,0,40.0066
0,245,104,0,0,40.0065
0,246,104,0,0,40.0065
0,247,104,0,0,40.0064
0,248,104,0,0,40.0064
0,249,104,0,0,40.0063
0,250,104,0,0,40.0063
0,251,104,0,0,40.0063
0,252,104,0,0,40.0063
0,253,104,0,0,40.0062
0,254,104,0,0,40.0062
0,255,104,0,0,40.0062
0,0,105,0,6.09525e-06,40.1545
0,1,105,0,0,40.1539
0,2,105,0,0,40.1534
0,3,105,0,0,40.1529
0,4,105,0,0,40.1523
0,5,105,0,0,40.1518
0,6,105,0,0,40.1512
0,7,105,0,0,40.1507
0,8,105,0,0,40.1501
0,9,105,0,0,40.1495
0,10,105,0,0,40.1489
0,11,105,0,0,40.1483
0,12,105,0,0,40.1476
0,13,105,0,0,40.147
0,14,105,0,0,40.1463
0,15,105,0,0,40.1456
0,16,105,0,0,40.145
0,17,105,0,0,40.1443
0,18,105,0,0,40.1436
0,19,105,0,0,40.1428
0,20,105,0,0,40.1421
0,21,105,0,0,40.1413
0,22,105,0,0,40.1406
0,23,105,0,0,40.1398
0,24,105,0,0,40.139
0,25,105,0,0,40.1382
0,26,105,0,0,40.1374
0,27,105,0,0,40.1366
0,28,105,0,0,40.1358
0,29,105,0,0,40.1349
0,30,105,0,0,40.1341
0,31,105,0,0,40.1332
0,32,105,0,0,40.1323
0,33,105,0,0,40.1315
0,34,105,0,0,40.1306
0,35,105,0,0,40.1297
0,36,105,0,0,40.1288
0,37,105,0,0,40.1279
0,38,105,0,0,40.1269
0,39,105,0,0,40.126
0,40,105,0,0,40.1251
0,41,105,0,0,40.1241
0,42,105,0,0,40.1232
0,43,105,0,0,40.1223
0,44,105,0,0,40.1213
0,45,105,0,0,40.1204
0,46,105,0,0,40.1194
0,47,105,0,0,40.1184
0,48,105,0,0,40.1175
0,49,105,0,0,40.1165
0,50,105,0,0,40.1156
0,51,105,0,0,40.1146
0,52,105,0,0,40.1137
0,53,105,0,0,40.1127
0,54,105,0,0,40.1118
0,55,105,0,0,40.1108
0,56,105,0,0,40.1099
0,57,105,0,0,40.109
0,58,105,0,0,40.108
0,59,105,0,0,40.1071
0,60,105,0,0,40.1062
0,61,105,0,0,40.1053
0,62,105,0,0,40.1044
0,63,105,0,0,40.1035
0,64,105,0,6.09525e-06,40.1027
0,65,105,0,0,40.1013
0,66,105,0,0,40.0999
0,67,105,0,0,40.0986
0,68,105,0,0,40.0973
0,69,105,0,0,40.096
0,70,105,0,0,40.0947
0,71,105,0,0,40.0934
0,72,105,0,0,40.0921
0,73,105,0,0,40.0908
0,74,105,0,0,40.0896
0,75,105,0,0,40.0883
0,76,105,0,0,40.0871
0,77,105,0,0,40.0859
0,78,105,0,0,40.0847
0,79,105,0,0,40.0835
0,80,105,0,0,40.0823
0,81,105,0,0,40.0812
0,82,105,0,0,40.08
0,83,105,0,0,40.0789
0,84,105,0,0,40.0777
0,85,105,0,0,40.0766
0,86,105,0,0,40.0755
0,87,105,0,0,40.0744
0,88,105,0,0,40.0734
0,89,105,0,0,40.0723
0,90,105,0,0,40.0713
0,91,105,0,0,40.0702
0,92,105,0,0,40.0692
0,93,105,0,0,40.0682
0,94,105,0,0,40.0672
0,95,105,0,0,40.0663
0,96,105,0,0,40.0653
0,97,105,0,0,40.0644
0,98,105,0,0,40.0634
0,99,105,0,0,40.0625
0,100,105,0,0,40.0616
0,101,105,0,0,40.0607
0,102,105,0,0,40.0599
0,103,105,0,0,40.059
0,104,105,0,0,40.0582
0,105,105,0,0,40.0574
0,106,105,0,0,40.0566
0,107,105,0,0,40.0558
0,108,105,0,0,40.055
0,109,105,0,0,40.0543
0,110,105,0,0,40.0535
0,111,105,0,0,40.0528
0,112,105,0,0,40.0521
0,113,105,0,0,40.0514
0,114,105,0,0,40.0507
0,115,105,0,0,40.0501
0,116,105,0,0,40.0494
0,117,105,0,0,40.0488
0,118,105,0,0,40.0482
0,119,105,0,0,40.0477
0,120,105,0,0,40.0471
0,121,105,0,0,40.0466
0,122,105,0,0,40.046
0,123,105,0,0,40.0455
0,124,105,0,0,40.045
0,125,105,0,0,40.0446
0,126,105,0,0,40.0441
0,127,105,0,0,40.0437
0,128,105,0,6.09525e-06,40.0433
0,129,105,0,0,40.0424
0,130,105,0,0,40.0416
0,131,105,0,0,40.0407
0,132,105,0,0,40.0399
0,133,105,0,0,40.0391
0,134,105,0,0,40.0383
0,135,105,0,0,40.0376
0,136,105,0,0,40.0368
0,137,105,0,0,40.0361
0,138,105,0,0,40.0354
0,139,105,0,0,40.0347
0,140,105,0,0,40.034
0,141,105,0,0,40.0334
0,142,105,0,0,40.0327
0,143,105,0,0,40.0321
0,144,105,0,0,40.0315
0,145,105,0,0,40.0309
0,146,105,0,0,40.0303
0,147,105,0,0,40.0297
0,148,105,0,0,40.0292
0,149,105,0,0,40.0287
0,150,105,0,0,40.0281
0,151,105,0,0,40.0276
0,152,105,0,0,40.0271
0,153,105,0,0,40.0267
0,154,105,0,0,40.0262
0,155,105,0,0,40.0257
0,156,105,0,0,40.0253
0,157,105,0,0,40.0249
0,158,105,0,0,40.0245
0,159,105,0,0,40.0241
0,160,105,0,0,40.0237
0,161,105,0,0,40.0233
0,162,105,0,0,40.023
0,163,105,0,0,40.0226
0,164,105,0,0,40.0223
0,165,105,0,0,40.0219
0,166,105,0,0,40.0216
0,167,105,0,0,40.0213
0,168,105,0,0,40.0211
0,169,105,0,0,40.0208
0,170,105,0,0,40.0205
0,171,105,0,0,40.0203
0,172,105,0,0,40.02
0,173,105,0,0,40.0198
0,174,105,0,0,40.0196
0,175,105,0,0,40.0194
0,176,105,0,0,40.0192
0,177,105,0,0,40.019
0,178,105,0,0,40.0189
0,179,105,0,0,40.0187
0,180,105,0,0,40.0186
0,181,105,0,0,40.0184
0,182,105,0,0,40.0183
0,183,105,0,0,40.0182
0,184,105,0,0,40.0181
0,185,105,0,0,40.0181
0,186,105,0,0,40.018
0,187,105,0,0,40.018
0,188,105,0,0,40.0179
0,189,105,0,0,40.0179
0,190,105,0,0,40.0179
0,191,105,0,0,40.0179
0,192,105,0,6.09525e-06,40.0179
0,193,105,0,0,40.0175
0,194,105,0,0,40.017
0,195,105,0,0,40.0166
0,196,105,0,0,40.0162
0,197,105,0,0,40.0158
0,198,105,0,0,40.0154
0,199,105,0,0,40.015
0,200,105,0,0,40.0146
0,201,105,0,0,40.0143
0,202,105,0,0,40.0139
0,203,105,0,0,40.0136
0,204,105,0,0,40.0133
0,205,105,0,0,40.013
0,206,105,0,0,40.0127
0,207,105,0,0,40.0124
0,208,105,0,0,40.0121
0,209,105,0,0,40.0118
0,210,105,0,0,40.0115
0,211,105,0,0,40.0113
0,212,105,0,0,40.011
0,213,105,0,0,40.0108
0,214,105,0,0,40.0106
0,215,105,0,0,40.0103
0,216,105,0,0,40.0101
0,217,105,0,0,40.0099
0,218,105,0,0,40.0097
0,219,105,0,0,40.0095
0,220,105,0,0,40.0093
0,221,105,0,0,40.0091
0,222,105,0,0,40.009
0,223,105,0,0,40.0088
0,224,105,0,0,40.0086
0,225,105,0,0,40.0085
0,226,105,0,0,40.0083
0,227,105,0,0,40.0082
0,228,105,0,0,40.008
0,229,105,0,0,40.0079
0,230,105,0,0,40.0078
0,231,105,0,0,40.0076
0,232,105,0,0,40.0075
0,233,105,0,0,40.0074
0,234,105,0,0,40.0073
0,235,105,0,0,40.0072
0,236,105,0,0,40.0071
0,237,105,0,0,40.007
0,238,105,0,0,40.0069
0,239,105,0,0,40.0068
0,240,105,0,0,40.0068
0,241,105,0,0,40.0067
0,242,105,0,0,40.0066
0,243,105,0,0,40.0066
0,244,105,0,0,40.0065
0,245,105,0,0,40.0065
0,246,105,0,0,40.0064
0,247,105,0,0,40.0064
0,248,105,0,0,40.0063
0,249,105,0,0,40.0063
0,250,105,0,0,40.0063
0,251,105,0,0,40.0062
0,252,105,0,0,40.0062
0,253,105,0,0,40.0062
0,254,105,0,0,40.0062
0,255,105,0,0,40.0062
0,0,106,0,6.09525e-06,40.1495
0,1,106,0,0,40.149
0,2,106,0,0,40.1485
0,3,106,0,0,40.1479
0,4,106,0,0,40.1474
0,5,106,0,0,40.1468
0,6,106,0,0,40.1463
0,7,106,0,0,40.1457
0,8,106,0,0,40.1452
0,9,106,0,0,40.1446
0,10,106,0,0,40.144
0,11,106,0,0,40.1434
0,12,106,0,0,40.1428
0,13,106,0,0,40.1421
0,14,106,0,0,40.1415
0,15,106,0,0,40.1408
0,16,106,0,0,40.1402
0,17,106,0,0,40.1395
0,18,106,0,0,40.1388
0,19,106,0,0,40.1381
0,20,106,0,0,40.1374
0,21,106,0,0,40.1367
0,22,106,0,0,40.136
0,23,106,0,0,40.1352
0,24,106,0,0,40.1345
0,25,106,0,0,40.1337
0,26,106,0,0,40.1329
0,27,106,0,0,40.1321
0,28,106,0,0,40.1313
0,29,106,0,0,40.1305
0,30,106,0,0,40.1297
0,31,106,0,0,40.1289
0,32,106,0,0,40.128
0,33,106,0,0,40.1272
0,34,106,0,0,40.1263
0,35,106,0,0,40.1255
0,36,106,0,0,40.1246
0,37,106,0,0,40.1238
0,38,106,0,0,40.1229
0,39,106,0,0,40.122
0,40,106,0,0,40.1211
0,41,106,0,0,40.1202
0,42,106,0,0,40.1193
0,43,106,0,0,40.1184
0,44,106,0,0,40.1175
0,45,106,0,0,40.1166
0,46,106,0,0,40.1157
0,47,106,0,0,40.1148
0,48,106,0,0,40.1139
0,49,106,0,0,40.1129
0,50,106,0,0,40.112
0,51,106,0,0,40.1111
0,52,106,0,0,40.1102
0,53,106,0,0,40.1093
0,54,106,0,0,40.1084
0,55,106,0,0,40.1075
0,56,106,0,0,40.1066
0,57,106,0,0,40.1057
0,58,106,0,0,40.1049
0,59,106,0,0,40.104
0,60,106,0,0,40.1031
0,61,106,0,0,40.1023
0,62,106,0,0,40.1014
0,63,106,0,0,40.1006
0,64,106,0,6.09525e-06,40.0998
0,65,106,0,0,40.0984
0,66,106,0,0,40.0971
0,67,106,0,0,40.0958
0,68,106,0,0,40.0946
0,69,106,0,0,40.0933
0,70,106,0,0,40.092
0,71,106,0,0,40.0908
0,72,106,0,0,40.0895
0,73,106,0,0,40.0883
0,74,106,0,0,40.0871
0,75,106,0,0,40.0859
0,76,106,0,0,40.0847
0,77,106,0,0,40.0836
0,78,106,0,0,40.0824
0,79,106,0,0,40.0812
0,80,106,0,0,40.0801
0,81,106,0,0,40.079
0,82,106,0,0,40.0779
0,83,106,0,0,40.0768
0,84,106,0,0,40.0757
0,85,106,0,0,40.0746
0,86,106,0,0,40.0735
0,87,106,0,0,40.0725
0,88,106,0,0,40.0715
0,89,106,0,0,40.0704
0,90,106,0,0,40.0694
0,91,106,0,0,40.0684
0,92,106,0,0,40.0675
0,93,106,0,0,40.0665
0,94,106,0,0,40.0655
0,95,106,0,0,40.0646
0,96,106,0,0,40.0637
0,97,106,0,0,40.0628
0,98,106,0,0,40.0619
0,99,106,0,0,40.061
0,100,106,0,0,40.0601
0,101,106,0,0,40.0593
0,102,106,0,0,40.0584
0,103,106,0,0,40.0576
0,104,106,0,0,40.0568
0,105,106,0,0,40.056
0,106,106,0,0,40.0553
0,107,106,0,0,40.0545
0,108,106,0,0,40.0538
0,109,106,0,0,40.053
0,110,106,0,0,40.0523
0,111,106,0,0,40.0516
0,112,106,0,0,40.0509
0,113,106,0,0,40.0503
0,114,106,0,0,40.0496
0,115,106,0,0,40.049
0,116,106,0,0,40.0484
0,117,106,0,0,40.0478
0,118,106,0,0,40.0472
0,119,106,0,0,40.0467
0,120,106,0,0,40.0461
0,121,106,0,0,40.0456
0,122,106,0,0,40.0451
0,123,106,0,0,40.0446
0,124,106,0,0,40.0442
0,125,106,0,0,40.0437
0,126,106,0,0,40.0433
0,127,106,0,0,40.0429
0,128,106,0,6.09525e-06,40.0425
0,129,106,0,0,40.0417
0,130,106,0,0,40.0408
0,131,106,0,0,40.04
0,132,106,0,0,40.0392
0,133,106,0,0,40.0384
0,134,106,0,0,40.0376
0,135,106,0,0,40.0369
0,136,106,0,0,40.0362
0,137,106,0,0,40.0355
0,138,106,0,0,40.0348
0,139,106,0,0,40.0341
0,140,106,0,0,40.0334
0,141,106,0,0,40.0328
0,142,106,0,0,40.0322
0,143,106,0,0,40.0316
0,144,106,0,0,40.031
0,145,106,0,0,40.0304
0,146,106,0,0,40.0298
0,147,106,0,0,40.0293
0,148,106,0,0,40.0287
0,149,106,0,0,40.0282
0,150,106,0,0,40.0277
0,151,106,0,0,40.0272
0,152,106,0,0,40.0267
0,153,106,0,0,40.0262
0,154,106,0,0,40.0258
0,155,106,0,0,40.0254
0,156,106,0,0,40.0249
0,157,106,0,0,40.0245
0,158,106,0,0,40.0241
0,159,106,0,0,40.0237
0,160,106,0,0,40.0233
0,161,106,0,0,40.023
0,162,106,0,0,40.0226
0,163,106,0,0,40.0223
0,164,106,0,0,40.022
0,165,106,0,0,40.0216
0,166,106,0,0,40.0213
0,167,106,0,0,40.0211
0,168,106,0,0,40.0208
0,169,106,0,0,40.0205
0,170,106,0,0,40.0203
0,171,106,0,0,40.02
0,172,106,0,0,40.0198
0,173,106,0,0,40.0196
0,174,106,0,0,40.0194
0,175,106,0,0,40.0192
0,176,106,0,0,40.019
0,177,106,0,0,40.0188
0,178,106,0,0,40.0186
0,179,106,0,0,40.0185
0,180,106,0,0,40.0184
0,181,106,0,0,40.0182
0,182,106,0,0,40.0181
0,183,106,0,0,40.018
0,184,106,0,0,40.018
0,185,106,0,0,40.0179
0,186,106,0,0,40.0178
0,187,106,0,0,40.0178
0,188,106,0,0,40.0178
0,189,106,0,0,40.0177
0,190,106,0,0,40.0177
0,191,106,0,0,40.0178
0,192,106,0,6.09525e-06,40.0178
0,193,106,0,0,40.0173
0,194,106,0,0,40.0169
0,195,106,0,0,40.0165
0,196,106,0,0,40.016
0,197,106,0,0,40.0156
0,198,106,0,0,40.0153
0,199,106,0,0,40.0149
0,200,106,0,0,40.0145
0,201,106,0,0,40.0142
0,202,106,0,0,40.0138
0,203,106,0,0,40.0135
0,204,106,0,0,40.0132
0,205,106,0,0,40.0129
0,206,106,0,0,40.0126
0,207,106,0,0,40.0123
0,208,106,0,0,40.012
0,209,106,0,0,40.0117
0,210,106,0,0,40.0114
0,211,106,0,0,40.0112
0,212,106,0,0,40.0109
0,213,106,0,0,40.0107
0,214,106,0,0,40.0105
0,215,106,0,0,40.0102
0,216,106,0,0,40.01
0,217,106,0,0,40.0098
0,218,106,0,0,40.0096
0,219,106,0,0,40.0094
0,220,106,0,0,40.0092
0,221,106,0,0,40.0091
0,222,106,0,0,40.0089
0,223,106,0,0,40.0087
0,224,106,0,0,40.0086
0,225,106,0,0,40.0084
0,226,106,0,0,40.0083
0,227,106,0,0,40.0081
0,228,106,0,0,40.008
0,229,106,0,0,40.0078
0,230,106,0,0,40.0077
0,231,106,0,0,40.0076
0,232,106,0,0,40.0075
0,233,106,0,0,40.0074
0,234,106,0,0,40.0073
0,235,106,0,0,40.0072
0,236,106,0,0,40.0071
0,237,106,0,0,40.007
0,238,106,0,0,40.0069
0,239,106,0,0,40.0068
0,240,106,0,0,40.0067
0,241,106,0,0,40.0067
0,242,106,0,0,40.0066
0,243,106,0,0,40.0065
0,244,106,0,0,40.0065
0,245,106,0,0,40.0064
0,246,106,0,0,40.0064
0,247,106,0,0,40.0063
0,248,106,0,0,40.0063
0,249,106,0,0,40.0063
0,250,106,0,0,40.0062
0,251,106,0,0,40.0062
0,252,106,0,0,40.0062
0,253,106,0,0,40.0062
0,254,106,0,0,40.0061
0,255,106,0,0,40.0061
0,0,107,0,6.09525e-06,40.1448
0,1,107,0,0,40.1443
0,2,107,0,0,40.1438
0,3,107,0,0,40.1433
0,4,107,0,0,40.1427
0,5,107,0,0,40.1422
0,6,107,0,0,40.1417
0,7,107,0,0,40.1411
0,8,107,0,0,40.1405
0,9,107,0,0,40.14
0,10,107,0,0,40.1394
0,11,107,0,0,40.1388
0,12,107,0,0,40.1382
0,13,107,0,0,40.1376
0,14,107,0,0,40.137
0,15,107,0,0,40.1363
0,16,107,0,0,40.1357
0,17,107,0,0,40.135
0,18,107,0,0,40.1344
0,19,107,0,0,40.1337
0,20,107,0,0,40.133
0,21,107,0,0,40.1323
0,22,107,0,0,40.1316
0,23,107,0,0,40.1309
0,24,107,0,0,40.1302
0,25,107,0,0,40.1294
0,26,107,0,0,40.1287
0,27,107,0,0,40.1279
0,28,107,0,0,40.1272
0,29,107,0,0,40.1264
0,30,107,0,0,40.1256
0,31,107,0,0,40.1248
0,32,107,0,0,40.124
0,33,107,0,0,40.1232
0,34,107,0,0,40.1224
0,35,107,0,0,40.1215
0,36,107,0,0,40.1207
0,37,107,0,0,40.1199
0,38,107,0,0,40.119
0,39,107,0,0,40.1182
0,40,107,0,0,40.1173
0,41,107,0,0,40.1165
0,42,107,0,0,40.1156
0,43,107,0,0,40.1148
0,44,107,0,0,40.1139
0,45,107,0,0,40.113
0,46,107,0,0,40.1122
0,47,107,0,0,40.1113
0,48,107,0,0,40.1104
0,49,107,0,0,40.1096
0,50,107,0,0,40.1087
0,51,107,0,0,40.1078
0,52,107,0,0,40.107
0,53,107,0,0,40.1061
0,54,107,0,0,40.1052
0,55,107,0,0,40.1044
0,56,107,0,0,40.1035
0,57,107,0,0,40.1027
0,58,107,0,0,40.1019
0,59,107,0,0,40.101
0,60,107,0,0,40.1002
0,61,107,0,0,40.0994
0,62,107,0,0,40.0986
0,63,107,0,0,40.0978
0,64,107,0,6.09525e-06,40.097
0,65,107,0,0,40.0957
0,66,107,0,0,40.0945
0,67,107,0,0,40.0932
0,68,107,0,0,40.092
0,69,107,0,0,40.0907
0,70,107,0,0,40.0895
0,71,107,0,0,40.0883
0,72,107,0,0,40.0871
0,73,107,0,0,40.0859
0,74,107,0,0,40.0848
0,75,107,0,0,40.0836
0,76,107,0,0,40.0825
0,77,107,0,0,40.0813
0,78,107,0,0,40.0802
0,79,107,0,0,40.0791
0,80,107,0,0,40.078
0,81,107,0,0,40.0769
0,82,107,0,0,40.0758
0,83,107,0,0,40.0748
0,84,107,0,0,40.0737
0,85,107,0,0,40.0727
0,86,107,0,0,40.0717
0,87,107,0,0,40.0707
0,88,107,0,0,40.0697
0,89,107,0,0,40.0687
0,90,107,0,0,40.0677
0,91,107,0,0,40.0667
0,92,107,0,0,40.0658
0,93,107,0,0,40.0649
0,94,107,0,0,40.0639
0,95,107,0,0,40.063
0,96,107,0,0,40.0621
0,97,107,0,0,40.0613
0,98,107,0,0,40.0604
0,99,107,0,0,40.0596
0,100,107,0,0,40.0587
0,101,107,0,0,40.0579
0,102,107,0,0,40.0571
0,103,107,0,0,40.0563
0,104,107,0,0,40.0555
0,105,107,0,0,40.0548
0,106,107,0,0,40.054
0,107,107,0,0,40.0533
0,108,107,0,0,40.0526
0,109,107,0,0,40.0519
0,110,107,0,0,40.0512
0,111,107,0,0,40.0505
0,112,107,0,0,40.0499
0,113,107,0,0,40.0492
0,114,107,0,0,40.0486
0,115,107,0,0,40.048
0,116,107,0,0,40.0474
0,117,107,0,0,40.0468
0,118,107,0,0,40.0463
0,119,107,0,0,40.0458
0,120,107,0,0,40.0452
0,121,107,0,0,40.0447
0,122,107,0,0,40.0443
0,123,107,0,0,40.0438
0,124,107,0,0,40.0434
0,125,107,0,0,40.0429
0,126,107,0,0,40.0425
0,127,107,0,0,40.0421
0,128,107,0,6.09525e-06,40.0418
0,129,107,0,0,40.0409
0,130,107,0,0,40.0401
0,131,107,0,0,40.0393
0,132,107,0,0,40.0385
0,133,107,0,0,40.0378
0,134,107,0,0,40.037
0,135,107,0,0,40.0363
0,136,107,0,0,40.0356
0,137,107,0,0,40.0349
0,138,107,0,0,40.0342
0,139,107,0,0,40.0335
0,140,107,0,0,40.0329
0,141,107,0,0,40.0323
0,142,107,0,0,40.0316
0,143,107,0,0,40.031
0,144,107,0,0,40.0305
0,145,107,0,0,40.0299
0,146,107,0,0,40.0293
0,147,107,0,0,40.0288
0,148,107,0,0,40.0283
0,149,107,0,0,40.0278
0,150,107,0,0,40.0273
0,151,107,0,0,40.0268
0,152,107,0,0,40.0263
0,153,107,0,0,40.0259
0,154,107,0,0,40.0254
0,155,107,0,0,40.025
0,156,107,0,0,40.0246
0,157,107,0,0,40.0242
0,158,107,0,0,40.0238
0,159,107,0,0,40.0234
0,160,107,0,0,40.023
0,161,107,0,0,40.0227
0,162,107,0,0,40.0223
0,163,107,0,0,40.022
0,164,107,0,0,40.0217
0,165,107,0,0,40.0214
0,166,107,0,0,40.0211
0,167,107,0,0,40.0208
0,168,107,0,0,40.0205
0,169,107,0,0,40.0203
0,170,107,0,0,40.02
0,171,107,0,0,40.0198
0,172,107,0,0,40.0195
0,173,107,0,0,40.0193
0,174,107,0,0,40.0191
0,175,107,0,0,40.0189
0,176,107,0,0,40.0188
0,177,107,0,0,40.0186
0,178,107,0,0,40.0184
0,179,107,0,0,40.0183
0,180,107,0,0,40.0182
0,181,107,0,0,40.0181
0,182,107,0,0,40.018
0,183,107,0,0,40.0179
0,184,107,0,0,40.0178
0,185,107,0,0,40.0177
0,186,107,0,0,40.0177
0,187,107,0,0,40.0176
0,188,107,0,0,40.0176
0,189,107,0,0,40.0176
0,190,107,0,0,40.0176
0,191,107,0,0,40.0176
0,192,107,0,6.09525e-06,40.0176
0,193,107,0,0,40.0172
0,194,107,0,0,40.0168
0,195,107,0,0,40.0163
0,196,107,0,0,40.0159
0,197,107,0,0,40.0155
0,198,107,0,0,40.0151
0,199,107,0,0,40.0148
0,200,107,0,0,40.0144
0,201,107,0,0,40.014
0,202,107,0,0,40.0137
0,203,107,0,0,40.0134
0,204,107,0,0,40.0131
0,205,107,0,0,40.0128
0,206,107,0,0,40.0125
0,207,107,0,0,40.0122
0,208,107,0,0,40.0119
0,209,107,0,0,40.0116
0,210,107,0,0,40.0114
0,211,107,0,0,40.0111
0,212,107,0,0,40.0109
0,213,107,0,0,40.0106
0,214,107,0,0,40.0104
0,215,107,0,0,40.0102
0,216,107,0,0,40.01
0,217,107,0,0,40.0098
0,218,107,0,0,40.0096
0,219,107,0,0,40.0094
0,220,107,0,0,40.0092
0,221,107,0,0,40.009
0,222,107,0,0,40.0088
0,223,107,0,0,40.0087
0,224,107,0,0,40.0085
0,225,107,0,0,40.0083
0,226,107,0,0,40.0082
0,227,107,0,0,40.0081
0,228,107,0,0,40.0079
0,229,107,0,0,40.0078
0,230,107,0,0,40.0077
0,231,107,0,0,40.0075
0,232,107,0,0,40.0074
0,233,107,0,0,40.0073
0,234,107,0,0,40.0072
0,235,107,0,0,40.0071
0,236,107,0,0,40.007
0,237,107,0,0,40.0069
0,238,107,0,0,40.0068
0,239,107,0,0,40.0068
0,240,107,0,0,40.0067
0,241,107,0,0,40.0066
0,242,107,0,0,40.0065
0,243,107,0,0,40.0065
0,244,107,0,0,40.0064
0,245,107,0,0,40.0064
0,246,107,0,0,40.0063
0,247,107,0,0,40.0063
0,248,107,0,0,40.0062
0,249,107,0,0,40.0062
0,250,107,0,0,40.0062
0,251,107,0,0,40.0062
0,252,107,0,0,40.0061
0,253,107,0,0,40.0061
0,254,107,0,0,40.0061
0,255,107,0,0,40.0061
0,0,108,0,6.09525e-06,40.1404
0,1,108,0,0,40.1399
0,2,108,0,0,40.1394
0,3,108,0,0,40.1389
0,4,108,0,0,40.1383
0,5,108,0,0,40.1378
0,6,108,0,0,40.1373
0,7,108,0,0,40.1367
0,8,108,0,0,40.1362
0,9,108,0,0,40.1356
0,10,108,0,0,40.1351
0,11,108,0,0,40.1345
0,12,108,0,0,40.1339
0,13,108,0,0,40.1333
0,14,108,0,0,40.1327
0,15,108,0,0,40.1321
0,16,108,0,0,40.1315
0,17,108,0,0,40.1308
0,18,108,0,0,40.1302
0,19,108,0,0,40.1295
0,20,108,0,0,40.1289
0,21,108,0,0,40.1282
0,22,108,0,0,40.1275
0,23,108,0,0,40.1268
0,24,108,0,0,40.1261
0,25,108,0,0,40.1254
0,26,108,0,0,40.1247
0,27,108,0,0,40.124
0,28,108,0,0,40.1232
0,29,108,0,0,40.1225
0,30,108,0,0,40.1217
0,31,108,0,0,40.121
0,32,108,0,0,40.1202
0,33,108,0,0,40.1194
0,34,108,0,0,40.1186
0,35,108,0,0,40.1178
0,36,108,0,0,40.117
0,37,108,0,0,40.1162
0,38,108,0,0,40.1154
0,39,108,0,0,40.1146
0,40,108,0,0,40.1138
0,41,108,0,0,40.113
0,42,108,0,0,40.1122
0,43,108,0,0,40.1113
0,44,108,0,0,40.1105
0,45,108,0,0,40.1097
0,46,108,0,0,40.1089
0,47,108,0,0,40.108
0,48,108,0,0,40.1072
0,49,108,0,0,40.1064
0,50,108,0,0,40.1055
0,51,108,0,0,40.1047
0,52,108,0,0,40.1039
0,53,108,0,0,40.1031
0,54,108,0,0,40.1022
0,55,108,0,0,40.1014
0,56,108,0,0,40.1006
0,57,108,0,0,40.0998
0,58,108,0,0,40.099
0,59,108,0,0,40.0982
0,60,108,0,0,40.0974
0,61,108,0,0,40.0967
0,62,108,0,0,40.0959
0,63,108,0,0,40.0951
0,64,108,0,6.09525e-06,40.0944
0,65,108,0,0,40.0932
0,66,108,0,0,40.0919
0,67,108,0,0,40.0907
0,68,108,0,0,40.0895
0,69,108,0,0,40.0883
0,70,108,0,0,40.0872
0,71,108,0,0,40.086
0,72,108,0,0,40.0848
0,73,108,0,0,40.0837
0,74,108,0,0,40.0826
0,75,108,0,0,40.0815
0,76,108,0,0,40.0803
0,77,108,0,0,40.0792
0,78,108,0,0,40.0782
0,79,108,0,0,40.0771
0,80,108,0,0,40.076
0,81,108,0,0,40.075
0,82,108,0,0,40.0739
0,83,108,0,0,40.0729
0,84,108,0,0,40.0719
0,85,108,0,0,40.0709
0,86,108,0,0,40.0699
0,87,108,0,0,40.0689
0,88,108,0,0,40.068
0,89,108,0,0,40.067
0,90,108,0,0,40.0661
0,91,108,0,0,40.0651
0,92,108,0,0,40.0642
0,93,108,0,0,40.0633
0,94,108,0,0,40.0624
0,95,108,0,0,40.0616
0,96,108,0,0,40.0607
0,97,108,0,0,40.0598
0,98,108,0,0,40.059
0,99,108,0,0,40.0582
0,100,108,0,0,40.0574
0,101,108,0,0,40.0566
0,102,108,0,0,40.0558
0,103,108,0,0,40.055
0,104,108,0,0,40.0543
0,105,108,0,0,40.0536
0,106,108,0,0,40.0528
0,107,108,0,0,40.0521
0,108,108,0,0,40.0514
0,109,108,0,0,40.0508
0,110,108,0,0,40.0501
0,111,108,0,0,40.0495
0,112,108,0,0,40.0488
0,113,108,0,0,40.0482
0,114,108,0,0,40.0476
0,115,108,0,0,40.047
0,116,108,0,0,40.0465
0,117,108,0,0,40.0459
0,118,108,0,0,40.0454
0,119,108,0,0,40.0449
0,120,108,0,0,40.0444
0,121,108,0,0,40.0439
0,122,108,0,0,40.0434
0,123,108,0,0,40.043
0,124,108,0,0,40.0426
0,125,108,0,0,40.0422
0,126,108,0,0,40.0418
0,127,108,0,0,40.0414
0,128,108,0,6.09525e-06,40.0411
0,129,108,0,0,40.0402
0,130,108,0,0,40.0394
0,131,108,0,0,40.0386
0,132,108,0,0,40.0379
0,133,108,0,0,40.0371
0,134,108,0,0,40.0364
0,135,108,0,0,40.0357
0,136,108,0,0,40.035
0,137,108,0,0,40.0343
0,138,108,0,0,40.0336
0,139,108,0,0,40.033
0,140,108,0,0,40.0324
0,141,108,0,0,40.0317
0,142,108,0,0,40.0311
0,143,108,0,0,40.0306
0,144,108,0,0,40.03
0,145,108,0,0,40.0294
0,146,108,0,0,40.0289
0,147,108,0,0,40.0284
0,148,108,0,0,40.0278
0,149,108,0,0,40.0273
0,150,108,0,0,40.0269
0,151,108,0,0,40.0264
0,152,108,0,0,40.0259
0,153,108,0,0,40.0255
0,154,108,0,0,40.025
0,155,108,0,0,40.0246
0,156,108,0,0,40.0242
0,157,108,0,0,40.0238
0,158,108,0,0,40.0234
0,159,108,0,0,40.0231
0,160,108,0,0,40.0227
0,161,108,0,0,40.0224
0,162,108,0,0,40.022
0,163,108,0,0,40.0217
0,164,108,0,0,40.0214
0,165,108,0,0,40.0211
0,166,108,0,0,40.0208
0,167,108,0,0,40.0205
0,168,108,0,0,40.0203
0,169,108,0,0,40.02
0,170,108,0,0,40.0198
0,171,108,0,0,40.0195
0,172,108,0,0,40.0193
0,173,108,0,0,40.0191
0,174,108,0,0,40.0189
0,175,108,0,0,40.0187
0,176,108,0,0,40.0186
0,177,108,0,0,40.0184
0,178,108,0,0,40.0183
0,179,108,0,0,40.0181
0,180,108,0,0,40.018
0,181,108,0,0,40.0179
0,182,108,0,0,40.0178
0,183,108,0,0,40.0177
0,184,108,0,0,40.0176
0,185,108,0,0,40.0176
0,186,108,0,0,40.0175
0,187,108,0,0,40.0175
0,188,108,0,0,40.0175
0,189,108,0,0,40.0174
0,190,108,0,0,40.0175
0,191,108,0,0,40.0175
0,192,108,0,6.09525e-06,40.0175
0,193,108,0,0,40.0171
0,194,108,0,0,40.0166
0,195,108,0,0,40.0162
0,196,108,0,0,40.0158
0,197,108,0,0,40.0154
0,198,108,0,0,40.015
0,199,108,0,0,40.0146
0,200,108,0,0,40.0143
0,201,108,0,0,40.0139
0,202,108,0,0,40.0136
0,203,108,0,0,40.0133
0,204,108,0,0,40.013
0,205,108,0,0,40.0127
0,206,108,0,0,40.0124
0,207,108,0,0,40.0121
0,208,108,0,0,40.0118
0,209,108,0,0,40.0115
0,210,108,0,0,40.0113
0,211,108,0,0,40.011
0,212,108,0,0,40.0108
0,213,108,0,0,40.0105
0,214,108,0,0,40.0103
0,215,108,0,0,40.0101
0,216,108,0,0,40.0099
0,217,108,0,0,40.0097
0,218,108,0,0,40.0095
0,219,108,0,0,40.0093
0,220,108,0,0,40.0091
0,221,108,0,0,40.0089
0,222,108,0,0,40.0088
0,223,108,0,0,40.0086
0,224,108,0,0,40.0084
0,225,108,0,0,40.0083
0,226,108,0,0,40.0081
0,227,108,0,0,40.008
0,228,108,0,0,40.0079
0,229,108,0,0,40.0077
0,230,108,0,0,40.0076
0,231,108,0,0,40.0075
0,232,108,0,0,40.0074
0,233,108,0,0,40.0073
0,234,108,0,0,40.0072
0,235,108,0,0,40.0071
0,236,108,0,0,40.007
0,237,108,0,0,40.0069
0,238,108,0,0,40.0068
0,239,108,0,0,40.0067
0,240,108,0,0,40.0066
0,241,108,0,0,40.0066
0,242,108,0,0,40.0065
0,243,108,0,0,40.0064
0,244,108,0,0,40.0064
0,245,108,0,0,40.0063
0,246,108,0,0,40.0063
0,247,108,0,0,40.0062
0,248,108,0,0,40.0062
0,249,108,0,0,40.0062
0,250,108,0,0,40.0061
0,251,108,0,0,40.0061
0,252,108,0,0,40.0061
0,253,108,0,0,40.0061
0,254,108,0,0,40.0061
0,255,108,0,0,40.0061
0,0,109,0,6.09525e-06,40.1363
0,1,109,0,0,40.1358
0,2,109,0,0,40.1353
0,3,109,0,0,40.1348
0,4,109,0,0,40.1342
0,5,109,0,0,40.1337
0,6,109,0,0,40.1332
0,7,109,0,0,40.1326
0,8,109,0,0,40.1321
0,9,109,0,0,40.1316
0,10,109,0,0,40.131
0,11,109,0,0,40.1304
0,12,109,0,0,40.1299
0,13,109,0,0,40.1293
0,14,109,0,0,40.1287
0,15,109,0,0,40.1281
0,16,109,0,0,40.1275
0,17,109,0,0,40.1269
0,18,109,0,0,40.1263
0,19,109,0,0,40.1256
0,20,109,0,0,40.125
0,21,109,0,0,40.1243
0,22,109,0,0,40.1237
0,23,109,0,0,40.123
0,24,109,0,0,40.1223
0,25,109,0,0,40.1216
0,26,109,0,0,40.1209
0,27,109,0,0,40.1202
0,28,109,0,0,40.1195
0,29,109,0,0,40.1188
0,30,109,0,0,40.1181
0,31,109,0,0,40.1174
0,32,109,0,0,40.1166
0,33,109,0,0,40.1159
0,34,109,0,0,40.1151
0,35,109,0,0,40.1144
0,36,109,0,0,40.1136
0,37,109,0,0,40.1128
0,38,109,0,0,40.112
0,39,109,0,0,40.1113
0,40,109,0,0,40.1105
0,41,109,0,0,40.1097
0,42,109,0,0,40.1089
0,43,109,0,0,40.1081
0,44,109,0,0,40.1073
0,45,109,0,0,40.1065
0,46,109,0,0,40.1057
0,47,109,0,0,40.105
0,48,109,0,0,40.1042
0,49,109,0,0,40.1034
0,50,109,0,0,40.1026
0,51,109,0,0,40.1018
0,52,109,0,0,40.101
0,53,109,0,0,40.1002
0,54,109,0,0,40.0994
0,55,109,0,0,40.0986
0,56,109,0,0,40.0979
0,57,109,0,0,40.0971
0,58,109,0,0,40.0963
0,59,109,0,0,40.0956
0,60,109,0,0,40.0948
0,61,109,0,0,40.0941
0,62,109,0,0,40.0934
0,63,109,0,0,40.0927
0,64,109,0,6.09525e-06,40.092
0,65,109,0,0,40.0908
0,66,109,0,0,40.0896
0,67,109,0,0,40.0884
0,68,109,0,0,40.0872
0,69,109,0,0,40.0861
0,70,109,0,0,40.0849
0,71,109,0,0,40.0838
0,72,109,0,0,40.0827
0,73,109,0,0,40.0816
0,74,109,0,0,40.0805
0,75,109,0,0,40.0794
0,76,109,0,0,40.0783
0,77,109,0,0,40.0773
0,78,109,0,0,40.0762
0,79,109,0,0,40.0752
0,80,109,0,0,40.0742
0,81,109,0,0,40.0731
0,82,109,0,0,40.0721
0,83,109,0,0,40.0711
0,84,109,0,0,40.0702
0,85,109,0,0,40.0692
0,86,109,0,0,40.0682
0,87,109,0,0,40.0673
0,88,109,0,0,40.0663
0,89,109,0,0,40.0654
0,90,109,0,0,40.0645
0,91,109,0,0,40.0636
0,92,109,0,0,40.0627
0,93,109,0,0,40.0619
0,94,109,0,0,40.061
0,95,109,0,0,40.0602
0,96,109,0,0,40.0593
0,97,109,0,0,40.0585
0,98,109,0,0,40.0577
0,99,109,0,0,40.0569
0,100,109,0,0,40.0561
0,101,109,0,0,40.0554
0,102,109,0,0,40.0546
0,103,109,0,0,40.0539
0,104,109,0,0,40.0531
0,105,109,0,0,40.0524
0,106,109,0,0,40.0517
0,107,109,0,0,40.051
0,108,109,0,0,40.0504
0,109,109,0,0,40.0497
0,110,109,0,0,40.0491
0,111,109,0,0,40.0485
0,112,109,0,0,40.0479
0,113,109,0,0,40.0473
0,114,109,0,0,40.0467
0,115,109,0,0,40.0461
0,116,109,0,0,40.0456
0,117,109,0,0,40.0451
0,118,109,0,0,40.0445
0,119,109,0,0,40.0441
0,120,109,0,0,40.0436
0,121,109,0,0,40.0431
0,122,109,0,0,40.0427
0,123,109,0,0,40.0422
0,124,109,0,0,40.0418
0,125,109,0,0,40.0414
0,126,109,0,0,40.0411
0,127,109,0,0,40.0407
0,128,109,0,6.09525e-06,40.0404
0,129,109,0,0,40.0396
0,130,109,0,0,40.0388
0,131,109,0,0,40.038
0,132,109,0,0,40.0373
0,133,109,0,0,40.0365
0,134,109,0,0,40.0358
0,135,109,0,0,40.0351
0,136,109,0,0,40.0344
0,137,109,0,0,40.0338
0,138,109,0,0,40.0331
0,139,109,0,0,40.0325
0,140,109,0,0,40.0319
0,141,109,0,0,40.0313
0,142,109,0,0,40.0307
0,143,109,0,0,40.0301
0,144,109,0,0,40.0295
0,145,109,0,0,40.029
0,146,109,0,0,40.0285
0,147,109,0,0,40.0279
0,148,109,0,0,40.0274
0,149,109,0,0,40.0269
0,150,109,0,0,40.0265
0,151,109,0,0,40.026
0,152,109,0,0,40.0256
0,153,109,0,0,40.0251
0,154,109,0,0,40.0247
0,155,109,0,0,40.0243
0,156,109,0,0,40.0239
0,157,109,0,0,40.0235
0,158,109,0,0,40.0231
0,159,109,0,0,40.0228
0,160,109,0,0,40.0224
0,161,109,0,0,40.0221
0,162,109,0,0,40.0217
0,163,109,0,0,40.0214
0,164,109,0,0,40.0211
0,165,109,0,0,40.0208
0,166,109,0,0,40.0205
0,167,109,0,0,40.0203
0,168,109,0,0,40.02
0,169,109,0,0,40.0198
0,170,109,0,0,40.0195
0,171,109,0,0,40.0193
0,172,109,0,0,40.0191
0,173,109,0,0,40.0189
0,174,109,0,0,40.0187
0,175,109,0,0,40.0185
0,176,109,0,0,40.0184
0,177,109,0,0,40.0182
0,178,109,0,0,40.0181
0,179,109,0,0,40.0179
0,180,109,0,0,40.0178
0,181,109,0,0,40.0177
0,182,109,0,0,40.0176
0,183,109,0,0,40.0175
0,184,109,0,0,40.0175
0,185,109,0,0,40.0174
0,186,109,0,0,40.0174
0,187,109,0,0,40.0173
0,188,109,0,0,40.0173
0,189,109,0,0,40.0173
0,190,109,0,0,40.0173
0,191,109,0,0,40.0173
0,192,109,0,6.09525e-06,40.0174
0,193,109,0,0,40.0169
0,194,109,0,0,40.0165
0,195,109,0,0,40.0161
0,196,109,0,0,40.0157
0,197,109,0,0,40.0153
0,198,109,0,0,40.0149
0,199,109,0,0,40.0145
0,200,109,0,0,40.0142
0,201,109,0,0,40.0138
0,202,109,0,0,40.0135
0,203,109,0,0,40.0132
0,204,109,0,0,40.0129
0,205,109,0,0,40.0126
0,206,109,0,0,40.0123
0,207,109,0,0,40.012
0,208,109,0,0,40.0117
0,209,109,0,0,40.0115
0,210,109,0,0,40.0112
0,211,109,0,0,40.0109
0,212,109,0,0,40.0107
0,213,109,0,0,40.0105
0,214,109,0,0,40.0103
0,215,109,0,0,40.01
0,216,109,0,0,40.0098
0,217,109,0,0,40.0096
0,218,109,0,0,40.0094
0,219,109,0,0,40.0092
0,220,109,0,0,40.0091
0,221,109,0,0,40.0089
0,222,109,0,0,40.0087
0,223,109,0,0,40.0085
0,224,109,0,0,40.0084
0,225,109,0,0,40.0082
0,226,109,0,0,40.0081
0,227,109,0,0,40.0079
0,228,109,0,0,40.0078
0,229,109,0,0,40.0077
0,230,109,0,0,40.0076
0,231,109,0,0,40.0074
0,232,109,0,0,40.0073
0,233,109,0,0,40.0072
0,234,109,0,0,40.0071
0,235,109,0,0,40.007
0,236,109,0,0,40.0069
0,237,109,0,0,40.0068
0,238,109,0,0,40.0068
0,239,109,0,0,40.0067
0,240,109,0,0,40.0066
0,241,109,0,0,40.0065
0,242,109,0,0,40.0065
0,243,109,0,0,40.0064
0,244,109,0,0,40.0064
0,245,109,0,0,40.0063
0,246,109,0,0,40.0063
0,247,109,0,0,40.0062
0,248,109,0,0,40.0062
0,249,109,0,0,40.0061
0,250,109,0,0,40.0061
0,251,109,0,0,40.0061
0,252,109,0,0,40.0061
0,253,109,0,0,40.006
0,254,109,0,0,40.006
0,255,109,0,0,40.006
0,0,110,0,6.09525e-06,40.1324
0,1,110,0,0,40.1319
0,2,110,0,0,40.1314
0,3,110,0,0,40.1309
0,4,110,0,0,40.1304
0,5,110,0,0,40.1299
0,6,110,0,0,40.1293
0,7,110,0,0,40.1288
0,8,110,0,0,40.1283
0,9,110,0,0,40.1277
0,10,110,0,0,40.1272
0,11,110,0,0,40.1266
0,12,110,0,0,40.1261
0,13,110,0,0,40.1255
0,14,110,0,0,40.125
0,15,110,0,0,40.1244
0,16,110,0,0,40.1238
0,17,110,0,0,40.1232
0,18,110,0,0,40.1226
0,19,110,0,0,40.122
0,20,110,0,0,40.1213
0,21,110,0,0,40.1207
0,22,110,0,0,40.1201
0,23,110,0,0,40.1194
0,24,110,0,0,40.1188
0,25,110,0,0,40.1181
0,26,110,0,0,40.1174
0,27,110,0,0,40.1168
0,28,110,0,0,40.1161
0,29,110,0,0,40.1154
0,30,110,0,0,40.1147
0,31,110,0,0,40.114
0,32,110,0,0,40.1133
0,33,110,0,0,40.1125
0,34,110,0,0,40.1118
0,35,110,0,0,40.1111
0,36,110,0,0,40.1104
0,37,110,0,0,40.1096
0,38,110,0,0,40.1089
0,39,110,0,0,40.1081
0,40,110,0,0,40.1074
0,41,110,0,0,40.1066
0,42,110,0,0,40.1059
0,43,110,0,0,40.1051
0,44,110,0,0,40.1043
0,45,110,0,0,40.1036
0,46,110,0,0,40.1028
0,47,110,0,0,40.1021
0,48,110,0,0,40.1013
0,49,110,0,0,40.1005
0,50,110,0,0,40.0998
0,51,110,0,0,40.099
0,52,110,0,0,40.0983
0,53,110,0,0,40.0975
0,54,110,0,0,40.0968
0,55,110,0,0,40.096
0,56,110,0,0,40.0953
0,57,110,0,0,40.0946
0,58,110,0,0,40.0938
0,59,110,0,0,40.0931
0,60,110,0,0,40.0924
0,61,110,0,0,40.0917
0,62,110,0,0,40.091
0,63,110,0,0,40.0903
0,64,110,0,6.09525e-06,40.0897
0,65,110,0,0,40.0885
0,66,110,0,0,40.0873
0,67,110,0,0,40.0862
0,68,110,0,0,40.0851
0,69,110,0,0,40.084
0,70,110,0,0,40.0828
0,71,110,0,0,40.0818
0,72,110,0,0,40.0807
0,73,110,0,0,40.0796
0,74,110,0,0,40.0785
0,75,110,0,0,40.0775
0,76,110,0,0,40.0764
0,77,110,0,0,40.0754
0,78,110,0,0,40.0744
0,79,110,0,0,40.0734
0,80,110,0,0,40.0724
0,81,110,0,0,40.0714
0,82,110,0,0,40.0704
0,83,110,0,0,40.0695
0,84,110,0,0,40.0685
0,85,110,0,0,40.0676
0,86,110,0,0,40.0666
0,87,110,0,0,40.0657
0,88,110,0,0,40.0648
0,89,110,0,0,40.0639
0,90,110,0,0,40.0631
0,91,110,0,0,40.0622
0,92,110,0,0,40.0613
0,93,110,0,0,40.0605
0,94,110,0,0,40.0597
0,95,110,0,0,40.0588
0,96,110,0,0,40.058
0,97,110,0,0,40.0572
0,98,110,0,0,40.0564
0,99,110,0,0,40.0557
0,100,110,0,0,40.0549
0,101,110,0,0,40.0542
0,102,110,0,0,40.0535
0,103,110,0,0,40.0527
0,104,110,0,0,40.052
0,105,110,0,0,40.0514
0,106,110,0,0,40.0507
0,107,110,0,0,40.05
0,108,110,0,0,40.0494
0,109,110,0,0,40.0487
0,110,110,0,0,40.0481
0,111,110,0,0,40.0475
0,112,110,0,0,40.0469
0,113,110,0,0,40.0464
0,114,110,0,0,40.0458
0,115,110,0,0,40.0453
0,116,110,0,0,40.0447
0,117,110,0,0,40.0442
0,118,110,0,0,40.0437
0,119,110,0,0,40.0433
0,120,110,0,0,40.0428
0,121,110,0,0,40.0424
0,122,110,0,0,40.0419
0,123,110,0,0,40.0415
0,124,110,0,0,40.0411
0,125,110,0,0,40.0408
0,126,110,0,0,40.0404
0,127,110,0,0,40.0401
0,128,110,0,6.09525e-06,40.0398
0,129,110,0,0,40.039
0,130,110,0,0,40.0382
0,131,110,0,0,40.0374
0,132,110,0,0,40.0367
0,133,110,0,0,40.036
0,134,110,0,0,40.0353
0,135,110,0,0,40.0346
0,136,110,0,0,40.0339
0,137,110,0,0,40.0332
0,138,110,0,0,40.0326
0,139,110,0,0,40.032
0,140,110,0,0,40.0314
0,141,110,0,0,40.0308
0,142,110,0,0,40.0302
0,143,110,0,0,40.0296
0,144,110,0,0,40.0291
0,145,110,0,0,40.0286
0,146,110,0,0,40.028
0,147,110,0,0,40.0275
0,148,110,0,0,40.027
0,149,110,0,0,40.0266
0,150,110,0,0,40.0261
0,151,110,0,0,40.0256
0,152,110,0,0,40.0252
0,153,110,0,0,40.0248
0,154,110,0,0,40.0244
0,155,110,0,0,40.024
0,156,110,0,0,40.0236
0,157,110,0,0,40.0232
0,158,110,0,0,40.0228
0,159,110,0,0,40.0225
0,160,110,0,0,40.0221
0,161,110,0,0,40.0218
0,162,110,0,0,40.0215
0,163,110,0,0,40.0212
0,164,110,0,0,40.0209
0,165,110,0,0,40.0206
0,166,110,0,0,40.0203
0,167,110,0,0,40.02
0,168,110,0,0,40.0198
0,169,110,0,0,40.0195
0,170,110,0,0,40.0193
0,171,110,0,0,40.0191
0,172,110,0,0,40.0189
0,173,110,0,0,40.0187
0,174,110,0,0,40.0185
0,175,110,0,0,40.0183
0,176,110,0,0,40.0182
0,177,110,0,0,40.018
0,178,110,0,0,40.0179
0,179,110,0,0,40.0178
0,180,110,0,0,40.0177
0,181,110,0,0,40.0175
0,182,110,0,0,40.0175
0,183,110,0,0,40.0174
0,184,110,0,0,40.0173
0,185,110,0,0,40.0173
0,186,110,0,0,40.0172
0,187,110,0,0,40.0172
0,188,110,0,0,40.0172
0,189,110,0,0,40.0172
0,190,110,0,0,40.0172
0,191,110,0,0,40.0172
0,192,110,0,6.09525e-06,40.0173
0,193,110,0,0,40.0168
0,194,110,0,0,40.0164
0,195,110,0,0,40.016
0,196,110,0,0,40.0156
0,197,110,0,0,40.0152
0,198,110,0,0,40.0148
0,199,110,0,0,40.0144
0,200,110,0,0,40.0141
0,201,110,0,0,40.0137
0,202,110,0,0,40.0134
0,203,110,0,0,40.0131
0,204,110,0,0,40.0128
0,205,110,0,0,40.0125
0,206,110,0,0,40.0122
0,207,110,0,0,40.0119
0,208,110,0,0,40.0116
0,209,110,0,0,40.0114
0,210,110,0,0,40.0111
0,211,110,0,0,40.0109
0,212,110,0,0,40.0106
0,213,110,0,0,40.0104
0,214,110,0,0,40.0102
0,215,110,0,0,40.01
0,216,110,0,0,40.0098
0,217,110,0,0,40.0096
0,218,110,0,0,40.0094
0,219,110,0,0,40.0092
0,220,110,0,0,40.009
0,221,110,0,0,40.0088
0,222,110,0,0,40.0087
0,223,110,0,0,40.0085
0,224,110,0,0,40.0083
0,225,110,0,0,40.0082
0,226,110,0,0,40.008
0,227,110,0,0,40.0079
0,228,110,0,0,40.0078
0,229,110,0,0,40.0076
0,230,110,0,0,40.0075
0,231,110,0,0,40.0074
0,232,110,0,0,40.0073
0,233,110,0,0,40.0072
0,234,110,0,0,40.0071
0,235,110,0,0,40.007
0,236,110,0,0,40.0069
0,237,110,0,0,40.0068
0,238,110,0,0,40.0067
0,239,110,0,0,40.0066
0,240,110,0,0,40.0066
0,241,110,0,0,40.0065
0,242,110,0,0,40.0064
0,243,110,0,0,40.0064
0,244,110,0,0,40.0063
0,245,110,0,0,40.0063
0,246,110,0,0,40.0062
0,247,110,0,0,40.0062
0,248,110,0,0,40.0061
0,249,110,0,0,40.0061
0,250,110,0,0,40.0061
0,251,110,0,0,40.0061
0,252,110,0,0,40.006
0,253,110,0,0,40.006
0,254,110,0,0,40.006
0,255,110,0,0,40.006
0,0,111,0,6.09525e-06,40.1288
0,1,111,0,0,40.1283
0,2,111,0,0,40.1278
0,3,111,0,0,40.1273
0,4,111,0,0,40.1268
0,5,111,0,0,40.1263
0,6,111,0,0,40.1257
0,7,111,0,0,40.1252
0,8,111,0,0,40.1247
0,9,111,0,0,40.1242
0,10,111,0,0,40.1236
0,11,111,0,0,40.1231
0,12,111,0,0,40.1226
0,13,111,0,0,40.122
0,14,111,0,0,40.1214
0,15,111,0,0,40.1209
0,16,111,0,0,40.1203
0,17,111,0,0,40.1197
0,18,111,0,0,40.1191
0,19,111,0,0,40.1185
0,20,111,0,0,40.1179
0,21,111,0,0,40.1173
0,22,111,0,0,40.1167
0,23,111,0,0,40.1161
0,24,111,0,0,40.1154
0,25,111,0,0,40.1148
0,26,111,0,0,40.1141
0,27,111,0,0,40.1135
0,28,111,0,0,40.1128
0,29,111,0,0,40.1122
0,30,111,0,0,40.1115
0,31,111,0,0,40.1108
0,32,111,0,0,40.1101
0,33,111,0,0,40.1094
0,34,111,0,0,40.1087
0,35,111,0,0,40.108
0,36,111,0,0,40.1073
0,37,111,0,0,40.1066
0,38,111,0,0,40.1059
0,39,111,0,0,40.1052
0,40,111,0,0,40.1045
0,41,111,0,0,40.1037
0,42,111,0,0,40.103
0,43,111,0,0,40.1023
0,44,111,0,0,40.1016
0,45,111,0,0,40.1008
0,46,111,0,0,40.1001
0,47,111,0,0,40.0994
0,48,111,0,0,40.0986
0,49,111,0,0,40.0979
0,50,111,0,0,40.0972
0,51,111,0,0,40.0964
0,52,111,0,0,40.0957
0,53,111,0,0,40.095
0,54,111,0,0,40.0943
0,55,111,0,0,40.0936
0,56,111,0,0,40.0929
0,57,111,0,0,40.0922
0,58,111,0,0,40.0915
0,59,111,0,0,40.0908
0,60,111,0,0,40.0901
0,61,111,0,0,40.0894
0,62,111,0,0,40.0888
0,63,111,0,0,40.0881
0,64,111,0,6.09525e-06,40.0875
0,65,111,0,0,40.0864
0,66,111,0,0,40.0852
0,67,111,0,0,40.0841
0,68,111,0,0,40.083
0,69,111,0,0,40.082
0,70,111,0,0,40.0809
0,71,111,0,0,40.0798
0,72,111,0,0,40.0788
0,73,111,0,0,40.0777
0,74,111,0,0,40.0767
0,75,111,0,0,40.0757
0,76,111,0,0,40.0747
0,77,111,0,0,40.0737
0,78,111,0,0,40.0727
0,79,111,0,0,40.0717
0,80,111,0,0,40.0707
0,81,111,0,0,40.0698
0,82,111,0,0,40.0688
0,83,111,0,0,40.0679
0,84,111,0,0,40.067
0,85,111,0,0,40.0661
0,86,111,0,0,40.0652
0,87,111,0,0,40.0643
0,88,111,0,0,40.0634
0,89,111,0,0,40.0625
0,90,111,0,0,40.0617
0,91,111,0,0,40.0608
0,92,111,0,0,40.06
0,93,111,0,0,40.0592
0,94,111,0,0,40.0584
0,95,111,0,0,40.0576
0,96,111,0,0,40.0568
0,97,111,0,0,40.056
0,98,111,0,0,40.0553
0,99,111,0,0,40.0545
0,100,111,0,0,40.0538
0,101,111,0,0,40.0531
0,102,111,0,0,40.0524
0,103,111,0,0,40.0517
0,104,111,0,0,40.051
0,105,111,0,0,40.0503
0,106,111,0,0,40.0497
0,107,111,0,0,40.0491
0,108,111,0,0,40.0484
0,109,111,0,0,40.0478
0,110,111,0,0,40.0472
0,111,111,0,0,40.0466
0,112,111,0,0,40.0461
0,113,111,0,0,40.0455
0,114,111,0,0,40.045
0,115,111,0,0,40.0445
0,116,111,0,0,40.0439
0,117,111,0,0,40.0435
0,118,111,0,0,40.043
0,119,111,0,0,40.0425
0,120,111,0,0,40.0421
0,121,111,0,0,40.0417
0,122,111,0,0,40.0412
0,123,111,0,0,40.0408
0,124,111,0,0,40.0405
0,125,111,0,0,40.0401
0,126,111,0,0,40.0398
0,127,111,0,0,40.0395
0,128,111,0,6.09525e-06,40.0392
0,129,111,0,0,40.0384
0,130,111,0,0,40.0376
0,131,111,0,0,40.0369
0,132,111,0,0,40.0361
0,133,111,0,0,40.0354
0,134,111,0,0,40.0347
0,135,111,0,0,40.0341
0,136,111,0,0,40.0334
0,137,111,0,0,40.0328
0,138,111,0,0,40.0321
0,139,111,0,0,40.0315
0,140,111,0,0,40.0309
0,141,111,0,0,40.0304
0,142,111,0,0,40.0298
0,143,111,0,0,40.0292
0,144,111,0,0,40.0287
0,145,111,0,0,40.0282
0,146,111,0,0,40.0277
0,147,111,0,0,40.0272
0,148,111,0,0,40.0267
0,149,111,0,0,40.0262
0,150,111,0,0,40.0258
0,151,111,0,0,40.0253
0,152,111,0,0,40.0249
0,153,111,0,0,40.0245
0,154,111,0,0,40.0241
0,155,111,0,0,40.0237
0,156,111,0,0,40.0233
0,157,111,0,0,40.0229
0,158,111,0,0,40.0225
0,159,111,0,0,40.0222
0,160,111,0,0,40.0219
0,161,111,0,0,40.0215
0,162,111,0,0,40.0212
0,163,111,0,0,40.0209
0,164,111,0,0,40.0206
0,165,111,0,0,40.0203
0,166,111,0,0,40.0201
0,167,111,0,0,40.0198
0,168,111,0,0,40.0196
0,169,111,0,0,40.0193
0,170,111,0,0,40.0191
0,171,111,0,0,40.0189
0,172,111,0,0,40.0187
0,173,111,0,0,40.0185
0,174,111,0,0,40.0183
0,175,111,0,0,40.0182
0,176,111,0,0,40.018
0,177,111,0,0,40.0179
0,178,111,0,0,40.0177
0,179,111,0,0,40.0176
0,180,111,0,0,40.0175
0,181,111,0,0,40.0174
0,182,111,0,0,40.0173
0,183,111,0,0,40.0172
0,184,111,0,0,40.0172
0,185,111,0,0,40.0171
0,186,111,0,0,40.0171
0,187,111,0,0,40.0171
0,188,111,0,0,40.017
0,189,111,0,0,40.0171
0,190,111,0,0,40.0171
0,191,111,0,0,40.0171
0,192,111,0,6.09525e-06,40.0171
0,193,111,0,0,40.0167
0,194,111,0,0,40.0163
0,195,111,0,0,40.0159
0,196,111,0,0,40.0155
0,197,111,0,0,40.0151
0,198,111,0,0,40.0147
0,199,111,0,0,40.0143
0,200,111,0,0,40.014
0,201,111,0,0,40.0137
0,202,111,0,0,40.0133
0,203,111,0,0,40.013
0,204,111,0,0,40.0127
0,205,111,0,0,40.0124
0,206,111,0,0,40.0121
0,207,111,0,0,40.0118
0,208,111,0,0,40.0116
0,209,111,0,0,40.0113
0,210,111,0,0,40.0111
0,211,111,0,0,40.0108
0,212,111,0,0,40.0106
0,213,111,0,0,40.0103
0,214,111,0,0,40.0101
0,215,111,0,0,40.0099
0,216,111,0,0,40.0097
0,217,111,0,0,40.0095
0,218,111,0,0,40.0093
0,219,111,0,0,40.0091
0,220,111,0,0,40.0089
0,221,111,0,0,40.0088
0,222,111,0,0,40.0086
0,223,111,0,0,40.0084
0,224,111,0,0,40.0083
0,225,111,0,0,40.0081
0,226,111,0,0,40.008
0,227,111,0,0,40.0079
0,228,111,0,0,40.0077
0,229,111,0,0,40.0076
0,230,111,0,0,40.0075
0,231,111,0,0,40.0074
0,232,111,0,0,40.0072
0,233,111,0,0,40.0071
0,234,111,0,0,40.007
0,235,111,0,0,40.0069
0,236,111,0,0,40.0068
0,237,111,0,0,40.0068
0,238,111,0,0,40.0067
0,239,111,0,0,40.0066
0,240,111,0,0,40.0065
0,241,111,0,0,40.0065
0,242,111,0,0,40.0064
0,243,111,0,0,40.0063
0,244,111,0,0,40.0063
0,245,111,0,0,40.0062
0,246,111,0,0,40.0062
0,247,111,0,0,40.0061
0,248,111,0,0,40.0061
0,249,111,0,0,40.0061
0,250,111,0,0,40.006
0,251,111,0,0,40.006
0,252,111,0,0,40.006
0,253,111,0,0,40.006
0,254,111,0,0,40.006
0,255,111,0,0,40.006
0,0,112,0,6.09525e-06,40.1254
0,1,112,0,0,40.1249
0,2,112,0,0,40.1244
0,3,112,0,0,40.1239
0,4,112,0,0,40.1234
0,5,112,0,0,40.1229
0,6,112,0,0,40.1224
0,7,112,0,0,40.1219
0,8,112,0,0,40.1214
0,9,112,0,0,40.1209
0,10,112,0,0,40.1203
0,11,112,0,0,40.1198
0,12,112,0,0,40.1193
0,13,112,0,0,40.1187
0,14,112,0,0,40.1182
0,15,112,0,0,40.1176
0,16,112,0,0,40.1171
0,17,112,0,0,40.1165
0,18,112,0,0,40.1159
0,19,112,0,0,40.1153
0,20,112,0,0,40.1147
0,21,112,0,0,40.1142
0,22,112,0,0,40.1136
0,23,112,0,0,40.1129
0,24,112,0,0,40.1123
0,25,112,0,0,40.1117
0,26,112,0,0,40.1111
0,27,112,0,0,40.1104
0,28,112,0,0,40.1098
0,29,112,0,0,40.1092
0,30,112,0,0,40.1085
0,31,112,0,0,40.1079
0,32,112,0,0,40.1072
0,33,112,0,0,40.1065
0,34,112,0,0,40.1059
0,35,112,0,0,40.1052
0,36,112,0,0,40.1045
0,37,112,0,0,40.1038
0,38,112,0,0,40.1031
0,39,112,0,0,40.1024
0,40,112,0,0,40.1017
0,41,112,0,0,40.101
0,42,112,0,0,40.1003
0,43,112,0,0,40.0996
0,44,112,0,0,40.0989
0,45,112,0,0,40.0982
0,46,112,0,0,40.0975
0,47,112,0,0,40.0968
0,48,112,0,0,40.0961
0,49,112,0,0,40.0954
0,50,112,0,0,40.0947
0,51,112,0,0,40.094
0,52,112,0,0,40.0933
0,53,112,0,0,40.0927
0,54,112,0,0,40.092
0,55,112,0,0,40.0913
0,56,112,0,0,40.0906
0,57,112,0,0,40.0899
0,58,112,0,0,40.0893
0,59,112,0,0,40.0886
0,60,112,0,0,40.088
0,61,112,0,0,40.0873
0,62,112,0,0,40.0867
0,63,112,0,0,40.0861
0,64,112,0,6.09525e-06,40.0855
0,65,112,0,0,40.0844
0,66,112,0,0,40.0833
0,67,112,0,0,40.0822
0,68,112,0,0,40.0811
0,69,112,0,0,40.0801
0,70,112,0,0,40.079
0,71,112,0,0,40.078
0,72,112,0,0,40.077
0,73,112,0,0,40.076
0,74,112,0,0,40.075
0,75,112,0,0,40.074
0,76,112,0,0,40.073
0,77,112,0,0,40.072
0,78,112,0,0,40.0711
0,79,112,0,0,40.0701
0,80,112,0,0,40.0692
0,81,112,0,0,40.0683
0,82,112,0,0,40.0673
0,83,112,0,0,40.0664
0,84,112,0,0,40.0655
0,85,112,0,0,40.0646
0,86,112,0,0,40.0638
0,87,112,0,0,40.0629
0,88,112,0,0,40.0621
0,89,112,0,0,40.0612
0,90,112,0,0,40.0604
0,91,112,0,0,40.0596
0,92,112,0,0,40.0588
0,93,112,0,0,40.058
0,94,112,0,0,40.0572
0,95,112,0,0,40.0564
0,96,112,0,0,40.0557
0,97,112,0,0,40.0549
0,98,112,0,0,40.0542
0,99,112,0,0,40.0535
0,100,112,0,0,40.0527
0,101,112,0,0,40.0521
0,102,112,0,0,40.0514
0,103,112,0,0,40.0507
0,104,112,0,0,40.05
0,105,112,0,0,40.0494
0,106,112,0,0,40.0488
0,107,112,0,0,40.0481
0,108,112,0,0,40.0475
0,109,112,0,0,40.0469
0,110,112,0,0,40.0464
0,111,112,0,0,40.0458
0,112,112,0,0,40.0453
0,113,112,0,0,40.0447
0,114,112,0,0,40.0442
0,115,112,0,0,40.0437
0,116,112,0,0,40.0432
0,117,112,0,0,40.0427
0,118,112,0,0,40.0423
0,119,112,0,0,40.0418
0,120,112,0,0,40.0414
0,121,112,0,0,40.041
0,122,112,0,0,40.0406
0,123,112,0,0,40.0402
0,124,112,0,0,40.0399
0,125,112,0,0,40.0395
0,126,112,0,0,40.0392
0,127,112,0,0,40.0389
0,128,112,0,6.09525e-06,40.0386
0,129,112,0,0,40.0378
0,130,112,0,0,40.0371
0,131,112,0,0,40.0363
0,132,112,0,0,40.0356
0,133,112,0,0,40.0349
0,134,112,0,0,40.0342
0,135,112,0,0,40.0336
0,136,112,0,0,40.0329
0,137,112,0,0,40.0323
0,138,112,0,0,40.0317
0,139,112,0,0,40.0311
0,140,112,0,0,40.0305
0,141,112,0,0,40.0299
0,142,112,0,0,40.0294
0,143,112,0,0,40.0288
0,144,112,0,0,40.0283
0,145,112,0,0,40.0278
0,146,112,0,0,40.0273
0,147,112,0,0,40.0268
0,148,112,0,0,40.0263
0,149,112,0,0,40.0259
0,150,112,0,0,40.0254
0,151,112,0,0,40.025
0,152,112,0,0,40.0246
0,153,112,0,0,40.0242
0,154,112,0,0,40.0238
0,155,112,0,0,40.0234
0,156,112,0,0,40.023
0,157,112,0,0,40.0226
0,158,112,0,0,40.0223
0,159,112,0,0,40.0219
0,160,112,0,0,40.0216
0,161,112,0,0,40.0213
0,162,112,0,0,40.021
0,163,112,0,0,40.0207
0,164,112,0,0,40.0204
0,165,112,0,0,40.0201
0,166,112,0,0,40.0199
0,167,112,0,0,40.0196
0,168,112,0,0,40.0194
0,169,112,0,0,40.0191
0,170,112,0,0,40.0189
0,171,112,0,0,40.0187
0,172,112,0,0,40.0185
0,173,112,0,0,40.0183
0,174,112,0,0,40.0182
0,175,112,0,0,40.018
0,176,112,0,0,40.0178
0,177,112,0,0,40.0177
0,178,112,0,0,40.0176
0,179,112,0,0,40.0174
0,180,112,0,0,40.0173
0,181,112,0,0,40.0172
0,182,112,0,0,40.0172
0,183,112,0,0,40.0171
0,184,112,0,0,40.017
0,185,112,0,0,40.017
0,186,112,0,0,40.017
0,187,112,0,0,40.0169
0,188,112,0,0,40.0169
0,189,112,0,0,40.0169
0,190,112,0,0,40.0169
0,191,112,0,0,40.017
0,192,112,0,6.09525e-06,40.017
0,193,112,0,0,40.0166
0,194,112,0,0,40.0162
0,195,112,0,0,40.0158
0,196,112,0,0,40.0154
0,197,112,0,0,40.015
0,198,112,0,0,40.0146
0,199,112,0,0,40.0142
0,200,112,0,0,40.0139
0,201,112,0,0,40.0136
0,202,112,0,0,40.0132
0,203,112,0,0,40.0129
0,204,112,0,0,40.0126
0,205,112,0,0,40.0123
0,206,112,0,0,40.012
0,207,112,0,0,40.0118
0,208,112,0,0,40.0115
0,209,112,0,0,40.0112
0,210,112,0,0,40.011
0,211,112,0,0,40.0107
0,212,112,0,0,40.0105
0,213,112,0,0,40.0103
0,214,112,0,0,40.0101
0,215,112,0,0,40.0098
0,216,112,0,0,40.0096
0,217,112,0,0,40.0094
0,218,112,0,0,40.0093
0,219,112,0,0,40.0091
0,220,112,0,0,40.0089
0,221,112,0,0,40.0087
0,222,112,0,0,40.0085
0,223,112,0,0,40.0084
0,224,112,0,0,40.0082
0,225,112,0,0,40.0081
0,226,112,0,0,40.0079
0,227,112,0,0,40.0078
0,228,112,0,0,40.0077
0,229,112,0,0,40.0076
0,230,112,0,0,40.0074
0,231,112,0,0,40.0073
0,232,112,0,0,40.0072
0,233,112,0,0,40.0071
0,234,112,0,0,40.007
0,235,112,0,0,40.0069
0,236,112,0,0,40.0068
0,237,112,0,0,40.0067
0,238,112,0,0,40.0066
0,239,112,0,0,40.0066
0,240,112,0,0,40.0065
0,241,112,0,0,40.0064
0,242,112,0,0,40.0064
0,243,112,0,0,40.0063
0,244,112,0,0,40.0062
0,245,112,0,0,40.0062
0,246,112,0,0,40.0062
0,247,112,0,0,40.0061
0,248,112,0,0,40.0061
0,249,112,0,0,40.006
0,250,112,0,0,40.006
0,251,112,0,0,40.006
0,252,112,0,0,40.006
0,253,112,0,0,40.006
0,254,112,0,0,40.0059
0,255,112,0,0,40.0059
0,0,113,0,6.09525e-06,40.1223
0,1,113,0,0,40.1218
0,2,113,0,0,40.1213
0,3,113,0,0,40.1208
0,4,113,0,0,40.1203
0,5,113,0,0,40.1198
0,6,113,0,0,40.1193
0,7,113,0,0,40.1188
0,8,113,0,0,40.1183
0,9,113,0,0,40.1178
0,10,113,0,0,40.1172
0,11,113,0,0,40.1167
0,12,113,0,0,40.1162
0,13,113,0,0,40.1157
0,14,113,0,0,40.1151
0,15,113,0,0,40.1146
0,16,113,0,0,40.114
0,17,113,0,0,40.1135
0,18,113,0,0,40.1129
0,19,113,0,0,40.1124
0,20,113,0,0,40.1118
0,21,113,0,0,40.1112
0,22,113,0,0,40.1106
0,23,113,0,0,40.11
0,24,113,0,0,40.1094
0,25,113,0,0,40.1088
0,26,113,0,0,40.1082
0,27,113,0,0,40.1076
0,28,113,0,0,40.107
0,29,113,0,0,40.1064
0,30,113,0,0,40.1057
0,31,113,0,0,40.1051
0,32,113,0,0,40.1045
0,33,113,0,0,40.1038
0,34,113,0,0,40.1032
0,35,113,0,0,40.1025
0,36,113,0,0,40.1019
0,37,113,0,0,40.1012
0,38,113,0,0,40.1005
0,39,113,0,0,40.0999
0,40,113,0,0,40.0992
0,41,113,0,0,40.0985
0,42,113,0,0,40.0979
0,43,113,0,0,40.0972
0,44,113,0,0,40.0965
0,45,113,0,0,40.0958
0,46,113,0,0,40.0952
0,47,113,0,0,40.0945
0,48,113,0,0,40.0938
0,49,113,0,0,40.0931
0,50,113,0,0,40.0925
0,51,113,0,0,40.0918
0,52,113,0,0,40.0911
0,53,113,0,0,40.0905
0,54,113,0,0,40.0898
0,55,113,0,0,40.0892
0,56,113,0,0,40.0885
0,57,113,0,0,40.0879
0,58,113,0,0,40.0872
0,59,113,0,0,40.0866
0,60,113,0,0,40.086
0,61,113,0,0,40.0854
0,62,113,0,0,40.0848
0,63,113,0,0,40.0842
0,64,113,0,6.09525e-06,40.0836
0,65,113,0,0,40.0825
0,66,113,0,0,40.0815
0,67,113,0,0,40.0804
0,68,113,0,0,40.0794
0,69,113,0,0,40.0783
0,70,113,0,0,40.0773
0,71,113,0,0,40.0763
0,72,113,0,0,40.0753
0,73,113,0,0,40.0743
0,74,113,0,0,40.0734
0,75,113,0,0,40.0724
0,76,113,0,0,40.0714
0,77,113,0,0,40.0705
0,78,113,0,0,40.0696
0,79,113,0,0,40.0686
0,80,113,0,0,40.0677
0,81,113,0,0,40.0668
0,82,113,0,0,40.0659
0,83,113,0,0,40.0651
0,84,113,0,0,40.0642
0,85,113,0,0,40.0633
0,86,113,0,0,40.0625
0,87,113,0,0,40.0616
0,88,113,0,0,40.0608
0,89,113,0,0,40.06
0,90,113,0,0,40.0592
0,91,113,0,0,40.0584
0,92,113,0,0,40.0576
0,93,113,0,0,40.0568
0,94,113,0,0,40.0561
0,95,113,0,0,40.0553
0,96,113,0,0,40.0546
0,97,113,0,0,40.0539
0,98,113,0,0,40.0532
0,99,113,0,0,40.0525
0,100,113,0,0,40.0518
0,101,113,0,0,40.0511
0,102,113,0,0,40.0504
0,103,113,0,0,40.0498
0,104,113,0,0,40.0491
0,105,113,0,0,40.0485
0,106,113,0,0,40.0479
0,107,113,0,0,40.0473
0,108,113,0,0,40.0467
0,109,113,0,0,40.0461
0,110,113,0,0,40.0456
0,111,113,0,0,40.045
0,112,113,0,0,40.0445
0,113,113,0,0,40.044
0,114,113,0,0,40.0435
0,115,113,0,0,40.043
0,116,113,0,0,40.0425
0,117,113,0,0,40.042
0,118,113,0,0,40.0416
0,119,113,0,0,40.0412
0,120,113,0,0,40.0408
0,121,113,0,0,40.0404
0,122,113,0,0,40.04
0,123,113,0,0,40.0396
0,124,113,0,0,40.0393
0,125,113,0,0,40.0389
0,126,113,0,0,40.0386
0,127,113,0,0,40.0383
0,128,113,0,6.09525e-06,40.0381
0,129,113,0,0,40.0373
0,130,113,0,0,40.0366
0,131,113,0,0,40.0358
0,132,113,0,0,40.0351
0,133,113,0,0,40.0345
0,134,113,0,0,40.0338
0,135,113,0,0,40.0331
0,136,113,0,0,40.0325
0,137,113,0,0,40.0319
0,138,113,0,0,40.0313
0,139,113,0,0,40.0307
0,140,113,0,0,40.0301
0,141,113,0,0,40.0296
0,142,113,0,0,40.029
0,143,113,0,0,40.0285
0,144,113,0,0,40.028
0,145,113,0,0,40.0275
0,146,113,0,0,40.027
0,147,113,0,0,40.0265
0,148,113,0,0,40.026
0,149,113,0,0,40.0256
0,150,113,0,0,40.0251
0,151,113,0,0,40.0247
0,152,113,0,0,40.0243
0,153,113,0,0,40.0239
0,154,113,0,0,40.0235
0,155,113,0,0,40.0231
0,156,113,0,0,40.0227
0,157,113,0,0,40.0224
0,158,113,0,0,40.022
0,159,113,0,0,40.0217
0,160,113,0,0,40.0214
0,161,113,0,0,40.0211
0,162,113,0,0,40.0208
0,163,113,0,0,40.0205
0,164,113,0,0,40.0202
0,165,113,0,0,40.0199
0,166,113,0,0,40.0197
0,167,113,0,0,40.0194
0,168,113,0,0,40.0192
0,169,113,0,0,40.019
0,170,113,0,0,40.0187
0,171,113,0,0,40.0185
0,172,113,0,0,40.0183
0,173,113,0,0,40.0182
0,174,113,0,0,40.018
0,175,113,0,0,40.0178
0,176,113,0,0,40.0177
0,177,113,0,0,40.0175
0,178,113,0,0,40.0174
0,179,113,0,0,40.0173
0,180,113,0,0,40.0172
0,181,113,0,0,40.0171
0,182,113,0,0,40.017
0,183,113,0,0,40.017
0,184,113,0,0,40.0169
0,185,113,0,0,40.0169
0,186,113,0,0,40.0168
0,187,113,0,0,40.0168
0,188,113,0,0,40.0168
0,189,113,0,0,40.0168
0,190,113,0,0,40.0168
0,191,113,0,0,40.0169
0,192,113,0,6.09525e-06,40.0169
0,193,113,0,0,40.0165
0,194,113,0,0,40.0161
0,195,113,0,0,40.0157
0,196,113,0,0,40.0153
0,197,113,0,0,40.0149
0,198,113,0,0,40.0145
0,199,113,0,0,40.0142
0,200,113,0,0,40.0138
0,201,113,0,0,40.0135
0,202,113,0,0,40.0132
0,203,113,0,0,40.0128
0,204,113,0,0,40.0125
0,205,113,0,0,40.0122
0,206,113,0,0,40.012
0,207,113,0,0,40.0117
0,208,113,0,0,40.0114
0,209,113,0,0,40.0112
0,210,113,0,0,40.0109
0,211,113,0,0,40.0107
0,212,113,0,0,40.0104
0,213,113,0,0,40.0102
0,214,113,0,0,40.01
0,215,113,0,0,40.0098
0,216,113,0,0,40.0096
0,217,113,0,0,40.0094
0,218,113,0,0,40.0092
0,219,113,0,0,40.009
0,220,113,0,0,40.0088
0,221,113,0,0,40.0087
0,222,113,0,0,40.0085
0,223,113,0,0,40.0083
0,224,113,0,0,40.0082
0,225,113,0,0,40.008
0,226,113,0,0,40.0079
0,227,113,0,0,40.0078
0,228,113,0,0,40.0076
0,229,113,0,0,40.0075
0,230,113,0,0,40.0074
0,231,113,0,0,40.0073
0,232,113,0,0,40.0072
0,233,113,0,0,40.0071
0,234,113,0,0,40.007
0,235,113,0,0,40.0069
0,236,113,0,0,40.0068
0,237,113,0,0,40.0067
0,238,113,0,0,40.0066
0,239,113,0,0,40.0065
0,240,113,0,0,40.0065
0,241,113,0,0,40.0064
0,242,113,0,0,40.0063
0,243,113,0,0,40.0063
0,244,113,0,0,40.0062
0,245,113,0,0,40.0062
0,246,113,0,0,40.0061
0,247,113,0,0,40.0061
0,248,113,0,0,40.006
0,249,113,0,0,40.006
0,250,113,0,0,40.006
0,251,113,0,0,40.006
0,252,113,0,0,40.0059
0,253,113,0,0,40.0059
0,254,113,0,0,40.0059
0,255,113,0,0,40.0059
0,0,114,0,6.09525e-06,40.1194
0,1,114,0,0,40.1189
0,2,114,0,0,40.1184
0,3,114,0,0,40.1179
0,4,114,0,0,40.1174
0,5,114,0,0,40.1169
0,6,114,0,0,40.1164
0,7,114,0,0,40.1159
0,8,114,0,0,40.1154
0,9,114,0,0,40.1149
0,10,114,0,0,40.1144
0,11,114,0,0,40.1139
0,12,114,0,0,40.1133
0,13,114,0,0,40.1128
0,14,114,0,0,40.1123
0,15,114,0,0,40.1118
0,16,114,0,0,40.1112
0,17,114,0,0,40.1107
0,18,114,0,0,40.1102
0,19,114,0,0,40.1096
0,20,114,0,0,40.109
0,21,114,0,0,40.1085
0,22,114,0,0,40.1079
0,23,114,0,0,40.1073
0,24,114,0,0,40.1068
0,25,114,0,0,40.1062
0,26,114,0,0,40.1056
0,27,114,0,0,40.105
0,28,114,0,0,40.1044
0,29,114,0,0,40.1038
0,30,114,0,0,40.1032
0,31,114,0,0,40.1026
0,32,114,0,0,40.1019
0,33,114,0,0,40.1013
0,34,114,0,0,40.1007
0,35,114,0,0,40.1
0,36,114,0,0,40.0994
0,37,114,0,0,40.0988
0,38,114,0,0,40.0981
0,39,114,0,0,40.0975
0,40,114,0,0,40.0968
0,41,114,0,0,40.0962
0,42,114,0,0,40.0955
0,43,114,0,0,40.0949
0,44,114,0,0,40.0942
0,45,114,0,0,40.0936
0,46,114,0,0,40.0929
0,47,114,0,0,40.0923
0,48,114,0,0,40.0916
0,49,114,0,0,40.091
0,50,114,0,0,40.0903
0,51,114,0,0,40.0897
0,52,114,0,0,40.0891
0,53,114,0,0,40.0884
0,54,114,0,0,40.0878
0,55,114,0,0,40.0872
0,56,114,0,0,40.0865
0,57,114,0,0,40.0859
0,58,114,0,0,40.0853
0,59,114,0,0,40.0847
0,60,114,0,0,40.0841
0,61,114,0,0,40.0835
0,62,114,0,0,40.083
0,63,114,0,0,40.0824
0,64,114,0,6.09525e-06,40.0818
0,65,114,0,0,40.0808
0,66,114,0,0,40.0798
0,67,114,0,0,40.0787
0,68,114,0,0,40.0777
0,69,114,0,0,40.0767
0,70,114,0,0,40.0757
0,71,114,0,0,40.0747
0,72,114,0,0,40.0738
0,73,114,0,0,40.0728
0,74,114,0,0,40.0719
0,75,114,0,0,40.0709
0,76,114,0,0,40.07
0,77,114,0,0,40.0691
0,78,114,0,0,40.0682
0,79,114,0,0,40.0673
0,80,114,0,0,40.0664
0,81,114,0,0,40.0655
0,82,114,0,0,40.0646
0,83,114,0,0,40.0638
0,84,114,0,0,40.0629
0,85,114,0,0,40.0621
0,86,114,0,0,40.0613
0,87,114,0,0,40.0604
0,88,114,0,0,40.0596
0,89,114,0,0,40.0588
0,90,114,0,0,40.0581
0,91,114,0,0,40.0573
0,92,114,0,0,40.0565
0,93,114,0,0,40.0558
0,94,114,0,0,40.055
0,95,114,0,0,40.0543
0,96,114,0,0,40.0536
0,97,114,0,0,40.0529
0,98,114,0,0,40.0522
0,99,114,0,0,40.0515
0,100,114,0,0,40.0508
0,101,114,0,0,40.0502
0,102,114,0,0,40.0495
0,103,114,0,0,40.0489
0,104,114,0,0,40.0483
0,105,114,0,0,40.0477
0,106,114,0,0,40.0471
0,107,114,0,0,40.0465
0,108,114,0,0,40.0459
0,109,114,0,0,40.0454
0,110,114,0,0,40.0448
0,111,114,0,0,40.0443
0,112,114,0,0,40.0438
0,113,114,0,0,40.0433
0,114,114,0,0,40.0428
0,115,114,0,0,40.0423
0,116,114,0,0,40.0418
0,117,114,0,0,40.0414
0,118,114,0,0,40.041
0,119,114,0,0,40.0406
0,120,114,0,0,40.0402
0,121,114,0,0,40.0398
0,122,114,0,0,40.0394
0,123,114,0,0,40.0391
0,124,114,0,0,40.0387
0,125,114,0,0,40.0384
0,126,114,0,0,40.0381
0,127,114,0,0,40.0378
0,128,114,0,6.09525e-06,40.0376
0,129,114,0,0,40.0368
0,130,114,0,0,40.0361
0,131,114,0,0,40.0354
0,132,114,0,0,40.0347
0,133,114,0,0,40.034
0,134,114,0,0,40.0334
0,135,114,0,0,40.0327
0,136,114,0,0,40.0321
0,137,114,0,0,40.0315
0,138,114,0,0,40.0309
0,139,114,0,0,40.0303
0,140,114,0,0,40.0297
0,141,114,0,0,40.0292
0,142,114,0,0,40.0287
0,143,114,0,0,40.0281
0,144,114,0,0,40.0276
0,145,114,0,0,40.0271
0,146,114,0,0,40.0266
0,147,114,0,0,40.0262
0,148,114,0,0,40.0257
0,149,114,0,0,40.0253
0,150,114,0,0,40.0248
0,151,114,0,0,40.0244
0,152,114,0,0,40.024
0,153,114,0,0,40.0236
0,154,114,0,0,40.0232
0,155,114,0,0,40.0228
0,156,114,0,0,40.0225
0,157,114,0,0,40.0221
0,158,114,0,0,40.0218
0,159,114,0,0,40.0215
0,160,114,0,0,40.0211
0,161,114,0,0,40.0208
0,162,114,0,0,40.0205
0,163,114,0,0,40.0203
0,164,114,0,0,40.02
0,165,114,0,0,40.0197
0,166,114,0,0,40.0195
0,167,114,0,0,40.0192
0,168,114,0,0,40.019
0,169,114,0,0,40.0188
0,170,114,0,0,40.0186
0,171,114,0,0,40.0184
0,172,114,0,0,40.0182
0,173,114,0,0,40.018
0,174,114,0,0,40.0178
0,175,114,0,0,40.0177
0,176,114,0,0,40.0175
0,177,114,0,0,40.0174
0,178,114,0,0,40.0173
0,179,114,0,0,40.0172
0,180,114,0,0,40.0171
0,181,114,0,0,40.017
0,182,114,0,0,40.0169
0,183,114,0,0,40.0168
0,184,114,0,0,40.0168
0,185,114,0,0,40.0167
0,186,114,0,0,40.0167
0,187,114,0,0,40.0167
0,188,114,0,0,40.0167
0,189,114,0,0,40.0167
0,190,114,0,0,40.0167
0,191,114,0,0,40.0168
0,192,114,0,6.09525e-06,40.0168
0,193,114,0,0,40.0164
0,194,114,0,0,40.016
0,195,114,0,0,40.0156
0,196,114,0,0,40.0152
0,197,114,0,0,40.0148
0,198,114,0,0,40.0144
0,199,114,0,0,40.0141
0,200,114,0,0,40.0137
0,201,114,0,0,40.0134
0,202,114,0,0,40.0131
0,203,114,0,0,40.0128
0,204,114,0,0,40.0125
0,205,114,0,0,40.0122
0,206,114,0,0,40.0119
0,207,114,0,0,40.0116
0,208,114,0,0,40.0114
0,209,114,0,0,40.0111
0,210,114,0,0,40.0109
0,211,114,0,0,40.0106
0,212,114,0,0,40.0104
0,213,114,0,0,40.0102
0,214,114,0,0,40.0099
0,215,114,0,0,40.0097
0,216,114,0,0,40.0095
0,217,114,0,0,40.0093
0,218,114,0,0,40.0092
0,219,114,0,0,40.009
0,220,114,0,0,40.0088
0,221,114,0,0,40.0086
0,222,114,0,0,40.0085
0,223,114,0,0,40.0083
0,224,114,0,0,40.0081
0,225,114,0,0,40.008
0,226,114,0,0,40.0079
0,227,114,0,0,40.0077
0,228,114,0,0,40.0076
0,229,114,0,0,40.0075
0,230,114,0,0,40.0074
0,231,114,0,0,40.0072
0,232,114,0,0,40.0071
0,233,114,0,0,40.007
0,234,114,0,0,40.0069
0,235,114,0,0,40.0068
0,236,114,0,0,40.0067
0,237,114,0,0,40.0067
0,238,114,0,0,40.0066
0,239,114,0,0,40.0065
0,240,114,0,0,40.0064
0,241,114,0,0,40.0064
0,242,114,0,0,40.0063
0,243,114,0,0,40.0062
0,244,114,0,0,40.0062
0,245,114,0,0,40.0061
0,246,114,0,0,40.0061
0,247,114,0,0,40.0061
0,248,114,0,0,40.006
0,249,114,0,0,40.006
0,250,114,0,0,40.006
0,251,114,0,0,40.0059
0,252,114,0,0,40.0059
0,253,114,0,0,40.0059
0,254,114,0,0,40.0059
0,255,114,0,0,40.0059
0,0,115,0,6.09525e-06,40.1167
0,1,115,0,0,40.1162
0,2,115,0,0,40.1157
0,3,115,0,0,40.1152
0,4,115,0,0,40.1147
0,5,115,0,0,40.1142
0,6,115,0,0,40.1137
0,7,115,0,0,40.1132
0,8,115,0,0,40.1127
0,9,115,0,0,40.1122
0,10,115,0,0,40.1117
0,11,115,0,0,40.1112
0,12,115,0,0,40.1107
0,13,115,0,0,40.1102
0,14,115,0,0,40.1097
0,15,115,0,0,40.1092
0,16,115,0,0,40.1087
0,17,115,0,0,40.1081
0,18,115,0,0,40.1076
0,19,115,0,0,40.1071
0,20,115,0,0,40.1065
0,21,115,0,0,40.106
0,22,115,0,0,40.1054
0,23,115,0,0,40.1048
0,24,115,0,0,40.1043
0,25,115,0,0,40.1037
0,26,115,0,0,40.1031
0,27,115,0,0,40.1026
0,28,115,0,0,40.102
0,29,115,0,0,40.1014
0,30,115,0,0,40.1008
0,31,115,0,0,40.1002
0,32,115,0,0,40.0996
0,33,115,0,0,40.099
0,34,115,0,0,40.0984
0,35,115,0,0,40.0978
0,36,115,0,0,40.0972
0,37,115,0,0,40.0965
0,38,115,0,0,40.0959
0,39,115,0,0,40.0953
0,40,115,0,0,40.0947
0,41,115,0,0,40.094
0,42,115,0,0,40.0934
0,43,115,0,0,40.0928
0,44,115,0,0,40.0922
0,45,115,0,0,40.0915
0,46,115,0,0,40.0909
0,47,115,0,0,40.0903
0,48,115,0,0,40.0896
0,49,115,0,0,40.089
0,50,115,0,0,40.0884
0,51,115,0,0,40.0878
0,52,115,0,0,40.0872
0,53,115,0,0,40.0865
0,54,115,0,0,40.0859
0,55,115,0,0,40.0853
0,56,115,0,0,40.0847
0,57,115,0,0,40.0841
0,58,115,0,0,40.0836
0,59,115,0,0,40.083
0,60,115,0,0,40.0824
0,61,115,0,0,40.0818
0,62,115,0,0,40.0813
0,63,115,0,0,40.0807
0,64,115,0,6.09525e-06,40.0802
0,65,115,0,0,40.0792
0,66,115,0,0,40.0782
0,67,115,0,0,40.0772
0,68,115,0,0,40.0762
0,69,115,0,0,40.0752
0,70,115,0,0,40.0742
0,71,115,0,0,40.0733
0,72,115,0,0,40.0723
0,73,115,0,0,40.0714
0,74,115,0,0,40.0705
0,75,115,0,0,40.0696
0,76,115,0,0,40.0687
0,77,115,0,0,40.0678
0,78,115,0,0,40.0669
0,79,115,0,0,40.066
0,80,115,0,0,40.0651
0,81,115,0,0,40.0643
0,82,115,0,0,40.0634
0,83,115,0,0,40.0626
0,84,115,0,0,40.0618
0,85,115,0,0,40.0609
0,86,115,0,0,40.0601
0,87,115,0,0,40.0593
0,88,115,0,0,40.0586
0,89,115,0,0,40.0578
0,90,115,0,0,40.057
0,91,115,0,0,40.0563
0,92,115,0,0,40.0555
0,93,115,0,0,40.0548
0,94,115,0,0,40.0541
0,95,115,0,0,40.0534
0,96,115,0,0,40.0527
0,97,115,0,0,40.052
0,98,115,0,0,40.0513
0,99,115,0,0,40.0506
0,100,115,0,0,40.05
0,101,115,0,0,40.0494
0,102,115,0,0,40.0487
0,103,115,0,0,40.0481
0,104,115,0,0,40.0475
0,105,115,0,0,40.0469
0,106,115,0,0,40.0463
0,107,115,0,0,40.0458
0,108,115,0,0,40.0452
0,109,115,0,0,40.0447
0,110,115,0,0,40.0441
0,111,115,0,0,40.0436
0,112,115,0,0,40.0431
0,113,115,0,0,40.0426
0,114,115,0,0,40.0421
0,115,115,0,0,40.0417
0,116,115,0,0,40.0412
0,117,115,0,0,40.0408
0,118,115,0,0,40.0404
0,119,115,0,0,40.04
0,120,115,0,0,40.0396
0,121,115,0,0,40.0392
0,122,115,0,0,40.0389
0,123,115,0,0,40.0385
0,124,115,0,0,40.0382
0,125,115,0,0,40.0379
0,126,115,0,0,40.0376
0,127,115,0,0,40.0373
0,128,115,0,6.09525e-06,40.0371
0,129,115,0,0,40.0364
0,130,115,0,0,40.0356
0,131,115,0,0,40.0349
0,132,115,0,0,40.0343
0,133,115,0,0,40.0336
0,134,115,0,0,40.033
0,135,115,0,0,40.0323
0,136,115,0,0,40.0317
0,137,115,0,0,40.0311
0,138,115,0,0,40.0305
0,139,115,0,0,40.03
0,140,115,0,0,40.0294
0,141,115,0,0,40.0289
0,142,115,0,0,40.0283
0,143,115,0,0,40.0278
0,144,115,0,0,40.0273
0,145,115,0,0,40.0268
0,146,115,0,0,40.0263
0,147,115,0,0,40.0259
0,148,115,0,0,40.0254
0,149,115,0,0,40.025
0,150,115,0,0,40.0246
0,151,115,0,0,40.0242
0,152,115,0,0,40.0238
0,153,115,0,0,40.0234
0,154,115,0,0,40.023
0,155,115,0,0,40.0226
0,156,115,0,0,40.0223
0,157,115,0,0,40.0219
0,158,115,0,0,40.0216
0,159,115,0,0,40.0213
0,160,115,0,0,40.0209
0,161,115,0,0,40.0206
0,162,115,0,0,40.0204
0,163,115,0,0,40.0201
0,164,115,0,0,40.0198
0,165,115,0,0,40.0195
0,166,115,0,0,40.0193
0,167,115,0,0,40.0191
0,168,115,0,0,40.0188
0,169,115,0,0,40.0186
0,170,115,0,0,40.0184
0,171,115,0,0,40.0182
0,172,115,0,0,40.018
0,173,115,0,0,40.0179
0,174,115,0,0,40.0177
0,175,115,0,0,40.0175
0,176,115,0,0,40.0174
0,177,115,0,0,40.0173
0,178,115,0,0,40.0171
0,179,115,0,0,40.017
0,180,115,0,0,40.0169
0,181,115,0,0,40.0169
0,182,115,0,0,40.0168
0,183,115,0,0,40.0167
0,184,115,0,0,40.0167
0,185,115,0,0,40.0166
0,186,115,0,0,40.0166
0,187,115,0,0,40.0166
0,188,115,0,0,40.0166
0,189,115,0,0,40.0166
0,190,115,0,0,40.0166
0,191,115,0,0,40.0167
0,192,115,0,6.09525e-06,40.0167
0,193,115,0,0,40.0163
0,194,115,0,0,40.0159
0,195,115,0,0,40.0155
0,196,115,0,0,40.0151
0,197,115,0,0,40.0147
0,198,115,0,0,40.0143
0,199,115,0,0,40.014
0,200,115,0,0,40.0137
0,201,115,0,0,40.0133
0,202,115,0,0,40.013
0,203,115,0,0,40.0127
0,204,115,0,0,40.0124
0,205,115,0,0,40.0121
0,206,115,0,0,40.0118
0,207,115,0,0,40.0116
0,208,115,0,0,40.0113
0,209,115,0,0,40.011
0,210,115,0,0,40.0108
0,211,115,0,0,40.0106
0,212,115,0,0,40.0103
0,213,115,0,0,40.0101
0,214,115,0,0,40.0099
0,215,115,0,0,40.0097
0,216,115,0,0,40.0095
0,217,115,0,0,40.0093
0,218,115,0,0,40.0091
0,219,115,0,0,40.0089
0,220,115,0,0,40.0087
0,221,115,0,0,40.0086
0,222,115,0,0,40.0084
0,223,115,0,0,40.0083
0,224,115,0,0,40.0081
0,225,115,0,0,40.008
0,226,115,0,0,40.0078
0,227,115,0,0,40.0077
0,228,115,0,0,40.0076
0,229,115,0,0,40.0074
0,230,115,0,0,40.0073
0,231,115,0,0,40.0072
0,232,115,0,0,40.0071
0,233,115,0,0,40.007
0,234,115,0,0,40.0069
0,235,115,0,0,40.0068
0,236,115,0,0,40.0067
0,237,115,0,0,40.0066
0,238,115,0,0,40.0065
0,239,115,0,0,40.0065
0,240,115,0,0,40.0064
0,241,115,0,0,40.0063
0,242,115,0,0,40.0063
0,243,115,0,0,40.0062
0,244,115,0,0,40.0062
0,245,115,0,0,40.0061
0,246,115,0,0,40.0061
0,247,115,0,0,40.006
0,248,115,0,0,40.006
0,249,115,0,0,40.006
0,250,115,0,0,40.0059
0,251,115,0,0,40.0059
0,252,115,0,0,40.0059
0,253,115,0,0,40.0059
0,254,115,0,0,40.0059
0,255,115,0,0,40.0059
0,0,116,0,6.09525e-06,40.1142
0,1,116,0,0,40.1137
0,2,116,0,0,40.1132
0,3,116,0,0,40.1127
0,4,116,0,0,40.1122
0,5,116,0,0,40.1117
0,6,116,0,0,40.1112
0,7,116,0,0,40.1108
0,8,116,0,0,40.1103
0,9,116,0,0,40.1098
0,10,116,0,0,40.1093
0,11,116,0,0,40.1088
0,12,116,0,0,40.1083
0,13,116,0,0,40.1078
0,14,116,0,0,40.1073
0,15,116,0,0,40.1068
0,16,116,0,0,40.1063
0,17,116,0,0,40.1058
0,18,116,0,0,40.1052
0,19,116,0,0,40.1047
0,20,116,0,0,40.1042
0,21,116,0,0,40.1036
0,22,116,0,0,40.1031
0,23,116,0,0,40.1026
0,24,116,0,0,40.102
0,25,116,0,0,40.1015
0,26,116,0,0,40.1009
0,27,116,0,0,40.1003
0,28,116,0,0,40.0998
0,29,116,0,0,40.0992
0,30,116,0,0,40.0986
0,31,116,0,0,40.098
0,32,116,0,0,40.0974
0,33,116,0,0,40.0969
0,34,116,0,0,40.0963
0,35,116,0,0,40.0957
0,36,116,0,0,40.0951
0,37,116,0,0,40.0945
0,38,116,0,0,40.0939
0,39,116,0,0,40.0933
0,40,116,0,0,40.0927
0,41,116,0,0,40.0921
0,42,116,0,0,40.0914
0,43,116,0,0,40.0908
0,44,116,0,0,40.0902
0,45,116,0,0,40.0896
0,46,116,0,0,40.089
0,47,116,0,0,40.0884
0,48,116,0,0,40.0878
0,49,116,0,0,40.0872
0,50,116,0,0,40.0866
0,51,116,0,0,40.086
0,52,116,0,0,40.0854
0,53,116,0,0,40.0848
0,54,116,0,0,40.0842
0,55,116,0,0,40.0836
0,56,116,0,0,40.0831
0,57,116,0,0,40.0825
0,58,116,0,0,40.0819
0,59,116,0,0,40.0814
0,60,116,0,0,40.0808
0,61,116,0,0,40.0803
0,62,116,0,0,40.0797
0,63,116,0,0,40.0792
0,64,116,0,6.09525e-06,40.0787
0,65,116,0,0,40.0777
0,66,116,0,0,40.0767
0,67,116,0,0,40.0757
0,68,116,0,0,40.0748
0,69,116,0,0,40.0738
0,70,116,0,0,40.0729
0,71,116,0,0,40.0719
0,72,116,0,0,40.071
0,73,116,0,0,40.0701
0,74,116,0,0,40.0692
0,75,116,0,0,40.0683
0,76,116,0,0,40.0674
0,77,116,0,0,40.0665
0,78,116,0,0,40.0657
0,79,116,0,0,40.0648
0,80,116,0,0,40.064
0,81,116,0,0,40.0631
0,82,116,0,0,40.0623
0,83,116,0,0,40.0615
0,84,116,0,0,40.0607
0,85,116,0,0,40.0599
0,86,116,0,0,40.0591
0,87,116,0,0,40.0583
0,88,116,0,0,40.0576
0,89,116,0,0,40.0568
0,90,116,0,0,40.0561
0,91,116,0,0,40.0553
0,92,116,0,0,40.0546
0,93,116,0,0,40.0539
0,94,116,0,0,40.0532
0,95,116,0,0,40.0525
0,96,116,0,0,40.0518
0,97,116,0,0,40.0511
0,98,116,0,0,40.0505
0,99,116,0,0,40.0498
0,100,116,0,0,40.0492
0,101,116,0,0,40.0486
0,102,116,0,0,40.048
0,103,116,0,0,40.0474
0,104,116,0,0,40.0468
0,105,116,0,0,40.0462
0,106,116,0,0,40.0456
0,107,116,0,0,40.0451
0,108,116,0,0,40.0445
0,109,116,0,0,40.044
0,110,116,0,0,40.0435
0,111,116,0,0,40.043
0,112,116,0,0,40.0425
0,113,116,0,0,40.042
0,114,116,0,0,40.0416
0,115,116,0,0,40.0411
0,116,116,0,0,40.0407
0,117,116,0,0,40.0403
0,118,116,0,0,40.0398
0,119,116,0,0,40.0395
0,120,116,0,0,40.0391
0,121,116,0,0,40.0387
0,122,116,0,0,40.0384
0,123,116,0,0,40.038
0,124,116,0,0,40.0377
0,125,116,0,0,40.0374
0,126,116,0,0,40.0372
0,127,116,0,0,40.0369
0,128,116,0,6.09525e-06,40.0367
0,129,116,0,0,40.0359
0,130,116,0,0,40.0352
0,131,116,0,0,40.0345
0,132,116,0,0,40.0339
0,133,116,0,0,40.0332
0,134,116,0,0,40.0326
0,135,116,0,0,40.032
0,136,116,0,0,40.0313
0,137,116,0,0,40.0308
0,138,116,0,0,40.0302
0,139,116,0,0,40.0296
0,140,116,0,0,40.0291
0,141,116,0,0,40.0285
0,142,116,0,0,40.028
0,143,116,0,0,40.0275
0,144,116,0,0,40.027
0,145,116,0,0,40.0265
0,146,116,0,0,40.0261
0,147,116,0,0,40.0256
0,148,116,0,0,40.0252
0,149,116,0,0,40.0247
0,150,116,0,0,40.0243
0,151,116,0,0,40.0239
0,152,116,0,0,40.0235
0,153,116,0,0,40.0231
0,154,116,0,0,40.0228
0,155,116,0,0,40.0224
0,156,116,0,0,40.022
0,157,116,0,0,40.0217
0,158,116,0,0,40.0214
0,159,116,0,0,40.0211
0,160,116,0,0,40.0208
0,161,116,0,0,40.0205
0,162,116,0,0,40.0202
0,163,116,0,0,40.0199
0,164,116,0,0,40.0196
0,165,116,0,0,40.0194
0,166,116,0,0,40.0191
0,167,116,0,0,40.0189
0,168,116,0,0,40.0187
0,169,116,0,0,40.0185
0,170,116,0,0,40.0183
0,171,116,0,0,40.0181
0,172,116,0,0,40.0179
0,173,116,0,0,40.0177
0,174,116,0,0,40.0176
0,175,116,0,0,40.0174
0,176,116,0,0,40.0173
0,177,116,0,0,40.0171
0,178,116,0,0,40.017
0,179,116,0,0,40.0169
0,180,116,0,0,40.0168
0,181,116,0,0,40.0167
0,182,116,0,0,40.0167
0,183,116,0,0,40.0166
0,184,116,0,0,40.0166
0,185,116,0,0,40.0165
0,186,116,0,0,40.0165
0,187,116,0,0,40.0165
0,188,116,0,0,40.0165
0,189,116,0,0,40.0165
0,190,116,0,0,40.0165
0,191,116,0,0,40.0166
0,192,116,0,6.09525e-06,40.0166
0,193,116,0,0,40.0162
0,194,116,0,0,40.0158
0,195,116,0,0,40.0154
0,196,116,0,0,40.015
0,197,116,0,0,40.0146
0,198,116,0,0,40.0143
0,199,116,0,0,40.0139
0,200,116,0,0,40.0136
0,201,116,0,0,40.0133
0,202,116,0,0,40.0129
0,203,116,0,0,40.0126
0,204,116,0,0,40.0123
0,205,116,0,0,40.012
0,206,116,0,0,40.0118
0,207,116,0,0,40.0115
0,208,116,0,0,40.0112
0,209,116,0,0,40.011
0,210,116,0,0,40.0107
0,211,116,0,0,40.0105
0,212,116,0,0,40.0103
0,213,116,0,0,40.0101
0,214,116,0,0,40.0098
0,215,116,0,0,40.0096
0,216,116,0,0,40.0094
0,217,116,0,0,40.0092
0,218,116,0,0,40.0091
0,219,116,0,0,40.0089
0,220,116,0,0,40.0087
0,221,116,0,0,40.0085
0,222,116,0,0,40.0084
0,223,116,0,0,40.0082
0,224,116,0,0,40.0081
0,225,116,0,0,40.0079
0,226,116,0,0,40.0078
0,227,116,0,0,40.0077
0,228,116,0,0,40.0075
0,229,116,0,0,40.0074
0,230,116,0,0,40.0073
0,231,116,0,0,40.0072
0,232,116,0,0,40.0071
0,233,116,0,0,40.007
0,234,116,0,0,40.0069
0,235,116,0,0,40.0068
0,236,116,0,0,40.0067
0,237,116,0,0,40.0066
0,238,116,0,0,40.0065
0,239,116,0,0,40.0064
0,240,116,0,0,40.0064
0,241,116,0,0,40.0063
0,242,116,0,0,40.0062
0,243,116,0,0,40.0062
0,244,116,0,0,40.0061
0,245,116,0,0,40.0061
0,246,116,0,0,40.006
0,247,116,0,0,40.006
0,248,116,0,0,40.006
0,249,116,0,0,40.0059
0,250,116,0,0,40.0059
0,251,116,0,0,40.0059
0,252,116,0,0,40.0059
0,253,116,0,0,40.0058
0,254,116,0,0,40.0058
0,255,116,0,0,40.0058
0,0,117,0,6.09525e-06,40.1119
0,1,117,0,0,40.1114
0,2,117,0,0,40.1109
0,3,117,0,0,40.1104
0,4,117,0,0,40.11
0,5,117,0,0,40.1095
0,6,117,0,0,40.109
0,7,117,0,0,40.1085
0,8,117,0,0,40.108
0,9,117,0,0,40.1075
0,10,117,0,0,40.1071
0,11,117,0,0,40.1066
0,12,117,0,0,40.1061
0,13,117,0,0,40.1056
0,14,117,0,0,40.1051
0,15,117,0,0,40.1046
0,16,117,0,0,40.1041
0,17,117,0,0,40.1036
0,18,117,0,0,40.1031
0,19,117,0,0,40.1026
0,20,117,0,0,40.102
0,21,117,0,0,40.1015
0,22,117,0,0,40.101
0,23,117,0,0,40.1005
0,24,117,0,0,40.0999
0,25,117,0,0,40.0994
0,26,117,0,0,40.0988
0,27,117,0,0,40.0983
0,28,117,0,0,40.0977
0,29,117,0,0,40.0972
0,30,117,0,0,40.0966
0,31,117,0,0,40.096
0,32,117,0,0,40.0955
0,33,117,0,0,40.0949
0,34,117,0,0,40.0943
0,35,117,0,0,40.0938
0,36,117,0,0,40.0932
0,37,117,0,0,40.0926
0,38,117,0,0,40.092
0,39,117,0,0,40.0914
0,40,117,0,0,40.0908
0,41,117,0,0,40.0902
0,42,117,0,0,40.0896
0,43,117,0,0,40.0891
0,44,117,0,0,40.0885
0,45,117,0,0,40.0879
0,46,117,0,0,40.0873
0,47,117,0,0,40.0867
0,48,117,0,0,40.0861
0,49,117,0,0,40.0855
0,50,117,0,0,40.0849
0,51,117,0,0,40.0844
0,52,117,0,0,40.0838
0,53,117,0,0,40.0832
0,54,117,0,0,40.0826
0,55,117,0,0,40.0821
0,56,117,0,0,40.0815
0,57,117,0,0,40.081
0,58,117,0,0,40.0804
0,59,117,0,0,40.0799
0,60,117,0,0,40.0794
0,61,117,0,0,40.0788
0,62,117,0,0,40.0783
0,63,117,0,0,40.0778
0,64,117,0,6.09525e-06,40.0773
0,65,117,0,0,40.0764
0,66,117,0,0,40.0754
0,67,117,0,0,40.0744
0,68,117,0,0,40.0735
0,69,117,0,0,40.0725
0,70,117,0,0,40.0716
0,71,117,0,0,40.0707
0,72,117,0,0,40.0698
0,73,117,0,0,40.0689
0,74,117,0,0,40.068
0,75,117,0,0,40.0671
0,76,117,0,0,40.0663
0,77,117,0,0,40.0654
0,78,117,0,0,40.0646
0,79,117,0,0,40.0637
0,80,117,0,0,40.0629
0,81,117,0,0,40.0621
0,82,117,0,0,40.0613
0,83,117,0,0,40.0605
0,84,117,0,0,40.0597
0,85,117,0,0,40.0589
0,86,117,0,0,40.0582
0,87,117,0,0,40.0574
0,88,117,0,0,40.0566
0,89,117,0,0,40.0559
0,90,117,0,0,40.0552
0,91,117,0,0,40.0545
0,92,117,0,0,40.0538
0,93,117,0,0,40.0531
0,94,117,0,0,40.0524
0,95,117,0,0,40.0517
0,96,117,0,0,40.051
0,97,117,0,0,40.0504
0,98,117,0,0,40.0497
0,99,117,0,0,40.0491
0,100,117,0,0,40.0485
0,101,117,0,0,40.0479
0,102,117,0,0,40.0473
0,103,117,0,0,40.0467
0,104,117,0,0,40.0461
0,105,117,0,0,40.0455
0,106,117,0,0,40.045
0,107,117,0,0,40.0444
0,108,117,0,0,40.0439
0,109,117,0,0,40.0434
0,110,117,0,0,40.0429
0,111,117,0,0,40.0424
0,112,117,0,0,40.0419
0,113,117,0,0,40.0415
0,114,117,0,0,40.041
0,115,117,0,0,40.0406
0,116,117,0,0,40.0402
0,117,117,0,0,40.0397
0,118,117,0,0,40.0393
0,119,117,0,0,40.039
0,120,117,0,0,40.0386
0,121,117,0,0,40.0383
0,122,117,0,0,40.0379
0,123,117,0,0,40.0376
0,124,117,0,0,40.0373
0,125,117,0,0,40.037
0,126,117,0,0,40.0367
0,127,117,0,0,40.0365
0,128,117,0,6.09525e-06,40.0363
0,129,117,0,0,40.0355
0,130,117,0,0,40.0348
0,131,117,0,0,40.0342
0,132,117,0,0,40.0335
0,133,117,0,0,40.0329
0,134,117,0,0,40.0322
0,135,117,0,0,40.0316
0,136,117,0,0,40.031
0,137,117,0,0,40.0304
0,138,117,0,0,40.0299
0,139,117,0,0,40.0293
0,140,117,0,0,40.0288
0,141,117,0,0,40.0282
0,142,117,0,0,40.0277
0,143,117,0,0,40.0272
0,144,117,0,0,40.0267
0,145,117,0,0,40.0263
0,146,117,0,0,40.0258
0,147,117,0,0,40.0254
0,148,117,0,0,40.0249
0,149,117,0,0,40.0245
0,150,117,0,0,40.0241
0,151,117,0,0,40.0237
0,152,117,0,0,40.0233
0,153,117,0,0,40.0229
0,154,117,0,0,40.0226
0,155,117,0,0,40.0222
0,156,117,0,0,40.0218
0,157,117,0,0,40.0215
0,158,117,0,0,40.0212
0,159,117,0,0,40.0209
0,160,117,0,0,40.0206
0,161,117,0,0,40.0203
0,162,117,0,0,40.02
0,163,117,0,0,40.0197
0,164,117,0,0,40.0195
0,165,117,0,0,40.0192
0,166,117,0,0,40.019
0,167,117,0,0,40.0187
0,168,117,0,0,40.0185
0,169,117,0,0,40.0183
0,170,117,0,0,40.0181
0,171,117,0,0,40.0179
0,172,117,0,0,40.0178
0,173,117,0,0,40.0176
0,174,117,0,0,40.0174
0,175,117,0,0,40.0173
0,176,117,0,0,40.0171
0,177,117,0,0,40.017
0,178,117,0,0,40.0169
0,179,117,0,0,40.0168
0,180,117,0,0,40.0167
0,181,117,0,0,40.0166
0,182,117,0,0,40.0166
0,183,117,0,0,40.0165
0,184,117,0,0,40.0165
0,185,117,0,0,40.0164
0,186,117,0,0,40.0164
0,187,117,0,0,40.0164
0,188,117,0,0,40.0164
0,189,117,0,0,40.0164
0,190,117,0,0,40.0164
0,191,117,0,0,40.0165
0,192,117,0,6.09525e-06,40.0166
0,193,117,0,0,40.0161
0,194,117,0,0,40.0157
0,195,117,0,0,40.0153
0,196,117,0,0,40.0149
0,197,117,0,0,40.0146
0,198,117,0,0,40.0142
0,199,117,0,0,40.0138
0,200,117,0,0,40.0135
0,201,117,0,0,40.0132
0,202,117,0,0,40.0129
0,203,117,0,0,40.0126
0,204,117,0,0,40.0123
0,205,117,0,0,40.012
0,206,117,0,0,40.0117
0,207,117,0,0,40.0114
0,208,117,0,0,40.0112
0,209,117,0,0,40.0109
0,210,117,0,0,40.0107
0,211,117,0,0,40.0105
0,212,117,0,0,40.0102
0,213,117,0,0,40.01
0,214,117,0,0,40.0098
0,215,117,0,0,40.0096
0,216,117,0,0,40.0094
0,217,117,0,0,40.0092
0,218,117,0,0,40.009
0,219,117,0,0,40.0088
0,220,117,0,0,40.0087
0,221,117,0,0,40.0085
0,222,117,0,0,40.0083
0,223,117,0,0,40.0082
0,224,117,0,0,40.008
0,225,117,0,0,40.0079
0,226,117,0,0,40.0078
0,227,117,0,0,40.0076
0,228,117,0,0,40.0075
0,229,117,0,0,40.0074
0,230,117,0,0,40.0073
0,231,117,0,0,40.0071
0,232,117,0,0,40.007
0,233,117,0,0,40.0069
0,234,117,0,0,40.0068
0,235,117,0,0,40.0067
0,236,117,0,0,40.0067
0,237,117,0,0,40.0066
0,238,117,0,0,40.0065
0,239,117,0,0,40.0064
0,240,117,0,0,40.0064
0,241,117,0,0,40.0063
0,242,117,0,0,40.0062
0,243,117,0,0,40.0062
0,244,117,0,0,40.0061
0,245,117,0,0,40.0061
0,246,117,0,0,40.006
0,247,117,0,0,40.006
0,248,117,0,0,40.0059
0,249,117,0,0,40.0059
0,250,117,0,0,40.0059
0,251,117,0,0,40.0059
0,252,117,0,0,40.0058
0,253,117,0,0,40.0058
0,254,117,0,0,40.0058
0,255,117,0,0,40.0058
0,0,118,0,6.09525e-06,40.1098
0,1,118,0,0,40.1093
0,2,118,0,0,40.1089
0,3,118,0,0,40.1084
0,4,118,0,0,40.1079
0,5,118,0,0,40.1074
0,6,118,0,0,40.1069
0,7,118,0,0,40.1065
0,8,118,0,0,40.106
0,9,118,0,0,40.1055
0,10,118,0,0,40.105
0,11,118,0,0,40.1046
0,12,118,0,0,40.1041
0,13,118,0,0,40.1036
0,14,118,0,0,40.1031
0,15,118,0,0,40.1026
0,16,118,0,0,40.1021
0,17,118,0,0,40.1016
0,18,118,0,0,40.1011
0,19,118,0,0,40.1006
0,20,118,0,0,40.1001
0,21,118,0,0,40.0996
0,22,118,0,0,40.0991
0,23,118,0,0,40.0985
0,24,118,0,0,40.098
0,25,118,0,0,40.0975
0,26,118,0,0,40.097
0,27,118,0,0,40.0964
0,28,118,0,0,40.0959
0,29,118,0,0,40.0953
0,30,118,0,0,40.0948
0,31,118,0,0,40.0942
0,32,118,0,0,40.0937
0,33,118,0,0,40.0931
0,34,118,0,0,40.0926
0,35,118,0,0,40.092
0,36,118,0,0,40.0914
0,37,118,0,0,40.0909
0,38,118,0,0,40.0903
0,39,118,0,0,40.0897
0,40,118,0,0,40.0892
0,41,118,0,0,40.0886
0,42,118,0,0,40.088
0,43,118,0,0,40.0874
0,44,118,0,0,40.0869
0,45,118,0,0,40.0863
0,46,118,0,0,40.0857
0,47,118,0,0,40.0851
0,48,118,0,0,40.0846
0,49,118,0,0,40.084
0,50,118,0,0,40.0834
0,51,118,0,0,40.0829
0,52,118,0,0,40.0823
0,53,118,0,0,40.0818
0,54,118,0,0,40.0812
0,55,118,0,0,40.0807
0,56,118,0,0,40.0801
0,57,118,0,0,40.0796
0,58,118,0,0,40.0791
0,59,118,0,0,40.0785
0,60,118,0,0,40.078
0,61,118,0,0,40.0775
0,62,118,0,0,40.077
0,63,118,0,0,40.0766
0,64,118,0,6.09525e-06,40.0761
0,65,118,0,0,40.0751
0,66,118,0,0,40.0742
0,67,118,0,0,40.0732
0,68,118,0,0,40.0723
0,69,118,0,0,40.0714
0,70,118,0,0,40.0705
0,71,118,0,0,40.0696
0,72,118,0,0,40.0687
0,73,118,0,0,40.0678
0,74,118,0,0,40.0669
0,75,118,0,0,40.0661
0,76,118,0,0,40.0652
0,77,118,0,0,40.0644
0,78,118,0,0,40.0636
0,79,118,0,0,40.0628
0,80,118,0,0,40.0619
0,81,118,0,0,40.0611
0,82,118,0,0,40.0604
0,83,118,0,0,40.0596
0,84,118,0,0,40.0588
0,85,118,0,0,40.058
0,86,118,0,0,40.0573
0,87,118,0,0,40.0565
0,88,118,0,0,40.0558
0,89,118,0,0,40.0551
0,90,118,0,0,40.0544
0,91,118,0,0,40.0537
0,92,118,0,0,40.053
0,93,118,0,0,40.0523
0,94,118,0,0,40.0516
0,95,118,0,0,40.051
0,96,118,0,0,40.0503
0,97,118,0,0,40.0497
0,98,118,0,0,40.049
0,99,118,0,0,40.0484
0,100,118,0,0,40.0478
0,101,118,0,0,40.0472
0,102,118,0,0,40.0466
0,103,118,0,0,40.0461
0,104,118,0,0,40.0455
0,105,118,0,0,40.0449
0,106,118,0,0,40.0444
0,107,118,0,0,40.0439
0,108,118,0,0,40.0434
0,109,118,0,0,40.0429
0,110,118,0,0,40.0424
0,111,118,0,0,40.0419
0,112,118,0,0,40.0414
0,113,118,0,0,40.041
0,114,118,0,0,40.0405
0,115,118,0,0,40.0401
0,116,118,0,0,40.0397
0,117,118,0,0,40.0393
0,118,118,0,0,40.0389
0,119,118,0,0,40.0385
0,120,118,0,0,40.0382
0,121,118,0,0,40.0378
0,122,118,0,0,40.0375
0,123,118,0,0,40.0372
0,124,118,0,0,40.0369
0,125,118,0,0,40.0366
0,126,118,0,0,40.0364
0,127,118,0,0,40.0361
0,128,118,0,6.09525e-06,40.0359
0,129,118,0,0,40.0352
0,130,118,0,0,40.0345
0,131,118,0,0,40.0338
0,132,118,0,0,40.0332
0,133,118,0,0,40.0325
0,134,118,0,0,40.0319
0,135,118,0,0,40.0313
0,136,118,0,0,40.0307
0,137,118,0,0,40.0301
0,138,118,0,0,40.0296
0,139,118,0,0,40.029
0,140,118,0,0,40.0285
0,141,118,0,0,40.028
0,142,118,0,0,40.0275
0,143,118,0,0,40.027
0,144,118,0,0,40.0265
0,145,118,0,0,40.026
0,146,118,0,0,40.0256
0,147,118,0,0,40.0251
0,148,118,0,0,40.0247
0,149,118,0,0,40.0243
0,150,118,0,0,40.0239
0,151,118,0,0,40.0235
0,152,118,0,0,40.0231
0,153,118,0,0,40.0227
0,154,118,0,0,40.0224
0,155,118,0,0,40.022
0,156,118,0,0,40.0217
0,157,118,0,0,40.0213
0,158,118,0,0,40.021
0,159,118,0,0,40.0207
0,160,118,0,0,40.0204
0,161,118,0,0,40.0201
0,162,118,0,0,40.0198
0,163,118,0,0,40.0196
0,164,118,0,0,40.0193
0,165,118,0,0,40.0191
0,166,118,0,0,40.0188
0,167,118,0,0,40.0186
0,168,118,0,0,40.0184
0,169,118,0,0,40.0182
0,170,118,0,0,40.018
0,171,118,0,0,40.0178
0,172,118,0,0,40.0176
0,173,118,0,0,40.0175
0,174,118,0,0,40.0173
0,175,118,0,0,40.0172
0,176,118,0,0,40.017
0,177,118,0,0,40.0169
0,178,118,0,0,40.0168
0,179,118,0,0,40.0167
0,180,118,0,0,40.0166
0,181,118,0,0,40.0165
0,182,118,0,0,40.0165
0,183,118,0,0,40.0164
0,184,118,0,0,40.0164
0,185,118,0,0,40.0163
0,186,118,0,0,40.0163
0,187,118,0,0,40.0163
0,188,118,0,0,40.0163
0,189,118,0,0,40.0163
0,190,118,0,0,40.0164
0,191,118,0,0,40.0164
0,192,118,0,6.09525e-06,40.0165
0,193,118,0,0,40.016
0,194,118,0,0,40.0156
0,195,118,0,0,40.0152
0,196,118,0,0,40.0149
0,197,118,0,0,40.0145
0,198,118,0,0,40.0141
0,199,118,0,0,40.0138
0,200,118,0,0,40.0134
0,201,118,0,0,40.0131
0,202,118,0,0,40.0128
0,203,118,0,0,40.0125
0,204,118,0,0,40.0122
0,205,118,0,0,40.0119
0,206,118,0,0,40.0117
0,207,118,0,0,40.0114
0,208,118,0,0,40.0111
0,209,118,0,0,40.0109
0,210,118,0,0,40.0106
0,211,118,0,0,40.0104
0,212,118,0,0,40.0102
0,213,118,0,0,40.01
0,214,118,0,0,40.0098
0,215,118,0,0,40.0096
0,216,118,0,0,40.0094
0,217,118,0,0,40.0092
0,218,118,0,0,40.009
0,219,118,0,0,40.0088
0,220,118,0,0,40.0086
0,221,118,0,0,40.0085
0,222,118,0,0,40.0083
0,223,118,0,0,40.0082
0,224,118,0,0,40.008
0,225,118,0,0,40.0079
0,226,118,0,0,40.0077
0,227,118,0,0,40.0076
0,228,118,0,0,40.0075
0,229,118,0,0,40.0073
0,230,118,0,0,40.0072
0,231,118,0,0,40.0071
0,232,118,0,0,40.007
0,233,118,0,0,40.0069
0,234,118,0,0,40.0068
0,235,118,0,0,40.0067
0,236,118,0,0,40.0066
0,237,118,0,0,40.0066
0,238,118,0,0,40.0065
0,239,118,0,0,40.0064
0,240,118,0,0,40.0063
0,241,118,0,0,40.0063
0,242,118,0,0,40.0062
0,243,118,0,0,40.0061
0,244,118,0,0,40.0061
0,245,118,0,0,40.006
0,246,118,0,0,40.006
0,247,118,0,0,40.006
0,248,118,0,0,40.0059
0,249,118,0,0,40.0059
0,250,118,0,0,40.0059
0,251,118,0,0,40.0058
0,252,118,0,0,40.0058
0,253,118,0,0,40.0058
0,254,118,0,0,40.0058
0,255,118,0,0,40.0058
0,0,119,0,6.09525e-06,40.108
0,1,119,0,0,40.1075
0,2,119,0,0,40.107
0,3,119,0,0,40.1065
0,4,119,0,0,40.106
0,5,119,0,0,40.1055
0,6,119,0,0,40.1051
0,7,119,0,0,40.1046
0,8,119,0,0,40.1041
0,9,119,0,0,40.1037
0,10,119,0,0,40.1032
0,11,119,0,0,40.1027
0,12,119,0,0,40.1022
0,13,119,0,0,40.1018
0,14,119,0,0,40.1013
0,15,119,0,0,40.1008
0,16,119,0,0,40.1003
0,17,119,0,0,40.0998
0,18,119,0,0,40.0993
0,19,119,0,0,40.0988
0,20,119,0,0,40.0983
0,21,119,0,0,40.0978
0,22,119,0,0,40.0973
0,23,119,0,0,40.0968
0,24,119,0,0,40.0963
0,25,119,0,0,40.0958
0,26,119,0,0,40.0953
0,27,119,0,0,40.0947
0,28,119,0,0,40.0942
0,29,119,0,0,40.0937
0,30,119,0,0,40.0931
0,31,119,0,0,40.0926
0,32,119,0,0,40.0921
0,33,119,0,0,40.0915
0,34,119,0,0,40.091
0,35,119,0,0,40.0904
0,36,119,0,0,40.0899
0,37,119,0,0,40.0893
0,38,119,0,0,40.0888
0,39,119,0,0,40.0882
0,40,119,0,0,40.0877
0,41,119,0,0,40.0871
0,42,119,0,0,40.0865
0,43,119,0,0,40.086
0,44,119,0,0,40.0854
0,45,119,0,0,40.0849
0,46,119,0,0,40.0843
0,47,119,0,0,40.0837
0,48,119,0,0,40.0832
0,49,119,0,0,40.0826
0,50,119,0,0,40.0821
0,51,119,0,0,40.0815
0,52,119,0,0,40.081
0,53,119,0,0,40.0805
0,54,119,0,0,40.0799
0,55,119,0,0,40.0794
0,56,119,0,0,40.0789
0,57,119,0,0,40.0783
0,58,119,0,0,40.0778
0,59,119,0,0,40.0773
0,60,119,0,0,40.0768
0,61,119,0,0,40.0763
0,62,119,0,0,40.0759
0,63,119,0,0,40.0754
0,64,119,0,6.09525e-06,40.0749
0,65,119,0,0,40.074
0,66,119,0,0,40.0731
0,67,119,0,0,40.0721
0,68,119,0,0,40.0712
0,69,119,0,0,40.0703
0,70,119,0,0,40.0694
0,71,119,0,0,40.0686
0,72,119,0,0,40.0677
0,73,119,0,0,40.0668
0,74,119,0,0,40.066
0,75,119,0,0,40.0651
0,76,119,0,0,40.0643
0,77,119,0,0,40.0635
0,78,119,0,0,40.0627
0,79,119,0,0,40.0619
0,80,119,0,0,40.0611
0,81,119,0,0,40.0603
0,82,119,0,0,40.0595
0,83,119,0,0,40.0587
0,84,119,0,0,40.058
0,85,119,0,0,40.0572
0,86,119,0,0,40.0565
0,87,119,0,0,40.0558
0,88,119,0,0,40.0551
0,89,119,0,0,40.0543
0,90,119,0,0,40.0537
0,91,119,0,0,40.053
0,92,119,0,0,40.0523
0,93,119,0,0,40.0516
0,94,119,0,0,40.051
0,95,119,0,0,40.0503
0,96,119,0,0,40.0497
0,97,119,0,0,40.049
0,98,119,0,0,40.0484
0,99,119,0,0,40.0478
0,100,119,0,0,40.0472
0,101,119,0,0,40.0466
0,102,119,0,0,40.0461
0,103,119,0,0,40.0455
0,104,119,0,0,40.0449
0,105,119,0,0,40.0444
0,106,119,0,0,40.0439
0,107,119,0,0,40.0434
0,108,119,0,0,40.0428
0,109,119,0,0,40.0424
0,110,119,0,0,40.0419
0,111,119,0,0,40.0414
0,112,119,0,0,40.0409
0,113,119,0,0,40.0405
0,114,119,0,0,40.0401
0,115,119,0,0,40.0397
0,116,119,0,0,40.0392
0,117,119,0,0,40.0389
0,118,119,0,0,40.0385
0,119,119,0,0,40.0381
0,120,119,0,0,40.0378
0,121,119,0,0,40.0374
0,122,119,0,0,40.0371
0,123,119,0,0,40.0368
0,124,119,0,0,40.0365
0,125,119,0,0,40.0363
0,126,119,0,0,40.036
0,127,119,0,0,40.0358
0,128,119,0,6.09525e-06,40.0356
0,129,119,0,0,40.0348
0,130,119,0,0,40.0342
0,131,119,0,0,40.0335
0,132,119,0,0,40.0329
0,133,119,0,0,40.0322
0,134,119,0,0,40.0316
0,135,119,0,0,40.031
0,136,119,0,0,40.0304
0,137,119,0,0,40.0299
0,138,119,0,0,40.0293
0,139,119,0,0,40.0288
0,140,119,0,0,40.0283
0,141,119,0,0,40.0277
0,142,119,0,0,40.0272
0,143,119,0,0,40.0268
0,144,119,0,0,40.0263
0,145,119,0,0,40.0258
0,146,119,0,0,40.0254
0,147,119,0,0,40.0249
0,148,119,0,0,40.0245
0,149,119,0,0,40.0241
0,150,119,0,0,40.0237
0,151,119,0,0,40.0233
0,152,119,0,0,40.0229
0,153,119,0,0,40.0225
0,154,119,0,0,40.0222
0,155,119,0,0,40.0218
0,156,119,0,0,40.0215
0,157,119,0,0,40.0212
0,158,119,0,0,40.0209
0,159,119,0,0,40.0206
0,160,119,0,0,40.0203
0,161,119,0,0,40.02
0,162,119,0,0,40.0197
0,163,119,0,0,40.0194
0,164,119,0,0,40.0192
0,165,119,0,0,40.0189
0,166,119,0,0,40.0187
0,167,119,0,0,40.0185
0,168,119,0,0,40.0183
0,169,119,0,0,40.0181
0,170,119,0,0,40.0179
0,171,119,0,0,40.0177
0,172,119,0,0,40.0175
0,173,119,0,0,40.0174
0,174,119,0,0,40.0172
0,175,119,0,0,40.0171
0,176,119,0,0,40.0169
0,177,119,0,0,40.0168
0,178,119,0,0,40.0167
0,179,119,0,0,40.0166
0,180,119,0,0,40.0165
0,181,119,0,0,40.0164
0,182,119,0,0,40.0164
0,183,119,0,0,40.0163
0,184,119,0,0,40.0163
0,185,119,0,0,40.0162
0,186,119,0,0,40.0162
0,187,119,0,0,40.0162
0,188,119,0,0,40.0162
0,189,119,0,0,40.0162
0,190,119,0,0,40.0163
0,191,119,0,0,40.0163
0,192,119,0,6.09525e-06,40.0164
0,193,119,0,0,40.016
0,194,119,0,0,40.0156
0,195,119,0,0,40.0152
0,196,119,0,0,40.0148
0,197,119,0,0,40.0144
0,198,119,0,0,40.0141
0,199,119,0,0,40.0137
0,200,119,0,0,40.0134
0,201,119,0,0,40.0131
0,202,119,0,0,40.0128
0,203,119,0,0,40.0125
0,204,119,0,0,40.0122
0,205,119,0,0,40.0119
0,206,119,0,0,40.0116
0,207,119,0,0,40.0113
0,208,119,0,0,40.0111
0,209,119,0,0,40.0108
0,210,119,0,0,40.0106
0,211,119,0,0,40.0104
0,212,119,0,0,40.0101
0,213,119,0,0,40.0099
0,214,119,0,0,40.0097
0,215,119,0,0,40.0095
0,216,119,0,0,40.0093
0,217,119,0,0,40.0091
0,218,119,0,0,40.009
0,219,119,0,0,40.0088
0,220,119,0,0,40.0086
0,221,119,0,0,40.0084
0,222,119,0,0,40.0083
0,223,119,0,0,40.0081
0,224,119,0,0,40.008
0,225,119,0,0,40.0078
0,226,119,0,0,40.0077
0,227,119,0,0,40.0076
0,228,119,0,0,40.0074
0,229,119,0,0,40.0073
0,230,119,0,0,40.0072
0,231,119,0,0,40.0071
0,232,119,0,0,40.007
0,233,119,0,0,40.0069
0,234,119,0,0,40.0068
0,235,119,0,0,40.0067
0,236,119,0,0,40.0066
0,237,119,0,0,40.0065
0,238,119,0,0,40.0065
0,239,119,0,0,40.0064
0,240,119,0,0,40.0063
0,241,119,0,0,40.0062
0,242,119,0,0,40.0062
0,243,119,0,0,40.0061
0,244,119,0,0,40.0061
0,245,119,0,0,40.006
0,246,119,0,0,40.006
0,247,119,0,0,40.0059
0,248,119,0,0,40.0059
0,249,119,0,0,40.0059
0,250,119,0,0,40.0058
0,251,119,0,0,40.0058
0,252,119,0,0,40.0058
0,253,119,0,0,40.0058
0,254,119,0,0,40.0058
0,255,119,0,0,40.0058
0,0,120,0,6.09525e-06,40.1063
0,1,120,0,0,40.1058
0,2,120,0,0,40.1053
0,3,120,0,0,40.1048
0,4,120,0,0,40.1043
0,5,120,0,0,40.1039
0,6,120,0,0,40.1034
0,7,120,0,0,40.1029
0,8,120,0,0,40.1025
0,9,120,0,0,40.102
0,10,120,0,0,40.1016
0,11,120,0,0,40.1011
0,12,120,0,0,40.1006
0,13,120,0,0,40.1002
0,14,120,0,0,40.0997
0,15,120,0,0,40.0992
0,16,120,0,0,40.0987
0,17,120,0,0,40.0982
0,18,120,0,0,40.0978
0,19,120,0,0,40.0973
0,20,120,0,0,40.0968
0,21,120,0,0,40.0963
0,22,120,0,0,40.0958
0,23,120,0,0,40.0953
0,24,120,0,0,40.0948
0,25,120,0,0,40.0943
0,26,120,0,0,40.0938
0,27,120,0,0,40.0932
0,28,120,0,0,40.0927
0,29,120,0,0,40.0922
0,30,120,0,0,40.0917
0,31,120,0,0,40.0912
0,32,120,0,0,40.0906
0,33,120,0,0,40.0901
0,34,120,0,0,40.0896
0,35,120,0,0,40.089
0,36,120,0,0,40.0885
0,37,120,0,0,40.0879
0,38,120,0,0,40.0874
0,39,120,0,0,40.0868
0,40,120,0,0,40.0863
0,41,120,0,0,40.0858
0,42,120,0,0,40.0852
0,43,120,0,0,40.0847
0,44,120,0,0,40.0841
0,45,120,0,0,40.0836
0,46,120,0,0,40.083
0,47,120,0,0,40.0825
0,48,120,0,0,40.0819
0,49,120,0,0,40.0814
0,50,120,0,0,40.0809
0,51,120,0,0,40.0803
0,52,120,0,0,40.0798
0,53,120,0,0,40.0793
0,54,120,0,0,40.0788
0,55,120,0,0,40.0782
0,56,120,0,0,40.0777
0,57,120,0,0,40.0772
0,58,120,0,0,40.0767
0,59,120,0,0,40.0762
0,60,120,0,0,40.0757
0,61,120,0,0,40.0753
0,62,120,0,0,40.0748
0,63,120,0,0,40.0744
0,64,120,0,6.09525e-06,40.0739
0,65,120,0,0,40.073
0,66,120,0,0,40.0721
0,67,120,0,0,40.0712
0,68,120,0,0,40.0703
0,69,120,0,0,40.0694
0,70,120,0,0,40.0685
0,71,120,0,0,40.0676
0,72,120,0,0,40.0668
0,73,120,0,0,40.0659
0,74,120,0,0,40.0651
0,75,120,0,0,40.0643
0,76,120,0,0,40.0635
0,77,120,0,0,40.0626
0,78,120,0,0,40.0619
0,79,120,0,0,40.0611
0,80,120,0,0,40.0603
0,81,120,0,0,40.0595
0,82,120,0,0,40.0588
0,83,120,0,0,40.058
0,84,120,0,0,40.0573
0,85,120,0,0,40.0565
0,86,120,0,0,40.0558
0,87,120,0,0,40.0551
0,88,120,0,0,40.0544
0,89,120,0,0,40.0537
0,90,120,0,0,40.053
0,91,120,0,0,40.0523
0,92,120,0,0,40.0517
0,93,120,0,0,40.051
0,94,120,0,0,40.0503
0,95,120,0,0,40.0497
0,96,120,0,0,40.0491
0,97,120,0,0,40.0485
0,98,120,0,0,40.0479
0,99,120,0,0,40.0473
0,100,120,0,0,40.0467
0,101,120,0,0,40.0461
0,102,120,0,0,40.0455
0,103,120,0,0,40.045
0,104,120,0,0,40.0444
0,105,120,0,0,40.0439
0,106,120,0,0,40.0434
0,107,120,0,0,40.0429
0,108,120,0,0,40.0424
0,109,120,0,0,40.0419
0,110,120,0,0,40.0414
0,111,120,0,0,40.041
0,112,120,0,0,40.0405
0,113,120,0,0,40.0401
0,114,120,0,0,40.0397
0,115,120,0,0,40.0393
0,116,120,0,0,40.0389
0,117,120,0,0,40.0385
0,118,120,0,0,40.0381
0,119,120,0,0,40.0377
0,120,120,0,0,40.0374
0,121,120,0,0,40.0371
0,122,120,0,0,40.0368
0,123,120,0,0,40.0365
0,124,120,0,0,40.0362
0,125,120,0,0,40.0359
0,126,120,0,0,40.0357
0,127,120,0,0,40.0354
0,128,120,0,6.09525e-06,40.0352
0,129,120,0,0,40.0345
0,130,120,0,0,40.0339
0,131,120,0,0,40.0332
0,132,120,0,0,40.0326
0,133,120,0,0,40.032
0,134,120,0,0,40.0313
0,135,120,0,0,40.0308
0,136,120,0,0,40.0302
0,137,120,0,0,40.0296
0,138,120,0,0,40.0291
0,139,120,0,0,40.0285
0,140,120,0,0,40.028
0,141,120,0,0,40.0275
0,142,120,0,0,40.027
0,143,120,0,0,40.0265
0,144,120,0,0,40.0261
0,145,120,0,0,40.0256
0,146,120,0,0,40.0252
0,147,120,0,0,40.0247
0,148,120,0,0,40.0243
0,149,120,0,0,40.0239
0,150,120,0,0,40.0235
0,151,120,0,0,40.0231
0,152,120,0,0,40.0228
0,153,120,0,0,40.0224
0,154,120,0,0,40.022
0,155,120,0,0,40.0217
0,156,120,0,0,40.0214
0,157,120,0,0,40.021
0,158,120,0,0,40.0207
0,159,120,0,0,40.0204
0,160,120,0,0,40.0201
0,161,120,0,0,40.0199
0,162,120,0,0,40.0196
0,163,120,0,0,40.0193
0,164,120,0,0,40.0191
0,165,120,0,0,40.0188
0,166,120,0,0,40.0186
0,167,120,0,0,40.0184
0,168,120,0,0,40.0182
0,169,120,0,0,40.018
0,170,120,0,0,40.0178
0,171,120,0,0,40.0176
0,172,120,0,0,40.0174
0,173,120,0,0,40.0173
0,174,120,0,0,40.0171
0,175,120,0,0,40.017
0,176,120,0,0,40.0168
0,177,120,0,0,40.0167
0,178,120,0,0,40.0166
0,179,120,0,0,40.0165
0,180,120,0,0,40.0164
0,181,120,0,0,40.0164
0,182,120,0,0,40.0163
0,183,120,0,0,40.0162
0,184,120,0,0,40.0162
0,185,120,0,0,40.0162
0,186,120,0,0,40.0161
0,187,120,0,0,40.0161
0,188,120,0,0,40.0161
0,189,120,0,0,40.0162
0,190,120,0,0,40.0162
0,191,120,0,0,40.0162
0,192,120,0,6.09525e-06,40.0163
0,193,120,0,0,40.0159
0,194,120,0,0,40.0155
0,195,120,0,0,40.0151
0,196,120,0,0,40.0147
0,197,120,0,0,40.0143
0,198,120,0,0,40.014
0,199,120,0,0,40.0137
0,200,120,0,0,40.0133
0,201,120,0,0,40.013
0,202,120,0,0,40.0127
0,203,120,0,0,40.0124
0,204,120,0,0,40.0121
0,205,120,0,0,40.0118
0,206,120,0,0,40.0116
0,207,120,0,0,40.0113
0,208,120,0,0,40.011
0,209,120,0,0,40.0108
0,210,120,0,0,40.0106
0,211,120,0,0,40.0103
0,212,120,0,0,40.0101
0,213,120,0,0,40.0099
0,214,120,0,0,40.0097
0,215,120,0,0,40.0095
0,216,120,0,0,40.0093
0,217,120,0,0,40.0091
0,218,120,0,0,40.0089
0,219,120,0,0,40.0087
0,220,120,0,0,40.0086
0,221,120,0,0,40.0084
0,222,120,0,0,40.0083
0,223,120,0,0,40.0081
0,224,120,0,0,40.008
0,225,120,0,0,40.0078
0,226,120,0,0,40.0077
0,227,120,0,0,40.0075
0,228,120,0,0,40.0074
0,229,120,0,0,40.0073
0,230,120,0,0,40.0072
0,231,120,0,0,40.0071
0,232,120,0,0,40.007
0,233,120,0,0,40.0069
0,234,120,0,0,40.0068
0,235,120,0,0,40.0067
0,236,120,0,0,40.0066
0,237,120,0,0,40.0065
0,238,120,0,0,40.0064
0,239,120,0,0,40.0064
0,240,120,0,0,40.0063
0,241,120,0,0,40.0062
0,242,120,0,0,40.0062
0,243,120,0,0,40.0061
0,244,120,0,0,40.0061
0,245,120,0,0,40.006
0,246,120,0,0,40.006
0,247,120,0,0,40.0059
0,248,120,0,0,40.0059
0,249,120,0,0,40.0059
0,250,120,0,0,40.0058
0,251,120,0,0,40.0058
0,252,120,0,0,40.0058
0,253,120,0,0,40.0058
0,254,120,0,0,40.0058
0,255,120,0,0,40.0058
0,0,121,0,6.09525e-06,40.1048
0,1,121,0,0,40.1043
0,2,121,0,0,40.1038
0,3,121,0,0,40.1033
0,4,121,0,0,40.1029
0,5,121,0,0,40.1024
0,6,121,0,0,40.1019
0,7,121,0,0,40.1015
0,8,121,0,0,40.101
0,9,121,0,0,40.1006
0,10,121,0,0,40.1001
0,11,121,0,0,40.0996
0,12,121,0,0,40.0992
0,13,121,0,0,40.0987
0,14,121,0,0,40.0983
0,15,121,0,0,40.0978
0,16,121,0,0,40.0973
0,17,121,0,0,40.0968
0,18,121,0,0,40.0964
0,19,121,0,0,40.0959
0,20,121,0,0,40.0954
0,21,121,0,0,40.0949
0,22,121,0,0,40.0944
0,23,121,0,0,40.0939
0,24,121,0,0,40.0934
0,25,121,0,0,40.0929
0,26,121,0,0,40.0924
0,27,121,0,0,40.0919
0,28,121,0,0,40.0914
0,29,121,0,0,40.0909
0,30,121,0,0,40.0904
0,31,121,0,0,40.0899
0,32,121,0,0,40.0893
0,33,121,0,0,40.0888
0,34,121,0,0,40.0883
0,35,121,0,0,40.0878
0,36,121,0,0,40.0872
0,37,121,0,0,40.0867
0,38,121,0,0,40.0862
0,39,121,0,0,40.0856
0,40,121,0,0,40.0851
0,41,121,0,0,40.0846
0,42,121,0,0,40.084
0,43,121,0,0,40.0835
0,44,121,0,0,40.083
0,45,121,0,0,40.0824
0,46,121,0,0,40.0819
0,47,121,0,0,40.0814
0,48,121,0,0,40.0808
0,49,121,0,0,40.0803
0,50,121,0,0,40.0798
0,51,121,0,0,40.0793
0,52,121,0,0,40.0788
0,53,121,0,0,40.0782
0,54,121,0,0,40.0777
0,55,121,0,0,40.0772
0,56,121,0,0,40.0767
0,57,121,0,0,40.0762
0,58,121,0,0,40.0757
0,59,121,0,0,40.0753
0,60,121,0,0,40.0748
0,61,121,0,0,40.0743
0,62,121,0,0,40.0739
0,63,121,0,0,40.0734
0,64,121,0,6.09525e-06,40.073
0,65,121,0,0,40.0721
0,66,121,0,0,40.0712
0,67,121,0,0,40.0703
0,68,121,0,0,40.0694
0,69,121,0,0,40.0685
0,70,121,0,0,40.0677
0,71,121,0,0,40.0668
0,72,121,0,0,40.066
0,73,121,0,0,40.0651
0,74,121,0,0,40.0643
0,75,121,0,0,40.0635
0,76,121,0,0,40.0627
0,77,121,0,0,40.0619
0,78,121,0,0,40.0611
0,79,121,0,0,40.0604
0,80,121,0,0,40.0596
0,81,121,0,0,40.0588
0,82,121,0,0,40.0581
0,83,121,0,0,40.0573
0,84,121,0,0,40.0566
0,85,121,0,0,40.0559
0,86,121,0,0,40.0552
0,87,121,0,0,40.0545
0,88,121,0,0,40.0538
0,89,121,0,0,40.0531
0,90,121,0,0,40.0524
0,91,121,0,0,40.0518
0,92,121,0,0,40.0511
0,93,121,0,0,40.0505
0,94,121,0,0,40.0498
0,95,121,0,0,40.0492
0,96,121,0,0,40.0486
0,97,121,0,0,40.048
0,98,121,0,0,40.0474
0,99,121,0,0,40.0468
0,100,121,0,0,40.0462
0,101,121,0,0,40.0456
0,102,121,0,0,40.0451
0,103,121,0,0,40.0445
0,104,121,0,0,40.044
0,105,121,0,0,40.0435
0,106,121,0,0,40.043
0,107,121,0,0,40.0425
0,108,121,0,0,40.042
0,109,121,0,0,40.0415
0,110,121,0,0,40.041
0,111,121,0,0,40.0406
0,112,121,0,0,40.0401
0,113,121,0,0,40.0397
0,114,121,0,0,40.0393
0,115,121,0,0,40.0389
0,116,121,0,0,40.0385
0,117,121,0,0,40.0381
0,118,121,0,0,40.0378
0,119,121,0,0,40.0374
0,120,121,0,0,40.0371
0,121,121,0,0,40.0368
0,122,121,0,0,40.0365
0,123,121,0,0,40.0362
0,124,121,0,0,40.0359
0,125,121,0,0,40.0356
0,126,121,0,0,40.0354
0,127,121,0,0,40.0352
0,128,121,0,6.09525e-06,40.035
0,129,121,0,0,40.0343
0,130,121,0,0,40.0336
0,131,121,0,0,40.033
0,132,121,0,0,40.0323
0,133,121,0,0,40.0317
0,134,121,0,0,40.0311
0,135,121,0,0,40.0305
0,136,121,0,0,40.03
0,137,121,0,0,40.0294
0,138,121,0,0,40.0289
0,139,121,0,0,40.0283
0,140,121,0,0,40.0278
0,141,121,0,0,40.0273
0,142,121,0,0,40.0268
0,143,121,0,0,40.0264
0,144,121,0,0,40.0259
0,145,121,0,0,40.0254
0,146,121,0,0,40.025
0,147,121,0,0,40.0246
0,148,121,0,0,40.0242
0,149,121,0,0,40.0238
0,150,121,0,0,40.0234
0,151,121,0,0,40.023
0,152,121,0,0,40.0226
0,153,121,0,0,40.0222
0,154,121,0,0,40.0219
0,155,121,0,0,40.0216
0,156,121,0,0,40.0212
0,157,121,0,0,40.0209
0,158,121,0,0,40.0206
0,159,121,0,0,40.0203
0,160,121,0,0,40.02
0,161,121,0,0,40.0197
0,162,121,0,0,40.0195
0,163,121,0,0,40.0192
0,164,121,0,0,40.019
0,165,121,0,0,40.0187
0,166,121,0,0,40.0185
0,167,121,0,0,40.0183
0,168,121,0,0,40.0181
0,169,121,0,0,40.0179
0,170,121,0,0,40.0177
0,171,121,0,0,40.0175
0,172,121,0,0,40.0173
0,173,121,0,0,40.0172
0,174,121,0,0,40.017
0,175,121,0,0,40.0169
0,176,121,0,0,40.0168
0,177,121,0,0,40.0166
0,178,121,0,0,40.0165
0,179,121,0,0,40.0164
0,180,121,0,0,40.0164
0,181,121,0,0,40.0163
0,182,121,0,0,40.0162
0,183,121,0,0,40.0162
0,184,121,0,0,40.0161
0,185,121,0,0,40.0161
0,186,121,0,0,40.0161
0,187,121,0,0,40.0161
0,188,121,0,0,40.0161
0,189,121,0,0,40.0161
0,190,121,0,0,40.0161
0,191,121,0,0,40.0162
0,192,121,0,6.09525e-06,40.0162
0,193,121,0,0,40.0158
0,194,121,0,0,40.0154
0,195,121,0,0,40.015
0,196,121,0,0,40.0146
0,197,121,0,0,40.0143
0,198,121,0,0,40.0139
0,199,121,0,0,40.0136
0,200,121,0,0,40.0133
0,201,121,0,0,40.013
0,202,121,0,0,40.0127
0,203,121,0,0,40.0124
0,204,121,0,0,40.0121
0,205,121,0,0,40.0118
0,206,121,0,0,40.0115
0,207,121,0,0,40.0113
0,208,121,0,0,40.011
0,209,121,0,0,40.0108
0,210,121,0,0,40.0105
0,211,121,0,0,40.0103
0,212,121,0,0,40.0101
0,213,121,0,0,40.0099
0,214,121,0,0,40.0097
0,215,121,0,0,40.0095
0,216,121,0,0,40.0093
0,217,121,0,0,40.0091
0,218,121,0,0,40.0089
0,219,121,0,0,40.0087
0,220,121,0,0,40.0086
0,221,121,0,0,40.0084
0,222,121,0,0,40.0082
0,223,121,0,0,40.0081
0,224,121,0,0,40.0079
0,225,121,0,0,40.0078
0,226,121,0,0,40.0077
0,227,121,0,0,40.0075
0,228,121,0,0,40.0074
0,229,121,0,0,40.0073
0,230,121,0,0,40.0072
0,231,121,0,0,40.0071
0,232,121,0,0,40.007
0,233,121,0,0,40.0069
0,234,121,0,0,40.0068
0,235,121,0,0,40.0067
0,236,121,0,0,40.0066
0,237,121,0,0,40.0065
0,238,121,0,0,40.0064
0,239,121,0,0,40.0063
0,240,121,0,0,40.0063
0,241,121,0,0,40.0062
0,242,121,0,0,40.0062
0,243,121,0,0,40.0061
0,244,121,0,0,40.006
0,245,121,0,0,40.006
0,246,121,0,0,40.006
0,247,121,0,0,40.0059
0,248,121,0,0,40.0059
0,249,121,0,0,40.0058
0,250,121,0,0,40.0058
0,251,121,0,0,40.0058
0,252,121,0,0,40.0058
0,253,121,0,0,40.0058
0,254,121,0,0,40.0057
0,255,121,0,0,40.0057
0,0,122,0,6.09525e-06,40.1034
0,1,122,0,0,40.103
0,2,122,0,0,40.1025
0,3,122,0,0,40.102
0,4,122,0,0,40.1016
0,5,122,0,0,40.1011
0,6,122,0,0,40.1006
0,7,122,0,0,40.1002
0,8,122,0,0,40.0997
0,9,122,0,0,40.0993
0,10,122,0,0,40.0988
0,11,122,0,0,40.0984
0,12,122,0,0,40.0979
0,13,122,0,0,40.0975
0,14,122,0,0,40.097
0,15,122,0,0,40.0965
0,16,122,0,0,40.0961
0,17,122,0,0,40.0956
0,18,122,0,0,40.0951
0,19,122,0,0,40.0947
0,20,122,0,0,40.0942
0,21,122,0,0,40.0937
0,22,122,0,0,40.0932
0,23,122,0,0,40.0927
0,24,122,0,0,40.0923
0,25,122,0,0,40.0918
0,26,122,0,0,40.0913
0,27,122,0,0,40.0908
0,28,122,0,0,40.0903
0,29,122,0,0,40.0898
0,30,122,0,0,40.0893
0,31,122,0,0,40.0887
0,32,122,0,0,40.0882
0,33,122,0,0,40.0877
0,34,122,0,0,40.0872
0,35,122,0,0,40.0867
0,36,122,0,0,40.0862
0,37,122,0,0,40.0856
0,38,122,0,0,40.0851
0,39,122,0,0,40.0846
0,40,122,0,0,40.0841
0,41,122,0,0,40.0836
0,42,122,0,0,40.083
0,43,122,0,0,40.0825
0,44,122,0,0,40.082
0,45,122,0,0,40.0815
0,46,122,0,0,40.0809
0,47,122,0,0,40.0804
0,48,122,0,0,40.0799
0,49,122,0,0,40.0794
0,50,122,0,0,40.0789
0,51,122,0,0,40.0783
0,52,122,0,0,40.0778
0,53,122,0,0,40.0773
0,54,122,0,0,40.0768
0,55,122,0,0,40.0763
0,56,122,0,0,40.0758
0,57,122,0,0,40.0754
0,58,122,0,0,40.0749
0,59,122,0,0,40.0744
0,60,122,0,0,40.0739
0,61,122,0,0,40.0735
0,62,122,0,0,40.073
0,63,122,0,0,40.0726
0,64,122,0,6.09525e-06,40.0722
0,65,122,0,0,40.0713
0,66,122,0,0,40.0704
0,67,122,0,0,40.0695
0,68,122,0,0,40.0686
0,69,122,0,0,40.0678
0,70,122,0,0,40.0669
0,71,122,0,0,40.0661
0,72,122,0,0,40.0653
0,73,122,0,0,40.0645
0,74,122,0,0,40.0636
0,75,122,0,0,40.0628
0,76,122,0,0,40.0621
0,77,122,0,0,40.0613
0,78,122,0,0,40.0605
0,79,122,0,0,40.0597
0,80,122,0,0,40.059
0,81,122,0,0,40.0582
0,82,122,0,0,40.0575
0,83,122,0,0,40.0568
0,84,122,0,0,40.056
0,85,122,0,0,40.0553
0,86,122,0,0,40.0546
0,87,122,0,0,40.0539
0,88,122,0,0,40.0533
0,89,122,0,0,40.0526
0,90,122,0,0,40.0519
0,91,122,0,0,40.0513
0,92,122,0,0,40.0506
0,93,122,0,0,40.05
0,94,122,0,0,40.0493
0,95,122,0,0,40.0487
0,96,122,0,0,40.0481
0,97,122,0,0,40.0475
0,98,122,0,0,40.0469
0,99,122,0,0,40.0464
0,100,122,0,0,40.0458
0,101,122,0,0,40.0452
0,102,122,0,0,40.0447
0,103,122,0,0,40.0441
0,104,122,0,0,40.0436
0,105,122,0,0,40.0431
0,106,122,0,0,40.0426
0,107,122,0,0,40.0421
0,108,122,0,0,40.0416
0,109,122,0,0,40.0412
0,110,122,0,0,40.0407
0,111,122,0,0,40.0403
0,112,122,0,0,40.0398
0,113,122,0,0,40.0394
0,114,122,0,0,40.039
0,115,122,0,0,40.0386
0,116,122,0,0,40.0382
0,117,122,0,0,40.0378
0,118,122,0,0,40.0375
0,119,122,0,0,40.0371
0,120,122,0,0,40.0368
0,121,122,0,0,40.0365
0,122,122,0,0,40.0362
0,123,122,0,0,40.0359
0,124,122,0,0,40.0356
0,125,122,0,0,40.0354
0,126,122,0,0,40.0351
0,127,122,0,0,40.0349
0,128,122,0,6.09525e-06,40.0347
0,129,122,0,0,40.034
0,130,122,0,0,40.0334
0,131,122,0,0,40.0327
0,132,122,0,0,40.0321
0,133,122,0,0,40.0315
0,134,122,0,0,40.0309
0,135,122,0,0,40.0303
0,136,122,0,0,40.0298
0,137,122,0,0,40.0292
0,138,122,0,0,40.0287
0,139,122,0,0,40.0282
0,140,122,0,0,40.0276
0,141,122,0,0,40.0272
0,142,122,0,0,40.0267
0,143,122,0,0,40.0262
0,144,122,0,0,40.0257
0,145,122,0,0,40.0253
0,146,122,0,0,40.0249
0,147,122,0,0,40.0244
0,148,122,0,0,40.024
0,149,122,0,0,40.0236
0,150,122,0,0,40.0232
0,151,122,0,0,40.0229
0,152,122,0,0,40.0225
0,153,122,0,0,40.0221
0,154,122,0,0,40.0218
0,155,122,0,0,40.0214
0,156,122,0,0,40.0211
0,157,122,0,0,40.0208
0,158,122,0,0,40.0205
0,159,122,0,0,40.0202
0,160,122,0,0,40.0199
0,161,122,0,0,40.0196
0,162,122,0,0,40.0194
0,163,122,0,0,40.0191
0,164,122,0,0,40.0189
0,165,122,0,0,40.0186
0,166,122,0,0,40.0184
0,167,122,0,0,40.0182
0,168,122,0,0,40.018
0,169,122,0,0,40.0178
0,170,122,0,0,40.0176
0,171,122,0,0,40.0174
0,172,122,0,0,40.0173
0,173,122,0,0,40.0171
0,174,122,0,0,40.017
0,175,122,0,0,40.0168
0,176,122,0,0,40.0167
0,177,122,0,0,40.0166
0,178,122,0,0,40.0165
0,179,122,0,0,40.0164
0,180,122,0,0,40.0163
0,181,122,0,0,40.0162
0,182,122,0,0,40.0161
0,183,122,0,0,40.0161
0,184,122,0,0,40.016
0,185,122,0,0,40.016
0,186,122,0,0,40.016
0,187,122,0,0,40.016
0,188,122,0,0,40.016
0,189,122,0,0,40.016
0,190,122,0,0,40.016
0,191,122,0,0,40.0161
0,192,122,0,6.09525e-06,40.0162
0,193,122,0,0,40.0157
0,194,122,0,0,40.0153
0,195,122,0,0,40.015
0,196,122,0,0,40.0146
0,197,122,0,0,40.0142
0,198,122,0,0,40.0139
0,199,122,0,0,40.0135
0,200,122,0,0,40.0132
0,201,122,0,0,40.0129
0,202,122,0,0,40.0126
0,203,122,0,0,40.0123
0,204,122,0,0,40.012
0,205,122,0,0,40.0118
0,206,122,0,0,40.0115
0,207,122,0,0,40.0112
0,208,122,0,0,40.011
0,209,122,0,0,40.0107
0,210,122,0,0,40.0105
0,211,122,0,0,40.0103
0,212,122,0,0,40.0101
0,213,122,0,0,40.0098
0,214,122,0,0,40.0096
0,215,122,0,0,40.0094
0,216,122,0,0,40.0092
0,217,122,0,0,40.0091
0,218,122,0,0,40.0089
0,219,122,0,0,40.0087
0,220,122,0,0,40.0085
0,221,122,0,0,40.0084
0,222,122,0,0,40.0082
0,223,122,0,0,40.0081
0,224,122,0,0,40.0079
0,225,122,0,0,40.0078
0,226,122,0,0,40.0076
0,227,122,0,0,40.0075
0,228,122,0,0,40.0074
0,229,122,0,0,40.0073
0,230,122,0,0,40.0071
0,231,122,0,0,40.007
0,232,122,0,0,40.0069
0,233,122,0,0,40.0068
0,234,122,0,0,40.0067
0,235,122,0,0,40.0066
0,236,122,0,0,40.0066
0,237,122,0,0,40.0065
0,238,122,0,0,40.0064
0,239,122,0,0,40.0063
0,240,122,0,0,40.0063
0,241,122,0,0,40.0062
0,242,122,0,0,40.0061
0,243,122,0,0,40.0061
0,244,122,0,0,40.006
0,245,122,0,0,40.006
0,246,122,0,0,40.0059
0,247,122,0,0,40.0059
0,248,122,0,0,40.0059
0,249,122,0,0,40.0058
0,250,122,0,0,40.0058
0,251,122,0,0,40.0058
0,252,122,0,0,40.0058
0,253,122,0,0,40.0057
0,254,122,0,0,40.0057
0,255,122,0,0,40.0057
0,0,123,0,6.09525e-06,40.1023
0,1,123,0,0,40.1018
0,2,123,0,0,40.1014
0,3,123,0,0,40.1009
0,4,123,0,0,40.1004
0,5,123,0,0,40.1
0,6,123,0,0,40.0995
0,7,123,0,0,40.0991
0,8,123,0,0,40.0986
0,9,123,0,0,40.0982
0,10,123,0,0,40.0978
0,11,123,0,0,40.0973
0,12,123,0,0,40.0969
0,13,123,0,0,40.0964
0,14,123,0,0,40.0959
0,15,123,0,0,40.0955
0,16,123,0,0,40.095
0,17,123,0,0,40.0946
0,18,123,0,0,40.0941
0,19,123,0,0,40.0936
0,20,123,0,0,40.0932
0,21,123,0,0,40.0927
0,22,123,0,0,40.0922
0,23,123,0,0,40.0917
0,24,123,0,0,40.0912
0,25,123,0,0,40.0908
0,26,123,0,0,40.0903
0,27,123,0,0,40.0898
0,28,123,0,0,40.0893
0,29,123,0,0,40.0888
0,30,123,0,0,40.0883
0,31,123,0,0,40.0878
0,32,123,0,0,40.0873
0,33,123,0,0,40.0868
0,34,123,0,0,40.0863
0,35,123,0,0,40.0858
0,36,123,0,0,40.0852
0,37,123,0,0,40.0847
0,38,123,0,0,40.0842
0,39,123,0,0,40.0837
0,40,123,0,0,40.0832
0,41,123,0,0,40.0827
0,42,123,0,0,40.0822
0,43,123,0,0,40.0816
0,44,123,0,0,40.0811
0,45,123,0,0,40.0806
0,46,123,0,0,40.0801
0,47,123,0,0,40.0796
0,48,123,0,0,40.0791
0,49,123,0,0,40.0786
0,50,123,0,0,40.0781
0,51,123,0,0,40.0775
0,52,123,0,0,40.077
0,53,123,0,0,40.0766
0,54,123,0,0,40.0761
0,55,123,0,0,40.0756
0,56,123,0,0,40.0751
0,57,123,0,0,40.0746
0,58,123,0,0,40.0741
0,59,123,0,0,40.0737
0,60,123,0,0,40.0732
0,61,123,0,0,40.0728
0,62,123,0,0,40.0723
0,63,123,0,0,40.0719
0,64,123,0,6.09525e-06,40.0715
0,65,123,0,0,40.0706
0,66,123,0,0,40.0697
0,67,123,0,0,40.0689
0,68,123,0,0,40.068
0,69,123,0,0,40.0671
0,70,123,0,0,40.0663
0,71,123,0,0,40.0655
0,72,123,0,0,40.0647
0,73,123,0,0,40.0639
0,74,123,0,0,40.0631
0,75,123,0,0,40.0623
0,76,123,0,0,40.0615
0,77,123,0,0,40.0607
0,78,123,0,0,40.06
0,79,123,0,0,40.0592
0,80,123,0,0,40.0585
0,81,123,0,0,40.0577
0,82,123,0,0,40.057
0,83,123,0,0,40.0563
0,84,123,0,0,40.0556
0,85,123,0,0,40.0549
0,86,123,0,0,40.0542
0,87,123,0,0,40.0535
0,88,123,0,0,40.0528
0,89,123,0,0,40.0521
0,90,123,0,0,40.0515
0,91,123,0,0,40.0508
0,92,123,0,0,40.0502
0,93,123,0,0,40.0496
0,94,123,0,0,40.0489
0,95,123,0,0,40.0483
0,96,123,0,0,40.0477
0,97,123,0,0,40.0471
0,98,123,0,0,40.0466
0,99,123,0,0,40.046
0,100,123,0,0,40.0454
0,101,123,0,0,40.0449
0,102,123,0,0,40.0443
0,103,123,0,0,40.0438
0,104,123,0,0,40.0433
0,105,123,0,0,40.0428
0,106,123,0,0,40.0423
0,107,123,0,0,40.0418
0,108,123,0,0,40.0413
0,109,123,0,0,40.0409
0,110,123,0,0,40.0404
0,111,123,0,0,40.04
0,112,123,0,0,40.0395
0,113,123,0,0,40.0391
0,114,123,0,0,40.0387
0,115,123,0,0,40.0383
0,116,123,0,0,40.0379
0,117,123,0,0,40.0376
0,118,123,0,0,40.0372
0,119,123,0,0,40.0369
0,120,123,0,0,40.0365
0,121,123,0,0,40.0362
0,122,123,0,0,40.0359
0,123,123,0,0,40.0356
0,124,123,0,0,40.0354
0,125,123,0,0,40.0351
0,126,123,0,0,40.0349
0,127,123,0,0,40.0347
0,128,123,0,6.09525e-06,40.0345
0,129,123,0,0,40.0338
0,130,123,0,0,40.0332
0,131,123,0,0,40.0325
0,132,123,0,0,40.0319
0,133,123,0,0,40.0313
0,134,123,0,0,40.0307
0,135,123,0,0,40.0301
0,136,123,0,0,40.0296
0,137,123,0,0,40.029
0,138,123,0,0,40.0285
0,139,123,0,0,40.028
0,140,123,0,0,40.0275
0,141,123,0,0,40.027
0,142,123,0,0,40.0265
0,143,123,0,0,40.0261
0,144,123,0,0,40.0256
0,145,123,0,0,40.0252
0,146,123,0,0,40.0247
0,147,123,0,0,40.0243
0,148,123,0,0,40.0239
0,149,123,0,0,40.0235
0,150,123,0,0,40.0231
0,151,123,0,0,40.0227
0,152,123,0,0,40.0224
0,153,123,0,0,40.022
0,154,123,0,0,40.0217
0,155,123,0,0,40.0213
0,156,123,0,0,40.021
0,157,123,0,0,40.0207
0,158,123,0,0,40.0204
0,159,123,0,0,40.0201
0,160,123,0,0,40.0198
0,161,123,0,0,40.0196
0,162,123,0,0,40.0193
0,163,123,0,0,40.019
0,164,123,0,0,40.0188
0,165,123,0,0,40.0186
0,166,123,0,0,40.0183
0,167,123,0,0,40.0181
0,168,123,0,0,40.0179
0,169,123,0,0,40.0177
0,170,123,0,0,40.0175
0,171,123,0,0,40.0174
0,172,123,0,0,40.0172
0,173,123,0,0,40.017
0,174,123,0,0,40.0169
0,175,123,0,0,40.0168
0,176,123,0,0,40.0166
0,177,123,0,0,40.0165
0,178,123,0,0,40.0164
0,179,123,0,0,40.0163
0,180,123,0,0,40.0162
0,181,123,0,0,40.0161
0,182,123,0,0,40.0161
0,183,123,0,0,40.016
0,184,123,0,0,40.016
0,185,123,0,0,40.0159
0,186,123,0,0,40.0159
0,187,123,0,0,40.0159
0,188,123,0,0,40.0159
0,189,123,0,0,40.0159
0,190,123,0,0,40.016
0,191,123,0,0,40.016
0,192,123,0,6.09525e-06,40.0161
0,193,123,0,0,40.0157
0,194,123,0,0,40.0153
0,195,123,0,0,40.0149
0,196,123,0,0,40.0145
0,197,123,0,0,40.0142
0,198,123,0,0,40.0138
0,199,123,0,0,40.0135
0,200,123,0,0,40.0132
0,201,123,0,0,40.0129
0,202,123,0,0,40.0126
0,203,123,0,0,40.0123
0,204,123,0,0,40.012
0,205,123,0,0,40.0117
0,206,123,0,0,40.0115
0,207,123,0,0,40.0112
0,208,123,0,0,40.0109
0,209,123,0,0,40.0107
0,210,123,0,0,40.0105
0,211,123,0,0,40.0102
0,212,123,0,0,40.01
0,213,123,0,0,40.0098
0,214,123,0,0,40.0096
0,215,123,0,0,40.0094
0,216,123,0,0,40.0092
0,217,123,0,0,40.009
0,218,123,0,0,40.0088
0,219,123,0,0,40.0087
0,220,123,0,0,40.0085
0,221,123,0,0,40.0083
0,222,123,0,0,40.0082
0,223,123,0,0,40.008
0,224,123,0,0,40.0079
0,225,123,0,0,40.0078
0,226,123,0,0,40.0076
0,227,123,0,0,40.0075
0,228,123,0,0,40.0074
0,229,123,0,0,40.0072
0,230,123,0,0,40.0071
0,231,123,0,0,40.007
0,232,123,0,0,40.0069
0,233,123,0,0,40.0068
0,234,123,0,0,40.0067
0,235,123,0,0,40.0066
0,236,123,0,0,40.0065
0,237,123,0,0,40.0065
0,238,123,0,0,40.0064
0,239,123,0,0,40.0063
0,240,123,0,0,40.0062
0,241,123,0,0,40.0062
0,242,123,0,0,40.0061
0,243,123,0,0,40.0061
0,244,123,0,0,40.006
0,245,123,0,0,40.006
0,246,123,0,0,40.0059
0,247,123,0,0,40.0059
0,248,123,0,0,40.0059
0,249,123,0,0,40.0058
0,250,123,0,0,40.0058
0,251,123,0,0,40.0058
0,252,123,0,0,40.0057
0,253,123,0,0,40.0057
0,254,123,0,0,40.0057
0,255,123,0,0,40.0057
0,0,124,0,6.09525e-06,40.1013
0,1,124,0,0,40.1009
0,2,124,0,0,40.1004
0,3,124,0,0,40.0999
0,4,124,0,0,40.0995
0,5,124,0,0,40.0991
0,6,124,0,0,40.0986
0,7,124,0,0,40.0982
0,8,124,0,0,40.0977
0,9,124,0,0,40.0973
0,10,124,0,0,40.0968
0,11,124,0,0,40.0964
0,12,124,0,0,40.096
0,13,124,0,0,40.0955
0,14,124,0,0,40.0951
0,15,124,0,0,40.0946
0,16,124,0,0,40.0942
0,17,124,0,0,40.0937
0,18,124,0,0,40.0932
0,19,124,0,0,40.0928
0,20,124,0,0,40.0923
0,21,124,0,0,40.0918
0,22,124,0,0,40.0914
0,23,124,0,0,40.0909
0,24,124,0,0,40.0904
0,25,124,0,0,40.0899
0,26,124,0,0,40.0895
0,27,124,0,0,40.089
0,28,124,0,0,40.0885
0,29,124,0,0,40.088
0,30,124,0,0,40.0875
0,31,124,0,0,40.087
0,32,124,0,0,40.0865
0,33,124,0,0,40.086
0,34,124,0,0,40.0855
0,35,124,0,0,40.085
0,36,124,0,0,40.0845
0,37,124,0,0,40.084
0,38,124,0,0,40.0835
0,39,124,0,0,40.083
0,40,124,0,0,40.0825
0,41,124,0,0,40.0819
0,42,124,0,0,40.0814
0,43,124,0,0,40.0809
0,44,124,0,0,40.0804
0,45,124,0,0,40.0799
0,46,124,0,0,40.0794
0,47,124,0,0,40.0789
0,48,124,0,0,40.0784
0,49,124,0,0,40.0779
0,50,124,0,0,40.0774
0,51,124,0,0,40.0769
0,52,124,0,0,40.0764
0,53,124,0,0,40.0759
0,54,124,0,0,40.0754
0,55,124,0,0,40.0749
0,56,124,0,0,40.0745
0,57,124,0,0,40.074
0,58,124,0,0,40.0735
0,59,124,0,0,40.0731
0,60,124,0,0,40.0726
0,61,124,0,0,40.0722
0,62,124,0,0,40.0717
0,63,124,0,0,40.0713
0,64,124,0,6.09525e-06,40.0709
0,65,124,0,0,40.07
0,66,124,0,0,40.0692
0,67,124,0,0,40.0683
0,68,124,0,0,40.0674
0,69,124,0,0,40.0666
0,70,124,0,0,40.0658
0,71,124,0,0,40.065
0,72,124,0,0,40.0642
0,73,124,0,0,40.0634
0,74,124,0,0,40.0626
0,75,124,0,0,40.0618
0,76,124,0,0,40.061
0,77,124,0,0,40.0603
0,78,124,0,0,40.0595
0,79,124,0,0,40.0588
0,80,124,0,0,40.058
0,81,124,0,0,40.0573
0,82,124,0,0,40.0566
0,83,124,0,0,40.0559
0,84,124,0,0,40.0552
0,85,124,0,0,40.0545
0,86,124,0,0,40.0538
0,87,124,0,0,40.0531
0,88,124,0,0,40.0524
0,89,124,0,0,40.0518
0,90,124,0,0,40.0511
0,91,124,0,0,40.0505
0,92,124,0,0,40.0499
0,93,124,0,0,40.0492
0,94,124,0,0,40.0486
0,95,124,0,0,40.048
0,96,124,0,0,40.0474
0,97,124,0,0,40.0468
0,98,124,0,0,40.0463
0,99,124,0,0,40.0457
0,100,124,0,0,40.0451
0,101,124,0,0,40.0446
0,102,124,0,0,40.0441
0,103,124,0,0,40.0435
0,104,124,0,0,40.043
0,105,124,0,0,40.0425
0,106,124,0,0,40.042
0,107,124,0,0,40.0415
0,108,124,0,0,40.0411
0,109,124,0,0,40.0406
0,110,124,0,0,40.0402
0,111,124,0,0,40.0397
0,112,124,0,0,40.0393
0,113,124,0,0,40.0389
0,114,124,0,0,40.0385
0,115,124,0,0,40.0381
0,116,124,0,0,40.0377
0,117,124,0,0,40.0374
0,118,124,0,0,40.037
0,119,124,0,0,40.0367
0,120,124,0,0,40.0363
0,121,124,0,0,40.036
0,122,124,0,0,40.0357
0,123,124,0,0,40.0354
0,124,124,0,0,40.0352
0,125,124,0,0,40.0349
0,126,124,0,0,40.0347
0,127,124,0,0,40.0345
0,128,124,0,6.09525e-06,40.0343
0,129,124,0,0,40.0336
0,130,124,0,0,40.033
0,131,124,0,0,40.0323
0,132,124,0,0,40.0317
0,133,124,0,0,40.0311
0,134,124,0,0,40.0305
0,135,124,0,0,40.03
0,136,124,0,0,40.0294
0,137,124,0,0,40.0289
0,138,124,0,0,40.0284
0,139,124,0,0,40.0279
0,140,124,0,0,40.0274
0,141,124,0,0,40.0269
0,142,124,0,0,40.0264
0,143,124,0,0,40.0259
0,144,124,0,0,40.0255
0,145,124,0,0,40.0251
0,146,124,0,0,40.0246
0,147,124,0,0,40.0242
0,148,124,0,0,40.0238
0,149,124,0,0,40.0234
0,150,124,0,0,40.023
0,151,124,0,0,40.0226
0,152,124,0,0,40.0223
0,153,124,0,0,40.0219
0,154,124,0,0,40.0216
0,155,124,0,0,40.0213
0,156,124,0,0,40.0209
0,157,124,0,0,40.0206
0,158,124,0,0,40.0203
0,159,124,0,0,40.02
0,160,124,0,0,40.0198
0,161,124,0,0,40.0195
0,162,124,0,0,40.0192
0,163,124,0,0,40.019
0,164,124,0,0,40.0187
0,165,124,0,0,40.0185
0,166,124,0,0,40.0183
0,167,124,0,0,40.0181
0,168,124,0,0,40.0179
0,169,124,0,0,40.0177
0,170,124,0,0,40.0175
0,171,124,0,0,40.0173
0,172,124,0,0,40.0171
0,173,124,0,0,40.017
0,174,124,0,0,40.0168
0,175,124,0,0,40.0167
0,176,124,0,0,40.0166
0,177,124,0,0,40.0165
0,178,124,0,0,40.0164
0,179,124,0,0,40.0163
0,180,124,0,0,40.0162
0,181,124,0,0,40.0161
0,182,124,0,0,40.016
0,183,124,0,0,40.016
0,184,124,0,0,40.0159
0,185,124,0,0,40.0159
0,186,124,0,0,40.0159
0,187,124,0,0,40.0159
0,188,124,0,0,40.0159
0,189,124,0,0,40.0159
0,190,124,0,0,40.0159
0,191,124,0,0,40.016
0,192,124,0,6.09525e-06,40.016
0,193,124,0,0,40.0156
0,194,124,0,0,40.0152
0,195,124,0,0,40.0148
0,196,124,0,0,40.0145
0,197,124,0,0,40.0141
0,198,124,0,0,40.0138
0,199,124,0,0,40.0135
0,200,124,0,0,40.0131
0,201,124,0,0,40.0128
0,202,124,0,0,40.0125
0,203,124,0,0,40.0122
0,204,124,0,0,40.012
0,205,124,0,0,40.0117
0,206,124,0,0,40.0114
0,207,124,0,0,40.0112
0,208,124,0,0,40.0109
0,209,124,0,0,40.0107
0,210,124,0,0,40.0104
0,211,124,0,0,40.0102
0,212,124,0,0,40.01
0,213,124,0,0,40.0098
0,214,124,0,0,40.0096
0,215,124,0,0,40.0094
0,216,124,0,0,40.0092
0,217,124,0,0,40.009
0,218,124,0,0,40.0088
0,219,124,0,0,40.0087
0,220,124,0,0,40.0085
0,221,124,0,0,40.0083
0,222,124,0,0,40.0082
0,223,124,0,0,40.008
0,224,124,0,0,40.0079
0,225,124,0,0,40.0077
0,226,124,0,0,40.0076
0,227,124,0,0,40.0075
0,228,124,0,0,40.0074
0,229,124,0,0,40.0072
0,230,124,0,0,40.0071
0,231,124,0,0,40.007
0,232,124,0,0,40.0069
0,233,124,0,0,40.0068
0,234,124,0,0,40.0067
0,235,124,0,0,40.0066
0,236,124,0,0,40.0065
0,237,124,0,0,40.0065
0,238,124,0,0,40.0064
0,239,124,0,0,40.0063
0,240,124,0,0,40.0062
0,241,124,0,0,40.0062
0,242,124,0,0,40.0061
0,243,124,0,0,40.0061
0,244,124,0,0,40.006
0,245,124,0,0,40.006
0,246,124,0,0,40.0059
0,247,124,0,0,40.0059
0,248,124,0,0,40.0058
0,249,124,0,0,40.0058
0,250,124,0,0,40.0058
0,251,124,0,0,40.0058
0,252,124,0,0,40.0057
0,253,124,0,0,40.0057
0,254,124,0,0,40.0057
0,255,124,0,0,40.0057
0,0,125,0,6.09525e-06,40.1005
0,1,125,0,0,40.1001
0,2,125,0,0,40.0996
0,3,125,0,0,40.0992
0,4,125,0,0,40.0987
0,5,125,0,0,40.0983
0,6,125,0,0,40.0979
0,7,125,0,0,40.0974
0,8,125,0,0,40.097
0,9,125,0,0,40.0966
0,10,125,0,0,40.0961
0,11,125,0,0,40.0957
0,12,125,0,0,40.0952
0,13,125,0,0,40.0948
0,14,125,0,0,40.0944
0,15,125,0,0,40.0939
0,16,125,0,0,40.0935
0,17,125,0,0,40.093
0,18,125,0,0,40.0925
0,19,125,0,0,40.0921
0,20,125,0,0,40.0916
0,21,125,0,0,40.0912
0,22,125,0,0,40.0907
0,23,125,0,0,40.0902
0,24,125,0,0,40.0898
0,25,125,0,0,40.0893
0,26,125,0,0,40.0888
0,27,125,0,0,40.0883
0,28,125,0,0,40.0878
0,29,125,0,0,40.0873
0,30,125,0,0,40.0869
0,31,125,0,0,40.0864
0,32,125,0,0,40.0859
0,33,125,0,0,40.0854
0,34,125,0,0,40.0849
0,35,125,0,0,40.0844
0,36,125,0,0,40.0839
0,37,125,0,0,40.0834
0,38,125,0,0,40.0829
0,39,125,0,0,40.0824
0,40,125,0,0,40.0819
0,41,125,0,0,40.0814
0,42,125,0,0,40.0809
0,43,125,0,0,40.0804
0,44,125,0,0,40.0799
0,45,125,0,0,40.0793
0,46,125,0,0,40.0788
0,47,125,0,0,40.0783
0,48,125,0,0,40.0778
0,49,125,0,0,40.0774
0,50,125,0,0,40.0769
0,51,125,0,0,40.0764
0,52,125,0,0,40.0759
0,53,125,0,0,40.0754
0,54,125,0,0,40.0749
0,55,125,0,0,40.0744
0,56,125,0,0,40.074
0,57,125,0,0,40.0735
0,58,125,0,0,40.073
0,59,125,0,0,40.0726
0,60,125,0,0,40.0721
0,61,125,0,0,40.0717
0,62,125,0,0,40.0712
0,63,125,0,0,40.0708
0,64,125,0,6.09525e-06,40.0704
0,65,125,0,0,40.0695
0,66,125,0,0,40.0687
0,67,125,0,0,40.0678
0,68,125,0,0,40.067
0,69,125,0,0,40.0662
0,70,125,0,0,40.0654
0,71,125,0,0,40.0646
0,72,125,0,0,40.0638
0,73,125,0,0,40.063
0,74,125,0,0,40.0622
0,75,125,0,0,40.0614
0,76,125,0,0,40.0607
0,77,125,0,0,40.0599
0,78,125,0,0,40.0592
0,79,125,0,0,40.0584
0,80,125,0,0,40.0577
0,81,125,0,0,40.057
0,82,125,0,0,40.0562
0,83,125,0,0,40.0555
0,84,125,0,0,40.0548
0,85,125,0,0,40.0542
0,86,125,0,0,40.0535
0,87,125,0,0,40.0528
0,88,125,0,0,40.0521
0,89,125,0,0,40.0515
0,90,125,0,0,40.0508
0,91,125,0,0,40.0502
0,92,125,0,0,40.0496
0,93,125,0,0,40.049
0,94,125,0,0,40.0483
0,95,125,0,0,40.0478
0,96,125,0,0,40.0472
0,97,125,0,0,40.0466
0,98,125,0,0,40.046
0,99,125,0,0,40.0455
0,100,125,0,0,40.0449
0,101,125,0,0,40.0444
0,102,125,0,0,40.0438
0,103,125,0,0,40.0433
0,104,125,0,0,40.0428
0,105,125,0,0,40.0423
0,106,125,0,0,40.0418
0,107,125,0,0,40.0413
0,108,125,0,0,40.0409
0,109,125,0,0,40.0404
0,110,125,0,0,40.04
0,111,125,0,0,40.0395
0,112,125,0,0,40.0391
0,113,125,0,0,40.0387
0,114,125,0,0,40.0383
0,115,125,0,0,40.0379
0,116,125,0,0,40.0375
0,117,125,0,0,40.0372
0,118,125,0,0,40.0368
0,119,125,0,0,40.0365
0,120,125,0,0,40.0362
0,121,125,0,0,40.0359
0,122,125,0,0,40.0356
0,123,125,0,0,40.0353
0,124,125,0,0,40.035
0,125,125,0,0,40.0347
0,126,125,0,0,40.0345
0,127,125,0,0,40.0343
0,128,125,0,6.09525e-06,40.0341
0,129,125,0,0,40.0334
0,130,125,0,0,40.0328
0,131,125,0,0,40.0322
0,132,125,0,0,40.0316
0,133,125,0,0,40.031
0,134,125,0,0,40.0304
0,135,125,0,0,40.0299
0,136,125,0,0,40.0293
0,137,125,0,0,40.0288
0,138,125,0,0,40.0283
0,139,125,0,0,40.0278
0,140,125,0,0,40.0273
0,141,125,0,0,40.0268
0,142,125,0,0,40.0263
0,143,125,0,0,40.0258
0,144,125,0,0,40.0254
0,145,125,0,0,40.025
0,146,125,0,0,40.0245
0,147,125,0,0,40.0241
0,148,125,0,0,40.0237
0,149,125,0,0,40.0233
0,150,125,0,0,40.0229
0,151,125,0,0,40.0226
0,152,125,0,0,40.0222
0,153,125,0,0,40.0219
0,154,125,0,0,40.0215
0,155,125,0,0,40.0212
0,156,125,0,0,40.0209
0,157,125,0,0,40.0206
0,158,125,0,0,40.0203
0,159,125,0,0,40.02
0,160,125,0,0,40.0197
0,161,125,0,0,40.0194
0,162,125,0,0,40.0192
0,163,125,0,0,40.0189
0,164,125,0,0,40.0187
0,165,125,0,0,40.0184
0,166,125,0,0,40.0182
0,167,125,0,0,40.018
0,168,125,0,0,40.0178
0,169,125,0,0,40.0176
0,170,125,0,0,40.0174
0,171,125,0,0,40.0173
0,172,125,0,0,40.0171
0,173,125,0,0,40.0169
0,174,125,0,0,40.0168
0,175,125,0,0,40.0167
0,176,125,0,0,40.0165
0,177,125,0,0,40.0164
0,178,125,0,0,40.0163
0,179,125,0,0,40.0162
0,180,125,0,0,40.0161
0,181,125,0,0,40.0161
0,182,125,0,0,40.016
0,183,125,0,0,40.0159
0,184,125,0,0,40.0159
0,185,125,0,0,40.0158
0,186,125,0,0,40.0158
0,187,125,0,0,40.0158
0,188,125,0,0,40.0158
0,189,125,0,0,40.0158
0,190,125,0,0,40.0158
0,191,125,0,0,40.0159
0,192,125,0,6.09525e-06,40.0159
0,193,125,0,0,40.0155
0,194,125,0,0,40.0151
0,195,125,0,0,40.0148
0,196,125,0,0,40.0144
0,197,125,0,0,40.0141
0,198,125,0,0,40.0137
0,199,125,0,0,40.0134
0,200,125,0,0,40.0131
0,201,125,0,0,40.0128
0,202,125,0,0,40.0125
0,203,125,0,0,40.0122
0,204,125,0,0,40.0119
0,205,125,0,0,40.0117
0,206,125,0,0,40.0114
0,207,125,0,0,40.0111
0,208,125,0,0,40.0109
0,209,125,0,0,40.0107
0,210,125,0,0,40.0104
0,211,125,0,0,40.0102
0,212,125,0,0,40.01
0,213,125,0,0,40.0098
0,214,125,0,0,40.0096
0,215,125,0,0,40.0094
0,216,125,0,0,40.0092
0,217,125,0,0,40.009
0,218,125,0,0,40.0088
0,219,125,0,0,40.0086
0,220,125,0,0,40.0085
0,221,125,0,0,40.0083
0,222,125,0,0,40.0082
0,223,125,0,0,40.008
0,224,125,0,0,40.0079
0,225,125,0,0,40.0077
0,226,125,0,0,40.0076
0,227,125,0,0,40.0075
0,228,125,0,0,40.0073
0,229,125,0,0,40.0072
0,230,125,0,0,40.0071
0,231,125,0,0,40.007
0,232,125,0,0,40.0069
0,233,125,0,0,40.0068
0,234,125,0,0,40.0067
0,235,125,0,0,40.0066
0,236,125,0,0,40.0065
0,237,125,0,0,40.0064
0,238,125,0,0,40.0064
0,239,125,0,0,40.0063
0,240,125,0,0,40.0062
0,241,125,0,0,40.0062
0,242,125,0,0,40.0061
0,243,125,0,0,40.0061
0,244,125,0,0,40.006
0,245,125,0,0,40.006
0,246,125,0,0,40.0059
0,247,125,0,0,40.0059
0,248,125,0,0,40.0058
0,249,125,0,0,40.0058
0,250,125,0,0,40.0058
0,251,125,0,0,40.0058
0,252,125,0,0,40.0057
0,253,125,0,0,40.0057
0,254,125,0,0,40.0057
0,255,125,0,0,40.0057
0,0,126,0,6.09525e-06,40.0999
0,1,126,0,0,40.0994
0,2,126,0,0,40.099
0,3,126,0,0,40.0986
0,4,126,0,0,40.0981
0,5,126,0,0,40.0977
0,6,126,0,0,40.0973
0,7,126,0,0,40.0969
0,8,126,0,0,40.0964
0,9,126,0,0,40.096
0,10,126,0,0,40.0956
0,11,126,0,0,40.0951
0,12,126,0,0,40.0947
0,13,126,0,0,40.0943
0,14,126,0,0,40.0938
0,15,126,0,0,40.0934
0,16,126,0,0,40.0929
0,17,126,0,0,40.0925
0,18,126,0,0,40.092
0,19,126,0,0,40.0916
0,20,126,0,0,40.0911
0,21,126,0,0,40.0907
0,22,126,0,0,40.0902
0,23,126,0,0,40.0897
0,24,126,0,0,40.0893
0,25,126,0,0,40.0888
0,26,126,0,0,40.0883
0,27,126,0,0,40.0878
0,28,126,0,0,40.0873
0,29,126,0,0,40.0869
0,30,126,0,0,40.0864
0,31,126,0,0,40.0859
0,32,126,0,0,40.0854
0,33,126,0,0,40.0849
0,34,126,0,0,40.0844
0,35,126,0,0,40.0839
0,36,126,0,0,40.0834
0,37,126,0,0,40.0829
0,38,126,0,0,40.0824
0,39,126,0,0,40.0819
0,40,126,0,0,40.0814
0,41,126,0,0,40.0809
0,42,126,0,0,40.0804
0,43,126,0,0,40.0799
0,44,126,0,0,40.0794
0,45,126,0,0,40.0789
0,46,126,0,0,40.0784
0,47,126,0,0,40.0779
0,48,126,0,0,40.0774
0,49,126,0,0,40.0769
0,50,126,0,0,40.0765
0,51,126,0,0,40.076
0,52,126,0,0,40.0755
0,53,126,0,0,40.075
0,54,126,0,0,40.0745
0,55,126,0,0,40.074
0,56,126,0,0,40.0736
0,57,126,0,0,40.0731
0,58,126,0,0,40.0726
0,59,126,0,0,40.0722
0,60,126,0,0,40.0717
0,61,126,0,0,40.0713
0,62,126,0,0,40.0708
0,63,126,0,0,40.0704
0,64,126,0,6.09525e-06,40.07
0,65,126,0,0,40.0691
0,66,126,0,0,40.0683
0,67,126,0,0,40.0675
0,68,126,0,0,40.0667
0,69,126,0,0,40.0658
0,70,126,0,0,40.065
0,71,126,0,0,40.0642
0,72,126,0,0,40.0635
0,73,126,0,0,40.0627
0,74,126,0,0,40.0619
0,75,126,0,0,40.0611
0,76,126,0,0,40.0604
0,77,126,0,0,40.0596
0,78,126,0,0,40.0589
0,79,126,0,0,40.0582
0,80,126,0,0,40.0574
0,81,126,0,0,40.0567
0,82,126,0,0,40.056
0,83,126,0,0,40.0553
0,84,126,0,0,40.0546
0,85,126,0,0,40.0539
0,86,126,0,0,40.0532
0,87,126,0,0,40.0526
0,88,126,0,0,40.0519
0,89,126,0,0,40.0513
0,90,126,0,0,40.0506
0,91,126,0,0,40.05
0,92,126,0,0,40.0494
0,93,126,0,0,40.0488
0,94,126,0,0,40.0482
0,95,126,0,0,40.0476
0,96,126,0,0,40.047
0,97,126,0,0,40.0464
0,98,126,0,0,40.0458
0,99,126,0,0,40.0453
0,100,126,0,0,40.0447
0,101,126,0,0,40.0442
0,102,126,0,0,40.0437
0,103,126,0,0,40.0431
0,104,126,0,0,40.0426
0,105,126,0,0,40.0421
0,106,126,0,0,40.0417
0,107,126,0,0,40.0412
0,108,126,0,0,40.0407
0,109,126,0,0,40.0403
0,110,126,0,0,40.0398
0,111,126,0,0,40.0394
0,112,126,0,0,40.039
0,113,126,0,0,40.0386
0,114,126,0,0,40.0382
0,115,126,0,0,40.0378
0,116,126,0,0,40.0374
0,117,126,0,0,40.0371
0,118,126,0,0,40.0367
0,119,126,0,0,40.0364
0,120,126,0,0,40.036
0,121,126,0,0,40.0357
0,122,126,0,0,40.0354
0,123,126,0,0,40.0351
0,124,126,0,0,40.0349
0,125,126,0,0,40.0346
0,126,126,0,0,40.0343
0,127,126,0,0,40.0341
0,128,126,0,6.09525e-06,40.0339
0,129,126,0,0,40.0333
0,130,126,0,0,40.0326
0,131,126,0,0,40.032
0,132,126,0,0,40.0314
0,133,126,0,0,40.0309
0,134,126,0,0,40.0303
0,135,126,0,0,40.0298
0,136,126,0,0,40.0292
0,137,126,0,0,40.0287
0,138,126,0,0,40.0282
0,139,126,0,0,40.0277
0,140,126,0,0,40.0272
0,141,126,0,0,40.0267
0,142,126,0,0,40.0262
0,143,126,0,0,40.0258
0,144,126,0,0,40.0253
0,145,126,0,0,40.0249
0,146,126,0,0,40.0245
0,147,126,0,0,40.0241
0,148,126,0,0,40.0237
0,149,126,0,0,40.0233
0,150,126,0,0,40.0229
0,151,126,0,0,40.0225
0,152,126,0,0,40.0222
0,153,126,0,0,40.0218
0,154,126,0,0,40.0215
0,155,126,0,0,40.0211
0,156,126,0,0,40.0208
0,157,126,0,0,40.0205
0,158,126,0,0,40.0202
0,159,126,0,0,40.0199
0,160,126,0,0,40.0196
0,161,126,0,0,40.0194
0,162,126,0,0,40.0191
0,163,126,0,0,40.0189
0,164,126,0,0,40.0186
0,165,126,0,0,40.0184
0,166,126,0,0,40.0182
0,167,126,0,0,40.018
0,168,126,0,0,40.0178
0,169,126,0,0,40.0176
0,170,126,0,0,40.0174
0,171,126,0,0,40.0172
0,172,126,0,0,40.0171
0,173,126,0,0,40.0169
0,174,126,0,0,40.0168
0,175,126,0,0,40.0166
0,176,126,0,0,40.0165
0,177,126,0,0,40.0164
0,178,126,0,0,40.0163
0,179,126,0,0,40.0162
0,180,126,0,0,40.0161
0,181,126,0,0,40.016
0,182,126,0,0,40.0159
0,183,126,0,0,40.0159
0,184,126,0,0,40.0158
0,185,126,0,0,40.0158
0,186,126,0,0,40.0158
0,187,126,0,0,40.0158
0,188,126,0,0,40.0157
0,189,126,0,0,40.0157
0,190,126,0,0,40.0158
0,191,126,0,0,40.0158
0,192,126,0,6.09525e-06,40.0159
0,193,126,0,0,40.0154
0,194,126,0,0,40.0151
0,195,126,0,0,40.0147
0,196,126,0,0,40.0144
0,197,126,0,0,40.014
0,198,126,0,0,40.0137
0,199,126,0,0,40.0134
0,200,126,0,0,40.0131
0,201,126,0,0,40.0128
0,202,126,0,0,40.0125
0,203,126,0,0,40.0122
0,204,126,0,0,40.0119
0,205,126,0,0,40.0116
0,206,126,0,0,40.0114
0,207,126,0,0,40.0111
0,208,126,0,0,40.0109
0,209,126,0,0,40.0106
0,210,126,0,0,40.0104
0,211,126,0,0,40.0102
0,212,126,0,0,40.01
0,213,126,0,0,40.0098
0,214,126,0,0,40.0096
0,215,126,0,0,40.0094
0,216,126,0,0,40.0092
0,217,126,0,0,40.009
0,218,126,0,0,40.0088
0,219,126,0,0,40.0086
0,220,126,0,0,40.0085
0,221,126,0,0,40.0083
0,222,126,0,0,40.0082
0,223,126,0,0,40.008
0,224,126,0,0,40.0079
0,225,126,0,0,40.0077
0,226,126,0,0,40.0076
0,227,126,0,0,40.0075
0,228,126,0,0,40.0073
0,229,126,0,0,40.0072
0,230,126,0,0,40.0071
0,231,126,0,0,40.007
0,232,126,0,0,40.0069
0,233,126,0,0,40.0068
0,234,126,0,0,40.0067
0,235,126,0,0,40.0066
0,236,126,0,0,40.0065
0,237,126,0,0,40.0064
0,238,126,0,0,40.0064
0,239,126,0,0,40.0063
0,240,126,0,0,40.0062
0,241,126,0,0,40.0062
0,242,126,0,0,40.0061
0,243,126,0,0,40.006
0,244,126,0,0,40.006
0,245,126,0,0,40.0059
0,246,126,0,0,40.0059
0,247,126,0,0,40.0059
0,248,126,0,0,40.0058
0,249,126,0,0,40.0058
0,250,126,0,0,40.0058
0,251,126,0,0,40.0057
0,252,126,0,0,40.0057
0,253,126,0,0,40.0057
0,254,126,0,0,40.0057
0,255,126,0,0,40.0057
0,0,127,0,6.09525e-06,40.0993
0,1,127,0,0,40.0989
0,2,127,0,0,40.0985
0,3,127,0,0,40.0981
0,4,127,0,0,40.0977
0,5,127,0,0,40.0973
0,6,127,0,0,40.0969
0,7,127,0,0,40.0965
0,8,127,0,0,40.0961
0,9,127,0,0,40.0957
0,10,127,0,0,40.0952
0,11,127,0,0,40.0948
0,12,127,0,0,40.0944
0,13,127,0,0,40.0939
0,14,127,0,0,40.0935
0,15,127,0,0,40.093
0,16,127,0,0,40.0926
0,17,127,0,0,40.0921
0,18,127,0,0,40.0917
0,19,127,0,0,40.0912
0,20,127,0,0,40.0908
0,21,127,0,0,40.0903
0,22,127,0,0,40.0899
0,23,127,0,0,40.0894
0,24,127,0,0,40.0889
0,25,127,0,0,40.0885
0,26,127,0,0,40.088
0,27,127,0,0,40.0875
0,28,127,0,0,40.087
0,29,127,0,0,40.0865
0,30,127,0,0,40.0861
0,31,127,0,0,40.0856
0,32,127,0,0,40.0851
0,33,127,0,0,40.0846
0,34,127,0,0,40.0841
0,35,127,0,0,40.0836
0,36,127,0,0,40.0831
0,37,127,0,0,40.0826
0,38,127,0,0,40.0821
0,39,127,0,0,40.0816
0,40,127,0,0,40.0811
0,41,127,0,0,40.0806
0,42,127,0,0,40.0801
0,43,127,0,0,40.0796
0,44,127,0,0,40.0791
0,45,127,0,0,40.0787
0,46,127,0,0,40.0782
0,47,127,0,0,40.0777
0,48,127,0,0,40.0772
0,49,127,0,0,40.0767
0,50,127,0,0,40.0762
0,51,127,0,0,40.0757
0,52,127,0,0,40.0752
0,53,127,0,0,40.0747
0,54,127,0,0,40.0743
0,55,127,0,0,40.0738
0,56,127,0,0,40.0733
0,57,127,0,0,40.0728
0,58,127,0,0,40.0724
0,59,127,0,0,40.0719
0,60,127,0,0,40.0715
0,61,127,0,0,40.071
0,62,127,0,0,40.0705
0,63,127,0,0,40.0701
0,64,127,0,6.09525e-06,40.0697
0,65,127,0,0,40.0688
0,66,127,0,0,40.068
0,67,127,0,0,40.0672
0,68,127,0,0,40.0664
0,69,127,0,0,40.0656
0,70,127,0,0,40.0648
0,71,127,0,0,40.064
0,72,127,0,0,40.0633
0,73,127,0,0,40.0625
0,74,127,0,0,40.0617
0,75,127,0,0,40.0609
0,76,127,0,0,40.0602
0,77,127,0,0,40.0594
0,78,127,0,0,40.0587
0,79,127,0,0,40.058
0,80,127,0,0,40.0573
0,81,127,0,0,40.0565
0,82,127,0,0,40.0558
0,83,127,0,0,40.0551
0,84,127,0,0,40.0544
0,85,127,0,0,40.0538
0,86,127,0,0,40.0531
0,87,127,0,0,40.0524
0,88,127,0,0,40.0518
0,89,127,0,0,40.0511
0,90,127,0,0,40.0505
0,91,127,0,0,40.0499
0,92,127,0,0,40.0492
0,93,127,0,0,40.0486
0,94,127,0,0,40.048
0,95,127,0,0,40.0474
0,96,127,0,0,40.0468
0,97,127,0,0,40.0463
0,98,127,0,0,40.0457
0,99,127,0,0,40.0452
0,100,127,0,0,40.0446
0,101,127,0,0,40.0441
0,102,127,0,0,40.0436
0,103,127,0,0,40.043
0,104,127,0,0,40.0425
0,105,127,0,0,40.042
0,106,127,0,0,40.0416
0,107,127,0,0,40.0411
0,108,127,0,0,40.0406
0,109,127,0,0,40.0402
0,110,127,0,0,40.0397
0,111,127,0,0,40.0393
0,112,127,0,0,40.0389
0,113,127,0,0,40.0385
0,114,127,0,0,40.0381
0,115,127,0,0,40.0377
0,116,127,0,0,40.0373
0,117,127,0,0,40.037
0,118,127,0,0,40.0366
0,119,127,0,0,40.0363
0,120,127,0,0,40.036
0,121,127,0,0,40.0356
0,122,127,0,0,40.0353
0,123,127,0,0,40.035
0,124,127,0,0,40.0348
0,125,127,0,0,40.0345
0,126,127,0,0,40.0342
0,127,127,0,0,40.034
0,128,127,0,6.09525e-06,40.0337
0,129,127,0,0,40.0331
0,130,127,0,0,40.0325
0,131,127,0,0,40.0319
0,132,127,0,0,40.0314
0,133,127,0,0,40.0308
0,134,127,0,0,40.0302
0,135,127,0,0,40.0297
0,136,127,0,0,40.0292
0,137,127,0,0,40.0286
0,138,127,0,0,40.0281
0,139,127,0,0,40.0276
0,140,127,0,0,40.0271
0,141,127,0,0,40.0267
0,142,127,0,0,40.0262
0,143,127,0,0,40.0257
0,144,127,0,0,40.0253
0,145,127,0,0,40.0249
0,146,127,0,0,40.0244
0,147,127,0,0,40.024
0,148,127,0,0,40.0236
0,149,127,0,0,40.0232
0,150,127,0,0,40.0228
0,151,127,0,0,40.0225
0,152,127,0,0,40.0221
0,153,127,0,0,40.0218
0,154,127,0,0,40.0214
0,155,127,0,0,40.0211
0,156,127,0,0,40.0208
0,157,127,0,0,40.0205
0,158,127,0,0,40.0202
0,159,127,0,0,40.0199
0,160,127,0,0,40.0196
0,161,127,0,0,40.0194
0,162,127,0,0,40.0191
0,163,127,0,0,40.0188
0,164,127,0,0,40.0186
0,165,127,0,0,40.0184
0,166,127,0,0,40.0182
0,167,127,0,0,40.0179
0,168,127,0,0,40.0177
0,169,127,0,0,40.0176
0,170,127,0,0,40.0174
0,171,127,0,0,40.0172
0,172,127,0,0,40.017
0,173,127,0,0,40.0169
0,174,127,0,0,40.0167
0,175,127,0,0,40.0166
0,176,127,0,0,40.0165
0,177,127,0,0,40.0164
0,178,127,0,0,40.0163
0,179,127,0,0,40.0162
0,180,127,0,0,40.0161
0,181,127,0,0,40.016
0,182,127,0,0,40.0159
0,183,127,0,0,40.0159
0,184,127,0,0,40.0158
0,185,127,0,0,40.0158
0,186,127,0,0,40.0157
0,187,127,0,0,40.0157
0,188,127,0,0,40.0157
0,189,127,0,0,40.0157
0,190,127,0,0,40.0157
0,191,127,0,0,40.0157
0,192,127,0,6.09525e-06,40.0157
0,193,127,0,0,40.0153
0,194,127,0,0,40.015
0,195,127,0,0,40.0146
0,196,127,0,0,40.0143
0,197,127,0,0,40.014
0,198,127,0,0,40.0137
0,199,127,0,0,40.0134
0,200,127,0,0,40.013
0,201,127,0,0,40.0127
0,202,127,0,0,40.0125
0,203,127,0,0,40.0122
0,204,127,0,0,40.0119
0,205,127,0,0,40.0116
0,206,127,0,0,40.0114
0,207,127,0,0,40.0111
0,208,127,0,0,40.0109
0,209,127,0,0,40.0106
0,210,127,0,0,40.0104
0,211,127,0,0,40.0102
0,212,127,0,0,40.01
0,213,127,0,0,40.0098
0,214,127,0,0,40.0096
0,215,127,0,0,40.0094
0,216,127,0,0,40.0092
0,217,127,0,0,40.009
0,218,127,0,0,40.0088
0,219,127,0,0,40.0086
0,220,127,0,0,40.0085
0,221,127,0,0,40.0083
0,222,127,0,0,40.0081
0,223,127,0,0,40.008
0,224,127,0,0,40.0079
0,225,127,0,0,40.0077
0,226,127,0,0,40.0076
0,227,127,0,0,40.0075
0,228,127,0,0,40.0073
0,229,127,0,0,40.0072
0,230,127,0,0,40.0071
0,231,127,0,0,40.007
0,232,127,0,0,40.0069
0,233,127,0,0,40.0068
0,234,127,0,0,40.0067
0,235,127,0,0,40.0066
0,236,127,0,0,40.0065
0,237,127,0,0,40.0064
0,238,127,0,0,40.0064
0,239,127,0,0,40.0063
0,240,127,0,0,40.0062
0,241,127,0,0,40.0062
0,242,127,0,0,40.0061
0,243,127,0,0,40.006
0,244,127,0,0,40.006
0,245,127,0,0,40.0059
0,246,127,0,0,40.0059
0,247,127,0,0,40.0059
0,248,127,0,0,40.0058
0,249,127,0,0,40.0058
0,250,127,0,0,40.0058
0,251,127,0,0,40.0057
0,252,127,0,0,40.0057
0,253,127,0,0,40.0057
0,254,127,0,0,40.0057
0,255,127,0,0,40.0057
